bbref_id,season,player,name_norm,age,team,lg,ip,g,gs,w,l,era,era_plus,fip,whip,bb9,so9,so_bb,ptchr,rk
greinza01,2009,Zack Greinke,zack greinke,25,KCR,AL,229.1,33,33,16,8,2.16,205,2.33,1.073,2.0,9.5,4.75,56,1
hernafe02,2009,Félix Hernández,felix hernandez,23,SEA,AL,238.2,34,34,19,5,2.49,171,3.09,1.135,2.7,8.2,3.06,44,14
hallaro01,2009,Roy Halladay,roy halladay,32,TOR,AL,239.0,32,32,17,10,2.79,159,3.06,1.126,1.3,7.8,5.94,43,15
linceti01,2009,Tim Lincecum,tim lincecum,25,SFG,NL,225.1,32,32,15,7,2.48,171,2.34,1.047,2.7,10.4,3.84,43,17
carpech01,2009,Chris Carpenter,chris carpenter,34,STL,NL,192.2,28,28,17,4,2.24,182,2.78,1.007,1.8,6.7,3.79,42,19
wainwad01,2009,Adam Wainwright,adam wainwright,27,STL,NL,233.0,34,34,19,8,2.63,155,3.11,1.210,2.5,8.2,3.21,38,47
jurrjja01,2009,Jair Jurrjens,jair jurrjens,23,ATL,NL,215.0,34,34,14,10,2.60,159,3.68,1.214,3.1,6.4,2.03,35,63
cainma01,2009,Matt Cain,matt cain,24,SFG,NL,217.2,33,33,14,8,2.89,147,3.89,1.181,3.0,7.1,2.34,34,67
harenda01,2009,Dan Haren,dan haren,28,ARI,NL,229.1,33,33,14,10,3.14,142,3.23,1.003,1.5,8.8,5.87,33,83
vazquja01,2009,Javier Vázquez,javier vazquez,32,ATL,NL,219.1,32,32,15,10,2.87,143,2.77,1.026,1.8,9.8,5.41,31,106
sabatc.01,2009,CC Sabathia,cc sabathia,28,NYY,AL,230.0,34,34,19,8,3.37,137,3.39,1.148,2.6,7.7,2.94,29,134
jimenub01,2009,Ubaldo Jiménez,ubaldo jimenez,25,COL,NL,218.0,33,33,15,12,3.47,136,3.36,1.229,3.5,8.2,2.33,28,140
leecl02,2009,Cliff Lee,cliff lee,30,CLEPHI,ALNL,231.2,34,34,14,13,3.22,131,3.11,1.243,1.7,7.0,4.21,28,142
lestejo01,2009,Jon Lester,jon lester,25,BOS,AL,203.1,32,32,15,8,3.41,136,3.15,1.230,2.8,10.0,3.52,28,143
verlaju01,2009,Justin Verlander,justin verlander,26,DET,AL,240.0,35,35,19,9,3.45,131,2.80,1.175,2.4,10.1,4.27,28,148
johnsjo09,2009,Josh Johnson,josh johnson,25,FLA,NL,209.0,33,33,15,5,3.23,133,3.06,1.158,2.5,8.2,3.29,26,168
happja01,2009,J.A. Happ,j a happ,26,PHI,NL,166.0,35,23,12,4,2.93,144,4.33,1.235,3.0,6.5,2.13,25,180
kershcl01,2009,Clayton Kershaw,clayton kershaw,21,LAD,NL,171.0,31,30,8,8,2.79,143,3.08,1.228,4.8,9.7,2.03,25,182
lillyte01,2009,Ted Lilly,ted lilly,33,CHC,NL,177.0,27,27,12,9,3.10,144,3.65,1.056,1.8,7.7,4.19,25,183
rodriwa01,2009,Wandy Rodríguez,wandy rodriguez,30,HOU,NL,205.2,33,33,14,12,3.02,136,3.54,1.240,2.8,8.4,3.06,24,205
wellsra01,2009,Randy Wells,randy wells,26,CHC,NL,165.1,27,27,12,10,3.05,146,3.88,1.276,2.5,5.7,2.26,22,253
jacksed01,2009,Edwin Jackson,edwin jackson,25,DET,AL,214.0,33,33,13,9,3.62,125,4.28,1.262,2.9,6.8,2.30,21,266
millwke01,2009,Kevin Millwood,kevin millwood,34,TEX,AL,198.2,31,31,13,10,3.67,127,4.80,1.339,3.2,5.6,1.73,21,271
buehrma01,2009,Mark Buehrle,mark buehrle,30,CHW,AL,213.1,33,33,13,10,3.84,122,4.46,1.252,1.9,4.4,2.33,20,283
danksjo01,2009,John Danks,john danks,24,CHW,AL,200.1,32,32,13,11,3.77,124,4.59,1.283,3.3,6.7,2.04,20,287
wolfra02,2009,Randy Wolf,randy wolf,32,LAD,NL,214.1,34,34,11,7,3.23,124,3.96,1.101,2.4,6.7,2.76,20,305
hansoto01,2009,Tommy Hanson,tommy hanson,22,ATL,NL,127.2,21,21,11,4,2.89,143,3.50,1.183,3.2,8.2,2.52,19,310
beckejo02,2009,Josh Beckett,josh beckett,29,BOS,AL,212.1,32,32,17,6,3.86,121,3.63,1.192,2.3,8.4,3.62,18,329
weaveje02,2009,Jered Weaver,jered weaver,26,LAA,AL,211.0,33,33,16,8,3.75,117,4.04,1.242,2.8,7.4,2.64,17,381
santajo02,2009,Johan Santana,johan santana,30,NYM,NL,166.2,25,25,13,9,3.13,130,3.79,1.212,2.5,7.9,3.17,16,411
marquja01,2009,Jason Marquis,jason marquis,30,COL,NL,216.0,33,33,15,13,4.04,116,4.10,1.380,3.3,4.8,1.44,15,435
dempsry01,2009,Ryan Dempster,ryan dempster,32,CHC,NL,200.0,31,31,11,9,3.65,122,3.87,1.305,2.9,7.7,2.65,14,467
feldmsc01,2009,Scott Feldman,scott feldman,26,TEX,AL,189.2,34,31,17,8,4.08,114,4.31,1.281,3.1,5.4,1.74,14,469
burnea.01,2009,A.J. Burnett,a j burnett,32,NYY,AL,207.0,33,33,13,9,4.04,114,4.33,1.401,4.2,8.5,2.01,13,496
floydga01,2009,Gavin Floyd,gavin floyd,26,CHW,AL,193.0,30,30,11,11,4.06,116,3.77,1.228,2.8,7.6,2.76,13,502
washbja01,2009,Jarrod Washburn,jarrod washburn,34,DETSEA,AL,176.0,28,28,9,9,3.78,114,4.58,1.188,2.5,5.1,2.04,13,519
pineijo01,2009,Joel Piñeiro,joel pineiro,30,STL,NL,214.0,32,32,15,12,3.49,117,3.27,1.145,1.1,4.4,3.89,12,553
zambrca01,2009,Carlos Zambrano,carlos zambrano,28,CHC,NL,169.1,28,28,9,7,3.77,118,3.61,1.376,4.1,8.1,1.95,12,565
gallayo01,2009,Yovani Gallardo,yovani gallardo,23,MIL,NL,185.2,30,30,13,12,3.73,110,3.97,1.314,4.6,9.9,2.17,11,583
garzama01,2009,Matt Garza,matt garza,25,TBR,AL,203.0,32,32,8,12,3.95,110,4.17,1.261,3.5,8.4,2.39,11,585
porceri01,2009,Rick Porcello,rick porcello,20,DET,AL,170.2,31,31,14,9,3.96,114,4.77,1.336,2.7,4.7,1.71,11,607
cookaa01,2009,Aaron Cook,aaron cook,30,COL,NL,158.0,27,27,11,6,4.16,113,4.60,1.405,2.7,4.4,1.66,10,617
lackejo01,2009,John Lackey,john lackey,30,LAA,AL,176.1,27,27,11,8,3.83,115,3.73,1.270,2.4,7.1,2.96,10,637
arroybr01,2009,Bronson Arroyo,bronson arroyo,32,CIN,NL,220.1,33,33,15,13,3.84,110,4.78,1.266,2.7,5.2,1.95,9,662
niemaje01,2009,Jeff Niemann,jeff niemann,26,TBR,AL,180.2,31,30,13,6,3.94,110,4.07,1.351,2.9,6.2,2.12,9,694
bradeda01,2009,Dallas Braden,dallas braden,25,OAK,AL,136.2,22,22,8,9,3.89,113,3.73,1.361,2.8,5.3,1.93,8,717
pettian01,2009,Andy Pettitte,andy pettitte,37,NYY,AL,194.2,32,32,14,8,4.16,111,4.14,1.382,3.5,6.8,1.95,8,737
blackni01,2009,Nick Blackburn,nick blackburn,27,MIN,AL,205.2,33,33,11,11,4.03,109,4.37,1.366,1.8,4.3,2.39,7,751
davisdo02,2009,Doug Davis,doug davis,33,ARI,NL,203.1,34,34,9,14,4.12,108,4.84,1.505,4.6,6.5,1.42,7,754
rosajo01,2009,Jorge De La Rosa,jorge de la rosa,28,COL,NL,185.0,33,32,16,9,4.38,108,3.91,1.378,4.0,9.4,2.33,7,755
blantjo01,2009,Joe Blanton,joe blanton,28,PHI,NL,195.1,31,31,12,8,4.05,104,4.45,1.316,2.7,7.5,2.76,6,787
hammeja01,2009,Jason Hammel,jason hammel,26,COL,NL,176.2,34,30,10,8,4.33,109,3.71,1.387,2.1,6.8,3.17,6,799
lannajo01,2009,John Lannan,john lannan,24,WSN,NL,206.1,33,33,9,13,3.88,109,4.70,1.347,3.0,3.9,1.31,6,804
ohlenro01,2009,Ross Ohlendorf,ross ohlendorf,26,PIT,NL,176.2,29,29,11,10,3.92,106,4.72,1.234,2.7,5.6,2.06,6,812
zitoba01,2009,Barry Zito,barry zito,31,SFG,NL,192.0,33,33,10,13,4.03,105,4.31,1.354,3.8,7.2,1.90,6,828
garlajo01,2009,Jon Garland,jon garland,29,ARILAD,NL,204.0,33,33,11,13,4.01,109,4.48,1.402,2.7,4.8,1.79,5,840
dukeza01,2009,Zach Duke,zach duke,26,PIT,NL,213.0,32,32,11,16,4.06,103,4.24,1.315,2.1,4.5,2.16,4,880
kawakke01,2009,Kenshin Kawakami,kenshin kawakami,34,ATL,NL,156.1,32,25,7,12,3.86,107,4.21,1.343,3.3,6.0,1.84,4,900
romerri01,2009,Ricky Romero,ricky romero,24,TOR,AL,178.0,29,29,13,9,4.30,103,4.33,1.522,4.0,7.1,1.78,4,912
bakersc02,2009,Scott Baker,scott baker,27,MIN,AL,200.0,33,33,15,9,4.37,100,4.08,1.190,2.2,7.3,3.38,3,925
harderi01,2009,Rich Harden,rich harden,27,CHC,NL,141.0,26,26,9,9,4.09,109,4.35,1.340,4.3,10.9,2.55,3,944
oswalro01,2009,Roy Oswalt,roy oswalt,31,HOU,NL,181.1,30,30,8,6,4.12,100,3.76,1.241,2.1,6.8,3.29,3,953
shielja02,2009,James Shields,james shields,27,TBR,AL,219.2,33,33,11,12,4.14,105,4.02,1.325,2.1,6.8,3.21,3,961
wakefti01,2009,Tim Wakefield,tim wakefield,42,BOS,AL,129.2,21,21,11,5,4.58,102,4.58,1.442,3.5,5.0,1.44,3,968
anderbr04,2009,Brett Anderson,brett anderson,21,OAK,AL,175.1,30,30,11,11,4.06,108,3.69,1.283,2.3,7.7,3.33,2,973
padilvi01,2009,Vicente Padilla,vicente padilla,31,LADTEX,ALNL,147.1,26,25,12,6,4.46,101,4.45,1.425,3.3,5.9,1.80,2,1007
scherma01,2009,Max Scherzer,max scherzer,24,ARI,NL,170.1,30,30,9,11,4.12,108,3.87,1.344,3.3,9.2,2.76,2,1019
sanchjo01,2009,Jonathan Sánchez,jonathan sanchez,26,SFG,NL,163.1,32,29,8,12,4.24,100,4.17,1.365,4.8,9.8,2.01,1,1063
billich01,2009,Chad Billingsley,chad billingsley,24,LAD,NL,196.1,33,32,12,11,4.03,99,3.82,1.319,3.9,8.2,2.08,0,1075
hamelco01,2009,Cole Hamels,cole hamels,25,PHI,NL,193.2,32,32,10,11,4.32,97,3.72,1.286,2.0,7.8,3.91,0,1088
haranaa01,2009,Aaron Harang,aaron harang,31,CIN,NL,162.1,26,26,6,14,4.21,100,4.14,1.411,2.4,7.9,3.30,0,1091
masteju01,2009,Justin Masterson,justin masterson,24,BOSCLE,AL,129.1,42,16,4,10,4.52,99,4.04,1.454,4.2,8.3,1.98,-2,1171
richacl01,2009,Clayton Richard,clayton richard,25,CHWSDP,ALNL,153.0,38,26,9,5,4.41,98,4.50,1.471,4.2,6.7,1.61,-2,1176
correke01,2009,Kevin Correia,kevin correia,28,SDP,NL,198.0,33,33,12,11,3.91,97,3.81,1.303,2.9,6.5,2.22,-3,1194
priceda01,2009,David Price,david price,23,TBR,AL,128.1,23,23,10,7,4.42,98,4.59,1.348,3.8,7.2,1.89,-3,1213
chambjo03,2009,Joba Chamberlain,joba chamberlain,23,NYY,AL,157.1,32,31,9,6,4.75,97,4.82,1.544,4.3,7.6,1.75,-4,1227
cuetojo01,2009,Johnny Cueto,johnny cueto,23,CIN,NL,171.1,30,30,11,11,4.41,95,4.69,1.360,3.2,6.9,2.16,-4,1230
saundjo01,2009,Joe Saunders,joe saunders,28,LAA,AL,186.0,31,31,16,7,4.60,95,5.17,1.430,3.1,4.9,1.58,-4,1263
cahiltr01,2009,Trevor Cahill,trevor cahill,21,OAK,AL,178.2,32,32,10,13,4.63,95,5.33,1.438,3.6,4.5,1.25,-5,1278
maholpa01,2009,Paul Maholm,paul maholm,27,PIT,NL,194.2,31,31,8,9,4.44,94,3.83,1.443,2.8,5.5,1.98,-5,1294
contrjo01,2009,José Contreras,jose contreras,37,CHWCOL,ALNL,131.2,28,23,6,13,4.92,96,4.11,1.473,3.6,7.2,2.00,-6,1319
pennybr01,2009,Brad Penny,brad penny,31,BOSSFG,ALNL,173.1,30,30,11,9,4.88,93,4.46,1.396,2.6,5.7,2.14,-6,1342
bannibr01,2009,Brian Bannister,brian bannister,28,KCR,AL,154.0,26,26,7,12,4.73,94,4.14,1.370,2.9,5.7,1.96,-8,1388
kazmisc01,2009,Scott Kazmir,scott kazmir,25,LAATBR,AL,147.1,26,26,10,9,4.89,89,4.26,1.419,3.7,7.1,1.95,-8,1396
snellia01,2009,Ian Snell,ian snell,27,PITSEA,ALNL,145.0,27,27,7,10,4.84,87,4.88,1.593,5.2,5.5,1.07,-9,1434
guthrje01,2009,Jeremy Guthrie,jeremy guthrie,30,BAL,AL,200.0,33,33,10,17,5.04,90,5.31,1.420,2.7,5.0,1.83,-10,1443
santaer01,2009,Ervin Santana,ervin santana,26,LAA,AL,139.2,24,23,8,8,5.03,87,5.02,1.475,3.0,6.9,2.28,-10,1458
mechegi01,2009,Gil Meche,gil meche,30,KCR,AL,129.0,23,23,6,10,5.09,87,4.76,1.566,4.0,6.6,1.64,-11,1480
moyerja01,2009,Jamie Moyer,jamie moyer,46,PHI,NL,162.0,30,25,12,10,4.94,85,5.08,1.358,2.4,5.2,2.19,-11,1482
lowede01,2009,Derek Lowe,derek lowe,36,ATL,NL,194.2,34,34,15,10,4.67,88,4.06,1.515,2.9,5.1,1.76,-12,1501
gaudich01,2009,Chad Gaudin,chad gaudin,26,NYYSDP,ALNL,147.1,31,25,6,10,4.64,87,4.16,1.507,4.6,8.5,1.83,-14,1553
tallebr01,2009,Brian Tallet,brian tallet,31,TOR,AL,160.2,37,25,7,9,5.32,83,4.68,1.500,4.0,6.7,1.67,-14,1562
nolasri01,2009,Ricky Nolasco,ricky nolasco,26,FLA,NL,185.0,31,31,13,9,5.06,85,3.35,1.254,2.1,9.5,4.43,-15,1582
galarar01,2009,Armando Galarraga,armando galarraga,27,DET,AL,143.2,29,25,6,10,5.64,80,5.47,1.566,4.2,6.0,1.42,-16,1590
richmsc01,2009,Scott Richmond,scott richmond,29,TOR,AL,138.2,27,24,8,11,5.52,80,5.22,1.486,3.8,7.6,1.98,-16,1593
volstch01,2009,Chris Volstad,chris volstad,22,FLA,NL,159.0,29,29,9,13,5.21,82,5.29,1.434,3.3,6.1,1.81,-16,1596
pavanca01,2009,Carl Pavano,carl pavano,33,CLEMIN,AL,199.1,33,33,14,12,5.10,84,3.99,1.375,1.8,6.6,3.77,-17,1617
huffda01,2009,David Huff,david huff,24,CLE,AL,128.1,23,23,11,8,5.61,76,4.69,1.558,2.9,4.6,1.59,-18,1631
hollade01,2009,Derek Holland,derek holland,22,TEX,AL,138.1,33,21,8,13,6.12,76,5.10,1.496,3.1,7.0,2.28,-20,1662
pelfrmi01,2009,Mike Pelfrey,mike pelfrey,25,NYM,NL,184.1,31,31,10,12,5.03,81,4.39,1.514,3.2,5.2,1.62,-20,1668
liriafr01,2009,Francisco Liriano,francisco liriano,25,MIN,AL,136.2,29,24,5,13,5.80,76,4.87,1.551,4.3,8.0,1.88,-21,1680
moehlbr01,2009,Brian Moehler,brian moehler,37,HOU,NL,154.2,29,29,8,12,5.47,75,4.75,1.539,3.0,5.3,1.78,-23,1703
suppaje01,2009,Jeff Suppan,jeff suppan,34,MIL,NL,161.2,30,30,7,12,5.29,78,5.69,1.695,4.1,4.5,1.08,-23,1707
hernali01,2009,Liván Hernández,livan hernandez,34,NYMWSN,NL,183.2,31,31,9,12,5.44,76,4.44,1.563,3.3,5.0,1.52,-24,1715
loopebr01,2009,Braden Looper,braden looper,34,MIL,NL,194.2,34,34,14,7,5.22,79,5.74,1.490,3.0,4.6,1.56,-25,1726
carmofa01,2009,Roberto Hernández,roberto hernandez,28,CLE,AL,125.1,24,24,5,12,6.32,67,5.36,1.763,5.0,5.7,1.13,-31,1756
hochelu01,2009,Luke Hochevar,luke hochevar,25,KCR,AL,143.0,25,25,7,13,6.55,68,4.84,1.490,2.9,6.7,2.30,-32,1762
parrama01,2009,Manny Parra,manny parra,26,MIL,NL,140.0,27,27,11,11,6.36,65,4.88,1.829,5.0,7.5,1.51,-36,1775
hallaro01,2010,Roy Halladay,roy halladay,33,PHI,NL,250.2,33,33,21,10,2.44,167,3.01,1.041,1.1,7.9,7.30,45,12
hernafe02,2010,Félix Hernández,felix hernandez,24,SEA,AL,249.2,34,34,13,12,2.27,174,3.04,1.057,2.5,8.4,3.31,43,16
jimenub01,2010,Ubaldo Jiménez,ubaldo jimenez,26,COL,NL,221.2,33,33,19,8,2.88,161,3.10,1.155,3.7,8.7,2.33,39,38
wainwad01,2010,Adam Wainwright,adam wainwright,28,STL,NL,230.1,33,33,20,11,2.42,160,2.86,1.051,2.2,8.3,3.80,38,48
johnsjo09,2010,Josh Johnson,josh johnson,26,FLA,NL,183.2,28,28,11,6,2.30,180,2.41,1.105,2.4,9.1,3.88,37,50
buchhcl01,2010,Clay Buchholz,clay buchholz,25,BOS,AL,173.2,28,28,17,7,2.33,187,3.61,1.203,3.5,6.2,1.79,34,66
hudsoti01,2010,Tim Hudson,tim hudson,34,ATL,NL,228.2,34,34,17,9,2.83,138,4.09,1.150,2.9,5.5,1.88,30,113
oswalro01,2010,Roy Oswalt,roy oswalt,32,HOUPHI,NL,211.2,33,32,13,13,2.76,145,3.27,1.025,2.3,8.2,3.51,30,116
priceda01,2010,David Price,david price,24,TBR,AL,208.2,32,31,19,6,2.72,144,3.42,1.193,3.4,8.1,2.38,28,144
sabatc.01,2010,CC Sabathia,cc sabathia,29,NYY,AL,237.2,34,34,21,7,3.18,136,3.54,1.191,2.8,7.5,2.66,28,145
hamelco01,2010,Cole Hamels,cole hamels,26,PHI,NL,208.2,33,33,12,11,3.06,133,3.67,1.179,2.6,9.1,3.46,25,179
cahiltr01,2010,Trevor Cahill,trevor cahill,22,OAK,AL,196.2,30,30,18,8,2.97,138,4.19,1.108,2.9,5.4,1.87,24,191
leecl02,2010,Cliff Lee,cliff lee,31,SEATEX,AL,212.1,28,28,12,9,3.18,133,2.58,1.003,0.8,7.8,10.28,24,200
lestejo01,2010,Jon Lester,jon lester,26,BOS,AL,208.0,32,32,19,9,3.25,134,3.13,1.202,3.6,9.7,2.71,24,201
santajo02,2010,Johan Santana,johan santana,31,NYM,NL,199.0,29,29,11,9,2.98,131,3.54,1.176,2.5,6.5,2.62,24,206
weaveje02,2010,Jered Weaver,jered weaver,27,LAA,AL,224.1,34,34,13,12,3.01,132,3.06,1.074,2.2,9.3,4.31,24,208
wilsocj01,2010,C.J. Wilson,c j wilson,29,TEX,AL,204.0,33,33,15,8,3.35,134,3.56,1.245,4.1,7.5,1.83,23,227
kershcl01,2010,Clayton Kershaw,clayton kershaw,22,LAD,NL,204.1,32,32,13,10,2.91,133,3.12,1.179,3.6,9.3,2.62,22,239
dicker.01,2010,R.A. Dickey,r a dickey,35,NYM,NL,174.1,27,26,11,9,2.84,138,3.65,1.187,2.2,5.4,2.48,21,262
duensbr01,2010,Brian Duensing,brian duensing,27,MIN,AL,130.2,53,13,10,3,2.62,156,3.85,1.202,2.4,5.4,2.23,21,263
gonzagi01,2010,Gio González,gio gonzalez,24,OAK,AL,200.2,33,33,15,9,3.23,127,3.78,1.311,4.1,7.7,1.86,21,264
verlaju01,2010,Justin Verlander,justin verlander,27,DET,AL,224.1,33,33,18,9,3.37,124,2.97,1.163,2.8,8.8,3.08,21,278
cainma01,2010,Matt Cain,matt cain,25,SFG,NL,223.1,33,33,13,11,3.14,124,3.65,1.084,2.5,7.1,2.90,20,284
myersbr01,2010,Brett Myers,brett myers,29,HOU,NL,223.2,33,33,14,8,3.14,126,3.56,1.243,2.7,7.2,2.73,19,316
latosma01,2010,Mat Latos,mat latos,22,SDP,NL,184.2,31,31,14,10,2.92,126,3.00,1.083,2.4,9.2,3.78,18,341
sanchjo01,2010,Jonathan Sánchez,jonathan sanchez,27,SFG,NL,193.1,34,33,13,9,3.07,127,4.00,1.231,4.5,9.5,2.14,18,354
garcija02,2010,Jaime García,jaime garcia,23,STL,NL,163.1,28,28,13,8,2.70,143,3.41,1.316,3.5,7.3,2.06,17,367
lewisco01,2010,Colby Lewis,colby lewis,30,TEX,AL,201.0,32,32,12,13,3.72,121,3.55,1.189,2.9,8.8,3.02,16,398
carpech01,2010,Chris Carpenter,chris carpenter,35,STL,NL,235.0,35,35,16,9,3.22,120,3.69,1.179,2.4,6.9,2.84,14,460
chacijh01,2010,Jhoulys Chacín,jhoulys chacin,22,COL,NL,137.1,28,21,9,11,3.28,142,3.55,1.274,4.0,9.0,2.26,14,462
danksjo01,2010,John Danks,john danks,25,CHW,AL,213.0,32,32,15,11,3.72,115,3.70,1.216,3.0,6.8,2.31,14,464
linceti01,2010,Tim Lincecum,tim lincecum,26,SFG,NL,212.1,33,33,16,10,3.43,114,3.15,1.272,3.2,9.8,3.04,14,477
pettian01,2010,Andy Pettitte,andy pettitte,38,NYY,AL,129.0,21,21,11,3,3.28,132,3.85,1.271,2.9,7.0,2.46,14,481
scherma01,2010,Max Scherzer,max scherzer,25,DET,AL,195.2,31,31,12,11,3.50,120,3.71,1.247,3.2,8.5,2.63,14,486
liriafr01,2010,Francisco Liriano,francisco liriano,26,MIN,AL,191.2,31,31,14,10,3.62,112,2.66,1.263,2.7,9.4,3.47,13,506
bradeda01,2010,Dallas Braden,dallas braden,26,OAK,AL,192.2,30,30,11,14,3.50,117,3.80,1.157,2.0,5.3,2.63,12,524
hansoto01,2010,Tommy Hanson,tommy hanson,23,ATL,NL,202.2,34,34,10,11,3.33,117,3.31,1.174,2.5,7.7,3.09,12,535
lillyte01,2010,Ted Lilly,ted lilly,34,CHCLAD,NL,193.2,30,30,10,12,3.62,113,4.27,1.079,2.0,7.7,3.77,12,543
marcush01,2010,Shaun Marcum,shaun marcum,28,TOR,AL,195.1,31,31,13,8,3.64,115,3.74,1.147,2.0,7.6,3.84,12,547
hunteto02,2010,Tommy Hunter,tommy hunter,23,TEX,AL,128.0,23,22,13,4,3.73,120,4.99,1.242,2.3,4.8,2.06,11,590
zambrca01,2010,Carlos Zambrano,carlos zambrano,29,CHC,NL,129.2,36,20,11,6,3.33,127,3.71,1.450,4.8,8.1,1.70,11,613
cuetojo01,2010,Johnny Cueto,johnny cueto,24,CIN,NL,185.2,31,31,12,7,3.64,112,3.97,1.276,2.7,6.7,2.46,10,619
kenneia01,2010,Ian Kennedy,ian kennedy,25,ARI,NL,194.0,32,32,9,10,3.80,111,4.33,1.201,3.2,7.8,2.40,10,635
pavanca01,2010,Carl Pavano,carl pavano,34,MIN,AL,221.0,32,32,17,11,3.75,109,4.02,1.195,1.5,4.8,3.16,10,648
sanchan01,2010,Aníbal Sánchez,anibal sanchez,26,FLA,NL,195.0,32,32,13,12,3.55,117,3.32,1.344,3.2,7.2,2.24,10,655
guthrje01,2010,Jeremy Guthrie,jeremy guthrie,31,BAL,AL,209.1,32,32,11,14,3.83,108,4.44,1.161,2.1,5.1,2.38,9,677
hernali01,2010,Liván Hernández,livan hernandez,35,WSN,NL,211.2,33,33,10,12,3.66,110,3.95,1.323,2.7,4.8,1.78,9,679
romerri01,2010,Ricky Romero,ricky romero,25,TOR,AL,210.0,32,32,14,9,3.73,112,3.64,1.290,3.5,7.5,2.12,9,697
arroybr01,2010,Bronson Arroyo,bronson arroyo,33,CIN,NL,215.2,33,33,17,10,3.88,105,4.61,1.145,2.5,5.0,2.05,8,711
kurodhi01,2010,Hiroki Kuroda,hiroki kuroda,35,LAD,NL,196.1,31,31,11,13,3.39,114,3.26,1.161,2.2,7.3,3.31,8,730
billich01,2010,Chad Billingsley,chad billingsley,25,LAD,NL,191.2,31,31,12,11,3.57,109,3.07,1.278,3.2,8.0,2.48,7,750
harenda01,2010,Dan Haren,dan haren,29,ARILAA,ALNL,235.0,35,35,12,12,3.91,106,3.71,1.272,2.1,8.3,4.00,7,764
pelfrmi01,2010,Mike Pelfrey,mike pelfrey,26,NYM,NL,204.0,34,33,15,9,3.66,107,3.82,1.377,3.0,5.0,1.66,7,772
dempsry01,2010,Ryan Dempster,ryan dempster,33,CHC,NL,215.1,34,34,15,12,3.85,110,3.99,1.319,3.6,8.7,2.42,5,838
hugheph01,2010,Phil Hughes,phil hughes,24,NYY,AL,176.1,31,29,18,8,4.19,103,4.25,1.248,3.0,7.5,2.52,5,848
pineijo01,2010,Joel Piñeiro,joel pineiro,31,LAA,AL,152.1,23,23,10,7,3.84,104,3.84,1.241,2.0,5.4,2.71,5,861
floydga01,2010,Gavin Floyd,gavin floyd,27,CHW,AL,187.1,31,31,10,13,4.08,105,3.46,1.372,2.8,7.3,2.60,4,883
garlajo01,2010,Jon Garland,jon garland,30,SDP,NL,200.0,33,33,14,12,3.47,106,4.41,1.315,3.9,6.1,1.56,4,885
vargaja01,2010,Jason Vargas,jason vargas,27,SEA,AL,192.2,31,31,9,12,3.78,104,3.95,1.251,2.5,5.4,2.15,4,920
carmofa01,2010,Roberto Hernández,roberto hernandez,29,CLE,AL,210.1,33,33,13,14,3.77,105,4.11,1.307,3.1,5.3,1.72,3,930
gallayo01,2010,Yovani Gallardo,yovani gallardo,24,MIL,NL,185.0,31,31,14,7,3.84,105,3.02,1.368,3.6,9.7,2.67,3,938
rodriwa01,2010,Wandy Rodríguez,wandy rodriguez,31,HOU,NL,195.0,32,32,11,12,3.60,110,3.50,1.287,3.1,8.2,2.62,3,958
santaer01,2010,Ervin Santana,ervin santana,27,LAA,AL,222.2,33,33,17,10,3.92,102,4.28,1.320,3.0,6.8,2.32,2,1018
buehrma01,2010,Mark Buehrle,mark buehrle,31,CHW,AL,210.1,33,33,13,13,4.28,100,3.90,1.403,2.1,4.2,2.02,1,1029
chenbr01,2010,Bruce Chen,bruce chen,33,KCR,AL,140.1,33,23,12,7,4.17,101,4.54,1.375,3.7,6.3,1.72,1,1031
garzama01,2010,Matt Garza,matt garza,26,TBR,AL,204.2,33,32,15,10,3.91,100,4.42,1.251,2.8,6.6,2.38,1,1038
gorzeto01,2010,Tom Gorzelanny,tom gorzelanny,27,CHC,NL,136.1,29,23,7,9,4.09,104,3.92,1.496,4.5,7.9,1.75,1,1041
lowede01,2010,Derek Lowe,derek lowe,37,ATL,NL,193.2,33,33,16,12,4.00,98,3.89,1.368,2.8,6.3,2.23,1,1049
wellsra01,2010,Randy Wells,randy wells,27,CHC,NL,194.1,32,32,8,14,4.26,99,3.93,1.400,2.9,6.7,2.29,1,1073
cecilbr01,2010,Brett Cecil,brett cecil,23,TOR,AL,172.2,28,28,15,7,4.22,99,4.03,1.326,2.8,6.1,2.17,0,1077
hammeja01,2010,Jason Hammel,jason hammel,27,COL,NL,177.2,30,30,10,9,4.81,96,3.70,1.396,2.4,7.1,3.00,0,1089
daviswa01,2010,Wade Davis,wade davis,24,TBR,AL,168.0,29,29,12,10,4.07,96,4.79,1.351,3.3,6.1,1.82,-1,1124
greinza01,2010,Zack Greinke,zack greinke,26,KCR,AL,220.0,33,33,10,14,4.17,100,3.34,1.245,2.3,7.4,3.29,-1,1127
lackejo01,2010,John Lackey,john lackey,31,BOS,AL,215.0,33,33,14,11,4.40,99,3.85,1.419,3.0,6.5,2.17,-1,1134
richacl01,2010,Clayton Richard,clayton richard,26,SDP,NL,201.2,33,33,14,9,3.75,98,3.81,1.408,3.5,6.8,1.96,-1,1149
matusbr01,2010,Brian Matusz,brian matusz,23,BAL,AL,175.2,32,32,10,12,4.30,96,4.05,1.343,3.2,7.3,2.27,-2,1172
wolfra02,2010,Randy Wolf,randy wolf,33,MIL,NL,215.2,34,34,13,12,4.17,97,4.85,1.391,3.6,5.9,1.63,-2,1185
jacksed01,2010,Edwin Jackson,edwin jackson,26,ARICHW,ALNL,209.1,32,32,10,12,4.47,95,3.86,1.395,3.4,7.8,2.32,-3,1200
fistedo01,2010,Doug Fister,doug fister,26,SEA,AL,171.0,28,28,6,14,4.11,96,3.65,1.281,1.7,4.9,2.91,-4,1233
galarar01,2010,Armando Galarraga,armando galarraga,28,DET,AL,144.1,25,24,4,9,4.49,93,5.09,1.344,3.2,4.6,1.45,-4,1234
matsuda01,2010,Daisuke Matsuzaka,daisuke matsuzaka,29,BOS,AL,153.2,25,25,9,6,4.69,93,4.05,1.373,4.3,7.8,1.80,-4,1252
morrobr01,2010,Brandon Morrow,brandon morrow,25,TOR,AL,146.1,26,26,10,7,4.49,93,3.16,1.380,4.1,10.9,2.70,-4,1255
nolasri01,2010,Ricky Nolasco,ricky nolasco,27,FLA,NL,157.2,26,26,14,9,4.51,92,3.86,1.281,1.9,8.4,4.45,-4,1260
zitoba01,2010,Barry Zito,barry zito,32,SFG,NL,199.1,34,33,9,14,4.15,94,4.25,1.344,3.8,6.8,1.79,-4,1276
cookaa01,2010,Aaron Cook,aaron cook,31,COL,NL,127.2,23,23,6,8,5.08,91,4.54,1.559,3.7,4.4,1.19,-5,1280
garcifr03,2010,Freddy García,freddy garcia,33,CHW,AL,157.0,28,28,12,6,4.64,92,4.77,1.376,2.6,5.1,1.98,-5,1285
leakemi01,2010,Mike Leake,mike leake,22,CIN,NL,138.1,24,22,8,4,4.23,96,4.68,1.496,3.2,5.9,1.86,-5,1291
sloweke01,2010,Kevin Slowey,kevin slowey,26,MIN,AL,155.2,30,28,13,6,4.45,91,3.98,1.291,1.7,6.7,4.00,-5,1306
westbja01,2010,Jake Westbrook,jake westbrook,32,CLESTL,ALNL,202.2,33,33,10,11,4.22,93,4.22,1.337,3.0,5.7,1.88,-5,1311
bakersc02,2010,Scott Baker,scott baker,28,MIN,AL,170.1,29,29,12,9,4.49,91,3.96,1.344,2.3,7.8,3.44,-6,1316
leblawa01,2010,Wade LeBlanc,wade leblanc,25,SDP,NL,146.0,26,25,8,12,4.25,86,4.80,1.425,3.1,6.8,2.16,-7,1367
niemaje01,2010,Jeff Niemann,jeff niemann,27,TBR,AL,174.1,30,29,12,8,4.39,89,4.61,1.262,3.1,6.8,2.15,-7,1375
volstch01,2010,Chris Volstad,chris volstad,23,FLA,NL,175.0,30,30,12,9,4.58,91,4.34,1.411,3.1,5.2,1.70,-7,1384
lannajo01,2010,John Lannan,john lannan,25,WSN,NL,143.1,25,25,8,8,4.65,87,4.47,1.563,3.1,4.5,1.45,-10,1446
niesejo01,2010,Jon Niese,jon niese,23,NYM,NL,173.2,30,30,9,10,4.20,93,4.10,1.463,3.2,7.7,2.39,-10,1451
talbomi01,2010,Mitch Talbot,mitch talbot,26,CLE,AL,159.1,28,28,10,13,4.41,90,4.48,1.494,3.9,5.0,1.28,-11,1488
kendrky01,2010,Kyle Kendrick,kyle kendrick,25,PHI,NL,180.2,33,31,11,10,4.73,86,4.88,1.373,2.4,4.2,1.71,-13,1527
porceri01,2010,Rick Porcello,rick porcello,21,DET,AL,162.2,27,27,10,12,4.92,85,4.31,1.389,2.1,4.6,2.21,-13,1534
saundjo01,2010,Joe Saunders,joe saunders,29,ARILAA,ALNL,203.1,33,33,9,17,4.47,92,4.57,1.456,2.8,5.0,1.78,-13,1538
blantjo01,2010,Joe Blanton,joe blanton,29,PHI,NL,175.2,29,28,9,6,4.82,85,4.34,1.417,2.2,6.9,3.12,-15,1567
bushda01,2010,Dave Bush,dave bush,30,MIL,NL,174.1,32,31,8,13,4.54,89,5.13,1.509,3.4,5.5,1.65,-15,1568
narvech01,2010,Chris Narveson,chris narveson,28,MIL,NL,167.2,37,28,12,9,4.99,81,4.22,1.378,3.2,7.4,2.32,-15,1580
stammcr01,2010,Craig Stammen,craig stammen,26,WSN,NL,128.0,35,19,4,4,5.13,79,4.06,1.500,2.9,6.0,2.07,-15,1586
vazquja01,2010,Javier Vázquez,javier vazquez,33,NYY,AL,157.1,31,26,10,10,5.32,81,5.56,1.398,3.7,6.9,1.86,-15,1587
wakefti01,2010,Tim Wakefield,tim wakefield,43,BOS,AL,140.0,32,19,4,10,5.34,82,4.52,1.350,2.3,5.4,2.33,-16,1597
bergebr02,2010,Brad Bergesen,brad bergesen,24,BAL,AL,170.0,30,28,8,12,4.98,83,5.14,1.435,2.7,4.3,1.59,-17,1600
feldmsc01,2010,Scott Feldman,scott feldman,27,TEX,AL,141.1,29,22,7,11,5.48,82,4.73,1.599,2.9,4.8,1.67,-17,1608
lopezro02,2010,Rodrigo López,rodrigo lopez,34,ARI,NL,200.0,33,33,7,16,5.00,85,5.21,1.415,2.5,5.2,2.07,-18,1633
norribu01,2010,Bud Norris,bud norris,25,HOU,NL,153.2,27,27,9,10,4.92,80,4.17,1.484,4.5,9.3,2.05,-18,1635
beckejo02,2010,Josh Beckett,josh beckett,30,BOS,AL,127.2,21,21,6,6,5.78,75,4.54,1.535,3.2,8.2,2.58,-19,1640
burnea.01,2010,A.J. Burnett,a j burnett,33,NYY,AL,186.2,33,33,10,15,5.26,82,4.83,1.511,3.8,7.0,1.86,-19,1641
masteju01,2010,Justin Masterson,justin masterson,25,CLE,AL,180.0,34,29,6,13,4.70,84,3.93,1.500,3.7,7.0,1.92,-19,1650
millwke01,2010,Kevin Millwood,kevin millwood,35,BAL,AL,190.2,31,31,4,16,5.10,81,4.86,1.510,3.1,6.2,2.03,-20,1667
davieky01,2010,Kyle Davies,kyle davies,26,KCR,AL,183.2,32,32,8,12,5.34,78,4.46,1.557,3.9,6.2,1.58,-22,1685
blackni01,2010,Nick Blackburn,nick blackburn,28,MIN,AL,161.0,28,26,10,12,5.42,75,5.07,1.453,2.2,3.8,1.70,-23,1696
maholpa01,2010,Paul Maholm,paul maholm,28,PIT,NL,185.1,32,32,9,15,5.10,79,4.18,1.565,3.0,5.0,1.65,-24,1716
bondeje01,2010,Jeremy Bonderman,jeremy bonderman,27,DET,AL,171.0,30,29,8,10,5.53,76,4.90,1.444,3.2,5.9,1.87,-25,1721
bannibr01,2010,Brian Bannister,brian bannister,29,KCR,AL,127.2,24,23,7,12,6.34,66,5.46,1.629,3.5,5.4,1.54,-28,1740
correke01,2010,Kevin Correia,kevin correia,29,SDP,NL,145.0,28,26,10,10,5.40,68,4.71,1.490,4.0,7.1,1.80,-28,1741
dukeza01,2010,Zach Duke,zach duke,27,PIT,NL,159.0,29,29,8,15,5.72,71,4.95,1.654,2.9,5.4,1.88,-32,1760
kazmisc01,2010,Scott Kazmir,scott kazmir,26,LAA,AL,150.0,28,28,9,15,5.94,67,5.83,1.580,4.7,5.6,1.18,-32,1765
shielja02,2010,James Shields,james shields,28,TBR,AL,203.1,34,33,13,15,5.18,75,4.24,1.461,2.3,8.3,3.67,-32,1766
verlaju01,2011,Justin Verlander,justin verlander,28,DET,AL,251.0,34,34,24,5,2.40,172,2.99,0.920,2.0,9.0,4.39,48,9
weaveje02,2011,Jered Weaver,jered weaver,28,LAA,AL,235.2,33,33,18,8,2.41,156,3.20,1.010,2.1,7.6,3.54,40,35
hallaro01,2011,Roy Halladay,roy halladay,34,PHI,NL,233.2,32,32,19,6,2.35,163,2.20,1.040,1.3,8.5,6.29,39,37
leecl02,2011,Cliff Lee,cliff lee,32,PHI,NL,232.2,32,32,17,8,2.40,160,2.60,1.027,1.6,9.2,5.67,38,44
kershcl01,2011,Clayton Kershaw,clayton kershaw,23,LAD,NL,233.1,33,33,21,5,2.28,161,2.47,0.977,2.1,9.6,4.59,37,51
sabatc.01,2011,CC Sabathia,cc sabathia,30,NYY,AL,237.1,33,33,19,8,3.00,143,2.88,1.226,2.3,8.7,3.77,32,94
beckejo02,2011,Josh Beckett,josh beckett,31,BOS,AL,193.0,30,30,13,7,2.89,149,3.57,1.026,2.4,8.2,3.37,30,108
romerri01,2011,Ricky Romero,ricky romero,26,TOR,AL,225.0,32,32,15,11,2.92,146,4.20,1.138,3.2,7.1,2.23,30,119
shielja02,2011,James Shields,james shields,29,TBR,AL,249.1,33,33,16,12,2.82,134,3.42,1.043,2.3,8.1,3.46,30,124
wilsocj01,2011,C.J. Wilson,c j wilson,30,TEX,AL,223.1,34,34,16,7,2.94,150,3.24,1.187,3.0,8.3,2.78,30,125
hamelco01,2011,Cole Hamels,cole hamels,27,PHI,NL,216.0,32,31,14,9,2.79,137,3.05,0.986,1.8,8.1,4.41,27,156
kenneia01,2011,Ian Kennedy,ian kennedy,26,ARI,NL,222.0,33,33,21,4,2.88,137,3.22,1.086,2.2,8.0,3.60,27,157
fistedo01,2011,Doug Fister,doug fister,27,DETSEA,AL,216.1,32,31,11,13,2.83,138,3.02,1.063,1.5,6.1,3.95,26,166
cuetojo01,2011,Johnny Cueto,johnny cueto,25,CIN,NL,156.0,24,24,9,5,2.31,171,3.45,1.090,2.7,6.0,2.21,24,192
hellije01,2011,Jeremy Hellickson,jeremy hellickson,24,TBR,AL,189.0,29,29,13,10,2.95,128,4.44,1.153,3.4,5.6,1.63,20,292
linceti01,2011,Tim Lincecum,tim lincecum,27,SFG,NL,217.0,33,33,13,14,2.74,127,3.17,1.207,3.6,9.1,2.56,19,313
gonzagi01,2011,Gio González,gio gonzalez,25,OAK,AL,202.0,32,32,16,12,3.12,129,3.64,1.317,4.1,8.8,2.16,18,336
harrima01,2011,Matt Harrison,matt harrison,25,TEX,AL,185.2,31,30,14,9,3.39,130,3.52,1.276,2.8,6.1,2.21,18,338
lestejo01,2011,Jon Lester,jon lester,27,BOS,AL,191.2,31,31,15,9,3.47,124,3.83,1.257,3.5,8.5,2.43,18,342
harenda01,2011,Dan Haren,dan haren,30,LAA,AL,238.1,35,34,16,10,3.17,119,2.98,1.024,1.2,7.3,5.82,17,371
chacijh01,2011,Jhoulys Chacín,jhoulys chacin,23,COL,NL,194.0,31,31,11,14,3.62,126,4.23,1.314,4.0,7.0,1.72,16,387
jurrjja01,2011,Jair Jurrjens,jair jurrjens,25,ATL,NL,152.0,23,23,13,6,2.96,129,3.99,1.224,2.6,5.3,2.05,16,396
masteju01,2011,Justin Masterson,justin masterson,26,CLE,AL,216.0,34,33,12,10,3.21,122,3.28,1.278,2.7,6.6,2.43,16,400
vogelry01,2011,Ryan Vogelsong,ryan vogelsong,33,SFG,NL,179.2,30,28,13,7,2.71,129,3.67,1.252,3.1,7.0,2.28,16,413
ogandal01,2011,Alexi Ogando,alexi ogando,27,TEX,AL,169.0,31,29,13,8,3.51,126,3.65,1.136,2.3,6.7,2.93,15,442
bakersc02,2011,Scott Baker,scott baker,29,MIN,AL,134.2,23,21,8,6,3.14,129,3.45,1.173,2.1,8.2,3.84,14,456
buehrma01,2011,Mark Buehrle,mark buehrle,32,CHW,AL,205.1,31,31,13,9,3.59,121,3.98,1.295,2.0,4.8,2.42,14,458
cainma01,2011,Matt Cain,matt cain,26,SFG,NL,221.2,33,33,12,11,2.88,121,2.91,1.083,2.6,7.3,2.84,14,459
hudsoti01,2011,Tim Hudson,tim hudson,35,ATL,NL,215.0,33,33,16,10,3.22,119,3.39,1.140,2.3,6.6,2.82,14,475
kurodhi01,2011,Hiroki Kuroda,hiroki kuroda,36,LAD,NL,202.0,32,32,13,16,3.07,120,3.78,1.213,2.2,7.2,3.29,13,505
worleva01,2011,Vance Worley,vance worley,23,PHI,NL,131.2,25,21,11,3,3.01,127,3.32,1.230,3.1,8.1,2.59,13,520
zimmejo02,2011,Jordan Zimmermann,jordan zimmermann,25,WSN,NL,161.1,26,26,8,11,3.18,120,3.16,1.147,1.7,6.9,4.00,12,566
garcifr03,2011,Freddy García,freddy garcia,34,NYY,AL,146.2,26,25,12,8,3.62,119,4.12,1.343,2.8,5.9,2.13,11,584
humbeph01,2011,Philip Humber,philip humber,28,CHW,AL,163.0,28,26,9,9,3.75,116,3.58,1.178,2.3,6.4,2.83,11,589
mccarbr01,2011,Brandon McCarthy,brandon mccarthy,27,OAK,AL,170.2,25,25,9,9,3.32,121,2.86,1.131,1.3,6.5,4.92,11,600
collmjo01,2011,Josh Collmenter,josh collmenter,25,ARI,NL,154.1,31,24,10,10,3.38,117,3.80,1.069,1.6,5.8,3.57,10,616
marcush01,2011,Shaun Marcum,shaun marcum,29,MIL,NL,200.2,33,33,13,7,3.54,111,3.73,1.156,2.6,7.1,2.77,10,640
novaiv01,2011,Iván Nova,ivan nova,24,NYY,AL,165.1,28,27,16,4,3.70,116,4.00,1.331,3.1,5.3,1.72,10,647
santaer01,2011,Ervin Santana,ervin santana,28,LAA,AL,228.2,33,33,11,12,3.38,111,4.00,1.220,2.8,7.0,2.47,10,656
dicker.01,2011,R.A. Dickey,r a dickey,36,NYM,NL,208.2,33,32,8,13,3.28,112,3.77,1.227,2.3,5.8,2.48,9,672
hollade01,2011,Derek Holland,derek holland,24,TEX,AL,198.0,32,32,16,5,3.95,112,3.94,1.354,3.0,7.4,2.42,9,681
hudsoda01,2011,Daniel Hudson,daniel hudson,24,ARI,NL,222.0,33,33,16,12,3.49,113,3.28,1.203,2.0,6.9,3.38,9,683
carpech01,2011,Chris Carpenter,chris carpenter,36,STL,NL,237.1,34,34,11,9,3.45,108,3.06,1.256,2.1,7.2,3.47,8,719
gallayo01,2011,Yovani Gallardo,yovani gallardo,25,MIL,NL,207.1,33,33,17,10,3.52,112,3.59,1.215,2.6,9.0,3.51,8,724
garzama01,2011,Matt Garza,matt garza,27,CHC,NL,198.0,31,31,10,10,3.32,118,2.95,1.258,2.9,9.0,3.13,8,725
hernafe02,2011,Félix Hernández,felix hernandez,25,SEA,AL,233.2,33,33,14,14,3.47,109,3.13,1.220,2.6,8.6,3.31,8,727
priceda01,2011,David Price,david price,25,TBR,AL,224.1,34,34,12,13,3.49,108,3.32,1.137,2.5,8.7,3.46,8,740
jacksed01,2011,Edwin Jackson,edwin jackson,27,CHWSTL,ALNL,199.2,32,31,12,9,3.79,108,3.55,1.437,2.8,6.7,2.39,7,765
bumgama01,2011,Madison Bumgarner,madison bumgarner,21,SFG,NL,204.2,33,33,13,13,3.21,109,2.67,1.212,2.0,8.4,4.15,6,788
lohseky01,2011,Kyle Lohse,kyle lohse,32,STL,NL,188.1,30,30,14,8,3.39,109,3.67,1.168,2.0,5.3,2.64,6,807
moscogu01,2011,Guillermo Moscoso,guillermo moscoso,27,OAK,AL,128.0,23,21,8,10,3.38,119,4.23,1.094,2.7,5.2,1.95,6,809
rodriwa01,2011,Wandy Rodríguez,wandy rodriguez,32,HOU,NL,191.0,30,30,11,11,3.49,109,4.15,1.314,3.3,7.8,2.41,6,815
sanchan01,2011,Aníbal Sánchez,anibal sanchez,27,FLA,NL,196.1,32,32,8,9,3.67,106,3.35,1.278,2.9,9.3,3.16,6,818
saundjo01,2011,Joe Saunders,joe saunders,30,ARI,NL,212.0,33,33,12,13,3.69,107,4.78,1.307,2.8,4.6,1.61,6,819
wolfra02,2011,Randy Wolf,randy wolf,34,MIL,NL,212.1,33,33,13,10,3.69,107,4.29,1.319,2.8,5.7,2.03,6,827
chenbr01,2011,Bruce Chen,bruce chen,34,KCR,AL,155.0,25,25,12,8,3.77,108,4.39,1.303,2.9,5.6,1.94,5,836
karstje01,2011,Jeff Karstens,jeff karstens,28,PIT,NL,162.1,30,26,9,9,3.38,110,4.29,1.207,1.8,5.3,2.91,5,852
luebkco01,2011,Cory Luebke,cory luebke,26,SDP,NL,139.2,46,17,6,10,3.29,108,2.92,1.067,2.8,9.9,3.50,5,855
hansoto01,2011,Tommy Hanson,tommy hanson,24,ATL,NL,130.0,22,22,11,7,3.60,106,3.67,1.169,3.2,9.8,3.09,4,896
beachbr01,2011,Brandon Beachy,brandon beachy,24,ATL,NL,141.2,25,25,7,3,3.68,104,3.19,1.207,2.9,10.7,3.67,3,926
colonba01,2011,Bartolo Colon,bartolo colon,38,NYY,AL,164.1,29,26,8,10,4.00,107,3.83,1.290,2.2,7.4,3.38,3,933
leakemi01,2011,Mike Leake,mike leake,23,CIN,NL,167.2,29,26,12,9,3.86,102,4.22,1.175,2.0,6.3,3.11,3,947
oswalro01,2011,Roy Oswalt,roy oswalt,33,PHI,NL,139.0,23,23,9,10,3.69,104,3.44,1.338,2.1,6.0,2.82,3,954
bedarer01,2011,Érik Bédard,erik bedard,32,BOSSEA,AL,129.1,24,24,5,9,3.62,109,3.64,1.284,3.3,8.7,2.60,2,978
floydga01,2011,Gavin Floyd,gavin floyd,28,CHW,AL,193.2,31,30,12,13,4.37,99,3.81,1.162,2.1,7.0,3.36,2,988
latosma01,2011,Mat Latos,mat latos,23,SDP,NL,194.1,31,31,9,14,3.47,102,3.16,1.184,2.9,8.6,2.98,2,1002
lewisco01,2011,Colby Lewis,colby lewis,31,TEX,AL,200.1,32,32,14,10,4.40,100,4.54,1.213,2.5,7.6,3.02,2,1003
vazquja01,2011,Javier Vázquez,javier vazquez,34,FLA,NL,192.2,32,32,13,11,3.69,106,3.57,1.183,2.3,7.6,3.24,2,1022
greinza01,2011,Zack Greinke,zack greinke,27,MIL,NL,171.2,28,28,16,6,3.83,103,2.98,1.200,2.4,10.5,4.47,1,1042
maholpa01,2011,Paul Maholm,paul maholm,29,PIT,NL,162.1,26,26,6,14,3.66,102,3.78,1.294,2.8,5.4,1.94,1,1052
pinedmi01,2011,Michael Pineda,michael pineda,22,SEA,AL,171.0,28,28,9,10,3.74,101,3.42,1.099,2.9,9.1,3.15,1,1062
danksjo01,2011,John Danks,john danks,26,CHW,AL,170.1,27,27,8,12,4.33,100,3.82,1.339,2.4,7.1,2.93,0,1079
haranaa01,2011,Aaron Harang,aaron harang,33,SDP,NL,170.2,28,28,14,7,3.64,98,4.17,1.365,3.1,6.5,2.14,0,1092
lannajo01,2011,John Lannan,john lannan,26,WSN,NL,184.2,33,33,10,13,3.70,103,4.28,1.462,3.7,5.2,1.39,-1,1135
cahiltr01,2011,Trevor Cahill,trevor cahill,23,OAK,AL,207.2,34,34,12,14,4.16,96,4.10,1.425,3.6,6.4,1.79,-2,1157
staufti01,2011,Tim Stauffer,tim stauffer,29,SDP,NL,185.2,31,31,9,12,3.73,95,4.03,1.255,2.6,6.2,2.42,-2,1180
mortoch02,2011,Charlie Morton,charlie morton,27,PIT,NL,171.2,29,29,10,10,3.83,97,3.77,1.532,4.0,5.8,1.43,-3,1206
norribu01,2011,Bud Norris,bud norris,26,HOU,NL,186.0,31,31,6,11,3.77,100,4.02,1.328,3.4,8.5,2.51,-3,1207
paulife01,2011,Felipe Paulino,felipe paulino,27,COLKCR,ALNL,139.1,39,20,4,10,4.46,93,3.69,1.443,3.6,8.6,2.42,-3,1211
garcija02,2011,Jaime García,jaime garcia,24,STL,NL,194.2,32,32,13,7,3.56,104,3.23,1.320,2.3,7.2,3.12,-4,1235
guthrje01,2011,Jeremy Guthrie,jeremy guthrie,32,BAL,AL,208.0,34,32,9,17,4.33,97,4.48,1.341,2.9,5.6,1.97,-4,1241
hammeja01,2011,Jason Hammel,jason hammel,28,COL,NL,170.1,32,27,7,13,4.76,96,4.83,1.427,3.6,5.0,1.38,-4,1243
lillyte01,2011,Ted Lilly,ted lilly,35,LAD,NL,192.2,33,33,12,14,3.97,93,4.21,1.157,2.4,7.4,3.10,-4,1251
niemaje01,2011,Jeff Niemann,jeff niemann,28,TBR,AL,135.1,23,23,11,7,4.06,93,4.13,1.241,2.5,7.0,2.84,-4,1258
tomlijo01,2011,Josh Tomlin,josh tomlin,26,CLE,AL,165.1,26,26,12,7,4.25,93,4.27,1.077,1.1,4.8,4.24,-4,1271
scherma01,2011,Max Scherzer,max scherzer,26,DET,AL,195.0,33,33,15,9,4.43,93,4.14,1.349,2.6,8.0,3.11,-5,1304
baileho02,2011,Homer Bailey,homer bailey,25,CIN,NL,132.0,22,22,9,7,4.43,89,4.06,1.280,2.3,7.2,3.21,-6,1315
mccleky01,2011,Kyle McClellan,kyle mcclellan,27,STL,NL,141.2,43,17,12,7,4.19,89,4.92,1.313,2.7,4.8,1.77,-7,1371
narvech01,2011,Chris Narveson,chris narveson,29,MIL,NL,161.2,30,28,11,8,4.45,89,4.06,1.392,3.6,7.0,1.94,-7,1374
jimenub01,2011,Ubaldo Jiménez,ubaldo jimenez,27,CLECOL,ALNL,188.1,32,32,10,13,4.68,93,3.67,1.402,3.7,8.6,2.31,-9,1418
mcdonja03,2011,James McDonald,james mcdonald,26,PIT,NL,171.0,31,31,9,9,4.21,88,4.68,1.485,4.1,7.5,1.82,-9,1424
morrobr01,2011,Brandon Morrow,brandon morrow,26,TOR,AL,179.1,30,30,11,11,4.72,90,3.64,1.288,3.5,10.2,2.94,-9,1426
brittza01,2011,Zack Britton,zack britton,23,BAL,AL,154.1,28,28,11,11,4.61,92,4.00,1.451,3.6,5.7,1.56,-10,1436
marquja01,2011,Jason Marquis,jason marquis,32,ARIWSN,NL,132.0,23,23,8,6,4.43,87,4.05,1.492,2.9,5.2,1.77,-10,1447
pavanca01,2011,Carl Pavano,carl pavano,35,MIN,AL,222.0,33,33,9,13,4.30,94,4.10,1.360,1.6,4.1,2.55,-10,1452
blackni01,2011,Nick Blackburn,nick blackburn,29,MIN,AL,148.1,26,26,7,10,4.49,90,4.84,1.598,3.3,4.6,1.41,-12,1491
hochelu01,2011,Luke Hochevar,luke hochevar,27,KCR,AL,198.0,31,31,11,11,4.68,87,4.29,1.283,2.8,5.8,2.06,-12,1497
porceri01,2011,Rick Porcello,rick porcello,22,DET,AL,182.0,31,31,14,9,4.75,87,4.06,1.407,2.3,5.1,2.26,-12,1509
zambrca01,2011,Carlos Zambrano,carlos zambrano,30,CHC,NL,145.2,24,24,9,7,4.82,81,4.59,1.442,3.5,6.2,1.80,-12,1515
billich01,2011,Chad Billingsley,chad billingsley,26,LAD,NL,188.0,32,32,11,11,4.21,87,3.83,1.452,4.0,7.3,1.81,-13,1517
francje01,2011,Jeff Francis,jeff francis,30,KCR,AL,183.0,31,31,6,16,4.82,85,4.10,1.437,1.9,4.5,2.33,-13,1522
geedi01,2011,Dillon Gee,dillon gee,25,NYM,NL,160.2,30,27,13,6,4.43,83,4.65,1.376,4.0,6.4,1.61,-13,1523
vargaja01,2011,Jason Vargas,jason vargas,28,SEA,AL,201.0,32,32,10,13,4.25,88,4.08,1.313,2.6,5.9,2.22,-13,1541
wellsra01,2011,Randy Wells,randy wells,28,CHC,NL,135.1,23,23,7,6,4.99,78,5.11,1.389,3.1,5.5,1.74,-13,1543
daviswa01,2011,Wade Davis,wade davis,25,TBR,AL,184.0,29,29,11,10,4.45,85,4.67,1.375,3.1,5.1,1.67,-14,1551
hernali01,2011,Liván Hernández,livan hernandez,36,WSN,NL,175.1,29,29,8,13,4.47,86,3.95,1.397,2.4,5.1,2.15,-14,1557
liriafr01,2011,Francisco Liriano,francisco liriano,27,MIN,AL,134.1,26,24,9,10,5.09,80,4.54,1.489,5.0,7.5,1.49,-15,1577
niesejo01,2011,Jon Niese,jon niese,24,NYM,NL,157.1,27,26,11,11,4.40,83,3.36,1.411,2.5,7.9,3.14,-15,1581
burnea.01,2011,A.J. Burnett,a j burnett,34,NYY,AL,190.1,33,32,11,11,5.15,83,4.77,1.434,3.9,8.2,2.08,-16,1588
myersbr01,2011,Brett Myers,brett myers,30,HOU,NL,216.0,34,33,7,14,4.46,85,4.26,1.310,2.4,6.7,2.81,-16,1592
capuach01,2011,Chris Capuano,chris capuano,32,NYM,NL,186.0,33,31,11,12,4.55,81,4.04,1.349,2.6,8.1,3.17,-17,1603
chatwty01,2011,Tyler Chatwood,tyler chatwood,21,LAA,AL,142.0,27,25,6,11,4.75,79,4.89,1.669,4.5,4.7,1.04,-17,1605
dempsry01,2011,Ryan Dempster,ryan dempster,34,CHC,NL,202.1,34,34,10,14,4.80,81,3.90,1.448,3.6,8.5,2.33,-17,1607
nolasri01,2011,Ricky Nolasco,ricky nolasco,28,FLA,NL,206.0,33,33,10,12,4.67,84,3.53,1.398,1.9,6.5,3.36,-17,1616
volstch01,2011,Chris Volstad,chris volstad,24,FLA,NL,165.2,29,29,5,13,4.89,80,4.32,1.425,2.7,6.4,2.39,-17,1621
correke01,2011,Kevin Correia,kevin correia,30,PIT,NL,154.0,27,26,12,11,4.79,78,4.85,1.390,2.3,4.5,1.97,-19,1642
wakefti01,2011,Tim Wakefield,tim wakefield,44,BOS,AL,154.2,33,23,7,8,5.12,84,4.99,1.358,2.7,5.4,1.98,-20,1671
westbja01,2011,Jake Westbrook,jake westbrook,33,STL,NL,183.1,33,33,12,9,4.66,80,4.25,1.533,3.6,5.1,1.42,-20,1672
duensbr01,2011,Brian Duensing,brian duensing,28,MIN,AL,161.2,32,28,9,14,5.23,77,4.27,1.515,2.9,6.4,2.21,-21,1676
reyesjo03,2011,Jo-Jo Reyes,jo jo reyes,26,BALTOR,AL,140.2,29,25,7,11,5.57,77,4.90,1.592,3.1,5.6,1.81,-21,1682
arroybr01,2011,Bronson Arroyo,bronson arroyo,34,CIN,NL,199.0,32,32,9,12,5.07,78,5.71,1.367,2.0,4.9,2.40,-23,1694
lowede01,2011,Derek Lowe,derek lowe,38,ATL,NL,187.0,34,34,9,17,5.05,76,3.70,1.508,3.4,6.6,1.96,-23,1702
pennybr01,2011,Brad Penny,brad penny,33,DET,AL,181.2,31,31,11,11,5.30,78,5.02,1.563,3.1,3.7,1.19,-23,1704
pelfrmi01,2011,Mike Pelfrey,mike pelfrey,27,NYM,NL,193.2,34,33,7,13,4.74,78,4.47,1.472,3.0,4.9,1.62,-24,1718
pineijo01,2011,Joel Piñeiro,joel pineiro,32,LAA,AL,145.2,27,24,7,7,5.13,73,4.43,1.510,2.3,3.8,1.63,-24,1719
happja01,2011,J.A. Happ,j a happ,28,HOU,NL,156.1,28,28,6,15,5.35,71,4.69,1.535,4.8,7.7,1.61,-28,1744
carmofa01,2011,Roberto Hernández,roberto hernandez,30,CLE,AL,188.2,32,32,7,15,5.25,75,4.56,1.405,2.9,5.2,1.82,-31,1757
lackejo01,2011,John Lackey,john lackey,32,BOS,AL,160.0,28,28,12,12,6.41,67,4.71,1.619,3.2,6.1,1.93,-34,1770
verlaju01,2012,Justin Verlander,justin verlander,29,DET,AL,238.1,33,33,17,8,2.64,161,2.94,1.057,2.3,9.0,3.98,39,40
medlekr01,2012,Kris Medlen,kris medlen,26,ATL,NL,138.0,50,12,10,1,1.57,256,2.42,0.913,1.5,7.8,5.22,37,53
kershcl01,2012,Clayton Kershaw,clayton kershaw,24,LAD,NL,227.2,33,33,14,9,2.53,150,2.89,1.023,2.5,9.1,3.63,33,84
priceda01,2012,David Price,david price,26,TBR,AL,211.0,31,31,20,5,2.56,150,3.05,1.100,2.5,8.7,3.47,33,86
cuetojo01,2012,Johnny Cueto,johnny cueto,26,CIN,NL,217.0,33,33,19,9,2.78,148,3.27,1.171,2.0,7.1,3.47,31,97
dicker.01,2012,R.A. Dickey,r a dickey,37,NYM,NL,233.2,34,33,20,6,2.73,139,3.27,1.053,2.1,8.9,4.26,29,129
salech01,2012,Chris Sale,chris sale,23,CHW,AL,192.0,30,29,17,8,3.05,140,3.27,1.135,2.4,9.0,3.76,27,159
gonzagi01,2012,Gio González,gio gonzalez,26,WSN,NL,199.1,32,32,21,8,2.89,138,2.82,1.129,3.4,9.3,2.72,25,178
harrima01,2012,Matt Harrison,matt harrison,26,TEX,AL,213.1,32,32,18,11,3.29,133,4.03,1.261,2.5,5.6,2.25,25,181
hamelco01,2012,Cole Hamels,cole hamels,28,PHI,NL,215.1,31,31,17,6,3.05,132,3.30,1.124,2.2,9.0,4.15,23,214
lohseky01,2012,Kyle Lohse,kyle lohse,33,STL,NL,211.0,33,33,16,3,2.86,133,3.51,1.090,1.6,6.1,3.76,23,215
weaveje02,2012,Jered Weaver,jered weaver,29,LAA,AL,188.2,30,30,20,5,2.81,135,3.75,1.018,2.1,6.8,3.16,23,226
zimmejo02,2012,Jordan Zimmermann,jordan zimmermann,26,WSN,NL,195.2,32,32,12,8,2.94,136,3.51,1.170,2.0,7.0,3.56,23,228
kurodhi01,2012,Hiroki Kuroda,hiroki kuroda,37,NYY,AL,219.2,33,33,16,11,3.32,127,3.86,1.165,2.1,6.8,3.27,22,240
cainma01,2012,Matt Cain,matt cain,27,SFG,NL,219.1,32,32,16,5,2.79,126,3.40,1.040,2.1,7.9,3.78,21,260
hernafe02,2012,Félix Hernández,felix hernandez,26,SEA,AL,232.0,33,33,13,9,3.06,124,2.84,1.142,2.2,8.7,3.98,21,265
leecl02,2012,Cliff Lee,cliff lee,33,PHI,NL,211.0,30,30,6,9,3.16,128,3.13,1.114,1.2,8.8,7.39,21,270
peavyja01,2012,Jake Peavy,jake peavy,31,CHW,AL,219.0,32,32,11,12,3.37,126,3.73,1.096,2.0,8.0,3.96,21,272
dempsry01,2012,Ryan Dempster,ryan dempster,35,CHCTEX,ALNL,173.0,28,28,12,8,3.38,124,3.69,1.197,2.7,8.0,2.94,16,389
greinza01,2012,Zack Greinke,zack greinke,28,LAAMIL,ALNL,212.1,34,34,15,5,3.48,115,3.10,1.196,2.3,8.5,3.70,15,426
hellije01,2012,Jeremy Hellickson,jeremy hellickson,25,TBR,AL,177.0,31,31,10,11,3.10,124,4.60,1.254,3.0,6.3,2.10,15,427
latosma01,2012,Mat Latos,mat latos,24,CIN,NL,209.1,33,33,14,4,3.48,118,3.85,1.161,2.8,8.0,2.89,15,431
mileywa01,2012,Wade Miley,wade miley,25,ARI,NL,194.2,32,29,16,11,3.33,122,3.15,1.182,1.7,6.7,3.89,15,436
sabatc.01,2012,CC Sabathia,cc sabathia,31,NYY,AL,200.0,28,28,15,6,3.38,125,3.33,1.140,2.0,8.9,4.48,15,444
strasst01,2012,Stephen Strasburg,stephen strasburg,23,WSN,NL,159.1,28,28,15,6,3.16,126,2.82,1.155,2.7,11.1,4.10,14,487
gallayo01,2012,Yovani Gallardo,yovani gallardo,26,MIL,NL,204.0,33,33,16,9,3.66,112,3.94,1.304,3.6,9.0,2.52,12,532
scherma01,2012,Max Scherzer,max scherzer,27,DET,AL,187.2,32,32,16,7,3.74,114,3.26,1.274,2.9,11.1,3.85,12,554
arroybr01,2012,Bronson Arroyo,bronson arroyo,35,CIN,NL,202.0,32,32,12,10,3.74,110,4.08,1.208,1.6,5.7,3.69,11,570
fistedo01,2012,Doug Fister,doug fister,28,DET,AL,161.2,26,26,10,10,3.45,123,3.42,1.194,2.1,7.6,3.70,11,581
parkeja02,2012,Jarrod Parker,jarrod parker,23,OAK,AL,181.1,29,29,13,8,3.47,112,3.43,1.263,3.1,6.9,2.22,11,605
darviyu01,2012,Yu Darvish,yu darvish,25,TEX,AL,191.1,29,29,16,9,3.90,112,3.29,1.280,4.2,10.4,2.48,10,621
diamosc01,2012,Scott Diamond,scott diamond,25,MIN,AL,173.0,27,27,12,9,3.54,116,3.94,1.243,1.6,4.7,2.90,10,624
maholpa01,2012,Paul Maholm,paul maholm,30,ATLCHC,NL,189.0,32,31,13,11,3.67,111,4.00,1.222,2.5,6.7,2.64,10,639
buehrma01,2012,Mark Buehrle,mark buehrle,33,MIA,NL,202.1,31,31,13,13,3.74,109,4.18,1.171,1.8,5.6,3.13,9,665
colonba01,2012,Bartolo Colon,bartolo colon,39,OAK,AL,152.1,24,24,10,9,3.43,114,3.82,1.208,1.4,5.4,3.96,9,670
iwakuhi01,2012,Hisashi Iwakuma,hisashi iwakuma,31,SEA,AL,125.1,30,16,9,5,3.16,121,4.35,1.277,3.1,7.3,2.35,9,686
niesejo01,2012,Jon Niese,jon niese,25,NYM,NL,190.1,30,30,13,9,3.40,112,3.80,1.172,2.3,7.3,3.16,9,695
baileho02,2012,Homer Bailey,homer bailey,26,CIN,NL,208.0,33,33,13,10,3.68,112,3.97,1.240,2.3,7.3,3.23,8,712
detwiro01,2012,Ross Detwiler,ross detwiler,26,WSN,NL,164.1,33,27,10,8,3.40,118,4.04,1.223,2.8,5.8,2.02,8,722
hudsoti01,2012,Tim Hudson,tim hudson,36,ATL,NL,179.0,28,28,16,7,3.62,110,3.78,1.207,2.4,5.1,2.13,8,728
estrama01,2012,Marco Estrada,marco estrada,28,MIL,NL,138.1,29,23,5,7,3.64,113,3.35,1.142,1.9,9.3,4.93,7,757
johnsjo09,2012,Josh Johnson,josh johnson,28,MIA,NL,191.1,31,31,8,14,3.81,107,3.40,1.280,3.1,7.8,2.54,7,766
quintjo01,2012,Jose Quintana,jose quintana,23,CHW,AL,136.1,25,22,6,6,3.76,113,4.23,1.350,2.8,5.3,1.93,7,773
burnea.01,2012,A.J. Burnett,a j burnett,35,PIT,NL,202.1,31,31,16,10,3.51,107,3.52,1.241,2.8,8.0,2.90,6,790
cahiltr01,2012,Trevor Cahill,trevor cahill,24,ARI,NL,200.0,32,32,13,12,3.78,108,3.85,1.290,3.3,7.0,2.11,6,791
fiersmi01,2012,Mike Fiers,mike fiers,27,MIL,NL,127.2,23,22,9,10,3.74,110,3.09,1.261,2.5,9.5,3.75,6,797
samarje01,2012,Jeff Samardzija,jeff samardzija,27,CHC,NL,174.2,28,28,9,13,3.81,107,3.55,1.219,2.9,9.3,3.21,6,817
shielja02,2012,James Shields,james shields,30,TBR,AL,227.2,33,33,15,10,3.52,109,3.47,1.168,2.3,8.8,3.84,6,822
harrelu01,2012,Lucas Harrell,lucas harrell,27,HOU,NL,193.2,32,32,11,11,3.76,107,3.74,1.358,3.6,6.5,1.79,5,846
billich01,2012,Chad Billingsley,chad billingsley,27,LAD,NL,149.2,25,25,10,9,3.55,107,3.34,1.290,2.7,7.7,2.84,4,874
sanchan01,2012,Aníbal Sánchez,anibal sanchez,28,DETMIA,ALNL,195.2,31,31,9,13,3.86,108,3.53,1.267,2.2,7.7,3.48,4,915
vogelry01,2012,Ryan Vogelsong,ryan vogelsong,34,SFG,NL,189.2,31,31,14,9,3.37,105,3.70,1.228,2.9,7.5,2.55,4,922
bumgama01,2012,Madison Bumgarner,madison bumgarner,22,SFG,NL,208.1,32,32,16,11,3.37,105,3.50,1.114,2.1,8.3,3.90,3,929
lynnla01,2012,Lance Lynn,lance lynn,25,STL,NL,176.0,35,29,18,7,3.78,100,3.49,1.318,3.3,9.2,2.81,3,951
chenwe02,2012,Wei-Yin Chen,wei yin chen,26,BAL,AL,192.2,32,32,12,11,4.02,105,4.42,1.261,2.7,7.2,2.70,2,982
kendrky01,2012,Kyle Kendrick,kyle kendrick,27,PHI,NL,159.1,37,25,11,12,3.90,104,4.32,1.274,2.8,6.6,2.37,2,998
rodriwa01,2012,Wandy Rodríguez,wandy rodriguez,33,HOUPIT,NL,205.2,34,33,12,13,3.76,105,3.93,1.269,2.5,6.1,2.48,2,1016
vargaja01,2012,Jason Vargas,jason vargas,29,SEA,AL,217.1,33,33,14,11,3.85,99,4.69,1.178,2.3,5.8,2.56,2,1021
villaca01,2012,Carlos Villanueva,carlos villanueva,28,TOR,AL,125.1,38,16,7,7,4.16,101,4.71,1.269,3.3,8.8,2.65,2,1023
capuach01,2012,Chris Capuano,chris capuano,33,LAD,NL,198.1,33,33,12,12,3.72,102,3.95,1.220,2.5,7.4,3.00,1,1030
floydga01,2012,Gavin Floyd,gavin floyd,29,CHW,AL,168.0,29,29,12,11,4.29,99,4.46,1.363,3.4,7.7,2.29,1,1037
haranaa01,2012,Aaron Harang,aaron harang,34,LAD,NL,179.2,31,31,10,10,3.61,105,4.13,1.403,4.3,6.6,1.54,1,1043
kenneia01,2012,Ian Kennedy,ian kennedy,27,ARI,NL,208.1,33,33,15,12,4.02,101,4.04,1.301,2.4,8.1,3.40,1,1046
milonto01,2012,Tommy Milone,tommy milone,25,OAK,AL,190.0,31,31,13,10,3.74,104,3.93,1.279,1.7,6.5,3.81,1,1055
jacksed01,2012,Edwin Jackson,edwin jackson,28,WSN,NL,189.2,31,31,10,11,4.03,99,3.85,1.218,2.8,8.0,2.90,0,1097
saundjo01,2012,Joe Saunders,joe saunders,31,ARIBAL,ALNL,174.2,28,28,9,13,4.07,101,4.08,1.340,2.0,5.8,2.87,0,1112
hugheph01,2012,Phil Hughes,phil hughes,26,NYY,AL,191.1,32,32,16,13,4.19,101,4.56,1.265,2.2,7.8,3.59,-1,1130
mendolu01,2012,Luis Mendoza,luis mendoza,28,KCR,AL,166.0,30,25,8,10,4.23,99,4.28,1.416,3.2,5.6,1.76,-1,1140
moorema02,2012,Matt Moore,matt moore,23,TBR,AL,177.1,31,31,11,11,3.81,101,3.93,1.348,4.1,8.9,2.16,-1,1142
minormi01,2012,Mike Minor,mike minor,24,ATL,NL,179.1,30,30,11,10,4.12,97,4.38,1.154,2.8,7.3,2.59,-2,1173
cobbal01,2012,Alex Cobb,alex cobb,24,TBR,AL,136.1,23,23,11,9,4.03,96,3.67,1.247,2.6,7.0,2.65,-3,1193
woodtr01,2012,Travis Wood,travis wood,25,CHC,NL,156.0,26,26,6,13,4.27,96,4.84,1.199,3.1,6.9,2.20,-3,1217
worleva01,2012,Vance Worley,vance worley,24,PHI,NL,133.0,23,23,6,9,4.20,96,3.85,1.511,3.2,7.2,2.28,-3,1218
wainwad01,2012,Adam Wainwright,adam wainwright,30,STL,NL,198.2,32,32,14,13,3.94,96,3.10,1.248,2.4,8.3,3.54,-4,1273
westbja01,2012,Jake Westbrook,jake westbrook,34,STL,NL,174.2,28,28,13,11,3.97,96,3.80,1.391,2.7,5.5,2.04,-4,1274
hallaro01,2012,Roy Halladay,roy halladay,35,PHI,NL,156.1,25,25,11,8,4.49,90,3.69,1.222,2.1,7.6,3.67,-5,1288
wilsocj01,2012,C.J. Wilson,c j wilson,31,LAA,AL,202.1,34,34,13,10,3.83,100,4.04,1.344,4.0,7.7,1.90,-5,1312
hollade01,2012,Derek Holland,derek holland,25,TEX,AL,175.1,29,27,12,7,4.67,94,4.75,1.221,2.7,7.4,2.79,-6,1325
buchhcl01,2012,Clay Buchholz,clay buchholz,27,BOS,AL,189.1,29,29,11,8,4.56,92,4.65,1.326,3.0,6.1,2.02,-7,1348
guthrje01,2012,Jeremy Guthrie,jeremy guthrie,33,COLKCR,ALNL,181.2,33,29,8,12,4.76,93,5.10,1.409,2.5,5.0,2.02,-7,1358
nolasri01,2012,Ricky Nolasco,ricky nolasco,29,MIA,NL,191.0,31,31,12,13,4.48,91,3.87,1.366,2.2,5.9,2.66,-7,1376
zambrca01,2012,Carlos Zambrano,carlos zambrano,31,MIA,NL,132.1,35,20,7,10,4.49,91,4.47,1.496,5.1,6.5,1.27,-7,1386
beckejo02,2012,Josh Beckett,josh beckett,32,BOSLAD,ALNL,170.1,28,28,7,14,4.65,89,4.15,1.327,2.7,7.0,2.54,-8,1389
leakemi01,2012,Mike Leake,mike leake,24,CIN,NL,179.0,30,30,8,9,4.58,90,4.42,1.352,2.1,5.8,2.83,-8,1398
mcdonja03,2012,James McDonald,james mcdonald,27,PIT,NL,171.0,30,29,12,8,4.21,89,4.21,1.263,3.6,7.9,2.19,-8,1400
porceri01,2012,Rick Porcello,rick porcello,23,DET,AL,176.1,31,31,10,12,4.59,93,3.91,1.531,2.2,5.5,2.43,-8,1402
beavabl01,2012,Blake Beavan,blake beavan,23,SEA,AL,152.1,26,26,11,11,4.43,86,4.85,1.260,1.4,4.0,2.79,-9,1409
hansoto01,2012,Tommy Hanson,tommy hanson,25,ATL,NL,174.2,31,31,13,10,4.48,89,4.57,1.454,3.7,8.3,2.27,-9,1415
happja01,2012,J.A. Happ,j a happ,29,HOUTOR,ALNL,144.2,28,24,10,11,4.79,86,4.01,1.403,3.5,9.0,2.57,-9,1416
norribu01,2012,Bud Norris,bud norris,27,HOU,NL,168.1,29,29,7,13,4.65,87,4.23,1.372,3.5,8.8,2.50,-9,1428
correke01,2012,Kevin Correia,kevin correia,31,PIT,NL,171.0,32,28,12,11,4.21,89,4.43,1.298,2.4,4.7,1.93,-10,1437
millwke01,2012,Kevin Millwood,kevin millwood,37,SEA,AL,161.0,28,28,6,12,4.25,90,3.91,1.391,3.1,6.0,1.91,-10,1449
volqued01,2012,Edinson Vólquez,edinson volquez,28,SDP,NL,182.2,32,32,11,11,4.14,87,4.06,1.451,5.2,8.6,1.66,-10,1462
willije01,2012,Jerome Williams,jerome williams,30,LAA,AL,137.2,32,15,6,8,4.58,83,4.15,1.264,2.3,6.4,2.80,-11,1490
doubrfe01,2012,Félix Doubront,felix doubront,24,BOS,AL,161.0,29,29,11,10,4.86,87,4.37,1.447,4.0,9.3,2.35,-12,1493
harenda01,2012,Dan Haren,dan haren,31,LAA,AL,176.2,30,30,12,13,4.33,88,4.24,1.291,1.9,7.2,3.74,-12,1496
lestejo01,2012,Jon Lester,jon lester,28,BOS,AL,205.1,33,33,9,14,4.82,87,4.11,1.383,3.0,7.3,2.44,-12,1499
mcallza01,2012,Zach McAllister,zach mcallister,24,CLE,AL,125.1,22,22,6,8,4.24,92,4.24,1.364,2.7,7.9,2.89,-12,1504
alvarhe01,2012,Henderson Alvarez III,henderson alvarez iii,22,TOR,AL,187.1,31,31,9,14,4.85,87,5.18,1.441,2.6,3.8,1.46,-13,1516
novaiv01,2012,Iván Nova,ivan nova,25,NYY,AL,170.1,28,28,12,8,5.02,84,4.60,1.468,3.0,8.1,2.73,-13,1533
richacl01,2012,Clayton Richard,clayton richard,28,SDP,NL,218.2,33,33,14,14,3.99,90,4.62,1.235,1.7,4.4,2.55,-13,1535
blantjo01,2012,Joe Blanton,joe blanton,31,LADPHI,NL,191.0,31,30,10,13,4.71,84,3.91,1.262,1.6,7.8,4.88,-14,1546
zitoba01,2012,Barry Zito,barry zito,34,SFG,NL,184.1,32,32,15,8,4.15,85,4.49,1.389,3.4,5.6,1.63,-14,1566
chenbr01,2012,Bruce Chen,bruce chen,35,KCR,AL,191.2,34,34,11,14,5.07,82,4.73,1.367,2.2,6.6,2.98,-17,1606
hunteto02,2012,Tommy Hunter,tommy hunter,25,BAL,AL,133.2,33,20,7,8,5.45,77,5.75,1.406,1.8,5.2,2.85,-17,1610
bedarer01,2012,Érik Bédard,erik bedard,33,PIT,NL,125.2,24,24,7,14,5.01,75,4.07,1.472,4.0,8.5,2.11,-18,1625
liriafr01,2012,Francisco Liriano,francisco liriano,28,CHWMIN,AL,156.2,34,28,6,12,5.34,78,4.34,1.468,5.0,9.6,1.92,-19,1649
lowede01,2012,Derek Lowe,derek lowe,39,CLENYY,AL,142.2,38,21,9,11,5.11,77,4.37,1.619,3.2,3.5,1.08,-20,1665
lylesjo01,2012,Jordan Lyles,jordan lyles,21,HOU,NL,141.1,25,25,5,12,5.09,79,4.53,1.422,2.7,6.3,2.36,-21,1681
wolfra02,2012,Randy Wolf,randy wolf,35,BALMIL,ALNL,157.2,30,26,5,10,5.65,73,4.79,1.573,3.0,5.9,2.00,-23,1709
marquja01,2012,Jason Marquis,jason marquis,33,MINSDP,ALNL,127.2,22,22,8,11,5.22,72,5.09,1.473,3.0,6.4,2.17,-25,1728
masteju01,2012,Justin Masterson,justin masterson,27,CLE,AL,206.1,34,34,11,15,4.93,79,4.16,1.454,3.8,6.9,1.81,-25,1729
santaer01,2012,Ervin Santana,ervin santana,29,LAA,AL,178.0,30,30,9,13,5.16,74,5.63,1.270,3.1,6.7,2.18,-28,1747
romerri01,2012,Ricky Romero,ricky romero,27,TOR,AL,181.0,32,32,9,14,5.77,73,5.14,1.674,5.2,6.2,1.18,-29,1753
hochelu01,2012,Luke Hochevar,luke hochevar,28,KCR,AL,185.1,32,32,8,16,5.73,73,4.63,1.419,3.0,7.0,2.36,-31,1758
jimenub01,2012,Ubaldo Jiménez,ubaldo jimenez,28,CLE,AL,176.2,31,31,9,17,5.40,72,5.06,1.613,4.8,7.3,1.51,-32,1764
linceti01,2012,Tim Lincecum,tim lincecum,28,SFG,NL,186.0,33,33,10,15,5.18,68,4.17,1.468,4.4,9.2,2.11,-35,1772
kershcl01,2013,Clayton Kershaw,clayton kershaw,25,LAD,NL,236.0,33,33,16,9,1.83,194,2.39,0.915,2.0,8.8,4.46,46,10
darviyu01,2013,Yu Darvish,yu darvish,26,TEX,AL,209.2,32,32,13,9,2.83,145,3.28,1.073,3.4,11.9,3.46,31,98
sanchan01,2013,Aníbal Sánchez,anibal sanchez,29,DET,AL,182.0,29,29,14,8,2.57,162,2.39,1.154,2.7,10.0,3.74,31,104
fernajo02,2013,José Fernández,jose fernandez,20,MIA,NL,172.2,28,28,12,6,2.19,176,2.73,0.979,3.0,9.7,3.22,30,111
scherma01,2013,Max Scherzer,max scherzer,28,DET,AL,214.1,32,32,21,3,2.90,144,2.74,0.970,2.4,10.1,4.29,30,121
harvema01,2013,Matt Harvey,matt harvey,24,NYM,NL,178.1,26,26,9,5,2.27,157,2.01,0.931,1.6,9.6,6.16,28,138
iwakuhi01,2013,Hisashi Iwakuma,hisashi iwakuma,32,SEA,AL,219.2,33,33,14,6,2.66,138,3.44,1.006,1.7,7.6,4.40,28,139
colonba01,2013,Bartolo Colon,bartolo colon,40,OAK,AL,190.1,30,30,18,6,2.65,147,3.23,1.166,1.4,5.5,4.03,27,152
shielja02,2013,James Shields,james shields,31,KCR,AL,228.2,34,34,13,9,3.15,131,3.47,1.238,2.7,7.7,2.88,26,171
salech01,2013,Chris Sale,chris sale,24,CHW,AL,214.1,30,30,11,14,3.07,137,3.17,1.073,1.9,9.5,4.91,25,186
wainwad01,2013,Adam Wainwright,adam wainwright,31,STL,NL,241.2,34,34,19,9,2.94,127,2.55,1.068,1.3,8.2,6.26,23,225
leecl02,2013,Cliff Lee,cliff lee,34,PHI,NL,222.2,31,31,14,8,2.87,131,2.82,1.010,1.3,9.0,6.94,22,241
greinza01,2013,Zack Greinke,zack greinke,29,LAD,NL,177.2,28,28,15,4,2.63,135,3.23,1.114,2.3,7.5,3.22,20,291
cobbal01,2013,Alex Cobb,alex cobb,25,TBR,AL,143.1,22,22,11,3,2.76,139,3.36,1.151,2.8,8.4,2.98,19,307
santaer01,2013,Ervin Santana,ervin santana,30,KCR,AL,211.0,32,32,9,10,3.24,127,3.93,1.142,2.2,6.9,3.16,19,320
chacijh01,2013,Jhoulys Chacín,jhoulys chacin,25,COL,NL,197.1,31,31,14,10,3.47,129,3.47,1.262,2.8,5.7,2.07,18,331
woodtr01,2013,Travis Wood,travis wood,26,CHC,NL,200.0,32,32,9,12,3.11,124,3.89,1.145,3.0,6.5,2.18,17,382
bumgama01,2013,Madison Bumgarner,madison bumgarner,23,SFG,NL,201.1,31,31,13,9,2.77,124,3.05,1.033,2.8,8.9,3.21,16,385
hernafe02,2013,Félix Hernández,felix hernandez,27,SEA,AL,204.1,31,31,12,10,3.04,121,2.61,1.131,2.0,9.5,4.70,16,395
kurodhi01,2013,Hiroki Kuroda,hiroki kuroda,38,NYY,AL,201.1,32,32,11,13,3.31,121,3.56,1.162,1.9,6.7,3.49,16,397
rosajo01,2013,Jorge De La Rosa,jorge de la rosa,32,COL,NL,167.2,30,30,16,6,3.49,128,3.76,1.384,3.3,6.0,1.81,15,422
hollade01,2013,Derek Holland,derek holland,26,TEX,AL,213.0,33,33,10,9,3.42,120,3.44,1.286,2.7,8.0,2.95,15,428
novaiv01,2013,Iván Nova,ivan nova,26,NYY,AL,139.1,23,20,9,6,3.10,129,3.47,1.285,2.8,7.5,2.64,15,441
quintjo01,2013,Jose Quintana,jose quintana,24,CHW,AL,200.0,33,33,9,7,3.51,120,3.82,1.220,2.5,7.4,2.93,15,443
verlaju01,2013,Justin Verlander,justin verlander,30,DET,AL,218.1,34,34,13,12,3.46,120,3.28,1.315,3.1,8.9,2.89,15,452
latosma01,2013,Mat Latos,mat latos,25,CIN,NL,210.2,32,32,14,7,3.16,120,3.10,1.210,2.5,8.0,3.22,14,476
ryuhy01,2013,Hyun Jin Ryu,hyun jin ryu,26,LAD,NL,192.0,30,30,14,8,3.00,119,3.24,1.203,2.3,7.2,3.14,14,484
strasst01,2013,Stephen Strasburg,stephen strasburg,24,WSN,NL,183.0,30,30,8,9,3.00,126,3.21,1.049,2.8,9.4,3.41,14,488
zimmejo02,2013,Jordan Zimmermann,jordan zimmermann,27,WSN,NL,213.1,32,32,19,9,3.25,116,3.36,1.088,1.7,6.8,4.03,14,492
millesh01,2013,Shelby Miller,shelby miller,22,STL,NL,173.1,31,31,15,9,3.06,122,3.67,1.206,3.0,8.8,2.96,13,508
corbipa01,2013,Patrick Corbin,patrick corbin,23,ARI,NL,208.1,32,32,14,8,3.41,113,3.43,1.166,2.3,7.7,3.30,12,530
lackejo01,2013,John Lackey,john lackey,34,BOS,AL,189.1,29,29,10,13,3.52,117,3.86,1.157,1.9,7.7,4.03,12,542
liriafr01,2013,Francisco Liriano,francisco liriano,29,PIT,NL,161.0,26,26,16,8,3.02,118,2.92,1.224,3.5,9.1,2.59,12,544
lohseky01,2013,Kyle Lohse,kyle lohse,34,MIL,NL,198.2,32,32,11,10,3.35,115,4.08,1.168,1.6,5.7,3.47,12,545
medlekr01,2013,Kris Medlen,kris medlen,27,ATL,NL,197.0,32,31,15,12,3.11,121,3.48,1.223,2.1,7.2,3.34,12,549
minormi01,2013,Mike Minor,mike minor,25,ATL,NL,204.2,32,32,13,9,3.21,117,3.37,1.090,2.0,8.0,3.93,12,550
teherju01,2013,Julio Teheran,julio teheran,22,ATL,NL,185.2,30,30,14,8,3.20,117,3.69,1.174,2.2,8.2,3.78,12,559
fistedo01,2013,Doug Fister,doug fister,29,DET,AL,208.2,33,32,14,9,3.67,113,3.26,1.308,1.9,6.9,3.61,11,582
tillmch01,2013,Chris Tillman,chris tillman,25,BAL,AL,206.1,33,33,16,7,3.71,110,4.42,1.221,3.0,7.8,2.63,11,610
archech01,2013,Chris Archer,chris archer,24,TBR,AL,128.2,23,23,9,7,3.22,120,4.07,1.127,2.7,7.1,2.66,10,615
masteju01,2013,Justin Masterson,justin masterson,28,CLE,AL,193.0,32,29,14,10,3.45,110,3.35,1.202,3.5,9.1,2.57,10,641
moorema02,2013,Matt Moore,matt moore,24,TBR,AL,150.1,27,27,17,4,3.29,117,3.95,1.297,4.5,8.6,1.88,10,646
weaveje02,2013,Jered Weaver,jered weaver,30,LAA,AL,154.1,24,24,11,8,3.27,115,3.82,1.140,2.2,6.8,3.16,10,660
gonzagi01,2013,Gio González,gio gonzalez,27,WSN,NL,195.2,32,32,11,8,3.36,113,3.41,1.252,3.5,8.8,2.53,9,675
jimenub01,2013,Ubaldo Jiménez,ubaldo jimenez,29,CLE,AL,182.2,32,32,13,9,3.30,115,3.43,1.330,3.9,9.6,2.43,9,687
leakemi01,2013,Mike Leake,mike leake,25,CIN,NL,192.1,31,31,14,7,3.37,112,4.04,1.253,2.2,5.7,2.54,9,689
lestejo01,2013,Jon Lester,jon lester,29,BOS,AL,213.1,33,33,15,8,3.75,110,3.59,1.294,2.8,7.5,2.64,9,690
priceda01,2013,David Price,david price,27,TBR,AL,186.2,27,27,10,8,3.33,115,3.03,1.098,1.3,7.3,5.59,9,696
baileho02,2013,Homer Bailey,homer bailey,27,CIN,NL,209.0,32,32,11,12,3.49,108,3.31,1.124,2.3,8.6,3.69,8,713
santihe01,2013,Héctor Santiago,hector santiago,25,CHW,AL,149.0,34,23,4,9,3.56,118,4.44,1.403,4.3,8.3,1.90,8,743
mileywa01,2013,Wade Miley,wade miley,26,ARI,NL,202.2,33,33,10,10,3.55,109,3.98,1.317,2.9,6.5,2.23,6,808
wilsocj01,2013,C.J. Wilson,c j wilson,32,LAA,AL,212.1,33,33,17,7,3.39,111,3.51,1.342,3.6,8.0,2.21,6,826
cashnan01,2013,Andrew Cashner,andrew cashner,26,SDP,NL,175.0,31,26,10,9,3.09,111,3.35,1.131,2.4,6.6,2.72,5,835
pettian01,2013,Andy Pettitte,andy pettitte,41,NYY,AL,185.1,30,30,11,11,3.74,107,3.70,1.327,2.3,6.2,2.67,5,860
burnea.01,2013,A.J. Burnett,a j burnett,36,PIT,NL,191.0,30,30,10,11,3.30,108,2.80,1.215,3.2,9.8,3.12,4,877
gonzami03,2013,Miguel González,miguel gonzalez,29,BAL,AL,171.1,30,28,11,8,3.78,108,4.45,1.226,2.8,6.3,2.26,4,888
hamelco01,2013,Cole Hamels,cole hamels,29,PHI,NL,220.0,33,33,8,14,3.60,104,3.26,1.159,2.0,8.3,4.04,4,895
garzama01,2013,Matt Garza,matt garza,29,CHCTEX,ALNL,155.1,24,24,10,6,3.82,105,3.88,1.236,2.4,7.9,3.24,3,939
guthrje01,2013,Jeremy Guthrie,jeremy guthrie,34,KCR,AL,211.2,33,33,15,12,4.04,102,4.79,1.394,2.5,4.7,1.88,3,943
arroybr01,2013,Bronson Arroyo,bronson arroyo,36,CIN,NL,202.0,32,32,14,12,3.79,100,4.49,1.153,1.5,5.5,3.65,2,975
chenwe02,2013,Wei-Yin Chen,wei yin chen,27,BAL,AL,137.0,23,23,7,7,4.07,100,4.04,1.321,2.6,6.8,2.67,2,983
estrama01,2013,Marco Estrada,marco estrada,29,MIL,NL,128.0,21,21,7,4,3.87,100,3.86,1.078,2.0,8.3,4.07,2,987
griffaj01,2013,A.J. Griffin,a j griffin,25,OAK,AL,200.0,32,32,14,10,3.83,101,4.55,1.125,2.4,7.7,3.17,2,994
rossty01,2013,Tyson Ross,tyson ross,26,SDP,NL,125.0,35,16,3,8,3.17,108,3.20,1.152,3.2,8.6,2.70,2,1017
feldmsc01,2013,Scott Feldman,scott feldman,30,BALCHC,ALNL,181.2,30,30,12,12,3.86,103,4.03,1.183,2.8,6.5,2.36,1,1035
lockeje01,2013,Jeff Locke,jeff locke,25,PIT,NL,166.1,30,30,10,7,3.52,101,4.03,1.383,4.5,6.8,1.49,1,1048
peavyja01,2013,Jake Peavy,jake peavy,32,BOSCHW,AL,144.2,23,23,12,5,4.17,100,3.96,1.147,2.2,7.5,3.36,1,1060
buehrma01,2013,Mark Buehrle,mark buehrle,34,TOR,AL,203.2,33,33,12,10,4.15,99,4.10,1.345,2.3,6.1,2.73,0,1076
correke01,2013,Kevin Correia,kevin correia,32,MIN,AL,185.1,31,31,9,13,4.18,98,4.40,1.419,2.2,4.9,2.24,0,1078
geedi01,2013,Dillon Gee,dillon gee,27,NYM,NL,199.0,32,32,12,11,3.62,98,4.00,1.281,2.1,6.4,3.02,0,1085
klubeco01,2013,Corey Kluber,corey kluber,27,CLE,AL,147.1,26,24,11,5,3.85,99,3.30,1.262,2.0,8.3,4.12,0,1098
nolasri01,2013,Ricky Nolasco,ricky nolasco,30,LADMIA,NL,199.1,34,33,13,11,3.70,101,3.34,1.209,2.1,7.4,3.59,0,1106
mcallza01,2013,Zach McAllister,zach mcallister,25,CLE,AL,134.1,24,24,9,9,3.75,101,4.03,1.362,3.3,6.8,2.06,-1,1139
parkeja02,2013,Jarrod Parker,jarrod parker,24,OAK,AL,197.0,32,32,12,8,3.97,98,4.40,1.223,2.9,6.1,2.13,-1,1144
porceri01,2013,Rick Porcello,rick porcello,24,DET,AL,177.0,32,29,13,8,4.32,96,3.53,1.282,2.1,7.2,3.38,-1,1146
villaca01,2013,Carlos Villanueva,carlos villanueva,29,CHC,NL,128.2,47,15,7,8,4.06,95,3.86,1.220,2.8,7.2,2.58,-1,1152
cahiltr01,2013,Trevor Cahill,trevor cahill,25,ARI,NL,146.2,26,25,8,10,3.99,97,4.26,1.418,4.0,6.3,1.57,-2,1158
dicker.01,2013,R.A. Dickey,r a dickey,38,TOR,AL,224.2,34,34,14,13,4.21,98,4.58,1.237,2.8,7.1,2.49,-2,1160
hudsoti01,2013,Tim Hudson,tim hudson,37,ATL,NL,131.1,21,21,8,7,3.97,94,3.46,1.188,2.5,6.5,2.64,-2,1166
straida01,2013,Dan Straily,dan straily,24,OAK,AL,152.1,27,27,10,8,3.96,98,4.05,1.241,3.4,7.3,2.18,-2,1181
vargaja01,2013,Jason Vargas,jason vargas,30,LAA,AL,150.0,24,24,9,8,4.02,94,4.09,1.387,2.8,6.5,2.37,-2,1183
doubrfe01,2013,Félix Doubront,felix doubront,25,BOS,AL,162.1,29,27,11,6,4.32,95,3.78,1.429,3.9,7.7,1.96,-3,1197
lynnla01,2013,Lance Lynn,lance lynn,26,STL,NL,201.2,33,33,15,10,3.97,94,3.28,1.314,3.4,8.8,2.61,-3,1204
norribu01,2013,Bud Norris,bud norris,28,BALHOU,AL,176.2,32,30,10,12,4.18,97,3.86,1.489,3.4,7.5,2.19,-3,1208
kazmisc01,2013,Scott Kazmir,scott kazmir,29,CLE,AL,158.0,29,29,10,9,4.04,94,3.51,1.323,2.7,9.2,3.45,-4,1247
niesejo01,2013,Jon Niese,jon niese,26,NYM,NL,143.0,24,24,8,8,3.71,96,3.58,1.441,3.0,6.6,2.19,-5,1296
gallayo01,2013,Yovani Gallardo,yovani gallardo,27,MIL,NL,180.2,31,31,12,10,4.18,92,3.89,1.362,3.3,7.2,2.18,-7,1355
koehlto01,2013,Tom Koehler,tom koehler,27,MIA,NL,143.0,29,23,5,10,4.41,88,4.27,1.357,3.4,5.8,1.70,-7,1364
milonto01,2013,Tommy Milone,tommy milone,26,OAK,AL,156.1,28,26,12,9,4.14,94,4.30,1.273,2.2,7.3,3.23,-7,1373
richaga01,2013,Garrett Richards,garrett richards,25,LAA,AL,145.0,47,17,7,8,4.16,91,3.66,1.345,2.7,6.3,2.30,-7,1380
rogeres01,2013,Esmil Rogers,esmil rogers,27,TOR,AL,137.2,44,20,5,9,4.77,86,4.73,1.424,2.9,6.3,2.18,-8,1404
bedarer01,2013,Érik Bédard,erik bedard,34,HOU,AL,151.0,32,26,4,12,4.59,88,4.38,1.483,4.5,8.2,1.84,-9,1410
danksjo01,2013,John Danks,john danks,28,CHW,AL,138.1,22,22,4,14,4.75,89,5.06,1.287,1.8,5.8,3.30,-9,1412
mccarbr01,2013,Brandon McCarthy,brandon mccarthy,29,ARI,NL,135.0,22,22,5,11,4.53,85,3.75,1.348,1.4,5.1,3.62,-9,1423
dempsry01,2013,Ryan Dempster,ryan dempster,36,BOS,AL,171.1,32,29,8,9,4.57,90,4.68,1.453,4.1,8.2,1.99,-10,1440
nicasju01,2013,Juan Nicasio,juan nicasio,26,COL,NL,157.2,31,31,9,9,5.14,87,4.25,1.471,3.7,6.8,1.86,-10,1450
samarje01,2013,Jeff Samardzija,jeff samardzija,28,CHC,NL,213.2,33,33,8,13,4.34,89,3.77,1.348,3.3,9.0,2.74,-10,1457
cainma01,2013,Matt Cain,matt cain,28,SFG,NL,184.1,30,30,8,10,4.00,86,3.93,1.156,2.7,7.7,2.87,-11,1466
maholpa01,2013,Paul Maholm,paul maholm,31,ATL,NL,153.0,26,26,10,11,4.41,85,4.24,1.412,2.8,6.2,2.23,-12,1502
hammeja01,2013,Jason Hammel,jason hammel,30,BAL,AL,139.1,26,23,7,8,4.97,82,4.93,1.457,3.1,6.2,2.00,-13,1524
stulter01,2013,Eric Stults,eric stults,33,SDP,NL,203.2,33,33,11,13,3.93,87,3.53,1.272,1.8,5.8,3.28,-13,1539
harenda01,2013,Dan Haren,dan haren,32,WSN,NL,169.2,31,30,10,14,4.67,81,4.09,1.238,1.6,8.0,4.87,-15,1573
hefneje01,2013,Jeremy Hefner,jeremy hefner,27,NYM,NL,130.2,24,23,4,8,4.34,82,4.49,1.293,2.5,6.8,2.68,-15,1574
peralwi01,2013,Wily Peralta,wily peralta,24,MIL,NL,183.1,32,32,11,15,4.37,88,4.30,1.418,3.6,6.3,1.77,-15,1584
willije01,2013,Jerome Williams,jerome williams,31,LAA,AL,169.1,37,25,9,10,4.57,82,4.60,1.394,2.9,5.7,1.95,-16,1598
pelfrmi01,2013,Mike Pelfrey,mike pelfrey,29,MIN,AL,152.2,29,29,5,13,5.19,79,3.99,1.552,3.1,6.0,1.91,-17,1618
carmofa01,2013,Roberto Hernández,roberto hernandez,32,TBR,AL,151.0,32,24,6,13,4.89,79,4.63,1.338,2.3,6.7,2.97,-18,1626
daviswa01,2013,Wade Davis,wade davis,27,KCR,AL,135.1,31,24,8,11,5.32,78,4.18,1.677,3.9,7.6,1.97,-19,1644
hugheph01,2013,Phil Hughes,phil hughes,27,NYY,AL,145.2,30,29,4,14,5.19,77,4.50,1.455,2.6,7.5,2.88,-19,1647
keuchda01,2013,Dallas Keuchel,dallas keuchel,25,HOU,AL,153.2,31,22,6,10,5.15,78,4.25,1.536,3.0,7.2,2.37,-19,1648
sabatc.01,2013,CC Sabathia,cc sabathia,32,NYY,AL,211.0,32,32,14,13,4.78,84,4.10,1.370,2.8,7.5,2.69,-19,1651
diamosc01,2013,Scott Diamond,scott diamond,26,MIN,AL,131.0,24,24,6,13,5.43,75,5.19,1.519,2.5,3.6,1.44,-20,1658
kendrky01,2013,Kyle Kendrick,kyle kendrick,28,PHI,NL,182.0,30,30,10,13,4.70,80,4.02,1.396,2.3,5.4,2.34,-20,1663
axelrdy01,2013,Dylan Axelrod,dylan axelrod,27,CHW,AL,128.1,30,20,4,11,5.68,74,5.44,1.660,3.0,5.1,1.70,-21,1674
linceti01,2013,Tim Lincecum,tim lincecum,29,SFG,NL,197.2,32,32,10,14,4.37,79,3.74,1.315,3.5,8.8,2.54,-21,1679
jacksed01,2013,Edwin Jackson,edwin jackson,29,CHC,NL,175.1,31,31,8,18,4.98,78,3.79,1.460,3.0,6.9,2.29,-23,1700
hellije01,2013,Jeremy Hellickson,jeremy hellickson,26,TBR,AL,174.0,32,31,12,10,5.17,74,4.22,1.351,2.6,7.0,2.70,-24,1714
kenneia01,2013,Ian Kennedy,ian kennedy,28,ARISDP,NL,181.1,31,31,7,10,4.91,76,4.59,1.395,3.6,8.1,2.23,-25,1725
lylesjo01,2013,Jordan Lyles,jordan lyles,22,HOU,AL,141.2,27,25,7,9,5.59,72,4.57,1.511,3.1,5.9,1.90,-26,1735
haranaa01,2013,Aaron Harang,aaron harang,35,NYMSEA,ALNL,143.1,26,26,5,12,5.40,68,4.79,1.347,2.5,7.1,2.83,-29,1750
harrelu01,2013,Lucas Harrell,lucas harrell,28,HOU,AL,153.2,36,22,6,17,5.86,69,5.42,1.705,5.2,5.2,1.01,-32,1761
blantjo01,2013,Joe Blanton,joe blanton,32,LAA,AL,132.2,28,20,2,14,6.04,62,5.12,1.613,2.3,7.3,3.18,-36,1773
saundjo01,2013,Joe Saunders,joe saunders,32,SEA,AL,183.0,32,32,11,16,5.26,70,4.72,1.601,3.0,5.3,1.75,-36,1776
zitoba01,2013,Barry Zito,barry zito,35,SFG,NL,133.1,30,25,5,11,5.74,60,4.92,1.703,3.6,5.8,1.59,-38,1779
volqued01,2013,Edinson Vólquez,edinson volquez,29,LADSDP,NL,170.1,33,32,9,12,5.71,60,4.24,1.585,4.1,7.5,1.84,-46,1781
kershcl01,2014,Clayton Kershaw,clayton kershaw,26,LAD,NL,198.1,27,27,21,3,1.77,197,1.81,0.857,1.4,10.8,7.71,40,29
hernafe02,2014,Félix Hernández,felix hernandez,28,SEA,AL,236.0,34,34,15,6,2.14,170,2.56,0.915,1.8,9.5,5.39,38,42
cuetojo01,2014,Johnny Cueto,johnny cueto,28,CIN,NL,243.2,34,34,20,9,2.25,163,3.30,0.960,2.4,8.9,3.72,37,49
klubeco01,2014,Corey Kluber,corey kluber,28,CLE,AL,235.2,34,34,18,9,2.44,160,2.35,1.095,1.9,10.3,5.27,36,56
wainwad01,2014,Adam Wainwright,adam wainwright,32,STL,NL,227.0,32,32,20,9,2.38,153,2.88,1.031,2.0,7.1,3.58,33,89
lestejo01,2014,Jon Lester,jon lester,30,BOSOAK,AL,219.2,32,32,16,11,2.46,158,2.80,1.102,2.0,9.0,4.58,30,115
salech01,2014,Chris Sale,chris sale,25,CHW,AL,174.0,26,26,12,4,2.17,173,2.57,0.966,2.0,10.8,5.33,30,120
hamelco01,2014,Cole Hamels,cole hamels,30,PHI,NL,204.2,30,30,9,9,2.46,152,3.07,1.148,2.6,8.7,3.36,29,130
arrieja01,2014,Jake Arrieta,jake arrieta,28,CHC,NL,156.2,25,25,10,5,2.53,150,2.26,0.989,2.4,9.6,4.07,22,229
fistedo01,2014,Doug Fister,doug fister,30,WSN,NL,164.0,25,25,16,6,2.41,155,3.93,1.079,1.3,5.4,4.08,22,231
zimmejo02,2014,Jordan Zimmermann,jordan zimmermann,28,WSN,NL,199.2,32,32,14,5,2.66,141,2.68,1.072,1.3,8.2,6.28,22,255
keuchda01,2014,Dallas Keuchel,dallas keuchel,26,HOU,AL,200.0,29,29,12,9,2.93,132,3.21,1.175,2.2,6.6,3.04,21,268
richaga01,2014,Garrett Richards,garrett richards,26,LAA,AL,168.2,26,26,13,4,2.61,138,2.60,1.038,2.7,8.8,3.22,21,273
roarkta01,2014,Tanner Roark,tanner roark,27,WSN,NL,198.2,31,31,15,10,2.85,131,3.47,1.092,1.8,6.3,3.54,21,274
alvarhe01,2014,Henderson Alvarez III,henderson alvarez iii,24,MIA,NL,187.0,30,30,12,7,2.65,140,3.58,1.235,1.6,5.3,3.36,20,280
carraca01,2014,Carlos Carrasco,carlos carrasco,27,CLE,AL,134.0,40,14,8,7,2.55,153,2.44,0.985,1.9,9.4,4.83,20,285
duffyda01,2014,Danny Duffy,danny duffy,25,KCR,AL,149.1,31,25,9,12,2.53,156,3.83,1.112,3.2,6.8,2.13,20,289
scherma01,2014,Max Scherzer,max scherzer,29,DET,AL,220.1,33,33,18,5,3.15,123,2.85,1.175,2.6,10.3,4.00,19,321
lynnla01,2014,Lance Lynn,lance lynn,27,STL,NL,203.2,33,33,15,10,2.74,133,3.35,1.262,3.2,8.0,2.51,18,343
mchugco01,2014,Collin McHugh,collin mchugh,27,HOU,AL,154.2,25,25,11,9,2.73,141,3.11,1.022,2.4,9.1,3.83,18,347
cobbal01,2014,Alex Cobb,alex cobb,26,TBR,AL,166.1,27,27,10,9,2.87,130,3.23,1.136,2.5,8.1,3.17,17,362
greinza01,2014,Zack Greinke,zack greinke,30,LAD,NL,202.1,32,32,17,8,2.71,129,2.97,1.152,1.9,9.2,4.81,17,369
samarje01,2014,Jeff Samardzija,jeff samardzija,29,CHCOAK,ALNL,219.2,33,33,7,13,2.99,125,3.20,1.065,1.8,8.3,4.70,16,408
grayso01,2014,Sonny Gray,sonny gray,24,OAK,AL,219.0,33,33,14,10,3.08,120,3.46,1.192,3.0,7.5,2.47,15,425
shielja02,2014,James Shields,james shields,32,KCR,AL,227.0,34,34,14,8,3.21,123,3.59,1.181,1.7,7.1,4.09,15,447
tanakma01,2014,Masahiro Tanaka,masahiro tanaka,25,NYY,AL,136.1,20,20,13,5,2.77,138,3.04,1.056,1.4,9.3,6.71,15,449
teherju01,2014,Julio Teheran,julio teheran,23,ATL,NL,221.0,33,33,14,13,2.89,123,3.49,1.081,2.1,7.6,3.65,15,450
ventuyo01,2014,Yordano Ventura,yordano ventura,23,KCR,AL,183.0,31,30,14,10,3.20,123,3.60,1.295,3.4,7.8,2.30,15,451
woodal02,2014,Alex Wood,alex wood,23,ATL,NL,171.2,35,24,11,11,2.78,128,3.25,1.142,2.4,8.9,3.78,15,455
darviyu01,2014,Yu Darvish,yu darvish,27,TEX,AL,144.1,22,22,10,7,3.06,130,2.84,1.261,3.1,11.3,3.71,14,465
degroja01,2014,Jacob deGrom,jacob degrom,26,NYM,NL,140.1,22,22,9,6,2.69,128,2.67,1.140,2.8,9.2,3.35,14,466
tillmch01,2014,Chris Tillman,chris tillman,26,BAL,AL,207.1,34,34,13,6,3.34,118,4.01,1.230,2.9,6.5,2.27,14,490
gonzami03,2014,Miguel González,miguel gonzalez,30,BAL,AL,159.0,27,26,10,9,3.23,122,4.89,1.296,2.9,6.3,2.18,13,504
priceda01,2014,David Price,david price,28,DETTBR,AL,248.1,34,34,15,12,3.26,115,2.78,1.079,1.4,9.8,7.13,13,510
smylydr01,2014,Drew Smyly,drew smyly,25,DETTBR,AL,153.0,28,25,9,10,3.24,118,3.77,1.163,2.5,7.8,3.17,12,555
strasst01,2014,Stephen Strasburg,stephen strasburg,25,WSN,NL,215.0,34,34,14,11,3.14,119,2.94,1.121,1.8,10.1,5.63,12,557
bumgama01,2014,Madison Bumgarner,madison bumgarner,24,SFG,NL,217.1,33,33,18,10,2.98,116,3.05,1.090,1.8,9.1,5.09,11,573
volqued01,2014,Edinson Vólquez,edinson volquez,30,PIT,NL,192.2,32,31,13,7,3.04,118,4.15,1.230,3.3,6.5,1.97,10,659
buehrma01,2014,Mark Buehrle,mark buehrle,35,TOR,AL,202.0,32,32,13,10,3.39,112,3.66,1.356,2.0,5.3,2.59,9,666
chenwe02,2014,Wei-Yin Chen,wei yin chen,28,BAL,AL,185.2,31,31,16,6,3.54,111,3.89,1.228,1.7,6.6,3.89,9,668
hugheph01,2014,Phil Hughes,phil hughes,28,MIN,AL,209.2,32,32,16,10,3.52,111,2.65,1.130,0.7,8.0,11.63,9,684
rossty01,2014,Tyson Ross,tyson ross,27,SDP,NL,195.2,31,31,13,14,2.81,120,3.24,1.211,3.3,9.0,2.71,9,698
shoemma01,2014,Matt Shoemaker,matt shoemaker,27,LAA,AL,136.0,27,20,16,4,3.04,118,3.26,1.074,1.6,8.2,5.17,9,701
porceri01,2014,Rick Porcello,rick porcello,25,DET,AL,204.2,32,31,15,13,3.43,113,3.67,1.231,1.8,5.7,3.15,8,739
hammeja01,2014,Jason Hammel,jason hammel,31,CHCOAK,ALNL,176.1,30,29,10,11,3.47,108,3.92,1.123,2.2,8.1,3.59,7,763
norribu01,2014,Bud Norris,bud norris,29,BAL,AL,165.1,28,28,15,8,3.65,108,4.22,1.216,2.8,7.6,2.67,7,771
quintjo01,2014,Jose Quintana,jose quintana,25,CHW,AL,200.1,32,32,9,11,3.32,113,2.81,1.243,2.3,8.0,3.42,7,774
collmjo01,2014,Josh Collmenter,josh collmenter,28,ARI,NL,179.1,33,28,11,9,3.46,108,3.87,1.126,2.0,5.8,2.95,6,793
simonal01,2014,Alfredo Simón,alfredo simon,33,CIN,NL,196.1,32,32,15,10,3.44,107,4.33,1.207,2.6,5.8,2.27,6,823
vargaja01,2014,Jason Vargas,jason vargas,31,KCR,AL,187.0,30,30,11,10,3.71,106,3.84,1.273,2.0,6.2,3.12,6,825
archech01,2014,Chris Archer,chris archer,25,TBR,AL,194.2,32,32,10,9,3.33,112,3.39,1.279,3.3,8.0,2.40,5,830
iwakuhi01,2014,Hisashi Iwakuma,hisashi iwakuma,33,SEA,AL,179.0,28,28,15,9,3.52,103,3.25,1.050,1.1,7.7,7.33,5,849
sanchan01,2014,Aníbal Sánchez,anibal sanchez,30,DET,AL,126.0,22,21,8,5,3.43,113,2.71,1.095,2.1,7.3,3.40,5,865
gallayo01,2014,Yovani Gallardo,yovani gallardo,28,MIL,NL,192.1,32,32,8,11,3.51,108,3.94,1.295,2.5,6.8,2.70,4,884
gonzagi01,2014,Gio González,gio gonzalez,28,WSN,NL,158.2,27,27,10,10,3.57,105,3.02,1.197,3.2,9.2,2.89,4,886
kazmisc01,2014,Scott Kazmir,scott kazmir,30,OAK,AL,190.1,32,32,15,9,3.55,105,3.35,1.161,2.4,7.8,3.28,4,901
lohseky01,2014,Kyle Lohse,kyle lohse,35,MIL,NL,198.1,31,31,13,9,3.54,107,3.95,1.150,2.0,6.4,3.13,4,904
peralwi01,2014,Wily Peralta,wily peralta,25,MIL,NL,198.2,32,32,17,11,3.53,107,4.11,1.304,2.8,7.0,2.52,4,908
chaveje01,2014,Jesse Chavez,jesse chavez,30,OAK,AL,146.0,32,21,8,8,3.45,108,3.89,1.308,3.0,8.4,2.78,3,931
cosarja01,2014,Jarred Cosart,jarred cosart,24,HOUMIA,ALNL,180.1,30,30,13,11,3.69,103,3.77,1.364,3.6,5.7,1.58,3,935
rosajo01,2014,Jorge De La Rosa,jorge de la rosa,33,COL,NL,184.1,32,32,14,11,4.10,104,4.34,1.237,3.3,6.8,2.07,3,936
liriafr01,2014,Francisco Liriano,francisco liriano,30,PIT,NL,162.1,29,29,7,10,3.38,106,3.59,1.300,4.5,9.7,2.16,3,948
ryuhy01,2014,Hyun Jin Ryu,hyun jin ryu,27,LAD,NL,152.0,26,26,14,7,3.38,103,2.62,1.191,1.7,8.2,4.79,3,959
stromma01,2014,Marcus Stroman,marcus stroman,23,TOR,AL,130.2,26,20,11,6,3.65,104,2.84,1.171,1.9,7.6,3.96,3,963
weaveje02,2014,Jered Weaver,jered weaver,31,LAA,AL,213.1,34,34,18,9,3.59,100,4.19,1.209,2.7,7.1,2.60,3,969
baileho02,2014,Homer Bailey,homer bailey,28,CIN,NL,145.2,23,23,9,5,3.71,99,3.93,1.229,2.8,7.7,2.76,2,976
kurodhi01,2014,Hiroki Kuroda,hiroki kuroda,39,NYY,AL,199.0,32,32,11,9,3.71,103,3.60,1.136,1.6,6.6,4.17,2,1001
peavyja01,2014,Jake Peavy,jake peavy,33,BOSSFG,ALNL,202.2,32,32,7,13,3.73,101,4.11,1.278,2.8,7.0,2.51,2,1008
colege01,2014,Gerrit Cole,gerrit cole,23,PIT,NL,138.0,22,22,11,5,3.65,99,3.23,1.210,2.6,9.0,3.45,1,1032
leakemi01,2014,Mike Leake,mike leake,26,CIN,NL,214.1,33,33,11,13,3.70,99,3.88,1.246,2.1,6.9,3.28,1,1047
youngch03,2014,Chris Young,chris young,35,SEA,AL,165.0,30,29,12,9,3.65,100,5.02,1.230,3.3,5.9,1.80,1,1074
dicker.01,2014,R.A. Dickey,r a dickey,39,TOR,AL,215.2,34,34,14,13,3.71,102,4.32,1.229,3.1,7.2,2.34,0,1080
feldmsc01,2014,Scott Feldman,scott feldman,31,HOU,AL,180.1,29,29,8,12,3.74,103,4.11,1.303,2.5,5.3,2.14,0,1082
garzama01,2014,Matt Garza,matt garza,30,MIL,NL,163.1,27,27,8,8,3.64,104,3.54,1.182,2.8,6.9,2.52,0,1084
haranaa01,2014,Aaron Harang,aaron harang,36,ATL,NL,204.1,33,33,12,12,3.57,100,3.57,1.400,3.1,7.1,2.27,0,1093
koehlto01,2014,Tom Koehler,tom koehler,28,MIA,NL,191.1,32,32,10,10,3.81,97,3.84,1.296,3.3,7.2,2.15,0,1099
lackejo01,2014,John Lackey,john lackey,35,BOSSTL,ALNL,198.0,31,31,14,10,3.82,102,3.78,1.278,2.1,7.5,3.49,0,1100
lylesjo01,2014,Jordan Lyles,jordan lyles,23,COL,NL,126.2,22,22,7,4,4.33,98,4.22,1.366,3.3,6.4,1.96,0,1101
millesh01,2014,Shelby Miller,shelby miller,23,STL,NL,183.0,32,31,10,9,3.74,97,4.54,1.273,3.6,6.2,1.74,0,1103
niesejo01,2014,Jon Niese,jon niese,27,NYM,NL,187.2,30,30,9,11,3.40,101,3.67,1.268,2.2,6.6,3.07,0,1105
bauertr01,2014,Trevor Bauer,trevor bauer,23,CLE,AL,153.0,26,26,5,8,4.18,94,4.01,1.379,3.5,8.4,2.38,-4,1224
guthrje01,2014,Jeremy Guthrie,jeremy guthrie,35,KCR,AL,202.2,32,32,13,11,4.13,95,4.32,1.303,2.2,5.5,2.53,-4,1242
hudsoti01,2014,Tim Hudson,tim hudson,38,SFG,NL,189.1,31,31,9,13,3.57,97,3.54,1.231,1.6,5.7,3.53,-4,1244
kenneia01,2014,Ian Kennedy,ian kennedy,29,SDP,NL,201.0,33,33,13,13,3.63,93,3.21,1.289,3.1,9.3,2.96,-4,1248
mortoch02,2014,Charlie Morton,charlie morton,30,PIT,NL,157.1,26,26,6,12,3.72,97,3.72,1.271,3.3,7.2,2.21,-4,1256
wheelza01,2014,Zack Wheeler,zack wheeler,24,NYM,NL,185.1,32,32,11,11,3.54,97,3.55,1.327,3.8,9.1,2.37,-4,1275
eliasro01,2014,Roenis Elías,roenis elias,25,SEA,AL,163.2,29,29,10,12,3.85,95,4.03,1.314,3.5,7.9,2.23,-5,1282
lockeje01,2014,Jeff Locke,jeff locke,26,PIT,NL,131.1,21,21,7,6,3.91,92,4.37,1.272,2.7,6.1,2.23,-5,1293
santihe01,2014,Héctor Santiago,hector santiago,26,LAA,AL,127.1,30,24,6,9,3.75,96,4.29,1.359,3.7,7.6,2.04,-5,1303
tepesni01,2014,Nick Tepesch,nick tepesch,25,TEX,AL,126.0,23,22,5,11,4.36,91,5.01,1.365,3.1,4.0,1.27,-5,1310
geedi01,2014,Dillon Gee,dillon gee,28,NYM,NL,137.1,22,22,7,8,4.00,86,4.52,1.245,2.8,6.2,2.19,-6,1322
mccarbr01,2014,Brandon McCarthy,brandon mccarthy,30,ARINYY,ALNL,200.0,32,32,10,15,4.05,94,3.55,1.275,1.5,7.9,5.30,-6,1333
odorija01,2014,Jake Odorizzi,jake odorizzi,24,TBR,AL,168.0,31,31,11,13,4.13,90,3.75,1.280,3.2,9.3,2.95,-6,1340
happja01,2014,J.A. Happ,j a happ,31,TOR,AL,158.0,30,26,11,11,4.22,90,4.26,1.335,2.9,7.6,2.61,-7,1359
oberhbr01,2014,Brett Oberholtzer,brett oberholtzer,24,HOU,AL,143.2,24,24,5,13,4.39,88,3.56,1.378,1.8,5.9,3.36,-7,1377
santaer01,2014,Ervin Santana,ervin santana,31,ATL,NL,196.0,31,31,14,10,3.95,90,3.39,1.306,2.9,8.2,2.84,-7,1381
estrama01,2014,Marco Estrada,marco estrada,30,MIL,NL,150.2,39,18,7,6,4.36,87,4.88,1.201,2.6,7.6,2.89,-8,1391
gibsoky01,2014,Kyle Gibson,kyle gibson,26,MIN,AL,179.1,31,31,13,12,4.47,87,3.80,1.310,2.9,5.4,1.88,-8,1392
carmofa01,2014,Roberto Hernández,roberto hernandez,33,LADPHI,NL,164.2,32,29,8,11,4.10,90,4.85,1.391,4.0,5.7,1.44,-9,1411
martini01,2014,Nick Martinez,nick martinez,23,TEX,AL,140.1,29,24,5,12,4.55,87,4.94,1.461,3.5,4.9,1.40,-9,1422
jimenub01,2014,Ubaldo Jiménez,ubaldo jimenez,30,BAL,AL,125.1,25,22,6,9,4.81,82,4.67,1.516,5.5,8.3,1.51,-10,1445
vogelry01,2014,Ryan Vogelsong,ryan vogelsong,36,SFG,NL,184.2,32,32,8,13,4.00,86,3.85,1.278,2.8,7.4,2.60,-10,1461
hutchdr01,2014,Drew Hutchison,drew hutchison,23,TOR,AL,184.2,32,32,11,13,4.48,85,3.85,1.262,2.9,9.0,3.07,-11,1476
mileywa01,2014,Wade Miley,wade miley,27,ARI,NL,201.1,33,33,8,12,4.34,86,3.98,1.401,3.4,8.2,2.44,-12,1505
colonba01,2014,Bartolo Colon,bartolo colon,41,NYM,NL,202.1,31,31,15,13,4.09,84,3.57,1.226,1.3,6.7,5.03,-14,1550
moralfr01,2014,Franklin Morales,franklin morales,28,COL,NL,142.1,38,22,6,9,5.37,79,5.42,1.623,4.1,6.3,1.54,-14,1559
nunovi01,2014,Vidal Nuño III,vidal nuno iii,26,ARINYY,ALNL,161.2,31,28,2,12,4.56,83,4.51,1.256,2.6,7.2,2.80,-14,1560
eovalna01,2014,Nathan Eovaldi,nathan eovaldi,24,MIA,NL,199.2,33,33,6,14,4.37,85,3.37,1.332,1.9,6.4,3.30,-15,1570
peacobr01,2014,Brad Peacock,brad peacock,26,HOU,AL,131.2,28,24,4,9,4.72,82,4.99,1.565,4.8,8.1,1.70,-15,1583
harenda01,2014,Dan Haren,dan haren,33,LAD,NL,186.0,32,32,13,11,4.02,87,4.09,1.177,1.7,7.0,4.03,-16,1591
verlaju01,2014,Justin Verlander,justin verlander,31,DET,AL,206.0,32,32,15,12,4.54,85,3.74,1.398,2.8,6.9,2.45,-16,1595
kendrky01,2014,Kyle Kendrick,kyle kendrick,29,PHI,NL,199.0,32,32,10,13,4.61,81,4.57,1.362,2.6,5.5,2.12,-17,1611
minormi01,2014,Mike Minor,mike minor,26,ATL,NL,145.1,25,25,6,12,4.77,75,4.39,1.438,2.7,7.4,2.73,-17,1615
carrosc02,2014,Scott Carroll,scott carroll,29,CHW,AL,129.1,26,19,5,10,4.80,78,4.77,1.485,3.1,4.5,1.42,-18,1627
noesihe01,2014,Héctor Noesí,hector noesi,27,CHWSEATEX,AL,172.1,33,27,8,12,4.75,79,4.83,1.369,2.9,6.4,2.20,-18,1634
danksjo01,2014,John Danks,john danks,29,CHW,AL,193.2,32,32,11,11,4.74,79,4.76,1.441,3.4,6.0,1.74,-19,1643
wilsocj01,2014,C.J. Wilson,c j wilson,33,LAA,AL,175.2,31,31,13,10,4.51,80,4.31,1.446,4.4,7.7,1.78,-19,1653
stulter01,2014,Eric Stults,eric stults,34,SDP,NL,176.0,32,32,8,17,4.30,79,4.63,1.375,2.3,5.7,2.47,-20,1670
burnea.01,2014,A.J. Burnett,a j burnett,37,PHI,NL,213.2,34,34,8,18,4.59,82,4.14,1.409,4.0,8.0,1.98,-21,1675
lewisco01,2014,Colby Lewis,colby lewis,34,TEX,AL,170.1,29,29,10,14,5.18,77,4.46,1.521,2.5,7.0,2.77,-22,1686
linceti01,2014,Tim Lincecum,tim lincecum,30,SFG,NL,155.2,33,26,12,9,4.74,73,4.31,1.394,3.6,7.7,2.13,-22,1687
nolasri01,2014,Ricky Nolasco,ricky nolasco,31,MIN,AL,159.0,27,27,6,12,5.38,73,4.30,1.516,2.2,6.5,3.03,-22,1691
buchhcl01,2014,Clay Buchholz,clay buchholz,29,BOS,AL,170.1,28,28,8,11,5.34,75,4.01,1.386,2.9,7.0,2.44,-24,1710
woodtr01,2014,Travis Wood,travis wood,27,CHC,NL,173.2,31,31,8,13,5.03,75,4.38,1.532,3.9,7.6,1.92,-25,1732
masteju01,2014,Justin Masterson,justin masterson,29,CLESTL,ALNL,128.2,28,25,7,9,5.88,66,4.50,1.632,4.8,8.1,1.68,-28,1746
correke01,2014,Kevin Correia,kevin correia,33,LADMIN,ALNL,154.0,32,26,7,17,5.44,71,4.67,1.500,2.3,4.6,1.98,-29,1749
jacksed01,2014,Edwin Jackson,edwin jackson,30,CHC,NL,140.2,28,27,6,15,6.33,60,4.45,1.642,4.0,7.9,1.95,-37,1778
greinza01,2015,Zack Greinke,zack greinke,31,LAD,NL,222.2,32,32,19,3,1.66,222,2.76,0.844,1.6,8.1,5.00,54,2
arrieja01,2015,Jake Arrieta,jake arrieta,29,CHC,NL,229.0,33,33,22,6,1.77,215,2.35,0.865,1.9,9.3,4.92,52,3
kershcl01,2015,Clayton Kershaw,clayton kershaw,27,LAD,NL,232.2,33,33,16,7,2.13,173,1.99,0.881,1.6,11.6,7.17,42,20
keuchda01,2015,Dallas Keuchel,dallas keuchel,27,HOU,AL,232.0,33,33,20,8,2.48,157,2.91,1.017,2.0,8.4,4.24,38,43
priceda01,2015,David Price,david price,29,DETTOR,AL,220.1,32,32,18,5,2.45,164,2.78,1.076,1.9,9.2,4.79,36,57
scherma01,2015,Max Scherzer,max scherzer,30,WSN,NL,228.2,33,33,14,12,2.79,142,2.77,0.918,1.3,10.9,8.12,31,105
lackejo01,2015,John Lackey,john lackey,36,STL,NL,218.0,33,33,13,10,2.77,142,3.57,1.211,2.2,7.2,3.30,29,131
colege01,2015,Gerrit Cole,gerrit cole,24,PIT,NL,208.0,32,32,19,8,2.60,149,2.66,1.091,1.9,8.7,4.59,27,151
degroja01,2015,Jacob deGrom,jacob degrom,27,NYM,NL,191.0,30,30,14,8,2.54,149,2.70,0.979,1.8,9.7,5.39,27,154
grayso01,2015,Sonny Gray,sonny gray,25,OAK,AL,208.0,31,31,14,7,2.73,143,3.45,1.082,2.6,7.3,2.86,26,167
bumgama01,2015,Madison Bumgarner,madison bumgarner,25,SFG,NL,218.1,32,32,18,9,2.93,131,2.87,1.008,1.6,9.6,6.00,24,189
harvema01,2015,Matt Harvey,matt harvey,26,NYM,NL,189.1,29,29,13,8,2.71,140,3.05,1.019,1.8,8.9,5.08,24,197
garcija02,2015,Jaime García,jaime garcia,28,STL,NL,129.2,20,20,10,6,2.43,161,3.00,1.049,2.1,6.7,3.23,22,234
estrama01,2015,Marco Estrada,marco estrada,31,TOR,AL,181.0,34,28,13,8,3.13,131,4.40,1.044,2.7,6.5,2.38,20,290
klubeco01,2015,Corey Kluber,corey kluber,29,CLE,AL,222.0,32,32,9,16,3.49,123,2.97,1.054,1.8,9.9,5.44,19,312
martica04,2015,Carlos Martínez,carlos martinez,23,STL,NL,179.2,31,29,14,7,3.01,130,3.21,1.286,3.2,9.2,2.92,18,346
lynnla01,2015,Lance Lynn,lance lynn,28,STL,NL,175.1,31,31,12,11,3.03,129,3.44,1.369,3.5,8.6,2.46,16,399
millesh01,2015,Shelby Miller,shelby miller,24,ATL,NL,205.1,33,33,6,17,3.02,127,3.45,1.247,3.2,7.5,2.34,16,401
archech01,2015,Chris Archer,chris archer,26,TBR,AL,212.0,34,34,12,13,3.23,121,2.90,1.137,2.8,10.7,3.82,15,416
carraca01,2015,Carlos Carrasco,carlos carrasco,28,CLE,AL,183.2,30,30,14,12,3.63,119,2.84,1.073,2.1,10.6,5.02,15,419
chenwe02,2015,Wei-Yin Chen,wei yin chen,29,BAL,AL,191.1,31,31,11,8,3.34,123,4.16,1.218,1.9,7.2,3.73,15,420
cuetojo01,2015,Johnny Cueto,johnny cueto,29,CINKCR,ALNL,212.0,32,32,11,13,3.44,118,3.53,1.132,2.0,7.5,3.83,15,421
gallayo01,2015,Yovani Gallardo,yovani gallardo,29,TEX,AL,184.1,33,33,13,11,3.42,124,4.00,1.416,3.3,5.9,1.78,15,424
salazda01,2015,Danny Salazar,danny salazar,25,CLE,AL,185.0,30,30,14,10,3.45,125,3.62,1.130,2.6,9.5,3.68,15,445
quintjo01,2015,Jose Quintana,jose quintana,26,CHW,AL,206.1,32,32,9,10,3.36,116,3.18,1.270,1.9,7.7,4.02,14,482
burnea.01,2015,A.J. Burnett,a j burnett,38,PIT,NL,164.0,26,26,9,7,3.18,122,3.36,1.360,2.7,7.8,2.92,12,525
kazmisc01,2015,Scott Kazmir,scott kazmir,31,HOUOAK,AL,183.0,31,31,7,11,3.10,126,3.98,1.208,2.9,7.6,2.63,12,539
odorija01,2015,Jake Odorizzi,jake odorizzi,25,TBR,AL,169.1,28,28,9,9,3.35,117,3.61,1.152,2.4,8.0,3.26,12,551
volqued01,2015,Edinson Vólquez,edinson volquez,31,KCR,AL,200.1,34,33,13,9,3.55,118,3.82,1.308,3.2,7.0,2.15,12,562
warread01,2015,Adam Warren,adam warren,27,NYY,AL,131.1,43,17,7,7,3.29,124,3.59,1.165,2.7,7.1,2.67,12,563
hamelco01,2015,Cole Hamels,cole hamels,31,PHITEX,ALNL,212.1,32,32,13,8,3.65,110,3.47,1.187,2.6,9.1,3.47,11,588
lestejo01,2015,Jon Lester,jon lester,31,CHC,NL,205.0,32,32,11,12,3.34,114,2.92,1.122,2.1,9.1,4.40,11,592
liriafr01,2015,Francisco Liriano,francisco liriano,31,PIT,NL,186.2,31,31,12,7,3.38,115,3.19,1.205,3.4,9.9,2.93,11,593
wachami01,2015,Michael Wacha,michael wacha,23,STL,NL,181.1,30,30,17,7,3.38,116,3.87,1.213,2.9,7.6,2.64,11,611
mcculla02,2015,Lance McCullers Jr.,lance mccullers jr,21,HOU,AL,125.2,22,22,6,7,3.22,121,3.26,1.186,3.1,9.2,3.00,10,644
rossty01,2015,Tyson Ross,tyson ross,28,SDP,NL,196.0,33,33,10,12,3.26,114,2.98,1.306,3.9,9.7,2.52,10,652
salech01,2015,Chris Sale,chris sale,26,CHW,AL,208.2,31,31,13,11,3.41,114,2.73,1.088,1.8,11.8,6.52,10,654
hernafe02,2015,Félix Hernández,felix hernandez,29,SEA,AL,201.2,31,31,18,9,3.53,108,3.72,1.180,2.6,8.5,3.29,9,680
syndeno01,2015,Noah Syndergaard,noah syndergaard,22,NYM,NL,150.0,24,24,9,7,3.24,117,3.25,1.047,1.9,10.0,5.35,9,704
tanakma01,2015,Masahiro Tanaka,masahiro tanaka,26,NYY,AL,154.0,24,24,12,7,3.51,116,3.98,0.994,1.6,8.1,5.15,9,705
leakemi01,2015,Mike Leake,mike leake,27,CINSFG,NL,192.0,30,30,11,10,3.70,106,4.20,1.161,2.3,5.6,2.43,8,731
verlaju01,2015,Justin Verlander,justin verlander,32,DET,AL,133.1,20,20,5,8,3.38,118,3.49,1.088,2.2,7.6,3.53,8,744
rosajo01,2015,Jorge De La Rosa,jorge de la rosa,34,COL,NL,149.0,26,26,9,7,4.17,111,4.19,1.356,3.9,8.1,2.06,7,756
rayro02,2015,Robbie Ray,robbie ray,23,ARI,NL,127.2,23,23,5,12,3.52,117,3.53,1.332,3.5,8.4,2.43,7,775
zimmejo02,2015,Jordan Zimmermann,jordan zimmermann,29,WSN,NL,201.2,33,33,13,10,3.66,108,3.75,1.205,1.7,7.3,4.21,7,785
dicker.01,2015,R.A. Dickey,r a dickey,40,TOR,AL,214.1,33,33,11,11,3.91,105,4.48,1.194,2.6,5.3,2.07,6,794
happja01,2015,J.A. Happ,j a happ,32,PITSEA,ALNL,172.0,32,31,11,8,3.61,107,3.41,1.267,2.4,7.9,3.36,6,801
strasst01,2015,Stephen Strasburg,stephen strasburg,26,WSN,NL,127.1,23,23,11,7,3.46,114,2.81,1.107,1.8,11.0,5.96,6,824
gibsoky01,2015,Kyle Gibson,kyle gibson,27,MIN,AL,194.2,32,32,11,11,3.84,106,3.96,1.289,3.0,6.7,2.23,5,842
harenda01,2015,Dan Haren,dan haren,34,CHCMIA,NL,187.1,32,32,11,9,3.60,106,4.61,1.132,1.8,6.3,3.47,5,845
iwakuhi01,2015,Hisashi Iwakuma,hisashi iwakuma,34,SEA,AL,129.2,20,20,9,5,3.54,108,3.74,1.064,1.5,7.7,5.29,5,850
karnsna01,2015,Nate Karns,nate karns,27,TBR,AL,147.0,27,26,7,5,3.67,106,4.09,1.279,3.4,8.9,2.59,5,851
fiersmi01,2015,Mike Fiers,mike fiers,30,HOUMIL,ALNL,180.1,31,30,7,10,3.69,107,4.03,1.253,3.2,9.0,2.81,4,881
gonzagi01,2015,Gio González,gio gonzalez,29,WSN,NL,175.2,31,31,11,8,3.79,104,3.05,1.423,3.5,8.7,2.45,4,887
ventuyo01,2015,Yordano Ventura,yordano ventura,24,KCR,AL,163.1,28,28,13,8,4.08,103,3.57,1.298,3.2,8.6,2.69,4,921
duffyda01,2015,Danny Duffy,danny duffy,26,KCR,AL,136.2,30,24,7,8,4.08,102,4.43,1.390,3.5,6.7,1.92,3,937
mchugco01,2015,Collin McHugh,collin mchugh,28,HOU,AL,203.2,32,32,19,7,3.89,100,3.58,1.277,2.3,7.6,3.23,3,952
ramirer02,2015,Erasmo Ramírez,erasmo ramirez,25,TBR,AL,163.1,34,27,11,6,3.75,104,3.76,1.133,2.2,6.9,3.15,3,956
santihe01,2015,Héctor Santiago,hector santiago,27,LAA,AL,180.2,33,32,9,9,3.59,105,4.77,1.256,3.5,8.1,2.28,3,960
buehrma01,2015,Mark Buehrle,mark buehrle,36,TOR,AL,198.2,32,32,15,8,3.81,108,4.26,1.243,1.5,4.1,2.76,2,980
richaga01,2015,Garrett Richards,garrett richards,27,LAA,AL,207.1,32,32,15,12,3.65,104,3.86,1.240,3.3,7.6,2.32,2,1014
rodonca01,2015,Carlos Rodón,carlos rodon,22,CHW,AL,139.1,26,23,9,6,3.75,104,3.87,1.443,4.6,9.0,1.96,2,1015
jimenub01,2015,Ubaldo Jiménez,ubaldo jimenez,31,BAL,AL,184.0,32,32,12,10,4.11,100,4.01,1.359,3.3,8.2,2.47,1,1045
martini01,2015,Nick Martinez,nick martinez,24,TEX,AL,125.0,24,21,7,7,3.96,107,4.98,1.448,3.3,5.5,1.67,1,1053
eovalna01,2015,Nathan Eovaldi,nathan eovaldi,25,NYY,AL,154.1,27,27,14,3,4.20,97,3.42,1.451,2.9,7.1,2.47,0,1081
hammeja01,2015,Jason Hammel,jason hammel,32,CHC,NL,170.2,31,31,10,7,3.74,102,3.68,1.160,2.1,9.1,4.30,0,1090
milonto01,2015,Tommy Milone,tommy milone,28,MIN,AL,128.2,24,23,9,5,3.92,104,4.30,1.275,2.5,6.4,2.53,0,1104
wilsocj01,2015,C.J. Wilson,c j wilson,34,LAA,AL,132.0,21,21,8,8,3.89,97,4.02,1.242,3.1,7.5,2.39,0,1117
woodal02,2015,Alex Wood,alex wood,24,ATLLAD,NL,189.2,32,32,12,12,3.84,99,3.69,1.355,2.8,6.6,2.36,0,1118
anderbr04,2015,Brett Anderson,brett anderson,27,LAD,NL,180.1,31,31,10,9,3.69,100,3.94,1.331,2.3,5.8,2.52,-1,1119
anderch01,2015,Chase Anderson,chase anderson,27,ARI,NL,152.2,27,27,6,6,4.30,96,4.14,1.297,2.4,6.5,2.78,-1,1120
hendrky01,2015,Kyle Hendricks,kyle hendricks,25,CHC,NL,180.0,32,32,8,7,3.95,96,3.36,1.161,2.2,8.4,3.88,-1,1128
hestoch01,2015,Chris Heston,chris heston,27,SFG,NL,177.2,31,31,12,11,3.95,97,4.02,1.311,3.2,7.1,2.20,-1,1129
mileywa01,2015,Wade Miley,wade miley,28,BOS,AL,193.2,32,32,11,11,4.46,96,3.81,1.368,3.0,6.8,2.30,-1,1141
bauertr01,2015,Trevor Bauer,trevor bauer,24,CLE,AL,176.0,31,30,11,12,4.55,95,4.33,1.313,4.0,8.7,2.15,-2,1155
desclan01,2015,Anthony DeSclafani,anthony desclafani,25,CIN,NL,184.2,31,31,9,13,4.05,98,3.67,1.348,2.7,7.4,2.75,-3,1196
hugheph01,2015,Phil Hughes,phil hughes,29,MIN,AL,155.1,27,25,11,9,4.40,92,4.70,1.288,0.9,5.4,5.88,-3,1199
shielja02,2015,James Shields,james shields,33,SDP,NL,202.1,33,33,13,7,3.91,95,4.45,1.334,3.6,9.6,2.67,-3,1215
nelsoji02,2015,Jimmy Nelson,jimmy nelson,26,MIL,NL,177.1,30,30,11,13,4.11,96,4.10,1.286,3.3,7.5,2.28,-4,1257
chaveje01,2015,Jesse Chavez,jesse chavez,31,OAK,AL,157.0,30,26,7,15,4.18,93,3.85,1.350,2.8,7.8,2.83,-5,1279
pelfrmi01,2015,Mike Pelfrey,mike pelfrey,31,MIN,AL,164.2,30,30,6,11,4.26,95,4.00,1.476,2.5,4.7,1.91,-5,1297
pinedmi01,2015,Michael Pineda,michael pineda,26,NYY,AL,160.2,27,27,12,10,4.37,93,3.34,1.226,1.2,8.7,7.43,-5,1298
teherju01,2015,Julio Teheran,julio teheran,24,ATL,NL,200.2,33,33,11,8,4.04,95,4.40,1.306,3.3,7.7,2.34,-5,1309
colonba01,2015,Bartolo Colon,bartolo colon,42,NYM,NL,194.2,33,31,14,13,4.16,91,3.84,1.238,1.1,6.3,5.67,-6,1318
hellije01,2015,Jeremy Hellickson,jeremy hellickson,28,ARI,NL,146.0,27,27,9,12,4.62,89,4.44,1.329,2.7,7.5,2.81,-7,1360
kellyjo05,2015,Joe Kelly,joe kelly,27,BOS,AL,134.1,25,25,10,6,4.82,89,4.18,1.444,3.3,7.4,2.24,-7,1363
koehlto01,2015,Tom Koehler,tom koehler,29,MIA,NL,187.1,32,31,11,14,4.08,93,4.53,1.372,3.7,6.6,1.78,-8,1397
lewisco01,2015,Colby Lewis,colby lewis,35,TEX,AL,204.2,33,33,17,9,4.66,91,4.17,1.236,1.8,6.2,3.38,-9,1420
niesejo01,2015,Jon Niese,jon niese,28,NYM,NL,176.2,33,29,9,10,4.13,92,4.41,1.398,2.8,5.8,2.05,-9,1427
delarru01,2015,Rubby De La Rosa,rubby de la rosa,26,ARI,NL,188.2,32,32,14,9,4.67,88,4.81,1.357,3.0,7.2,2.38,-10,1439
rusinch01,2015,Chris Rusin,chris rusin,28,COL,NL,131.2,24,22,6,10,5.33,87,4.71,1.603,2.8,5.9,2.10,-10,1456
shoemma01,2015,Matt Shoemaker,matt shoemaker,28,LAA,AL,135.1,25,24,7,10,4.46,85,4.59,1.256,2.3,7.7,3.31,-10,1459
gonzami03,2015,Miguel González,miguel gonzalez,31,BAL,AL,144.2,26,26,9,12,4.91,83,5.01,1.396,3.2,6.8,2.14,-11,1474
sabatc.01,2015,CC Sabathia,cc sabathia,34,NYY,AL,167.1,29,29,6,10,4.73,86,4.68,1.422,2.7,7.4,2.74,-11,1486
porceri01,2015,Rick Porcello,rick porcello,26,BOS,AL,172.0,28,28,9,15,4.92,87,4.13,1.360,2.0,7.8,3.92,-12,1510
lockeje01,2015,Jeff Locke,jeff locke,27,PIT,NL,168.1,30,30,8,11,4.49,86,3.95,1.420,3.2,6.9,2.15,-13,1531
vogelry01,2015,Ryan Vogelsong,ryan vogelsong,37,SFG,NL,135.0,33,22,9,11,4.67,82,4.53,1.467,3.9,7.2,1.86,-13,1542
tillmch01,2015,Chris Tillman,chris tillman,27,BAL,AL,173.0,31,31,11,11,4.99,82,4.45,1.387,3.3,6.2,1.88,-14,1563
walketa01,2015,Taijuan Walker,taijuan walker,22,SEA,AL,169.2,29,29,11,8,4.56,84,4.07,1.196,2.1,8.3,3.93,-14,1564
weaveje02,2015,Jered Weaver,jered weaver,32,LAA,AL,159.0,26,26,7,12,4.64,81,4.81,1.233,1.9,5.1,2.73,-14,1565
kenneia01,2015,Ian Kennedy,ian kennedy,30,SDP,NL,168.1,30,30,9,15,4.28,87,4.51,1.295,2.8,9.3,3.35,-15,1575
mortoch02,2015,Charlie Morton,charlie morton,31,PIT,NL,129.0,23,23,9,9,4.81,81,4.19,1.380,2.9,6.7,2.34,-15,1579
sanchan01,2015,Aníbal Sánchez,anibal sanchez,31,DET,AL,157.0,25,25,10,10,4.99,80,4.73,1.280,2.8,7.9,2.82,-15,1585
danksjo01,2015,John Danks,john danks,30,CHW,AL,177.2,30,30,7,15,4.71,83,4.49,1.413,2.8,6.3,2.21,-18,1628
haranaa01,2015,Aaron Harang,aaron harang,37,PHI,NL,172.1,29,29,6,15,4.86,79,4.83,1.393,2.7,5.6,2.12,-19,1645
cashnan01,2015,Andrew Cashner,andrew cashner,28,SDP,NL,184.2,31,31,6,16,4.34,86,3.85,1.440,3.2,8.0,2.50,-20,1655
kendrky01,2015,Kyle Kendrick,kyle kendrick,30,COL,NL,142.1,27,27,7,13,6.32,73,6.12,1.525,2.8,5.1,1.78,-20,1664
simonal01,2015,Alfredo Simón,alfredo simon,34,DET,AL,187.0,31,31,13,12,5.05,79,4.77,1.439,3.3,5.6,1.72,-22,1692
samarje01,2015,Jeff Samardzija,jeff samardzija,30,CHW,AL,214.0,32,32,11,13,4.96,79,4.23,1.294,2.1,6.9,3.33,-24,1720
hutchdr01,2015,Drew Hutchison,drew hutchison,24,TOR,AL,150.1,30,28,13,5,5.57,74,4.42,1.483,2.6,7.7,2.93,-25,1724
guthrje01,2015,Jeremy Guthrie,jeremy guthrie,36,KCR,AL,148.1,30,24,8,8,5.95,70,5.61,1.551,2.7,5.1,1.91,-26,1734
despaod01,2015,Odrisamer Despaigne,odrisamer despaigne,28,SDP,NL,125.2,34,18,5,9,5.80,64,4.77,1.385,2.3,4.9,2.16,-28,1742
garzama01,2015,Matt Garza,matt garza,31,MIL,NL,148.2,26,25,6,14,5.63,70,4.94,1.567,3.5,6.3,1.82,-28,1743
lohseky01,2015,Kyle Lohse,kyle lohse,36,MIL,NL,152.1,37,22,5,13,5.85,68,5.12,1.464,2.5,6.4,2.51,-28,1745
hendrky01,2016,Kyle Hendricks,kyle hendricks,26,CHC,NL,190.0,31,30,16,8,2.13,196,3.20,0.979,2.1,8.1,3.86,41,26
kershcl01,2016,Clayton Kershaw,clayton kershaw,28,LAD,NL,149.0,21,21,12,4,1.69,237,1.80,0.725,0.7,10.4,15.64,40,30
lestejo01,2016,Jon Lester,jon lester,32,CHC,NL,202.2,32,32,19,5,2.44,171,3.41,1.016,2.3,8.7,3.79,40,31
scherma01,2016,Max Scherzer,max scherzer,31,WSN,NL,228.1,34,34,20,7,2.96,144,3.24,0.968,2.2,11.2,5.07,34,76
roarkta01,2016,Tanner Roark,tanner roark,29,WSN,NL,210.0,34,33,16,10,2.83,151,3.79,1.171,3.1,7.4,2.36,33,87
cuetojo01,2016,Johnny Cueto,johnny cueto,30,SFG,NL,219.2,32,32,18,5,2.79,144,2.95,1.093,1.8,8.1,4.40,32,92
bumgama01,2016,Madison Bumgarner,madison bumgarner,26,SFG,NL,226.2,34,34,15,9,2.74,146,3.24,1.028,2.1,10.0,4.65,31,96
verlaju01,2016,Justin Verlander,justin verlander,33,DET,AL,227.2,34,34,16,9,3.04,140,3.48,1.001,2.3,10.0,4.46,31,107
klubeco01,2016,Corey Kluber,corey kluber,30,CLE,AL,215.0,32,32,18,9,3.14,144,3.26,1.056,2.4,9.5,3.98,30,114
porceri01,2016,Rick Porcello,rick porcello,27,BOS,AL,223.0,33,33,22,4,3.15,142,3.40,1.009,1.3,7.6,5.91,30,117
syndeno01,2016,Noah Syndergaard,noah syndergaard,23,NYM,NL,183.2,31,30,14,9,2.60,155,2.29,1.149,2.1,10.7,5.07,28,147
sanchaa01,2016,Aaron Sanchez,aaron sanchez,23,TOR,AL,192.0,30,30,15,2,3.00,142,3.55,1.167,3.0,7.5,2.56,26,169
tanakma01,2016,Masahiro Tanaka,masahiro tanaka,27,NYY,AL,199.2,31,31,14,4,3.07,140,3.51,1.077,1.6,7.4,4.58,26,172
arrieja01,2016,Jake Arrieta,jake arrieta,30,CHC,NL,197.1,31,31,18,8,3.10,135,3.52,1.084,3.5,8.7,2.50,24,188
hamelco01,2016,Cole Hamels,cole hamels,32,TEX,AL,200.2,32,32,15,5,3.32,137,3.98,1.306,3.5,9.0,2.60,24,195
happja01,2016,J.A. Happ,j a happ,33,TOR,AL,195.0,32,32,20,4,3.18,134,3.96,1.169,2.8,7.5,2.72,24,196
martica04,2016,Carlos Martínez,carlos martinez,24,STL,NL,195.1,31,31,16,9,3.04,133,3.61,1.224,3.2,8.0,2.49,24,203
fernajo02,2016,José Fernández,jose fernandez,23,MIA,NL,182.1,29,29,16,8,2.86,137,2.30,1.119,2.7,12.5,4.60,23,211
fulmemi01,2016,Michael Fulmer,michael fulmer,23,DET,AL,159.0,26,26,11,7,3.06,139,3.76,1.119,2.4,7.5,3.14,22,232
quintjo01,2016,Jose Quintana,jose quintana,27,CHW,AL,208.0,32,32,13,12,3.20,126,3.56,1.163,2.2,7.8,3.62,22,247
teherju01,2016,Julio Teheran,julio teheran,25,ATL,NL,188.0,30,30,7,10,3.21,129,3.69,1.053,2.0,8.0,4.07,21,277
salech01,2016,Chris Sale,chris sale,27,CHW,AL,226.2,32,32,17,10,3.34,121,3.46,1.037,1.8,9.3,5.18,20,302
lackejo01,2016,John Lackey,john lackey,37,CHC,NL,188.1,29,29,11,8,3.35,125,3.81,1.057,2.5,8.6,3.40,18,340
pomerdr01,2016,Drew Pomeranz,drew pomeranz,27,BOSSDP,ALNL,170.2,31,30,11,12,3.32,126,3.80,1.184,3.4,9.8,2.86,18,351
degroja01,2016,Jacob deGrom,jacob degrom,28,NYM,NL,148.0,24,24,7,8,3.04,132,3.32,1.203,2.2,8.7,3.97,17,363
duffyda01,2016,Danny Duffy,danny duffy,27,KCR,AL,179.2,42,26,12,3,3.51,123,3.83,1.141,2.1,9.4,4.48,17,364
carraca01,2016,Carlos Carrasco,carlos carrasco,29,CLE,AL,146.1,25,25,11,8,3.32,136,3.72,1.148,2.1,9.2,4.41,16,386
estrama01,2016,Marco Estrada,marco estrada,32,TOR,AL,176.0,29,29,9,9,3.48,122,4.15,1.119,3.3,8.4,2.54,15,423
kenneia01,2016,Ian Kennedy,ian kennedy,31,KCR,AL,195.2,33,33,11,11,3.68,117,4.67,1.221,3.0,8.5,2.79,15,429
santaer01,2016,Ervin Santana,ervin santana,33,MIN,AL,181.1,30,30,7,11,3.38,125,3.81,1.219,2.6,7.4,2.81,15,446
chatwty01,2016,Tyler Chatwood,tyler chatwood,26,COL,NL,158.0,27,27,12,9,3.87,125,4.32,1.373,4.0,6.7,1.67,14,463
gausmke01,2016,Kevin Gausman,kevin gausman,25,BAL,AL,179.2,30,30,9,12,3.61,119,4.10,1.280,2.4,8.7,3.70,14,471
wrighst01,2016,Steven Wright,steven wright,31,BOS,AL,156.2,24,24,13,6,3.33,134,3.77,1.245,3.3,7.3,2.23,14,491
priceda01,2016,David Price,david price,30,BOS,AL,230.0,35,35,17,9,3.99,112,3.60,1.204,2.0,8.9,4.56,13,511
straida01,2016,Dan Straily,dan straily,27,CIN,NL,191.1,34,31,14,8,3.76,113,4.88,1.186,3.4,7.6,2.22,13,513
strasst01,2016,Stephen Strasburg,stephen strasburg,27,WSN,NL,147.2,24,24,15,4,3.60,119,2.92,1.104,2.7,11.2,4.16,13,514
colonba01,2016,Bartolo Colon,bartolo colon,43,NYM,NL,191.2,34,33,15,8,3.43,117,3.99,1.210,1.5,6.0,4.00,12,529
maedake01,2016,Kenta Maeda,kenta maeda,28,LAD,NL,175.2,32,32,16,11,3.48,115,3.58,1.139,2.6,9.2,3.58,12,546
tillmch01,2016,Chris Tillman,chris tillman,28,BAL,AL,172.0,30,30,16,6,3.77,114,4.23,1.285,3.5,7.3,2.12,12,560
eickhje01,2016,Jerad Eickhoff,jerad eickhoff,25,PHI,NL,197.1,33,33,11,14,3.65,115,4.19,1.160,1.9,7.6,3.98,11,578
matzst01,2016,Steven Matz,steven matz,25,NYM,NL,132.1,22,22,9,8,3.40,118,3.39,1.209,2.1,8.8,4.16,10,642
salazda01,2016,Danny Salazar,danny salazar,26,CLE,AL,137.1,25,25,11,6,3.87,117,3.74,1.340,4.1,10.6,2.56,10,653
hellije01,2016,Jeremy Hellickson,jeremy hellickson,29,PHI,NL,189.0,32,32,12,10,3.71,113,3.98,1.153,2.1,7.3,3.42,9,678
odorija01,2016,Jake Odorizzi,jake odorizzi,26,TBR,AL,187.2,33,33,10,6,3.69,108,4.31,1.194,2.6,8.0,3.07,8,734
sabatc.01,2016,CC Sabathia,cc sabathia,35,NYY,AL,179.2,30,30,9,12,3.91,110,4.28,1.319,3.3,7.6,2.34,8,742
samarje01,2016,Jeff Samardzija,jeff samardzija,31,SFG,NL,203.1,32,32,12,11,3.81,105,3.85,1.200,2.4,7.4,3.09,7,780
hammeja01,2016,Jason Hammel,jason hammel,33,CHC,NL,166.2,30,30,15,10,3.83,109,4.48,1.206,2.9,7.8,2.72,6,800
bauertr01,2016,Trevor Bauer,trevor bauer,25,CLE,AL,190.0,35,28,12,8,4.26,106,3.99,1.311,3.3,8.0,2.40,5,833
davieza02,2016,Zach Davies,zach davies,23,MIL,NL,163.1,28,28,11,7,3.97,107,3.89,1.249,2.1,7.4,3.55,5,837
gonzami03,2016,Miguel González,miguel gonzalez,32,CHW,AL,135.0,24,23,5,8,3.73,109,3.71,1.237,2.3,6.3,2.71,5,843
manaese01,2016,Sean Manaea,sean manaea,24,OAK,AL,144.2,25,24,7,9,3.86,106,4.08,1.189,2.3,7.7,3.35,5,856
finnebr01,2016,Brandon Finnegan,brandon finnegan,23,CIN,NL,172.0,31,31,10,11,3.98,107,5.19,1.360,4.4,7.6,1.73,4,882
grayjo02,2016,Jon Gray,jon gray,24,COL,NL,168.0,29,29,10,10,4.61,105,3.60,1.262,3.2,9.9,3.14,4,890
shoemma01,2016,Matt Shoemaker,matt shoemaker,29,LAA,AL,160.0,27,27,9,13,3.88,103,3.51,1.225,1.7,8.0,4.77,4,916
conlead01,2016,Adam Conley,adam conley,26,MIA,NL,133.1,25,25,8,6,3.85,102,4.20,1.403,4.2,8.4,2.00,3,934
greinza01,2016,Zack Greinke,zack greinke,32,ARI,NL,158.2,26,26,13,7,4.37,102,4.12,1.273,2.3,7.6,3.27,3,942
graveke01,2016,Kendall Graveman,kendall graveman,25,OAK,AL,186.0,31,31,10,11,4.11,99,4.39,1.306,2.3,5.2,2.30,2,993
bettich01,2016,Chad Bettis,chad bettis,27,COL,NL,186.0,32,32,14,8,4.79,101,4.26,1.414,2.9,6.7,2.34,1,1028
hernafe02,2016,Félix Hernández,felix hernandez,30,SEA,AL,153.1,25,25,11,8,3.82,106,4.63,1.324,3.8,7.2,1.88,1,1044
moorema02,2016,Matt Moore,matt moore,27,SFGTBR,ALNL,198.1,33,33,13,12,4.08,98,4.17,1.291,3.3,8.1,2.47,1,1056
novaiv01,2016,Iván Nova,ivan nova,29,NYYPIT,ALNL,162.0,32,26,12,8,4.17,102,4.11,1.253,1.6,7.1,4.54,1,1058
perezma02,2016,Martín Pérez,martin perez,25,TEX,AL,198.2,33,33,10,11,4.39,104,4.49,1.414,3.4,4.7,1.36,1,1061
velasvi01,2016,Vince Velasquez,vince velasquez,24,PHI,NL,131.0,24,24,8,6,4.12,101,3.96,1.328,3.1,10.4,3.38,1,1070
iwakuhi01,2016,Hisashi Iwakuma,hisashi iwakuma,35,SEA,AL,199.0,33,33,16,12,4.12,98,4.27,1.327,2.1,6.6,3.20,0,1096
tomlijo01,2016,Josh Tomlin,josh tomlin,31,CLE,AL,174.0,30,29,13,9,4.40,103,4.88,1.190,1.0,6.1,5.90,0,1114
rodonca01,2016,Carlos Rodón,carlos rodon,23,CHW,AL,165.0,28,28,9,10,4.04,100,4.01,1.394,2.9,9.2,3.11,-1,1150
stromma01,2016,Marcus Stroman,marcus stroman,25,TOR,AL,204.0,32,32,9,10,4.37,97,3.71,1.289,2.4,7.3,3.07,-1,1151
archech01,2016,Chris Archer,chris archer,27,TBR,AL,201.1,33,33,9,19,4.02,100,3.81,1.242,3.0,10.4,3.48,-2,1153
ventuyo01,2016,Yordano Ventura,yordano ventura,25,KCR,AL,186.0,32,32,11,12,4.45,97,4.59,1.441,3.8,7.0,1.85,-2,1184
anderch01,2016,Chase Anderson,chase anderson,28,MIL,NL,151.2,31,30,9,11,4.39,97,5.09,1.371,3.1,7.1,2.26,-3,1187
andrima01,2016,Matt Andriese,matt andriese,26,TBR,AL,127.2,29,19,8,8,4.37,92,3.78,1.222,1.8,7.7,4.36,-4,1222
geedi01,2016,Dillon Gee,dillon gee,30,KCR,AL,125.0,33,14,8,9,4.68,92,5.25,1.464,2.7,6.4,2.41,-4,1237
buchhcl01,2016,Clay Buchholz,clay buchholz,31,BOS,AL,139.1,37,21,8,10,4.78,94,5.06,1.328,3.6,6.0,1.69,-5,1277
gonzagi01,2016,Gio González,gio gonzalez,30,WSN,NL,177.1,32,32,11,11,4.57,93,3.76,1.342,3.0,8.7,2.90,-6,1324
nolasri01,2016,Ricky Nolasco,ricky nolasco,33,LAAMIN,AL,197.2,32,32,8,14,4.42,94,4.14,1.245,2.0,6.6,3.27,-6,1338
walketa01,2016,Taijuan Walker,taijuan walker,23,SEA,AL,134.1,25,25,8,11,4.22,96,4.99,1.236,2.5,8.0,3.22,-6,1346
bradlar01,2016,Archie Bradley,archie bradley,23,ARI,NL,141.2,26,26,8,9,5.02,89,4.10,1.560,4.3,9.1,2.13,-7,1347
dicker.01,2016,R.A. Dickey,r a dickey,41,TOR,AL,169.2,30,29,10,15,4.46,96,5.03,1.367,3.3,6.7,2.00,-7,1350
kazmisc01,2016,Scott Kazmir,scott kazmir,32,LAD,NL,136.1,26,26,10,6,4.56,88,4.48,1.357,3.4,8.8,2.58,-7,1362
mchugco01,2016,Collin McHugh,collin mchugh,29,HOU,AL,184.2,33,33,13,10,4.34,90,3.95,1.408,2.6,8.6,3.28,-7,1372
peralwi01,2016,Wily Peralta,wily peralta,27,MIL,NL,127.2,23,23,7,11,4.86,88,4.70,1.527,3.0,6.6,2.16,-8,1401
koehlto01,2016,Tom Koehler,tom koehler,30,MIA,NL,176.2,33,33,9,13,4.33,91,4.60,1.466,4.2,7.5,1.77,-9,1419
pinedmi01,2016,Michael Pineda,michael pineda,27,NYY,AL,175.2,32,32,6,12,4.82,89,3.79,1.349,2.7,10.6,3.91,-9,1430
rayro02,2016,Robbie Ray,robbie ray,24,ARI,NL,174.1,32,32,8,15,4.90,91,3.76,1.468,3.7,11.3,3.07,-9,1431
rosajo01,2016,Jorge De La Rosa,jorge de la rosa,35,COL,NL,134.0,27,24,8,9,5.51,88,5.35,1.642,4.2,7.3,1.71,-10,1438
chacijh01,2016,Jhoulys Chacín,jhoulys chacin,28,ATLLAA,ALNL,144.0,34,22,6,8,4.81,84,4.01,1.444,3.4,7.4,2.16,-11,1467
fiersmi01,2016,Mike Fiers,mike fiers,31,HOU,AL,168.2,31,30,11,8,4.48,88,4.43,1.358,2.2,7.2,3.19,-11,1469
garcija02,2016,Jaime García,jaime garcia,29,STL,NL,171.2,32,30,10,13,4.67,87,4.49,1.375,3.0,7.9,2.63,-11,1470
keuchda01,2016,Dallas Keuchel,dallas keuchel,28,HOU,AL,168.0,26,26,9,12,4.55,86,3.87,1.286,2.6,7.7,3.00,-11,1477
nelsoji02,2016,Jimmy Nelson,jimmy nelson,27,MIL,NL,179.1,32,32,8,16,4.62,92,5.12,1.517,4.3,7.0,1.63,-11,1483
santihe01,2016,Héctor Santiago,hector santiago,28,LAAMIN,AL,182.0,33,33,13,10,4.70,87,5.31,1.363,3.9,7.1,1.82,-11,1487
friedch01,2016,Christian Friedrich,christian friedrich,28,SDP,NL,129.1,24,23,5,12,4.80,83,4.16,1.415,3.6,7.0,1.92,-12,1494
liriafr01,2016,Francisco Liriano,francisco liriano,32,PITTOR,ALNL,163.0,31,29,8,13,4.69,89,4.89,1.485,4.7,9.3,1.98,-12,1500
wainwad01,2016,Adam Wainwright,adam wainwright,34,STL,NL,198.2,33,33,13,9,4.62,88,3.93,1.404,2.7,7.3,2.73,-12,1513
leakemi01,2016,Mike Leake,mike leake,28,STL,NL,176.2,30,30,9,12,4.69,87,3.83,1.319,1.5,6.4,4.17,-13,1529
wislema01,2016,Matt Wisler,matt wisler,23,ATL,NL,156.2,27,26,7,13,5.00,83,4.85,1.328,2.8,6.6,2.35,-13,1544
gibsoky01,2016,Kyle Gibson,kyle gibson,28,MIN,AL,147.1,25,25,6,11,5.07,83,4.70,1.561,3.4,6.4,1.89,-14,1554
fistedo01,2016,Doug Fister,doug fister,32,HOU,AL,180.1,32,32,12,13,4.64,84,4.75,1.425,3.1,5.7,1.85,-15,1571
corbipa01,2016,Patrick Corbin,patrick corbin,26,ARI,NL,155.2,36,24,5,13,5.15,87,4.84,1.561,3.8,7.6,1.98,-16,1589
lockeje01,2016,Jeff Locke,jeff locke,28,PIT,NL,127.1,30,19,9,8,5.44,76,4.84,1.531,3.1,5.2,1.66,-17,1613
wachami01,2016,Michael Wacha,michael wacha,24,STL,NL,138.0,27,24,7,7,5.09,80,3.91,1.478,2.9,7.4,2.53,-17,1622
jimenub01,2016,Ubaldo Jiménez,ubaldo jimenez,32,BAL,AL,142.1,29,25,8,12,5.44,79,4.43,1.560,4.6,7.9,1.74,-18,1632
smylydr01,2016,Drew Smyly,drew smyly,27,TBR,AL,175.1,30,30,7,12,4.88,82,4.49,1.272,2.5,8.6,3.41,-18,1638
cashnan01,2016,Andrew Cashner,andrew cashner,29,MIASDP,NL,132.0,28,27,5,11,5.25,76,4.84,1.530,4.1,7.6,1.87,-20,1656
mileywa01,2016,Wade Miley,wade miley,29,BALSEA,AL,166.0,30,30,9,13,5.37,77,4.45,1.422,2.7,7.4,2.80,-20,1666
weaveje02,2016,Jered Weaver,jered weaver,33,LAA,AL,178.0,31,31,12,12,5.06,79,5.62,1.461,2.6,5.2,2.02,-21,1684
volqued01,2016,Edinson Vólquez,edinson volquez,32,KCR,AL,189.1,34,34,10,11,5.37,80,4.57,1.548,3.6,6.6,1.83,-23,1708
sanchan01,2016,Aníbal Sánchez,anibal sanchez,32,DET,AL,153.1,35,26,7,13,5.87,73,5.06,1.461,3.1,7.9,2.55,-27,1739
perdolu02,2016,Luis Perdomo,luis perdomo,23,SDP,NL,146.2,35,20,9,10,5.71,70,4.84,1.589,2.8,6.4,2.28,-29,1752
duffety01,2016,Tyler Duffey,tyler duffey,25,MIN,AL,133.0,26,26,9,12,6.43,66,4.73,1.496,2.2,7.7,3.56,-33,1767
shielja02,2016,James Shields,james shields,34,CHWSDP,ALNL,181.2,33,33,6,19,5.85,69,6.01,1.596,4.1,6.7,1.65,-36,1777
klubeco01,2017,Corey Kluber,corey kluber,31,CLE,AL,203.2,29,29,18,4,2.25,202,2.50,0.869,1.6,11.7,7.36,50,6
scherma01,2017,Max Scherzer,max scherzer,32,WSN,NL,200.2,31,31,16,6,2.51,178,2.90,0.902,2.5,12.0,4.87,42,22
salech01,2017,Chris Sale,chris sale,28,BOS,AL,214.1,32,32,17,8,2.90,157,2.45,0.970,1.8,12.9,7.16,39,39
kershcl01,2017,Clayton Kershaw,clayton kershaw,29,LAD,NL,175.0,27,27,18,4,2.31,179,3.07,0.949,1.5,10.4,6.73,37,52
strasst01,2017,Stephen Strasburg,stephen strasburg,28,WSN,NL,175.1,28,28,15,4,2.52,178,2.72,1.015,2.4,10.5,4.34,36,60
gonzagi01,2017,Gio González,gio gonzalez,31,WSN,NL,201.0,32,32,15,9,2.96,152,3.93,1.179,3.5,8.4,2.38,34,71
carraca01,2017,Carlos Carrasco,carlos carrasco,30,CLE,AL,200.0,32,32,18,6,3.29,139,3.10,1.095,2.1,10.2,4.91,30,109
greinza01,2017,Zack Greinke,zack greinke,33,ARI,NL,202.1,32,32,17,7,3.20,147,3.31,1.072,2.0,9.6,4.78,30,112
rayro02,2017,Robbie Ray,robbie ray,25,ARI,NL,162.0,28,28,15,5,2.89,163,3.72,1.154,3.9,12.1,3.07,30,118
severlu01,2017,Luis Severino,luis severino,23,NYY,AL,193.1,31,31,14,6,2.98,152,3.08,1.040,2.4,10.7,4.51,30,123
stromma01,2017,Marcus Stroman,marcus stroman,26,TOR,AL,201.0,33,33,13,9,3.09,145,3.90,1.308,2.8,7.3,2.65,27,162
santaer01,2017,Ervin Santana,ervin santana,34,MIN,AL,211.1,33,33,16,8,3.28,135,4.46,1.126,2.6,7.1,2.74,26,170
verlaju01,2017,Justin Verlander,justin verlander,34,DETHOU,AL,206.0,33,33,15,8,3.36,131,3.84,1.175,3.1,9.6,3.04,26,174
anderch01,2017,Chase Anderson,chase anderson,29,MIL,NL,141.1,25,25,12,4,2.74,160,3.58,1.090,2.6,8.5,3.24,25,175
woodal02,2017,Alex Wood,alex wood,26,LAD,NL,152.1,27,25,16,3,2.72,152,3.32,1.057,2.2,8.9,3.97,25,187
pomerdr01,2017,Drew Pomeranz,drew pomeranz,28,BOS,AL,173.2,32,32,17,6,3.32,137,3.84,1.353,3.6,9.0,2.52,23,220
godleza01,2017,Zack Godley,zack godley,27,ARI,NL,155.0,26,25,8,9,3.37,139,3.41,1.142,3.1,9.6,3.11,22,236
hendrky01,2017,Kyle Hendricks,kyle hendricks,27,CHC,NL,139.2,24,24,7,5,3.03,145,3.88,1.189,2.6,7.9,3.08,22,237
cashnan01,2017,Andrew Cashner,andrew cashner,30,TEX,AL,166.2,28,28,11,11,3.40,142,4.61,1.320,3.5,4.6,1.34,21,261
keuchda01,2017,Dallas Keuchel,dallas keuchel,29,HOU,AL,145.2,23,23,14,5,2.90,141,3.79,1.119,2.9,7.7,2.66,21,269
paxtoja01,2017,James Paxton,james paxton,28,SEA,AL,136.0,24,24,12,5,2.98,140,2.61,1.103,2.4,10.3,4.22,20,299
peacobr01,2017,Brad Peacock,brad peacock,29,HOU,AL,132.0,34,21,13,2,3.00,136,3.07,1.189,3.9,11.0,2.82,18,350
nelsoji02,2017,Jimmy Nelson,jimmy nelson,28,MIL,NL,175.1,29,29,12,6,3.49,126,3.05,1.249,2.5,10.2,4.15,17,378
darviyu01,2017,Yu Darvish,yu darvish,30,LADTEX,ALNL,186.2,31,31,10,12,3.86,120,3.83,1.163,2.8,10.1,3.60,16,388
nolaaa01,2017,Aaron Nola,aaron nola,24,PHI,NL,168.0,27,27,12,11,3.54,122,3.27,1.208,2.6,9.9,3.76,16,403
lynnla01,2017,Lance Lynn,lance lynn,30,STL,NL,186.1,33,33,11,8,3.43,123,4.82,1.229,3.8,7.4,1.96,15,434
montgmi01,2017,Mike Montgomery,mike montgomery,27,CHC,NL,130.2,44,14,7,8,3.38,130,4.07,1.209,3.8,6.9,1.82,15,438
walketa01,2017,Taijuan Walker,taijuan walker,24,ARI,NL,157.1,28,28,9,9,3.49,135,4.04,1.328,3.5,8.4,2.39,15,454
freelky01,2017,Kyle Freeland,kyle freeland,24,COL,NL,156.0,33,28,11,11,4.10,123,4.57,1.487,3.6,6.2,1.70,14,470
happja01,2017,J.A. Happ,j a happ,34,TOR,AL,145.1,25,25,10,11,3.53,127,3.76,1.314,2.8,8.8,3.09,14,473
hillri01,2017,Rich Hill,rich hill,37,LAD,NL,135.2,25,25,12,8,3.32,125,3.72,1.091,3.3,11.0,3.39,14,474
sabatc.01,2017,CC Sabathia,cc sabathia,36,NYY,AL,148.2,27,27,14,5,3.69,122,4.49,1.271,3.0,7.3,2.40,14,485
degroja01,2017,Jacob deGrom,jacob degrom,29,NYM,NL,201.1,31,31,15,10,3.53,117,3.50,1.187,2.6,10.7,4.05,13,499
cobbal01,2017,Alex Cobb,alex cobb,29,TBR,AL,179.1,29,29,12,10,3.66,115,4.16,1.221,2.2,6.4,2.91,12,527
martica04,2017,Carlos Martínez,carlos martinez,25,STL,NL,205.0,32,32,12,11,3.64,116,3.91,1.220,3.1,9.5,3.06,12,548
arrieja01,2017,Jake Arrieta,jake arrieta,31,CHC,NL,168.1,30,30,14,10,3.53,124,4.16,1.218,2.9,8.7,2.96,11,569
corbipa01,2017,Patrick Corbin,patrick corbin,27,ARI,NL,189.2,33,32,14,13,4.03,116,4.08,1.418,2.9,8.4,2.92,11,577
marquge01,2017,Germán Márquez,german marquez,22,COL,NL,162.0,29,29,11,7,4.39,115,4.40,1.377,2.7,8.2,3.00,11,599
montgjo01,2017,Jordan Montgomery,jordan montgomery,24,NYY,AL,155.1,29,29,9,7,3.88,116,4.07,1.230,3.0,8.3,2.82,11,603
davieza02,2017,Zach Davies,zach davies,24,MIL,NL,191.1,33,33,17,9,3.90,112,4.22,1.354,2.6,5.8,2.25,10,623
duffyda01,2017,Danny Duffy,danny duffy,28,KCR,AL,146.1,24,24,9,10,3.81,117,3.46,1.257,2.5,8.0,3.17,10,625
fulmemi01,2017,Michael Fulmer,michael fulmer,24,DET,AL,164.2,25,25,10,12,3.83,117,3.67,1.154,2.2,6.2,2.85,10,628
hamelco01,2017,Cole Hamels,cole hamels,33,TEX,AL,148.0,24,24,11,6,4.20,115,4.62,1.203,3.2,6.4,1.98,10,632
bauertr01,2017,Trevor Bauer,trevor bauer,26,CLE,AL,176.1,32,31,17,9,4.19,109,3.88,1.367,3.1,10.0,3.27,9,663
grayso01,2017,Sonny Gray,sonny gray,27,NYYOAK,AL,162.1,27,27,10,12,3.55,122,3.90,1.207,3.2,8.5,2.68,9,676
vargaja01,2017,Jason Vargas,jason vargas,34,KCR,AL,179.2,32,32,18,11,4.16,108,4.67,1.330,2.9,6.7,2.31,9,707
chacijh01,2017,Jhoulys Chacín,jhoulys chacin,29,SDP,NL,180.1,32,32,13,10,3.89,108,4.26,1.270,3.6,7.6,2.13,8,720
berrijo01,2017,José Berríos,jose berrios,23,MIN,AL,145.2,26,25,14,8,3.89,114,3.84,1.229,3.0,8.6,2.90,7,749
chatwty01,2017,Tyler Chatwood,tyler chatwood,27,COL,NL,147.2,33,25,8,15,4.69,108,4.94,1.442,4.7,7.3,1.56,7,753
mortoch02,2017,Charlie Morton,charlie morton,33,HOU,AL,146.2,25,25,14,7,3.62,113,3.46,1.193,3.1,10.0,3.26,7,770
rodried05,2017,Eduardo Rodríguez,eduardo rodriguez,24,BOS,AL,137.1,25,24,6,7,4.19,109,3.97,1.282,3.3,9.8,3.00,7,777
senzaan01,2017,Antonio Senzatela,antonio senzatela,22,COL,NL,134.2,36,20,10,5,4.68,108,4.52,1.300,3.1,6.8,2.17,6,820
quintjo01,2017,Jose Quintana,jose quintana,28,CHCCHW,ALNL,188.2,32,32,11,11,4.15,105,3.68,1.224,2.9,9.9,3.39,5,862
ryuhy01,2017,Hyun Jin Ryu,hyun jin ryu,30,LAD,NL,126.2,25,24,5,9,3.77,110,4.74,1.366,3.2,8.2,2.58,5,864
bundydy01,2017,Dylan Bundy,dylan bundy,24,BAL,AL,169.2,28,28,13,9,4.24,102,4.38,1.196,2.7,8.1,2.98,4,876
leakemi01,2017,Mike Leake,mike leake,29,SEASTL,ALNL,186.0,31,31,10,13,3.92,108,3.90,1.280,1.8,6.3,3.51,4,903
colege01,2017,Gerrit Cole,gerrit cole,26,PIT,NL,203.0,33,33,12,12,4.26,100,4.08,1.251,2.4,8.7,3.56,3,932
urenajo01,2017,José Ureña,jose urena,25,MIA,NL,169.2,34,28,14,7,3.82,104,5.20,1.273,3.4,6.0,1.77,3,967
willitr01,2017,Trevor Williams,trevor williams,25,PIT,NL,150.1,31,25,7,9,4.07,105,4.03,1.310,3.1,7.0,2.25,3,971
archech01,2017,Chris Archer,chris archer,28,TBR,AL,201.0,34,34,10,12,4.07,103,3.40,1.259,2.7,11.1,4.15,2,974
ramirjc01,2017,JC Ramírez,jc ramirez,28,LAA,AL,147.1,27,24,11,10,4.15,102,4.71,1.344,3.0,6.4,2.14,2,1011
wachami01,2017,Michael Wacha,michael wacha,25,STL,NL,165.2,30,30,12,9,4.13,102,3.63,1.358,3.0,8.6,2.87,2,1024
dicker.01,2017,R.A. Dickey,r a dickey,42,ATL,NL,190.0,31,31,10,10,4.26,102,4.72,1.368,3.2,6.4,2.03,1,1034
novaiv01,2017,Iván Nova,ivan nova,30,PIT,NL,187.0,31,31,11,14,4.14,103,4.46,1.278,1.7,6.3,3.64,1,1059
snellbl01,2017,Blake Snell,blake snell,24,TBR,AL,129.1,24,24,5,7,4.04,104,4.19,1.330,4.1,8.3,2.02,1,1065
perezma02,2017,Martín Pérez,martin perez,26,TEX,AL,185.0,32,32,13,12,4.82,100,4.65,1.535,3.1,5.6,1.83,0,1107
garcija02,2017,Jaime García,jaime garcia,30,ATLMINNYY,ALNL,157.0,27,27,5,10,4.41,100,4.25,1.408,3.7,7.4,2.02,-1,1126
kuhlch01,2017,Chad Kuhl,chad kuhl,24,PIT,NL,157.1,31,31,8,11,4.35,98,4.24,1.468,4.1,8.1,1.97,-1,1133
maedake01,2017,Kenta Maeda,kenta maeda,29,LAD,NL,134.1,29,25,13,6,4.22,98,4.07,1.154,2.3,9.4,4.12,-1,1138
lestejo01,2017,Jon Lester,jon lester,33,CHC,NL,180.2,32,32,13,8,4.33,101,4.10,1.323,3.0,9.0,3.00,-2,1170
samarje01,2017,Jeff Samardzija,jeff samardzija,32,SFG,NL,207.2,32,32,9,15,4.42,96,3.61,1.136,1.4,8.9,6.41,-2,1177
taillja01,2017,Jameson Taillon,jameson taillon,25,PIT,NL,133.2,25,25,8,7,4.44,96,3.48,1.481,3.1,8.4,2.72,-2,1182
cuetojo01,2017,Johnny Cueto,johnny cueto,31,SFG,NL,147.1,25,25,8,8,4.52,94,4.50,1.446,3.2,8.3,2.57,-3,1195
lackejo01,2017,John Lackey,john lackey,38,CHC,NL,170.2,31,30,12,12,4.59,96,5.30,1.277,2.8,7.9,2.81,-3,1201
odorija01,2017,Jake Odorizzi,jake odorizzi,27,TBR,AL,143.1,28,28,10,8,4.14,102,5.43,1.242,3.8,8.0,2.08,-3,1210
ramirer02,2017,Erasmo Ramírez,erasmo ramirez,27,SEATBR,AL,131.1,37,19,5,6,4.39,96,4.43,1.173,2.1,7.5,3.52,-3,1214
gausmke01,2017,Kevin Gausman,kevin gausman,26,BAL,AL,186.2,34,34,11,12,4.68,93,4.48,1.495,3.4,8.6,2.52,-4,1236
tanakma01,2017,Masahiro Tanaka,masahiro tanaka,28,NYY,AL,178.1,30,30,13,12,4.74,95,4.34,1.239,2.1,9.8,4.73,-4,1268
teherju01,2017,Julio Teheran,julio teheran,26,ATL,NL,188.1,32,32,11,13,4.49,97,4.95,1.370,3.4,7.2,2.10,-4,1269
tomlijo01,2017,Josh Tomlin,josh tomlin,32,CLE,AL,141.0,26,26,10,9,4.98,92,4.12,1.277,0.9,7.0,7.79,-4,1272
gonzami03,2017,Miguel González,miguel gonzalez,33,CHWTEX,AL,156.0,27,27,8,13,4.62,95,4.88,1.423,3.2,5.8,1.82,-5,1286
roarkta01,2017,Tanner Roark,tanner roark,30,WSN,NL,181.1,32,30,13,11,4.67,96,4.13,1.335,3.2,8.2,2.59,-5,1301
straida01,2017,Dan Straily,dan straily,28,MIA,NL,181.2,33,33,10,9,4.26,93,4.58,1.299,3.0,8.4,2.83,-5,1307
foltymi01,2017,Mike Foltynewicz,mike foltynewicz,25,ATL,NL,154.0,29,28,10,13,4.79,91,4.33,1.481,3.4,8.4,2.42,-6,1321
manaese01,2017,Sean Manaea,sean manaea,25,OAK,AL,158.2,29,29,12,10,4.37,95,4.10,1.399,3.1,7.9,2.55,-6,1331
eickhje01,2017,Jerad Eickhoff,jerad eickhoff,26,PHI,NL,128.0,24,24,4,8,4.71,91,4.30,1.523,3.7,8.3,2.23,-7,1353
estrama01,2017,Marco Estrada,marco estrada,33,TOR,AL,186.0,33,33,10,9,4.98,90,4.61,1.382,3.4,8.5,2.48,-7,1354
porceri01,2017,Rick Porcello,rick porcello,28,BOS,AL,203.1,33,33,11,17,4.65,98,4.60,1.397,2.1,8.0,3.77,-7,1378
blachty01,2017,Ty Blach,ty blach,26,SFG,NL,163.2,34,24,8,12,4.78,89,4.42,1.356,2.4,4.0,1.70,-8,1390
gibsoky01,2017,Kyle Gibson,kyle gibson,29,MIN,AL,158.0,29,29,12,10,5.07,87,4.85,1.532,3.4,6.9,2.02,-10,1442
boydma01,2017,Matthew Boyd,matthew boyd,26,DET,AL,135.0,26,25,6,11,5.27,85,4.51,1.556,3.5,7.3,2.08,-11,1463
perdolu02,2017,Luis Perdomo,luis perdomo,24,SDP,NL,163.2,29,29,8,11,4.67,90,4.40,1.509,3.6,6.5,1.82,-11,1485
nolasri01,2017,Ricky Nolasco,ricky nolasco,34,LAA,AL,181.0,33,33,6,15,4.92,86,5.10,1.453,2.9,7.1,2.47,-12,1507
richacl01,2017,Clayton Richard,clayton richard,33,SDP,NL,197.1,32,32,8,15,4.79,88,4.23,1.515,2.7,6.9,2.56,-13,1536
hammeja01,2017,Jason Hammel,jason hammel,34,KCR,AL,180.1,32,32,8,13,5.29,85,4.37,1.425,2.4,7.2,3.02,-14,1556
chaveje01,2017,Jesse Chavez,jesse chavez,33,LAA,AL,138.0,38,21,7,11,5.35,80,5.09,1.399,2.9,7.8,2.64,-15,1569
kenneia01,2017,Ian Kennedy,ian kennedy,32,KCR,AL,154.0,30,30,5,13,5.38,83,5.61,1.325,3.6,7.7,2.15,-15,1576
miranar01,2017,Aríel Miranda,ariel miranda,28,SEA,AL,160.0,31,29,8,7,5.12,81,5.73,1.269,3.5,7.7,2.17,-15,1578
hellije01,2017,Jeremy Hellickson,jeremy hellickson,30,BALPHI,ALNL,164.0,30,30,8,11,5.43,80,5.77,1.262,2.6,5.3,2.04,-19,1646
fiersmi01,2017,Mike Fiers,mike fiers,32,HOU,AL,153.1,29,28,8,10,5.22,78,5.43,1.428,3.6,8.6,2.35,-20,1661
gallayo01,2017,Yovani Gallardo,yovani gallardo,31,SEA,AL,130.2,28,22,5,10,5.72,73,5.53,1.515,4.1,6.5,1.57,-21,1678
mileywa01,2017,Wade Miley,wade miley,30,BAL,AL,157.1,32,32,8,15,5.61,77,5.27,1.729,5.3,8.1,1.53,-22,1690
pivetni01,2017,Nick Pivetta,nick pivetta,24,PHI,NL,133.0,26,26,8,10,6.02,72,4.87,1.511,3.9,9.5,2.46,-23,1705
cottojh01,2017,Jharel Cotton,jharel cotton,25,OAK,AL,129.0,24,24,9,10,5.58,75,5.68,1.442,3.7,7.3,1.98,-24,1712
moorema02,2017,Matt Moore,matt moore,28,SFG,NL,174.1,32,31,6,15,5.52,77,4.75,1.532,3.5,7.6,2.21,-25,1730
zimmejo02,2017,Jordan Zimmermann,jordan zimmermann,31,DET,AL,160.0,29,29,8,13,6.08,74,5.18,1.550,2.5,5.8,2.34,-25,1733
hollade01,2017,Derek Holland,derek holland,30,CHW,AL,135.0,29,26,7,14,6.20,69,6.45,1.711,5.0,6.9,1.39,-32,1763
colonba01,2017,Bartolo Colon,bartolo colon,44,ATLMIN,ALNL,143.0,28,28,7,14,6.48,68,5.21,1.587,2.2,5.6,2.54,-34,1769
jimenub01,2017,Ubaldo Jiménez,ubaldo jimenez,33,BAL,AL,142.2,31,25,6,11,6.81,64,5.54,1.591,3.7,8.8,2.40,-36,1774
degroja01,2018,Jacob deGrom,jacob degrom,30,NYM,NL,217.0,32,32,10,9,1.70,218,1.98,0.912,1.9,11.2,5.85,51,5
snellbl01,2018,Blake Snell,blake snell,25,TBR,AL,180.2,31,31,21,5,1.89,217,2.94,0.974,3.2,11.0,3.45,46,11
nolaaa01,2018,Aaron Nola,aaron nola,25,PHI,NL,212.1,33,33,17,6,2.37,173,3.01,0.975,2.5,9.5,3.86,42,21
verlaju01,2018,Justin Verlander,justin verlander,35,HOU,AL,214.0,34,34,16,9,2.52,164,2.78,0.902,1.6,12.2,7.84,41,27
salech01,2018,Chris Sale,chris sale,29,BOS,AL,158.0,27,27,12,4,2.11,209,1.98,0.861,1.9,13.5,6.97,40,32
scherma01,2018,Max Scherzer,max scherzer,33,WSN,NL,220.2,33,33,18,7,2.53,168,2.65,0.911,2.1,12.2,5.88,40,33
bauertr01,2018,Trevor Bauer,trevor bauer,27,CLE,AL,175.1,28,27,12,6,2.21,196,2.44,1.089,2.9,11.3,3.88,39,36
freelky01,2018,Kyle Freeland,kyle freeland,25,COL,NL,202.1,33,33,17,7,2.85,166,3.67,1.245,3.1,7.7,2.47,38,41
klubeco01,2018,Corey Kluber,corey kluber,32,CLE,AL,215.0,33,33,20,7,2.89,150,3.12,0.991,1.4,9.3,6.53,34,73
colege01,2018,Gerrit Cole,gerrit cole,27,HOU,AL,200.1,32,32,15,5,2.88,144,2.70,1.033,2.9,12.4,4.31,30,110
clevimi01,2018,Mike Clevinger,mike clevinger,27,CLE,AL,200.0,32,32,13,8,3.02,143,3.52,1.155,3.0,9.3,3.09,29,127
corbipa01,2018,Patrick Corbin,patrick corbin,28,ARI,NL,200.0,33,33,11,7,3.15,133,2.47,1.050,2.2,11.1,5.13,25,176
foltymi01,2018,Mike Foltynewicz,mike foltynewicz,26,ATL,NL,183.0,31,31,13,10,2.85,143,3.37,1.082,3.3,9.9,2.97,24,193
greinza01,2018,Zack Greinke,zack greinke,34,ARI,NL,207.2,33,33,15,11,3.21,131,3.70,1.079,1.9,8.6,4.63,23,213
mikolmi01,2018,Miles Mikolas,miles mikolas,29,STL,NL,200.2,32,32,18,4,2.83,137,3.28,1.071,1.3,6.5,5.03,23,216
buehlwa01,2018,Walker Buehler,walker buehler,23,LAD,NL,137.1,24,23,8,5,2.62,148,3.04,0.961,2.4,9.9,4.08,20,282
carraca01,2018,Carlos Carrasco,carlos carrasco,31,CLE,AL,192.0,32,30,17,10,3.38,128,2.94,1.125,2.0,10.8,5.37,20,286
kellebr01,2018,Brad Keller,brad keller,22,KCR,AL,140.1,41,20,9,6,3.08,140,3.55,1.304,3.2,6.2,1.92,20,293
kershcl01,2018,Clayton Kershaw,clayton kershaw,30,LAD,NL,161.1,26,26,9,5,2.73,142,3.18,1.041,1.6,8.6,5.34,20,294
mortoch02,2018,Charlie Morton,charlie morton,34,HOU,AL,167.0,30,30,15,3,3.13,133,3.59,1.162,3.4,10.8,3.14,19,314
sanchan01,2018,Aníbal Sánchez,anibal sanchez,34,ATL,NL,136.2,25,24,7,6,2.83,144,3.62,1.083,2.8,8.9,3.21,18,353
severlu01,2018,Luis Severino,luis severino,24,NYY,AL,191.1,32,32,19,8,3.39,124,2.95,1.145,2.2,10.3,4.78,18,355
taillja01,2018,Jameson Taillon,jameson taillon,26,PIT,NL,191.0,32,32,14,10,3.20,122,3.46,1.178,2.2,8.4,3.89,18,356
marquge01,2018,Germán Márquez,german marquez,23,COL,NL,196.0,33,33,14,11,3.77,125,3.40,1.204,2.6,10.6,4.04,17,375
fiersmi01,2018,Mike Fiers,mike fiers,33,DETOAK,AL,172.0,31,30,12,8,3.56,124,4.75,1.180,1.9,7.3,3.76,16,390
hendrky01,2018,Kyle Hendricks,kyle hendricks,28,CHC,NL,199.0,33,33,14,11,3.44,121,3.78,1.146,2.0,7.3,3.66,16,393
priceda01,2018,David Price,david price,32,BOS,AL,176.0,30,30,16,7,3.58,123,4.02,1.142,2.6,9.1,3.54,16,405
willitr01,2018,Trevor Williams,trevor williams,26,PIT,NL,170.2,31,31,14,10,3.11,126,3.86,1.178,2.9,6.6,2.29,16,415
lestejo01,2018,Jon Lester,jon lester,34,CHC,NL,181.2,32,32,18,6,3.32,125,4.39,1.310,3.2,7.4,2.33,15,432
barrija01,2018,Jaime Barria,jaime barria,21,LAA,AL,129.1,26,26,10,9,3.41,123,4.58,1.268,3.3,6.8,2.09,13,494
gibsoky01,2018,Kyle Gibson,kyle gibson,30,MIN,AL,196.2,32,32,10,13,3.62,118,4.13,1.302,3.6,8.2,2.27,13,503
syndeno01,2018,Noah Syndergaard,noah syndergaard,25,NYM,NL,154.1,25,25,13,4,3.03,123,2.80,1.212,2.3,9.0,3.97,13,516
berrijo01,2018,José Berríos,jose berrios,24,MIN,AL,192.1,32,32,12,11,3.84,111,3.90,1.144,2.9,9.5,3.31,12,522
hamelco01,2018,Cole Hamels,cole hamels,34,CHCTEX,ALNL,190.2,32,32,9,12,3.78,120,4.49,1.264,3.1,8.9,2.89,12,534
chacijh01,2018,Jhoulys Chacín,jhoulys chacin,30,MIL,NL,192.2,35,35,15,8,3.50,116,4.03,1.163,3.3,7.3,2.20,11,575
manaese01,2018,Sean Manaea,sean manaea,26,OAK,AL,160.2,27,27,12,9,3.59,116,4.26,1.077,1.8,6.0,3.38,11,597
wheelza01,2018,Zack Wheeler,zack wheeler,28,NYM,NL,182.1,29,29,12,7,3.31,112,3.25,1.124,2.7,8.8,3.25,11,612
flaheja01,2018,Jack Flaherty,jack flaherty,22,STL,NL,151.0,28,28,8,9,3.34,116,3.86,1.106,3.5,10.8,3.08,10,626
happja01,2018,J.A. Happ,j a happ,35,NYYTOR,AL,177.2,31,31,17,6,3.65,116,3.98,1.131,2.6,9.8,3.78,10,634
minormi01,2018,Mike Minor,mike minor,30,TEX,AL,157.0,28,28,12,8,4.18,113,4.43,1.121,2.2,7.6,3.47,10,645
rodried05,2018,Eduardo Rodríguez,eduardo rodriguez,25,BOS,AL,129.2,27,23,13,5,3.82,116,3.65,1.265,3.1,10.1,3.24,10,651
keuchda01,2018,Dallas Keuchel,dallas keuchel,30,HOU,AL,204.2,34,34,12,11,3.74,111,3.69,1.314,2.6,6.7,2.64,9,688
tanakma01,2018,Masahiro Tanaka,masahiro tanaka,29,NYY,AL,156.0,27,27,12,6,3.75,112,4.01,1.128,2.0,9.2,4.54,9,706
bumgama01,2018,Madison Bumgarner,madison bumgarner,28,SFG,NL,129.2,21,21,6,7,3.26,116,3.99,1.242,3.0,7.6,2.53,8,718
paxtoja01,2018,James Paxton,james paxton,29,SEA,AL,160.1,28,28,11,6,3.76,108,3.23,1.098,2.4,11.7,4.95,8,735
gausmke01,2018,Kevin Gausman,kevin gausman,27,ATLBAL,ALNL,183.2,31,31,10,11,3.92,108,4.32,1.301,2.5,7.3,2.96,7,758
lopezre01,2018,Reynaldo López,reynaldo lopez,24,CHW,AL,188.2,32,32,7,10,3.91,108,4.63,1.272,3.6,7.2,2.01,7,768
sabatc.01,2018,CC Sabathia,cc sabathia,37,NYY,AL,153.0,29,29,9,7,3.65,115,4.16,1.314,3.0,8.2,2.75,7,779
strasst01,2018,Stephen Strasburg,stephen strasburg,29,WSN,NL,130.0,22,22,10,7,3.74,114,3.62,1.200,2.6,10.8,4.11,7,782
leblawa01,2018,Wade LeBlanc,wade leblanc,33,SEA,AL,162.0,32,27,9,5,3.72,109,4.28,1.179,2.2,7.2,3.25,6,806
newcose01,2018,Sean Newcomb,sean newcomb,25,ATL,NL,164.0,31,30,12,9,3.90,105,4.14,1.329,4.4,8.8,1.98,5,858
anderty01,2018,Tyler Anderson,tyler anderson,28,COL,NL,176.0,32,32,7,9,4.55,104,4.57,1.273,3.0,8.4,2.78,4,871
anderch01,2018,Chase Anderson,chase anderson,30,MIL,NL,158.0,30,30,9,8,3.93,104,5.22,1.190,3.2,7.3,2.25,4,872
hillri01,2018,Rich Hill,rich hill,38,LAD,NL,132.2,25,24,11,5,3.66,106,3.97,1.123,2.8,10.2,3.66,4,897
hollade01,2018,Derek Holland,derek holland,31,SFG,NL,171.1,36,30,7,9,3.57,106,3.87,1.290,3.5,8.9,2.52,4,898
mcculla02,2018,Lance McCullers Jr.,lance mccullers jr,24,HOU,AL,128.1,25,22,10,6,3.86,108,3.50,1.169,3.5,10.0,2.84,4,906
quintjo01,2018,Jose Quintana,jose quintana,29,CHC,NL,174.1,32,32,13,11,4.03,103,4.43,1.319,3.5,8.2,2.32,4,910
teherju01,2018,Julio Teheran,julio teheran,27,ATL,NL,175.2,31,31,9,9,3.94,103,4.83,1.173,4.3,8.3,1.93,4,919
boydma01,2018,Matthew Boyd,matthew boyd,27,DET,AL,170.1,31,31,9,13,4.39,102,4.45,1.157,2.7,8.4,3.12,3,927
gonzama02,2018,Marco Gonzales,marco gonzales,26,SEA,AL,166.2,29,29,13,9,4.00,102,3.43,1.224,1.7,7.8,4.53,3,940
porceri01,2018,Rick Porcello,rick porcello,29,BOS,AL,191.1,33,33,17,7,4.28,103,4.01,1.176,2.3,8.9,3.96,3,955
skaggty01,2018,Tyler Skaggs,tyler skaggs,26,LAA,AL,125.1,24,24,8,10,4.02,104,3.63,1.332,2.9,9.3,3.23,3,962
yarbrry01,2018,Ryan Yarbrough,ryan yarbrough,26,TBR,AL,147.1,38,6,16,6,3.91,105,4.19,1.290,3.1,7.8,2.56,3,972
woodal02,2018,Alex Wood,alex wood,27,LAD,NL,151.2,33,27,9,7,3.68,105,3.53,1.207,2.4,8.0,3.38,2,1025
gonzagi01,2018,Gio González,gio gonzalez,32,MILWSN,NL,171.0,32,32,10,11,4.21,100,4.16,1.444,4.2,7.8,1.85,1,1040
maedake01,2018,Kenta Maeda,kenta maeda,30,LAD,NL,125.1,39,20,8,10,3.81,102,3.22,1.261,3.1,11.0,3.56,1,1051
heanean01,2018,Andrew Heaney,andrew heaney,27,LAA,AL,180.0,30,30,9,10,4.15,101,3.99,1.200,2.3,9.0,4.00,0,1094
roarkta01,2018,Tanner Roark,tanner roark,31,WSN,NL,180.1,31,30,9,15,4.34,98,4.27,1.281,2.5,7.3,2.92,0,1109
urenajo01,2018,José Ureña,jose urena,26,MIA,NL,174.0,31,31,9,12,3.98,96,4.17,1.184,2.6,6.7,2.55,0,1115
arrieja01,2018,Jake Arrieta,jake arrieta,32,PHI,NL,172.2,31,31,10,11,3.96,104,4.25,1.286,3.0,7.2,2.42,-2,1154
guerrju02,2018,Junior Guerra,junior guerra,33,MIL,NL,141.0,31,26,6,9,4.09,100,4.24,1.404,3.5,8.7,2.47,-2,1165
junisja01,2018,Jakob Junis,jakob junis,25,KCR,AL,177.0,30,30,9,12,4.37,99,4.64,1.271,2.2,8.3,3.81,-2,1167
castilu02,2018,Luis Castillo,luis castillo,25,CIN,NL,169.2,31,31,10,12,4.30,97,4.32,1.220,2.6,8.8,3.37,-3,1191
fulmemi01,2018,Michael Fulmer,michael fulmer,25,DET,AL,132.1,24,24,3,12,4.69,96,4.52,1.315,3.1,7.5,2.39,-3,1198
lucchjo01,2018,Joey Lucchesi,joey lucchesi,25,SDP,NL,130.0,26,26,8,9,4.08,94,4.31,1.292,3.0,10.0,3.37,-3,1203
zimmejo02,2018,Jordan Zimmermann,jordan zimmermann,32,DET,AL,131.1,25,25,7,8,4.52,99,4.88,1.264,1.8,7.6,4.27,-3,1219
archech01,2018,Chris Archer,chris archer,29,PITTBR,ALNL,148.1,27,27,6,8,4.31,94,3.75,1.375,3.0,9.8,3.31,-4,1223
eflinza01,2018,Zach Eflin,zach eflin,24,PHI,NL,128.0,24,24,11,8,4.36,95,3.80,1.305,2.6,8.6,3.32,-4,1232
odorija01,2018,Jake Odorizzi,jake odorizzi,28,MIN,AL,164.1,32,32,7,10,4.49,95,4.19,1.345,3.8,8.9,2.31,-4,1261
grayjo02,2018,Jon Gray,jon gray,26,COL,NL,172.1,31,31,12,9,5.12,92,4.08,1.346,2.7,9.6,3.52,-5,1287
rossty01,2018,Tyson Ross,tyson ross,31,SDPSTL,NL,149.2,31,23,8,9,4.15,93,4.39,1.296,3.7,7.3,1.97,-5,1302
liriafr01,2018,Francisco Liriano,francisco liriano,34,DET,AL,133.2,27,26,5,12,4.58,98,5.11,1.496,4.9,7.4,1.51,-6,1329
novaiv01,2018,Iván Nova,ivan nova,31,PIT,NL,161.0,29,29,9,9,4.19,93,4.57,1.280,2.0,6.4,3.26,-6,1339
duffyda01,2018,Danny Duffy,danny duffy,29,KCR,AL,155.0,28,28,8,12,4.88,89,4.70,1.490,4.1,8.2,2.01,-7,1351
leakemi01,2018,Mike Leake,mike leake,30,SEA,AL,185.2,31,31,10,10,4.36,93,4.13,1.298,1.6,5.8,3.50,-7,1366
matzst01,2018,Steven Matz,steven matz,27,NYM,NL,154.0,30,30,5,11,3.97,94,4.62,1.247,3.4,8.9,2.62,-7,1370
lynnla01,2018,Lance Lynn,lance lynn,31,MINNYY,AL,156.2,31,29,10,10,4.77,89,3.84,1.526,4.4,9.2,2.12,-8,1399
richatr01,2018,Trevor Richards,trevor richards,25,MIA,NL,126.1,25,25,4,9,4.42,87,4.05,1.385,3.8,9.3,2.41,-8,1403
grayso01,2018,Sonny Gray,sonny gray,28,NYY,AL,130.1,30,23,11,9,4.90,86,4.17,1.496,3.9,8.5,2.16,-9,1414
shielja02,2018,James Shields,james shields,36,CHW,AL,204.2,34,33,7,16,4.53,93,5.09,1.309,3.4,6.8,1.97,-9,1433
pivetni01,2018,Nick Pivetta,nick pivetta,25,PHI,NL,164.0,33,32,7,14,4.77,86,3.79,1.305,2.8,10.3,3.69,-10,1454
godleza01,2018,Zack Godley,zack godley,28,ARI,NL,178.1,33,32,15,11,4.74,89,3.82,1.447,4.1,9.3,2.28,-11,1473
velasvi01,2018,Vince Velasquez,vince velasquez,26,PHI,NL,146.2,31,30,9,12,4.85,85,3.75,1.343,3.6,9.9,2.73,-11,1489
cobbal01,2018,Alex Cobb,alex cobb,30,BAL,AL,152.1,28,28,5,15,4.90,87,4.79,1.411,2.5,6.0,2.37,-12,1492
suarean01,2018,Andrew Suárez,andrew suarez,25,SFG,NL,160.1,29,29,7,13,4.49,85,4.30,1.297,2.5,7.3,2.89,-12,1512
colonba01,2018,Bartolo Colon,bartolo colon,45,TEX,AL,146.1,28,24,7,12,5.78,82,5.47,1.346,1.5,5.0,3.24,-13,1519
harvema01,2018,Matt Harvey,matt harvey,29,CINNYM,NL,155.0,32,28,7,9,4.94,83,4.57,1.303,2.1,7.6,3.54,-13,1525
chenwe02,2018,Wei-Yin Chen,wei yin chen,32,MIA,NL,133.1,26,26,6,12,4.79,80,4.43,1.335,3.2,7.5,2.36,-14,1549
cashnan01,2018,Andrew Cashner,andrew cashner,31,BAL,AL,153.0,28,28,4,15,5.29,81,5.32,1.582,3.8,5.8,1.52,-17,1604
romansa01,2018,Sal Romano,sal romano,24,CIN,NL,145.2,39,25,8,11,5.31,78,4.94,1.428,3.3,6.5,1.98,-18,1637
weavelu01,2018,Luke Weaver,luke weaver,24,STL,NL,136.1,30,25,7,11,4.95,78,4.45,1.496,3.6,8.0,2.24,-18,1639
estrama01,2018,Marco Estrada,marco estrada,34,TOR,AL,143.2,28,28,7,14,5.64,75,5.44,1.427,3.1,6.5,2.06,-20,1660
stratch01,2018,Chris Stratton,chris stratton,27,SFG,NL,145.0,28,26,10,10,5.09,75,4.48,1.428,3.4,7.0,2.07,-21,1683
hammeja01,2018,Jason Hammel,jason hammel,35,KCR,AL,127.0,39,18,4,14,6.02,72,4.55,1.630,2.8,6.5,2.36,-23,1699
bundydy01,2018,Dylan Bundy,dylan bundy,25,BAL,AL,171.2,31,31,8,16,5.45,78,5.17,1.410,2.8,9.6,3.41,-24,1711
richacl01,2018,Clayton Richard,clayton richard,34,SDP,NL,158.2,27,27,7,11,5.33,72,4.68,1.380,3.4,6.1,1.80,-26,1736
hernafe02,2018,Félix Hernández,felix hernandez,32,SEA,AL,155.2,29,28,8,14,5.55,73,5.18,1.400,3.4,7.2,2.12,-29,1751
giolilu01,2018,Lucas Giolito,lucas giolito,23,CHW,AL,173.1,32,32,10,13,6.13,69,5.56,1.477,4.7,6.5,1.39,-35,1771
verlaju01,2019,Justin Verlander,justin verlander,36,HOU,AL,223.0,34,34,21,6,2.58,179,3.27,0.803,1.7,12.1,7.14,52,4
colege01,2019,Gerrit Cole,gerrit cole,28,HOU,AL,212.1,33,33,20,5,2.50,185,2.64,0.895,2.0,13.8,6.79,49,7
degroja01,2019,Jacob deGrom,jacob degrom,31,NYM,NL,204.0,32,32,11,8,2.43,169,2.67,0.971,1.9,11.3,5.80,41,25
ryuhy01,2019,Hyun Jin Ryu,hyun jin ryu,32,LAD,NL,182.2,29,29,14,5,2.32,179,3.10,1.007,1.2,8.0,6.79,38,45
greinza01,2019,Zack Greinke,zack greinke,35,ARIHOU,ALNL,208.2,33,33,18,5,2.93,154,3.22,0.982,1.3,8.1,6.23,36,55
sorokmi01,2019,Michael Soroka,michael soroka,21,ATL,NL,174.2,29,29,13,4,2.68,171,3.45,1.111,2.1,7.3,3.46,35,65
flaheja01,2019,Jack Flaherty,jack flaherty,23,STL,NL,196.1,33,33,11,8,2.75,152,3.46,0.968,2.5,10.6,4.20,34,69
grayso01,2019,Sonny Gray,sonny gray,29,CIN,NL,175.1,31,31,11,8,2.87,162,3.42,1.084,3.5,10.5,3.01,34,72
minormi01,2019,Mike Minor,mike minor,31,TEX,AL,208.1,32,32,14,10,3.59,144,4.25,1.238,2.9,8.6,2.94,34,74
biebesh01,2019,Shane Bieber,shane bieber,24,CLE,AL,214.1,34,33,15,8,3.28,144,3.32,1.054,1.7,10.9,6.48,33,79
lynnla01,2019,Lance Lynn,lance lynn,32,TEX,AL,208.1,33,33,16,11,3.67,141,3.13,1.219,2.5,10.6,4.17,32,93
mortoch02,2019,Charlie Morton,charlie morton,35,TBR,AL,194.2,33,33,16,6,3.05,144,2.81,1.084,2.6,11.1,4.21,31,101
scherma01,2019,Max Scherzer,max scherzer,34,WSN,NL,172.1,27,27,11,7,2.92,154,2.45,1.027,1.7,12.7,7.36,30,122
clevimi01,2019,Mike Clevinger,mike clevinger,28,CLE,AL,126.0,21,21,13,4,2.71,174,2.49,1.056,2.6,12.1,4.57,29,128
strasst01,2019,Stephen Strasburg,stephen strasburg,30,WSN,NL,209.0,33,33,18,6,3.32,135,3.25,1.038,2.4,10.8,4.48,29,135
castilu02,2019,Luis Castillo,luis castillo,26,CIN,NL,190.2,32,32,15,8,3.40,137,3.70,1.143,3.7,10.7,2.86,26,164
corbipa01,2019,Patrick Corbin,patrick corbin,29,WSN,NL,202.0,33,33,14,7,3.25,138,3.49,1.183,3.1,10.6,3.40,26,165
giolilu01,2019,Lucas Giolito,lucas giolito,24,CHW,AL,176.2,29,29,14,9,3.41,134,3.43,1.064,2.9,11.6,4.00,25,177
rodried05,2019,Eduardo Rodríguez,eduardo rodriguez,26,BOS,AL,203.1,34,34,19,6,3.81,128,3.86,1.328,3.3,9.4,2.84,25,185
kershcl01,2019,Clayton Kershaw,clayton kershaw,31,LAD,NL,178.1,29,28,16,5,3.03,137,3.86,1.043,2.1,9.5,4.61,24,198
stromma01,2019,Marcus Stroman,marcus stroman,28,NYMTOR,ALNL,184.1,32,32,10,13,3.22,137,3.72,1.307,2.8,7.8,2.74,22,250
odorija01,2019,Jake Odorizzi,jake odorizzi,29,MIN,AL,159.0,30,30,15,7,3.51,129,3.36,1.208,3.0,10.1,3.36,19,317
grayjo02,2019,Jon Gray,jon gray,27,COL,NL,150.0,26,25,11,8,3.84,134,4.06,1.353,3.4,9.0,2.68,18,337
meansjo01,2019,John Means,john means,26,BAL,AL,155.0,31,27,12,11,3.60,131,4.41,1.135,2.2,7.0,3.18,18,348
berrijo01,2019,José Berríos,jose berrios,25,MIN,AL,200.1,32,32,14,8,3.68,123,3.85,1.223,2.3,8.8,3.82,17,358
buehlwa01,2019,Walker Buehler,walker buehler,24,LAD,NL,182.1,30,30,14,4,3.26,127,3.01,1.042,1.8,10.6,5.81,16,384
hendrky01,2019,Kyle Hendricks,kyle hendricks,29,CHC,NL,177.0,30,30,11,10,3.46,127,3.61,1.130,1.6,7.6,4.69,16,394
desclan01,2019,Anthony DeSclafani,anthony desclafani,29,CIN,NL,166.2,31,31,9,9,3.89,120,4.43,1.200,2.6,9.0,3.41,14,468
nolaaa01,2019,Aaron Nola,aaron nola,26,PHI,NL,202.1,34,34,12,7,3.87,115,4.03,1.265,3.6,10.2,2.86,14,480
teherju01,2019,Julio Teheran,julio teheran,28,ATL,NL,174.2,33,33,10,11,3.81,120,4.66,1.323,4.3,8.3,1.95,14,489
davieza02,2019,Zach Davies,zach davies,26,MIL,NL,159.2,31,31,10,7,3.55,125,4.56,1.290,2.9,5.7,2.00,13,498
paddach01,2019,Chris Paddack,chris paddack,23,SDP,NL,140.2,26,26,9,7,3.33,126,3.95,0.981,2.0,9.8,4.94,13,509
samarje01,2019,Jeff Samardzija,jeff samardzija,34,SFG,NL,181.1,32,32,11,12,3.52,119,4.59,1.108,2.4,6.9,2.86,13,512
hudsoda02,2019,Dakota Hudson,dakota hudson,24,STL,NL,174.2,33,32,16,7,3.35,125,4.93,1.408,4.4,7.0,1.58,12,538
kellebr01,2019,Brad Keller,brad keller,23,KCR,AL,165.1,28,28,7,14,4.19,114,4.35,1.355,3.8,6.6,1.74,12,540
fiersmi01,2019,Mike Fiers,mike fiers,34,OAK,AL,184.2,33,33,15,4,3.90,110,4.97,1.186,2.6,6.1,2.38,11,580
mileywa01,2019,Wade Miley,wade miley,32,HOU,AL,167.1,33,33,14,6,3.98,116,4.51,1.345,3.3,7.5,2.30,11,601
sanchan01,2019,Aníbal Sánchez,anibal sanchez,35,WSN,NL,166.0,30,30,11,8,3.85,117,4.44,1.271,3.1,7.3,2.31,11,608
anderbr04,2019,Brett Anderson,brett anderson,31,OAK,AL,176.0,31,31,13,9,3.89,111,4.57,1.307,2.5,4.6,1.84,10,614
darviyu01,2019,Yu Darvish,yu darvish,32,CHC,NL,178.2,31,31,6,8,3.98,111,4.18,1.097,2.8,11.5,4.09,10,622
friedma01,2019,Max Fried,max fried,25,ATL,NL,165.2,33,30,17,6,4.02,114,3.72,1.334,2.6,9.4,3.68,10,627
hamelco01,2019,Cole Hamels,cole hamels,35,CHC,NL,141.2,27,27,7,7,3.81,116,4.09,1.391,3.6,9.1,2.55,10,633
paxtoja01,2019,James Paxton,james paxton,30,NYY,AL,150.2,29,29,15,6,3.82,116,3.86,1.281,3.3,11.1,3.38,10,649
pinedmi01,2019,Michael Pineda,michael pineda,30,MIN,AL,146.0,26,26,11,5,4.01,113,4.02,1.158,1.7,8.6,5.00,10,650
chiriyo01,2019,Yonny Chirinos,yonny chirinos,25,TBR,AL,133.1,26,18,9,5,3.85,114,4.44,1.050,1.9,7.7,4.07,9,669
alcansa01,2019,Sandy Alcantara,sandy alcantara,23,MIA,NL,197.1,32,32,6,14,3.88,110,4.55,1.318,3.7,6.9,1.86,8,710
bassich01,2019,Chris Bassitt,chris bassitt,30,OAK,AL,144.0,28,25,10,5,3.81,113,4.40,1.194,2.9,8.8,3.00,8,714
marquge01,2019,Germán Márquez,german marquez,24,COL,NL,174.0,28,28,12,5,4.76,108,4.06,1.201,1.8,9.1,5.00,8,732
germado01,2019,Domingo Germán,domingo german,26,NYY,AL,143.0,27,24,18,4,4.03,110,4.72,1.147,2.5,9.6,3.92,7,759
bumgama01,2019,Madison Bumgarner,madison bumgarner,29,SFG,NL,207.2,34,34,9,9,3.90,107,3.90,1.127,1.9,8.8,4.72,6,789
duffyda01,2019,Danny Duffy,danny duffy,30,KCR,AL,130.2,23,23,7,6,4.34,110,4.78,1.309,3.2,7.9,2.50,6,795
norrida01,2019,Daniel Norris,daniel norris,26,DET,AL,144.1,32,29,3,13,4.49,106,4.61,1.330,2.4,7.8,3.29,6,810
salech01,2019,Chris Sale,chris sale,30,BOS,AL,147.1,25,25,6,11,4.40,110,3.39,1.086,2.3,13.3,5.89,6,816
anderch01,2019,Chase Anderson,chase anderson,31,MIL,NL,139.0,32,27,8,4,4.21,106,4.83,1.266,3.2,8.0,2.48,5,829
richatr01,2019,Trevor Richards,trevor richards,26,MIATBR,ALNL,135.1,30,23,6,12,4.06,106,4.51,1.352,3.7,8.4,2.27,5,863
yarbrry01,2019,Ryan Yarbrough,ryan yarbrough,27,TBR,AL,141.2,28,14,11,6,4.13,106,3.55,0.995,1.3,7.4,5.85,5,870
bauertr01,2019,Trevor Bauer,trevor bauer,28,CINCLE,ALNL,213.0,34,34,11,13,4.48,105,4.34,1.249,3.5,10.7,3.09,4,873
boydma01,2019,Matthew Boyd,matthew boyd,28,DET,AL,185.1,32,32,9,12,4.56,104,4.32,1.230,2.4,11.6,4.76,4,875
gonzama02,2019,Marco Gonzales,marco gonzales,27,SEA,AL,203.0,34,34,16,13,3.99,109,4.15,1.310,2.5,6.5,2.63,4,889
maedake01,2019,Kenta Maeda,kenta maeda,31,LAD,NL,153.2,37,26,10,8,4.04,102,3.95,1.074,3.0,9.9,3.31,4,905
roarkta01,2019,Tanner Roark,tanner roark,32,CINOAK,ALNL,165.1,31,31,10,10,4.35,105,4.67,1.397,2.8,8.6,3.10,4,911
baileho02,2019,Homer Bailey,homer bailey,33,KCROAK,AL,163.1,31,31,13,9,4.57,100,4.11,1.316,2.9,8.2,2.81,3,924
wheelza01,2019,Zack Wheeler,zack wheeler,29,NYM,NL,195.1,31,31,11,8,3.96,103,3.48,1.259,2.3,9.0,3.90,3,970
cashnan01,2019,Andrew Cashner,andrew cashner,32,BALBOS,AL,150.0,42,23,11,8,4.68,102,4.66,1.347,3.5,6.5,1.86,2,981
eflinza01,2019,Zach Eflin,zach eflin,25,PHI,NL,163.1,32,28,10,13,4.13,108,4.85,1.347,2.6,7.1,2.69,2,985
kellyme01,2019,Merrill Kelly,merrill kelly,30,ARI,NL,183.1,32,32,13,14,4.42,101,4.51,1.315,2.8,7.8,2.77,2,997
lucchjo01,2019,Joey Lucchesi,joey lucchesi,26,SDP,NL,163.2,30,30,10,10,4.18,100,4.17,1.222,3.1,8.7,2.82,2,1004
lylesjo01,2019,Jordan Lyles,jordan lyles,28,MILPIT,NL,141.0,28,28,12,8,4.15,106,4.64,1.319,3.5,9.3,2.65,2,1005
rayro02,2019,Robbie Ray,robbie ray,27,ARI,NL,174.1,33,33,12,8,4.34,103,4.29,1.342,4.3,12.1,2.80,2,1012
mikolmi01,2019,Miles Mikolas,miles mikolas,30,STL,NL,184.0,32,32,9,14,4.16,101,4.27,1.223,1.6,7.0,4.50,1,1054
tanakma01,2019,Masahiro Tanaka,masahiro tanaka,30,NYY,AL,182.0,32,31,11,9,4.45,100,4.27,1.242,2.0,7.4,3.73,1,1068
turnbsp01,2019,Spencer Turnbull,spencer turnbull,26,DET,AL,148.1,30,30,3,17,4.61,103,3.99,1.436,3.6,8.9,2.47,1,1069
wainwad01,2019,Adam Wainwright,adam wainwright,37,STL,NL,171.2,31,31,14,10,4.19,100,4.36,1.427,3.4,8.0,2.39,1,1072
bundydy01,2019,Dylan Bundy,dylan bundy,26,BAL,AL,161.2,30,30,7,14,4.79,99,4.73,1.355,3.2,9.0,2.79,-2,1156
arrieja01,2019,Jake Arrieta,jake arrieta,33,PHI,NL,135.2,24,24,8,8,4.64,96,4.89,1.474,3.4,7.3,2.16,-3,1188
matzst01,2019,Steven Matz,steven matz,28,NYM,NL,160.1,32,30,11,10,4.21,97,4.60,1.341,2.9,8.6,2.94,-3,1205
novaiv01,2019,Iván Nova,ivan nova,32,CHW,AL,187.0,34,34,11,12,4.72,97,4.98,1.455,2.3,5.5,2.43,-3,1209
leakemi01,2019,Mike Leake,mike leake,31,ARISEA,ALNL,197.0,32,32,12,11,4.29,102,5.19,1.289,1.2,5.8,4.70,-4,1250
smithca03,2019,Caleb Smith,caleb smith,27,MIA,NL,153.1,28,28,10,11,4.52,95,5.11,1.226,3.5,9.9,2.80,-4,1264
syndeno01,2019,Noah Syndergaard,noah syndergaard,26,NYM,NL,197.2,32,32,10,8,4.28,96,3.60,1.234,2.3,9.2,4.04,-4,1267
thorntr01,2019,Trent Thornton,trent thornton,25,TOR,AL,154.1,32,29,6,9,4.84,94,4.59,1.406,3.6,8.7,2.44,-4,1270
happja01,2019,J.A. Happ,j a happ,36,NYY,AL,161.1,31,30,12,8,4.91,90,5.22,1.295,2.7,7.8,2.86,-5,1289
lestejo01,2019,Jon Lester,jon lester,35,CHC,NL,171.2,31,31,13,10,4.46,99,4.26,1.497,2.7,8.7,3.17,-5,1292
lauerer01,2019,Eric Lauer,eric lauer,24,SDP,NL,149.2,30,29,8,10,4.45,94,4.23,1.396,3.1,8.3,2.71,-6,1328
musgrjo01,2019,Joe Musgrove,joe musgrove,26,PIT,NL,170.1,32,31,11,12,4.44,97,3.82,1.215,2.1,8.3,4.03,-6,1336
vargaja01,2019,Jason Vargas,jason vargas,36,NYMPHI,NL,149.2,30,29,7,9,4.51,94,4.76,1.363,3.8,7.5,1.97,-6,1345
mahlety01,2019,Tyler Mahle,tyler mahle,24,CIN,NL,129.2,25,25,3,12,5.14,91,4.66,1.311,2.4,9.0,3.79,-7,1369
quintjo01,2019,Jose Quintana,jose quintana,30,CHC,NL,171.0,32,31,13,9,4.68,94,3.80,1.386,2.4,8.0,3.30,-7,1379
gibsoky01,2019,Kyle Gibson,kyle gibson,31,MIN,AL,160.0,34,29,13,7,4.84,94,4.26,1.444,3.2,9.0,2.86,-8,1393
junisja01,2019,Jakob Junis,jakob junis,26,KCR,AL,175.1,31,31,9,14,5.24,91,4.82,1.426,3.0,8.4,2.83,-8,1394
sampsad01,2019,Adrian Sampson,adrian sampson,27,TEX,AL,125.1,35,15,6,8,5.89,88,5.69,1.532,2.6,7.3,2.81,-8,1405
wachami01,2019,Michael Wacha,michael wacha,27,STL,NL,126.2,29,24,6,7,4.76,88,5.61,1.563,3.9,7.4,1.89,-8,1407
perezma02,2019,Martín Pérez,martin perez,28,MIN,AL,165.1,32,29,10,7,5.12,89,4.66,1.518,3.6,7.3,2.01,-12,1508
porceri01,2019,Rick Porcello,rick porcello,30,BOS,AL,174.1,32,32,14,12,5.52,88,4.76,1.394,2.3,7.4,3.18,-12,1511
lopezre01,2019,Reynaldo López,reynaldo lopez,25,CHW,AL,184.0,33,33,10,15,5.38,85,5.04,1.457,3.2,8.3,2.60,-17,1614
sparkgl01,2019,Glenn Sparkman,glenn sparkman,27,KCR,AL,136.0,31,23,4,11,6.02,79,5.93,1.507,2.7,5.4,1.98,-17,1620
willitr01,2019,Trevor Williams,trevor williams,27,PIT,NL,145.2,26,26,7,9,5.38,80,5.12,1.414,2.7,7.0,2.57,-17,1623
sanchaa01,2019,Aaron Sanchez,aaron sanchez,26,HOUTOR,AL,131.1,27,27,5,14,5.89,77,5.25,1.622,4.7,7.9,1.69,-20,1669
kikucyu01,2019,Yusei Kikuchi,yusei kikuchi,28,SEA,AL,161.2,32,32,6,11,5.46,80,5.71,1.515,2.8,6.5,2.32,-23,1701
buehlwa01,2021,Walker Buehler,walker buehler,26,LAD,NL,207.2,33,33,16,4,2.47,171,3.16,0.968,2.3,9.2,4.08,41,24
rayro02,2021,Robbie Ray,robbie ray,29,TOR,AL,193.1,32,32,13,7,2.84,157,3.69,1.045,2.4,11.5,4.77,36,58
scherma01,2021,Max Scherzer,max scherzer,36,LADWSN,NL,179.1,30,30,15,4,2.46,167,2.97,0.864,1.8,11.8,6.56,34,77
burneco01,2021,Corbin Burnes,corbin burnes,26,MIL,NL,167.0,28,28,11,5,2.43,170,1.63,0.940,1.8,12.6,6.88,33,80
wheelza01,2021,Zack Wheeler,zack wheeler,31,PHI,NL,213.1,32,32,14,10,2.78,150,2.59,1.008,1.9,10.4,5.37,33,90
woodrbr01,2021,Brandon Woodruff,brandon woodruff,28,MIL,NL,179.1,30,30,9,10,2.56,161,2.96,0.965,2.2,10.6,4.91,33,91
lynnla01,2021,Lance Lynn,lance lynn,34,CHW,AL,157.0,28,28,11,6,2.69,163,3.32,1.070,2.6,10.1,3.91,29,132
rodonca01,2021,Carlos Rodón,carlos rodon,28,CHW,AL,132.2,24,24,13,5,2.37,185,2.65,0.957,2.4,12.6,5.14,29,133
gausmke01,2021,Kevin Gausman,kevin gausman,30,SFG,NL,192.0,33,33,14,6,2.81,147,3.00,1.042,2.3,10.6,4.54,28,136
uriasju01,2021,Julio Urías,julio urias,24,LAD,NL,185.2,32,32,20,3,2.96,143,3.13,1.018,1.8,9.5,5.13,26,173
wainwad01,2021,Adam Wainwright,adam wainwright,39,STL,NL,206.1,32,32,17,7,3.05,128,3.66,1.057,2.2,7.6,3.48,24,207
friedma01,2021,Max Fried,max fried,27,ATL,NL,165.2,28,28,14,7,3.04,143,3.31,1.087,2.2,8.6,3.85,23,212
peralfr01,2021,Freddy Peralta,freddy peralta,25,MIL,NL,144.1,28,27,10,5,2.81,147,3.12,0.970,3.5,12.2,3.48,23,218
colege01,2021,Gerrit Cole,gerrit cole,30,NYY,AL,181.1,30,30,16,8,3.23,133,2.92,1.059,2.0,12.1,5.93,22,230
mcculla02,2021,Lance McCullers Jr.,lance mccullers jr,27,HOU,AL,162.1,28,28,13,5,3.16,136,3.52,1.220,4.2,10.3,2.43,22,243
mileywa01,2021,Wade Miley,wade miley,34,CIN,NL,163.0,28,28,12,7,3.37,139,3.97,1.325,2.8,6.9,2.50,22,245
quantca01,2021,Cal Quantrill,cal quantrill,26,CLE,AL,149.2,40,22,8,3,2.89,149,4.07,1.176,2.8,7.3,2.57,22,246
rogertr01,2021,Trevor Rogers,trevor rogers,23,MIA,NL,133.0,25,25,7,8,2.64,160,2.55,1.150,3.1,10.6,3.41,22,248
alcansa01,2021,Sandy Alcantara,sandy alcantara,25,MIA,NL,205.2,33,33,9,15,3.19,132,3.42,1.075,2.2,8.8,4.02,21,256
bassich01,2021,Chris Bassitt,chris bassitt,32,OAK,AL,157.1,27,27,12,4,3.15,131,3.34,1.055,2.2,9.1,4.08,20,281
desclan01,2021,Anthony DeSclafani,anthony desclafani,31,SFG,NL,167.2,31,31,13,7,3.17,130,3.62,1.091,2.3,8.2,3.62,20,288
mortoch02,2021,Charlie Morton,charlie morton,37,ATL,NL,185.2,33,33,14,6,3.34,130,3.18,1.045,2.8,10.5,3.72,19,315
ohtansh01,2021,Shohei Ohtani,shohei ohtani,26,LAA,AL,130.1,23,23,9,2,3.18,141,3.52,1.090,3.0,10.8,3.55,19,318
stromma01,2021,Marcus Stroman,marcus stroman,30,NYM,NL,179.0,33,33,10,13,3.02,133,3.49,1.145,2.2,7.9,3.59,19,323
webblo01,2021,Logan Webb,logan webb,24,SFG,NL,148.1,27,26,11,3,3.03,136,2.72,1.106,2.2,9.6,4.39,19,324
eovalna01,2021,Nathan Eovaldi,nathan eovaldi,31,BOS,AL,182.1,32,32,11,9,3.75,125,2.79,1.190,1.7,9.6,5.57,18,332
giolilu01,2021,Lucas Giolito,lucas giolito,26,CHW,AL,178.2,31,31,11,9,3.53,124,3.79,1.103,2.6,10.1,3.87,18,335
mahlety01,2021,Tyler Mahle,tyler mahle,26,CIN,NL,180.0,33,33,13,6,3.75,125,3.80,1.233,3.2,10.5,3.28,18,344
berrijo01,2021,José Berríos,jose berrios,27,MINTOR,AL,192.0,32,32,12,9,3.52,123,3.47,1.063,2.1,9.6,4.53,17,359
valdefr01,2021,Framber Valdez,framber valdez,27,HOU,AL,134.2,22,22,11,6,3.14,137,4.01,1.248,3.9,8.4,2.16,17,379
garcilu05,2021,Luis Garcia,luis garcia,24,HOU,AL,155.1,30,28,11,8,3.48,123,3.63,1.178,2.9,9.7,3.34,16,392
musgrjo01,2021,Joe Musgrove,joe musgrove,28,SDP,NL,181.1,32,31,11,9,3.18,122,3.70,1.081,2.7,10.1,3.76,16,402
montafr02,2021,Frankie Montas,frankie montas,28,OAK,AL,187.0,32,32,13,9,3.37,122,3.37,1.182,2.7,10.0,3.63,15,437
gibsoky01,2021,Kyle Gibson,kyle gibson,33,PHITEX,ALNL,182.0,31,30,10,9,3.71,117,3.87,1.220,3.2,7.7,2.42,14,472
anderia01,2021,Ian Anderson,ian anderson,23,ATL,NL,128.1,24,24,9,5,3.58,121,4.12,1.231,3.7,8.7,2.34,13,493
flexech01,2021,Chris Flexen,chris flexen,26,SEA,AL,179.2,31,31,14,6,3.61,114,3.89,1.252,2.0,6.3,3.13,13,501
meansjo01,2021,John Means,john means,28,BAL,AL,146.2,26,26,6,9,3.62,123,4.62,1.030,1.6,8.2,5.15,13,507
castilu02,2021,Luis Castillo,luis castillo,28,CIN,NL,187.2,33,33,8,16,3.98,117,3.75,1.364,3.6,9.2,2.56,12,526
housead01,2021,Adrian Houser,adrian houser,28,MIL,NL,142.1,28,26,10,6,3.22,128,4.33,1.279,4.0,6.6,1.64,12,536
mizeca01,2021,Casey Mize,casey mize,24,DET,AL,150.1,30,30,7,9,3.71,114,4.71,1.137,2.5,7.1,2.88,11,602
matzst01,2021,Steven Matz,steven matz,30,TOR,AL,150.2,29,29,14,7,3.82,117,3.79,1.334,2.6,8.6,3.35,10,643
ceasedy01,2021,Dylan Cease,dylan cease,25,CHW,AL,165.2,32,32,13,7,3.91,112,3.41,1.249,3.7,12.3,3.32,9,667
marquge01,2021,Germán Márquez,german marquez,26,COL,NL,180.0,32,32,12,11,4.40,109,3.86,1.272,3.2,8.8,2.75,9,692
montgjo01,2021,Jordan Montgomery,jordan montgomery,28,NYY,AL,157.1,30,30,6,7,3.83,112,3.69,1.278,2.9,9.3,3.18,8,733
grayso01,2021,Sonny Gray,sonny gray,31,CIN,NL,135.1,26,26,7,9,4.19,112,3.99,1.219,3.3,10.3,3.10,7,762
manaese01,2021,Sean Manaea,sean manaea,29,OAK,AL,179.1,32,32,11,10,3.91,105,3.66,1.227,2.1,9.7,4.73,7,769
hillri01,2021,Rich Hill,rich hill,41,NYMTBR,ALNL,158.2,32,31,7,8,3.86,105,4.34,1.210,3.1,8.5,2.73,6,802
senzaan01,2021,Antonio Senzatela,antonio senzatela,26,COL,NL,156.2,28,28,4,10,4.42,109,3.61,1.340,1.8,6.0,3.28,6,821
gonzama02,2021,Marco Gonzales,marco gonzales,29,SEA,AL,143.1,25,25,10,6,3.96,104,5.28,1.165,2.6,6.8,2.57,5,844
woodal02,2021,Alex Wood,alex wood,30,SFG,NL,138.2,26,26,10,4,3.83,108,3.48,1.183,2.5,9.9,3.90,5,869
greinza01,2021,Zack Greinke,zack greinke,37,HOU,AL,171.0,30,29,11,6,4.16,103,4.71,1.170,1.9,6.3,3.33,4,893
pivetni01,2021,Nick Pivetta,nick pivetta,28,BOS,AL,155.0,31,30,9,8,4.53,103,4.28,1.303,3.8,10.2,2.69,4,909
ryuhy01,2021,Hyun Jin Ryu,hyun jin ryu,34,TOR,AL,169.0,31,31,14,10,4.37,102,4.02,1.225,2.0,7.6,3.86,4,914
bubickr01,2021,Kris Bubic,kris bubic,23,KCR,AL,130.0,29,20,6,7,4.43,103,5.14,1.385,4.1,7.9,1.93,3,928
grayjo02,2021,Jon Gray,jon gray,29,COL,NL,149.0,29,29,8,12,4.59,105,4.22,1.329,3.5,9.5,2.71,3,941
taillja01,2021,Jameson Taillon,jameson taillon,29,NYY,AL,144.1,29,29,8,6,4.30,100,4.43,1.206,2.7,8.7,3.18,1,1067
rodried05,2021,Eduardo Rodríguez,eduardo rodriguez,28,BOS,AL,157.2,32,31,13,8,4.74,99,3.32,1.389,2.7,10.6,3.94,0,1110
skubata01,2021,Tarik Skubal,tarik skubal,24,DET,AL,149.1,31,29,8,12,4.34,98,5.09,1.259,2.8,9.9,3.49,0,1113
kellyme01,2021,Merrill Kelly,merrill kelly,32,ARI,NL,158.0,27,27,7,11,4.44,95,4.11,1.291,2.3,7.4,3.17,-2,1168
smylydr01,2021,Drew Smyly,drew smyly,32,ATL,NL,126.2,29,23,11,4,4.48,97,5.11,1.374,2.9,8.3,2.85,-2,1179
alzolad01,2021,Adbert Alzolay,adbert alzolay,26,CHC,NL,125.2,29,21,5,13,4.58,92,4.65,1.162,2.4,9.2,3.76,-3,1186
snellbl01,2021,Blake Snell,blake snell,28,SDP,NL,128.2,27,27,7,6,4.20,92,3.82,1.321,4.8,11.9,2.46,-3,1216
anderty01,2021,Tyler Anderson,tyler anderson,31,PITSEA,ALNL,167.0,31,31,7,11,4.53,93,4.37,1.246,2.0,7.2,3.53,-4,1221
irvinco01,2021,Cole Irvin,cole irvin,27,OAK,AL,178.1,32,32,10,15,4.24,97,4.30,1.329,2.1,6.3,2.98,-4,1245
darviyu01,2021,Yu Darvish,yu darvish,34,SDP,NL,166.1,30,30,8,11,4.22,92,3.90,1.094,2.4,10.8,4.52,-5,1281
kikucyu01,2021,Yusei Kikuchi,yusei kikuchi,30,SEA,AL,157.0,29,29,7,9,4.41,93,4.61,1.318,3.6,9.3,2.63,-5,1290
plesaza01,2021,Zach Plesac,zach plesac,26,CLE,AL,142.2,25,25,10,6,4.67,92,4.73,1.199,2.1,6.3,2.94,-5,1299
richaga01,2021,Garrett Richards,garrett richards,33,BOS,AL,136.2,40,22,7,8,4.87,96,4.72,1.595,4.0,7.6,1.92,-5,1300
minormi01,2021,Mike Minor,mike minor,33,KCR,AL,158.2,28,28,8,12,5.05,90,4.29,1.242,2.3,8.5,3.63,-6,1335
nolaaa01,2021,Aaron Nola,aaron nola,28,PHI,NL,180.2,32,32,9,9,4.63,90,3.37,1.129,1.9,11.1,5.72,-6,1337
bumgama01,2021,Madison Bumgarner,madison bumgarner,31,ARI,NL,146.1,26,26,7,10,4.67,90,4.63,1.182,2.4,7.6,3.18,-7,1349
singebr01,2021,Brady Singer,brady singer,24,KCR,AL,128.1,27,27,5,10,4.91,93,4.04,1.551,3.7,9.2,2.47,-7,1383
walketa01,2021,Taijuan Walker,taijuan walker,28,NYM,NL,159.0,30,29,7,11,4.47,90,4.57,1.182,3.1,8.3,2.65,-8,1408
hendrky01,2021,Kyle Hendricks,kyle hendricks,31,CHC,NL,181.0,32,32,14,7,4.77,88,4.89,1.348,2.2,6.5,2.98,-9,1417
lylesjo01,2021,Jordan Lyles,jordan lyles,30,TEX,AL,180.0,32,30,10,13,5.15,86,5.34,1.389,2.8,7.3,2.61,-11,1479
foltymi01,2021,Mike Foltynewicz,mike foltynewicz,29,TEX,AL,139.0,28,24,2,12,5.44,81,6.02,1.259,2.3,6.3,2.69,-13,1521
kellebr01,2021,Brad Keller,brad keller,25,KCR,AL,133.2,26,26,8,12,5.39,85,4.72,1.661,4.3,8.1,1.88,-13,1526
lestejo01,2021,Jon Lester,jon lester,37,STLWSN,NL,141.1,28,28,7,6,4.71,85,5.41,1.514,3.5,5.8,1.65,-13,1530
heanean01,2021,Andrew Heaney,andrew heaney,30,LAANYY,AL,129.2,30,23,8,9,5.83,76,4.85,1.319,2.8,10.4,3.66,-17,1609
keuchda01,2021,Dallas Keuchel,dallas keuchel,33,CHW,AL,162.0,32,30,9,9,5.28,83,5.23,1.531,3.3,5.3,1.61,-17,1612
yarbrry01,2021,Ryan Yarbrough,ryan yarbrough,29,TBR,AL,155.0,30,21,9,7,5.11,79,4.45,1.226,1.6,6.8,4.33,-20,1673
davieza02,2021,Zach Davies,zach davies,28,CHC,NL,148.0,32,32,6,12,5.78,73,5.45,1.601,4.6,6.9,1.52,-23,1697
feddeer01,2021,Erick Fedde,erick fedde,28,WSN,NL,133.1,29,27,7,9,5.47,74,4.66,1.440,3.2,8.6,2.67,-23,1698
happja01,2021,J.A. Happ,j a happ,38,MINSTL,ALNL,152.1,30,30,10,8,5.79,72,5.13,1.477,2.8,7.2,2.54,-25,1722
harvema01,2021,Matt Harvey,matt harvey,32,BAL,AL,127.2,28,28,6,14,6.27,71,4.60,1.543,2.6,6.7,2.57,-25,1723
corbipa01,2021,Patrick Corbin,patrick corbin,31,WSN,NL,171.2,31,31,9,16,5.82,70,5.41,1.468,3.1,7.5,2.38,-32,1759
alcansa01,2022,Sandy Alcantara,sandy alcantara,26,MIA,NL,228.2,32,32,14,9,2.28,180,2.99,0.980,2.0,8.1,4.14,44,13
verlaju01,2022,Justin Verlander,justin verlander,39,HOU,AL,175.0,28,28,18,4,1.75,218,2.49,0.829,1.5,9.5,6.38,38,46
manoaal01,2022,Alek Manoah,alek manoah,24,TOR,AL,196.2,31,31,16,7,2.24,172,3.35,0.992,2.3,8.2,3.53,35,64
friedma01,2022,Max Fried,max fried,28,ATL,NL,185.1,30,30,14,7,2.48,166,2.70,1.014,1.6,8.3,5.31,34,70
uriasju01,2022,Julio Urías,julio urias,25,LAD,NL,175.0,31,31,17,7,2.16,186,3.71,0.960,2.1,8.5,4.05,34,78
ceasedy01,2022,Dylan Cease,dylan cease,26,CHW,AL,184.0,32,32,14,8,2.20,180,3.10,1.109,3.8,11.1,2.91,33,81
galleza01,2022,Zac Gallen,zac gallen,26,ARI,NL,184.0,31,31,12,4,2.54,158,3.05,0.913,2.3,9.4,4.09,31,100
ohtansh01,2022,Shohei Ohtani,shohei ohtani,27,LAA,AL,166.0,28,28,15,9,2.33,172,2.40,1.012,2.4,11.9,4.98,31,102
anderty01,2022,Tyler Anderson,tyler anderson,32,LAD,NL,178.2,30,28,15,5,2.57,157,3.31,1.002,1.7,7.0,4.06,29,126
gonsoto01,2022,Tony Gonsolin,tony gonsolin,28,LAD,NL,130.1,24,24,16,1,2.14,188,3.28,0.875,2.4,8.2,3.40,28,137
cortene01,2022,Nestor Cortes,nestor cortes,27,NYY,AL,158.1,28,28,12,4,2.44,161,3.12,0.922,2.2,9.3,4.29,27,153
scherma01,2022,Max Scherzer,max scherzer,37,NYM,NL,145.1,23,23,11,5,2.29,169,2.62,0.908,1.5,10.7,7.21,27,161
burneco01,2022,Corbin Burnes,corbin burnes,27,MIL,NL,202.0,33,33,12,8,2.94,137,3.14,0.965,2.3,10.8,4.76,24,190
kershcl01,2022,Clayton Kershaw,clayton kershaw,34,LAD,NL,126.1,22,22,12,3,2.28,177,2.57,0.942,1.6,9.8,5.96,24,199
perezma02,2022,Martín Pérez,martin perez,31,TEX,AL,196.1,32,32,12,8,2.89,137,3.26,1.258,3.2,7.7,2.45,23,219
rodonca01,2022,Carlos Rodón,carlos rodon,29,SFG,NL,178.0,31,31,14,8,2.88,137,2.25,1.028,2.6,12.0,4.56,23,221
javiecr01,2022,Cristian Javier,cristian javier,25,HOU,AL,148.2,30,25,11,9,2.54,150,3.16,0.948,3.1,11.7,3.73,22,238
mcclash01,2022,Shane McClanahan,shane mcclanahan,25,TBR,AL,166.1,28,28,12,8,2.54,144,3.00,0.926,2.1,10.5,5.11,22,242
valdefr01,2022,Framber Valdez,framber valdez,28,HOU,AL,201.1,31,31,17,6,2.82,135,3.06,1.157,3.0,8.7,2.90,22,252
biebesh01,2022,Shane Bieber,shane bieber,27,CLE,AL,200.0,31,31,13,8,2.88,131,2.87,1.040,1.6,8.9,5.50,21,258
stridsp01,2022,Spencer Strider,spencer strider,23,ATL,NL,131.2,31,20,11,5,2.67,154,1.83,0.995,3.1,13.8,4.49,21,276
mckentr01,2022,Triston McKenzie,triston mckenzie,24,CLE,AL,191.1,31,30,11,11,2.96,127,3.59,0.951,2.1,8.9,4.32,20,297
nolaaa01,2022,Aaron Nola,aaron nola,29,PHI,NL,205.0,32,32,11,13,3.25,123,2.58,0.961,1.3,10.3,8.10,20,298
quintjo01,2022,Jose Quintana,jose quintana,33,PITSTL,NL,165.2,32,32,6,7,2.93,137,2.99,1.213,2.6,7.4,2.91,20,300
wheelza01,2022,Zack Wheeler,zack wheeler,32,PHI,NL,153.0,26,26,12,7,2.82,141,2.89,1.039,2.0,9.6,4.79,20,304
darviyu01,2022,Yu Darvish,yu darvish,35,SDP,NL,194.2,30,30,16,8,3.10,122,3.31,0.950,1.7,9.1,5.32,19,308
sprinje01,2022,Jeffrey Springs,jeffrey springs,29,TBR,AL,135.1,33,25,9,5,2.46,149,3.04,1.071,2.1,9.6,4.65,19,322
webblo01,2022,Logan Webb,logan webb,25,SFG,NL,192.1,32,32,15,9,2.90,136,3.03,1.159,2.3,7.6,3.33,19,325
wrighky01,2022,Kyle Wright,kyle wright,26,ATL,NL,180.1,30,30,21,5,3.19,128,3.58,1.159,2.6,8.7,3.28,19,328
castilu02,2022,Luis Castillo,luis castillo,29,CINSEA,ALNL,150.1,25,25,8,6,2.99,136,3.07,1.084,2.7,10.0,3.71,17,361
kellyme01,2022,Merrill Kelly,merrill kelly,33,ARI,NL,200.1,33,33,13,8,3.37,119,3.65,1.138,2.7,8.0,2.90,17,373
musgrjo01,2022,Joe Musgrove,joe musgrove,29,SDP,NL,181.0,30,30,10,7,2.93,129,3.59,1.083,2.1,9.1,4.38,17,376
woodrbr01,2022,Brandon Woodruff,brandon woodruff,29,MIL,NL,153.1,27,27,13,4,3.05,132,3.08,1.070,2.5,11.2,4.52,17,383
sandopa02,2022,Patrick Sandoval,patrick sandoval,25,LAA,AL,148.2,27,27,6,9,2.91,138,3.09,1.339,3.6,9.1,2.52,16,410
singebr01,2022,Brady Singer,brady singer,25,KCR,AL,153.1,27,24,10,5,3.23,127,3.58,1.141,2.1,8.8,4.29,15,448
mikolmi01,2022,Miles Mikolas,miles mikolas,33,STL,NL,202.1,33,32,12,13,3.29,118,3.87,1.033,1.7,6.8,3.92,14,478
rasmudr01,2022,Drew Rasmussen,drew rasmussen,26,TBR,AL,146.0,28,28,11,7,2.84,129,3.26,1.041,1.9,7.7,4.03,14,483
stripro01,2022,Ross Stripling,ross stripling,32,TOR,AL,134.1,32,24,10,4,3.01,128,3.11,1.020,1.3,7.4,5.55,13,515
wachami01,2022,Michael Wacha,michael wacha,30,BOS,AL,127.1,23,23,11,2,3.32,127,4.14,1.115,2.2,7.4,3.35,13,518
bassich01,2022,Chris Bassitt,chris bassitt,33,NYM,NL,181.2,30,30,15,9,3.42,113,3.66,1.145,2.4,8.3,3.41,12,521
colege01,2022,Gerrit Cole,gerrit cole,31,NYY,AL,200.2,33,33,13,8,3.50,112,3.47,1.017,2.2,11.5,5.14,12,528
gilbelo01,2022,Logan Gilbert,logan gilbert,25,SEA,AL,185.2,32,32,13,6,3.20,116,3.46,1.180,2.4,8.4,3.55,12,533
montgjo01,2022,Jordan Montgomery,jordan montgomery,29,NYYSTL,ALNL,178.1,32,32,9,6,3.48,113,3.61,1.093,1.8,8.0,4.39,11,604
cuetojo01,2022,Johnny Cueto,johnny cueto,36,CHW,AL,158.1,25,24,8,10,3.35,118,3.79,1.225,1.9,5.8,3.09,10,620
gausmke01,2022,Kevin Gausman,kevin gausman,31,TOR,AL,174.2,31,31,12,10,3.35,115,2.38,1.237,1.4,10.6,7.32,10,630
kremede01,2022,Dean Kremer,dean kremer,26,BAL,AL,125.1,22,21,8,7,3.23,121,3.80,1.253,2.4,6.2,2.56,10,636
lopezpa01,2022,Pablo López,pablo lopez,26,MIA,NL,180.0,32,32,10,10,3.75,109,3.71,1.167,2.7,8.7,3.28,9,691
stromma01,2022,Marcus Stroman,marcus stroman,31,CHC,NL,138.2,25,25,6,7,3.50,119,3.76,1.147,2.3,7.7,3.31,9,703
walketa01,2022,Taijuan Walker,taijuan walker,29,NYM,NL,157.1,29,29,12,5,3.49,111,3.65,1.195,2.6,7.6,2.93,9,709
quantca01,2022,Cal Quantrill,cal quantrill,27,CLE,AL,186.1,32,32,15,5,3.38,112,4.12,1.208,2.3,6.2,2.72,8,741
ryanjo04,2022,Joe Ryan,joe ryan,26,MIN,AL,147.0,27,27,13,8,3.55,110,3.99,1.102,2.9,9.2,3.21,7,778
snellbl01,2022,Blake Snell,blake snell,29,SDP,NL,128.0,24,24,8,10,3.38,112,2.80,1.203,3.6,12.0,3.35,7,781
wainwad01,2022,Adam Wainwright,adam wainwright,40,STL,NL,191.2,32,32,11,12,3.71,105,3.66,1.283,2.5,6.7,2.65,7,784
lauerer01,2022,Eric Lauer,eric lauer,27,MIL,NL,158.2,29,29,11,7,3.69,109,4.50,1.223,3.3,8.9,2.66,6,805
detmere01,2022,Reid Detmers,reid detmers,22,LAA,AL,129.0,25,25,7,6,3.77,106,3.79,1.209,3.2,8.5,2.65,5,839
kirbyge01,2022,George Kirby,george kirby,24,SEA,AL,130.0,25,25,8,5,3.39,109,2.99,1.208,1.5,9.2,6.05,5,853
greinza01,2022,Zack Greinke,zack greinke,38,KCR,AL,137.0,26,26,4,9,3.68,111,4.03,1.343,1.8,4.8,2.70,4,894
suarera01,2022,Ranger Suarez,ranger suarez,26,PHI,NL,155.1,29,29,10,7,3.65,109,3.87,1.333,3.4,7.5,2.22,3,965
taillja01,2022,Jameson Taillon,jameson taillon,30,NYY,AL,177.1,32,32,14,5,3.91,101,3.94,1.128,1.6,7.7,4.72,3,966
cobbal01,2022,Alex Cobb,alex cobb,34,SFG,NL,149.2,28,28,7,8,3.73,106,2.80,1.303,2.6,9.1,3.51,2,984
freelky01,2022,Kyle Freeland,kyle freeland,29,COL,NL,174.2,31,31,9,11,4.53,102,4.21,1.408,2.7,6.8,2.47,2,989
garcilu05,2022,Luis Garcia,luis garcia,25,HOU,AL,157.1,28,28,15,8,3.72,103,3.93,1.131,2.7,9.0,3.34,2,990
kellemi03,2022,Mitch Keller,mitch keller,26,PIT,NL,159.0,31,29,5,12,3.91,104,3.88,1.396,3.4,7.8,2.30,2,996
rayro02,2022,Robbie Ray,robbie ray,30,SEA,AL,189.0,32,32,12,12,3.71,100,4.16,1.190,3.0,10.1,3.42,2,1013
syndeno01,2022,Noah Syndergaard,noah syndergaard,29,LAAPHI,ALNL,134.2,25,24,10,10,3.94,102,3.83,1.255,2.1,6.3,3.06,2,1020
flexech01,2022,Chris Flexen,chris flexen,27,SEA,AL,137.2,33,22,8,9,3.73,99,4.49,1.329,3.3,6.2,1.86,0,1083
grayjo02,2022,Jon Gray,jon gray,30,TEX,AL,127.1,24,24,7,7,3.96,100,3.80,1.131,2.8,9.5,3.44,0,1086
greenhu01,2022,Hunter Greene,hunter greene,22,CIN,NL,125.2,24,24,5,13,4.44,98,4.37,1.210,3.4,11.7,3.42,0,1087
urquijo01,2022,José Urquidy,jose urquidy,27,HOU,AL,164.1,29,28,13,8,3.94,97,4.60,1.168,2.1,7.3,3.53,0,1095
carraca01,2022,Carlos Carrasco,carlos carrasco,35,NYM,NL,152.0,29,29,15,7,3.97,97,3.53,1.329,2.4,9.0,3.71,-1,1122
davieza02,2022,Zach Davies,zach davies,29,ARI,NL,134.1,27,27,2,5,4.09,98,4.83,1.295,3.5,6.8,1.96,-1,1123
mortoch02,2022,Charlie Morton,charlie morton,38,ATL,NL,172.0,31,31,9,6,4.34,94,4.26,1.233,3.3,10.7,3.25,-2,1174
pivetni01,2022,Nick Pivetta,nick pivetta,29,BOS,AL,179.2,33,33,10,12,4.56,92,4.42,1.380,3.7,8.8,2.40,-3,1212
montafr02,2022,Frankie Montas,frankie montas,29,NYYOAK,AL,144.1,27,27,5,12,4.05,93,3.78,1.247,2.7,8.9,3.30,-4,1254
irvinco01,2022,Cole Irvin,cole irvin,28,OAK,AL,181.0,30,30,9,13,3.98,93,4.21,1.160,1.8,6.4,3.56,-6,1326
marquge01,2022,Germán Márquez,german marquez,27,COL,NL,181.2,31,31,9,13,4.95,93,4.71,1.365,3.1,7.4,2.38,-6,1332
dunnida01,2022,Dane Dunning,dane dunning,27,TEX,AL,153.1,29,29,4,8,4.46,89,4.45,1.435,3.6,8.0,2.21,-7,1352
hudsoda02,2022,Dakota Hudson,dakota hudson,27,STL,NL,139.2,27,26,8,7,4.45,88,4.34,1.446,3.9,5.0,1.28,-7,1361
kaprija01,2022,James Kaprielian,james kaprielian,28,OAK,AL,134.0,26,26,5,9,4.23,87,4.63,1.343,4.0,6.6,1.66,-8,1395
lylesjo01,2022,Jordan Lyles,jordan lyles,31,BAL,AL,179.0,32,32,12,11,4.42,88,4.40,1.385,2.6,7.2,2.77,-9,1421
ottogl01,2022,Glenn Otto,glenn otto,26,TEX,AL,135.2,27,27,7,10,4.64,86,5.21,1.334,4.1,7.1,1.73,-9,1429
plesaza01,2022,Zach Plesac,zach plesac,27,CLE,AL,131.2,25,24,3,12,4.31,88,4.45,1.322,2.6,6.8,2.63,-10,1455
brubajt01,2022,JT Brubaker,jt brubaker,28,PIT,NL,144.0,28,28,3,12,4.69,87,3.92,1.465,3.4,9.2,2.72,-11,1464
klubeco01,2022,Corey Kluber,corey kluber,36,TBR,AL,164.0,31,31,10,10,4.34,84,3.57,1.213,1.2,7.6,6.62,-11,1478
gonzama02,2022,Marco Gonzales,marco gonzales,30,SEA,AL,183.0,32,32,10,15,4.13,90,5.05,1.333,2.5,5.1,2.06,-12,1495
bundydy01,2022,Dylan Bundy,dylan bundy,29,MIN,AL,140.0,29,29,8,8,4.89,80,4.66,1.279,1.8,6.0,3.36,-13,1518
kuhlch01,2022,Chad Kuhl,chad kuhl,29,COL,NL,137.0,27,27,6,11,5.72,81,5.26,1.555,3.8,7.2,1.90,-13,1528
lynchda02,2022,Daniel Lynch IV,daniel lynch iv,25,KCR,AL,131.2,27,27,4,13,5.13,80,4.63,1.572,3.6,8.3,2.35,-13,1532
giolilu01,2022,Lucas Giolito,lucas giolito,27,CHW,AL,161.2,30,30,11,9,4.90,81,4.06,1.435,3.4,9.9,2.90,-14,1555
kellebr01,2022,Brad Keller,brad keller,26,KCR,AL,139.2,35,22,6,14,5.09,80,4.50,1.504,3.7,6.6,1.79,-14,1558
grayjo03,2022,Josiah Gray,josiah gray,24,WSN,NL,148.2,28,28,7,10,5.02,78,5.86,1.359,4.0,9.3,2.33,-15,1572
woodal02,2022,Alex Wood,alex wood,31,SFG,NL,130.2,26,26,8,12,5.10,77,3.76,1.240,2.1,9.0,4.37,-16,1599
bumgama01,2022,Madison Bumgarner,madison bumgarner,32,ARI,NL,158.2,30,30,7,15,4.88,82,4.85,1.437,2.8,6.4,2.29,-17,1601
gibsoky01,2022,Kyle Gibson,kyle gibson,34,PHI,NL,167.2,31,31,10,8,5.05,79,4.28,1.336,2.6,7.7,3.00,-18,1629
bubickr01,2022,Kris Bubic,kris bubic,24,KCR,AL,129.0,28,27,3,13,5.58,73,4.78,1.698,4.4,7.7,1.75,-20,1654
manaese01,2022,Sean Manaea,sean manaea,30,SDP,NL,158.0,30,28,8,9,4.96,76,4.53,1.297,2.8,8.9,3.12,-22,1688
berrijo01,2022,José Berríos,jose berrios,28,TOR,AL,172.0,32,32,12,7,5.23,74,4.55,1.419,2.4,7.8,3.31,-23,1695
feddeer01,2022,Erick Fedde,erick fedde,29,WSN,NL,127.0,27,27,6,13,5.81,68,5.15,1.630,4.1,6.7,1.62,-24,1713
corbipa01,2022,Patrick Corbin,patrick corbin,32,WSN,NL,152.2,31,31,6,19,6.31,62,4.83,1.697,2.9,7.5,2.61,-42,1780
snellbl01,2023,Blake Snell,blake snell,30,SDP,NL,180.0,32,32,14,9,2.25,187,3.44,1.189,5.0,11.7,2.36,42,23
colege01,2023,Gerrit Cole,gerrit cole,32,NYY,AL,209.0,33,33,15,4,2.63,165,3.16,0.981,2.1,9.6,4.63,40,28
grayso01,2023,Sonny Gray,sonny gray,33,MIN,AL,184.0,32,32,8,8,2.79,157,2.83,1.147,2.7,9.0,3.33,33,82
kershcl01,2023,Clayton Kershaw,clayton kershaw,35,LAD,NL,131.2,24,24,13,5,2.46,175,4.03,1.063,2.7,9.4,3.43,28,141
bradiky01,2023,Kyle Bradish,kyle bradish,26,BAL,AL,168.2,30,30,12,7,2.83,144,3.27,1.043,2.3,9.0,3.82,26,163
webblo01,2023,Logan Webb,logan webb,26,SFG,NL,216.0,33,33,11,13,3.25,128,3.16,1.074,1.3,8.1,6.26,24,209
montgjo01,2023,Jordan Montgomery,jordan montgomery,30,STLTEX,ALNL,188.2,32,32,10,11,3.20,136,3.56,1.193,2.3,7.9,3.46,23,217
sengako01,2023,Kodai Senga,kodai senga,30,NYM,NL,166.1,29,29,12,7,2.98,140,3.63,1.220,4.2,10.9,2.62,23,223
galleza01,2023,Zac Gallen,zac gallen,27,ARI,NL,210.0,34,34,17,9,3.47,126,3.26,1.119,2.0,9.4,4.68,22,233
gausmke01,2023,Kevin Gausman,kevin gausman,32,TOR,AL,185.0,31,31,12,9,3.16,136,2.97,1.178,2.7,11.5,4.31,22,235
bibeeta01,2023,Tanner Bibee,tanner bibee,24,CLE,AL,142.0,25,25,10,4,2.98,143,3.52,1.176,2.9,8.9,3.13,21,257
burneco01,2023,Corbin Burnes,corbin burnes,28,MIL,NL,193.2,32,32,10,8,3.39,127,3.81,1.069,3.1,9.3,3.03,21,259
kellyme01,2023,Merrill Kelly,merrill kelly,34,ARI,NL,177.2,30,30,12,8,3.29,133,3.85,1.193,3.5,9.5,2.71,21,267
luzarje01,2023,Jesús Luzardo,jesus luzardo,25,MIA,NL,178.2,32,32,10,10,3.58,131,3.55,1.215,2.8,10.5,3.78,20,296
steelju01,2023,Justin Steele,justin steele,27,CHC,NL,173.1,30,30,16,5,3.06,139,3.02,1.171,1.9,9.1,4.89,20,303
ohtansh01,2023,Shohei Ohtani,shohei ohtani,28,LAA,AL,132.0,23,23,10,5,3.14,142,4.00,1.061,3.8,11.4,3.04,19,319
garrebr01,2023,Braxton Garrett,braxton garrett,25,MIA,NL,159.2,31,30,9,7,3.66,128,3.68,1.146,1.6,8.8,5.38,18,334
rodried05,2023,Eduardo Rodríguez,eduardo rodriguez,30,DET,AL,152.2,26,26,13,9,3.30,131,3.66,1.153,2.8,8.4,2.98,18,352
verlaju01,2023,Justin Verlander,justin verlander,40,HOUNYM,ALNL,162.1,27,27,13,8,3.22,131,3.85,1.133,2.5,8.0,3.20,18,357
eflinza01,2023,Zach Eflin,zach eflin,29,TBR,AL,177.2,31,31,16,8,3.50,120,3.01,1.024,1.2,9.4,7.75,17,365
lopezpa01,2023,Pablo López,pablo lopez,27,MIN,AL,194.0,32,32,11,8,3.66,119,3.33,1.155,2.2,10.9,4.88,17,374
wachami01,2023,Michael Wacha,michael wacha,31,SDP,NL,134.1,24,24,14,4,3.22,131,3.89,1.161,2.9,8.3,2.88,17,380
oberba01,2023,Bailey Ober,bailey ober,27,MIN,AL,144.1,26,26,8,6,3.43,128,3.96,1.067,1.8,9.1,5.03,16,404
valdefr01,2023,Framber Valdez,framber valdez,29,HOU,AL,198.0,31,31,12,11,3.45,123,3.50,1.126,2.6,9.1,3.51,16,412
wheelza01,2023,Zack Wheeler,zack wheeler,33,PHI,NL,192.0,32,32,13,6,3.61,119,3.15,1.078,1.8,9.9,5.44,16,414
bassich01,2023,Chris Bassitt,chris bassitt,34,TOR,AL,200.0,33,33,16,8,3.60,119,4.28,1.175,2.7,8.4,3.15,15,417
kirbyge01,2023,George Kirby,george kirby,25,SEA,AL,190.2,31,31,13,10,3.35,118,3.34,1.038,0.9,8.1,9.05,15,430
berrijo01,2023,José Berríos,jose berrios,29,TOR,AL,189.2,32,32,11,12,3.65,117,3.99,1.186,2.5,8.7,3.54,14,457
castilu02,2023,Luis Castillo,luis castillo,30,SEA,AL,197.0,33,33,14,9,3.34,118,3.81,1.096,2.6,10.0,3.91,14,461
mortoch02,2023,Charlie Morton,charlie morton,39,ATL,NL,163.1,30,30,14,12,3.64,120,3.87,1.427,4.6,10.1,2.20,14,479
dunnida01,2023,Dane Dunning,dane dunning,28,TEX,AL,172.2,35,26,12,7,3.70,116,4.27,1.263,2.9,7.3,2.55,13,500
eovalna01,2023,Nathan Eovaldi,nathan eovaldi,33,TEX,AL,144.0,25,25,12,5,3.63,118,3.88,1.139,2.9,8.3,2.81,12,531
alcansa01,2023,Sandy Alcantara,sandy alcantara,27,MIA,NL,184.2,28,28,7,12,4.14,113,4.03,1.213,2.3,7.4,3.15,11,568
clevimi01,2023,Mike Clevinger,mike clevinger,32,CHW,AL,131.1,24,24,9,9,3.77,117,4.28,1.226,2.7,7.5,2.75,11,576
elderbr01,2023,Bryce Elder,bryce elder,24,ATL,NL,174.2,31,31,12,4,3.81,114,4.42,1.277,3.2,6.6,2.03,11,579
lugose01,2023,Seth Lugo,seth lugo,33,SDP,NL,146.1,26,26,8,7,3.57,118,3.83,1.203,2.2,8.6,3.89,11,595
stridsp01,2023,Spencer Strider,spencer strider,24,ATL,NL,186.2,32,32,20,5,3.86,113,2.85,1.093,2.8,13.5,4.84,11,609
crawfku01,2023,Kutter Crawford,kutter crawford,27,BOS,AL,129.1,31,23,6,8,4.04,113,3.83,1.106,2.5,9.4,3.75,9,671
scherma01,2023,Max Scherzer,max scherzer,38,NYMTEX,ALNL,152.2,27,27,13,6,3.77,112,4.32,1.120,2.7,10.3,3.87,9,700
biebesh01,2023,Shane Bieber,shane bieber,28,CLE,AL,128.0,21,21,6,6,3.80,112,3.87,1.234,2.4,7.5,3.15,8,716
grayjo03,2023,Josiah Gray,josiah gray,25,WSN,NL,159.0,30,30,8,13,3.91,109,4.93,1.459,4.5,8.1,1.79,8,726
kikucyu01,2023,Yusei Kikuchi,yusei kikuchi,32,TOR,AL,167.2,32,32,11,6,3.86,111,4.12,1.270,2.6,9.7,3.77,8,729
peralfr01,2023,Freddy Peralta,freddy peralta,27,MIL,NL,165.2,30,30,12,10,3.86,112,3.85,1.117,2.9,11.4,3.89,8,736
pivetni01,2023,Nick Pivetta,nick pivetta,30,BOS,AL,142.2,38,16,10,9,4.04,113,3.96,1.121,3.2,11.5,3.66,8,738
allenlo02,2023,Logan Allen,logan allen,24,CLE,AL,125.1,24,24,7,8,3.81,112,4.19,1.396,3.4,8.5,2.48,7,747
gilbelo01,2023,Logan Gilbert,logan gilbert,26,SEA,AL,190.2,32,32,13,7,3.73,106,3.85,1.075,1.7,8.9,5.25,7,760
bellobr01,2023,Brayan Bello,brayan bello,24,BOS,AL,157.0,28,28,12,11,4.24,107,4.54,1.338,2.6,7.6,2.93,6,786
cobbal01,2023,Alex Cobb,alex cobb,35,SFG,NL,151.1,28,28,7,7,3.87,108,4.01,1.322,2.2,7.8,3.54,6,792
francjp01,2023,J.P. France,j p france,28,HOU,AL,136.1,24,23,11,6,3.83,111,4.66,1.357,3.1,6.7,2.15,6,798
kellemi03,2023,Mitch Keller,mitch keller,27,PIT,NL,194.1,32,32,13,9,4.21,106,3.80,1.245,2.5,9.7,3.82,6,803
hendrky01,2023,Kyle Hendricks,kyle hendricks,33,CHC,NL,137.0,24,24,6,8,3.74,114,3.81,1.204,1.8,6.1,3.44,5,847
cannigr01,2023,Griffin Canning,griffin canning,27,LAA,AL,127.0,24,22,7,8,4.32,103,4.29,1.236,2.6,9.9,3.86,4,878
grayjo02,2023,Jon Gray,jon gray,31,TEX,AL,157.1,29,29,9,8,4.12,104,4.47,1.290,3.1,8.1,2.63,4,891
oviedjo01,2023,Johan Oviedo,johan oviedo,25,PIT,NL,177.2,32,32,9,14,4.31,104,4.49,1.373,4.2,8.0,1.90,4,907
suarera01,2023,Ranger Suarez,ranger suarez,27,PHI,NL,125.0,22,22,4,6,4.18,103,3.90,1.416,3.5,8.6,2.48,4,918
lorenmi01,2023,Michael Lorenzen,michael lorenzen,31,DETPHI,ALNL,153.0,29,25,9,9,4.18,104,4.46,1.209,2.8,6.5,2.36,3,950
stromma01,2023,Marcus Stroman,marcus stroman,32,CHC,NL,136.2,27,25,10,9,3.95,108,3.58,1.259,3.4,7.8,2.29,3,964
heanean01,2023,Andrew Heaney,andrew heaney,32,TEX,AL,147.1,34,28,10,6,4.15,103,4.66,1.378,3.7,9.2,2.52,2,995
ashcrgr01,2023,Graham Ashcraft,graham ashcraft,25,CIN,NL,145.2,26,26,7,9,4.76,98,5.06,1.373,3.2,6.9,2.13,1,1027
ryanjo04,2023,Joe Ryan,joe ryan,27,MIN,AL,161.2,29,29,11,10,4.51,97,4.13,1.169,1.9,11.0,5.79,0,1111
walketa01,2023,Taijuan Walker,taijuan walker,30,PHI,NL,172.2,31,31,15,6,4.38,98,4.53,1.309,3.7,7.2,1.94,0,1116
detmere01,2023,Reid Detmers,reid detmers,23,LAA,AL,148.2,28,28,4,10,4.48,100,4.13,1.352,3.6,10.2,2.80,-1,1125
kremede01,2023,Dean Kremer,dean kremer,27,BAL,AL,172.2,32,32,13,5,4.12,99,4.51,1.309,2.9,8.2,2.85,-1,1132
freelky01,2023,Kyle Freeland,kyle freeland,30,COL,NL,155.2,29,29,6,14,5.03,99,5.30,1.471,2.4,5.4,2.24,-2,1163
gorema01,2023,MacKenzie Gore,mackenzie gore,24,WSN,NL,136.1,27,27,7,10,4.42,96,4.89,1.401,3.8,10.0,2.65,-2,1164
perezma02,2023,Martín Pérez,martin perez,32,TEX,AL,141.2,35,20,10,4,4.45,96,4.99,1.405,3.1,5.9,1.90,-2,1175
sandopa02,2023,Patrick Sandoval,patrick sandoval,26,LAA,AL,144.2,28,28,7,13,4.11,109,4.18,1.514,4.6,8.0,1.73,-2,1178
ceasedy01,2023,Dylan Cease,dylan cease,27,CHW,AL,177.0,33,33,7,9,4.58,97,3.72,1.418,4.0,10.9,2.71,-3,1192
darviyu01,2023,Yu Darvish,yu darvish,36,SDP,NL,136.1,24,24,8,10,4.56,93,4.03,1.298,2.8,9.3,3.28,-4,1231
javiecr01,2023,Cristian Javier,cristian javier,26,HOU,AL,162.0,31,31,10,5,4.56,93,4.58,1.265,3.4,8.8,2.56,-4,1246
millebr04,2023,Bryce Miller,bryce miller,24,SEA,AL,131.1,25,25,8,7,4.32,91,3.98,1.142,1.8,8.2,4.58,-4,1253
nolaaa01,2023,Aaron Nola,aaron nola,30,PHI,NL,193.2,32,32,12,9,4.46,96,4.03,1.151,2.1,9.4,4.49,-4,1259
searsjp01,2023,JP Sears,jp sears,27,OAK,AL,172.1,32,32,5,14,4.54,93,5.15,1.265,2.8,8.4,3.04,-5,1305
gombeau01,2023,Austin Gomber,austin gomber,29,COL,NL,139.0,27,27,9,9,5.50,90,5.43,1.489,2.8,5.6,2.02,-6,1323
mikolmi01,2023,Miles Mikolas,miles mikolas,34,STL,NL,201.1,35,35,9,13,4.78,92,4.27,1.316,1.7,6.1,3.51,-6,1334
schmicl01,2023,Clarke Schmidt,clarke schmidt,27,NYY,AL,159.0,33,32,9,9,4.64,93,4.42,1.352,2.6,8.4,3.24,-6,1343
greinza01,2023,Zack Greinke,zack greinke,39,KCR,AL,142.1,30,27,2,15,5.06,88,4.74,1.272,1.5,6.1,4.22,-7,1357
flaheja01,2023,Jack Flaherty,jack flaherty,27,BALSTL,ALNL,144.1,29,27,8,9,4.99,87,4.36,1.580,4.1,9.2,2.24,-9,1413
megilty01,2023,Tylor Megill,tylor megill,27,NYM,NL,126.1,25,25,9,8,4.70,89,4.96,1.575,4.1,7.5,1.81,-10,1448
gibsoky01,2023,Kyle Gibson,kyle gibson,35,BAL,AL,192.0,33,33,15,9,4.73,86,4.13,1.318,2.6,7.4,2.85,-11,1471
giolilu01,2023,Lucas Giolito,lucas giolito,28,CHWCLELAA,AL,184.1,33,33,8,15,4.88,90,5.27,1.313,3.6,10.0,2.79,-11,1472
kopecmi01,2023,Michael Kopech,michael kopech,27,CHW,AL,129.1,30,27,5,12,5.43,81,6.46,1.593,6.3,9.3,1.47,-12,1498
nelsory01,2023,Ryne Nelson,ryne nelson,25,ARI,NL,144.0,29,27,8,8,5.31,83,5.07,1.424,2.9,6.0,2.09,-12,1506
taillja01,2023,Jameson Taillon,jameson taillon,31,CHC,NL,154.1,30,29,8,10,4.84,88,4.61,1.276,2.4,8.2,3.41,-13,1540
anderty01,2023,Tyler Anderson,tyler anderson,33,LAA,AL,141.0,27,25,6,6,5.43,82,4.92,1.489,4.1,7.6,1.86,-14,1545
brownhu01,2023,Hunter Brown,hunter brown,24,HOU,AL,155.2,31,29,11,13,5.09,83,4.37,1.362,3.2,10.3,3.24,-14,1548
smylydr01,2023,Drew Smyly,drew smyly,34,CHC,NL,142.1,41,23,11,11,5.00,85,4.96,1.426,3.5,8.9,2.52,-14,1561
singebr01,2023,Brady Singer,brady singer,26,KCR,AL,159.2,29,29,8,11,5.52,81,4.29,1.447,2.8,7.5,2.71,-16,1594
hillri01,2023,Rich Hill,rich hill,43,PITSDP,NL,146.1,32,27,8,14,5.41,82,4.87,1.524,3.6,7.9,2.22,-18,1630
waldike01,2023,Ken Waldichuk,ken waldichuk,25,OAK,AL,141.0,35,22,4,9,5.36,78,5.30,1.560,4.5,8.4,1.86,-19,1652
corbipa01,2023,Patrick Corbin,patrick corbin,33,WSN,NL,180.0,32,32,10,15,5.20,82,5.28,1.483,2.9,6.2,2.18,-20,1657
willitr01,2023,Trevor Williams,trevor williams,31,WSN,NL,144.1,30,30,6,10,5.55,77,5.98,1.600,3.3,6.9,2.09,-22,1693
lynnla01,2023,Lance Lynn,lance lynn,36,CHWLAD,ALNL,183.2,32,32,13,11,5.73,77,5.53,1.394,3.3,9.4,2.85,-27,1738
lylesjo01,2023,Jordan Lyles,jordan lyles,32,KCR,AL,177.2,31,31,6,17,6.28,71,5.62,1.244,2.3,6.1,2.67,-33,1768
skubata01,2024,Tarik Skubal,tarik skubal,27,DET,AL,192.0,31,31,18,4,2.39,174,2.49,0.922,1.6,10.7,6.51,37,54
salech01,2024,Chris Sale,chris sale,35,ATL,NL,177.2,29,29,18,3,2.38,174,2.09,1.013,2.0,11.4,5.77,36,59
wheelza01,2024,Zack Wheeler,zack wheeler,34,PHI,NL,200.0,32,32,16,7,2.57,163,3.13,0.955,2.3,10.1,4.31,36,61
lopezre01,2024,Reynaldo López,reynaldo lopez,30,ATL,NL,135.2,26,25,8,5,1.99,208,2.92,1.106,2.8,9.8,3.52,33,85
skenepa01,2024,Paul Skenes,paul skenes,22,PIT,NL,133.0,23,23,11,3,1.96,211,2.44,0.947,2.2,11.5,5.31,33,88
greenhu01,2024,Hunter Greene,hunter greene,24,CIN,NL,150.1,26,26,9,5,2.75,160,3.47,1.018,3.4,10.1,2.96,27,155
lugose01,2024,Seth Lugo,seth lugo,34,KCR,AL,206.2,33,33,16,9,3.00,137,3.25,1.089,2.1,7.9,3.77,25,184
blancro01,2024,Ronel Blanco,ronel blanco,30,HOU,AL,167.1,30,29,13,6,2.80,144,4.15,1.088,3.7,8.9,2.44,23,210
valdefr01,2024,Framber Valdez,framber valdez,30,HOU,AL,176.1,28,28,15,7,2.91,138,3.25,1.106,2.8,8.6,3.07,23,224
raganco01,2024,Cole Ragans,cole ragans,26,KCR,AL,186.1,32,32,11,9,3.14,131,2.99,1.143,3.2,10.8,3.33,20,301
imanash01,2024,Shota Imanaga,shota imanaga,30,CHC,NL,173.1,29,29,15,3,2.91,137,3.72,1.021,1.5,9.0,6.21,19,311
burneco01,2024,Corbin Burnes,corbin burnes,29,BAL,AL,194.1,32,32,15,9,2.92,133,3.55,1.096,2.2,8.4,3.77,18,330
feddeer01,2024,Erick Fedde,erick fedde,31,CHWSTL,ALNL,177.1,31,31,9,9,3.30,125,3.86,1.162,2.6,7.8,2.96,18,333
kingmi01,2024,Michael King,michael king,29,SDP,NL,173.2,31,30,13,9,2.95,139,3.33,1.192,3.3,10.4,3.19,18,339
martini01,2024,Nick Martinez,nick martinez,33,CIN,NL,142.1,42,16,10,7,3.10,142,3.21,1.026,1.1,7.3,6.44,18,345
millebr04,2024,Bryce Miller,bryce miller,25,SEA,AL,180.1,31,31,12,8,2.94,126,3.58,0.976,2.2,8.5,3.80,18,349
flaheja01,2024,Jack Flaherty,jack flaherty,28,DETLAD,ALNL,162.0,28,28,13,7,3.17,130,3.47,1.068,2.1,10.8,5.11,17,366
houckta01,2024,Tanner Houck,tanner houck,28,BOS,AL,178.2,30,30,9,10,3.12,133,3.32,1.142,2.4,7.8,3.21,17,372
myersto01,2024,Tobias Myers,tobias myers,25,MIL,NL,138.0,27,25,9,6,3.00,138,3.91,1.174,2.3,8.3,3.53,17,377
friedma01,2024,Max Fried,max fried,30,ATL,NL,174.1,29,29,11,10,3.25,128,3.33,1.164,2.9,8.6,2.91,16,391
sanchcr01,2024,Cristopher Sánchez,cristopher sanchez,27,PHI,NL,181.2,31,31,11,9,3.32,126,3.00,1.244,2.2,7.6,3.48,16,409
nolaaa01,2024,Aaron Nola,aaron nola,31,PHI,NL,199.1,33,33,14,8,3.57,117,3.94,1.199,2.3,8.9,3.94,15,440
wachami01,2024,Michael Wacha,michael wacha,32,KCR,AL,166.2,29,29,13,8,3.35,123,3.65,1.194,2.4,7.8,3.22,15,453
berrijo01,2024,José Berríos,jose berrios,30,TOR,AL,192.1,32,32,16,11,3.60,114,4.72,1.154,2.5,7.2,2.83,13,495
ceasedy01,2024,Dylan Cease,dylan cease,28,SDP,NL,189.1,33,33,14,11,3.47,118,3.10,1.067,3.1,10.6,3.45,13,497
taillja01,2024,Jameson Taillon,jameson taillon,32,CHC,NL,165.1,28,28,12,8,3.27,122,3.92,1.131,1.8,6.8,3.79,13,517
bibeeta01,2024,Tanner Bibee,tanner bibee,25,CLE,AL,173.2,31,31,12,8,3.47,116,3.56,1.117,2.3,9.7,4.25,12,523
ortizlu03,2024,Luis Ortiz,luis ortiz,25,PIT,NL,135.2,37,15,7,6,3.32,125,4.25,1.113,2.8,7.1,2.55,12,552
steelju01,2024,Justin Steele,justin steele,28,CHC,NL,134.2,24,24,5,5,3.07,130,3.23,1.099,2.5,9.0,3.65,12,556
suarera01,2024,Ranger Suarez,ranger suarez,28,PHI,NL,150.2,27,27,12,8,3.46,121,3.37,1.201,2.4,8.7,3.54,12,558
webblo01,2024,Logan Webb,logan webb,27,SFG,NL,204.2,33,33,13,10,3.47,112,2.95,1.231,2.2,7.6,3.44,12,564
abbotan01,2024,Andrew Abbott,andrew abbott,25,CIN,NL,138.0,25,25,10,10,3.72,118,5.04,1.297,3.4,7.4,2.19,11,567
brownhu01,2024,Hunter Brown,hunter brown,25,HOU,AL,170.0,31,30,11,9,3.49,115,3.58,1.271,3.2,9.5,2.98,11,572
gillu01,2024,Luis Gil,luis gil,26,NYY,AL,151.2,29,29,15,7,3.50,115,4.14,1.193,4.6,10.1,2.22,11,586
gilbelo01,2024,Logan Gilbert,logan gilbert,27,SEA,AL,208.2,33,33,9,12,3.23,115,3.27,0.887,1.6,9.5,5.95,11,587
manaese01,2024,Sean Manaea,sean manaea,32,NYM,NL,181.2,32,32,12,6,3.47,114,3.83,1.084,3.1,9.1,2.92,11,598
peralfr01,2024,Freddy Peralta,freddy peralta,28,MIL,NL,173.2,32,32,11,9,3.68,113,4.16,1.215,3.5,10.4,2.94,11,606
crochga01,2024,Garrett Crochet,garrett crochet,25,CHW,AL,146.0,32,32,6,12,3.58,115,2.69,1.068,2.0,12.9,6.33,10,618
galleza01,2024,Zac Gallen,zac gallen,28,ARI,NL,148.0,28,28,14,6,3.65,115,3.38,1.264,3.3,9.5,2.89,10,629
lorenmi01,2024,Michael Lorenzen,michael lorenzen,32,KCRTEX,AL,130.1,26,24,7,6,3.31,117,4.89,1.235,4.1,6.7,1.62,10,638
singebr01,2024,Brady Singer,brady singer,27,KCR,AL,179.2,32,32,9,13,3.71,111,3.93,1.275,2.7,8.5,3.15,10,657
stonega01,2024,Gavin Stone,gavin stone,25,LAD,NL,140.1,25,25,11,5,3.53,113,4.01,1.211,2.4,7.4,3.14,10,658
glasnty01,2024,Tyler Glasnow,tyler glasnow,30,LAD,NL,134.0,22,22,9,6,3.49,114,2.90,0.948,2.4,11.3,4.80,9,674
ryanjo04,2024,Joe Ryan,joe ryan,28,MIN,AL,135.0,23,23,7,7,3.60,116,3.44,0.985,1.5,9.8,6.39,9,699
cortene01,2024,Nestor Cortes,nestor cortes,29,NYY,AL,174.1,31,30,9,10,3.77,107,3.84,1.153,2.0,8.4,4.15,8,721
eflinza01,2024,Zach Eflin,zach eflin,30,BALTBR,AL,165.1,28,28,10,9,3.59,110,3.76,1.149,1.3,7.3,5.58,8,723
anderty01,2024,Tyler Anderson,tyler anderson,34,LAA,AL,179.1,31,31,10,15,3.81,110,4.66,1.288,3.7,7.1,1.95,7,748
litteza01,2024,Zack Littell,zack littell,28,TBR,AL,156.1,29,29,8,10,3.63,110,3.88,1.247,1.8,8.1,4.55,7,767
oberba01,2024,Bailey Ober,bailey ober,28,MIN,AL,178.2,31,31,12,9,3.98,105,3.82,1.002,2.2,9.6,4.44,6,811
quintjo01,2024,Jose Quintana,jose quintana,35,NYM,NL,170.1,31,31,10,10,3.75,105,4.56,1.250,3.3,7.1,2.14,6,814
assadja01,2024,Javier Assad,javier assad,26,CHC,NL,147.0,29,29,7,6,3.73,107,4.64,1.401,3.9,7.6,1.97,5,832
gausmke01,2024,Kevin Gausman,kevin gausman,33,TOR,AL,181.0,31,31,14,11,3.83,107,3.77,1.221,2.8,8.1,2.89,5,841
livelbe01,2024,Ben Lively,ben lively,32,CLE,AL,151.0,29,29,13,10,3.81,106,4.66,1.245,2.9,7.0,2.41,5,854
pepiory01,2024,Ryan Pepiot,ryan pepiot,26,TBR,AL,130.0,26,26,8,8,3.60,111,3.95,1.154,3.3,9.8,2.96,5,859
suareal01,2024,Albert Suárez,albert suarez,34,BAL,AL,133.2,32,24,9,7,3.70,105,4.24,1.294,2.9,7.3,2.51,5,867
castilu02,2024,Luis Castillo,luis castillo,31,SEA,AL,175.1,30,30,11,12,3.64,102,3.91,1.169,2.4,9.0,3.72,4,879
grayso01,2024,Sonny Gray,sonny gray,34,STL,NL,166.1,28,28,13,9,3.84,107,3.12,1.088,2.1,11.0,5.21,4,892
kirbyge01,2024,George Kirby,george kirby,26,SEA,AL,191.0,33,33,14,11,3.53,105,3.26,1.068,1.1,8.4,7.78,4,902
lopezpa01,2024,Pablo López,pablo lopez,28,MIN,AL,185.1,32,32,15,10,4.08,103,3.65,1.192,2.0,9.6,4.83,3,949
rodonca01,2024,Carlos Rodón,carlos rodon,31,NYY,AL,175.0,32,32,16,9,3.96,102,4.39,1.223,2.9,10.0,3.42,3,957
eovalna01,2024,Nathan Eovaldi,nathan eovaldi,34,TEX,AL,170.2,29,29,12,8,3.80,100,3.83,1.107,2.2,8.8,3.95,2,986
gombeau01,2024,Austin Gomber,austin gomber,30,COL,NL,165.0,30,30,5,12,4.75,100,4.83,1.309,2.1,6.3,3.05,2,991
kikucyu01,2024,Yusei Kikuchi,yusei kikuchi,33,HOUTOR,AL,175.2,32,32,9,10,4.05,101,3.46,1.201,2.3,10.6,4.68,2,999
pivetni01,2024,Nick Pivetta,nick pivetta,31,BOS,AL,145.2,27,26,6,12,4.14,100,4.07,1.126,2.2,10.6,4.78,2,1009
woodssi01,2024,Simeon Woods Richardson,simeon woods richardson,23,MIN,AL,133.2,28,28,5,5,4.17,100,4.12,1.294,3.2,7.9,2.44,2,1026
feltnry01,2024,Ryan Feltner,ryan feltner,27,COL,NL,162.1,30,30,3,10,4.49,105,4.16,1.337,2.9,7.7,2.65,1,1036
nelsory01,2024,Ryne Nelson,ryne nelson,26,ARI,NL,150.2,28,25,10,6,4.24,99,3.74,1.254,2.0,7.5,3.71,1,1057
severlu01,2024,Luis Severino,luis severino,30,NYM,NL,182.0,31,31,11,7,3.91,101,4.21,1.242,3.0,8.0,2.68,1,1064
bradlta01,2024,Taj Bradley,taj bradley,23,TBR,AL,138.0,25,25,8,11,4.11,97,4.09,1.225,3.1,10.0,3.28,-1,1121
kellemi03,2024,Mitch Keller,mitch keller,28,PIT,NL,178.0,31,31,11,12,4.25,98,4.08,1.303,2.5,8.4,3.32,-1,1131
mortoch02,2024,Charlie Morton,charlie morton,40,ATL,NL,165.1,30,30,8,10,4.19,99,4.46,1.325,3.5,9.1,2.57,-1,1143
quantca01,2024,Cal Quantrill,cal quantrill,29,COL,NL,148.1,29,29,8,11,4.98,95,5.32,1.517,4.2,6.7,1.59,-1,1147
reaco01,2024,Colin Rea,colin rea,33,MIL,NL,167.2,32,27,12,6,4.29,97,4.75,1.264,2.3,7.2,3.14,-1,1148
falteba01,2024,Bailey Falter,bailey falter,27,PIT,NL,142.1,28,28,8,9,4.43,94,4.30,1.286,2.8,6.1,2.16,-2,1161
bassich01,2024,Chris Bassitt,chris bassitt,35,TOR,AL,171.0,31,31,10,14,4.16,99,4.08,1.462,3.7,8.8,2.40,-3,1189
bellobr01,2024,Brayan Bello,brayan bello,25,BOS,AL,162.1,30,30,14,8,4.49,92,4.19,1.361,3.5,8.5,2.39,-4,1225
civalaa01,2024,Aaron Civale,aaron civale,29,MILTBR,ALNL,161.0,31,31,8,9,4.36,93,4.74,1.304,2.9,8.3,2.87,-4,1228
crawfku01,2024,Kutter Crawford,kutter crawford,28,BOS,AL,183.2,33,33,9,16,4.36,95,4.65,1.122,2.5,8.6,3.43,-4,1229
gibsoky01,2024,Kyle Gibson,kyle gibson,36,STL,NL,169.2,30,30,8,8,4.24,97,4.42,1.350,3.6,8.0,2.22,-4,1238
gorema01,2024,MacKenzie Gore,mackenzie gore,25,WSN,NL,166.1,32,32,10,12,3.90,104,3.53,1.419,3.5,9.8,2.78,-4,1239
perezma02,2024,Martín Pérez,martin perez,33,PITSDP,NL,135.0,26,26,5,6,4.53,91,4.90,1.481,3.3,7.1,2.18,-4,1262
marshal01,2024,Alec Marsh,alec marsh,26,KCR,AL,129.0,26,25,9,9,4.53,91,4.34,1.256,2.7,8.6,3.15,-5,1295
stromma01,2024,Marcus Stroman,marcus stroman,33,NYY,AL,154.2,30,29,10,9,4.31,94,4.62,1.468,3.5,6.6,1.88,-5,1308
irvinja01,2024,Jake Irvin,jake irvin,27,WSN,NL,187.2,33,33,10,14,4.41,92,4.41,1.199,2.5,7.5,3.00,-6,1327
parkemi01,2024,Mitchell Parker,mitchell parker,24,WSN,NL,151.0,29,29,7,10,4.29,95,3.85,1.305,2.6,7.9,3.09,-6,1341
kremede01,2024,Dean Kremer,dean kremer,28,BAL,AL,129.2,24,24,8,10,4.10,95,4.32,1.242,3.5,8.5,2.41,-7,1365
searsjp01,2024,JP Sears,jp sears,28,OAK,AL,180.2,32,32,11,13,4.38,90,4.71,1.223,2.4,6.8,2.80,-7,1382
arrigsp01,2024,Spencer Arrighetti,spencer arrighetti,24,HOU,AL,145.0,29,28,7,13,4.53,89,4.18,1.407,4.0,10.6,2.63,-8,1387
spencmi01,2024,Mitch Spence,mitch spence,26,OAK,AL,151.1,35,24,8,10,4.58,86,4.21,1.381,2.6,7.5,2.86,-8,1406
montafr02,2024,Frankie Montas,frankie montas,31,CINMIL,NL,150.2,30,30,7,11,4.84,89,4.71,1.367,3.9,8.8,2.24,-9,1425
heanean01,2024,Andrew Heaney,andrew heaney,33,TEX,AL,160.0,32,31,5,14,4.28,89,4.04,1.250,2.3,8.9,3.88,-10,1444
pfaadbr01,2024,Brandon Pfaadt,brandon pfaadt,25,ARI,NL,181.2,32,32,11,10,4.71,89,3.61,1.239,2.1,9.2,4.40,-10,1453
waldrma01,2024,Matt Waldron,matt waldron,27,SDP,NL,146.2,27,26,7,11,4.91,84,4.26,1.261,2.5,8.2,3.33,-12,1514
estesjo01,2024,Joey Estes,joey estes,22,OAK,AL,127.2,25,24,7,9,5.01,79,4.94,1.230,1.9,6.5,3.41,-13,1520
flexech01,2024,Chris Flexen,chris flexen,29,CHW,AL,160.0,33,30,3,15,4.95,83,4.80,1.519,3.5,6.9,1.95,-14,1552
cannigr01,2024,Griffin Canning,griffin canning,28,LAA,AL,171.2,32,31,6,13,5.19,81,5.26,1.398,3.5,6.8,1.97,-17,1602
mikolmi01,2024,Miles Mikolas,miles mikolas,35,STL,NL,171.2,32,32,10,11,5.35,77,4.24,1.276,1.3,6.4,4.88,-22,1689
hendrky01,2024,Kyle Hendricks,kyle hendricks,34,CHC,NL,130.2,29,24,4,12,5.92,67,4.98,1.454,3.0,6.0,2.02,-27,1737
corbipa01,2024,Patrick Corbin,patrick corbin,34,WSN,NL,174.2,32,32,6,13,5.62,72,4.41,1.500,2.8,7.2,2.57,-29,1748
skenepa01,2025,Paul Skenes,paul skenes,23,PIT,NL,187.2,32,32,10,10,1.97,222,2.36,0.948,2.0,10.4,5.14,49,8
sanchcr01,2025,Cristopher Sánchez,cristopher sanchez,28,PHI,NL,202.0,32,32,13,5,2.50,178,2.55,1.064,2.0,9.4,4.82,43,18
skubata01,2025,Tarik Skubal,tarik skubal,28,DET,AL,195.1,31,31,13,6,2.21,187,2.45,0.891,1.5,11.1,7.30,40,34
brownhu01,2025,Hunter Brown,hunter brown,26,HOU,AL,185.1,31,31,12,9,2.43,169,3.14,1.025,2.8,10.0,3.61,35,62
crochga01,2025,Garrett Crochet,garrett crochet,26,BOS,AL,205.1,32,32,18,5,2.59,157,2.89,1.028,2.0,11.2,5.54,34,68
yamamyo01,2025,Yoshinobu Yamamoto,yoshinobu yamamoto,26,LAD,NL,173.2,30,30,12,8,2.49,165,2.94,0.990,3.1,10.4,3.41,32,95
eovalna01,2025,Nathan Eovaldi,nathan eovaldi,35,TEX,AL,130.0,22,22,11,3,1.73,221,2.80,0.854,1.5,8.9,6.14,31,99
peralfr01,2025,Freddy Peralta,freddy peralta,29,MIL,NL,176.2,33,33,17,6,2.70,155,3.64,1.075,3.4,10.4,3.09,31,103
wheelza01,2025,Zack Wheeler,zack wheeler,35,PHI,NL,149.2,24,24,10,5,2.71,164,3.00,0.935,2.0,11.7,5.91,28,149
abbotan01,2025,Andrew Abbott,andrew abbott,26,CIN,NL,166.1,29,29,10,7,2.87,155,3.66,1.148,2.3,8.1,3.47,27,150
pivetni01,2025,Nick Pivetta,nick pivetta,32,SDP,NL,181.2,31,31,13,5,2.87,144,3.49,0.985,2.5,9.4,3.80,27,158
friedma01,2025,Max Fried,max fried,31,NYY,AL,195.1,32,32,19,5,2.86,145,3.07,1.101,2.3,8.7,3.71,24,194
rasmudr01,2025,Drew Rasmussen,drew rasmussen,29,TBR,AL,150.0,31,31,10,5,2.76,150,3.84,1.020,2.2,7.6,3.43,24,204
salech01,2025,Chris Sale,chris sale,36,ATL,NL,125.2,21,20,7,5,2.58,163,2.67,1.066,2.3,11.8,5.16,22,249
suarera01,2025,Ranger Suarez,ranger suarez,29,PHI,NL,157.1,26,26,12,8,3.20,139,3.21,1.220,2.2,8.6,3.97,22,251
rodonca01,2025,Carlos Rodón,carlos rodon,32,NYY,AL,195.1,33,33,18,9,3.09,134,3.78,1.049,3.4,9.4,2.78,21,275
woobr01,2025,Bryan Woo,bryan woo,25,SEA,AL,186.2,30,30,15,7,2.94,130,3.47,0.927,1.7,9.5,5.50,21,279
lodolni01,2025,Nick Lodolo,nick lodolo,27,CIN,NL,156.2,29,28,9,8,3.33,133,3.81,1.079,1.8,9.0,5.03,20,295
camerno01,2025,Noah Cameron,noah cameron,25,KCR,AL,138.1,24,24,9,7,2.99,137,4.18,1.099,2.8,7.4,2.65,19,306
degroja01,2025,Jacob deGrom,jacob degrom,37,TEX,AL,172.2,30,30,12,8,2.97,128,3.64,0.921,1.9,9.6,5.00,19,309
webblo01,2025,Logan Webb,logan webb,28,SFG,NL,207.0,34,34,15,11,3.22,124,2.60,1.237,2.0,9.7,4.87,19,326
williga01,2025,Gavin Williams,gavin williams,25,CLE,AL,167.2,31,31,12,5,3.06,135,4.39,1.270,4.5,9.3,2.08,19,327
gausmke01,2025,Kevin Gausman,kevin gausman,34,TOR,AL,193.0,32,32,10,11,3.59,121,3.41,1.062,2.3,8.8,3.78,17,368
priesqu01,2025,Quinn Priester,quinn priester,24,MIL,NL,157.1,29,24,13,3,3.32,126,4.01,1.239,2.9,7.6,2.64,16,406
ryanjo04,2025,Joe Ryan,joe ryan,29,MIN,AL,171.0,31,30,13,10,3.42,122,3.74,1.035,2.1,10.2,4.97,16,407
boydma01,2025,Matthew Boyd,matthew boyd,34,CHC,NL,179.2,31,31,14,8,3.21,124,3.65,1.091,2.1,7.7,3.67,15,418
nelsory01,2025,Ryne Nelson,ryne nelson,27,ARI,NL,154.0,33,23,7,3,3.39,126,3.73,1.071,2.4,7.7,3.22,15,439
housead01,2025,Adrian Houser,adrian houser,32,CHWTBR,AL,125.0,21,21,8,5,3.31,126,3.81,1.280,2.7,6.6,2.42,12,537
kellyme01,2025,Merrill Kelly,merrill kelly,36,ARITEX,ALNL,184.0,32,32,12,9,3.52,118,3.76,1.114,2.3,8.2,3.48,12,541
valdefr01,2025,Framber Valdez,framber valdez,31,HOU,AL,192.0,31,31,13,11,3.66,112,3.37,1.245,3.2,8.8,2.75,12,561
bellobr01,2025,Brayan Bello,brayan bello,26,BOS,AL,166.2,29,28,11,9,3.35,121,4.19,1.236,3.2,6.7,2.10,11,571
cabreed02,2025,Edward Cabrera,edward cabrera,27,MIA,NL,137.2,26,26,8,7,3.53,121,3.83,1.228,3.1,9.8,3.13,11,574
litteza01,2025,Zack Littell,zack littell,29,CINTBR,ALNL,186.2,32,32,10,8,3.81,111,4.88,1.104,1.5,6.3,4.06,11,594
luzarje01,2025,Jesús Luzardo,jesus luzardo,27,PHI,NL,183.2,32,32,15,7,3.92,113,2.90,1.220,2.8,10.6,3.79,11,596
giolilu01,2025,Lucas Giolito,lucas giolito,30,BOS,AL,145.0,26,26,10,4,3.41,119,4.17,1.290,3.5,7.5,2.16,9,673
holmecl01,2025,Clay Holmes,clay holmes,32,NYM,NL,165.2,33,31,12,8,3.53,116,4.11,1.304,3.6,7.0,1.95,9,682
singebr01,2025,Brady Singer,brady singer,28,CIN,NL,169.2,32,32,14,12,4.03,110,3.98,1.238,3.2,8.6,2.72,9,702
bassich01,2025,Chris Bassitt,chris bassitt,36,TOR,AL,170.1,32,31,11,9,3.96,110,4.01,1.327,2.7,8.8,3.19,8,715
wachami01,2025,Michael Wacha,michael wacha,33,KCR,AL,172.2,31,31,10,13,3.86,106,3.66,1.222,2.3,6.6,2.80,8,745
castilu02,2025,Luis Castillo,luis castillo,32,SEA,AL,180.2,32,32,11,8,3.54,108,3.88,1.185,2.3,8.1,3.52,7,752
gilbelo01,2025,Logan Gilbert,logan gilbert,28,SEA,AL,131.0,25,25,6,6,3.44,111,3.35,1.031,2.1,11.9,5.58,7,761
rayro02,2025,Robbie Ray,robbie ray,33,SFG,NL,182.1,32,32,11,8,3.65,109,3.93,1.212,3.6,9.2,2.55,7,776
vasqura02,2025,Randy Vásquez,randy vasquez,26,SDP,NL,133.2,28,26,6,7,3.84,108,4.85,1.324,3.5,5.3,1.50,7,783
pepiory01,2025,Ryan Pepiot,ryan pepiot,27,TBR,AL,167.2,31,31,11,12,3.86,107,4.36,1.163,3.3,9.0,2.74,6,813
mizeca01,2025,Casey Mize,casey mize,28,DET,AL,149.0,28,28,14,6,3.87,107,3.89,1.268,2.2,8.4,3.86,5,857
smithsh02,2025,Shane Smith,shane smith,25,CHW,AL,146.1,29,29,7,8,3.81,109,4.10,1.196,3.6,8.9,2.50,5,866
taillja01,2025,Jameson Taillon,jameson taillon,33,CHC,NL,129.2,23,23,11,7,3.68,108,4.65,1.057,1.9,6.8,3.63,5,868
imanash01,2025,Shota Imanaga,shota imanaga,31,CHC,NL,144.2,25,25,9,8,3.73,107,4.86,0.988,1.6,7.3,4.50,4,899
kellemi03,2025,Mitch Keller,mitch keller,29,PIT,NL,176.1,32,32,6,15,4.19,104,4.02,1.259,2.6,7.7,2.94,3,945
berrijo01,2025,José Berríos,jose berrios,31,TOR,AL,166.0,31,30,9,5,4.17,104,4.65,1.301,3.0,7.5,2.46,2,979
gorema01,2025,MacKenzie Gore,mackenzie gore,26,WSN,NL,159.2,30,30,5,15,4.17,100,3.74,1.353,3.6,10.4,2.89,2,992
kikucyu01,2025,Yusei Kikuchi,yusei kikuchi,34,LAA,AL,178.1,33,33,7,11,3.99,103,4.23,1.424,3.7,8.8,2.35,2,1000
martini01,2025,Nick Martinez,nick martinez,34,CIN,NL,165.2,40,26,11,14,4.45,100,4.33,1.207,2.3,6.3,2.76,2,1006
quintjo01,2025,Jose Quintana,jose quintana,36,MIL,NL,131.2,24,24,11,7,3.96,106,4.81,1.291,3.4,6.1,1.78,2,1010
lugose01,2025,Seth Lugo,seth lugo,35,KCR,AL,145.1,26,26,8,7,4.15,99,5.09,1.294,3.4,7.7,2.27,1,1050
sprinje01,2025,Jeffrey Springs,jeffrey springs,32,ATH,AL,171.0,32,30,11,11,4.11,105,4.65,1.211,2.8,7.3,2.56,1,1066
verlaju01,2025,Justin Verlander,justin verlander,42,SFG,NL,152.0,29,29,4,11,3.85,103,3.85,1.362,3.1,8.1,2.63,1,1071
martida03,2025,Davis Martin,davis martin,28,CHW,AL,142.2,26,25,7,10,4.10,101,4.64,1.290,3.0,6.6,2.17,0,1102
reaco01,2025,Colin Rea,colin rea,34,CHC,NL,159.1,32,27,11,7,3.95,101,4.11,1.249,2.5,7.2,2.89,0,1108
leiteja01,2025,Jack Leiter,jack leiter,25,TEX,AL,151.2,29,29,10,10,3.86,99,4.15,1.279,4.0,8.8,2.21,-1,1136
lordbr02,2025,Brad Lord,brad lord,25,WSN,NL,130.2,48,19,5,10,4.34,97,4.23,1.293,3.0,7.4,2.51,-1,1137
peterda01,2025,David Peterson,david peterson,29,NYM,NL,168.2,30,30,9,6,4.22,97,3.48,1.370,3.5,8.0,2.31,-1,1145
ceccosl01,2025,Slade Cecconi,slade cecconi,26,CLE,AL,132.0,23,23,7,7,4.30,97,4.64,1.189,2.2,7.4,3.41,-2,1159
falteba01,2025,Bailey Falter,bailey falter,28,KCRPIT,ALNL,125.1,26,24,7,7,4.45,98,4.94,1.285,3.3,5.8,1.76,-2,1162
kremede01,2025,Dean Kremer,dean kremer,29,BAL,AL,171.2,31,29,11,10,4.19,96,3.97,1.212,2.4,7.4,3.16,-2,1169
bibeeta01,2025,Tanner Bibee,tanner bibee,26,CLE,AL,182.1,31,31,12,11,4.24,98,4.34,1.229,2.7,8.0,3.00,-3,1190
liberma01,2025,Matthew Liberatore,matthew liberatore,25,STL,NL,151.2,29,29,8,12,4.21,96,4.03,1.305,2.4,7.2,3.05,-3,1202
allenlo02,2025,Logan Allen,logan allen,26,CLE,AL,156.2,30,29,8,11,4.25,98,4.37,1.398,3.6,7.0,1.97,-4,1220
burkese01,2025,Sean Burke,sean burke,25,CHW,AL,134.1,28,22,4,11,4.22,98,4.92,1.444,4.2,8.9,2.11,-4,1226
grayso01,2025,Sonny Gray,sonny gray,35,STL,NL,180.2,32,32,14,8,4.28,95,3.39,1.234,1.9,10.0,5.29,-4,1240
kirbyge01,2025,George Kirby,george kirby,27,SEA,AL,126.0,23,23,10,8,4.21,91,3.37,1.190,2.1,9.8,4.72,-4,1249
soriajo02,2025,José Soriano,jose soriano,26,LAA,AL,169.0,31,31,10,11,4.26,96,3.73,1.396,4.2,8.1,1.95,-4,1265
stridsp01,2025,Spencer Strider,spencer strider,26,ATL,NL,125.1,23,23,7,14,4.45,94,4.53,1.396,3.7,9.4,2.57,-4,1266
freelky01,2025,Kyle Freeland,kyle freeland,32,COL,NL,162.2,31,31,5,17,4.98,97,4.18,1.420,2.1,6.9,3.26,-5,1284
anderty01,2025,Tyler Anderson,tyler anderson,35,LAA,AL,136.1,26,26,2,8,4.56,90,5.60,1.408,3.8,6.9,1.82,-6,1314
ceasedy01,2025,Dylan Cease,dylan cease,29,SDP,NL,168.0,32,32,8,12,4.55,91,3.56,1.327,3.8,11.5,3.03,-6,1317
flaheja01,2025,Jack Flaherty,jack flaherty,29,DET,AL,161.0,31,31,8,15,4.64,89,3.85,1.280,3.3,10.5,3.19,-6,1320
severlu01,2025,Luis Severino,luis severino,31,ATH,AL,162.2,29,29,8,11,4.54,95,4.11,1.303,2.8,6.9,2.48,-6,1344
lorenmi01,2025,Michael Lorenzen,michael lorenzen,33,KCR,AL,141.2,27,26,7,11,4.64,89,4.59,1.327,2.5,8.1,3.26,-7,1368
warrewi01,2025,Will Warren,will warren,26,NYY,AL,162.1,33,33,9,8,4.44,93,4.07,1.374,3.6,9.5,2.63,-7,1385
searsjp01,2025,JP Sears,jp sears,29,ATHSDP,ALNL,135.2,27,27,9,11,5.04,85,5.21,1.319,2.4,7.8,3.25,-9,1432
bazsh01,2025,Shane Baz,shane baz,26,TBR,AL,166.1,31,31,10,12,4.87,85,4.37,1.335,3.5,9.5,2.75,-10,1435
galleza01,2025,Zac Gallen,zac gallen,29,ARI,NL,192.0,33,33,13,15,4.83,89,4.50,1.260,3.1,8.2,2.65,-10,1441
suganto01,2025,Tomoyuki Sugano,tomoyuki sugano,35,BAL,AL,157.0,30,30,10,10,4.64,87,5.36,1.331,2.1,6.1,2.94,-10,1460
buehlwa01,2025,Walker Buehler,walker buehler,30,BOSPHI,ALNL,126.0,26,24,10,7,4.93,84,5.66,1.516,4.4,6.6,1.51,-11,1465
corbipa01,2025,Patrick Corbin,patrick corbin,35,TEX,AL,155.1,31,30,7,11,4.40,87,4.25,1.365,3.0,7.6,2.57,-11,1468
hendrky01,2025,Kyle Hendricks,kyle hendricks,35,LAA,AL,164.2,31,31,8,10,4.76,86,4.60,1.275,2.4,6.2,2.65,-11,1475
mikolmi01,2025,Miles Mikolas,miles mikolas,36,STL,NL,156.1,31,31,8,11,4.84,84,5.03,1.318,2.1,5.8,2.70,-11,1481
oberba01,2025,Bailey Ober,bailey ober,29,MIN,AL,146.1,27,27,6,9,5.10,82,4.90,1.298,1.9,7.4,3.87,-11,1484
maydu01,2025,Dustin May,dustin may,27,BOSLAD,ALNL,132.1,25,23,7,11,4.96,83,4.88,1.421,3.8,8.4,2.20,-12,1503
rodried05,2025,Eduardo Rodríguez,eduardo rodriguez,32,ARI,NL,154.1,29,29,9,9,5.02,85,4.57,1.542,3.5,8.3,2.38,-13,1537
bradlta01,2025,Taj Bradley,taj bradley,24,MINTBR,AL,142.2,27,27,6,8,5.05,83,4.35,1.311,3.5,8.0,2.27,-14,1547
pfaadbr01,2025,Brandon Pfaadt,brandon pfaadt,26,ARI,NL,176.2,33,33,13,9,5.25,81,4.22,1.330,1.9,7.5,3.97,-17,1619
alcansa01,2025,Sandy Alcantara,sandy alcantara,29,MIA,NL,174.2,31,31,11,12,5.36,80,4.28,1.271,2.9,7.3,2.49,-18,1624
paddach01,2025,Chris Paddack,chris paddack,29,DETMIN,AL,158.0,33,28,5,12,5.35,78,5.03,1.285,2.1,6.4,3.03,-18,1636
elderbr01,2025,Bryce Elder,bryce elder,26,ATL,NL,156.1,28,28,8,11,5.30,79,4.55,1.394,2.9,7.5,2.57,-20,1659
feddeer01,2025,Erick Fedde,erick fedde,32,ATLMILSTL,NL,141.0,32,24,4,13,5.49,75,5.20,1.518,4.3,5.3,1.24,-21,1677
senzaan01,2025,Antonio Senzatela,antonio senzatela,30,COL,NL,130.0,30,23,4,15,6.65,73,5.48,1.838,3.3,5.1,1.55,-23,1706
mortoch02,2025,Charlie Morton,charlie morton,41,ATLBALDET,ALNL,142.0,33,27,9,11,5.83,70,4.96,1.577,4.6,9.4,2.07,-24,1717
marquge01,2025,Germán Márquez,german marquez,30,COL,NL,126.1,26,26,3,16,6.70,72,5.47,1.710,3.4,5.9,1.73,-25,1727
pallaan01,2025,Andre Pallante,andre pallante,26,STL,NL,162.2,31,31,6,15,5.31,77,4.68,1.445,3.4,6.1,1.79,-25,1731
irvinja01,2025,Jake Irvin,jake irvin,28,WSN,NL,180.0,33,33,9,13,5.70,73,5.64,1.428,3.1,6.2,2.00,-30,1754
parkemi01,2025,Mitchell Parker,mitchell parker,25,WSN,NL,164.2,33,30,9,16,5.68,74,4.99,1.433,3.2,5.6,1.78,-30,1755
misioja01,2026,Jacob Misiorowski,jacob misiorowski,24,MIL,NL,127.0,21,21,11,5,1.63,256,2.05,0.732,2.1,13.8,6.72,34,75
schlica01,2026,Cam Schlittler,cam schlittler,25,NYY,AL,139.2,24,24,10,6,2.26,185,2.65,0.952,2.0,11.0,5.52,28,146
sanchcr01,2026,Cristopher Sánchez,cristopher sanchez,29,PHI,NL,144.2,23,23,14,4,2.61,171,2.62,1.203,2.1,10.5,5.09,27,160
martini01,2026,Nick Martinez,nick martinez,35,TBR,AL,129.0,22,22,11,3,2.65,159,4.01,1.101,1.4,5.1,3.65,24,202
rodried05,2026,Eduardo Rodríguez,eduardo rodriguez,33,ARI,NL,136.1,23,23,10,4,2.71,158,3.97,1.240,3.0,6.1,2.04,23,222
messipa01,2026,Parker Messick,parker messick,25,CLE,AL,129.2,22,22,8,6,2.57,161,3.10,1.057,2.6,8.9,3.46,22,244
yamamyo01,2026,Yoshinobu Yamamoto,yoshinobu yamamoto,27,LAD,NL,133.2,20,20,11,7,2.76,148,3.46,0.883,2.0,8.1,4.17,22,254
burkese01,2026,Sean Burke,sean burke,26,CHW,AL,128.2,23,19,7,6,3.08,138,3.37,1.119,2.7,10.1,3.69,17,360
grifffo01,2026,Foster Griffin,foster griffin,30,WSN,NL,129.1,22,22,12,3,3.06,139,4.09,1.075,2.1,8.1,3.87,17,370
luzarje01,2026,Jesús Luzardo,jesus luzardo,28,PHI,NL,136.2,23,23,10,5,3.36,133,2.98,1.163,2.8,10.8,3.81,15,433
kingmi01,2026,Michael King,michael king,31,SDP,NL,130.1,23,23,6,8,3.45,119,4.19,1.197,3.7,7.9,2.11,11,591
gilbelo01,2026,Logan Gilbert,logan gilbert,29,SEA,AL,132.2,22,22,8,6,3.46,113,3.41,0.987,1.9,9.4,4.96,10,631
williga01,2026,Gavin Williams,gavin williams,26,CLE,AL,139.0,23,23,11,6,3.56,116,3.40,1.043,2.5,11.5,4.56,10,661
bradlta01,2026,Taj Bradley,taj bradley,25,MIN,AL,126.2,22,22,9,4,3.69,114,3.91,1.239,3.8,10.0,2.66,9,664
imanash01,2026,Shota Imanaga,shota imanaga,32,CHC,NL,132.2,23,23,8,9,3.60,114,4.38,1.093,2.0,8.5,4.31,9,685
mcleano01,2026,Nolan McLean,nolan mclean,24,NYM,NL,125.2,22,22,7,7,3.29,126,3.47,1.122,3.2,10.6,3.29,9,693
wachami01,2026,Michael Wacha,michael wacha,34,KCR,AL,138.1,22,22,5,8,3.51,116,3.92,1.157,2.5,7.2,2.92,9,708
alcansa01,2026,Sandy Alcantara,sandy alcantara,30,MIA,NL,156.2,24,24,12,6,3.68,110,3.89,1.200,2.4,6.9,2.93,7,746
elderbr01,2026,Bryce Elder,bryce elder,27,ATL,NL,126.2,22,22,8,6,3.69,113,4.44,1.200,3.0,7.4,2.48,6,796
ashcrbr01,2026,Braxton Ashcraft,braxton ashcraft,26,PIT,NL,127.1,22,22,11,4,3.96,109,3.52,1.162,2.2,9.9,4.52,5,831
bibeeta01,2026,Tanner Bibee,tanner bibee,27,CLE,AL,138.0,24,24,4,11,3.85,107,4.58,1.130,2.5,7.2,2.89,5,834
ryanjo04,2026,Joe Ryan,joe ryan,30,MIN,AL,125.2,23,23,6,8,3.65,115,3.42,1.138,1.9,9.9,5.11,4,913
skenepa01,2026,Paul Skenes,paul skenes,24,PIT,NL,129.2,24,24,9,10,3.96,109,2.92,1.118,2.5,11.2,4.50,4,917
webblo01,2026,Logan Webb,logan webb,29,SFG,NL,125.0,20,20,7,7,3.74,106,3.30,1.112,2.2,7.3,3.26,4,923
kirbyge01,2026,George Kirby,george kirby,28,SEA,AL,127.0,21,21,8,9,3.76,104,3.58,1.276,1.8,7.8,4.23,3,946
bazsh01,2026,Shane Baz,shane baz,27,BAL,AL,128.1,22,22,4,10,3.86,108,3.40,1.371,3.2,7.8,2.47,2,977
detmere01,2026,Reid Detmers,reid detmers,26,LAA,AL,129.0,23,23,3,8,4.12,99,3.48,1.101,2.7,10.5,3.85,1,1033
gausmke01,2026,Kevin Gausman,kevin gausman,35,TOR,AL,127.1,23,23,5,10,4.38,103,3.50,1.288,2.5,9.0,3.53,1,1039
eovalna01,2026,Nathan Eovaldi,nathan eovaldi,36,TEX,AL,127.1,21,21,10,9,4.31,90,4.29,1.209,2.1,9.5,4.50,-5,1283
woobr01,2026,Bryan Woo,bryan woo,26,SEA,AL,127.1,22,22,8,8,4.31,91,3.20,1.115,1.9,9.0,4.70,-5,1313
lugose01,2026,Seth Lugo,seth lugo,36,KCR,AL,128.2,23,23,4,7,4.41,93,4.26,1.391,3.1,6.9,2.20,-6,1330
gorema01,2026,MacKenzie Gore,mackenzie gore,27,TEX,AL,128.2,24,24,6,9,4.55,85,3.77,1.244,3.3,9.8,2.98,-7,1356
