Rk,Season,Team,Lg,BtRuns,GP,W,L,WL%,Bat#,PA,AB,R,H,1B,2B,3B,HR,RBI,SB,CS,BB,SO,BA,OBP,SLG,OPS,OPS+,TB,GIDP,HBP,SH,SF,IBB,LOB,R/Gm,XBH,TOB,TOBwe,Outs,RC,BAbip,RP,BtRuns,BtWins,ISO,AB/SO,SB%,SBatt,Hitting AIR
1,2017,HOU,AL,200,162,101,61,.623,40,6271,5611,896,1581,977,346,20,238,854,98,42,509,1087,.282,.346,.478,.823,123,2681,139,70,11,61,27,1094,5.5,604,2160,2222,4283,937,.309,1512,200,18.9,.196,5.2,70.0,140,99
2,2023,ATL,NL,196,162,104,58,.642,23,6249,5597,947,1543,920,293,23,307,916,132,27,538,1289,.276,.344,.501,.845,126,2803,128,67,2,43,20,1062,5.8,623,2148,2176,4254,990,.306,1556,196,18.6,.225,4.3,83.0,159,101
3,2019,HOU,AL,163,162,107,55,.660,36,6394,5613,920,1538,899,323,28,288,891,67,27,645,1166,.274,.352,.495,.848,119,2781,146,66,10,57,17,1168,5.7,639,2249,2294,4315,1004,.296,1523,163,15.1,.221,4.8,71.3,94,109
4,2024,LAD,NL,153,162,98,64,.605,22,6255,5522,842,1423,873,291,26,233,815,136,23,602,1336,.258,.335,.446,.781,120,2465,99,64,10,51,33,1143,5.2,550,2089,2120,4282,880,.297,1424,153,14.9,.189,4.1,85.5,159,93
5,2019,MIN,AL,147,162,101,61,.623,39,6392,5732,939,1547,899,318,23,307,906,28,21,525,1334,.270,.338,.494,.832,118,2832,101,81,10,41,21,1115,5.8,648,2153,2203,4358,967,.300,1538,147,13.6,.224,4.3,57.1,49,106
6,2019,NYY,AL,146,162,103,59,.636,39,6245,5583,943,1493,880,290,17,306,904,55,22,569,1437,.267,.339,.490,.829,118,2735,113,49,10,33,18,1039,5.8,613,2111,2154,4268,944,.306,1541,146,13.6,.222,3.9,71.4,77,105
7,2013,BOS,AL,136,162,97,65,.599,38,6382,5651,853,1566,996,363,29,178,819,123,19,581,1308,.277,.349,.446,.795,116,2521,137,72,24,50,51,1212,5.3,570,2219,2265,4315,912,.329,1494,136,13.3,.169,4.3,86.6,142,100
8,2011,BOS,AL,133,162,90,72,.556,36,6414,5710,875,1600,1010,352,35,203,842,102,42,578,1108,.280,.349,.461,.810,116,2631,136,50,22,50,52,1190,5.4,590,2228,2282,4360,935,.314,1514,133,12.8,.181,5.2,70.8,144,103
9,2023,TEX,AL,132,162,90,72,.556,26,6306,5595,881,1470,893,326,18,233,845,79,19,599,1416,.263,.337,.452,.790,116,2531,103,53,10,47,17,1164,5.4,577,2122,2164,4304,887,.310,1493,132,12.8,.190,4.0,80.6,98,98
10,2022,TOR,AL,127,162,92,70,.568,20,6158,5555,775,1464,945,307,12,200,756,67,35,500,1242,.264,.329,.431,.760,117,2395,136,55,8,33,13,1111,4.8,519,2019,2056,4303,781,.305,1331,127,12.9,.168,4.5,65.7,102,89
11,2025,NYY,AL,125,162,94,68,.580,22,6235,5471,849,1371,822,255,20,274,820,134,38,639,1463,.251,.332,.455,.787,116,2488,104,55,7,54,47,1127,5.2,549,2065,2101,4303,871,.290,1395,125,12.1,.204,3.7,77.9,172,97
12,2009,NYY,AL,124,162,103,59,.636,37,6449,5660,915,1604,1014,325,21,244,881,111,28,663,1014,.283,.362,.478,.839,114,2703,144,54,31,39,35,1238,5.6,590,2321,2380,4298,1003,.306,1552,124,11.4,.194,5.6,79.9,139,112
13,2023,LAD,NL,122,162,100,62,.617,30,6333,5524,906,1422,850,303,20,249,877,105,25,644,1359,.257,.340,.455,.795,114,2512,98,85,5,69,29,1163,5.6,572,2151,2192,4299,913,.294,1534,122,11.5,.197,4.1,80.8,130,101
14,2024,NYY,AL,121,162,94,68,.580,23,6245,5450,815,1352,857,243,15,237,782,88,26,672,1326,.248,.333,.429,.761,115,2336,138,49,14,57,26,1141,5.0,495,2073,2121,4333,829,.283,1360,121,11.8,.181,4.1,77.2,114,92
15,2022,LAD,NL,121,162,111,51,.685,29,6247,5526,847,1418,850,325,31,212,812,98,18,607,1374,.257,.333,.442,.775,115,2441,85,56,3,53,22,1159,5.2,568,2081,2118,4267,864,.302,1447,121,12.0,.185,4.0,84.5,116,95
16,2015,TOR,AL,119,162,93,69,.574,40,6232,5509,891,1480,923,308,17,232,852,88,23,570,1151,.269,.340,.457,.797,115,2518,140,54,36,62,12,1057,5.5,557,2104,2148,4290,878,.298,1511,119,11.6,.188,4.8,79.3,111,101
17,2024,ARI,NL,112,162,89,73,.549,30,6284,5522,886,1452,933,271,37,211,845,119,30,569,1265,.263,.337,.440,.777,114,2430,112,84,34,66,17,1111,5.5,519,2105,2134,4312,856,.302,1520,112,10.9,.177,4.4,79.9,149,97
18,2012,LAA,AL,111,162,89,73,.549,35,6121,5536,767,1518,1036,273,22,187,732,134,33,449,1113,.274,.332,.433,.764,114,2396,138,47,47,41,29,1079,4.7,482,2014,2072,4277,809,.311,1312,111,10.7,.159,5.0,80.2,167,94
19,2025,LAD,NL,110,162,93,69,.574,27,6187,5481,825,1384,862,257,21,244,791,88,25,580,1353,.253,.327,.441,.768,115,2415,108,56,13,54,33,1093,5.1,522,2020,2049,4297,828,.289,1372,110,10.7,.188,4.1,77.9,113,94
20,2024,BAL,AL,109,162,91,71,.562,34,6176,5567,786,1391,861,262,33,235,759,98,25,489,1359,.250,.315,.435,.751,115,2424,71,64,6,45,14,1108,4.9,530,1944,1971,4323,801,.288,1310,109,10.9,.186,4.1,79.7,123,88
21,2021,HOU,AL,109,162,95,67,.586,42,6291,5593,863,1496,962,299,14,221,834,53,16,569,1222,.267,.339,.444,.783,113,2486,136,64,9,54,25,1159,5.3,534,2129,2169,4312,864,.303,1476,109,10.5,.177,4.6,76.8,69,99
22,2023,TBR,AL,104,162,99,63,.611,21,6164,5511,860,1432,896,282,24,230,827,160,41,514,1420,.260,.331,.445,.776,114,2452,109,95,6,38,7,1047,5.3,536,2041,2083,4273,840,.308,1457,104,10.0,.185,3.9,79.6,201,97
23,2022,NYM,NL,103,162,101,61,.623,38,6176,5489,772,1422,952,272,27,171,735,62,22,510,1217,.259,.332,.412,.744,113,2261,122,112,20,44,25,1158,4.8,470,2044,2079,4275,777,.302,1336,103,10.2,.153,4.5,73.8,84,90
24,2016,BOS,AL,101,162,93,69,.574,43,6320,5670,878,1598,1022,343,25,208,836,83,24,558,1160,.282,.348,.461,.810,112,2615,137,43,8,40,34,1162,5.4,576,2199,2254,4281,929,.320,1506,101,9.5,.179,4.9,77.6,107,107
25,2025,SEA,AL,100,162,90,72,.556,28,6200,5502,766,1345,864,234,9,238,734,161,37,544,1446,.244,.320,.420,.740,112,2311,102,89,24,38,29,1120,4.7,481,1978,2005,4358,777,.287,1262,100,9.8,.176,3.8,81.3,198,89
26,2025,CHC,NL,97,162,92,70,.568,22,6162,5495,793,1371,852,267,29,223,771,161,35,554,1277,.249,.320,.430,.751,113,2365,72,46,10,55,16,1108,4.9,519,1971,2009,4296,804,.283,1341,97,9.5,.181,4.3,82.1,196,91
27,2018,BOS,AL,96,162,108,54,.667,40,6302,5623,876,1509,915,355,31,208,829,125,31,569,1253,.268,.339,.453,.792,112,2550,130,55,7,48,38,1124,5.4,594,2133,2201,4330,905,.309,1497,96,9.0,.185,4.5,80.1,156,103
28,2019,LAD,NL,95,162,106,56,.654,46,6282,5493,886,1414,813,302,20,279,861,57,10,607,1356,.257,.338,.472,.810,111,2593,100,81,55,45,47,1124,5.5,601,2102,2149,4289,930,.291,1468,95,8.7,.215,4.1,85.1,67,107
29,2014,DET,AL,95,162,90,72,.556,37,6202,5630,757,1557,1051,325,26,155,731,106,41,443,1144,.277,.331,.426,.757,113,2399,137,44,24,61,51,1111,4.7,506,2044,2104,4336,797,.319,1333,95,9.4,.150,4.9,72.1,147,93
30,2025,NYM,NL,93,162,83,79,.512,22,6178,5457,766,1359,854,262,19,224,746,147,18,563,1325,.249,.326,.427,.753,112,2331,119,87,15,53,28,1142,4.7,505,2009,2039,4303,803,.287,1288,93,9.0,.178,4.1,89.1,165,93
31,2022,STL,NL,93,162,93,69,.574,24,6165,5496,772,1386,878,290,21,197,739,95,25,537,1226,.252,.325,.420,.745,112,2309,112,80,5,45,11,1132,4.8,508,2003,2040,4297,787,.289,1314,93,9.1,.168,4.5,79.2,120,91
32,2021,TOR,AL,93,162,91,71,.562,46,6070,5476,846,1455,895,285,13,262,816,81,20,496,1218,.266,.330,.466,.797,113,2552,112,51,10,35,14,1056,5.2,560,2002,2039,4198,866,.296,1400,93,8.9,.200,4.5,80.2,101,102
33,2018,NYY,AL,93,162,100,62,.617,43,6271,5515,851,1374,815,269,23,267,821,63,21,625,1421,.249,.329,.451,.781,112,2490,107,62,10,59,21,1100,5.3,559,2061,2113,4338,855,.285,1405,93,8.9,.202,3.9,75.0,84,99
34,2011,STL,NL,93,162,90,72,.556,46,6242,5532,762,1513,1021,308,22,162,726,57,39,542,978,.273,.341,.425,.766,112,2351,169,44,84,40,64,1127,4.7,492,2099,2150,4351,808,.305,1326,93,9.1,.151,5.7,59.4,96,97
35,2013,DET,AL,92,162,93,69,.574,37,6388,5735,796,1625,1134,292,23,176,767,35,20,531,1073,.283,.346,.434,.780,111,2491,146,43,32,47,40,1250,4.9,491,2199,2254,4355,874,.320,1387,92,8.8,.151,5.3,63.6,55,100
36,2012,NYY,AL,91,162,95,67,.586,39,6231,5524,804,1462,924,280,13,245,774,93,27,565,1176,.265,.337,.453,.790,112,2503,136,62,31,49,31,1135,5.0,538,2089,2145,4305,855,.293,1333,91,8.9,.188,4.7,77.5,120,102
37,2022,NYY,AL,88,162,99,63,.611,24,6172,5422,807,1308,821,225,8,254,764,102,33,620,1391,.241,.325,.426,.751,112,2311,121,70,14,41,36,1093,5.0,487,1998,2043,4323,789,.276,1317,88,8.6,.185,3.9,75.6,135,92
38,2021,TBR,AL,86,162,100,62,.617,43,6213,5507,857,1336,790,288,36,222,810,88,42,585,1542,.243,.321,.429,.750,110,2362,75,72,6,41,27,1085,5.3,546,1993,2050,4335,792,.294,1445,86,8.3,.186,3.6,67.7,130,93
39,2018,OAK,AL,85,162,97,65,.599,39,6255,5579,813,1407,838,322,20,227,778,35,21,550,1381,.252,.325,.439,.764,110,2450,136,76,6,44,18,1085,5.0,569,2033,2081,4379,806,.294,1364,85,8.2,.187,4.0,62.5,56,97
40,2013,LAA,AL,85,162,78,84,.481,40,6260,5588,733,1476,1003,270,39,164,696,82,34,523,1221,.264,.329,.414,.743,110,2316,150,48,37,64,40,1144,4.5,473,2047,2107,4397,769,.307,1265,85,8.2,.150,4.6,70.7,116,92
41,2022,HOU,AL,84,162,106,56,.654,23,6054,5409,737,1341,830,284,13,214,715,83,22,528,1179,.248,.319,.424,.743,111,2293,118,60,9,42,18,1068,4.5,511,1929,1953,4259,766,.278,1238,84,8.2,.176,4.6,79.0,105,90
42,2014,LAD,NL,83,162,94,68,.580,48,6231,5560,718,1476,1002,302,38,134,686,138,50,519,1246,.265,.333,.406,.738,110,2256,119,61,47,43,30,1159,4.4,474,2056,2110,4343,788,.318,1270,83,8.3,.140,4.5,73.4,188,91
43,2023,HOU,AL,82,162,90,72,.556,26,6253,5567,827,1441,917,280,22,222,799,107,32,550,1241,.259,.331,.437,.768,111,2431,124,72,14,40,17,1134,5.1,524,2063,2112,4336,835,.294,1404,82,7.9,.178,4.5,77.0,139,98
44,2014,LAA,AL,81,162,98,64,.605,41,6285,5652,773,1464,974,304,31,155,729,81,39,492,1266,.259,.322,.406,.728,110,2295,112,60,26,54,42,1113,4.8,490,2016,2090,4419,760,.305,1347,81,8.1,.147,4.5,67.5,120,88
45,2019,OAK,AL,79,162,97,65,.599,39,6269,5561,845,1384,812,292,23,257,800,49,21,578,1338,.249,.327,.448,.776,108,2493,140,87,7,36,17,1081,5.2,572,2049,2103,4381,830,.282,1388,79,7.3,.199,4.2,70.0,70,101
46,2018,LAD,NL,78,163,92,71,.564,52,6358,5572,804,1394,830,296,33,235,756,75,24,647,1436,.250,.333,.442,.774,109,2461,119,61,39,39,47,1163,4.9,564,2102,2158,4399,861,.294,1325,78,7.4,.191,3.9,75.8,99,100
47,2011,NYY,AL,77,162,97,65,.599,35,6306,5518,867,1452,930,267,33,222,836,147,46,627,1138,.263,.343,.444,.788,110,2451,146,74,36,51,34,1114,5.4,522,2153,2208,4345,863,.292,1481,77,7.5,.181,4.8,76.2,193,104
48,2010,MIN,AL,77,162,94,68,.580,36,6257,5568,781,1521,1020,318,41,142,749,68,28,559,967,.273,.341,.422,.762,109,2347,159,39,38,53,45,1156,4.8,501,2119,2170,4325,814,.306,1388,77,7.2,.148,5.8,70.8,96,98
49,2026,LAD,NL,75,115,69,46,.600,24,4408,3880,584,1017,668,189,11,149,549,44,15,433,903,.262,.339,.432,.771,113,1675,96,41,12,39,24,807,5.1,349,1491,1513,3025,585,.303,984,75,7.2,.170,4.3,74.6,59,96
50,2011,DET,AL,75,162,95,67,.586,34,6231,5563,787,1540,1040,297,34,169,750,49,20,521,1143,.277,.340,.434,.773,109,2412,142,39,50,58,47,1165,4.9,500,2100,2156,4293,836,.318,1368,75,7.1,.157,4.9,71.0,69,100
51,2023,SEA,AL,74,162,88,74,.543,30,6201,5500,758,1332,827,283,12,210,728,118,30,548,1603,.242,.321,.413,.734,108,2269,95,111,4,37,14,1144,4.7,505,1991,2025,4334,764,.301,1276,74,7.1,.170,3.4,79.7,148,92
52,2011,TEX,AL,72,162,96,66,.593,33,6261,5659,855,1599,1047,310,32,210,807,143,45,475,930,.283,.340,.460,.800,110,2603,135,39,39,49,35,1126,5.3,552,2113,2192,4328,894,.304,1452,72,6.9,.177,6.1,76.1,188,106
53,2025,ARI,NL,69,162,80,82,.494,36,6210,5480,791,1377,848,277,38,214,768,121,39,545,1316,.251,.325,.433,.757,109,2372,109,81,37,64,21,1112,4.9,529,2003,2033,4352,805,.290,1345,69,6.6,.182,4.2,75.6,160,96
54,2010,BOS,AL,69,162,89,73,.549,43,6356,5646,818,1511,920,358,22,211,782,68,17,587,1140,.268,.339,.451,.790,109,2546,130,47,29,46,43,1200,5.0,591,2145,2198,4357,888,.299,1389,69,6.4,.183,5.0,80.0,85,105
55,2010,NYY,AL,69,162,95,67,.586,37,6379,5567,859,1485,977,275,32,201,823,103,30,662,1136,.267,.350,.436,.786,108,2427,124,73,33,44,36,1228,5.3,508,2220,2271,4313,883,.300,1481,69,6.6,.169,4.9,77.4,133,105
56,2024,HOU,AL,68,161,88,73,.547,27,6107,5530,740,1448,978,264,16,190,701,93,24,448,1176,.262,.322,.418,.741,110,2314,132,67,12,46,28,1113,4.6,470,1963,2001,4296,770,.299,1251,68,6.6,.157,4.7,79.5,117,92
57,2009,LAA,AL,68,162,97,65,.599,32,6305,5622,883,1604,1105,293,33,173,841,148,63,547,1054,.285,.350,.441,.792,108,2482,128,41,43,52,32,1134,5.5,499,2192,2256,4304,880,.322,1551,68,6.3,.156,5.3,70.1,211,107
58,2017,MIA,NL,66,162,77,85,.475,43,6248,5602,778,1497,1001,271,31,194,743,91,30,486,1282,.267,.331,.431,.761,107,2412,119,67,50,41,48,1130,4.8,496,2050,2092,4345,836,.313,1327,66,6.0,.163,4.4,75.2,121,100
59,2013,CLE,AL,66,162,92,70,.568,39,6165,5465,745,1391,907,290,23,171,711,117,36,562,1283,.255,.327,.410,.737,107,2240,106,51,31,56,19,1126,4.6,484,2004,2052,4303,764,.300,1285,66,6.4,.155,4.3,76.5,153,93
60,2026,CHC,NL,65,115,66,49,.574,27,4538,3947,592,983,626,194,20,143,556,83,17,494,987,.249,.339,.417,.756,110,1646,76,61,5,30,15,899,5.1,357,1538,1576,3092,594,.295,1005,65,6.3,.168,4.0,83.0,100,95
61,2012,SFG,NL,65,162,94,68,.580,45,6200,5558,718,1495,1048,287,57,103,675,118,39,483,1097,.269,.327,.397,.724,106,2205,114,29,69,61,44,1171,4.4,447,2007,2069,4346,764,.315,1290,65,6.1,.128,5.1,75.2,157,91
62,2020,NYM,NL,63,60,26,34,.433,24,2279,2023,286,551,352,106,7,86,278,20,10,197,498,.272,.348,.459,.807,121,929,53,45,1,13,8,450,4.8,199,793,806,1549,329,.320,478,63,5.9,.187,4.1,66.7,30,98
63,2021,WSN,NL,62,162,65,97,.401,60,6113,5385,724,1388,914,272,20,182,686,56,26,573,1303,.258,.337,.417,.754,107,2246,158,84,38,31,43,1185,4.5,474,2045,2097,4250,779,.307,1228,62,5.7,.159,4.1,68.3,82,98
64,2024,NYM,NL,61,162,89,73,.549,27,6166,5510,768,1357,856,279,15,207,735,106,22,514,1382,.246,.319,.415,.734,108,2287,105,92,10,36,11,1110,4.7,501,1963,2002,4326,759,.291,1296,61,6.0,.169,4.0,82.8,128,92
65,2022,ATL,NL,61,162,101,61,.623,25,6082,5509,789,1394,842,298,11,243,753,87,31,470,1498,.253,.317,.443,.761,109,2443,103,66,1,36,13,1030,4.9,552,1930,1959,4286,794,.303,1299,61,6.0,.190,3.7,73.7,118,96
66,2012,STL,NL,60,162,88,74,.543,45,6326,5622,765,1526,1040,290,37,159,732,91,37,533,1192,.271,.338,.421,.759,107,2367,135,53,69,49,45,1198,4.7,486,2112,2174,4386,826,.316,1338,60,5.7,.150,4.7,71.1,128,99
67,2026,WSN,NL,59,116,56,60,.483,25,4493,3981,620,996,603,202,24,167,591,127,28,413,960,.250,.327,.439,.766,111,1747,71,55,14,27,12,776,5.3,393,1464,1493,3125,602,.288,1044,59,5.6,.189,4.1,81.9,155,96
68,2025,BOS,AL,59,162,89,73,.549,26,6206,5562,786,1414,880,324,24,186,748,139,38,518,1419,.254,.324,.421,.745,107,2344,99,72,13,41,24,1125,4.9,534,2004,2049,4339,786,.307,1348,59,5.8,.167,3.9,78.5,177,95
69,2023,BAL,AL,59,162,101,61,.623,31,6123,5495,807,1399,879,309,28,183,780,114,24,512,1370,.255,.321,.421,.742,107,2313,114,45,21,47,14,1041,5.0,520,1956,1981,4302,766,.305,1404,59,5.7,.166,4.0,82.6,138,94
70,2013,OAK,AL,57,162,96,66,.593,41,6209,5521,767,1403,891,301,25,186,725,74,28,573,1178,.254,.327,.419,.745,107,2312,108,45,21,49,29,1126,4.7,512,2021,2063,4324,781,.289,1306,57,5.5,.165,4.7,72.5,102,96
71,2021,SFG,NL,56,162,107,55,.660,54,6196,5462,804,1360,823,271,25,241,768,66,14,602,1461,.249,.329,.440,.769,107,2404,117,64,36,30,45,1138,5.0,537,2026,2075,4299,828,.295,1331,56,5.3,.191,3.7,82.5,80,101
72,2020,SDP,NL,56,60,37,23,.617,28,2231,1972,325,506,296,103,12,95,312,55,13,204,479,.257,.333,.466,.798,120,918,37,28,12,14,6,368,5.4,210,738,749,1542,321,.291,542,56,5.2,.209,4.1,80.9,68,96
73,2009,BOS,AL,56,162,95,67,.586,43,6344,5543,872,1495,923,335,25,212,822,126,39,659,1120,.270,.352,.454,.806,106,2516,137,70,19,51,39,1210,5.4,572,2224,2297,4294,918,.301,1482,56,5.0,.184,4.9,76.4,165,112
74,2024,BOS,AL,55,162,81,81,.500,33,6192,5577,751,1404,869,311,30,194,724,144,44,493,1570,.252,.319,.423,.741,108,2357,110,73,7,40,30,1116,4.6,535,1970,2016,4374,773,.314,1281,55,5.4,.171,3.6,76.6,188,93
75,2023,PHI,NL,55,162,90,72,.556,20,6207,5541,796,1417,877,291,29,220,771,141,26,539,1481,.256,.327,.438,.765,107,2426,110,69,13,42,22,1123,4.9,540,2025,2062,4315,823,.308,1347,55,5.2,.182,3.7,84.4,167,100
76,2020,LAD,NL,55,60,43,17,.717,19,2316,2042,349,523,302,97,6,118,327,29,8,228,471,.256,.338,.483,.821,119,986,46,30,3,12,7,401,5.8,221,781,802,1588,339,.276,558,55,5.2,.227,4.3,78.4,37,101
77,2016,SEA,AL,55,162,86,76,.531,40,6227,5583,768,1446,955,251,17,223,735,56,28,506,1288,.259,.326,.430,.756,106,2400,138,72,24,41,29,1099,4.7,491,2024,2070,4368,793,.297,1280,55,5.1,.171,4.3,66.7,84,99
78,2015,HOU,AL,55,162,86,76,.531,39,6073,5459,729,1363,829,278,26,230,691,121,48,486,1392,.250,.315,.437,.752,107,2383,102,56,28,43,22,1036,4.5,534,1905,1958,4317,758,.292,1190,55,5.3,.187,3.9,71.6,169,96
79,2014,TOR,AL,55,162,83,79,.512,47,6167,5549,723,1435,952,282,24,177,690,78,21,502,1151,.259,.323,.414,.736,108,2296,128,41,35,40,27,1122,4.5,483,1978,2039,4338,766,.295,1236,55,5.3,.155,4.8,78.8,99,92
80,2009,TBR,AL,55,162,84,78,.519,38,6223,5462,803,1434,902,297,36,199,765,194,61,642,1229,.263,.343,.439,.782,106,2400,104,49,25,45,36,1151,5.0,532,2125,2173,4263,867,.303,1369,55,5.0,.177,4.4,76.1,255,106
81,2022,PHI,NL,53,162,87,75,.537,31,6077,5496,747,1392,903,255,29,205,719,105,28,478,1363,.253,.317,.422,.739,108,2320,116,52,6,44,15,1075,4.6,489,1922,1966,4298,749,.299,1261,53,5.2,.169,4.0,78.9,133,92
82,2018,HOU,AL,53,162,103,59,.636,36,6146,5453,797,1390,889,278,18,205,763,71,26,565,1197,.255,.329,.425,.754,106,2319,156,61,14,45,19,1052,4.9,501,2016,2067,4304,772,.289,1355,53,5.0,.170,4.6,73.2,97,98
83,2013,TBR,AL,53,163,92,71,.564,38,6242,5538,700,1421,937,296,23,165,670,73,38,589,1171,.257,.329,.408,.737,106,2258,140,36,24,55,31,1172,4.3,484,2046,2081,4374,754,.295,1205,53,5.2,.151,4.7,65.8,111,95
84,2010,TBR,AL,53,162,96,66,.593,34,6270,5439,802,1343,851,295,37,160,769,172,47,672,1292,.247,.333,.403,.736,105,2192,92,57,39,57,30,1152,5.0,492,2072,2131,4331,785,.293,1411,53,5.1,.156,4.2,78.5,219,96
85,2025,TOR,AL,52,162,94,68,.580,27,6180,5507,798,1461,963,294,13,191,771,77,25,520,1099,.265,.333,.427,.761,107,2354,133,65,35,45,25,1121,4.9,498,2046,2072,4284,803,.298,1378,52,5.1,.162,5.0,75.5,102,100
86,2021,CHW,AL,52,162,93,69,.574,41,6084,5357,796,1373,886,275,22,190,757,57,20,586,1389,.256,.336,.422,.758,106,2262,139,78,24,39,10,1125,4.9,487,2037,2093,4206,777,.310,1363,52,4.9,.166,3.9,74.0,77,100
87,2020,NYY,AL,52,60,33,27,.550,21,2210,1915,315,473,285,87,7,94,301,27,7,251,480,.247,.342,.447,.789,118,856,51,30,1,11,5,409,5.3,188,754,773,1512,305,.280,522,52,4.9,.200,4.0,79.4,34,96
88,2022,SEA,AL,51,162,90,72,.556,37,6117,5375,690,1236,791,229,19,197,663,83,27,596,1397,.230,.315,.390,.704,106,2094,120,89,9,45,17,1129,4.3,445,1921,1959,4340,686,.272,1156,51,5.1,.160,3.8,75.5,110,86
89,2023,CHC,NL,50,162,83,79,.512,31,6220,5504,819,1399,904,269,30,196,786,140,34,570,1391,.254,.330,.421,.751,106,2316,95,77,15,52,11,1127,5.1,495,2046,2083,4301,802,.303,1409,50,4.8,.167,4.0,80.5,174,98
90,2020,ATL,NL,50,60,35,25,.583,21,2344,2074,348,556,320,130,3,103,338,23,4,239,573,.268,.349,.483,.832,117,1001,39,23,1,7,13,446,5.8,236,818,837,1569,369,.322,583,50,4.6,.215,3.6,85.2,27,107
91,2019,BOS,AL,50,162,84,78,.519,38,6475,5770,901,1554,937,345,27,245,857,68,30,590,1382,.269,.340,.466,.806,106,2688,127,49,20,44,36,1170,5.6,617,2193,2260,4437,941,.313,1513,50,4.5,.197,4.2,69.4,98,112
92,2015,LAD,NL,50,162,92,70,.568,55,6090,5385,667,1346,870,263,26,187,638,59,34,563,1258,.250,.326,.413,.739,106,2222,135,60,49,30,31,1121,4.1,476,1969,2004,4287,743,.292,1118,50,4.8,.163,4.3,63.4,93,95
93,2014,PIT,NL,50,162,88,74,.543,45,6224,5536,682,1436,975,275,30,156,659,104,47,520,1244,.259,.330,.404,.734,106,2239,127,78,54,35,46,1192,4.2,461,2034,2087,4363,777,.307,1185,50,4.8,.145,4.5,68.9,151,94
94,2026,TEX,AL,49,115,57,58,.496,23,4303,3836,477,941,620,172,18,131,461,58,15,370,978,.245,.318,.402,.720,109,1542,80,53,19,24,7,800,4.1,321,1364,1379,3033,505,.294,807,49,4.9,.157,3.9,79.5,73,87
95,2024,PHI,NL,48,162,95,67,.586,21,6166,5534,784,1423,916,285,24,198,750,148,30,515,1370,.257,.325,.425,.750,106,2350,107,62,13,40,21,1115,4.8,507,2000,2043,4301,793,.306,1336,48,4.6,.168,4.0,83.1,178,97
96,2024,SDP,NL,47,162,93,69,.574,24,6103,5526,760,1456,989,259,18,190,726,120,28,458,1077,.263,.324,.420,.745,107,2321,133,56,28,31,18,1068,4.7,467,1970,2002,4290,760,.295,1296,47,4.6,.157,5.1,81.1,148,95
97,2019,NYM,NL,47,162,86,76,.531,53,6290,5624,791,1445,906,280,17,242,767,56,27,516,1384,.257,.328,.442,.770,105,2485,129,95,28,27,34,1128,4.9,539,2056,2108,4390,840,.299,1316,47,4.2,.185,4.1,67.5,83,104
98,2018,CLE,AL,47,162,91,71,.562,41,6300,5595,818,1447,915,297,19,216,786,135,36,554,1189,.259,.332,.434,.766,106,2430,98,80,25,44,32,1147,5.0,532,2081,2136,4351,847,.291,1388,47,4.4,.176,4.7,78.9,171,102
99,2018,TBR,AL,47,162,90,72,.556,46,6195,5475,716,1415,948,274,43,150,664,128,51,540,1388,.258,.333,.406,.740,105,2225,122,101,28,50,17,1156,4.4,467,2056,2101,4311,766,.317,1230,47,4.4,.148,3.9,71.5,179,97
100,2016,DET,AL,47,161,86,75,.534,36,6127,5526,750,1476,983,252,30,211,719,58,29,493,1303,.267,.331,.438,.769,106,2421,135,53,17,38,32,1105,4.7,493,2022,2063,4269,810,.312,1258,47,4.3,.171,4.2,66.7,87,102
101,2025,MIL,NL,45,162,97,65,.599,24,6227,5510,806,1423,974,265,18,166,750,164,53,564,1266,.258,.332,.403,.736,105,2222,97,73,26,50,15,1158,5.0,449,2060,2103,4313,778,.305,1390,45,4.4,.145,4.4,75.6,217,95
102,2010,CIN,NL,44,162,91,71,.562,44,6285,5579,790,1515,1004,293,30,188,761,93,43,522,1218,.272,.338,.436,.774,106,2432,113,68,66,50,34,1174,4.9,511,2105,2170,4336,858,.314,1363,44,4.1,.164,4.6,68.4,136,104
103,2009,LAD,NL,44,162,95,67,.586,47,6385,5592,780,1511,1049,278,39,145,739,116,48,607,1068,.270,.346,.412,.758,104,2302,141,63,78,44,76,1224,4.8,462,2181,2248,4392,825,.309,1374,44,4.0,.141,5.2,70.7,164,102
104,2021,BOS,AL,43,162,92,70,.568,43,6122,5495,829,1434,862,330,23,219,783,40,21,512,1386,.261,.328,.449,.777,106,2467,100,61,10,42,22,1093,5.1,572,2007,2052,4234,835,.309,1393,43,4.1,.188,4.0,65.6,61,104
105,2025,PHI,NL,42,162,96,66,.593,20,6166,5517,778,1426,922,268,24,212,753,124,30,528,1337,.258,.328,.431,.759,106,2378,95,60,16,42,19,1133,4.8,504,2014,2045,4274,812,.303,1319,42,4.0,.173,4.1,80.5,154,99
106,2020,SFG,NL,42,60,29,31,.483,23,2259,2019,299,532,330,107,14,81,290,19,8,195,499,.263,.335,.451,.785,115,910,51,27,4,13,8,411,5.0,202,754,771,1563,317,.311,508,42,3.9,.187,4.0,70.4,27,98
107,2011,TBR,AL,42,162,91,71,.562,35,6152,5436,707,1324,842,273,37,172,674,155,62,571,1193,.244,.322,.402,.724,104,2187,101,73,37,35,31,1118,4.4,482,1968,2031,4347,740,.281,1209,42,3.9,.159,4.6,71.4,217,93
108,2023,TOR,AL,41,162,89,73,.549,24,6220,5562,746,1423,924,292,19,188,705,99,34,550,1303,.256,.329,.417,.745,105,2317,129,69,4,32,14,1170,4.6,499,2042,2085,4338,776,.301,1263,41,3.9,.161,4.3,74.4,133,98
109,2017,NYY,AL,41,162,91,71,.562,44,6354,5594,858,1463,933,266,23,241,821,90,22,616,1386,.262,.339,.447,.785,105,2498,119,64,18,56,22,1184,5.3,530,2143,2227,4346,886,.304,1438,41,3.7,.185,4.0,80.4,112,108
110,2017,OAK,AL,41,162,75,87,.463,44,6126,5464,739,1344,790,305,15,234,708,57,22,565,1491,.246,.319,.436,.755,104,2381,129,43,13,40,15,1075,4.6,554,1952,2001,4324,774,.294,1213,41,3.8,.190,3.7,72.2,79,100
111,2016,CHC,NL,41,162,103,58,.640,45,6335,5503,808,1409,887,293,30,199,767,66,34,656,1339,.256,.343,.429,.772,104,2359,107,96,42,37,45,1217,5.0,522,2161,2210,4314,857,.302,1376,41,3.7,.173,4.1,66.0,100,106
112,2015,DET,AL,41,161,74,87,.460,40,6159,5605,689,1515,1026,289,49,151,660,83,51,455,1259,.270,.328,.420,.748,105,2355,152,41,23,35,36,1111,4.3,489,2011,2057,4351,765,.322,1198,41,3.9,.150,4.5,61.9,134,98
113,2017,LAD,NL,40,162,104,58,.642,52,6191,5408,770,1347,794,312,20,221,730,77,28,649,1380,.249,.334,.437,.771,104,2362,119,64,31,38,41,1146,4.8,553,2060,2099,4277,833,.293,1279,40,3.7,.188,3.9,73.3,105,105
114,2009,MIN,AL,40,163,87,76,.534,32,6346,5608,817,1539,1056,271,40,172,770,85,32,585,1021,.274,.345,.429,.774,104,2406,147,45,51,57,46,1185,5.0,483,2169,2226,4356,851,.306,1415,40,3.5,.155,5.5,72.6,117,106
115,2023,SDP,NL,39,162,82,80,.506,29,6180,5401,752,1316,824,273,14,205,719,137,32,653,1311,.244,.329,.413,.742,104,2232,134,57,22,44,16,1144,4.6,492,2026,2066,4317,766,.283,1266,39,3.6,.170,4.1,81.1,169,98
116,2022,MIN,AL,38,162,78,84,.481,30,6113,5476,696,1356,891,269,18,178,668,38,17,518,1353,.248,.317,.401,.718,105,2195,133,62,10,46,11,1126,4.3,465,1936,1981,4326,710,.295,1186,38,3.8,.153,4.0,69.1,55,90
117,2023,MIN,AL,37,162,87,75,.537,24,6219,5489,778,1336,815,264,24,233,745,86,18,594,1654,.243,.326,.428,.753,105,2347,119,92,12,32,13,1138,4.8,521,2022,2052,4334,793,.304,1290,37,3.5,.184,3.3,82.7,104,99
118,2026,HOU,AL,36,116,59,57,.509,27,4410,3918,540,965,623,175,10,157,514,38,16,393,950,.246,.322,.416,.738,107,1631,83,56,15,26,29,802,4.7,342,1414,1448,3093,549,.285,897,36,3.4,.170,4.1,70.4,54,93
119,2020,TBR,AL,36,60,40,20,.667,19,2261,1975,289,470,273,105,12,80,274,48,9,243,608,.238,.328,.425,.753,111,839,38,28,0,14,9,424,4.8,197,741,757,1566,291,.300,483,36,3.4,.187,3.2,84.2,57,93
120,2011,NYM,NL,36,162,77,85,.475,46,6335,5600,718,1477,1021,309,39,108,676,130,35,571,1085,.264,.335,.391,.725,103,2188,112,51,65,48,56,1257,4.4,456,2099,2159,4383,782,.307,1286,36,3.4,.127,5.2,78.8,165,95
121,2017,MIN,AL,34,162,85,77,.525,34,6261,5557,815,1444,921,286,31,206,781,95,28,593,1342,.260,.334,.434,.768,104,2410,105,46,26,39,26,1147,5.0,523,2083,2133,4311,828,.306,1390,34,3.2,.174,4.1,77.2,123,104
122,2012,TEX,AL,34,162,93,69,.574,32,6216,5590,808,1526,991,303,32,200,780,91,44,478,1103,.273,.334,.446,.780,105,2493,121,57,36,53,44,1113,5.0,535,2061,2129,4318,840,.306,1388,34,3.2,.173,5.1,67.4,135,106
123,2009,CLE,AL,34,162,65,97,.401,40,6320,5568,773,1468,965,314,28,161,730,84,31,582,1211,.264,.339,.417,.756,102,2321,140,81,39,50,20,1198,4.8,503,2131,2192,4360,810,.308,1342,34,3.1,.153,4.6,73.0,115,103
124,2019,WSN,NL,33,162,93,69,.574,50,6267,5512,873,1460,904,298,27,231,824,116,29,584,1308,.265,.342,.454,.796,104,2505,117,81,48,42,33,1114,5.4,556,2125,2173,4288,907,.306,1466,33,2.8,.190,4.2,80.0,145,112
125,2017,CLE,AL,33,162,102,60,.630,36,6234,5511,818,1449,875,333,29,212,780,88,23,604,1153,.263,.339,.449,.788,104,2476,125,50,23,45,30,1158,5.0,574,2103,2156,4278,866,.295,1386,33,3.1,.186,4.8,79.3,111,109
126,2013,LAD,NL,33,162,92,70,.568,49,6145,5491,649,1447,1011,281,17,138,618,78,28,476,1146,.264,.326,.396,.722,103,2176,130,57,71,48,45,1175,4.0,436,1980,2036,4321,739,.308,1129,33,3.1,.133,4.8,73.6,106,93
127,2011,KCR,AL,33,162,71,91,.438,34,6267,5672,730,1560,1065,325,41,129,705,153,58,442,1006,.275,.329,.415,.744,104,2354,121,39,55,57,37,1156,4.5,495,2041,2110,4403,783,.311,1306,33,3.1,.140,5.6,72.5,211,98
128,2026,MIA,NL,32,115,58,57,.504,23,4313,3815,499,949,619,187,25,118,480,124,37,381,931,.249,.324,.404,.728,105,1540,68,61,18,37,9,792,4.3,330,1391,1423,3026,526,.296,861,32,3.0,.155,4.1,77.0,161,93
129,2024,SEA,AL,32,162,85,77,.525,29,6067,5330,676,1195,769,228,13,185,642,140,28,571,1625,.224,.311,.376,.687,102,2004,106,116,14,34,14,1117,4.2,426,1882,1915,4317,667,.284,1133,32,3.2,.152,3.3,83.3,168,85
130,2022,SDP,NL,32,162,89,73,.549,28,6175,5468,705,1317,871,275,18,153,682,49,22,574,1327,.241,.318,.382,.700,102,2087,95,65,17,46,24,1174,4.4,446,1956,2000,4331,701,.289,1234,32,3.1,.141,4.1,69.0,71,88
131,2017,SEA,AL,32,162,78,84,.481,41,6166,5551,750,1436,938,281,17,200,714,89,35,487,1267,.259,.325,.424,.749,103,2351,131,78,14,35,31,1084,4.6,498,2001,2048,4330,777,.300,1264,32,2.9,.165,4.4,71.8,124,100
132,2016,STL,NL,32,162,86,76,.531,41,6223,5548,779,1415,859,299,32,225,745,35,26,526,1318,.255,.325,.442,.767,104,2453,117,70,37,41,28,1113,4.8,556,2011,2074,4354,810,.294,1299,32,3.0,.187,4.2,57.4,61,103
133,2020,CHW,AL,31,60,35,25,.583,23,2267,2047,306,534,338,94,6,96,294,20,8,179,571,.261,.326,.453,.779,112,928,44,24,1,13,1,400,5.1,196,737,758,1579,307,.314,504,31,2.9,.192,3.6,71.4,28,99
134,2009,MIL,NL,30,162,80,82,.494,45,6296,5510,785,1447,947,281,37,182,757,68,37,610,1231,.263,.341,.426,.767,103,2348,128,71,58,47,44,1203,4.8,500,2128,2178,4333,845,.305,1360,30,2.6,.164,4.5,64.8,105,105
135,2016,HOU,AL,29,162,84,78,.519,38,6204,5545,724,1367,849,291,29,198,689,102,44,554,1452,.247,.319,.417,.735,103,2310,134,47,27,31,31,1086,4.5,518,1968,2035,4414,753,.298,1215,29,2.6,.170,3.8,69.9,146,97
136,2025,ATH,AL,28,162,76,86,.469,28,6151,5547,733,1403,872,296,16,219,709,80,28,502,1406,.253,.318,.431,.749,104,2388,117,44,18,35,14,1106,4.5,531,1949,1987,4342,776,.299,1223,28,2.6,.178,3.9,74.1,108,98
137,2021,OAK,AL,27,162,86,76,.531,42,6104,5395,743,1284,795,271,19,199,698,88,20,545,1349,.238,.317,.406,.723,102,2190,99,98,17,49,17,1084,4.6,489,1927,1974,4296,733,.278,1242,27,2.5,.168,4.0,81.5,108,94
138,2020,PHI,NL,27,60,28,32,.467,23,2223,1948,306,500,318,90,10,82,289,35,8,229,480,.257,.342,.439,.781,109,856,40,28,8,10,16,425,5.1,182,757,780,1514,307,.299,513,27,2.5,.183,4.1,81.4,43,102
139,2026,TBR,AL,26,114,68,46,.596,19,4289,3807,510,984,685,164,19,116,485,112,37,373,819,.258,.329,.403,.732,105,1534,86,42,33,31,17,789,4.5,299,1399,1414,3010,522,.299,879,26,2.4,.144,4.6,75.2,149,94
140,2010,MIL,NL,26,162,77,85,.475,43,6304,5606,750,1471,963,293,33,182,710,81,26,546,1216,.262,.335,.424,.759,103,2376,115,81,35,35,35,1220,4.6,508,2098,2159,4346,830,.304,1278,26,2.4,.161,4.6,75.7,107,102
141,2022,MIL,NL,24,162,86,76,.531,22,6122,5417,725,1271,784,251,17,219,703,96,30,577,1464,.235,.315,.409,.724,103,2213,117,80,11,37,25,1102,4.5,487,1928,1959,4341,718,.279,1209,24,2.4,.174,3.7,76.2,126,93
142,2019,TBR,AL,24,162,96,66,.593,48,6285,5628,769,1427,890,291,29,217,730,94,37,542,1493,.254,.325,.431,.757,102,2427,114,73,8,34,20,1130,4.7,537,2042,2090,4394,810,.306,1282,24,2.1,.178,3.8,71.8,131,103
143,2026,MIL,NL,23,114,71,43,.623,23,4415,3853,566,974,646,204,20,104,536,114,33,473,934,.253,.336,.397,.734,103,1530,70,27,27,28,19,850,5.0,328,1474,1496,3037,550,.306,998,23,2.1,.144,4.1,77.6,147,97
144,2021,MIN,AL,23,162,73,89,.451,43,6078,5431,729,1311,795,271,17,228,690,54,15,525,1405,.241,.314,.423,.738,103,2300,122,70,7,42,17,1092,4.5,516,1906,1941,4306,746,.282,1191,23,2.1,.182,3.9,78.3,69,97
145,2020,LAA,AL,23,60,26,34,.433,23,2308,2020,294,501,311,97,8,85,285,21,8,239,490,.248,.332,.430,.763,107,869,49,25,6,18,8,436,4.9,190,765,780,1600,302,.284,494,23,2.1,.182,4.1,72.4,29,99
146,2020,TOR,AL,23,60,32,28,.533,21,2263,2023,302,516,320,104,4,88,288,33,6,203,508,.255,.325,.441,.766,108,892,39,12,8,14,4,404,5.0,196,731,756,1574,301,.297,502,23,2.2,.186,4.0,84.6,39,99
147,2026,PIT,NL,22,116,57,59,.491,24,4536,4021,586,1030,697,179,12,142,561,101,19,419,1101,.256,.333,.413,.746,104,1659,88,60,6,27,8,858,5.1,333,1509,1534,3131,580,.317,1005,22,2.1,.156,3.7,84.2,120,99
148,2020,WSN,NL,22,60,26,34,.433,20,2218,1968,293,519,329,112,12,66,279,33,12,192,451,.264,.336,.433,.769,107,853,42,32,5,21,16,411,4.9,190,743,758,1529,303,.308,506,22,2.0,.170,4.4,73.3,45,101
149,2015,NYY,AL,22,162,87,75,.537,49,6268,5567,764,1397,894,272,19,212,737,63,25,554,1227,.251,.323,.421,.744,102,2343,105,63,24,54,23,1151,4.7,503,2014,2064,4378,785,.283,1289,22,2.1,.170,4.5,71.6,88,99
150,2013,STL,NL,22,162,97,65,.599,44,6202,5557,783,1494,1027,322,20,125,745,45,22,481,1110,.269,.332,.401,.733,102,2231,154,64,56,44,38,1087,4.8,467,2039,2083,4339,764,.314,1403,22,1.9,.133,5.0,67.2,67,97
151,2010,TOR,AL,22,162,85,77,.525,35,6072,5495,755,1364,767,319,21,257,732,58,20,471,1164,.248,.312,.454,.766,105,2496,114,55,16,34,25,1017,4.7,597,1890,1939,4315,788,.269,1230,22,2.0,.206,4.7,74.4,78,102
152,2009,PHI,NL,22,162,93,69,.574,41,6338,5578,820,1439,868,312,35,224,788,119,28,589,1155,.258,.334,.447,.781,104,2493,90,71,55,45,47,1192,5.1,571,2099,2158,4357,890,.286,1384,22,1.9,.189,4.8,81.0,147,108
153,2024,MIN,AL,21,162,82,80,.506,21,6123,5490,742,1352,837,309,23,183,702,65,23,473,1306,.246,.315,.411,.726,103,2256,115,101,10,47,15,1087,4.6,515,1926,1968,4333,730,.289,1261,21,2.0,.165,4.2,73.9,88,94
154,2021,SDP,NL,21,162,79,83,.488,54,6119,5384,729,1305,831,273,21,180,695,110,39,586,1324,.242,.321,.401,.722,101,2160,121,61,36,46,42,1123,4.5,474,1952,1993,4321,737,.287,1244,21,1.9,.159,4.1,73.8,149,95
155,2012,DET,AL,20,162,88,74,.543,37,6119,5476,726,1467,986,279,39,163,698,59,23,511,1103,.268,.335,.422,.757,103,2313,156,57,36,39,46,1121,4.5,481,2035,2082,4263,786,.307,1261,20,1.6,.154,5.0,72.0,82,103
156,2011,LAA,AL,20,162,86,76,.531,34,6088,5513,667,1394,916,289,34,155,629,135,52,442,1086,.253,.313,.402,.714,102,2216,126,51,50,32,33,1051,4.1,478,1887,1952,4379,692,.288,1141,20,1.8,.149,5.1,72.2,187,92
157,2026,BOS,AL,19,113,62,51,.549,25,4233,3764,492,925,595,196,18,116,470,86,31,343,926,.246,.317,.400,.717,103,1505,73,67,25,32,6,753,4.4,330,1335,1363,3000,498,.294,846,19,1.8,.154,4.1,73.5,117,92
158,2010,ATL,NL,19,162,91,71,.562,43,6252,5463,738,1411,935,312,25,139,699,63,29,634,1140,.258,.339,.401,.740,101,2190,136,51,69,35,50,1222,4.6,476,2096,2158,4321,765,.301,1298,19,1.7,.143,4.8,68.5,92,101
159,2024,MIL,NL,18,162,93,69,.574,28,6170,5472,777,1359,900,249,33,177,742,217,42,597,1459,.248,.326,.403,.729,102,2205,97,46,15,34,19,1113,4.8,459,2002,2031,4301,768,.305,1342,18,1.7,.155,3.8,83.8,259,96
160,2026,SFG,NL,17,115,48,67,.417,30,4319,3922,479,987,636,200,22,129,460,52,15,303,901,.252,.309,.413,.722,103,1618,66,39,21,34,14,785,4.2,351,1329,1351,3071,518,.293,810,17,1.6,.161,4.4,77.6,67,92
161,2018,TOR,AL,17,162,73,89,.451,51,6076,5477,709,1336,783,320,16,217,680,47,30,499,1387,.244,.312,.427,.739,102,2339,118,58,5,37,15,1036,4.4,553,1893,1945,4331,728,.286,1172,17,1.5,.183,3.9,61.0,77,98
162,2010,DET,AL,17,162,81,81,.500,37,6312,5643,751,1515,1023,308,32,152,717,69,30,546,1147,.268,.335,.415,.750,102,2343,118,41,41,41,50,1229,4.6,492,2102,2166,4358,810,.311,1316,17,1.5,.147,4.9,69.7,99,102
163,2022,CLE,AL,16,162,92,70,.568,27,6163,5558,698,1410,979,273,31,127,662,119,27,450,1122,.254,.316,.383,.699,102,2126,119,81,22,52,36,1156,4.3,431,1941,1984,4368,703,.294,1233,16,1.4,.129,5.0,81.5,146,89
164,2014,BAL,AL,16,162,96,66,.593,39,6130,5596,705,1434,943,264,16,211,681,44,20,401,1285,.256,.311,.422,.734,104,2363,112,62,35,36,29,1088,4.4,491,1897,1954,4365,742,.296,1175,16,1.4,.166,4.4,68.8,64,95
165,2022,BOS,AL,15,162,78,84,.481,26,6144,5539,735,1427,908,352,12,155,704,52,20,478,1373,.258,.321,.409,.731,102,2268,131,63,12,50,23,1133,4.5,519,1968,2010,4325,744,.313,1284,15,1.4,.152,4.0,72.2,72,97
166,2018,SEA,AL,15,162,89,73,.549,41,6087,5513,677,1402,938,256,32,176,644,79,37,430,1221,.254,.314,.408,.722,102,2250,128,70,29,41,17,1084,4.2,464,1902,1947,4346,712,.295,1145,15,1.4,.154,4.5,68.1,116,94
167,2016,TOR,AL,15,162,89,73,.549,38,6233,5479,759,1358,843,276,18,221,728,54,24,632,1362,.248,.330,.426,.755,101,2333,153,55,26,40,16,1120,4.7,515,2045,2092,4364,789,.289,1266,15,1.2,.178,4.0,69.2,78,104
168,2019,CHC,NL,13,162,84,78,.519,52,6195,5461,814,1378,826,270,26,256,783,45,24,581,1460,.252,.331,.452,.783,102,2468,127,83,30,39,33,1071,5.0,552,2042,2086,4303,848,.297,1341,13,1.0,.200,3.7,65.2,69,110
169,2014,CHW,AL,13,162,73,89,.451,36,6077,5543,660,1400,934,279,32,155,625,85,36,417,1362,.253,.310,.398,.708,102,2208,127,60,19,38,33,1071,4.1,466,1877,1939,4363,690,.306,1130,13,1.1,.146,4.1,70.2,121,90
170,2013,SFG,NL,13,162,76,86,.469,44,6168,5552,629,1446,1024,280,35,107,596,67,26,469,1078,.260,.320,.381,.702,100,2117,131,39,66,42,40,1187,3.9,422,1954,2002,4371,702,.304,1118,13,1.1,.121,5.2,72.0,93,91
171,2009,TOR,AL,13,162,75,87,.463,36,6362,5696,798,1516,955,339,13,209,766,73,23,548,1028,.266,.333,.440,.773,102,2508,130,45,24,49,23,1195,4.9,561,2109,2172,4406,852,.290,1355,13,1.0,.174,5.5,76.0,96,108
172,2015,SEA,AL,12,162,76,86,.469,43,6131,5544,656,1379,897,262,22,198,624,69,45,478,1336,.249,.311,.411,.722,101,2279,123,36,38,35,31,1080,4.0,482,1893,1956,4406,725,.292,1082,12,1.0,.162,4.1,60.5,114,94
173,2011,CLE,AL,11,162,80,82,.494,37,6142,5509,704,1380,910,290,26,154,671,89,42,494,1269,.250,.317,.396,.714,100,2184,111,65,31,43,30,1075,4.3,470,1939,1976,4356,709,.297,1221,11,0.9,.146,4.3,67.9,131,94
174,2011,MIL,NL,11,162,96,66,.593,48,6113,5447,721,1422,930,276,31,185,693,94,31,481,1083,.261,.325,.425,.750,102,2315,114,56,85,44,53,1110,4.5,492,1959,2018,4299,794,.293,1229,11,0.7,.164,5.0,75.2,125,101
175,2025,ATL,NL,10,162,76,86,.469,27,6186,5508,724,1349,897,243,19,190,701,82,25,575,1371,.245,.320,.399,.720,101,2200,98,51,15,36,14,1160,4.5,452,1975,2006,4333,738,.291,1235,10,0.8,.155,4.0,76.6,107,94
176,2020,BOS,AL,10,60,24,36,.400,22,2304,2083,292,552,346,118,7,81,278,31,9,187,545,.265,.330,.445,.775,104,927,51,21,4,9,8,429,4.9,206,760,777,1604,312,.321,489,10,0.9,.180,3.8,77.5,40,105
177,2020,MIN,AL,10,60,36,24,.600,20,2168,1937,269,468,293,81,3,91,258,14,7,186,528,.242,.315,.427,.743,104,828,38,29,2,14,9,378,4.5,175,683,696,1530,267,.283,436,10,0.9,.186,3.7,66.7,21,97
178,2026,KCR,AL,9,115,48,67,.417,25,4314,3859,477,947,607,209,15,116,454,88,24,356,915,.245,.313,.398,.710,101,1534,68,41,19,39,10,787,4.1,340,1344,1368,3062,499,.290,815,9,0.9,.152,4.2,78.6,112,92
179,2024,CHC,NL,9,162,83,79,.512,26,6116,5441,736,1318,866,253,29,170,696,143,30,546,1362,.242,.317,.393,.710,100,2139,89,70,17,41,19,1105,4.5,452,1934,1962,4300,723,.291,1262,9,0.8,.151,4.0,82.7,173,93
180,2022,SFG,NL,9,162,81,81,.500,38,6117,5392,716,1261,805,255,18,183,683,64,16,571,1462,.234,.315,.390,.705,100,2101,109,95,6,53,14,1115,4.4,456,1927,1963,4315,695,.284,1216,9,0.9,.156,3.7,80.0,80,91
181,2016,LAA,AL,9,162,74,88,.457,41,6041,5431,717,1410,955,279,20,156,686,73,34,471,991,.260,.322,.405,.726,100,2197,147,51,36,49,21,1037,4.4,455,1932,1988,4287,720,.289,1247,9,0.7,.145,5.5,68.2,107,98
182,2026,BAL,AL,8,114,56,58,.491,27,4305,3777,515,887,573,166,16,132,497,62,25,439,1050,.235,.319,.392,.711,101,1481,78,42,15,30,12,776,4.5,314,1368,1385,3038,490,.288,880,8,0.7,.157,3.6,71.3,87,92
183,2026,MIN,AL,8,115,56,59,.487,19,4339,3867,535,940,603,183,18,136,508,69,29,372,931,.243,.316,.405,.722,102,1567,69,59,6,34,7,763,4.7,337,1371,1405,3065,514,.284,907,8,0.7,.162,4.2,70.4,98,94
184,2017,NYM,NL,8,162,70,92,.432,52,6169,5510,735,1379,841,286,28,224,713,58,23,529,1291,.250,.320,.434,.755,101,2393,118,57,36,37,31,1099,4.5,538,1965,2009,4345,793,.286,1224,8,0.6,.184,4.3,71.6,81,103
185,2015,TBR,AL,8,162,80,82,.494,45,6071,5485,644,1383,906,278,32,167,612,87,45,436,1310,.252,.314,.406,.720,100,2226,121,84,19,47,22,1075,4.0,477,1903,1942,4334,711,.300,1089,8,0.6,.154,4.2,65.9,132,95
186,2014,OAK,AL,7,162,88,74,.543,39,6245,5545,729,1354,922,253,33,146,686,83,20,586,1104,.244,.320,.381,.700,100,2111,118,49,19,43,34,1147,4.5,432,1989,2051,4391,706,.278,1269,7,0.5,.137,5.0,80.6,103,91
187,2025,DET,AL,6,162,87,75,.537,25,6093,5456,758,1346,868,244,36,198,724,61,16,511,1454,.247,.316,.413,.730,101,2256,90,65,5,50,12,1062,4.7,478,1922,1948,4271,742,.298,1284,6,0.5,.167,3.8,79.2,77,97
188,2024,OAK,AL,6,162,69,93,.426,23,6034,5432,643,1267,812,240,19,196,619,98,26,493,1502,.233,.301,.393,.694,101,2133,105,53,19,37,11,1073,4.0,455,1813,1844,4352,670,.284,1066,6,0.4,.159,3.6,79.0,124,88
189,2023,STL,NL,6,162,71,91,.438,30,6204,5510,719,1376,891,264,12,209,697,101,29,570,1326,.250,.326,.416,.742,101,2291,122,70,13,37,17,1183,4.4,485,2016,2055,4335,767,.291,1207,6,0.5,.166,4.2,77.7,130,101
190,2020,OAK,AL,6,60,36,24,.600,19,2201,1908,274,430,257,91,11,71,264,26,3,238,524,.225,.322,.396,.718,100,756,44,39,2,14,5,401,4.6,173,707,719,1541,259,.271,467,6,0.5,.171,3.6,89.7,29,95
191,2014,COL,NL,6,162,66,96,.407,49,6164,5612,755,1551,1017,307,41,186,721,85,48,397,1281,.276,.327,.445,.772,102,2498,121,48,59,48,39,1072,4.7,534,1996,2041,4337,836,.326,1290,6,0.3,.169,4.4,63.9,133,107
192,2014,MIN,AL,6,162,70,92,.432,38,6233,5567,715,1412,941,316,27,128,675,99,36,544,1329,.254,.324,.389,.713,100,2166,97,53,25,44,29,1176,4.4,471,2009,2063,4357,730,.309,1262,6,0.5,.135,4.2,73.3,135,94
193,2010,CHW,AL,6,162,88,74,.543,32,6118,5484,752,1467,1006,263,21,177,710,160,74,467,922,.268,.332,.420,.752,102,2303,148,79,50,38,23,1046,4.6,461,2013,2066,4327,762,.292,1285,6,0.4,.152,5.9,68.4,234,102
194,2025,SFG,NL,5,162,81,81,.500,28,6072,5375,705,1261,821,239,28,173,672,68,24,556,1380,.235,.311,.386,.697,99,2075,103,66,22,52,14,1076,4.4,440,1883,1918,4315,671,.281,1204,5,0.5,.151,3.9,73.9,92,90
195,2016,BAL,AL,5,162,89,73,.549,40,6089,5524,744,1413,889,265,6,253,710,19,13,468,1324,.256,.317,.443,.760,101,2449,119,44,17,36,19,1065,4.6,524,1925,1974,4296,777,.291,1201,5,0.4,.188,4.2,59.4,32,104
196,2012,CLE,AL,5,162,68,94,.420,38,6195,5525,667,1385,959,266,24,136,635,110,44,555,1087,.251,.324,.381,.705,99,2107,141,59,17,39,28,1162,4.1,426,1999,2056,4381,696,.288,1166,5,0.4,.131,5.1,71.4,154,94
197,2026,CHW,AL,4,113,59,54,.522,28,4278,3781,533,896,566,173,11,146,509,64,29,380,1024,.237,.315,.404,.719,101,1529,51,63,24,28,15,744,4.7,330,1339,1362,3017,511,.284,896,4,0.3,.167,3.7,68.8,93,94
198,2024,SFG,NL,4,162,80,82,.494,30,6062,5460,693,1303,830,266,30,177,661,68,22,492,1452,.239,.305,.396,.701,100,2160,115,52,10,47,15,1075,4.3,473,1847,1896,4351,677,.290,1177,4,0.3,.157,3.8,75.6,90,90
199,2022,TBR,AL,4,162,86,76,.531,24,6008,5412,666,1294,842,296,17,139,634,95,37,500,1395,.239,.309,.377,.686,99,2041,93,57,7,31,13,1074,4.1,452,1851,1884,4286,652,.295,1161,4,0.3,.138,3.9,72.0,132,87
200,2021,LAD,NL,4,162,106,56,.654,61,6239,5445,830,1330,822,247,24,237,799,65,17,613,1408,.244,.330,.429,.759,101,2336,96,104,32,45,36,1169,5.1,508,2047,2091,4305,837,.284,1392,4,0.0,.185,3.9,79.3,82,105
201,2015,SFG,NL,4,162,84,78,.519,48,6153,5565,696,1486,1023,288,39,136,663,93,36,457,1159,.267,.326,.406,.732,101,2260,142,49,45,37,30,1130,4.3,463,1992,2037,4339,750,.313,1223,4,0.3,.139,4.8,72.1,129,98
202,2013,PIT,NL,4,162,94,68,.580,48,6135,5486,634,1346,877,273,35,161,603,94,42,469,1330,.245,.313,.396,.709,100,2172,120,88,62,29,41,1126,3.9,469,1903,1956,4393,708,.294,1076,4,0.1,.151,4.1,69.1,136,92
203,2012,WSN,NL,4,162,98,64,.605,43,6221,5615,731,1468,948,301,25,194,688,105,35,479,1325,.261,.322,.428,.750,101,2401,110,41,50,36,43,1127,4.5,520,1988,2048,4378,793,.308,1225,4,0.2,.166,4.2,75.0,140,102
204,2010,STL,NL,4,162,86,76,.531,42,6241,5542,736,1456,1003,285,18,150,689,79,41,541,1027,.263,.332,.402,.733,100,2227,124,50,66,40,78,1164,4.5,453,2047,2106,4357,773,.296,1275,4,0.0,.139,5.4,65.8,120,100
205,2026,DET,AL,3,114,55,59,.482,27,4330,3836,515,929,591,173,23,142,492,35,17,404,988,.242,.319,.410,.729,101,1574,66,43,6,36,7,794,4.5,338,1376,1399,3032,525,.287,865,3,0.2,.168,3.9,67.3,52,97
206,2026,ATL,NL,2,114,69,45,.605,34,4295,3866,557,963,624,179,8,152,536,56,18,339,915,.249,.315,.417,.732,101,1614,56,47,6,34,9,748,4.9,339,1349,1376,3017,534,.286,941,2,0.0,.168,4.2,75.7,74,97
207,2020,BAL,AL,2,60,25,35,.417,21,2242,2026,274,523,337,102,7,77,264,19,14,164,514,.258,.321,.429,.750,102,870,32,27,15,10,5,410,4.6,186,714,737,1574,286,.309,461,2,0.1,.171,3.9,57.6,33,101
208,2019,SEA,AL,2,162,68,94,.420,51,6199,5500,758,1305,784,254,28,239,730,115,47,588,1581,.237,.316,.424,.740,99,2332,83,58,14,37,7,1080,4.7,521,1951,1998,4376,766,.287,1249,2,0.0,.187,3.5,71.0,162,101
209,2016,TBR,AL,2,162,68,94,.420,39,6046,5481,672,1333,797,288,32,216,647,60,37,449,1482,.243,.307,.426,.733,100,2333,88,69,18,28,20,1060,4.1,536,1851,1896,4319,726,.293,1103,2,0.1,.182,3.7,61.9,97,98
210,2023,LAA,AL,1,162,73,89,.451,31,6145,5489,739,1346,841,248,26,231,708,72,31,518,1524,.245,.317,.426,.743,101,2339,117,79,8,46,27,1102,4.6,505,1943,1978,4345,765,.295,1216,1,-0.2,.181,3.6,69.9,103,100
211,2021,NYY,AL,1,162,92,70,.568,47,6060,5331,711,1266,819,213,12,222,666,63,18,621,1482,.237,.322,.407,.729,100,2169,154,63,10,34,14,1097,4.4,447,1950,1981,4281,711,.285,1155,1,0.0,.169,3.6,77.8,81,98
212,2012,TBR,AL,1,162,90,72,.556,38,6105,5398,697,1293,838,250,30,175,665,134,44,571,1323,.240,.317,.394,.711,99,2128,133,58,34,42,26,1058,4.3,455,1922,1968,4358,696,.284,1187,1,0.0,.155,4.1,75.3,178,94
213,2024,KCR,AL,0,162,86,76,.531,24,5982,5421,735,1343,874,264,35,170,711,134,31,429,1161,.248,.306,.403,.710,101,2187,95,52,23,54,22,990,4.5,469,1824,1865,4281,700,.283,1276,0,-0.2,.156,4.7,81.2,165,92
214,2024,TEX,AL,0,162,78,84,.481,32,6053,5472,683,1302,891,220,15,176,652,97,25,490,1284,.238,.305,.380,.686,100,2080,96,55,6,30,20,1084,4.2,411,1847,1885,4327,663,.279,1159,0,-0.2,.142,4.3,79.5,122,87
215,2023,BOS,AL,0,162,78,84,.481,31,6174,5562,772,1437,897,339,19,182,734,112,26,486,1372,.258,.324,.424,.748,100,2360,118,71,11,35,15,1117,4.8,540,1994,2034,4315,784,.310,1324,0,-0.2,.166,4.1,81.2,138,103
216,2017,STL,NL,0,162,83,79,.512,48,6219,5470,761,1402,894,284,28,196,728,81,31,593,1348,.256,.334,.426,.760,99,2330,139,65,47,44,36,1118,4.7,508,2060,2108,4329,808,.304,1293,0,-0.2,.170,4.1,72.3,112,107
217,2013,BAL,AL,-1,162,85,77,.525,41,6144,5620,745,1460,936,298,14,212,719,79,29,416,1125,.260,.313,.431,.744,101,2422,105,36,27,45,36,1053,4.6,524,1912,1967,4366,773,.288,1252,-1,-0.4,.171,5.0,73.1,108,100
218,2012,MIL,NL,-1,162,83,79,.512,46,6225,5557,776,1442,901,300,39,202,741,158,39,466,1240,.259,.325,.437,.762,101,2426,111,90,76,35,35,1104,4.8,541,1998,2064,4376,827,.299,1315,-1,-0.4,.177,4.5,80.2,197,105
219,2012,OAK,AL,-2,162,94,68,.580,39,6183,5527,713,1315,821,267,32,195,676,122,32,550,1387,.238,.310,.404,.714,99,2231,97,45,27,34,29,1095,4.4,494,1910,1961,4402,726,.281,1194,-2,-0.4,.166,4.0,79.2,154,94
220,2010,KCR,AL,-2,162,67,95,.414,34,6209,5604,676,1534,1103,279,31,121,640,115,50,471,905,.274,.331,.399,.730,100,2238,152,35,45,53,25,1173,4.2,431,2040,2093,4370,739,.305,1195,-2,-0.3,.126,6.2,69.7,165,99
221,2026,NYY,AL,-3,115,64,51,.557,25,4294,3813,522,881,534,169,14,164,497,108,34,420,1046,.231,.310,.412,.721,100,1570,66,25,6,26,15,721,4.5,347,1326,1350,3064,510,.273,855,-3,-0.4,.181,3.6,76.1,142,95
222,2025,SDP,NL,-4,162,90,72,.556,25,6087,5424,702,1369,945,254,18,152,663,106,30,510,1161,.252,.321,.390,.711,99,2115,103,58,48,45,18,1127,4.3,424,1937,1970,4281,713,.293,1213,-4,-0.5,.138,4.7,77.9,136,94
223,2024,ATL,NL,-4,162,89,73,.549,27,6075,5481,704,1333,832,273,15,213,674,69,20,485,1461,.243,.309,.415,.724,100,2275,119,58,9,39,11,1088,4.3,501,1876,1922,4335,721,.291,1165,-4,-0.6,.172,3.8,77.5,89,96
224,2021,STL,NL,-4,162,90,72,.556,51,6001,5351,706,1303,822,261,22,198,678,89,22,478,1341,.244,.313,.412,.725,99,2202,99,86,40,44,32,1081,4.4,481,1867,1917,4253,735,.287,1186,-4,-0.6,.168,4.0,80.2,111,97
225,2017,TBR,AL,-4,162,80,82,.494,40,6147,5478,694,1340,854,226,32,228,671,88,34,545,1538,.245,.317,.422,.739,99,2314,115,55,16,48,33,1114,4.3,486,1940,1982,4351,744,.296,1137,-4,-0.5,.178,3.6,72.1,122,101
226,2014,SFG,NL,-4,162,88,74,.543,46,6087,5523,665,1407,976,257,42,132,636,56,27,427,1245,.255,.311,.388,.699,100,2144,113,43,45,49,37,1095,4.1,431,1877,1923,4350,688,.304,1169,-4,-0.6,.133,4.4,67.5,83,90
227,2012,SDP,NL,-4,162,76,86,.469,53,6112,5422,651,1339,903,272,43,121,610,155,46,539,1238,.247,.319,.380,.699,97,2060,100,54,63,34,36,1146,4.0,436,1932,1995,4326,709,.297,1140,-4,-0.7,.133,4.4,77.1,201,93
228,2023,NYM,NL,-5,162,75,87,.463,26,6056,5363,717,1276,819,221,21,215,692,118,15,525,1331,.238,.316,.407,.723,99,2184,105,107,19,38,11,1082,4.4,457,1908,1933,4264,729,.275,1194,-5,-0.7,.169,4.0,88.7,133,97
229,2022,BAL,AL,-5,162,83,79,.512,32,6049,5429,674,1281,810,275,25,171,639,95,31,476,1390,.236,.305,.390,.695,99,2119,95,83,12,43,10,1095,4.2,471,1840,1887,4329,670,.284,1142,-5,-0.6,.154,3.9,75.4,126,89
230,2018,STL,NL,-6,162,88,74,.543,49,6200,5498,759,1369,907,248,9,205,725,63,32,525,1380,.249,.321,.409,.730,99,2250,92,80,46,48,40,1101,4.7,462,1974,2019,4347,759,.294,1279,-6,-0.7,.160,4.0,66.3,95,99
231,2016,CHW,AL,-6,162,78,84,.481,43,6131,5550,686,1428,950,277,33,168,656,77,36,455,1285,.257,.317,.410,.727,99,2275,122,53,29,44,16,1105,4.2,478,1936,1988,4353,726,.304,1174,-6,-0.7,.153,4.3,68.1,113,99
232,2013,CIN,NL,-6,162,90,72,.556,39,6293,5499,698,1370,921,274,20,155,664,67,35,585,1245,.249,.327,.391,.718,98,2149,129,76,85,46,65,1191,4.3,449,2031,2092,4424,738,.293,1207,-6,-1.0,.142,4.4,65.7,102,97
233,2026,SEA,AL,-7,115,56,59,.487,25,4288,3799,458,874,590,141,9,134,442,82,29,380,981,.230,.310,.378,.687,98,1435,69,71,9,28,9,788,4.0,284,1325,1349,3060,469,.273,766,-7,-0.8,.148,3.9,73.9,111,89
234,2017,BAL,AL,-7,162,75,87,.463,41,6140,5650,743,1469,956,269,12,232,713,32,13,392,1412,.260,.312,.435,.747,100,2458,138,50,10,37,12,1041,4.6,513,1911,1969,4379,760,.306,1224,-7,-0.8,.175,4.0,71.1,45,102
235,2013,TEX,AL,-7,163,91,72,.558,37,6196,5585,730,1465,1004,262,23,176,691,149,46,462,1067,.262,.323,.412,.735,100,2301,124,61,45,42,26,1110,4.5,461,1988,2054,4377,757,.294,1245,-7,-0.8,.150,5.2,76.4,195,100
236,2012,ARI,NL,-7,162,81,81,.500,48,6150,5462,734,1416,911,307,33,165,710,93,51,539,1266,.259,.328,.418,.746,99,2284,108,41,61,45,47,1122,4.5,505,1996,2046,4311,777,.307,1279,-7,-1.0,.159,4.3,64.6,144,103
237,2025,HOU,AL,-8,162,87,75,.537,32,6087,5490,686,1372,931,247,12,182,655,85,28,471,1301,.250,.315,.399,.714,99,2189,124,71,16,38,15,1116,4.2,441,1914,1952,4324,702,.294,1159,-8,-0.9,.149,4.2,75.2,113,95
238,2024,CLE,AL,-8,161,92,69,.571,24,5927,5310,708,1263,815,245,18,185,670,148,46,466,1196,.238,.307,.395,.703,99,2099,111,87,17,43,30,978,4.4,448,1816,1851,4264,666,.271,1193,-8,-1.0,.157,4.4,76.3,194,92
239,2024,TOR,AL,-8,162,74,88,.457,27,6060,5410,671,1306,844,280,26,156,640,72,16,510,1233,.241,.313,.389,.703,98,2106,126,78,14,45,18,1106,4.1,462,1894,1934,4305,684,.283,1155,-8,-1.0,.148,4.4,81.8,88,92
240,2018,LAA,AL,-8,162,80,82,.494,44,6108,5472,721,1323,837,249,23,214,690,89,22,514,1300,.242,.313,.413,.726,99,2260,111,73,7,39,38,1071,4.5,486,1910,1958,4328,751,.277,1197,-8,-1.1,.171,4.2,80.2,111,98
241,2013,ATL,NL,-9,162,96,66,.593,44,6133,5441,688,1354,905,247,21,181,656,64,31,542,1384,.249,.321,.402,.723,99,2186,119,55,58,35,36,1132,4.2,449,1951,2009,4330,727,.300,1163,-9,-1.1,.153,3.9,67.4,95,97
242,2013,SEA,AL,-9,162,71,91,.438,41,6172,5558,624,1318,864,249,17,188,597,49,23,529,1353,.237,.306,.390,.695,98,2165,122,31,26,28,21,1131,3.9,454,1878,1926,4439,672,.279,1033,-9,-1.0,.152,4.1,68.1,72,90
243,2012,MIN,AL,-9,162,66,96,.407,37,6209,5562,701,1448,1017,270,30,131,666,135,37,505,1069,.260,.325,.390,.715,98,2171,149,53,33,56,28,1144,4.3,431,2006,2072,4389,721,.298,1236,-9,-1.1,.130,5.2,78.5,172,97
244,2017,CHC,NL,-10,162,92,70,.568,47,6283,5496,822,1402,876,274,29,223,785,62,31,622,1401,.255,.338,.437,.775,99,2403,134,82,48,32,54,1147,5.1,526,2106,2167,4339,840,.302,1384,-10,-1.2,.182,3.9,66.7,93,111
245,2015,CHC,NL,-10,162,97,65,.599,50,6200,5491,689,1341,868,272,30,171,657,95,37,567,1518,.244,.321,.398,.719,98,2186,101,74,32,35,47,1165,4.3,473,1982,2031,4355,748,.305,1175,-10,-1.3,.154,3.6,72.0,132,98
246,2026,LAA,AL,-11,114,43,71,.377,26,4278,3816,473,904,603,171,11,119,456,57,18,359,1083,.237,.312,.381,.693,97,1454,84,66,13,22,11,767,4.1,301,1329,1352,3049,463,.298,810,-11,-1.2,.144,3.5,76.0,75,91
247,2026,STL,NL,-11,115,57,58,.496,20,4350,3856,499,924,636,158,12,118,486,67,21,371,890,.240,.315,.379,.694,97,1460,87,69,17,35,14,793,4.3,288,1364,1388,3092,479,.280,867,-11,-1.2,.139,4.3,76.1,88,92
248,2013,SDP,NL,-11,162,76,86,.469,47,6122,5517,618,1349,931,246,26,146,578,118,34,467,1309,.245,.308,.378,.686,97,2085,99,52,52,34,36,1126,3.8,418,1868,1916,4387,672,.294,1050,-11,-1.3,.133,4.2,77.6,152,89
249,2022,WSN,NL,-12,162,55,107,.340,23,5998,5434,603,1351,943,252,20,136,579,75,31,442,1221,.249,.310,.377,.688,98,2051,141,60,20,37,12,1099,3.7,408,1853,1890,4312,642,.295,1046,-12,-1.4,.129,4.5,70.8,106,89
250,2020,STL,NL,-12,58,30,28,.517,21,2011,1752,240,410,279,73,7,51,231,18,10,205,477,.234,.323,.371,.694,92,650,38,33,4,16,3,365,4.1,131,648,657,1410,221,.290,420,-12,-1.2,.137,3.7,64.3,28,97
251,2018,PIT,NL,-12,161,82,79,.509,48,6066,5447,692,1381,896,290,38,157,665,70,38,474,1229,.254,.317,.407,.725,98,2218,121,59,31,52,38,1071,4.3,485,1914,1962,4308,729,.298,1200,-12,-1.4,.154,4.4,64.8,108,98
252,2017,WSN,NL,-12,162,97,65,.599,49,6214,5553,819,1477,920,311,31,215,796,108,30,542,1327,.266,.332,.449,.782,99,2495,116,31,43,45,56,1101,5.1,557,2050,2104,4310,872,.311,1400,-12,-1.5,.183,4.2,78.3,138,112
253,2018,ATL,NL,-14,162,90,72,.556,58,6251,5582,759,1433,915,314,29,175,717,90,36,511,1290,.257,.324,.417,.742,98,2330,99,66,49,43,53,1143,4.7,518,2010,2067,4376,800,.302,1301,-14,-1.6,.161,4.3,71.4,126,103
254,2015,TEX,AL,-14,162,88,74,.543,50,6187,5511,751,1419,936,279,32,172,707,101,39,503,1233,.257,.325,.413,.739,98,2278,99,76,43,54,32,1130,4.6,483,1998,2064,4327,771,.300,1286,-14,-1.5,.156,4.5,72.1,140,102
255,2010,PHI,NL,-14,162,97,65,.599,42,6291,5581,772,1451,961,290,34,166,736,108,21,560,1064,.260,.332,.413,.745,98,2307,120,63,44,43,69,1194,4.8,490,2074,2138,4358,811,.292,1342,-14,-1.7,.153,5.2,83.7,129,104
256,2014,TBR,AL,-15,162,77,85,.475,36,6205,5516,612,1361,957,263,24,117,586,63,27,527,1124,.247,.317,.367,.684,96,2023,135,66,43,53,31,1193,3.8,404,1954,2006,4413,659,.287,1081,-15,-1.6,.120,4.9,70.0,90,90
257,2013,TOR,AL,-15,162,74,88,.457,41,6152,5537,712,1398,916,273,24,185,669,112,41,510,1123,.252,.318,.411,.729,99,2274,133,38,29,38,19,1065,4.4,482,1946,2002,4380,739,.284,1196,-15,-1.7,.158,4.9,73.2,153,99
258,2011,ARI,NL,-15,162,94,68,.580,51,6096,5421,731,1357,855,293,37,172,702,133,55,531,1249,.250,.322,.413,.736,99,2240,82,61,50,33,55,1064,4.5,502,1949,1988,4284,759,.294,1261,-15,-1.7,.163,4.3,70.7,188,101
259,2025,TEX,AL,-16,162,81,81,.500,33,6046,5443,684,1275,840,245,15,175,658,134,33,486,1327,.234,.302,.381,.684,97,2075,92,63,11,40,19,1066,4.2,435,1824,1866,4344,656,.276,1167,-16,-1.7,.147,4.1,80.2,167,89
260,2020,HOU,AL,-16,60,29,31,.483,17,2229,1992,279,478,294,103,12,69,268,22,11,192,440,.240,.312,.408,.720,95,812,39,23,6,13,5,400,4.7,184,693,714,1583,262,.273,478,-16,-1.6,.168,4.5,66.7,33,100
261,2018,MIL,NL,-16,163,96,67,.589,53,6210,5542,754,1398,904,252,24,218,711,124,32,537,1458,.252,.323,.424,.747,99,2352,128,58,29,41,32,1106,4.6,494,1993,2058,4374,795,.302,1247,-16,-1.9,.172,3.8,79.5,156,104
262,2018,WSN,NL,-16,162,82,80,.506,53,6288,5517,771,1402,902,284,25,191,737,119,33,631,1289,.254,.335,.419,.753,98,2309,104,59,41,40,56,1180,4.8,500,2092,2135,4333,829,.297,1317,-16,-1.9,.164,4.3,78.3,152,107
263,2010,SFG,NL,-16,162,92,70,.568,42,6143,5488,697,1411,935,284,30,162,660,55,32,487,1099,.257,.321,.408,.729,98,2241,158,50,76,41,53,1092,4.3,476,1948,2009,4384,729,.293,1195,-16,-1.8,.151,5.0,63.2,87,100
264,2009,STL,NL,-16,162,91,71,.562,42,6168,5465,730,1436,953,294,29,160,694,75,31,528,1041,.263,.332,.415,.747,98,2268,127,61,68,43,73,1152,4.5,483,2025,2082,4298,789,.296,1264,-16,-1.8,.152,5.2,70.8,106,105
265,2025,STL,NL,-17,162,78,84,.481,25,6069,5433,689,1331,910,264,9,148,653,89,27,478,1321,.245,.314,.379,.693,97,2057,115,88,25,40,17,1092,4.3,421,1897,1923,4309,668,.295,1194,-17,-1.8,.134,4.1,76.7,116,92
266,2025,TBR,AL,-17,162,77,85,.475,29,6045,5470,714,1374,934,242,16,182,680,194,48,468,1397,.251,.313,.401,.714,98,2194,109,46,16,43,10,1042,4.4,440,1888,1924,4312,716,.303,1212,-17,-1.9,.150,3.9,80.2,242,96
267,2024,STL,NL,-17,162,83,79,.512,26,6114,5507,672,1363,920,257,21,165,639,91,29,478,1318,.248,.312,.392,.703,97,2157,91,56,17,47,10,1149,4.1,443,1897,1926,4328,697,.294,1146,-17,-1.8,.144,4.2,75.8,120,93
268,2016,SFG,NL,-17,162,87,75,.537,45,6271,5565,715,1437,973,280,54,130,675,79,36,572,1107,.258,.329,.398,.728,97,2215,120,42,42,46,43,1188,4.4,464,2051,2106,4372,756,.299,1260,-17,-1.8,.140,5.0,68.7,115,101
269,2015,LAA,AL,-17,162,85,77,.525,43,5990,5417,661,1331,891,243,21,176,621,52,34,435,1150,.246,.307,.396,.702,97,2144,116,58,37,40,34,1013,4.1,440,1824,1876,4313,676,.280,1106,-17,-1.9,.150,4.7,60.5,86,93
270,2015,PIT,NL,-18,162,98,64,.605,46,6285,5631,697,1462,1003,292,27,140,661,98,45,461,1322,.260,.323,.396,.719,97,2228,115,89,63,41,46,1166,4.3,459,2012,2071,4433,749,.314,1218,-18,-2.1,.136,4.3,68.5,143,98
271,2010,TEX,AL,-18,162,90,72,.556,39,6302,5635,787,1556,1101,268,25,162,740,123,48,511,986,.276,.338,.419,.757,98,2360,129,45,53,54,37,1174,4.9,455,2112,2173,4363,828,.307,1365,-18,-2.1,.143,5.7,71.9,171,107
272,2023,ARI,NL,-19,162,84,78,.519,34,6124,5436,746,1359,875,274,44,166,706,166,26,540,1247,.250,.322,.408,.730,98,2219,121,58,36,50,11,1091,4.6,484,1957,1986,4310,750,.293,1286,-19,-1.9,.158,4.4,86.5,192,101
273,2019,ATL,NL,-19,162,97,65,.599,50,6302,5560,855,1432,877,277,29,249,824,89,28,619,1467,.258,.336,.452,.789,98,2514,104,60,25,35,39,1138,5.3,555,2111,2161,4320,898,.305,1430,-19,-2.0,.195,3.8,76.1,117,115
274,2016,MIN,AL,-19,162,59,103,.364,42,6245,5618,722,1409,886,288,35,200,690,91,32,513,1426,.251,.316,.421,.738,98,2367,96,44,27,43,24,1124,4.5,523,1966,2014,4407,771,.300,1212,-19,-2.0,.171,3.9,74.0,123,102
275,2010,CLE,AL,-19,162,69,93,.426,38,6165,5487,646,1362,924,290,20,128,601,91,33,545,1184,.248,.322,.378,.700,96,2076,118,64,36,33,34,1186,4.0,438,1971,2022,4345,698,.293,1119,-19,-2.1,.130,4.6,73.4,124,95
276,2009,ATL,NL,-19,162,86,76,.531,45,6335,5539,735,1459,990,300,20,149,700,58,26,602,1064,.263,.339,.405,.744,97,2246,142,52,95,47,54,1223,4.5,469,2113,2167,4390,791,.300,1286,-19,-2.1,.142,5.2,69.0,84,106
277,2014,CLE,AL,-21,162,85,77,.525,43,6222,5575,669,1411,962,284,23,142,644,104,27,504,1189,.253,.317,.389,.706,97,2167,126,42,51,49,24,1154,4.1,449,1957,2008,4417,714,.296,1171,-21,-2.4,.136,4.7,79.4,131,95
278,2021,ATL,NL,-22,161,88,73,.547,56,6056,5363,790,1307,779,269,20,239,762,59,19,549,1453,.244,.319,.435,.754,98,2333,81,67,32,43,36,1072,4.9,528,1923,1961,4231,801,.288,1313,-22,-2.5,.191,3.7,75.6,78,106
279,2020,SEA,AL,-22,60,27,33,.450,23,2181,1929,254,435,282,88,5,60,244,50,16,207,545,.226,.309,.370,.678,90,713,35,30,3,12,5,379,4.2,153,672,688,1560,235,.281,438,-22,-2.2,.144,3.5,75.8,66,94
280,2018,CHC,NL,-22,163,95,68,.583,50,6369,5624,761,1453,966,286,34,167,722,66,38,576,1388,.258,.333,.410,.744,97,2308,107,78,40,46,67,1224,4.7,487,2107,2166,4402,806,.313,1316,-22,-2.4,.152,4.1,63.5,104,105
281,2018,NYM,NL,-22,162,77,85,.475,56,6177,5468,676,1282,813,265,34,170,649,71,39,566,1404,.234,.312,.389,.701,96,2125,116,73,28,42,36,1104,4.2,469,1921,1979,4411,695,.283,1155,-22,-2.4,.154,3.9,64.5,110,95
282,2017,DET,AL,-22,162,64,98,.395,37,6150,5556,735,1435,924,289,35,187,699,65,34,503,1313,.258,.324,.424,.748,98,2355,128,52,11,27,21,1104,4.5,511,1990,2046,4321,768,.306,1247,-22,-2.3,.166,4.2,65.7,99,105
283,2015,KCR,AL,-22,162,95,67,.586,35,6116,5575,724,1497,1016,300,42,139,689,104,34,383,973,.269,.322,.412,.734,98,2298,133,77,34,47,28,1079,4.5,481,1957,2015,4326,747,.301,1274,-22,-2.4,.144,5.7,75.4,138,102
284,2012,CHW,AL,-22,162,85,77,.525,35,6111,5518,748,1409,941,228,29,211,726,109,43,461,1203,.255,.318,.422,.740,98,2328,112,65,31,36,24,1038,4.6,468,1935,1991,4331,757,.289,1263,-22,-2.4,.167,4.6,71.7,152,102
285,2022,CHW,AL,-23,162,81,81,.500,29,6123,5611,686,1435,1005,272,9,149,654,58,10,388,1269,.256,.310,.387,.698,97,2172,127,73,16,35,9,1117,4.2,430,1896,1937,4364,682,.304,1191,-23,-2.6,.131,4.4,85.3,68,92
286,2019,MIL,NL,-23,162,89,73,.549,50,6309,5542,769,1366,820,279,17,250,744,101,25,629,1563,.246,.329,.438,.767,97,2429,120,72,20,38,42,1180,4.7,546,2067,2108,4379,855,.296,1263,-23,-2.5,.192,3.5,80.2,126,111
287,2026,ATH,AL,-24,114,45,69,.395,28,4350,3874,493,946,625,176,10,135,473,57,23,386,988,.244,.319,.399,.719,96,1547,88,51,17,21,18,809,4.3,321,1383,1417,3077,509,.293,831,-24,-2.6,.155,3.9,71.3,80,99
288,2023,CIN,NL,-24,162,82,80,.506,36,6195,5499,783,1371,868,268,37,198,747,190,48,556,1500,.249,.327,.420,.746,98,2307,101,92,19,29,8,1107,4.8,503,2019,2068,4325,795,.306,1332,-24,-2.4,.170,3.7,79.8,238,105
289,2016,MIA,NL,-24,161,79,82,.491,52,6134,5547,655,1460,1031,259,42,128,626,71,28,447,1213,.263,.322,.394,.716,96,2187,140,54,46,38,40,1171,4.1,429,1961,2026,4339,720,.314,1153,-24,-2.5,.131,4.6,71.7,99,99
290,2016,NYM,NL,-24,162,87,75,.537,46,6115,5459,671,1342,865,240,19,218,649,42,18,517,1302,.246,.316,.417,.733,97,2274,123,62,35,41,43,1120,4.1,477,1921,1964,4334,738,.282,1102,-24,-2.4,.171,4.2,70.0,60,101
291,2011,CIN,NL,-24,162,79,83,.488,42,6329,5612,735,1438,972,264,19,183,697,97,50,535,1250,.256,.326,.408,.734,98,2289,98,63,78,40,52,1189,4.5,466,2036,2111,4440,785,.297,1249,-24,-2.6,.152,4.5,66.0,147,102
292,2009,FLA,NL,-24,162,87,75,.537,44,6312,5572,772,1493,1013,296,25,159,727,75,35,568,1226,.268,.340,.416,.756,97,2316,110,63,70,39,46,1214,4.8,480,2124,2183,4333,830,.316,1340,-24,-2.6,.148,4.5,68.2,110,108
293,2025,MIA,NL,-25,162,79,83,.488,26,6142,5543,709,1388,933,272,29,154,677,138,44,482,1247,.250,.314,.393,.708,97,2180,94,54,19,44,13,1117,4.4,455,1924,1970,4356,710,.295,1232,-25,-2.6,.143,4.4,75.8,182,95
294,2015,NYM,NL,-25,162,90,72,.556,48,6145,5527,683,1351,862,295,17,177,654,51,25,488,1290,.244,.312,.400,.712,96,2211,130,68,29,32,42,1098,4.2,489,1907,1964,4392,708,.287,1160,-25,-2.8,.156,4.3,67.1,76,97
295,2025,KCR,AL,-26,162,82,80,.506,32,6008,5431,651,1342,869,292,22,159,638,111,42,435,1096,.247,.309,.397,.706,96,2155,97,69,29,41,19,1073,4.0,473,1846,1874,4298,686,.281,1130,-26,-2.7,.150,5.0,72.5,153,95
296,2023,WSN,NL,-26,162,71,91,.438,22,6085,5522,700,1401,945,279,26,151,665,127,29,423,1149,.254,.314,.396,.709,96,2185,112,78,20,38,6,1082,4.3,456,1902,1945,4320,703,.293,1214,-26,-2.6,.142,4.8,81.4,156,96
297,2016,PIT,NL,-26,162,78,83,.484,55,6261,5542,729,1426,964,277,32,153,696,110,45,561,1334,.257,.332,.402,.734,96,2226,133,81,41,36,39,1173,4.5,462,2068,2134,4371,768,.311,1272,-26,-2.8,.144,4.2,71.0,155,104
298,2025,BAL,AL,-27,162,75,87,.463,44,6020,5416,677,1273,812,251,19,191,643,121,37,484,1457,.235,.305,.394,.699,96,2135,102,75,4,41,14,1044,4.2,461,1832,1868,4327,682,.284,1129,-27,-2.9,.159,3.7,76.6,158,93
299,2020,CHC,NL,-27,60,34,26,.567,27,2214,1918,265,422,258,82,8,74,248,24,10,229,568,.220,.318,.387,.705,90,742,42,52,1,13,9,412,4.4,164,703,728,1562,250,.270,439,-27,-2.6,.167,3.4,70.6,34,102
300,2020,DET,AL,-27,58,23,35,.397,23,2076,1893,249,463,311,78,12,62,242,19,6,147,567,.245,.303,.397,.700,91,751,42,19,1,14,1,337,4.3,152,629,642,1493,236,.314,429,-27,-2.7,.152,3.3,76.0,25,99
301,2009,WSN,NL,-27,162,59,103,.364,55,6273,5493,710,1416,951,271,38,156,685,73,40,617,1208,.258,.337,.406,.743,96,2231,133,56,64,42,39,1223,4.4,465,2089,2133,4356,783,.302,1239,-27,-2.9,.148,4.5,64.6,113,106
302,2026,SDP,NL,-28,115,59,56,.513,24,4269,3786,486,891,588,171,10,122,471,117,30,391,945,.235,.312,.382,.694,94,1448,87,43,18,30,15,746,4.2,303,1325,1350,3060,471,.280,835,-28,-2.9,.147,4.0,79.6,147,95
303,2020,ARI,NL,-28,60,25,35,.417,20,2238,1997,269,482,311,101,12,58,255,23,7,181,461,.241,.312,.391,.704,90,781,37,36,1,23,5,402,4.5,171,699,717,1583,258,.282,466,-28,-2.7,.150,4.3,76.7,30,101
304,2020,CLE,AL,-28,60,35,25,.583,22,2247,1959,248,446,286,96,5,59,234,25,10,239,517,.228,.317,.372,.689,88,729,40,24,7,16,4,412,4.1,160,709,722,1586,248,.277,423,-28,-2.9,.144,3.8,71.4,35,99
305,2019,LAA,AL,-28,162,72,90,.444,46,6251,5542,769,1368,859,268,21,220,734,65,20,586,1276,.247,.324,.422,.746,96,2338,143,67,4,42,29,1125,4.7,509,2021,2072,4383,794,.281,1283,-28,-3.0,.175,4.3,76.5,85,107
306,2018,MIN,AL,-28,162,78,84,.481,41,6154,5526,738,1379,874,317,22,166,704,47,27,534,1328,.250,.318,.405,.723,96,2238,89,37,19,38,25,1087,4.6,505,1950,1992,4320,733,.298,1276,-28,-2.9,.155,4.2,63.5,74,100
307,2016,CLE,AL,-28,161,94,67,.584,39,6155,5484,777,1435,913,308,29,185,733,134,31,531,1246,.262,.329,.430,.759,96,2356,137,49,31,60,16,1084,4.8,522,2015,2070,4308,801,.304,1325,-28,-2.8,.168,4.4,81.2,165,110
308,2015,ARI,NL,-28,162,79,83,.488,50,6276,5649,720,1494,1003,289,48,154,680,132,44,490,1312,.264,.324,.414,.738,97,2341,134,33,46,57,40,1153,4.4,491,2017,2079,4436,796,.316,1246,-28,-3.2,.150,4.3,75.0,176,103
309,2015,BOS,AL,-28,162,78,84,.481,44,6237,5640,748,1495,1007,294,33,161,706,71,27,478,1148,.265,.325,.415,.740,97,2338,127,46,30,42,28,1142,4.6,488,2019,2091,4371,773,.305,1293,-28,-3.0,.149,4.9,72.4,98,104
310,2014,WSN,NL,-28,162,96,66,.593,40,6216,5542,686,1403,959,265,27,152,635,101,23,517,1304,.253,.321,.393,.714,96,2178,115,56,60,41,29,1160,4.2,444,1976,2022,4378,737,.303,1169,-28,-3.1,.140,4.3,81.5,124,98
311,2013,ARI,NL,-28,162,81,81,.500,44,6334,5676,685,1468,1005,302,31,130,647,62,41,519,1142,.259,.323,.391,.715,96,2222,160,43,50,43,51,1160,4.2,463,2030,2077,4502,724,.301,1202,-28,-3.1,.133,5.0,60.2,103,98
312,2026,ARI,NL,-29,115,61,54,.530,25,4343,3855,527,937,603,197,26,111,501,74,18,380,834,.243,.315,.394,.709,94,1519,69,41,27,38,9,775,4.6,334,1358,1388,3070,505,.280,917,-29,-3.0,.151,4.6,80.4,92,98
313,2020,KCR,AL,-29,60,26,34,.433,22,2200,1988,248,485,313,97,7,68,237,49,20,172,527,.244,.309,.402,.711,91,800,28,18,8,10,3,395,4.1,172,675,695,1569,258,.297,417,-29,-2.9,.158,3.8,71.0,69,102
314,2015,OAK,AL,-29,162,68,94,.420,41,6171,5600,694,1405,936,277,46,146,661,78,29,475,1119,.251,.312,.395,.707,96,2212,124,40,14,38,21,1102,4.3,469,1920,1980,4400,698,.288,1209,-29,-3.0,.144,5.0,72.9,107,96
315,2011,BAL,AL,-29,162,69,93,.426,37,6156,5585,708,1434,957,273,13,191,684,81,25,452,1120,.257,.316,.413,.729,97,2306,154,52,24,43,24,1069,4.4,477,1938,1989,4397,727,.288,1201,-29,-3.0,.156,5.0,76.4,106,100
316,2020,MIA,NL,-30,60,31,29,.517,25,2167,1935,263,472,325,82,5,60,247,51,14,191,537,.244,.319,.384,.703,89,744,37,25,6,9,6,401,4.4,147,688,713,1529,250,.306,450,-30,-2.9,.141,3.6,78.5,65,102
317,2021,DET,AL,-31,162,77,85,.475,42,5979,5376,697,1299,847,236,37,179,675,88,25,490,1514,.242,.308,.399,.707,96,2146,113,44,17,50,8,1031,4.3,452,1833,1872,4282,679,.300,1193,-31,-3.2,.158,3.6,77.9,113,96
318,2017,CIN,NL,-31,162,68,94,.420,47,6213,5484,753,1390,884,249,38,219,715,120,39,565,1329,.253,.329,.433,.761,97,2372,116,72,50,42,41,1135,4.6,506,2027,2074,4341,838,.294,1249,-31,-3.3,.179,4.1,75.5,159,110
319,2016,WSN,NL,-31,162,95,67,.586,43,6201,5490,763,1403,903,268,29,203,735,121,39,536,1252,.256,.326,.426,.751,96,2338,102,64,48,63,49,1105,4.7,500,2003,2048,4339,808,.293,1295,-31,-3.3,.170,4.4,75.6,160,107
320,2015,WSN,NL,-31,162,83,79,.512,44,6117,5428,703,1363,908,265,13,177,665,57,23,539,1344,.251,.321,.403,.724,96,2185,129,44,55,51,38,1114,4.3,455,1946,2008,4323,736,.300,1191,-31,-3.5,.151,4.0,71.3,80,101
321,2012,BAL,AL,-32,162,93,69,.574,39,6160,5560,712,1375,875,270,16,214,677,58,29,480,1315,.247,.311,.417,.728,97,2319,152,50,38,30,24,1027,4.4,500,1905,1952,4434,716,.286,1175,-32,-3.4,.170,4.2,66.7,87,100
322,2011,LAD,NL,-33,161,82,79,.509,48,6094,5436,644,1395,1013,237,28,117,613,126,40,498,1087,.257,.322,.375,.697,95,2039,101,45,71,43,61,1165,4.0,382,1938,1987,4296,699,.299,1140,-33,-3.6,.118,5.0,75.9,166,95
323,2022,TEX,AL,-34,162,68,94,.420,28,6029,5478,707,1308,866,224,20,198,670,128,41,456,1446,.239,.301,.395,.696,96,2166,82,47,10,38,12,1007,4.4,442,1811,1852,4341,675,.287,1179,-34,-3.6,.157,3.8,75.7,169,92
324,2017,CHW,AL,-34,162,67,95,.414,39,6059,5513,706,1412,933,256,37,186,670,71,31,401,1397,.256,.314,.417,.731,96,2300,124,76,35,33,17,1055,4.4,479,1889,1954,4324,727,.309,1190,-34,-3.4,.161,3.9,69.6,102,102
325,2014,HOU,AL,-34,162,70,92,.432,39,6055,5447,629,1317,895,240,19,163,596,122,37,495,1442,.242,.309,.383,.692,96,2084,122,55,22,36,27,1086,3.9,422,1867,1905,4347,667,.298,1062,-34,-3.7,.141,3.8,76.7,159,92
326,2012,BOS,AL,-34,162,69,93,.426,46,6166,5604,734,1459,939,339,16,165,695,97,31,428,1197,.260,.315,.415,.730,96,2325,105,45,34,55,27,1076,4.5,520,1932,1987,4370,760,.301,1264,-34,-3.6,.155,4.7,75.8,128,102
327,2009,NYM,NL,-34,162,70,92,.432,53,6159,5453,671,1472,1033,295,49,95,631,122,44,526,928,.270,.335,.394,.729,95,2150,144,36,88,55,49,1183,4.1,439,2034,2095,4312,747,.307,1207,-34,-3.5,.124,5.9,73.5,166,104
328,2009,SDP,NL,-34,162,75,87,.463,56,6179,5425,638,1315,878,265,31,141,605,82,29,586,1182,.242,.321,.381,.701,93,2065,131,57,74,36,52,1168,3.9,437,1958,2006,4380,697,.284,1102,-34,-3.5,.138,4.6,73.9,111,98
329,2026,COL,NL,-35,115,45,70,.391,21,4378,3911,554,998,634,210,24,130,531,75,32,354,999,.255,.323,.421,.744,94,1646,63,59,15,39,7,774,4.8,364,1411,1435,3062,556,.308,955,-35,-3.6,.166,3.9,70.1,107,108
330,2021,PHI,NL,-35,162,82,80,.506,55,6089,5366,734,1288,804,262,24,198,700,77,19,564,1402,.240,.318,.408,.726,95,2192,103,67,47,43,37,1115,4.5,484,1919,1971,4290,749,.286,1236,-35,-3.8,.168,3.8,80.2,96,102
331,2016,LAD,NL,-35,162,91,71,.562,55,6164,5518,725,1376,894,272,21,189,680,45,26,525,1321,.249,.319,.409,.728,95,2257,120,58,30,32,31,1106,4.5,482,1959,2014,4350,747,.294,1216,-35,-3.6,.160,4.2,63.4,71,102
332,2015,BAL,AL,-35,162,81,81,.500,43,6007,5485,713,1370,887,246,20,217,686,44,25,418,1331,.250,.307,.421,.728,97,2307,127,51,20,32,23,990,4.4,483,1839,1895,4319,708,.291,1182,-35,-3.7,.171,4.1,63.8,69,100
333,2011,PHI,NL,-35,162,102,60,.630,42,6279,5579,713,1409,960,258,38,153,693,96,24,539,1024,.253,.323,.395,.717,96,2202,108,56,65,38,52,1197,4.4,449,2004,2068,4405,750,.283,1253,-35,-3.7,.142,5.4,80.0,120,99
334,2025,MIN,AL,-36,162,70,92,.432,27,6059,5432,678,1295,835,249,20,191,643,114,34,495,1372,.238,.310,.397,.708,95,2157,105,88,9,34,10,1089,4.2,460,1878,1920,4319,697,.283,1130,-36,-3.8,.159,4.0,77.0,148,97
335,2022,ARI,NL,-36,162,74,88,.457,37,6027,5351,702,1232,773,262,24,173,658,104,29,531,1341,.230,.304,.385,.689,95,2061,97,60,31,50,14,1039,4.3,459,1823,1860,4326,659,.272,1187,-36,-3.8,.155,4.0,78.2,133,92
336,2020,MIL,NL,-36,60,29,31,.483,23,2188,1920,247,429,266,83,5,75,238,15,11,221,582,.223,.313,.389,.702,87,747,53,35,0,10,8,393,4.1,163,685,698,1565,236,.278,410,-36,-3.5,.166,3.3,57.7,26,104
337,2016,TEX,AL,-36,162,95,67,.586,40,6089,5525,765,1446,951,257,23,215,746,99,36,436,1220,.262,.322,.433,.755,96,2394,114,70,18,40,23,1038,4.7,495,1952,2010,4287,780,.298,1296,-36,-3.6,.172,4.5,73.3,135,108
338,2014,NYM,NL,-36,162,79,83,.488,45,6145,5472,629,1306,887,275,19,125,602,101,34,516,1264,.239,.308,.364,.673,93,1994,112,54,59,44,42,1123,3.9,419,1876,1931,4415,651,.286,1106,-36,-3.9,.126,4.3,74.8,135,89
339,2016,COL,NL,-37,162,75,87,.463,47,6236,5614,845,1544,975,318,47,204,805,66,39,494,1330,.275,.336,.457,.794,97,2568,113,40,54,34,35,1089,5.2,569,2078,2126,4310,886,.326,1446,-37,-3.8,.182,4.2,62.9,105,118
340,2014,SEA,AL,-37,162,87,75,.537,38,5977,5450,634,1328,913,247,32,136,600,96,42,396,1232,.244,.300,.376,.676,95,2047,112,60,35,34,33,1008,3.9,415,1784,1834,4345,623,.290,1098,-37,-4.0,.132,4.4,69.6,138,88
341,2010,SDP,NL,-37,162,90,72,.556,40,6148,5434,665,1338,946,236,24,132,630,124,50,538,1183,.246,.317,.371,.689,93,2018,106,50,79,46,67,1125,4.1,392,1926,1975,4377,672,.290,1163,-37,-3.8,.125,4.6,71.3,174,94
342,2012,NYM,NL,-38,162,74,88,.457,49,6091,5450,650,1357,911,286,21,139,625,79,38,503,1250,.249,.316,.386,.701,94,2102,118,42,64,30,43,1118,4.0,446,1902,1958,4343,682,.298,1136,-38,-4.0,.137,4.4,67.5,117,97
343,2026,CLE,AL,-39,115,57,58,.496,25,4313,3804,453,881,589,172,11,109,435,113,21,418,957,.232,.312,.369,.680,92,1402,64,38,23,28,11,812,3.9,292,1337,1358,3059,467,.279,779,-39,-4.0,.137,4.0,84.3,134,93
344,2011,TOR,AL,-39,162,81,81,.500,38,6210,5559,743,1384,879,285,34,186,704,131,52,525,1184,.249,.317,.413,.730,96,2295,108,48,31,47,41,1090,4.6,505,1957,2028,4413,756,.283,1261,-39,-4.1,.164,4.7,71.6,183,102
345,2009,COL,NL,-39,162,92,70,.568,45,6241,5398,804,1408,868,300,50,190,760,106,55,660,1277,.261,.343,.441,.784,96,2378,111,47,76,60,40,1147,5.0,540,2115,2170,4292,857,.305,1374,-39,-4.0,.180,4.2,65.8,161,117
346,2015,STL,NL,-40,162,100,62,.617,46,6139,5484,647,1386,922,288,39,137,619,69,38,506,1267,.253,.321,.394,.716,95,2163,128,66,39,42,47,1152,4.0,464,1958,2010,4345,719,.303,1129,-40,-4.2,.142,4.3,64.5,107,100
347,2026,CIN,NL,-41,113,55,58,.487,20,4258,3769,470,866,541,168,11,146,447,83,25,413,1075,.230,.310,.396,.706,93,1494,64,35,14,24,9,786,4.2,325,1314,1342,3030,491,.280,771,-41,-4.2,.167,3.5,76.9,108,99
348,2021,CIN,NL,-41,162,83,79,.512,54,6162,5423,786,1352,822,295,13,222,756,36,24,553,1425,.249,.328,.431,.759,95,2339,129,105,35,45,22,1110,4.9,530,2010,2047,4304,800,.296,1320,-41,-4.3,.182,3.8,60.0,60,111
349,2019,CLE,AL,-41,162,93,69,.574,48,6124,5425,769,1354,827,286,18,223,731,103,35,563,1332,.250,.323,.432,.756,95,2345,110,50,40,46,30,1072,4.7,527,1967,2012,4302,787,.289,1277,-41,-4.1,.183,4.1,74.6,138,110
350,2018,CIN,NL,-42,162,67,95,.414,53,6240,5532,696,1404,956,251,25,172,665,77,33,559,1376,.254,.328,.401,.729,95,2221,128,65,49,35,35,1179,4.3,448,2028,2065,4373,758,.307,1189,-42,-4.4,.148,4.0,70.0,110,104
351,2014,MIA,NL,-42,162,77,85,.475,45,6185,5538,645,1399,987,254,36,122,614,58,21,501,1419,.253,.317,.378,.694,94,2091,143,35,71,39,49,1145,4.0,412,1935,1983,4413,683,.316,1137,-42,-4.6,.125,3.9,73.4,79,94
352,2014,MIL,NL,-42,162,82,80,.506,40,6065,5462,650,1366,891,297,28,150,617,102,43,423,1197,.250,.311,.397,.708,95,2169,135,73,70,37,32,1049,4.0,475,1862,1923,4381,690,.293,1117,-42,-4.5,.147,4.6,70.3,145,97
353,2014,STL,NL,-42,162,90,72,.556,46,6086,5426,619,1371,970,275,21,105,585,57,32,471,1133,.253,.320,.369,.689,93,2003,140,86,64,39,28,1145,3.8,401,1928,1973,4330,655,.300,1099,-42,-4.5,.116,4.8,64.0,89,94
354,2025,LAA,AL,-43,162,72,90,.444,31,6000,5374,673,1209,754,212,17,226,649,88,27,484,1627,.225,.298,.397,.695,95,2133,99,87,13,35,22,1020,4.2,455,1780,1808,4339,656,.276,1096,-43,-4.4,.172,3.3,76.5,115,93
355,2024,WSN,NL,-44,162,71,91,.438,28,5971,5374,660,1306,886,267,18,135,621,223,73,456,1220,.243,.309,.375,.684,93,2014,115,73,26,40,11,1010,4.1,420,1835,1877,4322,646,.288,1146,-44,-4.5,.132,4.4,75.3,296,93
356,2020,CIN,NL,-44,60,31,29,.517,23,2123,1842,243,390,221,76,3,90,237,29,9,239,534,.212,.312,.403,.715,85,742,44,33,0,7,4,371,4.1,169,662,675,1512,245,.245,390,-44,-4.3,.191,3.4,76.3,38,110
357,2019,STL,NL,-44,162,91,71,.562,43,6167,5449,764,1336,856,246,24,210,714,116,29,561,1420,.245,.322,.415,.737,94,2260,110,76,40,39,15,1107,4.7,480,1973,2039,4331,764,.292,1268,-44,-4.3,.170,3.8,80.0,145,106
358,2025,WSN,NL,-45,162,66,96,.407,28,5982,5422,687,1313,866,258,28,161,657,132,48,443,1351,.242,.304,.389,.693,94,2110,103,57,18,40,11,988,4.2,447,1813,1850,4318,657,.292,1183,-45,-4.6,.147,4.0,73.3,180,94
359,2009,BAL,AL,-45,162,64,98,.395,35,6233,5618,741,1508,1022,307,19,160,708,76,37,517,1013,.268,.332,.415,.747,95,2333,131,39,13,46,25,1160,4.6,486,2064,2115,4337,783,.300,1289,-45,-4.3,.147,5.5,67.3,113,109
360,2023,SFG,NL,-46,162,79,83,.488,37,6095,5412,674,1271,828,256,13,174,651,57,16,544,1492,.235,.312,.383,.695,93,2075,116,81,17,39,19,1130,4.2,443,1896,1928,4329,672,.290,1151,-46,-4.5,.149,3.6,78.1,73,96
361,2022,CHC,NL,-46,162,74,88,.457,29,6072,5425,657,1293,838,265,31,159,620,111,37,507,1448,.238,.311,.387,.698,94,2097,130,84,19,36,16,1100,4.1,455,1884,1930,4354,662,.294,1118,-46,-4.8,.148,3.7,75.0,148,96
362,2014,NYY,AL,-46,162,84,78,.519,41,6082,5497,633,1349,929,247,26,147,591,112,26,452,1133,.245,.307,.380,.687,94,2089,111,56,29,47,16,1098,3.9,420,1857,1903,4361,665,.282,1077,-46,-4.8,.135,4.9,81.2,138,92
363,2010,LAA,AL,-46,162,80,82,.494,38,6089,5488,681,1363,913,276,19,155,656,104,52,466,1070,.248,.311,.390,.702,94,2142,125,52,42,37,28,1049,4.2,450,1881,1943,4381,676,.281,1182,-46,-4.7,.142,5.1,66.7,156,96
364,2015,CLE,AL,-48,161,81,80,.503,38,6109,5439,669,1395,922,303,29,141,640,86,28,533,1157,.256,.325,.401,.725,93,2179,134,39,47,50,34,1147,4.2,473,1967,2010,4303,731,.299,1168,-48,-5.0,.144,4.7,75.4,114,104
365,2011,CHC,NL,-48,162,71,91,.438,42,6130,5549,654,1423,954,285,36,148,610,69,23,425,1202,.256,.314,.401,.715,95,2224,123,59,60,35,35,1141,4.0,469,1907,1974,4367,718,.301,1116,-48,-5.1,.144,4.6,75.0,92,99
366,2021,SEA,AL,-49,162,90,72,.556,50,6010,5355,697,1209,766,233,11,199,673,64,24,535,1492,.226,.303,.385,.688,92,2061,92,72,9,36,8,1040,4.3,443,1816,1850,4307,655,.273,1171,-49,-5.0,.159,3.6,72.7,88,94
367,2019,PIT,NL,-49,162,69,93,.426,54,6228,5657,758,1497,981,315,38,163,722,64,29,425,1213,.265,.321,.420,.741,94,2377,119,63,47,34,41,1103,4.7,516,1985,2049,4389,782,.309,1317,-49,-4.9,.156,4.7,68.8,93,107
368,2019,TOR,AL,-49,162,67,95,.414,47,6091,5493,726,1299,761,270,21,247,697,51,20,509,1514,.236,.305,.428,.733,94,2352,107,45,14,28,10,1003,4.5,538,1853,1896,4363,733,.280,1176,-49,-4.8,.192,3.6,71.8,71,104
369,2010,ARI,NL,-49,162,65,97,.401,48,6183,5473,713,1366,851,301,34,180,691,86,41,589,1529,.250,.325,.416,.740,94,2275,113,39,41,41,45,1139,4.4,515,1994,2039,4343,766,.312,1224,-49,-5.0,.166,3.6,67.7,127,106
370,2012,KCR,AL,-50,162,72,90,.444,36,6149,5636,676,1492,1029,295,37,131,643,132,38,404,1032,.265,.317,.400,.716,94,2254,130,42,26,41,35,1087,4.2,463,1938,1980,4379,719,.302,1188,-50,-5.1,.135,5.5,77.6,170,100
371,2009,DET,AL,-50,163,86,77,.528,36,6234,5540,743,1443,980,245,35,183,718,72,33,540,1114,.260,.331,.416,.747,95,2307,131,61,53,39,30,1159,4.6,463,2044,2097,4353,784,.294,1278,-50,-4.9,.156,5.0,68.6,105,109
372,2022,KCR,AL,-51,162,65,97,.401,36,6010,5437,640,1327,904,247,38,138,613,104,34,460,1287,.244,.306,.380,.686,93,2064,101,48,20,44,7,1091,4.0,423,1835,1875,4309,654,.293,1115,-51,-5.4,.136,4.2,75.4,138,93
373,2021,CLE,AL,-51,162,80,82,.494,42,5907,5332,717,1269,796,248,22,203,686,109,17,453,1387,.238,.303,.407,.710,94,2170,105,64,20,36,18,987,4.4,473,1786,1834,4241,683,.282,1200,-51,-5.2,.169,3.8,86.5,126,98
374,2019,ARI,NL,-51,162,85,77,.525,45,6315,5633,813,1419,871,288,40,220,778,88,14,540,1360,.252,.323,.434,.757,94,2447,120,70,31,40,36,1119,5.0,548,2029,2076,4419,831,.293,1371,-51,-5.1,.182,4.1,86.3,102,111
375,2009,TEX,AL,-51,162,87,75,.537,34,6127,5526,784,1436,889,296,27,224,748,149,36,472,1253,.260,.320,.445,.764,95,2458,97,37,40,51,23,1059,4.8,547,1945,2012,4314,812,.296,1308,-51,-4.9,.185,4.4,80.5,185,111
376,2010,OAK,AL,-52,162,81,81,.500,38,6117,5448,663,1396,981,276,30,109,619,156,38,527,1061,.256,.324,.378,.702,92,2059,129,47,43,51,16,1159,4.1,415,1970,2034,4313,694,.297,1173,-52,-5.2,.122,5.1,80.4,194,99
377,2021,NYM,NL,-53,162,77,85,.475,64,5856,5210,636,1243,821,228,18,176,604,54,26,495,1392,.239,.315,.391,.705,93,2035,123,94,34,23,25,1099,3.9,422,1832,1877,4173,663,.291,1064,-53,-5.4,.152,3.7,67.5,80,99
378,2026,NYM,NL,-54,115,49,66,.426,27,4311,3862,469,897,603,143,14,137,446,57,24,365,978,.232,.303,.383,.686,90,1479,76,38,15,27,10,768,4.1,294,1300,1327,3107,467,.274,778,-54,-5.5,.151,3.9,70.4,81,95
379,2025,CIN,NL,-54,162,83,79,.512,26,6082,5448,716,1333,893,250,23,167,677,105,30,527,1415,.245,.315,.391,.706,93,2130,106,51,12,44,15,1088,4.4,440,1911,1938,4307,697,.298,1226,-54,-5.5,.146,3.9,77.8,135,99
380,2013,WSN,NL,-54,162,86,76,.531,44,6047,5436,656,1365,918,259,27,161,621,88,28,464,1192,.251,.313,.398,.710,94,2161,115,40,68,39,35,1071,4.0,447,1869,1919,4321,710,.292,1116,-54,-5.8,.146,4.6,75.9,116,99
381,2010,LAD,NL,-54,162,80,82,.494,49,6140,5426,667,1368,949,270,29,120,621,92,50,533,1184,.252,.322,.379,.700,92,2056,123,46,85,50,57,1142,4.1,419,1947,2020,4366,694,.299,1168,-54,-5.5,.127,4.6,64.8,142,99
382,2023,MIL,NL,-55,162,92,70,.568,26,6084,5386,728,1290,852,257,16,165,696,129,28,591,1412,.240,.319,.385,.704,92,2074,144,58,7,39,15,1075,4.5,438,1939,1973,4314,684,.292,1259,-55,-5.4,.146,3.8,82.2,157,100
383,2012,TOR,AL,-55,162,73,89,.451,40,6094,5487,716,1346,879,247,22,198,677,123,41,473,1251,.245,.309,.407,.716,94,2231,109,55,33,45,29,1026,4.4,467,1874,1935,4369,713,.281,1195,-55,-5.6,.161,4.4,75.0,164,100
384,2017,LAA,AL,-56,162,80,82,.494,42,6073,5415,710,1314,863,251,14,186,678,136,44,523,1198,.243,.315,.397,.712,92,2151,141,70,17,46,30,1033,4.4,451,1907,1957,4349,702,.277,1202,-56,-5.6,.155,4.5,75.6,180,102
385,2017,MIL,NL,-56,162,86,76,.531,50,6135,5467,732,1363,850,267,22,224,695,128,41,547,1571,.249,.322,.429,.751,94,2346,116,53,42,26,34,1088,4.5,513,1963,2010,4329,783,.308,1203,-56,-5.5,.180,3.5,75.7,169,110
386,2011,FLA,NL,-56,162,72,90,.444,44,6232,5508,625,1358,905,274,30,149,596,95,41,542,1244,.247,.318,.388,.706,93,2139,111,51,89,42,38,1198,3.9,453,1951,2009,4433,712,.291,1072,-56,-5.8,.142,4.4,69.9,136,99
387,2021,CHC,NL,-57,162,71,91,.438,69,5972,5306,705,1255,794,225,26,210,672,86,37,502,1596,.237,.312,.407,.719,93,2162,133,92,40,30,17,1019,4.4,461,1849,1893,4291,697,.296,1167,-57,-5.8,.171,3.3,69.9,123,102
388,2021,MIL,NL,-57,162,95,67,.586,61,6099,5362,738,1251,784,255,18,194,700,82,21,586,1465,.233,.317,.396,.713,92,2124,102,88,25,35,26,1113,4.6,467,1925,1967,4294,721,.283,1244,-57,-5.8,.163,3.7,79.6,103,102
389,2012,PIT,NL,-57,162,79,83,.488,49,6014,5412,651,1313,865,241,37,170,620,73,52,444,1354,.243,.304,.395,.699,93,2138,98,51,62,45,32,1049,4.0,448,1808,1877,4356,679,.291,1101,-57,-5.9,.152,4.0,58.4,125,97
390,2024,TBR,AL,-58,162,80,82,.494,25,6006,5389,604,1241,826,245,23,147,564,178,53,493,1485,.230,.302,.366,.669,92,1973,87,78,10,32,15,1099,3.7,415,1812,1847,4330,626,.289,1021,-58,-6.0,.136,3.6,77.1,231,90
391,2021,LAA,AL,-58,162,77,85,.475,57,6016,5437,723,1331,853,265,23,190,691,79,26,464,1394,.245,.310,.407,.717,93,2212,107,59,30,25,35,1029,4.5,478,1854,1887,4294,708,.294,1224,-58,-6.0,.162,3.9,75.2,105,101
392,2017,ARI,NL,-58,162,93,69,.574,45,6224,5525,812,1405,832,314,39,220,776,103,30,578,1456,.254,.329,.445,.774,94,2457,106,54,39,27,44,1118,5.0,573,2037,2087,4322,845,.306,1368,-58,-5.8,.190,3.8,77.4,133,116
393,2019,CHW,AL,-59,161,72,89,.447,40,6042,5529,708,1443,981,260,20,182,676,63,28,378,1549,.261,.314,.414,.728,93,2289,114,66,36,32,13,1071,4.4,462,1887,1949,4296,730,.329,1202,-59,-5.8,.153,3.6,69.2,91,105
394,2015,MIA,NL,-59,162,71,91,.438,51,5988,5463,613,1420,1024,236,40,120,575,112,45,375,1150,.260,.310,.384,.694,93,2096,133,39,71,40,30,1059,3.8,396,1834,1881,4332,663,.307,1068,-59,-6.1,.124,4.8,71.3,157,96
395,2009,OAK,AL,-59,162,75,87,.463,37,6247,5584,759,1464,1001,307,21,135,723,133,48,527,1046,.262,.328,.397,.726,92,2218,130,50,31,54,16,1130,4.7,463,2041,2098,4383,747,.298,1347,-59,-5.7,.135,5.3,73.5,181,106
396,2020,TEX,AL,-60,60,22,38,.367,24,2147,1936,224,420,269,80,9,62,204,49,14,167,548,.217,.285,.364,.648,78,704,33,24,2,18,3,354,3.7,151,611,628,1583,210,.266,366,-60,-6.0,.147,3.5,77.8,63,98
397,2015,MIN,AL,-60,162,83,79,.512,38,6017,5467,696,1349,872,277,44,156,661,70,38,439,1264,.247,.305,.399,.704,92,2182,133,40,30,41,31,993,4.3,477,1828,1893,4360,661,.292,1201,-60,-6.2,.152,4.3,64.8,108,98
398,2013,NYM,NL,-60,162,74,88,.457,53,6207,5559,619,1318,893,263,32,130,593,114,35,512,1384,.237,.306,.366,.672,91,2035,106,51,53,32,40,1137,3.8,425,1881,1930,4467,660,.291,1082,-60,-6.4,.129,4.0,76.5,149,91
399,2011,SFG,NL,-60,162,86,76,.531,44,6091,5486,570,1327,900,282,24,121,534,85,51,448,1122,.242,.303,.368,.671,91,2020,117,52,62,43,47,1127,3.5,427,1827,1893,4432,626,.281,983,-60,-6.2,.126,4.9,62.5,136,91
400,2022,LAA,AL,-61,162,73,89,.451,34,5977,5423,623,1265,825,219,31,190,600,77,27,449,1539,.233,.297,.390,.687,93,2116,95,54,25,25,28,1050,3.8,440,1768,1799,4330,666,.289,1033,-61,-6.6,.157,3.5,74.0,104,93
401,2015,CIN,NL,-61,162,64,98,.395,50,6196,5571,640,1382,931,257,27,167,613,134,38,496,1255,.248,.312,.394,.706,92,2194,112,42,47,40,38,1148,4.0,451,1920,1974,4426,721,.290,1086,-61,-6.5,.146,4.4,77.9,172,99
402,2020,COL,NL,-62,60,26,34,.433,17,2257,2057,275,528,365,84,16,63,264,42,9,161,543,.257,.311,.405,.716,81,833,41,10,7,19,12,395,4.6,163,699,716,1605,269,.316,476,-62,-6.0,.148,3.8,82.4,51,114
403,2015,CHW,AL,-62,162,76,86,.469,31,6070,5533,622,1381,958,260,27,136,595,68,42,404,1231,.250,.306,.380,.686,92,2103,125,65,30,37,22,1065,3.8,423,1850,1908,4386,646,.296,1081,-62,-6.3,.130,4.5,61.8,110,95
404,2024,DET,AL,-63,162,86,76,.531,25,6021,5442,682,1273,820,244,47,162,656,76,24,476,1461,.234,.300,.385,.685,92,2097,90,52,4,41,12,1045,4.2,453,1801,1834,4328,656,.288,1176,-63,-6.6,.151,3.7,76.0,100,93
405,2023,CLE,AL,-63,162,76,86,.469,22,6096,5513,662,1379,932,294,29,124,622,151,36,471,1142,.250,.313,.381,.695,91,2103,108,55,13,44,40,1121,4.1,447,1905,1939,4335,690,.292,1160,-63,-6.3,.131,4.8,80.7,187,98
406,2014,KCR,AL,-63,162,89,73,.549,38,6058,5545,651,1456,1046,286,29,95,604,153,36,380,985,.263,.314,.376,.690,92,2085,131,53,33,47,22,1080,4.0,410,1889,1936,4336,664,.302,1160,-63,-6.5,.113,5.6,81.0,189,95
407,2014,TEX,AL,-63,162,67,95,.414,45,6026,5460,637,1400,1001,260,28,111,597,105,59,417,1162,.256,.314,.375,.689,92,2049,148,61,41,45,37,1066,3.9,399,1878,1938,4353,637,.305,1123,-63,-6.6,.119,4.7,64.0,164,95
408,2009,SEA,AL,-63,162,85,77,.525,37,6113,5543,640,1430,971,280,19,160,613,89,33,421,1093,.258,.314,.402,.716,92,2228,124,49,56,44,39,1121,4.0,459,1900,1953,4370,709,.293,1093,-63,-6.0,.144,5.1,73.0,122,102
409,2018,CHW,AL,-64,162,62,100,.383,38,6071,5523,656,1332,851,259,40,182,639,98,41,425,1594,.241,.302,.401,.703,93,2217,99,66,24,32,18,1050,4.0,481,1823,1881,4387,678,.304,1113,-64,-6.3,.160,3.5,70.5,139,98
410,2017,BOS,AL,-64,162,93,69,.574,43,6338,5669,785,1461,972,302,19,168,735,106,31,571,1224,.258,.329,.407,.736,92,2305,141,53,9,36,48,1134,4.8,489,2085,2147,4425,772,.300,1352,-64,-6.2,.149,4.6,77.4,137,109
411,2014,BOS,AL,-64,162,71,91,.438,50,6226,5551,634,1355,930,282,20,123,601,63,25,535,1337,.244,.316,.369,.684,91,2046,138,68,20,52,36,1168,3.9,425,1958,2011,4431,674,.297,1112,-64,-6.8,.124,4.2,71.6,88,95
412,2013,MIL,NL,-64,162,74,88,.457,40,6064,5474,640,1381,943,238,43,157,610,142,50,407,1183,.252,.311,.398,.708,93,2176,116,71,77,35,22,1071,4.0,438,1859,1918,4371,700,.294,1093,-64,-6.8,.145,4.6,74.0,192,99
413,2012,CIN,NL,-64,162,97,65,.599,38,6115,5477,669,1377,879,296,30,172,636,87,27,481,1266,.251,.315,.411,.726,93,2249,100,47,73,37,54,1135,4.1,498,1905,1968,4337,750,.296,1133,-64,-6.7,.159,4.3,76.3,114,104
414,2012,COL,NL,-64,162,64,98,.395,49,6183,5577,758,1526,1002,306,52,166,716,100,40,450,1213,.274,.330,.436,.766,93,2434,132,36,74,39,34,1111,4.7,524,2012,2070,4336,808,.321,1308,-64,-6.5,.163,4.6,71.4,140,115
415,2012,LAD,NL,-65,162,86,76,.531,50,6091,5438,637,1369,961,269,23,116,607,104,44,481,1156,.252,.317,.374,.690,91,2032,139,52,82,38,49,1112,3.9,408,1902,1962,4372,663,.298,1128,-65,-6.6,.122,4.7,70.3,148,97
416,2016,MIL,NL,-66,162,73,89,.451,50,6061,5330,671,1299,837,249,19,194,641,181,56,599,1543,.244,.322,.407,.729,92,2168,131,37,53,39,34,1071,4.1,462,1935,1978,4310,736,.304,1118,-66,-6.6,.163,3.5,76.4,237,107
417,2021,BAL,AL,-67,162,52,110,.321,44,5983,5420,659,1296,820,266,15,195,632,54,23,451,1454,.239,.304,.402,.705,92,2177,105,65,14,31,12,1046,4.1,476,1812,1842,4297,678,.290,1096,-67,-6.8,.163,3.7,70.1,77,99
418,2017,ATL,NL,-67,162,72,90,.444,49,6216,5584,732,1467,987,289,26,165,706,77,31,474,1184,.263,.326,.412,.738,92,2303,137,66,59,32,57,1127,4.5,480,2007,2061,4376,772,.305,1273,-67,-6.7,.150,4.7,71.3,108,109
419,2017,KCR,AL,-67,162,80,82,.494,40,6027,5536,702,1436,959,260,24,193,660,91,31,390,1166,.259,.311,.420,.731,93,2323,160,45,17,37,19,1005,4.3,477,1871,1924,4345,713,.295,1169,-67,-6.6,.160,4.7,74.6,122,105
420,2016,OAK,AL,-68,162,69,93,.426,43,6022,5500,653,1352,892,270,21,169,634,50,23,442,1145,.246,.304,.395,.699,91,2171,142,33,13,34,19,1036,4.0,460,1827,1888,4360,658,.280,1118,-68,-6.8,.149,4.8,68.5,73,99
421,2012,PHI,NL,-68,162,81,81,.500,49,6172,5544,684,1414,957,271,28,158,659,116,23,454,1094,.255,.317,.400,.716,92,2215,114,63,72,39,41,1135,4.2,457,1931,1986,4378,734,.290,1185,-68,-7.0,.144,5.1,83.5,139,103
422,2010,BAL,AL,-68,162,66,96,.407,36,6109,5554,613,1440,1022,264,21,133,577,76,34,424,1056,.259,.316,.386,.702,92,2145,154,54,31,45,32,1139,3.8,418,1918,1975,4378,677,.296,1057,-68,-6.8,.127,5.3,69.1,110,99
423,2011,PIT,NL,-70,162,72,90,.444,52,6064,5421,610,1325,906,277,35,107,580,108,52,489,1308,.244,.309,.368,.676,90,1993,123,34,75,44,31,1079,3.8,419,1848,1907,4390,640,.301,1083,-70,-7.2,.123,4.1,67.5,160,94
424,2010,COL,NL,-70,162,83,79,.512,43,6265,5530,770,1452,955,270,54,173,741,99,42,585,1274,.263,.336,.425,.760,92,2349,103,47,56,47,53,1175,4.8,497,2084,2132,4326,828,.310,1338,-70,-7.2,.162,4.3,70.2,141,114
425,2010,FLA,NL,-70,162,80,82,.494,56,6194,5531,719,1403,920,294,37,152,686,92,26,514,1375,.254,.321,.403,.724,92,2227,107,55,51,43,42,1154,4.4,483,1972,2035,4355,753,.309,1253,-70,-7.2,.149,4.0,78.0,118,105
426,2010,WSN,NL,-70,162,69,93,.426,46,6100,5418,655,1355,925,250,31,149,634,110,41,503,1220,.250,.318,.390,.708,91,2114,125,60,71,47,36,1113,4.0,430,1918,1971,4347,709,.294,1140,-70,-7.1,.140,4.4,72.8,151,101
427,2023,PIT,NL,-71,162,76,86,.469,29,6089,5406,692,1293,816,287,31,159,662,117,41,556,1464,.239,.315,.392,.707,91,2119,92,58,25,43,9,1111,4.3,477,1907,1934,4314,699,.296,1195,-71,-7.0,.153,3.7,74.1,158,101
428,2015,SDP,NL,-71,162,74,88,.457,46,6019,5457,650,1324,880,260,36,148,623,82,29,426,1327,.243,.300,.385,.685,91,2100,108,40,52,42,22,1028,4.0,444,1790,1855,4364,654,.292,1125,-71,-7.3,.142,4.1,73.9,111,95
429,2026,PHI,NL,-72,115,61,54,.530,23,4280,3840,505,909,592,154,18,145,489,87,15,344,999,.237,.305,.399,.704,88,1534,69,50,6,38,9,745,4.4,317,1303,1331,3059,498,.279,849,-72,-7.3,.163,3.8,85.3,102,103
430,2019,PHI,NL,-72,162,81,81,.500,56,6261,5571,774,1369,817,311,26,215,742,78,18,562,1453,.246,.319,.427,.746,92,2377,97,57,34,34,47,1129,4.8,552,1988,2040,4385,799,.293,1301,-72,-7.0,.181,3.8,81.3,96,111
431,2017,TOR,AL,-72,162,76,86,.469,44,6154,5499,693,1320,824,269,5,222,661,53,24,542,1327,.240,.312,.412,.724,91,2265,153,51,25,35,12,1064,4.3,496,1913,1962,4416,717,.276,1132,-72,-7.1,.172,4.1,68.8,77,105
432,2016,ARI,NL,-72,162,69,93,.426,50,6260,5665,752,1479,948,285,56,190,709,137,31,463,1427,.261,.320,.432,.752,93,2446,117,50,43,38,43,1113,4.6,531,1992,2048,4415,810,.315,1271,-72,-7.3,.171,4.0,81.5,168,111
433,2012,ATL,NL,-72,162,94,68,.580,41,6126,5425,700,1341,899,263,30,149,660,101,32,567,1289,.247,.320,.389,.709,90,2111,108,34,53,46,37,1127,4.3,442,1942,1995,4323,718,.296,1211,-72,-7.4,.142,4.2,75.9,133,103
434,2016,NYY,AL,-73,162,84,78,.519,42,6059,5458,680,1378,930,245,20,183,647,72,22,475,1188,.252,.315,.405,.720,91,2212,121,42,21,49,19,1098,4.2,448,1895,1944,4293,710,.289,1144,-73,-7.3,.153,4.6,76.6,94,105
435,2009,KCR,AL,-73,162,65,97,.401,34,6103,5532,686,1432,961,276,51,144,657,88,29,457,1091,.259,.318,.405,.724,92,2242,135,42,38,32,20,1090,4.2,471,1931,1981,4334,719,.298,1199,-73,-7.0,.146,5.1,75.2,117,105
436,2023,NYY,AL,-74,162,82,80,.506,24,5973,5323,673,1207,752,221,15,219,650,100,30,557,1427,.227,.304,.397,.701,91,2115,119,47,9,36,18,1007,4.2,455,1811,1833,4310,662,.266,1104,-74,-7.5,.171,3.7,76.9,130,99
437,2022,COL,NL,-74,162,68,94,.420,24,6105,5540,698,1408,945,280,34,149,669,45,20,453,1330,.254,.315,.398,.713,91,2203,139,61,10,40,10,1113,4.3,463,1922,1966,4341,690,.307,1218,-74,-7.6,.144,4.2,69.2,65,103
438,2020,PIT,NL,-74,60,19,41,.317,21,2134,1932,219,425,284,76,6,59,210,16,11,167,521,.220,.284,.357,.641,74,690,34,11,7,15,6,355,3.7,141,603,619,1574,206,.268,370,-74,-7.2,.137,3.7,59.3,27,101
439,2013,MIN,AL,-74,162,66,96,.407,35,6212,5564,614,1346,895,285,15,151,590,52,33,533,1430,.242,.312,.380,.692,90,2114,103,52,29,32,20,1206,3.8,451,1931,1986,4415,679,.298,1053,-74,-7.5,.138,3.9,61.2,85,98
440,2013,PHI,NL,-76,162,73,89,.451,51,6014,5456,610,1355,928,255,32,140,578,73,29,417,1205,.248,.306,.384,.690,91,2094,131,53,57,31,41,1061,3.8,427,1825,1881,4349,651,.293,1048,-76,-7.9,.135,4.5,71.6,102,97
441,2010,NYM,NL,-76,162,79,83,.488,47,6144,5465,656,1361,927,266,40,128,625,130,44,502,1095,.249,.314,.383,.697,90,2091,101,46,74,57,53,1124,4.0,434,1909,1967,4380,692,.287,1153,-76,-7.7,.134,5.0,74.7,174,100
442,2015,MIL,NL,-77,162,68,94,.420,49,6024,5480,655,1378,925,274,34,145,624,84,29,412,1299,.251,.307,.393,.700,91,2155,130,41,55,34,35,1026,4.0,453,1831,1878,4350,679,.303,1134,-77,-8.0,.142,4.2,74.3,113,99
443,2019,SDP,NL,-78,162,70,92,.432,54,6019,5391,682,1281,814,224,24,219,652,70,37,504,1581,.238,.308,.410,.718,90,2210,120,55,37,31,19,1008,4.2,467,1840,1888,4335,697,.293,1115,-78,-7.6,.172,3.4,65.4,107,105
444,2016,ATL,NL,-78,161,68,93,.422,60,6192,5514,649,1404,960,295,27,122,615,75,34,502,1240,.255,.321,.384,.705,89,2119,145,59,64,52,60,1160,4.0,444,1965,2028,4405,706,.305,1142,-78,-7.9,.130,4.4,68.8,109,103
445,2016,CIN,NL,-78,162,68,94,.420,52,6094,5487,716,1403,929,277,33,164,678,139,51,452,1284,.256,.316,.408,.724,91,2238,129,52,58,44,37,1014,4.4,474,1907,1962,4366,733,.303,1230,-78,-7.9,.152,4.3,73.2,190,106
446,2023,OAK,AL,-80,162,50,112,.309,23,5966,5311,585,1187,770,225,21,171,563,149,31,498,1496,.223,.298,.370,.669,88,1967,125,85,28,36,12,1043,3.6,417,1770,1787,4344,611,.276,977,-80,-7.9,.147,3.6,82.8,180,93
447,2012,SEA,AL,-80,162,75,87,.463,34,6057,5494,619,1285,868,241,27,149,584,104,35,466,1259,.234,.296,.369,.665,88,2027,95,30,32,35,21,1052,3.8,417,1781,1843,4406,617,.276,1054,-80,-8.0,.135,4.4,74.8,139,92
448,2009,HOU,NL,-80,162,74,88,.457,42,6040,5436,643,1415,971,270,32,142,616,113,44,448,990,.260,.319,.400,.719,91,2175,153,43,66,45,37,1080,4.0,444,1906,1954,4329,711,.293,1117,-80,-7.9,.140,5.5,72.0,157,105
449,2018,KCR,AL,-81,162,58,104,.358,41,6063,5505,638,1350,883,283,29,155,606,117,38,427,1310,.245,.305,.392,.697,90,2156,123,67,24,40,13,1063,3.9,467,1844,1896,4380,672,.293,1089,-81,-8.2,.146,4.2,75.5,155,99
450,2024,LAA,AL,-82,162,63,99,.389,31,5975,5357,635,1227,820,227,15,165,596,133,50,482,1416,.229,.301,.369,.671,89,1979,116,86,12,35,4,1015,3.9,407,1795,1831,4343,614,.279,1066,-82,-8.5,.140,3.8,72.7,183,93
451,2011,HOU,NL,-82,162,56,106,.346,47,6150,5598,615,1442,1010,309,28,95,579,118,33,401,1164,.258,.311,.374,.684,89,2092,111,46,66,37,34,1154,3.8,432,1889,1950,4403,677,.308,1099,-82,-8.4,.116,4.8,78.1,151,97
452,2011,OAK,AL,-82,162,74,88,.457,36,6104,5452,645,1330,907,280,29,114,612,117,43,509,1094,.244,.311,.369,.680,88,2010,119,50,34,57,20,1106,4.0,423,1889,1949,4375,648,.283,1143,-82,-8.2,.125,5.0,73.1,160,97
453,2026,TOR,AL,-83,115,54,61,.470,22,4253,3853,449,929,634,178,7,110,430,51,12,308,831,.241,.302,.377,.679,85,1451,80,43,14,32,10,757,3.9,295,1280,1300,3062,449,.278,769,-83,-8.5,.135,4.6,81.0,63,99
454,2017,TEX,AL,-83,162,78,84,.481,38,6122,5430,799,1326,813,255,21,237,756,113,44,544,1493,.244,.320,.430,.750,91,2334,110,81,27,39,18,1015,4.9,513,1951,2005,4324,767,.291,1318,-83,-8.1,.186,3.6,72.0,157,113
455,2013,COL,NL,-84,162,74,88,.457,42,6152,5599,706,1511,1033,283,36,159,673,112,32,427,1204,.270,.323,.418,.741,91,2343,111,26,65,35,26,1118,4.4,478,1964,2010,4331,785,.317,1220,-84,-8.9,.149,4.7,77.8,144,111
456,2010,CHC,NL,-84,162,75,87,.463,44,6140,5512,685,1414,940,298,27,149,658,55,31,479,1236,.257,.320,.401,.721,90,2213,124,50,60,38,32,1129,4.2,474,1943,2006,4351,725,.304,1194,-84,-8.4,.145,4.5,64.0,86,106
457,2025,CHW,AL,-85,162,60,102,.370,36,5987,5377,647,1250,832,243,10,165,626,85,21,498,1364,.232,.302,.373,.675,88,2008,108,49,22,36,8,1055,4.0,418,1797,1834,4314,629,.279,1108,-85,-8.6,.141,3.9,80.2,106,95
458,2023,KCR,AL,-85,162,56,106,.346,34,5985,5428,676,1325,861,258,43,163,651,163,47,411,1396,.244,.303,.398,.700,90,2158,96,71,14,58,12,1009,4.2,464,1807,1850,4318,674,.296,1164,-85,-8.5,.153,3.9,77.6,210,100
459,2021,KCR,AL,-85,162,74,88,.457,36,5993,5427,686,1349,906,251,29,163,647,124,33,421,1258,.249,.306,.396,.702,90,2147,100,55,31,52,8,1050,4.2,443,1825,1864,4294,675,.292,1170,-85,-8.5,.147,4.3,79.0,157,101
460,2019,BAL,AL,-85,162,54,108,.333,45,6189,5596,729,1379,889,252,25,213,698,84,30,462,1435,.246,.310,.415,.725,90,2320,111,71,22,37,8,1063,4.5,490,1912,1969,4417,737,.293,1214,-85,-8.2,.168,3.9,73.7,114,107
461,2011,WSN,NL,-85,161,80,81,.497,44,6090,5441,624,1319,886,257,22,154,594,106,38,470,1323,.242,.309,.383,.691,89,2082,103,65,82,32,40,1114,3.9,433,1854,1913,4377,673,.292,1064,-85,-8.7,.140,4.1,73.6,144,98
462,2023,MIA,NL,-86,162,84,78,.519,23,6043,5497,666,1423,976,258,23,166,633,86,21,430,1287,.259,.316,.405,.721,90,2225,159,50,22,38,23,1097,4.1,447,1903,1945,4314,703,.308,1133,-86,-8.5,.146,4.3,80.4,107,106
463,2016,KCR,AL,-87,162,81,81,.500,36,6052,5552,675,1450,1006,264,33,147,640,121,35,382,1224,.261,.312,.400,.712,90,2221,134,45,38,34,23,1049,4.2,444,1877,1932,4343,683,.309,1168,-87,-8.6,.139,4.5,77.6,156,104
464,2014,CHC,NL,-87,162,73,89,.451,48,6102,5508,614,1315,857,270,31,157,590,65,40,442,1477,.239,.300,.385,.684,89,2118,94,54,57,41,29,1069,3.8,458,1811,1853,4425,661,.296,1047,-87,-9.3,.146,3.7,61.9,105,96
465,2013,CHC,NL,-87,162,66,96,.407,56,6079,5498,602,1307,820,297,18,172,576,63,32,439,1230,.238,.300,.392,.693,89,2156,120,67,43,30,28,1092,3.7,487,1813,1880,4416,657,.275,1006,-87,-9.1,.154,4.5,66.3,95,98
466,2023,DET,AL,-88,162,78,84,.481,25,6080,5478,661,1292,853,245,29,165,635,85,23,508,1473,.236,.305,.382,.686,89,2090,107,49,13,31,10,1103,4.1,439,1849,1884,4360,658,.291,1131,-88,-8.8,.146,3.7,78.7,108,98
467,2017,PHI,NL,-88,162,66,96,.407,51,6133,5535,690,1382,885,287,36,174,654,59,25,494,1417,.250,.315,.409,.723,89,2263,128,47,21,36,25,1079,4.3,497,1923,1983,4363,728,.304,1170,-88,-8.6,.159,3.9,70.2,84,107
468,2011,ATL,NL,-88,162,89,73,.549,45,6169,5528,641,1345,912,244,16,173,606,77,44,504,1260,.243,.308,.387,.695,90,2140,113,28,75,30,45,1109,4.0,433,1877,1940,4445,677,.284,1074,-88,-9.1,.144,4.4,63.6,121,99
469,2018,BAL,AL,-89,162,47,115,.290,45,6034,5507,622,1317,872,242,15,188,593,81,22,422,1412,.239,.298,.391,.689,89,2153,132,57,13,35,19,1027,3.8,445,1796,1841,4392,650,.286,1027,-89,-8.9,.152,3.9,78.6,103,98
470,2015,PHI,NL,-89,162,63,99,.389,50,6053,5529,626,1374,935,272,37,130,586,88,32,387,1274,.249,.303,.382,.684,89,2110,119,54,53,29,20,1066,3.9,439,1815,1884,4388,646,.299,1082,-89,-9.1,.133,4.3,73.3,120,97
471,2013,KCR,AL,-89,162,86,76,.531,36,6093,5549,648,1443,1043,254,34,112,620,153,32,422,1048,.260,.315,.379,.694,89,2101,131,42,37,42,38,1110,4.0,400,1907,1958,4348,679,.300,1156,-89,-9.0,.119,5.3,82.7,185,100
472,2009,ARI,NL,-89,162,70,92,.432,45,6269,5565,720,1408,883,307,45,173,686,102,40,571,1298,.253,.324,.418,.742,91,2324,93,37,54,41,47,1173,4.4,525,2016,2068,4385,789,.299,1233,-89,-8.8,.165,4.3,71.8,142,111
473,2018,TEX,AL,-90,162,67,95,.414,41,6163,5453,737,1308,824,266,24,194,696,74,35,555,1484,.240,.318,.404,.722,89,2204,104,88,33,34,16,1093,4.5,484,1951,2006,4351,727,.292,1239,-90,-9.0,.164,3.7,67.9,109,108
474,2015,ATL,NL,-90,162,67,95,.414,60,6034,5420,573,1361,992,251,18,100,548,69,33,471,1107,.251,.314,.359,.674,87,1948,148,44,67,31,39,1145,3.5,369,1876,1931,4338,623,.297,1021,-90,-9.3,.108,4.9,67.6,102,97
475,2014,ATL,NL,-90,162,79,83,.488,39,6064,5468,573,1316,931,240,22,123,545,95,33,472,1369,.241,.305,.360,.665,88,1969,121,43,53,27,31,1128,3.5,385,1831,1877,4386,630,.298,995,-90,-9.5,.119,4.0,74.2,128,93
476,2013,NYY,AL,-90,162,85,77,.525,46,6045,5449,650,1321,906,247,24,144,614,115,31,466,1214,.242,.307,.376,.683,88,2048,121,57,36,36,33,1064,4.0,415,1844,1897,4352,658,.285,1120,-90,-9.2,.133,4.5,78.8,146,97
477,2011,CHW,AL,-91,162,79,83,.488,34,6159,5502,654,1387,965,252,16,154,625,81,53,475,989,.252,.319,.388,.706,89,2133,125,84,52,46,31,1126,4.0,422,1946,2002,4391,692,.280,1125,-91,-9.1,.136,5.6,60.4,134,104
478,2009,CHW,AL,-91,162,79,83,.488,34,6132,5463,724,1410,960,246,20,184,695,113,49,534,1022,.258,.329,.411,.740,90,2248,139,62,34,39,25,1086,4.5,450,2006,2050,4314,751,.285,1235,-91,-8.7,.153,5.3,69.8,162,112
479,2024,CIN,NL,-92,162,77,85,.475,36,5970,5325,699,1230,770,257,29,174,663,207,45,496,1459,.231,.305,.388,.693,88,2067,86,87,18,43,7,989,4.3,460,1813,1856,4287,673,.283,1188,-92,-9.3,.157,3.6,82.1,252,100
480,2018,SDP,NL,-92,162,66,96,.407,49,6059,5486,617,1289,847,250,30,162,583,95,36,471,1523,.235,.297,.380,.677,88,2085,122,31,35,36,28,1028,3.8,442,1791,1838,4426,637,.294,1038,-92,-9.3,.145,3.6,72.5,131,96
481,2018,PHI,NL,-93,162,80,82,.494,48,6136,5424,677,1270,813,241,30,186,653,69,26,582,1520,.234,.314,.393,.707,89,2129,102,64,32,32,33,1120,4.2,457,1916,1959,4346,709,.289,1144,-93,-9.3,.158,3.6,72.6,95,104
482,2024,PIT,NL,-94,162,76,86,.469,25,6086,5477,665,1283,870,236,17,160,643,106,19,485,1506,.234,.301,.371,.672,87,2033,100,60,16,47,14,1112,4.1,413,1828,1886,4376,643,.291,1148,-94,-9.5,.137,3.6,84.8,125,95
483,2018,COL,NL,-94,163,91,72,.558,41,6178,5541,780,1418,886,280,42,210,748,95,33,507,1397,.256,.322,.435,.757,90,2412,114,51,42,37,38,1067,4.8,532,1976,2034,4349,807,.304,1318,-94,-9.6,.179,4.0,74.2,128,116
484,2017,COL,NL,-94,162,87,75,.537,41,6201,5534,824,1510,987,293,38,192,793,59,34,519,1408,.273,.338,.444,.781,90,2455,143,44,62,41,46,1088,5.1,523,2073,2124,4304,844,.332,1425,-94,-9.2,.171,3.9,63.4,93,123
485,2011,SDP,NL,-96,162,71,91,.438,48,6074,5417,593,1284,904,247,42,91,563,170,44,501,1320,.237,.305,.349,.653,85,1888,105,48,55,47,42,1103,3.7,380,1833,1888,4384,621,.294,1065,-96,-9.9,.112,4.1,79.4,214,92
486,2009,CHC,NL,-99,161,83,78,.516,45,6244,5486,707,1398,915,293,29,161,678,56,34,592,1185,.255,.332,.407,.738,89,2232,134,59,65,42,44,1209,4.4,483,2049,2113,4363,768,.296,1224,-99,-9.8,.152,4.6,62.2,90,113
487,2014,ARI,NL,-101,162,64,98,.395,52,6089,5552,615,1379,955,259,47,118,573,86,33,398,1165,.248,.302,.376,.678,88,2086,115,43,56,36,31,1092,3.8,424,1820,1877,4413,651,.293,1070,-101,-10.7,.127,4.8,72.3,119,96
488,2011,COL,NL,-101,162,73,89,.451,55,6275,5544,735,1429,952,274,40,163,697,118,42,555,1201,.258,.329,.410,.739,88,2272,112,57,75,44,54,1172,4.5,477,2041,2102,4388,787,.300,1269,-101,-10.4,.152,4.6,73.8,160,113
489,2015,COL,NL,-102,162,68,94,.420,51,6071,5572,737,1479,970,274,49,186,702,97,43,388,1283,.265,.315,.432,.748,89,2409,114,33,44,34,47,1016,4.5,509,1900,1955,4328,771,.313,1253,-102,-10.5,.167,4.3,69.3,140,113
490,2014,SDP,NL,-102,162,77,85,.475,51,5905,5294,535,1199,836,224,30,109,500,91,34,468,1294,.226,.292,.342,.634,84,1810,118,41,56,45,27,1033,3.3,363,1708,1757,4348,552,.277,926,-102,-10.7,.115,4.1,72.8,125,88
491,2009,PIT,NL,-103,161,62,99,.385,49,6058,5417,636,1364,916,289,34,125,612,90,32,499,1142,.252,.318,.387,.705,87,2096,124,46,60,36,44,1124,4.0,448,1909,1959,4305,694,.296,1123,-103,-10.2,.135,4.7,73.8,122,105
492,2013,HOU,AL,-104,162,51,111,.315,41,6020,5457,610,1307,877,266,16,148,566,110,61,426,1535,.240,.299,.375,.674,86,2049,110,52,46,38,17,1007,3.8,430,1785,1831,4405,619,.304,1028,-104,-10.5,.136,3.6,64.3,171,96
493,2024,MIA,NL,-105,162,62,100,.383,29,6048,5522,637,1347,931,243,23,150,611,125,43,403,1410,.244,.300,.378,.678,87,2086,119,55,24,41,16,1059,3.9,416,1805,1843,4402,638,.299,1098,-105,-10.6,.134,3.9,74.4,168,97
494,2021,ARI,NL,-105,162,52,110,.321,64,6144,5489,679,1297,814,308,31,144,644,43,16,537,1465,.236,.309,.382,.692,87,2099,99,54,32,28,24,1152,4.2,483,1888,1929,4367,685,.295,1179,-105,-10.4,.146,3.7,72.9,59,102
495,2019,TEX,AL,-105,162,78,84,.481,39,6204,5540,810,1374,831,296,24,223,765,131,38,534,1578,.248,.319,.431,.750,88,2387,98,67,17,44,18,1066,5.0,543,1975,2045,4363,799,.304,1352,-105,-10.2,.183,3.5,77.5,169,116
496,2022,OAK,AL,-106,162,60,102,.370,36,5863,5314,568,1147,746,249,15,137,537,78,23,433,1389,.216,.281,.346,.626,84,1837,109,59,22,33,7,969,3.5,401,1639,1669,4354,533,.264,968,-106,-11.0,.130,3.8,77.2,101,85
497,2024,COL,NL,-107,162,61,101,.377,31,6026,5454,682,1319,838,277,25,179,655,85,31,453,1617,.242,.304,.400,.704,87,2183,126,51,19,45,20,1028,4.2,481,1823,1856,4356,666,.308,1158,-107,-10.8,.158,3.4,73.3,116,104
498,2016,SDP,NL,-107,162,68,94,.420,58,6001,5419,686,1275,815,257,26,177,654,125,45,449,1500,.235,.299,.390,.689,86,2115,93,58,36,36,30,965,4.2,460,1782,1831,4354,666,.291,1163,-107,-10.7,.155,3.6,73.5,170,100
499,2011,SEA,AL,-107,162,67,95,.414,36,5972,5421,556,1263,879,253,22,109,534,125,40,435,1280,.233,.292,.348,.640,84,1887,82,37,38,41,33,1083,3.4,384,1735,1791,4359,575,.283,981,-107,-10.6,.115,4.2,75.8,165,90
500,2018,SFG,NL,-108,162,73,89,.451,48,6113,5541,603,1324,906,255,30,133,573,77,34,448,1467,.239,.300,.368,.667,85,2038,113,49,33,42,40,1101,3.7,418,1821,1871,4439,629,.299,1043,-108,-10.8,.129,3.8,69.4,111,96
501,2009,CIN,NL,-108,162,78,84,.481,46,6187,5462,673,1349,886,280,25,158,637,96,40,531,1129,.247,.318,.394,.712,87,2153,103,53,100,41,37,1131,4.2,463,1933,1989,4397,720,.282,1152,-108,-10.7,.147,4.8,70.6,136,107
502,2025,CLE,AL,-109,162,88,74,.543,24,5943,5310,643,1199,770,243,18,168,621,129,34,494,1344,.226,.296,.373,.670,85,1982,78,60,28,50,30,1016,4.0,429,1753,1778,4301,626,.268,1096,-109,-11.0,.147,4.0,79.1,163,97
503,2019,COL,NL,-109,162,71,91,.438,50,6288,5660,835,1502,914,323,41,224,803,71,31,489,1503,.265,.326,.456,.782,89,2579,111,43,51,43,25,1075,5.2,588,2034,2085,4394,872,.321,1414,-109,-10.6,.190,3.8,69.6,102,124
504,2017,PIT,NL,-110,162,75,87,.463,47,6136,5458,668,1331,895,249,36,151,635,67,36,519,1213,.244,.318,.386,.704,86,2105,120,88,42,28,39,1129,4.1,436,1938,1992,4353,694,.286,1152,-110,-10.8,.142,4.5,65.0,103,106
505,2022,MIA,NL,-111,162,69,93,.426,33,5949,5395,586,1241,829,248,20,144,554,122,29,436,1429,.230,.294,.363,.658,85,1961,120,70,4,36,6,1045,3.6,412,1747,1789,4343,590,.284,996,-111,-11.3,.133,3.8,80.8,151,93
506,2022,PIT,NL,-112,162,62,100,.383,35,5912,5331,591,1186,778,221,29,158,555,89,32,476,1497,.222,.291,.364,.655,85,1939,96,54,19,32,14,1016,3.6,408,1716,1754,4324,588,.277,988,-112,-11.5,.141,3.6,73.6,121,92
507,2014,CIN,NL,-113,162,76,86,.469,45,5978,5395,595,1282,877,254,20,131,562,122,52,415,1252,.238,.296,.365,.661,85,1969,88,52,76,37,22,1037,3.7,405,1749,1811,4366,613,.284,1026,-113,-12.0,.127,4.3,70.1,174,94
508,2014,PHI,NL,-114,162,73,89,.451,49,6198,5603,619,1356,953,251,27,125,584,109,26,443,1306,.242,.302,.363,.665,85,2036,94,55,59,37,42,1147,3.8,403,1854,1915,4463,649,.292,1078,-114,-11.9,.121,4.3,80.7,135,95
509,2022,CIN,NL,-117,162,62,100,.383,37,5978,5380,648,1264,855,235,18,156,618,58,33,452,1430,.235,.304,.372,.676,85,2003,127,92,12,33,6,1020,4.0,409,1808,1839,4321,625,.290,1110,-117,-12.0,.137,3.8,63.7,91,99
510,2018,ARI,NL,-117,162,82,80,.506,49,6157,5460,693,1283,798,259,50,176,658,79,25,560,1460,.235,.310,.397,.707,86,2170,110,52,38,45,36,1086,4.3,485,1895,1951,4395,716,.286,1175,-117,-11.8,.162,3.7,76.0,104,106
511,2012,MIA,NL,-120,162,69,93,.426,45,6057,5437,609,1327,890,261,39,137,576,149,41,484,1228,.244,.308,.382,.690,85,2077,114,35,60,40,46,1092,3.8,437,1846,1897,4365,686,.289,1048,-120,-12.3,.138,4.4,78.4,190,103
512,2021,COL,NL,-123,161,74,87,.460,44,6007,5374,739,1338,847,275,34,182,709,76,23,491,1356,.249,.317,.414,.731,86,2227,98,58,48,36,24,1074,4.6,491,1887,1926,4241,742,.299,1266,-123,-12.2,.165,4.0,76.8,99,113
513,2019,KCR,AL,-124,162,59,103,.364,47,6080,5496,691,1356,873,281,40,162,655,117,39,456,1405,.247,.309,.401,.710,85,2203,113,59,24,42,17,1056,4.3,483,1871,1928,4358,705,.301,1184,-124,-11.9,.154,3.9,75.0,156,108
514,2011,MIN,AL,-127,162,63,99,.389,37,6020,5487,619,1357,970,259,25,103,572,92,39,440,1048,.247,.306,.360,.666,84,1975,115,37,31,25,24,1080,3.8,387,1834,1899,4340,618,.288,1088,-127,-12.7,.113,5.2,70.2,131,98
515,2023,CHW,AL,-128,162,61,101,.377,26,5980,5501,641,1308,860,264,13,171,617,86,22,377,1424,.238,.291,.384,.675,84,2111,122,52,16,29,19,1009,4.0,448,1737,1775,4382,619,.289,1087,-128,-12.8,.146,3.9,79.6,108,98
516,2018,MIA,NL,-128,161,63,98,.391,51,6083,5488,589,1303,929,222,24,128,554,45,31,455,1384,.237,.303,.357,.659,83,1957,119,73,32,31,26,1123,3.7,374,1831,1905,4398,612,.293,1015,-128,-12.9,.119,4.0,59.2,76,97
517,2010,PIT,NL,-128,162,57,105,.352,52,5974,5386,587,1303,874,276,27,126,570,87,36,463,1207,.242,.304,.373,.678,84,2011,119,33,58,33,28,1078,3.6,429,1799,1863,4329,639,.288,1031,-128,-12.9,.131,4.5,70.7,123,101
518,2013,CHW,AL,-130,162,63,99,.389,40,6077,5563,598,1385,981,237,19,148,574,105,42,411,1207,.249,.302,.378,.680,84,2104,124,34,19,48,23,1068,3.7,404,1830,1875,4411,639,.291,1024,-130,-13.0,.129,4.6,71.4,147,100
519,2023,COL,NL,-131,162,59,103,.364,29,6055,5496,721,1368,869,305,31,163,685,76,25,447,1543,.249,.310,.405,.715,85,2224,124,59,11,41,8,1038,4.5,499,1874,1918,4329,704,.315,1243,-131,-12.9,.156,3.6,75.2,101,110
520,2022,DET,AL,-132,162,66,96,.407,23,5870,5378,557,1240,868,235,27,110,530,47,24,380,1413,.231,.286,.346,.632,82,1859,108,58,10,44,8,1015,3.4,372,1678,1719,4324,537,.290,977,-132,-13.7,.115,3.8,66.2,71,89
521,2021,TEX,AL,-132,162,60,102,.370,45,5943,5405,625,1254,838,225,24,167,598,106,29,433,1381,.232,.294,.375,.670,83,2028,113,58,16,31,10,1007,3.9,416,1745,1783,4340,613,.280,1056,-132,-13.2,.143,3.9,78.5,135,98
522,2019,SFG,NL,-132,162,77,85,.475,64,6170,5579,678,1332,839,300,26,167,655,47,28,475,1435,.239,.302,.392,.694,83,2185,111,50,24,42,26,1069,4.2,493,1857,1917,4452,677,.290,1166,-132,-12.7,.153,3.9,62.7,75,106
523,2017,SDP,NL,-133,162,71,91,.438,52,5954,5356,604,1251,804,227,31,189,576,89,33,460,1499,.234,.299,.393,.692,83,2107,99,53,52,33,20,1037,3.7,447,1764,1813,4322,649,.287,991,-133,-12.9,.160,3.6,73.0,122,104
524,2019,CIN,NL,-134,162,75,87,.463,47,6100,5450,701,1328,839,235,27,227,679,80,38,492,1436,.244,.315,.422,.736,85,2298,111,89,30,33,25,1073,4.3,489,1909,1954,4334,747,.288,1153,-134,-12.9,.178,3.8,67.8,118,115
525,2021,PIT,NL,-135,162,61,101,.377,64,5983,5336,609,1261,862,240,35,124,570,60,30,529,1328,.236,.309,.364,.673,82,1943,102,49,31,37,24,1128,3.8,399,1839,1877,4275,643,.290,1055,-135,-13.6,.128,4.0,66.7,90,102
526,2018,DET,AL,-137,162,64,98,.395,43,6029,5494,630,1326,872,284,35,135,597,70,30,428,1341,.241,.300,.380,.680,83,2085,110,52,15,40,18,1071,3.9,454,1806,1874,4363,640,.293,1092,-137,-13.7,.138,4.1,70.0,100,102
527,2012,CHC,NL,-138,162,61,101,.377,53,5967,5411,613,1297,859,265,36,137,570,94,45,447,1235,.240,.302,.378,.680,83,2045,125,43,42,24,29,1044,3.8,438,1787,1863,4350,631,.286,1046,-138,-14.0,.138,4.4,67.6,139,102
528,2025,PIT,NL,-140,162,71,91,.438,27,6008,5375,583,1244,861,245,21,117,561,115,36,530,1422,.231,.305,.350,.655,81,1882,123,54,13,32,19,1127,3.6,383,1828,1865,4335,596,.291,1027,-140,-14.1,.119,3.8,76.2,151,98
529,2012,HOU,NL,-141,162,55,107,.340,50,6014,5407,583,1276,864,238,28,146,545,105,46,463,1365,.236,.302,.371,.673,82,2008,114,58,54,30,19,1090,3.6,412,1797,1863,4375,627,.288,982,-141,-14.2,.135,4.0,69.5,151,101
530,2010,SEA,AL,-144,162,61,101,.377,40,5989,5409,513,1274,930,227,16,101,485,142,39,459,1184,.236,.298,.339,.637,79,1836,110,39,42,40,33,1116,3.2,344,1772,1831,4366,570,.282,897,-144,-14.2,.104,4.6,78.5,181,94
531,2016,PHI,NL,-148,162,71,91,.438,49,5992,5434,610,1305,878,231,35,161,574,96,45,424,1376,.240,.301,.384,.685,82,2089,112,58,46,30,33,1043,3.8,427,1787,1849,4362,636,.291,1023,-148,-14.7,.144,3.9,68.1,141,104
532,2010,HOU,NL,-148,162,76,86,.469,47,6005,5452,611,1348,963,252,25,108,577,100,36,415,1025,.247,.303,.362,.665,81,1974,130,33,75,29,27,1060,3.8,385,1796,1855,4374,616,.285,1080,-148,-14.8,.115,5.3,73.5,136,100
533,2017,SFG,NL,-152,162,64,98,.395,49,6137,5551,639,1382,936,290,28,128,612,76,34,467,1204,.249,.309,.380,.689,81,2112,136,36,31,52,37,1093,3.9,446,1885,1935,4422,669,.294,1123,-152,-14.7,.132,4.6,69.1,110,107
534,2021,MIA,NL,-153,162,67,95,.414,61,5929,5348,623,1244,837,226,23,158,594,106,29,450,1553,.233,.298,.372,.671,81,1990,95,65,30,30,25,1042,3.8,407,1759,1798,4288,630,.296,1059,-153,-15.2,.139,3.4,78.5,135,102
535,2009,SFG,NL,-158,162,88,74,.543,44,6057,5493,657,1411,971,275,43,122,612,78,28,392,1158,.257,.309,.389,.699,82,2138,115,50,67,55,41,1080,4.1,440,1853,1908,4347,686,.302,1147,-158,-15.5,.132,4.7,73.6,106,108
536,2025,COL,NL,-165,162,43,119,.265,36,5908,5408,597,1281,831,253,37,160,581,87,39,395,1531,.237,.293,.386,.679,80,2088,118,48,21,35,5,986,3.7,450,1724,1759,4340,616,.299,1018,-165,-16.7,.149,3.5,69.0,126,104
537,2024,CHW,AL,-174,162,41,121,.253,31,5869,5383,507,1187,819,226,9,133,485,90,33,395,1403,.221,.278,.340,.618,76,1830,116,43,18,27,8,1014,3.1,368,1625,1660,4390,513,.272,859,-174,-18.0,.119,3.8,73.2,123,91
538,2019,DET,AL,-181,161,47,114,.292,38,6039,5549,582,1333,851,292,41,149,556,57,20,391,1595,.240,.294,.388,.682,78,2154,108,48,9,42,14,1069,3.6,482,1772,1822,4395,644,.308,989,-181,-17.3,.148,3.5,74.0,77,107
539,2019,MIA,NL,-182,162,57,105,.352,50,6045,5512,615,1326,897,265,18,146,593,55,30,395,1469,.241,.298,.375,.673,77,2065,139,73,31,33,16,1034,3.8,429,1794,1850,4419,625,.300,1062,-182,-17.5,.134,3.8,64.7,85,106
540,2013,MIA,NL,-211,162,62,100,.383,53,6021,5449,513,1257,912,219,31,95,485,78,29,432,1232,.231,.293,.335,.627,73,1823,131,56,57,26,31,1080,3.2,345,1745,1791,4435,552,.280,903,-211,-21.8,.104,4.4,72.9,107,98
