model,n,accuracy,log_loss,brier,auc
lgbm_val,542,0.5055350553505535,0.6926939418261706,0.24977340248918728,0.5299424027450607
pick_favorite_val,542,0.544280442804428,2.104136319217419,0.44670516605166055,0.5442804428044281
market_logistic_val,542,0.544280442804428,0.6913608008613343,0.24910795522149198,0.5376901185986029
lgbm_test,140,0.5714285714285714,0.6916422818803099,0.24924760255299805,0.5860204081632653
pick_favorite_test,140,0.5142857142857142,2.2419656916331587,0.4761000000000002,0.5142857142857143
market_logistic_test,140,0.5142857142857142,0.6949465423296949,0.2508958824789941,0.5034693877551021
