date,season,competition,round,neutral,home_team,home_league,away_team,away_league,home_score,away_score
2014-09-16,2014-15,ucl,Group C,False,AS Monaco FC,ligue_1,Bayer 04 Leverkusen,bundesliga,1,0
2014-09-16,2014-15,ucl,Group D,False,Borussia Dortmund,bundesliga,Arsenal FC,epl,2,0
2014-09-16,2014-15,ucl,Group D,False,Galatasaray,,RSC Anderlecht,,1,1
2014-09-16,2014-15,ucl,Group A,False,Juventus FC,serie_a,Malmö FF,,2,0
2014-09-16,2014-15,ucl,Group B,False,Liverpool FC,epl,PFC Ludogorets Razgrad,,2,1
2014-09-16,2014-15,ucl,Group A,False,Olympiakos Piraeus,,Club Atlético de Madrid,la_liga,3,2
2014-09-16,2014-15,ucl,Group B,False,Real Madrid CF,la_liga,FC Basel 1893,,5,1
2014-09-16,2014-15,ucl,Group C,False,SL Benfica,,Zenit St. Petersburg,,0,2
2014-09-17,2014-15,ucl,Group F,False,AFC Ajax,,Paris Saint-Germain FC,ligue_1,1,1
2014-09-17,2014-15,ucl,Group E,False,AS Roma,serie_a,CSKA Moskva,,5,1
2014-09-17,2014-15,ucl,Group H,False,Athletic Club,la_liga,Shakhtar Donetsk,,0,0
2014-09-17,2014-15,ucl,Group G,False,Chelsea FC,epl,FC Schalke 04,bundesliga,1,1
2014-09-17,2014-15,ucl,Group F,False,FC Barcelona,la_liga,APOEL Nikosia,,1,0
2014-09-17,2014-15,ucl,Group E,False,FC Bayern München,bundesliga,Manchester City FC,epl,1,0
2014-09-17,2014-15,ucl,Group H,False,FC Porto,,BATE Borisov,,6,0
2014-09-17,2014-15,ucl,Group G,False,NK Maribor,,Sporting CP,,1,1
2014-09-30,2014-15,ucl,Group F,False,APOEL Nikosia,,AFC Ajax,,1,1
2014-09-30,2014-15,ucl,Group H,False,BATE Borisov,,Athletic Club,la_liga,2,1
2014-09-30,2014-15,ucl,Group E,False,CSKA Moskva,,FC Bayern München,bundesliga,0,1
2014-09-30,2014-15,ucl,Group G,False,FC Schalke 04,bundesliga,NK Maribor,,1,1
2014-09-30,2014-15,ucl,Group E,False,Manchester City FC,epl,AS Roma,serie_a,1,1
2014-09-30,2014-15,ucl,Group F,False,Paris Saint-Germain FC,ligue_1,FC Barcelona,la_liga,3,2
2014-09-30,2014-15,ucl,Group H,False,Shakhtar Donetsk,,FC Porto,,2,2
2014-09-30,2014-15,ucl,Group G,False,Sporting CP,,Chelsea FC,epl,0,1
2014-10-01,2014-15,ucl,Group D,False,Arsenal FC,epl,Galatasaray,,4,1
2014-10-01,2014-15,ucl,Group C,False,Bayer 04 Leverkusen,bundesliga,SL Benfica,,3,1
2014-10-01,2014-15,ucl,Group A,False,Club Atlético de Madrid,la_liga,Juventus FC,serie_a,1,0
2014-10-01,2014-15,ucl,Group B,False,FC Basel 1893,,Liverpool FC,epl,1,0
2014-10-01,2014-15,ucl,Group A,False,Malmö FF,,Olympiakos Piraeus,,2,0
2014-10-01,2014-15,ucl,Group B,False,PFC Ludogorets Razgrad,,Real Madrid CF,la_liga,1,2
2014-10-01,2014-15,ucl,Group D,False,RSC Anderlecht,,Borussia Dortmund,bundesliga,0,3
2014-10-01,2014-15,ucl,Group C,False,Zenit St. Petersburg,,AS Monaco FC,ligue_1,0,0
2014-10-21,2014-15,ucl,Group F,False,APOEL Nikosia,,Paris Saint-Germain FC,ligue_1,0,1
2014-10-21,2014-15,ucl,Group E,False,AS Roma,serie_a,FC Bayern München,bundesliga,1,7
2014-10-21,2014-15,ucl,Group H,False,BATE Borisov,,Shakhtar Donetsk,,0,7
2014-10-21,2014-15,ucl,Group E,False,CSKA Moskva,,Manchester City FC,epl,2,2
2014-10-21,2014-15,ucl,Group G,False,Chelsea FC,epl,NK Maribor,,6,0
2014-10-21,2014-15,ucl,Group F,False,FC Barcelona,la_liga,AFC Ajax,,3,1
2014-10-21,2014-15,ucl,Group H,False,FC Porto,,Athletic Club,la_liga,2,1
2014-10-21,2014-15,ucl,Group G,False,FC Schalke 04,bundesliga,Sporting CP,,4,3
2014-10-22,2014-15,ucl,Group C,False,AS Monaco FC,ligue_1,SL Benfica,,0,0
2014-10-22,2014-15,ucl,Group C,False,Bayer 04 Leverkusen,bundesliga,Zenit St. Petersburg,,2,0
2014-10-22,2014-15,ucl,Group A,False,Club Atlético de Madrid,la_liga,Malmö FF,,5,0
2014-10-22,2014-15,ucl,Group D,False,Galatasaray,,Borussia Dortmund,bundesliga,0,4
2014-10-22,2014-15,ucl,Group B,False,Liverpool FC,epl,Real Madrid CF,la_liga,0,3
2014-10-22,2014-15,ucl,Group A,False,Olympiakos Piraeus,,Juventus FC,serie_a,1,0
2014-10-22,2014-15,ucl,Group B,False,PFC Ludogorets Razgrad,,FC Basel 1893,,1,0
2014-10-22,2014-15,ucl,Group D,False,RSC Anderlecht,,Arsenal FC,epl,1,2
2014-11-04,2014-15,ucl,Group D,False,Arsenal FC,epl,RSC Anderlecht,,3,3
2014-11-04,2014-15,ucl,Group D,False,Borussia Dortmund,bundesliga,Galatasaray,,4,1
2014-11-04,2014-15,ucl,Group B,False,FC Basel 1893,,PFC Ludogorets Razgrad,,4,0
2014-11-04,2014-15,ucl,Group A,False,Juventus FC,serie_a,Olympiakos Piraeus,,3,2
2014-11-04,2014-15,ucl,Group A,False,Malmö FF,,Club Atlético de Madrid,la_liga,0,2
2014-11-04,2014-15,ucl,Group B,False,Real Madrid CF,la_liga,Liverpool FC,epl,1,0
2014-11-04,2014-15,ucl,Group C,False,SL Benfica,,AS Monaco FC,ligue_1,1,0
2014-11-04,2014-15,ucl,Group C,False,Zenit St. Petersburg,,Bayer 04 Leverkusen,bundesliga,1,2
2014-11-05,2014-15,ucl,Group F,False,AFC Ajax,,FC Barcelona,la_liga,0,2
2014-11-05,2014-15,ucl,Group H,False,Athletic Club,la_liga,FC Porto,,0,2
2014-11-05,2014-15,ucl,Group E,False,FC Bayern München,bundesliga,AS Roma,serie_a,2,0
2014-11-05,2014-15,ucl,Group E,False,Manchester City FC,epl,CSKA Moskva,,1,2
2014-11-05,2014-15,ucl,Group G,False,NK Maribor,,Chelsea FC,epl,1,1
2014-11-05,2014-15,ucl,Group F,False,Paris Saint-Germain FC,ligue_1,APOEL Nikosia,,1,0
2014-11-05,2014-15,ucl,Group H,False,Shakhtar Donetsk,,BATE Borisov,,5,0
2014-11-05,2014-15,ucl,Group G,False,Sporting CP,,FC Schalke 04,bundesliga,4,2
2014-11-25,2014-15,ucl,Group F,False,APOEL Nikosia,,FC Barcelona,la_liga,0,4
2014-11-25,2014-15,ucl,Group H,False,BATE Borisov,,FC Porto,,0,3
2014-11-25,2014-15,ucl,Group E,False,CSKA Moskva,,AS Roma,serie_a,1,1
2014-11-25,2014-15,ucl,Group G,False,FC Schalke 04,bundesliga,Chelsea FC,epl,0,5
2014-11-25,2014-15,ucl,Group E,False,Manchester City FC,epl,FC Bayern München,bundesliga,3,2
2014-11-25,2014-15,ucl,Group F,False,Paris Saint-Germain FC,ligue_1,AFC Ajax,,3,1
2014-11-25,2014-15,ucl,Group H,False,Shakhtar Donetsk,,Athletic Club,la_liga,0,1
2014-11-25,2014-15,ucl,Group G,False,Sporting CP,,NK Maribor,,3,1
2014-11-26,2014-15,ucl,Group D,False,Arsenal FC,epl,Borussia Dortmund,bundesliga,2,0
2014-11-26,2014-15,ucl,Group C,False,Bayer 04 Leverkusen,bundesliga,AS Monaco FC,ligue_1,0,1
2014-11-26,2014-15,ucl,Group A,False,Club Atlético de Madrid,la_liga,Olympiakos Piraeus,,4,0
2014-11-26,2014-15,ucl,Group B,False,FC Basel 1893,,Real Madrid CF,la_liga,0,1
2014-11-26,2014-15,ucl,Group A,False,Malmö FF,,Juventus FC,serie_a,0,2
2014-11-26,2014-15,ucl,Group B,False,PFC Ludogorets Razgrad,,Liverpool FC,epl,2,2
2014-11-26,2014-15,ucl,Group D,False,RSC Anderlecht,,Galatasaray,,2,0
2014-11-26,2014-15,ucl,Group C,False,Zenit St. Petersburg,,SL Benfica,,1,0
2014-12-09,2014-15,ucl,Group C,False,AS Monaco FC,ligue_1,Zenit St. Petersburg,,2,0
2014-12-09,2014-15,ucl,Group D,False,Borussia Dortmund,bundesliga,RSC Anderlecht,,1,1
2014-12-09,2014-15,ucl,Group D,False,Galatasaray,,Arsenal FC,epl,1,4
2014-12-09,2014-15,ucl,Group A,False,Juventus FC,serie_a,Club Atlético de Madrid,la_liga,0,0
2014-12-09,2014-15,ucl,Group B,False,Liverpool FC,epl,FC Basel 1893,,1,1
2014-12-09,2014-15,ucl,Group A,False,Olympiakos Piraeus,,Malmö FF,,4,2
2014-12-09,2014-15,ucl,Group B,False,Real Madrid CF,la_liga,PFC Ludogorets Razgrad,,4,0
2014-12-09,2014-15,ucl,Group C,False,SL Benfica,,Bayer 04 Leverkusen,bundesliga,0,0
2014-12-10,2014-15,ucl,Group F,False,AFC Ajax,,APOEL Nikosia,,4,0
2014-12-10,2014-15,ucl,Group E,False,AS Roma,serie_a,Manchester City FC,epl,0,2
2014-12-10,2014-15,ucl,Group H,False,Athletic Club,la_liga,BATE Borisov,,2,0
2014-12-10,2014-15,ucl,Group G,False,Chelsea FC,epl,Sporting CP,,3,1
2014-12-10,2014-15,ucl,Group F,False,FC Barcelona,la_liga,Paris Saint-Germain FC,ligue_1,3,1
2014-12-10,2014-15,ucl,Group E,False,FC Bayern München,bundesliga,CSKA Moskva,,3,0
2014-12-10,2014-15,ucl,Group H,False,FC Porto,,Shakhtar Donetsk,,1,1
2014-12-10,2014-15,ucl,Group G,False,NK Maribor,,FC Schalke 04,bundesliga,0,1
2015-02-17,2014-15,ucl,Round of 16,False,Paris Saint-Germain FC,ligue_1,Chelsea FC,epl,1,1
2015-02-17,2014-15,ucl,Round of 16,False,Shakhtar Donetsk,,FC Bayern München,bundesliga,0,0
2015-02-18,2014-15,ucl,Round of 16,False,FC Basel 1893,,FC Porto,,1,1
2015-02-18,2014-15,ucl,Round of 16,False,FC Schalke 04,bundesliga,Real Madrid CF,la_liga,0,2
2015-02-24,2014-15,ucl,Round of 16,False,Juventus FC,serie_a,Borussia Dortmund,bundesliga,2,1
2015-02-24,2014-15,ucl,Round of 16,False,Manchester City FC,epl,FC Barcelona,la_liga,1,2
2015-02-25,2014-15,ucl,Round of 16,False,Arsenal FC,epl,AS Monaco FC,ligue_1,1,3
2015-02-25,2014-15,ucl,Round of 16,False,Bayer 04 Leverkusen,bundesliga,Club Atlético de Madrid,la_liga,1,0
2015-03-10,2014-15,ucl,Round of 16,False,FC Porto,,FC Basel 1893,,4,0
2015-03-10,2014-15,ucl,Round of 16,False,Real Madrid CF,la_liga,FC Schalke 04,bundesliga,3,4
2015-03-11,2014-15,ucl,Round of 16,False,Chelsea FC,epl,Paris Saint-Germain FC,ligue_1,2,2
2015-03-11,2014-15,ucl,Round of 16,False,FC Bayern München,bundesliga,Shakhtar Donetsk,,7,0
2015-03-17,2014-15,ucl,Round of 16,False,AS Monaco FC,ligue_1,Arsenal FC,epl,0,2
2015-03-17,2014-15,ucl,Round of 16,False,Club Atlético de Madrid,la_liga,Bayer 04 Leverkusen,bundesliga,1,0
2015-03-18,2014-15,ucl,Round of 16,False,Borussia Dortmund,bundesliga,Juventus FC,serie_a,0,3
2015-03-18,2014-15,ucl,Round of 16,False,FC Barcelona,la_liga,Manchester City FC,epl,1,0
2015-04-14,2014-15,ucl,Quarterfinals,False,Club Atlético de Madrid,la_liga,Real Madrid CF,la_liga,0,0
2015-04-14,2014-15,ucl,Quarterfinals,False,Juventus FC,serie_a,AS Monaco FC,ligue_1,1,0
2015-04-15,2014-15,ucl,Quarterfinals,False,FC Porto,,FC Bayern München,bundesliga,3,1
2015-04-15,2014-15,ucl,Quarterfinals,False,Paris Saint-Germain FC,ligue_1,FC Barcelona,la_liga,1,3
2015-04-21,2014-15,ucl,Quarterfinals,False,FC Barcelona,la_liga,Paris Saint-Germain FC,ligue_1,2,0
2015-04-21,2014-15,ucl,Quarterfinals,False,FC Bayern München,bundesliga,FC Porto,,6,1
2015-04-22,2014-15,ucl,Quarterfinals,False,AS Monaco FC,ligue_1,Juventus FC,serie_a,0,0
2015-04-22,2014-15,ucl,Quarterfinals,False,Real Madrid CF,la_liga,Club Atlético de Madrid,la_liga,1,0
2015-05-05,2014-15,ucl,Semifinals,False,Juventus FC,serie_a,Real Madrid CF,la_liga,2,1
2015-05-06,2014-15,ucl,Semifinals,False,FC Barcelona,la_liga,FC Bayern München,bundesliga,3,0
2015-05-12,2014-15,ucl,Semifinals,False,FC Bayern München,bundesliga,FC Barcelona,la_liga,3,2
2015-05-13,2014-15,ucl,Semifinals,False,Real Madrid CF,la_liga,Juventus FC,serie_a,1,1
2015-06-06,2014-15,ucl,Final,True,Juventus FC,serie_a,FC Barcelona,la_liga,1,3
2015-09-15,2015-16,ucl,Group C,False,Galatasaray,,Club Atlético de Madrid,la_liga,0,2
2015-09-15,2015-16,ucl,Group D,False,Manchester City FC,epl,Juventus FC,serie_a,1,2
2015-09-15,2015-16,ucl,Group B,False,PSV Eindhoven,,Manchester United FC,epl,2,1
2015-09-15,2015-16,ucl,Group A,False,Paris Saint-Germain FC,ligue_1,Malmö FF,,2,0
2015-09-15,2015-16,ucl,Group A,False,Real Madrid CF,la_liga,Shakhtar Donetsk,,4,0
2015-09-15,2015-16,ucl,Group C,False,SL Benfica,,FK Astana,,2,0
2015-09-15,2015-16,ucl,Group D,False,Sevilla FC,la_liga,Borussia Mönchengladbach,bundesliga,3,0
2015-09-15,2015-16,ucl,Group B,False,VfL Wolfsburg,bundesliga,CSKA Moskva,,1,0
2015-09-16,2015-16,ucl,Group E,False,AS Roma,serie_a,FC Barcelona,la_liga,1,1
2015-09-16,2015-16,ucl,Group E,False,Bayer 04 Leverkusen,bundesliga,BATE Borisov,,4,1
2015-09-16,2015-16,ucl,Group G,False,Chelsea FC,epl,Maccabi Tel Aviv,,4,0
2015-09-16,2015-16,ucl,Group G,False,Dinamo Kiev,,FC Porto,,2,2
2015-09-16,2015-16,ucl,Group F,False,Dinamo Zagreb,,Arsenal FC,epl,2,1
2015-09-16,2015-16,ucl,Group H,False,KAA Gent,,Olympique Lyonnais,ligue_1,1,1
2015-09-16,2015-16,ucl,Group F,False,Olympiakos Piraeus,,FC Bayern München,bundesliga,0,3
2015-09-16,2015-16,ucl,Group H,False,Valencia CF,la_liga,Zenit St. Petersburg,,2,3
2015-09-29,2015-16,ucl,Group F,False,Arsenal FC,epl,Olympiakos Piraeus,,2,3
2015-09-29,2015-16,ucl,Group E,False,BATE Borisov,,AS Roma,serie_a,3,2
2015-09-29,2015-16,ucl,Group E,False,FC Barcelona,la_liga,Bayer 04 Leverkusen,bundesliga,2,1
2015-09-29,2015-16,ucl,Group F,False,FC Bayern München,bundesliga,Dinamo Zagreb,,5,0
2015-09-29,2015-16,ucl,Group G,False,FC Porto,,Chelsea FC,epl,2,1
2015-09-29,2015-16,ucl,Group G,False,Maccabi Tel Aviv,,Dinamo Kiev,,0,2
2015-09-29,2015-16,ucl,Group H,False,Olympique Lyonnais,ligue_1,Valencia CF,la_liga,0,1
2015-09-29,2015-16,ucl,Group H,False,Zenit St. Petersburg,,KAA Gent,,2,1
2015-09-30,2015-16,ucl,Group D,False,Borussia Mönchengladbach,bundesliga,Manchester City FC,epl,1,2
2015-09-30,2015-16,ucl,Group B,False,CSKA Moskva,,PSV Eindhoven,,3,2
2015-09-30,2015-16,ucl,Group C,False,Club Atlético de Madrid,la_liga,SL Benfica,,1,2
2015-09-30,2015-16,ucl,Group C,False,FK Astana,,Galatasaray,,2,2
2015-09-30,2015-16,ucl,Group D,False,Juventus FC,serie_a,Sevilla FC,la_liga,2,0
2015-09-30,2015-16,ucl,Group A,False,Malmö FF,,Real Madrid CF,la_liga,0,2
2015-09-30,2015-16,ucl,Group B,False,Manchester United FC,epl,VfL Wolfsburg,bundesliga,2,1
2015-09-30,2015-16,ucl,Group A,False,Shakhtar Donetsk,,Paris Saint-Germain FC,ligue_1,0,3
2015-10-20,2015-16,ucl,Group F,False,Arsenal FC,epl,FC Bayern München,bundesliga,2,0
2015-10-20,2015-16,ucl,Group E,False,BATE Borisov,,FC Barcelona,la_liga,0,2
2015-10-20,2015-16,ucl,Group E,False,Bayer 04 Leverkusen,bundesliga,AS Roma,serie_a,4,4
2015-10-20,2015-16,ucl,Group G,False,Dinamo Kiev,,Chelsea FC,epl,0,0
2015-10-20,2015-16,ucl,Group F,False,Dinamo Zagreb,,Olympiakos Piraeus,,0,1
2015-10-20,2015-16,ucl,Group G,False,FC Porto,,Maccabi Tel Aviv,,2,0
2015-10-20,2015-16,ucl,Group H,False,Valencia CF,la_liga,KAA Gent,,2,1
2015-10-20,2015-16,ucl,Group H,False,Zenit St. Petersburg,,Olympique Lyonnais,ligue_1,3,1
2015-10-21,2015-16,ucl,Group B,False,CSKA Moskva,,Manchester United FC,epl,1,1
2015-10-21,2015-16,ucl,Group C,False,Club Atlético de Madrid,la_liga,FK Astana,,4,0
2015-10-21,2015-16,ucl,Group C,False,Galatasaray,,SL Benfica,,2,1
2015-10-21,2015-16,ucl,Group D,False,Juventus FC,serie_a,Borussia Mönchengladbach,bundesliga,0,0
2015-10-21,2015-16,ucl,Group A,False,Malmö FF,,Shakhtar Donetsk,,1,0
2015-10-21,2015-16,ucl,Group D,False,Manchester City FC,epl,Sevilla FC,la_liga,2,1
2015-10-21,2015-16,ucl,Group A,False,Paris Saint-Germain FC,ligue_1,Real Madrid CF,la_liga,0,0
2015-10-21,2015-16,ucl,Group B,False,VfL Wolfsburg,bundesliga,PSV Eindhoven,,2,0
2015-11-03,2015-16,ucl,Group D,False,Borussia Mönchengladbach,bundesliga,Juventus FC,serie_a,1,1
2015-11-03,2015-16,ucl,Group C,False,FK Astana,,Club Atlético de Madrid,la_liga,0,0
2015-11-03,2015-16,ucl,Group B,False,Manchester United FC,epl,CSKA Moskva,,1,0
2015-11-03,2015-16,ucl,Group B,False,PSV Eindhoven,,VfL Wolfsburg,bundesliga,2,0
2015-11-03,2015-16,ucl,Group A,False,Real Madrid CF,la_liga,Paris Saint-Germain FC,ligue_1,1,0
2015-11-03,2015-16,ucl,Group C,False,SL Benfica,,Galatasaray,,2,1
2015-11-03,2015-16,ucl,Group D,False,Sevilla FC,la_liga,Manchester City FC,epl,1,3
2015-11-03,2015-16,ucl,Group A,False,Shakhtar Donetsk,,Malmö FF,,4,0
2015-11-04,2015-16,ucl,Group E,False,AS Roma,serie_a,Bayer 04 Leverkusen,bundesliga,3,2
2015-11-04,2015-16,ucl,Group G,False,Chelsea FC,epl,Dinamo Kiev,,2,1
2015-11-04,2015-16,ucl,Group E,False,FC Barcelona,la_liga,BATE Borisov,,3,0
2015-11-04,2015-16,ucl,Group F,False,FC Bayern München,bundesliga,Arsenal FC,epl,5,1
2015-11-04,2015-16,ucl,Group H,False,KAA Gent,,Valencia CF,la_liga,1,0
2015-11-04,2015-16,ucl,Group G,False,Maccabi Tel Aviv,,FC Porto,,1,3
2015-11-04,2015-16,ucl,Group F,False,Olympiakos Piraeus,,Dinamo Zagreb,,2,1
2015-11-04,2015-16,ucl,Group H,False,Olympique Lyonnais,ligue_1,Zenit St. Petersburg,,0,2
2015-11-24,2015-16,ucl,Group F,False,Arsenal FC,epl,Dinamo Zagreb,,3,0
2015-11-24,2015-16,ucl,Group E,False,BATE Borisov,,Bayer 04 Leverkusen,bundesliga,1,1
2015-11-24,2015-16,ucl,Group E,False,FC Barcelona,la_liga,AS Roma,serie_a,6,1
2015-11-24,2015-16,ucl,Group F,False,FC Bayern München,bundesliga,Olympiakos Piraeus,,4,0
2015-11-24,2015-16,ucl,Group G,False,FC Porto,,Dinamo Kiev,,0,2
2015-11-24,2015-16,ucl,Group G,False,Maccabi Tel Aviv,,Chelsea FC,epl,0,4
2015-11-24,2015-16,ucl,Group H,False,Olympique Lyonnais,ligue_1,KAA Gent,,1,2
2015-11-24,2015-16,ucl,Group H,False,Zenit St. Petersburg,,Valencia CF,la_liga,2,0
2015-11-25,2015-16,ucl,Group D,False,Borussia Mönchengladbach,bundesliga,Sevilla FC,la_liga,4,2
2015-11-25,2015-16,ucl,Group B,False,CSKA Moskva,,VfL Wolfsburg,bundesliga,0,2
2015-11-25,2015-16,ucl,Group C,False,Club Atlético de Madrid,la_liga,Galatasaray,,2,0
2015-11-25,2015-16,ucl,Group C,False,FK Astana,,SL Benfica,,2,2
2015-11-25,2015-16,ucl,Group D,False,Juventus FC,serie_a,Manchester City FC,epl,1,0
2015-11-25,2015-16,ucl,Group A,False,Malmö FF,,Paris Saint-Germain FC,ligue_1,0,5
2015-11-25,2015-16,ucl,Group B,False,Manchester United FC,epl,PSV Eindhoven,,0,0
2015-11-25,2015-16,ucl,Group A,False,Shakhtar Donetsk,,Real Madrid CF,la_liga,3,4
2015-12-08,2015-16,ucl,Group C,False,Galatasaray,,FK Astana,,1,1
2015-12-08,2015-16,ucl,Group D,False,Manchester City FC,epl,Borussia Mönchengladbach,bundesliga,4,2
2015-12-08,2015-16,ucl,Group B,False,PSV Eindhoven,,CSKA Moskva,,2,1
2015-12-08,2015-16,ucl,Group A,False,Paris Saint-Germain FC,ligue_1,Shakhtar Donetsk,,2,0
2015-12-08,2015-16,ucl,Group A,False,Real Madrid CF,la_liga,Malmö FF,,8,0
2015-12-08,2015-16,ucl,Group C,False,SL Benfica,,Club Atlético de Madrid,la_liga,1,2
2015-12-08,2015-16,ucl,Group D,False,Sevilla FC,la_liga,Juventus FC,serie_a,1,0
2015-12-08,2015-16,ucl,Group B,False,VfL Wolfsburg,bundesliga,Manchester United FC,epl,3,2
2015-12-09,2015-16,ucl,Group E,False,AS Roma,serie_a,BATE Borisov,,0,0
2015-12-09,2015-16,ucl,Group E,False,Bayer 04 Leverkusen,bundesliga,FC Barcelona,la_liga,1,1
2015-12-09,2015-16,ucl,Group G,False,Chelsea FC,epl,FC Porto,,2,0
2015-12-09,2015-16,ucl,Group G,False,Dinamo Kiev,,Maccabi Tel Aviv,,1,0
2015-12-09,2015-16,ucl,Group F,False,Dinamo Zagreb,,FC Bayern München,bundesliga,0,2
2015-12-09,2015-16,ucl,Group H,False,KAA Gent,,Zenit St. Petersburg,,2,1
2015-12-09,2015-16,ucl,Group F,False,Olympiakos Piraeus,,Arsenal FC,epl,0,3
2015-12-09,2015-16,ucl,Group H,False,Valencia CF,la_liga,Olympique Lyonnais,ligue_1,0,2
2016-02-16,2015-16,ucl,Round of 16,False,Paris Saint-Germain FC,ligue_1,Chelsea FC,epl,2,1
2016-02-16,2015-16,ucl,Round of 16,False,SL Benfica,,Zenit St. Petersburg,,1,0
2016-02-17,2015-16,ucl,Round of 16,False,AS Roma,serie_a,Real Madrid CF,la_liga,0,2
2016-02-17,2015-16,ucl,Round of 16,False,KAA Gent,,VfL Wolfsburg,bundesliga,2,3
2016-02-23,2015-16,ucl,Round of 16,False,Arsenal FC,epl,FC Barcelona,la_liga,0,2
2016-02-23,2015-16,ucl,Round of 16,False,Juventus FC,serie_a,FC Bayern München,bundesliga,2,2
2016-02-24,2015-16,ucl,Round of 16,False,Dinamo Kiev,,Manchester City FC,epl,1,3
2016-02-24,2015-16,ucl,Round of 16,False,PSV Eindhoven,,Club Atlético de Madrid,la_liga,0,0
2016-03-08,2015-16,ucl,Round of 16,False,Real Madrid CF,la_liga,AS Roma,serie_a,2,0
2016-03-08,2015-16,ucl,Round of 16,False,VfL Wolfsburg,bundesliga,KAA Gent,,1,0
2016-03-09,2015-16,ucl,Round of 16,False,Chelsea FC,epl,Paris Saint-Germain FC,ligue_1,1,2
2016-03-09,2015-16,ucl,Round of 16,False,Zenit St. Petersburg,,SL Benfica,,1,2
2016-03-15,2015-16,ucl,Round of 16,False,Club Atlético de Madrid,la_liga,PSV Eindhoven,,0,0
2016-03-15,2015-16,ucl,Round of 16,False,Manchester City FC,epl,Dinamo Kiev,,0,0
2016-03-16,2015-16,ucl,Round of 16,False,FC Barcelona,la_liga,Arsenal FC,epl,3,1
2016-03-16,2015-16,ucl,Round of 16,False,FC Bayern München,bundesliga,Juventus FC,serie_a,4,2
2016-04-05,2015-16,ucl,Quarterfinals,False,FC Barcelona,la_liga,Club Atlético de Madrid,la_liga,2,1
2016-04-05,2015-16,ucl,Quarterfinals,False,FC Bayern München,bundesliga,SL Benfica,,1,0
2016-04-06,2015-16,ucl,Quarterfinals,False,Paris Saint-Germain FC,ligue_1,Manchester City FC,epl,2,2
2016-04-06,2015-16,ucl,Quarterfinals,False,VfL Wolfsburg,bundesliga,Real Madrid CF,la_liga,2,0
2016-04-12,2015-16,ucl,Quarterfinals,False,Manchester City FC,epl,Paris Saint-Germain FC,ligue_1,1,0
2016-04-12,2015-16,ucl,Quarterfinals,False,Real Madrid CF,la_liga,VfL Wolfsburg,bundesliga,3,0
2016-04-13,2015-16,ucl,Quarterfinals,False,Club Atlético de Madrid,la_liga,FC Barcelona,la_liga,2,0
2016-04-13,2015-16,ucl,Quarterfinals,False,SL Benfica,,FC Bayern München,bundesliga,2,2
2016-04-26,2015-16,ucl,Semifinals,False,Manchester City FC,epl,Real Madrid CF,la_liga,0,0
2016-04-27,2015-16,ucl,Semifinals,False,Club Atlético de Madrid,la_liga,FC Bayern München,bundesliga,1,0
2016-05-03,2015-16,ucl,Semifinals,False,FC Bayern München,bundesliga,Club Atlético de Madrid,la_liga,2,1
2016-05-04,2015-16,ucl,Semifinals,False,Real Madrid CF,la_liga,Manchester City FC,epl,1,0
2016-05-28,2015-16,ucl,Final,True,Real Madrid CF,la_liga,Club Atlético de Madrid,la_liga,1,1
2016-09-13,2016-17,ucl,Group B,False,Dinamo Kiev,,SSC Napoli,serie_a,1,2
2016-09-13,2016-17,ucl,Group C,False,FC Barcelona,la_liga,Celtic FC,,7,0
2016-09-13,2016-17,ucl,Group A,False,FC Basel 1893,,PFC Ludogorets Razgrad,,1,1
2016-09-13,2016-17,ucl,Group D,False,FC Bayern München,bundesliga,FK Rostov,,5,0
2016-09-13,2016-17,ucl,Group D,False,PSV Eindhoven,,Club Atlético de Madrid,la_liga,0,1
2016-09-13,2016-17,ucl,Group A,False,Paris Saint-Germain FC,ligue_1,Arsenal FC,epl,1,1
2016-09-13,2016-17,ucl,Group B,False,SL Benfica,,Beşiktaş,,1,1
2016-09-14,2016-17,ucl,Group E,False,Bayer 04 Leverkusen,bundesliga,CSKA Moskva,,2,2
2016-09-14,2016-17,ucl,Group G,False,Club Brugge KV,,Leicester City FC,epl,0,3
2016-09-14,2016-17,ucl,Group G,False,FC Porto,,FC København,,1,1
2016-09-14,2016-17,ucl,Group H,False,Juventus FC,serie_a,Sevilla FC,la_liga,0,0
2016-09-14,2016-17,ucl,Group F,False,Legia Warszawa,,Borussia Dortmund,bundesliga,0,6
2016-09-14,2016-17,ucl,Group C,False,Manchester City FC,epl,Borussia Mönchengladbach,bundesliga,4,0
2016-09-14,2016-17,ucl,Group H,False,Olympique Lyonnais,ligue_1,Dinamo Zagreb,,3,0
2016-09-14,2016-17,ucl,Group F,False,Real Madrid CF,la_liga,Sporting CP,,2,1
2016-09-14,2016-17,ucl,Group E,False,Tottenham Hotspur FC,epl,AS Monaco FC,ligue_1,1,2
2016-09-27,2016-17,ucl,Group E,False,AS Monaco FC,ligue_1,Bayer 04 Leverkusen,bundesliga,1,1
2016-09-27,2016-17,ucl,Group F,False,Borussia Dortmund,bundesliga,Real Madrid CF,la_liga,2,2
2016-09-27,2016-17,ucl,Group E,False,CSKA Moskva,,Tottenham Hotspur FC,epl,0,1
2016-09-27,2016-17,ucl,Group H,False,Dinamo Zagreb,,Juventus FC,serie_a,0,4
2016-09-27,2016-17,ucl,Group G,False,FC København,,Club Brugge KV,,4,0
2016-09-27,2016-17,ucl,Group G,False,Leicester City FC,epl,FC Porto,,1,0
2016-09-27,2016-17,ucl,Group H,False,Sevilla FC,la_liga,Olympique Lyonnais,ligue_1,1,0
2016-09-27,2016-17,ucl,Group F,False,Sporting CP,,Legia Warszawa,,2,0
2016-09-28,2016-17,ucl,Group A,False,Arsenal FC,epl,FC Basel 1893,,2,0
2016-09-28,2016-17,ucl,Group B,False,Beşiktaş,,Dinamo Kiev,,1,1
2016-09-28,2016-17,ucl,Group C,False,Borussia Mönchengladbach,bundesliga,FC Barcelona,la_liga,1,2
2016-09-28,2016-17,ucl,Group C,False,Celtic FC,,Manchester City FC,epl,3,3
2016-09-28,2016-17,ucl,Group D,False,Club Atlético de Madrid,la_liga,FC Bayern München,bundesliga,1,0
2016-09-28,2016-17,ucl,Group D,False,FK Rostov,,PSV Eindhoven,,2,2
2016-09-28,2016-17,ucl,Group A,False,PFC Ludogorets Razgrad,,Paris Saint-Germain FC,ligue_1,1,3
2016-09-28,2016-17,ucl,Group B,False,SSC Napoli,serie_a,SL Benfica,,4,2
2016-10-18,2016-17,ucl,Group E,False,Bayer 04 Leverkusen,bundesliga,Tottenham Hotspur FC,epl,0,0
2016-10-18,2016-17,ucl,Group E,False,CSKA Moskva,,AS Monaco FC,ligue_1,1,1
2016-10-18,2016-17,ucl,Group G,False,Club Brugge KV,,FC Porto,,1,2
2016-10-18,2016-17,ucl,Group H,False,Dinamo Zagreb,,Sevilla FC,la_liga,0,1
2016-10-18,2016-17,ucl,Group G,False,Leicester City FC,epl,FC København,,1,0
2016-10-18,2016-17,ucl,Group H,False,Olympique Lyonnais,ligue_1,Juventus FC,serie_a,0,1
2016-10-18,2016-17,ucl,Group F,False,Real Madrid CF,la_liga,Legia Warszawa,,5,1
2016-10-18,2016-17,ucl,Group F,False,Sporting CP,,Borussia Dortmund,bundesliga,1,2
2016-10-19,2016-17,ucl,Group A,False,Arsenal FC,epl,PFC Ludogorets Razgrad,,6,0
2016-10-19,2016-17,ucl,Group C,False,Celtic FC,,Borussia Mönchengladbach,bundesliga,0,2
2016-10-19,2016-17,ucl,Group B,False,Dinamo Kiev,,SL Benfica,,0,2
2016-10-19,2016-17,ucl,Group C,False,FC Barcelona,la_liga,Manchester City FC,epl,4,0
2016-10-19,2016-17,ucl,Group D,False,FC Bayern München,bundesliga,PSV Eindhoven,,4,1
2016-10-19,2016-17,ucl,Group D,False,FK Rostov,,Club Atlético de Madrid,la_liga,0,1
2016-10-19,2016-17,ucl,Group A,False,Paris Saint-Germain FC,ligue_1,FC Basel 1893,,3,0
2016-10-19,2016-17,ucl,Group B,False,SSC Napoli,serie_a,Beşiktaş,,2,3
2016-11-01,2016-17,ucl,Group B,False,Beşiktaş,,SSC Napoli,serie_a,1,1
2016-11-01,2016-17,ucl,Group C,False,Borussia Mönchengladbach,bundesliga,Celtic FC,,1,1
2016-11-01,2016-17,ucl,Group D,False,Club Atlético de Madrid,la_liga,FK Rostov,,2,1
2016-11-01,2016-17,ucl,Group A,False,FC Basel 1893,,Paris Saint-Germain FC,ligue_1,1,2
2016-11-01,2016-17,ucl,Group C,False,Manchester City FC,epl,FC Barcelona,la_liga,3,1
2016-11-01,2016-17,ucl,Group A,False,PFC Ludogorets Razgrad,,Arsenal FC,epl,2,3
2016-11-01,2016-17,ucl,Group D,False,PSV Eindhoven,,FC Bayern München,bundesliga,1,2
2016-11-01,2016-17,ucl,Group B,False,SL Benfica,,Dinamo Kiev,,1,0
2016-11-02,2016-17,ucl,Group E,False,AS Monaco FC,ligue_1,CSKA Moskva,,3,0
2016-11-02,2016-17,ucl,Group F,False,Borussia Dortmund,bundesliga,Sporting CP,,1,0
2016-11-02,2016-17,ucl,Group G,False,FC København,,Leicester City FC,epl,0,0
2016-11-02,2016-17,ucl,Group G,False,FC Porto,,Club Brugge KV,,1,0
2016-11-02,2016-17,ucl,Group H,False,Juventus FC,serie_a,Olympique Lyonnais,ligue_1,1,1
2016-11-02,2016-17,ucl,Group F,False,Legia Warszawa,,Real Madrid CF,la_liga,3,3
2016-11-02,2016-17,ucl,Group H,False,Sevilla FC,la_liga,Dinamo Zagreb,,4,0
2016-11-02,2016-17,ucl,Group E,False,Tottenham Hotspur FC,epl,Bayer 04 Leverkusen,bundesliga,0,1
2016-11-22,2016-17,ucl,Group E,False,AS Monaco FC,ligue_1,Tottenham Hotspur FC,epl,2,1
2016-11-22,2016-17,ucl,Group F,False,Borussia Dortmund,bundesliga,Legia Warszawa,,8,4
2016-11-22,2016-17,ucl,Group E,False,CSKA Moskva,,Bayer 04 Leverkusen,bundesliga,1,1
2016-11-22,2016-17,ucl,Group H,False,Dinamo Zagreb,,Olympique Lyonnais,ligue_1,0,1
2016-11-22,2016-17,ucl,Group G,False,FC København,,FC Porto,,0,0
2016-11-22,2016-17,ucl,Group G,False,Leicester City FC,epl,Club Brugge KV,,2,1
2016-11-22,2016-17,ucl,Group H,False,Sevilla FC,la_liga,Juventus FC,serie_a,1,3
2016-11-22,2016-17,ucl,Group F,False,Sporting CP,,Real Madrid CF,la_liga,1,2
2016-11-23,2016-17,ucl,Group A,False,Arsenal FC,epl,Paris Saint-Germain FC,ligue_1,2,2
2016-11-23,2016-17,ucl,Group B,False,Beşiktaş,,SL Benfica,,3,3
2016-11-23,2016-17,ucl,Group C,False,Borussia Mönchengladbach,bundesliga,Manchester City FC,epl,1,1
2016-11-23,2016-17,ucl,Group C,False,Celtic FC,,FC Barcelona,la_liga,0,2
2016-11-23,2016-17,ucl,Group D,False,Club Atlético de Madrid,la_liga,PSV Eindhoven,,2,0
2016-11-23,2016-17,ucl,Group D,False,FK Rostov,,FC Bayern München,bundesliga,3,2
2016-11-23,2016-17,ucl,Group A,False,PFC Ludogorets Razgrad,,FC Basel 1893,,0,0
2016-11-23,2016-17,ucl,Group B,False,SSC Napoli,serie_a,Dinamo Kiev,,0,0
2016-12-06,2016-17,ucl,Group B,False,Dinamo Kiev,,Beşiktaş,,6,0
2016-12-06,2016-17,ucl,Group C,False,FC Barcelona,la_liga,Borussia Mönchengladbach,bundesliga,4,0
2016-12-06,2016-17,ucl,Group A,False,FC Basel 1893,,Arsenal FC,epl,1,4
2016-12-06,2016-17,ucl,Group D,False,FC Bayern München,bundesliga,Club Atlético de Madrid,la_liga,1,0
2016-12-06,2016-17,ucl,Group C,False,Manchester City FC,epl,Celtic FC,,1,1
2016-12-06,2016-17,ucl,Group D,False,PSV Eindhoven,,FK Rostov,,0,0
2016-12-06,2016-17,ucl,Group A,False,Paris Saint-Germain FC,ligue_1,PFC Ludogorets Razgrad,,2,2
2016-12-06,2016-17,ucl,Group B,False,SL Benfica,,SSC Napoli,serie_a,1,2
2016-12-07,2016-17,ucl,Group E,False,Bayer 04 Leverkusen,bundesliga,AS Monaco FC,ligue_1,3,0
2016-12-07,2016-17,ucl,Group G,False,Club Brugge KV,,FC København,,0,2
2016-12-07,2016-17,ucl,Group G,False,FC Porto,,Leicester City FC,epl,5,0
2016-12-07,2016-17,ucl,Group H,False,Juventus FC,serie_a,Dinamo Zagreb,,2,0
2016-12-07,2016-17,ucl,Group F,False,Legia Warszawa,,Sporting CP,,1,0
2016-12-07,2016-17,ucl,Group H,False,Olympique Lyonnais,ligue_1,Sevilla FC,la_liga,0,0
2016-12-07,2016-17,ucl,Group F,False,Real Madrid CF,la_liga,Borussia Dortmund,bundesliga,2,2
2016-12-07,2016-17,ucl,Group E,False,Tottenham Hotspur FC,epl,CSKA Moskva,,3,1
2017-02-14,2016-17,ucl,Round of 16,False,Paris Saint-Germain FC,ligue_1,FC Barcelona,la_liga,4,0
2017-02-14,2016-17,ucl,Round of 16,False,SL Benfica,,Borussia Dortmund,bundesliga,1,0
2017-02-15,2016-17,ucl,Round of 16,False,FC Bayern München,bundesliga,Arsenal FC,epl,5,1
2017-02-15,2016-17,ucl,Round of 16,False,Real Madrid CF,la_liga,SSC Napoli,serie_a,3,1
2017-02-21,2016-17,ucl,Round of 16,False,Bayer 04 Leverkusen,bundesliga,Club Atlético de Madrid,la_liga,2,4
2017-02-21,2016-17,ucl,Round of 16,False,Manchester City FC,epl,AS Monaco FC,ligue_1,5,3
2017-02-22,2016-17,ucl,Round of 16,False,FC Porto,,Juventus FC,serie_a,0,2
2017-02-22,2016-17,ucl,Round of 16,False,Sevilla FC,la_liga,Leicester City FC,epl,2,1
2017-03-07,2016-17,ucl,Round of 16,False,Arsenal FC,epl,FC Bayern München,bundesliga,1,5
2017-03-07,2016-17,ucl,Round of 16,False,SSC Napoli,serie_a,Real Madrid CF,la_liga,1,3
2017-03-08,2016-17,ucl,Round of 16,False,Borussia Dortmund,bundesliga,SL Benfica,,4,0
2017-03-08,2016-17,ucl,Round of 16,False,FC Barcelona,la_liga,Paris Saint-Germain FC,ligue_1,6,1
2017-03-14,2016-17,ucl,Round of 16,False,Juventus FC,serie_a,FC Porto,,1,0
2017-03-14,2016-17,ucl,Round of 16,False,Leicester City FC,epl,Sevilla FC,la_liga,2,0
2017-03-15,2016-17,ucl,Round of 16,False,AS Monaco FC,ligue_1,Manchester City FC,epl,3,1
2017-03-15,2016-17,ucl,Round of 16,False,Club Atlético de Madrid,la_liga,Bayer 04 Leverkusen,bundesliga,0,0
2017-04-11,2016-17,ucl,Quarterfinals,False,Juventus FC,serie_a,FC Barcelona,la_liga,3,0
2017-04-12,2016-17,ucl,Quarterfinals,False,Borussia Dortmund,bundesliga,AS Monaco FC,ligue_1,2,3
2017-04-12,2016-17,ucl,Quarterfinals,False,Club Atlético de Madrid,la_liga,Leicester City FC,epl,1,0
2017-04-12,2016-17,ucl,Quarterfinals,False,FC Bayern München,bundesliga,Real Madrid CF,la_liga,1,2
2017-04-18,2016-17,ucl,Quarterfinals,False,Leicester City FC,epl,Club Atlético de Madrid,la_liga,1,1
2017-04-18,2016-17,ucl,Quarterfinals,False,Real Madrid CF,la_liga,FC Bayern München,bundesliga,4,2
2017-04-19,2016-17,ucl,Quarterfinals,False,AS Monaco FC,ligue_1,Borussia Dortmund,bundesliga,3,1
2017-04-19,2016-17,ucl,Quarterfinals,False,FC Barcelona,la_liga,Juventus FC,serie_a,0,0
2017-05-02,2016-17,ucl,Semifinals,False,Real Madrid CF,la_liga,Club Atlético de Madrid,la_liga,3,0
2017-05-03,2016-17,ucl,Semifinals,False,AS Monaco FC,ligue_1,Juventus FC,serie_a,0,2
2017-05-09,2016-17,ucl,Semifinals,False,Juventus FC,serie_a,AS Monaco FC,ligue_1,2,1
2017-05-10,2016-17,ucl,Semifinals,False,Club Atlético de Madrid,la_liga,Real Madrid CF,la_liga,2,1
2017-06-03,2016-17,ucl,Final,True,Juventus FC,serie_a,Real Madrid CF,la_liga,1,4
2017-09-12,2017-18,ucl,Group C,False,AS Roma,serie_a,Club Atlético de Madrid,la_liga,0,0
2017-09-12,2017-18,ucl,Group B,False,Celtic FC,,Paris Saint-Germain FC,ligue_1,0,5
2017-09-12,2017-18,ucl,Group C,False,Chelsea FC,epl,Qarabağ FK,,6,0
2017-09-12,2017-18,ucl,Group D,False,FC Barcelona,la_liga,Juventus FC,serie_a,3,0
2017-09-12,2017-18,ucl,Group B,False,FC Bayern München,bundesliga,RSC Anderlecht,,3,0
2017-09-12,2017-18,ucl,Group A,False,Manchester United FC,epl,FC Basel 1893,,3,0
2017-09-12,2017-18,ucl,Group D,False,Olympiakos Piraeus,,Sporting CP,,2,3
2017-09-12,2017-18,ucl,Group A,False,SL Benfica,,CSKA Moskva,,1,2
2017-09-13,2017-18,ucl,Group G,False,FC Porto,,Beşiktaş,,1,3
2017-09-13,2017-18,ucl,Group F,False,Feyenoord,,Manchester City FC,epl,0,4
2017-09-13,2017-18,ucl,Group E,False,Liverpool FC,epl,Sevilla FC,la_liga,2,2
2017-09-13,2017-18,ucl,Group E,False,NK Maribor,,Spartak Moskva,,1,1
2017-09-13,2017-18,ucl,Group G,False,RB Leipzig,bundesliga,AS Monaco FC,ligue_1,1,1
2017-09-13,2017-18,ucl,Group H,False,Real Madrid CF,la_liga,APOEL Nikosia,,3,0
2017-09-13,2017-18,ucl,Group F,False,Shakhtar Donetsk,,SSC Napoli,serie_a,2,1
2017-09-13,2017-18,ucl,Group H,False,Tottenham Hotspur FC,epl,Borussia Dortmund,bundesliga,3,1
2017-09-26,2017-18,ucl,Group H,False,APOEL Nikosia,,Tottenham Hotspur FC,epl,0,3
2017-09-26,2017-18,ucl,Group G,False,AS Monaco FC,ligue_1,FC Porto,,0,3
2017-09-26,2017-18,ucl,Group G,False,Beşiktaş,,RB Leipzig,bundesliga,2,0
2017-09-26,2017-18,ucl,Group H,False,Borussia Dortmund,bundesliga,Real Madrid CF,la_liga,1,3
2017-09-26,2017-18,ucl,Group F,False,Manchester City FC,epl,Shakhtar Donetsk,,2,0
2017-09-26,2017-18,ucl,Group F,False,SSC Napoli,serie_a,Feyenoord,,3,1
2017-09-26,2017-18,ucl,Group E,False,Sevilla FC,la_liga,NK Maribor,,3,0
2017-09-26,2017-18,ucl,Group E,False,Spartak Moskva,,Liverpool FC,epl,1,1
2017-09-27,2017-18,ucl,Group A,False,CSKA Moskva,,Manchester United FC,epl,1,4
2017-09-27,2017-18,ucl,Group C,False,Club Atlético de Madrid,la_liga,Chelsea FC,epl,1,2
2017-09-27,2017-18,ucl,Group A,False,FC Basel 1893,,SL Benfica,,5,0
2017-09-27,2017-18,ucl,Group D,False,Juventus FC,serie_a,Olympiakos Piraeus,,2,0
2017-09-27,2017-18,ucl,Group B,False,Paris Saint-Germain FC,ligue_1,FC Bayern München,bundesliga,3,0
2017-09-27,2017-18,ucl,Group C,False,Qarabağ FK,,AS Roma,serie_a,1,2
2017-09-27,2017-18,ucl,Group B,False,RSC Anderlecht,,Celtic FC,,0,3
2017-09-27,2017-18,ucl,Group D,False,Sporting CP,,FC Barcelona,la_liga,0,1
2017-10-17,2017-18,ucl,Group H,False,APOEL Nikosia,,Borussia Dortmund,bundesliga,1,1
2017-10-17,2017-18,ucl,Group G,False,AS Monaco FC,ligue_1,Beşiktaş,,1,2
2017-10-17,2017-18,ucl,Group F,False,Feyenoord,,Shakhtar Donetsk,,1,2
2017-10-17,2017-18,ucl,Group F,False,Manchester City FC,epl,SSC Napoli,serie_a,2,1
2017-10-17,2017-18,ucl,Group E,False,NK Maribor,,Liverpool FC,epl,0,7
2017-10-17,2017-18,ucl,Group G,False,RB Leipzig,bundesliga,FC Porto,,3,2
2017-10-17,2017-18,ucl,Group H,False,Real Madrid CF,la_liga,Tottenham Hotspur FC,epl,1,1
2017-10-17,2017-18,ucl,Group E,False,Spartak Moskva,,Sevilla FC,la_liga,5,1
2017-10-18,2017-18,ucl,Group A,False,CSKA Moskva,,FC Basel 1893,,0,2
2017-10-18,2017-18,ucl,Group C,False,Chelsea FC,epl,AS Roma,serie_a,3,3
2017-10-18,2017-18,ucl,Group D,False,FC Barcelona,la_liga,Olympiakos Piraeus,,3,1
2017-10-18,2017-18,ucl,Group B,False,FC Bayern München,bundesliga,Celtic FC,,3,0
2017-10-18,2017-18,ucl,Group D,False,Juventus FC,serie_a,Sporting CP,,2,1
2017-10-18,2017-18,ucl,Group C,False,Qarabağ FK,,Club Atlético de Madrid,la_liga,0,0
2017-10-18,2017-18,ucl,Group B,False,RSC Anderlecht,,Paris Saint-Germain FC,ligue_1,0,4
2017-10-18,2017-18,ucl,Group A,False,SL Benfica,,Manchester United FC,epl,0,1
2017-10-31,2017-18,ucl,Group C,False,AS Roma,serie_a,Chelsea FC,epl,3,0
2017-10-31,2017-18,ucl,Group B,False,Celtic FC,,FC Bayern München,bundesliga,1,2
2017-10-31,2017-18,ucl,Group C,False,Club Atlético de Madrid,la_liga,Qarabağ FK,,1,1
2017-10-31,2017-18,ucl,Group A,False,FC Basel 1893,,CSKA Moskva,,1,2
2017-10-31,2017-18,ucl,Group A,False,Manchester United FC,epl,SL Benfica,,2,0
2017-10-31,2017-18,ucl,Group D,False,Olympiakos Piraeus,,FC Barcelona,la_liga,0,0
2017-10-31,2017-18,ucl,Group B,False,Paris Saint-Germain FC,ligue_1,RSC Anderlecht,,5,0
2017-10-31,2017-18,ucl,Group D,False,Sporting CP,,Juventus FC,serie_a,1,1
2017-11-01,2017-18,ucl,Group G,False,Beşiktaş,,AS Monaco FC,ligue_1,1,1
2017-11-01,2017-18,ucl,Group H,False,Borussia Dortmund,bundesliga,APOEL Nikosia,,1,1
2017-11-01,2017-18,ucl,Group G,False,FC Porto,,RB Leipzig,bundesliga,3,1
2017-11-01,2017-18,ucl,Group E,False,Liverpool FC,epl,NK Maribor,,3,0
2017-11-01,2017-18,ucl,Group F,False,SSC Napoli,serie_a,Manchester City FC,epl,2,4
2017-11-01,2017-18,ucl,Group E,False,Sevilla FC,la_liga,Spartak Moskva,,2,1
2017-11-01,2017-18,ucl,Group F,False,Shakhtar Donetsk,,Feyenoord,,3,1
2017-11-01,2017-18,ucl,Group H,False,Tottenham Hotspur FC,epl,Real Madrid CF,la_liga,3,1
2017-11-21,2017-18,ucl,Group H,False,APOEL Nikosia,,Real Madrid CF,la_liga,0,6
2017-11-21,2017-18,ucl,Group G,False,AS Monaco FC,ligue_1,RB Leipzig,bundesliga,1,4
2017-11-21,2017-18,ucl,Group G,False,Beşiktaş,,FC Porto,,1,1
2017-11-21,2017-18,ucl,Group H,False,Borussia Dortmund,bundesliga,Tottenham Hotspur FC,epl,1,2
2017-11-21,2017-18,ucl,Group F,False,Manchester City FC,epl,Feyenoord,,1,0
2017-11-21,2017-18,ucl,Group F,False,SSC Napoli,serie_a,Shakhtar Donetsk,,3,0
2017-11-21,2017-18,ucl,Group E,False,Sevilla FC,la_liga,Liverpool FC,epl,3,3
2017-11-21,2017-18,ucl,Group E,False,Spartak Moskva,,NK Maribor,,1,1
2017-11-22,2017-18,ucl,Group A,False,CSKA Moskva,,SL Benfica,,2,0
2017-11-22,2017-18,ucl,Group C,False,Club Atlético de Madrid,la_liga,AS Roma,serie_a,2,0
2017-11-22,2017-18,ucl,Group A,False,FC Basel 1893,,Manchester United FC,epl,1,0
2017-11-22,2017-18,ucl,Group D,False,Juventus FC,serie_a,FC Barcelona,la_liga,0,0
2017-11-22,2017-18,ucl,Group B,False,Paris Saint-Germain FC,ligue_1,Celtic FC,,7,1
2017-11-22,2017-18,ucl,Group C,False,Qarabağ FK,,Chelsea FC,epl,0,4
2017-11-22,2017-18,ucl,Group B,False,RSC Anderlecht,,FC Bayern München,bundesliga,1,2
2017-11-22,2017-18,ucl,Group D,False,Sporting CP,,Olympiakos Piraeus,,3,1
2017-12-05,2017-18,ucl,Group C,False,AS Roma,serie_a,Qarabağ FK,,1,0
2017-12-05,2017-18,ucl,Group B,False,Celtic FC,,RSC Anderlecht,,0,1
2017-12-05,2017-18,ucl,Group C,False,Chelsea FC,epl,Club Atlético de Madrid,la_liga,1,1
2017-12-05,2017-18,ucl,Group D,False,FC Barcelona,la_liga,Sporting CP,,2,0
2017-12-05,2017-18,ucl,Group B,False,FC Bayern München,bundesliga,Paris Saint-Germain FC,ligue_1,3,1
2017-12-05,2017-18,ucl,Group A,False,Manchester United FC,epl,CSKA Moskva,,2,1
2017-12-05,2017-18,ucl,Group D,False,Olympiakos Piraeus,,Juventus FC,serie_a,0,2
2017-12-05,2017-18,ucl,Group A,False,SL Benfica,,FC Basel 1893,,0,2
2017-12-06,2017-18,ucl,Group G,False,FC Porto,,AS Monaco FC,ligue_1,5,2
2017-12-06,2017-18,ucl,Group F,False,Feyenoord,,SSC Napoli,serie_a,2,1
2017-12-06,2017-18,ucl,Group E,False,Liverpool FC,epl,Spartak Moskva,,7,0
2017-12-06,2017-18,ucl,Group E,False,NK Maribor,,Sevilla FC,la_liga,1,1
2017-12-06,2017-18,ucl,Group G,False,RB Leipzig,bundesliga,Beşiktaş,,1,2
2017-12-06,2017-18,ucl,Group H,False,Real Madrid CF,la_liga,Borussia Dortmund,bundesliga,3,2
2017-12-06,2017-18,ucl,Group F,False,Shakhtar Donetsk,,Manchester City FC,epl,2,1
2017-12-06,2017-18,ucl,Group H,False,Tottenham Hotspur FC,epl,APOEL Nikosia,,3,0
2018-02-13,2017-18,ucl,Round of 16,False,FC Basel 1893,,Manchester City FC,epl,0,4
2018-02-13,2017-18,ucl,Round of 16,False,Juventus FC,serie_a,Tottenham Hotspur FC,epl,2,2
2018-02-14,2017-18,ucl,Round of 16,False,FC Porto,,Liverpool FC,epl,0,5
2018-02-14,2017-18,ucl,Round of 16,False,Real Madrid CF,la_liga,Paris Saint-Germain FC,ligue_1,3,1
2018-02-20,2017-18,ucl,Round of 16,False,Chelsea FC,epl,FC Barcelona,la_liga,1,1
2018-02-20,2017-18,ucl,Round of 16,False,FC Bayern München,bundesliga,Beşiktaş,,5,0
2018-02-21,2017-18,ucl,Round of 16,False,Sevilla FC,la_liga,Manchester United FC,epl,0,0
2018-02-21,2017-18,ucl,Round of 16,False,Shakhtar Donetsk,,AS Roma,serie_a,2,1
2018-03-06,2017-18,ucl,Round of 16,False,Liverpool FC,epl,FC Porto,,0,0
2018-03-06,2017-18,ucl,Round of 16,False,Paris Saint-Germain FC,ligue_1,Real Madrid CF,la_liga,1,2
2018-03-07,2017-18,ucl,Round of 16,False,Manchester City FC,epl,FC Basel 1893,,1,2
2018-03-07,2017-18,ucl,Round of 16,False,Tottenham Hotspur FC,epl,Juventus FC,serie_a,1,2
2018-03-13,2017-18,ucl,Round of 16,False,AS Roma,serie_a,Shakhtar Donetsk,,1,0
2018-03-13,2017-18,ucl,Round of 16,False,Manchester United FC,epl,Sevilla FC,la_liga,1,2
2018-03-14,2017-18,ucl,Round of 16,False,Beşiktaş,,FC Bayern München,bundesliga,1,3
2018-03-14,2017-18,ucl,Round of 16,False,FC Barcelona,la_liga,Chelsea FC,epl,3,0
2018-04-03,2017-18,ucl,Quarterfinals,False,Juventus FC,serie_a,Real Madrid CF,la_liga,0,3
2018-04-03,2017-18,ucl,Quarterfinals,False,Sevilla FC,la_liga,FC Bayern München,bundesliga,1,2
2018-04-04,2017-18,ucl,Quarterfinals,False,FC Barcelona,la_liga,AS Roma,serie_a,4,1
2018-04-04,2017-18,ucl,Quarterfinals,False,Liverpool FC,epl,Manchester City FC,epl,3,0
2018-04-10,2017-18,ucl,Quarterfinals,False,AS Roma,serie_a,FC Barcelona,la_liga,3,0
2018-04-10,2017-18,ucl,Quarterfinals,False,Manchester City FC,epl,Liverpool FC,epl,1,2
2018-04-11,2017-18,ucl,Quarterfinals,False,FC Bayern München,bundesliga,Sevilla FC,la_liga,0,0
2018-04-11,2017-18,ucl,Quarterfinals,False,Real Madrid CF,la_liga,Juventus FC,serie_a,1,3
2018-04-24,2017-18,ucl,Semifinals,False,Liverpool FC,epl,AS Roma,serie_a,5,2
2018-04-25,2017-18,ucl,Semifinals,False,FC Bayern München,bundesliga,Real Madrid CF,la_liga,1,2
2018-05-01,2017-18,ucl,Semifinals,False,Real Madrid CF,la_liga,FC Bayern München,bundesliga,2,2
2018-05-02,2017-18,ucl,Semifinals,False,AS Roma,serie_a,Liverpool FC,epl,4,2
2018-05-26,2017-18,ucl,Final,True,Real Madrid CF,la_liga,Liverpool FC,epl,3,1
2018-09-18,2018-19,ucl,Group A,False,AS Monaco FC,ligue_1,Club Atlético de Madrid,la_liga,1,2
2018-09-18,2018-19,ucl,Group A,False,Club Brugge KV,,Borussia Dortmund,bundesliga,0,1
2018-09-18,2018-19,ucl,Group C,False,Crvena Zvezda,,SSC Napoli,serie_a,0,0
2018-09-18,2018-19,ucl,Group B,False,FC Barcelona,la_liga,PSV Eindhoven,,4,0
2018-09-18,2018-19,ucl,Group B,False,FC Internazionale Milano,serie_a,Tottenham Hotspur FC,epl,2,1
2018-09-18,2018-19,ucl,Group D,False,FC Schalke 04,bundesliga,FC Porto,,1,1
2018-09-18,2018-19,ucl,Group D,False,Galatasaray,,Lokomotiv Moskva,,3,0
2018-09-18,2018-19,ucl,Group C,False,Liverpool FC,epl,Paris Saint-Germain FC,ligue_1,3,2
2018-09-19,2018-19,ucl,Group E,False,AFC Ajax,,AEK Athen,,3,0
2018-09-19,2018-19,ucl,Group H,False,BSC Young Boys,,Manchester United FC,epl,0,3
2018-09-19,2018-19,ucl,Group F,False,Manchester City FC,epl,Olympique Lyonnais,ligue_1,1,2
2018-09-19,2018-19,ucl,Group G,False,Real Madrid CF,la_liga,AS Roma,serie_a,3,0
2018-09-19,2018-19,ucl,Group E,False,SL Benfica,,FC Bayern München,bundesliga,0,2
2018-09-19,2018-19,ucl,Group F,False,Shakhtar Donetsk,,TSG 1899 Hoffenheim,bundesliga,2,2
2018-09-19,2018-19,ucl,Group H,False,Valencia CF,la_liga,Juventus FC,serie_a,0,2
2018-09-19,2018-19,ucl,Group G,False,Viktoria Plzeň,,CSKA Moskva,,2,2
2018-10-02,2018-19,ucl,Group E,False,AEK Athen,,SL Benfica,,2,3
2018-10-02,2018-19,ucl,Group G,False,AS Roma,serie_a,Viktoria Plzeň,,5,0
2018-10-02,2018-19,ucl,Group G,False,CSKA Moskva,,Real Madrid CF,la_liga,1,0
2018-10-02,2018-19,ucl,Group E,False,FC Bayern München,bundesliga,AFC Ajax,,1,1
2018-10-02,2018-19,ucl,Group H,False,Juventus FC,serie_a,BSC Young Boys,,3,0
2018-10-02,2018-19,ucl,Group H,False,Manchester United FC,epl,Valencia CF,la_liga,0,0
2018-10-02,2018-19,ucl,Group F,False,Olympique Lyonnais,ligue_1,Shakhtar Donetsk,,2,2
2018-10-02,2018-19,ucl,Group F,False,TSG 1899 Hoffenheim,bundesliga,Manchester City FC,epl,1,2
2018-10-03,2018-19,ucl,Group A,False,Borussia Dortmund,bundesliga,AS Monaco FC,ligue_1,3,0
2018-10-03,2018-19,ucl,Group A,False,Club Atlético de Madrid,la_liga,Club Brugge KV,,3,1
2018-10-03,2018-19,ucl,Group D,False,FC Porto,,Galatasaray,,1,0
2018-10-03,2018-19,ucl,Group D,False,Lokomotiv Moskva,,FC Schalke 04,bundesliga,0,1
2018-10-03,2018-19,ucl,Group B,False,PSV Eindhoven,,FC Internazionale Milano,serie_a,1,2
2018-10-03,2018-19,ucl,Group C,False,Paris Saint-Germain FC,ligue_1,Crvena Zvezda,,6,1
2018-10-03,2018-19,ucl,Group C,False,SSC Napoli,serie_a,Liverpool FC,epl,1,0
2018-10-03,2018-19,ucl,Group B,False,Tottenham Hotspur FC,epl,FC Barcelona,la_liga,2,4
2018-10-23,2018-19,ucl,Group E,False,AEK Athen,,FC Bayern München,bundesliga,0,2
2018-10-23,2018-19,ucl,Group E,False,AFC Ajax,,SL Benfica,,1,0
2018-10-23,2018-19,ucl,Group G,False,AS Roma,serie_a,CSKA Moskva,,3,0
2018-10-23,2018-19,ucl,Group H,False,BSC Young Boys,,Valencia CF,la_liga,1,1
2018-10-23,2018-19,ucl,Group H,False,Manchester United FC,epl,Juventus FC,serie_a,0,1
2018-10-23,2018-19,ucl,Group G,False,Real Madrid CF,la_liga,Viktoria Plzeň,,2,1
2018-10-23,2018-19,ucl,Group F,False,Shakhtar Donetsk,,Manchester City FC,epl,0,3
2018-10-23,2018-19,ucl,Group F,False,TSG 1899 Hoffenheim,bundesliga,Olympique Lyonnais,ligue_1,3,3
2018-10-24,2018-19,ucl,Group A,False,Borussia Dortmund,bundesliga,Club Atlético de Madrid,la_liga,4,0
2018-10-24,2018-19,ucl,Group A,False,Club Brugge KV,,AS Monaco FC,ligue_1,1,1
2018-10-24,2018-19,ucl,Group B,False,FC Barcelona,la_liga,FC Internazionale Milano,serie_a,2,0
2018-10-24,2018-19,ucl,Group D,False,Galatasaray,,FC Schalke 04,bundesliga,0,0
2018-10-24,2018-19,ucl,Group C,False,Liverpool FC,epl,Crvena Zvezda,,4,0
2018-10-24,2018-19,ucl,Group D,False,Lokomotiv Moskva,,FC Porto,,1,3
2018-10-24,2018-19,ucl,Group B,False,PSV Eindhoven,,Tottenham Hotspur FC,epl,2,2
2018-10-24,2018-19,ucl,Group C,False,Paris Saint-Germain FC,ligue_1,SSC Napoli,serie_a,2,2
2018-11-06,2018-19,ucl,Group A,False,AS Monaco FC,ligue_1,Club Brugge KV,,0,4
2018-11-06,2018-19,ucl,Group A,False,Club Atlético de Madrid,la_liga,Borussia Dortmund,bundesliga,2,0
2018-11-06,2018-19,ucl,Group C,False,Crvena Zvezda,,Liverpool FC,epl,2,0
2018-11-06,2018-19,ucl,Group B,False,FC Internazionale Milano,serie_a,FC Barcelona,la_liga,1,1
2018-11-06,2018-19,ucl,Group D,False,FC Porto,,Lokomotiv Moskva,,4,1
2018-11-06,2018-19,ucl,Group D,False,FC Schalke 04,bundesliga,Galatasaray,,2,0
2018-11-06,2018-19,ucl,Group C,False,SSC Napoli,serie_a,Paris Saint-Germain FC,ligue_1,1,1
2018-11-06,2018-19,ucl,Group B,False,Tottenham Hotspur FC,epl,PSV Eindhoven,,2,1
2018-11-07,2018-19,ucl,Group G,False,CSKA Moskva,,AS Roma,serie_a,1,2
2018-11-07,2018-19,ucl,Group E,False,FC Bayern München,bundesliga,AEK Athen,,2,0
2018-11-07,2018-19,ucl,Group H,False,Juventus FC,serie_a,Manchester United FC,epl,1,2
2018-11-07,2018-19,ucl,Group F,False,Manchester City FC,epl,Shakhtar Donetsk,,6,0
2018-11-07,2018-19,ucl,Group F,False,Olympique Lyonnais,ligue_1,TSG 1899 Hoffenheim,bundesliga,2,2
2018-11-07,2018-19,ucl,Group E,False,SL Benfica,,AFC Ajax,,1,1
2018-11-07,2018-19,ucl,Group H,False,Valencia CF,la_liga,BSC Young Boys,,3,1
2018-11-07,2018-19,ucl,Group G,False,Viktoria Plzeň,,Real Madrid CF,la_liga,0,5
2018-11-27,2018-19,ucl,Group E,False,AEK Athen,,AFC Ajax,,0,2
2018-11-27,2018-19,ucl,Group G,False,AS Roma,serie_a,Real Madrid CF,la_liga,0,2
2018-11-27,2018-19,ucl,Group G,False,CSKA Moskva,,Viktoria Plzeň,,1,2
2018-11-27,2018-19,ucl,Group E,False,FC Bayern München,bundesliga,SL Benfica,,5,1
2018-11-27,2018-19,ucl,Group H,False,Juventus FC,serie_a,Valencia CF,la_liga,1,0
2018-11-27,2018-19,ucl,Group H,False,Manchester United FC,epl,BSC Young Boys,,1,0
2018-11-27,2018-19,ucl,Group F,False,Olympique Lyonnais,ligue_1,Manchester City FC,epl,2,2
2018-11-27,2018-19,ucl,Group F,False,TSG 1899 Hoffenheim,bundesliga,Shakhtar Donetsk,,2,3
2018-11-28,2018-19,ucl,Group A,False,Borussia Dortmund,bundesliga,Club Brugge KV,,0,0
2018-11-28,2018-19,ucl,Group A,False,Club Atlético de Madrid,la_liga,AS Monaco FC,ligue_1,2,0
2018-11-28,2018-19,ucl,Group D,False,FC Porto,,FC Schalke 04,bundesliga,3,1
2018-11-28,2018-19,ucl,Group D,False,Lokomotiv Moskva,,Galatasaray,,2,0
2018-11-28,2018-19,ucl,Group B,False,PSV Eindhoven,,FC Barcelona,la_liga,1,2
2018-11-28,2018-19,ucl,Group C,False,Paris Saint-Germain FC,ligue_1,Liverpool FC,epl,2,1
2018-11-28,2018-19,ucl,Group C,False,SSC Napoli,serie_a,Crvena Zvezda,,3,1
2018-11-28,2018-19,ucl,Group B,False,Tottenham Hotspur FC,epl,FC Internazionale Milano,serie_a,1,0
2018-12-11,2018-19,ucl,Group A,False,AS Monaco FC,ligue_1,Borussia Dortmund,bundesliga,0,2
2018-12-11,2018-19,ucl,Group A,False,Club Brugge KV,,Club Atlético de Madrid,la_liga,0,0
2018-12-11,2018-19,ucl,Group C,False,Crvena Zvezda,,Paris Saint-Germain FC,ligue_1,1,4
2018-12-11,2018-19,ucl,Group B,False,FC Barcelona,la_liga,Tottenham Hotspur FC,epl,1,1
2018-12-11,2018-19,ucl,Group B,False,FC Internazionale Milano,serie_a,PSV Eindhoven,,1,1
2018-12-11,2018-19,ucl,Group D,False,FC Schalke 04,bundesliga,Lokomotiv Moskva,,1,0
2018-12-11,2018-19,ucl,Group D,False,Galatasaray,,FC Porto,,2,3
2018-12-11,2018-19,ucl,Group C,False,Liverpool FC,epl,SSC Napoli,serie_a,1,0
2018-12-12,2018-19,ucl,Group E,False,AFC Ajax,,FC Bayern München,bundesliga,3,3
2018-12-12,2018-19,ucl,Group H,False,BSC Young Boys,,Juventus FC,serie_a,2,1
2018-12-12,2018-19,ucl,Group F,False,Manchester City FC,epl,TSG 1899 Hoffenheim,bundesliga,2,1
2018-12-12,2018-19,ucl,Group G,False,Real Madrid CF,la_liga,CSKA Moskva,,0,3
2018-12-12,2018-19,ucl,Group E,False,SL Benfica,,AEK Athen,,1,0
2018-12-12,2018-19,ucl,Group F,False,Shakhtar Donetsk,,Olympique Lyonnais,ligue_1,1,1
2018-12-12,2018-19,ucl,Group H,False,Valencia CF,la_liga,Manchester United FC,epl,2,1
2018-12-12,2018-19,ucl,Group G,False,Viktoria Plzeň,,AS Roma,serie_a,2,1
2019-02-12,2018-19,ucl,Round of 16,False,AS Roma,serie_a,FC Porto,,2,1
2019-02-12,2018-19,ucl,Round of 16,False,Manchester United FC,epl,Paris Saint-Germain FC,ligue_1,0,2
2019-02-13,2018-19,ucl,Round of 16,False,AFC Ajax,,Real Madrid CF,la_liga,1,2
2019-02-13,2018-19,ucl,Round of 16,False,Tottenham Hotspur FC,epl,Borussia Dortmund,bundesliga,3,0
2019-02-19,2018-19,ucl,Round of 16,False,Liverpool FC,epl,FC Bayern München,bundesliga,0,0
2019-02-19,2018-19,ucl,Round of 16,False,Olympique Lyonnais,ligue_1,FC Barcelona,la_liga,0,0
2019-02-20,2018-19,ucl,Round of 16,False,Club Atlético de Madrid,la_liga,Juventus FC,serie_a,2,0
2019-02-20,2018-19,ucl,Round of 16,False,FC Schalke 04,bundesliga,Manchester City FC,epl,2,3
2019-03-05,2018-19,ucl,Round of 16,False,Borussia Dortmund,bundesliga,Tottenham Hotspur FC,epl,0,1
2019-03-05,2018-19,ucl,Round of 16,False,Real Madrid CF,la_liga,AFC Ajax,,1,4
2019-03-06,2018-19,ucl,Round of 16,False,FC Porto,,AS Roma,serie_a,3,1
2019-03-06,2018-19,ucl,Round of 16,False,Paris Saint-Germain FC,ligue_1,Manchester United FC,epl,1,3
2019-03-12,2018-19,ucl,Round of 16,False,Juventus FC,serie_a,Club Atlético de Madrid,la_liga,3,0
2019-03-12,2018-19,ucl,Round of 16,False,Manchester City FC,epl,FC Schalke 04,bundesliga,7,0
2019-03-13,2018-19,ucl,Round of 16,False,FC Barcelona,la_liga,Olympique Lyonnais,ligue_1,5,1
2019-03-13,2018-19,ucl,Round of 16,False,FC Bayern München,bundesliga,Liverpool FC,epl,1,3
2019-04-09,2018-19,ucl,Quarterfinals,False,Liverpool FC,epl,FC Porto,,2,0
2019-04-09,2018-19,ucl,Quarterfinals,False,Tottenham Hotspur FC,epl,Manchester City FC,epl,1,0
2019-04-10,2018-19,ucl,Quarterfinals,False,AFC Ajax,,Juventus FC,serie_a,1,1
2019-04-10,2018-19,ucl,Quarterfinals,False,Manchester United FC,epl,FC Barcelona,la_liga,0,1
2019-04-16,2018-19,ucl,Quarterfinals,False,FC Barcelona,la_liga,Manchester United FC,epl,3,0
2019-04-16,2018-19,ucl,Quarterfinals,False,Juventus FC,serie_a,AFC Ajax,,1,2
2019-04-17,2018-19,ucl,Quarterfinals,False,FC Porto,,Liverpool FC,epl,1,4
2019-04-17,2018-19,ucl,Quarterfinals,False,Manchester City FC,epl,Tottenham Hotspur FC,epl,4,3
2019-04-30,2018-19,ucl,Semifinals,False,Tottenham Hotspur FC,epl,AFC Ajax,,0,1
2019-05-01,2018-19,ucl,Semifinals,False,FC Barcelona,la_liga,Liverpool FC,epl,3,0
2019-05-07,2018-19,ucl,Semifinals,False,Liverpool FC,epl,FC Barcelona,la_liga,4,0
2019-05-08,2018-19,ucl,Semifinals,False,AFC Ajax,,Tottenham Hotspur FC,epl,2,3
2019-06-01,2018-19,ucl,Final,True,Tottenham Hotspur FC,epl,Liverpool FC,epl,0,2
2019-08-07,2019-20,ucl,Round of 16,False,Juventus FC,serie_a,Olympique Lyonnais,ligue_1,2,1
2019-08-07,2019-20,ucl,Round of 16,False,Manchester City FC,epl,Real Madrid CF,la_liga,2,1
2019-08-08,2019-20,ucl,Round of 16,False,FC Barcelona,la_liga,SSC Napoli,serie_a,3,1
2019-08-08,2019-20,ucl,Round of 16,False,FC Bayern München,bundesliga,Chelsea FC,epl,4,1
2019-08-12,2019-20,ucl,Quarterfinals,False,Atalanta BC,serie_a,Paris Saint-Germain FC,ligue_1,1,2
2019-08-13,2019-20,ucl,Quarterfinals,False,RB Leipzig,bundesliga,Club Atlético de Madrid,la_liga,2,1
2019-08-14,2019-20,ucl,Quarterfinals,False,FC Barcelona,la_liga,FC Bayern München,bundesliga,2,8
2019-08-15,2019-20,ucl,Quarterfinals,False,Manchester City FC,epl,Olympique Lyonnais,ligue_1,1,3
2019-08-18,2019-20,ucl,Semifinals,False,RB Leipzig,bundesliga,Paris Saint-Germain FC,ligue_1,0,3
2019-08-19,2019-20,ucl,Semifinals,False,Olympique Lyonnais,ligue_1,FC Bayern München,bundesliga,0,3
2019-08-23,2019-20,ucl,Final,True,Paris Saint-Germain FC,ligue_1,FC Bayern München,bundesliga,0,1
2019-09-17,2019-20,ucl,Group H,False,AFC Ajax,,Lille OSC,ligue_1,3,0
2019-09-17,2019-20,ucl,Group F,False,Borussia Dortmund,bundesliga,FC Barcelona,la_liga,0,0
2019-09-17,2019-20,ucl,Group H,False,Chelsea FC,epl,Valencia CF,la_liga,0,1
2019-09-17,2019-20,ucl,Group F,False,FC Internazionale Milano,serie_a,Slavia Praha,,1,1
2019-09-17,2019-20,ucl,Group G,False,Olympique Lyonnais,ligue_1,Zenit St. Petersburg,,1,1
2019-09-17,2019-20,ucl,Group E,False,RB Salzburg,,KRC Genk,,6,2
2019-09-17,2019-20,ucl,Group G,False,SL Benfica,,RB Leipzig,bundesliga,1,2
2019-09-17,2019-20,ucl,Group E,False,SSC Napoli,serie_a,Liverpool FC,epl,2,0
2019-09-18,2019-20,ucl,Group D,False,Bayer 04 Leverkusen,bundesliga,Lokomotiv Moskva,,1,2
2019-09-18,2019-20,ucl,Group D,False,Club Atlético de Madrid,la_liga,Juventus FC,serie_a,2,2
2019-09-18,2019-20,ucl,Group A,False,Club Brugge KV,,Galatasaray,,0,0
2019-09-18,2019-20,ucl,Group C,False,Dinamo Zagreb,,Atalanta BC,serie_a,4,0
2019-09-18,2019-20,ucl,Group B,False,FC Bayern München,bundesliga,Crvena Zvezda,,3,0
2019-09-18,2019-20,ucl,Group B,False,Olympiakos Piraeus,,Tottenham Hotspur FC,epl,2,2
2019-09-18,2019-20,ucl,Group A,False,Paris Saint-Germain FC,ligue_1,Real Madrid CF,la_liga,3,0
2019-09-18,2019-20,ucl,Group C,False,Shakhtar Donetsk,,Manchester City FC,epl,0,3
2019-10-01,2019-20,ucl,Group C,False,Atalanta BC,serie_a,Shakhtar Donetsk,,1,2
2019-10-01,2019-20,ucl,Group B,False,Crvena Zvezda,,Olympiakos Piraeus,,3,1
2019-10-01,2019-20,ucl,Group A,False,Galatasaray,,Paris Saint-Germain FC,ligue_1,0,1
2019-10-01,2019-20,ucl,Group D,False,Juventus FC,serie_a,Bayer 04 Leverkusen,bundesliga,3,0
2019-10-01,2019-20,ucl,Group D,False,Lokomotiv Moskva,,Club Atlético de Madrid,la_liga,0,2
2019-10-01,2019-20,ucl,Group C,False,Manchester City FC,epl,Dinamo Zagreb,,2,0
2019-10-01,2019-20,ucl,Group A,False,Real Madrid CF,la_liga,Club Brugge KV,,2,2
2019-10-01,2019-20,ucl,Group B,False,Tottenham Hotspur FC,epl,FC Bayern München,bundesliga,2,7
2019-10-02,2019-20,ucl,Group F,False,FC Barcelona,la_liga,FC Internazionale Milano,serie_a,2,1
2019-10-02,2019-20,ucl,Group E,False,KRC Genk,,SSC Napoli,serie_a,0,0
2019-10-02,2019-20,ucl,Group H,False,Lille OSC,ligue_1,Chelsea FC,epl,1,2
2019-10-02,2019-20,ucl,Group E,False,Liverpool FC,epl,RB Salzburg,,4,3
2019-10-02,2019-20,ucl,Group G,False,RB Leipzig,bundesliga,Olympique Lyonnais,ligue_1,0,2
2019-10-02,2019-20,ucl,Group F,False,Slavia Praha,,Borussia Dortmund,bundesliga,0,2
2019-10-02,2019-20,ucl,Group H,False,Valencia CF,la_liga,AFC Ajax,,0,3
2019-10-02,2019-20,ucl,Group G,False,Zenit St. Petersburg,,SL Benfica,,3,1
2019-10-22,2019-20,ucl,Group D,False,Club Atlético de Madrid,la_liga,Bayer 04 Leverkusen,bundesliga,1,0
2019-10-22,2019-20,ucl,Group A,False,Club Brugge KV,,Paris Saint-Germain FC,ligue_1,0,5
2019-10-22,2019-20,ucl,Group A,False,Galatasaray,,Real Madrid CF,la_liga,0,1
2019-10-22,2019-20,ucl,Group D,False,Juventus FC,serie_a,Lokomotiv Moskva,,2,1
2019-10-22,2019-20,ucl,Group C,False,Manchester City FC,epl,Atalanta BC,serie_a,5,1
2019-10-22,2019-20,ucl,Group B,False,Olympiakos Piraeus,,FC Bayern München,bundesliga,2,3
2019-10-22,2019-20,ucl,Group C,False,Shakhtar Donetsk,,Dinamo Zagreb,,2,2
2019-10-22,2019-20,ucl,Group B,False,Tottenham Hotspur FC,epl,Crvena Zvezda,,5,0
2019-10-23,2019-20,ucl,Group H,False,AFC Ajax,,Chelsea FC,epl,0,1
2019-10-23,2019-20,ucl,Group F,False,FC Internazionale Milano,serie_a,Borussia Dortmund,bundesliga,2,0
2019-10-23,2019-20,ucl,Group E,False,KRC Genk,,Liverpool FC,epl,1,4
2019-10-23,2019-20,ucl,Group H,False,Lille OSC,ligue_1,Valencia CF,la_liga,1,1
2019-10-23,2019-20,ucl,Group G,False,RB Leipzig,bundesliga,Zenit St. Petersburg,,2,1
2019-10-23,2019-20,ucl,Group E,False,RB Salzburg,,SSC Napoli,serie_a,2,3
2019-10-23,2019-20,ucl,Group G,False,SL Benfica,,Olympique Lyonnais,ligue_1,2,1
2019-10-23,2019-20,ucl,Group F,False,Slavia Praha,,FC Barcelona,la_liga,1,2
2019-11-05,2019-20,ucl,Group F,False,Borussia Dortmund,bundesliga,FC Internazionale Milano,serie_a,3,2
2019-11-05,2019-20,ucl,Group H,False,Chelsea FC,epl,AFC Ajax,,4,4
2019-11-05,2019-20,ucl,Group F,False,FC Barcelona,la_liga,Slavia Praha,,0,0
2019-11-05,2019-20,ucl,Group E,False,Liverpool FC,epl,KRC Genk,,2,1
2019-11-05,2019-20,ucl,Group G,False,Olympique Lyonnais,ligue_1,SL Benfica,,3,1
2019-11-05,2019-20,ucl,Group E,False,SSC Napoli,serie_a,RB Salzburg,,1,1
2019-11-05,2019-20,ucl,Group H,False,Valencia CF,la_liga,Lille OSC,ligue_1,4,1
2019-11-05,2019-20,ucl,Group G,False,Zenit St. Petersburg,,RB Leipzig,bundesliga,0,2
2019-11-06,2019-20,ucl,Group C,False,Atalanta BC,serie_a,Manchester City FC,epl,1,1
2019-11-06,2019-20,ucl,Group D,False,Bayer 04 Leverkusen,bundesliga,Club Atlético de Madrid,la_liga,2,1
2019-11-06,2019-20,ucl,Group B,False,Crvena Zvezda,,Tottenham Hotspur FC,epl,0,4
2019-11-06,2019-20,ucl,Group C,False,Dinamo Zagreb,,Shakhtar Donetsk,,3,3
2019-11-06,2019-20,ucl,Group B,False,FC Bayern München,bundesliga,Olympiakos Piraeus,,2,0
2019-11-06,2019-20,ucl,Group D,False,Lokomotiv Moskva,,Juventus FC,serie_a,1,2
2019-11-06,2019-20,ucl,Group A,False,Paris Saint-Germain FC,ligue_1,Club Brugge KV,,1,0
2019-11-06,2019-20,ucl,Group A,False,Real Madrid CF,la_liga,Galatasaray,,6,0
2019-11-26,2019-20,ucl,Group C,False,Atalanta BC,serie_a,Dinamo Zagreb,,2,0
2019-11-26,2019-20,ucl,Group B,False,Crvena Zvezda,,FC Bayern München,bundesliga,0,6
2019-11-26,2019-20,ucl,Group A,False,Galatasaray,,Club Brugge KV,,1,1
2019-11-26,2019-20,ucl,Group D,False,Juventus FC,serie_a,Club Atlético de Madrid,la_liga,1,0
2019-11-26,2019-20,ucl,Group D,False,Lokomotiv Moskva,,Bayer 04 Leverkusen,bundesliga,0,2
2019-11-26,2019-20,ucl,Group C,False,Manchester City FC,epl,Shakhtar Donetsk,,1,1
2019-11-26,2019-20,ucl,Group A,False,Real Madrid CF,la_liga,Paris Saint-Germain FC,ligue_1,2,2
2019-11-26,2019-20,ucl,Group B,False,Tottenham Hotspur FC,epl,Olympiakos Piraeus,,4,2
2019-11-27,2019-20,ucl,Group F,False,FC Barcelona,la_liga,Borussia Dortmund,bundesliga,3,1
2019-11-27,2019-20,ucl,Group E,False,KRC Genk,,RB Salzburg,,1,4
2019-11-27,2019-20,ucl,Group H,False,Lille OSC,ligue_1,AFC Ajax,,0,2
2019-11-27,2019-20,ucl,Group E,False,Liverpool FC,epl,SSC Napoli,serie_a,1,1
2019-11-27,2019-20,ucl,Group G,False,RB Leipzig,bundesliga,SL Benfica,,2,2
2019-11-27,2019-20,ucl,Group F,False,Slavia Praha,,FC Internazionale Milano,serie_a,1,3
2019-11-27,2019-20,ucl,Group H,False,Valencia CF,la_liga,Chelsea FC,epl,2,2
2019-11-27,2019-20,ucl,Group G,False,Zenit St. Petersburg,,Olympique Lyonnais,ligue_1,2,0
2019-12-10,2019-20,ucl,Group H,False,AFC Ajax,,Valencia CF,la_liga,0,1
2019-12-10,2019-20,ucl,Group F,False,Borussia Dortmund,bundesliga,Slavia Praha,,2,1
2019-12-10,2019-20,ucl,Group H,False,Chelsea FC,epl,Lille OSC,ligue_1,2,1
2019-12-10,2019-20,ucl,Group F,False,FC Internazionale Milano,serie_a,FC Barcelona,la_liga,1,2
2019-12-10,2019-20,ucl,Group G,False,Olympique Lyonnais,ligue_1,RB Leipzig,bundesliga,2,2
2019-12-10,2019-20,ucl,Group E,False,RB Salzburg,,Liverpool FC,epl,0,2
2019-12-10,2019-20,ucl,Group G,False,SL Benfica,,Zenit St. Petersburg,,3,0
2019-12-10,2019-20,ucl,Group E,False,SSC Napoli,serie_a,KRC Genk,,4,0
2019-12-11,2019-20,ucl,Group D,False,Bayer 04 Leverkusen,bundesliga,Juventus FC,serie_a,0,2
2019-12-11,2019-20,ucl,Group D,False,Club Atlético de Madrid,la_liga,Lokomotiv Moskva,,2,0
2019-12-11,2019-20,ucl,Group A,False,Club Brugge KV,,Real Madrid CF,la_liga,1,3
2019-12-11,2019-20,ucl,Group C,False,Dinamo Zagreb,,Manchester City FC,epl,1,4
2019-12-11,2019-20,ucl,Group B,False,FC Bayern München,bundesliga,Tottenham Hotspur FC,epl,3,1
2019-12-11,2019-20,ucl,Group B,False,Olympiakos Piraeus,,Crvena Zvezda,,1,0
2019-12-11,2019-20,ucl,Group A,False,Paris Saint-Germain FC,ligue_1,Galatasaray,,5,0
2019-12-11,2019-20,ucl,Group C,False,Shakhtar Donetsk,,Atalanta BC,serie_a,0,3
2020-02-18,2019-20,ucl,Round of 16,False,Borussia Dortmund,bundesliga,Paris Saint-Germain FC,ligue_1,2,1
2020-02-18,2019-20,ucl,Round of 16,False,Club Atlético de Madrid,la_liga,Liverpool FC,epl,1,0
2020-02-19,2019-20,ucl,Round of 16,False,Atalanta BC,serie_a,Valencia CF,la_liga,4,1
2020-02-19,2019-20,ucl,Round of 16,False,Tottenham Hotspur FC,epl,RB Leipzig,bundesliga,0,1
2020-02-25,2019-20,ucl,Round of 16,False,Chelsea FC,epl,FC Bayern München,bundesliga,0,3
2020-02-25,2019-20,ucl,Round of 16,False,SSC Napoli,serie_a,FC Barcelona,la_liga,1,1
2020-02-26,2019-20,ucl,Round of 16,False,Olympique Lyonnais,ligue_1,Juventus FC,serie_a,1,0
2020-02-26,2019-20,ucl,Round of 16,False,Real Madrid CF,la_liga,Manchester City FC,epl,1,2
2020-03-10,2019-20,ucl,Round of 16,False,RB Leipzig,bundesliga,Tottenham Hotspur FC,epl,3,0
2020-03-10,2019-20,ucl,Round of 16,False,Valencia CF,la_liga,Atalanta BC,serie_a,3,4
2020-03-11,2019-20,ucl,Round of 16,False,Liverpool FC,epl,Club Atlético de Madrid,la_liga,2,3
2020-03-11,2019-20,ucl,Round of 16,False,Paris Saint-Germain FC,ligue_1,Borussia Dortmund,bundesliga,2,0
2020-10-20,2020-21,ucl,Group E,False,Chelsea FC,epl,Sevilla FC,la_liga,0,0
2020-10-20,2020-21,ucl,Gruppe G,False,Dinamo Kiev,,Juventus FC,serie_a,0,2
2020-10-20,2020-21,ucl,Gruppe G,False,FC Barcelona,la_liga,Ferencvárosi TC,,5,1
2020-10-20,2020-21,ucl,Gruppe H,False,Paris Saint-Germain FC,ligue_1,Manchester United FC,epl,1,2
2020-10-20,2020-21,ucl,Gruppe H,False,RB Leipzig,bundesliga,İstanbul Başakşehir,,2,0
2020-10-20,2020-21,ucl,Group F,False,SS Lazio,serie_a,Borussia Dortmund,bundesliga,3,1
2020-10-20,2020-21,ucl,Group E,False,Stade Rennais FC 1901,ligue_1,FK Krasnodar,,1,1
2020-10-20,2020-21,ucl,Group F,False,Zenit St. Petersburg,,Club Brugge KV,,1,2
2020-10-21,2020-21,ucl,Group D,False,AFC Ajax,,Liverpool FC,epl,0,1
2020-10-21,2020-21,ucl,Group A,False,FC Bayern München,bundesliga,Club Atlético de Madrid,la_liga,4,0
2020-10-21,2020-21,ucl,Group B,False,FC Internazionale Milano,serie_a,Borussia Mönchengladbach,bundesliga,2,2
2020-10-21,2020-21,ucl,Group D,False,FC Midtjylland,,Atalanta BC,serie_a,0,4
2020-10-21,2020-21,ucl,Group C,False,Manchester City FC,epl,FC Porto,,3,1
2020-10-21,2020-21,ucl,Group C,False,Olympiakos Piraeus,,Olympique de Marseille,ligue_1,1,0
2020-10-21,2020-21,ucl,Group A,False,RB Salzburg,,Lokomotiv Moskva,,2,2
2020-10-21,2020-21,ucl,Group B,False,Real Madrid CF,la_liga,Shakhtar Donetsk,,2,3
2020-10-22,2020-21,uel,Gruppe H,False,AC Sparta Praha,,Lille OSC,ligue_1,1,4
2020-10-22,2020-21,uel,Group A,False,BSC Young Boys,,AS Roma,serie_a,1,2
2020-10-22,2020-21,uel,Group C,False,Bayer 04 Leverkusen,bundesliga,OGC Nice,ligue_1,6,2
2020-10-22,2020-21,uel,Group A,False,CSKA Sofia,,CFR Cluj,,0,2
2020-10-22,2020-21,uel,Gruppe H,False,Celtic FC,,AC Milan,serie_a,1,3
2020-10-22,2020-21,uel,Gruppe K,False,Dinamo Zagreb,,Feyenoord,,0,0
2020-10-22,2020-21,uel,Group B,False,Dundalk FC,,Molde FK,,1,2
2020-10-22,2020-21,uel,Group F,False,HNK Rijeka,,Real Sociedad de Fútbol,la_liga,0,1
2020-10-22,2020-21,uel,Group C,False,Hapoel Be'er Sheva,,Slavia Praha,,3,1
2020-10-22,2020-21,uel,Group D,False,Lech Poznań,,SL Benfica,,2,4
2020-10-22,2020-21,uel,Gruppe G,False,Leicester City FC,epl,Zorya Lugansk,,3,0
2020-10-22,2020-21,uel,Gruppe I,False,Maccabi Tel Aviv,,Qarabağ FK,,1,0
2020-10-22,2020-21,uel,Group E,False,PAOK Saloniki,,Omonia Nikosia,,1,1
2020-10-22,2020-21,uel,Gruppe J,False,PFC Ludogorets Razgrad,,Royal Antwerp FC,,1,2
2020-10-22,2020-21,uel,Group E,False,PSV Eindhoven,,Granada CF,la_liga,1,2
2020-10-22,2020-21,uel,Group B,False,Rapid Wien,,Arsenal FC,epl,1,2
2020-10-22,2020-21,uel,Group F,False,SSC Napoli,serie_a,AZ Alkmaar,,0,1
2020-10-22,2020-21,uel,Gruppe L,False,Slovan Liberec,,KAA Gent,,1,0
2020-10-22,2020-21,uel,Gruppe G,False,Sporting Braga,,AEK Athen,,3,0
2020-10-22,2020-21,uel,Group D,False,Standard Liège,,Rangers FC,,0,2
2020-10-22,2020-21,uel,Gruppe L,False,TSG 1899 Hoffenheim,bundesliga,Crvena Zvezda,,2,0
2020-10-22,2020-21,uel,Gruppe J,False,Tottenham Hotspur FC,epl,LASK,,3,0
2020-10-22,2020-21,uel,Gruppe I,False,Villarreal CF,la_liga,Sivasspor,,5,3
2020-10-22,2020-21,uel,Gruppe K,False,Wolfsberger AC,,CSKA Moskva,,1,1
2020-10-27,2020-21,ucl,Group D,False,Atalanta BC,serie_a,AFC Ajax,,2,2
2020-10-27,2020-21,ucl,Group B,False,Borussia Mönchengladbach,bundesliga,Real Madrid CF,la_liga,2,2
2020-10-27,2020-21,ucl,Group A,False,Club Atlético de Madrid,la_liga,RB Salzburg,,3,2
2020-10-27,2020-21,ucl,Group C,False,FC Porto,,Olympiakos Piraeus,,2,0
2020-10-27,2020-21,ucl,Group D,False,Liverpool FC,epl,FC Midtjylland,,2,0
2020-10-27,2020-21,ucl,Group A,False,Lokomotiv Moskva,,FC Bayern München,bundesliga,1,2
2020-10-27,2020-21,ucl,Group C,False,Olympique de Marseille,ligue_1,Manchester City FC,epl,0,3
2020-10-27,2020-21,ucl,Group B,False,Shakhtar Donetsk,,FC Internazionale Milano,serie_a,0,0
2020-10-28,2020-21,ucl,Group F,False,Borussia Dortmund,bundesliga,Zenit St. Petersburg,,2,0
2020-10-28,2020-21,ucl,Group F,False,Club Brugge KV,,SS Lazio,serie_a,1,1
2020-10-28,2020-21,ucl,Group E,False,FK Krasnodar,,Chelsea FC,epl,0,4
2020-10-28,2020-21,ucl,Gruppe G,False,Ferencvárosi TC,,Dinamo Kiev,,2,2
2020-10-28,2020-21,ucl,Gruppe G,False,Juventus FC,serie_a,FC Barcelona,la_liga,0,2
2020-10-28,2020-21,ucl,Gruppe H,False,Manchester United FC,epl,RB Leipzig,bundesliga,5,0
2020-10-28,2020-21,ucl,Group E,False,Sevilla FC,la_liga,Stade Rennais FC 1901,ligue_1,1,0
2020-10-28,2020-21,ucl,Gruppe H,False,İstanbul Başakşehir,,Paris Saint-Germain FC,ligue_1,0,2
2020-10-29,2020-21,uel,Gruppe H,False,AC Milan,serie_a,AC Sparta Praha,,3,0
2020-10-29,2020-21,uel,Gruppe G,False,AEK Athen,,Leicester City FC,epl,1,2
2020-10-29,2020-21,uel,Group A,False,AS Roma,serie_a,CSKA Sofia,,0,0
2020-10-29,2020-21,uel,Group F,False,AZ Alkmaar,,HNK Rijeka,,4,1
2020-10-29,2020-21,uel,Group B,False,Arsenal FC,epl,Dundalk FC,,3,0
2020-10-29,2020-21,uel,Group A,False,CFR Cluj,,BSC Young Boys,,1,1
2020-10-29,2020-21,uel,Gruppe K,False,CSKA Moskva,,Dinamo Zagreb,,0,0
2020-10-29,2020-21,uel,Gruppe L,False,Crvena Zvezda,,Slovan Liberec,,5,1
2020-10-29,2020-21,uel,Gruppe K,False,Feyenoord,,Wolfsberger AC,,1,4
2020-10-29,2020-21,uel,Group E,False,Granada CF,la_liga,PAOK Saloniki,,0,0
2020-10-29,2020-21,uel,Gruppe L,False,KAA Gent,,TSG 1899 Hoffenheim,bundesliga,1,4
2020-10-29,2020-21,uel,Gruppe J,False,LASK,,PFC Ludogorets Razgrad,,4,3
2020-10-29,2020-21,uel,Gruppe H,False,Lille OSC,ligue_1,Celtic FC,,2,2
2020-10-29,2020-21,uel,Group B,False,Molde FK,,Rapid Wien,,1,0
2020-10-29,2020-21,uel,Group C,False,OGC Nice,ligue_1,Hapoel Be'er Sheva,,1,0
2020-10-29,2020-21,uel,Group E,False,Omonia Nikosia,,PSV Eindhoven,,1,2
2020-10-29,2020-21,uel,Gruppe I,False,Qarabağ FK,,Villarreal CF,la_liga,1,3
2020-10-29,2020-21,uel,Group D,False,Rangers FC,,Lech Poznań,,1,0
2020-10-29,2020-21,uel,Group F,False,Real Sociedad de Fútbol,la_liga,SSC Napoli,serie_a,0,1
2020-10-29,2020-21,uel,Gruppe J,False,Royal Antwerp FC,,Tottenham Hotspur FC,epl,1,0
2020-10-29,2020-21,uel,Group D,False,SL Benfica,,Standard Liège,,3,0
2020-10-29,2020-21,uel,Gruppe I,False,Sivasspor,,Maccabi Tel Aviv,,1,2
2020-10-29,2020-21,uel,Group C,False,Slavia Praha,,Bayer 04 Leverkusen,bundesliga,1,0
2020-10-29,2020-21,uel,Gruppe G,False,Zorya Lugansk,,Sporting Braga,,1,2
2020-11-03,2020-21,ucl,Group D,False,Atalanta BC,serie_a,Liverpool FC,epl,0,5
2020-11-03,2020-21,ucl,Group D,False,FC Midtjylland,,AFC Ajax,,1,2
2020-11-03,2020-21,ucl,Group C,False,FC Porto,,Olympique de Marseille,ligue_1,3,0
2020-11-03,2020-21,ucl,Group A,False,Lokomotiv Moskva,,Club Atlético de Madrid,la_liga,1,1
2020-11-03,2020-21,ucl,Group C,False,Manchester City FC,epl,Olympiakos Piraeus,,3,0
2020-11-03,2020-21,ucl,Group A,False,RB Salzburg,,FC Bayern München,bundesliga,2,6
2020-11-03,2020-21,ucl,Group B,False,Real Madrid CF,la_liga,FC Internazionale Milano,serie_a,3,2
2020-11-03,2020-21,ucl,Group B,False,Shakhtar Donetsk,,Borussia Mönchengladbach,bundesliga,0,6
2020-11-04,2020-21,ucl,Group E,False,Chelsea FC,epl,Stade Rennais FC 1901,ligue_1,3,0
2020-11-04,2020-21,ucl,Group F,False,Club Brugge KV,,Borussia Dortmund,bundesliga,0,3
2020-11-04,2020-21,ucl,Gruppe G,False,FC Barcelona,la_liga,Dinamo Kiev,,2,1
2020-11-04,2020-21,ucl,Gruppe G,False,Ferencvárosi TC,,Juventus FC,serie_a,1,4
2020-11-04,2020-21,ucl,Gruppe H,False,RB Leipzig,bundesliga,Paris Saint-Germain FC,ligue_1,2,1
2020-11-04,2020-21,ucl,Group E,False,Sevilla FC,la_liga,FK Krasnodar,,3,2
2020-11-04,2020-21,ucl,Group F,False,Zenit St. Petersburg,,SS Lazio,serie_a,1,1
2020-11-04,2020-21,ucl,Gruppe H,False,İstanbul Başakşehir,,Manchester United FC,epl,2,1
2020-11-05,2020-21,uel,Gruppe H,False,AC Milan,serie_a,Lille OSC,ligue_1,0,3
2020-11-05,2020-21,uel,Group A,False,AS Roma,serie_a,CFR Cluj,,5,0
2020-11-05,2020-21,uel,Group B,False,Arsenal FC,epl,Molde FK,,4,1
2020-11-05,2020-21,uel,Group A,False,BSC Young Boys,,CSKA Sofia,,3,0
2020-11-05,2020-21,uel,Gruppe H,False,Celtic FC,,AC Sparta Praha,,1,4
2020-11-05,2020-21,uel,Gruppe L,False,Crvena Zvezda,,KAA Gent,,2,1
2020-11-05,2020-21,uel,Gruppe K,False,Dinamo Zagreb,,Wolfsberger AC,,1,0
2020-11-05,2020-21,uel,Gruppe K,False,Feyenoord,,CSKA Moskva,,3,1
2020-11-05,2020-21,uel,Group F,False,HNK Rijeka,,SSC Napoli,serie_a,1,2
2020-11-05,2020-21,uel,Group C,False,Hapoel Be'er Sheva,,Bayer 04 Leverkusen,bundesliga,2,4
2020-11-05,2020-21,uel,Group D,False,Lech Poznań,,Standard Liège,,3,1
2020-11-05,2020-21,uel,Gruppe G,False,Leicester City FC,epl,Sporting Braga,,4,0
2020-11-05,2020-21,uel,Group E,False,Omonia Nikosia,,Granada CF,la_liga,0,2
2020-11-05,2020-21,uel,Group E,False,PAOK Saloniki,,PSV Eindhoven,,4,1
2020-11-05,2020-21,uel,Gruppe J,False,PFC Ludogorets Razgrad,,Tottenham Hotspur FC,epl,1,3
2020-11-05,2020-21,uel,Group B,False,Rapid Wien,,Dundalk FC,,4,3
2020-11-05,2020-21,uel,Group F,False,Real Sociedad de Fútbol,la_liga,AZ Alkmaar,,1,0
2020-11-05,2020-21,uel,Gruppe J,False,Royal Antwerp FC,,LASK,,0,1
2020-11-05,2020-21,uel,Group D,False,SL Benfica,,Rangers FC,,3,3
2020-11-05,2020-21,uel,Gruppe I,False,Sivasspor,,Qarabağ FK,,2,0
2020-11-05,2020-21,uel,Group C,False,Slavia Praha,,OGC Nice,ligue_1,3,2
2020-11-05,2020-21,uel,Gruppe L,False,TSG 1899 Hoffenheim,bundesliga,Slovan Liberec,,5,0
2020-11-05,2020-21,uel,Gruppe I,False,Villarreal CF,la_liga,Maccabi Tel Aviv,,4,0
2020-11-05,2020-21,uel,Gruppe G,False,Zorya Lugansk,,AEK Athen,,1,4
2020-11-24,2020-21,ucl,Group F,False,Borussia Dortmund,bundesliga,Club Brugge KV,,3,0
2020-11-24,2020-21,ucl,Gruppe G,False,Dinamo Kiev,,FC Barcelona,la_liga,0,4
2020-11-24,2020-21,ucl,Group E,False,FK Krasnodar,,Sevilla FC,la_liga,1,2
2020-11-24,2020-21,ucl,Gruppe G,False,Juventus FC,serie_a,Ferencvárosi TC,,2,1
2020-11-24,2020-21,ucl,Gruppe H,False,Manchester United FC,epl,İstanbul Başakşehir,,4,1
2020-11-24,2020-21,ucl,Gruppe H,False,Paris Saint-Germain FC,ligue_1,RB Leipzig,bundesliga,1,0
2020-11-24,2020-21,ucl,Group F,False,SS Lazio,serie_a,Zenit St. Petersburg,,3,1
2020-11-24,2020-21,ucl,Group E,False,Stade Rennais FC 1901,ligue_1,Chelsea FC,epl,1,2
2020-11-25,2020-21,ucl,Group D,False,AFC Ajax,,FC Midtjylland,,3,1
2020-11-25,2020-21,ucl,Group B,False,Borussia Mönchengladbach,bundesliga,Shakhtar Donetsk,,4,0
2020-11-25,2020-21,ucl,Group A,False,Club Atlético de Madrid,la_liga,Lokomotiv Moskva,,0,0
2020-11-25,2020-21,ucl,Group A,False,FC Bayern München,bundesliga,RB Salzburg,,3,1
2020-11-25,2020-21,ucl,Group B,False,FC Internazionale Milano,serie_a,Real Madrid CF,la_liga,0,2
2020-11-25,2020-21,ucl,Group D,False,Liverpool FC,epl,Atalanta BC,serie_a,0,2
2020-11-25,2020-21,ucl,Group C,False,Olympiakos Piraeus,,Manchester City FC,epl,0,1
2020-11-25,2020-21,ucl,Group C,False,Olympique de Marseille,ligue_1,FC Porto,,0,2
2020-11-26,2020-21,uel,Gruppe H,False,AC Sparta Praha,,Celtic FC,,4,1
2020-11-26,2020-21,uel,Gruppe G,False,AEK Athen,,Zorya Lugansk,,0,3
2020-11-26,2020-21,uel,Group F,False,AZ Alkmaar,,Real Sociedad de Fútbol,la_liga,0,0
2020-11-26,2020-21,uel,Group C,False,Bayer 04 Leverkusen,bundesliga,Hapoel Be'er Sheva,,4,1
2020-11-26,2020-21,uel,Group A,False,CFR Cluj,,AS Roma,serie_a,0,2
2020-11-26,2020-21,uel,Gruppe K,False,CSKA Moskva,,Feyenoord,,0,0
2020-11-26,2020-21,uel,Group A,False,CSKA Sofia,,BSC Young Boys,,0,1
2020-11-26,2020-21,uel,Group B,False,Dundalk FC,,Rapid Wien,,1,3
2020-11-26,2020-21,uel,Group E,False,Granada CF,la_liga,Omonia Nikosia,,2,1
2020-11-26,2020-21,uel,Gruppe L,False,KAA Gent,,Crvena Zvezda,,0,2
2020-11-26,2020-21,uel,Gruppe J,False,LASK,,Royal Antwerp FC,,0,2
2020-11-26,2020-21,uel,Gruppe H,False,Lille OSC,ligue_1,AC Milan,serie_a,1,1
2020-11-26,2020-21,uel,Gruppe I,False,Maccabi Tel Aviv,,Villarreal CF,la_liga,1,1
2020-11-26,2020-21,uel,Group B,False,Molde FK,,Arsenal FC,epl,0,3
2020-11-26,2020-21,uel,Group C,False,OGC Nice,ligue_1,Slavia Praha,,1,3
2020-11-26,2020-21,uel,Group E,False,PSV Eindhoven,,PAOK Saloniki,,3,2
2020-11-26,2020-21,uel,Gruppe I,False,Qarabağ FK,,Sivasspor,,2,3
2020-11-26,2020-21,uel,Group D,False,Rangers FC,,SL Benfica,,2,2
2020-11-26,2020-21,uel,Group F,False,SSC Napoli,serie_a,HNK Rijeka,,2,0
2020-11-26,2020-21,uel,Gruppe L,False,Slovan Liberec,,TSG 1899 Hoffenheim,bundesliga,0,2
2020-11-26,2020-21,uel,Gruppe G,False,Sporting Braga,,Leicester City FC,epl,3,3
2020-11-26,2020-21,uel,Group D,False,Standard Liège,,Lech Poznań,,2,1
2020-11-26,2020-21,uel,Gruppe J,False,Tottenham Hotspur FC,epl,PFC Ludogorets Razgrad,,4,0
2020-11-26,2020-21,uel,Gruppe K,False,Wolfsberger AC,,Dinamo Zagreb,,0,3
2020-12-01,2020-21,ucl,Group D,False,Atalanta BC,serie_a,FC Midtjylland,,1,1
2020-12-01,2020-21,ucl,Group B,False,Borussia Mönchengladbach,bundesliga,FC Internazionale Milano,serie_a,2,3
2020-12-01,2020-21,ucl,Group A,False,Club Atlético de Madrid,la_liga,FC Bayern München,bundesliga,1,1
2020-12-01,2020-21,ucl,Group C,False,FC Porto,,Manchester City FC,epl,0,0
2020-12-01,2020-21,ucl,Group D,False,Liverpool FC,epl,AFC Ajax,,1,0
2020-12-01,2020-21,ucl,Group A,False,Lokomotiv Moskva,,RB Salzburg,,1,3
2020-12-01,2020-21,ucl,Group C,False,Olympique de Marseille,ligue_1,Olympiakos Piraeus,,2,1
2020-12-01,2020-21,ucl,Group B,False,Shakhtar Donetsk,,Real Madrid CF,la_liga,2,0
2020-12-02,2020-21,ucl,Group F,False,Borussia Dortmund,bundesliga,SS Lazio,serie_a,1,1
2020-12-02,2020-21,ucl,Group F,False,Club Brugge KV,,Zenit St. Petersburg,,3,0
2020-12-02,2020-21,ucl,Group E,False,FK Krasnodar,,Stade Rennais FC 1901,ligue_1,1,0
2020-12-02,2020-21,ucl,Gruppe G,False,Ferencvárosi TC,,FC Barcelona,la_liga,0,3
2020-12-02,2020-21,ucl,Gruppe G,False,Juventus FC,serie_a,Dinamo Kiev,,3,0
2020-12-02,2020-21,ucl,Gruppe H,False,Manchester United FC,epl,Paris Saint-Germain FC,ligue_1,1,3
2020-12-02,2020-21,ucl,Group E,False,Sevilla FC,la_liga,Chelsea FC,epl,0,4
2020-12-02,2020-21,ucl,Gruppe H,False,İstanbul Başakşehir,,RB Leipzig,bundesliga,3,4
2020-12-03,2020-21,uel,Gruppe H,False,AC Milan,serie_a,Celtic FC,,4,2
2020-12-03,2020-21,uel,Gruppe G,False,AEK Athen,,Sporting Braga,,2,4
2020-12-03,2020-21,uel,Group A,False,AS Roma,serie_a,BSC Young Boys,,3,1
2020-12-03,2020-21,uel,Group F,False,AZ Alkmaar,,SSC Napoli,serie_a,1,1
2020-12-03,2020-21,uel,Group B,False,Arsenal FC,epl,Rapid Wien,,4,1
2020-12-03,2020-21,uel,Group A,False,CFR Cluj,,CSKA Sofia,,0,0
2020-12-03,2020-21,uel,Gruppe K,False,CSKA Moskva,,Wolfsberger AC,,0,1
2020-12-03,2020-21,uel,Gruppe L,False,Crvena Zvezda,,TSG 1899 Hoffenheim,bundesliga,0,0
2020-12-03,2020-21,uel,Gruppe K,False,Feyenoord,,Dinamo Zagreb,,0,2
2020-12-03,2020-21,uel,Group E,False,Granada CF,la_liga,PSV Eindhoven,,0,1
2020-12-03,2020-21,uel,Gruppe L,False,KAA Gent,,Slovan Liberec,,1,2
2020-12-03,2020-21,uel,Gruppe J,False,LASK,,Tottenham Hotspur FC,epl,3,3
2020-12-03,2020-21,uel,Gruppe H,False,Lille OSC,ligue_1,AC Sparta Praha,,2,1
2020-12-03,2020-21,uel,Group B,False,Molde FK,,Dundalk FC,,3,1
2020-12-03,2020-21,uel,Group C,False,OGC Nice,ligue_1,Bayer 04 Leverkusen,bundesliga,2,3
2020-12-03,2020-21,uel,Group E,False,Omonia Nikosia,,PAOK Saloniki,,2,1
2020-12-03,2020-21,uel,Gruppe I,False,Qarabağ FK,,Maccabi Tel Aviv,,1,1
2020-12-03,2020-21,uel,Group D,False,Rangers FC,,Standard Liège,,3,2
2020-12-03,2020-21,uel,Group F,False,Real Sociedad de Fútbol,la_liga,HNK Rijeka,,2,2
2020-12-03,2020-21,uel,Gruppe J,False,Royal Antwerp FC,,PFC Ludogorets Razgrad,,3,1
2020-12-03,2020-21,uel,Group D,False,SL Benfica,,Lech Poznań,,4,0
2020-12-03,2020-21,uel,Gruppe I,False,Sivasspor,,Villarreal CF,la_liga,0,1
2020-12-03,2020-21,uel,Group C,False,Slavia Praha,,Hapoel Be'er Sheva,,3,0
2020-12-03,2020-21,uel,Gruppe G,False,Zorya Lugansk,,Leicester City FC,epl,1,0
2020-12-08,2020-21,ucl,Group E,False,Chelsea FC,epl,FK Krasnodar,,1,1
2020-12-08,2020-21,ucl,Gruppe G,False,Dinamo Kiev,,Ferencvárosi TC,,1,0
2020-12-08,2020-21,ucl,Gruppe G,False,FC Barcelona,la_liga,Juventus FC,serie_a,0,3
2020-12-08,2020-21,ucl,Gruppe H,False,RB Leipzig,bundesliga,Manchester United FC,epl,3,2
2020-12-08,2020-21,ucl,Group F,False,SS Lazio,serie_a,Club Brugge KV,,2,2
2020-12-08,2020-21,ucl,Group E,False,Stade Rennais FC 1901,ligue_1,Sevilla FC,la_liga,1,3
2020-12-08,2020-21,ucl,Group F,False,Zenit St. Petersburg,,Borussia Dortmund,bundesliga,1,2
2020-12-09,2020-21,ucl,Group D,False,AFC Ajax,,Atalanta BC,serie_a,0,1
2020-12-09,2020-21,ucl,Group A,False,FC Bayern München,bundesliga,Lokomotiv Moskva,,2,0
2020-12-09,2020-21,ucl,Group B,False,FC Internazionale Milano,serie_a,Shakhtar Donetsk,,0,0
2020-12-09,2020-21,ucl,Group D,False,FC Midtjylland,,Liverpool FC,epl,1,1
2020-12-09,2020-21,ucl,Group C,False,Manchester City FC,epl,Olympique de Marseille,ligue_1,3,0
2020-12-09,2020-21,ucl,Group C,False,Olympiakos Piraeus,,FC Porto,,0,2
2020-12-09,2020-21,ucl,Gruppe H,False,Paris Saint-Germain FC,ligue_1,İstanbul Başakşehir,,5,1
2020-12-09,2020-21,ucl,Group A,False,RB Salzburg,,Club Atlético de Madrid,la_liga,0,2
2020-12-09,2020-21,ucl,Group B,False,Real Madrid CF,la_liga,Borussia Mönchengladbach,bundesliga,2,0
2020-12-10,2020-21,uel,Gruppe H,False,AC Sparta Praha,,AC Milan,serie_a,0,1
2020-12-10,2020-21,uel,Group A,False,BSC Young Boys,,CFR Cluj,,2,1
2020-12-10,2020-21,uel,Group C,False,Bayer 04 Leverkusen,bundesliga,Slavia Praha,,4,0
2020-12-10,2020-21,uel,Group A,False,CSKA Sofia,,AS Roma,serie_a,3,1
2020-12-10,2020-21,uel,Gruppe H,False,Celtic FC,,Lille OSC,ligue_1,3,2
2020-12-10,2020-21,uel,Gruppe K,False,Dinamo Zagreb,,CSKA Moskva,,3,1
2020-12-10,2020-21,uel,Group B,False,Dundalk FC,,Arsenal FC,epl,2,4
2020-12-10,2020-21,uel,Group F,False,HNK Rijeka,,AZ Alkmaar,,2,1
2020-12-10,2020-21,uel,Group C,False,Hapoel Be'er Sheva,,OGC Nice,ligue_1,1,0
2020-12-10,2020-21,uel,Group D,False,Lech Poznań,,Rangers FC,,0,2
2020-12-10,2020-21,uel,Gruppe G,False,Leicester City FC,epl,AEK Athen,,2,0
2020-12-10,2020-21,uel,Gruppe I,False,Maccabi Tel Aviv,,Sivasspor,,1,0
2020-12-10,2020-21,uel,Group E,False,PAOK Saloniki,,Granada CF,la_liga,0,0
2020-12-10,2020-21,uel,Gruppe J,False,PFC Ludogorets Razgrad,,LASK,,1,3
2020-12-10,2020-21,uel,Group E,False,PSV Eindhoven,,Omonia Nikosia,,4,0
2020-12-10,2020-21,uel,Group B,False,Rapid Wien,,Molde FK,,2,2
2020-12-10,2020-21,uel,Group F,False,SSC Napoli,serie_a,Real Sociedad de Fútbol,la_liga,1,1
2020-12-10,2020-21,uel,Gruppe L,False,Slovan Liberec,,Crvena Zvezda,,0,0
2020-12-10,2020-21,uel,Gruppe G,False,Sporting Braga,,Zorya Lugansk,,2,0
2020-12-10,2020-21,uel,Group D,False,Standard Liège,,SL Benfica,,2,2
2020-12-10,2020-21,uel,Gruppe L,False,TSG 1899 Hoffenheim,bundesliga,KAA Gent,,4,1
2020-12-10,2020-21,uel,Gruppe J,False,Tottenham Hotspur FC,epl,Royal Antwerp FC,,2,0
2020-12-10,2020-21,uel,Gruppe I,False,Villarreal CF,la_liga,Qarabağ FK,,3,0
2020-12-10,2020-21,uel,Gruppe K,False,Wolfsberger AC,,Feyenoord,,1,0
2021-02-16,2020-21,ucl,Round of 16,False,FC Barcelona,la_liga,Paris Saint-Germain FC,ligue_1,1,4
2021-02-16,2020-21,ucl,Round of 16,False,RB Leipzig,bundesliga,Liverpool FC,epl,0,2
2021-02-17,2020-21,ucl,Round of 16,False,FC Porto,,Juventus FC,serie_a,2,1
2021-02-17,2020-21,ucl,Round of 16,False,Sevilla FC,la_liga,Borussia Dortmund,bundesliga,2,3
2021-02-18,2020-21,uel,Sechzehntelfinale,False,BSC Young Boys,,Bayer 04 Leverkusen,bundesliga,4,3
2021-02-18,2020-21,uel,Sechzehntelfinale,False,Crvena Zvezda,,AC Milan,serie_a,2,2
2021-02-18,2020-21,uel,Sechzehntelfinale,False,Dinamo Kiev,,Club Brugge KV,,1,1
2021-02-18,2020-21,uel,Sechzehntelfinale,False,FK Krasnodar,,Dinamo Zagreb,,2,3
2021-02-18,2020-21,uel,Sechzehntelfinale,False,Granada CF,la_liga,SSC Napoli,serie_a,2,0
2021-02-18,2020-21,uel,Sechzehntelfinale,False,Lille OSC,ligue_1,AFC Ajax,,1,2
2021-02-18,2020-21,uel,Sechzehntelfinale,False,Maccabi Tel Aviv,,Shakhtar Donetsk,,0,2
2021-02-18,2020-21,uel,Sechzehntelfinale,False,Molde FK,,TSG 1899 Hoffenheim,bundesliga,3,3
2021-02-18,2020-21,uel,Sechzehntelfinale,False,Olympiakos Piraeus,,PSV Eindhoven,,4,2
2021-02-18,2020-21,uel,Sechzehntelfinale,False,RB Salzburg,,Villarreal CF,la_liga,0,2
2021-02-18,2020-21,uel,Sechzehntelfinale,False,Real Sociedad de Fútbol,la_liga,Manchester United FC,epl,0,4
2021-02-18,2020-21,uel,Sechzehntelfinale,False,Royal Antwerp FC,,Rangers FC,,3,4
2021-02-18,2020-21,uel,Sechzehntelfinale,False,SL Benfica,,Arsenal FC,epl,1,1
2021-02-18,2020-21,uel,Sechzehntelfinale,False,Slavia Praha,,Leicester City FC,epl,0,0
2021-02-18,2020-21,uel,Sechzehntelfinale,False,Sporting Braga,,AS Roma,serie_a,0,2
2021-02-18,2020-21,uel,Sechzehntelfinale,False,Wolfsberger AC,,Tottenham Hotspur FC,epl,1,4
2021-02-23,2020-21,ucl,Round of 16,False,Club Atlético de Madrid,la_liga,Chelsea FC,epl,0,1
2021-02-23,2020-21,ucl,Round of 16,False,SS Lazio,serie_a,FC Bayern München,bundesliga,1,4
2021-02-24,2020-21,ucl,Round of 16,False,Atalanta BC,serie_a,Real Madrid CF,la_liga,0,1
2021-02-24,2020-21,ucl,Round of 16,False,Borussia Mönchengladbach,bundesliga,Manchester City FC,epl,0,2
2021-02-24,2020-21,uel,Sechzehntelfinale,False,Tottenham Hotspur FC,epl,Wolfsberger AC,,4,0
2021-02-25,2020-21,uel,Sechzehntelfinale,False,AC Milan,serie_a,Crvena Zvezda,,1,1
2021-02-25,2020-21,uel,Sechzehntelfinale,False,AFC Ajax,,Lille OSC,ligue_1,2,1
2021-02-25,2020-21,uel,Sechzehntelfinale,False,AS Roma,serie_a,Sporting Braga,,3,1
2021-02-25,2020-21,uel,Sechzehntelfinale,False,Arsenal FC,epl,SL Benfica,,3,2
2021-02-25,2020-21,uel,Sechzehntelfinale,False,Bayer 04 Leverkusen,bundesliga,BSC Young Boys,,0,2
2021-02-25,2020-21,uel,Sechzehntelfinale,False,Club Brugge KV,,Dinamo Kiev,,0,1
2021-02-25,2020-21,uel,Sechzehntelfinale,False,Dinamo Zagreb,,FK Krasnodar,,1,0
2021-02-25,2020-21,uel,Sechzehntelfinale,False,Leicester City FC,epl,Slavia Praha,,0,2
2021-02-25,2020-21,uel,Sechzehntelfinale,False,Manchester United FC,epl,Real Sociedad de Fútbol,la_liga,0,0
2021-02-25,2020-21,uel,Sechzehntelfinale,False,PSV Eindhoven,,Olympiakos Piraeus,,2,1
2021-02-25,2020-21,uel,Sechzehntelfinale,False,Rangers FC,,Royal Antwerp FC,,5,2
2021-02-25,2020-21,uel,Sechzehntelfinale,False,SSC Napoli,serie_a,Granada CF,la_liga,2,1
2021-02-25,2020-21,uel,Sechzehntelfinale,False,Shakhtar Donetsk,,Maccabi Tel Aviv,,1,0
2021-02-25,2020-21,uel,Sechzehntelfinale,False,TSG 1899 Hoffenheim,bundesliga,Molde FK,,0,2
2021-02-25,2020-21,uel,Sechzehntelfinale,False,Villarreal CF,la_liga,RB Salzburg,,2,1
2021-03-09,2020-21,ucl,Round of 16,False,Borussia Dortmund,bundesliga,Sevilla FC,la_liga,2,2
2021-03-09,2020-21,ucl,Round of 16,False,Juventus FC,serie_a,FC Porto,,3,2
2021-03-10,2020-21,ucl,Round of 16,False,Liverpool FC,epl,RB Leipzig,bundesliga,2,0
2021-03-10,2020-21,ucl,Round of 16,False,Paris Saint-Germain FC,ligue_1,FC Barcelona,la_liga,1,1
2021-03-11,2020-21,uel,Round of 16,False,AFC Ajax,,BSC Young Boys,,3,0
2021-03-11,2020-21,uel,Round of 16,False,AS Roma,serie_a,Shakhtar Donetsk,,3,0
2021-03-11,2020-21,uel,Round of 16,False,Dinamo Kiev,,Villarreal CF,la_liga,0,2
2021-03-11,2020-21,uel,Round of 16,False,Granada CF,la_liga,Molde FK,,2,0
2021-03-11,2020-21,uel,Round of 16,False,Manchester United FC,epl,AC Milan,serie_a,1,1
2021-03-11,2020-21,uel,Round of 16,False,Olympiakos Piraeus,,Arsenal FC,epl,1,3
2021-03-11,2020-21,uel,Round of 16,False,Slavia Praha,,Rangers FC,,1,1
2021-03-11,2020-21,uel,Round of 16,False,Tottenham Hotspur FC,epl,Dinamo Zagreb,,2,0
2021-03-16,2020-21,ucl,Round of 16,False,Manchester City FC,epl,Borussia Mönchengladbach,bundesliga,2,0
2021-03-16,2020-21,ucl,Round of 16,False,Real Madrid CF,la_liga,Atalanta BC,serie_a,3,1
2021-03-17,2020-21,ucl,Round of 16,False,Chelsea FC,epl,Club Atlético de Madrid,la_liga,2,0
2021-03-17,2020-21,ucl,Round of 16,False,FC Bayern München,bundesliga,SS Lazio,serie_a,2,1
2021-03-18,2020-21,uel,Round of 16,False,AC Milan,serie_a,Manchester United FC,epl,0,1
2021-03-18,2020-21,uel,Round of 16,False,Arsenal FC,epl,Olympiakos Piraeus,,0,1
2021-03-18,2020-21,uel,Round of 16,False,BSC Young Boys,,AFC Ajax,,0,2
2021-03-18,2020-21,uel,Round of 16,False,Dinamo Zagreb,,Tottenham Hotspur FC,epl,3,0
2021-03-18,2020-21,uel,Round of 16,False,Molde FK,,Granada CF,la_liga,2,1
2021-03-18,2020-21,uel,Round of 16,False,Rangers FC,,Slavia Praha,,0,2
2021-03-18,2020-21,uel,Round of 16,False,Shakhtar Donetsk,,AS Roma,serie_a,1,2
2021-03-18,2020-21,uel,Round of 16,False,Villarreal CF,la_liga,Dinamo Kiev,,2,0
2021-04-06,2020-21,ucl,Quarterfinals,False,Manchester City FC,epl,Borussia Dortmund,bundesliga,2,1
2021-04-06,2020-21,ucl,Quarterfinals,False,Real Madrid CF,la_liga,Liverpool FC,epl,3,1
2021-04-07,2020-21,ucl,Quarterfinals,False,FC Bayern München,bundesliga,Paris Saint-Germain FC,ligue_1,2,3
2021-04-07,2020-21,ucl,Quarterfinals,False,FC Porto,,Chelsea FC,epl,0,2
2021-04-08,2020-21,uel,Quarterfinals,False,AFC Ajax,,AS Roma,serie_a,1,2
2021-04-08,2020-21,uel,Quarterfinals,False,Arsenal FC,epl,Slavia Praha,,1,1
2021-04-08,2020-21,uel,Quarterfinals,False,Dinamo Zagreb,,Villarreal CF,la_liga,0,1
2021-04-08,2020-21,uel,Quarterfinals,False,Granada CF,la_liga,Manchester United FC,epl,0,2
2021-04-13,2020-21,ucl,Quarterfinals,False,Chelsea FC,epl,FC Porto,,0,1
2021-04-13,2020-21,ucl,Quarterfinals,False,Paris Saint-Germain FC,ligue_1,FC Bayern München,bundesliga,0,1
2021-04-14,2020-21,ucl,Quarterfinals,False,Borussia Dortmund,bundesliga,Manchester City FC,epl,1,2
2021-04-14,2020-21,ucl,Quarterfinals,False,Liverpool FC,epl,Real Madrid CF,la_liga,0,0
2021-04-15,2020-21,uel,Quarterfinals,False,AS Roma,serie_a,AFC Ajax,,1,1
2021-04-15,2020-21,uel,Quarterfinals,False,Manchester United FC,epl,Granada CF,la_liga,2,0
2021-04-15,2020-21,uel,Quarterfinals,False,Slavia Praha,,Arsenal FC,epl,0,4
2021-04-15,2020-21,uel,Quarterfinals,False,Villarreal CF,la_liga,Dinamo Zagreb,,2,1
2021-04-27,2020-21,ucl,Semifinals,False,Real Madrid CF,la_liga,Chelsea FC,epl,1,1
2021-04-28,2020-21,ucl,Semifinals,False,Paris Saint-Germain FC,ligue_1,Manchester City FC,epl,1,2
2021-04-29,2020-21,uel,Semifinals,False,Manchester United FC,epl,AS Roma,serie_a,6,2
2021-04-29,2020-21,uel,Semifinals,False,Villarreal CF,la_liga,Arsenal FC,epl,2,1
2021-05-04,2020-21,ucl,Semifinals,False,Manchester City FC,epl,Paris Saint-Germain FC,ligue_1,2,0
2021-05-05,2020-21,ucl,Semifinals,False,Chelsea FC,epl,Real Madrid CF,la_liga,2,0
2021-05-06,2020-21,uel,Semifinals,False,AS Roma,serie_a,Manchester United FC,epl,3,2
2021-05-06,2020-21,uel,Semifinals,False,Arsenal FC,epl,Villarreal CF,la_liga,0,0
2021-05-26,2020-21,uel,Final,True,Villarreal CF,la_liga,Manchester United FC,epl,1,1
2021-05-29,2020-21,ucl,Final,True,Manchester City FC,epl,Chelsea FC,epl,0,1
2021-09-14,2021-22,ucl,Group F,False,BSC Young Boys,,Manchester United FC,epl,2,1
2021-09-14,2021-22,ucl,Gruppe H,False,Chelsea FC,epl,Zenit St. Petersburg,,1,0
2021-09-14,2021-22,ucl,Group E,False,Dinamo Kiev,,SL Benfica,,0,0
2021-09-14,2021-22,ucl,Group E,False,FC Barcelona,la_liga,FC Bayern München,bundesliga,0,3
2021-09-14,2021-22,ucl,Gruppe G,False,Lille OSC,ligue_1,VfL Wolfsburg,bundesliga,0,0
2021-09-14,2021-22,ucl,Gruppe H,False,Malmö FF,,Juventus FC,serie_a,0,3
2021-09-14,2021-22,ucl,Gruppe G,False,Sevilla FC,la_liga,RB Salzburg,,1,1
2021-09-14,2021-22,ucl,Group F,False,Villarreal CF,la_liga,Atalanta BC,serie_a,2,2
2021-09-14,2021-22,uecl,Group E,False,Maccabi Haifa,,Feyenoord,,0,0
2021-09-14,2021-22,uecl,Group A,False,Maccabi Tel Aviv,,FC Alashkert,,4,1
2021-09-15,2021-22,ucl,Group C,False,Beşiktaş,,Borussia Dortmund,bundesliga,1,2
2021-09-15,2021-22,ucl,Group B,False,Club Atlético de Madrid,la_liga,FC Porto,,0,0
2021-09-15,2021-22,ucl,Group A,False,Club Brugge KV,,Paris Saint-Germain FC,ligue_1,1,1
2021-09-15,2021-22,ucl,Group D,False,FC Internazionale Milano,serie_a,Real Madrid CF,la_liga,0,1
2021-09-15,2021-22,ucl,Group D,False,FC Sheriff,,Shakhtar Donetsk,,2,0
2021-09-15,2021-22,ucl,Group B,False,Liverpool FC,epl,AC Milan,serie_a,3,2
2021-09-15,2021-22,ucl,Group A,False,Manchester City FC,epl,RB Leipzig,bundesliga,6,3
2021-09-15,2021-22,ucl,Group C,False,Sporting CP,,AFC Ajax,,1,5
2021-09-15,2021-22,uel,Group C,False,Spartak Moskva,,Legia Warszawa,,0,1
2021-09-16,2021-22,uecl,Group C,False,AS Roma,serie_a,CSKA Sofia,,5,1
2021-09-16,2021-22,uecl,Group B,False,Anorthosis Famagusta,,Partizan,,0,2
2021-09-16,2021-22,uecl,Group B,False,FC Flora,,KAA Gent,,0,1
2021-09-16,2021-22,uecl,Group C,False,FK Bodø/Glimt,,Zorya Lugansk,,3,1
2021-09-16,2021-22,uecl,Group D,False,FK Jablonec,,CFR Cluj,,1,0
2021-09-16,2021-22,uecl,Gruppe H,False,FK Kairat,,Omonia Nikosia,,0,0
2021-09-16,2021-22,uecl,Group A,False,HJK Helsinki,,LASK,,0,2
2021-09-16,2021-22,uecl,Group F,False,Lincoln Red Imps,,PAOK Saloniki,,0,2
2021-09-16,2021-22,uecl,Gruppe G,False,NŠ Mura,,Vitesse,,0,2
2021-09-16,2021-22,uecl,Gruppe H,False,Qarabağ FK,,FC Basel 1893,,0,0
2021-09-16,2021-22,uecl,Group D,False,Randers FC,,AZ Alkmaar,,2,2
2021-09-16,2021-22,uecl,Group E,False,Slavia Praha,,1. FC Union Berlin,bundesliga,3,1
2021-09-16,2021-22,uecl,Group F,False,Slovan Bratislava,,FC København,,1,3
2021-09-16,2021-22,uecl,Gruppe G,False,Stade Rennais FC 1901,ligue_1,Tottenham Hotspur FC,epl,2,2
2021-09-16,2021-22,uel,Group B,False,AS Monaco FC,ligue_1,Sturm Graz,,1,0
2021-09-16,2021-22,uel,Gruppe G,False,Bayer 04 Leverkusen,bundesliga,Ferencvárosi TC,,2,1
2021-09-16,2021-22,uel,Group A,False,Brøndby IF,,AC Sparta Praha,,0,0
2021-09-16,2021-22,uel,Group F,False,Crvena Zvezda,,Sporting Braga,,2,1
2021-09-16,2021-22,uel,Gruppe H,False,Dinamo Zagreb,,West Ham United FC,epl,0,2
2021-09-16,2021-22,uel,Group D,False,Eintracht Frankfurt,bundesliga,Fenerbahçe,,1,1
2021-09-16,2021-22,uel,Group F,False,FC Midtjylland,,PFC Ludogorets Razgrad,,1,1
2021-09-16,2021-22,uel,Group E,False,Galatasaray,,SS Lazio,serie_a,1,0
2021-09-16,2021-22,uel,Group C,False,Leicester City FC,epl,SSC Napoli,serie_a,2,2
2021-09-16,2021-22,uel,Group E,False,Lokomotiv Moskva,,Olympique de Marseille,ligue_1,1,1
2021-09-16,2021-22,uel,Group D,False,Olympiakos Piraeus,,Royal Antwerp FC,,2,1
2021-09-16,2021-22,uel,Group B,False,PSV Eindhoven,,Real Sociedad de Fútbol,la_liga,2,2
2021-09-16,2021-22,uel,Group A,False,Rangers FC,,Olympique Lyonnais,ligue_1,0,2
2021-09-16,2021-22,uel,Gruppe H,False,Rapid Wien,,KRC Genk,,0,1
2021-09-16,2021-22,uel,Gruppe G,False,Real Betis Balompié,la_liga,Celtic FC,,4,3
2021-09-28,2021-22,ucl,Group B,False,AC Milan,serie_a,Club Atlético de Madrid,la_liga,1,2
2021-09-28,2021-22,ucl,Group C,False,AFC Ajax,,Beşiktaş,,2,0
2021-09-28,2021-22,ucl,Group C,False,Borussia Dortmund,bundesliga,Sporting CP,,1,0
2021-09-28,2021-22,ucl,Group B,False,FC Porto,,Liverpool FC,epl,1,5
2021-09-28,2021-22,ucl,Group A,False,Paris Saint-Germain FC,ligue_1,Manchester City FC,epl,2,0
2021-09-28,2021-22,ucl,Group A,False,RB Leipzig,bundesliga,Club Brugge KV,,1,2
2021-09-28,2021-22,ucl,Group D,False,Real Madrid CF,la_liga,FC Sheriff,,1,2
2021-09-28,2021-22,ucl,Group D,False,Shakhtar Donetsk,,FC Internazionale Milano,serie_a,0,0
2021-09-29,2021-22,ucl,Group F,False,Atalanta BC,serie_a,BSC Young Boys,,1,0
2021-09-29,2021-22,ucl,Group E,False,FC Bayern München,bundesliga,Dinamo Kiev,,5,0
2021-09-29,2021-22,ucl,Gruppe H,False,Juventus FC,serie_a,Chelsea FC,epl,1,0
2021-09-29,2021-22,ucl,Group F,False,Manchester United FC,epl,Villarreal CF,la_liga,2,1
2021-09-29,2021-22,ucl,Gruppe G,False,RB Salzburg,,Lille OSC,ligue_1,2,1
2021-09-29,2021-22,ucl,Group E,False,SL Benfica,,FC Barcelona,la_liga,3,0
2021-09-29,2021-22,ucl,Gruppe G,False,VfL Wolfsburg,bundesliga,Sevilla FC,la_liga,1,1
2021-09-29,2021-22,ucl,Gruppe H,False,Zenit St. Petersburg,,Malmö FF,,4,0
2021-09-30,2021-22,uecl,Group E,False,1. FC Union Berlin,bundesliga,Maccabi Haifa,,3,0
2021-09-30,2021-22,uecl,Group D,False,AZ Alkmaar,,FK Jablonec,,1,0
2021-09-30,2021-22,uecl,Group D,False,CFR Cluj,,Randers FC,,1,1
2021-09-30,2021-22,uecl,Group C,False,CSKA Sofia,,FK Bodø/Glimt,,0,0
2021-09-30,2021-22,uecl,Group A,False,FC Alashkert,,HJK Helsinki,,2,4
2021-09-30,2021-22,uecl,Gruppe H,False,FC Basel 1893,,FK Kairat,,4,2
2021-09-30,2021-22,uecl,Group F,False,FC København,,Lincoln Red Imps,,3,1
2021-09-30,2021-22,uecl,Group E,False,Feyenoord,,Slavia Praha,,2,1
2021-09-30,2021-22,uecl,Group B,False,KAA Gent,,Anorthosis Famagusta,,2,0
2021-09-30,2021-22,uecl,Group A,False,LASK,,Maccabi Tel Aviv,,1,1
2021-09-30,2021-22,uecl,Gruppe H,False,Omonia Nikosia,,Qarabağ FK,,1,4
2021-09-30,2021-22,uecl,Group F,False,PAOK Saloniki,,Slovan Bratislava,,1,1
2021-09-30,2021-22,uecl,Group B,False,Partizan,,FC Flora,,2,0
2021-09-30,2021-22,uecl,Gruppe G,False,Tottenham Hotspur FC,epl,NŠ Mura,,5,1
2021-09-30,2021-22,uecl,Gruppe G,False,Vitesse,,Stade Rennais FC 1901,ligue_1,1,2
2021-09-30,2021-22,uecl,Group C,False,Zorya Lugansk,,AS Roma,serie_a,0,3
2021-09-30,2021-22,uel,Group A,False,AC Sparta Praha,,Rangers FC,,1,0
2021-09-30,2021-22,uel,Gruppe G,False,Celtic FC,,Bayer 04 Leverkusen,bundesliga,0,4
2021-09-30,2021-22,uel,Group D,False,Fenerbahçe,,Olympiakos Piraeus,,0,3
2021-09-30,2021-22,uel,Gruppe G,False,Ferencvárosi TC,,Real Betis Balompié,la_liga,1,3
2021-09-30,2021-22,uel,Gruppe H,False,KRC Genk,,Dinamo Zagreb,,0,3
2021-09-30,2021-22,uel,Group C,False,Legia Warszawa,,Leicester City FC,epl,1,0
2021-09-30,2021-22,uel,Group A,False,Olympique Lyonnais,ligue_1,Brøndby IF,,3,0
2021-09-30,2021-22,uel,Group E,False,Olympique de Marseille,ligue_1,Galatasaray,,0,0
2021-09-30,2021-22,uel,Group F,False,PFC Ludogorets Razgrad,,Crvena Zvezda,,0,1
2021-09-30,2021-22,uel,Group B,False,Real Sociedad de Fútbol,la_liga,AS Monaco FC,ligue_1,1,1
2021-09-30,2021-22,uel,Group D,False,Royal Antwerp FC,,Eintracht Frankfurt,bundesliga,0,1
2021-09-30,2021-22,uel,Group E,False,SS Lazio,serie_a,Lokomotiv Moskva,,2,0
2021-09-30,2021-22,uel,Group C,False,SSC Napoli,serie_a,Spartak Moskva,,2,3
2021-09-30,2021-22,uel,Group F,False,Sporting Braga,,FC Midtjylland,,3,1
2021-09-30,2021-22,uel,Group B,False,Sturm Graz,,PSV Eindhoven,,1,4
2021-09-30,2021-22,uel,Gruppe H,False,West Ham United FC,epl,Rapid Wien,,2,0
2021-10-19,2021-22,ucl,Group C,False,AFC Ajax,,Borussia Dortmund,bundesliga,4,0
2021-10-19,2021-22,ucl,Group C,False,Beşiktaş,,Sporting CP,,1,4
2021-10-19,2021-22,ucl,Group B,False,Club Atlético de Madrid,la_liga,Liverpool FC,epl,2,3
2021-10-19,2021-22,ucl,Group A,False,Club Brugge KV,,Manchester City FC,epl,1,5
2021-10-19,2021-22,ucl,Group D,False,FC Internazionale Milano,serie_a,FC Sheriff,,3,1
2021-10-19,2021-22,ucl,Group B,False,FC Porto,,AC Milan,serie_a,1,0
2021-10-19,2021-22,ucl,Group A,False,Paris Saint-Germain FC,ligue_1,RB Leipzig,bundesliga,3,2
2021-10-19,2021-22,ucl,Group D,False,Shakhtar Donetsk,,Real Madrid CF,la_liga,0,5
2021-10-19,2021-22,uel,Gruppe G,False,Celtic FC,,Ferencvárosi TC,,2,0
2021-10-20,2021-22,ucl,Group F,False,BSC Young Boys,,Villarreal CF,la_liga,1,4
2021-10-20,2021-22,ucl,Gruppe H,False,Chelsea FC,epl,Malmö FF,,4,0
2021-10-20,2021-22,ucl,Group E,False,FC Barcelona,la_liga,Dinamo Kiev,,1,0
2021-10-20,2021-22,ucl,Gruppe G,False,Lille OSC,ligue_1,Sevilla FC,la_liga,0,0
2021-10-20,2021-22,ucl,Group F,False,Manchester United FC,epl,Atalanta BC,serie_a,3,2
2021-10-20,2021-22,ucl,Gruppe G,False,RB Salzburg,,VfL Wolfsburg,bundesliga,3,1
2021-10-20,2021-22,ucl,Group E,False,SL Benfica,,FC Bayern München,bundesliga,0,4
2021-10-20,2021-22,ucl,Gruppe H,False,Zenit St. Petersburg,,Juventus FC,serie_a,0,1
2021-10-20,2021-22,uel,Group C,False,Spartak Moskva,,Leicester City FC,epl,3,4
2021-10-21,2021-22,uecl,Group B,False,Anorthosis Famagusta,,FC Flora,,2,2
2021-10-21,2021-22,uecl,Group D,False,CFR Cluj,,AZ Alkmaar,,0,1
2021-10-21,2021-22,uecl,Group C,False,CSKA Sofia,,Zorya Lugansk,,0,1
2021-10-21,2021-22,uecl,Group A,False,FC Alashkert,,LASK,,0,3
2021-10-21,2021-22,uecl,Gruppe H,False,FC Basel 1893,,Omonia Nikosia,,3,1
2021-10-21,2021-22,uecl,Group F,False,FC København,,PAOK Saloniki,,1,2
2021-10-21,2021-22,uecl,Group C,False,FK Bodø/Glimt,,AS Roma,serie_a,6,1
2021-10-21,2021-22,uecl,Group D,False,FK Jablonec,,Randers FC,,2,2
2021-10-21,2021-22,uecl,Group E,False,Feyenoord,,1. FC Union Berlin,bundesliga,3,1
2021-10-21,2021-22,uecl,Group A,False,HJK Helsinki,,Maccabi Tel Aviv,,0,5
2021-10-21,2021-22,uecl,Group E,False,Maccabi Haifa,,Slavia Praha,,1,0
2021-10-21,2021-22,uecl,Gruppe G,False,NŠ Mura,,Stade Rennais FC 1901,ligue_1,1,2
2021-10-21,2021-22,uecl,Group B,False,Partizan,,KAA Gent,,0,1
2021-10-21,2021-22,uecl,Gruppe H,False,Qarabağ FK,,FK Kairat,,2,1
2021-10-21,2021-22,uecl,Group F,False,Slovan Bratislava,,Lincoln Red Imps,,2,0
2021-10-21,2021-22,uecl,Gruppe G,False,Vitesse,,Tottenham Hotspur FC,epl,1,0
2021-10-21,2021-22,uel,Group A,False,AC Sparta Praha,,Olympique Lyonnais,ligue_1,3,4
2021-10-21,2021-22,uel,Group D,False,Eintracht Frankfurt,bundesliga,Olympiakos Piraeus,,3,1
2021-10-21,2021-22,uel,Group F,False,FC Midtjylland,,Crvena Zvezda,,1,1
2021-10-21,2021-22,uel,Group D,False,Fenerbahçe,,Royal Antwerp FC,,2,2
2021-10-21,2021-22,uel,Group E,False,Lokomotiv Moskva,,Galatasaray,,0,1
2021-10-21,2021-22,uel,Group F,False,PFC Ludogorets Razgrad,,Sporting Braga,,0,1
2021-10-21,2021-22,uel,Group B,False,PSV Eindhoven,,AS Monaco FC,ligue_1,1,2
2021-10-21,2021-22,uel,Group A,False,Rangers FC,,Brøndby IF,,2,0
2021-10-21,2021-22,uel,Gruppe H,False,Rapid Wien,,Dinamo Zagreb,,2,1
2021-10-21,2021-22,uel,Gruppe G,False,Real Betis Balompié,la_liga,Bayer 04 Leverkusen,bundesliga,1,1
2021-10-21,2021-22,uel,Group E,False,SS Lazio,serie_a,Olympique de Marseille,ligue_1,0,0
2021-10-21,2021-22,uel,Group C,False,SSC Napoli,serie_a,Legia Warszawa,,3,0
2021-10-21,2021-22,uel,Group B,False,Sturm Graz,,Real Sociedad de Fútbol,la_liga,0,1
2021-10-21,2021-22,uel,Gruppe H,False,West Ham United FC,epl,KRC Genk,,3,0
2021-11-02,2021-22,ucl,Group F,False,Atalanta BC,serie_a,Manchester United FC,epl,2,2
2021-11-02,2021-22,ucl,Group E,False,Dinamo Kiev,,FC Barcelona,la_liga,0,1
2021-11-02,2021-22,ucl,Group E,False,FC Bayern München,bundesliga,SL Benfica,,5,2
2021-11-02,2021-22,ucl,Gruppe H,False,Juventus FC,serie_a,Zenit St. Petersburg,,4,2
2021-11-02,2021-22,ucl,Gruppe H,False,Malmö FF,,Chelsea FC,epl,0,1
2021-11-02,2021-22,ucl,Gruppe G,False,Sevilla FC,la_liga,Lille OSC,ligue_1,1,2
2021-11-02,2021-22,ucl,Gruppe G,False,VfL Wolfsburg,bundesliga,RB Salzburg,,2,1
2021-11-02,2021-22,ucl,Group F,False,Villarreal CF,la_liga,BSC Young Boys,,2,0
2021-11-03,2021-22,ucl,Group B,False,AC Milan,serie_a,FC Porto,,1,1
2021-11-03,2021-22,ucl,Group C,False,Borussia Dortmund,bundesliga,AFC Ajax,,1,3
2021-11-03,2021-22,ucl,Group D,False,FC Sheriff,,FC Internazionale Milano,serie_a,1,3
2021-11-03,2021-22,ucl,Group B,False,Liverpool FC,epl,Club Atlético de Madrid,la_liga,2,0
2021-11-03,2021-22,ucl,Group A,False,Manchester City FC,epl,Club Brugge KV,,4,1
2021-11-03,2021-22,ucl,Group A,False,RB Leipzig,bundesliga,Paris Saint-Germain FC,ligue_1,2,2
2021-11-03,2021-22,ucl,Group D,False,Real Madrid CF,la_liga,Shakhtar Donetsk,,2,1
2021-11-03,2021-22,ucl,Group C,False,Sporting CP,,Beşiktaş,,4,0
2021-11-04,2021-22,uecl,Group E,False,1. FC Union Berlin,bundesliga,Feyenoord,,1,2
2021-11-04,2021-22,uecl,Group C,False,AS Roma,serie_a,FK Bodø/Glimt,,2,2
2021-11-04,2021-22,uecl,Group D,False,AZ Alkmaar,,CFR Cluj,,2,0
2021-11-04,2021-22,uecl,Group B,False,FC Flora,,Anorthosis Famagusta,,2,2
2021-11-04,2021-22,uecl,Gruppe H,False,FK Kairat,,Qarabağ FK,,1,2
2021-11-04,2021-22,uecl,Group B,False,KAA Gent,,Partizan,,1,1
2021-11-04,2021-22,uecl,Group A,False,LASK,,FC Alashkert,,2,0
2021-11-04,2021-22,uecl,Group F,False,Lincoln Red Imps,,Slovan Bratislava,,1,4
2021-11-04,2021-22,uecl,Group A,False,Maccabi Tel Aviv,,HJK Helsinki,,3,0
2021-11-04,2021-22,uecl,Gruppe H,False,Omonia Nikosia,,FC Basel 1893,,1,1
2021-11-04,2021-22,uecl,Group F,False,PAOK Saloniki,,FC København,,1,2
2021-11-04,2021-22,uecl,Group D,False,Randers FC,,FK Jablonec,,2,2
2021-11-04,2021-22,uecl,Group E,False,Slavia Praha,,Maccabi Haifa,,1,0
2021-11-04,2021-22,uecl,Gruppe G,False,Stade Rennais FC 1901,ligue_1,NŠ Mura,,1,0
2021-11-04,2021-22,uecl,Gruppe G,False,Tottenham Hotspur FC,epl,Vitesse,,3,2
2021-11-04,2021-22,uecl,Group C,False,Zorya Lugansk,,CSKA Sofia,,2,0
2021-11-04,2021-22,uel,Group B,False,AS Monaco FC,ligue_1,PSV Eindhoven,,0,0
2021-11-04,2021-22,uel,Gruppe G,False,Bayer 04 Leverkusen,bundesliga,Real Betis Balompié,la_liga,4,0
2021-11-04,2021-22,uel,Group A,False,Brøndby IF,,Rangers FC,,1,1
2021-11-04,2021-22,uel,Group F,False,Crvena Zvezda,,FC Midtjylland,,0,1
2021-11-04,2021-22,uel,Gruppe H,False,Dinamo Zagreb,,Rapid Wien,,3,1
2021-11-04,2021-22,uel,Gruppe G,False,Ferencvárosi TC,,Celtic FC,,2,3
2021-11-04,2021-22,uel,Group E,False,Galatasaray,,Lokomotiv Moskva,,1,1
2021-11-04,2021-22,uel,Gruppe H,False,KRC Genk,,West Ham United FC,epl,2,2
2021-11-04,2021-22,uel,Group C,False,Legia Warszawa,,SSC Napoli,serie_a,1,4
2021-11-04,2021-22,uel,Group C,False,Leicester City FC,epl,Spartak Moskva,,1,1
2021-11-04,2021-22,uel,Group D,False,Olympiakos Piraeus,,Eintracht Frankfurt,bundesliga,1,2
2021-11-04,2021-22,uel,Group A,False,Olympique Lyonnais,ligue_1,AC Sparta Praha,,3,0
2021-11-04,2021-22,uel,Group E,False,Olympique de Marseille,ligue_1,SS Lazio,serie_a,2,2
2021-11-04,2021-22,uel,Group B,False,Real Sociedad de Fútbol,la_liga,Sturm Graz,,1,1
2021-11-04,2021-22,uel,Group D,False,Royal Antwerp FC,,Fenerbahçe,,0,3
2021-11-04,2021-22,uel,Group F,False,Sporting Braga,,PFC Ludogorets Razgrad,,4,2
2021-11-23,2021-22,ucl,Group F,False,BSC Young Boys,,Atalanta BC,serie_a,3,3
2021-11-23,2021-22,ucl,Gruppe H,False,Chelsea FC,epl,Juventus FC,serie_a,4,0
2021-11-23,2021-22,ucl,Group E,False,Dinamo Kiev,,FC Bayern München,bundesliga,1,2
2021-11-23,2021-22,ucl,Group E,False,FC Barcelona,la_liga,SL Benfica,,0,0
2021-11-23,2021-22,ucl,Gruppe G,False,Lille OSC,ligue_1,RB Salzburg,,1,0
2021-11-23,2021-22,ucl,Gruppe H,False,Malmö FF,,Zenit St. Petersburg,,1,1
2021-11-23,2021-22,ucl,Gruppe G,False,Sevilla FC,la_liga,VfL Wolfsburg,bundesliga,2,0
2021-11-23,2021-22,ucl,Group F,False,Villarreal CF,la_liga,Manchester United FC,epl,0,2
2021-11-24,2021-22,ucl,Group C,False,Beşiktaş,,AFC Ajax,,1,2
2021-11-24,2021-22,ucl,Group B,False,Club Atlético de Madrid,la_liga,AC Milan,serie_a,0,1
2021-11-24,2021-22,ucl,Group A,False,Club Brugge KV,,RB Leipzig,bundesliga,0,5
2021-11-24,2021-22,ucl,Group D,False,FC Internazionale Milano,serie_a,Shakhtar Donetsk,,2,0
2021-11-24,2021-22,ucl,Group D,False,FC Sheriff,,Real Madrid CF,la_liga,0,3
2021-11-24,2021-22,ucl,Group B,False,Liverpool FC,epl,FC Porto,,2,0
2021-11-24,2021-22,ucl,Group A,False,Manchester City FC,epl,Paris Saint-Germain FC,ligue_1,2,1
2021-11-24,2021-22,ucl,Group C,False,Sporting CP,,Borussia Dortmund,bundesliga,3,1
2021-11-24,2021-22,uel,Group C,False,Spartak Moskva,,SSC Napoli,serie_a,2,1
2021-11-25,2021-22,uecl,Group C,False,AS Roma,serie_a,Zorya Lugansk,,4,0
2021-11-25,2021-22,uecl,Group B,False,Anorthosis Famagusta,,KAA Gent,,1,0
2021-11-25,2021-22,uecl,Group B,False,FC Flora,,Partizan,,1,0
2021-11-25,2021-22,uecl,Group C,False,FK Bodø/Glimt,,CSKA Sofia,,2,0
2021-11-25,2021-22,uecl,Group D,False,FK Jablonec,,AZ Alkmaar,,1,1
2021-11-25,2021-22,uecl,Gruppe H,False,FK Kairat,,FC Basel 1893,,2,3
2021-11-25,2021-22,uecl,Group A,False,HJK Helsinki,,FC Alashkert,,1,0
2021-11-25,2021-22,uecl,Group F,False,Lincoln Red Imps,,FC København,,0,4
2021-11-25,2021-22,uecl,Group E,False,Maccabi Haifa,,1. FC Union Berlin,bundesliga,0,1
2021-11-25,2021-22,uecl,Group A,False,Maccabi Tel Aviv,,LASK,,0,1
2021-11-25,2021-22,uecl,Gruppe G,False,NŠ Mura,,Tottenham Hotspur FC,epl,2,1
2021-11-25,2021-22,uecl,Gruppe H,False,Qarabağ FK,,Omonia Nikosia,,2,2
2021-11-25,2021-22,uecl,Group D,False,Randers FC,,CFR Cluj,,2,1
2021-11-25,2021-22,uecl,Group E,False,Slavia Praha,,Feyenoord,,2,2
2021-11-25,2021-22,uecl,Group F,False,Slovan Bratislava,,PAOK Saloniki,,0,0
2021-11-25,2021-22,uecl,Gruppe G,False,Stade Rennais FC 1901,ligue_1,Vitesse,,3,3
2021-11-25,2021-22,uel,Group B,False,AS Monaco FC,ligue_1,Real Sociedad de Fútbol,la_liga,2,1
2021-11-25,2021-22,uel,Gruppe G,False,Bayer 04 Leverkusen,bundesliga,Celtic FC,,3,2
2021-11-25,2021-22,uel,Group A,False,Brøndby IF,,Olympique Lyonnais,ligue_1,1,3
2021-11-25,2021-22,uel,Group F,False,Crvena Zvezda,,PFC Ludogorets Razgrad,,1,0
2021-11-25,2021-22,uel,Gruppe H,False,Dinamo Zagreb,,KRC Genk,,1,1
2021-11-25,2021-22,uel,Group D,False,Eintracht Frankfurt,bundesliga,Royal Antwerp FC,,2,2
2021-11-25,2021-22,uel,Group F,False,FC Midtjylland,,Sporting Braga,,3,2
2021-11-25,2021-22,uel,Group E,False,Galatasaray,,Olympique de Marseille,ligue_1,4,2
2021-11-25,2021-22,uel,Group C,False,Leicester City FC,epl,Legia Warszawa,,3,1
2021-11-25,2021-22,uel,Group E,False,Lokomotiv Moskva,,SS Lazio,serie_a,0,3
2021-11-25,2021-22,uel,Group D,False,Olympiakos Piraeus,,Fenerbahçe,,1,0
2021-11-25,2021-22,uel,Group B,False,PSV Eindhoven,,Sturm Graz,,2,0
2021-11-25,2021-22,uel,Group A,False,Rangers FC,,AC Sparta Praha,,2,0
2021-11-25,2021-22,uel,Gruppe H,False,Rapid Wien,,West Ham United FC,epl,0,2
2021-11-25,2021-22,uel,Gruppe G,False,Real Betis Balompié,la_liga,Ferencvárosi TC,,2,0
2021-12-07,2021-22,ucl,Group B,False,AC Milan,serie_a,Liverpool FC,epl,1,2
2021-12-07,2021-22,ucl,Group C,False,AFC Ajax,,Sporting CP,,4,2
2021-12-07,2021-22,ucl,Group C,False,Borussia Dortmund,bundesliga,Beşiktaş,,5,0
2021-12-07,2021-22,ucl,Group B,False,FC Porto,,Club Atlético de Madrid,la_liga,1,3
2021-12-07,2021-22,ucl,Group A,False,Paris Saint-Germain FC,ligue_1,Club Brugge KV,,4,1
2021-12-07,2021-22,ucl,Group A,False,RB Leipzig,bundesliga,Manchester City FC,epl,2,1
2021-12-07,2021-22,ucl,Group D,False,Real Madrid CF,la_liga,FC Internazionale Milano,serie_a,2,0
2021-12-07,2021-22,ucl,Group D,False,Shakhtar Donetsk,,FC Sheriff,,1,1
2021-12-08,2021-22,ucl,Group E,False,FC Bayern München,bundesliga,FC Barcelona,la_liga,3,0
2021-12-08,2021-22,ucl,Gruppe H,False,Juventus FC,serie_a,Malmö FF,,1,0
2021-12-08,2021-22,ucl,Group F,False,Manchester United FC,epl,BSC Young Boys,,1,1
2021-12-08,2021-22,ucl,Gruppe G,False,RB Salzburg,,Sevilla FC,la_liga,1,0
2021-12-08,2021-22,ucl,Group E,False,SL Benfica,,Dinamo Kiev,,2,0
2021-12-08,2021-22,ucl,Gruppe G,False,VfL Wolfsburg,bundesliga,Lille OSC,ligue_1,1,3
2021-12-08,2021-22,ucl,Gruppe H,False,Zenit St. Petersburg,,Chelsea FC,epl,3,3
2021-12-09,2021-22,ucl,Group F,False,Atalanta BC,serie_a,Villarreal CF,la_liga,2,3
2021-12-09,2021-22,uecl,Group E,False,1. FC Union Berlin,bundesliga,Slavia Praha,,1,1
2021-12-09,2021-22,uecl,Group D,False,AZ Alkmaar,,Randers FC,,1,0
2021-12-09,2021-22,uecl,Group D,False,CFR Cluj,,FK Jablonec,,2,0
2021-12-09,2021-22,uecl,Group C,False,CSKA Sofia,,AS Roma,serie_a,2,3
2021-12-09,2021-22,uecl,Group A,False,FC Alashkert,,Maccabi Tel Aviv,,1,1
2021-12-09,2021-22,uecl,Gruppe H,False,FC Basel 1893,,Qarabağ FK,,3,0
2021-12-09,2021-22,uecl,Group F,False,FC København,,Slovan Bratislava,,2,0
2021-12-09,2021-22,uecl,Group E,False,Feyenoord,,Maccabi Haifa,,2,1
2021-12-09,2021-22,uecl,Group B,False,KAA Gent,,FC Flora,,1,0
2021-12-09,2021-22,uecl,Group A,False,LASK,,HJK Helsinki,,3,0
2021-12-09,2021-22,uecl,Gruppe H,False,Omonia Nikosia,,FK Kairat,,0,0
2021-12-09,2021-22,uecl,Group F,False,PAOK Saloniki,,Lincoln Red Imps,,2,0
2021-12-09,2021-22,uecl,Group B,False,Partizan,,Anorthosis Famagusta,,1,1
2021-12-09,2021-22,uecl,Gruppe G,False,Tottenham Hotspur FC,epl,Stade Rennais FC 1901,ligue_1,0,3
2021-12-09,2021-22,uecl,Gruppe G,False,Vitesse,,NŠ Mura,,3,1
2021-12-09,2021-22,uecl,Group C,False,Zorya Lugansk,,FK Bodø/Glimt,,1,1
2021-12-09,2021-22,uel,Group A,False,AC Sparta Praha,,Brøndby IF,,2,0
2021-12-09,2021-22,uel,Gruppe G,False,Celtic FC,,Real Betis Balompié,la_liga,3,2
2021-12-09,2021-22,uel,Group D,False,Fenerbahçe,,Eintracht Frankfurt,bundesliga,1,1
2021-12-09,2021-22,uel,Gruppe G,False,Ferencvárosi TC,,Bayer 04 Leverkusen,bundesliga,1,0
2021-12-09,2021-22,uel,Gruppe H,False,KRC Genk,,Rapid Wien,,0,1
2021-12-09,2021-22,uel,Group C,False,Legia Warszawa,,Spartak Moskva,,0,1
2021-12-09,2021-22,uel,Group A,False,Olympique Lyonnais,ligue_1,Rangers FC,,1,1
2021-12-09,2021-22,uel,Group E,False,Olympique de Marseille,ligue_1,Lokomotiv Moskva,,1,0
2021-12-09,2021-22,uel,Group F,False,PFC Ludogorets Razgrad,,FC Midtjylland,,0,0
2021-12-09,2021-22,uel,Group B,False,Real Sociedad de Fútbol,la_liga,PSV Eindhoven,,3,0
2021-12-09,2021-22,uel,Group D,False,Royal Antwerp FC,,Olympiakos Piraeus,,1,0
2021-12-09,2021-22,uel,Group E,False,SS Lazio,serie_a,Galatasaray,,0,0
2021-12-09,2021-22,uel,Group C,False,SSC Napoli,serie_a,Leicester City FC,epl,3,2
2021-12-09,2021-22,uel,Group F,False,Sporting Braga,,Crvena Zvezda,,1,1
2021-12-09,2021-22,uel,Group B,False,Sturm Graz,,AS Monaco FC,ligue_1,1,1
2021-12-09,2021-22,uel,Gruppe H,False,West Ham United FC,epl,Dinamo Zagreb,,0,1
2022-02-15,2021-22,ucl,Round of 16,False,Paris Saint-Germain FC,ligue_1,Real Madrid CF,la_liga,1,0
2022-02-15,2021-22,ucl,Round of 16,False,Sporting CP,,Manchester City FC,epl,0,5
2022-02-16,2021-22,ucl,Round of 16,False,FC Internazionale Milano,serie_a,Liverpool FC,epl,0,2
2022-02-16,2021-22,ucl,Round of 16,False,RB Salzburg,,FC Bayern München,bundesliga,1,1
2022-02-17,2021-22,uecl,Playoffs,False,AC Sparta Praha,,Partizan,,0,1
2022-02-17,2021-22,uecl,Playoffs,False,Celtic FC,,FK Bodø/Glimt,,1,3
2022-02-17,2021-22,uecl,Playoffs,False,FC Midtjylland,,PAOK Saloniki,,1,0
2022-02-17,2021-22,uecl,Playoffs,False,Fenerbahçe,,Slavia Praha,,2,3
2022-02-17,2021-22,uecl,Playoffs,False,Leicester City FC,epl,Randers FC,,4,1
2022-02-17,2021-22,uecl,Playoffs,False,Olympique de Marseille,ligue_1,Qarabağ FK,,3,1
2022-02-17,2021-22,uecl,Playoffs,False,PSV Eindhoven,,Maccabi Tel Aviv,,1,0
2022-02-17,2021-22,uecl,Playoffs,False,Rapid Wien,,Vitesse,,2,1
2022-02-17,2021-22,uel,Playoffs,False,Atalanta BC,serie_a,Olympiakos Piraeus,,2,1
2022-02-17,2021-22,uel,Playoffs,False,Borussia Dortmund,bundesliga,Rangers FC,,2,4
2022-02-17,2021-22,uel,Playoffs,False,FC Barcelona,la_liga,SSC Napoli,serie_a,1,1
2022-02-17,2021-22,uel,Playoffs,False,FC Porto,,SS Lazio,serie_a,2,1
2022-02-17,2021-22,uel,Playoffs,False,FC Sheriff,,Sporting Braga,,2,0
2022-02-17,2021-22,uel,Playoffs,False,RB Leipzig,bundesliga,Real Sociedad de Fútbol,la_liga,2,2
2022-02-17,2021-22,uel,Playoffs,False,Sevilla FC,la_liga,Dinamo Zagreb,,3,1
2022-02-17,2021-22,uel,Playoffs,False,Zenit St. Petersburg,,Real Betis Balompié,la_liga,2,3
2022-02-22,2021-22,ucl,Round of 16,False,Chelsea FC,epl,Lille OSC,ligue_1,2,0
2022-02-22,2021-22,ucl,Round of 16,False,Villarreal CF,la_liga,Juventus FC,serie_a,1,1
2022-02-23,2021-22,ucl,Round of 16,False,Club Atlético de Madrid,la_liga,Manchester United FC,epl,1,1
2022-02-23,2021-22,ucl,Round of 16,False,SL Benfica,,AFC Ajax,,2,2
2022-02-24,2021-22,uecl,Playoffs,False,FK Bodø/Glimt,,Celtic FC,,2,0
2022-02-24,2021-22,uecl,Playoffs,False,Maccabi Tel Aviv,,PSV Eindhoven,,1,1
2022-02-24,2021-22,uecl,Playoffs,False,PAOK Saloniki,,FC Midtjylland,,2,1
2022-02-24,2021-22,uecl,Playoffs,False,Partizan,,AC Sparta Praha,,2,1
2022-02-24,2021-22,uecl,Playoffs,False,Qarabağ FK,,Olympique de Marseille,ligue_1,0,3
2022-02-24,2021-22,uecl,Playoffs,False,Randers FC,,Leicester City FC,epl,1,3
2022-02-24,2021-22,uecl,Playoffs,False,Slavia Praha,,Fenerbahçe,,3,2
2022-02-24,2021-22,uecl,Playoffs,False,Vitesse,,Rapid Wien,,2,0
2022-02-24,2021-22,uel,Playoffs,False,Dinamo Zagreb,,Sevilla FC,la_liga,1,0
2022-02-24,2021-22,uel,Playoffs,False,Olympiakos Piraeus,,Atalanta BC,serie_a,0,3
2022-02-24,2021-22,uel,Playoffs,False,Rangers FC,,Borussia Dortmund,bundesliga,2,2
2022-02-24,2021-22,uel,Playoffs,False,Real Betis Balompié,la_liga,Zenit St. Petersburg,,0,0
2022-02-24,2021-22,uel,Playoffs,False,Real Sociedad de Fútbol,la_liga,RB Leipzig,bundesliga,1,3
2022-02-24,2021-22,uel,Playoffs,False,SS Lazio,serie_a,FC Porto,,2,2
2022-02-24,2021-22,uel,Playoffs,False,SSC Napoli,serie_a,FC Barcelona,la_liga,2,4
2022-02-24,2021-22,uel,Playoffs,False,Sporting Braga,,FC Sheriff,,2,0
2022-03-08,2021-22,ucl,Round of 16,False,FC Bayern München,bundesliga,RB Salzburg,,7,1
2022-03-08,2021-22,ucl,Round of 16,False,Liverpool FC,epl,FC Internazionale Milano,serie_a,0,1
2022-03-09,2021-22,ucl,Round of 16,False,Manchester City FC,epl,Sporting CP,,0,0
2022-03-09,2021-22,ucl,Round of 16,False,Real Madrid CF,la_liga,Paris Saint-Germain FC,ligue_1,3,1
2022-03-09,2021-22,uel,Round of 16,False,FC Porto,,Olympique Lyonnais,ligue_1,0,1
2022-03-09,2021-22,uel,Round of 16,False,Real Betis Balompié,la_liga,Eintracht Frankfurt,bundesliga,1,2
2022-03-10,2021-22,uecl,Round of 16,False,FK Bodø/Glimt,,AZ Alkmaar,,2,1
2022-03-10,2021-22,uecl,Round of 16,False,Leicester City FC,epl,Stade Rennais FC 1901,ligue_1,2,0
2022-03-10,2021-22,uecl,Round of 16,False,Olympique de Marseille,ligue_1,FC Basel 1893,,2,1
2022-03-10,2021-22,uecl,Round of 16,False,PAOK Saloniki,,KAA Gent,,1,0
2022-03-10,2021-22,uecl,Round of 16,False,PSV Eindhoven,,FC København,,4,4
2022-03-10,2021-22,uecl,Round of 16,False,Partizan,,Feyenoord,,2,5
2022-03-10,2021-22,uecl,Round of 16,False,Slavia Praha,,LASK,,4,1
2022-03-10,2021-22,uecl,Round of 16,False,Vitesse,,AS Roma,serie_a,0,1
2022-03-10,2021-22,uel,Round of 16,False,Atalanta BC,serie_a,Bayer 04 Leverkusen,bundesliga,3,2
2022-03-10,2021-22,uel,Round of 16,False,FC Barcelona,la_liga,Galatasaray,,0,0
2022-03-10,2021-22,uel,Round of 16,False,Rangers FC,,Crvena Zvezda,,3,0
2022-03-10,2021-22,uel,Round of 16,False,Sevilla FC,la_liga,West Ham United FC,epl,1,0
2022-03-10,2021-22,uel,Round of 16,False,Sporting Braga,,AS Monaco FC,ligue_1,2,0
2022-03-15,2021-22,ucl,Round of 16,False,AFC Ajax,,SL Benfica,,0,1
2022-03-15,2021-22,ucl,Round of 16,False,Manchester United FC,epl,Club Atlético de Madrid,la_liga,0,1
2022-03-16,2021-22,ucl,Round of 16,False,Juventus FC,serie_a,Villarreal CF,la_liga,0,3
2022-03-16,2021-22,ucl,Round of 16,False,Lille OSC,ligue_1,Chelsea FC,epl,1,2
2022-03-17,2021-22,uecl,Round of 16,False,AS Roma,serie_a,Vitesse,,1,1
2022-03-17,2021-22,uecl,Round of 16,False,AZ Alkmaar,,FK Bodø/Glimt,,2,2
2022-03-17,2021-22,uecl,Round of 16,False,FC Basel 1893,,Olympique de Marseille,ligue_1,1,2
2022-03-17,2021-22,uecl,Round of 16,False,FC København,,PSV Eindhoven,,0,4
2022-03-17,2021-22,uecl,Round of 16,False,Feyenoord,,Partizan,,3,1
2022-03-17,2021-22,uecl,Round of 16,False,KAA Gent,,PAOK Saloniki,,1,2
2022-03-17,2021-22,uecl,Round of 16,False,LASK,,Slavia Praha,,4,3
2022-03-17,2021-22,uecl,Round of 16,False,Stade Rennais FC 1901,ligue_1,Leicester City FC,epl,2,1
2022-03-17,2021-22,uel,Round of 16,False,AS Monaco FC,ligue_1,Sporting Braga,,1,1
2022-03-17,2021-22,uel,Round of 16,False,Bayer 04 Leverkusen,bundesliga,Atalanta BC,serie_a,0,1
2022-03-17,2021-22,uel,Round of 16,False,Crvena Zvezda,,Rangers FC,,2,1
2022-03-17,2021-22,uel,Round of 16,False,Eintracht Frankfurt,bundesliga,Real Betis Balompié,la_liga,1,1
2022-03-17,2021-22,uel,Round of 16,False,Galatasaray,,FC Barcelona,la_liga,1,2
2022-03-17,2021-22,uel,Round of 16,False,Olympique Lyonnais,ligue_1,FC Porto,,1,1
2022-03-17,2021-22,uel,Round of 16,False,West Ham United FC,epl,Sevilla FC,la_liga,2,0
2022-04-05,2021-22,ucl,Quarterfinals,False,Manchester City FC,epl,Club Atlético de Madrid,la_liga,1,0
2022-04-05,2021-22,ucl,Quarterfinals,False,SL Benfica,,Liverpool FC,epl,1,3
2022-04-06,2021-22,ucl,Quarterfinals,False,Chelsea FC,epl,Real Madrid CF,la_liga,1,3
2022-04-06,2021-22,ucl,Quarterfinals,False,Villarreal CF,la_liga,FC Bayern München,bundesliga,1,0
2022-04-07,2021-22,uecl,Quarterfinals,False,FK Bodø/Glimt,,AS Roma,serie_a,2,1
2022-04-07,2021-22,uecl,Quarterfinals,False,Feyenoord,,Slavia Praha,,3,3
2022-04-07,2021-22,uecl,Quarterfinals,False,Leicester City FC,epl,PSV Eindhoven,,0,0
2022-04-07,2021-22,uecl,Quarterfinals,False,Olympique de Marseille,ligue_1,PAOK Saloniki,,2,1
2022-04-07,2021-22,uel,Quarterfinals,False,Eintracht Frankfurt,bundesliga,FC Barcelona,la_liga,1,1
2022-04-07,2021-22,uel,Quarterfinals,False,RB Leipzig,bundesliga,Atalanta BC,serie_a,1,1
2022-04-07,2021-22,uel,Quarterfinals,False,Sporting Braga,,Rangers FC,,1,0
2022-04-07,2021-22,uel,Quarterfinals,False,West Ham United FC,epl,Olympique Lyonnais,ligue_1,1,1
2022-04-12,2021-22,ucl,Quarterfinals,False,FC Bayern München,bundesliga,Villarreal CF,la_liga,1,1
2022-04-12,2021-22,ucl,Quarterfinals,False,Real Madrid CF,la_liga,Chelsea FC,epl,2,3
2022-04-13,2021-22,ucl,Quarterfinals,False,Club Atlético de Madrid,la_liga,Manchester City FC,epl,0,0
2022-04-13,2021-22,ucl,Quarterfinals,False,Liverpool FC,epl,SL Benfica,,3,3
2022-04-14,2021-22,uecl,Quarterfinals,False,AS Roma,serie_a,FK Bodø/Glimt,,4,0
2022-04-14,2021-22,uecl,Quarterfinals,False,PAOK Saloniki,,Olympique de Marseille,ligue_1,0,1
2022-04-14,2021-22,uecl,Quarterfinals,False,PSV Eindhoven,,Leicester City FC,epl,1,2
2022-04-14,2021-22,uecl,Quarterfinals,False,Slavia Praha,,Feyenoord,,1,3
2022-04-14,2021-22,uel,Quarterfinals,False,Atalanta BC,serie_a,RB Leipzig,bundesliga,0,2
2022-04-14,2021-22,uel,Quarterfinals,False,FC Barcelona,la_liga,Eintracht Frankfurt,bundesliga,2,3
2022-04-14,2021-22,uel,Quarterfinals,False,Olympique Lyonnais,ligue_1,West Ham United FC,epl,0,3
2022-04-14,2021-22,uel,Quarterfinals,False,Rangers FC,,Sporting Braga,,3,1
2022-04-26,2021-22,ucl,Semifinals,False,Manchester City FC,epl,Real Madrid CF,la_liga,4,3
2022-04-27,2021-22,ucl,Semifinals,False,Liverpool FC,epl,Villarreal CF,la_liga,2,0
2022-04-28,2021-22,uecl,Semifinals,False,Feyenoord,,Olympique de Marseille,ligue_1,3,2
2022-04-28,2021-22,uecl,Semifinals,False,Leicester City FC,epl,AS Roma,serie_a,1,1
2022-04-28,2021-22,uel,Semifinals,False,RB Leipzig,bundesliga,Rangers FC,,1,0
2022-04-28,2021-22,uel,Semifinals,False,West Ham United FC,epl,Eintracht Frankfurt,bundesliga,1,2
2022-05-03,2021-22,ucl,Semifinals,False,Villarreal CF,la_liga,Liverpool FC,epl,2,3
2022-05-04,2021-22,ucl,Semifinals,False,Real Madrid CF,la_liga,Manchester City FC,epl,3,1
2022-05-05,2021-22,uecl,Semifinals,False,AS Roma,serie_a,Leicester City FC,epl,1,0
2022-05-05,2021-22,uecl,Semifinals,False,Olympique de Marseille,ligue_1,Feyenoord,,0,0
2022-05-05,2021-22,uel,Semifinals,False,Eintracht Frankfurt,bundesliga,West Ham United FC,epl,1,0
2022-05-05,2021-22,uel,Semifinals,False,Rangers FC,,RB Leipzig,bundesliga,3,1
2022-05-18,2021-22,uel,Final,True,Eintracht Frankfurt,bundesliga,Rangers FC,,1,1
2022-05-25,2021-22,uecl,Final,True,AS Roma,serie_a,Feyenoord,,1,0
2022-05-28,2021-22,ucl,Final,True,Liverpool FC,epl,Real Madrid CF,la_liga,0,1
2022-09-06,2022-23,ucl,Gruppe G,False,Borussia Dortmund,bundesliga,FC København,,3,0
2022-09-06,2022-23,ucl,Group F,False,Celtic FC,,Real Madrid CF,la_liga,0,3
2022-09-06,2022-23,ucl,Group E,False,Dinamo Zagreb,,Chelsea FC,epl,1,0
2022-09-06,2022-23,ucl,Gruppe H,False,Paris Saint-Germain FC,ligue_1,Juventus FC,serie_a,2,1
2022-09-06,2022-23,ucl,Group F,False,RB Leipzig,bundesliga,Shakhtar Donetsk,,1,4
2022-09-06,2022-23,ucl,Group E,False,RB Salzburg,,AC Milan,serie_a,1,1
2022-09-06,2022-23,ucl,Gruppe H,False,SL Benfica,,Maccabi Haifa,,2,0
2022-09-06,2022-23,ucl,Gruppe G,False,Sevilla FC,la_liga,Manchester City FC,epl,0,4
2022-09-07,2022-23,ucl,Group A,False,AFC Ajax,,Rangers FC,,4,0
2022-09-07,2022-23,ucl,Group B,False,Club Atlético de Madrid,la_liga,FC Porto,,2,1
2022-09-07,2022-23,ucl,Group B,False,Club Brugge KV,,Bayer 04 Leverkusen,bundesliga,1,0
2022-09-07,2022-23,ucl,Group D,False,Eintracht Frankfurt,bundesliga,Sporting CP,,0,3
2022-09-07,2022-23,ucl,Group C,False,FC Barcelona,la_liga,Viktoria Plzeň,,5,1
2022-09-07,2022-23,ucl,Group C,False,FC Internazionale Milano,serie_a,FC Bayern München,bundesliga,0,2
2022-09-07,2022-23,ucl,Group A,False,SSC Napoli,serie_a,Liverpool FC,epl,4,1
2022-09-07,2022-23,ucl,Group D,False,Tottenham Hotspur FC,epl,Olympique de Marseille,ligue_1,2,0
2022-09-08,2022-23,uecl,Group D,False,1. FC Slovácko,,Partizan,,3,3
2022-09-08,2022-23,uecl,Group A,False,ACF Fiorentina,serie_a,FK RFS,,1,1
2022-09-08,2022-23,uecl,Group C,False,Austria Wien,,Hapoel Be'er Sheva,,0,0
2022-09-08,2022-23,uecl,Gruppe H,False,FC Basel 1893,,Pyunik FC,,3,1
2022-09-08,2022-23,uecl,Group E,False,FC Vaduz,,Apollon Limassol,,0,0
2022-09-08,2022-23,uecl,Group A,False,Heart of Midlothian,,İstanbul Başakşehir,,0,4
2022-09-08,2022-23,uecl,Gruppe G,False,KF Ballkani,,CFR Cluj,,1,1
2022-09-08,2022-23,uecl,Group F,False,Molde FK,,KAA Gent,,0,0
2022-09-08,2022-23,uecl,Group D,False,OGC Nice,ligue_1,1. FC Köln,bundesliga,1,1
2022-09-08,2022-23,uecl,Group B,False,RSC Anderlecht,,Silkeborg IF,,1,0
2022-09-08,2022-23,uecl,Group E,False,SK Dnipro-1,,AZ Alkmaar,,0,1
2022-09-08,2022-23,uecl,Group F,False,Shamrock Rovers,,Djurgårdens IF,,0,0
2022-09-08,2022-23,uecl,Gruppe G,False,Sivasspor,,Slavia Praha,,1,1
2022-09-08,2022-23,uecl,Gruppe H,False,Slovan Bratislava,,FK Žalgiris,,0,0
2022-09-08,2022-23,uecl,Group C,False,Villarreal CF,la_liga,Lech Poznań,,4,3
2022-09-08,2022-23,uecl,Group B,False,West Ham United FC,epl,FCSB,,3,1
2022-09-08,2022-23,uel,Group D,False,1. FC Union Berlin,bundesliga,Union Saint-Gilloise,,0,1
2022-09-08,2022-23,uel,Group B,False,AEK Larnaca,,Stade Rennais FC 1901,ligue_1,1,2
2022-09-08,2022-23,uel,Gruppe H,False,Crvena Zvezda,,AS Monaco FC,ligue_1,0,1
2022-09-08,2022-23,uel,Gruppe G,False,FC Nantes,ligue_1,Olympiakos Piraeus,,2,1
2022-09-08,2022-23,uel,Group A,False,FC Zürich,,Arsenal FC,epl,1,2
2022-09-08,2022-23,uel,Group B,False,Fenerbahçe,,Dinamo Kiev,,2,1
2022-09-08,2022-23,uel,Gruppe H,False,Ferencvárosi TC,,Trabzonspor,,3,2
2022-09-08,2022-23,uel,Group C,False,HJK Helsinki,,Real Betis Balompié,la_liga,0,2
2022-09-08,2022-23,uel,Group D,False,Malmö FF,,Sporting Braga,,0,2
2022-09-08,2022-23,uel,Group E,False,Manchester United FC,epl,Real Sociedad de Fútbol,la_liga,0,1
2022-09-08,2022-23,uel,Group E,False,Omonia Nikosia,,FC Sheriff,,0,3
2022-09-08,2022-23,uel,Group C,False,PFC Ludogorets Razgrad,,AS Roma,serie_a,2,1
2022-09-08,2022-23,uel,Group A,False,PSV Eindhoven,,FK Bodø/Glimt,,1,1
2022-09-08,2022-23,uel,Gruppe G,False,SC Freiburg,bundesliga,Qarabağ FK,,2,1
2022-09-08,2022-23,uel,Group F,False,SS Lazio,serie_a,Feyenoord,,4,2
2022-09-08,2022-23,uel,Group F,False,Sturm Graz,,FC Midtjylland,,1,0
2022-09-13,2022-23,ucl,Group B,False,Bayer 04 Leverkusen,bundesliga,Club Atlético de Madrid,la_liga,2,0
2022-09-13,2022-23,ucl,Group C,False,FC Bayern München,bundesliga,FC Barcelona,la_liga,2,0
2022-09-13,2022-23,ucl,Group B,False,FC Porto,,Club Brugge KV,,0,4
2022-09-13,2022-23,ucl,Group A,False,Liverpool FC,epl,AFC Ajax,,2,1
2022-09-13,2022-23,ucl,Group D,False,Olympique de Marseille,ligue_1,Eintracht Frankfurt,bundesliga,0,1
2022-09-13,2022-23,ucl,Group D,False,Sporting CP,,Tottenham Hotspur FC,epl,2,0
2022-09-13,2022-23,ucl,Group C,False,Viktoria Plzeň,,FC Internazionale Milano,serie_a,0,2
2022-09-14,2022-23,ucl,Group E,False,AC Milan,serie_a,Dinamo Zagreb,,3,1
2022-09-14,2022-23,ucl,Group E,False,Chelsea FC,epl,RB Salzburg,,1,1
2022-09-14,2022-23,ucl,Gruppe G,False,FC København,,Sevilla FC,la_liga,0,0
2022-09-14,2022-23,ucl,Gruppe H,False,Juventus FC,serie_a,SL Benfica,,1,2
2022-09-14,2022-23,ucl,Gruppe H,False,Maccabi Haifa,,Paris Saint-Germain FC,ligue_1,1,3
2022-09-14,2022-23,ucl,Gruppe G,False,Manchester City FC,epl,Borussia Dortmund,bundesliga,2,1
2022-09-14,2022-23,ucl,Group A,False,Rangers FC,,SSC Napoli,serie_a,0,3
2022-09-14,2022-23,ucl,Group F,False,Real Madrid CF,la_liga,RB Leipzig,bundesliga,2,0
2022-09-14,2022-23,ucl,Group F,False,Shakhtar Donetsk,,Celtic FC,,1,1
2022-09-15,2022-23,uecl,Group D,False,1. FC Köln,bundesliga,1. FC Slovácko,,4,2
2022-09-15,2022-23,uecl,Group E,False,AZ Alkmaar,,FC Vaduz,,4,1
2022-09-15,2022-23,uecl,Group E,False,Apollon Limassol,,SK Dnipro-1,,1,3
2022-09-15,2022-23,uecl,Gruppe G,False,CFR Cluj,,Sivasspor,,0,1
2022-09-15,2022-23,uecl,Group F,False,Djurgårdens IF,,Molde FK,,3,2
2022-09-15,2022-23,uecl,Group B,False,FCSB,,RSC Anderlecht,,0,0
2022-09-15,2022-23,uecl,Group A,False,FK RFS,,Heart of Midlothian,,0,2
2022-09-15,2022-23,uecl,Gruppe H,False,FK Žalgiris,,FC Basel 1893,,0,1
2022-09-15,2022-23,uecl,Group C,False,Hapoel Be'er Sheva,,Villarreal CF,la_liga,1,2
2022-09-15,2022-23,uecl,Group F,False,KAA Gent,,Shamrock Rovers,,3,0
2022-09-15,2022-23,uecl,Group C,False,Lech Poznań,,Austria Wien,,4,1
2022-09-15,2022-23,uecl,Group D,False,Partizan,,OGC Nice,ligue_1,1,1
2022-09-15,2022-23,uecl,Gruppe H,False,Pyunik FC,,Slovan Bratislava,,2,0
2022-09-15,2022-23,uecl,Group B,False,Silkeborg IF,,West Ham United FC,epl,2,3
2022-09-15,2022-23,uecl,Gruppe G,False,Slavia Praha,,KF Ballkani,,3,2
2022-09-15,2022-23,uecl,Group A,False,İstanbul Başakşehir,,ACF Fiorentina,serie_a,3,0
2022-09-15,2022-23,uel,Gruppe H,False,AS Monaco FC,ligue_1,Ferencvárosi TC,,0,1
2022-09-15,2022-23,uel,Group C,False,AS Roma,serie_a,HJK Helsinki,,3,0
2022-09-15,2022-23,uel,Group B,False,Dinamo Kiev,,AEK Larnaca,,0,1
2022-09-15,2022-23,uel,Group F,False,FC Midtjylland,,SS Lazio,serie_a,5,1
2022-09-15,2022-23,uel,Group E,False,FC Sheriff,,Manchester United FC,epl,0,2
2022-09-15,2022-23,uel,Group A,False,FK Bodø/Glimt,,FC Zürich,,2,1
2022-09-15,2022-23,uel,Group F,False,Feyenoord,,Sturm Graz,,6,0
2022-09-15,2022-23,uel,Gruppe G,False,Olympiakos Piraeus,,SC Freiburg,bundesliga,0,3
2022-09-15,2022-23,uel,Gruppe G,False,Qarabağ FK,,FC Nantes,ligue_1,3,0
2022-09-15,2022-23,uel,Group C,False,Real Betis Balompié,la_liga,PFC Ludogorets Razgrad,,3,2
2022-09-15,2022-23,uel,Group E,False,Real Sociedad de Fútbol,la_liga,Omonia Nikosia,,2,1
2022-09-15,2022-23,uel,Group D,False,Sporting Braga,,1. FC Union Berlin,bundesliga,1,0
2022-09-15,2022-23,uel,Group B,False,Stade Rennais FC 1901,ligue_1,Fenerbahçe,,2,2
2022-09-15,2022-23,uel,Gruppe H,False,Trabzonspor,,Crvena Zvezda,,2,1
2022-09-15,2022-23,uel,Group D,False,Union Saint-Gilloise,,Malmö FF,,3,2
2022-10-04,2022-23,ucl,Group A,False,AFC Ajax,,SSC Napoli,serie_a,1,6
2022-10-04,2022-23,ucl,Group B,False,Club Brugge KV,,Club Atlético de Madrid,la_liga,2,0
2022-10-04,2022-23,ucl,Group D,False,Eintracht Frankfurt,bundesliga,Tottenham Hotspur FC,epl,0,0
2022-10-04,2022-23,ucl,Group C,False,FC Bayern München,bundesliga,Viktoria Plzeň,,5,0
2022-10-04,2022-23,ucl,Group C,False,FC Internazionale Milano,serie_a,FC Barcelona,la_liga,1,0
2022-10-04,2022-23,ucl,Group B,False,FC Porto,,Bayer 04 Leverkusen,bundesliga,2,0
2022-10-04,2022-23,ucl,Group A,False,Liverpool FC,epl,Rangers FC,,2,0
2022-10-04,2022-23,ucl,Group D,False,Olympique de Marseille,ligue_1,Sporting CP,,4,1
2022-10-05,2022-23,ucl,Group E,False,Chelsea FC,epl,AC Milan,serie_a,3,0
2022-10-05,2022-23,ucl,Gruppe H,False,Juventus FC,serie_a,Maccabi Haifa,,3,1
2022-10-05,2022-23,ucl,Gruppe G,False,Manchester City FC,epl,FC København,,5,0
2022-10-05,2022-23,ucl,Group F,False,RB Leipzig,bundesliga,Celtic FC,,3,1
2022-10-05,2022-23,ucl,Group E,False,RB Salzburg,,Dinamo Zagreb,,1,0
2022-10-05,2022-23,ucl,Group F,False,Real Madrid CF,la_liga,Shakhtar Donetsk,,2,1
2022-10-05,2022-23,ucl,Gruppe H,False,SL Benfica,,Paris Saint-Germain FC,ligue_1,1,1
2022-10-05,2022-23,ucl,Gruppe G,False,Sevilla FC,la_liga,Borussia Dortmund,bundesliga,1,4
2022-10-06,2022-23,uecl,Group D,False,1. FC Köln,bundesliga,Partizan,,0,1
2022-10-06,2022-23,uecl,Group D,False,1. FC Slovácko,,OGC Nice,ligue_1,0,1
2022-10-06,2022-23,uecl,Group E,False,AZ Alkmaar,,Apollon Limassol,,3,2
2022-10-06,2022-23,uecl,Gruppe H,False,FC Basel 1893,,Slovan Bratislava,,0,2
2022-10-06,2022-23,uecl,Group A,False,FK RFS,,İstanbul Başakşehir,,0,0
2022-10-06,2022-23,uecl,Group A,False,Heart of Midlothian,,ACF Fiorentina,serie_a,0,3
2022-10-06,2022-23,uecl,Group F,False,KAA Gent,,Djurgårdens IF,,0,1
2022-10-06,2022-23,uecl,Group C,False,Lech Poznań,,Hapoel Be'er Sheva,,0,0
2022-10-06,2022-23,uecl,Group F,False,Molde FK,,Shamrock Rovers,,3,0
2022-10-06,2022-23,uecl,Gruppe H,False,Pyunik FC,,FK Žalgiris,,2,0
2022-10-06,2022-23,uecl,Group B,False,RSC Anderlecht,,West Ham United FC,epl,0,1
2022-10-06,2022-23,uecl,Group E,False,SK Dnipro-1,,FC Vaduz,,2,2
2022-10-06,2022-23,uecl,Group B,False,Silkeborg IF,,FCSB,,5,0
2022-10-06,2022-23,uecl,Gruppe G,False,Sivasspor,,KF Ballkani,,3,4
2022-10-06,2022-23,uecl,Gruppe G,False,Slavia Praha,,CFR Cluj,,0,1
2022-10-06,2022-23,uecl,Group C,False,Villarreal CF,la_liga,Austria Wien,,5,0
2022-10-06,2022-23,uel,Gruppe H,False,AS Monaco FC,ligue_1,Trabzonspor,,3,1
2022-10-06,2022-23,uel,Group C,False,AS Roma,serie_a,Real Betis Balompié,la_liga,1,2
2022-10-06,2022-23,uel,Group A,False,Arsenal FC,epl,FK Bodø/Glimt,,3,0
2022-10-06,2022-23,uel,Gruppe H,False,Crvena Zvezda,,Ferencvárosi TC,,4,1
2022-10-06,2022-23,uel,Group F,False,FC Midtjylland,,Feyenoord,,2,2
2022-10-06,2022-23,uel,Group E,False,FC Sheriff,,Real Sociedad de Fútbol,la_liga,0,2
2022-10-06,2022-23,uel,Group A,False,FC Zürich,,PSV Eindhoven,,1,5
2022-10-06,2022-23,uel,Group B,False,Fenerbahçe,,AEK Larnaca,,2,0
2022-10-06,2022-23,uel,Group C,False,HJK Helsinki,,PFC Ludogorets Razgrad,,1,1
2022-10-06,2022-23,uel,Group D,False,Malmö FF,,1. FC Union Berlin,bundesliga,0,1
2022-10-06,2022-23,uel,Gruppe G,False,Olympiakos Piraeus,,Qarabağ FK,,0,3
2022-10-06,2022-23,uel,Group E,False,Omonia Nikosia,,Manchester United FC,epl,2,3
2022-10-06,2022-23,uel,Gruppe G,False,SC Freiburg,bundesliga,FC Nantes,ligue_1,2,0
2022-10-06,2022-23,uel,Group D,False,Sporting Braga,,Union Saint-Gilloise,,1,2
2022-10-06,2022-23,uel,Group B,False,Stade Rennais FC 1901,ligue_1,Dinamo Kiev,,2,1
2022-10-06,2022-23,uel,Group F,False,Sturm Graz,,SS Lazio,serie_a,0,0
2022-10-11,2022-23,ucl,Group E,False,AC Milan,serie_a,Chelsea FC,epl,0,2
2022-10-11,2022-23,ucl,Gruppe G,False,Borussia Dortmund,bundesliga,Sevilla FC,la_liga,1,1
2022-10-11,2022-23,ucl,Group F,False,Celtic FC,,RB Leipzig,bundesliga,0,2
2022-10-11,2022-23,ucl,Group E,False,Dinamo Zagreb,,RB Salzburg,,1,1
2022-10-11,2022-23,ucl,Gruppe G,False,FC København,,Manchester City FC,epl,0,0
2022-10-11,2022-23,ucl,Gruppe H,False,Maccabi Haifa,,Juventus FC,serie_a,2,0
2022-10-11,2022-23,ucl,Gruppe H,False,Paris Saint-Germain FC,ligue_1,SL Benfica,,1,1
2022-10-11,2022-23,ucl,Group F,False,Shakhtar Donetsk,,Real Madrid CF,la_liga,1,1
2022-10-12,2022-23,ucl,Group B,False,Bayer 04 Leverkusen,bundesliga,FC Porto,,0,3
2022-10-12,2022-23,ucl,Group B,False,Club Atlético de Madrid,la_liga,Club Brugge KV,,0,0
2022-10-12,2022-23,ucl,Group C,False,FC Barcelona,la_liga,FC Internazionale Milano,serie_a,3,3
2022-10-12,2022-23,ucl,Group A,False,Rangers FC,,Liverpool FC,epl,1,7
2022-10-12,2022-23,ucl,Group A,False,SSC Napoli,serie_a,AFC Ajax,,4,2
2022-10-12,2022-23,ucl,Group D,False,Sporting CP,,Olympique de Marseille,ligue_1,0,2
2022-10-12,2022-23,ucl,Group D,False,Tottenham Hotspur FC,epl,Eintracht Frankfurt,bundesliga,3,2
2022-10-12,2022-23,ucl,Group C,False,Viktoria Plzeň,,FC Bayern München,bundesliga,2,4
2022-10-13,2022-23,uecl,Group A,False,ACF Fiorentina,serie_a,Heart of Midlothian,,5,1
2022-10-13,2022-23,uecl,Group E,False,Apollon Limassol,,AZ Alkmaar,,1,0
2022-10-13,2022-23,uecl,Group C,False,Austria Wien,,Villarreal CF,la_liga,0,1
2022-10-13,2022-23,uecl,Gruppe G,False,CFR Cluj,,Slavia Praha,,2,0
2022-10-13,2022-23,uecl,Group F,False,Djurgårdens IF,,KAA Gent,,4,2
2022-10-13,2022-23,uecl,Group E,False,FC Vaduz,,SK Dnipro-1,,1,2
2022-10-13,2022-23,uecl,Group B,False,FCSB,,Silkeborg IF,,0,5
2022-10-13,2022-23,uecl,Gruppe H,False,FK Žalgiris,,Pyunik FC,,2,1
2022-10-13,2022-23,uecl,Group C,False,Hapoel Be'er Sheva,,Lech Poznań,,1,1
2022-10-13,2022-23,uecl,Gruppe G,False,KF Ballkani,,Sivasspor,,1,2
2022-10-13,2022-23,uecl,Group D,False,OGC Nice,ligue_1,1. FC Slovácko,,1,2
2022-10-13,2022-23,uecl,Group D,False,Partizan,,1. FC Köln,bundesliga,2,0
2022-10-13,2022-23,uecl,Group F,False,Shamrock Rovers,,Molde FK,,0,2
2022-10-13,2022-23,uecl,Gruppe H,False,Slovan Bratislava,,FC Basel 1893,,3,3
2022-10-13,2022-23,uecl,Group B,False,West Ham United FC,epl,RSC Anderlecht,,2,1
2022-10-13,2022-23,uecl,Group A,False,İstanbul Başakşehir,,FK RFS,,3,0
2022-10-13,2022-23,uel,Group D,False,1. FC Union Berlin,bundesliga,Malmö FF,,1,0
2022-10-13,2022-23,uel,Group B,False,AEK Larnaca,,Fenerbahçe,,1,2
2022-10-13,2022-23,uel,Group B,False,Dinamo Kiev,,Stade Rennais FC 1901,ligue_1,0,1
2022-10-13,2022-23,uel,Gruppe G,False,FC Nantes,ligue_1,SC Freiburg,bundesliga,0,4
2022-10-13,2022-23,uel,Group A,False,FK Bodø/Glimt,,Arsenal FC,epl,0,1
2022-10-13,2022-23,uel,Gruppe H,False,Ferencvárosi TC,,Crvena Zvezda,,2,1
2022-10-13,2022-23,uel,Group F,False,Feyenoord,,FC Midtjylland,,2,2
2022-10-13,2022-23,uel,Group E,False,Manchester United FC,epl,Omonia Nikosia,,1,0
2022-10-13,2022-23,uel,Group C,False,PFC Ludogorets Razgrad,,HJK Helsinki,,2,0
2022-10-13,2022-23,uel,Group A,False,PSV Eindhoven,,FC Zürich,,5,0
2022-10-13,2022-23,uel,Gruppe G,False,Qarabağ FK,,Olympiakos Piraeus,,0,0
2022-10-13,2022-23,uel,Group C,False,Real Betis Balompié,la_liga,AS Roma,serie_a,1,1
2022-10-13,2022-23,uel,Group E,False,Real Sociedad de Fútbol,la_liga,FC Sheriff,,3,0
2022-10-13,2022-23,uel,Group F,False,SS Lazio,serie_a,Sturm Graz,,2,2
2022-10-13,2022-23,uel,Gruppe H,False,Trabzonspor,,AS Monaco FC,ligue_1,4,0
2022-10-13,2022-23,uel,Group D,False,Union Saint-Gilloise,,Sporting Braga,,3,3
2022-10-20,2022-23,uel,Group A,False,Arsenal FC,epl,PSV Eindhoven,,1,0
2022-10-25,2022-23,ucl,Gruppe G,False,Borussia Dortmund,bundesliga,Manchester City FC,epl,0,0
2022-10-25,2022-23,ucl,Group F,False,Celtic FC,,Shakhtar Donetsk,,1,1
2022-10-25,2022-23,ucl,Group E,False,Dinamo Zagreb,,AC Milan,serie_a,0,4
2022-10-25,2022-23,ucl,Gruppe H,False,Paris Saint-Germain FC,ligue_1,Maccabi Haifa,,7,2
2022-10-25,2022-23,ucl,Group F,False,RB Leipzig,bundesliga,Real Madrid CF,la_liga,3,2
2022-10-25,2022-23,ucl,Group E,False,RB Salzburg,,Chelsea FC,epl,1,2
2022-10-25,2022-23,ucl,Gruppe H,False,SL Benfica,,Juventus FC,serie_a,4,3
2022-10-25,2022-23,ucl,Gruppe G,False,Sevilla FC,la_liga,FC København,,3,0
2022-10-26,2022-23,ucl,Group A,False,AFC Ajax,,Liverpool FC,epl,0,3
2022-10-26,2022-23,ucl,Group B,False,Club Atlético de Madrid,la_liga,Bayer 04 Leverkusen,bundesliga,2,2
2022-10-26,2022-23,ucl,Group B,False,Club Brugge KV,,FC Porto,,0,4
2022-10-26,2022-23,ucl,Group D,False,Eintracht Frankfurt,bundesliga,Olympique de Marseille,ligue_1,2,1
2022-10-26,2022-23,ucl,Group C,False,FC Barcelona,la_liga,FC Bayern München,bundesliga,0,3
2022-10-26,2022-23,ucl,Group C,False,FC Internazionale Milano,serie_a,Viktoria Plzeň,,4,0
2022-10-26,2022-23,ucl,Group A,False,SSC Napoli,serie_a,Rangers FC,,3,0
2022-10-26,2022-23,ucl,Group D,False,Tottenham Hotspur FC,epl,Sporting CP,,1,1
2022-10-27,2022-23,uecl,Group A,False,ACF Fiorentina,serie_a,İstanbul Başakşehir,,2,1
2022-10-27,2022-23,uecl,Group C,False,Austria Wien,,Lech Poznań,,1,1
2022-10-27,2022-23,uecl,Gruppe H,False,FC Basel 1893,,FK Žalgiris,,2,2
2022-10-27,2022-23,uecl,Group E,False,FC Vaduz,,AZ Alkmaar,,1,2
2022-10-27,2022-23,uecl,Group A,False,Heart of Midlothian,,FK RFS,,2,1
2022-10-27,2022-23,uecl,Gruppe G,False,KF Ballkani,,Slavia Praha,,0,1
2022-10-27,2022-23,uecl,Group F,False,Molde FK,,Djurgårdens IF,,2,3
2022-10-27,2022-23,uecl,Group D,False,OGC Nice,ligue_1,Partizan,,2,1
2022-10-27,2022-23,uecl,Group B,False,RSC Anderlecht,,FCSB,,2,2
2022-10-27,2022-23,uecl,Group E,False,SK Dnipro-1,,Apollon Limassol,,1,0
2022-10-27,2022-23,uecl,Group F,False,Shamrock Rovers,,KAA Gent,,1,1
2022-10-27,2022-23,uecl,Gruppe G,False,Sivasspor,,CFR Cluj,,3,0
2022-10-27,2022-23,uecl,Gruppe H,False,Slovan Bratislava,,Pyunik FC,,2,1
2022-10-27,2022-23,uecl,Group C,False,Villarreal CF,la_liga,Hapoel Be'er Sheva,,2,2
2022-10-27,2022-23,uecl,Group B,False,West Ham United FC,epl,Silkeborg IF,,1,0
2022-10-27,2022-23,uel,Group D,False,1. FC Union Berlin,bundesliga,Sporting Braga,,1,0
2022-10-27,2022-23,uel,Group B,False,AEK Larnaca,,Dinamo Kiev,,3,3
2022-10-27,2022-23,uel,Gruppe H,False,Crvena Zvezda,,Trabzonspor,,2,1
2022-10-27,2022-23,uel,Gruppe G,False,FC Nantes,ligue_1,Qarabağ FK,,2,1
2022-10-27,2022-23,uel,Group A,False,FC Zürich,,FK Bodø/Glimt,,2,1
2022-10-27,2022-23,uel,Group B,False,Fenerbahçe,,Stade Rennais FC 1901,ligue_1,3,3
2022-10-27,2022-23,uel,Gruppe H,False,Ferencvárosi TC,,AS Monaco FC,ligue_1,1,1
2022-10-27,2022-23,uel,Group C,False,HJK Helsinki,,AS Roma,serie_a,1,2
2022-10-27,2022-23,uel,Group D,False,Malmö FF,,Union Saint-Gilloise,,0,2
2022-10-27,2022-23,uel,Group E,False,Manchester United FC,epl,FC Sheriff,,3,0
2022-10-27,2022-23,uel,Group E,False,Omonia Nikosia,,Real Sociedad de Fútbol,la_liga,0,2
2022-10-27,2022-23,uel,Group C,False,PFC Ludogorets Razgrad,,Real Betis Balompié,la_liga,0,1
2022-10-27,2022-23,uel,Group A,False,PSV Eindhoven,,Arsenal FC,epl,2,0
2022-10-27,2022-23,uel,Gruppe G,False,SC Freiburg,bundesliga,Olympiakos Piraeus,,1,1
2022-10-27,2022-23,uel,Group F,False,SS Lazio,serie_a,FC Midtjylland,,2,1
2022-10-27,2022-23,uel,Group F,False,Sturm Graz,,Feyenoord,,1,0
2022-10-28,2022-23,uecl,Group D,False,1. FC Slovácko,,1. FC Köln,bundesliga,0,1
2022-11-01,2022-23,ucl,Group B,False,Bayer 04 Leverkusen,bundesliga,Club Brugge KV,,0,0
2022-11-01,2022-23,ucl,Group C,False,FC Bayern München,bundesliga,FC Internazionale Milano,serie_a,2,0
2022-11-01,2022-23,ucl,Group B,False,FC Porto,,Club Atlético de Madrid,la_liga,2,1
2022-11-01,2022-23,ucl,Group A,False,Liverpool FC,epl,SSC Napoli,serie_a,2,0
2022-11-01,2022-23,ucl,Group D,False,Olympique de Marseille,ligue_1,Tottenham Hotspur FC,epl,1,2
2022-11-01,2022-23,ucl,Group A,False,Rangers FC,,AFC Ajax,,1,3
2022-11-01,2022-23,ucl,Group D,False,Sporting CP,,Eintracht Frankfurt,bundesliga,1,2
2022-11-01,2022-23,ucl,Group C,False,Viktoria Plzeň,,FC Barcelona,la_liga,2,4
2022-11-02,2022-23,ucl,Group E,False,AC Milan,serie_a,RB Salzburg,,4,0
2022-11-02,2022-23,ucl,Group E,False,Chelsea FC,epl,Dinamo Zagreb,,2,1
2022-11-02,2022-23,ucl,Gruppe G,False,FC København,,Borussia Dortmund,bundesliga,1,1
2022-11-02,2022-23,ucl,Gruppe H,False,Juventus FC,serie_a,Paris Saint-Germain FC,ligue_1,1,2
2022-11-02,2022-23,ucl,Gruppe H,False,Maccabi Haifa,,SL Benfica,,1,6
2022-11-02,2022-23,ucl,Gruppe G,False,Manchester City FC,epl,Sevilla FC,la_liga,3,1
2022-11-02,2022-23,ucl,Group F,False,Real Madrid CF,la_liga,Celtic FC,,5,1
2022-11-02,2022-23,ucl,Group F,False,Shakhtar Donetsk,,RB Leipzig,bundesliga,0,4
2022-11-03,2022-23,uecl,Group D,False,1. FC Köln,bundesliga,OGC Nice,ligue_1,2,2
2022-11-03,2022-23,uecl,Group E,False,AZ Alkmaar,,SK Dnipro-1,,2,1
2022-11-03,2022-23,uecl,Group E,False,Apollon Limassol,,FC Vaduz,,1,0
2022-11-03,2022-23,uecl,Gruppe G,False,CFR Cluj,,KF Ballkani,,1,0
2022-11-03,2022-23,uecl,Group F,False,Djurgårdens IF,,Shamrock Rovers,,1,0
2022-11-03,2022-23,uecl,Group B,False,FCSB,,West Ham United FC,epl,0,3
2022-11-03,2022-23,uecl,Group A,False,FK RFS,,ACF Fiorentina,serie_a,0,3
2022-11-03,2022-23,uecl,Gruppe H,False,FK Žalgiris,,Slovan Bratislava,,1,2
2022-11-03,2022-23,uecl,Group C,False,Hapoel Be'er Sheva,,Austria Wien,,4,0
2022-11-03,2022-23,uecl,Group F,False,KAA Gent,,Molde FK,,4,0
2022-11-03,2022-23,uecl,Group C,False,Lech Poznań,,Villarreal CF,la_liga,3,0
2022-11-03,2022-23,uecl,Group D,False,Partizan,,1. FC Slovácko,,1,1
2022-11-03,2022-23,uecl,Gruppe H,False,Pyunik FC,,FC Basel 1893,,1,2
2022-11-03,2022-23,uecl,Group B,False,Silkeborg IF,,RSC Anderlecht,,0,2
2022-11-03,2022-23,uecl,Gruppe G,False,Slavia Praha,,Sivasspor,,1,1
2022-11-03,2022-23,uecl,Group A,False,İstanbul Başakşehir,,Heart of Midlothian,,3,1
2022-11-03,2022-23,uel,Gruppe H,False,AS Monaco FC,ligue_1,Crvena Zvezda,,4,1
2022-11-03,2022-23,uel,Group C,False,AS Roma,serie_a,PFC Ludogorets Razgrad,,3,1
2022-11-03,2022-23,uel,Group A,False,Arsenal FC,epl,FC Zürich,,1,0
2022-11-03,2022-23,uel,Group B,False,Dinamo Kiev,,Fenerbahçe,,0,2
2022-11-03,2022-23,uel,Group F,False,FC Midtjylland,,Sturm Graz,,2,0
2022-11-03,2022-23,uel,Group E,False,FC Sheriff,,Omonia Nikosia,,1,0
2022-11-03,2022-23,uel,Group A,False,FK Bodø/Glimt,,PSV Eindhoven,,1,2
2022-11-03,2022-23,uel,Group F,False,Feyenoord,,SS Lazio,serie_a,1,0
2022-11-03,2022-23,uel,Gruppe G,False,Olympiakos Piraeus,,FC Nantes,ligue_1,0,2
2022-11-03,2022-23,uel,Gruppe G,False,Qarabağ FK,,SC Freiburg,bundesliga,1,1
2022-11-03,2022-23,uel,Group C,False,Real Betis Balompié,la_liga,HJK Helsinki,,3,0
2022-11-03,2022-23,uel,Group E,False,Real Sociedad de Fútbol,la_liga,Manchester United FC,epl,0,1
2022-11-03,2022-23,uel,Group D,False,Sporting Braga,,Malmö FF,,2,1
2022-11-03,2022-23,uel,Group B,False,Stade Rennais FC 1901,ligue_1,AEK Larnaca,,1,1
2022-11-03,2022-23,uel,Gruppe H,False,Trabzonspor,,Ferencvárosi TC,,1,0
2022-11-03,2022-23,uel,Group D,False,Union Saint-Gilloise,,1. FC Union Berlin,bundesliga,0,1
2023-02-14,2022-23,ucl,Round of 16,False,AC Milan,serie_a,Tottenham Hotspur FC,epl,1,0
2023-02-14,2022-23,ucl,Round of 16,False,Paris Saint-Germain FC,ligue_1,FC Bayern München,bundesliga,0,1
2023-02-15,2022-23,ucl,Round of 16,False,Borussia Dortmund,bundesliga,Chelsea FC,epl,1,0
2023-02-15,2022-23,ucl,Round of 16,False,Club Brugge KV,,SL Benfica,,0,2
2023-02-16,2022-23,uecl,Playoffs,False,AEK Larnaca,,SK Dnipro-1,,1,0
2023-02-16,2022-23,uecl,Playoffs,False,FC Sheriff,,Partizan,,0,1
2023-02-16,2022-23,uecl,Playoffs,False,FK Bodø/Glimt,,Lech Poznań,,0,0
2023-02-16,2022-23,uecl,Playoffs,False,PFC Ludogorets Razgrad,,RSC Anderlecht,,1,0
2023-02-16,2022-23,uecl,Playoffs,False,Qarabağ FK,,KAA Gent,,1,0
2023-02-16,2022-23,uecl,Playoffs,False,SS Lazio,serie_a,CFR Cluj,,1,0
2023-02-16,2022-23,uecl,Playoffs,False,Sporting Braga,,ACF Fiorentina,serie_a,0,4
2023-02-16,2022-23,uecl,Playoffs,False,Trabzonspor,,FC Basel 1893,,1,0
2023-02-16,2022-23,uel,Playoffs,False,AFC Ajax,,1. FC Union Berlin,bundesliga,0,0
2023-02-16,2022-23,uel,Playoffs,False,Bayer 04 Leverkusen,bundesliga,AS Monaco FC,ligue_1,2,3
2023-02-16,2022-23,uel,Playoffs,False,FC Barcelona,la_liga,Manchester United FC,epl,2,2
2023-02-16,2022-23,uel,Playoffs,False,Juventus FC,serie_a,FC Nantes,ligue_1,1,1
2023-02-16,2022-23,uel,Playoffs,False,RB Salzburg,,AS Roma,serie_a,1,0
2023-02-16,2022-23,uel,Playoffs,False,Sevilla FC,la_liga,PSV Eindhoven,,3,0
2023-02-16,2022-23,uel,Playoffs,False,Shakhtar Donetsk,,Stade Rennais FC 1901,ligue_1,2,1
2023-02-16,2022-23,uel,Playoffs,False,Sporting CP,,FC Midtjylland,,1,1
2023-02-21,2022-23,ucl,Round of 16,False,Eintracht Frankfurt,bundesliga,SSC Napoli,serie_a,0,2
2023-02-21,2022-23,ucl,Round of 16,False,Liverpool FC,epl,Real Madrid CF,la_liga,2,5
2023-02-22,2022-23,ucl,Round of 16,False,FC Internazionale Milano,serie_a,FC Porto,,1,0
2023-02-22,2022-23,ucl,Round of 16,False,RB Leipzig,bundesliga,Manchester City FC,epl,1,1
2023-02-23,2022-23,uecl,Playoffs,False,ACF Fiorentina,serie_a,Sporting Braga,,3,2
2023-02-23,2022-23,uecl,Playoffs,False,CFR Cluj,,SS Lazio,serie_a,0,0
2023-02-23,2022-23,uecl,Playoffs,False,FC Basel 1893,,Trabzonspor,,2,0
2023-02-23,2022-23,uecl,Playoffs,False,KAA Gent,,Qarabağ FK,,1,0
2023-02-23,2022-23,uecl,Playoffs,False,Lech Poznań,,FK Bodø/Glimt,,1,0
2023-02-23,2022-23,uecl,Playoffs,False,Partizan,,FC Sheriff,,1,3
2023-02-23,2022-23,uecl,Playoffs,False,RSC Anderlecht,,PFC Ludogorets Razgrad,,2,1
2023-02-23,2022-23,uecl,Playoffs,False,SK Dnipro-1,,AEK Larnaca,,0,0
2023-02-23,2022-23,uel,Playoffs,False,1. FC Union Berlin,bundesliga,AFC Ajax,,3,1
2023-02-23,2022-23,uel,Playoffs,False,AS Monaco FC,ligue_1,Bayer 04 Leverkusen,bundesliga,2,3
2023-02-23,2022-23,uel,Playoffs,False,AS Roma,serie_a,RB Salzburg,,2,0
2023-02-23,2022-23,uel,Playoffs,False,FC Midtjylland,,Sporting CP,,0,4
2023-02-23,2022-23,uel,Playoffs,False,FC Nantes,ligue_1,Juventus FC,serie_a,0,3
2023-02-23,2022-23,uel,Playoffs,False,Manchester United FC,epl,FC Barcelona,la_liga,2,1
2023-02-23,2022-23,uel,Playoffs,False,PSV Eindhoven,,Sevilla FC,la_liga,2,0
2023-02-23,2022-23,uel,Playoffs,False,Stade Rennais FC 1901,ligue_1,Shakhtar Donetsk,,2,1
2023-03-07,2022-23,ucl,Round of 16,False,Chelsea FC,epl,Borussia Dortmund,bundesliga,2,0
2023-03-07,2022-23,ucl,Round of 16,False,SL Benfica,,Club Brugge KV,,5,1
2023-03-07,2022-23,uecl,Round of 16,False,SS Lazio,serie_a,AZ Alkmaar,,1,2
2023-03-08,2022-23,ucl,Round of 16,False,FC Bayern München,bundesliga,Paris Saint-Germain FC,ligue_1,2,0
2023-03-08,2022-23,ucl,Round of 16,False,Tottenham Hotspur FC,epl,AC Milan,serie_a,0,0
2023-03-09,2022-23,uecl,Round of 16,False,ACF Fiorentina,serie_a,Sivasspor,,1,0
2023-03-09,2022-23,uecl,Round of 16,False,AEK Larnaca,,West Ham United FC,epl,0,2
2023-03-09,2022-23,uecl,Round of 16,False,FC Basel 1893,,Slovan Bratislava,,2,2
2023-03-09,2022-23,uecl,Round of 16,False,FC Sheriff,,OGC Nice,ligue_1,0,1
2023-03-09,2022-23,uecl,Round of 16,False,KAA Gent,,İstanbul Başakşehir,,1,1
2023-03-09,2022-23,uecl,Round of 16,False,Lech Poznań,,Djurgårdens IF,,2,0
2023-03-09,2022-23,uecl,Round of 16,False,RSC Anderlecht,,Villarreal CF,la_liga,1,1
2023-03-09,2022-23,uel,Round of 16,False,1. FC Union Berlin,bundesliga,Union Saint-Gilloise,,3,3
2023-03-09,2022-23,uel,Round of 16,False,AS Roma,serie_a,Real Sociedad de Fútbol,la_liga,2,0
2023-03-09,2022-23,uel,Round of 16,False,Bayer 04 Leverkusen,bundesliga,Ferencvárosi TC,,2,0
2023-03-09,2022-23,uel,Round of 16,False,Juventus FC,serie_a,SC Freiburg,bundesliga,1,0
2023-03-09,2022-23,uel,Round of 16,False,Manchester United FC,epl,Real Betis Balompié,la_liga,4,1
2023-03-09,2022-23,uel,Round of 16,False,Sevilla FC,la_liga,Fenerbahçe,,2,0
2023-03-09,2022-23,uel,Round of 16,False,Shakhtar Donetsk,,Feyenoord,,1,1
2023-03-09,2022-23,uel,Round of 16,False,Sporting CP,,Arsenal FC,epl,2,2
2023-03-14,2022-23,ucl,Round of 16,False,FC Porto,,FC Internazionale Milano,serie_a,0,0
2023-03-14,2022-23,ucl,Round of 16,False,Manchester City FC,epl,RB Leipzig,bundesliga,7,0
2023-03-15,2022-23,ucl,Round of 16,False,Real Madrid CF,la_liga,Liverpool FC,epl,1,0
2023-03-15,2022-23,ucl,Round of 16,False,SSC Napoli,serie_a,Eintracht Frankfurt,bundesliga,3,0
2023-03-15,2022-23,uecl,Round of 16,False,İstanbul Başakşehir,,KAA Gent,,1,4
2023-03-16,2022-23,uecl,Round of 16,False,AZ Alkmaar,,SS Lazio,serie_a,2,1
2023-03-16,2022-23,uecl,Round of 16,False,Djurgårdens IF,,Lech Poznań,,0,3
2023-03-16,2022-23,uecl,Round of 16,False,OGC Nice,ligue_1,FC Sheriff,,3,1
2023-03-16,2022-23,uecl,Round of 16,False,Sivasspor,,ACF Fiorentina,serie_a,1,4
2023-03-16,2022-23,uecl,Round of 16,False,Slovan Bratislava,,FC Basel 1893,,2,2
2023-03-16,2022-23,uecl,Round of 16,False,Villarreal CF,la_liga,RSC Anderlecht,,0,1
2023-03-16,2022-23,uecl,Round of 16,False,West Ham United FC,epl,AEK Larnaca,,4,0
2023-03-16,2022-23,uel,Round of 16,False,Arsenal FC,epl,Sporting CP,,1,1
2023-03-16,2022-23,uel,Round of 16,False,Fenerbahçe,,Sevilla FC,la_liga,1,0
2023-03-16,2022-23,uel,Round of 16,False,Ferencvárosi TC,,Bayer 04 Leverkusen,bundesliga,0,2
2023-03-16,2022-23,uel,Round of 16,False,Feyenoord,,Shakhtar Donetsk,,7,1
2023-03-16,2022-23,uel,Round of 16,False,Real Betis Balompié,la_liga,Manchester United FC,epl,0,1
2023-03-16,2022-23,uel,Round of 16,False,Real Sociedad de Fútbol,la_liga,AS Roma,serie_a,0,0
2023-03-16,2022-23,uel,Round of 16,False,SC Freiburg,bundesliga,Juventus FC,serie_a,0,2
2023-03-16,2022-23,uel,Round of 16,False,Union Saint-Gilloise,,1. FC Union Berlin,bundesliga,3,0
2023-04-11,2022-23,ucl,Quarterfinals,False,Manchester City FC,epl,FC Bayern München,bundesliga,3,0
2023-04-11,2022-23,ucl,Quarterfinals,False,SL Benfica,,FC Internazionale Milano,serie_a,0,2
2023-04-12,2022-23,ucl,Quarterfinals,False,AC Milan,serie_a,SSC Napoli,serie_a,1,0
2023-04-12,2022-23,ucl,Quarterfinals,False,Real Madrid CF,la_liga,Chelsea FC,epl,2,0
2023-04-13,2022-23,uecl,Quarterfinals,False,FC Basel 1893,,OGC Nice,ligue_1,2,2
2023-04-13,2022-23,uecl,Quarterfinals,False,KAA Gent,,West Ham United FC,epl,1,1
2023-04-13,2022-23,uecl,Quarterfinals,False,Lech Poznań,,ACF Fiorentina,serie_a,1,4
2023-04-13,2022-23,uecl,Quarterfinals,False,RSC Anderlecht,,AZ Alkmaar,,2,0
2023-04-13,2022-23,uel,Quarterfinals,False,Bayer 04 Leverkusen,bundesliga,Union Saint-Gilloise,,1,1
2023-04-13,2022-23,uel,Quarterfinals,False,Feyenoord,,AS Roma,serie_a,1,0
2023-04-13,2022-23,uel,Quarterfinals,False,Juventus FC,serie_a,Sporting CP,,1,0
2023-04-13,2022-23,uel,Quarterfinals,False,Manchester United FC,epl,Sevilla FC,la_liga,2,2
2023-04-18,2022-23,ucl,Quarterfinals,False,Chelsea FC,epl,Real Madrid CF,la_liga,0,2
2023-04-18,2022-23,ucl,Quarterfinals,False,SSC Napoli,serie_a,AC Milan,serie_a,1,1
2023-04-19,2022-23,ucl,Quarterfinals,False,FC Bayern München,bundesliga,Manchester City FC,epl,1,1
2023-04-19,2022-23,ucl,Quarterfinals,False,FC Internazionale Milano,serie_a,SL Benfica,,3,3
2023-04-20,2022-23,uecl,Quarterfinals,False,ACF Fiorentina,serie_a,Lech Poznań,,2,3
2023-04-20,2022-23,uecl,Quarterfinals,False,AZ Alkmaar,,RSC Anderlecht,,2,0
2023-04-20,2022-23,uecl,Quarterfinals,False,OGC Nice,ligue_1,FC Basel 1893,,1,2
2023-04-20,2022-23,uecl,Quarterfinals,False,West Ham United FC,epl,KAA Gent,,4,1
2023-04-20,2022-23,uel,Quarterfinals,False,AS Roma,serie_a,Feyenoord,,4,1
2023-04-20,2022-23,uel,Quarterfinals,False,Sevilla FC,la_liga,Manchester United FC,epl,3,0
2023-04-20,2022-23,uel,Quarterfinals,False,Sporting CP,,Juventus FC,serie_a,1,1
2023-04-20,2022-23,uel,Quarterfinals,False,Union Saint-Gilloise,,Bayer 04 Leverkusen,bundesliga,1,4
2023-05-09,2022-23,ucl,Semifinals,False,Real Madrid CF,la_liga,Manchester City FC,epl,1,1
2023-05-10,2022-23,ucl,Semifinals,False,AC Milan,serie_a,FC Internazionale Milano,serie_a,0,2
2023-05-11,2022-23,uecl,Semifinals,False,ACF Fiorentina,serie_a,FC Basel 1893,,1,2
2023-05-11,2022-23,uecl,Semifinals,False,West Ham United FC,epl,AZ Alkmaar,,2,1
2023-05-11,2022-23,uel,Semifinals,False,AS Roma,serie_a,Bayer 04 Leverkusen,bundesliga,1,0
2023-05-11,2022-23,uel,Semifinals,False,Juventus FC,serie_a,Sevilla FC,la_liga,1,1
2023-05-16,2022-23,ucl,Semifinals,False,FC Internazionale Milano,serie_a,AC Milan,serie_a,1,0
2023-05-17,2022-23,ucl,Semifinals,False,Manchester City FC,epl,Real Madrid CF,la_liga,4,0
2023-05-18,2022-23,uecl,Semifinals,False,AZ Alkmaar,,West Ham United FC,epl,0,1
2023-05-18,2022-23,uecl,Semifinals,False,FC Basel 1893,,ACF Fiorentina,serie_a,1,3
2023-05-18,2022-23,uel,Semifinals,False,Bayer 04 Leverkusen,bundesliga,AS Roma,serie_a,0,0
2023-05-18,2022-23,uel,Semifinals,False,Sevilla FC,la_liga,Juventus FC,serie_a,2,1
2023-05-31,2022-23,uel,Final,True,Sevilla FC,la_liga,AS Roma,serie_a,1,1
2023-06-07,2022-23,uecl,Final,True,ACF Fiorentina,serie_a,West Ham United FC,epl,1,2
2023-06-10,2022-23,ucl,Final,True,Manchester City FC,epl,FC Internazionale Milano,serie_a,1,0
2023-09-19,2023-24,ucl,"Group, Matchday 1",False,AC Milan,serie_a,Newcastle United FC,epl,0,0
2023-09-19,2023-24,ucl,"Group, Matchday 1",False,BSC Young Boys,,RB Leipzig,bundesliga,1,3
2023-09-19,2023-24,ucl,"Group, Matchday 1",False,FC Barcelona,la_liga,Royal Antwerp FC,,5,0
2023-09-19,2023-24,ucl,"Group, Matchday 1",False,FK Shakhtar Donetsk,,FC Porto,,1,3
2023-09-19,2023-24,ucl,"Group, Matchday 1",False,Feyenoord Rotterdam,,Celtic FC,,2,0
2023-09-19,2023-24,ucl,"Group, Matchday 1",False,Manchester City FC,epl,FK Crvena Zvezda,,3,1
2023-09-19,2023-24,ucl,"Group, Matchday 1",False,Paris Saint-Germain FC,ligue_1,Borussia Dortmund,bundesliga,2,0
2023-09-19,2023-24,ucl,"Group, Matchday 1",False,SS Lazio,serie_a,Club Atlético de Madrid,la_liga,1,1
2023-09-20,2023-24,ucl,"Group, Matchday 1",False,Arsenal FC,epl,PSV,,4,0
2023-09-20,2023-24,ucl,"Group, Matchday 1",False,FC Bayern München,bundesliga,Manchester United FC,epl,4,3
2023-09-20,2023-24,ucl,"Group, Matchday 1",False,Galatasaray SK,,FC København,,2,2
2023-09-20,2023-24,ucl,"Group, Matchday 1",False,Real Madrid CF,la_liga,1. FC Union Berlin,bundesliga,1,0
2023-09-20,2023-24,ucl,"Group, Matchday 1",False,Real Sociedad de Fútbol,la_liga,FC Internazionale Milano,serie_a,1,1
2023-09-20,2023-24,ucl,"Group, Matchday 1",False,Sevilla FC,la_liga,Racing Club de Lens,ligue_1,1,1
2023-09-20,2023-24,ucl,"Group, Matchday 1",False,Sport Lisboa e Benfica,,FC Red Bull Salzburg,,0,2
2023-09-20,2023-24,ucl,"Group, Matchday 1",False,Sporting Clube de Braga,,SSC Napoli,serie_a,1,2
2023-09-20,2023-24,uecl,Group A,False,Lille OSC,ligue_1,Olimpija Ljubljana,,2,0
2023-09-21,2023-24,uecl,Group D,False,Club Brugge KV,,Beşiktaş,,1,1
2023-09-21,2023-24,uecl,Group C,False,Dinamo Zagreb,,FK Astana,,5,1
2023-09-21,2023-24,uecl,Gruppe G,False,Eintracht Frankfurt,bundesliga,Aberdeen FC,,2,1
2023-09-21,2023-24,uecl,Group D,False,FC Lugano,,FK Bodø/Glimt,,0,0
2023-09-21,2023-24,uecl,Gruppe H,False,Fenerbahçe,,FC Nordsjælland,,3,1
2023-09-21,2023-24,uecl,Group F,False,Ferencvárosi TC,,FK Čukarički,,3,1
2023-09-21,2023-24,uecl,Gruppe G,False,HJK Helsinki,,PAOK Saloniki,,2,3
2023-09-21,2023-24,uecl,Group F,False,KRC Genk,,ACF Fiorentina,serie_a,2,2
2023-09-21,2023-24,uecl,Group E,False,Legia Warszawa,,Aston Villa FC,epl,3,2
2023-09-21,2023-24,uecl,Group B,False,Maccabi Tel Aviv,,Breiðablik,,3,2
2023-09-21,2023-24,uecl,Gruppe H,False,PFC Ludogorets Razgrad,,Spartak Trnava,,4,0
2023-09-21,2023-24,uecl,Group A,False,Slovan Bratislava,,KÍ Klaksvík,,2,1
2023-09-21,2023-24,uecl,Group C,False,Viktoria Plzeň,,KF Ballkani,,1,0
2023-09-21,2023-24,uecl,Group B,False,Zorya Lugansk,,KAA Gent,,1,1
2023-09-21,2023-24,uecl,Group E,False,Zrinjski Mostar,,AZ Alkmaar,,4,3
2023-09-21,2023-24,uel,Group C,False,AC Sparta Praha,,Aris Limassol,,3,2
2023-09-21,2023-24,uel,Group B,False,AFC Ajax,,Olympique de Marseille,ligue_1,3,3
2023-09-21,2023-24,uel,Group D,False,Atalanta BC,serie_a,Raków Częstochowa,,2,0
2023-09-21,2023-24,uel,Gruppe H,False,Bayer 04 Leverkusen,bundesliga,BK Häcken,,4,0
2023-09-21,2023-24,uel,Group B,False,Brighton & Hove Albion FC,epl,AEK Athen,,2,3
2023-09-21,2023-24,uel,Gruppe G,False,FC Sheriff,,AS Roma,serie_a,1,2
2023-09-21,2023-24,uel,Group E,False,LASK,,Liverpool FC,epl,1,3
2023-09-21,2023-24,uel,Group A,False,Olympiakos Piraeus,,SC Freiburg,bundesliga,2,3
2023-09-21,2023-24,uel,Group F,False,Panathinaikos,,Villarreal CF,la_liga,2,0
2023-09-21,2023-24,uel,Gruppe H,False,Qarabağ FK,,Molde FK,,1,0
2023-09-21,2023-24,uel,Group C,False,Rangers FC,,Real Betis Balompié,la_liga,1,0
2023-09-21,2023-24,uel,Gruppe G,False,Servette FC,,Slavia Praha,,0,2
2023-09-21,2023-24,uel,Group F,False,Stade Rennais FC 1901,ligue_1,Maccabi Haifa,,3,0
2023-09-21,2023-24,uel,Group D,False,Sturm Graz,,Sporting CP,,1,2
2023-09-21,2023-24,uel,Group E,False,Union Saint-Gilloise,,Toulouse FC,ligue_1,1,1
2023-09-21,2023-24,uel,Group A,False,West Ham United FC,epl,TSC Bačka Topola,,3,1
2023-10-03,2023-24,ucl,"Group, Matchday 2",False,1. FC Union Berlin,bundesliga,Sporting Clube de Braga,,2,3
2023-10-03,2023-24,ucl,"Group, Matchday 2",False,FC Internazionale Milano,serie_a,Sport Lisboa e Benfica,,1,0
2023-10-03,2023-24,ucl,"Group, Matchday 2",False,FC København,,FC Bayern München,bundesliga,1,2
2023-10-03,2023-24,ucl,"Group, Matchday 2",False,FC Red Bull Salzburg,,Real Sociedad de Fútbol,la_liga,0,2
2023-10-03,2023-24,ucl,"Group, Matchday 2",False,Manchester United FC,epl,Galatasaray SK,,2,3
2023-10-03,2023-24,ucl,"Group, Matchday 2",False,PSV,,Sevilla FC,la_liga,2,2
2023-10-03,2023-24,ucl,"Group, Matchday 2",False,Racing Club de Lens,ligue_1,Arsenal FC,epl,2,1
2023-10-03,2023-24,ucl,"Group, Matchday 2",False,SSC Napoli,serie_a,Real Madrid CF,la_liga,2,3
2023-10-04,2023-24,ucl,"Group, Matchday 2",False,Borussia Dortmund,bundesliga,AC Milan,serie_a,0,0
2023-10-04,2023-24,ucl,"Group, Matchday 2",False,Celtic FC,,SS Lazio,serie_a,1,2
2023-10-04,2023-24,ucl,"Group, Matchday 2",False,Club Atlético de Madrid,la_liga,Feyenoord Rotterdam,,3,2
2023-10-04,2023-24,ucl,"Group, Matchday 2",False,FC Porto,,FC Barcelona,la_liga,0,1
2023-10-04,2023-24,ucl,"Group, Matchday 2",False,FK Crvena Zvezda,,BSC Young Boys,,2,2
2023-10-04,2023-24,ucl,"Group, Matchday 2",False,Newcastle United FC,epl,Paris Saint-Germain FC,ligue_1,4,1
2023-10-04,2023-24,ucl,"Group, Matchday 2",False,RB Leipzig,bundesliga,Manchester City FC,epl,1,3
2023-10-04,2023-24,ucl,"Group, Matchday 2",False,Royal Antwerp FC,,FK Shakhtar Donetsk,,2,3
2023-10-05,2023-24,uecl,Group F,False,ACF Fiorentina,serie_a,Ferencvárosi TC,,2,2
2023-10-05,2023-24,uecl,Group E,False,AZ Alkmaar,,Legia Warszawa,,1,0
2023-10-05,2023-24,uecl,Gruppe G,False,Aberdeen FC,,HJK Helsinki,,1,1
2023-10-05,2023-24,uecl,Group E,False,Aston Villa FC,epl,Zrinjski Mostar,,1,0
2023-10-05,2023-24,uecl,Group D,False,Beşiktaş,,FC Lugano,,2,3
2023-10-05,2023-24,uecl,Group B,False,Breiðablik,,Zorya Lugansk,,0,1
2023-10-05,2023-24,uecl,Gruppe H,False,FC Nordsjælland,,PFC Ludogorets Razgrad,,7,1
2023-10-05,2023-24,uecl,Group C,False,FK Astana,,Viktoria Plzeň,,1,2
2023-10-05,2023-24,uecl,Group D,False,FK Bodø/Glimt,,Club Brugge KV,,0,1
2023-10-05,2023-24,uecl,Group F,False,FK Čukarički,,KRC Genk,,0,2
2023-10-05,2023-24,uecl,Group B,False,KAA Gent,,Maccabi Tel Aviv,,2,0
2023-10-05,2023-24,uecl,Group C,False,KF Ballkani,,Dinamo Zagreb,,2,0
2023-10-05,2023-24,uecl,Group A,False,KÍ Klaksvík,,Lille OSC,ligue_1,0,0
2023-10-05,2023-24,uecl,Group A,False,Olimpija Ljubljana,,Slovan Bratislava,,0,1
2023-10-05,2023-24,uecl,Gruppe G,False,PAOK Saloniki,,Eintracht Frankfurt,bundesliga,2,1
2023-10-05,2023-24,uecl,Gruppe H,False,Spartak Trnava,,Fenerbahçe,,1,2
2023-10-05,2023-24,uel,Group B,False,AEK Athen,,AFC Ajax,,1,1
2023-10-05,2023-24,uel,Gruppe G,False,AS Roma,serie_a,Servette FC,,4,0
2023-10-05,2023-24,uel,Group C,False,Aris Limassol,,Rangers FC,,2,1
2023-10-05,2023-24,uel,Gruppe H,False,BK Häcken,,Qarabağ FK,,0,1
2023-10-05,2023-24,uel,Group E,False,Liverpool FC,epl,Union Saint-Gilloise,,2,0
2023-10-05,2023-24,uel,Group F,False,Maccabi Haifa,,Panathinaikos,,0,0
2023-10-05,2023-24,uel,Gruppe H,False,Molde FK,,Bayer 04 Leverkusen,bundesliga,1,2
2023-10-05,2023-24,uel,Group B,False,Olympique de Marseille,ligue_1,Brighton & Hove Albion FC,epl,2,2
2023-10-05,2023-24,uel,Group D,False,Raków Częstochowa,,Sturm Graz,,0,1
2023-10-05,2023-24,uel,Group C,False,Real Betis Balompié,la_liga,AC Sparta Praha,,2,1
2023-10-05,2023-24,uel,Group A,False,SC Freiburg,bundesliga,West Ham United FC,epl,1,2
2023-10-05,2023-24,uel,Gruppe G,False,Slavia Praha,,FC Sheriff,,6,0
2023-10-05,2023-24,uel,Group D,False,Sporting CP,,Atalanta BC,serie_a,1,2
2023-10-05,2023-24,uel,Group A,False,TSC Bačka Topola,,Olympiakos Piraeus,,2,2
2023-10-05,2023-24,uel,Group E,False,Toulouse FC,ligue_1,LASK,,1,0
2023-10-05,2023-24,uel,Group F,False,Villarreal CF,la_liga,Stade Rennais FC 1901,ligue_1,1,0
2023-10-24,2023-24,ucl,"Group, Matchday 3",False,1. FC Union Berlin,bundesliga,SSC Napoli,serie_a,0,1
2023-10-24,2023-24,ucl,"Group, Matchday 3",False,FC Internazionale Milano,serie_a,FC Red Bull Salzburg,,2,1
2023-10-24,2023-24,ucl,"Group, Matchday 3",False,Galatasaray SK,,FC Bayern München,bundesliga,1,3
2023-10-24,2023-24,ucl,"Group, Matchday 3",False,Manchester United FC,epl,FC København,,1,0
2023-10-24,2023-24,ucl,"Group, Matchday 3",False,Racing Club de Lens,ligue_1,PSV,,1,1
2023-10-24,2023-24,ucl,"Group, Matchday 3",False,Sevilla FC,la_liga,Arsenal FC,epl,1,2
2023-10-24,2023-24,ucl,"Group, Matchday 3",False,Sport Lisboa e Benfica,,Real Sociedad de Fútbol,la_liga,0,1
2023-10-24,2023-24,ucl,"Group, Matchday 3",False,Sporting Clube de Braga,,Real Madrid CF,la_liga,1,2
2023-10-25,2023-24,ucl,"Group, Matchday 3",False,BSC Young Boys,,Manchester City FC,epl,1,3
2023-10-25,2023-24,ucl,"Group, Matchday 3",False,Celtic FC,,Club Atlético de Madrid,la_liga,2,2
2023-10-25,2023-24,ucl,"Group, Matchday 3",False,FC Barcelona,la_liga,FK Shakhtar Donetsk,,2,1
2023-10-25,2023-24,ucl,"Group, Matchday 3",False,Feyenoord Rotterdam,,SS Lazio,serie_a,3,1
2023-10-25,2023-24,ucl,"Group, Matchday 3",False,Newcastle United FC,epl,Borussia Dortmund,bundesliga,0,1
2023-10-25,2023-24,ucl,"Group, Matchday 3",False,Paris Saint-Germain FC,ligue_1,AC Milan,serie_a,3,0
2023-10-25,2023-24,ucl,"Group, Matchday 3",False,RB Leipzig,bundesliga,FK Crvena Zvezda,,3,1
2023-10-25,2023-24,ucl,"Group, Matchday 3",False,Royal Antwerp FC,,FC Porto,,1,4
2023-10-26,2023-24,uecl,Group F,False,ACF Fiorentina,serie_a,FK Čukarički,,6,0
2023-10-26,2023-24,uecl,Group E,False,AZ Alkmaar,,Aston Villa FC,epl,1,4
2023-10-26,2023-24,uecl,Gruppe G,False,Aberdeen FC,,PAOK Saloniki,,2,3
2023-10-26,2023-24,uecl,Group C,False,Dinamo Zagreb,,Viktoria Plzeň,,0,1
2023-10-26,2023-24,uecl,Gruppe G,False,Eintracht Frankfurt,bundesliga,HJK Helsinki,,6,0
2023-10-26,2023-24,uecl,Group D,False,FC Lugano,,Club Brugge KV,,1,3
2023-10-26,2023-24,uecl,Group D,False,FK Bodø/Glimt,,Beşiktaş,,3,1
2023-10-26,2023-24,uecl,Gruppe H,False,Fenerbahçe,,PFC Ludogorets Razgrad,,3,1
2023-10-26,2023-24,uecl,Group B,False,KAA Gent,,Breiðablik,,5,0
2023-10-26,2023-24,uecl,Group C,False,KF Ballkani,,FK Astana,,1,2
2023-10-26,2023-24,uecl,Group F,False,KRC Genk,,Ferencvárosi TC,,0,0
2023-10-26,2023-24,uecl,Group A,False,KÍ Klaksvík,,Olimpija Ljubljana,,3,0
2023-10-26,2023-24,uecl,Group A,False,Lille OSC,ligue_1,Slovan Bratislava,,2,1
2023-10-26,2023-24,uecl,Gruppe H,False,Spartak Trnava,,FC Nordsjælland,,0,2
2023-10-26,2023-24,uecl,Group E,False,Zrinjski Mostar,,Legia Warszawa,,1,2
2023-10-26,2023-24,uel,Group C,False,AC Sparta Praha,,Rangers FC,,0,0
2023-10-26,2023-24,uel,Gruppe G,False,AS Roma,serie_a,Slavia Praha,,2,0
2023-10-26,2023-24,uel,Group C,False,Aris Limassol,,Real Betis Balompié,la_liga,0,1
2023-10-26,2023-24,uel,Gruppe H,False,Bayer 04 Leverkusen,bundesliga,Qarabağ FK,,5,1
2023-10-26,2023-24,uel,Group B,False,Brighton & Hove Albion FC,epl,AFC Ajax,,2,0
2023-10-26,2023-24,uel,Gruppe G,False,FC Sheriff,,Servette FC,,1,1
2023-10-26,2023-24,uel,Group E,False,Liverpool FC,epl,Toulouse FC,ligue_1,5,1
2023-10-26,2023-24,uel,Gruppe H,False,Molde FK,,BK Häcken,,5,1
2023-10-26,2023-24,uel,Group A,False,Olympiakos Piraeus,,West Ham United FC,epl,2,1
2023-10-26,2023-24,uel,Group B,False,Olympique de Marseille,ligue_1,AEK Athen,,3,1
2023-10-26,2023-24,uel,Group F,False,Panathinaikos,,Stade Rennais FC 1901,ligue_1,1,2
2023-10-26,2023-24,uel,Group D,False,Raków Częstochowa,,Sporting CP,,1,1
2023-10-26,2023-24,uel,Group D,False,Sturm Graz,,Atalanta BC,serie_a,2,2
2023-10-26,2023-24,uel,Group A,False,TSC Bačka Topola,,SC Freiburg,bundesliga,1,3
2023-10-26,2023-24,uel,Group E,False,Union Saint-Gilloise,,LASK,,2,1
2023-11-07,2023-24,ucl,"Group, Matchday 4",False,AC Milan,serie_a,Paris Saint-Germain FC,ligue_1,2,1
2023-11-07,2023-24,ucl,"Group, Matchday 4",False,Borussia Dortmund,bundesliga,Newcastle United FC,epl,2,0
2023-11-07,2023-24,ucl,"Group, Matchday 4",False,Club Atlético de Madrid,la_liga,Celtic FC,,6,0
2023-11-07,2023-24,ucl,"Group, Matchday 4",False,FC Porto,,Royal Antwerp FC,,2,0
2023-11-07,2023-24,ucl,"Group, Matchday 4",False,FK Crvena Zvezda,,RB Leipzig,bundesliga,1,2
2023-11-07,2023-24,ucl,"Group, Matchday 4",False,FK Shakhtar Donetsk,,FC Barcelona,la_liga,1,0
2023-11-07,2023-24,ucl,"Group, Matchday 4",False,Manchester City FC,epl,BSC Young Boys,,3,0
2023-11-07,2023-24,ucl,"Group, Matchday 4",False,SS Lazio,serie_a,Feyenoord Rotterdam,,1,0
2023-11-08,2023-24,ucl,"Group, Matchday 4",False,Arsenal FC,epl,Sevilla FC,la_liga,2,0
2023-11-08,2023-24,ucl,"Group, Matchday 4",False,FC Bayern München,bundesliga,Galatasaray SK,,2,1
2023-11-08,2023-24,ucl,"Group, Matchday 4",False,FC København,,Manchester United FC,epl,4,3
2023-11-08,2023-24,ucl,"Group, Matchday 4",False,FC Red Bull Salzburg,,FC Internazionale Milano,serie_a,0,1
2023-11-08,2023-24,ucl,"Group, Matchday 4",False,PSV,,Racing Club de Lens,ligue_1,1,0
2023-11-08,2023-24,ucl,"Group, Matchday 4",False,Real Madrid CF,la_liga,Sporting Clube de Braga,,3,0
2023-11-08,2023-24,ucl,"Group, Matchday 4",False,Real Sociedad de Fútbol,la_liga,Sport Lisboa e Benfica,,3,1
2023-11-08,2023-24,ucl,"Group, Matchday 4",False,SSC Napoli,serie_a,1. FC Union Berlin,bundesliga,1,1
2023-11-09,2023-24,uecl,Group E,False,Aston Villa FC,epl,AZ Alkmaar,,2,1
2023-11-09,2023-24,uecl,Group D,False,Beşiktaş,,FK Bodø/Glimt,,1,2
2023-11-09,2023-24,uecl,Group B,False,Breiðablik,,KAA Gent,,2,3
2023-11-09,2023-24,uecl,Group D,False,Club Brugge KV,,FC Lugano,,2,0
2023-11-09,2023-24,uecl,Gruppe H,False,FC Nordsjælland,,Spartak Trnava,,1,1
2023-11-09,2023-24,uecl,Group C,False,FK Astana,,KF Ballkani,,0,0
2023-11-09,2023-24,uecl,Group F,False,FK Čukarički,,ACF Fiorentina,serie_a,0,1
2023-11-09,2023-24,uecl,Group F,False,Ferencvárosi TC,,KRC Genk,,1,1
2023-11-09,2023-24,uecl,Gruppe G,False,HJK Helsinki,,Eintracht Frankfurt,bundesliga,0,1
2023-11-09,2023-24,uecl,Group E,False,Legia Warszawa,,Zrinjski Mostar,,2,0
2023-11-09,2023-24,uecl,Group A,False,Olimpija Ljubljana,,KÍ Klaksvík,,2,0
2023-11-09,2023-24,uecl,Gruppe G,False,PAOK Saloniki,,Aberdeen FC,,2,2
2023-11-09,2023-24,uecl,Gruppe H,False,PFC Ludogorets Razgrad,,Fenerbahçe,,2,0
2023-11-09,2023-24,uecl,Group A,False,Slovan Bratislava,,Lille OSC,ligue_1,1,1
2023-11-09,2023-24,uecl,Group C,False,Viktoria Plzeň,,Dinamo Zagreb,,1,0
2023-11-09,2023-24,uecl,Group B,False,Zorya Lugansk,,Maccabi Tel Aviv,,1,3
2023-11-09,2023-24,uel,Group B,False,AEK Athen,,Olympique de Marseille,ligue_1,0,2
2023-11-09,2023-24,uel,Group B,False,AFC Ajax,,Brighton & Hove Albion FC,epl,0,2
2023-11-09,2023-24,uel,Group D,False,Atalanta BC,serie_a,Sturm Graz,,1,0
2023-11-09,2023-24,uel,Gruppe H,False,BK Häcken,,Molde FK,,1,3
2023-11-09,2023-24,uel,Group E,False,LASK,,Union Saint-Gilloise,,3,0
2023-11-09,2023-24,uel,Group F,False,Maccabi Haifa,,Villarreal CF,la_liga,1,2
2023-11-09,2023-24,uel,Gruppe H,False,Qarabağ FK,,Bayer 04 Leverkusen,bundesliga,0,1
2023-11-09,2023-24,uel,Group C,False,Rangers FC,,AC Sparta Praha,,2,1
2023-11-09,2023-24,uel,Group C,False,Real Betis Balompié,la_liga,Aris Limassol,,4,1
2023-11-09,2023-24,uel,Group A,False,SC Freiburg,bundesliga,TSC Bačka Topola,,5,0
2023-11-09,2023-24,uel,Gruppe G,False,Servette FC,,FC Sheriff,,2,1
2023-11-09,2023-24,uel,Gruppe G,False,Slavia Praha,,AS Roma,serie_a,2,0
2023-11-09,2023-24,uel,Group D,False,Sporting CP,,Raków Częstochowa,,2,1
2023-11-09,2023-24,uel,Group F,False,Stade Rennais FC 1901,ligue_1,Panathinaikos,,3,1
2023-11-09,2023-24,uel,Group E,False,Toulouse FC,ligue_1,Liverpool FC,epl,3,2
2023-11-09,2023-24,uel,Group A,False,West Ham United FC,epl,Olympiakos Piraeus,,1,0
2023-11-25,2023-24,uecl,Group B,False,Maccabi Tel Aviv,,Zorya Lugansk,,3,2
2023-11-28,2023-24,ucl,"Group, Matchday 5",False,AC Milan,serie_a,Borussia Dortmund,bundesliga,1,3
2023-11-28,2023-24,ucl,"Group, Matchday 5",False,BSC Young Boys,,FK Crvena Zvezda,,2,0
2023-11-28,2023-24,ucl,"Group, Matchday 5",False,FC Barcelona,la_liga,FC Porto,,2,1
2023-11-28,2023-24,ucl,"Group, Matchday 5",False,FK Shakhtar Donetsk,,Royal Antwerp FC,,1,0
2023-11-28,2023-24,ucl,"Group, Matchday 5",False,Feyenoord Rotterdam,,Club Atlético de Madrid,la_liga,1,3
2023-11-28,2023-24,ucl,"Group, Matchday 5",False,Manchester City FC,epl,RB Leipzig,bundesliga,3,2
2023-11-28,2023-24,ucl,"Group, Matchday 5",False,Paris Saint-Germain FC,ligue_1,Newcastle United FC,epl,1,1
2023-11-28,2023-24,ucl,"Group, Matchday 5",False,SS Lazio,serie_a,Celtic FC,,2,0
2023-11-29,2023-24,ucl,"Group, Matchday 5",False,Arsenal FC,epl,Racing Club de Lens,ligue_1,6,0
2023-11-29,2023-24,ucl,"Group, Matchday 5",False,FC Bayern München,bundesliga,FC København,,0,0
2023-11-29,2023-24,ucl,"Group, Matchday 5",False,Galatasaray SK,,Manchester United FC,epl,3,3
2023-11-29,2023-24,ucl,"Group, Matchday 5",False,Real Madrid CF,la_liga,SSC Napoli,serie_a,4,2
2023-11-29,2023-24,ucl,"Group, Matchday 5",False,Real Sociedad de Fútbol,la_liga,FC Red Bull Salzburg,,0,0
2023-11-29,2023-24,ucl,"Group, Matchday 5",False,Sevilla FC,la_liga,PSV,,2,3
2023-11-29,2023-24,ucl,"Group, Matchday 5",False,Sport Lisboa e Benfica,,FC Internazionale Milano,serie_a,3,3
2023-11-29,2023-24,ucl,"Group, Matchday 5",False,Sporting Clube de Braga,,1. FC Union Berlin,bundesliga,1,1
2023-11-30,2023-24,uecl,Group F,False,ACF Fiorentina,serie_a,KRC Genk,,2,1
2023-11-30,2023-24,uecl,Group E,False,AZ Alkmaar,,Zrinjski Mostar,,1,0
2023-11-30,2023-24,uecl,Group E,False,Aston Villa FC,epl,Legia Warszawa,,2,1
2023-11-30,2023-24,uecl,Group D,False,Beşiktaş,,Club Brugge KV,,0,5
2023-11-30,2023-24,uecl,Group B,False,Breiðablik,,Maccabi Tel Aviv,,1,2
2023-11-30,2023-24,uecl,Gruppe G,False,Eintracht Frankfurt,bundesliga,PAOK Saloniki,,1,2
2023-11-30,2023-24,uecl,Gruppe H,False,FC Nordsjælland,,Fenerbahçe,,6,1
2023-11-30,2023-24,uecl,Group C,False,FK Astana,,Dinamo Zagreb,,0,2
2023-11-30,2023-24,uecl,Group D,False,FK Bodø/Glimt,,FC Lugano,,5,2
2023-11-30,2023-24,uecl,Group F,False,FK Čukarički,,Ferencvárosi TC,,1,2
2023-11-30,2023-24,uecl,Gruppe G,False,HJK Helsinki,,Aberdeen FC,,2,2
2023-11-30,2023-24,uecl,Group B,False,KAA Gent,,Zorya Lugansk,,4,1
2023-11-30,2023-24,uecl,Group C,False,KF Ballkani,,Viktoria Plzeň,,0,1
2023-11-30,2023-24,uecl,Group A,False,KÍ Klaksvík,,Slovan Bratislava,,1,2
2023-11-30,2023-24,uecl,Group A,False,Olimpija Ljubljana,,Lille OSC,ligue_1,0,2
2023-11-30,2023-24,uecl,Gruppe H,False,Spartak Trnava,,PFC Ludogorets Razgrad,,1,2
2023-11-30,2023-24,uel,Group C,False,AC Sparta Praha,,Real Betis Balompié,la_liga,1,0
2023-11-30,2023-24,uel,Group B,False,AEK Athen,,Brighton & Hove Albion FC,epl,0,1
2023-11-30,2023-24,uel,Group D,False,Atalanta BC,serie_a,Sporting CP,,1,1
2023-11-30,2023-24,uel,Gruppe H,False,BK Häcken,,Bayer 04 Leverkusen,bundesliga,0,2
2023-11-30,2023-24,uel,Gruppe G,False,FC Sheriff,,Slavia Praha,,2,3
2023-11-30,2023-24,uel,Group E,False,Liverpool FC,epl,LASK,,4,0
2023-11-30,2023-24,uel,Group F,False,Maccabi Haifa,,Stade Rennais FC 1901,ligue_1,0,3
2023-11-30,2023-24,uel,Gruppe H,False,Molde FK,,Qarabağ FK,,2,2
2023-11-30,2023-24,uel,Group B,False,Olympique de Marseille,ligue_1,AFC Ajax,,4,3
2023-11-30,2023-24,uel,Group C,False,Rangers FC,,Aris Limassol,,1,1
2023-11-30,2023-24,uel,Group A,False,SC Freiburg,bundesliga,Olympiakos Piraeus,,5,0
2023-11-30,2023-24,uel,Gruppe G,False,Servette FC,,AS Roma,serie_a,1,1
2023-11-30,2023-24,uel,Group D,False,Sturm Graz,,Raków Częstochowa,,0,1
2023-11-30,2023-24,uel,Group A,False,TSC Bačka Topola,,West Ham United FC,epl,0,1
2023-11-30,2023-24,uel,Group E,False,Toulouse FC,ligue_1,Union Saint-Gilloise,,0,0
2023-11-30,2023-24,uel,Group F,False,Villarreal CF,la_liga,Panathinaikos,,3,2
2023-12-06,2023-24,uel,Group F,False,Villarreal CF,la_liga,Maccabi Haifa,,0,0
2023-12-12,2023-24,ucl,"Group, Matchday 6",False,1. FC Union Berlin,bundesliga,Real Madrid CF,la_liga,2,3
2023-12-12,2023-24,ucl,"Group, Matchday 6",False,FC Internazionale Milano,serie_a,Real Sociedad de Fútbol,la_liga,0,0
2023-12-12,2023-24,ucl,"Group, Matchday 6",False,FC København,,Galatasaray SK,,1,0
2023-12-12,2023-24,ucl,"Group, Matchday 6",False,FC Red Bull Salzburg,,Sport Lisboa e Benfica,,1,3
2023-12-12,2023-24,ucl,"Group, Matchday 6",False,Manchester United FC,epl,FC Bayern München,bundesliga,0,1
2023-12-12,2023-24,ucl,"Group, Matchday 6",False,PSV,,Arsenal FC,epl,1,1
2023-12-12,2023-24,ucl,"Group, Matchday 6",False,Racing Club de Lens,ligue_1,Sevilla FC,la_liga,2,1
2023-12-12,2023-24,ucl,"Group, Matchday 6",False,SSC Napoli,serie_a,Sporting Clube de Braga,,2,0
2023-12-13,2023-24,ucl,"Group, Matchday 6",False,Borussia Dortmund,bundesliga,Paris Saint-Germain FC,ligue_1,1,1
2023-12-13,2023-24,ucl,"Group, Matchday 6",False,Celtic FC,,Feyenoord Rotterdam,,2,1
2023-12-13,2023-24,ucl,"Group, Matchday 6",False,Club Atlético de Madrid,la_liga,SS Lazio,serie_a,2,0
2023-12-13,2023-24,ucl,"Group, Matchday 6",False,FC Porto,,FK Shakhtar Donetsk,,5,3
2023-12-13,2023-24,ucl,"Group, Matchday 6",False,FK Crvena Zvezda,,Manchester City FC,epl,2,3
2023-12-13,2023-24,ucl,"Group, Matchday 6",False,Newcastle United FC,epl,AC Milan,serie_a,1,2
2023-12-13,2023-24,ucl,"Group, Matchday 6",False,RB Leipzig,bundesliga,BSC Young Boys,,2,1
2023-12-13,2023-24,ucl,"Group, Matchday 6",False,Royal Antwerp FC,,FC Barcelona,la_liga,3,2
2023-12-14,2023-24,uecl,Gruppe G,False,Aberdeen FC,,Eintracht Frankfurt,bundesliga,2,0
2023-12-14,2023-24,uecl,Group D,False,Club Brugge KV,,FK Bodø/Glimt,,3,1
2023-12-14,2023-24,uecl,Group C,False,Dinamo Zagreb,,KF Ballkani,,3,0
2023-12-14,2023-24,uecl,Group D,False,FC Lugano,,Beşiktaş,,0,2
2023-12-14,2023-24,uecl,Gruppe H,False,Fenerbahçe,,Spartak Trnava,,4,0
2023-12-14,2023-24,uecl,Group F,False,Ferencvárosi TC,,ACF Fiorentina,serie_a,1,1
2023-12-14,2023-24,uecl,Group F,False,KRC Genk,,FK Čukarički,,2,0
2023-12-14,2023-24,uecl,Group E,False,Legia Warszawa,,AZ Alkmaar,,2,0
2023-12-14,2023-24,uecl,Group A,False,Lille OSC,ligue_1,KÍ Klaksvík,,3,0
2023-12-14,2023-24,uecl,Group B,False,Maccabi Tel Aviv,,KAA Gent,,3,1
2023-12-14,2023-24,uecl,Gruppe G,False,PAOK Saloniki,,HJK Helsinki,,4,2
2023-12-14,2023-24,uecl,Gruppe H,False,PFC Ludogorets Razgrad,,FC Nordsjælland,,1,0
2023-12-14,2023-24,uecl,Group A,False,Slovan Bratislava,,Olimpija Ljubljana,,1,2
2023-12-14,2023-24,uecl,Group C,False,Viktoria Plzeň,,FK Astana,,3,0
2023-12-14,2023-24,uecl,Group B,False,Zorya Lugansk,,Breiðablik,,4,0
2023-12-14,2023-24,uecl,Group E,False,Zrinjski Mostar,,Aston Villa FC,epl,1,1
2023-12-14,2023-24,uel,Group B,False,AFC Ajax,,AEK Athen,,3,1
2023-12-14,2023-24,uel,Gruppe G,False,AS Roma,serie_a,FC Sheriff,,3,0
2023-12-14,2023-24,uel,Group C,False,Aris Limassol,,AC Sparta Praha,,1,3
2023-12-14,2023-24,uel,Gruppe H,False,Bayer 04 Leverkusen,bundesliga,Molde FK,,5,1
2023-12-14,2023-24,uel,Group B,False,Brighton & Hove Albion FC,epl,Olympique de Marseille,ligue_1,1,0
2023-12-14,2023-24,uel,Group E,False,LASK,,Toulouse FC,ligue_1,1,2
2023-12-14,2023-24,uel,Group A,False,Olympiakos Piraeus,,TSC Bačka Topola,,5,2
2023-12-14,2023-24,uel,Group F,False,Panathinaikos,,Maccabi Haifa,,1,2
2023-12-14,2023-24,uel,Gruppe H,False,Qarabağ FK,,BK Häcken,,2,1
2023-12-14,2023-24,uel,Group D,False,Raków Częstochowa,,Atalanta BC,serie_a,0,4
2023-12-14,2023-24,uel,Group C,False,Real Betis Balompié,la_liga,Rangers FC,,2,3
2023-12-14,2023-24,uel,Gruppe G,False,Slavia Praha,,Servette FC,,4,0
2023-12-14,2023-24,uel,Group D,False,Sporting CP,,Sturm Graz,,3,0
2023-12-14,2023-24,uel,Group F,False,Stade Rennais FC 1901,ligue_1,Villarreal CF,la_liga,2,3
2023-12-14,2023-24,uel,Group E,False,Union Saint-Gilloise,,Liverpool FC,epl,2,1
2023-12-14,2023-24,uel,Group A,False,West Ham United FC,epl,SC Freiburg,bundesliga,2,0
2024-02-13,2023-24,ucl,"Finals, Round of 16",False,FC København,,Manchester City FC,epl,1,3
2024-02-13,2023-24,ucl,"Finals, Round of 16",False,RB Leipzig,bundesliga,Real Madrid CF,la_liga,0,1
2024-02-14,2023-24,ucl,"Finals, Round of 16",False,Paris Saint-Germain FC,ligue_1,Real Sociedad de Fútbol,la_liga,2,0
2024-02-14,2023-24,ucl,"Finals, Round of 16",False,SS Lazio,serie_a,FC Bayern München,bundesliga,1,0
2024-02-15,2023-24,uecl,Playoffs,False,AFC Ajax,,FK Bodø/Glimt,,2,2
2024-02-15,2023-24,uecl,Playoffs,False,Maccabi Haifa,,KAA Gent,,1,0
2024-02-15,2023-24,uecl,Playoffs,False,Molde FK,,Legia Warszawa,,3,2
2024-02-15,2023-24,uecl,Playoffs,False,Olympiakos Piraeus,,Ferencvárosi TC,,1,0
2024-02-15,2023-24,uecl,Playoffs,False,Real Betis Balompié,la_liga,Dinamo Zagreb,,0,1
2024-02-15,2023-24,uecl,Playoffs,False,Servette FC,,PFC Ludogorets Razgrad,,0,0
2024-02-15,2023-24,uecl,Playoffs,False,Sturm Graz,,Slovan Bratislava,,4,1
2024-02-15,2023-24,uecl,Playoffs,False,Union Saint-Gilloise,,Eintracht Frankfurt,bundesliga,2,2
2024-02-15,2023-24,uel,Playoffs,False,AC Milan,serie_a,Stade Rennais FC 1901,ligue_1,3,0
2024-02-15,2023-24,uel,Playoffs,False,BSC Young Boys,,Sporting CP,,1,3
2024-02-15,2023-24,uel,Playoffs,False,Feyenoord,,AS Roma,serie_a,1,1
2024-02-15,2023-24,uel,Playoffs,False,Galatasaray,,AC Sparta Praha,,3,2
2024-02-15,2023-24,uel,Playoffs,False,Racing Club de Lens,ligue_1,SC Freiburg,bundesliga,0,0
2024-02-15,2023-24,uel,Playoffs,False,SL Benfica,,Toulouse FC,ligue_1,2,1
2024-02-15,2023-24,uel,Playoffs,False,Shakhtar Donetsk,,Olympique de Marseille,ligue_1,2,2
2024-02-15,2023-24,uel,Playoffs,False,Sporting Braga,,Qarabağ FK,,2,4
2024-02-20,2023-24,ucl,"Finals, Round of 16",False,FC Internazionale Milano,serie_a,Club Atlético de Madrid,la_liga,1,0
2024-02-20,2023-24,ucl,"Finals, Round of 16",False,PSV,,Borussia Dortmund,bundesliga,1,1
2024-02-21,2023-24,ucl,"Finals, Round of 16",False,FC Porto,,Arsenal FC,epl,1,0
2024-02-21,2023-24,ucl,"Finals, Round of 16",False,SSC Napoli,serie_a,FC Barcelona,la_liga,1,1
2024-02-21,2023-24,uecl,Playoffs,False,KAA Gent,,Maccabi Haifa,,1,1
2024-02-22,2023-24,uecl,Playoffs,False,Dinamo Zagreb,,Real Betis Balompié,la_liga,1,1
2024-02-22,2023-24,uecl,Playoffs,False,Eintracht Frankfurt,bundesliga,Union Saint-Gilloise,,1,2
2024-02-22,2023-24,uecl,Playoffs,False,FK Bodø/Glimt,,AFC Ajax,,1,2
2024-02-22,2023-24,uecl,Playoffs,False,Ferencvárosi TC,,Olympiakos Piraeus,,0,1
2024-02-22,2023-24,uecl,Playoffs,False,Legia Warszawa,,Molde FK,,0,3
2024-02-22,2023-24,uecl,Playoffs,False,PFC Ludogorets Razgrad,,Servette FC,,0,1
2024-02-22,2023-24,uecl,Playoffs,False,Slovan Bratislava,,Sturm Graz,,0,1
2024-02-22,2023-24,uel,Playoffs,False,AC Sparta Praha,,Galatasaray,,4,1
2024-02-22,2023-24,uel,Playoffs,False,AS Roma,serie_a,Feyenoord,,1,1
2024-02-22,2023-24,uel,Playoffs,False,Olympique de Marseille,ligue_1,Shakhtar Donetsk,,3,1
2024-02-22,2023-24,uel,Playoffs,False,Qarabağ FK,,Sporting Braga,,2,3
2024-02-22,2023-24,uel,Playoffs,False,SC Freiburg,bundesliga,Racing Club de Lens,ligue_1,3,2
2024-02-22,2023-24,uel,Playoffs,False,Sporting CP,,BSC Young Boys,,1,1
2024-02-22,2023-24,uel,Playoffs,False,Stade Rennais FC 1901,ligue_1,AC Milan,serie_a,3,2
2024-02-22,2023-24,uel,Playoffs,False,Toulouse FC,ligue_1,SL Benfica,,0,0
2024-03-05,2023-24,ucl,"Finals, Round of 16",False,FC Bayern München,bundesliga,SS Lazio,serie_a,3,0
2024-03-05,2023-24,ucl,"Finals, Round of 16",False,Real Sociedad de Fútbol,la_liga,Paris Saint-Germain FC,ligue_1,1,2
2024-03-06,2023-24,ucl,"Finals, Round of 16",False,Manchester City FC,epl,FC København,,3,1
2024-03-06,2023-24,ucl,"Finals, Round of 16",False,Real Madrid CF,la_liga,RB Leipzig,bundesliga,1,1
2024-03-06,2023-24,uel,Round of 16,False,Sporting CP,,Atalanta BC,serie_a,1,1
2024-03-07,2023-24,uecl,Round of 16,False,AFC Ajax,,Aston Villa FC,epl,0,0
2024-03-07,2023-24,uecl,Round of 16,False,Dinamo Zagreb,,PAOK Saloniki,,2,0
2024-03-07,2023-24,uecl,Round of 16,False,Maccabi Haifa,,ACF Fiorentina,serie_a,3,4
2024-03-07,2023-24,uecl,Round of 16,False,Molde FK,,Club Brugge KV,,2,1
2024-03-07,2023-24,uecl,Round of 16,False,Olympiakos Piraeus,,Maccabi Tel Aviv,,1,4
2024-03-07,2023-24,uecl,Round of 16,False,Servette FC,,Viktoria Plzeň,,0,0
2024-03-07,2023-24,uecl,Round of 16,False,Sturm Graz,,Lille OSC,ligue_1,0,3
2024-03-07,2023-24,uecl,Round of 16,False,Union Saint-Gilloise,,Fenerbahçe,,0,3
2024-03-07,2023-24,uel,Round of 16,False,AC Milan,serie_a,Slavia Praha,,4,2
2024-03-07,2023-24,uel,Round of 16,False,AC Sparta Praha,,Liverpool FC,epl,1,5
2024-03-07,2023-24,uel,Round of 16,False,AS Roma,serie_a,Brighton & Hove Albion FC,epl,4,0
2024-03-07,2023-24,uel,Round of 16,False,Olympique de Marseille,ligue_1,Villarreal CF,la_liga,4,0
2024-03-07,2023-24,uel,Round of 16,False,Qarabağ FK,,Bayer 04 Leverkusen,bundesliga,2,2
2024-03-07,2023-24,uel,Round of 16,False,SC Freiburg,bundesliga,West Ham United FC,epl,1,0
2024-03-07,2023-24,uel,Round of 16,False,SL Benfica,,Rangers FC,,2,2
2024-03-12,2023-24,ucl,"Finals, Round of 16",False,Arsenal FC,epl,FC Porto,,1,0
2024-03-12,2023-24,ucl,"Finals, Round of 16",False,FC Barcelona,la_liga,SSC Napoli,serie_a,3,1
2024-03-13,2023-24,ucl,"Finals, Round of 16",False,Borussia Dortmund,bundesliga,PSV,,2,0
2024-03-13,2023-24,ucl,"Finals, Round of 16",False,Club Atlético de Madrid,la_liga,FC Internazionale Milano,serie_a,2,1
2024-03-14,2023-24,uecl,Round of 16,False,ACF Fiorentina,serie_a,Maccabi Haifa,,1,1
2024-03-14,2023-24,uecl,Round of 16,False,Aston Villa FC,epl,AFC Ajax,,4,0
2024-03-14,2023-24,uecl,Round of 16,False,Club Brugge KV,,Molde FK,,3,0
2024-03-14,2023-24,uecl,Round of 16,False,Fenerbahçe,,Union Saint-Gilloise,,0,1
2024-03-14,2023-24,uecl,Round of 16,False,Lille OSC,ligue_1,Sturm Graz,,1,1
2024-03-14,2023-24,uecl,Round of 16,False,Maccabi Tel Aviv,,Olympiakos Piraeus,,1,6
2024-03-14,2023-24,uecl,Round of 16,False,PAOK Saloniki,,Dinamo Zagreb,,5,1
2024-03-14,2023-24,uecl,Round of 16,False,Viktoria Plzeň,,Servette FC,,0,0
2024-03-14,2023-24,uel,Round of 16,False,Atalanta BC,serie_a,Sporting CP,,2,1
2024-03-14,2023-24,uel,Round of 16,False,Bayer 04 Leverkusen,bundesliga,Qarabağ FK,,3,2
2024-03-14,2023-24,uel,Round of 16,False,Brighton & Hove Albion FC,epl,AS Roma,serie_a,1,0
2024-03-14,2023-24,uel,Round of 16,False,Liverpool FC,epl,AC Sparta Praha,,6,1
2024-03-14,2023-24,uel,Round of 16,False,Rangers FC,,SL Benfica,,0,1
2024-03-14,2023-24,uel,Round of 16,False,Slavia Praha,,AC Milan,serie_a,1,3
2024-03-14,2023-24,uel,Round of 16,False,Villarreal CF,la_liga,Olympique de Marseille,ligue_1,3,1
2024-03-14,2023-24,uel,Round of 16,False,West Ham United FC,epl,SC Freiburg,bundesliga,5,0
2024-04-09,2023-24,ucl,"Finals, Quarterfinals",False,Arsenal FC,epl,FC Bayern München,bundesliga,2,2
2024-04-09,2023-24,ucl,"Finals, Quarterfinals",False,Real Madrid CF,la_liga,Manchester City FC,epl,3,3
2024-04-10,2023-24,ucl,"Finals, Quarterfinals",False,Club Atlético de Madrid,la_liga,Borussia Dortmund,bundesliga,2,1
2024-04-10,2023-24,ucl,"Finals, Quarterfinals",False,Paris Saint-Germain FC,ligue_1,FC Barcelona,la_liga,2,3
2024-04-11,2023-24,uecl,Quarterfinals,False,Aston Villa FC,epl,Lille OSC,ligue_1,2,1
2024-04-11,2023-24,uecl,Quarterfinals,False,Club Brugge KV,,PAOK Saloniki,,1,0
2024-04-11,2023-24,uecl,Quarterfinals,False,Olympiakos Piraeus,,Fenerbahçe,,3,2
2024-04-11,2023-24,uecl,Quarterfinals,False,Viktoria Plzeň,,ACF Fiorentina,serie_a,0,0
2024-04-11,2023-24,uel,Quarterfinals,False,AC Milan,serie_a,AS Roma,serie_a,0,1
2024-04-11,2023-24,uel,Quarterfinals,False,Bayer 04 Leverkusen,bundesliga,West Ham United FC,epl,2,0
2024-04-11,2023-24,uel,Quarterfinals,False,Liverpool FC,epl,Atalanta BC,serie_a,0,3
2024-04-11,2023-24,uel,Quarterfinals,False,SL Benfica,,Olympique de Marseille,ligue_1,2,1
2024-04-16,2023-24,ucl,"Finals, Quarterfinals",False,Borussia Dortmund,bundesliga,Club Atlético de Madrid,la_liga,4,2
2024-04-16,2023-24,ucl,"Finals, Quarterfinals",False,FC Barcelona,la_liga,Paris Saint-Germain FC,ligue_1,1,4
2024-04-17,2023-24,ucl,"Finals, Quarterfinals",False,FC Bayern München,bundesliga,Arsenal FC,epl,1,0
2024-04-17,2023-24,ucl,"Finals, Quarterfinals",False,Manchester City FC,epl,Real Madrid CF,la_liga,1,1
2024-04-18,2023-24,uecl,Quarterfinals,False,ACF Fiorentina,serie_a,Viktoria Plzeň,,2,0
2024-04-18,2023-24,uecl,Quarterfinals,False,Fenerbahçe,,Olympiakos Piraeus,,1,0
2024-04-18,2023-24,uecl,Quarterfinals,False,Lille OSC,ligue_1,Aston Villa FC,epl,2,1
2024-04-18,2023-24,uecl,Quarterfinals,False,PAOK Saloniki,,Club Brugge KV,,0,2
2024-04-18,2023-24,uel,Quarterfinals,False,AS Roma,serie_a,AC Milan,serie_a,2,1
2024-04-18,2023-24,uel,Quarterfinals,False,Atalanta BC,serie_a,Liverpool FC,epl,0,1
2024-04-18,2023-24,uel,Quarterfinals,False,Olympique de Marseille,ligue_1,SL Benfica,,1,0
2024-04-18,2023-24,uel,Quarterfinals,False,West Ham United FC,epl,Bayer 04 Leverkusen,bundesliga,1,1
2024-04-30,2023-24,ucl,"Finals, Semifinals",False,FC Bayern München,bundesliga,Real Madrid CF,la_liga,2,2
2024-05-01,2023-24,ucl,"Finals, Semifinals",False,Borussia Dortmund,bundesliga,Paris Saint-Germain FC,ligue_1,1,0
2024-05-02,2023-24,uecl,Semifinals,False,ACF Fiorentina,serie_a,Club Brugge KV,,3,2
2024-05-02,2023-24,uecl,Semifinals,False,Aston Villa FC,epl,Olympiakos Piraeus,,2,4
2024-05-02,2023-24,uel,Semifinals,False,AS Roma,serie_a,Bayer 04 Leverkusen,bundesliga,0,2
2024-05-02,2023-24,uel,Semifinals,False,Olympique de Marseille,ligue_1,Atalanta BC,serie_a,1,1
2024-05-07,2023-24,ucl,"Finals, Semifinals",False,Paris Saint-Germain FC,ligue_1,Borussia Dortmund,bundesliga,0,1
2024-05-08,2023-24,ucl,"Finals, Semifinals",False,Real Madrid CF,la_liga,FC Bayern München,bundesliga,2,1
2024-05-08,2023-24,uecl,Semifinals,False,Club Brugge KV,,ACF Fiorentina,serie_a,1,1
2024-05-09,2023-24,uecl,Semifinals,False,Olympiakos Piraeus,,Aston Villa FC,epl,2,0
2024-05-09,2023-24,uel,Semifinals,False,Atalanta BC,serie_a,Olympique de Marseille,ligue_1,3,0
2024-05-09,2023-24,uel,Semifinals,False,Bayer 04 Leverkusen,bundesliga,AS Roma,serie_a,2,2
2024-05-22,2023-24,uel,Final,True,Atalanta BC,serie_a,Bayer 04 Leverkusen,bundesliga,3,0
2024-05-29,2023-24,uecl,Final,True,Olympiakos Piraeus,,ACF Fiorentina,serie_a,1,0
2024-06-01,2023-24,ucl,"Finals, Final",True,Borussia Dortmund,bundesliga,Real Madrid CF,la_liga,0,2
2024-09-17,2024-25,ucl,"League, Matchday 1",False,AC Milan,serie_a,Liverpool FC,epl,1,3
2024-09-17,2024-25,ucl,"League, Matchday 1",False,BSC Young Boys,,Aston Villa FC,epl,0,3
2024-09-17,2024-25,ucl,"League, Matchday 1",False,FC Bayern München,bundesliga,GNK Dinamo Zagreb,,9,2
2024-09-17,2024-25,ucl,"League, Matchday 1",False,Juventus FC,serie_a,PSV,,3,1
2024-09-17,2024-25,ucl,"League, Matchday 1",False,Real Madrid CF,la_liga,VfB Stuttgart,bundesliga,3,1
2024-09-17,2024-25,ucl,"League, Matchday 1",False,Sporting Clube de Portugal,,Lille OSC,ligue_1,2,0
2024-09-18,2024-25,ucl,"League, Matchday 1",False,AC Sparta Praha,,FC Red Bull Salzburg,,3,0
2024-09-18,2024-25,ucl,"League, Matchday 1",False,Bologna FC 1909,serie_a,FK Shakhtar Donetsk,,0,0
2024-09-18,2024-25,ucl,"League, Matchday 1",False,Celtic FC,,ŠK Slovan Bratislava,,5,1
2024-09-18,2024-25,ucl,"League, Matchday 1",False,Club Brugge KV,,Borussia Dortmund,bundesliga,0,3
2024-09-18,2024-25,ucl,"League, Matchday 1",False,Manchester City FC,epl,FC Internazionale Milano,serie_a,0,0
2024-09-18,2024-25,ucl,"League, Matchday 1",False,Paris Saint-Germain FC,ligue_1,Girona FC,la_liga,1,0
2024-09-19,2024-25,ucl,"League, Matchday 1",False,AS Monaco FC,,FC Barcelona,la_liga,2,1
2024-09-19,2024-25,ucl,"League, Matchday 1",False,Atalanta BC,serie_a,Arsenal FC,epl,0,0
2024-09-19,2024-25,ucl,"League, Matchday 1",False,Club Atlético de Madrid,la_liga,RB Leipzig,bundesliga,2,1
2024-09-19,2024-25,ucl,"League, Matchday 1",False,FK Crvena Zvezda,,Sport Lisboa e Benfica,,1,2
2024-09-19,2024-25,ucl,"League, Matchday 1",False,Feyenoord Rotterdam,,Bayer 04 Leverkusen,bundesliga,0,4
2024-09-19,2024-25,ucl,"League, Matchday 1",False,Stade Brestois 29,ligue_1,SK Sturm Graz,,2,1
2024-09-25,2024-25,uel,League phase,False,AZ Alkmaar,,IF Elfsborg,,3,2
2024-09-25,2024-25,uel,League phase,False,Dinamo Kiev,,SS Lazio,serie_a,0,3
2024-09-25,2024-25,uel,League phase,False,FC Midtjylland,,TSG 1899 Hoffenheim,bundesliga,1,1
2024-09-25,2024-25,uel,League phase,False,FK Bodø/Glimt,,FC Porto,,3,2
2024-09-25,2024-25,uel,League phase,False,Galatasaray,,PAOK Saloniki,,3,1
2024-09-25,2024-25,uel,League phase,False,Manchester United FC,epl,FC Twente,,1,1
2024-09-25,2024-25,uel,League phase,False,OGC Nice,ligue_1,Real Sociedad de Fútbol,la_liga,1,1
2024-09-25,2024-25,uel,League phase,False,PFC Ludogorets Razgrad,,Slavia Praha,,0,2
2024-09-25,2024-25,uel,League phase,False,RSC Anderlecht,,Ferencvárosi TC,,2,1
2024-09-26,2024-25,uel,League phase,False,AFC Ajax,,Beşiktaş,,4,0
2024-09-26,2024-25,uel,League phase,False,AS Roma,serie_a,Athletic Club,la_liga,1,1
2024-09-26,2024-25,uel,League phase,False,Eintracht Frankfurt,bundesliga,Viktoria Plzeň,,3,3
2024-09-26,2024-25,uel,League phase,False,FCSB,,FK RFS,,4,1
2024-09-26,2024-25,uel,League phase,False,Fenerbahçe,,Union Saint-Gilloise,,2,1
2024-09-26,2024-25,uel,League phase,False,Malmö FF,,Rangers FC,,0,2
2024-09-26,2024-25,uel,League phase,False,Olympique Lyonnais,ligue_1,Olympiakos Piraeus,,2,0
2024-09-26,2024-25,uel,League phase,False,Sporting Braga,,Maccabi Tel Aviv,,2,1
2024-09-26,2024-25,uel,League phase,False,Tottenham Hotspur FC,epl,Qarabağ FK,,3,0
2024-10-01,2024-25,ucl,"League, Matchday 2",False,Arsenal FC,epl,Paris Saint-Germain FC,ligue_1,2,0
2024-10-01,2024-25,ucl,"League, Matchday 2",False,Bayer 04 Leverkusen,bundesliga,AC Milan,serie_a,1,0
2024-10-01,2024-25,ucl,"League, Matchday 2",False,Borussia Dortmund,bundesliga,Celtic FC,,7,1
2024-10-01,2024-25,ucl,"League, Matchday 2",False,FC Barcelona,la_liga,BSC Young Boys,,5,0
2024-10-01,2024-25,ucl,"League, Matchday 2",False,FC Internazionale Milano,serie_a,FK Crvena Zvezda,,4,0
2024-10-01,2024-25,ucl,"League, Matchday 2",False,FC Red Bull Salzburg,,Stade Brestois 29,ligue_1,0,4
2024-10-01,2024-25,ucl,"League, Matchday 2",False,PSV,,Sporting Clube de Portugal,,1,1
2024-10-01,2024-25,ucl,"League, Matchday 2",False,VfB Stuttgart,bundesliga,AC Sparta Praha,,1,1
2024-10-01,2024-25,ucl,"League, Matchday 2",False,ŠK Slovan Bratislava,,Manchester City FC,epl,0,4
2024-10-02,2024-25,ucl,"League, Matchday 2",False,Aston Villa FC,epl,FC Bayern München,bundesliga,1,0
2024-10-02,2024-25,ucl,"League, Matchday 2",False,FK Shakhtar Donetsk,,Atalanta BC,serie_a,0,3
2024-10-02,2024-25,ucl,"League, Matchday 2",False,GNK Dinamo Zagreb,,AS Monaco FC,,2,2
2024-10-02,2024-25,ucl,"League, Matchday 2",False,Girona FC,la_liga,Feyenoord Rotterdam,,2,3
2024-10-02,2024-25,ucl,"League, Matchday 2",False,Lille OSC,ligue_1,Real Madrid CF,la_liga,1,0
2024-10-02,2024-25,ucl,"League, Matchday 2",False,Liverpool FC,epl,Bologna FC 1909,serie_a,2,0
2024-10-02,2024-25,ucl,"League, Matchday 2",False,RB Leipzig,bundesliga,Juventus FC,serie_a,2,3
2024-10-02,2024-25,ucl,"League, Matchday 2",False,SK Sturm Graz,,Club Brugge KV,,0,1
2024-10-02,2024-25,ucl,"League, Matchday 2",False,Sport Lisboa e Benfica,,Club Atlético de Madrid,la_liga,4,0
2024-10-02,2024-25,uecl,League phase,False,Vitória Guimarães,,NK Celje,,3,1
2024-10-02,2024-25,uecl,League phase,False,İstanbul Başakşehir,,Rapid Wien,,1,2
2024-10-03,2024-25,uecl,League phase,False,1. FC Heidenheim 1846,bundesliga,Olimpija Ljubljana,,2,1
2024-10-03,2024-25,uecl,League phase,False,ACF Fiorentina,serie_a,The New Saints,,2,0
2024-10-03,2024-25,uecl,League phase,False,Borac Banja Luka,,Panathinaikos,,1,1
2024-10-03,2024-25,uecl,League phase,False,CS Petrocub,,Paphos FC,,1,4
2024-10-03,2024-25,uecl,League phase,False,Cercle Brugge,,FC St. Gallen,,6,2
2024-10-03,2024-25,uecl,League phase,False,Chelsea FC,epl,KAA Gent,,4,2
2024-10-03,2024-25,uecl,League phase,False,Dinamo Minsk,,Heart of Midlothian,,1,2
2024-10-03,2024-25,uecl,League phase,False,FC København,,Jagiellonia Białystok,,1,2
2024-10-03,2024-25,uecl,League phase,False,FC Lugano,,HJK Helsinki,,3,0
2024-10-03,2024-25,uecl,League phase,False,FC Noah,,FK Mladá Boleslav,,2,0
2024-10-03,2024-25,uecl,League phase,False,FK Astana,,TSC Bačka Topola,,1,0
2024-10-03,2024-25,uecl,League phase,False,LASK,,Djurgårdens IF,,2,2
2024-10-03,2024-25,uecl,League phase,False,Legia Warszawa,,Real Betis Balompié,la_liga,1,0
2024-10-03,2024-25,uecl,League phase,False,Molde FK,,Larne FC,,3,0
2024-10-03,2024-25,uecl,League phase,False,Omonia Nikosia,,Víkingur Reykjavík,,4,0
2024-10-03,2024-25,uecl,League phase,False,Shamrock Rovers,,APOEL Nikosia,,1,1
2024-10-03,2024-25,uel,League phase,False,Athletic Club,la_liga,AZ Alkmaar,,2,0
2024-10-03,2024-25,uel,League phase,False,Beşiktaş,,Eintracht Frankfurt,bundesliga,1,3
2024-10-03,2024-25,uel,League phase,False,FC Porto,,Manchester United FC,epl,3,3
2024-10-03,2024-25,uel,League phase,False,FC Twente,,Fenerbahçe,,1,1
2024-10-03,2024-25,uel,League phase,False,FK RFS,,Galatasaray,,2,2
2024-10-03,2024-25,uel,League phase,False,Ferencvárosi TC,,Tottenham Hotspur FC,epl,1,2
2024-10-03,2024-25,uel,League phase,False,IF Elfsborg,,AS Roma,serie_a,1,0
2024-10-03,2024-25,uel,League phase,False,Maccabi Tel Aviv,,FC Midtjylland,,0,2
2024-10-03,2024-25,uel,League phase,False,Olympiakos Piraeus,,Sporting Braga,,3,0
2024-10-03,2024-25,uel,League phase,False,PAOK Saloniki,,FCSB,,0,1
2024-10-03,2024-25,uel,League phase,False,Qarabağ FK,,Malmö FF,,1,2
2024-10-03,2024-25,uel,League phase,False,Rangers FC,,Olympique Lyonnais,ligue_1,1,4
2024-10-03,2024-25,uel,League phase,False,Real Sociedad de Fútbol,la_liga,RSC Anderlecht,,1,2
2024-10-03,2024-25,uel,League phase,False,SS Lazio,serie_a,OGC Nice,ligue_1,4,1
2024-10-03,2024-25,uel,League phase,False,Slavia Praha,,AFC Ajax,,1,1
2024-10-03,2024-25,uel,League phase,False,TSG 1899 Hoffenheim,bundesliga,Dinamo Kiev,,2,0
2024-10-03,2024-25,uel,League phase,False,Union Saint-Gilloise,,FK Bodø/Glimt,,0,0
2024-10-03,2024-25,uel,League phase,False,Viktoria Plzeň,,PFC Ludogorets Razgrad,,0,0
2024-10-22,2024-25,ucl,"League, Matchday 3",False,AC Milan,serie_a,Club Brugge KV,,3,1
2024-10-22,2024-25,ucl,"League, Matchday 3",False,AS Monaco FC,,FK Crvena Zvezda,,5,1
2024-10-22,2024-25,ucl,"League, Matchday 3",False,Arsenal FC,epl,FK Shakhtar Donetsk,,1,0
2024-10-22,2024-25,ucl,"League, Matchday 3",False,Aston Villa FC,epl,Bologna FC 1909,serie_a,2,0
2024-10-22,2024-25,ucl,"League, Matchday 3",False,Girona FC,la_liga,ŠK Slovan Bratislava,,2,0
2024-10-22,2024-25,ucl,"League, Matchday 3",False,Juventus FC,serie_a,VfB Stuttgart,bundesliga,0,1
2024-10-22,2024-25,ucl,"League, Matchday 3",False,Paris Saint-Germain FC,ligue_1,PSV,,1,1
2024-10-22,2024-25,ucl,"League, Matchday 3",False,Real Madrid CF,la_liga,Borussia Dortmund,bundesliga,5,2
2024-10-22,2024-25,ucl,"League, Matchday 3",False,SK Sturm Graz,,Sporting Clube de Portugal,,0,2
2024-10-23,2024-25,ucl,"League, Matchday 3",False,Atalanta BC,serie_a,Celtic FC,,0,0
2024-10-23,2024-25,ucl,"League, Matchday 3",False,BSC Young Boys,,FC Internazionale Milano,serie_a,0,1
2024-10-23,2024-25,ucl,"League, Matchday 3",False,Club Atlético de Madrid,la_liga,Lille OSC,ligue_1,1,3
2024-10-23,2024-25,ucl,"League, Matchday 3",False,FC Barcelona,la_liga,FC Bayern München,bundesliga,4,1
2024-10-23,2024-25,ucl,"League, Matchday 3",False,FC Red Bull Salzburg,,GNK Dinamo Zagreb,,0,2
2024-10-23,2024-25,ucl,"League, Matchday 3",False,Manchester City FC,epl,AC Sparta Praha,,5,0
2024-10-23,2024-25,ucl,"League, Matchday 3",False,RB Leipzig,bundesliga,Liverpool FC,epl,0,1
2024-10-23,2024-25,ucl,"League, Matchday 3",False,Sport Lisboa e Benfica,,Feyenoord Rotterdam,,1,3
2024-10-23,2024-25,ucl,"League, Matchday 3",False,Stade Brestois 29,ligue_1,Bayer 04 Leverkusen,bundesliga,1,1
2024-10-23,2024-25,uel,League phase,False,Galatasaray,,IF Elfsborg,,4,3
2024-10-23,2024-25,uel,League phase,False,Sporting Braga,,FK Bodø/Glimt,,1,2
2024-10-24,2024-25,uecl,League phase,False,APOEL Nikosia,,Borac Banja Luka,,0,1
2024-10-24,2024-25,uecl,League phase,False,Djurgårdens IF,,Vitória Guimarães,,1,2
2024-10-24,2024-25,uecl,League phase,False,FC St. Gallen,,ACF Fiorentina,serie_a,2,4
2024-10-24,2024-25,uecl,League phase,False,FK Mladá Boleslav,,FC Lugano,,0,1
2024-10-24,2024-25,uecl,League phase,False,HJK Helsinki,,Dinamo Minsk,,1,0
2024-10-24,2024-25,uecl,League phase,False,Heart of Midlothian,,Omonia Nikosia,,2,0
2024-10-24,2024-25,uecl,League phase,False,Jagiellonia Białystok,,CS Petrocub,,2,0
2024-10-24,2024-25,uecl,League phase,False,KAA Gent,,Molde FK,,2,1
2024-10-24,2024-25,uecl,League phase,False,Larne FC,,Shamrock Rovers,,1,4
2024-10-24,2024-25,uecl,League phase,False,NK Celje,,İstanbul Başakşehir,,5,1
2024-10-24,2024-25,uecl,League phase,False,Olimpija Ljubljana,,LASK,,2,0
2024-10-24,2024-25,uecl,League phase,False,Panathinaikos,,Chelsea FC,epl,1,4
2024-10-24,2024-25,uecl,League phase,False,Paphos FC,,1. FC Heidenheim 1846,bundesliga,0,1
2024-10-24,2024-25,uecl,League phase,False,Rapid Wien,,FC Noah,,1,0
2024-10-24,2024-25,uecl,League phase,False,Real Betis Balompié,la_liga,FC København,,1,1
2024-10-24,2024-25,uecl,League phase,False,TSC Bačka Topola,,Legia Warszawa,,0,3
2024-10-24,2024-25,uecl,League phase,False,The New Saints,,FK Astana,,2,0
2024-10-24,2024-25,uecl,League phase,False,Víkingur Reykjavík,,Cercle Brugge,,3,1
2024-10-24,2024-25,uel,League phase,False,AS Roma,serie_a,Dinamo Kiev,,1,0
2024-10-24,2024-25,uel,League phase,False,Athletic Club,la_liga,Slavia Praha,,1,0
2024-10-24,2024-25,uel,League phase,False,Eintracht Frankfurt,bundesliga,FK RFS,,1,0
2024-10-24,2024-25,uel,League phase,False,FC Midtjylland,,Union Saint-Gilloise,,1,0
2024-10-24,2024-25,uel,League phase,False,FC Porto,,TSG 1899 Hoffenheim,bundesliga,2,0
2024-10-24,2024-25,uel,League phase,False,FC Twente,,SS Lazio,serie_a,0,2
2024-10-24,2024-25,uel,League phase,False,Fenerbahçe,,Manchester United FC,epl,1,1
2024-10-24,2024-25,uel,League phase,False,Ferencvárosi TC,,OGC Nice,ligue_1,1,0
2024-10-24,2024-25,uel,League phase,False,Maccabi Tel Aviv,,Real Sociedad de Fútbol,la_liga,1,2
2024-10-24,2024-25,uel,League phase,False,Malmö FF,,Olympiakos Piraeus,,0,1
2024-10-24,2024-25,uel,League phase,False,Olympique Lyonnais,ligue_1,Beşiktaş,,0,1
2024-10-24,2024-25,uel,League phase,False,PAOK Saloniki,,Viktoria Plzeň,,2,2
2024-10-24,2024-25,uel,League phase,False,Qarabağ FK,,AFC Ajax,,0,3
2024-10-24,2024-25,uel,League phase,False,RSC Anderlecht,,PFC Ludogorets Razgrad,,2,0
2024-10-24,2024-25,uel,League phase,False,Rangers FC,,FCSB,,4,0
2024-10-24,2024-25,uel,League phase,False,Tottenham Hotspur FC,epl,AZ Alkmaar,,1,0
2024-11-05,2024-25,ucl,"League, Matchday 4",False,Bologna FC 1909,serie_a,AS Monaco FC,,0,1
2024-11-05,2024-25,ucl,"League, Matchday 4",False,Borussia Dortmund,bundesliga,SK Sturm Graz,,1,0
2024-11-05,2024-25,ucl,"League, Matchday 4",False,Celtic FC,,RB Leipzig,bundesliga,3,1
2024-11-05,2024-25,ucl,"League, Matchday 4",False,Lille OSC,ligue_1,Juventus FC,serie_a,1,1
2024-11-05,2024-25,ucl,"League, Matchday 4",False,Liverpool FC,epl,Bayer 04 Leverkusen,bundesliga,4,0
2024-11-05,2024-25,ucl,"League, Matchday 4",False,PSV,,Girona FC,la_liga,4,0
2024-11-05,2024-25,ucl,"League, Matchday 4",False,Real Madrid CF,la_liga,AC Milan,serie_a,1,3
2024-11-05,2024-25,ucl,"League, Matchday 4",False,Sporting Clube de Portugal,,Manchester City FC,epl,4,1
2024-11-05,2024-25,ucl,"League, Matchday 4",False,ŠK Slovan Bratislava,,GNK Dinamo Zagreb,,1,4
2024-11-06,2024-25,ucl,"League, Matchday 4",False,AC Sparta Praha,,Stade Brestois 29,ligue_1,1,2
2024-11-06,2024-25,ucl,"League, Matchday 4",False,Club Brugge KV,,Aston Villa FC,epl,1,0
2024-11-06,2024-25,ucl,"League, Matchday 4",False,FC Bayern München,bundesliga,Sport Lisboa e Benfica,,1,0
2024-11-06,2024-25,ucl,"League, Matchday 4",False,FC Internazionale Milano,serie_a,Arsenal FC,epl,1,0
2024-11-06,2024-25,ucl,"League, Matchday 4",False,FK Crvena Zvezda,,FC Barcelona,la_liga,2,5
2024-11-06,2024-25,ucl,"League, Matchday 4",False,FK Shakhtar Donetsk,,BSC Young Boys,,2,1
2024-11-06,2024-25,ucl,"League, Matchday 4",False,Feyenoord Rotterdam,,FC Red Bull Salzburg,,1,3
2024-11-06,2024-25,ucl,"League, Matchday 4",False,Paris Saint-Germain FC,ligue_1,Club Atlético de Madrid,la_liga,1,2
2024-11-06,2024-25,ucl,"League, Matchday 4",False,VfB Stuttgart,bundesliga,Atalanta BC,serie_a,0,2
2024-11-06,2024-25,uel,League phase,False,Beşiktaş,,Malmö FF,,2,1
2024-11-07,2024-25,uecl,League phase,False,APOEL Nikosia,,ACF Fiorentina,serie_a,2,1
2024-11-07,2024-25,uecl,League phase,False,CS Petrocub,,Rapid Wien,,0,3
2024-11-07,2024-25,uecl,League phase,False,Chelsea FC,epl,FC Noah,,8,0
2024-11-07,2024-25,uecl,League phase,False,Djurgårdens IF,,Panathinaikos,,2,1
2024-11-07,2024-25,uecl,League phase,False,FC København,,İstanbul Başakşehir,,2,2
2024-11-07,2024-25,uecl,League phase,False,HJK Helsinki,,Olimpija Ljubljana,,0,2
2024-11-07,2024-25,uecl,League phase,False,Heart of Midlothian,,1. FC Heidenheim 1846,bundesliga,0,2
2024-11-07,2024-25,uecl,League phase,False,Jagiellonia Białystok,,Molde FK,,3,0
2024-11-07,2024-25,uecl,League phase,False,KAA Gent,,Omonia Nikosia,,1,0
2024-11-07,2024-25,uecl,League phase,False,LASK,,Cercle Brugge,,0,0
2024-11-07,2024-25,uecl,League phase,False,Larne FC,,FC St. Gallen,,1,2
2024-11-07,2024-25,uecl,League phase,False,Legia Warszawa,,Dinamo Minsk,,4,0
2024-11-07,2024-25,uecl,League phase,False,Paphos FC,,FK Astana,,1,0
2024-11-07,2024-25,uecl,League phase,False,Real Betis Balompié,la_liga,NK Celje,,2,1
2024-11-07,2024-25,uecl,League phase,False,Shamrock Rovers,,The New Saints,,2,1
2024-11-07,2024-25,uecl,League phase,False,TSC Bačka Topola,,FC Lugano,,4,1
2024-11-07,2024-25,uecl,League phase,False,Vitória Guimarães,,FK Mladá Boleslav,,2,1
2024-11-07,2024-25,uecl,League phase,False,Víkingur Reykjavík,,Borac Banja Luka,,2,0
2024-11-07,2024-25,uel,League phase,False,AFC Ajax,,Maccabi Tel Aviv,,5,0
2024-11-07,2024-25,uel,League phase,False,AZ Alkmaar,,Fenerbahçe,,3,1
2024-11-07,2024-25,uel,League phase,False,Dinamo Kiev,,Ferencvárosi TC,,0,4
2024-11-07,2024-25,uel,League phase,False,Eintracht Frankfurt,bundesliga,Slavia Praha,,1,0
2024-11-07,2024-25,uel,League phase,False,FCSB,,FC Midtjylland,,2,0
2024-11-07,2024-25,uel,League phase,False,FK Bodø/Glimt,,Qarabağ FK,,1,2
2024-11-07,2024-25,uel,League phase,False,FK RFS,,RSC Anderlecht,,1,1
2024-11-07,2024-25,uel,League phase,False,Galatasaray,,Tottenham Hotspur FC,epl,3,2
2024-11-07,2024-25,uel,League phase,False,IF Elfsborg,,Sporting Braga,,1,1
2024-11-07,2024-25,uel,League phase,False,Manchester United FC,epl,PAOK Saloniki,,2,0
2024-11-07,2024-25,uel,League phase,False,OGC Nice,ligue_1,FC Twente,,2,2
2024-11-07,2024-25,uel,League phase,False,Olympiakos Piraeus,,Rangers FC,,1,1
2024-11-07,2024-25,uel,League phase,False,PFC Ludogorets Razgrad,,Athletic Club,la_liga,1,2
2024-11-07,2024-25,uel,League phase,False,SS Lazio,serie_a,FC Porto,,2,1
2024-11-07,2024-25,uel,League phase,False,TSG 1899 Hoffenheim,bundesliga,Olympique Lyonnais,ligue_1,2,2
2024-11-07,2024-25,uel,League phase,False,Union Saint-Gilloise,,AS Roma,serie_a,1,1
2024-11-07,2024-25,uel,League phase,False,Viktoria Plzeň,,Real Sociedad de Fútbol,la_liga,2,1
2024-11-26,2024-25,ucl,"League, Matchday 5",False,AC Sparta Praha,,Club Atlético de Madrid,la_liga,0,6
2024-11-26,2024-25,ucl,"League, Matchday 5",False,BSC Young Boys,,Atalanta BC,serie_a,1,6
2024-11-26,2024-25,ucl,"League, Matchday 5",False,Bayer 04 Leverkusen,bundesliga,FC Red Bull Salzburg,,5,0
2024-11-26,2024-25,ucl,"League, Matchday 5",False,FC Barcelona,la_liga,Stade Brestois 29,ligue_1,3,0
2024-11-26,2024-25,ucl,"League, Matchday 5",False,FC Bayern München,bundesliga,Paris Saint-Germain FC,ligue_1,1,0
2024-11-26,2024-25,ucl,"League, Matchday 5",False,FC Internazionale Milano,serie_a,RB Leipzig,bundesliga,1,0
2024-11-26,2024-25,ucl,"League, Matchday 5",False,Manchester City FC,epl,Feyenoord Rotterdam,,3,3
2024-11-26,2024-25,ucl,"League, Matchday 5",False,Sporting Clube de Portugal,,Arsenal FC,epl,1,5
2024-11-26,2024-25,ucl,"League, Matchday 5",False,ŠK Slovan Bratislava,,AC Milan,serie_a,2,3
2024-11-27,2024-25,ucl,"League, Matchday 5",False,AS Monaco FC,,Sport Lisboa e Benfica,,2,3
2024-11-27,2024-25,ucl,"League, Matchday 5",False,Aston Villa FC,epl,Juventus FC,serie_a,0,0
2024-11-27,2024-25,ucl,"League, Matchday 5",False,Bologna FC 1909,serie_a,Lille OSC,ligue_1,1,2
2024-11-27,2024-25,ucl,"League, Matchday 5",False,Celtic FC,,Club Brugge KV,,1,1
2024-11-27,2024-25,ucl,"League, Matchday 5",False,FK Crvena Zvezda,,VfB Stuttgart,bundesliga,5,1
2024-11-27,2024-25,ucl,"League, Matchday 5",False,GNK Dinamo Zagreb,,Borussia Dortmund,bundesliga,0,3
2024-11-27,2024-25,ucl,"League, Matchday 5",False,Liverpool FC,epl,Real Madrid CF,la_liga,2,0
2024-11-27,2024-25,ucl,"League, Matchday 5",False,PSV,,FK Shakhtar Donetsk,,3,2
2024-11-27,2024-25,ucl,"League, Matchday 5",False,SK Sturm Graz,,Girona FC,la_liga,1,0
2024-11-27,2024-25,uecl,League phase,False,İstanbul Başakşehir,,CS Petrocub,,1,1
2024-11-28,2024-25,uecl,League phase,False,1. FC Heidenheim 1846,bundesliga,Chelsea FC,epl,0,2
2024-11-28,2024-25,uecl,League phase,False,ACF Fiorentina,serie_a,Paphos FC,,3,2
2024-11-28,2024-25,uecl,League phase,False,Borac Banja Luka,,LASK,,2,1
2024-11-28,2024-25,uecl,League phase,False,Cercle Brugge,,Heart of Midlothian,,2,0
2024-11-28,2024-25,uecl,League phase,False,Dinamo Minsk,,FC København,,1,2
2024-11-28,2024-25,uecl,League phase,False,FC Lugano,,KAA Gent,,2,0
2024-11-28,2024-25,uecl,League phase,False,FC Noah,,Víkingur Reykjavík,,0,0
2024-11-28,2024-25,uecl,League phase,False,FC St. Gallen,,TSC Bačka Topola,,2,2
2024-11-28,2024-25,uecl,League phase,False,FK Astana,,Vitória Guimarães,,1,1
2024-11-28,2024-25,uecl,League phase,False,FK Mladá Boleslav,,Real Betis Balompié,la_liga,2,1
2024-11-28,2024-25,uecl,League phase,False,Molde FK,,APOEL Nikosia,,0,1
2024-11-28,2024-25,uecl,League phase,False,NK Celje,,Jagiellonia Białystok,,3,3
2024-11-28,2024-25,uecl,League phase,False,Olimpija Ljubljana,,Larne FC,,1,0
2024-11-28,2024-25,uecl,League phase,False,Omonia Nikosia,,Legia Warszawa,,0,3
2024-11-28,2024-25,uecl,League phase,False,Panathinaikos,,HJK Helsinki,,1,0
2024-11-28,2024-25,uecl,League phase,False,Rapid Wien,,Shamrock Rovers,,1,1
2024-11-28,2024-25,uecl,League phase,False,The New Saints,,Djurgårdens IF,,0,1
2024-11-28,2024-25,uel,League phase,False,AZ Alkmaar,,Galatasaray,,1,1
2024-11-28,2024-25,uel,League phase,False,Athletic Club,la_liga,IF Elfsborg,,3,0
2024-11-28,2024-25,uel,League phase,False,Beşiktaş,,Maccabi Tel Aviv,,1,3
2024-11-28,2024-25,uel,League phase,False,Dinamo Kiev,,Viktoria Plzeň,,1,2
2024-11-28,2024-25,uel,League phase,False,FC Midtjylland,,Eintracht Frankfurt,bundesliga,1,2
2024-11-28,2024-25,uel,League phase,False,FC Twente,,Union Saint-Gilloise,,0,1
2024-11-28,2024-25,uel,League phase,False,FCSB,,Olympiakos Piraeus,,0,0
2024-11-28,2024-25,uel,League phase,False,FK RFS,,PAOK Saloniki,,0,2
2024-11-28,2024-25,uel,League phase,False,Ferencvárosi TC,,Malmö FF,,4,1
2024-11-28,2024-25,uel,League phase,False,Manchester United FC,epl,FK Bodø/Glimt,,3,2
2024-11-28,2024-25,uel,League phase,False,OGC Nice,ligue_1,Rangers FC,,1,4
2024-11-28,2024-25,uel,League phase,False,Qarabağ FK,,Olympique Lyonnais,ligue_1,1,4
2024-11-28,2024-25,uel,League phase,False,RSC Anderlecht,,FC Porto,,2,2
2024-11-28,2024-25,uel,League phase,False,Real Sociedad de Fútbol,la_liga,AFC Ajax,,2,0
2024-11-28,2024-25,uel,League phase,False,SS Lazio,serie_a,PFC Ludogorets Razgrad,,0,0
2024-11-28,2024-25,uel,League phase,False,Slavia Praha,,Fenerbahçe,,1,2
2024-11-28,2024-25,uel,League phase,False,Sporting Braga,,TSG 1899 Hoffenheim,bundesliga,3,0
2024-11-28,2024-25,uel,League phase,False,Tottenham Hotspur FC,epl,AS Roma,serie_a,2,2
2024-12-10,2024-25,ucl,"League, Matchday 6",False,Atalanta BC,serie_a,Real Madrid CF,la_liga,2,3
2024-12-10,2024-25,ucl,"League, Matchday 6",False,Bayer 04 Leverkusen,bundesliga,FC Internazionale Milano,serie_a,1,0
2024-12-10,2024-25,ucl,"League, Matchday 6",False,Club Brugge KV,,Sporting Clube de Portugal,,2,1
2024-12-10,2024-25,ucl,"League, Matchday 6",False,FC Red Bull Salzburg,,Paris Saint-Germain FC,ligue_1,0,3
2024-12-10,2024-25,ucl,"League, Matchday 6",False,FK Shakhtar Donetsk,,FC Bayern München,bundesliga,1,5
2024-12-10,2024-25,ucl,"League, Matchday 6",False,GNK Dinamo Zagreb,,Celtic FC,,0,0
2024-12-10,2024-25,ucl,"League, Matchday 6",False,Girona FC,la_liga,Liverpool FC,epl,0,1
2024-12-10,2024-25,ucl,"League, Matchday 6",False,RB Leipzig,bundesliga,Aston Villa FC,epl,2,3
2024-12-10,2024-25,ucl,"League, Matchday 6",False,Stade Brestois 29,ligue_1,PSV,,1,0
2024-12-11,2024-25,ucl,"League, Matchday 6",False,AC Milan,serie_a,FK Crvena Zvezda,,2,1
2024-12-11,2024-25,ucl,"League, Matchday 6",False,Arsenal FC,epl,AS Monaco FC,,3,0
2024-12-11,2024-25,ucl,"League, Matchday 6",False,Borussia Dortmund,bundesliga,FC Barcelona,la_liga,2,3
2024-12-11,2024-25,ucl,"League, Matchday 6",False,Club Atlético de Madrid,la_liga,ŠK Slovan Bratislava,,3,1
2024-12-11,2024-25,ucl,"League, Matchday 6",False,Feyenoord Rotterdam,,AC Sparta Praha,,4,2
2024-12-11,2024-25,ucl,"League, Matchday 6",False,Juventus FC,serie_a,Manchester City FC,epl,2,0
2024-12-11,2024-25,ucl,"League, Matchday 6",False,Lille OSC,ligue_1,SK Sturm Graz,,3,2
2024-12-11,2024-25,ucl,"League, Matchday 6",False,Sport Lisboa e Benfica,,Bologna FC 1909,serie_a,0,0
2024-12-11,2024-25,ucl,"League, Matchday 6",False,VfB Stuttgart,bundesliga,BSC Young Boys,,5,1
2024-12-11,2024-25,uel,League phase,False,Fenerbahçe,,Athletic Club,la_liga,0,2
2024-12-12,2024-25,uecl,League phase,False,ACF Fiorentina,serie_a,LASK,,7,0
2024-12-12,2024-25,uecl,League phase,False,CS Petrocub,,Real Betis Balompié,la_liga,0,1
2024-12-12,2024-25,uecl,League phase,False,Dinamo Minsk,,Larne FC,,2,0
2024-12-12,2024-25,uecl,League phase,False,FC København,,Heart of Midlothian,,2,0
2024-12-12,2024-25,uecl,League phase,False,FC Noah,,APOEL Nikosia,,1,3
2024-12-12,2024-25,uecl,League phase,False,FC St. Gallen,,Vitória Guimarães,,1,4
2024-12-12,2024-25,uecl,League phase,False,FK Astana,,Chelsea FC,epl,1,3
2024-12-12,2024-25,uecl,League phase,False,FK Mladá Boleslav,,Jagiellonia Białystok,,1,0
2024-12-12,2024-25,uecl,League phase,False,HJK Helsinki,,Molde FK,,2,2
2024-12-12,2024-25,uecl,League phase,False,KAA Gent,,TSC Bačka Topola,,3,0
2024-12-12,2024-25,uecl,League phase,False,Legia Warszawa,,FC Lugano,,1,2
2024-12-12,2024-25,uecl,League phase,False,Olimpija Ljubljana,,Cercle Brugge,,1,4
2024-12-12,2024-25,uecl,League phase,False,Omonia Nikosia,,Rapid Wien,,3,1
2024-12-12,2024-25,uecl,League phase,False,Paphos FC,,NK Celje,,2,0
2024-12-12,2024-25,uecl,League phase,False,Shamrock Rovers,,Borac Banja Luka,,3,0
2024-12-12,2024-25,uecl,League phase,False,The New Saints,,Panathinaikos,,0,2
2024-12-12,2024-25,uecl,League phase,False,Víkingur Reykjavík,,Djurgårdens IF,,1,2
2024-12-12,2024-25,uecl,League phase,False,İstanbul Başakşehir,,1. FC Heidenheim 1846,bundesliga,3,1
2024-12-12,2024-25,uel,League phase,False,AFC Ajax,,SS Lazio,serie_a,1,3
2024-12-12,2024-25,uel,League phase,False,AS Roma,serie_a,Sporting Braga,,3,0
2024-12-12,2024-25,uel,League phase,False,FC Porto,,FC Midtjylland,,2,0
2024-12-12,2024-25,uel,League phase,False,FK Bodø/Glimt,,Beşiktaş,,2,1
2024-12-12,2024-25,uel,League phase,False,IF Elfsborg,,Qarabağ FK,,1,0
2024-12-12,2024-25,uel,League phase,False,Maccabi Tel Aviv,,FK RFS,,2,1
2024-12-12,2024-25,uel,League phase,False,Malmö FF,,Galatasaray,,2,2
2024-12-12,2024-25,uel,League phase,False,Olympiakos Piraeus,,FC Twente,,0,0
2024-12-12,2024-25,uel,League phase,False,Olympique Lyonnais,ligue_1,Eintracht Frankfurt,bundesliga,3,2
2024-12-12,2024-25,uel,League phase,False,PAOK Saloniki,,Ferencvárosi TC,,5,0
2024-12-12,2024-25,uel,League phase,False,PFC Ludogorets Razgrad,,AZ Alkmaar,,2,2
2024-12-12,2024-25,uel,League phase,False,Rangers FC,,Tottenham Hotspur FC,epl,1,1
2024-12-12,2024-25,uel,League phase,False,Real Sociedad de Fútbol,la_liga,Dinamo Kiev,,3,0
2024-12-12,2024-25,uel,League phase,False,Slavia Praha,,RSC Anderlecht,,1,2
2024-12-12,2024-25,uel,League phase,False,TSG 1899 Hoffenheim,bundesliga,FCSB,,0,0
2024-12-12,2024-25,uel,League phase,False,Union Saint-Gilloise,,OGC Nice,ligue_1,2,1
2024-12-12,2024-25,uel,League phase,False,Viktoria Plzeň,,Manchester United FC,epl,1,2
2024-12-19,2024-25,uecl,League phase,False,1. FC Heidenheim 1846,bundesliga,FC St. Gallen,,1,1
2024-12-19,2024-25,uecl,League phase,False,APOEL Nikosia,,FK Astana,,1,1
2024-12-19,2024-25,uecl,League phase,False,Borac Banja Luka,,Omonia Nikosia,,0,0
2024-12-19,2024-25,uecl,League phase,False,Cercle Brugge,,İstanbul Başakşehir,,1,1
2024-12-19,2024-25,uecl,League phase,False,Chelsea FC,epl,Shamrock Rovers,,5,1
2024-12-19,2024-25,uecl,League phase,False,Djurgårdens IF,,Legia Warszawa,,3,1
2024-12-19,2024-25,uecl,League phase,False,FC Lugano,,Paphos FC,,2,2
2024-12-19,2024-25,uecl,League phase,False,Heart of Midlothian,,CS Petrocub,,2,2
2024-12-19,2024-25,uecl,League phase,False,Jagiellonia Białystok,,Olimpija Ljubljana,,0,0
2024-12-19,2024-25,uecl,League phase,False,LASK,,Víkingur Reykjavík,,1,1
2024-12-19,2024-25,uecl,League phase,False,Larne FC,,KAA Gent,,1,0
2024-12-19,2024-25,uecl,League phase,False,Molde FK,,FK Mladá Boleslav,,4,3
2024-12-19,2024-25,uecl,League phase,False,NK Celje,,The New Saints,,3,2
2024-12-19,2024-25,uecl,League phase,False,Panathinaikos,,Dinamo Minsk,,4,0
2024-12-19,2024-25,uecl,League phase,False,Rapid Wien,,FC København,,3,0
2024-12-19,2024-25,uecl,League phase,False,Real Betis Balompié,la_liga,HJK Helsinki,,1,0
2024-12-19,2024-25,uecl,League phase,False,TSC Bačka Topola,,FC Noah,,4,3
2024-12-19,2024-25,uecl,League phase,False,Vitória Guimarães,,ACF Fiorentina,serie_a,1,1
2025-01-21,2024-25,ucl,"League, Matchday 7",False,AS Monaco FC,,Aston Villa FC,epl,1,0
2025-01-21,2024-25,ucl,"League, Matchday 7",False,Atalanta BC,serie_a,SK Sturm Graz,,5,0
2025-01-21,2024-25,ucl,"League, Matchday 7",False,Bologna FC 1909,serie_a,Borussia Dortmund,bundesliga,2,1
2025-01-21,2024-25,ucl,"League, Matchday 7",False,Club Atlético de Madrid,la_liga,Bayer 04 Leverkusen,bundesliga,2,1
2025-01-21,2024-25,ucl,"League, Matchday 7",False,Club Brugge KV,,Juventus FC,serie_a,0,0
2025-01-21,2024-25,ucl,"League, Matchday 7",False,FK Crvena Zvezda,,PSV,,2,3
2025-01-21,2024-25,ucl,"League, Matchday 7",False,Liverpool FC,epl,Lille OSC,ligue_1,2,1
2025-01-21,2024-25,ucl,"League, Matchday 7",False,Sport Lisboa e Benfica,,FC Barcelona,la_liga,4,5
2025-01-21,2024-25,ucl,"League, Matchday 7",False,ŠK Slovan Bratislava,,VfB Stuttgart,bundesliga,1,3
2025-01-21,2024-25,uel,League phase,False,Galatasaray,,Dinamo Kiev,,3,3
2025-01-22,2024-25,ucl,"League, Matchday 7",False,AC Milan,serie_a,Girona FC,la_liga,1,0
2025-01-22,2024-25,ucl,"League, Matchday 7",False,AC Sparta Praha,,FC Internazionale Milano,serie_a,0,1
2025-01-22,2024-25,ucl,"League, Matchday 7",False,Arsenal FC,epl,GNK Dinamo Zagreb,,3,0
2025-01-22,2024-25,ucl,"League, Matchday 7",False,Celtic FC,,BSC Young Boys,,1,0
2025-01-22,2024-25,ucl,"League, Matchday 7",False,FK Shakhtar Donetsk,,Stade Brestois 29,ligue_1,2,0
2025-01-22,2024-25,ucl,"League, Matchday 7",False,Feyenoord Rotterdam,,FC Bayern München,bundesliga,3,0
2025-01-22,2024-25,ucl,"League, Matchday 7",False,Paris Saint-Germain FC,ligue_1,Manchester City FC,epl,4,2
2025-01-22,2024-25,ucl,"League, Matchday 7",False,RB Leipzig,bundesliga,Sporting Clube de Portugal,,2,1
2025-01-22,2024-25,ucl,"League, Matchday 7",False,Real Madrid CF,la_liga,FC Red Bull Salzburg,,5,1
2025-01-22,2024-25,uel,League phase,False,Beşiktaş,,Athletic Club,la_liga,4,1
2025-01-23,2024-25,uel,League phase,False,AZ Alkmaar,,AS Roma,serie_a,1,0
2025-01-23,2024-25,uel,League phase,False,Eintracht Frankfurt,bundesliga,Ferencvárosi TC,,2,0
2025-01-23,2024-25,uel,League phase,False,FC Porto,,Olympiakos Piraeus,,0,1
2025-01-23,2024-25,uel,League phase,False,FK Bodø/Glimt,,Maccabi Tel Aviv,,3,1
2025-01-23,2024-25,uel,League phase,False,FK RFS,,AFC Ajax,,1,0
2025-01-23,2024-25,uel,League phase,False,Fenerbahçe,,Olympique Lyonnais,ligue_1,0,0
2025-01-23,2024-25,uel,League phase,False,IF Elfsborg,,OGC Nice,ligue_1,1,0
2025-01-23,2024-25,uel,League phase,False,Malmö FF,,FC Twente,,2,3
2025-01-23,2024-25,uel,League phase,False,Manchester United FC,epl,Rangers FC,,2,1
2025-01-23,2024-25,uel,League phase,False,PAOK Saloniki,,Slavia Praha,,2,0
2025-01-23,2024-25,uel,League phase,False,PFC Ludogorets Razgrad,,FC Midtjylland,,0,2
2025-01-23,2024-25,uel,League phase,False,Qarabağ FK,,FCSB,,2,3
2025-01-23,2024-25,uel,League phase,False,SS Lazio,serie_a,Real Sociedad de Fútbol,la_liga,3,1
2025-01-23,2024-25,uel,League phase,False,TSG 1899 Hoffenheim,bundesliga,Tottenham Hotspur FC,epl,2,3
2025-01-23,2024-25,uel,League phase,False,Union Saint-Gilloise,,Sporting Braga,,2,1
2025-01-23,2024-25,uel,League phase,False,Viktoria Plzeň,,RSC Anderlecht,,2,0
2025-01-29,2024-25,ucl,"League, Matchday 8",False,Aston Villa FC,epl,Celtic FC,,4,2
2025-01-29,2024-25,ucl,"League, Matchday 8",False,BSC Young Boys,,FK Crvena Zvezda,,0,1
2025-01-29,2024-25,ucl,"League, Matchday 8",False,Bayer 04 Leverkusen,bundesliga,AC Sparta Praha,,2,0
2025-01-29,2024-25,ucl,"League, Matchday 8",False,Borussia Dortmund,bundesliga,FK Shakhtar Donetsk,,3,1
2025-01-29,2024-25,ucl,"League, Matchday 8",False,FC Barcelona,la_liga,Atalanta BC,serie_a,2,2
2025-01-29,2024-25,ucl,"League, Matchday 8",False,FC Bayern München,bundesliga,ŠK Slovan Bratislava,,3,1
2025-01-29,2024-25,ucl,"League, Matchday 8",False,FC Internazionale Milano,serie_a,AS Monaco FC,,3,0
2025-01-29,2024-25,ucl,"League, Matchday 8",False,FC Red Bull Salzburg,,Club Atlético de Madrid,la_liga,1,4
2025-01-29,2024-25,ucl,"League, Matchday 8",False,GNK Dinamo Zagreb,,AC Milan,serie_a,2,1
2025-01-29,2024-25,ucl,"League, Matchday 8",False,Girona FC,la_liga,Arsenal FC,epl,1,2
2025-01-29,2024-25,ucl,"League, Matchday 8",False,Juventus FC,serie_a,Sport Lisboa e Benfica,,0,2
2025-01-29,2024-25,ucl,"League, Matchday 8",False,Lille OSC,ligue_1,Feyenoord Rotterdam,,6,1
2025-01-29,2024-25,ucl,"League, Matchday 8",False,Manchester City FC,epl,Club Brugge KV,,3,1
2025-01-29,2024-25,ucl,"League, Matchday 8",False,PSV,,Liverpool FC,epl,3,2
2025-01-29,2024-25,ucl,"League, Matchday 8",False,SK Sturm Graz,,RB Leipzig,bundesliga,1,0
2025-01-29,2024-25,ucl,"League, Matchday 8",False,Sporting Clube de Portugal,,Bologna FC 1909,serie_a,1,1
2025-01-29,2024-25,ucl,"League, Matchday 8",False,Stade Brestois 29,ligue_1,Real Madrid CF,la_liga,0,3
2025-01-29,2024-25,ucl,"League, Matchday 8",False,VfB Stuttgart,bundesliga,Paris Saint-Germain FC,ligue_1,1,4
2025-01-30,2024-25,uel,League phase,False,AFC Ajax,,Galatasaray,,2,1
2025-01-30,2024-25,uel,League phase,False,AS Roma,serie_a,Eintracht Frankfurt,bundesliga,2,0
2025-01-30,2024-25,uel,League phase,False,Athletic Club,la_liga,Viktoria Plzeň,,3,1
2025-01-30,2024-25,uel,League phase,False,Dinamo Kiev,,FK RFS,,1,0
2025-01-30,2024-25,uel,League phase,False,FC Midtjylland,,Fenerbahçe,,2,2
2025-01-30,2024-25,uel,League phase,False,FC Twente,,Beşiktaş,,1,0
2025-01-30,2024-25,uel,League phase,False,FCSB,,Manchester United FC,epl,0,2
2025-01-30,2024-25,uel,League phase,False,Ferencvárosi TC,,AZ Alkmaar,,4,3
2025-01-30,2024-25,uel,League phase,False,Maccabi Tel Aviv,,FC Porto,,0,1
2025-01-30,2024-25,uel,League phase,False,OGC Nice,ligue_1,FK Bodø/Glimt,,1,1
2025-01-30,2024-25,uel,League phase,False,Olympiakos Piraeus,,Qarabağ FK,,3,0
2025-01-30,2024-25,uel,League phase,False,Olympique Lyonnais,ligue_1,PFC Ludogorets Razgrad,,1,1
2025-01-30,2024-25,uel,League phase,False,RSC Anderlecht,,TSG 1899 Hoffenheim,bundesliga,3,4
2025-01-30,2024-25,uel,League phase,False,Rangers FC,,Union Saint-Gilloise,,2,1
2025-01-30,2024-25,uel,League phase,False,Real Sociedad de Fútbol,la_liga,PAOK Saloniki,,2,0
2025-01-30,2024-25,uel,League phase,False,Slavia Praha,,Malmö FF,,2,2
2025-01-30,2024-25,uel,League phase,False,Sporting Braga,,SS Lazio,serie_a,1,0
2025-01-30,2024-25,uel,League phase,False,Tottenham Hotspur FC,epl,IF Elfsborg,,3,0
2025-02-11,2024-25,ucl,"Playoffs, Matchday 1",False,Juventus FC,serie_a,PSV,,2,1
2025-02-11,2024-25,ucl,"Playoffs, Matchday 1",False,Manchester City FC,epl,Real Madrid CF,la_liga,2,3
2025-02-11,2024-25,ucl,"Playoffs, Matchday 1",False,Sporting Clube de Portugal,,Borussia Dortmund,bundesliga,0,3
2025-02-11,2024-25,ucl,"Playoffs, Matchday 1",False,Stade Brestois 29,ligue_1,Paris Saint-Germain FC,ligue_1,0,3
2025-02-12,2024-25,ucl,"Playoffs, Matchday 1",False,AS Monaco FC,,Sport Lisboa e Benfica,,0,1
2025-02-12,2024-25,ucl,"Playoffs, Matchday 1",False,Celtic FC,,FC Bayern München,bundesliga,1,2
2025-02-12,2024-25,ucl,"Playoffs, Matchday 1",False,Club Brugge KV,,Atalanta BC,serie_a,2,1
2025-02-12,2024-25,ucl,"Playoffs, Matchday 1",False,Feyenoord Rotterdam,,AC Milan,serie_a,1,0
2025-02-13,2024-25,uecl,Playoffs,False,Borac Banja Luka,,Olimpija Ljubljana,,1,0
2025-02-13,2024-25,uecl,Playoffs,False,FC København,,1. FC Heidenheim 1846,bundesliga,1,2
2025-02-13,2024-25,uecl,Playoffs,False,KAA Gent,,Real Betis Balompié,la_liga,0,3
2025-02-13,2024-25,uecl,Playoffs,False,Molde FK,,Shamrock Rovers,,0,1
2025-02-13,2024-25,uecl,Playoffs,False,NK Celje,,APOEL Nikosia,,2,2
2025-02-13,2024-25,uecl,Playoffs,False,Omonia Nikosia,,Paphos FC,,1,1
2025-02-13,2024-25,uecl,Playoffs,False,TSC Bačka Topola,,Jagiellonia Białystok,,1,3
2025-02-13,2024-25,uecl,Playoffs,False,Víkingur Reykjavík,,Panathinaikos,,2,1
2025-02-13,2024-25,uel,Playoffs,False,AZ Alkmaar,,Galatasaray,,4,1
2025-02-13,2024-25,uel,Playoffs,False,FC Midtjylland,,Real Sociedad de Fútbol,la_liga,1,2
2025-02-13,2024-25,uel,Playoffs,False,FC Porto,,AS Roma,serie_a,1,1
2025-02-13,2024-25,uel,Playoffs,False,FC Twente,,FK Bodø/Glimt,,2,1
2025-02-13,2024-25,uel,Playoffs,False,Fenerbahçe,,RSC Anderlecht,,3,0
2025-02-13,2024-25,uel,Playoffs,False,Ferencvárosi TC,,Viktoria Plzeň,,1,0
2025-02-13,2024-25,uel,Playoffs,False,PAOK Saloniki,,FCSB,,1,2
2025-02-13,2024-25,uel,Playoffs,False,Union Saint-Gilloise,,AFC Ajax,,0,2
2025-02-18,2024-25,ucl,"Playoffs, Matchday 2",False,AC Milan,serie_a,Feyenoord Rotterdam,,1,1
2025-02-18,2024-25,ucl,"Playoffs, Matchday 2",False,Atalanta BC,serie_a,Club Brugge KV,,1,3
2025-02-18,2024-25,ucl,"Playoffs, Matchday 2",False,FC Bayern München,bundesliga,Celtic FC,,1,1
2025-02-18,2024-25,ucl,"Playoffs, Matchday 2",False,Sport Lisboa e Benfica,,AS Monaco FC,,3,3
2025-02-19,2024-25,ucl,"Playoffs, Matchday 2",False,Borussia Dortmund,bundesliga,Sporting Clube de Portugal,,0,0
2025-02-19,2024-25,ucl,"Playoffs, Matchday 2",False,PSV,,Juventus FC,serie_a,3,1
2025-02-19,2024-25,ucl,"Playoffs, Matchday 2",False,Paris Saint-Germain FC,ligue_1,Stade Brestois 29,ligue_1,7,0
2025-02-19,2024-25,ucl,"Playoffs, Matchday 2",False,Real Madrid CF,la_liga,Manchester City FC,epl,3,1
2025-02-20,2024-25,uecl,Playoffs,False,1. FC Heidenheim 1846,bundesliga,FC København,,1,3
2025-02-20,2024-25,uecl,Playoffs,False,APOEL Nikosia,,NK Celje,,0,2
2025-02-20,2024-25,uecl,Playoffs,False,Jagiellonia Białystok,,TSC Bačka Topola,,3,1
2025-02-20,2024-25,uecl,Playoffs,False,Olimpija Ljubljana,,Borac Banja Luka,,0,0
2025-02-20,2024-25,uecl,Playoffs,False,Panathinaikos,,Víkingur Reykjavík,,2,0
2025-02-20,2024-25,uecl,Playoffs,False,Paphos FC,,Omonia Nikosia,,2,1
2025-02-20,2024-25,uecl,Playoffs,False,Real Betis Balompié,la_liga,KAA Gent,,0,1
2025-02-20,2024-25,uecl,Playoffs,False,Shamrock Rovers,,Molde FK,,0,1
2025-02-20,2024-25,uel,Playoffs,False,AFC Ajax,,Union Saint-Gilloise,,1,2
2025-02-20,2024-25,uel,Playoffs,False,AS Roma,serie_a,FC Porto,,3,2
2025-02-20,2024-25,uel,Playoffs,False,FCSB,,PAOK Saloniki,,2,0
2025-02-20,2024-25,uel,Playoffs,False,FK Bodø/Glimt,,FC Twente,,5,2
2025-02-20,2024-25,uel,Playoffs,False,Galatasaray,,AZ Alkmaar,,2,2
2025-02-20,2024-25,uel,Playoffs,False,RSC Anderlecht,,Fenerbahçe,,2,2
2025-02-20,2024-25,uel,Playoffs,False,Real Sociedad de Fútbol,la_liga,FC Midtjylland,,5,2
2025-02-20,2024-25,uel,Playoffs,False,Viktoria Plzeň,,Ferencvárosi TC,,3,0
2025-03-04,2024-25,ucl,"Finals, Round of 16",False,Borussia Dortmund,bundesliga,Lille OSC,ligue_1,1,1
2025-03-04,2024-25,ucl,"Finals, Round of 16",False,Club Brugge KV,,Aston Villa FC,epl,1,3
2025-03-04,2024-25,ucl,"Finals, Round of 16",False,PSV,,Arsenal FC,epl,1,7
2025-03-04,2024-25,ucl,"Finals, Round of 16",False,Real Madrid CF,la_liga,Club Atlético de Madrid,la_liga,2,1
2025-03-05,2024-25,ucl,"Finals, Round of 16",False,FC Bayern München,bundesliga,Bayer 04 Leverkusen,bundesliga,3,0
2025-03-05,2024-25,ucl,"Finals, Round of 16",False,Feyenoord Rotterdam,,FC Internazionale Milano,serie_a,0,2
2025-03-05,2024-25,ucl,"Finals, Round of 16",False,Paris Saint-Germain FC,ligue_1,Liverpool FC,epl,0,1
2025-03-05,2024-25,ucl,"Finals, Round of 16",False,Sport Lisboa e Benfica,,FC Barcelona,la_liga,0,1
2025-03-06,2024-25,uecl,Round of 16,False,Borac Banja Luka,,Rapid Wien,,1,1
2025-03-06,2024-25,uecl,Round of 16,False,FC København,,Chelsea FC,epl,1,2
2025-03-06,2024-25,uecl,Round of 16,False,Jagiellonia Białystok,,Cercle Brugge,,3,0
2025-03-06,2024-25,uecl,Round of 16,False,Molde FK,,Legia Warszawa,,3,2
2025-03-06,2024-25,uecl,Round of 16,False,NK Celje,,FC Lugano,,1,0
2025-03-06,2024-25,uecl,Round of 16,False,Panathinaikos,,ACF Fiorentina,serie_a,3,2
2025-03-06,2024-25,uecl,Round of 16,False,Paphos FC,,Djurgårdens IF,,1,0
2025-03-06,2024-25,uecl,Round of 16,False,Real Betis Balompié,la_liga,Vitória Guimarães,,2,2
2025-03-06,2024-25,uel,Round of 16,False,AFC Ajax,,Eintracht Frankfurt,bundesliga,1,2
2025-03-06,2024-25,uel,Round of 16,False,AS Roma,serie_a,Athletic Club,la_liga,2,1
2025-03-06,2024-25,uel,Round of 16,False,AZ Alkmaar,,Tottenham Hotspur FC,epl,1,0
2025-03-06,2024-25,uel,Round of 16,False,FCSB,,Olympique Lyonnais,ligue_1,1,3
2025-03-06,2024-25,uel,Round of 16,False,FK Bodø/Glimt,,Olympiakos Piraeus,,3,0
2025-03-06,2024-25,uel,Round of 16,False,Fenerbahçe,,Rangers FC,,1,3
2025-03-06,2024-25,uel,Round of 16,False,Real Sociedad de Fútbol,la_liga,Manchester United FC,epl,1,1
2025-03-06,2024-25,uel,Round of 16,False,Viktoria Plzeň,,SS Lazio,serie_a,1,2
2025-03-11,2024-25,ucl,"Finals, Round of 16",False,Bayer 04 Leverkusen,bundesliga,FC Bayern München,bundesliga,0,2
2025-03-11,2024-25,ucl,"Finals, Round of 16",False,FC Barcelona,la_liga,Sport Lisboa e Benfica,,3,1
2025-03-11,2024-25,ucl,"Finals, Round of 16",False,FC Internazionale Milano,serie_a,Feyenoord Rotterdam,,2,1
2025-03-11,2024-25,ucl,"Finals, Round of 16",False,Liverpool FC,epl,Paris Saint-Germain FC,ligue_1,0,1
2025-03-12,2024-25,ucl,"Finals, Round of 16",False,Arsenal FC,epl,PSV,,2,2
2025-03-12,2024-25,ucl,"Finals, Round of 16",False,Aston Villa FC,epl,Club Brugge KV,,3,0
2025-03-12,2024-25,ucl,"Finals, Round of 16",False,Club Atlético de Madrid,la_liga,Real Madrid CF,la_liga,1,0
2025-03-12,2024-25,ucl,"Finals, Round of 16",False,Lille OSC,ligue_1,Borussia Dortmund,bundesliga,1,2
2025-03-13,2024-25,uecl,Round of 16,False,ACF Fiorentina,serie_a,Panathinaikos,,3,1
2025-03-13,2024-25,uecl,Round of 16,False,Cercle Brugge,,Jagiellonia Białystok,,2,0
2025-03-13,2024-25,uecl,Round of 16,False,Chelsea FC,epl,FC København,,1,0
2025-03-13,2024-25,uecl,Round of 16,False,Djurgårdens IF,,Paphos FC,,3,0
2025-03-13,2024-25,uecl,Round of 16,False,FC Lugano,,NK Celje,,5,4
2025-03-13,2024-25,uecl,Round of 16,False,Legia Warszawa,,Molde FK,,2,0
2025-03-13,2024-25,uecl,Round of 16,False,Rapid Wien,,Borac Banja Luka,,2,1
2025-03-13,2024-25,uecl,Round of 16,False,Vitória Guimarães,,Real Betis Balompié,la_liga,0,4
2025-03-13,2024-25,uel,Round of 16,False,Athletic Club,la_liga,AS Roma,serie_a,3,1
2025-03-13,2024-25,uel,Round of 16,False,Eintracht Frankfurt,bundesliga,AFC Ajax,,4,1
2025-03-13,2024-25,uel,Round of 16,False,Manchester United FC,epl,Real Sociedad de Fútbol,la_liga,4,1
2025-03-13,2024-25,uel,Round of 16,False,Olympiakos Piraeus,,FK Bodø/Glimt,,2,1
2025-03-13,2024-25,uel,Round of 16,False,Olympique Lyonnais,ligue_1,FCSB,,4,0
2025-03-13,2024-25,uel,Round of 16,False,Rangers FC,,Fenerbahçe,,0,2
2025-03-13,2024-25,uel,Round of 16,False,SS Lazio,serie_a,Viktoria Plzeň,,1,1
2025-03-13,2024-25,uel,Round of 16,False,Tottenham Hotspur FC,epl,AZ Alkmaar,,3,1
2025-04-08,2024-25,ucl,"Finals, Quarterfinals",False,Arsenal FC,epl,Real Madrid CF,la_liga,3,0
2025-04-08,2024-25,ucl,"Finals, Quarterfinals",False,FC Bayern München,bundesliga,FC Internazionale Milano,serie_a,1,2
2025-04-09,2024-25,ucl,"Finals, Quarterfinals",False,FC Barcelona,la_liga,Borussia Dortmund,bundesliga,4,0
2025-04-09,2024-25,ucl,"Finals, Quarterfinals",False,Paris Saint-Germain FC,ligue_1,Aston Villa FC,epl,3,1
2025-04-10,2024-25,uecl,Quarterfinals,False,Djurgårdens IF,,Rapid Wien,,0,1
2025-04-10,2024-25,uecl,Quarterfinals,False,Legia Warszawa,,Chelsea FC,epl,0,3
2025-04-10,2024-25,uecl,Quarterfinals,False,NK Celje,,ACF Fiorentina,serie_a,1,2
2025-04-10,2024-25,uecl,Quarterfinals,False,Real Betis Balompié,la_liga,Jagiellonia Białystok,,2,0
2025-04-10,2024-25,uel,Quarterfinals,False,FK Bodø/Glimt,,SS Lazio,serie_a,2,0
2025-04-10,2024-25,uel,Quarterfinals,False,Olympique Lyonnais,ligue_1,Manchester United FC,epl,2,2
2025-04-10,2024-25,uel,Quarterfinals,False,Rangers FC,,Athletic Club,la_liga,0,0
2025-04-10,2024-25,uel,Quarterfinals,False,Tottenham Hotspur FC,epl,Eintracht Frankfurt,bundesliga,1,1
2025-04-15,2024-25,ucl,"Finals, Quarterfinals",False,Aston Villa FC,epl,Paris Saint-Germain FC,ligue_1,3,2
2025-04-15,2024-25,ucl,"Finals, Quarterfinals",False,Borussia Dortmund,bundesliga,FC Barcelona,la_liga,3,1
2025-04-16,2024-25,ucl,"Finals, Quarterfinals",False,FC Internazionale Milano,serie_a,FC Bayern München,bundesliga,2,2
2025-04-16,2024-25,ucl,"Finals, Quarterfinals",False,Real Madrid CF,la_liga,Arsenal FC,epl,1,2
2025-04-17,2024-25,uecl,Quarterfinals,False,ACF Fiorentina,serie_a,NK Celje,,2,2
2025-04-17,2024-25,uecl,Quarterfinals,False,Chelsea FC,epl,Legia Warszawa,,1,2
2025-04-17,2024-25,uecl,Quarterfinals,False,Jagiellonia Białystok,,Real Betis Balompié,la_liga,1,1
2025-04-17,2024-25,uecl,Quarterfinals,False,Rapid Wien,,Djurgårdens IF,,1,4
2025-04-17,2024-25,uel,Quarterfinals,False,Athletic Club,la_liga,Rangers FC,,2,0
2025-04-17,2024-25,uel,Quarterfinals,False,Eintracht Frankfurt,bundesliga,Tottenham Hotspur FC,epl,0,1
2025-04-17,2024-25,uel,Quarterfinals,False,Manchester United FC,epl,Olympique Lyonnais,ligue_1,5,4
2025-04-17,2024-25,uel,Quarterfinals,False,SS Lazio,serie_a,FK Bodø/Glimt,,3,1
2025-04-29,2024-25,ucl,"Finals, Semifinals",False,Arsenal FC,epl,Paris Saint-Germain FC,ligue_1,0,1
2025-04-30,2024-25,ucl,"Finals, Semifinals",False,FC Barcelona,la_liga,FC Internazionale Milano,serie_a,3,3
2025-05-01,2024-25,uecl,Semifinals,False,Djurgårdens IF,,Chelsea FC,epl,1,4
2025-05-01,2024-25,uecl,Semifinals,False,Real Betis Balompié,la_liga,ACF Fiorentina,serie_a,2,1
2025-05-01,2024-25,uel,Semifinals,False,Athletic Club,la_liga,Manchester United FC,epl,0,3
2025-05-01,2024-25,uel,Semifinals,False,Tottenham Hotspur FC,epl,FK Bodø/Glimt,,3,1
2025-05-06,2024-25,ucl,"Finals, Semifinals",False,FC Internazionale Milano,serie_a,FC Barcelona,la_liga,4,3
2025-05-07,2024-25,ucl,"Finals, Semifinals",False,Paris Saint-Germain FC,ligue_1,Arsenal FC,epl,2,1
2025-05-08,2024-25,uecl,Semifinals,False,ACF Fiorentina,serie_a,Real Betis Balompié,la_liga,2,2
2025-05-08,2024-25,uecl,Semifinals,False,Chelsea FC,epl,Djurgårdens IF,,1,0
2025-05-08,2024-25,uel,Semifinals,False,FK Bodø/Glimt,,Tottenham Hotspur FC,epl,0,2
2025-05-08,2024-25,uel,Semifinals,False,Manchester United FC,epl,Athletic Club,la_liga,4,1
2025-05-21,2024-25,uel,Final,True,Tottenham Hotspur FC,epl,Manchester United FC,epl,1,0
2025-05-28,2024-25,uecl,Final,True,Real Betis Balompié,la_liga,Chelsea FC,epl,1,4
2025-05-31,2024-25,ucl,"Finals, Final",True,Paris Saint-Germain FC,ligue_1,FC Internazionale Milano,serie_a,5,0
2025-09-16,2025-26,ucl,"League, Matchday 1",False,Athletic Club,la_liga,Arsenal FC,epl,0,2
2025-09-16,2025-26,ucl,"League, Matchday 1",False,Juventus FC,serie_a,Borussia Dortmund,bundesliga,4,4
2025-09-16,2025-26,ucl,"League, Matchday 1",False,PSV,,Royale Union Saint-Gilloise,,1,3
2025-09-16,2025-26,ucl,"League, Matchday 1",False,Real Madrid CF,la_liga,Olympique de Marseille,ligue_1,2,1
2025-09-16,2025-26,ucl,"League, Matchday 1",False,Sport Lisboa e Benfica,,Qarabağ Ağdam FK,,2,3
2025-09-16,2025-26,ucl,"League, Matchday 1",False,Tottenham Hotspur FC,epl,Villarreal CF,la_liga,1,0
2025-09-17,2025-26,ucl,"League, Matchday 1",False,AFC Ajax,,FC Internazionale Milano,serie_a,0,2
2025-09-17,2025-26,ucl,"League, Matchday 1",False,FC Bayern München,bundesliga,Chelsea FC,epl,3,1
2025-09-17,2025-26,ucl,"League, Matchday 1",False,Liverpool FC,epl,Club Atlético de Madrid,la_liga,3,2
2025-09-17,2025-26,ucl,"League, Matchday 1",False,PAE Olympiakos SFP,,Paphos FC,,0,0
2025-09-17,2025-26,ucl,"League, Matchday 1",False,Paris Saint-Germain FC,ligue_1,Atalanta BC,serie_a,4,0
2025-09-17,2025-26,ucl,"League, Matchday 1",False,SK Slavia Praha,,FK Bodø/Glimt,,2,2
2025-09-18,2025-26,ucl,"League, Matchday 1",False,Club Brugge KV,,AS Monaco FC,,4,1
2025-09-18,2025-26,ucl,"League, Matchday 1",False,Eintracht Frankfurt,bundesliga,Galatasaray SK,,5,1
2025-09-18,2025-26,ucl,"League, Matchday 1",False,FC København,,Bayer 04 Leverkusen,bundesliga,2,2
2025-09-18,2025-26,ucl,"League, Matchday 1",False,Manchester City FC,epl,SSC Napoli,serie_a,2,0
2025-09-18,2025-26,ucl,"League, Matchday 1",False,Newcastle United FC,epl,FC Barcelona,la_liga,1,2
2025-09-18,2025-26,ucl,"League, Matchday 1",False,Sporting Clube de Portugal,,FK Kairat,,4,1
2025-09-30,2025-26,ucl,"League, Matchday 2",False,Atalanta BC,serie_a,Club Brugge KV,,2,1
2025-09-30,2025-26,ucl,"League, Matchday 2",False,Chelsea FC,epl,Sport Lisboa e Benfica,,1,0
2025-09-30,2025-26,ucl,"League, Matchday 2",False,Club Atlético de Madrid,la_liga,Eintracht Frankfurt,bundesliga,5,1
2025-09-30,2025-26,ucl,"League, Matchday 2",False,FC Internazionale Milano,serie_a,SK Slavia Praha,,3,0
2025-09-30,2025-26,ucl,"League, Matchday 2",False,FK Bodø/Glimt,,Tottenham Hotspur FC,epl,2,2
2025-09-30,2025-26,ucl,"League, Matchday 2",False,FK Kairat,,Real Madrid CF,la_liga,0,5
2025-09-30,2025-26,ucl,"League, Matchday 2",False,Galatasaray SK,,Liverpool FC,epl,1,0
2025-09-30,2025-26,ucl,"League, Matchday 2",False,Olympique de Marseille,ligue_1,AFC Ajax,,4,0
2025-09-30,2025-26,ucl,"League, Matchday 2",False,Paphos FC,,FC Bayern München,bundesliga,1,5
2025-10-01,2025-26,ucl,"League, Matchday 2",False,AS Monaco FC,,Manchester City FC,epl,2,2
2025-10-01,2025-26,ucl,"League, Matchday 2",False,Arsenal FC,epl,PAE Olympiakos SFP,,2,0
2025-10-01,2025-26,ucl,"League, Matchday 2",False,Bayer 04 Leverkusen,bundesliga,PSV,,1,1
2025-10-01,2025-26,ucl,"League, Matchday 2",False,Borussia Dortmund,bundesliga,Athletic Club,la_liga,4,1
2025-10-01,2025-26,ucl,"League, Matchday 2",False,FC Barcelona,la_liga,Paris Saint-Germain FC,ligue_1,1,2
2025-10-01,2025-26,ucl,"League, Matchday 2",False,Qarabağ Ağdam FK,,FC København,,2,0
2025-10-01,2025-26,ucl,"League, Matchday 2",False,Royale Union Saint-Gilloise,,Newcastle United FC,epl,0,4
2025-10-01,2025-26,ucl,"League, Matchday 2",False,SSC Napoli,serie_a,Sporting Clube de Portugal,,2,1
2025-10-01,2025-26,ucl,"League, Matchday 2",False,Villarreal CF,la_liga,Juventus FC,serie_a,2,2
2025-10-21,2025-26,ucl,"League, Matchday 3",False,Arsenal FC,epl,Club Atlético de Madrid,la_liga,4,0
2025-10-21,2025-26,ucl,"League, Matchday 3",False,Bayer 04 Leverkusen,bundesliga,Paris Saint-Germain FC,ligue_1,2,7
2025-10-21,2025-26,ucl,"League, Matchday 3",False,FC Barcelona,la_liga,PAE Olympiakos SFP,,6,1
2025-10-21,2025-26,ucl,"League, Matchday 3",False,FC København,,Borussia Dortmund,bundesliga,2,4
2025-10-21,2025-26,ucl,"League, Matchday 3",False,FK Kairat,,Paphos FC,,0,0
2025-10-21,2025-26,ucl,"League, Matchday 3",False,Newcastle United FC,epl,Sport Lisboa e Benfica,,3,0
2025-10-21,2025-26,ucl,"League, Matchday 3",False,PSV,,SSC Napoli,serie_a,6,2
2025-10-21,2025-26,ucl,"League, Matchday 3",False,Royale Union Saint-Gilloise,,FC Internazionale Milano,serie_a,0,4
2025-10-21,2025-26,ucl,"League, Matchday 3",False,Villarreal CF,la_liga,Manchester City FC,epl,0,2
2025-10-22,2025-26,ucl,"League, Matchday 3",False,AS Monaco FC,,Tottenham Hotspur FC,epl,0,0
2025-10-22,2025-26,ucl,"League, Matchday 3",False,Atalanta BC,serie_a,SK Slavia Praha,,0,0
2025-10-22,2025-26,ucl,"League, Matchday 3",False,Athletic Club,la_liga,Qarabağ Ağdam FK,,3,1
2025-10-22,2025-26,ucl,"League, Matchday 3",False,Chelsea FC,epl,AFC Ajax,,5,1
2025-10-22,2025-26,ucl,"League, Matchday 3",False,Eintracht Frankfurt,bundesliga,Liverpool FC,epl,1,5
2025-10-22,2025-26,ucl,"League, Matchday 3",False,FC Bayern München,bundesliga,Club Brugge KV,,4,0
2025-10-22,2025-26,ucl,"League, Matchday 3",False,Galatasaray SK,,FK Bodø/Glimt,,3,1
2025-10-22,2025-26,ucl,"League, Matchday 3",False,Real Madrid CF,la_liga,Juventus FC,serie_a,1,0
2025-10-22,2025-26,ucl,"League, Matchday 3",False,Sporting Clube de Portugal,,Olympique de Marseille,ligue_1,2,1
2025-11-04,2025-26,ucl,"League, Matchday 4",False,Club Atlético de Madrid,la_liga,Royale Union Saint-Gilloise,,3,1
2025-11-04,2025-26,ucl,"League, Matchday 4",False,FK Bodø/Glimt,,AS Monaco FC,,0,1
2025-11-04,2025-26,ucl,"League, Matchday 4",False,Juventus FC,serie_a,Sporting Clube de Portugal,,1,1
2025-11-04,2025-26,ucl,"League, Matchday 4",False,Liverpool FC,epl,Real Madrid CF,la_liga,1,0
2025-11-04,2025-26,ucl,"League, Matchday 4",False,PAE Olympiakos SFP,,PSV,,1,1
2025-11-04,2025-26,ucl,"League, Matchday 4",False,Paris Saint-Germain FC,ligue_1,FC Bayern München,bundesliga,1,2
2025-11-04,2025-26,ucl,"League, Matchday 4",False,SK Slavia Praha,,Arsenal FC,epl,0,3
2025-11-04,2025-26,ucl,"League, Matchday 4",False,SSC Napoli,serie_a,Eintracht Frankfurt,bundesliga,0,0
2025-11-04,2025-26,ucl,"League, Matchday 4",False,Tottenham Hotspur FC,epl,FC København,,4,0
2025-11-05,2025-26,ucl,"League, Matchday 4",False,AFC Ajax,,Galatasaray SK,,0,3
2025-11-05,2025-26,ucl,"League, Matchday 4",False,Club Brugge KV,,FC Barcelona,la_liga,3,3
2025-11-05,2025-26,ucl,"League, Matchday 4",False,FC Internazionale Milano,serie_a,FK Kairat,,2,1
2025-11-05,2025-26,ucl,"League, Matchday 4",False,Manchester City FC,epl,Borussia Dortmund,bundesliga,4,1
2025-11-05,2025-26,ucl,"League, Matchday 4",False,Newcastle United FC,epl,Athletic Club,la_liga,2,0
2025-11-05,2025-26,ucl,"League, Matchday 4",False,Olympique de Marseille,ligue_1,Atalanta BC,serie_a,0,1
2025-11-05,2025-26,ucl,"League, Matchday 4",False,Paphos FC,,Villarreal CF,la_liga,1,0
2025-11-05,2025-26,ucl,"League, Matchday 4",False,Qarabağ Ağdam FK,,Chelsea FC,epl,2,2
2025-11-05,2025-26,ucl,"League, Matchday 4",False,Sport Lisboa e Benfica,,Bayer 04 Leverkusen,bundesliga,0,1
2025-11-25,2025-26,ucl,"League, Matchday 5",False,AFC Ajax,,Sport Lisboa e Benfica,,0,2
2025-11-25,2025-26,ucl,"League, Matchday 5",False,Borussia Dortmund,bundesliga,Villarreal CF,la_liga,4,0
2025-11-25,2025-26,ucl,"League, Matchday 5",False,Chelsea FC,epl,FC Barcelona,la_liga,3,0
2025-11-25,2025-26,ucl,"League, Matchday 5",False,FK Bodø/Glimt,,Juventus FC,serie_a,2,3
2025-11-25,2025-26,ucl,"League, Matchday 5",False,Galatasaray SK,,Royale Union Saint-Gilloise,,0,1
2025-11-25,2025-26,ucl,"League, Matchday 5",False,Manchester City FC,epl,Bayer 04 Leverkusen,bundesliga,0,2
2025-11-25,2025-26,ucl,"League, Matchday 5",False,Olympique de Marseille,ligue_1,Newcastle United FC,epl,2,1
2025-11-25,2025-26,ucl,"League, Matchday 5",False,SK Slavia Praha,,Athletic Club,la_liga,0,0
2025-11-25,2025-26,ucl,"League, Matchday 5",False,SSC Napoli,serie_a,Qarabağ Ağdam FK,,2,0
2025-11-26,2025-26,ucl,"League, Matchday 5",False,Arsenal FC,epl,FC Bayern München,bundesliga,3,1
2025-11-26,2025-26,ucl,"League, Matchday 5",False,Club Atlético de Madrid,la_liga,FC Internazionale Milano,serie_a,2,1
2025-11-26,2025-26,ucl,"League, Matchday 5",False,Eintracht Frankfurt,bundesliga,Atalanta BC,serie_a,0,3
2025-11-26,2025-26,ucl,"League, Matchday 5",False,FC København,,FK Kairat,,3,2
2025-11-26,2025-26,ucl,"League, Matchday 5",False,Liverpool FC,epl,PSV,,1,4
2025-11-26,2025-26,ucl,"League, Matchday 5",False,PAE Olympiakos SFP,,Real Madrid CF,la_liga,3,4
2025-11-26,2025-26,ucl,"League, Matchday 5",False,Paphos FC,,AS Monaco FC,,2,2
2025-11-26,2025-26,ucl,"League, Matchday 5",False,Paris Saint-Germain FC,ligue_1,Tottenham Hotspur FC,epl,5,3
2025-11-26,2025-26,ucl,"League, Matchday 5",False,Sporting Clube de Portugal,,Club Brugge KV,,3,0
2025-12-09,2025-26,ucl,"League, Matchday 6",False,AS Monaco FC,,Galatasaray SK,,1,0
2025-12-09,2025-26,ucl,"League, Matchday 6",False,Atalanta BC,serie_a,Chelsea FC,epl,2,1
2025-12-09,2025-26,ucl,"League, Matchday 6",False,FC Barcelona,la_liga,Eintracht Frankfurt,bundesliga,2,1
2025-12-09,2025-26,ucl,"League, Matchday 6",False,FC Bayern München,bundesliga,Sporting Clube de Portugal,,3,1
2025-12-09,2025-26,ucl,"League, Matchday 6",False,FC Internazionale Milano,serie_a,Liverpool FC,epl,0,1
2025-12-09,2025-26,ucl,"League, Matchday 6",False,FK Kairat,,PAE Olympiakos SFP,,0,1
2025-12-09,2025-26,ucl,"League, Matchday 6",False,PSV,,Club Atlético de Madrid,la_liga,2,3
2025-12-09,2025-26,ucl,"League, Matchday 6",False,Royale Union Saint-Gilloise,,Olympique de Marseille,ligue_1,2,3
2025-12-09,2025-26,ucl,"League, Matchday 6",False,Tottenham Hotspur FC,epl,SK Slavia Praha,,3,0
2025-12-10,2025-26,ucl,"League, Matchday 6",False,Athletic Club,la_liga,Paris Saint-Germain FC,ligue_1,0,0
2025-12-10,2025-26,ucl,"League, Matchday 6",False,Bayer 04 Leverkusen,bundesliga,Newcastle United FC,epl,2,2
2025-12-10,2025-26,ucl,"League, Matchday 6",False,Borussia Dortmund,bundesliga,FK Bodø/Glimt,,2,2
2025-12-10,2025-26,ucl,"League, Matchday 6",False,Club Brugge KV,,Arsenal FC,epl,0,3
2025-12-10,2025-26,ucl,"League, Matchday 6",False,Juventus FC,serie_a,Paphos FC,,2,0
2025-12-10,2025-26,ucl,"League, Matchday 6",False,Qarabağ Ağdam FK,,AFC Ajax,,2,4
2025-12-10,2025-26,ucl,"League, Matchday 6",False,Real Madrid CF,la_liga,Manchester City FC,epl,1,2
2025-12-10,2025-26,ucl,"League, Matchday 6",False,Sport Lisboa e Benfica,,SSC Napoli,serie_a,2,0
2025-12-10,2025-26,ucl,"League, Matchday 6",False,Villarreal CF,la_liga,FC København,,2,3
2026-01-20,2025-26,ucl,"League, Matchday 7",False,FC Internazionale Milano,serie_a,Arsenal FC,epl,1,3
2026-01-20,2025-26,ucl,"League, Matchday 7",False,FC København,,SSC Napoli,serie_a,1,1
2026-01-20,2025-26,ucl,"League, Matchday 7",False,FK Bodø/Glimt,,Manchester City FC,epl,3,1
2026-01-20,2025-26,ucl,"League, Matchday 7",False,FK Kairat,,Club Brugge KV,,1,4
2026-01-20,2025-26,ucl,"League, Matchday 7",False,PAE Olympiakos SFP,,Bayer 04 Leverkusen,bundesliga,2,0
2026-01-20,2025-26,ucl,"League, Matchday 7",False,Real Madrid CF,la_liga,AS Monaco FC,,6,1
2026-01-20,2025-26,ucl,"League, Matchday 7",False,Sporting Clube de Portugal,,Paris Saint-Germain FC,ligue_1,2,1
2026-01-20,2025-26,ucl,"League, Matchday 7",False,Tottenham Hotspur FC,epl,Borussia Dortmund,bundesliga,2,0
2026-01-20,2025-26,ucl,"League, Matchday 7",False,Villarreal CF,la_liga,AFC Ajax,,1,2
2026-01-21,2025-26,ucl,"League, Matchday 7",False,Atalanta BC,serie_a,Athletic Club,la_liga,2,3
2026-01-21,2025-26,ucl,"League, Matchday 7",False,Chelsea FC,epl,Paphos FC,,1,0
2026-01-21,2025-26,ucl,"League, Matchday 7",False,FC Bayern München,bundesliga,Royale Union Saint-Gilloise,,2,0
2026-01-21,2025-26,ucl,"League, Matchday 7",False,Galatasaray SK,,Club Atlético de Madrid,la_liga,1,1
2026-01-21,2025-26,ucl,"League, Matchday 7",False,Juventus FC,serie_a,Sport Lisboa e Benfica,,2,0
2026-01-21,2025-26,ucl,"League, Matchday 7",False,Newcastle United FC,epl,PSV,,3,0
2026-01-21,2025-26,ucl,"League, Matchday 7",False,Olympique de Marseille,ligue_1,Liverpool FC,epl,0,3
2026-01-21,2025-26,ucl,"League, Matchday 7",False,Qarabağ Ağdam FK,,Eintracht Frankfurt,bundesliga,3,2
2026-01-21,2025-26,ucl,"League, Matchday 7",False,SK Slavia Praha,,FC Barcelona,la_liga,2,4
2026-01-28,2025-26,ucl,"League, Matchday 8",False,AFC Ajax,,PAE Olympiakos SFP,,1,2
2026-01-28,2025-26,ucl,"League, Matchday 8",False,AS Monaco FC,,Juventus FC,serie_a,0,0
2026-01-28,2025-26,ucl,"League, Matchday 8",False,Arsenal FC,epl,FK Kairat,,3,2
2026-01-28,2025-26,ucl,"League, Matchday 8",False,Athletic Club,la_liga,Sporting Clube de Portugal,,2,3
2026-01-28,2025-26,ucl,"League, Matchday 8",False,Bayer 04 Leverkusen,bundesliga,Villarreal CF,la_liga,3,0
2026-01-28,2025-26,ucl,"League, Matchday 8",False,Borussia Dortmund,bundesliga,FC Internazionale Milano,serie_a,0,2
2026-01-28,2025-26,ucl,"League, Matchday 8",False,Club Atlético de Madrid,la_liga,FK Bodø/Glimt,,1,2
2026-01-28,2025-26,ucl,"League, Matchday 8",False,Club Brugge KV,,Olympique de Marseille,ligue_1,3,0
2026-01-28,2025-26,ucl,"League, Matchday 8",False,Eintracht Frankfurt,bundesliga,Tottenham Hotspur FC,epl,0,2
2026-01-28,2025-26,ucl,"League, Matchday 8",False,FC Barcelona,la_liga,FC København,,4,1
2026-01-28,2025-26,ucl,"League, Matchday 8",False,Liverpool FC,epl,Qarabağ Ağdam FK,,6,0
2026-01-28,2025-26,ucl,"League, Matchday 8",False,Manchester City FC,epl,Galatasaray SK,,2,0
2026-01-28,2025-26,ucl,"League, Matchday 8",False,PSV,,FC Bayern München,bundesliga,1,2
2026-01-28,2025-26,ucl,"League, Matchday 8",False,Paphos FC,,SK Slavia Praha,,4,1
2026-01-28,2025-26,ucl,"League, Matchday 8",False,Paris Saint-Germain FC,ligue_1,Newcastle United FC,epl,1,1
2026-01-28,2025-26,ucl,"League, Matchday 8",False,Royale Union Saint-Gilloise,,Atalanta BC,serie_a,1,0
2026-01-28,2025-26,ucl,"League, Matchday 8",False,SSC Napoli,serie_a,Chelsea FC,epl,2,3
2026-01-28,2025-26,ucl,"League, Matchday 8",False,Sport Lisboa e Benfica,,Real Madrid CF,la_liga,4,2
2026-02-17,2025-26,ucl,"Playoffs, Matchday 1",False,AS Monaco FC,,Paris Saint-Germain FC,ligue_1,2,3
2026-02-17,2025-26,ucl,"Playoffs, Matchday 1",False,Borussia Dortmund,bundesliga,Atalanta BC,serie_a,2,0
2026-02-17,2025-26,ucl,"Playoffs, Matchday 1",False,Galatasaray SK,,Juventus FC,serie_a,5,2
2026-02-17,2025-26,ucl,"Playoffs, Matchday 1",False,Sport Lisboa e Benfica,,Real Madrid CF,la_liga,0,1
2026-02-18,2025-26,ucl,"Playoffs, Matchday 1",False,Club Brugge KV,,Club Atlético de Madrid,la_liga,3,3
2026-02-18,2025-26,ucl,"Playoffs, Matchday 1",False,FK Bodø/Glimt,,FC Internazionale Milano,serie_a,3,1
2026-02-18,2025-26,ucl,"Playoffs, Matchday 1",False,PAE Olympiakos SFP,,Bayer 04 Leverkusen,bundesliga,0,2
2026-02-18,2025-26,ucl,"Playoffs, Matchday 1",False,Qarabağ Ağdam FK,,Newcastle United FC,epl,1,6
2026-02-24,2025-26,ucl,"Playoffs, Matchday 2",False,Bayer 04 Leverkusen,bundesliga,PAE Olympiakos SFP,,0,0
2026-02-24,2025-26,ucl,"Playoffs, Matchday 2",False,Club Atlético de Madrid,la_liga,Club Brugge KV,,4,1
2026-02-24,2025-26,ucl,"Playoffs, Matchday 2",False,FC Internazionale Milano,serie_a,FK Bodø/Glimt,,1,2
2026-02-24,2025-26,ucl,"Playoffs, Matchday 2",False,Newcastle United FC,epl,Qarabağ Ağdam FK,,3,2
2026-02-25,2025-26,ucl,"Playoffs, Matchday 2",False,Atalanta BC,serie_a,Borussia Dortmund,bundesliga,4,1
2026-02-25,2025-26,ucl,"Playoffs, Matchday 2",False,Juventus FC,serie_a,Galatasaray SK,,3,2
2026-02-25,2025-26,ucl,"Playoffs, Matchday 2",False,Paris Saint-Germain FC,ligue_1,AS Monaco FC,,2,2
2026-02-25,2025-26,ucl,"Playoffs, Matchday 2",False,Real Madrid CF,la_liga,Sport Lisboa e Benfica,,2,1
2026-03-10,2025-26,ucl,"Finals, Round of 16",False,Atalanta BC,serie_a,FC Bayern München,bundesliga,1,6
2026-03-10,2025-26,ucl,"Finals, Round of 16",False,Club Atlético de Madrid,la_liga,Tottenham Hotspur FC,epl,5,2
2026-03-10,2025-26,ucl,"Finals, Round of 16",False,Galatasaray SK,,Liverpool FC,epl,1,0
2026-03-10,2025-26,ucl,"Finals, Round of 16",False,Newcastle United FC,epl,FC Barcelona,la_liga,1,1
2026-03-11,2025-26,ucl,"Finals, Round of 16",False,Bayer 04 Leverkusen,bundesliga,Arsenal FC,epl,1,1
2026-03-11,2025-26,ucl,"Finals, Round of 16",False,FK Bodø/Glimt,,Sporting Clube de Portugal,,3,0
2026-03-11,2025-26,ucl,"Finals, Round of 16",False,Paris Saint-Germain FC,ligue_1,Chelsea FC,epl,5,2
2026-03-11,2025-26,ucl,"Finals, Round of 16",False,Real Madrid CF,la_liga,Manchester City FC,epl,3,0
2026-03-17,2025-26,ucl,"Finals, Round of 16",False,Arsenal FC,epl,Bayer 04 Leverkusen,bundesliga,2,0
2026-03-17,2025-26,ucl,"Finals, Round of 16",False,Chelsea FC,epl,Paris Saint-Germain FC,ligue_1,0,3
2026-03-17,2025-26,ucl,"Finals, Round of 16",False,Manchester City FC,epl,Real Madrid CF,la_liga,1,2
2026-03-17,2025-26,ucl,"Finals, Round of 16",False,Sporting Clube de Portugal,,FK Bodø/Glimt,,5,0
2026-03-18,2025-26,ucl,"Finals, Round of 16",False,FC Barcelona,la_liga,Newcastle United FC,epl,7,2
2026-03-18,2025-26,ucl,"Finals, Round of 16",False,FC Bayern München,bundesliga,Atalanta BC,serie_a,4,1
2026-03-18,2025-26,ucl,"Finals, Round of 16",False,Liverpool FC,epl,Galatasaray SK,,4,0
2026-03-18,2025-26,ucl,"Finals, Round of 16",False,Tottenham Hotspur FC,epl,Club Atlético de Madrid,la_liga,3,2
2026-04-07,2025-26,ucl,"Finals, Quarterfinals",False,Real Madrid CF,la_liga,FC Bayern München,bundesliga,1,2
2026-04-07,2025-26,ucl,"Finals, Quarterfinals",False,Sporting Clube de Portugal,,Arsenal FC,epl,0,1
2026-04-08,2025-26,ucl,"Finals, Quarterfinals",False,FC Barcelona,la_liga,Club Atlético de Madrid,la_liga,0,2
2026-04-08,2025-26,ucl,"Finals, Quarterfinals",False,Paris Saint-Germain FC,ligue_1,Liverpool FC,epl,2,0
2026-04-14,2025-26,ucl,"Finals, Quarterfinals",False,Club Atlético de Madrid,la_liga,FC Barcelona,la_liga,1,2
2026-04-14,2025-26,ucl,"Finals, Quarterfinals",False,Liverpool FC,epl,Paris Saint-Germain FC,ligue_1,0,2
2026-04-15,2025-26,ucl,"Finals, Quarterfinals",False,Arsenal FC,epl,Sporting Clube de Portugal,,0,0
2026-04-15,2025-26,ucl,"Finals, Quarterfinals",False,FC Bayern München,bundesliga,Real Madrid CF,la_liga,4,3
2026-04-28,2025-26,ucl,"Finals, Semifinals",False,Paris Saint-Germain FC,ligue_1,FC Bayern München,bundesliga,5,4
2026-04-29,2025-26,ucl,"Finals, Semifinals",False,Club Atlético de Madrid,la_liga,Arsenal FC,epl,1,1
2026-05-05,2025-26,ucl,"Finals, Semifinals",False,Arsenal FC,epl,Club Atlético de Madrid,la_liga,1,0
2026-05-06,2025-26,ucl,"Finals, Semifinals",False,FC Bayern München,bundesliga,Paris Saint-Germain FC,ligue_1,1,1
2026-05-30,2025-26,ucl,"Finals, Final",True,Paris Saint-Germain FC,ligue_1,Arsenal FC,epl,1,1
