league,season,date,match_id,home_team,away_team,goals_home,goals_away,xg_home,xg_away,npxg_home,npxg_away,xpts_home,xpts_away,ppda_att_home,ppda_def_home,ppda_att_away,ppda_def_away,deep_home,deep_away
epl,2025-26,2025-08-15,28778,Liverpool FC,AFC Bournemouth,4,2,2.33,1.573,2.33,1.573,1.877,0.895,149,17,278,24,9,8
la_liga,2025-26,2025-08-15,29158,Girona FC,Rayo Vallecano de Madrid,1,3,0.795,3.254,0.795,2.51,0.093,2.85,288,12,218,30,1,4
la_liga,2025-26,2025-08-15,29159,Villarreal CF,Real Oviedo,2,0,2.607,0.856,2.607,0.113,2.552,0.293,228,28,283,7,20,0
ligue_1,2025-26,2025-08-15,29538,Stade Rennais FC 1901,Olympique de Marseille,1,0,1.314,2.073,1.314,2.073,0.858,1.917,347,9,160,24,3,7
epl,2025-26,2025-08-16,28779,Aston Villa FC,Newcastle United FC,0,0,0.319,1.401,0.319,1.401,0.426,2.337,227,12,146,24,2,6
epl,2025-26,2025-08-16,28780,Brighton & Hove Albion FC,Fulham FC,1,1,1.44,0.903,0.679,0.903,1.856,0.835,250,28,292,18,5,6
epl,2025-26,2025-08-16,28781,Sunderland AFC,West Ham United FC,3,0,0.724,0.559,0.724,0.559,1.48,1.129,291,14,165,15,2,8
epl,2025-26,2025-08-16,28782,Tottenham Hotspur FC,Burnley FC,3,0,1.979,0.734,1.979,0.734,2.309,0.492,108,17,295,17,7,6
epl,2025-26,2025-08-16,28783,Wolverhampton Wanderers FC,Manchester City FC,0,4,0.519,2.299,0.519,2.299,0.239,2.643,351,29,236,20,4,8
la_liga,2025-26,2025-08-16,29161,Deportivo Alavés,Levante UD,2,1,1.723,0.742,1.723,0.742,2.176,0.573,134,21,241,12,2,2
la_liga,2025-26,2025-08-16,29160,RCD Mallorca,FC Barcelona,0,3,0.529,2.024,0.529,2.024,0.37,2.444,231,12,121,30,2,19
la_liga,2025-26,2025-08-16,29162,Valencia CF,Real Sociedad de Fútbol,1,1,1.586,1.049,1.586,1.049,1.789,0.942,218,12,242,20,9,4
ligue_1,2025-26,2025-08-16,29540,AS Monaco FC,Havre AC,3,1,1.88,0.427,1.88,0.427,2.563,0.279,134,18,403,25,15,0
ligue_1,2025-26,2025-08-16,29541,OGC Nice,Toulouse FC,0,1,0.956,0.569,0.956,0.569,1.737,0.915,213,19,272,19,11,9
ligue_1,2025-26,2025-08-16,29539,Racing Club de Lens,Olympique Lyonnais,0,1,1.874,1.615,1.874,1.615,1.569,1.17,203,25,229,30,12,7
epl,2025-26,2025-08-17,28784,Chelsea FC,Crystal Palace FC,0,0,1.368,1.034,1.368,1.034,1.614,1.093,135,23,335,19,7,2
epl,2025-26,2025-08-17,28786,Manchester United FC,Arsenal FC,0,1,1.377,1.33,1.377,1.33,1.33,1.363,166,21,259,23,7,3
epl,2025-26,2025-08-17,28785,Nottingham Forest FC,Brentford FC,3,1,1.756,1.325,1.756,0.564,1.7,1.015,234,21,167,17,6,3
la_liga,2025-26,2025-08-17,29164,Athletic Club,Sevilla FC,3,2,2.676,0.902,1.933,0.902,2.564,0.31,304,15,211,21,12,4
la_liga,2025-26,2025-08-17,29163,RC Celta de Vigo,Getafe CF,0,2,0.744,1.501,0.744,1.501,0.676,2.061,110,29,308,19,11,6
la_liga,2025-26,2025-08-17,29165,RCD Espanyol de Barcelona,Club Atlético de Madrid,2,1,1.415,1.293,1.415,1.293,1.51,1.187,374,19,238,18,2,17
ligue_1,2025-26,2025-08-17,29543,AJ Auxerre,FC Lorient,1,0,1.492,1.845,0.732,1.845,1.088,1.627,307,31,224,20,1,3
ligue_1,2025-26,2025-08-17,29544,Angers SCO,Paris FC,1,0,0.821,0.711,0.821,0.711,1.455,1.184,355,16,149,17,2,4
ligue_1,2025-26,2025-08-17,29545,FC Metz,RC Strasbourg Alsace,0,1,0.184,0.731,0.184,0.731,0.675,1.897,370,23,238,36,1,6
ligue_1,2025-26,2025-08-17,29546,FC Nantes,Paris Saint-Germain FC,0,1,0.124,1.357,0.124,1.357,0.324,2.434,283,8,190,19,2,14
ligue_1,2025-26,2025-08-17,29542,Stade Brestois 29,Lille OSC,3,3,1.496,1.842,1.496,1.842,1.091,1.643,249,29,215,19,5,13
epl,2025-26,2025-08-18,28787,Leeds United FC,Everton FC,1,0,2.381,0.674,1.62,0.674,2.574,0.286,251,16,275,10,5,2
la_liga,2025-26,2025-08-18,29166,Elche CF,Real Betis Balompié,1,1,0.981,1.596,0.981,1.596,0.852,1.859,165,20,405,19,5,8
la_liga,2025-26,2025-08-19,29167,Real Madrid CF,CA Osasuna,1,0,1.429,0.201,0.686,0.201,2.545,0.271,174,24,271,13,9,2
bundesliga,2025-26,2025-08-22,30224,FC Bayern München,RB Leipzig,6,0,3.299,0.522,3.299,0.522,2.845,0.104,255,29,375,21,13,6
epl,2025-26,2025-08-22,28788,West Ham United FC,Chelsea FC,1,5,0.979,3.95,0.979,3.95,0.094,2.857,342,13,227,19,6,5
la_liga,2025-26,2025-08-22,29168,Real Betis Balompié,Deportivo Alavés,1,0,2.14,1.438,2.14,1.438,1.886,0.879,260,19,283,29,8,0
ligue_1,2025-26,2025-08-22,29547,Paris Saint-Germain FC,Angers SCO,1,0,2.088,0.177,1.328,0.177,2.787,0.123,126,25,284,11,12,1
bundesliga,2025-26,2025-08-23,30225,1. FC Heidenheim 1846,VfL Wolfsburg,1,3,0.783,2.577,0.783,1.819,0.225,2.656,240,14,233,20,0,5
bundesliga,2025-26,2025-08-23,30227,1. FC Union Berlin,VfB Stuttgart,2,1,0.529,1.801,0.529,1.801,0.469,2.325,382,21,72,19,1,10
bundesliga,2025-26,2025-08-23,30226,Bayer 04 Leverkusen,TSG 1899 Hoffenheim,1,2,1.053,0.505,1.053,0.505,1.898,0.78,227,15,363,23,3,6
bundesliga,2025-26,2025-08-23,30228,Eintracht Frankfurt,SV Werder Bremen,4,1,3.107,0.588,3.107,0.588,2.848,0.094,264,30,252,14,8,8
bundesliga,2025-26,2025-08-23,30230,FC St. Pauli 1910,Borussia Dortmund,3,3,1.468,2.103,0.71,1.345,0.852,1.889,346,23,241,18,8,5
bundesliga,2025-26,2025-08-23,30229,SC Freiburg,FC Augsburg,1,3,2.272,1.302,1.515,1.302,2.08,0.706,135,19,270,33,6,3
epl,2025-26,2025-08-23,28792,AFC Bournemouth,Wolverhampton Wanderers FC,1,0,1.785,0.373,1.785,0.373,2.531,0.305,147,25,219,21,6,3
epl,2025-26,2025-08-23,28793,Arsenal FC,Leeds United FC,5,0,2.738,0.157,1.976,0.157,2.91,0.051,175,22,418,15,5,1
epl,2025-26,2025-08-23,28790,Brentford FC,Aston Villa FC,1,0,1.13,0.977,1.13,0.977,1.538,1.129,302,28,92,17,2,14
epl,2025-26,2025-08-23,28791,Burnley FC,Sunderland AFC,2,0,1.004,1.121,1.004,1.121,1.223,1.448,324,21,247,12,4,4
epl,2025-26,2025-08-23,28789,Manchester City FC,Tottenham Hotspur FC,0,2,1.248,1.28,1.248,1.28,1.347,1.364,188,18,292,22,8,4
la_liga,2025-26,2025-08-23,29170,Club Atlético de Madrid,Elche CF,1,1,1.682,0.313,1.682,0.313,2.492,0.324,255,32,271,18,13,1
la_liga,2025-26,2025-08-23,29171,Levante UD,FC Barcelona,2,3,2.688,2.481,1.945,2.481,1.537,1.245,297,16,79,18,4,21
la_liga,2025-26,2025-08-23,29169,RCD Mallorca,RC Celta de Vigo,1,1,0.665,0.917,0.665,0.917,1.058,1.591,300,17,245,15,6,2
ligue_1,2025-26,2025-08-23,29549,OGC Nice,AJ Auxerre,3,1,2.663,2.244,2.663,2.244,1.691,1.078,223,21,306,26,7,5
ligue_1,2025-26,2025-08-23,29550,Olympique Lyonnais,FC Metz,3,0,2.355,0.505,2.355,0.505,2.671,0.215,334,18,388,22,10,1
ligue_1,2025-26,2025-08-23,29548,Olympique de Marseille,Paris FC,5,2,3.337,1.055,1.817,1.055,2.722,0.191,289,18,415,16,6,2
serie_a,2025-26,2025-08-23,29846,AC Milan,US Cremonese,1,2,2.085,0.364,2.085,0.364,2.6,0.256,232,17,348,20,19,0
serie_a,2025-26,2025-08-23,29847,AS Roma,Bologna FC 1909,1,0,1.477,0.444,1.477,0.444,2.254,0.51,255,32,244,20,5,0
serie_a,2025-26,2025-08-23,29844,Genoa CFC,US Lecce,0,0,0.566,0.551,0.566,0.551,1.317,1.241,125,23,274,34,3,4
serie_a,2025-26,2025-08-23,29845,US Sassuolo Calcio,SSC Napoli,0,2,0.298,1.555,0.298,1.555,0.313,2.502,416,27,214,28,2,4
bundesliga,2025-26,2025-08-24,30231,1. FSV Mainz 05,1. FC Köln,0,1,1.317,1.647,1.317,1.647,1.093,1.649,197,15,183,17,12,7
bundesliga,2025-26,2025-08-24,30232,Borussia Mönchengladbach,Hamburger SV,0,0,1.017,0.286,1.017,0.286,2.018,0.629,216,24,317,19,6,4
epl,2025-26,2025-08-24,28794,Crystal Palace FC,Nottingham Forest FC,1,1,1.102,1.33,1.102,1.33,1.154,1.539,294,23,197,19,6,4
epl,2025-26,2025-08-24,28795,Everton FC,Brighton & Hove Albion FC,2,0,1.801,2.085,1.801,1.324,1.107,1.616,301,17,165,19,5,8
epl,2025-26,2025-08-24,28796,Fulham FC,Manchester United FC,1,1,1.653,1.546,1.653,0.785,1.446,1.269,218,22,196,18,11,11
la_liga,2025-26,2025-08-24,29172,CA Osasuna,Valencia CF,1,0,0.947,0.59,0.947,0.59,1.604,1.028,222,19,230,14,7,4
la_liga,2025-26,2025-08-24,29175,Real Oviedo,Real Madrid CF,0,3,0.337,1.821,0.337,1.821,0.347,2.461,297,12,227,29,6,8
la_liga,2025-26,2025-08-24,29174,Real Sociedad de Fútbol,RCD Espanyol de Barcelona,2,2,1.434,1.872,1.434,1.129,0.996,1.749,161,26,302,26,5,7
la_liga,2025-26,2025-08-24,29173,Villarreal CF,Girona FC,5,0,2.977,0.14,2.977,0.14,2.944,0.031,295,16,307,23,12,4
ligue_1,2025-26,2025-08-24,29551,FC Lorient,Stade Rennais FC 1901,4,0,3.447,0.073,3.447,0.073,2.97,0.017,302,33,196,13,19,0
ligue_1,2025-26,2025-08-24,29553,Havre AC,Racing Club de Lens,1,2,2.04,1.291,2.04,0.531,1.963,0.766,263,35,302,20,8,2
ligue_1,2025-26,2025-08-24,29555,Lille OSC,AS Monaco FC,1,0,2.411,1.522,1.651,1.522,2.016,0.757,243,23,232,29,12,0
ligue_1,2025-26,2025-08-24,29552,RC Strasbourg Alsace,FC Nantes,1,0,1.817,0.425,1.817,0.425,2.594,0.252,325,33,271,16,6,2
ligue_1,2025-26,2025-08-24,29554,Toulouse FC,Stade Brestois 29,2,0,1.324,0.75,1.324,0.75,2.023,0.683,248,26,233,25,3,7
serie_a,2025-26,2025-08-24,29850,Atalanta BC,AC Pisa 1909,1,1,2.047,1.029,2.047,1.029,2.132,0.642,156,11,305,27,13,4
serie_a,2025-26,2025-08-24,29848,Cagliari Calcio,ACF Fiorentina,1,1,1.517,1.143,1.517,1.143,1.626,1.057,281,24,212,22,6,3
serie_a,2025-26,2025-08-24,29849,Como 1907,SS Lazio,2,0,1.285,0.203,1.285,0.203,2.315,0.419,202,35,339,26,5,2
serie_a,2025-26,2025-08-24,29851,Juventus FC,Parma Calcio 1913,2,0,2.742,0.816,2.742,0.816,2.638,0.241,155,21,231,21,11,3
epl,2025-26,2025-08-25,28797,Newcastle United FC,Liverpool FC,2,3,1.963,0.647,1.963,0.647,2.427,0.393,265,22,106,14,3,6
la_liga,2025-26,2025-08-25,29176,Athletic Club,Rayo Vallecano de Madrid,1,0,1.688,0.494,0.944,0.494,2.426,0.372,322,25,185,18,7,0
la_liga,2025-26,2025-08-25,29177,Sevilla FC,Getafe CF,1,2,0.833,1.329,0.833,1.329,0.827,1.863,87,24,303,23,4,4
serie_a,2025-26,2025-08-25,29853,FC Internazionale Milano,Torino FC,5,0,2.61,0.816,2.61,0.816,2.518,0.342,253,31,419,10,15,3
serie_a,2025-26,2025-08-25,29852,Udinese Calcio,Hellas Verona FC,1,1,1.051,0.799,1.051,0.799,1.541,1.076,162,21,285,15,6,1
la_liga,2025-26,2025-08-27,29178,RC Celta de Vigo,Real Betis Balompié,1,1,0.905,0.714,0.905,0.714,1.488,1.153,298,15,313,23,12,3
bundesliga,2025-26,2025-08-29,30233,Hamburger SV,FC St. Pauli 1910,0,2,0.741,1.854,0.741,1.854,0.522,2.254,273,16,288,28,4,5
la_liga,2025-26,2025-08-29,29179,Elche CF,Levante UD,2,0,1.443,0.97,1.443,0.97,1.716,1,140,19,327,18,7,4
la_liga,2025-26,2025-08-29,29180,Valencia CF,Getafe CF,3,0,1.543,0.757,1.543,0.757,2.045,0.704,146,15,241,20,1,2
ligue_1,2025-26,2025-08-29,29556,Racing Club de Lens,Stade Brestois 29,3,1,4.421,0.963,3.66,0.963,2.883,0.082,148,18,311,17,13,3
serie_a,2025-26,2025-08-29,29854,US Cremonese,US Sassuolo Calcio,3,2,3.529,1.33,2.768,0.568,2.785,0.137,304,22,194,20,2,6
serie_a,2025-26,2025-08-29,29855,US Lecce,AC Milan,0,2,0.482,2.132,0.482,2.132,0.302,2.551,305,14,214,10,7,11
bundesliga,2025-26,2025-08-30,30238,FC Augsburg,FC Bayern München,2,3,0.506,3.375,0.506,3.375,0.096,2.849,266,24,231,31,5,16
bundesliga,2025-26,2025-08-30,30235,RB Leipzig,1. FC Heidenheim 1846,2,0,3.297,0.97,3.297,0.97,2.701,0.207,152,24,309,17,10,4
bundesliga,2025-26,2025-08-30,30236,SV Werder Bremen,Bayer 04 Leverkusen,3,3,2.327,2.037,1.569,1.28,1.589,1.154,371,20,279,17,10,7
bundesliga,2025-26,2025-08-30,30234,TSG 1899 Hoffenheim,Eintracht Frankfurt,1,3,1.282,1.821,1.282,1.821,0.901,1.841,188,29,271,14,5,5
bundesliga,2025-26,2025-08-30,30237,VfB Stuttgart,Borussia Mönchengladbach,1,0,0.925,1.607,0.925,1.607,0.858,1.891,255,16,296,23,5,8
epl,2025-26,2025-08-30,28798,Chelsea FC,Fulham FC,2,0,2.432,0.736,1.671,0.736,2.567,0.299,233,25,293,27,4,9
epl,2025-26,2025-08-30,28803,Leeds United FC,Newcastle United FC,0,0,0.677,0.304,0.677,0.304,1.676,0.872,327,22,236,21,5,5
epl,2025-26,2025-08-30,28802,Manchester United FC,Burnley FC,3,2,4.022,1.326,3.261,1.326,2.799,0.136,167,11,272,17,8,3
epl,2025-26,2025-08-30,28801,Sunderland AFC,Brentford FC,2,1,1.571,1.446,0.81,0.685,1.416,1.265,197,38,237,11,2,4
epl,2025-26,2025-08-30,28799,Tottenham Hotspur FC,AFC Bournemouth,0,1,0.171,2.12,0.171,2.12,0.157,2.734,130,25,293,41,4,11
epl,2025-26,2025-08-30,28800,Wolverhampton Wanderers FC,Everton FC,2,3,0.943,2.038,0.943,2.038,0.57,2.222,158,27,311,26,5,11
la_liga,2025-26,2025-08-30,29181,Deportivo Alavés,Club Atlético de Madrid,1,1,0.855,0.961,0.112,0.961,1.324,1.32,293,14,187,34,3,9
la_liga,2025-26,2025-08-30,29183,Girona FC,Sevilla FC,0,2,2.009,1.62,2.009,1.62,1.704,1.041,189,20,271,19,9,6
la_liga,2025-26,2025-08-30,29184,Real Madrid CF,RCD Mallorca,2,1,1.841,0.55,1.841,0.55,2.384,0.423,220,23,213,11,13,3
la_liga,2025-26,2025-08-30,29182,Real Oviedo,Real Sociedad de Fútbol,1,0,0.457,0.922,0.457,0.922,0.892,1.748,310,16,241,25,4,7
ligue_1,2025-26,2025-08-30,29557,FC Lorient,Lille OSC,1,7,1.16,3.703,0.246,3.703,0.126,2.804,314,15,204,35,1,11
ligue_1,2025-26,2025-08-30,29558,FC Nantes,AJ Auxerre,1,0,0.418,1.11,0.418,1.11,0.647,2.027,261,21,236,25,1,5
ligue_1,2025-26,2025-08-30,29559,Toulouse FC,Paris Saint-Germain FC,3,6,2.33,2.496,1.57,0.976,1.246,1.493,575,16,147,21,5,11
serie_a,2025-26,2025-08-30,29858,AC Pisa 1909,AS Roma,0,1,0.663,0.954,0.663,0.954,1.042,1.592,296,12,133,29,3,12
serie_a,2025-26,2025-08-30,29856,Bologna FC 1909,Como 1907,1,0,1.516,0.522,1.516,0.522,2.227,0.535,303,23,130,28,3,7
serie_a,2025-26,2025-08-30,29857,Parma Calcio 1913,Atalanta BC,1,1,0.751,1.197,0.751,1.197,0.936,1.7,244,25,175,17,3,13
serie_a,2025-26,2025-08-30,29859,SSC Napoli,Cagliari Calcio,1,0,1.732,0.644,1.732,0.644,2.196,0.575,194,21,352,11,8,0
bundesliga,2025-26,2025-08-31,30241,1. FC Köln,SC Freiburg,4,1,1.841,0.933,1.841,0.933,2.058,0.716,338,14,206,13,8,7
bundesliga,2025-26,2025-08-31,30240,Borussia Dortmund,1. FC Union Berlin,3,0,1.826,0.971,1.826,0.971,2.044,0.714,224,15,433,15,12,2
bundesliga,2025-26,2025-08-31,30239,VfL Wolfsburg,1. FSV Mainz 05,1,1,0.617,1.815,0.617,1.057,0.44,2.36,210,14,170,37,1,13
epl,2025-26,2025-08-31,28807,Aston Villa FC,Crystal Palace FC,0,3,1.206,2.597,1.206,1.836,0.381,2.458,222,21,288,15,6,5
epl,2025-26,2025-08-31,28805,Brighton & Hove Albion FC,Manchester City FC,2,1,2.209,2.134,1.447,2.134,1.421,1.306,319,27,179,15,4,9
epl,2025-26,2025-08-31,28806,Liverpool FC,Arsenal FC,1,0,0.481,0.486,0.481,0.486,1.267,1.271,226,15,296,23,4,5
epl,2025-26,2025-08-31,28804,Nottingham Forest FC,West Ham United FC,0,3,0.716,2.236,0.716,1.475,0.333,2.511,256,26,279,13,6,5
la_liga,2025-26,2025-08-31,29185,RC Celta de Vigo,Villarreal CF,1,1,0.876,0.97,0.876,0.97,1.225,1.424,215,22,411,19,9,7
la_liga,2025-26,2025-08-31,29187,RCD Espanyol de Barcelona,CA Osasuna,1,0,1.369,1.382,1.369,1.382,1.35,1.357,289,20,226,19,6,7
la_liga,2025-26,2025-08-31,29188,Rayo Vallecano de Madrid,FC Barcelona,1,1,1.871,2.358,1.871,1.614,1.008,1.754,257,32,168,20,3,4
la_liga,2025-26,2025-08-31,29186,Real Betis Balompié,Athletic Club,1,2,0.716,1.111,0.716,1.111,0.983,1.689,263,26,265,31,4,6
ligue_1,2025-26,2025-08-31,29563,AS Monaco FC,RC Strasbourg Alsace,3,2,2.355,1.773,2.355,1.013,1.794,0.966,311,33,238,27,7,11
ligue_1,2025-26,2025-08-31,29560,Angers SCO,Stade Rennais FC 1901,1,1,1.586,1.738,1.586,1.738,1.254,1.465,428,12,276,26,1,9
ligue_1,2025-26,2025-08-31,29561,Havre AC,OGC Nice,3,1,1.756,0.716,1.756,0.716,2.197,0.564,266,14,208,27,4,5
ligue_1,2025-26,2025-08-31,29564,Olympique Lyonnais,Olympique de Marseille,1,0,3.157,0.897,3.157,0.897,2.821,0.111,199,21,192,11,8,4
ligue_1,2025-26,2025-08-31,29562,Paris FC,FC Metz,3,2,3.399,1.625,2.639,1.625,2.455,0.417,334,12,277,14,11,6
serie_a,2025-26,2025-08-31,29862,FC Internazionale Milano,Udinese Calcio,1,2,1.672,1.2,1.672,0.439,1.757,0.889,119,18,305,15,8,4
serie_a,2025-26,2025-08-31,29860,Genoa CFC,Juventus FC,0,1,0.593,1.551,0.593,1.551,0.536,2.224,269,27,195,34,2,2
serie_a,2025-26,2025-08-31,29863,SS Lazio,Hellas Verona FC,4,0,3.966,0.6,3.966,0.6,2.91,0.058,196,26,440,19,13,6
serie_a,2025-26,2025-08-31,29861,Torino FC,ACF Fiorentina,0,0,1.05,1.189,1.05,1.189,1.232,1.442,231,19,150,17,7,2
bundesliga,2025-26,2025-09-12,30242,Bayer 04 Leverkusen,Eintracht Frankfurt,3,1,2.315,0.792,1.557,0.792,2.454,0.38,243,23,178,18,3,2
la_liga,2025-26,2025-09-12,29189,Sevilla FC,Elche CF,2,2,0.346,0.781,0.346,0.781,0.781,1.83,218,40,178,28,5,1
ligue_1,2025-26,2025-09-12,29568,Olympique de Marseille,FC Lorient,4,0,2.834,0.187,2.074,0.187,2.911,0.051,216,32,328,7,15,0
bundesliga,2025-26,2025-09-13,30244,1. FC Heidenheim 1846,Borussia Dortmund,0,2,0.299,2.85,0.299,2.85,0.094,2.845,307,13,136,17,1,28
bundesliga,2025-26,2025-09-13,30247,1. FC Union Berlin,TSG 1899 Hoffenheim,2,4,3.081,3.341,3.081,1.825,1.177,1.588,263,21,177,27,6,6
bundesliga,2025-26,2025-09-13,30245,1. FSV Mainz 05,RB Leipzig,0,1,0.77,1.501,0.77,1.501,0.768,1.968,186,33,215,18,15,6
bundesliga,2025-26,2025-09-13,30248,FC Bayern München,Hamburger SV,5,0,3.037,0.559,2.279,0.559,2.78,0.144,203,21,336,10,25,3
bundesliga,2025-26,2025-09-13,30243,SC Freiburg,VfB Stuttgart,3,1,1.683,0.549,0.925,0.549,2.335,0.456,257,16,185,16,7,4
bundesliga,2025-26,2025-09-13,30246,VfL Wolfsburg,1. FC Köln,3,3,1.798,1.726,1.798,1.726,1.391,1.33,182,16,260,18,3,5
epl,2025-26,2025-09-13,28810,AFC Bournemouth,Brighton & Hove Albion FC,2,1,1.442,0.625,0.681,0.625,2.119,0.614,195,18,200,23,5,3
epl,2025-26,2025-09-13,28808,Arsenal FC,Nottingham Forest FC,3,0,2.882,0.294,2.882,0.294,2.874,0.078,219,20,291,20,10,1
epl,2025-26,2025-09-13,28815,Brentford FC,Chelsea FC,2,2,1.175,0.756,1.175,0.756,1.784,0.916,323,16,151,29,8,12
epl,2025-26,2025-09-13,28811,Crystal Palace FC,Sunderland AFC,0,0,1.758,0.354,1.758,0.354,2.515,0.316,244,18,320,18,8,4
epl,2025-26,2025-09-13,28812,Everton FC,Aston Villa FC,0,0,1.893,0.354,1.893,0.354,2.52,0.314,191,27,159,19,10,3
epl,2025-26,2025-09-13,28813,Fulham FC,Leeds United FC,1,0,1.14,0.83,1.14,0.83,1.65,1.012,218,23,242,18,4,5
epl,2025-26,2025-09-13,28809,Newcastle United FC,Wolverhampton Wanderers FC,1,0,1.192,0.376,1.192,0.376,2.155,0.56,169,16,217,24,12,3
epl,2025-26,2025-09-13,28814,West Ham United FC,Tottenham Hotspur FC,0,3,0.793,1.514,0.793,1.514,0.79,1.93,316,18,152,14,2,8
la_liga,2025-26,2025-09-13,29196,Athletic Club,Deportivo Alavés,0,1,0.867,0.091,0.867,0.091,2.184,0.455,193,38,253,26,5,0
la_liga,2025-26,2025-09-13,29193,Club Atlético de Madrid,Villarreal CF,2,0,1.511,0.668,1.511,0.668,2.119,0.628,200,14,370,17,5,3
la_liga,2025-26,2025-09-13,29190,Getafe CF,Real Oviedo,2,0,0.954,0.37,0.954,0.37,1.917,0.733,233,27,158,20,2,1
la_liga,2025-26,2025-09-13,29195,Real Sociedad de Fútbol,Real Madrid CF,1,2,3.148,2.542,2.404,2.542,1.778,1.02,154,19,233,16,10,6
ligue_1,2025-26,2025-09-13,29565,AJ Auxerre,AS Monaco FC,1,2,0.904,1.626,0.904,1.626,0.809,1.928,330,25,117,30,3,13
ligue_1,2025-26,2025-09-13,29570,OGC Nice,FC Nantes,1,0,2.346,0.776,2.346,0.776,2.459,0.379,183,19,274,25,3,3
serie_a,2025-26,2025-09-13,29866,ACF Fiorentina,SSC Napoli,1,3,1.391,3.554,1.391,2.792,0.242,2.668,248,25,279,23,6,8
serie_a,2025-26,2025-09-13,29864,Cagliari Calcio,Parma Calcio 1913,2,0,1.769,1.955,1.769,1.955,1.278,1.458,202,21,262,37,4,7
serie_a,2025-26,2025-09-13,29865,Juventus FC,FC Internazionale Milano,4,3,0.769,1.016,0.769,1.016,1.095,1.568,216,19,214,20,4,10
bundesliga,2025-26,2025-09-14,30250,Borussia Mönchengladbach,SV Werder Bremen,0,4,1.589,2.247,1.589,1.489,0.909,1.861,256,32,287,16,16,7
bundesliga,2025-26,2025-09-14,30249,FC St. Pauli 1910,FC Augsburg,2,1,1.955,0.934,1.041,0.934,2.277,0.499,279,25,292,17,13,7
epl,2025-26,2025-09-14,28816,Burnley FC,Liverpool FC,0,1,0.168,2.795,0.168,2.034,0.05,2.911,244,22,58,14,0,17
epl,2025-26,2025-09-14,28817,Manchester City FC,Manchester United FC,3,0,1.997,1.519,1.997,1.519,1.697,1.046,269,14,240,26,8,8
la_liga,2025-26,2025-09-14,29197,CA Osasuna,Rayo Vallecano de Madrid,2,0,1.401,0.979,1.401,0.979,1.747,0.971,293,13,153,14,0,8
la_liga,2025-26,2025-09-14,29194,FC Barcelona,Valencia CF,6,0,3.46,0.125,3.46,0.125,2.961,0.023,134,20,369,16,13,1
la_liga,2025-26,2025-09-14,29191,Levante UD,Real Betis Balompié,2,2,1.024,2.195,1.024,2.195,0.596,2.184,311,21,137,20,6,16
la_liga,2025-26,2025-09-14,29192,RC Celta de Vigo,Girona FC,1,1,1.803,1.412,1.06,1.412,1.68,1.058,265,22,337,15,11,11
ligue_1,2025-26,2025-09-14,29569,FC Metz,Angers SCO,1,1,1.763,1.982,1.003,1.222,1.16,1.533,323,22,346,16,2,5
ligue_1,2025-26,2025-09-14,29567,Lille OSC,Toulouse FC,2,1,2.421,1.157,1.661,1.157,2.298,0.503,114,28,344,14,9,2
ligue_1,2025-26,2025-09-14,29571,Paris Saint-Germain FC,Racing Club de Lens,2,0,1.058,1.224,1.058,1.224,1.161,1.542,211,19,522,23,9,4
ligue_1,2025-26,2025-09-14,29573,RC Strasbourg Alsace,Havre AC,1,0,1.434,0.525,0.673,0.525,2.227,0.527,327,17,309,30,6,5
ligue_1,2025-26,2025-09-14,29566,Stade Brestois 29,Paris FC,1,2,2.605,1.85,1.845,1.85,1.924,0.834,320,28,251,14,5,2
ligue_1,2025-26,2025-09-14,29572,Stade Rennais FC 1901,Olympique Lyonnais,3,1,2.209,1.738,2.209,1.738,1.704,1.042,301,38,227,17,4,6
serie_a,2025-26,2025-09-14,29871,AC Milan,Bologna FC 1909,1,0,1.155,0.199,1.155,0.199,2.257,0.451,344,21,196,19,7,2
serie_a,2025-26,2025-09-14,29868,AC Pisa 1909,Udinese Calcio,0,1,1.276,1.729,1.276,1.729,1.031,1.705,202,19,225,20,4,6
serie_a,2025-26,2025-09-14,29867,AS Roma,Torino FC,0,1,1.029,0.805,1.029,0.805,1.5,1.17,102,19,311,14,6,2
serie_a,2025-26,2025-09-14,29869,Atalanta BC,US Lecce,4,1,2.624,0.532,2.624,0.532,2.696,0.205,155,20,274,15,12,4
serie_a,2025-26,2025-09-14,29870,US Sassuolo Calcio,SS Lazio,1,0,1.216,0.858,1.216,0.858,1.724,0.959,339,19,283,21,5,5
la_liga,2025-26,2025-09-15,29198,RCD Espanyol de Barcelona,RCD Mallorca,3,2,2.674,2.032,1.931,1.289,1.881,0.897,268,13,192,22,3,3
serie_a,2025-26,2025-09-15,29873,Como 1907,Genoa CFC,1,1,1.565,2.543,1.565,2.543,0.641,2.137,237,29,292,37,4,6
serie_a,2025-26,2025-09-15,29872,Hellas Verona FC,US Cremonese,0,0,1.888,0.166,1.888,0.166,2.672,0.194,330,28,228,11,3,1
bundesliga,2025-26,2025-09-19,30251,VfB Stuttgart,FC St. Pauli 1910,2,0,2.788,1.057,2.031,1.057,2.517,0.341,261,22,334,24,9,4
la_liga,2025-26,2025-09-19,29200,Real Betis Balompié,Real Sociedad de Fútbol,3,1,2.536,0.607,2.536,0.607,2.61,0.266,288,31,286,29,10,7
ligue_1,2025-26,2025-09-19,29578,Olympique Lyonnais,Angers SCO,1,0,2.205,0.677,2.205,0.677,2.503,0.341,184,30,393,16,5,0
serie_a,2025-26,2025-09-19,29882,US Lecce,Cagliari Calcio,1,2,1.14,2.21,1.14,1.449,0.575,2.21,222,22,222,25,4,10
bundesliga,2025-26,2025-09-20,30253,FC Augsburg,1. FSV Mainz 05,1,4,0.87,2.57,0.87,2.57,0.362,2.493,124,30,224,15,6,9
bundesliga,2025-26,2025-09-20,30254,Hamburger SV,1. FC Heidenheim 1846,2,1,3.322,2.636,3.322,2.636,1.815,0.998,225,19,251,15,5,13
bundesliga,2025-26,2025-09-20,30256,RB Leipzig,1. FC Köln,3,1,3.796,1.393,3.796,1.393,2.767,0.159,278,13,275,12,11,9
bundesliga,2025-26,2025-09-20,30252,SV Werder Bremen,SC Freiburg,0,3,1.273,2.363,0.515,1.605,0.54,2.252,217,27,331,20,5,7
bundesliga,2025-26,2025-09-20,30255,TSG 1899 Hoffenheim,FC Bayern München,1,4,1.037,2.714,1.037,1.199,0.352,2.511,350,27,193,17,6,2
epl,2025-26,2025-09-20,28821,Brighton & Hove Albion FC,Tottenham Hotspur FC,2,2,1.405,1.192,1.405,1.192,1.537,1.134,287,25,155,32,4,14
epl,2025-26,2025-09-20,28822,Burnley FC,Nottingham Forest FC,1,1,1.142,0.831,1.142,0.831,1.636,1.047,340,18,191,21,4,10
epl,2025-26,2025-09-20,28825,Fulham FC,Brentford FC,3,1,1.524,0.827,1.524,0.827,1.952,0.789,258,13,283,21,5,3
epl,2025-26,2025-09-20,28818,Liverpool FC,Everton FC,2,1,1.062,0.721,1.062,0.721,1.667,1.004,153,26,260,23,12,9
epl,2025-26,2025-09-20,28824,Manchester United FC,Chelsea FC,2,1,1.345,0.47,1.345,0.47,2.163,0.562,337,26,184,14,4,5
epl,2025-26,2025-09-20,28819,West Ham United FC,Crystal Palace FC,1,2,0.466,2.336,0.466,2.336,0.221,2.663,197,23,262,11,5,7
epl,2025-26,2025-09-20,28820,Wolverhampton Wanderers FC,Leeds United FC,1,3,1.566,0.457,1.566,0.457,2.29,0.483,274,25,277,21,10,7
la_liga,2025-26,2025-09-20,29208,Deportivo Alavés,Sevilla FC,1,2,0.91,0.892,0.167,0.892,1.384,1.24,255,32,196,25,4,4
la_liga,2025-26,2025-09-20,29202,Girona FC,Levante UD,0,4,0.424,4.502,0.424,4.502,0.015,2.976,350,10,195,22,4,10
la_liga,2025-26,2025-09-20,29206,Real Madrid CF,RCD Espanyol de Barcelona,2,0,2.061,0.969,2.061,0.969,2.229,0.552,173,23,442,29,8,2
la_liga,2025-26,2025-09-20,29203,Valencia CF,Athletic Club,2,0,2.01,0.499,2.01,0.499,2.501,0.337,260,20,222,19,5,3
la_liga,2025-26,2025-09-20,29207,Villarreal CF,CA Osasuna,2,1,3.564,1.956,3.564,1.213,2.362,0.484,158,24,258,11,13,5
ligue_1,2025-26,2025-09-20,29581,FC Nantes,Stade Rennais FC 1901,2,2,2.656,1.44,1.896,0.68,2.253,0.547,289,26,205,17,8,5
ligue_1,2025-26,2025-09-20,29577,Racing Club de Lens,Lille OSC,3,0,3.817,1.899,3.817,1.899,2.523,0.356,307,21,184,20,8,11
ligue_1,2025-26,2025-09-20,29575,Stade Brestois 29,OGC Nice,4,1,2.074,2.264,2.074,2.264,1.274,1.478,343,26,214,20,4,13
serie_a,2025-26,2025-09-20,29877,Bologna FC 1909,Genoa CFC,2,1,1.788,0.795,1.027,0.795,2.207,0.57,154,22,231,22,4,2
serie_a,2025-26,2025-09-20,29876,Hellas Verona FC,Juventus FC,1,1,1.659,0.47,0.898,0.47,2.419,0.385,311,20,82,15,4,7
serie_a,2025-26,2025-09-20,29875,Udinese Calcio,AC Milan,0,3,0.298,1.703,0.298,1.703,0.322,2.493,415,22,199,13,5,10
bundesliga,2025-26,2025-09-21,30258,Bayer 04 Leverkusen,Borussia Mönchengladbach,1,1,1.946,1.299,1.946,1.299,1.871,0.884,258,23,395,27,9,8
bundesliga,2025-26,2025-09-21,30259,Borussia Dortmund,VfL Wolfsburg,1,0,1.247,0.975,1.247,0.975,1.544,1.116,258,19,285,19,11,2
bundesliga,2025-26,2025-09-21,30257,Eintracht Frankfurt,1. FC Union Berlin,3,4,1.756,2.234,0.998,2.234,1.032,1.733,85,16,386,14,15,5
epl,2025-26,2025-09-21,28823,AFC Bournemouth,Newcastle United FC,0,0,0.551,0.154,0.551,0.154,1.704,0.774,184,22,279,17,4,6
epl,2025-26,2025-09-21,28827,Arsenal FC,Manchester City FC,1,1,0.719,1.123,0.719,1.123,0.931,1.747,150,22,323,19,10,3
epl,2025-26,2025-09-21,28826,Sunderland AFC,Aston Villa FC,1,1,0.938,0.939,0.938,0.939,1.324,1.33,227,23,112,16,4,16
la_liga,2025-26,2025-09-21,29201,Elche CF,Real Oviedo,1,0,1.575,1.106,1.575,1.106,1.752,0.976,204,19,350,21,7,3
la_liga,2025-26,2025-09-21,29199,FC Barcelona,Getafe CF,3,0,2.964,0.216,2.964,0.216,2.893,0.066,150,17,392,27,8,0
la_liga,2025-26,2025-09-21,29204,RCD Mallorca,Club Atlético de Madrid,1,1,0.531,2.088,0.531,1.344,0.266,2.586,259,18,202,9,4,9
la_liga,2025-26,2025-09-21,29205,Rayo Vallecano de Madrid,RC Celta de Vigo,1,1,1.315,1.282,1.315,1.282,1.36,1.33,211,17,286,14,7,10
ligue_1,2025-26,2025-09-21,29574,AJ Auxerre,Toulouse FC,1,0,0.883,1.51,0.883,0.749,0.765,1.914,278,19,155,30,5,7
ligue_1,2025-26,2025-09-21,29580,AS Monaco FC,FC Metz,5,2,3.497,1.913,3.497,1.153,2.373,0.468,373,45,248,15,10,7
ligue_1,2025-26,2025-09-21,29576,Havre AC,FC Lorient,1,1,2.234,1.27,1.474,1.27,2.354,0.405,229,29,354,22,3,0
ligue_1,2025-26,2025-09-21,29582,Paris FC,RC Strasbourg Alsace,2,3,1.901,2.465,1.901,2.465,0.927,1.837,271,23,400,13,5,6
serie_a,2025-26,2025-09-21,29879,ACF Fiorentina,Como 1907,1,2,0.425,2.095,0.425,2.095,0.291,2.557,288,31,169,30,1,7
serie_a,2025-26,2025-09-21,29880,FC Internazionale Milano,US Sassuolo Calcio,2,1,3.122,0.851,3.122,0.851,2.675,0.222,199,26,248,15,18,2
serie_a,2025-26,2025-09-21,29881,SS Lazio,AS Roma,0,1,0.667,1.226,0.667,1.226,0.85,1.839,194,18,221,36,3,8
serie_a,2025-26,2025-09-21,29874,Torino FC,Atalanta BC,0,3,1.313,1.677,0.436,1.677,1.006,1.658,383,24,244,19,4,8
serie_a,2025-26,2025-09-21,29878,US Cremonese,Parma Calcio 1913,0,0,0.173,0.902,0.173,0.902,0.585,2.027,214,14,248,21,2,4
ligue_1,2025-26,2025-09-22,29579,Olympique de Marseille,Paris Saint-Germain FC,1,0,1.777,0.92,1.777,0.92,2.066,0.695,417,25,164,21,5,7
serie_a,2025-26,2025-09-22,29883,SSC Napoli,AC Pisa 1909,3,2,1.186,2.52,1.186,1.759,0.503,2.33,194,25,361,25,7,2
la_liga,2025-26,2025-09-23,29217,Athletic Club,Girona FC,1,1,2.026,0.857,2.026,0.857,2.229,0.554,178,37,315,12,8,3
la_liga,2025-26,2025-09-23,29210,Levante UD,Real Madrid CF,1,4,1.701,4.063,1.701,3.32,0.225,2.688,398,28,291,19,5,15
la_liga,2025-26,2025-09-23,29209,RCD Espanyol de Barcelona,Valencia CF,2,2,3.313,1.008,3.313,1.008,2.728,0.18,209,19,249,23,14,0
la_liga,2025-26,2025-09-23,29211,Sevilla FC,Villarreal CF,1,2,0.836,2.405,0.836,2.405,0.388,2.458,174,31,362,34,9,6
la_liga,2025-26,2025-09-24,29216,Club Atlético de Madrid,Rayo Vallecano de Madrid,3,2,4.95,1.62,4.95,1.62,2.855,0.096,230,24,304,21,12,2
la_liga,2025-26,2025-09-24,29212,Getafe CF,Deportivo Alavés,1,1,0.576,1.212,0.576,1.212,0.737,1.96,190,25,138,30,2,2
la_liga,2025-26,2025-09-24,29215,Real Sociedad de Fútbol,RCD Mallorca,1,0,2.829,0.641,2.829,0.641,2.741,0.169,163,25,285,20,11,1
la_liga,2025-26,2025-09-25,29214,CA Osasuna,Elche CF,1,1,1.175,1.051,1.175,1.051,1.442,1.231,341,33,195,19,2,2
la_liga,2025-26,2025-09-25,29213,Real Oviedo,FC Barcelona,1,3,1.45,2.07,1.45,2.07,0.91,1.821,348,10,99,22,4,22
bundesliga,2025-26,2025-09-26,30260,FC Bayern München,SV Werder Bremen,4,0,4.319,0.299,3.561,0.299,2.977,0.013,270,32,359,9,11,4
la_liga,2025-26,2025-09-26,29227,Girona FC,RCD Espanyol de Barcelona,0,0,1.077,0.949,1.077,0.949,1.479,1.212,193,16,315,32,9,1
ligue_1,2025-26,2025-09-26,29590,RC Strasbourg Alsace,Olympique de Marseille,1,2,1.098,2.003,1.098,2.003,0.693,2.087,323,20,273,31,5,3
bundesliga,2025-26,2025-09-27,30261,1. FC Heidenheim 1846,FC Augsburg,2,1,1.791,0.62,1.791,0.62,2.296,0.491,254,27,190,24,8,5
bundesliga,2025-26,2025-09-27,30262,1. FSV Mainz 05,Borussia Dortmund,0,2,0.525,1.755,0.525,1.755,0.376,2.426,203,25,167,19,1,8
bundesliga,2025-26,2025-09-27,30265,Borussia Mönchengladbach,Eintracht Frankfurt,4,6,2.129,3.789,2.129,3.789,0.498,2.354,352,18,231,21,6,11
bundesliga,2025-26,2025-09-27,30263,FC St. Pauli 1910,Bayer 04 Leverkusen,1,2,0.813,1.289,0.813,1.289,0.903,1.804,340,31,266,14,4,3
bundesliga,2025-26,2025-09-27,30264,VfL Wolfsburg,RB Leipzig,0,1,2.597,2.611,2.597,1.853,1.406,1.387,245,17,302,24,9,13
epl,2025-26,2025-09-27,28828,Brentford FC,Manchester United FC,3,1,2.787,2.236,2.787,1.475,1.784,0.966,293,25,194,16,6,1
epl,2025-26,2025-09-27,28829,Chelsea FC,Brighton & Hove Albion FC,1,3,2.027,2.475,2.027,2.475,1.029,1.723,162,19,266,29,4,8
epl,2025-26,2025-09-27,28830,Crystal Palace FC,Liverpool FC,2,1,3.533,3.102,3.533,3.102,1.658,1.145,390,16,120,14,12,5
epl,2025-26,2025-09-27,28832,Leeds United FC,AFC Bournemouth,2,2,2.047,1.06,2.047,1.06,2.096,0.685,262,26,210,25,3,9
epl,2025-26,2025-09-27,28833,Manchester City FC,Burnley FC,5,1,3.221,0.509,3.221,0.509,2.844,0.096,176,11,275,16,15,4
epl,2025-26,2025-09-27,28834,Nottingham Forest FC,Sunderland AFC,0,1,1.42,1.942,1.42,1.942,0.993,1.773,186,20,295,10,6,3
epl,2025-26,2025-09-27,28835,Tottenham Hotspur FC,Wolverhampton Wanderers FC,1,1,0.819,1.16,0.819,1.16,0.992,1.671,237,14,190,20,5,4
la_liga,2025-26,2025-09-27,29219,Club Atlético de Madrid,Real Madrid CF,5,2,2.791,1.028,2.047,1.028,2.556,0.312,287,20,161,17,8,5
la_liga,2025-26,2025-09-27,29222,Getafe CF,Levante UD,1,1,0.831,1.278,0.831,1.278,0.965,1.721,121,23,149,26,3,2
la_liga,2025-26,2025-09-27,29224,RCD Mallorca,Deportivo Alavés,1,0,1.043,0.566,1.043,0.566,1.782,0.889,252,22,171,29,4,6
la_liga,2025-26,2025-09-27,29225,Villarreal CF,Athletic Club,1,0,1.864,1.563,1.864,1.563,1.583,1.128,267,16,204,22,7,5
ligue_1,2025-26,2025-09-27,29585,FC Lorient,AS Monaco FC,3,1,2.094,0.894,2.094,0.134,2.27,0.502,323,7,307,30,12,3
ligue_1,2025-26,2025-09-27,29588,Paris Saint-Germain FC,AJ Auxerre,2,0,2.117,0.731,2.117,0.731,2.38,0.445,168,36,416,18,7,4
ligue_1,2025-26,2025-09-27,29591,Toulouse FC,FC Nantes,2,2,1.986,1.83,1.226,1.83,1.46,1.267,349,35,244,17,8,4
serie_a,2025-26,2025-09-27,29884,Cagliari Calcio,FC Internazionale Milano,0,2,0.475,3.954,0.475,3.954,0.043,2.931,265,25,220,24,1,12
serie_a,2025-26,2025-09-27,29885,Como 1907,US Cremonese,1,1,1.44,0.565,1.44,0.565,2.122,0.613,179,26,292,17,3,2
serie_a,2025-26,2025-09-27,29887,Juventus FC,Atalanta BC,1,1,1.842,0.885,1.842,0.885,2.108,0.661,180,20,344,11,10,1
bundesliga,2025-26,2025-09-28,30267,1. FC Köln,VfB Stuttgart,1,2,1.08,2.209,1.08,1.452,0.59,2.207,282,14,227,21,8,11
bundesliga,2025-26,2025-09-28,30268,1. FC Union Berlin,Hamburger SV,0,0,1.543,1.113,0.785,1.113,1.746,0.973,359,20,133,14,2,11
bundesliga,2025-26,2025-09-28,30266,SC Freiburg,TSG 1899 Hoffenheim,1,1,1.259,2.242,1.259,2.242,0.548,2.202,242,15,154,24,0,3
epl,2025-26,2025-09-28,28831,Aston Villa FC,Fulham FC,3,1,1.366,0.953,1.366,0.953,1.731,0.976,243,14,249,18,6,4
epl,2025-26,2025-09-28,28836,Newcastle United FC,Arsenal FC,1,2,0.74,2.07,0.74,2.07,0.474,2.339,247,15,145,20,4,13
la_liga,2025-26,2025-09-28,29226,Elche CF,RC Celta de Vigo,2,1,4.036,0.822,3.293,0.822,2.91,0.057,213,20,289,25,6,5
la_liga,2025-26,2025-09-28,29220,FC Barcelona,Real Sociedad de Fútbol,2,1,3.01,0.957,3.01,0.957,2.702,0.197,146,17,343,13,19,5
la_liga,2025-26,2025-09-28,29223,Rayo Vallecano de Madrid,Sevilla FC,0,1,1.891,0.58,1.891,0.58,2.378,0.418,153,15,302,21,8,6
la_liga,2025-26,2025-09-28,29221,Real Betis Balompié,CA Osasuna,2,0,1.19,0.578,1.19,0.578,1.887,0.807,330,20,317,12,7,5
ligue_1,2025-26,2025-09-28,29583,Angers SCO,Stade Brestois 29,0,2,0.502,1.342,0.502,0.582,0.543,2.2,193,16,263,24,13,3
ligue_1,2025-26,2025-09-28,29586,FC Metz,Havre AC,0,0,0.399,0.396,0.399,0.396,1.249,1.232,229,24,283,24,0,1
ligue_1,2025-26,2025-09-28,29584,Lille OSC,Olympique Lyonnais,0,1,1.653,0.643,1.653,0.643,2.206,0.561,219,31,207,24,8,7
ligue_1,2025-26,2025-09-28,29587,OGC Nice,Paris FC,1,1,1.37,1.494,1.37,0.734,1.228,1.472,334,25,224,19,5,6
ligue_1,2025-26,2025-09-28,29589,Stade Rennais FC 1901,Racing Club de Lens,0,0,1.574,1.519,1.574,1.519,1.428,1.306,121,25,230,24,5,7
serie_a,2025-26,2025-09-28,29889,AC Milan,SSC Napoli,2,1,0.953,2.239,0.953,1.478,0.445,2.369,298,14,242,18,4,4
serie_a,2025-26,2025-09-28,29891,AC Pisa 1909,ACF Fiorentina,0,0,0.58,0.84,0.58,0.84,1.075,1.549,244,28,114,28,4,4
serie_a,2025-26,2025-09-28,29892,AS Roma,Hellas Verona FC,2,0,1.305,1.354,1.305,1.354,1.305,1.373,140,19,227,27,5,1
serie_a,2025-26,2025-09-28,29888,US Lecce,Bologna FC 1909,2,2,2.09,1.591,2.09,0.83,1.763,0.978,315,23,118,24,6,8
serie_a,2025-26,2025-09-28,29893,US Sassuolo Calcio,Udinese Calcio,3,1,2.313,1.193,2.313,1.193,2.235,0.554,241,12,164,30,5,2
epl,2025-26,2025-09-29,28837,Everton FC,West Ham United FC,1,1,0.91,0.776,0.91,0.776,1.439,1.213,217,17,216,16,12,7
la_liga,2025-26,2025-09-29,29218,Valencia CF,Real Oviedo,1,2,1.723,0.997,0.979,0.997,1.948,0.781,228,22,331,30,6,10
serie_a,2025-26,2025-09-29,29886,Genoa CFC,SS Lazio,0,3,1.477,3.541,1.477,3.541,0.257,2.639,152,27,315,20,3,4
serie_a,2025-26,2025-09-29,29890,Parma Calcio 1913,Torino FC,2,1,1.445,0.661,0.683,0.661,2.094,0.645,251,17,144,16,1,6
bundesliga,2025-26,2025-10-03,30274,TSG 1899 Hoffenheim,1. FC Köln,0,1,1.424,1.309,1.424,1.309,1.414,1.293,165,23,259,13,5,3
epl,2025-26,2025-10-03,28838,AFC Bournemouth,Fulham FC,3,1,1.335,0.843,1.335,0.843,1.808,0.895,235,17,268,14,13,10
la_liga,2025-26,2025-10-03,29235,CA Osasuna,Getafe CF,2,1,0.692,0.857,0.692,0.857,1.156,1.466,129,10,238,21,0,3
ligue_1,2025-26,2025-10-03,29599,Paris FC,FC Lorient,2,0,1.837,0.856,1.837,0.856,2.162,0.615,286,28,426,24,10,2
serie_a,2025-26,2025-10-03,29903,Hellas Verona FC,US Sassuolo Calcio,0,1,0.811,1.506,0.811,0.562,0.681,2.052,185,23,224,20,8,2
bundesliga,2025-26,2025-10-04,30269,Bayer 04 Leverkusen,1. FC Union Berlin,2,0,3.357,1.197,3.357,1.197,2.679,0.225,140,22,527,21,7,4
bundesliga,2025-26,2025-10-04,30271,Borussia Dortmund,RB Leipzig,1,1,0.669,1.141,0.669,1.141,0.908,1.77,334,27,287,23,9,9
bundesliga,2025-26,2025-10-04,30272,Eintracht Frankfurt,FC Bayern München,0,3,0.56,2.23,0.56,2.23,0.277,2.583,419,22,293,20,3,7
bundesliga,2025-26,2025-10-04,30276,FC Augsburg,VfL Wolfsburg,3,1,1.753,1.226,1.753,1.226,1.767,0.986,252,20,182,15,3,9
bundesliga,2025-26,2025-10-04,30277,SV Werder Bremen,FC St. Pauli 1910,1,0,1.78,0.912,1.78,0.912,2.047,0.715,339,22,284,23,7,8
epl,2025-26,2025-10-04,28839,Arsenal FC,West Ham United FC,2,0,3.058,0.865,2.297,0.865,2.752,0.159,139,33,326,13,17,3
epl,2025-26,2025-10-04,28842,Chelsea FC,Liverpool FC,2,1,1.237,2.06,1.237,2.06,0.736,2.008,266,20,274,16,6,9
epl,2025-26,2025-10-04,28844,Leeds United FC,Tottenham Hotspur FC,1,2,1.481,0.688,1.481,0.688,2.063,0.673,195,18,285,19,6,4
epl,2025-26,2025-10-04,28845,Manchester United FC,Sunderland AFC,2,0,1.93,0.807,1.93,0.807,2.255,0.539,234,23,244,25,7,3
la_liga,2025-26,2025-10-04,29229,Athletic Club,RCD Mallorca,2,1,1.734,0.214,0.99,0.214,2.64,0.216,274,28,208,13,3,2
la_liga,2025-26,2025-10-04,29230,Girona FC,Valencia CF,2,1,1.164,2.228,1.164,2.228,0.574,2.195,244,19,235,18,1,5
la_liga,2025-26,2025-10-04,29231,Real Madrid CF,Villarreal CF,3,1,4.323,0.957,3.58,0.957,2.907,0.06,169,29,350,15,13,1
la_liga,2025-26,2025-10-04,29236,Real Oviedo,Levante UD,0,2,1.086,1.621,1.086,1.621,0.887,1.839,209,12,328,22,6,11
ligue_1,2025-26,2025-10-04,29592,AJ Auxerre,Racing Club de Lens,1,2,1.274,0.471,1.274,0.471,2.105,0.619,254,31,275,26,4,3
ligue_1,2025-26,2025-10-04,29597,FC Metz,Olympique de Marseille,0,3,0.153,2.677,0.153,2.677,0.063,2.893,401,6,259,23,0,22
ligue_1,2025-26,2025-10-04,29593,Stade Brestois 29,FC Nantes,0,0,1.446,0.49,1.446,0.49,2.166,0.578,261,27,230,20,9,3
serie_a,2025-26,2025-10-04,29894,Atalanta BC,Como 1907,1,1,1.742,0.959,1.742,0.959,1.999,0.738,304,31,289,24,13,4
serie_a,2025-26,2025-10-04,29897,FC Internazionale Milano,US Cremonese,4,1,4.652,0.62,4.652,0.62,2.96,0.024,177,25,317,12,18,3
serie_a,2025-26,2025-10-04,29901,Parma Calcio 1913,US Lecce,0,1,1.089,0.622,1.089,0.622,1.764,0.905,116,16,269,15,5,3
serie_a,2025-26,2025-10-04,29899,SS Lazio,Torino FC,3,3,1.451,2.181,0.689,2.181,0.823,1.923,261,24,238,34,3,9
bundesliga,2025-26,2025-10-05,30270,Borussia Mönchengladbach,SC Freiburg,0,0,0.471,0.689,0.471,0.689,1.084,1.491,266,17,290,19,6,3
bundesliga,2025-26,2025-10-05,30273,Hamburger SV,1. FSV Mainz 05,4,0,1.659,0.591,1.659,0.591,2.208,0.564,303,21,157,25,3,7
bundesliga,2025-26,2025-10-05,30275,VfB Stuttgart,1. FC Heidenheim 1846,1,0,1.108,0.291,1.108,0.291,2.079,0.598,189,21,322,18,4,2
epl,2025-26,2025-10-05,28840,Aston Villa FC,Burnley FC,2,1,1.736,0.502,1.736,0.502,2.325,0.458,229,18,328,42,8,1
epl,2025-26,2025-10-05,28841,Brentford FC,Manchester City FC,0,1,0.694,1.096,0.694,1.096,0.986,1.667,399,30,189,14,2,9
epl,2025-26,2025-10-05,28843,Everton FC,Crystal Palace FC,2,1,2.139,2.178,1.378,2.178,1.351,1.384,269,29,245,36,5,6
epl,2025-26,2025-10-05,28846,Newcastle United FC,Nottingham Forest FC,2,0,3.817,0.338,3.055,0.338,2.955,0.027,264,33,232,21,13,4
epl,2025-26,2025-10-05,28847,Wolverhampton Wanderers FC,Brighton & Hove Albion FC,1,1,0.369,1.392,0.369,1.392,0.486,2.266,285,21,216,22,2,2
la_liga,2025-26,2025-10-05,29228,Deportivo Alavés,Elche CF,3,1,2.851,0.662,2.107,0.662,2.716,0.187,253,30,204,16,6,4
la_liga,2025-26,2025-10-05,29232,RC Celta de Vigo,Club Atlético de Madrid,1,1,2.273,0.711,2.273,0.711,2.614,0.24,289,24,314,16,12,3
la_liga,2025-26,2025-10-05,29234,RCD Espanyol de Barcelona,Real Betis Balompié,1,2,2.07,1.437,1.327,1.437,1.873,0.862,256,18,263,11,6,5
la_liga,2025-26,2025-10-05,29237,Real Sociedad de Fútbol,Rayo Vallecano de Madrid,0,1,0.769,0.685,0.769,0.685,1.365,1.25,262,20,246,27,6,2
la_liga,2025-26,2025-10-05,29233,Sevilla FC,FC Barcelona,4,1,2.894,2.482,2.151,1.739,1.683,1.098,237,25,157,21,5,10
ligue_1,2025-26,2025-10-05,29598,AS Monaco FC,OGC Nice,2,2,2.456,1.131,0.935,0.371,2.4,0.412,125,25,253,12,12,9
ligue_1,2025-26,2025-10-05,29594,Havre AC,Stade Rennais FC 1901,2,2,1.981,1.213,1.221,1.213,1.976,0.762,287,26,247,24,3,5
ligue_1,2025-26,2025-10-05,29595,Lille OSC,Paris Saint-Germain FC,1,1,0.647,1.712,0.647,1.712,0.556,2.215,437,31,207,16,10,5
ligue_1,2025-26,2025-10-05,29596,Olympique Lyonnais,Toulouse FC,1,2,1.422,1.365,1.422,1.365,1.382,1.339,111,21,428,32,6,5
ligue_1,2025-26,2025-10-05,29600,RC Strasbourg Alsace,Angers SCO,5,0,4.278,0.295,4.278,0.295,2.974,0.015,265,38,561,18,7,2
serie_a,2025-26,2025-10-05,29896,ACF Fiorentina,AS Roma,1,2,1.117,1.225,1.117,1.225,1.19,1.486,274,21,226,31,2,8
serie_a,2025-26,2025-10-05,29895,Bologna FC 1909,AC Pisa 1909,4,0,3.699,0.027,3.699,0.027,2.98,0.011,98,21,287,22,14,1
serie_a,2025-26,2025-10-05,29898,Juventus FC,AC Milan,0,0,0.571,1.557,0.571,0.796,0.539,2.226,300,14,287,13,6,3
serie_a,2025-26,2025-10-05,29900,SSC Napoli,Genoa CFC,2,1,1.879,0.692,1.879,0.692,2.323,0.455,128,21,331,24,6,2
serie_a,2025-26,2025-10-05,29902,Udinese Calcio,Cagliari Calcio,1,1,2.985,0.789,2.985,0.789,2.706,0.2,158,21,243,18,9,2
bundesliga,2025-26,2025-10-17,30285,1. FC Union Berlin,Borussia Mönchengladbach,3,1,1.53,0.629,1.53,0.629,2.079,0.672,303,28,115,17,8,9
la_liga,2025-26,2025-10-17,29246,Real Oviedo,RCD Espanyol de Barcelona,0,2,1.212,4.463,1.212,4.463,0.072,2.895,159,21,351,21,9,9
ligue_1,2025-26,2025-10-17,29608,Paris Saint-Germain FC,RC Strasbourg Alsace,3,3,2.857,1.921,2.096,1.921,2.03,0.76,199,33,497,24,11,7
bundesliga,2025-26,2025-10-18,30281,1. FC Heidenheim 1846,SV Werder Bremen,2,2,3.076,1.856,3.076,1.856,2.143,0.672,192,21,256,12,13,7
bundesliga,2025-26,2025-10-18,30279,1. FC Köln,FC Augsburg,1,1,0.524,1.119,0.524,0.361,0.681,2.016,162,21,243,26,2,2
bundesliga,2025-26,2025-10-18,30282,1. FSV Mainz 05,Bayer 04 Leverkusen,3,4,1.63,4.435,0.872,3.677,0.167,2.768,337,31,184,17,10,15
bundesliga,2025-26,2025-10-18,30278,FC Bayern München,Borussia Dortmund,2,1,2.82,1.41,2.82,1.41,2.381,0.439,176,21,380,30,8,5
bundesliga,2025-26,2025-10-18,30283,RB Leipzig,Hamburger SV,2,1,1.156,1.294,1.156,1.294,1.251,1.449,322,15,290,22,5,7
bundesliga,2025-26,2025-10-18,30286,VfL Wolfsburg,VfB Stuttgart,0,3,0.393,2.395,0.393,2.395,0.199,2.695,297,18,232,16,5,11
epl,2025-26,2025-10-18,28848,Brighton & Hove Albion FC,Newcastle United FC,2,1,0.857,1.283,0.857,1.283,0.996,1.709,295,22,241,25,8,9
epl,2025-26,2025-10-18,28849,Burnley FC,Leeds United FC,2,0,0.51,2.332,0.51,2.332,0.223,2.649,332,21,164,21,2,8
epl,2025-26,2025-10-18,28850,Crystal Palace FC,AFC Bournemouth,3,3,4.563,2.047,3.802,2.047,2.744,0.179,196,25,219,27,14,6
epl,2025-26,2025-10-18,28851,Fulham FC,Arsenal FC,0,1,0.502,2.078,0.502,2.078,0.295,2.563,291,16,180,6,3,14
epl,2025-26,2025-10-18,28853,Manchester City FC,Everton FC,2,0,2.48,0.795,2.48,0.795,2.518,0.325,157,18,434,26,15,4
epl,2025-26,2025-10-18,28854,Nottingham Forest FC,Chelsea FC,0,3,2.055,2.558,2.055,2.558,1.061,1.707,282,19,246,29,9,6
epl,2025-26,2025-10-18,28855,Sunderland AFC,Wolverhampton Wanderers FC,2,0,1.025,0.676,1.025,0.676,1.689,0.979,255,7,157,30,6,11
la_liga,2025-26,2025-10-18,29239,Club Atlético de Madrid,CA Osasuna,1,0,2.244,0.981,2.244,0.981,2.284,0.523,206,21,292,21,14,7
la_liga,2025-26,2025-10-18,29240,FC Barcelona,Girona FC,2,1,2.42,1.694,2.42,1.694,1.876,0.907,184,23,324,8,15,7
la_liga,2025-26,2025-10-18,29247,Sevilla FC,RCD Mallorca,1,3,1.259,1.956,1.259,1.956,0.851,1.914,152,23,242,22,4,2
la_liga,2025-26,2025-10-18,29245,Villarreal CF,Real Betis Balompié,2,2,0.981,0.896,0.981,0.896,1.437,1.24,337,17,215,19,5,12
ligue_1,2025-26,2025-10-18,29601,Angers SCO,AS Monaco FC,1,1,1.581,1.652,1.581,1.652,1.286,1.415,399,27,251,21,4,6
ligue_1,2025-26,2025-10-18,29606,OGC Nice,Olympique Lyonnais,3,2,1.164,2.899,1.164,2.139,0.262,2.597,291,10,121,22,2,13
ligue_1,2025-26,2025-10-18,29604,Olympique de Marseille,Havre AC,6,2,4.204,0.353,3.444,0.353,2.975,0.016,142,21,392,14,13,1
serie_a,2025-26,2025-10-18,29912,AC Pisa 1909,Hellas Verona FC,0,0,0.572,1.655,0.572,1.655,0.522,2.253,131,13,295,28,5,9
serie_a,2025-26,2025-10-18,29913,AS Roma,FC Internazionale Milano,0,1,2.154,0.964,2.154,0.964,2.23,0.573,211,24,306,35,4,5
serie_a,2025-26,2025-10-18,29906,Torino FC,SSC Napoli,1,0,1.908,1.719,1.908,1.719,1.566,1.152,330,13,151,17,2,9
serie_a,2025-26,2025-10-18,29910,US Lecce,US Sassuolo Calcio,0,0,0.67,0.771,0.67,0.771,1.17,1.45,233,21,219,21,3,2
bundesliga,2025-26,2025-10-19,30284,FC St. Pauli 1910,TSG 1899 Hoffenheim,0,3,0.872,1.791,0.872,1.791,0.653,2.087,300,21,199,22,6,8
bundesliga,2025-26,2025-10-19,30280,SC Freiburg,Eintracht Frankfurt,2,2,1.129,0.773,1.129,0.773,1.656,1.036,251,18,263,37,7,4
epl,2025-26,2025-10-19,28852,Liverpool FC,Manchester United FC,1,2,2.61,2.531,2.61,2.531,1.444,1.321,122,16,244,14,10,6
epl,2025-26,2025-10-19,28856,Tottenham Hotspur FC,Aston Villa FC,1,2,1.515,0.352,1.515,0.352,2.384,0.406,205,27,232,18,5,2
la_liga,2025-26,2025-10-19,29244,Elche CF,Athletic Club,0,0,0.824,0.24,0.824,0.24,1.874,0.715,138,19,354,28,7,6
la_liga,2025-26,2025-10-19,29242,Getafe CF,Real Madrid CF,0,1,0.53,2.146,0.53,2.146,0.336,2.5,328,33,80,19,1,13
la_liga,2025-26,2025-10-19,29243,Levante UD,Rayo Vallecano de Madrid,0,3,0.941,2.531,0.941,2.531,0.41,2.446,239,20,216,24,8,5
la_liga,2025-26,2025-10-19,29241,RC Celta de Vigo,Real Sociedad de Fútbol,1,1,0.717,2.136,0.717,2.136,0.436,2.375,245,8,235,33,2,10
ligue_1,2025-26,2025-10-19,29603,FC Lorient,Stade Brestois 29,3,3,1.588,1.568,1.588,0.808,1.343,1.36,256,15,209,28,1,7
ligue_1,2025-26,2025-10-19,29605,FC Nantes,Lille OSC,0,2,0.773,2.76,0.773,2.76,0.258,2.625,300,19,174,25,2,15
ligue_1,2025-26,2025-10-19,29602,Racing Club de Lens,Paris FC,2,1,1.98,0.584,1.22,0.584,2.47,0.362,394,26,193,10,10,4
ligue_1,2025-26,2025-10-19,29609,Stade Rennais FC 1901,AJ Auxerre,2,2,1.936,1.666,1.936,0.906,1.522,1.21,222,33,222,22,9,1
ligue_1,2025-26,2025-10-19,29607,Toulouse FC,FC Metz,4,0,2.73,0.119,1.97,0.119,2.915,0.048,450,27,194,12,3,4
serie_a,2025-26,2025-10-19,29911,AC Milan,ACF Fiorentina,2,1,2.019,0.966,1.257,0.966,2.279,0.467,211,20,266,16,3,3
serie_a,2025-26,2025-10-19,29904,Atalanta BC,SS Lazio,0,0,2.381,0.22,2.381,0.22,2.87,0.075,259,22,360,18,10,0
serie_a,2025-26,2025-10-19,29905,Cagliari Calcio,Bologna FC 1909,0,2,0.368,1.158,0.368,1.158,0.557,2.15,281,19,190,32,3,3
serie_a,2025-26,2025-10-19,29907,Como 1907,Juventus FC,2,0,1.688,0.965,1.688,0.965,1.976,0.782,290,34,201,30,5,7
serie_a,2025-26,2025-10-19,29909,Genoa CFC,Parma Calcio 1913,0,0,2.217,0.054,1.456,0.054,2.887,0.059,123,21,266,19,6,0
epl,2025-26,2025-10-20,28857,West Ham United FC,Brentford FC,0,2,0.26,3.466,0.26,3.466,0.045,2.926,266,18,187,15,4,11
la_liga,2025-26,2025-10-20,29238,Deportivo Alavés,Valencia CF,0,0,1.056,0.318,1.056,0.318,2.002,0.659,147,22,270,17,8,3
serie_a,2025-26,2025-10-20,29908,US Cremonese,Udinese Calcio,1,1,1.229,0.963,1.229,0.963,1.608,1.084,179,23,203,22,1,7
bundesliga,2025-26,2025-10-24,30295,SV Werder Bremen,1. FC Union Berlin,1,0,1.144,0.488,1.144,0.488,1.957,0.738,187,13,333,23,2,4
epl,2025-26,2025-10-24,28864,Leeds United FC,West Ham United FC,2,1,2.221,0.499,2.221,0.499,2.627,0.248,292,27,249,26,1,4
la_liga,2025-26,2025-10-24,29250,Real Sociedad de Fútbol,Sevilla FC,2,1,1.644,0.247,0.901,0.247,2.614,0.236,239,38,152,19,3,5
ligue_1,2025-26,2025-10-24,29614,Paris FC,FC Nantes,1,2,0.951,0.917,0.951,0.917,1.379,1.285,164,29,328,14,9,3
serie_a,2025-26,2025-10-24,29919,AC Milan,AC Pisa 1909,2,2,1.972,1.225,1.972,0.464,1.944,0.79,170,16,326,24,15,4
bundesliga,2025-26,2025-10-25,30290,Borussia Dortmund,1. FC Köln,1,0,2.091,0.706,2.091,0.706,2.349,0.457,166,20,321,9,17,1
bundesliga,2025-26,2025-10-25,30289,Borussia Mönchengladbach,FC Bayern München,0,3,0.758,2.65,0,2.65,0.228,2.637,283,10,95,14,1,23
bundesliga,2025-26,2025-10-25,30291,Eintracht Frankfurt,FC St. Pauli 1910,2,0,2.426,0.52,2.426,0.52,2.725,0.175,274,16,393,15,9,4
bundesliga,2025-26,2025-10-25,30287,FC Augsburg,RB Leipzig,0,6,0.639,2.694,0.639,2.694,0.242,2.651,395,25,293,16,3,9
bundesliga,2025-26,2025-10-25,30292,Hamburger SV,VfL Wolfsburg,0,1,2.405,0.696,1.575,0.696,2.612,0.245,191,18,312,24,8,5
bundesliga,2025-26,2025-10-25,30293,TSG 1899 Hoffenheim,1. FC Heidenheim 1846,3,1,2.428,0.902,2.428,0.902,2.449,0.396,188,28,333,19,8,4
epl,2025-26,2025-10-25,28861,Brentford FC,Liverpool FC,3,2,3.271,2.118,2.51,2.118,2.127,0.687,280,20,124,20,5,10
epl,2025-26,2025-10-25,28862,Chelsea FC,Sunderland AFC,1,2,1.213,1.551,1.213,1.551,1.046,1.666,168,18,368,17,11,6
epl,2025-26,2025-10-25,28865,Manchester United FC,Brighton & Hove Albion FC,4,2,1.962,0.947,1.962,0.947,2.126,0.658,391,28,209,33,9,5
epl,2025-26,2025-10-25,28866,Newcastle United FC,Fulham FC,2,1,2.768,1.52,2.768,1.52,2.281,0.534,253,28,277,29,7,3
la_liga,2025-26,2025-10-25,29248,Athletic Club,Getafe CF,0,1,0.359,1.004,0.359,1.004,0.555,2.131,118,20,266,30,3,3
la_liga,2025-26,2025-10-25,29249,Girona FC,Real Oviedo,3,3,2.241,2.224,0.755,1.481,1.368,1.339,182,25,334,24,5,1
la_liga,2025-26,2025-10-25,29256,RCD Espanyol de Barcelona,Elche CF,1,0,1.703,1.114,1.703,1.114,1.815,0.932,361,27,143,20,8,5
la_liga,2025-26,2025-10-25,29251,Valencia CF,Villarreal CF,0,2,0.641,2.624,0.641,1.881,0.203,2.696,270,26,349,24,4,12
ligue_1,2025-26,2025-10-25,29615,AS Monaco FC,Toulouse FC,1,0,3.373,0.584,3.373,0.584,2.866,0.087,167,32,257,34,7,3
ligue_1,2025-26,2025-10-25,29612,Racing Club de Lens,Olympique de Marseille,2,1,1.876,0.765,1.116,0.765,2.336,0.47,452,19,201,26,4,4
ligue_1,2025-26,2025-10-25,29613,Stade Brestois 29,Paris Saint-Germain FC,0,3,1.893,2.925,1.132,2.925,0.736,2.056,430,22,147,16,4,12
serie_a,2025-26,2025-10-25,29921,Parma Calcio 1913,Como 1907,0,0,1.567,0.387,1.567,0.387,2.387,0.4,390,23,111,27,4,3
serie_a,2025-26,2025-10-25,29920,SSC Napoli,FC Internazionale Milano,3,1,1.186,2.071,0.425,1.309,0.656,2.09,319,14,205,11,9,7
serie_a,2025-26,2025-10-25,29916,US Cremonese,Atalanta BC,1,1,0.967,1.624,0.967,1.624,0.847,1.868,286,12,127,14,3,11
serie_a,2025-26,2025-10-25,29914,Udinese Calcio,US Lecce,3,2,1.516,0.374,1.516,0.374,2.369,0.415,244,27,190,32,7,0
bundesliga,2025-26,2025-10-26,30288,Bayer 04 Leverkusen,SC Freiburg,2,0,2.468,0.543,2.468,0.543,2.669,0.222,194,18,429,15,7,4
bundesliga,2025-26,2025-10-26,30294,VfB Stuttgart,1. FSV Mainz 05,2,1,1.668,1.41,1.668,0.652,1.546,1.171,168,16,238,18,5,4
epl,2025-26,2025-10-26,28858,AFC Bournemouth,Nottingham Forest FC,2,0,0.657,0.305,0.657,0.305,1.659,0.885,201,25,235,20,7,4
epl,2025-26,2025-10-26,28859,Arsenal FC,Crystal Palace FC,1,0,0.856,0.351,0.856,0.351,1.83,0.786,211,17,311,11,5,1
epl,2025-26,2025-10-26,28860,Aston Villa FC,Manchester City FC,1,0,0.844,1.369,0.844,1.369,0.946,1.765,246,11,287,28,8,11
epl,2025-26,2025-10-26,28863,Everton FC,Tottenham Hotspur FC,0,3,1.403,2.093,1.403,2.093,0.831,1.918,255,19,221,13,6,3
epl,2025-26,2025-10-26,28867,Wolverhampton Wanderers FC,Burnley FC,2,3,2.581,1.545,1.82,1.545,2.141,0.646,213,24,262,18,10,5
la_liga,2025-26,2025-10-26,29255,CA Osasuna,RC Celta de Vigo,2,3,2.318,1.541,0.831,1.541,1.981,0.78,216,23,271,15,10,1
la_liga,2025-26,2025-10-26,29257,RCD Mallorca,Levante UD,1,1,1.87,2.358,1.87,2.358,1.054,1.719,162,23,307,27,8,8
la_liga,2025-26,2025-10-26,29252,Rayo Vallecano de Madrid,Deportivo Alavés,1,0,1.55,1.415,1.55,1.415,1.458,1.247,178,31,224,22,7,3
la_liga,2025-26,2025-10-26,29254,Real Madrid CF,FC Barcelona,2,1,3.413,1.124,2.67,1.124,2.679,0.23,347,22,151,18,6,8
ligue_1,2025-26,2025-10-26,29611,AJ Auxerre,Havre AC,0,1,0.564,1.522,0.564,1.522,0.557,2.206,229,22,174,19,6,7
ligue_1,2025-26,2025-10-26,29610,Angers SCO,FC Lorient,2,0,1.304,2.002,1.304,1.242,0.868,1.893,387,23,260,27,4,6
ligue_1,2025-26,2025-10-26,29617,Lille OSC,FC Metz,6,1,3.851,1.015,3.851,1.015,2.801,0.136,176,27,281,15,17,5
ligue_1,2025-26,2025-10-26,29616,Olympique Lyonnais,RC Strasbourg Alsace,2,1,1.146,0.798,0.386,0.798,1.697,0.938,305,25,250,27,4,5
ligue_1,2025-26,2025-10-26,29618,Stade Rennais FC 1901,OGC Nice,1,2,1.544,0.887,1.544,0.887,1.91,0.823,228,23,268,22,2,2
serie_a,2025-26,2025-10-26,29917,ACF Fiorentina,Bologna FC 1909,2,2,3.879,0.883,2.356,0.883,2.915,0.054,182,18,181,20,3,6
serie_a,2025-26,2025-10-26,29915,Hellas Verona FC,Cagliari Calcio,2,2,2.037,0.837,2.037,0.837,2.349,0.457,379,24,158,21,2,2
serie_a,2025-26,2025-10-26,29918,SS Lazio,Juventus FC,1,0,0.905,1.246,0.905,1.246,1.064,1.628,298,11,202,28,2,7
serie_a,2025-26,2025-10-26,29923,Torino FC,Genoa CFC,2,1,1.82,1.98,1.82,1.98,1.253,1.492,171,22,258,12,6,7
serie_a,2025-26,2025-10-26,29922,US Sassuolo Calcio,AS Roma,0,1,0.949,2.26,0.949,2.26,0.519,2.299,265,22,175,18,9,9
la_liga,2025-26,2025-10-27,29253,Real Betis Balompié,Club Atlético de Madrid,0,2,1.338,0.877,1.338,0.877,1.718,0.98,276,24,239,19,7,6
serie_a,2025-26,2025-10-28,29924,Atalanta BC,AC Milan,1,1,1.282,0.626,1.282,0.626,1.892,0.793,253,19,273,14,6,4
serie_a,2025-26,2025-10-28,29931,US Lecce,SSC Napoli,0,1,1.029,0.924,0.268,0.924,1.475,1.178,335,28,206,27,1,7
ligue_1,2025-26,2025-10-29,29621,FC Lorient,Paris Saint-Germain FC,1,1,0.193,1.288,0.193,1.288,0.335,2.441,307,9,99,20,4,10
ligue_1,2025-26,2025-10-29,29625,FC Metz,Racing Club de Lens,2,0,3.119,1.238,2.359,1.238,2.576,0.301,307,21,282,26,6,7
ligue_1,2025-26,2025-10-29,29624,FC Nantes,AS Monaco FC,3,5,2.126,4.102,2.126,4.102,0.416,2.457,251,24,208,28,5,15
ligue_1,2025-26,2025-10-29,29619,Havre AC,Stade Brestois 29,1,0,0.556,0.37,0.556,0.37,1.475,1.058,322,32,248,20,2,4
ligue_1,2025-26,2025-10-29,29623,OGC Nice,Lille OSC,2,0,1.745,0.661,0.984,0.661,2.307,0.489,295,10,179,25,2,9
ligue_1,2025-26,2025-10-29,29620,Olympique de Marseille,Angers SCO,2,2,1.588,0.997,1.588,0.997,1.857,0.871,299,28,386,10,5,2
ligue_1,2025-26,2025-10-29,29622,Paris FC,Olympique Lyonnais,3,3,0.582,1.219,0.582,1.219,0.652,2.039,303,30,270,19,6,1
ligue_1,2025-26,2025-10-29,29627,RC Strasbourg Alsace,AJ Auxerre,3,0,4.108,0.687,4.108,0.687,2.928,0.045,209,27,499,27,13,4
ligue_1,2025-26,2025-10-29,29626,Toulouse FC,Stade Rennais FC 1901,2,2,1.621,1.261,0.861,1.261,1.652,1.065,224,25,254,16,14,2
serie_a,2025-26,2025-10-29,29933,AS Roma,Parma Calcio 1913,2,1,1.157,1.178,1.157,1.178,1.297,1.41,213,26,291,15,8,4
serie_a,2025-26,2025-10-29,29925,Bologna FC 1909,Torino FC,0,0,0.332,0.797,0.332,0.797,0.781,1.826,128,17,388,19,6,4
serie_a,2025-26,2025-10-29,29927,Como 1907,Hellas Verona FC,3,1,1.743,1.699,1.743,1.699,1.396,1.348,103,22,330,27,4,7
serie_a,2025-26,2025-10-29,29929,FC Internazionale Milano,ACF Fiorentina,3,0,2.873,0.742,2.111,0.742,2.669,0.225,198,22,310,23,10,3
serie_a,2025-26,2025-10-29,29928,Genoa CFC,US Cremonese,0,2,1.349,1.58,1.349,1.58,1.177,1.531,142,32,190,26,6,3
serie_a,2025-26,2025-10-29,29930,Juventus FC,Udinese Calcio,3,1,3.306,0.604,1.784,0.604,2.851,0.094,207,22,264,13,7,1
serie_a,2025-26,2025-10-30,29932,AC Pisa 1909,SS Lazio,0,0,0.78,0.658,0.78,0.658,1.426,1.195,371,30,225,20,3,3
serie_a,2025-26,2025-10-30,29926,Cagliari Calcio,US Sassuolo Calcio,1,2,0.845,0.938,0.845,0.938,1.245,1.402,220,17,206,17,3,8
bundesliga,2025-26,2025-10-31,30296,FC Augsburg,Borussia Dortmund,0,1,0.97,0.588,0.97,0.588,1.733,0.902,251,29,222,23,3,6
la_liga,2025-26,2025-10-31,29262,Getafe CF,Girona FC,2,1,1.402,1.544,1.402,0.8,1.192,1.497,231,36,93,23,0,2
bundesliga,2025-26,2025-11-01,30299,1. FC Heidenheim 1846,Eintracht Frankfurt,1,1,0.832,1.224,0.832,1.224,1.032,1.647,378,18,134,19,2,12
bundesliga,2025-26,2025-11-01,30303,1. FC Union Berlin,SC Freiburg,0,0,1.348,1.165,1.348,1.165,1.502,1.208,287,27,119,13,4,4
bundesliga,2025-26,2025-11-01,30300,1. FSV Mainz 05,SV Werder Bremen,1,1,1.902,0.881,1.902,0.881,2.187,0.596,253,32,175,16,7,9
bundesliga,2025-26,2025-11-01,30297,FC Bayern München,Bayer 04 Leverkusen,3,0,2.283,0.383,2.283,0.383,2.676,0.211,305,32,287,10,11,5
bundesliga,2025-26,2025-11-01,30302,FC St. Pauli 1910,Borussia Mönchengladbach,0,4,0.804,3.626,0.804,3.626,0.105,2.844,349,22,324,14,6,6
bundesliga,2025-26,2025-11-01,30301,RB Leipzig,VfB Stuttgart,3,1,1.735,1.07,1.735,1.07,1.872,0.882,318,10,240,27,9,10
epl,2025-26,2025-11-01,28868,Brighton & Hove Albion FC,Leeds United FC,3,0,2.641,0.359,2.641,0.359,2.817,0.111,311,21,339,15,7,2
epl,2025-26,2025-11-01,28869,Burnley FC,Arsenal FC,0,2,0.679,2.516,0.679,2.516,0.232,2.64,311,20,231,19,3,9
epl,2025-26,2025-11-01,28870,Crystal Palace FC,Brentford FC,2,0,0.735,0.82,0.735,0.82,1.219,1.414,310,16,128,22,5,8
epl,2025-26,2025-11-01,28871,Fulham FC,Wolverhampton Wanderers FC,3,0,1.912,0.21,1.912,0.21,2.691,0.186,154,12,341,16,11,4
epl,2025-26,2025-11-01,28872,Liverpool FC,Aston Villa FC,2,0,1.47,0.435,1.47,0.435,2.203,0.541,219,20,257,16,12,6
epl,2025-26,2025-11-01,28874,Nottingham Forest FC,Manchester United FC,2,2,1.551,0.916,1.551,0.916,1.926,0.815,315,23,161,17,7,5
epl,2025-26,2025-11-01,28876,Tottenham Hotspur FC,Chelsea FC,0,1,0.147,3.343,0.147,3.343,0.025,2.955,214,25,217,31,4,13
la_liga,2025-26,2025-11-01,29259,Club Atlético de Madrid,Sevilla FC,3,0,2.986,0.377,2.243,0.377,2.855,0.09,344,24,274,22,13,2
la_liga,2025-26,2025-11-01,29263,Real Madrid CF,Valencia CF,4,0,2.9,0.292,1.3,0.292,2.916,0.05,239,39,306,12,14,2
la_liga,2025-26,2025-11-01,29264,Real Sociedad de Fútbol,Athletic Club,3,2,1.841,1.131,1.841,1.131,2.028,0.682,188,23,203,18,4,7
la_liga,2025-26,2025-11-01,29267,Villarreal CF,Rayo Vallecano de Madrid,4,0,2.714,1.086,2.714,1.086,2.536,0.313,276,15,278,24,12,6
ligue_1,2025-26,2025-11-01,29628,AJ Auxerre,Olympique de Marseille,0,1,1.095,0.698,1.095,0.698,1.676,0.972,337,11,265,27,6,0
ligue_1,2025-26,2025-11-01,29632,AS Monaco FC,Paris FC,0,1,0.821,1.18,0.821,1.18,1.004,1.68,225,25,276,15,8,2
ligue_1,2025-26,2025-11-01,29634,Paris Saint-Germain FC,OGC Nice,1,0,1.886,0.387,1.886,0.387,2.507,0.324,148,43,322,4,30,0
serie_a,2025-26,2025-11-01,29938,SSC Napoli,Como 1907,0,0,0.762,1.17,0.762,0.402,0.888,1.783,276,26,231,28,6,3
serie_a,2025-26,2025-11-01,29934,US Cremonese,Juventus FC,1,2,0.611,2.614,0.611,2.614,0.206,2.68,249,21,317,15,3,9
serie_a,2025-26,2025-11-01,29942,Udinese Calcio,Atalanta BC,1,0,0.707,0.27,0.707,0.27,1.762,0.802,347,30,179,16,3,5
bundesliga,2025-26,2025-11-02,30298,1. FC Köln,Hamburger SV,4,1,3.874,1.193,3.874,1.193,2.767,0.164,275,19,239,15,10,4
bundesliga,2025-26,2025-11-02,30304,VfL Wolfsburg,TSG 1899 Hoffenheim,2,3,1.401,1.743,1.401,1.743,1.106,1.633,266,19,223,25,2,6
epl,2025-26,2025-11-02,28873,Manchester City FC,AFC Bournemouth,3,1,2.49,0.9,2.49,0.9,2.468,0.372,323,16,258,23,8,4
epl,2025-26,2025-11-02,28877,West Ham United FC,Newcastle United FC,3,1,1.414,0.524,1.414,0.524,2.161,0.584,283,12,151,17,3,7
la_liga,2025-26,2025-11-02,29258,Deportivo Alavés,RCD Espanyol de Barcelona,2,1,2.18,1.043,2.18,1.043,2.237,0.574,186,23,267,27,3,9
la_liga,2025-26,2025-11-02,29260,FC Barcelona,Elche CF,3,1,2.807,0.549,2.807,0.549,2.73,0.181,235,25,241,28,8,4
la_liga,2025-26,2025-11-02,29265,Levante UD,RC Celta de Vigo,1,2,1.237,1.925,0.384,1.925,0.848,1.88,317,16,204,30,3,20
la_liga,2025-26,2025-11-02,29261,Real Betis Balompié,RCD Mallorca,3,0,2.821,0.75,2.821,0.75,2.666,0.227,281,23,333,21,8,3
ligue_1,2025-26,2025-11-02,29633,FC Nantes,FC Metz,0,2,1.076,1.362,1.076,1.362,1.144,1.571,231,17,231,13,4,3
ligue_1,2025-26,2025-11-02,29631,Lille OSC,Angers SCO,1,0,2.209,0.278,2.209,0.278,2.71,0.178,309,23,323,21,13,3
ligue_1,2025-26,2025-11-02,29630,Racing Club de Lens,FC Lorient,3,0,3.215,1.984,3.215,1.224,2.207,0.618,262,11,376,21,7,8
ligue_1,2025-26,2025-11-02,29629,Stade Brestois 29,Olympique Lyonnais,0,0,1.639,0.144,1.639,0.144,2.639,0.21,249,31,225,17,3,1
ligue_1,2025-26,2025-11-02,29635,Stade Rennais FC 1901,RC Strasbourg Alsace,4,1,3.069,2.088,3.069,2.088,2.018,0.788,416,27,252,22,10,14
ligue_1,2025-26,2025-11-02,29636,Toulouse FC,Havre AC,0,0,1.079,1.073,1.079,1.073,1.32,1.373,284,21,149,26,6,5
serie_a,2025-26,2025-11-02,29937,AC Milan,AS Roma,1,0,3.764,1.954,3.764,1.193,2.507,0.369,265,8,188,20,8,9
serie_a,2025-26,2025-11-02,29935,ACF Fiorentina,US Lecce,0,1,1.39,1.324,1.39,1.324,1.361,1.351,126,17,278,25,9,0
serie_a,2025-26,2025-11-02,29943,Hellas Verona FC,FC Internazionale Milano,1,2,0.373,1.15,0.373,1.15,0.639,2.051,400,20,120,13,3,12
serie_a,2025-26,2025-11-02,29939,Parma Calcio 1913,Bologna FC 1909,1,3,0.622,3.517,0.622,3.517,0.084,2.868,193,22,108,15,3,8
serie_a,2025-26,2025-11-02,29941,Torino FC,AC Pisa 1909,2,2,1.224,1.903,1.224,1.142,0.765,1.979,159,17,298,14,8,7
epl,2025-26,2025-11-03,28875,Sunderland AFC,Everton FC,1,1,1.181,1.007,1.181,1.007,1.436,1.244,173,21,301,13,7,5
la_liga,2025-26,2025-11-03,29266,Real Oviedo,CA Osasuna,0,0,0.717,0.626,0.717,0.626,1.418,1.194,221,21,266,30,7,4
serie_a,2025-26,2025-11-03,29936,SS Lazio,Cagliari Calcio,2,0,0.588,1.485,0.588,1.485,0.618,2.133,284,14,265,22,0,5
serie_a,2025-26,2025-11-03,29940,US Sassuolo Calcio,Genoa CFC,1,2,1.316,1.833,1.316,1.833,0.984,1.758,175,19,318,20,6,3
bundesliga,2025-26,2025-11-07,30313,SV Werder Bremen,VfL Wolfsburg,2,1,1.695,0.676,1.695,0.676,2.149,0.61,217,20,250,16,8,5
la_liga,2025-26,2025-11-07,29270,Elche CF,Real Sociedad de Fútbol,1,1,0.808,1.472,0.808,0.729,0.744,1.976,170,16,264,24,8,4
ligue_1,2025-26,2025-11-07,29644,Paris FC,Stade Rennais FC 1901,0,1,2.228,1.367,2.228,1.367,2.023,0.748,238,20,286,25,11,1
serie_a,2025-26,2025-11-07,29952,AC Pisa 1909,US Cremonese,1,0,1.451,1.231,1.451,1.231,1.548,1.169,280,22,174,26,6,8
bundesliga,2025-26,2025-11-08,30312,1. FC Union Berlin,FC Bayern München,2,2,1.028,1.342,1.028,1.342,1.113,1.586,447,19,120,9,6,11
bundesliga,2025-26,2025-11-08,30305,Bayer 04 Leverkusen,1. FC Heidenheim 1846,6,0,3.901,0.063,3.901,0.063,2.994,0.003,227,15,415,10,10,1
bundesliga,2025-26,2025-11-08,30306,Borussia Mönchengladbach,1. FC Köln,3,1,2.462,2.158,0.947,1.4,1.615,1.13,361,14,216,22,11,9
bundesliga,2025-26,2025-11-08,30309,Hamburger SV,Borussia Dortmund,1,1,0.42,1.426,0.42,1.426,0.528,2.224,265,18,245,29,3,9
bundesliga,2025-26,2025-11-08,30310,TSG 1899 Hoffenheim,RB Leipzig,3,1,1.923,1.562,1.923,1.562,1.635,1.101,269,33,243,21,5,8
epl,2025-26,2025-11-08,28880,Chelsea FC,Wolverhampton Wanderers FC,3,0,3.983,0.111,3.983,0.111,2.985,0.008,198,19,306,15,13,1
epl,2025-26,2025-11-08,28882,Everton FC,Fulham FC,2,0,2.306,0.424,2.306,0.424,2.675,0.214,258,17,198,20,5,7
epl,2025-26,2025-11-08,28885,Sunderland AFC,Arsenal FC,2,2,1.205,2.329,1.205,2.329,0.606,2.18,202,15,151,16,7,11
epl,2025-26,2025-11-08,28886,Tottenham Hotspur FC,Manchester United FC,2,2,1.355,0.82,1.355,0.82,1.813,0.905,224,29,253,19,5,3
epl,2025-26,2025-11-08,28887,West Ham United FC,Burnley FC,3,2,2.967,1.875,2.967,1.875,2.242,0.551,309,20,200,19,4,7
la_liga,2025-26,2025-11-08,29269,Club Atlético de Madrid,Levante UD,3,1,3.036,1.291,3.036,1.291,2.491,0.362,104,19,319,10,18,3
la_liga,2025-26,2025-11-08,29273,Girona FC,Deportivo Alavés,1,0,1.264,2.008,1.264,2.008,0.81,1.95,285,22,303,22,1,7
la_liga,2025-26,2025-11-08,29271,RCD Espanyol de Barcelona,Villarreal CF,0,2,0.476,1.471,0.476,1.471,0.439,2.338,358,26,361,12,5,6
la_liga,2025-26,2025-11-08,29277,Sevilla FC,CA Osasuna,1,0,1.223,0.967,0.479,0.967,1.581,1.064,186,25,183,25,5,6
ligue_1,2025-26,2025-11-08,29643,AS Monaco FC,Racing Club de Lens,1,4,2.408,3.239,0.752,3.239,0.833,1.955,287,28,267,30,6,16
ligue_1,2025-26,2025-11-08,29638,Havre AC,FC Nantes,1,1,0.985,0.354,0.985,0.354,1.929,0.72,138,32,262,18,9,2
ligue_1,2025-26,2025-11-08,29641,Olympique de Marseille,Stade Brestois 29,3,0,3.091,0.696,2.33,0.696,2.801,0.127,244,26,398,16,11,4
serie_a,2025-26,2025-11-08,29946,Como 1907,Cagliari Calcio,0,0,1.05,0.615,1.05,0.615,1.828,0.819,115,36,387,14,5,2
serie_a,2025-26,2025-11-08,29949,Juventus FC,Torino FC,0,0,1.937,0.406,1.937,0.406,2.507,0.327,170,28,428,10,4,2
serie_a,2025-26,2025-11-08,29951,Parma Calcio 1913,AC Milan,2,2,1.45,2.055,1.45,1.293,0.902,1.843,296,15,268,15,5,12
serie_a,2025-26,2025-11-08,29950,US Lecce,Hellas Verona FC,0,0,0.555,0.692,0.555,0.692,1.103,1.496,119,22,193,28,3,5
bundesliga,2025-26,2025-11-09,30307,Eintracht Frankfurt,1. FSV Mainz 05,1,0,1.779,0.121,1.779,0.121,2.669,0.19,152,14,268,28,5,3
bundesliga,2025-26,2025-11-09,30308,SC Freiburg,FC St. Pauli 1910,2,1,1.666,0.641,1.666,0.641,2.254,0.512,211,17,384,19,5,3
bundesliga,2025-26,2025-11-09,30311,VfB Stuttgart,FC Augsburg,3,2,2.445,1.903,1.687,1.903,1.772,0.991,168,25,321,24,12,1
epl,2025-26,2025-11-09,28878,Aston Villa FC,AFC Bournemouth,4,0,1.883,2.01,1.883,1.249,1.265,1.469,168,29,184,27,10,6
epl,2025-26,2025-11-09,28879,Brentford FC,Newcastle United FC,3,1,2.737,0.432,1.976,0.432,2.824,0.111,252,21,211,19,7,2
epl,2025-26,2025-11-09,28881,Crystal Palace FC,Brighton & Hove Albion FC,0,0,0.84,0.637,0.84,0.637,1.465,1.154,306,26,210,21,10,7
epl,2025-26,2025-11-09,28883,Manchester City FC,Liverpool FC,3,0,1.595,1.028,0.834,1.028,1.859,0.861,260,22,253,23,7,7
epl,2025-26,2025-11-09,28884,Nottingham Forest FC,Leeds United FC,3,1,2.491,0.419,1.73,0.419,2.766,0.146,273,18,187,20,4,3
la_liga,2025-26,2025-11-09,29268,Athletic Club,Real Oviedo,1,0,2.652,0.183,2.652,0.183,2.84,0.094,316,31,244,18,10,4
la_liga,2025-26,2025-11-09,29274,RC Celta de Vigo,FC Barcelona,2,4,0.512,3.429,0.512,2.686,0.063,2.899,329,22,279,25,4,8
la_liga,2025-26,2025-11-09,29276,RCD Mallorca,Getafe CF,1,0,1.304,0.54,1.304,0.54,2.141,0.602,174,19,128,20,2,3
la_liga,2025-26,2025-11-09,29272,Rayo Vallecano de Madrid,Real Madrid CF,0,0,1.606,0.841,1.606,0.841,2.043,0.709,240,24,217,16,9,8
la_liga,2025-26,2025-11-09,29275,Valencia CF,Real Betis Balompié,1,1,1.951,1.589,1.951,1.589,1.621,1.126,306,19,248,26,4,7
ligue_1,2025-26,2025-11-09,29637,Angers SCO,AJ Auxerre,2,0,1.151,0.59,1.151,0.59,1.915,0.775,269,24,297,18,2,6
ligue_1,2025-26,2025-11-09,29639,FC Lorient,Toulouse FC,1,1,1.27,1.152,0.51,0.392,1.434,1.173,276,9,218,24,2,6
ligue_1,2025-26,2025-11-09,29642,FC Metz,OGC Nice,2,1,1.33,0.785,0.57,0.785,1.926,0.79,322,28,273,28,3,6
ligue_1,2025-26,2025-11-09,29640,Olympique Lyonnais,Paris Saint-Germain FC,2,3,0.713,1.699,0.713,1.699,0.568,2.202,476,19,166,19,3,5
ligue_1,2025-26,2025-11-09,29645,RC Strasbourg Alsace,Lille OSC,2,0,0.768,0.48,0.768,0.48,1.594,1.006,234,18,240,25,1,5
serie_a,2025-26,2025-11-09,29953,AS Roma,Udinese Calcio,2,0,1.757,0.929,0.996,0.929,2.05,0.704,224,25,251,24,8,5
serie_a,2025-26,2025-11-09,29944,Atalanta BC,US Sassuolo Calcio,0,3,0.708,2.201,0.708,1.44,0.331,2.523,195,21,384,19,8,4
serie_a,2025-26,2025-11-09,29945,Bologna FC 1909,SSC Napoli,2,0,1.645,0.195,1.645,0.195,2.591,0.244,352,22,184,18,2,5
serie_a,2025-26,2025-11-09,29948,FC Internazionale Milano,SS Lazio,2,0,1.74,0.549,1.74,0.549,2.376,0.422,261,36,355,19,9,3
serie_a,2025-26,2025-11-09,29947,Genoa CFC,ACF Fiorentina,2,2,1.589,1.33,0.828,0.569,1.537,1.133,266,29,156,14,2,4
bundesliga,2025-26,2025-11-21,30319,1. FSV Mainz 05,TSG 1899 Hoffenheim,1,1,2.887,1.544,2.887,1.544,2.283,0.554,215,20,175,19,10,18
la_liga,2025-26,2025-11-21,29286,Valencia CF,Levante UD,1,0,1.65,0.674,1.65,0.674,2.18,0.583,214,23,307,28,7,5
ligue_1,2025-26,2025-11-21,29651,OGC Nice,Olympique de Marseille,1,5,1.361,3.092,1.361,3.092,0.398,2.461,338,24,329,14,7,8
bundesliga,2025-26,2025-11-22,30318,1. FC Heidenheim 1846,Borussia Mönchengladbach,0,3,0.363,2.797,0.363,2.039,0.088,2.859,327,15,324,20,4,17
bundesliga,2025-26,2025-11-22,30317,1. FC Köln,Eintracht Frankfurt,3,4,1.389,2.445,1.389,2.445,0.66,2.135,386,24,303,15,6,6
bundesliga,2025-26,2025-11-22,30316,Borussia Dortmund,VfB Stuttgart,3,3,3.151,1.809,2.393,1.809,2.318,0.512,288,22,233,22,11,6
bundesliga,2025-26,2025-11-22,30314,FC Augsburg,Hamburger SV,1,0,1.619,1.555,1.619,1.555,1.415,1.3,305,23,230,11,7,4
bundesliga,2025-26,2025-11-22,30315,FC Bayern München,SC Freiburg,6,2,3.139,0.517,3.139,0.517,2.799,0.135,177,19,364,26,15,2
bundesliga,2025-26,2025-11-22,30322,VfL Wolfsburg,Bayer 04 Leverkusen,1,3,2.08,1.586,2.08,1.586,1.718,1.034,473,32,226,16,6,10
epl,2025-26,2025-11-22,28888,AFC Bournemouth,West Ham United FC,2,2,3.483,0.391,2.722,0.391,2.916,0.05,76,33,239,11,9,3
epl,2025-26,2025-11-22,28890,Brighton & Hove Albion FC,Brentford FC,2,1,0.977,2.2,0.977,0.677,0.437,2.387,187,25,348,20,10,7
epl,2025-26,2025-11-22,28891,Burnley FC,Chelsea FC,0,2,0.661,1.721,0.661,1.721,0.552,2.223,367,26,250,19,6,11
epl,2025-26,2025-11-22,28892,Fulham FC,Sunderland AFC,1,0,2.837,0.223,2.837,0.223,2.863,0.082,212,15,275,21,17,2
epl,2025-26,2025-11-22,28894,Liverpool FC,Nottingham Forest FC,0,3,1.793,1.195,1.793,1.195,1.812,0.938,103,22,301,13,11,6
epl,2025-26,2025-11-22,28896,Newcastle United FC,Manchester City FC,2,1,2.406,2.456,2.406,2.456,1.379,1.377,257,22,139,18,4,16
epl,2025-26,2025-11-22,28897,Wolverhampton Wanderers FC,Crystal Palace FC,0,2,1.664,1.449,1.664,1.449,1.569,1.146,246,23,251,25,10,11
la_liga,2025-26,2025-11-22,29282,CA Osasuna,Real Sociedad de Fútbol,1,3,1.28,1.765,1.28,1.765,0.995,1.752,278,16,216,19,7,11
la_liga,2025-26,2025-11-22,29278,Deportivo Alavés,RC Celta de Vigo,0,1,0.306,1.324,0.306,0.58,0.389,2.388,283,30,301,32,0,5
la_liga,2025-26,2025-11-22,29284,FC Barcelona,Athletic Club,4,0,2.329,1.046,2.329,1.046,2.236,0.582,175,18,450,24,15,5
la_liga,2025-26,2025-11-22,29287,Villarreal CF,RCD Mallorca,2,1,2.637,1.385,2.637,1.385,2.272,0.542,180,31,271,12,13,2
ligue_1,2025-26,2025-11-22,29652,Paris Saint-Germain FC,Havre AC,3,0,4.116,1.286,4.116,1.286,2.775,0.157,164,21,338,30,15,4
ligue_1,2025-26,2025-11-22,29648,Racing Club de Lens,RC Strasbourg Alsace,1,0,2.224,0.4,2.224,0.4,2.64,0.235,315,28,380,24,12,5
ligue_1,2025-26,2025-11-22,29653,Stade Rennais FC 1901,AS Monaco FC,4,1,3.067,1.608,2.307,1.608,2.337,0.508,329,13,272,26,2,5
serie_a,2025-26,2025-11-22,29957,ACF Fiorentina,Juventus FC,1,1,0.659,1.651,0.659,1.651,0.621,2.143,295,14,213,19,3,7
serie_a,2025-26,2025-11-22,29955,Cagliari Calcio,Genoa CFC,3,3,1.373,1.616,1.373,1.616,1.146,1.573,219,28,185,25,3,3
serie_a,2025-26,2025-11-22,29960,SSC Napoli,Atalanta BC,3,1,2.028,0.826,2.028,0.826,2.328,0.481,297,17,267,19,3,7
serie_a,2025-26,2025-11-22,29963,Udinese Calcio,Bologna FC 1909,0,3,1.888,2.883,1.888,2.122,0.701,2.089,182,32,151,25,9,3
bundesliga,2025-26,2025-11-23,30321,FC St. Pauli 1910,1. FC Union Berlin,0,1,0.569,0.398,0.569,0.398,1.454,1.075,265,26,299,16,9,1
bundesliga,2025-26,2025-11-23,30320,RB Leipzig,SV Werder Bremen,2,0,2.428,0.775,2.428,0.775,2.525,0.331,308,14,292,19,15,8
epl,2025-26,2025-11-23,28889,Arsenal FC,Tottenham Hotspur FC,4,1,2.278,0.03,2.278,0.03,2.848,0.077,214,34,242,18,13,2
epl,2025-26,2025-11-23,28893,Leeds United FC,Aston Villa FC,1,2,1.847,1.36,1.847,1.36,1.772,0.968,264,36,215,18,5,5
la_liga,2025-26,2025-11-23,29280,Elche CF,Real Madrid CF,2,2,1.595,3.883,1.595,3.883,0.265,2.634,216,19,229,23,11,9
la_liga,2025-26,2025-11-23,29285,Getafe CF,Club Atlético de Madrid,0,1,0.579,1.477,0.579,1.477,0.597,2.156,261,20,106,21,7,7
la_liga,2025-26,2025-11-23,29279,Real Betis Balompié,Girona FC,1,1,1.578,1.489,1.578,1.489,1.411,1.31,300,24,286,21,9,6
la_liga,2025-26,2025-11-23,29283,Real Oviedo,Rayo Vallecano de Madrid,0,0,0.499,0.923,0.499,0.923,0.885,1.76,292,19,188,24,2,5
ligue_1,2025-26,2025-11-23,29646,AJ Auxerre,Olympique Lyonnais,0,0,1.512,1.276,0.752,1.276,1.566,1.129,340,18,104,20,2,8
ligue_1,2025-26,2025-11-23,29650,FC Nantes,FC Lorient,1,1,0.916,0.352,0.916,0.352,1.893,0.747,241,25,299,18,8,2
ligue_1,2025-26,2025-11-23,29649,Lille OSC,Paris FC,4,2,4.145,1.503,2.625,1.503,2.774,0.151,266,24,259,15,13,7
ligue_1,2025-26,2025-11-23,29647,Stade Brestois 29,FC Metz,3,2,3.368,1.029,1.848,1.029,2.744,0.175,277,30,324,5,6,4
ligue_1,2025-26,2025-11-23,29654,Toulouse FC,Angers SCO,0,1,1.854,0.324,1.854,0.324,2.535,0.301,269,29,290,29,8,3
serie_a,2025-26,2025-11-23,29958,FC Internazionale Milano,AC Milan,0,1,1.744,0.856,0.983,0.856,2.134,0.586,218,22,327,15,14,3
serie_a,2025-26,2025-11-23,29954,Hellas Verona FC,Parma Calcio 1913,1,2,0.943,1.516,0.943,1.516,0.879,1.825,178,36,236,16,6,5
serie_a,2025-26,2025-11-23,29959,SS Lazio,US Lecce,2,0,1.495,0.545,1.495,0.545,2.141,0.598,207,20,476,20,10,2
serie_a,2025-26,2025-11-23,29956,US Cremonese,AS Roma,1,3,1.256,1.732,1.256,1.732,1.007,1.722,217,22,255,20,6,12
epl,2025-26,2025-11-24,28895,Manchester United FC,Everton FC,0,1,2.274,0.155,2.274,0.155,2.768,0.134,105,22,258,9,15,2
la_liga,2025-26,2025-11-24,29281,RCD Espanyol de Barcelona,Sevilla FC,2,1,1.166,1.8,1.166,1.8,0.923,1.821,283,32,100,15,3,10
serie_a,2025-26,2025-11-24,29962,Torino FC,Como 1907,1,5,1.43,3.379,0.669,3.379,0.315,2.556,355,23,162,19,4,12
serie_a,2025-26,2025-11-24,29961,US Sassuolo Calcio,AC Pisa 1909,2,2,2.213,1.386,2.213,0.625,2.008,0.758,185,19,241,18,15,2
bundesliga,2025-26,2025-11-28,30325,Borussia Mönchengladbach,RB Leipzig,0,0,0.389,1.092,0.389,1.092,0.704,1.967,348,12,235,21,4,8
la_liga,2025-26,2025-11-28,29297,Getafe CF,Elche CF,1,0,1.34,0.449,1.34,0.449,2.189,0.552,299,32,104,14,3,4
ligue_1,2025-26,2025-11-28,29660,FC Metz,Stade Rennais FC 1901,0,1,1.314,0.98,1.314,0.98,1.627,1.036,282,19,328,23,3,4
serie_a,2025-26,2025-11-28,29966,Como 1907,US Sassuolo Calcio,2,0,1.734,1.129,1.734,1.129,1.822,0.928,215,14,437,9,6,1
bundesliga,2025-26,2025-11-29,30330,1. FC Union Berlin,1. FC Heidenheim 1846,1,2,0.943,0.522,0.943,0.522,1.739,0.913,276,21,175,19,6,5
bundesliga,2025-26,2025-11-29,30323,Bayer 04 Leverkusen,Borussia Dortmund,1,2,1.083,1.156,1.083,1.156,1.289,1.405,193,9,392,21,6,3
bundesliga,2025-26,2025-11-29,30324,FC Bayern München,FC St. Pauli 1910,3,1,2.539,0.741,2.539,0.741,2.549,0.315,147,15,518,11,15,3
bundesliga,2025-26,2025-11-29,30331,SV Werder Bremen,1. FC Köln,1,1,1.537,1.185,1.537,1.185,1.631,1.093,314,16,282,23,7,4
bundesliga,2025-26,2025-11-29,30329,TSG 1899 Hoffenheim,FC Augsburg,3,0,1.796,0.655,1.796,0.655,2.245,0.543,200,29,322,19,11,5
epl,2025-26,2025-11-29,28899,Brentford FC,Burnley FC,3,1,3.721,0.874,2.96,0.113,2.894,0.064,205,14,226,19,5,1
epl,2025-26,2025-11-29,28902,Everton FC,Newcastle United FC,1,4,1.011,2.459,1.011,2.459,0.46,2.365,343,23,260,12,13,8
epl,2025-26,2025-11-29,28903,Manchester City FC,Leeds United FC,3,2,2.853,1.751,2.853,0.84,2.174,0.618,209,17,251,30,12,4
epl,2025-26,2025-11-29,28905,Sunderland AFC,AFC Bournemouth,3,2,1.17,1.793,0.408,1.793,0.814,1.875,198,20,139,18,9,9
epl,2025-26,2025-11-29,28906,Tottenham Hotspur FC,Fulham FC,1,2,1.044,0.495,1.044,0.495,1.913,0.763,194,29,289,23,3,5
la_liga,2025-26,2025-11-29,29288,Club Atlético de Madrid,Real Oviedo,2,0,2.407,0.922,2.407,0.922,2.401,0.431,305,21,311,26,13,4
la_liga,2025-26,2025-11-29,29294,FC Barcelona,Deportivo Alavés,3,1,2.511,2.093,2.511,2.093,1.672,1.094,171,35,406,26,11,3
la_liga,2025-26,2025-11-29,29295,Levante UD,Athletic Club,0,2,1.203,2.809,1.203,2.809,0.347,2.509,150,20,251,35,1,9
la_liga,2025-26,2025-11-29,29291,RCD Mallorca,CA Osasuna,2,2,1.106,1.111,0.363,1.111,1.344,1.304,194,17,233,23,3,4
ligue_1,2025-26,2025-11-29,29661,AS Monaco FC,Paris Saint-Germain FC,1,0,0.638,1.477,0.638,1.477,0.715,2.018,315,27,192,24,14,12
ligue_1,2025-26,2025-11-29,29659,Olympique de Marseille,Toulouse FC,2,2,1.628,1.094,1.628,1.094,1.783,0.95,125,31,405,12,7,4
ligue_1,2025-26,2025-11-29,29662,Paris FC,AJ Auxerre,1,1,1.809,1.151,1.049,1.151,1.916,0.818,261,20,370,26,4,1
serie_a,2025-26,2025-11-29,29970,AC Milan,SS Lazio,1,0,1.481,0.9,1.481,0.9,1.841,0.875,332,22,306,18,6,5
serie_a,2025-26,2025-11-29,29967,Genoa CFC,Hellas Verona FC,2,1,1.649,2.607,1.649,2.607,0.655,2.144,153,20,257,27,3,4
serie_a,2025-26,2025-11-29,29968,Juventus FC,Cagliari Calcio,2,1,1.534,0.891,1.534,0.891,1.861,0.847,314,31,358,19,10,2
serie_a,2025-26,2025-11-29,29971,Parma Calcio 1913,Udinese Calcio,0,2,1.036,1.874,1.036,1.112,0.712,2.042,209,12,190,25,3,4
bundesliga,2025-26,2025-11-30,30326,Eintracht Frankfurt,VfL Wolfsburg,1,1,1.661,1.606,0.903,1.606,1.424,1.299,228,15,264,15,14,5
bundesliga,2025-26,2025-11-30,30328,Hamburger SV,VfB Stuttgart,2,1,1.214,1.109,1.214,1.109,1.431,1.256,286,21,146,26,4,5
bundesliga,2025-26,2025-11-30,30327,SC Freiburg,1. FSV Mainz 05,4,0,4.157,0.05,4.157,0.05,2.997,0.001,125,26,446,19,16,3
epl,2025-26,2025-11-30,28898,Aston Villa FC,Wolverhampton Wanderers FC,1,0,1.155,0.693,1.155,0.693,1.758,0.927,234,24,215,21,5,3
epl,2025-26,2025-11-30,28900,Chelsea FC,Arsenal FC,1,1,0.792,1.228,0.792,1.228,0.935,1.758,231,20,155,20,2,7
epl,2025-26,2025-11-30,28901,Crystal Palace FC,Manchester United FC,1,2,2.136,1.478,1.374,1.478,1.906,0.812,241,19,170,19,4,1
epl,2025-26,2025-11-30,28904,Nottingham Forest FC,Brighton & Hove Albion FC,0,2,0.96,2.057,0.96,2.057,0.634,2.16,303,23,247,25,11,8
epl,2025-26,2025-11-30,28907,West Ham United FC,Liverpool FC,0,2,0.364,1.568,0.364,1.568,0.376,2.424,318,23,195,23,4,9
la_liga,2025-26,2025-11-30,29290,Girona FC,Real Madrid CF,1,1,1.052,2.214,1.052,1.47,0.558,2.242,257,12,256,31,6,19
la_liga,2025-26,2025-11-30,29289,RC Celta de Vigo,RCD Espanyol de Barcelona,0,1,0.636,0.599,0.636,0.599,1.301,1.282,230,28,375,27,2,0
la_liga,2025-26,2025-11-30,29293,Real Sociedad de Fútbol,Villarreal CF,2,3,1.371,1.63,1.371,1.63,1.12,1.569,204,38,337,22,2,7
la_liga,2025-26,2025-11-30,29296,Sevilla FC,Real Betis Balompié,0,2,0.735,1.179,0.735,1.179,0.945,1.735,93,22,215,26,3,4
ligue_1,2025-26,2025-11-30,29655,Angers SCO,Racing Club de Lens,1,2,1.106,1.963,1.106,1.963,0.692,2.056,302,22,266,41,2,6
ligue_1,2025-26,2025-11-30,29657,FC Lorient,OGC Nice,3,1,3.493,1.329,3.493,1.329,2.712,0.195,342,17,222,15,15,7
ligue_1,2025-26,2025-11-30,29656,Havre AC,Lille OSC,0,1,0.868,1.35,0.868,1.35,0.873,1.838,275,22,164,11,3,8
ligue_1,2025-26,2025-11-30,29658,Olympique Lyonnais,FC Nantes,3,0,2.188,0.385,2.188,0.385,2.652,0.221,144,27,324,7,10,3
ligue_1,2025-26,2025-11-30,29663,RC Strasbourg Alsace,Stade Brestois 29,1,2,1.146,1.006,1.146,0.246,1.41,1.247,273,23,371,33,8,3
serie_a,2025-26,2025-11-30,29972,AC Pisa 1909,FC Internazionale Milano,0,2,1.807,2.048,1.807,2.048,1.171,1.541,252,10,194,22,7,12
serie_a,2025-26,2025-11-30,29973,AS Roma,SSC Napoli,0,1,0.612,1.331,0.612,1.331,0.72,2.004,239,25,311,17,5,2
serie_a,2025-26,2025-11-30,29964,Atalanta BC,ACF Fiorentina,2,0,2.29,2.02,2.29,2.02,1.543,1.216,305,25,232,17,13,5
serie_a,2025-26,2025-11-30,29969,US Lecce,Torino FC,2,1,0.949,2.063,0.949,1.302,0.532,2.257,191,19,155,25,7,3
la_liga,2025-26,2025-12-01,29292,Rayo Vallecano de Madrid,Valencia CF,1,1,2.133,0.898,2.133,0.898,2.364,0.435,166,18,266,14,4,5
serie_a,2025-26,2025-12-01,29965,Bologna FC 1909,US Cremonese,1,3,2.117,2.335,1.356,2.335,1.189,1.57,119,29,254,14,9,2
epl,2025-26,2025-12-02,28908,AFC Bournemouth,Everton FC,0,1,0.635,1.196,0.635,1.196,0.84,1.841,158,14,281,24,7,5
epl,2025-26,2025-12-02,28912,Fulham FC,Manchester City FC,4,5,0.973,1.962,0.973,1.962,0.646,2.131,261,26,388,22,6,5
epl,2025-26,2025-12-02,28916,Newcastle United FC,Tottenham Hotspur FC,2,2,1.886,1.052,1.124,1.052,1.995,0.754,194,25,259,20,5,4
la_liga,2025-26,2025-12-02,29342,FC Barcelona,Club Atlético de Madrid,3,1,3.461,1.35,2.718,1.35,2.609,0.284,221,25,320,25,8,6
epl,2025-26,2025-12-03,28909,Arsenal FC,Brentford FC,2,0,2.631,0.589,2.631,0.589,2.694,0.197,187,27,281,18,4,3
epl,2025-26,2025-12-03,28910,Brighton & Hove Albion FC,Aston Villa FC,3,4,1.963,3.157,1.963,3.157,0.627,2.195,246,41,274,19,5,11
epl,2025-26,2025-12-03,28911,Burnley FC,Crystal Palace FC,0,1,1.169,0.988,1.169,0.988,1.474,1.197,244,25,347,14,9,4
epl,2025-26,2025-12-03,28913,Leeds United FC,Chelsea FC,3,1,2.205,0.964,2.205,0.964,2.337,0.477,430,18,120,21,3,8
epl,2025-26,2025-12-03,28914,Liverpool FC,Sunderland AFC,1,1,1.376,0.713,1.376,0.713,1.911,0.794,161,17,290,15,5,3
epl,2025-26,2025-12-03,28917,Wolverhampton Wanderers FC,Nottingham Forest FC,0,1,1.025,1.124,1.025,1.124,1.284,1.361,211,23,255,19,2,7
la_liga,2025-26,2025-12-03,29338,Athletic Club,Real Madrid CF,0,3,0.917,2.367,0.917,2.367,0.426,2.406,419,24,191,16,7,6
epl,2025-26,2025-12-04,28915,Manchester United FC,West Ham United FC,1,1,2.277,1.366,2.277,1.366,2.068,0.711,135,25,248,24,7,8
bundesliga,2025-26,2025-12-05,30339,1. FSV Mainz 05,Borussia Mönchengladbach,0,1,1.093,1.903,1.093,1.903,0.766,1.99,221,26,310,16,10,5
la_liga,2025-26,2025-12-05,29306,Real Oviedo,RCD Mallorca,0,0,1.6,0.617,1.6,0.617,2.195,0.569,145,19,295,14,7,7
ligue_1,2025-26,2025-12-05,29667,Lille OSC,Olympique de Marseille,1,0,0.572,0.903,0.572,0.903,0.873,1.742,372,18,251,25,7,2
ligue_1,2025-26,2025-12-05,29665,Stade Brestois 29,AS Monaco FC,1,0,1.138,0.485,1.138,0.485,2,0.702,232,28,140,22,4,5
bundesliga,2025-26,2025-12-06,30338,1. FC Heidenheim 1846,SC Freiburg,2,1,2.666,0.8,2.666,0.8,2.575,0.303,255,14,148,17,10,9
bundesliga,2025-26,2025-12-06,30336,1. FC Köln,FC St. Pauli 1910,1,1,1.904,0.144,1.904,0.144,2.818,0.105,228,11,397,12,1,2
bundesliga,2025-26,2025-12-06,30334,FC Augsburg,Bayer 04 Leverkusen,2,0,2.141,1.419,2.141,1.419,1.883,0.901,383,13,197,19,6,13
bundesliga,2025-26,2025-12-06,30340,RB Leipzig,Eintracht Frankfurt,6,0,3.642,0.473,2.884,0.473,2.95,0.03,275,20,277,35,7,7
bundesliga,2025-26,2025-12-06,30332,VfB Stuttgart,FC Bayern München,0,5,0.729,4.079,0.729,3.321,0.055,2.917,292,12,246,19,6,13
bundesliga,2025-26,2025-12-06,30333,VfL Wolfsburg,1. FC Union Berlin,3,1,0.93,2.019,0.93,1.262,0.544,2.225,236,17,227,18,2,11
epl,2025-26,2025-12-06,28918,AFC Bournemouth,Chelsea FC,0,0,1.419,0.673,1.419,0.673,2.106,0.623,288,26,163,20,6,4
epl,2025-26,2025-12-06,28919,Aston Villa FC,Arsenal FC,2,1,2.72,1.86,2.72,1.86,1.963,0.834,229,17,212,22,11,9
epl,2025-26,2025-12-06,28921,Everton FC,Nottingham Forest FC,3,0,1.253,0.312,1.253,0.312,2.238,0.499,245,29,151,26,9,1
epl,2025-26,2025-12-06,28923,Leeds United FC,Liverpool FC,3,3,1.793,2.048,1.032,2.048,1.214,1.532,241,16,223,22,4,5
epl,2025-26,2025-12-06,28924,Manchester City FC,Sunderland AFC,3,0,2.416,0.626,2.416,0.626,2.565,0.299,235,14,277,21,7,1
epl,2025-26,2025-12-06,28925,Newcastle United FC,Burnley FC,2,1,1.807,1.584,1.046,0.823,1.518,1.187,129,18,297,13,13,2
epl,2025-26,2025-12-06,28926,Tottenham Hotspur FC,Brentford FC,2,0,2.424,0.471,2.424,0.471,2.724,0.174,203,24,201,18,8,8
la_liga,2025-26,2025-12-06,29299,Athletic Club,Club Atlético de Madrid,1,0,1.186,0.772,1.186,0.772,1.679,1.001,308,26,207,16,6,3
la_liga,2025-26,2025-12-06,29298,Deportivo Alavés,Real Sociedad de Fútbol,1,0,1.888,1.099,1.144,1.099,2.002,0.762,316,29,186,27,5,3
la_liga,2025-26,2025-12-06,29302,Real Betis Balompié,FC Barcelona,3,5,2.742,3.303,1.999,2.56,1.029,1.749,408,32,172,14,10,8
la_liga,2025-26,2025-12-06,29304,Villarreal CF,Getafe CF,2,0,0.817,0.282,0.817,0.282,1.892,0.72,142,21,271,26,9,0
ligue_1,2025-26,2025-12-06,29669,FC Nantes,Racing Club de Lens,1,2,1.182,3.264,0.266,3.264,0.225,2.666,284,13,156,30,2,5
ligue_1,2025-26,2025-12-06,29671,Paris Saint-Germain FC,Stade Rennais FC 1901,5,0,2.326,0.154,2.326,0.154,2.804,0.112,224,24,480,15,16,3
ligue_1,2025-26,2025-12-06,29672,Toulouse FC,RC Strasbourg Alsace,1,0,0.641,0.092,0.641,0.092,1.91,0.611,542,32,186,21,1,2
serie_a,2025-26,2025-12-06,29976,FC Internazionale Milano,Como 1907,4,0,2.266,0.943,2.266,0.943,2.335,0.477,305,20,212,19,4,2
serie_a,2025-26,2025-12-06,29983,Hellas Verona FC,Atalanta BC,3,1,1.602,1.765,1.602,1.004,1.204,1.508,312,27,119,19,9,10
serie_a,2025-26,2025-12-06,29980,US Sassuolo Calcio,ACF Fiorentina,3,1,1.641,1.207,1.641,0.445,1.714,0.955,287,16,179,23,8,3
bundesliga,2025-26,2025-12-07,30335,Borussia Dortmund,TSG 1899 Hoffenheim,2,0,1.101,1.424,1.101,1.424,1.045,1.64,324,19,177,21,7,4
bundesliga,2025-26,2025-12-07,30337,Hamburger SV,SV Werder Bremen,3,2,1.577,1.173,1.577,1.173,1.675,1.048,229,21,265,25,8,3
epl,2025-26,2025-12-07,28920,Brighton & Hove Albion FC,West Ham United FC,1,1,2.101,1.706,2.101,1.706,1.641,1.116,133,22,266,15,8,3
epl,2025-26,2025-12-07,28922,Fulham FC,Crystal Palace FC,1,2,0.767,1.711,0.767,1.711,0.664,2.092,231,19,402,19,5,3
la_liga,2025-26,2025-12-07,29300,Elche CF,Girona FC,3,0,1.595,0.781,1.595,0.781,2.018,0.714,198,31,323,19,4,0
la_liga,2025-26,2025-12-07,29301,RCD Espanyol de Barcelona,Rayo Vallecano de Madrid,1,0,1.58,0.286,0.837,0.286,2.542,0.283,265,35,119,24,5,3
la_liga,2025-26,2025-12-07,29303,Real Madrid CF,RC Celta de Vigo,0,2,2.417,1.609,2.417,1.609,1.965,0.794,288,21,289,12,11,7
la_liga,2025-26,2025-12-07,29307,Valencia CF,Sevilla FC,1,1,1.239,0.635,1.239,0.635,1.857,0.823,265,24,243,30,2,1
ligue_1,2025-26,2025-12-07,29664,AJ Auxerre,FC Metz,3,1,2.224,0.347,1.464,0.347,2.741,0.161,381,25,199,16,7,3
ligue_1,2025-26,2025-12-07,29668,FC Lorient,Olympique Lyonnais,1,0,2.486,0.475,2.486,0.475,2.701,0.195,294,16,162,31,5,3
ligue_1,2025-26,2025-12-07,29666,Havre AC,Paris FC,0,0,1.934,1.252,1.174,1.252,1.911,0.848,368,20,250,22,2,4
ligue_1,2025-26,2025-12-07,29670,OGC Nice,Angers SCO,0,1,1.382,1.337,1.382,1.337,1.393,1.326,319,20,340,24,5,5
serie_a,2025-26,2025-12-07,29974,Cagliari Calcio,AS Roma,1,0,1.404,0.452,1.404,0.452,2.173,0.57,247,26,198,20,4,7
serie_a,2025-26,2025-12-07,29977,SS Lazio,Bologna FC 1909,1,1,1.242,1.231,1.242,1.231,1.331,1.342,309,26,254,27,6,2
serie_a,2025-26,2025-12-07,29978,SSC Napoli,Juventus FC,2,1,2.166,0.243,2.166,0.243,2.787,0.127,315,25,262,17,1,5
serie_a,2025-26,2025-12-07,29975,US Cremonese,US Lecce,2,0,2.083,1.375,1.321,1.375,1.951,0.792,157,18,179,31,4,4
epl,2025-26,2025-12-08,28927,Wolverhampton Wanderers FC,Manchester United FC,1,4,0.262,4.047,0.262,3.286,0.015,2.974,298,37,110,24,6,10
la_liga,2025-26,2025-12-08,29305,CA Osasuna,Levante UD,2,0,1.75,0.545,1.75,0.545,2.324,0.463,306,31,174,19,5,5
serie_a,2025-26,2025-12-08,29979,AC Pisa 1909,Parma Calcio 1913,0,1,1.569,1.498,1.569,0.737,1.408,1.279,174,23,214,8,5,1
serie_a,2025-26,2025-12-08,29981,Torino FC,AC Milan,2,3,1.01,2.105,0.249,2.105,0.554,2.21,327,26,176,10,4,9
serie_a,2025-26,2025-12-08,29982,Udinese Calcio,Genoa CFC,1,2,1.492,1.536,1.492,0.775,1.289,1.431,162,30,211,18,7,1
bundesliga,2025-26,2025-12-12,30348,1. FC Union Berlin,RB Leipzig,3,1,1.477,0.496,1.477,0.496,2.198,0.555,366,22,154,18,6,0
la_liga,2025-26,2025-12-12,29316,Real Sociedad de Fútbol,Girona FC,1,2,1.023,1.169,1.023,1.169,1.225,1.466,344,37,273,12,13,9
ligue_1,2025-26,2025-12-12,29673,Angers SCO,FC Nantes,4,1,3.047,0.265,2.287,0.265,2.904,0.056,241,31,321,25,4,4
serie_a,2025-26,2025-12-12,29988,US Lecce,AC Pisa 1909,1,0,2.8,0.304,2.8,0.304,2.847,0.093,218,24,206,7,7,3
bundesliga,2025-26,2025-12-13,30341,Bayer 04 Leverkusen,1. FC Köln,2,0,2.295,0.437,2.295,0.437,2.617,0.247,233,20,274,11,5,4
bundesliga,2025-26,2025-12-13,30343,Borussia Mönchengladbach,VfL Wolfsburg,1,3,0.62,2.721,0.62,2.721,0.2,2.703,277,15,333,26,6,3
bundesliga,2025-26,2025-12-13,30344,Eintracht Frankfurt,FC Augsburg,1,0,1.52,0.656,1.52,0.656,2.086,0.66,257,28,292,11,4,8
bundesliga,2025-26,2025-12-13,30347,FC St. Pauli 1910,1. FC Heidenheim 1846,2,1,1,1.894,1,1.894,0.675,2.089,292,5,141,17,8,14
bundesliga,2025-26,2025-12-13,30346,TSG 1899 Hoffenheim,Hamburger SV,4,1,2.488,1.405,2.488,0.647,2.181,0.609,247,38,314,16,13,4
epl,2025-26,2025-12-13,28928,Arsenal FC,Wolverhampton Wanderers FC,2,1,1.618,0.62,1.618,0.62,2.157,0.579,113,12,228,15,12,3
epl,2025-26,2025-12-13,28930,Burnley FC,Fulham FC,2,3,2.055,1.651,2.055,1.651,1.657,1.093,312,23,286,12,8,7
epl,2025-26,2025-12-13,28931,Chelsea FC,Everton FC,2,0,2.645,1.34,2.645,1.34,2.237,0.582,188,23,380,25,6,4
epl,2025-26,2025-12-13,28933,Liverpool FC,Brighton & Hove Albion FC,2,0,2.413,1.69,2.413,1.69,1.876,0.904,293,16,296,30,12,8
la_liga,2025-26,2025-12-13,29309,Club Atlético de Madrid,Valencia CF,2,1,2.071,1.261,2.071,1.261,1.967,0.801,301,38,255,20,4,6
la_liga,2025-26,2025-12-13,29310,FC Barcelona,CA Osasuna,2,0,2.145,0.228,2.145,0.228,2.728,0.166,84,22,341,17,17,1
la_liga,2025-26,2025-12-13,29315,Getafe CF,RCD Espanyol de Barcelona,0,1,0.306,0.755,0.306,0.755,0.768,1.83,167,19,173,24,3,2
la_liga,2025-26,2025-12-13,29314,RCD Mallorca,Elche CF,3,1,2.581,0.312,2.581,0.312,2.769,0.144,307,23,238,25,4,7
ligue_1,2025-26,2025-12-13,29677,FC Metz,Paris Saint-Germain FC,2,3,0.364,1.948,0.364,1.948,0.275,2.57,464,14,311,29,4,16
ligue_1,2025-26,2025-12-13,29676,Paris FC,Toulouse FC,0,3,0.366,2.038,0.366,1.278,0.202,2.675,203,18,408,16,6,6
ligue_1,2025-26,2025-12-13,29681,Stade Rennais FC 1901,Stade Brestois 29,3,1,1.589,0.873,1.589,0.873,1.964,0.768,143,21,306,41,2,4
serie_a,2025-26,2025-12-13,29984,Atalanta BC,Cagliari Calcio,2,1,3.086,0.569,3.086,0.569,2.845,0.099,255,23,305,23,9,5
serie_a,2025-26,2025-12-13,29990,Parma Calcio 1913,SS Lazio,0,1,1.082,1.766,1.082,1.766,0.81,1.943,259,17,231,14,6,3
serie_a,2025-26,2025-12-13,29992,Torino FC,US Cremonese,1,0,1.946,0.7,1.946,0.7,2.309,0.49,245,31,204,21,5,3
bundesliga,2025-26,2025-12-14,30342,FC Bayern München,1. FSV Mainz 05,2,2,4.68,0.803,3.922,0.803,2.956,0.027,77,12,489,11,12,2
bundesliga,2025-26,2025-12-14,30345,SC Freiburg,Borussia Dortmund,1,1,1.106,1.474,1.106,1.474,1.029,1.702,206,22,256,10,8,5
bundesliga,2025-26,2025-12-14,30349,SV Werder Bremen,VfB Stuttgart,0,4,0.608,2.052,0.608,2.052,0.452,2.361,296,21,199,29,8,13
epl,2025-26,2025-12-14,28929,Brentford FC,Leeds United FC,1,1,0.697,1.634,0.697,1.634,0.611,2.13,173,20,293,16,6,9
epl,2025-26,2025-12-14,28932,Crystal Palace FC,Manchester City FC,0,3,1.301,1.353,1.301,0.592,1.259,1.452,361,27,195,15,8,3
epl,2025-26,2025-12-14,28935,Nottingham Forest FC,Tottenham Hotspur FC,3,0,2.327,0.38,2.327,0.38,2.738,0.165,209,25,205,26,1,4
epl,2025-26,2025-12-14,28936,Sunderland AFC,Newcastle United FC,1,0,0.63,0.169,0.63,0.169,1.82,0.712,268,23,167,16,5,4
epl,2025-26,2025-12-14,28937,West Ham United FC,Aston Villa FC,2,3,1.277,0.595,1.277,0.595,2.006,0.682,348,28,228,21,0,3
la_liga,2025-26,2025-12-14,29308,Deportivo Alavés,Real Madrid CF,1,2,1.313,1.907,1.313,1.907,0.872,1.863,273,22,330,26,3,4
la_liga,2025-26,2025-12-14,29312,RC Celta de Vigo,Athletic Club,2,0,1.971,1.666,1.971,0.922,1.623,1.108,283,24,326,32,4,3
la_liga,2025-26,2025-12-14,29317,Sevilla FC,Real Oviedo,4,0,2.319,0.417,2.319,0.417,2.675,0.209,193,17,269,25,4,0
ligue_1,2025-26,2025-12-14,29674,AJ Auxerre,Lille OSC,3,4,2.509,0.734,1.749,0.734,2.735,0.159,241,24,158,20,6,7
ligue_1,2025-26,2025-12-14,29679,Olympique Lyonnais,Havre AC,1,0,2.96,1.445,2.96,0.564,2.39,0.445,142,18,190,22,9,2
ligue_1,2025-26,2025-12-14,29678,Olympique de Marseille,AS Monaco FC,1,0,2.025,1.95,2.025,1.95,1.447,1.316,166,11,259,21,14,11
ligue_1,2025-26,2025-12-14,29680,RC Strasbourg Alsace,FC Lorient,0,0,0.912,0.416,0.912,0.416,1.816,0.816,261,21,448,16,3,3
ligue_1,2025-26,2025-12-14,29675,Racing Club de Lens,OGC Nice,2,0,1.916,0.733,1.916,0.733,2.33,0.463,342,36,270,27,4,6
serie_a,2025-26,2025-12-14,29989,AC Milan,US Sassuolo Calcio,2,2,1.833,1.028,1.833,1.028,1.98,0.772,241,23,315,22,8,4
serie_a,2025-26,2025-12-14,29986,ACF Fiorentina,Hellas Verona FC,1,2,2.418,1.539,2.418,1.539,2,0.789,129,18,253,29,6,7
serie_a,2025-26,2025-12-14,29985,Bologna FC 1909,Juventus FC,0,1,0.974,2.071,0.974,2.071,0.604,2.192,260,19,292,16,3,14
serie_a,2025-26,2025-12-14,29987,Genoa CFC,FC Internazionale Milano,1,2,0.895,2.044,0.895,2.044,0.509,2.261,287,17,172,30,3,7
serie_a,2025-26,2025-12-14,29993,Udinese Calcio,SSC Napoli,1,0,1.841,0.931,1.841,0.931,2.082,0.67,295,29,139,15,4,5
epl,2025-26,2025-12-15,28934,Manchester United FC,AFC Bournemouth,4,4,3.212,2.352,3.212,2.352,1.937,0.865,109,18,176,13,18,12
la_liga,2025-26,2025-12-15,29313,Rayo Vallecano de Madrid,Real Betis Balompié,0,0,2.185,0.789,2.185,0.789,2.397,0.428,165,20,240,13,2,8
serie_a,2025-26,2025-12-15,29991,AS Roma,Como 1907,1,0,1.656,0.636,1.656,0.636,2.171,0.594,204,33,221,18,17,5
bundesliga,2025-26,2025-12-19,30351,Borussia Dortmund,Borussia Mönchengladbach,2,0,1.654,0.221,1.654,0.221,2.557,0.274,271,26,315,27,13,11
la_liga,2025-26,2025-12-19,29327,Valencia CF,RCD Mallorca,1,1,2.16,0.199,2.16,0.199,2.78,0.131,135,17,283,15,10,2
bundesliga,2025-26,2025-12-20,30352,1. FC Köln,1. FC Union Berlin,0,1,0.677,1.474,0.677,1.474,0.692,2.05,180,13,365,11,5,3
bundesliga,2025-26,2025-12-20,30350,FC Augsburg,SV Werder Bremen,0,0,1.494,0.907,1.494,0.907,1.852,0.862,238,11,226,27,4,7
bundesliga,2025-26,2025-12-20,30353,Hamburger SV,Eintracht Frankfurt,1,1,1.098,1.091,1.098,1.091,1.356,1.294,312,23,236,24,5,8
bundesliga,2025-26,2025-12-20,30356,RB Leipzig,Bayer 04 Leverkusen,1,3,1.939,2.705,1.939,2.705,0.899,1.891,387,23,271,15,7,10
bundesliga,2025-26,2025-12-20,30357,VfB Stuttgart,TSG 1899 Hoffenheim,0,0,1.461,0.154,1.461,0.154,2.582,0.244,199,23,200,24,1,6
bundesliga,2025-26,2025-12-20,30358,VfL Wolfsburg,SC Freiburg,3,4,1.306,2.66,1.306,1.902,0.456,2.368,213,19,296,15,7,7
epl,2025-26,2025-12-20,28938,AFC Bournemouth,Burnley FC,1,1,1.818,0.481,1.818,0.481,2.467,0.341,121,22,233,22,12,3
epl,2025-26,2025-12-20,28940,Brighton & Hove Albion FC,Sunderland AFC,0,0,0.919,1.31,0.919,1.31,1.023,1.688,168,17,213,25,10,8
epl,2025-26,2025-12-20,28941,Everton FC,Arsenal FC,0,1,0.213,1.847,0.213,1.086,0.17,2.713,410,17,194,14,0,13
epl,2025-26,2025-12-20,28943,Leeds United FC,Crystal Palace FC,4,1,2.908,1.531,2.908,0.769,2.345,0.47,199,19,254,29,7,5
epl,2025-26,2025-12-20,28944,Manchester City FC,West Ham United FC,3,0,3.582,1.021,3.582,1.021,2.778,0.153,256,33,420,22,14,2
epl,2025-26,2025-12-20,28945,Newcastle United FC,Chelsea FC,2,2,2.879,1.026,2.879,1.026,2.614,0.269,224,27,183,20,7,7
epl,2025-26,2025-12-20,28946,Tottenham Hotspur FC,Liverpool FC,1,2,1.349,1.232,1.349,1.232,1.441,1.249,285,16,159,13,2,10
epl,2025-26,2025-12-20,28947,Wolverhampton Wanderers FC,Brentford FC,0,2,1.268,1.563,0.507,1.563,1.13,1.578,293,22,187,30,6,9
la_liga,2025-26,2025-12-20,29323,CA Osasuna,Deportivo Alavés,3,0,2.391,0.719,1.648,0.719,2.578,0.283,241,32,190,15,4,2
la_liga,2025-26,2025-12-20,29321,Levante UD,Real Sociedad de Fútbol,1,1,1.22,1.63,0.477,1.63,1.068,1.647,267,26,172,21,3,6
la_liga,2025-26,2025-12-20,29322,Real Madrid CF,Sevilla FC,2,0,4.001,1.514,3.258,1.514,2.696,0.22,292,23,296,24,10,9
la_liga,2025-26,2025-12-20,29326,Real Oviedo,RC Celta de Vigo,0,0,0.518,0.6,0.518,0.6,1.196,1.368,244,27,266,13,6,1
serie_a,2025-26,2025-12-20,29999,Juventus FC,AS Roma,2,1,3.096,1.284,3.096,1.284,2.518,0.347,306,18,199,24,9,13
serie_a,2025-26,2025-12-20,30000,SS Lazio,US Cremonese,0,0,0.433,0.71,0.433,0.71,0.954,1.625,292,25,347,22,3,1
bundesliga,2025-26,2025-12-21,30354,1. FC Heidenheim 1846,FC Bayern München,0,4,1.488,3.368,1.488,3.368,0.346,2.52,443,10,161,14,6,16
bundesliga,2025-26,2025-12-21,30355,1. FSV Mainz 05,FC St. Pauli 1910,0,0,1.874,0.227,1.874,0.227,2.656,0.21,200,13,228,13,4,3
epl,2025-26,2025-12-21,28939,Aston Villa FC,Manchester United FC,2,1,1.869,1.305,1.869,1.305,1.87,0.86,265,23,220,38,1,8
la_liga,2025-26,2025-12-21,29320,Elche CF,Rayo Vallecano de Madrid,4,0,3.67,1.149,3.67,1.149,2.745,0.176,222,23,166,24,8,4
la_liga,2025-26,2025-12-21,29324,Girona FC,Club Atlético de Madrid,0,3,1.116,1.262,1.116,1.262,1.259,1.432,286,21,316,25,5,12
la_liga,2025-26,2025-12-21,29319,Real Betis Balompié,Getafe CF,4,0,3.46,1.247,3.46,0.504,2.705,0.203,188,20,215,26,6,3
la_liga,2025-26,2025-12-21,29325,Villarreal CF,FC Barcelona,0,2,2.165,3.274,2.165,2.531,0.696,2.111,394,15,96,19,4,17
serie_a,2025-26,2025-12-21,29996,ACF Fiorentina,Udinese Calcio,5,1,3.248,0.795,3.248,0.795,2.752,0.169,190,17,340,9,9,2
serie_a,2025-26,2025-12-21,29994,Cagliari Calcio,AC Pisa 1909,2,2,1.202,2.025,1.202,1.264,0.767,1.992,132,17,233,28,2,8
serie_a,2025-26,2025-12-21,29997,Genoa CFC,Atalanta BC,0,1,0.968,1.766,0.968,1.766,0.774,1.971,202,14,105,29,4,4
serie_a,2025-26,2025-12-21,30002,US Sassuolo Calcio,Torino FC,0,1,0.581,2,0.581,1.239,0.328,2.506,237,18,272,33,9,2
epl,2025-26,2025-12-22,28942,Fulham FC,Nottingham Forest FC,1,0,1.706,0.486,0.945,0.486,2.422,0.385,283,12,304,19,5,7
la_liga,2025-26,2025-12-22,29318,Athletic Club,RCD Espanyol de Barcelona,1,2,1.723,0.909,1.723,0.909,1.988,0.749,157,22,262,17,9,1
epl,2025-26,2025-12-26,28954,Manchester United FC,Newcastle United FC,1,0,0.941,1.13,0.941,1.13,1.208,1.48,297,18,185,24,1,9
epl,2025-26,2025-12-27,28948,Arsenal FC,Brighton & Hove Albion FC,2,1,2.543,0.71,2.543,0.71,2.595,0.277,236,17,249,23,8,6
epl,2025-26,2025-12-27,28949,Brentford FC,AFC Bournemouth,4,1,2.851,2.562,2.851,2.562,1.57,1.193,166,20,206,30,9,5
epl,2025-26,2025-12-27,28950,Burnley FC,Everton FC,0,0,1.249,1.252,1.249,1.252,1.308,1.398,177,21,244,21,4,6
epl,2025-26,2025-12-27,28951,Chelsea FC,Aston Villa FC,1,2,1.972,2.059,1.972,2.059,1.281,1.444,187,39,284,7,11,6
epl,2025-26,2025-12-27,28953,Liverpool FC,Wolverhampton Wanderers FC,2,1,1.565,0.781,1.565,0.781,2.015,0.697,171,23,295,22,12,2
epl,2025-26,2025-12-27,28955,Nottingham Forest FC,Manchester City FC,1,2,0.6,1.465,0.6,1.465,0.655,2.078,299,16,136,21,4,11
epl,2025-26,2025-12-27,28957,West Ham United FC,Fulham FC,0,1,1.137,1.114,1.137,1.114,1.364,1.325,247,20,200,20,11,5
serie_a,2025-26,2025-12-27,30009,AC Pisa 1909,Juventus FC,0,2,0.642,1.288,0.642,1.288,0.756,1.95,239,18,173,19,5,19
serie_a,2025-26,2025-12-27,30008,Parma Calcio 1913,ACF Fiorentina,1,0,1.265,1.246,1.265,1.246,1.377,1.341,247,15,164,27,4,6
serie_a,2025-26,2025-12-27,30011,Torino FC,Cagliari Calcio,1,2,2.461,0.995,2.461,0.995,2.402,0.421,226,19,260,17,5,4
serie_a,2025-26,2025-12-27,30006,US Lecce,Como 1907,0,3,1.154,2.334,1.154,2.334,0.509,2.286,315,29,120,26,4,7
serie_a,2025-26,2025-12-27,30012,Udinese Calcio,SS Lazio,1,1,0.807,0.848,0.807,0.848,1.258,1.386,271,23,202,16,5,4
epl,2025-26,2025-12-28,28952,Crystal Palace FC,Tottenham Hotspur FC,0,1,0.93,0.871,0.93,0.871,1.32,1.333,167,23,298,9,16,6
epl,2025-26,2025-12-28,28956,Sunderland AFC,Leeds United FC,1,1,0.806,2.607,0.806,2.607,0.305,2.566,305,15,217,22,5,16
serie_a,2025-26,2025-12-28,30007,AC Milan,Hellas Verona FC,3,0,2.878,0.328,2.117,0.328,2.934,0.038,231,15,250,29,3,1
serie_a,2025-26,2025-12-28,30013,Atalanta BC,FC Internazionale Milano,0,1,1.169,1.633,1.169,1.633,0.995,1.716,322,17,251,30,3,10
serie_a,2025-26,2025-12-28,30004,Bologna FC 1909,US Sassuolo Calcio,1,1,0.937,1.523,0.937,1.523,0.85,1.884,208,35,233,22,5,4
serie_a,2025-26,2025-12-28,30005,US Cremonese,SSC Napoli,0,2,0.276,2.854,0.276,2.854,0.078,2.87,264,21,243,12,2,11
serie_a,2025-26,2025-12-29,30010,AS Roma,Genoa CFC,3,1,1.861,0.511,1.861,0.511,2.428,0.391,207,21,307,31,13,3
epl,2025-26,2025-12-30,28958,Arsenal FC,Aston Villa FC,4,1,4.413,2.942,4.413,2.942,2.251,0.58,262,31,171,8,8,4
epl,2025-26,2025-12-30,28960,Burnley FC,Newcastle United FC,1,3,1.326,2.492,1.326,2.492,0.583,2.221,282,23,230,20,11,7
epl,2025-26,2025-12-30,28961,Chelsea FC,AFC Bournemouth,2,2,2.333,3.491,1.572,3.491,0.641,2.168,119,24,253,16,10,8
epl,2025-26,2025-12-30,28964,Manchester United FC,Wolverhampton Wanderers FC,1,1,1.133,1.218,1.133,1.218,1.248,1.441,207,27,296,17,6,7
epl,2025-26,2025-12-30,28965,Nottingham Forest FC,Everton FC,0,2,1.754,1.695,1.754,1.695,1.397,1.339,150,27,309,23,16,4
epl,2025-26,2025-12-30,28967,West Ham United FC,Brighton & Hove Albion FC,2,2,2.276,3.089,1.515,1.567,0.808,1.982,305,21,178,26,5,5
epl,2025-26,2026-01-01,28959,Brentford FC,Tottenham Hotspur FC,0,0,0.556,0.608,0.556,0.608,1.224,1.342,213,28,303,16,3,7
epl,2025-26,2026-01-01,28962,Crystal Palace FC,Fulham FC,1,1,2.353,1.754,2.353,1.754,1.846,0.924,335,13,203,25,10,9
epl,2025-26,2026-01-01,28963,Liverpool FC,Leeds United FC,0,0,1.678,0.159,1.678,0.159,2.657,0.2,150,23,280,16,10,1
epl,2025-26,2026-01-01,28966,Sunderland AFC,Manchester City FC,0,0,0.962,2.442,0.962,2.442,0.455,2.385,316,37,148,26,5,17
la_liga,2025-26,2026-01-02,29335,Rayo Vallecano de Madrid,Getafe CF,1,1,0.662,0.664,0.662,0.664,1.297,1.319,100,20,286,18,5,1
ligue_1,2025-26,2026-01-02,29690,Toulouse FC,Racing Club de Lens,0,3,0.47,2.678,0.47,2.678,0.162,2.753,318,23,144,35,3,9
serie_a,2025-26,2026-01-02,30015,Cagliari Calcio,AC Milan,0,1,0.308,0.893,0.308,0.893,0.734,1.886,331,12,307,28,4,10
epl,2025-26,2026-01-03,28971,AFC Bournemouth,Arsenal FC,2,3,0.948,1.28,0.948,1.28,1.064,1.637,250,16,175,22,4,9
epl,2025-26,2026-01-03,28972,Aston Villa FC,Nottingham Forest FC,3,1,1.43,0.898,1.43,0.898,1.804,0.911,133,33,336,23,20,3
epl,2025-26,2026-01-03,28973,Brighton & Hove Albion FC,Burnley FC,2,0,1.472,0.255,1.472,0.255,2.398,0.379,233,19,412,29,6,1
epl,2025-26,2026-01-03,28970,Wolverhampton Wanderers FC,West Ham United FC,3,0,2.239,0.236,1.478,0.236,2.811,0.111,336,12,167,32,2,6
la_liga,2025-26,2026-01-03,29331,CA Osasuna,Athletic Club,1,1,0.868,1.554,0.868,1.554,0.817,1.92,216,16,275,40,3,12
la_liga,2025-26,2026-01-03,29330,Elche CF,Villarreal CF,1,3,1.521,2.635,1.521,2.635,0.7,2.105,98,26,378,19,8,8
la_liga,2025-26,2026-01-03,29329,RC Celta de Vigo,Valencia CF,4,1,2.59,1.793,1.847,1.05,1.99,0.789,357,23,245,17,6,7
la_liga,2025-26,2026-01-03,29333,RCD Espanyol de Barcelona,FC Barcelona,0,2,1.797,2.943,1.797,2.943,0.663,2.153,333,18,124,25,4,7
ligue_1,2025-26,2026-01-03,29687,AS Monaco FC,Olympique Lyonnais,1,3,0.8,1.955,0.8,1.955,0.448,2.338,277,31,222,17,5,11
ligue_1,2025-26,2026-01-03,29684,Lille OSC,Stade Rennais FC 1901,0,2,1.061,1.497,1.061,1.497,1.039,1.686,311,14,229,21,7,14
ligue_1,2025-26,2026-01-03,29688,OGC Nice,RC Strasbourg Alsace,1,1,2.395,1.387,2.395,0.627,2.108,0.668,370,26,304,27,9,11
serie_a,2025-26,2026-01-03,30014,Atalanta BC,AS Roma,1,0,2.736,1.01,2.736,1.01,2.635,0.242,266,22,164,24,3,12
serie_a,2025-26,2026-01-03,30016,Como 1907,Udinese Calcio,1,0,2.384,0.245,1.622,0.245,2.824,0.103,223,40,314,21,10,3
serie_a,2025-26,2026-01-03,30018,Genoa CFC,AC Pisa 1909,1,1,0.569,1.554,0.569,1.554,0.531,2.239,115,13,228,29,4,5
serie_a,2025-26,2026-01-03,30020,Juventus FC,US Lecce,1,1,3.594,0.176,2.833,0.176,2.966,0.019,145,23,316,16,20,0
serie_a,2025-26,2026-01-03,30022,US Sassuolo Calcio,Parma Calcio 1913,1,1,1.01,1.183,1.01,1.183,1.234,1.466,260,18,209,18,9,6
epl,2025-26,2026-01-04,28974,Everton FC,Brentford FC,2,4,1.006,3.052,1.006,3.052,0.289,2.597,286,26,184,20,5,5
epl,2025-26,2026-01-04,28975,Fulham FC,Liverpool FC,2,2,0.609,1.719,0.609,1.719,0.505,2.277,336,18,284,14,4,8
epl,2025-26,2026-01-04,28976,Leeds United FC,Manchester United FC,1,1,0.97,1.948,0.97,1.948,0.654,2.111,309,35,210,20,11,8
epl,2025-26,2026-01-04,28977,Manchester City FC,Chelsea FC,1,1,1.03,2.037,1.03,2.037,0.546,2.252,271,33,329,25,7,2
epl,2025-26,2026-01-04,28968,Newcastle United FC,Crystal Palace FC,2,0,2.728,1.278,2.728,1.278,2.412,0.423,147,16,278,30,10,9
epl,2025-26,2026-01-04,28969,Tottenham Hotspur FC,Sunderland AFC,1,1,1.417,0.467,1.417,0.467,2.307,0.461,200,27,165,20,9,9
la_liga,2025-26,2026-01-04,29328,Deportivo Alavés,Real Oviedo,1,1,1.568,3.219,1.568,3.219,0.463,2.388,165,24,207,27,5,11
la_liga,2025-26,2026-01-04,29336,RCD Mallorca,Girona FC,1,2,1.483,1.457,0.74,0.714,1.348,1.323,260,26,243,18,6,7
la_liga,2025-26,2026-01-04,29334,Real Madrid CF,Real Betis Balompié,5,1,3.007,0.975,3.007,0.975,2.622,0.263,239,15,388,21,10,5
la_liga,2025-26,2026-01-04,29332,Real Sociedad de Fútbol,Club Atlético de Madrid,1,1,1.706,1.373,1.706,1.373,1.627,1.112,328,31,206,18,9,5
la_liga,2025-26,2026-01-04,29337,Sevilla FC,Levante UD,0,3,1.666,1.651,0.827,1.651,1.366,1.34,166,21,281,19,7,0
ligue_1,2025-26,2026-01-04,29685,FC Lorient,FC Metz,1,1,1.554,0.365,1.554,0.365,2.405,0.387,392,21,274,15,5,1
ligue_1,2025-26,2026-01-04,29683,Havre AC,Angers SCO,2,1,1.549,0.731,1.549,0.731,2.117,0.617,210,24,239,18,3,6
ligue_1,2025-26,2026-01-04,29686,Olympique de Marseille,FC Nantes,0,2,1.141,3.168,1.141,2.408,0.248,2.641,249,24,286,23,5,9
ligue_1,2025-26,2026-01-04,29689,Paris Saint-Germain FC,Paris FC,2,1,1.587,0.938,1.587,0.178,1.877,0.811,209,25,435,12,10,2
ligue_1,2025-26,2026-01-04,29682,Stade Brestois 29,AJ Auxerre,2,0,1.544,0.836,1.544,0.836,1.973,0.762,255,37,264,25,9,3
serie_a,2025-26,2026-01-04,30017,ACF Fiorentina,US Cremonese,1,0,2.207,0.753,2.207,0.753,2.497,0.307,172,16,256,18,12,1
serie_a,2025-26,2026-01-04,30019,FC Internazionale Milano,Bologna FC 1909,3,1,4.267,0.783,4.267,0.783,2.93,0.044,207,29,285,38,7,3
serie_a,2025-26,2026-01-04,30023,Hellas Verona FC,Torino FC,0,3,0.261,1.703,0.261,1.703,0.315,2.5,275,29,187,23,4,1
serie_a,2025-26,2026-01-04,30021,SS Lazio,SSC Napoli,0,2,0.406,2.425,0.406,2.425,0.188,2.704,461,15,208,21,3,4
epl,2025-26,2026-01-06,28987,West Ham United FC,Nottingham Forest FC,1,2,1.737,1.267,1.737,0.506,1.728,0.986,189,19,180,15,7,8
serie_a,2025-26,2026-01-06,30031,AC Pisa 1909,Como 1907,0,3,1.712,2.104,0.951,1.342,1.056,1.676,339,14,97,28,3,7
serie_a,2025-26,2026-01-06,30027,US Lecce,AS Roma,0,2,0.605,1.892,0.605,1.892,0.369,2.449,191,22,200,33,2,5
serie_a,2025-26,2026-01-06,30032,US Sassuolo Calcio,Juventus FC,0,3,0.204,2.908,0.204,2.908,0.043,2.923,277,6,279,31,3,11
epl,2025-26,2026-01-07,28979,AFC Bournemouth,Tottenham Hotspur FC,3,2,1.19,1.626,1.19,1.626,1.007,1.706,254,28,166,18,4,8
epl,2025-26,2026-01-07,28981,Brentford FC,Sunderland AFC,3,0,3.861,1.506,3.861,0.745,2.717,0.196,227,16,202,19,13,5
epl,2025-26,2026-01-07,28982,Burnley FC,Manchester United FC,2,2,0.32,2.525,0.32,2.525,0.173,2.725,307,26,150,18,1,13
epl,2025-26,2026-01-07,28983,Crystal Palace FC,Aston Villa FC,0,0,1.325,2.07,1.325,2.07,0.812,1.956,348,18,202,15,8,10
epl,2025-26,2026-01-07,28978,Everton FC,Wolverhampton Wanderers FC,1,1,1.633,0.713,1.633,0.713,2.163,0.604,245,24,200,19,2,5
epl,2025-26,2026-01-07,28984,Fulham FC,Chelsea FC,2,1,1.06,2.451,1.06,2.451,0.474,2.361,286,27,290,23,15,5
epl,2025-26,2026-01-07,28985,Manchester City FC,Brighton & Hove Albion FC,1,1,2.959,1.332,2.198,1.332,2.429,0.41,259,27,310,25,13,1
epl,2025-26,2026-01-07,28986,Newcastle United FC,Leeds United FC,4,3,2.435,2.353,1.674,1.592,1.456,1.291,163,20,328,30,8,5
serie_a,2025-26,2026-01-07,30024,Bologna FC 1909,Atalanta BC,0,2,1.115,1.333,1.115,1.333,1.154,1.527,184,15,239,21,2,9
serie_a,2025-26,2026-01-07,30030,Parma Calcio 1913,FC Internazionale Milano,0,2,0.261,3.088,0.261,3.088,0.067,2.884,303,9,214,32,0,18
serie_a,2025-26,2026-01-07,30026,SS Lazio,ACF Fiorentina,2,2,2.708,1.519,1.947,0.758,2.271,0.53,316,15,252,17,11,5
serie_a,2025-26,2026-01-07,30029,SSC Napoli,Hellas Verona FC,2,2,1.573,1.292,1.573,0.53,1.571,1.131,148,14,389,23,5,2
serie_a,2025-26,2026-01-07,30033,Torino FC,Udinese Calcio,1,2,1.674,2.318,1.674,2.318,0.893,1.864,187,34,233,18,5,7
epl,2025-26,2026-01-08,28980,Arsenal FC,Liverpool FC,0,0,0.702,0.319,0.702,0.319,1.684,0.874,281,21,211,11,10,0
serie_a,2025-26,2026-01-08,30028,AC Milan,Genoa CFC,1,1,2.116,1.437,2.116,0.676,1.84,0.903,222,25,270,7,18,0
serie_a,2025-26,2026-01-08,30025,US Cremonese,Cagliari Calcio,2,2,2.253,1.783,2.253,1.783,1.731,1.043,323,18,239,18,4,7
bundesliga,2025-26,2026-01-09,30362,Eintracht Frankfurt,Borussia Dortmund,3,3,1.664,2.298,0.906,2.298,0.941,1.826,278,22,203,17,6,9
la_liga,2025-26,2026-01-09,29339,Getafe CF,Real Sociedad de Fútbol,1,2,0.24,1.258,0.24,1.258,0.442,2.299,255,19,149,43,1,4
bundesliga,2025-26,2026-01-10,30364,1. FC Heidenheim 1846,1. FC Köln,2,2,2.146,2.756,2.146,2.756,0.995,1.787,207,16,289,8,2,7
bundesliga,2025-26,2026-01-10,30366,1. FC Union Berlin,1. FSV Mainz 05,2,2,3.651,1.565,3.651,1.565,2.606,0.281,186,19,251,16,8,6
bundesliga,2025-26,2026-01-10,30359,Bayer 04 Leverkusen,VfB Stuttgart,1,4,1.983,2.688,1.225,1.93,0.875,1.906,216,14,340,27,9,7
bundesliga,2025-26,2026-01-10,30363,SC Freiburg,Hamburger SV,2,1,2.935,0.851,2.177,0.851,2.706,0.201,204,22,266,9,6,2
la_liga,2025-26,2026-01-10,29340,Girona FC,CA Osasuna,1,0,0.984,1.227,0.984,1.227,1.161,1.515,277,27,239,20,8,8
la_liga,2025-26,2026-01-10,29343,Real Oviedo,Real Betis Balompié,1,1,1.01,2.708,1.01,2.708,0.361,2.495,362,29,222,18,4,15
la_liga,2025-26,2026-01-10,29345,Valencia CF,Elche CF,1,1,2.041,0.244,1.298,0.244,2.738,0.161,307,27,150,20,5,5
la_liga,2025-26,2026-01-10,29341,Villarreal CF,Deportivo Alavés,3,1,1.383,0.845,1.383,0.845,1.79,0.922,359,22,254,33,10,3
serie_a,2025-26,2026-01-10,30041,AS Roma,US Sassuolo Calcio,2,0,2.958,0.859,2.958,0.859,2.638,0.241,195,36,308,25,21,4
serie_a,2025-26,2026-01-10,30034,Atalanta BC,Torino FC,2,0,2.551,0.946,2.551,0.946,2.418,0.421,221,27,257,30,13,9
serie_a,2025-26,2026-01-10,30035,Como 1907,Bologna FC 1909,1,1,1.139,1.549,1.139,1.549,0.949,1.75,174,21,276,15,4,4
serie_a,2025-26,2026-01-10,30042,Udinese Calcio,AC Pisa 1909,2,2,2.18,1.427,1.419,1.427,2.042,0.693,142,15,187,27,8,3
bundesliga,2025-26,2026-01-11,30361,Borussia Mönchengladbach,FC Augsburg,4,0,3.572,1.575,2.814,1.575,2.605,0.281,274,24,377,36,12,4
bundesliga,2025-26,2026-01-11,30360,FC Bayern München,VfL Wolfsburg,8,1,3.549,1.085,3.549,1.085,2.744,0.176,200,18,427,23,11,3
la_liga,2025-26,2026-01-11,29346,Levante UD,RCD Espanyol de Barcelona,1,1,1.182,1.589,1.182,1.589,1.045,1.68,251,23,285,31,6,6
la_liga,2025-26,2026-01-11,29347,Rayo Vallecano de Madrid,RCD Mallorca,2,1,2.051,1.057,1.308,1.057,2.154,0.621,184,26,211,19,4,0
serie_a,2025-26,2026-01-11,30036,ACF Fiorentina,AC Milan,1,1,2.38,2.053,2.38,2.053,1.579,1.186,249,20,252,22,7,7
serie_a,2025-26,2026-01-11,30038,FC Internazionale Milano,SSC Napoli,2,2,1.657,1.384,0.895,1.384,1.561,1.14,317,24,227,20,13,4
serie_a,2025-26,2026-01-11,30043,Hellas Verona FC,SS Lazio,0,1,0.585,0.644,0.585,0.644,1.214,1.379,443,23,213,17,6,5
serie_a,2025-26,2026-01-11,30040,US Lecce,Parma Calcio 1913,1,2,0.842,1.464,0.842,1.464,0.827,1.898,261,22,145,27,3,3
la_liga,2025-26,2026-01-12,29344,Sevilla FC,RC Celta de Vigo,0,1,0.263,2.076,0.263,1.333,0.132,2.784,197,27,267,15,5,3
serie_a,2025-26,2026-01-12,30037,Genoa CFC,Cagliari Calcio,3,0,1.262,1.007,1.262,1.007,1.589,1.109,305,22,249,26,1,4
serie_a,2025-26,2026-01-12,30039,Juventus FC,US Cremonese,5,0,3.231,1.113,2.335,1.113,2.665,0.235,254,26,334,8,13,3
bundesliga,2025-26,2026-01-13,30373,1. FSV Mainz 05,1. FC Heidenheim 1846,2,1,1.957,1.236,1.957,1.236,1.904,0.848,279,21,176,20,11,5
bundesliga,2025-26,2026-01-13,30369,Borussia Dortmund,SV Werder Bremen,3,0,2.318,0.399,2.318,0.399,2.688,0.196,379,30,275,18,9,1
bundesliga,2025-26,2026-01-13,30375,VfB Stuttgart,Eintracht Frankfurt,3,2,3.545,0.896,3.545,0.896,2.776,0.155,186,19,265,28,11,1
bundesliga,2025-26,2026-01-14,30370,1. FC Köln,FC Bayern München,1,3,0.715,2.116,0.715,2.116,0.424,2.396,410,17,129,17,1,10
bundesliga,2025-26,2026-01-14,30374,RB Leipzig,SC Freiburg,2,0,2.803,0.148,2.803,0.148,2.886,0.067,187,15,329,29,16,3
bundesliga,2025-26,2026-01-14,30372,TSG 1899 Hoffenheim,Borussia Mönchengladbach,5,1,4.378,0.833,3.62,0.833,2.915,0.055,189,26,392,19,14,3
bundesliga,2025-26,2026-01-14,30376,VfL Wolfsburg,FC St. Pauli 1910,2,1,1.78,1.212,0.947,1.212,1.863,0.786,238,22,377,7,7,3
serie_a,2025-26,2026-01-14,29998,FC Internazionale Milano,US Lecce,1,0,1.917,0.469,1.917,0.469,2.466,0.363,117,22,273,14,12,2
serie_a,2025-26,2026-01-14,30001,SSC Napoli,Parma Calcio 1913,0,0,1.297,0.23,1.297,0.23,2.319,0.422,193,23,306,8,11,4
bundesliga,2025-26,2026-01-15,30368,FC Augsburg,1. FC Union Berlin,1,1,0.56,1.738,0.56,1.738,0.47,2.323,293,14,238,27,5,9
serie_a,2025-26,2026-01-15,29995,Como 1907,AC Milan,1,3,1.869,1.393,1.869,0.631,1.701,1.024,195,21,401,16,8,3
serie_a,2025-26,2026-01-15,30003,Hellas Verona FC,Bologna FC 1909,2,3,1.688,0.691,1.688,0.691,2.221,0.551,338,21,192,20,5,6
bundesliga,2025-26,2026-01-16,30384,SV Werder Bremen,Eintracht Frankfurt,3,3,2.101,1.208,2.101,1.208,2.023,0.745,179,17,280,26,12,5
la_liga,2025-26,2026-01-16,29355,RCD Espanyol de Barcelona,Girona FC,0,2,1.267,1.824,1.267,0.337,0.849,1.878,254,28,234,31,2,5
ligue_1,2025-26,2026-01-16,29694,AS Monaco FC,FC Lorient,1,3,1.313,1.171,1.313,1.171,1.511,1.179,211,24,281,13,8,8
ligue_1,2025-26,2026-01-16,29696,Paris Saint-Germain FC,Lille OSC,3,0,1.293,0.68,1.293,0.68,1.861,0.832,261,34,383,13,10,4
serie_a,2025-26,2026-01-16,30049,AC Pisa 1909,Atalanta BC,1,1,1.637,1.774,1.637,1.774,1.232,1.49,255,23,117,14,15,7
bundesliga,2025-26,2026-01-17,30379,1. FC Köln,1. FSV Mainz 05,2,1,2.413,1.911,2.413,1.911,1.712,1.043,125,20,252,14,9,5
bundesliga,2025-26,2026-01-17,30378,Borussia Dortmund,FC St. Pauli 1910,3,2,2.548,0.533,1.79,0.533,2.71,0.19,189,19,392,16,6,4
bundesliga,2025-26,2026-01-17,30380,Hamburger SV,Borussia Mönchengladbach,0,0,1.262,0.577,1.262,0.577,1.916,0.777,244,22,338,24,11,3
bundesliga,2025-26,2026-01-17,30382,RB Leipzig,FC Bayern München,1,5,2.869,4.652,2.869,4.652,0.517,2.351,382,16,292,24,8,9
bundesliga,2025-26,2026-01-17,30381,TSG 1899 Hoffenheim,Bayer 04 Leverkusen,1,0,2.12,1.27,2.12,1.27,1.989,0.768,343,31,160,16,9,6
bundesliga,2025-26,2026-01-17,30385,VfL Wolfsburg,1. FC Heidenheim 1846,1,1,1.077,0.991,1.077,0.991,1.406,1.275,123,18,379,16,13,5
epl,2025-26,2026-01-17,28990,Chelsea FC,Brentford FC,2,0,1.623,1.475,0.861,1.475,1.538,1.181,305,17,274,26,1,9
epl,2025-26,2026-01-17,28991,Leeds United FC,Fulham FC,1,0,2.169,0.259,2.169,0.259,2.708,0.175,326,19,236,20,5,4
epl,2025-26,2026-01-17,28992,Liverpool FC,Burnley FC,1,1,3.49,0.547,2.729,0.547,2.882,0.077,118,17,282,17,27,5
epl,2025-26,2026-01-17,28993,Manchester United FC,Manchester City FC,2,0,3.073,0.387,3.073,0.387,2.867,0.085,317,20,138,21,4,11
epl,2025-26,2026-01-17,28994,Nottingham Forest FC,Arsenal FC,0,0,0.318,2.863,0.318,2.863,0.073,2.879,284,9,126,20,5,12
epl,2025-26,2026-01-17,28995,Sunderland AFC,Crystal Palace FC,2,1,1.846,1.152,1.846,1.152,1.93,0.81,155,19,243,20,2,2
epl,2025-26,2026-01-17,28996,Tottenham Hotspur FC,West Ham United FC,1,2,1.653,2.768,1.653,2.768,0.629,2.168,168,29,241,20,11,3
la_liga,2025-26,2026-01-17,29357,CA Osasuna,Real Oviedo,3,2,2.036,1.362,2.036,1.362,1.85,0.907,186,24,186,18,5,5
la_liga,2025-26,2026-01-17,29349,RCD Mallorca,Athletic Club,3,2,3.114,2.282,1.387,2.282,1.958,0.828,205,21,310,22,6,9
la_liga,2025-26,2026-01-17,29352,Real Betis Balompié,Villarreal CF,2,0,1.35,1.179,1.35,1.179,1.479,1.197,210,34,305,21,7,4
la_liga,2025-26,2026-01-17,29351,Real Madrid CF,Levante UD,2,0,2.549,0.788,1.805,0.788,2.523,0.34,166,20,386,15,13,8
ligue_1,2025-26,2026-01-17,29691,Angers SCO,Olympique de Marseille,2,5,1.037,3.911,1.037,3.911,0.114,2.828,529,21,237,24,2,12
ligue_1,2025-26,2026-01-17,29692,Racing Club de Lens,AJ Auxerre,1,0,2.618,0.393,2.618,0.393,2.738,0.167,240,31,248,38,10,11
ligue_1,2025-26,2026-01-17,29699,Toulouse FC,OGC Nice,5,1,1.773,1.419,1.773,1.419,1.616,1.135,334,21,247,27,11,4
serie_a,2025-26,2026-01-17,30053,Cagliari Calcio,Juventus FC,1,0,0.176,0.873,0.176,0.873,0.616,1.982,307,15,95,22,1,8
serie_a,2025-26,2026-01-17,30047,SSC Napoli,US Sassuolo Calcio,1,0,0.605,1.124,0.605,1.124,0.894,1.785,274,18,326,21,4,5
serie_a,2025-26,2026-01-17,30051,Udinese Calcio,FC Internazionale Milano,0,1,0.131,2.175,0.131,2.175,0.113,2.8,374,24,228,25,3,10
bundesliga,2025-26,2026-01-18,30377,FC Augsburg,SC Freiburg,2,2,0.987,1.591,0.987,1.591,0.837,1.879,252,17,175,28,2,7
bundesliga,2025-26,2026-01-18,30383,VfB Stuttgart,1. FC Union Berlin,1,1,2.198,1.888,2.198,1.888,1.625,1.142,182,11,273,23,6,9
epl,2025-26,2026-01-18,28988,Aston Villa FC,Everton FC,0,1,0.905,0.746,0.905,0.746,1.427,1.216,150,19,270,24,10,3
epl,2025-26,2026-01-18,28997,Wolverhampton Wanderers FC,Newcastle United FC,0,0,0.39,0.813,0.39,0.813,0.886,1.723,325,13,152,20,5,7
la_liga,2025-26,2026-01-18,29348,Club Atlético de Madrid,Deportivo Alavés,1,0,1.774,1.21,1.774,1.21,1.773,0.961,262,34,303,12,13,0
la_liga,2025-26,2026-01-18,29356,Getafe CF,Valencia CF,0,1,0.585,0.747,0.585,0.747,1.114,1.498,130,16,161,19,6,5
la_liga,2025-26,2026-01-18,29353,RC Celta de Vigo,Rayo Vallecano de Madrid,3,0,1.903,1.319,1.159,1.319,1.849,0.895,257,20,291,21,9,4
la_liga,2025-26,2026-01-18,29350,Real Sociedad de Fútbol,FC Barcelona,2,1,1.559,3.92,1.559,3.92,0.273,2.629,308,28,106,20,6,16
ligue_1,2025-26,2026-01-18,29695,FC Nantes,Paris FC,1,2,0.412,0.739,0.412,0.739,0.901,1.691,325,22,320,33,2,2
ligue_1,2025-26,2026-01-18,29693,Olympique Lyonnais,Stade Brestois 29,2,1,2.629,1.163,2.629,1.163,2.377,0.452,139,37,339,15,12,1
ligue_1,2025-26,2026-01-18,29698,RC Strasbourg Alsace,FC Metz,2,1,1.019,0.984,1.019,0.224,1.313,1.327,353,35,299,19,11,1
ligue_1,2025-26,2026-01-18,29697,Stade Rennais FC 1901,Havre AC,1,1,2.547,0.539,2.547,0.539,2.675,0.211,188,29,180,20,12,1
serie_a,2025-26,2026-01-18,30046,AC Milan,US Lecce,1,0,3.174,0.182,3.174,0.182,2.928,0.041,179,19,446,19,13,1
serie_a,2025-26,2026-01-18,30052,Bologna FC 1909,ACF Fiorentina,1,2,1.344,1.646,1.344,1.646,1.091,1.643,234,27,296,16,8,4
serie_a,2025-26,2026-01-18,30048,Parma Calcio 1913,Genoa CFC,0,0,0.464,1.075,0.464,1.075,0.777,1.888,216,17,216,33,5,3
serie_a,2025-26,2026-01-18,30050,Torino FC,AS Roma,0,2,0.394,2.027,0.394,2.027,0.268,2.589,254,29,137,14,7,10
epl,2025-26,2026-01-19,28989,Brighton & Hove Albion FC,AFC Bournemouth,1,1,0.996,1.697,0.996,0.936,0.78,1.974,133,20,291,13,8,7
la_liga,2025-26,2026-01-19,29354,Elche CF,Sevilla FC,2,2,1.481,2.496,1.481,1.753,0.622,2.165,175,25,156,33,8,10
serie_a,2025-26,2026-01-19,30045,SS Lazio,Como 1907,0,3,0.465,2.284,0.465,1.523,0.189,2.701,574,24,263,21,2,5
serie_a,2025-26,2026-01-19,30044,US Cremonese,Hellas Verona FC,0,0,0.452,0.487,0.452,0.487,1.233,1.285,162,16,283,21,2,5
bundesliga,2025-26,2026-01-23,30393,FC St. Pauli 1910,Hamburger SV,0,0,0.312,0.333,0.312,0.333,1.159,1.26,401,18,246,22,2,6
la_liga,2025-26,2026-01-23,29363,Levante UD,Elche CF,3,2,3.245,0.633,3.245,0.633,2.823,0.113,310,25,164,23,8,4
ligue_1,2025-26,2026-01-23,29700,AJ Auxerre,Paris Saint-Germain FC,0,1,0.353,2.195,0.353,2.195,0.22,2.658,434,17,135,26,4,8
serie_a,2025-26,2026-01-23,30058,FC Internazionale Milano,AC Pisa 1909,6,2,6.244,0.454,5.482,0.454,2.996,0.002,165,16,256,33,24,0
bundesliga,2025-26,2026-01-24,30391,1. FC Heidenheim 1846,RB Leipzig,0,3,0.988,2.077,0.988,2.077,0.571,2.212,460,16,115,28,1,6
bundesliga,2025-26,2026-01-24,30394,1. FC Union Berlin,Borussia Dortmund,0,3,0.99,2.273,0.99,1.515,0.489,2.328,153,22,203,16,2,6
bundesliga,2025-26,2026-01-24,30392,1. FSV Mainz 05,VfL Wolfsburg,3,1,4.342,1.093,2.826,1.093,2.919,0.05,156,18,224,16,4,0
bundesliga,2025-26,2026-01-24,30386,Bayer 04 Leverkusen,SV Werder Bremen,1,0,2.516,0.674,2.516,0.674,2.626,0.259,330,17,317,29,6,11
bundesliga,2025-26,2026-01-24,30389,Eintracht Frankfurt,TSG 1899 Hoffenheim,1,3,0.83,1.628,0.83,1.628,0.729,2.027,293,20,244,35,5,5
bundesliga,2025-26,2026-01-24,30387,FC Bayern München,FC Augsburg,1,2,2.308,1.246,2.308,1.246,2.134,0.656,176,28,502,12,14,7
epl,2025-26,2026-01-24,28998,AFC Bournemouth,Liverpool FC,3,2,3.315,0.937,3.315,0.937,2.766,0.161,272,8,158,16,7,18
epl,2025-26,2026-01-24,29001,Burnley FC,Tottenham Hotspur FC,2,2,1.549,2.591,1.549,2.591,0.672,2.116,340,29,203,27,5,4
epl,2025-26,2026-01-24,29004,Fulham FC,Brighton & Hove Albion FC,2,1,1.132,1.947,1.132,1.947,0.744,2.018,298,17,314,23,7,6
epl,2025-26,2026-01-24,29005,Manchester City FC,Wolverhampton Wanderers FC,2,0,1.065,0.543,1.065,0.543,1.821,0.847,231,39,371,18,10,2
epl,2025-26,2026-01-24,29007,West Ham United FC,Sunderland AFC,3,1,2.187,0.714,1.426,0.714,2.494,0.344,251,18,189,22,5,1
la_liga,2025-26,2026-01-24,29366,Rayo Vallecano de Madrid,CA Osasuna,1,3,0.67,1.369,0.67,1.369,0.73,1.986,95,22,274,23,7,5
la_liga,2025-26,2026-01-24,29358,Sevilla FC,Athletic Club,2,1,1.431,1.913,0.687,1.913,0.976,1.743,152,29,245,25,4,11
la_liga,2025-26,2026-01-24,29364,Valencia CF,RCD Espanyol de Barcelona,3,2,2.77,1.759,2.026,1.759,2.163,0.614,237,26,195,29,3,8
la_liga,2025-26,2026-01-24,29367,Villarreal CF,Real Madrid CF,0,2,0.953,1.622,0.953,0.879,0.794,1.919,297,29,240,23,8,11
ligue_1,2025-26,2026-01-24,29702,Havre AC,AS Monaco FC,0,0,0.172,0.562,0.172,0.562,0.795,1.689,219,13,169,32,3,10
ligue_1,2025-26,2026-01-24,29704,Olympique de Marseille,Racing Club de Lens,3,1,1.072,1.003,1.072,1.003,1.39,1.279,273,22,417,26,3,4
ligue_1,2025-26,2026-01-24,29708,Stade Rennais FC 1901,FC Lorient,0,2,1.882,1.104,1.882,1.104,1.971,0.767,121,35,184,8,17,3
serie_a,2025-26,2026-01-24,30056,ACF Fiorentina,Cagliari Calcio,1,2,2.092,1.279,2.092,1.279,1.991,0.778,161,20,318,17,6,2
serie_a,2025-26,2026-01-24,30055,Como 1907,Torino FC,6,0,3.153,0.327,2.392,0.327,2.91,0.056,224,11,330,19,7,1
serie_a,2025-26,2026-01-24,30060,US Lecce,SS Lazio,0,0,0.601,0.717,0.601,0.717,1.146,1.46,369,34,182,14,4,3
bundesliga,2025-26,2026-01-25,30388,Borussia Mönchengladbach,VfB Stuttgart,0,3,1.222,2.727,0.464,2.727,0.435,2.394,266,16,274,26,3,11
bundesliga,2025-26,2026-01-25,30390,SC Freiburg,1. FC Köln,2,1,2.567,1.691,1.81,1.691,2.022,0.776,232,14,230,15,5,8
epl,2025-26,2026-01-25,28999,Arsenal FC,Manchester United FC,2,3,1.424,0.641,1.424,0.641,2.078,0.652,198,23,205,17,12,1
epl,2025-26,2026-01-25,29000,Brentford FC,Nottingham Forest FC,0,2,2.004,1.39,2.004,1.39,1.902,0.809,138,26,306,18,13,3
epl,2025-26,2026-01-25,29002,Crystal Palace FC,Chelsea FC,1,3,2.418,3.088,2.418,2.327,0.953,1.835,418,24,242,26,5,4
epl,2025-26,2026-01-25,29006,Newcastle United FC,Aston Villa FC,0,2,1.955,1.321,1.955,1.321,1.88,0.879,144,22,271,24,4,6
la_liga,2025-26,2026-01-25,29360,Club Atlético de Madrid,RCD Mallorca,3,0,1.425,0.368,1.425,0.368,2.307,0.455,216,27,315,15,8,1
la_liga,2025-26,2026-01-25,29359,Deportivo Alavés,Real Betis Balompié,2,1,1.671,1.787,1.671,1.787,1.277,1.475,263,26,185,34,2,4
la_liga,2025-26,2026-01-25,29361,FC Barcelona,Real Oviedo,3,0,2.599,0.486,2.599,0.486,2.686,0.208,161,27,425,36,12,0
la_liga,2025-26,2026-01-25,29362,Real Sociedad de Fútbol,RC Celta de Vigo,3,1,2.155,1.631,1.412,1.631,1.766,0.992,242,12,207,24,6,10
ligue_1,2025-26,2026-01-25,29705,FC Metz,Olympique Lyonnais,2,5,1.183,3.341,1.183,2.581,0.259,2.635,292,18,308,9,2,9
ligue_1,2025-26,2026-01-25,29706,FC Nantes,OGC Nice,1,4,1.986,1.611,1.986,1.611,1.632,1.109,222,32,203,24,10,4
ligue_1,2025-26,2026-01-25,29703,Lille OSC,RC Strasbourg Alsace,1,4,1.741,3.565,1.741,3.565,0.378,2.497,359,34,214,14,6,5
ligue_1,2025-26,2026-01-25,29707,Paris FC,Angers SCO,0,0,0.759,0.343,0.759,0.343,1.765,0.835,230,26,373,15,5,3
ligue_1,2025-26,2026-01-25,29701,Stade Brestois 29,Toulouse FC,0,2,0.988,0.684,0.988,0.684,1.643,1.011,244,31,282,22,4,5
serie_a,2025-26,2026-01-25,30061,AS Roma,AC Milan,1,1,2.136,0.583,1.374,0.583,2.537,0.299,282,32,243,15,10,1
serie_a,2025-26,2026-01-25,30054,Atalanta BC,Parma Calcio 1913,4,0,5.019,1.865,4.258,1.865,2.854,0.101,285,25,256,17,15,6
serie_a,2025-26,2026-01-25,30057,Genoa CFC,Bologna FC 1909,3,2,0.707,0.592,0.707,0.592,1.431,1.168,181,16,185,20,4,11
serie_a,2025-26,2026-01-25,30059,Juventus FC,SSC Napoli,3,0,1.547,0.422,1.547,0.422,2.311,0.46,398,33,203,17,11,10
serie_a,2025-26,2026-01-25,30062,US Sassuolo Calcio,US Cremonese,1,0,1.379,0.846,1.379,0.846,1.827,0.855,230,17,211,23,2,7
epl,2025-26,2026-01-26,29003,Everton FC,Leeds United FC,1,1,0.89,1.677,0.89,1.677,0.723,2.018,230,18,226,22,6,7
la_liga,2025-26,2026-01-26,29365,Girona FC,Getafe CF,1,1,1.016,1.109,1.016,1.109,1.257,1.435,137,22,326,21,5,4
serie_a,2025-26,2026-01-26,30063,Hellas Verona FC,Udinese Calcio,1,3,0.574,1.937,0.574,1.937,0.436,2.373,214,20,216,17,3,8
bundesliga,2025-26,2026-01-27,30365,FC St. Pauli 1910,RB Leipzig,1,1,1.332,2.06,0.574,2.06,0.8,1.94,359,26,303,22,2,11
bundesliga,2025-26,2026-01-27,30367,SV Werder Bremen,TSG 1899 Hoffenheim,0,2,1.427,0.568,1.427,0.568,2.057,0.689,173,11,282,20,16,6
bundesliga,2025-26,2026-01-30,30398,1. FC Köln,VfL Wolfsburg,1,0,1.436,1.346,1.436,1.346,1.446,1.283,264,19,138,30,7,1
la_liga,2025-26,2026-01-30,29371,RCD Espanyol de Barcelona,Deportivo Alavés,1,2,1.201,1.322,1.201,1.322,1.237,1.467,242,28,248,24,2,6
ligue_1,2025-26,2026-01-30,29710,Racing Club de Lens,Havre AC,1,0,1.604,0.407,1.604,0.407,2.339,0.436,248,40,235,17,16,4
serie_a,2025-26,2026-01-30,30068,SS Lazio,Genoa CFC,3,2,2.066,1.833,0.544,1.072,1.554,1.154,308,16,262,17,7,1
bundesliga,2025-26,2026-01-31,30397,Eintracht Frankfurt,Bayer 04 Leverkusen,1,3,1.318,1.53,1.318,1.53,1.179,1.531,490,34,289,19,7,6
bundesliga,2025-26,2026-01-31,30395,FC Augsburg,FC St. Pauli 1910,2,1,2.117,2.886,2.117,2.128,0.892,1.899,327,16,241,30,5,9
bundesliga,2025-26,2026-01-31,30399,Hamburger SV,FC Bayern München,2,2,2.645,2.289,1.887,2.289,1.657,1.105,354,20,162,19,4,12
bundesliga,2025-26,2026-01-31,30401,RB Leipzig,1. FSV Mainz 05,1,2,2.094,2.577,2.094,1.819,1.015,1.747,146,12,403,32,17,5
bundesliga,2025-26,2026-01-31,30403,SV Werder Bremen,Borussia Mönchengladbach,1,1,0.991,1.257,0.991,1.257,1.084,1.625,161,28,323,21,16,3
bundesliga,2025-26,2026-01-31,30400,TSG 1899 Hoffenheim,1. FC Union Berlin,3,1,1.507,1.233,0.749,1.233,1.63,1.082,121,20,263,23,3,4
epl,2025-26,2026-01-31,29010,Brighton & Hove Albion FC,Everton FC,1,1,1.428,1.281,1.428,1.281,1.466,1.234,220,30,298,18,9,7
epl,2025-26,2026-01-31,29009,Chelsea FC,West Ham United FC,3,2,2.661,1.726,2.661,1.726,2.058,0.721,131,26,388,12,6,6
epl,2025-26,2026-01-31,29015,Leeds United FC,Arsenal FC,0,4,0.179,3.544,0.179,3.544,0.027,2.953,211,22,232,19,1,6
epl,2025-26,2026-01-31,29014,Liverpool FC,Newcastle United FC,4,1,3.1,0.284,3.1,0.284,2.883,0.073,191,19,205,12,11,6
epl,2025-26,2026-01-31,29017,Wolverhampton Wanderers FC,AFC Bournemouth,0,2,2.104,1.591,2.104,1.591,1.731,1.009,285,21,293,24,5,4
la_liga,2025-26,2026-01-31,29370,CA Osasuna,Villarreal CF,2,2,2.135,0.911,2.135,0.168,2.344,0.442,248,23,218,23,3,1
la_liga,2025-26,2026-01-31,29373,Elche CF,FC Barcelona,1,3,0.839,7.11,0.839,7.11,0.003,2.996,342,22,217,27,6,24
la_liga,2025-26,2026-01-31,29372,Levante UD,Club Atlético de Madrid,0,0,0.411,0.615,0.411,0.615,1.056,1.489,260,24,248,24,2,9
la_liga,2025-26,2026-01-31,29375,Real Oviedo,Girona FC,1,0,1.266,0.664,1.266,0.664,2.005,0.689,398,20,136,26,4,7
ligue_1,2025-26,2026-01-31,29713,AS Monaco FC,Stade Rennais FC 1901,4,0,2.285,0.428,2.285,0.428,2.663,0.219,285,35,264,22,7,11
ligue_1,2025-26,2026-01-31,29711,FC Lorient,FC Nantes,2,1,0.777,1.202,0.777,1.202,0.958,1.708,258,25,360,22,5,2
ligue_1,2025-26,2026-01-31,29715,Paris FC,Olympique de Marseille,2,2,1.82,2.711,1.06,1.951,0.769,2.009,308,20,300,23,7,8
serie_a,2025-26,2026-01-31,30071,AC Pisa 1909,US Sassuolo Calcio,1,3,0.774,2.203,0.774,2.203,0.467,2.35,191,19,252,18,8,11
serie_a,2025-26,2026-01-31,30065,Cagliari Calcio,Hellas Verona FC,4,0,1.981,0.375,1.981,0.375,2.682,0.197,237,10,446,32,7,1
serie_a,2025-26,2026-01-31,30069,SSC Napoli,ACF Fiorentina,2,1,2.396,1.812,2.396,1.812,1.775,1.002,281,19,287,13,8,4
bundesliga,2025-26,2026-02-01,30396,Borussia Dortmund,1. FC Heidenheim 1846,3,2,4.139,3.043,2.623,3.043,2.036,0.78,111,21,230,17,21,6
bundesliga,2025-26,2026-02-01,30402,VfB Stuttgart,SC Freiburg,1,0,2.952,0.936,2.952,0.936,2.618,0.27,99,24,230,25,13,2
epl,2025-26,2026-02-01,29008,Aston Villa FC,Brentford FC,0,1,2.153,0.315,2.153,0.315,2.627,0.237,138,16,237,13,20,2
epl,2025-26,2026-02-01,29012,Manchester United FC,Fulham FC,3,2,1.844,1.72,1.844,0.959,1.451,1.283,329,17,225,19,7,7
epl,2025-26,2026-02-01,29013,Nottingham Forest FC,Crystal Palace FC,1,1,0.987,1.648,0.987,0.887,0.807,1.916,278,8,144,31,3,10
epl,2025-26,2026-02-01,29016,Tottenham Hotspur FC,Manchester City FC,2,2,1.497,2.036,1.497,2.036,0.992,1.769,349,30,192,20,10,7
la_liga,2025-26,2026-02-01,29376,Athletic Club,Real Sociedad de Fútbol,1,1,0.894,1.586,0.894,1.586,0.756,1.988,201,30,195,17,6,2
la_liga,2025-26,2026-02-01,29374,Getafe CF,RC Celta de Vigo,0,0,0.5,0.257,0.5,0.257,1.483,0.991,335,24,169,14,2,4
la_liga,2025-26,2026-02-01,29368,Real Betis Balompié,Valencia CF,2,1,2.169,1.887,1.426,1.143,1.59,1.135,251,29,238,18,4,8
la_liga,2025-26,2026-02-01,29377,Real Madrid CF,Rayo Vallecano de Madrid,2,1,2.302,1.069,1.559,1.069,2.248,0.551,276,23,311,18,22,7
ligue_1,2025-26,2026-02-01,29709,Angers SCO,FC Metz,1,0,1.347,0.398,1.347,0.398,2.156,0.572,212,32,367,12,12,2
ligue_1,2025-26,2026-02-01,29714,OGC Nice,Stade Brestois 29,2,2,1.201,1.835,1.201,1.075,0.834,1.905,182,28,310,31,4,3
ligue_1,2025-26,2026-02-01,29712,Olympique Lyonnais,Lille OSC,1,0,0.617,0.391,0.617,0.391,1.58,0.976,332,20,267,32,3,4
ligue_1,2025-26,2026-02-01,29716,RC Strasbourg Alsace,Paris Saint-Germain FC,1,2,1.971,1.165,1.211,1.165,2.017,0.743,430,21,212,20,3,11
ligue_1,2025-26,2026-02-01,29717,Toulouse FC,AJ Auxerre,0,0,0.805,0.871,0.805,0.871,1.261,1.373,233,31,289,20,5,10
serie_a,2025-26,2026-02-01,30066,Como 1907,Atalanta BC,0,0,5.969,0.785,5.208,0.785,2.988,0.009,82,21,336,13,22,1
serie_a,2025-26,2026-02-01,30070,Parma Calcio 1913,Juventus FC,1,4,0.598,3.519,0.598,3.519,0.039,2.937,296,22,214,21,5,15
serie_a,2025-26,2026-02-01,30072,Torino FC,US Lecce,1,0,2.483,0.468,2.483,0.468,2.689,0.211,193,19,179,21,5,2
serie_a,2025-26,2026-02-01,30067,US Cremonese,FC Internazionale Milano,0,2,0.51,2.183,0.51,2.183,0.304,2.549,325,22,150,19,1,10
epl,2025-26,2026-02-02,29011,Sunderland AFC,Burnley FC,3,0,1.887,0.126,1.887,0.126,2.744,0.144,295,15,246,23,7,2
la_liga,2025-26,2026-02-02,29369,RCD Mallorca,Sevilla FC,4,1,3.043,1.243,2.3,1.243,2.569,0.304,306,33,123,22,5,7
serie_a,2025-26,2026-02-02,30073,Udinese Calcio,AS Roma,1,0,0.643,0.669,0.643,0.669,1.341,1.242,329,24,170,33,1,7
serie_a,2025-26,2026-02-03,30064,Bologna FC 1909,AC Milan,0,3,0.441,3.358,0.441,2.596,0.055,2.911,286,26,247,12,10,4
bundesliga,2025-26,2026-02-06,30411,1. FC Union Berlin,Eintracht Frankfurt,1,1,1.271,0.297,0.513,0.297,2.367,0.392,411,22,83,12,4,3
epl,2025-26,2026-02-06,29023,Leeds United FC,Nottingham Forest FC,3,1,3.382,1.661,3.382,1.661,2.472,0.388,183,20,301,14,10,6
la_liga,2025-26,2026-02-06,29382,RC Celta de Vigo,CA Osasuna,1,2,2.035,1.003,1.292,1.003,2.169,0.607,210,10,329,20,7,6
serie_a,2025-26,2026-02-06,30074,Hellas Verona FC,AC Pisa 1909,0,0,0.078,1.261,0.078,1.261,0.276,2.503,149,21,287,22,1,6
bundesliga,2025-26,2026-02-07,30408,1. FC Heidenheim 1846,Hamburger SV,0,2,1.046,1.551,1.046,1.551,0.94,1.787,225,20,232,16,6,11
bundesliga,2025-26,2026-02-07,30409,1. FSV Mainz 05,FC Augsburg,2,0,3.007,1.359,1.491,1.359,2.471,0.385,324,22,171,19,9,4
bundesliga,2025-26,2026-02-07,30405,Borussia Mönchengladbach,Bayer 04 Leverkusen,1,1,0.783,0.741,0.783,0.741,1.377,1.247,434,17,299,22,6,7
bundesliga,2025-26,2026-02-07,30410,FC St. Pauli 1910,VfB Stuttgart,2,1,1.662,0.913,0.904,0.913,1.992,0.747,415,15,140,14,8,6
bundesliga,2025-26,2026-02-07,30407,SC Freiburg,SV Werder Bremen,1,0,0.365,1.123,0.365,1.123,0.616,2.078,256,17,129,28,2,16
bundesliga,2025-26,2026-02-07,30412,VfL Wolfsburg,Borussia Dortmund,1,2,2.028,1.706,2.028,1.706,1.615,1.142,275,25,149,18,8,16
epl,2025-26,2026-02-07,29018,AFC Bournemouth,Aston Villa FC,1,1,1.826,0.646,1.826,0.646,2.279,0.511,203,17,231,17,6,8
epl,2025-26,2026-02-07,29019,Arsenal FC,Sunderland AFC,3,0,1.194,0.427,1.194,0.427,2.024,0.658,236,26,192,14,9,1
epl,2025-26,2026-02-07,29021,Burnley FC,West Ham United FC,0,2,1.846,1.122,1.846,1.122,1.927,0.809,263,23,217,15,6,4
epl,2025-26,2026-02-07,29022,Fulham FC,Everton FC,1,2,2.201,1.888,2.201,1.888,1.597,1.173,218,17,280,22,11,6
epl,2025-26,2026-02-07,29025,Manchester United FC,Tottenham Hotspur FC,2,0,2.166,0.593,2.166,0.593,2.486,0.355,197,22,303,15,18,8
epl,2025-26,2026-02-07,29026,Newcastle United FC,Brentford FC,2,3,3.321,1.65,2.56,0.889,2.47,0.392,208,12,221,20,8,11
epl,2025-26,2026-02-07,29027,Wolverhampton Wanderers FC,Chelsea FC,1,3,1.114,3.763,1.114,2.24,0.135,2.803,519,15,237,25,6,10
la_liga,2025-26,2026-02-07,29381,FC Barcelona,RCD Mallorca,3,0,2.482,1.011,2.482,1.011,2.414,0.413,129,17,416,24,8,2
la_liga,2025-26,2026-02-07,29383,Real Sociedad de Fútbol,Elche CF,3,1,1.772,1.087,1.772,1.087,1.901,0.843,335,27,167,21,4,7
serie_a,2025-26,2026-02-07,30079,ACF Fiorentina,Torino FC,2,2,1.272,1.013,1.272,1.013,1.564,1.15,240,9,298,26,9,7
serie_a,2025-26,2026-02-07,30080,Genoa CFC,SSC Napoli,2,3,1.325,1.898,0.563,1.137,0.884,1.829,335,28,159,16,4,5
bundesliga,2025-26,2026-02-08,30406,1. FC Köln,RB Leipzig,1,2,1.122,3.058,1.122,3.058,0.311,2.568,231,25,174,22,6,8
bundesliga,2025-26,2026-02-08,30404,FC Bayern München,TSG 1899 Hoffenheim,5,1,6.378,2.668,4.863,2.668,2.861,0.101,251,31,223,17,16,5
epl,2025-26,2026-02-08,29020,Brighton & Hove Albion FC,Crystal Palace FC,0,1,0.738,0.928,0.738,0.928,1.13,1.505,159,21,368,18,3,6
epl,2025-26,2026-02-08,29024,Liverpool FC,Manchester City FC,1,2,1.267,2.415,1.267,1.654,0.591,2.212,236,12,186,25,8,12
la_liga,2025-26,2026-02-08,29379,Athletic Club,Levante UD,4,2,2.774,0.615,2.774,0.615,2.72,0.18,265,31,287,18,10,3
la_liga,2025-26,2026-02-08,29380,Club Atlético de Madrid,Real Betis Balompié,0,1,0.626,0.84,0.626,0.84,1.101,1.529,218,18,340,4,8,2
la_liga,2025-26,2026-02-08,29378,Deportivo Alavés,Getafe CF,0,2,3.012,1.786,3.012,1.043,2.212,0.611,118,29,238,43,2,6
la_liga,2025-26,2026-02-08,29386,Sevilla FC,Girona FC,1,1,0.958,2.602,0.958,1.859,0.346,2.506,252,21,221,28,7,9
la_liga,2025-26,2026-02-08,29387,Valencia CF,Real Madrid CF,0,2,0.572,1.046,0.572,1.046,0.889,1.77,258,16,193,20,5,10
ligue_1,2025-26,2026-02-08,29719,AJ Auxerre,Paris FC,0,0,1.274,0.758,1.274,0.758,1.79,0.905,318,20,177,13,6,5
ligue_1,2025-26,2026-02-08,29718,Angers SCO,Toulouse FC,1,0,1.171,0.692,1.171,0.692,1.796,0.883,267,14,337,45,2,5
ligue_1,2025-26,2026-02-08,29723,FC Metz,Lille OSC,0,0,0.582,1.535,0.582,1.535,0.618,2.126,267,19,208,26,1,15
ligue_1,2025-26,2026-02-08,29724,FC Nantes,Olympique Lyonnais,0,1,0.796,0.99,0.796,0.99,1.148,1.522,228,22,240,21,10,5
ligue_1,2025-26,2026-02-08,29721,Havre AC,RC Strasbourg Alsace,2,1,0.857,0.513,0.857,0.513,1.635,0.989,257,34,201,23,7,11
ligue_1,2025-26,2026-02-08,29725,OGC Nice,AS Monaco FC,0,0,0.456,0.827,0.456,0.827,0.912,1.709,230,26,151,30,3,6
ligue_1,2025-26,2026-02-08,29726,Paris Saint-Germain FC,Olympique de Marseille,5,0,4.631,0.906,4.631,0.906,2.92,0.053,217,18,369,29,19,3
ligue_1,2025-26,2026-02-08,29722,Racing Club de Lens,Stade Rennais FC 1901,3,1,1.011,1.336,1.011,1.336,1.07,1.638,213,32,255,24,8,8
ligue_1,2025-26,2026-02-08,29720,Stade Brestois 29,FC Lorient,2,0,2.051,0.721,2.051,0.721,2.47,0.358,289,32,205,18,11,7
serie_a,2025-26,2026-02-08,30078,Bologna FC 1909,Parma Calcio 1913,0,1,1.647,0.193,1.647,0.193,2.583,0.248,232,12,166,13,4,3
serie_a,2025-26,2026-02-08,30081,Juventus FC,SS Lazio,2,2,2.856,0.809,2.856,0.809,2.576,0.303,246,19,362,16,17,6
serie_a,2025-26,2026-02-08,30082,US Lecce,Udinese Calcio,2,1,2.186,0.895,2.186,0.134,2.384,0.418,182,26,167,27,7,4
serie_a,2025-26,2026-02-08,30075,US Sassuolo Calcio,FC Internazionale Milano,0,5,0.722,2.751,0.722,2.751,0.258,2.623,232,6,214,16,2,10
la_liga,2025-26,2026-02-09,29384,Villarreal CF,RCD Espanyol de Barcelona,4,1,1.539,0.745,1.539,0.745,2.026,0.721,263,23,298,24,6,5
serie_a,2025-26,2026-02-09,30076,AS Roma,Cagliari Calcio,2,0,2.204,0.613,2.204,0.613,2.578,0.254,330,34,272,10,4,1
serie_a,2025-26,2026-02-09,30077,Atalanta BC,US Cremonese,2,1,3.121,0.915,3.121,0.915,2.613,0.278,205,14,277,21,7,4
epl,2025-26,2026-02-10,29030,Chelsea FC,Leeds United FC,2,2,3.212,1.289,2.451,0.528,2.611,0.259,208,20,421,17,9,2
epl,2025-26,2026-02-10,29032,Everton FC,AFC Bournemouth,1,2,2.331,1.412,1.57,1.412,2.049,0.716,210,25,234,18,5,5
epl,2025-26,2026-02-10,29036,Tottenham Hotspur FC,Newcastle United FC,1,2,1.689,2.47,1.689,2.47,0.852,1.927,162,22,227,27,9,11
epl,2025-26,2026-02-10,29037,West Ham United FC,Manchester United FC,1,1,1.307,0.736,1.307,0.736,1.909,0.797,330,21,160,15,1,5
epl,2025-26,2026-02-11,29028,Aston Villa FC,Brighton & Hove Albion FC,1,0,0.576,0.481,0.576,0.481,1.367,1.186,226,14,243,29,10,5
epl,2025-26,2026-02-11,29031,Crystal Palace FC,Burnley FC,2,3,2.128,0.691,2.128,0.691,2.382,0.437,146,19,318,17,15,5
epl,2025-26,2026-02-11,29033,Manchester City FC,Fulham FC,3,0,1.677,1.053,1.677,1.053,1.857,0.888,306,21,367,21,5,3
epl,2025-26,2026-02-11,29034,Nottingham Forest FC,Wolverhampton Wanderers FC,0,0,3.691,0.407,3.691,0.407,2.938,0.037,158,22,238,24,13,2
epl,2025-26,2026-02-11,29035,Sunderland AFC,Liverpool FC,0,1,0.694,3.082,0.694,3.082,0.183,2.737,217,19,207,21,8,10
epl,2025-26,2026-02-12,29029,Brentford FC,Arsenal FC,1,1,1.812,0.784,1.812,0.784,2.141,0.629,200,21,178,22,5,9
bundesliga,2025-26,2026-02-13,30415,Borussia Dortmund,1. FSV Mainz 05,4,0,1.81,1.672,1.81,1.672,1.416,1.307,270,18,325,14,5,2
la_liga,2025-26,2026-02-13,29388,Elche CF,CA Osasuna,0,0,2.333,0.813,2.333,0.813,2.453,0.375,131,22,241,28,13,6
ligue_1,2025-26,2026-02-13,29733,AS Monaco FC,FC Nantes,3,1,2.202,1.007,2.202,1.007,2.241,0.564,248,28,211,18,5,10
ligue_1,2025-26,2026-02-13,29735,Stade Rennais FC 1901,Paris Saint-Germain FC,3,1,1.802,4.176,1.802,4.176,0.206,2.709,344,21,173,25,2,15
serie_a,2025-26,2026-02-13,30091,AC Pisa 1909,AC Milan,1,2,0.937,2.158,0.937,1.396,0.456,2.345,464,17,186,16,2,2
bundesliga,2025-26,2026-02-14,30414,Bayer 04 Leverkusen,FC St. Pauli 1910,4,0,2.26,0.655,2.26,0.655,2.529,0.321,225,17,521,20,8,2
bundesliga,2025-26,2026-02-14,30416,Eintracht Frankfurt,Borussia Mönchengladbach,3,0,1.987,1.032,1.987,1.032,2.081,0.707,281,25,267,24,4,9
bundesliga,2025-26,2026-02-14,30417,Hamburger SV,1. FC Union Berlin,3,2,2.203,2.19,2.203,1.432,1.356,1.398,162,16,243,19,9,8
bundesliga,2025-26,2026-02-14,30421,SV Werder Bremen,FC Bayern München,0,3,0.78,1.877,0.78,1.119,0.531,2.259,427,31,212,19,8,12
bundesliga,2025-26,2026-02-14,30418,TSG 1899 Hoffenheim,SC Freiburg,3,0,1.901,0.744,1.901,0.744,2.261,0.531,176,20,304,14,16,4
bundesliga,2025-26,2026-02-14,30420,VfB Stuttgart,1. FC Köln,3,1,2.563,1.132,2.563,1.132,2.345,0.483,175,16,243,20,11,6
la_liga,2025-26,2026-02-14,29389,Getafe CF,Villarreal CF,2,1,1.618,0.969,0.874,0.969,2.002,0.684,204,41,138,23,1,5
la_liga,2025-26,2026-02-14,29397,RCD Espanyol de Barcelona,RC Celta de Vigo,2,2,1.161,2.815,1.161,2.815,0.337,2.521,305,22,239,14,4,12
la_liga,2025-26,2026-02-14,29391,Real Madrid CF,Real Sociedad de Fútbol,4,1,3.059,1.66,1.573,0.917,2.327,0.503,342,22,328,19,7,6
la_liga,2025-26,2026-02-14,29392,Sevilla FC,Deportivo Alavés,1,1,0.354,1.39,0.354,1.39,0.5,2.247,274,23,88,18,3,6
ligue_1,2025-26,2026-02-14,29728,Lille OSC,Stade Brestois 29,1,1,1.774,0.842,1.774,0.842,2.092,0.675,122,12,319,17,14,6
ligue_1,2025-26,2026-02-14,29731,Olympique de Marseille,RC Strasbourg Alsace,2,2,1.615,2.392,1.615,1.631,0.816,1.953,338,20,250,30,10,10
ligue_1,2025-26,2026-02-14,29734,Paris FC,Racing Club de Lens,0,5,0.399,3.502,0.399,2.742,0.023,2.959,293,25,378,27,8,10
serie_a,2025-26,2026-02-14,30085,Como 1907,ACF Fiorentina,1,2,0.903,1.302,0.903,0.541,0.917,1.779,163,33,319,11,6,0
serie_a,2025-26,2026-02-14,30087,FC Internazionale Milano,Juventus FC,3,2,2.481,1.295,2.481,1.295,2.164,0.64,220,27,255,11,15,4
serie_a,2025-26,2026-02-14,30088,SS Lazio,Atalanta BC,0,2,1.544,1.821,1.544,1.06,1.112,1.625,352,21,287,20,6,7
bundesliga,2025-26,2026-02-15,30413,FC Augsburg,1. FC Heidenheim 1846,1,0,1.877,0.698,1.119,0.698,2.377,0.434,284,19,253,23,5,7
bundesliga,2025-26,2026-02-15,30419,RB Leipzig,VfL Wolfsburg,2,2,2.511,0.688,2.511,0.688,2.56,0.305,190,16,341,19,17,5
la_liga,2025-26,2026-02-15,29390,Levante UD,Valencia CF,0,2,1.457,0.744,1.457,0.744,1.978,0.741,316,28,245,17,5,2
la_liga,2025-26,2026-02-15,29396,RCD Mallorca,Real Betis Balompié,1,2,0.731,2.048,0.731,2.048,0.447,2.374,192,21,356,7,5,7
la_liga,2025-26,2026-02-15,29394,Rayo Vallecano de Madrid,Club Atlético de Madrid,3,0,2.753,0.753,2.753,0.753,2.72,0.185,311,24,218,19,4,4
la_liga,2025-26,2026-02-15,29393,Real Oviedo,Athletic Club,1,2,0.861,1.206,0.861,0.463,0.995,1.669,175,21,272,35,1,2
ligue_1,2025-26,2026-02-15,29729,FC Lorient,Angers SCO,2,0,1.439,0.406,1.439,0.406,2.361,0.417,287,13,464,18,6,3
ligue_1,2025-26,2026-02-15,29732,FC Metz,AJ Auxerre,1,3,0.754,1.058,0.754,1.058,1.078,1.59,172,26,325,24,4,8
ligue_1,2025-26,2026-02-15,29727,Havre AC,Toulouse FC,2,1,0.978,3.123,0.978,3.123,0.217,2.682,241,12,160,36,0,20
ligue_1,2025-26,2026-02-15,29730,Olympique Lyonnais,OGC Nice,2,0,1.997,1.305,1.997,1.305,1.97,0.763,283,31,416,21,5,4
serie_a,2025-26,2026-02-15,30090,Parma Calcio 1913,Hellas Verona FC,2,1,2.167,0.856,2.167,0.095,2.386,0.409,97,21,252,17,13,2
serie_a,2025-26,2026-02-15,30089,SSC Napoli,AS Roma,2,2,0.525,1.954,0.525,1.193,0.305,2.539,218,17,364,26,6,4
serie_a,2025-26,2026-02-15,30092,Torino FC,Bologna FC 1909,1,2,0.394,1.712,0.394,1.712,0.413,2.385,275,24,246,11,2,9
serie_a,2025-26,2026-02-15,30086,US Cremonese,Genoa CFC,0,0,1.347,1.335,1.347,1.335,1.371,1.352,340,18,113,18,6,9
serie_a,2025-26,2026-02-15,30093,Udinese Calcio,US Sassuolo Calcio,1,2,0.491,1.247,0.491,1.247,0.622,2.094,242,29,225,20,7,4
la_liga,2025-26,2026-02-16,29395,Girona FC,FC Barcelona,2,1,2.89,2.697,2.89,1.953,1.515,1.264,389,17,188,24,8,13
serie_a,2025-26,2026-02-16,30084,Cagliari Calcio,US Lecce,0,2,1.47,1.764,1.47,1.764,1.16,1.57,146,18,257,30,2,4
epl,2025-26,2026-02-18,29087,Wolverhampton Wanderers FC,Arsenal FC,2,2,0.173,2.01,0.173,2.01,0.13,2.784,206,18,197,24,4,5
la_liga,2025-26,2026-02-18,29311,Levante UD,Villarreal CF,0,1,0.774,2.4,0.774,2.4,0.347,2.51,185,21,316,32,8,12
serie_a,2025-26,2026-02-18,30083,AC Milan,Como 1907,1,1,1.17,1.645,1.17,1.645,0.979,1.742,290,25,343,19,1,8
bundesliga,2025-26,2026-02-20,30426,1. FSV Mainz 05,Hamburger SV,1,1,1.752,0.823,1.752,0.823,2.114,0.652,235,20,156,18,5,3
la_liga,2025-26,2026-02-20,29399,Athletic Club,Elche CF,2,1,3.384,0.784,2.64,0.04,2.855,0.085,264,37,185,18,5,2
ligue_1,2025-26,2026-02-20,29738,Stade Brestois 29,Olympique de Marseille,2,0,1.334,1.357,1.334,0.597,1.298,1.39,363,20,173,24,6,6
serie_a,2025-26,2026-02-20,30103,US Sassuolo Calcio,Hellas Verona FC,3,0,1.587,0.616,0.68,0.616,2.282,0.483,293,16,281,24,3,2
bundesliga,2025-26,2026-02-21,30423,1. FC Köln,TSG 1899 Hoffenheim,2,2,1.123,1.824,1.123,1.824,0.85,1.903,283,11,125,17,3,12
bundesliga,2025-26,2026-02-21,30429,1. FC Union Berlin,Bayer 04 Leverkusen,1,0,0.758,1.203,0.758,1.203,0.95,1.74,237,14,155,16,6,8
bundesliga,2025-26,2026-02-21,30422,FC Bayern München,Eintracht Frankfurt,3,2,2.835,2.293,2.835,1.535,1.705,1.06,349,26,267,16,13,2
bundesliga,2025-26,2026-02-21,30427,RB Leipzig,Borussia Dortmund,2,2,3.509,1.353,3.509,1.353,2.623,0.275,200,17,299,23,14,10
bundesliga,2025-26,2026-02-21,30430,VfL Wolfsburg,FC Augsburg,2,3,2.176,1.564,2.176,0.806,1.873,0.88,217,19,312,22,6,8
epl,2025-26,2026-02-21,29038,Aston Villa FC,Leeds United FC,1,1,1.254,1.279,1.254,1.279,1.337,1.372,128,24,247,25,11,3
epl,2025-26,2026-02-21,29039,Brentford FC,Brighton & Hove Albion FC,0,2,1.69,1.372,1.69,1.372,1.627,1.089,199,13,244,27,8,5
epl,2025-26,2026-02-21,29040,Chelsea FC,Burnley FC,1,1,2.515,1.013,2.515,1.013,2.451,0.386,169,22,297,19,12,4
epl,2025-26,2026-02-21,29043,Manchester City FC,Newcastle United FC,2,1,2.226,0.508,2.226,0.508,2.58,0.283,220,23,213,26,11,1
epl,2025-26,2026-02-21,29047,West Ham United FC,AFC Bournemouth,0,0,2.344,0.523,2.344,0.523,2.636,0.243,274,22,176,23,8,3
la_liga,2025-26,2026-02-21,29405,CA Osasuna,Real Madrid CF,2,1,2.312,2.023,1.569,2.023,1.589,1.168,309,17,179,20,6,4
la_liga,2025-26,2026-02-21,29400,Club Atlético de Madrid,RCD Espanyol de Barcelona,4,2,3.286,1.041,3.286,1.041,2.727,0.183,241,25,396,18,13,3
la_liga,2025-26,2026-02-21,29402,Real Betis Balompié,Rayo Vallecano de Madrid,1,1,2.135,1.303,2.135,1.303,2.007,0.762,291,20,217,23,9,7
la_liga,2025-26,2026-02-21,29407,Real Sociedad de Fútbol,Real Oviedo,3,3,2.775,1.751,2.775,1.751,2.078,0.723,147,24,325,32,3,1
ligue_1,2025-26,2026-02-21,29742,Paris Saint-Germain FC,FC Metz,3,0,2.414,0.059,2.414,0.059,2.876,0.066,224,26,410,23,15,1
ligue_1,2025-26,2026-02-21,29739,Racing Club de Lens,AS Monaco FC,2,3,1.828,2.34,1.828,2.34,1.007,1.76,241,28,258,23,8,5
ligue_1,2025-26,2026-02-21,29744,Toulouse FC,Paris FC,1,1,2.678,0.688,2.678,0.688,2.682,0.205,270,32,236,14,13,7
serie_a,2025-26,2026-02-21,30096,Cagliari Calcio,SS Lazio,0,0,0.771,0.521,0.771,0.521,1.566,1.046,383,15,338,29,5,7
serie_a,2025-26,2026-02-21,30099,Juventus FC,Como 1907,0,2,1.014,1.432,1.014,1.432,0.998,1.718,281,15,310,21,6,5
serie_a,2025-26,2026-02-21,30100,US Lecce,FC Internazionale Milano,0,2,0.128,2.644,0.128,2.644,0.067,2.884,357,23,156,19,2,10
bundesliga,2025-26,2026-02-22,30425,1. FC Heidenheim 1846,VfB Stuttgart,3,3,2.216,2.275,1.458,1.517,1.377,1.359,336,17,167,18,6,14
bundesliga,2025-26,2026-02-22,30428,FC St. Pauli 1910,SV Werder Bremen,2,1,0.261,1.611,0.261,1.611,0.287,2.538,326,10,238,22,2,3
bundesliga,2025-26,2026-02-22,30424,SC Freiburg,Borussia Mönchengladbach,2,1,1.292,1.029,1.292,1.029,1.574,1.101,305,23,150,15,4,4
epl,2025-26,2026-02-22,29041,Crystal Palace FC,Wolverhampton Wanderers FC,1,0,2.036,1.677,2.036,0.916,1.646,1.085,121,20,210,21,4,5
epl,2025-26,2026-02-22,29044,Nottingham Forest FC,Liverpool FC,0,1,0.935,2.396,0.935,2.396,0.346,2.505,265,25,200,22,2,3
epl,2025-26,2026-02-22,29045,Sunderland AFC,Fulham FC,1,3,1.761,2.167,1,1.406,1.055,1.679,197,12,253,21,16,8
epl,2025-26,2026-02-22,29046,Tottenham Hotspur FC,Arsenal FC,1,4,0.383,3.317,0.383,3.317,0.067,2.893,209,28,172,30,0,9
la_liga,2025-26,2026-02-22,29401,FC Barcelona,Levante UD,3,0,4.244,0.603,4.244,0.603,2.948,0.031,160,23,424,18,15,3
la_liga,2025-26,2026-02-22,29404,Getafe CF,Sevilla FC,0,1,0.251,0.283,0.251,0.283,1.152,1.228,344,9,95,32,1,3
la_liga,2025-26,2026-02-22,29403,RC Celta de Vigo,RCD Mallorca,2,0,2.939,0.021,2.196,0.021,2.951,0.025,238,25,264,11,10,0
la_liga,2025-26,2026-02-22,29406,Villarreal CF,Valencia CF,2,1,2.381,1.913,1.638,1.169,1.749,0.985,272,14,179,23,3,5
ligue_1,2025-26,2026-02-22,29737,AJ Auxerre,Stade Rennais FC 1901,0,3,0.7,1.106,0.7,1.106,0.984,1.698,280,35,158,32,1,7
ligue_1,2025-26,2026-02-22,29736,Angers SCO,Lille OSC,0,1,0.24,2.743,0.24,1.983,0.062,2.895,346,16,313,31,5,16
ligue_1,2025-26,2026-02-22,29740,FC Nantes,Havre AC,2,0,1.708,0.753,0.947,0.753,2.181,0.575,354,31,77,13,1,3
ligue_1,2025-26,2026-02-22,29741,OGC Nice,FC Lorient,3,3,2.746,1.977,2.746,1.217,1.987,0.788,301,23,232,11,9,10
ligue_1,2025-26,2026-02-22,29743,RC Strasbourg Alsace,Olympique Lyonnais,3,1,2.229,0.427,1.469,0.427,2.688,0.195,306,20,315,16,2,4
serie_a,2025-26,2026-02-22,30101,AC Milan,Parma Calcio 1913,0,1,1.634,0.76,1.634,0.76,2.029,0.719,188,28,219,14,20,1
serie_a,2025-26,2026-02-22,30102,AS Roma,US Cremonese,3,0,2.582,0.281,2.582,0.281,2.787,0.128,190,21,235,13,7,0
serie_a,2025-26,2026-02-22,30094,Atalanta BC,SSC Napoli,2,1,0.962,1.059,0.962,1.059,1.215,1.453,239,25,236,26,6,5
serie_a,2025-26,2026-02-22,30098,Genoa CFC,Torino FC,3,0,2.063,0.531,2.063,0.531,2.534,0.313,205,24,436,23,3,4
epl,2025-26,2026-02-23,29042,Everton FC,Manchester United FC,0,1,0.561,1.455,0.561,1.455,0.568,2.187,263,24,166,12,6,5
la_liga,2025-26,2026-02-23,29398,Deportivo Alavés,Girona FC,2,2,2.137,2.057,2.137,2.057,1.378,1.334,263,31,266,26,8,7
serie_a,2025-26,2026-02-23,30097,ACF Fiorentina,AC Pisa 1909,1,0,1.778,0.432,1.778,0.432,2.477,0.344,278,11,319,24,1,5
serie_a,2025-26,2026-02-23,30095,Bologna FC 1909,Udinese Calcio,1,0,1.447,0.531,0.686,0.531,2.228,0.53,243,34,179,26,4,7
bundesliga,2025-26,2026-02-27,30431,FC Augsburg,1. FC Köln,2,0,1.558,0.493,1.558,0.493,2.298,0.475,300,29,235,13,8,5
epl,2025-26,2026-02-27,29057,Wolverhampton Wanderers FC,Aston Villa FC,2,0,1.508,1.313,1.508,1.313,1.55,1.167,325,19,192,36,1,7
la_liga,2025-26,2026-02-27,29412,Levante UD,Deportivo Alavés,2,0,2.773,1.299,2.773,1.299,2.35,0.49,237,30,212,24,8,7
ligue_1,2025-26,2026-02-27,29753,RC Strasbourg Alsace,Racing Club de Lens,1,1,0.875,2.038,0.875,2.038,0.597,2.194,240,21,392,31,3,9
serie_a,2025-26,2026-02-27,30106,Parma Calcio 1913,Cagliari Calcio,1,1,1.313,0.616,1.313,0.616,1.965,0.744,250,25,275,7,5,2
bundesliga,2025-26,2026-02-28,30432,Bayer 04 Leverkusen,1. FSV Mainz 05,1,1,1.948,0.971,1.948,0.971,2.194,0.586,205,17,439,27,9,13
bundesliga,2025-26,2026-02-28,30434,Borussia Dortmund,FC Bayern München,2,3,1.398,1.89,1.398,1.132,0.978,1.762,330,29,123,25,9,9
bundesliga,2025-26,2026-02-28,30433,Borussia Mönchengladbach,1. FC Union Berlin,1,0,2.56,0.138,1.802,0.138,2.898,0.058,175,14,242,25,10,4
bundesliga,2025-26,2026-02-28,30439,SV Werder Bremen,1. FC Heidenheim 1846,2,0,3.479,1.709,3.479,1.709,2.42,0.44,250,21,232,18,9,4
bundesliga,2025-26,2026-02-28,30437,TSG 1899 Hoffenheim,FC St. Pauli 1910,0,1,2.574,0.947,2.574,0.947,2.456,0.388,155,27,327,7,15,2
epl,2025-26,2026-02-28,29048,AFC Bournemouth,Sunderland AFC,1,1,1.824,1.079,1.824,1.079,1.93,0.805,129,27,201,34,9,1
epl,2025-26,2026-02-28,29051,Burnley FC,Brentford FC,3,4,0.824,2.446,0.824,2.446,0.326,2.53,275,17,177,27,4,9
epl,2025-26,2026-02-28,29053,Leeds United FC,Manchester City FC,0,1,1.378,2.468,1.378,2.468,0.619,2.183,307,20,170,10,4,6
epl,2025-26,2026-02-28,29054,Liverpool FC,West Ham United FC,5,2,2.099,1.352,2.099,1.352,1.895,0.871,226,24,193,26,14,5
epl,2025-26,2026-02-28,29056,Newcastle United FC,Everton FC,2,3,1.119,2.407,1.119,2.407,0.342,2.49,146,30,256,16,13,4
la_liga,2025-26,2026-02-28,29408,FC Barcelona,Villarreal CF,4,1,3.547,1.362,3.547,1.362,2.651,0.245,170,39,418,16,15,8
la_liga,2025-26,2026-02-28,29411,RCD Mallorca,Real Sociedad de Fútbol,0,1,0.754,0.93,0.754,0.93,1.154,1.494,324,12,266,28,5,3
la_liga,2025-26,2026-02-28,29413,Rayo Vallecano de Madrid,Athletic Club,1,1,1.36,0.428,1.36,0.428,2.212,0.532,135,17,151,24,4,4
la_liga,2025-26,2026-02-28,29414,Real Oviedo,Club Atlético de Madrid,0,1,1.501,0.853,1.501,0.853,1.883,0.847,335,21,205,17,4,7
ligue_1,2025-26,2026-02-28,29750,AS Monaco FC,Angers SCO,2,0,1.671,0.609,1.671,0.609,2.332,0.433,188,25,470,20,9,2
ligue_1,2025-26,2026-02-28,29745,Havre AC,Paris Saint-Germain FC,0,1,0.683,4.036,0.683,3.276,0.05,2.922,370,18,165,25,3,12
ligue_1,2025-26,2026-02-28,29752,Stade Rennais FC 1901,Toulouse FC,1,0,0.709,0.668,0.709,0.668,1.345,1.267,194,25,415,26,3,3
serie_a,2025-26,2026-02-28,30113,Como 1907,US Lecce,3,1,2.986,0.425,2.986,0.425,2.847,0.101,137,21,423,19,6,0
serie_a,2025-26,2026-02-28,30105,FC Internazionale Milano,Genoa CFC,2,0,2.192,0.171,1.431,0.171,2.812,0.108,275,29,256,25,15,6
serie_a,2025-26,2026-02-28,30109,Hellas Verona FC,SSC Napoli,1,2,0.278,1.214,0.278,1.214,0.481,2.236,344,20,188,17,3,10
bundesliga,2025-26,2026-03-01,30435,Eintracht Frankfurt,SC Freiburg,2,0,1.671,0.642,1.671,0.642,2.214,0.546,220,20,359,27,10,1
bundesliga,2025-26,2026-03-01,30436,Hamburger SV,RB Leipzig,1,2,0.821,2.29,0.821,1.532,0.36,2.463,264,14,222,21,4,13
bundesliga,2025-26,2026-03-01,30438,VfB Stuttgart,VfL Wolfsburg,4,0,2.952,0.866,2.952,0.866,2.609,0.279,195,9,370,30,14,5
epl,2025-26,2026-03-01,29049,Arsenal FC,Chelsea FC,2,1,1.716,1.353,1.716,1.353,1.627,1.08,334,22,188,21,10,4
epl,2025-26,2026-03-01,29050,Brighton & Hove Albion FC,Nottingham Forest FC,2,1,1.201,0.831,1.201,0.831,1.66,1.036,273,29,313,21,10,2
epl,2025-26,2026-03-01,29052,Fulham FC,Tottenham Hotspur FC,2,1,2.321,0.952,2.321,0.952,2.303,0.514,220,21,286,23,12,6
epl,2025-26,2026-03-01,29055,Manchester United FC,Crystal Palace FC,2,1,2.346,0.385,1.585,0.385,2.732,0.168,235,21,312,21,8,5
la_liga,2025-26,2026-03-01,29410,Elche CF,RCD Espanyol de Barcelona,2,2,1.824,0.835,1.08,0.835,2.171,0.6,108,17,369,22,2,3
la_liga,2025-26,2026-03-01,29415,Girona FC,RC Celta de Vigo,1,2,1.57,0.697,1.57,0.697,2.098,0.646,272,16,299,17,8,4
la_liga,2025-26,2026-03-01,29409,Real Betis Balompié,Sevilla FC,2,2,1.484,0.656,1.484,0.656,2.124,0.624,341,26,294,18,3,9
la_liga,2025-26,2026-03-01,29417,Valencia CF,CA Osasuna,1,0,1.311,0.259,0.567,0.259,2.406,0.373,221,24,213,21,4,4
ligue_1,2025-26,2026-03-01,29747,FC Lorient,AJ Auxerre,2,2,1.028,1.967,1.028,1.967,0.67,2.114,248,16,310,20,2,8
ligue_1,2025-26,2026-03-01,29749,FC Metz,Stade Brestois 29,0,1,1.584,0.963,1.584,0.963,1.855,0.868,171,36,270,19,6,4
ligue_1,2025-26,2026-03-01,29746,Lille OSC,FC Nantes,1,0,0.496,0.171,0.496,0.171,1.618,0.842,110,21,377,18,4,0
ligue_1,2025-26,2026-03-01,29748,Olympique de Marseille,Olympique Lyonnais,3,2,1.788,1.785,1.788,1.785,1.39,1.358,265,28,250,12,13,7
ligue_1,2025-26,2026-03-01,29751,Paris FC,OGC Nice,1,0,1.302,1.263,1.302,1.263,1.375,1.315,327,20,194,13,4,8
serie_a,2025-26,2026-03-01,30108,AS Roma,Juventus FC,3,3,2.331,1.858,2.331,1.858,1.719,1.033,305,29,229,17,9,4
serie_a,2025-26,2026-03-01,30111,Torino FC,SS Lazio,2,0,1.061,1.059,1.061,1.059,1.337,1.339,361,23,322,20,4,7
serie_a,2025-26,2026-03-01,30104,US Cremonese,AC Milan,0,2,1.084,3.875,1.084,3.875,0.168,2.765,242,22,194,18,2,11
serie_a,2025-26,2026-03-01,30112,US Sassuolo Calcio,Atalanta BC,2,1,1.811,3.747,1.811,3.747,0.394,2.477,204,6,92,29,5,27
la_liga,2025-26,2026-03-02,29416,Real Madrid CF,Getafe CF,0,1,2.023,0.476,2.023,0.476,2.495,0.343,83,19,388,24,11,3
serie_a,2025-26,2026-03-02,30107,AC Pisa 1909,Bologna FC 1909,0,1,0.743,0.872,0.743,0.872,1.206,1.433,279,22,172,14,4,2
serie_a,2025-26,2026-03-02,30110,Udinese Calcio,ACF Fiorentina,3,0,2.024,0.585,1.263,0.585,2.513,0.332,359,29,156,20,2,2
epl,2025-26,2026-03-03,29058,AFC Bournemouth,Brentford FC,0,0,2.318,0.673,2.318,0.673,2.522,0.326,250,24,184,22,12,4
epl,2025-26,2026-03-03,29061,Everton FC,Burnley FC,2,0,1.158,0.762,1.158,0.762,1.649,1.007,289,24,299,21,4,2
epl,2025-26,2026-03-03,29063,Leeds United FC,Sunderland AFC,0,1,0.888,0.844,0.888,0.083,1.25,1.385,107,27,325,21,7,1
epl,2025-26,2026-03-03,29067,Wolverhampton Wanderers FC,Liverpool FC,2,1,0.636,2.172,0.636,2.172,0.341,2.493,313,14,200,28,1,10
bundesliga,2025-26,2026-03-04,30371,Hamburger SV,Bayer 04 Leverkusen,0,1,1.287,2.679,1.287,2.679,0.456,2.366,297,23,191,33,4,8
epl,2025-26,2026-03-04,29059,Aston Villa FC,Chelsea FC,1,4,1.069,3.389,1.069,3.389,0.186,2.73,412,18,266,21,6,12
epl,2025-26,2026-03-04,29060,Brighton & Hove Albion FC,Arsenal FC,0,1,0.919,0.515,0.919,0.515,1.694,0.937,171,24,255,21,6,3
epl,2025-26,2026-03-04,29062,Fulham FC,West Ham United FC,0,1,0.628,1.495,0.628,1.495,0.62,2.138,233,22,322,17,9,3
epl,2025-26,2026-03-04,29064,Manchester City FC,Nottingham Forest FC,2,2,2.727,1.236,2.727,1.236,2.365,0.47,202,19,331,12,14,3
epl,2025-26,2026-03-04,29065,Newcastle United FC,Manchester United FC,2,1,1.966,1.806,1.205,1.806,1.536,1.209,233,27,191,28,8,11
la_liga,2025-26,2026-03-04,29385,Rayo Vallecano de Madrid,Real Oviedo,3,0,2.551,1.011,1.808,1.011,2.458,0.383,217,24,208,23,8,6
epl,2025-26,2026-03-05,29066,Tottenham Hotspur FC,Crystal Palace FC,1,3,1.296,1.915,1.296,1.154,0.874,1.869,291,21,179,17,3,9
bundesliga,2025-26,2026-03-06,30440,FC Bayern München,Borussia Mönchengladbach,4,1,3.12,1.22,2.362,1.22,2.588,0.288,216,24,354,11,12,1
la_liga,2025-26,2026-03-06,29420,RC Celta de Vigo,Real Madrid CF,1,2,0.91,0.638,0.91,0.638,1.621,1.017,404,11,313,28,2,9
ligue_1,2025-26,2026-03-06,29761,Paris Saint-Germain FC,AS Monaco FC,1,3,1.222,1.753,1.222,1.753,0.967,1.782,135,29,327,25,21,8
serie_a,2025-26,2026-03-06,30114,SSC Napoli,Torino FC,2,1,2.32,0.693,2.32,0.693,2.54,0.314,219,18,408,13,8,3
bundesliga,2025-26,2026-03-07,30443,1. FC Heidenheim 1846,TSG 1899 Hoffenheim,2,4,0.967,2.794,0.967,2.794,0.228,2.648,227,19,193,21,4,16
bundesliga,2025-26,2026-03-07,30441,1. FC Köln,Borussia Dortmund,1,2,0.964,1.957,0.964,1.957,0.671,2.117,322,18,194,21,3,12
bundesliga,2025-26,2026-03-07,30444,1. FSV Mainz 05,VfB Stuttgart,2,2,3.525,0.92,3.525,0.92,2.777,0.154,323,13,152,15,10,10
bundesliga,2025-26,2026-03-07,30445,RB Leipzig,FC Augsburg,2,1,2.194,3.665,2.194,2.907,0.582,2.261,196,14,259,8,12,6
bundesliga,2025-26,2026-03-07,30442,SC Freiburg,Bayer 04 Leverkusen,3,3,2.584,2.186,2.584,2.186,1.652,1.112,289,20,244,21,7,9
bundesliga,2025-26,2026-03-07,30448,VfL Wolfsburg,Hamburger SV,1,2,2.466,1.804,1.708,0.289,1.876,0.859,199,21,185,10,5,2
la_liga,2025-26,2026-03-07,29418,Athletic Club,FC Barcelona,0,1,1.047,0.56,1.047,0.56,1.872,0.785,471,28,143,16,5,2
la_liga,2025-26,2026-03-07,29426,CA Osasuna,RCD Mallorca,2,2,3.09,1.032,3.09,1.032,2.606,0.282,241,20,212,16,11,4
la_liga,2025-26,2026-03-07,29419,Club Atlético de Madrid,Real Sociedad de Fútbol,3,2,3.58,0.314,3.58,0.314,2.918,0.05,263,23,205,16,25,4
la_liga,2025-26,2026-03-07,29425,Levante UD,Girona FC,1,1,0.819,1.917,0.819,1.917,0.567,2.216,273,23,172,19,3,9
ligue_1,2025-26,2026-03-07,29754,AJ Auxerre,RC Strasbourg Alsace,0,0,1.032,1.273,1.032,1.273,1.138,1.553,487,15,105,20,3,4
ligue_1,2025-26,2026-03-07,29759,FC Nantes,Angers SCO,0,1,0.612,0.853,0.612,0.853,1.105,1.524,281,30,241,15,6,3
ligue_1,2025-26,2026-03-07,29762,Toulouse FC,Olympique de Marseille,0,1,1.287,1.323,1.287,1.323,1.304,1.401,312,27,257,32,6,4
serie_a,2025-26,2026-03-07,30115,Atalanta BC,Udinese Calcio,2,2,1.999,0.86,1.999,0.86,2.202,0.585,138,21,357,15,10,4
serie_a,2025-26,2026-03-07,30116,Cagliari Calcio,Como 1907,1,2,0.518,0.764,0.518,0.764,1.042,1.558,318,25,213,30,2,5
serie_a,2025-26,2026-03-07,30119,Juventus FC,AC Pisa 1909,4,0,3.168,0.32,3.168,0.32,2.88,0.075,196,17,303,15,14,5
bundesliga,2025-26,2026-03-08,30447,1. FC Union Berlin,SV Werder Bremen,1,4,1.13,2.24,0.372,2.24,0.537,2.232,433,10,109,16,1,9
bundesliga,2025-26,2026-03-08,30446,FC St. Pauli 1910,Eintracht Frankfurt,0,0,0.472,0.452,0.472,0.452,1.263,1.252,421,17,116,22,7,3
la_liga,2025-26,2026-03-08,29423,Getafe CF,Real Betis Balompié,2,0,0.821,1.249,0.821,1.249,0.946,1.732,343,19,83,17,6,3
la_liga,2025-26,2026-03-08,29427,Sevilla FC,Rayo Vallecano de Madrid,1,1,1.146,0.212,1.146,0.212,2.283,0.44,252,24,144,28,0,1
la_liga,2025-26,2026-03-08,29422,Valencia CF,Deportivo Alavés,3,2,2.517,1.608,1.773,0.865,2.057,0.725,188,19,278,25,15,4
la_liga,2025-26,2026-03-08,29424,Villarreal CF,Elche CF,2,1,2.306,1.621,2.306,1.621,1.858,0.922,333,19,170,28,16,7
ligue_1,2025-26,2026-03-08,29757,Lille OSC,FC Lorient,1,1,0.85,0.929,0.85,0.929,1.23,1.407,267,27,264,16,9,2
ligue_1,2025-26,2026-03-08,29760,OGC Nice,Stade Rennais FC 1901,0,4,2.685,1.871,2.685,1.111,1.981,0.8,408,21,228,27,4,5
ligue_1,2025-26,2026-03-08,29758,Olympique Lyonnais,Paris FC,1,1,1.925,2.326,1.165,2.326,1.076,1.675,213,17,323,12,11,3
ligue_1,2025-26,2026-03-08,29756,Racing Club de Lens,FC Metz,3,0,2.221,0.251,2.221,0.251,2.669,0.205,286,25,304,32,14,1
ligue_1,2025-26,2026-03-08,29755,Stade Brestois 29,Havre AC,2,0,1.265,1.103,1.265,1.103,1.472,1.219,292,32,194,25,6,6
serie_a,2025-26,2026-03-08,30122,AC Milan,FC Internazionale Milano,1,0,0.852,1.444,0.852,1.444,0.84,1.887,283,18,256,26,3,13
serie_a,2025-26,2026-03-08,30117,ACF Fiorentina,Parma Calcio 1913,0,0,0.758,0.253,0.758,0.253,1.796,0.766,206,24,237,23,12,2
serie_a,2025-26,2026-03-08,30123,Bologna FC 1909,Hellas Verona FC,1,2,0.904,2.029,0.904,2.029,0.582,2.217,80,16,267,39,7,4
serie_a,2025-26,2026-03-08,30118,Genoa CFC,AS Roma,2,1,2.559,0.283,1.798,0.283,2.891,0.063,231,27,95,18,7,7
serie_a,2025-26,2026-03-08,30121,US Lecce,US Cremonese,2,1,1.767,0.791,1.006,0.791,2.224,0.553,189,27,105,27,6,5
la_liga,2025-26,2026-03-09,29421,RCD Espanyol de Barcelona,Real Oviedo,1,1,1.551,0.887,1.551,0.887,1.852,0.865,231,42,290,21,7,3
serie_a,2025-26,2026-03-09,30120,SS Lazio,US Sassuolo Calcio,2,1,2.487,0.453,2.487,0.453,2.768,0.148,334,8,316,14,6,5
bundesliga,2025-26,2026-03-13,30450,Borussia Mönchengladbach,FC St. Pauli 1910,2,0,1.083,0.629,1.083,0.629,1.755,0.916,301,13,263,18,3,7
la_liga,2025-26,2026-03-13,29428,Deportivo Alavés,Villarreal CF,1,1,0.287,0.874,0.287,0.874,0.609,2.041,196,29,168,20,1,5
ligue_1,2025-26,2026-03-13,29766,Olympique de Marseille,AJ Auxerre,1,0,1.129,0.293,1.129,0.293,2.153,0.545,204,26,293,21,3,2
serie_a,2025-26,2026-03-13,30131,Torino FC,Parma Calcio 1913,4,1,2.443,0.58,2.443,0.58,2.694,0.194,236,30,217,15,4,1
bundesliga,2025-26,2026-03-14,30449,Bayer 04 Leverkusen,FC Bayern München,1,1,2.653,1.268,2.653,1.268,2.289,0.534,343,28,242,22,9,12
bundesliga,2025-26,2026-03-14,30451,Borussia Dortmund,FC Augsburg,2,0,2.491,0.756,2.491,0.756,2.554,0.306,236,24,348,14,13,5
bundesliga,2025-26,2026-03-14,30452,Eintracht Frankfurt,1. FC Heidenheim 1846,1,0,0.725,0.136,0.725,0.136,1.913,0.637,173,12,388,19,6,2
bundesliga,2025-26,2026-03-14,30454,Hamburger SV,1. FC Köln,1,1,0.556,0.984,0.556,0.984,0.854,1.78,297,16,222,18,3,5
bundesliga,2025-26,2026-03-14,30455,TSG 1899 Hoffenheim,VfL Wolfsburg,1,1,2.238,0.221,2.238,0.221,2.801,0.115,116,19,308,14,7,2
epl,2025-26,2026-03-14,29068,Arsenal FC,Everton FC,2,0,1.909,1.178,1.909,1.178,1.931,0.819,179,23,235,15,10,1
epl,2025-26,2026-03-14,29070,Burnley FC,AFC Bournemouth,0,0,1.677,2.37,1.677,2.37,0.922,1.856,253,20,124,13,5,9
epl,2025-26,2026-03-14,29071,Chelsea FC,Newcastle United FC,0,1,1.725,1.033,1.725,1.033,1.869,0.861,181,17,329,19,12,7
epl,2025-26,2026-03-14,29076,Sunderland AFC,Brighton & Hove Albion FC,0,1,0.659,1.128,0.659,1.128,0.914,1.77,261,13,217,25,9,12
epl,2025-26,2026-03-14,29077,West Ham United FC,Manchester City FC,1,1,0.489,1.955,0.489,1.955,0.327,2.482,379,22,185,20,2,8
la_liga,2025-26,2026-03-14,29429,Club Atlético de Madrid,Getafe CF,1,0,2.145,1.582,2.145,1.582,1.796,0.958,122,28,329,25,16,4
la_liga,2025-26,2026-03-14,29433,Girona FC,Athletic Club,3,0,2.194,1.973,2.194,1.973,1.567,1.172,286,15,303,33,6,12
la_liga,2025-26,2026-03-14,29434,Real Madrid CF,Elche CF,4,1,1.725,1.371,1.725,1.371,1.634,1.077,305,22,261,30,3,5
la_liga,2025-26,2026-03-14,29432,Real Oviedo,Valencia CF,1,0,1.865,0.487,1.865,0.487,2.44,0.386,273,22,189,16,3,3
ligue_1,2025-26,2026-03-14,29768,AS Monaco FC,Stade Brestois 29,2,0,2.813,1.561,2.813,1.561,2.264,0.548,212,17,309,32,9,7
ligue_1,2025-26,2026-03-14,29763,Angers SCO,OGC Nice,0,2,0.889,1.601,0.889,1.601,0.795,1.946,307,14,260,29,8,8
ligue_1,2025-26,2026-03-14,29765,FC Lorient,Racing Club de Lens,2,1,2.373,1.012,2.373,1.012,2.47,0.376,302,13,195,23,2,8
serie_a,2025-26,2026-03-14,30126,FC Internazionale Milano,Atalanta BC,1,1,2.029,0.867,2.029,0.867,2.236,0.552,280,20,397,15,19,8
serie_a,2025-26,2026-03-14,30128,SSC Napoli,US Lecce,2,1,1.131,1.227,1.131,1.227,1.244,1.435,112,19,394,18,7,1
serie_a,2025-26,2026-03-14,30132,Udinese Calcio,Juventus FC,0,1,0.742,3.187,0.742,3.187,0.139,2.785,245,14,259,26,5,17
bundesliga,2025-26,2026-03-15,30453,SC Freiburg,1. FC Union Berlin,0,1,1.345,1.001,1.345,1.001,1.591,1.099,111,18,360,25,7,0
bundesliga,2025-26,2026-03-15,30457,SV Werder Bremen,1. FSV Mainz 05,0,2,0.89,2.056,0.89,2.056,0.556,2.249,155,16,387,16,6,4
bundesliga,2025-26,2026-03-15,30456,VfB Stuttgart,RB Leipzig,1,0,1.932,1.122,1.932,1.122,1.985,0.779,171,24,235,26,5,5
epl,2025-26,2026-03-15,29072,Crystal Palace FC,Leeds United FC,0,0,0.525,1.136,0.525,0.374,0.685,2.013,98,12,229,13,2,4
epl,2025-26,2026-03-15,29073,Liverpool FC,Tottenham Hotspur FC,1,1,1.301,1.156,1.301,1.156,1.443,1.271,144,26,263,20,17,3
epl,2025-26,2026-03-15,29074,Manchester United FC,Aston Villa FC,3,1,1.678,1.211,1.678,1.211,1.72,1.016,214,22,260,15,5,10
epl,2025-26,2026-03-15,29075,Nottingham Forest FC,Fulham FC,0,0,0.821,0.934,0.821,0.934,1.128,1.509,280,13,245,20,3,3
la_liga,2025-26,2026-03-15,29430,FC Barcelona,Sevilla FC,5,2,3.864,1.043,2.377,1.043,2.825,0.119,239,24,437,25,6,7
la_liga,2025-26,2026-03-15,29435,RCD Mallorca,RCD Espanyol de Barcelona,2,1,2.15,1.352,2.15,1.352,1.992,0.747,121,21,318,17,7,3
la_liga,2025-26,2026-03-15,29431,Real Betis Balompié,RC Celta de Vigo,1,1,1.878,0.647,1.878,0.647,2.307,0.486,300,20,251,20,7,2
la_liga,2025-26,2026-03-15,29437,Real Sociedad de Fútbol,CA Osasuna,3,1,2.914,0.615,2.171,0.615,2.771,0.154,238,34,293,22,9,5
ligue_1,2025-26,2026-03-15,29767,FC Metz,Toulouse FC,3,4,1.626,1.743,1.626,1.743,1.28,1.472,308,16,324,22,4,13
ligue_1,2025-26,2026-03-15,29764,Havre AC,Olympique Lyonnais,0,0,0.64,1.138,0.64,1.138,0.911,1.773,221,13,147,26,5,7
ligue_1,2025-26,2026-03-15,29771,RC Strasbourg Alsace,Paris FC,0,0,1.202,0.616,1.202,0.616,1.903,0.796,241,32,367,18,7,1
ligue_1,2025-26,2026-03-15,29770,Stade Rennais FC 1901,Lille OSC,1,2,1.546,1.351,1.546,1.351,1.518,1.189,253,27,343,13,3,3
serie_a,2025-26,2026-03-15,30129,AC Pisa 1909,Cagliari Calcio,3,1,2.943,1.523,2.182,1.523,2.355,0.488,328,16,113,19,5,4
serie_a,2025-26,2026-03-15,30124,Como 1907,AS Roma,2,1,2.469,0.9,2.469,0.139,2.504,0.327,170,18,342,31,15,2
serie_a,2025-26,2026-03-15,30133,Hellas Verona FC,Genoa CFC,0,2,0.371,0.534,0.371,0.534,1.067,1.447,261,25,170,14,0,6
serie_a,2025-26,2026-03-15,30127,SS Lazio,AC Milan,1,0,0.538,1.162,0.538,1.162,0.795,1.883,352,15,255,26,5,12
serie_a,2025-26,2026-03-15,30130,US Sassuolo Calcio,Bologna FC 1909,0,1,0.427,0.731,0.427,0.731,0.987,1.602,164,18,239,17,4,6
epl,2025-26,2026-03-16,29069,Brentford FC,Wolverhampton Wanderers FC,2,2,2.797,1.8,2.797,1.8,2.072,0.721,250,28,232,17,7,9
la_liga,2025-26,2026-03-16,29436,Rayo Vallecano de Madrid,Levante UD,1,1,1.681,1.456,1.681,1.456,1.548,1.183,178,18,218,17,6,12
serie_a,2025-26,2026-03-16,30125,US Cremonese,ACF Fiorentina,1,4,1.474,1.145,1.474,1.145,1.626,1.09,244,23,192,12,9,9
bundesliga,2025-26,2026-03-20,30464,RB Leipzig,TSG 1899 Hoffenheim,5,0,2.907,0.521,2.907,0.521,2.815,0.122,277,19,279,31,12,3
epl,2025-26,2026-03-20,29078,AFC Bournemouth,Manchester United FC,2,2,1.767,1.746,1.005,0.985,1.364,1.352,218,20,254,21,6,8
la_liga,2025-26,2026-03-20,29438,Villarreal CF,Real Sociedad de Fútbol,3,1,3.356,0.895,3.356,0.895,2.762,0.161,396,11,231,25,6,11
ligue_1,2025-26,2026-03-20,29773,Racing Club de Lens,Angers SCO,5,1,4.339,1.152,4.339,1.152,2.832,0.116,283,27,370,17,19,7
serie_a,2025-26,2026-03-20,30136,Cagliari Calcio,SSC Napoli,0,1,0.241,2.274,0.241,2.274,0.08,2.86,425,21,181,22,4,10
serie_a,2025-26,2026-03-20,30139,Genoa CFC,Udinese Calcio,0,2,1.303,0.866,1.303,0.866,1.721,0.967,162,24,267,23,4,4
bundesliga,2025-26,2026-03-21,30462,1. FC Heidenheim 1846,Bayer 04 Leverkusen,3,3,1.737,1.963,0.98,1.963,1.213,1.519,277,18,213,20,5,7
bundesliga,2025-26,2026-03-21,30461,1. FC Köln,Borussia Mönchengladbach,3,3,1.293,1.082,1.293,1.082,1.53,1.154,242,24,214,15,7,6
bundesliga,2025-26,2026-03-21,30460,Borussia Dortmund,Hamburger SV,3,2,6.102,1.23,3.829,1.23,2.983,0.011,152,25,213,10,13,3
bundesliga,2025-26,2026-03-21,30459,FC Bayern München,1. FC Union Berlin,4,0,5.934,0.225,5.934,0.225,2.998,0.001,127,14,407,17,16,1
bundesliga,2025-26,2026-03-21,30466,VfL Wolfsburg,SV Werder Bremen,0,1,1.057,0.415,1.057,0.415,1.946,0.725,228,32,280,9,12,3
epl,2025-26,2026-03-21,29080,Brighton & Hove Albion FC,Liverpool FC,2,1,3.43,0.957,3.43,0.957,2.784,0.147,207,18,178,16,7,7
epl,2025-26,2026-03-21,29081,Everton FC,Chelsea FC,3,0,1.445,1.351,1.445,1.351,1.425,1.296,381,13,213,18,7,9
epl,2025-26,2026-03-21,29082,Fulham FC,Burnley FC,3,1,3.484,1.926,2.723,1.926,2.32,0.522,242,15,272,13,16,4
epl,2025-26,2026-03-21,29083,Leeds United FC,Brentford FC,0,0,0.417,0.302,0.417,0.302,1.378,1.081,194,22,219,18,9,2
la_liga,2025-26,2026-03-21,29447,CA Osasuna,Girona FC,1,0,2.262,0.232,2.262,0.232,2.771,0.136,291,27,291,25,8,6
la_liga,2025-26,2026-03-21,29440,Elche CF,RCD Mallorca,2,1,1.516,1.519,1.516,0.776,1.36,1.35,181,28,199,22,8,2
la_liga,2025-26,2026-03-21,29443,Levante UD,Real Oviedo,4,2,2.927,1.336,2.927,0.592,2.472,0.37,274,33,131,25,10,4
la_liga,2025-26,2026-03-21,29442,RCD Espanyol de Barcelona,Getafe CF,1,2,1.512,2.064,1.512,2.064,0.865,1.87,102,24,261,30,4,3
la_liga,2025-26,2026-03-21,29444,Sevilla FC,Valencia CF,0,2,0.505,1.713,0.505,1.713,0.431,2.373,210,25,272,13,4,6
ligue_1,2025-26,2026-03-21,29772,AJ Auxerre,Stade Brestois 29,3,0,2.057,0.882,2.057,0.882,2.269,0.531,191,15,171,19,5,6
ligue_1,2025-26,2026-03-21,29777,OGC Nice,Paris Saint-Germain FC,0,4,0.177,4.044,0.177,3.284,0.011,2.981,452,15,136,20,2,9
ligue_1,2025-26,2026-03-21,29780,Toulouse FC,FC Lorient,1,0,1.485,0.478,1.485,0.478,2.264,0.494,425,31,239,20,2,4
serie_a,2025-26,2026-03-21,30141,AC Milan,Torino FC,3,2,1.443,2.372,1.443,1.611,0.683,2.102,167,11,327,15,11,3
serie_a,2025-26,2026-03-21,30140,Juventus FC,US Sassuolo Calcio,1,1,2.255,0.846,1.493,0.846,2.387,0.431,147,19,278,14,23,5
serie_a,2025-26,2026-03-21,30142,Parma Calcio 1913,US Cremonese,0,2,0.288,0.782,0.288,0.782,0.722,1.875,254,25,241,15,1,1
bundesliga,2025-26,2026-03-22,30463,1. FSV Mainz 05,Eintracht Frankfurt,2,1,1.384,1.717,1.384,1.717,1.119,1.599,421,18,124,9,5,10
bundesliga,2025-26,2026-03-22,30458,FC Augsburg,VfB Stuttgart,2,5,1.591,3.871,1.591,3.871,0.239,2.665,341,23,178,18,6,10
bundesliga,2025-26,2026-03-22,30465,FC St. Pauli 1910,SC Freiburg,1,2,1.397,2.744,1.397,2.744,0.523,2.3,288,18,216,14,7,3
epl,2025-26,2026-03-22,29079,Aston Villa FC,West Ham United FC,2,0,2.485,0.76,2.485,0.76,2.569,0.3,220,15,264,17,15,5
epl,2025-26,2026-03-22,29085,Newcastle United FC,Sunderland AFC,1,2,1.267,2.667,1.267,2.667,0.512,2.324,106,17,243,22,3,10
epl,2025-26,2026-03-22,29086,Tottenham Hotspur FC,Nottingham Forest FC,0,3,1.619,1.544,1.619,1.544,1.395,1.325,170,28,246,25,4,3
la_liga,2025-26,2026-03-22,29439,Athletic Club,Real Betis Balompié,2,1,1.927,0.591,1.927,0.591,2.443,0.383,404,26,160,15,7,5
la_liga,2025-26,2026-03-22,29441,FC Barcelona,Rayo Vallecano de Madrid,1,0,1.922,2.196,1.922,2.196,1.162,1.595,160,41,317,26,7,3
la_liga,2025-26,2026-03-22,29445,RC Celta de Vigo,Deportivo Alavés,3,4,1.71,1.672,1.71,1.672,1.392,1.348,192,21,277,23,8,5
la_liga,2025-26,2026-03-22,29446,Real Madrid CF,Club Atlético de Madrid,3,2,2.966,1.402,2.223,1.402,2.474,0.372,270,13,288,16,7,6
ligue_1,2025-26,2026-03-22,29776,FC Nantes,RC Strasbourg Alsace,2,3,1.915,2.839,1.915,2.839,0.771,2.026,425,19,197,21,3,7
ligue_1,2025-26,2026-03-22,29774,Olympique Lyonnais,AS Monaco FC,1,2,1.107,3.5,1.107,2.74,0.225,2.686,179,23,248,27,11,16
ligue_1,2025-26,2026-03-22,29775,Olympique de Marseille,Lille OSC,1,2,1.029,1.611,1.029,1.611,0.903,1.838,279,17,263,15,9,5
ligue_1,2025-26,2026-03-22,29778,Paris FC,Havre AC,3,2,2.426,1.744,2.426,1.744,1.836,0.953,204,12,118,23,11,3
ligue_1,2025-26,2026-03-22,29779,Stade Rennais FC 1901,FC Metz,0,0,1.706,0.315,1.706,0.315,2.432,0.369,182,31,303,11,12,2
serie_a,2025-26,2026-03-22,30138,ACF Fiorentina,FC Internazionale Milano,1,1,1.814,1.401,1.814,1.401,1.691,1.038,358,20,215,20,6,8
serie_a,2025-26,2026-03-22,30143,AS Roma,US Lecce,1,0,1.094,0.807,1.094,0.807,1.557,1.117,147,19,328,31,10,4
serie_a,2025-26,2026-03-22,30134,Atalanta BC,Hellas Verona FC,1,0,1.742,0.766,1.742,0.766,2.165,0.602,216,24,276,23,8,5
serie_a,2025-26,2026-03-22,30135,Bologna FC 1909,SS Lazio,0,2,1.329,2.144,0.568,2.144,0.742,2.014,348,29,412,18,8,5
serie_a,2025-26,2026-03-22,30137,Como 1907,AC Pisa 1909,5,0,1.821,0.31,1.821,0.31,2.574,0.268,156,22,432,15,11,4
la_liga,2025-26,2026-04-03,29456,Rayo Vallecano de Madrid,Elche CF,1,0,1.515,0.602,1.515,0.602,2.102,0.642,118,28,214,17,8,4
ligue_1,2025-26,2026-04-03,29788,Paris Saint-Germain FC,Toulouse FC,3,1,1.734,0.103,1.734,0.103,2.83,0.094,163,18,512,22,12,2
bundesliga,2025-26,2026-04-04,30467,Bayer 04 Leverkusen,VfL Wolfsburg,6,3,4.595,2.547,3.08,1.789,2.522,0.364,147,15,264,12,15,7
bundesliga,2025-26,2026-04-04,30468,Borussia Mönchengladbach,1. FC Heidenheim 1846,2,2,1.092,0.883,1.092,0.883,1.552,1.128,325,24,333,25,6,4
bundesliga,2025-26,2026-04-04,30471,Hamburger SV,FC Augsburg,1,1,1.531,2.576,1.531,2.576,0.724,2.087,189,24,228,14,10,10
bundesliga,2025-26,2026-04-04,30470,SC Freiburg,FC Bayern München,2,3,2.046,2.491,2.046,2.491,1.053,1.718,319,28,142,25,3,18
bundesliga,2025-26,2026-04-04,30475,SV Werder Bremen,RB Leipzig,1,2,0.898,1.613,0.898,1.613,0.802,1.96,296,32,358,22,11,7
bundesliga,2025-26,2026-04-04,30472,TSG 1899 Hoffenheim,1. FSV Mainz 05,1,2,1.517,2.229,1.517,2.229,0.798,1.955,153,26,263,11,11,3
bundesliga,2025-26,2026-04-04,30473,VfB Stuttgart,Borussia Dortmund,0,2,0.553,0.764,0.553,0.764,1.039,1.576,168,23,317,17,7,2
la_liga,2025-26,2026-04-04,29449,Club Atlético de Madrid,FC Barcelona,1,2,0.919,2.686,0.919,2.686,0.315,2.542,311,19,200,19,3,13
la_liga,2025-26,2026-04-04,29452,RCD Mallorca,Real Madrid CF,2,1,1.039,1.515,1.039,1.515,1.007,1.706,312,23,164,18,2,12
la_liga,2025-26,2026-04-04,29450,Real Betis Balompié,RCD Espanyol de Barcelona,0,0,2.002,0.144,2.002,0.144,2.803,0.113,129,24,388,14,9,1
la_liga,2025-26,2026-04-04,29457,Real Sociedad de Fútbol,Levante UD,2,0,2.964,0.32,2.964,0.32,2.924,0.045,171,19,280,25,9,3
ligue_1,2025-26,2026-04-04,29784,Lille OSC,Racing Club de Lens,3,0,3.822,0.413,3.062,0.413,2.947,0.031,222,22,260,20,6,3
ligue_1,2025-26,2026-04-04,29789,RC Strasbourg Alsace,OGC Nice,3,1,2.709,0.354,2.709,0.354,2.861,0.085,229,19,429,34,8,7
ligue_1,2025-26,2026-04-04,29782,Stade Brestois 29,Stade Rennais FC 1901,3,4,1.895,2.796,1.895,1.276,0.746,2.037,320,26,176,14,1,7
serie_a,2025-26,2026-04-04,30153,Hellas Verona FC,ACF Fiorentina,0,1,0.923,0.309,0.923,0.309,1.871,0.743,276,21,222,16,8,3
serie_a,2025-26,2026-04-04,30147,SS Lazio,Parma Calcio 1913,1,1,0.269,0.361,0.269,0.361,1.09,1.335,251,25,233,9,5,1
serie_a,2025-26,2026-04-04,30151,US Sassuolo Calcio,Cagliari Calcio,2,1,0.483,1.901,0.483,1.14,0.334,2.502,284,17,254,17,6,5
bundesliga,2025-26,2026-04-05,30474,1. FC Union Berlin,FC St. Pauli 1910,1,1,1.783,0.325,1.783,0.325,2.512,0.317,187,24,247,14,4,1
bundesliga,2025-26,2026-04-05,30469,Eintracht Frankfurt,1. FC Köln,2,2,2.17,3.098,2.17,3.098,0.794,2.009,170,17,363,14,11,5
la_liga,2025-26,2026-04-05,29448,Deportivo Alavés,CA Osasuna,2,2,1.66,1.611,0.916,0.868,1.375,1.327,245,10,189,19,4,4
la_liga,2025-26,2026-04-05,29455,Getafe CF,Athletic Club,2,0,1.963,0.524,1.963,0.524,2.541,0.302,292,22,93,20,2,7
la_liga,2025-26,2026-04-05,29453,Real Oviedo,Sevilla FC,1,0,0.785,0.841,0.785,0.841,1.303,1.329,82,10,296,21,3,4
la_liga,2025-26,2026-04-05,29454,Valencia CF,RC Celta de Vigo,2,3,0.721,1.457,0.721,1.457,0.683,2.058,256,19,189,24,7,9
ligue_1,2025-26,2026-04-05,29787,AS Monaco FC,Olympique de Marseille,2,1,1.677,3.108,1.677,3.108,0.506,2.328,218,24,217,17,4,7
ligue_1,2025-26,2026-04-05,29781,Angers SCO,Olympique Lyonnais,0,0,0.354,0.522,0.354,0.522,1.055,1.459,371,18,158,25,0,6
ligue_1,2025-26,2026-04-05,29785,FC Lorient,Paris FC,1,1,1.166,1.399,1.166,1.399,1.111,1.589,209,17,276,16,6,4
ligue_1,2025-26,2026-04-05,29786,FC Metz,FC Nantes,0,0,2.319,0.389,2.319,0.389,2.732,0.169,180,22,312,16,5,6
ligue_1,2025-26,2026-04-05,29783,Havre AC,AJ Auxerre,1,1,0.711,2.408,0.711,2.408,0.282,2.586,179,30,237,28,6,5
serie_a,2025-26,2026-04-05,30150,AC Pisa 1909,Torino FC,0,1,0.309,1.726,0.309,1.726,0.234,2.622,220,28,214,19,5,5
serie_a,2025-26,2026-04-05,30145,FC Internazionale Milano,AS Roma,5,2,2.254,0.94,2.254,0.94,2.324,0.486,228,20,310,22,14,6
serie_a,2025-26,2026-04-05,30144,US Cremonese,Bologna FC 1909,1,2,1.396,1.59,0.635,1.59,1.201,1.495,400,20,206,21,0,6
la_liga,2025-26,2026-04-06,29451,Girona FC,Villarreal CF,1,0,0.653,0.444,0.653,0.444,1.526,1.042,251,19,266,21,9,7
serie_a,2025-26,2026-04-06,30146,Juventus FC,Genoa CFC,2,0,2.603,1.488,2.603,0.727,2.271,0.52,232,14,362,19,16,3
serie_a,2025-26,2026-04-06,30149,SSC Napoli,AC Milan,1,0,0.872,0.811,0.872,0.811,1.347,1.297,282,10,352,15,5,9
serie_a,2025-26,2026-04-06,30148,US Lecce,Atalanta BC,0,3,0.364,2.816,0.364,2.816,0.127,2.799,271,25,138,24,6,16
serie_a,2025-26,2026-04-06,30152,Udinese Calcio,Como 1907,0,0,1.067,0.786,1.067,0.786,1.588,1.101,242,19,273,36,7,4
bundesliga,2025-26,2026-04-10,30476,FC Augsburg,TSG 1899 Hoffenheim,2,2,2.672,1.432,1.914,1.432,2.224,0.592,304,7,120,29,8,12
epl,2025-26,2026-04-10,29091,West Ham United FC,Wolverhampton Wanderers FC,4,0,2.544,0.572,2.544,0.572,2.644,0.243,271,20,196,21,7,4
la_liga,2025-26,2026-04-10,29462,Real Madrid CF,Girona FC,1,1,1.981,0.467,1.981,0.467,2.463,0.365,212,20,328,16,18,6
ligue_1,2025-26,2026-04-10,29794,Olympique de Marseille,FC Metz,3,1,3.316,0.535,3.316,0.535,2.833,0.106,278,38,317,19,8,3
ligue_1,2025-26,2026-04-10,29796,Paris FC,AS Monaco FC,4,1,2.953,1.765,2.953,1.765,2.146,0.678,320,16,171,24,12,19
serie_a,2025-26,2026-04-10,30162,AS Roma,AC Pisa 1909,3,0,1.451,1.063,1.451,1.063,1.722,0.971,241,31,359,19,6,3
bundesliga,2025-26,2026-04-11,30479,1. FC Heidenheim 1846,1. FC Union Berlin,3,1,2.112,1.119,2.112,1.119,2.161,0.628,188,23,170,20,5,6
bundesliga,2025-26,2026-04-11,30477,Borussia Dortmund,Bayer 04 Leverkusen,0,1,1.014,0.729,1.014,0.729,1.565,1.096,335,15,285,13,16,6
bundesliga,2025-26,2026-04-11,30482,FC St. Pauli 1910,FC Bayern München,0,5,0.356,4.154,0.356,4.154,0.028,2.952,547,9,175,22,2,23
bundesliga,2025-26,2026-04-11,30481,RB Leipzig,Borussia Mönchengladbach,1,0,2.568,1.663,2.568,1.663,1.98,0.808,252,23,223,11,20,7
bundesliga,2025-26,2026-04-11,30484,VfL Wolfsburg,Eintracht Frankfurt,1,2,2.262,1.387,2.262,1.387,1.987,0.787,240,19,228,16,4,6
epl,2025-26,2026-04-11,29092,Arsenal FC,AFC Bournemouth,1,2,3.163,1.395,2.402,1.395,2.596,0.274,214,23,208,26,5,5
epl,2025-26,2026-04-11,29093,Brentford FC,Everton FC,2,2,2.263,1.57,1.502,1.57,1.864,0.9,197,18,248,23,5,8
epl,2025-26,2026-04-11,29094,Burnley FC,Brighton & Hove Albion FC,0,2,0.812,1.072,0.812,1.072,1.137,1.531,293,16,273,35,3,11
epl,2025-26,2026-04-11,29097,Liverpool FC,Fulham FC,2,0,2.015,1.42,2.015,1.42,1.79,0.968,231,23,273,20,21,12
la_liga,2025-26,2026-04-11,29465,Elche CF,Valencia CF,1,0,1.035,2.769,1.035,2.769,0.348,2.506,179,25,231,29,5,1
la_liga,2025-26,2026-04-11,29459,FC Barcelona,RCD Espanyol de Barcelona,4,1,3.308,1.131,3.308,1.131,2.653,0.244,115,24,512,33,7,5
la_liga,2025-26,2026-04-11,29464,Real Sociedad de Fútbol,Deportivo Alavés,3,3,1.295,1.206,1.295,1.206,1.41,1.252,216,22,299,26,9,10
la_liga,2025-26,2026-04-11,29463,Sevilla FC,Club Atlético de Madrid,2,1,1.658,0.855,0.915,0.855,2.063,0.681,347,17,110,15,6,6
ligue_1,2025-26,2026-04-11,29790,AJ Auxerre,FC Nantes,0,0,0.797,1.447,0.797,1.447,0.8,1.912,167,27,185,28,0,3
ligue_1,2025-26,2026-04-11,29797,Stade Rennais FC 1901,Angers SCO,2,1,1.1,1.195,1.1,0.435,1.204,1.472,226,22,391,25,12,3
serie_a,2025-26,2026-04-11,30160,AC Milan,Udinese Calcio,0,3,1.627,1.566,1.627,1.566,1.425,1.308,147,23,332,29,6,7
serie_a,2025-26,2026-04-11,30154,Atalanta BC,Juventus FC,0,1,1.889,1.187,1.889,1.187,1.871,0.885,258,21,289,12,15,8
serie_a,2025-26,2026-04-11,30156,Cagliari Calcio,US Cremonese,1,0,1.431,0.269,1.431,0.269,2.388,0.379,357,25,136,21,1,3
serie_a,2025-26,2026-04-11,30163,Torino FC,Hellas Verona FC,2,1,1.149,1.676,1.149,1.676,0.978,1.754,207,17,199,22,4,6
bundesliga,2025-26,2026-04-12,30478,1. FC Köln,SV Werder Bremen,3,1,3.909,0.87,3.151,0.112,2.926,0.044,195,24,255,15,12,4
bundesliga,2025-26,2026-04-12,30480,1. FSV Mainz 05,SC Freiburg,0,1,0.458,0.539,0.458,0.539,1.189,1.358,216,21,165,16,5,4
bundesliga,2025-26,2026-04-12,30483,VfB Stuttgart,Hamburger SV,4,0,3.865,0.418,3.107,0.418,2.927,0.045,170,27,291,20,18,3
epl,2025-26,2026-04-12,29095,Chelsea FC,Manchester City FC,0,3,1.221,2.408,1.221,2.408,0.63,2.176,336,13,232,27,2,15
epl,2025-26,2026-04-12,29096,Crystal Palace FC,Newcastle United FC,2,1,3.139,1.273,2.378,1.273,2.596,0.281,295,29,195,18,4,3
epl,2025-26,2026-04-12,29089,Nottingham Forest FC,Aston Villa FC,1,1,0.85,1.363,0.85,1.363,0.928,1.791,292,27,166,16,6,6
epl,2025-26,2026-04-12,29090,Sunderland AFC,Tottenham Hotspur FC,1,0,1.776,1.016,1.776,1.016,1.964,0.78,214,30,208,19,7,3
la_liga,2025-26,2026-04-12,29458,Athletic Club,Villarreal CF,1,2,1.319,1.551,1.319,1.551,1.181,1.528,209,30,303,16,12,6
la_liga,2025-26,2026-04-12,29460,CA Osasuna,Real Betis Balompié,1,1,1.529,0.411,0.786,0.411,2.387,0.401,281,26,245,14,7,3
la_liga,2025-26,2026-04-12,29467,RC Celta de Vigo,Real Oviedo,0,3,1.159,2.128,1.159,2.128,0.57,2.205,176,28,360,20,16,0
la_liga,2025-26,2026-04-12,29466,RCD Mallorca,Rayo Vallecano de Madrid,3,0,2.547,1.971,2.547,1.971,1.785,0.98,261,25,197,18,6,8
ligue_1,2025-26,2026-04-12,29795,OGC Nice,Havre AC,1,1,2.148,2.126,2.148,2.126,1.323,1.394,220,40,152,19,8,3
ligue_1,2025-26,2026-04-12,29793,Olympique Lyonnais,FC Lorient,2,0,1.849,1.575,1.849,1.575,1.583,1.151,258,27,244,17,7,4
ligue_1,2025-26,2026-04-12,29798,Toulouse FC,Lille OSC,0,4,1.465,2.088,1.465,1.328,0.895,1.831,435,22,242,27,4,10
serie_a,2025-26,2026-04-12,30155,Bologna FC 1909,US Lecce,2,0,2.582,0.536,2.582,0.536,2.805,0.114,154,23,293,25,8,3
serie_a,2025-26,2026-04-12,30157,Como 1907,FC Internazionale Milano,3,4,3.288,0.507,2.526,0.507,2.871,0.081,211,22,260,19,3,3
serie_a,2025-26,2026-04-12,30159,Genoa CFC,US Sassuolo Calcio,2,1,1.393,1.396,1.393,1.396,1.347,1.332,263,22,279,10,6,7
serie_a,2025-26,2026-04-12,30161,Parma Calcio 1913,SSC Napoli,1,1,0.155,1.315,0.155,1.315,0.376,2.356,279,5,139,21,0,24
epl,2025-26,2026-04-13,29088,Manchester United FC,Leeds United FC,1,2,1.366,2.951,1.366,2.951,0.443,2.414,239,23,267,21,11,8
la_liga,2025-26,2026-04-13,29461,Levante UD,Getafe CF,1,0,3.328,0.291,1.841,0.291,2.94,0.037,98,20,211,29,5,3
serie_a,2025-26,2026-04-13,30158,ACF Fiorentina,SS Lazio,1,0,0.422,1.294,0.422,1.294,0.609,2.103,404,13,225,19,2,2
bundesliga,2025-26,2026-04-17,30491,FC St. Pauli 1910,1. FC Köln,1,1,2.28,1.268,2.28,0.51,2.144,0.634,250,12,237,14,4,6
ligue_1,2025-26,2026-04-17,29800,Racing Club de Lens,Toulouse FC,3,2,3.984,0.578,3.984,0.578,2.9,0.062,88,24,203,14,20,3
serie_a,2025-26,2026-04-17,30164,FC Internazionale Milano,Cagliari Calcio,3,0,2.385,0.482,2.385,0.482,2.717,0.182,253,24,245,14,13,2
serie_a,2025-26,2026-04-17,30170,US Sassuolo Calcio,Como 1907,2,1,1.351,0.589,1.351,0.589,2.025,0.699,287,18,129,25,2,3
bundesliga,2025-26,2026-04-18,30492,1. FC Union Berlin,VfL Wolfsburg,1,2,2.389,0.235,2.389,0.235,2.746,0.15,214,24,227,20,14,1
bundesliga,2025-26,2026-04-18,30485,Bayer 04 Leverkusen,FC Augsburg,1,2,3.731,1.297,3.731,0.54,2.681,0.224,125,17,352,12,21,3
bundesliga,2025-26,2026-04-18,30488,Eintracht Frankfurt,RB Leipzig,1,3,1.403,2.021,1.403,2.021,0.96,1.803,217,26,222,25,7,10
bundesliga,2025-26,2026-04-18,30493,SV Werder Bremen,Hamburger SV,3,1,1.603,0.914,1.603,0.914,1.912,0.827,194,23,265,19,5,6
bundesliga,2025-26,2026-04-18,30490,TSG 1899 Hoffenheim,Borussia Dortmund,2,1,2.225,1.283,0.709,1.283,2.157,0.611,214,17,228,16,8,7
epl,2025-26,2026-04-18,29099,Brentford FC,Fulham FC,0,0,2.336,0.791,2.336,0.791,2.449,0.392,267,20,239,18,4,12
epl,2025-26,2026-04-18,29100,Chelsea FC,Manchester United FC,0,1,1.281,0.436,1.281,0.436,2.043,0.659,261,23,369,13,8,1
epl,2025-26,2026-04-18,29103,Leeds United FC,Wolverhampton Wanderers FC,3,0,3.558,0.569,2.797,0.569,2.912,0.056,197,19,291,25,7,4
epl,2025-26,2026-04-18,29105,Newcastle United FC,AFC Bournemouth,1,2,1.612,3.367,1.612,3.367,0.287,2.59,200,25,221,21,8,7
epl,2025-26,2026-04-18,29107,Tottenham Hotspur FC,Brighton & Hove Albion FC,2,2,1.561,1.137,1.561,1.137,1.711,1.016,224,18,186,33,9,7
ligue_1,2025-26,2026-04-18,29799,Angers SCO,Havre AC,1,1,0.961,1.546,0.961,1.546,0.897,1.823,310,18,184,24,7,11
ligue_1,2025-26,2026-04-18,29802,FC Lorient,Olympique de Marseille,2,0,1.286,2.131,1.286,2.131,0.771,2.005,198,11,247,20,3,7
ligue_1,2025-26,2026-04-18,29801,Lille OSC,OGC Nice,0,0,0.413,0.171,0.413,0.171,1.489,0.919,266,26,267,13,6,0
serie_a,2025-26,2026-04-18,30169,AS Roma,Atalanta BC,1,1,1.709,0.66,1.709,0.66,2.195,0.564,287,16,304,19,9,5
serie_a,2025-26,2026-04-18,30167,SSC Napoli,SS Lazio,0,2,0.517,3.165,0.517,2.278,0.073,2.886,187,16,415,13,8,6
serie_a,2025-26,2026-04-18,30171,Udinese Calcio,Parma Calcio 1913,0,1,1.351,1.396,1.351,1.396,1.312,1.372,215,27,181,16,9,4
bundesliga,2025-26,2026-04-19,30487,Borussia Mönchengladbach,1. FSV Mainz 05,1,1,1.111,2.462,1.111,1.704,0.499,2.32,264,17,239,19,5,11
bundesliga,2025-26,2026-04-19,30486,FC Bayern München,VfB Stuttgart,4,2,5.11,1.26,5.11,1.26,2.916,0.056,162,18,396,11,18,6
bundesliga,2025-26,2026-04-19,30489,SC Freiburg,1. FC Heidenheim 1846,2,1,2.138,1.744,2.138,1.744,1.639,1.125,228,19,201,16,13,8
epl,2025-26,2026-04-19,29098,Aston Villa FC,Sunderland AFC,4,3,3.902,1.56,3.902,1.56,2.676,0.235,229,17,229,19,7,3
epl,2025-26,2026-04-19,29102,Everton FC,Liverpool FC,1,2,1.478,1.383,1.478,1.383,1.459,1.257,298,20,196,22,5,8
epl,2025-26,2026-04-19,29104,Manchester City FC,Arsenal FC,2,1,2.615,2.29,2.615,2.29,1.594,1.158,175,13,238,26,15,3
epl,2025-26,2026-04-19,29106,Nottingham Forest FC,Burnley FC,4,1,1.442,0.601,1.442,0.601,2.077,0.639,289,20,286,28,6,3
ligue_1,2025-26,2026-04-19,29804,AS Monaco FC,AJ Auxerre,2,2,1.942,0.745,1.182,0.745,2.356,0.456,123,34,283,13,19,3
ligue_1,2025-26,2026-04-19,29803,FC Metz,Paris FC,1,3,1.484,1.973,1.484,1.973,1.028,1.725,308,19,335,17,4,7
ligue_1,2025-26,2026-04-19,29805,FC Nantes,Stade Brestois 29,1,1,0.97,0.631,0.97,0.631,1.621,1.039,269,24,182,22,3,2
ligue_1,2025-26,2026-04-19,29806,Paris Saint-Germain FC,Olympique Lyonnais,1,2,3.205,1.204,2.444,1.204,2.574,0.308,146,22,400,4,15,4
ligue_1,2025-26,2026-04-19,29807,RC Strasbourg Alsace,Stade Rennais FC 1901,0,3,0.944,3.253,0.944,3.253,0.155,2.752,256,21,321,37,3,9
serie_a,2025-26,2026-04-19,30168,AC Pisa 1909,Genoa CFC,1,2,1.007,2.185,1.007,1.424,0.511,2.289,253,19,194,23,2,5
serie_a,2025-26,2026-04-19,30172,Hellas Verona FC,AC Milan,0,1,0.71,0.831,0.71,0.831,1.148,1.481,283,19,217,8,2,5
serie_a,2025-26,2026-04-19,30165,Juventus FC,Bologna FC 1909,2,0,1.577,0.852,1.577,0.852,1.931,0.785,258,24,255,14,7,3
serie_a,2025-26,2026-04-19,30173,US Cremonese,Torino FC,0,0,0.887,0.159,0.887,0.159,2.049,0.57,171,20,305,14,8,2
epl,2025-26,2026-04-20,29101,Crystal Palace FC,West Ham United FC,0,0,0.733,0.622,0.733,0.622,1.417,1.196,185,18,258,25,5,5
serie_a,2025-26,2026-04-20,30166,US Lecce,ACF Fiorentina,1,1,1.809,1.265,1.809,1.265,1.801,0.9,210,24,151,21,6,2
epl,2025-26,2026-04-21,29110,Brighton & Hove Albion FC,Chelsea FC,3,0,2.518,0.298,2.518,0.298,2.789,0.133,266,26,311,14,9,3
la_liga,2025-26,2026-04-21,29478,Athletic Club,CA Osasuna,1,0,0.49,1.396,0.49,0.652,0.504,2.248,376,29,173,20,4,8
la_liga,2025-26,2026-04-21,29485,Girona FC,Real Betis Balompié,2,3,1.729,1.25,0.986,1.25,1.791,0.926,289,19,319,30,5,3
la_liga,2025-26,2026-04-21,29481,RCD Mallorca,Valencia CF,1,1,2.245,1.394,2.245,1.394,1.959,0.817,208,22,283,18,10,7
la_liga,2025-26,2026-04-21,29483,Real Madrid CF,Deportivo Alavés,2,1,1.504,1.63,1.504,1.63,1.273,1.473,201,19,331,23,16,12
epl,2025-26,2026-04-22,29108,AFC Bournemouth,Leeds United FC,2,2,1.914,1.216,1.914,1.216,1.897,0.859,168,19,208,20,13,6
epl,2025-26,2026-04-22,29111,Burnley FC,Manchester City FC,0,1,0.974,3.409,0.974,3.409,0.224,2.685,321,20,230,22,5,19
la_liga,2025-26,2026-04-22,29484,Elche CF,Club Atlético de Madrid,3,2,3.629,0.847,2.885,0.847,2.843,0.105,145,24,264,21,12,3
la_liga,2025-26,2026-04-22,29479,FC Barcelona,RC Celta de Vigo,1,0,1.545,1.074,0.801,1.074,1.767,0.943,271,28,426,29,11,2
la_liga,2025-26,2026-04-22,29487,Real Sociedad de Fútbol,Getafe CF,0,1,1.902,0.215,1.158,0.215,2.713,0.169,83,26,278,19,9,2
ligue_1,2025-26,2026-04-22,29769,Paris Saint-Germain FC,FC Nantes,3,0,2.265,0.672,1.504,0.672,2.574,0.291,181,23,480,10,11,3
la_liga,2025-26,2026-04-23,29480,Levante UD,Sevilla FC,2,0,1.208,0.444,1.208,0.444,2.117,0.589,260,27,192,20,4,3
la_liga,2025-26,2026-04-23,29486,Rayo Vallecano de Madrid,RCD Espanyol de Barcelona,1,0,2.07,1.685,2.07,0.942,1.619,1.13,150,12,193,31,6,7
la_liga,2025-26,2026-04-23,29482,Real Oviedo,Villarreal CF,1,1,2.528,3.25,2.528,1.764,0.93,1.869,528,74,690,38,8,10
bundesliga,2025-26,2026-04-24,30500,RB Leipzig,1. FC Union Berlin,3,1,4.535,0.372,4.535,0.372,2.979,0.013,155,10,391,20,7,1
epl,2025-26,2026-04-24,29115,Sunderland AFC,Nottingham Forest FC,0,5,0.614,1.542,0.614,1.542,0.597,2.162,119,22,213,20,13,3
la_liga,2025-26,2026-04-24,29474,Real Betis Balompié,Real Madrid CF,1,1,1.02,1.096,1.02,1.096,1.272,1.417,315,18,334,19,12,13
ligue_1,2025-26,2026-04-24,29809,Stade Brestois 29,Racing Club de Lens,3,3,0.31,3.246,0.31,3.246,0.051,2.915,287,19,175,29,3,10
serie_a,2025-26,2026-04-24,30180,SSC Napoli,US Cremonese,4,0,3.241,0.474,2.479,0.474,2.853,0.09,258,19,399,21,7,1
bundesliga,2025-26,2026-04-25,30498,1. FC Heidenheim 1846,FC St. Pauli 1910,2,0,2.172,1.178,2.172,1.178,2.13,0.653,272,20,240,22,10,4
bundesliga,2025-26,2026-04-25,30496,1. FC Köln,Bayer 04 Leverkusen,1,2,3.499,1.857,3.499,1.1,2.353,0.49,379,18,251,14,14,2
bundesliga,2025-26,2026-04-25,30499,1. FSV Mainz 05,FC Bayern München,3,4,3.224,2.362,3.224,2.362,1.98,0.814,329,16,129,21,8,15
bundesliga,2025-26,2026-04-25,30494,FC Augsburg,Eintracht Frankfurt,1,1,2.139,0.854,2.139,0.854,2.302,0.517,262,20,131,28,6,12
bundesliga,2025-26,2026-04-25,30497,Hamburger SV,TSG 1899 Hoffenheim,1,2,1.483,2.429,0.725,2.429,0.735,2.049,226,19,161,31,7,5
bundesliga,2025-26,2026-04-25,30502,VfL Wolfsburg,Borussia Mönchengladbach,0,0,1.611,0.473,1.611,0.473,2.274,0.496,325,21,195,16,8,8
epl,2025-26,2026-04-25,29109,Arsenal FC,Newcastle United FC,1,0,0.639,0.869,0.639,0.869,1.052,1.584,268,18,194,22,10,7
epl,2025-26,2026-04-25,29112,Fulham FC,Aston Villa FC,1,0,1.241,0.906,1.241,0.906,1.636,1.049,334,36,169,19,5,4
epl,2025-26,2026-04-25,29113,Liverpool FC,Crystal Palace FC,3,1,1.451,2.199,1.451,2.199,0.874,1.895,259,17,278,18,6,6
epl,2025-26,2026-04-25,29116,West Ham United FC,Everton FC,2,1,1.836,1.114,1.836,1.114,1.94,0.804,251,26,203,17,7,9
epl,2025-26,2026-04-25,29117,Wolverhampton Wanderers FC,Tottenham Hotspur FC,0,1,0.763,1.064,0.763,1.064,0.989,1.662,270,20,170,35,0,4
la_liga,2025-26,2026-04-25,29468,Club Atlético de Madrid,Athletic Club,3,2,2.48,0.971,2.48,0.971,2.42,0.416,272,18,381,23,2,5
la_liga,2025-26,2026-04-25,29473,Deportivo Alavés,RCD Mallorca,2,1,1.408,0.221,1.408,0.221,2.388,0.372,277,24,235,20,5,2
la_liga,2025-26,2026-04-25,29469,Getafe CF,FC Barcelona,0,2,0.608,2.052,0.608,2.052,0.35,2.474,403,25,68,15,4,4
la_liga,2025-26,2026-04-25,29472,Valencia CF,Girona FC,2,1,2.313,1.388,2.313,1.388,2.066,0.708,328,33,170,20,7,4
ligue_1,2025-26,2026-04-25,29808,Angers SCO,Paris Saint-Germain FC,0,3,0.977,3.003,0.977,3.003,0.287,2.596,562,22,168,13,8,8
ligue_1,2025-26,2026-04-25,29812,Olympique Lyonnais,AJ Auxerre,3,2,2.163,0.883,2.163,0.883,2.391,0.408,227,26,198,11,16,4
ligue_1,2025-26,2026-04-25,29816,Toulouse FC,AS Monaco FC,2,2,2.153,1.346,2.153,1.346,1.966,0.811,324,35,311,26,7,4
serie_a,2025-26,2026-04-25,30174,Bologna FC 1909,AS Roma,0,2,0.479,1.656,0.479,1.656,0.421,2.375,186,18,335,23,6,1
serie_a,2025-26,2026-04-25,30183,Hellas Verona FC,US Lecce,0,0,0.249,1.206,0.249,1.206,0.476,2.243,187,20,168,28,4,3
serie_a,2025-26,2026-04-25,30181,Parma Calcio 1913,AC Pisa 1909,1,0,1.311,1.564,1.311,1.564,1.139,1.579,253,21,255,30,7,6
bundesliga,2025-26,2026-04-26,30495,Borussia Dortmund,SC Freiburg,4,0,3.093,0.497,3.093,0.497,2.835,0.106,231,29,282,25,13,3
bundesliga,2025-26,2026-04-26,30501,VfB Stuttgart,SV Werder Bremen,1,1,1.997,0.959,1.997,0.959,2.115,0.668,179,26,364,14,10,5
la_liga,2025-26,2026-04-26,29476,CA Osasuna,Sevilla FC,2,1,2.143,0.554,2.143,0.554,2.54,0.301,143,14,282,20,5,3
la_liga,2025-26,2026-04-26,29475,Rayo Vallecano de Madrid,Real Sociedad de Fútbol,3,3,3.185,2.397,3.185,1.654,1.902,0.894,155,31,261,27,1,7
la_liga,2025-26,2026-04-26,29471,Real Oviedo,Elche CF,1,2,0.772,0.622,0.772,0.622,1.409,1.186,143,27,272,20,4,2
la_liga,2025-26,2026-04-26,29470,Villarreal CF,RC Celta de Vigo,2,1,2.409,2.053,1.666,1.31,1.704,1.034,288,17,325,26,7,14
ligue_1,2025-26,2026-04-26,29811,FC Lorient,RC Strasbourg Alsace,2,3,2.571,1.989,1.811,1.989,1.768,0.994,298,17,215,28,8,8
ligue_1,2025-26,2026-04-26,29810,Havre AC,FC Metz,4,4,2.65,1.887,1.89,1.127,1.92,0.856,227,21,234,29,6,5
ligue_1,2025-26,2026-04-26,29813,Olympique de Marseille,OGC Nice,1,1,2.828,1.415,2.828,0.655,2.296,0.522,187,30,343,10,12,3
ligue_1,2025-26,2026-04-26,29814,Paris FC,Lille OSC,0,1,1.124,1.76,0.288,1,0.803,1.886,232,15,243,28,4,9
ligue_1,2025-26,2026-04-26,29815,Stade Rennais FC 1901,FC Nantes,2,1,1.556,2.517,0.796,2.517,0.688,2.091,121,20,287,24,6,9
serie_a,2025-26,2026-04-26,30179,AC Milan,Juventus FC,0,0,0.616,0.45,0.616,0.45,1.486,1.073,259,13,291,19,7,2
serie_a,2025-26,2026-04-26,30176,ACF Fiorentina,US Sassuolo Calcio,0,0,2.19,0.598,2.19,0.598,2.494,0.353,301,20,221,18,12,3
serie_a,2025-26,2026-04-26,30177,Genoa CFC,Como 1907,0,2,0.667,1.19,0.667,1.19,0.851,1.829,281,32,273,26,5,4
serie_a,2025-26,2026-04-26,30182,Torino FC,FC Internazionale Milano,2,2,2.428,1.648,1.666,1.648,1.956,0.825,363,15,184,13,4,10
epl,2025-26,2026-04-27,29114,Manchester United FC,Brentford FC,2,1,1.849,1.304,1.849,1.304,1.844,0.897,260,20,239,24,8,10
la_liga,2025-26,2026-04-27,29477,RCD Espanyol de Barcelona,Levante UD,0,0,0.853,1.386,0.853,1.386,0.814,1.883,213,24,230,24,5,2
serie_a,2025-26,2026-04-27,30175,Cagliari Calcio,Atalanta BC,3,2,2.008,1.758,2.008,1.758,1.596,1.133,455,14,134,26,2,12
serie_a,2025-26,2026-04-27,30178,SS Lazio,Udinese Calcio,3,3,1.775,2.307,1.775,2.307,0.963,1.785,358,24,297,20,2,7
epl,2025-26,2026-05-01,29124,Leeds United FC,Burnley FC,3,1,2.095,0.435,2.095,0.435,2.608,0.255,324,29,259,20,4,3
la_liga,2025-26,2026-05-01,29497,Girona FC,RCD Mallorca,0,1,1.777,1.305,1.777,1.305,1.686,1.039,192,11,264,31,9,8
serie_a,2025-26,2026-05-01,30190,AC Pisa 1909,US Lecce,1,2,2.067,1.359,2.067,1.359,1.929,0.817,122,20,237,26,5,5
bundesliga,2025-26,2026-05-02,30510,1. FC Union Berlin,1. FC Köln,2,2,0.888,1.696,0.888,1.696,0.698,2.05,186,13,232,18,10,7
bundesliga,2025-26,2026-05-02,30503,Bayer 04 Leverkusen,RB Leipzig,4,1,5.417,1.497,5.417,1.497,2.913,0.059,206,19,306,20,14,9
bundesliga,2025-26,2026-05-02,30506,Eintracht Frankfurt,Hamburger SV,1,2,0.992,0.627,0.992,0.627,1.647,1.007,165,25,281,9,8,6
bundesliga,2025-26,2026-05-02,30504,FC Bayern München,1. FC Heidenheim 1846,3,3,1.88,2.482,1.88,2.482,0.886,1.872,97,13,368,16,12,9
bundesliga,2025-26,2026-05-02,30511,SV Werder Bremen,FC Augsburg,1,3,0.814,3.236,0.814,3.236,0.172,2.748,162,31,370,7,12,4
bundesliga,2025-26,2026-05-02,30508,TSG 1899 Hoffenheim,VfB Stuttgart,3,3,2.64,1.762,2.64,1.762,1.996,0.789,222,22,196,14,13,4
epl,2025-26,2026-05-02,29119,Arsenal FC,Fulham FC,3,0,4.091,0.697,4.091,0.697,2.915,0.054,232,16,301,22,14,3
epl,2025-26,2026-05-02,29121,Brentford FC,West Ham United FC,3,0,2.274,0.754,1.513,0.754,2.487,0.361,168,18,172,22,7,2
epl,2025-26,2026-05-02,29126,Newcastle United FC,Brighton & Hove Albion FC,3,1,3.129,1.871,3.129,1.871,2.188,0.641,235,11,126,17,3,9
epl,2025-26,2026-05-02,29127,Wolverhampton Wanderers FC,Sunderland AFC,1,1,1.961,0.924,1.961,0.924,2.141,0.638,138,17,249,19,10,6
la_liga,2025-26,2026-05-02,29488,CA Osasuna,FC Barcelona,1,2,1.288,1.568,1.288,1.568,1.164,1.561,330,14,123,25,2,16
la_liga,2025-26,2026-05-02,29491,Deportivo Alavés,Athletic Club,2,4,0.613,0.896,0.613,0.896,1.038,1.596,219,19,208,32,7,4
la_liga,2025-26,2026-05-02,29495,Valencia CF,Club Atlético de Madrid,0,2,0.778,1.806,0.778,1.806,0.64,2.135,236,26,275,25,6,8
la_liga,2025-26,2026-05-02,29489,Villarreal CF,Levante UD,5,1,2.48,0.801,2.48,0.801,2.496,0.362,329,32,327,16,7,6
serie_a,2025-26,2026-05-02,30184,Atalanta BC,Genoa CFC,0,0,1.661,0.439,1.661,0.439,2.357,0.427,176,31,240,25,15,3
serie_a,2025-26,2026-05-02,30186,Como 1907,SSC Napoli,0,0,1.797,0.847,1.797,0.847,2.194,0.546,255,23,264,9,4,6
serie_a,2025-26,2026-05-02,30193,Udinese Calcio,Torino FC,2,0,2.169,0.813,2.169,0.813,2.407,0.407,182,26,283,34,5,6
bundesliga,2025-26,2026-05-03,30505,Borussia Mönchengladbach,Borussia Dortmund,1,0,2.682,0.428,2.682,0.428,2.77,0.15,299,30,336,31,9,5
bundesliga,2025-26,2026-05-03,30509,FC St. Pauli 1910,1. FSV Mainz 05,1,2,1.087,2.807,1.087,2.807,0.392,2.47,278,17,289,14,4,11
bundesliga,2025-26,2026-05-03,30507,SC Freiburg,VfL Wolfsburg,1,1,0.948,1.111,0.948,1.111,1.221,1.449,126,10,314,29,5,2
epl,2025-26,2026-05-03,29118,AFC Bournemouth,Crystal Palace FC,3,0,2.296,0.678,1.535,0.678,2.541,0.314,227,22,208,21,6,10
epl,2025-26,2026-05-03,29120,Aston Villa FC,Tottenham Hotspur FC,1,2,0.609,1.122,0.609,1.122,0.839,1.821,266,28,232,20,0,3
epl,2025-26,2026-05-03,29125,Manchester United FC,Liverpool FC,3,2,2.556,1.028,2.556,1.028,2.402,0.444,285,23,194,20,7,5
la_liga,2025-26,2026-05-03,29496,Getafe CF,Rayo Vallecano de Madrid,0,2,1.352,0.954,0.598,0.954,1.727,0.958,123,24,122,34,2,2
la_liga,2025-26,2026-05-03,29493,RC Celta de Vigo,Elche CF,3,1,1.444,1.648,1.444,0.904,1.201,1.51,325,29,156,26,6,7
la_liga,2025-26,2026-05-03,29494,RCD Espanyol de Barcelona,Real Madrid CF,0,2,1.09,1.502,1.09,1.502,1.049,1.671,425,19,165,27,6,10
la_liga,2025-26,2026-05-03,29492,Real Betis Balompié,Real Oviedo,3,0,1.869,1.15,1.869,1.15,1.977,0.794,277,28,271,17,9,4
ligue_1,2025-26,2026-05-03,29817,AJ Auxerre,Angers SCO,3,1,2.55,2.168,2.55,0.648,1.659,1.098,261,23,316,17,5,1
ligue_1,2025-26,2026-05-03,29820,FC Metz,AS Monaco FC,1,2,1.148,1.589,1.148,1.589,1.03,1.705,294,15,152,20,6,12
ligue_1,2025-26,2026-05-03,29821,FC Nantes,Olympique de Marseille,3,0,3.072,1.552,3.072,1.552,2.312,0.525,246,24,171,26,9,14
ligue_1,2025-26,2026-05-03,29818,Lille OSC,Havre AC,1,1,1.916,0.334,1.916,0.334,2.559,0.28,126,24,213,15,17,2
ligue_1,2025-26,2026-05-03,29822,OGC Nice,Racing Club de Lens,1,1,1.339,1.552,1.339,1.552,1.187,1.52,266,21,252,31,7,4
ligue_1,2025-26,2026-05-03,29819,Olympique Lyonnais,Stade Rennais FC 1901,4,2,2.666,1.065,1.906,1.065,2.465,0.374,276,23,214,16,11,2
ligue_1,2025-26,2026-05-03,29823,Paris FC,Stade Brestois 29,4,0,2.861,0.733,2.861,0.733,2.705,0.202,278,32,227,17,5,3
ligue_1,2025-26,2026-05-03,29824,Paris Saint-Germain FC,FC Lorient,2,2,2.984,1.277,2.984,1.277,2.47,0.386,193,23,245,7,7,1
ligue_1,2025-26,2026-05-03,29825,RC Strasbourg Alsace,Toulouse FC,1,2,0.405,1.677,0.405,1.677,0.405,2.381,261,25,303,28,4,10
serie_a,2025-26,2026-05-03,30185,Bologna FC 1909,Cagliari Calcio,0,0,0.684,0.872,0.684,0.872,1.117,1.534,139,22,269,17,6,2
serie_a,2025-26,2026-05-03,30188,FC Internazionale Milano,Parma Calcio 1913,2,0,2.016,0.452,2.016,0.452,2.564,0.278,293,20,249,10,16,3
serie_a,2025-26,2026-05-03,30189,Juventus FC,Hellas Verona FC,1,1,2.686,0.197,2.686,0.197,2.846,0.092,116,15,288,18,17,0
serie_a,2025-26,2026-05-03,30192,US Sassuolo Calcio,AC Milan,2,0,2.235,0.289,2.235,0.289,2.818,0.106,207,17,360,23,10,3
epl,2025-26,2026-05-04,29122,Chelsea FC,Nottingham Forest FC,1,3,2.171,2.31,1.41,1.549,1.214,1.504,193,24,370,16,12,4
epl,2025-26,2026-05-04,29123,Everton FC,Manchester City FC,3,3,1.686,1.417,1.686,1.417,1.591,1.145,280,17,97,15,1,14
la_liga,2025-26,2026-05-04,29490,Sevilla FC,Real Sociedad de Fútbol,1,0,1.32,0.167,1.32,0.167,2.37,0.379,297,31,198,17,5,4
serie_a,2025-26,2026-05-04,30191,AS Roma,ACF Fiorentina,4,0,2.843,0.132,2.843,0.132,2.956,0.024,230,27,369,20,8,4
serie_a,2025-26,2026-05-04,30187,US Cremonese,SS Lazio,1,2,0.551,0.988,0.551,0.988,0.863,1.796,397,22,298,15,1,4
bundesliga,2025-26,2026-05-08,30513,Borussia Dortmund,Eintracht Frankfurt,3,2,2.95,0.943,2.95,0.943,2.648,0.235,310,32,328,20,12,4
la_liga,2025-26,2026-05-08,29501,Levante UD,CA Osasuna,3,2,3.531,0.5,3.531,0.5,2.891,0.066,166,21,228,9,13,0
ligue_1,2025-26,2026-05-08,29829,Racing Club de Lens,FC Nantes,1,0,0.719,1.067,0.719,1.067,1.024,1.648,120,21,280,27,2,7
serie_a,2025-26,2026-05-08,30203,Torino FC,US Sassuolo Calcio,2,1,3.067,2.17,3.067,2.17,1.956,0.837,309,18,274,19,8,13
bundesliga,2025-26,2026-05-09,30512,FC Augsburg,Borussia Mönchengladbach,3,1,2.802,1.055,2.802,1.055,2.524,0.341,338,20,163,21,8,9
bundesliga,2025-26,2026-05-09,30518,RB Leipzig,FC St. Pauli 1910,2,1,2.329,0.946,2.329,0.946,2.438,0.39,147,17,454,22,9,9
bundesliga,2025-26,2026-05-09,30516,TSG 1899 Hoffenheim,SV Werder Bremen,1,0,1.29,1.453,1.29,1.453,1.22,1.505,142,20,207,10,21,2
bundesliga,2025-26,2026-05-09,30519,VfB Stuttgart,Bayer 04 Leverkusen,3,1,3.429,0.632,2.671,0.632,2.868,0.082,232,20,156,11,13,9
bundesliga,2025-26,2026-05-09,30520,VfL Wolfsburg,FC Bayern München,0,1,3.269,1.905,3.269,1.148,2.253,0.582,326,15,171,21,10,25
epl,2025-26,2026-05-09,29128,Brighton & Hove Albion FC,Wolverhampton Wanderers FC,3,0,2.224,0.516,2.224,0.516,2.584,0.275,124,29,358,14,9,2
epl,2025-26,2026-05-09,29131,Fulham FC,AFC Bournemouth,0,1,1.243,0.998,1.243,0.998,1.549,1.136,213,18,311,23,8,4
epl,2025-26,2026-05-09,29132,Liverpool FC,Chelsea FC,1,1,0.623,0.597,0.623,0.597,1.303,1.275,307,25,301,33,7,7
epl,2025-26,2026-05-09,29133,Manchester City FC,Brentford FC,3,0,4.374,0.67,4.374,0.67,2.973,0.014,182,25,207,27,13,3
epl,2025-26,2026-05-09,29135,Sunderland AFC,Manchester United FC,0,0,1.238,0.536,1.238,0.536,1.975,0.734,244,18,268,21,13,7
la_liga,2025-26,2026-05-09,29499,Club Atlético de Madrid,RC Celta de Vigo,0,1,2.785,0.292,2.785,0.292,2.87,0.077,310,25,301,15,14,2
la_liga,2025-26,2026-05-09,29503,Elche CF,Deportivo Alavés,1,1,2.088,2.456,2.088,1.713,1.121,1.647,116,25,234,15,5,7
la_liga,2025-26,2026-05-09,29504,Real Sociedad de Fútbol,Real Betis Balompié,2,2,2.666,1.789,1.922,1.789,2.005,0.775,201,23,407,16,7,2
la_liga,2025-26,2026-05-09,29505,Sevilla FC,RCD Espanyol de Barcelona,2,1,1.417,0.402,1.417,0.402,2.249,0.5,96,29,231,24,7,4
serie_a,2025-26,2026-05-09,30195,Cagliari Calcio,Udinese Calcio,0,2,1.565,2.306,1.565,2.306,0.824,1.956,171,19,346,17,13,6
serie_a,2025-26,2026-05-09,30198,SS Lazio,FC Internazionale Milano,0,3,0.502,2.182,0.502,2.182,0.284,2.572,498,17,300,25,4,10
serie_a,2025-26,2026-05-09,30199,US Lecce,Juventus FC,0,1,0.608,1.957,0.608,1.957,0.451,2.364,266,21,134,28,3,11
bundesliga,2025-26,2026-05-10,30514,1. FC Köln,1. FC Heidenheim 1846,1,3,1.515,2.045,1.515,2.045,0.983,1.772,130,16,303,10,12,6
bundesliga,2025-26,2026-05-10,30517,1. FSV Mainz 05,1. FC Union Berlin,1,3,2.1,2.942,2.1,2.942,0.892,1.908,272,20,239,15,13,4
bundesliga,2025-26,2026-05-10,30515,Hamburger SV,SC Freiburg,3,2,2.022,0.584,2.022,0.584,2.476,0.348,315,34,257,13,8,2
epl,2025-26,2026-05-10,29129,Burnley FC,Aston Villa FC,2,2,1.712,1.755,1.712,1.755,1.348,1.393,315,28,126,16,7,7
epl,2025-26,2026-05-10,29130,Crystal Palace FC,Everton FC,2,2,3.288,2.103,3.288,2.103,2.094,0.733,134,21,227,14,9,9
epl,2025-26,2026-05-10,29134,Nottingham Forest FC,Newcastle United FC,1,1,1.464,1.651,1.464,1.651,1.201,1.532,272,16,228,28,9,11
epl,2025-26,2026-05-10,29137,West Ham United FC,Arsenal FC,0,1,1.32,1.43,1.32,1.43,1.278,1.426,247,16,120,20,7,9
la_liga,2025-26,2026-05-10,29498,Athletic Club,Valencia CF,0,1,0.935,1.498,0.935,0.754,0.813,1.914,218,21,208,17,5,2
la_liga,2025-26,2026-05-10,29500,FC Barcelona,Real Madrid CF,2,0,1.72,0.562,1.72,0.562,2.286,0.498,266,23,378,13,11,4
la_liga,2025-26,2026-05-10,29502,RCD Mallorca,Villarreal CF,1,1,1.541,0.994,1.541,0.251,1.772,0.913,245,30,253,12,5,3
la_liga,2025-26,2026-05-10,29506,Real Oviedo,Getafe CF,0,0,0.57,1.406,0.57,1.406,0.707,2.016,203,23,178,28,1,7
ligue_1,2025-26,2026-05-10,29827,AJ Auxerre,OGC Nice,2,1,0.866,2.07,0.866,2.07,0.494,2.312,272,32,243,21,2,3
ligue_1,2025-26,2026-05-10,29831,AS Monaco FC,Lille OSC,0,1,0.309,0.4,0.309,0.4,1.108,1.347,202,26,252,24,6,7
ligue_1,2025-26,2026-05-10,29826,Angers SCO,RC Strasbourg Alsace,1,1,0.794,1.82,0.794,1.059,0.556,2.218,422,22,123,21,1,5
ligue_1,2025-26,2026-05-10,29830,FC Metz,FC Lorient,0,4,0.73,1.768,0.73,1.768,0.573,2.19,295,18,261,10,5,5
ligue_1,2025-26,2026-05-10,29828,Havre AC,Olympique de Marseille,0,1,1.233,1.035,0.47,0.275,1.495,1.092,220,24,223,35,2,2
ligue_1,2025-26,2026-05-10,29832,Paris Saint-Germain FC,Stade Brestois 29,1,0,1.608,0.123,1.608,0.123,2.551,0.255,199,15,308,21,11,2
ligue_1,2025-26,2026-05-10,29833,Stade Rennais FC 1901,Paris FC,2,1,1.531,1.594,1.531,1.594,1.308,1.407,222,20,236,28,9,7
ligue_1,2025-26,2026-05-10,29834,Toulouse FC,Olympique Lyonnais,2,1,1.871,1.57,1.871,1.57,1.595,1.158,256,22,179,21,8,6
serie_a,2025-26,2026-05-10,30200,AC Milan,Atalanta BC,2,3,2.284,1.608,1.523,1.608,1.869,0.886,245,16,347,29,8,12
serie_a,2025-26,2026-05-10,30197,ACF Fiorentina,Genoa CFC,0,0,0.675,0.529,0.675,0.529,1.432,1.159,200,28,227,28,11,5
serie_a,2025-26,2026-05-10,30194,Hellas Verona FC,Como 1907,0,1,1.291,1.061,1.291,1.061,1.548,1.116,252,24,146,28,7,7
serie_a,2025-26,2026-05-10,30202,Parma Calcio 1913,AS Roma,2,3,0.636,3.021,0.636,2.26,0.144,2.786,241,18,149,21,6,12
serie_a,2025-26,2026-05-10,30196,US Cremonese,AC Pisa 1909,3,0,1.267,0,1.267,0,2.572,0.214,136,22,415,18,3,0
epl,2025-26,2026-05-11,29136,Tottenham Hotspur FC,Leeds United FC,1,1,1.49,1.87,1.49,1.109,1.056,1.684,161,26,226,23,4,4
la_liga,2025-26,2026-05-11,29507,Rayo Vallecano de Madrid,Girona FC,1,1,1.795,1.129,1.795,1.129,1.864,0.876,192,25,299,16,9,3
serie_a,2025-26,2026-05-11,30201,SSC Napoli,Bologna FC 1909,2,3,1.227,1.123,1.227,0.362,1.38,1.28,283,14,314,18,7,2
la_liga,2025-26,2026-05-12,29514,CA Osasuna,Club Atlético de Madrid,1,2,2.41,1.823,2.41,1.079,1.759,0.994,213,25,224,14,8,4
la_liga,2025-26,2026-05-12,29510,RC Celta de Vigo,Levante UD,2,3,1.921,1.529,1.921,1.529,1.665,1.087,203,13,333,15,7,6
la_liga,2025-26,2026-05-12,29509,Real Betis Balompié,Elche CF,2,1,1.976,0.343,1.976,0.343,2.67,0.21,319,28,263,24,13,3
epl,2025-26,2026-05-13,29084,Manchester City FC,Crystal Palace FC,3,0,1.957,0.429,1.957,0.429,2.537,0.305,188,24,337,12,17,2
la_liga,2025-26,2026-05-13,29508,Deportivo Alavés,FC Barcelona,1,0,0.953,0.356,0.953,0.356,1.939,0.71,399,23,58,16,2,5
la_liga,2025-26,2026-05-13,29511,Getafe CF,RCD Mallorca,3,1,1.821,0.412,1.821,0.412,2.602,0.257,311,26,152,17,2,3
la_liga,2025-26,2026-05-13,29513,RCD Espanyol de Barcelona,Athletic Club,2,0,0.847,0.886,0.847,0.886,1.267,1.384,127,20,303,25,2,6
la_liga,2025-26,2026-05-13,29516,Villarreal CF,Sevilla FC,2,3,0.952,0.917,0.952,0.917,1.413,1.238,196,18,324,18,8,10
ligue_1,2025-26,2026-05-13,29792,Racing Club de Lens,Paris Saint-Germain FC,0,2,3.039,0.944,3.039,0.944,2.628,0.264,507,34,224,17,13,7
ligue_1,2025-26,2026-05-13,29791,Stade Brestois 29,RC Strasbourg Alsace,1,2,2.647,1.692,2.647,1.692,1.996,0.793,332,37,279,22,4,10
la_liga,2025-26,2026-05-14,29512,Girona FC,Real Sociedad de Fútbol,1,1,2.686,0.553,2.686,0.553,2.677,0.216,257,26,198,20,9,2
la_liga,2025-26,2026-05-14,29517,Real Madrid CF,Real Oviedo,2,0,1.741,1.187,1.741,1.187,1.763,0.964,220,18,347,18,8,3
la_liga,2025-26,2026-05-14,29515,Valencia CF,Rayo Vallecano de Madrid,1,1,0.938,1.53,0.938,0.787,0.825,1.904,221,22,236,37,5,3
epl,2025-26,2026-05-15,29140,Aston Villa FC,Liverpool FC,4,2,2.525,1.55,2.525,1.55,2.084,0.707,249,19,200,14,5,7
bundesliga,2025-26,2026-05-16,30526,1. FC Heidenheim 1846,1. FSV Mainz 05,0,2,3.038,3.908,3.038,3.908,0.877,1.929,189,17,245,17,5,6
bundesliga,2025-26,2026-05-16,30528,1. FC Union Berlin,FC Augsburg,4,0,2.451,0.506,2.451,0.506,2.714,0.188,250,10,299,24,5,9
bundesliga,2025-26,2026-05-16,30521,Bayer 04 Leverkusen,Hamburger SV,1,1,3.086,1.63,2.328,1.63,2.26,0.575,239,22,266,8,22,7
bundesliga,2025-26,2026-05-16,30523,Borussia Mönchengladbach,TSG 1899 Hoffenheim,4,0,0.846,1.773,0.846,1.773,0.629,2.139,271,18,234,23,2,5
bundesliga,2025-26,2026-05-16,30524,Eintracht Frankfurt,VfB Stuttgart,2,2,2.992,1.81,1.477,1.81,2.219,0.59,181,13,247,22,5,12
bundesliga,2025-26,2026-05-16,30522,FC Bayern München,1. FC Köln,5,1,2.815,0.88,2.815,0.88,2.575,0.295,191,25,356,12,18,5
bundesliga,2025-26,2026-05-16,30527,FC St. Pauli 1910,VfL Wolfsburg,1,3,1.987,4.065,1.987,3.307,0.322,2.56,269,17,174,20,4,5
bundesliga,2025-26,2026-05-16,30525,SC Freiburg,RB Leipzig,4,1,2.544,1.513,2.544,1.513,2.123,0.678,307,30,226,29,10,12
bundesliga,2025-26,2026-05-16,30529,SV Werder Bremen,Borussia Dortmund,0,2,0.531,3.374,0.531,3.374,0.09,2.863,301,17,339,15,7,7
epl,2025-26,2026-05-17,29141,Brentford FC,Crystal Palace FC,2,2,1.546,1.823,1.546,1.062,1.139,1.597,133,9,284,9,9,14
epl,2025-26,2026-05-17,29143,Everton FC,Sunderland AFC,1,3,1.322,1.284,1.322,1.284,1.396,1.288,261,18,204,16,3,2
epl,2025-26,2026-05-17,29144,Leeds United FC,Brighton & Hove Albion FC,1,0,0.748,2.232,0.748,2.232,0.402,2.41,294,14,118,15,2,16
epl,2025-26,2026-05-17,29145,Manchester United FC,Nottingham Forest FC,3,2,4.285,1.844,4.285,1.844,2.618,0.28,251,25,249,18,14,11
epl,2025-26,2026-05-17,29146,Newcastle United FC,West Ham United FC,3,1,2.134,0.958,2.134,0.958,2.236,0.565,194,17,266,26,19,10
epl,2025-26,2026-05-17,29147,Wolverhampton Wanderers FC,Fulham FC,1,1,1.497,1.484,1.497,0.723,1.353,1.36,336,27,128,19,4,14
la_liga,2025-26,2026-05-17,29518,Athletic Club,RC Celta de Vigo,1,1,2.904,0.308,2.904,0.308,2.904,0.056,259,36,230,23,18,3
la_liga,2025-26,2026-05-17,29523,CA Osasuna,RCD Espanyol de Barcelona,1,2,1.812,0.947,1.812,0.947,2.014,0.729,127,16,309,15,11,3
la_liga,2025-26,2026-05-17,29520,Club Atlético de Madrid,Girona FC,1,0,2.708,2.002,2.708,2.002,1.873,0.922,209,22,260,19,14,15
la_liga,2025-26,2026-05-17,29527,Elche CF,Getafe CF,1,0,0.692,0.094,0.692,0.094,1.951,0.585,127,27,246,16,1,3
la_liga,2025-26,2026-05-17,29519,FC Barcelona,Real Betis Balompié,3,1,1.599,0.985,1.599,0.242,1.833,0.879,244,18,448,23,10,6
la_liga,2025-26,2026-05-17,29525,Levante UD,RCD Mallorca,2,0,2.437,0.439,1.668,0.439,2.745,0.161,342,22,108,19,3,3
la_liga,2025-26,2026-05-17,29526,Rayo Vallecano de Madrid,Villarreal CF,2,0,1.925,0.655,1.925,0.655,2.361,0.452,236,25,276,22,5,7
la_liga,2025-26,2026-05-17,29522,Real Oviedo,Deportivo Alavés,0,1,0.631,1.283,0.631,1.283,0.55,2.093,124,18,341,22,4,2
la_liga,2025-26,2026-05-17,29521,Real Sociedad de Fútbol,Valencia CF,3,4,1.303,1.993,1.303,1.993,0.889,1.873,226,31,277,20,4,6
la_liga,2025-26,2026-05-17,29524,Sevilla FC,Real Madrid CF,0,1,0.683,1.474,0.683,1.474,0.689,2.056,333,36,170,22,6,7
ligue_1,2025-26,2026-05-17,29837,FC Lorient,Havre AC,0,2,1.269,1.288,0.509,1.288,1.291,1.349,193,16,276,14,4,3
ligue_1,2025-26,2026-05-17,29840,FC Nantes,Toulouse FC,0,0,0.084,0.319,0.084,0.319,0.827,1.519,47,11,106,6,2,2
ligue_1,2025-26,2026-05-17,29836,Lille OSC,AJ Auxerre,0,2,1.224,0.616,1.224,0.616,1.893,0.81,111,19,325,17,10,0
ligue_1,2025-26,2026-05-17,29841,OGC Nice,FC Metz,0,0,1.216,0.837,1.216,0.837,1.656,1.05,312,25,266,22,11,6
ligue_1,2025-26,2026-05-17,29838,Olympique Lyonnais,Racing Club de Lens,0,4,1.124,2.016,1.124,2.016,0.773,2.006,255,18,283,11,15,9
ligue_1,2025-26,2026-05-17,29839,Olympique de Marseille,Stade Rennais FC 1901,3,1,3.902,2.207,3.902,2.207,2.284,0.579,268,25,187,22,15,13
ligue_1,2025-26,2026-05-17,29842,Paris FC,Paris Saint-Germain FC,2,1,2.329,0.864,2.329,0.864,2.458,0.379,483,23,245,20,6,8
ligue_1,2025-26,2026-05-17,29843,RC Strasbourg Alsace,AS Monaco FC,5,4,2.115,1.447,2.115,1.447,1.881,0.899,324,17,244,25,7,6
ligue_1,2025-26,2026-05-17,29835,Stade Brestois 29,Angers SCO,1,1,2.387,1.064,2.387,1.064,2.292,0.525,258,17,328,12,6,1
serie_a,2025-26,2026-05-17,30210,AC Pisa 1909,SSC Napoli,0,3,0.721,1.42,0.721,1.42,0.698,1.993,469,17,127,12,2,9
serie_a,2025-26,2026-05-17,30211,AS Roma,SS Lazio,2,0,1.318,0.767,1.318,0.767,1.786,0.909,251,24,300,24,4,3
serie_a,2025-26,2026-05-17,30204,Atalanta BC,Bologna FC 1909,0,1,0.871,1.066,0.871,1.066,1.145,1.533,272,39,249,20,2,4
serie_a,2025-26,2026-05-17,30205,Cagliari Calcio,Torino FC,2,1,1.759,1.333,1.759,1.333,1.737,0.965,305,21,233,23,4,5
serie_a,2025-26,2026-05-17,30206,Como 1907,Parma Calcio 1913,1,0,2.721,0.483,2.721,0.483,2.744,0.162,147,27,176,20,10,0
serie_a,2025-26,2026-05-17,30208,FC Internazionale Milano,Hellas Verona FC,1,1,2.841,0.912,2.841,0.912,2.613,0.271,108,17,329,17,15,1
serie_a,2025-26,2026-05-17,30207,Genoa CFC,AC Milan,1,2,1.669,1.554,1.669,0.793,1.433,1.258,149,16,257,22,6,7
serie_a,2025-26,2026-05-17,30209,Juventus FC,ACF Fiorentina,0,2,1.963,0.514,1.963,0.514,2.401,0.409,186,20,188,16,17,5
serie_a,2025-26,2026-05-17,30212,US Sassuolo Calcio,US Lecce,2,3,3.047,1.295,3.047,1.295,2.472,0.392,85,19,339,20,11,4
serie_a,2025-26,2026-05-17,30213,Udinese Calcio,US Cremonese,0,1,0.271,0.671,0.271,0.671,0.754,1.828,168,17,342,17,3,0
epl,2025-26,2026-05-18,29139,Arsenal FC,Burnley FC,1,0,1.227,0.195,1.227,0.195,2.335,0.405,199,16,234,17,20,2
epl,2025-26,2026-05-19,29138,AFC Bournemouth,Manchester City FC,1,1,1.715,1.269,1.715,1.269,1.715,1.03,309,29,241,11,9,12
epl,2025-26,2026-05-19,29142,Chelsea FC,Tottenham Hotspur FC,2,1,1.093,2.152,1.093,2.152,0.569,2.218,340,29,292,32,3,7
serie_a,2025-26,2026-05-22,30216,ACF Fiorentina,Atalanta BC,1,1,1.147,1.587,1.147,1.587,1.042,1.692,287,14,253,25,3,11
la_liga,2025-26,2026-05-23,29528,Deportivo Alavés,Rayo Vallecano de Madrid,1,2,1.725,1.647,1.725,1.647,1.421,1.318,234,19,177,26,13,4
la_liga,2025-26,2026-05-23,29536,Getafe CF,CA Osasuna,1,0,0.264,0.8,0.264,0.8,0.734,1.873,91,17,117,18,1,1
la_liga,2025-26,2026-05-23,29535,Girona FC,Elche CF,1,1,0.668,0.495,0.668,0.495,1.481,1.091,150,20,220,30,5,1
la_liga,2025-26,2026-05-23,29530,RC Celta de Vigo,Sevilla FC,1,0,1.618,0.756,1.618,0.756,2.075,0.654,249,20,338,38,9,5
la_liga,2025-26,2026-05-23,29531,RCD Espanyol de Barcelona,Real Sociedad de Fútbol,1,1,2.143,1.232,2.143,1.232,2.034,0.734,251,20,259,31,4,0
la_liga,2025-26,2026-05-23,29537,RCD Mallorca,Real Oviedo,3,0,3.508,0.243,3.508,0.243,2.947,0.032,200,25,248,12,14,0
la_liga,2025-26,2026-05-23,29529,Real Betis Balompié,Levante UD,2,1,1.866,2.367,1.866,2.367,1.018,1.739,220,15,431,26,2,10
la_liga,2025-26,2026-05-23,29532,Real Madrid CF,Athletic Club,4,2,1.954,1.454,1.954,1.454,1.734,1.007,122,10,552,30,9,0
la_liga,2025-26,2026-05-23,29534,Valencia CF,FC Barcelona,3,1,1.834,1.293,1.834,1.293,1.768,0.966,446,22,97,15,6,5
serie_a,2025-26,2026-05-23,30214,Bologna FC 1909,FC Internazionale Milano,3,3,1.597,1.187,1.597,1.187,1.717,1.009,347,21,268,14,3,11
serie_a,2025-26,2026-05-23,30217,SS Lazio,AC Pisa 1909,2,1,1.021,1.168,1.021,1.168,1.185,1.502,420,16,340,22,4,2
epl,2025-26,2026-05-24,29148,Brighton & Hove Albion FC,Manchester United FC,0,3,0.702,2.329,0.702,2.329,0.284,2.587,236,31,267,17,10,9
epl,2025-26,2026-05-24,29149,Burnley FC,Wolverhampton Wanderers FC,1,1,1.285,2.843,1.285,2.082,0.419,2.426,131,14,287,21,13,5
epl,2025-26,2026-05-24,29150,Crystal Palace FC,Arsenal FC,1,2,1.005,3.906,1.005,3.906,0.115,2.835,284,16,178,18,3,8
epl,2025-26,2026-05-24,29151,Fulham FC,Newcastle United FC,2,0,1.729,0.242,1.729,0.242,2.535,0.286,309,27,217,17,10,6
epl,2025-26,2026-05-24,29152,Liverpool FC,Brentford FC,1,1,2.994,1.461,2.994,1.461,2.333,0.501,199,17,220,18,11,5
epl,2025-26,2026-05-24,29153,Manchester City FC,Aston Villa FC,1,2,1.381,2.44,1.381,2.44,0.674,2.137,324,20,207,10,14,4
epl,2025-26,2026-05-24,29154,Nottingham Forest FC,AFC Bournemouth,1,1,2.059,1.337,2.059,1.337,1.911,0.856,215,12,232,29,3,8
epl,2025-26,2026-05-24,29155,Sunderland AFC,Chelsea FC,2,1,2.331,0.921,2.331,0.921,2.383,0.441,254,32,190,11,12,7
epl,2025-26,2026-05-24,29156,Tottenham Hotspur FC,Everton FC,1,0,1.406,0.268,1.406,0.268,2.477,0.325,195,26,226,29,2,3
epl,2025-26,2026-05-24,29157,West Ham United FC,Leeds United FC,3,0,2.731,1.95,2.731,1.95,1.896,0.882,280,17,154,30,6,6
la_liga,2025-26,2026-05-24,29533,Villarreal CF,Club Atlético de Madrid,5,1,2.804,1.584,2.061,1.584,2.208,0.602,282,9,283,24,5,11
serie_a,2025-26,2026-05-24,30219,AC Milan,Cagliari Calcio,1,2,1.76,3.436,1.76,3.436,0.455,2.399,331,15,266,12,7,5
serie_a,2025-26,2026-05-24,30223,Hellas Verona FC,AS Roma,0,2,0.598,3.555,0.598,2.794,0.068,2.893,339,19,134,16,5,17
serie_a,2025-26,2026-05-24,30221,Parma Calcio 1913,US Sassuolo Calcio,1,0,1.513,1.068,1.513,1.068,1.698,1.003,210,19,234,23,4,3
serie_a,2025-26,2026-05-24,30220,SSC Napoli,Udinese Calcio,1,0,1.559,0.517,1.559,0.517,2.237,0.533,204,6,453,18,5,3
serie_a,2025-26,2026-05-24,30222,Torino FC,Juventus FC,2,2,0.95,2.534,0.95,2.534,0.42,2.422,243,13,167,21,2,7
serie_a,2025-26,2026-05-24,30215,US Cremonese,Como 1907,1,4,0.977,2.691,0.216,1.93,0.249,2.617,315,14,120,17,0,6
serie_a,2025-26,2026-05-24,30218,US Lecce,Genoa CFC,1,0,2.214,0.782,2.214,0.782,2.447,0.378,341,14,123,15,3,4
la_liga,2026-27,2026-08-15,30770,Deportivo Alavés,Getafe CF,3,0,2.286,0.26,2.286,0.26,2.754,0.152,185,30,217,18,2,3
la_liga,2026-27,2026-08-15,30771,Sevilla FC,Rayo Vallecano de Madrid,2,1,2.018,1.912,0.532,1.912,1.389,1.29,207,33,149,21,7,0
la_liga,2026-27,2026-08-16,30773,RCD Espanyol de Barcelona,Levante UD,3,0,2.01,0.196,2.01,0.196,2.724,0.166,257,25,294,21,9,1
la_liga,2026-27,2026-08-16,30772,Real Racing Club de Santander,Villarreal CF,2,2,1.965,0.769,1.221,0.769,2.294,0.505,273,27,177,30,8,20
la_liga,2026-27,2026-08-17,30774,RC Deportivo La Coruña,Elche CF,1,1,0.34,1.587,0.34,1.587,0.337,2.474,421,22,239,21,3,4
la_liga,2026-27,2026-08-19,30775,Club Atlético de Madrid,Málaga CF,2,0,1.344,0.23,1.344,0.23,2.378,0.384,249,33,274,19,8,3
la_liga,2026-27,2026-08-20,30776,Rayo Vallecano de Madrid,Deportivo Alavés,1,1,0.566,2.221,0.566,2.221,0.287,2.572,169,25,185,21,2,8
epl,2026-27,2026-08-21,31180,Arsenal FC,Coventry City FC,3,0,1.854,0.558,1.854,0.558,2.374,0.411,164,17,327,12,18,2
la_liga,2026-27,2026-08-21,30777,Real Betis Balompié,Real Sociedad de Fútbol,1,0,1.696,1.14,1.696,1.14,1.764,0.963,365,31,275,21,8,4
ligue_1,2026-27,2026-08-21,31940,Olympique de Marseille,RC Strasbourg Alsace,4,0,2.352,0.193,1.592,0.193,2.852,0.086,223,24,435,19,6,2
epl,2026-27,2026-08-22,31185,Brentford FC,Tottenham Hotspur FC,3,0,4.042,0.756,3.28,0.756,2.901,0.064,253,31,205,26,13,7
epl,2026-27,2026-08-22,31182,Everton FC,Crystal Palace FC,2,0,1.451,2.231,1.451,2.231,0.783,1.988,337,15,199,28,10,6
epl,2026-27,2026-08-22,31181,Hull City AFC,Manchester United FC,2,0,1.496,1.779,1.496,1.779,1.164,1.548,288,14,145,14,1,11
epl,2026-27,2026-08-22,31183,Ipswich Town FC,Sunderland AFC,2,1,1.585,1.177,1.585,1.177,1.724,0.99,351,29,173,26,4,6
epl,2026-27,2026-08-22,31184,Nottingham Forest FC,Leeds United FC,0,1,0.657,0.466,0.657,0.466,1.503,1.079,179,19,201,32,6,2
la_liga,2026-27,2026-08-22,30778,Athletic Club,Sevilla FC,1,3,1.465,0.967,1.465,0.967,1.763,0.947,164,25,267,25,11,1
la_liga,2026-27,2026-08-22,30780,RCD Espanyol de Barcelona,Real Madrid CF,1,2,1.019,2.561,1.019,2.561,0.344,2.484,344,21,184,22,1,9
la_liga,2026-27,2026-08-22,30779,Valencia CF,RC Celta de Vigo,0,0,0.421,0.537,0.421,0.537,1.122,1.413,311,20,279,24,3,5
ligue_1,2026-27,2026-08-22,31943,ESTAC Troyes,Paris FC,0,0,0.34,1.546,0.34,1.546,0.319,2.496,488,24,236,29,6,4
ligue_1,2026-27,2026-08-22,31944,Le Mans FC,Stade Brestois 29,2,2,0.768,2.627,0.768,2.627,0.223,2.645,221,27,252,33,3,9
ligue_1,2026-27,2026-08-22,31945,OGC Nice,FC Lorient,0,0,1.089,1.98,1.089,1.98,0.703,2.075,237,26,312,17,5,6
ligue_1,2026-27,2026-08-22,31941,Racing Club de Lens,AJ Auxerre,5,2,5.118,1.706,3.598,0.946,2.915,0.057,236,27,306,27,15,6
ligue_1,2026-27,2026-08-22,31942,Toulouse FC,Olympique Lyonnais,0,2,2.156,0.758,2.156,0.758,2.389,0.438,304,25,267,27,9,8
serie_a,2026-27,2026-08-22,31560,FC Internazionale Milano,AC Monza,4,1,1.538,1.217,1.538,1.217,1.613,1.104,180,15,492,26,9,1
serie_a,2026-27,2026-08-22,31563,Genoa CFC,SSC Napoli,0,2,0.501,1.157,0.501,1.157,0.73,1.96,228,15,260,27,4,17
serie_a,2026-27,2026-08-22,31562,Parma Calcio 1913,Cagliari Calcio,0,1,1.03,1.257,1.03,1.257,1.186,1.512,316,26,308,33,7,5
serie_a,2026-27,2026-08-22,31561,Udinese Calcio,Como 1907,1,1,2.121,2.386,2.121,2.386,1.217,1.542,365,31,226,25,7,6
epl,2026-27,2026-08-23,31186,Brighton & Hove Albion FC,Aston Villa FC,4,0,4.003,0.275,4.003,0.275,2.98,0.011,127,34,355,11,13,0
epl,2026-27,2026-08-23,31187,Manchester City FC,AFC Bournemouth,2,1,2.474,0.708,2.474,0.708,2.575,0.288,190,25,340,19,14,1
epl,2026-27,2026-08-23,31188,Newcastle United FC,Liverpool FC,2,2,1.595,3.131,1.595,2.37,0.438,2.408,193,22,165,29,3,4
la_liga,2026-27,2026-08-23,30781,Club Atlético de Madrid,Villarreal CF,2,2,0.739,3.542,0.739,2.055,0.1,2.852,294,24,282,25,8,10
la_liga,2026-27,2026-08-23,30783,Elche CF,FC Barcelona,0,5,1.176,4.252,1.176,3.509,0.101,2.851,348,25,257,29,4,8
la_liga,2026-27,2026-08-23,30782,Getafe CF,Real Racing Club de Santander,1,0,0.983,1.168,0.983,0.425,1.111,1.51,255,24,163,30,3,6
ligue_1,2026-27,2026-08-23,31946,Angers SCO,Lille OSC,0,2,1.858,1.215,1.858,1.215,1.827,0.907,211,17,279,25,7,5
ligue_1,2026-27,2026-08-23,31947,Havre AC,AS Monaco FC,0,1,0.662,1.656,0.662,1.656,0.581,2.189,219,23,217,32,4,8
ligue_1,2026-27,2026-08-23,31948,Paris Saint-Germain FC,Stade Rennais FC 1901,0,0,0.63,0.911,0.63,0.911,1.048,1.597,215,17,256,22,9,3
serie_a,2026-27,2026-08-23,31567,Atalanta BC,US Sassuolo Calcio,2,1,0.923,2.701,0.923,2.701,0.35,2.514,301,16,406,19,8,6
serie_a,2026-27,2026-08-23,31564,Frosinone Calcio,Juventus FC,0,1,0.365,2.617,0.365,2.617,0.156,2.757,247,25,121,24,4,12
serie_a,2026-27,2026-08-23,31566,Torino FC,AC Milan,1,2,1.13,1.741,1.13,1.741,0.936,1.808,374,20,247,14,2,9
serie_a,2026-27,2026-08-23,31565,Venezia FC,US Lecce,0,2,3.195,2.452,3.195,2.452,1.852,0.929,115,21,394,21,4,5
epl,2026-27,2026-08-24,31189,Fulham FC,Chelsea FC,2,3,1.417,2.584,1.417,2.584,0.619,2.187,195,24,361,19,5,10
la_liga,2026-27,2026-08-24,30784,CA Osasuna,Levante UD,0,0,0.893,1.27,0.893,1.27,1.012,1.691,260,16,182,20,1,4
la_liga,2026-27,2026-08-24,30785,Málaga CF,RC Deportivo La Coruña,1,1,1.356,1.13,0.613,1.13,1.494,1.059,287,27,305,21,2,3
serie_a,2026-27,2026-08-24,31569,AS Roma,ACF Fiorentina,4,0,3.775,0.288,3.775,0.288,2.965,0.021,212,26,325,17,8,3
serie_a,2026-27,2026-08-24,31568,Bologna FC 1909,SS Lazio,0,1,2.064,0.805,2.064,0.805,2.34,0.471,176,20,296,29,4,4
la_liga,2026-27,2026-08-25,30786,Valencia CF,Real Betis Balompié,0,1,1.29,0.964,1.29,0.964,1.629,1.076,316,19,224,24,2,7
la_liga,2026-27,2026-08-26,30787,Real Madrid CF,Real Sociedad de Fútbol,4,1,3.305,0.463,3.305,0.463,2.909,0.053,361,22,315,12,19,5
la_liga,2026-27,2026-08-27,30789,FC Barcelona,Athletic Club,2,0,3.917,0.222,3.917,0.222,2.983,0.01,144,26,413,14,13,2
la_liga,2026-27,2026-08-27,30788,RC Celta de Vigo,CA Osasuna,1,2,0.107,1.897,0.107,1.153,0.104,2.819,331,18,344,26,4,4
bundesliga,2026-27,2026-08-28,32247,FC Bayern München,VfB Stuttgart,5,1,4.079,1.25,4.079,1.25,2.788,0.149,174,12,258,32,17,6
epl,2026-27,2026-08-28,31190,Crystal Palace FC,Manchester City FC,1,4,0.927,2.567,0.927,2.567,0.389,2.458,470,21,191,26,3,11
la_liga,2026-27,2026-08-28,30791,Deportivo Alavés,Villarreal CF,1,0,0.915,1.451,0.915,1.451,0.919,1.793,315,20,96,24,2,17
la_liga,2026-27,2026-08-28,30790,Real Racing Club de Santander,Elche CF,3,2,2.562,1.076,2.562,1.076,2.35,0.491,323,23,198,33,7,6
ligue_1,2026-27,2026-08-28,31949,Lille OSC,Paris Saint-Germain FC,2,2,1.163,1.781,1.163,1.781,0.901,1.84,378,11,186,19,3,16
serie_a,2026-27,2026-08-28,31570,AC Milan,Venezia FC,2,0,3.218,0.522,3.218,0.522,2.837,0.105,202,17,311,27,8,2
bundesliga,2026-27,2026-08-29,32249,1. FC Köln,TSG 1899 Hoffenheim,3,2,2.314,1.923,2.314,1.165,1.629,1.121,265,10,184,19,5,12
bundesliga,2026-27,2026-08-29,32248,1. FC Union Berlin,Eintracht Frankfurt,3,3,2.283,2.119,2.283,2.119,1.499,1.254,191,28,165,9,5,11
bundesliga,2026-27,2026-08-29,32251,1. FSV Mainz 05,SC Paderborn 07,0,0,1.549,0.691,1.549,0.691,2.017,0.726,308,22,214,11,10,3
bundesliga,2026-27,2026-08-29,32252,Borussia Dortmund,Hamburger SV,2,0,1.313,1.106,1.313,1.106,1.49,1.219,245,27,291,23,10,5
bundesliga,2026-27,2026-08-29,32250,RB Leipzig,Borussia Mönchengladbach,3,0,3.765,1.234,3.765,1.234,2.727,0.19,317,22,252,20,11,8
bundesliga,2026-27,2026-08-29,32758,SV 07 Elversberg,Bayer 04 Leverkusen,3,2,1.4,2.615,1.4,2.615,0.612,2.193,320,21,151,26,7,17
epl,2026-27,2026-08-29,31193,AFC Bournemouth,Everton FC,1,1,2.258,1.664,2.258,1.664,1.795,0.97,148,22,247,24,10,4
epl,2026-27,2026-08-29,31192,Coventry City FC,Hull City AFC,0,1,1.182,0.46,1.182,0.46,2.053,0.644,131,15,333,20,4,3
epl,2026-27,2026-08-29,31191,Liverpool FC,Nottingham Forest FC,2,2,1.279,2.879,1.279,2.118,0.369,2.48,135,34,335,16,4,6
epl,2026-27,2026-08-29,31194,Tottenham Hotspur FC,Newcastle United FC,0,2,1.12,1.01,1.12,1.01,1.402,1.281,218,22,270,14,7,8
la_liga,2026-27,2026-08-29,30792,Levante UD,Real Betis Balompié,5,2,3.038,1.923,3.038,1.923,2.109,0.7,314,15,231,16,9,15
la_liga,2026-27,2026-08-29,30793,Real Sociedad de Fútbol,RCD Espanyol de Barcelona,2,1,2.917,0.93,2.917,0.93,2.647,0.246,245,32,245,12,10,7
la_liga,2026-27,2026-08-29,30794,Sevilla FC,Club Atlético de Madrid,1,3,1.081,1.477,1.081,1.477,1.036,1.692,331,34,150,17,5,6
ligue_1,2026-27,2026-08-29,31951,AJ Auxerre,Angers SCO,1,3,1.765,1.778,1.765,1.778,1.347,1.401,173,28,266,13,8,4
ligue_1,2026-27,2026-08-29,31953,FC Lorient,ESTAC Troyes,1,2,1.022,1.681,1.022,0.921,0.776,1.971,166,23,425,24,8,5
ligue_1,2026-27,2026-08-29,31954,Olympique Lyonnais,Havre AC,1,1,2.309,1.104,2.309,1.104,2.255,0.544,215,16,254,26,8,3
ligue_1,2026-27,2026-08-29,31950,RC Strasbourg Alsace,Racing Club de Lens,2,1,1.859,2.95,1.859,2.19,0.703,2.104,279,14,276,25,10,11
ligue_1,2026-27,2026-08-29,31952,Stade Brestois 29,Toulouse FC,2,2,3.648,1.309,3.648,1.309,2.702,0.202,264,41,266,25,6,7
serie_a,2026-27,2026-08-29,31571,AC Monza,Udinese Calcio,2,3,1.898,1.023,1.898,1.023,2.046,0.726,243,17,229,17,6,8
serie_a,2026-27,2026-08-29,31573,ACF Fiorentina,Frosinone Calcio,0,3,1.816,1.953,1.816,1.953,1.28,1.471,129,29,208,31,15,7
serie_a,2026-27,2026-08-29,31574,Juventus FC,Parma Calcio 1913,2,0,1.822,0.201,1.822,0.201,2.621,0.225,259,41,209,12,16,4
serie_a,2026-27,2026-08-29,31572,US Sassuolo Calcio,Torino FC,2,1,1.545,1.502,1.545,1.502,1.411,1.325,362,21,201,9,12,6
bundesliga,2026-27,2026-08-30,32254,FC Augsburg,FC Schalke 04,3,0,5.536,1.837,5.536,1.837,2.88,0.086,285,10,233,13,12,7
bundesliga,2026-27,2026-08-30,32253,SC Freiburg,SV Werder Bremen,4,1,2.385,0.949,2.385,0.949,2.43,0.403,260,18,297,25,8,1
epl,2026-27,2026-08-30,31196,Chelsea FC,Brighton & Hove Albion FC,4,3,3.829,1.792,3.829,1.792,2.546,0.337,410,15,91,21,13,5
epl,2026-27,2026-08-30,31197,Leeds United FC,Brentford FC,1,1,1.15,1.613,1.15,1.613,0.977,1.705,201,16,207,30,1,5
epl,2026-27,2026-08-30,31198,Manchester United FC,Ipswich Town FC,5,2,4.866,1.805,4.105,1.805,2.819,0.123,226,22,301,22,11,3
epl,2026-27,2026-08-30,31195,Sunderland AFC,Fulham FC,1,0,1.562,1.024,1.562,1.024,1.824,0.908,311,20,223,28,5,6
la_liga,2026-27,2026-08-30,30797,RC Celta de Vigo,Athletic Club,0,2,1.201,3.133,1.201,3.133,0.306,2.573,300,16,365,20,5,6
la_liga,2026-27,2026-08-30,30796,RC Deportivo La Coruña,Valencia CF,3,1,1.408,1.017,1.408,1.017,1.665,1.044,292,20,272,16,6,3
la_liga,2026-27,2026-08-30,30795,Real Madrid CF,Málaga CF,4,0,3.408,0.76,3.408,0.76,2.823,0.118,278,21,342,16,18,2
ligue_1,2026-27,2026-08-30,31957,AS Monaco FC,Olympique de Marseille,2,0,1.61,1.253,1.61,1.253,1.642,1.081,392,21,227,18,4,10
ligue_1,2026-27,2026-08-30,31955,Paris FC,OGC Nice,3,0,3.019,0.59,2.259,0.59,2.786,0.144,413,23,405,31,5,9
ligue_1,2026-27,2026-08-30,31956,Stade Rennais FC 1901,Le Mans FC,3,2,3.641,2.724,2.88,1.964,1.927,0.873,156,19,288,18,6,6
serie_a,2026-27,2026-08-30,31576,Cagliari Calcio,FC Internazionale Milano,0,1,0.323,3.972,0.323,3.972,0.047,2.924,443,15,215,22,2,14
serie_a,2026-27,2026-08-30,31577,SS Lazio,Genoa CFC,1,0,2.113,0.743,2.113,0.743,2.387,0.427,385,32,235,25,13,6
serie_a,2026-27,2026-08-30,31575,SSC Napoli,Como 1907,1,2,1.032,1.097,1.032,1.097,1.327,1.364,357,17,228,19,14,13
epl,2026-27,2026-08-31,31199,Aston Villa FC,Arsenal FC,0,1,0.282,1.524,0.282,1.524,0.207,2.646,300,16,169,17,5,8
la_liga,2026-27,2026-08-31,30798,CA Osasuna,Getafe CF,1,0,1.705,1.09,0.962,1.09,1.912,0.783,230,23,246,23,4,2
la_liga,2026-27,2026-08-31,30799,FC Barcelona,Rayo Vallecano de Madrid,5,2,2.958,1.066,2.958,1.066,2.524,0.339,176,24,370,31,19,3
serie_a,2026-27,2026-08-31,31579,Atalanta BC,Bologna FC 1909,1,0,0.176,1.235,0.176,1.235,0.387,2.355,485,16,287,21,3,5
serie_a,2026-27,2026-08-31,31578,US Lecce,AS Roma,0,4,1.203,4.136,1.203,4.136,0.1,2.85,416,19,221,34,1,20
la_liga,2026-27,2026-09-03,30800,Real Sociedad de Fútbol,RC Celta de Vigo,0,0,1.02,0.633,1.02,0.633,1.711,0.944,256,20,287,18,3,7
ligue_1,2026-27,2026-09-03,31958,Toulouse FC,Lille OSC,0,1,2.97,1.044,2.97,1.044,2.611,0.271,292,32,297,17,9,6
bundesliga,2026-27,2026-09-04,32255,VfB Stuttgart,1. FC Köln,4,1,3.522,2.858,3.522,2.858,1.801,0.991,248,20,268,11,8,4
epl,2026-27,2026-09-04,31200,Ipswich Town FC,Liverpool FC,0,2,0.598,0.744,0.598,0.744,1.141,1.468,299,20,271,21,5,6
la_liga,2026-27,2026-09-04,30801,Real Betis Balompié,Real Madrid CF,1,0,0.885,3.383,0.885,2.64,0.106,2.828,355,16,243,21,8,13
ligue_1,2026-27,2026-09-04,31959,Olympique Lyonnais,AJ Auxerre,3,1,2.882,0.908,2.882,0.908,2.667,0.22,143,26,319,11,14,0
ligue_1,2026-27,2026-09-04,31960,Paris Saint-Germain FC,AS Monaco FC,1,2,2.524,0.601,2.524,0.601,2.708,0.18,215,40,470,20,12,4
serie_a,2026-27,2026-09-04,31580,Genoa CFC,Como 1907,1,4,0.921,2.007,0.921,2.007,0.634,2.145,370,13,241,12,5,10
bundesliga,2026-27,2026-09-05,32257,Bayer 04 Leverkusen,1. FC Union Berlin,4,0,3.392,0.25,3.392,0.25,2.922,0.044,179,12,327,16,14,3
bundesliga,2026-27,2026-09-05,32759,Borussia Mönchengladbach,SV 07 Elversberg,3,4,2.888,3.032,2.888,3.032,1.294,1.495,221,27,194,19,8,5
bundesliga,2026-27,2026-09-05,32260,FC Schalke 04,FC Bayern München,0,0,0.251,2.054,0.251,2.054,0.22,2.644,382,7,89,26,0,22
bundesliga,2026-27,2026-09-05,32259,SC Paderborn 07,SC Freiburg,0,1,0.733,1.172,0.733,1.172,0.982,1.707,192,30,352,26,12,6
bundesliga,2026-27,2026-09-05,32256,SV Werder Bremen,RB Leipzig,3,1,0.854,1.582,0.854,1.582,0.774,1.955,336,28,158,15,5,10
bundesliga,2026-27,2026-09-05,32258,TSG 1899 Hoffenheim,Borussia Dortmund,2,3,2.166,2.025,2.166,2.025,1.466,1.281,211,31,247,13,13,1
epl,2026-27,2026-09-05,31205,Brentford FC,Sunderland AFC,1,1,1.586,2.155,1.586,1.394,0.958,1.804,188,23,183,24,5,13
epl,2026-27,2026-09-05,31206,Brighton & Hove Albion FC,Leeds United FC,1,1,2.22,2.234,2.22,2.234,1.338,1.388,113,26,282,22,6,8
epl,2026-27,2026-09-05,31204,Fulham FC,Crystal Palace FC,2,3,2.883,2.36,2.883,2.36,1.709,1.079,221,16,424,16,24,4
epl,2026-27,2026-09-05,31207,Hull City AFC,Aston Villa FC,0,0,0.812,1.635,0.812,1.635,0.707,2.034,346,16,115,11,3,7
epl,2026-27,2026-09-05,31202,Manchester City FC,Coventry City FC,1,0,2.19,1.493,2.19,1.493,1.881,0.884,102,17,487,30,6,2
epl,2026-27,2026-09-05,31201,Newcastle United FC,AFC Bournemouth,2,2,0.772,1.639,0.772,1.639,0.663,2.073,157,23,270,27,8,3
epl,2026-27,2026-09-05,31203,Nottingham Forest FC,Tottenham Hotspur FC,0,0,0.832,1.484,0.832,1.484,0.805,1.928,273,36,172,19,6,3
la_liga,2026-27,2026-09-05,30802,Athletic Club,Club Atlético de Madrid,3,0,1.872,0.752,1.872,0.752,2.272,0.523,357,17,269,21,2,17
la_liga,2026-27,2026-09-05,30803,Rayo Vallecano de Madrid,Real Racing Club de Santander,3,2,1.19,0.633,1.19,0.633,1.823,0.862,236,26,210,26,10,10
la_liga,2026-27,2026-09-05,30804,Villarreal CF,RC Deportivo La Coruña,2,3,3.642,2.442,3.642,2.442,2.059,0.779,508,47,486,30,26,14
ligue_1,2026-27,2026-09-05,31963,Havre AC,Stade Brestois 29,1,2,1.611,3.012,0.851,2.252,0.512,2.317,209,29,249,27,11,5
ligue_1,2026-27,2026-09-05,31962,OGC Nice,Le Mans FC,1,1,1.247,1.178,1.247,1.178,1.385,1.281,237,16,357,18,6,5
ligue_1,2026-27,2026-09-05,31961,Racing Club de Lens,FC Lorient,0,1,1.1,1.034,1.1,1.034,1.377,1.304,309,39,315,10,6,9
serie_a,2026-27,2026-09-05,31581,ACF Fiorentina,Torino FC,1,2,1.359,0.772,1.359,0.772,1.832,0.856,318,21,154,18,3,4
serie_a,2026-27,2026-09-05,31583,AS Roma,Atalanta BC,2,1,3.541,0.772,3.541,0.772,2.761,0.163,180,25,315,11,20,2
serie_a,2026-27,2026-09-05,31582,FC Internazionale Milano,SSC Napoli,3,2,3.785,2.323,3.785,2.323,2.286,0.55,172,25,265,13,15,8
bundesliga,2026-27,2026-09-06,32262,Eintracht Frankfurt,FC Augsburg,1,4,2.51,1.445,2.51,1.445,2.079,0.721,202,26,298,22,15,8
bundesliga,2026-27,2026-09-06,32261,Hamburger SV,1. FSV Mainz 05,0,5,0.257,3.28,0.257,3.28,0.029,2.949,184,19,247,20,3,11
epl,2026-27,2026-09-06,31209,Arsenal FC,Chelsea FC,2,1,2.806,0.431,2.806,0.431,2.793,0.133,187,21,177,18,17,5
epl,2026-27,2026-09-06,31208,Everton FC,Manchester United FC,2,2,1.056,0.872,1.056,0.872,1.487,1.189,305,23,222,14,7,7
la_liga,2026-27,2026-09-06,30807,Deportivo Alavés,CA Osasuna,5,2,1.602,1.644,1.602,0.901,1.324,1.39,237,20,245,20,1,3
la_liga,2026-27,2026-09-06,30806,Málaga CF,Levante UD,0,0,1.727,1.192,0.983,1.192,1.836,0.897,205,24,364,27,3,4
la_liga,2026-27,2026-09-06,30808,RCD Espanyol de Barcelona,Sevilla FC,1,1,1.817,0.373,1.817,0.373,2.55,0.287,129,24,190,24,5,6
la_liga,2026-27,2026-09-06,30805,Valencia CF,FC Barcelona,0,5,0.519,4.769,0.519,4.769,0.009,2.984,408,15,159,20,1,24
ligue_1,2026-27,2026-09-06,31965,Angers SCO,Stade Rennais FC 1901,1,2,1.867,2.372,1.867,2.372,1.059,1.715,304,20,242,25,1,12
ligue_1,2026-27,2026-09-06,31964,ESTAC Troyes,RC Strasbourg Alsace,2,6,2.647,3.516,2.647,3.516,0.879,1.936,356,23,179,20,15,12
ligue_1,2026-27,2026-09-06,31966,Olympique de Marseille,Paris FC,2,3,1.723,3.378,1.723,2.618,0.468,2.386,266,26,376,17,11,11
serie_a,2026-27,2026-09-06,31586,Bologna FC 1909,US Sassuolo Calcio,2,2,3.008,1.841,3.008,1.841,2.125,0.702,211,28,310,13,10,8
serie_a,2026-27,2026-09-06,31584,Frosinone Calcio,Venezia FC,3,2,1.79,2.437,1.79,2.437,0.912,1.847,224,33,88,19,5,6
serie_a,2026-27,2026-09-06,31587,Juventus FC,AC Milan,1,1,1.692,0.095,1.692,0.095,2.694,0.169,282,27,203,15,4,3
serie_a,2026-27,2026-09-06,31585,Parma Calcio 1913,AC Monza,1,1,0.623,2.104,0.623,2.104,0.382,2.452,211,16,210,16,9,3
la_liga,2026-27,2026-09-07,30810,Elche CF,Real Sociedad de Fútbol,2,3,2.87,0.876,2.87,0.876,2.649,0.24,234,20,285,19,9,8
la_liga,2026-27,2026-09-07,30809,Getafe CF,RC Celta de Vigo,1,1,1.458,1.421,1.458,1.421,1.397,1.324,281,13,122,20,2,5
serie_a,2026-27,2026-09-07,31588,Cagliari Calcio,US Lecce,1,0,1.922,0.446,1.922,0.446,2.464,0.36,328,17,201,22,2,6
serie_a,2026-27,2026-09-07,31589,Udinese Calcio,SS Lazio,1,2,0.798,1.979,0.798,1.979,0.524,2.273,324,27,212,18,8,10
bundesliga,2026-27,2026-09-11,32263,1. FC Union Berlin,FC Schalke 04,1,3,1.918,3.218,1.918,3.218,0.616,2.218,86,20,272,13,12,10
la_liga,2026-27,2026-09-11,30818,Sevilla FC,Valencia CF,1,0,1.355,0.08,1.355,0.08,2.569,0.24,273,23,155,15,8,1
ligue_1,2026-27,2026-09-11,31967,Stade Rennais FC 1901,Olympique de Marseille,1,0,2.319,1.307,2.319,1.307,2.094,0.698,280,24,268,24,13,8
serie_a,2026-27,2026-09-11,31590,Venezia FC,ACF Fiorentina,2,4,1.032,3.13,1.032,3.13,0.283,2.6,152,24,329,19,6,16
bundesliga,2026-27,2026-09-12,32269,1. FC Köln,SV Werder Bremen,1,1,1.613,1.182,0.856,1.182,1.726,0.986,348,22,265,14,10,7
bundesliga,2026-27,2026-09-12,32266,1. FSV Mainz 05,Eintracht Frankfurt,1,3,2.242,2.159,1.346,2.159,1.404,1.33,251,35,252,19,6,9
bundesliga,2026-27,2026-09-12,32268,Borussia Dortmund,SC Paderborn 07,3,0,3.145,0.311,3.145,0.311,2.882,0.075,275,37,357,21,4,1
bundesliga,2026-27,2026-09-12,32267,FC Augsburg,Bayer 04 Leverkusen,2,2,0.843,1.886,0.843,1.886,0.67,2.105,305,13,227,23,2,23
bundesliga,2026-27,2026-09-12,32264,SC Freiburg,Borussia Mönchengladbach,5,0,2.149,0.268,2.149,0.268,2.718,0.171,204,12,280,21,6,3
bundesliga,2026-27,2026-09-12,32265,TSG 1899 Hoffenheim,VfB Stuttgart,2,1,2.957,2.67,2.957,2.67,1.567,1.23,290,28,157,16,10,8
epl,2026-27,2026-09-12,31210,AFC Bournemouth,Brentford FC,2,2,2.549,0.794,2.549,0.794,2.559,0.307,168,29,238,27,12,8
epl,2026-27,2026-09-12,31211,Aston Villa FC,Nottingham Forest FC,1,2,1.088,2.795,1.088,2.795,0.35,2.5,195,16,224,21,8,9
epl,2026-27,2026-09-12,31212,Chelsea FC,Hull City AFC,2,2,1.214,1.804,1.214,1.804,0.927,1.814,140,13,287,20,12,2
epl,2026-27,2026-09-12,31213,Crystal Palace FC,Ipswich Town FC,2,3,0.938,2.034,0.938,2.034,0.575,2.224,232,16,212,28,9,11
epl,2026-27,2026-09-12,31214,Liverpool FC,Fulham FC,0,0,1.798,0.922,1.798,0.922,2.051,0.716,213,27,261,15,5,9
epl,2026-27,2026-09-12,31216,Sunderland AFC,Arsenal FC,0,2,2.07,1.989,1.309,1.228,1.43,1.298,218,21,147,13,5,5
epl,2026-27,2026-09-12,31215,Tottenham Hotspur FC,Everton FC,0,0,0.737,1.601,0.737,1.601,0.697,2.053,222,33,313,15,7,8
la_liga,2026-27,2026-09-12,30812,Athletic Club,Elche CF,1,1,3.13,0.816,3.13,0.073,2.837,0.099,204,35,392,13,7,2
la_liga,2026-27,2026-09-12,30820,CA Osasuna,RCD Espanyol de Barcelona,0,2,1.104,1.41,1.104,1.41,1.004,1.674,202,22,264,20,5,6
la_liga,2026-27,2026-09-12,30816,Real Madrid CF,Rayo Vallecano de Madrid,4,1,3.122,1.193,2.378,1.193,2.528,0.346,230,20,328,34,18,3
la_liga,2026-27,2026-09-12,30815,Real Racing Club de Santander,Deportivo Alavés,2,1,1.384,2.271,1.384,2.271,0.697,2.067,172,30,265,28,6,1
ligue_1,2026-27,2026-09-12,31971,AJ Auxerre,OGC Nice,1,0,1.697,0.602,1.697,0.602,2.265,0.521,414,22,135,25,4,10
ligue_1,2026-27,2026-09-12,31972,FC Lorient,Toulouse FC,2,2,0.689,1.336,0.689,1.336,0.816,1.9,360,14,264,26,6,14
ligue_1,2026-27,2026-09-12,31970,Havre AC,Angers SCO,0,0,1.026,0.481,1.026,0.481,1.84,0.817,279,22,212,25,5,5
ligue_1,2026-27,2026-09-12,31969,Paris FC,Olympique Lyonnais,0,0,0.577,0.403,0.577,0.403,1.487,1.053,299,28,419,26,10,5
ligue_1,2026-27,2026-09-12,31968,RC Strasbourg Alsace,AS Monaco FC,1,1,0.675,0.767,0.675,0.767,1.229,1.385,337,22,240,23,11,11
serie_a,2026-27,2026-09-12,31593,Atalanta BC,Cagliari Calcio,1,2,1.475,1.309,1.475,0.547,1.431,1.267,321,23,360,13,11,3
serie_a,2026-27,2026-09-12,31591,Genoa CFC,Frosinone Calcio,1,1,1.842,1.746,1.081,1.746,1.469,1.276,132,18,112,18,2,9
serie_a,2026-27,2026-09-12,31598,SS Lazio,AC Milan,2,2,2.363,2.158,2.363,2.158,1.545,1.215,451,27,199,22,6,7
bundesliga,2026-27,2026-09-13,32270,RB Leipzig,Hamburger SV,5,0,2.468,0.508,2.468,0.508,2.672,0.22,196,20,372,20,13,5
bundesliga,2026-27,2026-09-13,32760,SV 07 Elversberg,FC Bayern München,1,2,1.03,3.06,1.03,3.06,0.303,2.574,404,17,205,28,3,19
epl,2026-27,2026-09-13,31217,Coventry City FC,Brighton & Hove Albion FC,0,5,1.048,2.765,1.048,2.004,0.36,2.497,345,8,120,18,8,2
epl,2026-27,2026-09-13,31218,Manchester United FC,Manchester City FC,0,1,0.943,1.141,0.943,1.141,1.124,1.548,239,37,220,18,12,2
la_liga,2026-27,2026-09-13,30813,Getafe CF,RC Deportivo La Coruña,1,1,0.995,0.945,0.995,0.945,1.375,1.305,322,24,105,12,6,1
la_liga,2026-27,2026-09-13,30814,Levante UD,FC Barcelona,2,4,2.674,2.469,2.674,1.725,1.507,1.245,446,21,122,27,4,9
la_liga,2026-27,2026-09-13,30811,RC Celta de Vigo,Málaga CF,1,1,1.481,0.548,1.481,0.548,2.116,0.628,373,20,234,19,10,0
la_liga,2026-27,2026-09-13,30817,Real Sociedad de Fútbol,Club Atlético de Madrid,0,3,0.608,1.834,0.608,1.091,0.404,2.396,262,24,269,16,10,6
ligue_1,2026-27,2026-09-13,31974,Le Mans FC,Racing Club de Lens,2,2,2.156,1.876,2.156,1.876,1.593,1.147,274,25,331,20,5,4
ligue_1,2026-27,2026-09-13,31973,Lille OSC,ESTAC Troyes,2,0,2.052,0.353,2.052,0.353,2.612,0.247,151,16,442,29,14,4
ligue_1,2026-27,2026-09-13,31975,Stade Brestois 29,Paris Saint-Germain FC,0,1,1.242,1.334,1.242,1.334,1.316,1.402,382,27,282,20,4,10
serie_a,2026-27,2026-09-13,31597,SSC Napoli,Bologna FC 1909,1,0,2.249,0.166,2.249,0.166,2.798,0.117,261,28,264,18,9,2
serie_a,2026-27,2026-09-13,31595,US Lecce,AC Monza,3,2,1.946,3.085,1.946,3.085,0.672,2.135,271,29,185,24,1,10
serie_a,2026-27,2026-09-13,31592,US Sassuolo Calcio,Juventus FC,3,2,0.956,1.184,0.956,1.184,1.155,1.533,254,10,264,21,7,4
epl,2026-27,2026-09-14,31219,Leeds United FC,Newcastle United FC,4,1,2.29,0.793,2.29,0.793,2.494,0.338,228,25,265,26,9,5
la_liga,2026-27,2026-09-14,30819,Villarreal CF,Real Betis Balompié,1,2,1.673,4.073,1.673,4.073,0.26,2.642,221,22,328,17,6,10
serie_a,2026-27,2026-09-14,31596,Como 1907,Parma Calcio 1913,2,1,3.771,1.55,3.771,1.55,2.611,0.285,223,26,314,15,16,3
serie_a,2026-27,2026-09-14,31599,FC Internazionale Milano,Udinese Calcio,5,3,3.685,1.294,3.685,1.294,2.71,0.201,222,22,392,8,17,2
serie_a,2026-27,2026-09-14,31594,Torino FC,AS Roma,0,2,0.707,2.333,0.707,2.333,0.263,2.599,207,14,333,36,3,5
la_liga,2026-27,2026-09-15,30821,Deportivo Alavés,Valencia CF,0,1,1.31,0.839,1.31,0.839,1.747,0.955,326,25,181,17,5,7
la_liga,2026-27,2026-09-15,30825,Elche CF,Real Madrid CF,2,3,1.052,3.461,1.052,3.461,0.177,2.742,244,25,336,16,11,20
la_liga,2026-27,2026-09-15,30829,Rayo Vallecano de Madrid,RCD Espanyol de Barcelona,2,1,1.833,1.157,1.833,1.157,1.899,0.87,203,16,274,22,4,9
la_liga,2026-27,2026-09-16,30822,Club Atlético de Madrid,CA Osasuna,4,0,5.143,0.718,5.143,0.718,2.985,0.009,178,21,337,28,18,2
la_liga,2026-27,2026-09-16,30826,FC Barcelona,Real Racing Club de Santander,7,2,7.475,1.384,5.245,1.384,2.996,0.002,193,24,336,12,19,2
la_liga,2026-27,2026-09-16,30824,RC Deportivo La Coruña,Sevilla FC,0,1,0.192,0.853,0.192,0.853,0.614,1.999,227,28,308,38,5,8
la_liga,2026-27,2026-09-17,30823,Real Betis Balompié,Getafe CF,1,0,2.609,0.327,2.609,0.327,2.809,0.119,92,21,353,37,13,3
