game_id,season,week,gameday,home_team,away_team,spread_line,total_line,market_home_prob,y,prob_raw,prob,market_prob,model
2015_01_PIT_NE,2015,1,2015-09-10,NE,PIT,7.5,51.0,0.7590361445783131,1,0.7137654803720019,0.7472795988303174,0.7590361445783131,extratrees
2015_01_NO_ARI,2015,1,2015-09-13,ARI,NO,2.0,48.5,0.5520062329567589,1,0.5132639086636072,0.49758513094530377,0.5520062329567589,extratrees
2015_01_IND_BUF,2015,1,2015-09-13,BUF,IND,-1.0,44.5,0.49070156678599663,1,0.488881672278897,0.46664153696413724,0.49070156678599663,extratrees
2015_01_GB_CHI,2015,1,2015-09-13,CHI,GB,-5.5,48.5,0.303030303030303,0,0.35041346537050244,0.2970221397272417,0.303030303030303,extratrees
2015_01_NYG_DAL,2015,1,2015-09-13,DAL,NYG,7.0,52.0,0.7333014887349733,1,0.6979249833016679,0.7285303413306082,0.7333014887349733,extratrees
2015_01_BAL_DEN,2015,1,2015-09-13,DEN,BAL,4.5,46.5,0.6712553934662009,1,0.6276866408667537,0.6426041470657379,0.6712553934662009,extratrees
2015_01_KC_HOU,2015,1,2015-09-13,HOU,KC,-1.0,41.0,0.5,0,0.5466679209168708,0.5401203668363221,0.5,extratrees
2015_01_CAR_JAX,2015,1,2015-09-13,JAX,CAR,-3.0,41.0,0.4224502112251056,0,0.43596277612563467,0.4002472196572543,0.4224502112251056,extratrees
2015_01_CLE_NYJ,2015,1,2015-09-13,NYJ,CLE,3.5,39.0,0.6332518337408314,1,0.5969759054291889,0.6040099079751912,0.6332518337408314,extratrees
2015_01_CIN_OAK,2015,1,2015-09-13,OAK,CIN,-3.0,43.0,0.413907284768212,0,0.4032613075291176,0.3600484083234827,0.413907284768212,extratrees
2015_01_DET_SD,2015,1,2015-09-13,SD,DET,3.5,45.5,0.6274614156466205,1,0.6048282353536528,0.6139187160096763,0.6274614156466205,extratrees
2015_01_SEA_STL,2015,1,2015-09-13,STL,SEA,-3.5,41.5,0.37665039500700276,1,0.41980827349642114,0.3802918645036143,0.37665039500700276,extratrees
2015_01_TEN_TB,2015,1,2015-09-13,TB,TEN,3.0,40.5,0.5933014354066986,0,0.5563831517593639,0.5524925067073793,0.5933014354066986,extratrees
2015_01_MIA_WAS,2015,1,2015-09-13,WAS,MIA,-4.0,45.5,0.34727812147834686,0,0.39060963588763076,0.34472059940198785,0.34727812147834686,extratrees
2015_01_PHI_ATL,2015,1,2015-09-14,ATL,PHI,-3.5,55.0,0.37665039500700276,1,0.4962056505048804,0.4759206917459036,0.37665039500700276,extratrees
2015_01_MIN_SF,2015,1,2015-09-14,SF,MIN,-2.5,42.5,0.4066985645933015,1,0.46165214385875847,0.43231098181470395,0.4066985645933015,extratrees
2015_02_DEN_KC,2015,2,2015-09-17,KC,DEN,3.0,42.0,0.6033428208078484,0,0.5978997132125563,0.6051769002417482,0.6033428208078484,extratrees
2015_02_NE_BUF,2015,2,2015-09-20,BUF,NE,2.0,45.0,0.5399277029247453,0,0.561761317532288,0.5593375374616294,0.5399277029247453,extratrees
2015_02_HOU_CAR,2015,2,2015-09-20,CAR,HOU,3.0,41.0,0.5740354444580784,1,0.6815156245468584,0.7088312392213625,0.5740354444580784,extratrees
2015_02_ARI_CHI,2015,2,2015-09-20,CHI,ARI,-2.0,45.5,0.46943325045014145,0,0.46065773753128214,0.43106326959614205,0.46943325045014145,extratrees
2015_02_SD_CIN,2015,2,2015-09-20,CIN,SD,3.5,47.5,0.6186511705872493,1,0.6393563539096973,0.6571383466861866,0.6186511705872493,extratrees
2015_02_TEN_CLE,2015,2,2015-09-20,CLE,TEN,1.0,41.0,0.5172913928296243,1,0.5035025488286189,0.4851800462241204,0.5172913928296243,extratrees
2015_02_SEA_GB,2015,2,2015-09-20,GB,SEA,3.5,49.0,0.6332518337408314,1,0.648591324152478,0.6685779387532548,0.6332518337408314,extratrees
2015_02_MIA_JAX,2015,2,2015-09-20,JAX,MIA,-5.0,42.5,0.3199224430441105,1,0.3932846428674602,0.34794992338714115,0.3199224430441105,extratrees
2015_02_DET_MIN,2015,2,2015-09-20,MIN,DET,2.5,44.0,0.5740354444580784,1,0.5496763056426424,0.5439522021309372,0.5740354444580784,extratrees
2015_02_TB_NO,2015,2,2015-09-20,NO,TB,9.5,47.0,0.7849371679176859,0,0.6968467776279871,0.7272442945507395,0.7849371679176859,extratrees
2015_02_ATL_NYG,2015,2,2015-09-20,NYG,ATL,2.0,49.5,0.537852568752202,0,0.5969657600839902,0.603997090193508,0.537852568752202,extratrees
2015_02_BAL_OAK,2015,2,2015-09-20,OAK,BAL,-6.0,42.0,0.299482251023654,1,0.38611103101779637,0.33930422524439996,0.299482251023654,extratrees
2015_02_DAL_PHI,2015,2,2015-09-20,PHI,DAL,7.0,53.0,0.722662440570523,0,0.5798653718324914,0.5823435637427996,0.722662440570523,extratrees
2015_02_SF_PIT,2015,2,2015-09-20,PIT,SF,6.0,46.0,0.6949182345700721,1,0.638013603020677,0.6554703060474198,0.6949182345700721,extratrees
2015_02_STL_WAS,2015,2,2015-09-20,WAS,STL,-3.0,41.0,0.37665039500700276,1,0.39488892618901283,0.349889662498935,0.37665039500700276,extratrees
2015_02_NYJ_IND,2015,2,2015-09-21,IND,NYJ,6.0,45.5,0.6891002194586686,0,0.6641157720811415,0.6876689632571208,0.6891002194586686,extratrees
2015_03_WAS_NYG,2015,3,2015-09-24,NYG,WAS,3.0,45.0,0.6108836002739845,1,0.5939822260456402,0.6002260263573277,0.6108836002739845,extratrees
2015_03_SF_ARI,2015,3,2015-09-27,ARI,SF,7.0,45.0,0.7326042743306772,1,0.6929575038403791,0.7225953288021276,0.7326042743306772,extratrees
2015_03_CIN_BAL,2015,3,2015-09-27,BAL,CIN,2.5,45.5,0.5660893345487694,0,0.5819941221835018,0.5850438924085009,0.5660893345487694,extratrees
2015_03_NO_CAR,2015,3,2015-09-27,CAR,NO,10.0,43.0,0.7810858143607706,1,0.8197312388746242,0.8638546454954894,0.7810858143607706,extratrees
2015_03_OAK_CLE,2015,3,2015-09-27,CLE,OAK,3.5,43.5,0.6233496049929973,0,0.5509994725626035,0.5456373723027956,0.6233496049929973,extratrees
2015_03_ATL_DAL,2015,3,2015-09-27,DAL,ATL,1.0,43.5,0.521797153024911,0,0.5513495972853529,0.5460832666187977,0.521797153024911,extratrees
2015_03_DEN_DET,2015,3,2015-09-27,DET,DEN,-3.0,45.0,0.43391066545123064,0,0.42217261367445913,0.38320122674696666,0.43391066545123064,extratrees
2015_03_TB_HOU,2015,3,2015-09-27,HOU,TB,6.0,41.0,0.6996383748138693,1,0.6486213465636809,0.6686150321395861,0.6996383748138693,extratrees
2015_03_BUF_MIA,2015,3,2015-09-27,MIA,BUF,1.0,43.5,0.5046466242274987,0,0.49031184700853,0.46845224455987977,0.5046466242274987,extratrees
2015_03_SD_MIN,2015,3,2015-09-27,MIN,SD,2.5,45.5,0.537852568752202,1,0.547015680251343,0.540563338184026,0.537852568752202,extratrees
2015_03_JAX_NE,2015,3,2015-09-27,NE,JAX,14.5,48.5,0.9064921186214268,1,0.8752838270341671,0.9167676737430237,0.9064921186214268,extratrees
2015_03_PHI_NYJ,2015,3,2015-09-27,NYJ,PHI,3.0,47.0,0.6033428208078484,0,0.6638524343851494,0.6873466952965522,0.6033428208078484,extratrees
2015_03_CHI_SEA,2015,3,2015-09-27,SEA,CHI,16.5,43.5,0.9064921186214268,1,0.8208573360022615,0.8649924272369234,0.9064921186214268,extratrees
2015_03_PIT_STL,2015,3,2015-09-27,STL,PIT,1.5,48.5,0.537852568752202,0,0.5066244808205536,0.48914543308653974,0.537852568752202,extratrees
2015_03_IND_TEN,2015,3,2015-09-27,TEN,IND,-3.0,46.5,0.3813488294127508,0,0.4969742995778674,0.47689542352936987,0.3813488294127508,extratrees
2015_03_KC_GB,2015,3,2015-09-28,GB,KC,4.5,47.0,0.6757296083811425,1,0.6853413819448023,0.7134475746659634,0.6757296083811425,extratrees
2015_04_BAL_PIT,2015,4,2015-10-01,PIT,BAL,-3.0,44.0,0.4224502112251056,0,0.4982128091177811,0.4784663211388265,0.4224502112251056,extratrees
2015_04_STL_ARI,2015,4,2015-10-04,ARI,STL,7.0,43.5,0.722662440570523,0,0.7816470141848123,0.8239931387188123,0.722662440570523,extratrees
2015_04_HOU_ATL,2015,4,2015-10-04,ATL,HOU,4.0,47.5,0.6527218785216531,1,0.6512857681486585,0.671904410074401,0.6527218785216531,extratrees
2015_04_NYG_BUF,2015,4,2015-10-04,BUF,NYG,6.0,46.5,0.690978748012144,0,0.6991002902146863,0.7299308212843135,0.690978748012144,extratrees
2015_04_OAK_CHI,2015,4,2015-10-04,CHI,OAK,-3.0,44.5,0.37665039500700276,1,0.4278061458722312,0.3901493051078379,0.37665039500700276,extratrees
2015_04_KC_CIN,2015,4,2015-10-04,CIN,KC,3.5,45.0,0.6233496049929973,1,0.6416132224109272,0.6599393069945961,0.6233496049929973,extratrees
2015_04_MIN_DEN,2015,4,2015-10-04,DEN,MIN,7.0,43.5,0.7234124879978217,1,0.7235783529550552,0.7587506692493092,0.7234124879978217,extratrees
2015_04_JAX_IND,2015,4,2015-10-04,IND,JAX,4.0,43.0,0.6499689771835965,1,0.6168885718978505,0.6290858832242658,0.6499689771835965,extratrees
2015_04_NYJ_MIA,2015,4,2015-10-04,MIA,NYJ,-2.5,42.0,0.44139283962726833,0,0.41433168555361954,0.3735685505930919,0.44139283962726833,extratrees
2015_04_DAL_NO,2015,4,2015-10-04,NO,DAL,3.0,48.0,0.5740354444580784,1,0.5012413142586643,0.48230926239595023,0.5740354444580784,extratrees
2015_04_CLE_SD,2015,4,2015-10-04,SD,CLE,4.5,44.5,0.6800775569558896,1,0.6396498436751393,0.6575027806549265,0.6800775569558896,extratrees
2015_04_GB_SF,2015,4,2015-10-04,SF,GB,-7.5,48.0,0.2562225475841874,0,0.30533918876696603,0.24568360471622655,0.2562225475841874,extratrees
2015_04_CAR_TB,2015,4,2015-10-04,TB,CAR,-3.0,40.0,0.4224502112251056,0,0.38221684985374826,0.334630537971189,0.4224502112251056,extratrees
2015_04_PHI_WAS,2015,4,2015-10-04,WAS,PHI,-3.0,46.0,0.4155887507302011,1,0.43579745496546896,0.4000421231034832,0.4155887507302011,extratrees
2015_04_DET_SEA,2015,4,2015-10-05,SEA,DET,10.0,43.0,0.8047945205479452,1,0.8038331802063216,0.8475329272287172,0.8047945205479452,extratrees
2015_05_IND_HOU,2015,5,2015-10-08,HOU,IND,4.5,40.5,0.6600024206947392,0,0.5721598552242444,0.572559760074181,0.6600024206947392,extratrees
2015_05_WAS_ATL,2015,5,2015-10-11,ATL,WAS,7.5,48.5,0.7464578672632363,1,0.7760309275597618,0.817902520846118,0.7464578672632363,extratrees
2015_05_CLE_BAL,2015,5,2015-10-11,BAL,CLE,6.0,43.0,0.7013921016108003,0,0.6859089821625269,0.7141312793986969,0.7013921016108003,extratrees
2015_05_SEA_CIN,2015,5,2015-10-11,CIN,SEA,3.0,44.5,0.5775497887748944,1,0.6143687196695643,0.6259225328909427,0.5775497887748944,extratrees
2015_05_NE_DAL,2015,5,2015-10-11,DAL,NE,-8.0,51.0,0.24096385542168672,0,0.29791563942420923,0.2374779359739901,0.24096385542168672,extratrees
2015_05_ARI_DET,2015,5,2015-10-11,DET,ARI,-4.5,46.0,0.34727812147834686,0,0.3700120320634235,0.32007627203333194,0.34727812147834686,extratrees
2015_05_STL_GB,2015,5,2015-10-11,GB,STL,8.5,45.0,0.768632470217584,1,0.8137916699324933,0.8578127464003967,0.768632470217584,extratrees
2015_05_CHI_KC,2015,5,2015-10-11,KC,CHI,10.0,44.0,0.7882908557935022,0,0.7346298363088508,0.7715281709426269,0.7882908557935022,extratrees
2015_05_SF_NYG,2015,5,2015-10-11,NYG,SF,7.5,43.5,0.7590361445783131,1,0.7134555515387797,0.7469154500554576,0.7590361445783131,extratrees
2015_05_DEN_OAK,2015,5,2015-10-11,OAK,DEN,-5.0,44.5,0.3242703916188576,0,0.3299123203080176,0.27336317186877984,0.3242703916188576,extratrees
2015_05_NO_PHI,2015,5,2015-10-11,PHI,NO,6.5,49.5,0.7171050163208644,1,0.6507725537918448,0.6712712171185993,0.7171050163208644,extratrees
2015_05_JAX_TB,2015,5,2015-10-11,TB,JAX,1.0,41.0,0.521797153024911,1,0.5349437373211178,0.5251848184729315,0.521797153024911,extratrees
2015_05_BUF_TEN,2015,5,2015-10-11,TEN,BUF,1.0,43.0,0.5116279069767442,0,0.5143526956666398,0.4989698888392747,0.5116279069767442,extratrees
2015_05_PIT_SD,2015,5,2015-10-12,SD,PIT,4.0,45.5,0.658869395711501,0,0.5764013721933359,0.5779469932282726,0.658869395711501,extratrees
2015_06_ATL_NO,2015,6,2015-10-15,NO,ATL,-3.0,52.0,0.4172836182527931,1,0.3569572263802868,0.3046742589885114,0.4172836182527931,extratrees
2015_06_CIN_BUF,2015,6,2015-10-18,BUF,CIN,-3.0,42.5,0.4050889296790936,0,0.4152662621132783,0.37471429791520666,0.4050889296790936,extratrees
2015_06_DEN_CLE,2015,6,2015-10-18,CLE,DEN,-3.5,41.5,0.39360687022900764,0,0.3736610783852243,0.32441253571420886,0.39360687022900764,extratrees
2015_06_CHI_DET,2015,6,2015-10-18,DET,CHI,3.5,45.0,0.6527218785216531,1,0.5769123692672015,0.5785957441758942,0.6527218785216531,extratrees
2015_06_SD_GB,2015,6,2015-10-18,GB,SD,10.5,50.0,0.8188617506135327,1,0.8447184472300603,0.8884959041762384,0.8188617506135327,extratrees
2015_06_NE_IND,2015,6,2015-10-18,IND,NE,-8.0,53.5,0.24835146013530876,0,0.302367304483195,0.24238959229869705,0.24835146013530876,extratrees
2015_06_HOU_JAX,2015,6,2015-10-18,JAX,HOU,2.5,43.5,0.5933014354066986,0,0.5892226703694164,0.5942037631778067,0.5933014354066986,extratrees
2015_06_KC_MIN,2015,6,2015-10-18,MIN,KC,3.5,43.0,0.6033428208078484,1,0.6150752971002127,0.6268098646708116,0.6033428208078484,extratrees
2015_06_WAS_NYJ,2015,6,2015-10-18,NYJ,WAS,7.5,39.5,0.7590361445783131,1,0.7551261381981696,0.7947973220337173,0.7590361445783131,extratrees
2015_06_ARI_PIT,2015,6,2015-10-18,PIT,ARI,-5.5,45.0,0.3199224430441105,1,0.42860431995063264,0.39113549793104585,0.3199224430441105,extratrees
2015_06_CAR_SEA,2015,6,2015-10-18,SEA,CAR,7.0,41.0,0.73621103117506,0,0.6749266978316814,0.700848902649179,0.73621103117506,extratrees
2015_06_BAL_SF,2015,6,2015-10-18,SF,BAL,-2.5,43.5,0.4320786780923455,1,0.4421518354126385,0.40793755167747026,0.4320786780923455,extratrees
2015_06_MIA_TEN,2015,6,2015-10-18,TEN,MIA,2.5,44.0,0.5520062329567589,0,0.5687269586024819,0.5681968059115586,0.5520062329567589,extratrees
2015_06_NYG_PHI,2015,6,2015-10-19,PHI,NYG,3.5,50.5,0.6527218785216531,1,0.6061536286493643,0.6155887463971267,0.6527218785216531,extratrees
2015_07_SEA_SF,2015,7,2015-10-22,SF,SEA,-6.5,41.5,0.28787053606161983,0,0.34147825156888134,0.28665057098879726,0.28787053606161983,extratrees
2015_07_PHI_CAR,2015,7,2015-10-25,CAR,PHI,3.0,46.0,0.5642421122306391,1,0.594684406955439,0.6011138409499497,0.5642421122306391,extratrees
2015_07_MIN_DET,2015,7,2015-10-25,DET,MIN,1.0,44.5,0.521797153024911,0,0.5040821014977986,0.48591601555239416,0.521797153024911,extratrees
2015_07_NO_IND,2015,7,2015-10-25,IND,NO,5.5,52.5,0.6859695689558487,0,0.655332242773012,0.6768900584499015,0.6859695689558487,extratrees
2015_07_BUF_JAX,2015,7,2015-10-25,JAX,BUF,-3.5,41.0,0.3856591915440651,1,0.35256762270154496,0.29953598516930313,0.3856591915440651,extratrees
2015_07_PIT_KC,2015,7,2015-10-25,KC,PIT,4.0,41.5,0.658869395711501,1,0.5698292262466673,0.5695979568817053,0.658869395711501,extratrees
2015_07_HOU_MIA,2015,7,2015-10-25,MIA,HOU,4.5,46.5,0.6691291228800332,1,0.6076616168201998,0.6174879316003729,0.6691291228800332,extratrees
2015_07_NYJ_NE,2015,7,2015-10-25,NE,NYJ,7.0,47.0,0.7319034852546917,1,0.7594564003545953,0.799637600291717,0.7319034852546917,extratrees
2015_07_DAL_NYG,2015,7,2015-10-25,NYG,DAL,3.0,44.5,0.5933014354066986,1,0.6238173415690682,0.6377673509020967,0.5933014354066986,extratrees
2015_07_OAK_SD,2015,7,2015-10-25,SD,OAK,3.5,48.0,0.6397067958752639,0,0.5942084893578023,0.6005121252570028,0.6397067958752639,extratrees
2015_07_CLE_STL,2015,7,2015-10-25,STL,CLE,6.5,43.5,0.7163206180589087,1,0.6549350683138705,0.6764012424727024,0.7163206180589087,extratrees
2015_07_ATL_TEN,2015,7,2015-10-25,TEN,ATL,-5.5,45.5,0.3199224430441105,0,0.31685674853122997,0.2585606523822038,0.3199224430441105,extratrees
2015_07_TB_WAS,2015,7,2015-10-25,WAS,TB,3.0,42.0,0.5860927152317882,1,0.5815540166489983,0.5844857157065242,0.5860927152317882,extratrees
2015_07_BAL_ARI,2015,7,2015-10-26,ARI,BAL,10.0,49.5,0.8003561215129767,1,0.785915354083071,0.8285874709148422,0.8003561215129767,extratrees
2015_08_MIA_NE,2015,8,2015-10-29,NE,MIA,8.0,51.0,0.7901049475262368,1,0.8312704970698289,0.8753940766733008,0.7901049475262368,extratrees
2015_08_TB_ATL,2015,8,2015-11-01,ATL,TB,8.0,47.5,0.7810858143607706,0,0.7996230813034881,0.8431322071872628,0.7810858143607706,extratrees
2015_08_SD_BAL,2015,8,2015-11-01,BAL,SD,4.5,50.0,0.658869395711501,1,0.6329468598405148,0.649165837809512,0.658869395711501,extratrees
2015_08_MIN_CHI,2015,8,2015-11-01,CHI,MIN,-1.0,43.5,0.47377843762281124,0,0.4319093578203886,0.39522362343186707,0.47377843762281124,extratrees
2015_08_ARI_CLE,2015,8,2015-11-01,CLE,ARI,-7.0,46.0,0.26311037738282556,0,0.30088930581904844,0.24075585829438562,0.26311037738282556,extratrees
2015_08_SEA_DAL,2015,8,2015-11-01,DAL,SEA,-4.5,41.5,0.341130604288499,0,0.378502100367592,0.3301854467998651,0.341130604288499,extratrees
2015_08_GB_DEN,2015,8,2015-11-01,DEN,GB,-2.5,46.0,0.4433028919330289,1,0.5036906353120431,0.48541888745867257,0.4433028919330289,extratrees
2015_08_TEN_HOU,2015,8,2015-11-01,HOU,TEN,3.5,43.0,0.6332518337408314,1,0.6119238307881907,0.6228503499780412,0.6332518337408314,extratrees
2015_08_DET_KC,2015,8,2015-11-01,KC,DET,3.0,45.0,0.6143408084559349,1,0.5868679300043497,0.5912215950041697,0.6143408084559349,extratrees
2015_08_NYG_NO,2015,8,2015-11-01,NO,NYG,3.0,51.5,0.6108836002739845,1,0.5999881780557877,0.6078139453965958,0.6108836002739845,extratrees
2015_08_NYJ_OAK,2015,8,2015-11-01,OAK,NYJ,-3.0,43.5,0.3856591915440651,1,0.46281037386742596,0.4337648484850915,0.3856591915440651,extratrees
2015_08_CIN_PIT,2015,8,2015-11-01,PIT,CIN,1.0,49.0,0.5262215623771888,0,0.4676175300815538,0.4398057251091984,0.5262215623771888,extratrees
2015_08_SF_STL,2015,8,2015-11-01,STL,SF,8.0,41.0,0.7810858143607706,1,0.6862382837926468,0.7145277984952609,0.7810858143607706,extratrees
2015_08_IND_CAR,2015,8,2015-11-02,CAR,IND,5.0,44.5,0.6712553934662009,1,0.7155469654359347,0.7493705832059621,0.6712553934662009,extratrees
2015_09_CLE_CIN,2015,9,2015-11-05,CIN,CLE,13.0,45.5,0.8733924168721262,1,0.8812830419000133,0.9220514172670753,0.8733924168721262,extratrees
2015_09_MIA_BUF,2015,9,2015-11-08,BUF,MIA,4.0,44.0,0.6527218785216531,1,0.5688473173638948,0.5683498114744866,0.6527218785216531,extratrees
2015_09_GB_CAR,2015,9,2015-11-08,CAR,GB,-2.0,45.5,0.4672897196261682,1,0.5284433880995117,0.5169050886916886,0.4672897196261682,extratrees
2015_09_PHI_DAL,2015,9,2015-11-08,DAL,PHI,-3.0,43.5,0.3920988384996671,0,0.390471199935283,0.3445536492894391,0.3920988384996671,extratrees
2015_09_DEN_IND,2015,9,2015-11-08,IND,DEN,-3.5,45.0,0.3856591915440651,1,0.37962391819478564,0.33152644003863313,0.3856591915440651,extratrees
2015_09_STL_MIN,2015,9,2015-11-08,MIN,STL,2.0,40.0,0.537852568752202,1,0.5471620149099308,0.5407497357114383,0.537852568752202,extratrees
2015_09_WAS_NE,2015,9,2015-11-08,NE,WAS,13.5,51.5,0.8948106591865358,1,0.8820072103369175,0.9226829742944627,0.8948106591865358,extratrees
2015_09_TEN_NO,2015,9,2015-11-08,NO,TEN,7.0,50.0,0.7319034852546917,0,0.7649242331143661,0.80570969158946,0.7319034852546917,extratrees
2015_09_JAX_NYJ,2015,9,2015-11-08,NYJ,JAX,7.5,42.0,0.7516485398646913,1,0.7686711945389665,0.8098445507259338,0.7516485398646913,extratrees
2015_09_OAK_PIT,2015,9,2015-11-08,PIT,OAK,6.0,47.5,0.7050630837293135,1,0.6728902550621748,0.69837389732512,0.7050630837293135,extratrees
2015_09_ATL_SF,2015,9,2015-11-08,SF,ATL,-9.5,43.5,0.21170914420649786,1,0.33772300649618814,0.282319025843048,0.21170914420649786,extratrees
2015_09_NYG_TB,2015,9,2015-11-08,TB,NYG,-1.5,49.0,0.478202846975089,0,0.47363336848636584,0.4473799159051105,0.478202846975089,extratrees
2015_09_CHI_SD,2015,9,2015-11-09,SD,CHI,3.5,49.0,0.6261005910022917,0,0.6204791203327757,0.6335878352814374,0.6261005910022917,extratrees
2015_10_BUF_NYJ,2015,10,2015-11-12,NYJ,BUF,2.5,41.5,0.5440238883060285,0,0.5756562468786038,0.5770008880278719,0.5440238883060285,extratrees
2015_10_JAX_BAL,2015,10,2015-11-15,BAL,JAX,4.0,47.0,0.658869395711501,0,0.6986627497141389,0.7294096234696185,0.658869395711501,extratrees
2015_10_KC_DEN,2015,10,2015-11-15,DEN,KC,4.0,42.0,0.6527218785216531,0,0.6635993007985366,0.6870368617066728,0.6527218785216531,extratrees
2015_10_DET_GB,2015,10,2015-11-15,GB,DET,10.5,50.0,0.8348057171586584,0,0.836898980668502,0.8809242055961599,0.8348057171586584,extratrees
2015_10_NE_NYG,2015,10,2015-11-15,NYG,NE,-7.0,52.5,0.2562225475841874,0,0.2861218271584609,0.22459925100659073,0.2562225475841874,extratrees
2015_10_MIN_OAK,2015,10,2015-11-15,OAK,MIN,3.0,44.0,0.6063931297709924,0,0.585449017570119,0.5894237904220065,0.6063931297709924,extratrees
2015_10_MIA_PHI,2015,10,2015-11-15,PHI,MIA,5.5,49.0,0.6800775569558896,0,0.6750673705437719,0.7010197347177525,0.6800775569558896,extratrees
2015_10_CLE_PIT,2015,10,2015-11-15,PIT,CLE,7.0,43.5,0.7368896226171744,1,0.7048478163832299,0.7367583117263804,0.7368896226171744,extratrees
2015_10_ARI_SEA,2015,10,2015-11-15,SEA,ARI,3.0,43.5,0.5860927152317882,0,0.5681379263864282,0.5674479625663341,0.5860927152317882,extratrees
2015_10_CHI_STL,2015,10,2015-11-15,STL,CHI,7.5,42.0,0.7697759087280727,0,0.704058469832679,0.7358227577096318,0.7697759087280727,extratrees
2015_10_DAL_TB,2015,10,2015-11-15,TB,DAL,-1.0,43.5,0.49070156678599663,1,0.4859868938169315,0.46297853443893544,0.49070156678599663,extratrees
2015_10_CAR_TEN,2015,10,2015-11-15,TEN,CAR,-3.5,42.5,0.35488721804511275,0,0.29696476630015817,0.23643234850083603,0.35488721804511275,extratrees
2015_10_NO_WAS,2015,10,2015-11-15,WAS,NO,-1.0,52.0,0.4827086071703758,1,0.47604439503774587,0.4504197327110844,0.4827086071703758,extratrees
2015_10_HOU_CIN,2015,10,2015-11-16,CIN,HOU,10.0,46.5,0.8047945205479452,0,0.8424198611852031,0.8862837838895374,0.8047945205479452,extratrees
2015_11_TEN_JAX,2015,11,2015-11-19,JAX,TEN,3.0,41.5,0.5697382574399427,1,0.5738556254933785,0.5747140678881981,0.5697382574399427,extratrees
2015_11_CIN_ARI,2015,11,2015-11-22,ARI,CIN,4.0,48.0,0.6499689771835965,1,0.6401889628246795,0.6581720726447372,0.6499689771835965,extratrees
2015_11_IND_ATL,2015,11,2015-11-22,ATL,IND,3.5,47.5,0.6274614156466205,0,0.6214459335939369,0.6347989158419266,0.6274614156466205,extratrees
2015_11_STL_BAL,2015,11,2015-11-22,BAL,STL,3.0,41.0,0.5844112492697988,1,0.5885977806504276,0.5934125386246535,0.5844112492697988,extratrees
2015_11_WAS_CAR,2015,11,2015-11-22,CAR,WAS,7.0,44.0,0.741037721131946,1,0.8225409224173319,0.8666888362321578,0.741037721131946,extratrees
2015_11_DEN_CHI,2015,11,2015-11-22,CHI,DEN,-2.5,41.5,0.46214743124779806,0,0.48025686986977895,0.45573627090655205,0.46214743124779806,extratrees
2015_11_OAK_DET,2015,11,2015-11-22,DET,OAK,-2.0,50.0,0.453954604539546,1,0.4532141073721929,0.42173922760944105,0.453954604539546,extratrees
2015_11_NYJ_HOU,2015,11,2015-11-22,HOU,NYJ,-4.0,40.0,0.3500310228164034,1,0.411457578031577,0.3700491959881731,0.3500310228164034,extratrees
2015_11_DAL_MIA,2015,11,2015-11-22,MIA,DAL,-2.5,45.0,0.44139283962726833,0,0.5380256057008236,0.5291108560587247,0.44139283962726833,extratrees
2015_11_GB_MIN,2015,11,2015-11-22,MIN,GB,-1.0,45.0,0.4827086071703758,0,0.5163743012597589,0.5015415338259008,0.4827086071703758,extratrees
2015_11_TB_PHI,2015,11,2015-11-22,PHI,TB,7.0,46.0,0.73621103117506,0,0.6756028686082008,0.7016698789091771,0.73621103117506,extratrees
2015_11_KC_SD,2015,11,2015-11-22,SD,KC,-3.0,45.5,0.38764174959500114,0,0.3811105346087518,0.3333053488887684,0.38764174959500114,extratrees
2015_11_SF_SEA,2015,11,2015-11-22,SEA,SF,14.0,40.0,0.8923742788383813,1,0.7761992094723545,0.8180857636097265,0.8923742788383813,extratrees
2015_11_BUF_NE,2015,11,2015-11-23,NE,BUF,7.0,47.5,0.7566244633432689,1,0.808782422693692,0.8526649410520432,0.7566244633432689,extratrees
2015_12_CAR_DAL,2015,12,2015-11-26,DAL,CAR,-1.0,44.5,0.4827086071703758,0,0.40356698810752994,0.36042041836369454,0.4827086071703758,extratrees
2015_12_PHI_DET,2015,12,2015-11-26,DET,PHI,3.0,46.5,0.5860927152317882,1,0.5529971236500604,0.5481813139314418,0.5860927152317882,extratrees
2015_12_CHI_GB,2015,12,2015-11-26,GB,CHI,7.5,45.0,0.7849371679176859,0,0.759704864163289,0.7999144914153142,0.7849371679176859,extratrees
2015_12_MIN_ATL,2015,12,2015-11-29,ATL,MIN,2.0,45.0,0.5480494766888677,0,0.556281366078602,0.5523629266816957,0.5480494766888677,extratrees
2015_12_STL_CIN,2015,12,2015-11-29,CIN,STL,10.5,42.0,0.7882908557935022,1,0.80858459715633,0.8524606781052616,0.7882908557935022,extratrees
2015_12_NE_DEN,2015,12,2015-11-29,DEN,NE,-2.5,43.0,0.4433028919330289,1,0.4375820419529811,0.402256982844518,0.4433028919330289,extratrees
2015_12_NO_HOU,2015,12,2015-11-29,HOU,NO,3.5,50.5,0.6487671491207393,1,0.6024569829223739,0.6109290391664943,0.6487671491207393,extratrees
2015_12_TB_IND,2015,12,2015-11-29,IND,TB,3.0,46.5,0.556697108066971,1,0.586952799658019,0.5913291082031129,0.556697108066971,extratrees
2015_12_SD_JAX,2015,12,2015-11-29,JAX,SD,5.0,47.0,0.690978748012144,0,0.6237613192725114,0.6376972595059673,0.690978748012144,extratrees
2015_12_BUF_KC,2015,12,2015-11-29,KC,BUF,4.5,41.0,0.6691291228800332,1,0.6695550523145873,0.6943126186389184,0.6691291228800332,extratrees
2015_12_MIA_NYJ,2015,12,2015-11-29,NYJ,MIA,4.5,44.0,0.664461906242295,1,0.5960070020745039,0.6027856101518452,0.664461906242295,extratrees
2015_12_PIT_SEA,2015,12,2015-11-29,SEA,PIT,3.0,46.5,0.5679213219076544,1,0.5954550906343498,0.6020880667691515,0.5679213219076544,extratrees
2015_12_ARI_SF,2015,12,2015-11-29,SF,ARI,-7.5,45.0,0.23358617571708445,0,0.2760319298275645,0.21374034862885227,0.23358617571708445,extratrees
2015_12_OAK_TEN,2015,12,2015-11-29,TEN,OAK,-1.0,45.0,0.48044542229805576,0,0.47296298009190324,0.44653511113330335,0.48044542229805576,extratrees
2015_12_NYG_WAS,2015,12,2015-11-29,WAS,NYG,-1.0,47.5,0.49070156678599663,1,0.45741566115187166,0.4269987147147947,0.49070156678599663,extratrees
2015_12_BAL_CLE,2015,12,2015-11-30,CLE,BAL,6.0,41.0,0.7050630837293135,0,0.5686097733218003,0.5680478320336475,0.7050630837293135,extratrees
2015_13_GB_DET,2015,13,2015-12-03,DET,GB,-2.5,46.0,0.46516522837297414,0,0.4648184328380741,0.43628696513503423,0.46516522837297414,extratrees
2015_13_HOU_BUF,2015,13,2015-12-06,BUF,HOU,3.0,42.0,0.5740354444580784,1,0.5567061791724074,0.5529037350133768,0.5740354444580784,extratrees
2015_13_SF_CHI,2015,13,2015-12-06,CHI,SF,6.0,43.0,0.6969696969696969,0,0.694514892046735,0.7244587822472546,0.6969696969696969,extratrees
2015_13_CIN_CLE,2015,13,2015-12-06,CLE,CIN,-7.5,44.0,0.2562225475841874,0,0.2540828790528395,0.19065142439255428,0.2562225475841874,extratrees
2015_13_BAL_MIA,2015,13,2015-12-06,MIA,BAL,3.5,43.0,0.6186511705872493,1,0.5220173975479078,0.5087230193850246,0.6186511705872493,extratrees
2015_13_SEA_MIN,2015,13,2015-12-06,MIN,SEA,-2.5,43.0,0.4224502112251056,0,0.47329828507758,0.4469576300104269,0.4224502112251056,extratrees
2015_13_PHI_NE,2015,13,2015-12-06,NE,PHI,9.5,49.5,0.7882908557935022,0,0.8595452333155581,0.9024827843661133,0.7882908557935022,extratrees
2015_13_CAR_NO,2015,13,2015-12-06,NO,CAR,-5.5,50.5,0.3242703916188576,0,0.2540478769516082,0.19061520869795182,0.3242703916188576,extratrees
2015_13_NYJ_NYG,2015,13,2015-12-06,NYG,NYJ,-2.0,45.5,0.46214743124779806,0,0.4898694130239967,0.46789202206012775,0.46214743124779806,extratrees
2015_13_KC_OAK,2015,13,2015-12-06,OAK,KC,-3.0,45.5,0.4050889296790936,0,0.36215428188159676,0.3107844446385737,0.4050889296790936,extratrees
2015_13_IND_PIT,2015,13,2015-12-06,PIT,IND,10.0,50.5,0.7987191216834401,1,0.6571177872424127,0.6790861069139091,0.7987191216834401,extratrees
2015_13_DEN_SD,2015,13,2015-12-06,SD,DEN,-6.0,45.0,0.3199224430441105,0,0.2960946947375877,0.2354767111726968,0.3199224430441105,extratrees
2015_13_ARI_STL,2015,13,2015-12-06,STL,ARI,-3.5,43.0,0.37253858435337944,0,0.31628195995238506,0.25791390676576365,0.37253858435337944,extratrees
2015_13_ATL_TB,2015,13,2015-12-06,TB,ATL,1.0,46.5,0.521797153024911,1,0.5474944881000764,0.5411732281537927,0.521797153024911,extratrees
2015_13_JAX_TEN,2015,13,2015-12-06,TEN,JAX,3.0,43.5,0.5679213219076544,1,0.5522862493190567,0.5472760754895646,0.5679213219076544,extratrees
2015_13_DAL_WAS,2015,13,2015-12-07,WAS,DAL,2.0,43.0,0.5305667495498585,0,0.6218564622762262,0.6353130156509001,0.5305667495498585,extratrees
2015_14_MIN_ARI,2015,14,2015-12-10,ARI,MIN,10.0,46.5,0.7987191216834401,1,0.7589267409781939,0.799047036373361,0.7987191216834401,extratrees
2015_14_SEA_BAL,2015,14,2015-12-13,BAL,SEA,-10.5,42.0,0.2081124592610044,0,0.31876235498703226,0.26070785404648694,0.2081124592610044,extratrees
2015_14_ATL_CAR,2015,14,2015-12-13,CAR,ATL,8.5,45.5,0.768632470217584,1,0.8078075026710045,0.8516575924883208,0.768632470217584,extratrees
2015_14_WAS_CHI,2015,14,2015-12-13,CHI,WAS,4.0,42.5,0.658869395711501,0,0.6145325556398809,0.6261283024593518,0.658869395711501,extratrees
2015_14_PIT_CIN,2015,14,2015-12-13,CIN,PIT,1.0,49.0,0.5046466242274987,0,0.5596927798251445,0.5567052458844335,0.5046466242274987,extratrees
2015_14_SF_CLE,2015,14,2015-12-13,CLE,SF,2.5,43.0,0.5539593349939177,1,0.4891634112194903,0.46699818872020443,0.5539593349939177,extratrees
2015_14_OAK_DEN,2015,14,2015-12-13,DEN,OAK,6.0,43.0,0.7086409898223908,0,0.8002802983487416,0.8438212825240312,0.7086409898223908,extratrees
2015_14_DAL_GB,2015,14,2015-12-13,GB,DAL,6.0,43.0,0.7137404580152672,1,0.7137011523509073,0.7472040261822913,0.7137404580152672,extratrees
2015_14_NE_HOU,2015,14,2015-12-13,HOU,NE,-4.0,46.0,0.34727812147834686,0,0.4052146342575542,0.3624268997680448,0.34727812147834686,extratrees
2015_14_IND_JAX,2015,14,2015-12-13,JAX,IND,1.0,45.5,0.5172913928296243,1,0.48787445174723443,0.46536670876255903,0.5172913928296243,extratrees
2015_14_SD_KC,2015,14,2015-12-13,KC,SD,11.5,42.0,0.832570049736544,1,0.8300931654984209,0.8742290313556262,0.832570049736544,extratrees
2015_14_TEN_NYJ,2015,14,2015-12-13,NYJ,TEN,8.0,43.0,0.75416247625433,1,0.7666075208235942,0.807569903744808,0.75416247625433,extratrees
2015_14_BUF_PHI,2015,14,2015-12-13,PHI,BUF,1.0,48.0,0.5172913928296243,1,0.495182165546016,0.4746230498486784,0.5172913928296243,extratrees
2015_14_DET_STL,2015,14,2015-12-13,STL,DET,-3.0,41.5,0.4066985645933015,1,0.4164777948405592,0.3762005580388093,0.4066985645933015,extratrees
2015_14_NO_TB,2015,14,2015-12-13,TB,NO,6.0,52.0,0.6949182345700721,0,0.6522769114986176,0.6731267167499073,0.6949182345700721,extratrees
2015_14_NYG_MIA,2015,14,2015-12-14,MIA,NYG,-2.5,47.5,0.46214743124779806,0,0.4576315825232898,0.4272692496067648,0.46214743124779806,extratrees
2015_15_TB_STL,2015,15,2015-12-17,STL,TB,1.0,41.0,0.5,1,0.49289784590919916,0.47172789937790477,0.5,extratrees
2015_15_NYJ_DAL,2015,15,2015-12-19,DAL,NYJ,-3.0,41.0,0.4116032928263426,0,0.4204595955444228,0.38109292573618697,0.4116032928263426,extratrees
2015_15_KC_BAL,2015,15,2015-12-20,BAL,KC,-6.5,41.0,0.2949369162706865,0,0.30844633388644493,0.24914024779260793,0.2949369162706865,extratrees
2015_15_HOU_IND,2015,15,2015-12-20,IND,HOU,2.5,42.0,0.556697108066971,0,0.5736115746044648,0.5744040635396657,0.556697108066971,extratrees
2015_15_ATL_JAX,2015,15,2015-12-20,JAX,ATL,2.0,47.5,0.5419847328244275,0,0.5752541049242029,0.5764902243969959,0.5419847328244275,extratrees
2015_15_CHI_MIN,2015,15,2015-12-20,MIN,CHI,4.0,43.5,0.6463391320971134,1,0.6283657024577398,0.6434521312790819,0.6463391320971134,extratrees
2015_15_TEN_NE,2015,15,2015-12-20,NE,TEN,14.5,48.0,0.887410440122825,1,0.8882007574000758,0.9280282751378444,0.887410440122825,extratrees
2015_15_CAR_NYG,2015,15,2015-12-20,NYG,CAR,-4.5,46.5,0.341130604288499,0,0.2976438058444792,0.237178897732265,0.341130604288499,extratrees
2015_15_GB_OAK,2015,15,2015-12-20,OAK,GB,-4.0,47.0,0.34727812147834686,0,0.3302872795125595,0.27379142733188677,0.34727812147834686,extratrees
2015_15_ARI_PHI,2015,15,2015-12-20,PHI,ARI,-3.5,50.5,0.3813488294127508,0,0.314401275221692,0.2558007639659918,0.3813488294127508,extratrees
2015_15_DEN_PIT,2015,15,2015-12-20,PIT,DEN,7.5,45.5,0.7566244633432689,1,0.6717674013620187,0.6970076725111717,0.7566244633432689,extratrees
2015_15_MIA_SD,2015,15,2015-12-20,SD,MIA,1.0,46.5,0.5,1,0.4940120883957126,0.4731399061454314,0.5,extratrees
2015_15_CLE_SEA,2015,15,2015-12-20,SEA,CLE,14.5,45.0,0.887410440122825,1,0.8772101267183856,0.9184742271037383,0.887410440122825,extratrees
2015_15_CIN_SF,2015,15,2015-12-20,SF,CIN,-7.0,41.0,0.26967543847731873,0,0.3563451828004556,0.30395657501175144,0.26967543847731873,extratrees
2015_15_BUF_WAS,2015,15,2015-12-20,WAS,BUF,-2.5,46.0,0.46214743124779806,1,0.4824803006854755,0.45854512119437213,0.46214743124779806,extratrees
2015_15_DET_NO,2015,15,2015-12-21,NO,DET,2.5,52.0,0.5399277029247453,0,0.5372737746551527,0.5281530710644761,0.5399277029247453,extratrees
2015_16_SD_OAK,2015,16,2015-12-24,OAK,SD,4.0,45.0,0.6527218785216531,1,0.6065089878579635,0.6160363805563261,0.6527218785216531,extratrees
2015_16_WAS_PHI,2015,16,2015-12-26,PHI,WAS,3.5,48.0,0.6397067958752639,0,0.5633676702460816,0.5613812678229003,0.6397067958752639,extratrees
2015_16_GB_ARI,2015,16,2015-12-27,ARI,GB,6.0,50.0,0.6958254667505769,1,0.65817922069356,0.6803904087883736,0.6958254667505769,extratrees
2015_16_CAR_ATL,2015,16,2015-12-27,ATL,CAR,-7.0,45.5,0.28787053606161983,1,0.2582759919797087,0.1950041084472195,0.28787053606161983,extratrees
2015_16_PIT_BAL,2015,16,2015-12-27,BAL,PIT,-11.0,47.5,0.17400615714094497,1,0.26110526458630795,0.19795683056354485,0.17400615714094497,extratrees
2015_16_DAL_BUF,2015,16,2015-12-27,BUF,DAL,6.5,42.0,0.7050630837293135,1,0.6821649921059411,0.7096157698792831,0.7050630837293135,extratrees
2015_16_SF_DET,2015,16,2015-12-27,DET,SF,8.5,42.5,0.7810858143607706,1,0.7260601357242412,0.7616334119451804,0.7810858143607706,extratrees
2015_16_CLE_KC,2015,16,2015-12-27,KC,CLE,11.5,42.5,0.825993842859055,1,0.8643842511494676,0.9069383589534816,0.825993842859055,extratrees
2015_16_IND_MIA,2015,16,2015-12-27,MIA,IND,2.5,44.0,0.556697108066971,0,0.5185920671949471,0.5043633990704037,0.556697108066971,extratrees
2015_16_NYG_MIN,2015,16,2015-12-27,MIN,NYG,7.0,44.5,0.7353719494266393,1,0.659049839024732,0.6814595823893319,0.7353719494266393,extratrees
2015_16_JAX_NO,2015,16,2015-12-27,NO,JAX,2.5,52.5,0.5520062329567589,1,0.5346158899457087,0.5247671824269798,0.5520062329567589,extratrees
2015_16_NE_NYJ,2015,16,2015-12-27,NYJ,NE,-2.5,45.5,0.44139283962726833,1,0.4239966866285681,0.3854485076516613,0.44139283962726833,extratrees
2015_16_STL_SEA,2015,16,2015-12-27,SEA,STL,11.0,42.0,0.8316708229426435,0,0.8402426951779807,0.8841779963538431,0.8316708229426435,extratrees
2015_16_CHI_TB,2015,16,2015-12-27,TB,CHI,3.0,44.0,0.6261005910022917,0,0.5927207775574138,0.5986306599336224,0.6261005910022917,extratrees
2015_16_HOU_TEN,2015,16,2015-12-27,TEN,HOU,-3.5,39.0,0.3856591915440651,0,0.4088743249980421,0.36689144609651114,0.3856591915440651,extratrees
2015_16_CIN_DEN,2015,16,2015-12-28,DEN,CIN,3.5,39.0,0.6332518337408314,1,0.5754178351858645,0.5766981432422841,0.6332518337408314,extratrees
2015_17_SEA_ARI,2015,17,2016-01-03,ARI,SEA,6.0,46.5,0.6840292887820937,0,0.652746786577239,0.6737059279024034,0.6840292887820937,extratrees
2015_17_NO_ATL,2015,17,2016-01-03,ATL,NO,6.0,53.5,0.6958254667505769,0,0.6192176267411501,0.632006886472309,0.6958254667505769,extratrees
2015_17_NYJ_BUF,2015,17,2016-01-03,BUF,NYJ,-2.5,41.0,0.4224502112251056,1,0.44532812494394636,0.41189327514798557,0.4224502112251056,extratrees
2015_17_TB_CAR,2015,17,2016-01-03,CAR,TB,10.0,44.0,0.7816384942625731,1,0.863667754040753,0.9062821295222327,0.7816384942625731,extratrees
2015_17_DET_CHI,2015,17,2016-01-03,CHI,DET,-2.5,45.0,0.4600722970752547,0,0.4296042008924032,0.39237151901716194,0.4600722970752547,extratrees
2015_17_BAL_CIN,2015,17,2016-01-03,CIN,BAL,10.0,40.5,0.7729422894985808,1,0.8028491849074185,0.8465072472727291,0.7729422894985808,extratrees
2015_17_PIT_CLE,2015,17,2016-01-03,CLE,PIT,-13.0,47.0,0.16324626865671643,0,0.2542435154104272,0.19081765559316433,0.16324626865671643,extratrees
2015_17_WAS_DAL,2015,17,2016-01-03,DAL,WAS,3.0,41.0,0.6108836002739845,0,0.5115172857157126,0.4953641291286425,0.6108836002739845,extratrees
2015_17_SD_DEN,2015,17,2016-01-03,DEN,SD,10.0,42.0,0.8019661928000565,1,0.8094275713926207,0.8533305769858938,0.8019661928000565,extratrees
2015_17_MIN_GB,2015,17,2016-01-03,GB,MIN,3.0,44.0,0.5810079557598683,0,0.5713211476149429,0.5714940420660771,0.5810079557598683,extratrees
2015_17_JAX_HOU,2015,17,2016-01-03,HOU,JAX,5.0,45.0,0.6712553934662009,1,0.6288817151304472,0.6440963289500939,0.6712553934662009,extratrees
2015_17_TEN_IND,2015,17,2016-01-03,IND,TEN,3.5,39.0,0.6332518337408314,1,0.6230939670705503,0.6368621809870204,0.6332518337408314,extratrees
2015_17_OAK_KC,2015,17,2016-01-03,KC,OAK,6.5,43.5,0.7258155230596175,1,0.8027848874933813,0.8464401648713721,0.7258155230596175,extratrees
2015_17_NE_MIA,2015,17,2016-01-03,MIA,NE,-10.0,46.5,0.2270577105014191,1,0.258149593364078,0.19487249011478858,0.2270577105014191,extratrees
2015_17_PHI_NYG,2015,17,2016-01-03,NYG,PHI,4.0,51.0,0.6527218785216531,0,0.5790303186624822,0.5812839724126726,0.6527218785216531,extratrees
2015_17_STL_SF,2015,17,2016-01-03,SF,STL,-3.0,39.0,0.3966571791921516,1,0.4000578323787585,0.35615445488398556,0.3966571791921516,extratrees
2015_18_PIT_CIN,2015,18,2016-01-09,CIN,PIT,-2.0,46.0,0.46943325045014145,0,0.5098100340281686,0.4931937138274221,0.46943325045014145,extratrees
2015_18_KC_HOU,2015,18,2016-01-09,HOU,KC,-3.0,39.5,0.4259645555419216,0,0.46217228493459867,0.4329638088561428,0.4259645555419216,extratrees
2015_18_SEA_MIN,2015,18,2016-01-10,MIN,SEA,-4.0,40.0,0.33444103612815274,0,0.40733192061497664,0.3650085253284997,0.33444103612815274,extratrees
2015_18_GB_WAS,2015,18,2016-01-10,WAS,GB,2.0,47.0,0.5440238883060285,0,0.5649650478297988,0.5634131918666105,0.5440238883060285,extratrees
2015_19_GB_ARI,2015,19,2016-01-16,ARI,GB,7.0,49.0,0.7161241483724451,1,0.6626009674636005,0.6858144026572478,0.7161241483724451,extratrees
2015_19_KC_NE,2015,19,2016-01-16,NE,KC,6.0,44.0,0.7050630837293135,1,0.6180476154558611,0.6305398519959343,0.7050630837293135,extratrees
2015_19_SEA_CAR,2015,19,2016-01-17,CAR,SEA,2.5,41.5,0.5775497887748944,1,0.5969784686157011,0.6040131463375521,0.5775497887748944,extratrees
2015_19_PIT_DEN,2015,19,2016-01-17,DEN,PIT,7.0,41.5,0.7258155230596175,1,0.5952243025200556,0.6017963484225739,0.7258155230596175,extratrees
2015_20_ARI_CAR,2015,20,2016-01-24,CAR,ARI,3.5,47.0,0.6172970557014359,1,0.6107334697800204,0.6213535551164387,0.6172970557014359,extratrees
2015_20_NE_DEN,2015,20,2016-01-24,DEN,NE,-2.5,45.0,0.4519505233111322,1,0.4727668363172446,0.44628797128227443,0.4519505233111322,extratrees
2015_21_CAR_DEN,2015,21,2016-02-07,DEN,CAR,-4.5,43.0,0.3399975793052606,1,0.36785115673147734,0.3175147320987346,0.3399975793052606,extratrees
2016_01_CAR_DEN,2016,1,2016-09-08,DEN,CAR,-3.0,40.5,0.413907284768212,1,0.4573086484465281,0.4411882624605094,0.413907284768212,extratrees
2016_01_NE_ARI,2016,1,2016-09-11,ARI,NE,9.0,44.5,0.7729422894985808,0,0.6790370281209348,0.6464561108097758,0.7729422894985808,extratrees
2016_01_TB_ATL,2016,1,2016-09-11,ATL,TB,2.5,46.5,0.556697108066971,0,0.5604368337542408,0.5353098768042343,0.556697108066971,extratrees
2016_01_BUF_BAL,2016,1,2016-09-11,BAL,BUF,3.0,44.5,0.6108836002739845,1,0.49247336099307604,0.4731174450909828,0.6108836002739845,extratrees
2016_01_NYG_DAL,2016,1,2016-09-11,DAL,NYG,1.0,47.5,0.5172913928296243,0,0.4928733320493086,0.4734813923872183,0.5172913928296243,extratrees
2016_01_CHI_HOU,2016,1,2016-09-11,HOU,CHI,5.5,43.0,0.685002350728726,1,0.6268992912361446,0.5970728034680246,0.685002350728726,extratrees
2016_01_DET_IND,2016,1,2016-09-11,IND,DET,2.5,51.5,0.5775497887748944,0,0.4946525007023588,0.47510056059529393,0.5775497887748944,extratrees
2016_01_GB_JAX,2016,1,2016-09-11,JAX,GB,-3.5,47.0,0.3738994089977084,0,0.40484173683216873,0.3937162407533955,0.3738994089977084,extratrees
2016_01_SD_KC,2016,1,2016-09-11,KC,SD,6.5,45.5,0.7161241483724451,1,0.7543209724719532,0.7197640860720971,0.7161241483724451,extratrees
2016_01_OAK_NO,2016,1,2016-09-11,NO,OAK,2.5,50.0,0.5810079557598683,0,0.5719201886029952,0.5459031795506865,0.5810079557598683,extratrees
2016_01_CIN_NYJ,2016,1,2016-09-11,NYJ,CIN,1.0,42.0,0.5262215623771888,0,0.5637322947018809,0.5383469754010569,0.5262215623771888,extratrees
2016_01_CLE_PHI,2016,1,2016-09-11,PHI,CLE,3.5,41.0,0.6274614156466205,1,0.6149860728734615,0.5859148520209261,0.6274614156466205,extratrees
2016_01_MIA_SEA,2016,1,2016-09-11,SEA,MIA,10.5,43.5,0.8133748055987559,1,0.8281260626251417,0.7948485789497349,0.8133748055987559,extratrees
2016_01_MIN_TEN,2016,1,2016-09-11,TEN,MIN,-2.5,40.0,0.453954604539546,0,0.3942112783015971,0.3841083594990582,0.453954604539546,extratrees
2016_01_LA_SF,2016,1,2016-09-12,SF,LA,-2.5,44.0,0.4559761116939714,1,0.4632380177458789,0.44656365036666784,0.4559761116939714,extratrees
2016_01_PIT_WAS,2016,1,2016-09-12,WAS,PIT,-2.5,49.0,0.44139283962726833,0,0.4966426139168358,0.4769121778848303,0.44139283962726833,extratrees
2016_02_NYJ_BUF,2016,2,2016-09-15,BUF,NYJ,1.5,40.5,0.5419847328244275,0,0.5576703925627147,0.5327620950156003,0.5419847328244275,extratrees
2016_02_TB_ARI,2016,2,2016-09-18,ARI,TB,7.5,49.5,0.7490809359864622,1,0.7076267769942851,0.6739796434609232,0.7490809359864622,extratrees
2016_02_SF_CAR,2016,2,2016-09-18,CAR,SF,12.0,44.5,0.8223315566488998,1,0.7559665317129831,0.7213988995466205,0.8223315566488998,extratrees
2016_02_BAL_CLE,2016,2,2016-09-18,CLE,BAL,-4.0,42.0,0.360293204124736,0,0.38340743976559094,0.37434371554132895,0.360293204124736,extratrees
2016_02_IND_DEN,2016,2,2016-09-18,DEN,IND,5.0,47.0,0.674698795180723,1,0.7521396982126287,0.7175994610094786,0.674698795180723,extratrees
2016_02_TEN_DET,2016,2,2016-09-18,DET,TEN,6.0,48.0,0.7050630837293135,0,0.7874867674643974,0.7530335992727817,0.7050630837293135,extratrees
2016_02_KC_HOU,2016,2,2016-09-18,HOU,KC,-1.0,41.5,0.4953533757725013,1,0.5641477299495556,0.5387300058833723,0.4953533757725013,extratrees
2016_02_SEA_LA,2016,2,2016-09-18,LA,SEA,-5.5,38.0,0.3149976492712741,1,0.370539421646905,0.3627110206620181,0.3149976492712741,extratrees
2016_02_GB_MIN,2016,2,2016-09-18,MIN,GB,-1.5,43.0,0.46943325045014145,1,0.5257513150415195,0.5034735877360077,0.46943325045014145,extratrees
2016_02_MIA_NE,2016,2,2016-09-18,NE,MIA,5.5,42.0,0.6800775569558896,1,0.7250033255765572,0.6908879884466005,0.6800775569558896,extratrees
2016_02_NO_NYG,2016,2,2016-09-18,NYG,NO,3.5,54.0,0.6397067958752639,1,0.6043488127941502,0.5759867156071357,0.6397067958752639,extratrees
2016_02_ATL_OAK,2016,2,2016-09-18,OAK,ATL,4.0,47.5,0.6451127819548872,0,0.6297801578092207,0.5997774848084806,0.6451127819548872,extratrees
2016_02_CIN_PIT,2016,2,2016-09-18,PIT,CIN,3.0,48.0,0.6033428208078484,1,0.6060292154006429,0.577552995036674,0.6033428208078484,extratrees
2016_02_JAX_SD,2016,2,2016-09-18,SD,JAX,3.0,47.5,0.5775497887748944,1,0.5870307583740731,0.5598884507734734,0.5775497887748944,extratrees
2016_02_DAL_WAS,2016,2,2016-09-18,WAS,DAL,3.5,47.0,0.6332518337408314,0,0.6058886373242602,0.5774219344876247,0.6332518337408314,extratrees
2016_02_PHI_CHI,2016,2,2016-09-19,CHI,PHI,3.0,42.5,0.6002460024600246,0,0.544538398278092,0.5206892203973287,0.6002460024600246,extratrees
2016_03_HOU_NE,2016,3,2016-09-22,NE,HOU,1.0,38.5,0.5262215623771888,1,0.5753689816091845,0.5490904063911424,0.5262215623771888,extratrees
2016_03_ARI_BUF,2016,3,2016-09-25,BUF,ARI,-5.0,48.0,0.33087087711996666,1,0.38989991686198744,0.3802117974081177,0.33087087711996666,extratrees
2016_03_MIN_CAR,2016,3,2016-09-25,CAR,MIN,6.0,43.0,0.7050630837293135,0,0.6803971455818445,0.6477577501496806,0.7050630837293135,extratrees
2016_03_DEN_CIN,2016,3,2016-09-25,CIN,DEN,3.5,42.0,0.6314864248974542,0,0.5722290118901141,0.5461884700612352,0.6314864248974542,extratrees
2016_03_CHI_DAL,2016,3,2016-09-25,DAL,CHI,6.5,45.0,0.7050630837293135,1,0.7060765351971022,0.6724780677358272,0.7050630837293135,extratrees
2016_03_DET_GB,2016,3,2016-09-25,GB,DET,6.0,47.5,0.7050630837293135,1,0.6591461093111877,0.6275022030082342,0.7050630837293135,extratrees
2016_03_SD_IND,2016,3,2016-09-25,IND,SD,1.5,51.5,0.5460453954604539,1,0.5583323363509395,0.5333715732866862,0.5460453954604539,extratrees
2016_03_BAL_JAX,2016,3,2016-09-25,JAX,BAL,-1.0,45.0,0.478202846975089,0,0.4327020138809034,0.418907797444481,0.478202846975089,extratrees
2016_03_NYJ_KC,2016,3,2016-09-25,KC,NYJ,3.0,44.5,0.6093979441997063,1,0.6068205318672147,0.5782908388680338,0.6093979441997063,extratrees
2016_03_CLE_MIA,2016,3,2016-09-25,MIA,CLE,10.0,42.0,0.7882908557935022,1,0.738365943320924,0.7039923214415535,0.7882908557935022,extratrees
2016_03_WAS_NYG,2016,3,2016-09-25,NYG,WAS,3.5,47.0,0.6200671122327297,0,0.5980368399762053,0.5701102433213706,0.6200671122327297,extratrees
2016_03_PIT_PHI,2016,3,2016-09-25,PHI,PIT,-3.5,46.5,0.360293204124736,1,0.4625769781666087,0.4459642242282689,0.360293204124736,extratrees
2016_03_SF_SEA,2016,3,2016-09-25,SEA,SF,10.5,42.0,0.801195676184097,1,0.7624047836876788,0.7278103684635814,0.801195676184097,extratrees
2016_03_LA_TB,2016,3,2016-09-25,TB,LA,3.5,40.5,0.6186511705872493,0,0.548800434785315,0.524603780251104,0.6186511705872493,extratrees
2016_03_OAK_TEN,2016,3,2016-09-25,TEN,OAK,-1.5,47.0,0.4672897196261682,0,0.4281658082092736,0.4148042316695122,0.4672897196261682,extratrees
2016_03_ATL_NO,2016,3,2016-09-26,NO,ATL,2.5,54.0,0.5965083053348824,0,0.5660898075709178,0.540521093895096,0.5965083053348824,extratrees
2016_04_MIA_CIN,2016,4,2016-09-29,CIN,MIA,7.5,46.0,0.75416247625433,1,0.7132741873015633,0.6794591381081324,0.75416247625433,extratrees
2016_04_LA_ARI,2016,4,2016-10-02,ARI,LA,10.0,43.5,0.7863656389496172,0,0.6946050162465462,0.661400086008442,0.7863656389496172,extratrees
2016_04_CAR_ATL,2016,4,2016-10-02,ATL,CAR,-2.5,48.5,0.43391066545123064,1,0.5083567957396413,0.4875863765786722,0.43391066545123064,extratrees
2016_04_OAK_BAL,2016,4,2016-10-02,BAL,OAK,3.5,45.0,0.6332518337408314,0,0.6298016959485457,0.599797715450001,0.6332518337408314,extratrees
2016_04_DET_CHI,2016,4,2016-10-02,CHI,DET,-3.0,48.0,0.37665039500700276,1,0.3870079679509984,0.3775980273529526,0.37665039500700276,extratrees
2016_04_TEN_HOU,2016,4,2016-10-02,HOU,TEN,4.0,40.0,0.6463391320971134,1,0.7084725880156447,0.6747993658907744,0.6463391320971134,extratrees
2016_04_IND_JAX,2016,4,2016-10-02,JAX,IND,1.0,48.0,0.5023229882921391,1,0.424960881404896,0.4119055213688368,0.5023229882921391,extratrees
2016_04_BUF_NE,2016,4,2016-10-02,NE,BUF,3.5,41.0,0.6143408084559349,0,0.6699337811199538,0.6377630123797615,0.6143408084559349,extratrees
2016_04_SEA_NYJ,2016,4,2016-10-02,NYJ,SEA,-1.0,40.0,0.4827086071703758,0,0.4814843733692214,0.4631256609599246,0.4827086071703758,extratrees
2016_04_KC_PIT,2016,4,2016-10-02,PIT,KC,3.0,48.0,0.6233496049929973,1,0.6014358938774086,0.5732734473808212,0.6233496049929973,extratrees
2016_04_NO_SD,2016,4,2016-10-02,SD,NO,4.0,54.0,0.6463391320971134,0,0.6245134198134468,0.5948347791793778,0.6463391320971134,extratrees
2016_04_DAL_SF,2016,4,2016-10-02,SF,DAL,-1.0,44.0,0.46214743124779806,0,0.5081180527090621,0.487368639191925,0.46214743124779806,extratrees
2016_04_DEN_TB,2016,4,2016-10-02,TB,DEN,-3.5,43.0,0.3813488294127508,0,0.3248008646887638,0.32129845751554886,0.3813488294127508,extratrees
2016_04_CLE_WAS,2016,4,2016-10-02,WAS,CLE,7.5,48.0,0.75416247625433,1,0.6974243582939589,0.6641173412742437,0.75416247625433,extratrees
2016_04_NYG_MIN,2016,4,2016-10-03,MIN,NYG,3.5,42.5,0.6451127819548872,1,0.7062139064996533,0.6726110823644051,0.6451127819548872,extratrees
2016_05_ARI_SF,2016,5,2016-10-06,SF,ARI,-3.5,42.5,0.36284835962304085,0,0.4571506586454469,0.441045073319229,0.36284835962304085,extratrees
2016_05_WAS_BAL,2016,5,2016-10-09,BAL,WAS,4.0,44.5,0.6451127819548872,0,0.6234970028240414,0.5938818738799072,0.6451127819548872,extratrees
2016_05_NE_CLE,2016,5,2016-10-09,CLE,NE,-10.0,47.5,0.20128087831655989,0,0.311838999911129,0.30953062283703886,0.20128087831655989,extratrees
2016_05_CIN_DAL,2016,5,2016-10-09,DAL,CIN,-2.5,46.0,0.453954604539546,1,0.5335119065018424,0.5105774661535727,0.453954604539546,extratrees
2016_05_ATL_DEN,2016,5,2016-10-09,DEN,ATL,3.5,44.5,0.6451127819548872,0,0.6401268996490647,0.6095130912084736,0.6451127819548872,extratrees
2016_05_PHI_DET,2016,5,2016-10-09,DET,PHI,-3.5,46.0,0.36674816625916873,1,0.4165626410601132,0.4043115112583222,0.36674816625916873,extratrees
2016_05_NYG_GB,2016,5,2016-10-09,GB,NYG,7.0,49.0,0.7368896226171744,1,0.7570138900050286,0.7224402378038868,0.7368896226171744,extratrees
2016_05_CHI_IND,2016,5,2016-10-09,IND,CHI,4.0,47.5,0.6527218785216531,1,0.631439291990932,0.6013363246742414,0.6527218785216531,extratrees
2016_05_BUF_LA,2016,5,2016-10-09,LA,BUF,-2.5,41.5,0.4519505233111322,0,0.501878862871111,0.48168124630033177,0.4519505233111322,extratrees
2016_05_TEN_MIA,2016,5,2016-10-09,MIA,TEN,2.5,44.5,0.5586071603727317,0,0.6075195744382521,0.5789427882405154,0.5586071603727317,extratrees
2016_05_HOU_MIN,2016,5,2016-10-09,MIN,HOU,6.0,39.0,0.6969696969696969,1,0.7017449948593606,0.6682882705663801,0.6969696969696969,extratrees
2016_05_SD_OAK,2016,5,2016-10-09,OAK,SD,3.5,50.5,0.6332518337408314,1,0.5921058329996536,0.5645980322812753,0.6332518337408314,extratrees
2016_05_NYJ_PIT,2016,5,2016-10-09,PIT,NYJ,10.0,50.0,0.7770903466472567,1,0.8033149808569688,0.7691697689947162,0.7770903466472567,extratrees
2016_05_TB_CAR,2016,5,2016-10-10,CAR,TB,6.0,46.5,0.6921645130114186,0,0.6886539269721216,0.655675648290217,0.6921645130114186,extratrees
2016_06_DEN_SD,2016,6,2016-10-13,SD,DEN,-3.0,44.0,0.413907284768212,1,0.4215219680662306,0.40879563070427316,0.413907284768212,extratrees
2016_06_SF_BUF,2016,6,2016-10-16,BUF,SF,7.5,44.0,0.7353719494266393,1,0.7798739510834719,0.745334849885478,0.7353719494266393,extratrees
2016_06_JAX_CHI,2016,6,2016-10-16,CHI,JAX,2.5,46.0,0.5679213219076544,0,0.5618128741404619,0.5365777548455998,0.5679213219076544,extratrees
2016_06_LA_DET,2016,6,2016-10-16,DET,LA,2.5,44.0,0.5775497887748944,1,0.5711174249171544,0.5451616886508756,0.5775497887748944,extratrees
2016_06_DAL_GB,2016,6,2016-10-16,GB,DAL,5.0,47.0,0.6862401891869245,0,0.694848184136494,0.6616343135673745,0.6862401891869245,extratrees
2016_06_IND_HOU,2016,6,2016-10-16,HOU,IND,3.0,47.5,0.6002460024600246,1,0.5691767686960879,0.5433697566294462,0.6002460024600246,extratrees
2016_06_PIT_MIA,2016,6,2016-10-16,MIA,PIT,-7.5,49.5,0.26462805057336075,1,0.3009348267187812,0.29961521313556894,0.26462805057336075,extratrees
2016_06_CIN_NE,2016,6,2016-10-16,NE,CIN,7.5,48.5,0.7516485398646913,1,0.7540755708932588,0.719520421147711,0.7516485398646913,extratrees
2016_06_CAR_NO,2016,6,2016-10-16,NO,CAR,-2.5,53.5,0.4320786780923455,1,0.4888611451686325,0.46983145403478777,0.4320786780923455,extratrees
2016_06_BAL_NYG,2016,6,2016-10-16,NYG,BAL,3.5,42.5,0.6397067958752639,1,0.5877722799911228,0.5605761673980201,0.6397067958752639,extratrees
2016_06_KC_OAK,2016,6,2016-10-16,OAK,KC,-1.0,46.5,0.46214743124779806,0,0.4603861268159234,0.4439778439823727,0.46214743124779806,extratrees
2016_06_ATL_SEA,2016,6,2016-10-16,SEA,ATL,7.0,45.5,0.7333014887349733,1,0.7179719176683587,0.6840286120588225,0.7333014887349733,extratrees
2016_06_CLE_TEN,2016,6,2016-10-16,TEN,CLE,7.5,45.0,0.7464578672632363,1,0.7151899080882183,0.6813212882900144,0.7464578672632363,extratrees
2016_06_PHI_WAS,2016,6,2016-10-16,WAS,PHI,-3.0,45.0,0.413907284768212,1,0.4671401858003103,0.45010290007258663,0.413907284768212,extratrees
2016_06_NYJ_ARI,2016,6,2016-10-17,ARI,NYJ,7.5,46.0,0.7590361445783131,1,0.7202438928692637,0.6862423568580418,0.7590361445783131,extratrees
2016_07_CHI_GB,2016,7,2016-10-20,GB,CHI,7.5,46.5,0.7516485398646913,1,0.7806184739417416,0.746086067433324,0.7516485398646913,extratrees
2016_07_SD_ATL,2016,7,2016-10-23,ATL,SD,4.5,52.5,0.658869395711501,0,0.6784444111851313,0.6458892043976406,0.658869395711501,extratrees
2016_07_CLE_CIN,2016,7,2016-10-23,CIN,CLE,11.5,46.5,0.8316708229426435,1,0.7830070817381741,0.7484986351048447,0.8316708229426435,extratrees
2016_07_WAS_DET,2016,7,2016-10-23,DET,WAS,-1.0,50.0,0.5,1,0.5378902056255979,0.514589896324643,0.5,extratrees
2016_07_OAK_JAX,2016,7,2016-10-23,JAX,OAK,1.5,47.5,0.537852568752202,0,0.5251162098888141,0.5028926760043572,0.537852568752202,extratrees
2016_07_NO_KC,2016,7,2016-10-23,KC,NO,6.0,51.0,0.6930878035761944,1,0.7514901896632239,0.7169554357877693,0.6930878035761944,extratrees
2016_07_NYG_LA,2016,7,2016-10-23,LA,NYG,-3.0,44.5,0.4224502112251056,0,0.46568288163212707,0.44878097095650643,0.4224502112251056,extratrees
2016_07_BUF_MIA,2016,7,2016-10-23,MIA,BUF,-2.5,46.0,0.44139283962726833,1,0.39014384490468124,0.3804322590053714,0.44139283962726833,extratrees
2016_07_BAL_NYJ,2016,7,2016-10-23,NYJ,BAL,2.0,40.5,0.537852568752202,1,0.48586651445289436,0.46710845548116614,0.537852568752202,extratrees
2016_07_MIN_PHI,2016,7,2016-10-23,PHI,MIN,-2.5,39.0,0.4519505233111322,1,0.4814157375361986,0.4630632970326669,0.4519505233111322,extratrees
2016_07_NE_PIT,2016,7,2016-10-23,PIT,NE,-7.5,49.0,0.271105010295127,0,0.4104447623876515,0.3987808106430308,0.271105010295127,extratrees
2016_07_TB_SF,2016,7,2016-10-23,SF,TB,1.0,45.0,0.521797153024911,0,0.5044981204002221,0.48406819542717977,0.521797153024911,extratrees
2016_07_IND_TEN,2016,7,2016-10-23,TEN,IND,4.0,48.5,0.6451127819548872,0,0.5728405858057041,0.546753505130076,0.6451127819548872,extratrees
2016_07_HOU_DEN,2016,7,2016-10-24,DEN,HOU,8.5,40.0,0.7750359478640011,1,0.7655409652277722,0.7309424777337866,0.7750359478640011,extratrees
2016_08_JAX_TEN,2016,8,2016-10-27,TEN,JAX,3.0,43.5,0.5757997218358832,1,0.5603593834917077,0.5352385263597361,0.5757997218358832,extratrees
2016_08_GB_ATL,2016,8,2016-10-30,ATL,GB,3.0,51.0,0.5916792592354435,1,0.5851153645940659,0.5581126676059225,0.5916792592354435,extratrees
2016_08_NE_BUF,2016,8,2016-10-30,BUF,NE,-5.5,48.0,0.3149976492712741,0,0.4413461625130445,0.4267304174519245,0.3149976492712741,extratrees
2016_08_ARI_CAR,2016,8,2016-10-30,CAR,ARI,2.5,45.5,0.5586071603727317,1,0.5318148345608738,0.5090231201215218,0.5586071603727317,extratrees
2016_08_NYJ_CLE,2016,8,2016-10-30,CLE,NYJ,-2.5,45.5,0.44139283962726833,0,0.43423291227949834,0.4202929096437559,0.44139283962726833,extratrees
2016_08_PHI_DAL,2016,8,2016-10-30,DAL,PHI,5.0,44.0,0.6757296083811425,1,0.6304379489042187,0.6003954093385989,0.6757296083811425,extratrees
2016_08_SD_DEN,2016,8,2016-10-30,DEN,SD,3.5,43.0,0.6233496049929973,1,0.6600420333126193,0.6283527363723698,0.6233496049929973,extratrees
2016_08_DET_HOU,2016,8,2016-10-30,HOU,DET,1.0,46.5,0.5092984332140034,1,0.5038339401845138,0.4834628337638521,0.5092984332140034,extratrees
2016_08_KC_IND,2016,8,2016-10-30,IND,KC,-3.0,50.5,0.4320786780923455,0,0.46463899678368803,0.44783417527691477,0.4320786780923455,extratrees
2016_08_SEA_NO,2016,8,2016-10-30,NO,SEA,-1.0,50.0,0.5,1,0.4537497486109851,0.43796323964215916,0.5,extratrees
2016_08_OAK_TB,2016,8,2016-10-30,TB,OAK,1.0,48.0,0.5262215623771888,0,0.5101567031300309,0.4892281850855104,0.5262215623771888,extratrees
2016_08_MIN_CHI,2016,8,2016-10-31,CHI,MIN,-5.5,39.5,0.3199224430441105,1,0.3019008839211324,0.3004943124205257,0.3199224430441105,extratrees
2016_09_ATL_TB,2016,9,2016-11-03,TB,ATL,-4.5,49.0,0.3437781785392245,0,0.3563490965796965,0.3498765708423815,0.3437781785392245,extratrees
2016_09_PIT_BAL,2016,9,2016-11-06,BAL,PIT,-3.5,46.0,0.4066985645933015,1,0.4229360443039519,0.41007436009734105,0.4066985645933015,extratrees
2016_09_DAL_CLE,2016,9,2016-11-06,CLE,DAL,-7.0,49.0,0.2749213753136153,0,0.27790078751245256,0.2786120256379075,0.2749213753136153,extratrees
2016_09_IND_GB,2016,9,2016-11-06,GB,IND,7.5,52.0,0.75416247625433,0,0.7370728958979853,0.7027202112768134,0.75416247625433,extratrees
2016_09_JAX_KC,2016,9,2016-11-06,KC,JAX,7.0,42.5,0.7319034852546917,1,0.7988685423914558,0.7646185622194431,0.7319034852546917,extratrees
2016_09_CAR_LA,2016,9,2016-11-06,LA,CAR,-3.0,44.5,0.43026174256005734,0,0.4530146531265753,0.4372972281532162,0.43026174256005734,extratrees
2016_09_NYJ_MIA,2016,9,2016-11-06,MIA,NYJ,3.5,45.0,0.6397067958752639,1,0.5844814681941517,0.5575251736359649,0.6397067958752639,extratrees
2016_09_DET_MIN,2016,9,2016-11-06,MIN,DET,4.0,42.5,0.6438780948689375,0,0.6248838179917573,0.5951821106569573,0.6438780948689375,extratrees
2016_09_PHI_NYG,2016,9,2016-11-06,NYG,PHI,3.0,42.5,0.5844112492697988,1,0.5270319614905045,0.5046451604195193,0.5844112492697988,extratrees
2016_09_DEN_OAK,2016,9,2016-11-06,OAK,DEN,1.0,44.5,0.4930284439486894,1,0.4835485584641909,0.4650014661107654,0.4930284439486894,extratrees
2016_09_TEN_SD,2016,9,2016-11-06,SD,TEN,3.5,47.5,0.6261005910022917,1,0.6374707920421551,0.6070105795422734,0.6261005910022917,extratrees
2016_09_NO_SF,2016,9,2016-11-06,SF,NO,-5.0,53.0,0.3366422097539922,0,0.3660092850782279,0.35861464117451636,0.3366422097539922,extratrees
2016_09_BUF_SEA,2016,9,2016-11-07,SEA,BUF,5.5,43.5,0.6712553934662009,1,0.679411297424991,0.6468142146678372,0.6712553934662009,extratrees
2016_10_CLE_BAL,2016,10,2016-11-10,BAL,CLE,7.5,44.0,0.7566244633432689,1,0.7835841063838653,0.749082019062445,0.7566244633432689,extratrees
2016_10_SF_ARI,2016,10,2016-11-13,ARI,SF,14.0,46.5,0.8733924168721262,1,0.8341176934782434,0.8011269587584093,0.8733924168721262,extratrees
2016_10_KC_CAR,2016,10,2016-11-13,CAR,KC,3.0,44.0,0.6143408084559349,0,0.5849656924741147,0.5579739429032395,0.6143408084559349,extratrees
2016_10_HOU_JAX,2016,10,2016-11-13,JAX,HOU,3.0,42.0,0.5949110703209063,0,0.47083372635542065,0.4534542190754668,0.5949110703209063,extratrees
2016_10_SEA_NE,2016,10,2016-11-13,NE,SEA,7.5,49.5,0.7382366085679627,0,0.6869430026552219,0.6540326431811265,0.7382366085679627,extratrees
2016_10_DEN_NO,2016,10,2016-11-13,NO,DEN,3.0,50.0,0.5860927152317882,0,0.5350115494223043,0.5119514080362935,0.5860927152317882,extratrees
2016_10_LA_NYJ,2016,10,2016-11-13,NYJ,LA,-1.0,39.0,0.478202846975089,0,0.44816582432608754,0.432905079125814,0.478202846975089,extratrees
2016_10_ATL_PHI,2016,10,2016-11-13,PHI,ATL,2.0,48.5,0.537852568752202,1,0.5746531839687451,0.5484286723403349,0.537852568752202,extratrees
2016_10_DAL_PIT,2016,10,2016-11-13,PIT,DAL,3.0,50.5,0.6186511705872493,0,0.5949608308690728,0.567250296483073,0.6186511705872493,extratrees
2016_10_MIA_SD,2016,10,2016-11-13,SD,MIA,4.0,48.5,0.6487671491207393,0,0.6072100585935765,0.5786541071920664,0.6487671491207393,extratrees
2016_10_CHI_TB,2016,10,2016-11-13,TB,CHI,-2.5,45.0,0.4224502112251056,1,0.4812090453019692,0.46287549535327405,0.4224502112251056,extratrees
2016_10_GB_TEN,2016,10,2016-11-13,TEN,GB,-3.0,48.5,0.43026174256005734,1,0.4068919632997204,0.3955693771391533,0.43026174256005734,extratrees
2016_10_MIN_WAS,2016,10,2016-11-13,WAS,MIN,2.5,42.0,0.5775497887748944,1,0.5678218948962325,0.5421192132861036,0.5775497887748944,extratrees
2016_10_CIN_NYG,2016,10,2016-11-14,NYG,CIN,-1.0,49.5,0.4827086071703758,1,0.4929345006197605,0.47353705350494385,0.4827086071703758,extratrees
2016_11_NO_CAR,2016,11,2016-11-17,CAR,NO,3.5,52.5,0.6328092676872155,1,0.6067963436363828,0.5782682825762537,0.6328092676872155,extratrees
2016_11_BUF_CIN,2016,11,2016-11-20,CIN,BUF,2.5,48.0,0.562379468921525,0,0.5547899726243464,0.5301110294285858,0.562379468921525,extratrees
2016_11_PIT_CLE,2016,11,2016-11-20,CLE,PIT,-8.0,45.5,0.2624351932652328,0,0.2830819061650457,0.28334398544857875,0.2624351932652328,extratrees
2016_11_BAL_DAL,2016,11,2016-11-20,DAL,BAL,7.0,44.5,0.7319034852546917,1,0.730109365760092,0.6958845029859388,0.7319034852546917,extratrees
2016_11_JAX_DET,2016,11,2016-11-20,DET,JAX,5.5,47.0,0.6800775569558896,1,0.7650290070963117,0.7304307765731389,0.6800775569558896,extratrees
2016_11_TEN_IND,2016,11,2016-11-20,IND,TEN,3.0,53.5,0.5697382574399427,1,0.5891821393058656,0.561884104887669,0.5697382574399427,extratrees
2016_11_TB_KC,2016,11,2016-11-20,KC,TB,7.0,45.0,0.7258155230596175,0,0.7843218384598099,0.749828207518647,0.7258155230596175,extratrees
2016_11_MIA_LA,2016,11,2016-11-20,LA,MIA,1.0,39.0,0.5046466242274987,0,0.4682950786618334,0.4511506491662377,0.5046466242274987,extratrees
2016_11_ARI_MIN,2016,11,2016-11-20,MIN,ARI,2.0,39.5,0.5419847328244275,1,0.556299411994759,0.5315000666024438,0.5419847328244275,extratrees
2016_11_CHI_NYG,2016,11,2016-11-20,NYG,CHI,7.0,41.5,0.7211503458318166,1,0.7464866152404258,0.7120020856192661,0.7211503458318166,extratrees
2016_11_PHI_SEA,2016,11,2016-11-20,SEA,PHI,6.5,43.0,0.7086409898223908,1,0.7081858131752902,0.6745213996699396,0.7086409898223908,extratrees
2016_11_NE_SF,2016,11,2016-11-20,SF,NE,-10.5,51.5,0.18662519440124417,0,0.2469150493687116,0.2501999772677945,0.18662519440124417,extratrees
2016_11_GB_WAS,2016,11,2016-11-20,WAS,GB,2.5,48.5,0.556697108066971,1,0.5671201207160654,0.5414716381570248,0.556697108066971,extratrees
2016_11_HOU_OAK,2016,11,2016-11-21,OAK,HOU,6.5,45.5,0.6996383748138693,1,0.6060914683580351,0.5776110350344525,0.6996383748138693,extratrees
2016_12_WAS_DAL,2016,12,2016-11-24,DAL,WAS,5.5,53.0,0.6810745187212147,1,0.6670573366131827,0.6350228064792474,0.6810745187212147,extratrees
2016_12_MIN_DET,2016,12,2016-11-24,DET,MIN,2.0,42.0,0.5305667495498585,1,0.5395490774813958,0.5161110479988118,0.5305667495498585,extratrees
2016_12_PIT_IND,2016,12,2016-11-24,IND,PIT,-8.0,50.0,0.21891418563922943,0,0.41250651910991326,0.40064458340402453,0.21891418563922943,extratrees
2016_12_ARI_ATL,2016,12,2016-11-27,ATL,ARI,3.5,49.0,0.6358607389362566,1,0.5903775380514973,0.5629934761438405,0.6358607389362566,extratrees
2016_12_CIN_BAL,2016,12,2016-11-27,BAL,CIN,3.5,42.0,0.6332518337408314,1,0.570935557127729,0.5449937225632707,0.6332518337408314,extratrees
2016_12_JAX_BUF,2016,12,2016-11-27,BUF,JAX,8.5,43.5,0.7590361445783131,1,0.8336616466272752,0.8006479634088681,0.7590361445783131,extratrees
2016_12_TEN_CHI,2016,12,2016-11-27,CHI,TEN,-6.5,41.5,0.303030303030303,0,0.3752200397360103,0.3669427715776217,0.303030303030303,extratrees
2016_12_NYG_CLE,2016,12,2016-11-27,CLE,NYG,-6.5,47.0,0.28970863363304095,0,0.30294413580362256,0.301443512345354,0.28970863363304095,extratrees
2016_12_KC_DEN,2016,12,2016-11-27,DEN,KC,3.5,40.0,0.6261005910022917,0,0.5951413496271166,0.5674180672510782,0.6261005910022917,extratrees
2016_12_SD_HOU,2016,12,2016-11-27,HOU,SD,-2.5,45.5,0.4519505233111322,0,0.5098319575849533,0.48893192955407666,0.4519505233111322,extratrees
2016_12_SF_MIA,2016,12,2016-11-27,MIA,SF,7.0,44.5,0.7382366085679627,1,0.7704505581338392,0.7358577987844537,0.7382366085679627,extratrees
2016_12_LA_NO,2016,12,2016-11-27,NO,LA,7.5,46.0,0.7490809359864622,1,0.6429450628792428,0.6121708264809786,0.7490809359864622,extratrees
2016_12_NE_NYJ,2016,12,2016-11-27,NYJ,NE,-9.0,48.0,0.21170914420649786,0,0.266010346858284,0.26773333589227916,0.21170914420649786,extratrees
2016_12_CAR_OAK,2016,12,2016-11-27,OAK,CAR,3.5,48.5,0.6063931297709924,1,0.5928076791383193,0.5652498462325096,0.6063931297709924,extratrees
2016_12_SEA_TB,2016,12,2016-11-27,TB,SEA,-5.0,46.0,0.32874460653379906,1,0.3826692748707982,0.3736765086219264,0.32874460653379906,extratrees
2016_12_GB_PHI,2016,12,2016-11-28,PHI,GB,4.0,47.0,0.6463391320971134,0,0.6354951700004658,0.6051506900131621,0.6463391320971134,extratrees
2016_13_DAL_MIN,2016,13,2016-12-01,MIN,DAL,-3.0,43.5,0.40995560164630396,0,0.40346459360404363,0.3924715162353522,0.40995560164630396,extratrees
2016_13_WAS_ARI,2016,13,2016-12-04,ARI,WAS,2.5,48.5,0.556697108066971,1,0.5599396641146659,0.5348518851851235,0.556697108066971,extratrees
2016_13_KC_ATL,2016,13,2016-12-04,ATL,KC,5.0,50.0,0.658869395711501,0,0.6126724700805432,0.5837527637117619,0.658869395711501,extratrees
2016_13_MIA_BAL,2016,13,2016-12-04,BAL,MIA,3.5,41.5,0.6332518337408314,1,0.6148826698567514,0.5858181878309529,0.6332518337408314,extratrees
2016_13_SF_CHI,2016,13,2016-12-04,CHI,SF,-0.0,44.0,0.4715960714749275,1,0.508226723901606,0.4874677480090651,0.4715960714749275,extratrees
2016_13_PHI_CIN,2016,13,2016-12-04,CIN,PHI,1.0,42.0,0.5284039285250725,1,0.5229737736935282,0.5009335422136965,0.5284039285250725,extratrees
2016_13_HOU_GB,2016,13,2016-12-04,GB,HOU,7.0,44.5,0.7390555330360762,1,0.6359353065432042,0.605564934158436,0.7390555330360762,extratrees
2016_13_DEN_JAX,2016,13,2016-12-04,JAX,DEN,-3.5,39.0,0.3752699784017279,0,0.3614974214633695,0.354533990251684,0.3752699784017279,extratrees
2016_13_LA_NE,2016,13,2016-12-04,NE,LA,13.0,44.5,0.8613376835236541,1,0.882664732068305,0.8533168815560532,0.8613376835236541,extratrees
2016_13_DET_NO,2016,13,2016-12-04,NO,DET,6.5,53.0,0.7219084035804293,0,0.6261096508803061,0.5963319025605056,0.7219084035804293,extratrees
2016_13_BUF_OAK,2016,13,2016-12-04,OAK,BUF,3.0,48.5,0.5860927152317882,1,0.5826907076454144,0.5558660291704722,0.5860927152317882,extratrees
2016_13_NYG_PIT,2016,13,2016-12-04,PIT,NYG,7.0,49.5,0.741037721131946,1,0.6824754282152062,0.6497481131030661,0.741037721131946,extratrees
2016_13_TB_SD,2016,13,2016-12-04,SD,TB,3.5,49.0,0.6332518337408314,0,0.6127837551310612,0.5838567257298478,0.6332518337408314,extratrees
2016_13_CAR_SEA,2016,13,2016-12-04,SEA,CAR,8.5,44.0,0.7750359478640011,1,0.727327605538181,0.6931607808868955,0.7750359478640011,extratrees
2016_13_IND_NYJ,2016,13,2016-12-05,NYJ,IND,1.0,48.5,0.537852568752202,0,0.5584709117210825,0.533499176742104,0.537852568752202,extratrees
2016_14_OAK_KC,2016,14,2016-12-08,KC,OAK,3.5,46.0,0.6499689771835965,1,0.6208155539698574,0.5913694717588013,0.6499689771835965,extratrees
2016_14_PIT_BUF,2016,14,2016-12-11,BUF,PIT,-1.0,45.5,0.478202846975089,0,0.4841992796020828,0.46559290068257436,0.478202846975089,extratrees
2016_14_SD_CAR,2016,14,2016-12-11,CAR,SD,1.0,48.5,0.5162468054034319,1,0.5456026276339532,0.5216663576798387,0.5162468054034319,extratrees
2016_14_CIN_CLE,2016,14,2016-12-11,CLE,CIN,-4.0,42.0,0.36284835962304085,0,0.3138477237153528,0.31135555504242435,0.36284835962304085,extratrees
2016_14_CHI_DET,2016,14,2016-12-11,DET,CHI,7.5,42.0,0.7403802739176241,1,0.7876925290332871,0.7532422281426356,0.7403802739176241,extratrees
2016_14_SEA_GB,2016,14,2016-12-11,GB,SEA,-3.0,47.0,0.4224502112251056,1,0.35580468711383173,0.34938399383472035,0.4224502112251056,extratrees
2016_14_HOU_IND,2016,14,2016-12-11,IND,HOU,6.5,47.5,0.7121294639383801,0,0.6314207291425913,0.6013188791653711,0.7121294639383801,extratrees
2016_14_MIN_JAX,2016,14,2016-12-11,JAX,MIN,-3.0,38.0,0.3856591915440651,0,0.36913374265258647,0.36144001204089266,0.3856591915440651,extratrees
2016_14_ATL_LA,2016,14,2016-12-11,LA,ATL,-4.5,44.0,0.341130604288499,0,0.3268685330786709,0.32317400022520015,0.341130604288499,extratrees
2016_14_ARI_MIA,2016,14,2016-12-11,MIA,ARI,-2.0,44.0,0.46214743124779806,1,0.4542170042145323,0.4383866039617498,0.46214743124779806,extratrees
2016_14_DAL_NYG,2016,14,2016-12-11,NYG,DAL,-3.5,47.0,0.36674816625916873,1,0.39632681068973785,0.38602034539949,0.36674816625916873,extratrees
2016_14_WAS_PHI,2016,14,2016-12-11,PHI,WAS,-1.5,48.5,0.4672897196261682,0,0.444140782525442,0.42926036280738195,0.4672897196261682,extratrees
2016_14_NYJ_SF,2016,14,2016-12-11,SF,NYJ,3.0,42.5,0.5792858120125872,0,0.5587493192761519,0.5337555530603004,0.5792858120125872,extratrees
2016_14_NO_TB,2016,14,2016-12-11,TB,NO,2.0,52.0,0.5480494766888677,1,0.5522493542873124,0.5277741112358043,0.5480494766888677,extratrees
2016_14_DEN_TEN,2016,14,2016-12-11,TEN,DEN,2.0,44.0,0.5480494766888677,1,0.5204610576496769,0.4986367563533271,0.5480494766888677,extratrees
2016_14_BAL_NE,2016,14,2016-12-12,NE,BAL,6.0,45.5,0.6958254667505769,1,0.7134573588604399,0.6796371125625948,0.6958254667505769,extratrees
2016_15_LA_SEA,2016,15,2016-12-15,SEA,LA,15.0,39.5,0.8948106591865358,1,0.8607485343213358,0.8294426953813734,0.8948106591865358,extratrees
2016_15_MIA_NYJ,2016,15,2016-12-17,NYJ,MIA,-2.5,40.0,0.4224502112251056,0,0.4464857613377135,0.43138363435715493,0.4224502112251056,extratrees
2016_15_NO_ARI,2016,15,2016-12-18,ARI,NO,3.0,48.5,0.5916792592354435,0,0.5922432573630305,0.5647256502281226,0.5916792592354435,extratrees
2016_15_SF_ATL,2016,15,2016-12-18,ATL,SF,13.5,51.5,0.8785818358426419,1,0.8661069950135426,0.83522845050438,0.8785818358426419,extratrees
2016_15_PHI_BAL,2016,15,2016-12-18,BAL,PHI,5.0,41.0,0.6757296083811425,1,0.6637742941113497,0.6318990611740636,0.6757296083811425,extratrees
2016_15_CLE_BUF,2016,15,2016-12-18,BUF,CLE,10.5,43.5,0.8035500078232298,1,0.8559774172470365,0.8243172938876617,0.8035500078232298,extratrees
2016_15_GB_CHI,2016,15,2016-12-18,CHI,GB,-4.5,40.0,0.3242703916188576,0,0.3237735977479299,0.32036648411328456,0.3242703916188576,extratrees
2016_15_PIT_CIN,2016,15,2016-12-18,CIN,PIT,-3.0,45.5,0.4066985645933015,0,0.43599647270639397,0.4218886767182008,0.4066985645933015,extratrees
2016_15_TB_DAL,2016,15,2016-12-18,DAL,TB,7.0,47.5,0.7288949897048731,1,0.7161588106796336,0.6822637598094066,0.7288949897048731,extratrees
2016_15_NE_DEN,2016,15,2016-12-18,DEN,NE,-3.0,43.5,0.413907284768212,0,0.43661262988354155,0.4224462486551757,0.413907284768212,extratrees
2016_15_JAX_HOU,2016,15,2016-12-18,HOU,JAX,3.5,39.5,0.6332518337408314,1,0.7023726461915313,0.6688948613538166,0.6332518337408314,extratrees
2016_15_TEN_KC,2016,15,2016-12-18,KC,TEN,6.0,43.0,0.690978748012144,0,0.7563138967183943,0.72174419707939,0.690978748012144,extratrees
2016_15_IND_MIN,2016,15,2016-12-18,MIN,IND,5.0,44.5,0.6881525568730624,0,0.6538433052153081,0.6224739611142933,0.6881525568730624,extratrees
2016_15_DET_NYG,2016,15,2016-12-18,NYG,DET,4.0,42.5,0.6463391320971134,1,0.596007009710779,0.5682227132331971,0.6463391320971134,extratrees
2016_15_OAK_SD,2016,15,2016-12-18,SD,OAK,-2.5,49.5,0.4519505233111322,0,0.40356872844190866,0.39256563720250315,0.4519505233111322,extratrees
2016_15_CAR_WAS,2016,15,2016-12-19,WAS,CAR,7.0,50.5,0.7296116239689737,0,0.6530910473379491,0.621761461507692,0.7296116239689737,extratrees
2016_16_NYG_PHI,2016,16,2016-12-22,PHI,NYG,2.0,42.5,0.5440238883060285,1,0.46672664112157786,0.44972775152753774,0.5440238883060285,extratrees
2016_16_MIA_BUF,2016,16,2016-12-24,BUF,MIA,4.5,44.5,0.6712553934662009,0,0.6144361812026453,0.5854008325076251,0.6712553934662009,extratrees
2016_16_ATL_CAR,2016,16,2016-12-24,CAR,ATL,-3.0,48.5,0.413907284768212,0,0.4471680432680312,0.43200147763784075,0.413907284768212,extratrees
2016_16_WAS_CHI,2016,16,2016-12-24,CHI,WAS,-3.0,49.0,0.4066985645933015,0,0.40720598053376,0.39585321336837465,0.4066985645933015,extratrees
2016_16_SD_CLE,2016,16,2016-12-24,CLE,SD,-4.5,45.0,0.3500310228164034,1,0.34012111525657174,0.33518587814790207,0.3500310228164034,extratrees
2016_16_MIN_GB,2016,16,2016-12-24,GB,MIN,6.0,44.5,0.7086409898223908,1,0.6985795062696026,0.665231660021634,0.7086409898223908,extratrees
2016_16_CIN_HOU,2016,16,2016-12-24,HOU,CIN,3.0,41.5,0.5916792592354435,1,0.5321668257404941,0.5093454671218641,0.5916792592354435,extratrees
2016_16_TEN_JAX,2016,16,2016-12-24,JAX,TEN,-4.0,44.0,0.35488721804511275,1,0.3414455937512598,0.3363855591286853,0.35488721804511275,extratrees
2016_16_SF_LA,2016,16,2016-12-24,LA,SF,6.0,39.5,0.6996383748138693,0,0.6587480416100058,0.6271243960659312,0.6996383748138693,extratrees
2016_16_NYJ_NE,2016,16,2016-12-24,NE,NYJ,17.0,45.0,0.9151868539623641,1,0.9098664000478031,0.8838259691382658,0.9151868539623641,extratrees
2016_16_TB_NO,2016,16,2016-12-24,NO,TB,3.0,53.0,0.6143408084559349,1,0.5655772519741126,0.540048307944414,0.6143408084559349,extratrees
2016_16_IND_OAK,2016,16,2016-12-24,OAK,IND,3.5,52.0,0.6200671122327297,1,0.6041267014129783,0.5757797465694803,0.6200671122327297,extratrees
2016_16_ARI_SEA,2016,16,2016-12-24,SEA,ARI,9.0,43.5,0.7729422894985808,0,0.7695508617419182,0.7349559335838769,0.7729422894985808,extratrees
2016_16_DEN_KC,2016,16,2016-12-25,KC,DEN,3.5,38.5,0.6397067958752639,1,0.6042972829431255,0.5759386975813668,0.6397067958752639,extratrees
2016_16_BAL_PIT,2016,16,2016-12-25,PIT,BAL,5.5,46.5,0.6969696969696969,1,0.6684149075537464,0.6363156875642004,0.6969696969696969,extratrees
2016_16_DET_DAL,2016,16,2016-12-26,DAL,DET,6.5,47.0,0.7194329592439458,1,0.7001431849996861,0.666741002283755,0.7194329592439458,extratrees
2016_17_NO_ATL,2016,17,2017-01-01,ATL,NO,7.5,58.5,0.7590361445783131,1,0.753320067007876,0.7187704814176755,0.7590361445783131,extratrees
2016_17_BAL_CIN,2016,17,2017-01-01,CIN,BAL,-2.5,40.5,0.43391066545123064,1,0.4694249760134326,0.45217584265605365,0.43391066545123064,extratrees
2016_17_OAK_DEN,2016,17,2017-01-01,DEN,OAK,1.0,40.0,0.5284039285250725,1,0.5252215045489228,0.5029889812801649,0.5284039285250725,extratrees
2016_17_GB_DET,2016,17,2017-01-01,DET,GB,-3.5,50.0,0.360293204124736,0,0.4186866285399328,0.4062318805227813,0.360293204124736,extratrees
2016_17_JAX_IND,2016,17,2017-01-01,IND,JAX,5.5,48.5,0.6969696969696969,1,0.739496752987,0.7051055503062017,0.6969696969696969,extratrees
2016_17_ARI_LA,2016,17,2017-01-01,LA,ARI,-7.0,39.0,0.277337559429477,0,0.29550577988897164,0.29467236661465773,0.277337559429477,extratrees
2016_17_NE_MIA,2016,17,2017-01-01,MIA,NE,-7.5,47.0,0.23074365943800232,0,0.3098769325796594,0.3077476036510069,0.23074365943800232,extratrees
2016_17_CHI_MIN,2016,17,2017-01-01,MIN,CHI,6.0,44.0,0.7013921016108003,1,0.6750174699487187,0.6426136660660723,0.7013921016108003,extratrees
2016_17_BUF_NYJ,2016,17,2017-01-01,NYJ,BUF,-3.5,43.0,0.360293204124736,1,0.3551748941079775,0.34881414271945194,0.360293204124736,extratrees
2016_17_DAL_PHI,2016,17,2017-01-01,PHI,DAL,6.5,44.0,0.6930878035761944,1,0.5474278209308222,0.5233426903338849,0.6930878035761944,extratrees
2016_17_CLE_PIT,2016,17,2017-01-01,PIT,CLE,3.5,41.5,0.6397067958752639,1,0.7446787779565542,0.7102158268510389,0.6397067958752639,extratrees
2016_17_KC_SD,2016,17,2017-01-01,SD,KC,-5.5,45.0,0.3149976492712741,0,0.2929696014943616,0.2923618168159562,0.3149976492712741,extratrees
2016_17_SEA_SF,2016,17,2017-01-01,SF,SEA,-11.5,44.5,0.18662519440124417,0,0.24059107288033313,0.24437401687198831,0.18662519440124417,extratrees
2016_17_CAR_TB,2016,17,2017-01-01,TB,CAR,3.5,44.5,0.6397067958752639,1,0.5683544734114054,0.5426107326235977,0.6397067958752639,extratrees
2016_17_HOU_TEN,2016,17,2017-01-01,TEN,HOU,3.0,41.5,0.6063931297709924,1,0.5483805953770433,0.5242180135461842,0.6063931297709924,extratrees
2016_17_NYG_WAS,2016,17,2017-01-01,WAS,NYG,10.0,47.5,0.7918875407389956,0,0.6672974245088371,0.6352514033138206,0.7918875407389956,extratrees
2016_18_OAK_HOU,2016,18,2017-01-07,HOU,OAK,4.0,37.5,0.658869395711501,1,0.6071428014216685,0.5785913808939512,0.658869395711501,extratrees
2016_18_DET_SEA,2016,18,2017-01-07,SEA,DET,8.0,45.5,0.7770903466472567,1,0.7390087346914285,0.7046250355210536,0.7770903466472567,extratrees
2016_18_NYG_GB,2016,18,2017-01-08,GB,NYG,5.0,46.5,0.6611281154350678,1,0.6514609029439509,0.6202181542354475,0.6611281154350678,extratrees
2016_18_MIA_PIT,2016,18,2017-01-08,PIT,MIA,11.0,47.5,0.8373061791252026,1,0.7191110653734325,0.6851382510663669,0.8373061791252026,extratrees
2016_19_SEA_ATL,2016,19,2017-01-14,ATL,SEA,6.5,51.0,0.7137404580152672,1,0.6414976234592297,0.6108054558376461,0.7137404580152672,extratrees
2016_19_HOU_NE,2016,19,2017-01-14,NE,HOU,16.0,44.0,0.901095556908095,1,0.8175621728049448,0.7838543660325018,0.901095556908095,extratrees
2016_19_GB_DAL,2016,19,2017-01-15,DAL,GB,5.5,52.5,0.6810745187212147,0,0.6214606937958904,0.5919737430958241,0.6810745187212147,extratrees
2016_19_PIT_KC,2016,19,2017-01-15,KC,PIT,2.5,45.5,0.5679213219076544,0,0.5809451345357491,0.5542494969881462,0.5679213219076544,extratrees
2016_20_GB_ATL,2016,20,2017-01-22,ATL,GB,6.5,59.5,0.6958254667505769,1,0.6506843963165495,0.6194833377148313,0.6958254667505769,extratrees
2016_20_PIT_NE,2016,20,2017-01-22,NE,PIT,5.5,49.5,0.6691291228800332,1,0.6842226236966755,0.6514227495648061,0.6691291228800332,extratrees
2016_21_NE_ATL,2016,21,2017-02-05,ATL,NE,-3.0,57.0,0.4320786780923455,0,0.4451388204442439,0.43016399697703767,0.4320786780923455,extratrees
2017_01_KC_NE,2017,1,2017-09-07,NE,KC,8.0,47.5,0.7957704474929974,0,0.7445357563104212,0.7873519440947618,0.7957704474929974,extratrees
2017_01_NYJ_BUF,2017,1,2017-09-10,BUF,NYJ,7.0,42.0,0.75416247625433,1,0.6330511661836257,0.6618580847329363,0.75416247625433,extratrees
2017_01_ATL_CHI,2017,1,2017-09-10,CHI,ATL,-6.5,48.0,0.28289498367913557,0,0.30457043689107344,0.2699088970997215,0.28289498367913557,extratrees
2017_01_BAL_CIN,2017,1,2017-09-10,CIN,BAL,2.5,41.5,0.5697382574399427,0,0.5553514131215157,0.5692765323569311,0.5697382574399427,extratrees
2017_01_PIT_CLE,2017,1,2017-09-10,CLE,PIT,-10.0,47.0,0.20128087831655989,0,0.30207416631877054,0.26708832298897567,0.20128087831655989,extratrees
2017_01_NYG_DAL,2017,1,2017-09-10,DAL,NYG,6.0,46.5,0.6958254667505769,1,0.6499600028194382,0.6815667694039315,0.6958254667505769,extratrees
2017_01_ARI_DET,2017,1,2017-09-10,DET,ARI,-2.5,48.5,0.47377843762281124,1,0.4738640705472581,0.47038968999961517,0.47377843762281124,extratrees
2017_01_SEA_GB,2017,1,2017-09-10,GB,SEA,2.5,49.5,0.5586071603727317,1,0.6006684676460892,0.623619611425686,0.5586071603727317,extratrees
2017_01_JAX_HOU,2017,1,2017-09-10,HOU,JAX,5.5,38.0,0.6757296083811425,0,0.620495720107166,0.6471035412432722,0.6757296083811425,extratrees
2017_01_IND_LA,2017,1,2017-09-10,LA,IND,3.5,41.5,0.6332518337408314,1,0.5057706153621003,0.5091720312886693,0.6332518337408314,extratrees
2017_01_CAR_SF,2017,1,2017-09-10,SF,CAR,-4.5,45.5,0.3242703916188576,0,0.36054476633130794,0.33448557282076563,0.3242703916188576,extratrees
2017_01_OAK_TEN,2017,1,2017-09-10,TEN,OAK,2.5,49.5,0.5586071603727317,0,0.5224582767802116,0.5294442015702072,0.5586071603727317,extratrees
2017_01_PHI_WAS,2017,1,2017-09-10,WAS,PHI,-2.0,49.5,0.45801526717557256,0,0.4948847183725275,0.4959386449400369,0.45801526717557256,extratrees
2017_01_LAC_DEN,2017,1,2017-09-11,DEN,LAC,3.0,41.5,0.5775497887748944,1,0.5503488747065907,0.5632342565785068,0.5775497887748944,extratrees
2017_01_NO_MIN,2017,1,2017-09-11,MIN,NO,3.0,47.5,0.6172248803827751,1,0.6275669611857844,0.6554252327457352,0.6172248803827751,extratrees
2017_02_HOU_CIN,2017,2,2017-09-14,CIN,HOU,5.5,38.0,0.6859695689558487,0,0.6690200368919762,0.7035343779455399,0.6859695689558487,extratrees
2017_02_GB_ATL,2017,2,2017-09-17,ATL,GB,3.5,55.0,0.6233496049929973,1,0.6567309696790652,0.6894023322823329,0.6233496049929973,extratrees
2017_02_CLE_BAL,2017,2,2017-09-17,BAL,CLE,7.5,39.5,0.7437774524158125,1,0.7801013293680704,0.8246271756883808,0.7437774524158125,extratrees
2017_02_BUF_CAR,2017,2,2017-09-17,CAR,BUF,6.5,43.0,0.7194329592439458,1,0.699386544367281,0.7379111280238864,0.7194329592439458,extratrees
2017_02_DAL_DEN,2017,2,2017-09-17,DEN,DAL,-2.5,44.0,0.4519505233111322,1,0.5193706260107556,0.5256954062311245,0.4519505233111322,extratrees
2017_02_ARI_IND,2017,2,2017-09-17,IND,ARI,-7.0,44.0,0.277337559429477,0,0.4555270344469549,0.4481356333698605,0.277337559429477,extratrees
2017_02_TEN_JAX,2017,2,2017-09-17,JAX,TEN,-1.0,42.0,0.4827086071703758,0,0.553576364787123,0.5671333330138455,0.4827086071703758,extratrees
2017_02_PHI_KC,2017,2,2017-09-17,KC,PHI,4.0,46.5,0.6499689771835965,1,0.6980160320467059,0.7363776070875211,0.6499689771835965,extratrees
2017_02_WAS_LA,2017,2,2017-09-17,LA,WAS,3.0,45.5,0.5860927152317882,0,0.6012480241348597,0.6243089745570183,0.5860927152317882,extratrees
2017_02_MIA_LAC,2017,2,2017-09-17,LAC,MIA,3.5,46.5,0.6332518337408314,0,0.6256714371638217,0.6531974702154217,0.6332518337408314,extratrees
2017_02_NE_NO,2017,2,2017-09-17,NO,NE,-5.5,55.0,0.32874460653379906,0,0.394513626407933,0.37468974824811496,0.32874460653379906,extratrees
2017_02_NYJ_OAK,2017,2,2017-09-17,OAK,NYJ,14.0,44.0,0.8733924168721262,1,0.8052443742008502,0.8499480144262815,0.8733924168721262,extratrees
2017_02_MIN_PIT,2017,2,2017-09-17,PIT,MIN,8.5,43.0,0.7729422894985808,1,0.7206931741152578,0.761513295256346,0.7729422894985808,extratrees
2017_02_SF_SEA,2017,2,2017-09-17,SEA,SF,13.5,42.0,0.8677248677248677,1,0.7834824350037894,0.8280845390996013,0.8677248677248677,extratrees
2017_02_CHI_TB,2017,2,2017-09-17,TB,CHI,7.0,44.0,0.73621103117506,1,0.7256025039804074,0.766885086329417,0.73621103117506,extratrees
2017_02_DET_NYG,2017,2,2017-09-18,NYG,DET,3.0,42.0,0.6108836002739845,0,0.5853858864147283,0.6053845926280814,0.6108836002739845,extratrees
2017_03_LA_SF,2017,3,2017-09-21,SF,LA,-3.0,40.5,0.43026174256005734,0,0.4273817101120811,0.4141069118556359,0.43026174256005734,extratrees
2017_03_DEN_BUF,2017,3,2017-09-24,BUF,DEN,-3.5,40.0,0.37253858435337944,1,0.42533650900175546,0.41164260242462275,0.37253858435337944,extratrees
2017_03_NO_CAR,2017,3,2017-09-24,CAR,NO,5.5,46.5,0.690978748012144,0,0.6841967530995681,0.7208171381168494,0.690978748012144,extratrees
2017_03_PIT_CHI,2017,3,2017-09-24,CHI,PIT,-7.0,43.5,0.2680965147453084,1,0.28421369751780357,0.2470780521352369,0.2680965147453084,extratrees
2017_03_ATL_DET,2017,3,2017-09-24,DET,ATL,-3.0,51.0,0.38911639972601536,0,0.4677230286544118,0.46293182189363336,0.38911639972601536,extratrees
2017_03_CIN_GB,2017,3,2017-09-24,GB,CIN,7.0,47.5,0.7516485398646913,1,0.7348362055570681,0.7769173651668618,0.7516485398646913,extratrees
2017_03_CLE_IND,2017,3,2017-09-24,IND,CLE,1.0,42.0,0.5240193918025562,1,0.6111105410353879,0.6360138912643263,0.5240193918025562,extratrees
2017_03_BAL_JAX,2017,3,2017-09-24,JAX,BAL,-3.0,38.0,0.3966571791921516,1,0.4083421717771825,0.3912217483142278,0.3966571791921516,extratrees
2017_03_KC_LAC,2017,3,2017-09-24,LAC,KC,-3.0,47.5,0.4224502112251056,0,0.34851012197973325,0.32040631573057016,0.4224502112251056,extratrees
2017_03_TB_MIN,2017,3,2017-09-24,MIN,TB,-0.0,41.0,0.5023229882921391,1,0.5389441862326089,0.5494358817032287,0.5023229882921391,extratrees
2017_03_HOU_NE,2017,3,2017-09-24,NE,HOU,13.5,44.5,0.8866224945131528,1,0.8092088478582934,0.8538555186609991,0.8866224945131528,extratrees
2017_03_MIA_NYJ,2017,3,2017-09-24,NYJ,MIA,-5.5,43.0,0.3253012048192771,1,0.35410253533858277,0.3269369874220837,0.3253012048192771,extratrees
2017_03_NYG_PHI,2017,3,2017-09-24,PHI,NYG,5.0,42.0,0.6800775569558896,1,0.6785874595791382,0.7144522636239676,0.6800775569558896,extratrees
2017_03_SEA_TEN,2017,3,2017-09-24,TEN,SEA,2.0,42.0,0.5520062329567589,1,0.5234576590449652,0.5306573185431683,0.5520062329567589,extratrees
2017_03_OAK_WAS,2017,3,2017-09-24,WAS,OAK,-3.5,53.0,0.36674816625916873,1,0.42238110955395797,0.4080839702800939,0.36674816625916873,extratrees
2017_03_DAL_ARI,2017,3,2017-09-25,ARI,DAL,-3.0,46.5,0.4122390658104357,0,0.5073225022480284,0.5110582094227377,0.4122390658104357,extratrees
2017_04_CHI_GB,2017,4,2017-09-28,GB,CHI,7.5,44.0,0.7479106630456372,1,0.7501878143884372,0.7933814493598232,0.7479106630456372,extratrees
2017_04_SF_ARI,2017,4,2017-10-01,ARI,SF,6.5,43.0,0.7086409898223908,1,0.7255225634130039,0.766797822950778,0.7086409898223908,extratrees
2017_04_BUF_ATL,2017,4,2017-10-01,ATL,BUF,8.0,48.0,0.7729422894985808,0,0.7542619024137774,0.7977037200199869,0.7729422894985808,extratrees
2017_04_PIT_BAL,2017,4,2017-10-01,BAL,PIT,-3.5,42.0,0.36674816625916873,0,0.39095504055083274,0.37044943749808584,0.36674816625916873,extratrees
2017_04_CIN_CLE,2017,4,2017-10-01,CLE,CIN,-3.0,41.5,0.39360687022900764,0,0.4594434476431524,0.452884490489237,0.39360687022900764,extratrees
2017_04_LA_DAL,2017,4,2017-10-01,DAL,LA,5.0,51.0,0.6862401891869245,0,0.6975976815936822,0.7359091423454429,0.6862401891869245,extratrees
2017_04_OAK_DEN,2017,4,2017-10-01,DEN,OAK,3.5,44.0,0.6332518337408314,1,0.6054503277366012,0.6293024467159005,0.6332518337408314,extratrees
2017_04_TEN_HOU,2017,4,2017-10-01,HOU,TEN,-2.5,43.0,0.4320786780923455,1,0.46609162779515917,0.4609513453159219,0.4320786780923455,extratrees
2017_04_PHI_LAC,2017,4,2017-10-01,LAC,PHI,1.5,48.0,0.5262215623771888,0,0.4755566229516179,0.4724458599867899,0.5262215623771888,extratrees
2017_04_NO_MIA,2017,4,2017-10-01,MIA,NO,-4.0,51.5,0.35366086790288664,0,0.4025962268739434,0.38434241931818863,0.35366086790288664,extratrees
2017_04_DET_MIN,2017,4,2017-10-01,MIN,DET,2.5,43.0,0.5933014354066986,0,0.5877460945058861,0.6082076092649503,0.5933014354066986,extratrees
2017_04_CAR_NE,2017,4,2017-10-01,NE,CAR,9.0,48.0,0.7987191216834401,0,0.7639149607577375,0.8078627082704403,0.7987191216834401,extratrees
2017_04_JAX_NYJ,2017,4,2017-10-01,NYJ,JAX,-4.0,38.5,0.35488721804511275,1,0.4521153986403078,0.44400110571074525,0.35488721804511275,extratrees
2017_04_IND_SEA,2017,4,2017-10-01,SEA,IND,12.5,41.5,0.8613376835236541,1,0.7541217733756747,0.797555391569751,0.8613376835236541,extratrees
2017_04_NYG_TB,2017,4,2017-10-01,TB,NYG,2.5,46.0,0.5679213219076544,1,0.6089213392648601,0.6334201122666714,0.5679213219076544,extratrees
2017_04_WAS_KC,2017,4,2017-10-02,KC,WAS,6.5,48.0,0.7119235543480806,1,0.7385243805131483,0.7808978055870672,0.7119235543480806,extratrees
2017_05_NE_TB,2017,5,2017-10-05,TB,NE,-3.5,54.5,0.37253858435337944,0,0.40442431723729244,0.3865296032609523,0.37253858435337944,extratrees
2017_05_BUF_CIN,2017,5,2017-10-08,CIN,BUF,3.0,39.0,0.5860927152317882,1,0.5469579147816392,0.5591347906436801,0.5860927152317882,extratrees
2017_05_NYJ_CLE,2017,5,2017-10-08,CLE,NYJ,-1.5,41.5,0.4630595302657377,0,0.4134739420112584,0.3973770216782716,0.4630595302657377,extratrees
2017_05_GB_DAL,2017,5,2017-10-08,DAL,GB,2.5,52.0,0.5679213219076544,0,0.552822291300806,0.5662225993408705,0.5679213219076544,extratrees
2017_05_CAR_DET,2017,5,2017-10-08,DET,CAR,2.0,42.0,0.5520062329567589,0,0.5958266331918814,0.617854037942801,0.5520062329567589,extratrees
2017_05_KC_HOU,2017,5,2017-10-08,HOU,KC,-2.0,45.0,0.4519505233111322,0,0.41272594330904294,0.3964792031151774,0.4519505233111322,extratrees
2017_05_SF_IND,2017,5,2017-10-08,IND,SF,-1.0,43.5,0.5023229882921391,1,0.5927504524107471,0.6141852211083695,0.5023229882921391,extratrees
2017_05_SEA_LA,2017,5,2017-10-08,LA,SEA,2.0,46.5,0.556697108066971,0,0.5318641015783807,0.540855853194923,0.556697108066971,extratrees
2017_05_TEN_MIA,2017,5,2017-10-08,MIA,TEN,-0.0,41.5,0.5172913928296243,1,0.5264201710104187,0.5342526068571164,0.5172913928296243,extratrees
2017_05_LAC_NYG,2017,5,2017-10-08,NYG,LAC,3.0,45.5,0.6002460024600246,0,0.6058283933867443,0.6297512506731451,0.6002460024600246,extratrees
2017_05_BAL_OAK,2017,5,2017-10-08,OAK,BAL,3.0,40.5,0.5933014354066986,0,0.5740200649227183,0.591758288691824,0.5933014354066986,extratrees
2017_05_ARI_PHI,2017,5,2017-10-08,PHI,ARI,6.0,45.0,0.7005177489763459,1,0.6579037980490706,0.6907560959352069,0.7005177489763459,extratrees
2017_05_JAX_PIT,2017,5,2017-10-08,PIT,JAX,7.5,41.0,0.7490809359864622,0,0.7523166657569773,0.7956425088701753,0.7490809359864622,extratrees
2017_05_MIN_CHI,2017,5,2017-10-09,CHI,MIN,-3.5,41.0,0.37665039500700276,0,0.3478931471216357,0.3196871285673132,0.37665039500700276,extratrees
2017_06_PHI_CAR,2017,6,2017-10-12,CAR,PHI,3.0,44.0,0.582716381747207,0,0.60443498583943,0.6280967652567225,0.582716381747207,extratrees
2017_06_TB_ARI,2017,6,2017-10-15,ARI,TB,-2.5,46.5,0.44139283962726833,1,0.49063955315555313,0.49077764502132737,0.44139283962726833,extratrees
2017_06_MIA_ATL,2017,6,2017-10-15,ATL,MIA,14.0,46.0,0.8677248677248677,0,0.7949884483583914,0.8397298879029983,0.8677248677248677,extratrees
2017_06_CHI_BAL,2017,6,2017-10-15,BAL,CHI,5.5,39.5,0.6757296083811425,0,0.709385240800684,0.7490439561958395,0.6757296083811425,extratrees
2017_06_NYG_DEN,2017,6,2017-10-15,DEN,NYG,14.0,37.5,0.8540944738281961,0,0.8339171723474966,0.8776475829759108,0.8540944738281961,extratrees
2017_06_CLE_HOU,2017,6,2017-10-15,HOU,CLE,7.5,46.0,0.741037721131946,1,0.7590830795916194,0.8027921978596413,0.741037721131946,extratrees
2017_06_LA_JAX,2017,6,2017-10-15,JAX,LA,1.0,42.0,0.521797153024911,0,0.5774593131362853,0.5958868861683866,0.521797153024911,extratrees
2017_06_PIT_KC,2017,6,2017-10-15,KC,PIT,3.5,46.5,0.6143408084559349,0,0.7032885169319195,0.7422673278036005,0.6143408084559349,extratrees
2017_06_GB_MIN,2017,6,2017-10-15,MIN,GB,-3.0,46.0,0.413907284768212,1,0.4198207121230702,0.40500333792388216,0.413907284768212,extratrees
2017_06_DET_NO,2017,6,2017-10-15,NO,DET,6.0,50.5,0.6800775569558896,1,0.6623706355874415,0.695902422506579,0.6800775569558896,extratrees
2017_06_NE_NYJ,2017,6,2017-10-15,NYJ,NE,-9.0,48.5,0.21891418563922943,0,0.3104737802855731,0.276601354920171,0.21891418563922943,extratrees
2017_06_LAC_OAK,2017,6,2017-10-15,OAK,LAC,3.0,48.5,0.5933014354066986,0,0.5553165029288318,0.5692343901606826,0.5933014354066986,extratrees
2017_06_SF_WAS,2017,6,2017-10-15,WAS,SF,12.0,46.0,0.8078452160084814,1,0.8119718411813605,0.8565645195648309,0.8078452160084814,extratrees
2017_06_IND_TEN,2017,6,2017-10-16,TEN,IND,7.0,46.0,0.7211503458318166,1,0.6005357224447652,0.6234616921325123,0.7211503458318166,extratrees
2017_07_KC_OAK,2017,7,2017-10-19,OAK,KC,-3.0,46.5,0.4066985645933015,1,0.34235534315629085,0.31324377706003803,0.4066985645933015,extratrees
2017_07_TB_BUF,2017,7,2017-10-22,BUF,TB,3.0,46.5,0.6093979441997063,1,0.5871249333535706,0.6074648768330445,0.6093979441997063,extratrees
2017_07_CAR_CHI,2017,7,2017-10-22,CHI,CAR,-2.5,39.5,0.4320786780923455,1,0.42171086915454575,0.4072773304677188,0.4320786780923455,extratrees
2017_07_TEN_CLE,2017,7,2017-10-22,CLE,TEN,-5.5,42.5,0.3199224430441105,0,0.35812052865405863,0.3316418779613585,0.3199224430441105,extratrees
2017_07_NO_GB,2017,7,2017-10-22,GB,NO,-3.5,45.5,0.360293204124736,0,0.46157941348116344,0.45547553510369154,0.360293204124736,extratrees
2017_07_JAX_IND,2017,7,2017-10-22,IND,JAX,-3.0,41.0,0.4050889296790936,0,0.4294009243274484,0.4165411946212439,0.4050889296790936,extratrees
2017_07_ARI_LA,2017,7,2017-10-22,LA,ARI,3.0,45.5,0.6063931297709924,1,0.5370813101361468,0.5471792829793448,0.6063931297709924,extratrees
2017_07_DEN_LAC,2017,7,2017-10-22,LAC,DEN,-1.0,41.0,0.5,1,0.4757083574191521,0.4726302048344512,0.5,extratrees
2017_07_NYJ_MIA,2017,7,2017-10-22,MIA,NYJ,3.0,40.0,0.6002460024600246,1,0.5398986755864181,0.5505918289092311,0.6002460024600246,extratrees
2017_07_BAL_MIN,2017,7,2017-10-22,MIN,BAL,5.0,37.5,0.6712553934662009,1,0.6501879221622103,0.6818310705180192,0.6712553934662009,extratrees
2017_07_ATL_NE,2017,7,2017-10-22,NE,ATL,3.0,56.5,0.5860927152317882,1,0.6295675251760768,0.6577740408891691,0.5860927152317882,extratrees
2017_07_SEA_NYG,2017,7,2017-10-22,NYG,SEA,-4.0,39.0,0.341130604288499,0,0.4096473034369612,0.3927862010334417,0.341130604288499,extratrees
2017_07_CIN_PIT,2017,7,2017-10-22,PIT,CIN,4.0,40.0,0.6499689771835965,1,0.6035713787475893,0.6270708496962111,0.6499689771835965,extratrees
2017_07_DAL_SF,2017,7,2017-10-22,SF,DAL,-6.5,48.0,0.29135901017760923,0,0.3520821501909279,0.32457521116854304,0.29135901017760923,extratrees
2017_07_WAS_PHI,2017,7,2017-10-23,PHI,WAS,5.0,48.5,0.6757296083811425,1,0.6562957625019491,0.6888997205972764,0.6757296083811425,extratrees
2017_08_MIA_BAL,2017,8,2017-10-26,BAL,MIA,3.0,38.0,0.5949110703209063,1,0.5592354892616326,0.5739630412670977,0.5949110703209063,extratrees
2017_08_OAK_BUF,2017,8,2017-10-29,BUF,OAK,2.5,47.0,0.5480494766888677,1,0.6055236550984607,0.6293894998125729,0.5480494766888677,extratrees
2017_08_IND_CIN,2017,8,2017-10-29,CIN,IND,11.0,44.0,0.8133748055987559,1,0.7550771655250658,0.7985662075726531,0.8133748055987559,extratrees
2017_08_MIN_CLE,2017,8,2017-10-29,CLE,MIN,-11.0,38.5,0.1921547839915187,0,0.2807290264489956,0.24321031443052754,0.1921547839915187,extratrees
2017_08_PIT_DET,2017,8,2017-10-29,DET,PIT,-3.0,44.5,0.3856591915440651,0,0.4676650240545628,0.4628614000654635,0.3856591915440651,extratrees
2017_08_LAC_NE,2017,8,2017-10-29,NE,LAC,6.5,49.5,0.7137404580152672,1,0.7611936715623145,0.8050106630996332,0.7137404580152672,extratrees
2017_08_CHI_NO,2017,8,2017-10-29,NO,CHI,7.5,46.0,0.7590361445783131,1,0.7455584995968375,0.7884458053606583,0.7590361445783131,extratrees
2017_08_ATL_NYJ,2017,8,2017-10-29,NYJ,ATL,-6.5,43.5,0.2805670407560544,0,0.38213467966688736,0.35996625040610325,0.2805670407560544,extratrees
2017_08_SF_PHI,2017,8,2017-10-29,PHI,SF,13.0,45.0,0.8613376835236541,1,0.8862885403530824,0.9244860190076266,0.8613376835236541,extratrees
2017_08_HOU_SEA,2017,8,2017-10-29,SEA,HOU,6.0,45.0,0.6969696969696969,1,0.6643262836970131,0.6981506891249247,0.6969696969696969,extratrees
2017_08_CAR_TB,2017,8,2017-10-29,TB,CAR,1.5,46.0,0.537852568752202,0,0.5259583706874924,0.533692251005391,0.537852568752202,extratrees
2017_08_DAL_WAS,2017,8,2017-10-29,WAS,DAL,-3.0,46.5,0.38911639972601536,0,0.4552402609311034,0.44778801143556995,0.38911639972601536,extratrees
2017_08_DEN_KC,2017,8,2017-10-30,KC,DEN,7.0,42.0,0.7382366085679627,1,0.7450752550231781,0.7879291117241659,0.7382366085679627,extratrees
2017_09_BUF_NYJ,2017,9,2017-11-02,NYJ,BUF,-3.0,42.0,0.3785271851342051,1,0.39032134233494975,0.36969497808445095,0.3785271851342051,extratrees
2017_09_ATL_CAR,2017,9,2017-11-05,CAR,ATL,-3.0,42.0,0.4172836182527931,1,0.4457197793648908,0.4362566587765348,0.4172836182527931,extratrees
2017_09_KC_DAL,2017,9,2017-11-05,DAL,KC,2.0,53.0,0.5480494766888677,1,0.5553756257016471,0.5693057606187377,0.5480494766888677,extratrees
2017_09_IND_HOU,2017,9,2017-11-05,HOU,IND,6.0,45.0,0.6996383748138693,0,0.6635337403615619,0.6972399212321262,0.6996383748138693,extratrees
2017_09_CIN_JAX,2017,9,2017-11-05,JAX,CIN,6.0,38.0,0.6800775569558896,1,0.660963139003799,0.6942824784295479,0.6800775569558896,extratrees
2017_09_OAK_MIA,2017,9,2017-11-05,MIA,OAK,-3.0,44.5,0.4066985645933015,0,0.4612347514805892,0.4550573925147145,0.4066985645933015,extratrees
2017_09_TB_NO,2017,9,2017-11-05,NO,TB,7.0,54.0,0.7319034852546917,1,0.7385598383987089,0.7809359978722169,0.7319034852546917,extratrees
2017_09_LA_NYG,2017,9,2017-11-05,NYG,LA,-5.5,42.5,0.3050817654299279,0,0.40731031961799946,0.3899853588648963,0.3050817654299279,extratrees
2017_09_DEN_PHI,2017,9,2017-11-05,PHI,DEN,7.0,41.0,0.7319034852546917,1,0.7508839470168287,0.7941214189530003,0.7319034852546917,extratrees
2017_09_WAS_SEA,2017,9,2017-11-05,SEA,WAS,8.0,44.5,0.7770903466472567,0,0.7786452574842835,0.8231334306241025,0.7770903466472567,extratrees
2017_09_ARI_SF,2017,9,2017-11-05,SF,ARI,-2.5,39.0,0.4479937670432412,0,0.42984153288015864,0.41707254037915165,0.4479937670432412,extratrees
2017_09_BAL_TEN,2017,9,2017-11-05,TEN,BAL,3.0,41.0,0.6172248803827751,1,0.5744749914192193,0.5923046532098055,0.6172248803827751,extratrees
2017_09_DET_GB,2017,9,2017-11-06,GB,DET,-2.5,42.5,0.4479937670432412,0,0.48772967144054835,0.4872401631873256,0.4479937670432412,extratrees
2017_10_SEA_ARI,2017,10,2017-11-09,ARI,SEA,-6.0,40.0,0.3069121964238057,0,0.30398798093685303,0.2692502666689329,0.3069121964238057,extratrees
2017_10_DAL_ATL,2017,10,2017-11-12,ATL,DAL,3.5,49.0,0.6332518337408314,1,0.5736405309990847,0.5913024118859498,0.6332518337408314,extratrees
2017_10_NO_BUF,2017,10,2017-11-12,BUF,NO,-2.0,48.5,0.4519505233111322,0,0.47746494150829194,0.47476445192851785,0.4519505233111322,extratrees
2017_10_GB_CHI,2017,10,2017-11-12,CHI,GB,4.5,37.5,0.6757296083811425,0,0.5511252342762241,0.5641724158898044,0.6757296083811425,extratrees
2017_10_NE_DEN,2017,10,2017-11-12,DEN,NE,-7.0,45.0,0.28289498367913557,0,0.2908407706054747,0.25446703186834985,0.28289498367913557,extratrees
2017_10_CLE_DET,2017,10,2017-11-12,DET,CLE,10.5,42.5,0.7987191216834401,1,0.7939661063998666,0.8387028268302225,0.7987191216834401,extratrees
2017_10_PIT_IND,2017,10,2017-11-12,IND,PIT,-10.5,47.0,0.1952054794520548,0,0.3019294648958511,0.26692499628321054,0.1952054794520548,extratrees
2017_10_LAC_JAX,2017,10,2017-11-12,JAX,LAC,5.0,40.5,0.6712553934662009,1,0.6617278895601408,0.6951628512525831,0.6712553934662009,extratrees
2017_10_HOU_LA,2017,10,2017-11-12,LA,HOU,12.0,45.0,0.8460275097515911,1,0.7520176129805811,0.7953252164857585,0.8460275097515911,extratrees
2017_10_NYG_SF,2017,10,2017-11-12,SF,NYG,-3.0,41.5,0.3966571791921516,1,0.4292206608135161,0.41632382531976286,0.3966571791921516,extratrees
2017_10_NYJ_TB,2017,10,2017-11-12,TB,NYJ,1.0,44.5,0.5419847328244275,1,0.48367644708722174,0.48231321400643345,0.5419847328244275,extratrees
2017_10_CIN_TEN,2017,10,2017-11-12,TEN,CIN,4.5,40.5,0.6712553934662009,1,0.637177579369088,0.666685577663788,0.6712553934662009,extratrees
2017_10_MIN_WAS,2017,10,2017-11-12,WAS,MIN,-1.0,43.0,0.5023229882921391,0,0.4468001517223669,0.4375642607138887,0.5023229882921391,extratrees
2017_10_MIA_CAR,2017,10,2017-11-13,CAR,MIA,8.0,38.5,0.7664138242829156,1,0.7389183300583574,0.7813220541094278,0.7664138242829156,extratrees
2017_11_TEN_PIT,2017,11,2017-11-16,PIT,TEN,7.0,44.5,0.741037721131946,1,0.7164167644810512,0.7568132142720824,0.741037721131946,extratrees
2017_11_DET_CHI,2017,11,2017-11-19,CHI,DET,-3.0,41.0,0.4066985645933015,0,0.38507662262479164,0.3634584220948429,0.4066985645933015,extratrees
2017_11_JAX_CLE,2017,11,2017-11-19,CLE,JAX,-7.5,37.0,0.2617633914320373,0,0.29039180445263507,0.25396508871593865,0.2617633914320373,extratrees
2017_11_PHI_DAL,2017,11,2017-11-19,DAL,PHI,-6.0,48.0,0.31694966877331915,0,0.41949195690624613,0.40460794844853654,0.31694966877331915,extratrees
2017_11_CIN_DEN,2017,11,2017-11-19,DEN,CIN,2.5,37.5,0.5933014354066986,0,0.5639003142191827,0.5795855876627629,0.5933014354066986,extratrees
2017_11_BAL_GB,2017,11,2017-11-19,GB,BAL,-2.5,38.5,0.44139283962726833,0,0.5104252080886438,0.5148288205473669,0.44139283962726833,extratrees
2017_11_ARI_HOU,2017,11,2017-11-19,HOU,ARI,2.5,38.0,0.5520062329567589,1,0.5648106710698696,0.5806820451738831,0.5520062329567589,extratrees
2017_11_BUF_LAC,2017,11,2017-11-19,LAC,BUF,7.0,41.5,0.7319034852546917,1,0.6741110529917825,0.709353507007514,0.7319034852546917,extratrees
2017_11_TB_MIA,2017,11,2017-11-19,MIA,TB,-1.0,44.0,0.46943325045014145,0,0.48384413610893795,0.48251703627299697,0.46943325045014145,extratrees
2017_11_LA_MIN,2017,11,2017-11-19,MIN,LA,1.0,46.0,0.5262215623771888,1,0.6073832742989386,0.6315962807061835,0.5262215623771888,extratrees
2017_11_WAS_NO,2017,11,2017-11-19,NO,WAS,9.5,52.5,0.7641509433962264,1,0.7676645303616788,0.8117768858348043,0.7641509433962264,extratrees
2017_11_KC_NYG,2017,11,2017-11-19,NYG,KC,-10.0,44.5,0.22290965335274313,1,0.27664860671816516,0.23869709337199072,0.22290965335274313,extratrees
2017_11_NE_OAK,2017,11,2017-11-19,OAK,NE,-7.0,55.0,0.27418447694038245,0,0.27532155400268077,0.23723299987987367,0.27418447694038245,extratrees
2017_11_ATL_SEA,2017,11,2017-11-20,SEA,ATL,1.0,46.0,0.5195545777019441,0,0.5865140418389313,0.6067342623786228,0.5195545777019441,extratrees
2017_12_LAC_DAL,2017,12,2017-11-23,DAL,LAC,-1.0,46.5,0.47377843762281124,0,0.552481337225023,0.5658107607930728,0.47377843762281124,extratrees
2017_12_MIN_DET,2017,12,2017-11-23,DET,MIN,-2.5,46.0,0.43949878436506445,0,0.49136300309160624,0.4916571559770825,0.43949878436506445,extratrees
2017_12_NYG_WAS,2017,12,2017-11-23,WAS,NYG,7.0,44.0,0.7382366085679627,1,0.6768191671332227,0.7124401540544061,0.7382366085679627,extratrees
2017_12_JAX_ARI,2017,12,2017-11-26,ARI,JAX,-6.5,37.5,0.2949369162706865,1,0.37863530951569596,0.3558183376473132,0.2949369162706865,extratrees
2017_12_TB_ATL,2017,12,2017-11-26,ATL,TB,10.5,47.0,0.8047945205479452,1,0.7704832296602643,0.8147073035145083,0.8047945205479452,extratrees
2017_12_CLE_CIN,2017,12,2017-11-26,CIN,CLE,7.5,39.0,0.741037721131946,1,0.7584685675714342,0.8021452249929046,0.741037721131946,extratrees
2017_12_TEN_IND,2017,12,2017-11-26,IND,TEN,-3.0,46.5,0.37993288776727036,0,0.4097617889225854,0.3929234664019163,0.37993288776727036,extratrees
2017_12_BUF_KC,2017,12,2017-11-26,KC,BUF,8.5,47.5,0.7590361445783131,0,0.7549047114034069,0.7983838322670702,0.7590361445783131,extratrees
2017_12_NO_LA,2017,12,2017-11-26,LA,NO,2.5,54.0,0.5775497887748944,1,0.5912202718021855,0.6123586327896494,0.5775497887748944,extratrees
2017_12_MIA_NE,2017,12,2017-11-26,NE,MIA,17.0,49.0,0.9022482893450635,1,0.8635786658026438,0.9048232724791264,0.9022482893450635,extratrees
2017_12_CAR_NYJ,2017,12,2017-11-26,NYJ,CAR,-5.5,39.5,0.309021251987856,0,0.37963070398142085,0.35699754213611246,0.309021251987856,extratrees
2017_12_DEN_OAK,2017,12,2017-11-26,OAK,DEN,3.5,41.0,0.658869395711501,1,0.6211483711097018,0.6478728530542903,0.658869395711501,extratrees
2017_12_CHI_PHI,2017,12,2017-11-26,PHI,CHI,14.0,43.5,0.8613376835236541,1,0.8896139263838958,0.9272743355277503,0.8613376835236541,extratrees
2017_12_GB_PIT,2017,12,2017-11-26,PIT,GB,14.0,43.0,0.8785818358426419,1,0.8272605834389469,0.8713359120604245,0.8785818358426419,extratrees
2017_12_SEA_SF,2017,12,2017-11-26,SF,SEA,-7.0,45.0,0.277337559429477,0,0.284497195429157,0.2473932528495507,0.277337559429477,extratrees
2017_12_HOU_BAL,2017,12,2017-11-27,BAL,HOU,7.5,39.5,0.7625073404459873,1,0.7322948879983265,0.7741657035934779,0.7625073404459873,extratrees
2017_13_WAS_DAL,2017,13,2017-11-30,DAL,WAS,-1.5,47.0,0.46943325045014145,1,0.4634953483928921,0.4578002666595069,0.46943325045014145,extratrees
2017_13_LA_ARI,2017,13,2017-12-03,ARI,LA,-7.5,43.0,0.2617633914320373,0,0.32276434339286836,0.2906310544394914,0.2617633914320373,extratrees
2017_13_MIN_ATL,2017,13,2017-12-03,ATL,MIN,2.0,48.5,0.534834771627026,0,0.6093745433374391,0.6339572813484,0.534834771627026,extratrees
2017_13_DET_BAL,2017,13,2017-12-03,BAL,DET,2.5,43.0,0.5500363507751557,1,0.597837483562379,0.620249891148823,0.5500363507751557,extratrees
2017_13_NE_BUF,2017,13,2017-12-03,BUF,NE,-7.5,48.5,0.25354213273676357,0,0.2631966884961262,0.22394296371892264,0.25354213273676357,extratrees
2017_13_SF_CHI,2017,13,2017-12-03,CHI,SF,2.5,42.0,0.5660893345487694,0,0.6319894489270413,0.6606141983767433,0.5660893345487694,extratrees
2017_13_TB_GB,2017,13,2017-12-03,GB,TB,3.0,45.0,0.6033428208078484,1,0.6053451484612785,0.6291775746982915,0.6033428208078484,extratrees
2017_13_IND_JAX,2017,13,2017-12-03,JAX,IND,10.0,41.0,0.7953615279672579,1,0.8031307371175423,0.8478549920558217,0.7953615279672579,extratrees
2017_13_CLE_LAC,2017,13,2017-12-03,LAC,CLE,13.5,45.0,0.8619190981732576,1,0.8831791418451751,0.9218571031413846,0.8619190981732576,extratrees
2017_13_DEN_MIA,2017,13,2017-12-03,MIA,DEN,-1.0,41.0,0.47377843762281124,1,0.4904602204921518,0.49055962850214135,0.47377843762281124,extratrees
2017_13_CAR_NO,2017,13,2017-12-03,NO,CAR,5.5,48.0,0.6958254667505769,1,0.6537499596417591,0.68595678817858,0.6958254667505769,extratrees
2017_13_KC_NYJ,2017,13,2017-12-03,NYJ,KC,-3.5,44.0,0.360293204124736,1,0.37839273935798023,0.35553105569595733,0.360293204124736,extratrees
2017_13_NYG_OAK,2017,13,2017-12-03,OAK,NYG,10.0,43.0,0.7987191216834401,1,0.7448575245279098,0.787696220195123,0.7987191216834401,extratrees
2017_13_PHI_SEA,2017,13,2017-12-03,SEA,PHI,-3.5,46.5,0.360293204124736,1,0.4298729323322007,0.41711040835231744,0.360293204124736,extratrees
2017_13_HOU_TEN,2017,13,2017-12-03,TEN,HOU,7.0,42.5,0.722662440570523,1,0.6480836675617737,0.67938950368934,0.722662440570523,extratrees
2017_13_PIT_CIN,2017,13,2017-12-04,CIN,PIT,-4.5,42.5,0.33553809375770505,0,0.30866769517949627,0.2745505760582447,0.33553809375770505,extratrees
2017_14_NO_ATL,2017,14,2017-12-07,ATL,NO,2.5,51.5,0.5586071603727317,1,0.554889426633615,0.5687188128734787,0.5586071603727317,extratrees
2017_14_TEN_ARI,2017,14,2017-12-10,ARI,TEN,-2.5,42.0,0.4259645555419216,1,0.44461130068440774,0.43491531498803165,0.4259645555419216,extratrees
2017_14_IND_BUF,2017,14,2017-12-10,BUF,IND,3.5,36.5,0.6274614156466205,1,0.6187678377992842,0.6450656035082459,0.6274614156466205,extratrees
2017_14_MIN_CAR,2017,14,2017-12-10,CAR,MIN,-2.5,40.5,0.4519505233111322,1,0.48698964775077297,0.48634057005303877,0.4519505233111322,extratrees
2017_14_CHI_CIN,2017,14,2017-12-10,CIN,CHI,6.0,40.5,0.7050630837293135,0,0.6977691376200205,0.7361011571918195,0.7050630837293135,extratrees
2017_14_GB_CLE,2017,14,2017-12-10,CLE,GB,-2.5,38.5,0.4433028919330289,0,0.37995376393745844,0.35738037333253914,0.4433028919330289,extratrees
2017_14_NYJ_DEN,2017,14,2017-12-10,DEN,NYJ,-1.0,40.5,0.5023229882921391,1,0.45559910999433134,0.44822300446428326,0.5023229882921391,extratrees
2017_14_SF_HOU,2017,14,2017-12-10,HOU,SF,1.0,45.5,0.537852568752202,0,0.6280625768889253,0.6560073533084321,0.537852568752202,extratrees
2017_14_SEA_JAX,2017,14,2017-12-10,JAX,SEA,3.0,41.0,0.5740354444580784,1,0.5961881376365135,0.618284898123382,0.5740354444580784,extratrees
2017_14_OAK_KC,2017,14,2017-12-10,KC,OAK,4.5,48.5,0.6600024206947392,1,0.620950865441082,0.647640069748755,0.6600024206947392,extratrees
2017_14_PHI_LA,2017,14,2017-12-10,LA,PHI,-1.0,47.5,0.478202846975089,0,0.556580888031252,0.5707604847603284,0.478202846975089,extratrees
2017_14_WAS_LAC,2017,14,2017-12-10,LAC,WAS,6.0,46.5,0.7086409898223908,1,0.7135311798921229,0.7536309948700405,0.7086409898223908,extratrees
2017_14_DAL_NYG,2017,14,2017-12-10,NYG,DAL,-4.0,42.0,0.35488721804511275,0,0.3392128255521086,0.3095971052628891,0.35488721804511275,extratrees
2017_14_BAL_PIT,2017,14,2017-12-10,PIT,BAL,6.0,43.0,0.6921645130114186,1,0.6447030006126504,0.6754603261881974,0.6921645130114186,extratrees
2017_14_DET_TB,2017,14,2017-12-10,TB,DET,-0.0,47.5,0.46214743124779806,0,0.4785901489670714,0.4761317075384253,0.46214743124779806,extratrees
2017_14_NE_MIA,2017,14,2017-12-11,MIA,NE,-10.0,48.0,0.19066553679681894,1,0.2367872125215747,0.19557335578025192,0.19066553679681894,extratrees
2017_15_DEN_IND,2017,15,2017-12-14,IND,DEN,-3.0,40.5,0.4224502112251056,0,0.473154570218007,0.46952784555364485,0.4224502112251056,extratrees
2017_15_CHI_DET,2017,15,2017-12-16,DET,CHI,5.0,43.5,0.6859695689558487,1,0.6324430722937899,0.6611457425565789,0.6859695689558487,extratrees
2017_15_LAC_KC,2017,15,2017-12-16,KC,LAC,1.0,47.0,0.5172913928296243,1,0.48285063744639606,0.48130948189931716,0.5172913928296243,extratrees
2017_15_MIA_BUF,2017,15,2017-12-17,BUF,MIA,3.5,39.5,0.6332518337408314,1,0.534878700677388,0.54451026521778,0.6332518337408314,extratrees
2017_15_GB_CAR,2017,15,2017-12-17,CAR,GB,3.0,46.5,0.5860927152317882,1,0.6174865179249289,0.6435532484542598,0.5860927152317882,extratrees
2017_15_BAL_CLE,2017,15,2017-12-17,CLE,BAL,-6.5,42.0,0.2949369162706865,0,0.2595369355105171,0.21996315872641234,0.2949369162706865,extratrees
2017_15_HOU_JAX,2017,15,2017-12-17,JAX,HOU,10.5,39.0,0.7987191216834401,1,0.8074355689075865,0.852110690253038,0.7987191216834401,extratrees
2017_15_CIN_MIN,2017,15,2017-12-17,MIN,CIN,12.5,42.5,0.8460275097515911,1,0.8107347562359978,0.855353070634724,0.8460275097515911,extratrees
2017_15_NYJ_NO,2017,15,2017-12-17,NO,NYJ,16.5,47.0,0.89070042808999,1,0.8173035142383606,0.8617582850775831,0.89070042808999,extratrees
2017_15_PHI_NYG,2017,15,2017-12-17,NYG,PHI,-7.5,40.5,0.2680965147453084,0,0.2712466480948028,0.23274887022159568,0.2680965147453084,extratrees
2017_15_DAL_OAK,2017,15,2017-12-17,OAK,DAL,-3.0,46.0,0.4259645555419216,0,0.4312398474539952,0.4187592043869113,0.4259645555419216,extratrees
2017_15_NE_PIT,2017,15,2017-12-17,PIT,NE,-2.5,53.0,0.4320786780923455,0,0.5219465394970264,0.5288229701887363,0.4320786780923455,extratrees
2017_15_LA_SEA,2017,15,2017-12-17,SEA,LA,-1.0,47.5,0.5,0,0.5095062745131462,0.5137121402855614,0.5,extratrees
2017_15_TEN_SF,2017,15,2017-12-17,SF,TEN,2.5,44.5,0.537852568752202,1,0.5002358997353218,0.5024441800174637,0.537852568752202,extratrees
2017_15_ARI_WAS,2017,15,2017-12-17,WAS,ARI,4.0,40.0,0.6527218785216531,1,0.598423967767263,0.6209483020360592,0.6527218785216531,extratrees
2017_15_ATL_TB,2017,15,2017-12-18,TB,ATL,-7.0,49.5,0.2562225475841874,0,0.2970230153521575,0.2613984270190294,0.2562225475841874,extratrees
2017_16_IND_BAL,2017,16,2017-12-23,BAL,IND,13.5,41.0,0.8677248677248677,1,0.8454388233231654,0.8883925363087125,0.8677248677248677,extratrees
2017_16_MIN_GB,2017,16,2017-12-23,GB,MIN,-8.5,41.0,0.21891418563922943,0,0.29990234331740767,0.2646389705329032,0.21891418563922943,extratrees
2017_16_NYG_ARI,2017,16,2017-12-24,ARI,NYG,3.0,39.0,0.6186511705872493,1,0.6187134922098182,0.6450014779877217,0.6186511705872493,extratrees
2017_16_TB_CAR,2017,16,2017-12-24,CAR,TB,10.0,46.5,0.7987191216834401,1,0.7923494621449414,0.837075634069518,0.7987191216834401,extratrees
2017_16_CLE_CHI,2017,16,2017-12-24,CHI,CLE,5.5,37.0,0.6800775569558896,1,0.7410618376090843,0.7836272833075574,0.6800775569558896,extratrees
2017_16_DET_CIN,2017,16,2017-12-24,CIN,DET,-3.0,43.5,0.40832074076455643,1,0.37750199955429276,0.3544764051947549,0.40832074076455643,extratrees
2017_16_SEA_DAL,2017,16,2017-12-24,DAL,SEA,4.5,47.0,0.664461906242295,0,0.6327943911338288,0.6615573184961603,0.664461906242295,extratrees
2017_16_MIA_KC,2017,16,2017-12-24,KC,MIA,11.0,43.5,0.8161598505168621,1,0.7642670621486826,0.8082310373355169,0.8161598505168621,extratrees
2017_16_BUF_NE,2017,16,2017-12-24,NE,BUF,11.0,47.5,0.8161598505168621,1,0.8174648578732038,0.8619147552247854,0.8161598505168621,extratrees
2017_16_ATL_NO,2017,16,2017-12-24,NO,ATL,5.5,52.0,0.690978748012144,1,0.632759995055982,0.6615170264038934,0.690978748012144,extratrees
2017_16_LAC_NYJ,2017,16,2017-12-24,NYJ,LAC,-7.5,42.5,0.2680965147453084,0,0.3155961514649863,0.2824330812740903,0.2680965147453084,extratrees
2017_16_JAX_SF,2017,16,2017-12-24,SF,JAX,-4.0,43.0,0.341130604288499,1,0.3309342454224496,0.3000253493559659,0.341130604288499,extratrees
2017_16_LA_TEN,2017,16,2017-12-24,TEN,LA,-5.5,46.0,0.3199224430441105,0,0.33668764246729316,0.306672032135456,0.3199224430441105,extratrees
2017_16_DEN_WAS,2017,16,2017-12-24,WAS,DEN,3.0,39.5,0.6002460024600246,1,0.6054407716407507,0.629291101664712,0.6002460024600246,extratrees
2017_16_PIT_HOU,2017,16,2017-12-25,HOU,PIT,-8.0,45.5,0.21891418563922943,0,0.26727586620288196,0.2283963841613958,0.21891418563922943,extratrees
2017_16_OAK_PHI,2017,16,2017-12-25,PHI,OAK,10.0,46.0,0.7882908557935022,1,0.8205022587589914,0.8648526438732843,0.7882908557935022,extratrees
2017_17_CAR_ATL,2017,17,2017-12-31,ATL,CAR,5.0,44.5,0.6859695689558487,1,0.6095404594589351,0.6341539093822988,0.6859695689558487,extratrees
2017_17_CIN_BAL,2017,17,2017-12-31,BAL,CIN,8.0,40.0,0.768632470217584,0,0.7845606950229587,0.8291837924194698,0.768632470217584,extratrees
2017_17_KC_DEN,2017,17,2017-12-31,DEN,KC,3.0,37.5,0.6172970557014359,0,0.4910963842560293,0.49133302173075927,0.6172970557014359,extratrees
2017_17_GB_DET,2017,17,2017-12-31,DET,GB,7.5,45.0,0.741037721131946,1,0.6278741076042066,0.655786006453598,0.741037721131946,extratrees
2017_17_HOU_IND,2017,17,2017-12-31,IND,HOU,5.5,42.0,0.67719847402915,1,0.5787796567761514,0.5974706759847547,0.67719847402915,extratrees
2017_17_SF_LA,2017,17,2017-12-31,LA,SF,-6.5,44.5,0.28507217303428406,0,0.576436585039811,0.5946596332860415,0.28507217303428406,extratrees
2017_17_OAK_LAC,2017,17,2017-12-31,LAC,OAK,7.0,43.0,0.7353719494266393,1,0.7121350734937241,0.7520883013162575,0.7353719494266393,extratrees
2017_17_BUF_MIA,2017,17,2017-12-31,MIA,BUF,-2.5,41.5,0.4479937670432412,0,0.4662250554757639,0.46111330996696653,0.4479937670432412,extratrees
2017_17_CHI_MIN,2017,17,2017-12-31,MIN,CHI,13.5,38.0,0.8573227024758707,1,0.8213472958244181,0.8656673588688337,0.8573227024758707,extratrees
2017_17_NYJ_NE,2017,17,2017-12-31,NE,NYJ,17.0,43.5,0.8987444309437019,1,0.9009028978520367,0.9365552575251654,0.8987444309437019,extratrees
2017_17_WAS_NYG,2017,17,2017-12-31,NYG,WAS,-5.0,41.0,0.32280152597085005,1,0.32034043673050744,0.2878541774804898,0.32280152597085005,extratrees
2017_17_DAL_PHI,2017,17,2017-12-31,PHI,DAL,-3.5,41.0,0.35211267605633806,0,0.5545576949227466,0.5683183027033599,0.35211267605633806,extratrees
2017_17_CLE_PIT,2017,17,2017-12-31,PIT,CLE,5.0,38.5,0.6579876434245368,1,0.7684379206256252,0.8125819629506911,0.6579876434245368,extratrees
2017_17_ARI_SEA,2017,17,2017-12-31,SEA,ARI,8.0,38.0,0.7702931911800339,0,0.7218204227401636,0.7627490110742449,0.7702931911800339,extratrees
2017_17_NO_TB,2017,17,2017-12-31,TB,NO,-6.0,49.0,0.303030303030303,1,0.3055417892542801,0.27100796327884097,0.303030303030303,extratrees
2017_17_JAX_TEN,2017,17,2017-12-31,TEN,JAX,2.5,40.0,0.5660893345487694,1,0.5153369757156395,0.5207964115746265,0.5660893345487694,extratrees
2017_18_TEN_KC,2017,18,2018-01-06,KC,TEN,8.5,44.0,0.7918875407389956,0,0.6858750125470815,0.7227161004114764,0.7918875407389956,extratrees
2017_18_ATL_LA,2017,18,2018-01-06,LA,ATL,6.5,48.0,0.6969696969696969,0,0.584853779496918,0.6047478195253297,0.6969696969696969,extratrees
2017_18_BUF_JAX,2017,18,2018-01-07,JAX,BUF,8.5,39.5,0.7810858143607706,1,0.6938225793006003,0.7316743655817611,0.7810858143607706,extratrees
2017_18_CAR_NO,2017,18,2018-01-07,NO,CAR,6.5,47.5,0.7086409898223908,1,0.6574295112735985,0.6902087649639997,0.7086409898223908,extratrees
2017_19_TEN_NE,2017,19,2018-01-13,NE,TEN,13.5,48.0,0.8625546306734823,1,0.8349330670030632,0.8786042489487329,0.8625546306734823,extratrees
2017_19_ATL_PHI,2017,19,2018-01-13,PHI,ATL,-2.5,40.0,0.4433028919330289,1,0.5434787643711941,0.5549258009165899,0.4433028919330289,extratrees
2017_19_NO_MIN,2017,19,2018-01-14,MIN,NO,5.5,47.0,0.6800775569558896,1,0.6612088309534843,0.694565365822943,0.6800775569558896,extratrees
2017_19_JAX_PIT,2017,19,2018-01-14,PIT,JAX,7.0,40.5,0.7194329592439458,0,0.6625402774153936,0.6960975660213011,0.7194329592439458,extratrees
2017_20_JAX_NE,2017,20,2018-01-21,NE,JAX,7.5,46.0,0.7490809359864622,1,0.735074620966269,0.7771751409702151,0.7490809359864622,extratrees
2017_20_MIN_PHI,2017,20,2018-01-21,PHI,MIN,-3.0,39.0,0.41899204424013164,1,0.5334672276181154,0.5427994279974631,0.41899204424013164,extratrees
2017_21_PHI_NE,2017,21,2018-02-04,NE,PHI,4.5,48.5,0.6527218785216531,0,0.6116302306710075,0.6366292438883553,0.6527218785216531,extratrees
2018_01_ATL_PHI,2018,1,2018-09-06,PHI,ATL,1.0,44.5,0.5023229882921391,1,0.598450484745614,0.6044990929804757,0.5023229882921391,extratrees
2018_01_WAS_ARI,2018,1,2018-09-09,ARI,WAS,2.0,43.5,0.5500363507751557,0,0.5722650553388301,0.5735171434822703,0.5500363507751557,extratrees
2018_01_BUF_BAL,2018,1,2018-09-09,BAL,BUF,7.5,39.0,0.7613990927921551,1,0.6767643722761868,0.6958354021796898,0.7613990927921551,extratrees
2018_01_DAL_CAR,2018,1,2018-09-09,CAR,DAL,2.5,42.5,0.5833751631362314,1,0.5781840202203224,0.5805315892139674,0.5833751631362314,extratrees
2018_01_SEA_DEN,2018,1,2018-09-09,DEN,SEA,3.0,42.5,0.6205588133839255,1,0.5157597402169614,0.5064163305970613,0.6205588133839255,extratrees
2018_01_CHI_GB,2018,1,2018-09-09,GB,CHI,6.5,45.0,0.7129371711544413,1,0.59309754672101,0.598177231003418,0.7129371711544413,extratrees
2018_01_CIN_IND,2018,1,2018-09-09,IND,CIN,-1.0,47.5,0.5,0,0.4775241187366454,0.461107848084569,0.5,extratrees
2018_01_KC_LAC,2018,1,2018-09-09,LAC,KC,3.5,48.0,0.6332518337408314,0,0.6310131432995858,0.6427779941181623,0.6332518337408314,extratrees
2018_01_TEN_MIA,2018,1,2018-09-09,MIA,TEN,-1.0,43.5,0.478202846975089,1,0.4804640806821036,0.4645827364793887,0.478202846975089,extratrees
2018_01_SF_MIN,2018,1,2018-09-09,MIN,SF,6.0,46.5,0.711109715505872,1,0.6645931055473039,0.6818223997968725,0.711109715505872,extratrees
2018_01_HOU_NE,2018,1,2018-09-09,NE,HOU,6.0,49.5,0.6891002194586686,1,0.7747641551597902,0.804799079805485,0.6891002194586686,extratrees
2018_01_TB_NO,2018,1,2018-09-09,NO,TB,10.0,50.0,0.7987191216834401,0,0.7150578529021631,0.7393217912135877,0.7987191216834401,extratrees
2018_01_JAX_NYG,2018,1,2018-09-09,NYG,JAX,-2.5,43.0,0.4295364214803857,0,0.39281404800494457,0.36219923476349447,0.4295364214803857,extratrees
2018_01_NYJ_DET,2018,1,2018-09-10,DET,NYJ,7.0,44.0,0.7540381997164995,0,0.7350473126152517,0.761596381763075,0.7540381997164995,extratrees
2018_01_LA_OAK,2018,1,2018-09-10,OAK,LA,-6.0,47.5,0.3128007699711261,0,0.37160584192732,0.3379566458899493,0.3128007699711261,extratrees
2018_02_BAL_CIN,2018,2,2018-09-13,CIN,BAL,1.0,43.0,0.521797153024911,1,0.5017507886371028,0.4897914603759894,0.521797153024911,extratrees
2018_02_CAR_ATL,2018,2,2018-09-16,ATL,CAR,5.5,44.0,0.6891002194586686,1,0.5914785492979178,0.5962638614457383,0.6891002194586686,extratrees
2018_02_LAC_BUF,2018,2,2018-09-16,BUF,LAC,-7.5,41.5,0.2703883760310264,0,0.41171399071878373,0.3840100182794064,0.2703883760310264,extratrees
2018_02_NYG_DAL,2018,2,2018-09-16,DAL,NYG,3.0,42.0,0.5894160583941606,1,0.6401804920670294,0.6534870741708999,0.5894160583941606,extratrees
2018_02_OAK_DEN,2018,2,2018-09-16,DEN,OAK,5.5,44.5,0.6817827855062153,1,0.6801897502313279,0.6997638665013025,0.6817827855062153,extratrees
2018_02_NE_JAX,2018,2,2018-09-16,JAX,NE,-2.0,44.5,0.4433028919330289,1,0.48613132264737013,0.47128624377732425,0.4433028919330289,extratrees
2018_02_ARI_LA,2018,2,2018-09-16,LA,ARI,13.5,43.5,0.8646087191984837,1,0.7728360560403063,0.8027377660959444,0.8646087191984837,extratrees
2018_02_CLE_NO,2018,2,2018-09-16,NO,CLE,10.0,51.0,0.7835710352305374,1,0.7151787159968126,0.7394574205314458,0.7835710352305374,extratrees
2018_02_MIA_NYJ,2018,2,2018-09-16,NYJ,MIA,3.0,43.0,0.6143408084559349,0,0.5900504607255899,0.5945756280781523,0.6143408084559349,extratrees
2018_02_KC_PIT,2018,2,2018-09-16,PIT,KC,4.5,52.0,0.6499689771835965,0,0.6108600195102283,0.6191261485447119,0.6499689771835965,extratrees
2018_02_DET_SF,2018,2,2018-09-16,SF,DET,6.0,48.5,0.685002350728726,1,0.6219095388306605,0.6321112891380337,0.685002350728726,extratrees
2018_02_PHI_TB,2018,2,2018-09-16,TB,PHI,-3.0,46.5,0.42667230861454913,1,0.46340195712826254,0.4444448710309878,0.42667230861454913,extratrees
2018_02_HOU_TEN,2018,2,2018-09-16,TEN,HOU,-3.5,41.0,0.37713161346742463,1,0.4983687000074492,0.48578129438811957,0.37713161346742463,extratrees
2018_02_IND_WAS,2018,2,2018-09-16,WAS,IND,6.0,48.0,0.6881525568730624,0,0.7399966672678497,0.7670602460160594,0.6881525568730624,extratrees
2018_02_SEA_CHI,2018,2,2018-09-17,CHI,SEA,5.0,42.5,0.6810745187212147,1,0.589383284270286,0.593786764703015,0.6810745187212147,extratrees
2018_03_NYJ_CLE,2018,3,2018-09-20,CLE,NYJ,3.0,41.0,0.6143408084559349,1,0.4953264132173353,0.48217544179723576,0.6143408084559349,extratrees
2018_03_CHI_ARI,2018,3,2018-09-23,ARI,CHI,-6.0,39.0,0.3012460632616733,0,0.43464673697273365,0.41069867143983085,0.3012460632616733,extratrees
2018_03_NO_ATL,2018,3,2018-09-23,ATL,NO,1.5,54.0,0.5419847328244275,0,0.5787896100452213,0.5812489423761757,0.5419847328244275,extratrees
2018_03_DEN_BAL,2018,3,2018-09-23,BAL,DEN,5.5,46.0,0.6757296083811425,1,0.670768500347429,0.6889425476004913,0.6757296083811425,extratrees
2018_03_CIN_CAR,2018,3,2018-09-23,CAR,CIN,2.5,44.0,0.5722567873303167,1,0.5784990497514328,0.5809047661224622,0.5722567873303167,extratrees
2018_03_NE_DET,2018,3,2018-09-23,DET,NE,-7.0,55.5,0.2644709928736141,1,0.35047185994210944,0.3140770439363054,0.2644709928736141,extratrees
2018_03_NYG_HOU,2018,3,2018-09-23,HOU,NYG,6.5,44.0,0.7042102661283678,0,0.6044418869560548,0.6115664334433217,0.7042102661283678,extratrees
2018_03_TEN_JAX,2018,3,2018-09-23,JAX,TEN,10.0,39.0,0.7864444029773383,0,0.7618629495890752,0.7909331819666798,0.7864444029773383,extratrees
2018_03_SF_KC,2018,3,2018-09-23,KC,SF,6.0,53.0,0.6969696969696969,1,0.7047102032686149,0.7276697129476308,0.6969696969696969,extratrees
2018_03_LAC_LA,2018,3,2018-09-23,LA,LAC,7.5,49.0,0.7243378424462885,1,0.6937965464014081,0.7152979752591863,0.7243378424462885,extratrees
2018_03_OAK_MIA,2018,3,2018-09-23,MIA,OAK,3.0,46.0,0.5660893345487694,1,0.632750917743252,0.6448106101730313,0.5660893345487694,extratrees
2018_03_BUF_MIN,2018,3,2018-09-23,MIN,BUF,16.5,41.0,0.8928806855636124,0,0.8161687611326,0.8480422284043398,0.8928806855636124,extratrees
2018_03_IND_PHI,2018,3,2018-09-23,PHI,IND,6.5,45.5,0.7153339117991809,1,0.7258078794715196,0.7513408479992046,0.7153339117991809,extratrees
2018_03_DAL_SEA,2018,3,2018-09-23,SEA,DAL,1.0,40.0,0.5262215623771888,1,0.5174428018700247,0.5084149063160297,0.5262215623771888,extratrees
2018_03_GB_WAS,2018,3,2018-09-23,WAS,GB,-2.5,46.5,0.43949878436506445,1,0.5248381274382028,0.5171987255862682,0.43949878436506445,extratrees
2018_03_PIT_TB,2018,3,2018-09-24,TB,PIT,1.0,55.0,0.5262215623771888,0,0.5761297645836366,0.5780977593901672,0.5262215623771888,extratrees
2018_04_MIN_LA,2018,4,2018-09-27,LA,MIN,7.5,48.5,0.7444178676800912,1,0.7348108976515941,0.7613348611092163,0.7444178676800912,extratrees
2018_04_SEA_ARI,2018,4,2018-09-30,ARI,SEA,-3.5,40.0,0.35777298568908056,0,0.3991637211496819,0.3695064765719707,0.35777298568908056,extratrees
2018_04_CIN_ATL,2018,4,2018-09-30,ATL,CIN,3.5,52.0,0.6261005910022917,0,0.6398268377464972,0.6530745841568842,0.6261005910022917,extratrees
2018_04_TB_CHI,2018,4,2018-09-30,CHI,TB,3.0,46.0,0.5686556434219986,1,0.5923309861260204,0.5972713652612075,0.5686556434219986,extratrees
2018_04_DET_DAL,2018,4,2018-09-30,DAL,DET,2.5,44.0,0.5697382574399427,1,0.5563207179244356,0.554598904148404,0.5697382574399427,extratrees
2018_04_BUF_GB,2018,4,2018-09-30,GB,BUF,8.5,44.0,0.7659847512644372,1,0.6043712300269062,0.6114831437737457,0.7659847512644372,extratrees
2018_04_HOU_IND,2018,4,2018-09-30,IND,HOU,-1.0,48.0,0.478202846975089,0,0.5574555753742365,0.5559463064204025,0.478202846975089,extratrees
2018_04_NYJ_JAX,2018,4,2018-09-30,JAX,NYJ,7.5,40.5,0.7516485398646913,1,0.7317061424567074,0.7578959949451124,0.7516485398646913,extratrees
2018_04_SF_LAC,2018,4,2018-09-30,LAC,SF,10.0,46.0,0.7913901005120425,1,0.7289775558573812,0.7548670956422008,0.7913901005120425,extratrees
2018_04_MIA_NE,2018,4,2018-09-30,NE,MIA,6.5,50.5,0.7186611537119655,1,0.6317711579547466,0.6436647627866308,0.7186611537119655,extratrees
2018_04_NO_NYG,2018,4,2018-09-30,NYG,NO,-3.5,51.5,0.3856591915440651,0,0.3786554901324101,0.34598565716701785,0.3856591915440651,extratrees
2018_04_CLE_OAK,2018,4,2018-09-30,OAK,CLE,2.5,44.5,0.5605012156349355,1,0.6030591020393419,0.6099361726725913,0.5605012156349355,extratrees
2018_04_BAL_PIT,2018,4,2018-09-30,PIT,BAL,3.0,51.0,0.6143408084559349,0,0.5709656208130218,0.5719765014276539,0.6143408084559349,extratrees
2018_04_PHI_TEN,2018,4,2018-09-30,TEN,PHI,-3.0,41.5,0.4207141879874127,1,0.37445928378028337,0.3412028501429697,0.4207141879874127,extratrees
2018_04_KC_DEN,2018,4,2018-10-01,DEN,KC,-3.5,53.5,0.37713161346742463,0,0.347626725559942,0.3108854132384254,0.37713161346742463,extratrees
2018_05_IND_NE,2018,5,2018-10-04,NE,IND,10.5,49.5,0.8231164821006097,1,0.7848529172404339,0.8155195117230984,0.8231164821006097,extratrees
2018_05_TEN_BUF,2018,5,2018-10-07,BUF,TEN,-6.0,38.0,0.2886826993788237,1,0.400337441758397,0.3708595203780771,0.2886826993788237,extratrees
2018_05_NYG_CAR,2018,5,2018-10-07,CAR,NYG,7.0,43.5,0.7078088877472386,1,0.7699542432113454,0.7996495629919143,0.7078088877472386,extratrees
2018_05_MIA_CIN,2018,5,2018-10-07,CIN,MIA,6.0,47.5,0.7013921016108003,1,0.6128182291030764,0.6214302371057445,0.7013921016108003,extratrees
2018_05_BAL_CLE,2018,5,2018-10-07,CLE,BAL,-3.0,44.5,0.38421186945302976,1,0.3748476196886125,0.34164502516026746,0.38421186945302976,extratrees
2018_05_GB_DET,2018,5,2018-10-07,DET,GB,1.0,50.0,0.5431472081218274,1,0.5363461181828735,0.5308713867099308,0.5431472081218274,extratrees
2018_05_DAL_HOU,2018,5,2018-10-07,HOU,DAL,3.5,45.0,0.6186511705872493,1,0.5009460228041425,0.4888371019767756,0.6186511705872493,extratrees
2018_05_JAX_KC,2018,5,2018-10-07,KC,JAX,3.0,48.0,0.5768590455049944,1,0.643254588691168,0.6570703360568163,0.5768590455049944,extratrees
2018_05_OAK_LAC,2018,5,2018-10-07,LAC,OAK,5.5,52.0,0.6800775569558896,1,0.6725248950919662,0.690963814349402,0.6800775569558896,extratrees
2018_05_DEN_NYJ,2018,5,2018-10-07,NYJ,DEN,-1.0,42.0,0.497677011707861,1,0.5113348660244526,0.5011630448900728,0.497677011707861,extratrees
2018_05_MIN_PHI,2018,5,2018-10-07,PHI,MIN,3.5,48.0,0.6274614156466205,0,0.6263997475780237,0.637376268959736,0.6274614156466205,extratrees
2018_05_ATL_PIT,2018,5,2018-10-07,PIT,ATL,3.5,57.0,0.6274614156466205,1,0.5646418741079927,0.5644757038883077,0.6274614156466205,extratrees
2018_05_LA_SEA,2018,5,2018-10-07,SEA,LA,-7.5,50.5,0.25896227886805406,0,0.372130084859091,0.33855267130386535,0.25896227886805406,extratrees
2018_05_ARI_SF,2018,5,2018-10-07,SF,ARI,3.0,40.5,0.6027760021915806,0,0.5953180490918017,0.6008004938533484,0.6027760021915806,extratrees
2018_05_WAS_NO,2018,5,2018-10-08,NO,WAS,5.5,51.5,0.6969696969696969,1,0.664678667977351,0.6819211925048718,0.6969696969696969,extratrees
2018_06_PHI_NYG,2018,6,2018-10-11,NYG,PHI,-1.5,45.5,0.4559761116939714,0,0.44544702935335934,0.42334091850464445,0.4559761116939714,extratrees
2018_06_TB_ATL,2018,6,2018-10-14,ATL,TB,3.0,57.5,0.5996661308272535,1,0.5553655575565173,0.5534647725653555,0.5996661308272535,extratrees
2018_06_PIT_CIN,2018,6,2018-10-14,CIN,PIT,1.0,49.5,0.5185243789416578,0,0.536926952551786,0.5315615174853895,0.5185243789416578,extratrees
2018_06_LAC_CLE,2018,6,2018-10-14,CLE,LAC,1.0,47.0,0.5,0,0.45849359305658965,0.43866583814874244,0.5,extratrees
2018_06_JAX_DAL,2018,6,2018-10-14,DAL,JAX,-3.0,39.5,0.3813488294127508,1,0.4865784615742975,0.47181541352916245,0.3813488294127508,extratrees
2018_06_LA_DEN,2018,6,2018-10-14,DEN,LA,-7.0,50.0,0.2680965147453084,0,0.28574708129345083,0.24304438956028523,0.2680965147453084,extratrees
2018_06_BUF_HOU,2018,6,2018-10-14,HOU,BUF,10.5,40.5,0.7949510012782275,1,0.606040315554973,0.6134502747553638,0.7949510012782275,extratrees
2018_06_CHI_MIA,2018,6,2018-10-14,MIA,CHI,-7.5,40.5,0.2758414232562118,1,0.3916855509953122,0.3609028154357677,0.2758414232562118,extratrees
2018_06_ARI_MIN,2018,6,2018-10-14,MIN,ARI,10.0,43.5,0.783029001074114,1,0.7075332389197996,0.73085638217722,0.783029001074114,extratrees
2018_06_KC_NE,2018,6,2018-10-14,NE,KC,4.0,59.5,0.6397067958752639,1,0.6205462708673563,0.6305113894133195,0.6397067958752639,extratrees
2018_06_IND_NYJ,2018,6,2018-10-14,NYJ,IND,2.5,47.5,0.5775497887748944,1,0.6067655447591003,0.614304763147167,0.5775497887748944,extratrees
2018_06_SEA_OAK,2018,6,2018-10-14,OAK,SEA,-3.0,47.5,0.4116032928263426,0,0.37800262293395837,0.3452408280091129,0.4116032928263426,extratrees
2018_06_BAL_TEN,2018,6,2018-10-14,TEN,BAL,-2.5,43.5,0.4357578877693609,0,0.5005847922601224,0.48840875292005564,0.4357578877693609,extratrees
2018_06_CAR_WAS,2018,6,2018-10-14,WAS,CAR,-1.0,44.5,0.478202846975089,1,0.44732288447064084,0.4255409354594799,0.478202846975089,extratrees
2018_06_SF_GB,2018,6,2018-10-15,GB,SF,9.0,46.5,0.7882908557935022,1,0.733455841470219,0.7598349878054079,0.7882908557935022,extratrees
2018_07_DEN_ARI,2018,7,2018-10-18,ARI,DEN,-1.0,42.5,0.489612188365651,0,0.5504379386541113,0.5476128028034235,0.489612188365651,extratrees
2018_07_NO_BAL,2018,7,2018-10-21,BAL,NO,2.5,49.0,0.5740354444580784,0,0.602150745654565,0.6088649672357962,0.5740354444580784,extratrees
2018_07_NE_CHI,2018,7,2018-10-21,CHI,NE,-1.0,49.0,0.4519505233111322,0,0.47512921323056145,0.45827861686163834,0.4519505233111322,extratrees
2018_07_BUF_IND,2018,7,2018-10-21,IND,BUF,7.0,43.5,0.7274505180520687,1,0.5987116524046538,0.6048073552647176,0.7274505180520687,extratrees
2018_07_HOU_JAX,2018,7,2018-10-21,JAX,HOU,4.0,43.0,0.6611281154350678,0,0.603570193019582,0.6105387938202006,0.6611281154350678,extratrees
2018_07_CIN_KC,2018,7,2018-10-21,KC,CIN,6.5,56.0,0.7129371711544413,1,0.714186243532201,0.7383433669379272,0.7129371711544413,extratrees
2018_07_TEN_LAC,2018,7,2018-10-21,LAC,TEN,6.5,46.0,0.7171050163208644,1,0.7132417263726962,0.7372824529814851,0.7171050163208644,extratrees
2018_07_DET_MIA,2018,7,2018-10-21,MIA,DET,-3.0,47.0,0.37665039500700276,0,0.4713067076565376,0.45376567812211016,0.37665039500700276,extratrees
2018_07_MIN_NYJ,2018,7,2018-10-21,NYJ,MIN,-3.5,45.0,0.3794411866160745,0,0.43139154112696304,0.40689692899879865,0.3794411866160745,extratrees
2018_07_CAR_PHI,2018,7,2018-10-21,PHI,CAR,5.0,45.0,0.6767540554475866,0,0.6682337701151128,0.6860225473887315,0.6767540554475866,extratrees
2018_07_LA_SF,2018,7,2018-10-21,SF,LA,-8.0,52.0,0.22290965335274313,0,0.28315208709494794,0.24027238826258987,0.22290965335274313,extratrees
2018_07_CLE_TB,2018,7,2018-10-21,TB,CLE,3.5,52.5,0.6288125965945868,1,0.6403283122082167,0.6536594706844242,0.6288125965945868,extratrees
2018_07_DAL_WAS,2018,7,2018-10-21,WAS,DAL,-1.5,40.5,0.4559761116939714,1,0.5113694888216962,0.5012041429105664,0.4559761116939714,extratrees
2018_07_NYG_ATL,2018,7,2018-10-22,ATL,NYG,4.5,52.0,0.6600024206947392,1,0.675003460197101,0.6938131896940721,0.6600024206947392,extratrees
2018_08_MIA_HOU,2018,8,2018-10-25,HOU,MIA,7.5,45.0,0.752849022990131,1,0.6986196226441586,0.7207754677639601,0.752849022990131,extratrees
2018_08_SF_ARI,2018,8,2018-10-28,ARI,SF,-2.5,40.0,0.43391066545123064,1,0.48447161526535626,0.46932238851737607,0.43391066545123064,extratrees
2018_08_BAL_CAR,2018,8,2018-10-28,CAR,BAL,-2.5,44.0,0.4259645555419216,1,0.5366883987526223,0.531278074846407,0.4259645555419216,extratrees
2018_08_NYJ_CHI,2018,8,2018-10-28,CHI,NYJ,8.5,42.5,0.7590361445783131,1,0.6965578761184917,0.7184358858253178,0.7590361445783131,extratrees
2018_08_TB_CIN,2018,8,2018-10-28,CIN,TB,3.5,55.0,0.6422270143109194,1,0.5650046799378559,0.5649061727934722,0.6422270143109194,extratrees
2018_08_SEA_DET,2018,8,2018-10-28,DET,SEA,3.0,47.5,0.6033428208078484,0,0.5977957922299232,0.6037262690952294,0.6033428208078484,extratrees
2018_08_PHI_JAX,2018,8,2018-10-28,JAX,PHI,-4.0,44.5,0.341130604288499,0,0.34130694034588377,0.30381670421385454,0.341130604288499,extratrees
2018_08_DEN_KC,2018,8,2018-10-28,KC,DEN,8.5,53.0,0.7766031805494009,1,0.7888449380010004,0.8197303157540722,0.7766031805494009,extratrees
2018_08_GB_LA,2018,8,2018-10-28,LA,GB,7.5,57.0,0.75416247625433,1,0.7429117365335786,0.7702683008520573,0.75416247625433,extratrees
2018_08_NO_MIN,2018,8,2018-10-28,MIN,NO,-2.5,53.5,0.4479937670432412,0,0.5299538584705916,0.5232763958579024,0.4479937670432412,extratrees
2018_08_WAS_NYG,2018,8,2018-10-28,NYG,WAS,-1.0,43.0,0.4930284439486894,0,0.4439015310675364,0.4215292588980265,0.4930284439486894,extratrees
2018_08_IND_OAK,2018,8,2018-10-28,OAK,IND,-3.5,51.0,0.36851357510254573,0,0.4457119345508074,0.42365152815778134,0.36851357510254573,extratrees
2018_08_CLE_PIT,2018,8,2018-10-28,PIT,CLE,8.5,47.5,0.7719291548973205,1,0.8158534264033027,0.847720833913042,0.7719291548973205,extratrees
2018_08_NE_BUF,2018,8,2018-10-29,BUF,NE,-13.5,44.0,0.1151399805559675,0,0.2644875368718043,0.22052940474449043,0.1151399805559675,extratrees
2018_09_OAK_SF,2018,9,2018-11-01,SF,OAK,-1.5,44.0,0.47377843762281124,1,0.5162273090583955,0.5069715307042397,0.47377843762281124,extratrees
2018_09_PIT_BAL,2018,9,2018-11-04,BAL,PIT,1.5,47.0,0.5500363507751557,0,0.5470914552861332,0.5436377339777878,0.5500363507751557,extratrees
2018_09_CHI_BUF,2018,9,2018-11-04,BUF,CHI,-10.5,38.0,0.21891418563922943,0,0.3393928838150321,0.30168157469650553,0.21891418563922943,extratrees
2018_09_TB_CAR,2018,9,2018-11-04,CAR,TB,6.0,55.5,0.7234124879978217,1,0.7284096587130868,0.7542359186667797,0.7234124879978217,extratrees
2018_09_KC_CLE,2018,9,2018-11-04,CLE,KC,-7.5,51.0,0.2270577105014191,0,0.2365894568231636,0.1917003157109258,0.2270577105014191,extratrees
2018_09_HOU_DEN,2018,9,2018-11-04,DEN,HOU,1.0,46.5,0.5305667495498585,0,0.5599204641696421,0.5588724498239825,0.5305667495498585,extratrees
2018_09_NYJ_MIA,2018,9,2018-11-04,MIA,NYJ,3.0,43.5,0.5933014354066986,1,0.5194068291778303,0.5107473715412861,0.5933014354066986,extratrees
2018_09_DET_MIN,2018,9,2018-11-04,MIN,DET,4.5,47.0,0.6691291228800332,1,0.6175974901049031,0.6270486087610488,0.6691291228800332,extratrees
2018_09_GB_NE,2018,9,2018-11-04,NE,GB,5.0,56.0,0.6723085403948631,1,0.7450005595480951,0.7725623965477262,0.6723085403948631,extratrees
2018_09_LA_NO,2018,9,2018-11-04,NO,LA,-2.5,57.5,0.4433028919330289,1,0.5681004612050292,0.5685786756928083,0.4433028919330289,extratrees
2018_09_LAC_SEA,2018,9,2018-11-04,SEA,LAC,1.0,48.5,0.497677011707861,0,0.5748473149466405,0.5765780003157719,0.497677011707861,extratrees
2018_09_ATL_WAS,2018,9,2018-11-04,WAS,ATL,1.5,46.5,0.5480494766888677,0,0.5532501568620628,0.5509527560441503,0.5480494766888677,extratrees
2018_09_TEN_DAL,2018,9,2018-11-05,DAL,TEN,4.5,40.0,0.6780652506772408,0,0.6683909141937956,0.6862036794675691,0.6780652506772408,extratrees
2018_10_CAR_PIT,2018,10,2018-11-08,PIT,CAR,3.5,51.0,0.6384336294257477,1,0.6426131370193121,0.6563229774720328,0.6384336294257477,extratrees
2018_10_DET_CHI,2018,10,2018-11-11,CHI,DET,7.5,44.5,0.7437774524158125,1,0.7183885845456267,0.7430553637157986,0.7437774524158125,extratrees
2018_10_NO_CIN,2018,10,2018-11-11,CIN,NO,-5.5,53.0,0.3003616251861306,0,0.30983953299554534,0.2690763959179857,0.3003616251861306,extratrees
2018_10_ATL_CLE,2018,10,2018-11-11,CLE,ATL,-5.5,49.5,0.3128007699711261,1,0.28780209493832803,0.24524411781529235,0.3128007699711261,extratrees
2018_10_MIA_GB,2018,10,2018-11-11,GB,MIA,13.0,48.5,0.8336954806443391,1,0.6960518834003991,0.7178612684344232,0.8336954806443391,extratrees
2018_10_JAX_IND,2018,10,2018-11-11,IND,JAX,3.0,48.0,0.5949110703209063,1,0.5743338226344307,0.5759694173480447,0.5949110703209063,extratrees
2018_10_ARI_KC,2018,10,2018-11-11,KC,ARI,16.5,49.5,0.896544808509511,1,0.8444354698651182,0.8762950008935205,0.896544808509511,extratrees
2018_10_SEA_LA,2018,10,2018-11-11,LA,SEA,10.0,51.0,0.7882908557935022,1,0.7110385752425598,0.734805204166651,0.7882908557935022,extratrees
2018_10_BUF_NYJ,2018,10,2018-11-11,NYJ,BUF,6.5,38.0,0.7086409898223908,0,0.659566445935195,0.6760117691666075,0.7086409898223908,extratrees
2018_10_LAC_OAK,2018,10,2018-11-11,OAK,LAC,-10.5,50.0,0.19880432381590293,0,0.23040366867923942,0.18542642802028314,0.19880432381590293,extratrees
2018_10_DAL_PHI,2018,10,2018-11-11,PHI,DAL,7.5,45.5,0.7618424496205181,0,0.7275501925405712,0.7532801791531111,0.7618424496205181,extratrees
2018_10_WAS_TB,2018,10,2018-11-11,TB,WAS,3.5,51.0,0.6314864248974542,0,0.5195070384129802,0.5108663861346183,0.6314864248974542,extratrees
2018_10_NE_TEN,2018,10,2018-11-11,TEN,NE,-6.0,47.0,0.30783548698858143,1,0.3178622960500499,0.27785790125429716,0.30783548698858143,extratrees
2018_10_NYG_SF,2018,10,2018-11-12,SF,NYG,3.0,45.0,0.6261005910022917,0,0.6050596203692395,0.6122945526093805,0.6261005910022917,extratrees
2018_11_GB_SEA,2018,11,2018-11-15,SEA,GB,3.0,49.0,0.6033428208078484,1,0.6225381737795485,0.6328488235731707,0.6033428208078484,extratrees
2018_11_OAK_ARI,2018,11,2018-11-18,ARI,OAK,4.5,41.0,0.6622465491588744,0,0.6461887729925156,0.6604866565483726,0.6622465491588744,extratrees
2018_11_DAL_ATL,2018,11,2018-11-18,ATL,DAL,3.5,50.0,0.635427289414644,0,0.60763573761904,0.6153298544944428,0.635427289414644,extratrees
2018_11_CIN_BAL,2018,11,2018-11-18,BAL,CIN,6.5,44.0,0.7050630837293135,1,0.6294284069247816,0.6409233654583811,0.7050630837293135,extratrees
2018_11_MIN_CHI,2018,11,2018-11-18,CHI,MIN,2.5,44.0,0.5642421122306391,1,0.5597142772328882,0.5586277005755684,0.5642421122306391,extratrees
2018_11_CAR_DET,2018,11,2018-11-18,DET,CAR,-4.0,48.0,0.35777298568908056,1,0.39661814003701995,0.3665744409999958,0.35777298568908056,extratrees
2018_11_TEN_IND,2018,11,2018-11-18,IND,TEN,2.0,50.0,0.5500363507751557,1,0.5145484592299078,0.5049781123332944,0.5500363507751557,extratrees
2018_11_PIT_JAX,2018,11,2018-11-18,JAX,PIT,-4.0,47.0,0.34727812147834686,0,0.31284584373262175,0.27236068150481985,0.34727812147834686,extratrees
2018_11_DEN_LAC,2018,11,2018-11-18,LAC,DEN,7.5,47.0,0.7484638116234346,0,0.7312653477091949,0.7574071060494791,0.7484638116234346,extratrees
2018_11_PHI_NO,2018,11,2018-11-18,NO,PHI,7.0,56.5,0.7496951042453104,1,0.7520462699056855,0.780271096280202,0.7496951042453104,extratrees
2018_11_TB_NYG,2018,11,2018-11-18,NYG,TB,3.0,54.5,0.6033428208078484,1,0.5461231252437431,0.5424874177265143,0.6033428208078484,extratrees
2018_11_HOU_WAS,2018,11,2018-11-18,WAS,HOU,-3.0,40.5,0.39975399753997537,0,0.5098977999163874,0.4994573177949536,0.39975399753997537,extratrees
2018_11_KC_LA,2018,11,2018-11-19,LA,KC,3.0,63.5,0.6143408084559349,1,0.6194279861008698,0.6291985214002658,0.6143408084559349,extratrees
2018_12_WAS_DAL,2018,12,2018-11-22,DAL,WAS,7.0,40.0,0.7423428878604573,1,0.6967485819741349,0.7186524112930788,0.7423428878604573,extratrees
2018_12_CHI_DET,2018,12,2018-11-22,DET,CHI,-3.0,43.0,0.39722399780841927,0,0.40369514958355074,0.37473411795359196,0.39722399780841927,extratrees
2018_12_ATL_NO,2018,12,2018-11-22,NO,ATL,11.5,61.0,0.8185117967332123,1,0.8009781737557062,0.8324150623939576,0.8185117967332123,extratrees
2018_12_OAK_BAL,2018,12,2018-11-25,BAL,OAK,13.0,42.0,0.8449882810356586,1,0.8517569355615373,0.8834216810985435,0.8449882810356586,extratrees
2018_12_JAX_BUF,2018,12,2018-11-25,BUF,JAX,-3.0,36.5,0.4066985645933015,1,0.4351515933781509,0.41128866283527216,0.4066985645933015,extratrees
2018_12_SEA_CAR,2018,12,2018-11-25,CAR,SEA,3.0,46.5,0.6033428208078484,0,0.593507175198729,0.5986612452023341,0.6033428208078484,extratrees
2018_12_CLE_CIN,2018,12,2018-11-25,CIN,CLE,-1.0,46.5,0.4827086071703758,0,0.5217463035553614,0.5135260314865803,0.4827086071703758,extratrees
2018_12_PIT_DEN,2018,12,2018-11-25,DEN,PIT,-3.0,47.5,0.39360687022900764,1,0.3920280823968585,0.36129624275713074,0.39360687022900764,extratrees
2018_12_MIA_IND,2018,12,2018-11-25,IND,MIA,9.0,52.5,0.7786282119074719,1,0.7081792320438243,0.7315847786172207,0.7786282119074719,extratrees
2018_12_ARI_LAC,2018,12,2018-11-25,LAC,ARI,14.0,43.5,0.864132798951343,1,0.8662222922794309,0.8972497391561646,0.864132798951343,extratrees
2018_12_GB_MIN,2018,12,2018-11-25,MIN,GB,4.0,48.5,0.6562218214607755,1,0.6482736660212495,0.6629117842219919,0.6562218214607755,extratrees
2018_12_NE_NYJ,2018,12,2018-11-25,NYJ,NE,-13.0,46.5,0.16630451935566104,0,0.2555545482057568,0.21120626254661673,0.16630451935566104,extratrees
2018_12_NYG_PHI,2018,12,2018-11-25,PHI,NYG,4.5,49.0,0.6658888417479847,1,0.6814344535251471,0.701189649595527,0.6658888417479847,extratrees
2018_12_SF_TB,2018,12,2018-11-25,TB,SF,1.5,54.5,0.5460453954604539,1,0.5301062569755043,0.5234574622411351,0.5460453954604539,extratrees
2018_12_TEN_HOU,2018,12,2018-11-26,HOU,TEN,3.5,42.5,0.6397067958752639,1,0.6162855671626948,0.6255070777865167,0.6397067958752639,extratrees
2018_13_NO_DAL,2018,13,2018-11-29,DAL,NO,-7.0,51.5,0.2602804474554908,1,0.30643731742613844,0.26536892888265107,0.2602804474554908,extratrees
2018_13_BAL_ATL,2018,13,2018-12-02,ATL,BAL,2.5,46.5,0.5810079557598683,0,0.5676331065733267,0.5680243321204491,0.5810079557598683,extratrees
2018_13_DEN_CIN,2018,13,2018-12-02,CIN,DEN,-3.5,45.0,0.3752699784017279,0,0.3709436438829213,0.3372040200191869,0.3752699784017279,extratrees
2018_13_LA_DET,2018,13,2018-12-02,DET,LA,-10.5,54.0,0.20128087831655989,0,0.27758473929644956,0.23434718465805326,0.20128087831655989,extratrees
2018_13_ARI_GB,2018,13,2018-12-02,GB,ARI,13.5,41.0,0.8507091764333,0,0.7892335496923798,0.8201392579409436,0.8507091764333,extratrees
2018_13_CLE_HOU,2018,13,2018-12-02,HOU,CLE,5.0,47.5,0.6940056953853229,1,0.7011279812003147,0.7236179328802855,0.6940056953853229,extratrees
2018_13_IND_JAX,2018,13,2018-12-02,JAX,IND,-4.0,45.5,0.3500310228164034,1,0.34703837139524957,0.31022612193685256,0.3500310228164034,extratrees
2018_13_BUF_MIA,2018,13,2018-12-02,MIA,BUF,3.5,40.0,0.6274614156466205,1,0.5593598701134053,0.5582070007211909,0.6274614156466205,extratrees
2018_13_MIN_NE,2018,13,2018-12-02,NE,MIN,6.0,50.0,0.6921645130114186,1,0.6844424519952982,0.7046313718845592,0.6921645130114186,extratrees
2018_13_CHI_NYG,2018,13,2018-12-02,NYG,CHI,-3.5,44.0,0.36674816625916873,1,0.34072804838286236,0.30317066496780304,0.36674816625916873,extratrees
2018_13_KC_OAK,2018,13,2018-12-02,OAK,KC,-14.0,53.5,0.14020267272436865,0,0.2053686314404708,0.1605076897774125,0.14020267272436865,extratrees
2018_13_LAC_PIT,2018,13,2018-12-02,PIT,LAC,3.5,53.5,0.6332518337408314,0,0.6476761972287922,0.662217016483395,0.6332518337408314,extratrees
2018_13_SF_SEA,2018,13,2018-12-02,SEA,SF,10.0,45.5,0.809825673534073,1,0.8097490298270289,0.8414736691598408,0.809825673534073,extratrees
2018_13_CAR_TB,2018,13,2018-12-02,TB,CAR,-3.5,52.0,0.36674816625916873,1,0.391133082836402,0.36026839259015664,0.36674816625916873,extratrees
2018_13_NYJ_TEN,2018,13,2018-12-02,TEN,NYJ,10.5,40.5,0.7923104001251613,1,0.765713699138552,0.7950897005836848,0.7923104001251613,extratrees
2018_13_WAS_PHI,2018,13,2018-12-03,PHI,WAS,5.5,45.0,0.6881525568730624,1,0.6119482996911592,0.6204067967049257,0.6881525568730624,extratrees
2018_14_JAX_TEN,2018,14,2018-12-06,TEN,JAX,5.5,36.5,0.6958254667505769,1,0.6473950511690096,0.6618900288128443,0.6958254667505769,extratrees
2018_14_DET_ARI,2018,14,2018-12-09,ARI,DET,-2.5,40.0,0.4320786780923455,0,0.4582844754353459,0.4384197816409423,0.4320786780923455,extratrees
2018_14_NYJ_BUF,2018,14,2018-12-09,BUF,NYJ,4.5,37.0,0.6622465491588744,0,0.67426676958979,0.6929666513236502,0.6622465491588744,extratrees
2018_14_LA_CHI,2018,14,2018-12-09,CHI,LA,-3.0,50.5,0.4320786780923455,1,0.4714108480570741,0.4538885816788544,0.4320786780923455,extratrees
2018_14_CAR_CLE,2018,14,2018-12-09,CLE,CAR,-1.0,48.0,0.47377843762281124,1,0.41708143366043965,0.3902359521220378,0.47377843762281124,extratrees
2018_14_PHI_DAL,2018,14,2018-12-09,DAL,PHI,3.5,46.0,0.6332518337408314,1,0.6016345058597528,0.6082560786008062,0.6332518337408314,extratrees
2018_14_ATL_GB,2018,14,2018-12-09,GB,ATL,4.0,51.0,0.6332518337408314,1,0.5762116673508157,0.5781948088907372,0.6332518337408314,extratrees
2018_14_IND_HOU,2018,14,2018-12-09,HOU,IND,4.0,49.5,0.6463391320971134,0,0.6280662714775226,0.6393284868793581,0.6463391320971134,extratrees
2018_14_BAL_KC,2018,14,2018-12-09,KC,BAL,6.5,49.0,0.7119235543480806,1,0.7017189834409959,0.7242870224951001,0.7119235543480806,extratrees
2018_14_CIN_LAC,2018,14,2018-12-09,LAC,CIN,17.0,48.5,0.8978516559479396,1,0.8488717071171208,0.8806231487584495,0.8978516559479396,extratrees
2018_14_NE_MIA,2018,14,2018-12-09,MIA,NE,-8.5,49.5,0.23294907543659243,1,0.3100716247380517,0.269329673711624,0.23294907543659243,extratrees
2018_14_PIT_OAK,2018,14,2018-12-09,OAK,PIT,-10.5,51.0,0.2016780791724219,1,0.24679642081990655,0.20214868199545466,0.2016780791724219,extratrees
2018_14_DEN_SF,2018,14,2018-12-09,SF,DEN,-3.0,45.5,0.39360687022900764,1,0.37630706130228125,0.3433076247441078,0.39360687022900764,extratrees
2018_14_NO_TB,2018,14,2018-12-09,TB,NO,-8.5,55.0,0.2270577105014191,0,0.2688709844669472,0.22513470153305598,0.2270577105014191,extratrees
2018_14_NYG_WAS,2018,14,2018-12-09,WAS,NYG,-3.0,40.5,0.38911639972601536,0,0.4565829094676904,0.4364181342403542,0.38911639972601536,extratrees
2018_14_MIN_SEA,2018,14,2018-12-10,SEA,MIN,3.0,45.5,0.6129732508818783,1,0.6052704541762699,0.6125430371013407,0.6129732508818783,extratrees
2018_15_LAC_KC,2018,15,2018-12-13,KC,LAC,3.5,54.0,0.6438780948689375,0,0.6367115299886579,0.6494387338317009,0.6438780948689375,extratrees
2018_15_CLE_DEN,2018,15,2018-12-15,DEN,CLE,1.0,47.0,0.5480494766888677,0,0.6162946842418813,0.6255177924403748,0.5480494766888677,extratrees
2018_15_HOU_NYJ,2018,15,2018-12-15,NYJ,HOU,-7.0,44.0,0.2765875120021783,0,0.29834676874803406,0.25659314442950515,0.2765875120021783,extratrees
2018_15_ARI_ATL,2018,15,2018-12-16,ATL,ARI,10.0,43.5,0.7739466476569241,1,0.6784443697708326,0.6977630076993957,0.7739466476569241,extratrees
2018_15_TB_BAL,2018,15,2018-12-16,BAL,TB,8.5,44.5,0.7719291548973205,1,0.75999327484898,0.7889097163515275,0.7719291548973205,extratrees
2018_15_DET_BUF,2018,15,2018-12-16,BUF,DET,2.5,40.0,0.5792858120125872,1,0.5354752433995182,0.5298366367606898,0.5792858120125872,extratrees
2018_15_GB_CHI,2018,15,2018-12-16,CHI,GB,6.0,46.5,0.6958254667505769,1,0.6826567023854186,0.7025888008831417,0.6958254667505769,extratrees
2018_15_OAK_CIN,2018,15,2018-12-16,CIN,OAK,3.0,46.0,0.5933014354066986,1,0.5861939217667674,0.5900143970921081,0.5933014354066986,extratrees
2018_15_DAL_IND,2018,15,2018-12-16,IND,DAL,3.0,47.0,0.6172248803827751,1,0.5708429903685523,0.571831095391309,0.6172248803827751,extratrees
2018_15_WAS_JAX,2018,15,2018-12-16,JAX,WAS,7.5,36.0,0.7534450148608485,0,0.6652772743502865,0.6826122510125815,0.7534450148608485,extratrees
2018_15_PHI_LA,2018,15,2018-12-16,LA,PHI,13.5,52.5,0.8598130841121495,0,0.7275167196196284,0.753242944498361,0.8598130841121495,extratrees
2018_15_MIA_MIN,2018,15,2018-12-16,MIN,MIA,7.5,45.0,0.7623960482711186,1,0.7034042681549763,0.7261936400612661,0.7623960482711186,extratrees
2018_15_TEN_NYG,2018,15,2018-12-16,NYG,TEN,-2.5,42.0,0.46097238299983456,0,0.4600417310311924,0.44048784257450535,0.46097238299983456,extratrees
2018_15_NE_PIT,2018,15,2018-12-16,PIT,NE,-2.5,55.0,0.4499636492248442,1,0.5052656444156504,0.49396064135801643,0.4499636492248442,extratrees
2018_15_SEA_SF,2018,15,2018-12-16,SF,SEA,-3.5,44.0,0.3414829480990412,1,0.32921636368586177,0.2903759986016705,0.3414829480990412,extratrees
2018_15_NO_CAR,2018,15,2018-12-17,CAR,NO,-6.0,50.5,0.30417453324942306,0,0.26905553985017244,0.22532902863812762,0.30417453324942306,extratrees
2018_16_BAL_LAC,2018,16,2018-12-22,LAC,BAL,4.0,42.5,0.6487671491207393,0,0.6647912623714461,0.6820511911404455,0.6487671491207393,extratrees
2018_16_WAS_TEN,2018,16,2018-12-22,TEN,WAS,12.5,38.0,0.8327427085152865,1,0.7800136989226335,0.8103911736017351,0.8327427085152865,extratrees
2018_16_LA_ARI,2018,16,2018-12-23,ARI,LA,-14.5,43.0,0.15700453882184118,0,0.2677166280254864,0.22392001217824054,0.15700453882184118,extratrees
2018_16_ATL_CAR,2018,16,2018-12-23,CAR,ATL,-2.5,46.5,0.41899204424013164,0,0.4281943307038955,0.40316701539835464,0.41899204424013164,extratrees
2018_16_CIN_CLE,2018,16,2018-12-23,CLE,CIN,10.0,44.0,0.7750359478640011,1,0.6650624031217198,0.6823642157727102,0.7750359478640011,extratrees
2018_16_TB_DAL,2018,16,2018-12-23,DAL,TB,7.0,48.0,0.741037721131946,1,0.7052641735879025,0.7282954894948406,0.741037721131946,extratrees
2018_16_MIN_DET,2018,16,2018-12-23,DET,MIN,-6.5,41.5,0.2905315298152029,0,0.3879134906533006,0.35657454956978457,0.2905315298152029,extratrees
2018_16_NYG_IND,2018,16,2018-12-23,IND,NYG,10.0,48.5,0.7810858143607706,1,0.7337549949152437,0.7601662465838677,0.7810858143607706,extratrees
2018_16_JAX_MIA,2018,16,2018-12-23,MIA,JAX,3.0,39.5,0.5910582378327702,0,0.5726939288851817,0.5740255734147158,0.5910582378327702,extratrees
2018_16_BUF_NE,2018,16,2018-12-23,NE,BUF,14.0,46.0,0.8534482758620688,1,0.7782298671647487,0.8084942776557407,0.8534482758620688,extratrees
2018_16_PIT_NO,2018,16,2018-12-23,NO,PIT,6.5,53.0,0.7113173006211763,1,0.7380233709054466,0.7648843664175877,0.7113173006211763,extratrees
2018_16_GB_NYJ,2018,16,2018-12-23,NYJ,GB,-3.0,47.5,0.42845967856634903,0,0.3854216788296365,0.3537196742766182,0.42845967856634903,extratrees
2018_16_HOU_PHI,2018,16,2018-12-23,PHI,HOU,1.0,47.0,0.537852568752202,1,0.5771097888580323,0.5792589537846734,0.537852568752202,extratrees
2018_16_KC_SEA,2018,16,2018-12-23,SEA,KC,-1.0,54.0,0.47499179161650434,1,0.5071268062305441,0.49616887779022956,0.47499179161650434,extratrees
2018_16_CHI_SF,2018,16,2018-12-23,SF,CHI,-3.5,44.0,0.360293204124736,0,0.32322779692223047,0.2837605739694396,0.360293204124736,extratrees
2018_16_DEN_OAK,2018,16,2018-12-24,OAK,DEN,-2.5,42.5,0.4479937670432412,1,0.4044614875984509,0.37561922520723445,0.4479937670432412,extratrees
2018_17_CLE_BAL,2018,17,2018-12-30,BAL,CLE,7.0,41.0,0.7464578672632363,1,0.7541576209168654,0.7825721023991531,0.7464578672632363,extratrees
2018_17_MIA_BUF,2018,17,2018-12-30,BUF,MIA,5.5,39.5,0.6969696969696969,1,0.615194616314602,0.6242247673053213,0.6969696969696969,extratrees
2018_17_LAC_DEN,2018,17,2018-12-30,DEN,LAC,-7.0,43.5,0.28787053606161983,0,0.29557804517551806,0.2536033465810158,0.28787053606161983,extratrees
2018_17_DET_GB,2018,17,2018-12-30,GB,DET,7.5,44.5,0.7458277383464417,0,0.6437635499748082,0.6576632013755138,0.7458277383464417,extratrees
2018_17_JAX_HOU,2018,17,2018-12-30,HOU,JAX,7.0,39.5,0.7389050529177836,1,0.7437103739999295,0.7711458854769849,0.7389050529177836,extratrees
2018_17_OAK_KC,2018,17,2018-12-30,KC,OAK,14.5,54.0,0.859009216444509,1,0.8170431755354381,0.8489327620774719,0.859009216444509,extratrees
2018_17_SF_LA,2018,17,2018-12-30,LA,SF,10.5,50.5,0.7987191216834401,1,0.820682793310571,0.8526285784622322,0.7987191216834401,extratrees
2018_17_CHI_MIN,2018,17,2018-12-30,MIN,CHI,6.0,39.5,0.6800775569558896,0,0.6170180550559252,0.6263678324764791,0.6800775569558896,extratrees
2018_17_NYJ_NE,2018,17,2018-12-30,NE,NYJ,14.0,47.0,0.865276609290798,1,0.8560368906668793,0.887548728693143,0.865276609290798,extratrees
2018_17_CAR_NO,2018,17,2018-12-30,NO,CAR,8.0,42.0,0.7403802739176241,0,0.7649924107038448,0.7943122729697221,0.7403802739176241,extratrees
2018_17_DAL_NYG,2018,17,2018-12-30,NYG,DAL,7.5,38.5,0.7529750155095595,0,0.574082431467648,0.5756714577525481,0.7529750155095595,extratrees
2018_17_CIN_PIT,2018,17,2018-12-30,PIT,CIN,14.0,45.5,0.841953552360051,1,0.7935610239116353,0.8246813551077588,0.841953552360051,extratrees
2018_17_ARI_SEA,2018,17,2018-12-30,SEA,ARI,15.5,39.5,0.8624016141693505,1,0.8697965244559833,0.9006124049642402,0.8624016141693505,extratrees
2018_17_ATL_TB,2018,17,2018-12-30,TB,ATL,-2.5,52.0,0.42667230861454913,0,0.46384696469372766,0.4449691536948034,0.42667230861454913,extratrees
2018_17_IND_TEN,2018,17,2018-12-30,TEN,IND,-5.0,42.5,0.3366422097539922,0,0.45172968607894154,0.43071390667062875,0.3366422097539922,extratrees
2018_17_PHI_WAS,2018,17,2018-12-30,WAS,PHI,-6.0,43.0,0.3069121964238057,0,0.2962825398254502,0.25436343407664175,0.3069121964238057,extratrees
2018_18_SEA_DAL,2018,18,2019-01-05,DAL,SEA,2.5,43.0,0.5844112492697988,1,0.5930384480027105,0.5981073971854292,0.5844112492697988,extratrees
2018_18_IND_HOU,2018,18,2019-01-05,HOU,IND,2.0,48.5,0.5399277029247453,0,0.5754913415036451,0.5773412324792362,0.5399277029247453,extratrees
2018_18_LAC_BAL,2018,18,2019-01-06,BAL,LAC,3.0,43.0,0.5933014354066986,0,0.6241714645944931,0.6347644025859392,0.5933014354066986,extratrees
2018_18_PHI_CHI,2018,18,2019-01-06,CHI,PHI,6.5,42.5,0.7086409898223908,0,0.655846465422373,0.6717033196645913,0.7086409898223908,extratrees
2018_19_IND_KC,2018,19,2019-01-12,KC,IND,4.0,54.5,0.6538962374066205,1,0.6531937512180352,0.6686268004631774,0.6538962374066205,extratrees
2018_19_DAL_LA,2018,19,2019-01-12,LA,DAL,7.5,48.0,0.7534450148608485,1,0.6960957583655134,0.7179111006937303,0.7534450148608485,extratrees
2018_19_LAC_NE,2018,19,2019-01-13,NE,LAC,4.0,47.5,0.6384336294257477,1,0.6685427677530679,0.6863787006145086,0.6384336294257477,extratrees
2018_19_PHI_NO,2018,19,2019-01-13,NO,PHI,8.5,52.0,0.7697759087280727,1,0.6577116278633287,0.673864399113065,0.7697759087280727,extratrees
2018_20_NE_KC,2018,20,2019-01-20,KC,NE,3.0,56.5,0.6186511705872493,0,0.6278335348997569,0.6390559138643884,0.6186511705872493,extratrees
2018_20_LA_NO,2018,20,2019-01-20,NO,LA,3.0,55.0,0.5965083053348824,0,0.6418821764594229,0.6554711135863497,0.5965083053348824,extratrees
2018_21_NE_LA,2018,21,2019-02-03,LA,NE,-2.0,55.5,0.46214743124779806,0,0.49321530745762043,0.4796741091921822,0.46214743124779806,extratrees
2019_01_GB_CHI,2019,1,2019-09-05,CHI,GB,3.5,47.0,0.6247300215982722,0,0.6658780770396991,0.696501294335961,0.6247300215982722,extratrees
2019_01_LA_CAR,2019,1,2019-09-08,CAR,LA,-1.5,49.5,0.4630595302657377,0,0.41558244248344517,0.43195887350477413,0.4630595302657377,extratrees
2019_01_TEN_CLE,2019,1,2019-09-08,CLE,TEN,5.5,44.0,0.6807893209518282,0,0.5798257096361469,0.607484372604579,0.6807893209518282,extratrees
2019_01_NYG_DAL,2019,1,2019-09-08,DAL,NYG,7.0,44.0,0.7368896226171744,1,0.6869974638936744,0.7179151863871565,0.7368896226171744,extratrees
2019_01_KC_JAX,2019,1,2019-09-08,JAX,KC,-3.5,49.0,0.37118740340541323,0,0.35057432499614566,0.3614125376478785,0.37118740340541323,extratrees
2019_01_IND_LAC,2019,1,2019-09-08,LAC,IND,6.0,44.5,0.7086409898223908,1,0.6623279609562785,0.6928834060200498,0.7086409898223908,extratrees
2019_01_BAL_MIA,2019,1,2019-09-08,MIA,BAL,-7.0,41.0,0.2689661697325205,0,0.2930355212269414,0.29893296641535905,0.2689661697325205,extratrees
2019_01_ATL_MIN,2019,1,2019-09-08,MIN,ATL,3.5,47.0,0.6228683865325755,1,0.6238586413925733,0.6533641884415343,0.6228683865325755,extratrees
2019_01_PIT_NE,2019,1,2019-09-08,NE,PIT,5.5,49.0,0.6780652506772408,1,0.7153838346161745,0.7463877796574738,0.6780652506772408,extratrees
2019_01_BUF_NYJ,2019,1,2019-09-08,NYJ,BUF,2.5,41.0,0.5844112492697988,0,0.4974900731802562,0.52018869749708,0.5844112492697988,extratrees
2019_01_WAS_PHI,2019,1,2019-09-08,PHI,WAS,10.5,44.0,0.8027917403716482,1,0.7414911318623642,0.7722358757387233,0.8027917403716482,extratrees
2019_01_CIN_SEA,2019,1,2019-09-08,SEA,CIN,9.5,44.0,0.7801440983259166,1,0.7459542358511582,0.7766202173350985,0.7801440983259166,extratrees
2019_01_SF_TB,2019,1,2019-09-08,TB,SF,1.0,51.0,0.5069715560513107,0,0.5644427735114225,0.5913118065394085,0.5069715560513107,extratrees
2019_01_HOU_NO,2019,1,2019-09-09,NO,HOU,6.5,52.0,0.7382366085679627,1,0.7196044306933357,0.7505891795866412,0.7382366085679627,extratrees
2019_01_DEN_OAK,2019,1,2019-09-09,OAK,DEN,-3.0,42.5,0.4155887507302011,1,0.4689725439869498,0.4895925572478472,0.4155887507302011,extratrees
2019_02_TB_CAR,2019,2,2019-09-12,CAR,TB,6.5,48.0,0.7141340612678193,0,0.7073450805827273,0.7383621886995874,0.7141340612678193,extratrees
2019_02_PHI_ATL,2019,2,2019-09-15,ATL,PHI,-1.0,53.0,0.5,1,0.4693656487343504,0.4900153298318228,0.5,extratrees
2019_02_ARI_BAL,2019,2,2019-09-15,BAL,ARI,13.0,46.0,0.8419894866207438,1,0.8465941869928042,0.8724041293176407,0.8419894866207438,extratrees
2019_02_SF_CIN,2019,2,2019-09-15,CIN,SF,1.0,46.0,0.5046466242274987,0,0.5329963644911754,0.5580449014523297,0.5046466242274987,extratrees
2019_02_CHI_DEN,2019,2,2019-09-15,DEN,CHI,-3.0,41.0,0.42003945309842866,0,0.4418865397775301,0.46040265070647346,0.42003945309842866,extratrees
2019_02_LAC_DET,2019,2,2019-09-15,DET,LAC,-1.0,47.0,0.4953533757725013,1,0.530032537165713,0.5548962050435344,0.4953533757725013,extratrees
2019_02_MIN_GB,2019,2,2019-09-15,GB,MIN,3.0,43.0,0.6069415603678434,1,0.553314437885448,0.5795697252429002,0.6069415603678434,extratrees
2019_02_JAX_HOU,2019,2,2019-09-15,HOU,JAX,7.5,43.0,0.7484073492752285,1,0.7246076364242168,0.7555584796896999,0.7484073492752285,extratrees
2019_02_NO_LA,2019,2,2019-09-15,LA,NO,2.0,52.5,0.5284039285250725,1,0.5806031136872263,0.6082998043034755,0.5284039285250725,extratrees
2019_02_NE_MIA,2019,2,2019-09-15,MIA,NE,-18.0,48.5,0.099009900990099,0,0.26085307546652003,0.2640953085615118,0.099009900990099,extratrees
2019_02_BUF_NYG,2019,2,2019-09-15,NYG,BUF,-1.0,44.5,0.4827086071703758,0,0.5064029912653881,0.5297181159442692,0.4827086071703758,extratrees
2019_02_KC_OAK,2019,2,2019-09-15,OAK,KC,-7.0,53.5,0.27591339268162546,0,0.3330072786978638,0.34232566789464985,0.27591339268162546,extratrees
2019_02_SEA_PIT,2019,2,2019-09-15,PIT,SEA,4.0,47.0,0.6459016393442624,0,0.5675345881536223,0.5945679108953528,0.6459016393442624,extratrees
2019_02_IND_TEN,2019,2,2019-09-15,TEN,IND,3.0,43.5,0.6247300215982722,0,0.5974668689364774,0.6259420692272059,0.6247300215982722,extratrees
2019_02_DAL_WAS,2019,2,2019-09-15,WAS,DAL,-6.0,46.5,0.29196153724096346,0,0.3464883532500536,0.35697298406173944,0.29196153724096346,extratrees
2019_02_CLE_NYJ,2019,2,2019-09-16,NYJ,CLE,-6.5,45.5,0.28507217303428406,0,0.3886976504505408,0.402814205138282,0.28507217303428406,extratrees
2019_03_TEN_JAX,2019,3,2019-09-19,JAX,TEN,-1.5,38.0,0.45801526717557256,1,0.42154233141942177,0.4384106452128946,0.45801526717557256,extratrees
2019_03_CAR_ARI,2019,3,2019-09-22,ARI,CAR,2.5,46.0,0.5528282163459678,0,0.5360952587303648,0.5613347469987563,0.5528282163459678,extratrees
2019_03_CIN_BUF,2019,3,2019-09-22,BUF,CIN,5.5,43.5,0.696132596685083,1,0.7120246175356384,0.7430377668895578,0.696132596685083,extratrees
2019_03_LA_CLE,2019,3,2019-09-22,CLE,LA,-4.0,48.0,0.33564198188598826,0,0.3904241329168666,0.4046875183173809,0.33564198188598826,extratrees
2019_03_MIA_DAL,2019,3,2019-09-22,DAL,MIA,22.0,46.5,0.937309434930043,1,0.8150878919845351,0.8431062892279306,0.937309434930043,extratrees
2019_03_DEN_GB,2019,3,2019-09-22,GB,DEN,7.0,42.0,0.7432443808401381,1,0.7352787768772618,0.7661160673100427,0.7432443808401381,extratrees
2019_03_ATL_IND,2019,3,2019-09-22,IND,ATL,1.0,48.0,0.5240193918025562,1,0.5785201475274638,0.6061145333747175,0.5240193918025562,extratrees
2019_03_BAL_KC,2019,3,2019-09-22,KC,BAL,4.5,52.0,0.6654526975522995,1,0.6868503509390294,0.717766681973667,0.6654526975522995,extratrees
2019_03_HOU_LAC,2019,3,2019-09-22,LAC,HOU,3.0,49.0,0.6114139890963924,0,0.63357567798737,0.6633990799025975,0.6114139890963924,extratrees
2019_03_OAK_MIN,2019,3,2019-09-22,MIN,OAK,8.5,43.0,0.7780073411433721,1,0.7534065250534636,0.7839176865169503,0.7780073411433721,extratrees
2019_03_NYJ_NE,2019,3,2019-09-22,NE,NYJ,20.5,43.0,0.9253624914304412,1,0.8862574237333453,0.9082202672637802,0.9253624914304412,extratrees
2019_03_DET_PHI,2019,3,2019-09-22,PHI,DET,4.0,45.0,0.6618106139438086,0,0.6570899743464668,0.6875361203410499,0.6618106139438086,extratrees
2019_03_NO_SEA,2019,3,2019-09-22,SEA,NO,5.0,44.0,0.6742671009771987,0,0.6485985332353608,0.6788443505750608,0.6742671009771987,extratrees
2019_03_PIT_SF,2019,3,2019-09-22,SF,PIT,6.0,44.5,0.71333597633497,1,0.6317111586250589,0.6614762376402801,0.71333597633497,extratrees
2019_03_NYG_TB,2019,3,2019-09-22,TB,NYG,5.0,48.0,0.6779230919383173,0,0.6727744737101525,0.7035145398136179,0.6779230919383173,extratrees
2019_03_CHI_WAS,2019,3,2019-09-23,WAS,CHI,-5.0,41.0,0.320067869813358,0,0.3832507495332729,0.3969028275086781,0.320067869813358,extratrees
2019_04_PHI_GB,2019,4,2019-09-26,GB,PHI,3.5,46.0,0.6379977530895019,0,0.6250254294711663,0.6545709475329959,0.6379977530895019,extratrees
2019_04_SEA_ARI,2019,4,2019-09-29,ARI,SEA,-5.5,49.0,0.31488140709135287,0,0.3635426773230056,0.3755016749666647,0.31488140709135287,extratrees
2019_04_TEN_ATL,2019,4,2019-09-29,ATL,TEN,3.5,46.0,0.6191482263983098,0,0.6006657531590296,0.6292783545216806,0.6191482263983098,extratrees
2019_04_CLE_BAL,2019,4,2019-09-29,BAL,CLE,7.5,47.0,0.7437482371439031,0,0.7703335645983539,0.8003814588006971,0.7437482371439031,extratrees
2019_04_NE_BUF,2019,4,2019-09-29,BUF,NE,-7.0,41.5,0.2596297346966464,0,0.3708426423288032,0.383430655084564,0.2596297346966464,extratrees
2019_04_MIN_CHI,2019,4,2019-09-29,CHI,MIN,-1.0,38.0,0.4930284439486894,1,0.5209246072909194,0.5452067883368837,0.4930284439486894,extratrees
2019_04_JAX_DEN,2019,4,2019-09-29,DEN,JAX,2.5,37.0,0.5642421122306391,0,0.5079686138484917,0.5313902715486922,0.5642421122306391,extratrees
2019_04_KC_DET,2019,4,2019-09-29,DET,KC,-7.5,54.5,0.23850155231613795,0,0.3971127544123852,0.4119430123219843,0.23850155231613795,extratrees
2019_04_CAR_HOU,2019,4,2019-09-29,HOU,CAR,5.5,47.5,0.6999193060318741,0,0.6580444382753734,0.6885113203761875,0.6999193060318741,extratrees
2019_04_OAK_IND,2019,4,2019-09-29,IND,OAK,5.5,46.0,0.688252023627215,0,0.7585615224790201,0.7889482285009957,0.688252023627215,extratrees
2019_04_TB_LA,2019,4,2019-09-29,LA,TB,9.0,48.5,0.8001430041331682,0,0.8050020261674252,0.833585663359317,0.8001430041331682,extratrees
2019_04_LAC_MIA,2019,4,2019-09-29,MIA,LAC,-15.0,43.5,0.13802307087621798,0,0.3400811066842087,0.3500112560388793,0.13802307087621798,extratrees
2019_04_DAL_NO,2019,4,2019-09-29,NO,DAL,-2.5,47.0,0.43026174256005734,1,0.5303174982559145,0.5551990349253625,0.43026174256005734,extratrees
2019_04_WAS_NYG,2019,4,2019-09-29,NYG,WAS,3.0,48.0,0.6039037320401216,1,0.5824587554928418,0.6102454694390501,0.6039037320401216,extratrees
2019_04_CIN_PIT,2019,4,2019-09-30,PIT,CIN,3.5,45.5,0.6252015045674368,1,0.647060269449646,0.6772667832919751,0.6252015045674368,extratrees
2019_05_LA_SEA,2019,5,2019-10-03,SEA,LA,1.5,49.0,0.5369404697342622,1,0.5536449890367313,0.5799190027371475,0.5369404697342622,extratrees
2019_05_JAX_CAR,2019,5,2019-10-06,CAR,JAX,3.0,41.0,0.6375766544186806,1,0.6430563964876704,0.6731563404447553,0.6375766544186806,extratrees
2019_05_ARI_CIN,2019,5,2019-10-06,CIN,ARI,3.0,45.0,0.5916792592354435,0,0.5661948804659287,0.5931573536783786,0.5916792592354435,extratrees
2019_05_GB_DAL,2019,5,2019-10-06,DAL,GB,3.5,46.5,0.6279229893276131,0,0.664310194253215,0.6949041134601988,0.6279229893276131,extratrees
2019_05_ATL_HOU,2019,5,2019-10-06,HOU,ATL,4.0,49.0,0.6569372429822994,1,0.627583530273165,0.6572149704087692,0.6569372429822994,extratrees
2019_05_IND_KC,2019,5,2019-10-06,KC,IND,10.5,55.5,0.8088171988554355,0,0.7834054056122907,0.8129852097287619,0.8088171988554355,extratrees
2019_05_DEN_LAC,2019,5,2019-10-06,LAC,DEN,4.0,46.0,0.6745662547167928,0,0.7371083603703654,0.7679204423484017,0.6745662547167928,extratrees
2019_05_TB_NO,2019,5,2019-10-06,NO,TB,3.0,46.0,0.5816746508332771,1,0.6400848146398546,0.6701017139463481,0.5816746508332771,extratrees
2019_05_MIN_NYG,2019,5,2019-10-06,NYG,MIN,-5.5,44.0,0.3108038311329388,0,0.3783058002162245,0.39153472455699134,0.3108038311329388,extratrees
2019_05_CHI_OAK,2019,5,2019-10-06,OAK,CHI,-6.5,39.5,0.29300627641859867,1,0.34516064296107446,0.35553036713847186,0.29300627641859867,extratrees
2019_05_NYJ_PHI,2019,5,2019-10-06,PHI,NYJ,14.0,43.0,0.8589779257283742,1,0.8192972667042884,0.8470601183281629,0.8589779257283742,extratrees
2019_05_BAL_PIT,2019,5,2019-10-06,PIT,BAL,-3.5,44.0,0.3747984954325632,0,0.4524800750612129,0.471832430336974,0.3747984954325632,extratrees
2019_05_BUF_TEN,2019,5,2019-10-06,TEN,BUF,3.5,39.5,0.6283801591903431,0,0.6221549848794447,0.6516012962203017,0.6283801591903431,extratrees
2019_05_NE_WAS,2019,5,2019-10-06,WAS,NE,-15.5,42.0,0.12191974859069715,0,0.2554342151378758,0.2582431412025255,0.12191974859069715,extratrees
2019_05_CLE_SF,2019,5,2019-10-07,SF,CLE,5.0,47.5,0.6745662547167928,1,0.6661670367150992,0.6967955439030548,0.6745662547167928,extratrees
2019_06_NYG_NE,2019,6,2019-10-10,NE,NYG,16.5,43.0,0.8867369007501867,1,0.88731610713858,0.9091580698902909,0.8867369007501867,extratrees
2019_06_ATL_ARI,2019,6,2019-10-13,ARI,ATL,-3.0,52.5,0.39819971012281646,1,0.45646270435343683,0.4761251488185821,0.39819971012281646,extratrees
2019_06_CIN_BAL,2019,6,2019-10-13,BAL,CIN,10.5,47.0,0.8154296160877514,1,0.834139478854915,0.8609056111698811,0.8154296160877514,extratrees
2019_06_SEA_CLE,2019,6,2019-10-13,CLE,SEA,1.0,45.5,0.5172913928296243,0,0.4442824870573751,0.46298913435804917,0.5172913928296243,extratrees
2019_06_TEN_DEN,2019,6,2019-10-13,DEN,TEN,1.0,41.0,0.533647048893203,1,0.5106022477965072,0.5342018958891398,0.533647048893203,extratrees
2019_06_NO_JAX,2019,6,2019-10-13,JAX,NO,2.5,42.5,0.5679213219076544,0,0.5001025578899031,0.522983625714501,0.5679213219076544,extratrees
2019_06_HOU_KC,2019,6,2019-10-13,KC,HOU,3.5,54.5,0.6336902505251294,0,0.668194523960861,0.6988591833501646,0.6336902505251294,extratrees
2019_06_SF_LA,2019,6,2019-10-13,LA,SF,3.0,49.5,0.5816746508332771,0,0.6085162735968954,0.637451709854553,0.5816746508332771,extratrees
2019_06_PIT_LAC,2019,6,2019-10-13,LAC,PIT,6.0,42.5,0.696132596685083,0,0.6728895658389443,0.703631414342535,0.696132596685083,extratrees
2019_06_WAS_MIA,2019,6,2019-10-13,MIA,WAS,-6.0,42.0,0.3136531365313653,0,0.4651107548286703,0.4854379183801004,0.3136531365313653,extratrees
2019_06_PHI_MIN,2019,6,2019-10-13,MIN,PHI,3.5,44.0,0.6210456942003515,1,0.6384895751519195,0.6684605177223635,0.6210456942003515,extratrees
2019_06_DAL_NYJ,2019,6,2019-10-13,NYJ,DAL,-7.0,43.5,0.26242745394902856,1,0.3219640808116963,0.3303296146249811,0.26242745394902856,extratrees
2019_06_CAR_TB,2019,6,2019-10-13,TB,CAR,-2.0,48.5,0.45801526717557256,0,0.4642584776391827,0.484520673132094,0.45801526717557256,extratrees
2019_06_DET_GB,2019,6,2019-10-14,GB,DET,3.5,47.0,0.6471201212580523,1,0.5991766513220215,0.6277257085391943,0.6471201212580523,extratrees
2019_07_KC_DEN,2019,7,2019-10-17,DEN,KC,-3.0,49.5,0.4166248368637687,0,0.4316297574310655,0.44932152051669033,0.4166248368637687,extratrees
2019_07_LA_ATL,2019,7,2019-10-20,ATL,LA,-3.0,54.5,0.40832074076455643,0,0.40873260245277115,0.4245392243666393,0.40832074076455643,extratrees
2019_07_MIA_BUF,2019,7,2019-10-20,BUF,MIA,17.0,42.5,0.8913998705928935,1,0.8161078725712125,0.8440654242138457,0.8913998705928935,extratrees
2019_07_NO_CHI,2019,7,2019-10-20,CHI,NO,4.0,37.0,0.6621475756659903,0,0.573912432704913,0.6012758536224421,0.6621475756659903,extratrees
2019_07_JAX_CIN,2019,7,2019-10-20,CIN,JAX,-4.0,44.5,0.3367436672886772,0,0.4154400899435549,0.43180472666368286,0.3367436672886772,extratrees
2019_07_PHI_DAL,2019,7,2019-10-20,DAL,PHI,3.0,50.0,0.6069415603678434,1,0.594971052273162,0.6233367344248562,0.6069415603678434,extratrees
2019_07_MIN_DET,2019,7,2019-10-20,DET,MIN,-2.5,43.5,0.4357578877693609,0,0.4913463593957225,0.5136104136472902,0.4357578877693609,extratrees
2019_07_OAK_GB,2019,7,2019-10-20,GB,OAK,5.5,48.0,0.6873022714142923,1,0.6778846415010422,0.7086984776834616,0.6873022714142923,extratrees
2019_07_HOU_IND,2019,7,2019-10-20,IND,HOU,1.5,46.5,0.5327102803738317,1,0.5679007867426229,0.594953385135946,0.5327102803738317,extratrees
2019_07_ARI_NYG,2019,7,2019-10-20,NYG,ARI,3.5,49.5,0.6362901596282077,0,0.6154505828146516,0.6446538290409467,0.6362901596282077,extratrees
2019_07_BAL_SEA,2019,7,2019-10-20,SEA,BAL,3.0,49.0,0.5955112768937784,0,0.5998820897506115,0.6284613408025634,0.5955112768937784,extratrees
2019_07_LAC_TEN,2019,7,2019-10-20,TEN,LAC,3.0,42.5,0.5955112768937784,1,0.5211297804033007,0.5454252784839843,0.5955112768937784,extratrees
2019_07_SF_WAS,2019,7,2019-10-20,WAS,SF,-10.0,39.0,0.2154605263157895,0,0.319940927627346,0.32813233081815457,0.2154605263157895,extratrees
2019_07_NE_NYJ,2019,7,2019-10-21,NYJ,NE,-9.5,43.0,0.23599440828535784,0,0.2581168429134906,0.26113969432160117,0.23599440828535784,extratrees
2019_08_WAS_MIN,2019,8,2019-10-24,MIN,WAS,16.5,42.0,0.883065536404312,1,0.8559523299133496,0.8809682234665701,0.883065536404312,extratrees
2019_08_SEA_ATL,2019,8,2019-10-27,ATL,SEA,-7.5,48.5,0.2588343276732446,0,0.33302537753028216,0.34234533094620406,0.2588343276732446,extratrees
2019_08_PHI_BUF,2019,8,2019-10-27,BUF,PHI,1.0,39.5,0.5369404697342622,0,0.5823981669480991,0.6101819582398057,0.5369404697342622,extratrees
2019_08_LAC_CHI,2019,8,2019-10-27,CHI,LAC,3.5,41.0,0.629269318749507,0,0.6374391596251374,0.6673793195338363,0.629269318749507,extratrees
2019_08_NYG_DET,2019,8,2019-10-27,DET,NYG,6.5,49.0,0.7072057697217258,1,0.656508044126104,0.6869413693085614,0.7072057697217258,extratrees
2019_08_OAK_HOU,2019,8,2019-10-27,HOU,OAK,5.0,52.0,0.683174291856825,1,0.6771628825095743,0.7079669686710163,0.683174291856825,extratrees
2019_08_DEN_IND,2019,8,2019-10-27,IND,DEN,6.0,41.0,0.6851185929086472,1,0.7315570751468178,0.7624404226801648,0.6851185929086472,extratrees
2019_08_NYJ_JAX,2019,8,2019-10-27,JAX,NYJ,7.0,39.5,0.7255610366150211,1,0.7407344184851714,0.7714914931445603,0.7255610366150211,extratrees
2019_08_GB_KC,2019,8,2019-10-27,KC,GB,-5.0,48.0,0.3220769080616826,0,0.4486414985076565,0.4676927155555472,0.3220769080616826,extratrees
2019_08_CIN_LA,2019,8,2019-10-27,LA,CIN,12.0,48.5,0.8291473616315197,1,0.8277454836574052,0.8549595691765086,0.8291473616315197,extratrees
2019_08_CLE_NE,2019,8,2019-10-27,NE,CLE,9.5,43.0,0.7627068693058542,1,0.812578444115877,0.8407436332870164,0.7627068693058542,extratrees
2019_08_ARI_NO,2019,8,2019-10-27,NO,ARI,12.5,47.5,0.8301610541727672,1,0.784707324488314,0.81423506388039,0.8301610541727672,extratrees
2019_08_CAR_SF,2019,8,2019-10-27,SF,CAR,4.5,41.0,0.6572903685241233,1,0.6551056643620203,0.6855075402219766,0.6572903685241233,extratrees
2019_08_TB_TEN,2019,8,2019-10-27,TEN,TB,2.0,45.5,0.5357590966122961,1,0.5521553746279866,0.5783447631609401,0.5357590966122961,extratrees
2019_08_MIA_PIT,2019,8,2019-10-28,PIT,MIA,14.0,44.0,0.8360766173399501,1,0.7686971075106248,0.7987967192903378,0.8360766173399501,extratrees
2019_09_SF_ARI,2019,9,2019-10-31,ARI,SF,-10.5,43.5,0.20847279334417138,0,0.29600873891632623,0.30215714516883335,0.20847279334417138,extratrees
2019_09_NE_BAL,2019,9,2019-11-03,BAL,NE,-3.0,44.5,0.41493775933609955,1,0.4206862207043532,0.4374841124610629,0.41493775933609955,extratrees
2019_09_WAS_BUF,2019,9,2019-11-03,BUF,WAS,10.5,37.0,0.7928552023906547,1,0.7975600418093439,0.8265192562851772,0.7928552023906547,extratrees
2019_09_TEN_CAR,2019,9,2019-11-03,CAR,TEN,3.5,43.0,0.6252015045674368,1,0.6058110600945759,0.63463757905255,0.6252015045674368,extratrees
2019_09_CLE_DEN,2019,9,2019-11-03,DEN,CLE,-4.0,39.0,0.3569607343192249,1,0.4478589459372284,0.4668485051416116,0.3569607343192249,extratrees
2019_09_HOU_JAX,2019,9,2019-11-03,JAX,HOU,1.0,46.0,0.5185243789416578,0,0.4980688542811254,0.5208080203501518,0.5185243789416578,extratrees
2019_09_MIN_KC,2019,9,2019-11-03,KC,MIN,-5.5,46.0,0.32646911099949777,1,0.45374019047814107,0.47319092141531444,0.32646911099949777,extratrees
2019_09_GB_LAC,2019,9,2019-11-03,LAC,GB,-4.0,50.0,0.3427096314758768,1,0.4322116101318008,0.449950499185698,0.3427096314758768,extratrees
2019_09_NYJ_MIA,2019,9,2019-11-03,MIA,NYJ,-3.5,42.5,0.3650052779508833,1,0.446430794729305,0.4653076006046739,0.3650052779508833,extratrees
2019_09_DET_OAK,2019,9,2019-11-03,OAK,DET,2.5,51.5,0.5740354444580784,1,0.5027736961725326,0.5258398221870411,0.5740354444580784,extratrees
2019_09_CHI_PHI,2019,9,2019-11-03,PHI,CHI,5.0,41.0,0.6745662547167928,1,0.6474119543515541,0.6776275345928474,0.6745662547167928,extratrees
2019_09_IND_PIT,2019,9,2019-11-03,PIT,IND,1.0,39.5,0.5274287332041203,1,0.5589395499703325,0.5855094046985899,0.5274287332041203,extratrees
2019_09_TB_SEA,2019,9,2019-11-03,SEA,TB,4.0,51.0,0.6584314375725417,1,0.675541735834779,0.7063231175928336,0.6584314375725417,extratrees
2019_09_DAL_NYG,2019,9,2019-11-04,NYG,DAL,-6.5,48.5,0.2735384297378303,0,0.27255165045843976,0.276744270474909,0.2735384297378303,extratrees
2019_10_LAC_OAK,2019,10,2019-11-07,OAK,LAC,-1.0,49.0,0.47377843762281124,1,0.46253183436471096,0.48266204173887095,0.47377843762281124,extratrees
2019_10_DET_CHI,2019,10,2019-11-10,CHI,DET,6.0,38.0,0.7096900745390349,1,0.6684400999203159,0.6991090232588801,0.7096900745390349,extratrees
2019_10_BAL_CIN,2019,10,2019-11-10,CIN,BAL,-10.5,44.0,0.2116883630752186,0,0.24240331776556542,0.24419079966490373,0.2116883630752186,extratrees
2019_10_BUF_CLE,2019,10,2019-11-10,CLE,BUF,3.0,42.0,0.586736037934668,1,0.5065673884233299,0.5298937246651996,0.586736037934668,extratrees
2019_10_MIN_DAL,2019,10,2019-11-10,DAL,MIN,3.5,48.5,0.6252015045674368,0,0.6380044281709795,0.6679612047538549,0.6252015045674368,extratrees
2019_10_CAR_GB,2019,10,2019-11-10,GB,CAR,5.0,49.0,0.675595238095238,1,0.6450488022344455,0.6752025454622858,0.675595238095238,extratrees
2019_10_MIA_IND,2019,10,2019-11-10,IND,MIA,11.0,44.5,0.8022396950202525,0,0.7613598879712886,0.7916729926324346,0.8022396950202525,extratrees
2019_10_ATL_NO,2019,10,2019-11-10,NO,ATL,14.0,51.5,0.8393555347273013,0,0.7947477007061691,0.8238398880224314,0.8393555347273013,extratrees
2019_10_NYG_NYJ,2019,10,2019-11-10,NYJ,NYG,-3.0,43.0,0.41899204424013164,1,0.46508182642432117,0.4854067867806577,0.41899204424013164,extratrees
2019_10_LA_PIT,2019,10,2019-11-10,PIT,LA,-4.0,43.0,0.3367436672886772,1,0.456704871808489,0.47638609259346404,0.3367436672886772,extratrees
2019_10_ARI_TB,2019,10,2019-11-10,TB,ARI,5.5,51.0,0.6829002792370676,1,0.6218938079249591,0.6513309469201244,0.6829002792370676,extratrees
2019_10_KC_TEN,2019,10,2019-11-10,TEN,KC,-5.0,49.0,0.3190724859866813,1,0.36444769245524966,0.37648476626968613,0.3190724859866813,extratrees
2019_10_SEA_SF,2019,10,2019-11-11,SF,SEA,6.5,47.0,0.7080384627590365,0,0.7049247868794152,0.7359399364046362,0.7080384627590365,extratrees
2019_11_PIT_CLE,2019,11,2019-11-14,CLE,PIT,3.0,41.5,0.6039037320401216,1,0.47362943801073554,0.494599184748732,0.6039037320401216,extratrees
2019_11_HOU_BAL,2019,11,2019-11-17,BAL,HOU,4.0,51.0,0.666540435916856,1,0.65349301366737,0.6838577626116812,0.666540435916856,extratrees
2019_11_ATL_CAR,2019,11,2019-11-17,CAR,ATL,3.5,49.0,0.648330451760112,0,0.61063416017689,0.6396531376859358,0.648330451760112,extratrees
2019_11_DAL_DET,2019,11,2019-11-17,DET,DAL,-7.5,46.5,0.2366416065391796,0,0.3483318047854754,0.35897597031735035,0.2366416065391796,extratrees
2019_11_JAX_IND,2019,11,2019-11-17,IND,JAX,2.5,41.5,0.5586071603727317,1,0.5694709308734849,0.5966057347180151,0.5586071603727317,extratrees
2019_11_CHI_LA,2019,11,2019-11-17,LA,CHI,5.0,40.0,0.6802135750777858,1,0.6771675310551903,0.7079716807199611,0.6802135750777858,extratrees
2019_11_BUF_MIA,2019,11,2019-11-17,MIA,BUF,-7.0,41.5,0.26751500253054733,0,0.34938105107244033,0.36011601291036965,0.26751500253054733,extratrees
2019_11_DEN_MIN,2019,11,2019-11-17,MIN,DEN,10.0,40.5,0.780155608608282,1,0.7463303874920751,0.7769892565732761,0.780155608608282,extratrees
2019_11_CIN_OAK,2019,11,2019-11-17,OAK,CIN,13.0,48.0,0.8312468583191708,1,0.8016962002374479,0.8304509552877043,0.8312468583191708,extratrees
2019_11_NE_PHI,2019,11,2019-11-17,PHI,NE,-4.5,45.0,0.34043487810235007,0,0.3550736246754914,0.3663010197677289,0.34043487810235007,extratrees
2019_11_ARI_SF,2019,11,2019-11-17,SF,ARI,10.0,44.0,0.786035261712446,1,0.8148024115924057,0.8428377161893295,0.786035261712446,extratrees
2019_11_NO_TB,2019,11,2019-11-17,TB,NO,-5.0,50.5,0.3220769080616826,0,0.3149859294138107,0.3227516069905959,0.3220769080616826,extratrees
2019_11_NYJ_WAS,2019,11,2019-11-17,WAS,NYJ,1.0,37.5,0.5369404697342622,0,0.5266179810753598,0.5512659908848417,0.5369404697342622,extratrees
2019_11_KC_LAC,2019,11,2019-11-18,LAC,KC,-5.5,52.5,0.3108038311329388,0,0.3584088442904254,0.3699245372352273,0.3108038311329388,extratrees
2019_12_IND_HOU,2019,12,2019-11-21,HOU,IND,3.5,46.0,0.6306061713569676,1,0.6246216216807794,0.6541533615333365,0.6306061713569676,extratrees
2019_12_TB_ATL,2019,12,2019-11-24,ATL,TB,3.5,51.5,0.6297217024951262,0,0.6328185440525557,0.662618416808965,0.6297217024951262,extratrees
2019_12_DEN_BUF,2019,12,2019-11-24,BUF,DEN,3.5,37.0,0.6388542963885429,1,0.6690340306092394,0.6997131634387058,0.6388542963885429,extratrees
2019_12_NYG_CHI,2019,12,2019-11-24,CHI,NYG,6.0,41.0,0.696132596685083,1,0.7043101371057846,0.7353243577249017,0.696132596685083,extratrees
2019_12_PIT_CIN,2019,12,2019-11-24,CIN,PIT,-5.5,37.5,0.3257328990228013,0,0.2792414429349986,0.28398570208286855,0.3257328990228013,extratrees
2019_12_MIA_CLE,2019,12,2019-11-24,CLE,MIA,11.0,45.5,0.791595099049582,1,0.757416318233496,0.7878319138948087,0.791595099049582,extratrees
2019_12_DAL_NE,2019,12,2019-11-24,NE,DAL,5.5,44.5,0.6789306742455842,1,0.6968574670731726,0.7278466638163102,0.6789306742455842,extratrees
2019_12_CAR_NO,2019,12,2019-11-24,NO,CAR,10.0,46.0,0.7954597198863094,1,0.7716239286767408,0.80162997674305,0.7954597198863094,extratrees
2019_12_OAK_NYJ,2019,12,2019-11-24,NYJ,OAK,-3.5,45.0,0.3775590873156503,1,0.3878342213572666,0.4018772713811337,0.3775590873156503,extratrees
2019_12_SEA_PHI,2019,12,2019-11-24,PHI,SEA,-1.0,45.5,0.5,0,0.45597816079041703,0.4756030090085475,0.5,extratrees
2019_12_GB_SF,2019,12,2019-11-24,SF,GB,3.0,48.0,0.6196403872752421,1,0.6294590868383575,0.6591520204923561,0.6196403872752421,extratrees
2019_12_JAX_TEN,2019,12,2019-11-24,TEN,JAX,4.5,42.0,0.6735308890005023,1,0.6433184967989595,0.6734256045897025,0.6735308890005023,extratrees
2019_12_DET_WAS,2019,12,2019-11-24,WAS,DET,-4.0,39.0,0.36200224691049804,1,0.3871221644435308,0.40110456037467795,0.36200224691049804,extratrees
2019_12_BAL_LA,2019,12,2019-11-25,LA,BAL,-3.5,47.0,0.39763241766580665,0,0.4768622296493571,0.49807250414917426,0.39763241766580665,extratrees
2019_13_NO_ATL,2019,13,2019-11-28,ATL,NO,-7.0,48.0,0.2609486323551392,0,0.3065292378303289,0.3135712800147106,0.2609486323551392,extratrees
2019_13_BUF_DAL,2019,13,2019-11-28,DAL,BUF,6.5,46.5,0.7271879798201359,0,0.7029614724846989,0.7339730451126414,0.7271879798201359,extratrees
2019_13_CHI_DET,2019,13,2019-11-28,DET,CHI,-5.5,37.5,0.32135553607946243,0,0.37685756948915516,0.38996232426146465,0.32135553607946243,extratrees
2019_13_LA_ARI,2019,13,2019-12-01,ARI,LA,-2.5,47.0,0.43316719528772085,0,0.42210665917137397,0.4390213492707808,0.43316719528772085,extratrees
2019_13_SF_BAL,2019,13,2019-12-01,BAL,SF,5.5,45.0,0.688252023627215,1,0.6951994093391162,0.7261796152799592,0.688252023627215,extratrees
2019_13_WAS_CAR,2019,13,2019-12-01,CAR,WAS,10.5,38.5,0.8026195304922302,0,0.7324752292607697,0.7633478618621327,0.8026195304922302,extratrees
2019_13_NYJ_CIN,2019,13,2019-12-01,CIN,NYJ,-2.5,43.0,0.46214743124779806,1,0.3970064695700188,0.4118277454926606,0.46214743124779806,extratrees
2019_13_LAC_DEN,2019,13,2019-12-01,DEN,LAC,-4.5,39.0,0.34385815571062156,1,0.3539988990865325,0.3651333551582986,0.34385815571062156,extratrees
2019_13_NE_HOU,2019,13,2019-12-01,HOU,NE,-3.5,47.0,0.3837038708949329,1,0.39851432789897395,0.41346294880898415,0.3837038708949329,extratrees
2019_13_TEN_IND,2019,13,2019-12-01,IND,TEN,-1.0,41.5,0.49070156678599663,0,0.5279654291603891,0.5526988809893644,0.49070156678599663,extratrees
2019_13_TB_JAX,2019,13,2019-12-01,JAX,TB,-3.0,46.5,0.4066985645933015,0,0.43096147870435053,0.44859906420929746,0.4066985645933015,extratrees
2019_13_OAK_KC,2019,13,2019-12-01,KC,OAK,11.5,49.5,0.7933380591780781,1,0.7950942298041194,0.824170295008209,0.7933380591780781,extratrees
2019_13_PHI_MIA,2019,13,2019-12-01,MIA,PHI,-10.5,45.0,0.20108991440425786,1,0.33361774568418945,0.3429888989071152,0.20108991440425786,extratrees
2019_13_GB_NYG,2019,13,2019-12-01,NYG,GB,-6.5,43.5,0.30096036791559583,0,0.31424867120139777,0.32195110449531833,0.30096036791559583,extratrees
2019_13_CLE_PIT,2019,13,2019-12-01,PIT,CLE,-1.0,40.0,0.48147562105834224,1,0.4762869638713217,0.49745457466363563,0.48147562105834224,extratrees
2019_13_MIN_SEA,2019,13,2019-12-02,SEA,MIN,2.5,48.0,0.5906658931218978,1,0.5781742199003501,0.6057514878943845,0.5906658931218978,extratrees
2019_14_DAL_CHI,2019,14,2019-12-05,CHI,DAL,-3.0,43.0,0.3900657414170928,1,0.48378732414825787,0.5055064072719305,0.3900657414170928,extratrees
2019_14_PIT_ARI,2019,14,2019-12-08,ARI,PIT,-2.5,43.5,0.4491310290958797,0,0.3882101925881546,0.402285255368061,0.4491310290958797,extratrees
2019_14_CAR_ATL,2019,14,2019-12-08,ATL,CAR,3.5,48.0,0.6265670845558816,1,0.5929894091002957,0.6212667032132093,0.6265670845558816,extratrees
2019_14_BAL_BUF,2019,14,2019-12-08,BUF,BAL,-6.5,44.0,0.29468911917098445,0,0.39422774610925565,0.40881389264286777,0.29468911917098445,extratrees
2019_14_CIN_CLE,2019,14,2019-12-08,CLE,CIN,6.5,43.0,0.7088665520016411,1,0.7526537491414031,0.7831818883709836,0.7088665520016411,extratrees
2019_14_WAS_GB,2019,14,2019-12-08,GB,WAS,13.0,42.5,0.8549876092699,1,0.8282269375963603,0.8554082829143501,0.8549876092699,extratrees
2019_14_DEN_HOU,2019,14,2019-12-08,HOU,DEN,8.0,42.5,0.7717353250087524,0,0.75127104498693,0.7818295808356998,0.7717353250087524,extratrees
2019_14_LAC_JAX,2019,14,2019-12-08,JAX,LAC,-3.5,42.0,0.3747984954325632,0,0.4000776272501398,0.41515808563471945,0.3747984954325632,extratrees
2019_14_SEA_LA,2019,14,2019-12-08,LA,SEA,1.0,47.5,0.5327102803738317,1,0.5291000959332128,0.5539051547160987,0.5327102803738317,extratrees
2019_14_DET_MIN,2019,14,2019-12-08,MIN,DET,12.0,43.5,0.8278976203777234,1,0.8038083484841002,0.8324545686242402,0.8278976203777234,extratrees
2019_14_KC_NE,2019,14,2019-12-08,NE,KC,3.0,49.5,0.5850622406639003,0,0.6414394311534937,0.6714946019080762,0.5850622406639003,extratrees
2019_14_SF_NO,2019,14,2019-12-08,NO,SF,1.0,45.0,0.5240193918025562,0,0.6092689186929552,0.6382342181134528,0.5240193918025562,extratrees
2019_14_MIA_NYJ,2019,14,2019-12-08,NYJ,MIA,5.0,47.0,0.6629225583423975,1,0.6306024123855046,0.6603322042338894,0.6629225583423975,extratrees
2019_14_TEN_OAK,2019,14,2019-12-08,OAK,TEN,-3.0,47.0,0.4116032928263426,0,0.3630693070501781,0.37498745745922574,0.4116032928263426,extratrees
2019_14_IND_TB,2019,14,2019-12-08,TB,IND,3.0,46.5,0.6084434892689964,1,0.5655034404036444,0.5924291444582073,0.6084434892689964,extratrees
2019_14_NYG_PHI,2019,14,2019-12-09,PHI,NYG,9.5,45.5,0.7800741120115687,1,0.8174686334880633,0.8453439415063584,0.7800741120115687,extratrees
2019_15_NYJ_BAL,2019,15,2019-12-12,BAL,NYJ,17.0,44.0,0.8891826646741006,1,0.8634187451881132,0.8877525814000772,0.8891826646741006,extratrees
2019_15_CLE_ARI,2019,15,2019-12-15,ARI,CLE,-3.0,49.0,0.40609137055837563,1,0.38763982404178743,0.4016663182019064,0.40609137055837563,extratrees
2019_15_SEA_CAR,2019,15,2019-12-15,CAR,SEA,-6.0,48.5,0.3056768558951965,0,0.3047230562662602,0.3116111088085743,0.3056768558951965,extratrees
2019_15_NE_CIN,2019,15,2019-12-15,CIN,NE,-10.5,42.0,0.20148417214126596,0,0.28200268774191045,0.28697618500379984,0.20148417214126596,extratrees
2019_15_LA_DAL,2019,15,2019-12-15,DAL,LA,-1.0,48.5,0.478202846975089,1,0.47224484535220607,0.4931110052733981,0.478202846975089,extratrees
2019_15_TB_DET,2019,15,2019-12-15,DET,TB,-5.5,46.0,0.3139179553662376,0,0.3757336275246179,0.38874194711076654,0.3139179553662376,extratrees
2019_15_CHI_GB,2019,15,2019-12-15,GB,CHI,4.0,40.0,0.6668622192423734,1,0.6185803235425851,0.6478990009165205,0.6668622192423734,extratrees
2019_15_DEN_KC,2019,15,2019-12-15,KC,DEN,10.0,43.0,0.7854392376974285,1,0.7758840906803431,0.805745255375122,0.7854392376974285,extratrees
2019_15_MIN_LAC,2019,15,2019-12-15,LAC,MIN,-1.0,45.0,0.4715960714749275,0,0.5162346236073653,0.5402097185517808,0.4715960714749275,extratrees
2019_15_MIA_NYG,2019,15,2019-12-15,NYG,MIA,3.5,47.0,0.6323766526926797,1,0.5605363000411853,0.5871938428273309,0.6323766526926797,extratrees
2019_15_JAX_OAK,2019,15,2019-12-15,OAK,JAX,7.0,47.0,0.7264615702621697,0,0.6425005695536798,0.6725852348896348,0.7264615702621697,extratrees
2019_15_BUF_PIT,2019,15,2019-12-15,PIT,BUF,1.0,37.0,0.5150073206442166,0,0.55671064495455,0.5831569030492099,0.5150073206442166,extratrees
2019_15_ATL_SF,2019,15,2019-12-15,SF,ATL,10.5,50.0,0.7963340122199594,0,0.732812638894972,0.7636812276046515,0.7963340122199594,extratrees
2019_15_HOU_TEN,2019,15,2019-12-15,TEN,HOU,3.0,50.0,0.6069415603678434,0,0.6073950635105739,0.6362856570924796,0.6069415603678434,extratrees
2019_15_PHI_WAS,2019,15,2019-12-15,WAS,PHI,-7.0,38.0,0.28003075985548675,0,0.3277456086635624,0.3366095626472727,0.28003075985548675,extratrees
2019_15_IND_NO,2019,15,2019-12-16,NO,IND,8.0,48.5,0.7662541740326065,1,0.711079237122336,0.7420940143873802,0.7662541740326065,extratrees
2019_16_BUF_NE,2019,16,2019-12-21,NE,BUF,7.0,39.5,0.7222420564084255,1,0.7062066831065358,0.7372232082036811,0.7222420564084255,extratrees
2019_16_LA_SF,2019,16,2019-12-21,SF,LA,7.0,45.5,0.7402276100940128,1,0.6787321716931423,0.7095571741443586,0.7402276100940128,extratrees
2019_16_HOU_TB,2019,16,2019-12-21,TB,HOU,-3.0,50.0,0.41493775933609955,0,0.47786371555818813,0.49914812032298894,0.41493775933609955,extratrees
2019_16_JAX_ATL,2019,16,2019-12-22,ATL,JAX,7.5,48.0,0.7360752537000588,1,0.7167902561993156,0.7477887532725676,0.7360752537000588,extratrees
2019_16_KC_CHI,2019,16,2019-12-22,CHI,KC,-6.5,45.5,0.2744389633849788,0,0.32325468182280476,0.33173137847774453,0.2744389633849788,extratrees
2019_16_BAL_CLE,2019,16,2019-12-22,CLE,BAL,-9.5,48.5,0.2360978550258703,0,0.26498782035648616,0.2685637303459334,0.2360978550258703,extratrees
2019_16_DET_DEN,2019,16,2019-12-22,DEN,DET,9.5,40.0,0.7759856630824372,1,0.7375375628379515,0.7683434846473672,0.7759856630824372,extratrees
2019_16_CAR_IND,2019,16,2019-12-22,IND,CAR,7.5,46.0,0.7331798681594643,1,0.6844881921871359,0.7153808886118548,0.7331798681594643,extratrees
2019_16_OAK_LAC,2019,16,2019-12-22,LAC,OAK,7.5,45.0,0.7403702653033536,0,0.7213343093838254,0.7523087116301239,0.7403702653033536,extratrees
2019_16_CIN_MIA,2019,16,2019-12-22,MIA,CIN,-1.5,46.0,0.4715960714749275,1,0.5223293558462903,0.5467025154787997,0.4715960714749275,extratrees
2019_16_PIT_NYJ,2019,16,2019-12-22,NYJ,PIT,-3.0,36.5,0.38514560209200854,1,0.4320897243060724,0.44981874495123225,0.38514560209200854,extratrees
2019_16_DAL_PHI,2019,16,2019-12-22,PHI,DAL,-2.0,47.0,0.4672897196261682,1,0.4645213044131128,0.4848035477474514,0.4672897196261682,extratrees
2019_16_ARI_SEA,2019,16,2019-12-22,SEA,ARI,8.0,51.0,0.7701094942408874,0,0.8021406977844594,0.830872844889663,0.7701094942408874,extratrees
2019_16_NO_TEN,2019,16,2019-12-22,TEN,NO,-3.5,49.0,0.3761738518578658,0,0.45803748785611986,0.4778218679020765,0.3761738518578658,extratrees
2019_16_NYG_WAS,2019,16,2019-12-22,WAS,NYG,-1.0,42.0,0.4837531945965681,0,0.5140813279547082,0.5379137343869743,0.4837531945965681,extratrees
2019_16_GB_MIN,2019,16,2019-12-23,MIN,GB,4.0,47.0,0.6511009958640449,0,0.6707691466096043,0.701477268836184,0.6511009958640449,extratrees
2019_17_PIT_BAL,2019,17,2019-12-29,BAL,PIT,-2.0,35.0,0.43949878436506445,1,0.5898769658192361,0.6180128989505977,0.43949878436506445,extratrees
2019_17_NYJ_BUF,2019,17,2019-12-29,BUF,NYJ,-1.5,37.0,0.4600722970752547,0,0.5252163061485196,0.5497749696927563,0.4600722970752547,extratrees
2019_17_NO_CAR,2019,17,2019-12-29,CAR,NO,-13.5,45.0,0.15879648976180524,0,0.23892572238504423,0.240445985056616,0.15879648976180524,extratrees
2019_17_CLE_CIN,2019,17,2019-12-29,CIN,CLE,-2.5,44.0,0.4357578877693609,1,0.4228115892054584,0.4397841604871904,0.4357578877693609,extratrees
2019_17_WAS_DAL,2019,17,2019-12-29,DAL,WAS,13.0,47.5,0.8343994395764669,1,0.7994509624521114,0.8283180254736597,0.8343994395764669,extratrees
2019_17_OAK_DEN,2019,17,2019-12-29,DEN,OAK,5.5,41.5,0.6700755434503315,1,0.6703590368847221,0.7010604199515172,0.6700755434503315,extratrees
2019_17_GB_DET,2019,17,2019-12-29,DET,GB,-13.5,44.0,0.15934306815499277,0,0.2968733558334814,0.303094883394375,0.15934306815499277,extratrees
2019_17_TEN_HOU,2019,17,2019-12-29,HOU,TEN,-10.0,43.0,0.23784247274509004,0,0.40404455240363424,0.41945865004977023,0.23784247274509004,extratrees
2019_17_IND_JAX,2019,17,2019-12-29,JAX,IND,-5.0,41.5,0.320067869813358,1,0.3341501059750063,0.3435672779691378,0.320067869813358,extratrees
2019_17_LAC_KC,2019,17,2019-12-29,KC,LAC,10.0,46.0,0.7717353250087524,1,0.8139949658818342,0.842077801249821,0.7717353250087524,extratrees
2019_17_ARI_LA,2019,17,2019-12-29,LA,ARI,7.0,46.0,0.7098956093365133,1,0.6715814404268576,0.7023027041865855,0.7098956093365133,extratrees
2019_17_CHI_MIN,2019,17,2019-12-29,MIN,CHI,-5.5,36.5,0.32135553607946243,0,0.48207423794830423,0.5036682875921334,0.32135553607946243,extratrees
2019_17_MIA_NE,2019,17,2019-12-29,NE,MIA,17.5,46.0,0.889941642844805,0,0.8662528229293402,0.8903161490845405,0.889941642844805,extratrees
2019_17_PHI_NYG,2019,17,2019-12-29,NYG,PHI,-4.0,44.0,0.35287987874194765,0,0.3770224077508355,0.3901413007286619,0.35287987874194765,extratrees
2019_17_SF_SEA,2019,17,2019-12-29,SEA,SF,-3.5,47.0,0.37665039500700276,0,0.4322408410259756,0.4499820964656069,0.37665039500700276,extratrees
2019_17_ATL_TB,2019,17,2019-12-29,TB,ATL,1.0,48.0,0.5327102803738317,0,0.5352939582008421,0.5604843024654527,0.5327102803738317,extratrees
2019_18_BUF_HOU,2019,18,2020-01-04,HOU,BUF,2.5,43.0,0.5757997218358832,1,0.5860037383460592,0.6139594784335967,0.5757997218358832,extratrees
2019_18_TEN_NE,2019,18,2020-01-04,NE,TEN,4.5,45.0,0.6640273913973893,0,0.6904542396008936,0.721401925112947,0.6640273913973893,extratrees
2019_18_MIN_NO,2019,18,2020-01-05,NO,MIN,7.5,50.0,0.7573333333333334,0,0.7265684203975592,0.7575026391405782,0.7573333333333334,extratrees
2019_18_SEA_PHI,2019,18,2020-01-05,PHI,SEA,1.0,44.0,0.5305667495498585,0,0.5826794413115128,0.6104767910882629,0.5305667495498585,extratrees
2019_19_TEN_BAL,2019,19,2020-01-11,BAL,TEN,10.0,47.5,0.7896823383890214,0,0.661530550765604,0.6920700690935109,0.7896823383890214,extratrees
2019_19_MIN_SF,2019,19,2020-01-11,SF,MIN,7.0,44.5,0.7416762342135478,1,0.6708453804619737,0.7015547477008227,0.7416762342135478,extratrees
2019_19_SEA_GB,2019,19,2020-01-12,GB,SEA,4.5,46.0,0.6724890829694323,1,0.6853004042295802,0.7162015012400045,0.6724890829694323,extratrees
2019_19_HOU_KC,2019,19,2020-01-12,KC,HOU,10.0,50.5,0.7963968410661403,1,0.7628677714309533,0.7931394363479679,0.7963968410661403,extratrees
2019_20_TEN_KC,2019,20,2020-01-19,KC,TEN,7.5,51.0,0.748535521515462,1,0.709562644404874,0.7405791553144653,0.748535521515462,extratrees
2019_20_GB_SF,2019,20,2020-01-19,SF,GB,8.0,46.5,0.7661538461538461,1,0.6698328892454762,0.7005255240666188,0.7661538461538461,extratrees
2019_21_SF_KC,2019,21,2020-02-02,KC,SF,1.5,52.5,0.5419847328244275,1,0.5404656274764966,0.5659702766798829,0.5419847328244275,extratrees
2020_01_HOU_KC,2020,1,2020-09-10,KC,HOU,9.5,53.5,0.7840868276451428,1,0.779856927499455,0.7598922350869102,0.7840868276451428,extratrees
2020_01_SEA_ATL,2020,1,2020-09-13,ATL,SEA,1.0,49.5,0.5162468054034319,0,0.5494855514069612,0.495442091033768,0.5162468054034319,extratrees
2020_01_CLE_BAL,2020,1,2020-09-13,BAL,CLE,7.0,47.0,0.7300564061240935,1,0.800446343716509,0.7838883210789945,0.7300564061240935,extratrees
2020_01_NYJ_BUF,2020,1,2020-09-13,BUF,NYJ,6.5,39.5,0.7157173074903613,1,0.6710559799560338,0.6332885098513994,0.7157173074903613,extratrees
2020_01_LV_CAR,2020,1,2020-09-13,CAR,LV,-3.0,48.0,0.43566205072351016,0,0.3973478809826124,0.3332778157090843,0.43566205072351016,extratrees
2020_01_LAC_CIN,2020,1,2020-09-13,CIN,LAC,-2.5,41.5,0.4499636492248442,0,0.437190265279659,0.3743879579502105,0.4499636492248442,extratrees
2020_01_CHI_DET,2020,1,2020-09-13,DET,CHI,2.5,42.5,0.5480494766888677,0,0.4732215802725651,0.412438924027878,0.5480494766888677,extratrees
2020_01_IND_JAX,2020,1,2020-09-13,JAX,IND,-7.0,44.0,0.26612876988645606,1,0.38987163697249955,0.3256823968127804,0.26612876988645606,extratrees
2020_01_DAL_LA,2020,1,2020-09-13,LA,DAL,1.0,52.0,0.5195545777019441,1,0.5657574285683736,0.5135409999132657,0.5195545777019441,extratrees
2020_01_GB_MIN,2020,1,2020-09-13,MIN,GB,1.0,45.0,0.5195545777019441,0,0.5281282808267401,0.471883843525042,0.5195545777019441,extratrees
2020_01_MIA_NE,2020,1,2020-09-13,NE,MIA,7.5,41.5,0.7432443808401381,1,0.6683342563921216,0.6301465145980086,0.7432443808401381,extratrees
2020_01_TB_NO,2020,1,2020-09-13,NO,TB,4.0,48.5,0.644674925573802,1,0.6422654841504525,0.6001585210574568,0.644674925573802,extratrees
2020_01_ARI_SF,2020,1,2020-09-13,SF,ARI,7.0,48.5,0.7159090909090909,0,0.7542360503674382,0.7299920553934142,0.7159090909090909,extratrees
2020_01_PHI_WAS,2020,1,2020-09-13,WAS,PHI,-5.5,41.5,0.32440476190476186,1,0.3247256557537332,0.26118558335694114,0.32440476190476186,extratrees
2020_01_TEN_DEN,2020,1,2020-09-14,DEN,TEN,-3.0,41.0,0.3794411866160745,0,0.4779028279519041,0.41744036036815757,0.3794411866160745,extratrees
2020_01_PIT_NYG,2020,1,2020-09-14,NYG,PIT,-6.0,44.0,0.3029704839803284,0,0.40003267678370635,0.33601475550858007,0.3029704839803284,extratrees
2020_02_CIN_CLE,2020,2,2020-09-17,CLE,CIN,6.0,44.5,0.6891961688670611,1,0.6507818031404903,0.6099329325111716,0.6891961688670611,extratrees
2020_02_WAS_ARI,2020,2,2020-09-20,ARI,WAS,7.5,46.5,0.7360752537000588,1,0.7363481798634702,0.709121445899021,0.7360752537000588,extratrees
2020_02_NYG_CHI,2020,2,2020-09-20,CHI,NYG,4.5,42.5,0.6711332625214478,1,0.7027484328832306,0.670003224108663,0.6711332625214478,extratrees
2020_02_ATL_DAL,2020,2,2020-09-20,DAL,ATL,3.0,53.0,0.5775497887748944,1,0.5913203719098719,0.5422186857804591,0.5775497887748944,extratrees
2020_02_DET_GB,2020,2,2020-09-20,GB,DET,7.0,51.0,0.7184337879454465,1,0.8159186957024497,0.8018772845829917,0.7184337879454465,extratrees
2020_02_BAL_HOU,2020,2,2020-09-20,HOU,BAL,-7.5,49.5,0.24770150852450237,0,0.32175174254303934,0.25831643382913716,0.24770150852450237,extratrees
2020_02_MIN_IND,2020,2,2020-09-20,IND,MIN,3.5,49.0,0.6219592373438527,1,0.5692967446618439,0.5174941641859215,0.6219592373438527,extratrees
2020_02_KC_LAC,2020,2,2020-09-20,LAC,KC,-8.5,47.0,0.2360978550258703,0,0.323554514383542,0.26005488901878376,0.2360978550258703,extratrees
2020_02_BUF_MIA,2020,2,2020-09-20,MIA,BUF,-5.5,42.5,0.3098652446494199,0,0.4016119729378035,0.3376270171606876,0.3098652446494199,extratrees
2020_02_SF_NYJ,2020,2,2020-09-20,NYJ,SF,-7.0,41.5,0.27065517450846727,0,0.3788265385525079,0.3145321405457072,0.27065517450846727,extratrees
2020_02_LA_PHI,2020,2,2020-09-20,PHI,LA,2.0,46.0,0.537852568752202,0,0.5313280777031718,0.4753986485712927,0.537852568752202,extratrees
2020_02_DEN_PIT,2020,2,2020-09-20,PIT,DEN,6.0,41.0,0.7072057697217258,1,0.6877579999167514,0.6526097671366898,0.7072057697217258,extratrees
2020_02_NE_SEA,2020,2,2020-09-20,SEA,NE,4.0,45.0,0.648330451760112,1,0.6186628976928785,0.5731953497695189,0.648330451760112,extratrees
2020_02_CAR_TB,2020,2,2020-09-20,TB,CAR,7.5,47.0,0.7510980966325037,1,0.6987488903406013,0.6653582243435006,0.7510980966325037,extratrees
2020_02_JAX_TEN,2020,2,2020-09-20,TEN,JAX,7.0,44.5,0.7255610366150211,1,0.7509390405723504,0.7261441617013139,0.7255610366150211,extratrees
2020_02_NO_LV,2020,2,2020-09-21,LV,NO,-4.0,47.5,0.3484602917341977,1,0.4950402402174449,0.43585879048929954,0.3484602917341977,extratrees
2020_03_MIA_JAX,2020,3,2020-09-24,JAX,MIA,3.0,49.0,0.5649948822927329,0,0.6528452143296642,0.6123045401922605,0.5649948822927329,extratrees
2020_03_DET_ARI,2020,3,2020-09-27,ARI,DET,4.5,55.5,0.6676212973221565,0,0.6982216470429324,0.6647461164782867,0.6676212973221565,extratrees
2020_03_CHI_ATL,2020,3,2020-09-27,ATL,CHI,2.5,46.0,0.5605012156349355,0,0.5434076338750339,0.488714517505163,0.5605012156349355,extratrees
2020_03_LA_BUF,2020,3,2020-09-27,BUF,LA,1.5,46.5,0.5440238883060285,1,0.5561172250624227,0.5028031607982004,0.5440238883060285,extratrees
2020_03_WAS_CLE,2020,3,2020-09-27,CLE,WAS,7.5,45.0,0.745785705017046,1,0.6585289739528577,0.6188437896608925,0.745785705017046,extratrees
2020_03_TB_DEN,2020,3,2020-09-27,DEN,TB,-6.0,42.5,0.29468911917098445,0,0.4074205377576095,0.3435713539081002,0.29468911917098445,extratrees
2020_03_NYJ_IND,2020,3,2020-09-27,IND,NYJ,12.5,44.0,0.8360766173399501,1,0.7550371217070257,0.7309270162664266,0.8360766173399501,extratrees
2020_03_CAR_LAC,2020,3,2020-09-27,LAC,CAR,6.0,43.5,0.7055264219443325,0,0.6827966731649924,0.6468635140004853,0.7055264219443325,extratrees
2020_03_TEN_MIN,2020,3,2020-09-27,MIN,TEN,-3.0,49.5,0.40770645135502437,0,0.434059096812134,0.37111955740215347,0.40770645135502437,extratrees
2020_03_LV_NE,2020,3,2020-09-27,NE,LV,7.0,47.0,0.7347120560783859,1,0.6796443852011655,0.6432154391059982,0.7347120560783859,extratrees
2020_03_GB_NO,2020,3,2020-09-27,NO,GB,3.5,52.0,0.6162961291050671,0,0.5974254970142798,0.5491093347809209,0.6162961291050671,extratrees
2020_03_SF_NYG,2020,3,2020-09-27,NYG,SF,-3.0,44.0,0.4166248368637687,0,0.4164978529351889,0.3529061651570001,0.4166248368637687,extratrees
2020_03_HOU_PIT,2020,3,2020-09-27,PIT,HOU,4.0,46.5,0.644674925573802,1,0.6525870146844122,0.6120077048462229,0.644674925573802,extratrees
2020_03_DAL_SEA,2020,3,2020-09-27,SEA,DAL,5.5,58.0,0.6841493589262952,1,0.6851491411276555,0.6495874735254111,0.6841493589262952,extratrees
2020_03_KC_BAL,2020,3,2020-09-28,BAL,KC,3.5,55.0,0.6191482263983098,0,0.6454641233169398,0.6038270125968438,0.6191482263983098,extratrees
2020_04_DEN_NYJ,2020,4,2020-10-01,NYJ,DEN,1.0,41.0,0.5207810820494446,0,0.5385252094482186,0.4833235064050439,0.5207810820494446,extratrees
2020_04_ARI_CAR,2020,4,2020-10-04,CAR,ARI,-3.0,52.5,0.4044887231062215,1,0.4275163179133828,0.36431035724552363,0.4044887231062215,extratrees
2020_04_IND_CHI,2020,4,2020-10-04,CHI,IND,-3.5,43.5,0.3808517736016902,0,0.4841452531138551,0.42412976622070164,0.3808517736016902,extratrees
2020_04_JAX_CIN,2020,4,2020-10-04,CIN,JAX,1.0,50.0,0.5150073206442166,1,0.5303719982009216,0.4743478920481868,0.5150073206442166,extratrees
2020_04_CLE_DAL,2020,4,2020-10-04,DAL,CLE,3.5,56.5,0.6205588133839255,0,0.6066068629824387,0.5595006006905965,0.6205588133839255,extratrees
2020_04_NO_DET,2020,4,2020-10-04,DET,NO,-3.0,51.5,0.40770645135502437,0,0.4045917031491437,0.3406735507674419,0.40770645135502437,extratrees
2020_04_MIN_HOU,2020,4,2020-10-04,HOU,MIN,3.5,52.5,0.6162961291050671,0,0.567159863281741,0.515106730771303,0.6162961291050671,extratrees
2020_04_NYG_LA,2020,4,2020-10-04,LA,NYG,13.5,49.5,0.8711407299422085,1,0.8309403166657743,0.8192875837884815,0.8711407299422085,extratrees
2020_04_BUF_LV,2020,4,2020-10-04,LV,BUF,-3.0,53.0,0.3837038708949329,0,0.5189094102306626,0.46178731824434904,0.3837038708949329,extratrees
2020_04_SEA_MIA,2020,4,2020-10-04,MIA,SEA,-4.5,55.0,0.3285592220368638,0,0.41313859011607484,0.34944521006315793,0.3285592220368638,extratrees
2020_04_PHI_SF,2020,4,2020-10-04,SF,PHI,8.5,45.5,0.7397124442240952,0,0.8029815251198877,0.7868389908762259,0.7397124442240952,extratrees
2020_04_LAC_TB,2020,4,2020-10-04,TB,LAC,7.5,42.5,0.745785705017046,1,0.7458951542651788,0.7202582682380142,0.745785705017046,extratrees
2020_04_BAL_WAS,2020,4,2020-10-04,WAS,BAL,-14.5,45.0,0.12237778415242397,0,0.261680514991124,0.201859455873281,0.12237778415242397,extratrees
2020_04_ATL_GB,2020,4,2020-10-05,GB,ATL,5.0,56.5,0.6700755434503315,1,0.7185266561119369,0.6883541323976774,0.6700755434503315,extratrees
2020_04_NE_KC,2020,4,2020-10-05,KC,NE,7.0,52.5,0.7279106401260202,1,0.7593815676969493,0.7359977594920007,0.7279106401260202,extratrees
2020_05_TB_CHI,2020,5,2020-10-08,CHI,TB,-3.5,44.0,0.3689461650384535,1,0.4945931096030217,0.435376098920706,0.3689461650384535,extratrees
2020_05_CAR_ATL,2020,5,2020-10-11,ATL,CAR,2.5,53.5,0.5668328047122791,0,0.5725746457853028,0.5211604510028652,0.5668328047122791,extratrees
2020_05_CIN_BAL,2020,5,2020-10-11,BAL,CIN,12.5,49.0,0.8502780289413667,1,0.8350257261172794,0.8240109014103548,0.8502780289413667,extratrees
2020_05_IND_CLE,2020,5,2020-10-11,CLE,IND,1.0,48.5,0.5103878116343491,1,0.497917284487464,0.4389673483817328,0.5103878116343491,extratrees
2020_05_NYG_DAL,2020,5,2020-10-11,DAL,NYG,7.5,52.0,0.7531355103799062,1,0.7169845625916084,0.6865589267877029,0.7531355103799062,extratrees
2020_05_JAX_HOU,2020,5,2020-10-11,HOU,JAX,6.5,55.0,0.7166928161923811,1,0.6121527487619903,0.5657934235952484,0.7166928161923811,extratrees
2020_05_LV_KC,2020,5,2020-10-11,KC,LV,11.0,54.5,0.8009757715644134,0,0.8298965801580386,0.8180799987451584,0.8009757715644134,extratrees
2020_05_ARI_NYJ,2020,5,2020-10-11,NYJ,ARI,-7.0,48.5,0.2744389633849788,0,0.3598406665522394,0.29556712932145074,0.2744389633849788,extratrees
2020_05_PHI_PIT,2020,5,2020-10-11,PIT,PHI,7.5,44.0,0.7645462526937505,1,0.7266260702384381,0.6977879960243023,0.7645462526937505,extratrees
2020_05_MIN_SEA,2020,5,2020-10-11,SEA,MIN,6.5,54.0,0.7184337879454465,1,0.7549521990851431,0.7308278992065362,0.7184337879454465,extratrees
2020_05_MIA_SF,2020,5,2020-10-11,SF,MIA,8.5,50.5,0.7580179712692672,0,0.6938159561165441,0.6596334093222248,0.7580179712692672,extratrees
2020_05_LA_WAS,2020,5,2020-10-11,WAS,LA,-7.0,45.0,0.2683718772778477,0,0.305645861647248,0.242896793779414,0.2683718772778477,extratrees
2020_05_LAC_NO,2020,5,2020-10-12,NO,LAC,7.0,49.5,0.7497605909982216,1,0.7291697774065089,0.7007523894452699,0.7497605909982216,extratrees
2020_05_BUF_TEN,2020,5,2020-10-13,TEN,BUF,-3.0,52.0,0.38953488372093026,1,0.5542842207943892,0.5007664302626817,0.38953488372093026,extratrees
2020_06_CHI_CAR,2020,6,2020-10-18,CAR,CHI,2.0,45.0,0.5399277029247453,0,0.543472998727171,0.48878677198678805,0.5399277029247453,extratrees
2020_06_CIN_IND,2020,6,2020-10-18,IND,CIN,7.5,46.0,0.7498863119599818,1,0.7882430692950028,0.7696717586314791,0.7498863119599818,extratrees
2020_06_DET_JAX,2020,6,2020-10-18,JAX,DET,-3.0,52.5,0.40832074076455643,0,0.44603038529291317,0.3836491329534924,0.40832074076455643,extratrees
2020_06_NYJ_MIA,2020,6,2020-10-18,MIA,NYJ,9.5,46.0,0.7796024200518582,1,0.764028017141284,0.7414210789659779,0.7796024200518582,extratrees
2020_06_ATL_MIN,2020,6,2020-10-18,MIN,ATL,3.5,53.0,0.6354245784596689,0,0.6227855554856783,0.5778908776710838,0.6354245784596689,extratrees
2020_06_DEN_NE,2020,6,2020-10-18,NE,DEN,7.0,43.5,0.7443860487338748,0,0.6471837068987544,0.6058005283242026,0.7443860487338748,extratrees
2020_06_WAS_NYG,2020,6,2020-10-18,NYG,WAS,2.0,42.5,0.5480494766888677,1,0.5561878748177252,0.5028816949895133,0.5480494766888677,extratrees
2020_06_BAL_PHI,2020,6,2020-10-18,PHI,BAL,-10.5,46.5,0.2163676758298239,0,0.2724480448729103,0.21176352049316743,0.2163676758298239,extratrees
2020_06_CLE_PIT,2020,6,2020-10-18,PIT,CLE,3.0,50.0,0.5986798270759409,1,0.584688359849221,0.5347510953912084,0.5986798270759409,extratrees
2020_06_LA_SF,2020,6,2020-10-18,SF,LA,-2.0,51.0,0.4600722970752547,1,0.4551470766289752,0.39325136068097916,0.4600722970752547,extratrees
2020_06_GB_TB,2020,6,2020-10-18,TB,GB,-3.0,55.0,0.4224502112251056,1,0.44055074679943745,0.3779026742683307,0.4224502112251056,extratrees
2020_06_HOU_TEN,2020,6,2020-10-18,TEN,HOU,4.0,52.0,0.6379977530895019,1,0.7177501308959063,0.687450110930615,0.6379977530895019,extratrees
2020_06_KC_BUF,2020,6,2020-10-19,BUF,KC,-5.5,55.0,0.32135553607946243,0,0.3638568725946613,0.2995573709869113,0.32135553607946243,extratrees
2020_06_ARI_DAL,2020,6,2020-10-19,DAL,ARI,1.0,55.5,0.5195545777019441,0,0.5395045142797135,0.4844038638144262,0.5195545777019441,extratrees
2020_07_NYG_PHI,2020,7,2020-10-22,PHI,NYG,5.0,44.5,0.6721843886695558,1,0.6903854669789913,0.6556551212218794,0.6721843886695558,extratrees
2020_07_SEA_ARI,2020,7,2020-10-25,ARI,SEA,-3.5,55.5,0.36630974947487066,1,0.42867176512705724,0.3655108439922358,0.36630974947487066,extratrees
2020_07_DET_ATL,2020,7,2020-10-25,ATL,DET,1.0,54.0,0.5172913928296243,0,0.5811533839517764,0.5307784572019139,0.5172913928296243,extratrees
2020_07_CLE_CIN,2020,7,2020-10-25,CIN,CLE,-4.5,50.0,0.34927302475080935,0,0.3838140565658094,0.3195565950830861,0.34927302475080935,extratrees
2020_07_KC_DEN,2020,7,2020-10-25,DEN,KC,-7.0,46.0,0.26994359387590655,0,0.3164205953362518,0.2531901245001689,0.26994359387590655,extratrees
2020_07_GB_HOU,2020,7,2020-10-25,HOU,GB,-2.5,55.5,0.43026174256005734,0,0.4179280795532512,0.35438195650198495,0.43026174256005734,extratrees
2020_07_JAX_LAC,2020,7,2020-10-25,LAC,JAX,8.0,48.0,0.7717353250087524,1,0.7077924026132303,0.675865278951408,0.7717353250087524,extratrees
2020_07_TB_LV,2020,7,2020-10-25,LV,TB,-3.5,51.5,0.35946425054165854,0,0.47186889557673983,0.4109961345898351,0.35946425054165854,extratrees
2020_07_SF_NE,2020,7,2020-10-25,NE,SF,3.0,44.0,0.6099342585829073,0,0.5910672450184996,0.5419333249697835,0.6099342585829073,extratrees
2020_07_CAR_NO,2020,7,2020-10-25,NO,CAR,7.0,49.5,0.7382412574463144,1,0.6890063448223476,0.65405647045339,0.7382412574463144,extratrees
2020_07_BUF_NYJ,2020,7,2020-10-25,NYJ,BUF,-9.5,47.0,0.22725484478632957,0,0.2884122655664308,0.22662382805997852,0.22725484478632957,extratrees
2020_07_PIT_TEN,2020,7,2020-10-25,TEN,PIT,1.0,51.0,0.5195545777019441,0,0.6153591692061696,0.5694370764221152,0.5195545777019441,extratrees
2020_07_DAL_WAS,2020,7,2020-10-25,WAS,DAL,-1.0,44.5,0.48837209302325585,1,0.41948937717862556,0.3559945357162385,0.48837209302325585,extratrees
2020_07_CHI_LA,2020,7,2020-10-26,LA,CHI,6.5,44.0,0.7231682018677297,1,0.7014286104732671,0.6684700790671151,0.7231682018677297,extratrees
2020_08_ATL_CAR,2020,8,2020-10-29,CAR,ATL,1.5,52.0,0.521797153024911,0,0.5565482693192999,0.5032823462094582,0.521797153024911,extratrees
2020_08_PIT_BAL,2020,8,2020-11-01,BAL,PIT,4.0,44.0,0.6495327102803738,0,0.6338658092577898,0.5905408963243463,0.6495327102803738,extratrees
2020_08_NE_BUF,2020,8,2020-11-01,BUF,NE,4.0,41.0,0.6459016393442624,1,0.6198327679234316,0.574527148253329,0.6459016393442624,extratrees
2020_08_NO_CHI,2020,8,2020-11-01,CHI,NO,-5.5,41.0,0.3223657136138275,0,0.425081969518943,0.3617839548212739,0.3223657136138275,extratrees
2020_08_TEN_CIN,2020,8,2020-11-01,CIN,TEN,-7.5,49.5,0.2596297346966464,1,0.28625435919908193,0.2246029880217812,0.2596297346966464,extratrees
2020_08_LV_CLE,2020,8,2020-11-01,CLE,LV,1.0,48.0,0.5508689709041202,0,0.5516762648450465,0.49787140237311717,0.5508689709041202,extratrees
2020_08_LAC_DEN,2020,8,2020-11-01,DEN,LAC,-3.0,44.5,0.4207141879874127,1,0.450011969044864,0.38783641221074944,0.4207141879874127,extratrees
2020_08_IND_DET,2020,8,2020-11-01,DET,IND,-3.5,49.0,0.3676233473073202,0,0.4009258931152318,0.33692640822428066,0.3676233473073202,extratrees
2020_08_MIN_GB,2020,8,2020-11-01,GB,MIN,5.5,47.0,0.6940796970600095,0,0.6946425271887644,0.6605923330273924,0.6940796970600095,extratrees
2020_08_NYJ_KC,2020,8,2020-11-01,KC,NYJ,20.0,49.0,0.9254205701985654,1,0.9233531902036479,0.9238283558117159,0.9254205701985654,extratrees
2020_08_LA_MIA,2020,8,2020-11-01,MIA,LA,-3.5,46.5,0.37895430579964856,1,0.48037004209235135,0.4200815170686139,0.37895430579964856,extratrees
2020_08_DAL_PHI,2020,8,2020-11-01,PHI,DAL,10.0,43.0,0.7770439484940493,1,0.7197477727647802,0.68977590693864,0.7770439484940493,extratrees
2020_08_SF_SEA,2020,8,2020-11-01,SEA,SF,1.0,54.5,0.5116279069767442,1,0.5407221787713842,0.48574784937624876,0.5116279069767442,extratrees
2020_08_TB_NYG,2020,8,2020-11-02,NYG,TB,-13.0,47.0,0.16997029172551503,0,0.2437820986938645,0.18561333746506337,0.16997029172551503,extratrees
2020_09_GB_SF,2020,9,2020-11-05,SF,GB,-6.0,48.5,0.30868052457846373,0,0.41528999769379177,0.3516608835582673,0.30868052457846373,extratrees
2020_09_MIA_ARI,2020,9,2020-11-08,ARI,MIA,6.0,49.0,0.6873022714142923,0,0.6819912530267462,0.6459311973869021,0.6873022714142923,extratrees
2020_09_DEN_ATL,2020,9,2020-11-08,ATL,DEN,4.5,50.0,0.6676212973221565,1,0.6268766755021598,0.5825565649934544,0.6676212973221565,extratrees
2020_09_SEA_BUF,2020,9,2020-11-08,BUF,SEA,-3.0,55.0,0.3945716506247385,1,0.44151150495394387,0.3789088450095811,0.3945716506247385,extratrees
2020_09_PIT_DAL,2020,9,2020-11-08,DAL,PIT,-14.0,44.0,0.14019892792765798,0,0.2736445001036873,0.21286998848014838,0.14019892792765798,extratrees
2020_09_BAL_IND,2020,9,2020-11-08,IND,BAL,1.0,48.0,0.497677011707861,0,0.5597719214916163,0.5068688331829412,0.497677011707861,extratrees
2020_09_HOU_JAX,2020,9,2020-11-08,JAX,HOU,-7.0,49.0,0.2783322958479118,0,0.32669814324239416,0.2630923195120507,0.2783322958479118,extratrees
2020_09_CAR_KC,2020,9,2020-11-08,KC,CAR,10.0,51.5,0.7915272066558287,1,0.869380226914965,0.863457313040312,0.7915272066558287,extratrees
2020_09_LV_LAC,2020,9,2020-11-08,LAC,LV,-1.0,52.5,0.4837531945965681,0,0.5015861495068074,0.44293818220318537,0.4837531945965681,extratrees
2020_09_DET_MIN,2020,9,2020-11-08,MIN,DET,3.0,51.5,0.617727368199958,1,0.6126238775076918,0.5663285514605526,0.617727368199958,extratrees
2020_09_NO_TB,2020,9,2020-11-08,TB,NO,3.0,51.0,0.6252015045674368,0,0.6105540552806542,0.5639781935635507,0.6252015045674368,extratrees
2020_09_CHI_TEN,2020,9,2020-11-08,TEN,CHI,6.5,46.5,0.7165025365562518,1,0.7040176492303271,0.6714778788639588,0.7165025365562518,extratrees
2020_09_NYG_WAS,2020,9,2020-11-08,WAS,NYG,3.0,43.0,0.6023675823341934,0,0.5897768967225145,0.5404790789106048,0.6023675823341934,extratrees
2020_09_NE_NYJ,2020,9,2020-11-09,NYJ,NE,-9.5,41.5,0.2354537473062495,0,0.28784511400913265,0.22609233587423078,0.2354537473062495,extratrees
2020_10_IND_TEN,2020,10,2020-11-12,TEN,IND,-1.0,49.0,0.47698280643372154,0,0.5406097707327758,0.48562374890303595,0.47698280643372154,extratrees
2020_10_BUF_ARI,2020,10,2020-11-15,ARI,BUF,3.0,55.5,0.590044398353696,1,0.5848602990279264,0.5349444602059731,0.590044398353696,extratrees
2020_10_TB_CAR,2020,10,2020-11-15,CAR,TB,-6.0,49.5,0.2983362973058321,0,0.35743300031486014,0.29318063431110647,0.2983362973058321,extratrees
2020_10_HOU_CLE,2020,10,2020-11-15,CLE,HOU,4.5,46.0,0.666540435916856,1,0.6429619202011114,0.6009569787955524,0.666540435916856,extratrees
2020_10_WAS_DET,2020,10,2020-11-15,DET,WAS,2.5,46.0,0.562379468921525,1,0.6046500045738545,0.5572830506100543,0.562379468921525,extratrees
2020_10_JAX_GB,2020,10,2020-11-15,GB,JAX,13.5,47.0,0.8713278884167888,1,0.8880984680731041,0.8846741778623761,0.8713278884167888,extratrees
2020_10_SEA_LA,2020,10,2020-11-15,LA,SEA,3.0,55.0,0.5792858120125872,1,0.6074637157436529,0.5604720767264972,0.5792858120125872,extratrees
2020_10_DEN_LV,2020,10,2020-11-15,LV,DEN,3.5,50.5,0.6362901596282077,1,0.6168557996144413,0.5711391169136818,0.6362901596282077,extratrees
2020_10_LAC_MIA,2020,10,2020-11-15,MIA,LAC,1.0,48.5,0.521797153024911,1,0.6277915009635173,0.5836006858171888,0.521797153024911,extratrees
2020_10_BAL_NE,2020,10,2020-11-15,NE,BAL,-7.0,44.0,0.2610933439936038,1,0.29114028147962034,0.22918394981144868,0.2610933439936038,extratrees
2020_10_SF_NO,2020,10,2020-11-15,NO,SF,9.5,49.5,0.7707167103733034,1,0.7606575098730844,0.737487040486381,0.7707167103733034,extratrees
2020_10_PHI_NYG,2020,10,2020-11-15,NYG,PHI,-4.5,45.0,0.3313046548823297,1,0.37322910202294446,0.30891412111273925,0.3313046548823297,extratrees
2020_10_CIN_PIT,2020,10,2020-11-15,PIT,CIN,6.5,45.5,0.7264615702621697,1,0.7531422700976125,0.7287154865326156,0.7264615702621697,extratrees
2020_10_MIN_CHI,2020,10,2020-11-16,CHI,MIN,-3.5,44.0,0.38659793814432986,0,0.4284593723918015,0.3652901072506808,0.38659793814432986,extratrees
2020_11_ARI_SEA,2020,11,2020-11-19,SEA,ARI,3.0,56.5,0.6054283493752616,1,0.5794264782475752,0.5288397261149871,0.6054283493752616,extratrees
2020_11_TEN_BAL,2020,11,2020-11-22,BAL,TEN,6.0,50.5,0.6970295160196717,0,0.7109582159868513,0.6795467364694112,0.6970295160196717,extratrees
2020_11_DET_CAR,2020,11,2020-11-22,CAR,DET,-3.0,47.0,0.3871172000921022,1,0.4311073954330188,0.36804424513241807,0.3871172000921022,extratrees
2020_11_PHI_CLE,2020,11,2020-11-22,CLE,PHI,2.5,45.5,0.5605012156349355,1,0.6154440788966458,0.5695336173499442,0.5605012156349355,extratrees
2020_11_MIA_DEN,2020,11,2020-11-22,DEN,MIA,-4.0,46.0,0.35532507442619804,1,0.3457918671611558,0.2817016928185314,0.35532507442619804,extratrees
2020_11_NE_HOU,2020,11,2020-11-22,HOU,NE,-2.5,49.5,0.42003945309842866,1,0.46804845440904486,0.40692709903490504,0.42003945309842866,extratrees
2020_11_GB_IND,2020,11,2020-11-22,IND,GB,1.5,52.0,0.5327102803738317,1,0.5502550282226479,0.496295108158196,0.5327102803738317,extratrees
2020_11_PIT_JAX,2020,11,2020-11-22,JAX,PIT,-11.0,47.0,0.19941043870296515,0,0.23219424112071171,0.17524293774929223,0.19941043870296515,extratrees
2020_11_NYJ_LAC,2020,11,2020-11-22,LAC,NYJ,10.0,47.0,0.7849902733695097,1,0.7030396936095339,0.6703416036109192,0.7849902733695097,extratrees
2020_11_KC_LV,2020,11,2020-11-22,LV,KC,-7.5,56.5,0.24498087954110898,0,0.32454953120772073,0.26101547443179485,0.24498087954110898,extratrees
2020_11_DAL_MIN,2020,11,2020-11-22,MIN,DAL,7.0,50.0,0.730924978687127,0,0.7155836441557735,0.6849283566948692,0.730924978687127,extratrees
2020_11_ATL_NO,2020,11,2020-11-22,NO,ATL,3.5,49.5,0.6279229893276131,1,0.5890270400967905,0.539634299663177,0.6279229893276131,extratrees
2020_11_CIN_WAS,2020,11,2020-11-22,WAS,CIN,2.0,48.0,0.534834771627026,1,0.5669476033379854,0.5148696975515173,0.534834771627026,extratrees
2020_11_LA_TB,2020,11,2020-11-23,TB,LA,4.0,47.5,0.6434398984710219,0,0.637157784439086,0.5943074161677497,0.6434398984710219,extratrees
2020_12_WAS_DAL,2020,12,2020-11-26,DAL,WAS,2.5,46.0,0.5605012156349355,0,0.5781033009448616,0.5273551329238447,0.5605012156349355,extratrees
2020_12_HOU_DET,2020,12,2020-11-26,DET,HOU,-3.0,52.5,0.40770645135502437,0,0.4082671678940678,0.3444396721106136,0.40770645135502437,extratrees
2020_12_LV_ATL,2020,12,2020-11-29,ATL,LV,-3.5,53.0,0.3689461650384535,1,0.4801837442434654,0.4198819605137791,0.3689461650384535,extratrees
2020_12_LAC_BUF,2020,12,2020-11-29,BUF,LAC,4.5,51.0,0.6632563327113227,1,0.6929647880174507,0.6586460951109137,0.6632563327113227,extratrees
2020_12_NYG_CIN,2020,12,2020-11-29,CIN,NYG,-6.5,45.0,0.2974714923153198,0,0.38286968640110264,0.318603892993386,0.2974714923153198,extratrees
2020_12_NO_DEN,2020,12,2020-11-29,DEN,NO,-17.0,36.5,0.09646730091144967,0,0.2658497579053606,0.20568286260439717,0.09646730091144967,extratrees
2020_12_CHI_GB,2020,12,2020-11-29,GB,CHI,7.5,44.0,0.7530153174805347,1,0.7276695464184577,0.6990039608602852,0.7530153174805347,extratrees
2020_12_TEN_IND,2020,12,2020-11-29,IND,TEN,3.0,51.5,0.5810079557598683,0,0.5912654228884697,0.542156737103723,0.5810079557598683,extratrees
2020_12_CLE_JAX,2020,12,2020-11-29,JAX,CLE,-7.5,48.5,0.2528312438831151,0,0.32480140551258296,0.2612587531450841,0.2528312438831151,extratrees
2020_12_SF_LA,2020,12,2020-11-29,LA,SF,5.0,44.5,0.6643580181140117,0,0.6106034132745517,0.5640342222130501,0.6643580181140117,extratrees
2020_12_CAR_MIN,2020,12,2020-11-29,MIN,CAR,3.0,50.0,0.5775497887748944,1,0.6303090443092272,0.5864755583936133,0.5775497887748944,extratrees
2020_12_ARI_NE,2020,12,2020-11-29,NE,ARI,-1.0,51.0,0.478202846975089,1,0.49368645494816527,0.43439768410701907,0.478202846975089,extratrees
2020_12_MIA_NYJ,2020,12,2020-11-29,NYJ,MIA,-7.5,46.0,0.2450980392156863,0,0.2898695191375102,0.22799064909114042,0.2450980392156863,extratrees
2020_12_KC_TB,2020,12,2020-11-29,TB,KC,-3.5,56.0,0.3915565107310036,0,0.3989300561514028,0.33489012506484406,0.3915565107310036,extratrees
2020_12_SEA_PHI,2020,12,2020-11-30,PHI,SEA,-6.5,50.0,0.28827328924447726,0,0.3617299772841592,0.29744277259208884,0.28827328924447726,extratrees
2020_12_BAL_PIT,2020,12,2020-12-02,PIT,BAL,10.5,41.5,0.812208284714119,1,0.7480638728403844,0.7227888907325305,0.812208284714119,extratrees
2020_13_LA_ARI,2020,13,2020-12-06,ARI,LA,-2.5,49.0,0.4242002781641169,0,0.47058591942332734,0.40962870341208535,0.4242002781641169,extratrees
2020_13_NO_ATL,2020,13,2020-12-06,ATL,NO,-2.5,46.0,0.4295364214803857,0,0.45805752706836217,0.39632763983157965,0.4295364214803857,extratrees
2020_13_DET_CHI,2020,13,2020-12-06,CHI,DET,3.0,44.0,0.6018002898771837,0,0.6066819156269652,0.5595856818151936,0.6018002898771837,extratrees
2020_13_PHI_GB,2020,13,2020-12-06,GB,PHI,8.0,50.0,0.7733375018390467,1,0.8096586182924227,0.7946048180901956,0.7733375018390467,extratrees
2020_13_IND_HOU,2020,13,2020-12-06,HOU,IND,-3.5,50.0,0.37895430579964856,0,0.43579547030232835,0.37293125811919575,0.37895430579964856,extratrees
2020_13_DEN_KC,2020,13,2020-12-06,KC,DEN,13.0,51.0,0.8412035102381947,1,0.8792527181973057,0.8746773675297569,0.8412035102381947,extratrees
2020_13_NE_LAC,2020,13,2020-12-06,LAC,NE,2.5,47.0,0.5500363507751557,0,0.5323217291991784,0.4764911965486497,0.5500363507751557,extratrees
2020_13_CIN_MIA,2020,13,2020-12-06,MIA,CIN,10.5,43.0,0.8050322142204421,1,0.758787653300076,0.7353045440179974,0.8050322142204421,extratrees
2020_13_JAX_MIN,2020,13,2020-12-06,MIN,JAX,10.5,51.0,0.7915272066558287,1,0.8288361875713115,0.8168527911920519,0.7915272066558287,extratrees
2020_13_LV_NYJ,2020,13,2020-12-06,NYJ,LV,-7.5,48.0,0.24568411260977813,0,0.3294699010224226,0.2657766968998981,0.24568411260977813,extratrees
2020_13_NYG_SEA,2020,13,2020-12-06,SEA,NYG,11.0,48.5,0.8111245777988322,0,0.7975695114797191,0.7805387460143646,0.8111245777988322,extratrees
2020_13_CLE_TEN,2020,13,2020-12-06,TEN,CLE,4.0,54.0,0.6495327102803738,0,0.6712594684602878,0.6335234974632351,0.6495327102803738,extratrees
2020_13_WAS_PIT,2020,13,2020-12-07,PIT,WAS,5.5,43.5,0.7061546512095963,0,0.7523793122841897,0.7278250443884574,0.7061546512095963,extratrees
2020_13_BUF_SF,2020,13,2020-12-07,SF,BUF,1.5,48.0,0.5357590966122961,0,0.49908677232983956,0.4402322743924208,0.5357590966122961,extratrees
2020_13_DAL_BAL,2020,13,2020-12-08,BAL,DAL,8.5,46.0,0.7722413312261782,1,0.7524848522345562,0.7279482182739133,0.7722413312261782,extratrees
2020_14_NE_LA,2020,14,2020-12-10,LA,NE,5.0,43.5,0.6766178964388532,1,0.6564058000817479,0.6163999379569854,0.6766178964388532,extratrees
2020_14_PIT_BUF,2020,14,2020-12-13,BUF,PIT,2.0,48.5,0.5399277029247453,1,0.5747164445539512,0.5235586464449706,0.5399277029247453,extratrees
2020_14_DEN_CAR,2020,14,2020-12-13,CAR,DEN,4.0,46.0,0.648330451760112,0,0.6371298960203973,0.5942754923116084,0.648330451760112,extratrees
2020_14_HOU_CHI,2020,14,2020-12-13,CHI,HOU,-1.0,46.0,0.4792189179505553,1,0.49725710589600325,0.43825363369158093,0.4792189179505553,extratrees
2020_14_DAL_CIN,2020,14,2020-12-13,CIN,DAL,-3.0,44.0,0.39360687022900764,0,0.48567127516748393,0.4257685043551264,0.39360687022900764,extratrees
2020_14_GB_DET,2020,14,2020-12-13,DET,GB,-9.5,55.5,0.24757983754311783,0,0.2642009459250496,0.2041690740953129,0.24757983754311783,extratrees
2020_14_TEN_JAX,2020,14,2020-12-13,JAX,TEN,-7.5,53.0,0.23850155231613795,0,0.28865795685584,0.2268541523451514,0.23850155231613795,extratrees
2020_14_ATL_LAC,2020,14,2020-12-13,LAC,ATL,1.0,49.0,0.5284039285250725,1,0.45004635834733053,0.3878726211959568,0.5284039285250725,extratrees
2020_14_IND_LV,2020,14,2020-12-13,LV,IND,-2.5,51.5,0.4479937670432412,0,0.4982491475864775,0.4393262158228171,0.4479937670432412,extratrees
2020_14_KC_MIA,2020,14,2020-12-13,MIA,KC,-7.5,51.5,0.25484501866887926,0,0.39973684993842784,0.33571294229463383,0.25484501866887926,extratrees
2020_14_ARI_NYG,2020,14,2020-12-13,NYG,ARI,-3.0,47.0,0.40832074076455643,0,0.4582854451444877,0.39656876339726954,0.40832074076455643,extratrees
2020_14_NO_PHI,2020,14,2020-12-13,PHI,NO,-7.5,43.0,0.252701289647961,1,0.28459358343336805,0.22305027228073027,0.252701289647961,extratrees
2020_14_NYJ_SEA,2020,14,2020-12-13,SEA,NYJ,16.5,49.5,0.8837648682394691,1,0.8749762509093586,0.8698248228324341,0.8837648682394691,extratrees
2020_14_WAS_SF,2020,14,2020-12-13,SF,WAS,3.0,43.5,0.5833751631362314,0,0.5542122245891232,0.5006864650477831,0.5833751631362314,extratrees
2020_14_MIN_TB,2020,14,2020-12-13,TB,MIN,7.0,52.5,0.7382412574463144,1,0.6862232211285567,0.65083158369166,0.7382412574463144,extratrees
2020_14_BAL_CLE,2020,14,2020-12-14,CLE,BAL,-3.0,45.5,0.3808517736016902,0,0.4303792180192898,0.3672864357640419,0.3808517736016902,extratrees
2020_15_LAC_LV,2020,15,2020-12-17,LV,LAC,3.5,52.0,0.6191482263983098,0,0.6536356073229246,0.6132133278261201,0.6191482263983098,extratrees
2020_15_BUF_DEN,2020,15,2020-12-19,DEN,BUF,-5.5,49.0,0.31174797637278495,0,0.31915131672580394,0.255813184110323,0.31174797637278495,extratrees
2020_15_CAR_GB,2020,15,2020-12-19,GB,CAR,9.5,53.0,0.782639650883262,1,0.8276179877035429,0.8154425223449425,0.782639650883262,extratrees
2020_15_PHI_ARI,2020,15,2020-12-20,ARI,PHI,6.5,49.5,0.7016637026941679,1,0.6715024644261136,0.6338041221380629,0.7016637026941679,extratrees
2020_15_TB_ATL,2020,15,2020-12-20,ATL,TB,-6.0,49.5,0.299206017551191,0,0.40317726991597713,0.33922665762180454,0.299206017551191,extratrees
2020_15_JAX_BAL,2020,15,2020-12-20,BAL,JAX,13.0,49.5,0.8541238464403459,1,0.878322227123629,0.8736225688531613,0.8541238464403459,extratrees
2020_15_SF_DAL,2020,15,2020-12-20,DAL,SF,-4.0,46.0,0.3480866758875058,1,0.430488613221172,0.367400260782817,0.3480866758875058,extratrees
2020_15_HOU_IND,2020,15,2020-12-20,IND,HOU,7.5,52.5,0.7639021449741297,1,0.7554790244675477,0.7314427833607389,0.7639021449741297,extratrees
2020_15_NYJ_LA,2020,15,2020-12-20,LA,NYJ,17.5,44.5,0.9086641283062269,0,0.8988644164670547,0.8967584860567853,0.9086641283062269,extratrees
2020_15_NE_MIA,2020,15,2020-12-20,MIA,NE,-1.5,40.0,0.4672897196261682,1,0.5065874600980445,0.4483631833370586,0.4672897196261682,extratrees
2020_15_CHI_MIN,2020,15,2020-12-20,MIN,CHI,2.5,47.5,0.5883967071736573,0,0.5775109291913822,0.5266907477408926,0.5883967071736573,extratrees
2020_15_KC_NO,2020,15,2020-12-20,NO,KC,-2.5,53.5,0.4357578877693609,0,0.5066040067957536,0.4483811547210735,0.4357578877693609,extratrees
2020_15_CLE_NYG,2020,15,2020-12-20,NYG,CLE,-6.0,44.5,0.2901043906634867,0,0.36836065910788174,0.3040458709904869,0.2901043906634867,extratrees
2020_15_DET_TEN,2020,15,2020-12-20,TEN,DET,9.5,54.5,0.7717353250087524,1,0.8278847479356788,0.815751380362818,0.7717353250087524,extratrees
2020_15_SEA_WAS,2020,15,2020-12-20,WAS,SEA,-6.0,44.5,0.30476951262926655,0,0.432631562303265,0.3696315414099139,0.30476951262926655,extratrees
2020_15_PIT_CIN,2020,15,2020-12-21,CIN,PIT,-14.5,40.5,0.12392310583175953,1,0.24272370985898992,0.18466127733086923,0.12392310583175953,extratrees
2020_16_MIN_NO,2020,16,2020-12-25,NO,MIN,6.5,49.0,0.7300564061240935,1,0.7877400038469704,0.7690852973814241,0.7300564061240935,extratrees
2020_16_SF_ARI,2020,16,2020-12-26,ARI,SF,6.0,49.0,0.7159090909090909,0,0.6815476513239417,0.6454177692661554,0.7159090909090909,extratrees
2020_16_TB_DET,2020,16,2020-12-26,DET,TB,-12.0,55.0,0.1740093929817051,0,0.28293342261129284,0.221500372382113,0.1740093929817051,extratrees
2020_16_MIA_LV,2020,16,2020-12-26,LV,MIA,-2.0,50.0,0.45801526717557256,0,0.4254979846397085,0.3622154282724497,0.45801526717557256,extratrees
2020_16_NYG_BAL,2020,16,2020-12-27,BAL,NYG,10.0,43.5,0.7834776815456361,1,0.8445061549203717,0.8349486740832409,0.7834776815456361,extratrees
2020_16_PHI_DAL,2020,16,2020-12-27,DAL,PHI,-3.0,50.0,0.3915565107310036,1,0.47242768373739563,0.411592012780711,0.3915565107310036,extratrees
2020_16_TEN_GB,2020,16,2020-12-27,GB,TEN,3.0,52.5,0.6233496049929973,1,0.618676997293247,0.57321139796732,0.6233496049929973,extratrees
2020_16_CIN_HOU,2020,16,2020-12-27,HOU,CIN,7.5,46.0,0.7418160561184722,0,0.6934520742262524,0.6592113056627821,0.7418160561184722,extratrees
2020_16_CHI_JAX,2020,16,2020-12-27,JAX,CHI,-9.5,47.0,0.20624719772829175,0,0.2948722021621019,0.23269588805039482,0.20624719772829175,extratrees
2020_16_ATL_KC,2020,16,2020-12-27,KC,ATL,11.0,54.0,0.8096263917938955,1,0.8355031738813742,0.8245625305436882,0.8096263917938955,extratrees
2020_16_DEN_LAC,2020,16,2020-12-27,LAC,DEN,2.5,47.5,0.5419847328244275,1,0.5432394507930856,0.4885286172431326,0.5419847328244275,extratrees
2020_16_CLE_NYJ,2020,16,2020-12-27,NYJ,CLE,-6.5,45.0,0.26978176462712544,1,0.30355718403342064,0.24091196748184873,0.26978176462712544,extratrees
2020_16_IND_PIT,2020,16,2020-12-27,PIT,IND,-1.0,43.0,0.497677011707861,1,0.5147092165747383,0.45720220435823467,0.497677011707861,extratrees
2020_16_LA_SEA,2020,16,2020-12-27,SEA,LA,1.5,48.0,0.5460453954604539,1,0.5504495791382099,0.4965108266875933,0.5460453954604539,extratrees
2020_16_CAR_WAS,2020,16,2020-12-27,WAS,CAR,-1.0,41.0,0.4837531945965681,0,0.556519410160775,0.5032502611477045,0.4837531945965681,extratrees
2020_16_BUF_NE,2020,16,2020-12-28,NE,BUF,-7.0,47.0,0.26392474629994117,0,0.3171899775357516,0.2539285894082238,0.26392474629994117,extratrees
2020_17_MIA_BUF,2020,17,2021-01-03,BUF,MIA,-3.5,42.5,0.40995560164630396,1,0.5433715608181912,0.4886746431616066,0.40995560164630396,extratrees
2020_17_NO_CAR,2020,17,2021-01-03,CAR,NO,-6.0,47.0,0.3050108932461874,0,0.3236904220618737,0.2601860490456365,0.3050108932461874,extratrees
2020_17_GB_CHI,2020,17,2021-01-03,CHI,GB,-4.5,48.5,0.3430627570177007,0,0.3968353809924481,0.33275592125589687,0.3430627570177007,extratrees
2020_17_BAL_CIN,2020,17,2021-01-03,CIN,BAL,-13.5,46.0,0.13899131574838086,0,0.24975726004681828,0.19100639859466406,0.13899131574838086,extratrees
2020_17_PIT_CLE,2020,17,2021-01-03,CLE,PIT,10.5,45.0,0.7963340122199594,1,0.6488440583313672,0.607706941334407,0.7963340122199594,extratrees
2020_17_LV_DEN,2020,17,2021-01-03,DEN,LV,-2.5,50.5,0.4242002781641169,0,0.4240651609763837,0.3607298385062236,0.4242002781641169,extratrees
2020_17_MIN_DET,2020,17,2021-01-03,DET,MIN,-3.0,54.0,0.39819971012281646,0,0.38369174389749544,0.31943316813672845,0.39819971012281646,extratrees
2020_17_TEN_HOU,2020,17,2021-01-03,HOU,TEN,-7.0,55.5,0.27065517450846727,0,0.3027212413001282,0.2401185536406562,0.27065517450846727,extratrees
2020_17_JAX_IND,2020,17,2021-01-03,IND,JAX,15.5,48.0,0.9035326990885503,1,0.8711423993261551,0.8654645003438334,0.9035326990885503,extratrees
2020_17_LAC_KC,2020,17,2021-01-03,KC,LAC,-7.0,43.0,0.28252766108514293,0,0.5835604449920307,0.5334829455605843,0.28252766108514293,extratrees
2020_17_ARI_LA,2020,17,2021-01-03,LA,ARI,1.0,42.0,0.5419847328244275,1,0.5143824752703592,0.45684591636273064,0.5419847328244275,extratrees
2020_17_NYJ_NE,2020,17,2021-01-03,NE,NYJ,3.0,41.0,0.6018002898771837,1,0.6593543436211402,0.6197941718052938,0.6018002898771837,extratrees
2020_17_DAL_NYG,2020,17,2021-01-03,NYG,DAL,-1.5,44.5,0.46635295110679686,1,0.4018417345449145,0.33786171584844743,0.46635295110679686,extratrees
2020_17_WAS_PHI,2020,17,2021-01-03,PHI,WAS,-6.5,43.5,0.2817523080884246,0,0.38118215218031315,0.3169030246750973,0.2817523080884246,extratrees
2020_17_SEA_SF,2020,17,2021-01-03,SF,SEA,-7.0,45.0,0.26544089084552636,0,0.328135862853696,0.26448398456784616,0.26544089084552636,extratrees
2020_17_ATL_TB,2020,17,2021-01-03,TB,ATL,7.5,51.0,0.7416762342135478,1,0.7453947937216202,0.7196744430291983,0.7416762342135478,extratrees
2020_18_IND_BUF,2020,18,2021-01-09,BUF,IND,7.0,50.5,0.7424632631419482,1,0.7418098485527385,0.7154919065064467,0.7424632631419482,extratrees
2020_18_LA_SEA,2020,18,2021-01-09,SEA,LA,3.0,42.0,0.6162961291050671,0,0.5893517599860394,0.5400000958937721,0.6162961291050671,extratrees
2020_18_TB_WAS,2020,18,2021-01-09,WAS,TB,-10.0,45.0,0.20494824688154287,0,0.3319348492722378,0.26816884112769285,0.20494824688154287,extratrees
2020_18_CHI_NO,2020,18,2021-01-10,NO,CHI,11.0,48.0,0.8215806113982332,1,0.7623523094265583,0.7394652105792306,0.8215806113982332,extratrees
2020_18_CLE_PIT,2020,18,2021-01-10,PIT,CLE,5.0,47.5,0.6860820446337623,0,0.5972561164295102,0.5489179531867723,0.6860820446337623,extratrees
2020_18_BAL_TEN,2020,18,2021-01-10,TEN,BAL,-3.5,53.0,0.37073068125049297,0,0.44695984296693886,0.38462572152908003,0.37073068125049297,extratrees
2020_19_BAL_BUF,2020,19,2021-01-16,BUF,BAL,2.5,50.0,0.5642421122306391,1,0.5894332326188132,0.5400918816361289,0.5642421122306391,extratrees
2020_19_LA_GB,2020,19,2021-01-16,GB,LA,7.0,45.0,0.755019120458891,1,0.7305810773183049,0.7023973883350838,0.755019120458891,extratrees
2020_19_CLE_KC,2020,19,2021-01-17,KC,CLE,7.5,55.5,0.7666849658850287,1,0.6471964520518931,0.6058151590237435,0.7666849658850287,extratrees
2020_19_TB_NO,2020,19,2021-01-17,NO,TB,2.5,53.0,0.556697108066971,0,0.5619994332738487,0.5093499287567466,0.556697108066971,extratrees
2020_20_TB_GB,2020,20,2021-01-24,GB,TB,3.0,53.0,0.6210456942003515,0,0.5920123443368945,0.5429989131524419,0.6210456942003515,extratrees
2020_20_BUF_KC,2020,20,2021-01-24,KC,BUF,3.0,54.5,0.5971016303329377,1,0.5884535947318517,0.5389884238806746,0.5971016303329377,extratrees
2020_21_KC_TB,2020,21,2021-02-07,TB,KC,-3.0,55.0,0.39819971012281646,1,0.48532086335194796,0.42539209104990144,0.39819971012281646,extratrees
2021_01_DAL_TB,2021,1,2021-09-09,TB,DAL,10.0,52.5,0.7849902733695097,1,0.7586426348070586,0.7847392915937765,0.7849902733695097,extratrees
2021_01_PHI_ATL,2021,1,2021-09-12,ATL,PHI,3.5,49.0,0.6265670845558816,0,0.5946053894740072,0.5586288581497965,0.6265670845558816,extratrees
2021_01_PIT_BUF,2021,1,2021-09-12,BUF,PIT,6.5,48.0,0.7072057697217258,0,0.7392395466637579,0.7595515121079472,0.7072057697217258,extratrees
2021_01_NYJ_CAR,2021,1,2021-09-12,CAR,NYJ,3.5,44.5,0.6310538349615464,1,0.5951371455171311,0.5593838000098337,0.6310538349615464,extratrees
2021_01_MIN_CIN,2021,1,2021-09-12,CIN,MIN,-3.0,47.0,0.43949878436506445,1,0.3933358727961449,0.2895775553857017,0.43949878436506445,extratrees
2021_01_SF_DET,2021,1,2021-09-12,DET,SF,-9.5,46.0,0.2184424838819138,0,0.33624908609798065,0.22445348326590128,0.2184424838819138,extratrees
2021_01_JAX_HOU,2021,1,2021-09-12,HOU,JAX,-3.5,45.5,0.3837038708949329,1,0.4997980327141002,0.42625402438229604,0.3837038708949329,extratrees
2021_01_SEA_IND,2021,1,2021-09-12,IND,SEA,-3.0,49.0,0.4207141879874127,0,0.48711234017211064,0.40912237296834203,0.4207141879874127,extratrees
2021_01_CLE_KC,2021,1,2021-09-12,KC,CLE,5.5,54.5,0.6873022714142923,1,0.6645240718013614,0.6576074427581816,0.6873022714142923,extratrees
2021_01_CHI_LA,2021,1,2021-09-12,LA,CHI,9.5,46.0,0.7711337105475873,1,0.669513033577564,0.6645922380275098,0.7711337105475873,extratrees
2021_01_MIA_NE,2021,1,2021-09-12,NE,MIA,3.5,43.5,0.617727368199958,0,0.5563597226293373,0.5045496553895802,0.617727368199958,extratrees
2021_01_GB_NO,2021,1,2021-09-12,NO,GB,-4.0,49.0,0.37207701067238685,1,0.4040555720793278,0.30251011572796277,0.37207701067238685,extratrees
2021_01_DEN_NYG,2021,1,2021-09-12,NYG,DEN,-3.0,41.5,0.43316719528772085,0,0.5012753943873122,0.42826110205351436,0.43316719528772085,extratrees
2021_01_ARI_TEN,2021,1,2021-09-12,TEN,ARI,2.5,54.0,0.5782326921098653,0,0.5971206642067911,0.5622001907827284,0.5782326921098653,extratrees
2021_01_LAC_WAS,2021,1,2021-09-12,WAS,LAC,2.5,45.5,0.5500363507751557,0,0.5172499579252106,0.4501103270340831,0.5500363507751557,extratrees
2021_01_BAL_LV,2021,1,2021-09-13,LV,BAL,-3.0,50.5,0.39101972672553925,1,0.4264185971285754,0.33014667871599196,0.39101972672553925,extratrees
2021_02_NYG_WAS,2021,2,2021-09-16,WAS,NYG,4.0,42.0,0.6471201212580523,1,0.5978887366617304,0.5632909134629912,0.6471201212580523,extratrees
2021_02_MIN_ARI,2021,2,2021-09-19,ARI,MIN,4.0,51.0,0.6392711044998141,1,0.618799322606232,0.5929950020654206,0.6392711044998141,extratrees
2021_02_KC_BAL,2021,2,2021-09-19,BAL,KC,-3.5,53.5,0.38514560209200854,1,0.4704538889813467,0.38692574414405606,0.38514560209200854,extratrees
2021_02_NO_CAR,2021,2,2021-09-19,CAR,NO,-3.0,45.0,0.4224502112251056,1,0.38638487726382614,0.28130542460215413,0.4224502112251056,extratrees
2021_02_CIN_CHI,2021,2,2021-09-19,CHI,CIN,2.0,44.5,0.5440238883060285,1,0.5670764475361223,0.5196445037684029,0.5440238883060285,extratrees
2021_02_HOU_CLE,2021,2,2021-09-19,CLE,HOU,13.5,48.5,0.8439623496250064,1,0.6948384809410372,0.6997301428700043,0.8439623496250064,extratrees
2021_02_LA_IND,2021,2,2021-09-19,IND,LA,-4.0,48.0,0.3453742498018345,0,0.47527210179682544,0.393308859502881,0.3453742498018345,extratrees
2021_02_DEN_JAX,2021,2,2021-09-19,JAX,DEN,-6.0,45.0,0.31269772858570755,0,0.33480336941848554,0.2228906846076359,0.31269772858570755,extratrees
2021_02_DAL_LAC,2021,2,2021-09-19,LAC,DAL,3.0,55.0,0.5850622406639003,0,0.6241805071117479,0.6006346613934891,0.5850622406639003,extratrees
2021_02_BUF_MIA,2021,2,2021-09-19,MIA,BUF,-3.5,48.0,0.3747984954325632,0,0.43426427341525975,0.3400432397639053,0.3747984954325632,extratrees
2021_02_NE_NYJ,2021,2,2021-09-19,NYJ,NE,-5.5,43.0,0.31709972076293247,0,0.38555819893888504,0.2803276854221244,0.31709972076293247,extratrees
2021_02_SF_PHI,2021,2,2021-09-19,PHI,SF,-3.0,49.0,0.4242002781641169,0,0.5192779101747292,0.4529022312603674,0.4242002781641169,extratrees
2021_02_LV_PIT,2021,2,2021-09-19,PIT,LV,5.5,46.5,0.6766178964388532,0,0.6622894355028013,0.6544732433320618,0.6766178964388532,extratrees
2021_02_TEN_SEA,2021,2,2021-09-19,SEA,TEN,6.5,53.5,0.7199692401445134,0,0.7237511819481193,0.7389947589052033,0.7199692401445134,extratrees
2021_02_ATL_TB,2021,2,2021-09-19,TB,ATL,13.5,52.0,0.8579119575560857,1,0.8323519626573064,0.8730252037231322,0.8579119575560857,extratrees
2021_02_DET_GB,2021,2,2021-09-20,GB,DET,11.5,49.5,0.8061357702349868,1,0.7920870031672903,0.8264107496790007,0.8061357702349868,extratrees
2021_03_CAR_HOU,2021,3,2021-09-23,HOU,CAR,-8.0,43.0,0.21652231845436373,0,0.36908391905024446,0.26111759749655816,0.21652231845436373,extratrees
2021_03_WAS_BUF,2021,3,2021-09-26,BUF,WAS,7.5,45.5,0.7451549813311207,1,0.7932971654888995,0.8278721217538401,0.7451549813311207,extratrees
2021_03_CHI_CLE,2021,3,2021-09-26,CLE,CHI,7.5,45.0,0.7661538461538461,1,0.6989236799454672,0.7053394447186642,0.7661538461538461,extratrees
2021_03_NYJ_DEN,2021,3,2021-09-26,DEN,NYJ,10.5,42.0,0.8299958535574039,1,0.7675012412569876,0.7960057422063087,0.8299958535574039,extratrees
2021_03_BAL_DET,2021,3,2021-09-26,DET,BAL,-7.5,51.0,0.24770150852450237,0,0.30351148443356446,0.19017242063234327,0.24770150852450237,extratrees
2021_03_ARI_JAX,2021,3,2021-09-26,JAX,ARI,-8.0,51.5,0.2402841621395737,0,0.292362354575349,0.1790384380140733,0.2402841621395737,extratrees
2021_03_LAC_KC,2021,3,2021-09-26,KC,LAC,6.5,55.0,0.7115258195992297,0,0.6798277093064659,0.6789727382694782,0.7115258195992297,extratrees
2021_03_TB_LA,2021,3,2021-09-26,LA,TB,-1.0,55.0,0.497677011707861,1,0.5374375456396382,0.4780647693955261,0.497677011707861,extratrees
2021_03_MIA_LV,2021,3,2021-09-26,LV,MIA,4.0,45.0,0.6430392656807752,1,0.6382282645231505,0.6205479295649396,0.6430392656807752,extratrees
2021_03_SEA_MIN,2021,3,2021-09-26,MIN,SEA,-2.0,53.5,0.4672897196261682,1,0.45519017036273257,0.3669157680439111,0.4672897196261682,extratrees
2021_03_NO_NE,2021,3,2021-09-26,NE,NO,3.0,44.0,0.5757997218358832,0,0.550077954272325,0.49573119167437085,0.5757997218358832,extratrees
2021_03_ATL_NYG,2021,3,2021-09-26,NYG,ATL,3.0,48.0,0.5740354444580784,0,0.5468275894113231,0.4911779369998433,0.5740354444580784,extratrees
2021_03_CIN_PIT,2021,3,2021-09-26,PIT,CIN,2.5,42.5,0.5686556434219986,0,0.5971620082046213,0.5622589006104264,0.5686556434219986,extratrees
2021_03_GB_SF,2021,3,2021-09-26,SF,GB,3.5,50.5,0.6252015045674368,0,0.5765967950594033,0.5330986928543179,0.6252015045674368,extratrees
2021_03_IND_TEN,2021,3,2021-09-26,TEN,IND,4.5,47.0,0.6455089820359281,1,0.5915543142252424,0.5542981055066046,0.6455089820359281,extratrees
2021_03_PHI_DAL,2021,3,2021-09-27,DAL,PHI,3.5,51.5,0.6367156074014482,1,0.6240068227123958,0.6003881567527929,0.6367156074014482,extratrees
2021_04_JAX_CIN,2021,4,2021-09-30,CIN,JAX,7.5,46.0,0.7650845050136826,1,0.7625315819510924,0.7897042948779872,0.7650845050136826,extratrees
2021_04_WAS_ATL,2021,4,2021-10-03,ATL,WAS,-1.0,47.5,0.47377843762281124,0,0.5137844588440528,0.44534845028283215,0.47377843762281124,extratrees
2021_04_HOU_BUF,2021,4,2021-10-03,BUF,HOU,19.0,47.5,0.9107142857142858,1,0.8545983614852125,0.896801457996387,0.9107142857142858,extratrees
2021_04_DET_CHI,2021,4,2021-10-03,CHI,DET,3.0,42.0,0.582716381747207,1,0.6042272529150253,0.5722942960341098,0.582716381747207,extratrees
2021_04_CAR_DAL,2021,4,2021-10-03,DAL,CAR,4.5,51.5,0.6595651218976498,1,0.5916824270193064,0.5544799177921114,0.6595651218976498,extratrees
2021_04_BAL_DEN,2021,4,2021-10-03,DEN,BAL,1.0,44.0,0.5284039285250725,0,0.5745779498933047,0.5302426478796863,0.5284039285250725,extratrees
2021_04_PIT_GB,2021,4,2021-10-03,GB,PIT,6.5,45.0,0.71333597633497,1,0.7151943353654675,0.7274858851938136,0.71333597633497,extratrees
2021_04_ARI_LA,2021,4,2021-10-03,LA,ARI,3.5,53.5,0.6495327102803738,0,0.6205841716616226,0.5955294371498494,0.6495327102803738,extratrees
2021_04_IND_MIA,2021,4,2021-10-03,MIA,IND,2.5,41.5,0.5757997218358832,0,0.5502962183264041,0.49603718964628785,0.5757997218358832,extratrees
2021_04_CLE_MIN,2021,4,2021-10-03,MIN,CLE,-1.0,52.0,0.5011531365313653,0,0.5025908952923476,0.43005029837362124,0.5011531365313653,extratrees
2021_04_TB_NE,2021,4,2021-10-03,NE,TB,-6.0,49.5,0.3011920417426717,0,0.3121678187371987,0.1990087091915113,0.3011920417426717,extratrees
2021_04_NYG_NO,2021,4,2021-10-03,NO,NYG,7.5,43.0,0.748535521515462,0,0.797581912525239,0.8330181306061057,0.748535521515462,extratrees
2021_04_TEN_NYJ,2021,4,2021-10-03,NYJ,TEN,-5.5,44.5,0.31808312064302313,1,0.3533749406209853,0.24330037125203194,0.31808312064302313,extratrees
2021_04_KC_PHI,2021,4,2021-10-03,PHI,KC,-7.5,53.5,0.24521583362460678,0,0.3388354776787271,0.22726038894216613,0.24521583362460678,extratrees
2021_04_SEA_SF,2021,4,2021-10-03,SF,SEA,2.5,52.0,0.556697108066971,0,0.5575734881708583,0.5062562342146674,0.556697108066971,extratrees
2021_04_LV_LAC,2021,4,2021-10-04,LAC,LV,3.0,52.0,0.6008197724213874,1,0.5787762059589151,0.5361835121815475,0.6008197724213874,extratrees
2021_05_LA_SEA,2021,5,2021-10-07,SEA,LA,-2.5,53.5,0.43949878436506445,0,0.48882816662003786,0.41142846768475977,0.43949878436506445,extratrees
2021_05_SF_ARI,2021,5,2021-10-10,ARI,SF,6.0,48.5,0.7063684354090785,1,0.7029474328422786,0.7108460849646366,0.7063684354090785,extratrees
2021_05_NYJ_ATL,2021,5,2021-10-10,ATL,NYJ,3.0,45.5,0.590044398353696,1,0.5522061640592991,0.49871613477107263,0.590044398353696,extratrees
2021_05_PHI_CAR,2021,5,2021-10-10,CAR,PHI,2.5,46.0,0.5679213219076544,0,0.598925383396246,0.5647631425854388,0.5679213219076544,extratrees
2021_05_GB_CIN,2021,5,2021-10-10,CIN,GB,-2.0,50.0,0.46214743124779806,0,0.4359090971083903,0.34213072041034437,0.46214743124779806,extratrees
2021_05_NYG_DAL,2021,5,2021-10-10,DAL,NYG,7.5,53.0,0.7477895347151761,1,0.7230379933390229,0.7380394580011206,0.7477895347151761,extratrees
2021_05_NE_HOU,2021,5,2021-10-10,HOU,NE,-8.0,39.5,0.25023940900177843,0,0.36258763582703585,0.2536891573761364,0.25023940900177843,extratrees
2021_05_TEN_JAX,2021,5,2021-10-10,JAX,TEN,-4.0,49.0,0.36072889550018594,0,0.3329238631362143,0.22086561382437606,0.36072889550018594,extratrees
2021_05_BUF_KC,2021,5,2021-10-10,KC,BUF,2.5,57.0,0.5586071603727317,0,0.5479074454986045,0.4926898821145505,0.5586071603727317,extratrees
2021_05_CLE_LAC,2021,5,2021-10-10,LAC,CLE,2.5,46.5,0.5500363507751557,1,0.5777115472871914,0.5346763508462336,0.5500363507751557,extratrees
2021_05_CHI_LV,2021,5,2021-10-10,LV,CHI,5.5,46.0,0.6910678307588987,0,0.6681082491031834,0.6626272770315046,0.6910678307588987,extratrees
2021_05_DET_MIN,2021,5,2021-10-10,MIN,DET,10.0,49.5,0.7825612438504289,1,0.740097852233494,0.7606795606211871,0.7825612438504289,extratrees
2021_05_DEN_PIT,2021,5,2021-10-10,PIT,DEN,-2.0,40.0,0.45890354830779323,1,0.49741234108128907,0.42301805516489954,0.45890354830779323,extratrees
2021_05_MIA_TB,2021,5,2021-10-10,TB,MIA,11.0,48.0,0.8231559210806665,1,0.8127821116601784,0.850905055787038,0.8231559210806665,extratrees
2021_05_NO_WAS,2021,5,2021-10-10,WAS,NO,-2.5,43.5,0.4491310290958797,0,0.3984945882391594,0.29577492969590696,0.4491310290958797,extratrees
2021_05_IND_BAL,2021,5,2021-10-11,BAL,IND,7.5,46.5,0.7579052432627578,1,0.7343940253452976,0.753160601025983,0.7579052432627578,extratrees
2021_06_TB_PHI,2021,6,2021-10-14,PHI,TB,-7.0,53.0,0.28766575393040644,0,0.2992410886433019,0.1858747857795356,0.28766575393040644,extratrees
2021_06_LAC_BAL,2021,6,2021-10-17,BAL,LAC,3.0,50.5,0.6084434892689964,1,0.5849381870751461,0.5449135595484025,0.6084434892689964,extratrees
2021_06_MIN_CAR,2021,6,2021-10-17,CAR,MIN,-2.5,45.5,0.44139283962726833,0,0.5418161006741674,0.4841715594318779,0.44139283962726833,extratrees
2021_06_GB_CHI,2021,6,2021-10-17,CHI,GB,-5.5,44.0,0.3233821035611469,0,0.3461343313825703,0.23525748524861484,0.3233821035611469,extratrees
2021_06_ARI_CLE,2021,6,2021-10-17,CLE,ARI,3.0,48.0,0.5740354444580784,0,0.5706007569194647,0.5246207255785509,0.5740354444580784,extratrees
2021_06_LV_DEN,2021,6,2021-10-17,DEN,LV,5.0,45.5,0.6546257501981656,0,0.6209410681035344,0.5960361668059152,0.6546257501981656,extratrees
2021_06_CIN_DET,2021,6,2021-10-17,DET,CIN,-3.5,46.5,0.35946425054165854,0,0.41296562543892346,0.3134171272300654,0.35946425054165854,extratrees
2021_06_HOU_IND,2021,6,2021-10-17,IND,HOU,10.5,43.5,0.7906090880291756,1,0.7243144615578841,0.739748740309899,0.7906090880291756,extratrees
2021_06_MIA_JAX,2021,6,2021-10-17,JAX,MIA,-2.5,47.5,0.46424090338770385,1,0.4227005109074262,0.32549225454498715,0.46424090338770385,extratrees
2021_06_DAL_NE,2021,6,2021-10-17,NE,DAL,-3.5,50.5,0.36242334558131956,0,0.4829285980228269,0.4035144741195652,0.36242334558131956,extratrees
2021_06_LA_NYG,2021,6,2021-10-17,NYG,LA,-7.5,49.5,0.2556139512661252,0,0.2883425811077671,0.17509303448275043,0.2556139512661252,extratrees
2021_06_SEA_PIT,2021,6,2021-10-17,PIT,SEA,5.5,43.0,0.6629225583423975,1,0.5925332068970779,0.5556873862690819,0.6629225583423975,extratrees
2021_06_KC_WAS,2021,6,2021-10-17,WAS,KC,-6.0,54.0,0.3011920417426717,0,0.3231802161532285,0.2104887260603016,0.3011920417426717,extratrees
2021_06_BUF_TEN,2021,6,2021-10-18,TEN,BUF,-6.0,53.5,0.3139179553662376,1,0.3414738215567069,0.23013822842755222,0.3139179553662376,extratrees
2021_07_DEN_CLE,2021,7,2021-10-21,CLE,DEN,2.0,40.5,0.534834771627026,1,0.5706165290009212,0.5246430073732131,0.534834771627026,extratrees
2021_07_HOU_ARI,2021,7,2021-10-24,ARI,HOU,20.5,47.0,0.9202343894938516,1,0.8393470810466336,0.8806653173089136,0.9202343894938516,extratrees
2021_07_CIN_BAL,2021,7,2021-10-24,BAL,CIN,6.5,45.5,0.7107129525942516,0,0.7111201702325894,0.721971356080038,0.7107129525942516,extratrees
2021_07_WAS_GB,2021,7,2021-10-24,GB,WAS,8.5,48.0,0.7749165560874428,1,0.8035294730776817,0.8400867478592725,0.7749165560874428,extratrees
2021_07_DET_LA,2021,7,2021-10-24,LA,DET,17.0,51.0,0.8989085704061549,1,0.8640224849162751,0.9063963395286964,0.8989085704061549,extratrees
2021_07_PHI_LV,2021,7,2021-10-24,LV,PHI,1.0,48.0,0.5069715560513107,1,0.5798500196159355,0.537704014346988,0.5069715560513107,extratrees
2021_07_ATL_MIA,2021,7,2021-10-24,MIA,ATL,-1.5,48.5,0.4499636492248442,0,0.45981003928813874,0.37293733454010275,0.4499636492248442,extratrees
2021_07_NYJ_NE,2021,7,2021-10-24,NE,NYJ,7.0,43.0,0.7307643486568282,1,0.7387473429506088,0.7589040724463614,0.7307643486568282,extratrees
2021_07_CAR_NYG,2021,7,2021-10-24,NYG,CAR,-3.0,42.5,0.40832074076455643,1,0.4059117750207668,0.30477069288797765,0.40832074076455643,extratrees
2021_07_IND_SF,2021,7,2021-10-24,SF,IND,3.5,41.5,0.6128827999078977,0,0.5730933022444923,0.5281433042775664,0.6128827999078977,extratrees
2021_07_CHI_TB,2021,7,2021-10-24,TB,CHI,12.5,47.0,0.8387670009795338,1,0.8248449217393535,0.8646666258555173,0.8387670009795338,extratrees
2021_07_KC_TEN,2021,7,2021-10-24,TEN,KC,-4.0,57.5,0.3415685624274581,1,0.44289813542975615,0.3510486244498731,0.3415685624274581,extratrees
2021_07_NO_SEA,2021,7,2021-10-25,SEA,NO,-6.0,42.0,0.31585064107370475,0,0.32555641860871387,0.21300049539416124,0.31585064107370475,extratrees
2021_08_GB_ARI,2021,8,2021-10-28,ARI,GB,6.5,51.0,0.7157173074903613,0,0.6782410995933115,0.6767664351228567,0.7157173074903613,extratrees
2021_08_CAR_ATL,2021,8,2021-10-31,ATL,CAR,2.5,47.0,0.5500363507751557,0,0.5528696166350096,0.4996472392364664,0.5500363507751557,extratrees
2021_08_MIA_BUF,2021,8,2021-10-31,BUF,MIA,15.0,48.5,0.880139051980694,1,0.8654386144735724,0.9078122610172079,0.880139051980694,extratrees
2021_08_SF_CHI,2021,8,2021-10-31,CHI,SF,-4.5,40.0,0.34043487810235007,0,0.4640832073804677,0.37853424687014425,0.34043487810235007,extratrees
2021_08_PIT_CLE,2021,8,2021-10-31,CLE,PIT,5.5,43.0,0.6711332625214478,0,0.606035845612926,0.5748637329340389,0.6711332625214478,extratrees
2021_08_WAS_DEN,2021,8,2021-10-31,DEN,WAS,4.0,45.0,0.6392711044998141,1,0.646096118072006,0.6316723310501989,0.6392711044998141,extratrees
2021_08_PHI_DET,2021,8,2021-10-31,DET,PHI,-3.0,48.5,0.3885860109036074,0,0.4614975139087773,0.37514446273516494,0.3885860109036074,extratrees
2021_08_LA_HOU,2021,8,2021-10-31,HOU,LA,-17.0,47.0,0.11767948772316696,0,0.24409323713591324,0.13413257026292427,0.11767948772316696,extratrees
2021_08_TEN_IND,2021,8,2021-10-31,IND,TEN,3.0,51.0,0.6002460024600246,0,0.5511221009603365,0.49719531765781855,0.6002460024600246,extratrees
2021_08_NE_LAC,2021,8,2021-10-31,LAC,NE,3.5,50.5,0.6297217024951262,0,0.6056049579411452,0.5742515680640342,0.6297217024951262,extratrees
2021_08_DAL_MIN,2021,8,2021-10-31,MIN,DAL,4.5,49.5,0.6679400834834022,0,0.5512246242944571,0.49733911503979145,0.6679400834834022,extratrees
2021_08_TB_NO,2021,8,2021-10-31,NO,TB,-4.0,48.5,0.36370984037179227,1,0.4066279505464013,0.3056445373186666,0.36370984037179227,extratrees
2021_08_CIN_NYJ,2021,8,2021-10-31,NYJ,CIN,-11.5,43.5,0.1896707191940549,1,0.2633602001263039,0.1514050025084793,0.1896707191940549,extratrees
2021_08_JAX_SEA,2021,8,2021-10-31,SEA,JAX,4.0,44.0,0.6405357494583416,1,0.7168916295801127,0.7297767531967285,0.6405357494583416,extratrees
2021_08_NYG_KC,2021,8,2021-11-01,KC,NYG,10.5,53.0,0.8153846153846155,1,0.7837759421154773,0.8162822311056204,0.8153846153846155,extratrees
2021_09_NYJ_IND,2021,9,2021-11-04,IND,NYJ,10.5,46.0,0.8099784704670973,1,0.8044985919564543,0.8412301638685876,0.8099784704670973,extratrees
2021_09_MIN_BAL,2021,9,2021-11-07,BAL,MIN,7.5,51.0,0.7316281227221523,1,0.7422774994925269,0.7635386910315368,0.7316281227221523,extratrees
2021_09_NE_CAR,2021,9,2021-11-07,CAR,NE,-3.5,41.5,0.37895430579964856,0,0.3992783765298551,0.2967208091987042,0.37895430579964856,extratrees
2021_09_CLE_CIN,2021,9,2021-11-07,CIN,CLE,2.5,47.5,0.5500363507751557,0,0.5730172007942079,0.5280357172273124,0.5500363507751557,extratrees
2021_09_DEN_DAL,2021,9,2021-11-07,DAL,DEN,10.5,50.0,0.7971382780577254,0,0.7079455393745863,0.717659603423766,0.7971382780577254,extratrees
2021_09_BUF_JAX,2021,9,2021-11-07,JAX,BUF,-14.5,48.0,0.11073451745198123,1,0.2053862654510513,0.10212336803410517,0.11073451745198123,extratrees
2021_09_GB_KC,2021,9,2021-11-07,KC,GB,7.0,48.0,0.7410248542497699,1,0.5888736658575595,0.5504945941332752,0.7410248542497699,extratrees
2021_09_TEN_LA,2021,9,2021-11-07,LA,TEN,7.0,53.5,0.7549019607843137,0,0.7014721252870738,0.708829238883458,0.7549019607843137,extratrees
2021_09_HOU_MIA,2021,9,2021-11-07,MIA,HOU,4.0,45.0,0.6332518337408314,1,0.5981445528650619,0.56365420818283,0.6332518337408314,extratrees
2021_09_ATL_NO,2021,9,2021-11-07,NO,ATL,7.0,43.0,0.7141340612678193,0,0.6866253624689628,0.6883998100814357,0.7141340612678193,extratrees
2021_09_LV_NYG,2021,9,2021-11-07,NYG,LV,-3.0,47.0,0.4116032928263426,1,0.3963406431655858,0.2931813393608714,0.4116032928263426,extratrees
2021_09_LAC_PHI,2021,9,2021-11-07,PHI,LAC,-1.0,49.5,0.497677011707861,0,0.47909991390386036,0.3984016839613925,0.497677011707861,extratrees
2021_09_ARI_SF,2021,9,2021-11-07,SF,ARI,5.5,44.5,0.6829002792370676,0,0.5255356282644825,0.461541180796146,0.6829002792370676,extratrees
2021_09_CHI_PIT,2021,9,2021-11-08,PIT,CHI,7.0,40.0,0.73232769419428,1,0.7218637776872955,0.7364650315735027,0.73232769419428,extratrees
2021_10_BAL_MIA,2021,10,2021-11-11,MIA,BAL,-8.5,46.5,0.2277586687738217,1,0.28077217076962985,0.16776278399853345,0.2277586687738217,extratrees
2021_10_CAR_ARI,2021,10,2021-11-14,ARI,CAR,7.0,42.0,0.7445212005717008,0,0.7669445188414471,0.7953022891463025,0.7445212005717008,extratrees
2021_10_ATL_DAL,2021,10,2021-11-14,DAL,ATL,8.0,55.0,0.7732468107071749,1,0.7128869802862348,0.7243654584857918,0.7732468107071749,extratrees
2021_10_PHI_DEN,2021,10,2021-11-14,DEN,PHI,1.0,44.5,0.513948077676165,0,0.5397971633904239,0.48135397925728224,0.513948077676165,extratrees
2021_10_SEA_GB,2021,10,2021-11-14,GB,SEA,3.0,49.5,0.6114139890963924,1,0.591046485050692,0.5535774466584473,0.6114139890963924,extratrees
2021_10_JAX_IND,2021,10,2021-11-14,IND,JAX,10.5,47.5,0.7882397728534491,1,0.8048327038438328,0.8416238150110307,0.7882397728534491,extratrees
2021_10_MIN_LAC,2021,10,2021-11-14,LAC,MIN,3.0,53.5,0.6252015045674368,0,0.6085815610233734,0.5784805122721041,0.6252015045674368,extratrees
2021_10_KC_LV,2021,10,2021-11-14,LV,KC,-2.5,53.5,0.41899204424013164,0,0.4841955114869822,0.4052103625381091,0.41899204424013164,extratrees
2021_10_CLE_NE,2021,10,2021-11-14,NE,CLE,2.5,45.5,0.5547708605204575,1,0.6067426903914209,0.5758679615958847,0.5547708605204575,extratrees
2021_10_BUF_NYJ,2021,10,2021-11-14,NYJ,BUF,-13.0,47.0,0.15452908001063,0,0.20860438362212905,0.10464558871296195,0.15452908001063,extratrees
2021_10_NO_TEN,2021,10,2021-11-14,TEN,NO,3.0,44.0,0.5810079557598683,1,0.6197853999975868,0.5943952570233227,0.5810079557598683,extratrees
2021_10_TB_WAS,2021,10,2021-11-14,WAS,TB,-10.0,51.0,0.21132463018189718,1,0.23014459868957554,0.12217955259259673,0.21132463018189718,extratrees
2021_10_LA_SF,2021,10,2021-11-15,SF,LA,-3.5,50.0,0.3775590873156503,1,0.34474465991904424,0.23372627349336722,0.3775590873156503,extratrees
2021_11_NE_ATL,2021,11,2021-11-18,ATL,NE,-7.0,47.5,0.25547879942829915,0,0.3009584754627924,0.18759821415354466,0.25547879942829915,extratrees
2021_11_IND_BUF,2021,11,2021-11-21,BUF,IND,7.5,49.5,0.7402276100940128,0,0.7222721240832038,0.7370127789717266,0.7402276100940128,extratrees
2021_11_WAS_CAR,2021,11,2021-11-21,CAR,WAS,3.5,43.0,0.6162961291050671,0,0.5922053876960295,0.5552221134606149,0.6162961291050671,extratrees
2021_11_BAL_CHI,2021,11,2021-11-21,CHI,BAL,-5.0,43.0,0.32543374528320723,0,0.36139458060154533,0.25233409965261233,0.32543374528320723,extratrees
2021_11_DET_CLE,2021,11,2021-11-21,CLE,DET,13.0,42.5,0.8285075183298123,1,0.8238472400549189,0.8635436741817635,0.8285075183298123,extratrees
2021_11_SF_JAX,2021,11,2021-11-21,JAX,SF,-6.5,45.0,0.2833071838076188,0,0.33403882023165804,0.22206601445302243,0.2833071838076188,extratrees
2021_11_DAL_KC,2021,11,2021-11-21,KC,DAL,2.5,56.0,0.5597200270941521,1,0.5684536959764347,0.5215884873245183,0.5597200270941521,extratrees
2021_11_PIT_LAC,2021,11,2021-11-21,LAC,PIT,5.5,47.5,0.6958932594004505,1,0.6086792995761237,0.5786193732522221,0.6958932594004505,extratrees
2021_11_CIN_LV,2021,11,2021-11-21,LV,CIN,-1.0,50.5,0.46097238299983456,0,0.4905924347879312,0.41380336195532524,0.46097238299983456,extratrees
2021_11_GB_MIN,2021,11,2021-11-21,MIN,GB,-1.0,48.0,0.486051922323835,1,0.47811885868818504,0.3970946007232635,0.486051922323835,extratrees
2021_11_MIA_NYJ,2021,11,2021-11-21,NYJ,MIA,-3.5,44.5,0.37207701067238685,0,0.37200318647828984,0.26448306320994525,0.37207701067238685,extratrees
2021_11_NO_PHI,2021,11,2021-11-21,PHI,NO,2.5,42.5,0.5757997218358832,1,0.5309431277031869,0.46903407852634765,0.5757997218358832,extratrees
2021_11_ARI_SEA,2021,11,2021-11-21,SEA,ARI,2.5,46.0,0.5850622406639003,0,0.5267024218817882,0.4631558328927113,0.5850622406639003,extratrees
2021_11_HOU_TEN,2021,11,2021-11-21,TEN,HOU,10.5,44.5,0.7967994099228416,0,0.8291222822924598,0.8694490519549687,0.7967994099228416,extratrees
2021_11_NYG_TB,2021,11,2021-11-22,TB,NYG,11.5,49.5,0.8146730471948239,1,0.8236646836032963,0.8633378929397187,0.8146730471948239,extratrees
2021_12_LV_DAL,2021,12,2021-11-25,DAL,LV,7.0,51.0,0.7367517454503835,0,0.7584871191496986,0.7845401394896894,0.7367517454503835,extratrees
2021_12_CHI_DET,2021,12,2021-11-25,DET,CHI,-2.0,41.5,0.45225634442579243,0,0.41919503588650925,0.3211253459275065,0.45225634442579243,extratrees
2021_12_BUF_NO,2021,12,2021-11-25,NO,BUF,-7.0,45.0,0.290309925460965,0,0.42220388235066186,0.3248723175643187,0.290309925460965,extratrees
2021_12_CLE_BAL,2021,12,2021-11-28,BAL,CLE,3.0,47.0,0.5939086294416244,1,0.5605887482364192,0.5104992650462055,0.5939086294416244,extratrees
2021_12_PIT_CIN,2021,12,2021-11-28,CIN,PIT,3.5,43.5,0.6162961291050671,1,0.6011637537688217,0.5679424154145157,0.6162961291050671,extratrees
2021_12_LAC_DEN,2021,12,2021-11-28,DEN,LAC,-2.5,47.5,0.4295364214803857,1,0.46286259282359216,0.37693287467708,0.4295364214803857,extratrees
2021_12_LA_GB,2021,12,2021-11-28,GB,LA,-2.0,47.0,0.4684838160136286,1,0.5398716170297474,0.48145783207230375,0.4684838160136286,extratrees
2021_12_NYJ_HOU,2021,12,2021-11-28,HOU,NYJ,3.0,44.5,0.5660893345487694,0,0.5897951850182528,0.5518019492301657,0.5660893345487694,extratrees
2021_12_TB_IND,2021,12,2021-11-28,IND,TB,-3.0,53.0,0.4155887507302011,0,0.5116861041806818,0.4424708656582571,0.4155887507302011,extratrees
2021_12_ATL_JAX,2021,12,2021-11-28,JAX,ATL,-1.5,46.0,0.47698280643372154,0,0.481279093201958,0.40130946340203966,0.47698280643372154,extratrees
2021_12_CAR_MIA,2021,12,2021-11-28,MIA,CAR,-1.0,41.0,0.46943325045014145,1,0.5207540891858056,0.4549369240303005,0.46943325045014145,extratrees
2021_12_TEN_NE,2021,12,2021-11-28,NE,TEN,7.5,43.0,0.7316281227221523,1,0.7226012109282042,0.7374540362007511,0.7316281227221523,extratrees
2021_12_PHI_NYG,2021,12,2021-11-28,NYG,PHI,-4.0,45.5,0.35946425054165854,1,0.348597379824062,0.23798127223730717,0.35946425054165854,extratrees
2021_12_MIN_SF,2021,12,2021-11-28,SF,MIN,3.5,49.0,0.6306061713569676,1,0.6141200284253754,0.5863488383637887,0.6306061713569676,extratrees
2021_12_SEA_WAS,2021,12,2021-11-29,WAS,SEA,-1.0,47.0,0.4519505233111322,1,0.5040306141269063,0.43201059346539594,0.4519505233111322,extratrees
2021_13_DAL_NO,2021,13,2021-12-02,NO,DAL,-6.0,46.0,0.30207871113083246,0,0.4152905806806046,0.3162861534955787,0.30207871113083246,extratrees
2021_13_TB_ATL,2021,13,2021-12-05,ATL,TB,-11.0,51.0,0.19908248939669348,0,0.2343264376031643,0.12571405203730765,0.19908248939669348,extratrees
2021_13_ARI_CHI,2021,13,2021-12-05,CHI,ARI,-7.5,43.5,0.23448111757765636,0,0.29437046052949756,0.18102312483477614,0.23448111757765636,extratrees
2021_13_LAC_CIN,2021,13,2021-12-05,CIN,LAC,2.5,49.5,0.5704635785196144,0,0.5981205309190359,0.5636200933408372,0.5704635785196144,extratrees
2021_13_MIN_DET,2021,13,2021-12-05,DET,MIN,-7.0,47.5,0.27370749239701414,1,0.28011233147537073,0.1671301027377035,0.27370749239701414,extratrees
2021_13_IND_HOU,2021,13,2021-12-05,HOU,IND,-10.0,45.5,0.2209541041789902,0,0.24969375722681708,0.13906272412822412,0.2209541041789902,extratrees
2021_13_DEN_KC,2021,13,2021-12-05,KC,DEN,8.5,46.5,0.7707167103733034,1,0.7411877518953531,0.7621102213106621,0.7707167103733034,extratrees
2021_13_JAX_LA,2021,13,2021-12-05,LA,JAX,14.0,48.0,0.8609585172219015,1,0.8084436453488266,0.8458600382911045,0.8609585172219015,extratrees
2021_13_WAS_LV,2021,13,2021-12-05,LV,WAS,1.0,47.5,0.5480494766888677,0,0.5646633895721614,0.5162405868144766,0.5480494766888677,extratrees
2021_13_NYG_MIA,2021,13,2021-12-05,MIA,NYG,6.5,40.0,0.7246530137533368,1,0.6881116648037496,0.6904552457111299,0.7246530137533368,extratrees
2021_13_PHI_NYJ,2021,13,2021-12-05,NYJ,PHI,-5.0,44.0,0.35166954823988805,0,0.35770067206544304,0.2481568416287168,0.35166954823988805,extratrees
2021_13_BAL_PIT,2021,13,2021-12-05,PIT,BAL,-4.0,44.0,0.3557216929940914,1,0.37360331772789546,0.26633489084631284,0.3557216929940914,extratrees
2021_13_SF_SEA,2021,13,2021-12-05,SEA,SF,-3.0,44.5,0.43391066545123064,1,0.41750198146272466,0.31902374787747395,0.43391066545123064,extratrees
2021_13_NE_BUF,2021,13,2021-12-06,BUF,NE,3.0,40.0,0.5792858120125872,0,0.5683796675183148,0.5214839746772638,0.5792858120125872,extratrees
2021_14_PIT_MIN,2021,14,2021-12-09,MIN,PIT,3.5,45.0,0.6205588133839255,1,0.6050087258279105,0.5734045067680983,0.6205588133839255,extratrees
2021_14_ATL_CAR,2021,14,2021-12-12,CAR,ATL,2.5,41.0,0.562379468921525,0,0.6038944501109188,0.5718215031891628,0.562379468921525,extratrees
2021_14_SF_CIN,2021,14,2021-12-12,CIN,SF,-2.5,49.0,0.4491310290958797,0,0.4833743257897647,0.40411089635242353,0.4491310290958797,extratrees
2021_14_BAL_CLE,2021,14,2021-12-12,CLE,BAL,3.0,44.0,0.5850622406639003,1,0.5514582547820372,0.4976668253910467,0.5850622406639003,extratrees
2021_14_DET_DEN,2021,14,2021-12-12,DEN,DET,13.0,42.0,0.83714618069019,1,0.8257811567924582,0.8657178618501713,0.83714618069019,extratrees
2021_14_CHI_GB,2021,14,2021-12-12,GB,CHI,11.5,43.0,0.8379464148659493,1,0.8207389593962561,0.86002726707996,0.8379464148659493,extratrees
2021_14_SEA_HOU,2021,14,2021-12-12,HOU,SEA,-10.0,40.5,0.22352699724272085,0,0.3269770507877844,0.21450800841587017,0.22352699724272085,extratrees
2021_14_LV_KC,2021,14,2021-12-12,KC,LV,10.0,48.0,0.7914590201640727,1,0.8299207460491899,0.8703359896213133,0.7914590201640727,extratrees
2021_14_NYG_LAC,2021,14,2021-12-12,LAC,NYG,9.5,44.0,0.7739261492087415,1,0.7226248923629176,0.7374857835629792,0.7739261492087415,extratrees
2021_14_NO_NYJ,2021,14,2021-12-12,NYJ,NO,-4.5,42.0,0.3569607343192249,0,0.3732683937082439,0.26594686821417374,0.3569607343192249,extratrees
2021_14_BUF_TB,2021,14,2021-12-12,TB,BUF,3.5,52.5,0.6270291076571854,1,0.6217859357830735,0.5972356524625584,0.6270291076571854,extratrees
2021_14_JAX_TEN,2021,14,2021-12-12,TEN,JAX,8.5,44.5,0.7695940284865566,1,0.8135853676843884,0.8518336893485114,0.7695940284865566,extratrees
2021_14_DAL_WAS,2021,14,2021-12-12,WAS,DAL,-6.5,48.0,0.2809810923139964,0,0.3621632480366749,0.25320681434577197,0.2809810923139964,extratrees
2021_14_LA_ARI,2021,14,2021-12-13,ARI,LA,3.0,51.0,0.6162961291050671,0,0.5452014163356994,0.48890254630467356,0.6162961291050671,extratrees
2021_15_KC_LAC,2021,15,2021-12-16,LAC,KC,-3.0,54.0,0.38227263180004206,0,0.42118592039520947,0.32360290905066114,0.38227263180004206,extratrees
2021_15_NE_IND,2021,15,2021-12-18,IND,NE,-1.0,46.0,0.5080764260660882,1,0.5155404175956918,0.4477598256587369,0.5080764260660882,extratrees
2021_15_GB_BAL,2021,15,2021-12-19,BAL,GB,-9.5,45.5,0.24324121599177054,0,0.3325921229092682,0.2205089628948252,0.24324121599177054,extratrees
2021_15_CAR_BUF,2021,15,2021-12-19,BUF,CAR,14.0,43.0,0.853607808514128,1,0.8529912806486271,0.8951359690282423,0.853607808514128,extratrees
2021_15_CIN_DEN,2021,15,2021-12-19,DEN,CIN,3.0,45.0,0.5933014354066986,0,0.5831695479368527,0.5424066839615033,0.5933014354066986,extratrees
2021_15_ARI_DET,2021,15,2021-12-19,DET,ARI,-13.0,48.0,0.16288307480638217,1,0.2600410849285697,0.14836703462660444,0.16288307480638217,extratrees
2021_15_HOU_JAX,2021,15,2021-12-19,JAX,HOU,6.0,40.0,0.6999193060318741,0,0.5627943692864412,0.5136060284074976,0.6999193060318741,extratrees
2021_15_NYJ_MIA,2021,15,2021-12-19,MIA,NYJ,10.5,42.0,0.7918814679039217,1,0.8127220965221287,0.8508356043458065,0.7918814679039217,extratrees
2021_15_DAL_NYG,2021,15,2021-12-19,NYG,DAL,-11.5,43.0,0.18358081030369017,0,0.26101706297772215,0.14925765860370654,0.18358081030369017,extratrees
2021_15_TEN_PIT,2021,15,2021-12-19,PIT,TEN,1.0,44.0,0.533647048893203,1,0.48880959777297317,0.41140349185909314,0.533647048893203,extratrees
2021_15_ATL_SF,2021,15,2021-12-19,SF,ATL,9.5,48.0,0.7683621272077985,1,0.774162486807902,0.8043731980499275,0.7683621272077985,extratrees
2021_15_NO_TB,2021,15,2021-12-19,TB,NO,11.5,45.5,0.8125034131660225,0,0.7858890455466577,0.818872468317935,0.8125034131660225,extratrees
2021_15_MIN_CHI,2021,15,2021-12-20,CHI,MIN,-7.0,48.0,0.25977238990598717,0,0.29860290309801724,0.18523604335786814,0.25977238990598717,extratrees
2021_15_LV_CLE,2021,15,2021-12-20,CLE,LV,-3.0,41.0,0.4210921117684164,0,0.5388532907565761,0.48003775968175444,0.4210921117684164,extratrees
2021_15_SEA_LA,2021,15,2021-12-21,LA,SEA,7.5,47.0,0.7560659701234782,1,0.7243573835815592,0.7398061749715831,0.7560659701234782,extratrees
2021_15_WAS_PHI,2021,15,2021-12-21,PHI,WAS,10.0,39.5,0.7979978548444763,1,0.6483363595372463,0.6348349544257672,0.7979978548444763,extratrees
2021_16_SF_TEN,2021,16,2021-12-23,TEN,SF,-3.5,45.5,0.38421186945302976,1,0.4814613248263926,0.4015528968964126,0.38421186945302976,extratrees
2021_16_IND_ARI,2021,16,2021-12-25,ARI,IND,3.0,48.0,0.5998344142403753,0,0.5511013727140435,0.4971662453893831,0.5998344142403753,extratrees
2021_16_CLE_GB,2021,16,2021-12-25,GB,CLE,7.5,46.5,0.7823319232822703,1,0.7670755650255796,0.7954679305401137,0.7823319232822703,extratrees
2021_16_DET_ATL,2021,16,2021-12-26,ATL,DET,7.5,42.5,0.7633307815087788,1,0.7016740901027487,0.7091054879513575,0.7633307815087788,extratrees
2021_16_TB_CAR,2021,16,2021-12-26,CAR,TB,-11.5,44.5,0.19370568942199892,0,0.2487972508881658,0.13826851280947228,0.19370568942199892,extratrees
2021_16_BAL_CIN,2021,16,2021-12-26,CIN,BAL,7.5,43.0,0.7615828054942709,1,0.6529867721197655,0.6413922407572158,0.7615828054942709,extratrees
2021_16_WAS_DAL,2021,16,2021-12-26,DAL,WAS,10.5,45.5,0.7930283629175197,1,0.7609138174597916,0.7876424607132372,0.7930283629175197,extratrees
2021_16_LAC_HOU,2021,16,2021-12-26,HOU,LAC,-13.5,46.0,0.1609900571186799,1,0.2693705364752981,0.15697184160447403,0.1609900571186799,extratrees
2021_16_PIT_KC,2021,16,2021-12-26,KC,PIT,10.5,44.0,0.7739602169981917,1,0.8235292384757336,0.8631851561161906,0.7739602169981917,extratrees
2021_16_DEN_LV,2021,16,2021-12-26,LV,DEN,-1.0,42.0,0.4919235739339118,1,0.5110939723648038,0.4416596401037005,0.4919235739339118,extratrees
2021_16_LA_MIN,2021,16,2021-12-26,MIN,LA,-3.5,48.5,0.3775590873156503,0,0.4561806771106599,0.36820418899872265,0.3775590873156503,extratrees
2021_16_BUF_NE,2021,16,2021-12-26,NE,BUF,1.0,43.5,0.5183217790582515,0,0.5627329595025271,0.513519495024526,0.5183217790582515,extratrees
2021_16_JAX_NYJ,2021,16,2021-12-26,NYJ,JAX,2.5,42.5,0.5431472081218274,1,0.582371771454768,0.5412761991962963,0.5431472081218274,extratrees
2021_16_NYG_PHI,2021,16,2021-12-26,PHI,NYG,11.0,41.0,0.812721815973132,1,0.8051414088510586,0.8419872798071538,0.812721815973132,extratrees
2021_16_CHI_SEA,2021,16,2021-12-26,SEA,CHI,7.0,41.0,0.7360752537000588,0,0.7334230374938566,0.7518754058287174,0.7360752537000588,extratrees
2021_16_MIA_NO,2021,16,2021-12-27,NO,MIA,-3.0,37.5,0.40073982737361286,0,0.4813847131597336,0.40145055034604754,0.40073982737361286,extratrees
2021_17_LA_BAL,2021,17,2022-01-02,BAL,LA,-7.0,47.0,0.26605339105339104,0,0.32082372898161327,0.20800989365823247,0.26605339105339104,extratrees
2021_17_ATL_BUF,2021,17,2022-01-02,BUF,ATL,14.0,46.5,0.8667261434992967,1,0.864202627423402,0.9065768364694554,0.8667261434992967,extratrees
2021_17_NYG_CHI,2021,17,2022-01-02,CHI,NYG,7.0,36.5,0.718984860037033,1,0.6267840031464977,0.6043290062888805,0.718984860037033,extratrees
2021_17_KC_CIN,2021,17,2022-01-02,CIN,KC,-3.5,51.0,0.3779947243901776,1,0.40438491287072464,0.3029107520499445,0.3779947243901776,extratrees
2021_17_ARI_DAL,2021,17,2022-01-02,DAL,ARI,6.5,53.0,0.7016893283889576,0,0.7206816330200645,0.7348779943949895,0.7016893283889576,extratrees
2021_17_MIN_GB,2021,17,2022-01-02,GB,MIN,13.0,42.0,0.8454571731380673,1,0.7813645003414622,0.8133140267716811,0.8454571731380673,extratrees
2021_17_LV_IND,2021,17,2022-01-02,IND,LV,8.5,46.5,0.7724619434588531,0,0.7858229359694602,0.8187915848442413,0.7724619434588531,extratrees
2021_17_DEN_LAC,2021,17,2022-01-02,LAC,DEN,8.0,45.5,0.7484276729559749,1,0.676528158152745,0.6743820417623774,0.7484276729559749,extratrees
2021_17_JAX_NE,2021,17,2022-01-02,NE,JAX,17.5,42.0,0.8831038555503422,1,0.8980562679935782,0.9384192711518369,0.8831038555503422,extratrees
2021_17_CAR_NO,2021,17,2022-01-02,NO,CAR,7.0,37.0,0.7133174989788355,1,0.6643788097537943,0.6574038067777503,0.7133174989788355,extratrees
2021_17_TB_NYJ,2021,17,2022-01-02,NYJ,TB,-14.5,48.0,0.1336344710670326,0,0.2581822895858431,0.14667699350202415,0.1336344710670326,extratrees
2021_17_DET_SEA,2021,17,2022-01-02,SEA,DET,8.5,41.5,0.7734629300912957,1,0.7749386002105848,0.8053420659021416,0.7734629300912957,extratrees
2021_17_HOU_SF,2021,17,2022-01-02,SF,HOU,14.0,44.0,0.8284147182041719,1,0.7176539714111166,0.7308044321542506,0.8284147182041719,extratrees
2021_17_MIA_TEN,2021,17,2022-01-02,TEN,MIA,3.0,41.0,0.6124587340318646,1,0.582489453116583,0.5414429477852191,0.6124587340318646,extratrees
2021_17_PHI_WAS,2021,17,2022-01-02,WAS,PHI,-6.5,44.5,0.3169899088419552,0,0.28691804675296106,0.173703681461086,0.3169899088419552,extratrees
2021_17_CLE_PIT,2021,17,2022-01-03,PIT,CLE,-1.0,43.5,0.47499179161650434,1,0.4589294020081382,0.37178712503719724,0.47499179161650434,extratrees
2021_18_KC_DEN,2021,18,2022-01-08,DEN,KC,-11.5,44.5,0.1790281329923274,0,0.2255862028295908,0.11837487868354736,0.1790281329923274,extratrees
2021_18_DAL_PHI,2021,18,2022-01-08,PHI,DAL,-6.5,46.0,0.2846975088967971,0,0.37793993447570345,0.27137882069750086,0.2846975088967971,extratrees
2021_18_SEA_ARI,2021,18,2022-01-09,ARI,SEA,5.5,48.0,0.6704377766847024,0,0.621418350599653,0.5967137935538682,0.6704377766847024,extratrees
2021_18_NO_ATL,2021,18,2022-01-09,ATL,NO,-4.5,40.0,0.33941312975774796,0,0.3814690800704603,0.27551050830263535,0.33941312975774796,extratrees
2021_18_PIT_BAL,2021,18,2022-01-09,BAL,PIT,3.0,41.0,0.5882115462252725,0,0.5789921170120075,0.5364892083360455,0.5882115462252725,extratrees
2021_18_NYJ_BUF,2021,18,2022-01-09,BUF,NYJ,16.0,43.0,0.8872651356993738,1,0.8885063298224399,0.9298719935556082,0.8872651356993738,extratrees
2021_18_CIN_CLE,2021,18,2022-01-09,CLE,CIN,6.5,38.0,0.6957699520733487,1,0.5634452795607454,0.5145233512680574,0.6957699520733487,extratrees
2021_18_GB_DET,2021,18,2022-01-09,DET,GB,-4.0,45.0,0.36341238065906994,1,0.2636116057131629,0.15163616504139854,0.36341238065906994,extratrees
2021_18_TEN_HOU,2021,18,2022-01-09,HOU,TEN,-10.5,43.0,0.18711018711018712,0,0.285452170360302,0.17227884269821797,0.18711018711018712,extratrees
2021_18_IND_JAX,2021,18,2022-01-09,JAX,IND,-14.0,43.0,0.12790697674418605,1,0.20458960495024606,0.1015029147313954,0.12790697674418605,extratrees
2021_18_SF_LA,2021,18,2022-01-09,LA,SF,3.0,46.5,0.6115107913669064,0,0.6093187323736836,0.5795278386795131,0.6115107913669064,extratrees
2021_18_LAC_LV,2021,18,2022-01-09,LV,LAC,-3.5,48.0,0.37889039242219213,1,0.392670370719106,0.28878164818110985,0.37889039242219213,extratrees
2021_18_NE_MIA,2021,18,2022-01-09,MIA,NE,-6.0,41.0,0.3181818181818181,1,0.38134241862031343,0.275361806232729,0.3181818181818181,extratrees
2021_18_CHI_MIN,2021,18,2022-01-09,MIN,CHI,3.5,45.5,0.6301020408163266,1,0.5723243732847713,0.5270563504277491,0.6301020408163266,extratrees
2021_18_WAS_NYG,2021,18,2022-01-09,NYG,WAS,-6.0,36.0,0.3169899088419552,0,0.38764583374552586,0.2827992932265434,0.3169899088419552,extratrees
2021_18_CAR_TB,2021,18,2022-01-09,TB,CAR,11.0,43.0,0.798845836768343,1,0.8487902912192296,0.8907429522680604,0.798845836768343,extratrees
2021_19_NE_BUF,2021,19,2022-01-15,BUF,NE,4.5,43.0,0.6545399304578752,1,0.6512761194416696,0.6389814316903746,0.6545399304578752,extratrees
2021_19_LV_CIN,2021,19,2022-01-15,CIN,LV,6.0,48.5,0.691138880999716,1,0.627959490403937,0.6059965427093492,0.691138880999716,extratrees
2021_19_SF_DAL,2021,19,2022-01-16,DAL,SF,3.0,51.0,0.6013875365141188,0,0.6203939815805537,0.5952593933966567,0.6013875365141188,extratrees
2021_19_PIT_KC,2021,19,2022-01-16,KC,PIT,13.0,46.0,0.8447102101575499,1,0.800694741705071,0.836728641369558,0.8447102101575499,extratrees
2021_19_PHI_TB,2021,19,2022-01-16,TB,PHI,7.5,45.5,0.7537267892947433,1,0.7239256287683333,0.7392283149256738,0.7537267892947433,extratrees
2021_19_ARI_LA,2021,19,2022-01-17,LA,ARI,4.0,49.5,0.6233902972381955,1,0.626701964209284,0.6042126150384697,0.6233902972381955,extratrees
2021_20_SF_GB,2021,20,2022-01-22,GB,SF,5.5,47.0,0.7033884379005488,0,0.679197751902055,0.6780969949742283,0.7033884379005488,extratrees
2021_20_CIN_TEN,2021,20,2022-01-22,TEN,CIN,4.0,48.5,0.6392711044998141,0,0.6429672008588396,0.6272513616375943,0.6392711044998141,extratrees
2021_20_BUF_KC,2021,20,2022-01-23,KC,BUF,2.5,54.0,0.5649948822927329,1,0.575311386017035,0.5312800612487651,0.5649948822927329,extratrees
2021_20_LA_TB,2021,20,2022-01-23,TB,LA,2.5,48.0,0.5775497887748944,0,0.5790774656843843,0.5366100528967066,0.5775497887748944,extratrees
2021_21_CIN_KC,2021,21,2022-01-30,KC,CIN,7.0,54.5,0.7272727272727274,0,0.7021113109172099,0.7097033601995294,0.7272727272727274,extratrees
2021_21_SF_LA,2021,21,2022-01-30,LA,SF,3.5,45.5,0.6211096075778079,1,0.5906369027750825,0.5529962464253089,0.6211096075778079,extratrees
2021_22_LA_CIN,2021,22,2022-02-13,CIN,LA,-4.5,48.5,0.3698979591836735,0,0.40346343324126066,0.3017902820889483,0.3698979591836735,extratrees
2022_01_BUF_LA,2022,1,2022-09-08,LA,BUF,-1.0,51.5,0.47377843762281124,0,0.5361713206476245,0.5000088056818505,0.47377843762281124,extratrees
2022_01_KC_ARI,2022,1,2022-09-11,ARI,KC,-6.0,54.0,0.30320780070978187,0,0.30076508076599523,0.27895225534179163,0.30320780070978187,extratrees
2022_01_NO_ATL,2022,1,2022-09-11,ATL,NO,-6.0,43.5,0.3233821035611469,0,0.3373762404878017,0.3126731719295365,0.3233821035611469,extratrees
2022_01_CLE_CAR,2022,1,2022-09-11,CAR,CLE,2.5,42.5,0.5431472081218274,0,0.4438954009639054,0.41200057936946516,0.5431472081218274,extratrees
2022_01_SF_CHI,2022,1,2022-09-11,CHI,SF,-6.5,38.0,0.30683501446004086,1,0.3105631220029086,0.2879601185708187,0.30683501446004086,extratrees
2022_01_PIT_CIN,2022,1,2022-09-11,CIN,PIT,7.5,44.5,0.7331798681594643,0,0.69617213390077,0.6586565294105938,0.7331798681594643,extratrees
2022_01_TB_DAL,2022,1,2022-09-11,DAL,TB,-2.5,49.5,0.4433028919330289,0,0.4779666402244253,0.44425237540112256,0.4433028919330289,extratrees
2022_01_PHI_DET,2022,1,2022-09-11,DET,PHI,-6.0,49.0,0.312960235640648,0,0.34574544317477285,0.3204072752106948,0.312960235640648,extratrees
2022_01_LV_LAC,2022,1,2022-09-11,LAC,LV,3.5,52.5,0.6265670845558816,1,0.5764325614587545,0.5391251124340081,0.6265670845558816,extratrees
2022_01_NE_MIA,2022,1,2022-09-11,MIA,NE,3.0,47.0,0.5933014354066986,1,0.5725041541651574,0.5352870231389871,0.5933014354066986,extratrees
2022_01_GB_MIN,2022,1,2022-09-11,MIN,GB,2.5,47.0,0.5419847328244275,1,0.5209140427142307,0.48530696995814343,0.5419847328244275,extratrees
2022_01_BAL_NYJ,2022,1,2022-09-11,NYJ,BAL,-6.5,44.0,0.29384534879040375,0,0.29005794544673447,0.2691211637303727,0.29384534879040375,extratrees
2022_01_NYG_TEN,2022,1,2022-09-11,TEN,NYG,5.5,43.5,0.685385750480274,0,0.7473958381947557,0.7115431906739909,0.685385750480274,extratrees
2022_01_JAX_WAS,2022,1,2022-09-11,WAS,JAX,3.0,43.5,0.5986798270759409,1,0.5764676622330773,0.5391594277758259,0.5986798270759409,extratrees
2022_01_DEN_SEA,2022,1,2022-09-12,SEA,DEN,-6.0,44.0,0.3029704839803284,1,0.4457406508196487,0.4137405940565924,0.3029704839803284,extratrees
2022_02_LAC_KC,2022,2,2022-09-15,KC,LAC,4.0,52.5,0.6354245784596689,1,0.6655670712203561,0.6275978639985936,0.6354245784596689,extratrees
2022_02_MIA_BAL,2022,2,2022-09-18,BAL,MIA,3.0,44.0,0.6063931297709924,0,0.6223259585778006,0.5843318560766044,0.6063931297709924,extratrees
2022_02_NYJ_CLE,2022,2,2022-09-18,CLE,NYJ,6.5,38.5,0.6829002792370676,0,0.7502946151441474,0.7145726748614534,0.6829002792370676,extratrees
2022_02_CIN_DAL,2022,2,2022-09-18,DAL,CIN,-7.5,42.0,0.26978176462712544,1,0.39477428868664116,0.3659394428230439,0.26978176462712544,extratrees
2022_02_HOU_DEN,2022,2,2022-09-18,DEN,HOU,10.5,46.0,0.8025629436811645,1,0.6702338810593008,0.6323095179643368,0.8025629436811645,extratrees
2022_02_WAS_DET,2022,2,2022-09-18,DET,WAS,-1.0,48.5,0.48044542229805576,1,0.4527197025546798,0.420328389351039,0.48044542229805576,extratrees
2022_02_CHI_GB,2022,2,2022-09-18,GB,CHI,10.5,42.0,0.7834776815456361,1,0.6743175937154933,0.636439514878638,0.7834776815456361,extratrees
2022_02_IND_JAX,2022,2,2022-09-18,JAX,IND,-3.0,43.5,0.4034916946651176,1,0.34203173720776436,0.31697411911858886,0.4034916946651176,extratrees
2022_02_ATL_LA,2022,2,2022-09-18,LA,ATL,10.5,46.5,0.8001430041331682,1,0.7544057470755816,0.7188762930703219,0.8001430041331682,extratrees
2022_02_ARI_LV,2022,2,2022-09-18,LV,ARI,5.5,51.5,0.6721843886695558,0,0.6115480766137595,0.5736522257625597,0.6721843886695558,extratrees
2022_02_TB_NO,2022,2,2022-09-18,NO,TB,-2.5,44.0,0.43500511770726713,0,0.46992419752241593,0.43661526511716553,0.43500511770726713,extratrees
2022_02_CAR_NYG,2022,2,2022-09-18,NYG,CAR,-1.0,44.0,0.48044542229805576,1,0.5471718248586706,0.5106492516940303,0.48044542229805576,extratrees
2022_02_NE_PIT,2022,2,2022-09-18,PIT,NE,-3.0,40.0,0.41493775933609955,0,0.5363899127578646,0.5002199088697442,0.41493775933609955,extratrees
2022_02_SEA_SF,2022,2,2022-09-18,SF,SEA,8.5,40.0,0.7678386211843623,1,0.6401354596269445,0.6020683813774577,0.7678386211843623,extratrees
2022_02_TEN_BUF,2022,2,2022-09-19,BUF,TEN,10.0,47.5,0.7739261492087415,1,0.7614281645681128,0.7262470827454449,0.7739261492087415,extratrees
2022_02_MIN_PHI,2022,2,2022-09-19,PHI,MIN,2.5,49.5,0.5704635785196144,1,0.5939010346699196,0.556250771504726,0.5704635785196144,extratrees
2022_03_PIT_CLE,2022,3,2022-09-22,CLE,PIT,4.5,38.0,0.6557852820085941,1,0.6342753031917797,0.5962197085699318,0.6557852820085941,extratrees
2022_03_LA_ARI,2022,3,2022-09-25,ARI,LA,-3.5,49.0,0.38514560209200854,0,0.38982823272560313,0.3613274368221102,0.38514560209200854,extratrees
2022_03_NO_CAR,2022,3,2022-09-25,CAR,NO,-2.0,41.0,0.46097238299983456,1,0.41288260235649976,0.3828637749582161,0.46097238299983456,extratrees
2022_03_HOU_CHI,2022,3,2022-09-25,CHI,HOU,3.0,40.0,0.5949110703209063,1,0.5852561614882738,0.5477634228780853,0.5949110703209063,extratrees
2022_03_SF_DEN,2022,3,2022-09-25,DEN,SF,-1.0,44.0,0.489612188365651,1,0.457650394729705,0.42498919663476903,0.489612188365651,extratrees
2022_03_KC_IND,2022,3,2022-09-25,IND,KC,-4.5,51.0,0.35166954823988805,1,0.29988927940657784,0.2781476313206305,0.35166954823988805,extratrees
2022_03_JAX_LAC,2022,3,2022-09-25,LAC,JAX,6.5,46.0,0.696132596685083,0,0.6293695523167406,0.5913330765366759,0.696132596685083,extratrees
2022_03_BUF_MIA,2022,3,2022-09-25,MIA,BUF,-4.0,54.0,0.35449101796407184,1,0.4249482154350524,0.39417598260847986,0.35449101796407184,extratrees
2022_03_DET_MIN,2022,3,2022-09-25,MIN,DET,6.5,52.0,0.7069937235814012,1,0.6797695094358851,0.6419635961773968,0.7069937235814012,extratrees
2022_03_BAL_NE,2022,3,2022-09-25,NE,BAL,-2.5,45.5,0.4259645555419216,0,0.5154002729669959,0.4800095184597795,0.4259645555419216,extratrees
2022_03_CIN_NYJ,2022,3,2022-09-25,NYJ,CIN,-6.5,46.0,0.3050817654299279,0,0.3649420261180465,0.33818733890859226,0.3050817654299279,extratrees
2022_03_ATL_SEA,2022,3,2022-09-25,SEA,ATL,1.0,43.0,0.5023229882921391,0,0.5723954074709104,0.5351808444739259,0.5023229882921391,extratrees
2022_03_GB_TB,2022,3,2022-09-25,TB,GB,1.0,41.5,0.5390276170001653,0,0.6083474515804067,0.5704884248414794,0.5390276170001653,extratrees
2022_03_LV_TEN,2022,3,2022-09-25,TEN,LV,-1.5,45.5,0.4491310290958797,1,0.529252157279931,0.493333586880285,0.4491310290958797,extratrees
2022_03_PHI_WAS,2022,3,2022-09-25,WAS,PHI,-6.0,47.0,0.3136531365313653,0,0.34131611023268643,0.3163127873963529,0.3136531365313653,extratrees
2022_03_DAL_NYG,2022,3,2022-09-26,NYG,DAL,1.0,38.5,0.5327102803738317,0,0.46612876635474443,0.4330164148426291,0.5327102803738317,extratrees
2022_04_MIA_CIN,2022,4,2022-09-29,CIN,MIA,4.0,48.5,0.6379977530895019,1,0.5539931811425326,0.5172648362727175,0.6379977530895019,extratrees
2022_04_CLE_ATL,2022,4,2022-10-02,ATL,CLE,-1.0,48.0,0.4953533757725013,1,0.45650212976349586,0.42390329400788,0.4953533757725013,extratrees
2022_04_BUF_BAL,2022,4,2022-10-02,BAL,BUF,-3.0,50.0,0.3837038708949329,0,0.41189568896942474,0.3819397672031299,0.3837038708949329,extratrees
2022_04_ARI_CAR,2022,4,2022-10-02,CAR,ARI,1.0,44.0,0.5172913928296243,0,0.5358773299210458,0.4997249081793577,0.5172913928296243,extratrees
2022_04_WAS_DAL,2022,4,2022-10-02,DAL,WAS,3.0,40.5,0.5933014354066986,1,0.6396646132441863,0.6015979969925915,0.5933014354066986,extratrees
2022_04_SEA_DET,2022,4,2022-10-02,DET,SEA,3.0,48.5,0.6119390066215612,0,0.5603720734328446,0.523463675850657,0.6119390066215612,extratrees
2022_04_NE_GB,2022,4,2022-10-02,GB,NE,10.0,40.5,0.7883116369247813,1,0.7634794649680599,0.7284048698079563,0.7883116369247813,extratrees
2022_04_LAC_HOU,2022,4,2022-10-02,HOU,LAC,-5.5,45.0,0.3187935477713086,0,0.40205452951352727,0.3727361979642932,0.3187935477713086,extratrees
2022_04_TEN_IND,2022,4,2022-10-02,IND,TEN,4.5,43.0,0.6546257501981656,0,0.6148179493274764,0.5768880712807882,0.6546257501981656,extratrees
2022_04_DEN_LV,2022,4,2022-10-02,LV,DEN,2.5,45.5,0.5642421122306391,1,0.5285131394624828,0.4926214089686694,0.5642421122306391,extratrees
2022_04_MIN_NO,2022,4,2022-10-02,NO,MIN,-4.0,42.0,0.35166954823988805,0,0.3863005180463293,0.35804068331196004,0.35166954823988805,extratrees
2022_04_CHI_NYG,2022,4,2022-10-02,NYG,CHI,3.0,39.0,0.5757997218358832,1,0.5264878665168073,0.4906704604508037,0.5757997218358832,extratrees
2022_04_JAX_PHI,2022,4,2022-10-02,PHI,JAX,6.5,44.0,0.6990396320844041,1,0.693848757587691,0.6562852363348739,0.6990396320844041,extratrees
2022_04_NYJ_PIT,2022,4,2022-10-02,PIT,NYJ,3.0,41.0,0.6018002898771837,0,0.6594786430618277,0.6214636727298596,0.6018002898771837,extratrees
2022_04_KC_TB,2022,4,2022-10-02,TB,KC,1.0,46.5,0.5419847328244275,0,0.5607325935140423,0.5238143808750393,0.5419847328244275,extratrees
2022_04_LA_SF,2022,4,2022-10-03,SF,LA,1.0,42.0,0.5399277029247453,1,0.5139931530800803,0.4786589032493055,0.5399277029247453,extratrees
2022_05_IND_DEN,2022,5,2022-10-06,DEN,IND,3.5,42.0,0.6238261481421341,0,0.5942424019858346,0.5565864135757754,0.6238261481421341,extratrees
2022_05_PHI_ARI,2022,5,2022-10-09,ARI,PHI,-5.5,48.5,0.32886673747855216,0,0.386247499165683,0.3579913028827209,0.32886673747855216,extratrees
2022_05_CIN_BAL,2022,5,2022-10-09,BAL,CIN,3.0,47.5,0.6114139890963924,1,0.5773791519201131,0.540050655828041,0.6114139890963924,extratrees
2022_05_PIT_BUF,2022,5,2022-10-09,BUF,PIT,14.0,44.0,0.8549293271728136,1,0.8512344037139625,0.8229532672409847,0.8549293271728136,extratrees
2022_05_SF_CAR,2022,5,2022-10-09,CAR,SF,-6.0,40.0,0.31808312064302313,0,0.343165792727512,0.3180222867697269,0.31808312064302313,extratrees
2022_05_LAC_CLE,2022,5,2022-10-09,CLE,LAC,-1.0,47.0,0.48044542229805576,0,0.5001234069342395,0.46537388442099153,0.48044542229805576,extratrees
2022_05_NYG_GB,2022,5,2022-10-09,GB,NYG,8.5,42.0,0.7749165560874428,0,0.7025841022397251,0.6652126126196819,0.7749165560874428,extratrees
2022_05_HOU_JAX,2022,5,2022-10-09,JAX,HOU,7.0,44.0,0.730924978687127,0,0.7353921773662137,0.6990416004197638,0.730924978687127,extratrees
2022_05_DAL_LA,2022,5,2022-10-09,LA,DAL,5.5,42.0,0.6697626418988648,0,0.6287585362932577,0.5907250426656457,0.6697626418988648,extratrees
2022_05_CHI_MIN,2022,5,2022-10-09,MIN,CHI,10.0,44.0,0.7701094942408874,1,0.7376573303747082,0.7013954397595834,0.7701094942408874,extratrees
2022_05_DET_NE,2022,5,2022-10-09,NE,DET,3.0,46.5,0.5816746508332771,1,0.574954508648451,0.5376804807314257,0.5816746508332771,extratrees
2022_05_SEA_NO,2022,5,2022-10-09,NO,SEA,5.5,45.5,0.6769093283838592,1,0.6204095825527787,0.5824300178302602,0.6769093283838592,extratrees
2022_05_MIA_NYJ,2022,5,2022-10-09,NYJ,MIA,-3.0,46.0,0.3966571791921516,1,0.3600731363623068,0.33367223205314117,0.3966571791921516,extratrees
2022_05_ATL_TB,2022,5,2022-10-09,TB,ATL,10.5,46.0,0.7868489845163884,1,0.7506878568365258,0.7149839663441794,0.7868489845163884,extratrees
2022_05_TEN_WAS,2022,5,2022-10-09,WAS,TEN,-1.0,43.0,0.48837209302325585,0,0.4666550416577196,0.43351523165940714,0.48837209302325585,extratrees
2022_05_LV_KC,2022,5,2022-10-10,KC,LV,7.5,51.5,0.7408832128019694,1,0.7680858155004736,0.7332582408146527,0.7408832128019694,extratrees
2022_06_WAS_CHI,2022,6,2022-10-13,CHI,WAS,-1.0,38.5,0.4672897196261682,0,0.514593031870381,0.4792346288648222,0.4672897196261682,extratrees
2022_06_SF_ATL,2022,6,2022-10-16,ATL,SF,-3.5,46.0,0.36674816625916873,1,0.412632298696132,0.38262940752441926,0.36674816625916873,extratrees
2022_06_NE_CLE,2022,6,2022-10-16,CLE,NE,2.5,43.0,0.5697382574399427,0,0.5778350040793191,0.5404964719294392,0.5697382574399427,extratrees
2022_06_NYJ_GB,2022,6,2022-10-16,GB,NYJ,7.5,44.5,0.7603858721020694,0,0.7252768157233538,0.6885595068651256,0.7603858721020694,extratrees
2022_06_JAX_IND,2022,6,2022-10-16,IND,JAX,1.0,41.0,0.5357590966122961,1,0.5724509486985899,0.5352350736526992,0.5357590966122961,extratrees
2022_06_BUF_KC,2022,6,2022-10-16,KC,BUF,-2.5,54.0,0.4207141879874127,0,0.5391444790127334,0.5028812574492518,0.4207141879874127,extratrees
2022_06_CAR_LA,2022,6,2022-10-16,LA,CAR,10.0,41.5,0.7810116153488234,1,0.7235991318584194,0.6868255667935287,0.7810116153488234,extratrees
2022_06_MIN_MIA,2022,6,2022-10-16,MIA,MIN,-3.0,45.0,0.3794411866160745,0,0.49066392624631694,0.4563414907818793,0.3794411866160745,extratrees
2022_06_CIN_NO,2022,6,2022-10-16,NO,CIN,-3.0,42.5,0.39360687022900764,0,0.48128142145243075,0.4474045950125783,0.39360687022900764,extratrees
2022_06_BAL_NYG,2022,6,2022-10-16,NYG,BAL,-5.5,46.0,0.31808312064302313,1,0.38517890559438406,0.35699614876989805,0.31808312064302313,extratrees
2022_06_DAL_PHI,2022,6,2022-10-16,PHI,DAL,6.5,42.5,0.723912553527158,1,0.6792047533643191,0.6413908094604659,0.723912553527158,extratrees
2022_06_TB_PIT,2022,6,2022-10-16,PIT,TB,-10.0,47.0,0.22937728315351283,1,0.2656209310044435,0.24672718621145687,0.22937728315351283,extratrees
2022_06_ARI_SEA,2022,6,2022-10-16,SEA,ARI,-2.5,50.0,0.43762053107847504,1,0.4837564696902919,0.44975999894786506,0.43762053107847504,extratrees
2022_06_DEN_LAC,2022,6,2022-10-17,LAC,DEN,3.5,45.5,0.6336902505251294,1,0.6272091554472208,0.5891838169445263,0.6336902505251294,extratrees
2022_07_NO_ARI,2022,7,2022-10-20,ARI,NO,2.5,44.0,0.5686556434219986,1,0.575868182499151,0.5385734149031546,0.5686556434219986,extratrees
2022_07_CLE_BAL,2022,7,2022-10-23,BAL,CLE,6.5,46.0,0.7174723389148571,1,0.6710234107946205,0.6331074810690517,0.7174723389148571,extratrees
2022_07_TB_CAR,2022,7,2022-10-23,CAR,TB,-13.0,39.5,0.15527950310559005,1,0.23493199954407748,0.21867296199840475,0.15527950310559005,extratrees
2022_07_ATL_CIN,2022,7,2022-10-23,CIN,ATL,6.5,47.5,0.7098956093365133,1,0.682162976074422,0.64439253102215,0.7098956093365133,extratrees
2022_07_DET_DAL,2022,7,2022-10-23,DAL,DET,7.0,49.5,0.7149278269657159,1,0.6842600182902517,0.6465225643788093,0.7149278269657159,extratrees
2022_07_NYJ_DEN,2022,7,2022-10-23,DEN,NYJ,-2.0,37.0,0.453954604539546,0,0.45349649565828026,0.4210623021212892,0.453954604539546,extratrees
2022_07_NYG_JAX,2022,7,2022-10-23,JAX,NYG,3.0,44.0,0.6069415603678434,0,0.5717772154713565,0.5345773201066475,0.6069415603678434,extratrees
2022_07_SEA_LAC,2022,7,2022-10-23,LAC,SEA,5.5,51.5,0.6679400834834022,0,0.6358970511656409,0.5978370346375551,0.6679400834834022,extratrees
2022_07_HOU_LV,2022,7,2022-10-23,LV,HOU,7.0,46.0,0.7429694587239188,1,0.6562186729717231,0.6181850580209632,0.7429694587239188,extratrees
2022_07_PIT_MIA,2022,7,2022-10-23,MIA,PIT,7.5,44.5,0.7264615702621697,1,0.6426546463002926,0.604586473401695,0.7264615702621697,extratrees
2022_07_KC_SF,2022,7,2022-10-23,SF,KC,-1.0,49.0,0.497677011707861,0,0.5063607855590159,0.47134211550133265,0.497677011707861,extratrees
2022_07_IND_TEN,2022,7,2022-10-23,TEN,IND,2.5,43.0,0.5740354444580784,1,0.5988713501569283,0.5611414826506625,0.5740354444580784,extratrees
2022_07_GB_WAS,2022,7,2022-10-23,WAS,GB,-4.0,41.5,0.35656010152897805,1,0.34926541732226857,0.3236632361846639,0.35656010152897805,extratrees
2022_07_CHI_NE,2022,7,2022-10-24,NE,CHI,9.5,40.0,0.7728364052746279,0,0.7112341370712073,0.6740851301700078,0.7728364052746279,extratrees
2022_08_BAL_TB,2022,8,2022-10-27,TB,BAL,2.0,46.0,0.5480494766888677,0,0.5774391348223704,0.5401093144406898,0.5480494766888677,extratrees
2022_08_CAR_ATL,2022,8,2022-10-30,ATL,CAR,4.5,41.0,0.6499104422061458,1,0.6176337390753212,0.5796774923469394,0.6499104422061458,extratrees
2022_08_GB_BUF,2022,8,2022-10-30,BUF,GB,10.5,47.0,0.7915272066558287,1,0.8168352833180663,0.7853345163799694,0.7915272066558287,extratrees
2022_08_CHI_DAL,2022,8,2022-10-30,DAL,CHI,10.5,43.0,0.7868489845163884,1,0.7766299467565271,0.742289964852125,0.7868489845163884,extratrees
2022_08_MIA_DET,2022,8,2022-10-30,DET,MIA,-3.5,52.0,0.36200224691049804,0,0.38016223724199166,0.3523269463689685,0.36200224691049804,extratrees
2022_08_TEN_HOU,2022,8,2022-10-30,HOU,TEN,-1.0,39.0,0.478202846975089,0,0.42342280445768,0.3927442029146722,0.478202846975089,extratrees
2022_08_WAS_IND,2022,8,2022-10-30,IND,WAS,3.0,40.5,0.586736037934668,0,0.5708610188124218,0.5336830778028583,0.586736037934668,extratrees
2022_08_DEN_JAX,2022,8,2022-10-30,JAX,DEN,1.0,41.0,0.5046466242274987,0,0.5283919228457722,0.49250460910203225,0.5046466242274987,extratrees
2022_08_SF_LA,2022,8,2022-10-30,LA,SF,-1.0,42.0,0.5023229882921391,0,0.519735191109949,0.48417368185992443,0.5023229882921391,extratrees
2022_08_ARI_MIN,2022,8,2022-10-30,MIN,ARI,4.0,48.5,0.648330451760112,1,0.6511713987930942,0.6131168786224889,0.648330451760112,extratrees
2022_08_LV_NO,2022,8,2022-10-30,NO,LV,-1.0,48.5,0.46943325045014145,1,0.4610433785561837,0.4281996556210759,0.46943325045014145,extratrees
2022_08_NE_NYJ,2022,8,2022-10-30,NYJ,NE,-3.0,40.0,0.4066985645933015,0,0.47412873808057787,0.4406059842893676,0.4066985645933015,extratrees
2022_08_PIT_PHI,2022,8,2022-10-30,PHI,PIT,11.0,43.0,0.8049780187088884,1,0.806062953851595,0.7737093811561627,0.8049780187088884,extratrees
2022_08_NYG_SEA,2022,8,2022-10-30,SEA,NYG,3.0,44.5,0.6054283493752616,1,0.5765544932281536,0.5392443174441035,0.6054283493752616,extratrees
2022_08_CIN_CLE,2022,8,2022-10-31,CLE,CIN,-3.0,45.0,0.3951262751461066,1,0.38063393228009645,0.3527657829486562,0.3951262751461066,extratrees
2022_09_PHI_HOU,2022,9,2022-11-03,HOU,PHI,-14.0,45.5,0.15167045527612721,0,0.2339691740177842,0.2177937593216724,0.15167045527612721,extratrees
2022_09_SEA_ARI,2022,9,2022-11-06,ARI,SEA,1.5,49.5,0.5480494766888677,0,0.5106710262462533,0.47547225906968194,0.5480494766888677,extratrees
2022_09_LAC_ATL,2022,9,2022-11-06,ATL,LAC,-2.5,49.5,0.4248994579471935,0,0.47902268491262345,0.4452563425264342,0.4248994579471935,extratrees
2022_09_MIA_CHI,2022,9,2022-11-06,CHI,MIA,-4.0,46.0,0.3582082253410925,0,0.43053144758291845,0.3994205854056382,0.3582082253410925,extratrees
2022_09_CAR_CIN,2022,9,2022-11-06,CIN,CAR,7.0,43.0,0.745785705017046,1,0.7604902370294708,0.7252611818886782,0.745785705017046,extratrees
2022_09_GB_DET,2022,9,2022-11-06,DET,GB,-4.0,49.5,0.36072889550018594,1,0.3524686046962192,0.326627806247745,0.36072889550018594,extratrees
2022_09_LV_JAX,2022,9,2022-11-06,JAX,LV,-2.5,47.5,0.451107083760145,1,0.43194818921966965,0.40075242779381437,0.451107083760145,extratrees
2022_09_TEN_KC,2022,9,2022-11-06,KC,TEN,14.0,45.0,0.8461898356629043,1,0.732928443208345,0.6964841519259473,0.8461898356629043,extratrees
2022_09_IND_NE,2022,9,2022-11-06,NE,IND,5.0,40.0,0.6618106139438086,1,0.6870744947408003,0.6493841489972708,0.6618106139438086,extratrees
2022_09_BUF_NYJ,2022,9,2022-11-06,NYJ,BUF,-11.0,46.0,0.19386422976501305,1,0.28364256368985086,0.26323654769227733,0.19386422976501305,extratrees
2022_09_LA_TB,2022,9,2022-11-06,TB,LA,3.0,43.0,0.5971016303329377,1,0.5762997754204813,0.5389953011498915,0.5971016303329377,extratrees
2022_09_MIN_WAS,2022,9,2022-11-06,WAS,MIN,-3.0,43.5,0.3880609933784388,0,0.39941325247596887,0.3702691860999659,0.3880609933784388,extratrees
2022_09_BAL_NO,2022,9,2022-11-07,NO,BAL,-1.0,46.0,0.4600722970752547,0,0.434938336836859,0.4035647690284812,0.4600722970752547,extratrees
2022_10_ATL_CAR,2022,10,2022-11-10,CAR,ATL,-2.5,41.5,0.4452291394795425,1,0.4276961089539881,0.39675640956846153,0.4452291394795425,extratrees
2022_10_MIN_BUF,2022,10,2022-11-13,BUF,MIN,6.5,47.0,0.7053108808290155,0,0.6944077402076709,0.6568555397017444,0.7053108808290155,extratrees
2022_10_DET_CHI,2022,10,2022-11-13,CHI,DET,3.0,48.5,0.5986798270759409,0,0.5769780704869214,0.5396584582085119,0.5986798270759409,extratrees
2022_10_DAL_GB,2022,10,2022-11-13,GB,DAL,-3.5,44.5,0.35166954823988805,1,0.3501546308903702,0.32448605157066285,0.35166954823988805,extratrees
2022_10_JAX_KC,2022,10,2022-11-13,KC,JAX,10.0,51.5,0.7758985390740433,1,0.8457461751185875,0.8168978279534207,0.7758985390740433,extratrees
2022_10_ARI_LA,2022,10,2022-11-13,LA,ARI,3.5,38.0,0.6270426989984186,0,0.5790102433654075,0.5416461365020315,0.6270426989984186,extratrees
2022_10_IND_LV,2022,10,2022-11-13,LV,IND,4.5,41.0,0.648330451760112,0,0.6213185396134258,0.583331920077711,0.648330451760112,extratrees
2022_10_CLE_MIA,2022,10,2022-11-13,MIA,CLE,3.0,49.0,0.6224409126843496,1,0.5875955577120471,0.5500578238676415,0.6224409126843496,extratrees
2022_10_HOU_NYG,2022,10,2022-11-13,NYG,HOU,5.5,41.5,0.6700755434503315,1,0.7177422517391732,0.6807823121440276,0.6700755434503315,extratrees
2022_10_NO_PIT,2022,10,2022-11-13,PIT,NO,1.0,39.5,0.5240193918025562,1,0.5097927339407733,0.4746302708262844,0.5240193918025562,extratrees
2022_10_LAC_SF,2022,10,2022-11-13,SF,LAC,8.5,45.5,0.7584745314828713,1,0.7290695364613602,0.6924841667141408,0.7584745314828713,extratrees
2022_10_SEA_TB,2022,10,2022-11-13,TB,SEA,2.5,45.0,0.5649948822927329,1,0.5110244506134508,0.4758111318537839,0.5649948822927329,extratrees
2022_10_DEN_TEN,2022,10,2022-11-13,TEN,DEN,2.5,40.0,0.5605012156349355,1,0.6202474578620077,0.582269181634142,0.5605012156349355,extratrees
2022_10_WAS_PHI,2022,10,2022-11-14,PHI,WAS,11.0,43.0,0.808051612079015,0,0.8161863911203197,0.7846322523855219,0.808051612079015,extratrees
2022_11_TEN_GB,2022,11,2022-11-17,GB,TEN,3.0,40.5,0.6148543979079913,0,0.5671448301616312,0.530058572535279,0.6148543979079913,extratrees
2022_11_CHI_ATL,2022,11,2022-11-20,ATL,CHI,3.0,48.5,0.5660893345487694,1,0.6052229681612258,0.5674032194121649,0.5660893345487694,extratrees
2022_11_CAR_BAL,2022,11,2022-11-20,BAL,CAR,13.0,42.0,0.8392998896396833,1,0.7951601841370946,0.7620136265411044,0.8392998896396833,extratrees
2022_11_CLE_BUF,2022,11,2022-11-20,BUF,CLE,7.5,50.5,0.7561815774459886,1,0.7502911740538221,0.7145690761617557,0.7561815774459886,extratrees
2022_11_LV_DEN,2022,11,2022-11-20,DEN,LV,2.5,41.5,0.5775497887748944,0,0.5773123130987173,0.5399852939813774,0.5775497887748944,extratrees
2022_11_WAS_HOU,2022,11,2022-11-20,HOU,WAS,-3.0,41.0,0.41493775933609955,0,0.4084814669145416,0.37874463261415947,0.41493775933609955,extratrees
2022_11_PHI_IND,2022,11,2022-11-20,IND,PHI,-6.5,45.5,0.290309925460965,0,0.3112484296152716,0.2885905899098362,0.290309925460965,extratrees
2022_11_KC_LAC,2022,11,2022-11-20,LAC,KC,-5.5,52.5,0.32106932575441594,0,0.2820010180950864,0.261731483655321,0.32106932575441594,extratrees
2022_11_DAL_MIN,2022,11,2022-11-20,MIN,DAL,-1.5,48.5,0.4471717836540324,0,0.5344749772082115,0.4983710342115891,0.4471717836540324,extratrees
2022_11_NYJ_NE,2022,11,2022-11-20,NE,NYJ,3.5,38.5,0.629269318749507,1,0.5821300106582483,0.5447001148036139,0.629269318749507,extratrees
2022_11_LA_NO,2022,11,2022-11-20,NO,LA,2.5,39.5,0.5399277029247453,1,0.5846236358794118,0.5471433624359267,0.5399277029247453,extratrees
2022_11_DET_NYG,2022,11,2022-11-20,NYG,DET,3.0,44.0,0.5986798270759409,0,0.6453125661035015,0.6072457662101678,0.5986798270759409,extratrees
2022_11_CIN_PIT,2022,11,2022-11-20,PIT,CIN,-3.5,39.0,0.37073068125049297,0,0.35750470952760394,0.33129196317589377,0.37073068125049297,extratrees
2022_11_SF_ARI,2022,11,2022-11-21,ARI,SF,-10.0,43.5,0.21561338289962823,0,0.25418149383636446,0.23626213327404863,0.21561338289962823,extratrees
2022_12_NYG_DAL,2022,12,2022-11-24,DAL,NYG,10.5,45.5,0.7905398342128594,1,0.7989634339451047,0.7660856547554157,0.7905398342128594,extratrees
2022_12_BUF_DET,2022,12,2022-11-24,DET,BUF,-10.0,54.0,0.21945616020299694,0,0.2589668223953396,0.2406386164228574,0.21945616020299694,extratrees
2022_12_NE_MIN,2022,12,2022-11-24,MIN,NE,2.5,42.5,0.562379468921525,1,0.6049419964164783,0.5671259401080517,0.562379468921525,extratrees
2022_12_LAC_ARI,2022,12,2022-11-27,ARI,LAC,-2.5,48.5,0.43762053107847504,0,0.4530282730362972,0.4206199100693418,0.43762053107847504,extratrees
2022_12_DEN_CAR,2022,12,2022-11-27,CAR,DEN,-1.0,36.5,0.4759806081974437,1,0.5051504856928156,0.4701832562188367,0.4759806081974437,extratrees
2022_12_TB_CLE,2022,12,2022-11-27,CLE,TB,-3.0,42.0,0.3880609933784388,1,0.4048888375742647,0.37538497171977253,0.3880609933784388,extratrees
2022_12_BAL_JAX,2022,12,2022-11-27,JAX,BAL,-3.5,43.0,0.3945716506247385,1,0.375488317322842,0.3479806930770091,0.3945716506247385,extratrees
2022_12_LA_KC,2022,12,2022-11-27,KC,LA,16.5,42.0,0.8882601694532649,1,0.8609512114230374,0.8337275325817152,0.8882601694532649,extratrees
2022_12_HOU_MIA,2022,12,2022-11-27,MIA,HOU,14.0,47.0,0.8640691389767738,1,0.8487815817294705,0.8202443140123521,0.8640691389767738,extratrees
2022_12_CHI_NYJ,2022,12,2022-11-27,NYJ,CHI,8.5,36.5,0.7661538461538461,1,0.6439632162043708,0.6058953938387956,0.7661538461538461,extratrees
2022_12_GB_PHI,2022,12,2022-11-27,PHI,GB,6.5,46.0,0.7149278269657159,1,0.7516222786369561,0.715961584469399,0.7149278269657159,extratrees
2022_12_LV_SEA,2022,12,2022-11-27,SEA,LV,4.0,47.5,0.644674925573802,0,0.6890307777191318,0.6513750983688541,0.644674925573802,extratrees
2022_12_NO_SF,2022,12,2022-11-27,SF,NO,9.5,44.0,0.7728364052746279,1,0.7534506949369617,0.717875776082947,0.7728364052746279,extratrees
2022_12_CIN_TEN,2022,12,2022-11-27,TEN,CIN,-1.0,43.0,0.5,0,0.5241551957777475,0.4884247869076642,0.5,extratrees
2022_12_ATL_WAS,2022,12,2022-11-27,WAS,ATL,3.5,40.5,0.6297217024951262,1,0.6170267360579433,0.5790759431061813,0.6297217024951262,extratrees
2022_12_PIT_IND,2022,12,2022-11-28,IND,PIT,2.5,40.0,0.5480494766888677,0,0.5436713006020177,0.5072595575888176,0.5480494766888677,extratrees
2022_13_BUF_NE,2022,13,2022-12-01,NE,BUF,-3.5,43.5,0.3676233473073202,0,0.3815373897906105,0.35360641355812866,0.3676233473073202,extratrees
2022_13_PIT_ATL,2022,13,2022-12-04,ATL,PIT,-1.0,43.0,0.48147562105834224,0,0.5325106604259757,0.4964755471969503,0.48147562105834224,extratrees
2022_13_DEN_BAL,2022,13,2022-12-04,BAL,DEN,9.5,40.5,0.7536076905268497,1,0.8443256436948049,0.8153339287331414,0.7536076905268497,extratrees
2022_13_GB_CHI,2022,13,2022-12-04,CHI,GB,-4.0,45.0,0.37073068125049297,0,0.38196880836439545,0.35400788138195466,0.37073068125049297,extratrees
2022_13_KC_CIN,2022,13,2022-12-04,CIN,KC,-2.5,53.0,0.444104134762634,1,0.46052503381238263,0.42770902537965855,0.444104134762634,extratrees
2022_13_IND_DAL,2022,13,2022-12-04,DAL,IND,11.0,44.5,0.7963340122199594,1,0.814884663412086,0.7832242390465352,0.7963340122199594,extratrees
2022_13_JAX_DET,2022,13,2022-12-04,DET,JAX,1.0,51.5,0.5284039285250725,1,0.5349401248524034,0.4988200408491059,0.5284039285250725,extratrees
2022_13_CLE_HOU,2022,13,2022-12-04,HOU,CLE,-7.5,47.0,0.25547879942829915,0,0.31635129569719883,0.29328697487404665,0.25547879942829915,extratrees
2022_13_SEA_LA,2022,13,2022-12-04,LA,SEA,-7.0,41.0,0.276087446472842,0,0.3060904741486525,0.28384676048515095,0.276087446472842,extratrees
2022_13_LAC_LV,2022,13,2022-12-04,LV,LAC,2.5,49.0,0.5668328047122791,1,0.5395554524805579,0.5032785068276582,0.5668328047122791,extratrees
2022_13_NYJ_MIN,2022,13,2022-12-04,MIN,NYJ,3.0,44.0,0.5792858120125872,1,0.6246070161695306,0.5865972806122781,0.5792858120125872,extratrees
2022_13_TEN_PHI,2022,13,2022-12-04,PHI,TEN,5.0,44.5,0.6629225583423975,1,0.6672223621668729,0.6292680844269342,0.6629225583423975,extratrees
2022_13_MIA_SF,2022,13,2022-12-04,SF,MIA,4.5,46.0,0.6711332625214478,1,0.6331403705782804,0.5950884333510585,0.6711332625214478,extratrees
2022_13_NO_TB,2022,13,2022-12-05,TB,NO,3.5,41.0,0.6379977530895019,1,0.6351795109736573,0.5971213339890974,0.6379977530895019,extratrees
2022_14_LV_LA,2022,14,2022-12-08,LA,LV,-6.5,42.5,0.2817523080884246,1,0.3277967190045361,0.30383287973263734,0.2817523080884246,extratrees
2022_14_NYJ_BUF,2022,14,2022-12-11,BUF,NYJ,10.0,43.5,0.7754085940036801,1,0.7879260210949673,0.7542909147692848,0.7754085940036801,extratrees
2022_14_CLE_CIN,2022,14,2022-12-11,CIN,CLE,4.5,47.0,0.6534585746204004,1,0.6509960565899319,0.6129409827958612,0.6534585746204004,extratrees
2022_14_HOU_DAL,2022,14,2022-12-11,DAL,HOU,17.0,44.5,0.90462674227086,1,0.8523067982250143,0.8241389940537015,0.90462674227086,extratrees
2022_14_KC_DEN,2022,14,2022-12-11,DEN,KC,-8.5,44.5,0.22616355195810023,0,0.2418633440488813,0.22500381067126957,0.22616355195810023,extratrees
2022_14_MIN_DET,2022,14,2022-12-11,DET,MIN,2.5,51.5,0.5547708605204575,1,0.49587609537742044,0.4613155435636418,0.5547708605204575,extratrees
2022_14_MIA_LAC,2022,14,2022-12-11,LAC,MIA,-3.0,54.5,0.3960962679598783,1,0.3951584792836272,0.3662978730236722,0.3960962679598783,extratrees
2022_14_PHI_NYG,2022,14,2022-12-11,NYG,PHI,-7.5,44.5,0.26994359387590655,0,0.2399233581615923,0.2232316189775684,0.26994359387590655,extratrees
2022_14_BAL_PIT,2022,14,2022-12-11,PIT,BAL,1.5,37.0,0.5399277029247453,0,0.5245926261389176,0.48884579014518525,0.5399277029247453,extratrees
2022_14_CAR_SEA,2022,14,2022-12-11,SEA,CAR,3.5,44.5,0.6495327102803738,0,0.6515361769785935,0.6134828455463064,0.6495327102803738,extratrees
2022_14_TB_SF,2022,14,2022-12-11,SF,TB,3.5,38.0,0.6455089820359281,1,0.6324107697020115,0.5943614276775248,0.6455089820359281,extratrees
2022_14_JAX_TEN,2022,14,2022-12-11,TEN,JAX,3.0,42.0,0.6119390066215612,0,0.6953086517071901,0.6577749734341349,0.6119390066215612,extratrees
2022_14_NE_ARI,2022,14,2022-12-12,ARI,NE,-2.0,44.0,0.45801526717557256,0,0.43321467132453745,0.40194337037544836,0.45801526717557256,extratrees
2022_15_SF_SEA,2022,15,2022-12-15,SEA,SF,-3.0,43.0,0.3871172000921022,0,0.37853166483933437,0.3508102578818441,0.3871172000921022,extratrees
2022_15_MIA_BUF,2022,15,2022-12-17,BUF,MIA,7.0,44.0,0.7397124442240952,1,0.7209667850216099,0.6841075355809904,0.7397124442240952,extratrees
2022_15_BAL_CLE,2022,15,2022-12-17,CLE,BAL,2.5,39.5,0.5922935486449755,1,0.5223955572648232,0.48673175491463233,0.5922935486449755,extratrees
2022_15_IND_MIN,2022,15,2022-12-17,MIN,IND,3.5,46.5,0.6362901596282077,1,0.6185551119843914,0.5805908298502278,0.6362901596282077,extratrees
2022_15_PIT_CAR,2022,15,2022-12-18,CAR,PIT,2.5,36.5,0.5764909248055315,0,0.5965538222283902,0.5588600667201944,0.5764909248055315,extratrees
2022_15_PHI_CHI,2022,15,2022-12-18,CHI,PHI,-8.5,48.0,0.22937728315351283,0,0.22627322965506702,0.21076785809007437,0.22937728315351283,extratrees
2022_15_ARI_DEN,2022,15,2022-12-18,DEN,ARI,1.5,37.5,0.534834771627026,1,0.4919010119166225,0.45752144510716236,0.534834771627026,extratrees
2022_15_KC_HOU,2022,15,2022-12-18,HOU,KC,-14.5,48.5,0.14421617245218096,0,0.20995932895386654,0.19588207168521318,0.14421617245218096,extratrees
2022_15_DAL_JAX,2022,15,2022-12-18,JAX,DAL,-4.0,48.5,0.36370984037179227,1,0.32357631993711533,0.2999421581860185,0.36370984037179227,extratrees
2022_15_TEN_LAC,2022,15,2022-12-18,LAC,TEN,3.0,46.5,0.5971016303329377,1,0.5837798740734498,0.5463164263602007,0.5971016303329377,extratrees
2022_15_NE_LV,2022,15,2022-12-18,LV,NE,1.0,45.0,0.5500363507751557,1,0.5166251643510471,0.4811856515312874,0.5500363507751557,extratrees
2022_15_ATL_NO,2022,15,2022-12-18,NO,ATL,5.0,43.5,0.6789306742455842,1,0.590324416411544,0.5527364095622698,0.6789306742455842,extratrees
2022_15_DET_NYJ,2022,15,2022-12-18,NYJ,DET,2.0,44.0,0.555895865237366,0,0.5094617298503479,0.47431300121299236,0.555895865237366,extratrees
2022_15_CIN_TB,2022,15,2022-12-18,TB,CIN,-3.5,47.0,0.3900657414170928,0,0.39095999543611737,0.3623823690018781,0.3900657414170928,extratrees
2022_15_NYG_WAS,2022,15,2022-12-18,WAS,NYG,4.5,40.5,0.6522836814321781,0,0.6703871474225249,0.6324644021979463,0.6522836814321781,extratrees
2022_15_LA_GB,2022,15,2022-12-19,GB,LA,8.0,39.5,0.7579052432627578,1,0.7143525007390498,0.6772917375128533,0.7579052432627578,extratrees
2022_16_JAX_NYJ,2022,16,2022-12-22,NYJ,JAX,2.5,36.5,0.562379468921525,0,0.59177080689993,0.5541571251759857,0.562379468921525,extratrees
2022_16_ATL_BAL,2022,16,2022-12-24,BAL,ATL,6.5,35.0,0.7123342460695936,1,0.7215010876191543,0.6846589756642976,0.7123342460695936,extratrees
2022_16_DET_CAR,2022,16,2022-12-24,CAR,DET,-2.5,43.5,0.4499636492248442,1,0.46455031942490277,0.43152070881916854,0.4499636492248442,extratrees
2022_16_BUF_CHI,2022,16,2022-12-24,CHI,BUF,-8.0,40.0,0.2402841621395737,0,0.2512065648540366,0.23354222083089457,0.2402841621395737,extratrees
2022_16_NO_CLE,2022,16,2022-12-24,CLE,NO,3.0,32.0,0.6279229893276131,0,0.6091279467219877,0.5712596208545553,0.6279229893276131,extratrees
2022_16_PHI_DAL,2022,16,2022-12-24,DAL,PHI,4.0,48.0,0.6495327102803738,1,0.6075871594390526,0.5697373884946352,0.6495327102803738,extratrees
2022_16_SEA_KC,2022,16,2022-12-24,KC,SEA,10.5,50.5,0.7923696806592547,1,0.8044314387713322,0.7719547803297779,0.7923696806592547,extratrees
2022_16_NYG_MIN,2022,16,2022-12-24,MIN,NYG,4.5,48.0,0.6651251793972254,1,0.6621908926886847,0.6241945393123178,0.6651251793972254,extratrees
2022_16_CIN_NE,2022,16,2022-12-24,NE,CIN,-3.0,42.0,0.4132639620653319,0,0.406646204660542,0.3770280704106186,0.4132639620653319,extratrees
2022_16_LV_PIT,2022,16,2022-12-24,PIT,LV,2.5,38.5,0.5704635785196144,1,0.5771408394935681,0.5398176158938558,0.5704635785196144,extratrees
2022_16_WAS_SF,2022,16,2022-12-24,SF,WAS,6.5,37.5,0.7151211298942416,1,0.7980151934918761,0.7650696228368344,0.7151211298942416,extratrees
2022_16_HOU_TEN,2022,16,2022-12-24,TEN,HOU,3.0,34.0,0.6143408084559349,0,0.6734868259577774,0.6355987949854517,0.6143408084559349,extratrees
2022_16_TB_ARI,2022,16,2022-12-25,ARI,TB,-7.5,41.5,0.26028755577590484,0,0.30375764643778924,0.28170227859213126,0.26028755577590484,extratrees
2022_16_DEN_LA,2022,16,2022-12-25,LA,DEN,-3.0,36.5,0.38227263180004206,1,0.5011471058085739,0.4663527239923721,0.38227263180004206,extratrees
2022_16_GB_MIA,2022,16,2022-12-25,MIA,GB,3.5,49.0,0.629269318749507,0,0.6249829226520773,0.5869707858507195,0.629269318749507,extratrees
2022_16_LAC_IND,2022,16,2022-12-26,IND,LAC,-3.5,44.5,0.3676233473073202,0,0.36072694958516244,0.33427831599779945,0.3676233473073202,extratrees
2022_17_DAL_TEN,2022,17,2022-12-29,TEN,DAL,-14.0,41.0,0.14616351195638383,0,0.24458631710895845,0.227491650847959,0.14616351195638383,extratrees
2022_17_ARI_ATL,2022,17,2023-01-01,ATL,ARI,7.0,41.0,0.7151211298942416,1,0.6546610005792762,0.6166199060648297,0.7151211298942416,extratrees
2022_17_PIT_BAL,2022,17,2023-01-01,BAL,PIT,1.0,35.5,0.534834771627026,0,0.5608462143334861,0.5239249164528393,0.534834771627026,extratrees
2022_17_CHI_DET,2022,17,2023-01-01,DET,CHI,4.5,52.5,0.6686953451176703,1,0.6600433291622603,0.6220320016340737,0.6686953451176703,extratrees
2022_17_MIN_GB,2022,17,2023-01-01,GB,MIN,3.0,47.5,0.617727368199958,1,0.5384803917256377,0.5022394477641163,0.617727368199958,extratrees
2022_17_JAX_HOU,2022,17,2023-01-01,HOU,JAX,-3.5,43.0,0.3650052779508833,0,0.37178820320666317,0.3445426239439656,0.3650052779508833,extratrees
2022_17_DEN_KC,2022,17,2023-01-01,KC,DEN,13.5,46.0,0.8495317115164828,1,0.8581653936862179,0.8306314469366993,0.8495317115164828,extratrees
2022_17_LA_LAC,2022,17,2023-01-01,LAC,LA,6.5,41.5,0.7176598944357621,1,0.6676615794603451,0.629711442932175,0.7176598944357621,extratrees
2022_17_SF_LV,2022,17,2023-01-01,LV,SF,-10.0,41.5,0.20583407465858716,0,0.2628589305641077,0.2441994963342891,0.20583407465858716,extratrees
2022_17_MIA_NE,2022,17,2023-01-01,NE,MIA,3.0,41.5,0.6002460024600246,1,0.6022785718886894,0.5644988249120462,0.6002460024600246,extratrees
2022_17_IND_NYG,2022,17,2023-01-01,NYG,IND,5.5,38.5,0.6776342863861725,1,0.6527894591764859,0.6147405932620843,0.6776342863861725,extratrees
2022_17_NO_PHI,2022,17,2023-01-01,PHI,NO,5.5,41.5,0.6735308890005023,0,0.7538064061364627,0.7182483676251388,0.6735308890005023,extratrees
2022_17_NYJ_SEA,2022,17,2023-01-01,SEA,NYJ,-1.0,43.0,0.4827086071703758,1,0.557618721348808,0.5207865611028781,0.4827086071703758,extratrees
2022_17_CAR_TB,2022,17,2023-01-01,TB,CAR,3.5,40.5,0.6310538349615464,1,0.5850247155828708,0.547536523320238,0.6310538349615464,extratrees
2022_17_CLE_WAS,2022,17,2023-01-01,WAS,CLE,1.0,41.5,0.5262215623771888,0,0.5159928322178007,0.48057844024033397,0.5262215623771888,extratrees
2022_18_TEN_JAX,2022,18,2023-01-07,JAX,TEN,6.0,39.5,0.7025285076846802,1,0.6997945832791939,0.6623582425849601,0.7025285076846802,extratrees
2022_18_KC_LV,2022,18,2023-01-07,LV,KC,-9.0,51.5,0.22143025602054453,0,0.2428621457172627,0.22591631134636198,0.22143025602054453,extratrees
2022_18_TB_ATL,2022,18,2023-01-08,ATL,TB,6.0,40.5,0.6829002792370676,1,0.5655411247171593,0.5284957313623033,0.6829002792370676,extratrees
2022_18_NE_BUF,2022,18,2023-01-08,BUF,NE,8.0,44.0,0.7655188824223437,1,0.7929345111900692,0.7596344999036245,0.7655188824223437,extratrees
2022_18_MIN_CHI,2022,18,2023-01-08,CHI,MIN,-6.5,42.5,0.2974714923153198,0,0.2564366434671481,0.23832439490044466,0.2974714923153198,extratrees
2022_18_BAL_CIN,2022,18,2023-01-08,CIN,BAL,11.0,39.0,0.8311808694065155,1,0.794021005589961,0.7607955531399265,0.8311808694065155,extratrees
2022_18_LAC_DEN,2022,18,2023-01-08,DEN,LAC,6.0,38.5,0.6979212888691675,1,0.4891738498382042,0.4549207348711042,0.6979212888691675,extratrees
2022_18_DET_GB,2022,18,2023-01-08,GB,DET,5.5,49.0,0.7115258195992297,0,0.6610506760277335,0.6230461511622696,0.7115258195992297,extratrees
2022_18_HOU_IND,2022,18,2023-01-08,IND,HOU,3.0,38.0,0.5722567873303167,0,0.5720839849034149,0.5348767962257835,0.5722567873303167,extratrees
2022_18_NYJ_MIA,2022,18,2023-01-08,MIA,NYJ,3.5,37.5,0.6495327102803738,1,0.5949326268278691,0.5572651781448642,0.6495327102803738,extratrees
2022_18_CAR_NO,2022,18,2023-01-08,NO,CAR,3.5,41.5,0.6252015045674368,0,0.5784777140898613,0.5411251422403676,0.6252015045674368,extratrees
2022_18_NYG_PHI,2022,18,2023-01-08,PHI,NYG,16.5,42.5,0.8986974530501657,1,0.684017594363624,0.6462762347816329,0.8986974530501657,extratrees
2022_18_CLE_PIT,2022,18,2023-01-08,PIT,CLE,2.5,40.0,0.5722567873303167,1,0.5789835147351907,0.5416199847200027,0.5722567873303167,extratrees
2022_18_LA_SEA,2022,18,2023-01-08,SEA,LA,5.5,41.5,0.6732289817653704,1,0.6414328869826086,0.6033649547152061,0.6732289817653704,extratrees
2022_18_ARI_SF,2022,18,2023-01-08,SF,ARI,14.0,40.0,0.886302763694837,1,0.8882126736018184,0.8643460865380639,0.886302763694837,extratrees
2022_18_DAL_WAS,2022,18,2023-01-08,WAS,DAL,-7.5,40.5,0.25977238990598717,1,0.2329524860862439,0.2168654242575724,0.25977238990598717,extratrees
2022_19_LAC_JAX,2022,19,2023-01-14,JAX,LAC,-2.0,46.5,0.4559761116939714,1,0.5185327297569948,0.4830180817897551,0.4559761116939714,extratrees
2022_19_SEA_SF,2022,19,2023-01-14,SF,SEA,10.0,42.0,0.7923696806592547,1,0.8136817639697671,0.7819240477499515,0.7923696806592547,extratrees
2022_19_MIA_BUF,2022,19,2023-01-15,BUF,MIA,14.0,44.0,0.8705882042861398,1,0.8397163075478197,0.8102689809342497,0.8705882042861398,extratrees
2022_19_BAL_CIN,2022,19,2023-01-15,CIN,BAL,7.5,40.0,0.7639021449741297,1,0.7653817002747412,0.7304077844864038,0.7639021449741297,extratrees
2022_19_NYG_MIN,2022,19,2023-01-15,MIN,NYG,2.5,48.0,0.5733276913854508,0,0.6257497959054883,0.5877329144094275,0.5733276913854508,extratrees
2022_19_DAL_TB,2022,19,2023-01-16,TB,DAL,-2.5,45.5,0.43949878436506445,0,0.3678778630816479,0.3409117171117862,0.43949878436506445,extratrees
2022_20_JAX_KC,2022,20,2023-01-21,KC,JAX,10.0,52.5,0.7967369210534896,1,0.7305215137433576,0.6939884137928969,0.7967369210534896,extratrees
2022_20_NYG_PHI,2022,20,2023-01-21,PHI,NYG,8.0,48.0,0.7597158378604262,1,0.7174237601396168,0.68045412890521,0.7597158378604262,extratrees
2022_20_CIN_BUF,2022,20,2023-01-22,BUF,CIN,6.0,48.5,0.7016637026941679,0,0.6635700781289052,0.6255842800103464,0.7016637026941679,extratrees
2022_20_DAL_SF,2022,20,2023-01-22,SF,DAL,3.5,46.5,0.6306061713569676,1,0.633464319100746,0.5954112907613849,0.6306061713569676,extratrees
2022_21_CIN_KC,2022,21,2023-01-29,KC,CIN,2.0,48.5,0.5539593349939177,1,0.5828206596090058,0.5453766138857014,0.5539593349939177,extratrees
2022_21_SF_PHI,2022,21,2023-01-29,PHI,SF,2.5,45.0,0.5810079557598683,1,0.5637581921129691,0.5267591436178982,0.5810079557598683,extratrees
2022_22_KC_PHI,2022,22,2023-02-12,PHI,KC,1.0,51.0,0.521797153024911,0,0.4794216009020856,0.44563565632003715,0.521797153024911,extratrees
2023_01_DET_KC,2023,1,2023-09-07,KC,DET,4.0,53.0,0.6369041816941223,0,0.6756436934525378,0.7110419382549932,0.6369041816941223,extratrees
2023_01_CAR_ATL,2023,1,2023-09-10,ATL,CAR,3.5,40.5,0.6309403437815976,1,0.5921917386734433,0.6177514093195609,0.6309403437815976,extratrees
2023_01_HOU_BAL,2023,1,2023-09-10,BAL,HOU,9.5,43.5,0.7999999999999999,1,0.7023721557296858,0.7399824246448398,0.7999999999999999,extratrees
2023_01_GB_CHI,2023,1,2023-09-10,CHI,GB,1.0,41.0,0.5173641257162701,0,0.4156319070311463,0.41295874349226624,0.5173641257162701,extratrees
2023_01_CIN_CLE,2023,1,2023-09-10,CLE,CIN,-1.0,46.5,0.4956702459300312,1,0.4377074791696569,0.43866885203437256,0.4956702459300312,extratrees
2023_01_LV_DEN,2023,1,2023-09-10,DEN,LV,3.0,43.0,0.593369754159424,0,0.5385088513359483,0.5560555964053606,0.593369754159424,extratrees
2023_01_JAX_IND,2023,1,2023-09-10,IND,JAX,-4.0,45.5,0.35527082119976705,0,0.3416703152974288,0.32761933373224655,0.35527082119976705,extratrees
2023_01_MIA_LAC,2023,1,2023-09-10,LAC,MIA,3.0,50.5,0.593369754159424,0,0.5754732522113541,0.5986451110195586,0.593369754159424,extratrees
2023_01_TB_MIN,2023,1,2023-09-10,MIN,TB,4.0,45.0,0.644729178800233,0,0.6122620408769983,0.6405300414906436,0.644729178800233,extratrees
2023_01_PHI_NE,2023,1,2023-09-10,NE,PHI,-3.5,44.5,0.3775334481388264,0,0.403077696027746,0.3983707306443121,0.3775334481388264,extratrees
2023_01_TEN_NO,2023,1,2023-09-10,NO,TEN,3.0,41.0,0.5720596355604638,1,0.570010966989113,0.5923794973628017,0.5720596355604638,extratrees
2023_01_DAL_NYG,2023,1,2023-09-10,NYG,DAL,-3.5,44.5,0.3962430290578221,0,0.41045079747432994,0.4069347689048348,0.3962430290578221,extratrees
2023_01_SF_PIT,2023,1,2023-09-10,PIT,SF,-1.5,41.5,0.4782608695652174,0,0.48525666580920546,0.49414275551476633,0.4782608695652174,extratrees
2023_01_LA_SEA,2023,1,2023-09-10,SEA,LA,4.5,45.0,0.6574752261956054,0,0.6268991396099648,0.6570192405159416,0.6574752261956054,extratrees
2023_01_ARI_WAS,2023,1,2023-09-10,WAS,ARI,7.0,38.0,0.740871613663133,1,0.7137160618484415,0.752097728709598,0.740871613663133,extratrees
2023_01_BUF_NYJ,2023,1,2023-09-11,NYJ,BUF,-2.5,44.5,0.448558885283451,1,0.3370148880667225,0.3223110987896689,0.448558885283451,extratrees
2023_02_MIN_PHI,2023,2,2023-09-14,PHI,MIN,6.0,49.0,0.6750312469954812,1,0.7050124791649344,0.7428115943279282,0.6750312469954812,extratrees
2023_02_NYG_ARI,2023,2,2023-09-17,ARI,NYG,-5.0,40.0,0.33635187580853815,0,0.41193387245166485,0.4086586345908476,0.33635187580853815,extratrees
2023_02_GB_ATL,2023,2,2023-09-17,ATL,GB,3.0,40.5,0.5720596355604638,1,0.5688339653044068,0.5910280002221263,0.5720596355604638,extratrees
2023_02_LV_BUF,2023,2,2023-09-17,BUF,LV,7.5,47.0,0.7477827050997783,1,0.6932303832558209,0.7301444956139583,0.7477827050997783,extratrees
2023_02_BAL_CIN,2023,2,2023-09-17,CIN,BAL,3.5,45.5,0.6092362344582594,0,0.5670863753743893,0.5890204329963802,0.6092362344582594,extratrees
2023_02_NYJ_DAL,2023,2,2023-09-17,DAL,NYJ,8.5,38.5,0.7600000000000001,1,0.7707120621568847,0.8112372487774159,0.7600000000000001,extratrees
2023_02_WAS_DEN,2023,2,2023-09-17,DEN,WAS,4.0,38.5,0.6369041816941223,0,0.5188942531694615,0.5333070412490611,0.6369041816941223,extratrees
2023_02_SEA_DET,2023,2,2023-09-17,DET,SEA,4.5,47.5,0.6574752261956054,0,0.6408193949738252,0.672594037484974,0.6574752261956054,extratrees
2023_02_IND_HOU,2023,2,2023-09-17,HOU,IND,-1.0,40.0,0.5,0,0.4932603070365293,0.503473723641435,0.5,extratrees
2023_02_KC_JAX,2023,2,2023-09-17,JAX,KC,-3.5,50.5,0.3962430290578221,0,0.46392005018586535,0.4692491854176617,0.3962430290578221,extratrees
2023_02_SF_LA,2023,2,2023-09-17,LA,SF,-7.5,45.0,0.2591283863368669,0,0.3375834320481273,0.32295885242030853,0.2591283863368669,extratrees
2023_02_MIA_NE,2023,2,2023-09-17,NE,MIA,-2.0,46.5,0.4572564612326044,0,0.4639710197593529,0.46930866622510664,0.4572564612326044,extratrees
2023_02_CHI_TB,2023,2,2023-09-17,TB,CHI,2.5,41.0,0.551441114716549,1,0.6684499608836744,0.7031646289571926,0.551441114716549,extratrees
2023_02_LAC_TEN,2023,2,2023-09-17,TEN,LAC,-2.5,45.5,0.43650793650793646,1,0.45191229025620167,0.4552371003260642,0.43650793650793646,extratrees
2023_02_NO_CAR,2023,2,2023-09-18,CAR,NO,-3.0,39.5,0.39076376554174075,0,0.42713239476456516,0.42634510726452024,0.39076376554174075,extratrees
2023_02_CLE_PIT,2023,2,2023-09-18,PIT,CLE,-2.5,39.0,0.42794036443953615,1,0.4679539569347843,0.47395664497065065,0.42794036443953615,extratrees
2023_03_NYG_SF,2023,3,2023-09-21,SF,NYG,10.5,43.5,0.8081570996978852,1,0.8268457035836977,0.8661352661076192,0.8081570996978852,extratrees
2023_03_DAL_ARI,2023,3,2023-09-24,ARI,DAL,-11.5,43.5,0.16835016835016833,1,0.25813126064150266,0.2341690335927248,0.16835016835016833,extratrees
2023_03_IND_BAL,2023,3,2023-09-24,BAL,IND,7.5,43.5,0.7600000000000001,0,0.7443193611930076,0.7842322244656842,0.7600000000000001,extratrees
2023_03_TEN_CLE,2023,3,2023-09-24,CLE,TEN,3.5,38.0,0.6224665518611737,1,0.6021057008573935,0.6290262143575469,0.6224665518611737,extratrees
2023_03_ATL_DET,2023,3,2023-09-24,DET,ATL,3.0,47.5,0.5996387718242023,1,0.5524279153571221,0.5721417643195029,0.5996387718242023,extratrees
2023_03_NO_GB,2023,3,2023-09-24,GB,NO,-1.5,41.5,0.4675324675324675,1,0.5509325101260063,0.570416121671868,0.4675324675324675,extratrees
2023_03_HOU_JAX,2023,3,2023-09-24,JAX,HOU,7.5,43.5,0.7600000000000001,0,0.7899163277192912,0.8304308861308279,0.7600000000000001,extratrees
2023_03_CHI_KC,2023,3,2023-09-24,KC,CHI,13.0,48.0,0.8465011286681716,1,0.873116327650865,0.9082935875844546,0.8465011286681716,extratrees
2023_03_PIT_LV,2023,3,2023-09-24,LV,PIT,3.0,43.5,0.5720596355604638,0,0.5075892898587782,0.5201618152404427,0.5720596355604638,extratrees
2023_03_DEN_MIA,2023,3,2023-09-24,MIA,DEN,6.0,47.5,0.6853932584269663,1,0.6953074330857189,0.7323853951345486,0.6853932584269663,extratrees
2023_03_LAC_MIN,2023,3,2023-09-24,MIN,LAC,1.0,54.0,0.5,0,0.516439906394538,0.5304550165737445,0.5,extratrees
2023_03_NE_NYJ,2023,3,2023-09-24,NYJ,NE,-2.5,35.5,0.43650793650793646,0,0.4643118816862989,0.469706447326984,0.43650793650793646,extratrees
2023_03_CAR_SEA,2023,3,2023-09-24,SEA,CAR,5.0,42.5,0.6636481241914618,1,0.6492943604909561,0.6820214493109722,0.6636481241914618,extratrees
2023_03_BUF_WAS,2023,3,2023-09-24,WAS,BUF,-5.5,44.0,0.3194444444444444,0,0.36704112592078975,0.3567023402697222,0.3194444444444444,extratrees
2023_03_LA_CIN,2023,3,2023-09-25,CIN,LA,3.0,45.5,0.593369754159424,1,0.5976383424233538,0.6239510147875448,0.593369754159424,extratrees
2023_03_PHI_TB,2023,3,2023-09-25,TB,PHI,-6.0,44.0,0.30920711694593195,0,0.3677458418280694,0.35751354576355854,0.30920711694593195,extratrees
2023_04_DET_GB,2023,4,2023-09-28,GB,DET,-2.5,45.0,0.43650793650793646,0,0.5028660604976891,0.5146638411784731,0.43650793650793646,extratrees
2023_04_MIA_BUF,2023,4,2023-10-01,BUF,MIA,2.5,53.0,0.5634920634920635,1,0.5492621804279902,0.5684878553302999,0.5634920634920635,extratrees
2023_04_MIN_CAR,2023,4,2023-10-01,CAR,MIN,-4.5,46.5,0.33635187580853815,0,0.36514985394488975,0.3545261095563928,0.33635187580853815,extratrees
2023_04_DEN_CHI,2023,4,2023-10-01,CHI,DEN,-3.0,47.0,0.4066302458405761,0,0.420803296062104,0.41897579118269435,0.4066302458405761,extratrees
2023_04_BAL_CLE,2023,4,2023-10-01,CLE,BAL,-2.0,38.5,0.448558885283451,0,0.46484616495630215,0.4703299475324749,0.448558885283451,extratrees
2023_04_NE_DAL,2023,4,2023-10-01,DAL,NE,6.5,43.0,0.7095435684647302,1,0.7052213788363192,0.7430351973892487,0.7095435684647302,extratrees
2023_04_PIT_HOU,2023,4,2023-10-01,HOU,PIT,-3.0,41.5,0.4066302458405761,1,0.3908544135529175,0.3841986309231947,0.4066302458405761,extratrees
2023_04_LA_IND,2023,4,2023-10-01,IND,LA,-1.0,44.5,0.4891657638136511,0,0.4459121917861113,0.4482371777162364,0.4891657638136511,extratrees
2023_04_ATL_JAX,2023,4,2023-10-01,JAX,ATL,3.5,42.5,0.6224665518611737,1,0.5166740529697896,0.5307271487842194,0.6224665518611737,extratrees
2023_04_LV_LAC,2023,4,2023-10-01,LAC,LV,7.0,49.0,0.725752508361204,1,0.693444406897424,0.7303755549527272,0.725752508361204,extratrees
2023_04_TB_NO,2023,4,2023-10-01,NO,TB,4.0,41.0,0.644729178800233,0,0.6070623509107057,0.6346465891080622,0.644729178800233,extratrees
2023_04_KC_NYJ,2023,4,2023-10-01,NYJ,KC,-9.5,41.5,0.2042241228835748,0,0.2828117431255885,0.26132716263202055,0.2042241228835748,extratrees
2023_04_WAS_PHI,2023,4,2023-10-01,PHI,WAS,9.5,43.0,0.7867435158501441,1,0.7729569080772866,0.8135014368963617,0.7867435158501441,extratrees
2023_04_ARI_SF,2023,4,2023-10-01,SF,ARI,15.0,44.0,0.8800000000000001,1,0.834306136993291,0.873138746765026,0.8800000000000001,extratrees
2023_04_CIN_TEN,2023,4,2023-10-01,TEN,CIN,-2.5,41.5,0.4066302458405761,1,0.3898890340022853,0.3830808487434972,0.4066302458405761,extratrees
2023_04_SEA_NYG,2023,4,2023-10-02,NYG,SEA,-2.5,46.5,0.43650793650793646,0,0.39933010034736927,0.39402204203468355,0.43650793650793646,extratrees
2023_05_CHI_WAS,2023,5,2023-10-05,WAS,CHI,6.0,45.5,0.690792883054068,0,0.7246889931872186,0.763714850773782,0.690792883054068,extratrees
2023_05_CIN_ARI,2023,5,2023-10-08,ARI,CIN,-3.0,45.5,0.3962430290578221,0,0.44370348835976864,0.44566092222336895,0.3962430290578221,extratrees
2023_05_HOU_ATL,2023,5,2023-10-08,ATL,HOU,2.5,42.0,0.5634920634920635,1,0.5717048826265392,0.594323684354114,0.5634920634920635,extratrees
2023_05_JAX_BUF,2023,5,2023-10-08,BUF,JAX,5.5,48.5,0.6853932584269663,0,0.7022275284983893,0.7398272928060663,0.6853932584269663,extratrees
2023_05_NYJ_DEN,2023,5,2023-10-08,DEN,NYJ,2.5,42.5,0.551441114716549,0,0.5306585039809288,0.5469610943025006,0.551441114716549,extratrees
2023_05_CAR_DET,2023,5,2023-10-08,DET,CAR,9.5,43.5,0.7867435158501441,1,0.7617675704123169,0.8021635457533712,0.7867435158501441,extratrees
2023_05_TEN_IND,2023,5,2023-10-08,IND,TEN,-2.5,43.5,0.43650793650793646,1,0.45969509530701425,0.4643187414975235,0.43650793650793646,extratrees
2023_05_PHI_LA,2023,5,2023-10-08,LA,PHI,-3.5,50.5,0.3690596562184025,0,0.39380021364187096,0.387610911032827,0.3690596562184025,extratrees
2023_05_NYG_MIA,2023,5,2023-10-08,MIA,NYG,12.5,47.5,0.8465011286681716,1,0.8018504077134897,0.8421496255871012,0.8465011286681716,extratrees
2023_05_KC_MIN,2023,5,2023-10-08,MIN,KC,-3.5,52.5,0.3835616438356164,0,0.3514889921077388,0.33884505406557164,0.3835616438356164,extratrees
2023_05_NO_NE,2023,5,2023-10-08,NE,NO,2.5,38.5,0.551441114716549,0,0.5296741392599611,0.5458197165816022,0.551441114716549,extratrees
2023_05_BAL_PIT,2023,5,2023-10-08,PIT,BAL,-4.5,38.5,0.33099297893681046,1,0.3789180868856573,0.370395381155391,0.33099297893681046,extratrees
2023_05_DAL_SF,2023,5,2023-10-08,SF,DAL,3.5,45.0,0.6164383561643836,1,0.6096280503634858,0.6375513077697713,0.6164383561643836,extratrees
2023_05_GB_LV,2023,5,2023-10-09,LV,GB,1.0,45.0,0.5173641257162701,1,0.4210756772615365,0.41929282590644895,0.5173641257162701,extratrees
2023_06_DEN_KC,2023,6,2023-10-12,KC,DEN,10.5,47.5,0.8316498316498315,1,0.832046164463626,0.8710250690692326,0.8316498316498315,extratrees
2023_06_WAS_ATL,2023,6,2023-10-15,ATL,WAS,1.5,42.0,0.5324675324675325,0,0.5694856237950221,0.591776329869989,0.5324675324675325,extratrees
2023_06_NYG_BUF,2023,6,2023-10-15,BUF,NYG,15.5,43.5,0.8869565217391304,1,0.8828518771106,0.9167453906192115,0.8869565217391304,extratrees
2023_06_MIN_CHI,2023,6,2023-10-15,CHI,MIN,-3.0,44.5,0.4003612281757977,0,0.38724682763715956,0.3800227443950871,0.4003612281757977,extratrees
2023_06_SEA_CIN,2023,6,2023-10-15,CIN,SEA,3.0,45.5,0.5829926410466066,1,0.5302387940852761,0.5464744641358017,0.5829926410466066,extratrees
2023_06_SF_CLE,2023,6,2023-10-15,CLE,SF,-9.5,36.0,0.20863836017569545,1,0.2840230205118231,0.2626710154139792,0.20863836017569545,extratrees
2023_06_NO_HOU,2023,6,2023-10-15,HOU,NO,-2.0,42.5,0.4572564612326044,1,0.47015357552888415,0.47652344515468,0.4572564612326044,extratrees
2023_06_IND_JAX,2023,6,2023-10-15,JAX,IND,4.0,44.0,0.644729178800233,1,0.6201225628526976,0.6493989065913294,0.644729178800233,extratrees
2023_06_ARI_LA,2023,6,2023-10-15,LA,ARI,7.0,48.0,0.740871613663133,1,0.7055271671370058,0.7433624453735137,0.740871613663133,extratrees
2023_06_NE_LV,2023,6,2023-10-15,LV,NE,3.0,41.5,0.5720596355604638,1,0.5643743096550625,0.5859028428795372,0.5720596355604638,extratrees
2023_06_CAR_MIA,2023,6,2023-10-15,MIA,CAR,14.0,47.5,0.8800000000000001,1,0.8322869448258436,0.8712505910952308,0.8800000000000001,extratrees
2023_06_PHI_NYJ,2023,6,2023-10-15,NYJ,PHI,-6.5,43.0,0.27792074112197634,1,0.2954407474848343,0.27538507653057315,0.27792074112197634,extratrees
2023_06_DET_TB,2023,6,2023-10-15,TB,DET,-3.0,43.5,0.4066302458405761,0,0.4909729967564473,0.5008076679757202,0.4066302458405761,extratrees
2023_06_BAL_TEN,2023,6,2023-10-15,TEN,BAL,-5.5,42.5,0.31460674157303364,0,0.3305002399941269,0.3148993742132221,0.31460674157303364,extratrees
2023_06_DAL_LAC,2023,6,2023-10-16,LAC,DAL,-1.5,49.5,0.4572564612326044,0,0.44662206897125706,0.4490652488493916,0.4572564612326044,extratrees
2023_07_JAX_NO,2023,7,2023-10-19,NO,JAX,2.5,41.0,0.5720596355604638,0,0.5580822638321621,0.5786606143338651,0.5720596355604638,extratrees
2023_07_DET_BAL,2023,7,2023-10-22,BAL,DET,3.0,43.5,0.593369754159424,1,0.5439727440077083,0.5623764380711023,0.593369754159424,extratrees
2023_07_LV_CHI,2023,7,2023-10-22,CHI,LV,-2.5,38.5,0.43650793650793646,1,0.40833022574151573,0.4044705996631459,0.43650793650793646,extratrees
2023_07_GB_DEN,2023,7,2023-10-22,DEN,GB,1.5,44.0,0.5173641257162701,1,0.4118282974269441,0.40853590554161123,0.5173641257162701,extratrees
2023_07_CLE_IND,2023,7,2023-10-22,IND,CLE,-3.5,40.0,0.3835616438356164,0,0.44291034937964835,0.4447358734859864,0.3835616438356164,extratrees
2023_07_LAC_KC,2023,7,2023-10-22,KC,LAC,5.5,48.5,0.6957699520733487,1,0.7333961897477614,0.7728586601723073,0.6957699520733487,extratrees
2023_07_PIT_LA,2023,7,2023-10-22,LA,PIT,3.5,44.0,0.6092362344582594,0,0.5647047897664207,0.5862828712065283,0.6092362344582594,extratrees
2023_07_BUF_NE,2023,7,2023-10-22,NE,BUF,-7.5,41.0,0.23409789548356585,1,0.28005189820668946,0.25826891418632963,0.23409789548356585,extratrees
2023_07_WAS_NYG,2023,7,2023-10-22,NYG,WAS,-3.0,37.0,0.4066302458405761,1,0.4352523100023665,0.43580668861734984,0.4066302458405761,extratrees
2023_07_MIA_PHI,2023,7,2023-10-22,PHI,MIA,3.0,52.0,0.5829926410466066,1,0.5982583680582259,0.6246559373571604,0.5829926410466066,extratrees
2023_07_ARI_SEA,2023,7,2023-10-22,SEA,ARI,9.5,43.5,0.7867435158501441,1,0.7893873522623336,0.829907661282844,0.7867435158501441,extratrees
2023_07_ATL_TB,2023,7,2023-10-22,TB,ATL,3.0,37.5,0.5720596355604638,0,0.5822319285820324,0.6063824180440274,0.5720596355604638,extratrees
2023_07_SF_MIN,2023,7,2023-10-23,MIN,SF,-7.0,44.5,0.26645768025078376,1,0.29813887316979204,0.2784014575947047,0.26645768025078376,extratrees
2023_08_TB_BUF,2023,8,2023-10-26,BUF,TB,10.0,43.0,0.7957758771164253,1,0.7920824220778091,0.8325701157572519,0.7957758771164253,extratrees
2023_08_BAL_ARI,2023,8,2023-10-29,ARI,BAL,-9.5,44.5,0.19999999999999998,0,0.2825512881392505,0.26103832808791244,0.19999999999999998,extratrees
2023_08_HOU_CAR,2023,8,2023-10-29,CAR,HOU,-3.0,43.0,0.4066302458405761,1,0.37251654537183365,0.36300945530208795,0.4066302458405761,extratrees
2023_08_LA_DAL,2023,8,2023-10-29,DAL,LA,6.5,44.5,0.725752508361204,1,0.7158297075383028,0.7543434093864987,0.725752508361204,extratrees
2023_08_KC_DEN,2023,8,2023-10-29,DEN,KC,-7.0,45.5,0.2591283863368669,1,0.24150093132880868,0.21613108958944444,0.2591283863368669,extratrees
2023_08_MIN_GB,2023,8,2023-10-29,GB,MIN,-1.0,41.5,0.4956702459300312,0,0.5252644179228256,0.5407040323012265,0.4956702459300312,extratrees
2023_08_NO_IND,2023,8,2023-10-29,IND,NO,-2.0,43.5,0.4572564612326044,0,0.4563955959999211,0.4604684228547064,0.4572564612326044,extratrees
2023_08_CHI_LAC,2023,8,2023-10-29,LAC,CHI,9.5,46.0,0.7819063004846527,1,0.7532258516712279,0.7934226117316336,0.7819063004846527,extratrees
2023_08_NE_MIA,2023,8,2023-10-29,MIA,NE,7.5,46.5,0.7600000000000001,1,0.759003269211482,0.7993427559365721,0.7600000000000001,extratrees
2023_08_NYJ_NYG,2023,8,2023-10-29,NYG,NYJ,-3.0,35.0,0.4066302458405761,0,0.42287514183219593,0.42138755635855135,0.4066302458405761,extratrees
2023_08_JAX_PIT,2023,8,2023-10-29,PIT,JAX,-2.5,41.0,0.448558885283451,0,0.502257417292206,0.5139551407508631,0.448558885283451,extratrees
2023_08_CLE_SEA,2023,8,2023-10-29,SEA,CLE,4.0,39.5,0.6369041816941223,1,0.6474228942850515,0.6799433741223361,0.6369041816941223,extratrees
2023_08_CIN_SF,2023,8,2023-10-29,SF,CIN,4.0,44.0,0.644729178800233,0,0.6625796477005119,0.6967104992620221,0.644729178800233,extratrees
2023_08_ATL_TEN,2023,8,2023-10-29,TEN,ATL,-2.5,35.0,0.4572564612326044,1,0.47174874874019757,0.4783848315746187,0.4572564612326044,extratrees
2023_08_PHI_WAS,2023,8,2023-10-29,WAS,PHI,-7.0,42.5,0.27792074112197634,0,0.26642312463573564,0.24324402150585553,0.27792074112197634,extratrees
2023_08_LV_DET,2023,8,2023-10-30,DET,LV,7.0,46.0,0.740871613663133,1,0.736782778078241,0.7763966653996252,0.740871613663133,extratrees
2023_09_TEN_PIT,2023,9,2023-11-02,PIT,TEN,3.5,37.0,0.6092362344582594,1,0.6364792971369067,0.66774981004655,0.6092362344582594,extratrees
2023_09_MIN_ATL,2023,9,2023-11-05,ATL,MIN,3.5,38.5,0.6309403437815976,0,0.5017611706988842,0.5133772784508756,0.6309403437815976,extratrees
2023_09_SEA_BAL,2023,9,2023-11-05,BAL,SEA,6.0,44.5,0.7001620745542949,1,0.6528426556667156,0.6859555688336092,0.7001620745542949,extratrees
2023_09_IND_CAR,2023,9,2023-11-05,CAR,IND,-1.5,45.0,0.4572564612326044,0,0.479069215265953,0.48692584153586743,0.4572564612326044,extratrees
2023_09_BUF_CIN,2023,9,2023-11-05,CIN,BUF,1.5,51.0,0.5324675324675325,1,0.546868664825028,0.5657233448523162,0.5324675324675325,extratrees
2023_09_ARI_CLE,2023,9,2023-11-05,CLE,ARI,13.0,38.0,0.8465011286681716,1,0.769982913589528,0.8105006756594317,0.8465011286681716,extratrees
2023_09_LA_GB,2023,9,2023-11-05,GB,LA,3.5,38.0,0.6333661417322834,1,0.5933399583178602,0.6190594383401278,0.6333661417322834,extratrees
2023_09_TB_HOU,2023,9,2023-11-05,HOU,TB,2.5,39.5,0.5720596355604638,1,0.5914386405879416,0.6168931904413856,0.5720596355604638,extratrees
2023_09_MIA_KC,2023,9,2023-11-05,KC,MIA,1.0,51.0,0.5108342361863488,1,0.5148856760248037,0.5286483987539303,0.5108342361863488,extratrees
2023_09_NYG_LV,2023,9,2023-11-05,LV,NYG,1.0,38.5,0.5173641257162701,1,0.5362106746082227,0.5533947182704034,0.5173641257162701,extratrees
2023_09_WAS_NE,2023,9,2023-11-05,NE,WAS,2.5,40.5,0.5829926410466066,0,0.5636807632562014,0.5851051959160807,0.5829926410466066,extratrees
2023_09_CHI_NO,2023,9,2023-11-05,NO,CHI,9.0,42.0,0.7819063004846527,1,0.7416773395748262,0.7814914289141771,0.7819063004846527,extratrees
2023_09_DAL_PHI,2023,9,2023-11-05,PHI,DAL,3.5,46.5,0.6092362344582594,1,0.5559321438126065,0.5761829092899018,0.6092362344582594,extratrees
2023_09_LAC_NYJ,2023,9,2023-11-06,NYJ,LAC,-3.0,41.0,0.3962430290578221,0,0.4747877958334924,0.48193084188000274,0.3962430290578221,extratrees
2023_10_CAR_CHI,2023,10,2023-11-09,CHI,CAR,3.0,38.0,0.6164383561643836,1,0.6215438031672021,0.6509991049527967,0.6164383561643836,extratrees
2023_10_ATL_ARI,2023,10,2023-11-12,ARI,ATL,-2.0,43.5,0.4572564612326044,1,0.40525059916697426,0.40089350187478223,0.4572564612326044,extratrees
2023_10_CLE_BAL,2023,10,2023-11-12,BAL,CLE,6.0,38.5,0.690792883054068,0,0.687457611164218,0.7238991846311056,0.690792883054068,extratrees
2023_10_HOU_CIN,2023,10,2023-11-12,CIN,HOU,5.5,46.0,0.6853932584269663,0,0.690631392716991,0.7273358602135361,0.6853932584269663,extratrees
2023_10_NYG_DAL,2023,10,2023-11-12,DAL,NYG,17.5,38.5,0.9197080291970804,1,0.8325584744930405,0.8715048201863663,0.9197080291970804,extratrees
2023_10_SF_JAX,2023,10,2023-11-12,JAX,SF,-3.0,44.5,0.3962430290578221,0,0.496448291048351,0.5071887048343792,0.3962430290578221,extratrees
2023_10_DET_LAC,2023,10,2023-11-12,LAC,DET,-2.5,48.5,0.43650793650793646,0,0.46054083897980275,0.46530569971494457,0.43650793650793646,extratrees
2023_10_NYJ_LV,2023,10,2023-11-12,LV,NYJ,-1.0,35.5,0.4891657638136511,1,0.5131584942996611,0.5266402570291954,0.4891657638136511,extratrees
2023_10_NO_MIN,2023,10,2023-11-12,MIN,NO,-3.0,41.0,0.4170073589533933,1,0.4428428891317871,0.44465719566714323,0.4170073589533933,extratrees
2023_10_IND_NE,2023,10,2023-11-12,NE,IND,-1.0,42.0,0.4826358742837298,0,0.44983635461633054,0.4528150482050446,0.4826358742837298,extratrees
2023_10_GB_PIT,2023,10,2023-11-12,PIT,GB,3.0,38.5,0.5996387718242023,1,0.6137048790569365,0.6421602834660267,0.5996387718242023,extratrees
2023_10_WAS_SEA,2023,10,2023-11-12,SEA,WAS,6.0,44.0,0.7001620745542949,1,0.6825459873291092,0.7185660379061554,0.7001620745542949,extratrees
2023_10_TEN_TB,2023,10,2023-11-12,TB,TEN,2.5,39.5,0.5634920634920635,1,0.5804349842385933,0.6043269910068095,0.5634920634920635,extratrees
2023_10_DEN_BUF,2023,10,2023-11-13,BUF,DEN,7.5,47.5,0.7659021045164341,0,0.7525577028065018,0.7927358304773837,0.7659021045164341,extratrees
2023_11_CIN_BAL,2023,11,2023-11-16,BAL,CIN,4.0,46.5,0.644729178800233,1,0.6116426153326999,0.6398298477497202,0.644729178800233,extratrees
2023_11_NYJ_BUF,2023,11,2023-11-19,BUF,NYJ,8.0,39.5,0.7659021045164341,1,0.7403285681567613,0.7800897086107674,0.7659021045164341,extratrees
2023_11_DAL_CAR,2023,11,2023-11-19,CAR,DAL,-11.0,43.0,0.16835016835016833,0,0.26170898726835173,0.23807828044563656,0.16835016835016833,extratrees
2023_11_PIT_CLE,2023,11,2023-11-19,CLE,PIT,2.5,34.0,0.5634920634920635,1,0.5202132731987029,0.5348393238605778,0.5634920634920635,extratrees
2023_11_MIN_DEN,2023,11,2023-11-19,DEN,MIN,2.5,43.5,0.5634920634920635,1,0.5137223382257887,0.5272958766669126,0.5634920634920635,extratrees
2023_11_CHI_DET,2023,11,2023-11-19,DET,CHI,8.0,48.0,0.7819063004846527,1,0.766458057986855,0.8069320985852471,0.7819063004846527,extratrees
2023_11_LAC_GB,2023,11,2023-11-19,GB,LAC,-3.0,44.0,0.4066302458405761,1,0.45552318530248537,0.45945040883365773,0.4066302458405761,extratrees
2023_11_ARI_HOU,2023,11,2023-11-19,HOU,ARI,5.5,48.0,0.6853932584269663,1,0.6610777185157192,0.695055536871749,0.6853932584269663,extratrees
2023_11_TEN_JAX,2023,11,2023-11-19,JAX,TEN,6.5,40.0,0.7135512302607419,1,0.7053751650772886,0.7431997854701107,0.7135512302607419,extratrees
2023_11_SEA_LA,2023,11,2023-11-19,LA,SEA,2.5,45.0,0.551441114716549,1,0.4617473538522473,0.46671367819439574,0.551441114716549,extratrees
2023_11_LV_MIA,2023,11,2023-11-19,MIA,LV,14.0,44.5,0.8800000000000001,1,0.7929259503756096,0.8334017332320854,0.8800000000000001,extratrees
2023_11_TB_SF,2023,11,2023-11-19,SF,TB,13.5,41.5,0.8677165354330709,1,0.838702466872304,0.8772305594564639,0.8677165354330709,extratrees
2023_11_NYG_WAS,2023,11,2023-11-19,WAS,NYG,7.5,39.0,0.7659021045164341,0,0.7357884736345064,0.7753589898377433,0.7659021045164341,extratrees
2023_11_PHI_KC,2023,11,2023-11-20,KC,PHI,2.5,46.0,0.5720596355604638,0,0.5843434938110569,0.6087961020523079,0.5720596355604638,extratrees
2023_12_WAS_DAL,2023,12,2023-11-23,DAL,WAS,13.0,48.0,0.8524590163934427,1,0.835580254884697,0.8743273341785465,0.8524590163934427,extratrees
2023_12_GB_DET,2023,12,2023-11-23,DET,GB,8.5,47.0,0.7768331562167907,0,0.7551043002588036,0.7953510942595439,0.7768331562167907,extratrees
2023_12_SF_SEA,2023,12,2023-11-23,SEA,SF,-7.0,43.5,0.2522172949002217,0,0.2835134685841375,0.26210557390378547,0.2522172949002217,extratrees
2023_12_MIA_NYJ,2023,12,2023-11-24,NYJ,MIA,-9.5,40.0,0.19999999999999998,0,0.2575958119685853,0.2335848163222576,0.19999999999999998,extratrees
2023_12_LA_ARI,2023,12,2023-11-26,ARI,LA,-3.0,45.0,0.42794036443953615,0,0.4106944921791007,0.4072180025468172,0.42794036443953615,extratrees
2023_12_NO_ATL,2023,12,2023-11-26,ATL,NO,-2.0,42.0,0.4572564612326044,1,0.3914910545873174,0.3849359054454455,0.4572564612326044,extratrees
2023_12_PIT_CIN,2023,12,2023-11-26,CIN,PIT,-2.0,36.0,0.448558885283451,0,0.46826161215712253,0.47431566242517037,0.448558885283451,extratrees
2023_12_CLE_DEN,2023,12,2023-11-26,DEN,CLE,1.5,37.5,0.5324675324675325,1,0.5226779133559055,0.5377015628689513,0.5324675324675325,extratrees
2023_12_JAX_HOU,2023,12,2023-11-26,HOU,JAX,-1.0,48.0,0.4891657638136511,0,0.4688121758321398,0.47495813719310703,0.4891657638136511,extratrees
2023_12_TB_IND,2023,12,2023-11-26,IND,TB,2.5,45.0,0.5829926410466066,1,0.5712286024599552,0.5937771382740039,0.5829926410466066,extratrees
2023_12_BAL_LAC,2023,12,2023-11-26,LAC,BAL,-3.0,49.0,0.3962430290578221,0,0.4130335745671142,0.40993713444208696,0.3962430290578221,extratrees
2023_12_KC_LV,2023,12,2023-11-26,LV,KC,-9.0,42.5,0.19999999999999998,0,0.2740158504651157,0.25159835496414085,0.19999999999999998,extratrees
2023_12_NE_NYG,2023,12,2023-11-26,NYG,NE,-4.5,36.5,0.34252477380439467,1,0.4259859183774817,0.4250098097196145,0.34252477380439467,extratrees
2023_12_BUF_PHI,2023,12,2023-11-26,PHI,BUF,2.5,49.0,0.5720596355604638,1,0.6017743368458546,0.6286500737702156,0.5720596355604638,extratrees
2023_12_CAR_TEN,2023,12,2023-11-26,TEN,CAR,3.5,36.0,0.6092362344582594,1,0.6074750548087309,0.6351140374726861,0.6092362344582594,extratrees
2023_12_CHI_MIN,2023,12,2023-11-27,MIN,CHI,3.0,43.5,0.5996387718242023,0,0.6925901966275998,0.7294531438946646,0.5996387718242023,extratrees
2023_13_SEA_DAL,2023,13,2023-11-30,DAL,SEA,9.5,47.5,0.7999999999999999,1,0.7533808910678391,0.7935819121051972,0.7999999999999999,extratrees
2023_13_KC_GB,2023,13,2023-12-03,GB,KC,-5.5,43.5,0.30423004792665137,1,0.3427007654380688,0.32879555713146114,0.30423004792665137,extratrees
2023_13_DEN_HOU,2023,13,2023-12-03,HOU,DEN,3.5,47.5,0.6037569709421778,1,0.5724970276617599,0.5952325149501828,0.6037569709421778,extratrees
2023_13_CLE_LA,2023,13,2023-12-03,LA,CLE,3.5,39.5,0.6309403437815976,1,0.5915693058573083,0.6170421117692126,0.6309403437815976,extratrees
2023_13_LAC_NE,2023,13,2023-12-03,NE,LAC,-4.5,38.5,0.33635187580853815,0,0.333851034002068,0.31870912940788293,0.33635187580853815,extratrees
2023_13_DET_NO,2023,13,2023-12-03,NO,DET,-4.0,47.5,0.3630958183058778,0,0.40434514797461996,0.3998421434951915,0.3630958183058778,extratrees
2023_13_ATL_NYJ,2023,13,2023-12-03,NYJ,ATL,-2.0,33.0,0.4675324675324675,0,0.460746774809107,0.46554602189153954,0.4675324675324675,extratrees
2023_13_SF_PHI,2023,13,2023-12-03,PHI,SF,-3.0,46.5,0.42794036443953615,0,0.51937389016659,0.5338642649194059,0.42794036443953615,extratrees
2023_13_ARI_PIT,2023,13,2023-12-03,PIT,ARI,6.0,41.0,0.7095435684647302,0,0.7728263810282404,0.813369931074888,0.7095435684647302,extratrees
2023_13_CAR_TB,2023,13,2023-12-03,TB,CAR,4.0,37.0,0.6369041816941223,1,0.6757017296535648,0.7111053435078293,0.6369041816941223,extratrees
2023_13_IND_TEN,2023,13,2023-12-03,TEN,IND,-1.5,42.0,0.4739134147382802,0,0.47721302829040346,0.48476039000459437,0.4739134147382802,extratrees
2023_13_MIA_WAS,2023,13,2023-12-03,WAS,MIA,-8.5,50.0,0.2132564841498559,0,0.23746534937414274,0.21178858912909926,0.2132564841498559,extratrees
2023_13_CIN_JAX,2023,13,2023-12-04,JAX,CIN,10.0,41.0,0.8118668596237336,0,0.7329578951802683,0.7724000074134209,0.8118668596237336,extratrees
2023_14_NE_PIT,2023,14,2023-12-07,PIT,NE,6.0,30.0,0.7001620745542949,0,0.6811911869368872,0.7170918745102928,0.7001620745542949,extratrees
2023_14_TB_ATL,2023,14,2023-12-10,ATL,TB,1.5,41.5,0.5324675324675325,0,0.5268479082103531,0.542541503799944,0.5324675324675325,extratrees
2023_14_LA_BAL,2023,14,2023-12-10,BAL,LA,7.5,42.0,0.7508125677139762,1,0.7538719580832551,0.794086319454695,0.7508125677139762,extratrees
2023_14_DET_CHI,2023,14,2023-12-10,CHI,DET,-3.0,44.5,0.3962430290578221,1,0.34099691635080454,0.326850919428091,0.3962430290578221,extratrees
2023_14_IND_CIN,2023,14,2023-12-10,CIN,IND,3.0,45.0,0.5720596355604638,1,0.6130776614779814,0.6414517254643644,0.5720596355604638,extratrees
2023_14_JAX_CLE,2023,14,2023-12-10,CLE,JAX,2.5,37.5,0.5634920634920635,1,0.5593672569368957,0.5801406942973673,0.5634920634920635,extratrees
2023_14_PHI_DAL,2023,14,2023-12-10,DAL,PHI,3.5,52.5,0.6092362344582594,1,0.5996495418067813,0.6262369741755373,0.6092362344582594,extratrees
2023_14_BUF_KC,2023,14,2023-12-10,KC,BUF,2.0,49.5,0.5324675324675325,0,0.5296907345396165,0.5458389607055593,0.5324675324675325,extratrees
2023_14_DEN_LAC,2023,14,2023-12-10,LAC,DEN,3.0,45.0,0.593369754159424,0,0.536465173053693,0.5536894457358147,0.593369754159424,extratrees
2023_14_MIN_LV,2023,14,2023-12-10,LV,MIN,-3.0,40.5,0.4170073589533933,0,0.41280097574094554,0.409666700418203,0.4170073589533933,extratrees
2023_14_CAR_NO,2023,14,2023-12-10,NO,CAR,5.5,39.0,0.6805555555555556,1,0.7181007504977411,0.7567521321175397,0.6805555555555556,extratrees
2023_14_HOU_NYJ,2023,14,2023-12-10,NYJ,HOU,-3.5,33.5,0.39076376554174075,1,0.36831339693405885,0.3581669849555238,0.39076376554174075,extratrees
2023_14_SEA_SF,2023,14,2023-12-10,SF,SEA,14.5,44.5,0.8720930232558138,1,0.8449356790043846,0.8829860540814837,0.8720930232558138,extratrees
2023_14_TEN_MIA,2023,14,2023-12-11,MIA,TEN,14.0,45.0,0.8677165354330709,0,0.8646257483472147,0.9007966090517765,0.8677165354330709,extratrees
2023_14_GB_NYG,2023,14,2023-12-11,NYG,GB,-6.0,37.5,0.30423004792665137,1,0.3024788109093796,0.28326248137458987,0.30423004792665137,extratrees
2023_15_LAC_LV,2023,15,2023-12-14,LV,LAC,3.0,36.0,0.593369754159424,1,0.5753660043935619,0.5985221950889329,0.593369754159424,extratrees
2023_15_MIN_CIN,2023,15,2023-12-16,CIN,MIN,3.0,41.5,0.6092362344582594,1,0.6282321767627751,0.658515377512894,0.6092362344582594,extratrees
2023_15_DEN_DET,2023,15,2023-12-16,DET,DEN,5.5,49.0,0.690792883054068,1,0.6361687932106105,0.6674028244634176,0.690792883054068,extratrees
2023_15_PIT_IND,2023,15,2023-12-16,IND,PIT,1.5,41.5,0.5260865852617197,1,0.5488155888323356,0.567972164578527,0.5260865852617197,extratrees
2023_15_SF_ARI,2023,15,2023-12-17,ARI,SF,-12.5,48.0,0.15349887133182846,0,0.2490951487195522,0.22434019486984863,0.15349887133182846,extratrees
2023_15_DAL_BUF,2023,15,2023-12-17,BUF,DAL,2.0,49.5,0.551441114716549,1,0.5077272540049842,0.5203223614816849,0.551441114716549,extratrees
2023_15_ATL_CAR,2023,15,2023-12-17,CAR,ATL,-3.0,32.0,0.4170073589533933,1,0.4112580107377477,0.4078729917847445,0.4170073589533933,extratrees
2023_15_CHI_CLE,2023,15,2023-12-17,CLE,CHI,3.0,38.0,0.5720596355604638,1,0.6088647079981203,0.6366874299272947,0.5720596355604638,extratrees
2023_15_TB_GB,2023,15,2023-12-17,GB,TB,4.0,41.5,0.6574752261956054,0,0.6212546486376086,0.6506736259384909,0.6574752261956054,extratrees
2023_15_BAL_JAX,2023,15,2023-12-17,JAX,BAL,-4.0,42.5,0.33635187580853815,0,0.35001962272839876,0.337162611728156,0.33635187580853815,extratrees
2023_15_WAS_LA,2023,15,2023-12-17,LA,WAS,6.5,48.5,0.7179705215419501,1,0.6924752015089195,0.7293289251389948,0.7179705215419501,extratrees
2023_15_NYJ_MIA,2023,15,2023-12-17,MIA,NYJ,7.5,36.0,0.7440690150970525,1,0.77573941295607,0.8163004936448276,0.7440690150970525,extratrees
2023_15_KC_NE,2023,15,2023-12-17,NE,KC,-10.0,39.5,0.2042241228835748,0,0.3071986378507284,0.2885615062918976,0.2042241228835748,extratrees
2023_15_NYG_NO,2023,15,2023-12-17,NO,NYG,6.0,39.5,0.6853932584269663,1,0.6580144645936375,0.691675620303528,0.6853932584269663,extratrees
2023_15_HOU_TEN,2023,15,2023-12-17,TEN,HOU,3.0,38.0,0.6037569709421778,0,0.5914868052005516,0.6169480852716078,0.6037569709421778,extratrees
2023_15_PHI_SEA,2023,15,2023-12-18,SEA,PHI,-5.0,46.0,0.3249687530045188,1,0.3442916030732251,0.3306123341994778,0.3249687530045188,extratrees
2023_16_NO_LA,2023,16,2023-12-21,LA,NO,4.0,45.5,0.6574752261956054,1,0.6138630897301025,0.6423389808878645,0.6574752261956054,extratrees
2023_16_BUF_LAC,2023,16,2023-12-23,LAC,BUF,-13.0,44.5,0.1475409836065574,0,0.2679522894106098,0.24492321761258,0.1475409836065574,extratrees
2023_16_CIN_PIT,2023,16,2023-12-23,PIT,CIN,-3.0,39.5,0.4170073589533933,1,0.3610821834633039,0.3498497644186367,0.4170073589533933,extratrees
2023_16_IND_ATL,2023,16,2023-12-24,ATL,IND,3.0,44.0,0.5829926410466066,1,0.5056617166623987,0.5179184442188332,0.5829926410466066,extratrees
2023_16_GB_CAR,2023,16,2023-12-24,CAR,GB,-3.5,39.5,0.3630958183058778,0,0.354507865992328,0.3423043556986536,0.3630958183058778,extratrees
2023_16_ARI_CHI,2023,16,2023-12-24,CHI,ARI,4.5,42.0,0.6574752261956054,1,0.6374671744662427,0.6688533888694312,0.6574752261956054,extratrees
2023_16_NE_DEN,2023,16,2023-12-24,DEN,NE,7.0,37.5,0.740871613663133,0,0.7434597830465537,0.7833412318605146,0.740871613663133,extratrees
2023_16_CLE_HOU,2023,16,2023-12-24,HOU,CLE,-3.0,40.0,0.4066302458405761,0,0.44097644169038663,0.4424805164235161,0.4066302458405761,extratrees
2023_16_DAL_MIA,2023,16,2023-12-24,MIA,DAL,1.5,48.5,0.5260865852617197,1,0.5467681991302854,0.5656072719454641,0.5260865852617197,extratrees
2023_16_DET_MIN,2023,16,2023-12-24,MIN,DET,-2.5,47.5,0.42794036443953615,0,0.4550089184732955,0.4588503212328924,0.42794036443953615,extratrees
2023_16_WAS_NYJ,2023,16,2023-12-24,NYJ,WAS,3.0,36.5,0.5996387718242023,1,0.5699728565898649,0.5923357445601977,0.5996387718242023,extratrees
2023_16_JAX_TB,2023,16,2023-12-24,TB,JAX,-2.0,43.0,0.4675324675324675,1,0.4771984587266974,0.4847433922958225,0.4675324675324675,extratrees
2023_16_SEA_TEN,2023,16,2023-12-24,TEN,SEA,-3.0,42.0,0.4003612281757977,0,0.4023410371890941,0.39751567992232983,0.4003612281757977,extratrees
2023_16_LV_KC,2023,16,2023-12-25,KC,LV,11.0,40.5,0.8223350253807106,0,0.766225818453659,0.8066965254825041,0.8223350253807106,extratrees
2023_16_NYG_PHI,2023,16,2023-12-25,PHI,NYG,14.0,41.0,0.863013698630137,1,0.8153939921885054,0.8552432357979487,0.863013698630137,extratrees
2023_16_BAL_SF,2023,16,2023-12-25,SF,BAL,6.5,47.5,0.7440690150970525,0,0.6781148824499379,0.7137396440399205,0.7440690150970525,extratrees
2023_17_NYJ_CLE,2023,17,2023-12-28,CLE,NYJ,6.5,33.5,0.7415045018878884,1,0.7332945242363637,0.7727522879109227,0.7415045018878884,extratrees
2023_17_DET_DAL,2023,17,2023-12-30,DAL,DET,5.5,53.0,0.6750312469954812,1,0.6087489037567767,0.6365563493354788,0.6750312469954812,extratrees
2023_17_MIA_BAL,2023,17,2023-12-31,BAL,MIA,3.0,47.0,0.6164383561643836,1,0.5869197683698794,0.6117385708462924,0.6164383561643836,extratrees
2023_17_NE_BUF,2023,17,2023-12-31,BUF,NE,15.0,40.0,0.8869565217391304,1,0.8893409835091665,0.9222893409034334,0.8869565217391304,extratrees
2023_17_ATL_CHI,2023,17,2023-12-31,CHI,ATL,3.0,39.0,0.5829926410466066,1,0.5939720216914574,0.6197792315496485,0.5829926410466066,extratrees
2023_17_LAC_DEN,2023,17,2023-12-31,DEN,LAC,3.5,39.5,0.6369041816941223,1,0.5852742151651077,0.6098594257617309,0.6369041816941223,extratrees
2023_17_TEN_HOU,2023,17,2023-12-31,HOU,TEN,5.0,44.0,0.6690070210631895,1,0.6172398785462357,0.6461500520886841,0.6690070210631895,extratrees
2023_17_LV_IND,2023,17,2023-12-31,IND,LV,3.5,42.5,0.6164383561643836,1,0.5736253760285351,0.5965266815006488,0.6164383561643836,extratrees
2023_17_CAR_JAX,2023,17,2023-12-31,JAX,CAR,3.5,38.0,0.6309403437815976,1,0.6879194813758557,0.7243997797784772,0.6309403437815976,extratrees
2023_17_CIN_KC,2023,17,2023-12-31,KC,CIN,7.5,46.0,0.7440690150970525,1,0.7115683748673008,0.7498120673570735,0.7440690150970525,extratrees
2023_17_GB_MIN,2023,17,2023-12-31,MIN,GB,1.0,42.5,0.5043297540699688,0,0.4805465696612941,0.48864921205374034,0.5043297540699688,extratrees
2023_17_LA_NYG,2023,17,2023-12-31,NYG,LA,-6.0,43.5,0.2820294784580499,0,0.3004179422999893,0.2809527746725876,0.2820294784580499,extratrees
2023_17_ARI_PHI,2023,17,2023-12-31,PHI,ARI,12.0,48.0,0.8465011286681716,0,0.8332789030346497,0.8721788645325999,0.8465011286681716,extratrees
2023_17_PIT_SEA,2023,17,2023-12-31,SEA,PIT,4.5,40.5,0.6636481241914618,0,0.6365056557699011,0.667779263073327,0.6636481241914618,extratrees
2023_17_NO_TB,2023,17,2023-12-31,TB,NO,2.5,42.5,0.5720596355604638,0,0.5714532649712307,0.5940349554875635,0.5720596355604638,extratrees
2023_17_SF_WAS,2023,17,2023-12-31,WAS,SF,-14.0,49.0,0.12382234185733514,0,0.25552095393980434,0.23132308923087555,0.12382234185733514,extratrees
2023_18_PIT_BAL,2023,18,2024-01-06,BAL,PIT,-3.0,34.0,0.4170073589533933,0,0.5806995335992926,0.6046296734630632,0.4170073589533933,extratrees
2023_18_HOU_IND,2023,18,2024-01-06,IND,HOU,-1.5,47.5,0.4675324675324675,0,0.5056266897350233,0.5178776738228145,0.4675324675324675,extratrees
2023_18_SEA_ARI,2023,18,2024-01-07,ARI,SEA,-2.5,48.0,0.4170073589533933,0,0.4095881947007372,0.405932297681427,0.4170073589533933,extratrees
2023_18_TB_CAR,2023,18,2024-01-07,CAR,TB,-5.0,36.5,0.3194444444444444,0,0.3125103137250149,0.2945400707707172,0.3194444444444444,extratrees
2023_18_CLE_CIN,2023,18,2024-01-07,CIN,CLE,7.5,37.0,0.7508125677139762,1,0.6655763921942068,0.700008147406866,0.7508125677139762,extratrees
2023_18_MIN_DET,2023,18,2024-01-07,DET,MIN,3.5,47.5,0.644729178800233,1,0.635412442250215,0.666557379168626,0.644729178800233,extratrees
2023_18_CHI_GB,2023,18,2024-01-07,GB,CHI,2.5,45.5,0.5720596355604638,1,0.55170674435785,0.5713096412684403,0.5720596355604638,extratrees
2023_18_KC_LAC,2023,18,2024-01-07,LAC,KC,3.5,35.0,0.6224665518611737,0,0.45897572495334504,0.4634792639253806,0.6224665518611737,extratrees
2023_18_DEN_LV,2023,18,2024-01-07,LV,DEN,3.5,37.5,0.6092362344582594,1,0.5883843064512749,0.61341007704306,0.6092362344582594,extratrees
2023_18_BUF_MIA,2023,18,2024-01-07,MIA,BUF,-2.5,47.5,0.4170073589533933,0,0.4569542705984383,0.4611203483507119,0.4170073589533933,extratrees
2023_18_NYJ_NE,2023,18,2024-01-07,NE,NYJ,2.5,28.5,0.5634920634920635,0,0.5762709818126136,0.5995592490385454,0.5634920634920635,extratrees
2023_18_ATL_NO,2023,18,2024-01-07,NO,ATL,3.5,41.5,0.6092362344582594,1,0.6184076833234619,0.6474667079118122,0.6092362344582594,extratrees
2023_18_PHI_NYG,2023,18,2024-01-07,NYG,PHI,-4.5,43.0,0.32872981910134214,1,0.33660040519221657,0.3218389616157506,0.32872981910134214,extratrees
2023_18_LA_SF,2023,18,2024-01-07,SF,LA,5.5,40.0,0.6805555555555556,0,0.6399260640278418,0.6715978311275503,0.6805555555555556,extratrees
2023_18_JAX_TEN,2023,18,2024-01-07,TEN,JAX,-3.5,41.5,0.3775334481388264,1,0.3699568538902047,0.36005973632399324,0.3775334481388264,extratrees
2023_18_DAL_WAS,2023,18,2024-01-07,WAS,DAL,-13.0,47.5,0.14205607476635515,0,0.23015517838553265,0.2039587574661004,0.14205607476635515,extratrees
2023_19_CLE_HOU,2023,19,2024-01-13,HOU,CLE,-2.5,45.0,0.42794036443953615,1,0.4588784138579035,0.46336570615966705,0.42794036443953615,extratrees
2023_19_MIA_KC,2023,19,2024-01-13,KC,MIA,4.5,43.5,0.6690070210631895,1,0.5792442441985232,0.6029642793484383,0.6690070210631895,extratrees
2023_19_GB_DAL,2023,19,2024-01-14,DAL,GB,7.0,52.5,0.7440690150970525,0,0.6850901660815903,0.7213307689787499,0.7440690150970525,extratrees
2023_19_LA_DET,2023,19,2024-01-14,DET,LA,3.5,52.5,0.593369754159424,1,0.585562801405902,0.61018905699101,0.593369754159424,extratrees
2023_19_PIT_BUF,2023,19,2024-01-15,BUF,PIT,10.0,39.5,0.7957758771164253,1,0.7505580805194759,0.7906778412297824,0.7957758771164253,extratrees
2023_19_PHI_TB,2023,19,2024-01-15,TB,PHI,-2.5,43.0,0.4066302458405761,1,0.4760481845598734,0.4834013842694667,0.4066302458405761,extratrees
2023_20_HOU_BAL,2023,20,2024-01-20,BAL,HOU,10.0,44.0,0.7768331562167907,1,0.641703259092751,0.6735792279711046,0.7768331562167907,extratrees
2023_20_GB_SF,2023,20,2024-01-20,SF,GB,10.5,50.5,0.7913616398243045,1,0.6424533577508375,0.6744149583649446,0.7913616398243045,extratrees
2023_20_KC_BUF,2023,20,2024-01-21,BUF,KC,2.5,45.5,0.5634920634920635,0,0.5643939049074116,0.5859253770277568,0.5634920634920635,extratrees
2023_20_TB_DET,2023,20,2024-01-21,DET,TB,6.0,49.5,0.705033164260632,1,0.6190294899131026,0.6481674876735726,0.705033164260632,extratrees
2023_21_KC_BAL,2023,21,2024-01-28,BAL,KC,4.5,44.0,0.6574752261956054,0,0.6690426929356449,0.703815025259568,0.6574752261956054,extratrees
2023_21_DET_SF,2023,21,2024-01-28,SF,DET,7.5,52.5,0.7335423197492164,1,0.6897554077624104,0.7263880670357968,0.7335423197492164,extratrees
2023_22_SF_KC,2023,22,2024-02-11,KC,SF,-1.5,47.0,0.4782608695652174,1,0.48556133825616604,0.4944980524989254,0.4782608695652174,extratrees
2024_01_BAL_KC,2024,1,2024-09-05,KC,BAL,3.0,46.0,0.5720596355604638,1,0.5709749882935681,0.5824049582222434,0.5720596355604638,extratrees
2024_01_GB_PHI,2024,1,2024-09-06,PHI,GB,2.0,49.5,0.5427435387673957,1,0.45971213158145846,0.47789004632248017,0.5427435387673957,extratrees
2024_01_PIT_ATL,2024,1,2024-09-08,ATL,PIT,4.0,43.0,0.6309403437815976,0,0.5007920694444524,0.5166275983011601,0.6309403437815976,extratrees
2024_01_ARI_BUF,2024,1,2024-09-08,BUF,ARI,6.5,46.0,0.725752508361204,1,0.7357122463392426,0.7364181234832572,0.725752508361204,extratrees
2024_01_TEN_CHI,2024,1,2024-09-08,CHI,TEN,4.0,43.0,0.6369041816941223,1,0.6109000713989864,0.6196937354288948,0.6369041816941223,extratrees
2024_01_NE_CIN,2024,1,2024-09-08,CIN,NE,8.0,40.5,0.7571884984025559,0,0.6711298393634392,0.6759245962863527,0.7571884984025559,extratrees
2024_01_DAL_CLE,2024,1,2024-09-08,CLE,DAL,2.5,42.0,0.5427435387673957,0,0.44619788391808046,0.4650947101010787,0.5427435387673957,extratrees
2024_01_LA_DET,2024,1,2024-09-08,DET,LA,5.0,54.0,0.6636481241914618,1,0.6415526368304203,0.6483041288890653,0.6636481241914618,extratrees
2024_01_HOU_IND,2024,1,2024-09-08,IND,HOU,-3.0,49.0,0.4170073589533933,0,0.37386536965665523,0.39605317984449695,0.4170073589533933,extratrees
2024_01_LV_LAC,2024,1,2024-09-08,LAC,LV,3.0,41.0,0.5829926410466066,1,0.4757098600982116,0.4930019170502039,0.5829926410466066,extratrees
2024_01_JAX_MIA,2024,1,2024-09-08,MIA,JAX,3.5,49.5,0.6164383561643836,1,0.5867016369253111,0.5970995727183684,0.6164383561643836,extratrees
2024_01_CAR_NO,2024,1,2024-09-08,NO,CAR,3.5,41.5,0.6309403437815976,1,0.6728215632474539,0.6775053703687459,0.6309403437815976,extratrees
2024_01_MIN_NYG,2024,1,2024-09-08,NYG,MIN,-1.0,42.5,0.4891657638136511,0,0.5000623307057566,0.5159412962745282,0.4891657638136511,extratrees
2024_01_DEN_SEA,2024,1,2024-09-08,SEA,DEN,6.5,42.0,0.705033164260632,1,0.6648125915713784,0.6700227939863651,0.705033164260632,extratrees
2024_01_WAS_TB,2024,1,2024-09-08,TB,WAS,4.0,42.0,0.6369041816941223,1,0.6338462203671986,0.6411108673199148,0.6369041816941223,extratrees
2024_01_NYJ_SF,2024,1,2024-09-09,SF,NYJ,3.5,43.0,0.6164383561643836,1,0.682491034397624,0.6865435024942371,0.6164383561643836,extratrees
2024_02_BUF_MIA,2024,2,2024-09-12,MIA,BUF,2.5,48.5,0.551441114716549,0,0.4991059267998985,0.5150417302901926,0.551441114716549,extratrees
2024_02_LA_ARI,2024,2,2024-09-15,ARI,LA,-1.0,47.5,0.4956702459300312,1,0.4669064983986402,0.4846905078581265,0.4956702459300312,extratrees
2024_02_LV_BAL,2024,2,2024-09-15,BAL,LV,9.0,41.0,0.7867435158501441,0,0.7237048740935043,0.7251416093616212,0.7867435158501441,extratrees
2024_02_LAC_CAR,2024,2,2024-09-15,CAR,LAC,-5.0,39.0,0.33635187580853815,0,0.3667582957597358,0.38921019974650684,0.33635187580853815,extratrees
2024_02_NO_DAL,2024,2,2024-09-15,DAL,NO,6.5,47.0,0.7135512302607419,0,0.6383272892957662,0.6452934639692554,0.7135512302607419,extratrees
2024_02_PIT_DEN,2024,2,2024-09-15,DEN,PIT,-3.0,36.5,0.4170073589533933,0,0.4077308130553948,0.42850552745832643,0.4170073589533933,extratrees
2024_02_TB_DET,2024,2,2024-09-15,DET,TB,7.5,51.5,0.7571884984025559,0,0.6857473831425687,0.6895884338779728,0.7571884984025559,extratrees
2024_02_IND_GB,2024,2,2024-09-15,GB,IND,-3.0,41.5,0.43650793650793646,1,0.5331799851716157,0.547032636543938,0.43650793650793646,extratrees
2024_02_CHI_HOU,2024,2,2024-09-15,HOU,CHI,6.0,45.5,0.690792883054068,1,0.6740952831641543,0.6786956459846052,0.690792883054068,extratrees
2024_02_CLE_JAX,2024,2,2024-09-15,JAX,CLE,3.0,41.5,0.6037569709421778,0,0.5475608139643332,0.5605031620099997,0.6037569709421778,extratrees
2024_02_CIN_KC,2024,2,2024-09-15,KC,CIN,6.5,47.5,0.7135512302607419,1,0.719554457526831,0.7212476339174694,0.7135512302607419,extratrees
2024_02_SF_MIN,2024,2,2024-09-15,MIN,SF,-4.5,46.5,0.34252477380439467,1,0.3815725743117976,0.4034607364368513,0.34252477380439467,extratrees
2024_02_SEA_NE,2024,2,2024-09-15,NE,SEA,-3.5,39.0,0.3962430290578221,0,0.47556728449252306,0.4928673932361159,0.3962430290578221,extratrees
2024_02_NYJ_TEN,2024,2,2024-09-15,TEN,NYJ,-3.5,41.5,0.3835616438356164,0,0.4445062076505328,0.4634910055717686,0.3835616438356164,extratrees
2024_02_NYG_WAS,2024,2,2024-09-15,WAS,NYG,1.5,42.5,0.5324675324675325,1,0.4757771138201335,0.49306537175119963,0.5324675324675325,extratrees
2024_02_ATL_PHI,2024,2,2024-09-16,PHI,ATL,5.5,46.5,0.6957699520733487,0,0.7128000151390674,0.7149143390004398,0.6957699520733487,extratrees
2024_03_NE_NYJ,2024,3,2024-09-19,NYJ,NE,6.5,39.0,0.7095435684647302,1,0.700327035968498,0.7032302673948077,0.7095435684647302,extratrees
2024_03_DET_ARI,2024,3,2024-09-22,ARI,DET,-3.0,51.5,0.42794036443953615,0,0.43879812922904504,0.4580763107682337,0.42794036443953615,extratrees
2024_03_KC_ATL,2024,3,2024-09-22,ATL,KC,-3.0,46.0,0.3962430290578221,0,0.3309294800892384,0.3545196658392169,0.3962430290578221,extratrees
2024_03_NYG_CLE,2024,3,2024-09-22,CLE,NYG,6.5,38.0,0.7001620745542949,0,0.6722751817542563,0.6769948077906394,0.7001620745542949,extratrees
2024_03_BAL_DAL,2024,3,2024-09-22,DAL,BAL,-1.5,47.5,0.4782608695652174,0,0.4854879912922944,0.5022214820139201,0.4782608695652174,extratrees
2024_03_CHI_IND,2024,3,2024-09-22,IND,CHI,1.5,43.0,0.5324675324675325,1,0.5151232529534225,0.5300940975412815,0.5324675324675325,extratrees
2024_03_SF_LA,2024,3,2024-09-22,LA,SF,-6.0,44.5,0.30920711694593195,1,0.3049945500514762,0.3291856752068839,0.30920711694593195,extratrees
2024_03_CAR_LV,2024,3,2024-09-22,LV,CAR,5.5,40.0,0.6805555555555556,0,0.6939503314896562,0.697261857926768,0.6805555555555556,extratrees
2024_03_HOU_MIN,2024,3,2024-09-22,MIN,HOU,-2.0,46.0,0.448558885283451,1,0.5135066273127052,0.52857608068683,0.448558885283451,extratrees
2024_03_PHI_NO,2024,3,2024-09-22,NO,PHI,2.5,49.0,0.5634920634920635,0,0.6124733073971931,0.6211622445281009,0.5634920634920635,extratrees
2024_03_LAC_PIT,2024,3,2024-09-22,PIT,LAC,3.0,36.0,0.5720596355604638,1,0.5987879603246625,0.6083864651717056,0.5720596355604638,extratrees
2024_03_MIA_SEA,2024,3,2024-09-22,SEA,MIA,4.0,41.5,0.644729178800233,1,0.6366798303937746,0.6437557137122596,0.644729178800233,extratrees
2024_03_DEN_TB,2024,3,2024-09-22,TB,DEN,6.0,40.5,0.6805555555555556,0,0.6886494447177086,0.6923026415470431,0.6805555555555556,extratrees
2024_03_GB_TEN,2024,3,2024-09-22,TEN,GB,3.0,37.0,0.593369754159424,0,0.4724028027066418,0.4898809157215355,0.593369754159424,extratrees
2024_03_JAX_BUF,2024,3,2024-09-23,BUF,JAX,4.0,46.5,0.6574752261956054,1,0.7239108984851108,0.7253349528148961,0.6574752261956054,extratrees
2024_03_WAS_CIN,2024,3,2024-09-23,CIN,WAS,7.5,46.0,0.7477827050997783,0,0.7321695900589336,0.7330893062804037,0.7477827050997783,extratrees
2024_04_DAL_NYG,2024,4,2024-09-26,NYG,DAL,-5.5,45.0,0.31460674157303364,0,0.33473732779551824,0.358222766581597,0.31460674157303364,extratrees
2024_04_WAS_ARI,2024,4,2024-09-29,ARI,WAS,3.5,49.0,0.6164383561643836,0,0.5920254970464592,0.6020718534115059,0.6164383561643836,extratrees
2024_04_NO_ATL,2024,4,2024-09-29,ATL,NO,2.5,41.5,0.5634920634920635,1,0.4455719728983541,0.46450140196454587,0.5634920634920635,extratrees
2024_04_BUF_BAL,2024,4,2024-09-29,BAL,BUF,2.5,46.5,0.551441114716549,1,0.5206504966738429,0.5352822594559481,0.551441114716549,extratrees
2024_04_CIN_CAR,2024,4,2024-09-29,CAR,CIN,-4.5,47.0,0.35527082119976705,0,0.37218159067703444,0.39443304437902876,0.35527082119976705,extratrees
2024_04_LA_CHI,2024,4,2024-09-29,CHI,LA,3.0,40.0,0.593369754159424,1,0.5552822030619823,0.5677295607010282,0.593369754159424,extratrees
2024_04_MIN_GB,2024,4,2024-09-29,GB,MIN,2.5,44.0,0.551441114716549,0,0.5086882326678848,0.524050016168719,0.551441114716549,extratrees
2024_04_JAX_HOU,2024,4,2024-09-29,HOU,JAX,5.5,44.5,0.6750312469954812,1,0.6581905956944842,0.663837983464897,0.6750312469954812,extratrees
2024_04_PIT_IND,2024,4,2024-09-29,IND,PIT,-2.5,40.0,0.4572564612326044,1,0.45196712963716335,0.47056050902158725,0.4572564612326044,extratrees
2024_04_KC_LAC,2024,4,2024-09-29,LAC,KC,-7.5,41.5,0.2559309849029475,0,0.3274997206012993,0.35118075247737507,0.2559309849029475,extratrees
2024_04_CLE_LV,2024,4,2024-09-29,LV,CLE,-2.5,36.5,0.448558885283451,1,0.4881807231956387,0.5047582559396732,0.448558885283451,extratrees
2024_04_DEN_NYJ,2024,4,2024-09-29,NYJ,DEN,7.5,39.5,0.7768331562167907,0,0.7132046811149727,0.7152936464983424,0.7768331562167907,extratrees
2024_04_NE_SF,2024,4,2024-09-29,SF,NE,10.5,41.5,0.8118668596237336,1,0.8068969181694152,0.8037397202181357,0.8118668596237336,extratrees
2024_04_PHI_TB,2024,4,2024-09-29,TB,PHI,-1.0,42.0,0.4891657638136511,1,0.49762990470954677,0.5136532227476102,0.4891657638136511,extratrees
2024_04_SEA_DET,2024,4,2024-09-30,DET,SEA,3.5,46.5,0.6224665518611737,1,0.5925964426987476,0.6026050392819152,0.6224665518611737,extratrees
2024_04_TEN_MIA,2024,4,2024-09-30,MIA,TEN,2.5,37.0,0.551441114716549,0,0.562702623891095,0.5746706688116799,0.551441114716549,extratrees
2024_05_TB_ATL,2024,5,2024-10-03,ATL,TB,2.5,44.0,0.5634920634920635,1,0.48586874220898263,0.5025802352878194,0.5634920634920635,extratrees
2024_05_CAR_CHI,2024,5,2024-10-06,CHI,CAR,4.0,40.0,0.6369041816941223,1,0.6414009279550049,0.6481625145334754,0.6369041816941223,extratrees
2024_05_BAL_CIN,2024,5,2024-10-06,CIN,BAL,-2.5,48.5,0.42794036443953615,0,0.4328874125730237,0.45246363868125317,0.42794036443953615,extratrees
2024_05_LV_DEN,2024,5,2024-10-06,DEN,LV,3.0,36.0,0.5829926410466066,1,0.5473542743942004,0.5603098065707486,0.5829926410466066,extratrees
2024_05_BUF_HOU,2024,5,2024-10-06,HOU,BUF,1.0,48.0,0.5173641257162701,1,0.45099254357676755,0.46963755132324175,0.5173641257162701,extratrees
2024_05_IND_JAX,2024,5,2024-10-06,JAX,IND,3.5,45.0,0.6224665518611737,1,0.5406143198282848,0.5539983743939347,0.6224665518611737,extratrees
2024_05_GB_LA,2024,5,2024-10-06,LA,GB,-3.0,49.5,0.4170073589533933,0,0.3829086369324246,0.4047434867308501,0.4170073589533933,extratrees
2024_05_NYJ_MIN,2024,5,2024-10-06,MIN,NYJ,2.5,42.0,0.5634920634920635,1,0.5851383997193313,0.5956393798343009,0.5634920634920635,extratrees
2024_05_MIA_NE,2024,5,2024-10-06,NE,MIA,-2.0,37.0,0.4572564612326044,0,0.4644429957768496,0.48236272989789436,0.4572564612326044,extratrees
2024_05_DAL_PIT,2024,5,2024-10-06,PIT,DAL,2.5,43.5,0.551441114716549,0,0.5660006121150016,0.5777545855101551,0.551441114716549,extratrees
2024_05_NYG_SEA,2024,5,2024-10-06,SEA,NYG,7.0,42.5,0.725752508361204,0,0.7519509087800651,0.7516979888164331,0.725752508361204,extratrees
2024_05_ARI_SF,2024,5,2024-10-06,SF,ARI,7.0,48.5,0.7335423197492164,0,0.7536471346911847,0.753296251581827,0.7335423197492164,extratrees
2024_05_CLE_WAS,2024,5,2024-10-06,WAS,CLE,3.0,44.0,0.5829926410466066,1,0.5790481265050015,0.5899496495559338,0.5829926410466066,extratrees
2024_05_NO_KC,2024,5,2024-10-07,KC,NO,5.5,43.0,0.6690070210631895,1,0.6669646295885924,0.6720331143031222,0.6690070210631895,extratrees
2024_06_SF_SEA,2024,6,2024-10-10,SEA,SF,-3.5,49.0,0.3630958183058778,0,0.40207427906803705,0.42310183155281345,0.3630958183058778,extratrees
2024_06_WAS_BAL,2024,6,2024-10-13,BAL,WAS,6.5,51.5,0.7095435684647302,1,0.6493637506579247,0.6555960677792534,0.7095435684647302,extratrees
2024_06_ATL_CAR,2024,6,2024-10-13,CAR,ATL,-6.0,45.5,0.30920711694593195,0,0.29872274755621975,0.3230281390902489,0.30920711694593195,extratrees
2024_06_JAX_CHI,2024,6,2024-10-13,CHI,JAX,-1.5,44.5,0.4782608695652174,1,0.4920740778161792,0.5084245437461005,0.4782608695652174,extratrees
2024_06_DET_DAL,2024,6,2024-10-13,DAL,DET,-3.5,52.5,0.3835616438356164,0,0.41280988208753144,0.4333521842472352,0.3835616438356164,extratrees
2024_06_LAC_DEN,2024,6,2024-10-13,DEN,LAC,-3.0,37.0,0.4170073589533933,0,0.5135958712759005,0.528659887896006,0.4170073589533933,extratrees
2024_06_ARI_GB,2024,6,2024-10-13,GB,ARI,5.5,47.0,0.6750312469954812,1,0.7007701303307635,0.7036451083828054,0.6750312469954812,extratrees
2024_06_PIT_LV,2024,6,2024-10-13,LV,PIT,-3.5,36.5,0.3835616438356164,0,0.3430391753933442,0.3662823910837506,0.3835616438356164,extratrees
2024_06_HOU_NE,2024,6,2024-10-13,NE,HOU,-6.5,38.5,0.30423004792665137,0,0.31113068425125767,0.3351979678782371,0.30423004792665137,extratrees
2024_06_TB_NO,2024,6,2024-10-13,NO,TB,-3.5,42.5,0.39076376554174075,0,0.43980068616610096,0.45902772852460727,0.39076376554174075,extratrees
2024_06_CIN_NYG,2024,6,2024-10-13,NYG,CIN,-4.5,46.0,0.33099297893681046,0,0.39716884404126074,0.4184104092567096,0.33099297893681046,extratrees
2024_06_CLE_PHI,2024,6,2024-10-13,PHI,CLE,8.0,42.0,0.7768331562167907,1,0.7518532907914274,0.7516060219442593,0.7768331562167907,extratrees
2024_06_IND_TEN,2024,6,2024-10-13,TEN,IND,2.5,42.0,0.551441114716549,0,0.57082570570664,0.5822654177871972,0.551441114716549,extratrees
2024_06_BUF_NYJ,2024,6,2024-10-14,NYJ,BUF,-1.0,42.0,0.4739134147382802,0,0.4210714030094322,0.4412251247897019,0.4739134147382802,extratrees
2024_07_DEN_NO,2024,7,2024-10-17,NO,DEN,-2.5,37.0,0.42794036443953615,0,0.46980042521554066,0.4874238978912385,0.42794036443953615,extratrees
2024_07_SEA_ATL,2024,7,2024-10-20,ATL,SEA,3.0,51.5,0.593369754159424,0,0.5755816659303361,0.5867104671104807,0.593369754159424,extratrees
2024_07_TEN_BUF,2024,7,2024-10-20,BUF,TEN,9.5,41.0,0.8081570996978852,1,0.8374195730571455,0.8329627305689149,0.8081570996978852,extratrees
2024_07_CIN_CLE,2024,7,2024-10-20,CLE,CIN,-5.5,42.0,0.33099297893681046,0,0.3451885547711443,0.36836602718098577,0.33099297893681046,extratrees
2024_07_HOU_GB,2024,7,2024-10-20,GB,HOU,3.0,48.0,0.6037569709421778,1,0.5884390705313571,0.5987223754452633,0.6037569709421778,extratrees
2024_07_MIA_IND,2024,7,2024-10-20,IND,MIA,3.0,44.0,0.5829926410466066,1,0.5728005955660276,0.5841113367256863,0.5829926410466066,extratrees
2024_07_NE_JAX,2024,7,2024-10-20,JAX,NE,6.5,42.0,0.7179705215419501,1,0.6286551945727569,0.636265797141358,0.7179705215419501,extratrees
2024_07_LV_LA,2024,7,2024-10-20,LA,LV,7.0,43.0,0.7477827050997783,1,0.6769116476009331,0.6813277942744284,0.7477827050997783,extratrees
2024_07_DET_MIN,2024,7,2024-10-20,MIN,DET,1.0,50.5,0.5173641257162701,0,0.5555592710896808,0.5679887932527709,0.5173641257162701,extratrees
2024_07_PHI_NYG,2024,7,2024-10-20,NYG,PHI,-3.0,42.0,0.4003612281757977,0,0.4284774115614013,0.44827208187998263,0.4003612281757977,extratrees
2024_07_NYJ_PIT,2024,7,2024-10-20,PIT,NYJ,-3.0,40.0,0.4003612281757977,1,0.503503612754581,0.5191772216626385,0.4003612281757977,extratrees
2024_07_KC_SF,2024,7,2024-10-20,SF,KC,2.5,47.5,0.5634920634920635,0,0.5271211855331744,0.5413523309429501,0.5634920634920635,extratrees
2024_07_CAR_WAS,2024,7,2024-10-20,WAS,CAR,10.0,51.0,0.8081570996978852,1,0.8174239363466971,0.8137879206378864,0.8081570996978852,extratrees
2024_07_LAC_ARI,2024,7,2024-10-21,ARI,LAC,-1.0,44.0,0.4739134147382802,1,0.44672890669341725,0.4655980232420418,0.4739134147382802,extratrees
2024_07_BAL_TB,2024,7,2024-10-21,TB,BAL,-4.5,51.0,0.33635187580853815,0,0.39349552000447763,0.4148940737419114,0.33635187580853815,extratrees
2024_08_MIN_LA,2024,8,2024-10-24,LA,MIN,-3.0,47.5,0.4170073589533933,1,0.3650404258376289,0.3875543593756022,0.4170073589533933,extratrees
2024_08_PHI_CIN,2024,8,2024-10-27,CIN,PHI,2.5,47.5,0.5720596355604638,0,0.5649237675864252,0.5767477057912958,0.5720596355604638,extratrees
2024_08_BAL_CLE,2024,8,2024-10-27,CLE,BAL,-7.5,44.5,0.24000000000000005,1,0.26553734013480185,0.29022562106387884,0.24000000000000005,extratrees
2024_08_CAR_DEN,2024,8,2024-10-27,DEN,CAR,13.0,40.5,0.8465011286681716,1,0.8584025827295537,0.8532308286566211,0.8465011286681716,extratrees
2024_08_TEN_DET,2024,8,2024-10-27,DET,TEN,12.5,45.0,0.8524590163934427,1,0.835158941463178,0.8307885563227091,0.8524590163934427,extratrees
2024_08_IND_HOU,2024,8,2024-10-27,HOU,IND,5.0,45.0,0.6636481241914618,1,0.6600790670614418,0.6656016179834018,0.6636481241914618,extratrees
2024_08_GB_JAX,2024,8,2024-10-27,JAX,GB,-3.5,49.0,0.3690596562184025,0,0.339938069198125,0.36327395891982855,0.3690596562184025,extratrees
2024_08_NO_LAC,2024,8,2024-10-27,LAC,NO,7.0,41.5,0.725752508361204,1,0.699597555906877,0.7025473360018357,0.725752508361204,extratrees
2024_08_KC_LV,2024,8,2024-10-27,LV,KC,-9.0,42.0,0.21809369951534735,0,0.23313767763897822,0.2577988306138031,0.21809369951534735,extratrees
2024_08_ARI_MIA,2024,8,2024-10-27,MIA,ARI,4.0,46.5,0.6369041816941223,0,0.5768448315680832,0.5878908759180378,0.6369041816941223,extratrees
2024_08_NYJ_NE,2024,8,2024-10-27,NE,NYJ,-7.0,41.0,0.27792074112197634,1,0.3177957203916669,0.3417153606855726,0.27792074112197634,extratrees
2024_08_BUF_SEA,2024,8,2024-10-27,SEA,BUF,-3.0,45.5,0.3962430290578221,0,0.4254241703854404,0.4453680650052038,0.3962430290578221,extratrees
2024_08_DAL_SF,2024,8,2024-10-27,SF,DAL,5.5,48.0,0.6750312469954812,1,0.6642852169751745,0.6695301769671951,0.6750312469954812,extratrees
2024_08_ATL_TB,2024,8,2024-10-27,TB,ATL,-1.5,47.0,0.4739134147382802,0,0.5002933268636424,0.5161585491600784,0.4739134147382802,extratrees
2024_08_CHI_WAS,2024,8,2024-10-27,WAS,CHI,1.5,46.5,0.5260865852617197,1,0.5762690971909036,0.5873528700727355,0.5260865852617197,extratrees
2024_08_NYG_PIT,2024,8,2024-10-28,PIT,NYG,6.0,37.5,0.7001620745542949,1,0.775096408062961,0.773547680932398,0.7001620745542949,extratrees
2024_09_HOU_NYJ,2024,9,2024-10-31,NYJ,HOU,2.5,43.5,0.5720596355604638,1,0.49012621088712516,0.5065905092012527,0.5720596355604638,extratrees
2024_09_CHI_ARI,2024,9,2024-11-03,ARI,CHI,1.5,44.5,0.5217391304347826,1,0.470246107615322,0.48784475250414244,0.5217391304347826,extratrees
2024_09_DAL_ATL,2024,9,2024-11-03,ATL,DAL,3.0,52.0,0.5996387718242023,1,0.5516249060857146,0.5643072223234101,0.5996387718242023,extratrees
2024_09_DEN_BAL,2024,9,2024-11-03,BAL,DEN,9.0,46.5,0.7779605263157894,1,0.7023629913229053,0.705136534233557,0.7779605263157894,extratrees
2024_09_MIA_BUF,2024,9,2024-11-03,BUF,MIA,6.5,49.0,0.7095435684647302,1,0.7737758890976483,0.7722985518144536,0.7095435684647302,extratrees
2024_09_NO_CAR,2024,9,2024-11-03,CAR,NO,-7.0,43.5,0.2559309849029475,1,0.3266757899609557,0.350378145675948,0.2559309849029475,extratrees
2024_09_LV_CIN,2024,9,2024-11-03,CIN,LV,8.0,45.0,0.771505376344086,1,0.7517445154900305,0.7515035453547574,0.771505376344086,extratrees
2024_09_LAC_CLE,2024,9,2024-11-03,CLE,LAC,-2.0,42.5,0.4572564612326044,0,0.4745010560785812,0.4918612922651766,0.4572564612326044,extratrees
2024_09_DET_GB,2024,9,2024-11-03,GB,DET,-2.5,47.5,0.4170073589533933,0,0.4553211539553637,0.4737357326664761,0.4170073589533933,extratrees
2024_09_IND_MIN,2024,9,2024-11-03,MIN,IND,6.5,47.0,0.7179705215419501,1,0.7200349327545371,0.7216983280321857,0.7179705215419501,extratrees
2024_09_WAS_NYG,2024,9,2024-11-03,NYG,WAS,-4.5,44.5,0.34252477380439467,0,0.37834721028070306,0.400362419127142,0.34252477380439467,extratrees
2024_09_JAX_PHI,2024,9,2024-11-03,PHI,JAX,7.5,46.0,0.740871613663133,1,0.738906950638293,0.7394213559053648,0.740871613663133,extratrees
2024_09_LA_SEA,2024,9,2024-11-03,SEA,LA,-1.5,48.5,0.4675324675324675,0,0.48772244785615126,0.5043265864398585,0.4675324675324675,extratrees
2024_09_NE_TEN,2024,9,2024-11-03,TEN,NE,3.0,38.5,0.593369754159424,1,0.5762462624348031,0.5873315313930816,0.593369754159424,extratrees
2024_09_TB_KC,2024,9,2024-11-04,KC,TB,9.0,45.5,0.7768331562167907,1,0.753649640283107,0.7532986127927446,0.7768331562167907,extratrees
2024_10_CIN_BAL,2024,10,2024-11-07,BAL,CIN,6.0,53.0,0.7001620745542949,1,0.7140800416552662,0.7161142064738085,0.7001620745542949,extratrees
2024_10_NYJ_ARI,2024,10,2024-11-10,ARI,NYJ,-2.0,45.5,0.4572564612326044,1,0.4941094169899004,0.510340454558616,0.4572564612326044,extratrees
2024_10_NYG_CAR,2024,10,2024-11-10,CAR,NYG,-6.5,40.5,0.2820294784580499,1,0.30348280062649063,0.3277026198503103,0.2820294784580499,extratrees
2024_10_NE_CHI,2024,10,2024-11-10,CHI,NE,6.5,37.5,0.7335423197492164,0,0.7564770171026787,0.7559636885577041,0.7335423197492164,extratrees
2024_10_PHI_DAL,2024,10,2024-11-10,DAL,PHI,-7.5,44.5,0.2491874322860238,0,0.25202576591614584,0.2767543388322303,0.2491874322860238,extratrees
2024_10_DET_HOU,2024,10,2024-11-10,HOU,DET,-4.5,49.0,0.33099297893681046,0,0.3599693780918755,0.3826622313407326,0.33099297893681046,extratrees
2024_10_BUF_IND,2024,10,2024-11-10,IND,BUF,-4.5,46.5,0.33099297893681046,0,0.33484359518513956,0.3583260527306343,0.33099297893681046,extratrees
2024_10_MIN_JAX,2024,10,2024-11-10,JAX,MIN,-7.0,42.5,0.25341685649202733,0,0.2662638132421417,0.29094794002872465,0.25341685649202733,extratrees
2024_10_DEN_KC,2024,10,2024-11-10,KC,DEN,7.5,42.5,0.7600000000000001,1,0.7522550180199435,0.7519845023905515,0.7600000000000001,extratrees
2024_10_TEN_LAC,2024,10,2024-11-10,LAC,TEN,8.0,40.0,0.7600000000000001,1,0.7522761876163073,0.7520044476429653,0.7600000000000001,extratrees
2024_10_ATL_NO,2024,10,2024-11-10,NO,ATL,-3.5,46.5,0.3690596562184025,1,0.36020536280010995,0.38289003008326755,0.3690596562184025,extratrees
2024_10_SF_TB,2024,10,2024-11-10,TB,SF,-6.5,50.5,0.2820294784580499,0,0.3133347749536815,0.3373547280619351,0.2820294784580499,extratrees
2024_10_PIT_WAS,2024,10,2024-11-10,WAS,PIT,1.5,45.0,0.5260865852617197,0,0.5409419527526883,0.5543052554573659,0.5260865852617197,extratrees
2024_10_MIA_LA,2024,10,2024-11-11,LA,MIA,2.5,49.5,0.5634920634920635,0,0.5907382445468308,0.6008696960876811,0.5634920634920635,extratrees
2024_11_WAS_PHI,2024,11,2024-11-14,PHI,WAS,4.5,49.5,0.6690070210631895,1,0.6682036633716645,0.6731906419244517,0.6690070210631895,extratrees
2024_11_KC_BUF,2024,11,2024-11-17,BUF,KC,2.5,46.5,0.5634920634920635,1,0.5833464133759586,0.5939654026728906,0.5634920634920635,extratrees
2024_11_GB_CHI,2024,11,2024-11-17,CHI,GB,-6.0,41.0,0.30423004792665137,0,0.30702826411361617,0.33117964822157175,0.30423004792665137,extratrees
2024_11_ATL_DEN,2024,11,2024-11-17,DEN,ATL,2.0,44.5,0.551441114716549,1,0.5420894180474938,0.5553799769074732,0.551441114716549,extratrees
2024_11_JAX_DET,2024,11,2024-11-17,DET,JAX,14.0,47.5,0.8720930232558138,1,0.8529286390725546,0.8479272766815069,0.8720930232558138,extratrees
2024_11_CIN_LAC,2024,11,2024-11-17,LAC,CIN,1.0,48.0,0.5,1,0.5505533519465072,0.5633043397890612,0.5,extratrees
2024_11_LV_MIA,2024,11,2024-11-17,MIA,LV,8.0,43.5,0.7768331562167907,1,0.7394599900059036,0.7399413843531418,0.7768331562167907,extratrees
2024_11_LA_NE,2024,11,2024-11-17,NE,LA,-4.0,42.5,0.3630958183058778,0,0.4100062017565339,0.4306774188233606,0.3630958183058778,extratrees
2024_11_CLE_NO,2024,11,2024-11-17,NO,CLE,-1.0,44.0,0.4891657638136511,1,0.5050675245054725,0.5206473773210326,0.4891657638136511,extratrees
2024_11_IND_NYJ,2024,11,2024-11-17,NYJ,IND,4.0,43.0,0.644729178800233,0,0.5989594238553507,0.6085465571034202,0.644729178800233,extratrees
2024_11_BAL_PIT,2024,11,2024-11-17,PIT,BAL,-3.0,48.0,0.39076376554174075,1,0.45243077311536944,0.47099953930064686,0.39076376554174075,extratrees
2024_11_SEA_SF,2024,11,2024-11-17,SF,SEA,6.0,49.0,0.6957699520733487,0,0.6908222499199702,0.6943351625903457,0.6957699520733487,extratrees
2024_11_MIN_TEN,2024,11,2024-11-17,TEN,MIN,-6.0,40.0,0.28644876973925815,0,0.3100408157637852,0.3341309513200309,0.28644876973925815,extratrees
2024_11_HOU_DAL,2024,11,2024-11-18,DAL,HOU,-7.5,41.5,0.2491874322860238,0,0.3201056023536409,0.34397095475684275,0.2491874322860238,extratrees
2024_12_PIT_CLE,2024,12,2024-11-21,CLE,PIT,-3.5,36.5,0.35527082119976705,1,0.33958071767096715,0.36292711971017794,0.35527082119976705,extratrees
2024_12_KC_CAR,2024,12,2024-11-24,CAR,KC,-11.0,43.0,0.15999999999999998,0,0.26791663464798354,0.2925905724490555,0.15999999999999998,extratrees
2024_12_MIN_CHI,2024,12,2024-11-24,CHI,MIN,-3.0,39.5,0.39076376554174075,0,0.3698974773112821,0.3922342037382215,0.39076376554174075,extratrees
2024_12_SF_GB,2024,12,2024-11-24,GB,SF,6.5,44.5,0.7135512302607419,1,0.6534356504453062,0.659397863515347,0.7135512302607419,extratrees
2024_12_TEN_HOU,2024,12,2024-11-24,HOU,TEN,8.0,40.5,0.7571884984025559,0,0.7805212310482741,0.7786827604261343,0.7571884984025559,extratrees
2024_12_DET_IND,2024,12,2024-11-24,IND,DET,-7.0,50.5,0.2428115015974441,0,0.26106459584739355,0.2857740450211856,0.2428115015974441,extratrees
2024_12_PHI_LA,2024,12,2024-11-24,LA,PHI,-3.0,49.0,0.3962430290578221,0,0.40468833192686593,0.4255998366795864,0.3962430290578221,extratrees
2024_12_DEN_LV,2024,12,2024-11-24,LV,DEN,-6.5,41.5,0.2949668357393679,0,0.26683118022363156,0.29151192473147103,0.2949668357393679,extratrees
2024_12_NE_MIA,2024,12,2024-11-24,MIA,NE,7.5,46.0,0.7508125677139762,1,0.7375753805552072,0.7381694318552205,0.7508125677139762,extratrees
2024_12_TB_NYG,2024,12,2024-11-24,NYG,TB,-6.5,40.5,0.2820294784580499,0,0.3118740109894453,0.3359254989220804,0.2820294784580499,extratrees
2024_12_ARI_SEA,2024,12,2024-11-24,SEA,ARI,-1.0,46.5,0.4891657638136511,1,0.4732299568480301,0.49066167304349334,0.4891657638136511,extratrees
2024_12_DAL_WAS,2024,12,2024-11-24,WAS,DAL,10.5,45.0,0.827123695976155,0,0.7889641582208534,0.7866866087523114,0.827123695976155,extratrees
2024_12_BAL_LAC,2024,12,2024-11-25,LAC,BAL,-3.0,51.0,0.4003612281757977,0,0.4475007769903059,0.4663295355949816,0.4003612281757977,extratrees
2024_13_NYG_DAL,2024,13,2024-11-28,DAL,NYG,4.5,39.0,0.661450015969339,1,0.6667165458006427,0.6718013577949166,0.661450015969339,extratrees
2024_13_CHI_DET,2024,13,2024-11-28,DET,CHI,9.5,47.5,0.8042929292929294,1,0.8221589562822582,0.8183175807489486,0.8042929292929294,extratrees
2024_13_MIA_GB,2024,13,2024-11-28,GB,MIA,3.5,47.5,0.6092362344582594,1,0.6491961878878734,0.6554396289087092,0.6092362344582594,extratrees
2024_13_LV_KC,2024,13,2024-11-29,KC,LV,13.5,42.0,0.8524590163934427,1,0.870236942212977,0.864739971890042,0.8524590163934427,extratrees
2024_13_LAC_ATL,2024,13,2024-12-01,ATL,LAC,-1.0,47.0,0.4826358742837298,0,0.4438493897307397,0.46286821910071807,0.4826358742837298,extratrees
2024_13_PHI_BAL,2024,13,2024-12-01,BAL,PHI,3.0,50.0,0.593369754159424,0,0.5793146183327842,0.5901986469031614,0.593369754159424,extratrees
2024_13_SF_BUF,2024,13,2024-12-01,BUF,SF,6.5,45.0,0.740871613663133,1,0.7570225583075643,0.7564780586222108,0.740871613663133,extratrees
2024_13_TB_CAR,2024,13,2024-12-01,CAR,TB,-6.5,46.0,0.28644876973925815,0,0.28708283758066055,0.31156611971356507,0.28644876973925815,extratrees
2024_13_PIT_CIN,2024,13,2024-12-01,CIN,PIT,3.0,46.0,0.5829926410466066,0,0.542667333131287,0.5559212170326007,0.5829926410466066,extratrees
2024_13_HOU_JAX,2024,13,2024-12-01,JAX,HOU,-3.5,44.5,0.3690596562184025,0,0.3544565001763928,0.37733663015703167,0.3690596562184025,extratrees
2024_13_ARI_MIN,2024,13,2024-12-01,MIN,ARI,3.5,45.5,0.6224665518611737,1,0.6428157313699409,0.6494831930080348,0.6224665518611737,extratrees
2024_13_IND_NE,2024,13,2024-12-01,NE,IND,-2.5,41.5,0.448558885283451,0,0.4717044937838377,0.4892217035338273,0.448558885283451,extratrees
2024_13_LA_NO,2024,13,2024-12-01,NO,LA,-2.5,48.5,0.43650793650793646,0,0.46956162251733813,0.48719838688723144,0.43650793650793646,extratrees
2024_13_SEA_NYJ,2024,13,2024-12-01,NYJ,SEA,1.0,41.5,0.5108342361863488,0,0.5094084449102606,0.5247266858791886,0.5108342361863488,extratrees
2024_13_TEN_WAS,2024,13,2024-12-01,WAS,TEN,6.0,45.0,0.6853932584269663,1,0.6843368619822733,0.6882694106898442,0.6853932584269663,extratrees
2024_13_CLE_DEN,2024,13,2024-12-02,DEN,CLE,6.5,41.5,0.7135512302607419,1,0.7676365829259474,0.7664953919075158,0.7135512302607419,extratrees
2024_14_GB_DET,2024,14,2024-12-05,DET,GB,3.0,53.0,0.6037569709421778,1,0.5822354877852963,0.5929275726708237,0.6037569709421778,extratrees
2024_14_SEA_ARI,2024,14,2024-12-08,ARI,SEA,3.0,45.5,0.6092362344582594,0,0.5838124078773869,0.594400721596056,0.6092362344582594,extratrees
2024_14_LAC_KC,2024,14,2024-12-08,KC,LAC,5.0,43.5,0.6750312469954812,1,0.6890261269935336,0.692654981082585,0.6750312469954812,extratrees
2024_14_BUF_LA,2024,14,2024-12-08,LA,BUF,-3.5,49.5,0.3690596562184025,1,0.3540032188854959,0.3768984063499864,0.3690596562184025,extratrees
2024_14_NYJ_MIA,2024,14,2024-12-08,MIA,NYJ,6.5,45.0,0.7179705215419501,1,0.7031290955578241,0.7058539265368072,0.7179705215419501,extratrees
2024_14_ATL_MIN,2024,14,2024-12-08,MIN,ATL,6.0,46.5,0.6853932584269663,1,0.706305995957237,0.7088293572099161,0.6853932584269663,extratrees
2024_14_NO_NYG,2024,14,2024-12-08,NYG,NO,-5.5,41.0,0.3194444444444444,0,0.3256622005191581,0.34939052072077587,0.3194444444444444,extratrees
2024_14_CAR_PHI,2024,14,2024-12-08,PHI,CAR,14.0,44.5,0.8677165354330709,1,0.8935847656193531,0.8876449742569371,0.8677165354330709,extratrees
2024_14_CLE_PIT,2024,14,2024-12-08,PIT,CLE,6.0,43.0,0.690792883054068,1,0.7525126431128595,0.7522272323614604,0.690792883054068,extratrees
2024_14_CHI_SF,2024,14,2024-12-08,SF,CHI,3.0,43.5,0.593369754159424,1,0.6362773014843859,0.6433799948908704,0.593369754159424,extratrees
2024_14_LV_TB,2024,14,2024-12-08,TB,LV,7.0,47.0,0.7335423197492164,1,0.7895451317913312,0.7872379241933873,0.7335423197492164,extratrees
2024_14_JAX_TEN,2024,14,2024-12-08,TEN,JAX,3.0,40.0,0.6037569709421778,0,0.5944504111933745,0.6043363258806915,0.6037569709421778,extratrees
2024_14_CIN_DAL,2024,14,2024-12-09,DAL,CIN,-5.0,51.0,0.33099297893681046,0,0.4017625681067005,0.42280386640881773,0.33099297893681046,extratrees
2024_15_LA_SF,2024,15,2024-12-12,SF,LA,3.0,48.5,0.5829926410466066,0,0.5880589869343151,0.5983673778017048,0.5829926410466066,extratrees
2024_15_NE_ARI,2024,15,2024-12-15,ARI,NE,6.0,46.5,0.690792883054068,1,0.6674537907559783,0.6724900896268439,0.690792883054068,extratrees
2024_15_DAL_CAR,2024,15,2024-12-15,CAR,DAL,2.5,42.0,0.5634920634920635,0,0.48314888691450003,0.5000171176126545,0.5634920634920635,extratrees
2024_15_KC_CLE,2024,15,2024-12-15,CLE,KC,-4.5,41.5,0.33099297893681046,0,0.30580117224964887,0.32997669102594757,0.33099297893681046,extratrees
2024_15_IND_DEN,2024,15,2024-12-15,DEN,IND,4.5,43.5,0.6750312469954812,1,0.7003491505241175,0.7032509714683468,0.6750312469954812,extratrees
2024_15_BUF_DET,2024,15,2024-12-15,DET,BUF,2.5,55.5,0.5427435387673957,0,0.5638487483225012,0.5757424682183073,0.5427435387673957,extratrees
2024_15_MIA_HOU,2024,15,2024-12-15,HOU,MIA,2.5,46.5,0.5829926410466066,1,0.5757321007538689,0.5868510499745225,0.5829926410466066,extratrees
2024_15_NYJ_JAX,2024,15,2024-12-15,JAX,NYJ,-3.5,41.5,0.39076376554174075,0,0.4515366313802348,0.47015283450507056,0.39076376554174075,extratrees
2024_15_TB_LAC,2024,15,2024-12-15,LAC,TB,3.0,46.0,0.593369754159424,0,0.5674553896904869,0.5791147424124138,0.593369754159424,extratrees
2024_15_WAS_NO,2024,15,2024-12-15,NO,WAS,-7.5,44.5,0.2428115015974441,0,0.3675007898913823,0.3899256639281237,0.2428115015974441,extratrees
2024_15_BAL_NYG,2024,15,2024-12-15,NYG,BAL,-16.5,43.5,0.08755760368663595,0,0.2722331948078011,0.29687573688235397,0.08755760368663595,extratrees
2024_15_PIT_PHI,2024,15,2024-12-15,PHI,PIT,5.5,43.0,0.6957699520733487,1,0.6653935579436984,0.6705654835203466,0.6957699520733487,extratrees
2024_15_GB_SEA,2024,15,2024-12-15,SEA,GB,-3.0,48.0,0.4066302458405761,0,0.44738539356844914,0.4662201911498046,0.4066302458405761,extratrees
2024_15_CIN_TEN,2024,15,2024-12-15,TEN,CIN,-6.0,46.5,0.31460674157303364,0,0.30163491507398327,0.3258888193630717,0.31460674157303364,extratrees
2024_15_ATL_LV,2024,15,2024-12-16,LV,ATL,-6.5,44.5,0.2559309849029475,0,0.29700118719583407,0.32133572100715896,0.2559309849029475,extratrees
2024_15_CHI_MIN,2024,15,2024-12-16,MIN,CHI,7.0,43.5,0.7335423197492164,1,0.765722067653442,0.7646870883108166,0.7335423197492164,extratrees
2024_16_DEN_LAC,2024,16,2024-12-19,LAC,DEN,3.0,41.5,0.5720596355604638,1,0.5123247132627134,0.5274660930968947,0.5720596355604638,extratrees
2024_16_PIT_BAL,2024,16,2024-12-21,BAL,PIT,7.0,44.5,0.7440690150970525,1,0.7091143588261325,0.7114603568146226,0.7440690150970525,extratrees
2024_16_HOU_KC,2024,16,2024-12-21,KC,HOU,3.5,42.5,0.6164383561643836,1,0.6555055516711934,0.6613306326966422,0.6164383561643836,extratrees
2024_16_NYG_ATL,2024,16,2024-12-22,ATL,NYG,9.5,42.5,0.8118668596237336,1,0.6903215624889008,0.6938667729614891,0.8118668596237336,extratrees
2024_16_NE_BUF,2024,16,2024-12-22,BUF,NE,14.0,48.0,0.8800000000000001,1,0.8949943666279364,0.8890374324205562,0.8800000000000001,extratrees
2024_16_ARI_CAR,2024,16,2024-12-22,CAR,ARI,-5.5,47.0,0.3194444444444444,1,0.3345339329426799,0.35802506905860654,0.3194444444444444,extratrees
2024_16_DET_CHI,2024,16,2024-12-22,CHI,DET,-7.0,47.5,0.2591283863368669,0,0.23432956148765569,0.2589994431411621,0.2591283863368669,extratrees
2024_16_CLE_CIN,2024,16,2024-12-22,CIN,CLE,10.0,46.5,0.817258883248731,1,0.8005404901910741,0.7976863364011816,0.817258883248731,extratrees
2024_16_TB_DAL,2024,16,2024-12-22,DAL,TB,-4.5,47.5,0.34252477380439467,1,0.3483112131453499,0.3713909958785052,0.34252477380439467,extratrees
2024_16_TEN_IND,2024,16,2024-12-22,IND,TEN,4.0,42.5,0.6369041816941223,1,0.6139099076049842,0.6225031861217147,0.6369041816941223,extratrees
2024_16_JAX_LV,2024,16,2024-12-22,LV,JAX,2.5,41.5,0.5427435387673957,1,0.5034752143782427,0.5191505232969678,0.5427435387673957,extratrees
2024_16_SF_MIA,2024,16,2024-12-22,MIA,SF,-2.0,44.0,0.4675324675324675,1,0.47796058507037,0.4951251759112742,0.4675324675324675,extratrees
2024_16_LA_NYJ,2024,16,2024-12-22,NYJ,LA,-3.0,47.0,0.4066302458405761,0,0.40072856001010915,0.4218153143381917,0.4066302458405761,extratrees
2024_16_MIN_SEA,2024,16,2024-12-22,SEA,MIN,-2.5,43.0,0.42794036443953615,0,0.44767527986695527,0.466494901248556,0.42794036443953615,extratrees
2024_16_PHI_WAS,2024,16,2024-12-22,WAS,PHI,-4.0,47.0,0.34252477380439467,1,0.36275131949245426,0.3853467980166198,0.34252477380439467,extratrees
2024_16_NO_GB,2024,16,2024-12-23,GB,NO,14.0,44.0,0.8677165354330709,1,0.8448925144073745,0.8401623809656836,0.8677165354330709,extratrees
2024_17_BAL_HOU,2024,17,2024-12-25,HOU,BAL,-5.5,46.5,0.3194444444444444,0,0.34309835678526057,0.36633977877118895,0.3194444444444444,extratrees
2024_17_KC_PIT,2024,17,2024-12-25,PIT,KC,-3.0,43.5,0.4066302458405761,0,0.4023697784044086,0.4233842817588741,0.4066302458405761,extratrees
2024_17_SEA_CHI,2024,17,2024-12-26,CHI,SEA,-3.5,43.5,0.3690596562184025,0,0.37296207199270115,0.3951841072840076,0.3690596562184025,extratrees
2024_17_DEN_CIN,2024,17,2024-12-28,CIN,DEN,3.5,50.5,0.6092362344582594,1,0.5510266170565816,0.5637472848618336,0.6092362344582594,extratrees
2024_17_ARI_LA,2024,17,2024-12-28,LA,ARI,6.5,48.0,0.740871613663133,1,0.7374742015067866,0.7380743141316333,0.740871613663133,extratrees
2024_17_LAC_NE,2024,17,2024-12-28,NE,LAC,-6.0,42.0,0.27792074112197634,0,0.3007556894898335,0.32502542708609783,0.27792074112197634,extratrees
2024_17_NYJ_BUF,2024,17,2024-12-29,BUF,NYJ,10.0,44.5,0.8042929292929294,1,0.8591081582877267,0.8539153268881355,0.8042929292929294,extratrees
2024_17_MIA_CLE,2024,17,2024-12-29,CLE,MIA,-3.0,32.5,0.3962430290578221,0,0.40377671567453643,0.42472884693893376,0.3962430290578221,extratrees
2024_17_TEN_JAX,2024,17,2024-12-29,JAX,TEN,-1.0,38.0,0.5043297540699688,1,0.5083364236993752,0.5237194570725533,0.5043297540699688,extratrees
2024_17_GB_MIN,2024,17,2024-12-29,MIN,GB,-1.0,49.0,0.4956702459300312,1,0.4835536726920406,0.5003986359523634,0.4956702459300312,extratrees
2024_17_LV_NO,2024,17,2024-12-29,NO,LV,-2.0,37.5,0.4675324675324675,0,0.5388495344894362,0.552345225198481,0.4675324675324675,extratrees
2024_17_IND_NYG,2024,17,2024-12-29,NYG,IND,-7.5,40.5,0.22849462365591394,1,0.3226503276617185,0.3464540450665017,0.22849462365591394,extratrees
2024_17_DAL_PHI,2024,17,2024-12-29,PHI,DAL,7.5,37.5,0.7335423197492164,1,0.7180367618405835,0.7198241669514966,0.7335423197492164,extratrees
2024_17_CAR_TB,2024,17,2024-12-29,TB,CAR,9.5,47.5,0.7999999999999999,1,0.8437433164024628,0.839053926550226,0.7999999999999999,extratrees
2024_17_ATL_WAS,2024,17,2024-12-29,WAS,ATL,3.5,46.5,0.6309403437815976,1,0.6302539623313514,0.6377580004026262,0.6309403437815976,extratrees
2024_17_DET_SF,2024,17,2024-12-30,SF,DET,-4.0,50.5,0.33099297893681046,0,0.31140409813527276,0.33546559146932614,0.33099297893681046,extratrees
2024_18_CLE_BAL,2024,18,2025-01-04,BAL,CLE,19.5,42.5,0.9258160237388724,1,0.9077585770162321,0.9017035741323295,0.9258160237388724,extratrees
2024_18_CIN_PIT,2024,18,2025-01-04,PIT,CIN,-2.5,48.5,0.42794036443953615,0,0.45658436377114986,0.47493115571454136,0.42794036443953615,extratrees
2024_18_SF_ARI,2024,18,2025-01-05,ARI,SF,4.5,42.5,0.6309403437815976,1,0.5931342955306843,0.6031073117040677,0.6309403437815976,extratrees
2024_18_CAR_ATL,2024,18,2025-01-05,ATL,CAR,7.5,48.5,0.7600000000000001,0,0.7705642113020629,0.7692618649541209,0.7600000000000001,extratrees
2024_18_WAS_DAL,2024,18,2025-01-05,DAL,WAS,-7.0,43.5,0.27424749163879597,0,0.29128441649263387,0.3157087138663486,0.27424749163879597,extratrees
2024_18_KC_DEN,2024,18,2025-01-05,DEN,KC,10.5,40.5,0.7957758771164253,1,0.600223693597448,0.6097269569460052,0.7957758771164253,extratrees
2024_18_MIN_DET,2024,18,2025-01-05,DET,MIN,3.0,56.5,0.5720596355604638,1,0.577587443230419,0.5885848012926979,0.5720596355604638,extratrees
2024_18_CHI_GB,2024,18,2025-01-05,GB,CHI,10.0,41.5,0.771505376344086,0,0.8490933720797234,0.8442184175791365,0.771505376344086,extratrees
2024_18_JAX_IND,2024,18,2025-01-05,IND,JAX,3.5,45.5,0.6164383561643836,1,0.6096893746682043,0.6185636086659111,0.6164383561643836,extratrees
2024_18_SEA_LA,2024,18,2025-01-05,LA,SEA,-7.5,38.5,0.2491874322860238,0,0.4031496800394758,0.42412965831952154,0.2491874322860238,extratrees
2024_18_LAC_LV,2024,18,2025-01-05,LV,LAC,-7.0,42.5,0.2559309849029475,0,0.2593845098676399,0.28409993055124577,0.2559309849029475,extratrees
2024_18_BUF_NE,2024,18,2025-01-05,NE,BUF,-3.0,36.5,0.4003612281757977,1,0.32050662621789516,0.34436239222876336,0.4003612281757977,extratrees
2024_18_MIA_NYJ,2024,18,2025-01-05,NYJ,MIA,1.5,39.5,0.5260865852617197,1,0.4928735052692383,0.5091771214990503,0.5260865852617197,extratrees
2024_18_NYG_PHI,2024,18,2025-01-05,PHI,NYG,3.0,36.5,0.5829926410466066,1,0.7071412298289574,0.7096117681273871,0.5829926410466066,extratrees
2024_18_NO_TB,2024,18,2025-01-05,TB,NO,14.5,44.5,0.8761776581426649,1,0.8605373152767058,0.8553024263896722,0.8761776581426649,extratrees
2024_18_HOU_TEN,2024,18,2025-01-05,TEN,HOU,2.5,36.5,0.5634920634920635,0,0.4608413499650764,0.4789579370751753,0.5634920634920635,extratrees
2024_19_PIT_BAL,2024,19,2025-01-11,BAL,PIT,9.5,44.5,0.8042929292929294,1,0.7992654886082128,0.7964733150018808,0.8042929292929294,extratrees
2024_19_LAC_HOU,2024,19,2025-01-11,HOU,LAC,-3.0,41.5,0.4066302458405761,1,0.3805648326761036,0.4024929417333317,0.4066302458405761,extratrees
2024_19_DEN_BUF,2024,19,2025-01-12,BUF,DEN,7.5,48.5,0.7768331562167907,1,0.6058076880261359,0.6149400838972368,0.7768331562167907,extratrees
2024_19_GB_PHI,2024,19,2025-01-12,PHI,GB,5.5,45.5,0.6853932584269663,1,0.5614114266559408,0.5734631134866837,0.6853932584269663,extratrees
2024_19_WAS_TB,2024,19,2025-01-12,TB,WAS,3.0,51.5,0.593369754159424,0,0.5917879016281546,0.6018499684721282,0.593369754159424,extratrees
2024_19_MIN_LA,2024,19,2025-01-13,LA,MIN,-2.5,47.5,0.43650793650793646,1,0.3694547968396207,0.3918079073965815,0.43650793650793646,extratrees
2024_20_WAS_DET,2024,20,2025-01-18,DET,WAS,8.5,55.5,0.8042929292929294,0,0.742102286077223,0.7424265249576315,0.8042929292929294,extratrees
2024_20_HOU_KC,2024,20,2025-01-18,KC,HOU,9.5,41.5,0.8118668596237336,1,0.6926651450934279,0.6960593281158394,0.8118668596237336,extratrees
2024_20_BAL_BUF,2024,20,2025-01-19,BUF,BAL,-1.5,51.5,0.4826358742837298,1,0.5194658015809336,0.5341704903736574,0.4826358742837298,extratrees
2024_20_LA_PHI,2024,20,2025-01-19,PHI,LA,7.0,43.5,0.7335423197492164,1,0.7280362608571508,0.7292073992822022,0.7335423197492164,extratrees
2024_21_BUF_KC,2024,21,2025-01-26,KC,BUF,1.5,49.5,0.5173641257162701,1,0.5586021397784064,0.5708354664309303,0.5173641257162701,extratrees
2024_21_WAS_PHI,2024,21,2025-01-26,PHI,WAS,6.0,46.5,0.6853932584269663,1,0.6480403863292279,0.6543605745629669,0.6853932584269663,extratrees
2024_22_KC_PHI,2024,22,2025-02-09,PHI,KC,-1.5,48.5,0.4782608695652174,1,0.5187398682695656,0.5334891770175388,0.4782608695652174,extratrees
2025_01_DAL_PHI,2025,1,2025-09-04,PHI,DAL,8.5,47.5,0.7768331562167907,1,0.7821068742558821,0.8538128025613483,0.7768331562167907,extratrees
2025_01_KC_LAC,2025,1,2025-09-05,LAC,KC,-3.0,47.5,0.39076376554174075,1,0.3858445162698432,0.3261229417203101,0.39076376554174075,extratrees
2025_01_TB_ATL,2025,1,2025-09-07,ATL,TB,-1.5,47.5,0.4891657638136511,0,0.40255138714496214,0.34846726213684837,0.4891657638136511,extratrees
2025_01_BAL_BUF,2025,1,2025-09-07,BUF,BAL,-1.5,50.5,0.4572564612326044,1,0.4957010970313921,0.47849006514685427,0.4572564612326044,extratrees
2025_01_CIN_CLE,2025,1,2025-09-07,CLE,CIN,-5.5,47.5,0.3249687530045188,0,0.33564350095415874,0.26168117753510695,0.3249687530045188,extratrees
2025_01_TEN_DEN,2025,1,2025-09-07,DEN,TEN,8.5,42.5,0.7867435158501441,1,0.771269962133007,0.842310386868778,0.7867435158501441,extratrees
2025_01_DET_GB,2025,1,2025-09-07,GB,DET,1.5,48.5,0.5217391304347826,1,0.5143547760480146,0.5051399482451624,0.5217391304347826,extratrees
2025_01_MIA_IND,2025,1,2025-09-07,IND,MIA,1.5,47.5,0.5043297540699688,1,0.45850079419025347,0.4257316057299492,0.5043297540699688,extratrees
2025_01_CAR_JAX,2025,1,2025-09-07,JAX,CAR,4.5,45.5,0.644729178800233,1,0.5823154952155914,0.6018894726082306,0.644729178800233,extratrees
2025_01_HOU_LA,2025,1,2025-09-07,LA,HOU,3.5,43.5,0.5996387718242023,1,0.5823982804207839,0.6020060227841422,0.5996387718242023,extratrees
2025_01_LV_NE,2025,1,2025-09-07,NE,LV,2.5,44.5,0.5829926410466066,0,0.5294392169518901,0.5267145822134928,0.5829926410466066,extratrees
2025_01_ARI_NO,2025,1,2025-09-07,NO,ARI,-6.0,44.5,0.299837925445705,0,0.33445767647798413,0.2602142609832051,0.299837925445705,extratrees
2025_01_PIT_NYJ,2025,1,2025-09-07,NYJ,PIT,-3.0,37.5,0.4170073589533933,0,0.45669579542714367,0.42319274054056233,0.4170073589533933,extratrees
2025_01_SF_SEA,2025,1,2025-09-07,SEA,SF,-2.5,43.5,0.448558885283451,0,0.5014456834525551,0.48668954436897194,0.448558885283451,extratrees
2025_01_NYG_WAS,2025,1,2025-09-07,WAS,NYG,6.0,45.5,0.7179705215419501,1,0.6963290042047313,0.7548115343278138,0.7179705215419501,extratrees
2025_01_MIN_CHI,2025,1,2025-09-08,CHI,MIN,-1.5,43.5,0.4956702459300312,0,0.43945156159080895,0.39907062352630385,0.4956702459300312,extratrees
2025_02_WAS_GB,2025,2,2025-09-11,GB,WAS,3.5,48.5,0.6224665518611737,1,0.6298498514487648,0.667775339401723,0.6224665518611737,extratrees
2025_02_CAR_ARI,2025,2,2025-09-14,ARI,CAR,7.0,45.5,0.725752508361204,1,0.7416439112059331,0.8093029929227379,0.725752508361204,extratrees
2025_02_CLE_BAL,2025,2,2025-09-14,BAL,CLE,12.5,46.5,0.863013698630137,1,0.8587774396875814,0.9254088515489274,0.863013698630137,extratrees
2025_02_JAX_CIN,2025,2,2025-09-14,CIN,JAX,3.5,49.5,0.6309403437815976,1,0.6365430032373711,0.6768479955999951,0.6309403437815976,extratrees
2025_02_NYG_DAL,2025,2,2025-09-14,DAL,NYG,4.5,44.5,0.6750312469954812,1,0.6478498429797643,0.6920347534142848,0.6750312469954812,extratrees
2025_02_CHI_DET,2025,2,2025-09-14,DET,CHI,6.0,46.5,0.7001620745542949,1,0.7232532721021074,0.7877364245357373,0.7001620745542949,extratrees
2025_02_DEN_IND,2025,2,2025-09-14,IND,DEN,-2.5,43.5,0.4572564612326044,1,0.45874031145175337,0.4260686854470436,0.4572564612326044,extratrees
2025_02_PHI_KC,2025,2,2025-09-14,KC,PHI,-1.5,46.5,0.4739134147382802,0,0.4251575401629491,0.37928596300275025,0.4739134147382802,extratrees
2025_02_NE_MIA,2025,2,2025-09-14,MIA,NE,1.5,43.5,0.5324675324675325,0,0.5688756269615262,0.5829062006103491,0.5324675324675325,extratrees
2025_02_ATL_MIN,2025,2,2025-09-14,MIN,ATL,3.5,44.5,0.6164383561643836,0,0.646877036021141,0.6907353509209061,0.6164383561643836,extratrees
2025_02_SF_NO,2025,2,2025-09-14,NO,SF,-3.0,40.5,0.4003612281757977,0,0.40395947616814537,0.35036818272653336,0.4003612281757977,extratrees
2025_02_BUF_NYJ,2025,2,2025-09-14,NYJ,BUF,-6.0,47.5,0.28644876973925815,0,0.30564771671577706,0.22545715687869314,0.28644876973925815,extratrees
2025_02_SEA_PIT,2025,2,2025-09-14,PIT,SEA,3.5,40.5,0.6309403437815976,0,0.5878981097800653,0.6097374343159934,0.6309403437815976,extratrees
2025_02_LA_TEN,2025,2,2025-09-14,TEN,LA,-5.5,41.5,0.31460674157303364,0,0.3508279820065787,0.2807033766749105,0.31460674157303364,extratrees
2025_02_TB_HOU,2025,2,2025-09-15,HOU,TB,2.5,42.5,0.551441114716549,0,0.5115803910064428,0.5011726362867581,0.551441114716549,extratrees
2025_02_LAC_LV,2025,2,2025-09-15,LV,LAC,-3.5,46.5,0.3630958183058778,0,0.40446034880940496,0.3510449943455106,0.3630958183058778,extratrees
2025_03_MIA_BUF,2025,3,2025-09-18,BUF,MIA,12.5,50.5,0.8524590163934427,1,0.8466441237062543,0.9152962931947883,0.8524590163934427,extratrees
2025_03_ATL_CAR,2025,3,2025-09-21,CAR,ATL,-5.5,44.5,0.33635187580853815,1,0.3186071160135406,0.24087739697354824,0.33635187580853815,extratrees
2025_03_DAL_CHI,2025,3,2025-09-21,CHI,DAL,-1.5,49.5,0.4675324675324675,1,0.42896362767693297,0.3845333870427406,0.4675324675324675,extratrees
2025_03_GB_CLE,2025,3,2025-09-21,CLE,GB,-8.5,41.5,0.20863836017569545,1,0.3211450840238451,0.24393902170507506,0.20863836017569545,extratrees
2025_03_HOU_JAX,2025,3,2025-09-21,JAX,HOU,1.5,43.5,0.5324675324675325,1,0.4963011829123265,0.47934616462117563,0.5324675324675325,extratrees
2025_03_DEN_LAC,2025,3,2025-09-21,LAC,DEN,2.5,45.5,0.5829926410466066,1,0.5667858242190947,0.579944408791536,0.5829926410466066,extratrees
2025_03_CIN_MIN,2025,3,2025-09-21,MIN,CIN,3.0,41.5,0.593369754159424,1,0.526071684182864,0.521898668105952,0.593369754159424,extratrees
2025_03_PIT_NE,2025,3,2025-09-21,NE,PIT,-1.5,44.5,0.4782608695652174,0,0.43634381089756996,0.39475158792641757,0.4782608695652174,extratrees
2025_03_KC_NYG,2025,3,2025-09-21,NYG,KC,-6.0,44.5,0.26645768025078376,0,0.31451381436861064,0.23596801365447828,0.26645768025078376,extratrees
2025_03_LA_PHI,2025,3,2025-09-21,PHI,LA,3.5,45.5,0.6369041816941223,1,0.6554096488774357,0.7020840249813602,0.6369041816941223,extratrees
2025_03_NO_SEA,2025,3,2025-09-21,SEA,NO,7.5,41.5,0.7571884984025559,1,0.761910633012856,0.8321246933473972,0.7571884984025559,extratrees
2025_03_ARI_SF,2025,3,2025-09-21,SF,ARI,1.5,44.5,0.5324675324675325,1,0.5433660179889099,0.5466141559256192,0.5324675324675325,extratrees
2025_03_NYJ_TB,2025,3,2025-09-21,TB,NYJ,6.5,43.5,0.7440690150970525,1,0.746394953858963,0.814744385503666,0.7440690150970525,extratrees
2025_03_IND_TEN,2025,3,2025-09-21,TEN,IND,-6.0,43.5,0.3194444444444444,0,0.3113096835416522,0.23214991105828284,0.3194444444444444,extratrees
2025_03_LV_WAS,2025,3,2025-09-21,WAS,LV,2.5,43.5,0.5829926410466066,1,0.5957894989591989,0.6207881002329674,0.5829926410466066,extratrees
2025_03_DET_BAL,2025,3,2025-09-22,BAL,DET,4.5,53.5,0.6805555555555556,0,0.6329049287586,0.6719238652395401,0.6805555555555556,extratrees
2025_04_SEA_ARI,2025,4,2025-09-25,ARI,SEA,-1.5,43.5,0.4675324675324675,0,0.45240263888500243,0.41716407711795783,0.4675324675324675,extratrees
2025_04_WAS_ATL,2025,4,2025-09-28,ATL,WAS,2.5,43.5,0.5634920634920635,1,0.48462476058659193,0.4627104235424776,0.5634920634920635,extratrees
2025_04_NO_BUF,2025,4,2025-09-28,BUF,NO,15.5,48.5,0.8933823529411765,1,0.8916255152138179,0.9502727799495144,0.8933823529411765,extratrees
2025_04_CLE_DET,2025,4,2025-09-28,DET,CLE,10.0,44.5,0.8118668596237336,1,0.8299647657128955,0.9006179344855265,0.8118668596237336,extratrees
2025_04_TEN_HOU,2025,4,2025-09-28,HOU,TEN,7.5,39.5,0.7819063004846527,1,0.742585965363363,0.8103862812787601,0.7819063004846527,extratrees
2025_04_BAL_KC,2025,4,2025-09-28,KC,BAL,-2.5,48.5,0.42794036443953615,1,0.4438904894311353,0.40525543067965863,0.42794036443953615,extratrees
2025_04_IND_LA,2025,4,2025-09-28,LA,IND,3.5,49.5,0.6224665518611737,1,0.597561313967448,0.623261826815476,0.6224665518611737,extratrees
2025_04_CHI_LV,2025,4,2025-09-28,LV,CHI,1.5,47.5,0.5324675324675325,0,0.5204481872499906,0.5138552087230307,0.5324675324675325,extratrees
2025_04_CAR_NE,2025,4,2025-09-28,NE,CAR,5.5,42.5,0.6957699520733487,1,0.6251815949859097,0.6614132522280175,0.6957699520733487,extratrees
2025_04_LAC_NYG,2025,4,2025-09-28,NYG,LAC,-6.0,43.5,0.2904564315352697,1,0.3228655534102336,0.2460220825830556,0.2904564315352697,extratrees
2025_04_MIN_PIT,2025,4,2025-09-28,PIT,MIN,-2.5,41.5,0.42794036443953615,1,0.41160616620811075,0.3607362397828115,0.42794036443953615,extratrees
2025_04_JAX_SF,2025,4,2025-09-28,SF,JAX,3.5,45.5,0.6164383561643836,0,0.6023911953603303,0.6299903556498614,0.6164383561643836,extratrees
2025_04_PHI_TB,2025,4,2025-09-28,TB,PHI,-3.5,44.5,0.3775334481388264,0,0.4229107992771073,0.37619584173518456,0.3775334481388264,extratrees
2025_04_CIN_DEN,2025,4,2025-09-29,DEN,CIN,7.5,44.5,0.7913616398243045,1,0.7104703473599001,0.7722959581291406,0.7913616398243045,extratrees
2025_04_NYJ_MIA,2025,4,2025-09-29,MIA,NYJ,2.5,44.5,0.5720596355604638,1,0.5607184628788668,0.5713322142911237,0.5720596355604638,extratrees
2025_05_SF_LA,2025,5,2025-10-02,LA,SF,8.5,43.5,0.7819063004846527,0,0.7394183384337174,0.8067352862128278,0.7819063004846527,extratrees
2025_05_TEN_ARI,2025,5,2025-10-05,ARI,TEN,7.5,41.5,0.7768331562167907,0,0.7791385574549771,0.8506938326679274,0.7768331562167907,extratrees
2025_05_HOU_BAL,2025,5,2025-10-05,BAL,HOU,-2.5,41.5,0.42794036443953615,0,0.5172746181340405,0.5093159230671098,0.42794036443953615,extratrees
2025_05_NE_BUF,2025,5,2025-10-05,BUF,NE,7.5,49.5,0.7659021045164341,0,0.7475909216553407,0.8161054611223623,0.7659021045164341,extratrees
2025_05_MIA_CAR,2025,5,2025-10-05,CAR,MIA,-1.5,44.5,0.4782608695652174,1,0.45396693355943646,0.4193590735326264,0.4782608695652174,extratrees
2025_05_DET_CIN,2025,5,2025-10-05,CIN,DET,-10.5,49.5,0.18274111675126903,0,0.28485517048632963,0.20149277288360598,0.18274111675126903,extratrees
2025_05_MIN_CLE,2025,5,2025-10-05,CLE,MIN,-3.5,35.5,0.3630958183058778,0,0.3648763825002586,0.29867810971744274,0.3630958183058778,extratrees
2025_05_LV_IND,2025,5,2025-10-05,IND,LV,7.0,46.5,0.7508125677139762,1,0.737979343711107,0.8050687750713746,0.7508125677139762,extratrees
2025_05_WAS_LAC,2025,5,2025-10-05,LAC,WAS,2.5,47.5,0.5829926410466066,0,0.5694850231734738,0.5837694064388513,0.5829926410466066,extratrees
2025_05_NYG_NO,2025,5,2025-10-05,NO,NYG,1.5,41.5,0.5217391304347826,1,0.4789160590771773,0.4545973415912688,0.5217391304347826,extratrees
2025_05_DAL_NYJ,2025,5,2025-10-05,NYJ,DAL,1.5,48.5,0.5108342361863488,0,0.48358956152071,0.4612381130860704,0.5108342361863488,extratrees
2025_05_DEN_PHI,2025,5,2025-10-05,PHI,DEN,3.5,44.5,0.6574752261956054,0,0.6642344822298862,0.7137015619008923,0.6574752261956054,extratrees
2025_05_TB_SEA,2025,5,2025-10-05,SEA,TB,3.5,44.5,0.6164383561643836,0,0.6112396383298259,0.642257625385526,0.6164383561643836,extratrees
2025_05_KC_JAX,2025,5,2025-10-06,JAX,KC,-3.5,45.5,0.3630958183058778,1,0.4031353327237629,0.3492552689426004,0.3630958183058778,extratrees
2025_06_PHI_NYG,2025,6,2025-10-09,NYG,PHI,-7.0,40.5,0.23409789548356585,1,0.3053372630948694,0.22509220534241567,0.23409789548356585,extratrees
2025_06_LA_BAL,2025,6,2025-10-12,BAL,LA,-7.0,43.5,0.2522172949002217,0,0.34643725535863495,0.2751583058776222,0.2522172949002217,extratrees
2025_06_DAL_CAR,2025,6,2025-10-12,CAR,DAL,-3.0,47.5,0.39076376554174075,1,0.40321551775009645,0.3493635102900113,0.39076376554174075,extratrees
2025_06_CIN_GB,2025,6,2025-10-12,GB,CIN,14.0,44.5,0.8720930232558138,1,0.8233938158050094,0.8945953178736705,0.8720930232558138,extratrees
2025_06_ARI_IND,2025,6,2025-10-12,IND,ARI,8.5,46.5,0.7913616398243045,1,0.747063121747783,0.8155052292328118,0.7913616398243045,extratrees
2025_06_SEA_JAX,2025,6,2025-10-12,JAX,SEA,-1.5,47.5,0.4891657638136511,0,0.4839204837654281,0.4617087156812319,0.4891657638136511,extratrees
2025_06_DET_KC,2025,6,2025-10-12,KC,DET,2.5,51.5,0.5634920634920635,1,0.5566120540327686,0.5654933567427226,0.5634920634920635,extratrees
2025_06_TEN_LV,2025,6,2025-10-12,LV,TEN,3.5,41.5,0.6224665518611737,1,0.589576876576591,0.6120926470492751,0.6224665518611737,extratrees
2025_06_LAC_MIA,2025,6,2025-10-12,MIA,LAC,-3.5,45.5,0.35527082119976705,0,0.37710146873648587,0.31459394113860234,0.35527082119976705,extratrees
2025_06_NE_NO,2025,6,2025-10-12,NO,NE,-3.5,46.5,0.3690596562184025,0,0.36261286703809603,0.29575862807330455,0.3690596562184025,extratrees
2025_06_DEN_NYJ,2025,6,2025-10-12,NYJ,DEN,-7.5,43.5,0.23409789548356585,0,0.28518130033152717,0.20186099813335942,0.23409789548356585,extratrees
2025_06_CLE_PIT,2025,6,2025-10-12,PIT,CLE,5.5,37.5,0.705033164260632,1,0.732061494147935,0.7981638545985655,0.705033164260632,extratrees
2025_06_SF_TB,2025,6,2025-10-12,TB,SF,3.5,46.5,0.6309403437815976,1,0.6048983205247983,0.6334742199430916,0.6309403437815976,extratrees
2025_06_BUF_ATL,2025,6,2025-10-13,ATL,BUF,-3.5,49.5,0.35527082119976705,1,0.34551937098611674,0.2740036252182729,0.35527082119976705,extratrees
2025_06_CHI_WAS,2025,6,2025-10-13,WAS,CHI,5.5,49.5,0.690792883054068,0,0.6793058752497939,0.7332400811775791,0.690792883054068,extratrees
2025_07_PIT_CIN,2025,7,2025-10-16,CIN,PIT,-5.5,45.5,0.3194444444444444,1,0.32663516218235417,0.2506074140520671,0.3194444444444444,extratrees
2025_07_GB_ARI,2025,7,2025-10-19,ARI,GB,-7.0,44.5,0.23409789548356585,0,0.2899393371368966,0.2072613708189888,0.23409789548356585,extratrees
2025_07_NO_CHI,2025,7,2025-10-19,CHI,NO,4.5,43.5,0.6636481241914618,1,0.6548456406030699,0.7013373136656077,0.6636481241914618,extratrees
2025_07_MIA_CLE,2025,7,2025-10-19,CLE,MIA,2.5,34.5,0.5720596355604638,1,0.5079763033045397,0.49602020785241857,0.5720596355604638,extratrees
2025_07_WAS_DAL,2025,7,2025-10-19,DAL,WAS,1.5,54.5,0.5324675324675325,1,0.4649185360412966,0.4347775102543245,0.5324675324675325,extratrees
2025_07_NYG_DEN,2025,7,2025-10-19,DEN,NYG,7.5,39.5,0.7768331562167907,1,0.7496489567264176,0.8184393725831223,0.7768331562167907,extratrees
2025_07_LA_JAX,2025,7,2025-10-19,JAX,LA,-3.0,44.5,0.4003612281757977,0,0.41452074315057597,0.36470746360141953,0.4003612281757977,extratrees
2025_07_LV_KC,2025,7,2025-10-19,KC,LV,13.5,44.5,0.8677165354330709,1,0.8737177044086614,0.9371832693028818,0.8677165354330709,extratrees
2025_07_IND_LAC,2025,7,2025-10-19,LAC,IND,2.5,48.5,0.551441114716549,0,0.5678642208198215,0.5814730819048887,0.551441114716549,extratrees
2025_07_PHI_MIN,2025,7,2025-10-19,MIN,PHI,-2.5,43.5,0.42794036443953615,0,0.48045577945507734,0.45678404921632565,0.42794036443953615,extratrees
2025_07_CAR_NYJ,2025,7,2025-10-19,NYJ,CAR,1.5,39.5,0.5043297540699688,0,0.4957120826533709,0.4785057365768989,0.5043297540699688,extratrees
2025_07_ATL_SF,2025,7,2025-10-19,SF,ATL,1.5,46.5,0.5108342361863488,1,0.5612350698855536,0.5720662212874272,0.5108342361863488,extratrees
2025_07_NE_TEN,2025,7,2025-10-19,TEN,NE,-6.5,40.5,0.28644876973925815,0,0.3411902209518597,0.26857902566228264,0.28644876973925815,extratrees
2025_07_TB_DET,2025,7,2025-10-20,DET,TB,6.0,54.5,0.705033164260632,1,0.6772532964502037,0.7306025753954876,0.705033164260632,extratrees
2025_07_HOU_SEA,2025,7,2025-10-20,SEA,HOU,3.0,41.5,0.5996387718242023,1,0.6092922862740816,0.6395647780359585,0.5996387718242023,extratrees
2025_08_MIN_LAC,2025,8,2025-10-23,LAC,MIN,3.0,45.5,0.6037569709421778,1,0.5736146491912796,0.5896131798851608,0.6037569709421778,extratrees
2025_08_MIA_ATL,2025,8,2025-10-26,ATL,MIA,7.0,44.5,0.7477827050997783,0,0.6852840683049122,0.7408780194875172,0.7477827050997783,extratrees
2025_08_CHI_BAL,2025,8,2025-10-26,BAL,CHI,2.5,45.5,0.5720596355604638,1,0.5781721590711224,0.5960499506662489,0.5720596355604638,extratrees
2025_08_BUF_CAR,2025,8,2025-10-26,CAR,BUF,-7.0,47.5,0.23409789548356585,0,0.33298597597710794,0.2583975512169468,0.23409789548356585,extratrees
2025_08_NYJ_CIN,2025,8,2025-10-26,CIN,NYJ,5.5,43.5,0.690792883054068,0,0.6585150327813516,0.7061863984511674,0.690792883054068,extratrees
2025_08_DAL_DEN,2025,8,2025-10-26,DEN,DAL,3.5,51.5,0.6309403437815976,1,0.6290679091540675,0.6667115943292783,0.6309403437815976,extratrees
2025_08_SF_HOU,2025,8,2025-10-26,HOU,SF,2.5,41.5,0.5829926410466066,1,0.5881782931669939,0.6101306733888586,0.5829926410466066,extratrees
2025_08_TEN_IND,2025,8,2025-10-26,IND,TEN,15.5,47.5,0.9082568807339451,1,0.8685782844428389,0.9332188151715985,0.9082568807339451,extratrees
2025_08_CLE_NE,2025,8,2025-10-26,NE,CLE,7.0,40.5,0.7600000000000001,1,0.7550365427972142,0.824499283346678,0.7600000000000001,extratrees
2025_08_TB_NO,2025,8,2025-10-26,NO,TB,-4.5,46.5,0.34252477380439467,0,0.30055588104809167,0.21949835634036613,0.34252477380439467,extratrees
2025_08_NYG_PHI,2025,8,2025-10-26,PHI,NYG,7.0,43.5,0.7600000000000001,1,0.7470482883745148,0.8154883503344397,0.7600000000000001,extratrees
2025_08_GB_PIT,2025,8,2025-10-26,PIT,GB,-3.0,46.5,0.4170073589533933,0,0.4180837059347633,0.369576106410142,0.4170073589533933,extratrees
2025_08_WAS_KC,2025,8,2025-10-27,KC,WAS,10.5,48.5,0.84,1,0.778291255798064,0.8497991181488864,0.84,extratrees
2025_09_BAL_MIA,2025,9,2025-10-30,MIA,BAL,-7.5,51.5,0.2132564841498559,0,0.38724439524571985,0.32797972476647247,0.2132564841498559,extratrees
2025_09_KC_BUF,2025,9,2025-11-02,BUF,KC,-2.5,53.5,0.448558885283451,1,0.4755722643661303,0.44985261761389067,0.448558885283451,extratrees
2025_09_CHI_CIN,2025,9,2025-11-02,CIN,CHI,-3.0,51.5,0.4066302458405761,0,0.4453050991558439,0.4072301792397845,0.4066302458405761,extratrees
2025_09_MIN_DET,2025,9,2025-11-02,DET,MIN,9.5,47.5,0.8118668596237336,0,0.7943629911537178,0.8664325095052792,0.8118668596237336,extratrees
2025_09_CAR_GB,2025,9,2025-11-02,GB,CAR,12.5,43.5,0.8720930232558138,0,0.8674191029380257,0.9323120993218552,0.8720930232558138,extratrees
2025_09_DEN_HOU,2025,9,2025-11-02,HOU,DEN,1.5,40.5,0.5324675324675325,0,0.5597795219132676,0.5699978217514302,0.5324675324675325,extratrees
2025_09_NO_LA,2025,9,2025-11-02,LA,NO,14.0,44.5,0.8869565217391304,1,0.8421869776819934,0.9114607483309355,0.8869565217391304,extratrees
2025_09_JAX_LV,2025,9,2025-11-02,LV,JAX,-2.5,43.5,0.4572564612326044,0,0.40700494979558394,0.35448849930816595,0.4572564612326044,extratrees
2025_09_ATL_NE,2025,9,2025-11-02,NE,ATL,5.5,45.5,0.6853932584269663,1,0.7152176415835692,0.7780717347029864,0.6853932584269663,extratrees
2025_09_SF_NYG,2025,9,2025-11-02,NYG,SF,-2.5,47.5,0.42794036443953615,0,0.4375554309844045,0.39643434529963223,0.42794036443953615,extratrees
2025_09_IND_PIT,2025,9,2025-11-02,PIT,IND,-3.5,51.5,0.3775334481388264,1,0.4197064660438657,0.37179851563688876,0.3775334481388264,extratrees
2025_09_LAC_TEN,2025,9,2025-11-02,TEN,LAC,-10.0,44.5,0.16835016835016833,0,0.2975871758870423,0.21605082097872938,0.16835016835016833,extratrees
2025_09_SEA_WAS,2025,9,2025-11-02,WAS,SEA,-2.5,47.5,0.42794036443953615,0,0.39322149786262056,0.33594017817751914,0.42794036443953615,extratrees
2025_09_ARI_DAL,2025,9,2025-11-03,DAL,ARI,3.5,53.5,0.6092362344582594,0,0.6067974159369423,0.6361090119244279,0.6092362344582594,extratrees
2025_10_LV_DEN,2025,10,2025-11-06,DEN,LV,9.5,42.5,0.7999999999999999,1,0.8343733978721287,0.9045834032823457,0.7999999999999999,extratrees
2025_10_NO_CAR,2025,10,2025-11-09,CAR,NO,5.5,38.5,0.6805555555555556,0,0.6704295779831285,0.7217804817767889,0.6805555555555556,extratrees
2025_10_NYG_CHI,2025,10,2025-11-09,CHI,NYG,4.5,45.5,0.6574752261956054,1,0.6538039458729671,0.6999568747513112,0.6574752261956054,extratrees
2025_10_JAX_HOU,2025,10,2025-11-09,HOU,JAX,-1.5,37.5,0.4891657638136511,1,0.5277020625018595,0.5242303879473887,0.4891657638136511,extratrees
2025_10_ATL_IND,2025,10,2025-11-09,IND,ATL,6.5,48.5,0.725752508361204,1,0.7025595750246424,0.7625656004944988,0.725752508361204,extratrees
2025_10_PIT_LAC,2025,10,2025-11-09,LAC,PIT,3.0,45.5,0.593369754159424,1,0.6000711017113853,0.6267609614144094,0.593369754159424,extratrees
2025_10_BUF_MIA,2025,10,2025-11-09,MIA,BUF,-8.5,50.5,0.2132564841498559,1,0.28115943139216737,0.19733747471653668,0.2132564841498559,extratrees
2025_10_BAL_MIN,2025,10,2025-11-09,MIN,BAL,-4.5,48.5,0.33099297893681046,0,0.3689834169329102,0.3039975397738606,0.33099297893681046,extratrees
2025_10_CLE_NYJ,2025,10,2025-11-09,NYJ,CLE,-1.5,37.5,0.4572564612326044,1,0.5012862413652103,0.4864618517768621,0.4572564612326044,extratrees
2025_10_ARI_SEA,2025,10,2025-11-09,SEA,ARI,7.0,44.5,0.740871613663133,1,0.7496365525644012,0.8184253370137802,0.740871613663133,extratrees
2025_10_LA_SF,2025,10,2025-11-09,SF,LA,-5.5,49.5,0.30920711694593195,0,0.3348591058423801,0.26071053762495816,0.30920711694593195,extratrees
2025_10_NE_TB,2025,10,2025-11-09,TB,NE,2.5,48.5,0.5720596355604638,0,0.6222064091129691,0.6573444955771006,0.5720596355604638,extratrees
2025_10_DET_WAS,2025,10,2025-11-09,WAS,DET,-8.5,49.5,0.2132564841498559,0,0.27949265687217884,0.19547400301344142,0.2132564841498559,extratrees
2025_10_PHI_GB,2025,10,2025-11-10,GB,PHI,1.5,45.5,0.5,0,0.5213836183264016,0.515193225462869,0.5,extratrees
2025_11_NYJ_NE,2025,11,2025-11-13,NE,NYJ,12.5,43.5,0.8677165354330709,1,0.8192880765439206,0.8907648706080118,0.8677165354330709,extratrees
2025_11_SF_ARI,2025,11,2025-11-16,ARI,SF,-3.5,48.5,0.3690596562184025,0,0.42245188494011093,0.3755653543961487,0.3690596562184025,extratrees
2025_11_CAR_ATL,2025,11,2025-11-16,ATL,CAR,4.5,42.5,0.6574752261956054,0,0.616977300044647,0.6501678841368687,0.6574752261956054,extratrees
2025_11_TB_BUF,2025,11,2025-11-16,BUF,TB,6.0,46.5,0.7095435684647302,1,0.659372097894605,0.70731592855106,0.7095435684647302,extratrees
2025_11_BAL_CLE,2025,11,2025-11-16,CLE,BAL,-7.5,37.5,0.21809369951534735,0,0.30991235242464593,0.23049172628420617,0.21809369951534735,extratrees
2025_11_KC_DEN,2025,11,2025-11-16,DEN,KC,-3.5,44.5,0.34252477380439467,1,0.4246777027080111,0.37862553389311604,0.34252477380439467,extratrees
2025_11_LAC_JAX,2025,11,2025-11-16,JAX,LAC,-3.0,43.5,0.4170073589533933,1,0.38280731835237103,0.3221045982931004,0.4170073589533933,extratrees
2025_11_SEA_LA,2025,11,2025-11-16,LA,SEA,3.0,49.5,0.6092362344582594,1,0.5733410509123249,0.5892263378039669,0.6092362344582594,extratrees
2025_11_WAS_MIA,2025,11,2025-11-16,MIA,WAS,2.5,47.5,0.5720596355604638,1,0.5600104289675786,0.5703260177310058,0.5720596355604638,extratrees
2025_11_CHI_MIN,2025,11,2025-11-16,MIN,CHI,3.0,47.5,0.5720596355604638,0,0.5453568202427328,0.5494552700720632,0.5720596355604638,extratrees
2025_11_GB_NYG,2025,11,2025-11-16,NYG,GB,-7.5,41.5,0.21809369951534735,0,0.30925779403780407,0.22971642553942703,0.21809369951534735,extratrees
2025_11_DET_PHI,2025,11,2025-11-16,PHI,DET,2.5,46.5,0.5829926410466066,1,0.5806684666613174,0.599569648063968,0.5829926410466066,extratrees
2025_11_CIN_PIT,2025,11,2025-11-16,PIT,CIN,5.5,48.5,0.6853932584269663,1,0.627635628665638,0.6647611213908253,0.6853932584269663,extratrees
2025_11_HOU_TEN,2025,11,2025-11-16,TEN,HOU,-5.5,37.5,0.30423004792665137,0,0.31498546962055063,0.2365318965311238,0.30423004792665137,extratrees
2025_11_DAL_LV,2025,11,2025-11-17,LV,DAL,-3.5,48.5,0.3630958183058778,0,0.35444227798458744,0.28529435268042863,0.3630958183058778,extratrees
2025_12_BUF_HOU,2025,12,2025-11-20,HOU,BUF,-5.5,43.5,0.30920711694593195,1,0.33035654764283634,0.2551623966227035,0.30920711694593195,extratrees
2025_12_JAX_ARI,2025,12,2025-11-23,ARI,JAX,-2.5,47.5,0.448558885283451,0,0.3974842407802704,0.3416487365307159,0.448558885283451,extratrees
2025_12_NYJ_BAL,2025,12,2025-11-23,BAL,NYJ,14.0,44.5,0.8761776581426649,1,0.8616464039021972,0.9277286152549264,0.8761776581426649,extratrees
2025_12_PIT_CHI,2025,12,2025-11-23,CHI,PIT,3.0,46.5,0.5829926410466066,1,0.6104015578960976,0.6410991993938375,0.5829926410466066,extratrees
2025_12_NE_CIN,2025,12,2025-11-23,CIN,NE,-7.5,50.5,0.23409789548356585,0,0.28458372901695866,0.20118648496409292,0.23409789548356585,extratrees
2025_12_PHI_DAL,2025,12,2025-11-23,DAL,PHI,-3.0,47.5,0.4066302458405761,1,0.3764980673621604,0.31380266837481385,0.4066302458405761,extratrees
2025_12_NYG_DET,2025,12,2025-11-23,DET,NYG,14.0,50.5,0.8761776581426649,1,0.8475838000319853,0.9160967166313058,0.8761776581426649,extratrees
2025_12_MIN_GB,2025,12,2025-11-23,GB,MIN,6.5,41.5,0.7135512302607419,1,0.7155974471974951,0.7785317270117631,0.7135512302607419,extratrees
2025_12_IND_KC,2025,12,2025-11-23,KC,IND,3.5,50.5,0.6574752261956054,1,0.5854387772806029,0.6062830847982155,0.6574752261956054,extratrees
2025_12_TB_LA,2025,12,2025-11-23,LA,TB,7.0,49.5,0.7571884984025559,1,0.7359330372329698,0.8026904682780848,0.7571884984025559,extratrees
2025_12_CLE_LV,2025,12,2025-11-23,LV,CLE,3.0,35.5,0.593369754159424,0,0.5677713806621547,0.5813415024788301,0.593369754159424,extratrees
2025_12_ATL_NO,2025,12,2025-11-23,NO,ATL,1.5,41.5,0.5260865852617197,0,0.5452137591755122,0.5492511421165042,0.5260865852617197,extratrees
2025_12_SEA_TEN,2025,12,2025-11-23,TEN,SEA,-12.5,41.5,0.13228346456692913,0,0.26416443522289423,0.17865076030968566,0.13228346456692913,extratrees
2025_12_CAR_SF,2025,12,2025-11-24,SF,CAR,7.5,48.5,0.7659021045164341,1,0.744530314900192,0.812615343798174,0.7659021045164341,extratrees
2025_13_CIN_BAL,2025,13,2025-11-27,BAL,CIN,7.0,52.5,0.7571884984025559,0,0.7655328296469902,0.8360938957347602,0.7571884984025559,extratrees
2025_13_KC_DAL,2025,13,2025-11-27,DAL,KC,-3.5,53.5,0.3775334481388264,1,0.3528991210814188,0.2833313001637482,0.3775334481388264,extratrees
2025_13_GB_DET,2025,13,2025-11-27,DET,GB,2.5,48.5,0.5829926410466066,0,0.5725662089022058,0.5881305309443142,0.5829926410466066,extratrees
2025_13_CHI_PHI,2025,13,2025-11-28,PHI,CHI,7.0,43.5,0.740871613663133,0,0.7116484089652987,0.7737337432423675,0.740871613663133,extratrees
2025_13_LA_CAR,2025,13,2025-11-30,CAR,LA,-10.0,44.5,0.18274111675126903,1,0.2935638289523675,0.21141026682070901,0.18274111675126903,extratrees
2025_13_SF_CLE,2025,13,2025-11-30,CLE,SF,-5.5,35.5,0.31460674157303364,0,0.363799213160133,0.2972876836353077,0.31460674157303364,extratrees
2025_13_HOU_IND,2025,13,2025-11-30,IND,HOU,3.0,44.5,0.6037569709421778,0,0.61639659758558,0.6493689610147584,0.6037569709421778,extratrees
2025_13_LV_LAC,2025,13,2025-11-30,LAC,LV,10.0,40.5,0.8223350253807106,1,0.8266879416015128,0.8976312348774959,0.8223350253807106,extratrees
2025_13_NO_MIA,2025,13,2025-11-30,MIA,NO,5.5,41.5,0.6853932584269663,1,0.7007121629014277,0.7602746386595415,0.6853932584269663,extratrees
2025_13_ATL_NYJ,2025,13,2025-11-30,NYJ,ATL,-3.0,38.5,0.4003612281757977,1,0.4314082637758758,0.3879119198398409,0.4003612281757977,extratrees
2025_13_BUF_PIT,2025,13,2025-11-30,PIT,BUF,-3.0,44.5,0.4003612281757977,0,0.38645463199114133,0.3269318316239793,0.4003612281757977,extratrees
2025_13_MIN_SEA,2025,13,2025-11-30,SEA,MIN,12.5,42.5,0.863013698630137,1,0.8452099587519937,0.9140691395333578,0.863013698630137,extratrees
2025_13_ARI_TB,2025,13,2025-11-30,TB,ARI,4.5,44.5,0.6369041816941223,1,0.6476094487839215,0.6917137829262742,0.6369041816941223,extratrees
2025_13_JAX_TEN,2025,13,2025-11-30,TEN,JAX,-6.0,42.5,0.299837925445705,0,0.3072596925211676,0.2273554980120499,0.299837925445705,extratrees
2025_13_DEN_WAS,2025,13,2025-11-30,WAS,DEN,-6.5,43.5,0.27424749163879597,0,0.30558814967461506,0.22538711686784807,0.27424749163879597,extratrees
2025_13_NYG_NE,2025,13,2025-12-01,NE,NYG,7.0,46.5,0.7571884984025559,1,0.7776222313458295,0.8490912793354496,0.7571884984025559,extratrees
2025_14_DAL_DET,2025,14,2025-12-04,DET,DAL,3.5,55.5,0.6309403437815976,1,0.654872251587352,0.701372556077107,0.6309403437815976,extratrees
2025_14_LA_ARI,2025,14,2025-12-07,ARI,LA,-9.5,49.5,0.19999999999999998,0,0.20490643200117917,0.11928546681669353,0.19999999999999998,extratrees
2025_14_SEA_ATL,2025,14,2025-12-07,ATL,SEA,-7.0,44.5,0.2522172949002217,0,0.3077079966232139,0.2278844517301829,0.2522172949002217,extratrees
2025_14_PIT_BAL,2025,14,2025-12-07,BAL,PIT,5.5,43.5,0.7001620745542949,0,0.6598891858604339,0.7079968311307212,0.7001620745542949,extratrees
2025_14_CIN_BUF,2025,14,2025-12-07,BUF,CIN,6.0,54.5,0.7095435684647302,1,0.7114193020178927,0.7734543572453143,0.7095435684647302,extratrees
2025_14_TEN_CLE,2025,14,2025-12-07,CLE,TEN,4.5,33.5,0.644729178800233,0,0.6822755686949507,0.7370425007622731,0.644729178800233,extratrees
2025_14_CHI_GB,2025,14,2025-12-07,GB,CHI,6.5,44.5,0.7220792588780237,1,0.680156677301549,0.7343311020843408,0.7220792588780237,extratrees
2025_14_IND_JAX,2025,14,2025-12-07,JAX,IND,-2.5,44.5,0.448558885283451,1,0.461471226910947,0.4299149061383427,0.448558885283451,extratrees
2025_14_HOU_KC,2025,14,2025-12-07,KC,HOU,4.5,41.5,0.6574752261956054,0,0.6242956576353698,0.6602028008797137,0.6574752261956054,extratrees
2025_14_DEN_LV,2025,14,2025-12-07,LV,DEN,-8.5,40.5,0.20863836017569545,0,0.2529175806839322,0.166676172613894,0.20863836017569545,extratrees
2025_14_WAS_MIN,2025,14,2025-12-07,MIN,WAS,-1.5,43.5,0.4891657638136511,1,0.5133204446424826,0.5036607903426976,0.4891657638136511,extratrees
2025_14_MIA_NYJ,2025,14,2025-12-07,NYJ,MIA,-2.5,41.5,0.42794036443953615,0,0.4494136194526855,0.4129754170190794,0.42794036443953615,extratrees
2025_14_NO_TB,2025,14,2025-12-07,TB,NO,7.5,41.5,0.7768331562167907,0,0.7624260979206535,0.8326916154977475,0.7768331562167907,extratrees
2025_14_PHI_LAC,2025,14,2025-12-08,LAC,PHI,-1.5,41.5,0.4782608695652174,1,0.517566950463207,0.5097340446542225,0.4782608695652174,extratrees
2025_15_ATL_TB,2025,15,2025-12-11,TB,ATL,6.0,43.5,0.705033164260632,0,0.6744446032644296,0.7269812599299458,0.705033164260632,extratrees
2025_15_CLE_CHI,2025,15,2025-12-14,CHI,CLE,7.5,38.5,0.7571884984025559,1,0.7534956171221544,0.8227734827351637,0.7571884984025559,extratrees
2025_15_BAL_CIN,2025,15,2025-12-14,CIN,BAL,-2.5,51.5,0.4066302458405761,0,0.41015661586871544,0.35876508725777023,0.4066302458405761,extratrees
2025_15_MIN_DAL,2025,15,2025-12-14,DAL,MIN,5.5,47.5,0.6957699520733487,0,0.6618929306772707,0.710631284106285,0.6957699520733487,extratrees
2025_15_GB_DEN,2025,15,2025-12-14,DEN,GB,-1.5,42.5,0.4739134147382802,1,0.5288953654066089,0.525936884243674,0.4739134147382802,extratrees
2025_15_ARI_HOU,2025,15,2025-12-14,HOU,ARI,10.5,42.5,0.827123695976155,1,0.8231873295219844,0.8944039062277712,0.827123695976155,extratrees
2025_15_NYJ_JAX,2025,15,2025-12-14,JAX,NYJ,13.5,40.5,0.8761776581426649,1,0.8596964501917816,0.9261549415068282,0.8761776581426649,extratrees
2025_15_LAC_KC,2025,15,2025-12-14,KC,LAC,5.5,41.5,0.690792883054068,0,0.6254326834517488,0.6617561378333097,0.690792883054068,extratrees
2025_15_DET_LA,2025,15,2025-12-14,LA,DET,5.5,54.5,0.6805555555555556,1,0.6248669786777918,0.6609835037978284,0.6805555555555556,extratrees
2025_15_BUF_NE,2025,15,2025-12-14,NE,BUF,-2.5,49.5,0.43650793650793646,0,0.48283380765039596,0.46016354289411626,0.43650793650793646,extratrees
2025_15_CAR_NO,2025,15,2025-12-14,NO,CAR,-2.5,41.5,0.42794036443953615,1,0.3937515689385786,0.33664863714723325,0.42794036443953615,extratrees
2025_15_WAS_NYG,2025,15,2025-12-14,NYG,WAS,2.5,46.5,0.5720596355604638,0,0.5380466086363469,0.5390177773601368,0.5720596355604638,extratrees
2025_15_LV_PHI,2025,15,2025-12-14,PHI,LV,12.5,37.5,0.8720930232558138,1,0.8353864759261472,0.9054860196707724,0.8720930232558138,extratrees
2025_15_IND_SEA,2025,15,2025-12-14,SEA,IND,13.5,41.5,0.8720930232558138,1,0.8246340311552035,0.8957422383177371,0.8720930232558138,extratrees
2025_15_TEN_SF,2025,15,2025-12-14,SF,TEN,12.5,44.5,0.863013698630137,1,0.8752318454482776,0.9383338250636909,0.863013698630137,extratrees
2025_15_MIA_PIT,2025,15,2025-12-15,PIT,MIA,3.0,42.5,0.6092362344582594,1,0.622902364078557,0.6582972179852322,0.6092362344582594,extratrees
2025_16_LA_SEA,2025,16,2025-12-18,SEA,LA,1.5,42.5,0.5260865852617197,1,0.5392586674554583,0.5407492289820851,0.5260865852617197,extratrees
2025_16_GB_CHI,2025,16,2025-12-20,CHI,GB,1.5,45.5,0.5173641257162701,1,0.5242789523033126,0.5193345730192811,0.5173641257162701,extratrees
2025_16_PHI_WAS,2025,16,2025-12-20,WAS,PHI,-7.0,43.5,0.24000000000000005,0,0.28167517050958846,0.19791541090566087,0.24000000000000005,extratrees
2025_16_ATL_ARI,2025,16,2025-12-21,ARI,ATL,-2.5,48.5,0.42794036443953615,0,0.4068866814309953,0.35432826505522586,0.42794036443953615,extratrees
2025_16_NE_BAL,2025,16,2025-12-21,BAL,NE,3.5,48.5,0.6224665518611737,0,0.6081658094429196,0.6380052373828028,0.6224665518611737,extratrees
2025_16_TB_CAR,2025,16,2025-12-21,CAR,TB,-3.0,44.5,0.4170073589533933,1,0.428020767398206,0.383232019733092,0.4170073589533933,extratrees
2025_16_BUF_CLE,2025,16,2025-12-21,CLE,BUF,-10.5,41.5,0.18274111675126903,0,0.27114715707141807,0.18624368081275544,0.18274111675126903,extratrees
2025_16_LAC_DAL,2025,16,2025-12-21,DAL,LAC,1.5,50.5,0.5260865852617197,0,0.5046127967974432,0.49121353595601686,0.5260865852617197,extratrees
2025_16_JAX_DEN,2025,16,2025-12-21,DEN,JAX,3.5,46.5,0.6092362344582594,0,0.6515264845959247,0.6969329892313703,0.6092362344582594,extratrees
2025_16_PIT_DET,2025,16,2025-12-21,DET,PIT,7.5,52.5,0.7768331562167907,0,0.6935686756287301,0.7513514759398205,0.7768331562167907,extratrees
2025_16_LV_HOU,2025,16,2025-12-21,HOU,LV,14.5,39.5,0.9039548022598869,1,0.856566062217465,0.9236020100287686,0.9039548022598869,extratrees
2025_16_CIN_MIA,2025,16,2025-12-21,MIA,CIN,-3.5,48.5,0.35527082119976705,0,0.4964756970267237,0.47959515141881437,0.35527082119976705,extratrees
2025_16_NYJ_NO,2025,16,2025-12-21,NO,NYJ,6.5,39.5,0.7179705215419501,1,0.6922214225511979,0.7496572701369919,0.7179705215419501,extratrees
2025_16_MIN_NYG,2025,16,2025-12-21,NYG,MIN,-2.5,41.5,0.42794036443953615,0,0.41093906085457477,0.3598287587384374,0.42794036443953615,extratrees
2025_16_KC_TEN,2025,16,2025-12-21,TEN,KC,-3.5,37.5,0.3775334481388264,1,0.3777808626258605,0.3154855583248959,0.3775334481388264,extratrees
2025_16_SF_IND,2025,16,2025-12-22,IND,SF,-4.5,46.5,0.33635187580853815,0,0.3458584084040519,0.274429944224306,0.33635187580853815,extratrees
2025_17_DEN_KC,2025,17,2025-12-25,KC,DEN,-13.5,37.5,0.12000000000000002,0,0.26727038031127615,0.1820133249189984,0.12000000000000002,extratrees
2025_17_DET_MIN,2025,17,2025-12-25,MIN,DET,-7.0,45.5,0.2491874322860238,1,0.30020405397946515,0.21908875112231949,0.2491874322860238,extratrees
2025_17_DAL_WAS,2025,17,2025-12-25,WAS,DAL,-8.5,50.5,0.19999999999999998,0,0.32973860001900684,0.25440409785923623,0.19999999999999998,extratrees
2025_17_BAL_GB,2025,17,2025-12-27,GB,BAL,2.5,38.5,0.5634920634920635,0,0.6235752152722999,0.6592177583126955,0.5634920634920635,extratrees
2025_17_HOU_LAC,2025,17,2025-12-27,LAC,HOU,1.5,40.5,0.5173641257162701,0,0.5745183138851637,0.59089054009028,0.5173641257162701,extratrees
2025_17_PHI_BUF,2025,17,2025-12-28,BUF,PHI,3.0,45.5,0.6037569709421778,0,0.6133927951264868,0.6452303349357246,0.6037569709421778,extratrees
2025_17_SEA_CAR,2025,17,2025-12-28,CAR,SEA,-6.5,42.5,0.27792074112197634,0,0.3143212383814974,0.23573791726655685,0.27792074112197634,extratrees
2025_17_ARI_CIN,2025,17,2025-12-28,CIN,ARI,7.0,52.5,0.7440690150970525,1,0.724343652572837,0.7890368093465593,0.7440690150970525,extratrees
2025_17_PIT_CLE,2025,17,2025-12-28,CLE,PIT,-4.5,35.5,0.35527082119976705,1,0.38116112543406044,0.3199325027960699,0.35527082119976705,extratrees
2025_17_JAX_IND,2025,17,2025-12-28,IND,JAX,-3.5,48.5,0.33635187580853815,0,0.3103964010449931,0.23106566025279193,0.33635187580853815,extratrees
2025_17_NYG_LV,2025,17,2025-12-28,LV,NYG,-3.0,40.5,0.4066302458405761,0,0.42126642305045603,0.37393779025106294,0.4066302458405761,extratrees
2025_17_TB_MIA,2025,17,2025-12-28,MIA,TB,-5.5,44.5,0.31460674157303364,1,0.4026275483750044,0.3485700123030554,0.31460674157303364,extratrees
2025_17_NE_NYJ,2025,17,2025-12-28,NYJ,NE,-12.5,42.5,0.13228346456692913,0,0.2368518023048409,0.1501322011720838,0.13228346456692913,extratrees
2025_17_CHI_SF,2025,17,2025-12-28,SF,CHI,3.5,51.5,0.644729178800233,1,0.6266677391214195,0.6634415913903885,0.644729178800233,extratrees
2025_17_NO_TEN,2025,17,2025-12-28,TEN,NO,-1.5,39.5,0.4782608695652174,0,0.4802302344232057,0.45646365841501096,0.4782608695652174,extratrees
2025_17_LA_ATL,2025,17,2025-12-29,ATL,LA,-7.5,48.5,0.24000000000000005,1,0.27009845471007454,0.18509570580390866,0.24000000000000005,extratrees
2025_18_SEA_SF,2025,18,2026-01-03,SF,SEA,-2.5,47.5,0.42794036443953615,0,0.45601541374467247,0.4222363662243147,0.42794036443953615,extratrees
2025_18_CAR_TB,2025,18,2026-01-03,TB,CAR,3.0,43.5,0.5829926410466066,1,0.5763351206706144,0.5934570659435611,0.5829926410466066,extratrees
2025_18_NO_ATL,2025,18,2026-01-04,ATL,NO,4.5,43.5,0.644729178800233,1,0.608135251665067,0.6379629135690086,0.644729178800233,extratrees
2025_18_NYJ_BUF,2025,18,2026-01-04,BUF,NYJ,12.5,39.5,0.8524590163934427,1,0.8187380743565622,0.8902478501581491,0.8524590163934427,extratrees
2025_18_DET_CHI,2025,18,2026-01-04,CHI,DET,3.5,51.5,0.6164383561643836,0,0.589412558268609,0.6118622188963128,0.6164383561643836,extratrees
2025_18_CLE_CIN,2025,18,2026-01-04,CIN,CLE,9.5,47.5,0.7867435158501441,0,0.7761008242802329,0.8474770944083785,0.7867435158501441,extratrees
2025_18_LAC_DEN,2025,18,2026-01-04,DEN,LAC,14.5,37.5,0.9039548022598869,1,0.7734161277847315,0.8446134683645593,0.9039548022598869,extratrees
2025_18_IND_HOU,2025,18,2026-01-04,HOU,IND,9.5,37.5,0.8081570996978852,1,0.792959743417292,0.8650090046309036,0.8081570996978852,extratrees
2025_18_TEN_JAX,2025,18,2026-01-04,JAX,TEN,12.5,46.5,0.8465011286681716,1,0.876660912044419,0.9394124095134468,0.8465011286681716,extratrees
2025_18_ARI_LA,2025,18,2026-01-04,LA,ARI,14.5,49.5,0.8933823529411765,1,0.866472552862114,0.9315683008535307,0.8933823529411765,extratrees
2025_18_KC_LV,2025,18,2026-01-04,LV,KC,-3.5,36.5,0.33635187580853815,1,0.3311986656413273,0.2561970099827148,0.33635187580853815,extratrees
2025_18_GB_MIN,2025,18,2026-01-04,MIN,GB,12.5,37.5,0.8316498316498315,1,0.7002750996638977,0.7597316249925419,0.8316498316498315,extratrees
2025_18_MIA_NE,2025,18,2026-01-04,NE,MIA,14.0,44.5,0.8720930232558138,1,0.8113888628135248,0.8832519007058546,0.8720930232558138,extratrees
2025_18_DAL_NYG,2025,18,2026-01-04,NYG,DAL,-3.0,50.5,0.4003612281757977,1,0.41845245307177753,0.3700808444059168,0.4003612281757977,extratrees
2025_18_WAS_PHI,2025,18,2026-01-04,PHI,WAS,3.0,38.5,0.6164383561643836,0,0.6589380168565019,0.7067439981242535,0.6164383561643836,extratrees
2025_18_BAL_PIT,2025,18,2026-01-04,PIT,BAL,-4.5,41.5,0.33635187580853815,1,0.413359179090765,0.36312353849627776,0.33635187580853815,extratrees
2025_19_LA_CAR,2025,19,2026-01-10,CAR,LA,-10.0,44.5,0.18813314037626627,0,0.28861450397694327,0.20575240442026033,0.18813314037626627,extratrees
2025_19_GB_CHI,2025,19,2026-01-10,CHI,GB,-2.5,45.5,0.448558885283451,1,0.5207342890687859,0.5142644412261194,0.448558885283451,extratrees
2025_19_BUF_JAX,2025,19,2026-01-11,JAX,BUF,1.5,51.5,0.5260865852617197,0,0.6104464985514793,0.6411613370108851,0.5260865852617197,extratrees
2025_19_LAC_NE,2025,19,2026-01-11,NE,LAC,3.5,45.5,0.6369041816941223,1,0.6549757632265514,0.7015096318262233,0.6369041816941223,extratrees
2025_19_SF_PHI,2025,19,2026-01-11,PHI,SF,6.0,44.5,0.6957699520733487,0,0.5907368081085039,0.6137186198891179,0.6957699520733487,extratrees
2025_19_HOU_PIT,2025,19,2026-01-12,PIT,HOU,-3.0,38.5,0.4170073589533933,0,0.45277584868971577,0.41768758337327727,0.4170073589533933,extratrees
2025_20_BUF_DEN,2025,20,2026-01-17,DEN,BUF,1.5,45.5,0.5217391304347826,1,0.5877116724864622,0.6094757336953326,0.5217391304347826,extratrees
2025_20_SF_SEA,2025,20,2026-01-17,SEA,SF,6.5,44.5,0.7220792588780237,1,0.6738746906200885,0.7262447519851997,0.7220792588780237,extratrees
2025_20_LA_CHI,2025,20,2026-01-18,CHI,LA,-3.5,49.5,0.35527082119976705,0,0.4322798197432363,0.38911792750826535,0.35527082119976705,extratrees
2025_20_HOU_NE,2025,20,2026-01-18,NE,HOU,3.0,40.5,0.6164383561643836,1,0.602678698920291,0.6303901787780379,0.6164383561643836,extratrees
2025_21_NE_DEN,2025,21,2026-01-25,DEN,NE,-3.5,43.5,0.35527082119976705,0,0.4501712517765403,0.4140364305453789,0.35527082119976705,extratrees
2025_21_LA_SEA,2025,21,2026-01-25,SEA,LA,2.5,45.5,0.5634920634920635,1,0.5496461558277069,0.555572618885018,0.5634920634920635,extratrees
2025_22_SEA_NE,2025,22,2026-02-08,NE,SEA,-4.5,45.5,0.3249687530045188,0,0.43704117912351714,0.39571995274443705,0.3249687530045188,extratrees
