game_id,season,week,gameday,home_team,away_team,spread_line,total_line,market_home_prob,y,prob_raw,prob,market_prob,model
2015_01_PIT_NE,2015,1,2015-09-10,NE,PIT,7.5,51.0,0.7590361445783131,0,0.5360655966675565,0.4887804479217804,0.5,extratrees
2015_01_NO_ARI,2015,1,2015-09-13,ARI,NO,2.0,48.5,0.5520062329567589,1,0.46566229671614695,0.48542422775218913,0.5,extratrees
2015_01_IND_BUF,2015,1,2015-09-13,BUF,IND,-1.0,44.5,0.49070156678599663,1,0.44430910320623784,0.4843997609766605,0.5,extratrees
2015_01_GB_CHI,2015,1,2015-09-13,CHI,GB,-5.5,48.5,0.303030303030303,0,0.4900917097533596,0.48658926176592515,0.5,extratrees
2015_01_NYG_DAL,2015,1,2015-09-13,DAL,NYG,7.0,52.0,0.7333014887349733,0,0.5345198864999101,0.488706503539814,0.5,extratrees
2015_01_BAL_DEN,2015,1,2015-09-13,DEN,BAL,4.5,46.5,0.6712553934662009,1,0.47155465672112445,0.48570572570918646,0.5,extratrees
2015_01_KC_HOU,2015,1,2015-09-13,HOU,KC,-1.0,41.0,0.5,0,0.49028534507953436,0.4865984804147925,0.5,extratrees
2015_01_CAR_JAX,2015,1,2015-09-13,JAX,CAR,-3.0,41.0,0.4224502112251056,0,0.5054416501602613,0.487319864676363,0.5,extratrees
2015_01_CLE_NYJ,2015,1,2015-09-13,NYJ,CLE,3.5,39.0,0.6332518337408314,1,0.4369348363312567,0.48404389146454607,0.5,extratrees
2015_01_CIN_OAK,2015,1,2015-09-13,OAK,CIN,-3.0,43.0,0.413907284768212,0,0.46457788303755637,0.4853723750988761,0.5,extratrees
2015_01_DET_SD,2015,1,2015-09-13,SD,DET,3.5,45.5,0.6274614156466205,1,0.47453574066177306,0.4858479964792088,0.5,extratrees
2015_01_SEA_STL,2015,1,2015-09-13,STL,SEA,-3.5,41.5,0.37665039500700276,1,0.5302916413475495,0.48850439110161414,0.5,extratrees
2015_01_TEN_TB,2015,1,2015-09-13,TB,TEN,3.0,40.5,0.5933014354066986,0,0.42292130719577165,0.48336381226650693,0.5,extratrees
2015_01_MIA_WAS,2015,1,2015-09-13,WAS,MIA,-4.0,45.5,0.34727812147834686,0,0.4554879077224668,0.48493706016046384,0.5,extratrees
2015_01_PHI_ATL,2015,1,2015-09-14,ATL,PHI,-3.5,55.0,0.37665039500700276,1,0.5433181530866366,0.4891278722114207,0.5,extratrees
2015_01_MIN_SF,2015,1,2015-09-14,SF,MIN,-2.5,42.5,0.4066985645933015,1,0.5040134417449998,0.4872518852421187,0.5,extratrees
2015_02_DEN_KC,2015,2,2015-09-17,KC,DEN,3.0,42.0,0.6033428208078484,0,0.47422883530035875,0.4858333536377346,0.5,extratrees
2015_02_NE_BUF,2015,2,2015-09-20,BUF,NE,2.0,45.0,0.5399277029247453,0,0.5074643356889248,0.48741614815170864,0.5,extratrees
2015_02_HOU_CAR,2015,2,2015-09-20,CAR,HOU,3.0,41.0,0.5740354444580784,1,0.5046999322551029,0.487284560094617,0.5,extratrees
2015_02_ARI_CHI,2015,2,2015-09-20,CHI,ARI,-2.0,45.5,0.46943325045014145,0,0.514048935240063,0.4877296904033955,0.5,extratrees
2015_02_SD_CIN,2015,2,2015-09-20,CIN,SD,3.5,47.5,0.6186511705872493,1,0.4970712635517873,0.48692148436485355,0.5,extratrees
2015_02_TEN_CLE,2015,2,2015-09-20,CLE,TEN,1.0,41.0,0.5172913928296243,1,0.4959117297175509,0.4868662976875608,0.5,extratrees
2015_02_SEA_GB,2015,2,2015-09-20,GB,SEA,3.5,49.0,0.6332518337408314,1,0.5484621976196677,0.4893748224951073,0.5,extratrees
2015_02_MIA_JAX,2015,2,2015-09-20,JAX,MIA,-5.0,42.5,0.3199224430441105,1,0.5110843998720834,0.48758850317129754,0.5,extratrees
2015_02_DET_MIN,2015,2,2015-09-20,MIN,DET,2.5,44.0,0.5740354444580784,1,0.491455004574045,0.486654163257456,0.5,extratrees
2015_02_TB_NO,2015,2,2015-09-20,NO,TB,9.5,47.0,0.7849371679176859,0,0.4240314503545701,0.4834178903323117,0.5,extratrees
2015_02_ATL_NYG,2015,2,2015-09-20,NYG,ATL,2.0,49.5,0.537852568752202,0,0.5335922431729645,0.4886621420734676,0.5,extratrees
2015_02_BAL_OAK,2015,2,2015-09-20,OAK,BAL,-6.0,42.0,0.299482251023654,1,0.5070423099056176,0.48739605803130354,0.5,extratrees
2015_02_DAL_PHI,2015,2,2015-09-20,PHI,DAL,7.0,53.0,0.722662440570523,0,0.5114517579669798,0.48760599642881647,0.5,extratrees
2015_02_SF_PIT,2015,2,2015-09-20,PIT,SF,6.0,46.0,0.6949182345700721,1,0.528783297211486,0.488432344132154,0.5,extratrees
2015_02_STL_WAS,2015,2,2015-09-20,WAS,STL,-3.0,41.0,0.37665039500700276,1,0.492403105924563,0.48669929554380836,0.5,extratrees
2015_02_NYJ_IND,2015,2,2015-09-21,IND,NYJ,6.0,45.5,0.6891002194586686,0,0.5499438221259709,0.48944604175707473,0.5,extratrees
2015_03_WAS_NYG,2015,3,2015-09-24,NYG,WAS,3.0,45.0,0.6108836002739845,1,0.4802019377553576,0.48611818898580533,0.5,extratrees
2015_03_SF_ARI,2015,3,2015-09-27,ARI,SF,7.0,45.0,0.7326042743306772,1,0.48934022452530046,0.4865534835516931,0.5,extratrees
2015_03_CIN_BAL,2015,3,2015-09-27,BAL,CIN,2.5,45.5,0.5660893345487694,0,0.5473210527216108,0.4893199980368467,0.5,extratrees
2015_03_NO_CAR,2015,3,2015-09-27,CAR,NO,10.0,43.0,0.7810858143607706,0,0.5032865516649374,0.48721728839462264,0.5,extratrees
2015_03_OAK_CLE,2015,3,2015-09-27,CLE,OAK,3.5,43.5,0.6233496049929973,0,0.438170560251957,0.484103613745464,0.5,extratrees
2015_03_ATL_DAL,2015,3,2015-09-27,DAL,ATL,1.0,43.5,0.521797153024911,0,0.4792631905893825,0.4860734429360848,0.5,extratrees
2015_03_DEN_DET,2015,3,2015-09-27,DET,DEN,-3.0,45.0,0.43391066545123064,0,0.5419462621751823,0.4890620897938379,0.5,extratrees
2015_03_TB_HOU,2015,3,2015-09-27,HOU,TB,6.0,41.0,0.6996383748138693,1,0.4430893562627253,0.4843409829765043,0.5,extratrees
2015_03_BUF_MIA,2015,3,2015-09-27,MIA,BUF,1.0,43.5,0.5046466242274987,0,0.47055596279049783,0.48565804289728864,0.5,extratrees
2015_03_SD_MIN,2015,3,2015-09-27,MIN,SD,2.5,45.5,0.537852568752202,1,0.49098787425772045,0.48663192556699725,0.5,extratrees
2015_03_JAX_NE,2015,3,2015-09-27,NE,JAX,14.5,48.5,0.9064921186214268,1,0.5226176336327942,0.4881380892969161,0.5,extratrees
2015_03_PHI_NYJ,2015,3,2015-09-27,NYJ,PHI,3.0,47.0,0.6033428208078484,0,0.5045033798473477,0.4872752047081673,0.5,extratrees
2015_03_CHI_SEA,2015,3,2015-09-27,SEA,CHI,16.5,43.5,0.9064921186214268,1,0.4642813252108807,0.48535819208673764,0.5,extratrees
2015_03_PIT_STL,2015,3,2015-09-27,STL,PIT,1.5,48.5,0.537852568752202,0,0.5251710874398432,0.48825990623095533,0.5,extratrees
2015_03_IND_TEN,2015,3,2015-09-27,TEN,IND,-3.0,46.5,0.3813488294127508,1,0.48273057725668206,0.4862386872327575,0.5,extratrees
2015_03_KC_GB,2015,3,2015-09-28,GB,KC,4.5,47.0,0.6757296083811425,1,0.5387152368971108,0.4889072816901765,0.5,extratrees
2015_04_STL_ARI,2015,4,2015-10-04,ARI,STL,7.0,43.5,0.722662440570523,0,0.45978725835870354,0.4851431104162617,0.5,extratrees
2015_04_HOU_ATL,2015,4,2015-10-04,ATL,HOU,4.0,47.5,0.6527218785216531,1,0.5058427490841674,0.4873389568591241,0.5,extratrees
2015_04_NYG_BUF,2015,4,2015-10-04,BUF,NYG,6.0,46.5,0.690978748012144,0,0.5182482239709414,0.48792976958837636,0.5,extratrees
2015_04_OAK_CHI,2015,4,2015-10-04,CHI,OAK,-3.0,44.5,0.37665039500700276,1,0.48340931242649593,0.4862710241072139,0.5,extratrees
2015_04_KC_CIN,2015,4,2015-10-04,CIN,KC,3.5,45.0,0.6233496049929973,1,0.492438498464115,0.4867009802798892,0.5,extratrees
2015_04_MIN_DEN,2015,4,2015-10-04,DEN,MIN,7.0,43.5,0.7234124879978217,0,0.4973038493448388,0.486932553856636,0.5,extratrees
2015_04_JAX_IND,2015,4,2015-10-04,IND,JAX,4.0,43.0,0.6499689771835965,0,0.46819505126452965,0.4855452763514167,0.5,extratrees
2015_04_NYJ_MIA,2015,4,2015-10-04,MIA,NYJ,-2.5,42.0,0.44139283962726833,0,0.4610113689099835,0.4852017241454531,0.5,extratrees
2015_04_DAL_NO,2015,4,2015-10-04,NO,DAL,3.0,48.0,0.5740354444580784,1,0.5131029145548867,0.4876846309207223,0.5,extratrees
2015_04_CLE_SD,2015,4,2015-10-04,SD,CLE,4.5,44.5,0.6800775569558896,0,0.4696182254791139,0.485613260466654,0.5,extratrees
2015_04_GB_SF,2015,4,2015-10-04,SF,GB,-7.5,48.0,0.2562225475841874,0,0.4820907707407331,0.48620820235788914,0.5,extratrees
2015_04_CAR_TB,2015,4,2015-10-04,TB,CAR,-3.0,40.0,0.4224502112251056,0,0.5111520949999359,0.48759172670586537,0.5,extratrees
2015_04_PHI_WAS,2015,4,2015-10-04,WAS,PHI,-3.0,46.0,0.4155887507302011,1,0.5030946701451418,0.48720815579468724,0.5,extratrees
2015_04_DET_SEA,2015,4,2015-10-05,SEA,DET,10.0,43.0,0.8047945205479452,0,0.5461315847993626,0.4892628776737848,0.5,extratrees
2015_05_IND_HOU,2015,5,2015-10-08,HOU,IND,4.5,40.5,0.6600024206947392,0,0.472467719784553,0.48574931076624744,0.5,extratrees
2015_05_WAS_ATL,2015,5,2015-10-11,ATL,WAS,7.5,48.5,0.7464578672632363,0,0.5199434897986044,0.4880105764838712,0.5,extratrees
2015_05_CLE_BAL,2015,5,2015-10-11,BAL,CLE,6.0,43.0,0.7013921016108003,0,0.4928862229131807,0.4867222923315844,0.5,extratrees
2015_05_NE_DAL,2015,5,2015-10-11,DAL,NE,-8.0,51.0,0.24096385542168672,0,0.483373170762309,0.4862693022871785,0.5,extratrees
2015_05_ARI_DET,2015,5,2015-10-11,DET,ARI,-4.5,46.0,0.34727812147834686,0,0.5575370487987148,0.4898117394893091,0.5,extratrees
2015_05_STL_GB,2015,5,2015-10-11,GB,STL,8.5,45.0,0.768632470217584,1,0.535084441165591,0.4887335071520721,0.5,extratrees
2015_05_CHI_KC,2015,5,2015-10-11,KC,CHI,10.0,44.0,0.7882908557935022,0,0.4457554963738162,0.48446941947378436,0.5,extratrees
2015_05_SF_NYG,2015,5,2015-10-11,NYG,SF,7.5,43.5,0.7590361445783131,0,0.5071375217614519,0.4874005904513088,0.5,extratrees
2015_05_DEN_OAK,2015,5,2015-10-11,OAK,DEN,-5.0,44.5,0.3242703916188576,0,0.4880385837282312,0.4864915072339043,0.5,extratrees
2015_05_NO_PHI,2015,5,2015-10-11,PHI,NO,6.5,49.5,0.7171050163208644,1,0.46486891713127615,0.48538629279422085,0.5,extratrees
2015_05_JAX_TB,2015,5,2015-10-11,TB,JAX,1.0,41.0,0.521797153024911,1,0.4657107057064473,0.4854265421329523,0.5,extratrees
2015_05_BUF_TEN,2015,5,2015-10-11,TEN,BUF,1.0,43.0,0.5116279069767442,0,0.5113368940026917,0.4876005266458998,0.5,extratrees
2015_05_PIT_SD,2015,5,2015-10-12,SD,PIT,4.0,45.5,0.658869395711501,0,0.5249638543994091,0.48825001751229213,0.5,extratrees
2015_06_ATL_NO,2015,6,2015-10-15,NO,ATL,-3.0,52.0,0.4172836182527931,1,0.5161673175961055,0.48783060871178846,0.5,extratrees
2015_06_CIN_BUF,2015,6,2015-10-18,BUF,CIN,-3.0,42.5,0.4050889296790936,0,0.4410315971823289,0.4842417478940603,0.5,extratrees
2015_06_DEN_CLE,2015,6,2015-10-18,CLE,DEN,-3.5,41.5,0.39360687022900764,1,0.506865516663679,0.4873876421194522,0.5,extratrees
2015_06_CHI_DET,2015,6,2015-10-18,DET,CHI,3.5,45.0,0.6527218785216531,0,0.4421506809607018,0.48429572725946396,0.5,extratrees
2015_06_SD_GB,2015,6,2015-10-18,GB,SD,10.5,50.0,0.8188617506135327,0,0.5577822163929588,0.48982356785908004,0.5,extratrees
2015_06_NE_IND,2015,6,2015-10-18,IND,NE,-8.0,53.5,0.24835146013530876,1,0.5632846647978161,0.49008941120947747,0.5,extratrees
2015_06_HOU_JAX,2015,6,2015-10-18,JAX,HOU,2.5,43.5,0.5933014354066986,0,0.5095890490755618,0.487517301927738,0.5,extratrees
2015_06_KC_MIN,2015,6,2015-10-18,MIN,KC,3.5,43.0,0.6033428208078484,1,0.48920004729548106,0.4865468094795502,0.5,extratrees
2015_06_WAS_NYJ,2015,6,2015-10-18,NYJ,WAS,7.5,39.5,0.7590361445783131,1,0.5066710024725777,0.4873783827375529,0.5,extratrees
2015_06_ARI_PIT,2015,6,2015-10-18,PIT,ARI,-5.5,45.0,0.3199224430441105,1,0.470878410345948,0.48567343939419716,0.5,extratrees
2015_06_CAR_SEA,2015,6,2015-10-18,SEA,CAR,7.0,41.0,0.73621103117506,0,0.469582840780623,0.48561157044667425,0.5,extratrees
2015_06_BAL_SF,2015,6,2015-10-18,SF,BAL,-2.5,43.5,0.4320786780923455,1,0.4605924260758328,0.4851816665521262,0.5,extratrees
2015_06_MIA_TEN,2015,6,2015-10-18,TEN,MIA,2.5,44.0,0.5520062329567589,0,0.4432920499610949,0.4843507527607999,0.5,extratrees
2015_06_NYG_PHI,2015,6,2015-10-19,PHI,NYG,3.5,50.5,0.6527218785216531,1,0.5082187275244678,0.4874520616113191,0.5,extratrees
2015_07_SEA_SF,2015,7,2015-10-22,SF,SEA,-6.5,41.5,0.28787053606161983,0,0.48504208793354703,0.48634880293212523,0.5,extratrees
2015_07_PHI_CAR,2015,7,2015-10-25,CAR,PHI,3.0,46.0,0.5642421122306391,1,0.4846622008069175,0.48633070800464095,0.5,extratrees
2015_07_MIN_DET,2015,7,2015-10-25,DET,MIN,1.0,44.5,0.521797153024911,0,0.540990167952145,0.48901626321762365,0.5,extratrees
2015_07_NO_IND,2015,7,2015-10-25,IND,NO,5.5,52.5,0.6859695689558487,0,0.5025537605198485,0.4871824114746372,0.5,extratrees
2015_07_BUF_JAX,2015,7,2015-10-25,JAX,BUF,-3.5,41.0,0.3856591915440651,1,0.4686239858375964,0.48556576877478536,0.5,extratrees
2015_07_PIT_KC,2015,7,2015-10-25,KC,PIT,4.0,41.5,0.658869395711501,1,0.5123029272835716,0.4876465307477259,0.5,extratrees
2015_07_HOU_MIA,2015,7,2015-10-25,MIA,HOU,4.5,46.5,0.6691291228800332,1,0.47709893827272887,0.48597025603823174,0.5,extratrees
2015_07_DAL_NYG,2015,7,2015-10-25,NYG,DAL,3.0,44.5,0.5933014354066986,1,0.47493241032509703,0.48586692076645227,0.5,extratrees
2015_07_OAK_SD,2015,7,2015-10-25,SD,OAK,3.5,48.0,0.6397067958752639,0,0.4526238755677944,0.4847996270308316,0.5,extratrees
2015_07_CLE_STL,2015,7,2015-10-25,STL,CLE,6.5,43.5,0.7163206180589087,1,0.5008600048022999,0.4871018000316564,0.5,extratrees
2015_07_ATL_TEN,2015,7,2015-10-25,TEN,ATL,-5.5,45.5,0.3199224430441105,1,0.5193620192549375,0.4879828575440205,0.5,extratrees
2015_07_TB_WAS,2015,7,2015-10-25,WAS,TB,3.0,42.0,0.5860927152317882,0,0.4558885669366445,0.48495627485753634,0.5,extratrees
2015_07_BAL_ARI,2015,7,2015-10-26,ARI,BAL,10.0,49.5,0.8003561215129767,0,0.5516970711907726,0.4895303732528437,0.5,extratrees
2015_08_MIA_NE,2015,8,2015-10-29,NE,MIA,8.0,51.0,0.7901049475262368,1,0.5266505524685283,0.4883305156374716,0.5,extratrees
2015_08_TB_ATL,2015,8,2015-11-01,ATL,TB,8.0,47.5,0.7810858143607706,0,0.5355101991220026,0.48875387476524323,0.5,extratrees
2015_08_SD_BAL,2015,8,2015-11-01,BAL,SD,4.5,50.0,0.658869395711501,0,0.4812787189911713,0.486169506615928,0.5,extratrees
2015_08_MIN_CHI,2015,8,2015-11-01,CHI,MIN,-1.0,43.5,0.47377843762281124,0,0.49539048819079856,0.48684148925528176,0.5,extratrees
2015_08_ARI_CLE,2015,8,2015-11-01,CLE,ARI,-7.0,46.0,0.26311037738282556,0,0.5010682316798697,0.4871117101141761,0.5,extratrees
2015_08_SEA_DAL,2015,8,2015-11-01,DAL,SEA,-4.5,41.5,0.341130604288499,1,0.5375387296133001,0.48885095161671344,0.5,extratrees
2015_08_GB_DEN,2015,8,2015-11-01,DEN,GB,-2.5,46.0,0.4433028919330289,1,0.4908278421419619,0.486624307096487,0.5,extratrees
2015_08_TEN_HOU,2015,8,2015-11-01,HOU,TEN,3.5,43.0,0.6332518337408314,1,0.41744050716708003,0.4830962659515581,0.5,extratrees
2015_08_DET_KC,2015,8,2015-11-01,KC,DET,3.0,45.0,0.6143408084559349,1,0.4506101361553328,0.4847029077087834,0.5,extratrees
2015_08_NYJ_OAK,2015,8,2015-11-01,OAK,NYJ,-3.0,43.5,0.3856591915440651,1,0.48877430144966827,0.48652653853766836,0.5,extratrees
2015_08_CIN_PIT,2015,8,2015-11-01,PIT,CIN,1.0,49.0,0.5262215623771888,0,0.41640319530103204,0.4830455204326849,0.5,extratrees
2015_08_SF_STL,2015,8,2015-11-01,STL,SF,8.0,41.0,0.7810858143607706,1,0.43730947172650847,0.48406200142908623,0.5,extratrees
2015_08_IND_CAR,2015,8,2015-11-02,CAR,IND,5.0,44.5,0.6712553934662009,0,0.5234005312629636,0.48817543234358035,0.5,extratrees
2015_09_CLE_CIN,2015,9,2015-11-05,CIN,CLE,13.0,45.5,0.8733924168721262,1,0.5061916569994555,0.4873555650866066,0.5,extratrees
2015_09_MIA_BUF,2015,9,2015-11-08,BUF,MIA,4.0,44.0,0.6527218785216531,1,0.46270418350297077,0.4852827444240458,0.5,extratrees
2015_09_GB_CAR,2015,9,2015-11-08,CAR,GB,-2.0,45.5,0.4672897196261682,1,0.4970945878427898,0.4869225944435224,0.5,extratrees
2015_09_PHI_DAL,2015,9,2015-11-08,DAL,PHI,-3.0,43.5,0.3920988384996671,0,0.4591684476603954,0.48511347144228745,0.5,extratrees
2015_09_DEN_IND,2015,9,2015-11-08,IND,DEN,-3.5,45.0,0.3856591915440651,1,0.47558562344515704,0.4858980810209619,0.5,extratrees
2015_09_STL_MIN,2015,9,2015-11-08,MIN,STL,2.0,40.0,0.537852568752202,1,0.45771412565981356,0.48504379075616766,0.5,extratrees
2015_09_WAS_NE,2015,9,2015-11-08,NE,WAS,13.5,51.5,0.8948106591865358,1,0.48943488905460936,0.48655799064561056,0.5,extratrees
2015_09_TEN_NO,2015,9,2015-11-08,NO,TEN,7.0,50.0,0.7319034852546917,0,0.44898668299232336,0.48462487810784005,0.5,extratrees
2015_09_JAX_NYJ,2015,9,2015-11-08,NYJ,JAX,7.5,42.0,0.7516485398646913,0,0.48270912657285026,0.48623766521416983,0.5,extratrees
2015_09_OAK_PIT,2015,9,2015-11-08,PIT,OAK,6.0,47.5,0.7050630837293135,0,0.47901063508058817,0.48606140355817945,0.5,extratrees
2015_09_ATL_SF,2015,9,2015-11-08,SF,ATL,-9.5,43.5,0.21170914420649786,1,0.4917078589661181,0.4866662000879348,0.5,extratrees
2015_09_NYG_TB,2015,9,2015-11-08,TB,NYG,-1.5,49.0,0.478202846975089,0,0.4737744111129506,0.48581167082243965,0.5,extratrees
2015_09_CHI_SD,2015,9,2015-11-09,SD,CHI,3.5,49.0,0.6261005910022917,0,0.5272890122208573,0.4883609939365418,0.5,extratrees
2015_10_BUF_NYJ,2015,10,2015-11-12,NYJ,BUF,2.5,41.5,0.5440238883060285,0,0.5011154511212227,0.48711395741934843,0.5,extratrees
2015_10_JAX_BAL,2015,10,2015-11-15,BAL,JAX,4.0,47.0,0.658869395711501,0,0.5250960669392012,0.48825632636402594,0.5,extratrees
2015_10_KC_DEN,2015,10,2015-11-15,DEN,KC,4.0,42.0,0.6527218785216531,0,0.47809106199486534,0.4860175630714639,0.5,extratrees
2015_10_DET_GB,2015,10,2015-11-15,GB,DET,10.5,50.0,0.8348057171586584,0,0.44742005830285286,0.4845495310918119,0.5,extratrees
2015_10_NE_NYG,2015,10,2015-11-15,NYG,NE,-7.0,52.5,0.2562225475841874,1,0.5083627108867421,0.487458916272936,0.5,extratrees
2015_10_MIN_OAK,2015,10,2015-11-15,OAK,MIN,3.0,44.0,0.6063931297709924,0,0.4899187045919283,0.48658102517221563,0.5,extratrees
2015_10_MIA_PHI,2015,10,2015-11-15,PHI,MIA,5.5,49.0,0.6800775569558896,0,0.4934700231363309,0.48675008096382566,0.5,extratrees
2015_10_CLE_PIT,2015,10,2015-11-15,PIT,CLE,7.0,43.5,0.7368896226171744,1,0.4732871270850205,0.4857884178574234,0.5,extratrees
2015_10_ARI_SEA,2015,10,2015-11-15,SEA,ARI,3.0,43.5,0.5860927152317882,0,0.46902098955536264,0.4855847337648338,0.5,extratrees
2015_10_CHI_STL,2015,10,2015-11-15,STL,CHI,7.5,42.0,0.7697759087280727,0,0.4496645880358749,0.48465746707860413,0.5,extratrees
2015_10_DAL_TB,2015,10,2015-11-15,TB,DAL,-1.0,43.5,0.49070156678599663,1,0.47220218687333576,0.485736636452404,0.5,extratrees
2015_10_CAR_TEN,2015,10,2015-11-15,TEN,CAR,-3.5,42.5,0.35488721804511275,0,0.5271263008305594,0.48835322613690674,0.5,extratrees
2015_10_NO_WAS,2015,10,2015-11-15,WAS,NO,-1.0,52.0,0.4827086071703758,1,0.47448143600205916,0.48584540560085704,0.5,extratrees
2015_10_HOU_CIN,2015,10,2015-11-16,CIN,HOU,10.0,46.5,0.8047945205479452,0,0.5417659149018584,0.48905344442729864,0.5,extratrees
2015_11_TEN_JAX,2015,11,2015-11-19,JAX,TEN,3.0,41.5,0.5697382574399427,1,0.4788952798898328,0.48605590438588464,0.5,extratrees
2015_11_CIN_ARI,2015,11,2015-11-22,ARI,CIN,4.0,48.0,0.6499689771835965,0,0.5406787028030482,0.489001337553542,0.5,extratrees
2015_11_IND_ATL,2015,11,2015-11-22,ATL,IND,3.5,47.5,0.6274614156466205,0,0.473456403913175,0.48579649593421226,0.5,extratrees
2015_11_WAS_CAR,2015,11,2015-11-22,CAR,WAS,7.0,44.0,0.741037721131946,1,0.5535615065367976,0.48962012136686744,0.5,extratrees
2015_11_DEN_CHI,2015,11,2015-11-22,CHI,DEN,-2.5,41.5,0.46214743124779806,1,0.5047552254688741,0.48728719192258235,0.5,extratrees
2015_11_OAK_DET,2015,11,2015-11-22,DET,OAK,-2.0,50.0,0.453954604539546,1,0.5016733153826172,0.4871405078605733,0.5,extratrees
2015_11_NYJ_HOU,2015,11,2015-11-22,HOU,NYJ,-4.0,40.0,0.3500310228164034,1,0.4846623761039914,0.4863307163546424,0.5,extratrees
2015_11_DAL_MIA,2015,11,2015-11-22,MIA,DAL,-2.5,45.0,0.44139283962726833,0,0.4837836905197503,0.48628885933833077,0.5,extratrees
2015_11_GB_MIN,2015,11,2015-11-22,MIN,GB,-1.0,45.0,0.4827086071703758,0,0.4810890123894875,0.4861604661038292,0.5,extratrees
2015_11_TB_PHI,2015,11,2015-11-22,PHI,TB,7.0,46.0,0.73621103117506,0,0.4540788797609397,0.4848694646452861,0.5,extratrees
2015_11_KC_SD,2015,11,2015-11-22,SD,KC,-3.0,45.5,0.38764174959500114,0,0.49432726963650475,0.48679088415155086,0.5,extratrees
2015_11_SF_SEA,2015,11,2015-11-22,SEA,SF,14.0,40.0,0.8923742788383813,1,0.46026207975506245,0.4851658488212772,0.5,extratrees
2015_12_CAR_DAL,2015,12,2015-11-26,DAL,CAR,-1.0,44.5,0.4827086071703758,0,0.5036558837960678,0.48723486691152956,0.5,extratrees
2015_12_PHI_DET,2015,12,2015-11-26,DET,PHI,3.0,46.5,0.5860927152317882,1,0.507965795961117,0.48744002038601963,0.5,extratrees
2015_12_CHI_GB,2015,12,2015-11-26,GB,CHI,7.5,45.0,0.7849371679176859,0,0.5255052558479119,0.48827585292688747,0.5,extratrees
2015_12_MIN_ATL,2015,12,2015-11-29,ATL,MIN,2.0,45.0,0.5480494766888677,0,0.5221912931317257,0.4881177557889305,0.5,extratrees
2015_12_STL_CIN,2015,12,2015-11-29,CIN,STL,10.5,42.0,0.7882908557935022,1,0.5346596677185425,0.488713189110975,0.5,extratrees
2015_12_NE_DEN,2015,12,2015-11-29,DEN,NE,-2.5,43.0,0.4433028919330289,1,0.516351384942246,0.48783937885800394,0.5,extratrees
2015_12_NO_HOU,2015,12,2015-11-29,HOU,NO,3.5,50.5,0.6487671491207393,1,0.46226661453473616,0.4852618057569405,0.5,extratrees
2015_12_TB_IND,2015,12,2015-11-29,IND,TB,3.0,46.5,0.556697108066971,1,0.4950216999238505,0.48682393657314743,0.5,extratrees
2015_12_SD_JAX,2015,12,2015-11-29,JAX,SD,5.0,47.0,0.690978748012144,0,0.4942618058159974,0.48678776825981374,0.5,extratrees
2015_12_BUF_KC,2015,12,2015-11-29,KC,BUF,4.5,41.0,0.6691291228800332,1,0.48721273465570447,0.48645218152402436,0.5,extratrees
2015_12_MIA_NYJ,2015,12,2015-11-29,NYJ,MIA,4.5,44.0,0.664461906242295,1,0.45234847103796016,0.48478640383216126,0.5,extratrees
2015_12_PIT_SEA,2015,12,2015-11-29,SEA,PIT,3.0,46.5,0.5679213219076544,1,0.4577737386225058,0.4850466476411315,0.5,extratrees
2015_12_ARI_SF,2015,12,2015-11-29,SF,ARI,-7.5,45.0,0.23358617571708445,1,0.4848842349777501,0.48634128411718136,0.5,extratrees
2015_12_OAK_TEN,2015,12,2015-11-29,TEN,OAK,-1.0,45.0,0.48044542229805576,0,0.48161362781337874,0.4861854661693581,0.5,extratrees
2015_12_NYG_WAS,2015,12,2015-11-29,WAS,NYG,-1.0,47.5,0.49070156678599663,1,0.4317505242928337,0.4837929180645288,0.5,extratrees
2015_12_BAL_CLE,2015,12,2015-11-30,CLE,BAL,6.0,41.0,0.7050630837293135,0,0.49223848880454035,0.48669145948682874,0.5,extratrees
2015_13_GB_DET,2015,13,2015-12-03,DET,GB,-2.5,46.0,0.46516522837297414,0,0.5250509937392593,0.4882541755644162,0.5,extratrees
2015_13_HOU_BUF,2015,13,2015-12-06,BUF,HOU,3.0,42.0,0.5740354444580784,1,0.45944873904737027,0.48512689719605856,0.5,extratrees
2015_13_SF_CHI,2015,13,2015-12-06,CHI,SF,6.0,43.0,0.6969696969696969,0,0.47049934394072984,0.48565533929491606,0.5,extratrees
2015_13_CIN_CLE,2015,13,2015-12-06,CLE,CIN,-7.5,44.0,0.2562225475841874,0,0.5107190247478587,0.4875711049367394,0.5,extratrees
2015_13_BAL_MIA,2015,13,2015-12-06,MIA,BAL,3.5,43.0,0.6186511705872493,0,0.4453511449935629,0.4844499503010357,0.5,extratrees
2015_13_SEA_MIN,2015,13,2015-12-06,MIN,SEA,-2.5,43.0,0.4224502112251056,0,0.46808585422437127,0.4855400590943038,0.5,extratrees
2015_13_PHI_NE,2015,13,2015-12-06,NE,PHI,9.5,49.5,0.7882908557935022,0,0.4726928509688834,0.4857600560721977,0.5,extratrees
2015_13_CAR_NO,2015,13,2015-12-06,NO,CAR,-5.5,50.5,0.3242703916188576,1,0.5617492908108677,0.4900151582929585,0.5,extratrees
2015_13_NYJ_NYG,2015,13,2015-12-06,NYG,NYJ,-2.0,45.5,0.46214743124779806,0,0.45664022490377765,0.48499231540368415,0.5,extratrees
2015_13_KC_OAK,2015,13,2015-12-06,OAK,KC,-3.0,45.5,0.4050889296790936,0,0.48806338062902443,0.486492687979029,0.5,extratrees
2015_13_IND_PIT,2015,13,2015-12-06,PIT,IND,10.0,50.5,0.7987191216834401,1,0.5191216687397046,0.48797140069236855,0.5,extratrees
2015_13_DEN_SD,2015,13,2015-12-06,SD,DEN,-6.0,45.0,0.3199224430441105,0,0.4958957745766707,0.48686553831000107,0.5,extratrees
2015_13_ARI_STL,2015,13,2015-12-06,STL,ARI,-3.5,43.0,0.37253858435337944,0,0.5476388752061205,0.48933526485141654,0.5,extratrees
2015_13_ATL_TB,2015,13,2015-12-06,TB,ATL,1.0,46.5,0.521797153024911,1,0.49429263579701843,0.4867892356802903,0.5,extratrees
2015_13_DAL_WAS,2015,13,2015-12-07,WAS,DAL,2.0,43.0,0.5305667495498585,0,0.5353994338132697,0.4887485756806494,0.5,extratrees
2015_14_MIN_ARI,2015,14,2015-12-10,ARI,MIN,10.0,46.5,0.7987191216834401,0,0.539084466847905,0.4889249643624045,0.5,extratrees
2015_14_SEA_BAL,2015,14,2015-12-13,BAL,SEA,-10.5,42.0,0.2081124592610044,0,0.5035456681740725,0.48722962113069024,0.5,extratrees
2015_14_ATL_CAR,2015,14,2015-12-13,CAR,ATL,8.5,45.5,0.768632470217584,1,0.49815580214914257,0.4869731006502492,0.5,extratrees
2015_14_WAS_CHI,2015,14,2015-12-13,CHI,WAS,4.0,42.5,0.658869395711501,0,0.46382531151051754,0.48533638071068086,0.5,extratrees
2015_14_PIT_CIN,2015,14,2015-12-13,CIN,PIT,1.0,49.0,0.5046466242274987,0,0.4601312093087033,0.48515958199424775,0.5,extratrees
2015_14_SF_CLE,2015,14,2015-12-13,CLE,SF,2.5,43.0,0.5539593349939177,1,0.48108345522807733,0.48616020127224535,0.5,extratrees
2015_14_OAK_DEN,2015,14,2015-12-13,DEN,OAK,6.0,43.0,0.7086409898223908,0,0.5438002747517692,0.48915099755390123,0.5,extratrees
2015_14_DAL_GB,2015,14,2015-12-13,GB,DAL,6.0,43.0,0.7137404580152672,1,0.5049040739782473,0.48729427679553067,0.5,extratrees
2015_14_NE_HOU,2015,14,2015-12-13,HOU,NE,-4.0,46.0,0.34727812147834686,0,0.5172660526055606,0.4878829627715311,0.5,extratrees
2015_14_IND_JAX,2015,14,2015-12-13,JAX,IND,1.0,45.5,0.5172913928296243,1,0.5083411255081796,0.48745788864648787,0.5,extratrees
2015_14_SD_KC,2015,14,2015-12-13,KC,SD,11.5,42.0,0.832570049736544,0,0.46780867910026763,0.48552681547445814,0.5,extratrees
2015_14_TEN_NYJ,2015,14,2015-12-13,NYJ,TEN,8.0,43.0,0.75416247625433,1,0.5316550654814303,0.4885695390027812,0.5,extratrees
2015_14_BUF_PHI,2015,14,2015-12-13,PHI,BUF,1.0,48.0,0.5172913928296243,1,0.4559383891346092,0.4849586640270835,0.5,extratrees
2015_14_DET_STL,2015,14,2015-12-13,STL,DET,-3.0,41.5,0.4066985645933015,1,0.5196814585560039,0.4879980850233717,0.5,extratrees
2015_14_NO_TB,2015,14,2015-12-13,TB,NO,6.0,52.0,0.6949182345700721,0,0.4658454547020763,0.48543298417555797,0.5,extratrees
2015_14_NYG_MIA,2015,14,2015-12-14,MIA,NYG,-2.5,47.5,0.46214743124779806,0,0.5161923258056021,0.48783180025015416,0.5,extratrees
2015_15_TB_STL,2015,15,2015-12-17,STL,TB,1.0,41.0,0.5,1,0.5116684132050082,0.4876163136428728,0.5,extratrees
2015_15_KC_BAL,2015,15,2015-12-20,BAL,KC,-6.5,41.0,0.2949369162706865,0,0.49424127690034775,0.4867867911400819,0.5,extratrees
2015_15_HOU_IND,2015,15,2015-12-20,IND,HOU,2.5,42.0,0.556697108066971,0,0.49957467183287496,0.48704062795333697,0.5,extratrees
2015_15_ATL_JAX,2015,15,2015-12-20,JAX,ATL,2.0,47.5,0.5419847328244275,0,0.4549900874971355,0.48491318205325623,0.5,extratrees
2015_15_CHI_MIN,2015,15,2015-12-20,MIN,CHI,4.0,43.5,0.6463391320971134,1,0.47933189170686114,0.4860767178489241,0.5,extratrees
2015_15_TEN_NE,2015,15,2015-12-20,NE,TEN,14.5,48.0,0.887410440122825,1,0.5137049180926236,0.4877133041176207,0.5,extratrees
2015_15_CAR_NYG,2015,15,2015-12-20,NYG,CAR,-4.5,46.5,0.341130604288499,1,0.477031062958689,0.4859670192656477,0.5,extratrees
2015_15_GB_OAK,2015,15,2015-12-20,OAK,GB,-4.0,47.0,0.34727812147834686,0,0.4893037239565621,0.48655174570589094,0.5,extratrees
2015_15_ARI_PHI,2015,15,2015-12-20,PHI,ARI,-3.5,50.5,0.3813488294127508,0,0.5181909610278427,0.4879270404520494,0.5,extratrees
2015_15_DEN_PIT,2015,15,2015-12-20,PIT,DEN,7.5,45.5,0.7566244633432689,0,0.49918776484978516,0.4870222141826187,0.5,extratrees
2015_15_MIA_SD,2015,15,2015-12-20,SD,MIA,1.0,46.5,0.5,1,0.4657288828112566,0.4854274111525934,0.5,extratrees
2015_15_CLE_SEA,2015,15,2015-12-20,SEA,CLE,14.5,45.0,0.887410440122825,1,0.43821356005633505,0.484105691253495,0.5,extratrees
2015_15_CIN_SF,2015,15,2015-12-20,SF,CIN,-7.0,41.0,0.26967543847731873,0,0.508091958908873,0.4874460265552866,0.5,extratrees
2015_15_BUF_WAS,2015,15,2015-12-20,WAS,BUF,-2.5,46.0,0.46214743124779806,1,0.48153593234578823,0.4861817637821398,0.5,extratrees
2015_15_DET_NO,2015,15,2015-12-21,NO,DET,2.5,52.0,0.5399277029247453,0,0.5330886568283604,0.48863806447269037,0.5,extratrees
2015_16_SD_OAK,2015,16,2015-12-24,OAK,SD,4.0,45.0,0.6527218785216531,0,0.4920304001294754,0.48668155400384633,0.5,extratrees
2015_16_WAS_PHI,2015,16,2015-12-26,PHI,WAS,3.5,48.0,0.6397067958752639,0,0.4922868469016842,0.48669376142266896,0.5,extratrees
2015_16_GB_ARI,2015,16,2015-12-27,ARI,GB,6.0,50.0,0.6958254667505769,1,0.4687631395337736,0.48557241639977344,0.5,extratrees
2015_16_CAR_ATL,2015,16,2015-12-27,ATL,CAR,-7.0,45.5,0.28787053606161983,1,0.5701680925634867,0.49042305215617815,0.5,extratrees
2015_16_PIT_BAL,2015,16,2015-12-27,BAL,PIT,-11.0,47.5,0.17400615714094497,1,0.5209430938131564,0.4880582342528818,0.5,extratrees
2015_16_DAL_BUF,2015,16,2015-12-27,BUF,DAL,6.5,42.0,0.7050630837293135,1,0.49082392228450444,0.48662412048716486,0.5,extratrees
2015_16_SF_DET,2015,16,2015-12-27,DET,SF,8.5,42.5,0.7810858143607706,1,0.47838304204877924,0.4860314838992916,0.5,extratrees
2015_16_CLE_KC,2015,16,2015-12-27,KC,CLE,11.5,42.5,0.825993842859055,0,0.44322359464089417,0.4843474533325227,0.5,extratrees
2015_16_IND_MIA,2015,16,2015-12-27,MIA,IND,2.5,44.0,0.556697108066971,0,0.45334652421947674,0.4848343175890435,0.5,extratrees
2015_16_NYG_MIN,2015,16,2015-12-27,MIN,NYG,7.0,44.5,0.7353719494266393,1,0.5198681097790658,0.4880069829394802,0.5,extratrees
2015_16_JAX_NO,2015,16,2015-12-27,NO,JAX,2.5,52.5,0.5520062329567589,1,0.5302159386915215,0.48850077448809665,0.5,extratrees
2015_16_NE_NYJ,2015,16,2015-12-27,NYJ,NE,-2.5,45.5,0.44139283962726833,1,0.4864358525903378,0.48641518467270295,0.5,extratrees
2015_16_STL_SEA,2015,16,2015-12-27,SEA,STL,11.0,42.0,0.8316708229426435,0,0.5015219787528691,0.48713330527032883,0.5,extratrees
2015_16_CHI_TB,2015,16,2015-12-27,TB,CHI,3.0,44.0,0.6261005910022917,0,0.4874353406831425,0.4864627819952446,0.5,extratrees
2015_16_HOU_TEN,2015,16,2015-12-27,TEN,HOU,-3.5,39.0,0.3856591915440651,0,0.5136316732178107,0.4877098153885528,0.5,extratrees
2015_16_CIN_DEN,2015,16,2015-12-28,DEN,CIN,3.5,39.0,0.6332518337408314,0,0.5066387384822646,0.4873768468978255,0.5,extratrees
2015_17_SEA_ARI,2015,17,2016-01-03,ARI,SEA,6.0,46.5,0.6840292887820937,0,0.47195611172690277,0.48572489023531956,0.5,extratrees
2015_17_NO_ATL,2015,17,2016-01-03,ATL,NO,6.0,53.5,0.6958254667505769,0,0.4933405567444074,0.48674391848960386,0.5,extratrees
2015_17_NYJ_BUF,2015,17,2016-01-03,BUF,NYJ,-2.5,41.0,0.4224502112251056,1,0.47323281785519683,0.4857858261006933,0.5,extratrees
2015_17_TB_CAR,2015,17,2016-01-03,CAR,TB,10.0,44.0,0.7816384942625731,1,0.5460860541234802,0.48926069172212827,0.5,extratrees
2015_17_DET_CHI,2015,17,2016-01-03,CHI,DET,-2.5,45.0,0.4600722970752547,0,0.47781031056666395,0.48600417694189546,0.5,extratrees
2015_17_BAL_CIN,2015,17,2016-01-03,CIN,BAL,10.0,40.5,0.7729422894985808,0,0.5129471340169593,0.4876772114650639,0.5,extratrees
2015_17_PIT_CLE,2015,17,2016-01-03,CLE,PIT,-13.0,47.0,0.16324626865671643,0,0.5346292327391923,0.4887117334192541,0.5,extratrees
2015_17_WAS_DAL,2015,17,2016-01-03,DAL,WAS,3.0,41.0,0.6108836002739845,0,0.5265235332042745,0.48832445259955554,0.5,extratrees
2015_17_SD_DEN,2015,17,2016-01-03,DEN,SD,10.0,42.0,0.8019661928000565,0,0.53350656311649,0.48865804528297246,0.5,extratrees
2015_17_MIN_GB,2015,17,2016-01-03,GB,MIN,3.0,44.0,0.5810079557598683,0,0.5005117581246289,0.487085226079313,0.5,extratrees
2015_17_JAX_HOU,2015,17,2016-01-03,HOU,JAX,5.0,45.0,0.6712553934662009,1,0.4995394542461733,0.48703895186931145,0.5,extratrees
2015_17_TEN_IND,2015,17,2016-01-03,IND,TEN,3.5,39.0,0.6332518337408314,1,0.46683240395883474,0.48548016091635326,0.5,extratrees
2015_17_OAK_KC,2015,17,2016-01-03,KC,OAK,6.5,43.5,0.7258155230596175,0,0.5694327629003584,0.490387349771827,0.5,extratrees
2015_17_NE_MIA,2015,17,2016-01-03,MIA,NE,-10.0,46.5,0.2270577105014191,1,0.5349211956528529,0.48872569839523944,0.5,extratrees
2015_17_PHI_NYG,2015,17,2016-01-03,NYG,PHI,4.0,51.0,0.6527218785216531,0,0.4708625942572933,0.48567268422083915,0.5,extratrees
2015_17_STL_SF,2015,17,2016-01-03,SF,STL,-3.0,39.0,0.3966571791921516,1,0.4825109532368991,0.4862282230999474,0.5,extratrees
2015_18_KC_HOU,2015,18,2016-01-09,HOU,KC,-3.0,39.5,0.4259645555419216,0,0.5278168273065035,0.48838619364431146,0.5,extratrees
2015_18_SEA_MIN,2015,18,2016-01-10,MIN,SEA,-4.0,40.0,0.33444103612815274,1,0.44513331819649593,0.48443946070472377,0.5,extratrees
2015_18_GB_WAS,2015,18,2016-01-10,WAS,GB,2.0,47.0,0.5440238883060285,0,0.4844644348211352,0.4863212876216504,0.5,extratrees
2015_19_GB_ARI,2015,19,2016-01-16,ARI,GB,7.0,49.0,0.7161241483724451,0,0.5247845280241265,0.4882414607788339,0.5,extratrees
2015_19_KC_NE,2015,19,2016-01-16,NE,KC,6.0,44.0,0.7050630837293135,1,0.439541310231659,0.4841698190166838,0.5,extratrees
2015_19_SEA_CAR,2015,19,2016-01-17,CAR,SEA,2.5,41.5,0.5775497887748944,1,0.4338465479647021,0.48389446990850893,0.5,extratrees
2015_20_ARI_CAR,2015,20,2016-01-24,CAR,ARI,3.5,47.0,0.6172970557014359,1,0.4537539052469665,0.4848538697030427,0.5,extratrees
2015_20_NE_DEN,2015,20,2016-01-24,DEN,NE,-2.5,45.0,0.4519505233111322,1,0.4500821214997698,0.48467753477557596,0.5,extratrees
2015_21_CAR_DEN,2015,21,2016-02-07,DEN,CAR,-4.5,43.0,0.3399975793052606,1,0.3997844633470691,0.48222728977357643,0.5,extratrees
2016_01_CAR_DEN,2016,1,2016-09-08,DEN,CAR,-3.0,40.5,0.413907284768212,1,0.4790061569877997,0.47619941730094695,0.5,extratrees
2016_01_NE_ARI,2016,1,2016-09-11,ARI,NE,9.0,44.5,0.7729422894985808,0,0.5155442116227072,0.45157232968130967,0.5,extratrees
2016_01_TB_ATL,2016,1,2016-09-11,ATL,TB,2.5,46.5,0.556697108066971,0,0.4415990526828727,0.5016927095815303,0.5,extratrees
2016_01_BUF_BAL,2016,1,2016-09-11,BAL,BUF,3.0,44.5,0.6108836002739845,1,0.4270565555143334,0.5117148462600098,0.5,extratrees
2016_01_NYG_DAL,2016,1,2016-09-11,DAL,NYG,1.0,47.5,0.5172913928296243,0,0.4683877007861799,0.48340033004225563,0.5,extratrees
2016_01_CHI_HOU,2016,1,2016-09-11,HOU,CHI,5.5,43.0,0.685002350728726,1,0.46187151868638826,0.4878321043737104,0.5,extratrees
2016_01_DET_IND,2016,1,2016-09-11,IND,DET,2.5,51.5,0.5775497887748944,0,0.4316211360164088,0.5085612305981554,0.5,extratrees
2016_01_GB_JAX,2016,1,2016-09-11,JAX,GB,-3.5,47.0,0.3738994089977084,0,0.4799081502591543,0.47558882752963805,0.5,extratrees
2016_01_SD_KC,2016,1,2016-09-11,KC,SD,6.5,45.5,0.7161241483724451,0,0.49680503090579425,0.4641782152321739,0.5,extratrees
2016_01_OAK_NO,2016,1,2016-09-11,NO,OAK,2.5,50.0,0.5810079557598683,0,0.4760128368927272,0.4782268833481328,0.5,extratrees
2016_01_CIN_NYJ,2016,1,2016-09-11,NYJ,CIN,1.0,42.0,0.5262215623771888,0,0.48733258279563535,0.4705689150852314,0.5,extratrees
2016_01_CLE_PHI,2016,1,2016-09-11,PHI,CLE,3.5,41.0,0.6274614156466205,1,0.4200070624638599,0.5166004231937606,0.5,extratrees
2016_01_MIA_SEA,2016,1,2016-09-11,SEA,MIA,10.5,43.5,0.8133748055987559,0,0.5459734798036111,0.43116341229737304,0.5,extratrees
2016_01_MIN_TEN,2016,1,2016-09-11,TEN,MIN,-2.5,40.0,0.453954604539546,0,0.46445561696909277,0.48607336914739363,0.5,extratrees
2016_01_LA_SF,2016,1,2016-09-12,SF,LA,-2.5,44.0,0.4559761116939714,1,0.4961691923354225,0.46460674722542805,0.5,extratrees
2016_01_PIT_WAS,2016,1,2016-09-12,WAS,PIT,-2.5,49.0,0.44139283962726833,0,0.5296922541749689,0.4420775581246835,0.5,extratrees
2016_02_NYJ_BUF,2016,2,2016-09-15,BUF,NYJ,1.5,40.5,0.5419847328244275,0,0.48715611047055685,0.4706881164429259,0.5,extratrees
2016_02_TB_ARI,2016,2,2016-09-18,ARI,TB,7.5,49.5,0.7490809359864622,1,0.5338326342012285,0.4393012582875233,0.5,extratrees
2016_02_SF_CAR,2016,2,2016-09-18,CAR,SF,12.0,44.5,0.8223315566488998,1,0.542695597033977,0.43336026190505,0.5,extratrees
2016_02_BAL_CLE,2016,2,2016-09-18,CLE,BAL,-4.0,42.0,0.360293204124736,0,0.4871167203952208,0.47071472391813607,0.5,extratrees
2016_02_IND_DEN,2016,2,2016-09-18,DEN,IND,5.0,47.0,0.674698795180723,1,0.5287414215474324,0.44271524841134363,0.5,extratrees
2016_02_TEN_DET,2016,2,2016-09-18,DET,TEN,6.0,48.0,0.7050630837293135,0,0.4661052447122427,0.48495149633367085,0.5,extratrees
2016_02_KC_HOU,2016,2,2016-09-18,HOU,KC,-1.0,41.5,0.4953533757725013,1,0.5365400958390081,0.4374861675493373,0.5,extratrees
2016_02_SEA_LA,2016,2,2016-09-18,LA,SEA,-5.5,38.0,0.3149976492712741,1,0.5011881298345333,0.4612257542104422,0.5,extratrees
2016_02_GB_MIN,2016,2,2016-09-18,MIN,GB,-1.5,43.0,0.46943325045014145,1,0.5098600590755872,0.45539173883015216,0.5,extratrees
2016_02_MIA_NE,2016,2,2016-09-18,NE,MIA,5.5,42.0,0.6800775569558896,1,0.48604748530678654,0.4714370835641402,0.5,extratrees
2016_02_NO_NYG,2016,2,2016-09-18,NYG,NO,3.5,54.0,0.6397067958752639,0,0.45197940683693977,0.4945808187465753,0.5,extratrees
2016_02_ATL_OAK,2016,2,2016-09-18,OAK,ATL,4.0,47.5,0.6451127819548872,0,0.47977992383485085,0.47567561842954986,0.5,extratrees
2016_02_CIN_PIT,2016,2,2016-09-18,PIT,CIN,3.0,48.0,0.6033428208078484,1,0.4836945405666853,0.4730274291927042,0.5,extratrees
2016_02_JAX_SD,2016,2,2016-09-18,SD,JAX,3.0,47.5,0.5775497887748944,1,0.47840534598155643,0.4766062173800117,0.5,extratrees
2016_02_DAL_WAS,2016,2,2016-09-18,WAS,DAL,3.5,47.0,0.6332518337408314,0,0.4723288731812711,0.4807247405607861,0.5,extratrees
2016_02_PHI_CHI,2016,2,2016-09-19,CHI,PHI,3.0,42.5,0.6002460024600246,0,0.5162285029549654,0.4511127399214747,0.5,extratrees
2016_03_HOU_NE,2016,3,2016-09-22,NE,HOU,1.0,38.5,0.5262215623771888,1,0.5027481933392864,0.46017553252055116,0.5,extratrees
2016_03_ARI_BUF,2016,3,2016-09-25,BUF,ARI,-5.0,48.0,0.33087087711996666,1,0.49755349155706385,0.46367385670478145,0.5,extratrees
2016_03_MIN_CAR,2016,3,2016-09-25,CAR,MIN,6.0,43.0,0.7050630837293135,0,0.5255044264383336,0.4448865704000249,0.5,extratrees
2016_03_DEN_CIN,2016,3,2016-09-25,CIN,DEN,3.5,42.0,0.6314864248974542,0,0.5024780060062691,0.4603573973235167,0.5,extratrees
2016_03_CHI_DAL,2016,3,2016-09-25,DAL,CHI,6.5,45.0,0.7050630837293135,1,0.5011599071660482,0.4612447564680699,0.5,extratrees
2016_03_DET_GB,2016,3,2016-09-25,GB,DET,6.0,47.5,0.7050630837293135,1,0.47899247720573324,0.476208678864033,0.5,extratrees
2016_03_SD_IND,2016,3,2016-09-25,IND,SD,1.5,51.5,0.5460453954604539,1,0.525141665387504,0.44512994414716195,0.5,extratrees
2016_03_BAL_JAX,2016,3,2016-09-25,JAX,BAL,-1.0,45.0,0.478202846975089,0,0.472201672695469,0.48081103983806556,0.5,extratrees
2016_03_NYJ_KC,2016,3,2016-09-25,KC,NYJ,3.0,44.5,0.6093979441997063,1,0.5049624018537149,0.45868548833767586,0.5,extratrees
2016_03_CLE_MIA,2016,3,2016-09-25,MIA,CLE,10.0,42.0,0.7882908557935022,0,0.4541474882317915,0.4930994022857783,0.5,extratrees
2016_03_WAS_NYG,2016,3,2016-09-25,NYG,WAS,3.5,47.0,0.6200671122327297,0,0.45134344261729803,0.49501561620239537,0.5,extratrees
2016_03_PIT_PHI,2016,3,2016-09-25,PHI,PIT,-3.5,46.5,0.360293204124736,1,0.4995731304934611,0.4623133046872917,0.5,extratrees
2016_03_SF_SEA,2016,3,2016-09-25,SEA,SF,10.5,42.0,0.801195676184097,1,0.4992590382720643,0.4625248582974,0.5,extratrees
2016_03_LA_TB,2016,3,2016-09-25,TB,LA,3.5,40.5,0.6186511705872493,0,0.4361914000464804,0.5054110375311367,0.5,extratrees
2016_03_OAK_TEN,2016,3,2016-09-25,TEN,OAK,-1.5,47.0,0.4672897196261682,0,0.4594372497107119,0.48949041686572864,0.5,extratrees
2016_03_ATL_NO,2016,3,2016-09-26,NO,ATL,2.5,54.0,0.5965083053348824,0,0.53134687492246,0.44096797095095785,0.5,extratrees
2016_04_MIA_CIN,2016,4,2016-09-29,CIN,MIA,7.5,46.0,0.75416247625433,1,0.5298651482943258,0.4419616091325979,0.5,extratrees
2016_04_LA_ARI,2016,4,2016-10-02,ARI,LA,10.0,43.5,0.7863656389496172,0,0.467337186205355,0.48411411042094465,0.5,extratrees
2016_04_CAR_ATL,2016,4,2016-10-02,ATL,CAR,-2.5,48.5,0.43391066545123064,1,0.5287821020908682,0.4426879644046568,0.5,extratrees
2016_04_OAK_BAL,2016,4,2016-10-02,BAL,OAK,3.5,45.0,0.6332518337408314,0,0.4791097272624384,0.47612929879259186,0.5,extratrees
2016_04_DET_CHI,2016,4,2016-10-02,CHI,DET,-3.0,48.0,0.37665039500700276,1,0.4992945964393612,0.46250090776129443,0.5,extratrees
2016_04_TEN_HOU,2016,4,2016-10-02,HOU,TEN,4.0,40.0,0.6463391320971134,1,0.4918358190706041,0.46752893642161475,0.5,extratrees
2016_04_IND_JAX,2016,4,2016-10-02,JAX,IND,1.0,48.0,0.5023229882921391,1,0.4471787209526702,0.49786587280584715,0.5,extratrees
2016_04_BUF_NE,2016,4,2016-10-02,NE,BUF,3.5,41.0,0.6143408084559349,0,0.5004359390680897,0.46173223950591336,0.5,extratrees
2016_04_SEA_NYJ,2016,4,2016-10-02,NYJ,SEA,-1.0,40.0,0.4827086071703758,0,0.507996881419575,0.4566444260193705,0.5,extratrees
2016_04_KC_PIT,2016,4,2016-10-02,PIT,KC,3.0,48.0,0.6233496049929973,1,0.5228095340922722,0.4466947634267626,0.5,extratrees
2016_04_NO_SD,2016,4,2016-10-02,SD,NO,4.0,54.0,0.6463391320971134,0,0.49002401280558955,0.4687516116848272,0.5,extratrees
2016_04_DAL_SF,2016,4,2016-10-02,SF,DAL,-1.0,44.0,0.46214743124779806,0,0.5127045840475655,0.4534799803035214,0.5,extratrees
2016_04_DEN_TB,2016,4,2016-10-02,TB,DEN,-3.5,43.0,0.3813488294127508,0,0.4748114331428474,0.4790411561421447,0.5,extratrees
2016_04_CLE_WAS,2016,4,2016-10-02,WAS,CLE,7.5,48.0,0.75416247625433,1,0.44261650716393297,0.5009941610789929,0.5,extratrees
2016_04_NYG_MIN,2016,4,2016-10-03,MIN,NYG,3.5,42.5,0.6451127819548872,1,0.5291830528795147,0.4424190557399302,0.5,extratrees
2016_05_ARI_SF,2016,5,2016-10-06,SF,ARI,-3.5,42.5,0.36284835962304085,0,0.4960302282443124,0.46470041199702933,0.5,extratrees
2016_05_WAS_BAL,2016,5,2016-10-09,BAL,WAS,4.0,44.5,0.6451127819548872,0,0.4896753638388871,0.4689869559808874,0.5,extratrees
2016_05_NE_CLE,2016,5,2016-10-09,CLE,NE,-10.0,47.5,0.20128087831655989,0,0.4980228183672528,0.46335763737063496,0.5,extratrees
2016_05_CIN_DAL,2016,5,2016-10-09,DAL,CIN,-2.5,46.0,0.453954604539546,1,0.5219552238044061,0.4472680860826236,0.5,extratrees
2016_05_ATL_DEN,2016,5,2016-10-09,DEN,ATL,3.5,44.5,0.6451127819548872,0,0.46354957512488876,0.48668983072442473,0.5,extratrees
2016_05_PHI_DET,2016,5,2016-10-09,DET,PHI,-3.5,46.0,0.36674816625916873,1,0.5085124634946199,0.456297740892311,0.5,extratrees
2016_05_CHI_IND,2016,5,2016-10-09,IND,CHI,4.0,47.5,0.6527218785216531,1,0.4721934821092882,0.4808165968712832,0.5,extratrees
2016_05_BUF_LA,2016,5,2016-10-09,LA,BUF,-2.5,41.5,0.4519505233111322,0,0.48794944664983647,0.4701522864970347,0.5,extratrees
2016_05_TEN_MIA,2016,5,2016-10-09,MIA,TEN,2.5,44.5,0.5586071603727317,0,0.483383030639553,0.4732380543108287,0.5,extratrees
2016_05_HOU_MIN,2016,5,2016-10-09,MIN,HOU,6.0,39.0,0.6969696969696969,1,0.47941586516696627,0.47592205179394126,0.5,extratrees
2016_05_SD_OAK,2016,5,2016-10-09,OAK,SD,3.5,50.5,0.6332518337408314,0,0.46513772705329837,0.48560940182616424,0.5,extratrees
2016_05_NYJ_PIT,2016,5,2016-10-09,PIT,NYJ,10.0,50.0,0.7770903466472567,1,0.5443072996238757,0.43228008137133883,0.5,extratrees
2016_05_TB_CAR,2016,5,2016-10-10,CAR,TB,6.0,46.5,0.6921645130114186,0,0.46200221684832504,0.487743111026499,0.5,extratrees
2016_06_DEN_SD,2016,6,2016-10-13,SD,DEN,-3.0,44.0,0.413907284768212,1,0.4904729037128738,0.4684486323804888,0.5,extratrees
2016_06_SF_BUF,2016,6,2016-10-16,BUF,SF,7.5,44.0,0.7353719494266393,1,0.5088045375245208,0.4561013593403133,0.5,extratrees
2016_06_JAX_CHI,2016,6,2016-10-16,CHI,JAX,2.5,46.0,0.5679213219076544,0,0.4603944147627589,0.48883817875204205,0.5,extratrees
2016_06_LA_DET,2016,6,2016-10-16,DET,LA,2.5,44.0,0.5775497887748944,1,0.4869467837468789,0.4708295170270772,0.5,extratrees
2016_06_DAL_GB,2016,6,2016-10-16,GB,DAL,5.0,47.0,0.6862401891869245,0,0.507009213839144,0.4573086342374785,0.5,extratrees
2016_06_PIT_MIA,2016,6,2016-10-16,MIA,PIT,-7.5,49.5,0.26462805057336075,1,0.5276310275955971,0.4434600130758999,0.5,extratrees
2016_06_CIN_NE,2016,6,2016-10-16,NE,CIN,7.5,48.5,0.7516485398646913,1,0.5243394445581756,0.4456681786963614,0.5,extratrees
2016_06_CAR_NO,2016,6,2016-10-16,NO,CAR,-2.5,53.5,0.4320786780923455,1,0.5037413140015646,0.45950713811447047,0.5,extratrees
2016_06_BAL_NYG,2016,6,2016-10-16,NYG,BAL,3.5,42.5,0.6397067958752639,1,0.5000488684446902,0.46199290248953045,0.5,extratrees
2016_06_KC_OAK,2016,6,2016-10-16,OAK,KC,-1.0,46.5,0.46214743124779806,0,0.46989971518432455,0.4823734320977487,0.5,extratrees
2016_06_ATL_SEA,2016,6,2016-10-16,SEA,ATL,7.0,45.5,0.7333014887349733,0,0.47381465744853246,0.4797169729953857,0.5,extratrees
2016_06_CLE_TEN,2016,6,2016-10-16,TEN,CLE,7.5,45.0,0.7464578672632363,0,0.4548567754877768,0.4926150429630238,0.5,extratrees
2016_06_PHI_WAS,2016,6,2016-10-16,WAS,PHI,-3.0,45.0,0.413907284768212,1,0.5330087607968566,0.4398536399946528,0.5,extratrees
2016_06_NYJ_ARI,2016,6,2016-10-17,ARI,NYJ,7.5,46.0,0.7590361445783131,1,0.5208341868010554,0.4480204897490546,0.5,extratrees
2016_07_CHI_GB,2016,7,2016-10-20,GB,CHI,7.5,46.5,0.7516485398646913,1,0.5112934926117975,0.4544282451665967,0.5,extratrees
2016_07_SEA_ARI,2016,7,2016-10-23,ARI,SEA,2.5,43.0,0.5586071603727317,0,0.5002140505931262,0.4618816621959028,0.5,extratrees
2016_07_SD_ATL,2016,7,2016-10-23,ATL,SD,4.5,52.5,0.658869395711501,0,0.5151126305676343,0.4518622142361756,0.5,extratrees
2016_07_CLE_CIN,2016,7,2016-10-23,CIN,CLE,11.5,46.5,0.8316708229426435,1,0.48603306025040977,0.47144683032177237,0.5,extratrees
2016_07_WAS_DET,2016,7,2016-10-23,DET,WAS,-1.0,50.0,0.5,1,0.52450256970479,0.44555872958806947,0.5,extratrees
2016_07_OAK_JAX,2016,7,2016-10-23,JAX,OAK,1.5,47.5,0.537852568752202,0,0.47528696616908456,0.47871881849899883,0.5,extratrees
2016_07_NYG_LA,2016,7,2016-10-23,LA,NYG,-3.0,44.5,0.4224502112251056,0,0.47139324497188284,0.48135960257821875,0.5,extratrees
2016_07_BUF_MIA,2016,7,2016-10-23,MIA,BUF,-2.5,46.0,0.44139283962726833,1,0.5245125344609356,0.4455520437746932,0.5,extratrees
2016_07_BAL_NYJ,2016,7,2016-10-23,NYJ,BAL,2.0,40.5,0.537852568752202,1,0.44264559758470257,0.5009741934380652,0.5,extratrees
2016_07_MIN_PHI,2016,7,2016-10-23,PHI,MIN,-2.5,39.0,0.4519505233111322,1,0.4819774697586185,0.4741886422130986,0.5,extratrees
2016_07_NE_PIT,2016,7,2016-10-23,PIT,NE,-7.5,49.0,0.271105010295127,0,0.5011744378440511,0.4612349729826284,0.5,extratrees
2016_07_TB_SF,2016,7,2016-10-23,SF,TB,1.0,45.0,0.521797153024911,0,0.4675629103218116,0.4839607184503126,0.5,extratrees
2016_07_IND_TEN,2016,7,2016-10-23,TEN,IND,4.0,48.5,0.6451127819548872,0,0.48801099285090144,0.4701107219717486,0.5,extratrees
2016_07_HOU_DEN,2016,7,2016-10-24,DEN,HOU,8.5,40.0,0.7750359478640011,1,0.514080725764843,0.45255539600462896,0.5,extratrees
2016_08_JAX_TEN,2016,8,2016-10-27,TEN,JAX,3.0,43.5,0.5757997218358832,1,0.48413948741080415,0.4727266131809126,0.5,extratrees
2016_08_GB_ATL,2016,8,2016-10-30,ATL,GB,3.0,51.0,0.5916792592354435,0,0.4982974381033826,0.4631726210146431,0.5,extratrees
2016_08_NE_BUF,2016,8,2016-10-30,BUF,NE,-5.5,48.0,0.3149976492712741,0,0.502975096821207,0.4600228097114789,0.5,extratrees
2016_08_ARI_CAR,2016,8,2016-10-30,CAR,ARI,2.5,45.5,0.5586071603727317,1,0.4538432404486082,0.4933072104046299,0.5,extratrees
2016_08_WAS_CIN,2016,8,2016-10-30,CIN,WAS,3.0,49.0,0.5860927152317882,0,0.4650630646060367,0.4856601812408445,0.5,extratrees
2016_08_NYJ_CLE,2016,8,2016-10-30,CLE,NYJ,-2.5,45.5,0.44139283962726833,0,0.4476240455861229,0.49756085610296086,0.5,extratrees
2016_08_PHI_DAL,2016,8,2016-10-30,DAL,PHI,5.0,44.0,0.6757296083811425,1,0.4985887740130608,0.4629763545050163,0.5,extratrees
2016_08_SD_DEN,2016,8,2016-10-30,DEN,SD,3.5,43.0,0.6233496049929973,1,0.48116683445834074,0.4747370512310969,0.5,extratrees
2016_08_DET_HOU,2016,8,2016-10-30,HOU,DET,1.0,46.5,0.5092984332140034,1,0.47456082263996907,0.47921105066026104,0.5,extratrees
2016_08_KC_IND,2016,8,2016-10-30,IND,KC,-3.0,50.5,0.4320786780923455,0,0.517061728224612,0.4505531791677277,0.5,extratrees
2016_08_SEA_NO,2016,8,2016-10-30,NO,SEA,-1.0,50.0,0.5,1,0.535058468832704,0.43847942277964785,0.5,extratrees
2016_08_OAK_TB,2016,8,2016-10-30,TB,OAK,1.0,48.0,0.5262215623771888,0,0.45014583827023635,0.4958347132036146,0.5,extratrees
2016_08_MIN_CHI,2016,8,2016-10-31,CHI,MIN,-5.5,39.5,0.3199224430441105,1,0.5015179706232423,0.46100368112643086,0.5,extratrees
2016_09_ATL_TB,2016,9,2016-11-03,TB,ATL,-4.5,49.0,0.3437781785392245,0,0.48309875242742817,0.4734302828390791,0.5,extratrees
2016_09_PIT_BAL,2016,9,2016-11-06,BAL,PIT,-3.5,46.0,0.4066985645933015,1,0.45663251520074344,0.49140302954795173,0.5,extratrees
2016_09_DAL_CLE,2016,9,2016-11-06,CLE,DAL,-7.0,49.0,0.2749213753136153,0,0.5112262243655729,0.4544734551429783,0.5,extratrees
2016_09_IND_GB,2016,9,2016-11-06,GB,IND,7.5,52.0,0.75416247625433,0,0.5046800279606158,0.45887547642929083,0.5,extratrees
2016_09_JAX_KC,2016,9,2016-11-06,KC,JAX,7.0,42.5,0.7319034852546917,0,0.4885255307781292,0.4697632604072055,0.5,extratrees
2016_09_NYJ_MIA,2016,9,2016-11-06,MIA,NYJ,3.5,45.0,0.6397067958752639,1,0.4543538351247711,0.4929584773618585,0.5,extratrees
2016_09_DET_MIN,2016,9,2016-11-06,MIN,DET,4.0,42.5,0.6438780948689375,0,0.47945317358688117,0.47589679629677645,0.5,extratrees
2016_09_PHI_NYG,2016,9,2016-11-06,NYG,PHI,3.0,42.5,0.5844112492697988,1,0.44844668955398725,0.49699755752958386,0.5,extratrees
2016_09_DEN_OAK,2016,9,2016-11-06,OAK,DEN,1.0,44.5,0.4930284439486894,1,0.5036991164575213,0.45953553551075155,0.5,extratrees
2016_09_TEN_SD,2016,9,2016-11-06,SD,TEN,3.5,47.5,0.6261005910022917,1,0.501531382775569,0.4609946513881964,0.5,extratrees
2016_09_NO_SF,2016,9,2016-11-06,SF,NO,-5.0,53.0,0.3366422097539922,0,0.4699122653723237,0.48236491073392557,0.5,extratrees
2016_09_BUF_SEA,2016,9,2016-11-07,SEA,BUF,5.5,43.5,0.6712553934662009,1,0.5126561053685158,0.4535125549797685,0.5,extratrees
2016_10_CLE_BAL,2016,10,2016-11-10,BAL,CLE,7.5,44.0,0.7566244633432689,1,0.5048500174750542,0.4587611021207914,0.5,extratrees
2016_10_SF_ARI,2016,10,2016-11-13,ARI,SF,14.0,46.5,0.8733924168721262,0,0.421364539087688,0.5156581617481197,0.5,extratrees
2016_10_KC_CAR,2016,10,2016-11-13,CAR,KC,3.0,44.0,0.6143408084559349,0,0.48034900530093205,0.4752904567697444,0.5,extratrees
2016_10_HOU_JAX,2016,10,2016-11-13,JAX,HOU,3.0,42.0,0.5949110703209063,0,0.475235979518136,0.47875337723329414,0.5,extratrees
2016_10_SEA_NE,2016,10,2016-11-13,NE,SEA,7.5,49.5,0.7382366085679627,0,0.5364444250240469,0.43755030130981976,0.5,extratrees
2016_10_DEN_NO,2016,10,2016-11-13,NO,DEN,3.0,50.0,0.5860927152317882,0,0.4856957036524337,0.4716747869700498,0.5,extratrees
2016_10_LA_NYJ,2016,10,2016-11-13,NYJ,LA,-1.0,39.0,0.478202846975089,0,0.43878428437890443,0.5036269611629216,0.5,extratrees
2016_10_ATL_PHI,2016,10,2016-11-13,PHI,ATL,2.0,48.5,0.537852568752202,1,0.5333057566957033,0.43965451023112184,0.5,extratrees
2016_10_DAL_PIT,2016,10,2016-11-13,PIT,DAL,3.0,50.5,0.6186511705872493,0,0.5148378015417888,0.45204682063722734,0.5,extratrees
2016_10_MIA_SD,2016,10,2016-11-13,SD,MIA,4.0,48.5,0.6487671491207393,0,0.4871495793421571,0.47069252811485013,0.5,extratrees
2016_10_CHI_TB,2016,10,2016-11-13,TB,CHI,-2.5,45.0,0.4224502112251056,1,0.4646897045699482,0.48591413126839456,0.5,extratrees
2016_10_GB_TEN,2016,10,2016-11-13,TEN,GB,-3.0,48.5,0.43026174256005734,1,0.47851494522917976,0.4765320039304299,0.5,extratrees
2016_10_MIN_WAS,2016,10,2016-11-13,WAS,MIN,2.5,42.0,0.5775497887748944,1,0.45745888849622884,0.4908392886514207,0.5,extratrees
2016_10_CIN_NYG,2016,10,2016-11-14,NYG,CIN,-1.0,49.5,0.4827086071703758,1,0.4909121327961854,0.4681522068859824,0.5,extratrees
2016_11_NO_CAR,2016,11,2016-11-17,CAR,NO,3.5,52.5,0.6328092676872155,0,0.4866046873651691,0.4710606205067316,0.5,extratrees
2016_11_BUF_CIN,2016,11,2016-11-20,CIN,BUF,2.5,48.0,0.562379468921525,0,0.4815923097975874,0.47444919382850437,0.5,extratrees
2016_11_PIT_CLE,2016,11,2016-11-20,CLE,PIT,-8.0,45.5,0.2624351932652328,0,0.4801316749783273,0.4754375411566781,0.5,extratrees
2016_11_BAL_DAL,2016,11,2016-11-20,DAL,BAL,7.0,44.5,0.7319034852546917,1,0.4952627951333687,0.46521773084626983,0.5,extratrees
2016_11_JAX_DET,2016,11,2016-11-20,DET,JAX,5.5,47.0,0.6800775569558896,1,0.49950135210796326,0.4623616490667949,0.5,extratrees
2016_11_TEN_IND,2016,11,2016-11-20,IND,TEN,3.0,53.5,0.5697382574399427,1,0.47825079738512194,0.47671087174039933,0.5,extratrees
2016_11_TB_KC,2016,11,2016-11-20,KC,TB,7.0,45.0,0.7258155230596175,0,0.5552282692062822,0.4249606803086967,0.5,extratrees
2016_11_MIA_LA,2016,11,2016-11-20,LA,MIA,1.0,39.0,0.5046466242274987,0,0.4419070926080253,0.5014811855050192,0.5,extratrees
2016_11_ARI_MIN,2016,11,2016-11-20,MIN,ARI,2.0,39.5,0.5419847328244275,1,0.5090346394482448,0.4559466526868489,0.5,extratrees
2016_11_CHI_NYG,2016,11,2016-11-20,NYG,CHI,7.0,41.5,0.7211503458318166,0,0.4960640448676595,0.46467761860213463,0.5,extratrees
2016_11_PHI_SEA,2016,11,2016-11-20,SEA,PHI,6.5,43.0,0.7086409898223908,1,0.49502211789622097,0.4653799873749091,0.5,extratrees
2016_11_NE_SF,2016,11,2016-11-20,SF,NE,-10.5,51.5,0.18662519440124417,0,0.5118230210332247,0.45407237364762115,0.5,extratrees
2016_11_GB_WAS,2016,11,2016-11-20,WAS,GB,2.5,48.5,0.556697108066971,1,0.5025902245127492,0.460281861176862,0.5,extratrees
2016_11_HOU_OAK,2016,11,2016-11-21,OAK,HOU,6.5,45.5,0.6996383748138693,1,0.490915334946937,0.4681500459465028,0.5,extratrees
2016_12_WAS_DAL,2016,12,2016-11-24,DAL,WAS,5.5,53.0,0.6810745187212147,0,0.495840181954301,0.464828511965989,0.5,extratrees
2016_12_MIN_DET,2016,12,2016-11-24,DET,MIN,2.0,42.0,0.5305667495498585,1,0.47282887352941416,0.4803855496085426,0.5,extratrees
2016_12_PIT_IND,2016,12,2016-11-24,IND,PIT,-8.0,50.0,0.21891418563922943,0,0.49629353627121736,0.46452293920615945,0.5,extratrees
2016_12_ARI_ATL,2016,12,2016-11-27,ATL,ARI,3.5,49.0,0.6358607389362566,1,0.4724040941686629,0.4806737085066621,0.5,extratrees
2016_12_CIN_BAL,2016,12,2016-11-27,BAL,CIN,3.5,42.0,0.6332518337408314,1,0.4807555325026636,0.4750153530888842,0.5,extratrees
2016_12_JAX_BUF,2016,12,2016-11-27,BUF,JAX,8.5,43.5,0.7590361445783131,0,0.5187746590333357,0.44940303422158356,0.5,extratrees
2016_12_TEN_CHI,2016,12,2016-11-27,CHI,TEN,-6.5,41.5,0.303030303030303,1,0.4805817317181677,0.47513296297676416,0.5,extratrees
2016_12_NYG_CLE,2016,12,2016-11-27,CLE,NYG,-6.5,47.0,0.28970863363304095,0,0.48845396103806055,0.4698115878852648,0.5,extratrees
2016_12_KC_DEN,2016,12,2016-11-27,DEN,KC,3.5,40.0,0.6261005910022917,0,0.4814503805130187,0.47454521286759216,0.5,extratrees
2016_12_SD_HOU,2016,12,2016-11-27,HOU,SD,-2.5,45.5,0.4519505233111322,0,0.4632985829567601,0.486860639254977,0.5,extratrees
2016_12_LA_NO,2016,12,2016-11-27,NO,LA,7.5,46.0,0.7490809359864622,1,0.4563715033252032,0.49158112669348897,0.5,extratrees
2016_12_NE_NYJ,2016,12,2016-11-27,NYJ,NE,-9.0,48.0,0.21170914420649786,1,0.5149408689193372,0.4519775880387614,0.5,extratrees
2016_12_CAR_OAK,2016,12,2016-11-27,OAK,CAR,3.5,48.5,0.6063931297709924,0,0.4944908230220033,0.4657382000817813,0.5,extratrees
2016_12_SEA_TB,2016,12,2016-11-27,TB,SEA,-5.0,46.0,0.32874460653379906,1,0.5026246893053136,0.4602586626818281,0.5,extratrees
2016_12_GB_PHI,2016,12,2016-11-28,PHI,GB,4.0,47.0,0.6463391320971134,0,0.5043269244808033,0.4591130671298024,0.5,extratrees
2016_13_DAL_MIN,2016,13,2016-12-01,MIN,DAL,-3.0,43.5,0.40995560164630396,1,0.516925981068589,0.4506443372978083,0.5,extratrees
2016_13_WAS_ARI,2016,13,2016-12-04,ARI,WAS,2.5,48.5,0.556697108066971,1,0.5055836571999539,0.4582675271728502,0.5,extratrees
2016_13_KC_ATL,2016,13,2016-12-04,ATL,KC,5.0,50.0,0.658869395711501,0,0.4970311695317847,0.4640258205193604,0.5,extratrees
2016_13_MIA_BAL,2016,13,2016-12-04,BAL,MIA,3.5,41.5,0.6332518337408314,1,0.47520074543964574,0.4787772592027238,0.5,extratrees
2016_13_SF_CHI,2016,13,2016-12-04,CHI,SF,-0.0,44.0,0.4715960714749275,1,0.4580781266292265,0.4904169726336274,0.5,extratrees
2016_13_PHI_CIN,2016,13,2016-12-04,CIN,PHI,1.0,42.0,0.5284039285250725,1,0.48956465425893536,0.46906169122818614,0.5,extratrees
2016_13_HOU_GB,2016,13,2016-12-04,GB,HOU,7.0,44.5,0.7390555330360762,1,0.43982709951187615,0.5029100605219706,0.5,extratrees
2016_13_DEN_JAX,2016,13,2016-12-04,JAX,DEN,-3.5,39.0,0.3752699784017279,0,0.49596421472461977,0.4647449075388777,0.5,extratrees
2016_13_LA_NE,2016,13,2016-12-04,NE,LA,13.0,44.5,0.8613376835236541,1,0.5353609661582486,0.4382766281444298,0.5,extratrees
2016_13_DET_NO,2016,13,2016-12-04,NO,DET,6.5,53.0,0.7219084035804293,0,0.48310147118838775,0.47342844434449927,0.5,extratrees
2016_13_BUF_OAK,2016,13,2016-12-04,OAK,BUF,3.0,48.5,0.5860927152317882,1,0.49574498387658245,0.46489268191090743,0.5,extratrees
2016_13_NYG_PIT,2016,13,2016-12-04,PIT,NYG,7.0,49.5,0.741037721131946,1,0.5021214851196321,0.46059738846102977,0.5,extratrees
2016_13_TB_SD,2016,13,2016-12-04,SD,TB,3.5,49.0,0.6332518337408314,0,0.47816239485714973,0.47677073671587167,0.5,extratrees
2016_13_CAR_SEA,2016,13,2016-12-04,SEA,CAR,8.5,44.0,0.7750359478640011,1,0.5194708983164954,0.4489356160918754,0.5,extratrees
2016_13_IND_NYJ,2016,13,2016-12-05,NYJ,IND,1.0,48.5,0.537852568752202,0,0.5151117564287502,0.4518628013958751,0.5,extratrees
2016_14_OAK_KC,2016,14,2016-12-08,KC,OAK,3.5,46.0,0.6499689771835965,1,0.5014184149320297,0.4610707077996651,0.5,extratrees
2016_14_PIT_BUF,2016,14,2016-12-11,BUF,PIT,-1.0,45.5,0.478202846975089,0,0.4683948489614656,0.48339547404647804,0.5,extratrees
2016_14_SD_CAR,2016,14,2016-12-11,CAR,SD,1.0,48.5,0.5162468054034319,1,0.47103346762110493,0.48160377842978436,0.5,extratrees
2016_14_CIN_CLE,2016,14,2016-12-11,CLE,CIN,-4.0,42.0,0.36284835962304085,0,0.4699347061264068,0.4823496739342077,0.5,extratrees
2016_14_CHI_DET,2016,14,2016-12-11,DET,CHI,7.5,42.0,0.7403802739176241,0,0.5191964008512463,0.4491198943702837,0.5,extratrees
2016_14_SEA_GB,2016,14,2016-12-11,GB,SEA,-3.0,47.0,0.4224502112251056,1,0.45695804777312465,0.4911809335914097,0.5,extratrees
2016_14_HOU_IND,2016,14,2016-12-11,IND,HOU,6.5,47.5,0.7121294639383801,0,0.4532529481747242,0.4937104672233899,0.5,extratrees
2016_14_MIN_JAX,2016,14,2016-12-11,JAX,MIN,-3.0,38.0,0.3856591915440651,0,0.502672720532644,0.46022633278300445,0.5,extratrees
2016_14_ATL_LA,2016,14,2016-12-11,LA,ATL,-4.5,44.0,0.341130604288499,0,0.47888244320928786,0.4762831760715224,0.5,extratrees
2016_14_ARI_MIA,2016,14,2016-12-11,MIA,ARI,-2.0,44.0,0.46214743124779806,1,0.47116545192466464,0.48151419914526694,0.5,extratrees
2016_14_DAL_NYG,2016,14,2016-12-11,NYG,DAL,-3.5,47.0,0.36674816625916873,1,0.5221778179384343,0.44711869932475523,0.5,extratrees
2016_14_WAS_PHI,2016,14,2016-12-11,PHI,WAS,-1.5,48.5,0.4672897196261682,0,0.46374166798073596,0.4865591157302101,0.5,extratrees
2016_14_NYJ_SF,2016,14,2016-12-11,SF,NYJ,3.0,42.5,0.5792858120125872,0,0.4719931031689082,0.480952551790436,0.5,extratrees
2016_14_NO_TB,2016,14,2016-12-11,TB,NO,2.0,52.0,0.5480494766888677,1,0.4672096938385806,0.48420075384287387,0.5,extratrees
2016_14_DEN_TEN,2016,14,2016-12-11,TEN,DEN,2.0,44.0,0.5480494766888677,1,0.48357184173378864,0.47311038892145074,0.5,extratrees
2016_14_BAL_NE,2016,14,2016-12-12,NE,BAL,6.0,45.5,0.6958254667505769,1,0.5341296145396746,0.4391021487470717,0.5,extratrees
2016_15_LA_SEA,2016,15,2016-12-15,SEA,LA,15.0,39.5,0.8948106591865358,1,0.4954154034441485,0.4651148520196253,0.5,extratrees
2016_15_MIA_NYJ,2016,15,2016-12-17,NYJ,MIA,-2.5,40.0,0.4224502112251056,0,0.47997011820638386,0.47554688528739514,0.5,extratrees
2016_15_NO_ARI,2016,15,2016-12-18,ARI,NO,3.0,48.5,0.5916792592354435,0,0.48616150564615324,0.47136004333871606,0.5,extratrees
2016_15_SF_ATL,2016,15,2016-12-18,ATL,SF,13.5,51.5,0.8785818358426419,1,0.46915143630752476,0.48288156616015926,0.5,extratrees
2016_15_PHI_BAL,2016,15,2016-12-18,BAL,PHI,5.0,41.0,0.6757296083811425,0,0.48624362317644276,0.4713045603612599,0.5,extratrees
2016_15_CLE_BUF,2016,15,2016-12-18,BUF,CLE,10.5,43.5,0.8035500078232298,1,0.46080042394271964,0.48856158488235474,0.5,extratrees
2016_15_GB_CHI,2016,15,2016-12-18,CHI,GB,-4.5,40.0,0.3242703916188576,1,0.4904819538007864,0.4684425243626046,0.5,extratrees
2016_15_PIT_CIN,2016,15,2016-12-18,CIN,PIT,-3.0,45.5,0.4066985645933015,0,0.4881921053913269,0.46998841350868953,0.5,extratrees
2016_15_TB_DAL,2016,15,2016-12-18,DAL,TB,7.0,47.5,0.7288949897048731,0,0.5272595395607204,0.4437091935483688,0.5,extratrees
2016_15_NE_DEN,2016,15,2016-12-18,DEN,NE,-3.0,43.5,0.413907284768212,0,0.5046825216691501,0.4588737985574919,0.5,extratrees
2016_15_JAX_HOU,2016,15,2016-12-18,HOU,JAX,3.5,39.5,0.6332518337408314,0,0.4990374837249467,0.4626740924493412,0.5,extratrees
2016_15_TEN_KC,2016,15,2016-12-18,KC,TEN,6.0,43.0,0.690978748012144,0,0.5430973656116161,0.4330909895246076,0.5,extratrees
2016_15_IND_MIN,2016,15,2016-12-18,MIN,IND,5.0,44.5,0.6881525568730624,0,0.4721121181277997,0.48087180036574795,0.5,extratrees
2016_15_DET_NYG,2016,15,2016-12-18,NYG,DET,4.0,42.5,0.6463391320971134,1,0.4745814779107259,0.4791970474761528,0.5,extratrees
2016_15_OAK_SD,2016,15,2016-12-18,SD,OAK,-2.5,49.5,0.4519505233111322,0,0.5038254250853215,0.4594505351236091,0.5,extratrees
2016_15_CAR_WAS,2016,15,2016-12-19,WAS,CAR,7.0,50.5,0.7296116239689737,0,0.5240806900590109,0.4458417941545802,0.5,extratrees
2016_16_NYG_PHI,2016,16,2016-12-22,PHI,NYG,2.0,42.5,0.5440238883060285,1,0.46615863818223563,0.48491519572519115,0.5,extratrees
2016_16_MIA_BUF,2016,16,2016-12-24,BUF,MIA,4.5,44.5,0.6712553934662009,0,0.49407029436443106,0.46602176233185993,0.5,extratrees
2016_16_ATL_CAR,2016,16,2016-12-24,CAR,ATL,-3.0,48.5,0.413907284768212,0,0.5005306246357075,0.4616684790279408,0.5,extratrees
2016_16_WAS_CHI,2016,16,2016-12-24,CHI,WAS,-3.0,49.0,0.4066985645933015,0,0.5001713256856924,0.4619104345032869,0.5,extratrees
2016_16_SD_CLE,2016,16,2016-12-24,CLE,SD,-4.5,45.0,0.3500310228164034,1,0.4733123905956523,0.48005759296956324,0.5,extratrees
2016_16_MIN_GB,2016,16,2016-12-24,GB,MIN,6.0,44.5,0.7086409898223908,1,0.4930288488563072,0.46672412784423767,0.5,extratrees
2016_16_CIN_HOU,2016,16,2016-12-24,HOU,CIN,3.0,41.5,0.5916792592354435,0,0.4881865557184933,0.4699921612150051,0.5,extratrees
2016_16_TEN_JAX,2016,16,2016-12-24,JAX,TEN,-4.0,44.0,0.35488721804511275,1,0.5019883314596534,0.4606870248184655,0.5,extratrees
2016_16_SF_LA,2016,16,2016-12-24,LA,SF,6.0,39.5,0.6996383748138693,0,0.44517528941002593,0.49923882724845864,0.5,extratrees
2016_16_NYJ_NE,2016,16,2016-12-24,NE,NYJ,17.0,45.0,0.9151868539623641,1,0.4830152477241732,0.47348675150159514,0.5,extratrees
2016_16_TB_NO,2016,16,2016-12-24,NO,TB,3.0,53.0,0.6143408084559349,1,0.49318328832769376,0.46661996086255286,0.5,extratrees
2016_16_IND_OAK,2016,16,2016-12-24,OAK,IND,3.5,52.0,0.6200671122327297,1,0.47750330849440903,0.4772171113099142,0.5,extratrees
2016_16_ARI_SEA,2016,16,2016-12-24,SEA,ARI,9.0,43.5,0.7729422894985808,0,0.4957372429146659,0.46489789990315183,0.5,extratrees
2016_16_DEN_KC,2016,16,2016-12-25,KC,DEN,3.5,38.5,0.6397067958752639,1,0.4942246986832323,0.465917644384925,0.5,extratrees
2016_16_BAL_PIT,2016,16,2016-12-25,PIT,BAL,5.5,46.5,0.6969696969696969,0,0.4903752699016982,0.4685145275343035,0.5,extratrees
2016_16_DET_DAL,2016,16,2016-12-26,DAL,DET,6.5,47.0,0.7194329592439458,1,0.5134831775648893,0.45295684591931196,0.5,extratrees
2016_17_NO_ATL,2016,17,2017-01-01,ATL,NO,7.5,58.5,0.7590361445783131,0,0.4959897174826294,0.46472771766365073,0.5,extratrees
2016_17_BAL_CIN,2016,17,2017-01-01,CIN,BAL,-2.5,40.5,0.43391066545123064,1,0.4844408855010346,0.47252286735529736,0.5,extratrees
2016_17_OAK_DEN,2016,17,2017-01-01,DEN,OAK,1.0,40.0,0.5284039285250725,1,0.4855759858591975,0.4717556869361691,0.5,extratrees
2016_17_GB_DET,2016,17,2017-01-01,DET,GB,-3.5,50.0,0.360293204124736,0,0.5249110482041233,0.4452846679545062,0.5,extratrees
2016_17_JAX_IND,2016,17,2017-01-01,IND,JAX,5.5,48.5,0.6969696969696969,0,0.5293221698815127,0.44232575509524624,0.5,extratrees
2016_17_ARI_LA,2016,17,2017-01-01,LA,ARI,-7.0,39.0,0.277337559429477,0,0.49771614451650653,0.46356426204902107,0.5,extratrees
2016_17_NE_MIA,2016,17,2017-01-01,MIA,NE,-7.5,47.0,0.23074365943800232,0,0.5133902360623726,0.4530192898269155,0.5,extratrees
2016_17_CHI_MIN,2016,17,2017-01-01,MIN,CHI,6.0,44.0,0.7013921016108003,1,0.49693294197278237,0.46409201509691766,0.5,extratrees
2016_17_BUF_NYJ,2016,17,2017-01-01,NYJ,BUF,-3.5,43.0,0.360293204124736,1,0.48057784512782925,0.4751355930756107,0.5,extratrees
2016_17_DAL_PHI,2016,17,2017-01-01,PHI,DAL,6.5,44.0,0.6930878035761944,1,0.49604343409794943,0.4646915108443183,0.5,extratrees
2016_17_CLE_PIT,2016,17,2017-01-01,PIT,CLE,3.5,41.5,0.6397067958752639,0,0.44980190965591355,0.4960700188377743,0.5,extratrees
2016_17_KC_SD,2016,17,2017-01-01,SD,KC,-5.5,45.0,0.3149976492712741,0,0.49868928858560335,0.46290864289272243,0.5,extratrees
2016_17_SEA_SF,2016,17,2017-01-01,SF,SEA,-11.5,44.5,0.18662519440124417,1,0.5040104527466425,0.4593260229642664,0.5,extratrees
2016_17_CAR_TB,2016,17,2017-01-01,TB,CAR,3.5,44.5,0.6397067958752639,0,0.47865765513800135,0.4764353737562036,0.5,extratrees
2016_17_HOU_TEN,2016,17,2017-01-01,TEN,HOU,3.0,41.5,0.6063931297709924,1,0.4646211259396689,0.4859607804258109,0.5,extratrees
2016_17_NYG_WAS,2016,17,2017-01-01,WAS,NYG,10.0,47.5,0.7918875407389956,0,0.487845893914798,0.4702222211476857,0.5,extratrees
2016_18_OAK_HOU,2016,18,2017-01-07,HOU,OAK,4.0,37.5,0.658869395711501,1,0.5082894655032878,0.4564476843636946,0.5,extratrees
2016_18_DET_SEA,2016,18,2017-01-07,SEA,DET,8.0,45.5,0.7770903466472567,1,0.5197444791742989,0.44875195925575906,0.5,extratrees
2016_18_NYG_GB,2016,18,2017-01-08,GB,NYG,5.0,46.5,0.6611281154350678,1,0.47973908374111024,0.47570326200284624,0.5,extratrees
2016_18_MIA_PIT,2016,18,2017-01-08,PIT,MIA,11.0,47.5,0.8373061791252026,1,0.4399506306243566,0.5028251604655768,0.5,extratrees
2016_19_SEA_ATL,2016,19,2017-01-14,ATL,SEA,6.5,51.0,0.7137404580152672,1,0.4257450789597775,0.5126223322179342,0.5,extratrees
2016_19_HOU_NE,2016,19,2017-01-14,NE,HOU,16.0,44.0,0.901095556908095,1,0.5178717561485168,0.45000925565735195,0.5,extratrees
2016_19_GB_DAL,2016,19,2017-01-15,DAL,GB,5.5,52.5,0.6810745187212147,0,0.4597590990506506,0.48927107341522785,0.5,extratrees
2016_19_PIT_KC,2016,19,2017-01-15,KC,PIT,2.5,45.5,0.5679213219076544,0,0.4630502852069411,0.4870296296171815,0.5,extratrees
2016_20_GB_ATL,2016,20,2017-01-22,ATL,GB,6.5,59.5,0.6958254667505769,1,0.46999606831032315,0.4823080108916976,0.5,extratrees
2016_20_PIT_NE,2016,20,2017-01-22,NE,PIT,5.5,49.5,0.6691291228800332,1,0.45530093070027583,0.49231180828533466,0.5,extratrees
2016_21_NE_ATL,2016,21,2017-02-05,ATL,NE,-3.0,57.0,0.4320786780923455,0,0.4220909452687794,0.5151542370778259,0.5,extratrees
2017_01_KC_NE,2017,1,2017-09-07,NE,KC,8.0,47.5,0.7957704474929974,0,0.5012146291618929,0.5046917448018633,0.5,extratrees
2017_01_NYJ_BUF,2017,1,2017-09-10,BUF,NYJ,7.0,42.0,0.75416247625433,1,0.43692801503078743,0.48552458572313256,0.5,extratrees
2017_01_ATL_CHI,2017,1,2017-09-10,CHI,ATL,-6.5,48.0,0.28289498367913557,1,0.5099913694010054,0.5072954490414827,0.5,extratrees
2017_01_BAL_CIN,2017,1,2017-09-10,CIN,BAL,2.5,41.5,0.5697382574399427,0,0.4665166341652259,0.4943837908434194,0.5,extratrees
2017_01_PIT_CLE,2017,1,2017-09-10,CLE,PIT,-10.0,47.0,0.20128087831655989,1,0.48316774422801684,0.4993362413520708,0.5,extratrees
2017_01_NYG_DAL,2017,1,2017-09-10,DAL,NYG,6.0,46.5,0.6958254667505769,1,0.4756443543621113,0.4971005642747713,0.5,extratrees
2017_01_ARI_DET,2017,1,2017-09-10,DET,ARI,-2.5,48.5,0.47377843762281124,1,0.5261078429811912,0.5120813518903211,0.5,extratrees
2017_01_SEA_GB,2017,1,2017-09-10,GB,SEA,2.5,49.5,0.5586071603727317,1,0.5133751992370646,0.5082995969365218,0.5,extratrees
2017_01_JAX_HOU,2017,1,2017-09-10,HOU,JAX,5.5,38.0,0.6757296083811425,0,0.4421839017570834,0.48710573968462517,0.5,extratrees
2017_01_IND_LA,2017,1,2017-09-10,LA,IND,3.5,41.5,0.6332518337408314,1,0.480491017946934,0.49854112075672113,0.5,extratrees
2017_01_CAR_SF,2017,1,2017-09-10,SF,CAR,-4.5,45.5,0.3242703916188576,0,0.47620656877063744,0.49726773196672797,0.5,extratrees
2017_01_OAK_TEN,2017,1,2017-09-10,TEN,OAK,2.5,49.5,0.5586071603727317,0,0.4640166557136122,0.4936386614152609,0.5,extratrees
2017_01_PHI_WAS,2017,1,2017-09-10,WAS,PHI,-2.0,49.5,0.45801526717557256,0,0.49909590574872525,0.5040632557615243,0.5,extratrees
2017_01_NO_MIN,2017,1,2017-09-11,MIN,NO,3.0,47.5,0.6172248803827751,1,0.520443355388979,0.5103981212039742,0.5,extratrees
2017_02_HOU_CIN,2017,2,2017-09-14,CIN,HOU,5.5,38.0,0.6859695689558487,0,0.5086597373916222,0.5069003516772466,0.5,extratrees
2017_02_GB_ATL,2017,2,2017-09-17,ATL,GB,3.5,55.0,0.6233496049929973,1,0.5406477419402038,0.5164108048742984,0.5,extratrees
2017_02_CLE_BAL,2017,2,2017-09-17,BAL,CLE,7.5,39.5,0.7437774524158125,1,0.4928508009056735,0.5022105260931478,0.5,extratrees
2017_02_BUF_CAR,2017,2,2017-09-17,CAR,BUF,6.5,43.0,0.7194329592439458,0,0.5066311464827,0.5062985172784412,0.5,extratrees
2017_02_DAL_DEN,2017,2,2017-09-17,DEN,DAL,-2.5,44.0,0.4519505233111322,1,0.4931685248897967,0.5023047979697078,0.5,extratrees
2017_02_ARI_IND,2017,2,2017-09-17,IND,ARI,-7.0,44.0,0.277337559429477,1,0.5577256633250303,0.5215197308084051,0.5,extratrees
2017_02_TEN_JAX,2017,2,2017-09-17,JAX,TEN,-1.0,42.0,0.4827086071703758,0,0.48416060757317686,0.4996310967434394,0.5,extratrees
2017_02_PHI_KC,2017,2,2017-09-17,KC,PHI,4.0,46.5,0.6499689771835965,1,0.5263362833161404,0.5121492675553797,0.5,extratrees
2017_02_WAS_LA,2017,2,2017-09-17,LA,WAS,3.0,45.5,0.5860927152317882,0,0.4926167426114445,0.502141077468959,0.5,extratrees
2017_02_MIA_LAC,2017,2,2017-09-17,LAC,MIA,3.5,46.5,0.6332518337408314,0,0.460374558393171,0.4925521945775463,0.5,extratrees
2017_02_NE_NO,2017,2,2017-09-17,NO,NE,-5.5,55.0,0.32874460653379906,0,0.5175793926097253,0.5095476099298385,0.5,extratrees
2017_02_NYJ_OAK,2017,2,2017-09-17,OAK,NYJ,14.0,44.0,0.8733924168721262,1,0.4956298250758189,0.5030350345709791,0.5,extratrees
2017_02_MIN_PIT,2017,2,2017-09-17,PIT,MIN,8.5,43.0,0.7729422894985808,1,0.48841331707597907,0.50089365343627,0.5,extratrees
2017_02_SF_SEA,2017,2,2017-09-17,SEA,SF,13.5,42.0,0.8677248677248677,0,0.4441747306928175,0.4877036831075422,0.5,extratrees
2017_02_CHI_TB,2017,2,2017-09-17,TB,CHI,7.0,44.0,0.73621103117506,1,0.46962983128528624,0.4953110310605318,0.5,extratrees
2017_02_DET_NYG,2017,2,2017-09-18,NYG,DET,3.0,42.0,0.6108836002739845,0,0.5256676129747463,0.5119504787115994,0.5,extratrees
2017_03_LA_SF,2017,3,2017-09-21,SF,LA,-3.0,40.5,0.43026174256005734,1,0.4885595912809187,0.5009370697289544,0.5,extratrees
2017_03_DEN_BUF,2017,3,2017-09-24,BUF,DEN,-3.5,40.0,0.37253858435337944,1,0.4935801280034951,0.5024269220529777,0.5,extratrees
2017_03_NO_CAR,2017,3,2017-09-24,CAR,NO,5.5,46.5,0.690978748012144,0,0.44625322913740184,0.48832742158973635,0.5,extratrees
2017_03_PIT_CHI,2017,3,2017-09-24,CHI,PIT,-7.0,43.5,0.2680965147453084,1,0.4550183794675218,0.49095220581549887,0.5,extratrees
2017_03_ATL_DET,2017,3,2017-09-24,DET,ATL,-3.0,51.0,0.38911639972601536,0,0.5307818053894285,0.5134715235349792,0.5,extratrees
2017_03_CIN_GB,2017,3,2017-09-24,GB,CIN,7.0,47.5,0.7516485398646913,0,0.48706764365935173,0.5004942090298216,0.5,extratrees
2017_03_CLE_IND,2017,3,2017-09-24,IND,CLE,1.0,42.0,0.5240193918025562,1,0.5094243349727181,0.5071272052806269,0.5,extratrees
2017_03_BAL_JAX,2017,3,2017-09-24,JAX,BAL,-3.0,38.0,0.3966571791921516,1,0.514259079921331,0.5085619330801079,0.5,extratrees
2017_03_KC_LAC,2017,3,2017-09-24,LAC,KC,-3.0,47.5,0.4224502112251056,0,0.49468788744510295,0.502755584312306,0.5,extratrees
2017_03_TB_MIN,2017,3,2017-09-24,MIN,TB,-0.0,41.0,0.5023229882921391,1,0.5309544378880224,0.5135228948271934,0.5,extratrees
2017_03_HOU_NE,2017,3,2017-09-24,NE,HOU,13.5,44.5,0.8866224945131528,0,0.5158531030512746,0.5090350958050915,0.5,extratrees
2017_03_MIA_NYJ,2017,3,2017-09-24,NYJ,MIA,-5.5,43.0,0.3253012048192771,1,0.46284094279202287,0.49328806055609487,0.5,extratrees
2017_03_NYG_PHI,2017,3,2017-09-24,PHI,NYG,5.0,42.0,0.6800775569558896,0,0.45063381486733495,0.4896402935047577,0.5,extratrees
2017_03_SEA_TEN,2017,3,2017-09-24,TEN,SEA,2.0,42.0,0.5520062329567589,1,0.4825998968564305,0.4991675875961817,0.5,extratrees
2017_03_OAK_WAS,2017,3,2017-09-24,WAS,OAK,-3.5,53.0,0.36674816625916873,1,0.5273480784859489,0.5124501102029034,0.5,extratrees
2017_03_DAL_ARI,2017,3,2017-09-25,ARI,DAL,-3.0,46.5,0.4122390658104357,0,0.5104170278807285,0.5074217493053428,0.5,extratrees
2017_04_CHI_GB,2017,4,2017-09-28,GB,CHI,7.5,44.0,0.7479106630456372,1,0.4584137138841211,0.49196677196576555,0.5,extratrees
2017_04_SF_ARI,2017,4,2017-10-01,ARI,SF,6.5,43.0,0.7086409898223908,0,0.480825151774138,0.49864039200668675,0.5,extratrees
2017_04_BUF_ATL,2017,4,2017-10-01,ATL,BUF,8.0,48.0,0.7729422894985808,0,0.5182562232890633,0.5097485805323294,0.5,extratrees
2017_04_PIT_BAL,2017,4,2017-10-01,BAL,PIT,-3.5,42.0,0.36674816625916873,0,0.4702628549178757,0.49549948763769236,0.5,extratrees
2017_04_CIN_CLE,2017,4,2017-10-01,CLE,CIN,-3.0,41.5,0.39360687022900764,0,0.5132438620139396,0.5082606177607202,0.5,extratrees
2017_04_LA_DAL,2017,4,2017-10-01,DAL,LA,5.0,51.0,0.6862401891869245,0,0.5292284512170062,0.5130093670211577,0.5,extratrees
2017_04_OAK_DEN,2017,4,2017-10-01,DEN,OAK,3.5,44.0,0.6332518337408314,1,0.4732327455170021,0.49638329563854133,0.5,extratrees
2017_04_TEN_HOU,2017,4,2017-10-01,HOU,TEN,-2.5,43.0,0.4320786780923455,1,0.49817370060750166,0.5037896909685103,0.5,extratrees
2017_04_PHI_LAC,2017,4,2017-10-01,LAC,PHI,1.5,48.0,0.5262215623771888,0,0.46610919772084103,0.4942623860379591,0.5,extratrees
2017_04_NO_MIA,2017,4,2017-10-01,MIA,NO,-4.0,51.5,0.35366086790288664,0,0.48031870014404165,0.4984899231147519,0.5,extratrees
2017_04_DET_MIN,2017,4,2017-10-01,MIN,DET,2.5,43.0,0.5933014354066986,0,0.4877693272658644,0.5007025007203023,0.5,extratrees
2017_04_CAR_NE,2017,4,2017-10-01,NE,CAR,9.0,48.0,0.7987191216834401,0,0.5045811851941017,0.5056903899961039,0.5,extratrees
2017_04_JAX_NYJ,2017,4,2017-10-01,NYJ,JAX,-4.0,38.5,0.35488721804511275,1,0.5110683157394176,0.5076150046240134,0.5,extratrees
2017_04_IND_SEA,2017,4,2017-10-01,SEA,IND,12.5,41.5,0.8613376835236541,1,0.47631145471949987,0.49729891661349307,0.5,extratrees
2017_04_NYG_TB,2017,4,2017-10-01,TB,NYG,2.5,46.0,0.5679213219076544,0,0.4772160079033842,0.49756783334808213,0.5,extratrees
2017_04_WAS_KC,2017,4,2017-10-02,KC,WAS,6.5,48.0,0.7119235543480806,1,0.5289639256427147,0.5129306797263864,0.5,extratrees
2017_05_NE_TB,2017,5,2017-10-05,TB,NE,-3.5,54.5,0.37253858435337944,0,0.5152393489074383,0.5088529028202419,0.5,extratrees
2017_05_BUF_CIN,2017,5,2017-10-08,CIN,BUF,3.0,39.0,0.5860927152317882,1,0.4996903404219008,0.5042395876986407,0.5,extratrees
2017_05_NYJ_CLE,2017,5,2017-10-08,CLE,NYJ,-1.5,41.5,0.4630595302657377,0,0.4842745526716083,0.4996649331670257,0.5,extratrees
2017_05_GB_DAL,2017,5,2017-10-08,DAL,GB,2.5,52.0,0.5679213219076544,0,0.5049457861071114,0.5057985473263943,0.5,extratrees
2017_05_CAR_DET,2017,5,2017-10-08,DET,CAR,2.0,42.0,0.5520062329567589,0,0.4958721688267213,0.5031069302702829,0.5,extratrees
2017_05_KC_HOU,2017,5,2017-10-08,HOU,KC,-2.0,45.0,0.4519505233111322,0,0.5180036156399153,0.5096735720938869,0.5,extratrees
2017_05_SF_IND,2017,5,2017-10-08,IND,SF,-1.0,43.5,0.5023229882921391,1,0.5030782919335847,0.5052445715023455,0.5,extratrees
2017_05_SEA_LA,2017,5,2017-10-08,LA,SEA,2.0,46.5,0.556697108066971,0,0.4952090794541449,0.5029102109357592,0.5,extratrees
2017_05_TEN_MIA,2017,5,2017-10-08,MIA,TEN,-0.0,41.5,0.5172913928296243,1,0.4656422493669246,0.4941232325809702,0.5,extratrees
2017_05_LAC_NYG,2017,5,2017-10-08,NYG,LAC,3.0,45.5,0.6002460024600246,0,0.4917281213694366,0.5018774004186739,0.5,extratrees
2017_05_BAL_OAK,2017,5,2017-10-08,OAK,BAL,3.0,40.5,0.5933014354066986,0,0.46605411327664537,0.4942459714165362,0.5,extratrees
2017_05_ARI_PHI,2017,5,2017-10-08,PHI,ARI,6.0,45.0,0.7005177489763459,1,0.49193750238441997,0.5019395306496363,0.5,extratrees
2017_05_JAX_PIT,2017,5,2017-10-08,PIT,JAX,7.5,41.0,0.7490809359864622,0,0.4979382859252289,0.503719856195771,0.5,extratrees
2017_05_MIN_CHI,2017,5,2017-10-09,CHI,MIN,-3.5,41.0,0.37665039500700276,1,0.4563163205583624,0.4913401799974714,0.5,extratrees
2017_06_PHI_CAR,2017,6,2017-10-12,CAR,PHI,3.0,44.0,0.582716381747207,0,0.4991650646759132,0.5040837710124553,0.5,extratrees
2017_06_TB_ARI,2017,6,2017-10-15,ARI,TB,-2.5,46.5,0.44139283962726833,1,0.5114859913583476,0.5077389452919973,0.5,extratrees
2017_06_MIA_ATL,2017,6,2017-10-15,ATL,MIA,14.0,46.0,0.8677248677248677,0,0.4873865123380023,0.5005888656456282,0.5,extratrees
2017_06_CHI_BAL,2017,6,2017-10-15,BAL,CHI,5.5,39.5,0.6757296083811425,0,0.5084522607665991,0.5068387956645035,0.5,extratrees
2017_06_NYG_DEN,2017,6,2017-10-15,DEN,NYG,14.0,37.5,0.8540944738281961,0,0.5119461452724168,0.5078754953439671,0.5,extratrees
2017_06_CLE_HOU,2017,6,2017-10-15,HOU,CLE,7.5,46.0,0.741037721131946,1,0.4729339139807899,0.4962943919710574,0.5,extratrees
2017_06_LA_JAX,2017,6,2017-10-15,JAX,LA,1.0,42.0,0.521797153024911,0,0.502133803188557,0.5049644028536059,0.5,extratrees
2017_06_PIT_KC,2017,6,2017-10-15,KC,PIT,3.5,46.5,0.6143408084559349,0,0.539003564254769,0.5159204448108373,0.5,extratrees
2017_06_GB_MIN,2017,6,2017-10-15,MIN,GB,-3.0,46.0,0.413907284768212,1,0.5197181967867254,0.5101827407744768,0.5,extratrees
2017_06_DET_NO,2017,6,2017-10-15,NO,DET,6.0,50.5,0.6800775569558896,1,0.49276623799773595,0.5021854351222106,0.5,extratrees
2017_06_NE_NYJ,2017,6,2017-10-15,NYJ,NE,-9.0,48.5,0.21891418563922943,1,0.4993163980182126,0.5041286623386024,0.5,extratrees
2017_06_LAC_OAK,2017,6,2017-10-15,OAK,LAC,3.0,48.5,0.5933014354066986,0,0.4630149484217519,0.4933399567841945,0.5,extratrees
2017_06_SF_WAS,2017,6,2017-10-15,WAS,SF,12.0,46.0,0.8078452160084814,0,0.5209482822720244,0.5105481030659539,0.5,extratrees
2017_06_IND_TEN,2017,6,2017-10-16,TEN,IND,7.0,46.0,0.7211503458318166,1,0.44392877668765085,0.48762983867796145,0.5,extratrees
2017_07_KC_OAK,2017,7,2017-10-19,OAK,KC,-3.0,46.5,0.4066985645933015,1,0.4564731613915758,0.4913870506910162,0.5,extratrees
2017_07_CAR_CHI,2017,7,2017-10-22,CHI,CAR,-2.5,39.5,0.4320786780923455,1,0.5038488063245968,0.5054731355305192,0.5,extratrees
2017_07_TEN_CLE,2017,7,2017-10-22,CLE,TEN,-5.5,42.5,0.3199224430441105,1,0.49546893298557476,0.5029873025903558,0.5,extratrees
2017_07_NO_GB,2017,7,2017-10-22,GB,NO,-3.5,45.5,0.360293204124736,0,0.47636824486965734,0.49731580118671925,0.5,extratrees
2017_07_JAX_IND,2017,7,2017-10-22,IND,JAX,-3.0,41.0,0.4050889296790936,0,0.4958150531883605,0.5030899859376777,0.5,extratrees
2017_07_ARI_LA,2017,7,2017-10-22,LA,ARI,3.0,45.5,0.6063931297709924,1,0.4829924536172648,0.49928418046788997,0.5,extratrees
2017_07_DEN_LAC,2017,7,2017-10-22,LAC,DEN,-1.0,41.0,0.5,1,0.48264641605622477,0.49918140454078946,0.5,extratrees
2017_07_BAL_MIN,2017,7,2017-10-22,MIN,BAL,5.0,37.5,0.6712553934662009,1,0.4850989504043942,0.499909726987557,0.5,extratrees
2017_07_ATL_NE,2017,7,2017-10-22,NE,ATL,3.0,56.5,0.5860927152317882,1,0.5285017245160953,0.5127932007798555,0.5,extratrees
2017_07_SEA_NYG,2017,7,2017-10-22,NYG,SEA,-4.0,39.0,0.341130604288499,0,0.44653937375882474,0.4884132492196124,0.5,extratrees
2017_07_CIN_PIT,2017,7,2017-10-22,PIT,CIN,4.0,40.0,0.6499689771835965,1,0.44385365630542833,0.48760728324335556,0.5,extratrees
2017_07_DAL_SF,2017,7,2017-10-22,SF,DAL,-6.5,48.0,0.29135901017760923,0,0.456194847961234,0.4913038771591368,0.5,extratrees
2017_07_WAS_PHI,2017,7,2017-10-23,PHI,WAS,5.0,48.5,0.6757296083811425,1,0.48245978583224103,0.49912597185193197,0.5,extratrees
2017_08_MIA_BAL,2017,8,2017-10-26,BAL,MIA,3.0,38.0,0.5949110703209063,1,0.4876270747091363,0.5006602748752754,0.5,extratrees
2017_08_OAK_BUF,2017,8,2017-10-29,BUF,OAK,2.5,47.0,0.5480494766888677,1,0.4930637690409108,0.5022737160664442,0.5,extratrees
2017_08_IND_CIN,2017,8,2017-10-29,CIN,IND,11.0,44.0,0.8133748055987559,0,0.4545045025768342,0.49079855305164993,0.5,extratrees
2017_08_MIN_CLE,2017,8,2017-10-29,CLE,MIN,-11.0,38.5,0.1921547839915187,0,0.5057183058633232,0.5060277155609865,0.5,extratrees
2017_08_PIT_DET,2017,8,2017-10-29,DET,PIT,-3.0,44.5,0.3856591915440651,0,0.49532183503730365,0.5029436626374363,0.5,extratrees
2017_08_LAC_NE,2017,8,2017-10-29,NE,LAC,6.5,49.5,0.7137404580152672,1,0.5472006340324951,0.5183675488325727,0.5,extratrees
2017_08_CHI_NO,2017,8,2017-10-29,NO,CHI,7.5,46.0,0.7590361445783131,1,0.49376295868410053,0.5024811676252546,0.5,extratrees
2017_08_ATL_NYJ,2017,8,2017-10-29,NYJ,ATL,-6.5,43.5,0.2805670407560544,1,0.5064259998858067,0.5062376580821791,0.5,extratrees
2017_08_SF_PHI,2017,8,2017-10-29,PHI,SF,13.0,45.0,0.8613376835236541,1,0.5236844734802224,0.511361047828866,0.5,extratrees
2017_08_HOU_SEA,2017,8,2017-10-29,SEA,HOU,6.0,45.0,0.6969696969696969,0,0.46650731939715656,0.49438101544167606,0.5,extratrees
2017_08_CAR_TB,2017,8,2017-10-29,TB,CAR,1.5,46.0,0.537852568752202,0,0.46474047308601873,0.49385444933491773,0.5,extratrees
2017_08_DAL_WAS,2017,8,2017-10-29,WAS,DAL,-3.0,46.5,0.38911639972601536,0,0.48826965474977624,0.5008510118004632,0.5,extratrees
2017_08_DEN_KC,2017,8,2017-10-30,KC,DEN,7.0,42.0,0.7382366085679627,1,0.4903112512698473,0.501456943319204,0.5,extratrees
2017_09_BUF_NYJ,2017,9,2017-11-02,NYJ,BUF,-3.0,42.0,0.3785271851342051,1,0.46107196251921706,0.4927603248062749,0.5,extratrees
2017_09_ATL_CAR,2017,9,2017-11-05,CAR,ATL,-3.0,42.0,0.4172836182527931,1,0.4899765605970013,0.5013576168336442,0.5,extratrees
2017_09_KC_DAL,2017,9,2017-11-05,DAL,KC,2.0,53.0,0.5480494766888677,1,0.4934031530890038,0.5023744133376761,0.5,extratrees
2017_09_IND_HOU,2017,9,2017-11-05,HOU,IND,6.0,45.0,0.6996383748138693,0,0.42278746712806503,0.48124990281493096,0.5,extratrees
2017_09_CIN_JAX,2017,9,2017-11-05,JAX,CIN,6.0,38.0,0.6800775569558896,1,0.4980684738285157,0.5037584759379173,0.5,extratrees
2017_09_TB_NO,2017,9,2017-11-05,NO,TB,7.0,54.0,0.7319034852546917,1,0.4604976123941959,0.49258892142926364,0.5,extratrees
2017_09_LA_NYG,2017,9,2017-11-05,NYG,LA,-5.5,42.5,0.3050817654299279,0,0.451109210741322,0.48978263805677,0.5,extratrees
2017_09_DEN_PHI,2017,9,2017-11-05,PHI,DEN,7.0,41.0,0.7319034852546917,1,0.4465226369626188,0.48840822937662026,0.5,extratrees
2017_09_WAS_SEA,2017,9,2017-11-05,SEA,WAS,8.0,44.5,0.7770903466472567,0,0.5282709430491541,0.5127245609496843,0.5,extratrees
2017_09_ARI_SF,2017,9,2017-11-05,SF,ARI,-2.5,39.0,0.4479937670432412,0,0.43941309860297395,0.4862726600124889,0.5,extratrees
2017_09_DET_GB,2017,9,2017-11-06,GB,DET,-2.5,42.5,0.4479937670432412,0,0.45610472397096985,0.4912769420993455,0.5,extratrees
2017_10_DAL_ATL,2017,10,2017-11-12,ATL,DAL,3.5,49.0,0.6332518337408314,1,0.49800515786742944,0.5037396935165248,0.5,extratrees
2017_10_NO_BUF,2017,10,2017-11-12,BUF,NO,-2.0,48.5,0.4519505233111322,0,0.5090764503963647,0.5070239878639455,0.5,extratrees
2017_10_GB_CHI,2017,10,2017-11-12,CHI,GB,4.5,37.5,0.6757296083811425,0,0.45512149329697804,0.49098303431321766,0.5,extratrees
2017_10_NE_DEN,2017,10,2017-11-12,DEN,NE,-7.0,45.0,0.28289498367913557,0,0.46870419426254833,0.4950354108293408,0.5,extratrees
2017_10_CLE_DET,2017,10,2017-11-12,DET,CLE,10.5,42.5,0.7987191216834401,1,0.4466990074391454,0.4884611262099892,0.5,extratrees
2017_10_PIT_IND,2017,10,2017-11-12,IND,PIT,-10.5,47.0,0.1952054794520548,1,0.4951396595135024,0.5028896157277303,0.5,extratrees
2017_10_LAC_JAX,2017,10,2017-11-12,JAX,LAC,5.0,40.5,0.6712553934662009,0,0.47980829990299256,0.49833826919148383,0.5,extratrees
2017_10_HOU_LA,2017,10,2017-11-12,LA,HOU,12.0,45.0,0.8460275097515911,1,0.47873517545884275,0.49801937425959764,0.5,extratrees
2017_10_NYG_SF,2017,10,2017-11-12,SF,NYG,-3.0,41.5,0.3966571791921516,1,0.4831665304340212,0.4993358808624063,0.5,extratrees
2017_10_NYJ_TB,2017,10,2017-11-12,TB,NYJ,1.0,44.5,0.5419847328244275,1,0.45437477453097963,0.4907597591692856,0.5,extratrees
2017_10_CIN_TEN,2017,10,2017-11-12,TEN,CIN,4.5,40.5,0.6712553934662009,0,0.47802880473144277,0.4978094348789129,0.5,extratrees
2017_10_MIN_WAS,2017,10,2017-11-12,WAS,MIN,-1.0,43.0,0.5023229882921391,0,0.45887945332223495,0.49210585364339365,0.5,extratrees
2017_10_MIA_CAR,2017,10,2017-11-13,CAR,MIA,8.0,38.5,0.7664138242829156,1,0.49442026397102945,0.5026761845828331,0.5,extratrees
2017_11_TEN_PIT,2017,11,2017-11-16,PIT,TEN,7.0,44.5,0.741037721131946,1,0.5221661785448171,0.5109099081162262,0.5,extratrees
2017_11_JAX_CLE,2017,11,2017-11-19,CLE,JAX,-7.5,37.0,0.2617633914320373,0,0.5128638934202788,0.5081478505087377,0.5,extratrees
2017_11_PHI_DAL,2017,11,2017-11-19,DAL,PHI,-6.0,48.0,0.31694966877331915,0,0.4722238663349956,0.4960831274322041,0.5,extratrees
2017_11_CIN_DEN,2017,11,2017-11-19,DEN,CIN,2.5,37.5,0.5933014354066986,0,0.47922436037281346,0.4981647497233992,0.5,extratrees
2017_11_BAL_GB,2017,11,2017-11-19,GB,BAL,-2.5,38.5,0.44139283962726833,0,0.45959223430904234,0.4923186691343516,0.5,extratrees
2017_11_ARI_HOU,2017,11,2017-11-19,HOU,ARI,2.5,38.0,0.5520062329567589,1,0.4574412422926051,0.4916763009175625,0.5,extratrees
2017_11_BUF_LAC,2017,11,2017-11-19,LAC,BUF,7.0,41.5,0.7319034852546917,1,0.47454564247042014,0.4967738240316609,0.5,extratrees
2017_11_TB_MIA,2017,11,2017-11-19,MIA,TB,-1.0,44.0,0.46943325045014145,0,0.4619543873703465,0.49302361032929554,0.5,extratrees
2017_11_LA_MIN,2017,11,2017-11-19,MIN,LA,1.0,46.0,0.5262215623771888,1,0.5152051624937447,0.5088427549162884,0.5,extratrees
2017_11_WAS_NO,2017,11,2017-11-19,NO,WAS,9.5,52.5,0.7641509433962264,0,0.4914190592003398,0.5017856898267291,0.5,extratrees
2017_11_KC_NYG,2017,11,2017-11-19,NYG,KC,-10.0,44.5,0.22290965335274313,1,0.4408582524284605,0.4867072942437994,0.5,extratrees
2017_11_NE_OAK,2017,11,2017-11-19,OAK,NE,-7.0,55.0,0.27418447694038245,0,0.5040372187491612,0.5055290262985097,0.5,extratrees
2017_11_ATL_SEA,2017,11,2017-11-20,SEA,ATL,1.0,46.0,0.5195545777019441,0,0.5228566664455708,0.5111150634161209,0.5,extratrees
2017_12_LAC_DAL,2017,12,2017-11-23,DAL,LAC,-1.0,46.5,0.47377843762281124,0,0.5231176435666689,0.5111926097522329,0.5,extratrees
2017_12_MIN_DET,2017,12,2017-11-23,DET,MIN,-2.5,46.0,0.43949878436506445,0,0.5070550473882756,0.506424274090073,0.5,extratrees
2017_12_NYG_WAS,2017,12,2017-11-23,WAS,NYG,7.0,44.0,0.7382366085679627,1,0.4664309324389974,0.49435825515175924,0.5,extratrees
2017_12_JAX_ARI,2017,12,2017-11-26,ARI,JAX,-6.5,37.5,0.2949369162706865,1,0.533224392657149,0.5141985617239773,0.5,extratrees
2017_12_TB_ATL,2017,12,2017-11-26,ATL,TB,10.5,47.0,0.8047945205479452,1,0.4551105275014022,0.4909797558616293,0.5,extratrees
2017_12_CLE_CIN,2017,12,2017-11-26,CIN,CLE,7.5,39.0,0.741037721131946,1,0.4678377552697653,0.49477736222355717,0.5,extratrees
2017_12_TEN_IND,2017,12,2017-11-26,IND,TEN,-3.0,46.5,0.37993288776727036,0,0.4638800762890208,0.49359793892197007,0.5,extratrees
2017_12_BUF_KC,2017,12,2017-11-26,KC,BUF,8.5,47.5,0.7590361445783131,0,0.4561726299572403,0.49129723701253974,0.5,extratrees
2017_12_NO_LA,2017,12,2017-11-26,LA,NO,2.5,54.0,0.5775497887748944,1,0.5097061070642066,0.5072108086466299,0.5,extratrees
2017_12_MIA_NE,2017,12,2017-11-26,NE,MIA,17.0,49.0,0.9022482893450635,1,0.43001909991338194,0.4834400393211694,0.5,extratrees
2017_12_CAR_NYJ,2017,12,2017-11-26,NYJ,CAR,-5.5,39.5,0.309021251987856,0,0.4465181984712591,0.4884068981406422,0.5,extratrees
2017_12_DEN_OAK,2017,12,2017-11-26,OAK,DEN,3.5,41.0,0.658869395711501,1,0.40818019209218664,0.47679659996939083,0.5,extratrees
2017_12_CHI_PHI,2017,12,2017-11-26,PHI,CHI,14.0,43.5,0.8613376835236541,1,0.5584222283274468,0.5217288064274613,0.5,extratrees
2017_12_GB_PIT,2017,12,2017-11-26,PIT,GB,14.0,43.0,0.8785818358426419,0,0.4873278550677986,0.5005714533864559,0.5,extratrees
2017_12_SEA_SF,2017,12,2017-11-26,SF,SEA,-7.0,45.0,0.277337559429477,0,0.4441884629111653,0.4877078057974726,0.5,extratrees
2017_12_HOU_BAL,2017,12,2017-11-27,BAL,HOU,7.5,39.5,0.7625073404459873,0,0.49261345118137456,0.5021401008446696,0.5,extratrees
2017_13_WAS_DAL,2017,13,2017-11-30,DAL,WAS,-1.5,47.0,0.46943325045014145,1,0.47361904354431344,0.496498212856302,0.5,extratrees
2017_13_LA_ARI,2017,13,2017-12-03,ARI,LA,-7.5,43.0,0.2617633914320373,0,0.5563076838304004,0.5210943073933578,0.5,extratrees
2017_13_MIN_ATL,2017,13,2017-12-03,ATL,MIN,2.0,48.5,0.534834771627026,0,0.5191016748728469,0.509999643154916,0.5,extratrees
2017_13_DET_BAL,2017,13,2017-12-03,BAL,DET,2.5,43.0,0.5500363507751557,1,0.5228372156282428,0.5111092839580403,0.5,extratrees
2017_13_NE_BUF,2017,13,2017-12-03,BUF,NE,-7.5,48.5,0.25354213273676357,0,0.5123536892547651,0.5079964374991949,0.5,extratrees
2017_13_SF_CHI,2017,13,2017-12-03,CHI,SF,2.5,42.0,0.5660893345487694,0,0.477756189537054,0.4977284045911557,0.5,extratrees
2017_13_TB_GB,2017,13,2017-12-03,GB,TB,3.0,45.0,0.6033428208078484,1,0.47252690037156847,0.4961732947562312,0.5,extratrees
2017_13_IND_JAX,2017,13,2017-12-03,JAX,IND,10.0,41.0,0.7953615279672579,1,0.4732956489638443,0.49640200898486164,0.5,extratrees
2017_13_CLE_LAC,2017,13,2017-12-03,LAC,CLE,13.5,45.0,0.8619190981732576,0,0.4673442344453034,0.4946303540904162,0.5,extratrees
2017_13_DEN_MIA,2017,13,2017-12-03,MIA,DEN,-1.0,41.0,0.47377843762281124,1,0.4361267091046295,0.4852831842068523,0.5,extratrees
2017_13_CAR_NO,2017,13,2017-12-03,NO,CAR,5.5,48.0,0.6958254667505769,1,0.4757389103729584,0.49712868059533755,0.5,extratrees
2017_13_KC_NYJ,2017,13,2017-12-03,NYJ,KC,-3.5,44.0,0.360293204124736,1,0.4885496344035583,0.5009341144031878,0.5,extratrees
2017_13_NYG_OAK,2017,13,2017-12-03,OAK,NYG,10.0,43.0,0.7987191216834401,0,0.45044386113824464,0.4895834098888295,0.5,extratrees
2017_13_PHI_SEA,2017,13,2017-12-03,SEA,PHI,-3.5,46.5,0.360293204124736,1,0.5504775892621986,0.51934765565675,0.5,extratrees
2017_13_HOU_TEN,2017,13,2017-12-03,TEN,HOU,7.0,42.5,0.722662440570523,1,0.4671033657006048,0.4945585984527459,0.5,extratrees
2017_13_PIT_CIN,2017,13,2017-12-04,CIN,PIT,-4.5,42.5,0.33553809375770505,1,0.48105146056706705,0.4987076255714796,0.5,extratrees
2017_14_NO_ATL,2017,14,2017-12-07,ATL,NO,2.5,51.5,0.5586071603727317,1,0.46976920629224594,0.49535252656192774,0.5,extratrees
2017_14_TEN_ARI,2017,14,2017-12-10,ARI,TEN,-2.5,42.0,0.4259645555419216,1,0.5006387793459641,0.5045209282287791,0.5,extratrees
2017_14_IND_BUF,2017,14,2017-12-10,BUF,IND,3.5,36.5,0.6274614156466205,1,0.4720893030304548,0.49604308645492357,0.5,extratrees
2017_14_MIN_CAR,2017,14,2017-12-10,CAR,MIN,-2.5,40.5,0.4519505233111322,1,0.4964262241464546,0.5032712983042968,0.5,extratrees
2017_14_CHI_CIN,2017,14,2017-12-10,CIN,CHI,6.0,40.5,0.7050630837293135,0,0.4910904594306039,0.5016881794117164,0.5,extratrees
2017_14_GB_CLE,2017,14,2017-12-10,CLE,GB,-2.5,38.5,0.4433028919330289,0,0.4852067351460709,0.4999417304144553,0.5,extratrees
2017_14_NYJ_DEN,2017,14,2017-12-10,DEN,NYJ,-1.0,40.5,0.5023229882921391,1,0.473696291123222,0.49652119163532443,0.5,extratrees
2017_14_SF_HOU,2017,14,2017-12-10,HOU,SF,1.0,45.5,0.537852568752202,0,0.5049206571046525,0.5057910928818495,0.5,extratrees
2017_14_SEA_JAX,2017,14,2017-12-10,JAX,SEA,3.0,41.0,0.5740354444580784,1,0.4988840707368652,0.5040004170345954,0.5,extratrees
2017_14_OAK_KC,2017,14,2017-12-10,KC,OAK,4.5,48.5,0.6600024206947392,1,0.4621270051890763,0.4930751056953206,0.5,extratrees
2017_14_PHI_LA,2017,14,2017-12-10,LA,PHI,-1.0,47.5,0.478202846975089,0,0.5136701543861939,0.5083871374175498,0.5,extratrees
2017_14_WAS_LAC,2017,14,2017-12-10,LAC,WAS,6.0,46.5,0.7086409898223908,1,0.5105737710706432,0.507468258613764,0.5,extratrees
2017_14_DAL_NYG,2017,14,2017-12-10,NYG,DAL,-4.0,42.0,0.35488721804511275,0,0.472942211445587,0.4962968605769693,0.5,extratrees
2017_14_BAL_PIT,2017,14,2017-12-10,PIT,BAL,6.0,43.0,0.6921645130114186,0,0.4783063988306002,0.4978919411835899,0.5,extratrees
2017_14_DET_TB,2017,14,2017-12-10,TB,DET,-0.0,47.5,0.46214743124779806,0,0.49774771949920327,0.5036633251655385,0.5,extratrees
2017_14_NE_MIA,2017,14,2017-12-11,MIA,NE,-10.0,48.0,0.19066553679681894,1,0.5354795256521072,0.5148701709263752,0.5,extratrees
2017_15_DEN_IND,2017,15,2017-12-14,IND,DEN,-3.0,40.5,0.4224502112251056,0,0.4900743791013296,0.50138664681223,0.5,extratrees
2017_15_CHI_DET,2017,15,2017-12-16,DET,CHI,5.0,43.5,0.6859695689558487,1,0.4545153685239298,0.49080180232623255,0.5,extratrees
2017_15_LAC_KC,2017,15,2017-12-16,KC,LAC,1.0,47.0,0.5172913928296243,1,0.4543316195066151,0.4907468537026074,0.5,extratrees
2017_15_MIA_BUF,2017,15,2017-12-17,BUF,MIA,3.5,39.5,0.6332518337408314,1,0.4474801921969144,0.4886953731583324,0.5,extratrees
2017_15_GB_CAR,2017,15,2017-12-17,CAR,GB,3.0,46.5,0.5860927152317882,1,0.4741815551220099,0.4966655345609287,0.5,extratrees
2017_15_BAL_CLE,2017,15,2017-12-17,CLE,BAL,-6.5,42.0,0.2949369162706865,0,0.49289486632083973,0.5022236008516954,0.5,extratrees
2017_15_HOU_JAX,2017,15,2017-12-17,JAX,HOU,10.5,39.0,0.7987191216834401,1,0.4804035628155471,0.4985151369798189,0.5,extratrees
2017_15_CIN_MIN,2017,15,2017-12-17,MIN,CIN,12.5,42.5,0.8460275097515911,1,0.5199221532574063,0.5102433160397827,0.5,extratrees
2017_15_NYJ_NO,2017,15,2017-12-17,NO,NYJ,16.5,47.0,0.89070042808999,0,0.48292645415210883,0.4992645784701065,0.5,extratrees
2017_15_PHI_NYG,2017,15,2017-12-17,NYG,PHI,-7.5,40.5,0.2680965147453084,1,0.5450526230352745,0.5177256906912451,0.5,extratrees
2017_15_NE_PIT,2017,15,2017-12-17,PIT,NE,-2.5,53.0,0.4320786780923455,0,0.5366897901665952,0.515230758548022,0.5,extratrees
2017_15_LA_SEA,2017,15,2017-12-17,SEA,LA,-1.0,47.5,0.5,0,0.4910181785113467,0.5016667300724571,0.5,extratrees
2017_15_TEN_SF,2017,15,2017-12-17,SF,TEN,2.5,44.5,0.537852568752202,0,0.5018343894325984,0.5048755865600487,0.5,extratrees
2017_15_ARI_WAS,2017,15,2017-12-17,WAS,ARI,4.0,40.0,0.6527218785216531,1,0.4706761867146518,0.4956225253530919,0.5,extratrees
2017_15_ATL_TB,2017,15,2017-12-18,TB,ATL,-7.0,49.5,0.2562225475841874,1,0.4969806260256854,0.5034357658360141,0.5,extratrees
2017_16_IND_BAL,2017,16,2017-12-23,BAL,IND,13.5,41.0,0.8677248677248677,0,0.48011241784360864,0.49842863243295654,0.5,extratrees
2017_16_MIN_GB,2017,16,2017-12-23,GB,MIN,-8.5,41.0,0.21891418563922943,0,0.4968709383216034,0.5034032263902805,0.5,extratrees
2017_16_NYG_ARI,2017,16,2017-12-24,ARI,NYG,3.0,39.0,0.6186511705872493,1,0.5096448955760957,0.5071926467338492,0.5,extratrees
2017_16_TB_CAR,2017,16,2017-12-24,CAR,TB,10.0,46.5,0.7987191216834401,0,0.4962121677733794,0.5032077959872379,0.5,extratrees
2017_16_CLE_CHI,2017,16,2017-12-24,CHI,CLE,5.5,37.0,0.6800775569558896,1,0.49589323088785753,0.5031131786816584,0.5,extratrees
2017_16_DET_CIN,2017,16,2017-12-24,CIN,DET,-3.0,43.5,0.40832074076455643,1,0.47976198245584295,0.49832450640606596,0.5,extratrees
2017_16_SEA_DAL,2017,16,2017-12-24,DAL,SEA,4.5,47.0,0.664461906242295,0,0.49007003369121616,0.5013853572129441,0.5,extratrees
2017_16_MIA_KC,2017,16,2017-12-24,KC,MIA,11.0,43.5,0.8161598505168621,1,0.493561391556842,0.5024213629472593,0.5,extratrees
2017_16_BUF_NE,2017,16,2017-12-24,NE,BUF,11.0,47.5,0.8161598505168621,1,0.496570807166571,0.5033141902608355,0.5,extratrees
2017_16_ATL_NO,2017,16,2017-12-24,NO,ATL,5.5,52.0,0.690978748012144,1,0.49259582042608896,0.5021348694908042,0.5,extratrees
2017_16_LAC_NYJ,2017,16,2017-12-24,NYJ,LAC,-7.5,42.5,0.2680965147453084,1,0.49633388518759497,0.5032439049381554,0.5,extratrees
2017_16_JAX_SF,2017,16,2017-12-24,SF,JAX,-4.0,43.0,0.341130604288499,1,0.5200064981434397,0.5102683670384194,0.5,extratrees
2017_16_LA_TEN,2017,16,2017-12-24,TEN,LA,-5.5,46.0,0.3199224430441105,1,0.4760882474977065,0.497232552011344,0.5,extratrees
2017_16_DEN_WAS,2017,16,2017-12-24,WAS,DEN,3.0,39.5,0.6002460024600246,1,0.49298834585769347,0.5022513372784733,0.5,extratrees
2017_16_PIT_HOU,2017,16,2017-12-25,HOU,PIT,-8.0,45.5,0.21891418563922943,0,0.5267377114682931,0.5122686196365897,0.5,extratrees
2017_16_OAK_PHI,2017,16,2017-12-25,PHI,OAK,10.0,46.0,0.7882908557935022,0,0.5536657309989387,0.5203023137375196,0.5,extratrees
2017_17_CAR_ATL,2017,17,2017-12-31,ATL,CAR,5.0,44.5,0.6859695689558487,1,0.47875669799262965,0.498025770549779,0.5,extratrees
2017_17_CIN_BAL,2017,17,2017-12-31,BAL,CIN,8.0,40.0,0.768632470217584,0,0.4917405030348513,0.5018810744912466,0.5,extratrees
2017_17_KC_DEN,2017,17,2017-12-31,DEN,KC,3.0,37.5,0.6172970557014359,0,0.4858468292139379,0.5001317787187484,0.5,extratrees
2017_17_GB_DET,2017,17,2017-12-31,DET,GB,7.5,45.0,0.741037721131946,1,0.46736656749574446,0.4946370069649209,0.5,extratrees
2017_17_HOU_IND,2017,17,2017-12-31,IND,HOU,5.5,42.0,0.67719847402915,1,0.4143267715943426,0.47867563811599173,0.5,extratrees
2017_17_SF_LA,2017,17,2017-12-31,LA,SF,-6.5,44.5,0.28507217303428406,0,0.4929017660887815,0.502225648095696,0.5,extratrees
2017_17_OAK_LAC,2017,17,2017-12-31,LAC,OAK,7.0,43.0,0.7353719494266393,1,0.459816629743326,0.492385657350952,0.5,extratrees
2017_17_BUF_MIA,2017,17,2017-12-31,MIA,BUF,-2.5,41.5,0.4479937670432412,0,0.47818352682985593,0.49785542174186337,0.5,extratrees
2017_17_CHI_MIN,2017,17,2017-12-31,MIN,CHI,13.5,38.0,0.8573227024758707,0,0.4879297997179756,0.5007501341897482,0.5,extratrees
2017_17_NYJ_NE,2017,17,2017-12-31,NE,NYJ,17.0,43.5,0.8987444309437019,1,0.5044502088304457,0.5056515366359637,0.5,extratrees
2017_17_WAS_NYG,2017,17,2017-12-31,NYG,WAS,-5.0,41.0,0.32280152597085005,1,0.4591355035690408,0.4921823081461006,0.5,extratrees
2017_17_DAL_PHI,2017,17,2017-12-31,PHI,DAL,-3.5,41.0,0.35211267605633806,0,0.49317783774578855,0.5023075611595015,0.5,extratrees
2017_17_CLE_PIT,2017,17,2017-12-31,PIT,CLE,5.0,38.5,0.6579876434245368,0,0.4698858967296197,0.4953872672565475,0.5,extratrees
2017_17_ARI_SEA,2017,17,2017-12-31,SEA,ARI,8.0,38.0,0.7702931911800339,0,0.4772970688877953,0.49759193003363617,0.5,extratrees
2017_17_NO_TB,2017,17,2017-12-31,TB,NO,-6.0,49.0,0.303030303030303,1,0.5129303065769943,0.5081675603737988,0.5,extratrees
2017_17_JAX_TEN,2017,17,2017-12-31,TEN,JAX,2.5,40.0,0.5660893345487694,1,0.46025594456651586,0.49251679165733925,0.5,extratrees
2017_18_TEN_KC,2017,18,2018-01-06,KC,TEN,8.5,44.0,0.7918875407389956,0,0.4579964246587076,0.4918421413876791,0.5,extratrees
2017_18_ATL_LA,2017,18,2018-01-06,LA,ATL,6.5,48.0,0.6969696969696969,0,0.48900763026759636,0.5010700504815768,0.5,extratrees
2017_18_BUF_JAX,2017,18,2018-01-07,JAX,BUF,8.5,39.5,0.7810858143607706,0,0.4861165693501877,0.5002118622363991,0.5,extratrees
2017_18_CAR_NO,2017,18,2018-01-07,NO,CAR,6.5,47.5,0.7086409898223908,0,0.47921482956179157,0.49816191747785277,0.5,extratrees
2017_19_TEN_NE,2017,19,2018-01-13,NE,TEN,13.5,48.0,0.8625546306734823,1,0.5168851689894954,0.5093414915455238,0.5,extratrees
2017_19_ATL_PHI,2017,19,2018-01-13,PHI,ATL,-2.5,40.0,0.4433028919330289,1,0.4823356864985902,0.49908911122250554,0.5,extratrees
2017_19_NO_MIN,2017,19,2018-01-14,MIN,NO,5.5,47.0,0.6800775569558896,0,0.43175398159775985,0.48396417406120806,0.5,extratrees
2017_19_JAX_PIT,2017,19,2018-01-14,PIT,JAX,7.0,40.5,0.7194329592439458,0,0.4331452644027268,0.4843841617500252,0.5,extratrees
2017_20_JAX_NE,2017,20,2018-01-21,NE,JAX,7.5,46.0,0.7490809359864622,0,0.5087229752561633,0.5069191137835438,0.5,extratrees
2017_20_MIN_PHI,2017,20,2018-01-21,PHI,MIN,-3.0,39.0,0.41899204424013164,1,0.5063522316096399,0.5062157739517885,0.5,extratrees
2017_21_PHI_NE,2017,21,2018-02-04,NE,PHI,4.5,48.5,0.6527218785216531,0,0.43448616011333013,0.4847886588061803,0.5,extratrees
2018_01_ATL_PHI,2018,1,2018-09-06,PHI,ATL,1.0,44.5,0.5023229882921391,1,0.5205597627744923,0.519508150860024,0.5,extratrees
2018_01_WAS_ARI,2018,1,2018-09-09,ARI,WAS,2.0,43.5,0.5500363507751557,0,0.4865600580094868,0.5129050017107127,0.5,extratrees
2018_01_BUF_BAL,2018,1,2018-09-09,BAL,BUF,7.5,39.0,0.7613990927921551,1,0.46331760078439854,0.508378076989219,0.5,extratrees
2018_01_DAL_CAR,2018,1,2018-09-09,CAR,DAL,2.5,42.5,0.5833751631362314,1,0.47610336555794164,0.5108711500801374,0.5,extratrees
2018_01_PIT_CLE,2018,1,2018-09-09,CLE,PIT,-3.5,41.0,0.3813488294127508,1,0.4694814528726188,0.5095809854099916,0.5,extratrees
2018_01_CHI_GB,2018,1,2018-09-09,GB,CHI,6.5,45.0,0.7129371711544413,0,0.4875585421341335,0.5130990401944631,0.5,extratrees
2018_01_CIN_IND,2018,1,2018-09-09,IND,CIN,-1.0,47.5,0.5,0,0.49666738540389016,0.5148683031506,0.5,extratrees
2018_01_KC_LAC,2018,1,2018-09-09,LAC,KC,3.5,48.0,0.6332518337408314,0,0.4941268918452199,0.5143749776294475,0.5,extratrees
2018_01_TEN_MIA,2018,1,2018-09-09,MIA,TEN,-1.0,43.5,0.478202846975089,1,0.45427266036564706,0.5066086656725638,0.5,extratrees
2018_01_SF_MIN,2018,1,2018-09-09,MIN,SF,6.0,46.5,0.711109715505872,1,0.5034648753980948,0.5161880337216659,0.5,extratrees
2018_01_HOU_NE,2018,1,2018-09-09,NE,HOU,6.0,49.5,0.6891002194586686,1,0.4363309955203732,0.5030796973728181,0.5,extratrees
2018_01_TB_NO,2018,1,2018-09-09,NO,TB,10.0,50.0,0.7987191216834401,0,0.45583340677560963,0.5069143874387166,0.5,extratrees
2018_01_JAX_NYG,2018,1,2018-09-09,NYG,JAX,-2.5,43.0,0.4295364214803857,0,0.45686326468307586,0.5071160215991082,0.5,extratrees
2018_01_NYJ_DET,2018,1,2018-09-10,DET,NYJ,7.0,44.0,0.7540381997164995,0,0.4963678990449751,0.5148101511366986,0.5,extratrees
2018_01_LA_OAK,2018,1,2018-09-10,OAK,LA,-6.0,47.5,0.3128007699711261,0,0.5057144420320153,0.5166247683701812,0.5,extratrees
2018_02_BAL_CIN,2018,2,2018-09-13,CIN,BAL,1.0,43.0,0.521797153024911,1,0.48972277340681536,0.5135195441084904,0.5,extratrees
2018_02_CAR_ATL,2018,2,2018-09-16,ATL,CAR,5.5,44.0,0.6891002194586686,1,0.49996601532588164,0.5155087578684027,0.5,extratrees
2018_02_LAC_BUF,2018,2,2018-09-16,BUF,LAC,-7.5,41.5,0.2703883760310264,0,0.49226286375234757,0.5140129575999245,0.5,extratrees
2018_02_NYG_DAL,2018,2,2018-09-16,DAL,NYG,3.0,42.0,0.5894160583941606,1,0.4714530282966647,0.5099653249902792,0.5,extratrees
2018_02_OAK_DEN,2018,2,2018-09-16,DEN,OAK,5.5,44.5,0.6817827855062153,0,0.4649899091978162,0.5087046477541071,0.5,extratrees
2018_02_MIN_GB,2018,2,2018-09-16,GB,MIN,-2.0,45.0,0.46516522837297414,1,0.4943095250751396,0.5144104448543625,0.5,extratrees
2018_02_NE_JAX,2018,2,2018-09-16,JAX,NE,-2.0,44.5,0.4433028919330289,1,0.48669706349596104,0.5129316278380357,0.5,extratrees
2018_02_ARI_LA,2018,2,2018-09-16,LA,ARI,13.5,43.5,0.8646087191984837,1,0.46619230607311046,0.5089393535495024,0.5,extratrees
2018_02_CLE_NO,2018,2,2018-09-16,NO,CLE,10.0,51.0,0.7835710352305374,0,0.4894758107690552,0.5134715650137297,0.5,extratrees
2018_02_MIA_NYJ,2018,2,2018-09-16,NYJ,MIA,3.0,43.0,0.6143408084559349,0,0.4848680279710368,0.5125761270503486,0.5,extratrees
2018_02_KC_PIT,2018,2,2018-09-16,PIT,KC,4.5,52.0,0.6499689771835965,0,0.5092687714905334,0.5173148583699505,0.5,extratrees
2018_02_DET_SF,2018,2,2018-09-16,SF,DET,6.0,48.5,0.685002350728726,0,0.4821078137292362,0.512039461323264,0.5,extratrees
2018_02_PHI_TB,2018,2,2018-09-16,TB,PHI,-3.0,46.5,0.42667230861454913,1,0.5056507262889711,0.5166123983003091,0.5,extratrees
2018_02_HOU_TEN,2018,2,2018-09-16,TEN,HOU,-3.5,41.0,0.37713161346742463,1,0.4091214708717315,0.49766111870903723,0.5,extratrees
2018_02_IND_WAS,2018,2,2018-09-16,WAS,IND,6.0,48.0,0.6881525568730624,0,0.5122617986157255,0.5178960559965865,0.5,extratrees
2018_02_SEA_CHI,2018,2,2018-09-17,CHI,SEA,5.0,42.5,0.6810745187212147,1,0.49949178303963493,0.515416686401937,0.5,extratrees
2018_03_NYJ_CLE,2018,3,2018-09-20,CLE,NYJ,3.0,41.0,0.6143408084559349,1,0.5034398227422517,0.5161831700026347,0.5,extratrees
2018_03_CHI_ARI,2018,3,2018-09-23,ARI,CHI,-6.0,39.0,0.3012460632616733,1,0.5513240585011656,0.5255074523183482,0.5,extratrees
2018_03_NO_ATL,2018,3,2018-09-23,ATL,NO,1.5,54.0,0.5419847328244275,0,0.4714451840267603,0.5099637962006779,0.5,extratrees
2018_03_DEN_BAL,2018,3,2018-09-23,BAL,DEN,5.5,46.0,0.6757296083811425,1,0.5329858619144748,0.5219258748075561,0.5,extratrees
2018_03_CIN_CAR,2018,3,2018-09-23,CAR,CIN,2.5,44.0,0.5722567873303167,1,0.5394267222553542,0.5231816093708389,0.5,extratrees
2018_03_NE_DET,2018,3,2018-09-23,DET,NE,-7.0,55.5,0.2644709928736141,1,0.5210672256414359,0.5196067883176833,0.5,extratrees
2018_03_NYG_HOU,2018,3,2018-09-23,HOU,NYG,6.5,44.0,0.7042102661283678,0,0.4863609838311593,0.5128663121047723,0.5,extratrees
2018_03_TEN_JAX,2018,3,2018-09-23,JAX,TEN,10.0,39.0,0.7864444029773383,0,0.4776365726932328,0.5111695988896743,0.5,extratrees
2018_03_SF_KC,2018,3,2018-09-23,KC,SF,6.0,53.0,0.6969696969696969,1,0.5130491022012944,0.518048956345368,0.5,extratrees
2018_03_LAC_LA,2018,3,2018-09-23,LA,LAC,7.5,49.0,0.7243378424462885,1,0.4945681333357615,0.5144606656179735,0.5,extratrees
2018_03_OAK_MIA,2018,3,2018-09-23,MIA,OAK,3.0,46.0,0.5660893345487694,1,0.49205389125165716,0.5139723689084272,0.5,extratrees
2018_03_BUF_MIN,2018,3,2018-09-23,MIN,BUF,16.5,41.0,0.8928806855636124,0,0.44760220980068527,0.5052999319198248,0.5,extratrees
2018_03_IND_PHI,2018,3,2018-09-23,PHI,IND,6.5,45.5,0.7153339117991809,0,0.47692521218957085,0.5110311394294653,0.5,extratrees
2018_03_DAL_SEA,2018,3,2018-09-23,SEA,DAL,1.0,40.0,0.5262215623771888,1,0.5062359774042972,0.5167260222898821,0.5,extratrees
2018_03_GB_WAS,2018,3,2018-09-23,WAS,GB,-2.5,46.5,0.43949878436506445,1,0.5127540277692768,0.517991649606671,0.5,extratrees
2018_03_PIT_TB,2018,3,2018-09-24,TB,PIT,1.0,55.0,0.5262215623771888,0,0.5112627808824572,0.517702051238855,0.5,extratrees
2018_04_MIN_LA,2018,4,2018-09-27,LA,MIN,7.5,48.5,0.7444178676800912,0,0.5161902531817232,0.5186590905635745,0.5,extratrees
2018_04_SEA_ARI,2018,4,2018-09-30,ARI,SEA,-3.5,40.0,0.35777298568908056,1,0.5108983701736014,0.5176312874148133,0.5,extratrees
2018_04_CIN_ATL,2018,4,2018-09-30,ATL,CIN,3.5,52.0,0.6261005910022917,0,0.5438454426364586,0.5240443911847331,0.5,extratrees
2018_04_TB_CHI,2018,4,2018-09-30,CHI,TB,3.0,46.0,0.5686556434219986,1,0.49243193625689924,0.5140457960020961,0.5,extratrees
2018_04_DET_DAL,2018,4,2018-09-30,DAL,DET,2.5,44.0,0.5697382574399427,0,0.5102482290087642,0.5175050422323595,0.5,extratrees
2018_04_BUF_GB,2018,4,2018-09-30,GB,BUF,8.5,44.0,0.7659847512644372,1,0.45027068931658676,0.5058239110210665,0.5,extratrees
2018_04_HOU_IND,2018,4,2018-09-30,IND,HOU,-1.0,48.0,0.478202846975089,0,0.4627158111786606,0.5082605178511084,0.5,extratrees
2018_04_NYJ_JAX,2018,4,2018-09-30,JAX,NYJ,7.5,40.5,0.7516485398646913,1,0.49207310789232256,0.5139761013831167,0.5,extratrees
2018_04_SF_LAC,2018,4,2018-09-30,LAC,SF,10.0,46.0,0.7913901005120425,0,0.47943152823353746,0.5115188848042921,0.5,extratrees
2018_04_MIA_NE,2018,4,2018-09-30,NE,MIA,6.5,50.5,0.7186611537119655,1,0.4644910089596479,0.5086072389948474,0.5,extratrees
2018_04_NO_NYG,2018,4,2018-09-30,NYG,NO,-3.5,51.5,0.3856591915440651,0,0.4879435827002206,0.5131738600178042,0.5,extratrees
2018_04_CLE_OAK,2018,4,2018-09-30,OAK,CLE,2.5,44.5,0.5605012156349355,1,0.4756412828425832,0.5107811841859334,0.5,extratrees
2018_04_BAL_PIT,2018,4,2018-09-30,PIT,BAL,3.0,51.0,0.6143408084559349,0,0.484874172797157,0.5125773215385455,0.5,extratrees
2018_04_PHI_TEN,2018,4,2018-09-30,TEN,PHI,-3.0,41.5,0.4207141879874127,1,0.4532077299192431,0.506399961681879,0.5,extratrees
2018_04_KC_DEN,2018,4,2018-10-01,DEN,KC,-3.5,53.5,0.37713161346742463,0,0.500347453670539,0.5155828127542422,0.5,extratrees
2018_05_IND_NE,2018,5,2018-10-04,NE,IND,10.5,49.5,0.8231164821006097,1,0.5550030413059017,0.5262286477175235,0.5,extratrees
2018_05_TEN_BUF,2018,5,2018-10-07,BUF,TEN,-6.0,38.0,0.2886826993788237,1,0.494759086868178,0.5144977475335525,0.5,extratrees
2018_05_NYG_CAR,2018,5,2018-10-07,CAR,NYG,7.0,43.5,0.7078088877472386,0,0.5412374482401264,0.5235350274335565,0.5,extratrees
2018_05_MIA_CIN,2018,5,2018-10-07,CIN,MIA,6.0,47.5,0.7013921016108003,1,0.4566638768978198,0.5070769896661717,0.5,extratrees
2018_05_BAL_CLE,2018,5,2018-10-07,CLE,BAL,-3.0,44.5,0.38421186945302976,1,0.5002123646747908,0.5155565857840441,0.5,extratrees
2018_05_GB_DET,2018,5,2018-10-07,DET,GB,1.0,50.0,0.5431472081218274,1,0.5043556201813513,0.5163609631647981,0.5,extratrees
2018_05_DAL_HOU,2018,5,2018-10-07,HOU,DAL,3.5,45.0,0.6186511705872493,0,0.4920152821677012,0.513964869794153,0.5,extratrees
2018_05_JAX_KC,2018,5,2018-10-07,KC,JAX,3.0,48.0,0.5768590455049944,1,0.5272326585344782,0.5208057981576537,0.5,extratrees
2018_05_OAK_LAC,2018,5,2018-10-07,LAC,OAK,5.5,52.0,0.6800775569558896,1,0.44001310503179564,0.5038063376692613,0.5,extratrees
2018_05_DEN_NYJ,2018,5,2018-10-07,NYJ,DEN,-1.0,42.0,0.497677011707861,1,0.505671599674072,0.5166164507544033,0.5,extratrees
2018_05_MIN_PHI,2018,5,2018-10-07,PHI,MIN,3.5,48.0,0.6274614156466205,0,0.44954036523614005,0.5056805639090574,0.5,extratrees
2018_05_ATL_PIT,2018,5,2018-10-07,PIT,ATL,3.5,57.0,0.6274614156466205,1,0.44797818733538386,0.505373794263535,0.5,extratrees
2018_05_LA_SEA,2018,5,2018-10-07,SEA,LA,-7.5,50.5,0.25896227886805406,1,0.5034599921143664,0.5161870856816358,0.5,extratrees
2018_05_ARI_SF,2018,5,2018-10-07,SF,ARI,3.0,40.5,0.6027760021915806,0,0.4309471105508109,0.5020146802971849,0.5,extratrees
2018_05_WAS_NO,2018,5,2018-10-08,NO,WAS,5.5,51.5,0.6969696969696969,1,0.511431567063119,0.5177348278644452,0.5,extratrees
2018_06_PHI_NYG,2018,6,2018-10-11,NYG,PHI,-1.5,45.5,0.4559761116939714,0,0.5149584697004315,0.518419809682249,0.5,extratrees
2018_06_TB_ATL,2018,6,2018-10-14,ATL,TB,3.0,57.5,0.5996661308272535,1,0.4333058362853572,0.5024816582341691,0.5,extratrees
2018_06_PIT_CIN,2018,6,2018-10-14,CIN,PIT,1.0,49.5,0.5185243789416578,0,0.47584487269062703,0.5108208234977558,0.5,extratrees
2018_06_LAC_CLE,2018,6,2018-10-14,CLE,LAC,1.0,47.0,0.5,0,0.5005755390365318,0.5156270944148339,0.5,extratrees
2018_06_JAX_DAL,2018,6,2018-10-14,DAL,JAX,-3.0,39.5,0.3813488294127508,1,0.5336333245407789,0.5220520154605617,0.5,extratrees
2018_06_LA_DEN,2018,6,2018-10-14,DEN,LA,-7.0,50.0,0.2680965147453084,1,0.5197335556693585,0.5193475721928322,0.5,extratrees
2018_06_BUF_HOU,2018,6,2018-10-14,HOU,BUF,10.5,40.5,0.7949510012782275,0,0.4497130697396107,0.5057144660528327,0.5,extratrees
2018_06_CHI_MIA,2018,6,2018-10-14,MIA,CHI,-7.5,40.5,0.2758414232562118,1,0.4500298702567733,0.5057766481362068,0.5,extratrees
2018_06_KC_NE,2018,6,2018-10-14,NE,KC,4.0,59.5,0.6397067958752639,0,0.5601127875331606,0.5272321148065426,0.5,extratrees
2018_06_IND_NYJ,2018,6,2018-10-14,NYJ,IND,2.5,47.5,0.5775497887748944,1,0.5098583439585423,0.517429336074408,0.5,extratrees
2018_06_SEA_OAK,2018,6,2018-10-14,OAK,SEA,-3.0,47.5,0.4116032928263426,0,0.4565745782324548,0.5070595077492549,0.5,extratrees
2018_06_BAL_TEN,2018,6,2018-10-14,TEN,BAL,-2.5,43.5,0.4357578877693609,0,0.5004045905013292,0.5155939056107133,0.5,extratrees
2018_06_CAR_WAS,2018,6,2018-10-14,WAS,CAR,-1.0,44.5,0.478202846975089,1,0.4896239275881762,0.513500340813791,0.5,extratrees
2018_06_SF_GB,2018,6,2018-10-15,GB,SF,9.0,46.5,0.7882908557935022,0,0.5251589021428242,0.520402372705488,0.5,extratrees
2018_07_DEN_ARI,2018,7,2018-10-18,ARI,DEN,-1.0,42.5,0.489612188365651,0,0.5351739766565311,0.5223522482511611,0.5,extratrees
2018_07_NO_BAL,2018,7,2018-10-21,BAL,NO,2.5,49.0,0.5740354444580784,0,0.47168488945006215,0.5100105116749676,0.5,extratrees
2018_07_NE_CHI,2018,7,2018-10-21,CHI,NE,-1.0,49.0,0.4519505233111322,0,0.5121547309032259,0.5178752633019498,0.5,extratrees
2018_07_BUF_IND,2018,7,2018-10-21,IND,BUF,7.0,43.5,0.7274505180520687,1,0.4779842222000127,0.5112372584328805,0.5,extratrees
2018_07_HOU_JAX,2018,7,2018-10-21,JAX,HOU,4.0,43.0,0.6611281154350678,0,0.46778339236750144,0.5092498073922683,0.5,extratrees
2018_07_CIN_KC,2018,7,2018-10-21,KC,CIN,6.5,56.0,0.7129371711544413,1,0.5246082124335957,0.5202952668041348,0.5,extratrees
2018_07_TEN_LAC,2018,7,2018-10-21,LAC,TEN,6.5,46.0,0.7171050163208644,0,0.5355240215709054,0.5224204786329638,0.5,extratrees
2018_07_DET_MIA,2018,7,2018-10-21,MIA,DET,-3.0,47.0,0.37665039500700276,0,0.43270913915676845,0.5023635825639704,0.5,extratrees
2018_07_MIN_NYJ,2018,7,2018-10-21,NYJ,MIN,-3.5,45.0,0.3794411866160745,0,0.4881461092552088,0.5132132129573862,0.5,extratrees
2018_07_CAR_PHI,2018,7,2018-10-21,PHI,CAR,5.0,45.0,0.6767540554475866,0,0.5289795324160181,0.5211457526433657,0.5,extratrees
2018_07_LA_SF,2018,7,2018-10-21,SF,LA,-8.0,52.0,0.22290965335274313,0,0.48661659149970843,0.5129159886839354,0.5,extratrees
2018_07_CLE_TB,2018,7,2018-10-21,TB,CLE,3.5,52.5,0.6288125965945868,0,0.46050859756115253,0.507829148309966,0.5,extratrees
2018_07_DAL_WAS,2018,7,2018-10-21,WAS,DAL,-1.5,40.5,0.4559761116939714,1,0.4944047041139922,0.5144289283714012,0.5,extratrees
2018_07_NYG_ATL,2018,7,2018-10-22,ATL,NYG,4.5,52.0,0.6600024206947392,0,0.4855937007675691,0.5127171830011624,0.5,extratrees
2018_08_MIA_HOU,2018,8,2018-10-25,HOU,MIA,7.5,45.0,0.752849022990131,1,0.5262791495294663,0.5206202854296668,0.5,extratrees
2018_08_SF_ARI,2018,8,2018-10-28,ARI,SF,-2.5,40.0,0.43391066545123064,1,0.45759391443163827,0.5072590290167523,0.5,extratrees
2018_08_BAL_CAR,2018,8,2018-10-28,CAR,BAL,-2.5,44.0,0.4259645555419216,1,0.5151695429211699,0.5184608098603739,0.5,extratrees
2018_08_NYJ_CHI,2018,8,2018-10-28,CHI,NYJ,8.5,42.5,0.7590361445783131,1,0.49238172512202577,0.5140360437049082,0.5,extratrees
2018_08_TB_CIN,2018,8,2018-10-28,CIN,TB,3.5,55.0,0.6422270143109194,0,0.434011990891945,0.5026213438088433,0.5,extratrees
2018_08_SEA_DET,2018,8,2018-10-28,DET,SEA,3.0,47.5,0.6033428208078484,0,0.4712218378866864,0.5099202664723299,0.5,extratrees
2018_08_PHI_JAX,2018,8,2018-10-28,JAX,PHI,-4.0,44.5,0.341130604288499,0,0.4724776712137521,0.5101649952907275,0.5,extratrees
2018_08_DEN_KC,2018,8,2018-10-28,KC,DEN,8.5,53.0,0.7766031805494009,0,0.5136767698336824,0.5181708607292662,0.5,extratrees
2018_08_GB_LA,2018,8,2018-10-28,LA,GB,7.5,57.0,0.75416247625433,0,0.4996070067777883,0.5154390570193667,0.5,extratrees
2018_08_NO_MIN,2018,8,2018-10-28,MIN,NO,-2.5,53.5,0.4479937670432412,0,0.5498949281591997,0.5252275705817977,0.5,extratrees
2018_08_WAS_NYG,2018,8,2018-10-28,NYG,WAS,-1.0,43.0,0.4930284439486894,0,0.48130263474894797,0.5118828673416932,0.5,extratrees
2018_08_IND_OAK,2018,8,2018-10-28,OAK,IND,-3.5,51.0,0.36851357510254573,0,0.4775821528995101,0.5111590072928817,0.5,extratrees
2018_08_CLE_PIT,2018,8,2018-10-28,PIT,CLE,8.5,47.5,0.7719291548973205,1,0.5023175507029816,0.5159652922119863,0.5,extratrees
2018_08_NE_BUF,2018,8,2018-10-29,BUF,NE,-13.5,44.0,0.1151399805559675,0,0.4893601816863209,0.5134491005461396,0.5,extratrees
2018_09_OAK_SF,2018,9,2018-11-01,SF,OAK,-1.5,44.0,0.47377843762281124,1,0.4916239481227107,0.5138888588401712,0.5,extratrees
2018_09_PIT_BAL,2018,9,2018-11-04,BAL,PIT,1.5,47.0,0.5500363507751557,0,0.4718442791986399,0.5100415731605457,0.5,extratrees
2018_09_CHI_BUF,2018,9,2018-11-04,BUF,CHI,-10.5,38.0,0.21891418563922943,0,0.5083490044370907,0.5171362728020601,0.5,extratrees
2018_09_TB_CAR,2018,9,2018-11-04,CAR,TB,6.0,55.5,0.7234124879978217,1,0.45973427872693123,0.5076777446908294,0.5,extratrees
2018_09_KC_CLE,2018,9,2018-11-04,CLE,KC,-7.5,51.0,0.2270577105014191,0,0.4803807065566723,0.5117035414657332,0.5,extratrees
2018_09_HOU_DEN,2018,9,2018-11-04,DEN,HOU,1.0,46.5,0.5305667495498585,0,0.5052665676700567,0.5165378162742494,0.5,extratrees
2018_09_NYJ_MIA,2018,9,2018-11-04,MIA,NYJ,3.0,43.5,0.5933014354066986,1,0.41892422694272424,0.4996242297780353,0.5,extratrees
2018_09_DET_MIN,2018,9,2018-11-04,MIN,DET,4.5,47.0,0.6691291228800332,1,0.4645007523185107,0.5086091414946178,0.5,extratrees
2018_09_GB_NE,2018,9,2018-11-04,NE,GB,5.0,56.0,0.6723085403948631,1,0.549975684093158,0.5252433819533052,0.5,extratrees
2018_09_LA_NO,2018,9,2018-11-04,NO,LA,-2.5,57.5,0.4433028919330289,1,0.5345382137602526,0.5222283411185138,0.5,extratrees
2018_09_LAC_SEA,2018,9,2018-11-04,SEA,LAC,1.0,48.5,0.497677011707861,0,0.47796954938466285,0.5112344029023814,0.5,extratrees
2018_09_ATL_WAS,2018,9,2018-11-04,WAS,ATL,1.5,46.5,0.5480494766888677,0,0.4442247328368294,0.5046358642078209,0.5,extratrees
2018_09_TEN_DAL,2018,9,2018-11-05,DAL,TEN,4.5,40.0,0.6780652506772408,0,0.5118213685341239,0.5178105248611835,0.5,extratrees
2018_10_CAR_PIT,2018,10,2018-11-08,PIT,CAR,3.5,51.0,0.6384336294257477,1,0.5331828274954022,0.5219642462317262,0.5,extratrees
2018_10_DET_CHI,2018,10,2018-11-11,CHI,DET,7.5,44.5,0.7437774524158125,1,0.4896919133441033,0.5135135487836542,0.5,extratrees
2018_10_NO_CIN,2018,10,2018-11-11,CIN,NO,-5.5,53.0,0.3003616251861306,0,0.46746870625303616,0.5091884165244146,0.5,extratrees
2018_10_ATL_CLE,2018,10,2018-11-11,CLE,ATL,-5.5,49.5,0.3128007699711261,1,0.4608511358427597,0.5078961128980058,0.5,extratrees
2018_10_MIA_GB,2018,10,2018-11-11,GB,MIA,13.0,48.5,0.8336954806443391,1,0.4981103312381123,0.515148472110991,0.5,extratrees
2018_10_ARI_KC,2018,10,2018-11-11,KC,ARI,16.5,49.5,0.896544808509511,0,0.5080798564229227,0.5170840152706557,0.5,extratrees
2018_10_SEA_LA,2018,10,2018-11-11,LA,SEA,10.0,51.0,0.7882908557935022,0,0.4750934854067449,0.5106745184975267,0.5,extratrees
2018_10_BUF_NYJ,2018,10,2018-11-11,NYJ,BUF,6.5,38.0,0.7086409898223908,0,0.4463053682136322,0.505045069386859,0.5,extratrees
2018_10_LAC_OAK,2018,10,2018-11-11,OAK,LAC,-10.5,50.0,0.19880432381590293,0,0.466682066130563,0.5090349306138382,0.5,extratrees
2018_10_DAL_PHI,2018,10,2018-11-11,PHI,DAL,7.5,45.5,0.7618424496205181,0,0.5043804568487066,0.5163657849782601,0.5,extratrees
2018_10_WAS_TB,2018,10,2018-11-11,TB,WAS,3.5,51.0,0.6314864248974542,0,0.42449154253082805,0.5007333561195184,0.5,extratrees
2018_10_NE_TEN,2018,10,2018-11-11,TEN,NE,-6.0,47.0,0.30783548698858143,1,0.49954223663782177,0.5154264819455484,0.5,extratrees
2018_10_NYG_SF,2018,10,2018-11-12,SF,NYG,3.0,45.0,0.6261005910022917,0,0.48963530149343243,0.5135025504919414,0.5,extratrees
2018_11_OAK_ARI,2018,11,2018-11-18,ARI,OAK,4.5,41.0,0.6622465491588744,0,0.41147705209666885,0.4981341046692111,0.5,extratrees
2018_11_DAL_ATL,2018,11,2018-11-18,ATL,DAL,3.5,50.0,0.635427289414644,0,0.4702290596989012,0.5097267466991504,0.5,extratrees
2018_11_CIN_BAL,2018,11,2018-11-18,BAL,CIN,6.5,44.0,0.7050630837293135,0,0.4269387338521819,0.5012196626261762,0.5,extratrees
2018_11_MIN_CHI,2018,11,2018-11-18,CHI,MIN,2.5,44.0,0.5642421122306391,1,0.4933472375067791,0.5142235642268185,0.5,extratrees
2018_11_CAR_DET,2018,11,2018-11-18,DET,CAR,-4.0,48.0,0.35777298568908056,1,0.5332556320562132,0.5219784299388492,0.5,extratrees
2018_11_TEN_IND,2018,11,2018-11-18,IND,TEN,2.0,50.0,0.5500363507751557,1,0.4985649420457414,0.5152367379730978,0.5,extratrees
2018_11_DEN_LAC,2018,11,2018-11-18,LAC,DEN,7.5,47.0,0.7484638116234346,0,0.4420729642056156,0.5042122574748115,0.5,extratrees
2018_11_PHI_NO,2018,11,2018-11-18,NO,PHI,7.0,56.5,0.7496951042453104,1,0.4990371059472806,0.5153284103988628,0.5,extratrees
2018_11_HOU_WAS,2018,11,2018-11-18,WAS,HOU,-3.0,40.5,0.39975399753997537,1,0.4691810586317169,0.5095224094451205,0.5,extratrees
2018_12_WAS_DAL,2018,12,2018-11-22,DAL,WAS,7.0,40.0,0.7423428878604573,1,0.4809554549413916,0.5118153401153992,0.5,extratrees
2018_12_CHI_DET,2018,12,2018-11-22,DET,CHI,-3.0,43.0,0.39722399780841927,0,0.48771146518704217,0.5131287561108738,0.5,extratrees
2018_12_ATL_NO,2018,12,2018-11-22,NO,ATL,11.5,61.0,0.8185117967332123,1,0.47930972353195167,0.5114951861750223,0.5,extratrees
2018_12_OAK_BAL,2018,12,2018-11-25,BAL,OAK,13.0,42.0,0.8449882810356586,1,0.46648425832950463,0.5089963298625573,0.5,extratrees
2018_12_JAX_BUF,2018,12,2018-11-25,BUF,JAX,-3.0,36.5,0.4066985645933015,1,0.4271488726277921,0.5012613878839793,0.5,extratrees
2018_12_SEA_CAR,2018,12,2018-11-25,CAR,SEA,3.0,46.5,0.6033428208078484,0,0.4808946673456248,0.5118035163854809,0.5,extratrees
2018_12_CLE_CIN,2018,12,2018-11-25,CIN,CLE,-1.0,46.5,0.4827086071703758,0,0.4510819019116072,0.5059830844313175,0.5,extratrees
2018_12_PIT_DEN,2018,12,2018-11-25,DEN,PIT,-3.0,47.5,0.39360687022900764,1,0.5179792723724618,0.5190066711937024,0.5,extratrees
2018_12_MIA_IND,2018,12,2018-11-25,IND,MIA,9.0,52.5,0.7786282119074719,0,0.46376888647409104,0.5084662209819972,0.5,extratrees
2018_12_ARI_LAC,2018,12,2018-11-25,LAC,ARI,14.0,43.5,0.864132798951343,1,0.4630636473187463,0.5083284700523184,0.5,extratrees
2018_12_GB_MIN,2018,12,2018-11-25,MIN,GB,4.0,48.5,0.6562218214607755,1,0.47402104369624715,0.510465658604536,0.5,extratrees
2018_12_NE_NYJ,2018,12,2018-11-25,NYJ,NE,-13.0,46.5,0.16630451935566104,0,0.44935790917820284,0.5056447448701077,0.5,extratrees
2018_12_NYG_PHI,2018,12,2018-11-25,PHI,NYG,4.5,49.0,0.6658888417479847,0,0.48709250856183545,0.5130084774437609,0.5,extratrees
2018_12_SF_TB,2018,12,2018-11-25,TB,SF,1.5,54.5,0.5460453954604539,1,0.42841970770344584,0.5015136144533542,0.5,extratrees
2018_12_TEN_HOU,2018,12,2018-11-26,HOU,TEN,3.5,42.5,0.6397067958752639,1,0.48224178564833625,0.5120655146396345,0.5,extratrees
2018_13_NO_DAL,2018,13,2018-11-29,DAL,NO,-7.0,51.5,0.2602804474554908,1,0.5639365500259435,0.5279845191459499,0.5,extratrees
2018_13_BAL_ATL,2018,13,2018-12-02,ATL,BAL,2.5,46.5,0.5810079557598683,0,0.49937903224684316,0.5153947958353836,0.5,extratrees
2018_13_DEN_CIN,2018,13,2018-12-02,CIN,DEN,-3.5,45.0,0.3752699784017279,0,0.4240499965329891,0.5006455341628621,0.5,extratrees
2018_13_LA_DET,2018,13,2018-12-02,DET,LA,-10.5,54.0,0.20128087831655989,0,0.48603558773512806,0.5128030699781753,0.5,extratrees
2018_13_ARI_GB,2018,13,2018-12-02,GB,ARI,13.5,41.0,0.8507091764333,0,0.45420872855003314,0.5065961387769081,0.5,extratrees
2018_13_CLE_HOU,2018,13,2018-12-02,HOU,CLE,5.0,47.5,0.6940056953853229,1,0.49009977180916003,0.513592783774659,0.5,extratrees
2018_13_IND_JAX,2018,13,2018-12-02,JAX,IND,-4.0,45.5,0.3500310228164034,1,0.48041505053949635,0.5117102222870662,0.5,extratrees
2018_13_BUF_MIA,2018,13,2018-12-02,MIA,BUF,3.5,40.0,0.6274614156466205,1,0.44082747144399137,0.5039668667712842,0.5,extratrees
2018_13_MIN_NE,2018,13,2018-12-02,NE,MIN,6.0,50.0,0.6921645130114186,1,0.49918135725295315,0.515356417061625,0.5,extratrees
2018_13_CHI_NYG,2018,13,2018-12-02,NYG,CHI,-3.5,44.0,0.36674816625916873,1,0.5253276747382608,0.5204351999757474,0.5,extratrees
2018_13_KC_OAK,2018,13,2018-12-02,OAK,KC,-14.0,53.5,0.14020267272436865,1,0.44120087002264546,0.50404045033796,0.5,extratrees
2018_13_LAC_PIT,2018,13,2018-12-02,PIT,LAC,3.5,53.5,0.6332518337408314,0,0.5274566426858859,0.5208493807736813,0.5,extratrees
2018_13_SF_SEA,2018,13,2018-12-02,SEA,SF,10.0,45.5,0.809825673534073,1,0.4800296686877999,0.5116352529117074,0.5,extratrees
2018_13_CAR_TB,2018,13,2018-12-02,TB,CAR,-3.5,52.0,0.36674816625916873,1,0.4871373979606907,0.5130172008755757,0.5,extratrees
2018_13_NYJ_TEN,2018,13,2018-12-02,TEN,NYJ,10.5,40.5,0.7923104001251613,0,0.43172138271192423,0.5021680376012645,0.5,extratrees
2018_13_WAS_PHI,2018,13,2018-12-03,PHI,WAS,5.5,45.0,0.6881525568730624,1,0.46551728066203757,0.5088075998491295,0.5,extratrees
2018_14_JAX_TEN,2018,14,2018-12-06,TEN,JAX,5.5,36.5,0.6958254667505769,1,0.49958622573828104,0.5154350223986499,0.5,extratrees
2018_14_DET_ARI,2018,14,2018-12-09,ARI,DET,-2.5,40.0,0.4320786780923455,0,0.49936401224055155,0.5153918796958068,0.5,extratrees
2018_14_NYJ_BUF,2018,14,2018-12-09,BUF,NYJ,4.5,37.0,0.6622465491588744,0,0.47857414981249086,0.511352059732473,0.5,extratrees
2018_14_LA_CHI,2018,14,2018-12-09,CHI,LA,-3.0,50.5,0.4320786780923455,1,0.5178299962025595,0.5189776663841135,0.5,extratrees
2018_14_CAR_CLE,2018,14,2018-12-09,CLE,CAR,-1.0,48.0,0.47377843762281124,1,0.46791572071846693,0.5092756212268977,0.5,extratrees
2018_14_PHI_DAL,2018,14,2018-12-09,DAL,PHI,3.5,46.0,0.6332518337408314,1,0.48248764684119316,0.5121133254342173,0.5,extratrees
2018_14_ATL_GB,2018,14,2018-12-09,GB,ATL,4.0,51.0,0.6332518337408314,1,0.48944930999726716,0.5134664164566831,0.5,extratrees
2018_14_IND_HOU,2018,14,2018-12-09,HOU,IND,4.0,49.5,0.6463391320971134,0,0.45502914378817577,0.5067568692192485,0.5,extratrees
2018_14_BAL_KC,2018,14,2018-12-09,KC,BAL,6.5,49.0,0.7119235543480806,0,0.4985049599437445,0.5152250921130873,0.5,extratrees
2018_14_CIN_LAC,2018,14,2018-12-09,LAC,CIN,17.0,48.5,0.8978516559479396,0,0.46096910735367463,0.5079191740194321,0.5,extratrees
2018_14_NE_MIA,2018,14,2018-12-09,MIA,NE,-8.5,49.5,0.23294907543659243,1,0.5073963475198451,0.5169513081498059,0.5,extratrees
2018_14_PIT_OAK,2018,14,2018-12-09,OAK,PIT,-10.5,51.0,0.2016780791724219,1,0.4718516190362595,0.5100430035013463,0.5,extratrees
2018_14_DEN_SF,2018,14,2018-12-09,SF,DEN,-3.0,45.5,0.39360687022900764,1,0.48471522932060385,0.5125464243007947,0.5,extratrees
2018_14_NO_TB,2018,14,2018-12-09,TB,NO,-8.5,55.0,0.2270577105014191,0,0.5345900783406664,0.5222384485538489,0.5,extratrees
2018_14_NYG_WAS,2018,14,2018-12-09,WAS,NYG,-3.0,40.5,0.38911639972601536,0,0.44877119216801653,0.5055295443735763,0.5,extratrees
2018_14_MIN_SEA,2018,14,2018-12-10,SEA,MIN,3.0,45.5,0.6129732508818783,1,0.5079357055849093,0.5170560272984009,0.5,extratrees
2018_15_LAC_KC,2018,15,2018-12-13,KC,LAC,3.5,54.0,0.6438780948689375,0,0.5022526221175984,0.51595268695569,0.5,extratrees
2018_15_CLE_DEN,2018,15,2018-12-15,DEN,CLE,1.0,47.0,0.5480494766888677,0,0.5201267257430164,0.5194239851569402,0.5,extratrees
2018_15_ARI_ATL,2018,15,2018-12-16,ATL,ARI,10.0,43.5,0.7739466476569241,1,0.45380124050930004,0.5065162877955085,0.5,extratrees
2018_15_TB_BAL,2018,15,2018-12-16,BAL,TB,8.5,44.5,0.7719291548973205,0,0.505683293599069,0.5166187210670078,0.5,extratrees
2018_15_DET_BUF,2018,15,2018-12-16,BUF,DET,2.5,40.0,0.5792858120125872,0,0.47812458557686544,0.511264574655253,0.5,extratrees
2018_15_GB_CHI,2018,15,2018-12-16,CHI,GB,6.0,46.5,0.6958254667505769,1,0.47450421379010277,0.5105597629411592,0.5,extratrees
2018_15_OAK_CIN,2018,15,2018-12-16,CIN,OAK,3.0,46.0,0.5933014354066986,1,0.4640676179249335,0.5085245617887225,0.5,extratrees
2018_15_DAL_IND,2018,15,2018-12-16,IND,DAL,3.0,47.0,0.6172248803827751,1,0.4785318316245687,0.5113438249444127,0.5,extratrees
2018_15_WAS_JAX,2018,15,2018-12-16,JAX,WAS,7.5,36.0,0.7534450148608485,0,0.4637659438556744,0.5084656462765224,0.5,extratrees
2018_15_PHI_LA,2018,15,2018-12-16,LA,PHI,13.5,52.5,0.8598130841121495,0,0.4769178730888224,0.5110297108414457,0.5,extratrees
2018_15_MIA_MIN,2018,15,2018-12-16,MIN,MIA,7.5,45.0,0.7623960482711186,1,0.48699781068785575,0.512990074488955,0.5,extratrees
2018_15_TEN_NYG,2018,15,2018-12-16,NYG,TEN,-2.5,42.0,0.46097238299983456,0,0.4799969007768472,0.5116288782450442,0.5,extratrees
2018_15_NE_PIT,2018,15,2018-12-16,PIT,NE,-2.5,55.0,0.4499636492248442,1,0.5097063753073144,0.5173998278914864,0.5,extratrees
2018_15_SEA_SF,2018,15,2018-12-16,SF,SEA,-3.5,44.0,0.3414829480990412,1,0.48773460528100554,0.5131332526329738,0.5,extratrees
2018_15_NO_CAR,2018,15,2018-12-17,CAR,NO,-6.0,50.5,0.30417453324942306,1,0.49091358811605396,0.5137508749286704,0.5,extratrees
2018_16_BAL_LAC,2018,16,2018-12-22,LAC,BAL,4.0,42.5,0.6487671491207393,0,0.5334068053890133,0.522007882135662,0.5,extratrees
2018_16_WAS_TEN,2018,16,2018-12-22,TEN,WAS,12.5,38.0,0.8327427085152865,0,0.49759914627925333,0.5150492201221734,0.5,extratrees
2018_16_LA_ARI,2018,16,2018-12-23,ARI,LA,-14.5,43.0,0.15700453882184118,0,0.555971000133523,0.5264185729147484,0.5,extratrees
2018_16_ATL_CAR,2018,16,2018-12-23,CAR,ATL,-2.5,46.5,0.41899204424013164,0,0.4555182209728242,0.5068526625843414,0.5,extratrees
2018_16_CIN_CLE,2018,16,2018-12-23,CLE,CIN,10.0,44.0,0.7750359478640011,0,0.47208969290802144,0.5100893964491694,0.5,extratrees
2018_16_MIN_DET,2018,16,2018-12-23,DET,MIN,-6.5,41.5,0.2905315298152029,0,0.5117341469838449,0.5177935868157485,0.5,extratrees
2018_16_NYG_IND,2018,16,2018-12-23,IND,NYG,10.0,48.5,0.7810858143607706,0,0.4736361282164973,0.5103906834655947,0.5,extratrees
2018_16_JAX_MIA,2018,16,2018-12-23,MIA,JAX,3.0,39.5,0.5910582378327702,0,0.45532764634472833,0.5068153376506802,0.5,extratrees
2018_16_BUF_NE,2018,16,2018-12-23,NE,BUF,14.0,46.0,0.8534482758620688,0,0.4965737980093624,0.5148501311476009,0.5,extratrees
2018_16_PIT_NO,2018,16,2018-12-23,NO,PIT,6.5,53.0,0.7113173006211763,0,0.5115833146924584,0.517764296071646,0.5,extratrees
2018_16_GB_NYJ,2018,16,2018-12-23,NYJ,GB,-3.0,47.5,0.42845967856634903,0,0.44921217995074303,0.5056161339318305,0.5,extratrees
2018_16_HOU_PHI,2018,16,2018-12-23,PHI,HOU,1.0,47.0,0.537852568752202,1,0.48841613727375843,0.5132656806789663,0.5,extratrees
2018_16_KC_SEA,2018,16,2018-12-23,SEA,KC,-1.0,54.0,0.47499179161650434,1,0.5234114313457959,0.5200625332997476,0.5,extratrees
2018_16_CHI_SF,2018,16,2018-12-23,SF,CHI,-3.5,44.0,0.360293204124736,0,0.4673750729643001,0.5091701489508658,0.5,extratrees
2018_16_DEN_OAK,2018,16,2018-12-24,OAK,DEN,-2.5,42.5,0.4479937670432412,1,0.4733519203642086,0.5103353202864069,0.5,extratrees
2018_17_CLE_BAL,2018,17,2018-12-30,BAL,CLE,7.0,41.0,0.7464578672632363,0,0.4770078590935485,0.5110472268641454,0.5,extratrees
2018_17_MIA_BUF,2018,17,2018-12-30,BUF,MIA,5.5,39.5,0.6969696969696969,1,0.4898643948954809,0.5135470573152703,0.5,extratrees
2018_17_LAC_DEN,2018,17,2018-12-30,DEN,LAC,-7.0,43.5,0.28787053606161983,0,0.48459761304709725,0.512523560265689,0.5,extratrees
2018_17_DET_GB,2018,17,2018-12-30,GB,DET,7.5,44.5,0.7458277383464417,0,0.45072904951920967,0.5059138553876797,0.5,extratrees
2018_17_JAX_HOU,2018,17,2018-12-30,HOU,JAX,7.0,39.5,0.7389050529177836,1,0.471508953253267,0.5099762242615331,0.5,extratrees
2018_17_OAK_KC,2018,17,2018-12-30,KC,OAK,14.5,54.0,0.859009216444509,1,0.49163695014133146,0.513891384335273,0.5,extratrees
2018_17_SF_LA,2018,17,2018-12-30,LA,SF,10.5,50.5,0.7987191216834401,1,0.5073586466970423,0.5169439884127638,0.5,extratrees
2018_17_CHI_MIN,2018,17,2018-12-30,MIN,CHI,6.0,39.5,0.6800775569558896,0,0.4806196626700823,0.5117500239769084,0.5,extratrees
2018_17_NYJ_NE,2018,17,2018-12-30,NE,NYJ,14.0,47.0,0.865276609290798,1,0.4934068627937787,0.514235144109133,0.5,extratrees
2018_17_CAR_NO,2018,17,2018-12-30,NO,CAR,8.0,42.0,0.7403802739176241,0,0.48932652504032603,0.5134425616669073,0.5,extratrees
2018_17_DAL_NYG,2018,17,2018-12-30,NYG,DAL,7.5,38.5,0.7529750155095595,0,0.500637101393007,0.5156390464110533,0.5,extratrees
2018_17_CIN_PIT,2018,17,2018-12-30,PIT,CIN,14.0,45.5,0.841953552360051,0,0.49416120015994724,0.5143816403102905,0.5,extratrees
2018_17_ARI_SEA,2018,17,2018-12-30,SEA,ARI,15.5,39.5,0.8624016141693505,0,0.4385973446563289,0.5035271069710106,0.5,extratrees
2018_17_ATL_TB,2018,17,2018-12-30,TB,ATL,-2.5,52.0,0.42667230861454913,1,0.4809129791325055,0.5118070782044192,0.5,extratrees
2018_17_IND_TEN,2018,17,2018-12-30,TEN,IND,-5.0,42.5,0.3366422097539922,0,0.4901287138336219,0.5135984062405043,0.5,extratrees
2018_17_PHI_WAS,2018,17,2018-12-30,WAS,PHI,-6.0,43.0,0.3069121964238057,0,0.46539347320321967,0.508783431903963,0.5,extratrees
2018_18_SEA_DAL,2018,18,2019-01-05,DAL,SEA,2.5,43.0,0.5844112492697988,0,0.525266103725303,0.5204232239391746,0.5,extratrees
2018_18_IND_HOU,2018,18,2019-01-05,HOU,IND,2.0,48.5,0.5399277029247453,0,0.4981710285719524,0.5151602570087913,0.5,extratrees
2018_18_LAC_BAL,2018,18,2019-01-06,BAL,LAC,3.0,43.0,0.5933014354066986,0,0.5191804042688569,0.5192400732005235,0.5,extratrees
2018_18_PHI_CHI,2018,18,2019-01-06,CHI,PHI,6.5,42.5,0.7086409898223908,0,0.4963860201212044,0.5148136697766834,0.5,extratrees
2018_19_IND_KC,2018,19,2019-01-12,KC,IND,4.0,54.5,0.6538962374066205,1,0.48176799320163444,0.511973374394033,0.5,extratrees
2018_19_DAL_LA,2018,19,2019-01-12,LA,DAL,7.5,48.0,0.7534450148608485,1,0.5269055899492138,0.5207421607316701,0.5,extratrees
2018_19_LAC_NE,2018,19,2019-01-13,NE,LAC,4.0,47.5,0.6384336294257477,1,0.48948529389262124,0.5134734073868732,0.5,extratrees
2018_19_PHI_NO,2018,19,2019-01-13,NO,PHI,8.5,52.0,0.7697759087280727,0,0.4972299203974564,0.5149775296628244,0.5,extratrees
2018_20_NE_KC,2018,20,2019-01-20,KC,NE,3.0,56.5,0.6186511705872493,0,0.5167573456680132,0.518769261274685,0.5,extratrees
2018_20_LA_NO,2018,20,2019-01-20,NO,LA,3.0,55.0,0.5965083053348824,0,0.5321094137633998,0.5217551524416825,0.5,extratrees
2018_21_NE_LA,2018,21,2019-02-03,LA,NE,-2.0,55.5,0.46214743124779806,0,0.4397242832645268,0.5037493892620034,0.5,extratrees
2019_01_GB_CHI,2019,1,2019-09-05,CHI,GB,3.5,47.0,0.6247300215982722,0,0.5095492180523368,0.49193416981743765,0.5,extratrees
2019_01_DET_ARI,2019,1,2019-09-08,ARI,DET,-2.5,45.5,0.41899204424013164,1,0.5567938361980771,0.5360744289857622,0.5,extratrees
2019_01_LA_CAR,2019,1,2019-09-08,CAR,LA,-1.5,49.5,0.4630595302657377,0,0.4426014609812709,0.4298461399836763,0.5,extratrees
2019_01_TEN_CLE,2019,1,2019-09-08,CLE,TEN,5.5,44.0,0.6807893209518282,0,0.4822760885521686,0.4665892696262557,0.5,extratrees
2019_01_NYG_DAL,2019,1,2019-09-08,DAL,NYG,7.0,44.0,0.7368896226171744,1,0.5048043344712848,0.48751854153618973,0.5,extratrees
2019_01_KC_JAX,2019,1,2019-09-08,JAX,KC,-3.5,49.0,0.37118740340541323,0,0.46910795193256316,0.45437986459131396,0.5,extratrees
2019_01_BAL_MIA,2019,1,2019-09-08,MIA,BAL,-7.0,41.0,0.2689661697325205,0,0.44242959815003235,0.4296872244227448,0.5,extratrees
2019_01_ATL_MIN,2019,1,2019-09-08,MIN,ATL,3.5,47.0,0.6228683865325755,1,0.518293499407031,0.50007924596618,0.5,extratrees
2019_01_PIT_NE,2019,1,2019-09-08,NE,PIT,5.5,49.0,0.6780652506772408,1,0.5102674179789355,0.4926027792706863,0.5,extratrees
2019_01_BUF_NYJ,2019,1,2019-09-08,NYJ,BUF,2.5,41.0,0.5844112492697988,0,0.4614528146304054,0.44728908504871345,0.5,extratrees
2019_01_WAS_PHI,2019,1,2019-09-08,PHI,WAS,10.5,44.0,0.8027917403716482,0,0.42965332901028314,0.4178779834037524,0.5,extratrees
2019_01_CIN_SEA,2019,1,2019-09-08,SEA,CIN,9.5,44.0,0.7801440983259166,0,0.5016667695052413,0.4846002156616065,0.5,extratrees
2019_01_SF_TB,2019,1,2019-09-08,TB,SF,1.0,51.0,0.5069715560513107,0,0.4887939215204061,0.4726387927491002,0.5,extratrees
2019_01_HOU_NO,2019,1,2019-09-09,NO,HOU,6.5,52.0,0.7382366085679627,0,0.5319705280285005,0.5128401703070009,0.5,extratrees
2019_01_DEN_OAK,2019,1,2019-09-09,OAK,DEN,-3.0,42.5,0.4155887507302011,1,0.5032702229414486,0.4860914785099665,0.5,extratrees
2019_02_TB_CAR,2019,2,2019-09-12,CAR,TB,6.5,48.0,0.7141340612678193,0,0.5155631103961938,0.4975348732603428,0.5,extratrees
2019_02_PHI_ATL,2019,2,2019-09-15,ATL,PHI,-1.0,53.0,0.5,1,0.5111833774346995,0.49345558900000863,0.5,extratrees
2019_02_ARI_BAL,2019,2,2019-09-15,BAL,ARI,13.0,46.0,0.8419894866207438,0,0.4835899035211437,0.4678083374459486,0.5,extratrees
2019_02_SF_CIN,2019,2,2019-09-15,CIN,SF,1.0,46.0,0.5046466242274987,0,0.5324243251472188,0.5132640384222978,0.5,extratrees
2019_02_CHI_DEN,2019,2,2019-09-15,DEN,CHI,-3.0,41.0,0.42003945309842866,1,0.4903405329236559,0.47407492981530575,0.5,extratrees
2019_02_LAC_DET,2019,2,2019-09-15,DET,LAC,-1.0,47.0,0.4953533757725013,1,0.5339958655772462,0.5147321724113728,0.5,extratrees
2019_02_MIN_GB,2019,2,2019-09-15,GB,MIN,3.0,43.0,0.6069415603678434,1,0.5152983014375392,0.4972881584128537,0.5,extratrees
2019_02_JAX_HOU,2019,2,2019-09-15,HOU,JAX,7.5,43.0,0.7484073492752285,0,0.4523126256295205,0.43882871271626067,0.5,extratrees
2019_02_NO_LA,2019,2,2019-09-15,LA,NO,2.0,52.5,0.5284039285250725,1,0.5231503555207098,0.5046077334862472,0.5,extratrees
2019_02_NE_MIA,2019,2,2019-09-15,MIA,NE,-18.0,48.5,0.099009900990099,0,0.49373371862406634,0.47722664713172486,0.5,extratrees
2019_02_BUF_NYG,2019,2,2019-09-15,NYG,BUF,-1.0,44.5,0.4827086071703758,0,0.5054434120074034,0.4881131096615499,0.5,extratrees
2019_02_KC_OAK,2019,2,2019-09-15,OAK,KC,-7.0,53.5,0.27591339268162546,0,0.5190792589955758,0.5008116602249721,0.5,extratrees
2019_02_SEA_PIT,2019,2,2019-09-15,PIT,SEA,4.0,47.0,0.6459016393442624,0,0.49962399996459883,0.48270081759844,0.5,extratrees
2019_02_IND_TEN,2019,2,2019-09-15,TEN,IND,3.0,43.5,0.6247300215982722,0,0.45662461045695785,0.44281921981125383,0.5,extratrees
2019_02_DAL_WAS,2019,2,2019-09-15,WAS,DAL,-6.0,46.5,0.29196153724096346,0,0.499904816397299,0.4829618958405112,0.5,extratrees
2019_02_CLE_NYJ,2019,2,2019-09-16,NYJ,CLE,-6.5,45.5,0.28507217303428406,0,0.4764589469189259,0.46119366753041247,0.5,extratrees
2019_03_TEN_JAX,2019,3,2019-09-19,JAX,TEN,-1.5,38.0,0.45801526717557256,1,0.5023383839223229,0.4852248010036887,0.5,extratrees
2019_03_CAR_ARI,2019,3,2019-09-22,ARI,CAR,2.5,46.0,0.5528282163459678,0,0.5022963814637339,0.48518573814208577,0.5,extratrees
2019_03_CIN_BUF,2019,3,2019-09-22,BUF,CIN,5.5,43.5,0.696132596685083,0,0.49594089261766466,0.47927743608000567,0.5,extratrees
2019_03_LA_CLE,2019,3,2019-09-22,CLE,LA,-4.0,48.0,0.33564198188598826,0,0.5443174090933063,0.5243841005515834,0.5,extratrees
2019_03_MIA_DAL,2019,3,2019-09-22,DAL,MIA,22.0,46.5,0.937309434930043,1,0.4024011319555683,0.392710809728053,0.5,extratrees
2019_03_DEN_GB,2019,3,2019-09-22,GB,DEN,7.0,42.0,0.7432443808401381,1,0.4960386181313991,0.4793682501132181,0.5,extratrees
2019_03_ATL_IND,2019,3,2019-09-22,IND,ATL,1.0,48.0,0.5240193918025562,1,0.5226924755383283,0.5041806702406876,0.5,extratrees
2019_03_BAL_KC,2019,3,2019-09-22,KC,BAL,4.5,52.0,0.6654526975522995,1,0.5274570997769593,0.5086260812731281,0.5,extratrees
2019_03_HOU_LAC,2019,3,2019-09-22,LAC,HOU,3.0,49.0,0.6114139890963924,0,0.497017623266119,0.4802780765639708,0.5,extratrees
2019_03_OAK_MIN,2019,3,2019-09-22,MIN,OAK,8.5,43.0,0.7780073411433721,1,0.47741862325938694,0.46208357755298196,0.5,extratrees
2019_03_NYJ_NE,2019,3,2019-09-22,NE,NYJ,20.5,43.0,0.9253624914304412,0,0.4542416481529756,0.4406137542992595,0.5,extratrees
2019_03_DET_PHI,2019,3,2019-09-22,PHI,DET,4.0,45.0,0.6618106139438086,0,0.5060843498433415,0.48870945893186996,0.5,extratrees
2019_03_NO_SEA,2019,3,2019-09-22,SEA,NO,5.0,44.0,0.6742671009771987,0,0.4794612192221774,0.46397797223532466,0.5,extratrees
2019_03_PIT_SF,2019,3,2019-09-22,SF,PIT,6.0,44.5,0.71333597633497,0,0.46545888562998355,0.4509992159412333,0.5,extratrees
2019_03_NYG_TB,2019,3,2019-09-22,TB,NYG,5.0,48.0,0.6779230919383173,0,0.45835043264922226,0.4444167525485191,0.5,extratrees
2019_03_CHI_WAS,2019,3,2019-09-23,WAS,CHI,-5.0,41.0,0.320067869813358,0,0.4832098580550437,0.4674556815866959,0.5,extratrees
2019_04_PHI_GB,2019,4,2019-09-26,GB,PHI,3.5,46.0,0.6379977530895019,0,0.5340289371431832,0.5147630719147454,0.5,extratrees
2019_04_SEA_ARI,2019,4,2019-09-29,ARI,SEA,-5.5,49.0,0.31488140709135287,0,0.5309833069396741,0.5119181655092659,0.5,extratrees
2019_04_TEN_ATL,2019,4,2019-09-29,ATL,TEN,3.5,46.0,0.6191482263983098,0,0.5271878115299881,0.5083747473838232,0.5,extratrees
2019_04_CLE_BAL,2019,4,2019-09-29,BAL,CLE,7.5,47.0,0.7437482371439031,0,0.4748222790760026,0.4596761800023923,0.5,extratrees
2019_04_NE_BUF,2019,4,2019-09-29,BUF,NE,-7.0,41.5,0.2596297346966464,1,0.5295172079494954,0.5105491856758224,0.5,extratrees
2019_04_MIN_CHI,2019,4,2019-09-29,CHI,MIN,-1.0,38.0,0.4930284439486894,1,0.4920581415525016,0.4756701514601946,0.5,extratrees
2019_04_JAX_DEN,2019,4,2019-09-29,DEN,JAX,2.5,37.0,0.5642421122306391,0,0.4766638093086863,0.46138362962227253,0.5,extratrees
2019_04_KC_DET,2019,4,2019-09-29,DET,KC,-7.5,54.5,0.23850155231613795,1,0.5468264992994203,0.5267329944692298,0.5,extratrees
2019_04_CAR_HOU,2019,4,2019-09-29,HOU,CAR,5.5,47.5,0.6999193060318741,0,0.5113009226512818,0.49356503800619406,0.5,extratrees
2019_04_OAK_IND,2019,4,2019-09-29,IND,OAK,5.5,46.0,0.688252023627215,0,0.5144014270839411,0.4964526356703321,0.5,extratrees
2019_04_TB_LA,2019,4,2019-09-29,LA,TB,9.0,48.5,0.8001430041331682,0,0.5261507403014196,0.507406919392817,0.5,extratrees
2019_04_LAC_MIA,2019,4,2019-09-29,MIA,LAC,-15.0,43.5,0.13802307087621798,0,0.4988632482639579,0.48199358433651274,0.5,extratrees
2019_04_DAL_NO,2019,4,2019-09-29,NO,DAL,-2.5,47.0,0.43026174256005734,1,0.5608886776688146,0.5399171545689286,0.5,extratrees
2019_04_WAS_NYG,2019,4,2019-09-29,NYG,WAS,3.0,48.0,0.6039037320401216,1,0.43511307143563827,0.4229234386391326,0.5,extratrees
2019_04_CIN_PIT,2019,4,2019-09-30,PIT,CIN,3.5,45.5,0.6252015045674368,1,0.5005381529383528,0.48355075002666015,0.5,extratrees
2019_05_LA_SEA,2019,5,2019-10-03,SEA,LA,1.5,49.0,0.5369404697342622,0,0.5194344424181736,0.5011427578926241,0.5,extratrees
2019_05_JAX_CAR,2019,5,2019-10-06,CAR,JAX,3.0,41.0,0.6375766544186806,1,0.49512107465969435,0.47851564092875765,0.5,extratrees
2019_05_ARI_CIN,2019,5,2019-10-06,CIN,ARI,3.0,45.0,0.5916792592354435,0,0.4883622564265674,0.4722380068763361,0.5,extratrees
2019_05_GB_DAL,2019,5,2019-10-06,DAL,GB,3.5,46.5,0.6279229893276131,0,0.504396937691309,0.48713954452320424,0.5,extratrees
2019_05_ATL_HOU,2019,5,2019-10-06,HOU,ATL,4.0,49.0,0.6569372429822994,1,0.5064852861467782,0.4890825288076752,0.5,extratrees
2019_05_IND_KC,2019,5,2019-10-06,KC,IND,10.5,55.5,0.8088171988554355,0,0.5171541335435831,0.49901738087260583,0.5,extratrees
2019_05_DEN_LAC,2019,5,2019-10-06,LAC,DEN,4.0,46.0,0.6745662547167928,0,0.45468900098952236,0.4410277545306545,0.5,extratrees
2019_05_TB_NO,2019,5,2019-10-06,NO,TB,3.0,46.0,0.5816746508332771,1,0.5001562112721747,0.48319562836760555,0.5,extratrees
2019_05_MIN_NYG,2019,5,2019-10-06,NYG,MIN,-5.5,44.0,0.3108038311329388,0,0.4843392689464839,0.4685037393155873,0.5,extratrees
2019_05_CHI_OAK,2019,5,2019-10-06,OAK,CHI,-6.5,39.5,0.29300627641859867,1,0.4579729856290772,0.44406734419045146,0.5,extratrees
2019_05_NYJ_PHI,2019,5,2019-10-06,PHI,NYJ,14.0,43.0,0.8589779257283742,1,0.4412475742013194,0.4285942951152105,0.5,extratrees
2019_05_BAL_PIT,2019,5,2019-10-06,PIT,BAL,-3.5,44.0,0.3747984954325632,1,0.5079679878188086,0.4904623513014878,0.5,extratrees
2019_05_BUF_TEN,2019,5,2019-10-06,TEN,BUF,3.5,39.5,0.6283801591903431,0,0.5050858486031801,0.48778044307170737,0.5,extratrees
2019_05_NE_WAS,2019,5,2019-10-06,WAS,NE,-15.5,42.0,0.12191974859069715,0,0.5384396425457912,0.5188856005390273,0.5,extratrees
2019_05_CLE_SF,2019,5,2019-10-07,SF,CLE,5.0,47.5,0.6745662547167928,1,0.5080016544345939,0.49049368510530694,0.5,extratrees
2019_06_NYG_NE,2019,6,2019-10-10,NE,NYG,16.5,43.0,0.8867369007501867,1,0.5338845819558975,0.5146281988593622,0.5,extratrees
2019_06_ATL_ARI,2019,6,2019-10-13,ARI,ATL,-3.0,52.5,0.39819971012281646,1,0.5064003231512976,0.4890034693659014,0.5,extratrees
2019_06_CIN_BAL,2019,6,2019-10-13,BAL,CIN,10.5,47.0,0.8154296160877514,0,0.4451508952526865,0.43220372112640937,0.5,extratrees
2019_06_SEA_CLE,2019,6,2019-10-13,CLE,SEA,1.0,45.5,0.5172913928296243,0,0.4888169645540923,0.47266018795079506,0.5,extratrees
2019_06_TEN_DEN,2019,6,2019-10-13,DEN,TEN,1.0,41.0,0.533647048893203,1,0.49911032623360885,0.48222327311995317,0.5,extratrees
2019_06_NO_JAX,2019,6,2019-10-13,JAX,NO,2.5,42.5,0.5679213219076544,0,0.5019696279437048,0.48488186009891865,0.5,extratrees
2019_06_HOU_KC,2019,6,2019-10-13,KC,HOU,3.5,54.5,0.6336902505251294,0,0.5129909540072557,0.49513886202578256,0.5,extratrees
2019_06_SF_LA,2019,6,2019-10-13,LA,SF,3.0,49.5,0.5816746508332771,0,0.5015408006962384,0.4844830736718942,0.5,extratrees
2019_06_PIT_LAC,2019,6,2019-10-13,LAC,PIT,6.0,42.5,0.696132596685083,0,0.5087768507295582,0.4912152062710545,0.5,extratrees
2019_06_WAS_MIA,2019,6,2019-10-13,MIA,WAS,-6.0,42.0,0.3136531365313653,1,0.45541533461463696,0.4416999665298462,0.5,extratrees
2019_06_PHI_MIN,2019,6,2019-10-13,MIN,PHI,3.5,44.0,0.6210456942003515,1,0.5009434238045725,0.48392758151276594,0.5,extratrees
2019_06_DAL_NYJ,2019,6,2019-10-13,NYJ,DAL,-7.0,43.5,0.26242745394902856,1,0.5121319491931824,0.4943388764770814,0.5,extratrees
2019_06_CAR_TB,2019,6,2019-10-13,TB,CAR,-2.0,48.5,0.45801526717557256,0,0.4682569988486282,0.45359140512051427,0.5,extratrees
2019_06_DET_GB,2019,6,2019-10-14,GB,DET,3.5,47.0,0.6471201212580523,0,0.47059964546642435,0.45576215964681177,0.5,extratrees
2019_07_KC_DEN,2019,7,2019-10-17,DEN,KC,-3.0,49.5,0.4166248368637687,0,0.49882233952344807,0.48195555541130647,0.5,extratrees
2019_07_LA_ATL,2019,7,2019-10-20,ATL,LA,-3.0,54.5,0.40832074076455643,0,0.45355182266152627,0.43997538692045723,0.5,extratrees
2019_07_MIA_BUF,2019,7,2019-10-20,BUF,MIA,17.0,42.5,0.8913998705928935,0,0.4268806129410827,0.41531619696830974,0.5,extratrees
2019_07_NO_CHI,2019,7,2019-10-20,CHI,NO,4.0,37.0,0.6621475756659903,0,0.4720652071137332,0.4571204291265221,0.5,extratrees
2019_07_JAX_CIN,2019,7,2019-10-20,CIN,JAX,-4.0,44.5,0.3367436672886772,0,0.48126986418553686,0.46565572633590413,0.5,extratrees
2019_07_PHI_DAL,2019,7,2019-10-20,DAL,PHI,3.0,50.0,0.6069415603678434,1,0.5228801480546438,0.5043557082472604,0.5,extratrees
2019_07_MIN_DET,2019,7,2019-10-20,DET,MIN,-2.5,43.5,0.4357578877693609,0,0.5399361287388238,0.5202850019672188,0.5,extratrees
2019_07_OAK_GB,2019,7,2019-10-20,GB,OAK,5.5,48.0,0.6873022714142923,1,0.4428396550266766,0.43006639259661444,0.5,extratrees
2019_07_HOU_IND,2019,7,2019-10-20,IND,HOU,1.5,46.5,0.5327102803738317,1,0.4841544538271669,0.46833222788696016,0.5,extratrees
2019_07_ARI_NYG,2019,7,2019-10-20,NYG,ARI,3.5,49.5,0.6362901596282077,0,0.4911717832885551,0.4748469100862755,0.5,extratrees
2019_07_BAL_SEA,2019,7,2019-10-20,SEA,BAL,3.0,49.0,0.5955112768937784,0,0.489242920571316,0.4730556935482147,0.5,extratrees
2019_07_SF_WAS,2019,7,2019-10-20,WAS,SF,-10.0,39.0,0.2154605263157895,1,0.5456350554358401,0.5256174908257836,0.5,extratrees
2019_07_NE_NYJ,2019,7,2019-10-21,NYJ,NE,-9.5,43.0,0.23599440828535784,0,0.5720920698301818,0.5504464903257072,0.5,extratrees
2019_08_WAS_MIN,2019,8,2019-10-24,MIN,WAS,16.5,42.0,0.883065536404312,0,0.47525706516397015,0.46007928126804204,0.5,extratrees
2019_08_SEA_ATL,2019,8,2019-10-27,ATL,SEA,-7.5,48.5,0.2588343276732446,1,0.46460267745187755,0.4502061494178112,0.5,extratrees
2019_08_PHI_BUF,2019,8,2019-10-27,BUF,PHI,1.0,39.5,0.5369404697342622,0,0.5124655879156168,0.4946495806267408,0.5,extratrees
2019_08_LAC_CHI,2019,8,2019-10-27,CHI,LAC,3.5,41.0,0.629269318749507,0,0.5004967668639405,0.483512269259454,0.5,extratrees
2019_08_NYG_DET,2019,8,2019-10-27,DET,NYG,6.5,49.0,0.7072057697217258,0,0.469688520784028,0.4549178324699583,0.5,extratrees
2019_08_OAK_HOU,2019,8,2019-10-27,HOU,OAK,5.0,52.0,0.683174291856825,0,0.47362179059293114,0.45856326645614015,0.5,extratrees
2019_08_DEN_IND,2019,8,2019-10-27,IND,DEN,6.0,41.0,0.6851185929086472,0,0.520834486373868,0.5024480308755148,0.5,extratrees
2019_08_NYJ_JAX,2019,8,2019-10-27,JAX,NYJ,7.0,39.5,0.7255610366150211,1,0.42583569793466647,0.41435085921005954,0.5,extratrees
2019_08_GB_KC,2019,8,2019-10-27,KC,GB,-5.0,48.0,0.3220769080616826,0,0.5188276592996507,0.5005771324963327,0.5,extratrees
2019_08_CIN_LA,2019,8,2019-10-27,LA,CIN,12.0,48.5,0.8291473616315197,1,0.45403088177290896,0.4404187066420979,0.5,extratrees
2019_08_CLE_NE,2019,8,2019-10-27,NE,CLE,9.5,43.0,0.7627068693058542,1,0.4804135912535796,0.46486138175941055,0.5,extratrees
2019_08_ARI_NO,2019,8,2019-10-27,NO,ARI,12.5,47.5,0.8301610541727672,1,0.5145587930296749,0.4965992291330331,0.5,extratrees
2019_08_CAR_SF,2019,8,2019-10-27,SF,CAR,4.5,41.0,0.6572903685241233,1,0.42470144141067556,0.4133030357623172,0.5,extratrees
2019_08_TB_TEN,2019,8,2019-10-27,TEN,TB,2.0,45.5,0.5357590966122961,1,0.40467100967400277,0.39480623439500157,0.5,extratrees
2019_08_MIA_PIT,2019,8,2019-10-28,PIT,MIA,14.0,44.0,0.8360766173399501,0,0.43996456357521724,0.42740808238639155,0.5,extratrees
2019_09_SF_ARI,2019,9,2019-10-31,ARI,SF,-10.5,43.5,0.20847279334417138,1,0.5326013062886663,0.5134293556396329,0.5,extratrees
2019_09_NE_BAL,2019,9,2019-11-03,BAL,NE,-3.0,44.5,0.41493775933609955,1,0.5197461783593523,0.5014333686081048,0.5,extratrees
2019_09_WAS_BUF,2019,9,2019-11-03,BUF,WAS,10.5,37.0,0.7928552023906547,1,0.47963445163285084,0.46413865411805627,0.5,extratrees
2019_09_TEN_CAR,2019,9,2019-11-03,CAR,TEN,3.5,43.0,0.6252015045674368,1,0.4726779098683214,0.45768833312205265,0.5,extratrees
2019_09_CLE_DEN,2019,9,2019-11-03,DEN,CLE,-4.0,39.0,0.3569607343192249,1,0.47585141578718565,0.46063034713132045,0.5,extratrees
2019_09_HOU_JAX,2019,9,2019-11-03,JAX,HOU,1.0,46.0,0.5185243789416578,0,0.49017170212678185,0.47391814614771777,0.5,extratrees
2019_09_MIN_KC,2019,9,2019-11-03,KC,MIN,-5.5,46.0,0.32646911099949777,1,0.5347330717588401,0.5154210002284967,0.5,extratrees
2019_09_GB_LAC,2019,9,2019-11-03,LAC,GB,-4.0,50.0,0.3427096314758768,1,0.5233739598078178,0.5048162992544444,0.5,extratrees
2019_09_NYJ_MIA,2019,9,2019-11-03,MIA,NYJ,-3.5,42.5,0.3650052779508833,1,0.4385690757545804,0.42611798399487694,0.5,extratrees
2019_09_DET_OAK,2019,9,2019-11-03,OAK,DET,2.5,51.5,0.5740354444580784,1,0.4497827514194042,0.4364880552632722,0.5,extratrees
2019_09_CHI_PHI,2019,9,2019-11-03,PHI,CHI,5.0,41.0,0.6745662547167928,1,0.4981677918504902,0.48134711172323,0.5,extratrees
2019_09_IND_PIT,2019,9,2019-11-03,PIT,IND,1.0,39.5,0.5274287332041203,1,0.5198170196450278,0.5014994110967398,0.5,extratrees
2019_09_TB_SEA,2019,9,2019-11-03,SEA,TB,4.0,51.0,0.6584314375725417,1,0.489450344258783,0.4732482960762181,0.5,extratrees
2019_09_DAL_NYG,2019,9,2019-11-04,NYG,DAL,-6.5,48.5,0.2735384297378303,0,0.421184768118379,0.41005466861087014,0.5,extratrees
2019_10_LAC_OAK,2019,10,2019-11-07,OAK,LAC,-1.0,49.0,0.47377843762281124,1,0.5071690976331432,0.48971885909070934,0.5,extratrees
2019_10_DET_CHI,2019,10,2019-11-10,CHI,DET,6.0,38.0,0.7096900745390349,1,0.5041201513822992,0.4868820646199449,0.5,extratrees
2019_10_BAL_CIN,2019,10,2019-11-10,CIN,BAL,-10.5,44.0,0.2116883630752186,0,0.47981023590592264,0.4643017059505453,0.5,extratrees
2019_10_MIN_DAL,2019,10,2019-11-10,DAL,MIN,3.5,48.5,0.6252015045674368,0,0.5068101740996914,0.4893848505612267,0.5,extratrees
2019_10_CAR_GB,2019,10,2019-11-10,GB,CAR,5.0,49.0,0.675595238095238,1,0.4996749031659707,0.4827481422005513,0.5,extratrees
2019_10_MIA_IND,2019,10,2019-11-10,IND,MIA,11.0,44.5,0.8022396950202525,0,0.5041813156028302,0.4869389617099987,0.5,extratrees
2019_10_ATL_NO,2019,10,2019-11-10,NO,ATL,14.0,51.5,0.8393555347273013,0,0.4322602672270398,0.420286925061363,0.5,extratrees
2019_10_NYG_NYJ,2019,10,2019-11-10,NYJ,NYG,-3.0,43.0,0.41899204424013164,1,0.48412237808930947,0.46830246143447196,0.5,extratrees
2019_10_LA_PIT,2019,10,2019-11-10,PIT,LA,-4.0,43.0,0.3367436672886772,1,0.4151745614260518,0.40450405288150254,0.5,extratrees
2019_10_ARI_TB,2019,10,2019-11-10,TB,ARI,5.5,51.0,0.6829002792370676,0,0.4693950645165122,0.45464590579247255,0.5,extratrees
2019_10_KC_TEN,2019,10,2019-11-10,TEN,KC,-5.0,49.0,0.3190724859866813,1,0.487037259954078,0.4710079166970924,0.5,extratrees
2019_10_SEA_SF,2019,10,2019-11-11,SF,SEA,6.5,47.0,0.7080384627590365,0,0.5054945541608965,0.4881606921166307,0.5,extratrees
2019_11_PIT_CLE,2019,11,2019-11-14,CLE,PIT,3.0,41.5,0.6039037320401216,1,0.5015768758360108,0.48451662078078545,0.5,extratrees
2019_11_HOU_BAL,2019,11,2019-11-17,BAL,HOU,4.0,51.0,0.666540435916856,1,0.44437602658973185,0.43148712209011436,0.5,extratrees
2019_11_ATL_CAR,2019,11,2019-11-17,CAR,ATL,3.5,49.0,0.648330451760112,0,0.43786257819522223,0.4254648833330531,0.5,extratrees
2019_11_DAL_DET,2019,11,2019-11-17,DET,DAL,-7.5,46.5,0.2366416065391796,0,0.5386105717544781,0.5190454228410728,0.5,extratrees
2019_11_JAX_IND,2019,11,2019-11-17,IND,JAX,2.5,41.5,0.5586071603727317,1,0.4583240255999236,0.4443923067995308,0.5,extratrees
2019_11_CHI_LA,2019,11,2019-11-17,LA,CHI,5.0,40.0,0.6802135750777858,1,0.5062467935126179,0.48886060982058593,0.5,extratrees
2019_11_BUF_MIA,2019,11,2019-11-17,MIA,BUF,-7.0,41.5,0.26751500253054733,0,0.5004052756146723,0.4834272014227208,0.5,extratrees
2019_11_DEN_MIN,2019,11,2019-11-17,MIN,DEN,10.0,40.5,0.780155608608282,0,0.48251858749791143,0.4668142675252394,0.5,extratrees
2019_11_CIN_OAK,2019,11,2019-11-17,OAK,CIN,13.0,48.0,0.8312468583191708,0,0.4265759953800047,0.41503477326080324,0.5,extratrees
2019_11_NE_PHI,2019,11,2019-11-17,PHI,NE,-4.5,45.0,0.34043487810235007,0,0.4268462909973923,0.41528448812879354,0.5,extratrees
2019_11_NO_TB,2019,11,2019-11-17,TB,NO,-5.0,50.5,0.3220769080616826,0,0.4489330717137416,0.43570202196503344,0.5,extratrees
2019_11_NYJ_WAS,2019,11,2019-11-17,WAS,NYJ,1.0,37.5,0.5369404697342622,0,0.47130599953742264,0.4564167786197508,0.5,extratrees
2019_11_KC_LAC,2019,11,2019-11-18,LAC,KC,-5.5,52.5,0.3108038311329388,0,0.4990541081316305,0.4821710109871386,0.5,extratrees
2019_12_IND_HOU,2019,12,2019-11-21,HOU,IND,3.5,46.0,0.6306061713569676,0,0.48963788104787437,0.4734224366450486,0.5,extratrees
2019_12_TB_ATL,2019,12,2019-11-24,ATL,TB,3.5,51.5,0.6297217024951262,0,0.46400489243550697,0.44965248394469176,0.5,extratrees
2019_12_DEN_BUF,2019,12,2019-11-24,BUF,DEN,3.5,37.0,0.6388542963885429,1,0.5229423054275697,0.504413682147315,0.5,extratrees
2019_12_NYG_CHI,2019,12,2019-11-24,CHI,NYG,6.0,41.0,0.696132596685083,0,0.42285512741270126,0.41159752700397234,0.5,extratrees
2019_12_PIT_CIN,2019,12,2019-11-24,CIN,PIT,-5.5,37.5,0.3257328990228013,0,0.4714306676050783,0.45653232025873475,0.5,extratrees
2019_12_MIA_CLE,2019,12,2019-11-24,CLE,MIA,11.0,45.5,0.791595099049582,1,0.4850901775209443,0.4692006303745899,0.5,extratrees
2019_12_DAL_NE,2019,12,2019-11-24,NE,DAL,5.5,44.5,0.6789306742455842,0,0.49708051070790765,0.48033652397407484,0.5,extratrees
2019_12_CAR_NO,2019,12,2019-11-24,NO,CAR,10.0,46.0,0.7954597198863094,0,0.46263151538132175,0.44838057824887034,0.5,extratrees
2019_12_OAK_NYJ,2019,12,2019-11-24,NYJ,OAK,-3.5,45.0,0.3775590873156503,1,0.4639447209161371,0.44959675499234314,0.5,extratrees
2019_12_SEA_PHI,2019,12,2019-11-24,PHI,SEA,-1.0,45.5,0.5,0,0.4266214491008982,0.4150767658420947,0.5,extratrees
2019_12_GB_SF,2019,12,2019-11-24,SF,GB,3.0,48.0,0.6196403872752421,1,0.47466359228681865,0.45952906176555874,0.5,extratrees
2019_12_JAX_TEN,2019,12,2019-11-24,TEN,JAX,4.5,42.0,0.6735308890005023,1,0.45569994451199497,0.4419633795348413,0.5,extratrees
2019_12_DET_WAS,2019,12,2019-11-24,WAS,DET,-4.0,39.0,0.36200224691049804,1,0.487916519725574,0.47182417665022036,0.5,extratrees
2019_12_BAL_LA,2019,12,2019-11-25,LA,BAL,-3.5,47.0,0.39763241766580665,0,0.5602596209135956,0.539326632931099,0.5,extratrees
2019_13_NO_ATL,2019,13,2019-11-28,ATL,NO,-7.0,48.0,0.2609486323551392,0,0.47615204580322507,0.46090909565814153,0.5,extratrees
2019_13_BUF_DAL,2019,13,2019-11-28,DAL,BUF,6.5,46.5,0.7271879798201359,0,0.4827146813758152,0.4669962136750004,0.5,extratrees
2019_13_CHI_DET,2019,13,2019-11-28,DET,CHI,-5.5,37.5,0.32135553607946243,1,0.47936129713931985,0.46388529073304885,0.5,extratrees
2019_13_LA_ARI,2019,13,2019-12-01,ARI,LA,-2.5,47.0,0.43316719528772085,0,0.5189533716312181,0.5006943137007641,0.5,extratrees
2019_13_SF_BAL,2019,13,2019-12-01,BAL,SF,5.5,45.0,0.688252023627215,0,0.5255098552757009,0.506808902599287,0.5,extratrees
2019_13_WAS_CAR,2019,13,2019-12-01,CAR,WAS,10.5,38.5,0.8026195304922302,0,0.45914602384064757,0.44515327839746355,0.5,extratrees
2019_13_NYJ_CIN,2019,13,2019-12-01,CIN,NYJ,-2.5,43.0,0.46214743124779806,1,0.49865911696221615,0.481803825014199,0.5,extratrees
2019_13_LAC_DEN,2019,13,2019-12-01,DEN,LAC,-4.5,39.0,0.34385815571062156,1,0.4035608146104171,0.39378135216762833,0.5,extratrees
2019_13_NE_HOU,2019,13,2019-12-01,HOU,NE,-3.5,47.0,0.3837038708949329,1,0.530660752017632,0.5116169502761928,0.5,extratrees
2019_13_TEN_IND,2019,13,2019-12-01,IND,TEN,-1.0,41.5,0.49070156678599663,0,0.5157377201987442,0.4976975572730225,0.5,extratrees
2019_13_TB_JAX,2019,13,2019-12-01,JAX,TB,-3.0,46.5,0.4066985645933015,0,0.4763842500638838,0.46112440459392845,0.5,extratrees
2019_13_OAK_KC,2019,13,2019-12-01,KC,OAK,11.5,49.5,0.7933380591780781,1,0.5073796366087281,0.48991479078056854,0.5,extratrees
2019_13_PHI_MIA,2019,13,2019-12-01,MIA,PHI,-10.5,45.0,0.20108991440425786,1,0.496568123469065,0.4798603258768074,0.5,extratrees
2019_13_GB_NYG,2019,13,2019-12-01,NYG,GB,-6.5,43.5,0.30096036791559583,0,0.4809958308309395,0.4654015041181183,0.5,extratrees
2019_13_CLE_PIT,2019,13,2019-12-01,PIT,CLE,-1.0,40.0,0.48147562105834224,1,0.4445326946973339,0.4316320058852554,0.5,extratrees
2019_13_MIN_SEA,2019,13,2019-12-02,SEA,MIN,2.5,48.0,0.5906658931218978,1,0.4396945610645505,0.4271584623849593,0.5,extratrees
2019_14_DAL_CHI,2019,14,2019-12-05,CHI,DAL,-3.0,43.0,0.3900657414170928,1,0.5183998737421797,0.5001783936059675,0.5,extratrees
2019_14_PIT_ARI,2019,14,2019-12-08,ARI,PIT,-2.5,43.5,0.4491310290958797,0,0.5319735939405524,0.5128430339109449,0.5,extratrees
2019_14_CAR_ATL,2019,14,2019-12-08,ATL,CAR,3.5,48.0,0.6265670845558816,1,0.47244470618224765,0.45747217654588296,0.5,extratrees
2019_14_BAL_BUF,2019,14,2019-12-08,BUF,BAL,-6.5,44.0,0.29468911917098445,0,0.5403797700268889,0.5206999300315731,0.5,extratrees
2019_14_CIN_CLE,2019,14,2019-12-08,CLE,CIN,6.5,43.0,0.7088665520016411,1,0.47273464505314444,0.45774092172158976,0.5,extratrees
2019_14_WAS_GB,2019,14,2019-12-08,GB,WAS,13.0,42.5,0.8549876092699,0,0.5154881182613179,0.49746500430990676,0.5,extratrees
2019_14_DEN_HOU,2019,14,2019-12-08,HOU,DEN,8.0,42.5,0.7717353250087524,0,0.5204800275225748,0.502117540267644,0.5,extratrees
2019_14_LAC_JAX,2019,14,2019-12-08,JAX,LAC,-3.5,42.0,0.3747984954325632,0,0.4650939574458489,0.4506611922830193,0.5,extratrees
2019_14_SEA_LA,2019,14,2019-12-08,LA,SEA,1.0,47.5,0.5327102803738317,1,0.5098075363353389,0.49217464409829315,0.5,extratrees
2019_14_DET_MIN,2019,14,2019-12-08,MIN,DET,12.0,43.5,0.8278976203777234,1,0.4777928064633102,0.46243058201000253,0.5,extratrees
2019_14_KC_NE,2019,14,2019-12-08,NE,KC,3.0,49.5,0.5850622406639003,0,0.5047400826493466,0.4874587673847182,0.5,extratrees
2019_14_SF_NO,2019,14,2019-12-08,NO,SF,1.0,45.0,0.5240193918025562,0,0.5454447709142958,0.5254393563346638,0.5,extratrees
2019_14_MIA_NYJ,2019,14,2019-12-08,NYJ,MIA,5.0,47.0,0.6629225583423975,0,0.4655985488456404,0.4511285853129873,0.5,extratrees
2019_14_TEN_OAK,2019,14,2019-12-08,OAK,TEN,-3.0,47.0,0.4116032928263426,0,0.4765663069809605,0.4612932184611295,0.5,extratrees
2019_14_NYG_PHI,2019,14,2019-12-09,PHI,NYG,9.5,45.5,0.7800741120115687,0,0.5271790988227957,0.5083666157582539,0.5,extratrees
2019_15_NYJ_BAL,2019,15,2019-12-12,BAL,NYJ,17.0,44.0,0.8891826646741006,1,0.534990003904545,0.5156610910070274,0.5,extratrees
2019_15_CLE_ARI,2019,15,2019-12-15,ARI,CLE,-3.0,49.0,0.40609137055837563,1,0.5308669459739437,0.5118095010008801,0.5,extratrees
2019_15_NE_CIN,2019,15,2019-12-15,CIN,NE,-10.5,42.0,0.20148417214126596,0,0.518879148881745,0.5006251276161852,0.5,extratrees
2019_15_LA_DAL,2019,15,2019-12-15,DAL,LA,-1.0,48.5,0.478202846975089,1,0.5271008365034553,0.5082935735272143,0.5,extratrees
2019_15_TB_DET,2019,15,2019-12-15,DET,TB,-5.5,46.0,0.3139179553662376,0,0.5347518818898831,0.5154385770515659,0.5,extratrees
2019_15_CHI_GB,2019,15,2019-12-15,GB,CHI,4.0,40.0,0.6668622192423734,1,0.4980719899965557,0.48125806196511794,0.5,extratrees
2019_15_DEN_KC,2019,15,2019-12-15,KC,DEN,10.0,43.0,0.7854392376974285,1,0.49527742691666227,0.4786609214715885,0.5,extratrees
2019_15_MIN_LAC,2019,15,2019-12-15,LAC,MIN,-1.0,45.0,0.4715960714749275,0,0.49943272967748653,0.4825229967119014,0.5,extratrees
2019_15_MIA_NYG,2019,15,2019-12-15,NYG,MIA,3.5,47.0,0.6323766526926797,1,0.46214142684090026,0.44792673615070333,0.5,extratrees
2019_15_JAX_OAK,2019,15,2019-12-15,OAK,JAX,7.0,47.0,0.7264615702621697,0,0.425293212201457,0.413849705545374,0.5,extratrees
2019_15_BUF_PIT,2019,15,2019-12-15,PIT,BUF,1.0,37.0,0.5150073206442166,0,0.5102537894256589,0.49259009113321667,0.5,extratrees
2019_15_ATL_SF,2019,15,2019-12-15,SF,ATL,10.5,50.0,0.7963340122199594,0,0.4772782906548642,0.4619534414027346,0.5,extratrees
2019_15_HOU_TEN,2019,15,2019-12-15,TEN,HOU,3.0,50.0,0.6069415603678434,0,0.4761631350770841,0.4609193779552256,0.5,extratrees
2019_15_PHI_WAS,2019,15,2019-12-15,WAS,PHI,-7.0,38.0,0.28003075985548675,0,0.4924523357769353,0.4760363029600948,0.5,extratrees
2019_15_IND_NO,2019,15,2019-12-16,NO,IND,8.0,48.5,0.7662541740326065,1,0.4993799843253047,0.4824739609644371,0.5,extratrees
2019_16_LA_SF,2019,16,2019-12-21,SF,LA,7.0,45.5,0.7402276100940128,0,0.5130378573644955,0.49518254558331415,0.5,extratrees
2019_16_JAX_ATL,2019,16,2019-12-22,ATL,JAX,7.5,48.0,0.7360752537000588,1,0.40353999418714476,0.3937621319118599,0.5,extratrees
2019_16_KC_CHI,2019,16,2019-12-22,CHI,KC,-6.5,45.5,0.2744389633849788,0,0.5343586885023771,0.5150711751008461,0.5,extratrees
2019_16_BAL_CLE,2019,16,2019-12-22,CLE,BAL,-9.5,48.5,0.2360978550258703,0,0.5512903584556066,0.5309144440601202,0.5,extratrees
2019_16_DET_DEN,2019,16,2019-12-22,DEN,DET,9.5,40.0,0.7759856630824372,1,0.4758431898473806,0.4606227200383531,0.5,extratrees
2019_16_CAR_IND,2019,16,2019-12-22,IND,CAR,7.5,46.0,0.7331798681594643,1,0.42584318110447356,0.4143577723221063,0.5,extratrees
2019_16_OAK_LAC,2019,16,2019-12-22,LAC,OAK,7.5,45.0,0.7403702653033536,0,0.4291646218022096,0.4174264287419874,0.5,extratrees
2019_16_CIN_MIA,2019,16,2019-12-22,MIA,CIN,-1.5,46.0,0.4715960714749275,1,0.4614028231434174,0.44724279465882777,0.5,extratrees
2019_16_PIT_NYJ,2019,16,2019-12-22,NYJ,PIT,-3.0,36.5,0.38514560209200854,1,0.5098472174043752,0.49221158484750427,0.5,extratrees
2019_16_DAL_PHI,2019,16,2019-12-22,PHI,DAL,-2.0,47.0,0.4672897196261682,1,0.47815197726871694,0.4627636769863738,0.5,extratrees
2019_16_ARI_SEA,2019,16,2019-12-22,SEA,ARI,8.0,51.0,0.7701094942408874,0,0.5328452378726704,0.5136572186830308,0.5,extratrees
2019_16_NO_TEN,2019,16,2019-12-22,TEN,NO,-3.5,49.0,0.3761738518578658,0,0.4982558705721687,0.4814289836091135,0.5,extratrees
2019_16_NYG_WAS,2019,16,2019-12-22,WAS,NYG,-1.0,42.0,0.4837531945965681,0,0.5209703008123339,0.5025746662565392,0.5,extratrees
2019_16_GB_MIN,2019,16,2019-12-23,MIN,GB,4.0,47.0,0.6511009958640449,0,0.488382915642581,0.4722571877837518,0.5,extratrees
2019_17_PIT_BAL,2019,17,2019-12-29,BAL,PIT,-2.0,35.0,0.43949878436506445,1,0.43734820576255135,0.42498940412895264,0.5,extratrees
2019_17_NYJ_BUF,2019,17,2019-12-29,BUF,NYJ,-1.5,37.0,0.4600722970752547,0,0.445069426781659,0.43212837729402526,0.5,extratrees
2019_17_NO_CAR,2019,17,2019-12-29,CAR,NO,-13.5,45.0,0.15879648976180524,0,0.47770667425470764,0.4623507048278141,0.5,extratrees
2019_17_CLE_CIN,2019,17,2019-12-29,CIN,CLE,-2.5,44.0,0.4357578877693609,1,0.5022845001701108,0.4851746884146464,0.5,extratrees
2019_17_WAS_DAL,2019,17,2019-12-29,DAL,WAS,13.0,47.5,0.8343994395764669,1,0.49721164573822657,0.48045840195489253,0.5,extratrees
2019_17_OAK_DEN,2019,17,2019-12-29,DEN,OAK,5.5,41.5,0.6700755434503315,0,0.4576927825884461,0.44380796293964553,0.5,extratrees
2019_17_GB_DET,2019,17,2019-12-29,DET,GB,-13.5,44.0,0.15934306815499277,1,0.565712276710404,0.5444476662069617,0.5,extratrees
2019_17_TEN_HOU,2019,17,2019-12-29,HOU,TEN,-10.0,43.0,0.23784247274509004,0,0.535156217934477,0.5158164154450553,0.5,extratrees
2019_17_IND_JAX,2019,17,2019-12-29,JAX,IND,-5.0,41.5,0.320067869813358,1,0.4719522078611877,0.4570156956580769,0.5,extratrees
2019_17_CHI_MIN,2019,17,2019-12-29,MIN,CHI,-5.5,36.5,0.32135553607946243,1,0.4820296503892989,0.46636062279032303,0.5,extratrees
2019_17_MIA_NE,2019,17,2019-12-29,NE,MIA,17.5,46.0,0.889941642844805,0,0.49659213865137936,0.4798826442340652,0.5,extratrees
2019_17_PHI_NYG,2019,17,2019-12-29,NYG,PHI,-4.0,44.0,0.35287987874194765,0,0.5074055092038245,0.48993886870542325,0.5,extratrees
2019_17_SF_SEA,2019,17,2019-12-29,SEA,SF,-3.5,47.0,0.37665039500700276,0,0.5224879548472835,0.503989923951508,0.5,extratrees
2019_17_ATL_TB,2019,17,2019-12-29,TB,ATL,1.0,48.0,0.5327102803738317,0,0.4547706254362534,0.44110329496901884,0.5,extratrees
2019_18_BUF_HOU,2019,18,2020-01-04,HOU,BUF,2.5,43.0,0.5757997218358832,1,0.5322351978212837,0.513087380729657,0.5,extratrees
2019_18_TEN_NE,2019,18,2020-01-04,NE,TEN,4.5,45.0,0.6640273913973893,0,0.5332981125058559,0.5140802848937407,0.5,extratrees
2019_18_MIN_NO,2019,18,2020-01-05,NO,MIN,7.5,50.0,0.7573333333333334,0,0.47182347613211884,0.4568963819126301,0.5,extratrees
2019_18_SEA_PHI,2019,18,2020-01-05,PHI,SEA,1.0,44.0,0.5305667495498585,0,0.5074370183044259,0.489968192268627,0.5,extratrees
2019_19_TEN_BAL,2019,19,2020-01-11,BAL,TEN,10.0,47.5,0.7896823383890214,0,0.4777696438634433,0.4624091014373265,0.5,extratrees
2019_19_MIN_SF,2019,19,2020-01-11,SF,MIN,7.0,44.5,0.7416762342135478,1,0.4659277006253766,0.4514334834145043,0.5,extratrees
2019_19_SEA_GB,2019,19,2020-01-12,GB,SEA,4.5,46.0,0.6724890829694323,1,0.47913116934279815,0.4636718421797337,0.5,extratrees
2019_19_HOU_KC,2019,19,2020-01-12,KC,HOU,10.0,50.5,0.7963968410661403,1,0.47304821466183633,0.45803157879101924,0.5,extratrees
2019_20_TEN_KC,2019,20,2020-01-19,KC,TEN,7.5,51.0,0.748535521515462,1,0.5012442743332564,0.4842073327914076,0.5,extratrees
2019_20_GB_SF,2019,20,2020-01-19,SF,GB,8.0,46.5,0.7661538461538461,1,0.48329589862184674,0.4675355199997815,0.5,extratrees
2019_21_SF_KC,2019,21,2020-02-02,KC,SF,1.5,52.5,0.5419847328244275,1,0.40616774929566335,0.39618799613651995,0.5,extratrees
2020_01_HOU_KC,2020,1,2020-09-10,KC,HOU,9.5,53.5,0.7840868276451428,1,0.4921202905060362,0.4376340035115365,0.5,extratrees
2020_01_SEA_ATL,2020,1,2020-09-13,ATL,SEA,1.0,49.5,0.5162468054034319,0,0.48750065916947927,0.4392681031887677,0.5,extratrees
2020_01_CLE_BAL,2020,1,2020-09-13,BAL,CLE,7.0,47.0,0.7300564061240935,1,0.4820213719667141,0.44120899763482047,0.5,extratrees
2020_01_NYJ_BUF,2020,1,2020-09-13,BUF,NYJ,6.5,39.5,0.7157173074903613,1,0.4749491833987466,0.443719122346501,0.5,extratrees
2020_01_LV_CAR,2020,1,2020-09-13,CAR,LV,-3.0,48.0,0.43566205072351016,0,0.4427409891500624,0.45524614657817125,0.5,extratrees
2020_01_LAC_CIN,2020,1,2020-09-13,CIN,LAC,-2.5,41.5,0.4499636492248442,0,0.4646903883302006,0.4473719771012521,0.5,extratrees
2020_01_CHI_DET,2020,1,2020-09-13,DET,CHI,2.5,42.5,0.5480494766888677,0,0.49305110254549805,0.4373049770185466,0.5,extratrees
2020_01_IND_JAX,2020,1,2020-09-13,JAX,IND,-7.0,44.0,0.26612876988645606,1,0.4873774674475432,0.43931170702588596,0.5,extratrees
2020_01_DAL_LA,2020,1,2020-09-13,LA,DAL,1.0,52.0,0.5195545777019441,1,0.5066563308711203,0.43250295577536363,0.5,extratrees
2020_01_GB_MIN,2020,1,2020-09-13,MIN,GB,1.0,45.0,0.5195545777019441,0,0.5141144378644377,0.42987487907523525,0.5,extratrees
2020_01_MIA_NE,2020,1,2020-09-13,NE,MIA,7.5,41.5,0.7432443808401381,1,0.44592918276432575,0.45409667615336424,0.5,extratrees
2020_01_TB_NO,2020,1,2020-09-13,NO,TB,4.0,48.5,0.644674925573802,1,0.4705897860851008,0.44526955547753405,0.5,extratrees
2020_01_ARI_SF,2020,1,2020-09-13,SF,ARI,7.0,48.5,0.7159090909090909,0,0.47847321450044394,0.4424675914702012,0.5,extratrees
2020_01_PHI_WAS,2020,1,2020-09-13,WAS,PHI,-5.5,41.5,0.32440476190476186,1,0.4501940120368618,0.4525622896408676,0.5,extratrees
2020_01_TEN_DEN,2020,1,2020-09-14,DEN,TEN,-3.0,41.0,0.3794411866160745,1,0.5214300559670306,0.42729870463813924,0.5,extratrees
2020_01_PIT_NYG,2020,1,2020-09-14,NYG,PIT,-6.0,44.0,0.3029704839803284,0,0.486962309726343,0.4394586634529054,0.5,extratrees
2020_02_CIN_CLE,2020,2,2020-09-17,CLE,CIN,6.0,44.5,0.6891961688670611,0,0.549606427304746,0.4173744714682671,0.5,extratrees
2020_02_WAS_ARI,2020,2,2020-09-20,ARI,WAS,7.5,46.5,0.7360752537000588,1,0.5143114551084538,0.42980548245219735,0.5,extratrees
2020_02_NYG_CHI,2020,2,2020-09-20,CHI,NYG,4.5,42.5,0.6711332625214478,0,0.5131633698764456,0.430209897104339,0.5,extratrees
2020_02_ATL_DAL,2020,2,2020-09-20,DAL,ATL,3.0,53.0,0.5775497887748944,0,0.4872389776330191,0.43936072740564214,0.5,extratrees
2020_02_DET_GB,2020,2,2020-09-20,GB,DET,7.0,51.0,0.7184337879454465,1,0.4978217535848296,0.4356197212841227,0.5,extratrees
2020_02_BAL_HOU,2020,2,2020-09-20,HOU,BAL,-7.5,49.5,0.24770150852450237,0,0.5324175458194874,0.42343051258720066,0.5,extratrees
2020_02_MIN_IND,2020,2,2020-09-20,IND,MIN,3.5,49.0,0.6219592373438527,1,0.46510384058341897,0.44722446124906695,0.5,extratrees
2020_02_KC_LAC,2020,2,2020-09-20,LAC,KC,-8.5,47.0,0.2360978550258703,1,0.5601204402458324,0.4136626729132092,0.5,extratrees
2020_02_BUF_MIA,2020,2,2020-09-20,MIA,BUF,-5.5,42.5,0.3098652446494199,1,0.5120187086940543,0.4306131496364793,0.5,extratrees
2020_02_SF_NYJ,2020,2,2020-09-20,NYJ,SF,-7.0,41.5,0.27065517450846727,0,0.5066986273217217,0.43248804460604295,0.5,extratrees
2020_02_LA_PHI,2020,2,2020-09-20,PHI,LA,2.0,46.0,0.537852568752202,0,0.5320214732494009,0.4235699611683616,0.5,extratrees
2020_02_DEN_PIT,2020,2,2020-09-20,PIT,DEN,6.0,41.0,0.7072057697217258,0,0.505316146495584,0.4329754706177965,0.5,extratrees
2020_02_NE_SEA,2020,2,2020-09-20,SEA,NE,4.0,45.0,0.648330451760112,1,0.5388053404644949,0.42118109909548934,0.5,extratrees
2020_02_CAR_TB,2020,2,2020-09-20,TB,CAR,7.5,47.0,0.7510980966325037,1,0.40678700440233784,0.46838192537506695,0.5,extratrees
2020_02_JAX_TEN,2020,2,2020-09-20,TEN,JAX,7.0,44.5,0.7255610366150211,0,0.4888833644153345,0.4387787933314116,0.5,extratrees
2020_02_NO_LV,2020,2,2020-09-21,LV,NO,-4.0,47.5,0.3484602917341977,1,0.5717827134663762,0.4095345620920027,0.5,extratrees
2020_03_MIA_JAX,2020,3,2020-09-24,JAX,MIA,3.0,49.0,0.5649948822927329,0,0.5439306398584484,0.41937541558041497,0.5,extratrees
2020_03_DET_ARI,2020,3,2020-09-27,ARI,DET,4.5,55.5,0.6676212973221565,0,0.47103757139328445,0.44511018008872977,0.5,extratrees
2020_03_CHI_ATL,2020,3,2020-09-27,ATL,CHI,2.5,46.0,0.5605012156349355,0,0.4993148082450751,0.43509263920600877,0.5,extratrees
2020_03_LA_BUF,2020,3,2020-09-27,BUF,LA,1.5,46.5,0.5440238883060285,1,0.5349885878396667,0.4225252443175001,0.5,extratrees
2020_03_WAS_CLE,2020,3,2020-09-27,CLE,WAS,7.5,45.0,0.745785705017046,1,0.43491268335160194,0.4580779978543885,0.5,extratrees
2020_03_TB_DEN,2020,3,2020-09-27,DEN,TB,-6.0,42.5,0.29468911917098445,0,0.5126797258809983,0.43038027440681803,0.5,extratrees
2020_03_NYJ_IND,2020,3,2020-09-27,IND,NYJ,12.5,44.0,0.8360766173399501,1,0.45292928764974333,0.45158007229712416,0.5,extratrees
2020_03_CAR_LAC,2020,3,2020-09-27,LAC,CAR,6.0,43.5,0.7055264219443325,0,0.4456517030561959,0.45419663425248663,0.5,extratrees
2020_03_TEN_MIN,2020,3,2020-09-27,MIN,TEN,-3.0,49.5,0.40770645135502437,1,0.5270392743268222,0.42532396263809547,0.5,extratrees
2020_03_LV_NE,2020,3,2020-09-27,NE,LV,7.0,47.0,0.7347120560783859,1,0.5202072818610882,0.4277292259053256,0.5,extratrees
2020_03_GB_NO,2020,3,2020-09-27,NO,GB,3.5,52.0,0.6162961291050671,0,0.5209798296255721,0.42745722035985917,0.5,extratrees
2020_03_SF_NYG,2020,3,2020-09-27,NYG,SF,-3.0,44.0,0.4166248368637687,0,0.49455965261217916,0.43677188219470564,0.5,extratrees
2020_03_CIN_PHI,2020,3,2020-09-27,PHI,CIN,5.5,46.5,0.6809275140133186,0,0.5070080136671086,0.4323789763798641,0.5,extratrees
2020_03_HOU_PIT,2020,3,2020-09-27,PIT,HOU,4.0,46.5,0.644674925573802,1,0.44259821677313843,0.45529767202961346,0.5,extratrees
2020_03_DAL_SEA,2020,3,2020-09-27,SEA,DAL,5.5,58.0,0.6841493589262952,1,0.5057582815362193,0.43281957486604034,0.5,extratrees
2020_03_KC_BAL,2020,3,2020-09-28,BAL,KC,3.5,55.0,0.6191482263983098,0,0.5351220152153212,0.42247826101093716,0.5,extratrees
2020_04_DEN_NYJ,2020,4,2020-10-01,NYJ,DEN,1.0,41.0,0.5207810820494446,0,0.5267399175695477,0.425429348727985,0.5,extratrees
2020_04_ARI_CAR,2020,4,2020-10-04,CAR,ARI,-3.0,52.5,0.4044887231062215,1,0.47781666295521164,0.44270064409640203,0.5,extratrees
2020_04_IND_CHI,2020,4,2020-10-04,CHI,IND,-3.5,43.5,0.3808517736016902,0,0.4872302513528232,0.4393638162556425,0.5,extratrees
2020_04_JAX_CIN,2020,4,2020-10-04,CIN,JAX,1.0,50.0,0.5150073206442166,1,0.4908131181484336,0.43809619279725803,0.5,extratrees
2020_04_CLE_DAL,2020,4,2020-10-04,DAL,CLE,3.5,56.5,0.6205588133839255,0,0.48853436221849694,0.43890228058813596,0.5,extratrees
2020_04_NO_DET,2020,4,2020-10-04,DET,NO,-3.0,51.5,0.40770645135502437,0,0.5028696579242671,0.4338382893183635,0.5,extratrees
2020_04_MIN_HOU,2020,4,2020-10-04,HOU,MIN,3.5,52.5,0.6162961291050671,0,0.4627745391782071,0.44805588385497847,0.5,extratrees
2020_04_NYG_LA,2020,4,2020-10-04,LA,NYG,13.5,49.5,0.8711407299422085,0,0.47077183791295324,0.44520475635871143,0.5,extratrees
2020_04_BUF_LV,2020,4,2020-10-04,LV,BUF,-3.0,53.0,0.3837038708949329,0,0.5273359089138527,0.4252195348089133,0.5,extratrees
2020_04_SEA_MIA,2020,4,2020-10-04,MIA,SEA,-4.5,55.0,0.3285592220368638,0,0.5108872140324039,0.4310118105429533,0.5,extratrees
2020_04_PHI_SF,2020,4,2020-10-04,SF,PHI,8.5,45.5,0.7397124442240952,0,0.4966064391906731,0.436048871961679,0.5,extratrees
2020_04_LAC_TB,2020,4,2020-10-04,TB,LAC,7.5,42.5,0.745785705017046,0,0.5078928703007061,0.43206706262126976,0.5,extratrees
2020_04_BAL_WAS,2020,4,2020-10-04,WAS,BAL,-14.5,45.0,0.12237778415242397,1,0.4719472735692496,0.4447864852188565,0.5,extratrees
2020_04_ATL_GB,2020,4,2020-10-05,GB,ATL,5.0,56.5,0.6700755434503315,1,0.5045370690249972,0.43325019675161713,0.5,extratrees
2020_04_NE_KC,2020,4,2020-10-05,KC,NE,7.0,52.5,0.7279106401260202,1,0.5171801924495698,0.42879513446147444,0.5,extratrees
2020_05_TB_CHI,2020,5,2020-10-08,CHI,TB,-3.5,44.0,0.3689461650384535,1,0.5200011755506874,0.42780179524976303,0.5,extratrees
2020_05_CAR_ATL,2020,5,2020-10-11,ATL,CAR,2.5,53.5,0.5668328047122791,0,0.48697978731210767,0.43945247644232976,0.5,extratrees
2020_05_CIN_BAL,2020,5,2020-10-11,BAL,CIN,12.5,49.0,0.8502780289413667,1,0.5140962778249705,0.429881275760823,0.5,extratrees
2020_05_IND_CLE,2020,5,2020-10-11,CLE,IND,1.0,48.5,0.5103878116343491,1,0.4751058042809083,0.4436634665317525,0.5,extratrees
2020_05_NYG_DAL,2020,5,2020-10-11,DAL,NYG,7.5,52.0,0.7531355103799062,0,0.42443550588889345,0.46189099271438183,0.5,extratrees
2020_05_JAX_HOU,2020,5,2020-10-11,HOU,JAX,6.5,55.0,0.7166928161923811,1,0.47397178498045583,0.4440665163914954,0.5,extratrees
2020_05_LV_KC,2020,5,2020-10-11,KC,LV,11.0,54.5,0.8009757715644134,0,0.50990336464695,0.4313584920169554,0.5,extratrees
2020_05_ARI_NYJ,2020,5,2020-10-11,NYJ,ARI,-7.0,48.5,0.2744389633849788,0,0.49691497640200943,0.4359399113519073,0.5,extratrees
2020_05_PHI_PIT,2020,5,2020-10-11,PIT,PHI,7.5,44.0,0.7645462526937505,1,0.4827161725833155,0.44096270679939226,0.5,extratrees
2020_05_MIN_SEA,2020,5,2020-10-11,SEA,MIN,6.5,54.0,0.7184337879454465,0,0.5056470355021089,0.4328587989883484,0.5,extratrees
2020_05_MIA_SF,2020,5,2020-10-11,SF,MIA,8.5,50.5,0.7580179712692672,0,0.4334189673730439,0.45861994729992084,0.5,extratrees
2020_05_LA_WAS,2020,5,2020-10-11,WAS,LA,-7.0,45.0,0.2683718772778477,0,0.46545961901358657,0.4470975440094403,0.5,extratrees
2020_05_LAC_NO,2020,5,2020-10-12,NO,LAC,7.0,49.5,0.7497605909982216,0,0.4933669083698206,0.43719336143948745,0.5,extratrees
2020_05_BUF_TEN,2020,5,2020-10-13,TEN,BUF,-3.0,52.0,0.38953488372093026,1,0.5135842396206685,0.4300616402043316,0.5,extratrees
2020_06_CHI_CAR,2020,6,2020-10-18,CAR,CHI,2.0,45.0,0.5399277029247453,0,0.5418424537016616,0.42011121603919216,0.5,extratrees
2020_06_CIN_IND,2020,6,2020-10-18,IND,CIN,7.5,46.0,0.7498863119599818,0,0.5175487699989881,0.4286653395175113,0.5,extratrees
2020_06_DET_JAX,2020,6,2020-10-18,JAX,DET,-3.0,52.5,0.40832074076455643,0,0.39340248341222417,0.4733704097496914,0.5,extratrees
2020_06_NYJ_MIA,2020,6,2020-10-18,MIA,NYJ,9.5,46.0,0.7796024200518582,1,0.3774133138826525,0.47941617054047453,0.5,extratrees
2020_06_ATL_MIN,2020,6,2020-10-18,MIN,ATL,3.5,53.0,0.6354245784596689,0,0.45654766489302107,0.4502828765278289,0.5,extratrees
2020_06_DEN_NE,2020,6,2020-10-18,NE,DEN,7.0,43.5,0.7443860487338748,0,0.40887989163982774,0.4676072922276549,0.5,extratrees
2020_06_WAS_NYG,2020,6,2020-10-18,NYG,WAS,2.0,42.5,0.5480494766888677,0,0.48717271121555106,0.4393841839814056,0.5,extratrees
2020_06_BAL_PHI,2020,6,2020-10-18,PHI,BAL,-10.5,46.5,0.2163676758298239,1,0.5214935340044036,0.42727635550640164,0.5,extratrees
2020_06_CLE_PIT,2020,6,2020-10-18,PIT,CLE,3.0,50.0,0.5986798270759409,1,0.48502975006335475,0.44014297222388554,0.5,extratrees
2020_06_LA_SF,2020,6,2020-10-18,SF,LA,-2.0,51.0,0.4600722970752547,1,0.518232575894909,0.42842454469241026,0.5,extratrees
2020_06_GB_TB,2020,6,2020-10-18,TB,GB,-3.0,55.0,0.4224502112251056,1,0.4268930281274447,0.4609941126415056,0.5,extratrees
2020_06_HOU_TEN,2020,6,2020-10-18,TEN,HOU,4.0,52.0,0.6379977530895019,1,0.47652584040021445,0.4431589941380325,0.5,extratrees
2020_06_KC_BUF,2020,6,2020-10-19,BUF,KC,-5.5,55.0,0.32135553607946243,0,0.4910433201444717,0.4380147872407629,0.5,extratrees
2020_06_ARI_DAL,2020,6,2020-10-19,DAL,ARI,1.0,55.5,0.5195545777019441,0,0.4991934766879593,0.43513546624307026,0.5,extratrees
2020_07_NYG_PHI,2020,7,2020-10-22,PHI,NYG,5.0,44.5,0.6721843886695558,0,0.5642978796445969,0.4121854983232722,0.5,extratrees
2020_07_SEA_ARI,2020,7,2020-10-25,ARI,SEA,-3.5,55.5,0.36630974947487066,1,0.42984142361636407,0.45992015245916695,0.5,extratrees
2020_07_DET_ATL,2020,7,2020-10-25,ATL,DET,1.0,54.0,0.5172913928296243,0,0.5070418025296419,0.4323670650477321,0.5,extratrees
2020_07_CLE_CIN,2020,7,2020-10-25,CIN,CLE,-4.5,50.0,0.34927302475080935,1,0.49277253437505497,0.43740343854944275,0.5,extratrees
2020_07_KC_DEN,2020,7,2020-10-25,DEN,KC,-7.0,46.0,0.26994359387590655,0,0.5307126282951663,0.42403076353686947,0.5,extratrees
2020_07_GB_HOU,2020,7,2020-10-25,HOU,GB,-2.5,55.5,0.43026174256005734,0,0.5225344523523504,0.42690987953611853,0.5,extratrees
2020_07_JAX_LAC,2020,7,2020-10-25,LAC,JAX,8.0,48.0,0.7717353250087524,1,0.45347415454470613,0.4513845831872087,0.5,extratrees
2020_07_TB_LV,2020,7,2020-10-25,LV,TB,-3.5,51.5,0.35946425054165854,0,0.5058417777947565,0.4327901354292551,0.5,extratrees
2020_07_SF_NE,2020,7,2020-10-25,NE,SF,3.0,44.0,0.6099342585829073,0,0.5031663232037518,0.4337336444125352,0.5,extratrees
2020_07_CAR_NO,2020,7,2020-10-25,NO,CAR,7.0,49.5,0.7382412574463144,0,0.49163618746856497,0.4378051550412138,0.5,extratrees
2020_07_BUF_NYJ,2020,7,2020-10-25,NYJ,BUF,-9.5,47.0,0.22725484478632957,1,0.48985396699150197,0.4384354252420091,0.5,extratrees
2020_07_PIT_TEN,2020,7,2020-10-25,TEN,PIT,1.0,51.0,0.5195545777019441,0,0.5580706651603949,0.4143869442019439,0.5,extratrees
2020_07_DAL_WAS,2020,7,2020-10-25,WAS,DAL,-1.0,44.5,0.48837209302325585,1,0.454609308428698,0.4509774851070857,0.5,extratrees
2020_07_CHI_LA,2020,7,2020-10-26,LA,CHI,6.5,44.0,0.7231682018677297,1,0.5177127665842205,0.4286075889602468,0.5,extratrees
2020_08_ATL_CAR,2020,8,2020-10-29,CAR,ATL,1.5,52.0,0.521797153024911,0,0.5229742163751182,0.4267550554474236,0.5,extratrees
2020_08_PIT_BAL,2020,8,2020-11-01,BAL,PIT,4.0,44.0,0.6495327102803738,0,0.4752061743639635,0.4436278013072904,0.5,extratrees
2020_08_NE_BUF,2020,8,2020-11-01,BUF,NE,4.0,41.0,0.6459016393442624,0,0.4556218983726512,0.4506145401109533,0.5,extratrees
2020_08_NO_CHI,2020,8,2020-11-01,CHI,NO,-5.5,41.0,0.3223657136138275,1,0.5079913746960595,0.4320323419069053,0.5,extratrees
2020_08_TEN_CIN,2020,8,2020-11-01,CIN,TEN,-7.5,49.5,0.2596297346966464,1,0.5002767720493538,0.43475312472126865,0.5,extratrees
2020_08_LV_CLE,2020,8,2020-11-01,CLE,LV,1.0,48.0,0.5508689709041202,0,0.4839811904581025,0.4405144218818197,0.5,extratrees
2020_08_LAC_DEN,2020,8,2020-11-01,DEN,LAC,-3.0,44.5,0.4207141879874127,1,0.4669652988665145,0.4465606348495438,0.5,extratrees
2020_08_IND_DET,2020,8,2020-11-01,DET,IND,-3.5,49.0,0.3676233473073202,0,0.4221451122526336,0.4627283290199267,0.5,extratrees
2020_08_MIN_GB,2020,8,2020-11-01,GB,MIN,5.5,47.0,0.6940796970600095,0,0.45378178166891325,0.45127423604535416,0.5,extratrees
2020_08_NYJ_KC,2020,8,2020-11-01,KC,NYJ,20.0,49.0,0.9254205701985654,1,0.4358872912136487,0.4577246760732525,0.5,extratrees
2020_08_LA_MIA,2020,8,2020-11-01,MIA,LA,-3.5,46.5,0.37895430579964856,1,0.4695958413849118,0.4456234202614069,0.5,extratrees
2020_08_DAL_PHI,2020,8,2020-11-01,PHI,DAL,10.0,43.0,0.7770439484940493,1,0.43219644409807945,0.4590639020335969,0.5,extratrees
2020_08_SF_SEA,2020,8,2020-11-01,SEA,SF,1.0,54.5,0.5116279069767442,1,0.4781403685938419,0.44258573351002284,0.5,extratrees
2020_08_TB_NYG,2020,8,2020-11-02,NYG,TB,-13.0,47.0,0.16997029172551503,1,0.5526410826482849,0.4163039111870101,0.5,extratrees
2020_09_GB_SF,2020,9,2020-11-05,SF,GB,-6.0,48.5,0.30868052457846373,0,0.5194192800433162,0.42800668261666336,0.5,extratrees
2020_09_MIA_ARI,2020,9,2020-11-08,ARI,MIA,6.0,49.0,0.6873022714142923,0,0.5054174744310928,0.4329397417259931,0.5,extratrees
2020_09_DEN_ATL,2020,9,2020-11-08,ATL,DEN,4.5,50.0,0.6676212973221565,1,0.49847916186641805,0.43538762215070376,0.5,extratrees
2020_09_SEA_BUF,2020,9,2020-11-08,BUF,SEA,-3.0,55.0,0.3945716506247385,1,0.4844221144618288,0.4403582116009604,0.5,extratrees
2020_09_PIT_DAL,2020,9,2020-11-08,DAL,PIT,-14.0,44.0,0.14019892792765798,1,0.5417613198026789,0.42013980122450223,0.5,extratrees
2020_09_BAL_IND,2020,9,2020-11-08,IND,BAL,1.0,48.0,0.497677011707861,0,0.5091639214691408,0.43161907782179765,0.5,extratrees
2020_09_HOU_JAX,2020,9,2020-11-08,JAX,HOU,-7.0,49.0,0.2783322958479118,1,0.41289073913077895,0.46612659511132704,0.5,extratrees
2020_09_CAR_KC,2020,9,2020-11-08,KC,CAR,10.0,51.5,0.7915272066558287,0,0.5598775551145015,0.41374851229538717,0.5,extratrees
2020_09_LV_LAC,2020,9,2020-11-08,LAC,LV,-1.0,52.5,0.4837531945965681,0,0.5162287169543347,0.42913021263714474,0.5,extratrees
2020_09_DET_MIN,2020,9,2020-11-08,MIN,DET,3.0,51.5,0.617727368199958,1,0.48583077256251667,0.43985928872983593,0.5,extratrees
2020_09_NO_TB,2020,9,2020-11-08,TB,NO,3.0,51.0,0.6252015045674368,0,0.5043390315055931,0.4333200359906797,0.5,extratrees
2020_09_CHI_TEN,2020,9,2020-11-08,TEN,CHI,6.5,46.5,0.7165025365562518,1,0.4992814710916597,0.4351044062966267,0.5,extratrees
2020_09_NYG_WAS,2020,9,2020-11-08,WAS,NYG,3.0,43.0,0.6023675823341934,0,0.4545422503644264,0.45100152745080885,0.5,extratrees
2020_09_NE_NYJ,2020,9,2020-11-09,NYJ,NE,-9.5,41.5,0.2354537473062495,1,0.47147233040294234,0.44495546768476296,0.5,extratrees
2020_10_IND_TEN,2020,10,2020-11-12,TEN,IND,-1.0,49.0,0.47698280643372154,0,0.5194646088417707,0.4279907219798824,0.5,extratrees
2020_10_BUF_ARI,2020,10,2020-11-15,ARI,BUF,3.0,55.5,0.590044398353696,0,0.49465941634323213,0.43673663393832945,0.5,extratrees
2020_10_TB_CAR,2020,10,2020-11-15,CAR,TB,-6.0,49.5,0.2983362973058321,0,0.537314372603959,0.42170621705395656,0.5,extratrees
2020_10_HOU_CLE,2020,10,2020-11-15,CLE,HOU,4.5,46.0,0.666540435916856,0,0.4602489039760817,0.44895837121875204,0.5,extratrees
2020_10_WAS_DET,2020,10,2020-11-15,DET,WAS,2.5,46.0,0.562379468921525,1,0.5176179627533529,0.4286409735696107,0.5,extratrees
2020_10_JAX_GB,2020,10,2020-11-15,GB,JAX,13.5,47.0,0.8713278884167888,0,0.5007132839558913,0.4345990827519762,0.5,extratrees
2020_10_SEA_LA,2020,10,2020-11-15,LA,SEA,3.0,55.0,0.5792858120125872,1,0.49204414621293113,0.4376609225016323,0.5,extratrees
2020_10_DEN_LV,2020,10,2020-11-15,LV,DEN,3.5,50.5,0.6362901596282077,1,0.483758102492134,0.4405934651881021,0.5,extratrees
2020_10_LAC_MIA,2020,10,2020-11-15,MIA,LAC,1.0,48.5,0.521797153024911,1,0.49379767580615486,0.43704112811317325,0.5,extratrees
2020_10_BAL_NE,2020,10,2020-11-15,NE,BAL,-7.0,44.0,0.2610933439936038,1,0.49915415795782914,0.43514934499645314,0.5,extratrees
2020_10_SF_NO,2020,10,2020-11-15,NO,SF,9.5,49.5,0.7707167103733034,1,0.4825996706255631,0.4410040003605002,0.5,extratrees
2020_10_PHI_NYG,2020,10,2020-11-15,NYG,PHI,-4.5,45.0,0.3313046548823297,1,0.41454607631395324,0.46551691622763297,0.5,extratrees
2020_10_CIN_PIT,2020,10,2020-11-15,PIT,CIN,6.5,45.5,0.7264615702621697,1,0.4625695364790711,0.44812909889042346,0.5,extratrees
2020_10_MIN_CHI,2020,10,2020-11-16,CHI,MIN,-3.5,44.0,0.38659793814432986,0,0.4771854634906024,0.4429247470664918,0.5,extratrees
2020_11_ARI_SEA,2020,11,2020-11-19,SEA,ARI,3.0,56.5,0.6054283493752616,1,0.5008307210941241,0.43455764211435427,0.5,extratrees
2020_11_TEN_BAL,2020,11,2020-11-22,BAL,TEN,6.0,50.5,0.6970295160196717,0,0.529609754504909,0.4244190369057598,0.5,extratrees
2020_11_DET_CAR,2020,11,2020-11-22,CAR,DET,-3.0,47.0,0.3871172000921022,1,0.4395993478249823,0.4563809655602823,0.5,extratrees
2020_11_PHI_CLE,2020,11,2020-11-22,CLE,PHI,2.5,45.5,0.5605012156349355,1,0.48691319391307264,0.43947605045804733,0.5,extratrees
2020_11_MIA_DEN,2020,11,2020-11-22,DEN,MIA,-4.0,46.0,0.35532507442619804,1,0.4932460961466579,0.4372360592521655,0.5,extratrees
2020_11_NE_HOU,2020,11,2020-11-22,HOU,NE,-2.5,49.5,0.42003945309842866,1,0.5089291039814883,0.4317018343353167,0.5,extratrees
2020_11_GB_IND,2020,11,2020-11-22,IND,GB,1.5,52.0,0.5327102803738317,1,0.5114218765824596,0.43082342620122255,0.5,extratrees
2020_11_PIT_JAX,2020,11,2020-11-22,JAX,PIT,-11.0,47.0,0.19941043870296515,0,0.4962568816860228,0.43617232754859253,0.5,extratrees
2020_11_NYJ_LAC,2020,11,2020-11-22,LAC,NYJ,10.0,47.0,0.7849902733695097,0,0.42741435933393557,0.4608040543548703,0.5,extratrees
2020_11_KC_LV,2020,11,2020-11-22,LV,KC,-7.5,56.5,0.24498087954110898,1,0.4348393449180413,0.45810459408068915,0.5,extratrees
2020_11_DAL_MIN,2020,11,2020-11-22,MIN,DAL,7.0,50.0,0.730924978687127,0,0.41407473352693863,0.46569043354686784,0.5,extratrees
2020_11_ATL_NO,2020,11,2020-11-22,NO,ATL,3.5,49.5,0.6279229893276131,1,0.43377774743571573,0.4584897261992693,0.5,extratrees
2020_11_CIN_WAS,2020,11,2020-11-22,WAS,CIN,2.0,48.0,0.534834771627026,1,0.4965547257279289,0.4360671353789027,0.5,extratrees
2020_11_LA_TB,2020,11,2020-11-23,TB,LA,4.0,47.5,0.6434398984710219,0,0.516287573593155,0.429109484616172,0.5,extratrees
2020_12_WAS_DAL,2020,12,2020-11-26,DAL,WAS,2.5,46.0,0.5605012156349355,0,0.5096704749026363,0.4314405617624533,0.5,extratrees
2020_12_HOU_DET,2020,12,2020-11-26,DET,HOU,-3.0,52.5,0.40770645135502437,0,0.4949406161712056,0.4366372854019183,0.5,extratrees
2020_12_LV_ATL,2020,12,2020-11-29,ATL,LV,-3.5,53.0,0.3689461650384535,1,0.5388203524840809,0.4211758115485897,0.5,extratrees
2020_12_LAC_BUF,2020,12,2020-11-29,BUF,LAC,4.5,51.0,0.6632563327113227,1,0.4908802851932718,0.4380724402560459,0.5,extratrees
2020_12_NYG_CIN,2020,12,2020-11-29,CIN,NYG,-6.5,45.0,0.2974714923153198,1,0.41579227726761464,0.46505846397261225,0.5,extratrees
2020_12_NO_DEN,2020,12,2020-11-29,DEN,NO,-17.0,36.5,0.09646730091144967,0,0.48265223630392423,0.4409853685236682,0.5,extratrees
2020_12_CHI_GB,2020,12,2020-11-29,GB,CHI,7.5,44.0,0.7530153174805347,1,0.5121672592471477,0.4305608141708803,0.5,extratrees
2020_12_TEN_IND,2020,12,2020-11-29,IND,TEN,3.0,51.5,0.5810079557598683,0,0.4979659911882804,0.4355687953287428,0.5,extratrees
2020_12_CLE_JAX,2020,12,2020-11-29,JAX,CLE,-7.5,48.5,0.2528312438831151,1,0.48600118318936014,0.4397989459494211,0.5,extratrees
2020_12_SF_LA,2020,12,2020-11-29,LA,SF,5.0,44.5,0.6643580181140117,0,0.4467428338864509,0.45380366106207687,0.5,extratrees
2020_12_CAR_MIN,2020,12,2020-11-29,MIN,CAR,3.0,50.0,0.5775497887748944,0,0.48640386524009654,0.43965636697031624,0.5,extratrees
2020_12_ARI_NE,2020,12,2020-11-29,NE,ARI,-1.0,51.0,0.478202846975089,1,0.510970993437163,0.4309822907679088,0.5,extratrees
2020_12_MIA_NYJ,2020,12,2020-11-29,NYJ,MIA,-7.5,46.0,0.2450980392156863,0,0.509058980500331,0.43165606177432997,0.5,extratrees
2020_12_KC_TB,2020,12,2020-11-29,TB,KC,-3.5,56.0,0.3915565107310036,1,0.5062072308616157,0.43266128677352855,0.5,extratrees
2020_12_SEA_PHI,2020,12,2020-11-30,PHI,SEA,-6.5,50.0,0.28827328924447726,1,0.5214409638587655,0.42729486422091406,0.5,extratrees
2020_12_BAL_PIT,2020,12,2020-12-02,PIT,BAL,10.5,41.5,0.812208284714119,0,0.495708888043856,0.43636588473331234,0.5,extratrees
2020_13_LA_ARI,2020,13,2020-12-06,ARI,LA,-2.5,49.0,0.4242002781641169,0,0.5282317933127909,0.42490414488572914,0.5,extratrees
2020_13_NO_ATL,2020,13,2020-12-06,ATL,NO,-2.5,46.0,0.4295364214803857,0,0.5425067110386378,0.4198771747889685,0.5,extratrees
2020_13_DET_CHI,2020,13,2020-12-06,CHI,DET,3.0,44.0,0.6018002898771837,0,0.44210127633405005,0.45547704821850826,0.5,extratrees
2020_13_PHI_GB,2020,13,2020-12-06,GB,PHI,8.0,50.0,0.7733375018390467,1,0.5397986299192985,0.4208312269207016,0.5,extratrees
2020_13_IND_HOU,2020,13,2020-12-06,HOU,IND,-3.5,50.0,0.37895430579964856,0,0.5076685268908482,0.43214614061344075,0.5,extratrees
2020_13_DEN_KC,2020,13,2020-12-06,KC,DEN,13.0,51.0,0.8412035102381947,0,0.5257097120014238,0.42579202461887916,0.5,extratrees
2020_13_NE_LAC,2020,13,2020-12-06,LAC,NE,2.5,47.0,0.5500363507751557,0,0.49992510760949893,0.43487723366614134,0.5,extratrees
2020_13_CIN_MIA,2020,13,2020-12-06,MIA,CIN,10.5,43.0,0.8050322142204421,1,0.4504352477878833,0.4524756060840717,0.5,extratrees
2020_13_JAX_MIN,2020,13,2020-12-06,MIN,JAX,10.5,51.0,0.7915272066558287,0,0.49969621796405983,0.43495801748771806,0.5,extratrees
2020_13_LV_NYJ,2020,13,2020-12-06,NYJ,LV,-7.5,48.0,0.24568411260977813,1,0.496535951258267,0.4360737659254901,0.5,extratrees
2020_13_NYG_SEA,2020,13,2020-12-06,SEA,NYG,11.0,48.5,0.8111245777988322,0,0.5140912497094617,0.4298830468641915,0.5,extratrees
2020_13_CLE_TEN,2020,13,2020-12-06,TEN,CLE,4.0,54.0,0.6495327102803738,0,0.5117953222928929,0.43069185184138814,0.5,extratrees
2020_13_WAS_PIT,2020,13,2020-12-07,PIT,WAS,5.5,43.5,0.7061546512095963,0,0.53495361345721,0.42253755966218465,0.5,extratrees
2020_13_BUF_SF,2020,13,2020-12-07,SF,BUF,1.5,48.0,0.5357590966122961,0,0.43813315461748287,0.4569113305992199,0.5,extratrees
2020_13_DAL_BAL,2020,13,2020-12-08,BAL,DAL,8.5,46.0,0.7722413312261782,1,0.46102439878816753,0.4486811515247329,0.5,extratrees
2020_14_NE_LA,2020,14,2020-12-10,LA,NE,5.0,43.5,0.6766178964388532,1,0.5028997077178234,0.43382768940070193,0.5,extratrees
2020_14_PIT_BUF,2020,14,2020-12-13,BUF,PIT,2.0,48.5,0.5399277029247453,1,0.5254951837712332,0.4258675478827316,0.5,extratrees
2020_14_DEN_CAR,2020,14,2020-12-13,CAR,DEN,4.0,46.0,0.648330451760112,0,0.4691849769503144,0.44576973751511645,0.5,extratrees
2020_14_HOU_CHI,2020,14,2020-12-13,CHI,HOU,-1.0,46.0,0.4792189179505553,1,0.4660936356437886,0.44687141863115293,0.5,extratrees
2020_14_DAL_CIN,2020,14,2020-12-13,CIN,DAL,-3.0,44.0,0.39360687022900764,0,0.48898961265969293,0.4387412018447664,0.5,extratrees
2020_14_GB_DET,2020,14,2020-12-13,DET,GB,-9.5,55.5,0.24757983754311783,1,0.5215087821820874,0.4272709869876484,0.5,extratrees
2020_14_TEN_JAX,2020,14,2020-12-13,JAX,TEN,-7.5,53.0,0.23850155231613795,0,0.5232812874569163,0.4266469485546025,0.5,extratrees
2020_14_ATL_LAC,2020,14,2020-12-13,LAC,ATL,1.0,49.0,0.5284039285250725,1,0.5319002116574739,0.4236126543373138,0.5,extratrees
2020_14_IND_LV,2020,14,2020-12-13,LV,IND,-2.5,51.5,0.4479937670432412,0,0.5140058382214401,0.42991313232704526,0.5,extratrees
2020_14_KC_MIA,2020,14,2020-12-13,MIA,KC,-7.5,51.5,0.25484501866887926,1,0.5391439392613206,0.4210618358779807,0.5,extratrees
2020_14_ARI_NYG,2020,14,2020-12-13,NYG,ARI,-3.0,47.0,0.40832074076455643,0,0.4763447742053097,0.4432233043166435,0.5,extratrees
2020_14_NO_PHI,2020,14,2020-12-13,PHI,NO,-7.5,43.0,0.252701289647961,1,0.5391879795220317,0.4210463235077909,0.5,extratrees
2020_14_NYJ_SEA,2020,14,2020-12-13,SEA,NYJ,16.5,49.5,0.8837648682394691,1,0.5057672497960335,0.4328164127847002,0.5,extratrees
2020_14_WAS_SF,2020,14,2020-12-13,SF,WAS,3.0,43.5,0.5833751631362314,0,0.446322463364937,0.45395502955657346,0.5,extratrees
2020_14_MIN_TB,2020,14,2020-12-13,TB,MIN,7.0,52.5,0.7382412574463144,1,0.45654512178913975,0.4502837874072775,0.5,extratrees
2020_14_BAL_CLE,2020,14,2020-12-14,CLE,BAL,-3.0,45.5,0.3808517736016902,0,0.5025340999328926,0.43395665938875455,0.5,extratrees
2020_15_LAC_LV,2020,15,2020-12-17,LV,LAC,3.5,52.0,0.6191482263983098,0,0.5221579564619812,0.4270424309351475,0.5,extratrees
2020_15_BUF_DEN,2020,15,2020-12-19,DEN,BUF,-5.5,49.0,0.31174797637278495,0,0.5033078489944871,0.43368372479773437,0.5,extratrees
2020_15_CAR_GB,2020,15,2020-12-19,GB,CAR,9.5,53.0,0.782639650883262,0,0.5360051797846357,0.4221672658737156,0.5,extratrees
2020_15_PHI_ARI,2020,15,2020-12-20,ARI,PHI,6.5,49.5,0.7016637026941679,1,0.488376271100891,0.43895822166745835,0.5,extratrees
2020_15_TB_ATL,2020,15,2020-12-20,ATL,TB,-6.0,49.5,0.299206017551191,1,0.5036269978316175,0.43357115742344193,0.5,extratrees
2020_15_JAX_BAL,2020,15,2020-12-20,BAL,JAX,13.0,49.5,0.8541238464403459,1,0.49843535266159744,0.43540308812032175,0.5,extratrees
2020_15_SF_DAL,2020,15,2020-12-20,DAL,SF,-4.0,46.0,0.3480866758875058,1,0.5015301789077369,0.4343108390355551,0.5,extratrees
2020_15_HOU_IND,2020,15,2020-12-20,IND,HOU,7.5,52.5,0.7639021449741297,0,0.4749533684215557,0.44371763514193463,0.5,extratrees
2020_15_NYJ_LA,2020,15,2020-12-20,LA,NYJ,17.5,44.5,0.9086641283062269,0,0.47243844988258527,0.4446117595068141,0.5,extratrees
2020_15_NE_MIA,2020,15,2020-12-20,MIA,NE,-1.5,40.0,0.4672897196261682,1,0.497204686478118,0.4358376059748038,0.5,extratrees
2020_15_CHI_MIN,2020,15,2020-12-20,MIN,CHI,2.5,47.5,0.5883967071736573,0,0.5016817302801173,0.43425736830949835,0.5,extratrees
2020_15_KC_NO,2020,15,2020-12-20,NO,KC,-2.5,53.5,0.4357578877693609,0,0.5103429487161022,0.43120358984358936,0.5,extratrees
2020_15_CLE_NYG,2020,15,2020-12-20,NYG,CLE,-6.0,44.5,0.2901043906634867,0,0.5048579512894826,0.43313704005706827,0.5,extratrees
2020_15_DET_TEN,2020,15,2020-12-20,TEN,DET,9.5,54.5,0.7717353250087524,1,0.5024113988537243,0.43399994459704205,0.5,extratrees
2020_15_SEA_WAS,2020,15,2020-12-20,WAS,SEA,-6.0,44.5,0.30476951262926655,1,0.4720241517372194,0.44475913524766086,0.5,extratrees
2020_15_PIT_CIN,2020,15,2020-12-21,CIN,PIT,-14.5,40.5,0.12392310583175953,1,0.5060496387025345,0.432716848578072,0.5,extratrees
2020_16_MIN_NO,2020,16,2020-12-25,NO,MIN,6.5,49.0,0.7300564061240935,1,0.4934015779125338,0.43718110864992943,0.5,extratrees
2020_16_SF_ARI,2020,16,2020-12-26,ARI,SF,6.0,49.0,0.7159090909090909,0,0.46612845160467126,0.44685900310889,0.5,extratrees
2020_16_TB_DET,2020,16,2020-12-26,DET,TB,-12.0,55.0,0.1740093929817051,0,0.5063626325140813,0.43260649850225585,0.5,extratrees
2020_16_MIA_LV,2020,16,2020-12-26,LV,MIA,-2.0,50.0,0.45801526717557256,1,0.4818330721494138,0.4412757547815272,0.5,extratrees
2020_16_NYG_BAL,2020,16,2020-12-27,BAL,NYG,10.0,43.5,0.7834776815456361,1,0.542703033656552,0.41980800015470104,0.5,extratrees
2020_16_PHI_DAL,2020,16,2020-12-27,DAL,PHI,-3.0,50.0,0.3915565107310036,1,0.49805067940640346,0.43553889515807204,0.5,extratrees
2020_16_TEN_GB,2020,16,2020-12-27,GB,TEN,3.0,52.5,0.6233496049929973,1,0.5155312693074462,0.4293758454377789,0.5,extratrees
2020_16_CIN_HOU,2020,16,2020-12-27,HOU,CIN,7.5,46.0,0.7418160561184722,0,0.4694713374760594,0.4456677561043979,0.5,extratrees
2020_16_CHI_JAX,2020,16,2020-12-27,JAX,CHI,-9.5,47.0,0.20624719772829175,0,0.5027597552549928,0.4338770574010152,0.5,extratrees
2020_16_ATL_KC,2020,16,2020-12-27,KC,ATL,11.0,54.0,0.8096263917938955,0,0.5543139607360081,0.41571350682124675,0.5,extratrees
2020_16_DEN_LAC,2020,16,2020-12-27,LAC,DEN,2.5,47.5,0.5419847328244275,1,0.4826633685824771,0.4409814227407077,0.5,extratrees
2020_16_CLE_NYJ,2020,16,2020-12-27,NYJ,CLE,-6.5,45.0,0.26978176462712544,1,0.49839086772442726,0.4354187927811372,0.5,extratrees
2020_16_IND_PIT,2020,16,2020-12-27,PIT,IND,-1.0,43.0,0.497677011707861,1,0.5079893305818172,0.43203306240933753,0.5,extratrees
2020_16_LA_SEA,2020,16,2020-12-27,SEA,LA,1.5,48.0,0.5460453954604539,1,0.4738618930760144,0.44410558278149065,0.5,extratrees
2020_16_CAR_WAS,2020,16,2020-12-27,WAS,CAR,-1.0,41.0,0.4837531945965681,0,0.4873796179017542,0.4393109458577227,0.5,extratrees
2020_16_BUF_NE,2020,16,2020-12-28,NE,BUF,-7.0,47.0,0.26392474629994117,0,0.505288355894191,0.43298526986012165,0.5,extratrees
2020_17_MIA_BUF,2020,17,2021-01-03,BUF,MIA,-3.5,42.5,0.40995560164630396,1,0.47503192884700945,0.4436897180491711,0.5,extratrees
2020_17_NO_CAR,2020,17,2021-01-03,CAR,NO,-6.0,47.0,0.3050108932461874,0,0.5231009577758607,0.4267104349947278,0.5,extratrees
2020_17_GB_CHI,2020,17,2021-01-03,CHI,GB,-4.5,48.5,0.3430627570177007,0,0.5007699210592272,0.4345790968201206,0.5,extratrees
2020_17_BAL_CIN,2020,17,2021-01-03,CIN,BAL,-13.5,46.0,0.13899131574838086,0,0.5245202002513567,0.4262107866662771,0.5,extratrees
2020_17_PIT_CLE,2020,17,2021-01-03,CLE,PIT,10.5,45.0,0.7963340122199594,0,0.49507684371140526,0.43658915814156474,0.5,extratrees
2020_17_LV_DEN,2020,17,2021-01-03,DEN,LV,-2.5,50.5,0.4242002781641169,1,0.4449122635427019,0.4544630845567425,0.5,extratrees
2020_17_MIN_DET,2020,17,2021-01-03,DET,MIN,-3.0,54.0,0.39819971012281646,1,0.4755562842701672,0.443503404335823,0.5,extratrees
2020_17_TEN_HOU,2020,17,2021-01-03,HOU,TEN,-7.0,55.5,0.27065517450846727,1,0.5205793020236971,0.4275982405736268,0.5,extratrees
2020_17_JAX_IND,2020,17,2021-01-03,IND,JAX,15.5,48.0,0.9035326990885503,0,0.43487986657944533,0.4580898987189037,0.5,extratrees
2020_17_LAC_KC,2020,17,2021-01-03,KC,LAC,-7.0,43.0,0.28252766108514293,0,0.46776190807855694,0.44627671034254984,0.5,extratrees
2020_17_ARI_LA,2020,17,2021-01-03,LA,ARI,1.0,42.0,0.5419847328244275,1,0.47555098139082114,0.44350528837632947,0.5,extratrees
2020_17_NYJ_NE,2020,17,2021-01-03,NE,NYJ,3.0,41.0,0.6018002898771837,1,0.4683436820009703,0.44606941585210336,0.5,extratrees
2020_17_DAL_NYG,2020,17,2021-01-03,NYG,DAL,-1.5,44.5,0.46635295110679686,1,0.49212398808398405,0.4376326963341112,0.5,extratrees
2020_17_WAS_PHI,2020,17,2021-01-03,PHI,WAS,-6.5,43.5,0.2817523080884246,1,0.47872050688577106,0.44237982485033894,0.5,extratrees
2020_17_SEA_SF,2020,17,2021-01-03,SF,SEA,-7.0,45.0,0.26544089084552636,1,0.45469453694541934,0.4509469292888349,0.5,extratrees
2020_17_ATL_TB,2020,17,2021-01-03,TB,ATL,7.5,51.0,0.7416762342135478,1,0.47863627607525394,0.4424097184126785,0.5,extratrees
2020_18_IND_BUF,2020,18,2021-01-09,BUF,IND,7.0,50.5,0.7424632631419482,0,0.47967315524541326,0.4420417879983216,0.5,extratrees
2020_18_LA_SEA,2020,18,2021-01-09,SEA,LA,3.0,42.0,0.6162961291050671,0,0.4636221204004887,0.4477532485161896,0.5,extratrees
2020_18_TB_WAS,2020,18,2021-01-09,WAS,TB,-10.0,45.0,0.20494824688154287,1,0.49985203716697657,0.43490302261330505,0.5,extratrees
2020_18_CHI_NO,2020,18,2021-01-10,NO,CHI,11.0,48.0,0.8215806113982332,1,0.47448136706084393,0.4438853815057936,0.5,extratrees
2020_18_CLE_PIT,2020,18,2021-01-10,PIT,CLE,5.0,47.5,0.6860820446337623,0,0.46053892282563197,0.44885468514519994,0.5,extratrees
2020_18_BAL_TEN,2020,18,2021-01-10,TEN,BAL,-3.5,53.0,0.37073068125049297,0,0.5061052387576731,0.43269724568564927,0.5,extratrees
2020_19_BAL_BUF,2020,19,2021-01-16,BUF,BAL,2.5,50.0,0.5642421122306391,1,0.5078323978193927,0.4320883781144481,0.5,extratrees
2020_19_LA_GB,2020,19,2021-01-16,GB,LA,7.0,45.0,0.755019120458891,1,0.5118562830379343,0.4306703743226873,0.5,extratrees
2020_19_CLE_KC,2020,19,2021-01-17,KC,CLE,7.5,55.5,0.7666849658850287,0,0.4476595855046368,0.4534736783530787,0.5,extratrees
2020_19_TB_NO,2020,19,2021-01-17,NO,TB,2.5,53.0,0.556697108066971,0,0.4708446862610665,0.44517882817934273,0.5,extratrees
2020_20_TB_GB,2020,20,2021-01-24,GB,TB,3.0,53.0,0.6210456942003515,0,0.4736922159223223,0.4441659058551309,0.5,extratrees
2020_20_BUF_KC,2020,20,2021-01-24,KC,BUF,3.0,54.5,0.5971016303329377,1,0.5171855327110108,0.4287932538605554,0.5,extratrees
2020_21_KC_TB,2020,21,2021-02-07,TB,KC,-3.0,55.0,0.39819971012281646,1,0.3963178186649525,0.47227855365788685,0.5,extratrees
2021_01_DAL_TB,2021,1,2021-09-09,TB,DAL,10.0,52.5,0.7849902733695097,0,0.47718358474738315,0.4955741342598561,0.5,extratrees
2021_01_PHI_ATL,2021,1,2021-09-12,ATL,PHI,3.5,49.0,0.6265670845558816,0,0.4628168275155805,0.5024389246704477,0.5,extratrees
2021_01_PIT_BUF,2021,1,2021-09-12,BUF,PIT,6.5,48.0,0.7072057697217258,0,0.4812936293481119,0.4936142632415675,0.5,extratrees
2021_01_NYJ_CAR,2021,1,2021-09-12,CAR,NYJ,3.5,44.5,0.6310538349615464,1,0.4435493060893065,0.5116920324393486,0.5,extratrees
2021_01_MIN_CIN,2021,1,2021-09-12,CIN,MIN,-3.0,47.0,0.43949878436506445,1,0.458699073041377,0.5044113739193214,0.5,extratrees
2021_01_SF_DET,2021,1,2021-09-12,DET,SF,-9.5,46.0,0.2184424838819138,1,0.4905604618369357,0.4892002132434194,0.5,extratrees
2021_01_JAX_HOU,2021,1,2021-09-12,HOU,JAX,-3.5,45.5,0.3837038708949329,1,0.4644145505982468,0.5016742430406598,0.5,extratrees
2021_01_SEA_IND,2021,1,2021-09-12,IND,SEA,-3.0,49.0,0.4207141879874127,0,0.5365052692294854,0.4673401619098656,0.5,extratrees
2021_01_CLE_KC,2021,1,2021-09-12,KC,CLE,5.5,54.5,0.6873022714142923,0,0.45502732052941375,0.5061723413004782,0.5,extratrees
2021_01_CHI_LA,2021,1,2021-09-12,LA,CHI,9.5,46.0,0.7711337105475873,1,0.4919453270506096,0.48854103052465786,0.5,extratrees
2021_01_MIA_NE,2021,1,2021-09-12,NE,MIA,3.5,43.5,0.617727368199958,0,0.46723695696187917,0.5003242464416506,0.5,extratrees
2021_01_GB_NO,2021,1,2021-09-12,NO,GB,-4.0,49.0,0.37207701067238685,1,0.41656089000054775,0.524782460661416,0.5,extratrees
2021_01_DEN_NYG,2021,1,2021-09-12,NYG,DEN,-3.0,41.5,0.43316719528772085,0,0.4852328457251913,0.4917371708206246,0.5,extratrees
2021_01_ARI_TEN,2021,1,2021-09-12,TEN,ARI,2.5,54.0,0.5782326921098653,0,0.46806961370395334,0.499926168715124,0.5,extratrees
2021_01_LAC_WAS,2021,1,2021-09-12,WAS,LAC,2.5,45.5,0.5500363507751557,0,0.4417687727597184,0.5125505027346048,0.5,extratrees
2021_01_BAL_LV,2021,1,2021-09-13,LV,BAL,-3.0,50.5,0.39101972672553925,1,0.5184358778067812,0.47594166939611426,0.5,extratrees
2021_02_NYG_WAS,2021,2,2021-09-16,WAS,NYG,4.0,42.0,0.6471201212580523,0,0.48360146084468847,0.49251440416896486,0.5,extratrees
2021_02_MIN_ARI,2021,2,2021-09-19,ARI,MIN,4.0,51.0,0.6392711044998141,0,0.44844455010001694,0.5093350220052438,0.5,extratrees
2021_02_KC_BAL,2021,2,2021-09-19,BAL,KC,-3.5,53.5,0.38514560209200854,1,0.5152797696964906,0.47744267591990486,0.5,extratrees
2021_02_NO_CAR,2021,2,2021-09-19,CAR,NO,-3.0,45.0,0.4224502112251056,1,0.5422738275370135,0.4645894937592168,0.5,extratrees
2021_02_CIN_CHI,2021,2,2021-09-19,CHI,CIN,2.0,44.5,0.5440238883060285,1,0.5143680579146397,0.47787623876845126,0.5,extratrees
2021_02_HOU_CLE,2021,2,2021-09-19,CLE,HOU,13.5,48.5,0.8439623496250064,0,0.4870601125218121,0.4908668391218749,0.5,extratrees
2021_02_LA_IND,2021,2,2021-09-19,IND,LA,-4.0,48.0,0.3453742498018345,1,0.5738301107172213,0.44946918452688184,0.5,extratrees
2021_02_DEN_JAX,2021,2,2021-09-19,JAX,DEN,-6.0,45.0,0.31269772858570755,0,0.4642680841632938,0.5017443285043098,0.5,extratrees
2021_02_DAL_LAC,2021,2,2021-09-19,LAC,DAL,3.0,55.0,0.5850622406639003,0,0.48153674328673574,0.49349838055879036,0.5,extratrees
2021_02_BUF_MIA,2021,2,2021-09-19,MIA,BUF,-3.5,48.0,0.3747984954325632,0,0.4113409579170339,0.527336482989846,0.5,extratrees
2021_02_NE_NYJ,2021,2,2021-09-19,NYJ,NE,-5.5,43.0,0.31709972076293247,0,0.4857607101390624,0.49148572402944174,0.5,extratrees
2021_02_SF_PHI,2021,2,2021-09-19,PHI,SF,-3.0,49.0,0.4242002781641169,0,0.4992189281517348,0.48508030314359657,0.5,extratrees
2021_02_LV_PIT,2021,2,2021-09-19,PIT,LV,5.5,46.5,0.6766178964388532,0,0.5021586680592134,0.48368211023360214,0.5,extratrees
2021_02_TEN_SEA,2021,2,2021-09-19,SEA,TEN,6.5,53.5,0.7199692401445134,0,0.4208508006125821,0.5226893787392087,0.5,extratrees
2021_02_ATL_TB,2021,2,2021-09-19,TB,ATL,13.5,52.0,0.8579119575560857,1,0.4104199364356119,0.5277879745640969,0.5,extratrees
2021_02_DET_GB,2021,2,2021-09-20,GB,DET,11.5,49.5,0.8061357702349868,1,0.44068607877239346,0.5130728308999819,0.5,extratrees
2021_03_CAR_HOU,2021,3,2021-09-23,HOU,CAR,-8.0,43.0,0.21652231845436373,0,0.4963039600492254,0.4864669699393745,0.5,extratrees
2021_03_WAS_BUF,2021,3,2021-09-26,BUF,WAS,7.5,45.5,0.7451549813311207,1,0.5007398834122373,0.48435688195753873,0.5,extratrees
2021_03_CHI_CLE,2021,3,2021-09-26,CLE,CHI,7.5,45.0,0.7661538461538461,1,0.4492827376173748,0.5089318937559428,0.5,extratrees
2021_03_NYJ_DEN,2021,3,2021-09-26,DEN,NYJ,10.5,42.0,0.8299958535574039,1,0.4613661794956279,0.5031335215226356,0.5,extratrees
2021_03_BAL_DET,2021,3,2021-09-26,DET,BAL,-7.5,51.0,0.24770150852450237,1,0.4725923875004455,0.49776535602596694,0.5,extratrees
2021_03_ARI_JAX,2021,3,2021-09-26,JAX,ARI,-8.0,51.5,0.2402841621395737,0,0.43560764429286536,0.5155261583893043,0.5,extratrees
2021_03_LAC_KC,2021,3,2021-09-26,KC,LAC,6.5,55.0,0.7115258195992297,0,0.4564672696632307,0.5054814907584342,0.5,extratrees
2021_03_TB_LA,2021,3,2021-09-26,LA,TB,-1.0,55.0,0.497677011707861,1,0.5503720680452684,0.4607223254828183,0.5,extratrees
2021_03_MIA_LV,2021,3,2021-09-26,LV,MIA,4.0,45.0,0.6430392656807752,0,0.4417706328038521,0.5125496055938006,0.5,extratrees
2021_03_SEA_MIN,2021,3,2021-09-26,MIN,SEA,-2.0,53.5,0.4672897196261682,1,0.48236061216880893,0.49310571117008484,0.5,extratrees
2021_03_NO_NE,2021,3,2021-09-26,NE,NO,3.0,44.0,0.5757997218358832,0,0.4975524330620527,0.4858730283828958,0.5,extratrees
2021_03_ATL_NYG,2021,3,2021-09-26,NYG,ATL,3.0,48.0,0.5740354444580784,0,0.43961419279894487,0.5135901849393276,0.5,extratrees
2021_03_CIN_PIT,2021,3,2021-09-26,PIT,CIN,2.5,42.5,0.5686556434219986,0,0.45170759319915005,0.5077663617559691,0.5,extratrees
2021_03_GB_SF,2021,3,2021-09-26,SF,GB,3.5,50.5,0.6252015045674368,0,0.4776222620457377,0.49536487828594755,0.5,extratrees
2021_03_IND_TEN,2021,3,2021-09-26,TEN,IND,4.5,47.0,0.6455089820359281,1,0.4360662810011326,0.5153043655410556,0.5,extratrees
2021_03_PHI_DAL,2021,3,2021-09-27,DAL,PHI,3.5,51.5,0.6367156074014482,1,0.48394235685370846,0.4923519762932377,0.5,extratrees
2021_04_JAX_CIN,2021,4,2021-09-30,CIN,JAX,7.5,46.0,0.7650845050136826,0,0.5039899155321143,0.48281123415756333,0.5,extratrees
2021_04_WAS_ATL,2021,4,2021-10-03,ATL,WAS,-1.0,47.5,0.47377843762281124,0,0.4836875760902001,0.492473371715312,0.5,extratrees
2021_04_HOU_BUF,2021,4,2021-10-03,BUF,HOU,19.0,47.5,0.9107142857142858,1,0.489926538312141,0.48950198990464666,0.5,extratrees
2021_04_DET_CHI,2021,4,2021-10-03,CHI,DET,3.0,42.0,0.582716381747207,1,0.4515622872355986,0.5078361754770824,0.5,extratrees
2021_04_CAR_DAL,2021,4,2021-10-03,DAL,CAR,4.5,51.5,0.6595651218976498,1,0.5132596707580878,0.4784033140947557,0.5,extratrees
2021_04_BAL_DEN,2021,4,2021-10-03,DEN,BAL,1.0,44.0,0.5284039285250725,0,0.493954986954816,0.48758462486431003,0.5,extratrees
2021_04_PIT_GB,2021,4,2021-10-03,GB,PIT,6.5,45.0,0.71333597633497,1,0.47619048441403516,0.4960479269018829,0.5,extratrees
2021_04_ARI_LA,2021,4,2021-10-03,LA,ARI,3.5,53.5,0.6495327102803738,0,0.5210171340949185,0.47471386257710685,0.5,extratrees
2021_04_IND_MIA,2021,4,2021-10-03,MIA,IND,2.5,41.5,0.5757997218358832,0,0.4469082422347507,0.5100742484388846,0.5,extratrees
2021_04_CLE_MIN,2021,4,2021-10-03,MIN,CLE,-1.0,52.0,0.5011531365313653,0,0.4873095171002734,0.49074806457606174,0.5,extratrees
2021_04_TB_NE,2021,4,2021-10-03,NE,TB,-6.0,49.5,0.3011920417426717,1,0.48592400709734035,0.4914079419206467,0.5,extratrees
2021_04_NYG_NO,2021,4,2021-10-03,NO,NYG,7.5,43.0,0.748535521515462,0,0.4894682037098788,0.48972019251869464,0.5,extratrees
2021_04_TEN_NYJ,2021,4,2021-10-03,NYJ,TEN,-5.5,44.5,0.31808312064302313,1,0.4843727375023332,0.4921469238284358,0.5,extratrees
2021_04_KC_PHI,2021,4,2021-10-03,PHI,KC,-7.5,53.5,0.24521583362460678,0,0.4679718260379748,0.4999729147383358,0.5,extratrees
2021_04_SEA_SF,2021,4,2021-10-03,SF,SEA,2.5,52.0,0.556697108066971,0,0.46525447760627564,0.5012723858130399,0.5,extratrees
2021_04_LV_LAC,2021,4,2021-10-04,LAC,LV,3.0,52.0,0.6008197724213874,1,0.5064042888844101,0.48166312301866426,0.5,extratrees
2021_05_LA_SEA,2021,5,2021-10-07,SEA,LA,-2.5,53.5,0.43949878436506445,0,0.49293691121844485,0.48806910693879646,0.5,extratrees
2021_05_SF_ARI,2021,5,2021-10-10,ARI,SF,6.0,48.5,0.7063684354090785,1,0.4660615023565513,0.5008863577148649,0.5,extratrees
2021_05_NYJ_ATL,2021,5,2021-10-10,ATL,NYJ,3.0,45.5,0.590044398353696,1,0.4203862996783506,0.5229157648629965,0.5,extratrees
2021_05_PHI_CAR,2021,5,2021-10-10,CAR,PHI,2.5,46.0,0.5679213219076544,0,0.48156334131668477,0.49348570263866587,0.5,extratrees
2021_05_GB_CIN,2021,5,2021-10-10,CIN,GB,-2.0,50.0,0.46214743124779806,0,0.4969354109139062,0.4861665598846978,0.5,extratrees
2021_05_NYG_DAL,2021,5,2021-10-10,DAL,NYG,7.5,53.0,0.7477895347151761,1,0.4683978363647647,0.4997692750373979,0.5,extratrees
2021_05_NE_HOU,2021,5,2021-10-10,HOU,NE,-8.0,39.5,0.25023940900177843,1,0.5276464264066896,0.4715593897743253,0.5,extratrees
2021_05_TEN_JAX,2021,5,2021-10-10,JAX,TEN,-4.0,49.0,0.36072889550018594,0,0.44511589800467033,0.5109372339567212,0.5,extratrees
2021_05_BUF_KC,2021,5,2021-10-10,KC,BUF,2.5,57.0,0.5586071603727317,0,0.49919123845851127,0.4850934739723302,0.5,extratrees
2021_05_CLE_LAC,2021,5,2021-10-10,LAC,CLE,2.5,46.5,0.5500363507751557,1,0.4979027542858991,0.48570637855035964,0.5,extratrees
2021_05_CHI_LV,2021,5,2021-10-10,LV,CHI,5.5,46.0,0.6910678307588987,0,0.4607126715583937,0.5034465309661896,0.5,extratrees
2021_05_DET_MIN,2021,5,2021-10-10,MIN,DET,10.0,49.5,0.7825612438504289,0,0.436708945295949,0.5149936572678424,0.5,extratrees
2021_05_DEN_PIT,2021,5,2021-10-10,PIT,DEN,-2.0,40.0,0.45890354830779323,1,0.5152090608596338,0.4774763018616603,0.5,extratrees
2021_05_MIA_TB,2021,5,2021-10-10,TB,MIA,11.0,48.0,0.8231559210806665,1,0.4156750000366584,0.5252153448295146,0.5,extratrees
2021_05_NO_WAS,2021,5,2021-10-10,WAS,NO,-2.5,43.5,0.4491310290958797,0,0.42554407747519585,0.5204052431765661,0.5,extratrees
2021_05_IND_BAL,2021,5,2021-10-11,BAL,IND,7.5,46.5,0.7579052432627578,0,0.48651876495516,0.4911246605521674,0.5,extratrees
2021_06_TB_PHI,2021,6,2021-10-14,PHI,TB,-7.0,53.0,0.28766575393040644,1,0.4755537673072128,0.49635174549186606,0.5,extratrees
2021_06_LAC_BAL,2021,6,2021-10-17,BAL,LAC,3.0,50.5,0.6084434892689964,1,0.4613412632501303,0.5031454544824454,0.5,extratrees
2021_06_MIN_CAR,2021,6,2021-10-17,CAR,MIN,-2.5,45.5,0.44139283962726833,0,0.5093552949165262,0.48025989189195084,0.5,extratrees
2021_06_GB_CHI,2021,6,2021-10-17,CHI,GB,-5.5,44.0,0.3233821035611469,0,0.4802209792964519,0.494125611766722,0.5,extratrees
2021_06_ARI_CLE,2021,6,2021-10-17,CLE,ARI,3.0,48.0,0.5740354444580784,0,0.5056898375656802,0.4820028600537354,0.5,extratrees
2021_06_LV_DEN,2021,6,2021-10-17,DEN,LV,5.0,45.5,0.6546257501981656,0,0.4802987174680776,0.4940885495121187,0.5,extratrees
2021_06_CIN_DET,2021,6,2021-10-17,DET,CIN,-3.5,46.5,0.35946425054165854,0,0.5257069404057395,0.4724824784665674,0.5,extratrees
2021_06_HOU_IND,2021,6,2021-10-17,IND,HOU,10.5,43.5,0.7906090880291756,1,0.4456410365811181,0.5106843243495583,0.5,extratrees
2021_06_MIA_JAX,2021,6,2021-10-17,JAX,MIA,-2.5,47.5,0.46424090338770385,1,0.41705124165512264,0.5245429509572441,0.5,extratrees
2021_06_DAL_NE,2021,6,2021-10-17,NE,DAL,-3.5,50.5,0.36242334558131956,0,0.5236067607959792,0.4734818450178702,0.5,extratrees
2021_06_LA_NYG,2021,6,2021-10-17,NYG,LA,-7.5,49.5,0.2556139512661252,0,0.46781662134496016,0.5000471105833855,0.5,extratrees
2021_06_SEA_PIT,2021,6,2021-10-17,PIT,SEA,5.5,43.0,0.6629225583423975,0,0.4583813373305729,0.5045636766926305,0.5,extratrees
2021_06_KC_WAS,2021,6,2021-10-17,WAS,KC,-6.0,54.0,0.3011920417426717,0,0.42988481446918103,0.518297738673899,0.5,extratrees
2021_06_BUF_TEN,2021,6,2021-10-18,TEN,BUF,-6.0,53.5,0.3139179553662376,1,0.5202048080875488,0.475100277788088,0.5,extratrees
2021_07_DEN_CLE,2021,7,2021-10-21,CLE,DEN,2.0,40.5,0.534834771627026,1,0.5123311195381133,0.47884486050397274,0.5,extratrees
2021_07_HOU_ARI,2021,7,2021-10-24,ARI,HOU,20.5,47.0,0.9202343894938516,1,0.41422258115805644,0.5259255549089363,0.5,extratrees
2021_07_CIN_BAL,2021,7,2021-10-24,BAL,CIN,6.5,45.5,0.7107129525942516,0,0.45524165062604255,0.5060694900912391,0.5,extratrees
2021_07_WAS_GB,2021,7,2021-10-24,GB,WAS,8.5,48.0,0.7749165560874428,1,0.49437207122236054,0.4873861565248107,0.5,extratrees
2021_07_DET_LA,2021,7,2021-10-24,LA,DET,17.0,51.0,0.8989085704061549,0,0.4619597520387916,0.5028492722282176,0.5,extratrees
2021_07_PHI_LV,2021,7,2021-10-24,LV,PHI,1.0,48.0,0.5069715560513107,1,0.5005921591668919,0.4844271421825698,0.5,extratrees
2021_07_ATL_MIA,2021,7,2021-10-24,MIA,ATL,-1.5,48.5,0.4499636492248442,0,0.4087670790266178,0.5285988776057445,0.5,extratrees
2021_07_NYJ_NE,2021,7,2021-10-24,NE,NYJ,7.0,43.0,0.7307643486568282,1,0.46076576774999234,0.503421097282769,0.5,extratrees
2021_07_CAR_NYG,2021,7,2021-10-24,NYG,CAR,-3.0,42.5,0.40832074076455643,1,0.4699926126877349,0.4990071409146708,0.5,extratrees
2021_07_IND_SF,2021,7,2021-10-24,SF,IND,3.5,41.5,0.6128827999078977,0,0.4544482538116034,0.5064502571960572,0.5,extratrees
2021_07_CHI_TB,2021,7,2021-10-24,TB,CHI,12.5,47.0,0.8387670009795338,1,0.5035285909330588,0.4830306179541778,0.5,extratrees
2021_07_KC_TEN,2021,7,2021-10-24,TEN,KC,-4.0,57.5,0.3415685624274581,1,0.4722857226839581,0.49791179538144636,0.5,extratrees
2021_07_NO_SEA,2021,7,2021-10-25,SEA,NO,-6.0,42.0,0.31585064107370475,1,0.41940346031517983,0.5233949720859766,0.5,extratrees
2021_08_GB_ARI,2021,8,2021-10-28,ARI,GB,6.5,51.0,0.7157173074903613,0,0.5132819467720552,0.4783927212523849,0.5,extratrees
2021_08_CAR_ATL,2021,8,2021-10-31,ATL,CAR,2.5,47.0,0.5500363507751557,0,0.44392814228964494,0.5115094614055474,0.5,extratrees
2021_08_SF_CHI,2021,8,2021-10-31,CHI,SF,-4.5,40.0,0.34043487810235007,0,0.4961731798112329,0.4865291899785561,0.5,extratrees
2021_08_PIT_CLE,2021,8,2021-10-31,CLE,PIT,5.5,43.0,0.6711332625214478,0,0.4663761964556374,0.5007358513740013,0.5,extratrees
2021_08_WAS_DEN,2021,8,2021-10-31,DEN,WAS,4.0,45.0,0.6392711044998141,1,0.4614708422996016,0.5030833970823669,0.5,extratrees
2021_08_PHI_DET,2021,8,2021-10-31,DET,PHI,-3.0,48.5,0.3885860109036074,0,0.5151616544638296,0.4774988461628931,0.5,extratrees
2021_08_LA_HOU,2021,8,2021-10-31,HOU,LA,-17.0,47.0,0.11767948772316696,1,0.5128399020728965,0.47860292435259394,0.5,extratrees
2021_08_TEN_IND,2021,8,2021-10-31,IND,TEN,3.0,51.0,0.6002460024600246,0,0.4726565514806662,0.4977347175812721,0.5,extratrees
2021_08_NE_LAC,2021,8,2021-10-31,LAC,NE,3.5,50.5,0.6297217024951262,0,0.494054479676726,0.4875372808298903,0.5,extratrees
2021_08_DAL_MIN,2021,8,2021-10-31,MIN,DAL,4.5,49.5,0.6679400834834022,0,0.4108446672726869,0.5275797359048767,0.5,extratrees
2021_08_TB_NO,2021,8,2021-10-31,NO,TB,-4.0,48.5,0.36370984037179227,1,0.5167421571903208,0.4767472093013637,0.5,extratrees
2021_08_CIN_NYJ,2021,8,2021-10-31,NYJ,CIN,-11.5,43.5,0.1896707191940549,1,0.4993029559662586,0.48504033476788744,0.5,extratrees
2021_08_JAX_SEA,2021,8,2021-10-31,SEA,JAX,4.0,44.0,0.6405357494583416,1,0.44133777673421054,0.5127584008477807,0.5,extratrees
2021_08_NYG_KC,2021,8,2021-11-01,KC,NYG,10.5,53.0,0.8153846153846155,0,0.47945051691815216,0.49449296387111513,0.5,extratrees
2021_09_NYJ_IND,2021,9,2021-11-04,IND,NYJ,10.5,46.0,0.8099784704670973,1,0.47473234242548396,0.49674376012928095,0.5,extratrees
2021_09_MIN_BAL,2021,9,2021-11-07,BAL,MIN,7.5,51.0,0.7316281227221523,0,0.5211345307966729,0.47465801633065435,0.5,extratrees
2021_09_NE_CAR,2021,9,2021-11-07,CAR,NE,-3.5,41.5,0.37895430579964856,0,0.4683270983397428,0.4998030874004543,0.5,extratrees
2021_09_CLE_CIN,2021,9,2021-11-07,CIN,CLE,2.5,47.5,0.5500363507751557,0,0.46547147264172894,0.5011685811774931,0.5,extratrees
2021_09_DEN_DAL,2021,9,2021-11-07,DAL,DEN,10.5,50.0,0.7971382780577254,0,0.4540774821527255,0.5066282333852299,0.5,extratrees
2021_09_BUF_JAX,2021,9,2021-11-07,JAX,BUF,-14.5,48.0,0.11073451745198123,1,0.4851553340024524,0.49177409498397523,0.5,extratrees
2021_09_GB_KC,2021,9,2021-11-07,KC,GB,7.0,48.0,0.7410248542497699,0,0.49951009534599716,0.48494180847022056,0.5,extratrees
2021_09_TEN_LA,2021,9,2021-11-07,LA,TEN,7.0,53.5,0.7549019607843137,0,0.48767613779772495,0.4905734752605901,0.5,extratrees
2021_09_HOU_MIA,2021,9,2021-11-07,MIA,HOU,4.0,45.0,0.6332518337408314,1,0.42828904913895993,0.5190719643146776,0.5,extratrees
2021_09_ATL_NO,2021,9,2021-11-07,NO,ATL,7.0,43.0,0.7141340612678193,0,0.47760905380271357,0.495371178560306,0.5,extratrees
2021_09_LV_NYG,2021,9,2021-11-07,NYG,LV,-3.0,47.0,0.4116032928263426,1,0.4162998233708468,0.5249100055156584,0.5,extratrees
2021_09_LAC_PHI,2021,9,2021-11-07,PHI,LAC,-1.0,49.5,0.497677011707861,0,0.47310375674083743,0.4975211884726753,0.5,extratrees
2021_09_ARI_SF,2021,9,2021-11-07,SF,ARI,5.5,44.5,0.6829002792370676,0,0.5304353500530488,0.4702316546402638,0.5,extratrees
2021_09_CHI_PIT,2021,9,2021-11-08,PIT,CHI,7.0,40.0,0.73232769419428,0,0.49490485784774435,0.487132642731966,0.5,extratrees
2021_10_BAL_MIA,2021,10,2021-11-11,MIA,BAL,-8.5,46.5,0.2277586687738217,1,0.49384864034682185,0.4876352308478431,0.5,extratrees
2021_10_CAR_ARI,2021,10,2021-11-14,ARI,CAR,7.0,42.0,0.7445212005717008,0,0.4732886821991169,0.4974328975833104,0.5,extratrees
2021_10_ATL_DAL,2021,10,2021-11-14,DAL,ATL,8.0,55.0,0.7732468107071749,1,0.462751057684231,0.5024704100828045,0.5,extratrees
2021_10_PHI_DEN,2021,10,2021-11-14,DEN,PHI,1.0,44.5,0.513948077676165,0,0.4670598850683738,0.5004089123652389,0.5,extratrees
2021_10_SEA_GB,2021,10,2021-11-14,GB,SEA,3.0,49.5,0.6114139890963924,1,0.47287519475794715,0.49763031828718046,0.5,extratrees
2021_10_JAX_IND,2021,10,2021-11-14,IND,JAX,10.5,47.5,0.7882397728534491,0,0.45138281000823977,0.5079224121847934,0.5,extratrees
2021_10_MIN_LAC,2021,10,2021-11-14,LAC,MIN,3.0,53.5,0.6252015045674368,0,0.4893497924439222,0.48977656740793685,0.5,extratrees
2021_10_KC_LV,2021,10,2021-11-14,LV,KC,-2.5,53.5,0.41899204424013164,0,0.5290979192420603,0.4708684275826827,0.5,extratrees
2021_10_CLE_NE,2021,10,2021-11-14,NE,CLE,2.5,45.5,0.5547708605204575,1,0.5048427699548145,0.48240566632885207,0.5,extratrees
2021_10_BUF_NYJ,2021,10,2021-11-14,NYJ,BUF,-13.0,47.0,0.15452908001063,0,0.4112124746491083,0.5273994507902413,0.5,extratrees
2021_10_DET_PIT,2021,10,2021-11-14,PIT,DET,9.0,43.0,0.7591524685560168,0,0.43790676969354286,0.5144147888909884,0.5,extratrees
2021_10_NO_TEN,2021,10,2021-11-14,TEN,NO,3.0,44.0,0.5810079557598683,0,0.5006897667784996,0.484380718238878,0.5,extratrees
2021_10_TB_WAS,2021,10,2021-11-14,WAS,TB,-10.0,51.0,0.21132463018189718,1,0.3730854066202582,0.5463424243875068,0.5,extratrees
2021_10_LA_SF,2021,10,2021-11-15,SF,LA,-3.5,50.0,0.3775590873156503,1,0.47806681589205435,0.4951528375596059,0.5,extratrees
2021_11_NE_ATL,2021,11,2021-11-18,ATL,NE,-7.0,47.5,0.25547879942829915,0,0.4885482468901549,0.49015820045866276,0.5,extratrees
2021_11_IND_BUF,2021,11,2021-11-21,BUF,IND,7.5,49.5,0.7402276100940128,0,0.46788092897689343,0.5000163678595183,0.5,extratrees
2021_11_WAS_CAR,2021,11,2021-11-21,CAR,WAS,3.5,43.0,0.6162961291050671,0,0.4635288270706266,0.5020981136195402,0.5,extratrees
2021_11_BAL_CHI,2021,11,2021-11-21,CHI,BAL,-5.0,43.0,0.32543374528320723,1,0.4696467663446778,0.49917239315068684,0.5,extratrees
2021_11_DET_CLE,2021,11,2021-11-21,CLE,DET,13.0,42.5,0.8285075183298123,0,0.4630680386705948,0.5023186700813875,0.5,extratrees
2021_11_SF_JAX,2021,11,2021-11-21,JAX,SF,-6.5,45.0,0.2833071838076188,0,0.4596762513631007,0.5039430706268826,0.5,extratrees
2021_11_DAL_KC,2021,11,2021-11-21,KC,DAL,2.5,56.0,0.5597200270941521,1,0.46757576036318976,0.5001622604459852,0.5,extratrees
2021_11_PIT_LAC,2021,11,2021-11-21,LAC,PIT,5.5,47.5,0.6958932594004505,0,0.48579469697685745,0.4914695351615886,0.5,extratrees
2021_11_CIN_LV,2021,11,2021-11-21,LV,CIN,-1.0,50.5,0.46097238299983456,0,0.4401546788192082,0.5133292850911996,0.5,extratrees
2021_11_GB_MIN,2021,11,2021-11-21,MIN,GB,-1.0,48.0,0.486051922323835,1,0.5400749327094464,0.46563836251026647,0.5,extratrees
2021_11_MIA_NYJ,2021,11,2021-11-21,NYJ,MIA,-3.5,44.5,0.37207701067238685,0,0.4706565349990798,0.49868994476544365,0.5,extratrees
2021_11_NO_PHI,2021,11,2021-11-21,PHI,NO,2.5,42.5,0.5757997218358832,1,0.499714952317473,0.4848443690349675,0.5,extratrees
2021_11_ARI_SEA,2021,11,2021-11-21,SEA,ARI,2.5,46.0,0.5850622406639003,0,0.49069101446390057,0.48913806700427526,0.5,extratrees
2021_11_HOU_TEN,2021,11,2021-11-21,TEN,HOU,10.5,44.5,0.7967994099228416,0,0.4234526662913267,0.521422375143568,0.5,extratrees
2021_11_NYG_TB,2021,11,2021-11-22,TB,NYG,11.5,49.5,0.8146730471948239,1,0.4988070514693327,0.4852762180593184,0.5,extratrees
2021_12_LV_DAL,2021,12,2021-11-25,DAL,LV,7.0,51.0,0.7367517454503835,0,0.4815852374279752,0.4934752659262814,0.5,extratrees
2021_12_BUF_NO,2021,12,2021-11-25,NO,BUF,-7.0,45.0,0.290309925460965,0,0.47535433015239764,0.496446918074229,0.5,extratrees
2021_12_CLE_BAL,2021,12,2021-11-28,BAL,CLE,3.0,47.0,0.5939086294416244,1,0.45981698487574213,0.503875637184045,0.5,extratrees
2021_12_PIT_CIN,2021,12,2021-11-28,CIN,PIT,3.5,43.5,0.6162961291050671,1,0.4830910939084653,0.4927575970152836,0.5,extratrees
2021_12_LAC_DEN,2021,12,2021-11-28,DEN,LAC,-2.5,47.5,0.4295364214803857,1,0.48093366148915423,0.4937858545370994,0.5,extratrees
2021_12_LA_GB,2021,12,2021-11-28,GB,LA,-2.0,47.0,0.4684838160136286,1,0.4628774241523485,0.5024099163071346,0.5,extratrees
2021_12_NYJ_HOU,2021,12,2021-11-28,HOU,NYJ,3.0,44.5,0.5660893345487694,0,0.46884254472562775,0.4995567209474879,0.5,extratrees
2021_12_TB_IND,2021,12,2021-11-28,IND,TB,-3.0,53.0,0.4155887507302011,0,0.5100069935272512,0.4799500059111477,0.5,extratrees
2021_12_ATL_JAX,2021,12,2021-11-28,JAX,ATL,-1.5,46.0,0.47698280643372154,0,0.47985979919590216,0.49429781393849065,0.5,extratrees
2021_12_CAR_MIA,2021,12,2021-11-28,MIA,CAR,-1.0,41.0,0.46943325045014145,1,0.5187411461500243,0.475796474921986,0.5,extratrees
2021_12_TEN_NE,2021,12,2021-11-28,NE,TEN,7.5,43.0,0.7316281227221523,1,0.5409407445349447,0.46522542620946816,0.5,extratrees
2021_12_PHI_NYG,2021,12,2021-11-28,NYG,PHI,-4.0,45.5,0.35946425054165854,1,0.46713936151463253,0.500370910665425,0.5,extratrees
2021_12_MIN_SF,2021,12,2021-11-28,SF,MIN,3.5,49.0,0.6306061713569676,1,0.5010084556301342,0.484229145751207,0.5,extratrees
2021_12_SEA_WAS,2021,12,2021-11-29,WAS,SEA,-1.0,47.0,0.4519505233111322,1,0.5046343425009265,0.48250478129855695,0.5,extratrees
2021_13_DAL_NO,2021,13,2021-12-02,NO,DAL,-6.0,46.0,0.30207871113083246,0,0.5020002936672626,0.483757430557964,0.5,extratrees
2021_13_TB_ATL,2021,13,2021-12-05,ATL,TB,-11.0,51.0,0.19908248939669348,0,0.5073232676486372,0.48122613525553776,0.5,extratrees
2021_13_ARI_CHI,2021,13,2021-12-05,CHI,ARI,-7.5,43.5,0.23448111757765636,0,0.4379253118768892,0.5144058305347238,0.5,extratrees
2021_13_LAC_CIN,2021,13,2021-12-05,CIN,LAC,2.5,49.5,0.5704635785196144,0,0.4856615090496894,0.4915329767045649,0.5,extratrees
2021_13_MIN_DET,2021,13,2021-12-05,DET,MIN,-7.0,47.5,0.27370749239701414,1,0.49009423379619843,0.4894221569520344,0.5,extratrees
2021_13_IND_HOU,2021,13,2021-12-05,HOU,IND,-10.0,45.5,0.2209541041789902,0,0.49728913383487033,0.485998284161568,0.5,extratrees
2021_13_DEN_KC,2021,13,2021-12-05,KC,DEN,8.5,46.5,0.7707167103733034,1,0.4668461011795384,0.5005111371792046,0.5,extratrees
2021_13_JAX_LA,2021,13,2021-12-05,LA,JAX,14.0,48.0,0.8609585172219015,1,0.4842631769369655,0.4921991220421763,0.5,extratrees
2021_13_WAS_LV,2021,13,2021-12-05,LV,WAS,1.0,47.5,0.5480494766888677,0,0.5345212887119388,0.4682855523849328,0.5,extratrees
2021_13_NYG_MIA,2021,13,2021-12-05,MIA,NYG,6.5,40.0,0.7246530137533368,1,0.48005678880979313,0.49420389252350605,0.5,extratrees
2021_13_PHI_NYJ,2021,13,2021-12-05,NYJ,PHI,-5.0,44.0,0.35166954823988805,0,0.48210961200155655,0.4932253361377839,0.5,extratrees
2021_13_BAL_PIT,2021,13,2021-12-05,PIT,BAL,-4.0,44.0,0.3557216929940914,1,0.43399534162061143,0.5163062308729227,0.5,extratrees
2021_13_SF_SEA,2021,13,2021-12-05,SEA,SF,-3.0,44.5,0.43391066545123064,1,0.4704419190136569,0.4987924743173527,0.5,extratrees
2021_13_NE_BUF,2021,13,2021-12-06,BUF,NE,3.0,40.0,0.5792858120125872,0,0.4712579604715244,0.49840265091803226,0.5,extratrees
2021_14_PIT_MIN,2021,14,2021-12-09,MIN,PIT,3.5,45.0,0.6205588133839255,1,0.492485865128526,0.48828376673034374,0.5,extratrees
2021_14_ATL_CAR,2021,14,2021-12-12,CAR,ATL,2.5,41.0,0.562379468921525,0,0.46506242632303874,0.5013642631789745,0.5,extratrees
2021_14_SF_CIN,2021,14,2021-12-12,CIN,SF,-2.5,49.0,0.4491310290958797,0,0.46236127623281453,0.5026570190888577,0.5,extratrees
2021_14_BAL_CLE,2021,14,2021-12-12,CLE,BAL,3.0,44.0,0.5850622406639003,0,0.4767163084773861,0.49579705257391304,0.5,extratrees
2021_14_DET_DEN,2021,14,2021-12-12,DEN,DET,13.0,42.0,0.83714618069019,1,0.46262118895289084,0.5025325827629188,0.5,extratrees
2021_14_CHI_GB,2021,14,2021-12-12,GB,CHI,11.5,43.0,0.8379464148659493,1,0.4764338302417084,0.49593182155856336,0.5,extratrees
2021_14_SEA_HOU,2021,14,2021-12-12,HOU,SEA,-10.0,40.5,0.22352699724272085,0,0.48799577036959185,0.49042126930585034,0.5,extratrees
2021_14_LV_KC,2021,14,2021-12-12,KC,LV,10.0,48.0,0.7914590201640727,1,0.48164050837530076,0.49344892137873886,0.5,extratrees
2021_14_NYG_LAC,2021,14,2021-12-12,LAC,NYG,9.5,44.0,0.7739261492087415,1,0.4674807256298488,0.5002076962549132,0.5,extratrees
2021_14_NO_NYJ,2021,14,2021-12-12,NYJ,NO,-4.5,42.0,0.3569607343192249,0,0.4430545616275017,0.5119305056555307,0.5,extratrees
2021_14_BUF_TB,2021,14,2021-12-12,TB,BUF,3.5,52.5,0.6270291076571854,1,0.49386096033376425,0.48762936824550784,0.5,extratrees
2021_14_JAX_TEN,2021,14,2021-12-12,TEN,JAX,8.5,44.5,0.7695940284865566,1,0.46952540928200087,0.4992303832980793,0.5,extratrees
2021_14_DAL_WAS,2021,14,2021-12-12,WAS,DAL,-6.5,48.0,0.2809810923139964,0,0.4780522678473864,0.4951597763106394,0.5,extratrees
2021_14_LA_ARI,2021,14,2021-12-13,ARI,LA,3.0,51.0,0.6162961291050671,0,0.44087290065289025,0.5129826844295801,0.5,extratrees
2021_15_KC_LAC,2021,15,2021-12-16,LAC,KC,-3.0,54.0,0.38227263180004206,0,0.4868203585952929,0.4909810215787007,0.5,extratrees
2021_15_NE_IND,2021,15,2021-12-18,IND,NE,-1.0,46.0,0.5080764260660882,1,0.43884390012327035,0.51396212234542,0.5,extratrees
2021_15_GB_BAL,2021,15,2021-12-19,BAL,GB,-9.5,45.5,0.24324121599177054,1,0.47310332121584275,0.4975213964142475,0.5,extratrees
2021_15_CAR_BUF,2021,15,2021-12-19,BUF,CAR,14.0,43.0,0.853607808514128,1,0.48972246510981443,0.4895991429788479,0.5,extratrees
2021_15_CIN_DEN,2021,15,2021-12-19,DEN,CIN,3.0,45.0,0.5933014354066986,0,0.4884549637241328,0.49020261711486973,0.5,extratrees
2021_15_ARI_DET,2021,15,2021-12-19,DET,ARI,-13.0,48.0,0.16288307480638217,1,0.5011024607891834,0.4841844361810624,0.5,extratrees
2021_15_HOU_JAX,2021,15,2021-12-19,JAX,HOU,6.0,40.0,0.6999193060318741,0,0.44333980321888256,0.5117930095666892,0.5,extratrees
2021_15_NYJ_MIA,2021,15,2021-12-19,MIA,NYJ,10.5,42.0,0.7918814679039217,0,0.4267354240096337,0.5198263519386047,0.5,extratrees
2021_15_DAL_NYG,2021,15,2021-12-19,NYG,DAL,-11.5,43.0,0.18358081030369017,0,0.4834045391238017,0.4926082361543828,0.5,extratrees
2021_15_TEN_PIT,2021,15,2021-12-19,PIT,TEN,1.0,44.0,0.533647048893203,1,0.4545625446237361,0.5063954003873442,0.5,extratrees
2021_15_ATL_SF,2021,15,2021-12-19,SF,ATL,9.5,48.0,0.7683621272077985,1,0.4662129021576041,0.5008139473027402,0.5,extratrees
2021_15_NO_TB,2021,15,2021-12-19,TB,NO,11.5,45.5,0.8125034131660225,0,0.4796283482072136,0.49440817030246775,0.5,extratrees
2021_15_MIN_CHI,2021,15,2021-12-20,CHI,MIN,-7.0,48.0,0.25977238990598717,0,0.46855652158292055,0.49969342664399263,0.5,extratrees
2021_15_LV_CLE,2021,15,2021-12-20,CLE,LV,-3.0,41.0,0.4210921117684164,1,0.45996721804058677,0.503803655149281,0.5,extratrees
2021_15_SEA_LA,2021,15,2021-12-21,LA,SEA,7.5,47.0,0.7560659701234782,1,0.4950672693012677,0.48705536555230206,0.5,extratrees
2021_16_SF_TEN,2021,16,2021-12-23,TEN,SF,-3.5,45.5,0.38421186945302976,1,0.49864671293962015,0.48535248674843645,0.5,extratrees
2021_16_IND_ARI,2021,16,2021-12-25,ARI,IND,3.0,48.0,0.5998344142403753,0,0.5036604836815899,0.4829678957415586,0.5,extratrees
2021_16_CLE_GB,2021,16,2021-12-25,GB,CLE,7.5,46.5,0.7823319232822703,0,0.48819945209552223,0.4903242813991102,0.5,extratrees
2021_16_DET_ATL,2021,16,2021-12-26,ATL,DET,7.5,42.5,0.7633307815087788,0,0.4751716768669136,0.4965340848121073,0.5,extratrees
2021_16_TB_CAR,2021,16,2021-12-26,CAR,TB,-11.5,44.5,0.19370568942199892,0,0.469401180064114,0.499289747702403,0.5,extratrees
2021_16_BAL_CIN,2021,16,2021-12-26,CIN,BAL,7.5,43.0,0.7615828054942709,1,0.48378022551278976,0.4924292264657822,0.5,extratrees
2021_16_WAS_DAL,2021,16,2021-12-26,DAL,WAS,10.5,45.5,0.7930283629175197,1,0.49070815844183074,0.4891299061220234,0.5,extratrees
2021_16_LAC_HOU,2021,16,2021-12-26,HOU,LAC,-13.5,46.0,0.1609900571186799,1,0.5196164489162949,0.4753801410491772,0.5,extratrees
2021_16_PIT_KC,2021,16,2021-12-26,KC,PIT,10.5,44.0,0.7739602169981917,1,0.4997413539229088,0.4848318112999447,0.5,extratrees
2021_16_DEN_LV,2021,16,2021-12-26,LV,DEN,-1.0,42.0,0.4919235739339118,1,0.5199914303654256,0.4752017758502969,0.5,extratrees
2021_16_LA_MIN,2021,16,2021-12-26,MIN,LA,-3.5,48.5,0.3775590873156503,0,0.5161423830183699,0.4770324485575704,0.5,extratrees
2021_16_BUF_NE,2021,16,2021-12-26,NE,BUF,1.0,43.5,0.5183217790582515,0,0.47704725706508416,0.49563916843339323,0.5,extratrees
2021_16_JAX_NYJ,2021,16,2021-12-26,NYJ,JAX,2.5,42.5,0.5431472081218274,1,0.4387378322793828,0.514013347325723,0.5,extratrees
2021_16_NYG_PHI,2021,16,2021-12-26,PHI,NYG,11.0,41.0,0.812721815973132,1,0.45267251228269706,0.5073028488331879,0.5,extratrees
2021_16_CHI_SEA,2021,16,2021-12-26,SEA,CHI,7.0,41.0,0.7360752537000588,0,0.49974377116637614,0.4848306615563495,0.5,extratrees
2021_16_MIA_NO,2021,16,2021-12-27,NO,MIA,-3.0,37.5,0.40073982737361286,0,0.5039687628216838,0.4828212932930442,0.5,extratrees
2021_17_LA_BAL,2021,17,2022-01-02,BAL,LA,-7.0,47.0,0.26605339105339104,1,0.4639590013915764,0.5018922367662422,0.5,extratrees
2021_17_NYG_CHI,2021,17,2022-01-02,CHI,NYG,7.0,36.5,0.718984860037033,1,0.44445070856533014,0.511257669589322,0.5,extratrees
2021_17_KC_CIN,2021,17,2022-01-02,CIN,KC,-3.5,51.0,0.3779947243901776,1,0.49477659010026737,0.48719367475149156,0.5,extratrees
2021_17_ARI_DAL,2021,17,2022-01-02,DAL,ARI,6.5,53.0,0.7016893283889576,0,0.47471076825753405,0.49675405705437403,0.5,extratrees
2021_17_MIN_GB,2021,17,2022-01-02,GB,MIN,13.0,42.0,0.8454571731380673,1,0.49124694947999026,0.4888734388041421,0.5,extratrees
2021_17_LV_IND,2021,17,2022-01-02,IND,LV,8.5,46.5,0.7724619434588531,0,0.48158393459389714,0.4934758869169328,0.5,extratrees
2021_17_DEN_LAC,2021,17,2022-01-02,LAC,DEN,8.0,45.5,0.7484276729559749,1,0.4740762178727124,0.4970569369567318,0.5,extratrees
2021_17_JAX_NE,2021,17,2022-01-02,NE,JAX,17.5,42.0,0.8831038555503422,1,0.4399164109243398,0.5134442926227104,0.5,extratrees
2021_17_CAR_NO,2021,17,2022-01-02,NO,CAR,7.0,37.0,0.7133174989788355,1,0.4313091048662008,0.5176072314750957,0.5,extratrees
2021_17_TB_NYJ,2021,17,2022-01-02,NYJ,TB,-14.5,48.0,0.1336344710670326,1,0.48871118381698764,0.49008061953865206,0.5,extratrees
2021_17_DET_SEA,2021,17,2022-01-02,SEA,DET,8.5,41.5,0.7734629300912957,1,0.48386046280387424,0.4923909958268935,0.5,extratrees
2021_17_HOU_SF,2021,17,2022-01-02,SF,HOU,14.0,44.0,0.8284147182041719,1,0.4425859907302779,0.5121564080762281,0.5,extratrees
2021_17_MIA_TEN,2021,17,2022-01-02,TEN,MIA,3.0,41.0,0.6124587340318646,1,0.48100578347243245,0.4937514741974876,0.5,extratrees
2021_17_PHI_WAS,2021,17,2022-01-02,WAS,PHI,-6.5,44.5,0.3169899088419552,1,0.4535466577277874,0.5068830770787662,0.5,extratrees
2021_17_CLE_PIT,2021,17,2022-01-03,PIT,CLE,-1.0,43.5,0.47499179161650434,1,0.4725365256093965,0.4977920305701221,0.5,extratrees
2021_18_KC_DEN,2021,18,2022-01-08,DEN,KC,-11.5,44.5,0.1790281329923274,1,0.47861053856666685,0.4948935207303617,0.5,extratrees
2021_18_DAL_PHI,2021,18,2022-01-08,PHI,DAL,-6.5,46.0,0.2846975088967971,0,0.45284352978653475,0.5072207146801943,0.5,extratrees
2021_18_SEA_ARI,2021,18,2022-01-09,ARI,SEA,5.5,48.0,0.6704377766847024,0,0.4361811092324105,0.5152488429228702,0.5,extratrees
2021_18_NO_ATL,2021,18,2022-01-09,ATL,NO,-4.5,40.0,0.33941312975774796,0,0.5152468654880324,0.4774583236918419,0.5,extratrees
2021_18_PIT_BAL,2021,18,2022-01-09,BAL,PIT,3.0,41.0,0.5882115462252725,0,0.45730554542983143,0.5050794593034938,0.5,extratrees
2021_18_NYJ_BUF,2021,18,2022-01-09,BUF,NYJ,16.0,43.0,0.8872651356993738,1,0.503824317528921,0.48288998419942814,0.5,extratrees
2021_18_CIN_CLE,2021,18,2022-01-09,CLE,CIN,6.5,38.0,0.6957699520733487,0,0.46443084253297,0.5016664473857588,0.5,extratrees
2021_18_GB_DET,2021,18,2022-01-09,DET,GB,-4.0,45.0,0.36341238065906994,1,0.4688942173503151,0.4995320249000915,0.5,extratrees
2021_18_TEN_HOU,2021,18,2022-01-09,HOU,TEN,-10.5,43.0,0.18711018711018712,1,0.5251984926227831,0.4727244408252583,0.5,extratrees
2021_18_IND_JAX,2021,18,2022-01-09,JAX,IND,-14.0,43.0,0.12790697674418605,1,0.44096529459796124,0.5129381045962124,0.5,extratrees
2021_18_SF_LA,2021,18,2022-01-09,LA,SF,3.0,46.5,0.6115107913669064,0,0.4681830879527758,0.499871925411907,0.5,extratrees
2021_18_LAC_LV,2021,18,2022-01-09,LV,LAC,-3.5,48.0,0.37889039242219213,1,0.46296499291030396,0.5023679969526682,0.5,extratrees
2021_18_NE_MIA,2021,18,2022-01-09,MIA,NE,-6.0,41.0,0.3181818181818181,1,0.4795868693078275,0.4944279480342339,0.5,extratrees
2021_18_CHI_MIN,2021,18,2022-01-09,MIN,CHI,3.5,45.5,0.6301020408163266,1,0.4891049800660668,0.4898931237383381,0.5,extratrees
2021_18_WAS_NYG,2021,18,2022-01-09,NYG,WAS,-6.0,36.0,0.3169899088419552,0,0.4762253086764479,0.49603131116789956,0.5,extratrees
2021_18_CAR_TB,2021,18,2022-01-09,TB,CAR,11.0,43.0,0.798845836768343,1,0.45273456279364893,0.507273047414043,0.5,extratrees
2021_19_NE_BUF,2021,19,2022-01-15,BUF,NE,4.5,43.0,0.6545399304578752,1,0.4592125405643253,0.5041652817217726,0.5,extratrees
2021_19_LV_CIN,2021,19,2022-01-15,CIN,LV,6.0,48.5,0.691138880999716,1,0.45957155693988794,0.5039932375943595,0.5,extratrees
2021_19_SF_DAL,2021,19,2022-01-16,DAL,SF,3.0,51.0,0.6013875365141188,0,0.47381455712176146,0.49718184357004785,0.5,extratrees
2021_19_PIT_KC,2021,19,2022-01-16,KC,PIT,13.0,46.0,0.8447102101575499,1,0.49350647845696727,0.48779805517478536,0.5,extratrees
2021_19_PHI_TB,2021,19,2022-01-16,TB,PHI,7.5,45.5,0.7537267892947433,1,0.47331484277988717,0.497420407760375,0.5,extratrees
2021_19_ARI_LA,2021,19,2022-01-17,LA,ARI,4.0,49.5,0.6233902972381955,1,0.4609447689043305,0.5033353566906889,0.5,extratrees
2021_20_SF_GB,2021,20,2022-01-22,GB,SF,5.5,47.0,0.7033884379005488,0,0.5261140938993785,0.4722887115270745,0.5,extratrees
2021_20_CIN_TEN,2021,20,2022-01-22,TEN,CIN,4.0,48.5,0.6392711044998141,0,0.49015220723429404,0.4893945585453327,0.5,extratrees
2021_20_BUF_KC,2021,20,2022-01-23,KC,BUF,2.5,54.0,0.5649948822927329,1,0.4941124628796884,0.4875096894830849,0.5,extratrees
2021_20_LA_TB,2021,20,2022-01-23,TB,LA,2.5,48.0,0.5775497887748944,0,0.4875134523796293,0.4906509469992408,0.5,extratrees
2021_21_CIN_KC,2021,21,2022-01-30,KC,CIN,7.0,54.5,0.7272727272727274,0,0.4629103038765261,0.502394176587373,0.5,extratrees
2021_21_SF_LA,2021,21,2022-01-30,LA,SF,3.5,45.5,0.6211096075778079,0,0.4634374631011537,0.5021418426883288,0.5,extratrees
2021_22_LA_CIN,2021,22,2022-02-13,CIN,LA,-4.5,48.5,0.3698979591836735,1,0.3833000377227366,0.5412120598195654,0.5,extratrees
2022_01_BUF_LA,2022,1,2022-09-08,LA,BUF,-1.0,51.5,0.47377843762281124,0,0.5145615548041506,0.49253527157259874,0.5,extratrees
2022_01_KC_ARI,2022,1,2022-09-11,ARI,KC,-6.0,54.0,0.30320780070978187,0,0.501113682613818,0.489142180168934,0.5,extratrees
2022_01_NO_ATL,2022,1,2022-09-11,ATL,NO,-6.0,43.5,0.3233821035611469,1,0.5410078816725402,0.49922998473015245,0.5,extratrees
2022_01_CLE_CAR,2022,1,2022-09-11,CAR,CLE,2.5,42.5,0.5431472081218274,0,0.4440001049604652,0.47469152957830607,0.5,extratrees
2022_01_SF_CHI,2022,1,2022-09-11,CHI,SF,-6.5,38.0,0.30683501446004086,1,0.48485194105878116,0.48504055983798766,0.5,extratrees
2022_01_PIT_CIN,2022,1,2022-09-11,CIN,PIT,7.5,44.5,0.7331798681594643,0,0.4624275770258688,0.47937289363985014,0.5,extratrees
2022_01_TB_DAL,2022,1,2022-09-11,DAL,TB,-2.5,49.5,0.4433028919330289,0,0.49989880033017836,0.4888357858464288,0.5,extratrees
2022_01_PHI_DET,2022,1,2022-09-11,DET,PHI,-6.0,49.0,0.312960235640648,1,0.47363153657080614,0.482207437295874,0.5,extratrees
2022_01_IND_HOU,2022,1,2022-09-11,HOU,IND,-7.0,46.0,0.2775800711743772,1,0.5058720199266816,0.49034237901153355,0.5,extratrees
2022_01_LV_LAC,2022,1,2022-09-11,LAC,LV,3.5,52.5,0.6265670845558816,1,0.45855342264271187,0.4783909639874673,0.5,extratrees
2022_01_NE_MIA,2022,1,2022-09-11,MIA,NE,3.0,47.0,0.5933014354066986,1,0.5041692602971715,0.4899128576929041,0.5,extratrees
2022_01_GB_MIN,2022,1,2022-09-11,MIN,GB,2.5,47.0,0.5419847328244275,1,0.4763454817055597,0.4828931108996333,0.5,extratrees
2022_01_BAL_NYJ,2022,1,2022-09-11,NYJ,BAL,-6.5,44.0,0.29384534879040375,0,0.4729458710814426,0.4820341548931384,0.5,extratrees
2022_01_NYG_TEN,2022,1,2022-09-11,TEN,NYG,5.5,43.5,0.685385750480274,0,0.43835844690331344,0.4732519295479161,0.5,extratrees
2022_01_JAX_WAS,2022,1,2022-09-11,WAS,JAX,3.0,43.5,0.5986798270759409,1,0.43654420293730806,0.4727882301703945,0.5,extratrees
2022_01_DEN_SEA,2022,1,2022-09-12,SEA,DEN,-6.0,44.0,0.3029704839803284,1,0.45739693698366485,0.47809763642795716,0.5,extratrees
2022_02_LAC_KC,2022,2,2022-09-15,KC,LAC,4.0,52.5,0.6354245784596689,0,0.49587251921557823,0.4878203935332765,0.5,extratrees
2022_02_MIA_BAL,2022,2,2022-09-18,BAL,MIA,3.0,44.0,0.6063931297709924,0,0.5527336543683483,0.5022150224811068,0.5,extratrees
2022_02_NYJ_CLE,2022,2,2022-09-18,CLE,NYJ,6.5,38.5,0.6829002792370676,0,0.47529789714053033,0.4826284767239353,0.5,extratrees
2022_02_CIN_DAL,2022,2,2022-09-18,DAL,CIN,-7.5,42.0,0.26978176462712544,1,0.49044532879921593,0.4864516271314035,0.5,extratrees
2022_02_HOU_DEN,2022,2,2022-09-18,DEN,HOU,10.5,46.0,0.8025629436811645,0,0.48828723424453646,0.4859072596449823,0.5,extratrees
2022_02_WAS_DET,2022,2,2022-09-18,DET,WAS,-1.0,48.5,0.48044542229805576,1,0.45120452614823847,0.4765252120923197,0.5,extratrees
2022_02_CHI_GB,2022,2,2022-09-18,GB,CHI,10.5,42.0,0.7834776815456361,1,0.49815955243341137,0.488397159308076,0.5,extratrees
2022_02_IND_JAX,2022,2,2022-09-18,JAX,IND,-3.0,43.5,0.4034916946651176,1,0.4571902603060201,0.4780452049847567,0.5,extratrees
2022_02_ATL_LA,2022,2,2022-09-18,LA,ATL,10.5,46.5,0.8001430041331682,0,0.4561204048280088,0.4777737428086758,0.5,extratrees
2022_02_ARI_LV,2022,2,2022-09-18,LV,ARI,5.5,51.5,0.6721843886695558,0,0.4161181327898768,0.4675378961763056,0.5,extratrees
2022_02_TB_NO,2022,2,2022-09-18,NO,TB,-2.5,44.0,0.43500511770726713,0,0.56146085402592,0.5044461471651576,0.5,extratrees
2022_02_CAR_NYG,2022,2,2022-09-18,NYG,CAR,-1.0,44.0,0.48044542229805576,1,0.47849939156475313,0.4834370853528707,0.5,extratrees
2022_02_SEA_SF,2022,2,2022-09-18,SF,SEA,8.5,40.0,0.7678386211843623,1,0.5055105710193372,0.49025119973195913,0.5,extratrees
2022_02_TEN_BUF,2022,2,2022-09-19,BUF,TEN,10.0,47.5,0.7739261492087415,1,0.47979010935702293,0.4837629796888362,0.5,extratrees
2022_02_MIN_PHI,2022,2,2022-09-19,PHI,MIN,2.5,49.5,0.5704635785196144,1,0.5420527532988272,0.49949546089504443,0.5,extratrees
2022_03_PIT_CLE,2022,3,2022-09-22,CLE,PIT,4.5,38.0,0.6557852820085941,1,0.4967318066017347,0.4880370968831492,0.5,extratrees
2022_03_LA_ARI,2022,3,2022-09-25,ARI,LA,-3.5,49.0,0.38514560209200854,0,0.47334936113096693,0.4821361280590438,0.5,extratrees
2022_03_NO_CAR,2022,3,2022-09-25,CAR,NO,-2.0,41.0,0.46097238299983456,1,0.4908245831005843,0.4865472854444061,0.5,extratrees
2022_03_SF_DEN,2022,3,2022-09-25,DEN,SF,-1.0,44.0,0.489612188365651,1,0.49820245090260024,0.48840797789077683,0.5,extratrees
2022_03_KC_IND,2022,3,2022-09-25,IND,KC,-4.5,51.0,0.35166954823988805,1,0.5223523677363313,0.49450346069340984,0.5,extratrees
2022_03_JAX_LAC,2022,3,2022-09-25,LAC,JAX,6.5,46.0,0.696132596685083,0,0.4641441382936384,0.4798076439985574,0.5,extratrees
2022_03_BUF_MIA,2022,3,2022-09-25,MIA,BUF,-4.0,54.0,0.35449101796407184,1,0.5424459694922038,0.49959539174890266,0.5,extratrees
2022_03_DET_MIN,2022,3,2022-09-25,MIN,DET,6.5,52.0,0.7069937235814012,0,0.4982268066563697,0.4884141201802544,0.5,extratrees
2022_03_BAL_NE,2022,3,2022-09-25,NE,BAL,-2.5,45.5,0.4259645555419216,0,0.4951376094897672,0.48763505573670507,0.5,extratrees
2022_03_CIN_NYJ,2022,3,2022-09-25,NYJ,CIN,-6.5,46.0,0.3050817654299279,0,0.4811603395287469,0.4841088908318373,0.5,extratrees
2022_03_ATL_SEA,2022,3,2022-09-25,SEA,ATL,1.0,43.0,0.5023229882921391,0,0.44384044687551827,0.47465083565994964,0.5,extratrees
2022_03_GB_TB,2022,3,2022-09-25,TB,GB,1.0,41.5,0.5390276170001653,0,0.5007989597042067,0.48906280582450584,0.5,extratrees
2022_03_LV_TEN,2022,3,2022-09-25,TEN,LV,-1.5,45.5,0.4491310290958797,1,0.4645518068643548,0.479910865991101,0.5,extratrees
2022_03_PHI_WAS,2022,3,2022-09-25,WAS,PHI,-6.0,47.0,0.3136531365313653,0,0.5055931103653265,0.4902720209596844,0.5,extratrees
2022_03_DAL_NYG,2022,3,2022-09-26,NYG,DAL,1.0,38.5,0.5327102803738317,0,0.4820296532652391,0.4843283173841705,0.5,extratrees
2022_04_MIA_CIN,2022,4,2022-09-29,CIN,MIA,4.0,48.5,0.6379977530895019,1,0.49995933713667273,0.48885105305986937,0.5,extratrees
2022_04_CLE_ATL,2022,4,2022-10-02,ATL,CLE,-1.0,48.0,0.4953533757725013,1,0.48756657982579943,0.48572546238622366,0.5,extratrees
2022_04_ARI_CAR,2022,4,2022-10-02,CAR,ARI,1.0,44.0,0.5172913928296243,0,0.47027400778827994,0.48135870708556144,0.5,extratrees
2022_04_WAS_DAL,2022,4,2022-10-02,DAL,WAS,3.0,40.5,0.5933014354066986,1,0.4762814737362486,0.48287694286708455,0.5,extratrees
2022_04_SEA_DET,2022,4,2022-10-02,DET,SEA,3.0,48.5,0.6119390066215612,0,0.4647876967355079,0.47997058878343185,0.5,extratrees
2022_04_NE_GB,2022,4,2022-10-02,GB,NE,10.0,40.5,0.7883116369247813,0,0.44938205847206114,0.47606181537371134,0.5,extratrees
2022_04_LAC_HOU,2022,4,2022-10-02,HOU,LAC,-5.5,45.0,0.3187935477713086,0,0.4956626463151637,0.48776746557582323,0.5,extratrees
2022_04_TEN_IND,2022,4,2022-10-02,IND,TEN,4.5,43.0,0.6546257501981656,0,0.4820824654605669,0.4843416471944127,0.5,extratrees
2022_04_DEN_LV,2022,4,2022-10-02,LV,DEN,2.5,45.5,0.5642421122306391,1,0.4643687243449763,0.47986451063707375,0.5,extratrees
2022_04_MIN_NO,2022,4,2022-10-02,NO,MIN,-4.0,42.0,0.35166954823988805,1,0.439548187154607,0.47355580879023873,0.5,extratrees
2022_04_CHI_NYG,2022,4,2022-10-02,NYG,CHI,3.0,39.0,0.5757997218358832,1,0.48316168144629557,0.48461402470545695,0.5,extratrees
2022_04_JAX_PHI,2022,4,2022-10-02,PHI,JAX,6.5,44.0,0.6990396320844041,1,0.4802811241698855,0.483886941918504,0.5,extratrees
2022_04_NYJ_PIT,2022,4,2022-10-02,PIT,NYJ,3.0,41.0,0.6018002898771837,0,0.46985706440327807,0.48125327189774986,0.5,extratrees
2022_04_KC_TB,2022,4,2022-10-02,TB,KC,1.0,46.5,0.5419847328244275,0,0.5203658533650063,0.4940013671400725,0.5,extratrees
2022_04_LA_SF,2022,4,2022-10-03,SF,LA,1.0,42.0,0.5399277029247453,1,0.4816455361243801,0.4842313637338963,0.5,extratrees
2022_05_IND_DEN,2022,5,2022-10-06,DEN,IND,3.5,42.0,0.6238261481421341,0,0.46496009011426814,0.48001423331958004,0.5,extratrees
2022_05_PHI_ARI,2022,5,2022-10-09,ARI,PHI,-5.5,48.5,0.32886673747855216,1,0.5494837082651484,0.5013863362418449,0.5,extratrees
2022_05_CIN_BAL,2022,5,2022-10-09,BAL,CIN,3.0,47.5,0.6114139890963924,0,0.5042422252428469,0.4899312622368829,0.5,extratrees
2022_05_PIT_BUF,2022,5,2022-10-09,BUF,PIT,14.0,44.0,0.8549293271728136,1,0.48436007115430574,0.4849164441943645,0.5,extratrees
2022_05_SF_CAR,2022,5,2022-10-09,CAR,SF,-6.0,40.0,0.31808312064302313,0,0.5119159853658849,0.49186742674848144,0.5,extratrees
2022_05_LAC_CLE,2022,5,2022-10-09,CLE,LAC,-1.0,47.0,0.48044542229805576,0,0.4632555885529841,0.4795826262786029,0.5,extratrees
2022_05_NYG_GB,2022,5,2022-10-09,GB,NYG,8.5,42.0,0.7749165560874428,0,0.4372450230949599,0.4729673967734946,0.5,extratrees
2022_05_HOU_JAX,2022,5,2022-10-09,JAX,HOU,7.0,44.0,0.730924978687127,0,0.4490336856945733,0.47597320075193345,0.5,extratrees
2022_05_DAL_LA,2022,5,2022-10-09,LA,DAL,5.5,42.0,0.6697626418988648,0,0.5276556374491689,0.4958448384574279,0.5,extratrees
2022_05_CHI_MIN,2022,5,2022-10-09,MIN,CHI,10.0,44.0,0.7701094942408874,0,0.4656833629659103,0.480197323407235,0.5,extratrees
2022_05_DET_NE,2022,5,2022-10-09,NE,DET,3.0,46.5,0.5816746508332771,1,0.49991482694209743,0.48883982771120044,0.5,extratrees
2022_05_SEA_NO,2022,5,2022-10-09,NO,SEA,5.5,45.5,0.6769093283838592,1,0.5052478699423851,0.4901849319527003,0.5,extratrees
2022_05_MIA_NYJ,2022,5,2022-10-09,NYJ,MIA,-3.0,46.0,0.3966571791921516,1,0.5039949212564396,0.48986888302397485,0.5,extratrees
2022_05_ATL_TB,2022,5,2022-10-09,TB,ATL,10.5,46.0,0.7868489845163884,0,0.4867146911018799,0.4855105470540348,0.5,extratrees
2022_05_TEN_WAS,2022,5,2022-10-09,WAS,TEN,-1.0,43.0,0.48837209302325585,0,0.47760557839894374,0.4832113717953424,0.5,extratrees
2022_05_LV_KC,2022,5,2022-10-10,KC,LV,7.5,51.5,0.7408832128019694,0,0.48209695831146576,0.4843453051795277,0.5,extratrees
2022_06_WAS_CHI,2022,6,2022-10-13,CHI,WAS,-1.0,38.5,0.4672897196261682,0,0.47626803617264013,0.48287354859797155,0.5,extratrees
2022_06_SF_ATL,2022,6,2022-10-16,ATL,SF,-3.5,46.0,0.36674816625916873,1,0.5107768332400767,0.4915799232481998,0.5,extratrees
2022_06_NE_CLE,2022,6,2022-10-16,CLE,NE,2.5,43.0,0.5697382574399427,0,0.47414164217807925,0.4823363383821723,0.5,extratrees
2022_06_NYJ_GB,2022,6,2022-10-16,GB,NYJ,7.5,44.5,0.7603858721020694,0,0.47951997179231215,0.4836947770757779,0.5,extratrees
2022_06_JAX_IND,2022,6,2022-10-16,IND,JAX,1.0,41.0,0.5357590966122961,1,0.5029803748721726,0.48961298505173423,0.5,extratrees
2022_06_BUF_KC,2022,6,2022-10-16,KC,BUF,-2.5,54.0,0.4207141879874127,0,0.5342579508006936,0.4975171128511857,0.5,extratrees
2022_06_CAR_LA,2022,6,2022-10-16,LA,CAR,10.0,41.5,0.7810116153488234,1,0.45414243417465755,0.47727162017241226,0.5,extratrees
2022_06_MIN_MIA,2022,6,2022-10-16,MIA,MIN,-3.0,45.0,0.3794411866160745,0,0.5089927271810942,0.49112971073985273,0.5,extratrees
2022_06_CIN_NO,2022,6,2022-10-16,NO,CIN,-3.0,42.5,0.39360687022900764,0,0.5178547456016402,0.49336693038078033,0.5,extratrees
2022_06_BAL_NYG,2022,6,2022-10-16,NYG,BAL,-5.5,46.0,0.31808312064302313,1,0.4966583135131579,0.4880185627213899,0.5,extratrees
2022_06_DAL_PHI,2022,6,2022-10-16,PHI,DAL,6.5,42.5,0.723912553527158,1,0.5152277929469887,0.49270349133661195,0.5,extratrees
2022_06_TB_PIT,2022,6,2022-10-16,PIT,TB,-10.0,47.0,0.22937728315351283,1,0.514188052831266,0.492440971824523,0.5,extratrees
2022_06_ARI_SEA,2022,6,2022-10-16,SEA,ARI,-2.5,50.0,0.43762053107847504,1,0.4744008497248856,0.4824018344666986,0.5,extratrees
2022_06_DEN_LAC,2022,6,2022-10-17,LAC,DEN,3.5,45.5,0.6336902505251294,0,0.4834801359114092,0.48469439177788254,0.5,extratrees
2022_07_NO_ARI,2022,7,2022-10-20,ARI,NO,2.5,44.0,0.5686556434219986,1,0.484241599942781,0.4848865489891875,0.5,extratrees
2022_07_CLE_BAL,2022,7,2022-10-23,BAL,CLE,6.5,46.0,0.7174723389148571,0,0.4754636562412855,0.4826703526899516,0.5,extratrees
2022_07_TB_CAR,2022,7,2022-10-23,CAR,TB,-13.0,39.5,0.15527950310559005,1,0.4842150558628585,0.4848798507694612,0.5,extratrees
2022_07_ATL_CIN,2022,7,2022-10-23,CIN,ATL,6.5,47.5,0.7098956093365133,1,0.48605328476347254,0.485343677134066,0.5,extratrees
2022_07_DET_DAL,2022,7,2022-10-23,DAL,DET,7.0,49.5,0.7149278269657159,1,0.45918632209522253,0.47855144888025514,0.5,extratrees
2022_07_NYJ_DEN,2022,7,2022-10-23,DEN,NYJ,-2.0,37.0,0.453954604539546,0,0.49183585943473335,0.48680234908493114,0.5,extratrees
2022_07_NYG_JAX,2022,7,2022-10-23,JAX,NYG,3.0,44.0,0.6069415603678434,0,0.4992743377012659,0.48867829921229433,0.5,extratrees
2022_07_SEA_LAC,2022,7,2022-10-23,LAC,SEA,5.5,51.5,0.6679400834834022,0,0.4811983517720356,0.4841184861012562,0.5,extratrees
2022_07_HOU_LV,2022,7,2022-10-23,LV,HOU,7.0,46.0,0.7429694587239188,1,0.4360999092244391,0.472674615375331,0.5,extratrees
2022_07_PIT_MIA,2022,7,2022-10-23,MIA,PIT,7.5,44.5,0.7264615702621697,0,0.4379699507119729,0.4731526664682228,0.5,extratrees
2022_07_KC_SF,2022,7,2022-10-23,SF,KC,-1.0,49.0,0.497677011707861,0,0.49303201600285695,0.48710403040418565,0.5,extratrees
2022_07_IND_TEN,2022,7,2022-10-23,TEN,IND,2.5,43.0,0.5740354444580784,1,0.4850486117428942,0.48509018502707335,0.5,extratrees
2022_07_GB_WAS,2022,7,2022-10-23,WAS,GB,-4.0,41.5,0.35656010152897805,1,0.48007894591147415,0.48383590067331295,0.5,extratrees
2022_07_CHI_NE,2022,7,2022-10-24,NE,CHI,9.5,40.0,0.7728364052746279,0,0.47121881289659145,0.48159759364296634,0.5,extratrees
2022_08_BAL_TB,2022,8,2022-10-27,TB,BAL,2.0,46.0,0.5480494766888677,0,0.5062555194044195,0.490439123176412,0.5,extratrees
2022_08_CAR_ATL,2022,8,2022-10-30,ATL,CAR,4.5,41.0,0.6499104422061458,0,0.46321543976147056,0.47957245774650364,0.5,extratrees
2022_08_GB_BUF,2022,8,2022-10-30,BUF,GB,10.5,47.0,0.7915272066558287,0,0.5108296814325435,0.49159326050423424,0.5,extratrees
2022_08_CHI_DAL,2022,8,2022-10-30,DAL,CHI,10.5,43.0,0.7868489845163884,1,0.504774704143437,0.49006557599057354,0.5,extratrees
2022_08_MIA_DET,2022,8,2022-10-30,DET,MIA,-3.5,52.0,0.36200224691049804,0,0.47916350925525253,0.48360477597908696,0.5,extratrees
2022_08_TEN_HOU,2022,8,2022-10-30,HOU,TEN,-1.0,39.0,0.478202846975089,0,0.49154182756040143,0.486728189619656,0.5,extratrees
2022_08_WAS_IND,2022,8,2022-10-30,IND,WAS,3.0,40.5,0.586736037934668,0,0.4834566500937327,0.484688464845907,0.5,extratrees
2022_08_DEN_JAX,2022,8,2022-10-30,JAX,DEN,1.0,41.0,0.5046466242274987,0,0.4534451625092174,0.47709453666572754,0.5,extratrees
2022_08_SF_LA,2022,8,2022-10-30,LA,SF,-1.0,42.0,0.5023229882921391,0,0.4666727341407575,0.48044772352436993,0.5,extratrees
2022_08_ARI_MIN,2022,8,2022-10-30,MIN,ARI,4.0,48.5,0.648330451760112,1,0.5049411205790952,0.4901075541121829,0.5,extratrees
2022_08_LV_NO,2022,8,2022-10-30,NO,LV,-1.0,48.5,0.46943325045014145,1,0.49135401315163857,0.48668081940692787,0.5,extratrees
2022_08_NE_NYJ,2022,8,2022-10-30,NYJ,NE,-3.0,40.0,0.4066985645933015,0,0.4840322681045591,0.4848337250455476,0.5,extratrees
2022_08_PIT_PHI,2022,8,2022-10-30,PHI,PIT,11.0,43.0,0.8049780187088884,1,0.48929375999228497,0.4861611586191296,0.5,extratrees
2022_08_NYG_SEA,2022,8,2022-10-30,SEA,NYG,3.0,44.5,0.6054283493752616,1,0.470027732984727,0.4812964310493782,0.5,extratrees
2022_08_CIN_CLE,2022,8,2022-10-31,CLE,CIN,-3.0,45.0,0.3951262751461066,1,0.5021136167969295,0.48939437286103404,0.5,extratrees
2022_09_PHI_HOU,2022,9,2022-11-03,HOU,PHI,-14.0,45.5,0.15167045527612721,1,0.529731710267055,0.49637037875451556,0.5,extratrees
2022_09_SEA_ARI,2022,9,2022-11-06,ARI,SEA,1.5,49.5,0.5480494766888677,0,0.49600214047297,0.48785308273863065,0.5,extratrees
2022_09_LAC_ATL,2022,9,2022-11-06,ATL,LAC,-2.5,49.5,0.4248994579471935,0,0.4400126401746787,0.47367439471754497,0.5,extratrees
2022_09_MIA_CHI,2022,9,2022-11-06,CHI,MIA,-4.0,46.0,0.3582082253410925,1,0.49135596449697794,0.4866813115736561,0.5,extratrees
2022_09_CAR_CIN,2022,9,2022-11-06,CIN,CAR,7.0,43.0,0.745785705017046,1,0.47141588786039423,0.48164741693577706,0.5,extratrees
2022_09_GB_DET,2022,9,2022-11-06,DET,GB,-4.0,49.5,0.36072889550018594,1,0.48987581761584353,0.48630797744768267,0.5,extratrees
2022_09_LV_JAX,2022,9,2022-11-06,JAX,LV,-2.5,47.5,0.451107083760145,1,0.455170634450554,0.47753267567028357,0.5,extratrees
2022_09_TEN_KC,2022,9,2022-11-06,KC,TEN,14.0,45.0,0.8461898356629043,0,0.49938499393602065,0.48870620607590204,0.5,extratrees
2022_09_IND_NE,2022,9,2022-11-06,NE,IND,5.0,40.0,0.6618106139438086,1,0.5215548600687203,0.4943018678430276,0.5,extratrees
2022_09_BUF_NYJ,2022,9,2022-11-06,NYJ,BUF,-11.0,46.0,0.19386422976501305,1,0.5006042504137006,0.4890136997424139,0.5,extratrees
2022_09_BAL_NO,2022,9,2022-11-07,NO,BAL,-1.0,46.0,0.4600722970752547,0,0.47719005620304594,0.48310643056078423,0.5,extratrees
2022_10_ATL_CAR,2022,10,2022-11-10,CAR,ATL,-2.5,41.5,0.4452291394795425,1,0.47651764484506787,0.4829365974904173,0.5,extratrees
2022_10_MIN_BUF,2022,10,2022-11-13,BUF,MIN,6.5,47.0,0.7053108808290155,0,0.48633526634006524,0.4854148209253838,0.5,extratrees
2022_10_DET_CHI,2022,10,2022-11-13,CHI,DET,3.0,48.5,0.5986798270759409,0,0.4383793997132735,0.4732572826252961,0.5,extratrees
2022_10_DAL_GB,2022,10,2022-11-13,GB,DAL,-3.5,44.5,0.35166954823988805,1,0.46245465305600714,0.47937975261990745,0.5,extratrees
2022_10_ARI_LA,2022,10,2022-11-13,LA,ARI,3.5,38.0,0.6270426989984186,0,0.48709352312866677,0.48560612084653065,0.5,extratrees
2022_10_IND_LV,2022,10,2022-11-13,LV,IND,4.5,41.0,0.648330451760112,0,0.4897279801159152,0.4862706872077733,0.5,extratrees
2022_10_CLE_MIA,2022,10,2022-11-13,MIA,CLE,3.0,49.0,0.6224409126843496,1,0.43571902633279475,0.47257719737063203,0.5,extratrees
2022_10_HOU_NYG,2022,10,2022-11-13,NYG,HOU,5.5,41.5,0.6700755434503315,1,0.518465657422168,0.4935212544749899,0.5,extratrees
2022_10_NO_PIT,2022,10,2022-11-13,PIT,NO,1.0,39.5,0.5240193918025562,1,0.4669717377694566,0.4805233871959402,0.5,extratrees
2022_10_LAC_SF,2022,10,2022-11-13,SF,LAC,8.5,45.5,0.7584745314828713,0,0.5016651237951587,0.48928125767646025,0.5,extratrees
2022_10_SEA_TB,2022,10,2022-11-13,TB,SEA,2.5,45.0,0.5649948822927329,1,0.433460044883254,0.4719990603947939,0.5,extratrees
2022_10_DEN_TEN,2022,10,2022-11-13,TEN,DEN,2.5,40.0,0.5605012156349355,1,0.47725052282959857,0.48312170196783144,0.5,extratrees
2022_10_WAS_PHI,2022,10,2022-11-14,PHI,WAS,11.0,43.0,0.808051612079015,0,0.5173774680816304,0.4932463742932655,0.5,extratrees
2022_11_TEN_GB,2022,11,2022-11-17,GB,TEN,3.0,40.5,0.6148543979079913,0,0.5522167832065574,0.5020831540089776,0.5,extratrees
2022_11_CAR_BAL,2022,11,2022-11-20,BAL,CAR,13.0,42.0,0.8392998896396833,0,0.48435150244728775,0.4849142819651388,0.5,extratrees
2022_11_CLE_BUF,2022,11,2022-11-20,BUF,CLE,7.5,50.5,0.7561815774459886,1,0.43461590078315465,0.47229495404254296,0.5,extratrees
2022_11_LV_DEN,2022,11,2022-11-20,DEN,LV,2.5,41.5,0.5775497887748944,0,0.495853418348444,0.4878155764796575,0.5,extratrees
2022_11_WAS_HOU,2022,11,2022-11-20,HOU,WAS,-3.0,41.0,0.41493775933609955,0,0.538420144913714,0.49857289597085486,0.5,extratrees
2022_11_PHI_IND,2022,11,2022-11-20,IND,PHI,-6.5,45.5,0.290309925460965,1,0.51975784245025,0.4938477273944783,0.5,extratrees
2022_11_KC_LAC,2022,11,2022-11-20,LAC,KC,-5.5,52.5,0.32106932575441594,1,0.5045254170266943,0.4900026947096521,0.5,extratrees
2022_11_DAL_MIN,2022,11,2022-11-20,MIN,DAL,-1.5,48.5,0.4471717836540324,0,0.49184475425289337,0.486804592484644,0.5,extratrees
2022_11_NYJ_NE,2022,11,2022-11-20,NE,NYJ,3.5,38.5,0.629269318749507,1,0.4396333267245064,0.4735775487461476,0.5,extratrees
2022_11_LA_NO,2022,11,2022-11-20,NO,LA,2.5,39.5,0.5399277029247453,1,0.48840242904074405,0.48593631866820863,0.5,extratrees
2022_11_DET_NYG,2022,11,2022-11-20,NYG,DET,3.0,44.0,0.5986798270759409,0,0.49947589125725733,0.4887291298967713,0.5,extratrees
2022_11_CIN_PIT,2022,11,2022-11-20,PIT,CIN,-3.5,39.0,0.37073068125049297,0,0.4775287969080901,0.48319198090794574,0.5,extratrees
2022_11_SF_ARI,2022,11,2022-11-21,ARI,SF,-10.0,43.5,0.21561338289962823,0,0.4332690331145348,0.4719501464158646,0.5,extratrees
2022_12_NYG_DAL,2022,12,2022-11-24,DAL,NYG,10.5,45.5,0.7905398342128594,0,0.48433508986697354,0.48491014040646546,0.5,extratrees
2022_12_BUF_DET,2022,12,2022-11-24,DET,BUF,-10.0,54.0,0.21945616020299694,1,0.4657982972324281,0.48022641510193376,0.5,extratrees
2022_12_NE_MIN,2022,12,2022-11-24,MIN,NE,2.5,42.5,0.562379468921525,1,0.5060491100993106,0.4903870526599499,0.5,extratrees
2022_12_LAC_ARI,2022,12,2022-11-27,ARI,LAC,-2.5,48.5,0.43762053107847504,1,0.47523321745423447,0.4826121362931161,0.5,extratrees
2022_12_DEN_CAR,2022,12,2022-11-27,CAR,DEN,-1.0,36.5,0.4759806081974437,1,0.4937176169145228,0.4872769400061665,0.5,extratrees
2022_12_TB_CLE,2022,12,2022-11-27,CLE,TB,-3.0,42.0,0.3880609933784388,1,0.45837391275478123,0.47834544016111563,0.5,extratrees
2022_12_BAL_JAX,2022,12,2022-11-27,JAX,BAL,-3.5,43.0,0.3945716506247385,1,0.4928384126973265,0.48705520274193903,0.5,extratrees
2022_12_LA_KC,2022,12,2022-11-27,KC,LA,16.5,42.0,0.8882601694532649,0,0.49448899863452445,0.4874714802064142,0.5,extratrees
2022_12_HOU_MIA,2022,12,2022-11-27,MIA,HOU,14.0,47.0,0.8640691389767738,1,0.4938093951515824,0.48730008638389716,0.5,extratrees
2022_12_CHI_NYJ,2022,12,2022-11-27,NYJ,CHI,8.5,36.5,0.7661538461538461,1,0.4620821822532325,0.47928539295752576,0.5,extratrees
2022_12_GB_PHI,2022,12,2022-11-27,PHI,GB,6.5,46.0,0.7149278269657159,1,0.5180947663951446,0.4934275609024726,0.5,extratrees
2022_12_LV_SEA,2022,12,2022-11-27,SEA,LV,4.0,47.5,0.644674925573802,0,0.5149130826827704,0.492624027655525,0.5,extratrees
2022_12_NO_SF,2022,12,2022-11-27,SF,NO,9.5,44.0,0.7728364052746279,1,0.4801547711772232,0.4838550434183282,0.5,extratrees
2022_12_CIN_TEN,2022,12,2022-11-27,TEN,CIN,-1.0,43.0,0.5,0,0.4984599401360446,0.48847291430032674,0.5,extratrees
2022_12_ATL_WAS,2022,12,2022-11-27,WAS,ATL,3.5,40.5,0.6297217024951262,1,0.49959014748207464,0.48875794476388695,0.5,extratrees
2022_12_PIT_IND,2022,12,2022-11-28,IND,PIT,2.5,40.0,0.5480494766888677,0,0.49176277906401616,0.4867839171461596,0.5,extratrees
2022_13_BUF_NE,2022,13,2022-12-01,NE,BUF,-3.5,43.5,0.3676233473073202,0,0.47799996339920353,0.48331096890198505,0.5,extratrees
2022_13_PIT_ATL,2022,13,2022-12-04,ATL,PIT,-1.0,43.0,0.48147562105834224,0,0.50868795523637,0.49105281019275515,0.5,extratrees
2022_13_DEN_BAL,2022,13,2022-12-04,BAL,DEN,9.5,40.5,0.7536076905268497,0,0.5325720498945437,0.4970898251832334,0.5,extratrees
2022_13_GB_CHI,2022,13,2022-12-04,CHI,GB,-4.0,45.0,0.37073068125049297,0,0.4664260361919878,0.4803852920613584,0.5,extratrees
2022_13_KC_CIN,2022,13,2022-12-04,CIN,KC,-2.5,53.0,0.444104134762634,1,0.4985692356518263,0.48850047767471705,0.5,extratrees
2022_13_IND_DAL,2022,13,2022-12-04,DAL,IND,11.0,44.5,0.7963340122199594,1,0.4960056857084216,0.48785397681165543,0.5,extratrees
2022_13_JAX_DET,2022,13,2022-12-04,DET,JAX,1.0,51.5,0.5284039285250725,1,0.4730096830161895,0.4820502824368456,0.5,extratrees
2022_13_CLE_HOU,2022,13,2022-12-04,HOU,CLE,-7.5,47.0,0.25547879942829915,0,0.5053970050541372,0.490222551963705,0.5,extratrees
2022_13_SEA_LA,2022,13,2022-12-04,LA,SEA,-7.0,41.0,0.276087446472842,1,0.5126002985790414,0.4920401537198199,0.5,extratrees
2022_13_LAC_LV,2022,13,2022-12-04,LV,LAC,2.5,49.0,0.5668328047122791,1,0.4784758786759594,0.4834311480361491,0.5,extratrees
2022_13_NYJ_MIN,2022,13,2022-12-04,MIN,NYJ,3.0,44.0,0.5792858120125872,1,0.5213175138534923,0.4942418775696501,0.5,extratrees
2022_13_WAS_NYG,2022,13,2022-12-04,NYG,WAS,-2.5,40.0,0.45890354830779323,1,0.5030973568383922,0.4896424906597826,0.5,extratrees
2022_13_TEN_PHI,2022,13,2022-12-04,PHI,TEN,5.0,44.5,0.6629225583423975,1,0.524060690080994,0.4949353921887931,0.5,extratrees
2022_13_MIA_SF,2022,13,2022-12-04,SF,MIA,4.5,46.0,0.6711332625214478,1,0.46976694455990514,0.4812304815321523,0.5,extratrees
2022_13_NO_TB,2022,13,2022-12-05,TB,NO,3.5,41.0,0.6379977530895019,0,0.4967919955895263,0.48805227589257766,0.5,extratrees
2022_14_LV_LA,2022,14,2022-12-08,LA,LV,-6.5,42.5,0.2817523080884246,1,0.47602865665247535,0.4828130811963696,0.5,extratrees
2022_14_NYJ_BUF,2022,14,2022-12-11,BUF,NYJ,10.0,43.5,0.7754085940036801,0,0.4995759748824984,0.48875437049942716,0.5,extratrees
2022_14_CLE_CIN,2022,14,2022-12-11,CIN,CLE,4.5,47.0,0.6534585746204004,1,0.4700607688989738,0.48130478509161617,0.5,extratrees
2022_14_HOU_DAL,2022,14,2022-12-11,DAL,HOU,17.0,44.5,0.90462674227086,0,0.4505455750124848,0.4763576957325532,0.5,extratrees
2022_14_KC_DEN,2022,14,2022-12-11,DEN,KC,-8.5,44.5,0.22616355195810023,1,0.4716018968603669,0.48169444086703234,0.5,extratrees
2022_14_MIN_DET,2022,14,2022-12-11,DET,MIN,2.5,51.5,0.5547708605204575,1,0.46134313328265164,0.47909813897055914,0.5,extratrees
2022_14_MIA_LAC,2022,14,2022-12-11,LAC,MIA,-3.0,54.5,0.3960962679598783,1,0.4884684510444977,0.48595297327225956,0.5,extratrees
2022_14_PHI_NYG,2022,14,2022-12-11,NYG,PHI,-7.5,44.5,0.26994359387590655,0,0.4860359505380068,0.4853393036655732,0.5,extratrees
2022_14_BAL_PIT,2022,14,2022-12-11,PIT,BAL,1.5,37.0,0.5399277029247453,0,0.522894560418598,0.4946405327984141,0.5,extratrees
2022_14_CAR_SEA,2022,14,2022-12-11,SEA,CAR,3.5,44.5,0.6495327102803738,0,0.47063561909814694,0.4814501429356764,0.5,extratrees
2022_14_TB_SF,2022,14,2022-12-11,SF,TB,3.5,38.0,0.6455089820359281,1,0.4949876072851587,0.48759722628552066,0.5,extratrees
2022_14_JAX_TEN,2022,14,2022-12-11,TEN,JAX,3.0,42.0,0.6119390066215612,0,0.48410621017527133,0.48485238411494347,0.5,extratrees
2022_14_NE_ARI,2022,14,2022-12-12,ARI,NE,-2.0,44.0,0.45801526717557256,0,0.48735940940927097,0.48567319846379486,0.5,extratrees
2022_15_SF_SEA,2022,15,2022-12-15,SEA,SF,-3.0,43.0,0.3871172000921022,0,0.5016501412157547,0.48927747892612644,0.5,extratrees
2022_15_MIA_BUF,2022,15,2022-12-17,BUF,MIA,7.0,44.0,0.7397124442240952,0,0.4884323916648283,0.48594387700012187,0.5,extratrees
2022_15_BAL_CLE,2022,15,2022-12-17,CLE,BAL,2.5,39.5,0.5922935486449755,1,0.5032210158880072,0.4896736805570993,0.5,extratrees
2022_15_IND_MIN,2022,15,2022-12-17,MIN,IND,3.5,46.5,0.6362901596282077,0,0.4221333611896185,0.4690902122981852,0.5,extratrees
2022_15_PIT_CAR,2022,15,2022-12-18,CAR,PIT,2.5,36.5,0.5764909248055315,0,0.48293764217229496,0.4845574832272578,0.5,extratrees
2022_15_PHI_CHI,2022,15,2022-12-18,CHI,PHI,-8.5,48.0,0.22937728315351283,1,0.45484852589504576,0.47745090295218534,0.5,extratrees
2022_15_ARI_DEN,2022,15,2022-12-18,DEN,ARI,1.5,37.5,0.534834771627026,1,0.47886513253935653,0.483529437326867,0.5,extratrees
2022_15_KC_HOU,2022,15,2022-12-18,HOU,KC,-14.5,48.5,0.14421617245218096,1,0.48623341047726193,0.4853891229363884,0.5,extratrees
2022_15_DAL_JAX,2022,15,2022-12-18,JAX,DAL,-4.0,48.5,0.36370984037179227,1,0.5244373153752374,0.49503063780697176,0.5,extratrees
2022_15_NE_LV,2022,15,2022-12-18,LV,NE,1.0,45.0,0.5500363507751557,1,0.5093924723653502,0.49123057828926886,0.5,extratrees
2022_15_ATL_NO,2022,15,2022-12-18,NO,ATL,5.0,43.5,0.6789306742455842,0,0.45800108070058443,0.47825088208541333,0.5,extratrees
2022_15_DET_NYJ,2022,15,2022-12-18,NYJ,DET,2.0,44.0,0.555895865237366,0,0.4675183647781288,0.48066169945456494,0.5,extratrees
2022_15_CIN_TB,2022,15,2022-12-18,TB,CIN,-3.5,47.0,0.3900657414170928,0,0.4941700093473327,0.4873910324383747,0.5,extratrees
2022_15_NYG_WAS,2022,15,2022-12-18,WAS,NYG,4.5,40.5,0.6522836814321781,0,0.4748446642226008,0.4825139700233549,0.5,extratrees
2022_15_LA_GB,2022,15,2022-12-19,GB,LA,8.0,39.5,0.7579052432627578,1,0.49693322277957686,0.48808789185220386,0.5,extratrees
2022_16_JAX_NYJ,2022,16,2022-12-22,NYJ,JAX,2.5,36.5,0.562379468921525,0,0.5266162261983074,0.4955818157441966,0.5,extratrees
2022_16_ATL_BAL,2022,16,2022-12-24,BAL,ATL,6.5,35.0,0.7123342460695936,1,0.5262746001071963,0.49549538074648886,0.5,extratrees
2022_16_DET_CAR,2022,16,2022-12-24,CAR,DET,-2.5,43.5,0.4499636492248442,1,0.502184608629586,0.4894122780059973,0.5,extratrees
2022_16_BUF_CHI,2022,16,2022-12-24,CHI,BUF,-8.0,40.0,0.2402841621395737,0,0.48462330045815477,0.48498286667935864,0.5,extratrees
2022_16_NO_CLE,2022,16,2022-12-24,CLE,NO,3.0,32.0,0.6279229893276131,0,0.5085008625875966,0.49100560369513435,0.5,extratrees
2022_16_PHI_DAL,2022,16,2022-12-24,DAL,PHI,4.0,48.0,0.6495327102803738,1,0.4821775617814395,0.4843656493292637,0.5,extratrees
2022_16_SEA_KC,2022,16,2022-12-24,KC,SEA,10.5,50.5,0.7923696806592547,1,0.5167593235260866,0.4930902494759679,0.5,extratrees
2022_16_NYG_MIN,2022,16,2022-12-24,MIN,NYG,4.5,48.0,0.6651251793972254,0,0.45888872714134255,0.4784759910927268,0.5,extratrees
2022_16_CIN_NE,2022,16,2022-12-24,NE,CIN,-3.0,42.0,0.4132639620653319,0,0.5063690296359382,0.4904677585217405,0.5,extratrees
2022_16_LV_PIT,2022,16,2022-12-24,PIT,LV,2.5,38.5,0.5704635785196144,1,0.5074919127189205,0.49075104215264836,0.5,extratrees
2022_16_WAS_SF,2022,16,2022-12-24,SF,WAS,6.5,37.5,0.7151211298942416,1,0.545517004470782,0.500376328836152,0.5,extratrees
2022_16_HOU_TEN,2022,16,2022-12-24,TEN,HOU,3.0,34.0,0.6143408084559349,0,0.4903951974470227,0.4864389825014716,0.5,extratrees
2022_16_TB_ARI,2022,16,2022-12-25,ARI,TB,-7.5,41.5,0.26028755577590484,1,0.4866393899853411,0.48549154935185274,0.5,extratrees
2022_16_DEN_LA,2022,16,2022-12-25,LA,DEN,-3.0,36.5,0.38227263180004206,1,0.5164601168795672,0.49301468399469395,0.5,extratrees
2022_16_GB_MIA,2022,16,2022-12-25,MIA,GB,3.5,49.0,0.629269318749507,0,0.5123723112053266,0.4919826060968289,0.5,extratrees
2022_16_LAC_IND,2022,16,2022-12-26,IND,LAC,-3.5,44.5,0.3676233473073202,0,0.4960995004770566,0.48787763595240047,0.5,extratrees
2022_17_ARI_ATL,2022,17,2023-01-01,ATL,ARI,7.0,41.0,0.7151211298942416,0,0.47415044544094065,0.4823385628220072,0.5,extratrees
2022_17_PIT_BAL,2022,17,2023-01-01,BAL,PIT,1.0,35.5,0.534834771627026,0,0.49797411632927685,0.4883503941447585,0.5,extratrees
2022_17_CHI_DET,2022,17,2023-01-01,DET,CHI,4.5,52.5,0.6686953451176703,1,0.42249572179612965,0.46918354894564623,0.5,extratrees
2022_17_MIN_GB,2022,17,2023-01-01,GB,MIN,3.0,47.5,0.617727368199958,1,0.46945896382576024,0.4811525932439764,0.5,extratrees
2022_17_JAX_HOU,2022,17,2023-01-01,HOU,JAX,-3.5,43.0,0.3650052779508833,0,0.5129274441177056,0.49212273311983484,0.5,extratrees
2022_17_DEN_KC,2022,17,2023-01-01,KC,DEN,13.5,46.0,0.8495317115164828,0,0.5009375467826889,0.48909775793472077,0.5,extratrees
2022_17_LA_LAC,2022,17,2023-01-01,LAC,LA,6.5,41.5,0.7176598944357621,1,0.470451173812898,0.4814035055299635,0.5,extratrees
2022_17_SF_LV,2022,17,2023-01-01,LV,SF,-10.0,41.5,0.20583407465858716,1,0.5312774976138727,0.49676185521008687,0.5,extratrees
2022_17_MIA_NE,2022,17,2023-01-01,NE,MIA,3.0,41.5,0.6002460024600246,0,0.499031099439253,0.48861695610824285,0.5,extratrees
2022_17_IND_NYG,2022,17,2023-01-01,NYG,IND,5.5,38.5,0.6776342863861725,1,0.4494854768611616,0.4760881194790449,0.5,extratrees
2022_17_NO_PHI,2022,17,2023-01-01,PHI,NO,5.5,41.5,0.6735308890005023,0,0.5117148490763297,0.4918166606326419,0.5,extratrees
2022_17_NYJ_SEA,2022,17,2023-01-01,SEA,NYJ,-1.0,43.0,0.4827086071703758,1,0.5020496998325809,0.48937825213967745,0.5,extratrees
2022_17_CAR_TB,2022,17,2023-01-01,TB,CAR,3.5,40.5,0.6310538349615464,1,0.4906967538451869,0.4865150436008323,0.5,extratrees
2022_17_CLE_WAS,2022,17,2023-01-01,WAS,CLE,1.0,41.5,0.5262215623771888,0,0.48701559881050815,0.48558646190110294,0.5,extratrees
2022_18_TEN_JAX,2022,18,2023-01-07,JAX,TEN,6.0,39.5,0.7025285076846802,0,0.4479589879907981,0.47569976188145935,0.5,extratrees
2022_18_KC_LV,2022,18,2023-01-07,LV,KC,-9.0,51.5,0.22143025602054453,0,0.49164440753922023,0.48675406200321025,0.5,extratrees
2022_18_TB_ATL,2022,18,2023-01-08,ATL,TB,6.0,40.5,0.6829002792370676,1,0.48239568642000485,0.4844207026273341,0.5,extratrees
2022_18_NE_BUF,2022,18,2023-01-08,BUF,NE,8.0,44.0,0.7655188824223437,1,0.503570264323188,0.48976177070806026,0.5,extratrees
2022_18_MIN_CHI,2022,18,2023-01-08,CHI,MIN,-6.5,42.5,0.2974714923153198,0,0.5158269668643682,0.4928547909912216,0.5,extratrees
2022_18_LAC_DEN,2022,18,2023-01-08,DEN,LAC,6.0,38.5,0.6979212888691675,0,0.4869096132722272,0.4855597234154409,0.5,extratrees
2022_18_DET_GB,2022,18,2023-01-08,GB,DET,5.5,49.0,0.7115258195992297,0,0.4728899973379074,0.4820200334597808,0.5,extratrees
2022_18_HOU_IND,2022,18,2023-01-08,IND,HOU,3.0,38.0,0.5722567873303167,0,0.5026141627501935,0.48952061871249175,0.5,extratrees
2022_18_NYJ_MIA,2022,18,2023-01-08,MIA,NYJ,3.5,37.5,0.6495327102803738,1,0.4602667634064101,0.47882535073085386,0.5,extratrees
2022_18_CAR_NO,2022,18,2023-01-08,NO,CAR,3.5,41.5,0.6252015045674368,0,0.47287320164737884,0.48201578851806937,0.5,extratrees
2022_18_NYG_PHI,2022,18,2023-01-08,PHI,NYG,16.5,42.5,0.8986974530501657,0,0.450097127542416,0.4762436707663246,0.5,extratrees
2022_18_CLE_PIT,2022,18,2023-01-08,PIT,CLE,2.5,40.0,0.5722567873303167,1,0.49049931322277496,0.48646524358664445,0.5,extratrees
2022_18_LA_SEA,2022,18,2023-01-08,SEA,LA,5.5,41.5,0.6732289817653704,0,0.47166327010608733,0.48170995593914423,0.5,extratrees
2022_18_ARI_SF,2022,18,2023-01-08,SF,ARI,14.0,40.0,0.886302763694837,1,0.5047716028782573,0.4900647937082286,0.5,extratrees
2022_18_DAL_WAS,2022,18,2023-01-08,WAS,DAL,-7.5,40.5,0.25977238990598717,1,0.5137952064175891,0.49234179299274855,0.5,extratrees
2022_19_LAC_JAX,2022,19,2023-01-14,JAX,LAC,-2.0,46.5,0.4559761116939714,1,0.5269295522720114,0.49566109631359495,0.5,extratrees
2022_19_SEA_SF,2022,19,2023-01-14,SF,SEA,10.0,42.0,0.7923696806592547,1,0.48609752750930596,0.4853548396614547,0.5,extratrees
2022_19_MIA_BUF,2022,19,2023-01-15,BUF,MIA,14.0,44.0,0.8705882042861398,0,0.5050903972012895,0.49014520911296,0.5,extratrees
2022_19_BAL_CIN,2022,19,2023-01-15,CIN,BAL,7.5,40.0,0.7639021449741297,0,0.5227415192268243,0.4946018408992263,0.5,extratrees
2022_19_NYG_MIN,2022,19,2023-01-15,MIN,NYG,2.5,48.0,0.5733276913854508,0,0.48119140215140604,0.4841167318412162,0.5,extratrees
2022_19_DAL_TB,2022,19,2023-01-16,TB,DAL,-2.5,45.5,0.43949878436506445,0,0.46144841072812764,0.47912481553354985,0.5,extratrees
2022_20_JAX_KC,2022,20,2023-01-21,KC,JAX,10.0,52.5,0.7967369210534896,0,0.4747671737713116,0.4824943916453017,0.5,extratrees
2022_20_NYG_PHI,2022,20,2023-01-21,PHI,NYG,8.0,48.0,0.7597158378604262,1,0.46369848125250696,0.479694791382017,0.5,extratrees
2022_20_CIN_BUF,2022,20,2023-01-22,BUF,CIN,6.0,48.5,0.7016637026941679,0,0.49181556537476123,0.48679723063133057,0.5,extratrees
2022_20_DAL_SF,2022,20,2023-01-22,SF,DAL,3.5,46.5,0.6306061713569676,1,0.4766638323528419,0.4829735220068796,0.5,extratrees
2022_21_CIN_KC,2022,21,2023-01-29,KC,CIN,2.0,48.5,0.5539593349939177,1,0.5149023860439266,0.49262132683602794,0.5,extratrees
2022_21_SF_PHI,2022,21,2023-01-29,PHI,SF,2.5,45.0,0.5810079557598683,1,0.5008657909603729,0.48907966086631766,0.5,extratrees
2022_22_KC_PHI,2022,22,2023-02-12,PHI,KC,1.0,51.0,0.521797153024911,0,0.4405901075707984,0.4738218026769854,0.5,extratrees
2023_01_DET_KC,2023,1,2023-09-07,KC,DET,4.0,53.0,0.6369041816941223,0,0.49371906593740367,0.49391259401573173,0.5,extratrees
2023_01_CAR_ATL,2023,1,2023-09-10,ATL,CAR,3.5,40.5,0.6309403437815976,1,0.4991823819752875,0.49531070092398544,0.5,extratrees
2023_01_HOU_BAL,2023,1,2023-09-10,BAL,HOU,9.5,43.5,0.7999999999999999,1,0.4773978183697647,0.48973290084180343,0.5,extratrees
2023_01_GB_CHI,2023,1,2023-09-10,CHI,GB,1.0,41.0,0.5173641257162701,0,0.49682835460136204,0.4947083015965226,0.5,extratrees
2023_01_CIN_CLE,2023,1,2023-09-10,CLE,CIN,-1.0,46.5,0.4956702459300312,1,0.4918132813824789,0.49342483630662337,0.5,extratrees
2023_01_LV_DEN,2023,1,2023-09-10,DEN,LV,3.0,43.0,0.593369754159424,0,0.48085980659711847,0.49062010896993846,0.5,extratrees
2023_01_JAX_IND,2023,1,2023-09-10,IND,JAX,-4.0,45.5,0.35527082119976705,0,0.5356074986112428,0.5046478913122001,0.5,extratrees
2023_01_MIA_LAC,2023,1,2023-09-10,LAC,MIA,3.0,50.5,0.593369754159424,0,0.4447953880530054,0.4813425398828819,0.5,extratrees
2023_01_TB_MIN,2023,1,2023-09-10,MIN,TB,4.0,45.0,0.644729178800233,0,0.4614052020911026,0.48562680455639495,0.5,extratrees
2023_01_PHI_NE,2023,1,2023-09-10,NE,PHI,-3.5,44.5,0.3775334481388264,0,0.49557653522096623,0.49438795222650334,0.5,extratrees
2023_01_TEN_NO,2023,1,2023-09-10,NO,TEN,3.0,41.0,0.5720596355604638,0,0.45740730646853,0.4845977719266966,0.5,extratrees
2023_01_DAL_NYG,2023,1,2023-09-10,NYG,DAL,-3.5,44.5,0.3962430290578221,0,0.5055086585521203,0.49692969616301735,0.5,extratrees
2023_01_SF_PIT,2023,1,2023-09-10,PIT,SF,-1.5,41.5,0.4782608695652174,0,0.4762066212908537,0.4894275215480404,0.5,extratrees
2023_01_LA_SEA,2023,1,2023-09-10,SEA,LA,4.5,45.0,0.6574752261956054,0,0.47919650753762394,0.49019390953490544,0.5,extratrees
2023_01_ARI_WAS,2023,1,2023-09-10,WAS,ARI,7.0,38.0,0.740871613663133,0,0.45421546428987025,0.4837752979194387,0.5,extratrees
2023_01_BUF_NYJ,2023,1,2023-09-11,NYJ,BUF,-2.5,44.5,0.448558885283451,1,0.4895106702272171,0.49283545085669733,0.5,extratrees
2023_02_NYG_ARI,2023,2,2023-09-17,ARI,NYG,-5.0,40.0,0.33635187580853815,1,0.47039414704447624,0.4879364728751259,0.5,extratrees
2023_02_GB_ATL,2023,2,2023-09-17,ATL,GB,3.0,40.5,0.5720596355604638,0,0.5240023695058359,0.5016672773354048,0.5,extratrees
2023_02_LV_BUF,2023,2,2023-09-17,BUF,LV,7.5,47.0,0.7477827050997783,1,0.4993249663782383,0.49534718838652614,0.5,extratrees
2023_02_BAL_CIN,2023,2,2023-09-17,CIN,BAL,3.5,45.5,0.6092362344582594,0,0.49908863322039426,0.4952867105517877,0.5,extratrees
2023_02_NYJ_DAL,2023,2,2023-09-17,DAL,NYJ,8.5,38.5,0.7600000000000001,1,0.5237324986652625,0.5015980543004218,0.5,extratrees
2023_02_WAS_DEN,2023,2,2023-09-17,DEN,WAS,4.0,38.5,0.6369041816941223,0,0.4540503368422676,0.48373272443165943,0.5,extratrees
2023_02_SEA_DET,2023,2,2023-09-17,DET,SEA,4.5,47.5,0.6574752261956054,0,0.4078512583104821,0.4716945847509164,0.5,extratrees
2023_02_IND_HOU,2023,2,2023-09-17,HOU,IND,-1.0,40.0,0.5,0,0.48122325755325035,0.49071322573647314,0.5,extratrees
2023_02_KC_JAX,2023,2,2023-09-17,JAX,KC,-3.5,50.5,0.3962430290578221,0,0.4580735472176592,0.4847693436122631,0.5,extratrees
2023_02_SF_LA,2023,2,2023-09-17,LA,SF,-7.5,45.0,0.2591283863368669,1,0.5700351548159867,0.5135586797049395,0.5,extratrees
2023_02_MIA_NE,2023,2,2023-09-17,NE,MIA,-2.0,46.5,0.4572564612326044,0,0.5029328333509632,0.49627046651951817,0.5,extratrees
2023_02_CHI_TB,2023,2,2023-09-17,TB,CHI,2.5,41.0,0.551441114716549,1,0.4531664275176279,0.48350479264398916,0.5,extratrees
2023_02_LAC_TEN,2023,2,2023-09-17,TEN,LAC,-2.5,45.5,0.43650793650793646,1,0.4638566765062251,0.4862572187821498,0.5,extratrees
2023_02_CLE_PIT,2023,2,2023-09-18,PIT,CLE,-2.5,39.0,0.42794036443953615,1,0.5555124574191727,0.5097842611397517,0.5,extratrees
2023_03_NYG_SF,2023,3,2023-09-21,SF,NYG,10.5,43.5,0.8081570996978852,1,0.4886051900158156,0.4926036561034563,0.5,extratrees
2023_03_DAL_ARI,2023,3,2023-09-24,ARI,DAL,-11.5,43.5,0.16835016835016833,1,0.5296860323790249,0.5031260411438581,0.5,extratrees
2023_03_IND_BAL,2023,3,2023-09-24,BAL,IND,7.5,43.5,0.7600000000000001,0,0.4875688993384807,0.49233835537941545,0.5,extratrees
2023_03_TEN_CLE,2023,3,2023-09-24,CLE,TEN,3.5,38.0,0.6224665518611737,1,0.49644876143501826,0.4946111618278728,0.5,extratrees
2023_03_ATL_DET,2023,3,2023-09-24,DET,ATL,3.0,47.5,0.5996387718242023,1,0.4918113852833563,0.4934243510058655,0.5,extratrees
2023_03_NO_GB,2023,3,2023-09-24,GB,NO,-1.5,41.5,0.4675324675324675,1,0.5434441881831394,0.5066658705895912,0.5,extratrees
2023_03_HOU_JAX,2023,3,2023-09-24,JAX,HOU,7.5,43.5,0.7600000000000001,0,0.46055835763954717,0.48540893295313403,0.5,extratrees
2023_03_CHI_KC,2023,3,2023-09-24,KC,CHI,13.0,48.0,0.8465011286681716,1,0.47313742129838743,0.48864039973992346,0.5,extratrees
2023_03_PIT_LV,2023,3,2023-09-24,LV,PIT,3.0,43.5,0.5720596355604638,0,0.4769100713784124,0.4896078676082185,0.5,extratrees
2023_03_DEN_MIA,2023,3,2023-09-24,MIA,DEN,6.0,47.5,0.6853932584269663,1,0.4409067464034038,0.4803356512465145,0.5,extratrees
2023_03_LAC_MIN,2023,3,2023-09-24,MIN,LAC,1.0,54.0,0.5,0,0.45884020100205986,0.4849667305723808,0.5,extratrees
2023_03_NE_NYJ,2023,3,2023-09-24,NYJ,NE,-2.5,35.5,0.43650793650793646,0,0.4670045221604964,0.487066119436013,0.5,extratrees
2023_03_CAR_SEA,2023,3,2023-09-24,SEA,CAR,5.0,42.5,0.6636481241914618,1,0.43794544632000637,0.4795677333895912,0.5,extratrees
2023_03_BUF_WAS,2023,3,2023-09-24,WAS,BUF,-5.5,44.0,0.3194444444444444,0,0.48520462990615465,0.49173298920460456,0.5,extratrees
2023_03_PHI_TB,2023,3,2023-09-25,TB,PHI,-6.0,44.0,0.30920711694593195,0,0.5700080492073528,0.5135516091990909,0.5,extratrees
2023_04_DET_GB,2023,4,2023-09-28,GB,DET,-2.5,45.0,0.43650793650793646,0,0.4755940162184699,0.4892704483034104,0.5,extratrees
2023_04_MIA_BUF,2023,4,2023-10-01,BUF,MIA,2.5,53.0,0.5634920634920635,1,0.48981726440649076,0.49291393283039875,0.5,extratrees
2023_04_MIN_CAR,2023,4,2023-10-01,CAR,MIN,-4.5,46.5,0.33635187580853815,0,0.45448129122497344,0.48384382899367695,0.5,extratrees
2023_04_BAL_CLE,2023,4,2023-10-01,CLE,BAL,-2.0,38.5,0.448558885283451,0,0.4625756826727448,0.4859278544373118,0.5,extratrees
2023_04_NE_DAL,2023,4,2023-10-01,DAL,NE,6.5,43.0,0.7095435684647302,1,0.4767279274897396,0.4895611727369367,0.5,extratrees
2023_04_PIT_HOU,2023,4,2023-10-01,HOU,PIT,-3.0,41.5,0.4066302458405761,1,0.48224067514891483,0.4909738665424218,0.5,extratrees
2023_04_LA_IND,2023,4,2023-10-01,IND,LA,-1.0,44.5,0.4891657638136511,0,0.43640338380098276,0.47916743651063337,0.5,extratrees
2023_04_ATL_JAX,2023,4,2023-10-01,JAX,ATL,3.5,42.5,0.6224665518611737,1,0.46023612034468697,0.4853260156020118,0.5,extratrees
2023_04_TB_NO,2023,4,2023-10-01,NO,TB,4.0,41.0,0.644729178800233,0,0.48073576972715265,0.4905883294741187,0.5,extratrees
2023_04_KC_NYJ,2023,4,2023-10-01,NYJ,KC,-9.5,41.5,0.2042241228835748,1,0.5503226177806618,0.5084414525919084,0.5,extratrees
2023_04_WAS_PHI,2023,4,2023-10-01,PHI,WAS,9.5,43.0,0.7867435158501441,0,0.48677866001296005,0.49213603087674435,0.5,extratrees
2023_04_ARI_SF,2023,4,2023-10-01,SF,ARI,15.0,44.0,0.8800000000000001,1,0.5148792481606846,0.4993288708910635,0.5,extratrees
2023_04_CIN_TEN,2023,4,2023-10-01,TEN,CIN,-2.5,41.5,0.4066302458405761,1,0.47076421907478,0.4880314568292406,0.5,extratrees
2023_04_SEA_NYG,2023,4,2023-10-02,NYG,SEA,-2.5,46.5,0.43650793650793646,0,0.48277227494187636,0.49111003795240976,0.5,extratrees
2023_05_CHI_WAS,2023,5,2023-10-05,WAS,CHI,6.0,45.5,0.690792883054068,0,0.4379545111444357,0.47957008563563724,0.5,extratrees
2023_05_CIN_ARI,2023,5,2023-10-08,ARI,CIN,-3.0,45.5,0.3962430290578221,0,0.4666755661819396,0.4869816172092971,0.5,extratrees
2023_05_HOU_ATL,2023,5,2023-10-08,ATL,HOU,2.5,42.0,0.5634920634920635,0,0.49889804169177215,0.4952379380604834,0.5,extratrees
2023_05_JAX_BUF,2023,5,2023-10-08,BUF,JAX,5.5,48.5,0.6853932584269663,0,0.4800943678705512,0.4904239872808225,0.5,extratrees
2023_05_NYJ_DEN,2023,5,2023-10-08,DEN,NYJ,2.5,42.5,0.551441114716549,0,0.4761201147178265,0.48940534207531644,0.5,extratrees
2023_05_CAR_DET,2023,5,2023-10-08,DET,CAR,9.5,43.5,0.7867435158501441,1,0.4469279280739638,0.4818940338071732,0.5,extratrees
2023_05_TEN_IND,2023,5,2023-10-08,IND,TEN,-2.5,43.5,0.43650793650793646,1,0.48042044766365466,0.49050753837915595,0.5,extratrees
2023_05_PHI_LA,2023,5,2023-10-08,LA,PHI,-3.5,50.5,0.3690596562184025,0,0.5251238952977428,0.5019549918047032,0.5,extratrees
2023_05_NYG_MIA,2023,5,2023-10-08,MIA,NYG,12.5,47.5,0.8465011286681716,1,0.43861131181010027,0.4797404938126845,0.5,extratrees
2023_05_KC_MIN,2023,5,2023-10-08,MIN,KC,-3.5,52.5,0.3835616438356164,0,0.529504782947312,0.5030794940304114,0.5,extratrees
2023_05_NO_NE,2023,5,2023-10-08,NE,NO,2.5,38.5,0.551441114716549,0,0.4876491582788361,0.4923589032625344,0.5,extratrees
2023_05_BAL_PIT,2023,5,2023-10-08,PIT,BAL,-4.5,38.5,0.33099297893681046,1,0.5343429586796189,0.5043227017158193,0.5,extratrees
2023_05_DAL_SF,2023,5,2023-10-08,SF,DAL,3.5,45.0,0.6164383561643836,1,0.5129047884885499,0.4988231728473687,0.5,extratrees
2023_05_GB_LV,2023,5,2023-10-09,LV,GB,1.0,45.0,0.5173641257162701,1,0.49382430279215545,0.4939395267059583,0.5,extratrees
2023_06_DEN_KC,2023,6,2023-10-12,KC,DEN,10.5,47.5,0.8316498316498315,1,0.49057898984313236,0.49310891243894145,0.5,extratrees
2023_06_WAS_ATL,2023,6,2023-10-15,ATL,WAS,1.5,42.0,0.5324675324675325,0,0.469276063791015,0.48764945593436165,0.5,extratrees
2023_06_NYG_BUF,2023,6,2023-10-15,BUF,NYG,15.5,43.5,0.8869565217391304,0,0.4702076921172231,0.4878886138862742,0.5,extratrees
2023_06_MIN_CHI,2023,6,2023-10-15,CHI,MIN,-3.0,44.5,0.4003612281757977,0,0.456090474178318,0.48425855326773387,0.5,extratrees
2023_06_SEA_CIN,2023,6,2023-10-15,CIN,SEA,3.0,45.5,0.5829926410466066,1,0.4697149797766663,0.4877621359376155,0.5,extratrees
2023_06_SF_CLE,2023,6,2023-10-15,CLE,SF,-9.5,36.0,0.20863836017569545,1,0.5364269575152856,0.5048586842229118,0.5,extratrees
2023_06_NO_HOU,2023,6,2023-10-15,HOU,NO,-2.0,42.5,0.4572564612326044,1,0.5279287456876447,0.5026748287419069,0.5,extratrees
2023_06_IND_JAX,2023,6,2023-10-15,JAX,IND,4.0,44.0,0.644729178800233,1,0.4789429770778082,0.4901289366390683,0.5,extratrees
2023_06_ARI_LA,2023,6,2023-10-15,LA,ARI,7.0,48.0,0.740871613663133,1,0.48925642819908105,0.4927703687239927,0.5,extratrees
2023_06_NE_LV,2023,6,2023-10-15,LV,NE,3.0,41.5,0.5720596355604638,1,0.44217060112455886,0.4806630846714169,0.5,extratrees
2023_06_CAR_MIA,2023,6,2023-10-15,MIA,CAR,14.0,47.5,0.8800000000000001,1,0.4633136287438092,0.4861176061270492,0.5,extratrees
2023_06_PHI_NYJ,2023,6,2023-10-15,NYJ,PHI,-6.5,43.0,0.27792074112197634,1,0.5335412310870042,0.5041165862731152,0.5,extratrees
2023_06_DET_TB,2023,6,2023-10-15,TB,DET,-3.0,43.5,0.4066302458405761,0,0.5029878126887869,0.4962845366858539,0.5,extratrees
2023_06_BAL_TEN,2023,6,2023-10-15,TEN,BAL,-5.5,42.5,0.31460674157303364,0,0.5013644521804175,0.49586909947249,0.5,extratrees
2023_06_DAL_LAC,2023,6,2023-10-16,LAC,DAL,-1.5,49.5,0.4572564612326044,0,0.4745358507695581,0.4889990928047806,0.5,extratrees
2023_07_JAX_NO,2023,7,2023-10-19,NO,JAX,2.5,41.0,0.5720596355604638,0,0.46072334093850764,0.4854513830950079,0.5,extratrees
2023_07_DET_BAL,2023,7,2023-10-22,BAL,DET,3.0,43.5,0.593369754159424,1,0.47623952619455545,0.48943595797102085,0.5,extratrees
2023_07_LV_CHI,2023,7,2023-10-22,CHI,LV,-2.5,38.5,0.43650793650793646,1,0.4777062112390374,0.48981195185333226,0.5,extratrees
2023_07_GB_DEN,2023,7,2023-10-22,DEN,GB,1.5,44.0,0.5173641257162701,1,0.44001722831791745,0.48010509054949485,0.5,extratrees
2023_07_CLE_IND,2023,7,2023-10-22,IND,CLE,-3.5,40.0,0.3835616438356164,1,0.5143207309979971,0.49918581207166013,0.5,extratrees
2023_07_LAC_KC,2023,7,2023-10-22,KC,LAC,5.5,48.5,0.6957699520733487,1,0.4859704610683459,0.49192909333582013,0.5,extratrees
2023_07_PIT_LA,2023,7,2023-10-22,LA,PIT,3.5,44.0,0.6092362344582594,0,0.45801676115849044,0.4847547213231882,0.5,extratrees
2023_07_BUF_NE,2023,7,2023-10-22,NE,BUF,-7.5,41.0,0.23409789548356585,1,0.5571562918262877,0.5102101945504309,0.5,extratrees
2023_07_WAS_NYG,2023,7,2023-10-22,NYG,WAS,-3.0,37.0,0.4066302458405761,1,0.5091163656321199,0.4978531659414656,0.5,extratrees
2023_07_MIA_PHI,2023,7,2023-10-22,PHI,MIA,3.0,52.0,0.5829926410466066,1,0.5160783760928355,0.4996360489848474,0.5,extratrees
2023_07_ARI_SEA,2023,7,2023-10-22,SEA,ARI,9.5,43.5,0.7867435158501441,1,0.505153443157756,0.49683878172051177,0.5,extratrees
2023_07_ATL_TB,2023,7,2023-10-22,TB,ATL,3.0,37.5,0.5720596355604638,0,0.4632483129069553,0.48610081266258465,0.5,extratrees
2023_07_SF_MIN,2023,7,2023-10-23,MIN,SF,-7.0,44.5,0.26645768025078376,1,0.5657632339677594,0.512445604811013,0.5,extratrees
2023_08_TB_BUF,2023,8,2023-10-26,BUF,TB,10.0,43.0,0.7957758771164253,0,0.5412376954503609,0.5060971924097555,0.5,extratrees
2023_08_BAL_ARI,2023,8,2023-10-29,ARI,BAL,-9.5,44.5,0.19999999999999998,1,0.5652818009905349,0.5123203193079237,0.5,extratrees
2023_08_HOU_CAR,2023,8,2023-10-29,CAR,HOU,-3.0,43.0,0.4066302458405761,1,0.4616752470832528,0.4856962693265495,0.5,extratrees
2023_08_LA_DAL,2023,8,2023-10-29,DAL,LA,6.5,44.5,0.725752508361204,1,0.4858369931382418,0.4918949176552154,0.5,extratrees
2023_08_KC_DEN,2023,8,2023-10-29,DEN,KC,-7.0,45.5,0.2591283863368669,1,0.46540156532610466,0.48665428796162774,0.5,extratrees
2023_08_MIN_GB,2023,8,2023-10-29,GB,MIN,-1.0,41.5,0.4956702459300312,0,0.5157384657162055,0.4995489701540841,0.5,extratrees
2023_08_NO_IND,2023,8,2023-10-29,IND,NO,-2.0,43.5,0.4572564612326044,0,0.48106924522730543,0.4906737680591765,0.5,extratrees
2023_08_CHI_LAC,2023,8,2023-10-29,LAC,CHI,9.5,46.0,0.7819063004846527,1,0.5027983572228991,0.49623605184618147,0.5,extratrees
2023_08_NE_MIA,2023,8,2023-10-29,MIA,NE,7.5,46.5,0.7600000000000001,1,0.44725001784709945,0.4819772885679727,0.5,extratrees
2023_08_JAX_PIT,2023,8,2023-10-29,PIT,JAX,-2.5,41.0,0.448558885283451,0,0.5205944731959723,0.5007933838049532,0.5,extratrees
2023_08_CIN_SF,2023,8,2023-10-29,SF,CIN,4.0,44.0,0.644729178800233,0,0.4925149756620015,0.4936044296284062,0.5,extratrees
2023_08_ATL_TEN,2023,8,2023-10-29,TEN,ATL,-2.5,35.0,0.4572564612326044,1,0.48775679437559893,0.49238646002630215,0.5,extratrees
2023_08_LV_DET,2023,8,2023-10-30,DET,LV,7.0,46.0,0.740871613663133,1,0.4938768006530654,0.49395296215580975,0.5,extratrees
2023_09_TEN_PIT,2023,9,2023-11-02,PIT,TEN,3.5,37.0,0.6092362344582594,1,0.5349400242440935,0.5044762294052425,0.5,extratrees
2023_09_MIN_ATL,2023,9,2023-11-05,ATL,MIN,3.5,38.5,0.6309403437815976,0,0.4854207336253411,0.4917883277547296,0.5,extratrees
2023_09_SEA_BAL,2023,9,2023-11-05,BAL,SEA,6.0,44.5,0.7001620745542949,1,0.49783684533459227,0.49496637703938057,0.5,extratrees
2023_09_IND_CAR,2023,9,2023-11-05,CAR,IND,-1.5,45.0,0.4572564612326044,0,0.49143711327402745,0.49332855627768707,0.5,extratrees
2023_09_BUF_CIN,2023,9,2023-11-05,CIN,BUF,1.5,51.0,0.5324675324675325,1,0.5040294194722946,0.49655110689657334,0.5,extratrees
2023_09_ARI_CLE,2023,9,2023-11-05,CLE,ARI,13.0,38.0,0.8465011286681716,1,0.47163289357295657,0.48825438496138407,0.5,extratrees
2023_09_LA_GB,2023,9,2023-11-05,GB,LA,3.5,38.0,0.6333661417322834,1,0.4756495667752554,0.489284692266852,0.5,extratrees
2023_09_TB_HOU,2023,9,2023-11-05,HOU,TB,2.5,39.5,0.5720596355604638,0,0.49459464768136713,0.49413667379173876,0.5,extratrees
2023_09_MIA_KC,2023,9,2023-11-05,KC,MIA,1.0,51.0,0.5108342361863488,1,0.48143791350978454,0.4907682188710854,0.5,extratrees
2023_09_NYG_LV,2023,9,2023-11-05,LV,NYG,1.0,38.5,0.5173641257162701,1,0.5027241518414868,0.4962170615172733,0.5,extratrees
2023_09_WAS_NE,2023,9,2023-11-05,NE,WAS,2.5,40.5,0.5829926410466066,0,0.5038688927927503,0.4965100239122537,0.5,extratrees
2023_09_CHI_NO,2023,9,2023-11-05,NO,CHI,9.0,42.0,0.7819063004846527,0,0.47768304434559555,0.4898060135677516,0.5,extratrees
2023_09_DAL_PHI,2023,9,2023-11-05,PHI,DAL,3.5,46.5,0.6092362344582594,1,0.4710593831937361,0.48810720936363444,0.5,extratrees
2023_09_LAC_NYJ,2023,9,2023-11-06,NYJ,LAC,-3.0,41.0,0.3962430290578221,0,0.5000980808056336,0.49554502950172774,0.5,extratrees
2023_10_ATL_ARI,2023,10,2023-11-12,ARI,ATL,-2.0,43.5,0.4572564612326044,1,0.5081908482285795,0.49761623898576496,0.5,extratrees
2023_10_CLE_BAL,2023,10,2023-11-12,BAL,CLE,6.0,38.5,0.690792883054068,0,0.4777078751049074,0.4898123783451864,0.5,extratrees
2023_10_HOU_CIN,2023,10,2023-11-12,CIN,HOU,5.5,46.0,0.6853932584269663,0,0.4849544240460992,0.49166891646391775,0.5,extratrees
2023_10_NYG_DAL,2023,10,2023-11-12,DAL,NYG,17.5,38.5,0.9197080291970804,1,0.5021258465474691,0.4960639471980686,0.5,extratrees
2023_10_SF_JAX,2023,10,2023-11-12,JAX,SF,-3.0,44.5,0.3962430290578221,0,0.4976616022994182,0.4949215320696184,0.5,extratrees
2023_10_DET_LAC,2023,10,2023-11-12,LAC,DET,-2.5,48.5,0.43650793650793646,0,0.49801274518477295,0.49501139003383615,0.5,extratrees
2023_10_NYJ_LV,2023,10,2023-11-12,LV,NYJ,-1.0,35.5,0.4891657638136511,1,0.5041129817511354,0.496572492775769,0.5,extratrees
2023_10_NO_MIN,2023,10,2023-11-12,MIN,NO,-3.0,41.0,0.4170073589533933,1,0.504088989011616,0.49656635236837343,0.5,extratrees
2023_10_IND_NE,2023,10,2023-11-12,NE,IND,-1.0,42.0,0.4826358742837298,0,0.494858106356586,0.4942040971472621,0.5,extratrees
2023_10_GB_PIT,2023,10,2023-11-12,PIT,GB,3.0,38.5,0.5996387718242023,1,0.4905090390696908,0.49309100746310003,0.5,extratrees
2023_10_WAS_SEA,2023,10,2023-11-12,SEA,WAS,6.0,44.0,0.7001620745542949,0,0.5027110976264695,0.4962137207418342,0.5,extratrees
2023_10_TEN_TB,2023,10,2023-11-12,TB,TEN,2.5,39.5,0.5634920634920635,1,0.48706686130659854,0.49220982049405765,0.5,extratrees
2023_10_DEN_BUF,2023,10,2023-11-13,BUF,DEN,7.5,47.5,0.7659021045164341,0,0.5230328963440872,0.5014186194592392,0.5,extratrees
2023_11_CIN_BAL,2023,11,2023-11-16,BAL,CIN,4.0,46.5,0.644729178800233,1,0.47886143635486483,0.4901080394721663,0.5,extratrees
2023_11_NYJ_BUF,2023,11,2023-11-19,BUF,NYJ,8.0,39.5,0.7659021045164341,1,0.5205736829393142,0.5007880540896142,0.5,extratrees
2023_11_DAL_CAR,2023,11,2023-11-19,CAR,DAL,-11.0,43.0,0.16835016835016833,0,0.5211741151152762,0.5009419860727604,0.5,extratrees
2023_11_PIT_CLE,2023,11,2023-11-19,CLE,PIT,2.5,34.0,0.5634920634920635,1,0.4528497577458778,0.48342311690545076,0.5,extratrees
2023_11_MIN_DEN,2023,11,2023-11-19,DEN,MIN,2.5,43.5,0.5634920634920635,0,0.5045472699034887,0.4966836402002225,0.5,extratrees
2023_11_CHI_DET,2023,11,2023-11-19,DET,CHI,8.0,48.0,0.7819063004846527,0,0.5029678524401551,0.49627942850915496,0.5,extratrees
2023_11_LAC_GB,2023,11,2023-11-19,GB,LAC,-3.0,44.0,0.4066302458405761,1,0.5166398123324188,0.499779887126789,0.5,extratrees
2023_11_ARI_HOU,2023,11,2023-11-19,HOU,ARI,5.5,48.0,0.6853932584269663,0,0.4424740950795791,0.48074168586029364,0.5,extratrees
2023_11_TEN_JAX,2023,11,2023-11-19,JAX,TEN,6.5,40.0,0.7135512302607419,1,0.49521747999658383,0.49429606586912994,0.5,extratrees
2023_11_SEA_LA,2023,11,2023-11-19,LA,SEA,2.5,45.0,0.551441114716549,0,0.4538164191581753,0.4836724112488847,0.5,extratrees
2023_11_LV_MIA,2023,11,2023-11-19,MIA,LV,14.0,44.5,0.8800000000000001,0,0.5078562213696692,0.49753058037892806,0.5,extratrees
2023_11_TB_SF,2023,11,2023-11-19,SF,TB,13.5,41.5,0.8677165354330709,0,0.5405654576607545,0.505924017585058,0.5,extratrees
2023_11_NYG_WAS,2023,11,2023-11-19,WAS,NYG,7.5,39.0,0.7659021045164341,0,0.46390955015005314,0.4862708110487859,0.5,extratrees
2023_11_PHI_KC,2023,11,2023-11-20,KC,PHI,2.5,46.0,0.5720596355604638,0,0.5394915358086187,0.5056474408376614,0.5,extratrees
2023_12_WAS_DAL,2023,12,2023-11-23,DAL,WAS,13.0,48.0,0.8524590163934427,1,0.49699439061188105,0.49475079085808216,0.5,extratrees
2023_12_GB_DET,2023,12,2023-11-23,DET,GB,8.5,47.0,0.7768331562167907,0,0.5153494449540308,0.49944931474628496,0.5,extratrees
2023_12_SF_SEA,2023,12,2023-11-23,SEA,SF,-7.0,43.5,0.2522172949002217,0,0.49257472402894537,0.49361972148739375,0.5,extratrees
2023_12_MIA_NYJ,2023,12,2023-11-24,NYJ,MIA,-9.5,40.0,0.19999999999999998,0,0.48851001443552505,0.4925792911123243,0.5,extratrees
2023_12_LA_ARI,2023,12,2023-11-26,ARI,LA,-3.0,45.0,0.42794036443953615,0,0.4758102913383863,0.48932590359041983,0.5,extratrees
2023_12_NO_ATL,2023,12,2023-11-26,ATL,NO,-2.0,42.0,0.4572564612326044,1,0.4738571482109235,0.4888250192929491,0.5,extratrees
2023_12_PIT_CIN,2023,12,2023-11-26,CIN,PIT,-2.0,36.0,0.448558885283451,0,0.4781123788178035,0.48991605980700237,0.5,extratrees
2023_12_CLE_DEN,2023,12,2023-11-26,DEN,CLE,1.5,37.5,0.5324675324675325,1,0.5120080422220519,0.4985935341940437,0.5,extratrees
2023_12_JAX_HOU,2023,12,2023-11-26,HOU,JAX,-1.0,48.0,0.4891657638136511,0,0.48631922631498814,0.492018395806664,0.5,extratrees
2023_12_TB_IND,2023,12,2023-11-26,IND,TB,2.5,45.0,0.5829926410466066,1,0.47819495155743735,0.48993722386000005,0.5,extratrees
2023_12_BAL_LAC,2023,12,2023-11-26,LAC,BAL,-3.0,49.0,0.3962430290578221,0,0.5281018786462072,0.5027192756213663,0.5,extratrees
2023_12_KC_LV,2023,12,2023-11-26,LV,KC,-9.0,42.5,0.19999999999999998,0,0.529446674967278,0.5030645715890625,0.5,extratrees
2023_12_NE_NYG,2023,12,2023-11-26,NYG,NE,-4.5,36.5,0.34252477380439467,1,0.48611155610054735,0.4919652215304798,0.5,extratrees
2023_12_BUF_PHI,2023,12,2023-11-26,PHI,BUF,2.5,49.0,0.5720596355604638,1,0.49170081829444473,0.49339605164072053,0.5,extratrees
2023_12_CAR_TEN,2023,12,2023-11-26,TEN,CAR,3.5,36.0,0.6092362344582594,1,0.48609212708944366,0.49196024664920945,0.5,extratrees
2023_12_CHI_MIN,2023,12,2023-11-27,MIN,CHI,3.0,43.5,0.5996387718242023,0,0.5103800350971803,0.49817668550532435,0.5,extratrees
2023_13_SEA_DAL,2023,13,2023-11-30,DAL,SEA,9.5,47.5,0.7999999999999999,0,0.4614022611686204,0.48562604802201353,0.5,extratrees
2023_13_KC_GB,2023,13,2023-12-03,GB,KC,-5.5,43.5,0.30423004792665137,1,0.5169434456752755,0.49985768148110693,0.5,extratrees
2023_13_DEN_HOU,2023,13,2023-12-03,HOU,DEN,3.5,47.5,0.6037569709421778,1,0.4866257058874587,0.4920968684954824,0.5,extratrees
2023_13_CLE_LA,2023,13,2023-12-03,LA,CLE,3.5,39.5,0.6309403437815976,1,0.50137020208269,0.49587057091280895,0.5,extratrees
2023_13_LAC_NE,2023,13,2023-12-03,NE,LAC,-4.5,38.5,0.33635187580853815,0,0.4805627330233161,0.4905439948370484,0.5,extratrees
2023_13_DET_NO,2023,13,2023-12-03,NO,DET,-4.0,47.5,0.3630958183058778,0,0.5011797773920105,0.4958218399840751,0.5,extratrees
2023_13_ATL_NYJ,2023,13,2023-12-03,NYJ,ATL,-2.0,33.0,0.4675324675324675,0,0.5131096396608115,0.49887563411049074,0.5,extratrees
2023_13_SF_PHI,2023,13,2023-12-03,PHI,SF,-3.0,46.5,0.42794036443953615,0,0.5084239785548982,0.49767591744923234,0.5,extratrees
2023_13_ARI_PIT,2023,13,2023-12-03,PIT,ARI,6.0,41.0,0.7095435684647302,0,0.49991180856900935,0.4954973620582305,0.5,extratrees
2023_13_CAR_TB,2023,13,2023-12-03,TB,CAR,4.0,37.0,0.6369041816941223,0,0.47987856625651454,0.4903686905584655,0.5,extratrees
2023_13_IND_TEN,2023,13,2023-12-03,TEN,IND,-1.5,42.0,0.4739134147382802,0,0.506326099742524,0.4971389197946613,0.5,extratrees
2023_13_MIA_WAS,2023,13,2023-12-03,WAS,MIA,-8.5,50.0,0.2132564841498559,0,0.48381824825005926,0.49137794315494354,0.5,extratrees
2023_13_CIN_JAX,2023,13,2023-12-04,JAX,CIN,10.0,41.0,0.8118668596237336,0,0.510530611257353,0.49821523769778814,0.5,extratrees
2023_14_NE_PIT,2023,14,2023-12-07,PIT,NE,6.0,30.0,0.7001620745542949,0,0.5214896624406093,0.5010228887022996,0.5,extratrees
2023_14_TB_ATL,2023,14,2023-12-10,ATL,TB,1.5,41.5,0.5324675324675325,0,0.48840661659565565,0.49255282101725406,0.5,extratrees
2023_14_LA_BAL,2023,14,2023-12-10,BAL,LA,7.5,42.0,0.7508125677139762,0,0.5200817012955649,0.5006619366875016,0.5,extratrees
2023_14_DET_CHI,2023,14,2023-12-10,CHI,DET,-3.0,44.5,0.3962430290578221,1,0.463204678414942,0.48608959356194537,0.5,extratrees
2023_14_IND_CIN,2023,14,2023-12-10,CIN,IND,3.0,45.0,0.5720596355604638,1,0.4935613606462503,0.4938722331655388,0.5,extratrees
2023_14_JAX_CLE,2023,14,2023-12-10,CLE,JAX,2.5,37.5,0.5634920634920635,1,0.48996662513817857,0.49295216560114546,0.5,extratrees
2023_14_PHI_DAL,2023,14,2023-12-10,DAL,PHI,3.5,52.5,0.6092362344582594,1,0.48926447860551653,0.4927724295247671,0.5,extratrees
2023_14_BUF_KC,2023,14,2023-12-10,KC,BUF,2.0,49.5,0.5324675324675325,0,0.48640066549931676,0.4920392481526206,0.5,extratrees
2023_14_DEN_LAC,2023,14,2023-12-10,LAC,DEN,3.0,45.0,0.593369754159424,0,0.4826339016296626,0.4910745939221618,0.5,extratrees
2023_14_CAR_NO,2023,14,2023-12-10,NO,CAR,5.5,39.0,0.6805555555555556,1,0.4683052497942926,0.4874001861435788,0.5,extratrees
2023_14_HOU_NYJ,2023,14,2023-12-10,NYJ,HOU,-3.5,33.5,0.39076376554174075,1,0.49145635399288623,0.49333348097687857,0.5,extratrees
2023_14_SEA_SF,2023,14,2023-12-10,SF,SEA,14.5,44.5,0.8720930232558138,0,0.4847342428468005,0.49161253107099956,0.5,extratrees
2023_14_TEN_MIA,2023,14,2023-12-11,MIA,TEN,14.0,45.0,0.8677165354330709,0,0.53216171632079,0.5037620284375434,0.5,extratrees
2023_14_GB_NYG,2023,14,2023-12-11,NYG,GB,-6.0,37.5,0.30423004792665137,1,0.4964663450830132,0.49461566158370696,0.5,extratrees
2023_15_LAC_LV,2023,15,2023-12-14,LV,LAC,3.0,36.0,0.593369754159424,1,0.47940871184911604,0.49024828981573176,0.5,extratrees
2023_15_DEN_DET,2023,15,2023-12-16,DET,DEN,5.5,49.0,0.690792883054068,1,0.46906165912473424,0.48759440927016784,0.5,extratrees
2023_15_PIT_IND,2023,15,2023-12-16,IND,PIT,1.5,41.5,0.5260865852617197,1,0.4952787328256582,0.4943117412314745,0.5,extratrees
2023_15_SF_ARI,2023,15,2023-12-17,ARI,SF,-12.5,48.0,0.15349887133182846,0,0.512616457260403,0.4987493347203317,0.5,extratrees
2023_15_DAL_BUF,2023,15,2023-12-17,BUF,DAL,2.0,49.5,0.551441114716549,1,0.5150534713977699,0.4993734984584939,0.5,extratrees
2023_15_ATL_CAR,2023,15,2023-12-17,CAR,ATL,-3.0,32.0,0.4170073589533933,1,0.514035011465656,0.4991126313659106,0.5,extratrees
2023_15_TB_GB,2023,15,2023-12-17,GB,TB,4.0,41.5,0.6574752261956054,0,0.514729776783263,0.4992905843001819,0.5,extratrees
2023_15_BAL_JAX,2023,15,2023-12-17,JAX,BAL,-4.0,42.5,0.33635187580853815,0,0.5230697127033102,0.5014280615886518,0.5,extratrees
2023_15_WAS_LA,2023,15,2023-12-17,LA,WAS,6.5,48.5,0.7179705215419501,1,0.4448258921650522,0.48135043185952836,0.5,extratrees
2023_15_NYJ_MIA,2023,15,2023-12-17,MIA,NYJ,7.5,36.0,0.7440690150970525,1,0.526798941104668,0.5023848249474941,0.5,extratrees
2023_15_NYG_NO,2023,15,2023-12-17,NO,NYG,6.0,39.5,0.6853932584269663,1,0.506487227197751,0.49718016138646715,0.5,extratrees
2023_15_HOU_TEN,2023,15,2023-12-17,TEN,HOU,3.0,38.0,0.6037569709421778,0,0.4958718361417119,0.4944635225302074,0.5,extratrees
2023_15_PHI_SEA,2023,15,2023-12-18,SEA,PHI,-5.0,46.0,0.3249687530045188,1,0.4977140020578229,0.4949349412570156,0.5,extratrees
2023_16_NO_LA,2023,16,2023-12-21,LA,NO,4.0,45.5,0.6574752261956054,1,0.4707721375667473,0.4880334891354443,0.5,extratrees
2023_16_BUF_LAC,2023,16,2023-12-23,LAC,BUF,-13.0,44.5,0.1475409836065574,1,0.5342210787652338,0.5042913648949551,0.5,extratrees
2023_16_CIN_PIT,2023,16,2023-12-23,PIT,CIN,-3.0,39.5,0.4170073589533933,1,0.4885554732437767,0.4925909286096796,0.5,extratrees
2023_16_IND_ATL,2023,16,2023-12-24,ATL,IND,3.0,44.0,0.5829926410466066,1,0.4867915170036883,0.4921393227566512,0.5,extratrees
2023_16_GB_CAR,2023,16,2023-12-24,CAR,GB,-3.5,39.5,0.3630958183058778,1,0.4982856783260218,0.4950812338850682,0.5,extratrees
2023_16_ARI_CHI,2023,16,2023-12-24,CHI,ARI,4.5,42.0,0.6574752261956054,1,0.4989079817101316,0.49524048171706514,0.5,extratrees
2023_16_NE_DEN,2023,16,2023-12-24,DEN,NE,7.0,37.5,0.740871613663133,0,0.5322006878028164,0.5037720430386279,0.5,extratrees
2023_16_CLE_HOU,2023,16,2023-12-24,HOU,CLE,-3.0,40.0,0.4066302458405761,0,0.5130566328102437,0.49886205923653704,0.5,extratrees
2023_16_DAL_MIA,2023,16,2023-12-24,MIA,DAL,1.5,48.5,0.5260865852617197,1,0.49239586392201795,0.4935739443168968,0.5,extratrees
2023_16_DET_MIN,2023,16,2023-12-24,MIN,DET,-2.5,47.5,0.42794036443953615,0,0.4816398285680819,0.4908199464911775,0.5,extratrees
2023_16_WAS_NYJ,2023,16,2023-12-24,NYJ,WAS,3.0,36.5,0.5996387718242023,0,0.4884857347557981,0.4925730754750187,0.5,extratrees
2023_16_JAX_TB,2023,16,2023-12-24,TB,JAX,-2.0,43.0,0.4675324675324675,1,0.4905064101304998,0.4930903345441932,0.5,extratrees
2023_16_LV_KC,2023,16,2023-12-25,KC,LV,11.0,40.5,0.8223350253807106,0,0.5187227726024084,0.5003136318308942,0.5,extratrees
2023_16_NYG_PHI,2023,16,2023-12-25,PHI,NYG,14.0,41.0,0.863013698630137,0,0.5146392856536279,0.4992674056339585,0.5,extratrees
2023_16_BAL_SF,2023,16,2023-12-25,SF,BAL,6.5,47.5,0.7440690150970525,0,0.48880105265150187,0.4926537964727182,0.5,extratrees
2023_17_NYJ_CLE,2023,17,2023-12-28,CLE,NYJ,6.5,33.5,0.7415045018878884,1,0.5282121935616236,0.5027475966673294,0.5,extratrees
2023_17_DET_DAL,2023,17,2023-12-30,DAL,DET,5.5,53.0,0.6750312469954812,0,0.46325703329243656,0.4861030547924638,0.5,extratrees
2023_17_MIA_BAL,2023,17,2023-12-31,BAL,MIA,3.0,47.0,0.6164383561643836,1,0.4836144028341389,0.4913257347461275,0.5,extratrees
2023_17_NE_BUF,2023,17,2023-12-31,BUF,NE,15.0,40.0,0.8869565217391304,0,0.5494303241221292,0.5082108632630296,0.5,extratrees
2023_17_ATL_CHI,2023,17,2023-12-31,CHI,ATL,3.0,39.0,0.5829926410466066,1,0.5293263069142519,0.5030336610608657,0.5,extratrees
2023_17_LAC_DEN,2023,17,2023-12-31,DEN,LAC,3.5,39.5,0.6369041816941223,1,0.4595146399434717,0.48514033775639437,0.5,extratrees
2023_17_TEN_HOU,2023,17,2023-12-31,HOU,TEN,5.0,44.0,0.6690070210631895,1,0.5323526746874682,0.5038111004326202,0.5,extratrees
2023_17_LV_IND,2023,17,2023-12-31,IND,LV,3.5,42.5,0.6164383561643836,0,0.5098118344172454,0.49803121289703545,0.5,extratrees
2023_17_CAR_JAX,2023,17,2023-12-31,JAX,CAR,3.5,38.0,0.6309403437815976,1,0.49462122290870936,0.4941434748487795,0.5,extratrees
2023_17_CIN_KC,2023,17,2023-12-31,KC,CIN,7.5,46.0,0.7440690150970525,1,0.5253206473023154,0.5020054727490678,0.5,extratrees
2023_17_GB_MIN,2023,17,2023-12-31,MIN,GB,1.0,42.5,0.5043297540699688,0,0.49424300165551943,0.49404668098958754,0.5,extratrees
2023_17_LA_NYG,2023,17,2023-12-31,NYG,LA,-6.0,43.5,0.2820294784580499,1,0.5323525277540927,0.503811062673149,0.5,extratrees
2023_17_ARI_PHI,2023,17,2023-12-31,PHI,ARI,12.0,48.0,0.8465011286681716,0,0.5189716153411815,0.5003774068888753,0.5,extratrees
2023_17_PIT_SEA,2023,17,2023-12-31,SEA,PIT,4.5,40.5,0.6636481241914618,0,0.5016051814094089,0.49593070391522714,0.5,extratrees
2023_17_NO_TB,2023,17,2023-12-31,TB,NO,2.5,42.5,0.5720596355604638,0,0.47981837796298055,0.49035326768884324,0.5,extratrees
2023_17_SF_WAS,2023,17,2023-12-31,WAS,SF,-14.0,49.0,0.12382234185733514,0,0.5136416032563028,0.4990118724974739,0.5,extratrees
2023_18_PIT_BAL,2023,18,2024-01-06,BAL,PIT,-3.0,34.0,0.4170073589533933,0,0.46638977955920774,0.4869081988924775,0.5,extratrees
2023_18_HOU_IND,2023,18,2024-01-06,IND,HOU,-1.5,47.5,0.4675324675324675,0,0.5013512409823092,0.4958657186348569,0.5,extratrees
2023_18_SEA_ARI,2023,18,2024-01-07,ARI,SEA,-2.5,48.0,0.4170073589533933,1,0.5199620390798491,0.5006312632929131,0.5,extratrees
2023_18_TB_CAR,2023,18,2024-01-07,CAR,TB,-5.0,36.5,0.3194444444444444,0,0.5012124174923398,0.4958301927878517,0.5,extratrees
2023_18_CLE_CIN,2023,18,2024-01-07,CIN,CLE,7.5,37.0,0.7508125677139762,1,0.4950980443321003,0.4942655007202704,0.5,extratrees
2023_18_MIN_DET,2023,18,2024-01-07,DET,MIN,3.5,47.5,0.644729178800233,1,0.4924069217168687,0.4935767744424854,0.5,extratrees
2023_18_CHI_GB,2023,18,2024-01-07,GB,CHI,2.5,45.5,0.5720596355604638,1,0.48127763611236213,0.4907271572331572,0.5,extratrees
2023_18_KC_LAC,2023,18,2024-01-07,LAC,KC,3.5,35.0,0.6224665518611737,0,0.4927342652021132,0.49366055388023955,0.5,extratrees
2023_18_DEN_LV,2023,18,2024-01-07,LV,DEN,3.5,37.5,0.6092362344582594,1,0.48896995806737475,0.4926970352690279,0.5,extratrees
2023_18_BUF_MIA,2023,18,2024-01-07,MIA,BUF,-2.5,47.5,0.4170073589533933,0,0.48727640631031616,0.49226347017650357,0.5,extratrees
2023_18_NYJ_NE,2023,18,2024-01-07,NE,NYJ,2.5,28.5,0.5634920634920635,0,0.4935218489988879,0.49386212107766786,0.5,extratrees
2023_18_ATL_NO,2023,18,2024-01-07,NO,ATL,3.5,41.5,0.6092362344582594,1,0.49603278435303527,0.49450471049556877,0.5,extratrees
2023_18_PHI_NYG,2023,18,2024-01-07,NYG,PHI,-4.5,43.0,0.32872981910134214,1,0.49090891800432607,0.49319336160013544,0.5,extratrees
2023_18_LA_SF,2023,18,2024-01-07,SF,LA,5.5,40.0,0.6805555555555556,0,0.48184488239631257,0.4908724768463027,0.5,extratrees
2023_18_JAX_TEN,2023,18,2024-01-07,TEN,JAX,-3.5,41.5,0.3775334481388264,1,0.49604667316216267,0.494508264749087,0.5,extratrees
2023_18_DAL_WAS,2023,18,2024-01-07,WAS,DAL,-13.0,47.5,0.14205607476635515,0,0.48118626775451695,0.49070374909055053,0.5,extratrees
2023_19_CLE_HOU,2023,19,2024-01-13,HOU,CLE,-2.5,45.0,0.42794036443953615,1,0.51685448220962,0.4998348876877826,0.5,extratrees
2023_19_MIA_KC,2023,19,2024-01-13,KC,MIA,4.5,43.5,0.6690070210631895,1,0.5028838795674431,0.49625793841731736,0.5,extratrees
2023_19_GB_DAL,2023,19,2024-01-14,DAL,GB,7.0,52.5,0.7440690150970525,0,0.45909028071471564,0.48503110761072415,0.5,extratrees
2023_19_LA_DET,2023,19,2024-01-14,DET,LA,3.5,52.5,0.593369754159424,0,0.4739576383665772,0.48885079436739903,0.5,extratrees
2023_19_PIT_BUF,2023,19,2024-01-15,BUF,PIT,10.0,39.5,0.7957758771164253,1,0.5259629909632296,0.502170293620309,0.5,extratrees
2023_19_PHI_TB,2023,19,2024-01-15,TB,PHI,-2.5,43.0,0.4066302458405761,1,0.49980398106636675,0.4954697688167429,0.5,extratrees
2023_20_HOU_BAL,2023,20,2024-01-20,BAL,HOU,10.0,44.0,0.7768331562167907,1,0.4624829568890136,0.48590400872353345,0.5,extratrees
2023_20_GB_SF,2023,20,2024-01-20,SF,GB,10.5,50.5,0.7913616398243045,0,0.46879823197974363,0.48752677287617757,0.5,extratrees
2023_20_KC_BUF,2023,20,2024-01-21,BUF,KC,2.5,45.5,0.5634920634920635,0,0.5106840381712761,0.498254520297226,0.5,extratrees
2023_20_TB_DET,2023,20,2024-01-21,DET,TB,6.0,49.5,0.705033164260632,1,0.4518764759688476,0.48317203088158805,0.5,extratrees
2023_21_KC_BAL,2023,21,2024-01-28,BAL,KC,4.5,44.0,0.6574752261956054,0,0.522605873141645,0.5013091072914203,0.5,extratrees
2023_21_DET_SF,2023,21,2024-01-28,SF,DET,7.5,52.5,0.7335423197492164,0,0.46742716073282387,0.48717467713022866,0.5,extratrees
2023_22_SF_KC,2023,22,2024-02-11,KC,SF,-1.5,47.0,0.4782608695652174,1,0.47853154049614727,0.49002349151940683,0.5,extratrees
2024_01_BAL_KC,2024,1,2024-09-05,KC,BAL,3.0,46.0,0.5720596355604638,1,0.4724463035649722,0.4875367946013862,0.5,extratrees
2024_01_GB_PHI,2024,1,2024-09-06,PHI,GB,2.0,49.5,0.5427435387673957,1,0.47385226565055977,0.4883699155701821,0.5,extratrees
2024_01_PIT_ATL,2024,1,2024-09-08,ATL,PIT,4.0,43.0,0.6309403437815976,0,0.48223714235780696,0.49333501991770773,0.5,extratrees
2024_01_ARI_BUF,2024,1,2024-09-08,BUF,ARI,6.5,46.0,0.725752508361204,0,0.48329575443285916,0.4939615115777694,0.5,extratrees
2024_01_TEN_CHI,2024,1,2024-09-08,CHI,TEN,4.0,43.0,0.6369041816941223,1,0.46439400647985996,0.4827613823404111,0.5,extratrees
2024_01_NE_CIN,2024,1,2024-09-08,CIN,NE,8.0,40.5,0.7571884984025559,0,0.46030565667683965,0.48033388089824836,0.5,extratrees
2024_01_DAL_CLE,2024,1,2024-09-08,CLE,DAL,2.5,42.0,0.5427435387673957,0,0.4434078195275753,0.4702743861679527,0.5,extratrees
2024_01_LA_DET,2024,1,2024-09-08,DET,LA,5.0,54.0,0.6636481241914618,1,0.4676988840098788,0.48472219688835166,0.5,extratrees
2024_01_HOU_IND,2024,1,2024-09-08,IND,HOU,-3.0,49.0,0.4170073589533933,1,0.5174445301113193,0.5141539521368281,0.5,extratrees
2024_01_LV_LAC,2024,1,2024-09-08,LAC,LV,3.0,41.0,0.5829926410466066,1,0.5263737335884615,0.519437149700407,0.5,extratrees
2024_01_JAX_MIA,2024,1,2024-09-08,MIA,JAX,3.5,49.5,0.6164383561643836,0,0.4548164113802141,0.4770710150276254,0.5,extratrees
2024_01_CAR_NO,2024,1,2024-09-08,NO,CAR,3.5,41.5,0.6309403437815976,1,0.4443529592112346,0.4708383165568222,0.5,extratrees
2024_01_MIN_NYG,2024,1,2024-09-08,NYG,MIN,-1.0,42.5,0.4891657638136511,0,0.4708339749321861,0.4865811543779101,0.5,extratrees
2024_01_DEN_SEA,2024,1,2024-09-08,SEA,DEN,6.5,42.0,0.705033164260632,0,0.4408942988260527,0.4687738323629701,0.5,extratrees
2024_01_WAS_TB,2024,1,2024-09-08,TB,WAS,4.0,42.0,0.6369041816941223,1,0.43150234277289734,0.4631554662866561,0.5,extratrees
2024_01_NYJ_SF,2024,1,2024-09-09,SF,NYJ,3.5,43.0,0.6164383561643836,1,0.476663698533575,0.4900353320037019,0.5,extratrees
2024_02_BUF_MIA,2024,2,2024-09-12,MIA,BUF,2.5,48.5,0.551441114716549,0,0.4857352726816775,0.4954049705448968,0.5,extratrees
2024_02_LA_ARI,2024,2,2024-09-15,ARI,LA,-1.0,47.5,0.4956702459300312,1,0.4614942081549046,0.4810398177605057,0.5,extratrees
2024_02_LV_BAL,2024,2,2024-09-15,BAL,LV,9.0,41.0,0.7867435158501441,0,0.46530697271475596,0.48330318127626765,0.5,extratrees
2024_02_LAC_CAR,2024,2,2024-09-15,CAR,LAC,-5.0,39.0,0.33635187580853815,0,0.5181577773741896,0.514575808467376,0.5,extratrees
2024_02_NO_DAL,2024,2,2024-09-15,DAL,NO,6.5,47.0,0.7135512302607419,0,0.5316901294751833,0.5225852697844134,0.5,extratrees
2024_02_PIT_DEN,2024,2,2024-09-15,DEN,PIT,-3.0,36.5,0.4170073589533933,0,0.5178438059303139,0.5143901045443379,0.5,extratrees
2024_02_TB_DET,2024,2,2024-09-15,DET,TB,7.5,51.5,0.7571884984025559,0,0.5298638793715537,0.5215035958208445,0.5,extratrees
2024_02_IND_GB,2024,2,2024-09-15,GB,IND,-3.0,41.5,0.43650793650793646,1,0.4894000011846803,0.49757278666804705,0.5,extratrees
2024_02_CLE_JAX,2024,2,2024-09-15,JAX,CLE,3.0,41.5,0.6037569709421778,0,0.44672388113252126,0.4722522357195624,0.5,extratrees
2024_02_CIN_KC,2024,2,2024-09-15,KC,CIN,6.5,47.5,0.7135512302607419,0,0.46477609068074294,0.4829881420052769,0.5,extratrees
2024_02_SF_MIN,2024,2,2024-09-15,MIN,SF,-4.5,46.5,0.34252477380439467,1,0.5252345167160206,0.5187628347734985,0.5,extratrees
2024_02_SEA_NE,2024,2,2024-09-15,NE,SEA,-3.5,39.0,0.3962430290578221,1,0.5203759639444557,0.5158879263230034,0.5,extratrees
2024_02_NYJ_TEN,2024,2,2024-09-15,TEN,NYJ,-3.5,41.5,0.3835616438356164,0,0.4762474598750514,0.4897888064978505,0.5,extratrees
2024_02_NYG_WAS,2024,2,2024-09-15,WAS,NYG,1.5,42.5,0.5324675324675325,1,0.455058497239682,0.47721500593697513,0.5,extratrees
2024_02_ATL_PHI,2024,2,2024-09-16,PHI,ATL,5.5,46.5,0.6957699520733487,0,0.46042885197903993,0.48040706112471376,0.5,extratrees
2024_03_NE_NYJ,2024,3,2024-09-19,NYJ,NE,6.5,39.0,0.7095435684647302,1,0.5031031401915114,0.5056747407454967,0.5,extratrees
2024_03_DET_ARI,2024,3,2024-09-22,ARI,DET,-3.0,51.5,0.42794036443953615,0,0.47009278974587687,0.48614176059144276,0.5,extratrees
2024_03_KC_ATL,2024,3,2024-09-22,ATL,KC,-3.0,46.0,0.3962430290578221,0,0.5239525517428393,0.5180041296415232,0.5,extratrees
2024_03_NYG_CLE,2024,3,2024-09-22,CLE,NYG,6.5,38.0,0.7001620745542949,0,0.4567497468004565,0.47822070459945376,0.5,extratrees
2024_03_BAL_DAL,2024,3,2024-09-22,DAL,BAL,-1.5,47.5,0.4782608695652174,0,0.4422814543099187,0.46960210474384784,0.5,extratrees
2024_03_CHI_IND,2024,3,2024-09-22,IND,CHI,1.5,43.0,0.5324675324675325,1,0.5162220166771055,0.5134309361344668,0.5,extratrees
2024_03_SF_LA,2024,3,2024-09-22,LA,SF,-6.0,44.5,0.30920711694593195,1,0.5243828250127628,0.5182587663083756,0.5,extratrees
2024_03_CAR_LV,2024,3,2024-09-22,LV,CAR,5.5,40.0,0.6805555555555556,0,0.39805666988122285,0.44296455534948626,0.5,extratrees
2024_03_HOU_MIN,2024,3,2024-09-22,MIN,HOU,-2.0,46.0,0.448558885283451,1,0.5332906745231684,0.5235334990064483,0.5,extratrees
2024_03_PHI_NO,2024,3,2024-09-22,NO,PHI,2.5,49.0,0.5634920634920635,0,0.42863136819770176,0.46143412981203086,0.5,extratrees
2024_03_LAC_PIT,2024,3,2024-09-22,PIT,LAC,3.0,36.0,0.5720596355604638,1,0.5303408797935054,0.5217860925080068,0.5,extratrees
2024_03_MIA_SEA,2024,3,2024-09-22,SEA,MIA,4.0,41.5,0.644729178800233,1,0.41236514699407145,0.45164204835026656,0.5,extratrees
2024_03_DEN_TB,2024,3,2024-09-22,TB,DEN,6.0,40.5,0.6805555555555556,0,0.4460806300561718,0.4718687282004448,0.5,extratrees
2024_03_GB_TEN,2024,3,2024-09-22,TEN,GB,3.0,37.0,0.593369754159424,0,0.4585599930798808,0.4792967035478245,0.5,extratrees
2024_03_JAX_BUF,2024,3,2024-09-23,BUF,JAX,4.0,46.5,0.6574752261956054,1,0.4965951443194136,0.5018274142117711,0.5,extratrees
2024_03_WAS_CIN,2024,3,2024-09-23,CIN,WAS,7.5,46.0,0.7477827050997783,0,0.46554525151953846,0.4834445712668952,0.5,extratrees
2024_04_DAL_NYG,2024,4,2024-09-26,NYG,DAL,-5.5,45.0,0.31460674157303364,1,0.4597851134955938,0.4800246463208476,0.5,extratrees
2024_04_WAS_ARI,2024,4,2024-09-29,ARI,WAS,3.5,49.0,0.6164383561643836,0,0.47292462945482344,0.4878202536380622,0.5,extratrees
2024_04_NO_ATL,2024,4,2024-09-29,ATL,NO,2.5,41.5,0.5634920634920635,0,0.5383344955987714,0.5265232739863683,0.5,extratrees
2024_04_BUF_BAL,2024,4,2024-09-29,BAL,BUF,2.5,46.5,0.551441114716549,1,0.5407883924026619,0.5279788152211579,0.5,extratrees
2024_04_CIN_CAR,2024,4,2024-09-29,CAR,CIN,-4.5,47.0,0.35527082119976705,0,0.46008703506201765,0.4802040107056586,0.5,extratrees
2024_04_LA_CHI,2024,4,2024-09-29,CHI,LA,3.0,40.0,0.593369754159424,1,0.4501598506233746,0.4742995419793109,0.5,extratrees
2024_04_MIN_GB,2024,4,2024-09-29,GB,MIN,2.5,44.0,0.551441114716549,0,0.4702048560024831,0.48620819998471465,0.5,extratrees
2024_04_JAX_HOU,2024,4,2024-09-29,HOU,JAX,5.5,44.5,0.6750312469954812,0,0.42856645117547987,0.46139518545163477,0.5,extratrees
2024_04_PIT_IND,2024,4,2024-09-29,IND,PIT,-2.5,40.0,0.4572564612326044,1,0.5688116104515457,0.54466204888044,0.5,extratrees
2024_04_KC_LAC,2024,4,2024-09-29,LAC,KC,-7.5,41.5,0.2559309849029475,1,0.5598264592148383,0.53929864719522,0.5,extratrees
2024_04_CLE_LV,2024,4,2024-09-29,LV,CLE,-2.5,36.5,0.448558885283451,1,0.46798907622264785,0.48489431114043186,0.5,extratrees
2024_04_DEN_NYJ,2024,4,2024-09-29,NYJ,DEN,7.5,39.5,0.7768331562167907,0,0.5222076400400968,0.5169716043268112,0.5,extratrees
2024_04_NE_SF,2024,4,2024-09-29,SF,NE,10.5,41.5,0.8118668596237336,1,0.4853799549898242,0.4951947509681925,0.5,extratrees
2024_04_PHI_TB,2024,4,2024-09-29,TB,PHI,-1.0,42.0,0.4891657638136511,1,0.4811068380340225,0.4926660192887234,0.5,extratrees
2024_04_SEA_DET,2024,4,2024-09-30,DET,SEA,3.5,46.5,0.6224665518611737,1,0.5286860815997475,0.5208061406712304,0.5,extratrees
2024_04_TEN_MIA,2024,4,2024-09-30,MIA,TEN,2.5,37.0,0.551441114716549,0,0.46687533738062964,0.48423369672959715,0.5,extratrees
2024_05_TB_ATL,2024,5,2024-10-03,ATL,TB,2.5,44.0,0.5634920634920635,1,0.4889563819594421,0.4973104042722869,0.5,extratrees
2024_05_CAR_CHI,2024,5,2024-10-06,CHI,CAR,4.0,40.0,0.6369041816941223,1,0.44025450166810937,0.4683916814565377,0.5,extratrees
2024_05_BAL_CIN,2024,5,2024-10-06,CIN,BAL,-2.5,48.5,0.42794036443953615,0,0.48126152548043055,0.4927575802703771,0.5,extratrees
2024_05_LV_DEN,2024,5,2024-10-06,DEN,LV,3.0,36.0,0.5829926410466066,1,0.437966023572684,0.4670241002043348,0.5,extratrees
2024_05_BUF_HOU,2024,5,2024-10-06,HOU,BUF,1.0,48.0,0.5173641257162701,1,0.49934584539976873,0.5034536044460889,0.5,extratrees
2024_05_IND_JAX,2024,5,2024-10-06,JAX,IND,3.5,45.0,0.6224665518611737,0,0.4951000294788953,0.5009434522481251,0.5,extratrees
2024_05_GB_LA,2024,5,2024-10-06,LA,GB,-3.0,49.5,0.4170073589533933,0,0.5151261924237714,0.5127828963365542,0.5,extratrees
2024_05_NYJ_MIN,2024,5,2024-10-06,MIN,NYJ,2.5,42.0,0.5634920634920635,1,0.5020132424535805,0.5050304533227614,0.5,extratrees
2024_05_MIA_NE,2024,5,2024-10-06,NE,MIA,-2.0,37.0,0.4572564612326044,0,0.4540134621434753,0.4765933627436237,0.5,extratrees
2024_05_DAL_PIT,2024,5,2024-10-06,PIT,DAL,2.5,43.5,0.551441114716549,0,0.47010223460024914,0.48614736010033627,0.5,extratrees
2024_05_NYG_SEA,2024,5,2024-10-06,SEA,NYG,7.0,42.5,0.725752508361204,0,0.49317700803195075,0.4998064112728753,0.5,extratrees
2024_05_ARI_SF,2024,5,2024-10-06,SF,ARI,7.0,48.5,0.7335423197492164,0,0.46708857069884996,0.48436018687366655,0.5,extratrees
2024_05_CLE_WAS,2024,5,2024-10-06,WAS,CLE,3.0,44.0,0.5829926410466066,1,0.4244506987676728,0.4589240165762229,0.5,extratrees
2024_05_NO_KC,2024,5,2024-10-07,KC,NO,5.5,43.0,0.6690070210631895,1,0.48800496490349676,0.496747650447534,0.5,extratrees
2024_06_SF_SEA,2024,6,2024-10-10,SEA,SF,-3.5,49.0,0.3630958183058778,0,0.4442978161447266,0.47080541928068537,0.5,extratrees
2024_06_WAS_BAL,2024,6,2024-10-13,BAL,WAS,6.5,51.5,0.7095435684647302,1,0.48207377023576,0.49323832907028337,0.5,extratrees
2024_06_ATL_CAR,2024,6,2024-10-13,CAR,ATL,-6.0,45.5,0.30920711694593195,0,0.48369997823402305,0.4942007145413087,0.5,extratrees
2024_06_JAX_CHI,2024,6,2024-10-13,CHI,JAX,-1.5,44.5,0.4782608695652174,1,0.44513581503340766,0.4713052924260685,0.5,extratrees
2024_06_DET_DAL,2024,6,2024-10-13,DAL,DET,-3.5,52.5,0.3835616438356164,0,0.49554075530709113,0.5012040296543124,0.5,extratrees
2024_06_LAC_DEN,2024,6,2024-10-13,DEN,LAC,-3.0,37.0,0.4170073589533933,0,0.5174309987661538,0.5141459491193852,0.5,extratrees
2024_06_ARI_GB,2024,6,2024-10-13,GB,ARI,5.5,47.0,0.6750312469954812,1,0.49085454584509447,0.49843303112651427,0.5,extratrees
2024_06_PIT_LV,2024,6,2024-10-13,LV,PIT,-3.5,36.5,0.3835616438356164,0,0.5398863623660151,0.5274436929502709,0.5,extratrees
2024_06_HOU_NE,2024,6,2024-10-13,NE,HOU,-6.5,38.5,0.30423004792665137,0,0.522137891788598,0.5169303356092739,0.5,extratrees
2024_06_TB_NO,2024,6,2024-10-13,NO,TB,-3.5,42.5,0.39076376554174075,0,0.5042773491802163,0.5063688668613052,0.5,extratrees
2024_06_CIN_NYG,2024,6,2024-10-13,NYG,CIN,-4.5,46.0,0.33099297893681046,0,0.47193806184126985,0.4872355831731498,0.5,extratrees
2024_06_CLE_PHI,2024,6,2024-10-13,PHI,CLE,8.0,42.0,0.7768331562167907,0,0.4804333161341401,0.49226733581961235,0.5,extratrees
2024_06_IND_TEN,2024,6,2024-10-13,TEN,IND,2.5,42.0,0.551441114716549,0,0.48864789097649763,0.4971279394587259,0.5,extratrees
2024_06_BUF_NYJ,2024,6,2024-10-14,NYJ,BUF,-1.0,42.0,0.4739134147382802,0,0.4907291533789388,0.49835887509315335,0.5,extratrees
2024_07_DEN_NO,2024,7,2024-10-17,NO,DEN,-2.5,37.0,0.42794036443953615,0,0.5105218692125436,0.510060451418356,0.5,extratrees
2024_07_SEA_ATL,2024,7,2024-10-20,ATL,SEA,3.0,51.5,0.593369754159424,0,0.44645954835188467,0.4720946489682758,0.5,extratrees
2024_07_TEN_BUF,2024,7,2024-10-20,BUF,TEN,9.5,41.0,0.8081570996978852,1,0.5360426518940732,0.5251644442263546,0.5,extratrees
2024_07_CIN_CLE,2024,7,2024-10-20,CLE,CIN,-5.5,42.0,0.33099297893681046,0,0.5132865589592797,0.5116950832923302,0.5,extratrees
2024_07_HOU_GB,2024,7,2024-10-20,GB,HOU,3.0,48.0,0.6037569709421778,0,0.4924716033892566,0.4993892925037317,0.5,extratrees
2024_07_MIA_IND,2024,7,2024-10-20,IND,MIA,3.0,44.0,0.5829926410466066,1,0.426513694655097,0.46016319407237444,0.5,extratrees
2024_07_NE_JAX,2024,7,2024-10-20,JAX,NE,6.5,42.0,0.7179705215419501,1,0.4721304912422528,0.48734963014665583,0.5,extratrees
2024_07_LV_LA,2024,7,2024-10-20,LA,LV,7.0,43.0,0.7477827050997783,0,0.4843666240658451,0.49459518635627,0.5,extratrees
2024_07_DET_MIN,2024,7,2024-10-20,MIN,DET,1.0,50.5,0.5173641257162701,0,0.48048182624742386,0.4922960518848329,0.5,extratrees
2024_07_PHI_NYG,2024,7,2024-10-20,NYG,PHI,-3.0,42.0,0.4003612281757977,0,0.4964035790716818,0.5017141572869025,0.5,extratrees
2024_07_NYJ_PIT,2024,7,2024-10-20,PIT,NYJ,-3.0,40.0,0.4003612281757977,1,0.4859166502958754,0.4955122778280038,0.5,extratrees
2024_07_KC_SF,2024,7,2024-10-20,SF,KC,2.5,47.5,0.5634920634920635,0,0.4974700482532174,0.502344664062357,0.5,extratrees
2024_07_CAR_WAS,2024,7,2024-10-20,WAS,CAR,10.0,51.0,0.8081570996978852,1,0.46537187052921797,0.48334169103665986,0.5,extratrees
2024_07_LAC_ARI,2024,7,2024-10-21,ARI,LAC,-1.0,44.0,0.4739134147382802,1,0.5244850972265418,0.5183192929761776,0.5,extratrees
2024_07_BAL_TB,2024,7,2024-10-21,TB,BAL,-4.5,51.0,0.33635187580853815,0,0.5017797705565534,0.5048924370495561,0.5,extratrees
2024_08_MIN_LA,2024,8,2024-10-24,LA,MIN,-3.0,47.5,0.4170073589533933,1,0.533684434773517,0.5237668146294254,0.5,extratrees
2024_08_PHI_CIN,2024,8,2024-10-27,CIN,PHI,2.5,47.5,0.5720596355604638,0,0.494867599403069,0.5008060268802816,0.5,extratrees
2024_08_BAL_CLE,2024,8,2024-10-27,CLE,BAL,-7.5,44.5,0.24000000000000005,1,0.5314194988771483,0.5224249594450469,0.5,extratrees
2024_08_CAR_DEN,2024,8,2024-10-27,DEN,CAR,13.0,40.5,0.8465011286681716,1,0.46086547671594646,0.4806664077590524,0.5,extratrees
2024_08_TEN_DET,2024,8,2024-10-27,DET,TEN,12.5,45.0,0.8524590163934427,1,0.4850047382280549,0.49497275068782265,0.5,extratrees
2024_08_IND_HOU,2024,8,2024-10-27,HOU,IND,5.0,45.0,0.6636481241914618,0,0.5001140708552282,0.5039077525821285,0.5,extratrees
2024_08_GB_JAX,2024,8,2024-10-27,JAX,GB,-3.5,49.0,0.3690596562184025,1,0.47725549708448245,0.49038581164380013,0.5,extratrees
2024_08_NO_LAC,2024,8,2024-10-27,LAC,NO,7.0,41.5,0.725752508361204,1,0.4616433763948299,0.48112840269810214,0.5,extratrees
2024_08_KC_LV,2024,8,2024-10-27,LV,KC,-9.0,42.0,0.21809369951534735,1,0.5419821939028459,0.5286871739566884,0.5,extratrees
2024_08_ARI_MIA,2024,8,2024-10-27,MIA,ARI,4.0,46.5,0.6369041816941223,0,0.45150333218245453,0.47509950661508354,0.5,extratrees
2024_08_NYJ_NE,2024,8,2024-10-27,NE,NYJ,-7.0,41.0,0.27792074112197634,1,0.49751437239419755,0.5023708684364572,0.5,extratrees
2024_08_BUF_SEA,2024,8,2024-10-27,SEA,BUF,-3.0,45.5,0.3962430290578221,0,0.5063211942335574,0.5075770836595856,0.5,extratrees
2024_08_DAL_SF,2024,8,2024-10-27,SF,DAL,5.5,48.0,0.6750312469954812,1,0.4377379524266004,0.46688774756434753,0.5,extratrees
2024_08_ATL_TB,2024,8,2024-10-27,TB,ATL,-1.5,47.0,0.4739134147382802,0,0.4482067237274538,0.4731360303616753,0.5,extratrees
2024_08_CHI_WAS,2024,8,2024-10-27,WAS,CHI,1.5,46.5,0.5260865852617197,1,0.5200142189771919,0.5156739277195812,0.5,extratrees
2024_08_NYG_PIT,2024,8,2024-10-28,PIT,NYG,6.0,37.5,0.7001620745542949,1,0.4968136113680737,0.501956575030976,0.5,extratrees
2024_09_HOU_NYJ,2024,9,2024-10-31,NYJ,HOU,2.5,43.5,0.5720596355604638,1,0.5155560252965194,0.5130370821144825,0.5,extratrees
2024_09_CHI_ARI,2024,9,2024-11-03,ARI,CHI,1.5,44.5,0.5217391304347826,1,0.49423541545862926,0.500432237807021,0.5,extratrees
2024_09_DAL_ATL,2024,9,2024-11-03,ATL,DAL,3.0,52.0,0.5996387718242023,1,0.43728279980178003,0.46661560167407956,0.5,extratrees
2024_09_DEN_BAL,2024,9,2024-11-03,BAL,DEN,9.0,46.5,0.7779605263157894,1,0.46670713060578145,0.48413391272212775,0.5,extratrees
2024_09_MIA_BUF,2024,9,2024-11-03,BUF,MIA,6.5,49.0,0.7095435684647302,0,0.4931727173143,0.4998038741412687,0.5,extratrees
2024_09_NO_CAR,2024,9,2024-11-03,CAR,NO,-7.0,43.5,0.2559309849029475,1,0.4999345476817124,0.5038016253339951,0.5,extratrees
2024_09_LV_CIN,2024,9,2024-11-03,CIN,LV,8.0,45.0,0.771505376344086,1,0.4684236809902581,0.4851520598061583,0.5,extratrees
2024_09_LAC_CLE,2024,9,2024-11-03,CLE,LAC,-2.0,42.5,0.4572564612326044,0,0.5235670220277233,0.5177759822471657,0.5,extratrees
2024_09_DET_GB,2024,9,2024-11-03,GB,DET,-2.5,47.5,0.4170073589533933,0,0.5076142099056259,0.5083414656100862,0.5,extratrees
2024_09_IND_MIN,2024,9,2024-11-03,MIN,IND,6.5,47.0,0.7179705215419501,1,0.5057877646467939,0.5072617448906279,0.5,extratrees
2024_09_WAS_NYG,2024,9,2024-11-03,NYG,WAS,-4.5,44.5,0.34252477380439467,0,0.5414743249950281,0.528385802345997,0.5,extratrees
2024_09_JAX_PHI,2024,9,2024-11-03,PHI,JAX,7.5,46.0,0.740871613663133,0,0.5079437446349804,0.5085362772042605,0.5,extratrees
2024_09_LA_SEA,2024,9,2024-11-03,SEA,LA,-1.5,48.5,0.4675324675324675,0,0.47093823592947764,0.4866429585167152,0.5,extratrees
2024_09_TB_KC,2024,9,2024-11-04,KC,TB,9.0,45.5,0.7768331562167907,0,0.4905820905745385,0.4982719026193839,0.5,extratrees
2024_10_CIN_BAL,2024,10,2024-11-07,BAL,CIN,6.0,53.0,0.7001620745542949,0,0.4458972536816441,0.4717593852543158,0.5,extratrees
2024_10_NYJ_ARI,2024,10,2024-11-10,ARI,NYJ,-2.0,45.5,0.4572564612326044,1,0.490324461189336,0.49811953934464737,0.5,extratrees
2024_10_NYG_CAR,2024,10,2024-11-10,CAR,NYG,-6.5,40.5,0.2820294784580499,1,0.49578133150516773,0.5013462673603192,0.5,extratrees
2024_10_NE_CHI,2024,10,2024-11-10,CHI,NE,6.5,37.5,0.7335423197492164,0,0.5132104470233576,0.5116500790730574,0.5,extratrees
2024_10_PHI_DAL,2024,10,2024-11-10,DAL,PHI,-7.5,44.5,0.2491874322860238,0,0.5630414585547917,0.541215973153194,0.5,extratrees
2024_10_DET_HOU,2024,10,2024-11-10,HOU,DET,-4.5,49.0,0.33099297893681046,1,0.5501176378060435,0.5335192719964806,0.5,extratrees
2024_10_BUF_IND,2024,10,2024-11-10,IND,BUF,-4.5,46.5,0.33099297893681046,0,0.5633131552366634,0.5413780919584386,0.5,extratrees
2024_10_MIN_JAX,2024,10,2024-11-10,JAX,MIN,-7.0,42.5,0.25341685649202733,1,0.5159633807168007,0.5132779819696828,0.5,extratrees
2024_10_DEN_KC,2024,10,2024-11-10,KC,DEN,7.5,42.5,0.7600000000000001,0,0.4777611127825346,0.49068522889446553,0.5,extratrees
2024_10_TEN_LAC,2024,10,2024-11-10,LAC,TEN,8.0,40.0,0.7600000000000001,1,0.5028226008225909,0.50550890164016,0.5,extratrees
2024_10_ATL_NO,2024,10,2024-11-10,NO,ATL,-3.5,46.5,0.3690596562184025,1,0.5173235450099641,0.5140823966414365,0.5,extratrees
2024_10_SF_TB,2024,10,2024-11-10,TB,SF,-6.5,50.5,0.2820294784580499,1,0.468037612270903,0.48492309717384713,0.5,extratrees
2024_10_PIT_WAS,2024,10,2024-11-10,WAS,PIT,1.5,45.0,0.5260865852617197,0,0.5189685819474359,0.5150553939137544,0.5,extratrees
2024_10_MIA_LA,2024,10,2024-11-11,LA,MIA,2.5,49.5,0.5634920634920635,0,0.4661067813432202,0.4837777457574817,0.5,extratrees
2024_11_WAS_PHI,2024,11,2024-11-14,PHI,WAS,4.5,49.5,0.6690070210631895,1,0.4674882199618769,0.4845972452887114,0.5,extratrees
2024_11_KC_BUF,2024,11,2024-11-17,BUF,KC,2.5,46.5,0.5634920634920635,1,0.5259374066745593,0.5191788724406119,0.5,extratrees
2024_11_GB_CHI,2024,11,2024-11-17,CHI,GB,-6.0,41.0,0.30423004792665137,1,0.47893659177339204,0.49138125031726665,0.5,extratrees
2024_11_ATL_DEN,2024,11,2024-11-17,DEN,ATL,2.0,44.5,0.551441114716549,1,0.49102729004978857,0.49853518957315424,0.5,extratrees
2024_11_JAX_DET,2024,11,2024-11-17,DET,JAX,14.0,47.5,0.8720930232558138,1,0.4927878827406391,0.49957631633706956,0.5,extratrees
2024_11_CIN_LAC,2024,11,2024-11-17,LAC,CIN,1.0,48.0,0.5,1,0.49580304087729143,0.5013591026903064,0.5,extratrees
2024_11_LV_MIA,2024,11,2024-11-17,MIA,LV,8.0,43.5,0.7768331562167907,1,0.46753572416456274,0.48462542198525055,0.5,extratrees
2024_11_LA_NE,2024,11,2024-11-17,NE,LA,-4.0,42.5,0.3630958183058778,0,0.5007739533586206,0.5042978471915884,0.5,extratrees
2024_11_CLE_NO,2024,11,2024-11-17,NO,CLE,-1.0,44.0,0.4891657638136511,1,0.46246851515657006,0.4816183670128315,0.5,extratrees
2024_11_IND_NYJ,2024,11,2024-11-17,NYJ,IND,4.0,43.0,0.644729178800233,0,0.5006239197708419,0.5042091540353565,0.5,extratrees
2024_11_BAL_PIT,2024,11,2024-11-17,PIT,BAL,-3.0,48.0,0.39076376554174075,1,0.4572597784131132,0.4785239116109225,0.5,extratrees
2024_11_SEA_SF,2024,11,2024-11-17,SF,SEA,6.0,49.0,0.6957699520733487,0,0.4627975545731098,0.4818137251039275,0.5,extratrees
2024_11_MIN_TEN,2024,11,2024-11-17,TEN,MIN,-6.0,40.0,0.28644876973925815,0,0.496293320693736,0.5016489701289435,0.5,extratrees
2024_11_HOU_DAL,2024,11,2024-11-18,DAL,HOU,-7.5,41.5,0.2491874322860238,0,0.5118077761639072,0.5108207235830522,0.5,extratrees
2024_12_PIT_CLE,2024,12,2024-11-21,CLE,PIT,-3.5,36.5,0.35527082119976705,1,0.517657019874083,0.5142796287266813,0.5,extratrees
2024_12_KC_CAR,2024,12,2024-11-24,CAR,KC,-11.0,43.0,0.15999999999999998,1,0.5209266398784849,0.5162137045393688,0.5,extratrees
2024_12_SF_GB,2024,12,2024-11-24,GB,SF,6.5,44.5,0.7135512302607419,1,0.5012683983617261,0.5045901397191974,0.5,extratrees
2024_12_TEN_HOU,2024,12,2024-11-24,HOU,TEN,8.0,40.5,0.7571884984025559,0,0.4735562470151843,0.48819452124877233,0.5,extratrees
2024_12_DET_IND,2024,12,2024-11-24,IND,DET,-7.0,50.5,0.2428115015974441,0,0.593860281486068,0.5597099512408853,0.5,extratrees
2024_12_PHI_LA,2024,12,2024-11-24,LA,PHI,-3.0,49.0,0.3962430290578221,0,0.5341990750196152,0.5240717774249085,0.5,extratrees
2024_12_DEN_LV,2024,12,2024-11-24,LV,DEN,-6.5,41.5,0.2949668357393679,0,0.509819331108973,0.5096451024028841,0.5,extratrees
2024_12_NE_MIA,2024,12,2024-11-24,MIA,NE,7.5,46.0,0.7508125677139762,1,0.46499174798305587,0.48311612273842314,0.5,extratrees
2024_12_TB_NYG,2024,12,2024-11-24,NYG,TB,-6.5,40.5,0.2820294784580499,0,0.5026583465406074,0.5054118036709848,0.5,extratrees
2024_12_ARI_SEA,2024,12,2024-11-24,SEA,ARI,-1.0,46.5,0.4891657638136511,1,0.4886417093715914,0.4971242831476208,0.5,extratrees
2024_12_DAL_WAS,2024,12,2024-11-24,WAS,DAL,10.5,45.0,0.827123695976155,0,0.45435958599308246,0.4767992743477207,0.5,extratrees
2024_12_BAL_LAC,2024,12,2024-11-25,LAC,BAL,-3.0,51.0,0.4003612281757977,0,0.49173530713068775,0.49895388893568476,0.5,extratrees
2024_13_NYG_DAL,2024,13,2024-11-28,DAL,NYG,4.5,39.0,0.661450015969339,1,0.46644956839819834,0.48398111482513506,0.5,extratrees
2024_13_CHI_DET,2024,13,2024-11-28,DET,CHI,9.5,47.5,0.8042929292929294,0,0.4792822822103935,0.49158591945105895,0.5,extratrees
2024_13_MIA_GB,2024,13,2024-11-28,GB,MIA,3.5,47.5,0.6092362344582594,1,0.4951594207045002,0.500978567362367,0.5,extratrees
2024_13_LV_KC,2024,13,2024-11-29,KC,LV,13.5,42.0,0.8524590163934427,0,0.5061998804232757,0.507505368374679,0.5,extratrees
2024_13_LAC_ATL,2024,13,2024-12-01,ATL,LAC,-1.0,47.0,0.4826358742837298,0,0.47727903952530926,0.49039975354423077,0.5,extratrees
2024_13_PHI_BAL,2024,13,2024-12-01,BAL,PHI,3.0,50.0,0.593369754159424,0,0.517789305701175,0.5143578698737515,0.5,extratrees
2024_13_SF_BUF,2024,13,2024-12-01,BUF,SF,6.5,45.0,0.740871613663133,1,0.5012482943378387,0.5045782552051217,0.5,extratrees
2024_13_TB_CAR,2024,13,2024-12-01,CAR,TB,-6.5,46.0,0.28644876973925815,1,0.48575757122446167,0.4954181629864442,0.5,extratrees
2024_13_PIT_CIN,2024,13,2024-12-01,CIN,PIT,3.0,46.0,0.5829926410466066,0,0.4815791599695118,0.4929455860381645,0.5,extratrees
2024_13_HOU_JAX,2024,13,2024-12-01,JAX,HOU,-3.5,44.5,0.3690596562184025,1,0.48044404161097976,0.492273684891385,0.5,extratrees
2024_13_ARI_MIN,2024,13,2024-12-01,MIN,ARI,3.5,45.5,0.6224665518611737,0,0.5149832688559909,0.5126983785976186,0.5,extratrees
2024_13_IND_NE,2024,13,2024-12-01,NE,IND,-2.5,41.5,0.448558885283451,1,0.525477803652053,0.5189068314993557,0.5,extratrees
2024_13_LA_NO,2024,13,2024-12-01,NO,LA,-2.5,48.5,0.43650793650793646,0,0.5040726770126767,0.5062478761216226,0.5,extratrees
2024_13_SEA_NYJ,2024,13,2024-12-01,NYJ,SEA,1.0,41.5,0.5108342361863488,0,0.51420789729712,0.5122398756094837,0.5,extratrees
2024_13_TEN_WAS,2024,13,2024-12-01,WAS,TEN,6.0,45.0,0.6853932584269663,1,0.4908627236790394,0.4984378674063423,0.5,extratrees
2024_13_CLE_DEN,2024,13,2024-12-02,DEN,CLE,6.5,41.5,0.7135512302607419,1,0.5258242642123397,0.5191119015995085,0.5,extratrees
2024_14_SEA_ARI,2024,14,2024-12-08,ARI,SEA,3.0,45.5,0.6092362344582594,0,0.4951681641358837,0.5009837369161919,0.5,extratrees
2024_14_LAC_KC,2024,14,2024-12-08,KC,LAC,5.0,43.5,0.6750312469954812,0,0.4921470432910315,0.4991973685314131,0.5,extratrees
2024_14_BUF_LA,2024,14,2024-12-08,LA,BUF,-3.5,49.5,0.3690596562184025,1,0.561394047952991,0.5402332731916446,0.5,extratrees
2024_14_NYJ_MIA,2024,14,2024-12-08,MIA,NYJ,6.5,45.0,0.7179705215419501,0,0.47902590028022324,0.4914341270846247,0.5,extratrees
2024_14_ATL_MIN,2024,14,2024-12-08,MIN,ATL,6.0,46.5,0.6853932584269663,1,0.49203408122016545,0.4991305691689442,0.5,extratrees
2024_14_NO_NYG,2024,14,2024-12-08,NYG,NO,-5.5,41.0,0.3194444444444444,1,0.5226008244266248,0.5172042493562445,0.5,extratrees
2024_14_CAR_PHI,2024,14,2024-12-08,PHI,CAR,14.0,44.5,0.8677165354330709,0,0.5428854450757932,0.5292232436274157,0.5,extratrees
2024_14_CLE_PIT,2024,14,2024-12-08,PIT,CLE,6.0,43.0,0.690792883054068,1,0.4955373586228002,0.5012020213966399,0.5,extratrees
2024_14_CHI_SF,2024,14,2024-12-08,SF,CHI,3.0,43.5,0.593369754159424,1,0.4814241049524682,0.4928538108498213,0.5,extratrees
2024_14_LV_TB,2024,14,2024-12-08,TB,LV,7.0,47.0,0.7335423197492164,1,0.5228654198394335,0.5173608141194539,0.5,extratrees
2024_14_JAX_TEN,2024,14,2024-12-08,TEN,JAX,3.0,40.0,0.6037569709421778,0,0.4684100188024805,0.4851439575610057,0.5,extratrees
2024_14_CIN_DAL,2024,14,2024-12-09,DAL,CIN,-5.0,51.0,0.33099297893681046,0,0.4840653230048083,0.4944169019184804,0.5,extratrees
2024_15_LA_SF,2024,15,2024-12-12,SF,LA,3.0,48.5,0.5829926410466066,0,0.4690923926044189,0.4855486089647598,0.5,extratrees
2024_15_NE_ARI,2024,15,2024-12-15,ARI,NE,6.0,46.5,0.690792883054068,1,0.4895661084679499,0.49767103003400975,0.5,extratrees
2024_15_DAL_CAR,2024,15,2024-12-15,CAR,DAL,2.5,42.0,0.5634920634920635,0,0.4932124718252276,0.49982738124159204,0.5,extratrees
2024_15_KC_CLE,2024,15,2024-12-15,CLE,KC,-4.5,41.5,0.33099297893681046,0,0.49242846311244604,0.49936378232617856,0.5,extratrees
2024_15_IND_DEN,2024,15,2024-12-15,DEN,IND,4.5,43.5,0.6750312469954812,1,0.5335172472341962,0.5236677488711105,0.5,extratrees
2024_15_BUF_DET,2024,15,2024-12-15,DET,BUF,2.5,55.5,0.5427435387673957,0,0.4819320397598887,0.49315444527896535,0.5,extratrees
2024_15_MIA_HOU,2024,15,2024-12-15,HOU,MIA,2.5,46.5,0.5829926410466066,1,0.47111853761844646,0.4867498356975221,0.5,extratrees
2024_15_NYJ_JAX,2024,15,2024-12-15,JAX,NYJ,-3.5,41.5,0.39076376554174075,0,0.5026331813901754,0.5053969274320377,0.5,extratrees
2024_15_TB_LAC,2024,15,2024-12-15,LAC,TB,3.0,46.0,0.593369754159424,0,0.47869267701925466,0.4912368329516359,0.5,extratrees
2024_15_WAS_NO,2024,15,2024-12-15,NO,WAS,-7.5,44.5,0.2428115015974441,1,0.5129407454048301,0.5114906086154459,0.5,extratrees
2024_15_BAL_NYG,2024,15,2024-12-15,NYG,BAL,-16.5,43.5,0.08755760368663595,0,0.5449433102461272,0.5304449410075338,0.5,extratrees
2024_15_PIT_PHI,2024,15,2024-12-15,PHI,PIT,5.5,43.0,0.6957699520733487,1,0.5054230165018535,0.5070461239332857,0.5,extratrees
2024_15_GB_SEA,2024,15,2024-12-15,SEA,GB,-3.0,48.0,0.4066302458405761,0,0.5284567629663482,0.5206703580435001,0.5,extratrees
2024_15_CIN_TEN,2024,15,2024-12-15,TEN,CIN,-6.0,46.5,0.31460674157303364,0,0.5349058385055838,0.5244906287315855,0.5,extratrees
2024_15_ATL_LV,2024,15,2024-12-16,LV,ATL,-6.5,44.5,0.2559309849029475,1,0.5058538186084477,0.507300792802848,0.5,extratrees
2024_15_CHI_MIN,2024,15,2024-12-16,MIN,CHI,7.0,43.5,0.7335423197492164,1,0.4785679471676808,0.4911629809819665,0.5,extratrees
2024_16_DEN_LAC,2024,16,2024-12-19,LAC,DEN,3.0,41.5,0.5720596355604638,1,0.481621739512775,0.49297078806980116,0.5,extratrees
2024_16_PIT_BAL,2024,16,2024-12-21,BAL,PIT,7.0,44.5,0.7440690150970525,1,0.4779291440973334,0.4907847297440715,0.5,extratrees
2024_16_HOU_KC,2024,16,2024-12-21,KC,HOU,3.5,42.5,0.6164383561643836,1,0.4968515256578334,0.5019789903963421,0.5,extratrees
2024_16_NYG_ATL,2024,16,2024-12-22,ATL,NYG,9.5,42.5,0.8118668596237336,1,0.47882134606724613,0.4913130160538461,0.5,extratrees
2024_16_NE_BUF,2024,16,2024-12-22,BUF,NE,14.0,48.0,0.8800000000000001,0,0.516972989034254,0.5138750671243925,0.5,extratrees
2024_16_ARI_CAR,2024,16,2024-12-22,CAR,ARI,-5.5,47.0,0.3194444444444444,1,0.5212300227157942,0.5163931918410614,0.5,extratrees
2024_16_DET_CHI,2024,16,2024-12-22,CHI,DET,-7.0,47.5,0.2591283863368669,0,0.4994740940059251,0.5035294210413315,0.5,extratrees
2024_16_CLE_CIN,2024,16,2024-12-22,CIN,CLE,10.0,46.5,0.817258883248731,1,0.455107654831002,0.4772442434327912,0.5,extratrees
2024_16_TB_DAL,2024,16,2024-12-22,DAL,TB,-4.5,47.5,0.34252477380439467,1,0.4942939229881111,0.5004668318046259,0.5,extratrees
2024_16_TEN_IND,2024,16,2024-12-22,IND,TEN,4.0,42.5,0.6369041816941223,1,0.48436871258201575,0.49459642214440414,0.5,extratrees
2024_16_JAX_LV,2024,16,2024-12-22,LV,JAX,2.5,41.5,0.5427435387673957,1,0.4726831397643251,0.4876771479988886,0.5,extratrees
2024_16_SF_MIA,2024,16,2024-12-22,MIA,SF,-2.0,44.0,0.4675324675324675,1,0.48625399171175165,0.49571185225918124,0.5,extratrees
2024_16_LA_NYJ,2024,16,2024-12-22,NYJ,LA,-3.0,47.0,0.4066302458405761,0,0.5064949556110528,0.5076798038191684,0.5,extratrees
2024_16_MIN_SEA,2024,16,2024-12-22,SEA,MIN,-2.5,43.0,0.42794036443953615,0,0.5249672444506688,0.5186046461843158,0.5,extratrees
2024_16_PHI_WAS,2024,16,2024-12-22,WAS,PHI,-4.0,47.0,0.34252477380439467,1,0.5009657394107504,0.5044112222674814,0.5,extratrees
2024_16_NO_GB,2024,16,2024-12-23,GB,NO,14.0,44.0,0.8677165354330709,1,0.5313677940197722,0.5223943323544145,0.5,extratrees
2024_17_BAL_HOU,2024,17,2024-12-25,HOU,BAL,-5.5,46.5,0.3194444444444444,0,0.500640775684633,0.504219118508469,0.5,extratrees
2024_17_KC_PIT,2024,17,2024-12-25,PIT,KC,-3.0,43.5,0.4066302458405761,0,0.521542122257382,0.5165778413733905,0.5,extratrees
2024_17_SEA_CHI,2024,17,2024-12-26,CHI,SEA,-3.5,43.5,0.3690596562184025,1,0.5183522250315722,0.5146908201767101,0.5,extratrees
2024_17_DEN_CIN,2024,17,2024-12-28,CIN,DEN,3.5,50.5,0.6092362344582594,1,0.4808514260761399,0.4925148348828268,0.5,extratrees
2024_17_ARI_LA,2024,17,2024-12-28,LA,ARI,6.5,48.0,0.740871613663133,0,0.4864214573461569,0.4958109242898256,0.5,extratrees
2024_17_LAC_NE,2024,17,2024-12-28,NE,LAC,-6.0,42.0,0.27792074112197634,0,0.5088700611326862,0.5090838975971448,0.5,extratrees
2024_17_NYJ_BUF,2024,17,2024-12-29,BUF,NYJ,10.0,44.5,0.8042929292929294,1,0.5182484909069106,0.5146294634045108,0.5,extratrees
2024_17_MIA_CLE,2024,17,2024-12-29,CLE,MIA,-3.0,32.5,0.3962430290578221,0,0.4946818880107416,0.5006962231239024,0.5,extratrees
2024_17_TEN_JAX,2024,17,2024-12-29,JAX,TEN,-1.0,38.0,0.5043297540699688,1,0.49787574638696686,0.5025845109438151,0.5,extratrees
2024_17_GB_MIN,2024,17,2024-12-29,MIN,GB,-1.0,49.0,0.4956702459300312,1,0.4783367217473714,0.49102607030760725,0.5,extratrees
2024_17_LV_NO,2024,17,2024-12-29,NO,LV,-2.0,37.5,0.4675324675324675,0,0.5228889160650373,0.5173747173624076,0.5,extratrees
2024_17_IND_NYG,2024,17,2024-12-29,NYG,IND,-7.5,40.5,0.22849462365591394,1,0.5288219170839705,0.5208865726058198,0.5,extratrees
2024_17_DAL_PHI,2024,17,2024-12-29,PHI,DAL,7.5,37.5,0.7335423197492164,1,0.4769282764013844,0.49019202595817196,0.5,extratrees
2024_17_CAR_TB,2024,17,2024-12-29,TB,CAR,9.5,47.5,0.7999999999999999,1,0.505112867524275,0.5068627799156953,0.5,extratrees
2024_17_ATL_WAS,2024,17,2024-12-29,WAS,ATL,3.5,46.5,0.6309403437815976,1,0.4905870504382943,0.4982748358809489,0.5,extratrees
2024_17_DET_SF,2024,17,2024-12-30,SF,DET,-4.0,50.5,0.33099297893681046,0,0.518953293736696,0.5150463507550768,0.5,extratrees
2024_18_CLE_BAL,2024,18,2025-01-04,BAL,CLE,19.5,42.5,0.9258160237388724,1,0.5046252137550512,0.5065745051913848,0.5,extratrees
2024_18_CIN_PIT,2024,18,2025-01-04,PIT,CIN,-2.5,48.5,0.42794036443953615,1,0.4666845078753525,0.48412049216854275,0.5,extratrees
2024_18_SF_ARI,2024,18,2025-01-05,ARI,SF,4.5,42.5,0.6309403437815976,1,0.4972394608691201,0.5022083405097338,0.5,extratrees
2024_18_CAR_ATL,2024,18,2025-01-05,ATL,CAR,7.5,48.5,0.7600000000000001,0,0.49001209412157254,0.4979348003240944,0.5,extratrees
2024_18_WAS_DAL,2024,18,2025-01-05,DAL,WAS,-7.0,43.5,0.27424749163879597,1,0.5295821163691877,0.521336734445788,0.5,extratrees
2024_18_KC_DEN,2024,18,2025-01-05,DEN,KC,10.5,40.5,0.7957758771164253,1,0.49789879553337746,0.5025981374064813,0.5,extratrees
2024_18_MIN_DET,2024,18,2025-01-05,DET,MIN,3.0,56.5,0.5720596355604638,1,0.4923647722949593,0.4993261198635625,0.5,extratrees
2024_18_CHI_GB,2024,18,2025-01-05,GB,CHI,10.0,41.5,0.771505376344086,0,0.5103838150073705,0.5099788312944432,0.5,extratrees
2024_18_JAX_IND,2024,18,2025-01-05,IND,JAX,3.5,45.5,0.6164383561643836,0,0.5057229295028864,0.5072234175146015,0.5,extratrees
2024_18_SEA_LA,2024,18,2025-01-05,LA,SEA,-7.5,38.5,0.2491874322860238,1,0.5172232632617124,0.5140230864218243,0.5,extratrees
2024_18_LAC_LV,2024,18,2025-01-05,LV,LAC,-7.0,42.5,0.2559309849029475,0,0.5049959550158307,0.5067936674234323,0.5,extratrees
2024_18_BUF_NE,2024,18,2025-01-05,NE,BUF,-3.0,36.5,0.4003612281757977,1,0.5107052711515873,0.510168882575838,0.5,extratrees
2024_18_MIA_NYJ,2024,18,2025-01-05,NYJ,MIA,1.5,39.5,0.5260865852617197,1,0.4907034919880382,0.49834369908983805,0.5,extratrees
2024_18_NYG_PHI,2024,18,2025-01-05,PHI,NYG,3.0,36.5,0.5829926410466066,1,0.5041105380160622,0.5062702574230995,0.5,extratrees
2024_18_NO_TB,2024,18,2025-01-05,TB,NO,14.5,44.5,0.8761776581426649,0,0.4684151756268184,0.4851470157745378,0.5,extratrees
2024_18_HOU_TEN,2024,18,2025-01-05,TEN,HOU,2.5,36.5,0.5634920634920635,0,0.4557947893583752,0.4776528929510841,0.5,extratrees
2024_19_PIT_BAL,2024,19,2025-01-11,BAL,PIT,9.5,44.5,0.8042929292929294,1,0.5069056195578021,0.5079225715999542,0.5,extratrees
2024_19_LAC_HOU,2024,19,2025-01-11,HOU,LAC,-3.0,41.5,0.4066302458405761,1,0.4919338599919642,0.49907130364171853,0.5,extratrees
2024_19_DEN_BUF,2024,19,2025-01-12,BUF,DEN,7.5,48.5,0.7768331562167907,1,0.4457803592848681,0.4716896807538773,0.5,extratrees
2024_19_GB_PHI,2024,19,2025-01-12,PHI,GB,5.5,45.5,0.6853932584269663,1,0.4361731699764766,0.4659519473063135,0.5,extratrees
2024_19_WAS_TB,2024,19,2025-01-12,TB,WAS,3.0,51.5,0.593369754159424,0,0.522418450876301,0.5170963388120746,0.5,extratrees
2024_19_MIN_LA,2024,19,2025-01-13,LA,MIN,-2.5,47.5,0.43650793650793646,1,0.4895356026217763,0.49765298758486565,0.5,extratrees
2024_20_WAS_DET,2024,20,2025-01-18,DET,WAS,8.5,55.5,0.8042929292929294,0,0.47500885888787214,0.4890551336830736,0.5,extratrees
2024_20_HOU_KC,2024,20,2025-01-18,KC,HOU,9.5,41.5,0.8118668596237336,0,0.4699433806700908,0.48605318018386845,0.5,extratrees
2024_20_BAL_BUF,2024,20,2025-01-19,BUF,BAL,-1.5,51.5,0.4826358742837298,1,0.5067357630522472,0.507822159156893,0.5,extratrees
2024_20_LA_PHI,2024,20,2025-01-19,PHI,LA,7.0,43.5,0.7335423197492164,0,0.536314012825075,0.5253253052082765,0.5,extratrees
2024_21_BUF_KC,2024,21,2025-01-26,KC,BUF,1.5,49.5,0.5173641257162701,1,0.4947558594694851,0.5007399596148732,0.5,extratrees
2024_21_WAS_PHI,2024,21,2025-01-26,PHI,WAS,6.0,46.5,0.6853932584269663,1,0.47299268370520986,0.48786058126513443,0.5,extratrees
2024_22_KC_PHI,2024,22,2025-02-09,PHI,KC,-1.5,48.5,0.4782608695652174,1,0.4855458297178143,0.4952928896886249,0.5,extratrees
2025_01_DAL_PHI,2025,1,2025-09-04,PHI,DAL,8.5,47.5,0.7768331562167907,0,0.46855411642883993,0.5211552080521729,0.5,extratrees
2025_01_KC_LAC,2025,1,2025-09-05,LAC,KC,-3.0,47.5,0.39076376554174075,1,0.4739708941316713,0.5207866261624573,0.5,extratrees
2025_01_TB_ATL,2025,1,2025-09-07,ATL,TB,-1.5,47.5,0.4891657638136511,0,0.5077690101505751,0.5184923376303234,0.5,extratrees
2025_01_BAL_BUF,2025,1,2025-09-07,BUF,BAL,-1.5,50.5,0.4572564612326044,1,0.4792941396399787,0.5204247930390516,0.5,extratrees
2025_01_CIN_CLE,2025,1,2025-09-07,CLE,CIN,-5.5,47.5,0.3249687530045188,1,0.5075161981264298,0.5185094938072171,0.5,extratrees
2025_01_TEN_DEN,2025,1,2025-09-07,DEN,TEN,8.5,42.5,0.7867435158501441,0,0.46742339357362345,0.5212322053454448,0.5,extratrees
2025_01_DET_GB,2025,1,2025-09-07,GB,DET,1.5,48.5,0.5217391304347826,1,0.48207957088237063,0.5202355849350933,0.5,extratrees
2025_01_MIA_IND,2025,1,2025-09-07,IND,MIA,1.5,47.5,0.5043297540699688,1,0.4544236754269711,0.5221191962278461,0.5,extratrees
2025_01_CAR_JAX,2025,1,2025-09-07,JAX,CAR,4.5,45.5,0.644729178800233,1,0.4714402493839528,0.5209587682422184,0.5,extratrees
2025_01_HOU_LA,2025,1,2025-09-07,LA,HOU,3.5,43.5,0.5996387718242023,1,0.4579531836589715,0.5218780179568084,0.5,extratrees
2025_01_LV_NE,2025,1,2025-09-07,NE,LV,2.5,44.5,0.5829926410466066,0,0.4561654051559854,0.522000144092626,0.5,extratrees
2025_01_ARI_NO,2025,1,2025-09-07,NO,ARI,-6.0,44.5,0.299837925445705,0,0.4955174520845796,0.5193235508803561,0.5,extratrees
2025_01_PIT_NYJ,2025,1,2025-09-07,NYJ,PIT,-3.0,37.5,0.4170073589533933,1,0.4918234327701892,0.5195741787999858,0.5,extratrees
2025_01_SF_SEA,2025,1,2025-09-07,SEA,SF,-2.5,43.5,0.448558885283451,0,0.47010225995714594,0.5210498201020675,0.5,extratrees
2025_01_NYG_WAS,2025,1,2025-09-07,WAS,NYG,6.0,45.5,0.7179705215419501,1,0.44964268371763444,0.5224463785135361,0.5,extratrees
2025_01_MIN_CHI,2025,1,2025-09-08,CHI,MIN,-1.5,43.5,0.4956702459300312,0,0.46373444828137333,0.521483562068088,0.5,extratrees
2025_02_WAS_GB,2025,2,2025-09-11,GB,WAS,3.5,48.5,0.6224665518611737,1,0.4972012367950627,0.5192093206636605,0.5,extratrees
2025_02_CAR_ARI,2025,2,2025-09-14,ARI,CAR,7.0,45.5,0.725752508361204,0,0.4504390918510161,0.5223918359281784,0.5,extratrees
2025_02_CLE_BAL,2025,2,2025-09-14,BAL,CLE,12.5,46.5,0.863013698630137,1,0.46582315513489014,0.5213412120151827,0.5,extratrees
2025_02_JAX_CIN,2025,2,2025-09-14,CIN,JAX,3.5,49.5,0.6309403437815976,1,0.5185730515798835,0.5177587537154161,0.5,extratrees
2025_02_NYG_DAL,2025,2,2025-09-14,DAL,NYG,4.5,44.5,0.6750312469954812,0,0.45136131962480747,0.522328697537214,0.5,extratrees
2025_02_CHI_DET,2025,2,2025-09-14,DET,CHI,6.0,46.5,0.7001620745542949,1,0.45922326644147105,0.5217913000065699,0.5,extratrees
2025_02_DEN_IND,2025,2,2025-09-14,IND,DEN,-2.5,43.5,0.4572564612326044,1,0.4880120278530547,0.5198328244522362,0.5,extratrees
2025_02_PHI_KC,2025,2,2025-09-14,KC,PHI,-1.5,46.5,0.4739134147382802,0,0.513028423666166,0.5181353423442125,0.5,extratrees
2025_02_NE_MIA,2025,2,2025-09-14,MIA,NE,1.5,43.5,0.5324675324675325,0,0.4697990342025982,0.5210704588187638,0.5,extratrees
2025_02_ATL_MIN,2025,2,2025-09-14,MIN,ATL,3.5,44.5,0.6164383561643836,0,0.4695751124137788,0.5210857007281975,0.5,extratrees
2025_02_SF_NO,2025,2,2025-09-14,NO,SF,-3.0,40.5,0.4003612281757977,0,0.5279548962375586,0.5171207401654607,0.5,extratrees
2025_02_BUF_NYJ,2025,2,2025-09-14,NYJ,BUF,-6.0,47.5,0.28644876973925815,0,0.48996624386637533,0.5197002008473701,0.5,extratrees
2025_02_SEA_PIT,2025,2,2025-09-14,PIT,SEA,3.5,40.5,0.6309403437815976,0,0.45078759437624183,0.5223679738006685,0.5,extratrees
2025_02_LA_TEN,2025,2,2025-09-14,TEN,LA,-5.5,41.5,0.31460674157303364,0,0.5013374065736981,0.5189287217918264,0.5,extratrees
2025_02_TB_HOU,2025,2,2025-09-15,HOU,TB,2.5,42.5,0.551441114716549,0,0.5152980303232824,0.5179812257494564,0.5,extratrees
2025_02_LAC_LV,2025,2,2025-09-15,LV,LAC,-3.5,46.5,0.3630958183058778,0,0.5221286023670617,0.5175170939591986,0.5,extratrees
2025_03_MIA_BUF,2025,3,2025-09-18,BUF,MIA,12.5,50.5,0.8524590163934427,0,0.4775360758203279,0.5205442556389699,0.5,extratrees
2025_03_ATL_CAR,2025,3,2025-09-21,CAR,ATL,-5.5,44.5,0.33635187580853815,1,0.48197323536183434,0.5202428067119116,0.5,extratrees
2025_03_DAL_CHI,2025,3,2025-09-21,CHI,DAL,-1.5,49.5,0.4675324675324675,1,0.4705032316640588,0.5210225306117963,0.5,extratrees
2025_03_GB_CLE,2025,3,2025-09-21,CLE,GB,-8.5,41.5,0.20863836017569545,1,0.5337465767671876,0.5167262060463605,0.5,extratrees
2025_03_HOU_JAX,2025,3,2025-09-21,JAX,HOU,1.5,43.5,0.5324675324675325,1,0.46487840991989077,0.5214055885307366,0.5,extratrees
2025_03_DEN_LAC,2025,3,2025-09-21,LAC,DEN,2.5,45.5,0.5829926410466066,1,0.4719228652732994,0.5209259322046211,0.5,extratrees
2025_03_CIN_MIN,2025,3,2025-09-21,MIN,CIN,3.0,41.5,0.593369754159424,1,0.533636542555207,0.5167337073018916,0.5,extratrees
2025_03_PIT_NE,2025,3,2025-09-21,NE,PIT,-1.5,44.5,0.4782608695652174,0,0.4440574293847745,0.5228293868025121,0.5,extratrees
2025_03_KC_NYG,2025,3,2025-09-21,NYG,KC,-6.0,44.5,0.26645768025078376,0,0.4539836405025089,0.5221492854064018,0.5,extratrees
2025_03_LA_PHI,2025,3,2025-09-21,PHI,LA,3.5,45.5,0.6369041816941223,1,0.5213779419830962,0.5175681265692876,0.5,extratrees
2025_03_NO_SEA,2025,3,2025-09-21,SEA,NO,7.5,41.5,0.7571884984025559,1,0.4560871762261959,0.5220054897204556,0.5,extratrees
2025_03_ARI_SF,2025,3,2025-09-21,SF,ARI,1.5,44.5,0.5324675324675325,0,0.4728258965832985,0.5208645011586512,0.5,extratrees
2025_03_NYJ_TB,2025,3,2025-09-21,TB,NYJ,6.5,43.5,0.7440690150970525,0,0.47728917783455227,0.5205610354336938,0.5,extratrees
2025_03_IND_TEN,2025,3,2025-09-21,TEN,IND,-6.0,43.5,0.3194444444444444,0,0.5021595185477525,0.5188729478085059,0.5,extratrees
2025_03_LV_WAS,2025,3,2025-09-21,WAS,LV,2.5,43.5,0.5829926410466066,1,0.4723615814027162,0.52089608594527,0.5,extratrees
2025_03_DET_BAL,2025,3,2025-09-22,BAL,DET,4.5,53.5,0.6805555555555556,0,0.4804498904469134,0.5203462762447324,0.5,extratrees
2025_04_SEA_ARI,2025,4,2025-09-25,ARI,SEA,-1.5,43.5,0.4675324675324675,0,0.4565349396146582,0.5219748945706415,0.5,extratrees
2025_04_WAS_ATL,2025,4,2025-09-28,ATL,WAS,2.5,43.5,0.5634920634920635,1,0.4920473785831652,0.5195589835910088,0.5,extratrees
2025_04_NO_BUF,2025,4,2025-09-28,BUF,NO,15.5,48.5,0.8933823529411765,0,0.5292821690556543,0.5170303762413805,0.5,extratrees
2025_04_GB_DAL,2025,4,2025-09-28,DAL,GB,-7.0,47.5,0.2559309849029475,1,0.48804191914188716,0.5198307957127221,0.5,extratrees
2025_04_CLE_DET,2025,4,2025-09-28,DET,CLE,10.0,44.5,0.8118668596237336,1,0.4701381152172725,0.5210473797493601,0.5,extratrees
2025_04_TEN_HOU,2025,4,2025-09-28,HOU,TEN,7.5,39.5,0.7819063004846527,1,0.4282033340095058,0.5239220636846137,0.5,extratrees
2025_04_BAL_KC,2025,4,2025-09-28,KC,BAL,-2.5,48.5,0.42794036443953615,1,0.4658385033616902,0.5213401662947093,0.5,extratrees
2025_04_IND_LA,2025,4,2025-09-28,LA,IND,3.5,49.5,0.6224665518611737,1,0.5419446846764074,0.5161666223158925,0.5,extratrees
2025_04_CHI_LV,2025,4,2025-09-28,LV,CHI,1.5,47.5,0.5324675324675325,0,0.4754848018792607,0.520683687280033,0.5,extratrees
2025_04_CAR_NE,2025,4,2025-09-28,NE,CAR,5.5,42.5,0.6957699520733487,1,0.4679384611818917,0.5211971288355817,0.5,extratrees
2025_04_LAC_NYG,2025,4,2025-09-28,NYG,LAC,-6.0,43.5,0.2904564315352697,1,0.49246277612343753,0.5195307984402097,0.5,extratrees
2025_04_MIN_PIT,2025,4,2025-09-28,PIT,MIN,-2.5,41.5,0.42794036443953615,1,0.4674743769064973,0.521228733140015,0.5,extratrees
2025_04_JAX_SF,2025,4,2025-09-28,SF,JAX,3.5,45.5,0.6164383561643836,0,0.477831147906889,0.5205242027308574,0.5,extratrees
2025_04_PHI_TB,2025,4,2025-09-28,TB,PHI,-3.5,44.5,0.3775334481388264,0,0.5261612220396575,0.517242813533594,0.5,extratrees
2025_04_CIN_DEN,2025,4,2025-09-29,DEN,CIN,7.5,44.5,0.7913616398243045,1,0.49625342388776017,0.5192736211164896,0.5,extratrees
2025_04_NYJ_MIA,2025,4,2025-09-29,MIA,NYJ,2.5,44.5,0.5720596355604638,1,0.4675709160389402,0.5212221584908184,0.5,extratrees
2025_05_SF_LA,2025,5,2025-10-02,LA,SF,8.5,43.5,0.7819063004846527,0,0.47893934297722424,0.5204488991948696,0.5,extratrees
2025_05_TEN_ARI,2025,5,2025-10-05,ARI,TEN,7.5,41.5,0.7768331562167907,0,0.46909759058829165,0.5211182073479611,0.5,extratrees
2025_05_HOU_BAL,2025,5,2025-10-05,BAL,HOU,-2.5,41.5,0.42794036443953615,0,0.5131737079522025,0.5181254781452268,0.5,extratrees
2025_05_NE_BUF,2025,5,2025-10-05,BUF,NE,7.5,49.5,0.7659021045164341,0,0.4627946605028138,0.5215476375642876,0.5,extratrees
2025_05_MIA_CAR,2025,5,2025-10-05,CAR,MIA,-1.5,44.5,0.4782608695652174,1,0.4700228268990913,0.5210552264840833,0.5,extratrees
2025_05_DET_CIN,2025,5,2025-10-05,CIN,DET,-10.5,49.5,0.18274111675126903,0,0.5550329038852858,0.5152698193025772,0.5,extratrees
2025_05_MIN_CLE,2025,5,2025-10-05,CLE,MIN,-3.5,35.5,0.3630958183058778,0,0.50677787942821,0.5185595954336876,0.5,extratrees
2025_05_LV_IND,2025,5,2025-10-05,IND,LV,7.0,46.5,0.7508125677139762,1,0.4858303318825621,0.5199809123366548,0.5,extratrees
2025_05_WAS_LAC,2025,5,2025-10-05,LAC,WAS,2.5,47.5,0.5829926410466066,0,0.4487802832513626,0.5225054599765501,0.5,extratrees
2025_05_NYG_NO,2025,5,2025-10-05,NO,NYG,1.5,41.5,0.5217391304347826,1,0.4633215261517599,0.5215117133321356,0.5,extratrees
2025_05_DAL_NYJ,2025,5,2025-10-05,NYJ,DAL,1.5,48.5,0.5108342361863488,0,0.462995728027673,0.5215339271763314,0.5,extratrees
2025_05_DEN_PHI,2025,5,2025-10-05,PHI,DEN,3.5,44.5,0.6574752261956054,0,0.5043184116229034,0.518726476708654,0.5,extratrees
2025_05_TB_SEA,2025,5,2025-10-05,SEA,TB,3.5,44.5,0.6164383561643836,0,0.47789956195407,0.5205195534976902,0.5,extratrees
2025_05_KC_JAX,2025,5,2025-10-06,JAX,KC,-3.5,45.5,0.3630958183058778,1,0.45288604258122594,0.5222243589599267,0.5,extratrees
2025_06_PHI_NYG,2025,6,2025-10-09,NYG,PHI,-7.0,40.5,0.23409789548356585,1,0.5063564436806426,0.5185881925945228,0.5,extratrees
2025_06_LA_BAL,2025,6,2025-10-12,BAL,LA,-7.0,43.5,0.2522172949002217,0,0.4732567844184966,0.5208351929613412,0.5,extratrees
2025_06_DAL_CAR,2025,6,2025-10-12,CAR,DAL,-3.0,47.5,0.39076376554174075,1,0.4884723432476021,0.5198015831371058,0.5,extratrees
2025_06_CIN_GB,2025,6,2025-10-12,GB,CIN,14.0,44.5,0.8720930232558138,0,0.4800222908338671,0.5203753239596701,0.5,extratrees
2025_06_ARI_IND,2025,6,2025-10-12,IND,ARI,8.5,46.5,0.7913616398243045,0,0.47819037897753713,0.5204997909482725,0.5,extratrees
2025_06_SEA_JAX,2025,6,2025-10-12,JAX,SEA,-1.5,47.5,0.4891657638136511,0,0.4711959328743696,0.5209753922686956,0.5,extratrees
2025_06_DET_KC,2025,6,2025-10-12,KC,DET,2.5,51.5,0.5634920634920635,1,0.5182906705235286,0.5177779401230508,0.5,extratrees
2025_06_TEN_LV,2025,6,2025-10-12,LV,TEN,3.5,41.5,0.6224665518611737,1,0.46973807466577616,0.5210746081344609,0.5,extratrees
2025_06_LAC_MIA,2025,6,2025-10-12,MIA,LAC,-3.5,45.5,0.35527082119976705,1,0.48254175509255054,0.5202041968688041,0.5,extratrees
2025_06_NE_NO,2025,6,2025-10-12,NO,NE,-3.5,46.5,0.3690596562184025,0,0.5273500273132631,0.517161911723294,0.5,extratrees
2025_06_DEN_NYJ,2025,6,2025-10-12,NYJ,DEN,-7.5,43.5,0.23409789548356585,1,0.48620789101126993,0.5199552823845873,0.5,extratrees
2025_06_CLE_PIT,2025,6,2025-10-12,PIT,CLE,5.5,37.5,0.705033164260632,1,0.4922065499876264,0.5195481835761084,0.5,extratrees
2025_06_SF_TB,2025,6,2025-10-12,TB,SF,3.5,46.5,0.6309403437815976,1,0.46487837768727525,0.521405590727399,0.5,extratrees
2025_06_BUF_ATL,2025,6,2025-10-13,ATL,BUF,-3.5,49.5,0.35527082119976705,1,0.4787804182455439,0.5204596975460724,0.5,extratrees
2025_06_CHI_WAS,2025,6,2025-10-13,WAS,CHI,5.5,49.5,0.690792883054068,0,0.4839065924864412,0.520111518110204,0.5,extratrees
2025_07_PIT_CIN,2025,7,2025-10-16,CIN,PIT,-5.5,45.5,0.3194444444444444,1,0.48303681550566335,0.5201705781705328,0.5,extratrees
2025_07_GB_ARI,2025,7,2025-10-19,ARI,GB,-7.0,44.5,0.23409789548356585,1,0.532140999022037,0.5168356389753892,0.5,extratrees
2025_07_NO_CHI,2025,7,2025-10-19,CHI,NO,4.5,43.5,0.6636481241914618,1,0.4664149754934418,0.5213008925669034,0.5,extratrees
2025_07_MIA_CLE,2025,7,2025-10-19,CLE,MIA,2.5,34.5,0.5720596355604638,1,0.47427945693265644,0.5207656428516427,0.5,extratrees
2025_07_WAS_DAL,2025,7,2025-10-19,DAL,WAS,1.5,54.5,0.5324675324675325,1,0.47682920938086365,0.5205922979159249,0.5,extratrees
2025_07_NYG_DEN,2025,7,2025-10-19,DEN,NYG,7.5,39.5,0.7768331562167907,0,0.5011896825230453,0.5189387436233945,0.5,extratrees
2025_07_LA_JAX,2025,7,2025-10-19,JAX,LA,-3.0,44.5,0.4003612281757977,0,0.4817386673915435,0.5202587377586129,0.5,extratrees
2025_07_LV_KC,2025,7,2025-10-19,KC,LV,13.5,44.5,0.8677165354330709,1,0.4960769224041758,0.5192855952482703,0.5,extratrees
2025_07_IND_LAC,2025,7,2025-10-19,LAC,IND,2.5,48.5,0.551441114716549,0,0.5134345898461476,0.5181077649333337,0.5,extratrees
2025_07_PHI_MIN,2025,7,2025-10-19,MIN,PHI,-2.5,43.5,0.42794036443953615,0,0.5123976744017155,0.5181781657213493,0.5,extratrees
2025_07_CAR_NYJ,2025,7,2025-10-19,NYJ,CAR,1.5,39.5,0.5043297540699688,0,0.5006589375810451,0.5189747499641275,0.5,extratrees
2025_07_ATL_SF,2025,7,2025-10-19,SF,ATL,1.5,46.5,0.5108342361863488,1,0.47207869565249094,0.5209153306030886,0.5,extratrees
2025_07_NE_TEN,2025,7,2025-10-19,TEN,NE,-6.5,40.5,0.28644876973925815,0,0.548481397656814,0.5157193148581722,0.5,extratrees
2025_07_TB_DET,2025,7,2025-10-20,DET,TB,6.0,54.5,0.705033164260632,1,0.4782335079296016,0.5204968601890867,0.5,extratrees
2025_07_HOU_SEA,2025,7,2025-10-20,SEA,HOU,3.0,41.5,0.5996387718242023,1,0.4959542249681112,0.5192939192566689,0.5,extratrees
2025_08_MIN_LAC,2025,8,2025-10-23,LAC,MIN,3.0,45.5,0.6037569709421778,1,0.4768023853810476,0.5205941211283697,0.5,extratrees
2025_08_MIA_ATL,2025,8,2025-10-26,ATL,MIA,7.0,44.5,0.7477827050997783,0,0.4936463401522674,0.5194504954617188,0.5,extratrees
2025_08_CHI_BAL,2025,8,2025-10-26,BAL,CHI,2.5,45.5,0.5720596355604638,1,0.5039029373144335,0.5187546656865281,0.5,extratrees
2025_08_BUF_CAR,2025,8,2025-10-26,CAR,BUF,-7.0,47.5,0.23409789548356585,0,0.5134536322262409,0.5181064719834065,0.5,extratrees
2025_08_NYJ_CIN,2025,8,2025-10-26,CIN,NYJ,5.5,43.5,0.690792883054068,0,0.48269788157637666,0.5201935943603536,0.5,extratrees
2025_08_DAL_DEN,2025,8,2025-10-26,DEN,DAL,3.5,51.5,0.6309403437815976,1,0.4807577055050822,0.520325366860895,0.5,extratrees
2025_08_SF_HOU,2025,8,2025-10-26,HOU,SF,2.5,41.5,0.5829926410466066,1,0.5170944575574872,0.5178592076878562,0.5,extratrees
2025_08_TEN_IND,2025,8,2025-10-26,IND,TEN,15.5,47.5,0.9082568807339451,1,0.4575826634158591,0.5219033228475168,0.5,extratrees
2025_08_CLE_NE,2025,8,2025-10-26,NE,CLE,7.0,40.5,0.7600000000000001,1,0.5116483419045295,0.5182290362345822,0.5,extratrees
2025_08_TB_NO,2025,8,2025-10-26,NO,TB,-4.5,46.5,0.34252477380439467,0,0.49747288721329996,0.5191908918172279,0.5,extratrees
2025_08_NYG_PHI,2025,8,2025-10-26,PHI,NYG,7.0,43.5,0.7600000000000001,1,0.47084108940932434,0.5209995384717834,0.5,extratrees
2025_08_GB_PIT,2025,8,2025-10-26,PIT,GB,-3.0,46.5,0.4170073589533933,0,0.48875083326727525,0.5197826827677627,0.5,extratrees
2025_08_WAS_KC,2025,8,2025-10-27,KC,WAS,10.5,48.5,0.84,1,0.48006015294591214,0.5203727518350268,0.5,extratrees
2025_09_BAL_MIA,2025,9,2025-10-30,MIA,BAL,-7.5,51.5,0.2132564841498559,0,0.4696402763540699,0.5210812650670916,0.5,extratrees
2025_09_KC_BUF,2025,9,2025-11-02,BUF,KC,-2.5,53.5,0.448558885283451,1,0.5072218626062556,0.5185294674434974,0.5,extratrees
2025_09_CHI_CIN,2025,9,2025-11-02,CIN,CHI,-3.0,51.5,0.4066302458405761,0,0.47580708984970316,0.5206617769475742,0.5,extratrees
2025_09_MIN_DET,2025,9,2025-11-02,DET,MIN,9.5,47.5,0.8118668596237336,0,0.4978449800497905,0.51916564900415,0.5,extratrees
2025_09_CAR_GB,2025,9,2025-11-02,GB,CAR,12.5,43.5,0.8720930232558138,0,0.5122133770860706,0.5181906776323395,0.5,extratrees
2025_09_DEN_HOU,2025,9,2025-11-02,HOU,DEN,1.5,40.5,0.5324675324675325,0,0.5165303248149951,0.5178975283806635,0.5,extratrees
2025_09_NO_LA,2025,9,2025-11-02,LA,NO,14.0,44.5,0.8869565217391304,1,0.49720184381477756,0.5192092794831971,0.5,extratrees
2025_09_JAX_LV,2025,9,2025-11-02,LV,JAX,-2.5,43.5,0.4572564612326044,1,0.4834301281475198,0.5201438704726195,0.5,extratrees
2025_09_ATL_NE,2025,9,2025-11-02,NE,ATL,5.5,45.5,0.6853932584269663,0,0.46216583950665796,0.5215905207330328,0.5,extratrees
2025_09_SF_NYG,2025,9,2025-11-02,NYG,SF,-2.5,47.5,0.42794036443953615,0,0.49015627860845035,0.5196873050951429,0.5,extratrees
2025_09_IND_PIT,2025,9,2025-11-02,PIT,IND,-3.5,51.5,0.3775334481388264,1,0.523784931282812,0.5174044650625342,0.5,extratrees
2025_09_LAC_TEN,2025,9,2025-11-02,TEN,LAC,-10.0,44.5,0.16835016835016833,1,0.5437756901177614,0.5160414354779347,0.5,extratrees
2025_09_SEA_WAS,2025,9,2025-11-02,WAS,SEA,-2.5,47.5,0.42794036443953615,0,0.47749535617686834,0.5205470229977492,0.5,extratrees
2025_09_ARI_DAL,2025,9,2025-11-03,DAL,ARI,3.5,53.5,0.6092362344582594,0,0.45299250932302626,0.5222170755261577,0.5,extratrees
2025_10_LV_DEN,2025,10,2025-11-06,DEN,LV,9.5,42.5,0.7999999999999999,0,0.5051107191909361,0.5186727189748263,0.5,extratrees
2025_10_NO_CAR,2025,10,2025-11-09,CAR,NO,5.5,38.5,0.6805555555555556,0,0.4582919961680989,0.5218548812463035,0.5,extratrees
2025_10_NYG_CHI,2025,10,2025-11-09,CHI,NYG,4.5,45.5,0.6574752261956054,0,0.4962491917855652,0.5192739082283095,0.5,extratrees
2025_10_JAX_HOU,2025,10,2025-11-09,HOU,JAX,-1.5,37.5,0.4891657638136511,1,0.48472984549500514,0.5200556227320154,0.5,extratrees
2025_10_ATL_IND,2025,10,2025-11-09,IND,ATL,6.5,48.5,0.725752508361204,0,0.47969647758070516,0.5203974583592841,0.5,extratrees
2025_10_PIT_LAC,2025,10,2025-11-09,LAC,PIT,3.0,45.5,0.593369754159424,1,0.4746980560490355,0.5207371787154031,0.5,extratrees
2025_10_BUF_MIA,2025,10,2025-11-09,MIA,BUF,-8.5,50.5,0.2132564841498559,1,0.4978550627344949,0.5191649649948873,0.5,extratrees
2025_10_BAL_MIN,2025,10,2025-11-09,MIN,BAL,-4.5,48.5,0.33099297893681046,0,0.4612956573610927,0.5216498768473877,0.5,extratrees
2025_10_CLE_NYJ,2025,10,2025-11-09,NYJ,CLE,-1.5,37.5,0.4572564612326044,1,0.5207217118634718,0.5176127337834108,0.5,extratrees
2025_10_ARI_SEA,2025,10,2025-11-09,SEA,ARI,7.0,44.5,0.740871613663133,1,0.4758263522429452,0.5206604674596338,0.5,extratrees
2025_10_LA_SF,2025,10,2025-11-09,SF,LA,-5.5,49.5,0.30920711694593195,0,0.5187889903276505,0.5177440811581122,0.5,extratrees
2025_10_NE_TB,2025,10,2025-11-09,TB,NE,2.5,48.5,0.5720596355604638,0,0.47248029432421257,0.5208880102721952,0.5,extratrees
2025_10_DET_WAS,2025,10,2025-11-09,WAS,DET,-8.5,49.5,0.2132564841498559,0,0.5387791754235578,0.5163828644416673,0.5,extratrees
2025_10_PHI_GB,2025,10,2025-11-10,GB,PHI,1.5,45.5,0.5,0,0.4953748466252585,0.5193332256141899,0.5,extratrees
2025_11_NYJ_NE,2025,11,2025-11-13,NE,NYJ,12.5,43.5,0.8677165354330709,1,0.503503365302619,0.5187817752720243,0.5,extratrees
2025_11_SF_ARI,2025,11,2025-11-16,ARI,SF,-3.5,48.5,0.3690596562184025,0,0.5060157563478598,0.5186113099104577,0.5,extratrees
2025_11_CAR_ATL,2025,11,2025-11-16,ATL,CAR,4.5,42.5,0.6574752261956054,0,0.4696669504052458,0.5210794494035775,0.5,extratrees
2025_11_TB_BUF,2025,11,2025-11-16,BUF,TB,6.0,46.5,0.7095435684647302,1,0.510574019431866,0.518301962790979,0.5,extratrees
2025_11_BAL_CLE,2025,11,2025-11-16,CLE,BAL,-7.5,37.5,0.21809369951534735,1,0.47491821576973603,0.5207222090906699,0.5,extratrees
2025_11_KC_DEN,2025,11,2025-11-16,DEN,KC,-3.5,44.5,0.34252477380439467,1,0.4687714234613703,0.5211404128195686,0.5,extratrees
2025_11_LAC_JAX,2025,11,2025-11-16,JAX,LAC,-3.0,43.5,0.4170073589533933,1,0.46875653639120696,0.5211414263731361,0.5,extratrees
2025_11_SEA_LA,2025,11,2025-11-16,LA,SEA,3.0,49.5,0.6092362344582594,0,0.4819845351476853,0.5202420392821091,0.5,extratrees
2025_11_WAS_MIA,2025,11,2025-11-16,MIA,WAS,2.5,47.5,0.5720596355604638,1,0.46434480880461526,0.5214419562469456,0.5,extratrees
2025_11_CHI_MIN,2025,11,2025-11-16,MIN,CHI,3.0,47.5,0.5720596355604638,0,0.48389562506436273,0.5201122627874818,0.5,extratrees
2025_11_GB_NYG,2025,11,2025-11-16,NYG,GB,-7.5,41.5,0.21809369951534735,1,0.5172911780434646,0.5178458440192231,0.5,extratrees
2025_11_DET_PHI,2025,11,2025-11-16,PHI,DET,2.5,46.5,0.5829926410466066,1,0.5074976145049245,0.5185107549055952,0.5,extratrees
2025_11_CIN_PIT,2025,11,2025-11-16,PIT,CIN,5.5,48.5,0.6853932584269663,1,0.47831979336114167,0.5204909968620467,0.5,extratrees
2025_11_HOU_TEN,2025,11,2025-11-16,TEN,HOU,-5.5,37.5,0.30423004792665137,1,0.4684703013744049,0.521160914761917,0.5,extratrees
2025_11_DAL_LV,2025,11,2025-11-17,LV,DAL,-3.5,48.5,0.3630958183058778,0,0.4705213238266227,0.5210212993466746,0.5,extratrees
2025_12_BUF_HOU,2025,12,2025-11-20,HOU,BUF,-5.5,43.5,0.30920711694593195,1,0.47154391962368497,0.5209517144766264,0.5,extratrees
2025_12_JAX_ARI,2025,12,2025-11-23,ARI,JAX,-2.5,47.5,0.448558885283451,0,0.4703384532002582,0.5210337448689115,0.5,extratrees
2025_12_NYJ_BAL,2025,12,2025-11-23,BAL,NYJ,14.0,44.5,0.8761776581426649,0,0.5232010406776403,0.5174441732403275,0.5,extratrees
2025_12_NE_CIN,2025,12,2025-11-23,CIN,NE,-7.5,50.5,0.23409789548356585,1,0.4908858254809619,0.5196377995819353,0.5,extratrees
2025_12_PHI_DAL,2025,12,2025-11-23,DAL,PHI,-3.0,47.5,0.4066302458405761,1,0.5014488631023966,0.5189211603854277,0.5,extratrees
2025_12_NYG_DET,2025,12,2025-11-23,DET,NYG,14.0,50.5,0.8761776581426649,0,0.5080975320213018,0.5184700432082429,0.5,extratrees
2025_12_MIN_GB,2025,12,2025-11-23,GB,MIN,6.5,41.5,0.7135512302607419,1,0.4853195840805211,0.5200155851578925,0.5,extratrees
2025_12_IND_KC,2025,12,2025-11-23,KC,IND,3.5,50.5,0.6574752261956054,0,0.48667763289735544,0.5199233961063126,0.5,extratrees
2025_12_TB_LA,2025,12,2025-11-23,LA,TB,7.0,49.5,0.7571884984025559,1,0.48658888567172703,0.5199294201939288,0.5,extratrees
2025_12_CLE_LV,2025,12,2025-11-23,LV,CLE,3.0,35.5,0.593369754159424,0,0.4968532812029422,0.5192329261650122,0.5,extratrees
2025_12_ATL_NO,2025,12,2025-11-23,NO,ATL,1.5,41.5,0.5260865852617197,0,0.4757867876357064,0.5206631571291626,0.5,extratrees
2025_12_SEA_TEN,2025,12,2025-11-23,TEN,SEA,-12.5,41.5,0.13228346456692913,1,0.5594969638944252,0.5149627851783507,0.5,extratrees
2025_12_CAR_SF,2025,12,2025-11-24,SF,CAR,7.5,48.5,0.7659021045164341,1,0.48148083531603736,0.520276249406436,0.5,extratrees
2025_13_CIN_BAL,2025,13,2025-11-27,BAL,CIN,7.0,52.5,0.7571884984025559,0,0.5109313317244648,0.5182777087735759,0.5,extratrees
2025_13_KC_DAL,2025,13,2025-11-27,DAL,KC,-3.5,53.5,0.3775334481388264,1,0.47533290561686586,0.5206940142043707,0.5,extratrees
2025_13_GB_DET,2025,13,2025-11-27,DET,GB,2.5,48.5,0.5829926410466066,0,0.4517074321133502,0.5223050074133837,0.5,extratrees
2025_13_CHI_PHI,2025,13,2025-11-28,PHI,CHI,7.0,43.5,0.740871613663133,0,0.5083858010907947,0.5184504800040852,0.5,extratrees
2025_13_LA_CAR,2025,13,2025-11-30,CAR,LA,-10.0,44.5,0.18274111675126903,1,0.5913958420295679,0.5127459933040052,0.5,extratrees
2025_13_SF_CLE,2025,13,2025-11-30,CLE,SF,-5.5,35.5,0.31460674157303364,0,0.527869659338812,0.5171265423271244,0.5,extratrees
2025_13_HOU_IND,2025,13,2025-11-30,IND,HOU,3.0,44.5,0.6037569709421778,0,0.4919209959516986,0.519567558904019,0.5,extratrees
2025_13_LV_LAC,2025,13,2025-11-30,LAC,LV,10.0,40.5,0.8223350253807106,1,0.4965203945355998,0.5192555094949716,0.5,extratrees
2025_13_NO_MIA,2025,13,2025-11-30,MIA,NO,5.5,41.5,0.6853932584269663,0,0.49477427298958315,0.519373970547325,0.5,extratrees
2025_13_ATL_NYJ,2025,13,2025-11-30,NYJ,ATL,-3.0,38.5,0.4003612281757977,1,0.5110279865089452,0.5182711477949884,0.5,extratrees
2025_13_BUF_PIT,2025,13,2025-11-30,PIT,BUF,-3.0,44.5,0.4003612281757977,0,0.5106334408698273,0.5182979293779688,0.5,extratrees
2025_13_MIN_SEA,2025,13,2025-11-30,SEA,MIN,12.5,42.5,0.863013698630137,1,0.4811747129539256,0.5202970416789218,0.5,extratrees
2025_13_ARI_TB,2025,13,2025-11-30,TB,ARI,4.5,44.5,0.6369041816941223,0,0.4826626253111526,0.5201959885855153,0.5,extratrees
2025_13_JAX_TEN,2025,13,2025-11-30,TEN,JAX,-6.0,42.5,0.299837925445705,0,0.47599796504804953,0.5206488011527185,0.5,extratrees
2025_13_DEN_WAS,2025,13,2025-11-30,WAS,DEN,-6.5,43.5,0.27424749163879597,1,0.5126828682316995,0.5181588034672631,0.5,extratrees
2025_13_NYG_NE,2025,13,2025-12-01,NE,NYG,7.0,46.5,0.7571884984025559,1,0.4892058048528613,0.5197518059611818,0.5,extratrees
2025_14_DAL_DET,2025,14,2025-12-04,DET,DAL,3.5,55.5,0.6309403437815976,1,0.44805464363324693,0.5225551880519164,0.5,extratrees
2025_14_LA_ARI,2025,14,2025-12-07,ARI,LA,-9.5,49.5,0.19999999999999998,0,0.5328033538871628,0.5167905000311325,0.5,extratrees
2025_14_SEA_ATL,2025,14,2025-12-07,ATL,SEA,-7.0,44.5,0.2522172949002217,0,0.568522626594148,0.5143398946708303,0.5,extratrees
2025_14_PIT_BAL,2025,14,2025-12-07,BAL,PIT,5.5,43.5,0.7001620745542949,0,0.4909477344450665,0.5196335986765618,0.5,extratrees
2025_14_CIN_BUF,2025,14,2025-12-07,BUF,CIN,6.0,54.5,0.7095435684647302,0,0.498191551588989,0.5191421376165054,0.5,extratrees
2025_14_TEN_CLE,2025,14,2025-12-07,CLE,TEN,4.5,33.5,0.644729178800233,0,0.5318365503554253,0.5168563842126594,0.5,extratrees
2025_14_CHI_GB,2025,14,2025-12-07,GB,CHI,6.5,44.5,0.7220792588780237,1,0.4923220280077445,0.5195403482776655,0.5,extratrees
2025_14_IND_JAX,2025,14,2025-12-07,JAX,IND,-2.5,44.5,0.448558885283451,1,0.45020636704884665,0.522407772497976,0.5,extratrees
2025_14_HOU_KC,2025,14,2025-12-07,KC,HOU,4.5,41.5,0.6574752261956054,0,0.49492697789016893,0.5193636104659138,0.5,extratrees
2025_14_DEN_LV,2025,14,2025-12-07,LV,DEN,-8.5,40.5,0.20863836017569545,1,0.5516375597159924,0.5155029290371548,0.5,extratrees
2025_14_WAS_MIN,2025,14,2025-12-07,MIN,WAS,-1.5,43.5,0.4891657638136511,1,0.5127156577476816,0.5181565772966712,0.5,extratrees
2025_14_MIA_NYJ,2025,14,2025-12-07,NYJ,MIA,-2.5,41.5,0.42794036443953615,0,0.5042395320731422,0.5187318285440975,0.5,extratrees
2025_14_NO_TB,2025,14,2025-12-07,TB,NO,7.5,41.5,0.7768331562167907,0,0.4812837526999647,0.5202896354408587,0.5,extratrees
2025_14_PHI_LAC,2025,14,2025-12-08,LAC,PHI,-1.5,41.5,0.4782608695652174,1,0.5072088800062896,0.5185303484346732,0.5,extratrees
2025_15_ATL_TB,2025,15,2025-12-11,TB,ATL,6.0,43.5,0.705033164260632,0,0.47286755834347727,0.5208616672891454,0.5,extratrees
2025_15_CLE_CHI,2025,15,2025-12-14,CHI,CLE,7.5,38.5,0.7571884984025559,1,0.5173474149062929,0.5178420236501956,0.5,extratrees
2025_15_BAL_CIN,2025,15,2025-12-14,CIN,BAL,-2.5,51.5,0.4066302458405761,0,0.46184921831611153,0.5216121160564537,0.5,extratrees
2025_15_MIN_DAL,2025,15,2025-12-14,DAL,MIN,5.5,47.5,0.6957699520733487,0,0.4974407602631691,0.5191930713164645,0.5,extratrees
2025_15_GB_DEN,2025,15,2025-12-14,DEN,GB,-1.5,42.5,0.4739134147382802,1,0.5338105207733043,0.5167218467474376,0.5,extratrees
2025_15_ARI_HOU,2025,15,2025-12-14,HOU,ARI,10.5,42.5,0.827123695976155,1,0.49719115864077384,0.5192100043697759,0.5,extratrees
2025_15_NYJ_JAX,2025,15,2025-12-14,JAX,NYJ,13.5,40.5,0.8761776581426649,1,0.5158629510452064,0.5179428581224328,0.5,extratrees
2025_15_LAC_KC,2025,15,2025-12-14,KC,LAC,5.5,41.5,0.690792883054068,0,0.4732509988533617,0.5208355864677366,0.5,extratrees
2025_15_DET_LA,2025,15,2025-12-14,LA,DET,5.5,54.5,0.6805555555555556,1,0.4457291304989795,0.5227146556704156,0.5,extratrees
2025_15_BUF_NE,2025,15,2025-12-14,NE,BUF,-2.5,49.5,0.43650793650793646,0,0.46223329458989293,0.5215859201808942,0.5,extratrees
2025_15_CAR_NO,2025,15,2025-12-14,NO,CAR,-2.5,41.5,0.42794036443953615,1,0.4585207830961838,0.5218392593623407,0.5,extratrees
2025_15_WAS_NYG,2025,15,2025-12-14,NYG,WAS,2.5,46.5,0.5720596355604638,0,0.4595236815634603,0.5217707935822458,0.5,extratrees
2025_15_LV_PHI,2025,15,2025-12-14,PHI,LV,12.5,37.5,0.8720930232558138,1,0.5154686818294567,0.5179696359461109,0.5,extratrees
2025_15_IND_SEA,2025,15,2025-12-14,SEA,IND,13.5,41.5,0.8720930232558138,0,0.4651660029569115,0.5213859897396853,0.5,extratrees
2025_15_TEN_SF,2025,15,2025-12-14,SF,TEN,12.5,44.5,0.863013698630137,1,0.5128285374044723,0.5181489135232814,0.5,extratrees
2025_15_MIA_PIT,2025,15,2025-12-15,PIT,MIA,3.0,42.5,0.6092362344582594,1,0.5124685007479272,0.5181733572669315,0.5,extratrees
2025_16_LA_SEA,2025,16,2025-12-18,SEA,LA,1.5,42.5,0.5260865852617197,0,0.46526379740744817,0.5213793256224798,0.5,extratrees
2025_16_GB_CHI,2025,16,2025-12-20,CHI,GB,1.5,45.5,0.5173641257162701,1,0.4715169306281341,0.5209535508036427,0.5,extratrees
2025_16_PHI_WAS,2025,16,2025-12-20,WAS,PHI,-7.0,43.5,0.24000000000000005,0,0.5037425101819388,0.5187655501671773,0.5,extratrees
2025_16_ATL_ARI,2025,16,2025-12-21,ARI,ATL,-2.5,48.5,0.42794036443953615,0,0.47579297419974087,0.5206627365546973,0.5,extratrees
2025_16_NE_BAL,2025,16,2025-12-21,BAL,NE,3.5,48.5,0.6224665518611737,0,0.524366689248235,0.5173648973012136,0.5,extratrees
2025_16_TB_CAR,2025,16,2025-12-21,CAR,TB,-3.0,44.5,0.4170073589533933,1,0.467908593183616,0.5211991627476905,0.5,extratrees
2025_16_BUF_CLE,2025,16,2025-12-21,CLE,BUF,-10.5,41.5,0.18274111675126903,1,0.5348457790326159,0.5166512583737924,0.5,extratrees
2025_16_LAC_DAL,2025,16,2025-12-21,DAL,LAC,1.5,50.5,0.5260865852617197,0,0.47740817851450534,0.5205529477667623,0.5,extratrees
2025_16_JAX_DEN,2025,16,2025-12-21,DEN,JAX,3.5,46.5,0.6092362344582594,0,0.5288577596312702,0.5170592741813399,0.5,extratrees
2025_16_PIT_DET,2025,16,2025-12-21,DET,PIT,7.5,52.5,0.7768331562167907,0,0.4654626451443455,0.5213657758547398,0.5,extratrees
2025_16_LV_HOU,2025,16,2025-12-21,HOU,LV,14.5,39.5,0.9039548022598869,0,0.46764638618924165,0.5212170188223282,0.5,extratrees
2025_16_CIN_MIA,2025,16,2025-12-21,MIA,CIN,-3.5,48.5,0.35527082119976705,0,0.5085142812998297,0.5184417606338743,0.5,extratrees
2025_16_NYJ_NO,2025,16,2025-12-21,NO,NYJ,6.5,39.5,0.7179705215419501,1,0.4773094461944462,0.5205596579195165,0.5,extratrees
2025_16_MIN_NYG,2025,16,2025-12-21,NYG,MIN,-2.5,41.5,0.42794036443953615,0,0.5061773984832058,0.5186003417527968,0.5,extratrees
2025_16_KC_TEN,2025,16,2025-12-21,TEN,KC,-3.5,37.5,0.3775334481388264,1,0.49368735271479647,0.5194477128969106,0.5,extratrees
2025_16_SF_IND,2025,16,2025-12-22,IND,SF,-4.5,46.5,0.33635187580853815,0,0.4917957598633415,0.5195760564795362,0.5,extratrees
2025_17_DEN_KC,2025,17,2025-12-25,KC,DEN,-13.5,37.5,0.12000000000000002,1,0.486466158976698,0.519937750864678,0.5,extratrees
2025_17_DET_MIN,2025,17,2025-12-25,MIN,DET,-7.0,45.5,0.2491874322860238,1,0.4799714794467481,0.5203787758031466,0.5,extratrees
2025_17_DAL_WAS,2025,17,2025-12-25,WAS,DAL,-8.5,50.5,0.19999999999999998,1,0.48553503862628183,0.5200009585017826,0.5,extratrees
2025_17_BAL_GB,2025,17,2025-12-27,GB,BAL,2.5,38.5,0.5634920634920635,0,0.5292402276854332,0.5170332321523837,0.5,extratrees
2025_17_HOU_LAC,2025,17,2025-12-27,LAC,HOU,1.5,40.5,0.5173641257162701,0,0.5299323986346423,0.5169860964313302,0.5,extratrees
2025_17_PHI_BUF,2025,17,2025-12-28,BUF,PHI,3.0,45.5,0.6037569709421778,0,0.5226265217232579,0.5174832396630948,0.5,extratrees
2025_17_SEA_CAR,2025,17,2025-12-28,CAR,SEA,-6.5,42.5,0.27792074112197634,0,0.5429091562595788,0.5161006909936706,0.5,extratrees
2025_17_ARI_CIN,2025,17,2025-12-28,CIN,ARI,7.0,52.5,0.7440690150970525,1,0.4916396084960323,0.5195866518146197,0.5,extratrees
2025_17_PIT_CLE,2025,17,2025-12-28,CLE,PIT,-4.5,35.5,0.35527082119976705,1,0.4973604115752598,0.5191985221919263,0.5,extratrees
2025_17_JAX_IND,2025,17,2025-12-28,IND,JAX,-3.5,48.5,0.33635187580853815,0,0.5111373099960641,0.5182637267829944,0.5,extratrees
2025_17_NYG_LV,2025,17,2025-12-28,LV,NYG,-3.0,40.5,0.4066302458405761,0,0.5097176827264742,0.5183600868199569,0.5,extratrees
2025_17_TB_MIA,2025,17,2025-12-28,MIA,TB,-5.5,44.5,0.31460674157303364,1,0.5178427521539456,0.5178083722482743,0.5,extratrees
2025_17_NE_NYJ,2025,17,2025-12-28,NYJ,NE,-12.5,42.5,0.13228346456692913,0,0.48725135739277564,0.5198844533856949,0.5,extratrees
2025_17_CHI_SF,2025,17,2025-12-28,SF,CHI,3.5,51.5,0.644729178800233,1,0.49694721748367177,0.5192265534643931,0.5,extratrees
2025_17_NO_TEN,2025,17,2025-12-28,TEN,NO,-1.5,39.5,0.4782608695652174,0,0.5290757402451008,0.5170444323032863,0.5,extratrees
2025_17_LA_ATL,2025,17,2025-12-29,ATL,LA,-7.5,48.5,0.24000000000000005,1,0.5396929100855055,0.5163204687782459,0.5,extratrees
2025_18_SEA_SF,2025,18,2026-01-03,SF,SEA,-2.5,47.5,0.42794036443953615,0,0.4712109218145603,0.5209743723507287,0.5,extratrees
2025_18_CAR_TB,2025,18,2026-01-03,TB,CAR,3.0,43.5,0.5829926410466066,0,0.4670674562093158,0.5212564475964883,0.5,extratrees
2025_18_NO_ATL,2025,18,2026-01-04,ATL,NO,4.5,43.5,0.644729178800233,0,0.49189576380587186,0.5195692709622931,0.5,extratrees
2025_18_NYJ_BUF,2025,18,2026-01-04,BUF,NYJ,12.5,39.5,0.8524590163934427,1,0.484785723488691,0.5200518290430004,0.5,extratrees
2025_18_DET_CHI,2025,18,2026-01-04,CHI,DET,3.5,51.5,0.6164383561643836,0,0.4556337898254423,0.5220364738582611,0.5,extratrees
2025_18_CLE_CIN,2025,18,2026-01-04,CIN,CLE,9.5,47.5,0.7867435158501441,0,0.4944367613965104,0.519396868796149,0.5,extratrees
2025_18_LAC_DEN,2025,18,2026-01-04,DEN,LAC,14.5,37.5,0.9039548022598869,1,0.48835246728490733,0.5198097189279827,0.5,extratrees
2025_18_IND_HOU,2025,18,2026-01-04,HOU,IND,9.5,37.5,0.8081570996978852,0,0.48982095260278113,0.5197100604232545,0.5,extratrees
2025_18_TEN_JAX,2025,18,2026-01-04,JAX,TEN,12.5,46.5,0.8465011286681716,1,0.521546422849401,0.5175566732414673,0.5,extratrees
2025_18_ARI_LA,2025,18,2026-01-04,LA,ARI,14.5,49.5,0.8933823529411765,1,0.4787864349360363,0.5204592887291214,0.5,extratrees
2025_18_KC_LV,2025,18,2026-01-04,LV,KC,-3.5,36.5,0.33635187580853815,1,0.49268724028806343,0.5195155685601397,0.5,extratrees
2025_18_GB_MIN,2025,18,2026-01-04,MIN,GB,12.5,37.5,0.8316498316498315,1,0.507111726010494,0.5185369412200099,0.5,extratrees
2025_18_MIA_NE,2025,18,2026-01-04,NE,MIA,14.0,44.5,0.8720930232558138,1,0.46818296761325534,0.5211804793150934,0.5,extratrees
2025_18_DAL_NYG,2025,18,2026-01-04,NYG,DAL,-3.0,50.5,0.4003612281757977,1,0.4970541245861049,0.5192193008246362,0.5,extratrees
2025_18_WAS_PHI,2025,18,2026-01-04,PHI,WAS,3.0,38.5,0.6164383561643836,0,0.4611815253590606,0.5216576630615133,0.5,extratrees
2025_18_BAL_PIT,2025,18,2026-01-04,PIT,BAL,-4.5,41.5,0.33635187580853815,1,0.4815299608807559,0.5202729128089976,0.5,extratrees
2025_19_LA_CAR,2025,19,2026-01-10,CAR,LA,-10.0,44.5,0.18813314037626627,1,0.5501508370183805,0.5156048936088795,0.5,extratrees
2025_19_GB_CHI,2025,19,2026-01-10,CHI,GB,-2.5,45.5,0.448558885283451,1,0.47851207889065883,0.520477930838806,0.5,extratrees
2025_19_BUF_JAX,2025,19,2026-01-11,JAX,BUF,1.5,51.5,0.5260865852617197,0,0.4914014269787738,0.5196028133194994,0.5,extratrees
2025_19_LAC_NE,2025,19,2026-01-11,NE,LAC,3.5,45.5,0.6369041816941223,1,0.5160109547881228,0.5179328056905783,0.5,extratrees
2025_19_SF_PHI,2025,19,2026-01-11,PHI,SF,6.0,44.5,0.6957699520733487,0,0.49861812105383096,0.5191131992185728,0.5,extratrees
2025_19_HOU_PIT,2025,19,2026-01-12,PIT,HOU,-3.0,38.5,0.4170073589533933,0,0.539494984030335,0.5163339860132671,0.5,extratrees
2025_20_BUF_DEN,2025,20,2026-01-17,DEN,BUF,1.5,45.5,0.5217391304347826,1,0.4954498103584226,0.5193281398705953,0.5,extratrees
2025_20_SF_SEA,2025,20,2026-01-17,SEA,SF,6.5,44.5,0.7220792588780237,1,0.4440262010794833,0.5228315308397793,0.5,extratrees
2025_20_LA_CHI,2025,20,2026-01-18,CHI,LA,-3.5,49.5,0.35527082119976705,1,0.5391017734347299,0.5163608374925669,0.5,extratrees
2025_20_HOU_NE,2025,20,2026-01-18,NE,HOU,3.0,40.5,0.6164383561643836,1,0.5299907439459011,0.5169821228404868,0.5,extratrees
2025_21_NE_DEN,2025,21,2026-01-25,DEN,NE,-3.5,43.5,0.35527082119976705,1,0.5365369469981869,0.5165359014955871,0.5,extratrees
2025_21_LA_SEA,2025,21,2026-01-25,SEA,LA,2.5,45.5,0.5634920634920635,1,0.43977680881521386,0.5231235635203971,0.5,extratrees
2025_22_SEA_NE,2025,22,2026-02-08,NE,SEA,-4.5,45.5,0.3249687530045188,0,0.5098426504199569,0.5183516048924911,0.5,extratrees
