game_id,season,week,gameday,home_team,away_team,spread_line,total_line,market_home_prob,y,prob_raw,prob,market_prob,model
2015_01_PIT_NE,2015,1,2015-09-10,NE,PIT,7.5,51.0,0.7590361445783131,1,0.7708202038435099,0.7638817261896924,0.7590361445783131,logistic
2015_01_NO_ARI,2015,1,2015-09-13,ARI,NO,2.0,48.5,0.5520062329567589,1,0.5669477209024822,0.5703988742528826,0.5520062329567589,logistic
2015_01_IND_BUF,2015,1,2015-09-13,BUF,IND,-1.0,44.5,0.49070156678599663,1,0.4146959269084728,0.4265192062557223,0.49070156678599663,logistic
2015_01_GB_CHI,2015,1,2015-09-13,CHI,GB,-5.5,48.5,0.303030303030303,0,0.3116353073224731,0.32764926664232363,0.303030303030303,logistic
2015_01_NYG_DAL,2015,1,2015-09-13,DAL,NYG,7.0,52.0,0.7333014887349733,1,0.7659024200729998,0.7591452084522358,0.7333014887349733,logistic
2015_01_BAL_DEN,2015,1,2015-09-13,DEN,BAL,4.5,46.5,0.6712553934662009,1,0.6590660098014336,0.6573121202050602,0.6712553934662009,logistic
2015_01_KC_HOU,2015,1,2015-09-13,HOU,KC,-1.0,41.0,0.5,0,0.5221909416747091,0.5282260100109253,0.5,logistic
2015_01_CAR_JAX,2015,1,2015-09-13,JAX,CAR,-3.0,41.0,0.4224502112251056,0,0.4263943425362637,0.4376383638517879,0.4224502112251056,logistic
2015_01_CLE_NYJ,2015,1,2015-09-13,NYJ,CLE,3.5,39.0,0.6332518337408314,1,0.6122439268214878,0.61308846848739,0.6332518337408314,logistic
2015_01_CIN_OAK,2015,1,2015-09-13,OAK,CIN,-3.0,43.0,0.413907284768212,0,0.4649236325873633,0.474156592031524,0.413907284768212,logistic
2015_01_DET_SD,2015,1,2015-09-13,SD,DET,3.5,45.5,0.6274614156466205,1,0.6317280093403143,0.6314740701688639,0.6274614156466205,logistic
2015_01_SEA_STL,2015,1,2015-09-13,STL,SEA,-3.5,41.5,0.37665039500700276,1,0.4236129692078212,0.4349961861047856,0.37665039500700276,logistic
2015_01_TEN_TB,2015,1,2015-09-13,TB,TEN,3.0,40.5,0.5933014354066986,0,0.5617123720530108,0.5654668326379527,0.5933014354066986,logistic
2015_01_MIA_WAS,2015,1,2015-09-13,WAS,MIA,-4.0,45.5,0.34727812147834686,0,0.275745113689933,0.2927011463455133,0.34727812147834686,logistic
2015_01_PHI_ATL,2015,1,2015-09-14,ATL,PHI,-3.5,55.0,0.37665039500700276,1,0.4817288710524538,0.4900440120171039,0.37665039500700276,logistic
2015_01_MIN_SF,2015,1,2015-09-14,SF,MIN,-2.5,42.5,0.4066985645933015,1,0.476346820742091,0.4849581570867812,0.4066985645933015,logistic
2015_02_DEN_KC,2015,2,2015-09-17,KC,DEN,3.0,42.0,0.6033428208078484,0,0.5846285816949723,0.5870568992472268,0.6033428208078484,logistic
2015_02_NE_BUF,2015,2,2015-09-20,BUF,NE,2.0,45.0,0.5399277029247453,0,0.609329834250786,0.6103402608174074,0.5399277029247453,logistic
2015_02_HOU_CAR,2015,2,2015-09-20,CAR,HOU,3.0,41.0,0.5740354444580784,1,0.709608377408578,0.7052736451456415,0.5740354444580784,logistic
2015_02_ARI_CHI,2015,2,2015-09-20,CHI,ARI,-2.0,45.5,0.46943325045014145,0,0.4427922322933253,0.45319823381450264,0.46943325045014145,logistic
2015_02_SD_CIN,2015,2,2015-09-20,CIN,SD,3.5,47.5,0.6186511705872493,1,0.7082906347771629,0.7040191073475949,0.6186511705872493,logistic
2015_02_TEN_CLE,2015,2,2015-09-20,CLE,TEN,1.0,41.0,0.5172913928296243,1,0.3472060525504965,0.3619904539432588,0.5172913928296243,logistic
2015_02_SEA_GB,2015,2,2015-09-20,GB,SEA,3.5,49.0,0.6332518337408314,1,0.6283455487156488,0.6282808169414608,0.6332518337408314,logistic
2015_02_MIA_JAX,2015,2,2015-09-20,JAX,MIA,-5.0,42.5,0.3199224430441105,1,0.29339663950024075,0.30993045354063303,0.3199224430441105,logistic
2015_02_DET_MIN,2015,2,2015-09-20,MIN,DET,2.5,44.0,0.5740354444580784,1,0.5429868358437138,0.5478251600439379,0.5740354444580784,logistic
2015_02_TB_NO,2015,2,2015-09-20,NO,TB,9.5,47.0,0.7849371679176859,0,0.8091930756358043,0.8010548725883148,0.7849371679176859,logistic
2015_02_ATL_NYG,2015,2,2015-09-20,NYG,ATL,2.0,49.5,0.537852568752202,0,0.6408332536139543,0.6400736127485905,0.537852568752202,logistic
2015_02_BAL_OAK,2015,2,2015-09-20,OAK,BAL,-6.0,42.0,0.299482251023654,1,0.32664332121233625,0.3421712399242447,0.299482251023654,logistic
2015_02_DAL_PHI,2015,2,2015-09-20,PHI,DAL,7.0,53.0,0.722662440570523,0,0.7505031704978877,0.7443484251549956,0.722662440570523,logistic
2015_02_SF_PIT,2015,2,2015-09-20,PIT,SF,6.0,46.0,0.6949182345700721,1,0.7093259673436548,0.7050047594132601,0.6949182345700721,logistic
2015_02_STL_WAS,2015,2,2015-09-20,WAS,STL,-3.0,41.0,0.37665039500700276,1,0.3846418317498124,0.3978713130756538,0.37665039500700276,logistic
2015_02_NYJ_IND,2015,2,2015-09-21,IND,NYJ,6.0,45.5,0.6891002194586686,0,0.7145115558367218,0.7099439023581956,0.6891002194586686,logistic
2015_03_WAS_NYG,2015,3,2015-09-24,NYG,WAS,3.0,45.0,0.6108836002739845,1,0.6633319870932742,0.6613495183972203,0.6108836002739845,logistic
2015_03_SF_ARI,2015,3,2015-09-27,ARI,SF,7.0,45.0,0.7326042743306772,1,0.8002418062463994,0.7923464318220377,0.7326042743306772,logistic
2015_03_CIN_BAL,2015,3,2015-09-27,BAL,CIN,2.5,45.5,0.5660893345487694,0,0.5658686533606678,0.5693823173679449,0.5660893345487694,logistic
2015_03_NO_CAR,2015,3,2015-09-27,CAR,NO,10.0,43.0,0.7810858143607706,1,0.8373332400574723,0.8286050657831411,0.7810858143607706,logistic
2015_03_OAK_CLE,2015,3,2015-09-27,CLE,OAK,3.5,43.5,0.6233496049929973,0,0.5679047068379393,0.5713004254443542,0.6233496049929973,logistic
2015_03_ATL_DAL,2015,3,2015-09-27,DAL,ATL,1.0,43.5,0.521797153024911,0,0.4844410530381195,0.49260618663725125,0.521797153024911,logistic
2015_03_DEN_DET,2015,3,2015-09-27,DET,DEN,-3.0,45.0,0.43391066545123064,0,0.48271045443501154,0.4909713614319419,0.43391066545123064,logistic
2015_03_TB_HOU,2015,3,2015-09-27,HOU,TB,6.0,41.0,0.6996383748138693,1,0.765510349881913,0.7587678304311329,0.6996383748138693,logistic
2015_03_BUF_MIA,2015,3,2015-09-27,MIA,BUF,1.0,43.5,0.5046466242274987,0,0.535649781299333,0.5409115253416554,0.5046466242274987,logistic
2015_03_SD_MIN,2015,3,2015-09-27,MIN,SD,2.5,45.5,0.537852568752202,1,0.5589252530938867,0.562841184764894,0.537852568752202,logistic
2015_03_JAX_NE,2015,3,2015-09-27,NE,JAX,14.5,48.5,0.9064921186214268,1,0.8870800665790837,0.8781249805109975,0.9064921186214268,logistic
2015_03_PHI_NYJ,2015,3,2015-09-27,NYJ,PHI,3.0,47.0,0.6033428208078484,0,0.6590236730743397,0.6572720602194265,0.6033428208078484,logistic
2015_03_CHI_SEA,2015,3,2015-09-27,SEA,CHI,16.5,43.5,0.9064921186214268,1,0.9359496741641176,0.928282928479902,0.9064921186214268,logistic
2015_03_PIT_STL,2015,3,2015-09-27,STL,PIT,1.5,48.5,0.537852568752202,0,0.6063590073740515,0.6075389070883005,0.537852568752202,logistic
2015_03_IND_TEN,2015,3,2015-09-27,TEN,IND,-3.0,46.5,0.3813488294127508,0,0.46356624723988465,0.47287239214003923,0.3813488294127508,logistic
2015_03_KC_GB,2015,3,2015-09-28,GB,KC,4.5,47.0,0.6757296083811425,1,0.6770862512278835,0.6743788132707611,0.6757296083811425,logistic
2015_04_BAL_PIT,2015,4,2015-10-01,PIT,BAL,-3.0,44.0,0.4224502112251056,0,0.4015204428775133,0.41397556245535544,0.4224502112251056,logistic
2015_04_STL_ARI,2015,4,2015-10-04,ARI,STL,7.0,43.5,0.722662440570523,0,0.8242158904061787,0.8157279554439045,0.722662440570523,logistic
2015_04_HOU_ATL,2015,4,2015-10-04,ATL,HOU,4.0,47.5,0.6527218785216531,1,0.6304642020859982,0.6302808765730749,0.6527218785216531,logistic
2015_04_NYG_BUF,2015,4,2015-10-04,BUF,NYG,6.0,46.5,0.690978748012144,0,0.7778077132381425,0.7706216011594859,0.690978748012144,logistic
2015_04_OAK_CHI,2015,4,2015-10-04,CHI,OAK,-3.0,44.5,0.37665039500700276,1,0.29200926222544277,0.308579242168857,0.37665039500700276,logistic
2015_04_KC_CIN,2015,4,2015-10-04,CIN,KC,3.5,45.0,0.6233496049929973,1,0.6357463349725059,0.6352685434931861,0.6233496049929973,logistic
2015_04_MIN_DEN,2015,4,2015-10-04,DEN,MIN,7.0,43.5,0.7234124879978217,1,0.7088547482434268,0.7045561324532607,0.7234124879978217,logistic
2015_04_JAX_IND,2015,4,2015-10-04,IND,JAX,4.0,43.0,0.6499689771835965,1,0.5736109324291749,0.5766762239499911,0.6499689771835965,logistic
2015_04_NYJ_MIA,2015,4,2015-10-04,MIA,NYJ,-2.5,42.0,0.44139283962726833,0,0.2513318762319749,0.2687261840715768,0.44139283962726833,logistic
2015_04_DAL_NO,2015,4,2015-10-04,NO,DAL,3.0,48.0,0.5740354444580784,1,0.5647964159868124,0.5683721983334221,0.5740354444580784,logistic
2015_04_CLE_SD,2015,4,2015-10-04,SD,CLE,4.5,44.5,0.6800775569558896,1,0.6512071391130938,0.6498785295840456,0.6800775569558896,logistic
2015_04_GB_SF,2015,4,2015-10-04,SF,GB,-7.5,48.0,0.2562225475841874,0,0.2518860028729085,0.2692723775636602,0.2562225475841874,logistic
2015_04_CAR_TB,2015,4,2015-10-04,TB,CAR,-3.0,40.0,0.4224502112251056,0,0.33648811881207413,0.35167075680959486,0.4224502112251056,logistic
2015_04_PHI_WAS,2015,4,2015-10-04,WAS,PHI,-3.0,46.0,0.4155887507302011,1,0.4570611128478237,0.4667158474547845,0.4155887507302011,logistic
2015_04_DET_SEA,2015,4,2015-10-05,SEA,DET,10.0,43.0,0.8047945205479452,1,0.8521974449242572,0.8432791724466684,0.8047945205479452,logistic
2015_05_IND_HOU,2015,5,2015-10-08,HOU,IND,4.5,40.5,0.6600024206947392,0,0.687185108314273,0.6839582640402657,0.6600024206947392,logistic
2015_05_WAS_ATL,2015,5,2015-10-11,ATL,WAS,7.5,48.5,0.7464578672632363,1,0.764045870562477,0.7573585391277399,0.7464578672632363,logistic
2015_05_CLE_BAL,2015,5,2015-10-11,BAL,CLE,6.0,43.0,0.7013921016108003,0,0.7331584418731107,0.7277398422254855,0.7013921016108003,logistic
2015_05_SEA_CIN,2015,5,2015-10-11,CIN,SEA,3.0,44.5,0.5775497887748944,1,0.6189223552136699,0.6193881637898575,0.5775497887748944,logistic
2015_05_NE_DAL,2015,5,2015-10-11,DAL,NE,-8.0,51.0,0.24096385542168672,0,0.25069530310315746,0.26809860382127093,0.24096385542168672,logistic
2015_05_ARI_DET,2015,5,2015-10-11,DET,ARI,-4.5,46.0,0.34727812147834686,0,0.3599357278169367,0.37421871256809397,0.34727812147834686,logistic
2015_05_STL_GB,2015,5,2015-10-11,GB,STL,8.5,45.0,0.768632470217584,1,0.7267896497859455,0.7216551841395089,0.768632470217584,logistic
2015_05_CHI_KC,2015,5,2015-10-11,KC,CHI,10.0,44.0,0.7882908557935022,0,0.7987932830571691,0.7909394708973414,0.7882908557935022,logistic
2015_05_SF_NYG,2015,5,2015-10-11,NYG,SF,7.5,43.5,0.7590361445783131,1,0.7762937829705255,0.7691603100091761,0.7590361445783131,logistic
2015_05_DEN_OAK,2015,5,2015-10-11,OAK,DEN,-5.0,44.5,0.3242703916188576,0,0.3292703412339342,0.3447081092320583,0.3242703916188576,logistic
2015_05_NO_PHI,2015,5,2015-10-11,PHI,NO,6.5,49.5,0.7171050163208644,1,0.7133343562942813,0.708822295401632,0.7171050163208644,logistic
2015_05_JAX_TB,2015,5,2015-10-11,TB,JAX,1.0,41.0,0.521797153024911,1,0.49577790663242205,0.5033110350847163,0.521797153024911,logistic
2015_05_BUF_TEN,2015,5,2015-10-11,TEN,BUF,1.0,43.0,0.5116279069767442,0,0.6415814400125874,0.6407804959692641,0.5116279069767442,logistic
2015_05_PIT_SD,2015,5,2015-10-12,SD,PIT,4.0,45.5,0.658869395711501,0,0.6450156029149018,0.6440255977069044,0.658869395711501,logistic
2015_06_ATL_NO,2015,6,2015-10-15,NO,ATL,-3.0,52.0,0.4172836182527931,1,0.4482119941436215,0.4583349073593061,0.4172836182527931,logistic
2015_06_CIN_BUF,2015,6,2015-10-18,BUF,CIN,-3.0,42.5,0.4050889296790936,0,0.36533422815200145,0.37939574525782055,0.4050889296790936,logistic
2015_06_DEN_CLE,2015,6,2015-10-18,CLE,DEN,-3.5,41.5,0.39360687022900764,0,0.396857747394997,0.40953087886257955,0.39360687022900764,logistic
2015_06_CHI_DET,2015,6,2015-10-18,DET,CHI,3.5,45.0,0.6527218785216531,1,0.6522148852571565,0.6508314516495055,0.6527218785216531,logistic
2015_06_SD_GB,2015,6,2015-10-18,GB,SD,10.5,50.0,0.8188617506135327,1,0.8050001802555791,0.7969726722754799,0.8188617506135327,logistic
2015_06_NE_IND,2015,6,2015-10-18,IND,NE,-8.0,53.5,0.24835146013530876,0,0.2597194644706259,0.2769833993209356,0.24835146013530876,logistic
2015_06_HOU_JAX,2015,6,2015-10-18,JAX,HOU,2.5,43.5,0.5933014354066986,0,0.6020783444204092,0.6035030269818326,0.5933014354066986,logistic
2015_06_KC_MIN,2015,6,2015-10-18,MIN,KC,3.5,43.0,0.6033428208078484,1,0.6612995855357572,0.6594258093836857,0.6033428208078484,logistic
2015_06_WAS_NYJ,2015,6,2015-10-18,NYJ,WAS,7.5,39.5,0.7590361445783131,1,0.8101879715158937,0.8020243112456679,0.7590361445783131,logistic
2015_06_ARI_PIT,2015,6,2015-10-18,PIT,ARI,-5.5,45.0,0.3199224430441105,1,0.32072067079791755,0.3364463804887318,0.3199224430441105,logistic
2015_06_CAR_SEA,2015,6,2015-10-18,SEA,CAR,7.0,41.0,0.73621103117506,0,0.7238740783402768,0.7188719951252266,0.73621103117506,logistic
2015_06_BAL_SF,2015,6,2015-10-18,SF,BAL,-2.5,43.5,0.4320786780923455,1,0.4107844894858095,0.42279770315647375,0.4320786780923455,logistic
2015_06_MIA_TEN,2015,6,2015-10-18,TEN,MIA,2.5,44.0,0.5520062329567589,0,0.6082755185290328,0.6093460491278782,0.5520062329567589,logistic
2015_06_NYG_PHI,2015,6,2015-10-19,PHI,NYG,3.5,50.5,0.6527218785216531,1,0.6632495275649528,0.6612714613309053,0.6527218785216531,logistic
2015_07_SEA_SF,2015,7,2015-10-22,SF,SEA,-6.5,41.5,0.28787053606161983,0,0.27542423817934203,0.2923871621028797,0.28787053606161983,logistic
2015_07_PHI_CAR,2015,7,2015-10-25,CAR,PHI,3.0,46.0,0.5642421122306391,1,0.5911191198316519,0.5931732024358733,0.5642421122306391,logistic
2015_07_MIN_DET,2015,7,2015-10-25,DET,MIN,1.0,44.5,0.521797153024911,0,0.5198831148143283,0.5260502313632106,0.521797153024911,logistic
2015_07_NO_IND,2015,7,2015-10-25,IND,NO,5.5,52.5,0.6859695689558487,0,0.6987264981599164,0.6949210698296759,0.6859695689558487,logistic
2015_07_BUF_JAX,2015,7,2015-10-25,JAX,BUF,-3.5,41.0,0.3856591915440651,1,0.2178823054211955,0.23556352417718007,0.3856591915440651,logistic
2015_07_PIT_KC,2015,7,2015-10-25,KC,PIT,4.0,41.5,0.658869395711501,1,0.7125103189884899,0.708037297598816,0.658869395711501,logistic
2015_07_HOU_MIA,2015,7,2015-10-25,MIA,HOU,4.5,46.5,0.6691291228800332,1,0.6546259521878247,0.6531116904156249,0.6691291228800332,logistic
2015_07_NYJ_NE,2015,7,2015-10-25,NE,NYJ,7.0,47.0,0.7319034852546917,1,0.7354645193684254,0.7299447973222137,0.7319034852546917,logistic
2015_07_DAL_NYG,2015,7,2015-10-25,NYG,DAL,3.0,44.5,0.5933014354066986,1,0.590587381079529,0.5926720870138358,0.5933014354066986,logistic
2015_07_OAK_SD,2015,7,2015-10-25,SD,OAK,3.5,48.0,0.6397067958752639,0,0.524296085442582,0.5302105460876723,0.6397067958752639,logistic
2015_07_CLE_STL,2015,7,2015-10-25,STL,CLE,6.5,43.5,0.7163206180589087,1,0.7744892632420988,0.7674192725287037,0.7163206180589087,logistic
2015_07_ATL_TEN,2015,7,2015-10-25,TEN,ATL,-5.5,45.5,0.3199224430441105,0,0.3204667507538735,0.33620076862986736,0.3199224430441105,logistic
2015_07_TB_WAS,2015,7,2015-10-25,WAS,TB,3.0,42.0,0.5860927152317882,1,0.5735360263597313,0.5766056537618013,0.5860927152317882,logistic
2015_07_BAL_ARI,2015,7,2015-10-26,ARI,BAL,10.0,49.5,0.8003561215129767,1,0.8812472413413208,0.8722529198691155,0.8003561215129767,logistic
2015_08_MIA_NE,2015,8,2015-10-29,NE,MIA,8.0,51.0,0.7901049475262368,1,0.7874289430801772,0.7799219639452425,0.7901049475262368,logistic
2015_08_TB_ATL,2015,8,2015-11-01,ATL,TB,8.0,47.5,0.7810858143607706,0,0.7705861264439149,0.7636561483230054,0.7810858143607706,logistic
2015_08_SD_BAL,2015,8,2015-11-01,BAL,SD,4.5,50.0,0.658869395711501,1,0.6599307178304329,0.6581303619009227,0.658869395711501,logistic
2015_08_MIN_CHI,2015,8,2015-11-01,CHI,MIN,-1.0,43.5,0.47377843762281124,0,0.45587415533800246,0.46559210081199637,0.47377843762281124,logistic
2015_08_ARI_CLE,2015,8,2015-11-01,CLE,ARI,-7.0,46.0,0.26311037738282556,0,0.24910671988424382,0.26653189729735804,0.26311037738282556,logistic
2015_08_SEA_DAL,2015,8,2015-11-01,DAL,SEA,-4.5,41.5,0.341130604288499,0,0.38344019775702304,0.3967231996969662,0.341130604288499,logistic
2015_08_GB_DEN,2015,8,2015-11-01,DEN,GB,-2.5,46.0,0.4433028919330289,1,0.42076345607766347,0.43228834003984873,0.4433028919330289,logistic
2015_08_TEN_HOU,2015,8,2015-11-01,HOU,TEN,3.5,43.0,0.6332518337408314,1,0.6076941304392872,0.6087978237186458,0.6332518337408314,logistic
2015_08_DET_KC,2015,8,2015-11-01,KC,DET,3.0,45.0,0.6143408084559349,1,0.44549145971097137,0.45575683267253264,0.6143408084559349,logistic
2015_08_NYG_NO,2015,8,2015-11-01,NO,NYG,3.0,51.5,0.6108836002739845,1,0.6113456826796376,0.6122413184333482,0.6108836002739845,logistic
2015_08_NYJ_OAK,2015,8,2015-11-01,OAK,NYJ,-3.0,43.5,0.3856591915440651,1,0.4178595511104782,0.4295278077271937,0.3856591915440651,logistic
2015_08_CIN_PIT,2015,8,2015-11-01,PIT,CIN,1.0,49.0,0.5262215623771888,0,0.40284118022863397,0.415234000921528,0.5262215623771888,logistic
2015_08_SF_STL,2015,8,2015-11-01,STL,SF,8.0,41.0,0.7810858143607706,1,0.7754917775607816,0.768386420108796,0.7810858143607706,logistic
2015_08_IND_CAR,2015,8,2015-11-02,CAR,IND,5.0,44.5,0.6712553934662009,1,0.6891050555126331,0.685780808958663,0.6712553934662009,logistic
2015_09_CLE_CIN,2015,9,2015-11-05,CIN,CLE,13.0,45.5,0.8733924168721262,1,0.8849623423386571,0.8759906826270198,0.8733924168721262,logistic
2015_09_MIA_BUF,2015,9,2015-11-08,BUF,MIA,4.0,44.0,0.6527218785216531,1,0.6355968525006533,0.6351273697299609,0.6527218785216531,logistic
2015_09_GB_CAR,2015,9,2015-11-08,CAR,GB,-2.0,45.5,0.4672897196261682,1,0.40828903366642666,0.42042239935716863,0.4672897196261682,logistic
2015_09_PHI_DAL,2015,9,2015-11-08,DAL,PHI,-3.0,43.5,0.3920988384996671,0,0.3777154526773881,0.3912503473991129,0.3920988384996671,logistic
2015_09_DEN_IND,2015,9,2015-11-08,IND,DEN,-3.5,45.0,0.3856591915440651,1,0.35536668310957836,0.36983306688018086,0.3856591915440651,logistic
2015_09_STL_MIN,2015,9,2015-11-08,MIN,STL,2.0,40.0,0.537852568752202,1,0.5430485109938616,0.5478832717391339,0.537852568752202,logistic
2015_09_WAS_NE,2015,9,2015-11-08,NE,WAS,13.5,51.5,0.8948106591865358,1,0.8865403668418096,0.8775808005674983,0.8948106591865358,logistic
2015_09_TEN_NO,2015,9,2015-11-08,NO,TEN,7.0,50.0,0.7319034852546917,0,0.7396888855376698,0.7339864341105174,0.7319034852546917,logistic
2015_09_JAX_NYJ,2015,9,2015-11-08,NYJ,JAX,7.5,42.0,0.7516485398646913,1,0.7290579288532507,0.7238214630649086,0.7516485398646913,logistic
2015_09_OAK_PIT,2015,9,2015-11-08,PIT,OAK,6.0,47.5,0.7050630837293135,1,0.7280285234094405,0.722838239228149,0.7050630837293135,logistic
2015_09_ATL_SF,2015,9,2015-11-08,SF,ATL,-9.5,43.5,0.21170914420649786,1,0.1701542533087484,0.18748326392255632,0.21170914420649786,logistic
2015_09_NYG_TB,2015,9,2015-11-08,TB,NYG,-1.5,49.0,0.478202846975089,0,0.45415985010879867,0.4639688685990674,0.478202846975089,logistic
2015_09_CHI_SD,2015,9,2015-11-09,SD,CHI,3.5,49.0,0.6261005910022917,0,0.6452774545614617,0.6442730693476311,0.6261005910022917,logistic
2015_10_BUF_NYJ,2015,10,2015-11-12,NYJ,BUF,2.5,41.5,0.5440238883060285,0,0.5752539967936889,0.5782241948555782,0.5440238883060285,logistic
2015_10_JAX_BAL,2015,10,2015-11-15,BAL,JAX,4.0,47.0,0.658869395711501,0,0.6704250347099051,0.6680663161360133,0.658869395711501,logistic
2015_10_KC_DEN,2015,10,2015-11-15,DEN,KC,4.0,42.0,0.6527218785216531,0,0.5712526133748084,0.5744544381912018,0.6527218785216531,logistic
2015_10_DET_GB,2015,10,2015-11-15,GB,DET,10.5,50.0,0.8348057171586584,0,0.7598022842461074,0.7532775821167194,0.8348057171586584,logistic
2015_10_NE_NYG,2015,10,2015-11-15,NYG,NE,-7.0,52.5,0.2562225475841874,0,0.2561995991474919,0.27352090896556014,0.2562225475841874,logistic
2015_10_MIN_OAK,2015,10,2015-11-15,OAK,MIN,3.0,44.0,0.6063931297709924,0,0.5855018625107855,0.5878797759540195,0.6063931297709924,logistic
2015_10_MIA_PHI,2015,10,2015-11-15,PHI,MIA,5.5,49.0,0.6800775569558896,0,0.6797641900939192,0.6769178965549114,0.6800775569558896,logistic
2015_10_CLE_PIT,2015,10,2015-11-15,PIT,CLE,7.0,43.5,0.7368896226171744,1,0.6658019365535789,0.6636878963443232,0.7368896226171744,logistic
2015_10_ARI_SEA,2015,10,2015-11-15,SEA,ARI,3.0,43.5,0.5860927152317882,0,0.5828067298080477,0.5853402473076152,0.5860927152317882,logistic
2015_10_CHI_STL,2015,10,2015-11-15,STL,CHI,7.5,42.0,0.7697759087280727,0,0.7752155287228767,0.76811989222377,0.7697759087280727,logistic
2015_10_DAL_TB,2015,10,2015-11-15,TB,DAL,-1.0,43.5,0.49070156678599663,1,0.4446065818219864,0.45491813588107843,0.49070156678599663,logistic
2015_10_CAR_TEN,2015,10,2015-11-15,TEN,CAR,-3.5,42.5,0.35488721804511275,0,0.39275326281089107,0.40561576476668926,0.35488721804511275,logistic
2015_10_NO_WAS,2015,10,2015-11-15,WAS,NO,-1.0,52.0,0.4827086071703758,1,0.48688086899993377,0.49491065108342996,0.4827086071703758,logistic
2015_10_HOU_CIN,2015,10,2015-11-16,CIN,HOU,10.0,46.5,0.8047945205479452,0,0.818870287519073,0.8104980991516271,0.8047945205479452,logistic
2015_11_TEN_JAX,2015,11,2015-11-19,JAX,TEN,3.0,41.5,0.5697382574399427,1,0.5619423983068002,0.5656835319078071,0.5697382574399427,logistic
2015_11_CIN_ARI,2015,11,2015-11-22,ARI,CIN,4.0,48.0,0.6499689771835965,1,0.6887773214461796,0.6854696698490255,0.6499689771835965,logistic
2015_11_IND_ATL,2015,11,2015-11-22,ATL,IND,3.5,47.5,0.6274614156466205,0,0.7046865469818271,0.70058916394514,0.6274614156466205,logistic
2015_11_STL_BAL,2015,11,2015-11-22,BAL,STL,3.0,41.0,0.5844112492697988,1,0.5987301868282187,0.60034677247964,0.5844112492697988,logistic
2015_11_WAS_CAR,2015,11,2015-11-22,CAR,WAS,7.0,44.0,0.741037721131946,1,0.7185829429034997,0.7138246655227038,0.741037721131946,logistic
2015_11_DEN_CHI,2015,11,2015-11-22,CHI,DEN,-2.5,41.5,0.46214743124779806,0,0.48817924112333766,0.4961368412225959,0.46214743124779806,logistic
2015_11_OAK_DET,2015,11,2015-11-22,DET,OAK,-2.0,50.0,0.453954604539546,1,0.44168152763895546,0.4521451854523575,0.453954604539546,logistic
2015_11_NYJ_HOU,2015,11,2015-11-22,HOU,NYJ,-4.0,40.0,0.3500310228164034,1,0.3011507248828029,0.3174734511323051,0.3500310228164034,logistic
2015_11_DAL_MIA,2015,11,2015-11-22,MIA,DAL,-2.5,45.0,0.44139283962726833,0,0.4722756210734544,0.48110963970888593,0.44139283962726833,logistic
2015_11_GB_MIN,2015,11,2015-11-22,MIN,GB,-1.0,45.0,0.4827086071703758,0,0.4411293010837829,0.45162157843421574,0.4827086071703758,logistic
2015_11_TB_PHI,2015,11,2015-11-22,PHI,TB,7.0,46.0,0.73621103117506,0,0.6811506467882416,0.6782327753622645,0.73621103117506,logistic
2015_11_KC_SD,2015,11,2015-11-22,SD,KC,-3.0,45.5,0.38764174959500114,0,0.36453417164100926,0.3786288308567034,0.38764174959500114,logistic
2015_11_SF_SEA,2015,11,2015-11-22,SEA,SF,14.0,40.0,0.8923742788383813,1,0.8539406260759216,0.8450062498541447,0.8923742788383813,logistic
2015_11_BUF_NE,2015,11,2015-11-23,NE,BUF,7.0,47.5,0.7566244633432689,1,0.7546173637660317,0.7482966927998446,0.7566244633432689,logistic
2015_12_CAR_DAL,2015,12,2015-11-26,DAL,CAR,-1.0,44.5,0.4827086071703758,0,0.5298594874613965,0.5354545501999669,0.4827086071703758,logistic
2015_12_PHI_DET,2015,12,2015-11-26,DET,PHI,3.0,46.5,0.5860927152317882,1,0.5838603464350094,0.5863330171041149,0.5860927152317882,logistic
2015_12_CHI_GB,2015,12,2015-11-26,GB,CHI,7.5,45.0,0.7849371679176859,0,0.7546076974409665,0.7482874121953144,0.7849371679176859,logistic
2015_12_MIN_ATL,2015,12,2015-11-29,ATL,MIN,2.0,45.0,0.5480494766888677,0,0.562450887882187,0.5661625611613066,0.5480494766888677,logistic
2015_12_STL_CIN,2015,12,2015-11-29,CIN,STL,10.5,42.0,0.7882908557935022,1,0.8124079592946691,0.8041886335522497,0.7882908557935022,logistic
2015_12_NE_DEN,2015,12,2015-11-29,DEN,NE,-2.5,43.0,0.4433028919330289,1,0.4203923589195142,0.43193562145462866,0.4433028919330289,logistic
2015_12_NO_HOU,2015,12,2015-11-29,HOU,NO,3.5,50.5,0.6487671491207393,1,0.5381726395472692,0.5432889098702558,0.6487671491207393,logistic
2015_12_TB_IND,2015,12,2015-11-29,IND,TB,3.0,46.5,0.556697108066971,1,0.5715993835156707,0.574781129420999,0.556697108066971,logistic
2015_12_SD_JAX,2015,12,2015-11-29,JAX,SD,5.0,47.0,0.690978748012144,0,0.6987694480099212,0.6949618985442956,0.690978748012144,logistic
2015_12_BUF_KC,2015,12,2015-11-29,KC,BUF,4.5,41.0,0.6691291228800332,1,0.6992134703563048,0.6953840066745708,0.6691291228800332,logistic
2015_12_MIA_NYJ,2015,12,2015-11-29,NYJ,MIA,4.5,44.0,0.664461906242295,1,0.6568655213526357,0.6552301771376927,0.664461906242295,logistic
2015_12_PIT_SEA,2015,12,2015-11-29,SEA,PIT,3.0,46.5,0.5679213219076544,1,0.666828380363318,0.6646598342397767,0.5679213219076544,logistic
2015_12_ARI_SF,2015,12,2015-11-29,SF,ARI,-7.5,45.0,0.23358617571708445,0,0.21244273226112076,0.23013229053790835,0.23358617571708445,logistic
2015_12_OAK_TEN,2015,12,2015-11-29,TEN,OAK,-1.0,45.0,0.48044542229805576,0,0.562153313791291,0.5658822276049448,0.48044542229805576,logistic
2015_12_NYG_WAS,2015,12,2015-11-29,WAS,NYG,-1.0,47.5,0.49070156678599663,1,0.44344495852416643,0.45381701954048315,0.49070156678599663,logistic
2015_12_BAL_CLE,2015,12,2015-11-30,CLE,BAL,6.0,41.0,0.7050630837293135,0,0.7088768667712588,0.7045771898059503,0.7050630837293135,logistic
2015_13_GB_DET,2015,13,2015-12-03,DET,GB,-2.5,46.0,0.46516522837297414,0,0.3869738655167291,0.4000988492451065,0.46516522837297414,logistic
2015_13_HOU_BUF,2015,13,2015-12-06,BUF,HOU,3.0,42.0,0.5740354444580784,1,0.6248071156350681,0.6249410343058762,0.5740354444580784,logistic
2015_13_SF_CHI,2015,13,2015-12-06,CHI,SF,6.0,43.0,0.6969696969696969,0,0.7454982976512117,0.7395500332814023,0.6969696969696969,logistic
2015_13_CIN_CLE,2015,13,2015-12-06,CLE,CIN,-7.5,44.0,0.2562225475841874,0,0.16573529136620943,0.18297845771943141,0.2562225475841874,logistic
2015_13_BAL_MIA,2015,13,2015-12-06,MIA,BAL,3.5,43.0,0.6186511705872493,1,0.5767255340019243,0.5796105908136172,0.6186511705872493,logistic
2015_13_SEA_MIN,2015,13,2015-12-06,MIN,SEA,-2.5,43.0,0.4224502112251056,0,0.40943599967074473,0.42151424117275366,0.4224502112251056,logistic
2015_13_PHI_NE,2015,13,2015-12-06,NE,PHI,9.5,49.5,0.7882908557935022,0,0.8114884829781062,0.8032920208313579,0.7882908557935022,logistic
2015_13_CAR_NO,2015,13,2015-12-06,NO,CAR,-5.5,50.5,0.3242703916188576,0,0.30439309367716455,0.32062314528096253,0.3242703916188576,logistic
2015_13_NYJ_NYG,2015,13,2015-12-06,NYG,NYJ,-2.0,45.5,0.46214743124779806,0,0.3901601584795721,0.40314104214552576,0.46214743124779806,logistic
2015_13_KC_OAK,2015,13,2015-12-06,OAK,KC,-3.0,45.5,0.4050889296790936,0,0.3791882521833911,0.39265883571738786,0.4050889296790936,logistic
2015_13_IND_PIT,2015,13,2015-12-06,PIT,IND,10.0,50.5,0.7987191216834401,1,0.8077348691362679,0.7996345427174537,0.7987191216834401,logistic
2015_13_DEN_SD,2015,13,2015-12-06,SD,DEN,-6.0,45.0,0.3199224430441105,0,0.25658337473463116,0.27389861428267787,0.3199224430441105,logistic
2015_13_ARI_STL,2015,13,2015-12-06,STL,ARI,-3.5,43.0,0.37253858435337944,0,0.3754808970541386,0.38911270277653803,0.37253858435337944,logistic
2015_13_ATL_TB,2015,13,2015-12-06,TB,ATL,1.0,46.5,0.521797153024911,1,0.4268987386662243,0.4381174217165875,0.521797153024911,logistic
2015_13_JAX_TEN,2015,13,2015-12-06,TEN,JAX,3.0,43.5,0.5679213219076544,1,0.5797842444043866,0.5824924159143893,0.5679213219076544,logistic
2015_13_DAL_WAS,2015,13,2015-12-07,WAS,DAL,2.0,43.0,0.5305667495498585,0,0.6536188734049446,0.6521591983113183,0.5305667495498585,logistic
2015_14_MIN_ARI,2015,14,2015-12-10,ARI,MIN,10.0,46.5,0.7987191216834401,1,0.8202592063070313,0.8118559937890165,0.7987191216834401,logistic
2015_14_SEA_BAL,2015,14,2015-12-13,BAL,SEA,-10.5,42.0,0.2081124592610044,0,0.1507875420833353,0.16766372259254,0.2081124592610044,logistic
2015_14_ATL_CAR,2015,14,2015-12-13,CAR,ATL,8.5,45.5,0.768632470217584,1,0.7050276761554295,0.7009137312159607,0.768632470217584,logistic
2015_14_WAS_CHI,2015,14,2015-12-13,CHI,WAS,4.0,42.5,0.658869395711501,0,0.6025328746098544,0.603931534366431,0.658869395711501,logistic
2015_14_PIT_CIN,2015,14,2015-12-13,CIN,PIT,1.0,49.0,0.5046466242274987,0,0.5074885861480963,0.5143613950612338,0.5046466242274987,logistic
2015_14_SF_CLE,2015,14,2015-12-13,CLE,SF,2.5,43.0,0.5539593349939177,1,0.48107755626421717,0.4894286476924767,0.5539593349939177,logistic
2015_14_OAK_DEN,2015,14,2015-12-13,DEN,OAK,6.0,43.0,0.7086409898223908,0,0.6770768901498707,0.6743699389549996,0.7086409898223908,logistic
2015_14_DAL_GB,2015,14,2015-12-13,GB,DAL,6.0,43.0,0.7137404580152672,1,0.7156231060161147,0.7110031544353576,0.7137404580152672,logistic
2015_14_NE_HOU,2015,14,2015-12-13,HOU,NE,-4.0,46.0,0.34727812147834686,0,0.3498950652597094,0.36457605457566267,0.34727812147834686,logistic
2015_14_IND_JAX,2015,14,2015-12-13,JAX,IND,1.0,45.5,0.5172913928296243,1,0.4896044540019182,0.4974827006453881,0.5172913928296243,logistic
2015_14_SD_KC,2015,14,2015-12-13,KC,SD,11.5,42.0,0.832570049736544,1,0.8366020738614524,0.8278855761940024,0.832570049736544,logistic
2015_14_TEN_NYJ,2015,14,2015-12-13,NYJ,TEN,8.0,43.0,0.75416247625433,1,0.7496787421118728,0.7435576638311545,0.75416247625433,logistic
2015_14_BUF_PHI,2015,14,2015-12-13,PHI,BUF,1.0,48.0,0.5172913928296243,1,0.518716650915394,0.5249504382837761,0.5172913928296243,logistic
2015_14_DET_STL,2015,14,2015-12-13,STL,DET,-3.0,41.5,0.4066985645933015,1,0.3760731130482217,0.3896793131437069,0.4066985645933015,logistic
2015_14_NO_TB,2015,14,2015-12-13,TB,NO,6.0,52.0,0.6949182345700721,0,0.6136079616385879,0.6143749816766355,0.6949182345700721,logistic
2015_14_NYG_MIA,2015,14,2015-12-14,MIA,NYG,-2.5,47.5,0.46214743124779806,0,0.44348527877440747,0.4538552418216498,0.46214743124779806,logistic
2015_15_TB_STL,2015,15,2015-12-17,STL,TB,1.0,41.0,0.5,1,0.5837617337938283,0.5862400985367243,0.5,logistic
2015_15_NYJ_DAL,2015,15,2015-12-19,DAL,NYJ,-3.0,41.0,0.4116032928263426,0,0.354296491817095,0.36880528544945046,0.4116032928263426,logistic
2015_15_KC_BAL,2015,15,2015-12-20,BAL,KC,-6.5,41.0,0.2949369162706865,0,0.2905684409248527,0.3071754555373962,0.2949369162706865,logistic
2015_15_HOU_IND,2015,15,2015-12-20,IND,HOU,2.5,42.0,0.556697108066971,0,0.5950276748117571,0.5968568834616738,0.556697108066971,logistic
2015_15_ATL_JAX,2015,15,2015-12-20,JAX,ATL,2.0,47.5,0.5419847328244275,0,0.5040228009542124,0.5110917460659248,0.5419847328244275,logistic
2015_15_CHI_MIN,2015,15,2015-12-20,MIN,CHI,4.0,43.5,0.6463391320971134,1,0.6688625312415096,0.6665862720481036,0.6463391320971134,logistic
2015_15_TEN_NE,2015,15,2015-12-20,NE,TEN,14.5,48.0,0.887410440122825,1,0.8796623557531978,0.8706607937206533,0.887410440122825,logistic
2015_15_CAR_NYG,2015,15,2015-12-20,NYG,CAR,-4.5,46.5,0.341130604288499,0,0.32504858706381634,0.3406305122001508,0.341130604288499,logistic
2015_15_GB_OAK,2015,15,2015-12-20,OAK,GB,-4.0,47.0,0.34727812147834686,0,0.3142263167724005,0.3301599845024778,0.34727812147834686,logistic
2015_15_ARI_PHI,2015,15,2015-12-20,PHI,ARI,-3.5,50.5,0.3813488294127508,0,0.40517527375628687,0.4174574177273456,0.3813488294127508,logistic
2015_15_DEN_PIT,2015,15,2015-12-20,PIT,DEN,7.5,45.5,0.7566244633432689,1,0.7395122394109108,0.7338173628315569,0.7566244633432689,logistic
2015_15_MIA_SD,2015,15,2015-12-20,SD,MIA,1.0,46.5,0.5,1,0.4718482968988068,0.48070561770174686,0.5,logistic
2015_15_CLE_SEA,2015,15,2015-12-20,SEA,CLE,14.5,45.0,0.887410440122825,1,0.8924209891119717,0.8835199345223076,0.887410440122825,logistic
2015_15_CIN_SF,2015,15,2015-12-20,SF,CIN,-7.0,41.0,0.26967543847731873,0,0.26709894018491553,0.28423042145497407,0.26967543847731873,logistic
2015_15_BUF_WAS,2015,15,2015-12-20,WAS,BUF,-2.5,46.0,0.46214743124779806,1,0.4338534755376994,0.4447198792653776,0.46214743124779806,logistic
2015_15_DET_NO,2015,15,2015-12-21,NO,DET,2.5,52.0,0.5399277029247453,0,0.5774916792225528,0.5803324181482538,0.5399277029247453,logistic
2015_16_SD_OAK,2015,16,2015-12-24,OAK,SD,4.0,45.0,0.6527218785216531,1,0.5982454356505502,0.599889835363467,0.6527218785216531,logistic
2015_16_WAS_PHI,2015,16,2015-12-26,PHI,WAS,3.5,48.0,0.6397067958752639,0,0.5433197449029676,0.548138833613755,0.6397067958752639,logistic
2015_16_GB_ARI,2015,16,2015-12-27,ARI,GB,6.0,50.0,0.6958254667505769,1,0.7106532864433915,0.7062686163492311,0.6958254667505769,logistic
2015_16_CAR_ATL,2015,16,2015-12-27,ATL,CAR,-7.0,45.5,0.28787053606161983,1,0.2576276001369321,0.27492609238298393,0.28787053606161983,logistic
2015_16_PIT_BAL,2015,16,2015-12-27,BAL,PIT,-11.0,47.5,0.17400615714094497,1,0.1306544550554855,0.14683195904197976,0.17400615714094497,logistic
2015_16_DAL_BUF,2015,16,2015-12-27,BUF,DAL,6.5,42.0,0.7050630837293135,1,0.739942374602142,0.7342290633961925,0.7050630837293135,logistic
2015_16_SF_DET,2015,16,2015-12-27,DET,SF,8.5,42.5,0.7810858143607706,1,0.771741963388032,0.7647701425207993,0.7810858143607706,logistic
2015_16_CLE_KC,2015,16,2015-12-27,KC,CLE,11.5,42.5,0.825993842859055,1,0.8334604227692364,0.8247964560550135,0.825993842859055,logistic
2015_16_IND_MIA,2015,16,2015-12-27,MIA,IND,2.5,44.0,0.556697108066971,0,0.5092141203601055,0.5159890703369591,0.556697108066971,logistic
2015_16_NYG_MIN,2015,16,2015-12-27,MIN,NYG,7.0,44.5,0.7353719494266393,1,0.7343842490511099,0.7289117784379856,0.7353719494266393,logistic
2015_16_JAX_NO,2015,16,2015-12-27,NO,JAX,2.5,52.5,0.5520062329567589,1,0.5172553661208659,0.5235726049362369,0.5520062329567589,logistic
2015_16_NE_NYJ,2015,16,2015-12-27,NYJ,NE,-2.5,45.5,0.44139283962726833,1,0.38900859028257495,0.40204172833021773,0.44139283962726833,logistic
2015_16_STL_SEA,2015,16,2015-12-27,SEA,STL,11.0,42.0,0.8316708229426435,0,0.8463239729487887,0.8374697603871498,0.8316708229426435,logistic
2015_16_CHI_TB,2015,16,2015-12-27,TB,CHI,3.0,44.0,0.6261005910022917,0,0.5856995634054342,0.5880660680065045,0.6261005910022917,logistic
2015_16_HOU_TEN,2015,16,2015-12-27,TEN,HOU,-3.5,39.0,0.3856591915440651,0,0.31151562078047634,0.3275332515235425,0.3856591915440651,logistic
2015_16_CIN_DEN,2015,16,2015-12-28,DEN,CIN,3.5,39.0,0.6332518337408314,1,0.623685717904162,0.6238827393743798,0.6332518337408314,logistic
2015_17_SEA_ARI,2015,17,2016-01-03,ARI,SEA,6.0,46.5,0.6840292887820937,0,0.6862214894276476,0.6830436979539405,0.6840292887820937,logistic
2015_17_NO_ATL,2015,17,2016-01-03,ATL,NO,6.0,53.5,0.6958254667505769,0,0.6721057184456787,0.6696585792585777,0.6958254667505769,logistic
2015_17_NYJ_BUF,2015,17,2016-01-03,BUF,NYJ,-2.5,41.0,0.4224502112251056,1,0.37363092975984163,0.3873423555413542,0.4224502112251056,logistic
2015_17_TB_CAR,2015,17,2016-01-03,CAR,TB,10.0,44.0,0.7816384942625731,1,0.7710043359841273,0.7640591814819635,0.7816384942625731,logistic
2015_17_DET_CHI,2015,17,2016-01-03,CHI,DET,-2.5,45.0,0.4600722970752547,0,0.3912519387663465,0.40418310006195496,0.4600722970752547,logistic
2015_17_BAL_CIN,2015,17,2016-01-03,CIN,BAL,10.0,40.5,0.7729422894985808,1,0.7833423057608275,0.7759686807207701,0.7729422894985808,logistic
2015_17_PIT_CLE,2015,17,2016-01-03,CLE,PIT,-13.0,47.0,0.16324626865671643,0,0.10062858832805942,0.11525143796357902,0.16324626865671643,logistic
2015_17_WAS_DAL,2015,17,2016-01-03,DAL,WAS,3.0,41.0,0.6108836002739845,0,0.5807583086686001,0.5834101780059681,0.6108836002739845,logistic
2015_17_SD_DEN,2015,17,2016-01-03,DEN,SD,10.0,42.0,0.8019661928000565,1,0.7767017510902194,0.7695540371247351,0.8019661928000565,logistic
2015_17_MIN_GB,2015,17,2016-01-03,GB,MIN,3.0,44.0,0.5810079557598683,0,0.5579460208034421,0.5619186795098546,0.5810079557598683,logistic
2015_17_JAX_HOU,2015,17,2016-01-03,HOU,JAX,5.0,45.0,0.6712553934662009,1,0.59874525900169,0.6003609799597817,0.6712553934662009,logistic
2015_17_TEN_IND,2015,17,2016-01-03,IND,TEN,3.5,39.0,0.6332518337408314,1,0.5017117745806343,0.508911182916814,0.6332518337408314,logistic
2015_17_OAK_KC,2015,17,2016-01-03,KC,OAK,6.5,43.5,0.7258155230596175,1,0.7473471986859774,0.7413220745333242,0.7258155230596175,logistic
2015_17_NE_MIA,2015,17,2016-01-03,MIA,NE,-10.0,46.5,0.2270577105014191,1,0.15255016212564626,0.16947600743967187,0.2270577105014191,logistic
2015_17_PHI_NYG,2015,17,2016-01-03,NYG,PHI,4.0,51.0,0.6527218785216531,0,0.5812475330947428,0.5838711301962167,0.6527218785216531,logistic
2015_17_STL_SF,2015,17,2016-01-03,SF,STL,-3.0,39.0,0.3966571791921516,1,0.3321686463153995,0.3475052642036345,0.3966571791921516,logistic
2015_18_PIT_CIN,2015,18,2016-01-09,CIN,PIT,-2.0,46.0,0.46943325045014145,0,0.38077487375003827,0.39417579168027944,0.46943325045014145,logistic
2015_18_KC_HOU,2015,18,2016-01-09,HOU,KC,-3.0,39.5,0.4259645555419216,0,0.35999149777578787,0.3742722208263291,0.4259645555419216,logistic
2015_18_SEA_MIN,2015,18,2016-01-10,MIN,SEA,-4.0,40.0,0.33444103612815274,0,0.37522503702315485,0.3888678877931514,0.33444103612815274,logistic
2015_18_GB_WAS,2015,18,2016-01-10,WAS,GB,2.0,47.0,0.5440238883060285,0,0.49377722380798617,0.501422438661746,0.5440238883060285,logistic
2015_19_GB_ARI,2015,19,2016-01-16,ARI,GB,7.0,49.0,0.7161241483724451,1,0.7217606510318262,0.7168554075852999,0.7161241483724451,logistic
2015_19_KC_NE,2015,19,2016-01-16,NE,KC,6.0,44.0,0.7050630837293135,1,0.6803304514451631,0.6774548978124384,0.7050630837293135,logistic
2015_19_SEA_CAR,2015,19,2016-01-17,CAR,SEA,2.5,41.5,0.5775497887748944,1,0.5990182605511071,0.600618320602675,0.5775497887748944,logistic
2015_19_PIT_DEN,2015,19,2016-01-17,DEN,PIT,7.0,41.5,0.7258155230596175,1,0.6308560519148245,0.6306508218157149,0.7258155230596175,logistic
2015_20_ARI_CAR,2015,20,2016-01-24,CAR,ARI,3.5,47.0,0.6172970557014359,1,0.5995040939485226,0.6010762897244311,0.6172970557014359,logistic
2015_20_NE_DEN,2015,20,2016-01-24,DEN,NE,-2.5,45.0,0.4519505233111322,1,0.35315778244315815,0.36771147021388,0.4519505233111322,logistic
2015_21_CAR_DEN,2015,21,2016-02-07,DEN,CAR,-4.5,43.0,0.3399975793052606,1,0.1307340673402471,0.14691483543747003,0.3399975793052606,logistic
2016_01_CAR_DEN,2016,1,2016-09-08,DEN,CAR,-3.0,40.5,0.413907284768212,1,0.35002342811675075,0.38958146989918396,0.413907284768212,logistic
2016_01_NE_ARI,2016,1,2016-09-11,ARI,NE,9.0,44.5,0.7729422894985808,0,0.8119786388389394,0.7326532983626463,0.7729422894985808,logistic
2016_01_TB_ATL,2016,1,2016-09-11,ATL,TB,2.5,46.5,0.556697108066971,0,0.6076974533842839,0.5721144621293566,0.556697108066971,logistic
2016_01_BUF_BAL,2016,1,2016-09-11,BAL,BUF,3.0,44.5,0.6108836002739845,1,0.5527274375642933,0.5330346433835905,0.6108836002739845,logistic
2016_01_NYG_DAL,2016,1,2016-09-11,DAL,NYG,1.0,47.5,0.5172913928296243,0,0.5223942131655039,0.5117216551811811,0.5172913928296243,logistic
2016_01_CHI_HOU,2016,1,2016-09-11,HOU,CHI,5.5,43.0,0.685002350728726,1,0.7116145931617956,0.6493941858232924,0.685002350728726,logistic
2016_01_DET_IND,2016,1,2016-09-11,IND,DET,2.5,51.5,0.5775497887748944,0,0.5567322899074517,0.5358583832995655,0.5775497887748944,logistic
2016_01_GB_JAX,2016,1,2016-09-11,JAX,GB,-3.5,47.0,0.3738994089977084,0,0.37337720708445415,0.4065489890252641,0.3738994089977084,logistic
2016_01_SD_KC,2016,1,2016-09-11,KC,SD,6.5,45.5,0.7161241483724451,1,0.7736365981481723,0.6993841621226604,0.7161241483724451,logistic
2016_01_OAK_NO,2016,1,2016-09-11,NO,OAK,2.5,50.0,0.5810079557598683,0,0.6535317702282084,0.6054779778878553,0.5810079557598683,logistic
2016_01_CIN_NYJ,2016,1,2016-09-11,NYJ,CIN,1.0,42.0,0.5262215623771888,0,0.5521732174573032,0.5326440916670705,0.5262215623771888,logistic
2016_01_CLE_PHI,2016,1,2016-09-11,PHI,CLE,3.5,41.0,0.6274614156466205,1,0.5979097391711279,0.5650956550957565,0.6274614156466205,logistic
2016_01_MIA_SEA,2016,1,2016-09-11,SEA,MIA,10.5,43.5,0.8133748055987559,1,0.8707022565427047,0.7890301918807756,0.8133748055987559,logistic
2016_01_MIN_TEN,2016,1,2016-09-11,TEN,MIN,-2.5,40.0,0.453954604539546,0,0.41327575870739136,0.43508415687021346,0.453954604539546,logistic
2016_01_LA_SF,2016,1,2016-09-12,SF,LA,-2.5,44.0,0.4559761116939714,1,0.40649748521014906,0.43026926731983123,0.4559761116939714,logistic
2016_01_PIT_WAS,2016,1,2016-09-12,WAS,PIT,-2.5,49.0,0.44139283962726833,0,0.4184749484982009,0.4387697814084115,0.44139283962726833,logistic
2016_02_NYJ_BUF,2016,2,2016-09-15,BUF,NYJ,1.5,40.5,0.5419847328244275,0,0.5937545496499639,0.5621251635643068,0.5419847328244275,logistic
2016_02_TB_ARI,2016,2,2016-09-18,ARI,TB,7.5,49.5,0.7490809359864622,1,0.828564087477638,0.7478007691301944,0.7490809359864622,logistic
2016_02_SF_CAR,2016,2,2016-09-18,CAR,SF,12.0,44.5,0.8223315566488998,1,0.8910114797185572,0.8107411197541451,0.8223315566488998,logistic
2016_02_BAL_CLE,2016,2,2016-09-18,CLE,BAL,-4.0,42.0,0.360293204124736,0,0.3028898019170035,0.3545019697640041,0.360293204124736,logistic
2016_02_IND_DEN,2016,2,2016-09-18,DEN,IND,5.0,47.0,0.674698795180723,1,0.6347404523051557,0.5916891769243982,0.674698795180723,logistic
2016_02_TEN_DET,2016,2,2016-09-18,DET,TEN,6.0,48.0,0.7050630837293135,0,0.7273975512098533,0.6617555994460622,0.7050630837293135,logistic
2016_02_KC_HOU,2016,2,2016-09-18,HOU,KC,-1.0,41.5,0.4953533757725013,1,0.5707631599033914,0.5457754354717396,0.4953533757725013,logistic
2016_02_SEA_LA,2016,2,2016-09-18,LA,SEA,-5.5,38.0,0.3149976492712741,1,0.25086257051687416,0.31397393703064264,0.3149976492712741,logistic
2016_02_GB_MIN,2016,2,2016-09-18,MIN,GB,-1.5,43.0,0.46943325045014145,1,0.45980354753811237,0.4678862731391943,0.46943325045014145,logistic
2016_02_MIA_NE,2016,2,2016-09-18,NE,MIA,5.5,42.0,0.6800775569558896,1,0.6632980624793864,0.612715128854744,0.6800775569558896,logistic
2016_02_NO_NYG,2016,2,2016-09-18,NYG,NO,3.5,54.0,0.6397067958752639,1,0.5720615672574761,0.546695250468635,0.6397067958752639,logistic
2016_02_ATL_OAK,2016,2,2016-09-18,OAK,ATL,4.0,47.5,0.6451127819548872,0,0.5868492930083211,0.5571999384463018,0.6451127819548872,logistic
2016_02_CIN_PIT,2016,2,2016-09-18,PIT,CIN,3.0,48.0,0.6033428208078484,1,0.6774654322391316,0.6233100866689666,0.6033428208078484,logistic
2016_02_JAX_SD,2016,2,2016-09-18,SD,JAX,3.0,47.5,0.5775497887748944,1,0.6457653357480769,0.5997583832019132,0.5775497887748944,logistic
2016_02_DAL_WAS,2016,2,2016-09-18,WAS,DAL,3.5,47.0,0.6332518337408314,0,0.5416408831191685,0.5252312699108916,0.6332518337408314,logistic
2016_02_PHI_CHI,2016,2,2016-09-19,CHI,PHI,3.0,42.5,0.6002460024600246,0,0.5840330541196144,0.5551950614608939,0.6002460024600246,logistic
2016_03_HOU_NE,2016,3,2016-09-22,NE,HOU,1.0,38.5,0.5262215623771888,1,0.5164239281918095,0.5075379632923175,0.5262215623771888,logistic
2016_03_ARI_BUF,2016,3,2016-09-25,BUF,ARI,-5.0,48.0,0.33087087711996666,1,0.33340883000369664,0.37735782082027536,0.33087087711996666,logistic
2016_03_MIN_CAR,2016,3,2016-09-25,CAR,MIN,6.0,43.0,0.7050630837293135,0,0.7844245496967178,0.7085266712423295,0.7050630837293135,logistic
2016_03_DEN_CIN,2016,3,2016-09-25,CIN,DEN,3.5,42.0,0.6314864248974542,0,0.6596093974314865,0.6099756231111144,0.6314864248974542,logistic
2016_03_CHI_DAL,2016,3,2016-09-25,DAL,CHI,6.5,45.0,0.7050630837293135,1,0.7554495596818444,0.6843042032118867,0.7050630837293135,logistic
2016_03_DET_GB,2016,3,2016-09-25,GB,DET,6.0,47.5,0.7050630837293135,1,0.6933528863588337,0.6353420027273603,0.7050630837293135,logistic
2016_03_SD_IND,2016,3,2016-09-25,IND,SD,1.5,51.5,0.5460453954604539,1,0.6556646654023222,0.6070541549370179,0.5460453954604539,logistic
2016_03_BAL_JAX,2016,3,2016-09-25,JAX,BAL,-1.0,45.0,0.478202846975089,0,0.4606445320883321,0.46847627187733365,0.478202846975089,logistic
2016_03_NYJ_KC,2016,3,2016-09-25,KC,NYJ,3.0,44.5,0.6093979441997063,1,0.6664285956936264,0.6150461115588416,0.6093979441997063,logistic
2016_03_CLE_MIA,2016,3,2016-09-25,MIA,CLE,10.0,42.0,0.7882908557935022,1,0.8258619578542745,0.745296948983612,0.7882908557935022,logistic
2016_03_WAS_NYG,2016,3,2016-09-25,NYG,WAS,3.5,47.0,0.6200671122327297,0,0.5509721305381748,0.5317978767922479,0.6200671122327297,logistic
2016_03_PIT_PHI,2016,3,2016-09-25,PHI,PIT,-3.5,46.5,0.360293204124736,1,0.42289944027267556,0.44190142494674256,0.360293204124736,logistic
2016_03_SF_SEA,2016,3,2016-09-25,SEA,SF,10.5,42.0,0.801195676184097,1,0.8338949154591458,0.752784179466962,0.801195676184097,logistic
2016_03_LA_TB,2016,3,2016-09-25,TB,LA,3.5,40.5,0.6186511705872493,0,0.5510322985796474,0.5318402619832042,0.6186511705872493,logistic
2016_03_OAK_TEN,2016,3,2016-09-25,TEN,OAK,-1.5,47.0,0.4672897196261682,0,0.4527157812489301,0.46291081600364237,0.4672897196261682,logistic
2016_03_ATL_NO,2016,3,2016-09-26,NO,ATL,2.5,54.0,0.5965083053348824,0,0.6560963956910995,0.6073734885173251,0.5965083053348824,logistic
2016_04_MIA_CIN,2016,4,2016-09-29,CIN,MIA,7.5,46.0,0.75416247625433,1,0.7971104124314168,0.7194872856381663,0.75416247625433,logistic
2016_04_LA_ARI,2016,4,2016-10-02,ARI,LA,10.0,43.5,0.7863656389496172,0,0.8467742091590347,0.7650802091523324,0.7863656389496172,logistic
2016_04_CAR_ATL,2016,4,2016-10-02,ATL,CAR,-2.5,48.5,0.43391066545123064,1,0.3882833168467396,0.41726812944014013,0.43391066545123064,logistic
2016_04_OAK_BAL,2016,4,2016-10-02,BAL,OAK,3.5,45.0,0.6332518337408314,0,0.673877254135732,0.6206153131523863,0.6332518337408314,logistic
2016_04_DET_CHI,2016,4,2016-10-02,CHI,DET,-3.0,48.0,0.37665039500700276,1,0.3853986074955234,0.4151996947366046,0.37665039500700276,logistic
2016_04_TEN_HOU,2016,4,2016-10-02,HOU,TEN,4.0,40.0,0.6463391320971134,1,0.7119025705673806,0.649617852488756,0.6463391320971134,logistic
2016_04_IND_JAX,2016,4,2016-10-02,JAX,IND,1.0,48.0,0.5023229882921391,1,0.31995285412698976,0.36735008685186554,0.5023229882921391,logistic
2016_04_BUF_NE,2016,4,2016-10-02,NE,BUF,3.5,41.0,0.6143408084559349,0,0.6960066015709526,0.637368567054734,0.6143408084559349,logistic
2016_04_SEA_NYJ,2016,4,2016-10-02,NYJ,SEA,-1.0,40.0,0.4827086071703758,0,0.4893454576490115,0.48858162719122766,0.4827086071703758,logistic
2016_04_KC_PIT,2016,4,2016-10-02,PIT,KC,3.0,48.0,0.6233496049929973,1,0.6332241894686073,0.5905837504605633,0.6233496049929973,logistic
2016_04_NO_SD,2016,4,2016-10-02,SD,NO,4.0,54.0,0.6463391320971134,0,0.689141614738243,0.6321361672550847,0.6463391320971134,logistic
2016_04_DAL_SF,2016,4,2016-10-02,SF,DAL,-1.0,44.0,0.46214743124779806,0,0.501723302780916,0.4972446993711938,0.46214743124779806,logistic
2016_04_DEN_TB,2016,4,2016-10-02,TB,DEN,-3.5,43.0,0.3813488294127508,0,0.3693908597864374,0.4036686365411733,0.3813488294127508,logistic
2016_04_CLE_WAS,2016,4,2016-10-02,WAS,CLE,7.5,48.0,0.75416247625433,1,0.7468492638965446,0.6773055242276999,0.75416247625433,logistic
2016_04_NYG_MIN,2016,4,2016-10-03,MIN,NYG,3.5,42.5,0.6451127819548872,1,0.7028331663429676,0.6426054134960838,0.6451127819548872,logistic
2016_05_ARI_SF,2016,5,2016-10-06,SF,ARI,-3.5,42.5,0.36284835962304085,0,0.3217813346820945,0.3687161170333636,0.36284835962304085,logistic
2016_05_WAS_BAL,2016,5,2016-10-09,BAL,WAS,4.0,44.5,0.6451127819548872,0,0.6213907426379869,0.5819901915259242,0.6451127819548872,logistic
2016_05_NE_CLE,2016,5,2016-10-09,CLE,NE,-10.0,47.5,0.20128087831655989,0,0.23746089614994198,0.3031281897310514,0.20128087831655989,logistic
2016_05_CIN_DAL,2016,5,2016-10-09,DAL,CIN,-2.5,46.0,0.453954604539546,1,0.492695082827763,0.4909259796925762,0.453954604539546,logistic
2016_05_ATL_DEN,2016,5,2016-10-09,DEN,ATL,3.5,44.5,0.6451127819548872,0,0.6273383167502177,0.5863020975121841,0.6451127819548872,logistic
2016_05_PHI_DET,2016,5,2016-10-09,DET,PHI,-3.5,46.0,0.36674816625916873,1,0.4119482298370049,0.43414206349228324,0.36674816625916873,logistic
2016_05_NYG_GB,2016,5,2016-10-09,GB,NYG,7.0,49.0,0.7368896226171744,1,0.7419454541161429,0.673350058135249,0.7368896226171744,logistic
2016_05_CHI_IND,2016,5,2016-10-09,IND,CHI,4.0,47.5,0.6527218785216531,1,0.667590553899639,0.6159127305319907,0.6527218785216531,logistic
2016_05_BUF_LA,2016,5,2016-10-09,LA,BUF,-2.5,41.5,0.4519505233111322,0,0.44088532494000254,0.45459203857162106,0.4519505233111322,logistic
2016_05_TEN_MIA,2016,5,2016-10-09,MIA,TEN,2.5,44.5,0.5586071603727317,0,0.6080999071284111,0.5724037486208384,0.5586071603727317,logistic
2016_05_HOU_MIN,2016,5,2016-10-09,MIN,HOU,6.0,39.0,0.6969696969696969,1,0.735868118302009,0.6684817242178708,0.6969696969696969,logistic
2016_05_SD_OAK,2016,5,2016-10-09,OAK,SD,3.5,50.5,0.6332518337408314,1,0.5645795200675352,0.5413998968228515,0.6332518337408314,logistic
2016_05_NYJ_PIT,2016,5,2016-10-09,PIT,NYJ,10.0,50.0,0.7770903466472567,1,0.8055391504852576,0.7269061816330965,0.7770903466472567,logistic
2016_05_TB_CAR,2016,5,2016-10-10,CAR,TB,6.0,46.5,0.6921645130114186,0,0.6697862656464876,0.6175524990786472,0.6921645130114186,logistic
2016_06_DEN_SD,2016,6,2016-10-13,SD,DEN,-3.0,44.0,0.413907284768212,1,0.44850624420729296,0.4599530051316137,0.413907284768212,logistic
2016_06_SF_BUF,2016,6,2016-10-16,BUF,SF,7.5,44.0,0.7353719494266393,1,0.7944171972723696,0.7171403277467142,0.7353719494266393,logistic
2016_06_JAX_CHI,2016,6,2016-10-16,CHI,JAX,2.5,46.0,0.5679213219076544,0,0.5261123739467957,0.5143285626827232,0.5679213219076544,logistic
2016_06_LA_DET,2016,6,2016-10-16,DET,LA,2.5,44.0,0.5775497887748944,1,0.6324004602333443,0.5899836364681552,0.5775497887748944,logistic
2016_06_DAL_GB,2016,6,2016-10-16,GB,DAL,5.0,47.0,0.6862401891869245,0,0.7001771198046586,0.6405637788399504,0.6862401891869245,logistic
2016_06_IND_HOU,2016,6,2016-10-16,HOU,IND,3.0,47.5,0.6002460024600246,1,0.6108753242053175,0.5744002771751799,0.6002460024600246,logistic
2016_06_PIT_MIA,2016,6,2016-10-16,MIA,PIT,-7.5,49.5,0.26462805057336075,1,0.2385334444890682,0.3040033547349889,0.26462805057336075,logistic
2016_06_CIN_NE,2016,6,2016-10-16,NE,CIN,7.5,48.5,0.7516485398646913,1,0.75468246413484,0.6836766737852087,0.7516485398646913,logistic
2016_06_CAR_NO,2016,6,2016-10-16,NO,CAR,-2.5,53.5,0.4320786780923455,1,0.3616890950679667,0.3980858222403462,0.4320786780923455,logistic
2016_06_BAL_NYG,2016,6,2016-10-16,NYG,BAL,3.5,42.5,0.6397067958752639,1,0.607852727957558,0.5722260679163891,0.6397067958752639,logistic
2016_06_KC_OAK,2016,6,2016-10-16,OAK,KC,-1.0,46.5,0.46214743124779806,0,0.36822924893161174,0.4028281468051515,0.46214743124779806,logistic
2016_06_ATL_SEA,2016,6,2016-10-16,SEA,ATL,7.0,45.5,0.7333014887349733,1,0.7878778267862301,0.7114870119057652,0.7333014887349733,logistic
2016_06_CLE_TEN,2016,6,2016-10-16,TEN,CLE,7.5,45.0,0.7464578672632363,1,0.7348056034161178,0.6676343015986537,0.7464578672632363,logistic
2016_06_PHI_WAS,2016,6,2016-10-16,WAS,PHI,-3.0,45.0,0.413907284768212,1,0.3653254704022828,0.4007247478892084,0.413907284768212,logistic
2016_06_NYJ_ARI,2016,6,2016-10-17,ARI,NYJ,7.5,46.0,0.7590361445783131,1,0.7983397317544183,0.720562277830627,0.7590361445783131,logistic
2016_07_CHI_GB,2016,7,2016-10-20,GB,CHI,7.5,46.5,0.7516485398646913,1,0.7593964198483836,0.6875434741603618,0.7516485398646913,logistic
2016_07_SD_ATL,2016,7,2016-10-23,ATL,SD,4.5,52.5,0.658869395711501,0,0.7313527809407904,0.6648879052446821,0.658869395711501,logistic
2016_07_CLE_CIN,2016,7,2016-10-23,CIN,CLE,11.5,46.5,0.8316708229426435,1,0.8230199509930582,0.7426791172947222,0.8316708229426435,logistic
2016_07_WAS_DET,2016,7,2016-10-23,DET,WAS,-1.0,50.0,0.5,1,0.5224292568752663,0.5117462199368382,0.5,logistic
2016_07_OAK_JAX,2016,7,2016-10-23,JAX,OAK,1.5,47.5,0.537852568752202,0,0.5680576617542438,0.5438600169555636,0.537852568752202,logistic
2016_07_NO_KC,2016,7,2016-10-23,KC,NO,6.0,51.0,0.6930878035761944,1,0.7382027292310356,0.6703475764175386,0.6930878035761944,logistic
2016_07_NYG_LA,2016,7,2016-10-23,LA,NYG,-3.0,44.5,0.4224502112251056,0,0.2494008703100945,0.3128002119747259,0.4224502112251056,logistic
2016_07_BUF_MIA,2016,7,2016-10-23,MIA,BUF,-2.5,46.0,0.44139283962726833,1,0.39854005122468333,0.42460124376291436,0.44139283962726833,logistic
2016_07_BAL_NYJ,2016,7,2016-10-23,NYJ,BAL,2.0,40.5,0.537852568752202,1,0.43299318262550585,0.4490307039667901,0.537852568752202,logistic
2016_07_MIN_PHI,2016,7,2016-10-23,PHI,MIN,-2.5,39.0,0.4519505233111322,1,0.48566933106478627,0.4860085646312258,0.4519505233111322,logistic
2016_07_NE_PIT,2016,7,2016-10-23,PIT,NE,-7.5,49.0,0.271105010295127,0,0.25326497071571363,0.3158983294244381,0.271105010295127,logistic
2016_07_TB_SF,2016,7,2016-10-23,SF,TB,1.0,45.0,0.521797153024911,0,0.5024670981665003,0.4977653165787498,0.521797153024911,logistic
2016_07_IND_TEN,2016,7,2016-10-23,TEN,IND,4.0,48.5,0.6451127819548872,0,0.6066316298289246,0.5713486102664662,0.6451127819548872,logistic
2016_07_HOU_DEN,2016,7,2016-10-24,DEN,HOU,8.5,40.0,0.7750359478640011,1,0.7720044700170253,0.6980143338798294,0.7750359478640011,logistic
2016_08_JAX_TEN,2016,8,2016-10-27,TEN,JAX,3.0,43.5,0.5757997218358832,1,0.5654276907390022,0.5419995820502178,0.5757997218358832,logistic
2016_08_GB_ATL,2016,8,2016-10-30,ATL,GB,3.0,51.0,0.5916792592354435,1,0.6109001539622028,0.5744181510183735,0.5916792592354435,logistic
2016_08_NE_BUF,2016,8,2016-10-30,BUF,NE,-5.5,48.0,0.3149976492712741,0,0.3737909969019542,0.40684762683958037,0.3149976492712741,logistic
2016_08_ARI_CAR,2016,8,2016-10-30,CAR,ARI,2.5,45.5,0.5586071603727317,1,0.5338815864934192,0.5197799893442208,0.5586071603727317,logistic
2016_08_NYJ_CLE,2016,8,2016-10-30,CLE,NYJ,-2.5,45.5,0.44139283962726833,0,0.3578166484789582,0.395269446458424,0.44139283962726833,logistic
2016_08_PHI_DAL,2016,8,2016-10-30,DAL,PHI,5.0,44.0,0.6757296083811425,1,0.6782694545663162,0.623915019251575,0.6757296083811425,logistic
2016_08_SD_DEN,2016,8,2016-10-30,DEN,SD,3.5,43.0,0.6233496049929973,1,0.64888651281223,0.6020533322542099,0.6233496049929973,logistic
2016_08_DET_HOU,2016,8,2016-10-30,HOU,DET,1.0,46.5,0.5092984332140034,1,0.5825612947748219,0.5541481615063899,0.5092984332140034,logistic
2016_08_KC_IND,2016,8,2016-10-30,IND,KC,-3.0,50.5,0.4320786780923455,0,0.40734252007418564,0.43087017064086197,0.4320786780923455,logistic
2016_08_SEA_NO,2016,8,2016-10-30,NO,SEA,-1.0,50.0,0.5,1,0.4493327056562706,0.46053389375070847,0.5,logistic
2016_08_OAK_TB,2016,8,2016-10-30,TB,OAK,1.0,48.0,0.5262215623771888,0,0.5141431444866005,0.5059403202875504,0.5262215623771888,logistic
2016_08_MIN_CHI,2016,8,2016-10-31,CHI,MIN,-5.5,39.5,0.3199224430441105,1,0.2637942648603245,0.32426608732308765,0.3199224430441105,logistic
2016_09_ATL_TB,2016,9,2016-11-03,TB,ATL,-4.5,49.0,0.3437781785392245,0,0.34917886588378344,0.3889633844973241,0.3437781785392245,logistic
2016_09_PIT_BAL,2016,9,2016-11-06,BAL,PIT,-3.5,46.0,0.4066985645933015,1,0.3128345228602972,0.3620127378212997,0.4066985645933015,logistic
2016_09_DAL_CLE,2016,9,2016-11-06,CLE,DAL,-7.0,49.0,0.2749213753136153,0,0.24690532734964787,0.31079124237850764,0.2749213753136153,logistic
2016_09_IND_GB,2016,9,2016-11-06,GB,IND,7.5,52.0,0.75416247625433,0,0.743182602279872,0.6743456222991536,0.75416247625433,logistic
2016_09_JAX_KC,2016,9,2016-11-06,KC,JAX,7.0,42.5,0.7319034852546917,1,0.7450033278499798,0.6758136560979393,0.7319034852546917,logistic
2016_09_CAR_LA,2016,9,2016-11-06,LA,CAR,-3.0,44.5,0.43026174256005734,0,0.3487895832560362,0.38867837849399606,0.43026174256005734,logistic
2016_09_NYJ_MIA,2016,9,2016-11-06,MIA,NYJ,3.5,45.0,0.6397067958752639,1,0.5517261862559504,0.5323291120063923,0.6397067958752639,logistic
2016_09_DET_MIN,2016,9,2016-11-06,MIN,DET,4.0,42.5,0.6438780948689375,0,0.6907447660588352,0.6333551137541176,0.6438780948689375,logistic
2016_09_PHI_NYG,2016,9,2016-11-06,NYG,PHI,3.0,42.5,0.5844112492697988,1,0.5503336757848641,0.5313481556540677,0.5844112492697988,logistic
2016_09_DEN_OAK,2016,9,2016-11-06,OAK,DEN,1.0,44.5,0.4930284439486894,1,0.4333894312935645,0.4493101823263708,0.4930284439486894,logistic
2016_09_TEN_SD,2016,9,2016-11-06,SD,TEN,3.5,47.5,0.6261005910022917,1,0.6409246070735104,0.5962084302598903,0.6261005910022917,logistic
2016_09_NO_SF,2016,9,2016-11-06,SF,NO,-5.0,53.0,0.3366422097539922,0,0.35964259280537286,0.3965982317701996,0.3366422097539922,logistic
2016_09_BUF_SEA,2016,9,2016-11-07,SEA,BUF,5.5,43.5,0.6712553934662009,1,0.7123689597393997,0.6499802311170547,0.6712553934662009,logistic
2016_10_CLE_BAL,2016,10,2016-11-10,BAL,CLE,7.5,44.0,0.7566244633432689,1,0.7627596831634689,0.6903179436591305,0.7566244633432689,logistic
2016_10_SF_ARI,2016,10,2016-11-13,ARI,SF,14.0,46.5,0.8733924168721262,1,0.8803872157552078,0.7992043865600144,0.8733924168721262,logistic
2016_10_KC_CAR,2016,10,2016-11-13,CAR,KC,3.0,44.0,0.6143408084559349,0,0.6494784168695019,0.6024890955068446,0.6143408084559349,logistic
2016_10_HOU_JAX,2016,10,2016-11-13,JAX,HOU,3.0,42.0,0.5949110703209063,0,0.4768155230384161,0.4798097585549176,0.5949110703209063,logistic
2016_10_SEA_NE,2016,10,2016-11-13,NE,SEA,7.5,49.5,0.7382366085679627,0,0.7676292907180076,0.6943588732914469,0.7382366085679627,logistic
2016_10_DEN_NO,2016,10,2016-11-13,NO,DEN,3.0,50.0,0.5860927152317882,0,0.553979032981222,0.5339168179588671,0.5860927152317882,logistic
2016_10_LA_NYJ,2016,10,2016-11-13,NYJ,LA,-1.0,39.0,0.478202846975089,0,0.43723439871713304,0.4520206488850196,0.478202846975089,logistic
2016_10_ATL_PHI,2016,10,2016-11-13,PHI,ATL,2.0,48.5,0.537852568752202,1,0.6401454449554428,0.5956380679525034,0.537852568752202,logistic
2016_10_DAL_PIT,2016,10,2016-11-13,PIT,DAL,3.0,50.5,0.6186511705872493,0,0.6640129492276743,0.613246940402778,0.6186511705872493,logistic
2016_10_MIA_SD,2016,10,2016-11-13,SD,MIA,4.0,48.5,0.6487671491207393,0,0.627935593402381,0.586735914270703,0.6487671491207393,logistic
2016_10_CHI_TB,2016,10,2016-11-13,TB,CHI,-2.5,45.0,0.4224502112251056,1,0.40707470667436146,0.4306797490882805,0.4224502112251056,logistic
2016_10_GB_TEN,2016,10,2016-11-13,TEN,GB,-3.0,48.5,0.43026174256005734,1,0.376894747774431,0.4090856110427517,0.43026174256005734,logistic
2016_10_MIN_WAS,2016,10,2016-11-13,WAS,MIN,2.5,42.0,0.5775497887748944,1,0.5497520418589192,0.5309385159029066,0.5775497887748944,logistic
2016_10_CIN_NYG,2016,10,2016-11-14,NYG,CIN,-1.0,49.5,0.4827086071703758,1,0.44380160756609177,0.4566445081940554,0.4827086071703758,logistic
2016_11_NO_CAR,2016,11,2016-11-17,CAR,NO,3.5,52.5,0.6328092676872155,1,0.6547114998627138,0.6063494852106122,0.6328092676872155,logistic
2016_11_BUF_CIN,2016,11,2016-11-20,CIN,BUF,2.5,48.0,0.562379468921525,0,0.5417193882571698,0.525286463029247,0.562379468921525,logistic
2016_11_PIT_CLE,2016,11,2016-11-20,CLE,PIT,-8.0,45.5,0.2624351932652328,0,0.19084233945972606,0.2636740821758441,0.2624351932652328,logistic
2016_11_BAL_DAL,2016,11,2016-11-20,DAL,BAL,7.0,44.5,0.7319034852546917,1,0.7693792123834532,0.6958180652928856,0.7319034852546917,logistic
2016_11_JAX_DET,2016,11,2016-11-20,DET,JAX,5.5,47.0,0.6800775569558896,1,0.6928088518534902,0.6349271582868636,0.6800775569558896,logistic
2016_11_TEN_IND,2016,11,2016-11-20,IND,TEN,3.0,53.5,0.5697382574399427,1,0.5636654571742505,0.5407537884371818,0.5697382574399427,logistic
2016_11_TB_KC,2016,11,2016-11-20,KC,TB,7.0,45.0,0.7258155230596175,0,0.7717804449961144,0.6978265771417581,0.7258155230596175,logistic
2016_11_MIA_LA,2016,11,2016-11-20,LA,MIA,1.0,39.0,0.5046466242274987,0,0.5156756722778881,0.5070137909120831,0.5046466242274987,logistic
2016_11_ARI_MIN,2016,11,2016-11-20,MIN,ARI,2.0,39.5,0.5419847328244275,1,0.5779787946772281,0.5508920895718687,0.5419847328244275,logistic
2016_11_CHI_NYG,2016,11,2016-11-20,NYG,CHI,7.0,41.5,0.7211503458318166,1,0.7148235817606261,0.6518903769723841,0.7211503458318166,logistic
2016_11_PHI_SEA,2016,11,2016-11-20,SEA,PHI,6.5,43.0,0.7086409898223908,1,0.718883896413516,0.6550610612951483,0.7086409898223908,logistic
2016_11_NE_SF,2016,11,2016-11-20,SF,NE,-10.5,51.5,0.18662519440124417,0,0.17525287761010214,0.24974653951012862,0.18662519440124417,logistic
2016_11_GB_WAS,2016,11,2016-11-20,WAS,GB,2.5,48.5,0.556697108066971,1,0.5277222391564543,0.5154576639515449,0.556697108066971,logistic
2016_11_HOU_OAK,2016,11,2016-11-21,OAK,HOU,6.5,45.5,0.6996383748138693,1,0.45876545321190887,0.46715789281041126,0.6996383748138693,logistic
2016_12_WAS_DAL,2016,12,2016-11-24,DAL,WAS,5.5,53.0,0.6810745187212147,1,0.7080387184875556,0.6466224226148657,0.6810745187212147,logistic
2016_12_MIN_DET,2016,12,2016-11-24,DET,MIN,2.0,42.0,0.5305667495498585,1,0.509342659189825,0.5025785879234694,0.5305667495498585,logistic
2016_12_PIT_IND,2016,12,2016-11-24,IND,PIT,-8.0,50.0,0.21891418563922943,0,0.1905081797025211,0.2633799197659621,0.21891418563922943,logistic
2016_12_ARI_ATL,2016,12,2016-11-27,ATL,ARI,3.5,49.0,0.6358607389362566,1,0.5902556998700835,0.5596278771920314,0.6358607389362566,logistic
2016_12_CIN_BAL,2016,12,2016-11-27,BAL,CIN,3.5,42.0,0.6332518337408314,1,0.5920248810118307,0.5608901746047501,0.6332518337408314,logistic
2016_12_JAX_BUF,2016,12,2016-11-27,BUF,JAX,8.5,43.5,0.7590361445783131,1,0.7925597778228904,0.7155281334209782,0.7590361445783131,logistic
2016_12_TEN_CHI,2016,12,2016-11-27,CHI,TEN,-6.5,41.5,0.303030303030303,0,0.2802158031671497,0.3371155723421357,0.303030303030303,logistic
2016_12_NYG_CLE,2016,12,2016-11-27,CLE,NYG,-6.5,47.0,0.28970863363304095,0,0.23079067039700976,0.2976560230388151,0.28970863363304095,logistic
2016_12_KC_DEN,2016,12,2016-11-27,DEN,KC,3.5,40.0,0.6261005910022917,0,0.5676897655258127,0.5435996797045222,0.6261005910022917,logistic
2016_12_SD_HOU,2016,12,2016-11-27,HOU,SD,-2.5,45.5,0.4519505233111322,0,0.4110786228491292,0.433524704281519,0.4519505233111322,logistic
2016_12_SF_MIA,2016,12,2016-11-27,MIA,SF,7.0,44.5,0.7382366085679627,1,0.6949545138756865,0.6365645160985335,0.7382366085679627,logistic
2016_12_LA_NO,2016,12,2016-11-27,NO,LA,7.5,46.0,0.7490809359864622,1,0.758679252401947,0.6869535586458672,0.7490809359864622,logistic
2016_12_NE_NYJ,2016,12,2016-11-27,NYJ,NE,-9.0,48.0,0.21170914420649786,0,0.1666011506003397,0.24182396038373716,0.21170914420649786,logistic
2016_12_CAR_OAK,2016,12,2016-11-27,OAK,CAR,3.5,48.5,0.6063931297709924,1,0.5926761283175532,0.5613550638149921,0.6063931297709924,logistic
2016_12_SEA_TB,2016,12,2016-11-27,TB,SEA,-5.0,46.0,0.32874460653379906,1,0.32604974523649627,0.3718973464019432,0.32874460653379906,logistic
2016_12_GB_PHI,2016,12,2016-11-28,PHI,GB,4.0,47.0,0.6463391320971134,0,0.6594001070837595,0.6098204116503999,0.6463391320971134,logistic
2016_13_DAL_MIN,2016,13,2016-12-01,MIN,DAL,-3.0,43.5,0.40995560164630396,0,0.4421867332765561,0.4555081248689063,0.40995560164630396,logistic
2016_13_WAS_ARI,2016,13,2016-12-04,ARI,WAS,2.5,48.5,0.556697108066971,1,0.677168171035503,0.6230865352979116,0.556697108066971,logistic
2016_13_KC_ATL,2016,13,2016-12-04,ATL,KC,5.0,50.0,0.658869395711501,0,0.6490783749464302,0.6021945630399607,0.658869395711501,logistic
2016_13_MIA_BAL,2016,13,2016-12-04,BAL,MIA,3.5,41.5,0.6332518337408314,1,0.662269173567368,0.611950231749307,0.6332518337408314,logistic
2016_13_SF_CHI,2016,13,2016-12-04,CHI,SF,-0.0,44.0,0.4715960714749275,1,0.564204448306989,0.541134755541657,0.4715960714749275,logistic
2016_13_PHI_CIN,2016,13,2016-12-04,CIN,PHI,1.0,42.0,0.5284039285250725,1,0.5242215732640821,0.5130027219721925,0.5284039285250725,logistic
2016_13_HOU_GB,2016,13,2016-12-04,GB,HOU,7.0,44.5,0.7390555330360762,1,0.7298909888860586,0.663728568468401,0.7390555330360762,logistic
2016_13_DEN_JAX,2016,13,2016-12-04,JAX,DEN,-3.5,39.0,0.3752699784017279,0,0.3382758569915691,0.3809530675411631,0.3752699784017279,logistic
2016_13_LA_NE,2016,13,2016-12-04,NE,LA,13.0,44.5,0.8613376835236541,1,0.8745218882664394,0.7930062527586474,0.8613376835236541,logistic
2016_13_DET_NO,2016,13,2016-12-04,NO,DET,6.5,53.0,0.7219084035804293,0,0.7542701407450336,0.683339640021532,0.7219084035804293,logistic
2016_13_BUF_OAK,2016,13,2016-12-04,OAK,BUF,3.0,48.5,0.5860927152317882,1,0.5590151772967761,0.5374692863134068,0.5860927152317882,logistic
2016_13_NYG_PIT,2016,13,2016-12-04,PIT,NYG,7.0,49.5,0.741037721131946,1,0.6853655231249673,0.6292719641057366,0.741037721131946,logistic
2016_13_TB_SD,2016,13,2016-12-04,SD,TB,3.5,49.0,0.6332518337408314,0,0.6264169737629045,0.5856331939978484,0.6332518337408314,logistic
2016_13_CAR_SEA,2016,13,2016-12-04,SEA,CAR,8.5,44.0,0.7750359478640011,1,0.7711278338105968,0.6972799821672816,0.7750359478640011,logistic
2016_13_IND_NYJ,2016,13,2016-12-05,NYJ,IND,1.0,48.5,0.537852568752202,0,0.6249971566272827,0.5846030779818496,0.537852568752202,logistic
2016_14_OAK_KC,2016,14,2016-12-08,KC,OAK,3.5,46.0,0.6499689771835965,1,0.6826844923392995,0.6272441596851337,0.6499689771835965,logistic
2016_14_PIT_BUF,2016,14,2016-12-11,BUF,PIT,-1.0,45.5,0.478202846975089,0,0.47744740200686375,0.4802522636632817,0.478202846975089,logistic
2016_14_SD_CAR,2016,14,2016-12-11,CAR,SD,1.0,48.5,0.5162468054034319,1,0.5647495343090477,0.5415200907525737,0.5162468054034319,logistic
2016_14_CIN_CLE,2016,14,2016-12-11,CLE,CIN,-4.0,42.0,0.36284835962304085,0,0.258221002913359,0.31985019134017995,0.36284835962304085,logistic
2016_14_CHI_DET,2016,14,2016-12-11,DET,CHI,7.5,42.0,0.7403802739176241,1,0.7309747863329649,0.664587929411539,0.7403802739176241,logistic
2016_14_SEA_GB,2016,14,2016-12-11,GB,SEA,-3.0,47.0,0.4224502112251056,1,0.43795414158210166,0.4525277437872073,0.4224502112251056,logistic
2016_14_HOU_IND,2016,14,2016-12-11,IND,HOU,6.5,47.5,0.7121294639383801,0,0.7008332372501616,0.6410676269899492,0.7121294639383801,logistic
2016_14_MIN_JAX,2016,14,2016-12-11,JAX,MIN,-3.0,38.0,0.3856591915440651,0,0.3594504777335052,0.3964584926321052,0.3856591915440651,logistic
2016_14_ATL_LA,2016,14,2016-12-11,LA,ATL,-4.5,44.0,0.341130604288499,0,0.34438541976331605,0.38544890665816006,0.341130604288499,logistic
2016_14_ARI_MIA,2016,14,2016-12-11,MIA,ARI,-2.0,44.0,0.46214743124779806,1,0.3548945642569282,0.39313993471910563,0.46214743124779806,logistic
2016_14_DAL_NYG,2016,14,2016-12-11,NYG,DAL,-3.5,47.0,0.36674816625916873,1,0.40938950419004405,0.43232501071345947,0.36674816625916873,logistic
2016_14_WAS_PHI,2016,14,2016-12-11,PHI,WAS,-1.5,48.5,0.4672897196261682,0,0.506631022746897,0.5006801062547657,0.4672897196261682,logistic
2016_14_NYJ_SF,2016,14,2016-12-11,SF,NYJ,3.0,42.5,0.5792858120125872,0,0.5649730135576009,0.5416780915402865,0.5792858120125872,logistic
2016_14_NO_TB,2016,14,2016-12-11,TB,NO,2.0,52.0,0.5480494766888677,1,0.4885813027252885,0.48804678703518306,0.5480494766888677,logistic
2016_14_DEN_TEN,2016,14,2016-12-11,TEN,DEN,2.0,44.0,0.5480494766888677,1,0.5469380282440206,0.5289573836610868,0.5480494766888677,logistic
2016_14_BAL_NE,2016,14,2016-12-12,NE,BAL,6.0,45.5,0.6958254667505769,1,0.7548891526932482,0.683845692551092,0.6958254667505769,logistic
2016_15_LA_SEA,2016,15,2016-12-15,SEA,LA,15.0,39.5,0.8948106591865358,1,0.8831779851594085,0.8021948477438908,0.8948106591865358,logistic
2016_15_MIA_NYJ,2016,15,2016-12-17,NYJ,MIA,-2.5,40.0,0.4224502112251056,0,0.4087052898370056,0.43183884322174504,0.4224502112251056,logistic
2016_15_NO_ARI,2016,15,2016-12-18,ARI,NO,3.0,48.5,0.5916792592354435,0,0.6229679511105277,0.5831322560176148,0.5916792592354435,logistic
2016_15_SF_ATL,2016,15,2016-12-18,ATL,SF,13.5,51.5,0.8785818358426419,1,0.8885936833282884,0.8080785466818297,0.8785818358426419,logistic
2016_15_PHI_BAL,2016,15,2016-12-18,BAL,PHI,5.0,41.0,0.6757296083811425,1,0.643825327374211,0.5983343297422624,0.6757296083811425,logistic
2016_15_CLE_BUF,2016,15,2016-12-18,BUF,CLE,10.5,43.5,0.8035500078232298,1,0.8332909989642028,0.7522166337913633,0.8035500078232298,logistic
2016_15_GB_CHI,2016,15,2016-12-18,CHI,GB,-4.5,40.0,0.3242703916188576,0,0.3564791666882965,0.3942952054475627,0.3242703916188576,logistic
2016_15_PIT_CIN,2016,15,2016-12-18,CIN,PIT,-3.0,45.5,0.4066985645933015,0,0.42689843694669327,0.44472833955296975,0.4066985645933015,logistic
2016_15_TB_DAL,2016,15,2016-12-18,DAL,TB,7.0,47.5,0.7288949897048731,1,0.7530256382182801,0.6823235243000827,0.7288949897048731,logistic
2016_15_NE_DEN,2016,15,2016-12-18,DEN,NE,-3.0,43.5,0.413907284768212,0,0.426487474846797,0.44443797789200756,0.413907284768212,logistic
2016_15_JAX_HOU,2016,15,2016-12-18,HOU,JAX,3.5,39.5,0.6332518337408314,1,0.6163537935048721,0.5783494015913686,0.6332518337408314,logistic
2016_15_TEN_KC,2016,15,2016-12-18,KC,TEN,6.0,43.0,0.690978748012144,0,0.7866056079190549,0.7103944239814204,0.690978748012144,logistic
2016_15_IND_MIN,2016,15,2016-12-18,MIN,IND,5.0,44.5,0.6881525568730624,0,0.708842551142467,0.6472446077626615,0.6881525568730624,logistic
2016_15_DET_NYG,2016,15,2016-12-18,NYG,DET,4.0,42.5,0.6463391320971134,1,0.6432613393286806,0.5979206772519464,0.6463391320971134,logistic
2016_15_OAK_SD,2016,15,2016-12-18,SD,OAK,-2.5,49.5,0.4519505233111322,0,0.4015148056734259,0.42672219816194784,0.4519505233111322,logistic
2016_15_CAR_WAS,2016,15,2016-12-19,WAS,CAR,7.0,50.5,0.7296116239689737,0,0.6914193262076276,0.6338685433546666,0.7296116239689737,logistic
2016_16_NYG_PHI,2016,16,2016-12-22,PHI,NYG,2.0,42.5,0.5440238883060285,1,0.5772740315143302,0.5503917907832185,0.5440238883060285,logistic
2016_16_MIA_BUF,2016,16,2016-12-24,BUF,MIA,4.5,44.5,0.6712553934662009,0,0.6365111356386663,0.5929813807904456,0.6712553934662009,logistic
2016_16_ATL_CAR,2016,16,2016-12-24,CAR,ATL,-3.0,48.5,0.413907284768212,0,0.34798666379785614,0.38809030957651897,0.413907284768212,logistic
2016_16_WAS_CHI,2016,16,2016-12-24,CHI,WAS,-3.0,49.0,0.4066985645933015,0,0.4253776738599949,0.4436536883473389,0.4066985645933015,logistic
2016_16_SD_CLE,2016,16,2016-12-24,CLE,SD,-4.5,45.0,0.3500310228164034,1,0.30795212279491513,0.358333436355531,0.3500310228164034,logistic
2016_16_MIN_GB,2016,16,2016-12-24,GB,MIN,6.0,44.5,0.7086409898223908,1,0.6619604622788849,0.611720844789239,0.7086409898223908,logistic
2016_16_CIN_HOU,2016,16,2016-12-24,HOU,CIN,3.0,41.5,0.5916792592354435,1,0.4930498539307185,0.49117427329135266,0.5916792592354435,logistic
2016_16_TEN_JAX,2016,16,2016-12-24,JAX,TEN,-4.0,44.0,0.35488721804511275,1,0.32161999332845953,0.3685956611972439,0.35488721804511275,logistic
2016_16_SF_LA,2016,16,2016-12-24,LA,SF,6.0,39.5,0.6996383748138693,0,0.637587263614215,0.5937674033920787,0.6996383748138693,logistic
2016_16_NYJ_NE,2016,16,2016-12-24,NE,NYJ,17.0,45.0,0.9151868539623641,1,0.8963871052518506,0.8167448535241824,0.9151868539623641,logistic
2016_16_TB_NO,2016,16,2016-12-24,NO,TB,3.0,53.0,0.6143408084559349,1,0.6081761179975143,0.5724585358241568,0.6143408084559349,logistic
2016_16_IND_OAK,2016,16,2016-12-24,OAK,IND,3.5,52.0,0.6200671122327297,1,0.6038012546235324,0.5693167034484337,0.6200671122327297,logistic
2016_16_ARI_SEA,2016,16,2016-12-24,SEA,ARI,9.0,43.5,0.7729422894985808,0,0.7745325301809811,0.700137563083134,0.7729422894985808,logistic
2016_16_DEN_KC,2016,16,2016-12-25,KC,DEN,3.5,38.5,0.6397067958752639,1,0.5556617021173315,0.5351032575882826,0.6397067958752639,logistic
2016_16_BAL_PIT,2016,16,2016-12-25,PIT,BAL,5.5,46.5,0.6969696969696969,1,0.6864716254167854,0.6301099575675002,0.6969696969696969,logistic
2016_16_DET_DAL,2016,16,2016-12-26,DAL,DET,6.5,47.0,0.7194329592439458,1,0.7249515094405825,0.6598256307835416,0.7194329592439458,logistic
2016_17_NO_ATL,2016,17,2017-01-01,ATL,NO,7.5,58.5,0.7590361445783131,1,0.7509657934229097,0.6806454318058124,0.7590361445783131,logistic
2016_17_BAL_CIN,2016,17,2017-01-01,CIN,BAL,-2.5,40.5,0.43391066545123064,1,0.4456727434882969,0.45796074243512014,0.43391066545123064,logistic
2016_17_OAK_DEN,2016,17,2017-01-01,DEN,OAK,1.0,40.0,0.5284039285250725,1,0.5700923172743468,0.5453003468714552,0.5284039285250725,logistic
2016_17_GB_DET,2016,17,2017-01-01,DET,GB,-3.5,50.0,0.360293204124736,0,0.3427314627656471,0.3842336587075594,0.360293204124736,logistic
2016_17_JAX_IND,2016,17,2017-01-01,IND,JAX,5.5,48.5,0.6969696969696969,1,0.7170389992629304,0.6536186665661242,0.6969696969696969,logistic
2016_17_ARI_LA,2016,17,2017-01-01,LA,ARI,-7.0,39.0,0.277337559429477,0,0.2270152233843086,0.2945355052559538,0.277337559429477,logistic
2016_17_NE_MIA,2016,17,2017-01-01,MIA,NE,-7.5,47.0,0.23074365943800232,0,0.19377354614382034,0.26624665410414283,0.23074365943800232,logistic
2016_17_CHI_MIN,2016,17,2017-01-01,MIN,CHI,6.0,44.0,0.7013921016108003,1,0.6970703890102073,0.6381823717299112,0.7013921016108003,logistic
2016_17_BUF_NYJ,2016,17,2017-01-01,NYJ,BUF,-3.5,43.0,0.360293204124736,1,0.27389058135202726,0.33219373824292114,0.360293204124736,logistic
2016_17_DAL_PHI,2016,17,2017-01-01,PHI,DAL,6.5,44.0,0.6930878035761944,1,0.6936336731198015,0.6355561938726093,0.6930878035761944,logistic
2016_17_CLE_PIT,2016,17,2017-01-01,PIT,CLE,3.5,41.5,0.6397067958752639,1,0.6441296339514815,0.5985575842963708,0.6397067958752639,logistic
2016_17_KC_SD,2016,17,2017-01-01,SD,KC,-5.5,45.0,0.3149976492712741,0,0.29368592286642337,0.3474904950228941,0.3149976492712741,logistic
2016_17_SEA_SF,2016,17,2017-01-01,SF,SEA,-11.5,44.5,0.18662519440124417,0,0.12234486696807301,0.19860462880151905,0.18662519440124417,logistic
2016_17_CAR_TB,2016,17,2017-01-01,TB,CAR,3.5,44.5,0.6397067958752639,1,0.5370180053439392,0.5219825783620812,0.6397067958752639,logistic
2016_17_HOU_TEN,2016,17,2017-01-01,TEN,HOU,3.0,41.5,0.6063931297709924,1,0.5594888424851138,0.5378036461234997,0.6063931297709924,logistic
2016_17_NYG_WAS,2016,17,2017-01-01,WAS,NYG,10.0,47.5,0.7918875407389956,0,0.7796678367717279,0.7044761972483824,0.7918875407389956,logistic
2016_18_OAK_HOU,2016,18,2017-01-07,HOU,OAK,4.0,37.5,0.658869395711501,1,0.6223759280963067,0.5827034534556418,0.658869395711501,logistic
2016_18_DET_SEA,2016,18,2017-01-07,SEA,DET,8.0,45.5,0.7770903466472567,1,0.7598878793130214,0.6879480732041096,0.7770903466472567,logistic
2016_18_NYG_GB,2016,18,2017-01-08,GB,NYG,5.0,46.5,0.6611281154350678,1,0.7391906382881247,0.6711387383534928,0.6611281154350678,logistic
2016_18_MIA_PIT,2016,18,2017-01-08,PIT,MIA,11.0,47.5,0.8373061791252026,1,0.7740911723548511,0.6997662899859513,0.8373061791252026,logistic
2016_19_SEA_ATL,2016,19,2017-01-14,ATL,SEA,6.5,51.0,0.7137404580152672,1,0.6418525929095577,0.5968881055500366,0.7137404580152672,logistic
2016_19_HOU_NE,2016,19,2017-01-14,NE,HOU,16.0,44.0,0.901095556908095,1,0.9059580723644701,0.827743883189289,0.901095556908095,logistic
2016_19_GB_DAL,2016,19,2017-01-15,DAL,GB,5.5,52.5,0.6810745187212147,0,0.6103401311116571,0.5740150686299239,0.6810745187212147,logistic
2016_19_PIT_KC,2016,19,2017-01-15,KC,PIT,2.5,45.5,0.5679213219076544,0,0.5452868584669955,0.5277954837512192,0.5679213219076544,logistic
2016_20_GB_ATL,2016,20,2017-01-22,ATL,GB,6.5,59.5,0.6958254667505769,1,0.6963429544509536,0.6376257907098749,0.6958254667505769,logistic
2016_20_PIT_NE,2016,20,2017-01-22,NE,PIT,5.5,49.5,0.6691291228800332,1,0.6990710056240939,0.6397150922753116,0.6691291228800332,logistic
2016_21_NE_ATL,2016,21,2017-02-05,ATL,NE,-3.0,57.0,0.4320786780923455,0,0.19544591747606507,0.2677082362475998,0.4320786780923455,logistic
2017_01_KC_NE,2017,1,2017-09-07,NE,KC,8.0,47.5,0.7957704474929974,0,0.7997007671112973,0.7853649360748489,0.7957704474929974,logistic
2017_01_NYJ_BUF,2017,1,2017-09-10,BUF,NYJ,7.0,42.0,0.75416247625433,1,0.6606992087276863,0.6624211796912436,0.75416247625433,logistic
2017_01_ATL_CHI,2017,1,2017-09-10,CHI,ATL,-6.5,48.0,0.28289498367913557,0,0.2919234075675991,0.33778858973394615,0.28289498367913557,logistic
2017_01_BAL_CIN,2017,1,2017-09-10,CIN,BAL,2.5,41.5,0.5697382574399427,0,0.5921781841229787,0.6033526293921069,0.5697382574399427,logistic
2017_01_PIT_CLE,2017,1,2017-09-10,CLE,PIT,-10.0,47.0,0.20128087831655989,0,0.16929662802536183,0.2167689362274504,0.20128087831655989,logistic
2017_01_NYG_DAL,2017,1,2017-09-10,DAL,NYG,6.0,46.5,0.6958254667505769,1,0.7288884807704235,0.72192753285233,0.6958254667505769,logistic
2017_01_ARI_DET,2017,1,2017-09-10,DET,ARI,-2.5,48.5,0.47377843762281124,1,0.5073927146817053,0.5303229955025821,0.47377843762281124,logistic
2017_01_SEA_GB,2017,1,2017-09-10,GB,SEA,2.5,49.5,0.5586071603727317,1,0.5741588002658788,0.5878576312150174,0.5586071603727317,logistic
2017_01_JAX_HOU,2017,1,2017-09-10,HOU,JAX,5.5,38.0,0.6757296083811425,0,0.713925699210948,0.708770952422107,0.6757296083811425,logistic
2017_01_IND_LA,2017,1,2017-09-10,LA,IND,3.5,41.5,0.6332518337408314,1,0.6527795534763572,0.6555700047553096,0.6332518337408314,logistic
2017_01_CAR_SF,2017,1,2017-09-10,SF,CAR,-4.5,45.5,0.3242703916188576,0,0.3386448150082726,0.38105109803126336,0.3242703916188576,logistic
2017_01_OAK_TEN,2017,1,2017-09-10,TEN,OAK,2.5,49.5,0.5586071603727317,0,0.6062191979694767,0.6154300554997749,0.5586071603727317,logistic
2017_01_PHI_WAS,2017,1,2017-09-10,WAS,PHI,-2.0,49.5,0.45801526717557256,0,0.4459414996712733,0.47686361978480807,0.45801526717557256,logistic
2017_01_LAC_DEN,2017,1,2017-09-11,DEN,LAC,3.0,41.5,0.5775497887748944,1,0.6010647683760851,0.6109957285978039,0.5775497887748944,logistic
2017_01_NO_MIN,2017,1,2017-09-11,MIN,NO,3.0,47.5,0.6172248803827751,1,0.6736741398552645,0.6736667768531045,0.6172248803827751,logistic
2017_02_HOU_CIN,2017,2,2017-09-14,CIN,HOU,5.5,38.0,0.6859695689558487,0,0.73388078109788,0.7263328502932289,0.6859695689558487,logistic
2017_02_GB_ATL,2017,2,2017-09-17,ATL,GB,3.5,55.0,0.6233496049929973,1,0.6182800231244893,0.6258108906980484,0.6233496049929973,logistic
2017_02_CLE_BAL,2017,2,2017-09-17,BAL,CLE,7.5,39.5,0.7437774524158125,1,0.7997344716283818,0.785395717453516,0.7437774524158125,logistic
2017_02_BUF_CAR,2017,2,2017-09-17,CAR,BUF,6.5,43.0,0.7194329592439458,1,0.7284749139554904,0.7215629593566134,0.7194329592439458,logistic
2017_02_DAL_DEN,2017,2,2017-09-17,DEN,DAL,-2.5,44.0,0.4519505233111322,1,0.4767208837979587,0.5037274619121237,0.4519505233111322,logistic
2017_02_ARI_IND,2017,2,2017-09-17,IND,ARI,-7.0,44.0,0.277337559429477,0,0.26009099546410674,0.30756552920477004,0.277337559429477,logistic
2017_02_TEN_JAX,2017,2,2017-09-17,JAX,TEN,-1.0,42.0,0.4827086071703758,0,0.506753041031186,0.5297697676061224,0.4827086071703758,logistic
2017_02_PHI_KC,2017,2,2017-09-17,KC,PHI,4.0,46.5,0.6499689771835965,1,0.7189304854148055,0.7131641240039587,0.6499689771835965,logistic
2017_02_WAS_LA,2017,2,2017-09-17,LA,WAS,3.0,45.5,0.5860927152317882,0,0.7425556233960253,0.7340080408740854,0.5860927152317882,logistic
2017_02_MIA_LAC,2017,2,2017-09-17,LAC,MIA,3.5,46.5,0.6332518337408314,0,0.647215895181639,0.6507621159654701,0.6332518337408314,logistic
2017_02_NE_NO,2017,2,2017-09-17,NO,NE,-5.5,55.0,0.32874460653379906,0,0.33930429902520787,0.38165368351191803,0.32874460653379906,logistic
2017_02_NYJ_OAK,2017,2,2017-09-17,OAK,NYJ,14.0,44.0,0.8733924168721262,1,0.8810004338537862,0.8621305732291529,0.8733924168721262,logistic
2017_02_MIN_PIT,2017,2,2017-09-17,PIT,MIN,8.5,43.0,0.7729422894985808,1,0.7578971989538075,0.7476505341704056,0.7729422894985808,logistic
2017_02_SF_SEA,2017,2,2017-09-17,SEA,SF,13.5,42.0,0.8677248677248677,1,0.8758628554669242,0.8570919625176101,0.8677248677248677,logistic
2017_02_CHI_TB,2017,2,2017-09-17,TB,CHI,7.0,44.0,0.73621103117506,1,0.724615472799687,0.7181633604841877,0.73621103117506,logistic
2017_02_DET_NYG,2017,2,2017-09-18,NYG,DET,3.0,42.0,0.6108836002739845,0,0.5894995953642268,0.601049184038403,0.6108836002739845,logistic
2017_03_LA_SF,2017,3,2017-09-21,SF,LA,-3.0,40.5,0.43026174256005734,0,0.32737084676653894,0.3707172754888868,0.43026174256005734,logistic
2017_03_DEN_BUF,2017,3,2017-09-24,BUF,DEN,-3.5,40.0,0.37253858435337944,1,0.41906830113933785,0.45322404614460693,0.37253858435337944,logistic
2017_03_NO_CAR,2017,3,2017-09-24,CAR,NO,5.5,46.5,0.690978748012144,0,0.6993357683560759,0.6960029855763776,0.690978748012144,logistic
2017_03_PIT_CHI,2017,3,2017-09-24,CHI,PIT,-7.0,43.5,0.2680965147453084,1,0.2473506918697768,0.2952695345547529,0.2680965147453084,logistic
2017_03_ATL_DET,2017,3,2017-09-24,DET,ATL,-3.0,51.0,0.38911639972601536,0,0.4708538826670733,0.49862194012676814,0.38911639972601536,logistic
2017_03_CIN_GB,2017,3,2017-09-24,GB,CIN,7.0,47.5,0.7516485398646913,1,0.7071761055946855,0.7028572962224175,0.7516485398646913,logistic
2017_03_CLE_IND,2017,3,2017-09-24,IND,CLE,1.0,42.0,0.5240193918025562,1,0.6305865433920098,0.6364131838529876,0.5240193918025562,logistic
2017_03_BAL_JAX,2017,3,2017-09-24,JAX,BAL,-3.0,38.0,0.3966571791921516,1,0.3166372679633569,0.3608192158507217,0.3966571791921516,logistic
2017_03_KC_LAC,2017,3,2017-09-24,LAC,KC,-3.0,47.5,0.4224502112251056,0,0.43334194377401836,0.46580407626078796,0.4224502112251056,logistic
2017_03_TB_MIN,2017,3,2017-09-24,MIN,TB,-0.0,41.0,0.5023229882921391,1,0.5776174333897319,0.5908317822078963,0.5023229882921391,logistic
2017_03_HOU_NE,2017,3,2017-09-24,NE,HOU,13.5,44.5,0.8866224945131528,1,0.8701268157184431,0.8515033551065601,0.8866224945131528,logistic
2017_03_MIA_NYJ,2017,3,2017-09-24,NYJ,MIA,-5.5,43.0,0.3253012048192771,1,0.29789376115295957,0.34338470018292805,0.3253012048192771,logistic
2017_03_NYG_PHI,2017,3,2017-09-24,PHI,NYG,5.0,42.0,0.6800775569558896,1,0.6536580775224791,0.6563295641360751,0.6800775569558896,logistic
2017_03_SEA_TEN,2017,3,2017-09-24,TEN,SEA,2.0,42.0,0.5520062329567589,1,0.5707361700062289,0.5849142673309835,0.5520062329567589,logistic
2017_03_OAK_WAS,2017,3,2017-09-24,WAS,OAK,-3.5,53.0,0.36674816625916873,1,0.409626804601779,0.4448703903895178,0.36674816625916873,logistic
2017_03_DAL_ARI,2017,3,2017-09-25,ARI,DAL,-3.0,46.5,0.4122390658104357,0,0.43281566848690584,0.46534123792703114,0.4122390658104357,logistic
2017_04_CHI_GB,2017,4,2017-09-28,GB,CHI,7.5,44.0,0.7479106630456372,1,0.7278514826971612,0.721013487294115,0.7479106630456372,logistic
2017_04_SF_ARI,2017,4,2017-10-01,ARI,SF,6.5,43.0,0.7086409898223908,1,0.7606963992572283,0.7501499681211797,0.7086409898223908,logistic
2017_04_BUF_ATL,2017,4,2017-10-01,ATL,BUF,8.0,48.0,0.7729422894985808,0,0.7639312347608931,0.7530425686926785,0.7729422894985808,logistic
2017_04_PIT_BAL,2017,4,2017-10-01,BAL,PIT,-3.5,42.0,0.36674816625916873,0,0.37691404745509677,0.4157006672327577,0.36674816625916873,logistic
2017_04_CIN_CLE,2017,4,2017-10-01,CLE,CIN,-3.0,41.5,0.39360687022900764,0,0.4009576856452986,0.4371756875191765,0.39360687022900764,logistic
2017_04_LA_DAL,2017,4,2017-10-01,DAL,LA,5.0,51.0,0.6862401891869245,0,0.664441677095571,0.6656619958174147,0.6862401891869245,logistic
2017_04_OAK_DEN,2017,4,2017-10-01,DEN,OAK,3.5,44.0,0.6332518337408314,1,0.6252838153663686,0.6318433223793887,0.6332518337408314,logistic
2017_04_TEN_HOU,2017,4,2017-10-01,HOU,TEN,-2.5,43.0,0.4320786780923455,1,0.4132703452579009,0.4480973249632552,0.4320786780923455,logistic
2017_04_PHI_LAC,2017,4,2017-10-01,LAC,PHI,1.5,48.0,0.5262215623771888,0,0.6146579199621062,0.6226924588901462,0.5262215623771888,logistic
2017_04_NO_MIA,2017,4,2017-10-01,MIA,NO,-4.0,51.5,0.35366086790288664,0,0.3057964595378341,0.3507596781711275,0.35366086790288664,logistic
2017_04_DET_MIN,2017,4,2017-10-01,MIN,DET,2.5,43.0,0.5933014354066986,0,0.6230608123445245,0.6299282361086863,0.5933014354066986,logistic
2017_04_CAR_NE,2017,4,2017-10-01,NE,CAR,9.0,48.0,0.7987191216834401,0,0.7793031735480813,0.7668533533043204,0.7987191216834401,logistic
2017_04_JAX_NYJ,2017,4,2017-10-01,NYJ,JAX,-4.0,38.5,0.35488721804511275,1,0.44585247812161816,0.47678561775749206,0.35488721804511275,logistic
2017_04_IND_SEA,2017,4,2017-10-01,SEA,IND,12.5,41.5,0.8613376835236541,1,0.8359479777646001,0.8189011917164156,0.8613376835236541,logistic
2017_04_NYG_TB,2017,4,2017-10-01,TB,NYG,2.5,46.0,0.5679213219076544,1,0.5969292823641958,0.6074386586616483,0.5679213219076544,logistic
2017_04_WAS_KC,2017,4,2017-10-02,KC,WAS,6.5,48.0,0.7119235543480806,1,0.7200708499513274,0.7141661507636652,0.7119235543480806,logistic
2017_05_NE_TB,2017,5,2017-10-05,TB,NE,-3.5,54.5,0.37253858435337944,0,0.3497986594294034,0.3912154504334582,0.37253858435337944,logistic
2017_05_BUF_CIN,2017,5,2017-10-08,CIN,BUF,3.0,39.0,0.5860927152317882,1,0.6438346387291691,0.6478420681000066,0.5860927152317882,logistic
2017_05_NYJ_CLE,2017,5,2017-10-08,CLE,NYJ,-1.5,41.5,0.4630595302657377,0,0.4380152354753348,0.4699108657454816,0.4630595302657377,logistic
2017_05_GB_DAL,2017,5,2017-10-08,DAL,GB,2.5,52.0,0.5679213219076544,0,0.590107497368669,0.601571938432608,0.5679213219076544,logistic
2017_05_CAR_DET,2017,5,2017-10-08,DET,CAR,2.0,42.0,0.5520062329567589,0,0.618826827880365,0.6262817329881135,0.5520062329567589,logistic
2017_05_KC_HOU,2017,5,2017-10-08,HOU,KC,-2.0,45.0,0.4519505233111322,0,0.5154585824725392,0.5372943923940182,0.4519505233111322,logistic
2017_05_SF_IND,2017,5,2017-10-08,IND,SF,-1.0,43.5,0.5023229882921391,1,0.5942360171915442,0.6051223420002758,0.5023229882921391,logistic
2017_05_SEA_LA,2017,5,2017-10-08,LA,SEA,2.0,46.5,0.556697108066971,0,0.5301245739991344,0.5499514724525051,0.556697108066971,logistic
2017_05_TEN_MIA,2017,5,2017-10-08,MIA,TEN,-0.0,41.5,0.5172913928296243,1,0.4427434168776684,0.47406020292692874,0.5172913928296243,logistic
2017_05_LAC_NYG,2017,5,2017-10-08,NYG,LAC,3.0,45.5,0.6002460024600246,0,0.6667477927380614,0.6676601057443612,0.6002460024600246,logistic
2017_05_BAL_OAK,2017,5,2017-10-08,OAK,BAL,3.0,40.5,0.5933014354066986,0,0.5890450027608085,0.6006582684299834,0.5933014354066986,logistic
2017_05_ARI_PHI,2017,5,2017-10-08,PHI,ARI,6.0,45.0,0.7005177489763459,1,0.697015414443786,0.6939773657668478,0.7005177489763459,logistic
2017_05_JAX_PIT,2017,5,2017-10-08,PIT,JAX,7.5,41.0,0.7490809359864622,0,0.7673130855724851,0.7560715562098769,0.7490809359864622,logistic
2017_05_MIN_CHI,2017,5,2017-10-09,CHI,MIN,-3.5,41.0,0.37665039500700276,0,0.28390746852685006,0.3302407037781726,0.37665039500700276,logistic
2017_06_PHI_CAR,2017,6,2017-10-12,CAR,PHI,3.0,44.0,0.582716381747207,0,0.6272141758626828,0.6335066208096531,0.582716381747207,logistic
2017_06_TB_ARI,2017,6,2017-10-15,ARI,TB,-2.5,46.5,0.44139283962726833,1,0.4854553305241065,0.5113165825794891,0.44139283962726833,logistic
2017_06_MIA_ATL,2017,6,2017-10-15,ATL,MIA,14.0,46.0,0.8677248677248677,0,0.8564846329100677,0.838355967571299,0.8677248677248677,logistic
2017_06_CHI_BAL,2017,6,2017-10-15,BAL,CHI,5.5,39.5,0.6757296083811425,0,0.7296671632097226,0.7226141189343844,0.6757296083811425,logistic
2017_06_NYG_DEN,2017,6,2017-10-15,DEN,NYG,14.0,37.5,0.8540944738281961,0,0.8833784790999626,0.8644738954686275,0.8540944738281961,logistic
2017_06_CLE_HOU,2017,6,2017-10-15,HOU,CLE,7.5,46.0,0.741037721131946,1,0.8271892472141021,0.8107117580151463,0.741037721131946,logistic
2017_06_LA_JAX,2017,6,2017-10-15,JAX,LA,1.0,42.0,0.521797153024911,0,0.5951257438865235,0.6058875238657925,0.521797153024911,logistic
2017_06_PIT_KC,2017,6,2017-10-15,KC,PIT,3.5,46.5,0.6143408084559349,0,0.6306805851678756,0.6364942505853476,0.6143408084559349,logistic
2017_06_GB_MIN,2017,6,2017-10-15,MIN,GB,-3.0,46.0,0.413907284768212,1,0.3791119207163324,0.41767243693806855,0.413907284768212,logistic
2017_06_DET_NO,2017,6,2017-10-15,NO,DET,6.0,50.5,0.6800775569558896,1,0.7240869503751587,0.7176981748771059,0.6800775569558896,logistic
2017_06_NE_NYJ,2017,6,2017-10-15,NYJ,NE,-9.0,48.5,0.21891418563922943,0,0.1680982460443712,0.2155125222759873,0.21891418563922943,logistic
2017_06_LAC_OAK,2017,6,2017-10-15,OAK,LAC,3.0,48.5,0.5933014354066986,0,0.5537269192245904,0.570281809074807,0.5933014354066986,logistic
2017_06_SF_WAS,2017,6,2017-10-15,WAS,SF,12.0,46.0,0.8078452160084814,1,0.8662057634491803,0.8477043983448584,0.8078452160084814,logistic
2017_06_IND_TEN,2017,6,2017-10-16,TEN,IND,7.0,46.0,0.7211503458318166,1,0.5875019893846387,0.5993314099465848,0.7211503458318166,logistic
2017_07_KC_OAK,2017,7,2017-10-19,OAK,KC,-3.0,46.5,0.4066985645933015,1,0.4319613336816863,0.4645897272665251,0.4066985645933015,logistic
2017_07_TB_BUF,2017,7,2017-10-22,BUF,TB,3.0,46.5,0.6093979441997063,1,0.6344068139086448,0.6397070288856558,0.6093979441997063,logistic
2017_07_CAR_CHI,2017,7,2017-10-22,CHI,CAR,-2.5,39.5,0.4320786780923455,1,0.3702172146833136,0.40968129538834214,0.4320786780923455,logistic
2017_07_TEN_CLE,2017,7,2017-10-22,CLE,TEN,-5.5,42.5,0.3199224430441105,0,0.23772962344810428,0.28590040125521293,0.3199224430441105,logistic
2017_07_NO_GB,2017,7,2017-10-22,GB,NO,-3.5,45.5,0.360293204124736,0,0.41540020392580096,0.44998177603478795,0.360293204124736,logistic
2017_07_JAX_IND,2017,7,2017-10-22,IND,JAX,-3.0,41.0,0.4050889296790936,0,0.37618558171161026,0.4150467359204434,0.4050889296790936,logistic
2017_07_ARI_LA,2017,7,2017-10-22,LA,ARI,3.0,45.5,0.6063931297709924,1,0.49646480703435353,0.5208641514165819,0.6063931297709924,logistic
2017_07_DEN_LAC,2017,7,2017-10-22,LAC,DEN,-1.0,41.0,0.5,1,0.3958966617381649,0.43267216221356464,0.5,logistic
2017_07_NYJ_MIA,2017,7,2017-10-22,MIA,NYJ,3.0,40.0,0.6002460024600246,1,0.5300761812780864,0.5499097438323445,0.6002460024600246,logistic
2017_07_BAL_MIN,2017,7,2017-10-22,MIN,BAL,5.0,37.5,0.6712553934662009,1,0.6870759301083016,0.6853144635507956,0.6712553934662009,logistic
2017_07_ATL_NE,2017,7,2017-10-22,NE,ATL,3.0,56.5,0.5860927152317882,1,0.6173507147523597,0.6250107278081263,0.5860927152317882,logistic
2017_07_SEA_NYG,2017,7,2017-10-22,NYG,SEA,-4.0,39.0,0.341130604288499,0,0.36252677879890893,0.40274683303991615,0.341130604288499,logistic
2017_07_CIN_PIT,2017,7,2017-10-22,PIT,CIN,4.0,40.0,0.6499689771835965,1,0.5653164908418015,0.5802529735598864,0.6499689771835965,logistic
2017_07_DAL_SF,2017,7,2017-10-22,SF,DAL,-6.5,48.0,0.29135901017760923,0,0.22117904887741355,0.26960200512189275,0.29135901017760923,logistic
2017_07_WAS_PHI,2017,7,2017-10-23,PHI,WAS,5.0,48.5,0.6757296083811425,1,0.6295183241700402,0.6354924036431889,0.6757296083811425,logistic
2017_08_MIA_BAL,2017,8,2017-10-26,BAL,MIA,3.0,38.0,0.5949110703209063,1,0.6505361106531744,0.6536308274749123,0.5949110703209063,logistic
2017_08_OAK_BUF,2017,8,2017-10-29,BUF,OAK,2.5,47.0,0.5480494766888677,1,0.6476440952552148,0.6511320083231733,0.5480494766888677,logistic
2017_08_IND_CIN,2017,8,2017-10-29,CIN,IND,11.0,44.0,0.8133748055987559,1,0.8137715951376386,0.7982764303595933,0.8133748055987559,logistic
2017_08_MIN_CLE,2017,8,2017-10-29,CLE,MIN,-11.0,38.5,0.1921547839915187,0,0.13543735703166632,0.1805073081200477,0.1921547839915187,logistic
2017_08_PIT_DET,2017,8,2017-10-29,DET,PIT,-3.0,44.5,0.3856591915440651,0,0.387334082030649,0.4250328069855331,0.3856591915440651,logistic
2017_08_LAC_NE,2017,8,2017-10-29,NE,LAC,6.5,49.5,0.7137404580152672,1,0.7810650601491311,0.7684435836727254,0.7137404580152672,logistic
2017_08_CHI_NO,2017,8,2017-10-29,NO,CHI,7.5,46.0,0.7590361445783131,1,0.7907188223166164,0.77718542591536,0.7590361445783131,logistic
2017_08_ATL_NYJ,2017,8,2017-10-29,NYJ,ATL,-6.5,43.5,0.2805670407560544,0,0.3219630699779467,0.36573793298082474,0.2805670407560544,logistic
2017_08_SF_PHI,2017,8,2017-10-29,PHI,SF,13.0,45.0,0.8613376835236541,1,0.8840493880005754,0.8651363145607591,0.8613376835236541,logistic
2017_08_HOU_SEA,2017,8,2017-10-29,SEA,HOU,6.0,45.0,0.6969696969696969,1,0.7433768506354042,0.7347360283641542,0.6969696969696969,logistic
2017_08_CAR_TB,2017,8,2017-10-29,TB,CAR,1.5,46.0,0.537852568752202,0,0.48181038749219296,0.5081512304578706,0.537852568752202,logistic
2017_08_DAL_WAS,2017,8,2017-10-29,WAS,DAL,-3.0,46.5,0.38911639972601536,0,0.36574314011755543,0.4056499481150042,0.38911639972601536,logistic
2017_08_DEN_KC,2017,8,2017-10-30,KC,DEN,7.0,42.0,0.7382366085679627,1,0.6839572973164749,0.6826008153698391,0.7382366085679627,logistic
2017_09_BUF_NYJ,2017,9,2017-11-02,NYJ,BUF,-3.0,42.0,0.3785271851342051,1,0.38967811919994155,0.42712666431767926,0.3785271851342051,logistic
2017_09_ATL_CAR,2017,9,2017-11-05,CAR,ATL,-3.0,42.0,0.4172836182527931,1,0.37438738297653684,0.4134316509512011,0.4172836182527931,logistic
2017_09_KC_DAL,2017,9,2017-11-05,DAL,KC,2.0,53.0,0.5480494766888677,1,0.5873924694390693,0.5992372331480533,0.5480494766888677,logistic
2017_09_IND_HOU,2017,9,2017-11-05,HOU,IND,6.0,45.0,0.6996383748138693,0,0.6783394961988399,0.6777175266763044,0.6996383748138693,logistic
2017_09_CIN_JAX,2017,9,2017-11-05,JAX,CIN,6.0,38.0,0.6800775569558896,1,0.7125209412495872,0.7075391454255503,0.6800775569558896,logistic
2017_09_OAK_MIA,2017,9,2017-11-05,MIA,OAK,-3.0,44.5,0.4066985645933015,0,0.3694176650133088,0.40896145332617795,0.4066985645933015,logistic
2017_09_TB_NO,2017,9,2017-11-05,NO,TB,7.0,54.0,0.7319034852546917,1,0.7360682178372846,0.7282657322129443,0.7319034852546917,logistic
2017_09_LA_NYG,2017,9,2017-11-05,NYG,LA,-5.5,42.5,0.3050817654299279,0,0.32080037992900984,0.3646653875612963,0.3050817654299279,logistic
2017_09_DEN_PHI,2017,9,2017-11-05,PHI,DEN,7.0,41.0,0.7319034852546917,1,0.7377522462838311,0.7297549130168639,0.7319034852546917,logistic
2017_09_WAS_SEA,2017,9,2017-11-05,SEA,WAS,8.0,44.5,0.7770903466472567,0,0.8234903542171578,0.8072708286556275,0.7770903466472567,logistic
2017_09_ARI_SF,2017,9,2017-11-05,SF,ARI,-2.5,39.0,0.4479937670432412,0,0.28075183299273687,0.3272581653330757,0.4479937670432412,logistic
2017_09_BAL_TEN,2017,9,2017-11-05,TEN,BAL,3.0,41.0,0.6172248803827751,1,0.5269615438792719,0.5472235591183876,0.6172248803827751,logistic
2017_09_DET_GB,2017,9,2017-11-06,GB,DET,-2.5,42.5,0.4479937670432412,0,0.44330413379475436,0.4745519043272986,0.4479937670432412,logistic
2017_10_SEA_ARI,2017,10,2017-11-09,ARI,SEA,-6.0,40.0,0.3069121964238057,0,0.29132760837637667,0.3372289525748562,0.3069121964238057,logistic
2017_10_DAL_ATL,2017,10,2017-11-12,ATL,DAL,3.5,49.0,0.6332518337408314,1,0.621573227389664,0.6286469122767094,0.6332518337408314,logistic
2017_10_NO_BUF,2017,10,2017-11-12,BUF,NO,-2.0,48.5,0.4519505233111322,0,0.5115500943629385,0.533917259836416,0.4519505233111322,logistic
2017_10_GB_CHI,2017,10,2017-11-12,CHI,GB,4.5,37.5,0.6757296083811425,0,0.617797154450252,0.6253951189635056,0.6757296083811425,logistic
2017_10_NE_DEN,2017,10,2017-11-12,DEN,NE,-7.0,45.0,0.28289498367913557,0,0.2737363509560744,0.3206041580963112,0.28289498367913557,logistic
2017_10_CLE_DET,2017,10,2017-11-12,DET,CLE,10.5,42.5,0.7987191216834401,1,0.8133257593327126,0.7978653789157215,0.7987191216834401,logistic
2017_10_PIT_IND,2017,10,2017-11-12,IND,PIT,-10.5,47.0,0.1952054794520548,0,0.1642014040876101,0.2114142288172417,0.1952054794520548,logistic
2017_10_LAC_JAX,2017,10,2017-11-12,JAX,LAC,5.0,40.5,0.6712553934662009,1,0.7193275632656471,0.7135129885206092,0.6712553934662009,logistic
2017_10_HOU_LA,2017,10,2017-11-12,LA,HOU,12.0,45.0,0.8460275097515911,1,0.8540601219295209,0.8360391624635803,0.8460275097515911,logistic
2017_10_NYG_SF,2017,10,2017-11-12,SF,NYG,-3.0,41.5,0.3966571791921516,1,0.40587095187602856,0.44153965301803716,0.3966571791921516,logistic
2017_10_NYJ_TB,2017,10,2017-11-12,TB,NYJ,1.0,44.5,0.5419847328244275,1,0.44908190985165797,0.47961408217429735,0.5419847328244275,logistic
2017_10_CIN_TEN,2017,10,2017-11-12,TEN,CIN,4.5,40.5,0.6712553934662009,1,0.6544862983519761,0.6570457291830455,0.6712553934662009,logistic
2017_10_MIN_WAS,2017,10,2017-11-12,WAS,MIN,-1.0,43.0,0.5023229882921391,0,0.4403451673889399,0.4719562600583189,0.5023229882921391,logistic
2017_10_MIA_CAR,2017,10,2017-11-13,CAR,MIA,8.0,38.5,0.7664138242829156,1,0.754988991692198,0.7450572352594311,0.7664138242829156,logistic
2017_11_TEN_PIT,2017,11,2017-11-16,PIT,TEN,7.0,44.5,0.741037721131946,1,0.737131352498365,0.7292057436884881,0.741037721131946,logistic
2017_11_DET_CHI,2017,11,2017-11-19,CHI,DET,-3.0,41.0,0.4066985645933015,0,0.3751158503384173,0.4140860873707405,0.4066985645933015,logistic
2017_11_JAX_CLE,2017,11,2017-11-19,CLE,JAX,-7.5,37.0,0.2617633914320373,0,0.25522179449450483,0.3028805473575724,0.2617633914320373,logistic
2017_11_PHI_DAL,2017,11,2017-11-19,DAL,PHI,-6.0,48.0,0.31694966877331915,0,0.28319124848355237,0.32956433270773405,0.31694966877331915,logistic
2017_11_CIN_DEN,2017,11,2017-11-19,DEN,CIN,2.5,37.5,0.5933014354066986,0,0.5751109805890755,0.5886764453877388,0.5933014354066986,logistic
2017_11_BAL_GB,2017,11,2017-11-19,GB,BAL,-2.5,38.5,0.44139283962726833,0,0.4087596255902194,0.44410175951256897,0.44139283962726833,logistic
2017_11_ARI_HOU,2017,11,2017-11-19,HOU,ARI,2.5,38.0,0.5520062329567589,1,0.5682067161611213,0.5827388574056143,0.5520062329567589,logistic
2017_11_BUF_LAC,2017,11,2017-11-19,LAC,BUF,7.0,41.5,0.7319034852546917,1,0.7090607073851757,0.7045072484387693,0.7319034852546917,logistic
2017_11_TB_MIA,2017,11,2017-11-19,MIA,TB,-1.0,44.0,0.46943325045014145,0,0.4165591619186601,0.451006622926177,0.46943325045014145,logistic
2017_11_LA_MIN,2017,11,2017-11-19,MIN,LA,1.0,46.0,0.5262215623771888,1,0.5805414131849052,0.5933460911936675,0.5262215623771888,logistic
2017_11_WAS_NO,2017,11,2017-11-19,NO,WAS,9.5,52.5,0.7641509433962264,1,0.813979348574271,0.7984680201023664,0.7641509433962264,logistic
2017_11_KC_NYG,2017,11,2017-11-19,NYG,KC,-10.0,44.5,0.22290965335274313,1,0.16676642335809788,0.21411405556286206,0.22290965335274313,logistic
2017_11_NE_OAK,2017,11,2017-11-19,OAK,NE,-7.0,55.0,0.27418447694038245,0,0.21976790958334397,0.26820118588247577,0.27418447694038245,logistic
2017_11_ATL_SEA,2017,11,2017-11-20,SEA,ATL,1.0,46.0,0.5195545777019441,0,0.5989839638094575,0.6092058944100807,0.5195545777019441,logistic
2017_12_LAC_DAL,2017,12,2017-11-23,DAL,LAC,-1.0,46.5,0.47377843762281124,0,0.5539122905023071,0.5704413407152735,0.47377843762281124,logistic
2017_12_MIN_DET,2017,12,2017-11-23,DET,MIN,-2.5,46.0,0.43949878436506445,0,0.44082810703510195,0.4723800501648207,0.43949878436506445,logistic
2017_12_NYG_WAS,2017,12,2017-11-23,WAS,NYG,7.0,44.0,0.7382366085679627,1,0.7249272098413694,0.7184377804792405,0.7382366085679627,logistic
2017_12_JAX_ARI,2017,12,2017-11-26,ARI,JAX,-6.5,37.5,0.2949369162706865,1,0.31525427951126134,0.35953947353751703,0.2949369162706865,logistic
2017_12_TB_ATL,2017,12,2017-11-26,ATL,TB,10.5,47.0,0.8047945205479452,1,0.7874067729777207,0.7741806624842029,0.8047945205479452,logistic
2017_12_CLE_CIN,2017,12,2017-11-26,CIN,CLE,7.5,39.0,0.741037721131946,1,0.7807389628025679,0.7681491389320338,0.741037721131946,logistic
2017_12_TEN_IND,2017,12,2017-11-26,IND,TEN,-3.0,46.5,0.37993288776727036,0,0.28945368506877245,0.33546734395139266,0.37993288776727036,logistic
2017_12_BUF_KC,2017,12,2017-11-26,KC,BUF,8.5,47.5,0.7590361445783131,0,0.7243991395716038,0.7179729416050291,0.7590361445783131,logistic
2017_12_NO_LA,2017,12,2017-11-26,LA,NO,2.5,54.0,0.5775497887748944,1,0.6300486583891016,0.6359495267154235,0.5775497887748944,logistic
2017_12_MIA_NE,2017,12,2017-11-26,NE,MIA,17.0,49.0,0.9022482893450635,1,0.8885565829026197,0.8696017979399192,0.9022482893450635,logistic
2017_12_CAR_NYJ,2017,12,2017-11-26,NYJ,CAR,-5.5,39.5,0.309021251987856,0,0.259856294390023,0.30734010723522304,0.309021251987856,logistic
2017_12_DEN_OAK,2017,12,2017-11-26,OAK,DEN,3.5,41.0,0.658869395711501,1,0.5216936775363054,0.542678176080693,0.658869395711501,logistic
2017_12_CHI_PHI,2017,12,2017-11-26,PHI,CHI,14.0,43.5,0.8613376835236541,1,0.8877304021641343,0.8687812340549181,0.8613376835236541,logistic
2017_12_GB_PIT,2017,12,2017-11-26,PIT,GB,14.0,43.0,0.8785818358426419,1,0.8618111025121538,0.8434662038034041,0.8785818358426419,logistic
2017_12_SEA_SF,2017,12,2017-11-26,SF,SEA,-7.0,45.0,0.277337559429477,0,0.20062196389249878,0.2490083785673792,0.277337559429477,logistic
2017_12_HOU_BAL,2017,12,2017-11-27,BAL,HOU,7.5,39.5,0.7625073404459873,1,0.7667800031999769,0.7555937557765826,0.7625073404459873,logistic
2017_13_WAS_DAL,2017,13,2017-11-30,DAL,WAS,-1.5,47.0,0.46943325045014145,1,0.45071691153200744,0.4810451424580226,0.46943325045014145,logistic
2017_13_LA_ARI,2017,13,2017-12-03,ARI,LA,-7.5,43.0,0.2617633914320373,0,0.253085532591908,0.30081954139277367,0.2617633914320373,logistic
2017_13_MIN_ATL,2017,13,2017-12-03,ATL,MIN,2.0,48.5,0.534834771627026,0,0.5821545539059898,0.5947332042745521,0.534834771627026,logistic
2017_13_DET_BAL,2017,13,2017-12-03,BAL,DET,2.5,43.0,0.5500363507751557,1,0.6402667046940407,0.6447622544531493,0.5500363507751557,logistic
2017_13_NE_BUF,2017,13,2017-12-03,BUF,NE,-7.5,48.5,0.25354213273676357,0,0.23391868747918454,0.28216836680786006,0.25354213273676357,logistic
2017_13_SF_CHI,2017,13,2017-12-03,CHI,SF,2.5,42.0,0.5660893345487694,0,0.6492751722548395,0.6525411937163479,0.5660893345487694,logistic
2017_13_TB_GB,2017,13,2017-12-03,GB,TB,3.0,45.0,0.6033428208078484,1,0.6640127605280892,0.6652904605644414,0.6033428208078484,logistic
2017_13_IND_JAX,2017,13,2017-12-03,JAX,IND,10.0,41.0,0.7953615279672579,1,0.8154509992309446,0.799826003329044,0.7953615279672579,logistic
2017_13_CLE_LAC,2017,13,2017-12-03,LAC,CLE,13.5,45.0,0.8619190981732576,1,0.9020749830800009,0.8831669405777758,0.8619190981732576,logistic
2017_13_DEN_MIA,2017,13,2017-12-03,MIA,DEN,-1.0,41.0,0.47377843762281124,1,0.35895010896871876,0.3995134566616457,0.47377843762281124,logistic
2017_13_CAR_NO,2017,13,2017-12-03,NO,CAR,5.5,48.0,0.6958254667505769,1,0.6624964626296808,0.6639772504166928,0.6958254667505769,logistic
2017_13_KC_NYJ,2017,13,2017-12-03,NYJ,KC,-3.5,44.0,0.360293204124736,1,0.4095634226023948,0.44481421921674635,0.360293204124736,logistic
2017_13_NYG_OAK,2017,13,2017-12-03,OAK,NYG,10.0,43.0,0.7987191216834401,1,0.7833475478929366,0.7705060427322722,0.7987191216834401,logistic
2017_13_PHI_SEA,2017,13,2017-12-03,SEA,PHI,-3.5,46.5,0.360293204124736,1,0.45052250351561146,0.4808750165228486,0.360293204124736,logistic
2017_13_HOU_TEN,2017,13,2017-12-03,TEN,HOU,7.0,42.5,0.722662440570523,1,0.6589263844798693,0.6608867429519178,0.722662440570523,logistic
2017_13_PIT_CIN,2017,13,2017-12-04,CIN,PIT,-4.5,42.5,0.33553809375770505,0,0.27919768174925097,0.3257868931488815,0.33553809375770505,logistic
2017_14_NO_ATL,2017,14,2017-12-07,ATL,NO,2.5,51.5,0.5586071603727317,1,0.5790219267121189,0.5920395021528493,0.5586071603727317,logistic
2017_14_TEN_ARI,2017,14,2017-12-10,ARI,TEN,-2.5,42.0,0.4259645555419216,1,0.41581606709679797,0.45034956298208656,0.4259645555419216,logistic
2017_14_IND_BUF,2017,14,2017-12-10,BUF,IND,3.5,36.5,0.6274614156466205,1,0.6277688038104701,0.6339845739885789,0.6274614156466205,logistic
2017_14_MIN_CAR,2017,14,2017-12-10,CAR,MIN,-2.5,40.5,0.4519505233111322,1,0.5061604154323838,0.5292571814593903,0.4519505233111322,logistic
2017_14_CHI_CIN,2017,14,2017-12-10,CIN,CHI,6.0,40.5,0.7050630837293135,0,0.7312523606705172,0.724012444473094,0.7050630837293135,logistic
2017_14_GB_CLE,2017,14,2017-12-10,CLE,GB,-2.5,38.5,0.4433028919330289,0,0.36973611766666886,0.40924818971422033,0.4433028919330289,logistic
2017_14_NYJ_DEN,2017,14,2017-12-10,DEN,NYJ,-1.0,40.5,0.5023229882921391,1,0.5116579946143051,0.5340105160345368,0.5023229882921391,logistic
2017_14_SF_HOU,2017,14,2017-12-10,HOU,SF,1.0,45.5,0.537852568752202,0,0.6345740441137673,0.6398512469461457,0.537852568752202,logistic
2017_14_SEA_JAX,2017,14,2017-12-10,JAX,SEA,3.0,41.0,0.5740354444580784,1,0.6770073268138154,0.6765604390923475,0.5740354444580784,logistic
2017_14_OAK_KC,2017,14,2017-12-10,KC,OAK,4.5,48.5,0.6600024206947392,1,0.6274875566304645,0.6337422047024254,0.6600024206947392,logistic
2017_14_PHI_LA,2017,14,2017-12-10,LA,PHI,-1.0,47.5,0.478202846975089,0,0.511612296635593,0.533971020289676,0.478202846975089,logistic
2017_14_WAS_LAC,2017,14,2017-12-10,LAC,WAS,6.0,46.5,0.7086409898223908,1,0.7236222733759112,0.7172892551221277,0.7086409898223908,logistic
2017_14_DAL_NYG,2017,14,2017-12-10,NYG,DAL,-4.0,42.0,0.35488721804511275,0,0.28057405996407203,0.32708995224920295,0.35488721804511275,logistic
2017_14_BAL_PIT,2017,14,2017-12-10,PIT,BAL,6.0,43.0,0.6921645130114186,1,0.6563201153563974,0.6586317777492409,0.6921645130114186,logistic
2017_14_DET_TB,2017,14,2017-12-10,TB,DET,-0.0,47.5,0.46214743124779806,0,0.4618119976609662,0.4907403058788163,0.46214743124779806,logistic
2017_14_NE_MIA,2017,14,2017-12-11,MIA,NE,-10.0,48.0,0.19066553679681894,1,0.17442805494032884,0.22212849366615092,0.19066553679681894,logistic
2017_15_DEN_IND,2017,15,2017-12-14,IND,DEN,-3.0,40.5,0.4224502112251056,0,0.40111719723983585,0.43731748941848486,0.4224502112251056,logistic
2017_15_CHI_DET,2017,15,2017-12-16,DET,CHI,5.0,43.5,0.6859695689558487,1,0.6341621183650017,0.639496010236662,0.6859695689558487,logistic
2017_15_LAC_KC,2017,15,2017-12-16,KC,LAC,1.0,47.0,0.5172913928296243,1,0.5100178863213738,0.5325928441816693,0.5172913928296243,logistic
2017_15_MIA_BUF,2017,15,2017-12-17,BUF,MIA,3.5,39.5,0.6332518337408314,1,0.5876898663836887,0.5994929666618625,0.6332518337408314,logistic
2017_15_GB_CAR,2017,15,2017-12-17,CAR,GB,3.0,46.5,0.5860927152317882,1,0.6327381112809084,0.6382681008474318,0.5860927152317882,logistic
2017_15_BAL_CLE,2017,15,2017-12-17,CLE,BAL,-6.5,42.0,0.2949369162706865,0,0.2468156412518009,0.2947504307027792,0.2949369162706865,logistic
2017_15_HOU_JAX,2017,15,2017-12-17,JAX,HOU,10.5,39.0,0.7987191216834401,1,0.7790814589327607,0.7666533503540011,0.7987191216834401,logistic
2017_15_CIN_MIN,2017,15,2017-12-17,MIN,CIN,12.5,42.5,0.8460275097515911,1,0.8321487184260886,0.8153415185468423,0.8460275097515911,logistic
2017_15_NYJ_NO,2017,15,2017-12-17,NO,NYJ,16.5,47.0,0.89070042808999,1,0.9031723951003686,0.884280333902093,0.89070042808999,logistic
2017_15_PHI_NYG,2017,15,2017-12-17,NYG,PHI,-7.5,40.5,0.2680965147453084,0,0.24236642891815394,0.29042506969195814,0.2680965147453084,logistic
2017_15_DAL_OAK,2017,15,2017-12-17,OAK,DAL,-3.0,46.0,0.4259645555419216,0,0.3651637485207605,0.40512729775453965,0.4259645555419216,logistic
2017_15_NE_PIT,2017,15,2017-12-17,PIT,NE,-2.5,53.0,0.4320786780923455,0,0.45280346981457653,0.4828705344620035,0.4320786780923455,logistic
2017_15_LA_SEA,2017,15,2017-12-17,SEA,LA,-1.0,47.5,0.5,0,0.4368704678983524,0.46890539272175463,0.5,logistic
2017_15_TEN_SF,2017,15,2017-12-17,SF,TEN,2.5,44.5,0.537852568752202,1,0.5059962945367253,0.5291152183273968,0.537852568752202,logistic
2017_15_ARI_WAS,2017,15,2017-12-17,WAS,ARI,4.0,40.0,0.6527218785216531,1,0.65044895836038,0.6535555086012597,0.6527218785216531,logistic
2017_15_ATL_TB,2017,15,2017-12-18,TB,ATL,-7.0,49.5,0.2562225475841874,0,0.21653747650328237,0.2649874844957345,0.2562225475841874,logistic
2017_16_IND_BAL,2017,16,2017-12-23,BAL,IND,13.5,41.0,0.8677248677248677,1,0.8685218891364199,0.8499463627099111,0.8677248677248677,logistic
2017_16_MIN_GB,2017,16,2017-12-23,GB,MIN,-8.5,41.0,0.21891418563922943,0,0.2463384201612007,0.2942872435431542,0.21891418563922943,logistic
2017_16_NYG_ARI,2017,16,2017-12-24,ARI,NYG,3.0,39.0,0.6186511705872493,1,0.6310777260920183,0.636836606402602,0.6186511705872493,logistic
2017_16_TB_CAR,2017,16,2017-12-24,CAR,TB,10.0,46.5,0.7987191216834401,1,0.7902118517144836,0.7767251037082548,0.7987191216834401,logistic
2017_16_CLE_CHI,2017,16,2017-12-24,CHI,CLE,5.5,37.0,0.6800775569558896,1,0.7712850669339495,0.7596357236896745,0.6800775569558896,logistic
2017_16_DET_CIN,2017,16,2017-12-24,CIN,DET,-3.0,43.5,0.40832074076455643,1,0.40826957102854733,0.44366729166517066,0.40832074076455643,logistic
2017_16_SEA_DAL,2017,16,2017-12-24,DAL,SEA,4.5,47.0,0.664461906242295,0,0.6496171253046662,0.652836670451071,0.664461906242295,logistic
2017_16_MIA_KC,2017,16,2017-12-24,KC,MIA,11.0,43.5,0.8161598505168621,1,0.8343187872219078,0.8173733305588775,0.8161598505168621,logistic
2017_16_BUF_NE,2017,16,2017-12-24,NE,BUF,11.0,47.5,0.8161598505168621,1,0.7931340720081134,0.7793803924252903,0.8161598505168621,logistic
2017_16_ATL_NO,2017,16,2017-12-24,NO,ATL,5.5,52.0,0.690978748012144,1,0.6308286562212191,0.6366218937415405,0.690978748012144,logistic
2017_16_LAC_NYJ,2017,16,2017-12-24,NYJ,LAC,-7.5,42.5,0.2680965147453084,0,0.30989215819602867,0.35456783913662904,0.2680965147453084,logistic
2017_16_JAX_SF,2017,16,2017-12-24,SF,JAX,-4.0,43.0,0.341130604288499,1,0.37299030775659675,0.4121759784730344,0.341130604288499,logistic
2017_16_LA_TEN,2017,16,2017-12-24,TEN,LA,-5.5,46.0,0.3199224430441105,0,0.31977190660049903,0.3637160636602417,0.3199224430441105,logistic
2017_16_DEN_WAS,2017,16,2017-12-24,WAS,DEN,3.0,39.5,0.6002460024600246,1,0.5903201187430449,0.601754779554655,0.6002460024600246,logistic
2017_16_PIT_HOU,2017,16,2017-12-25,HOU,PIT,-8.0,45.5,0.21891418563922943,0,0.22051380979154078,0.26894185744267707,0.21891418563922943,logistic
2017_16_OAK_PHI,2017,16,2017-12-25,PHI,OAK,10.0,46.0,0.7882908557935022,1,0.8341873994350739,0.8172502073605407,0.7882908557935022,logistic
2017_17_CAR_ATL,2017,17,2017-12-31,ATL,CAR,5.0,44.5,0.6859695689558487,1,0.5959052612663789,0.6065579386041867,0.6859695689558487,logistic
2017_17_CIN_BAL,2017,17,2017-12-31,BAL,CIN,8.0,40.0,0.768632470217584,0,0.7582500030735507,0.7479653744685715,0.768632470217584,logistic
2017_17_KC_DEN,2017,17,2017-12-31,DEN,KC,3.0,37.5,0.6172970557014359,0,0.5777768241083179,0.5909688426012487,0.6172970557014359,logistic
2017_17_GB_DET,2017,17,2017-12-31,DET,GB,7.5,45.0,0.741037721131946,1,0.6861396934956142,0.6844995924160927,0.741037721131946,logistic
2017_17_HOU_IND,2017,17,2017-12-31,IND,HOU,5.5,42.0,0.67719847402915,1,0.5985363073209798,0.6088208538406342,0.67719847402915,logistic
2017_17_SF_LA,2017,17,2017-12-31,LA,SF,-6.5,44.5,0.28507217303428406,0,0.3307343900110054,0.37380686745641234,0.28507217303428406,logistic
2017_17_OAK_LAC,2017,17,2017-12-31,LAC,OAK,7.0,43.0,0.7353719494266393,1,0.7196057257422626,0.7137574042216547,0.7353719494266393,logistic
2017_17_BUF_MIA,2017,17,2017-12-31,MIA,BUF,-2.5,41.5,0.4479937670432412,0,0.34715759974993315,0.3888138301854655,0.4479937670432412,logistic
2017_17_CHI_MIN,2017,17,2017-12-31,MIN,CHI,13.5,38.0,0.8573227024758707,1,0.8570019180158851,0.8388510129327799,0.8573227024758707,logistic
2017_17_NYJ_NE,2017,17,2017-12-31,NE,NYJ,17.0,43.5,0.8987444309437019,1,0.9219794319391366,0.9036890247414162,0.8987444309437019,logistic
2017_17_WAS_NYG,2017,17,2017-12-31,NYG,WAS,-5.0,41.0,0.32280152597085005,1,0.31304120352201514,0.3574894651251765,0.32280152597085005,logistic
2017_17_DAL_PHI,2017,17,2017-12-31,PHI,DAL,-3.5,41.0,0.35211267605633806,0,0.43443267140099,0.4667630948696752,0.35211267605633806,logistic
2017_17_CLE_PIT,2017,17,2017-12-31,PIT,CLE,5.0,38.5,0.6579876434245368,1,0.7704395315911927,0.7588763912210735,0.6579876434245368,logistic
2017_17_ARI_SEA,2017,17,2017-12-31,SEA,ARI,8.0,38.0,0.7702931911800339,0,0.7527986683968658,0.7431063675866167,0.7702931911800339,logistic
2017_17_NO_TB,2017,17,2017-12-31,TB,NO,-6.0,49.0,0.303030303030303,1,0.23093014682445914,0.279233144649264,0.303030303030303,logistic
2017_17_JAX_TEN,2017,17,2017-12-31,TEN,JAX,2.5,40.0,0.5660893345487694,1,0.524667708932391,0.5452446674887962,0.5660893345487694,logistic
2017_18_TEN_KC,2017,18,2018-01-06,KC,TEN,8.5,44.0,0.7918875407389956,0,0.7730766792181439,0.7612457887951902,0.7918875407389956,logistic
2017_18_ATL_LA,2017,18,2018-01-06,LA,ATL,6.5,48.0,0.6969696969696969,0,0.6865276967433922,0.6848372758503364,0.6969696969696969,logistic
2017_18_BUF_JAX,2017,18,2018-01-07,JAX,BUF,8.5,39.5,0.7810858143607706,1,0.7289048666936955,0.7219419787515956,0.7810858143607706,logistic
2017_18_CAR_NO,2017,18,2018-01-07,NO,CAR,6.5,47.5,0.7086409898223908,1,0.65924463842561,0.6611621672768029,0.7086409898223908,logistic
2017_19_TEN_NE,2017,19,2018-01-13,NE,TEN,13.5,48.0,0.8625546306734823,1,0.8823335650759307,0.8634433545722371,0.8625546306734823,logistic
2017_19_ATL_PHI,2017,19,2018-01-13,PHI,ATL,-2.5,40.0,0.4433028919330289,1,0.48092264788252437,0.5073799465795554,0.4433028919330289,logistic
2017_19_NO_MIN,2017,19,2018-01-14,MIN,NO,5.5,47.0,0.6800775569558896,1,0.6673392084151605,0.6681726726505817,0.6800775569558896,logistic
2017_19_JAX_PIT,2017,19,2018-01-14,PIT,JAX,7.0,40.5,0.7194329592439458,0,0.7167227428832622,0.7112252901369689,0.7194329592439458,logistic
2017_20_JAX_NE,2017,20,2018-01-21,NE,JAX,7.5,46.0,0.7490809359864622,1,0.7498382861999349,0.7404726715054987,0.7490809359864622,logistic
2017_20_MIN_PHI,2017,20,2018-01-21,PHI,MIN,-3.0,39.0,0.41899204424013164,1,0.449360501767794,0.4798579682247358,0.41899204424013164,logistic
2017_21_PHI_NE,2017,21,2018-02-04,NE,PHI,4.5,48.5,0.6527218785216531,0,0.49826412406055287,0.5224227531856652,0.6527218785216531,logistic
2018_01_ATL_PHI,2018,1,2018-09-06,PHI,ATL,1.0,44.5,0.5023229882921391,1,0.6278944719041337,0.6358753481701837,0.5023229882921391,logistic
2018_01_WAS_ARI,2018,1,2018-09-09,ARI,WAS,2.0,43.5,0.5500363507751557,0,0.6365674018438542,0.6449244040563286,0.5500363507751557,logistic
2018_01_BUF_BAL,2018,1,2018-09-09,BAL,BUF,7.5,39.0,0.7613990927921551,1,0.7718711889382509,0.7842172377766046,0.7613990927921551,logistic
2018_01_DAL_CAR,2018,1,2018-09-09,CAR,DAL,2.5,42.5,0.5833751631362314,1,0.6089304123207655,0.616054066769858,0.5833751631362314,logistic
2018_01_SEA_DEN,2018,1,2018-09-09,DEN,SEA,3.0,42.5,0.6205588133839255,1,0.5690392547950901,0.5742302145305034,0.6205588133839255,logistic
2018_01_CHI_GB,2018,1,2018-09-09,GB,CHI,6.5,45.0,0.7129371711544413,1,0.6763874886989479,0.6863205893439602,0.7129371711544413,logistic
2018_01_CIN_IND,2018,1,2018-09-09,IND,CIN,-1.0,47.5,0.5,0,0.4918430676953501,0.4929916802406166,0.5,logistic
2018_01_KC_LAC,2018,1,2018-09-09,LAC,KC,3.5,48.0,0.6332518337408314,0,0.6655637450209336,0.6750950602157247,0.6332518337408314,logistic
2018_01_TEN_MIA,2018,1,2018-09-09,MIA,TEN,-1.0,43.5,0.478202846975089,1,0.47915327168727295,0.47962230639680187,0.478202846975089,logistic
2018_01_SF_MIN,2018,1,2018-09-09,MIN,SF,6.0,46.5,0.711109715505872,1,0.7650806011367053,0.7773353033377448,0.711109715505872,logistic
2018_01_HOU_NE,2018,1,2018-09-09,NE,HOU,6.0,49.5,0.6891002194586686,1,0.7988970139837792,0.8114566157842175,0.6891002194586686,logistic
2018_01_TB_NO,2018,1,2018-09-09,NO,TB,10.0,50.0,0.7987191216834401,0,0.8303720750064403,0.8428409970018216,0.7987191216834401,logistic
2018_01_JAX_NYG,2018,1,2018-09-09,NYG,JAX,-2.5,43.0,0.4295364214803857,0,0.44328249393169694,0.44184137518166083,0.4295364214803857,logistic
2018_01_NYJ_DET,2018,1,2018-09-10,DET,NYJ,7.0,44.0,0.7540381997164995,0,0.7971788275718618,0.8097323978825631,0.7540381997164995,logistic
2018_01_LA_OAK,2018,1,2018-09-10,OAK,LA,-6.0,47.5,0.3128007699711261,0,0.3156452703872645,0.3081270442734166,0.3128007699711261,logistic
2018_02_BAL_CIN,2018,2,2018-09-13,CIN,BAL,1.0,43.0,0.521797153024911,1,0.5361914048233004,0.5396944074993035,0.521797153024911,logistic
2018_02_CAR_ATL,2018,2,2018-09-16,ATL,CAR,5.5,44.0,0.6891002194586686,1,0.7208279746125204,0.7321632866127228,0.6891002194586686,logistic
2018_02_LAC_BUF,2018,2,2018-09-16,BUF,LAC,-7.5,41.5,0.2703883760310264,0,0.212248554164012,0.20178142136349814,0.2703883760310264,logistic
2018_02_NYG_DAL,2018,2,2018-09-16,DAL,NYG,3.0,42.0,0.5894160583941606,1,0.7201097360318935,0.7314258930223319,0.5894160583941606,logistic
2018_02_OAK_DEN,2018,2,2018-09-16,DEN,OAK,5.5,44.5,0.6817827855062153,1,0.6697016159977259,0.6793890464366111,0.6817827855062153,logistic
2018_02_NE_JAX,2018,2,2018-09-16,JAX,NE,-2.0,44.5,0.4433028919330289,1,0.39251752830386677,0.38846914021713286,0.4433028919330289,logistic
2018_02_ARI_LA,2018,2,2018-09-16,LA,ARI,13.5,43.5,0.8646087191984837,1,0.8532293563438373,0.8653669658013166,0.8646087191984837,logistic
2018_02_CLE_NO,2018,2,2018-09-16,NO,CLE,10.0,51.0,0.7835710352305374,1,0.8492496905113541,0.8614626380705428,0.7835710352305374,logistic
2018_02_MIA_NYJ,2018,2,2018-09-16,NYJ,MIA,3.0,43.0,0.6143408084559349,0,0.6432888898338045,0.6519299115670033,0.6143408084559349,logistic
2018_02_KC_PIT,2018,2,2018-09-16,PIT,KC,4.5,52.0,0.6499689771835965,0,0.6465645359914916,0.6553414991370956,0.6499689771835965,logistic
2018_02_DET_SF,2018,2,2018-09-16,SF,DET,6.0,48.5,0.685002350728726,1,0.6687913838249534,0.6784447355184493,0.685002350728726,logistic
2018_02_PHI_TB,2018,2,2018-09-16,TB,PHI,-3.0,46.5,0.42667230861454913,1,0.3890137669826593,0.38479233002593843,0.42667230861454913,logistic
2018_02_HOU_TEN,2018,2,2018-09-16,TEN,HOU,-3.5,41.0,0.37713161346742463,1,0.3912129987720678,0.3871000519514781,0.37713161346742463,logistic
2018_02_IND_WAS,2018,2,2018-09-16,WAS,IND,6.0,48.0,0.6881525568730624,0,0.7795349954644007,0.7919665679361201,0.6881525568730624,logistic
2018_02_SEA_CHI,2018,2,2018-09-17,CHI,SEA,5.0,42.5,0.6810745187212147,1,0.6907645271396843,0.701196943159876,0.6810745187212147,logistic
2018_03_NYJ_CLE,2018,3,2018-09-20,CLE,NYJ,3.0,41.0,0.6143408084559349,1,0.6604763474281927,0.6698115961470527,0.6143408084559349,logistic
2018_03_CHI_ARI,2018,3,2018-09-23,ARI,CHI,-6.0,39.0,0.3012460632616733,0,0.4004077402059156,0.3967529412743451,0.3012460632616733,logistic
2018_03_NO_ATL,2018,3,2018-09-23,ATL,NO,1.5,54.0,0.5419847328244275,0,0.5915490104688873,0.597849807608504,0.5419847328244275,logistic
2018_03_DEN_BAL,2018,3,2018-09-23,BAL,DEN,5.5,46.0,0.6757296083811425,1,0.7403663493763802,0.7521731396401832,0.6757296083811425,logistic
2018_03_CIN_CAR,2018,3,2018-09-23,CAR,CIN,2.5,44.0,0.5722567873303167,1,0.5997966885203442,0.6064920245271621,0.5722567873303167,logistic
2018_03_NE_DET,2018,3,2018-09-23,DET,NE,-7.0,55.5,0.2644709928736141,1,0.27030331432895965,0.26118133305907276,0.2644709928736141,logistic
2018_03_NYG_HOU,2018,3,2018-09-23,HOU,NYG,6.5,44.0,0.7042102661283678,0,0.7486250821367636,0.7606009021360701,0.7042102661283678,logistic
2018_03_TEN_JAX,2018,3,2018-09-23,JAX,TEN,10.0,39.0,0.7864444029773383,0,0.7841504282306818,0.7966242159255729,0.7864444029773383,logistic
2018_03_SF_KC,2018,3,2018-09-23,KC,SF,6.0,53.0,0.6969696969696969,1,0.731438742833449,0.7430422136420338,0.6969696969696969,logistic
2018_03_LAC_LA,2018,3,2018-09-23,LA,LAC,7.5,49.0,0.7243378424462885,1,0.7303070153352177,0.7418832319475198,0.7243378424462885,logistic
2018_03_OAK_MIA,2018,3,2018-09-23,MIA,OAK,3.0,46.0,0.5660893345487694,1,0.6582549244002638,0.6675031665981821,0.5660893345487694,logistic
2018_03_BUF_MIN,2018,3,2018-09-23,MIN,BUF,16.5,41.0,0.8928806855636124,0,0.9032417827412598,0.9136895104226007,0.8928806855636124,logistic
2018_03_IND_PHI,2018,3,2018-09-23,PHI,IND,6.5,45.5,0.7153339117991809,1,0.7690926571039121,0.7814030655224918,0.7153339117991809,logistic
2018_03_DAL_SEA,2018,3,2018-09-23,SEA,DAL,1.0,40.0,0.5262215623771888,1,0.5807351886196702,0.5865084636418154,0.5262215623771888,logistic
2018_03_GB_WAS,2018,3,2018-09-23,WAS,GB,-2.5,46.5,0.43949878436506445,1,0.518598556589416,0.5211742771709111,0.43949878436506445,logistic
2018_03_PIT_TB,2018,3,2018-09-24,TB,PIT,1.0,55.0,0.5262215623771888,0,0.47622649290108304,0.476538840274519,0.5262215623771888,logistic
2018_04_MIN_LA,2018,4,2018-09-27,LA,MIN,7.5,48.5,0.7444178676800912,1,0.7556047490189263,0.767708525951254,0.7444178676800912,logistic
2018_04_SEA_ARI,2018,4,2018-09-30,ARI,SEA,-3.5,40.0,0.35777298568908056,0,0.37726036596319557,0.3724669021750178,0.35777298568908056,logistic
2018_04_CIN_ATL,2018,4,2018-09-30,ATL,CIN,3.5,52.0,0.6261005910022917,0,0.6759307031856268,0.685847283518589,0.6261005910022917,logistic
2018_04_TB_CHI,2018,4,2018-09-30,CHI,TB,3.0,46.0,0.5686556434219986,1,0.6673058939205636,0.6769033098793816,0.5686556434219986,logistic
2018_04_DET_DAL,2018,4,2018-09-30,DAL,DET,2.5,44.0,0.5697382574399427,1,0.6408791096423951,0.6494190791831628,0.5697382574399427,logistic
2018_04_BUF_GB,2018,4,2018-09-30,GB,BUF,8.5,44.0,0.7659847512644372,1,0.7328406880165431,0.7444774647404356,0.7659847512644372,logistic
2018_04_HOU_IND,2018,4,2018-09-30,IND,HOU,-1.0,48.0,0.478202846975089,0,0.5518139524876744,0.5561281916093166,0.478202846975089,logistic
2018_04_NYJ_JAX,2018,4,2018-09-30,JAX,NYJ,7.5,40.5,0.7516485398646913,1,0.7730940289519354,0.7854549905287023,0.7516485398646913,logistic
2018_04_SF_LAC,2018,4,2018-09-30,LAC,SF,10.0,46.0,0.7913901005120425,1,0.7879673309565903,0.8004706047445124,0.7913901005120425,logistic
2018_04_MIA_NE,2018,4,2018-09-30,NE,MIA,6.5,50.5,0.7186611537119655,1,0.6940047113576999,0.7045439321202215,0.7186611537119655,logistic
2018_04_NO_NYG,2018,4,2018-09-30,NYG,NO,-3.5,51.5,0.3856591915440651,0,0.38618585929822036,0.3818255720153454,0.3856591915440651,logistic
2018_04_CLE_OAK,2018,4,2018-09-30,OAK,CLE,2.5,44.5,0.5605012156349355,1,0.669396797701879,0.6790728325022793,0.5605012156349355,logistic
2018_04_BAL_PIT,2018,4,2018-09-30,PIT,BAL,3.0,51.0,0.6143408084559349,0,0.5388042078584155,0.5424437917361964,0.6143408084559349,logistic
2018_04_PHI_TEN,2018,4,2018-09-30,TEN,PHI,-3.0,41.5,0.4207141879874127,1,0.3747595777758551,0.36984619342282304,0.4207141879874127,logistic
2018_04_KC_DEN,2018,4,2018-10-01,DEN,KC,-3.5,53.5,0.37713161346742463,0,0.33142969709655734,0.324558169133718,0.37713161346742463,logistic
2018_05_IND_NE,2018,5,2018-10-04,NE,IND,10.5,49.5,0.8231164821006097,1,0.8601685061654811,0.8721558537533658,0.8231164821006097,logistic
2018_05_TEN_BUF,2018,5,2018-10-07,BUF,TEN,-6.0,38.0,0.2886826993788237,1,0.35995781283625716,0.3543487797559901,0.2886826993788237,logistic
2018_05_NYG_CAR,2018,5,2018-10-07,CAR,NYG,7.0,43.5,0.7078088877472386,1,0.773009216137113,0.7853691587533786,0.7078088877472386,logistic
2018_05_MIA_CIN,2018,5,2018-10-07,CIN,MIA,6.0,47.5,0.7013921016108003,1,0.6394755324337266,0.6479562425865216,0.7013921016108003,logistic
2018_05_BAL_CLE,2018,5,2018-10-07,CLE,BAL,-3.0,44.5,0.38421186945302976,1,0.335048772001632,0.328331050436808,0.38421186945302976,logistic
2018_05_GB_DET,2018,5,2018-10-07,DET,GB,1.0,50.0,0.5431472081218274,1,0.5227120580339595,0.5255056457373749,0.5431472081218274,logistic
2018_05_DAL_HOU,2018,5,2018-10-07,HOU,DAL,3.5,45.0,0.6186511705872493,1,0.6020997488889275,0.6089039649236179,0.6186511705872493,logistic
2018_05_JAX_KC,2018,5,2018-10-07,KC,JAX,3.0,48.0,0.5768590455049944,1,0.6231345974860408,0.6309046500775503,0.5768590455049944,logistic
2018_05_OAK_LAC,2018,5,2018-10-07,LAC,OAK,5.5,52.0,0.6800775569558896,1,0.6596596505748679,0.668963008954284,0.6800775569558896,logistic
2018_05_DEN_NYJ,2018,5,2018-10-07,NYJ,DEN,-1.0,42.0,0.497677011707861,1,0.49351430120346634,0.49475237600272093,0.497677011707861,logistic
2018_05_MIN_PHI,2018,5,2018-10-07,PHI,MIN,3.5,48.0,0.6274614156466205,0,0.5861759233150898,0.5922159956750344,0.6274614156466205,logistic
2018_05_ATL_PIT,2018,5,2018-10-07,PIT,ATL,3.5,57.0,0.6274614156466205,1,0.5623003075674249,0.5671507784116897,0.6274614156466205,logistic
2018_05_LA_SEA,2018,5,2018-10-07,SEA,LA,-7.5,50.5,0.25896227886805406,0,0.28884808631299524,0.28033215335651374,0.25896227886805406,logistic
2018_05_ARI_SF,2018,5,2018-10-07,SF,ARI,3.0,40.5,0.6027760021915806,0,0.5821321519574578,0.5879741892082431,0.6027760021915806,logistic
2018_05_WAS_NO,2018,5,2018-10-08,NO,WAS,5.5,51.5,0.6969696969696969,1,0.6575464471344219,0.6667667652367691,0.6969696969696969,logistic
2018_06_PHI_NYG,2018,6,2018-10-11,NYG,PHI,-1.5,45.5,0.4559761116939714,0,0.4306231780079013,0.4285176306945413,0.4559761116939714,logistic
2018_06_TB_ATL,2018,6,2018-10-14,ATL,TB,3.0,57.5,0.5996661308272535,1,0.49005747514178805,0.4911104836889305,0.5996661308272535,logistic
2018_06_PIT_CIN,2018,6,2018-10-14,CIN,PIT,1.0,49.5,0.5185243789416578,0,0.489100754992966,0.4901025322102523,0.5185243789416578,logistic
2018_06_LAC_CLE,2018,6,2018-10-14,CLE,LAC,1.0,47.0,0.5,0,0.5064298008219942,0.5083581640380349,0.5,logistic
2018_06_JAX_DAL,2018,6,2018-10-14,DAL,JAX,-3.0,39.5,0.3813488294127508,1,0.4894743984081705,0.4904961843053434,0.3813488294127508,logistic
2018_06_LA_DEN,2018,6,2018-10-14,DEN,LA,-7.0,50.0,0.2680965147453084,0,0.2787139368907084,0.2698575848068339,0.2680965147453084,logistic
2018_06_BUF_HOU,2018,6,2018-10-14,HOU,BUF,10.5,40.5,0.7949510012782275,1,0.7908156734652791,0.8033376874109924,0.7949510012782275,logistic
2018_06_CHI_MIA,2018,6,2018-10-14,MIA,CHI,-7.5,40.5,0.2758414232562118,1,0.2169092620105348,0.20651464544499204,0.2758414232562118,logistic
2018_06_ARI_MIN,2018,6,2018-10-14,MIN,ARI,10.0,43.5,0.783029001074114,1,0.8028089617839808,0.8153782629789954,0.783029001074114,logistic
2018_06_KC_NE,2018,6,2018-10-14,NE,KC,4.0,59.5,0.6397067958752639,1,0.6655129645327287,0.6750423449594508,0.6397067958752639,logistic
2018_06_IND_NYJ,2018,6,2018-10-14,NYJ,IND,2.5,47.5,0.5775497887748944,1,0.6540990850087228,0.663182335584504,0.5775497887748944,logistic
2018_06_SEA_OAK,2018,6,2018-10-14,OAK,SEA,-3.0,47.5,0.4116032928263426,0,0.3401740186826092,0.33367743587257387,0.4116032928263426,logistic
2018_06_BAL_TEN,2018,6,2018-10-14,TEN,BAL,-2.5,43.5,0.4357578877693609,0,0.48577521359839426,0.48659888849907407,0.4357578877693609,logistic
2018_06_CAR_WAS,2018,6,2018-10-14,WAS,CAR,-1.0,44.5,0.478202846975089,1,0.49485802027069214,0.49616800911041703,0.478202846975089,logistic
2018_06_SF_GB,2018,6,2018-10-15,GB,SF,9.0,46.5,0.7882908557935022,1,0.797754831173566,0.8103105428732188,0.7882908557935022,logistic
2018_07_DEN_ARI,2018,7,2018-10-18,ARI,DEN,-1.0,42.5,0.489612188365651,0,0.5687787993273209,0.5739566637360319,0.489612188365651,logistic
2018_07_NO_BAL,2018,7,2018-10-21,BAL,NO,2.5,49.0,0.5740354444580784,0,0.5716752575367905,0.5769984493227066,0.5740354444580784,logistic
2018_07_NE_CHI,2018,7,2018-10-21,CHI,NE,-1.0,49.0,0.4519505233111322,0,0.4822354720572766,0.48286956278093124,0.4519505233111322,logistic
2018_07_BUF_IND,2018,7,2018-10-21,IND,BUF,7.0,43.5,0.7274505180520687,1,0.7256514046846998,0.7371120925921677,0.7274505180520687,logistic
2018_07_HOU_JAX,2018,7,2018-10-21,JAX,HOU,4.0,43.0,0.6611281154350678,0,0.612232208689827,0.6195083329877458,0.6611281154350678,logistic
2018_07_CIN_KC,2018,7,2018-10-21,KC,CIN,6.5,56.0,0.7129371711544413,1,0.681520105799959,0.691636107897314,0.7129371711544413,logistic
2018_07_TEN_LAC,2018,7,2018-10-21,LAC,TEN,6.5,46.0,0.7171050163208644,1,0.6885791794216629,0.698938343035266,0.7171050163208644,logistic
2018_07_DET_MIA,2018,7,2018-10-21,MIA,DET,-3.0,47.0,0.37665039500700276,0,0.3170289013355509,0.30956572529195847,0.37665039500700276,logistic
2018_07_MIN_NYJ,2018,7,2018-10-21,NYJ,MIN,-3.5,45.0,0.3794411866160745,0,0.3927962175443987,0.38876164078674885,0.3794411866160745,logistic
2018_07_CAR_PHI,2018,7,2018-10-21,PHI,CAR,5.0,45.0,0.6767540554475866,0,0.7121186234823018,0.7232133723286776,0.6767540554475866,logistic
2018_07_LA_SF,2018,7,2018-10-21,SF,LA,-8.0,52.0,0.22290965335274313,0,0.18982893420405916,0.17911373248806794,0.22290965335274313,logistic
2018_07_CLE_TB,2018,7,2018-10-21,TB,CLE,3.5,52.5,0.6288125965945868,1,0.5899540668018811,0.5961777652723581,0.6288125965945868,logistic
2018_07_DAL_WAS,2018,7,2018-10-21,WAS,DAL,-1.5,40.5,0.4559761116939714,1,0.4883427552419294,0.48930393976198183,0.4559761116939714,logistic
2018_07_NYG_ATL,2018,7,2018-10-22,ATL,NYG,4.5,52.0,0.6600024206947392,1,0.6423489394465774,0.6509506494496741,0.6600024206947392,logistic
2018_08_MIA_HOU,2018,8,2018-10-25,HOU,MIA,7.5,45.0,0.752849022990131,1,0.7848482399770756,0.7973277886487422,0.752849022990131,logistic
2018_08_SF_ARI,2018,8,2018-10-28,ARI,SF,-2.5,40.0,0.43391066545123064,1,0.41986876497163284,0.4172050981660975,0.43391066545123064,logistic
2018_08_BAL_CAR,2018,8,2018-10-28,CAR,BAL,-2.5,44.0,0.4259645555419216,1,0.4743611633051261,0.4745736829294089,0.4259645555419216,logistic
2018_08_NYJ_CHI,2018,8,2018-10-28,CHI,NYJ,8.5,42.5,0.7590361445783131,1,0.7639725534625337,0.7762109991195851,0.7590361445783131,logistic
2018_08_TB_CIN,2018,8,2018-10-28,CIN,TB,3.5,55.0,0.6422270143109194,1,0.5535002318343786,0.5579011905746897,0.6422270143109194,logistic
2018_08_SEA_DET,2018,8,2018-10-28,DET,SEA,3.0,47.5,0.6033428208078484,0,0.5990652202041511,0.6057258545813842,0.6033428208078484,logistic
2018_08_PHI_JAX,2018,8,2018-10-28,JAX,PHI,-4.0,44.5,0.341130604288499,0,0.3236535090961419,0.316458345595777,0.341130604288499,logistic
2018_08_DEN_KC,2018,8,2018-10-28,KC,DEN,8.5,53.0,0.7766031805494009,1,0.7671198042002788,0.7794034415903414,0.7766031805494009,logistic
2018_08_GB_LA,2018,8,2018-10-28,LA,GB,7.5,57.0,0.75416247625433,1,0.691315879802099,0.7017666228767218,0.75416247625433,logistic
2018_08_NO_MIN,2018,8,2018-10-28,MIN,NO,-2.5,53.5,0.4479937670432412,0,0.4641329359911727,0.46379882650750137,0.4479937670432412,logistic
2018_08_WAS_NYG,2018,8,2018-10-28,NYG,WAS,-1.0,43.0,0.4930284439486894,0,0.4113933100500878,0.4082947239792194,0.4930284439486894,logistic
2018_08_IND_OAK,2018,8,2018-10-28,OAK,IND,-3.5,51.0,0.36851357510254573,0,0.40855059641054514,0.4053072240356851,0.36851357510254573,logistic
2018_08_CLE_PIT,2018,8,2018-10-28,PIT,CLE,8.5,47.5,0.7719291548973205,1,0.7824878561492093,0.7949472567396689,0.7719291548973205,logistic
2018_08_NE_BUF,2018,8,2018-10-29,BUF,NE,-13.5,44.0,0.1151399805559675,0,0.13423860195276263,0.12375897702933379,0.1151399805559675,logistic
2018_09_OAK_SF,2018,9,2018-11-01,SF,OAK,-1.5,44.0,0.47377843762281124,1,0.4262623824625901,0.4239297472629292,0.47377843762281124,logistic
2018_09_PIT_BAL,2018,9,2018-11-04,BAL,PIT,1.5,47.0,0.5500363507751557,0,0.5591650029365782,0.563855927617082,0.5500363507751557,logistic
2018_09_CHI_BUF,2018,9,2018-11-04,BUF,CHI,-10.5,38.0,0.21891418563922943,0,0.18505454676101418,0.17430943074794328,0.21891418563922943,logistic
2018_09_TB_CAR,2018,9,2018-11-04,CAR,TB,6.0,55.5,0.7234124879978217,1,0.6759766862133274,0.6858949313651252,0.7234124879978217,logistic
2018_09_KC_CLE,2018,9,2018-11-04,CLE,KC,-7.5,51.0,0.2270577105014191,0,0.22002541296378397,0.20968307434574043,0.2270577105014191,logistic
2018_09_HOU_DEN,2018,9,2018-11-04,DEN,HOU,1.0,46.5,0.5305667495498585,0,0.5330372255032253,0.5363749157143389,0.5305667495498585,logistic
2018_09_NYJ_MIA,2018,9,2018-11-04,MIA,NYJ,3.0,43.5,0.5933014354066986,1,0.4769925877661124,0.47734594297387695,0.5933014354066986,logistic
2018_09_DET_MIN,2018,9,2018-11-04,MIN,DET,4.5,47.0,0.6691291228800332,1,0.6424240808500475,0.6510289384317938,0.6691291228800332,logistic
2018_09_GB_NE,2018,9,2018-11-04,NE,GB,5.0,56.0,0.6723085403948631,1,0.7167900595344063,0.7280160725779687,0.6723085403948631,logistic
2018_09_LA_NO,2018,9,2018-11-04,NO,LA,-2.5,57.5,0.4433028919330289,1,0.44363792434878635,0.4422155592866573,0.4433028919330289,logistic
2018_09_LAC_SEA,2018,9,2018-11-04,SEA,LAC,1.0,48.5,0.497677011707861,0,0.5218990250422038,0.524649596376454,0.497677011707861,logistic
2018_09_ATL_WAS,2018,9,2018-11-04,WAS,ATL,1.5,46.5,0.5480494766888677,0,0.46648684126334206,0.46627839009201316,0.5480494766888677,logistic
2018_09_TEN_DAL,2018,9,2018-11-05,DAL,TEN,4.5,40.0,0.6780652506772408,0,0.6955749168583645,0.7061651093666975,0.6780652506772408,logistic
2018_10_CAR_PIT,2018,10,2018-11-08,PIT,CAR,3.5,51.0,0.6384336294257477,1,0.6969170593493546,0.7075504086001846,0.6384336294257477,logistic
2018_10_DET_CHI,2018,10,2018-11-11,CHI,DET,7.5,44.5,0.7437774524158125,1,0.7376119009301734,0.7493581997431427,0.7437774524158125,logistic
2018_10_NO_CIN,2018,10,2018-11-11,CIN,NO,-5.5,53.0,0.3003616251861306,0,0.32085754156178414,0.31354837594052665,0.3003616251861306,logistic
2018_10_ATL_CLE,2018,10,2018-11-11,CLE,ATL,-5.5,49.5,0.3128007699711261,1,0.2790538779956561,0.27020859080152704,0.3128007699711261,logistic
2018_10_MIA_GB,2018,10,2018-11-11,GB,MIA,13.0,48.5,0.8336954806443391,1,0.8291267997773444,0.8416069904048494,0.8336954806443391,logistic
2018_10_JAX_IND,2018,10,2018-11-11,IND,JAX,3.0,48.0,0.5949110703209063,1,0.49968759349368214,0.5012558997213341,0.5949110703209063,logistic
2018_10_ARI_KC,2018,10,2018-11-11,KC,ARI,16.5,49.5,0.896544808509511,1,0.8898781515408821,0.9009252957959684,0.896544808509511,logistic
2018_10_SEA_LA,2018,10,2018-11-11,LA,SEA,10.0,51.0,0.7882908557935022,1,0.762462575247791,0.7746782670816952,0.7882908557935022,logistic
2018_10_BUF_NYJ,2018,10,2018-11-11,NYJ,BUF,6.5,38.0,0.7086409898223908,0,0.6479433440628378,0.6567770312619794,0.7086409898223908,logistic
2018_10_LAC_OAK,2018,10,2018-11-11,OAK,LAC,-10.5,50.0,0.19880432381590293,0,0.14593446714835295,0.13529023361779421,0.19880432381590293,logistic
2018_10_DAL_PHI,2018,10,2018-11-11,PHI,DAL,7.5,45.5,0.7618424496205181,0,0.7768157250095811,0.7892191280986395,0.7618424496205181,logistic
2018_10_WAS_TB,2018,10,2018-11-11,TB,WAS,3.5,51.0,0.6314864248974542,0,0.48340004990642105,0.4840965127014608,0.6314864248974542,logistic
2018_10_NE_TEN,2018,10,2018-11-11,TEN,NE,-6.0,47.0,0.30783548698858143,1,0.32765086070079064,0.32062087441079773,0.30783548698858143,logistic
2018_10_NYG_SF,2018,10,2018-11-12,SF,NYG,3.0,45.0,0.6261005910022917,0,0.5867897828298603,0.5928597836213325,0.6261005910022917,logistic
2018_11_GB_SEA,2018,11,2018-11-15,SEA,GB,3.0,49.0,0.6033428208078484,1,0.6697398657807635,0.6794287250028977,0.6033428208078484,logistic
2018_11_OAK_ARI,2018,11,2018-11-18,ARI,OAK,4.5,41.0,0.6622465491588744,0,0.6409302408933513,0.6494723636595144,0.6622465491588744,logistic
2018_11_DAL_ATL,2018,11,2018-11-18,ATL,DAL,3.5,50.0,0.635427289414644,0,0.6063571649785243,0.6133611051902866,0.635427289414644,logistic
2018_11_CIN_BAL,2018,11,2018-11-18,BAL,CIN,6.5,44.0,0.7050630837293135,1,0.6352187143828801,0.6435179269549908,0.7050630837293135,logistic
2018_11_MIN_CHI,2018,11,2018-11-18,CHI,MIN,2.5,44.0,0.5642421122306391,1,0.5339813391155764,0.5373685588286155,0.5642421122306391,logistic
2018_11_CAR_DET,2018,11,2018-11-18,DET,CAR,-4.0,48.0,0.35777298568908056,1,0.35010268465067207,0.34404505545021663,0.35777298568908056,logistic
2018_11_TEN_IND,2018,11,2018-11-18,IND,TEN,2.0,50.0,0.5500363507751557,1,0.5476995986306181,0.5518015173253735,0.5500363507751557,logistic
2018_11_PIT_JAX,2018,11,2018-11-18,JAX,PIT,-4.0,47.0,0.34727812147834686,0,0.3222695591420288,0.31501780716052147,0.34727812147834686,logistic
2018_11_DEN_LAC,2018,11,2018-11-18,LAC,DEN,7.5,47.0,0.7484638116234346,0,0.7179043982235953,0.7291609641352198,0.7484638116234346,logistic
2018_11_PHI_NO,2018,11,2018-11-18,NO,PHI,7.0,56.5,0.7496951042453104,1,0.7466616515493126,0.7585989904924082,0.7496951042453104,logistic
2018_11_TB_NYG,2018,11,2018-11-18,NYG,TB,3.0,54.5,0.6033428208078484,1,0.5776084525558973,0.5832271914419777,0.6033428208078484,logistic
2018_11_HOU_WAS,2018,11,2018-11-18,WAS,HOU,-3.0,40.5,0.39975399753997537,0,0.4354520477969866,0.4335990887369349,0.39975399753997537,logistic
2018_11_KC_LA,2018,11,2018-11-19,LA,KC,3.0,63.5,0.6143408084559349,1,0.5583698406481171,0.5630201927747495,0.6143408084559349,logistic
2018_12_WAS_DAL,2018,12,2018-11-22,DAL,WAS,7.0,40.0,0.7423428878604573,1,0.7771854263199773,0.7895928010889901,0.7423428878604573,logistic
2018_12_CHI_DET,2018,12,2018-11-22,DET,CHI,-3.0,43.0,0.39722399780841927,0,0.41746376168110777,0.4146762091973914,0.39722399780841927,logistic
2018_12_ATL_NO,2018,12,2018-11-22,NO,ATL,11.5,61.0,0.8185117967332123,1,0.85568776541533,0.8677749241535077,0.8185117967332123,logistic
2018_12_OAK_BAL,2018,12,2018-11-25,BAL,OAK,13.0,42.0,0.8449882810356586,1,0.8777964428176064,0.8892872507440711,0.8449882810356586,logistic
2018_12_JAX_BUF,2018,12,2018-11-25,BUF,JAX,-3.0,36.5,0.4066985645933015,1,0.3548776648968608,0.3490358483174059,0.4066985645933015,logistic
2018_12_SEA_CAR,2018,12,2018-11-25,CAR,SEA,3.0,46.5,0.6033428208078484,0,0.6300471729340831,0.6381223892617321,0.6033428208078484,logistic
2018_12_CLE_CIN,2018,12,2018-11-25,CIN,CLE,-1.0,46.5,0.4827086071703758,0,0.3770560180026062,0.37225273056786934,0.4827086071703758,logistic
2018_12_PIT_DEN,2018,12,2018-11-25,DEN,PIT,-3.0,47.5,0.39360687022900764,1,0.4155143024201282,0.412626599189182,0.39360687022900764,logistic
2018_12_MIA_IND,2018,12,2018-11-25,IND,MIA,9.0,52.5,0.7786282119074719,1,0.7434976072847301,0.7553706856372927,0.7786282119074719,logistic
2018_12_ARI_LAC,2018,12,2018-11-25,LAC,ARI,14.0,43.5,0.864132798951343,1,0.8755516661223479,0.8871153174800478,0.864132798951343,logistic
2018_12_GB_MIN,2018,12,2018-11-25,MIN,GB,4.0,48.5,0.6562218214607755,1,0.6340183963748643,0.6422659567248461,0.6562218214607755,logistic
2018_12_NE_NYJ,2018,12,2018-11-25,NYJ,NE,-13.0,46.5,0.16630451935566104,0,0.09712489309949342,0.08766798708990972,0.16630451935566104,logistic
2018_12_NYG_PHI,2018,12,2018-11-25,PHI,NYG,4.5,49.0,0.6658888417479847,1,0.6467442585732157,0.6555286323242828,0.6658888417479847,logistic
2018_12_SF_TB,2018,12,2018-11-25,TB,SF,1.5,54.5,0.5460453954604539,1,0.4234477206474342,0.420969063243345,0.5460453954604539,logistic
2018_12_TEN_HOU,2018,12,2018-11-26,HOU,TEN,3.5,42.5,0.6397067958752639,1,0.6494066940486888,0.6583002565250764,0.6397067958752639,logistic
2018_13_NO_DAL,2018,13,2018-11-29,DAL,NO,-7.0,51.5,0.2602804474554908,1,0.3049155041332512,0.29698173753240364,0.2602804474554908,logistic
2018_13_BAL_ATL,2018,13,2018-12-02,ATL,BAL,2.5,46.5,0.5810079557598683,0,0.5245707351238609,0.5274625747482617,0.5810079557598683,logistic
2018_13_DEN_CIN,2018,13,2018-12-02,CIN,DEN,-3.5,45.0,0.3752699784017279,0,0.30722454919388476,0.2993784692604825,0.3752699784017279,logistic
2018_13_LA_DET,2018,13,2018-12-02,DET,LA,-10.5,54.0,0.20128087831655989,0,0.15804388864133007,0.14729815487708736,0.20128087831655989,logistic
2018_13_ARI_GB,2018,13,2018-12-02,GB,ARI,13.5,41.0,0.8507091764333,0,0.8504927655352711,0.862683012467446,0.8507091764333,logistic
2018_13_CLE_HOU,2018,13,2018-12-02,HOU,CLE,5.0,47.5,0.6940056953853229,1,0.745485831603469,0.7573996123551734,0.6940056953853229,logistic
2018_13_IND_JAX,2018,13,2018-12-02,JAX,IND,-4.0,45.5,0.3500310228164034,1,0.2946864694002976,0.2863762587547299,0.3500310228164034,logistic
2018_13_BUF_MIA,2018,13,2018-12-02,MIA,BUF,3.5,40.0,0.6274614156466205,1,0.5006293083476825,0.5022479494916975,0.6274614156466205,logistic
2018_13_MIN_NE,2018,13,2018-12-02,NE,MIN,6.0,50.0,0.6921645130114186,1,0.7101078460153386,0.7211445332332942,0.6921645130114186,logistic
2018_13_CHI_NYG,2018,13,2018-12-02,NYG,CHI,-3.5,44.0,0.36674816625916873,1,0.35377721541223467,0.34788540114353045,0.36674816625916873,logistic
2018_13_KC_OAK,2018,13,2018-12-02,OAK,KC,-14.0,53.5,0.14020267272436865,0,0.08918653861965385,0.08006270855846456,0.14020267272436865,logistic
2018_13_LAC_PIT,2018,13,2018-12-02,PIT,LAC,3.5,53.5,0.6332518337408314,0,0.6407317679361157,0.6492655304747852,0.6332518337408314,logistic
2018_13_SF_SEA,2018,13,2018-12-02,SEA,SF,10.0,45.5,0.809825673534073,1,0.7938601414682039,0.8063990490430117,0.809825673534073,logistic
2018_13_CAR_TB,2018,13,2018-12-02,TB,CAR,-3.5,52.0,0.36674816625916873,1,0.27176235368703994,0.2626853153124226,0.36674816625916873,logistic
2018_13_NYJ_TEN,2018,13,2018-12-02,TEN,NYJ,10.5,40.5,0.7923104001251613,1,0.7664194511712291,0.7786932951063518,0.7923104001251613,logistic
2018_13_WAS_PHI,2018,13,2018-12-03,PHI,WAS,5.5,45.0,0.6881525568730624,1,0.6410048204314751,0.6495500831690125,0.6881525568730624,logistic
2018_14_JAX_TEN,2018,14,2018-12-06,TEN,JAX,5.5,36.5,0.6958254667505769,1,0.709684995356238,0.7207093547268942,0.6958254667505769,logistic
2018_14_DET_ARI,2018,14,2018-12-09,ARI,DET,-2.5,40.0,0.4320786780923455,0,0.4457466372343716,0.4444356334163807,0.4320786780923455,logistic
2018_14_NYJ_BUF,2018,14,2018-12-09,BUF,NYJ,4.5,37.0,0.6622465491588744,0,0.6415955085810845,0.650165611187916,0.6622465491588744,logistic
2018_14_LA_CHI,2018,14,2018-12-09,CHI,LA,-3.0,50.5,0.4320786780923455,1,0.39433879485690804,0.39038078822317673,0.4320786780923455,logistic
2018_14_CAR_CLE,2018,14,2018-12-09,CLE,CAR,-1.0,48.0,0.47377843762281124,1,0.40370740544612405,0.4002187143804237,0.47377843762281124,logistic
2018_14_PHI_DAL,2018,14,2018-12-09,DAL,PHI,3.5,46.0,0.6332518337408314,1,0.5810440624877105,0.5868325562503208,0.6332518337408314,logistic
2018_14_ATL_GB,2018,14,2018-12-09,GB,ATL,4.0,51.0,0.6332518337408314,1,0.6452780910084299,0.6540018629835771,0.6332518337408314,logistic
2018_14_IND_HOU,2018,14,2018-12-09,HOU,IND,4.0,49.5,0.6463391320971134,0,0.6508492916299417,0.6598015476597859,0.6463391320971134,logistic
2018_14_BAL_KC,2018,14,2018-12-09,KC,BAL,6.5,49.0,0.7119235543480806,1,0.7119842672483451,0.7230751655466665,0.7119235543480806,logistic
2018_14_CIN_LAC,2018,14,2018-12-09,LAC,CIN,17.0,48.5,0.8978516559479396,1,0.9002252928158329,0.9108188930862644,0.8978516559479396,logistic
2018_14_NE_MIA,2018,14,2018-12-09,MIA,NE,-8.5,49.5,0.23294907543659243,1,0.17442787510138474,0.16364726225765444,0.23294907543659243,logistic
2018_14_PIT_OAK,2018,14,2018-12-09,OAK,PIT,-10.5,51.0,0.2016780791724219,1,0.17856962870819773,0.16779763485828436,0.2016780791724219,logistic
2018_14_DEN_SF,2018,14,2018-12-09,SF,DEN,-3.0,45.5,0.39360687022900764,1,0.40488187059256125,0.4014525072278019,0.39360687022900764,logistic
2018_14_NO_TB,2018,14,2018-12-09,TB,NO,-8.5,55.0,0.2270577105014191,0,0.18910376971184467,0.17838348267962842,0.2270577105014191,logistic
2018_14_NYG_WAS,2018,14,2018-12-09,WAS,NYG,-3.0,40.5,0.38911639972601536,0,0.3951217090851371,0.3912026433797022,0.38911639972601536,logistic
2018_14_MIN_SEA,2018,14,2018-12-10,SEA,MIN,3.0,45.5,0.6129732508818783,1,0.6283873563221842,0.6363898888734593,0.6129732508818783,logistic
2018_15_LAC_KC,2018,15,2018-12-13,KC,LAC,3.5,54.0,0.6438780948689375,0,0.6351309263946959,0.643426368263584,0.6438780948689375,logistic
2018_15_CLE_DEN,2018,15,2018-12-15,DEN,CLE,1.0,47.0,0.5480494766888677,0,0.6030414111339696,0.609889977471847,0.5480494766888677,logistic
2018_15_HOU_NYJ,2018,15,2018-12-15,NYJ,HOU,-7.0,44.0,0.2765875120021783,0,0.30099100908414084,0.2929104671810766,0.2765875120021783,logistic
2018_15_ARI_ATL,2018,15,2018-12-16,ATL,ARI,10.0,43.5,0.7739466476569241,1,0.7770542869074938,0.7894602579413742,0.7739466476569241,logistic
2018_15_TB_BAL,2018,15,2018-12-16,BAL,TB,8.5,44.5,0.7719291548973205,1,0.7881332829331598,0.8006377256296137,0.7719291548973205,logistic
2018_15_DET_BUF,2018,15,2018-12-16,BUF,DET,2.5,40.0,0.5792858120125872,1,0.5809472604883845,0.5867309855736005,0.5792858120125872,logistic
2018_15_GB_CHI,2018,15,2018-12-16,CHI,GB,6.0,46.5,0.6958254667505769,1,0.6881038379145787,0.6984469397494051,0.6958254667505769,logistic
2018_15_OAK_CIN,2018,15,2018-12-16,CIN,OAK,3.0,46.0,0.5933014354066986,1,0.6081542582943189,0.6152418849309979,0.5933014354066986,logistic
2018_15_DAL_IND,2018,15,2018-12-16,IND,DAL,3.0,47.0,0.6172248803827751,1,0.6284108664035958,0.6364144311083846,0.6172248803827751,logistic
2018_15_WAS_JAX,2018,15,2018-12-16,JAX,WAS,7.5,36.0,0.7534450148608485,0,0.7106400782877611,0.7216922241766066,0.7534450148608485,logistic
2018_15_PHI_LA,2018,15,2018-12-16,LA,PHI,13.5,52.5,0.8598130841121495,0,0.815186224618001,0.8277480872684886,0.8598130841121495,logistic
2018_15_MIA_MIN,2018,15,2018-12-16,MIN,MIA,7.5,45.0,0.7623960482711186,1,0.7652758954567377,0.7775334240390406,0.7623960482711186,logistic
2018_15_TEN_NYG,2018,15,2018-12-16,NYG,TEN,-2.5,42.0,0.46097238299983456,0,0.4120139043932847,0.40894700212172574,0.46097238299983456,logistic
2018_15_NE_PIT,2018,15,2018-12-16,PIT,NE,-2.5,55.0,0.4499636492248442,1,0.40502540115015845,0.40160329538804707,0.4499636492248442,logistic
2018_15_SEA_SF,2018,15,2018-12-16,SF,SEA,-3.5,44.0,0.3414829480990412,1,0.3212177000459105,0.31392314760008533,0.3414829480990412,logistic
2018_15_NO_CAR,2018,15,2018-12-17,CAR,NO,-6.0,50.5,0.30417453324942306,0,0.2542190057207937,0.24463481756356417,0.30417453324942306,logistic
2018_16_BAL_LAC,2018,16,2018-12-22,LAC,BAL,4.0,42.5,0.6487671491207393,0,0.6580090025945701,0.6672475615180256,0.6487671491207393,logistic
2018_16_WAS_TEN,2018,16,2018-12-22,TEN,WAS,12.5,38.0,0.8327427085152865,1,0.8276461306598406,0.840138852234037,0.8327427085152865,logistic
2018_16_LA_ARI,2018,16,2018-12-23,ARI,LA,-14.5,43.0,0.15700453882184118,0,0.10838963998458608,0.09853411618609957,0.15700453882184118,logistic
2018_16_ATL_CAR,2018,16,2018-12-23,CAR,ATL,-2.5,46.5,0.41899204424013164,0,0.35480345809725156,0.3489582651604787,0.41899204424013164,logistic
2018_16_CIN_CLE,2018,16,2018-12-23,CLE,CIN,10.0,44.0,0.7750359478640011,1,0.7342183611998204,0.7458873725812676,0.7750359478640011,logistic
2018_16_TB_DAL,2018,16,2018-12-23,DAL,TB,7.0,48.0,0.741037721131946,1,0.7578124235757013,0.7699537458720206,0.741037721131946,logistic
2018_16_MIN_DET,2018,16,2018-12-23,DET,MIN,-6.5,41.5,0.2905315298152029,0,0.31441221215834325,0.3068452027200076,0.2905315298152029,logistic
2018_16_NYG_IND,2018,16,2018-12-23,IND,NYG,10.0,48.5,0.7810858143607706,1,0.8098930601591208,0.8224653352742782,0.7810858143607706,logistic
2018_16_JAX_MIA,2018,16,2018-12-23,MIA,JAX,3.0,39.5,0.5910582378327702,0,0.5216964514286888,0.5244363013422144,0.5910582378327702,logistic
2018_16_BUF_NE,2018,16,2018-12-23,NE,BUF,14.0,46.0,0.8534482758620688,1,0.858127957088496,0.8701620305623657,0.8534482758620688,logistic
2018_16_PIT_NO,2018,16,2018-12-23,NO,PIT,6.5,53.0,0.7113173006211763,1,0.7464895697963875,0.7584234849240608,0.7113173006211763,logistic
2018_16_GB_NYJ,2018,16,2018-12-23,NYJ,GB,-3.0,47.5,0.42845967856634903,0,0.3854099190791624,0.3810116642857218,0.42845967856634903,logistic
2018_16_HOU_PHI,2018,16,2018-12-23,PHI,HOU,1.0,47.0,0.537852568752202,1,0.5450282191346135,0.5489917489036176,0.537852568752202,logistic
2018_16_KC_SEA,2018,16,2018-12-23,SEA,KC,-1.0,54.0,0.47499179161650434,1,0.4531697427316758,0.45225198544021145,0.47499179161650434,logistic
2018_16_CHI_SF,2018,16,2018-12-23,SF,CHI,-3.5,44.0,0.360293204124736,0,0.36437619566097573,0.3589721803847696,0.360293204124736,logistic
2018_16_DEN_OAK,2018,16,2018-12-24,OAK,DEN,-2.5,42.5,0.4479937670432412,1,0.34305455017775366,0.3366839129808308,0.4479937670432412,logistic
2018_17_CLE_BAL,2018,17,2018-12-30,BAL,CLE,7.0,41.0,0.7464578672632363,1,0.7436484328487765,0.7555246368661307,0.7464578672632363,logistic
2018_17_MIA_BUF,2018,17,2018-12-30,BUF,MIA,5.5,39.5,0.6969696969696969,1,0.6531091791997011,0.6621527095043501,0.6969696969696969,logistic
2018_17_LAC_DEN,2018,17,2018-12-30,DEN,LAC,-7.0,43.5,0.28787053606161983,0,0.26594543241556634,0.2566921314748097,0.28787053606161983,logistic
2018_17_DET_GB,2018,17,2018-12-30,GB,DET,7.5,44.5,0.7458277383464417,0,0.6978055027273593,0.7084672097556791,0.7458277383464417,logistic
2018_17_JAX_HOU,2018,17,2018-12-30,HOU,JAX,7.0,39.5,0.7389050529177836,1,0.7375989591117807,0.7493449689375326,0.7389050529177836,logistic
2018_17_OAK_KC,2018,17,2018-12-30,KC,OAK,14.5,54.0,0.859009216444509,1,0.8625438264651257,0.874474064975653,0.859009216444509,logistic
2018_17_SF_LA,2018,17,2018-12-30,LA,SF,10.5,50.5,0.7987191216834401,1,0.7712612408827487,0.783599674099291,0.7987191216834401,logistic
2018_17_CHI_MIN,2018,17,2018-12-30,MIN,CHI,6.0,39.5,0.6800775569558896,0,0.6780304981936864,0.6880226949983775,0.6800775569558896,logistic
2018_17_NYJ_NE,2018,17,2018-12-30,NE,NYJ,14.0,47.0,0.865276609290798,1,0.8905782825654124,0.9015969491939255,0.865276609290798,logistic
2018_17_CAR_NO,2018,17,2018-12-30,NO,CAR,8.0,42.0,0.7403802739176241,0,0.7525713287262379,0.7646212066522405,0.7403802739176241,logistic
2018_17_DAL_NYG,2018,17,2018-12-30,NYG,DAL,7.5,38.5,0.7529750155095595,0,0.6690549754885528,0.6787182113139691,0.7529750155095595,logistic
2018_17_CIN_PIT,2018,17,2018-12-30,PIT,CIN,14.0,45.5,0.841953552360051,1,0.8504604442978958,0.8626512909839915,0.841953552360051,logistic
2018_17_ARI_SEA,2018,17,2018-12-30,SEA,ARI,15.5,39.5,0.8624016141693505,1,0.895118828066945,0.9059451243091992,0.8624016141693505,logistic
2018_17_ATL_TB,2018,17,2018-12-30,TB,ATL,-2.5,52.0,0.42667230861454913,0,0.34091497919522074,0.3344506810731691,0.42667230861454913,logistic
2018_17_IND_TEN,2018,17,2018-12-30,TEN,IND,-5.0,42.5,0.3366422097539922,0,0.3337006086434903,0.32692536110460113,0.3366422097539922,logistic
2018_17_PHI_WAS,2018,17,2018-12-30,WAS,PHI,-6.0,43.0,0.3069121964238057,0,0.2540425638441545,0.24445365539147673,0.3069121964238057,logistic
2018_18_SEA_DAL,2018,18,2019-01-05,DAL,SEA,2.5,43.0,0.5844112492697988,1,0.5572054437546403,0.5617963055503349,0.5844112492697988,logistic
2018_18_IND_HOU,2018,18,2019-01-05,HOU,IND,2.0,48.5,0.5399277029247453,0,0.5712321499269095,0.5765331525889965,0.5399277029247453,logistic
2018_18_LAC_BAL,2018,18,2019-01-06,BAL,LAC,3.0,43.0,0.5933014354066986,0,0.6166886135863627,0.6241684367622811,0.5933014354066986,logistic
2018_18_PHI_CHI,2018,18,2019-01-06,CHI,PHI,6.5,42.5,0.7086409898223908,0,0.7201185331497811,0.7314349255084308,0.7086409898223908,logistic
2018_19_IND_KC,2018,19,2019-01-12,KC,IND,4.0,54.5,0.6538962374066205,1,0.663616314002474,0.6730731067857069,0.6538962374066205,logistic
2018_19_DAL_LA,2018,19,2019-01-12,LA,DAL,7.5,48.0,0.7534450148608485,1,0.7191474878292687,0.7304377871582582,0.7534450148608485,logistic
2018_19_LAC_NE,2018,19,2019-01-13,NE,LAC,4.0,47.5,0.6384336294257477,1,0.6922993980366056,0.7027826780713063,0.6384336294257477,logistic
2018_19_PHI_NO,2018,19,2019-01-13,NO,PHI,8.5,52.0,0.7697759087280727,1,0.7260141210925843,0.7374840051105501,0.7697759087280727,logistic
2018_20_NE_KC,2018,20,2019-01-20,KC,NE,3.0,56.5,0.6186511705872493,0,0.5932481877370951,0.5996308419991616,0.6186511705872493,logistic
2018_20_LA_NO,2018,20,2019-01-20,NO,LA,3.0,55.0,0.5965083053348824,0,0.5741533323940511,0.5796003212545437,0.5965083053348824,logistic
2018_21_NE_LA,2018,21,2019-02-03,LA,NE,-2.0,55.5,0.46214743124779806,0,0.318129918500725,0.31071078024143906,0.46214743124779806,logistic
2019_01_GB_CHI,2019,1,2019-09-05,CHI,GB,3.5,47.0,0.6247300215982722,0,0.6551616273664493,0.6702578194643909,0.6247300215982722,logistic
2019_01_LA_CAR,2019,1,2019-09-08,CAR,LA,-1.5,49.5,0.4630595302657377,0,0.4065948784495152,0.4592624229844096,0.4630595302657377,logistic
2019_01_TEN_CLE,2019,1,2019-09-08,CLE,TEN,5.5,44.0,0.6807893209518282,0,0.6532651944532125,0.668670517023808,0.6807893209518282,logistic
2019_01_NYG_DAL,2019,1,2019-09-08,DAL,NYG,7.0,44.0,0.7368896226171744,1,0.7575483076542142,0.7567653116889419,0.7368896226171744,logistic
2019_01_KC_JAX,2019,1,2019-09-08,JAX,KC,-3.5,49.0,0.37118740340541323,0,0.33661720675271284,0.39644313802768616,0.37118740340541323,logistic
2019_01_IND_LAC,2019,1,2019-09-08,LAC,IND,6.0,44.5,0.7086409898223908,1,0.7302919928824781,0.7335114743388548,0.7086409898223908,logistic
2019_01_BAL_MIA,2019,1,2019-09-08,MIA,BAL,-7.0,41.0,0.2689661697325205,0,0.2377336885187699,0.3022106029306075,0.2689661697325205,logistic
2019_01_ATL_MIN,2019,1,2019-09-08,MIN,ATL,3.5,47.0,0.6228683865325755,1,0.6584249909492487,0.6729898340874422,0.6228683865325755,logistic
2019_01_PIT_NE,2019,1,2019-09-08,NE,PIT,5.5,49.0,0.6780652506772408,1,0.701887384215698,0.7094857205532911,0.6780652506772408,logistic
2019_01_BUF_NYJ,2019,1,2019-09-08,NYJ,BUF,2.5,41.0,0.5844112492697988,0,0.4951814222056677,0.5358602033034047,0.5844112492697988,logistic
2019_01_WAS_PHI,2019,1,2019-09-08,PHI,WAS,10.5,44.0,0.8027917403716482,1,0.77644137618987,0.7730341720224977,0.8027917403716482,logistic
2019_01_CIN_SEA,2019,1,2019-09-08,SEA,CIN,9.5,44.0,0.7801440983259166,1,0.847076633964921,0.8354772091010547,0.7801440983259166,logistic
2019_01_SF_TB,2019,1,2019-09-08,TB,SF,1.0,51.0,0.5069715560513107,0,0.5725335819776711,0.6011363018345784,0.5069715560513107,logistic
2019_01_HOU_NO,2019,1,2019-09-09,NO,HOU,6.5,52.0,0.7382366085679627,1,0.7432095764079383,0.7445038510607968,0.7382366085679627,logistic
2019_01_DEN_OAK,2019,1,2019-09-09,OAK,DEN,-3.0,42.5,0.4155887507302011,1,0.38840304573698264,0.443167400374855,0.4155887507302011,logistic
2019_02_TB_CAR,2019,2,2019-09-12,CAR,TB,6.5,48.0,0.7141340612678193,0,0.7399935252464706,0.741762643875641,0.7141340612678193,logistic
2019_02_PHI_ATL,2019,2,2019-09-15,ATL,PHI,-1.0,53.0,0.5,1,0.4486367873384016,0.495939904210898,0.5,logistic
2019_02_ARI_BAL,2019,2,2019-09-15,BAL,ARI,13.0,46.0,0.8419894866207438,1,0.9256136321646682,0.9103135331324472,0.8419894866207438,logistic
2019_02_SF_CIN,2019,2,2019-09-15,CIN,SF,1.0,46.0,0.5046466242274987,0,0.5898114319181736,0.615607592032203,0.5046466242274987,logistic
2019_02_CHI_DEN,2019,2,2019-09-15,DEN,CHI,-3.0,41.0,0.42003945309842866,0,0.47224020703510533,0.516261826677382,0.42003945309842866,logistic
2019_02_LAC_DET,2019,2,2019-09-15,DET,LAC,-1.0,47.0,0.4953533757725013,1,0.5488312752387142,0.5812355835902393,0.4953533757725013,logistic
2019_02_MIN_GB,2019,2,2019-09-15,GB,MIN,3.0,43.0,0.6069415603678434,1,0.5859517456142597,0.6123768421334764,0.6069415603678434,logistic
2019_02_JAX_HOU,2019,2,2019-09-15,HOU,JAX,7.5,43.0,0.7484073492752285,1,0.7912514298909464,0.785892408306869,0.7484073492752285,logistic
2019_02_NO_LA,2019,2,2019-09-15,LA,NO,2.0,52.5,0.5284039285250725,1,0.5223307678697887,0.5588908579117124,0.5284039285250725,logistic
2019_02_NE_MIA,2019,2,2019-09-15,MIA,NE,-18.0,48.5,0.099009900990099,0,0.07918067316446323,0.12573352053824233,0.099009900990099,logistic
2019_02_BUF_NYG,2019,2,2019-09-15,NYG,BUF,-1.0,44.5,0.4827086071703758,0,0.4523203048114387,0.49912291199390657,0.4827086071703758,logistic
2019_02_KC_OAK,2019,2,2019-09-15,OAK,KC,-7.0,53.5,0.27591339268162546,0,0.28104975197629584,0.3444531213374533,0.27591339268162546,logistic
2019_02_SEA_PIT,2019,2,2019-09-15,PIT,SEA,4.0,47.0,0.6459016393442624,0,0.6349455657742407,0.6533471431952477,0.6459016393442624,logistic
2019_02_IND_TEN,2019,2,2019-09-15,TEN,IND,3.0,43.5,0.6247300215982722,0,0.6376000036476507,0.6555665697098304,0.6247300215982722,logistic
2019_02_DAL_WAS,2019,2,2019-09-15,WAS,DAL,-6.0,46.5,0.29196153724096346,0,0.34270804461603344,0.4020163000057611,0.29196153724096346,logistic
2019_02_CLE_NYJ,2019,2,2019-09-16,NYJ,CLE,-6.5,45.5,0.28507217303428406,0,0.21631039699376634,0.2806346214070146,0.28507217303428406,logistic
2019_03_TEN_JAX,2019,3,2019-09-19,JAX,TEN,-1.5,38.0,0.45801526717557256,1,0.49026539879741937,0.5316720229306354,0.45801526717557256,logistic
2019_03_CAR_ARI,2019,3,2019-09-22,ARI,CAR,2.5,46.0,0.5528282163459678,0,0.608881522341084,0.6315585726967146,0.5528282163459678,logistic
2019_03_CIN_BUF,2019,3,2019-09-22,BUF,CIN,5.5,43.5,0.696132596685083,1,0.725720222422368,0.7296319258706337,0.696132596685083,logistic
2019_03_LA_CLE,2019,3,2019-09-22,CLE,LA,-4.0,48.0,0.33564198188598826,0,0.4144232766410826,0.46614414036266477,0.33564198188598826,logistic
2019_03_MIA_DAL,2019,3,2019-09-22,DAL,MIA,22.0,46.5,0.937309434930043,1,0.9250390578607289,0.9097309265241544,0.937309434930043,logistic
2019_03_DEN_GB,2019,3,2019-09-22,GB,DEN,7.0,42.0,0.7432443808401381,1,0.7746123508091161,0.7714529687700864,0.7432443808401381,logistic
2019_03_ATL_IND,2019,3,2019-09-22,IND,ATL,1.0,48.0,0.5240193918025562,1,0.5642229906167253,0.5941660593698851,0.5240193918025562,logistic
2019_03_BAL_KC,2019,3,2019-09-22,KC,BAL,4.5,52.0,0.6654526975522995,1,0.7123024009921128,0.7182747509878338,0.6654526975522995,logistic
2019_03_HOU_LAC,2019,3,2019-09-22,LAC,HOU,3.0,49.0,0.6114139890963924,0,0.6557939045819245,0.6707870869275816,0.6114139890963924,logistic
2019_03_OAK_MIN,2019,3,2019-09-22,MIN,OAK,8.5,43.0,0.7780073411433721,1,0.850843497833161,0.8389034249398242,0.7780073411433721,logistic
2019_03_NYJ_NE,2019,3,2019-09-22,NE,NYJ,20.5,43.0,0.9253624914304412,1,0.9518427025238193,0.9378140180853749,0.9253624914304412,logistic
2019_03_DET_PHI,2019,3,2019-09-22,PHI,DET,4.0,45.0,0.6618106139438086,0,0.709616683204879,0.7160062646088978,0.6618106139438086,logistic
2019_03_NO_SEA,2019,3,2019-09-22,SEA,NO,5.0,44.0,0.6742671009771987,0,0.6700484094790304,0.6827279435698016,0.6742671009771987,logistic
2019_03_PIT_SF,2019,3,2019-09-22,SF,PIT,6.0,44.5,0.71333597633497,1,0.7001851057426095,0.7080511618124399,0.71333597633497,logistic
2019_03_NYG_TB,2019,3,2019-09-22,TB,NYG,5.0,48.0,0.6779230919383173,0,0.6553285348101492,0.6703975318217495,0.6779230919383173,logistic
2019_03_CHI_WAS,2019,3,2019-09-23,WAS,CHI,-5.0,41.0,0.320067869813358,0,0.3697923287617866,0.4265401876656326,0.320067869813358,logistic
2019_04_PHI_GB,2019,4,2019-09-26,GB,PHI,3.5,46.0,0.6379977530895019,0,0.6831039306787194,0.6936827966677711,0.6379977530895019,logistic
2019_04_SEA_ARI,2019,4,2019-09-29,ARI,SEA,-5.5,49.0,0.31488140709135287,0,0.2865914122245246,0.34973978012880663,0.31488140709135287,logistic
2019_04_TEN_ATL,2019,4,2019-09-29,ATL,TEN,3.5,46.0,0.6191482263983098,0,0.6248490980198084,0.6449066946363299,0.6191482263983098,logistic
2019_04_CLE_BAL,2019,4,2019-09-29,BAL,CLE,7.5,47.0,0.7437482371439031,0,0.7468671650084103,0.7476252291908039,0.7437482371439031,logistic
2019_04_NE_BUF,2019,4,2019-09-29,BUF,NE,-7.0,41.5,0.2596297346966464,0,0.31209512933383454,0.37376745291960556,0.2596297346966464,logistic
2019_04_MIN_CHI,2019,4,2019-09-29,CHI,MIN,-1.0,38.0,0.4930284439486894,1,0.5423366229166199,0.5757698805473931,0.4930284439486894,logistic
2019_04_JAX_DEN,2019,4,2019-09-29,DEN,JAX,2.5,37.0,0.5642421122306391,0,0.6526948929146384,0.6681932253678087,0.5642421122306391,logistic
2019_04_KC_DET,2019,4,2019-09-29,DET,KC,-7.5,54.5,0.23850155231613795,0,0.3231256358508397,0.38401611428993804,0.23850155231613795,logistic
2019_04_CAR_HOU,2019,4,2019-09-29,HOU,CAR,5.5,47.5,0.6999193060318741,0,0.763793165523467,0.762127572480809,0.6999193060318741,logistic
2019_04_OAK_IND,2019,4,2019-09-29,IND,OAK,5.5,46.0,0.688252023627215,0,0.7670451870629525,0.7649257365335232,0.688252023627215,logistic
2019_04_TB_LA,2019,4,2019-09-29,LA,TB,9.0,48.5,0.8001430041331682,0,0.8479648583371233,0.8362840162782169,0.8001430041331682,logistic
2019_04_LAC_MIA,2019,4,2019-09-29,MIA,LAC,-15.0,43.5,0.13802307087621798,0,0.12677706401369027,0.1837644590900103,0.13802307087621798,logistic
2019_04_DAL_NO,2019,4,2019-09-29,NO,DAL,-2.5,47.0,0.43026174256005734,1,0.46390322223797453,0.5091035157046083,0.43026174256005734,logistic
2019_04_WAS_NYG,2019,4,2019-09-29,NYG,WAS,3.0,48.0,0.6039037320401216,1,0.5607107218769676,0.591218001566151,0.6039037320401216,logistic
2019_04_CIN_PIT,2019,4,2019-09-30,PIT,CIN,3.5,45.5,0.6252015045674368,1,0.6551467342013505,0.6702453530143423,0.6252015045674368,logistic
2019_05_LA_SEA,2019,5,2019-10-03,SEA,LA,1.5,49.0,0.5369404697342622,1,0.5598740833521716,0.5905155486606384,0.5369404697342622,logistic
2019_05_JAX_CAR,2019,5,2019-10-06,CAR,JAX,3.0,41.0,0.6375766544186806,1,0.675405039565723,0.6872202389654695,0.6375766544186806,logistic
2019_05_ARI_CIN,2019,5,2019-10-06,CIN,ARI,3.0,45.0,0.5916792592354435,0,0.6249583486076694,0.6449980188411565,0.5916792592354435,logistic
2019_05_GB_DAL,2019,5,2019-10-06,DAL,GB,3.5,46.5,0.6279229893276131,0,0.711370973476812,0.7174878532322385,0.6279229893276131,logistic
2019_05_ATL_HOU,2019,5,2019-10-06,HOU,ATL,4.0,49.0,0.6569372429822994,1,0.672030525245835,0.6843898628663261,0.6569372429822994,logistic
2019_05_IND_KC,2019,5,2019-10-06,KC,IND,10.5,55.5,0.8088171988554355,0,0.8051926203427251,0.7980947793798567,0.8088171988554355,logistic
2019_05_DEN_LAC,2019,5,2019-10-06,LAC,DEN,4.0,46.0,0.6745662547167928,0,0.7012331339943894,0.7089343033667463,0.6745662547167928,logistic
2019_05_TB_NO,2019,5,2019-10-06,NO,TB,3.0,46.0,0.5816746508332771,1,0.6460203016445382,0.6626086461678934,0.5816746508332771,logistic
2019_05_MIN_NYG,2019,5,2019-10-06,NYG,MIN,-5.5,44.0,0.3108038311329388,0,0.3334830019850698,0.39356648423136686,0.3108038311329388,logistic
2019_05_CHI_OAK,2019,5,2019-10-06,OAK,CHI,-6.5,39.5,0.29300627641859867,1,0.2867537184685631,0.3498942488012386,0.29300627641859867,logistic
2019_05_NYJ_PHI,2019,5,2019-10-06,PHI,NYJ,14.0,43.0,0.8589779257283742,1,0.8437184997038719,0.832432841329881,0.8589779257283742,logistic
2019_05_BAL_PIT,2019,5,2019-10-06,PIT,BAL,-3.5,44.0,0.3747984954325632,0,0.38998707069966243,0.44457483544580245,0.3747984954325632,logistic
2019_05_BUF_TEN,2019,5,2019-10-06,TEN,BUF,3.5,39.5,0.6283801591903431,0,0.6969866511987585,0.7053571169042482,0.6283801591903431,logistic
2019_05_NE_WAS,2019,5,2019-10-06,WAS,NE,-15.5,42.0,0.12191974859069715,0,0.10004578121267176,0.1519391369616019,0.12191974859069715,logistic
2019_05_CLE_SF,2019,5,2019-10-07,SF,CLE,5.0,47.5,0.6745662547167928,1,0.6723109567183451,0.6846250266537487,0.6745662547167928,logistic
2019_06_NYG_NE,2019,6,2019-10-10,NE,NYG,16.5,43.0,0.8867369007501867,1,0.9436720482320538,0.9290341693618401,0.8867369007501867,logistic
2019_06_ATL_ARI,2019,6,2019-10-13,ARI,ATL,-3.0,52.5,0.39819971012281646,1,0.38162629912368573,0.43713266473789114,0.39819971012281646,logistic
2019_06_CIN_BAL,2019,6,2019-10-13,BAL,CIN,10.5,47.0,0.8154296160877514,1,0.8183736900620281,0.8097321504234873,0.8154296160877514,logistic
2019_06_SEA_CLE,2019,6,2019-10-13,CLE,SEA,1.0,45.5,0.5172913928296243,0,0.5554073817231286,0.5867638004962237,0.5172913928296243,logistic
2019_06_TEN_DEN,2019,6,2019-10-13,DEN,TEN,1.0,41.0,0.533647048893203,1,0.5802912228356151,0.6076367737588481,0.533647048893203,logistic
2019_06_NO_JAX,2019,6,2019-10-13,JAX,NO,2.5,42.5,0.5679213219076544,0,0.5577969404291505,0.5887711868108395,0.5679213219076544,logistic
2019_06_HOU_KC,2019,6,2019-10-13,KC,HOU,3.5,54.5,0.6336902505251294,0,0.6671175869564006,0.6802713167292859,0.6336902505251294,logistic
2019_06_SF_LA,2019,6,2019-10-13,LA,SF,3.0,49.5,0.5816746508332771,0,0.5909162250233811,0.6165321812717663,0.5816746508332771,logistic
2019_06_PIT_LAC,2019,6,2019-10-13,LAC,PIT,6.0,42.5,0.696132596685083,0,0.7664869662677366,0.7644451331893115,0.696132596685083,logistic
2019_06_WAS_MIA,2019,6,2019-10-13,MIA,WAS,-6.0,42.0,0.3136531365313653,0,0.2784532693136473,0.34196757438215747,0.3136531365313653,logistic
2019_06_PHI_MIN,2019,6,2019-10-13,MIN,PHI,3.5,44.0,0.6210456942003515,1,0.6902976050278316,0.6997284715877812,0.6210456942003515,logistic
2019_06_DAL_NYJ,2019,6,2019-10-13,NYJ,DAL,-7.0,43.5,0.26242745394902856,1,0.21161548667260033,0.2758376858683433,0.26242745394902856,logistic
2019_06_CAR_TB,2019,6,2019-10-13,TB,CAR,-2.0,48.5,0.45801526717557256,0,0.3569107431120858,0.41492719484916707,0.45801526717557256,logistic
2019_06_DET_GB,2019,6,2019-10-14,GB,DET,3.5,47.0,0.6471201212580523,1,0.5879354440680442,0.6140374207605184,0.6471201212580523,logistic
2019_07_KC_DEN,2019,7,2019-10-17,DEN,KC,-3.0,49.5,0.4166248368637687,0,0.39957035957476017,0.4530651057114182,0.4166248368637687,logistic
2019_07_LA_ATL,2019,7,2019-10-20,ATL,LA,-3.0,54.5,0.40832074076455643,0,0.36831167103916834,0.42520983733346923,0.40832074076455643,logistic
2019_07_MIA_BUF,2019,7,2019-10-20,BUF,MIA,17.0,42.5,0.8913998705928935,1,0.907318982016452,0.8920866528616098,0.8913998705928935,logistic
2019_07_NO_CHI,2019,7,2019-10-20,CHI,NO,4.0,37.0,0.6621475756659903,0,0.6624337007539948,0.6763469731088709,0.6621475756659903,logistic
2019_07_JAX_CIN,2019,7,2019-10-20,CIN,JAX,-4.0,44.5,0.3367436672886772,0,0.40105342250374654,0.4543753212651019,0.3367436672886772,logistic
2019_07_PHI_DAL,2019,7,2019-10-20,DAL,PHI,3.0,50.0,0.6069415603678434,1,0.6386359398491883,0.656432795791051,0.6069415603678434,logistic
2019_07_MIN_DET,2019,7,2019-10-20,DET,MIN,-2.5,43.5,0.4357578877693609,0,0.42952412271310614,0.47934892751877467,0.4357578877693609,logistic
2019_07_OAK_GB,2019,7,2019-10-20,GB,OAK,5.5,48.0,0.6873022714142923,1,0.6808788856579351,0.6918142899922283,0.6873022714142923,logistic
2019_07_HOU_IND,2019,7,2019-10-20,IND,HOU,1.5,46.5,0.5327102803738317,1,0.5298221119697747,0.5652194432535587,0.5327102803738317,logistic
2019_07_ARI_NYG,2019,7,2019-10-20,NYG,ARI,3.5,49.5,0.6362901596282077,0,0.6463367765797476,0.6628733826018015,0.6362901596282077,logistic
2019_07_BAL_SEA,2019,7,2019-10-20,SEA,BAL,3.0,49.0,0.5955112768937784,0,0.5909908767217913,0.6165946537495963,0.5955112768937784,logistic
2019_07_LAC_TEN,2019,7,2019-10-20,TEN,LAC,3.0,42.5,0.5955112768937784,1,0.5871810427079008,0.6134059337137964,0.5955112768937784,logistic
2019_07_SF_WAS,2019,7,2019-10-20,WAS,SF,-10.0,39.0,0.2154605263157895,0,0.2881376732416203,0.3512105314079663,0.2154605263157895,logistic
2019_07_NE_NYJ,2019,7,2019-10-21,NYJ,NE,-9.5,43.0,0.23599440828535784,0,0.1819404585087284,0.24488105166851004,0.23599440828535784,logistic
2019_08_WAS_MIN,2019,8,2019-10-24,MIN,WAS,16.5,42.0,0.883065536404312,1,0.9355111837166715,0.9204694656831054,0.883065536404312,logistic
2019_08_SEA_ATL,2019,8,2019-10-27,ATL,SEA,-7.5,48.5,0.2588343276732446,0,0.22874995590522687,0.29322331102084404,0.2588343276732446,logistic
2019_08_PHI_BUF,2019,8,2019-10-27,BUF,PHI,1.0,39.5,0.5369404697342622,0,0.5492383020132448,0.5815779223580566,0.5369404697342622,logistic
2019_08_LAC_CHI,2019,8,2019-10-27,CHI,LAC,3.5,41.0,0.629269318749507,0,0.6775824592237949,0.689047248972907,0.629269318749507,logistic
2019_08_NYG_DET,2019,8,2019-10-27,DET,NYG,6.5,49.0,0.7072057697217258,1,0.7293261472212346,0.7326914215472284,0.7072057697217258,logistic
2019_08_OAK_HOU,2019,8,2019-10-27,HOU,OAK,5.0,52.0,0.683174291856825,1,0.7207173789534816,0.7253925300037775,0.683174291856825,logistic
2019_08_DEN_IND,2019,8,2019-10-27,IND,DEN,6.0,41.0,0.6851185929086472,1,0.7518495175946702,0.7518839931064922,0.6851185929086472,logistic
2019_08_NYJ_JAX,2019,8,2019-10-27,JAX,NYJ,7.0,39.5,0.7255610366150211,1,0.7831799304197296,0.7788722079629883,0.7255610366150211,logistic
2019_08_GB_KC,2019,8,2019-10-27,KC,GB,-5.0,48.0,0.3220769080616826,0,0.3314290421144361,0.39167798960941724,0.3220769080616826,logistic
2019_08_CIN_LA,2019,8,2019-10-27,LA,CIN,12.0,48.5,0.8291473616315197,1,0.8320472101867711,0.8219215392304213,0.8291473616315197,logistic
2019_08_CLE_NE,2019,8,2019-10-27,NE,CLE,9.5,43.0,0.7627068693058542,1,0.8386994616006038,0.8278997720080097,0.7627068693058542,logistic
2019_08_ARI_NO,2019,8,2019-10-27,NO,ARI,12.5,47.5,0.8301610541727672,1,0.8658282504046549,0.8526607417382076,0.8301610541727672,logistic
2019_08_CAR_SF,2019,8,2019-10-27,SF,CAR,4.5,41.0,0.6572903685241233,1,0.7115830500193402,0.7176670058793181,0.6572903685241233,logistic
2019_08_TB_TEN,2019,8,2019-10-27,TEN,TB,2.0,45.5,0.5357590966122961,1,0.5760504029002994,0.604083864709004,0.5357590966122961,logistic
2019_08_MIA_PIT,2019,8,2019-10-28,PIT,MIA,14.0,44.0,0.8360766173399501,1,0.8530146893355316,0.8408838731837435,0.8360766173399501,logistic
2019_09_SF_ARI,2019,9,2019-10-31,ARI,SF,-10.5,43.5,0.20847279334417138,0,0.24319687527971157,0.3076353417533598,0.20847279334417138,logistic
2019_09_NE_BAL,2019,9,2019-11-03,BAL,NE,-3.0,44.5,0.41493775933609955,1,0.3974903556049582,0.4512258739692138,0.41493775933609955,logistic
2019_09_WAS_BUF,2019,9,2019-11-03,BUF,WAS,10.5,37.0,0.7928552023906547,1,0.8741214681545083,0.8603710297808722,0.7928552023906547,logistic
2019_09_TEN_CAR,2019,9,2019-11-03,CAR,TEN,3.5,43.0,0.6252015045674368,1,0.6116986858292546,0.6339138342094002,0.6252015045674368,logistic
2019_09_CLE_DEN,2019,9,2019-11-03,DEN,CLE,-4.0,39.0,0.3569607343192249,1,0.38433129897354773,0.4395441291787298,0.3569607343192249,logistic
2019_09_HOU_JAX,2019,9,2019-11-03,JAX,HOU,1.0,46.0,0.5185243789416578,0,0.46419780586881176,0.5093568040425455,0.5185243789416578,logistic
2019_09_MIN_KC,2019,9,2019-11-03,KC,MIN,-5.5,46.0,0.32646911099949777,1,0.38228292235101496,0.4377183603869149,0.32646911099949777,logistic
2019_09_GB_LAC,2019,9,2019-11-03,LAC,GB,-4.0,50.0,0.3427096314758768,1,0.4323169764410583,0.48178149857408237,0.3427096314758768,logistic
2019_09_NYJ_MIA,2019,9,2019-11-03,MIA,NYJ,-3.5,42.5,0.3650052779508833,1,0.3681388256606389,0.4250544635903132,0.3650052779508833,logistic
2019_09_DET_OAK,2019,9,2019-11-03,OAK,DET,2.5,51.5,0.5740354444580784,1,0.5446519407838831,0.5777190939970077,0.5740354444580784,logistic
2019_09_CHI_PHI,2019,9,2019-11-03,PHI,CHI,5.0,41.0,0.6745662547167928,1,0.6835939767724712,0.6940944071769084,0.6745662547167928,logistic
2019_09_IND_PIT,2019,9,2019-11-03,PIT,IND,1.0,39.5,0.5274287332041203,1,0.5810623387550871,0.6082826443862864,0.5274287332041203,logistic
2019_09_TB_SEA,2019,9,2019-11-03,SEA,TB,4.0,51.0,0.6584314375725417,1,0.7063909371747575,0.713283576676411,0.6584314375725417,logistic
2019_09_DAL_NYG,2019,9,2019-11-04,NYG,DAL,-6.5,48.5,0.2735384297378303,0,0.21447244683723407,0.2787597991958107,0.2735384297378303,logistic
2019_10_LAC_OAK,2019,10,2019-11-07,OAK,LAC,-1.0,49.0,0.47377843762281124,1,0.44216596508295497,0.49033726133181077,0.47377843762281124,logistic
2019_10_DET_CHI,2019,10,2019-11-10,CHI,DET,6.0,38.0,0.7096900745390349,1,0.7310648605464819,0.7341678553361344,0.7096900745390349,logistic
2019_10_BAL_CIN,2019,10,2019-11-10,CIN,BAL,-10.5,44.0,0.2116883630752186,0,0.1354800124773043,0.19377480612842393,0.2116883630752186,logistic
2019_10_BUF_CLE,2019,10,2019-11-10,CLE,BUF,3.0,42.0,0.586736037934668,1,0.5621851235615722,0.5924557282340774,0.586736037934668,logistic
2019_10_MIN_DAL,2019,10,2019-11-10,DAL,MIN,3.5,48.5,0.6252015045674368,0,0.6557039363827272,0.6707117744917951,0.6252015045674368,logistic
2019_10_CAR_GB,2019,10,2019-11-10,GB,CAR,5.0,49.0,0.675595238095238,1,0.6731752029111301,0.685349819081055,0.675595238095238,logistic
2019_10_MIA_IND,2019,10,2019-11-10,IND,MIA,11.0,44.5,0.8022396950202525,0,0.8298729360716529,0.819974634567983,0.8022396950202525,logistic
2019_10_ATL_NO,2019,10,2019-11-10,NO,ATL,14.0,51.5,0.8393555347273013,0,0.8390012482949051,0.8281717772010516,0.8393555347273013,logistic
2019_10_NYG_NYJ,2019,10,2019-11-10,NYJ,NYG,-3.0,43.0,0.41899204424013164,1,0.39037504410045454,0.44491937774246576,0.41899204424013164,logistic
2019_10_LA_PIT,2019,10,2019-11-10,PIT,LA,-4.0,43.0,0.3367436672886772,1,0.3575068402584862,0.4154665719191473,0.3367436672886772,logistic
2019_10_ARI_TB,2019,10,2019-11-10,TB,ARI,5.5,51.0,0.6829002792370676,1,0.6805020668610406,0.691497916342017,0.6829002792370676,logistic
2019_10_KC_TEN,2019,10,2019-11-10,TEN,KC,-5.0,49.0,0.3190724859866813,1,0.39988690531781146,0.45334484053465557,0.3190724859866813,logistic
2019_10_SEA_SF,2019,10,2019-11-11,SF,SEA,6.5,47.0,0.7080384627590365,0,0.7365930878627872,0.7388675725458402,0.7080384627590365,logistic
2019_11_PIT_CLE,2019,11,2019-11-14,CLE,PIT,3.0,41.5,0.6039037320401216,1,0.5847007494971064,0.6113294761839608,0.6039037320401216,logistic
2019_11_HOU_BAL,2019,11,2019-11-17,BAL,HOU,4.0,51.0,0.666540435916856,1,0.6322632052894416,0.6511045626265283,0.666540435916856,logistic
2019_11_ATL_CAR,2019,11,2019-11-17,CAR,ATL,3.5,49.0,0.648330451760112,0,0.5860818739774067,0.6124857825345831,0.648330451760112,logistic
2019_11_DAL_DET,2019,11,2019-11-17,DET,DAL,-7.5,46.5,0.2366416065391796,0,0.29632122331676436,0.35896359683028245,0.2366416065391796,logistic
2019_11_JAX_IND,2019,11,2019-11-17,IND,JAX,2.5,41.5,0.5586071603727317,1,0.4999135256346248,0.5398861708773178,0.5586071603727317,logistic
2019_11_CHI_LA,2019,11,2019-11-17,LA,CHI,5.0,40.0,0.6802135750777858,1,0.7277254241031393,0.731332857639972,0.6802135750777858,logistic
2019_11_BUF_MIA,2019,11,2019-11-17,MIA,BUF,-7.0,41.5,0.26751500253054733,0,0.2745890144412458,0.3382581188457402,0.26751500253054733,logistic
2019_11_DEN_MIN,2019,11,2019-11-17,MIN,DEN,10.0,40.5,0.780155608608282,1,0.8177447511614575,0.8091744631970866,0.780155608608282,logistic
2019_11_CIN_OAK,2019,11,2019-11-17,OAK,CIN,13.0,48.0,0.8312468583191708,1,0.8449264384795854,0.8335268437497352,0.8312468583191708,logistic
2019_11_NE_PHI,2019,11,2019-11-17,PHI,NE,-4.5,45.0,0.34043487810235007,0,0.2776028666125138,0.34115230212133985,0.34043487810235007,logistic
2019_11_ARI_SF,2019,11,2019-11-17,SF,ARI,10.0,44.0,0.786035261712446,1,0.860597117244798,0.8478338280027334,0.786035261712446,logistic
2019_11_NO_TB,2019,11,2019-11-17,TB,NO,-5.0,50.5,0.3220769080616826,0,0.2849251660059278,0.3481527885677666,0.3220769080616826,logistic
2019_11_NYJ_WAS,2019,11,2019-11-17,WAS,NYJ,1.0,37.5,0.5369404697342622,0,0.5334896575004083,0.5683140833527535,0.5369404697342622,logistic
2019_11_KC_LAC,2019,11,2019-11-18,LAC,KC,-5.5,52.5,0.3108038311329388,0,0.29172557228810664,0.35461602703291,0.3108038311329388,logistic
2019_12_IND_HOU,2019,12,2019-11-21,HOU,IND,3.5,46.0,0.6306061713569676,1,0.647286707721346,0.6636680464276891,0.6306061713569676,logistic
2019_12_TB_ATL,2019,12,2019-11-24,ATL,TB,3.5,51.5,0.6297217024951262,0,0.6139452982637639,0.6357919744661864,0.6297217024951262,logistic
2019_12_DEN_BUF,2019,12,2019-11-24,BUF,DEN,3.5,37.0,0.6388542963885429,1,0.7233716660349638,0.7276410118330336,0.6388542963885429,logistic
2019_12_NYG_CHI,2019,12,2019-11-24,CHI,NYG,6.0,41.0,0.696132596685083,1,0.6949808822157735,0.7036685566447797,0.696132596685083,logistic
2019_12_PIT_CIN,2019,12,2019-11-24,CIN,PIT,-5.5,37.5,0.3257328990228013,0,0.28292062773293297,0.3462406632378981,0.3257328990228013,logistic
2019_12_MIA_CLE,2019,12,2019-11-24,CLE,MIA,11.0,45.5,0.791595099049582,1,0.8361193410048154,0.8255771258541023,0.791595099049582,logistic
2019_12_DAL_NE,2019,12,2019-11-24,NE,DAL,5.5,44.5,0.6789306742455842,1,0.7673894533856417,0.7652221949473166,0.6789306742455842,logistic
2019_12_CAR_NO,2019,12,2019-11-24,NO,CAR,10.0,46.0,0.7954597198863094,1,0.8090002828417182,0.8014459264671792,0.7954597198863094,logistic
2019_12_OAK_NYJ,2019,12,2019-11-24,NYJ,OAK,-3.5,45.0,0.3775590873156503,1,0.40616332613515044,0.45888230628863363,0.3775590873156503,logistic
2019_12_SEA_PHI,2019,12,2019-11-24,PHI,SEA,-1.0,45.5,0.5,0,0.4520202677485823,0.4988638108877235,0.5,logistic
2019_12_GB_SF,2019,12,2019-11-24,SF,GB,3.0,48.0,0.6196403872752421,1,0.5990280104136504,0.6233187373606917,0.6196403872752421,logistic
2019_12_JAX_TEN,2019,12,2019-11-24,TEN,JAX,4.5,42.0,0.6735308890005023,1,0.6286488228569338,0.6480830031440693,0.6735308890005023,logistic
2019_12_DET_WAS,2019,12,2019-11-24,WAS,DET,-4.0,39.0,0.36200224691049804,1,0.41325144924316637,0.4651156443473581,0.36200224691049804,logistic
2019_12_BAL_LA,2019,12,2019-11-25,LA,BAL,-3.5,47.0,0.39763241766580665,0,0.48605788847943127,0.5280826413731823,0.39763241766580665,logistic
2019_13_NO_ATL,2019,13,2019-11-28,ATL,NO,-7.0,48.0,0.2609486323551392,0,0.2802976890615669,0.3437337574118348,0.2609486323551392,logistic
2019_13_BUF_DAL,2019,13,2019-11-28,DAL,BUF,6.5,46.5,0.7271879798201359,0,0.7841828801219658,0.7797428628180688,0.7271879798201359,logistic
2019_13_CHI_DET,2019,13,2019-11-28,DET,CHI,-5.5,37.5,0.32135553607946243,0,0.31714143294894503,0.37846627906159486,0.32135553607946243,logistic
2019_13_LA_ARI,2019,13,2019-12-01,ARI,LA,-2.5,47.0,0.43316719528772085,0,0.3068229059559105,0.36883936971644843,0.43316719528772085,logistic
2019_13_SF_BAL,2019,13,2019-12-01,BAL,SF,5.5,45.0,0.688252023627215,1,0.7506691160525137,0.7508742900888581,0.688252023627215,logistic
2019_13_WAS_CAR,2019,13,2019-12-01,CAR,WAS,10.5,38.5,0.8026195304922302,0,0.829703339352834,0.8198229151991693,0.8026195304922302,logistic
2019_13_NYJ_CIN,2019,13,2019-12-01,CIN,NYJ,-2.5,43.0,0.46214743124779806,1,0.3298685864246414,0.39024146718082064,0.46214743124779806,logistic
2019_13_LAC_DEN,2019,13,2019-12-01,DEN,LAC,-4.5,39.0,0.34385815571062156,1,0.28237647355041917,0.3457210388691551,0.34385815571062156,logistic
2019_13_NE_HOU,2019,13,2019-12-01,HOU,NE,-3.5,47.0,0.3837038708949329,1,0.4050106372657882,0.45786661175632937,0.3837038708949329,logistic
2019_13_TEN_IND,2019,13,2019-12-01,IND,TEN,-1.0,41.5,0.49070156678599663,0,0.5302025210511264,0.5655405373399206,0.49070156678599663,logistic
2019_13_TB_JAX,2019,13,2019-12-01,JAX,TB,-3.0,46.5,0.4066985645933015,0,0.40185820636273306,0.45508590350351746,0.4066985645933015,logistic
2019_13_OAK_KC,2019,13,2019-12-01,KC,OAK,11.5,49.5,0.7933380591780781,1,0.8091790980673381,0.8016035080708152,0.7933380591780781,logistic
2019_13_PHI_MIA,2019,13,2019-12-01,MIA,PHI,-10.5,45.0,0.20108991440425786,1,0.1915445055237954,0.25502639807974103,0.20108991440425786,logistic
2019_13_GB_NYG,2019,13,2019-12-01,NYG,GB,-6.5,43.5,0.30096036791559583,0,0.2716447231124818,0.3354233664686203,0.30096036791559583,logistic
2019_13_CLE_PIT,2019,13,2019-12-01,PIT,CLE,-1.0,40.0,0.48147562105834224,1,0.4344338115351101,0.4836233355936596,0.48147562105834224,logistic
2019_13_MIN_SEA,2019,13,2019-12-02,SEA,MIN,2.5,48.0,0.5906658931218978,1,0.5168766279826619,0.5542766061841873,0.5906658931218978,logistic
2019_14_DAL_CHI,2019,14,2019-12-05,CHI,DAL,-3.0,43.0,0.3900657414170928,1,0.45688105324797296,0.5030578146914255,0.3900657414170928,logistic
2019_14_PIT_ARI,2019,14,2019-12-08,ARI,PIT,-2.5,43.5,0.4491310290958797,0,0.4222942184564791,0.4730379649919181,0.4491310290958797,logistic
2019_14_CAR_ATL,2019,14,2019-12-08,ATL,CAR,3.5,48.0,0.6265670845558816,1,0.5635325057107249,0.5935866052769094,0.6265670845558816,logistic
2019_14_BAL_BUF,2019,14,2019-12-08,BUF,BAL,-6.5,44.0,0.29468911917098445,0,0.3544763679820248,0.4127224052053911,0.29468911917098445,logistic
2019_14_CIN_CLE,2019,14,2019-12-08,CLE,CIN,6.5,43.0,0.7088665520016411,1,0.7600912274518146,0.7589471221701346,0.7088665520016411,logistic
2019_14_WAS_GB,2019,14,2019-12-08,GB,WAS,13.0,42.5,0.8549876092699,1,0.8894540852245352,0.8748339760806451,0.8549876092699,logistic
2019_14_DEN_HOU,2019,14,2019-12-08,HOU,DEN,8.0,42.5,0.7717353250087524,0,0.821660115838112,0.8126503920731502,0.7717353250087524,logistic
2019_14_LAC_JAX,2019,14,2019-12-08,JAX,LAC,-3.5,42.0,0.3747984954325632,0,0.3703057556600896,0.42700122840470434,0.3747984954325632,logistic
2019_14_SEA_LA,2019,14,2019-12-08,LA,SEA,1.0,47.5,0.5327102803738317,1,0.5573590892635086,0.588403416666986,0.5327102803738317,logistic
2019_14_DET_MIN,2019,14,2019-12-08,MIN,DET,12.0,43.5,0.8278976203777234,1,0.8791481292509224,0.8650813296262897,0.8278976203777234,logistic
2019_14_KC_NE,2019,14,2019-12-08,NE,KC,3.0,49.5,0.5850622406639003,0,0.67566180674123,0.6874356557212281,0.5850622406639003,logistic
2019_14_SF_NO,2019,14,2019-12-08,NO,SF,1.0,45.0,0.5240193918025562,0,0.6130438503574225,0.6350383860238981,0.5240193918025562,logistic
2019_14_MIA_NYJ,2019,14,2019-12-08,NYJ,MIA,5.0,47.0,0.6629225583423975,1,0.6766872592176624,0.6882960441136069,0.6629225583423975,logistic
2019_14_TEN_OAK,2019,14,2019-12-08,OAK,TEN,-3.0,47.0,0.4116032928263426,0,0.41894647992718637,0.4701088510022754,0.4116032928263426,logistic
2019_14_IND_TB,2019,14,2019-12-08,TB,IND,3.0,46.5,0.6084434892689964,1,0.5836218115938524,0.6104260703781683,0.6084434892689964,logistic
2019_14_NYG_PHI,2019,14,2019-12-09,PHI,NYG,9.5,45.5,0.7800741120115687,1,0.8083220829947498,0.8008484292422972,0.7800741120115687,logistic
2019_15_NYJ_BAL,2019,15,2019-12-12,BAL,NYJ,17.0,44.0,0.8891826646741006,1,0.9301669003815632,0.9149566669404708,0.8891826646741006,logistic
2019_15_CLE_ARI,2019,15,2019-12-15,ARI,CLE,-3.0,49.0,0.40609137055837563,1,0.3721155523335411,0.4286252812271603,0.40609137055837563,logistic
2019_15_SEA_CAR,2019,15,2019-12-15,CAR,SEA,-6.0,48.5,0.3056768558951965,0,0.3320804423942884,0.39227720022078866,0.3056768558951965,logistic
2019_15_NE_CIN,2019,15,2019-12-15,CIN,NE,-10.5,42.0,0.20148417214126596,0,0.19777474062724157,0.2615411847759749,0.20148417214126596,logistic
2019_15_LA_DAL,2019,15,2019-12-15,DAL,LA,-1.0,48.5,0.478202846975089,1,0.4811197958435291,0.5238641371303432,0.478202846975089,logistic
2019_15_TB_DET,2019,15,2019-12-15,DET,TB,-5.5,46.0,0.3139179553662376,0,0.36794718505124563,0.42488217619957874,0.3139179553662376,logistic
2019_15_CHI_GB,2019,15,2019-12-15,GB,CHI,4.0,40.0,0.6668622192423734,1,0.6913681244237705,0.7006288051738911,0.6668622192423734,logistic
2019_15_DEN_KC,2019,15,2019-12-15,KC,DEN,10.0,43.0,0.7854392376974285,1,0.8355443805148759,0.8250602310449581,0.7854392376974285,logistic
2019_15_MIN_LAC,2019,15,2019-12-15,LAC,MIN,-1.0,45.0,0.4715960714749275,0,0.49001560357605145,0.5314590509881044,0.4715960714749275,logistic
2019_15_MIA_NYG,2019,15,2019-12-15,NYG,MIA,3.5,47.0,0.6323766526926797,1,0.6205517187612489,0.6413144819060203,0.6323766526926797,logistic
2019_15_JAX_OAK,2019,15,2019-12-15,OAK,JAX,7.0,47.0,0.7264615702621697,0,0.6988490272345896,0.7069255720185789,0.7264615702621697,logistic
2019_15_BUF_PIT,2019,15,2019-12-15,PIT,BUF,1.0,37.0,0.5150073206442166,0,0.6332405637080238,0.651921660717632,0.5150073206442166,logistic
2019_15_ATL_SF,2019,15,2019-12-15,SF,ATL,10.5,50.0,0.7963340122199594,0,0.8309405217769279,0.8209301557998971,0.7963340122199594,logistic
2019_15_HOU_TEN,2019,15,2019-12-15,TEN,HOU,3.0,50.0,0.6069415603678434,0,0.5588056534309623,0.5896183585388913,0.6069415603678434,logistic
2019_15_PHI_WAS,2019,15,2019-12-15,WAS,PHI,-7.0,38.0,0.28003075985548675,0,0.2482614073695,0.31263776055835957,0.28003075985548675,logistic
2019_15_IND_NO,2019,15,2019-12-16,NO,IND,8.0,48.5,0.7662541740326065,1,0.780892028604424,0.7768878011809586,0.7662541740326065,logistic
2019_16_BUF_NE,2019,16,2019-12-21,NE,BUF,7.0,39.5,0.7222420564084255,1,0.799560575593841,0.7931528324309151,0.7222420564084255,logistic
2019_16_LA_SF,2019,16,2019-12-21,SF,LA,7.0,45.5,0.7402276100940128,1,0.6626206322428594,0.6765035537609929,0.7402276100940128,logistic
2019_16_HOU_TB,2019,16,2019-12-21,TB,HOU,-3.0,50.0,0.41493775933609955,0,0.3784670997458581,0.43431176195089477,0.41493775933609955,logistic
2019_16_JAX_ATL,2019,16,2019-12-22,ATL,JAX,7.5,48.0,0.7360752537000588,1,0.7351651606838013,0.7376528418951048,0.7360752537000588,logistic
2019_16_KC_CHI,2019,16,2019-12-22,CHI,KC,-6.5,45.5,0.2744389633849788,0,0.3316295113964799,0.3918624258964158,0.2744389633849788,logistic
2019_16_BAL_CLE,2019,16,2019-12-22,CLE,BAL,-9.5,48.5,0.2360978550258703,0,0.22994719319214618,0.2944259381510775,0.2360978550258703,logistic
2019_16_DET_DEN,2019,16,2019-12-22,DEN,DET,9.5,40.0,0.7759856630824372,1,0.8141822580979186,0.8060202415066903,0.7759856630824372,logistic
2019_16_CAR_IND,2019,16,2019-12-22,IND,CAR,7.5,46.0,0.7331798681594643,1,0.7305368153759583,0.7337193801118846,0.7331798681594643,logistic
2019_16_OAK_LAC,2019,16,2019-12-22,LAC,OAK,7.5,45.0,0.7403702653033536,0,0.695256523343784,0.7039005659513418,0.7403702653033536,logistic
2019_16_CIN_MIA,2019,16,2019-12-22,MIA,CIN,-1.5,46.0,0.4715960714749275,1,0.4312466074677317,0.4808495521862333,0.4715960714749275,logistic
2019_16_PIT_NYJ,2019,16,2019-12-22,NYJ,PIT,-3.0,36.5,0.38514560209200854,1,0.4132474380577389,0.46511212281816017,0.38514560209200854,logistic
2019_16_DAL_PHI,2019,16,2019-12-22,PHI,DAL,-2.0,47.0,0.4672897196261682,1,0.45105931727343074,0.4980337700965932,0.4672897196261682,logistic
2019_16_ARI_SEA,2019,16,2019-12-22,SEA,ARI,8.0,51.0,0.7701094942408874,0,0.7841845788538042,0.7797443378685538,0.7701094942408874,logistic
2019_16_NO_TEN,2019,16,2019-12-22,TEN,NO,-3.5,49.0,0.3761738518578658,0,0.3619465088233323,0.4194776572030757,0.3761738518578658,logistic
2019_16_NYG_WAS,2019,16,2019-12-22,WAS,NYG,-1.0,42.0,0.4837531945965681,0,0.4614772320599204,0.5070165992214458,0.4837531945965681,logistic
2019_16_GB_MIN,2019,16,2019-12-23,MIN,GB,4.0,47.0,0.6511009958640449,0,0.6395350583690753,0.6571846481283881,0.6511009958640449,logistic
2019_17_PIT_BAL,2019,17,2019-12-29,BAL,PIT,-2.0,35.0,0.43949878436506445,1,0.4987877606151677,0.5389288752540898,0.43949878436506445,logistic
2019_17_NYJ_BUF,2019,17,2019-12-29,BUF,NYJ,-1.5,37.0,0.4600722970752547,0,0.4486621115599288,0.49596180281294994,0.4600722970752547,logistic
2019_17_NO_CAR,2019,17,2019-12-29,CAR,NO,-13.5,45.0,0.15879648976180524,0,0.12208094290502307,0.17829597572121494,0.15879648976180524,logistic
2019_17_CLE_CIN,2019,17,2019-12-29,CIN,CLE,-2.5,44.0,0.4357578877693609,1,0.34961569640277707,0.4083101515205668,0.4357578877693609,logistic
2019_17_WAS_DAL,2019,17,2019-12-29,DAL,WAS,13.0,47.5,0.8343994395764669,1,0.897794642515879,0.8828296729611463,0.8343994395764669,logistic
2019_17_OAK_DEN,2019,17,2019-12-29,DEN,OAK,5.5,41.5,0.6700755434503315,1,0.6718639993234353,0.6842502218575999,0.6700755434503315,logistic
2019_17_GB_DET,2019,17,2019-12-29,DET,GB,-13.5,44.0,0.15934306815499277,0,0.16026052392149379,0.22148220177086755,0.15934306815499277,logistic
2019_17_TEN_HOU,2019,17,2019-12-29,HOU,TEN,-10.0,43.0,0.23784247274509004,0,0.2255044846257141,0.2899554508564611,0.23784247274509004,logistic
2019_17_IND_JAX,2019,17,2019-12-29,JAX,IND,-5.0,41.5,0.320067869813358,1,0.29547548683369224,0.358164717736231,0.320067869813358,logistic
2019_17_LAC_KC,2019,17,2019-12-29,KC,LAC,10.0,46.0,0.7717353250087524,1,0.8316242203285374,0.8215425159062159,0.7717353250087524,logistic
2019_17_ARI_LA,2019,17,2019-12-29,LA,ARI,7.0,46.0,0.7098956093365133,1,0.7138957413462512,0.7196212771807766,0.7098956093365133,logistic
2019_17_CHI_MIN,2019,17,2019-12-29,MIN,CHI,-5.5,36.5,0.32135553607946243,0,0.3672066862934199,0.42421627719395927,0.32135553607946243,logistic
2019_17_MIA_NE,2019,17,2019-12-29,NE,MIA,17.5,46.0,0.889941642844805,0,0.9330600328198432,0.9179322047694388,0.889941642844805,logistic
2019_17_PHI_NYG,2019,17,2019-12-29,NYG,PHI,-4.0,44.0,0.35287987874194765,0,0.29663148101315195,0.35925653000495694,0.35287987874194765,logistic
2019_17_SF_SEA,2019,17,2019-12-29,SEA,SF,-3.5,47.0,0.37665039500700276,0,0.37663902397323384,0.4326771844569772,0.37665039500700276,logistic
2019_17_ATL_TB,2019,17,2019-12-29,TB,ATL,1.0,48.0,0.5327102803738317,0,0.48159684094548066,0.5242719489513709,0.5327102803738317,logistic
2019_18_BUF_HOU,2019,18,2020-01-04,HOU,BUF,2.5,43.0,0.5757997218358832,1,0.5765796724235043,0.6045273652216634,0.5757997218358832,logistic
2019_18_TEN_NE,2019,18,2020-01-04,NE,TEN,4.5,45.0,0.6640273913973893,0,0.6883006282306129,0.6980494291809463,0.6640273913973893,logistic
2019_18_MIN_NO,2019,18,2020-01-05,NO,MIN,7.5,50.0,0.7573333333333334,0,0.7767898476342433,0.7733355887485162,0.7573333333333334,logistic
2019_18_SEA_PHI,2019,18,2020-01-05,PHI,SEA,1.0,44.0,0.5305667495498585,0,0.5668142721478728,0.5963401901646456,0.5305667495498585,logistic
2019_19_TEN_BAL,2019,19,2020-01-11,BAL,TEN,10.0,47.5,0.7896823383890214,0,0.7649077212248196,0.7630861238755137,0.7896823383890214,logistic
2019_19_MIN_SF,2019,19,2020-01-11,SF,MIN,7.0,44.5,0.7416762342135478,1,0.7183145334723811,0.7233584732979239,0.7416762342135478,logistic
2019_19_SEA_GB,2019,19,2020-01-12,GB,SEA,4.5,46.0,0.6724890829694323,1,0.7057189766618598,0.7127166666059108,0.6724890829694323,logistic
2019_19_HOU_KC,2019,19,2020-01-12,KC,HOU,10.0,50.5,0.7963968410661403,1,0.8083341386955901,0.800859048042159,0.7963968410661403,logistic
2019_20_TEN_KC,2019,20,2020-01-19,KC,TEN,7.5,51.0,0.748535521515462,1,0.7678114193620098,0.7655856260552989,0.748535521515462,logistic
2019_20_GB_SF,2019,20,2020-01-19,SF,GB,8.0,46.5,0.7661538461538461,1,0.7346766578996595,0.7372374055368219,0.7661538461538461,logistic
2019_21_SF_KC,2019,21,2020-02-02,KC,SF,1.5,52.5,0.5419847328244275,1,0.4101373790429816,0.4623797103080863,0.5419847328244275,logistic
2020_01_HOU_KC,2020,1,2020-09-10,KC,HOU,9.5,53.5,0.7840868276451428,1,0.836658647074117,0.769261617611467,0.7840868276451428,logistic
2020_01_SEA_ATL,2020,1,2020-09-13,ATL,SEA,1.0,49.5,0.5162468054034319,0,0.59879055498566,0.5393763888239514,0.5162468054034319,logistic
2020_01_CLE_BAL,2020,1,2020-09-13,BAL,CLE,7.0,47.0,0.7300564061240935,1,0.7684216318188697,0.6975737192930963,0.7300564061240935,logistic
2020_01_NYJ_BUF,2020,1,2020-09-13,BUF,NYJ,6.5,39.5,0.7157173074903613,1,0.705740779528369,0.6365270150040938,0.7157173074903613,logistic
2020_01_LV_CAR,2020,1,2020-09-13,CAR,LV,-3.0,48.0,0.43566205072351016,0,0.2591629016674855,0.2548103485995671,0.43566205072351016,logistic
2020_01_LAC_CIN,2020,1,2020-09-13,CIN,LAC,-2.5,41.5,0.4499636492248442,0,0.37779960749574104,0.3531460115617307,0.4499636492248442,logistic
2020_01_CHI_DET,2020,1,2020-09-13,DET,CHI,2.5,42.5,0.5480494766888677,0,0.46450936113615043,0.42492573159861446,0.5480494766888677,logistic
2020_01_IND_JAX,2020,1,2020-09-13,JAX,IND,-7.0,44.0,0.26612876988645606,1,0.27176405129891107,0.26536284806078253,0.26612876988645606,logistic
2020_01_DAL_LA,2020,1,2020-09-13,LA,DAL,1.0,52.0,0.5195545777019441,1,0.5505807600938606,0.497582745561995,0.5195545777019441,logistic
2020_01_GB_MIN,2020,1,2020-09-13,MIN,GB,1.0,45.0,0.5195545777019441,0,0.5201003754022279,0.47161281505420755,0.5195545777019441,logistic
2020_01_MIA_NE,2020,1,2020-09-13,NE,MIA,7.5,41.5,0.7432443808401381,1,0.7879602002949361,0.7174535422645151,0.7432443808401381,logistic
2020_01_TB_NO,2020,1,2020-09-13,NO,TB,4.0,48.5,0.644674925573802,1,0.6672634813007119,0.6007237899625005,0.644674925573802,logistic
2020_01_ARI_SF,2020,1,2020-09-13,SF,ARI,7.0,48.5,0.7159090909090909,0,0.7782613094040809,0.7075277568381639,0.7159090909090909,logistic
2020_01_PHI_WAS,2020,1,2020-09-13,WAS,PHI,-5.5,41.5,0.32440476190476186,1,0.2398769988678581,0.23856929103813007,0.32440476190476186,logistic
2020_01_TEN_DEN,2020,1,2020-09-14,DEN,TEN,-3.0,41.0,0.3794411866160745,0,0.4883914416120174,0.4448913049130886,0.3794411866160745,logistic
2020_01_PIT_NYG,2020,1,2020-09-14,NYG,PIT,-6.0,44.0,0.3029704839803284,0,0.33234704552737016,0.31565199120469845,0.3029704839803284,logistic
2020_02_CIN_CLE,2020,2,2020-09-17,CLE,CIN,6.0,44.5,0.6891961688670611,1,0.6690432722745521,0.6023562881304351,0.6891961688670611,logistic
2020_02_WAS_ARI,2020,2,2020-09-20,ARI,WAS,7.5,46.5,0.7360752537000588,1,0.803762644965619,0.7338858485098636,0.7360752537000588,logistic
2020_02_NYG_CHI,2020,2,2020-09-20,CHI,NYG,4.5,42.5,0.6711332625214478,1,0.686275642234643,0.6182770758428159,0.6711332625214478,logistic
2020_02_ATL_DAL,2020,2,2020-09-20,DAL,ATL,3.0,53.0,0.5775497887748944,1,0.6423050474291709,0.5780478711911049,0.5775497887748944,logistic
2020_02_DET_GB,2020,2,2020-09-20,GB,DET,7.0,51.0,0.7184337879454465,1,0.7770313213263731,0.7062772265638885,0.7184337879454465,logistic
2020_02_BAL_HOU,2020,2,2020-09-20,HOU,BAL,-7.5,49.5,0.24770150852450237,0,0.2575348799348407,0.2534438229921176,0.24770150852450237,logistic
2020_02_MIN_IND,2020,2,2020-09-20,IND,MIN,3.5,49.0,0.6219592373438527,1,0.6220137771915412,0.5598885785370186,0.6219592373438527,logistic
2020_02_KC_LAC,2020,2,2020-09-20,LAC,KC,-8.5,47.0,0.2360978550258703,0,0.22872583187512713,0.2291200352135168,0.2360978550258703,logistic
2020_02_BUF_MIA,2020,2,2020-09-20,MIA,BUF,-5.5,42.5,0.3098652446494199,0,0.3716736985775568,0.3480951350329475,0.3098652446494199,logistic
2020_02_SF_NYJ,2020,2,2020-09-20,NYJ,SF,-7.0,41.5,0.27065517450846727,0,0.30698145461936466,0.294666016656941,0.27065517450846727,logistic
2020_02_LA_PHI,2020,2,2020-09-20,PHI,LA,2.0,46.0,0.537852568752202,0,0.6172649786571195,0.5556716156853385,0.537852568752202,logistic
2020_02_DEN_PIT,2020,2,2020-09-20,PIT,DEN,6.0,41.0,0.7072057697217258,1,0.7428396867408282,0.6721964218337372,0.7072057697217258,logistic
2020_02_NE_SEA,2020,2,2020-09-20,SEA,NE,4.0,45.0,0.648330451760112,1,0.6360926158677678,0.5724632075260674,0.648330451760112,logistic
2020_02_CAR_TB,2020,2,2020-09-20,TB,CAR,7.5,47.0,0.7510980966325037,1,0.7281639420155066,0.6579370123503525,0.7510980966325037,logistic
2020_02_JAX_TEN,2020,2,2020-09-20,TEN,JAX,7.0,44.5,0.7255610366150211,1,0.782248010384288,0.7115936355262586,0.7255610366150211,logistic
2020_02_NO_LV,2020,2,2020-09-21,LV,NO,-4.0,47.5,0.3484602917341977,1,0.40768960299673274,0.3778084910213673,0.3484602917341977,logistic
2020_03_MIA_JAX,2020,3,2020-09-24,JAX,MIA,3.0,49.0,0.5649948822927329,0,0.6942670134953194,0.6257339173556922,0.5649948822927329,logistic
2020_03_DET_ARI,2020,3,2020-09-27,ARI,DET,4.5,55.5,0.6676212973221565,0,0.7265784868569511,0.6564086402066873,0.6676212973221565,logistic
2020_03_CHI_ATL,2020,3,2020-09-27,ATL,CHI,2.5,46.0,0.5605012156349355,0,0.6396530162812718,0.5756610531942995,0.5605012156349355,logistic
2020_03_LA_BUF,2020,3,2020-09-27,BUF,LA,1.5,46.5,0.5440238883060285,1,0.584734235819605,0.5270882077562026,0.5440238883060285,logistic
2020_03_WAS_CLE,2020,3,2020-09-27,CLE,WAS,7.5,45.0,0.745785705017046,1,0.7177342055213564,0.6479242562481399,0.745785705017046,logistic
2020_03_TB_DEN,2020,3,2020-09-27,DEN,TB,-6.0,42.5,0.29468911917098445,0,0.34458789818825075,0.32575763091142024,0.29468911917098445,logistic
2020_03_NYJ_IND,2020,3,2020-09-27,IND,NYJ,12.5,44.0,0.8360766173399501,1,0.8609082219350552,0.7965304693417815,0.8360766173399501,logistic
2020_03_CAR_LAC,2020,3,2020-09-27,LAC,CAR,6.0,43.5,0.7055264219443325,0,0.7401102029499542,0.6695286952681775,0.7055264219443325,logistic
2020_03_TEN_MIN,2020,3,2020-09-27,MIN,TEN,-3.0,49.5,0.40770645135502437,0,0.47278135977103464,0.4318276150248908,0.40770645135502437,logistic
2020_03_LV_NE,2020,3,2020-09-27,NE,LV,7.0,47.0,0.7347120560783859,1,0.787663981981348,0.7171486530870205,0.7347120560783859,logistic
2020_03_GB_NO,2020,3,2020-09-27,NO,GB,3.5,52.0,0.6162961291050671,0,0.6633407752289235,0.5971332490084513,0.6162961291050671,logistic
2020_03_SF_NYG,2020,3,2020-09-27,NYG,SF,-3.0,44.0,0.4166248368637687,0,0.4023594476530911,0.37340699423709334,0.4166248368637687,logistic
2020_03_HOU_PIT,2020,3,2020-09-27,PIT,HOU,4.0,46.5,0.644674925573802,1,0.6995125016368067,0.6306552443137486,0.644674925573802,logistic
2020_03_DAL_SEA,2020,3,2020-09-27,SEA,DAL,5.5,58.0,0.6841493589262952,1,0.6928771399107514,0.6244335207811027,0.6841493589262952,logistic
2020_03_KC_BAL,2020,3,2020-09-28,BAL,KC,3.5,55.0,0.6191482263983098,0,0.6868093061311729,0.6187735454682758,0.6191482263983098,logistic
2020_04_DEN_NYJ,2020,4,2020-10-01,NYJ,DEN,1.0,41.0,0.5207810820494446,0,0.5573856148906621,0.5034247315913424,0.5207810820494446,logistic
2020_04_ARI_CAR,2020,4,2020-10-04,CAR,ARI,-3.0,52.5,0.4044887231062215,1,0.4383213176623504,0.40315535198218866,0.4044887231062215,logistic
2020_04_IND_CHI,2020,4,2020-10-04,CHI,IND,-3.5,43.5,0.3808517736016902,0,0.33391826951736076,0.3169497522664929,0.3808517736016902,logistic
2020_04_JAX_CIN,2020,4,2020-10-04,CIN,JAX,1.0,50.0,0.5150073206442166,1,0.573301290616074,0.5171582793762729,0.5150073206442166,logistic
2020_04_CLE_DAL,2020,4,2020-10-04,DAL,CLE,3.5,56.5,0.6205588133839255,0,0.6432985615351079,0.5789431075528891,0.6205588133839255,logistic
2020_04_NO_DET,2020,4,2020-10-04,DET,NO,-3.0,51.5,0.40770645135502437,0,0.3331007311440507,0.3162745271761182,0.40770645135502437,logistic
2020_04_MIN_HOU,2020,4,2020-10-04,HOU,MIN,3.5,52.5,0.6162961291050671,0,0.586941227407892,0.5290116177157455,0.6162961291050671,logistic
2020_04_NYG_LA,2020,4,2020-10-04,LA,NYG,13.5,49.5,0.8711407299422085,1,0.8782940710865901,0.8168289758137618,0.8711407299422085,logistic
2020_04_BUF_LV,2020,4,2020-10-04,LV,BUF,-3.0,53.0,0.3837038708949329,0,0.45992945861038786,0.4211100466710083,0.3837038708949329,logistic
2020_04_SEA_MIA,2020,4,2020-10-04,MIA,SEA,-4.5,55.0,0.3285592220368638,0,0.4094682811041698,0.3792777515604703,0.3285592220368638,logistic
2020_04_PHI_SF,2020,4,2020-10-04,SF,PHI,8.5,45.5,0.7397124442240952,0,0.7945080579003572,0.7242219904555582,0.7397124442240952,logistic
2020_04_LAC_TB,2020,4,2020-10-04,TB,LAC,7.5,42.5,0.745785705017046,1,0.7715931174440933,0.7007697177458698,0.745785705017046,logistic
2020_04_BAL_WAS,2020,4,2020-10-04,WAS,BAL,-14.5,45.0,0.12237778415242397,0,0.1262152521906755,0.13899905615673225,0.12237778415242397,logistic
2020_04_ATL_GB,2020,4,2020-10-05,GB,ATL,5.0,56.5,0.6700755434503315,1,0.659941704607282,0.5940302536034997,0.6700755434503315,logistic
2020_04_NE_KC,2020,4,2020-10-05,KC,NE,7.0,52.5,0.7279106401260202,1,0.7378687464049726,0.6673434014539774,0.7279106401260202,logistic
2020_05_TB_CHI,2020,5,2020-10-08,CHI,TB,-3.5,44.0,0.3689461650384535,1,0.48215455167142324,0.4396653296675314,0.3689461650384535,logistic
2020_05_CAR_ATL,2020,5,2020-10-11,ATL,CAR,2.5,53.5,0.5668328047122791,0,0.6038722303347025,0.5438417054854916,0.5668328047122791,logistic
2020_05_CIN_BAL,2020,5,2020-10-11,BAL,CIN,12.5,49.0,0.8502780289413667,1,0.8848358034737638,0.8246512871173223,0.8502780289413667,logistic
2020_05_IND_CLE,2020,5,2020-10-11,CLE,IND,1.0,48.5,0.5103878116343491,1,0.4770247833366455,0.4353735680212467,0.5103878116343491,logistic
2020_05_NYG_DAL,2020,5,2020-10-11,DAL,NYG,7.5,52.0,0.7531355103799062,1,0.7572368962189228,0.6863926764102981,0.7531355103799062,logistic
2020_05_JAX_HOU,2020,5,2020-10-11,HOU,JAX,6.5,55.0,0.7166928161923811,1,0.65548589492708,0.589973944976797,0.7166928161923811,logistic
2020_05_LV_KC,2020,5,2020-10-11,KC,LV,11.0,54.5,0.8009757715644134,0,0.8485466155246822,0.7824895316976023,0.8009757715644134,logistic
2020_05_ARI_NYJ,2020,5,2020-10-11,NYJ,ARI,-7.0,48.5,0.2744389633849788,0,0.2724022076466393,0.2658961620843484,0.2744389633849788,logistic
2020_05_PHI_PIT,2020,5,2020-10-11,PIT,PHI,7.5,44.0,0.7645462526937505,1,0.7576876009605951,0.6868405854520738,0.7645462526937505,logistic
2020_05_MIN_SEA,2020,5,2020-10-11,SEA,MIN,6.5,54.0,0.7184337879454465,1,0.7299004296143499,0.6596136269807472,0.7184337879454465,logistic
2020_05_MIA_SF,2020,5,2020-10-11,SF,MIA,8.5,50.5,0.7580179712692672,0,0.8309818775579593,0.7630333367560251,0.7580179712692672,logistic
2020_05_LA_WAS,2020,5,2020-10-11,WAS,LA,-7.0,45.0,0.2683718772778477,0,0.22376979657318338,0.22490479954302836,0.2683718772778477,logistic
2020_05_LAC_NO,2020,5,2020-10-12,NO,LAC,7.0,49.5,0.7497605909982216,1,0.7690892804228213,0.6982455690112921,0.7497605909982216,logistic
2020_05_BUF_TEN,2020,5,2020-10-13,TEN,BUF,-3.0,52.0,0.38953488372093026,1,0.47181328367532915,0.4310191799196186,0.38953488372093026,logistic
2020_06_CHI_CAR,2020,6,2020-10-18,CAR,CHI,2.0,45.0,0.5399277029247453,0,0.6240853288235241,0.5617319170141221,0.5399277029247453,logistic
2020_06_CIN_IND,2020,6,2020-10-18,IND,CIN,7.5,46.0,0.7498863119599818,1,0.820301048063958,0.7514597059029408,0.7498863119599818,logistic
2020_06_DET_JAX,2020,6,2020-10-18,JAX,DET,-3.0,52.5,0.40832074076455643,0,0.3672650527771891,0.34446028037424803,0.40832074076455643,logistic
2020_06_NYJ_MIA,2020,6,2020-10-18,MIA,NYJ,9.5,46.0,0.7796024200518582,1,0.7812284836625375,0.7105520136396712,0.7796024200518582,logistic
2020_06_ATL_MIN,2020,6,2020-10-18,MIN,ATL,3.5,53.0,0.6354245784596689,0,0.6142616970892089,0.5530108207551948,0.6354245784596689,logistic
2020_06_DEN_NE,2020,6,2020-10-18,NE,DEN,7.0,43.5,0.7443860487338748,0,0.6557009892430076,0.5901694614469183,0.7443860487338748,logistic
2020_06_WAS_NYG,2020,6,2020-10-18,NYG,WAS,2.0,42.5,0.5480494766888677,1,0.5677868213856494,0.5123884164356034,0.5480494766888677,logistic
2020_06_BAL_PHI,2020,6,2020-10-18,PHI,BAL,-10.5,46.5,0.2163676758298239,0,0.21275489011573143,0.21549863314746553,0.2163676758298239,logistic
2020_06_CLE_PIT,2020,6,2020-10-18,PIT,CLE,3.0,50.0,0.5986798270759409,1,0.6015018606598795,0.541757283144854,0.5986798270759409,logistic
2020_06_LA_SF,2020,6,2020-10-18,SF,LA,-2.0,51.0,0.4600722970752547,1,0.4706849317940305,0.4300771397468297,0.4600722970752547,logistic
2020_06_GB_TB,2020,6,2020-10-18,TB,GB,-3.0,55.0,0.4224502112251056,1,0.39332564644948165,0.3659513198440229,0.4224502112251056,logistic
2020_06_HOU_TEN,2020,6,2020-10-18,TEN,HOU,4.0,52.0,0.6379977530895019,1,0.6592906921006808,0.5934368099827907,0.6379977530895019,logistic
2020_06_KC_BUF,2020,6,2020-10-19,BUF,KC,-5.5,55.0,0.32135553607946243,0,0.35098219858589547,0.33103298922686225,0.32135553607946243,logistic
2020_06_ARI_DAL,2020,6,2020-10-19,DAL,ARI,1.0,55.5,0.5195545777019441,0,0.47687327112200223,0.4352468938138911,0.5195545777019441,logistic
2020_07_NYG_PHI,2020,7,2020-10-22,PHI,NYG,5.0,44.5,0.6721843886695558,1,0.7048088367839428,0.6356464210796894,0.6721843886695558,logistic
2020_07_SEA_ARI,2020,7,2020-10-25,ARI,SEA,-3.5,55.5,0.36630974947487066,1,0.35116264411278864,0.33118183146695346,0.36630974947487066,logistic
2020_07_DET_ATL,2020,7,2020-10-25,ATL,DET,1.0,54.0,0.5172913928296243,0,0.5751799124567412,0.5187861042677016,0.5172913928296243,logistic
2020_07_CLE_CIN,2020,7,2020-10-25,CIN,CLE,-4.5,50.0,0.34927302475080935,0,0.3004821448689264,0.2892753585715709,0.34927302475080935,logistic
2020_07_KC_DEN,2020,7,2020-10-25,DEN,KC,-7.0,46.0,0.26994359387590655,0,0.2673377565134767,0.26166094306765164,0.26994359387590655,logistic
2020_07_GB_HOU,2020,7,2020-10-25,HOU,GB,-2.5,55.5,0.43026174256005734,0,0.42004799700672196,0.38802272407725374,0.43026174256005734,logistic
2020_07_JAX_LAC,2020,7,2020-10-25,LAC,JAX,8.0,48.0,0.7717353250087524,1,0.7684806477057123,0.6976330860408977,0.7717353250087524,logistic
2020_07_TB_LV,2020,7,2020-10-25,LV,TB,-3.5,51.5,0.35946425054165854,0,0.40775145282006203,0.37785957729989306,0.35946425054165854,logistic
2020_07_SF_NE,2020,7,2020-10-25,NE,SF,3.0,44.0,0.6099342585829073,0,0.6140278194427958,0.5528038108147111,0.6099342585829073,logistic
2020_07_CAR_NO,2020,7,2020-10-25,NO,CAR,7.0,49.5,0.7382412574463144,1,0.7538450863895761,0.6830288482695336,0.7382412574463144,logistic
2020_07_BUF_NYJ,2020,7,2020-10-25,NYJ,BUF,-9.5,47.0,0.22725484478632957,0,0.15698712641485932,0.16685413784519218,0.22725484478632957,logistic
2020_07_PIT_TEN,2020,7,2020-10-25,TEN,PIT,1.0,51.0,0.5195545777019441,0,0.579901948745814,0.5228843317781734,0.5195545777019441,logistic
2020_07_DAL_WAS,2020,7,2020-10-25,WAS,DAL,-1.0,44.5,0.48837209302325585,1,0.34720543887485983,0.3279173665813582,0.48837209302325585,logistic
2020_07_CHI_LA,2020,7,2020-10-26,LA,CHI,6.5,44.0,0.7231682018677297,1,0.7924804955628233,0.7221201497316609,0.7231682018677297,logistic
2020_08_ATL_CAR,2020,8,2020-10-29,CAR,ATL,1.5,52.0,0.521797153024911,0,0.5713192170751823,0.5154424048372576,0.521797153024911,logistic
2020_08_PIT_BAL,2020,8,2020-11-01,BAL,PIT,4.0,44.0,0.6495327102803738,0,0.6762796709573111,0.6090162457118935,0.6495327102803738,logistic
2020_08_NE_BUF,2020,8,2020-11-01,BUF,NE,4.0,41.0,0.6459016393442624,1,0.5714189942414745,0.5155287428217508,0.6459016393442624,logistic
2020_08_NO_CHI,2020,8,2020-11-01,CHI,NO,-5.5,41.0,0.3223657136138275,0,0.3229210520844921,0.30786188155350197,0.3223657136138275,logistic
2020_08_TEN_CIN,2020,8,2020-11-01,CIN,TEN,-7.5,49.5,0.2596297346966464,1,0.25950705993166895,0.25509912969707227,0.2596297346966464,logistic
2020_08_LV_CLE,2020,8,2020-11-01,CLE,LV,1.0,48.0,0.5508689709041202,0,0.5695687313826105,0.5139283596000757,0.5508689709041202,logistic
2020_08_LAC_DEN,2020,8,2020-11-01,DEN,LAC,-3.0,44.5,0.4207141879874127,1,0.38907595800204287,0.3624454851986182,0.4207141879874127,logistic
2020_08_IND_DET,2020,8,2020-11-01,DET,IND,-3.5,49.0,0.3676233473073202,0,0.28499691003519845,0.2764023444370362,0.3676233473073202,logistic
2020_08_MIN_GB,2020,8,2020-11-01,GB,MIN,5.5,47.0,0.6940796970600095,0,0.5964680321239286,0.5373396923894543,0.6940796970600095,logistic
2020_08_NYJ_KC,2020,8,2020-11-01,KC,NYJ,20.0,49.0,0.9254205701985654,1,0.9485093111562386,0.9080576064325239,0.9254205701985654,logistic
2020_08_LA_MIA,2020,8,2020-11-01,MIA,LA,-3.5,46.5,0.37895430579964856,1,0.3938454575315742,0.3663802020438471,0.37895430579964856,logistic
2020_08_DAL_PHI,2020,8,2020-11-01,PHI,DAL,10.0,43.0,0.7770439484940493,1,0.682641388997141,0.6149017091349236,0.7770439484940493,logistic
2020_08_SF_SEA,2020,8,2020-11-01,SEA,SF,1.0,54.5,0.5116279069767442,1,0.49974445994578,0.45442805289795446,0.5116279069767442,logistic
2020_08_TB_NYG,2020,8,2020-11-02,NYG,TB,-13.0,47.0,0.16997029172551503,0,0.1747389020823202,0.1825549261873985,0.16997029172551503,logistic
2020_09_GB_SF,2020,9,2020-11-05,SF,GB,-6.0,48.5,0.30868052457846373,0,0.37144632379353215,0.3479076679965902,0.30868052457846373,logistic
2020_09_MIA_ARI,2020,9,2020-11-08,ARI,MIA,6.0,49.0,0.6873022714142923,0,0.7646565117734467,0.6937943612258255,0.6873022714142923,logistic
2020_09_DEN_ATL,2020,9,2020-11-08,ATL,DEN,4.5,50.0,0.6676212973221565,1,0.6867976711433287,0.61876271913488,0.6676212973221565,logistic
2020_09_SEA_BUF,2020,9,2020-11-08,BUF,SEA,-3.0,55.0,0.3945716506247385,1,0.45153895378895126,0.41412927653562426,0.3945716506247385,logistic
2020_09_PIT_DAL,2020,9,2020-11-08,DAL,PIT,-14.0,44.0,0.14019892792765798,0,0.15271549295905437,0.1630394512054645,0.14019892792765798,logistic
2020_09_BAL_IND,2020,9,2020-11-08,IND,BAL,1.0,48.0,0.497677011707861,0,0.5252359314660827,0.475967280286824,0.497677011707861,logistic
2020_09_HOU_JAX,2020,9,2020-11-08,JAX,HOU,-7.0,49.0,0.2783322958479118,0,0.15444585029662145,0.16458653684620644,0.2783322958479118,logistic
2020_09_CAR_KC,2020,9,2020-11-08,KC,CAR,10.0,51.5,0.7915272066558287,1,0.8736228238089517,0.8113073981918849,0.7915272066558287,logistic
2020_09_LV_LAC,2020,9,2020-11-08,LAC,LV,-1.0,52.5,0.4837531945965681,0,0.4820049176894865,0.4395400580819757,0.4837531945965681,logistic
2020_09_DET_MIN,2020,9,2020-11-08,MIN,DET,3.0,51.5,0.617727368199958,1,0.604670636401366,0.5445444153832638,0.617727368199958,logistic
2020_09_NO_TB,2020,9,2020-11-08,TB,NO,3.0,51.0,0.6252015045674368,0,0.5970682845725593,0.5378658283169107,0.6252015045674368,logistic
2020_09_CHI_TEN,2020,9,2020-11-08,TEN,CHI,6.5,46.5,0.7165025365562518,1,0.7651793361179082,0.694318209443442,0.7165025365562518,logistic
2020_09_NYG_WAS,2020,9,2020-11-08,WAS,NYG,3.0,43.0,0.6023675823341934,0,0.63050679374593,0.567460911673408,0.6023675823341934,logistic
2020_09_NE_NYJ,2020,9,2020-11-09,NYJ,NE,-9.5,41.5,0.2354537473062495,0,0.15862812333981008,0.16831561492207606,0.2354537473062495,logistic
2020_10_IND_TEN,2020,10,2020-11-12,TEN,IND,-1.0,49.0,0.47698280643372154,0,0.4974393644022502,0.45248912789888324,0.47698280643372154,logistic
2020_10_BUF_ARI,2020,10,2020-11-15,ARI,BUF,3.0,55.5,0.590044398353696,1,0.6377686506313031,0.5739676507895997,0.590044398353696,logistic
2020_10_TB_CAR,2020,10,2020-11-15,CAR,TB,-6.0,49.5,0.2983362973058321,0,0.2737755079343671,0.2670435074239927,0.2983362973058321,logistic
2020_10_HOU_CLE,2020,10,2020-11-15,CLE,HOU,4.5,46.0,0.666540435916856,1,0.6082418584758337,0.5476914561132048,0.666540435916856,logistic
2020_10_WAS_DET,2020,10,2020-11-15,DET,WAS,2.5,46.0,0.562379468921525,1,0.5947306871434586,0.5358178231677877,0.562379468921525,logistic
2020_10_JAX_GB,2020,10,2020-11-15,GB,JAX,13.5,47.0,0.8713278884167888,1,0.8790715841810073,0.8177531166173114,0.8713278884167888,logistic
2020_10_SEA_LA,2020,10,2020-11-15,LA,SEA,3.0,55.0,0.5792858120125872,1,0.6097795628565619,0.5490484797865962,0.5792858120125872,logistic
2020_10_DEN_LV,2020,10,2020-11-15,LV,DEN,3.5,50.5,0.6362901596282077,1,0.6191080885912361,0.5573068852578136,0.6362901596282077,logistic
2020_10_LAC_MIA,2020,10,2020-11-15,MIA,LAC,1.0,48.5,0.521797153024911,1,0.6280499730612301,0.5652663288504639,0.521797153024911,logistic
2020_10_BAL_NE,2020,10,2020-11-15,NE,BAL,-7.0,44.0,0.2610933439936038,1,0.28018857482140574,0.27239554026211893,0.2610933439936038,logistic
2020_10_SF_NO,2020,10,2020-11-15,NO,SF,9.5,49.5,0.7707167103733034,1,0.8200510031778273,0.7511909421704749,0.7707167103733034,logistic
2020_10_PHI_NYG,2020,10,2020-11-15,NYG,PHI,-4.5,45.0,0.3313046548823297,1,0.2699831565492779,0.263874002586941,0.3313046548823297,logistic
2020_10_CIN_PIT,2020,10,2020-11-15,PIT,CIN,6.5,45.5,0.7264615702621697,1,0.7080718652353177,0.6387327808815159,0.7264615702621697,logistic
2020_10_MIN_CHI,2020,10,2020-11-16,CHI,MIN,-3.5,44.0,0.38659793814432986,0,0.3928817586911765,0.36558509040544795,0.38659793814432986,logistic
2020_11_ARI_SEA,2020,11,2020-11-19,SEA,ARI,3.0,56.5,0.6054283493752616,1,0.6174159118714968,0.5558054613848425,0.6054283493752616,logistic
2020_11_TEN_BAL,2020,11,2020-11-22,BAL,TEN,6.0,50.5,0.6970295160196717,0,0.738557015160151,0.6680139059752049,0.6970295160196717,logistic
2020_11_DET_CAR,2020,11,2020-11-22,CAR,DET,-3.0,47.0,0.3871172000921022,1,0.35784007290605124,0.3366889554398244,0.3871172000921022,logistic
2020_11_PHI_CLE,2020,11,2020-11-22,CLE,PHI,2.5,45.5,0.5605012156349355,1,0.5914774293801572,0.5329718381239699,0.5605012156349355,logistic
2020_11_MIA_DEN,2020,11,2020-11-22,DEN,MIA,-4.0,46.0,0.35532507442619804,1,0.4192084885569474,0.38732841654747574,0.35532507442619804,logistic
2020_11_NE_HOU,2020,11,2020-11-22,HOU,NE,-2.5,49.5,0.42003945309842866,1,0.44179129712098403,0.4060337795874851,0.42003945309842866,logistic
2020_11_GB_IND,2020,11,2020-11-22,IND,GB,1.5,52.0,0.5327102803738317,1,0.5178299354130549,0.4696902352690236,0.5327102803738317,logistic
2020_11_PIT_JAX,2020,11,2020-11-22,JAX,PIT,-11.0,47.0,0.19941043870296515,0,0.2047655867901964,0.20864091538356294,0.19941043870296515,logistic
2020_11_NYJ_LAC,2020,11,2020-11-22,LAC,NYJ,10.0,47.0,0.7849902733695097,1,0.7832651688254116,0.7126341148547441,0.7849902733695097,logistic
2020_11_KC_LV,2020,11,2020-11-22,LV,KC,-7.5,56.5,0.24498087954110898,0,0.18274308403180078,0.18956174252531172,0.24498087954110898,logistic
2020_11_DAL_MIN,2020,11,2020-11-22,MIN,DAL,7.0,50.0,0.730924978687127,0,0.6643778733141896,0.5980815288048776,0.730924978687127,logistic
2020_11_ATL_NO,2020,11,2020-11-22,NO,ATL,3.5,49.5,0.6279229893276131,1,0.5369195776254346,0.48590487161219614,0.6279229893276131,logistic
2020_11_CIN_WAS,2020,11,2020-11-22,WAS,CIN,2.0,48.0,0.534834771627026,1,0.6221140313698282,0.5599777347632792,0.534834771627026,logistic
2020_11_LA_TB,2020,11,2020-11-23,TB,LA,4.0,47.5,0.6434398984710219,0,0.6912736281353978,0.6229350801855177,0.6434398984710219,logistic
2020_12_WAS_DAL,2020,12,2020-11-26,DAL,WAS,2.5,46.0,0.5605012156349355,0,0.583220395832022,0.52577013393235,0.5605012156349355,logistic
2020_12_HOU_DET,2020,12,2020-11-26,DET,HOU,-3.0,52.5,0.40770645135502437,0,0.4658541273028266,0.4260468504556817,0.40770645135502437,logistic
2020_12_LV_ATL,2020,12,2020-11-29,ATL,LV,-3.5,53.0,0.3689461650384535,1,0.4652718296712722,0.4255613521424007,0.3689461650384535,logistic
2020_12_LAC_BUF,2020,12,2020-11-29,BUF,LAC,4.5,51.0,0.6632563327113227,1,0.669418612697351,0.6027008409151218,0.6632563327113227,logistic
2020_12_NYG_CIN,2020,12,2020-11-29,CIN,NYG,-6.5,45.0,0.2974714923153198,0,0.2502363027148708,0.24730783167080472,0.2974714923153198,logistic
2020_12_NO_DEN,2020,12,2020-11-29,DEN,NO,-17.0,36.5,0.09646730091144967,0,0.10750189081575097,0.12155626834446558,0.09646730091144967,logistic
2020_12_CHI_GB,2020,12,2020-11-29,GB,CHI,7.5,44.0,0.7530153174805347,1,0.7001684541262884,0.6312721836282275,0.7530153174805347,logistic
2020_12_TEN_IND,2020,12,2020-11-29,IND,TEN,3.0,51.5,0.5810079557598683,0,0.5909054323803428,0.5324719539777371,0.5810079557598683,logistic
2020_12_CLE_JAX,2020,12,2020-11-29,JAX,CLE,-7.5,48.5,0.2528312438831151,0,0.2210258553327978,0.22256660476826046,0.2528312438831151,logistic
2020_12_SF_LA,2020,12,2020-11-29,LA,SF,5.0,44.5,0.6643580181140117,0,0.6047838523862189,0.5446440867997884,0.6643580181140117,logistic
2020_12_CAR_MIN,2020,12,2020-11-29,MIN,CAR,3.0,50.0,0.5775497887748944,1,0.6667514107464572,0.6002544947690857,0.5775497887748944,logistic
2020_12_ARI_NE,2020,12,2020-11-29,NE,ARI,-1.0,51.0,0.478202846975089,1,0.5400589874148455,0.4885827728763424,0.478202846975089,logistic
2020_12_MIA_NYJ,2020,12,2020-11-29,NYJ,MIA,-7.5,46.0,0.2450980392156863,0,0.1995413580204793,0.20413927309850294,0.2450980392156863,logistic
2020_12_KC_TB,2020,12,2020-11-29,TB,KC,-3.5,56.0,0.3915565107310036,0,0.40189519617106806,0.37302372266479333,0.3915565107310036,logistic
2020_12_SEA_PHI,2020,12,2020-11-30,PHI,SEA,-6.5,50.0,0.28827328924447726,0,0.3790046600562365,0.35413964941381226,0.28827328924447726,logistic
2020_12_BAL_PIT,2020,12,2020-12-02,PIT,BAL,10.5,41.5,0.812208284714119,1,0.7659092241476533,0.6950500386030464,0.812208284714119,logistic
2020_13_LA_ARI,2020,13,2020-12-06,ARI,LA,-2.5,49.0,0.4242002781641169,0,0.4048374162130359,0.3754529774716529,0.4242002781641169,logistic
2020_13_NO_ATL,2020,13,2020-12-06,ATL,NO,-2.5,46.0,0.4295364214803857,0,0.4242911777329454,0.3915331333993967,0.4295364214803857,logistic
2020_13_DET_CHI,2020,13,2020-12-06,CHI,DET,3.0,44.0,0.6018002898771837,0,0.5561088009595583,0.5023272644205946,0.6018002898771837,logistic
2020_13_PHI_GB,2020,13,2020-12-06,GB,PHI,8.0,50.0,0.7733375018390467,1,0.7866005205679898,0.7160549808696499,0.7733375018390467,logistic
2020_13_IND_HOU,2020,13,2020-12-06,HOU,IND,-3.5,50.0,0.37895430579964856,0,0.3699443140413909,0.3466692872735539,0.37895430579964856,logistic
2020_13_DEN_KC,2020,13,2020-12-06,KC,DEN,13.0,51.0,0.8412035102381947,1,0.876918566466998,0.8151976663581807,0.8412035102381947,logistic
2020_13_NE_LAC,2020,13,2020-12-06,LAC,NE,2.5,47.0,0.5500363507751557,0,0.5923054229122385,0.5336957111765697,0.5500363507751557,logistic
2020_13_CIN_MIA,2020,13,2020-12-06,MIA,CIN,10.5,43.0,0.8050322142204421,1,0.829785189249542,0.7617273561004255,0.8050322142204421,logistic
2020_13_JAX_MIN,2020,13,2020-12-06,MIN,JAX,10.5,51.0,0.7915272066558287,1,0.8721988451759948,0.809634429696992,0.7915272066558287,logistic
2020_13_LV_NYJ,2020,13,2020-12-06,NYJ,LV,-7.5,48.0,0.24568411260977813,0,0.24972504209457458,0.2468773917502386,0.24568411260977813,logistic
2020_13_NYG_SEA,2020,13,2020-12-06,SEA,NYG,11.0,48.5,0.8111245777988322,0,0.8572551522845092,0.7923491563100474,0.8111245777988322,logistic
2020_13_CLE_TEN,2020,13,2020-12-06,TEN,CLE,4.0,54.0,0.6495327102803738,0,0.6520602408531208,0.5868640451247246,0.6495327102803738,logistic
2020_13_WAS_PIT,2020,13,2020-12-07,PIT,WAS,5.5,43.5,0.7061546512095963,0,0.8003981879575982,0.7303590570981192,0.7061546512095963,logistic
2020_13_BUF_SF,2020,13,2020-12-07,SF,BUF,1.5,48.0,0.5357590966122961,0,0.46779136021368783,0.42766251385294024,0.5357590966122961,logistic
2020_13_DAL_BAL,2020,13,2020-12-08,BAL,DAL,8.5,46.0,0.7722413312261782,1,0.8029874924031911,0.7330718990534919,0.7722413312261782,logistic
2020_14_NE_LA,2020,14,2020-12-10,LA,NE,5.0,43.5,0.6766178964388532,1,0.7391905745676399,0.668631518909619,0.6766178964388532,logistic
2020_14_PIT_BUF,2020,14,2020-12-13,BUF,PIT,2.0,48.5,0.5399277029247453,1,0.5331990490813365,0.4827355508769809,0.5399277029247453,logistic
2020_14_DEN_CAR,2020,14,2020-12-13,CAR,DEN,4.0,46.0,0.648330451760112,0,0.6769972356084747,0.6096786443654095,0.648330451760112,logistic
2020_14_HOU_CHI,2020,14,2020-12-13,CHI,HOU,-1.0,46.0,0.4792189179505553,1,0.4799364328652883,0.4378088594901736,0.4792189179505553,logistic
2020_14_DAL_CIN,2020,14,2020-12-13,CIN,DAL,-3.0,44.0,0.39360687022900764,0,0.4527028512701354,0.4150969062855665,0.39360687022900764,logistic
2020_14_GB_DET,2020,14,2020-12-13,DET,GB,-9.5,55.5,0.24757983754311783,0,0.18909533282313432,0.19509359688136782,0.24757983754311783,logistic
2020_14_TEN_JAX,2020,14,2020-12-13,JAX,TEN,-7.5,53.0,0.23850155231613795,0,0.2348939299050133,0.23435252464231895,0.23850155231613795,logistic
2020_14_ATL_LAC,2020,14,2020-12-13,LAC,ATL,1.0,49.0,0.5284039285250725,1,0.5366671831436917,0.48568972469136396,0.5284039285250725,logistic
2020_14_IND_LV,2020,14,2020-12-13,LV,IND,-2.5,51.5,0.4479937670432412,0,0.4417514389044561,0.40600070653798165,0.4479937670432412,logistic
2020_14_KC_MIA,2020,14,2020-12-13,MIA,KC,-7.5,51.5,0.25484501866887926,0,0.3015403237305975,0.29015348513419625,0.25484501866887926,logistic
2020_14_ARI_NYG,2020,14,2020-12-13,NYG,ARI,-3.0,47.0,0.40832074076455643,0,0.3872008696889864,0.36089884723253973,0.40832074076455643,logistic
2020_14_NO_PHI,2020,14,2020-12-13,PHI,NO,-7.5,43.0,0.252701289647961,1,0.25900665192399913,0.25467922919499186,0.252701289647961,logistic
2020_14_NYJ_SEA,2020,14,2020-12-13,SEA,NYJ,16.5,49.5,0.8837648682394691,1,0.9260299521848788,0.8767946588593161,0.8837648682394691,logistic
2020_14_WAS_SF,2020,14,2020-12-13,SF,WAS,3.0,43.5,0.5833751631362314,0,0.5213236039871101,0.4726492688692624,0.5833751631362314,logistic
2020_14_MIN_TB,2020,14,2020-12-13,TB,MIN,7.0,52.5,0.7382412574463144,1,0.724075155724195,0.654000090797026,0.7382412574463144,logistic
2020_14_BAL_CLE,2020,14,2020-12-14,CLE,BAL,-3.0,45.5,0.3808517736016902,0,0.38232647367302164,0.3568788400183045,0.3808517736016902,logistic
2020_15_LAC_LV,2020,15,2020-12-17,LV,LAC,3.5,52.0,0.6191482263983098,0,0.5864098851737921,0.5285483503129695,0.6191482263983098,logistic
2020_15_BUF_DEN,2020,15,2020-12-19,DEN,BUF,-5.5,49.0,0.31174797637278495,0,0.3409620504016674,0.3227653052266903,0.31174797637278495,logistic
2020_15_CAR_GB,2020,15,2020-12-19,GB,CAR,9.5,53.0,0.782639650883262,1,0.8423510307348231,0.7755635084370944,0.782639650883262,logistic
2020_15_PHI_ARI,2020,15,2020-12-20,ARI,PHI,6.5,49.5,0.7016637026941679,1,0.7625815954288444,0.6917183797802642,0.7016637026941679,logistic
2020_15_TB_ATL,2020,15,2020-12-20,ATL,TB,-6.0,49.5,0.299206017551191,0,0.31561703142042286,0.3018190841013252,0.299206017551191,logistic
2020_15_JAX_BAL,2020,15,2020-12-20,BAL,JAX,13.0,49.5,0.8541238464403459,1,0.9042506012234747,0.8485473015898531,0.8541238464403459,logistic
2020_15_SF_DAL,2020,15,2020-12-20,DAL,SF,-4.0,46.0,0.3480866758875058,1,0.3978929123104936,0.36972013194309294,0.3480866758875058,logistic
2020_15_HOU_IND,2020,15,2020-12-20,IND,HOU,7.5,52.5,0.7639021449741297,1,0.7453528059493296,0.6746592065930558,0.7639021449741297,logistic
2020_15_NYJ_LA,2020,15,2020-12-20,LA,NYJ,17.5,44.5,0.9086641283062269,0,0.941235889521618,0.8976610819505026,0.9086641283062269,logistic
2020_15_NE_MIA,2020,15,2020-12-20,MIA,NE,-1.5,40.0,0.4672897196261682,1,0.5308233962650563,0.48071423515831757,0.4672897196261682,logistic
2020_15_CHI_MIN,2020,15,2020-12-20,MIN,CHI,2.5,47.5,0.5883967071736573,0,0.6061166549531082,0.5458179157787635,0.5883967071736573,logistic
2020_15_KC_NO,2020,15,2020-12-20,NO,KC,-2.5,53.5,0.4357578877693609,0,0.42629342665178943,0.39319028854420546,0.4357578877693609,logistic
2020_15_CLE_NYG,2020,15,2020-12-20,NYG,CLE,-6.0,44.5,0.2901043906634867,0,0.30210757008203193,0.2906241384935091,0.2901043906634867,logistic
2020_15_DET_TEN,2020,15,2020-12-20,TEN,DET,9.5,54.5,0.7717353250087524,1,0.8058472790196246,0.7360790131323509,0.7717353250087524,logistic
2020_15_SEA_WAS,2020,15,2020-12-20,WAS,SEA,-6.0,44.5,0.30476951262926655,0,0.3204510637657574,0.30581908134575464,0.30476951262926655,logistic
2020_15_PIT_CIN,2020,15,2020-12-21,CIN,PIT,-14.5,40.5,0.12392310583175953,1,0.10036584235677548,0.11478073179230343,0.12392310583175953,logistic
2020_16_MIN_NO,2020,16,2020-12-25,NO,MIN,6.5,49.0,0.7300564061240935,1,0.7664737124752997,0.695616438511105,0.7300564061240935,logistic
2020_16_SF_ARI,2020,16,2020-12-26,ARI,SF,6.0,49.0,0.7159090909090909,0,0.6685431577769283,0.6018973451202926,0.7159090909090909,logistic
2020_16_TB_DET,2020,16,2020-12-26,DET,TB,-12.0,55.0,0.1740093929817051,0,0.17369529932798572,0.18163821947819692,0.1740093929817051,logistic
2020_16_MIA_LV,2020,16,2020-12-26,LV,MIA,-2.0,50.0,0.45801526717557256,0,0.44115830078270807,0.40550856695381154,0.45801526717557256,logistic
2020_16_NYG_BAL,2020,16,2020-12-27,BAL,NYG,10.0,43.5,0.7834776815456361,1,0.851284520454957,0.7855733096250019,0.7834776815456361,logistic
2020_16_PHI_DAL,2020,16,2020-12-27,DAL,PHI,-3.0,50.0,0.3915565107310036,1,0.45566562783192666,0.4175610929335226,0.3915565107310036,logistic
2020_16_TEN_GB,2020,16,2020-12-27,GB,TEN,3.0,52.5,0.6233496049929973,1,0.6362443525594562,0.5725993424157865,0.6233496049929973,logistic
2020_16_CIN_HOU,2020,16,2020-12-27,HOU,CIN,7.5,46.0,0.7418160561184722,0,0.7699256643963918,0.6990879354180334,0.7418160561184722,logistic
2020_16_CHI_JAX,2020,16,2020-12-27,JAX,CHI,-9.5,47.0,0.20624719772829175,0,0.19776448141147368,0.20260487896387838,0.20624719772829175,logistic
2020_16_ATL_KC,2020,16,2020-12-27,KC,ATL,11.0,54.0,0.8096263917938955,1,0.8595866276392424,0.795014581808791,0.8096263917938955,logistic
2020_16_DEN_LAC,2020,16,2020-12-27,LAC,DEN,2.5,47.5,0.5419847328244275,1,0.580418529107354,0.5233332481561711,0.5419847328244275,logistic
2020_16_CLE_NYJ,2020,16,2020-12-27,NYJ,CLE,-6.5,45.0,0.26978176462712544,1,0.2645659216486922,0.2593401584187613,0.26978176462712544,logistic
2020_16_IND_PIT,2020,16,2020-12-27,PIT,IND,-1.0,43.0,0.497677011707861,1,0.5181717782561034,0.4699796055322853,0.497677011707861,logistic
2020_16_LA_SEA,2020,16,2020-12-27,SEA,LA,1.5,48.0,0.5460453954604539,1,0.5782791719647269,0.5214748609241671,0.5460453954604539,logistic
2020_16_CAR_WAS,2020,16,2020-12-27,WAS,CAR,-1.0,41.0,0.4837531945965681,0,0.5684044938122174,0.5129220690373733,0.4837531945965681,logistic
2020_16_BUF_NE,2020,16,2020-12-28,NE,BUF,-7.0,47.0,0.26392474629994117,0,0.3267561067658457,0.3110323862302368,0.26392474629994117,logistic
2020_17_MIA_BUF,2020,17,2021-01-03,BUF,MIA,-3.5,42.5,0.40995560164630396,1,0.5040638204768606,0.45806499014829777,0.40995560164630396,logistic
2020_17_NO_CAR,2020,17,2021-01-03,CAR,NO,-6.0,47.0,0.3050108932461874,0,0.29193432245052314,0.2821749788983182,0.3050108932461874,logistic
2020_17_GB_CHI,2020,17,2021-01-03,CHI,GB,-4.5,48.5,0.3430627570177007,0,0.33531615762126005,0.31810417940944663,0.3430627570177007,logistic
2020_17_BAL_CIN,2020,17,2021-01-03,CIN,BAL,-13.5,46.0,0.13899131574838086,0,0.14445441125732417,0.15561750920994347,0.13899131574838086,logistic
2020_17_PIT_CLE,2020,17,2021-01-03,CLE,PIT,10.5,45.0,0.7963340122199594,1,0.7201943025169408,0.650277281215498,0.7963340122199594,logistic
2020_17_LV_DEN,2020,17,2021-01-03,DEN,LV,-2.5,50.5,0.4242002781641169,0,0.3192263382188001,0.3048059220058101,0.4242002781641169,logistic
2020_17_MIN_DET,2020,17,2021-01-03,DET,MIN,-3.0,54.0,0.39819971012281646,0,0.30303986225960394,0.2913975650928539,0.39819971012281646,logistic
2020_17_TEN_HOU,2020,17,2021-01-03,HOU,TEN,-7.0,55.5,0.27065517450846727,0,0.2548245512727226,0.2511671080916794,0.27065517450846727,logistic
2020_17_JAX_IND,2020,17,2021-01-03,IND,JAX,15.5,48.0,0.9035326990885503,1,0.9043371454749835,0.8486563103225971,0.9035326990885503,logistic
2020_17_LAC_KC,2020,17,2021-01-03,KC,LAC,-7.0,43.0,0.28252766108514293,0,0.35155889466652385,0.33150867796150363,0.28252766108514293,logistic
2020_17_ARI_LA,2020,17,2021-01-03,LA,ARI,1.0,42.0,0.5419847328244275,1,0.5162901243638695,0.4683872104361204,0.5419847328244275,logistic
2020_17_NYJ_NE,2020,17,2021-01-03,NE,NYJ,3.0,41.0,0.6018002898771837,1,0.6762636116937384,0.609001425241862,0.6018002898771837,logistic
2020_17_DAL_NYG,2020,17,2021-01-03,NYG,DAL,-1.5,44.5,0.46635295110679686,1,0.4262370765783592,0.39314364437381094,0.46635295110679686,logistic
2020_17_WAS_PHI,2020,17,2021-01-03,PHI,WAS,-6.5,43.5,0.2817523080884246,0,0.3132356825572078,0.2998475479433274,0.2817523080884246,logistic
2020_17_SEA_SF,2020,17,2021-01-03,SF,SEA,-7.0,45.0,0.26544089084552636,0,0.1997992141095237,0.20436179989751063,0.26544089084552636,logistic
2020_17_ATL_TB,2020,17,2021-01-03,TB,ATL,7.5,51.0,0.7416762342135478,1,0.7859126481952307,0.7153483297588716,0.7416762342135478,logistic
2020_18_IND_BUF,2020,18,2021-01-09,BUF,IND,7.0,50.5,0.7424632631419482,1,0.7096848703928338,0.640261701404153,0.7424632631419482,logistic
2020_18_LA_SEA,2020,18,2021-01-09,SEA,LA,3.0,42.0,0.6162961291050671,0,0.6007230509408047,0.5410730201710978,0.6162961291050671,logistic
2020_18_TB_WAS,2020,18,2021-01-09,WAS,TB,-10.0,45.0,0.20494824688154287,0,0.17423429102352536,0.18211176597314446,0.20494824688154287,logistic
2020_18_CHI_NO,2020,18,2021-01-10,NO,CHI,11.0,48.0,0.8215806113982332,1,0.8153916668558983,0.7462004387242394,0.8215806113982332,logistic
2020_18_CLE_PIT,2020,18,2021-01-10,PIT,CLE,5.0,47.5,0.6860820446337623,0,0.5447236337383479,0.49256793607223587,0.6860820446337623,logistic
2020_18_BAL_TEN,2020,18,2021-01-10,TEN,BAL,-3.5,53.0,0.37073068125049297,0,0.3257855860153473,0.31023018047701484,0.37073068125049297,logistic
2020_19_BAL_BUF,2020,19,2021-01-16,BUF,BAL,2.5,50.0,0.5642421122306391,1,0.5417034579473125,0.4899868387984035,0.5642421122306391,logistic
2020_19_LA_GB,2020,19,2021-01-16,GB,LA,7.0,45.0,0.755019120458891,1,0.7410726272374072,0.6704685075873797,0.755019120458891,logistic
2020_19_CLE_KC,2020,19,2021-01-17,KC,CLE,7.5,55.5,0.7666849658850287,1,0.6780718564228446,0.6106713319006041,0.7666849658850287,logistic
2020_19_TB_NO,2020,19,2021-01-17,NO,TB,2.5,53.0,0.556697108066971,0,0.5079249970279451,0.4613203486821122,0.556697108066971,logistic
2020_20_TB_GB,2020,20,2021-01-24,GB,TB,3.0,53.0,0.6210456942003515,0,0.5753542236608963,0.5189372198114889,0.6210456942003515,logistic
2020_20_BUF_KC,2020,20,2021-01-24,KC,BUF,3.0,54.5,0.5971016303329377,1,0.5921069789355909,0.5335221928285449,0.5971016303329377,logistic
2020_21_KC_TB,2020,21,2021-02-07,TB,KC,-3.0,55.0,0.39819971012281646,1,0.26528499263634997,0.2599424134356731,0.39819971012281646,logistic
2021_01_DAL_TB,2021,1,2021-09-09,TB,DAL,10.0,52.5,0.7849902733695097,1,0.80076808724393,0.8049280464828386,0.7849902733695097,logistic
2021_01_PHI_ATL,2021,1,2021-09-12,ATL,PHI,3.5,49.0,0.6265670845558816,0,0.6535240693193306,0.6428440154034212,0.6265670845558816,logistic
2021_01_PIT_BUF,2021,1,2021-09-12,BUF,PIT,6.5,48.0,0.7072057697217258,0,0.7145782719830248,0.7105908617734388,0.7072057697217258,logistic
2021_01_NYJ_CAR,2021,1,2021-09-12,CAR,NYJ,3.5,44.5,0.6310538349615464,1,0.630755065819159,0.6175216456884964,0.6310538349615464,logistic
2021_01_MIN_CIN,2021,1,2021-09-12,CIN,MIN,-3.0,47.0,0.43949878436506445,1,0.3202811312891937,0.2822406039742975,0.43949878436506445,logistic
2021_01_SF_DET,2021,1,2021-09-12,DET,SF,-9.5,46.0,0.2184424838819138,0,0.1739768378375744,0.13986406459180267,0.2184424838819138,logistic
2021_01_JAX_HOU,2021,1,2021-09-12,HOU,JAX,-3.5,45.5,0.3837038708949329,1,0.39415462892477354,0.3590253892261747,0.3837038708949329,logistic
2021_01_SEA_IND,2021,1,2021-09-12,IND,SEA,-3.0,49.0,0.4207141879874127,0,0.37635440854322777,0.3402834492679708,0.4207141879874127,logistic
2021_01_CLE_KC,2021,1,2021-09-12,KC,CLE,5.5,54.5,0.6873022714142923,1,0.664811737329099,0.6553931872802599,0.6873022714142923,logistic
2021_01_CHI_LA,2021,1,2021-09-12,LA,CHI,9.5,46.0,0.7711337105475873,1,0.7381926903620031,0.7366474420190197,0.7711337105475873,logistic
2021_01_MIA_NE,2021,1,2021-09-12,NE,MIA,3.5,43.5,0.617727368199958,0,0.5348804864407399,0.5112701933300651,0.617727368199958,logistic
2021_01_GB_NO,2021,1,2021-09-12,NO,GB,-4.0,49.0,0.37207701067238685,1,0.27667201420187565,0.23828941623135264,0.37207701067238685,logistic
2021_01_DEN_NYG,2021,1,2021-09-12,NYG,DEN,-3.0,41.5,0.43316719528772085,0,0.4279476056446624,0.3949748973497358,0.43316719528772085,logistic
2021_01_ARI_TEN,2021,1,2021-09-12,TEN,ARI,2.5,54.0,0.5782326921098653,0,0.6013799122359783,0.5848692996768408,0.5782326921098653,logistic
2021_01_LAC_WAS,2021,1,2021-09-12,WAS,LAC,2.5,45.5,0.5500363507751557,0,0.5043066811137284,0.47769603770810753,0.5500363507751557,logistic
2021_01_BAL_LV,2021,1,2021-09-13,LV,BAL,-3.0,50.5,0.39101972672553925,1,0.36781531932888817,0.3313438080889019,0.39101972672553925,logistic
2021_02_NYG_WAS,2021,2,2021-09-16,WAS,NYG,4.0,42.0,0.6471201212580523,1,0.6196347110823858,0.6051560541935193,0.6471201212580523,logistic
2021_02_MIN_ARI,2021,2,2021-09-19,ARI,MIN,4.0,51.0,0.6392711044998141,1,0.6514071077383092,0.6404899317016111,0.6392711044998141,logistic
2021_02_KC_BAL,2021,2,2021-09-19,BAL,KC,-3.5,53.5,0.38514560209200854,1,0.4559543398164243,0.4250979573120182,0.38514560209200854,logistic
2021_02_NO_CAR,2021,2,2021-09-19,CAR,NO,-3.0,45.0,0.4224502112251056,1,0.3783618350323508,0.3423899509529591,0.4224502112251056,logistic
2021_02_CIN_CHI,2021,2,2021-09-19,CHI,CIN,2.0,44.5,0.5440238883060285,1,0.6416790758487761,0.629671072682654,0.5440238883060285,logistic
2021_02_HOU_CLE,2021,2,2021-09-19,CLE,HOU,13.5,48.5,0.8439623496250064,1,0.8301173116366157,0.8363918115638862,0.8439623496250064,logistic
2021_02_LA_IND,2021,2,2021-09-19,IND,LA,-4.0,48.0,0.3453742498018345,0,0.47157707546176525,0.44201659513472447,0.3453742498018345,logistic
2021_02_DEN_JAX,2021,2,2021-09-19,JAX,DEN,-6.0,45.0,0.31269772858570755,0,0.2840597075951698,0.24565459417334623,0.31269772858570755,logistic
2021_02_DAL_LAC,2021,2,2021-09-19,LAC,DAL,3.0,55.0,0.5850622406639003,0,0.6485129572418522,0.6372714207680956,0.5850622406639003,logistic
2021_02_BUF_MIA,2021,2,2021-09-19,MIA,BUF,-3.5,48.0,0.3747984954325632,0,0.2999683121005417,0.2616284427887331,0.3747984954325632,logistic
2021_02_NE_NYJ,2021,2,2021-09-19,NYJ,NE,-5.5,43.0,0.31709972076293247,0,0.2758389596148528,0.23746105366084438,0.31709972076293247,logistic
2021_02_SF_PHI,2021,2,2021-09-19,PHI,SF,-3.0,49.0,0.4242002781641169,0,0.4362915503503608,0.4039200174034459,0.4242002781641169,logistic
2021_02_LV_PIT,2021,2,2021-09-19,PIT,LV,5.5,46.5,0.6766178964388532,0,0.6479763992869962,0.6366747085907741,0.6766178964388532,logistic
2021_02_TEN_SEA,2021,2,2021-09-19,SEA,TEN,6.5,53.5,0.7199692401445134,0,0.6358448694432108,0.6231823055091984,0.7199692401445134,logistic
2021_02_ATL_TB,2021,2,2021-09-19,TB,ATL,13.5,52.0,0.8579119575560857,1,0.79802703025552,0.8019678458154582,0.8579119575560857,logistic
2021_02_DET_GB,2021,2,2021-09-20,GB,DET,11.5,49.5,0.8061357702349868,1,0.816526143838062,0.821877007723912,0.8061357702349868,logistic
2021_03_CAR_HOU,2021,3,2021-09-23,HOU,CAR,-8.0,43.0,0.21652231845436373,0,0.3126806830341301,0.2745006040764048,0.21652231845436373,logistic
2021_03_WAS_BUF,2021,3,2021-09-26,BUF,WAS,7.5,45.5,0.7451549813311207,1,0.7758251185969938,0.7778747825400135,0.7451549813311207,logistic
2021_03_CHI_CLE,2021,3,2021-09-26,CLE,CHI,7.5,45.0,0.7661538461538461,1,0.6984173700632187,0.6926993588001223,0.7661538461538461,logistic
2021_03_NYJ_DEN,2021,3,2021-09-26,DEN,NYJ,10.5,42.0,0.8299958535574039,1,0.818339965399964,0.8238199161522328,0.8299958535574039,logistic
2021_03_BAL_DET,2021,3,2021-09-26,DET,BAL,-7.5,51.0,0.24770150852450237,0,0.2029533318933369,0.16682263317913723,0.24770150852450237,logistic
2021_03_ARI_JAX,2021,3,2021-09-26,JAX,ARI,-8.0,51.5,0.2402841621395737,0,0.21543474265996615,0.17864480011593914,0.2402841621395737,logistic
2021_03_LAC_KC,2021,3,2021-09-26,KC,LAC,6.5,55.0,0.7115258195992297,0,0.6499371835297272,0.6388552904533917,0.7115258195992297,logistic
2021_03_TB_LA,2021,3,2021-09-26,LA,TB,-1.0,55.0,0.497677011707861,1,0.5100928168463843,0.4840334084409419,0.497677011707861,logistic
2021_03_MIA_LV,2021,3,2021-09-26,LV,MIA,4.0,45.0,0.6430392656807752,1,0.6066075618336667,0.5906767464230112,0.6430392656807752,logistic
2021_03_SEA_MIN,2021,3,2021-09-26,MIN,SEA,-2.0,53.5,0.4672897196261682,1,0.38807691256041354,0.3526103006288258,0.4672897196261682,logistic
2021_03_NO_NE,2021,3,2021-09-26,NE,NO,3.0,44.0,0.5757997218358832,0,0.6086424720488702,0.592937856562355,0.5757997218358832,logistic
2021_03_ATL_NYG,2021,3,2021-09-26,NYG,ATL,3.0,48.0,0.5740354444580784,0,0.5271121598780739,0.5027198999663243,0.5740354444580784,logistic
2021_03_CIN_PIT,2021,3,2021-09-26,PIT,CIN,2.5,42.5,0.5686556434219986,0,0.6084683309382467,0.5927443475877338,0.5686556434219986,logistic
2021_03_GB_SF,2021,3,2021-09-26,SF,GB,3.5,50.5,0.6252015045674368,0,0.5212333288926007,0.4962577982660375,0.6252015045674368,logistic
2021_03_IND_TEN,2021,3,2021-09-26,TEN,IND,4.5,47.0,0.6455089820359281,1,0.5560167180266159,0.53459253120213,0.6455089820359281,logistic
2021_03_PHI_DAL,2021,3,2021-09-27,DAL,PHI,3.5,51.5,0.6367156074014482,1,0.6403660549602705,0.6282107392695836,0.6367156074014482,logistic
2021_04_JAX_CIN,2021,4,2021-09-30,CIN,JAX,7.5,46.0,0.7650845050136826,1,0.7811668192536044,0.7836892767415542,0.7650845050136826,logistic
2021_04_WAS_ATL,2021,4,2021-10-03,ATL,WAS,-1.0,47.5,0.47377843762281124,0,0.4442362827842233,0.4124607082936776,0.47377843762281124,logistic
2021_04_HOU_BUF,2021,4,2021-10-03,BUF,HOU,19.0,47.5,0.9107142857142858,1,0.9268167800468262,0.9355952877847646,0.9107142857142858,logistic
2021_04_DET_CHI,2021,4,2021-10-03,CHI,DET,3.0,42.0,0.582716381747207,1,0.5836186461405293,0.5651555016108881,0.582716381747207,logistic
2021_04_CAR_DAL,2021,4,2021-10-03,DAL,CAR,4.5,51.5,0.6595651218976498,1,0.7083031972045941,0.7036487155716618,0.6595651218976498,logistic
2021_04_BAL_DEN,2021,4,2021-10-03,DEN,BAL,1.0,44.0,0.5284039285250725,0,0.5749135920522498,0.5555056115007955,0.5284039285250725,logistic
2021_04_PIT_GB,2021,4,2021-10-03,GB,PIT,6.5,45.0,0.71333597633497,1,0.7216386487502865,0.718393402801531,0.71333597633497,logistic
2021_04_ARI_LA,2021,4,2021-10-03,LA,ARI,3.5,53.5,0.6495327102803738,0,0.6142215034622124,0.5991383334937419,0.6495327102803738,logistic
2021_04_IND_MIA,2021,4,2021-10-03,MIA,IND,2.5,41.5,0.5757997218358832,0,0.5384481039756063,0.5152010122793993,0.5757997218358832,logistic
2021_04_CLE_MIN,2021,4,2021-10-03,MIN,CLE,-1.0,52.0,0.5011531365313653,0,0.4673151691999563,0.4373934859484757,0.5011531365313653,logistic
2021_04_TB_NE,2021,4,2021-10-03,NE,TB,-6.0,49.5,0.3011920417426717,0,0.33103748891833185,0.2932489701406498,0.3011920417426717,logistic
2021_04_NYG_NO,2021,4,2021-10-03,NO,NYG,7.5,43.0,0.748535521515462,0,0.7989131242263858,0.8029251507205526,0.748535521515462,logistic
2021_04_TEN_NYJ,2021,4,2021-10-03,NYJ,TEN,-5.5,44.5,0.31808312064302313,1,0.28233069642867037,0.24392779650367372,0.31808312064302313,logistic
2021_04_KC_PHI,2021,4,2021-10-03,PHI,KC,-7.5,53.5,0.24521583362460678,0,0.23421163380830037,0.19665280780759037,0.24521583362460678,logistic
2021_04_SEA_SF,2021,4,2021-10-03,SF,SEA,2.5,52.0,0.556697108066971,0,0.4829570277873914,0.4543879322025532,0.556697108066971,logistic
2021_04_LV_LAC,2021,4,2021-10-04,LAC,LV,3.0,52.0,0.6008197724213874,1,0.6068278650713629,0.5909215254498756,0.6008197724213874,logistic
2021_05_LA_SEA,2021,5,2021-10-07,SEA,LA,-2.5,53.5,0.43949878436506445,0,0.4404116992179132,0.40834641680807776,0.43949878436506445,logistic
2021_05_SF_ARI,2021,5,2021-10-10,ARI,SF,6.0,48.5,0.7063684354090785,1,0.6633428041820163,0.6537604209393205,0.7063684354090785,logistic
2021_05_NYJ_ATL,2021,5,2021-10-10,ATL,NYJ,3.0,45.5,0.590044398353696,1,0.5333101602849535,0.509540799840472,0.590044398353696,logistic
2021_05_PHI_CAR,2021,5,2021-10-10,CAR,PHI,2.5,46.0,0.5679213219076544,0,0.6368975591904722,0.6243530942197427,0.5679213219076544,logistic
2021_05_GB_CIN,2021,5,2021-10-10,CIN,GB,-2.0,50.0,0.46214743124779806,0,0.3613697560231292,0.324618745346139,0.46214743124779806,logistic
2021_05_NYG_DAL,2021,5,2021-10-10,DAL,NYG,7.5,53.0,0.7477895347151761,1,0.7333897940512129,0.7313576005968764,0.7477895347151761,logistic
2021_05_NE_HOU,2021,5,2021-10-10,HOU,NE,-8.0,39.5,0.25023940900177843,0,0.24304166761456533,0.2052099987883128,0.25023940900177843,logistic
2021_05_TEN_JAX,2021,5,2021-10-10,JAX,TEN,-4.0,49.0,0.36072889550018594,0,0.2505315522080003,0.21251135441739272,0.36072889550018594,logistic
2021_05_BUF_KC,2021,5,2021-10-10,KC,BUF,2.5,57.0,0.5586071603727317,0,0.5358084895068884,0.5122924307479109,0.5586071603727317,logistic
2021_05_CLE_LAC,2021,5,2021-10-10,LAC,CLE,2.5,46.5,0.5500363507751557,1,0.6596866555637583,0.6496960174283385,0.5500363507751557,logistic
2021_05_CHI_LV,2021,5,2021-10-10,LV,CHI,5.5,46.0,0.6910678307588987,0,0.7114253232004517,0.7071035716967429,0.6910678307588987,logistic
2021_05_DET_MIN,2021,5,2021-10-10,MIN,DET,10.0,49.5,0.7825612438504289,1,0.7611347261308153,0.7618324112740595,0.7825612438504289,logistic
2021_05_DEN_PIT,2021,5,2021-10-10,PIT,DEN,-2.0,40.0,0.45890354830779323,1,0.4229389377871115,0.38961790986051176,0.45890354830779323,logistic
2021_05_MIA_TB,2021,5,2021-10-10,TB,MIA,11.0,48.0,0.8231559210806665,1,0.7898138691497484,0.793078392386417,0.8231559210806665,logistic
2021_05_NO_WAS,2021,5,2021-10-10,WAS,NO,-2.5,43.5,0.4491310290958797,0,0.39167743795591453,0.3564087450979693,0.4491310290958797,logistic
2021_05_IND_BAL,2021,5,2021-10-11,BAL,IND,7.5,46.5,0.7579052432627578,1,0.7566971535619005,0.7569726783605543,0.7579052432627578,logistic
2021_06_TB_PHI,2021,6,2021-10-14,PHI,TB,-7.0,53.0,0.28766575393040644,0,0.2623590515400717,0.22411907043037926,0.28766575393040644,logistic
2021_06_LAC_BAL,2021,6,2021-10-17,BAL,LAC,3.0,50.5,0.6084434892689964,1,0.6387934426686609,0.6264616852002931,0.6084434892689964,logistic
2021_06_MIN_CAR,2021,6,2021-10-17,CAR,MIN,-2.5,45.5,0.44139283962726833,0,0.4880563423740849,0.45994371081950375,0.44139283962726833,logistic
2021_06_GB_CHI,2021,6,2021-10-17,CHI,GB,-5.5,44.0,0.3233821035611469,0,0.2886649569517848,0.250262949808482,0.3233821035611469,logistic
2021_06_ARI_CLE,2021,6,2021-10-17,CLE,ARI,3.0,48.0,0.5740354444580784,0,0.6180450051763219,0.6033886818439502,0.5740354444580784,logistic
2021_06_LV_DEN,2021,6,2021-10-17,DEN,LV,5.0,45.5,0.6546257501981656,0,0.6703843923793406,0.661586215110707,0.6546257501981656,logistic
2021_06_CIN_DET,2021,6,2021-10-17,DET,CIN,-3.5,46.5,0.35946425054165854,0,0.38133534096068583,0.34551359341070803,0.35946425054165854,logistic
2021_06_HOU_IND,2021,6,2021-10-17,IND,HOU,10.5,43.5,0.7906090880291756,1,0.7896011828254592,0.7928478141707257,0.7906090880291756,logistic
2021_06_MIA_JAX,2021,6,2021-10-17,JAX,MIA,-2.5,47.5,0.46424090338770385,1,0.2935181142388109,0.2551333870428411,0.46424090338770385,logistic
2021_06_DAL_NE,2021,6,2021-10-17,NE,DAL,-3.5,50.5,0.36242334558131956,0,0.4659088971315295,0.4358692727386273,0.36242334558131956,logistic
2021_06_LA_NYG,2021,6,2021-10-17,NYG,LA,-7.5,49.5,0.2556139512661252,0,0.2503221705092719,0.21230671679035493,0.2556139512661252,logistic
2021_06_SEA_PIT,2021,6,2021-10-17,PIT,SEA,5.5,43.0,0.6629225583423975,1,0.6377590129534936,0.6253111968784811,0.6629225583423975,logistic
2021_06_KC_WAS,2021,6,2021-10-17,WAS,KC,-6.0,54.0,0.3011920417426717,0,0.2358900511575042,0.19827508625434614,0.3011920417426717,logistic
2021_06_BUF_TEN,2021,6,2021-10-18,TEN,BUF,-6.0,53.5,0.3139179553662376,1,0.3157592910515677,0.2776318337414527,0.3139179553662376,logistic
2021_07_DEN_CLE,2021,7,2021-10-21,CLE,DEN,2.0,40.5,0.534834771627026,1,0.5614002491608685,0.5405451048066477,0.534834771627026,logistic
2021_07_HOU_ARI,2021,7,2021-10-24,ARI,HOU,20.5,47.0,0.9202343894938516,1,0.9454456688443742,0.9534687224391997,0.9202343894938516,logistic
2021_07_CIN_BAL,2021,7,2021-10-24,BAL,CIN,6.5,45.5,0.7107129525942516,0,0.7213940386966362,0.7181232383703339,0.7107129525942516,logistic
2021_07_WAS_GB,2021,7,2021-10-24,GB,WAS,8.5,48.0,0.7749165560874428,1,0.7947319581086552,0.7984049272624755,0.7749165560874428,logistic
2021_07_DET_LA,2021,7,2021-10-24,LA,DET,17.0,51.0,0.8989085704061549,1,0.9168930783594018,0.9258580011694244,0.8989085704061549,logistic
2021_07_PHI_LV,2021,7,2021-10-24,LV,PHI,1.0,48.0,0.5069715560513107,1,0.5872795522944504,0.5692163430642111,0.5069715560513107,logistic
2021_07_ATL_MIA,2021,7,2021-10-24,MIA,ATL,-1.5,48.5,0.4499636492248442,0,0.3779927431913981,0.342002504238693,0.4499636492248442,logistic
2021_07_NYJ_NE,2021,7,2021-10-24,NE,NYJ,7.0,43.0,0.7307643486568282,1,0.6994952891590547,0.6938939303799954,0.7307643486568282,logistic
2021_07_CAR_NYG,2021,7,2021-10-24,NYG,CAR,-3.0,42.5,0.40832074076455643,1,0.4003549275014037,0.36558628808753185,0.40832074076455643,logistic
2021_07_IND_SF,2021,7,2021-10-24,SF,IND,3.5,41.5,0.6128827999078977,0,0.5833306023206728,0.56483605242252,0.6128827999078977,logistic
2021_07_CHI_TB,2021,7,2021-10-24,TB,CHI,12.5,47.0,0.8387670009795338,1,0.8402831279947701,0.8471784205287933,0.8387670009795338,logistic
2021_07_KC_TEN,2021,7,2021-10-24,TEN,KC,-4.0,57.5,0.3415685624274581,1,0.3406519150375781,0.3031411552067254,0.3415685624274581,logistic
2021_07_NO_SEA,2021,7,2021-10-25,SEA,NO,-6.0,42.0,0.31585064107370475,0,0.28808224154217943,0.2496791221982525,0.31585064107370475,logistic
2021_08_GB_ARI,2021,8,2021-10-28,ARI,GB,6.5,51.0,0.7157173074903613,0,0.7561790553209305,0.7564049027154474,0.7157173074903613,logistic
2021_08_CAR_ATL,2021,8,2021-10-31,ATL,CAR,2.5,47.0,0.5500363507751557,0,0.5104643077637218,0.48444057106324534,0.5500363507751557,logistic
2021_08_MIA_BUF,2021,8,2021-10-31,BUF,MIA,15.0,48.5,0.880139051980694,1,0.8812470193254612,0.8899117309859867,0.880139051980694,logistic
2021_08_SF_CHI,2021,8,2021-10-31,CHI,SF,-4.5,40.0,0.34043487810235007,0,0.39782361410113704,0.36290577791048273,0.34043487810235007,logistic
2021_08_PIT_CLE,2021,8,2021-10-31,CLE,PIT,5.5,43.0,0.6711332625214478,0,0.5409085223058553,0.5179133508169349,0.6711332625214478,logistic
2021_08_WAS_DEN,2021,8,2021-10-31,DEN,WAS,4.0,45.0,0.6392711044998141,1,0.6696944722749816,0.6608195974873188,0.6392711044998141,logistic
2021_08_PHI_DET,2021,8,2021-10-31,DET,PHI,-3.0,48.5,0.3885860109036074,0,0.401464312881385,0.3667619139902668,0.3885860109036074,logistic
2021_08_LA_HOU,2021,8,2021-10-31,HOU,LA,-17.0,47.0,0.11767948772316696,0,0.08651026195053506,0.06338880513540911,0.11767948772316696,logistic
2021_08_TEN_IND,2021,8,2021-10-31,IND,TEN,3.0,51.0,0.6002460024600246,0,0.5800291175996785,0.5611752797980497,0.6002460024600246,logistic
2021_08_NE_LAC,2021,8,2021-10-31,LAC,NE,3.5,50.5,0.6297217024951262,0,0.5909175089959663,0.5732531104148372,0.6297217024951262,logistic
2021_08_DAL_MIN,2021,8,2021-10-31,MIN,DAL,4.5,49.5,0.6679400834834022,0,0.5804018060108194,0.5615884634241513,0.6679400834834022,logistic
2021_08_TB_NO,2021,8,2021-10-31,NO,TB,-4.0,48.5,0.36370984037179227,1,0.3569058909633909,0.31997309263709267,0.36370984037179227,logistic
2021_08_CIN_NYJ,2021,8,2021-10-31,NYJ,CIN,-11.5,43.5,0.1896707191940549,1,0.15826678805269154,0.12555256705633985,0.1896707191940549,logistic
2021_08_JAX_SEA,2021,8,2021-10-31,SEA,JAX,4.0,44.0,0.6405357494583416,1,0.653862958540556,0.6432208515723126,0.6405357494583416,logistic
2021_08_NYG_KC,2021,8,2021-11-01,KC,NYG,10.5,53.0,0.8153846153846155,1,0.8153478001759933,0.8206138819285499,0.8153846153846155,logistic
2021_09_NYJ_IND,2021,9,2021-11-04,IND,NYJ,10.5,46.0,0.8099784704670973,1,0.8473875716950448,0.8546779041861672,0.8099784704670973,logistic
2021_09_MIN_BAL,2021,9,2021-11-07,BAL,MIN,7.5,51.0,0.7316281227221523,1,0.7576327453882827,0.7579977750216895,0.7316281227221523,logistic
2021_09_NE_CAR,2021,9,2021-11-07,CAR,NE,-3.5,41.5,0.37895430579964856,0,0.3821555588288472,0.34637593071579875,0.37895430579964856,logistic
2021_09_CLE_CIN,2021,9,2021-11-07,CIN,CLE,2.5,47.5,0.5500363507751557,0,0.5841046764371098,0.565694544573346,0.5500363507751557,logistic
2021_09_DEN_DAL,2021,9,2021-11-07,DAL,DEN,10.5,50.0,0.7971382780577254,0,0.7650614254786259,0.7661275373102252,0.7971382780577254,logistic
2021_09_BUF_JAX,2021,9,2021-11-07,JAX,BUF,-14.5,48.0,0.11073451745198123,1,0.09708062985380037,0.07217183420684571,0.11073451745198123,logistic
2021_09_GB_KC,2021,9,2021-11-07,KC,GB,7.0,48.0,0.7410248542497699,1,0.7057079532832211,0.7007756942284659,0.7410248542497699,logistic
2021_09_TEN_LA,2021,9,2021-11-07,LA,TEN,7.0,53.5,0.7549019607843137,0,0.7575101285808808,0.7578634428795733,0.7549019607843137,logistic
2021_09_HOU_MIA,2021,9,2021-11-07,MIA,HOU,4.0,45.0,0.6332518337408314,1,0.6314185427583713,0.618259515665446,0.6332518337408314,logistic
2021_09_ATL_NO,2021,9,2021-11-07,NO,ATL,7.0,43.0,0.7141340612678193,0,0.6778657689748091,0.6698970303889078,0.7141340612678193,logistic
2021_09_LV_NYG,2021,9,2021-11-07,NYG,LV,-3.0,47.0,0.4116032928263426,1,0.3876240439718051,0.3521329416133849,0.4116032928263426,logistic
2021_09_LAC_PHI,2021,9,2021-11-07,PHI,LAC,-1.0,49.5,0.497677011707861,0,0.500766658641957,0.4738229009310511,0.497677011707861,logistic
2021_09_ARI_SF,2021,9,2021-11-07,SF,ARI,5.5,44.5,0.6829002792370676,0,0.5938329099437086,0.5764890446878309,0.6829002792370676,logistic
2021_09_CHI_PIT,2021,9,2021-11-08,PIT,CHI,7.0,40.0,0.73232769419428,1,0.7342326639071958,0.7322863168101511,0.73232769419428,logistic
2021_10_BAL_MIA,2021,10,2021-11-11,MIA,BAL,-8.5,46.5,0.2277586687738217,1,0.24566374506298033,0.20776164786149703,0.2277586687738217,logistic
2021_10_CAR_ARI,2021,10,2021-11-14,ARI,CAR,7.0,42.0,0.7445212005717008,0,0.7756477203094696,0.7776815025089706,0.7445212005717008,logistic
2021_10_ATL_DAL,2021,10,2021-11-14,DAL,ATL,8.0,55.0,0.7732468107071749,1,0.7389577462945298,0.7374895545298403,0.7732468107071749,logistic
2021_10_PHI_DEN,2021,10,2021-11-14,DEN,PHI,1.0,44.5,0.513948077676165,0,0.5680941243948324,0.5479526450688721,0.513948077676165,logistic
2021_10_SEA_GB,2021,10,2021-11-14,GB,SEA,3.0,49.5,0.6114139890963924,1,0.6113135663973699,0.595906260396802,0.6114139890963924,logistic
2021_10_JAX_IND,2021,10,2021-11-14,IND,JAX,10.5,47.5,0.7882397728534491,1,0.8112186632861325,0.8161820413745603,0.7882397728534491,logistic
2021_10_MIN_LAC,2021,10,2021-11-14,LAC,MIN,3.0,53.5,0.6252015045674368,0,0.6068491931107259,0.590945223215229,0.6252015045674368,logistic
2021_10_KC_LV,2021,10,2021-11-14,LV,KC,-2.5,53.5,0.41899204424013164,0,0.3510574653238588,0.3139013595914228,0.41899204424013164,logistic
2021_10_CLE_NE,2021,10,2021-11-14,NE,CLE,2.5,45.5,0.5547708605204575,1,0.6272082461689238,0.6135772837876614,0.5547708605204575,logistic
2021_10_BUF_NYJ,2021,10,2021-11-14,NYJ,BUF,-13.0,47.0,0.15452908001063,0,0.09159710016945487,0.06759720184779804,0.15452908001063,logistic
2021_10_NO_TEN,2021,10,2021-11-14,TEN,NO,3.0,44.0,0.5810079557598683,1,0.607012846467594,0.5911270608490443,0.5810079557598683,logistic
2021_10_TB_WAS,2021,10,2021-11-14,WAS,TB,-10.0,51.0,0.21132463018189718,1,0.14226325585287192,0.11121124169487798,0.21132463018189718,logistic
2021_10_LA_SF,2021,10,2021-11-15,SF,LA,-3.5,50.0,0.3775590873156503,1,0.278025785557011,0.2396364991659905,0.3775590873156503,logistic
2021_11_NE_ATL,2021,11,2021-11-18,ATL,NE,-7.0,47.5,0.25547879942829915,0,0.31975048999225864,0.28169917168706643,0.25547879942829915,logistic
2021_11_IND_BUF,2021,11,2021-11-21,BUF,IND,7.5,49.5,0.7402276100940128,0,0.7434276027513774,0.7424067049781647,0.7402276100940128,logistic
2021_11_WAS_CAR,2021,11,2021-11-21,CAR,WAS,3.5,43.0,0.6162961291050671,0,0.6387689104699689,0.6264344005711359,0.6162961291050671,logistic
2021_11_BAL_CHI,2021,11,2021-11-21,CHI,BAL,-5.0,43.0,0.32543374528320723,0,0.28404314308027073,0.2456380420701111,0.32543374528320723,logistic
2021_11_DET_CLE,2021,11,2021-11-21,CLE,DET,13.0,42.5,0.8285075183298123,1,0.8619712628574586,0.8699630563652555,0.8285075183298123,logistic
2021_11_SF_JAX,2021,11,2021-11-21,JAX,SF,-6.5,45.0,0.2833071838076188,0,0.283144715147363,0.24474054197836143,0.2833071838076188,logistic
2021_11_DAL_KC,2021,11,2021-11-21,KC,DAL,2.5,56.0,0.5597200270941521,1,0.6170432978608277,0.6022750796445591,0.5597200270941521,logistic
2021_11_PIT_LAC,2021,11,2021-11-21,LAC,PIT,5.5,47.5,0.6958932594004505,1,0.6495170746476394,0.6383880955540062,0.6958932594004505,logistic
2021_11_CIN_LV,2021,11,2021-11-21,LV,CIN,-1.0,50.5,0.46097238299983456,0,0.4070429479476877,0.3726814307676407,0.46097238299983456,logistic
2021_11_GB_MIN,2021,11,2021-11-21,MIN,GB,-1.0,48.0,0.486051922323835,1,0.45858195833167975,0.4279380396918633,0.486051922323835,logistic
2021_11_MIA_NYJ,2021,11,2021-11-21,NYJ,MIA,-3.5,44.5,0.37207701067238685,0,0.2744988224487708,0.23612938905228242,0.37207701067238685,logistic
2021_11_NO_PHI,2021,11,2021-11-21,PHI,NO,2.5,42.5,0.5757997218358832,1,0.6068232333810012,0.5909163791434333,0.5757997218358832,logistic
2021_11_ARI_SEA,2021,11,2021-11-21,SEA,ARI,2.5,46.0,0.5850622406639003,0,0.5434182155604897,0.5206811870041814,0.5850622406639003,logistic
2021_11_HOU_TEN,2021,11,2021-11-21,TEN,HOU,10.5,44.5,0.7967994099228416,0,0.8070702167341054,0.8117209179813404,0.7967994099228416,logistic
2021_11_NYG_TB,2021,11,2021-11-22,TB,NYG,11.5,49.5,0.8146730471948239,1,0.8365623304622507,0.8432377612958325,0.8146730471948239,logistic
2021_12_LV_DAL,2021,12,2021-11-25,DAL,LV,7.0,51.0,0.7367517454503835,0,0.766498893488155,0.767698631454039,0.7367517454503835,logistic
2021_12_CHI_DET,2021,12,2021-11-25,DET,CHI,-2.0,41.5,0.45225634442579243,0,0.3825531915246292,0.3467940916974064,0.45225634442579243,logistic
2021_12_BUF_NO,2021,12,2021-11-25,NO,BUF,-7.0,45.0,0.290309925460965,0,0.2795674561683723,0.2411719596951866,0.290309925460965,logistic
2021_12_CLE_BAL,2021,12,2021-11-28,BAL,CLE,3.0,47.0,0.5939086294416244,1,0.5285820855720397,0.504336828761877,0.5939086294416244,logistic
2021_12_PIT_CIN,2021,12,2021-11-28,CIN,PIT,3.5,43.5,0.6162961291050671,1,0.6144819639303765,0.5994278484664125,0.6162961291050671,logistic
2021_12_LAC_DEN,2021,12,2021-11-28,DEN,LAC,-2.5,47.5,0.4295364214803857,1,0.38503792745746923,0.3494087136953398,0.4295364214803857,logistic
2021_12_LA_GB,2021,12,2021-11-28,GB,LA,-2.0,47.0,0.4684838160136286,1,0.37086926750765364,0.33453709140964255,0.4684838160136286,logistic
2021_12_NYJ_HOU,2021,12,2021-11-28,HOU,NYJ,3.0,44.5,0.5660893345487694,0,0.5852308366879118,0.566943637838972,0.5660893345487694,logistic
2021_12_TB_IND,2021,12,2021-11-28,IND,TB,-3.0,53.0,0.4155887507302011,0,0.3935597340677802,0.3583967622990823,0.4155887507302011,logistic
2021_12_ATL_JAX,2021,12,2021-11-28,JAX,ATL,-1.5,46.0,0.47698280643372154,0,0.4493017846506518,0.4179178011177456,0.47698280643372154,logistic
2021_12_CAR_MIA,2021,12,2021-11-28,MIA,CAR,-1.0,41.0,0.46943325045014145,1,0.5334832216046248,0.5097313672129772,0.46943325045014145,logistic
2021_12_TEN_NE,2021,12,2021-11-28,NE,TEN,7.5,43.0,0.7316281227221523,1,0.8061946999151256,0.8107783440956816,0.7316281227221523,logistic
2021_12_PHI_NYG,2021,12,2021-11-28,NYG,PHI,-4.0,45.5,0.35946425054165854,1,0.3539864495028151,0.3169400546134143,0.35946425054165854,logistic
2021_12_MIN_SF,2021,12,2021-11-28,SF,MIN,3.5,49.0,0.6306061713569676,1,0.6601132769805018,0.6501703091296447,0.6306061713569676,logistic
2021_12_SEA_WAS,2021,12,2021-11-29,WAS,SEA,-1.0,47.0,0.4519505233111322,1,0.5130812306382085,0.4873097182277063,0.4519505233111322,logistic
2021_13_DAL_NO,2021,13,2021-12-02,NO,DAL,-6.0,46.0,0.30207871113083246,0,0.27055222098266535,0.2322144028169727,0.30207871113083246,logistic
2021_13_TB_ATL,2021,13,2021-12-05,ATL,TB,-11.0,51.0,0.19908248939669348,0,0.13765505363005665,0.10712837392415976,0.19908248939669348,logistic
2021_13_ARI_CHI,2021,13,2021-12-05,CHI,ARI,-7.5,43.5,0.23448111757765636,0,0.20927212711192159,0.17279249730845825,0.23448111757765636,logistic
2021_13_LAC_CIN,2021,13,2021-12-05,CIN,LAC,2.5,49.5,0.5704635785196144,0,0.6011047711407873,0.5845636985978494,0.5704635785196144,logistic
2021_13_MIN_DET,2021,13,2021-12-05,DET,MIN,-7.0,47.5,0.27370749239701414,1,0.2429166285441468,0.20508843832361381,0.27370749239701414,logistic
2021_13_IND_HOU,2021,13,2021-12-05,HOU,IND,-10.0,45.5,0.2209541041789902,0,0.1681503977957376,0.13453026322258918,0.2209541041789902,logistic
2021_13_DEN_KC,2021,13,2021-12-05,KC,DEN,8.5,46.5,0.7707167103733034,1,0.783874381540943,0.7866323677290006,0.7707167103733034,logistic
2021_13_JAX_LA,2021,13,2021-12-05,LA,JAX,14.0,48.0,0.8609585172219015,1,0.8937049772487193,0.902628085527549,0.8609585172219015,logistic
2021_13_WAS_LV,2021,13,2021-12-05,LV,WAS,1.0,47.5,0.5480494766888677,0,0.5657908125234115,0.545403031109221,0.5480494766888677,logistic
2021_13_NYG_MIA,2021,13,2021-12-05,MIA,NYG,6.5,40.0,0.7246530137533368,1,0.7640538038206044,0.7650258457944036,0.7246530137533368,logistic
2021_13_PHI_NYJ,2021,13,2021-12-05,NYJ,PHI,-5.0,44.0,0.35166954823988805,0,0.3124516613914985,0.27426788203829333,0.35166954823988805,logistic
2021_13_BAL_PIT,2021,13,2021-12-05,PIT,BAL,-4.0,44.0,0.3557216929940914,1,0.3052961964032262,0.26701190627801347,0.3557216929940914,logistic
2021_13_SF_SEA,2021,13,2021-12-05,SEA,SF,-3.0,44.5,0.43391066545123064,1,0.4119215609301863,0.3778686385583917,0.43391066545123064,logistic
2021_13_NE_BUF,2021,13,2021-12-06,BUF,NE,3.0,40.0,0.5792858120125872,0,0.6264336767368177,0.6127159364555056,0.5792858120125872,logistic
2021_14_PIT_MIN,2021,14,2021-12-09,MIN,PIT,3.5,45.0,0.6205588133839255,1,0.6153717887546412,0.6004169596585637,0.6205588133839255,logistic
2021_14_ATL_CAR,2021,14,2021-12-12,CAR,ATL,2.5,41.0,0.562379468921525,0,0.5997996184774838,0.5831141373276478,0.562379468921525,logistic
2021_14_SF_CIN,2021,14,2021-12-12,CIN,SF,-2.5,49.0,0.4491310290958797,0,0.4557839005418465,0.42491381547788415,0.4491310290958797,logistic
2021_14_BAL_CLE,2021,14,2021-12-12,CLE,BAL,3.0,44.0,0.5850622406639003,1,0.5512945238950099,0.5293750518773674,0.5850622406639003,logistic
2021_14_DET_DEN,2021,14,2021-12-12,DEN,DET,13.0,42.0,0.83714618069019,1,0.8641789659252036,0.8722632212185722,0.83714618069019,logistic
2021_14_CHI_GB,2021,14,2021-12-12,GB,CHI,11.5,43.0,0.8379464148659493,1,0.8036568663984496,0.8080440774187154,0.8379464148659493,logistic
2021_14_SEA_HOU,2021,14,2021-12-12,HOU,SEA,-10.0,40.5,0.22352699724272085,0,0.20225858904959104,0.16616818237837414,0.22352699724272085,logistic
2021_14_LV_KC,2021,14,2021-12-12,KC,LV,10.0,48.0,0.7914590201640727,1,0.8124428296633429,0.8174968503245734,0.7914590201640727,logistic
2021_14_NYG_LAC,2021,14,2021-12-12,LAC,NYG,9.5,44.0,0.7739261492087415,1,0.8136273451255576,0.8187683539776832,0.7739261492087415,logistic
2021_14_NO_NYJ,2021,14,2021-12-12,NYJ,NO,-4.5,42.0,0.3569607343192249,0,0.3559554344151416,0.3189851909166505,0.3569607343192249,logistic
2021_14_BUF_TB,2021,14,2021-12-12,TB,BUF,3.5,52.5,0.6270291076571854,1,0.5783949708013296,0.5593637659090792,0.6270291076571854,logistic
2021_14_JAX_TEN,2021,14,2021-12-12,TEN,JAX,8.5,44.5,0.7695940284865566,1,0.7934830366558655,0.7970532534112609,0.7695940284865566,logistic
2021_14_DAL_WAS,2021,14,2021-12-12,WAS,DAL,-6.5,48.0,0.2809810923139964,0,0.2751152258522559,0.23674175362183772,0.2809810923139964,logistic
2021_14_LA_ARI,2021,14,2021-12-13,ARI,LA,3.0,51.0,0.6162961291050671,0,0.44949036082641813,0.41812112631490883,0.6162961291050671,logistic
2021_15_KC_LAC,2021,15,2021-12-16,LAC,KC,-3.0,54.0,0.38227263180004206,0,0.3966010918612157,0.36161217465791234,0.38227263180004206,logistic
2021_15_NE_IND,2021,15,2021-12-18,IND,NE,-1.0,46.0,0.5080764260660882,1,0.5034797153264534,0.4767909695186859,0.5080764260660882,logistic
2021_15_GB_BAL,2021,15,2021-12-19,BAL,GB,-9.5,45.5,0.24324121599177054,0,0.2591898141350368,0.22099951823922723,0.24324121599177054,logistic
2021_15_CAR_BUF,2021,15,2021-12-19,BUF,CAR,14.0,43.0,0.853607808514128,1,0.8762498613720341,0.8847703159448098,0.853607808514128,logistic
2021_15_CIN_DEN,2021,15,2021-12-19,DEN,CIN,3.0,45.0,0.5933014354066986,0,0.6043613330994235,0.5881811492249975,0.5933014354066986,logistic
2021_15_ARI_DET,2021,15,2021-12-19,DET,ARI,-13.0,48.0,0.16288307480638217,1,0.16348901056144827,0.13028497223027083,0.16288307480638217,logistic
2021_15_HOU_JAX,2021,15,2021-12-19,JAX,HOU,6.0,40.0,0.6999193060318741,0,0.6181485335545565,0.6035037773214378,0.6999193060318741,logistic
2021_15_NYJ_MIA,2021,15,2021-12-19,MIA,NYJ,10.5,42.0,0.7918814679039217,1,0.8119736706979486,0.8169930415752179,0.7918814679039217,logistic
2021_15_DAL_NYG,2021,15,2021-12-19,NYG,DAL,-11.5,43.0,0.18358081030369017,0,0.17065311083872614,0.13681766225746295,0.18358081030369017,logistic
2021_15_TEN_PIT,2021,15,2021-12-19,PIT,TEN,1.0,44.0,0.533647048893203,1,0.49692713791868226,0.4696257388788514,0.533647048893203,logistic
2021_15_ATL_SF,2021,15,2021-12-19,SF,ATL,9.5,48.0,0.7683621272077985,1,0.8152651218960715,0.8205252279212565,0.7683621272077985,logistic
2021_15_NO_TB,2021,15,2021-12-19,TB,NO,11.5,45.5,0.8125034131660225,0,0.8150023340254409,0.8202434231540808,0.8125034131660225,logistic
2021_15_MIN_CHI,2021,15,2021-12-20,CHI,MIN,-7.0,48.0,0.25977238990598717,0,0.2660619982398217,0.22777236987438285,0.25977238990598717,logistic
2021_15_LV_CLE,2021,15,2021-12-20,CLE,LV,-3.0,41.0,0.4210921117684164,0,0.4335651835559354,0.4009943871775293,0.4210921117684164,logistic
2021_15_SEA_LA,2021,15,2021-12-21,LA,SEA,7.5,47.0,0.7560659701234782,1,0.7205784021768902,0.7172223080006057,0.7560659701234782,logistic
2021_15_WAS_PHI,2021,15,2021-12-21,PHI,WAS,10.0,39.5,0.7979978548444763,1,0.7685349338724844,0.7699227695873513,0.7979978548444763,logistic
2021_16_SF_TEN,2021,16,2021-12-23,TEN,SF,-3.5,45.5,0.38421186945302976,1,0.44799616773477063,0.41651040340683626,0.38421186945302976,logistic
2021_16_IND_ARI,2021,16,2021-12-25,ARI,IND,3.0,48.0,0.5998344142403753,0,0.6084163367133218,0.5926865709683281,0.5998344142403753,logistic
2021_16_CLE_GB,2021,16,2021-12-25,GB,CLE,7.5,46.5,0.7823319232822703,1,0.7328439797252804,0.7307561080977368,0.7823319232822703,logistic
2021_16_DET_ATL,2021,16,2021-12-26,ATL,DET,7.5,42.5,0.7633307815087788,1,0.7508937432939659,0.7506083297403653,0.7633307815087788,logistic
2021_16_TB_CAR,2021,16,2021-12-26,CAR,TB,-11.5,44.5,0.19370568942199892,0,0.11351256092504197,0.08610325684233522,0.19370568942199892,logistic
2021_16_BAL_CIN,2021,16,2021-12-26,CIN,BAL,7.5,43.0,0.7615828054942709,1,0.7171771199374631,0.7134639709720892,0.7615828054942709,logistic
2021_16_WAS_DAL,2021,16,2021-12-26,DAL,WAS,10.5,45.5,0.7930283629175197,1,0.8108588553760478,0.8157954493508253,0.7930283629175197,logistic
2021_16_LAC_HOU,2021,16,2021-12-26,HOU,LAC,-13.5,46.0,0.1609900571186799,1,0.14937769003543705,0.1175561526971531,0.1609900571186799,logistic
2021_16_PIT_KC,2021,16,2021-12-26,KC,PIT,10.5,44.0,0.7739602169981917,1,0.834432609890302,0.8409783279063917,0.7739602169981917,logistic
2021_16_DEN_LV,2021,16,2021-12-26,LV,DEN,-1.0,42.0,0.4919235739339118,1,0.4276732703374605,0.39468123708729796,0.4919235739339118,logistic
2021_16_LA_MIN,2021,16,2021-12-26,MIN,LA,-3.5,48.5,0.3775590873156503,0,0.37076796832636305,0.3344311000545861,0.3775590873156503,logistic
2021_16_BUF_NE,2021,16,2021-12-26,NE,BUF,1.0,43.5,0.5183217790582515,0,0.5588134728168643,0.5376843368074395,0.5183217790582515,logistic
2021_16_JAX_NYJ,2021,16,2021-12-26,NYJ,JAX,2.5,42.5,0.5431472081218274,1,0.6132089748950681,0.5980128904107141,0.5431472081218274,logistic
2021_16_NYG_PHI,2021,16,2021-12-26,PHI,NYG,11.0,41.0,0.812721815973132,1,0.8339011232149103,0.8404140392555205,0.812721815973132,logistic
2021_16_CHI_SEA,2021,16,2021-12-26,SEA,CHI,7.0,41.0,0.7360752537000588,0,0.7716615825117209,0.7733355382655731,0.7360752537000588,logistic
2021_16_MIA_NO,2021,16,2021-12-27,NO,MIA,-3.0,37.5,0.40073982737361286,0,0.37661055916549047,0.3405521390520316,0.40073982737361286,logistic
2021_17_LA_BAL,2021,17,2022-01-02,BAL,LA,-7.0,47.0,0.26605339105339104,0,0.2357936623068149,0.19818186663343668,0.26605339105339104,logistic
2021_17_ATL_BUF,2021,17,2022-01-02,BUF,ATL,14.0,46.5,0.8667261434992967,1,0.8820536682568634,0.8907395640788779,0.8667261434992967,logistic
2021_17_NYG_CHI,2021,17,2022-01-02,CHI,NYG,7.0,36.5,0.718984860037033,1,0.6992727017279555,0.6936472676038336,0.718984860037033,logistic
2021_17_KC_CIN,2021,17,2022-01-02,CIN,KC,-3.5,51.0,0.3779947243901776,1,0.3997973609429864,0.36499562543299285,0.3779947243901776,logistic
2021_17_ARI_DAL,2021,17,2022-01-02,DAL,ARI,6.5,53.0,0.7016893283889576,0,0.7248598776456793,0.7219500414613048,0.7016893283889576,logistic
2021_17_MIN_GB,2021,17,2022-01-02,GB,MIN,13.0,42.0,0.8454571731380673,1,0.8015256861870239,0.8057456148238815,0.8454571731380673,logistic
2021_17_LV_IND,2021,17,2022-01-02,IND,LV,8.5,46.5,0.7724619434588531,0,0.7825691618970283,0.7852139611999761,0.7724619434588531,logistic
2021_17_DEN_LAC,2021,17,2022-01-02,LAC,DEN,8.0,45.5,0.7484276729559749,1,0.7074338593361829,0.7026864481880718,0.7484276729559749,logistic
2021_17_JAX_NE,2021,17,2022-01-02,NE,JAX,17.5,42.0,0.8831038555503422,1,0.9229594650939101,0.9318266138341326,0.8831038555503422,logistic
2021_17_CAR_NO,2021,17,2022-01-02,NO,CAR,7.0,37.0,0.7133174989788355,1,0.6648557923636561,0.6554421540391077,0.7133174989788355,logistic
2021_17_TB_NYJ,2021,17,2022-01-02,NYJ,TB,-14.5,48.0,0.1336344710670326,0,0.11554229228685922,0.08784624616936548,0.1336344710670326,logistic
2021_17_DET_SEA,2021,17,2022-01-02,SEA,DET,8.5,41.5,0.7734629300912957,1,0.8151593312273249,0.8204117858899984,0.7734629300912957,logistic
2021_17_HOU_SF,2021,17,2022-01-02,SF,HOU,14.0,44.0,0.8284147182041719,1,0.8342241008580861,0.8407569706366952,0.8284147182041719,logistic
2021_17_MIA_TEN,2021,17,2022-01-02,TEN,MIA,3.0,41.0,0.6124587340318646,1,0.5900055123659584,0.5722410118387803,0.6124587340318646,logistic
2021_17_PHI_WAS,2021,17,2022-01-02,WAS,PHI,-6.5,44.5,0.3169899088419552,0,0.2270082392125917,0.1897135256797598,0.3169899088419552,logistic
2021_17_CLE_PIT,2021,17,2022-01-03,PIT,CLE,-1.0,43.5,0.47499179161650434,1,0.4299293246850647,0.39709705530485206,0.47499179161650434,logistic
2021_18_KC_DEN,2021,18,2022-01-08,DEN,KC,-11.5,44.5,0.1790281329923274,0,0.14728000822384085,0.11568019670443752,0.1790281329923274,logistic
2021_18_DAL_PHI,2021,18,2022-01-08,PHI,DAL,-6.5,46.0,0.2846975088967971,0,0.24711066073042573,0.20917174918035772,0.2846975088967971,logistic
2021_18_SEA_ARI,2021,18,2022-01-09,ARI,SEA,5.5,48.0,0.6704377766847024,0,0.5761203091939171,0.5568427560236985,0.6704377766847024,logistic
2021_18_NO_ATL,2021,18,2022-01-09,ATL,NO,-4.5,40.0,0.33941312975774796,0,0.3628533711833811,0.32616492595462776,0.33941312975774796,logistic
2021_18_PIT_BAL,2021,18,2022-01-09,BAL,PIT,3.0,41.0,0.5882115462252725,0,0.5643035373140394,0.5437571207348139,0.5882115462252725,logistic
2021_18_NYJ_BUF,2021,18,2022-01-09,BUF,NYJ,16.0,43.0,0.8872651356993738,1,0.8943419472896801,0.903274160374725,0.8872651356993738,logistic
2021_18_CIN_CLE,2021,18,2022-01-09,CLE,CIN,6.5,38.0,0.6957699520733487,1,0.5802463992153954,0.5614161686057075,0.6957699520733487,logistic
2021_18_GB_DET,2021,18,2022-01-09,DET,GB,-4.0,45.0,0.36341238065906994,1,0.19896841815151015,0.1630740728663758,0.36341238065906994,logistic
2021_18_TEN_HOU,2021,18,2022-01-09,HOU,TEN,-10.5,43.0,0.18711018711018712,0,0.17653036299657263,0.1422111428969185,0.18711018711018712,logistic
2021_18_IND_JAX,2021,18,2022-01-09,JAX,IND,-14.0,43.0,0.12790697674418605,1,0.09219286850653434,0.06809233467240704,0.12790697674418605,logistic
2021_18_SF_LA,2021,18,2022-01-09,LA,SF,3.0,46.5,0.6115107913669064,0,0.5794655941444893,0.5605505566636193,0.6115107913669064,logistic
2021_18_LAC_LV,2021,18,2022-01-09,LV,LAC,-3.5,48.0,0.37889039242219213,1,0.3087229821855537,0.2704831601402311,0.37889039242219213,logistic
2021_18_NE_MIA,2021,18,2022-01-09,MIA,NE,-6.0,41.0,0.3181818181818181,1,0.2882188646008911,0.24981598740238434,0.3181818181818181,logistic
2021_18_CHI_MIN,2021,18,2022-01-09,MIN,CHI,3.5,45.5,0.6301020408163266,1,0.534087831177841,0.5103971835866756,0.6301020408163266,logistic
2021_18_WAS_NYG,2021,18,2022-01-09,NYG,WAS,-6.0,36.0,0.3169899088419552,0,0.2695865181363974,0.23125796072530674,0.3169899088419552,logistic
2021_18_CAR_TB,2021,18,2022-01-09,TB,CAR,11.0,43.0,0.798845836768343,1,0.82451882770367,0.8304252729283851,0.798845836768343,logistic
2021_19_NE_BUF,2021,19,2022-01-15,BUF,NE,4.5,43.0,0.6545399304578752,1,0.6178850587142722,0.603210865685446,0.6545399304578752,logistic
2021_19_LV_CIN,2021,19,2022-01-15,CIN,LV,6.0,48.5,0.691138880999716,1,0.6495508424346987,0.6384256481971238,0.691138880999716,logistic
2021_19_SF_DAL,2021,19,2022-01-16,DAL,SF,3.0,51.0,0.6013875365141188,0,0.6019291155067238,0.5854793208585809,0.6013875365141188,logistic
2021_19_PIT_KC,2021,19,2022-01-16,KC,PIT,13.0,46.0,0.8447102101575499,1,0.8464382049334249,0.8536776823980443,0.8447102101575499,logistic
2021_19_PHI_TB,2021,19,2022-01-16,TB,PHI,7.5,45.5,0.7537267892947433,1,0.6759591649960683,0.6677794647402612,0.7537267892947433,logistic
2021_19_ARI_LA,2021,19,2022-01-17,LA,ARI,4.0,49.5,0.6233902972381955,1,0.5441894226209492,0.5215319537427904,0.6233902972381955,logistic
2021_20_SF_GB,2021,20,2022-01-22,GB,SF,5.5,47.0,0.7033884379005488,0,0.671858247489255,0.6632238064594634,0.7033884379005488,logistic
2021_20_CIN_TEN,2021,20,2022-01-22,TEN,CIN,4.0,48.5,0.6392711044998141,0,0.6561047925993123,0.6457136188512906,0.6392711044998141,logistic
2021_20_BUF_KC,2021,20,2022-01-23,KC,BUF,2.5,54.0,0.5649948822927329,1,0.5172756389087071,0.49191176510467527,0.5649948822927329,logistic
2021_20_LA_TB,2021,20,2022-01-23,TB,LA,2.5,48.0,0.5775497887748944,0,0.5901012104641643,0.5723472100467031,0.5775497887748944,logistic
2021_21_CIN_KC,2021,21,2022-01-30,KC,CIN,7.0,54.5,0.7272727272727274,0,0.6893814028505877,0.6826796137911201,0.7272727272727274,logistic
2021_21_SF_LA,2021,21,2022-01-30,LA,SF,3.5,45.5,0.6211096075778079,1,0.5743733518752465,0.5549070396465545,0.6211096075778079,logistic
2021_22_LA_CIN,2021,22,2022-02-13,CIN,LA,-4.5,48.5,0.3698979591836735,0,0.2161476560209389,0.1793236996256103,0.3698979591836735,logistic
2022_01_BUF_LA,2022,1,2022-09-08,LA,BUF,-1.0,51.5,0.47377843762281124,0,0.4243095820599095,0.4257386950857518,0.47377843762281124,logistic
2022_01_KC_ARI,2022,1,2022-09-11,ARI,KC,-6.0,54.0,0.30320780070978187,0,0.23518572999185838,0.2706947738716115,0.30320780070978187,logistic
2022_01_NO_ATL,2022,1,2022-09-11,ATL,NO,-6.0,43.5,0.3233821035611469,0,0.24273007150240097,0.27722566039600194,0.3233821035611469,logistic
2022_01_CLE_CAR,2022,1,2022-09-11,CAR,CLE,2.5,42.5,0.5431472081218274,0,0.4621882297461387,0.455687465023373,0.5431472081218274,logistic
2022_01_SF_CHI,2022,1,2022-09-11,CHI,SF,-6.5,38.0,0.30683501446004086,1,0.2804778545873099,0.3092992109557379,0.30683501446004086,logistic
2022_01_PIT_CIN,2022,1,2022-09-11,CIN,PIT,7.5,44.5,0.7331798681594643,0,0.7209433400810372,0.6667255633624138,0.7331798681594643,logistic
2022_01_TB_DAL,2022,1,2022-09-11,DAL,TB,-2.5,49.5,0.4433028919330289,0,0.42584915154092035,0.4269581191139462,0.4433028919330289,logistic
2022_01_PHI_DET,2022,1,2022-09-11,DET,PHI,-6.0,49.0,0.312960235640648,0,0.26470105340694966,0.29600737283881406,0.312960235640648,logistic
2022_01_LV_LAC,2022,1,2022-09-11,LAC,LV,3.5,52.5,0.6265670845558816,1,0.6315747562587117,0.5911660119083814,0.6265670845558816,logistic
2022_01_NE_MIA,2022,1,2022-09-11,MIA,NE,3.0,47.0,0.5933014354066986,1,0.5325366653243165,0.5113395111020629,0.5933014354066986,logistic
2022_01_GB_MIN,2022,1,2022-09-11,MIN,GB,2.5,47.0,0.5419847328244275,1,0.46558287347908317,0.4583682814953399,0.5419847328244275,logistic
2022_01_BAL_NYJ,2022,1,2022-09-11,NYJ,BAL,-6.5,44.0,0.29384534879040375,0,0.27026717668766564,0.3007140991864344,0.29384534879040375,logistic
2022_01_NYG_TEN,2022,1,2022-09-11,TEN,NYG,5.5,43.5,0.685385750480274,0,0.7772775613365711,0.7173632243282513,0.685385750480274,logistic
2022_01_JAX_WAS,2022,1,2022-09-11,WAS,JAX,3.0,43.5,0.5986798270759409,1,0.5958797530514038,0.5620669605795359,0.5986798270759409,logistic
2022_01_DEN_SEA,2022,1,2022-09-12,SEA,DEN,-6.0,44.0,0.3029704839803284,1,0.3223657969361791,0.3439447056540658,0.3029704839803284,logistic
2022_02_LAC_KC,2022,2,2022-09-15,KC,LAC,4.0,52.5,0.6354245784596689,1,0.6136083972842121,0.5764613783887688,0.6354245784596689,logistic
2022_02_MIA_BAL,2022,2,2022-09-18,BAL,MIA,3.0,44.0,0.6063931297709924,0,0.6201241549479682,0.5817796923478578,0.6063931297709924,logistic
2022_02_NYJ_CLE,2022,2,2022-09-18,CLE,NYJ,6.5,38.5,0.6829002792370676,0,0.7904443395156852,0.7296687045561798,0.6829002792370676,logistic
2022_02_CIN_DAL,2022,2,2022-09-18,DAL,CIN,-7.5,42.0,0.26978176462712544,1,0.29317308451615387,0.319891006912924,0.26978176462712544,logistic
2022_02_HOU_DEN,2022,2,2022-09-18,DEN,HOU,10.5,46.0,0.8025629436811645,1,0.832005731669378,0.7700255588002819,0.8025629436811645,logistic
2022_02_WAS_DET,2022,2,2022-09-18,DET,WAS,-1.0,48.5,0.48044542229805576,1,0.4537186582604886,0.44899780053801236,0.48044542229805576,logistic
2022_02_CHI_GB,2022,2,2022-09-18,GB,CHI,10.5,42.0,0.7834776815456361,1,0.8341287759092489,0.7721582479166973,0.7834776815456361,logistic
2022_02_IND_JAX,2022,2,2022-09-18,JAX,IND,-3.0,43.5,0.4034916946651176,1,0.29699317754656834,0.3230615082094664,0.4034916946651176,logistic
2022_02_ATL_LA,2022,2,2022-09-18,LA,ATL,10.5,46.5,0.8001430041331682,1,0.8093705320966914,0.7477382193804496,0.8001430041331682,logistic
2022_02_ARI_LV,2022,2,2022-09-18,LV,ARI,5.5,51.5,0.6721843886695558,0,0.5897510080135033,0.5571146179174271,0.6721843886695558,logistic
2022_02_TB_NO,2022,2,2022-09-18,NO,TB,-2.5,44.0,0.43500511770726713,0,0.4229939828419131,0.42469646215716755,0.43500511770726713,logistic
2022_02_CAR_NYG,2022,2,2022-09-18,NYG,CAR,-1.0,44.0,0.48044542229805576,1,0.5287485402245206,0.5083312768728295,0.48044542229805576,logistic
2022_02_NE_PIT,2022,2,2022-09-18,PIT,NE,-3.0,40.0,0.41493775933609955,0,0.3438362630091094,0.36140977045866207,0.41493775933609955,logistic
2022_02_SEA_SF,2022,2,2022-09-18,SF,SEA,8.5,40.0,0.7678386211843623,1,0.7301632377750691,0.674818490846612,0.7678386211843623,logistic
2022_02_TEN_BUF,2022,2,2022-09-19,BUF,TEN,10.0,47.5,0.7739261492087415,1,0.7881120535608345,0.7274739186303699,0.7739261492087415,logistic
2022_02_MIN_PHI,2022,2,2022-09-19,PHI,MIN,2.5,49.5,0.5704635785196144,1,0.653712947521964,0.6094736279643037,0.5704635785196144,logistic
2022_03_PIT_CLE,2022,3,2022-09-22,CLE,PIT,4.5,38.0,0.6557852820085941,1,0.7031127336186744,0.6512575812461848,0.6557852820085941,logistic
2022_03_LA_ARI,2022,3,2022-09-25,ARI,LA,-3.5,49.0,0.38514560209200854,0,0.2979604002864037,0.32386309197711216,0.38514560209200854,logistic
2022_03_NO_CAR,2022,3,2022-09-25,CAR,NO,-2.0,41.0,0.46097238299983456,1,0.35253414775538733,0.36843943750474323,0.46097238299983456,logistic
2022_03_HOU_CHI,2022,3,2022-09-25,CHI,HOU,3.0,40.0,0.5949110703209063,1,0.7149505234695023,0.6615007697156006,0.5949110703209063,logistic
2022_03_SF_DEN,2022,3,2022-09-25,DEN,SF,-1.0,44.0,0.489612188365651,1,0.5001194581384648,0.4856525397645264,0.489612188365651,logistic
2022_03_KC_IND,2022,3,2022-09-25,IND,KC,-4.5,51.0,0.35166954823988805,1,0.3500431926003918,0.3664286951211248,0.35166954823988805,logistic
2022_03_JAX_LAC,2022,3,2022-09-25,LAC,JAX,6.5,46.0,0.696132596685083,0,0.7148948201873269,0.6614523321141266,0.696132596685083,logistic
2022_03_BUF_MIA,2022,3,2022-09-25,MIA,BUF,-4.0,54.0,0.35449101796407184,1,0.374278830928519,0.3859164649609757,0.35449101796407184,logistic
2022_03_DET_MIN,2022,3,2022-09-25,MIN,DET,6.5,52.0,0.7069937235814012,1,0.6879575073914413,0.6382836394830899,0.7069937235814012,logistic
2022_03_BAL_NE,2022,3,2022-09-25,NE,BAL,-2.5,45.5,0.4259645555419216,0,0.516908445927285,0.49894125570297615,0.4259645555419216,logistic
2022_03_CIN_NYJ,2022,3,2022-09-25,NYJ,CIN,-6.5,46.0,0.3050817654299279,0,0.3039912206060043,0.32885079165134096,0.3050817654299279,logistic
2022_03_ATL_SEA,2022,3,2022-09-25,SEA,ATL,1.0,43.0,0.5023229882921391,0,0.6163906406378017,0.5787303668690558,0.5023229882921391,logistic
2022_03_GB_TB,2022,3,2022-09-25,TB,GB,1.0,41.5,0.5390276170001653,0,0.5766876080794795,0.5465951909350099,0.5390276170001653,logistic
2022_03_LV_TEN,2022,3,2022-09-25,TEN,LV,-1.5,45.5,0.4491310290958797,1,0.5195625492195051,0.5010446303926832,0.4491310290958797,logistic
2022_03_PHI_WAS,2022,3,2022-09-25,WAS,PHI,-6.0,47.0,0.3136531365313653,0,0.30674200112179373,0.3311200244126431,0.3136531365313653,logistic
2022_03_DAL_NYG,2022,3,2022-09-26,NYG,DAL,1.0,38.5,0.5327102803738317,0,0.46743196083863486,0.45982849077473403,0.5327102803738317,logistic
2022_04_MIA_CIN,2022,4,2022-09-29,CIN,MIA,4.0,48.5,0.6379977530895019,1,0.6747755508211423,0.6271158252477682,0.6379977530895019,logistic
2022_04_CLE_ATL,2022,4,2022-10-02,ATL,CLE,-1.0,48.0,0.4953533757725013,1,0.4402444347382478,0.4383490550628873,0.4953533757725013,logistic
2022_04_BUF_BAL,2022,4,2022-10-02,BAL,BUF,-3.0,50.0,0.3837038708949329,0,0.42708610132445785,0.4279376694007717,0.3837038708949329,logistic
2022_04_ARI_CAR,2022,4,2022-10-02,CAR,ARI,1.0,44.0,0.5172913928296243,0,0.5153592485354602,0.4977138875877075,0.5172913928296243,logistic
2022_04_WAS_DAL,2022,4,2022-10-02,DAL,WAS,3.0,40.5,0.5933014354066986,1,0.5996517845639898,0.5651207827844412,0.5933014354066986,logistic
2022_04_SEA_DET,2022,4,2022-10-02,DET,SEA,3.0,48.5,0.6119390066215612,0,0.5484002184661794,0.5239620887743827,0.6119390066215612,logistic
2022_04_NE_GB,2022,4,2022-10-02,GB,NE,10.0,40.5,0.7883116369247813,1,0.7691320032410937,0.7098495398814446,0.7883116369247813,logistic
2022_04_LAC_HOU,2022,4,2022-10-02,HOU,LAC,-5.5,45.0,0.3187935477713086,0,0.2344543715058978,0.2700592668792858,0.3187935477713086,logistic
2022_04_TEN_IND,2022,4,2022-10-02,IND,TEN,4.5,43.0,0.6546257501981656,0,0.6039721522576845,0.5686242219687789,0.6546257501981656,logistic
2022_04_DEN_LV,2022,4,2022-10-02,LV,DEN,2.5,45.5,0.5642421122306391,1,0.5260675641426423,0.5062034862098299,0.5642421122306391,logistic
2022_04_MIN_NO,2022,4,2022-10-02,NO,MIN,-4.0,42.0,0.35166954823988805,0,0.3012703185722,0.32660268935382336,0.35166954823988805,logistic
2022_04_CHI_NYG,2022,4,2022-10-02,NYG,CHI,3.0,39.0,0.5757997218358832,1,0.6366625868368625,0.5953540098924418,0.5757997218358832,logistic
2022_04_JAX_PHI,2022,4,2022-10-02,PHI,JAX,6.5,44.0,0.6990396320844041,1,0.7882624622446778,0.7276152592078433,0.6990396320844041,logistic
2022_04_NYJ_PIT,2022,4,2022-10-02,PIT,NYJ,3.0,41.0,0.6018002898771837,0,0.6581987555873623,0.6132115130227984,0.6018002898771837,logistic
2022_04_KC_TB,2022,4,2022-10-02,TB,KC,1.0,46.5,0.5419847328244275,0,0.5525235807805601,0.5272504429735949,0.5419847328244275,logistic
2022_04_LA_SF,2022,4,2022-10-03,SF,LA,1.0,42.0,0.5399277029247453,1,0.49388476408710286,0.4807235041593396,0.5399277029247453,logistic
2022_05_IND_DEN,2022,5,2022-10-06,DEN,IND,3.5,42.0,0.6238261481421341,0,0.5935722634275994,0.5602010390721691,0.6238261481421341,logistic
2022_05_PHI_ARI,2022,5,2022-10-09,ARI,PHI,-5.5,48.5,0.32886673747855216,0,0.30107616181546265,0.3264421346137068,0.32886673747855216,logistic
2022_05_CIN_BAL,2022,5,2022-10-09,BAL,CIN,3.0,47.5,0.6114139890963924,1,0.5772976290993971,0.5470853745612414,0.6114139890963924,logistic
2022_05_PIT_BUF,2022,5,2022-10-09,BUF,PIT,14.0,44.0,0.8549293271728136,1,0.8756259012414821,0.8156026919876126,0.8549293271728136,logistic
2022_05_SF_CAR,2022,5,2022-10-09,CAR,SF,-6.0,40.0,0.31808312064302313,0,0.3264972803615323,0.3473189122007928,0.31808312064302313,logistic
2022_05_LAC_CLE,2022,5,2022-10-09,CLE,LAC,-1.0,47.0,0.48044542229805576,0,0.457417322569601,0.4519194257891161,0.48044542229805576,logistic
2022_05_NYG_GB,2022,5,2022-10-09,GB,NYG,8.5,42.0,0.7749165560874428,0,0.7588627887920391,0.7004772366570181,0.7749165560874428,logistic
2022_05_HOU_JAX,2022,5,2022-10-09,JAX,HOU,7.0,44.0,0.730924978687127,0,0.7450086462598514,0.6879979482254063,0.730924978687127,logistic
2022_05_DAL_LA,2022,5,2022-10-09,LA,DAL,5.5,42.0,0.6697626418988648,0,0.7018531764159242,0.6501735013127831,0.6697626418988648,logistic
2022_05_CHI_MIN,2022,5,2022-10-09,MIN,CHI,10.0,44.0,0.7701094942408874,1,0.8024017568416134,0.7410293282581224,0.7701094942408874,logistic
2022_05_DET_NE,2022,5,2022-10-09,NE,DET,3.0,46.5,0.5816746508332771,1,0.5383614761473106,0.5159693793090715,0.5816746508332771,logistic
2022_05_SEA_NO,2022,5,2022-10-09,NO,SEA,5.5,45.5,0.6769093283838592,1,0.6907447673057411,0.6406585628480784,0.6769093283838592,logistic
2022_05_MIA_NYJ,2022,5,2022-10-09,NYJ,MIA,-3.0,46.0,0.3966571791921516,1,0.35269741297482526,0.36857116112447175,0.3966571791921516,logistic
2022_05_ATL_TB,2022,5,2022-10-09,TB,ATL,10.5,46.0,0.7868489845163884,1,0.8169261895130946,0.7550902226259699,0.7868489845163884,logistic
2022_05_TEN_WAS,2022,5,2022-10-09,WAS,TEN,-1.0,43.0,0.48837209302325585,0,0.48742937732003316,0.4756223536421995,0.48837209302325585,logistic
2022_05_LV_KC,2022,5,2022-10-10,KC,LV,7.5,51.5,0.7408832128019694,1,0.7106388299643218,0.6577582316569065,0.7408832128019694,logistic
2022_06_WAS_CHI,2022,6,2022-10-13,CHI,WAS,-1.0,38.5,0.4672897196261682,0,0.49670851965350804,0.48295560103571616,0.4672897196261682,logistic
2022_06_SF_ATL,2022,6,2022-10-16,ATL,SF,-3.5,46.0,0.36674816625916873,1,0.36673234610164585,0.3798655652091265,0.36674816625916873,logistic
2022_06_NE_CLE,2022,6,2022-10-16,CLE,NE,2.5,43.0,0.5697382574399427,0,0.6021111491881735,0.5671143539297108,0.5697382574399427,logistic
2022_06_NYJ_GB,2022,6,2022-10-16,GB,NYJ,7.5,44.5,0.7603858721020694,0,0.8066871801737666,0.7451469606973504,0.7603858721020694,logistic
2022_06_JAX_IND,2022,6,2022-10-16,IND,JAX,1.0,41.0,0.5357590966122961,1,0.564384660735738,0.5367291352615229,0.5357590966122961,logistic
2022_06_BUF_KC,2022,6,2022-10-16,KC,BUF,-2.5,54.0,0.4207141879874127,0,0.4455300639531351,0.4425275074648154,0.4207141879874127,logistic
2022_06_CAR_LA,2022,6,2022-10-16,LA,CAR,10.0,41.5,0.7810116153488234,1,0.7763663511348272,0.7165190609932877,0.7810116153488234,logistic
2022_06_MIN_MIA,2022,6,2022-10-16,MIA,MIN,-3.0,45.0,0.3794411866160745,0,0.39800533063348537,0.404856433133271,0.3794411866160745,logistic
2022_06_CIN_NO,2022,6,2022-10-16,NO,CIN,-3.0,42.5,0.39360687022900764,0,0.4112981464767164,0.41542162179310427,0.39360687022900764,logistic
2022_06_BAL_NYG,2022,6,2022-10-16,NYG,BAL,-5.5,46.0,0.31808312064302313,1,0.37048228196758465,0.3828741293904844,0.31808312064302313,logistic
2022_06_DAL_PHI,2022,6,2022-10-16,PHI,DAL,6.5,42.5,0.723912553527158,1,0.7611670295411939,0.7025708431083117,0.723912553527158,logistic
2022_06_TB_PIT,2022,6,2022-10-16,PIT,TB,-10.0,47.0,0.22937728315351283,1,0.215738180973228,0.2536417092452242,0.22937728315351283,logistic
2022_06_ARI_SEA,2022,6,2022-10-16,SEA,ARI,-2.5,50.0,0.43762053107847504,1,0.4194134575157855,0.4218589213067684,0.43762053107847504,logistic
2022_06_DEN_LAC,2022,6,2022-10-17,LAC,DEN,3.5,45.5,0.6336902505251294,1,0.5750403589795187,0.5452720260825229,0.6336902505251294,logistic
2022_07_NO_ARI,2022,7,2022-10-20,ARI,NO,2.5,44.0,0.5686556434219986,1,0.5967226525177735,0.5627489756036138,0.5686556434219986,logistic
2022_07_CLE_BAL,2022,7,2022-10-23,BAL,CLE,6.5,46.0,0.7174723389148571,1,0.657517245445203,0.6126429799500064,0.7174723389148571,logistic
2022_07_TB_CAR,2022,7,2022-10-23,CAR,TB,-13.0,39.5,0.15527950310559005,1,0.13582828348531897,0.1791294644838308,0.15527950310559005,logistic
2022_07_ATL_CIN,2022,7,2022-10-23,CIN,ATL,6.5,47.5,0.7098956093365133,1,0.7752047213936061,0.7154442515684647,0.7098956093365133,logistic
2022_07_DET_DAL,2022,7,2022-10-23,DAL,DET,7.0,49.5,0.7149278269657159,1,0.6367637384287295,0.5954373848840985,0.7149278269657159,logistic
2022_07_NYJ_DEN,2022,7,2022-10-23,DEN,NYJ,-2.0,37.0,0.453954604539546,0,0.4760435004811722,0.46662897382292584,0.453954604539546,logistic
2022_07_NYG_JAX,2022,7,2022-10-23,JAX,NYG,3.0,44.0,0.6069415603678434,0,0.6592915450507015,0.6141236395338953,0.6069415603678434,logistic
2022_07_SEA_LAC,2022,7,2022-10-23,LAC,SEA,5.5,51.5,0.6679400834834022,0,0.6965308459512467,0.6456045075682509,0.6679400834834022,logistic
2022_07_HOU_LV,2022,7,2022-10-23,LV,HOU,7.0,46.0,0.7429694587239188,1,0.7119282547403949,0.6588760229284558,0.7429694587239188,logistic
2022_07_PIT_MIA,2022,7,2022-10-23,MIA,PIT,7.5,44.5,0.7264615702621697,1,0.6974799810715805,0.6464179130471764,0.7264615702621697,logistic
2022_07_KC_SF,2022,7,2022-10-23,SF,KC,-1.0,49.0,0.497677011707861,0,0.5141181177096648,0.4967307774944491,0.497677011707861,logistic
2022_07_IND_TEN,2022,7,2022-10-23,TEN,IND,2.5,43.0,0.5740354444580784,1,0.5929718107753202,0.559715760892375,0.5740354444580784,logistic
2022_07_GB_WAS,2022,7,2022-10-23,WAS,GB,-4.0,41.5,0.35656010152897805,1,0.2738905970675839,0.3037677603342359,0.35656010152897805,logistic
2022_07_CHI_NE,2022,7,2022-10-24,NE,CHI,9.5,40.0,0.7728364052746279,0,0.7859958350295055,0.7254881899348741,0.7728364052746279,logistic
2022_08_BAL_TB,2022,8,2022-10-27,TB,BAL,2.0,46.0,0.5480494766888677,0,0.6117898632634039,0.5749798497704957,0.5480494766888677,logistic
2022_08_CAR_ATL,2022,8,2022-10-30,ATL,CAR,4.5,41.0,0.6499104422061458,1,0.647902743250859,0.604646869104639,0.6499104422061458,logistic
2022_08_GB_BUF,2022,8,2022-10-30,BUF,GB,10.5,47.0,0.7915272066558287,1,0.8016927141654776,0.7403504572057018,0.7915272066558287,logistic
2022_08_CHI_DAL,2022,8,2022-10-30,DAL,CHI,10.5,43.0,0.7868489845163884,1,0.8467144490823443,0.7849657680925876,0.7868489845163884,logistic
2022_08_MIA_DET,2022,8,2022-10-30,DET,MIA,-3.5,52.0,0.36200224691049804,0,0.3310666395458467,0.35104297526013667,0.36200224691049804,logistic
2022_08_TEN_HOU,2022,8,2022-10-30,HOU,TEN,-1.0,39.0,0.478202846975089,0,0.40000489135362,0.4064475439763123,0.478202846975089,logistic
2022_08_WAS_IND,2022,8,2022-10-30,IND,WAS,3.0,40.5,0.586736037934668,0,0.5773510010476125,0.5471282663574781,0.586736037934668,logistic
2022_08_DEN_JAX,2022,8,2022-10-30,JAX,DEN,1.0,41.0,0.5046466242274987,0,0.47433918465440905,0.46528304201686876,0.5046466242274987,logistic
2022_08_SF_LA,2022,8,2022-10-30,LA,SF,-1.0,42.0,0.5023229882921391,0,0.48748463643326007,0.4756660118552702,0.5023229882921391,logistic
2022_08_ARI_MIN,2022,8,2022-10-30,MIN,ARI,4.0,48.5,0.648330451760112,1,0.6770130210825294,0.6290041939576589,0.648330451760112,logistic
2022_08_LV_NO,2022,8,2022-10-30,NO,LV,-1.0,48.5,0.46943325045014145,1,0.3860236618548095,0.39530665878578614,0.46943325045014145,logistic
2022_08_NE_NYJ,2022,8,2022-10-30,NYJ,NE,-3.0,40.0,0.4066985645933015,0,0.40978843881930344,0.4142230821857433,0.4066985645933015,logistic
2022_08_PIT_PHI,2022,8,2022-10-30,PHI,PIT,11.0,43.0,0.8049780187088884,1,0.8728988371175915,0.8126314201937116,0.8049780187088884,logistic
2022_08_NYG_SEA,2022,8,2022-10-30,SEA,NYG,3.0,44.5,0.6054283493752616,1,0.6455259231839536,0.6026769957727138,0.6054283493752616,logistic
2022_08_CIN_CLE,2022,8,2022-10-31,CLE,CIN,-3.0,45.0,0.3951262751461066,1,0.3745277309461162,0.3861157953989489,0.3951262751461066,logistic
2022_09_PHI_HOU,2022,9,2022-11-03,HOU,PHI,-14.0,45.5,0.15167045527612721,0,0.13211439934051725,0.17543432264333736,0.15167045527612721,logistic
2022_09_SEA_ARI,2022,9,2022-11-06,ARI,SEA,1.5,49.5,0.5480494766888677,0,0.5385456238538388,0.5161158381957832,0.5480494766888677,logistic
2022_09_LAC_ATL,2022,9,2022-11-06,ATL,LAC,-2.5,49.5,0.4248994579471935,0,0.32757919623742193,0.3482014071440222,0.4248994579471935,logistic
2022_09_MIA_CHI,2022,9,2022-11-06,CHI,MIA,-4.0,46.0,0.3582082253410925,0,0.3578877272417983,0.37275456690305625,0.3582082253410925,logistic
2022_09_CAR_CIN,2022,9,2022-11-06,CIN,CAR,7.0,43.0,0.745785705017046,1,0.7862164822441273,0.7256949796959411,0.745785705017046,logistic
2022_09_GB_DET,2022,9,2022-11-06,DET,GB,-4.0,49.5,0.36072889550018594,1,0.26230727861053105,0.2939771141035553,0.36072889550018594,logistic
2022_09_LV_JAX,2022,9,2022-11-06,JAX,LV,-2.5,47.5,0.451107083760145,1,0.4218747801019901,0.4238096630310949,0.451107083760145,logistic
2022_09_TEN_KC,2022,9,2022-11-06,KC,TEN,14.0,45.0,0.8461898356629043,1,0.8659747191845618,0.8051682148638557,0.8461898356629043,logistic
2022_09_IND_NE,2022,9,2022-11-06,NE,IND,5.0,40.0,0.6618106139438086,1,0.7129843135883839,0.6597924136909423,0.6618106139438086,logistic
2022_09_BUF_NYJ,2022,9,2022-11-06,NYJ,BUF,-11.0,46.0,0.19386422976501305,1,0.19170089681982083,0.23206832997113983,0.19386422976501305,logistic
2022_09_LA_TB,2022,9,2022-11-06,TB,LA,3.0,43.0,0.5971016303329377,1,0.5779120118951936,0.5475791622763858,0.5971016303329377,logistic
2022_09_MIN_WAS,2022,9,2022-11-06,WAS,MIN,-3.0,43.5,0.3880609933784388,0,0.38558742585724187,0.39495842527686653,0.3880609933784388,logistic
2022_09_BAL_NO,2022,9,2022-11-07,NO,BAL,-1.0,46.0,0.4600722970752547,0,0.41244159032570554,0.4163291718428988,0.4600722970752547,logistic
2022_10_ATL_CAR,2022,10,2022-11-10,CAR,ATL,-2.5,41.5,0.4452291394795425,1,0.4366434043543097,0.43550122606499503,0.4452291394795425,logistic
2022_10_MIN_BUF,2022,10,2022-11-13,BUF,MIN,6.5,47.0,0.7053108808290155,0,0.7402141975663364,0.6837206248826491,0.7053108808290155,logistic
2022_10_DET_CHI,2022,10,2022-11-13,CHI,DET,3.0,48.5,0.5986798270759409,0,0.569684892996651,0.540974980404136,0.5986798270759409,logistic
2022_10_DAL_GB,2022,10,2022-11-13,GB,DAL,-3.5,44.5,0.35166954823988805,1,0.37702645988831734,0.38811606888030226,0.35166954823988805,logistic
2022_10_JAX_KC,2022,10,2022-11-13,KC,JAX,10.0,51.5,0.7758985390740433,1,0.805348694839336,0.7438581736707726,0.7758985390740433,logistic
2022_10_ARI_LA,2022,10,2022-11-13,LA,ARI,3.5,38.0,0.6270426989984186,0,0.5250044531519531,0.5053600053140667,0.6270426989984186,logistic
2022_10_IND_LV,2022,10,2022-11-13,LV,IND,4.5,41.0,0.648330451760112,0,0.6323424950275126,0.5917972620162244,0.648330451760112,logistic
2022_10_CLE_MIA,2022,10,2022-11-13,MIA,CLE,3.0,49.0,0.6224409126843496,1,0.5910290950979982,0.5581464359307519,0.6224409126843496,logistic
2022_10_HOU_NYG,2022,10,2022-11-13,NYG,HOU,5.5,41.5,0.6700755434503315,1,0.7612590850017857,0.702654594403782,0.6700755434503315,logistic
2022_10_NO_PIT,2022,10,2022-11-13,PIT,NO,1.0,39.5,0.5240193918025562,1,0.5279364865649014,0.5076866752083644,0.5240193918025562,logistic
2022_10_LAC_SF,2022,10,2022-11-13,SF,LAC,8.5,45.5,0.7584745314828713,1,0.7540981900007983,0.6961648208043733,0.7584745314828713,logistic
2022_10_SEA_TB,2022,10,2022-11-13,TB,SEA,2.5,45.0,0.5649948822927329,1,0.5675622363515862,0.5392737884844784,0.5649948822927329,logistic
2022_10_DEN_TEN,2022,10,2022-11-13,TEN,DEN,2.5,40.0,0.5605012156349355,1,0.5788009444019532,0.5482937867156752,0.5605012156349355,logistic
2022_10_WAS_PHI,2022,10,2022-11-14,PHI,WAS,11.0,43.0,0.808051612079015,0,0.8558081722426568,0.7944075509751668,0.808051612079015,logistic
2022_11_TEN_GB,2022,11,2022-11-17,GB,TEN,3.0,40.5,0.6148543979079913,0,0.6694620197171552,0.622642696009304,0.6148543979079913,logistic
2022_11_CHI_ATL,2022,11,2022-11-20,ATL,CHI,3.0,48.5,0.5660893345487694,1,0.6000610567355241,0.5654524031289571,0.5660893345487694,logistic
2022_11_CAR_BAL,2022,11,2022-11-20,BAL,CAR,13.0,42.0,0.8392998896396833,1,0.887911745001561,0.8292297552076412,0.8392998896396833,logistic
2022_11_CLE_BUF,2022,11,2022-11-20,BUF,CLE,7.5,50.5,0.7561815774459886,1,0.6998174925708379,0.6484237070916865,0.7561815774459886,logistic
2022_11_LV_DEN,2022,11,2022-11-20,DEN,LV,2.5,41.5,0.5775497887748944,0,0.5474863554174851,0.5232337313056273,0.5775497887748944,logistic
2022_11_WAS_HOU,2022,11,2022-11-20,HOU,WAS,-3.0,41.0,0.41493775933609955,0,0.42576061028478335,0.4268879964386562,0.41493775933609955,logistic
2022_11_PHI_IND,2022,11,2022-11-20,IND,PHI,-6.5,45.5,0.290309925460965,0,0.22248639042174667,0.25959649738051904,0.290309925460965,logistic
2022_11_KC_LAC,2022,11,2022-11-20,LAC,KC,-5.5,52.5,0.32106932575441594,0,0.26655715031994803,0.2975790651734917,0.32106932575441594,logistic
2022_11_DAL_MIN,2022,11,2022-11-20,MIN,DAL,-1.5,48.5,0.4471717836540324,0,0.49736864730819563,0.4834774850048243,0.4471717836540324,logistic
2022_11_NYJ_NE,2022,11,2022-11-20,NE,NYJ,3.5,38.5,0.629269318749507,1,0.7000808535814147,0.6486499239747943,0.629269318749507,logistic
2022_11_LA_NO,2022,11,2022-11-20,NO,LA,2.5,39.5,0.5399277029247453,1,0.5173167015909799,0.4992647452309507,0.5399277029247453,logistic
2022_11_DET_NYG,2022,11,2022-11-20,NYG,DET,3.0,44.0,0.5986798270759409,0,0.6714895072424117,0.6243476483170427,0.5986798270759409,logistic
2022_11_CIN_PIT,2022,11,2022-11-20,PIT,CIN,-3.5,39.0,0.37073068125049297,0,0.30280437492979767,0.3278706139498127,0.37073068125049297,logistic
2022_11_SF_ARI,2022,11,2022-11-21,ARI,SF,-10.0,43.5,0.21561338289962823,0,0.13918680859117935,0.18244889710191084,0.21561338289962823,logistic
2022_12_NYG_DAL,2022,12,2022-11-24,DAL,NYG,10.5,45.5,0.7905398342128594,1,0.8202428117825304,0.7583443037164058,0.7905398342128594,logistic
2022_12_BUF_DET,2022,12,2022-11-24,DET,BUF,-10.0,54.0,0.21945616020299694,0,0.18031424900050555,0.2216279503822017,0.21945616020299694,logistic
2022_12_NE_MIN,2022,12,2022-11-24,MIN,NE,2.5,42.5,0.562379468921525,1,0.5985893975731885,0.5642602174664824,0.562379468921525,logistic
2022_12_LAC_ARI,2022,12,2022-11-27,ARI,LAC,-2.5,48.5,0.43762053107847504,0,0.36375064357994014,0.37747071053892567,0.43762053107847504,logistic
2022_12_DEN_CAR,2022,12,2022-11-27,CAR,DEN,-1.0,36.5,0.4759806081974437,1,0.46532766652026836,0.45816674446924605,0.4759806081974437,logistic
2022_12_TB_CLE,2022,12,2022-11-27,CLE,TB,-3.0,42.0,0.3880609933784388,1,0.317032916155062,0.33957905084573115,0.3880609933784388,logistic
2022_12_BAL_JAX,2022,12,2022-11-27,JAX,BAL,-3.5,43.0,0.3945716506247385,1,0.38494175142000026,0.39444292993961505,0.3945716506247385,logistic
2022_12_LA_KC,2022,12,2022-11-27,KC,LA,16.5,42.0,0.8882601694532649,1,0.8893712500953889,0.830876392296748,0.8882601694532649,logistic
2022_12_HOU_MIA,2022,12,2022-11-27,MIA,HOU,14.0,47.0,0.8640691389767738,1,0.8887628616333515,0.8301892460644599,0.8640691389767738,logistic
2022_12_CHI_NYJ,2022,12,2022-11-27,NYJ,CHI,8.5,36.5,0.7661538461538461,1,0.7451122621868025,0.6880906157413663,0.7661538461538461,logistic
2022_12_GB_PHI,2022,12,2022-11-27,PHI,GB,6.5,46.0,0.7149278269657159,1,0.7761305711804344,0.7163007814082283,0.7149278269657159,logistic
2022_12_LV_SEA,2022,12,2022-11-27,SEA,LV,4.0,47.5,0.644674925573802,0,0.6549223993507939,0.6104804366264935,0.644674925573802,logistic
2022_12_NO_SF,2022,12,2022-11-27,SF,NO,9.5,44.0,0.7728364052746279,1,0.8074300391634421,0.7458633121824727,0.7728364052746279,logistic
2022_12_CIN_TEN,2022,12,2022-11-27,TEN,CIN,-1.0,43.0,0.5,0,0.5032567223281764,0.48813383491170687,0.5,logistic
2022_12_ATL_WAS,2022,12,2022-11-27,WAS,ATL,3.5,40.5,0.6297217024951262,1,0.6552574645063882,0.6107594901718939,0.6297217024951262,logistic
2022_12_PIT_IND,2022,12,2022-11-28,IND,PIT,2.5,40.0,0.5480494766888677,0,0.5675382286405142,0.5392545538154588,0.5480494766888677,logistic
2022_13_BUF_NE,2022,13,2022-12-01,NE,BUF,-3.5,43.5,0.3676233473073202,0,0.35210137480642845,0.36809023344509806,0.3676233473073202,logistic
2022_13_PIT_ATL,2022,13,2022-12-04,ATL,PIT,-1.0,43.0,0.48147562105834224,0,0.5177435604522767,0.4996029956242188,0.48147562105834224,logistic
2022_13_DEN_BAL,2022,13,2022-12-04,BAL,DEN,9.5,40.5,0.7536076905268497,1,0.8205502052567065,0.7586467544843015,0.7536076905268497,logistic
2022_13_GB_CHI,2022,13,2022-12-04,CHI,GB,-4.0,45.0,0.37073068125049297,0,0.3091772874363029,0.33312607262627447,0.37073068125049297,logistic
2022_13_KC_CIN,2022,13,2022-12-04,CIN,KC,-2.5,53.0,0.444104134762634,1,0.4217735865197671,0.423729475302235,0.444104134762634,logistic
2022_13_IND_DAL,2022,13,2022-12-04,DAL,IND,11.0,44.5,0.7963340122199594,1,0.84929568586097,0.787629077825518,0.7963340122199594,logistic
2022_13_JAX_DET,2022,13,2022-12-04,DET,JAX,1.0,51.5,0.5284039285250725,1,0.5249372999886762,0.5053067304926243,0.5284039285250725,logistic
2022_13_CLE_HOU,2022,13,2022-12-04,HOU,CLE,-7.5,47.0,0.25547879942829915,0,0.25000592879032146,0.28348311698087536,0.25547879942829915,logistic
2022_13_SEA_LA,2022,13,2022-12-04,LA,SEA,-7.0,41.0,0.276087446472842,0,0.2214279813263203,0.25866525615423214,0.276087446472842,logistic
2022_13_LAC_LV,2022,13,2022-12-04,LV,LAC,2.5,49.0,0.5668328047122791,1,0.534157917062665,0.512627634795554,0.5668328047122791,logistic
2022_13_NYJ_MIN,2022,13,2022-12-04,MIN,NYJ,3.0,44.0,0.5792858120125872,1,0.6489646329930233,0.6055278088771502,0.5792858120125872,logistic
2022_13_TEN_PHI,2022,13,2022-12-04,PHI,TEN,5.0,44.5,0.6629225583423975,1,0.7611086947998187,0.7025177750714955,0.6629225583423975,logistic
2022_13_MIA_SF,2022,13,2022-12-04,SF,MIA,4.5,46.0,0.6711332625214478,1,0.6683455772979033,0.6217048256789155,0.6711332625214478,logistic
2022_13_NO_TB,2022,13,2022-12-05,TB,NO,3.5,41.0,0.6379977530895019,1,0.6491418563509299,0.6056748849569378,0.6379977530895019,logistic
2022_14_LV_LA,2022,14,2022-12-08,LA,LV,-6.5,42.5,0.2817523080884246,1,0.25909480916516303,0.29124657710504287,0.2817523080884246,logistic
2022_14_NYJ_BUF,2022,14,2022-12-11,BUF,NYJ,10.0,43.5,0.7754085940036801,1,0.8222574997939267,0.7603292697740057,0.7754085940036801,logistic
2022_14_CLE_CIN,2022,14,2022-12-11,CIN,CLE,4.5,47.0,0.6534585746204004,1,0.6697261277063475,0.6228646606595845,0.6534585746204004,logistic
2022_14_HOU_DAL,2022,14,2022-12-11,DAL,HOU,17.0,44.5,0.90462674227086,1,0.9336195999613947,0.8843752799114514,0.90462674227086,logistic
2022_14_KC_DEN,2022,14,2022-12-11,DEN,KC,-8.5,44.5,0.22616355195810023,0,0.18522652061804895,0.22615088040238338,0.22616355195810023,logistic
2022_14_MIN_DET,2022,14,2022-12-11,DET,MIN,2.5,51.5,0.5547708605204575,1,0.5202883773495944,0.5016199926551976,0.5547708605204575,logistic
2022_14_MIA_LAC,2022,14,2022-12-11,LAC,MIA,-3.0,54.5,0.3960962679598783,1,0.3426084596225129,0.36041546979943706,0.3960962679598783,logistic
2022_14_PHI_NYG,2022,14,2022-12-11,NYG,PHI,-7.5,44.5,0.26994359387590655,0,0.23298703976848611,0.26878293491322186,0.26994359387590655,logistic
2022_14_BAL_PIT,2022,14,2022-12-11,PIT,BAL,1.5,37.0,0.5399277029247453,0,0.5313398249403183,0.5103888466696136,0.5399277029247453,logistic
2022_14_CAR_SEA,2022,14,2022-12-11,SEA,CAR,3.5,44.5,0.6495327102803738,0,0.6576938458802571,0.6127902818953549,0.6495327102803738,logistic
2022_14_TB_SF,2022,14,2022-12-11,SF,TB,3.5,38.0,0.6455089820359281,1,0.6609594598784538,0.6155169921465987,0.6455089820359281,logistic
2022_14_JAX_TEN,2022,14,2022-12-11,TEN,JAX,3.0,42.0,0.6119390066215612,0,0.6170135241184241,0.579238737390874,0.6119390066215612,logistic
2022_14_NE_ARI,2022,14,2022-12-12,ARI,NE,-2.0,44.0,0.45801526717557256,0,0.40984901064434043,0.4142711758371597,0.45801526717557256,logistic
2022_15_SF_SEA,2022,15,2022-12-15,SEA,SF,-3.0,43.0,0.3871172000921022,0,0.3692681584214491,0.381900438166003,0.3871172000921022,logistic
2022_15_MIA_BUF,2022,15,2022-12-17,BUF,MIA,7.0,44.0,0.7397124442240952,1,0.717942635128032,0.6641060163255558,0.7397124442240952,logistic
2022_15_BAL_CLE,2022,15,2022-12-17,CLE,BAL,2.5,39.5,0.5922935486449755,1,0.5655730581183489,0.53768054659768,0.5922935486449755,logistic
2022_15_IND_MIN,2022,15,2022-12-17,MIN,IND,3.5,46.5,0.6362901596282077,1,0.6102526312662517,0.5737284215080631,0.6362901596282077,logistic
2022_15_PIT_CAR,2022,15,2022-12-18,CAR,PIT,2.5,36.5,0.5764909248055315,0,0.6116463848513618,0.5748630112129919,0.5764909248055315,logistic
2022_15_PHI_CHI,2022,15,2022-12-18,CHI,PHI,-8.5,48.0,0.22937728315351283,0,0.22529656682991672,0.2620642308274968,0.22937728315351283,logistic
2022_15_ARI_DEN,2022,15,2022-12-18,DEN,ARI,1.5,37.5,0.534834771627026,1,0.49279927794118694,0.47986558440995547,0.534834771627026,logistic
2022_15_KC_HOU,2022,15,2022-12-18,HOU,KC,-14.5,48.5,0.14421617245218096,0,0.09294188885909607,0.13460078429939418,0.14421617245218096,logistic
2022_15_DAL_JAX,2022,15,2022-12-18,JAX,DAL,-4.0,48.5,0.36370984037179227,1,0.2993463746664469,0.32501090703403224,0.36370984037179227,logistic
2022_15_TEN_LAC,2022,15,2022-12-18,LAC,TEN,3.0,46.5,0.5971016303329377,1,0.5731202490788804,0.543730565586386,0.5971016303329377,logistic
2022_15_NE_LV,2022,15,2022-12-18,LV,NE,1.0,45.0,0.5500363507751557,1,0.5377625284136156,0.5154930544885467,0.5500363507751557,logistic
2022_15_ATL_NO,2022,15,2022-12-18,NO,ATL,5.0,43.5,0.6789306742455842,1,0.5827631001130957,0.5514816139964397,0.6789306742455842,logistic
2022_15_DET_NYJ,2022,15,2022-12-18,NYJ,DET,2.0,44.0,0.555895865237366,0,0.5587976845302856,0.5322605755327875,0.555895865237366,logistic
2022_15_CIN_TB,2022,15,2022-12-18,TB,CIN,-3.5,47.0,0.3900657414170928,0,0.416791642042947,0.41978016556372283,0.3900657414170928,logistic
2022_15_NYG_WAS,2022,15,2022-12-18,WAS,NYG,4.5,40.5,0.6522836814321781,0,0.6891216917883319,0.639275005491553,0.6522836814321781,logistic
2022_15_LA_GB,2022,15,2022-12-19,GB,LA,8.0,39.5,0.7579052432627578,1,0.7921698759176286,0.7312968352938025,0.7579052432627578,logistic
2022_16_JAX_NYJ,2022,16,2022-12-22,NYJ,JAX,2.5,36.5,0.562379468921525,0,0.6711240699040534,0.6240401768054086,0.562379468921525,logistic
2022_16_ATL_BAL,2022,16,2022-12-24,BAL,ATL,6.5,35.0,0.7123342460695936,1,0.7844317736324361,0.7240240242699351,0.7123342460695936,logistic
2022_16_DET_CAR,2022,16,2022-12-24,CAR,DET,-2.5,43.5,0.4499636492248442,1,0.5070655831312854,0.49114736877190196,0.4499636492248442,logistic
2022_16_BUF_CHI,2022,16,2022-12-24,CHI,BUF,-8.0,40.0,0.2402841621395737,0,0.2347336106732341,0.27030196005402624,0.2402841621395737,logistic
2022_16_NO_CLE,2022,16,2022-12-24,CLE,NO,3.0,32.0,0.6279229893276131,0,0.693476924542456,0.6429913168745641,0.6279229893276131,logistic
2022_16_PHI_DAL,2022,16,2022-12-24,DAL,PHI,4.0,48.0,0.6495327102803738,1,0.6131123668955806,0.5760571519193092,0.6495327102803738,logistic
2022_16_SEA_KC,2022,16,2022-12-24,KC,SEA,10.5,50.5,0.7923696806592547,1,0.8293223075956513,0.7673408736755566,0.7923696806592547,logistic
2022_16_NYG_MIN,2022,16,2022-12-24,MIN,NYG,4.5,48.0,0.6651251793972254,1,0.688572417212949,0.6388071629071067,0.6651251793972254,logistic
2022_16_CIN_NE,2022,16,2022-12-24,NE,CIN,-3.0,42.0,0.4132639620653319,0,0.4635394563874847,0.45675457393045354,0.4132639620653319,logistic
2022_16_LV_PIT,2022,16,2022-12-24,PIT,LV,2.5,38.5,0.5704635785196144,1,0.6526648878836308,0.6086017538668891,0.5704635785196144,logistic
2022_16_WAS_SF,2022,16,2022-12-24,SF,WAS,6.5,37.5,0.7151211298942416,1,0.8014410410524264,0.7401096558579265,0.7151211298942416,logistic
2022_16_HOU_TEN,2022,16,2022-12-24,TEN,HOU,3.0,34.0,0.6143408084559349,0,0.6615958768079806,0.6160490253424659,0.6143408084559349,logistic
2022_16_TB_ARI,2022,16,2022-12-25,ARI,TB,-7.5,41.5,0.26028755577590484,0,0.22973141215671491,0.2659447648137554,0.26028755577590484,logistic
2022_16_DEN_LA,2022,16,2022-12-25,LA,DEN,-3.0,36.5,0.38227263180004206,1,0.42121871459137,0.4232897629823457,0.38227263180004206,logistic
2022_16_GB_MIA,2022,16,2022-12-25,MIA,GB,3.5,49.0,0.629269318749507,0,0.6435601912631875,0.6010498137534799,0.629269318749507,logistic
2022_16_LAC_IND,2022,16,2022-12-26,IND,LAC,-3.5,44.5,0.3676233473073202,0,0.33092455243790503,0.3509272928749831,0.3676233473073202,logistic
2022_17_DAL_TEN,2022,17,2022-12-29,TEN,DAL,-14.0,41.0,0.14616351195638383,0,0.10473884927876448,0.14729921956199576,0.14616351195638383,logistic
2022_17_ARI_ATL,2022,17,2023-01-01,ATL,ARI,7.0,41.0,0.7151211298942416,1,0.7078889179783427,0.6553783586617187,0.7151211298942416,logistic
2022_17_PIT_BAL,2022,17,2023-01-01,BAL,PIT,1.0,35.5,0.534834771627026,0,0.5980040695412648,0.5637862395833629,0.534834771627026,logistic
2022_17_CHI_DET,2022,17,2023-01-01,DET,CHI,4.5,52.5,0.6686953451176703,1,0.6483495878452192,0.6050175044561856,0.6686953451176703,logistic
2022_17_MIN_GB,2022,17,2023-01-01,GB,MIN,3.0,47.5,0.617727368199958,1,0.5688122502478339,0.5402754740107524,0.617727368199958,logistic
2022_17_JAX_HOU,2022,17,2023-01-01,HOU,JAX,-3.5,43.0,0.3650052779508833,0,0.31387303703854896,0.33698662445555644,0.3650052779508833,logistic
2022_17_DEN_KC,2022,17,2023-01-01,KC,DEN,13.5,46.0,0.8495317115164828,1,0.8723029484563393,0.8119846198182173,0.8495317115164828,logistic
2022_17_LA_LAC,2022,17,2023-01-01,LAC,LA,6.5,41.5,0.7176598944357621,1,0.7708850973544524,0.7114605339897087,0.7176598944357621,logistic
2022_17_SF_LV,2022,17,2023-01-01,LV,SF,-10.0,41.5,0.20583407465858716,0,0.1843997454525863,0.2253916806673824,0.20583407465858716,logistic
2022_17_MIA_NE,2022,17,2023-01-01,NE,MIA,3.0,41.5,0.6002460024600246,1,0.5424656324295978,0.5192349059339857,0.6002460024600246,logistic
2022_17_IND_NYG,2022,17,2023-01-01,NYG,IND,5.5,38.5,0.6776342863861725,1,0.6861163617073643,0.6367175243130013,0.6776342863861725,logistic
2022_17_NO_PHI,2022,17,2023-01-01,PHI,NO,5.5,41.5,0.6735308890005023,0,0.7582199926407556,0.6998941442884258,0.6735308890005023,logistic
2022_17_NYJ_SEA,2022,17,2023-01-01,SEA,NYJ,-1.0,43.0,0.4827086071703758,1,0.48307791581652826,0.47218479752354026,0.4827086071703758,logistic
2022_17_CAR_TB,2022,17,2023-01-01,TB,CAR,3.5,40.5,0.6310538349615464,1,0.6401237485208056,0.5982094576315471,0.6310538349615464,logistic
2022_17_CLE_WAS,2022,17,2023-01-01,WAS,CLE,1.0,41.5,0.5262215623771888,0,0.5191628641570377,0.5007278278003854,0.5262215623771888,logistic
2022_18_TEN_JAX,2022,18,2023-01-07,JAX,TEN,6.0,39.5,0.7025285076846802,1,0.713719302484163,0.660430680135303,0.7025285076846802,logistic
2022_18_KC_LV,2022,18,2023-01-07,LV,KC,-9.0,51.5,0.22143025602054453,0,0.17438754033996362,0.21613096760735445,0.22143025602054453,logistic
2022_18_TB_ATL,2022,18,2023-01-08,ATL,TB,6.0,40.5,0.6829002792370676,1,0.6079997990073713,0.5718959514200763,0.6829002792370676,logistic
2022_18_NE_BUF,2022,18,2023-01-08,BUF,NE,8.0,44.0,0.7655188824223437,1,0.7890763378532557,0.7283805449685355,0.7655188824223437,logistic
2022_18_MIN_CHI,2022,18,2023-01-08,CHI,MIN,-6.5,42.5,0.2974714923153198,0,0.19139714750552694,0.23179178873429923,0.2974714923153198,logistic
2022_18_BAL_CIN,2022,18,2023-01-08,CIN,BAL,11.0,39.0,0.8311808694065155,1,0.821270815982643,0.7593563524121881,0.8311808694065155,logistic
2022_18_LAC_DEN,2022,18,2023-01-08,DEN,LAC,6.0,38.5,0.6979212888691675,1,0.6444666236893214,0.6017999133375018,0.6979212888691675,logistic
2022_18_DET_GB,2022,18,2023-01-08,GB,DET,5.5,49.0,0.7115258195992297,0,0.6847896374202191,0.6355902802111402,0.7115258195992297,logistic
2022_18_HOU_IND,2022,18,2023-01-08,IND,HOU,3.0,38.0,0.5722567873303167,0,0.5481241602556357,0.5237420511831642,0.5722567873303167,logistic
2022_18_NYJ_MIA,2022,18,2023-01-08,MIA,NYJ,3.5,37.5,0.6495327102803738,1,0.5362340172831374,0.5142777403680778,0.6495327102803738,logistic
2022_18_CAR_NO,2022,18,2023-01-08,NO,CAR,3.5,41.5,0.6252015045674368,0,0.617425733150694,0.5795752445377603,0.6252015045674368,logistic
2022_18_NYG_PHI,2022,18,2023-01-08,PHI,NYG,16.5,42.5,0.8986974530501657,1,0.8725786719274785,0.8122837925333388,0.8986974530501657,logistic
2022_18_CLE_PIT,2022,18,2023-01-08,PIT,CLE,2.5,40.0,0.5722567873303167,1,0.6203839321291095,0.5819920614249512,0.5722567873303167,logistic
2022_18_LA_SEA,2022,18,2023-01-08,SEA,LA,5.5,41.5,0.6732289817653704,1,0.7027815868974773,0.6509724633656461,0.6732289817653704,logistic
2022_18_ARI_SF,2022,18,2023-01-08,SF,ARI,14.0,40.0,0.886302763694837,1,0.8942830394149252,0.8364644053537853,0.886302763694837,logistic
2022_18_DAL_WAS,2022,18,2023-01-08,WAS,DAL,-7.5,40.5,0.25977238990598717,1,0.17539952917857946,0.21707276514140017,0.25977238990598717,logistic
2022_19_LAC_JAX,2022,19,2023-01-14,JAX,LAC,-2.0,46.5,0.4559761116939714,1,0.478551130836764,0.46860938439302197,0.4559761116939714,logistic
2022_19_SEA_SF,2022,19,2023-01-14,SF,SEA,10.0,42.0,0.7923696806592547,1,0.8041444354720739,0.7427007405431932,0.7923696806592547,logistic
2022_19_MIA_BUF,2022,19,2023-01-15,BUF,MIA,14.0,44.0,0.8705882042861398,1,0.8513674721407678,0.7897762018994642,0.8705882042861398,logistic
2022_19_BAL_CIN,2022,19,2023-01-15,CIN,BAL,7.5,40.0,0.7639021449741297,1,0.7456320413614574,0.6885556202866434,0.7639021449741297,logistic
2022_19_NYG_MIN,2022,19,2023-01-15,MIN,NYG,2.5,48.0,0.5733276913854508,0,0.5806988187316536,0.5498202228567103,0.5733276913854508,logistic
2022_19_DAL_TB,2022,19,2023-01-16,TB,DAL,-2.5,45.5,0.43949878436506445,0,0.24698959755321212,0.28089372300639337,0.43949878436506445,logistic
2022_20_JAX_KC,2022,20,2023-01-21,KC,JAX,10.0,52.5,0.7967369210534896,1,0.8098163661119174,0.7481697379752253,0.7967369210534896,logistic
2022_20_NYG_PHI,2022,20,2023-01-21,PHI,NYG,8.0,48.0,0.7597158378604262,1,0.7675227588194007,0.708373619060644,0.7597158378604262,logistic
2022_20_CIN_BUF,2022,20,2023-01-22,BUF,CIN,6.0,48.5,0.7016637026941679,0,0.6908129191718685,0.6407166939313335,0.7016637026941679,logistic
2022_20_DAL_SF,2022,20,2023-01-22,SF,DAL,3.5,46.5,0.6306061713569676,1,0.5898623989023966,0.5572045259818724,0.6306061713569676,logistic
2022_21_CIN_KC,2022,21,2023-01-29,KC,CIN,2.0,48.5,0.5539593349939177,1,0.6095881020501099,0.5731877026887431,0.5539593349939177,logistic
2022_21_SF_PHI,2022,21,2023-01-29,PHI,SF,2.5,45.0,0.5810079557598683,1,0.5389868752526111,0.516466803134239,0.5810079557598683,logistic
2022_22_KC_PHI,2022,22,2023-02-12,PHI,KC,1.0,51.0,0.521797153024911,0,0.3494354761530691,0.3659378419071606,0.521797153024911,logistic
2023_01_DET_KC,2023,1,2023-09-07,KC,DET,4.0,53.0,0.6369041816941223,0,0.7005566416697626,0.7031470489803769,0.6369041816941223,logistic
2023_01_CAR_ATL,2023,1,2023-09-10,ATL,CAR,3.5,40.5,0.6309403437815976,1,0.664776203654038,0.6694981702505922,0.6309403437815976,logistic
2023_01_HOU_BAL,2023,1,2023-09-10,BAL,HOU,9.5,43.5,0.7999999999999999,1,0.8244317516033551,0.8207734398046302,0.7999999999999999,logistic
2023_01_GB_CHI,2023,1,2023-09-10,CHI,GB,1.0,41.0,0.5173641257162701,0,0.41955476556329074,0.43804780792259773,0.5173641257162701,logistic
2023_01_CIN_CLE,2023,1,2023-09-10,CLE,CIN,-1.0,46.5,0.4956702459300312,1,0.540632673236037,0.5528516688952626,0.4956702459300312,logistic
2023_01_LV_DEN,2023,1,2023-09-10,DEN,LV,3.0,43.0,0.593369754159424,0,0.6274120938873193,0.6344102873259589,0.593369754159424,logistic
2023_01_JAX_IND,2023,1,2023-09-10,IND,JAX,-4.0,45.5,0.35527082119976705,0,0.2784649944521631,0.30093535883534617,0.35527082119976705,logistic
2023_01_MIA_LAC,2023,1,2023-09-10,LAC,MIA,3.0,50.5,0.593369754159424,0,0.65981324489886,0.6648356747996538,0.593369754159424,logistic
2023_01_TB_MIN,2023,1,2023-09-10,MIN,TB,4.0,45.0,0.644729178800233,0,0.657771327882414,0.6629176143777695,0.644729178800233,logistic
2023_01_PHI_NE,2023,1,2023-09-10,NE,PHI,-3.5,44.5,0.3775334481388264,0,0.37980389242143525,0.3998819049814232,0.3775334481388264,logistic
2023_01_TEN_NO,2023,1,2023-09-10,NO,TEN,3.0,41.0,0.5720596355604638,1,0.6543252935199708,0.6596808868342636,0.5720596355604638,logistic
2023_01_DAL_NYG,2023,1,2023-09-10,NYG,DAL,-3.5,44.5,0.3962430290578221,0,0.3332673435032546,0.3547771833490831,0.3962430290578221,logistic
2023_01_SF_PIT,2023,1,2023-09-10,PIT,SF,-1.5,41.5,0.4782608695652174,0,0.4691891382910195,0.48532872584051084,0.4782608695652174,logistic
2023_01_LA_SEA,2023,1,2023-09-10,SEA,LA,4.5,45.0,0.6574752261956054,0,0.6872257032692335,0.6906017513612749,0.6574752261956054,logistic
2023_01_ARI_WAS,2023,1,2023-09-10,WAS,ARI,7.0,38.0,0.740871613663133,1,0.7939306943724749,0.7915592567568918,0.740871613663133,logistic
2023_01_BUF_NYJ,2023,1,2023-09-11,NYJ,BUF,-2.5,44.5,0.448558885283451,1,0.3356636701451825,0.3571124445073181,0.448558885283451,logistic
2023_02_MIN_PHI,2023,2,2023-09-14,PHI,MIN,6.0,49.0,0.6750312469954812,1,0.7317257595319707,0.732535969397784,0.6750312469954812,logistic
2023_02_NYG_ARI,2023,2,2023-09-17,ARI,NYG,-5.0,40.0,0.33635187580853815,0,0.2639418802989596,0.28651120493641347,0.33635187580853815,logistic
2023_02_GB_ATL,2023,2,2023-09-17,ATL,GB,3.0,40.5,0.5720596355604638,1,0.6715104074437401,0.6758261584582258,0.5720596355604638,logistic
2023_02_LV_BUF,2023,2,2023-09-17,BUF,LV,7.5,47.0,0.7477827050997783,1,0.827191182727425,0.823428194343385,0.7477827050997783,logistic
2023_02_BAL_CIN,2023,2,2023-09-17,CIN,BAL,3.5,45.5,0.6092362344582594,0,0.7587904507264878,0.7581424844611678,0.6092362344582594,logistic
2023_02_NYJ_DAL,2023,2,2023-09-17,DAL,NYJ,8.5,38.5,0.7600000000000001,1,0.7741031560058775,0.772677199385514,0.7600000000000001,logistic
2023_02_WAS_DEN,2023,2,2023-09-17,DEN,WAS,4.0,38.5,0.6369041816941223,0,0.6743335912675898,0.6784796169452728,0.6369041816941223,logistic
2023_02_SEA_DET,2023,2,2023-09-17,DET,SEA,4.5,47.5,0.6574752261956054,0,0.6512139621966841,0.6567588075260101,0.6574752261956054,logistic
2023_02_IND_HOU,2023,2,2023-09-17,HOU,IND,-1.0,40.0,0.5,0,0.48047408193015995,0.496030547359141,0.5,logistic
2023_02_KC_JAX,2023,2,2023-09-17,JAX,KC,-3.5,50.5,0.3962430290578221,0,0.40900527044951807,0.42794770227824375,0.3962430290578221,logistic
2023_02_SF_LA,2023,2,2023-09-17,LA,SF,-7.5,45.0,0.2591283863368669,0,0.2570415615156817,0.2796323972252536,0.2591283863368669,logistic
2023_02_MIA_NE,2023,2,2023-09-17,NE,MIA,-2.0,46.5,0.4572564612326044,0,0.4748733879244745,0.4907212350810252,0.4572564612326044,logistic
2023_02_CHI_TB,2023,2,2023-09-17,TB,CHI,2.5,41.0,0.551441114716549,1,0.634758533042619,0.6413074687225055,0.551441114716549,logistic
2023_02_LAC_TEN,2023,2,2023-09-17,TEN,LAC,-2.5,45.5,0.43650793650793646,1,0.4218114251674495,0.44020582515932705,0.43650793650793646,logistic
2023_02_NO_CAR,2023,2,2023-09-18,CAR,NO,-3.0,39.5,0.39076376554174075,0,0.5062777185565406,0.5204454323082381,0.39076376554174075,logistic
2023_02_CLE_PIT,2023,2,2023-09-18,PIT,CLE,-2.5,39.0,0.42794036443953615,1,0.6010426631990589,0.6096517435080178,0.42794036443953615,logistic
2023_03_NYG_SF,2023,3,2023-09-21,SF,NYG,10.5,43.5,0.8081570996978852,1,0.7933441098323257,0.7909995274013706,0.8081570996978852,logistic
2023_03_DAL_ARI,2023,3,2023-09-24,ARI,DAL,-11.5,43.5,0.16835016835016833,1,0.20256682367111628,0.2246786292132982,0.16835016835016833,logistic
2023_03_IND_BAL,2023,3,2023-09-24,BAL,IND,7.5,43.5,0.7600000000000001,0,0.7709115665029344,0.7696445773396261,0.7600000000000001,logistic
2023_03_TEN_CLE,2023,3,2023-09-24,CLE,TEN,3.5,38.0,0.6224665518611737,1,0.7341555884416722,0.7348311217049319,0.6224665518611737,logistic
2023_03_ATL_DET,2023,3,2023-09-24,DET,ATL,3.0,47.5,0.5996387718242023,1,0.6689549043278477,0.6734245895009722,0.5996387718242023,logistic
2023_03_NO_GB,2023,3,2023-09-24,GB,NO,-1.5,41.5,0.4675324675324675,1,0.5564959271358529,0.5677848007902874,0.4675324675324675,logistic
2023_03_HOU_JAX,2023,3,2023-09-24,JAX,HOU,7.5,43.5,0.7600000000000001,0,0.74990626633672,0.749726212662205,0.7600000000000001,logistic
2023_03_CHI_KC,2023,3,2023-09-24,KC,CHI,13.0,48.0,0.8465011286681716,1,0.8614336154012296,0.8565709630646066,0.8465011286681716,logistic
2023_03_PIT_LV,2023,3,2023-09-24,LV,PIT,3.0,43.5,0.5720596355604638,0,0.6275715054858398,0.6345599480705844,0.5720596355604638,logistic
2023_03_DEN_MIA,2023,3,2023-09-24,MIA,DEN,6.0,47.5,0.6853932584269663,1,0.6875065322628462,0.6908659108990263,0.6853932584269663,logistic
2023_03_LAC_MIN,2023,3,2023-09-24,MIN,LAC,1.0,54.0,0.5,0,0.4928515552471225,0.5077509532207313,0.5,logistic
2023_03_NE_NYJ,2023,3,2023-09-24,NYJ,NE,-2.5,35.5,0.43650793650793646,0,0.49314896239303413,0.5080323594423728,0.43650793650793646,logistic
2023_03_CAR_SEA,2023,3,2023-09-24,SEA,CAR,5.0,42.5,0.6636481241914618,1,0.7220719649358639,0.7234236292751591,0.6636481241914618,logistic
2023_03_BUF_WAS,2023,3,2023-09-24,WAS,BUF,-5.5,44.0,0.3194444444444444,0,0.3540873041911307,0.37501890897224377,0.3194444444444444,logistic
2023_03_LA_CIN,2023,3,2023-09-25,CIN,LA,3.0,45.5,0.593369754159424,1,0.6995938034874435,0.7022405407659179,0.593369754159424,logistic
2023_03_PHI_TB,2023,3,2023-09-25,TB,PHI,-6.0,44.0,0.30920711694593195,0,0.33493610052870026,0.3564035707368857,0.30920711694593195,logistic
2023_04_DET_GB,2023,4,2023-09-28,GB,DET,-2.5,45.0,0.43650793650793646,0,0.4653637503426186,0.48169733607459353,0.43650793650793646,logistic
2023_04_MIA_BUF,2023,4,2023-10-01,BUF,MIA,2.5,53.0,0.5634920634920635,1,0.6141344744015115,0.6219446446011208,0.5634920634920635,logistic
2023_04_MIN_CAR,2023,4,2023-10-01,CAR,MIN,-4.5,46.5,0.33635187580853815,0,0.30943815802803243,0.33147226930328105,0.33635187580853815,logistic
2023_04_DEN_CHI,2023,4,2023-10-01,CHI,DEN,-3.0,47.0,0.4066302458405761,0,0.35308077959107376,0.374042754481972,0.4066302458405761,logistic
2023_04_BAL_CLE,2023,4,2023-10-01,CLE,BAL,-2.0,38.5,0.448558885283451,0,0.46485820152321006,0.481217281619955,0.448558885283451,logistic
2023_04_NE_DAL,2023,4,2023-10-01,DAL,NE,6.5,43.0,0.7095435684647302,1,0.7588411953140926,0.758190589538437,0.7095435684647302,logistic
2023_04_PIT_HOU,2023,4,2023-10-01,HOU,PIT,-3.0,41.5,0.4066302458405761,1,0.4547354770048157,0.4715977600997265,0.4066302458405761,logistic
2023_04_LA_IND,2023,4,2023-10-01,IND,LA,-1.0,44.5,0.4891657638136511,0,0.48094731636814125,0.49647898720584877,0.4891657638136511,logistic
2023_04_ATL_JAX,2023,4,2023-10-01,JAX,ATL,3.5,42.5,0.6224665518611737,1,0.639989641705068,0.6462189365991061,0.6224665518611737,logistic
2023_04_LV_LAC,2023,4,2023-10-01,LAC,LV,7.0,49.0,0.725752508361204,1,0.7060823844478321,0.7083508844899131,0.725752508361204,logistic
2023_04_TB_NO,2023,4,2023-10-01,NO,TB,4.0,41.0,0.644729178800233,0,0.6899990067630887,0.6932106485840716,0.644729178800233,logistic
2023_04_KC_NYJ,2023,4,2023-10-01,NYJ,KC,-9.5,41.5,0.2042241228835748,0,0.27506794266688334,0.2975678030633457,0.2042241228835748,logistic
2023_04_WAS_PHI,2023,4,2023-10-01,PHI,WAS,9.5,43.0,0.7867435158501441,1,0.8093470054236552,0.8062969543567087,0.7867435158501441,logistic
2023_04_ARI_SF,2023,4,2023-10-01,SF,ARI,15.0,44.0,0.8800000000000001,1,0.9009465517509994,0.8954049927473774,0.8800000000000001,logistic
2023_04_CIN_TEN,2023,4,2023-10-01,TEN,CIN,-2.5,41.5,0.4066302458405761,1,0.4459973104806343,0.46328237735702743,0.4066302458405761,logistic
2023_04_SEA_NYG,2023,4,2023-10-02,NYG,SEA,-2.5,46.5,0.43650793650793646,0,0.4428305024414355,0.4602660222507684,0.43650793650793646,logistic
2023_05_CHI_WAS,2023,5,2023-10-05,WAS,CHI,6.0,45.5,0.690792883054068,0,0.7574815436667115,0.7569017942986508,0.690792883054068,logistic
2023_05_CIN_ARI,2023,5,2023-10-08,ARI,CIN,-3.0,45.5,0.3962430290578221,0,0.32234734674265786,0.3441165213472738,0.3962430290578221,logistic
2023_05_HOU_ATL,2023,5,2023-10-08,ATL,HOU,2.5,42.0,0.5634920634920635,1,0.6973466793856119,0.7001251466139776,0.5634920634920635,logistic
2023_05_JAX_BUF,2023,5,2023-10-08,BUF,JAX,5.5,48.5,0.6853932584269663,0,0.6817900361752802,0.6854896403619906,0.6853932584269663,logistic
2023_05_NYJ_DEN,2023,5,2023-10-08,DEN,NYJ,2.5,42.5,0.551441114716549,0,0.6832819465775092,0.6868925782641269,0.551441114716549,logistic
2023_05_CAR_DET,2023,5,2023-10-08,DET,CAR,9.5,43.5,0.7867435158501441,1,0.8065702299669316,0.8036383852943092,0.7867435158501441,logistic
2023_05_TEN_IND,2023,5,2023-10-08,IND,TEN,-2.5,43.5,0.43650793650793646,1,0.48243378926034847,0.4978874045757059,0.43650793650793646,logistic
2023_05_PHI_LA,2023,5,2023-10-08,LA,PHI,-3.5,50.5,0.3690596562184025,0,0.34347932860090036,0.3647188603337761,0.3690596562184025,logistic
2023_05_NYG_MIA,2023,5,2023-10-08,MIA,NYG,12.5,47.5,0.8465011286681716,1,0.7930739495142959,0.7907417598936114,0.8465011286681716,logistic
2023_05_KC_MIN,2023,5,2023-10-08,MIN,KC,-3.5,52.5,0.3835616438356164,0,0.38261998578701056,0.40259584859988057,0.3835616438356164,logistic
2023_05_NO_NE,2023,5,2023-10-08,NE,NO,2.5,38.5,0.551441114716549,0,0.6161993494493921,0.623883307755214,0.551441114716549,logistic
2023_05_BAL_PIT,2023,5,2023-10-08,PIT,BAL,-4.5,38.5,0.33099297893681046,1,0.4472734181453905,0.46449743566331386,0.33099297893681046,logistic
2023_05_DAL_SF,2023,5,2023-10-08,SF,DAL,3.5,45.0,0.6164383561643836,1,0.6616849629403181,0.6665939774583832,0.6164383561643836,logistic
2023_05_GB_LV,2023,5,2023-10-09,LV,GB,1.0,45.0,0.5173641257162701,1,0.5023030658869869,0.5166893295586882,0.5173641257162701,logistic
2023_06_DEN_KC,2023,6,2023-10-12,KC,DEN,10.5,47.5,0.8316498316498315,1,0.7800509206882388,0.7783335106467518,0.8316498316498315,logistic
2023_06_WAS_ATL,2023,6,2023-10-15,ATL,WAS,1.5,42.0,0.5324675324675325,0,0.5876911974268773,0.5971112691479751,0.5324675324675325,logistic
2023_06_NYG_BUF,2023,6,2023-10-15,BUF,NYG,15.5,43.5,0.8869565217391304,1,0.8928369890495533,0.8873708680068282,0.8869565217391304,logistic
2023_06_MIN_CHI,2023,6,2023-10-15,CHI,MIN,-3.0,44.5,0.4003612281757977,0,0.36653359943386615,0.3870703635136405,0.4003612281757977,logistic
2023_06_SEA_CIN,2023,6,2023-10-15,CIN,SEA,3.0,45.5,0.5829926410466066,1,0.6211108104701263,0.6284944391511209,0.5829926410466066,logistic
2023_06_SF_CLE,2023,6,2023-10-15,CLE,SF,-9.5,36.0,0.20863836017569545,1,0.21977854325757573,0.24217497585417266,0.20863836017569545,logistic
2023_06_NO_HOU,2023,6,2023-10-15,HOU,NO,-2.0,42.5,0.4572564612326044,1,0.48235580320037097,0.49781352011871244,0.4572564612326044,logistic
2023_06_IND_JAX,2023,6,2023-10-15,JAX,IND,4.0,44.0,0.644729178800233,1,0.6839929324538313,0.6875612069256791,0.644729178800233,logistic
2023_06_ARI_LA,2023,6,2023-10-15,LA,ARI,7.0,48.0,0.740871613663133,1,0.761540609367545,0.7607501556611336,0.740871613663133,logistic
2023_06_NE_LV,2023,6,2023-10-15,LV,NE,3.0,41.5,0.5720596355604638,1,0.5746112256103347,0.5848201836784591,0.5720596355604638,logistic
2023_06_CAR_MIA,2023,6,2023-10-15,MIA,CAR,14.0,47.5,0.8800000000000001,1,0.8812358964327258,0.8759390835748673,0.8800000000000001,logistic
2023_06_PHI_NYJ,2023,6,2023-10-15,NYJ,PHI,-6.5,43.0,0.27792074112197634,1,0.32369157225565903,0.34543052949284947,0.27792074112197634,logistic
2023_06_DET_TB,2023,6,2023-10-15,TB,DET,-3.0,43.5,0.4066302458405761,0,0.43805712000113417,0.45571654699760694,0.4066302458405761,logistic
2023_06_BAL_TEN,2023,6,2023-10-15,TEN,BAL,-5.5,42.5,0.31460674157303364,0,0.36185739879246287,0.3825466405796679,0.31460674157303364,logistic
2023_06_DAL_LAC,2023,6,2023-10-16,LAC,DAL,-1.5,49.5,0.4572564612326044,0,0.41229646983651563,0.4311008135434015,0.4572564612326044,logistic
2023_07_JAX_NO,2023,7,2023-10-19,NO,JAX,2.5,41.0,0.5720596355604638,0,0.6498030504594784,0.6554337946295274,0.5720596355604638,logistic
2023_07_DET_BAL,2023,7,2023-10-22,BAL,DET,3.0,43.5,0.593369754159424,1,0.658518278743175,0.6636192424169453,0.593369754159424,logistic
2023_07_LV_CHI,2023,7,2023-10-22,CHI,LV,-2.5,38.5,0.43650793650793646,1,0.41012358471620175,0.4290193138643068,0.43650793650793646,logistic
2023_07_GB_DEN,2023,7,2023-10-22,DEN,GB,1.5,44.0,0.5173641257162701,1,0.542587320130839,0.5546926092360038,0.5173641257162701,logistic
2023_07_CLE_IND,2023,7,2023-10-22,IND,CLE,-3.5,40.0,0.3835616438356164,0,0.4774030841809119,0.49311979564138153,0.3835616438356164,logistic
2023_07_LAC_KC,2023,7,2023-10-22,KC,LAC,5.5,48.5,0.6957699520733487,1,0.6867087238158555,0.6901154711706243,0.6957699520733487,logistic
2023_07_PIT_LA,2023,7,2023-10-22,LA,PIT,3.5,44.0,0.6092362344582594,0,0.6000012984610301,0.6086737955583299,0.6092362344582594,logistic
2023_07_BUF_NE,2023,7,2023-10-22,NE,BUF,-7.5,41.0,0.23409789548356585,1,0.26344401899813963,0.2860154580304967,0.23409789548356585,logistic
2023_07_WAS_NYG,2023,7,2023-10-22,NYG,WAS,-3.0,37.0,0.4066302458405761,1,0.43730322102882035,0.454997690459121,0.4066302458405761,logistic
2023_07_MIA_PHI,2023,7,2023-10-22,PHI,MIA,3.0,52.0,0.5829926410466066,1,0.6144738189368963,0.622263249999615,0.5829926410466066,logistic
2023_07_ARI_SEA,2023,7,2023-10-22,SEA,ARI,9.5,43.5,0.7867435158501441,1,0.8252840620985575,0.8215931904550694,0.7867435158501441,logistic
2023_07_ATL_TB,2023,7,2023-10-22,TB,ATL,3.0,37.5,0.5720596355604638,0,0.6321493777226446,0.638857837691593,0.5720596355604638,logistic
2023_07_SF_MIN,2023,7,2023-10-23,MIN,SF,-7.0,44.5,0.26645768025078376,1,0.2643331248936743,0.2869007272293168,0.26645768025078376,logistic
2023_08_TB_BUF,2023,8,2023-10-26,BUF,TB,10.0,43.0,0.7957758771164253,1,0.852854323964725,0.8482294053118064,0.7957758771164253,logistic
2023_08_BAL_ARI,2023,8,2023-10-29,ARI,BAL,-9.5,44.5,0.19999999999999998,0,0.2042224151675914,0.2263674189985882,0.19999999999999998,logistic
2023_08_HOU_CAR,2023,8,2023-10-29,CAR,HOU,-3.0,43.0,0.4066302458405761,1,0.4071930077899352,0.42621064178406487,0.4066302458405761,logistic
2023_08_LA_DAL,2023,8,2023-10-29,DAL,LA,6.5,44.5,0.725752508361204,1,0.7345660426188707,0.7352188927967679,0.725752508361204,logistic
2023_08_KC_DEN,2023,8,2023-10-29,DEN,KC,-7.0,45.5,0.2591283863368669,1,0.28311288387254463,0.30553678649509747,0.2591283863368669,logistic
2023_08_MIN_GB,2023,8,2023-10-29,GB,MIN,-1.0,41.5,0.4956702459300312,0,0.5196773251726431,0.533097043637121,0.4956702459300312,logistic
2023_08_NO_IND,2023,8,2023-10-29,IND,NO,-2.0,43.5,0.4572564612326044,0,0.4563928566153978,0.473173717444319,0.4572564612326044,logistic
2023_08_CHI_LAC,2023,8,2023-10-29,LAC,CHI,9.5,46.0,0.7819063004846527,1,0.792866835965739,0.7905441573936889,0.7819063004846527,logistic
2023_08_NE_MIA,2023,8,2023-10-29,MIA,NE,7.5,46.5,0.7600000000000001,1,0.7299736325028761,0.7308813695633127,0.7600000000000001,logistic
2023_08_NYJ_NYG,2023,8,2023-10-29,NYG,NYJ,-3.0,35.0,0.4066302458405761,0,0.526127576863677,0.539181474827693,0.4066302458405761,logistic
2023_08_JAX_PIT,2023,8,2023-10-29,PIT,JAX,-2.5,41.0,0.448558885283451,0,0.5362581864698422,0.5487306628780897,0.448558885283451,logistic
2023_08_CLE_SEA,2023,8,2023-10-29,SEA,CLE,4.0,39.5,0.6369041816941223,1,0.715411098635036,0.7171418661865102,0.6369041816941223,logistic
2023_08_CIN_SF,2023,8,2023-10-29,SF,CIN,4.0,44.0,0.644729178800233,0,0.6396236836631554,0.6458753297004622,0.644729178800233,logistic
2023_08_ATL_TEN,2023,8,2023-10-29,TEN,ATL,-2.5,35.0,0.4572564612326044,1,0.4680479881087025,0.48424564688067684,0.4572564612326044,logistic
2023_08_PHI_WAS,2023,8,2023-10-29,WAS,PHI,-7.0,42.5,0.27792074112197634,0,0.2906686696343622,0.31300232829041075,0.27792074112197634,logistic
2023_08_LV_DET,2023,8,2023-10-30,DET,LV,7.0,46.0,0.740871613663133,1,0.7616813837005184,0.7608836675851837,0.740871613663133,logistic
2023_09_TEN_PIT,2023,9,2023-11-02,PIT,TEN,3.5,37.0,0.6092362344582594,1,0.7459462494625987,0.7459783157867891,0.6092362344582594,logistic
2023_09_MIN_ATL,2023,9,2023-11-05,ATL,MIN,3.5,38.5,0.6309403437815976,0,0.6550508476993164,0.6603623441945402,0.6309403437815976,logistic
2023_09_SEA_BAL,2023,9,2023-11-05,BAL,SEA,6.0,44.5,0.7001620745542949,1,0.7404454800014773,0.7407756060450845,0.7001620745542949,logistic
2023_09_IND_CAR,2023,9,2023-11-05,CAR,IND,-1.5,45.0,0.4572564612326044,0,0.4830248613474376,0.4984473664551829,0.4572564612326044,logistic
2023_09_BUF_CIN,2023,9,2023-11-05,CIN,BUF,1.5,51.0,0.5324675324675325,1,0.5908292710765738,0.6000591784139305,0.5324675324675325,logistic
2023_09_ARI_CLE,2023,9,2023-11-05,CLE,ARI,13.0,38.0,0.8465011286681716,1,0.8636729666128267,0.8587529164891082,0.8465011286681716,logistic
2023_09_LA_GB,2023,9,2023-11-05,GB,LA,3.5,38.0,0.6333661417322834,1,0.6520283982161967,0.6575236806368249,0.6333661417322834,logistic
2023_09_TB_HOU,2023,9,2023-11-05,HOU,TB,2.5,39.5,0.5720596355604638,1,0.6815120078734659,0.6852282062085807,0.5720596355604638,logistic
2023_09_MIA_KC,2023,9,2023-11-05,KC,MIA,1.0,51.0,0.5108342361863488,1,0.510538635824326,0.5244703270487043,0.5108342361863488,logistic
2023_09_NYG_LV,2023,9,2023-11-05,LV,NYG,1.0,38.5,0.5173641257162701,1,0.5541935914719649,0.5656184463554484,0.5173641257162701,logistic
2023_09_WAS_NE,2023,9,2023-11-05,NE,WAS,2.5,40.5,0.5829926410466066,0,0.619595727877783,0.6270720166062876,0.5829926410466066,logistic
2023_09_CHI_NO,2023,9,2023-11-05,NO,CHI,9.0,42.0,0.7819063004846527,1,0.8063850885874546,0.8034611905998617,0.7819063004846527,logistic
2023_09_DAL_PHI,2023,9,2023-11-05,PHI,DAL,3.5,46.5,0.6092362344582594,1,0.5819210400921484,0.5916899221450147,0.6092362344582594,logistic
2023_09_LAC_NYJ,2023,9,2023-11-06,NYJ,LAC,-3.0,41.0,0.3962430290578221,0,0.45936476355984046,0.47599866497249055,0.3962430290578221,logistic
2023_10_CAR_CHI,2023,10,2023-11-09,CHI,CAR,3.0,38.0,0.6164383561643836,1,0.7150478198031782,0.7167993840767941,0.6164383561643836,logistic
2023_10_ATL_ARI,2023,10,2023-11-12,ARI,ATL,-2.0,43.5,0.4572564612326044,1,0.3737387793503752,0.3940311540288191,0.4572564612326044,logistic
2023_10_CLE_BAL,2023,10,2023-11-12,BAL,CLE,6.0,38.5,0.690792883054068,0,0.7634383528963741,0.7625502560515056,0.690792883054068,logistic
2023_10_HOU_CIN,2023,10,2023-11-12,CIN,HOU,5.5,46.0,0.6853932584269663,0,0.7568555991179986,0.7563085624978739,0.6853932584269663,logistic
2023_10_NYG_DAL,2023,10,2023-11-12,DAL,NYG,17.5,38.5,0.9197080291970804,1,0.903851182018319,0.8982919547036846,0.9197080291970804,logistic
2023_10_SF_JAX,2023,10,2023-11-12,JAX,SF,-3.0,44.5,0.3962430290578221,0,0.37338237093052296,0.3936870991679982,0.3962430290578221,logistic
2023_10_DET_LAC,2023,10,2023-11-12,LAC,DET,-2.5,48.5,0.43650793650793646,0,0.388839893245232,0.4085843894542305,0.43650793650793646,logistic
2023_10_NYJ_LV,2023,10,2023-11-12,LV,NYJ,-1.0,35.5,0.4891657638136511,1,0.5984127668660029,0.6071819553859386,0.4891657638136511,logistic
2023_10_NO_MIN,2023,10,2023-11-12,MIN,NO,-3.0,41.0,0.4170073589533933,1,0.3898133455333992,0.40952092654524463,0.4170073589533933,logistic
2023_10_IND_NE,2023,10,2023-11-12,NE,IND,-1.0,42.0,0.4826358742837298,0,0.5387892352652892,0.5511152192605894,0.4826358742837298,logistic
2023_10_GB_PIT,2023,10,2023-11-12,PIT,GB,3.0,38.5,0.5996387718242023,1,0.682244628467872,0.6859171093277844,0.5996387718242023,logistic
2023_10_WAS_SEA,2023,10,2023-11-12,SEA,WAS,6.0,44.0,0.7001620745542949,1,0.7365316350634251,0.7370761329043805,0.7001620745542949,logistic
2023_10_TEN_TB,2023,10,2023-11-12,TB,TEN,2.5,39.5,0.5634920634920635,1,0.6533958263156376,0.6588079301838508,0.5634920634920635,logistic
2023_10_DEN_BUF,2023,10,2023-11-13,BUF,DEN,7.5,47.5,0.7659021045164341,0,0.7500894852958775,0.7498996688620804,0.7659021045164341,logistic
2023_11_CIN_BAL,2023,11,2023-11-16,BAL,CIN,4.0,46.5,0.644729178800233,1,0.6915771868044579,0.6946954865667132,0.644729178800233,logistic
2023_11_NYJ_BUF,2023,11,2023-11-19,BUF,NYJ,8.0,39.5,0.7659021045164341,1,0.814525248577893,0.8112597877029833,0.7659021045164341,logistic
2023_11_DAL_CAR,2023,11,2023-11-19,CAR,DAL,-11.0,43.0,0.16835016835016833,0,0.1636235432279144,0.18456048794294094,0.16835016835016833,logistic
2023_11_PIT_CLE,2023,11,2023-11-19,CLE,PIT,2.5,34.0,0.5634920634920635,1,0.6086601956557818,0.6168047458711501,0.5634920634920635,logistic
2023_11_MIN_DEN,2023,11,2023-11-19,DEN,MIN,2.5,43.5,0.5634920634920635,1,0.7205424313134586,0.7219807690290009,0.5634920634920635,logistic
2023_11_CHI_DET,2023,11,2023-11-19,DET,CHI,8.0,48.0,0.7819063004846527,1,0.7824289805877984,0.7805968515326485,0.7819063004846527,logistic
2023_11_LAC_GB,2023,11,2023-11-19,GB,LAC,-3.0,44.0,0.4066302458405761,1,0.4737576161429123,0.4896630511856658,0.4066302458405761,logistic
2023_11_ARI_HOU,2023,11,2023-11-19,HOU,ARI,5.5,48.0,0.6853932584269663,1,0.7420894097961169,0.7423300555848759,0.6853932584269663,logistic
2023_11_TEN_JAX,2023,11,2023-11-19,JAX,TEN,6.5,40.0,0.7135512302607419,1,0.7525588558600321,0.7522379141110087,0.7135512302607419,logistic
2023_11_SEA_LA,2023,11,2023-11-19,LA,SEA,2.5,45.0,0.551441114716549,1,0.4716986293735381,0.487709923884326,0.551441114716549,logistic
2023_11_LV_MIA,2023,11,2023-11-19,MIA,LV,14.0,44.5,0.8800000000000001,1,0.8774076329588576,0.8721812396604341,0.8800000000000001,logistic
2023_11_TB_SF,2023,11,2023-11-19,SF,TB,13.5,41.5,0.8677165354330709,1,0.8862271792297246,0.8808491390952653,0.8677165354330709,logistic
2023_11_NYG_WAS,2023,11,2023-11-19,WAS,NYG,7.5,39.0,0.7659021045164341,0,0.7942559103968206,0.7918696148290671,0.7659021045164341,logistic
2023_11_PHI_KC,2023,11,2023-11-20,KC,PHI,2.5,46.0,0.5720596355604638,0,0.6373048116737912,0.6436981228727073,0.5720596355604638,logistic
2023_12_WAS_DAL,2023,12,2023-11-23,DAL,WAS,13.0,48.0,0.8524590163934427,1,0.8595227318092925,0.8547106147250403,0.8524590163934427,logistic
2023_12_GB_DET,2023,12,2023-11-23,DET,GB,8.5,47.0,0.7768331562167907,0,0.7941806863937859,0.7917978255579576,0.7768331562167907,logistic
2023_12_SF_SEA,2023,12,2023-11-23,SEA,SF,-7.0,43.5,0.2522172949002217,0,0.3121198862548533,0.3341027885401786,0.2522172949002217,logistic
2023_12_MIA_NYJ,2023,12,2023-11-24,NYJ,MIA,-9.5,40.0,0.19999999999999998,0,0.17202120187887493,0.19327918862294882,0.19999999999999998,logistic
2023_12_LA_ARI,2023,12,2023-11-26,ARI,LA,-3.0,45.0,0.42794036443953615,0,0.3761960004171402,0.39640246614039487,0.42794036443953615,logistic
2023_12_NO_ATL,2023,12,2023-11-26,ATL,NO,-2.0,42.0,0.4572564612326044,1,0.34237685584287153,0.36364682513610874,0.4572564612326044,logistic
2023_12_PIT_CIN,2023,12,2023-11-26,CIN,PIT,-2.0,36.0,0.448558885283451,0,0.4545330883593347,0.47140528775288687,0.448558885283451,logistic
2023_12_CLE_DEN,2023,12,2023-11-26,DEN,CLE,1.5,37.5,0.5324675324675325,1,0.6398291040830512,0.6460682037081978,0.5324675324675325,logistic
2023_12_JAX_HOU,2023,12,2023-11-26,HOU,JAX,-1.0,48.0,0.4891657638136511,0,0.4718882489641804,0.4878898168799975,0.4891657638136511,logistic
2023_12_TB_IND,2023,12,2023-11-26,IND,TB,2.5,45.0,0.5829926410466066,1,0.6515381689849707,0.6570632826269825,0.5829926410466066,logistic
2023_12_BAL_LAC,2023,12,2023-11-26,LAC,BAL,-3.0,49.0,0.3962430290578221,0,0.4076529237954906,0.426651529543254,0.3962430290578221,logistic
2023_12_KC_LV,2023,12,2023-11-26,LV,KC,-9.0,42.5,0.19999999999999998,0,0.2191296011752668,0.2415176722960811,0.19999999999999998,logistic
2023_12_NE_NYG,2023,12,2023-11-26,NYG,NE,-4.5,36.5,0.34252477380439467,1,0.42958295253381296,0.44763110740957196,0.34252477380439467,logistic
2023_12_BUF_PHI,2023,12,2023-11-26,PHI,BUF,2.5,49.0,0.5720596355604638,1,0.6236359147765226,0.6308650942011432,0.5720596355604638,logistic
2023_12_CAR_TEN,2023,12,2023-11-26,TEN,CAR,3.5,36.0,0.6092362344582594,1,0.7186698907683243,0.7202146515759658,0.6092362344582594,logistic
2023_12_CHI_MIN,2023,12,2023-11-27,MIN,CHI,3.0,43.5,0.5996387718242023,0,0.6426868204137988,0.648751441092077,0.5996387718242023,logistic
2023_13_SEA_DAL,2023,13,2023-11-30,DAL,SEA,9.5,47.5,0.7999999999999999,1,0.8241223943737677,0.8204759505809005,0.7999999999999999,logistic
2023_13_KC_GB,2023,13,2023-12-03,GB,KC,-5.5,43.5,0.30423004792665137,1,0.3717278910802927,0.39208960775345114,0.30423004792665137,logistic
2023_13_DEN_HOU,2023,13,2023-12-03,HOU,DEN,3.5,47.5,0.6037569709421778,1,0.6363693721077647,0.6428198485363916,0.6037569709421778,logistic
2023_13_CLE_LA,2023,13,2023-12-03,LA,CLE,3.5,39.5,0.6309403437815976,1,0.6415220670637333,0.647657787857066,0.6309403437815976,logistic
2023_13_LAC_NE,2023,13,2023-12-03,NE,LAC,-4.5,38.5,0.33635187580853815,0,0.3623329454997968,0.38300690539085225,0.33635187580853815,logistic
2023_13_DET_NO,2023,13,2023-12-03,NO,DET,-4.0,47.5,0.3630958183058778,0,0.3693033228002412,0.3897474823602568,0.3630958183058778,logistic
2023_13_ATL_NYJ,2023,13,2023-12-03,NYJ,ATL,-2.0,33.0,0.4675324675324675,0,0.5366253015852374,0.5490765593984024,0.4675324675324675,logistic
2023_13_SF_PHI,2023,13,2023-12-03,PHI,SF,-3.0,46.5,0.42794036443953615,0,0.40331711136827647,0.4224935612802327,0.42794036443953615,logistic
2023_13_ARI_PIT,2023,13,2023-12-03,PIT,ARI,6.0,41.0,0.7095435684647302,0,0.7870190172184794,0.7849685086175,0.7095435684647302,logistic
2023_13_CAR_TB,2023,13,2023-12-03,TB,CAR,4.0,37.0,0.6369041816941223,1,0.6705083141766064,0.6748843944990756,0.6369041816941223,logistic
2023_13_IND_TEN,2023,13,2023-12-03,TEN,IND,-1.5,42.0,0.4739134147382802,0,0.5272212964943995,0.5402128174962805,0.4739134147382802,logistic
2023_13_MIA_WAS,2023,13,2023-12-03,WAS,MIA,-8.5,50.0,0.2132564841498559,0,0.21297071010385984,0.2352703379747524,0.2132564841498559,logistic
2023_13_CIN_JAX,2023,13,2023-12-04,JAX,CIN,10.0,41.0,0.8118668596237336,0,0.841793236433339,0.837513776366375,0.8118668596237336,logistic
2023_14_NE_PIT,2023,14,2023-12-07,PIT,NE,6.0,30.0,0.7001620745542949,0,0.7659369468880537,0.7649211591145699,0.7001620745542949,logistic
2023_14_TB_ATL,2023,14,2023-12-10,ATL,TB,1.5,41.5,0.5324675324675325,0,0.6133534405059252,0.6212113394030159,0.5324675324675325,logistic
2023_14_LA_BAL,2023,14,2023-12-10,BAL,LA,7.5,42.0,0.7508125677139762,1,0.7826183821017915,0.7807771618894138,0.7508125677139762,logistic
2023_14_DET_CHI,2023,14,2023-12-10,CHI,DET,-3.0,44.5,0.3962430290578221,1,0.3816498541568457,0.4016610923424941,0.3962430290578221,logistic
2023_14_IND_CIN,2023,14,2023-12-10,CIN,IND,3.0,45.0,0.5720596355604638,1,0.6865831829764298,0.6899973876026256,0.5720596355604638,logistic
2023_14_JAX_CLE,2023,14,2023-12-10,CLE,JAX,2.5,37.5,0.5634920634920635,1,0.6374830552978914,0.6438654749801512,0.5634920634920635,logistic
2023_14_PHI_DAL,2023,14,2023-12-10,DAL,PHI,3.5,52.5,0.6092362344582594,1,0.6352483095357726,0.6417673061240375,0.6092362344582594,logistic
2023_14_BUF_KC,2023,14,2023-12-10,KC,BUF,2.0,49.5,0.5324675324675325,0,0.568945995989976,0.5794944401688021,0.5324675324675325,logistic
2023_14_DEN_LAC,2023,14,2023-12-10,LAC,DEN,3.0,45.0,0.593369754159424,0,0.610953545960326,0.6189580591651958,0.593369754159424,logistic
2023_14_MIN_LV,2023,14,2023-12-10,LV,MIN,-3.0,40.5,0.4170073589533933,0,0.46181529338044625,0.4783271048643181,0.4170073589533933,logistic
2023_14_CAR_NO,2023,14,2023-12-10,NO,CAR,5.5,39.0,0.6805555555555556,1,0.7281367301026449,0.7291470762872204,0.6805555555555556,logistic
2023_14_HOU_NYJ,2023,14,2023-12-10,NYJ,HOU,-3.5,33.5,0.39076376554174075,1,0.4000511664143711,0.41935927092916586,0.39076376554174075,logistic
2023_14_SEA_SF,2023,14,2023-12-10,SF,SEA,14.5,44.5,0.8720930232558138,1,0.8854290084591153,0.8800631297700088,0.8720930232558138,logistic
2023_14_TEN_MIA,2023,14,2023-12-11,MIA,TEN,14.0,45.0,0.8677165354330709,0,0.9064712975878839,0.9009005968064866,0.8677165354330709,logistic
2023_14_GB_NYG,2023,14,2023-12-11,NYG,GB,-6.0,37.5,0.30423004792665137,1,0.46137778284672293,0.4779114517752418,0.30423004792665137,logistic
2023_15_LAC_LV,2023,15,2023-12-14,LV,LAC,3.0,36.0,0.593369754159424,1,0.6272219506993845,0.6342317748352366,0.593369754159424,logistic
2023_15_MIN_CIN,2023,15,2023-12-16,CIN,MIN,3.0,41.5,0.6092362344582594,1,0.7240145680206993,0.7252564902797639,0.6092362344582594,logistic
2023_15_DEN_DET,2023,15,2023-12-16,DET,DEN,5.5,49.0,0.690792883054068,1,0.7509535890566282,0.7507177915606355,0.690792883054068,logistic
2023_15_PIT_IND,2023,15,2023-12-16,IND,PIT,1.5,41.5,0.5260865852617197,1,0.6279304862527002,0.6348969709683665,0.5260865852617197,logistic
2023_15_SF_ARI,2023,15,2023-12-17,ARI,SF,-12.5,48.0,0.15349887133182846,0,0.15495645350476667,0.17551940228001203,0.15349887133182846,logistic
2023_15_DAL_BUF,2023,15,2023-12-17,BUF,DAL,2.0,49.5,0.551441114716549,1,0.5130345084348925,0.526827139136951,0.551441114716549,logistic
2023_15_ATL_CAR,2023,15,2023-12-17,CAR,ATL,-3.0,32.0,0.4170073589533933,1,0.4704138493798926,0.48649092655693216,0.4170073589533933,logistic
2023_15_CHI_CLE,2023,15,2023-12-17,CLE,CHI,3.0,38.0,0.5720596355604638,1,0.7036894875679832,0.7060970955073341,0.5720596355604638,logistic
2023_15_TB_GB,2023,15,2023-12-17,GB,TB,4.0,41.5,0.6574752261956054,0,0.7289943924713136,0.729956783980386,0.6574752261956054,logistic
2023_15_BAL_JAX,2023,15,2023-12-17,JAX,BAL,-4.0,42.5,0.33635187580853815,0,0.42975735595044323,0.4477976264316379,0.33635187580853815,logistic
2023_15_WAS_LA,2023,15,2023-12-17,LA,WAS,6.5,48.5,0.7179705215419501,1,0.6909728019427868,0.6941268294363193,0.7179705215419501,logistic
2023_15_NYJ_MIA,2023,15,2023-12-17,MIA,NYJ,7.5,36.0,0.7440690150970525,1,0.8038271872566201,0.8010139015627065,0.7440690150970525,logistic
2023_15_KC_NE,2023,15,2023-12-17,NE,KC,-10.0,39.5,0.2042241228835748,0,0.2742230975928107,0.29672970081288674,0.2042241228835748,logistic
2023_15_NYG_NO,2023,15,2023-12-17,NO,NYG,6.0,39.5,0.6853932584269663,1,0.7675947816902371,0.7664948250768285,0.6853932584269663,logistic
2023_15_HOU_TEN,2023,15,2023-12-17,TEN,HOU,3.0,38.0,0.6037569709421778,0,0.6236442265048963,0.6308728975142417,0.6037569709421778,logistic
2023_15_PHI_SEA,2023,15,2023-12-18,SEA,PHI,-5.0,46.0,0.3249687530045188,1,0.35936150901653025,0.3801301152910788,0.3249687530045188,logistic
2023_16_NO_LA,2023,16,2023-12-21,LA,NO,4.0,45.5,0.6574752261956054,1,0.6758434213565082,0.6798988295171867,0.6574752261956054,logistic
2023_16_BUF_LAC,2023,16,2023-12-23,LAC,BUF,-13.0,44.5,0.1475409836065574,0,0.17683529264913847,0.19825973949157036,0.1475409836065574,logistic
2023_16_CIN_PIT,2023,16,2023-12-23,PIT,CIN,-3.0,39.5,0.4170073589533933,1,0.46381129440206004,0.4802230611884997,0.4170073589533933,logistic
2023_16_IND_ATL,2023,16,2023-12-24,ATL,IND,3.0,44.0,0.5829926410466066,1,0.6088675075536363,0.6169994018739422,0.5829926410466066,logistic
2023_16_GB_CAR,2023,16,2023-12-24,CAR,GB,-3.5,39.5,0.3630958183058778,0,0.47310285767346416,0.48904201398168373,0.3630958183058778,logistic
2023_16_ARI_CHI,2023,16,2023-12-24,CHI,ARI,4.5,42.0,0.6574752261956054,1,0.7331344753987988,0.7338665231576117,0.6574752261956054,logistic
2023_16_NE_DEN,2023,16,2023-12-24,DEN,NE,7.0,37.5,0.740871613663133,0,0.8162550217533102,0.8129191052756507,0.740871613663133,logistic
2023_16_CLE_HOU,2023,16,2023-12-24,HOU,CLE,-3.0,40.0,0.4066302458405761,0,0.4692024510579109,0.48534136014917933,0.4066302458405761,logistic
2023_16_DAL_MIA,2023,16,2023-12-24,MIA,DAL,1.5,48.5,0.5260865852617197,1,0.5736101365291861,0.5838791900909063,0.5260865852617197,logistic
2023_16_DET_MIN,2023,16,2023-12-24,MIN,DET,-2.5,47.5,0.42794036443953615,0,0.36674545357007976,0.38727519416449846,0.42794036443953615,logistic
2023_16_WAS_NYJ,2023,16,2023-12-24,NYJ,WAS,3.0,36.5,0.5996387718242023,1,0.6259550430219759,0.6330423627154076,0.5996387718242023,logistic
2023_16_JAX_TB,2023,16,2023-12-24,TB,JAX,-2.0,43.0,0.4675324675324675,1,0.47638792473793956,0.492157355281509,0.4675324675324675,logistic
2023_16_SEA_TEN,2023,16,2023-12-24,TEN,SEA,-3.0,42.0,0.4003612281757977,0,0.43440331586754644,0.45223174839889035,0.4003612281757977,logistic
2023_16_LV_KC,2023,16,2023-12-25,KC,LV,11.0,40.5,0.8223350253807106,0,0.8585070639941125,0.8537223809995804,0.8223350253807106,logistic
2023_16_NYG_PHI,2023,16,2023-12-25,PHI,NYG,14.0,41.0,0.863013698630137,1,0.8924331825016611,0.8869717792997198,0.863013698630137,logistic
2023_16_BAL_SF,2023,16,2023-12-25,SF,BAL,6.5,47.5,0.7440690150970525,0,0.7651533689372314,0.7641775186309105,0.7440690150970525,logistic
2023_17_NYJ_CLE,2023,17,2023-12-28,CLE,NYJ,6.5,33.5,0.7415045018878884,1,0.8070643174886776,0.8041113051411516,0.7415045018878884,logistic
2023_17_DET_DAL,2023,17,2023-12-30,DAL,DET,5.5,53.0,0.6750312469954812,1,0.6693108789846409,0.6737591050433069,0.6750312469954812,logistic
2023_17_MIA_BAL,2023,17,2023-12-31,BAL,MIA,3.0,47.0,0.6164383561643836,1,0.6405731370794734,0.6467667982844393,0.6164383561643836,logistic
2023_17_NE_BUF,2023,17,2023-12-31,BUF,NE,15.0,40.0,0.8869565217391304,1,0.9168581647602577,0.9112865010894636,0.8869565217391304,logistic
2023_17_ATL_CHI,2023,17,2023-12-31,CHI,ATL,3.0,39.0,0.5829926410466066,1,0.7146280630510552,0.7164036723080627,0.5829926410466066,logistic
2023_17_LAC_DEN,2023,17,2023-12-31,DEN,LAC,3.5,39.5,0.6369041816941223,1,0.6093126948416773,0.6174174094429635,0.6369041816941223,logistic
2023_17_TEN_HOU,2023,17,2023-12-31,HOU,TEN,5.0,44.0,0.6690070210631895,1,0.6487048358386706,0.6544024724008979,0.6690070210631895,logistic
2023_17_LV_IND,2023,17,2023-12-31,IND,LV,3.5,42.5,0.6164383561643836,1,0.6880312200111578,0.6913594670027331,0.6164383561643836,logistic
2023_17_CAR_JAX,2023,17,2023-12-31,JAX,CAR,3.5,38.0,0.6309403437815976,1,0.6832410164931677,0.6868540874671083,0.6309403437815976,logistic
2023_17_CIN_KC,2023,17,2023-12-31,KC,CIN,7.5,46.0,0.7440690150970525,1,0.812924943981524,0.8097253420610702,0.7440690150970525,logistic
2023_17_GB_MIN,2023,17,2023-12-31,MIN,GB,1.0,42.5,0.5043297540699688,0,0.5268451949360092,0.5398581768533764,0.5043297540699688,logistic
2023_17_LA_NYG,2023,17,2023-12-31,NYG,LA,-6.0,43.5,0.2820294784580499,0,0.3103309399702014,0.3323482299718372,0.2820294784580499,logistic
2023_17_ARI_PHI,2023,17,2023-12-31,PHI,ARI,12.0,48.0,0.8465011286681716,0,0.8599580278364065,0.8551342743490801,0.8465011286681716,logistic
2023_17_PIT_SEA,2023,17,2023-12-31,SEA,PIT,4.5,40.5,0.6636481241914618,0,0.6742134253924186,0.6783666678414689,0.6636481241914618,logistic
2023_17_NO_TB,2023,17,2023-12-31,TB,NO,2.5,42.5,0.5720596355604638,0,0.6317402461077142,0.6384737246447811,0.5720596355604638,logistic
2023_17_SF_WAS,2023,17,2023-12-31,WAS,SF,-14.0,49.0,0.12382234185733514,0,0.11706446077172718,0.13542069376590163,0.12382234185733514,logistic
2023_18_PIT_BAL,2023,18,2024-01-06,BAL,PIT,-3.0,34.0,0.4170073589533933,0,0.4553460784062896,0.47217840929713606,0.4170073589533933,logistic
2023_18_HOU_IND,2023,18,2024-01-06,IND,HOU,-1.5,47.5,0.4675324675324675,0,0.48841938426038145,0.5035560782734186,0.4675324675324675,logistic
2023_18_SEA_ARI,2023,18,2024-01-07,ARI,SEA,-2.5,48.0,0.4170073589533933,0,0.4105532490608712,0.4294309748105148,0.4170073589533933,logistic
2023_18_TB_CAR,2023,18,2024-01-07,CAR,TB,-5.0,36.5,0.3194444444444444,0,0.397671316065272,0.4170740867521375,0.3194444444444444,logistic
2023_18_CLE_CIN,2023,18,2024-01-07,CIN,CLE,7.5,37.0,0.7508125677139762,1,0.768276106164185,0.7671416888804641,0.7508125677139762,logistic
2023_18_MIN_DET,2023,18,2024-01-07,DET,MIN,3.5,47.5,0.644729178800233,1,0.6401573845645708,0.6463764350381684,0.644729178800233,logistic
2023_18_CHI_GB,2023,18,2024-01-07,GB,CHI,2.5,45.5,0.5720596355604638,1,0.665504019601797,0.6701819971225299,0.5720596355604638,logistic
2023_18_KC_LAC,2023,18,2024-01-07,LAC,KC,3.5,35.0,0.6224665518611737,0,0.5613948865450835,0.5723934006323965,0.6224665518611737,logistic
2023_18_DEN_LV,2023,18,2024-01-07,LV,DEN,3.5,37.5,0.6092362344582594,1,0.6442485384161954,0.6502178609215633,0.6092362344582594,logistic
2023_18_BUF_MIA,2023,18,2024-01-07,MIA,BUF,-2.5,47.5,0.4170073589533933,0,0.4551974781161429,0.472037103219657,0.4170073589533933,logistic
2023_18_NYJ_NE,2023,18,2024-01-07,NE,NYJ,2.5,28.5,0.5634920634920635,0,0.6482133900479748,0.6539409690862309,0.5634920634920635,logistic
2023_18_ATL_NO,2023,18,2024-01-07,NO,ATL,3.5,41.5,0.6092362344582594,1,0.6625297044632339,0.6673875710615734,0.6092362344582594,logistic
2023_18_PHI_NYG,2023,18,2024-01-07,NYG,PHI,-4.5,43.0,0.32872981910134214,1,0.36049945948683687,0.3812320570524297,0.32872981910134214,logistic
2023_18_LA_SF,2023,18,2024-01-07,SF,LA,5.5,40.0,0.6805555555555556,0,0.6764620603988133,0.6804803703820813,0.6805555555555556,logistic
2023_18_JAX_TEN,2023,18,2024-01-07,TEN,JAX,-3.5,41.5,0.3775334481388264,1,0.3338841512143559,0.3553784135207655,0.3775334481388264,logistic
2023_18_DAL_WAS,2023,18,2024-01-07,WAS,DAL,-13.0,47.5,0.14205607476635515,0,0.12221092344602295,0.14092673267446204,0.14205607476635515,logistic
2023_19_CLE_HOU,2023,19,2024-01-13,HOU,CLE,-2.5,45.0,0.42794036443953615,1,0.4066240686496813,0.4256651880964937,0.42794036443953615,logistic
2023_19_MIA_KC,2023,19,2024-01-13,KC,MIA,4.5,43.5,0.6690070210631895,1,0.6090069280720801,0.6171303107517525,0.6690070210631895,logistic
2023_19_GB_DAL,2023,19,2024-01-14,DAL,GB,7.0,52.5,0.7440690150970525,0,0.6864640058505037,0.6898852906028631,0.7440690150970525,logistic
2023_19_LA_DET,2023,19,2024-01-14,DET,LA,3.5,52.5,0.593369754159424,1,0.5682175588213951,0.5788095453422375,0.593369754159424,logistic
2023_19_PIT_BUF,2023,19,2024-01-15,BUF,PIT,10.0,39.5,0.7957758771164253,1,0.8396381392774558,0.8354307551431519,0.7957758771164253,logistic
2023_19_PHI_TB,2023,19,2024-01-15,TB,PHI,-2.5,43.0,0.4066302458405761,1,0.38588926821321173,0.40574449824055814,0.4066302458405761,logistic
2023_20_HOU_BAL,2023,20,2024-01-20,BAL,HOU,10.0,44.0,0.7768331562167907,1,0.7592184706558083,0.7585482528423594,0.7768331562167907,logistic
2023_20_GB_SF,2023,20,2024-01-20,SF,GB,10.5,50.5,0.7913616398243045,1,0.776477633202856,0.7749345604115954,0.7913616398243045,logistic
2023_20_KC_BUF,2023,20,2024-01-21,BUF,KC,2.5,45.5,0.5634920634920635,0,0.6311686889487051,0.6379371200348033,0.5634920634920635,logistic
2023_20_TB_DET,2023,20,2024-01-21,DET,TB,6.0,49.5,0.705033164260632,1,0.696565629844896,0.6993899682325521,0.705033164260632,logistic
2023_21_KC_BAL,2023,21,2024-01-28,BAL,KC,4.5,44.0,0.6574752261956054,0,0.6757803449039166,0.6798395366356801,0.6574752261956054,logistic
2023_21_DET_SF,2023,21,2024-01-28,SF,DET,7.5,52.5,0.7335423197492164,1,0.6978099338564289,0.7005612145563365,0.7335423197492164,logistic
2023_22_SF_KC,2023,22,2024-02-11,KC,SF,-1.5,47.0,0.4782608695652174,1,0.34641226360500094,0.36756937058887273,0.4782608695652174,logistic
2024_01_BAL_KC,2024,1,2024-09-05,KC,BAL,3.0,46.0,0.5720596355604638,1,0.6700067976368439,0.6137134379088165,0.5720596355604638,logistic
2024_01_GB_PHI,2024,1,2024-09-06,PHI,GB,2.0,49.5,0.5427435387673957,1,0.5895268788101836,0.5406027791842618,0.5427435387673957,logistic
2024_01_PIT_ATL,2024,1,2024-09-08,ATL,PIT,4.0,43.0,0.6309403437815976,0,0.6635623356790792,0.6077344431842432,0.6309403437815976,logistic
2024_01_ARI_BUF,2024,1,2024-09-08,BUF,ARI,6.5,46.0,0.725752508361204,1,0.8166135259002318,0.7583936614128202,0.725752508361204,logistic
2024_01_TEN_CHI,2024,1,2024-09-08,CHI,TEN,4.0,43.0,0.6369041816941223,1,0.7210227817215445,0.6619933981729373,0.6369041816941223,logistic
2024_01_NE_CIN,2024,1,2024-09-08,CIN,NE,8.0,40.5,0.7571884984025559,0,0.8548811110190054,0.8000374181483804,0.7571884984025559,logistic
2024_01_DAL_CLE,2024,1,2024-09-08,CLE,DAL,2.5,42.0,0.5427435387673957,0,0.49056125905008263,0.45416606367395473,0.5427435387673957,logistic
2024_01_LA_DET,2024,1,2024-09-08,DET,LA,5.0,54.0,0.6636481241914618,1,0.6885984413658791,0.6311048690954685,0.6636481241914618,logistic
2024_01_HOU_IND,2024,1,2024-09-08,IND,HOU,-3.0,49.0,0.4170073589533933,0,0.35381731856996324,0.33774934372555726,0.4170073589533933,logistic
2024_01_LV_LAC,2024,1,2024-09-08,LAC,LV,3.0,41.0,0.5829926410466066,1,0.5672813309177083,0.5209022035867604,0.5829926410466066,logistic
2024_01_JAX_MIA,2024,1,2024-09-08,MIA,JAX,3.5,49.5,0.6164383561643836,1,0.6751065751329658,0.6184625118037622,0.6164383561643836,logistic
2024_01_CAR_NO,2024,1,2024-09-08,NO,CAR,3.5,41.5,0.6309403437815976,1,0.7548773350206062,0.6951157971691238,0.6309403437815976,logistic
2024_01_MIN_NYG,2024,1,2024-09-08,NYG,MIN,-1.0,42.5,0.4891657638136511,0,0.5114030043009918,0.4721395158432421,0.4891657638136511,logistic
2024_01_DEN_SEA,2024,1,2024-09-08,SEA,DEN,6.5,42.0,0.705033164260632,1,0.7625332311788627,0.702745936664806,0.705033164260632,logistic
2024_01_WAS_TB,2024,1,2024-09-08,TB,WAS,4.0,42.0,0.6369041816941223,1,0.7519995127310304,0.6922617193897465,0.6369041816941223,logistic
2024_01_NYJ_SF,2024,1,2024-09-09,SF,NYJ,3.5,43.0,0.6164383561643836,1,0.7463607232777278,0.6866911054287913,0.6164383561643836,logistic
2024_02_BUF_MIA,2024,2,2024-09-12,MIA,BUF,2.5,48.5,0.551441114716549,0,0.5914572596225183,0.5423213048820801,0.551441114716549,logistic
2024_02_LA_ARI,2024,2,2024-09-15,ARI,LA,-1.0,47.5,0.4956702459300312,1,0.48519852471385433,0.44955666747999395,0.4956702459300312,logistic
2024_02_LV_BAL,2024,2,2024-09-15,BAL,LV,9.0,41.0,0.7867435158501441,0,0.8200083434399329,0.762002758004783,0.7867435158501441,logistic
2024_02_LAC_CAR,2024,2,2024-09-15,CAR,LAC,-5.0,39.0,0.33635187580853815,0,0.5303926255734424,0.48860843138298654,0.33635187580853815,logistic
2024_02_NO_DAL,2024,2,2024-09-15,DAL,NO,6.5,47.0,0.7135512302607419,0,0.8008846612788475,0.7418643295709475,0.7135512302607419,logistic
2024_02_PIT_DEN,2024,2,2024-09-15,DEN,PIT,-3.0,36.5,0.4170073589533933,0,0.5569119350906978,0.5117801908723609,0.4170073589533933,logistic
2024_02_TB_DET,2024,2,2024-09-15,DET,TB,7.5,51.5,0.7571884984025559,0,0.8002518092674701,0.7412056276402093,0.7571884984025559,logistic
2024_02_IND_GB,2024,2,2024-09-15,GB,IND,-3.0,41.5,0.43650793650793646,1,0.42349356183037207,0.396862933373337,0.43650793650793646,logistic
2024_02_CHI_HOU,2024,2,2024-09-15,HOU,CHI,6.0,45.5,0.690792883054068,1,0.7753232369644512,0.7156194234493267,0.690792883054068,logistic
2024_02_CLE_JAX,2024,2,2024-09-15,JAX,CLE,3.0,41.5,0.6037569709421778,0,0.6183180509009475,0.5663973976637084,0.6037569709421778,logistic
2024_02_CIN_KC,2024,2,2024-09-15,KC,CIN,6.5,47.5,0.7135512302607419,1,0.724663659524133,0.6655102160977342,0.7135512302607419,logistic
2024_02_SF_MIN,2024,2,2024-09-15,MIN,SF,-4.5,46.5,0.34252477380439467,1,0.3131279239285582,0.30317704728381056,0.34252477380439467,logistic
2024_02_SEA_NE,2024,2,2024-09-15,NE,SEA,-3.5,39.0,0.3962430290578221,0,0.4376946069390772,0.40894464797899044,0.3962430290578221,logistic
2024_02_NYJ_TEN,2024,2,2024-09-15,TEN,NYJ,-3.5,41.5,0.3835616438356164,0,0.44228948686083835,0.41285852731961503,0.3835616438356164,logistic
2024_02_NYG_WAS,2024,2,2024-09-15,WAS,NYG,1.5,42.5,0.5324675324675325,1,0.5478100901658582,0.5038027717259658,0.5324675324675325,logistic
2024_02_ATL_PHI,2024,2,2024-09-16,PHI,ATL,5.5,46.5,0.6957699520733487,0,0.7248486043092229,0.6656891358382434,0.6957699520733487,logistic
2024_03_NE_NYJ,2024,3,2024-09-19,NYJ,NE,6.5,39.0,0.7095435684647302,1,0.8518320205703259,0.7966361492082518,0.7095435684647302,logistic
2024_03_DET_ARI,2024,3,2024-09-22,ARI,DET,-3.0,51.5,0.42794036443953615,0,0.3671796395424489,0.3490812013197136,0.42794036443953615,logistic
2024_03_KC_ATL,2024,3,2024-09-22,ATL,KC,-3.0,46.0,0.3962430290578221,0,0.48805943045426997,0.4520149535121928,0.3962430290578221,logistic
2024_03_NYG_CLE,2024,3,2024-09-22,CLE,NYG,6.5,38.0,0.7001620745542949,0,0.766697117374625,0.7069192521479832,0.7001620745542949,logistic
2024_03_BAL_DAL,2024,3,2024-09-22,DAL,BAL,-1.5,47.5,0.4782608695652174,0,0.5158001175720829,0.4759445945746555,0.4782608695652174,logistic
2024_03_CHI_IND,2024,3,2024-09-22,IND,CHI,1.5,43.0,0.5324675324675325,1,0.6246540510265344,0.5721237236751614,0.5324675324675325,logistic
2024_03_SF_LA,2024,3,2024-09-22,LA,SF,-6.0,44.5,0.30920711694593195,1,0.33759002093015306,0.32397756460136456,0.30920711694593195,logistic
2024_03_CAR_LV,2024,3,2024-09-22,LV,CAR,5.5,40.0,0.6805555555555556,0,0.6877949512892388,0.630348694129296,0.6805555555555556,logistic
2024_03_HOU_MIN,2024,3,2024-09-22,MIN,HOU,-2.0,46.0,0.448558885283451,1,0.39909452075096663,0.3761446257421447,0.448558885283451,logistic
2024_03_PHI_NO,2024,3,2024-09-22,NO,PHI,2.5,49.0,0.5634920634920635,0,0.5356463687761781,0.4931821553688545,0.5634920634920635,logistic
2024_03_LAC_PIT,2024,3,2024-09-22,PIT,LAC,3.0,36.0,0.5720596355604638,1,0.7085936402764134,0.6500638170125038,0.5720596355604638,logistic
2024_03_MIA_SEA,2024,3,2024-09-22,SEA,MIA,4.0,41.5,0.644729178800233,1,0.6165422221319085,0.5647958176953589,0.644729178800233,logistic
2024_03_DEN_TB,2024,3,2024-09-22,TB,DEN,6.0,40.5,0.6805555555555556,0,0.7443774344978566,0.6847384865959092,0.6805555555555556,logistic
2024_03_GB_TEN,2024,3,2024-09-22,TEN,GB,3.0,37.0,0.593369754159424,0,0.6796909441100069,0.6227452782742066,0.593369754159424,logistic
2024_03_JAX_BUF,2024,3,2024-09-23,BUF,JAX,4.0,46.5,0.6574752261956054,1,0.6758896320137036,0.6191931274081219,0.6574752261956054,logistic
2024_03_WAS_CIN,2024,3,2024-09-23,CIN,WAS,7.5,46.0,0.7477827050997783,0,0.8169411018410062,0.7587412496441499,0.7477827050997783,logistic
2024_04_DAL_NYG,2024,4,2024-09-26,NYG,DAL,-5.5,45.0,0.31460674157303364,0,0.30018747131730994,0.2921445620326099,0.31460674157303364,logistic
2024_04_WAS_ARI,2024,4,2024-09-29,ARI,WAS,3.5,49.0,0.6164383561643836,0,0.6397825477910777,0.5858755592537389,0.6164383561643836,logistic
2024_04_NO_ATL,2024,4,2024-09-29,ATL,NO,2.5,41.5,0.5634920634920635,1,0.6266111391396275,0.5738963575662211,0.5634920634920635,logistic
2024_04_BUF_BAL,2024,4,2024-09-29,BAL,BUF,2.5,46.5,0.551441114716549,1,0.7185195345735979,0.6595814001891372,0.551441114716549,logistic
2024_04_CIN_CAR,2024,4,2024-09-29,CAR,CIN,-4.5,47.0,0.35527082119976705,0,0.4192125682022093,0.39322461678700615,0.35527082119976705,logistic
2024_04_LA_CHI,2024,4,2024-09-29,CHI,LA,3.0,40.0,0.593369754159424,1,0.6330727546273581,0.5797622475668124,0.593369754159424,logistic
2024_04_MIN_GB,2024,4,2024-09-29,GB,MIN,2.5,44.0,0.551441114716549,0,0.6011252622708284,0.5509512149257457,0.551441114716549,logistic
2024_04_JAX_HOU,2024,4,2024-09-29,HOU,JAX,5.5,44.5,0.6750312469954812,1,0.6597217678390489,0.6041828116334773,0.6750312469954812,logistic
2024_04_PIT_IND,2024,4,2024-09-29,IND,PIT,-2.5,40.0,0.4572564612326044,1,0.5374048615220092,0.49471481886646107,0.4572564612326044,logistic
2024_04_KC_LAC,2024,4,2024-09-29,LAC,KC,-7.5,41.5,0.2559309849029475,0,0.3314017955308839,0.3187210702567147,0.2559309849029475,logistic
2024_04_CLE_LV,2024,4,2024-09-29,LV,CLE,-2.5,36.5,0.448558885283451,1,0.45885684339909716,0.42699330549415926,0.448558885283451,logistic
2024_04_DEN_NYJ,2024,4,2024-09-29,NYJ,DEN,7.5,39.5,0.7768331562167907,0,0.8188380891127417,0.7607569101749598,0.7768331562167907,logistic
2024_04_NE_SF,2024,4,2024-09-29,SF,NE,10.5,41.5,0.8118668596237336,1,0.8891560479972402,0.8394609327861757,0.8118668596237336,logistic
2024_04_PHI_TB,2024,4,2024-09-29,TB,PHI,-1.0,42.0,0.4891657638136511,1,0.5458039397853957,0.5020480128123436,0.4891657638136511,logistic
2024_04_SEA_DET,2024,4,2024-09-30,DET,SEA,3.5,46.5,0.6224665518611737,1,0.6705625247146257,0.6142301832014376,0.6224665518611737,logistic
2024_04_TEN_MIA,2024,4,2024-09-30,MIA,TEN,2.5,37.0,0.551441114716549,0,0.6334973777568583,0.5801484471118652,0.551441114716549,logistic
2024_05_TB_ATL,2024,5,2024-10-03,ATL,TB,2.5,44.0,0.5634920634920635,1,0.6043086370984155,0.5538013728924854,0.5634920634920635,logistic
2024_05_CAR_CHI,2024,5,2024-10-06,CHI,CAR,4.0,40.0,0.6369041816941223,1,0.6846305768186634,0.6273747579568852,0.6369041816941223,logistic
2024_05_BAL_CIN,2024,5,2024-10-06,CIN,BAL,-2.5,48.5,0.42794036443953615,0,0.4863575600053724,0.45055239130208946,0.42794036443953615,logistic
2024_05_LV_DEN,2024,5,2024-10-06,DEN,LV,3.0,36.0,0.5829926410466066,1,0.6313907656522308,0.578233344297193,0.5829926410466066,logistic
2024_05_BUF_HOU,2024,5,2024-10-06,HOU,BUF,1.0,48.0,0.5173641257162701,1,0.5769196788666373,0.529415107864213,0.5173641257162701,logistic
2024_05_IND_JAX,2024,5,2024-10-06,JAX,IND,3.5,45.0,0.6224665518611737,1,0.7068274653343103,0.648377895177327,0.6224665518611737,logistic
2024_05_GB_LA,2024,5,2024-10-06,LA,GB,-3.0,49.5,0.4170073589533933,0,0.47819112150701376,0.44354222325292975,0.4170073589533933,logistic
2024_05_NYJ_MIN,2024,5,2024-10-06,MIN,NYJ,2.5,42.0,0.5634920634920635,1,0.5387760294154,0.49591052992582135,0.5634920634920635,logistic
2024_05_MIA_NE,2024,5,2024-10-06,NE,MIA,-2.0,37.0,0.4572564612326044,0,0.40496867879215614,0.38112913904054374,0.4572564612326044,logistic
2024_05_DAL_PIT,2024,5,2024-10-06,PIT,DAL,2.5,43.5,0.551441114716549,0,0.5875124091662325,0.5388109804535098,0.551441114716549,logistic
2024_05_NYG_SEA,2024,5,2024-10-06,SEA,NYG,7.0,42.5,0.725752508361204,0,0.8080039539660184,0.7493077094700306,0.725752508361204,logistic
2024_05_ARI_SF,2024,5,2024-10-06,SF,ARI,7.0,48.5,0.7335423197492164,0,0.7543436493889432,0.694585942947306,0.7335423197492164,logistic
2024_05_CLE_WAS,2024,5,2024-10-06,WAS,CLE,3.0,44.0,0.5829926410466066,1,0.610442596931325,0.5593056782405174,0.5829926410466066,logistic
2024_05_NO_KC,2024,5,2024-10-07,KC,NO,5.5,43.0,0.6690070210631895,1,0.7662284935175337,0.7064487254811493,0.6690070210631895,logistic
2024_06_SF_SEA,2024,6,2024-10-10,SEA,SF,-3.5,49.0,0.3630958183058778,0,0.4578739097722209,0.4261536066694749,0.3630958183058778,logistic
2024_06_WAS_BAL,2024,6,2024-10-13,BAL,WAS,6.5,51.5,0.7095435684647302,1,0.7778370696539901,0.7181690669351432,0.7095435684647302,logistic
2024_06_ATL_CAR,2024,6,2024-10-13,CAR,ATL,-6.0,45.5,0.30920711694593195,0,0.37592154136891837,0.3564930514043795,0.30920711694593195,logistic
2024_06_JAX_CHI,2024,6,2024-10-13,CHI,JAX,-1.5,44.5,0.4782608695652174,1,0.4121688797100968,0.38724156711643426,0.4782608695652174,logistic
2024_06_DET_DAL,2024,6,2024-10-13,DAL,DET,-3.5,52.5,0.3835616438356164,0,0.4449071962592697,0.4150894226438678,0.3835616438356164,logistic
2024_06_LAC_DEN,2024,6,2024-10-13,DEN,LAC,-3.0,37.0,0.4170073589533933,0,0.4752282736461366,0.4410020063224036,0.4170073589533933,logistic
2024_06_ARI_GB,2024,6,2024-10-13,GB,ARI,5.5,47.0,0.6750312469954812,1,0.7160672403275858,0.6572231342118374,0.6750312469954812,logistic
2024_06_PIT_LV,2024,6,2024-10-13,LV,PIT,-3.5,36.5,0.3835616438356164,0,0.4198206399146375,0.39374130757504106,0.3835616438356164,logistic
2024_06_HOU_NE,2024,6,2024-10-13,NE,HOU,-6.5,38.5,0.30423004792665137,0,0.24312764467887538,0.24310236889253387,0.30423004792665137,logistic
2024_06_TB_NO,2024,6,2024-10-13,NO,TB,-3.5,42.5,0.39076376554174075,0,0.3849424408707346,0.364141665244108,0.39076376554174075,logistic
2024_06_CIN_NYG,2024,6,2024-10-13,NYG,CIN,-4.5,46.0,0.33099297893681046,0,0.39537803245901,0.3729918428087893,0.33099297893681046,logistic
2024_06_CLE_PHI,2024,6,2024-10-13,PHI,CLE,8.0,42.0,0.7768331562167907,1,0.7818802719815446,0.7222837221427313,0.7768331562167907,logistic
2024_06_IND_TEN,2024,6,2024-10-13,TEN,IND,2.5,42.0,0.551441114716549,0,0.6693949430854452,0.6131447167292566,0.551441114716549,logistic
2024_06_BUF_NYJ,2024,6,2024-10-14,NYJ,BUF,-1.0,42.0,0.4739134147382802,0,0.5484068140197329,0.5043249633945726,0.4739134147382802,logistic
2024_07_DEN_NO,2024,7,2024-10-17,NO,DEN,-2.5,37.0,0.42794036443953615,0,0.5229708789735354,0.48216048622597485,0.42794036443953615,logistic
2024_07_SEA_ATL,2024,7,2024-10-20,ATL,SEA,3.0,51.5,0.593369754159424,0,0.6593184850051036,0.603810360251889,0.593369754159424,logistic
2024_07_TEN_BUF,2024,7,2024-10-20,BUF,TEN,9.5,41.0,0.8081570996978852,1,0.8492731862515377,0.7937937519400551,0.8081570996978852,logistic
2024_07_CIN_CLE,2024,7,2024-10-20,CLE,CIN,-5.5,42.0,0.33099297893681046,0,0.39104223995625337,0.3693143645496955,0.33099297893681046,logistic
2024_07_HOU_GB,2024,7,2024-10-20,GB,HOU,3.0,48.0,0.6037569709421778,1,0.6258280731104776,0.5731868733102908,0.6037569709421778,logistic
2024_07_MIA_IND,2024,7,2024-10-20,IND,MIA,3.0,44.0,0.5829926410466066,1,0.5052768527308441,0.4668460998323416,0.5829926410466066,logistic
2024_07_NE_JAX,2024,7,2024-10-20,JAX,NE,6.5,42.0,0.7179705215419501,1,0.7422052458171813,0.6826038168246598,0.7179705215419501,logistic
2024_07_LV_LA,2024,7,2024-10-20,LA,LV,7.0,43.0,0.7477827050997783,1,0.7406273020501144,0.681055677440575,0.7477827050997783,logistic
2024_07_DET_MIN,2024,7,2024-10-20,MIN,DET,1.0,50.5,0.5173641257162701,0,0.5682385673252144,0.5217461692410928,0.5173641257162701,logistic
2024_07_PHI_NYG,2024,7,2024-10-20,NYG,PHI,-3.0,42.0,0.4003612281757977,0,0.4399517225204814,0.41086692517876083,0.4003612281757977,logistic
2024_07_NYJ_PIT,2024,7,2024-10-20,PIT,NYJ,-3.0,40.0,0.4003612281757977,1,0.44660084245975545,0.4165332668777833,0.4003612281757977,logistic
2024_07_KC_SF,2024,7,2024-10-20,SF,KC,2.5,47.5,0.5634920634920635,0,0.6580649369318635,0.6026532383946667,0.5634920634920635,logistic
2024_07_CAR_WAS,2024,7,2024-10-20,WAS,CAR,10.0,51.0,0.8081570996978852,1,0.8213231158400464,0.7634046493381037,0.8081570996978852,logistic
2024_07_LAC_ARI,2024,7,2024-10-21,ARI,LAC,-1.0,44.0,0.4739134147382802,1,0.5395786568259431,0.49661071072339674,0.4739134147382802,logistic
2024_07_BAL_TB,2024,7,2024-10-21,TB,BAL,-4.5,51.0,0.33635187580853815,0,0.38148020510757596,0.3612060017048368,0.33635187580853815,logistic
2024_08_MIN_LA,2024,8,2024-10-24,LA,MIN,-3.0,47.5,0.4170073589533933,1,0.47733270827323115,0.44280609057628795,0.4170073589533933,logistic
2024_08_PHI_CIN,2024,8,2024-10-27,CIN,PHI,2.5,47.5,0.5720596355604638,0,0.6647762321789715,0.6088587924212006,0.5720596355604638,logistic
2024_08_BAL_CLE,2024,8,2024-10-27,CLE,BAL,-7.5,44.5,0.24000000000000005,1,0.25543874604728145,0.25375265209290876,0.24000000000000005,logistic
2024_08_CAR_DEN,2024,8,2024-10-27,DEN,CAR,13.0,40.5,0.8465011286681716,1,0.8603520050601318,0.8061802628481649,0.8465011286681716,logistic
2024_08_TEN_DET,2024,8,2024-10-27,DET,TEN,12.5,45.0,0.8524590163934427,1,0.8655655260665854,0.8120837045629798,0.8524590163934427,logistic
2024_08_IND_HOU,2024,8,2024-10-27,HOU,IND,5.0,45.0,0.6636481241914618,1,0.751509750582964,0.6917767484932598,0.6636481241914618,logistic
2024_08_GB_JAX,2024,8,2024-10-27,JAX,GB,-3.5,49.0,0.3690596562184025,0,0.5014879522954928,0.46357667042324074,0.3690596562184025,logistic
2024_08_NO_LAC,2024,8,2024-10-27,LAC,NO,7.0,41.5,0.725752508361204,1,0.7439857920934686,0.6843533066047103,0.725752508361204,logistic
2024_08_KC_LV,2024,8,2024-10-27,LV,KC,-9.0,42.0,0.21809369951534735,0,0.29143922082172824,0.28467138250168345,0.21809369951534735,logistic
2024_08_ARI_MIA,2024,8,2024-10-27,MIA,ARI,4.0,46.5,0.6369041816941223,0,0.6821777290948622,0.625073977269732,0.6369041816941223,logistic
2024_08_NYJ_NE,2024,8,2024-10-27,NE,NYJ,-7.0,41.0,0.27792074112197634,1,0.31714359400653264,0.30659602843475503,0.27792074112197634,logistic
2024_08_BUF_SEA,2024,8,2024-10-27,SEA,BUF,-3.0,45.5,0.3962430290578221,0,0.4469651468715741,0.4168438874959178,0.3962430290578221,logistic
2024_08_DAL_SF,2024,8,2024-10-27,SF,DAL,5.5,48.0,0.6750312469954812,1,0.6735371655469733,0.6169993406890653,0.6750312469954812,logistic
2024_08_ATL_TB,2024,8,2024-10-27,TB,ATL,-1.5,47.0,0.4739134147382802,0,0.4878197878535762,0.4518089726583271,0.4739134147382802,logistic
2024_08_CHI_WAS,2024,8,2024-10-27,WAS,CHI,1.5,46.5,0.5260865852617197,1,0.6682741227334319,0.6121034907742995,0.5260865852617197,logistic
2024_08_NYG_PIT,2024,8,2024-10-28,PIT,NYG,6.0,37.5,0.7001620745542949,1,0.7881782788115058,0.7287279006364822,0.7001620745542949,logistic
2024_09_HOU_NYJ,2024,9,2024-10-31,NYJ,HOU,2.5,43.5,0.5720596355604638,1,0.6297699523633512,0.576761377220033,0.5720596355604638,logistic
2024_09_CHI_ARI,2024,9,2024-11-03,ARI,CHI,1.5,44.5,0.5217391304347826,1,0.6134520997888893,0.5620123589709999,0.5217391304347826,logistic
2024_09_DAL_ATL,2024,9,2024-11-03,ATL,DAL,3.0,52.0,0.5996387718242023,1,0.5938167301965694,0.5444238733109867,0.5996387718242023,logistic
2024_09_DEN_BAL,2024,9,2024-11-03,BAL,DEN,9.0,46.5,0.7779605263157894,1,0.8623211234619236,0.8084041631354872,0.7779605263157894,logistic
2024_09_MIA_BUF,2024,9,2024-11-03,BUF,MIA,6.5,49.0,0.7095435684647302,1,0.7541862747561571,0.6944297480442697,0.7095435684647302,logistic
2024_09_NO_CAR,2024,9,2024-11-03,CAR,NO,-7.0,43.5,0.2559309849029475,1,0.28762837601724217,0.28141174134901287,0.2559309849029475,logistic
2024_09_LV_CIN,2024,9,2024-11-03,CIN,LV,8.0,45.0,0.771505376344086,1,0.8387319392007985,0.7821952913938929,0.771505376344086,logistic
2024_09_LAC_CLE,2024,9,2024-11-03,CLE,LAC,-2.0,42.5,0.4572564612326044,0,0.5581997675229682,0.5129111155347112,0.4572564612326044,logistic
2024_09_DET_GB,2024,9,2024-11-03,GB,DET,-2.5,47.5,0.4170073589533933,0,0.4606737650419593,0.428545851221908,0.4170073589533933,logistic
2024_09_IND_MIN,2024,9,2024-11-03,MIN,IND,6.5,47.0,0.7179705215419501,1,0.7914856910517754,0.7321295314115428,0.7179705215419501,logistic
2024_09_WAS_NYG,2024,9,2024-11-03,NYG,WAS,-4.5,44.5,0.34252477380439467,0,0.3881525755106378,0.36686377815525106,0.34252477380439467,logistic
2024_09_JAX_PHI,2024,9,2024-11-03,PHI,JAX,7.5,46.0,0.740871613663133,1,0.7619561876973383,0.7021689057946897,0.740871613663133,logistic
2024_09_LA_SEA,2024,9,2024-11-03,SEA,LA,-1.5,48.5,0.4675324675324675,0,0.5251645960433745,0.48406479977788913,0.4675324675324675,logistic
2024_09_NE_TEN,2024,9,2024-11-03,TEN,NE,3.0,38.5,0.593369754159424,1,0.7170947439216894,0.6582106853740846,0.593369754159424,logistic
2024_09_TB_KC,2024,9,2024-11-04,KC,TB,9.0,45.5,0.7768331562167907,1,0.8188388455162274,0.7607577148490744,0.7768331562167907,logistic
2024_10_CIN_BAL,2024,10,2024-11-07,BAL,CIN,6.0,53.0,0.7001620745542949,1,0.7499852166941765,0.6902685138350971,0.7001620745542949,logistic
2024_10_NYJ_ARI,2024,10,2024-11-10,ARI,NYJ,-2.0,45.5,0.4572564612326044,1,0.4844762999449733,0.44893634167408425,0.4572564612326044,logistic
2024_10_NYG_CAR,2024,10,2024-11-10,CAR,NYG,-6.5,40.5,0.2820294784580499,1,0.24302119409091658,0.24301007522222948,0.2820294784580499,logistic
2024_10_NE_CHI,2024,10,2024-11-10,CHI,NE,6.5,37.5,0.7335423197492164,0,0.8117080999808745,0.7532052263997837,0.7335423197492164,logistic
2024_10_PHI_DAL,2024,10,2024-11-10,DAL,PHI,-7.5,44.5,0.2491874322860238,0,0.23531848233682903,0.2363218089481429,0.2491874322860238,logistic
2024_10_DET_HOU,2024,10,2024-11-10,HOU,DET,-4.5,49.0,0.33099297893681046,0,0.3868380215570843,0.36574904126229557,0.33099297893681046,logistic
2024_10_BUF_IND,2024,10,2024-11-10,IND,BUF,-4.5,46.5,0.33099297893681046,0,0.3503354870886154,0.33479558738939863,0.33099297893681046,logistic
2024_10_MIN_JAX,2024,10,2024-11-10,JAX,MIN,-7.0,42.5,0.25341685649202733,0,0.28531673926572565,0.2794331204482763,0.25341685649202733,logistic
2024_10_DEN_KC,2024,10,2024-11-10,KC,DEN,7.5,42.5,0.7600000000000001,1,0.7896215817692532,0.7302108187611084,0.7600000000000001,logistic
2024_10_TEN_LAC,2024,10,2024-11-10,LAC,TEN,8.0,40.0,0.7600000000000001,1,0.7721077757510625,0.7123676109908487,0.7600000000000001,logistic
2024_10_ATL_NO,2024,10,2024-11-10,NO,ATL,-3.5,46.5,0.3690596562184025,1,0.36369106533851103,0.3461231685766273,0.3690596562184025,logistic
2024_10_SF_TB,2024,10,2024-11-10,TB,SF,-6.5,50.5,0.2820294784580499,0,0.3230766568180425,0.311644020925247,0.2820294784580499,logistic
2024_10_PIT_WAS,2024,10,2024-11-10,WAS,PIT,1.5,45.0,0.5260865852617197,0,0.6719555686203438,0.6155263297723993,0.5260865852617197,logistic
2024_10_MIA_LA,2024,10,2024-11-11,LA,MIA,2.5,49.5,0.5634920634920635,0,0.6387007600273039,0.5848883842653647,0.5634920634920635,logistic
2024_11_WAS_PHI,2024,11,2024-11-14,PHI,WAS,4.5,49.5,0.6690070210631895,1,0.7338532776985466,0.6744335402818947,0.6690070210631895,logistic
2024_11_KC_BUF,2024,11,2024-11-17,BUF,KC,2.5,46.5,0.5634920634920635,1,0.7161186001553382,0.6572724780887926,0.5634920634920635,logistic
2024_11_GB_CHI,2024,11,2024-11-17,CHI,GB,-6.0,41.0,0.30423004792665137,0,0.3790861852638975,0.3591761853757465,0.30423004792665137,logistic
2024_11_ATL_DEN,2024,11,2024-11-17,DEN,ATL,2.0,44.5,0.551441114716549,1,0.6259467551995527,0.573294384235796,0.551441114716549,logistic
2024_11_JAX_DET,2024,11,2024-11-17,DET,JAX,14.0,47.5,0.8720930232558138,1,0.8844425787013387,0.8338976278525931,0.8720930232558138,logistic
2024_11_CIN_LAC,2024,11,2024-11-17,LAC,CIN,1.0,48.0,0.5,1,0.6263990243969513,0.5737041451624293,0.5,logistic
2024_11_LV_MIA,2024,11,2024-11-17,MIA,LV,8.0,43.5,0.7768331562167907,1,0.8207241808499092,0.7627657393884958,0.7768331562167907,logistic
2024_11_LA_NE,2024,11,2024-11-17,NE,LA,-4.0,42.5,0.3630958183058778,0,0.4171113752464092,0.39143942253096997,0.3630958183058778,logistic
2024_11_CLE_NO,2024,11,2024-11-17,NO,CLE,-1.0,44.0,0.4891657638136511,1,0.5481393332274526,0.50409087769669,0.4891657638136511,logistic
2024_11_IND_NYJ,2024,11,2024-11-17,NYJ,IND,4.0,43.0,0.644729178800233,0,0.7711732375102349,0.7114244737333844,0.644729178800233,logistic
2024_11_BAL_PIT,2024,11,2024-11-17,PIT,BAL,-3.0,48.0,0.39076376554174075,1,0.45244504660955676,0.42151842512955856,0.39076376554174075,logistic
2024_11_SEA_SF,2024,11,2024-11-17,SF,SEA,6.0,49.0,0.6957699520733487,0,0.7284452562409771,0.6691740053143882,0.6957699520733487,logistic
2024_11_MIN_TEN,2024,11,2024-11-17,TEN,MIN,-6.0,40.0,0.28644876973925815,0,0.36653967688706335,0.3485385795458685,0.28644876973925815,logistic
2024_11_HOU_DAL,2024,11,2024-11-18,DAL,HOU,-7.5,41.5,0.2491874322860238,0,0.2975870821232872,0.2899245307663774,0.2491874322860238,logistic
2024_12_PIT_CLE,2024,12,2024-11-21,CLE,PIT,-3.5,36.5,0.35527082119976705,1,0.49135265673961204,0.45484678987259397,0.35527082119976705,logistic
2024_12_KC_CAR,2024,12,2024-11-24,CAR,KC,-11.0,43.0,0.15999999999999998,0,0.25852050007767474,0.2564117478126802,0.15999999999999998,logistic
2024_12_MIN_CHI,2024,12,2024-11-24,CHI,MIN,-3.0,39.5,0.39076376554174075,0,0.4734051789237606,0.4394397582370098,0.39076376554174075,logistic
2024_12_SF_GB,2024,12,2024-11-24,GB,SF,6.5,44.5,0.7135512302607419,1,0.7552893533497786,0.6955250367346779,0.7135512302607419,logistic
2024_12_TEN_HOU,2024,12,2024-11-24,HOU,TEN,8.0,40.5,0.7571884984025559,0,0.7868276331879057,0.7273422686522188,0.7571884984025559,logistic
2024_12_DET_IND,2024,12,2024-11-24,IND,DET,-7.0,50.5,0.2428115015974441,0,0.2723901536795965,0.2683484307048142,0.2428115015974441,logistic
2024_12_PHI_LA,2024,12,2024-11-24,LA,PHI,-3.0,49.0,0.3962430290578221,0,0.48603377772359196,0.4502742038219967,0.3962430290578221,logistic
2024_12_DEN_LV,2024,12,2024-11-24,LV,DEN,-6.5,41.5,0.2949668357393679,0,0.3014596489554443,0.2932302639225206,0.2949668357393679,logistic
2024_12_NE_MIA,2024,12,2024-11-24,MIA,NE,7.5,46.0,0.7508125677139762,1,0.824015137815538,0.766282360487369,0.7508125677139762,logistic
2024_12_TB_NYG,2024,12,2024-11-24,NYG,TB,-6.5,40.5,0.2820294784580499,0,0.3055532167845048,0.29672210745682087,0.2820294784580499,logistic
2024_12_ARI_SEA,2024,12,2024-11-24,SEA,ARI,-1.0,46.5,0.4891657638136511,1,0.5046786282291164,0.4663296721617909,0.4891657638136511,logistic
2024_12_DAL_WAS,2024,12,2024-11-24,WAS,DAL,10.5,45.0,0.827123695976155,0,0.8020540268204139,0.7430827157862293,0.827123695976155,logistic
2024_12_BAL_LAC,2024,12,2024-11-25,LAC,BAL,-3.0,51.0,0.4003612281757977,0,0.42881887876788566,0.40139111284862755,0.4003612281757977,logistic
2024_13_NYG_DAL,2024,13,2024-11-28,DAL,NYG,4.5,39.0,0.661450015969339,1,0.6685030776516399,0.612316125662777,0.661450015969339,logistic
2024_13_CHI_DET,2024,13,2024-11-28,DET,CHI,9.5,47.5,0.8042929292929294,1,0.8450005635836454,0.7890714511514673,0.8042929292929294,logistic
2024_13_MIA_GB,2024,13,2024-11-28,GB,MIA,3.5,47.5,0.6092362344582594,1,0.6700989806028077,0.6137991418047409,0.6092362344582594,logistic
2024_13_LV_KC,2024,13,2024-11-29,KC,LV,13.5,42.0,0.8524590163934427,1,0.9076158890676751,0.8617604171794251,0.8524590163934427,logistic
2024_13_LAC_ATL,2024,13,2024-12-01,ATL,LAC,-1.0,47.0,0.4826358742837298,0,0.5437461397024776,0.5002493749836991,0.4826358742837298,logistic
2024_13_PHI_BAL,2024,13,2024-12-01,BAL,PHI,3.0,50.0,0.593369754159424,0,0.6871169657346912,0.6297109622460457,0.593369754159424,logistic
2024_13_SF_BUF,2024,13,2024-12-01,BUF,SF,6.5,45.0,0.740871613663133,1,0.7843585051935028,0.7248143421439551,0.740871613663133,logistic
2024_13_TB_CAR,2024,13,2024-12-01,CAR,TB,-6.5,46.0,0.28644876973925815,0,0.34548822159344217,0.33068250122550913,0.28644876973925815,logistic
2024_13_PIT_CIN,2024,13,2024-12-01,CIN,PIT,3.0,46.0,0.5829926410466066,0,0.7222620873265754,0.6631893162260147,0.5829926410466066,logistic
2024_13_HOU_JAX,2024,13,2024-12-01,JAX,HOU,-3.5,44.5,0.3690596562184025,0,0.38270717699557383,0.36224634115810733,0.3690596562184025,logistic
2024_13_ARI_MIN,2024,13,2024-12-01,MIN,ARI,3.5,45.5,0.6224665518611737,1,0.6598342100738538,0.6042866740740408,0.6224665518611737,logistic
2024_13_IND_NE,2024,13,2024-12-01,NE,IND,-2.5,41.5,0.448558885283451,0,0.5586896047427715,0.5133414172026369,0.448558885283451,logistic
2024_13_LA_NO,2024,13,2024-12-01,NO,LA,-2.5,48.5,0.43650793650793646,0,0.4574636925784952,0.4258032102115564,0.43650793650793646,logistic
2024_13_SEA_NYJ,2024,13,2024-12-01,NYJ,SEA,1.0,41.5,0.5108342361863488,0,0.6428094114958884,0.5886409226870747,0.5108342361863488,logistic
2024_13_TEN_WAS,2024,13,2024-12-01,WAS,TEN,6.0,45.0,0.6853932584269663,1,0.7609524476424671,0.7011659450140757,0.6853932584269663,logistic
2024_13_CLE_DEN,2024,13,2024-12-02,DEN,CLE,6.5,41.5,0.7135512302607419,1,0.8098197098080528,0.7512160993925812,0.7135512302607419,logistic
2024_14_GB_DET,2024,14,2024-12-05,DET,GB,3.0,53.0,0.6037569709421778,1,0.6785853923983505,0.621711260275302,0.6037569709421778,logistic
2024_14_SEA_ARI,2024,14,2024-12-08,ARI,SEA,3.0,45.5,0.6092362344582594,0,0.6631797719358924,0.6073802785067616,0.6092362344582594,logistic
2024_14_LAC_KC,2024,14,2024-12-08,KC,LAC,5.0,43.5,0.6750312469954812,1,0.752835461634081,0.6930899926936298,0.6750312469954812,logistic
2024_14_BUF_LA,2024,14,2024-12-08,LA,BUF,-3.5,49.5,0.3690596562184025,1,0.3982747158526266,0.3754491151233467,0.3690596562184025,logistic
2024_14_NYJ_MIA,2024,14,2024-12-08,MIA,NYJ,6.5,45.0,0.7179705215419501,1,0.7415126793233078,0.6819240687268346,0.7179705215419501,logistic
2024_14_ATL_MIN,2024,14,2024-12-08,MIN,ATL,6.0,46.5,0.6853932584269663,1,0.7229924025543246,0.6638946221265978,0.6853932584269663,logistic
2024_14_NO_NYG,2024,14,2024-12-08,NYG,NO,-5.5,41.0,0.3194444444444444,0,0.3425850749047012,0.328218436965706,0.3194444444444444,logistic
2024_14_CAR_PHI,2024,14,2024-12-08,PHI,CAR,14.0,44.5,0.8677165354330709,1,0.9069584903186739,0.8609511812627018,0.8677165354330709,logistic
2024_14_CLE_PIT,2024,14,2024-12-08,PIT,CLE,6.0,43.0,0.690792883054068,1,0.7628233494775435,0.703036169106578,0.690792883054068,logistic
2024_14_CHI_SF,2024,14,2024-12-08,SF,CHI,3.0,43.5,0.593369754159424,1,0.7006913910259638,0.6425379624635947,0.593369754159424,logistic
2024_14_LV_TB,2024,14,2024-12-08,TB,LV,7.0,47.0,0.7335423197492164,1,0.8292548686438165,0.7719122590089543,0.7335423197492164,logistic
2024_14_JAX_TEN,2024,14,2024-12-08,TEN,JAX,3.0,40.0,0.6037569709421778,0,0.6538211519232956,0.5987424710064126,0.6037569709421778,logistic
2024_14_CIN_DAL,2024,14,2024-12-09,DAL,CIN,-5.0,51.0,0.33099297893681046,0,0.3499254195475656,0.33444767656201047,0.33099297893681046,logistic
2024_15_LA_SF,2024,15,2024-12-12,SF,LA,3.0,48.5,0.5829926410466066,0,0.6672826779229329,0.6111830764838319,0.5829926410466066,logistic
2024_15_NE_ARI,2024,15,2024-12-15,ARI,NE,6.0,46.5,0.690792883054068,1,0.7677910211468725,0.708018436248986,0.690792883054068,logistic
2024_15_DAL_CAR,2024,15,2024-12-15,CAR,DAL,2.5,42.0,0.5634920634920635,0,0.576710718714792,0.5292301867835043,0.5634920634920635,logistic
2024_15_KC_CLE,2024,15,2024-12-15,CLE,KC,-4.5,41.5,0.33099297893681046,0,0.4175336433412023,0.39179815729207385,0.33099297893681046,logistic
2024_15_IND_DEN,2024,15,2024-12-15,DEN,IND,4.5,43.5,0.6750312469954812,1,0.7709059601066659,0.711154898535226,0.6750312469954812,logistic
2024_15_BUF_DET,2024,15,2024-12-15,DET,BUF,2.5,55.5,0.5427435387673957,0,0.6097684904408565,0.5586999577860867,0.5427435387673957,logistic
2024_15_MIA_HOU,2024,15,2024-12-15,HOU,MIA,2.5,46.5,0.5829926410466066,1,0.6345092028355568,0.5810690782905044,0.5829926410466066,logistic
2024_15_NYJ_JAX,2024,15,2024-12-15,JAX,NYJ,-3.5,41.5,0.39076376554174075,0,0.47089356530833976,0.4372884712855599,0.39076376554174075,logistic
2024_15_TB_LAC,2024,15,2024-12-15,LAC,TB,3.0,46.0,0.593369754159424,0,0.6383366105741826,0.5845562188600262,0.593369754159424,logistic
2024_15_WAS_NO,2024,15,2024-12-15,NO,WAS,-7.5,44.5,0.2428115015974441,0,0.2520276228753361,0.25080623415085185,0.2428115015974441,logistic
2024_15_BAL_NYG,2024,15,2024-12-15,NYG,BAL,-16.5,43.5,0.08755760368663595,0,0.12077310113060248,0.1332728229880422,0.08755760368663595,logistic
2024_15_PIT_PHI,2024,15,2024-12-15,PHI,PIT,5.5,43.0,0.6957699520733487,1,0.7987508826698849,0.7396452892529337,0.6957699520733487,logistic
2024_15_GB_SEA,2024,15,2024-12-15,SEA,GB,-3.0,48.0,0.4066302458405761,0,0.5053951705586951,0.4669482496980215,0.4066302458405761,logistic
2024_15_CIN_TEN,2024,15,2024-12-15,TEN,CIN,-6.0,46.5,0.31460674157303364,0,0.3138479926508279,0.30379026896496225,0.31460674157303364,logistic
2024_15_ATL_LV,2024,15,2024-12-16,LV,ATL,-6.5,44.5,0.2559309849029475,0,0.22880006724397062,0.23064577396086827,0.2559309849029475,logistic
2024_15_CHI_MIN,2024,15,2024-12-16,MIN,CHI,7.0,43.5,0.7335423197492164,1,0.7757942512405911,0.7160966503724508,0.7335423197492164,logistic
2024_16_DEN_LAC,2024,16,2024-12-19,LAC,DEN,3.0,41.5,0.5720596355604638,1,0.5999799449333428,0.5499268398502057,0.5720596355604638,logistic
2024_16_PIT_BAL,2024,16,2024-12-21,BAL,PIT,7.0,44.5,0.7440690150970525,1,0.8024154995387295,0.7434596729133478,0.7440690150970525,logistic
2024_16_HOU_KC,2024,16,2024-12-21,KC,HOU,3.5,42.5,0.6164383561643836,1,0.7173693312229252,0.6584747311496282,0.6164383561643836,logistic
2024_16_NYG_ATL,2024,16,2024-12-22,ATL,NYG,9.5,42.5,0.8118668596237336,1,0.8089976868486902,0.7503516287881502,0.8118668596237336,logistic
2024_16_NE_BUF,2024,16,2024-12-22,BUF,NE,14.0,48.0,0.8800000000000001,1,0.9033806803908769,0.8565675568022852,0.8800000000000001,logistic
2024_16_ARI_CAR,2024,16,2024-12-22,CAR,ARI,-5.5,47.0,0.3194444444444444,1,0.3896058662579811,0.36809621505582824,0.3194444444444444,logistic
2024_16_DET_CHI,2024,16,2024-12-22,CHI,DET,-7.0,47.5,0.2591283863368669,0,0.26635039744593225,0.26315635059159387,0.2591283863368669,logistic
2024_16_CLE_CIN,2024,16,2024-12-22,CIN,CLE,10.0,46.5,0.817258883248731,1,0.8494241716407641,0.7939611694410729,0.817258883248731,logistic
2024_16_TB_DAL,2024,16,2024-12-22,DAL,TB,-4.5,47.5,0.34252477380439467,1,0.42427031713513186,0.3975232521963127,0.34252477380439467,logistic
2024_16_TEN_IND,2024,16,2024-12-22,IND,TEN,4.0,42.5,0.6369041816941223,1,0.6099835661551432,0.5588931927504256,0.6369041816941223,logistic
2024_16_JAX_LV,2024,16,2024-12-22,LV,JAX,2.5,41.5,0.5427435387673957,1,0.5931216757882081,0.5438042621117904,0.5427435387673957,logistic
2024_16_SF_MIA,2024,16,2024-12-22,MIA,SF,-2.0,44.0,0.4675324675324675,1,0.5320628354611386,0.490061602655479,0.4675324675324675,logistic
2024_16_LA_NYJ,2024,16,2024-12-22,NYJ,LA,-3.0,47.0,0.4066302458405761,0,0.5027352984265043,0.4646526347225678,0.4066302458405761,logistic
2024_16_MIN_SEA,2024,16,2024-12-22,SEA,MIN,-2.5,43.0,0.42794036443953615,0,0.5221030485679369,0.4814074996538754,0.42794036443953615,logistic
2024_16_PHI_WAS,2024,16,2024-12-22,WAS,PHI,-4.0,47.0,0.34252477380439467,1,0.45363968927871784,0.4225380481183907,0.34252477380439467,logistic
2024_16_NO_GB,2024,16,2024-12-23,GB,NO,14.0,44.0,0.8677165354330709,1,0.9068329156774989,0.8607967380532087,0.8677165354330709,logistic
2024_17_BAL_HOU,2024,17,2024-12-25,HOU,BAL,-5.5,46.5,0.3194444444444444,0,0.37720111949322577,0.3575779314762476,0.3194444444444444,logistic
2024_17_KC_PIT,2024,17,2024-12-25,PIT,KC,-3.0,43.5,0.4066302458405761,0,0.49050557000522915,0.4541181672864586,0.4066302458405761,logistic
2024_17_SEA_CHI,2024,17,2024-12-26,CHI,SEA,-3.5,43.5,0.3690596562184025,0,0.44415138417656086,0.41444520691142606,0.3690596562184025,logistic
2024_17_DEN_CIN,2024,17,2024-12-28,CIN,DEN,3.5,50.5,0.6092362344582594,1,0.7022311452770464,0.6440009022965677,0.6092362344582594,logistic
2024_17_ARI_LA,2024,17,2024-12-28,LA,ARI,6.5,48.0,0.740871613663133,1,0.7251481524902373,0.6659789826472846,0.740871613663133,logistic
2024_17_LAC_NE,2024,17,2024-12-28,NE,LAC,-6.0,42.0,0.27792074112197634,0,0.371812704125208,0.35300941460670393,0.27792074112197634,logistic
2024_17_NYJ_BUF,2024,17,2024-12-29,BUF,NYJ,10.0,44.5,0.8042929292929294,1,0.837556612394596,0.7809127795927743,0.8042929292929294,logistic
2024_17_MIA_CLE,2024,17,2024-12-29,CLE,MIA,-3.0,32.5,0.3962430290578221,0,0.4624935829921361,0.430101386970521,0.3962430290578221,logistic
2024_17_TEN_JAX,2024,17,2024-12-29,JAX,TEN,-1.0,38.0,0.5043297540699688,1,0.5506580770621914,0.506296053754033,0.5043297540699688,logistic
2024_17_GB_MIN,2024,17,2024-12-29,MIN,GB,-1.0,49.0,0.4956702459300312,1,0.5330068246829339,0.4908832737458294,0.4956702459300312,logistic
2024_17_LV_NO,2024,17,2024-12-29,NO,LV,-2.0,37.5,0.4675324675324675,0,0.5640111441390454,0.5180214109361367,0.4675324675324675,logistic
2024_17_IND_NYG,2024,17,2024-12-29,NYG,IND,-7.5,40.5,0.22849462365591394,1,0.3300465447198236,0.3175694429823039,0.22849462365591394,logistic
2024_17_DAL_PHI,2024,17,2024-12-29,PHI,DAL,7.5,37.5,0.7335423197492164,1,0.7712645465547529,0.7115165842038582,0.7335423197492164,logistic
2024_17_CAR_TB,2024,17,2024-12-29,TB,CAR,9.5,47.5,0.7999999999999999,1,0.8547129072184103,0.7998493759426729,0.7999999999999999,logistic
2024_17_ATL_WAS,2024,17,2024-12-29,WAS,ATL,3.5,46.5,0.6309403437815976,1,0.6644991111107857,0.608602038351044,0.6309403437815976,logistic
2024_17_DET_SF,2024,17,2024-12-30,SF,DET,-4.0,50.5,0.33099297893681046,0,0.38437958697402946,0.3636644019761432,0.33099297893681046,logistic
2024_18_CLE_BAL,2024,18,2025-01-04,BAL,CLE,19.5,42.5,0.9258160237388724,1,0.9482920718286845,0.9146039264075019,0.9258160237388724,logistic
2024_18_CIN_PIT,2024,18,2025-01-04,PIT,CIN,-2.5,48.5,0.42794036443953615,0,0.4283933928434231,0.401029217068869,0.42794036443953615,logistic
2024_18_SF_ARI,2024,18,2025-01-05,ARI,SF,4.5,42.5,0.6309403437815976,1,0.6528655486473937,0.5978632411342855,0.6309403437815976,logistic
2024_18_CAR_ATL,2024,18,2025-01-05,ATL,CAR,7.5,48.5,0.7600000000000001,0,0.7754984461190944,0.7157969169366959,0.7600000000000001,logistic
2024_18_WAS_DAL,2024,18,2025-01-05,DAL,WAS,-7.0,43.5,0.27424749163879597,0,0.26237705256770333,0.2597357449290369,0.27424749163879597,logistic
2024_18_KC_DEN,2024,18,2025-01-05,DEN,KC,10.5,40.5,0.7957758771164253,1,0.8662632430997322,0.8128775347209173,0.7957758771164253,logistic
2024_18_MIN_DET,2024,18,2025-01-05,DET,MIN,3.0,56.5,0.5720596355604638,1,0.6665918749709858,0.6105421095264534,0.5720596355604638,logistic
2024_18_CHI_GB,2024,18,2025-01-05,GB,CHI,10.0,41.5,0.771505376344086,0,0.8699523630397802,0.8170900730109898,0.771505376344086,logistic
2024_18_JAX_IND,2024,18,2025-01-05,IND,JAX,3.5,45.5,0.6164383561643836,1,0.6545214089956614,0.5993870838184343,0.6164383561643836,logistic
2024_18_SEA_LA,2024,18,2025-01-05,LA,SEA,-7.5,38.5,0.2491874322860238,0,0.281956718350566,0.27655526190486507,0.2491874322860238,logistic
2024_18_LAC_LV,2024,18,2025-01-05,LV,LAC,-7.0,42.5,0.2559309849029475,0,0.32019171915214134,0.3091899409423064,0.2559309849029475,logistic
2024_18_BUF_NE,2024,18,2025-01-05,NE,BUF,-3.0,36.5,0.4003612281757977,1,0.3488750202266476,0.3335564556707157,0.4003612281757977,logistic
2024_18_MIA_NYJ,2024,18,2025-01-05,NYJ,MIA,1.5,39.5,0.5260865852617197,1,0.6304915969900221,0.577416589812004,0.5260865852617197,logistic
2024_18_NYG_PHI,2024,18,2025-01-05,PHI,NYG,3.0,36.5,0.5829926410466066,1,0.6792058576760706,0.6222914843930869,0.5829926410466066,logistic
2024_18_NO_TB,2024,18,2025-01-05,TB,NO,14.5,44.5,0.8761776581426649,1,0.9145585312564949,0.8703811887925306,0.8761776581426649,logistic
2024_18_HOU_TEN,2024,18,2025-01-05,TEN,HOU,2.5,36.5,0.5634920634920635,0,0.6450539258254149,0.5906946300507757,0.5634920634920635,logistic
2024_19_PIT_BAL,2024,19,2025-01-11,BAL,PIT,9.5,44.5,0.8042929292929294,1,0.8518817346084514,0.7966914799639851,0.8042929292929294,logistic
2024_19_LAC_HOU,2024,19,2025-01-11,HOU,LAC,-3.0,41.5,0.4066302458405761,1,0.34105388087292454,0.3269186127133502,0.4066302458405761,logistic
2024_19_DEN_BUF,2024,19,2025-01-12,BUF,DEN,7.5,48.5,0.7768331562167907,1,0.6848710194839286,0.6276005022543355,0.7768331562167907,logistic
2024_19_GB_PHI,2024,19,2025-01-12,PHI,GB,5.5,45.5,0.6853932584269663,1,0.665073402100882,0.6091341718057773,0.6853932584269663,logistic
2024_19_WAS_TB,2024,19,2025-01-12,TB,WAS,3.0,51.5,0.593369754159424,0,0.690358263384493,0.6327625465909187,0.593369754159424,logistic
2024_19_MIN_LA,2024,19,2025-01-13,LA,MIN,-2.5,47.5,0.43650793650793646,1,0.28598083819847175,0.28000165513162784,0.43650793650793646,logistic
2024_20_WAS_DET,2024,20,2025-01-18,DET,WAS,8.5,55.5,0.8042929292929294,0,0.7866091283542191,0.7271182921956365,0.8042929292929294,logistic
2024_20_HOU_KC,2024,20,2025-01-18,KC,HOU,9.5,41.5,0.8118668596237336,1,0.7928702742208349,0.7335572028543176,0.8118668596237336,logistic
2024_20_BAL_BUF,2024,20,2025-01-19,BUF,BAL,-1.5,51.5,0.4826358742837298,1,0.499080841033836,0.46150128993704265,0.4826358742837298,logistic
2024_20_LA_PHI,2024,20,2025-01-19,PHI,LA,7.0,43.5,0.7335423197492164,1,0.784527088360734,0.7249867291337064,0.7335423197492164,logistic
2024_21_BUF_KC,2024,21,2025-01-26,KC,BUF,1.5,49.5,0.5173641257162701,1,0.6007090590476984,0.5505788972782119,0.5173641257162701,logistic
2024_21_WAS_PHI,2024,21,2025-01-26,PHI,WAS,6.0,46.5,0.6853932584269663,1,0.751406379188195,0.6916744160835353,0.6853932584269663,logistic
2024_22_KC_PHI,2024,22,2025-02-09,PHI,KC,-1.5,48.5,0.4782608695652174,1,0.41043919410802876,0.385772890297466,0.4782608695652174,logistic
2025_01_DAL_PHI,2025,1,2025-09-04,PHI,DAL,8.5,47.5,0.7768331562167907,1,0.8033020544925153,0.8170363361857456,0.7768331562167907,logistic
2025_01_KC_LAC,2025,1,2025-09-05,LAC,KC,-3.0,47.5,0.39076376554174075,1,0.3000534316912336,0.26241875321584535,0.39076376554174075,logistic
2025_01_TB_ATL,2025,1,2025-09-07,ATL,TB,-1.5,47.5,0.4891657638136511,0,0.37113170136978063,0.3374558409045923,0.4891657638136511,logistic
2025_01_BAL_BUF,2025,1,2025-09-07,BUF,BAL,-1.5,50.5,0.4572564612326044,1,0.45058074586833213,0.42424686642136955,0.4572564612326044,logistic
2025_01_CIN_CLE,2025,1,2025-09-07,CLE,CIN,-5.5,47.5,0.3249687530045188,0,0.21149774808784494,0.17369457190941412,0.3249687530045188,logistic
2025_01_TEN_DEN,2025,1,2025-09-07,DEN,TEN,8.5,42.5,0.7867435158501441,1,0.8327730752202674,0.8480007818412745,0.7867435158501441,logistic
2025_01_DET_GB,2025,1,2025-09-07,GB,DET,1.5,48.5,0.5217391304347826,1,0.5147977108130318,0.4959178414372457,0.5217391304347826,logistic
2025_01_MIA_IND,2025,1,2025-09-07,IND,MIA,1.5,47.5,0.5043297540699688,1,0.515260322953394,0.49643748017629735,0.5043297540699688,logistic
2025_01_CAR_JAX,2025,1,2025-09-07,JAX,CAR,4.5,45.5,0.644729178800233,1,0.6923877051916247,0.6958824690260561,0.644729178800233,logistic
2025_01_HOU_LA,2025,1,2025-09-07,LA,HOU,3.5,43.5,0.5996387718242023,1,0.6384535623971892,0.6353963507969119,0.5996387718242023,logistic
2025_01_LV_NE,2025,1,2025-09-07,NE,LV,2.5,44.5,0.5829926410466066,0,0.5764031418285513,0.5653548615256657,0.5829926410466066,logistic
2025_01_ARI_NO,2025,1,2025-09-07,NO,ARI,-6.0,44.5,0.299837925445705,0,0.24440871090533875,0.20595250949844915,0.299837925445705,logistic
2025_01_PIT_NYJ,2025,1,2025-09-07,NYJ,PIT,-3.0,37.5,0.4170073589533933,0,0.45151075296709137,0.4252768729893565,0.4170073589533933,logistic
2025_01_SF_SEA,2025,1,2025-09-07,SEA,SF,-2.5,43.5,0.448558885283451,0,0.3826902531834301,0.3499151879520497,0.448558885283451,logistic
2025_01_NYG_WAS,2025,1,2025-09-07,WAS,NYG,6.0,45.5,0.7179705215419501,1,0.7576783610336861,0.7679299523027199,0.7179705215419501,logistic
2025_01_MIN_CHI,2025,1,2025-09-08,CHI,MIN,-1.5,43.5,0.4956702459300312,0,0.4027752074026979,0.3717121042385198,0.4956702459300312,logistic
2025_02_WAS_GB,2025,2,2025-09-11,GB,WAS,3.5,48.5,0.6224665518611737,1,0.6798240408632732,0.6818501479807753,0.6224665518611737,logistic
2025_02_CAR_ARI,2025,2,2025-09-14,ARI,CAR,7.0,45.5,0.725752508361204,1,0.6731397593383056,0.6743680657062022,0.725752508361204,logistic
2025_02_CLE_BAL,2025,2,2025-09-14,BAL,CLE,12.5,46.5,0.863013698630137,1,0.9089116019241159,0.9240736937769097,0.863013698630137,logistic
2025_02_JAX_CIN,2025,2,2025-09-14,CIN,JAX,3.5,49.5,0.6309403437815976,1,0.7117726240133608,0.7174421686842638,0.6309403437815976,logistic
2025_02_NYG_DAL,2025,2,2025-09-14,DAL,NYG,4.5,44.5,0.6750312469954812,1,0.6030710229098902,0.595478990737212,0.6750312469954812,logistic
2025_02_CHI_DET,2025,2,2025-09-14,DET,CHI,6.0,46.5,0.7001620745542949,1,0.7693994254220604,0.7806625764458814,0.7001620745542949,logistic
2025_02_DEN_IND,2025,2,2025-09-14,IND,DEN,-2.5,43.5,0.4572564612326044,1,0.36319930670543843,0.32894318747168066,0.4572564612326044,logistic
2025_02_PHI_KC,2025,2,2025-09-14,KC,PHI,-1.5,46.5,0.4739134147382802,0,0.4366548322370528,0.40885749580174746,0.4739134147382802,logistic
2025_02_NE_MIA,2025,2,2025-09-14,MIA,NE,1.5,43.5,0.5324675324675325,0,0.611889753494592,0.605436975922097,0.5324675324675325,logistic
2025_02_ATL_MIN,2025,2,2025-09-14,MIN,ATL,3.5,44.5,0.6164383561643836,0,0.5305857557132566,0.5136716677635782,0.6164383561643836,logistic
2025_02_SF_NO,2025,2,2025-09-14,NO,SF,-3.0,40.5,0.4003612281757977,0,0.3717935594779749,0.33816753299062496,0.4003612281757977,logistic
2025_02_BUF_NYJ,2025,2,2025-09-14,NYJ,BUF,-6.0,47.5,0.28644876973925815,0,0.297471596758239,0.25975048372817183,0.28644876973925815,logistic
2025_02_SEA_PIT,2025,2,2025-09-14,PIT,SEA,3.5,40.5,0.6309403437815976,0,0.5710855748016632,0.559349020188162,0.6309403437815976,logistic
2025_02_LA_TEN,2025,2,2025-09-14,TEN,LA,-5.5,41.5,0.31460674157303364,0,0.36574874766257987,0.33167566771942614,0.31460674157303364,logistic
2025_02_TB_HOU,2025,2,2025-09-15,HOU,TB,2.5,42.5,0.551441114716549,0,0.5421401537953383,0.5266869896290415,0.551441114716549,logistic
2025_02_LAC_LV,2025,2,2025-09-15,LV,LAC,-3.5,46.5,0.3630958183058778,0,0.30700114011889945,0.26962068815591417,0.3630958183058778,logistic
2025_03_MIA_BUF,2025,3,2025-09-18,BUF,MIA,12.5,50.5,0.8524590163934427,1,0.7781369698868007,0.7901047826853018,0.8524590163934427,logistic
2025_03_ATL_CAR,2025,3,2025-09-21,CAR,ATL,-5.5,44.5,0.33635187580853815,1,0.3062335351481162,0.26882346219192776,0.33635187580853815,logistic
2025_03_DAL_CHI,2025,3,2025-09-21,CHI,DAL,-1.5,49.5,0.4675324675324675,1,0.5007526449036472,0.4801602410631399,0.4675324675324675,logistic
2025_03_GB_CLE,2025,3,2025-09-21,CLE,GB,-8.5,41.5,0.20863836017569545,1,0.23919999262505684,0.20078668161306962,0.20863836017569545,logistic
2025_03_HOU_JAX,2025,3,2025-09-21,JAX,HOU,1.5,43.5,0.5324675324675325,1,0.5762586553037652,0.5651916612932768,0.5324675324675325,logistic
2025_03_DEN_LAC,2025,3,2025-09-21,LAC,DEN,2.5,45.5,0.5829926410466066,1,0.551044625509302,0.5367276021181937,0.5829926410466066,logistic
2025_03_CIN_MIN,2025,3,2025-09-21,MIN,CIN,3.0,41.5,0.593369754159424,1,0.5766999900005154,0.5656901589312071,0.593369754159424,logistic
2025_03_PIT_NE,2025,3,2025-09-21,NE,PIT,-1.5,44.5,0.4782608695652174,0,0.46917151154556624,0.4448865356009149,0.4782608695652174,logistic
2025_03_KC_NYG,2025,3,2025-09-21,NYG,KC,-6.0,44.5,0.26645768025078376,0,0.2663103562365382,0.22790707648274006,0.26645768025078376,logistic
2025_03_LA_PHI,2025,3,2025-09-21,PHI,LA,3.5,45.5,0.6369041816941223,1,0.7078809876458221,0.7131236991224927,0.6369041816941223,logistic
2025_03_NO_SEA,2025,3,2025-09-21,SEA,NO,7.5,41.5,0.7571884984025559,1,0.7665780374333684,0.7776044416580395,0.7571884984025559,logistic
2025_03_ARI_SF,2025,3,2025-09-21,SF,ARI,1.5,44.5,0.5324675324675325,1,0.5073317354850931,0.4875368458306465,0.5324675324675325,logistic
2025_03_NYJ_TB,2025,3,2025-09-21,TB,NYJ,6.5,43.5,0.7440690150970525,1,0.7535018210148215,0.7633756902305792,0.7440690150970525,logistic
2025_03_IND_TEN,2025,3,2025-09-21,TEN,IND,-6.0,43.5,0.3194444444444444,0,0.34041375171519406,0.30467361566585566,0.3194444444444444,logistic
2025_03_LV_WAS,2025,3,2025-09-21,WAS,LV,2.5,43.5,0.5829926410466066,1,0.5377847403534062,0.5217789523406654,0.5829926410466066,logistic
2025_03_DET_BAL,2025,3,2025-09-22,BAL,DET,4.5,53.5,0.6805555555555556,0,0.677760332491916,0.6795412742383287,0.6805555555555556,logistic
2025_04_SEA_ARI,2025,4,2025-09-25,ARI,SEA,-1.5,43.5,0.4675324675324675,0,0.4838252261233125,0.46122349560571924,0.4675324675324675,logistic
2025_04_WAS_ATL,2025,4,2025-09-28,ATL,WAS,2.5,43.5,0.5634920634920635,1,0.652470089879985,0.6511702544653809,0.5634920634920635,logistic
2025_04_NO_BUF,2025,4,2025-09-28,BUF,NO,15.5,48.5,0.8933823529411765,1,0.8621508666316694,0.8781192674818376,0.8933823529411765,logistic
2025_04_CLE_DET,2025,4,2025-09-28,DET,CLE,10.0,44.5,0.8118668596237336,1,0.8352080499201551,0.8505276056969474,0.8118668596237336,logistic
2025_04_TEN_HOU,2025,4,2025-09-28,HOU,TEN,7.5,39.5,0.7819063004846527,1,0.7364140620818229,0.7446555518766201,0.7819063004846527,logistic
2025_04_BAL_KC,2025,4,2025-09-28,KC,BAL,-2.5,48.5,0.42794036443953615,1,0.4175689893999879,0.38787713573914406,0.42794036443953615,logistic
2025_04_IND_LA,2025,4,2025-09-28,LA,IND,3.5,49.5,0.6224665518611737,1,0.6274658509101203,0.6230125201147584,0.6224665518611737,logistic
2025_04_CHI_LV,2025,4,2025-09-28,LV,CHI,1.5,47.5,0.5324675324675325,0,0.5414718453003993,0.525933743532866,0.5324675324675325,logistic
2025_04_CAR_NE,2025,4,2025-09-28,NE,CAR,5.5,42.5,0.6957699520733487,1,0.7322085558533908,0.7400282477640449,0.6957699520733487,logistic
2025_04_LAC_NYG,2025,4,2025-09-28,NYG,LAC,-6.0,43.5,0.2904564315352697,1,0.2848659890940661,0.2467871322084184,0.2904564315352697,logistic
2025_04_MIN_PIT,2025,4,2025-09-28,PIT,MIN,-2.5,41.5,0.42794036443953615,1,0.3450278394186544,0.30956550483307493,0.42794036443953615,logistic
2025_04_JAX_SF,2025,4,2025-09-28,SF,JAX,3.5,45.5,0.6164383561643836,0,0.5814352498245687,0.5710390374016591,0.6164383561643836,logistic
2025_04_PHI_TB,2025,4,2025-09-28,TB,PHI,-3.5,44.5,0.3775334481388264,0,0.3997540499972278,0.36842208011980354,0.3775334481388264,logistic
2025_04_CIN_DEN,2025,4,2025-09-29,DEN,CIN,7.5,44.5,0.7913616398243045,1,0.7107980541809392,0.716361196806811,0.7913616398243045,logistic
2025_04_NYJ_MIA,2025,4,2025-09-29,MIA,NYJ,2.5,44.5,0.5720596355604638,1,0.5920644782368071,0.5830465489197608,0.5720596355604638,logistic
2025_05_SF_LA,2025,5,2025-10-02,LA,SF,8.5,43.5,0.7819063004846527,0,0.7401097529983932,0.7487156039837156,0.7819063004846527,logistic
2025_05_TEN_ARI,2025,5,2025-10-05,ARI,TEN,7.5,41.5,0.7768331562167907,0,0.7309700645472176,0.7386641205272323,0.7768331562167907,logistic
2025_05_HOU_BAL,2025,5,2025-10-05,BAL,HOU,-2.5,41.5,0.42794036443953615,0,0.4457969586579948,0.41895309168053785,0.42794036443953615,logistic
2025_05_NE_BUF,2025,5,2025-10-05,BUF,NE,7.5,49.5,0.7659021045164341,0,0.738073966442514,0.7464798487728914,0.7659021045164341,logistic
2025_05_MIA_CAR,2025,5,2025-10-05,CAR,MIA,-1.5,44.5,0.4782608695652174,1,0.47378160528458296,0.45002009426788186,0.4782608695652174,logistic
2025_05_DET_CIN,2025,5,2025-10-05,CIN,DET,-10.5,49.5,0.18274111675126903,0,0.2310429551152532,0.19274144350792458,0.18274111675126903,logistic
2025_05_MIN_CLE,2025,5,2025-10-05,CLE,MIN,-3.5,35.5,0.3630958183058778,0,0.2535296344213131,0.21505044148153457,0.3630958183058778,logistic
2025_05_LV_IND,2025,5,2025-10-05,IND,LV,7.0,46.5,0.7508125677139762,1,0.7235025890169189,0.7304259213065091,0.7508125677139762,logistic
2025_05_WAS_LAC,2025,5,2025-10-05,LAC,WAS,2.5,47.5,0.5829926410466066,0,0.580380936129338,0.569848060469836,0.5829926410466066,logistic
2025_05_NYG_NO,2025,5,2025-10-05,NO,NYG,1.5,41.5,0.5217391304347826,1,0.5477365104847449,0.5329964787355734,0.5217391304347826,logistic
2025_05_DAL_NYJ,2025,5,2025-10-05,NYJ,DAL,1.5,48.5,0.5108342361863488,0,0.5773054367712727,0.5663740335916319,0.5108342361863488,logistic
2025_05_DEN_PHI,2025,5,2025-10-05,PHI,DEN,3.5,44.5,0.6574752261956054,0,0.6371600145086167,0.6339391991937029,0.6574752261956054,logistic
2025_05_TB_SEA,2025,5,2025-10-05,SEA,TB,3.5,44.5,0.6164383561643836,0,0.5957480548065286,0.5872076432331951,0.6164383561643836,logistic
2025_05_KC_JAX,2025,5,2025-10-06,JAX,KC,-3.5,45.5,0.3630958183058778,1,0.3601090560461917,0.3256355269551926,0.3630958183058778,logistic
2025_06_PHI_NYG,2025,6,2025-10-09,NYG,PHI,-7.0,40.5,0.23409789548356585,1,0.2797982296914072,0.24160636224683923,0.23409789548356585,logistic
2025_06_LA_BAL,2025,6,2025-10-12,BAL,LA,-7.0,43.5,0.2522172949002217,0,0.29520358589776474,0.2574101905358714,0.2522172949002217,logistic
2025_06_DAL_CAR,2025,6,2025-10-12,CAR,DAL,-3.0,47.5,0.39076376554174075,1,0.42129693204994684,0.3919644069332003,0.39076376554174075,logistic
2025_06_CIN_GB,2025,6,2025-10-12,GB,CIN,14.0,44.5,0.8720930232558138,1,0.8752815944016161,0.8912961710060769,0.8720930232558138,logistic
2025_06_ARI_IND,2025,6,2025-10-12,IND,ARI,8.5,46.5,0.7913616398243045,1,0.7804707406799974,0.7926192242320544,0.7913616398243045,logistic
2025_06_SEA_JAX,2025,6,2025-10-12,JAX,SEA,-1.5,47.5,0.4891657638136511,0,0.482989671435825,0.4602904837589941,0.4891657638136511,logistic
2025_06_DET_KC,2025,6,2025-10-12,KC,DET,2.5,51.5,0.5634920634920635,1,0.6370168909369813,0.633777960523911,0.5634920634920635,logistic
2025_06_TEN_LV,2025,6,2025-10-12,LV,TEN,3.5,41.5,0.6224665518611737,1,0.6347742651066407,0.6312511492948957,0.6224665518611737,logistic
2025_06_LAC_MIA,2025,6,2025-10-12,MIA,LAC,-3.5,45.5,0.35527082119976705,0,0.34535285390755344,0.3099105331936208,0.35527082119976705,logistic
2025_06_NE_NO,2025,6,2025-10-12,NO,NE,-3.5,46.5,0.3690596562184025,0,0.3773098777756784,0.3441075193420626,0.3690596562184025,logistic
2025_06_DEN_NYJ,2025,6,2025-10-12,NYJ,DEN,-7.5,43.5,0.23409789548356585,0,0.21559266751496595,0.17765739596859223,0.23409789548356585,logistic
2025_06_CLE_PIT,2025,6,2025-10-12,PIT,CLE,5.5,37.5,0.705033164260632,1,0.7358043599780214,0.7439851664889007,0.705033164260632,logistic
2025_06_SF_TB,2025,6,2025-10-12,TB,SF,3.5,46.5,0.6309403437815976,1,0.6064781971181376,0.5993267753757918,0.6309403437815976,logistic
2025_06_BUF_ATL,2025,6,2025-10-13,ATL,BUF,-3.5,49.5,0.35527082119976705,1,0.3952318340612412,0.3635047682765972,0.35527082119976705,logistic
2025_06_CHI_WAS,2025,6,2025-10-13,WAS,CHI,5.5,49.5,0.690792883054068,0,0.6742342180898007,0.6755938792385261,0.690792883054068,logistic
2025_07_PIT_CIN,2025,7,2025-10-16,CIN,PIT,-5.5,45.5,0.3194444444444444,1,0.3211112252006551,0.28434135964175733,0.3194444444444444,logistic
2025_07_GB_ARI,2025,7,2025-10-19,ARI,GB,-7.0,44.5,0.23409789548356585,0,0.2492697713500375,0.21079315688761144,0.23409789548356585,logistic
2025_07_NO_CHI,2025,7,2025-10-19,CHI,NO,4.5,43.5,0.6636481241914618,1,0.6775272458591294,0.6792804316604517,0.6636481241914618,logistic
2025_07_MIA_CLE,2025,7,2025-10-19,CLE,MIA,2.5,34.5,0.5720596355604638,1,0.5749231148879248,0.5636831726528984,0.5720596355604638,logistic
2025_07_WAS_DAL,2025,7,2025-10-19,DAL,WAS,1.5,54.5,0.5324675324675325,1,0.5287152091475019,0.5115662467940901,0.5324675324675325,logistic
2025_07_NYG_DEN,2025,7,2025-10-19,DEN,NYG,7.5,39.5,0.7768331562167907,1,0.7744821316862099,0.7861605361366996,0.7768331562167907,logistic
2025_07_LA_JAX,2025,7,2025-10-19,JAX,LA,-3.0,44.5,0.4003612281757977,0,0.333380888501902,0.29724043506733744,0.4003612281757977,logistic
2025_07_LV_KC,2025,7,2025-10-19,KC,LV,13.5,44.5,0.8677165354330709,1,0.8486937481282734,0.8644254469579995,0.8677165354330709,logistic
2025_07_IND_LAC,2025,7,2025-10-19,LAC,IND,2.5,48.5,0.551441114716549,0,0.5977822552226996,0.5895054377527997,0.551441114716549,logistic
2025_07_PHI_MIN,2025,7,2025-10-19,MIN,PHI,-2.5,43.5,0.42794036443953615,0,0.45297404858360174,0.4268980636001494,0.42794036443953615,logistic
2025_07_CAR_NYJ,2025,7,2025-10-19,NYJ,CAR,1.5,39.5,0.5043297540699688,0,0.5718235759871299,0.5601824824469376,0.5043297540699688,logistic
2025_07_ATL_SF,2025,7,2025-10-19,SF,ATL,1.5,46.5,0.5108342361863488,1,0.5297711469316135,0.5127547128157605,0.5108342361863488,logistic
2025_07_NE_TEN,2025,7,2025-10-19,TEN,NE,-6.5,40.5,0.28644876973925815,0,0.30079090552782156,0.2631817220518685,0.28644876973925815,logistic
2025_07_TB_DET,2025,7,2025-10-20,DET,TB,6.0,54.5,0.705033164260632,1,0.7216317254463557,0.7283585218533707,0.705033164260632,logistic
2025_07_HOU_SEA,2025,7,2025-10-20,SEA,HOU,3.0,41.5,0.5996387718242023,1,0.6030569148071342,0.5954630571960801,0.5996387718242023,logistic
2025_08_MIN_LAC,2025,8,2025-10-23,LAC,MIN,3.0,45.5,0.6037569709421778,1,0.6033333672135497,0.5957752781960262,0.6037569709421778,logistic
2025_08_MIA_ATL,2025,8,2025-10-26,ATL,MIA,7.0,44.5,0.7477827050997783,0,0.7070789148860135,0.7122330161021918,0.7477827050997783,logistic
2025_08_CHI_BAL,2025,8,2025-10-26,BAL,CHI,2.5,45.5,0.5720596355604638,1,0.6487977303944519,0.6470403856142727,0.5720596355604638,logistic
2025_08_BUF_CAR,2025,8,2025-10-26,CAR,BUF,-7.0,47.5,0.23409789548356585,0,0.259848601020585,0.22139145191734302,0.23409789548356585,logistic
2025_08_NYJ_CIN,2025,8,2025-10-26,CIN,NYJ,5.5,43.5,0.690792883054068,0,0.6602881031009662,0.6599544183852202,0.690792883054068,logistic
2025_08_DAL_DEN,2025,8,2025-10-26,DEN,DAL,3.5,51.5,0.6309403437815976,1,0.6614595041083354,0.6612696005055729,0.6309403437815976,logistic
2025_08_SF_HOU,2025,8,2025-10-26,HOU,SF,2.5,41.5,0.5829926410466066,1,0.6578666283379361,0.6572348924397814,0.5829926410466066,logistic
2025_08_TEN_IND,2025,8,2025-10-26,IND,TEN,15.5,47.5,0.9082568807339451,1,0.887243628134427,0.9031256233490087,0.9082568807339451,logistic
2025_08_CLE_NE,2025,8,2025-10-26,NE,CLE,7.0,40.5,0.7600000000000001,1,0.7881268697103964,0.8008447237721387,0.7600000000000001,logistic
2025_08_TB_NO,2025,8,2025-10-26,NO,TB,-4.5,46.5,0.34252477380439467,0,0.3261953765501435,0.2896754777560859,0.34252477380439467,logistic
2025_08_NYG_PHI,2025,8,2025-10-26,PHI,NYG,7.0,43.5,0.7600000000000001,1,0.7616932141361689,0.7722995120378645,0.7600000000000001,logistic
2025_08_GB_PIT,2025,8,2025-10-26,PIT,GB,-3.0,46.5,0.4170073589533933,0,0.3979191760705222,0.36642582515211514,0.4170073589533933,logistic
2025_08_WAS_KC,2025,8,2025-10-27,KC,WAS,10.5,48.5,0.84,1,0.8253879021363544,0.8403061149662051,0.84,logistic
2025_09_BAL_MIA,2025,9,2025-10-30,MIA,BAL,-7.5,51.5,0.2132564841498559,0,0.2705609179538482,0.23221000335181172,0.2132564841498559,logistic
2025_09_KC_BUF,2025,9,2025-11-02,BUF,KC,-2.5,53.5,0.448558885283451,1,0.47702736954615066,0.4536378243790456,0.448558885283451,logistic
2025_09_CHI_CIN,2025,9,2025-11-02,CIN,CHI,-3.0,51.5,0.4066302458405761,0,0.4033017476112098,0.37228590102512815,0.4066302458405761,logistic
2025_09_MIN_DET,2025,9,2025-11-02,DET,MIN,9.5,47.5,0.8118668596237336,0,0.7982677537107142,0.811682047267856,0.8118668596237336,logistic
2025_09_CAR_GB,2025,9,2025-11-02,GB,CAR,12.5,43.5,0.8720930232558138,0,0.8471928473846342,0.8628870369024995,0.8720930232558138,logistic
2025_09_DEN_HOU,2025,9,2025-11-02,HOU,DEN,1.5,40.5,0.5324675324675325,0,0.584190229497432,0.5741512013882202,0.5324675324675325,logistic
2025_09_NO_LA,2025,9,2025-11-02,LA,NO,14.0,44.5,0.8869565217391304,1,0.8899138553183881,0.9057418589351719,0.8869565217391304,logistic
2025_09_JAX_LV,2025,9,2025-11-02,LV,JAX,-2.5,43.5,0.4572564612326044,0,0.4246896838896357,0.3956888073967872,0.4572564612326044,logistic
2025_09_ATL_NE,2025,9,2025-11-02,NE,ATL,5.5,45.5,0.6853932584269663,1,0.7093414630418406,0.7147449661085712,0.6853932584269663,logistic
2025_09_SF_NYG,2025,9,2025-11-02,NYG,SF,-2.5,47.5,0.42794036443953615,0,0.44604090653038836,0.4192228660613032,0.42794036443953615,logistic
2025_09_IND_PIT,2025,9,2025-11-02,PIT,IND,-3.5,51.5,0.3775334481388264,1,0.43911081227911397,0.41156682287999125,0.3775334481388264,logistic
2025_09_LAC_TEN,2025,9,2025-11-02,TEN,LAC,-10.0,44.5,0.16835016835016833,0,0.17486906283219716,0.13894661388294643,0.16835016835016833,logistic
2025_09_SEA_WAS,2025,9,2025-11-02,WAS,SEA,-2.5,47.5,0.42794036443953615,0,0.42832882181483367,0.39968848057181605,0.42794036443953615,logistic
2025_09_ARI_DAL,2025,9,2025-11-03,DAL,ARI,3.5,53.5,0.6092362344582594,0,0.620306056193608,0.6149361246383471,0.6092362344582594,logistic
2025_10_LV_DEN,2025,10,2025-11-06,DEN,LV,9.5,42.5,0.7999999999999999,1,0.7675217073764461,0.7786277839558834,0.7999999999999999,logistic
2025_10_NO_CAR,2025,10,2025-11-09,CAR,NO,5.5,38.5,0.6805555555555556,0,0.6808925459994339,0.6830451741127644,0.6805555555555556,logistic
2025_10_NYG_CHI,2025,10,2025-11-09,CHI,NYG,4.5,45.5,0.6574752261956054,1,0.7077250834702735,0.7129505880718683,0.6574752261956054,logistic
2025_10_JAX_HOU,2025,10,2025-11-09,HOU,JAX,-1.5,37.5,0.4891657638136511,1,0.4730246982587859,0.4491768470891092,0.4891657638136511,logistic
2025_10_ATL_IND,2025,10,2025-11-09,IND,ATL,6.5,48.5,0.725752508361204,1,0.6441266967117899,0.6417843213599399,0.725752508361204,logistic
2025_10_PIT_LAC,2025,10,2025-11-09,LAC,PIT,3.0,45.5,0.593369754159424,1,0.6204767186100737,0.6151286888480259,0.593369754159424,logistic
2025_10_BUF_MIA,2025,10,2025-11-09,MIA,BUF,-8.5,50.5,0.2132564841498559,1,0.21484300252809063,0.17693079511186016,0.2132564841498559,logistic
2025_10_BAL_MIN,2025,10,2025-11-09,MIN,BAL,-4.5,48.5,0.33099297893681046,0,0.3060878339626408,0.2686721812531287,0.33099297893681046,logistic
2025_10_CLE_NYJ,2025,10,2025-11-09,NYJ,CLE,-1.5,37.5,0.4572564612326044,1,0.48265366394659914,0.4599153335662557,0.4572564612326044,logistic
2025_10_ARI_SEA,2025,10,2025-11-09,SEA,ARI,7.0,44.5,0.740871613663133,1,0.7575059359297094,0.7677421075875016,0.740871613663133,logistic
2025_10_LA_SF,2025,10,2025-11-09,SF,LA,-5.5,49.5,0.30920711694593195,0,0.3170024589472832,0.2800420308614644,0.30920711694593195,logistic
2025_10_NE_TB,2025,10,2025-11-09,TB,NE,2.5,48.5,0.5720596355604638,0,0.6463428626069595,0.6442784722272774,0.5720596355604638,logistic
2025_10_DET_WAS,2025,10,2025-11-09,WAS,DET,-8.5,49.5,0.2132564841498559,0,0.20748210504916872,0.1698231264645182,0.2132564841498559,logistic
2025_10_PHI_GB,2025,10,2025-11-10,GB,PHI,1.5,45.5,0.5,0,0.5434592734595068,0.5281739051294324,0.5,logistic
2025_11_NYJ_NE,2025,11,2025-11-13,NE,NYJ,12.5,43.5,0.8677165354330709,1,0.8696328809742203,0.885651111204302,0.8677165354330709,logistic
2025_11_SF_ARI,2025,11,2025-11-16,ARI,SF,-3.5,48.5,0.3690596562184025,0,0.37721098649929125,0.34400090333418887,0.3690596562184025,logistic
2025_11_CAR_ATL,2025,11,2025-11-16,ATL,CAR,4.5,42.5,0.6574752261956054,0,0.6337850192237385,0.6301363496899306,0.6574752261956054,logistic
2025_11_TB_BUF,2025,11,2025-11-16,BUF,TB,6.0,46.5,0.7095435684647302,1,0.7376230056507506,0.7459843447975366,0.7095435684647302,logistic
2025_11_BAL_CLE,2025,11,2025-11-16,CLE,BAL,-7.5,37.5,0.21809369951534735,0,0.2675524357524695,0.229163081115025,0.21809369951534735,logistic
2025_11_KC_DEN,2025,11,2025-11-16,DEN,KC,-3.5,44.5,0.34252477380439467,1,0.3204650959780381,0.28366458015189877,0.34252477380439467,logistic
2025_11_LAC_JAX,2025,11,2025-11-16,JAX,LAC,-3.0,43.5,0.4170073589533933,1,0.3806304740286983,0.3476902086899479,0.4170073589533933,logistic
2025_11_SEA_LA,2025,11,2025-11-16,LA,SEA,3.0,49.5,0.6092362344582594,1,0.6516693192357321,0.6502699135415799,0.6092362344582594,logistic
2025_11_WAS_MIA,2025,11,2025-11-16,MIA,WAS,2.5,47.5,0.5720596355604638,1,0.5094411569589279,0.48990375525839036,0.5720596355604638,logistic
2025_11_CHI_MIN,2025,11,2025-11-16,MIN,CHI,3.0,47.5,0.5720596355604638,0,0.5579944411565503,0.544569180203135,0.5720596355604638,logistic
2025_11_GB_NYG,2025,11,2025-11-16,NYG,GB,-7.5,41.5,0.21809369951534735,0,0.2548976702252176,0.21642064592791063,0.21809369951534735,logistic
2025_11_DET_PHI,2025,11,2025-11-16,PHI,DET,2.5,46.5,0.5829926410466066,1,0.5966341146473808,0.5882085311612312,0.5829926410466066,logistic
2025_11_CIN_PIT,2025,11,2025-11-16,PIT,CIN,5.5,48.5,0.6853932584269663,1,0.6431949092055157,0.6407354372091215,0.6853932584269663,logistic
2025_11_HOU_TEN,2025,11,2025-11-16,TEN,HOU,-5.5,37.5,0.30423004792665137,0,0.3760355426680754,0.34273400167292634,0.30423004792665137,logistic
2025_11_DAL_LV,2025,11,2025-11-17,LV,DAL,-3.5,48.5,0.3630958183058778,0,0.2967667305573059,0.2590227864985799,0.3630958183058778,logistic
2025_12_BUF_HOU,2025,12,2025-11-20,HOU,BUF,-5.5,43.5,0.30920711694593195,1,0.31532790214897904,0.2782927853460751,0.30920711694593195,logistic
2025_12_JAX_ARI,2025,12,2025-11-23,ARI,JAX,-2.5,47.5,0.448558885283451,0,0.38542412880303384,0.3528713903716224,0.448558885283451,logistic
2025_12_NYJ_BAL,2025,12,2025-11-23,BAL,NYJ,14.0,44.5,0.8761776581426649,1,0.9166801773903939,0.9314148445712259,0.8761776581426649,logistic
2025_12_PIT_CHI,2025,12,2025-11-23,CHI,PIT,3.0,46.5,0.5829926410466066,1,0.6666465212557915,0.66708999347122,0.5829926410466066,logistic
2025_12_NE_CIN,2025,12,2025-11-23,CIN,NE,-7.5,50.5,0.23409789548356585,0,0.2788125646174378,0.2406008158292794,0.23409789548356585,logistic
2025_12_PHI_DAL,2025,12,2025-11-23,DAL,PHI,-3.0,47.5,0.4066302458405761,1,0.40518500231762233,0.3743391326877693,0.4066302458405761,logistic
2025_12_NYG_DET,2025,12,2025-11-23,DET,NYG,14.0,50.5,0.8761776581426649,1,0.8893734464714004,0.9052131227694634,0.8761776581426649,logistic
2025_12_MIN_GB,2025,12,2025-11-23,GB,MIN,6.5,41.5,0.7135512302607419,1,0.7256836832555318,0.7328344264215471,0.7135512302607419,logistic
2025_12_IND_KC,2025,12,2025-11-23,KC,IND,3.5,50.5,0.6574752261956054,1,0.6625920354036402,0.6625408864191257,0.6574752261956054,logistic
2025_12_TB_LA,2025,12,2025-11-23,LA,TB,7.0,49.5,0.7571884984025559,1,0.7522550312332853,0.7620144570520524,0.7571884984025559,logistic
2025_12_CLE_LV,2025,12,2025-11-23,LV,CLE,3.0,35.5,0.593369754159424,0,0.6394570624791203,0.6365266186924506,0.593369754159424,logistic
2025_12_ATL_NO,2025,12,2025-11-23,NO,ATL,1.5,41.5,0.5260865852617197,0,0.564211194821406,0.5515866438715269,0.5260865852617197,logistic
2025_12_SEA_TEN,2025,12,2025-11-23,TEN,SEA,-12.5,41.5,0.13228346456692913,0,0.17999361440149148,0.14372895646194228,0.13228346456692913,logistic
2025_12_CAR_SF,2025,12,2025-11-24,SF,CAR,7.5,48.5,0.7659021045164341,1,0.7361210240719949,0.7443333679806867,0.7659021045164341,logistic
2025_13_CIN_BAL,2025,13,2025-11-27,BAL,CIN,7.0,52.5,0.7571884984025559,0,0.7760690019422919,0.7878740220885834,0.7571884984025559,logistic
2025_13_KC_DAL,2025,13,2025-11-27,DAL,KC,-3.5,53.5,0.3775334481388264,1,0.3836998661347831,0.35100650078882056,0.3775334481388264,logistic
2025_13_GB_DET,2025,13,2025-11-27,DET,GB,2.5,48.5,0.5829926410466066,0,0.617163552532201,0.61138991099994,0.5829926410466066,logistic
2025_13_CHI_PHI,2025,13,2025-11-28,PHI,CHI,7.0,43.5,0.740871613663133,0,0.7658481235214669,0.7768125691518802,0.740871613663133,logistic
2025_13_LA_CAR,2025,13,2025-11-30,CAR,LA,-10.0,44.5,0.18274111675126903,1,0.22154658463034374,0.18344572931195113,0.18274111675126903,logistic
2025_13_SF_CLE,2025,13,2025-11-30,CLE,SF,-5.5,35.5,0.31460674157303364,0,0.37579339255697125,0.3424730932783778,0.31460674157303364,logistic
2025_13_HOU_IND,2025,13,2025-11-30,IND,HOU,3.0,44.5,0.6037569709421778,0,0.6276343340682513,0.6232025132977042,0.6037569709421778,logistic
2025_13_LV_LAC,2025,13,2025-11-30,LAC,LV,10.0,40.5,0.8223350253807106,1,0.8290370869911694,0.8441139591161478,0.8223350253807106,logistic
2025_13_NO_MIA,2025,13,2025-11-30,MIA,NO,5.5,41.5,0.6853932584269663,1,0.7528870958510608,0.7627046348173124,0.6853932584269663,logistic
2025_13_ATL_NYJ,2025,13,2025-11-30,NYJ,ATL,-3.0,38.5,0.4003612281757977,1,0.40996314190168603,0.37955515613994617,0.4003612281757977,logistic
2025_13_BUF_PIT,2025,13,2025-11-30,PIT,BUF,-3.0,44.5,0.4003612281757977,0,0.36863126132974355,0.3347690888316,0.4003612281757977,logistic
2025_13_MIN_SEA,2025,13,2025-11-30,SEA,MIN,12.5,42.5,0.863013698630137,1,0.8736216281141748,0.8896410680013713,0.863013698630137,logistic
2025_13_ARI_TB,2025,13,2025-11-30,TB,ARI,4.5,44.5,0.6369041816941223,1,0.6699841365732212,0.670832184607079,0.6369041816941223,logistic
2025_13_JAX_TEN,2025,13,2025-11-30,TEN,JAX,-6.0,42.5,0.299837925445705,0,0.30245090911550643,0.26490041538172376,0.299837925445705,logistic
2025_13_DEN_WAS,2025,13,2025-11-30,WAS,DEN,-6.5,43.5,0.27424749163879597,0,0.3055911115748943,0.2681565389969085,0.27424749163879597,logistic
2025_13_NYG_NE,2025,13,2025-12-01,NE,NYG,7.0,46.5,0.7571884984025559,1,0.8026975156348548,0.8163943048910858,0.7571884984025559,logistic
2025_14_DAL_DET,2025,14,2025-12-04,DET,DAL,3.5,55.5,0.6309403437815976,1,0.6229653164340204,0.6179363747167883,0.6309403437815976,logistic
2025_14_LA_ARI,2025,14,2025-12-07,ARI,LA,-9.5,49.5,0.19999999999999998,0,0.18097291424940054,0.1446459028322617,0.19999999999999998,logistic
2025_14_SEA_ATL,2025,14,2025-12-07,ATL,SEA,-7.0,44.5,0.2522172949002217,0,0.2961904541001802,0.2584280895208577,0.2522172949002217,logistic
2025_14_PIT_BAL,2025,14,2025-12-07,BAL,PIT,5.5,43.5,0.7001620745542949,0,0.7399401108071837,0.748529368496377,0.7001620745542949,logistic
2025_14_CIN_BUF,2025,14,2025-12-07,BUF,CIN,6.0,54.5,0.7095435684647302,1,0.696892810874802,0.7009034695797567,0.7095435684647302,logistic
2025_14_TEN_CLE,2025,14,2025-12-07,CLE,TEN,4.5,33.5,0.644729178800233,0,0.7328026479749592,0.7406823792829899,0.644729178800233,logistic
2025_14_CHI_GB,2025,14,2025-12-07,GB,CHI,6.5,44.5,0.7220792588780237,1,0.7237047424526875,0.7306492302850033,0.7220792588780237,logistic
2025_14_IND_JAX,2025,14,2025-12-07,JAX,IND,-2.5,44.5,0.448558885283451,1,0.4534795788629839,0.4274582986799444,0.448558885283451,logistic
2025_14_HOU_KC,2025,14,2025-12-07,KC,HOU,4.5,41.5,0.6574752261956054,0,0.7181581084394588,0.7245164740492755,0.6574752261956054,logistic
2025_14_DEN_LV,2025,14,2025-12-07,LV,DEN,-8.5,40.5,0.20863836017569545,0,0.2576995354653746,0.21923145555941598,0.20863836017569545,logistic
2025_14_WAS_MIN,2025,14,2025-12-07,MIN,WAS,-1.5,43.5,0.4891657638136511,1,0.44115519730373176,0.4138236796270421,0.4891657638136511,logistic
2025_14_MIA_NYJ,2025,14,2025-12-07,NYJ,MIA,-2.5,41.5,0.42794036443953615,0,0.3993919242292263,0.3680279894707386,0.42794036443953615,logistic
2025_14_NO_TB,2025,14,2025-12-07,TB,NO,7.5,41.5,0.7768331562167907,0,0.7498162098513048,0.7593495796362285,0.7768331562167907,logistic
2025_14_PHI_LAC,2025,14,2025-12-08,LAC,PHI,-1.5,41.5,0.4782608695652174,1,0.4817386970391188,0.45889392062975853,0.4782608695652174,logistic
2025_15_ATL_TB,2025,15,2025-12-11,TB,ATL,6.0,43.5,0.705033164260632,0,0.6929789689799956,0.6965417791611243,0.705033164260632,logistic
2025_15_CLE_CHI,2025,15,2025-12-14,CHI,CLE,7.5,38.5,0.7571884984025559,1,0.7738225503284399,0.7854478983110296,0.7571884984025559,logistic
2025_15_BAL_CIN,2025,15,2025-12-14,CIN,BAL,-2.5,51.5,0.4066302458405761,0,0.33810298245810166,0.30222820765364605,0.4066302458405761,logistic
2025_15_MIN_DAL,2025,15,2025-12-14,DAL,MIN,5.5,47.5,0.6957699520733487,0,0.684114736792051,0.6866471411609336,0.6957699520733487,logistic
2025_15_GB_DEN,2025,15,2025-12-14,DEN,GB,-1.5,42.5,0.4739134147382802,1,0.5381556876821696,0.5221968795918813,0.4739134147382802,logistic
2025_15_ARI_HOU,2025,15,2025-12-14,HOU,ARI,10.5,42.5,0.827123695976155,1,0.8261882423226677,0.8411421966197817,0.827123695976155,logistic
2025_15_NYJ_JAX,2025,15,2025-12-14,JAX,NYJ,13.5,40.5,0.8761776581426649,1,0.9148122519516123,0.9296585555269783,0.8761776581426649,logistic
2025_15_LAC_KC,2025,15,2025-12-14,KC,LAC,5.5,41.5,0.690792883054068,0,0.6575446241078277,0.6568731709033193,0.690792883054068,logistic
2025_15_DET_LA,2025,15,2025-12-14,LA,DET,5.5,54.5,0.6805555555555556,1,0.6700310150562329,0.6708847283243394,0.6805555555555556,logistic
2025_15_BUF_NE,2025,15,2025-12-14,NE,BUF,-2.5,49.5,0.43650793650793646,0,0.46448150813701067,0.4396700423924575,0.43650793650793646,logistic
2025_15_CAR_NO,2025,15,2025-12-14,NO,CAR,-2.5,41.5,0.42794036443953615,1,0.4057707125847742,0.37497801055202906,0.42794036443953615,logistic
2025_15_WAS_NYG,2025,15,2025-12-14,NYG,WAS,2.5,46.5,0.5720596355604638,0,0.6063492301833521,0.5991811399982865,0.5720596355604638,logistic
2025_15_LV_PHI,2025,15,2025-12-14,PHI,LV,12.5,37.5,0.8720930232558138,1,0.8659423293283152,0.8819435899675803,0.8720930232558138,logistic
2025_15_IND_SEA,2025,15,2025-12-14,SEA,IND,13.5,41.5,0.8720930232558138,1,0.8913472671341569,0.9071424559991564,0.8720930232558138,logistic
2025_15_TEN_SF,2025,15,2025-12-14,SF,TEN,12.5,44.5,0.863013698630137,1,0.8930931173251212,0.9088446657311718,0.863013698630137,logistic
2025_15_MIA_PIT,2025,15,2025-12-15,PIT,MIA,3.0,42.5,0.6092362344582594,1,0.6139535182472524,0.6077667270043073,0.6092362344582594,logistic
2025_16_LA_SEA,2025,16,2025-12-18,SEA,LA,1.5,42.5,0.5260865852617197,1,0.5846470212123196,0.5746672243522681,0.5260865852617197,logistic
2025_16_GB_CHI,2025,16,2025-12-20,CHI,GB,1.5,45.5,0.5173641257162701,1,0.6226972750589265,0.6176339912150303,0.5173641257162701,logistic
2025_16_PHI_WAS,2025,16,2025-12-20,WAS,PHI,-7.0,43.5,0.24000000000000005,0,0.2879713776719973,0.24997060168887017,0.24000000000000005,logistic
2025_16_ATL_ARI,2025,16,2025-12-21,ARI,ATL,-2.5,48.5,0.42794036443953615,0,0.3711066516046474,0.3374289092823801,0.42794036443953615,logistic
2025_16_NE_BAL,2025,16,2025-12-21,BAL,NE,3.5,48.5,0.6224665518611737,0,0.7355719177941376,0.7437295473244907,0.6224665518611737,logistic
2025_16_TB_CAR,2025,16,2025-12-21,CAR,TB,-3.0,44.5,0.4170073589533933,1,0.38765303729210376,0.35528411637334495,0.4170073589533933,logistic
2025_16_BUF_CLE,2025,16,2025-12-21,CLE,BUF,-10.5,41.5,0.18274111675126903,0,0.2357651003217992,0.19739216005165455,0.18274111675126903,logistic
2025_16_LAC_DAL,2025,16,2025-12-21,DAL,LAC,1.5,50.5,0.5260865852617197,0,0.5539154745090652,0.5399663439940002,0.5260865852617197,logistic
2025_16_JAX_DEN,2025,16,2025-12-21,DEN,JAX,3.5,46.5,0.6092362344582594,0,0.631169791972396,0.6271886466839948,0.6092362344582594,logistic
2025_16_PIT_DET,2025,16,2025-12-21,DET,PIT,7.5,52.5,0.7768331562167907,0,0.7581505572531072,0.7684442982639718,0.7768331562167907,logistic
2025_16_LV_HOU,2025,16,2025-12-21,HOU,LV,14.5,39.5,0.9039548022598869,1,0.8902964394464783,0.9061159486829728,0.9039548022598869,logistic
2025_16_CIN_MIA,2025,16,2025-12-21,MIA,CIN,-3.5,48.5,0.35527082119976705,0,0.4265186354839963,0.39769834124735004,0.35527082119976705,logistic
2025_16_NYJ_NO,2025,16,2025-12-21,NO,NYJ,6.5,39.5,0.7179705215419501,1,0.7870133974283938,0.7996507140480017,0.7179705215419501,logistic
2025_16_MIN_NYG,2025,16,2025-12-21,NYG,MIN,-2.5,41.5,0.42794036443953615,0,0.4498783179015485,0.42346909205028566,0.42794036443953615,logistic
2025_16_KC_TEN,2025,16,2025-12-21,TEN,KC,-3.5,37.5,0.3775334481388264,1,0.4362391101348586,0.40839909735341223,0.3775334481388264,logistic
2025_16_SF_IND,2025,16,2025-12-22,IND,SF,-4.5,46.5,0.33635187580853815,0,0.31028184625218724,0.27303223137749144,0.33635187580853815,logistic
2025_17_DEN_KC,2025,17,2025-12-25,KC,DEN,-13.5,37.5,0.12000000000000002,0,0.15549154905063606,0.12111313379568805,0.12000000000000002,logistic
2025_17_DET_MIN,2025,17,2025-12-25,MIN,DET,-7.0,45.5,0.2491874322860238,1,0.23451730824282854,0.19616143983524262,0.2491874322860238,logistic
2025_17_DAL_WAS,2025,17,2025-12-25,WAS,DAL,-8.5,50.5,0.19999999999999998,0,0.203425266359335,0.16592692316448754,0.19999999999999998,logistic
2025_17_BAL_GB,2025,17,2025-12-27,GB,BAL,2.5,38.5,0.5634920634920635,0,0.5662447380949055,0.5538826196228495,0.5634920634920635,logistic
2025_17_HOU_LAC,2025,17,2025-12-27,LAC,HOU,1.5,40.5,0.5173641257162701,0,0.6388941693333859,0.6358926342031385,0.5173641257162701,logistic
2025_17_PHI_BUF,2025,17,2025-12-28,BUF,PHI,3.0,45.5,0.6037569709421778,0,0.6529380683775807,0.6516963723277295,0.6037569709421778,logistic
2025_17_SEA_CAR,2025,17,2025-12-28,CAR,SEA,-6.5,42.5,0.27792074112197634,0,0.29831536280250043,0.26062201306925936,0.27792074112197634,logistic
2025_17_ARI_CIN,2025,17,2025-12-28,CIN,ARI,7.0,52.5,0.7440690150970525,1,0.7676625489624044,0.7787804746864548,0.7440690150970525,logistic
2025_17_PIT_CLE,2025,17,2025-12-28,CLE,PIT,-4.5,35.5,0.35527082119976705,1,0.42320293544296517,0.3940561891067322,0.35527082119976705,logistic
2025_17_JAX_IND,2025,17,2025-12-28,IND,JAX,-3.5,48.5,0.33635187580853815,0,0.32470356996312827,0.28810871687632117,0.33635187580853815,logistic
2025_17_NYG_LV,2025,17,2025-12-28,LV,NYG,-3.0,40.5,0.4066302458405761,0,0.41149632942984804,0.3812308343618721,0.4066302458405761,logistic
2025_17_TB_MIA,2025,17,2025-12-28,MIA,TB,-5.5,44.5,0.31460674157303364,1,0.3801643155287303,0.3471869403813796,0.31460674157303364,logistic
2025_17_NE_NYJ,2025,17,2025-12-28,NYJ,NE,-12.5,42.5,0.13228346456692913,0,0.16530855024800714,0.1300974901250331,0.13228346456692913,logistic
2025_17_CHI_SF,2025,17,2025-12-28,SF,CHI,3.5,51.5,0.644729178800233,1,0.7230466805387836,0.7299222434631787,0.644729178800233,logistic
2025_17_NO_TEN,2025,17,2025-12-28,TEN,NO,-1.5,39.5,0.4782608695652174,0,0.5078474088202486,0.48811538735628157,0.4782608695652174,logistic
2025_17_LA_ATL,2025,17,2025-12-29,ATL,LA,-7.5,48.5,0.24000000000000005,1,0.24963356404122133,0.2111561742944526,0.24000000000000005,logistic
2025_18_SEA_SF,2025,18,2026-01-03,SF,SEA,-2.5,47.5,0.42794036443953615,0,0.5004196243931622,0.4797870840221849,0.42794036443953615,logistic
2025_18_CAR_TB,2025,18,2026-01-03,TB,CAR,3.0,43.5,0.5829926410466066,1,0.6799328761928096,0.6819718835184958,0.5829926410466066,logistic
2025_18_NO_ATL,2025,18,2026-01-04,ATL,NO,4.5,43.5,0.644729178800233,1,0.6463389223158825,0.6442740383452465,0.644729178800233,logistic
2025_18_NYJ_BUF,2025,18,2026-01-04,BUF,NYJ,12.5,39.5,0.8524590163934427,1,0.8624124591634317,0.8783836205786099,0.8524590163934427,logistic
2025_18_DET_CHI,2025,18,2026-01-04,CHI,DET,3.5,51.5,0.6164383561643836,0,0.6175266561601883,0.6117997010835623,0.6164383561643836,logistic
2025_18_CLE_CIN,2025,18,2026-01-04,CIN,CLE,9.5,47.5,0.7867435158501441,0,0.8351692064168367,0.8504873375547872,0.7867435158501441,logistic
2025_18_LAC_DEN,2025,18,2026-01-04,DEN,LAC,14.5,37.5,0.9039548022598869,1,0.8808092514620266,0.8967842453049928,0.9039548022598869,logistic
2025_18_IND_HOU,2025,18,2026-01-04,HOU,IND,9.5,37.5,0.8081570996978852,1,0.8161682403434942,0.8306375574293469,0.8081570996978852,logistic
2025_18_TEN_JAX,2025,18,2026-01-04,JAX,TEN,12.5,46.5,0.8465011286681716,1,0.8820277963484956,0.8979891205267626,0.8465011286681716,logistic
2025_18_ARI_LA,2025,18,2026-01-04,LA,ARI,14.5,49.5,0.8933823529411765,1,0.8804336276537419,0.8964124703596313,0.8933823529411765,logistic
2025_18_KC_LV,2025,18,2026-01-04,LV,KC,-3.5,36.5,0.33635187580853815,1,0.31773807662438863,0.28081100585083774,0.33635187580853815,logistic
2025_18_GB_MIN,2025,18,2026-01-04,MIN,GB,12.5,37.5,0.8316498316498315,1,0.8477037730894703,0.8634109731673827,0.8316498316498315,logistic
2025_18_MIA_NE,2025,18,2026-01-04,NE,MIA,14.0,44.5,0.8720930232558138,1,0.8626891411463802,0.8786631434083917,0.8720930232558138,logistic
2025_18_DAL_NYG,2025,18,2026-01-04,NYG,DAL,-3.0,50.5,0.4003612281757977,1,0.3524982971888234,0.31751055678076406,0.4003612281757977,logistic
2025_18_WAS_PHI,2025,18,2026-01-04,PHI,WAS,3.0,38.5,0.6164383561643836,0,0.6234976153712045,0.6185368538380623,0.6164383561643836,logistic
2025_18_BAL_PIT,2025,18,2026-01-04,PIT,BAL,-4.5,41.5,0.33635187580853815,1,0.37148904720134035,0.33784006594532234,0.33635187580853815,logistic
2025_19_LA_CAR,2025,19,2026-01-10,CAR,LA,-10.0,44.5,0.18813314037626627,0,0.17900335952327281,0.14280273997801238,0.18813314037626627,logistic
2025_19_GB_CHI,2025,19,2026-01-10,CHI,GB,-2.5,45.5,0.448558885283451,1,0.46138871749491067,0.4362335101872024,0.448558885283451,logistic
2025_19_BUF_JAX,2025,19,2026-01-11,JAX,BUF,1.5,51.5,0.5260865852617197,0,0.5935745857733901,0.5847524427978066,0.5260865852617197,logistic
2025_19_LAC_NE,2025,19,2026-01-11,NE,LAC,3.5,45.5,0.6369041816941223,1,0.6627530083542809,0.6627215606984121,0.6369041816941223,logistic
2025_19_SF_PHI,2025,19,2026-01-11,PHI,SF,6.0,44.5,0.6957699520733487,0,0.6517349111293194,0.6503436654083298,0.6957699520733487,logistic
2025_19_HOU_PIT,2025,19,2026-01-12,PIT,HOU,-3.0,38.5,0.4170073589533933,0,0.4305037059352621,0.4020811641023502,0.4170073589533933,logistic
2025_20_BUF_DEN,2025,20,2026-01-17,DEN,BUF,1.5,45.5,0.5217391304347826,1,0.6103925476793887,0.6037466395348267,0.5217391304347826,logistic
2025_20_SF_SEA,2025,20,2026-01-17,SEA,SF,6.5,44.5,0.7220792588780237,1,0.7389924163600995,0.7474887416847765,0.7220792588780237,logistic
2025_20_LA_CHI,2025,20,2026-01-18,CHI,LA,-3.5,49.5,0.35527082119976705,0,0.3486858681974935,0.31345213578437714,0.35527082119976705,logistic
2025_20_HOU_NE,2025,20,2026-01-18,NE,HOU,3.0,40.5,0.6164383561643836,1,0.6528726847072531,0.6516228679637156,0.6164383561643836,logistic
2025_21_NE_DEN,2025,21,2026-01-25,DEN,NE,-3.5,43.5,0.35527082119976705,0,0.3540638496541687,0.31917938423480113,0.35527082119976705,logistic
2025_21_LA_SEA,2025,21,2026-01-25,SEA,LA,2.5,45.5,0.5634920634920635,1,0.5658391257538312,0.5534246440984277,0.5634920634920635,logistic
2025_22_SEA_NE,2025,22,2026-02-08,NE,SEA,-4.5,45.5,0.3249687530045188,0,0.35157509627383304,0.3165270691369052,0.3249687530045188,logistic
