game_id,season,week,gameday,home_team,away_team,spread_line,total_line,market_home_prob,y,prob_raw,prob,market_prob,model
2015_01_PIT_NE,2015,1,2015-09-10,NE,PIT,7.5,51.0,0.7590361445783131,1,0.7406836126309668,0.7519265930801307,0.7590361445783131,rf
2015_01_NO_ARI,2015,1,2015-09-13,ARI,NO,2.0,48.5,0.5520062329567589,1,0.45046702149483053,0.44001752063993205,0.5520062329567589,rf
2015_01_IND_BUF,2015,1,2015-09-13,BUF,IND,-1.0,44.5,0.49070156678599663,1,0.5088050461583484,0.5029951588745705,0.49070156678599663,rf
2015_01_GB_CHI,2015,1,2015-09-13,CHI,GB,-5.5,48.5,0.303030303030303,0,0.30548832928344144,0.2861168633655419,0.303030303030303,rf
2015_01_NYG_DAL,2015,1,2015-09-13,DAL,NYG,7.0,52.0,0.7333014887349733,1,0.7366941403209497,0.747733776820309,0.7333014887349733,rf
2015_01_BAL_DEN,2015,1,2015-09-13,DEN,BAL,4.5,46.5,0.6712553934662009,1,0.6305444542029209,0.6345969823121249,0.6712553934662009,rf
2015_01_KC_HOU,2015,1,2015-09-13,HOU,KC,-1.0,41.0,0.5,0,0.5641140535657659,0.5628585810880095,0.5,rf
2015_01_CAR_JAX,2015,1,2015-09-13,JAX,CAR,-3.0,41.0,0.4224502112251056,0,0.48543580244712353,0.4777314209056557,0.4224502112251056,rf
2015_01_CLE_NYJ,2015,1,2015-09-13,NYJ,CLE,3.5,39.0,0.6332518337408314,1,0.6269631184682889,0.6307408715247749,0.6332518337408314,rf
2015_01_CIN_OAK,2015,1,2015-09-13,OAK,CIN,-3.0,43.0,0.413907284768212,0,0.3872739592443638,0.37232059271252554,0.413907284768212,rf
2015_01_DET_SD,2015,1,2015-09-13,SD,DET,3.5,45.5,0.6274614156466205,1,0.6295832720608551,0.6335622258764018,0.6274614156466205,rf
2015_01_SEA_STL,2015,1,2015-09-13,STL,SEA,-3.5,41.5,0.37665039500700276,1,0.4451108300813233,0.43425370373397687,0.37665039500700276,rf
2015_01_TEN_TB,2015,1,2015-09-13,TB,TEN,3.0,40.5,0.5933014354066986,0,0.4960437607183526,0.4891948900666188,0.5933014354066986,rf
2015_01_MIA_WAS,2015,1,2015-09-13,WAS,MIA,-4.0,45.5,0.34727812147834686,0,0.34576534016748106,0.3283250090150599,0.34727812147834686,rf
2015_01_PHI_ATL,2015,1,2015-09-14,ATL,PHI,-3.5,55.0,0.37665039500700276,1,0.44476378436013964,0.4338803839263215,0.37665039500700276,rf
2015_01_MIN_SF,2015,1,2015-09-14,SF,MIN,-2.5,42.5,0.4066985645933015,1,0.4004665205965486,0.3863909972351347,0.4066985645933015,rf
2015_02_DEN_KC,2015,2,2015-09-17,KC,DEN,3.0,42.0,0.6033428208078484,0,0.6116339208304781,0.6142172206008856,0.6033428208078484,rf
2015_02_NE_BUF,2015,2,2015-09-20,BUF,NE,2.0,45.0,0.5399277029247453,0,0.6263748591315164,0.6301073134880741,0.5399277029247453,rf
2015_02_HOU_CAR,2015,2,2015-09-20,CAR,HOU,3.0,41.0,0.5740354444580784,1,0.5755224899096706,0.5752018406185597,0.5740354444580784,rf
2015_02_ARI_CHI,2015,2,2015-09-20,CHI,ARI,-2.0,45.5,0.46943325045014145,0,0.48573760797680926,0.4780574466672327,0.46943325045014145,rf
2015_02_SD_CIN,2015,2,2015-09-20,CIN,SD,3.5,47.5,0.6186511705872493,1,0.6597132519550303,0.6659306042517431,0.6186511705872493,rf
2015_02_TEN_CLE,2015,2,2015-09-20,CLE,TEN,1.0,41.0,0.5172913928296243,1,0.44006483573944716,0.42882739364066025,0.5172913928296243,rf
2015_02_SEA_GB,2015,2,2015-09-20,GB,SEA,3.5,49.0,0.6332518337408314,1,0.6520120008317656,0.6576716121656287,0.6332518337408314,rf
2015_02_MIA_JAX,2015,2,2015-09-20,JAX,MIA,-5.0,42.5,0.3199224430441105,1,0.32102607349407974,0.30233635039456835,0.3199224430441105,rf
2015_02_DET_MIN,2015,2,2015-09-20,MIN,DET,2.5,44.0,0.5740354444580784,1,0.568076828176004,0.5671466878488955,0.5740354444580784,rf
2015_02_TB_NO,2015,2,2015-09-20,NO,TB,9.5,47.0,0.7849371679176859,0,0.7165688719454062,0.7265033935782466,0.7849371679176859,rf
2015_02_ATL_NYG,2015,2,2015-09-20,NYG,ATL,2.0,49.5,0.537852568752202,0,0.5793023509056019,0.579290064399322,0.537852568752202,rf
2015_02_BAL_OAK,2015,2,2015-09-20,OAK,BAL,-6.0,42.0,0.299482251023654,1,0.3743359467526369,0.35856013222778643,0.299482251023654,rf
2015_02_DAL_PHI,2015,2,2015-09-20,PHI,DAL,7.0,53.0,0.722662440570523,0,0.6465164825751015,0.6517717030835725,0.722662440570523,rf
2015_02_SF_PIT,2015,2,2015-09-20,PIT,SF,6.0,46.0,0.6949182345700721,1,0.6617719124801075,0.6681364973139148,0.6949182345700721,rf
2015_02_STL_WAS,2015,2,2015-09-20,WAS,STL,-3.0,41.0,0.37665039500700276,1,0.38490919103556726,0.3698025566035409,0.37665039500700276,rf
2015_02_NYJ_IND,2015,2,2015-09-21,IND,NYJ,6.0,45.5,0.6891002194586686,0,0.7050382108595828,0.7142844787616255,0.6891002194586686,rf
2015_03_WAS_NYG,2015,3,2015-09-24,NYG,WAS,3.0,45.0,0.6108836002739845,1,0.5546494862491491,0.552615014821674,0.6108836002739845,rf
2015_03_SF_ARI,2015,3,2015-09-27,ARI,SF,7.0,45.0,0.7326042743306772,1,0.7220901591434311,0.7323405088115089,0.7326042743306772,rf
2015_03_CIN_BAL,2015,3,2015-09-27,BAL,CIN,2.5,45.5,0.5660893345487694,0,0.6166372223121536,0.6196134522546887,0.5660893345487694,rf
2015_03_NO_CAR,2015,3,2015-09-27,CAR,NO,10.0,43.0,0.7810858143607706,1,0.8531868979127823,0.8672746004932104,0.7810858143607706,rf
2015_03_OAK_CLE,2015,3,2015-09-27,CLE,OAK,3.5,43.5,0.6233496049929973,0,0.5932946821278465,0.594416127488134,0.6233496049929973,rf
2015_03_ATL_DAL,2015,3,2015-09-27,DAL,ATL,1.0,43.5,0.521797153024911,0,0.4904545187278582,0.4831538386423219,0.521797153024911,rf
2015_03_DEN_DET,2015,3,2015-09-27,DET,DEN,-3.0,45.0,0.43391066545123064,0,0.4151408209633869,0.40208402654239594,0.43391066545123064,rf
2015_03_TB_HOU,2015,3,2015-09-27,HOU,TB,6.0,41.0,0.6996383748138693,1,0.6374326021647752,0.642008547189118,0.6996383748138693,rf
2015_03_BUF_MIA,2015,3,2015-09-27,MIA,BUF,1.0,43.5,0.5046466242274987,0,0.46201518483121373,0.45245726496570016,0.5046466242274987,rf
2015_03_SD_MIN,2015,3,2015-09-27,MIN,SD,2.5,45.5,0.537852568752202,1,0.5447576858276217,0.5419071813850731,0.537852568752202,rf
2015_03_JAX_NE,2015,3,2015-09-27,NE,JAX,14.5,48.5,0.9064921186214268,1,0.9169659130471729,0.9289965289596539,0.9064921186214268,rf
2015_03_PHI_NYJ,2015,3,2015-09-27,NYJ,PHI,3.0,47.0,0.6033428208078484,0,0.6292504461735113,0.6332038940017986,0.6033428208078484,rf
2015_03_CHI_SEA,2015,3,2015-09-27,SEA,CHI,16.5,43.5,0.9064921186214268,1,0.8396316365166023,0.8537405851271627,0.9064921186214268,rf
2015_03_PIT_STL,2015,3,2015-09-27,STL,PIT,1.5,48.5,0.537852568752202,0,0.5232537853820457,0.5186295766492633,0.537852568752202,rf
2015_03_IND_TEN,2015,3,2015-09-27,TEN,IND,-3.0,46.5,0.3813488294127508,0,0.4716329030437722,0.4628294762782621,0.3813488294127508,rf
2015_03_KC_GB,2015,3,2015-09-28,GB,KC,4.5,47.0,0.6757296083811425,1,0.6356709333130073,0.6401136693359379,0.6757296083811425,rf
2015_04_BAL_PIT,2015,4,2015-10-01,PIT,BAL,-3.0,44.0,0.4224502112251056,0,0.4594268566285002,0.4496676731192934,0.4224502112251056,rf
2015_04_STL_ARI,2015,4,2015-10-04,ARI,STL,7.0,43.5,0.722662440570523,0,0.7884717900052791,0.8016780388371467,0.722662440570523,rf
2015_04_HOU_ATL,2015,4,2015-10-04,ATL,HOU,4.0,47.5,0.6527218785216531,1,0.624183474382364,0.6277467828425553,0.6527218785216531,rf
2015_04_NYG_BUF,2015,4,2015-10-04,BUF,NYG,6.0,46.5,0.690978748012144,0,0.6855867843501924,0.6935914168068087,0.690978748012144,rf
2015_04_OAK_CHI,2015,4,2015-10-04,CHI,OAK,-3.0,44.5,0.37665039500700276,1,0.40715810522583334,0.3935418721591148,0.37665039500700276,rf
2015_04_KC_CIN,2015,4,2015-10-04,CIN,KC,3.5,45.0,0.6233496049929973,1,0.6215552394828174,0.6249148717637301,0.6233496049929973,rf
2015_04_MIN_DEN,2015,4,2015-10-04,DEN,MIN,7.0,43.5,0.7234124879978217,1,0.7099809100185864,0.7195268187515808,0.7234124879978217,rf
2015_04_JAX_IND,2015,4,2015-10-04,IND,JAX,4.0,43.0,0.6499689771835965,1,0.6839964843507269,0.6918954797769978,0.6499689771835965,rf
2015_04_NYJ_MIA,2015,4,2015-10-04,MIA,NYJ,-2.5,42.0,0.44139283962726833,0,0.3921988078787249,0.3775686981825793,0.44139283962726833,rf
2015_04_DAL_NO,2015,4,2015-10-04,NO,DAL,3.0,48.0,0.5740354444580784,1,0.5451924694502185,0.542377853570479,0.5740354444580784,rf
2015_04_CLE_SD,2015,4,2015-10-04,SD,CLE,4.5,44.5,0.6800775569558896,1,0.6247724946675267,0.6283813289707262,0.6800775569558896,rf
2015_04_GB_SF,2015,4,2015-10-04,SF,GB,-7.5,48.0,0.2562225475841874,0,0.2331238905997634,0.2118390523916268,0.2562225475841874,rf
2015_04_CAR_TB,2015,4,2015-10-04,TB,CAR,-3.0,40.0,0.4224502112251056,0,0.36440710306106383,0.348028058110658,0.4224502112251056,rf
2015_04_PHI_WAS,2015,4,2015-10-04,WAS,PHI,-3.0,46.0,0.4155887507302011,1,0.43404964844535737,0.4223638035246432,0.4155887507302011,rf
2015_04_DET_SEA,2015,4,2015-10-05,SEA,DET,10.0,43.0,0.8047945205479452,1,0.8218916802263262,0.8358522972377574,0.8047945205479452,rf
2015_05_IND_HOU,2015,5,2015-10-08,HOU,IND,4.5,40.5,0.6600024206947392,0,0.6178752222890613,0.6209482370452256,0.6600024206947392,rf
2015_05_WAS_ATL,2015,5,2015-10-11,ATL,WAS,7.5,48.5,0.7464578672632363,1,0.8115308378697634,0.8253201748877129,0.7464578672632363,rf
2015_05_CLE_BAL,2015,5,2015-10-11,BAL,CLE,6.0,43.0,0.7013921016108003,0,0.6757461659920537,0.6830878657394943,0.7013921016108003,rf
2015_05_SEA_CIN,2015,5,2015-10-11,CIN,SEA,3.0,44.5,0.5775497887748944,1,0.5751967831703376,0.5748495270180657,0.5775497887748944,rf
2015_05_NE_DAL,2015,5,2015-10-11,DAL,NE,-8.0,51.0,0.24096385542168672,0,0.2435597577037617,0.2224064115372728,0.24096385542168672,rf
2015_05_ARI_DET,2015,5,2015-10-11,DET,ARI,-4.5,46.0,0.34727812147834686,0,0.3142891055958247,0.2952935031168588,0.34727812147834686,rf
2015_05_STL_GB,2015,5,2015-10-11,GB,STL,8.5,45.0,0.768632470217584,1,0.860637339285894,0.8746594154239505,0.768632470217584,rf
2015_05_CHI_KC,2015,5,2015-10-11,KC,CHI,10.0,44.0,0.7882908557935022,0,0.7259320188470197,0.7363966257536143,0.7882908557935022,rf
2015_05_SF_NYG,2015,5,2015-10-11,NYG,SF,7.5,43.5,0.7590361445783131,1,0.7339089797267365,0.7448034538879622,0.7590361445783131,rf
2015_05_DEN_OAK,2015,5,2015-10-11,OAK,DEN,-5.0,44.5,0.3242703916188576,0,0.29584734298653353,0.2760962810617573,0.3242703916188576,rf
2015_05_NO_PHI,2015,5,2015-10-11,PHI,NO,6.5,49.5,0.7171050163208644,1,0.6684312543132572,0.6752664524623311,0.7171050163208644,rf
2015_05_JAX_TB,2015,5,2015-10-11,TB,JAX,1.0,41.0,0.521797153024911,1,0.5138871778240361,0.508493416088606,0.521797153024911,rf
2015_05_BUF_TEN,2015,5,2015-10-11,TEN,BUF,1.0,43.0,0.5116279069767442,0,0.5554278801262804,0.5534575599756709,0.5116279069767442,rf
2015_05_PIT_SD,2015,5,2015-10-12,SD,PIT,4.0,45.5,0.658869395711501,0,0.6395888193098574,0.644327171569397,0.658869395711501,rf
2015_06_ATL_NO,2015,6,2015-10-15,NO,ATL,-3.0,52.0,0.4172836182527931,1,0.3112979817647274,0.2921715711467243,0.4172836182527931,rf
2015_06_CIN_BUF,2015,6,2015-10-18,BUF,CIN,-3.0,42.5,0.4050889296790936,0,0.4436329420763842,0.43266404676414694,0.4050889296790936,rf
2015_06_DEN_CLE,2015,6,2015-10-18,CLE,DEN,-3.5,41.5,0.39360687022900764,0,0.3901486968373439,0.37538336310164144,0.39360687022900764,rf
2015_06_CHI_DET,2015,6,2015-10-18,DET,CHI,3.5,45.0,0.6527218785216531,1,0.6092894013723363,0.6116876338189277,0.6527218785216531,rf
2015_06_SD_GB,2015,6,2015-10-18,GB,SD,10.5,50.0,0.8188617506135327,1,0.9034481780183724,0.9162304620036551,0.8188617506135327,rf
2015_06_NE_IND,2015,6,2015-10-18,IND,NE,-8.0,53.5,0.24835146013530876,0,0.2274012165550448,0.20606749232491725,0.24835146013530876,rf
2015_06_HOU_JAX,2015,6,2015-10-18,JAX,HOU,2.5,43.5,0.5933014354066986,0,0.5299825104156608,0.5259126579853586,0.5933014354066986,rf
2015_06_KC_MIN,2015,6,2015-10-18,MIN,KC,3.5,43.0,0.6033428208078484,1,0.6271291645017225,0.6309196955663708,0.6033428208078484,rf
2015_06_WAS_NYJ,2015,6,2015-10-18,NYJ,WAS,7.5,39.5,0.7590361445783131,1,0.8024201030300131,0.8160110498078831,0.7590361445783131,rf
2015_06_ARI_PIT,2015,6,2015-10-18,PIT,ARI,-5.5,45.0,0.3199224430441105,1,0.3894284034775644,0.3746157816846089,0.3199224430441105,rf
2015_06_CAR_SEA,2015,6,2015-10-18,SEA,CAR,7.0,41.0,0.73621103117506,0,0.7502860413190837,0.7619955103273108,0.73621103117506,rf
2015_06_BAL_SF,2015,6,2015-10-18,SF,BAL,-2.5,43.5,0.4320786780923455,1,0.43118738832215436,0.419290157221724,0.4320786780923455,rf
2015_06_MIA_TEN,2015,6,2015-10-18,TEN,MIA,2.5,44.0,0.5520062329567589,0,0.5585714745068522,0.5568600972677615,0.5520062329567589,rf
2015_06_NYG_PHI,2015,6,2015-10-19,PHI,NYG,3.5,50.5,0.6527218785216531,1,0.6734470324636249,0.6806307529525192,0.6527218785216531,rf
2015_07_SEA_SF,2015,7,2015-10-22,SF,SEA,-6.5,41.5,0.28787053606161983,0,0.3091423258991999,0.2899235878273374,0.28787053606161983,rf
2015_07_PHI_CAR,2015,7,2015-10-25,CAR,PHI,3.0,46.0,0.5642421122306391,1,0.5044461621533347,0.4982803530536642,0.5642421122306391,rf
2015_07_MIN_DET,2015,7,2015-10-25,DET,MIN,1.0,44.5,0.521797153024911,0,0.5466525783186837,0.5439584765281702,0.521797153024911,rf
2015_07_NO_IND,2015,7,2015-10-25,IND,NO,5.5,52.5,0.6859695689558487,0,0.6247309086590277,0.6283365302145166,0.6859695689558487,rf
2015_07_BUF_JAX,2015,7,2015-10-25,JAX,BUF,-3.5,41.0,0.3856591915440651,1,0.3402451687384581,0.32250963682552075,0.3856591915440651,rf
2015_07_PIT_KC,2015,7,2015-10-25,KC,PIT,4.0,41.5,0.658869395711501,1,0.6293583907024297,0.6333201124808207,0.658869395711501,rf
2015_07_HOU_MIA,2015,7,2015-10-25,MIA,HOU,4.5,46.5,0.6691291228800332,1,0.6151080278402032,0.617964462664934,0.6691291228800332,rf
2015_07_NYJ_NE,2015,7,2015-10-25,NE,NYJ,7.0,47.0,0.7319034852546917,1,0.7703909373752622,0.7829642842488661,0.7319034852546917,rf
2015_07_DAL_NYG,2015,7,2015-10-25,NYG,DAL,3.0,44.5,0.5933014354066986,1,0.5726165421920458,0.5720583205595419,0.5933014354066986,rf
2015_07_OAK_SD,2015,7,2015-10-25,SD,OAK,3.5,48.0,0.6397067958752639,0,0.5757925116844678,0.5754939162377906,0.6397067958752639,rf
2015_07_CLE_STL,2015,7,2015-10-25,STL,CLE,6.5,43.5,0.7163206180589087,1,0.6850098077907791,0.6929761824547549,0.7163206180589087,rf
2015_07_ATL_TEN,2015,7,2015-10-25,TEN,ATL,-5.5,45.5,0.3199224430441105,0,0.25937605573641287,0.23852134442536693,0.3199224430441105,rf
2015_07_TB_WAS,2015,7,2015-10-25,WAS,TB,3.0,42.0,0.5860927152317882,1,0.5600947678754766,0.5585087785003675,0.5860927152317882,rf
2015_07_BAL_ARI,2015,7,2015-10-26,ARI,BAL,10.0,49.5,0.8003561215129767,1,0.8528199046070535,0.8669098220449601,0.8003561215129767,rf
2015_08_MIA_NE,2015,8,2015-10-29,NE,MIA,8.0,51.0,0.7901049475262368,1,0.8478232649718358,0.8619340969614695,0.7901049475262368,rf
2015_08_TB_ATL,2015,8,2015-11-01,ATL,TB,8.0,47.5,0.7810858143607706,0,0.8677491912910813,0.8816706198043242,0.7810858143607706,rf
2015_08_SD_BAL,2015,8,2015-11-01,BAL,SD,4.5,50.0,0.658869395711501,1,0.6720300898722308,0.6791158867672996,0.658869395711501,rf
2015_08_MIN_CHI,2015,8,2015-11-01,CHI,MIN,-1.0,43.5,0.47377843762281124,0,0.43929854492334447,0.4280036739654186,0.47377843762281124,rf
2015_08_ARI_CLE,2015,8,2015-11-01,CLE,ARI,-7.0,46.0,0.26311037738282556,0,0.2605217688587586,0.23969315020011706,0.26311037738282556,rf
2015_08_SEA_DAL,2015,8,2015-11-01,DAL,SEA,-4.5,41.5,0.341130604288499,0,0.3442313571946187,0.32670808631903,0.341130604288499,rf
2015_08_GB_DEN,2015,8,2015-11-01,DEN,GB,-2.5,46.0,0.4433028919330289,1,0.4939469565104125,0.4869283310856734,0.4433028919330289,rf
2015_08_TEN_HOU,2015,8,2015-11-01,HOU,TEN,3.5,43.0,0.6332518337408314,1,0.582644375290804,0.5829040543511269,0.6332518337408314,rf
2015_08_DET_KC,2015,8,2015-11-01,KC,DET,3.0,45.0,0.6143408084559349,1,0.5982532529545239,0.5997729793396298,0.6143408084559349,rf
2015_08_NYG_NO,2015,8,2015-11-01,NO,NYG,3.0,51.5,0.6108836002739845,1,0.6248943941390374,0.6285126445576584,0.6108836002739845,rf
2015_08_NYJ_OAK,2015,8,2015-11-01,OAK,NYJ,-3.0,43.5,0.3856591915440651,1,0.4714104174778019,0.46258942502614275,0.3856591915440651,rf
2015_08_CIN_PIT,2015,8,2015-11-01,PIT,CIN,1.0,49.0,0.5262215623771888,0,0.5551349648194597,0.5531405055226807,0.5262215623771888,rf
2015_08_SF_STL,2015,8,2015-11-01,STL,SF,8.0,41.0,0.7810858143607706,1,0.7214223635425149,0.731635004917722,0.7810858143607706,rf
2015_08_IND_CAR,2015,8,2015-11-02,CAR,IND,5.0,44.5,0.6712553934662009,1,0.6930487627534426,0.7015409952860235,0.6712553934662009,rf
2015_09_CLE_CIN,2015,9,2015-11-05,CIN,CLE,13.0,45.5,0.8733924168721262,1,0.9437158844963126,0.9536020066541404,0.8733924168721262,rf
2015_09_MIA_BUF,2015,9,2015-11-08,BUF,MIA,4.0,44.0,0.6527218785216531,1,0.6485412606758215,0.6539460726269029,0.6527218785216531,rf
2015_09_GB_CAR,2015,9,2015-11-08,CAR,GB,-2.0,45.5,0.4672897196261682,1,0.5319179365011507,0.5280076996326611,0.4672897196261682,rf
2015_09_PHI_DAL,2015,9,2015-11-08,DAL,PHI,-3.0,43.5,0.3920988384996671,0,0.3900294721180867,0.37525630313400554,0.3920988384996671,rf
2015_09_DEN_IND,2015,9,2015-11-08,IND,DEN,-3.5,45.0,0.3856591915440651,1,0.39053189713805486,0.3757917681578032,0.3856591915440651,rf
2015_09_STL_MIN,2015,9,2015-11-08,MIN,STL,2.0,40.0,0.537852568752202,1,0.4293881021028368,0.4173586645453551,0.537852568752202,rf
2015_09_WAS_NE,2015,9,2015-11-08,NE,WAS,13.5,51.5,0.8948106591865358,1,0.9201375636147976,0.931962199544331,0.8948106591865358,rf
2015_09_TEN_NO,2015,9,2015-11-08,NO,TEN,7.0,50.0,0.7319034852546917,0,0.7438719184262875,0.7552734387226978,0.7319034852546917,rf
2015_09_JAX_NYJ,2015,9,2015-11-08,NYJ,JAX,7.5,42.0,0.7516485398646913,1,0.8061818104133607,0.8198599178454663,0.7516485398646913,rf
2015_09_OAK_PIT,2015,9,2015-11-08,PIT,OAK,6.0,47.5,0.7050630837293135,1,0.6716631790181288,0.6787235500030782,0.7050630837293135,rf
2015_09_ATL_SF,2015,9,2015-11-08,SF,ATL,-9.5,43.5,0.21170914420649786,1,0.29133041833922774,0.2714135133291637,0.21170914420649786,rf
2015_09_NYG_TB,2015,9,2015-11-08,TB,NYG,-1.5,49.0,0.478202846975089,0,0.5579570114744421,0.556195038387538,0.478202846975089,rf
2015_09_CHI_SD,2015,9,2015-11-09,SD,CHI,3.5,49.0,0.6261005910022917,0,0.6219860897129946,0.6253791704149207,0.6261005910022917,rf
2015_10_BUF_NYJ,2015,10,2015-11-12,NYJ,BUF,2.5,41.5,0.5440238883060285,0,0.5545770346969414,0.5525365915606409,0.5440238883060285,rf
2015_10_JAX_BAL,2015,10,2015-11-15,BAL,JAX,4.0,47.0,0.658869395711501,0,0.6900492336729397,0.6983470873295269,0.658869395711501,rf
2015_10_KC_DEN,2015,10,2015-11-15,DEN,KC,4.0,42.0,0.6527218785216531,0,0.6125021706892212,0.6151538572445778,0.6527218785216531,rf
2015_10_DET_GB,2015,10,2015-11-15,GB,DET,10.5,50.0,0.8348057171586584,0,0.9062769535126913,0.9189181285622695,0.8348057171586584,rf
2015_10_NE_NYG,2015,10,2015-11-15,NYG,NE,-7.0,52.5,0.2562225475841874,0,0.2173788092822528,0.1960006994023679,0.2562225475841874,rf
2015_10_MIN_OAK,2015,10,2015-11-15,OAK,MIN,3.0,44.0,0.6063931297709924,0,0.6628389629564336,0.6692795424562661,0.6063931297709924,rf
2015_10_MIA_PHI,2015,10,2015-11-15,PHI,MIA,5.5,49.0,0.6800775569558896,0,0.6488667831274161,0.6542955805043259,0.6800775569558896,rf
2015_10_CLE_PIT,2015,10,2015-11-15,PIT,CLE,7.0,43.5,0.7368896226171744,1,0.8431876557482374,0.8573028268625731,0.7368896226171744,rf
2015_10_ARI_SEA,2015,10,2015-11-15,SEA,ARI,3.0,43.5,0.5860927152317882,0,0.5229714371015745,0.518323990217658,0.5860927152317882,rf
2015_10_CHI_STL,2015,10,2015-11-15,STL,CHI,7.5,42.0,0.7697759087280727,0,0.7604649473621282,0.7726316703111575,0.7697759087280727,rf
2015_10_DAL_TB,2015,10,2015-11-15,TB,DAL,-1.0,43.5,0.49070156678599663,1,0.5377201501849891,0.5342886997960076,0.49070156678599663,rf
2015_10_CAR_TEN,2015,10,2015-11-15,TEN,CAR,-3.5,42.5,0.35488721804511275,0,0.24394058945457683,0.22279305051683618,0.35488721804511275,rf
2015_10_NO_WAS,2015,10,2015-11-15,WAS,NO,-1.0,52.0,0.4827086071703758,1,0.48637991021428884,0.47875131915725544,0.4827086071703758,rf
2015_10_HOU_CIN,2015,10,2015-11-16,CIN,HOU,10.0,46.5,0.8047945205479452,0,0.8965590699561178,0.9096512978189207,0.8047945205479452,rf
2015_11_TEN_JAX,2015,11,2015-11-19,JAX,TEN,3.0,41.5,0.5697382574399427,1,0.519906489891674,0.5150069356325562,0.5697382574399427,rf
2015_11_CIN_ARI,2015,11,2015-11-22,ARI,CIN,4.0,48.0,0.6499689771835965,1,0.694415237799325,0.7029952816348046,0.6499689771835965,rf
2015_11_IND_ATL,2015,11,2015-11-22,ATL,IND,3.5,47.5,0.6274614156466205,0,0.622132847012545,0.6255373157204921,0.6274614156466205,rf
2015_11_STL_BAL,2015,11,2015-11-22,BAL,STL,3.0,41.0,0.5844112492697988,1,0.5335521596180859,0.5297767396875273,0.5844112492697988,rf
2015_11_WAS_CAR,2015,11,2015-11-22,CAR,WAS,7.0,44.0,0.741037721131946,1,0.8607160818717544,0.874737250338277,0.741037721131946,rf
2015_11_DEN_CHI,2015,11,2015-11-22,CHI,DEN,-2.5,41.5,0.46214743124779806,0,0.5097238411221399,0.5039890983323364,0.46214743124779806,rf
2015_11_OAK_DET,2015,11,2015-11-22,DET,OAK,-2.0,50.0,0.453954604539546,1,0.4255383194369307,0.41322780919745716,0.453954604539546,rf
2015_11_NYJ_HOU,2015,11,2015-11-22,HOU,NYJ,-4.0,40.0,0.3500310228164034,1,0.3677272592872888,0.3515471211122275,0.3500310228164034,rf
2015_11_DAL_MIA,2015,11,2015-11-22,MIA,DAL,-2.5,45.0,0.44139283962726833,0,0.46988529715399957,0.4609440311791743,0.44139283962726833,rf
2015_11_GB_MIN,2015,11,2015-11-22,MIN,GB,-1.0,45.0,0.4827086071703758,0,0.4610379445030122,0.45140394315510585,0.4827086071703758,rf
2015_11_TB_PHI,2015,11,2015-11-22,PHI,TB,7.0,46.0,0.73621103117506,0,0.772102792929741,0.7847421673711611,0.73621103117506,rf
2015_11_KC_SD,2015,11,2015-11-22,SD,KC,-3.0,45.5,0.38764174959500114,0,0.39394656443060294,0.37943246663200264,0.38764174959500114,rf
2015_11_SF_SEA,2015,11,2015-11-22,SEA,SF,14.0,40.0,0.8923742788383813,1,0.7878028780954323,0.8009883322226585,0.8923742788383813,rf
2015_11_BUF_NE,2015,11,2015-11-23,NE,BUF,7.0,47.5,0.7566244633432689,1,0.8250792875306671,0.8390804215327803,0.7566244633432689,rf
2015_12_CAR_DAL,2015,12,2015-11-26,DAL,CAR,-1.0,44.5,0.4827086071703758,0,0.44082101252579153,0.4296403268665867,0.4827086071703758,rf
2015_12_PHI_DET,2015,12,2015-11-26,DET,PHI,3.0,46.5,0.5860927152317882,1,0.5099305525421769,0.5042127213254273,0.5860927152317882,rf
2015_12_CHI_GB,2015,12,2015-11-26,GB,CHI,7.5,45.0,0.7849371679176859,0,0.8043532868971036,0.8179899351096167,0.7849371679176859,rf
2015_12_MIN_ATL,2015,12,2015-11-29,ATL,MIN,2.0,45.0,0.5480494766888677,0,0.5531033662571428,0.5509414366843354,0.5480494766888677,rf
2015_12_STL_CIN,2015,12,2015-11-29,CIN,STL,10.5,42.0,0.7882908557935022,1,0.8226214348417787,0.836591844966558,0.7882908557935022,rf
2015_12_NE_DEN,2015,12,2015-11-29,DEN,NE,-2.5,43.0,0.4433028919330289,1,0.4175229408399624,0.40463541322764107,0.4433028919330289,rf
2015_12_NO_HOU,2015,12,2015-11-29,HOU,NO,3.5,50.5,0.6487671491207393,1,0.6080666055832361,0.6103680866130369,0.6487671491207393,rf
2015_12_TB_IND,2015,12,2015-11-29,IND,TB,3.0,46.5,0.556697108066971,1,0.5061175626842676,0.5000881147583184,0.556697108066971,rf
2015_12_SD_JAX,2015,12,2015-11-29,JAX,SD,5.0,47.0,0.690978748012144,0,0.6553185368709793,0.6612189325339812,0.690978748012144,rf
2015_12_BUF_KC,2015,12,2015-11-29,KC,BUF,4.5,41.0,0.6691291228800332,1,0.6922981481835616,0.7007419469464031,0.6691291228800332,rf
2015_12_MIA_NYJ,2015,12,2015-11-29,NYJ,MIA,4.5,44.0,0.664461906242295,1,0.608666800035749,0.61101578961308,0.664461906242295,rf
2015_12_PIT_SEA,2015,12,2015-11-29,SEA,PIT,3.0,46.5,0.5679213219076544,1,0.5245540937614848,0.5200369317184625,0.5679213219076544,rf
2015_12_ARI_SF,2015,12,2015-11-29,SF,ARI,-7.5,45.0,0.23358617571708445,0,0.2593734046505917,0.23851863364525192,0.23358617571708445,rf
2015_12_OAK_TEN,2015,12,2015-11-29,TEN,OAK,-1.0,45.0,0.48044542229805576,0,0.4561954606039039,0.4461861435478122,0.48044542229805576,rf
2015_12_NYG_WAS,2015,12,2015-11-29,WAS,NYG,-1.0,47.5,0.49070156678599663,1,0.5113385032207352,0.5057359121612365,0.49070156678599663,rf
2015_12_BAL_CLE,2015,12,2015-11-30,CLE,BAL,6.0,41.0,0.7050630837293135,0,0.5876305416730496,0.5882946697590719,0.7050630837293135,rf
2015_13_GB_DET,2015,13,2015-12-03,DET,GB,-2.5,46.0,0.46516522837297414,0,0.5354139860755937,0.5317921973002747,0.46516522837297414,rf
2015_13_HOU_BUF,2015,13,2015-12-06,BUF,HOU,3.0,42.0,0.5740354444580784,1,0.5010230969933308,0.49457850042008106,0.5740354444580784,rf
2015_13_SF_CHI,2015,13,2015-12-06,CHI,SF,6.0,43.0,0.6969696969696969,0,0.7308466540427819,0.7415785453967678,0.6969696969696969,rf
2015_13_CIN_CLE,2015,13,2015-12-06,CLE,CIN,-7.5,44.0,0.2562225475841874,0,0.19660227094835872,0.17530899741911227,0.2562225475841874,rf
2015_13_BAL_MIA,2015,13,2015-12-06,MIA,BAL,3.5,43.0,0.6186511705872493,1,0.5569816898801281,0.5551393882654551,0.6186511705872493,rf
2015_13_SEA_MIN,2015,13,2015-12-06,MIN,SEA,-2.5,43.0,0.4224502112251056,0,0.45328860757962347,0.44305539271366756,0.4224502112251056,rf
2015_13_PHI_NE,2015,13,2015-12-06,NE,PHI,9.5,49.5,0.7882908557935022,0,0.9017588854857715,0.9146215363100147,0.7882908557935022,rf
2015_13_CAR_NO,2015,13,2015-12-06,NO,CAR,-5.5,50.5,0.3242703916188576,0,0.17320112006904467,0.1523144158537792,0.3242703916188576,rf
2015_13_NYJ_NYG,2015,13,2015-12-06,NYG,NYJ,-2.0,45.5,0.46214743124779806,0,0.42799359226037215,0.41586205568275925,0.46214743124779806,rf
2015_13_KC_OAK,2015,13,2015-12-06,OAK,KC,-3.0,45.5,0.4050889296790936,0,0.38512384278239575,0.37003106753378684,0.4050889296790936,rf
2015_13_IND_PIT,2015,13,2015-12-06,PIT,IND,10.0,50.5,0.7987191216834401,1,0.6641686238561006,0.6707035917147849,0.7987191216834401,rf
2015_13_DEN_SD,2015,13,2015-12-06,SD,DEN,-6.0,45.0,0.3199224430441105,0,0.2628905850014695,0.24211776903885404,0.3199224430441105,rf
2015_13_ARI_STL,2015,13,2015-12-06,STL,ARI,-3.5,43.0,0.37253858435337944,0,0.26897772895879296,0.2483596104958407,0.37253858435337944,rf
2015_13_ATL_TB,2015,13,2015-12-06,TB,ATL,1.0,46.5,0.521797153024911,1,0.5379215865519019,0.5345067633042593,0.521797153024911,rf
2015_13_JAX_TEN,2015,13,2015-12-06,TEN,JAX,3.0,43.5,0.5679213219076544,1,0.5890905940864443,0.5898728318934524,0.5679213219076544,rf
2015_13_DAL_WAS,2015,13,2015-12-07,WAS,DAL,2.0,43.0,0.5305667495498585,0,0.5651751588220559,0.5640068562591825,0.5305667495498585,rf
2015_14_MIN_ARI,2015,14,2015-12-10,ARI,MIN,10.0,46.5,0.7987191216834401,1,0.7968672229193866,0.8103164106181401,0.7987191216834401,rf
2015_14_SEA_BAL,2015,14,2015-12-13,BAL,SEA,-10.5,42.0,0.2081124592610044,0,0.28379849217789116,0.263622678232595,0.2081124592610044,rf
2015_14_ATL_CAR,2015,14,2015-12-13,CAR,ATL,8.5,45.5,0.768632470217584,1,0.809686034570723,0.8234387210058451,0.768632470217584,rf
2015_14_WAS_CHI,2015,14,2015-12-13,CHI,WAS,4.0,42.5,0.658869395711501,0,0.6364530783508772,0.6409550134275128,0.658869395711501,rf
2015_14_PIT_CIN,2015,14,2015-12-13,CIN,PIT,1.0,49.0,0.5046466242274987,0,0.4944997694310062,0.487525869797529,0.5046466242274987,rf
2015_14_SF_CLE,2015,14,2015-12-13,CLE,SF,2.5,43.0,0.5539593349939177,1,0.5146747288168565,0.5093455508458931,0.5539593349939177,rf
2015_14_OAK_DEN,2015,14,2015-12-13,DEN,OAK,6.0,43.0,0.7086409898223908,0,0.832746355318151,0.8468204289362239,0.7086409898223908,rf
2015_14_DAL_GB,2015,14,2015-12-13,GB,DAL,6.0,43.0,0.7137404580152672,1,0.7190131412883575,0.729088612546545,0.7137404580152672,rf
2015_14_NE_HOU,2015,14,2015-12-13,HOU,NE,-4.0,46.0,0.34727812147834686,0,0.38888670406343256,0.3740385957465611,0.34727812147834686,rf
2015_14_IND_JAX,2015,14,2015-12-13,JAX,IND,1.0,45.5,0.5172913928296243,1,0.5561025005153671,0.5541877689355554,0.5172913928296243,rf
2015_14_SD_KC,2015,14,2015-12-13,KC,SD,11.5,42.0,0.832570049736544,1,0.8263135463182966,0.840328782443664,0.832570049736544,rf
2015_14_TEN_NYJ,2015,14,2015-12-13,NYJ,TEN,8.0,43.0,0.75416247625433,1,0.7886633369673542,0.8018755020326441,0.75416247625433,rf
2015_14_BUF_PHI,2015,14,2015-12-13,PHI,BUF,1.0,48.0,0.5172913928296243,1,0.5027233084607516,0.496417099998205,0.5172913928296243,rf
2015_14_DET_STL,2015,14,2015-12-13,STL,DET,-3.0,41.5,0.4066985645933015,1,0.41744106099452427,0.4045476979753662,0.4066985645933015,rf
2015_14_NO_TB,2015,14,2015-12-13,TB,NO,6.0,52.0,0.6949182345700721,0,0.6688766635240718,0.6757430218501739,0.6949182345700721,rf
2015_14_NYG_MIA,2015,14,2015-12-14,MIA,NYG,-2.5,47.5,0.46214743124779806,0,0.45485594297384124,0.44474331735791556,0.46214743124779806,rf
2015_15_TB_STL,2015,15,2015-12-17,STL,TB,1.0,41.0,0.5,1,0.42717041797306177,0.41497876436793146,0.5,rf
2015_15_NYJ_DAL,2015,15,2015-12-19,DAL,NYJ,-3.0,41.0,0.4116032928263426,0,0.3954945810044333,0.3810837917646302,0.4116032928263426,rf
2015_15_KC_BAL,2015,15,2015-12-20,BAL,KC,-6.5,41.0,0.2949369162706865,0,0.3025159188044119,0.28302376619614994,0.2949369162706865,rf
2015_15_HOU_IND,2015,15,2015-12-20,IND,HOU,2.5,42.0,0.556697108066971,0,0.498621921217604,0.4919821768089444,0.556697108066971,rf
2015_15_ATL_JAX,2015,15,2015-12-20,JAX,ATL,2.0,47.5,0.5419847328244275,0,0.5657461751690621,0.5646247651735474,0.5419847328244275,rf
2015_15_CHI_MIN,2015,15,2015-12-20,MIN,CHI,4.0,43.5,0.6463391320971134,1,0.6342016788431998,0.638532966803398,0.6463391320971134,rf
2015_15_TEN_NE,2015,15,2015-12-20,NE,TEN,14.5,48.0,0.887410440122825,1,0.9343927385020835,0.9451370762237393,0.887410440122825,rf
2015_15_CAR_NYG,2015,15,2015-12-20,NYG,CAR,-4.5,46.5,0.341130604288499,0,0.22163110876962708,0.20026530737672074,0.341130604288499,rf
2015_15_GB_OAK,2015,15,2015-12-20,OAK,GB,-4.0,47.0,0.34727812147834686,0,0.32247039154922724,0.30384823682765805,0.34727812147834686,rf
2015_15_ARI_PHI,2015,15,2015-12-20,PHI,ARI,-3.5,50.5,0.3813488294127508,0,0.2018642997792529,0.18052607801758722,0.3813488294127508,rf
2015_15_DEN_PIT,2015,15,2015-12-20,PIT,DEN,7.5,45.5,0.7566244633432689,1,0.7237028870788318,0.7340437362420978,0.7566244633432689,rf
2015_15_MIA_SD,2015,15,2015-12-20,SD,MIA,1.0,46.5,0.5,1,0.4322127052721496,0.4203910462938449,0.5,rf
2015_15_CLE_SEA,2015,15,2015-12-20,SEA,CLE,14.5,45.0,0.887410440122825,1,0.8818361665995993,0.8954410666276719,0.887410440122825,rf
2015_15_CIN_SF,2015,15,2015-12-20,SF,CIN,-7.0,41.0,0.26967543847731873,0,0.3191827971335065,0.30040785452839674,0.26967543847731873,rf
2015_15_BUF_WAS,2015,15,2015-12-20,WAS,BUF,-2.5,46.0,0.46214743124779806,1,0.48898348046936935,0.4815642673053885,0.46214743124779806,rf
2015_15_DET_NO,2015,15,2015-12-21,NO,DET,2.5,52.0,0.5399277029247453,0,0.5130896335614044,0.5076304943034288,0.5399277029247453,rf
2015_16_SD_OAK,2015,16,2015-12-24,OAK,SD,4.0,45.0,0.6527218785216531,1,0.6321572889986735,0.6363329837235187,0.6527218785216531,rf
2015_16_WAS_PHI,2015,16,2015-12-26,PHI,WAS,3.5,48.0,0.6397067958752639,0,0.5851758280911318,0.5856410498290436,0.6397067958752639,rf
2015_16_GB_ARI,2015,16,2015-12-27,ARI,GB,6.0,50.0,0.6958254667505769,1,0.6686310935195869,0.6754802771390988,0.6958254667505769,rf
2015_16_CAR_ATL,2015,16,2015-12-27,ATL,CAR,-7.0,45.5,0.28787053606161983,1,0.21665363202111174,0.1952743985746233,0.28787053606161983,rf
2015_16_PIT_BAL,2015,16,2015-12-27,BAL,PIT,-11.0,47.5,0.17400615714094497,1,0.20740026034234868,0.18603219473955854,0.17400615714094497,rf
2015_16_DAL_BUF,2015,16,2015-12-27,BUF,DAL,6.5,42.0,0.7050630837293135,1,0.6664282946844926,0.6731228710983874,0.7050630837293135,rf
2015_16_SF_DET,2015,16,2015-12-27,DET,SF,8.5,42.5,0.7810858143607706,1,0.7819159763932158,0.7949095389703619,0.7810858143607706,rf
2015_16_CLE_KC,2015,16,2015-12-27,KC,CLE,11.5,42.5,0.825993842859055,1,0.8890530553685574,0.902431158701746,0.825993842859055,rf
2015_16_IND_MIA,2015,16,2015-12-27,MIA,IND,2.5,44.0,0.556697108066971,0,0.5355272838816423,0.531914845131165,0.556697108066971,rf
2015_16_NYG_MIN,2015,16,2015-12-27,MIN,NYG,7.0,44.5,0.7353719494266393,1,0.6728695620318844,0.6800134253834,0.7353719494266393,rf
2015_16_JAX_NO,2015,16,2015-12-27,NO,JAX,2.5,52.5,0.5520062329567589,1,0.4877408643384154,0.480221653750669,0.5520062329567589,rf
2015_16_NE_NYJ,2015,16,2015-12-27,NYJ,NE,-2.5,45.5,0.44139283962726833,1,0.4739342904128187,0.46531285746248413,0.44139283962726833,rf
2015_16_STL_SEA,2015,16,2015-12-27,SEA,STL,11.0,42.0,0.8316708229426435,0,0.8488344450218297,0.8629424208560188,0.8316708229426435,rf
2015_16_CHI_TB,2015,16,2015-12-27,TB,CHI,3.0,44.0,0.6261005910022917,0,0.6051755811419663,0.6072477123893227,0.6261005910022917,rf
2015_16_HOU_TEN,2015,16,2015-12-27,TEN,HOU,-3.5,39.0,0.3856591915440651,0,0.4100592693741339,0.39664493790836064,0.3856591915440651,rf
2015_16_CIN_DEN,2015,16,2015-12-28,DEN,CIN,3.5,39.0,0.6332518337408314,1,0.6113690186629785,0.6139314374378353,0.6332518337408314,rf
2015_17_SEA_ARI,2015,17,2016-01-03,ARI,SEA,6.0,46.5,0.6840292887820937,0,0.6474273511061908,0.6527499518247933,0.6840292887820937,rf
2015_17_NO_ATL,2015,17,2016-01-03,ATL,NO,6.0,53.5,0.6958254667505769,0,0.6096890896461169,0.612118913022362,0.6958254667505769,rf
2015_17_NYJ_BUF,2015,17,2016-01-03,BUF,NYJ,-2.5,41.0,0.4224502112251056,1,0.4941540151837926,0.4871521395248204,0.4224502112251056,rf
2015_17_TB_CAR,2015,17,2016-01-03,CAR,TB,10.0,44.0,0.7816384942625731,1,0.9253681873495647,0.9368266884005638,0.7816384942625731,rf
2015_17_DET_CHI,2015,17,2016-01-03,CHI,DET,-2.5,45.0,0.4600722970752547,0,0.41747839549236027,0.4045876930740854,0.4600722970752547,rf
2015_17_BAL_CIN,2015,17,2016-01-03,CIN,BAL,10.0,40.5,0.7729422894985808,1,0.8663915302362416,0.8803351266788262,0.7729422894985808,rf
2015_17_PIT_CLE,2015,17,2016-01-03,CLE,PIT,-13.0,47.0,0.16324626865671643,0,0.18593359760844863,0.16478275555048033,0.16324626865671643,rf
2015_17_WAS_DAL,2015,17,2016-01-03,DAL,WAS,3.0,41.0,0.6108836002739845,0,0.5311403864259076,0.527166017635189,0.6108836002739845,rf
2015_17_SD_DEN,2015,17,2016-01-03,DEN,SD,10.0,42.0,0.8019661928000565,1,0.8306575650987045,0.8447152622939332,0.8019661928000565,rf
2015_17_MIN_GB,2015,17,2016-01-03,GB,MIN,3.0,44.0,0.5810079557598683,0,0.5263791830269376,0.522012340453944,0.5810079557598683,rf
2015_17_JAX_HOU,2015,17,2016-01-03,HOU,JAX,5.0,45.0,0.6712553934662009,1,0.6638071303345009,0.6703164711018953,0.6712553934662009,rf
2015_17_TEN_IND,2015,17,2016-01-03,IND,TEN,3.5,39.0,0.6332518337408314,1,0.6851567775915426,0.693132904847741,0.6332518337408314,rf
2015_17_OAK_KC,2015,17,2016-01-03,KC,OAK,6.5,43.5,0.7258155230596175,1,0.851937812560022,0.866032670197128,0.7258155230596175,rf
2015_17_NE_MIA,2015,17,2016-01-03,MIA,NE,-10.0,46.5,0.2270577105014191,1,0.20460867669275482,0.18325345232687446,0.2270577105014191,rf
2015_17_PHI_NYG,2015,17,2016-01-03,NYG,PHI,4.0,51.0,0.6527218785216531,0,0.6007561618918029,0.602476128554612,0.6527218785216531,rf
2015_17_STL_SF,2015,17,2016-01-03,SF,STL,-3.0,39.0,0.3966571791921516,1,0.35694114236881613,0.34012550230758726,0.3966571791921516,rf
2015_18_PIT_CIN,2015,18,2016-01-09,CIN,PIT,-2.0,46.0,0.46943325045014145,0,0.5463053677462045,0.5435826093024169,0.46943325045014145,rf
2015_18_KC_HOU,2015,18,2016-01-09,HOU,KC,-3.0,39.5,0.4259645555419216,0,0.4574782234888404,0.4475680481329014,0.4259645555419216,rf
2015_18_SEA_MIN,2015,18,2016-01-10,MIN,SEA,-4.0,40.0,0.33444103612815274,0,0.37281071476915867,0.35694060945720313,0.33444103612815274,rf
2015_18_GB_WAS,2015,18,2016-01-10,WAS,GB,2.0,47.0,0.5440238883060285,0,0.6012701586657702,0.6030311771396656,0.5440238883060285,rf
2015_19_GB_ARI,2015,19,2016-01-16,ARI,GB,7.0,49.0,0.7161241483724451,1,0.6613772095336353,0.667713628355053,0.7161241483724451,rf
2015_19_KC_NE,2015,19,2016-01-16,NE,KC,6.0,44.0,0.7050630837293135,1,0.6537295523882407,0.6595144798656193,0.7050630837293135,rf
2015_19_SEA_CAR,2015,19,2016-01-17,CAR,SEA,2.5,41.5,0.5775497887748944,1,0.588552170417437,0.5892908705901242,0.5775497887748944,rf
2015_19_PIT_DEN,2015,19,2016-01-17,DEN,PIT,7.0,41.5,0.7258155230596175,1,0.6396366201194249,0.6443785647133946,0.7258155230596175,rf
2015_20_ARI_CAR,2015,20,2016-01-24,CAR,ARI,3.5,47.0,0.6172970557014359,1,0.6190587556860174,0.6222241280276566,0.6172970557014359,rf
2015_20_NE_DEN,2015,20,2016-01-24,DEN,NE,-2.5,45.0,0.4519505233111322,1,0.4452965014474687,0.43445343886915655,0.4519505233111322,rf
2015_21_CAR_DEN,2015,21,2016-02-07,DEN,CAR,-4.5,43.0,0.3399975793052606,1,0.29933349311401436,0.279715716596265,0.3399975793052606,rf
2016_01_CAR_DEN,2016,1,2016-09-08,DEN,CAR,-3.0,40.5,0.413907284768212,1,0.4356045218956698,0.4402316888819667,0.413907284768212,rf
2016_01_NE_ARI,2016,1,2016-09-11,ARI,NE,9.0,44.5,0.7729422894985808,0,0.6951012608025983,0.64065558827118,0.7729422894985808,rf
2016_01_TB_ATL,2016,1,2016-09-11,ATL,TB,2.5,46.5,0.556697108066971,0,0.5117428722905991,0.4977511401116905,0.556697108066971,rf
2016_01_BUF_BAL,2016,1,2016-09-11,BAL,BUF,3.0,44.5,0.6108836002739845,1,0.5152094420149457,0.5003725189434874,0.6108836002739845,rf
2016_01_NYG_DAL,2016,1,2016-09-11,DAL,NYG,1.0,47.5,0.5172913928296243,0,0.4831792805087,0.4761789451529708,0.5172913928296243,rf
2016_01_CHI_HOU,2016,1,2016-09-11,HOU,CHI,5.5,43.0,0.685002350728726,1,0.6520826804392003,0.6059220190417347,0.685002350728726,rf
2016_01_DET_IND,2016,1,2016-09-11,IND,DET,2.5,51.5,0.5775497887748944,0,0.49718361459691374,0.4867510129041004,0.5775497887748944,rf
2016_01_GB_JAX,2016,1,2016-09-11,JAX,GB,-3.5,47.0,0.3738994089977084,0,0.38156488969384206,0.39905533325791503,0.3738994089977084,rf
2016_01_SD_KC,2016,1,2016-09-11,KC,SD,6.5,45.5,0.7161241483724451,1,0.7761542346127659,0.7099338619880861,0.7161241483724451,rf
2016_01_OAK_NO,2016,1,2016-09-11,NO,OAK,2.5,50.0,0.5810079557598683,0,0.5301810224426229,0.5117077183284309,0.5810079557598683,rf
2016_01_CIN_NYJ,2016,1,2016-09-11,NYJ,CIN,1.0,42.0,0.5262215623771888,0,0.5605254100188017,0.534780651801036,0.5262215623771888,rf
2016_01_CLE_PHI,2016,1,2016-09-11,PHI,CLE,3.5,41.0,0.6274614156466205,1,0.6396278115153261,0.5960545374188218,0.6274614156466205,rf
2016_01_MIA_SEA,2016,1,2016-09-11,SEA,MIA,10.5,43.5,0.8133748055987559,1,0.8594481512169777,0.7898053756570308,0.8133748055987559,rf
2016_01_MIN_TEN,2016,1,2016-09-11,TEN,MIN,-2.5,40.0,0.453954604539546,0,0.3578278583432783,0.3807426527268574,0.453954604539546,rf
2016_01_LA_SF,2016,1,2016-09-12,SF,LA,-2.5,44.0,0.4559761116939714,1,0.44681746833705904,0.4487176275246412,0.4559761116939714,rf
2016_01_PIT_WAS,2016,1,2016-09-12,WAS,PIT,-2.5,49.0,0.44139283962726833,0,0.5357923464208721,0.5159631549641553,0.44139283962726833,rf
2016_02_NYJ_BUF,2016,2,2016-09-15,BUF,NYJ,1.5,40.5,0.5419847328244275,0,0.5293728170777002,0.5110951508269885,0.5419847328244275,rf
2016_02_TB_ARI,2016,2,2016-09-18,ARI,TB,7.5,49.5,0.7490809359864622,1,0.7478663292479083,0.6850516163741178,0.7490809359864622,rf
2016_02_SF_CAR,2016,2,2016-09-18,CAR,SF,12.0,44.5,0.8223315566488998,1,0.7883369088985662,0.720937792861512,0.8223315566488998,rf
2016_02_BAL_CLE,2016,2,2016-09-18,CLE,BAL,-4.0,42.0,0.360293204124736,0,0.3683424623059501,0.38887627506124456,0.360293204124736,rf
2016_02_IND_DEN,2016,2,2016-09-18,DEN,IND,5.0,47.0,0.674698795180723,1,0.7341524269547064,0.6732846364125384,0.674698795180723,rf
2016_02_TEN_DET,2016,2,2016-09-18,DET,TEN,6.0,48.0,0.7050630837293135,0,0.7946335994993255,0.7267012835216856,0.7050630837293135,rf
2016_02_KC_HOU,2016,2,2016-09-18,HOU,KC,-1.0,41.5,0.4953533757725013,1,0.5789934846784196,0.5489140094560431,0.4953533757725013,rf
2016_02_SEA_LA,2016,2,2016-09-18,LA,SEA,-5.5,38.0,0.3149976492712741,1,0.35622291164653686,0.3794978187831312,0.3149976492712741,rf
2016_02_GB_MIN,2016,2,2016-09-18,MIN,GB,-1.5,43.0,0.46943325045014145,1,0.4929086570181599,0.48352321242468577,0.46943325045014145,rf
2016_02_MIA_NE,2016,2,2016-09-18,NE,MIA,5.5,42.0,0.6800775569558896,1,0.7229301080563636,0.6637823619436934,0.6800775569558896,rf
2016_02_NO_NYG,2016,2,2016-09-18,NYG,NO,3.5,54.0,0.6397067958752639,1,0.5877382412713879,0.5556366415263039,0.6397067958752639,rf
2016_02_ATL_OAK,2016,2,2016-09-18,OAK,ATL,4.0,47.5,0.6451127819548872,0,0.6714093696989503,0.6213916943738828,0.6451127819548872,rf
2016_02_CIN_PIT,2016,2,2016-09-18,PIT,CIN,3.0,48.0,0.6033428208078484,1,0.5885805957043436,0.556285352430683,0.6033428208078484,rf
2016_02_JAX_SD,2016,2,2016-09-18,SD,JAX,3.0,47.5,0.5775497887748944,1,0.5059637444996841,0.49338315196175614,0.5775497887748944,rf
2016_02_DAL_WAS,2016,2,2016-09-18,WAS,DAL,3.5,47.0,0.6332518337408314,0,0.6407845132231385,0.5969678365872336,0.6332518337408314,rf
2016_02_PHI_CHI,2016,2,2016-09-19,CHI,PHI,3.0,42.5,0.6002460024600246,0,0.5346145115344039,0.5150695629117564,0.6002460024600246,rf
2016_03_HOU_NE,2016,3,2016-09-22,NE,HOU,1.0,38.5,0.5262215623771888,1,0.5693812465038042,0.5415477754096908,0.5262215623771888,rf
2016_03_ARI_BUF,2016,3,2016-09-25,BUF,ARI,-5.0,48.0,0.33087087711996666,1,0.35517474172604374,0.37868433867179657,0.33087087711996666,rf
2016_03_MIN_CAR,2016,3,2016-09-25,CAR,MIN,6.0,43.0,0.7050630837293135,0,0.7277497347854133,0.6678499371923978,0.7050630837293135,rf
2016_03_DEN_CIN,2016,3,2016-09-25,CIN,DEN,3.5,42.0,0.6314864248974542,0,0.6653940275716234,0.6165549033285871,0.6314864248974542,rf
2016_03_CHI_DAL,2016,3,2016-09-25,DAL,CHI,6.5,45.0,0.7050630837293135,1,0.7239186613617759,0.6646150621319503,0.7050630837293135,rf
2016_03_DET_GB,2016,3,2016-09-25,GB,DET,6.0,47.5,0.7050630837293135,1,0.7266271145728678,0.6669007257006753,0.7050630837293135,rf
2016_03_SD_IND,2016,3,2016-09-25,IND,SD,1.5,51.5,0.5460453954604539,1,0.5733234085083504,0.5445660142597752,0.5460453954604539,rf
2016_03_BAL_JAX,2016,3,2016-09-25,JAX,BAL,-1.0,45.0,0.478202846975089,0,0.4303387002335411,0.43624161489112906,0.478202846975089,rf
2016_03_NYJ_KC,2016,3,2016-09-25,KC,NYJ,3.0,44.5,0.6093979441997063,1,0.5443396823618223,0.5224540829929073,0.6093979441997063,rf
2016_03_CLE_MIA,2016,3,2016-09-25,MIA,CLE,10.0,42.0,0.7882908557935022,1,0.7515130881330022,0.6882113038014841,0.7882908557935022,rf
2016_03_WAS_NYG,2016,3,2016-09-25,NYG,WAS,3.5,47.0,0.6200671122327297,0,0.5758975233197374,0.546538906513021,0.6200671122327297,rf
2016_03_PIT_PHI,2016,3,2016-09-25,PHI,PIT,-3.5,46.5,0.360293204124736,1,0.4310103107462846,0.43675071132761295,0.360293204124736,rf
2016_03_SF_SEA,2016,3,2016-09-25,SEA,SF,10.5,42.0,0.801195676184097,1,0.7910049337078086,0.7233733283300237,0.801195676184097,rf
2016_03_LA_TB,2016,3,2016-09-25,TB,LA,3.5,40.5,0.6186511705872493,0,0.5553278257937164,0.5308168295937754,0.6186511705872493,rf
2016_03_OAK_TEN,2016,3,2016-09-25,TEN,OAK,-1.5,47.0,0.4672897196261682,0,0.4357528927858799,0.44034406457953673,0.4672897196261682,rf
2016_03_ATL_NO,2016,3,2016-09-26,NO,ATL,2.5,54.0,0.5965083053348824,0,0.5797842083345339,0.5495210256854808,0.5965083053348824,rf
2016_04_MIA_CIN,2016,4,2016-09-29,CIN,MIA,7.5,46.0,0.75416247625433,1,0.75255266479907,0.6891144924084888,0.75416247625433,rf
2016_04_LA_ARI,2016,4,2016-10-02,ARI,LA,10.0,43.5,0.7863656389496172,0,0.7399685810433191,0.6782534420203331,0.7863656389496172,rf
2016_04_CAR_ATL,2016,4,2016-10-02,ATL,CAR,-2.5,48.5,0.43391066545123064,1,0.48770792762161475,0.4795971872867546,0.43391066545123064,rf
2016_04_OAK_BAL,2016,4,2016-10-02,BAL,OAK,3.5,45.0,0.6332518337408314,0,0.575577268878068,0.5462933609348724,0.6332518337408314,rf
2016_04_DET_CHI,2016,4,2016-10-02,CHI,DET,-3.0,48.0,0.37665039500700276,1,0.383433770368672,0.40049002188952504,0.37665039500700276,rf
2016_04_TEN_HOU,2016,4,2016-10-02,HOU,TEN,4.0,40.0,0.6463391320971134,1,0.6984455614290093,0.6434045274006016,0.6463391320971134,rf
2016_04_IND_JAX,2016,4,2016-10-02,JAX,IND,1.0,48.0,0.5023229882921391,1,0.4032342831765662,0.4156366077559441,0.5023229882921391,rf
2016_04_BUF_NE,2016,4,2016-10-02,NE,BUF,3.5,41.0,0.6143408084559349,0,0.5973458445597039,0.5630482826676548,0.6143408084559349,rf
2016_04_SEA_NYJ,2016,4,2016-10-02,NYJ,SEA,-1.0,40.0,0.4827086071703758,0,0.5212082530659801,0.5049113781532731,0.4827086071703758,rf
2016_04_KC_PIT,2016,4,2016-10-02,PIT,KC,3.0,48.0,0.6233496049929973,1,0.6648985591590848,0.616157420187157,0.6233496049929973,rf
2016_04_NO_SD,2016,4,2016-10-02,SD,NO,4.0,54.0,0.6463391320971134,0,0.6367423849859548,0.5937789513478539,0.6463391320971134,rf
2016_04_DAL_SF,2016,4,2016-10-02,SF,DAL,-1.0,44.0,0.46214743124779806,0,0.5463553111056806,0.5239864940327397,0.46214743124779806,rf
2016_04_DEN_TB,2016,4,2016-10-02,TB,DEN,-3.5,43.0,0.3813488294127508,0,0.30558734843279367,0.3396737960528283,0.3813488294127508,rf
2016_04_CLE_WAS,2016,4,2016-10-02,WAS,CLE,7.5,48.0,0.75416247625433,1,0.6788700728273055,0.6274200314302473,0.75416247625433,rf
2016_04_NYG_MIN,2016,4,2016-10-03,MIN,NYG,3.5,42.5,0.6451127819548872,1,0.6814505752080601,0.629512970909148,0.6451127819548872,rf
2016_05_ARI_SF,2016,5,2016-10-06,SF,ARI,-3.5,42.5,0.36284835962304085,0,0.4085233505901272,0.4196676934771256,0.36284835962304085,rf
2016_05_WAS_BAL,2016,5,2016-10-09,BAL,WAS,4.0,44.5,0.6451127819548872,0,0.6387684413143723,0.5953764009224202,0.6451127819548872,rf
2016_05_NE_CLE,2016,5,2016-10-09,CLE,NE,-10.0,47.5,0.20128087831655989,0,0.24113946937505554,0.28683747338923665,0.20128087831655989,rf
2016_05_CIN_DAL,2016,5,2016-10-09,DAL,CIN,-2.5,46.0,0.453954604539546,1,0.5248580637775594,0.5076747543216623,0.453954604539546,rf
2016_05_ATL_DEN,2016,5,2016-10-09,DEN,ATL,3.5,44.5,0.6451127819548872,0,0.6136767751272693,0.575715682052935,0.6451127819548872,rf
2016_05_PHI_DET,2016,5,2016-10-09,DET,PHI,-3.5,46.0,0.36674816625916873,1,0.4024215224104399,0.4150166503547127,0.36674816625916873,rf
2016_05_NYG_GB,2016,5,2016-10-09,GB,NYG,7.0,49.0,0.7368896226171744,1,0.8064197408302319,0.7376396652613789,0.7368896226171744,rf
2016_05_CHI_IND,2016,5,2016-10-09,IND,CHI,4.0,47.5,0.6527218785216531,1,0.6712541176739723,0.6212665990816444,0.6527218785216531,rf
2016_05_BUF_LA,2016,5,2016-10-09,LA,BUF,-2.5,41.5,0.4519505233111322,0,0.49410743786992567,0.4844282817349498,0.4519505233111322,rf
2016_05_TEN_MIA,2016,5,2016-10-09,MIA,TEN,2.5,44.5,0.5586071603727317,0,0.5185467284248834,0.5028971604355856,0.5586071603727317,rf
2016_05_HOU_MIN,2016,5,2016-10-09,MIN,HOU,6.0,39.0,0.6969696969696969,1,0.700964752907025,0.6454804362489739,0.6969696969696969,rf
2016_05_SD_OAK,2016,5,2016-10-09,OAK,SD,3.5,50.5,0.6332518337408314,1,0.6090388026477428,0.572108698189169,0.6332518337408314,rf
2016_05_NYJ_PIT,2016,5,2016-10-09,PIT,NYJ,10.0,50.0,0.7770903466472567,1,0.8914510023226693,0.8244246165269485,0.7770903466472567,rf
2016_05_TB_CAR,2016,5,2016-10-10,CAR,TB,6.0,46.5,0.6921645130114186,0,0.7653452356307122,0.700321869097443,0.6921645130114186,rf
2016_06_DEN_SD,2016,6,2016-10-13,SD,DEN,-3.0,44.0,0.413907284768212,1,0.4403270758535731,0.4438073056989221,0.413907284768212,rf
2016_06_SF_BUF,2016,6,2016-10-16,BUF,SF,7.5,44.0,0.7353719494266393,1,0.7966911188428195,0.728596393708823,0.7353719494266393,rf
2016_06_JAX_CHI,2016,6,2016-10-16,CHI,JAX,2.5,46.0,0.5679213219076544,0,0.4969192721838757,0.48655140059099455,0.5679213219076544,rf
2016_06_LA_DET,2016,6,2016-10-16,DET,LA,2.5,44.0,0.5775497887748944,1,0.5988229662644228,0.5641903337698299,0.5775497887748944,rf
2016_06_DAL_GB,2016,6,2016-10-16,GB,DAL,5.0,47.0,0.6862401891869245,0,0.770879186538126,0.7052259672517787,0.6862401891869245,rf
2016_06_IND_HOU,2016,6,2016-10-16,HOU,IND,3.0,47.5,0.6002460024600246,1,0.5015950884101287,0.49008272487850557,0.6002460024600246,rf
2016_06_PIT_MIA,2016,6,2016-10-16,MIA,PIT,-7.5,49.5,0.26462805057336075,1,0.29504536684246496,0.33122242318577416,0.26462805057336075,rf
2016_06_CIN_NE,2016,6,2016-10-16,NE,CIN,7.5,48.5,0.7516485398646913,1,0.8239341292818253,0.7542914574782922,0.7516485398646913,rf
2016_06_CAR_NO,2016,6,2016-10-16,NO,CAR,-2.5,53.5,0.4320786780923455,1,0.4442213145465633,0.44675398861500293,0.4320786780923455,rf
2016_06_BAL_NYG,2016,6,2016-10-16,NYG,BAL,3.5,42.5,0.6397067958752639,1,0.6101316213648155,0.5729578896425342,0.6397067958752639,rf
2016_06_KC_OAK,2016,6,2016-10-16,OAK,KC,-1.0,46.5,0.46214743124779806,0,0.478958263068362,0.4729930397648095,0.46214743124779806,rf
2016_06_ATL_SEA,2016,6,2016-10-16,SEA,ATL,7.0,45.5,0.7333014887349733,1,0.7998963236472367,0.7315605412638866,0.7333014887349733,rf
2016_06_CLE_TEN,2016,6,2016-10-16,TEN,CLE,7.5,45.0,0.7464578672632363,1,0.7679223259456951,0.7026012910617433,0.7464578672632363,rf
2016_06_PHI_WAS,2016,6,2016-10-16,WAS,PHI,-3.0,45.0,0.413907284768212,1,0.5001370478325539,0.4889814501412406,0.413907284768212,rf
2016_06_NYJ_ARI,2016,6,2016-10-17,ARI,NYJ,7.5,46.0,0.7590361445783131,1,0.8316045680822421,0.7617492146547742,0.7590361445783131,rf
2016_07_CHI_GB,2016,7,2016-10-20,GB,CHI,7.5,46.5,0.7516485398646913,1,0.8161721118707387,0.7468497383222249,0.7516485398646913,rf
2016_07_SD_ATL,2016,7,2016-10-23,ATL,SD,4.5,52.5,0.658869395711501,0,0.6752645926956309,0.6245026042626034,0.658869395711501,rf
2016_07_CLE_CIN,2016,7,2016-10-23,CIN,CLE,11.5,46.5,0.8316708229426435,1,0.8012179815988326,0.7327871081072024,0.8316708229426435,rf
2016_07_WAS_DET,2016,7,2016-10-23,DET,WAS,-1.0,50.0,0.5,1,0.5626123808251926,0.5363738247020078,0.5,rf
2016_07_OAK_JAX,2016,7,2016-10-23,JAX,OAK,1.5,47.5,0.537852568752202,0,0.5143904326833442,0.4997530998498955,0.537852568752202,rf
2016_07_NO_KC,2016,7,2016-10-23,KC,NO,6.0,51.0,0.6930878035761944,1,0.7866096551076817,0.719366094136562,0.6930878035761944,rf
2016_07_NYG_LA,2016,7,2016-10-23,LA,NYG,-3.0,44.5,0.4224502112251056,0,0.42910291152804086,0.4353047010265165,0.4224502112251056,rf
2016_07_BUF_MIA,2016,7,2016-10-23,MIA,BUF,-2.5,46.0,0.44139283962726833,1,0.429635245833733,0.4357083157723458,0.44139283962726833,rf
2016_07_BAL_NYJ,2016,7,2016-10-23,NYJ,BAL,2.0,40.5,0.537852568752202,1,0.4779448269871281,0.4722281238745129,0.537852568752202,rf
2016_07_MIN_PHI,2016,7,2016-10-23,PHI,MIN,-2.5,39.0,0.4519505233111322,1,0.5149680864729753,0.5001899748207601,0.4519505233111322,rf
2016_07_NE_PIT,2016,7,2016-10-23,PIT,NE,-7.5,49.0,0.271105010295127,0,0.46003176171441623,0.45870420992131206,0.271105010295127,rf
2016_07_TB_SF,2016,7,2016-10-23,SF,TB,1.0,45.0,0.521797153024911,0,0.5016305266442271,0.4901094932031963,0.521797153024911,rf
2016_07_IND_TEN,2016,7,2016-10-23,TEN,IND,4.0,48.5,0.6451127819548872,0,0.6406959525433769,0.596897889719564,0.6451127819548872,rf
2016_07_HOU_DEN,2016,7,2016-10-24,DEN,HOU,8.5,40.0,0.7750359478640011,1,0.8064839751006557,0.7376998414553889,0.7750359478640011,rf
2016_08_JAX_TEN,2016,8,2016-10-27,TEN,JAX,3.0,43.5,0.5757997218358832,1,0.5506859301887225,0.5272813193867325,0.5757997218358832,rf
2016_08_GB_ATL,2016,8,2016-10-30,ATL,GB,3.0,51.0,0.5916792592354435,1,0.555524409095154,0.5309666498241514,0.5916792592354435,rf
2016_08_NE_BUF,2016,8,2016-10-30,BUF,NE,-5.5,48.0,0.3149976492712741,0,0.4121529039938654,0.42243080746551404,0.3149976492712741,rf
2016_08_ARI_CAR,2016,8,2016-10-30,CAR,ARI,2.5,45.5,0.5586071603727317,1,0.5337532824950958,0.5144162959222331,0.5586071603727317,rf
2016_08_NYJ_CLE,2016,8,2016-10-30,CLE,NYJ,-2.5,45.5,0.44139283962726833,0,0.4122480203577904,0.42250318472726,0.44139283962726833,rf
2016_08_PHI_DAL,2016,8,2016-10-30,DAL,PHI,5.0,44.0,0.6757296083811425,1,0.6671498467701388,0.6179645914638027,0.6757296083811425,rf
2016_08_SD_DEN,2016,8,2016-10-30,DEN,SD,3.5,43.0,0.6233496049929973,1,0.5905590012698448,0.5578097754295209,0.6233496049929973,rf
2016_08_DET_HOU,2016,8,2016-10-30,HOU,DET,1.0,46.5,0.5092984332140034,1,0.42754119859270395,0.4341203892408367,0.5092984332140034,rf
2016_08_KC_IND,2016,8,2016-10-30,IND,KC,-3.0,50.5,0.4320786780923455,0,0.501515920174946,0.49002292527915803,0.4320786780923455,rf
2016_08_SEA_NO,2016,8,2016-10-30,NO,SEA,-1.0,50.0,0.5,1,0.5294105307420558,0.5111237334841738,0.5,rf
2016_08_OAK_TB,2016,8,2016-10-30,TB,OAK,1.0,48.0,0.5262215623771888,0,0.5078941868192035,0.49484195037461104,0.5262215623771888,rf
2016_08_MIN_CHI,2016,8,2016-10-31,CHI,MIN,-5.5,39.5,0.3199224430441105,1,0.2995232824996852,0.33482013430189017,0.3199224430441105,rf
2016_09_ATL_TB,2016,9,2016-11-03,TB,ATL,-4.5,49.0,0.3437781785392245,0,0.30135046664733206,0.3362848010614717,0.3437781785392245,rf
2016_09_PIT_BAL,2016,9,2016-11-06,BAL,PIT,-3.5,46.0,0.4066985645933015,1,0.3711213711021688,0.39101991264017794,0.4066985645933015,rf
2016_09_DAL_CLE,2016,9,2016-11-06,CLE,DAL,-7.0,49.0,0.2749213753136153,0,0.21543234365651032,0.2648034906746945,0.2749213753136153,rf
2016_09_IND_GB,2016,9,2016-11-06,GB,IND,7.5,52.0,0.75416247625433,0,0.7593975360559612,0.695089351953906,0.75416247625433,rf
2016_09_JAX_KC,2016,9,2016-11-06,KC,JAX,7.0,42.5,0.7319034852546917,1,0.9032927958109698,0.8380616141088681,0.7319034852546917,rf
2016_09_CAR_LA,2016,9,2016-11-06,LA,CAR,-3.0,44.5,0.43026174256005734,0,0.42263047917823904,0.430394104089609,0.43026174256005734,rf
2016_09_NYJ_MIA,2016,9,2016-11-06,MIA,NYJ,3.5,45.0,0.6397067958752639,1,0.634246098844259,0.5918132783916794,0.6397067958752639,rf
2016_09_DET_MIN,2016,9,2016-11-06,MIN,DET,4.0,42.5,0.6438780948689375,0,0.637853425172158,0.5946547239232681,0.6438780948689375,rf
2016_09_PHI_NYG,2016,9,2016-11-06,NYG,PHI,3.0,42.5,0.5844112492697988,1,0.4973348870892528,0.4868652443365368,0.5844112492697988,rf
2016_09_DEN_OAK,2016,9,2016-11-06,OAK,DEN,1.0,44.5,0.4930284439486894,1,0.5068296991227593,0.49403750567241195,0.4930284439486894,rf
2016_09_TEN_SD,2016,9,2016-11-06,SD,TEN,3.5,47.5,0.6261005910022917,1,0.6138943775814958,0.5758851064202384,0.6261005910022917,rf
2016_09_NO_SF,2016,9,2016-11-06,SF,NO,-5.0,53.0,0.3366422097539922,0,0.31955476332272365,0.3507776951673304,0.3366422097539922,rf
2016_09_BUF_SEA,2016,9,2016-11-07,SEA,BUF,5.5,43.5,0.6712553934662009,1,0.6928968661719822,0.6388478446376702,0.6712553934662009,rf
2016_10_CLE_BAL,2016,10,2016-11-10,BAL,CLE,7.5,44.0,0.7566244633432689,1,0.8266606358263912,0.7569301930844334,0.7566244633432689,rf
2016_10_SF_ARI,2016,10,2016-11-13,ARI,SF,14.0,46.5,0.8733924168721262,1,0.865593446623134,0.7962337165905553,0.8733924168721262,rf
2016_10_KC_CAR,2016,10,2016-11-13,CAR,KC,3.0,44.0,0.6143408084559349,0,0.5591473693103208,0.5337291772793866,0.6143408084559349,rf
2016_10_HOU_JAX,2016,10,2016-11-13,JAX,HOU,3.0,42.0,0.5949110703209063,0,0.49775139775096566,0.48717977209639324,0.5949110703209063,rf
2016_10_SEA_NE,2016,10,2016-11-13,NE,SEA,7.5,49.5,0.7382366085679627,0,0.665954731592066,0.6170048859376676,0.7382366085679627,rf
2016_10_DEN_NO,2016,10,2016-11-13,NO,DEN,3.0,50.0,0.5860927152317882,0,0.5328536358047825,0.5137339983835062,0.5860927152317882,rf
2016_10_LA_NYJ,2016,10,2016-11-13,NYJ,LA,-1.0,39.0,0.478202846975089,0,0.455670781301189,0.4554097659975695,0.478202846975089,rf
2016_10_ATL_PHI,2016,10,2016-11-13,PHI,ATL,2.0,48.5,0.537852568752202,1,0.5898260454664814,0.55724487501922,0.537852568752202,rf
2016_10_DAL_PIT,2016,10,2016-11-13,PIT,DAL,3.0,50.5,0.6186511705872493,0,0.6875885969058743,0.6345081390269608,0.6186511705872493,rf
2016_10_MIA_SD,2016,10,2016-11-13,SD,MIA,4.0,48.5,0.6487671491207393,0,0.5703010578386297,0.5422516749137762,0.6487671491207393,rf
2016_10_CHI_TB,2016,10,2016-11-13,TB,CHI,-2.5,45.0,0.4224502112251056,1,0.490730076252997,0.4818785185307532,0.4224502112251056,rf
2016_10_GB_TEN,2016,10,2016-11-13,TEN,GB,-3.0,48.5,0.43026174256005734,1,0.3905454176359728,0.4059410331302836,0.43026174256005734,rf
2016_10_MIN_WAS,2016,10,2016-11-13,WAS,MIN,2.5,42.0,0.5775497887748944,1,0.5605768748574242,0.5348199283327961,0.5775497887748944,rf
2016_10_CIN_NYG,2016,10,2016-11-14,NYG,CIN,-1.0,49.5,0.4827086071703758,1,0.4511070754626573,0.45196085264328056,0.4827086071703758,rf
2016_11_NO_CAR,2016,11,2016-11-17,CAR,NO,3.5,52.5,0.6328092676872155,1,0.5903868408036597,0.557677074303335,0.6328092676872155,rf
2016_11_BUF_CIN,2016,11,2016-11-20,CIN,BUF,2.5,48.0,0.562379468921525,0,0.5807006014780187,0.5502247237812229,0.562379468921525,rf
2016_11_PIT_CLE,2016,11,2016-11-20,CLE,PIT,-8.0,45.5,0.2624351932652328,0,0.25904768312308546,0.3018263422070064,0.2624351932652328,rf
2016_11_BAL_DAL,2016,11,2016-11-20,DAL,BAL,7.0,44.5,0.7319034852546917,1,0.7543735059222173,0.6906991178992526,0.7319034852546917,rf
2016_11_JAX_DET,2016,11,2016-11-20,DET,JAX,5.5,47.0,0.6800775569558896,1,0.8085045273304744,0.7395959675595943,0.6800775569558896,rf
2016_11_TEN_IND,2016,11,2016-11-20,IND,TEN,3.0,53.5,0.5697382574399427,1,0.5267044202559897,0.5090732629696514,0.5697382574399427,rf
2016_11_TB_KC,2016,11,2016-11-20,KC,TB,7.0,45.0,0.7258155230596175,0,0.7945803687804763,0.7266523330259828,0.7258155230596175,rf
2016_11_MIA_LA,2016,11,2016-11-20,LA,MIA,1.0,39.0,0.5046466242274987,0,0.4422708169787087,0.44527828141548653,0.5046466242274987,rf
2016_11_ARI_MIN,2016,11,2016-11-20,MIN,ARI,2.0,39.5,0.5419847328244275,1,0.5573013518270642,0.5323212451864486,0.5419847328244275,rf
2016_11_CHI_NYG,2016,11,2016-11-20,NYG,CHI,7.0,41.5,0.7211503458318166,1,0.794699218853307,0.7267616319164266,0.7211503458318166,rf
2016_11_PHI_SEA,2016,11,2016-11-20,SEA,PHI,6.5,43.0,0.7086409898223908,1,0.7186795448278951,0.6602111467982429,0.7086409898223908,rf
2016_11_NE_SF,2016,11,2016-11-20,SF,NE,-10.5,51.5,0.18662519440124417,0,0.17902816008853048,0.23231335749290952,0.18662519440124417,rf
2016_11_GB_WAS,2016,11,2016-11-20,WAS,GB,2.5,48.5,0.556697108066971,1,0.49076230233750884,0.4819028462434469,0.556697108066971,rf
2016_11_HOU_OAK,2016,11,2016-11-21,OAK,HOU,6.5,45.5,0.6996383748138693,1,0.6276141557801118,0.5866042036405,0.6996383748138693,rf
2016_12_WAS_DAL,2016,12,2016-11-24,DAL,WAS,5.5,53.0,0.6810745187212147,1,0.6523350380101688,0.6061227370693416,0.6810745187212147,rf
2016_12_MIN_DET,2016,12,2016-11-24,DET,MIN,2.0,42.0,0.5305667495498585,1,0.5248650040120826,0.5076800104001444,0.5305667495498585,rf
2016_12_PIT_IND,2016,12,2016-11-24,IND,PIT,-8.0,50.0,0.21891418563922943,0,0.3822082481387014,0.39954932910380014,0.21891418563922943,rf
2016_12_ARI_ATL,2016,12,2016-11-27,ATL,ARI,3.5,49.0,0.6358607389362566,1,0.5857405252006899,0.5540989884217863,0.6358607389362566,rf
2016_12_CIN_BAL,2016,12,2016-11-27,BAL,CIN,3.5,42.0,0.6332518337408314,1,0.6285334707932954,0.5873251636506867,0.6332518337408314,rf
2016_12_JAX_BUF,2016,12,2016-11-27,BUF,JAX,8.5,43.5,0.7590361445783131,1,0.9014454649502976,0.8358996459960827,0.7590361445783131,rf
2016_12_TEN_CHI,2016,12,2016-11-27,CHI,TEN,-6.5,41.5,0.303030303030303,0,0.32996142959833236,0.35898771326518997,0.303030303030303,rf
2016_12_NYG_CLE,2016,12,2016-11-27,CLE,NYG,-6.5,47.0,0.28970863363304095,0,0.22968049433295717,0.27709689451440833,0.28970863363304095,rf
2016_12_KC_DEN,2016,12,2016-11-27,DEN,KC,3.5,40.0,0.6261005910022917,0,0.6294247056717281,0.5880244412707977,0.6261005910022917,rf
2016_12_SD_HOU,2016,12,2016-11-27,HOU,SD,-2.5,45.5,0.4519505233111322,0,0.4196273789571619,0.4281135217506345,0.4519505233111322,rf
2016_12_SF_MIA,2016,12,2016-11-27,MIA,SF,7.0,44.5,0.7382366085679627,1,0.7103728641094228,0.6532739267621677,0.7382366085679627,rf
2016_12_LA_NO,2016,12,2016-11-27,NO,LA,7.5,46.0,0.7490809359864622,1,0.7003903908521465,0.6450067428907572,0.7490809359864622,rf
2016_12_NE_NYJ,2016,12,2016-11-27,NYJ,NE,-9.0,48.0,0.21170914420649786,0,0.23197759512193702,0.2790595330291699,0.21170914420649786,rf
2016_12_CAR_OAK,2016,12,2016-11-27,OAK,CAR,3.5,48.5,0.6063931297709924,1,0.5631758420182892,0.5368041271384859,0.6063931297709924,rf
2016_12_SEA_TB,2016,12,2016-11-27,TB,SEA,-5.0,46.0,0.32874460653379906,1,0.38653936234410874,0.40287203502552194,0.32874460653379906,rf
2016_12_GB_PHI,2016,12,2016-11-28,PHI,GB,4.0,47.0,0.6463391320971134,0,0.6575531564199707,0.6102803931987915,0.6463391320971134,rf
2016_13_DAL_MIN,2016,13,2016-12-01,MIN,DAL,-3.0,43.5,0.40995560164630396,0,0.3604505066405739,0.38277489852582713,0.40995560164630396,rf
2016_13_WAS_ARI,2016,13,2016-12-04,ARI,WAS,2.5,48.5,0.556697108066971,1,0.5117555039999891,0.49776069021957264,0.556697108066971,rf
2016_13_KC_ATL,2016,13,2016-12-04,ATL,KC,5.0,50.0,0.658869395711501,0,0.6572276849976487,0.6100206531170402,0.658869395711501,rf
2016_13_MIA_BAL,2016,13,2016-12-04,BAL,MIA,3.5,41.5,0.6332518337408314,1,0.675223958204451,0.624469768970682,0.6332518337408314,rf
2016_13_SF_CHI,2016,13,2016-12-04,CHI,SF,-0.0,44.0,0.4715960714749275,1,0.4264054135899726,0.4332588615887677,0.4715960714749275,rf
2016_13_PHI_CIN,2016,13,2016-12-04,CIN,PHI,1.0,42.0,0.5284039285250725,1,0.500566153888091,0.4893055472071286,0.5284039285250725,rf
2016_13_HOU_GB,2016,13,2016-12-04,GB,HOU,7.0,44.5,0.7390555330360762,1,0.629290348839311,0.5879190012133478,0.7390555330360762,rf
2016_13_DEN_JAX,2016,13,2016-12-04,JAX,DEN,-3.5,39.0,0.3752699784017279,0,0.3303264176547005,0.35927474582800745,0.3752699784017279,rf
2016_13_LA_NE,2016,13,2016-12-04,NE,LA,13.0,44.5,0.8613376835236541,1,0.915956001589764,0.853265705979136,0.8613376835236541,rf
2016_13_DET_NO,2016,13,2016-12-04,NO,DET,6.5,53.0,0.7219084035804293,0,0.623218580686908,0.5831618616790305,0.7219084035804293,rf
2016_13_BUF_OAK,2016,13,2016-12-04,OAK,BUF,3.0,48.5,0.5860927152317882,1,0.5108123877870991,0.49704768971775337,0.5860927152317882,rf
2016_13_NYG_PIT,2016,13,2016-12-04,PIT,NYG,7.0,49.5,0.741037721131946,1,0.7234742756726299,0.6642406361475062,0.741037721131946,rf
2016_13_TB_SD,2016,13,2016-12-04,SD,TB,3.5,49.0,0.6332518337408314,0,0.6486361065436544,0.6031839063384066,0.6332518337408314,rf
2016_13_CAR_SEA,2016,13,2016-12-04,SEA,CAR,8.5,44.0,0.7750359478640011,1,0.7609003531602723,0.6964078101673152,0.7750359478640011,rf
2016_13_IND_NYJ,2016,13,2016-12-05,NYJ,IND,1.0,48.5,0.537852568752202,0,0.47970397374800033,0.47355588063336373,0.537852568752202,rf
2016_14_OAK_KC,2016,14,2016-12-08,KC,OAK,3.5,46.0,0.6499689771835965,1,0.6600094366893527,0.6122424166477504,0.6499689771835965,rf
2016_14_PIT_BUF,2016,14,2016-12-11,BUF,PIT,-1.0,45.5,0.478202846975089,0,0.4825288198606047,0.475687992346326,0.478202846975089,rf
2016_14_SD_CAR,2016,14,2016-12-11,CAR,SD,1.0,48.5,0.5162468054034319,1,0.492190953842804,0.48298137520491724,0.5162468054034319,rf
2016_14_CIN_CLE,2016,14,2016-12-11,CLE,CIN,-4.0,42.0,0.36284835962304085,0,0.29359248172665126,0.33005256436425756,0.36284835962304085,rf
2016_14_CHI_DET,2016,14,2016-12-11,DET,CHI,7.5,42.0,0.7403802739176241,1,0.8382032371774607,0.768252801105701,0.7403802739176241,rf
2016_14_SEA_GB,2016,14,2016-12-11,GB,SEA,-3.0,47.0,0.4224502112251056,1,0.30495548143180734,0.3391690148479566,0.4224502112251056,rf
2016_14_HOU_IND,2016,14,2016-12-11,IND,HOU,6.5,47.5,0.7121294639383801,0,0.6636371806231526,0.6151461096700462,0.7121294639383801,rf
2016_14_MIN_JAX,2016,14,2016-12-11,JAX,MIN,-3.0,38.0,0.3856591915440651,0,0.3636528273172557,0.38525313462493194,0.3856591915440651,rf
2016_14_ATL_LA,2016,14,2016-12-11,LA,ATL,-4.5,44.0,0.341130604288499,0,0.27894297659551304,0.31818286578185767,0.341130604288499,rf
2016_14_ARI_MIA,2016,14,2016-12-11,MIA,ARI,-2.0,44.0,0.46214743124779806,1,0.4086071990534302,0.4197315541215361,0.46214743124779806,rf
2016_14_DAL_NYG,2016,14,2016-12-11,NYG,DAL,-3.5,47.0,0.36674816625916873,1,0.38722073094185805,0.40339431260038505,0.36674816625916873,rf
2016_14_WAS_PHI,2016,14,2016-12-11,PHI,WAS,-1.5,48.5,0.4672897196261682,0,0.4542089762443122,0.45430520015487225,0.4672897196261682,rf
2016_14_NYJ_SF,2016,14,2016-12-11,SF,NYJ,3.0,42.5,0.5792858120125872,0,0.5360361239393404,0.5161481274380875,0.5792858120125872,rf
2016_14_NO_TB,2016,14,2016-12-11,TB,NO,2.0,52.0,0.5480494766888677,1,0.4758105833160253,0.47061722579703064,0.5480494766888677,rf
2016_14_DEN_TEN,2016,14,2016-12-11,TEN,DEN,2.0,44.0,0.5480494766888677,1,0.502587464044587,0.4908323438435107,0.5480494766888677,rf
2016_14_BAL_NE,2016,14,2016-12-12,NE,BAL,6.0,45.5,0.6958254667505769,1,0.6862972994519073,0.6334552637696674,0.6958254667505769,rf
2016_15_LA_SEA,2016,15,2016-12-15,SEA,LA,15.0,39.5,0.8948106591865358,1,0.89596343416529,0.8295606127986693,0.8948106591865358,rf
2016_15_MIA_NYJ,2016,15,2016-12-17,NYJ,MIA,-2.5,40.0,0.4224502112251056,0,0.340720497669515,0.3674243501447903,0.4224502112251056,rf
2016_15_NO_ARI,2016,15,2016-12-18,ARI,NO,3.0,48.5,0.5916792592354435,0,0.5571945463138097,0.5322398074545236,0.5916792592354435,rf
2016_15_SF_ATL,2016,15,2016-12-18,ATL,SF,13.5,51.5,0.8785818358426419,1,0.9314764724979736,0.8729633864597566,0.8785818358426419,rf
2016_15_PHI_BAL,2016,15,2016-12-18,BAL,PHI,5.0,41.0,0.6757296083811425,1,0.6827313629915167,0.6305533065632896,0.6757296083811425,rf
2016_15_CLE_BUF,2016,15,2016-12-18,BUF,CLE,10.5,43.5,0.8035500078232298,1,0.8996138773765432,0.8337691679841122,0.8035500078232298,rf
2016_15_GB_CHI,2016,15,2016-12-18,CHI,GB,-4.5,40.0,0.3242703916188576,0,0.31337013051867474,0.3458735259784617,0.3242703916188576,rf
2016_15_PIT_CIN,2016,15,2016-12-18,CIN,PIT,-3.0,45.5,0.4066985645933015,0,0.42683691252969985,0.43358618834135776,0.4066985645933015,rf
2016_15_TB_DAL,2016,15,2016-12-18,DAL,TB,7.0,47.5,0.7288949897048731,1,0.7594394753801875,0.6951261133158441,0.7288949897048731,rf
2016_15_NE_DEN,2016,15,2016-12-18,DEN,NE,-3.0,43.5,0.413907284768212,0,0.4443470784448879,0.4468491263996292,0.413907284768212,rf
2016_15_JAX_HOU,2016,15,2016-12-18,HOU,JAX,3.5,39.5,0.6332518337408314,1,0.6889357330104972,0.635607703329307,0.6332518337408314,rf
2016_15_TEN_KC,2016,15,2016-12-18,KC,TEN,6.0,43.0,0.690978748012144,0,0.7297705415996304,0.6695613372701826,0.690978748012144,rf
2016_15_IND_MIN,2016,15,2016-12-18,MIN,IND,5.0,44.5,0.6881525568730624,0,0.6607492346415951,0.6128339819662922,0.6881525568730624,rf
2016_15_DET_NYG,2016,15,2016-12-18,NYG,DET,4.0,42.5,0.6463391320971134,1,0.6238747973413201,0.5836752693743924,0.6463391320971134,rf
2016_15_OAK_SD,2016,15,2016-12-18,SD,OAK,-2.5,49.5,0.4519505233111322,0,0.41680999533730106,0.42597264313710903,0.4519505233111322,rf
2016_15_CAR_WAS,2016,15,2016-12-19,WAS,CAR,7.0,50.5,0.7296116239689737,0,0.678291281674274,0.6269511616467819,0.7296116239689737,rf
2016_16_NYG_PHI,2016,16,2016-12-22,PHI,NYG,2.0,42.5,0.5440238883060285,1,0.49544636202609577,0.4854392185347314,0.5440238883060285,rf
2016_16_MIA_BUF,2016,16,2016-12-24,BUF,MIA,4.5,44.5,0.6712553934662009,0,0.6055740883957998,0.5694191797126744,0.6712553934662009,rf
2016_16_ATL_CAR,2016,16,2016-12-24,CAR,ATL,-3.0,48.5,0.413907284768212,0,0.4844501562936014,0.4771381824622427,0.413907284768212,rf
2016_16_WAS_CHI,2016,16,2016-12-24,CHI,WAS,-3.0,49.0,0.4066985645933015,0,0.4177194988770922,0.4266639031901267,0.4066985645933015,rf
2016_16_SD_CLE,2016,16,2016-12-24,CLE,SD,-4.5,45.0,0.3500310228164034,1,0.292181903935504,0.3289155477503887,0.3500310228164034,rf
2016_16_MIN_GB,2016,16,2016-12-24,GB,MIN,6.0,44.5,0.7086409898223908,1,0.7697158573523957,0.7041921259980896,0.7086409898223908,rf
2016_16_CIN_HOU,2016,16,2016-12-24,HOU,CIN,3.0,41.5,0.5916792592354435,1,0.5471621930198615,0.5246001337443797,0.5916792592354435,rf
2016_16_TEN_JAX,2016,16,2016-12-24,JAX,TEN,-4.0,44.0,0.35488721804511275,1,0.33044277453885035,0.35936623816178537,0.35488721804511275,rf
2016_16_SF_LA,2016,16,2016-12-24,LA,SF,6.0,39.5,0.6996383748138693,0,0.6667484487036555,0.61764216982985,0.6996383748138693,rf
2016_16_NYJ_NE,2016,16,2016-12-24,NE,NYJ,17.0,45.0,0.9151868539623641,1,0.9371027383180042,0.8804509891128524,0.9151868539623641,rf
2016_16_TB_NO,2016,16,2016-12-24,NO,TB,3.0,53.0,0.6143408084559349,1,0.5951672317121094,0.5613651360909278,0.6143408084559349,rf
2016_16_IND_OAK,2016,16,2016-12-24,OAK,IND,3.5,52.0,0.6200671122327297,1,0.5475738283889715,0.5249132294155632,0.6200671122327297,rf
2016_16_ARI_SEA,2016,16,2016-12-24,SEA,ARI,9.0,43.5,0.7729422894985808,0,0.8306492682349707,0.76081454450435,0.7729422894985808,rf
2016_16_DEN_KC,2016,16,2016-12-25,KC,DEN,3.5,38.5,0.6397067958752639,1,0.5633260673612759,0.536918862550365,0.6397067958752639,rf
2016_16_BAL_PIT,2016,16,2016-12-25,PIT,BAL,5.5,46.5,0.6969696969696969,1,0.6754487523701701,0.6246514295570853,0.6969696969696969,rf
2016_16_DET_DAL,2016,16,2016-12-26,DAL,DET,6.5,47.0,0.7194329592439458,1,0.6843728260924172,0.6318881196110543,0.7194329592439458,rf
2016_17_NO_ATL,2016,17,2017-01-01,ATL,NO,7.5,58.5,0.7590361445783131,1,0.7655750694121083,0.7005248514336303,0.7590361445783131,rf
2016_17_BAL_CIN,2016,17,2017-01-01,CIN,BAL,-2.5,40.5,0.43391066545123064,1,0.46412079598897693,0.46179229089811236,0.43391066545123064,rf
2016_17_OAK_DEN,2016,17,2017-01-01,DEN,OAK,1.0,40.0,0.5284039285250725,1,0.4926305176440088,0.48331322638453017,0.5284039285250725,rf
2016_17_GB_DET,2016,17,2017-01-01,DET,GB,-3.5,50.0,0.360293204124736,0,0.4303836657345453,0.436275701652525,0.360293204124736,rf
2016_17_JAX_IND,2016,17,2017-01-01,IND,JAX,5.5,48.5,0.6969696969696969,1,0.8015105032403698,0.7330589275360166,0.6969696969696969,rf
2016_17_ARI_LA,2016,17,2017-01-01,LA,ARI,-7.0,39.0,0.277337559429477,0,0.29929116421643875,0.3346339311100246,0.277337559429477,rf
2016_17_NE_MIA,2016,17,2017-01-01,MIA,NE,-7.5,47.0,0.23074365943800232,0,0.27724278228569155,0.31679616863356436,0.23074365943800232,rf
2016_17_CHI_MIN,2016,17,2017-01-01,MIN,CHI,6.0,44.0,0.7013921016108003,1,0.6958610656488025,0.6412794486485598,0.7013921016108003,rf
2016_17_BUF_NYJ,2016,17,2017-01-01,NYJ,BUF,-3.5,43.0,0.360293204124736,1,0.30165141945174706,0.33652586080763525,0.360293204124736,rf
2016_17_DAL_PHI,2016,17,2017-01-01,PHI,DAL,6.5,44.0,0.6930878035761944,1,0.5981213219625341,0.5636477630770832,0.6930878035761944,rf
2016_17_CLE_PIT,2016,17,2017-01-01,PIT,CLE,3.5,41.5,0.6397067958752639,1,0.7272675375917835,0.6674420913786925,0.6397067958752639,rf
2016_17_KC_SD,2016,17,2017-01-01,SD,KC,-5.5,45.0,0.3149976492712741,0,0.2878710340128524,0.32543309758069644,0.3149976492712741,rf
2016_17_SEA_SF,2016,17,2017-01-01,SF,SEA,-11.5,44.5,0.18662519440124417,0,0.21183163390039417,0.26166236205732146,0.18662519440124417,rf
2016_17_CAR_TB,2016,17,2017-01-01,TB,CAR,3.5,44.5,0.6397067958752639,1,0.5570054696193947,0.5320956447550347,0.6397067958752639,rf
2016_17_HOU_TEN,2016,17,2017-01-01,TEN,HOU,3.0,41.5,0.6063931297709924,1,0.5514507562739162,0.5278635692426752,0.6063931297709924,rf
2016_17_NYG_WAS,2016,17,2017-01-01,WAS,NYG,10.0,47.5,0.7918875407389956,0,0.668485753933033,0.6190383108453952,0.7918875407389956,rf
2016_18_OAK_HOU,2016,18,2017-01-07,HOU,OAK,4.0,37.5,0.658869395711501,1,0.6754087146038269,0.6246190720360792,0.658869395711501,rf
2016_18_DET_SEA,2016,18,2017-01-07,SEA,DET,8.0,45.5,0.7770903466472567,1,0.8027903870146326,0.7342497101075722,0.7770903466472567,rf
2016_18_NYG_GB,2016,18,2017-01-08,GB,NYG,5.0,46.5,0.6611281154350678,1,0.6750178232644319,0.624303213840707,0.6611281154350678,rf
2016_18_MIA_PIT,2016,18,2017-01-08,PIT,MIA,11.0,47.5,0.8373061791252026,1,0.7910408592125213,0.7234061885721086,0.8373061791252026,rf
2016_19_SEA_ATL,2016,19,2017-01-14,ATL,SEA,6.5,51.0,0.7137404580152672,1,0.668681137644266,0.619195433187888,0.7137404580152672,rf
2016_19_HOU_NE,2016,19,2017-01-14,NE,HOU,16.0,44.0,0.901095556908095,1,0.8528826413032572,0.7830381494786584,0.901095556908095,rf
2016_19_GB_DAL,2016,19,2017-01-15,DAL,GB,5.5,52.5,0.6810745187212147,0,0.702069917049111,0.6463925635839962,0.6810745187212147,rf
2016_19_PIT_KC,2016,19,2017-01-15,KC,PIT,2.5,45.5,0.5679213219076544,0,0.5087234359105368,0.49546867858700566,0.5679213219076544,rf
2016_20_GB_ATL,2016,20,2017-01-22,ATL,GB,6.5,59.5,0.6958254667505769,1,0.6519240827241589,0.6057958913987098,0.6958254667505769,rf
2016_20_PIT_NE,2016,20,2017-01-22,NE,PIT,5.5,49.5,0.6691291228800332,1,0.6994015743788392,0.6441917877715988,0.6691291228800332,rf
2016_21_NE_ATL,2016,21,2017-02-05,ATL,NE,-3.0,57.0,0.4320786780923455,0,0.4746930102005744,0.46977367657252933,0.4320786780923455,rf
2017_01_KC_NE,2017,1,2017-09-07,NE,KC,8.0,47.5,0.7957704474929974,0,0.7545716231213203,0.7607141816902324,0.7957704474929974,rf
2017_01_NYJ_BUF,2017,1,2017-09-10,BUF,NYJ,7.0,42.0,0.75416247625433,1,0.686888163909267,0.6960354611806641,0.75416247625433,rf
2017_01_ATL_CHI,2017,1,2017-09-10,CHI,ATL,-6.5,48.0,0.28289498367913557,0,0.269280629129292,0.28790361384437646,0.28289498367913557,rf
2017_01_BAL_CIN,2017,1,2017-09-10,CIN,BAL,2.5,41.5,0.5697382574399427,0,0.47096699972885814,0.4879517565532364,0.5697382574399427,rf
2017_01_PIT_CLE,2017,1,2017-09-10,CLE,PIT,-10.0,47.0,0.20128087831655989,0,0.28036918153674095,0.2991189460944428,0.20128087831655989,rf
2017_01_NYG_DAL,2017,1,2017-09-10,DAL,NYG,6.0,46.5,0.6958254667505769,1,0.7085717123878158,0.7167635918894195,0.6958254667505769,rf
2017_01_ARI_DET,2017,1,2017-09-10,DET,ARI,-2.5,48.5,0.47377843762281124,1,0.4972426175756565,0.5135198375454031,0.47377843762281124,rf
2017_01_SEA_GB,2017,1,2017-09-10,GB,SEA,2.5,49.5,0.5586071603727317,1,0.5817865833639089,0.5952492301045602,0.5586071603727317,rf
2017_01_JAX_HOU,2017,1,2017-09-10,HOU,JAX,5.5,38.0,0.6757296083811425,0,0.6987595435257823,0.7073852878316488,0.6757296083811425,rf
2017_01_IND_LA,2017,1,2017-09-10,LA,IND,3.5,41.5,0.6332518337408314,1,0.5604524105084665,0.5746937005141474,0.6332518337408314,rf
2017_01_CAR_SF,2017,1,2017-09-10,SF,CAR,-4.5,45.5,0.3242703916188576,0,0.32074190914790673,0.339707353630413,0.3242703916188576,rf
2017_01_OAK_TEN,2017,1,2017-09-10,TEN,OAK,2.5,49.5,0.5586071603727317,0,0.5386056299065923,0.5535993440540404,0.5586071603727317,rf
2017_01_PHI_WAS,2017,1,2017-09-10,WAS,PHI,-2.0,49.5,0.45801526717557256,0,0.4836020643404163,0.5002577586516567,0.45801526717557256,rf
2017_01_LAC_DEN,2017,1,2017-09-11,DEN,LAC,3.0,41.5,0.5775497887748944,1,0.4940159077472731,0.510384775603207,0.5775497887748944,rf
2017_01_NO_MIN,2017,1,2017-09-11,MIN,NO,3.0,47.5,0.6172248803827751,1,0.6456128559424058,0.6565317764032013,0.6172248803827751,rf
2017_02_HOU_CIN,2017,2,2017-09-14,CIN,HOU,5.5,38.0,0.6859695689558487,0,0.6796890712303322,0.6891504706653758,0.6859695689558487,rf
2017_02_GB_ATL,2017,2,2017-09-17,ATL,GB,3.5,55.0,0.6233496049929973,1,0.6767549806917286,0.6863438627120749,0.6233496049929973,rf
2017_02_CLE_BAL,2017,2,2017-09-17,BAL,CLE,7.5,39.5,0.7437774524158125,1,0.8245289821571327,0.8276335968762387,0.7437774524158125,rf
2017_02_BUF_CAR,2017,2,2017-09-17,CAR,BUF,6.5,43.0,0.7194329592439458,1,0.7201439631014279,0.7278217497835372,0.7194329592439458,rf
2017_02_DAL_DEN,2017,2,2017-09-17,DEN,DAL,-2.5,44.0,0.4519505233111322,1,0.49181054807998315,0.5082413065886177,0.4519505233111322,rf
2017_02_ARI_IND,2017,2,2017-09-17,IND,ARI,-7.0,44.0,0.277337559429477,0,0.4621717254759491,0.47937282484105237,0.277337559429477,rf
2017_02_TEN_JAX,2017,2,2017-09-17,JAX,TEN,-1.0,42.0,0.4827086071703758,0,0.5054398437857494,0.5214784883009044,0.4827086071703758,rf
2017_02_PHI_KC,2017,2,2017-09-17,KC,PHI,4.0,46.5,0.6499689771835965,1,0.6696543482048529,0.6795503501774154,0.6499689771835965,rf
2017_02_WAS_LA,2017,2,2017-09-17,LA,WAS,3.0,45.5,0.5860927152317882,0,0.6000102368034503,0.6127767907006226,0.5860927152317882,rf
2017_02_MIA_LAC,2017,2,2017-09-17,LAC,MIA,3.5,46.5,0.6332518337408314,0,0.6717017487218553,0.6815094054738636,0.6332518337408314,rf
2017_02_NE_NO,2017,2,2017-09-17,NO,NE,-5.5,55.0,0.32874460653379906,0,0.36514338309332894,0.3839416643884448,0.32874460653379906,rf
2017_02_NYJ_OAK,2017,2,2017-09-17,OAK,NYJ,14.0,44.0,0.8733924168721262,1,0.8356831509281444,0.8383298669880517,0.8733924168721262,rf
2017_02_MIN_PIT,2017,2,2017-09-17,PIT,MIN,8.5,43.0,0.7729422894985808,1,0.7664493895657677,0.7720640077480214,0.7729422894985808,rf
2017_02_SF_SEA,2017,2,2017-09-17,SEA,SF,13.5,42.0,0.8677248677248677,1,0.7787886562052395,0.7838580111149976,0.8677248677248677,rf
2017_02_CHI_TB,2017,2,2017-09-17,TB,CHI,7.0,44.0,0.73621103117506,1,0.7601603261965442,0.7660541930745437,0.73621103117506,rf
2017_02_DET_NYG,2017,2,2017-09-18,NYG,DET,3.0,42.0,0.6108836002739845,0,0.5912980255543865,0.6044007263650071,0.6108836002739845,rf
2017_03_LA_SF,2017,3,2017-09-21,SF,LA,-3.0,40.5,0.43026174256005734,0,0.4388900474891455,0.45661084619820114,0.43026174256005734,rf
2017_03_DEN_BUF,2017,3,2017-09-24,BUF,DEN,-3.5,40.0,0.37253858435337944,1,0.40958202234023633,0.4278402163239775,0.37253858435337944,rf
2017_03_NO_CAR,2017,3,2017-09-24,CAR,NO,5.5,46.5,0.690978748012144,0,0.6496798509406119,0.6604277597632867,0.690978748012144,rf
2017_03_PIT_CHI,2017,3,2017-09-24,CHI,PIT,-7.0,43.5,0.2680965147453084,1,0.21066929544270305,0.2280773115350167,0.2680965147453084,rf
2017_03_ATL_DET,2017,3,2017-09-24,DET,ATL,-3.0,51.0,0.38911639972601536,0,0.4501149963333375,0.46759504931124346,0.38911639972601536,rf
2017_03_CIN_GB,2017,3,2017-09-24,GB,CIN,7.0,47.5,0.7516485398646913,1,0.7254825985101708,0.7329225950845583,0.7516485398646913,rf
2017_03_CLE_IND,2017,3,2017-09-24,IND,CLE,1.0,42.0,0.5240193918025562,1,0.5463273197226658,0.5610605766256864,0.5240193918025562,rf
2017_03_BAL_JAX,2017,3,2017-09-24,JAX,BAL,-3.0,38.0,0.3966571791921516,1,0.4186652267762484,0.43677144008542973,0.3966571791921516,rf
2017_03_KC_LAC,2017,3,2017-09-24,LAC,KC,-3.0,47.5,0.4224502112251056,0,0.2615034625462119,0.28001905453723436,0.4224502112251056,rf
2017_03_TB_MIN,2017,3,2017-09-24,MIN,TB,-0.0,41.0,0.5023229882921391,1,0.5352648992143593,0.55036937001907,0.5023229882921391,rf
2017_03_HOU_NE,2017,3,2017-09-24,NE,HOU,13.5,44.5,0.8866224945131528,1,0.7943729849980987,0.7987608086004352,0.8866224945131528,rf
2017_03_MIA_NYJ,2017,3,2017-09-24,NYJ,MIA,-5.5,43.0,0.3253012048192771,1,0.3198293418199373,0.33879395646461535,0.3253012048192771,rf
2017_03_NYG_PHI,2017,3,2017-09-24,PHI,NYG,5.0,42.0,0.6800775569558896,1,0.6965978857844783,0.7053188987198411,0.6800775569558896,rf
2017_03_SEA_TEN,2017,3,2017-09-24,TEN,SEA,2.0,42.0,0.5520062329567589,1,0.4886620094114028,0.5051800643519483,0.5520062329567589,rf
2017_03_OAK_WAS,2017,3,2017-09-24,WAS,OAK,-3.5,53.0,0.36674816625916873,1,0.3725992223987192,0.3913315895035752,0.36674816625916873,rf
2017_03_DAL_ARI,2017,3,2017-09-25,ARI,DAL,-3.0,46.5,0.4122390658104357,0,0.4853420904375641,0.5019508247718865,0.4122390658104357,rf
2017_04_CHI_GB,2017,4,2017-09-28,GB,CHI,7.5,44.0,0.7479106630456372,1,0.7704182884497016,0.7758570966003324,0.7479106630456372,rf
2017_04_SF_ARI,2017,4,2017-10-01,ARI,SF,6.5,43.0,0.7086409898223908,1,0.7414089876701141,0.7481384847919759,0.7086409898223908,rf
2017_04_BUF_ATL,2017,4,2017-10-01,ATL,BUF,8.0,48.0,0.7729422894985808,0,0.7856011877092797,0.7903714666750817,0.7729422894985808,rf
2017_04_PIT_BAL,2017,4,2017-10-01,BAL,PIT,-3.5,42.0,0.36674816625916873,0,0.34047398773756654,0.35941432599766254,0.36674816625916873,rf
2017_04_CIN_CLE,2017,4,2017-10-01,CLE,CIN,-3.0,41.5,0.39360687022900764,0,0.5119540323935867,0.5277973294169083,0.39360687022900764,rf
2017_04_LA_DAL,2017,4,2017-10-01,DAL,LA,5.0,51.0,0.6862401891869245,0,0.6857503143919451,0.6949473750326649,0.6862401891869245,rf
2017_04_OAK_DEN,2017,4,2017-10-01,DEN,OAK,3.5,44.0,0.6332518337408314,1,0.6773081514444151,0.6868730237188957,0.6332518337408314,rf
2017_04_TEN_HOU,2017,4,2017-10-01,HOU,TEN,-2.5,43.0,0.4320786780923455,1,0.49854193448938067,0.5147818859275981,0.4320786780923455,rf
2017_04_PHI_LAC,2017,4,2017-10-01,LAC,PHI,1.5,48.0,0.5262215623771888,0,0.4163315895948536,0.4344781279456445,0.5262215623771888,rf
2017_04_NO_MIA,2017,4,2017-10-01,MIA,NO,-4.0,51.5,0.35366086790288664,0,0.3549049972422769,0.3737766609993986,0.35366086790288664,rf
2017_04_DET_MIN,2017,4,2017-10-01,MIN,DET,2.5,43.0,0.5933014354066986,0,0.5488197101044229,0.5634675947321429,0.5933014354066986,rf
2017_04_CAR_NE,2017,4,2017-10-01,NE,CAR,9.0,48.0,0.7987191216834401,0,0.7449807210853517,0.7515508465198084,0.7987191216834401,rf
2017_04_JAX_NYJ,2017,4,2017-10-01,NYJ,JAX,-4.0,38.5,0.35488721804511275,1,0.4540542117345326,0.4714454062770944,0.35488721804511275,rf
2017_04_IND_SEA,2017,4,2017-10-01,SEA,IND,12.5,41.5,0.8613376835236541,1,0.7886368129926381,0.7932743746219906,0.8613376835236541,rf
2017_04_NYG_TB,2017,4,2017-10-01,TB,NYG,2.5,46.0,0.5679213219076544,1,0.5742178370935993,0.5879614058461607,0.5679213219076544,rf
2017_04_WAS_KC,2017,4,2017-10-02,KC,WAS,6.5,48.0,0.7119235543480806,1,0.6964169377897275,0.7051459198228849,0.7119235543480806,rf
2017_05_NE_TB,2017,5,2017-10-05,TB,NE,-3.5,54.5,0.37253858435337944,0,0.38054378787877907,0.3991946416494002,0.37253858435337944,rf
2017_05_BUF_CIN,2017,5,2017-10-08,CIN,BUF,3.0,39.0,0.5860927152317882,1,0.5033721521724015,0.5194717450118763,0.5860927152317882,rf
2017_05_NYJ_CLE,2017,5,2017-10-08,CLE,NYJ,-1.5,41.5,0.4630595302657377,0,0.4108569748658779,0.4290946488702668,0.4630595302657377,rf
2017_05_GB_DAL,2017,5,2017-10-08,DAL,GB,2.5,52.0,0.5679213219076544,0,0.5650472100898128,0.5791243113557069,0.5679213219076544,rf
2017_05_CAR_DET,2017,5,2017-10-08,DET,CAR,2.0,42.0,0.5520062329567589,0,0.5485457556401461,0.5632030547187936,0.5520062329567589,rf
2017_05_KC_HOU,2017,5,2017-10-08,HOU,KC,-2.0,45.0,0.4519505233111322,0,0.4362766241005719,0.45405077565277174,0.4519505233111322,rf
2017_05_SF_IND,2017,5,2017-10-08,IND,SF,-1.0,43.5,0.5023229882921391,1,0.5181510157933251,0.5338038699331337,0.5023229882921391,rf
2017_05_SEA_LA,2017,5,2017-10-08,LA,SEA,2.0,46.5,0.556697108066971,0,0.5141987646806409,0.5299735907545783,0.556697108066971,rf
2017_05_TEN_MIA,2017,5,2017-10-08,MIA,TEN,-0.0,41.5,0.5172913928296243,1,0.49964714869937077,0.5158552356418068,0.5172913928296243,rf
2017_05_LAC_NYG,2017,5,2017-10-08,NYG,LAC,3.0,45.5,0.6002460024600246,0,0.5682965362173942,0.582256338235745,0.6002460024600246,rf
2017_05_BAL_OAK,2017,5,2017-10-08,OAK,BAL,3.0,40.5,0.5933014354066986,0,0.5484435194710496,0.5631043299647938,0.5933014354066986,rf
2017_05_ARI_PHI,2017,5,2017-10-08,PHI,ARI,6.0,45.0,0.7005177489763459,1,0.6306101213817065,0.6421517789069126,0.7005177489763459,rf
2017_05_JAX_PIT,2017,5,2017-10-08,PIT,JAX,7.5,41.0,0.7490809359864622,0,0.7419287256419168,0.7486350295678375,0.7490809359864622,rf
2017_05_MIN_CHI,2017,5,2017-10-09,CHI,MIN,-3.5,41.0,0.37665039500700276,0,0.2973497531213049,0.3162358858611208,0.37665039500700276,rf
2017_06_PHI_CAR,2017,6,2017-10-12,CAR,PHI,3.0,44.0,0.582716381747207,0,0.6268999466241075,0.6385935075457359,0.582716381747207,rf
2017_06_TB_ARI,2017,6,2017-10-15,ARI,TB,-2.5,46.5,0.44139283962726833,1,0.4265573783741094,0.44452077882702734,0.44139283962726833,rf
2017_06_MIA_ATL,2017,6,2017-10-15,ATL,MIA,14.0,46.0,0.8677248677248677,0,0.8370817535075892,0.8396718492919442,0.8677248677248677,rf
2017_06_CHI_BAL,2017,6,2017-10-15,BAL,CHI,5.5,39.5,0.6757296083811425,0,0.7296353882066141,0.7368902317468199,0.6757296083811425,rf
2017_06_NYG_DEN,2017,6,2017-10-15,DEN,NYG,14.0,37.5,0.8540944738281961,0,0.8850812749759688,0.8858735712787402,0.8540944738281961,rf
2017_06_CLE_HOU,2017,6,2017-10-15,HOU,CLE,7.5,46.0,0.741037721131946,1,0.7885597310418608,0.7932006581544734,0.741037721131946,rf
2017_06_LA_JAX,2017,6,2017-10-15,JAX,LA,1.0,42.0,0.521797153024911,0,0.4999804209289874,0.516178869893874,0.521797153024911,rf
2017_06_PIT_KC,2017,6,2017-10-15,KC,PIT,3.5,46.5,0.6143408084559349,0,0.6185548763762774,0.6305868388172797,0.6143408084559349,rf
2017_06_GB_MIN,2017,6,2017-10-15,MIN,GB,-3.0,46.0,0.413907284768212,1,0.4629571457242258,0.48013936011709324,0.413907284768212,rf
2017_06_DET_NO,2017,6,2017-10-15,NO,DET,6.0,50.5,0.6800775569558896,1,0.7456013572607567,0.7521437947526849,0.6800775569558896,rf
2017_06_NE_NYJ,2017,6,2017-10-15,NYJ,NE,-9.0,48.5,0.21891418563922943,0,0.3132568843597751,0.33221017992342083,0.21891418563922943,rf
2017_06_LAC_OAK,2017,6,2017-10-15,OAK,LAC,3.0,48.5,0.5933014354066986,0,0.5522851194319257,0.5668132676361859,0.5933014354066986,rf
2017_06_SF_WAS,2017,6,2017-10-15,WAS,SF,12.0,46.0,0.8078452160084814,1,0.8396710370561019,0.8421568135472876,0.8078452160084814,rf
2017_06_IND_TEN,2017,6,2017-10-16,TEN,IND,7.0,46.0,0.7211503458318166,1,0.6396614926612995,0.6508290155862969,0.7211503458318166,rf
2017_07_KC_OAK,2017,7,2017-10-19,OAK,KC,-3.0,46.5,0.4066985645933015,1,0.2632375141987429,0.2817783950826693,0.4066985645933015,rf
2017_07_TB_BUF,2017,7,2017-10-22,BUF,TB,3.0,46.5,0.6093979441997063,1,0.4805650167865336,0.4973017325680439,0.6093979441997063,rf
2017_07_CAR_CHI,2017,7,2017-10-22,CHI,CAR,-2.5,39.5,0.4320786780923455,1,0.49444960594187887,0.5108062309021107,0.4320786780923455,rf
2017_07_TEN_CLE,2017,7,2017-10-22,CLE,TEN,-5.5,42.5,0.3199224430441105,0,0.33608477713059903,0.355037701777543,0.3199224430441105,rf
2017_07_NO_GB,2017,7,2017-10-22,GB,NO,-3.5,45.5,0.360293204124736,0,0.4563503916691755,0.4736887619939878,0.360293204124736,rf
2017_07_JAX_IND,2017,7,2017-10-22,IND,JAX,-3.0,41.0,0.4050889296790936,0,0.43874240384631485,0.4564662441805995,0.4050889296790936,rf
2017_07_ARI_LA,2017,7,2017-10-22,LA,ARI,3.0,45.5,0.6063931297709924,1,0.481393878119086,0.4981086012464199,0.6063931297709924,rf
2017_07_DEN_LAC,2017,7,2017-10-22,LAC,DEN,-1.0,41.0,0.5,1,0.49942806437040166,0.5156424796541098,0.5,rf
2017_07_NYJ_MIA,2017,7,2017-10-22,MIA,NYJ,3.0,40.0,0.6002460024600246,1,0.46579753274323826,0.4829107363330538,0.6002460024600246,rf
2017_07_BAL_MIN,2017,7,2017-10-22,MIN,BAL,5.0,37.5,0.6712553934662009,1,0.6402737221616754,0.65141576356186,0.6712553934662009,rf
2017_07_ATL_NE,2017,7,2017-10-22,NE,ATL,3.0,56.5,0.5860927152317882,1,0.5719253465007932,0.5857530072402013,0.5860927152317882,rf
2017_07_SEA_NYG,2017,7,2017-10-22,NYG,SEA,-4.0,39.0,0.341130604288499,0,0.376429859653937,0.39512435984116245,0.341130604288499,rf
2017_07_CIN_PIT,2017,7,2017-10-22,PIT,CIN,4.0,40.0,0.6499689771835965,1,0.624189185406701,0.6359931743331017,0.6499689771835965,rf
2017_07_DAL_SF,2017,7,2017-10-22,SF,DAL,-6.5,48.0,0.29135901017760923,0,0.36607031702665616,0.3848609696050301,0.29135901017760923,rf
2017_07_WAS_PHI,2017,7,2017-10-23,PHI,WAS,5.0,48.5,0.6757296083811425,1,0.6528884757386084,0.6635008486730678,0.6757296083811425,rf
2017_08_MIA_BAL,2017,8,2017-10-26,BAL,MIA,3.0,38.0,0.5949110703209063,1,0.5552219634724157,0.5696477079925186,0.5949110703209063,rf
2017_08_OAK_BUF,2017,8,2017-10-29,BUF,OAK,2.5,47.0,0.5480494766888677,1,0.5117689673588972,0.5276178831874591,0.5480494766888677,rf
2017_08_IND_CIN,2017,8,2017-10-29,CIN,IND,11.0,44.0,0.8133748055987559,1,0.8243580152613518,0.8274697306229962,0.8133748055987559,rf
2017_08_MIN_CLE,2017,8,2017-10-29,CLE,MIN,-11.0,38.5,0.1921547839915187,0,0.2703267253705529,0.2889629806986019,0.1921547839915187,rf
2017_08_PIT_DET,2017,8,2017-10-29,DET,PIT,-3.0,44.5,0.3856591915440651,0,0.4856511896243789,0.5022515410547566,0.3856591915440651,rf
2017_08_LAC_NE,2017,8,2017-10-29,NE,LAC,6.5,49.5,0.7137404580152672,1,0.7724613867787137,0.7778098389023059,0.7137404580152672,rf
2017_08_CHI_NO,2017,8,2017-10-29,NO,CHI,7.5,46.0,0.7590361445783131,1,0.7293958185467353,0.7366613467220241,0.7590361445783131,rf
2017_08_ATL_NYJ,2017,8,2017-10-29,NYJ,ATL,-6.5,43.5,0.2805670407560544,0,0.3549792371499424,0.3738504414142501,0.2805670407560544,rf
2017_08_SF_PHI,2017,8,2017-10-29,PHI,SF,13.0,45.0,0.8613376835236541,1,0.9173765843145927,0.9171944943689989,0.8613376835236541,rf
2017_08_HOU_SEA,2017,8,2017-10-29,SEA,HOU,6.0,45.0,0.6969696969696969,1,0.6759828037523683,0.6856051815842085,0.6969696969696969,rf
2017_08_CAR_TB,2017,8,2017-10-29,TB,CAR,1.5,46.0,0.537852568752202,0,0.5652800528112142,0.5793487810692493,0.537852568752202,rf
2017_08_DAL_WAS,2017,8,2017-10-29,WAS,DAL,-3.0,46.5,0.38911639972601536,0,0.45579480335074873,0.473146024159847,0.38911639972601536,rf
2017_08_DEN_KC,2017,8,2017-10-30,KC,DEN,7.0,42.0,0.7382366085679627,1,0.8061702938961433,0.8100494969150862,0.7382366085679627,rf
2017_09_BUF_NYJ,2017,9,2017-11-02,NYJ,BUF,-3.0,42.0,0.3785271851342051,1,0.43624109220582485,0.4540159620126148,0.3785271851342051,rf
2017_09_ATL_CAR,2017,9,2017-11-05,CAR,ATL,-3.0,42.0,0.4172836182527931,1,0.4201182329447031,0.43819889665870054,0.4172836182527931,rf
2017_09_KC_DAL,2017,9,2017-11-05,DAL,KC,2.0,53.0,0.5480494766888677,1,0.4993828329858905,0.5155985540642394,0.5480494766888677,rf
2017_09_IND_HOU,2017,9,2017-11-05,HOU,IND,6.0,45.0,0.6996383748138693,0,0.6624070212728437,0.672614290899413,0.6996383748138693,rf
2017_09_CIN_JAX,2017,9,2017-11-05,JAX,CIN,6.0,38.0,0.6800775569558896,1,0.6794951324124805,0.6889649681613458,0.6800775569558896,rf
2017_09_OAK_MIA,2017,9,2017-11-05,MIA,OAK,-3.0,44.5,0.4066985645933015,0,0.40123919609946923,0.41962499824971494,0.4066985645933015,rf
2017_09_TB_NO,2017,9,2017-11-05,NO,TB,7.0,54.0,0.7319034852546917,1,0.7548872942834212,0.7610157947701502,0.7319034852546917,rf
2017_09_LA_NYG,2017,9,2017-11-05,NYG,LA,-5.5,42.5,0.3050817654299279,0,0.43000281332585244,0.44790079474174355,0.3050817654299279,rf
2017_09_DEN_PHI,2017,9,2017-11-05,PHI,DEN,7.0,41.0,0.7319034852546917,1,0.7459685878516822,0.7524946432791775,0.7319034852546917,rf
2017_09_WAS_SEA,2017,9,2017-11-05,SEA,WAS,8.0,44.5,0.7770903466472567,0,0.8353904297441354,0.8380490198238457,0.7770903466472567,rf
2017_09_ARI_SF,2017,9,2017-11-05,SF,ARI,-2.5,39.0,0.4479937670432412,0,0.36094779241529884,0.3797785704121663,0.4479937670432412,rf
2017_09_BAL_TEN,2017,9,2017-11-05,TEN,BAL,3.0,41.0,0.6172248803827751,1,0.586600556437104,0.5998819673562917,0.6172248803827751,rf
2017_09_DET_GB,2017,9,2017-11-06,GB,DET,-2.5,42.5,0.4479937670432412,0,0.42223396176598343,0.44027682002117735,0.4479937670432412,rf
2017_10_SEA_ARI,2017,10,2017-11-09,ARI,SEA,-6.0,40.0,0.3069121964238057,0,0.2560278818660639,0.2744584834260953,0.3069121964238057,rf
2017_10_DAL_ATL,2017,10,2017-11-12,ATL,DAL,3.5,49.0,0.6332518337408314,1,0.6329010858375094,0.6443485156356369,0.6332518337408314,rf
2017_10_NO_BUF,2017,10,2017-11-12,BUF,NO,-2.0,48.5,0.4519505233111322,0,0.48893568286382105,0.505446199862543,0.4519505233111322,rf
2017_10_GB_CHI,2017,10,2017-11-12,CHI,GB,4.5,37.5,0.6757296083811425,0,0.6236666802042921,0.6354918993521985,0.6757296083811425,rf
2017_10_NE_DEN,2017,10,2017-11-12,DEN,NE,-7.0,45.0,0.28289498367913557,0,0.2546918033242402,0.27310047140681165,0.28289498367913557,rf
2017_10_CLE_DET,2017,10,2017-11-12,DET,CLE,10.5,42.5,0.7987191216834401,1,0.8503571973368769,0.8524198804086505,0.7987191216834401,rf
2017_10_PIT_IND,2017,10,2017-11-12,IND,PIT,-10.5,47.0,0.1952054794520548,0,0.269757725920019,0.28838679725136696,0.1952054794520548,rf
2017_10_LAC_JAX,2017,10,2017-11-12,JAX,LAC,5.0,40.5,0.6712553934662009,1,0.6676323855296183,0.6776154613234184,0.6712553934662009,rf
2017_10_HOU_LA,2017,10,2017-11-12,LA,HOU,12.0,45.0,0.8460275097515911,1,0.7863845310670715,0.7911205278338699,0.8460275097515911,rf
2017_10_NYG_SF,2017,10,2017-11-12,SF,NYG,-3.0,41.5,0.3966571791921516,1,0.4037039244615562,0.4220532398035257,0.3966571791921516,rf
2017_10_NYJ_TB,2017,10,2017-11-12,TB,NYJ,1.0,44.5,0.5419847328244275,1,0.515774234827357,0.5315006552311594,0.5419847328244275,rf
2017_10_CIN_TEN,2017,10,2017-11-12,TEN,CIN,4.5,40.5,0.6712553934662009,1,0.6439749444841141,0.6549624826185108,0.6712553934662009,rf
2017_10_MIN_WAS,2017,10,2017-11-12,WAS,MIN,-1.0,43.0,0.5023229882921391,0,0.40601041540335253,0.42432466202346353,0.5023229882921391,rf
2017_10_MIA_CAR,2017,10,2017-11-13,CAR,MIA,8.0,38.5,0.7664138242829156,1,0.7766244843918916,0.7817891697752363,0.7664138242829156,rf
2017_11_TEN_PIT,2017,11,2017-11-16,PIT,TEN,7.0,44.5,0.741037721131946,1,0.766289471414412,0.7719111808124874,0.741037721131946,rf
2017_11_DET_CHI,2017,11,2017-11-19,CHI,DET,-3.0,41.0,0.4066985645933015,0,0.4113767775193294,0.42960600873683863,0.4066985645933015,rf
2017_11_JAX_CLE,2017,11,2017-11-19,CLE,JAX,-7.5,37.0,0.2617633914320373,0,0.2878815903456856,0.3067001405724675,0.2617633914320373,rf
2017_11_PHI_DAL,2017,11,2017-11-19,DAL,PHI,-6.0,48.0,0.31694966877331915,0,0.5174427990272847,0.5331176416605047,0.31694966877331915,rf
2017_11_CIN_DEN,2017,11,2017-11-19,DEN,CIN,2.5,37.5,0.5933014354066986,0,0.5394479919018577,0.554413593208177,0.5933014354066986,rf
2017_11_BAL_GB,2017,11,2017-11-19,GB,BAL,-2.5,38.5,0.44139283962726833,0,0.45405706212623603,0.47144819156229845,0.44139283962726833,rf
2017_11_ARI_HOU,2017,11,2017-11-19,HOU,ARI,2.5,38.0,0.5520062329567589,1,0.5515452562725576,0.5660990684604169,0.5520062329567589,rf
2017_11_BUF_LAC,2017,11,2017-11-19,LAC,BUF,7.0,41.5,0.7319034852546917,1,0.6920125683438612,0.7009352400254957,0.7319034852546917,rf
2017_11_TB_MIA,2017,11,2017-11-19,MIA,TB,-1.0,44.0,0.46943325045014145,0,0.4132033515735245,0.43140256389570725,0.46943325045014145,rf
2017_11_LA_MIN,2017,11,2017-11-19,MIN,LA,1.0,46.0,0.5262215623771888,1,0.5892659092070385,0.6024461420884993,0.5262215623771888,rf
2017_11_WAS_NO,2017,11,2017-11-19,NO,WAS,9.5,52.5,0.7641509433962264,1,0.7975236898738828,0.8017749766081053,0.7641509433962264,rf
2017_11_KC_NYG,2017,11,2017-11-19,NYG,KC,-10.0,44.5,0.22290965335274313,1,0.2507772585170298,0.2691189326907312,0.22290965335274313,rf
2017_11_NE_OAK,2017,11,2017-11-19,OAK,NE,-7.0,55.0,0.27418447694038245,0,0.2025747913530047,0.21973626150810147,0.27418447694038245,rf
2017_11_ATL_SEA,2017,11,2017-11-20,SEA,ATL,1.0,46.0,0.5195545777019441,0,0.552415597528209,0.5669392141582602,0.5195545777019441,rf
2017_12_LAC_DAL,2017,12,2017-11-23,DAL,LAC,-1.0,46.5,0.47377843762281124,0,0.5316135932609444,0.5468377572809927,0.47377843762281124,rf
2017_12_MIN_DET,2017,12,2017-11-23,DET,MIN,-2.5,46.0,0.43949878436506445,0,0.5656452994461726,0.5797008833052363,0.43949878436506445,rf
2017_12_NYG_WAS,2017,12,2017-11-23,WAS,NYG,7.0,44.0,0.7382366085679627,1,0.6648769311491413,0.6749783817915922,0.7382366085679627,rf
2017_12_JAX_ARI,2017,12,2017-11-26,ARI,JAX,-6.5,37.5,0.2949369162706865,1,0.31461005206220866,0.3335664497851704,0.2949369162706865,rf
2017_12_TB_ATL,2017,12,2017-11-26,ATL,TB,10.5,47.0,0.8047945205479452,1,0.8207045719124187,0.8239685707390246,0.8047945205479452,rf
2017_12_CLE_CIN,2017,12,2017-11-26,CIN,CLE,7.5,39.0,0.741037721131946,1,0.7700636388879768,0.7755181420195593,0.741037721131946,rf
2017_12_TEN_IND,2017,12,2017-11-26,IND,TEN,-3.0,46.5,0.37993288776727036,0,0.3841317365929769,0.4027420342521751,0.37993288776727036,rf
2017_12_BUF_KC,2017,12,2017-11-26,KC,BUF,8.5,47.5,0.7590361445783131,0,0.7589718697553083,0.7649185843259472,0.7590361445783131,rf
2017_12_NO_LA,2017,12,2017-11-26,LA,NO,2.5,54.0,0.5775497887748944,1,0.597871755836644,0.610721372945003,0.5775497887748944,rf
2017_12_MIA_NE,2017,12,2017-11-26,NE,MIA,17.0,49.0,0.9022482893450635,1,0.8712156851310893,0.872493200224572,0.9022482893450635,rf
2017_12_CAR_NYJ,2017,12,2017-11-26,NYJ,CAR,-5.5,39.5,0.309021251987856,0,0.3230993067354464,0.34206606603539097,0.309021251987856,rf
2017_12_DEN_OAK,2017,12,2017-11-26,OAK,DEN,3.5,41.0,0.658869395711501,1,0.6087417134083031,0.6211655115784713,0.658869395711501,rf
2017_12_CHI_PHI,2017,12,2017-11-26,PHI,CHI,14.0,43.5,0.8613376835236541,1,0.9424650288588508,0.9417418748175896,0.8613376835236541,rf
2017_12_GB_PIT,2017,12,2017-11-26,PIT,GB,14.0,43.0,0.8785818358426419,1,0.8619233185585798,0.8635432732409393,0.8785818358426419,rf
2017_12_SEA_SF,2017,12,2017-11-26,SF,SEA,-7.0,45.0,0.277337559429477,0,0.23231892645997138,0.25028833197198525,0.277337559429477,rf
2017_12_HOU_BAL,2017,12,2017-11-27,BAL,HOU,7.5,39.5,0.7625073404459873,1,0.7654473625094981,0.7711064221539162,0.7625073404459873,rf
2017_13_WAS_DAL,2017,13,2017-11-30,DAL,WAS,-1.5,47.0,0.46943325045014145,1,0.423439516408595,0.44146051492059357,0.46943325045014145,rf
2017_13_LA_ARI,2017,13,2017-12-03,ARI,LA,-7.5,43.0,0.2617633914320373,0,0.3018928253540315,0.32080398679994704,0.2617633914320373,rf
2017_13_MIN_ATL,2017,13,2017-12-03,ATL,MIN,2.0,48.5,0.534834771627026,0,0.5716410958150127,0.5854791504533108,0.534834771627026,rf
2017_13_DET_BAL,2017,13,2017-12-03,BAL,DET,2.5,43.0,0.5500363507751557,1,0.5201526134729548,0.5357430135449694,0.5500363507751557,rf
2017_13_NE_BUF,2017,13,2017-12-03,BUF,NE,-7.5,48.5,0.25354213273676357,0,0.21594591790078743,0.2335036946114718,0.25354213273676357,rf
2017_13_SF_CHI,2017,13,2017-12-03,CHI,SF,2.5,42.0,0.5660893345487694,0,0.5754111563908826,0.5891107670805863,0.5660893345487694,rf
2017_13_TB_GB,2017,13,2017-12-03,GB,TB,3.0,45.0,0.6033428208078484,1,0.5487043143947586,0.5633561655177143,0.6033428208078484,rf
2017_13_IND_JAX,2017,13,2017-12-03,JAX,IND,10.0,41.0,0.7953615279672579,1,0.8704113993998801,0.8717180426592607,0.7953615279672579,rf
2017_13_CLE_LAC,2017,13,2017-12-03,LAC,CLE,13.5,45.0,0.8619190981732576,1,0.8982040421060654,0.8985706931021803,0.8619190981732576,rf
2017_13_DEN_MIA,2017,13,2017-12-03,MIA,DEN,-1.0,41.0,0.47377843762281124,1,0.4876995780387664,0.5042440658960516,0.47377843762281124,rf
2017_13_CAR_NO,2017,13,2017-12-03,NO,CAR,5.5,48.0,0.6958254667505769,1,0.6998516608461703,0.7084292272050707,0.6958254667505769,rf
2017_13_KC_NYJ,2017,13,2017-12-03,NYJ,KC,-3.5,44.0,0.360293204124736,1,0.35894202338926273,0.3777871518561624,0.360293204124736,rf
2017_13_NYG_OAK,2017,13,2017-12-03,OAK,NYG,10.0,43.0,0.7987191216834401,1,0.7413300802068485,0.7480630986067235,0.7987191216834401,rf
2017_13_PHI_SEA,2017,13,2017-12-03,SEA,PHI,-3.5,46.5,0.360293204124736,1,0.38066257657653024,0.39931212460432164,0.360293204124736,rf
2017_13_HOU_TEN,2017,13,2017-12-03,TEN,HOU,7.0,42.5,0.722662440570523,1,0.6983044360787344,0.7069502480911706,0.722662440570523,rf
2017_13_PIT_CIN,2017,13,2017-12-04,CIN,PIT,-4.5,42.5,0.33553809375770505,0,0.2618897447353697,0.2804110374531258,0.33553809375770505,rf
2017_14_NO_ATL,2017,14,2017-12-07,ATL,NO,2.5,51.5,0.5586071603727317,1,0.6150030613015658,0.6271776286583606,0.5586071603727317,rf
2017_14_TEN_ARI,2017,14,2017-12-10,ARI,TEN,-2.5,42.0,0.4259645555419216,1,0.4543884040499624,0.4717719572871717,0.4259645555419216,rf
2017_14_IND_BUF,2017,14,2017-12-10,BUF,IND,3.5,36.5,0.6274614156466205,1,0.6462333048659982,0.6571261940725195,0.6274614156466205,rf
2017_14_MIN_CAR,2017,14,2017-12-10,CAR,MIN,-2.5,40.5,0.4519505233111322,1,0.46088442191733825,0.4781162873955396,0.4519505233111322,rf
2017_14_CHI_CIN,2017,14,2017-12-10,CIN,CHI,6.0,40.5,0.7050630837293135,0,0.7331433444129992,0.7402416997064174,0.7050630837293135,rf
2017_14_GB_CLE,2017,14,2017-12-10,CLE,GB,-2.5,38.5,0.4433028919330289,0,0.4242792313236311,0.4422848678863685,0.4433028919330289,rf
2017_14_NYJ_DEN,2017,14,2017-12-10,DEN,NYJ,-1.0,40.5,0.5023229882921391,1,0.47740261730821687,0.494222413030504,0.5023229882921391,rf
2017_14_SF_HOU,2017,14,2017-12-10,HOU,SF,1.0,45.5,0.537852568752202,0,0.570786374549926,0.5846556389866376,0.537852568752202,rf
2017_14_SEA_JAX,2017,14,2017-12-10,JAX,SEA,3.0,41.0,0.5740354444580784,1,0.6375608855845653,0.6488156720729502,0.5740354444580784,rf
2017_14_OAK_KC,2017,14,2017-12-10,KC,OAK,4.5,48.5,0.6600024206947392,1,0.677798872634542,0.6873424359661352,0.6600024206947392,rf
2017_14_PHI_LA,2017,14,2017-12-10,LA,PHI,-1.0,47.5,0.478202846975089,0,0.5495224191906981,0.5641461207675341,0.478202846975089,rf
2017_14_WAS_LAC,2017,14,2017-12-10,LAC,WAS,6.0,46.5,0.7086409898223908,1,0.7421781123703692,0.7488732876865324,0.7086409898223908,rf
2017_14_DAL_NYG,2017,14,2017-12-10,NYG,DAL,-4.0,42.0,0.35488721804511275,0,0.30373835864264337,0.3226583392154174,0.35488721804511275,rf
2017_14_BAL_PIT,2017,14,2017-12-10,PIT,BAL,6.0,43.0,0.6921645130114186,1,0.6702338716454035,0.6801048849775592,0.6921645130114186,rf
2017_14_DET_TB,2017,14,2017-12-10,TB,DET,-0.0,47.5,0.46214743124779806,0,0.5050309398713269,0.5210816782239882,0.46214743124779806,rf
2017_14_NE_MIA,2017,14,2017-12-11,MIA,NE,-10.0,48.0,0.19066553679681894,1,0.19368566018666364,0.2105522589105971,0.19066553679681894,rf
2017_15_DEN_IND,2017,15,2017-12-14,IND,DEN,-3.0,40.5,0.4224502112251056,0,0.4289003975491994,0.44681951168765,0.4224502112251056,rf
2017_15_CHI_DET,2017,15,2017-12-16,DET,CHI,5.0,43.5,0.6859695689558487,1,0.5928972287525939,0.6059386789415735,0.6859695689558487,rf
2017_15_LAC_KC,2017,15,2017-12-16,KC,LAC,1.0,47.0,0.5172913928296243,1,0.5160720312783137,0.5317892698152744,0.5172913928296243,rf
2017_15_MIA_BUF,2017,15,2017-12-17,BUF,MIA,3.5,39.5,0.6332518337408314,1,0.59537525978066,0.6083213944148118,0.6332518337408314,rf
2017_15_GB_CAR,2017,15,2017-12-17,CAR,GB,3.0,46.5,0.5860927152317882,1,0.532079597614401,0.5472885653772476,0.5860927152317882,rf
2017_15_BAL_CLE,2017,15,2017-12-17,CLE,BAL,-6.5,42.0,0.2949369162706865,0,0.26657571643123046,0.2851631028886375,0.2949369162706865,rf
2017_15_HOU_JAX,2017,15,2017-12-17,JAX,HOU,10.5,39.0,0.7987191216834401,1,0.8586090649458183,0.860354120088423,0.7987191216834401,rf
2017_15_CIN_MIN,2017,15,2017-12-17,MIN,CIN,12.5,42.5,0.8460275097515911,1,0.8495878109257081,0.8516805313052577,0.8460275097515911,rf
2017_15_NYJ_NO,2017,15,2017-12-17,NO,NYJ,16.5,47.0,0.89070042808999,1,0.8522044511315141,0.8541953016623871,0.89070042808999,rf
2017_15_PHI_NYG,2017,15,2017-12-17,NYG,PHI,-7.5,40.5,0.2680965147453084,0,0.2517037362389683,0.2700616359231712,0.2680965147453084,rf
2017_15_DAL_OAK,2017,15,2017-12-17,OAK,DAL,-3.0,46.0,0.4259645555419216,0,0.3936775991927273,0.4121688915853909,0.4259645555419216,rf
2017_15_NE_PIT,2017,15,2017-12-17,PIT,NE,-2.5,53.0,0.4320786780923455,0,0.5358954404758172,0.5509790971715688,0.4320786780923455,rf
2017_15_LA_SEA,2017,15,2017-12-17,SEA,LA,-1.0,47.5,0.5,0,0.4792299747463081,0.4960019244388264,0.5,rf
2017_15_TEN_SF,2017,15,2017-12-17,SF,TEN,2.5,44.5,0.537852568752202,1,0.5159827207917539,0.5317027140836974,0.537852568752202,rf
2017_15_ARI_WAS,2017,15,2017-12-17,WAS,ARI,4.0,40.0,0.6527218785216531,1,0.648452697291196,0.6592522997753384,0.6527218785216531,rf
2017_15_ATL_TB,2017,15,2017-12-18,TB,ATL,-7.0,49.5,0.2562225475841874,0,0.2695101210701579,0.28813604072823545,0.2562225475841874,rf
2017_16_IND_BAL,2017,16,2017-12-23,BAL,IND,13.5,41.0,0.8677248677248677,1,0.8510427392570624,0.8530787169225659,0.8677248677248677,rf
2017_16_MIN_GB,2017,16,2017-12-23,GB,MIN,-8.5,41.0,0.21891418563922943,0,0.29575785633997365,0.31463409299252276,0.21891418563922943,rf
2017_16_NYG_ARI,2017,16,2017-12-24,ARI,NYG,3.0,39.0,0.6186511705872493,1,0.622431470498746,0.6343068066947227,0.6186511705872493,rf
2017_16_TB_CAR,2017,16,2017-12-24,CAR,TB,10.0,46.5,0.7987191216834401,1,0.8253501422095038,0.8284206850213165,0.7987191216834401,rf
2017_16_CLE_CHI,2017,16,2017-12-24,CHI,CLE,5.5,37.0,0.6800775569558896,1,0.752363924263636,0.7586048317094248,0.6800775569558896,rf
2017_16_DET_CIN,2017,16,2017-12-24,CIN,DET,-3.0,43.5,0.40832074076455643,1,0.3026454002677396,0.32156025154437623,0.40832074076455643,rf
2017_16_SEA_DAL,2017,16,2017-12-24,DAL,SEA,4.5,47.0,0.664461906242295,0,0.6682067520387805,0.6781651111274569,0.664461906242295,rf
2017_16_MIA_KC,2017,16,2017-12-24,KC,MIA,11.0,43.5,0.8161598505168621,1,0.784820790809649,0.7896252461485824,0.8161598505168621,rf
2017_16_BUF_NE,2017,16,2017-12-24,NE,BUF,11.0,47.5,0.8161598505168621,1,0.860858891462376,0.8625188622827309,0.8161598505168621,rf
2017_16_ATL_NO,2017,16,2017-12-24,NO,ATL,5.5,52.0,0.690978748012144,1,0.6748510095723703,0.6845224409827708,0.690978748012144,rf
2017_16_LAC_NYJ,2017,16,2017-12-24,NYJ,LAC,-7.5,42.5,0.2680965147453084,0,0.2651158519418428,0.28368325185765225,0.2680965147453084,rf
2017_16_JAX_SF,2017,16,2017-12-24,SF,JAX,-4.0,43.0,0.341130604288499,1,0.2875793529302568,0.30639539745717415,0.341130604288499,rf
2017_16_LA_TEN,2017,16,2017-12-24,TEN,LA,-5.5,46.0,0.3199224430441105,0,0.2688187561425326,0.2874357936699433,0.3199224430441105,rf
2017_16_DEN_WAS,2017,16,2017-12-24,WAS,DEN,3.0,39.5,0.6002460024600246,1,0.5595188526280903,0.5737932578207487,0.6002460024600246,rf
2017_16_PIT_HOU,2017,16,2017-12-25,HOU,PIT,-8.0,45.5,0.21891418563922943,0,0.23244652688215744,0.25041883331968345,0.21891418563922943,rf
2017_16_OAK_PHI,2017,16,2017-12-25,PHI,OAK,10.0,46.0,0.7882908557935022,1,0.8669275725334196,0.8683615307373124,0.7882908557935022,rf
2017_17_CAR_ATL,2017,17,2017-12-31,ATL,CAR,5.0,44.5,0.6859695689558487,1,0.6391627587780936,0.6503510234210076,0.6859695689558487,rf
2017_17_CIN_BAL,2017,17,2017-12-31,BAL,CIN,8.0,40.0,0.768632470217584,0,0.8390875801725064,0.8415968054095995,0.768632470217584,rf
2017_17_KC_DEN,2017,17,2017-12-31,DEN,KC,3.0,37.5,0.6172970557014359,0,0.5467743113772234,0.5614923036157781,0.6172970557014359,rf
2017_17_GB_DET,2017,17,2017-12-31,DET,GB,7.5,45.0,0.741037721131946,1,0.6900383641352937,0.6990476706847175,0.741037721131946,rf
2017_17_HOU_IND,2017,17,2017-12-31,IND,HOU,5.5,42.0,0.67719847402915,1,0.6081398026337965,0.6205874109093618,0.67719847402915,rf
2017_17_SF_LA,2017,17,2017-12-31,LA,SF,-6.5,44.5,0.28507217303428406,0,0.5076996033620477,0.5236710520986863,0.28507217303428406,rf
2017_17_OAK_LAC,2017,17,2017-12-31,LAC,OAK,7.0,43.0,0.7353719494266393,1,0.7560031713335149,0.7620819871418635,0.7353719494266393,rf
2017_17_BUF_MIA,2017,17,2017-12-31,MIA,BUF,-2.5,41.5,0.4479937670432412,0,0.4335719135073257,0.45140018937284865,0.4479937670432412,rf
2017_17_CHI_MIN,2017,17,2017-12-31,MIN,CHI,13.5,38.0,0.8573227024758707,1,0.8765957908425577,0.8776811221844102,0.8573227024758707,rf
2017_17_NYJ_NE,2017,17,2017-12-31,NE,NYJ,17.0,43.5,0.8987444309437019,1,0.9460105983834957,0.9452321379345574,0.8987444309437019,rf
2017_17_WAS_NYG,2017,17,2017-12-31,NYG,WAS,-5.0,41.0,0.32280152597085005,1,0.2898384414277904,0.30867268934281367,0.32280152597085005,rf
2017_17_DAL_PHI,2017,17,2017-12-31,PHI,DAL,-3.5,41.0,0.35211267605633806,0,0.5009118306960023,0.5170832720095947,0.35211267605633806,rf
2017_17_CLE_PIT,2017,17,2017-12-31,PIT,CLE,5.0,38.5,0.6579876434245368,1,0.7876006173817265,0.7922834405315728,0.6579876434245368,rf
2017_17_ARI_SEA,2017,17,2017-12-31,SEA,ARI,8.0,38.0,0.7702931911800339,0,0.8114375802989956,0.8150922213505538,0.7702931911800339,rf
2017_17_NO_TB,2017,17,2017-12-31,TB,NO,-6.0,49.0,0.303030303030303,1,0.2979132885159989,0.31680278387655003,0.303030303030303,rf
2017_17_JAX_TEN,2017,17,2017-12-31,TEN,JAX,2.5,40.0,0.5660893345487694,1,0.4908053129629276,0.5072640790682281,0.5660893345487694,rf
2017_18_TEN_KC,2017,18,2018-01-06,KC,TEN,8.5,44.0,0.7918875407389956,0,0.7686858809876831,0.7742013851554357,0.7918875407389956,rf
2017_18_ATL_LA,2017,18,2018-01-06,LA,ATL,6.5,48.0,0.6969696969696969,0,0.6213971723197602,0.6333143960072246,0.6969696969696969,rf
2017_18_BUF_JAX,2017,18,2018-01-07,JAX,BUF,8.5,39.5,0.7810858143607706,1,0.7452179053486594,0.7517774492553795,0.7810858143607706,rf
2017_18_CAR_NO,2017,18,2018-01-07,NO,CAR,6.5,47.5,0.7086409898223908,1,0.7082778100311459,0.716482715598491,0.7086409898223908,rf
2017_19_TEN_NE,2017,19,2018-01-13,NE,TEN,13.5,48.0,0.8625546306734823,1,0.8778116356693173,0.8788541995678752,0.8625546306734823,rf
2017_19_ATL_PHI,2017,19,2018-01-13,PHI,ATL,-2.5,40.0,0.4433028919330289,1,0.5235241658902241,0.5390083423032368,0.4433028919330289,rf
2017_19_NO_MIN,2017,19,2018-01-14,MIN,NO,5.5,47.0,0.6800775569558896,1,0.6604035386335448,0.6706964376712248,0.6800775569558896,rf
2017_19_JAX_PIT,2017,19,2018-01-14,PIT,JAX,7.0,40.5,0.7194329592439458,0,0.6837827749381369,0.6930657828310737,0.7194329592439458,rf
2017_20_JAX_NE,2017,20,2018-01-21,NE,JAX,7.5,46.0,0.7490809359864622,1,0.7021174316260433,0.7105949505971824,0.7490809359864622,rf
2017_20_MIN_PHI,2017,20,2018-01-21,PHI,MIN,-3.0,39.0,0.41899204424013164,1,0.5433604818138473,0.5581945394351864,0.41899204424013164,rf
2017_21_PHI_NE,2017,21,2018-02-04,NE,PHI,4.5,48.5,0.6527218785216531,0,0.7041260801336183,0.7125148030793782,0.6527218785216531,rf
2018_01_ATL_PHI,2018,1,2018-09-06,PHI,ATL,1.0,44.5,0.5023229882921391,1,0.5171431187053535,0.5177808577879486,0.5023229882921391,rf
2018_01_WAS_ARI,2018,1,2018-09-09,ARI,WAS,2.0,43.5,0.5500363507751557,0,0.578920002601719,0.578876248337061,0.5500363507751557,rf
2018_01_BUF_BAL,2018,1,2018-09-09,BAL,BUF,7.5,39.0,0.7613990927921551,1,0.6884331688234474,0.6872795908242105,0.7613990927921551,rf
2018_01_DAL_CAR,2018,1,2018-09-09,CAR,DAL,2.5,42.5,0.5833751631362314,1,0.6023058828458011,0.6020092154225595,0.5833751631362314,rf
2018_01_SEA_DEN,2018,1,2018-09-09,DEN,SEA,3.0,42.5,0.6205588133839255,1,0.5474927125341527,0.5477947722651636,0.6205588133839255,rf
2018_01_CHI_GB,2018,1,2018-09-09,GB,CHI,6.5,45.0,0.7129371711544413,1,0.6538182078914763,0.6529904820911046,0.7129371711544413,rf
2018_01_CIN_IND,2018,1,2018-09-09,IND,CIN,-1.0,47.5,0.5,0,0.46422601463667085,0.4654384533133751,0.5,rf
2018_01_KC_LAC,2018,1,2018-09-09,LAC,KC,3.5,48.0,0.6332518337408314,0,0.6650518614763793,0.6641150753625127,0.6332518337408314,rf
2018_01_TEN_MIA,2018,1,2018-09-09,MIA,TEN,-1.0,43.5,0.478202846975089,1,0.48793854562607114,0.4888963075885796,0.478202846975089,rf
2018_01_SF_MIN,2018,1,2018-09-09,MIN,SF,6.0,46.5,0.711109715505872,1,0.7237849263886716,0.7223353506810295,0.711109715505872,rf
2018_01_HOU_NE,2018,1,2018-09-09,NE,HOU,6.0,49.5,0.6891002194586686,1,0.7203587141475203,0.7189359030400309,0.6891002194586686,rf
2018_01_TB_NO,2018,1,2018-09-09,NO,TB,10.0,50.0,0.7987191216834401,0,0.7235405028809683,0.7220928216809938,0.7987191216834401,rf
2018_01_JAX_NYG,2018,1,2018-09-09,NYG,JAX,-2.5,43.0,0.4295364214803857,0,0.34405120151160706,0.3463948173445989,0.4295364214803857,rf
2018_01_NYJ_DET,2018,1,2018-09-10,DET,NYJ,7.0,44.0,0.7540381997164995,0,0.7814814899114059,0.7796585294827167,0.7540381997164995,rf
2018_01_LA_OAK,2018,1,2018-09-10,OAK,LA,-6.0,47.5,0.3128007699711261,0,0.3088522126013926,0.3114456642877753,0.3128007699711261,rf
2018_02_BAL_CIN,2018,2,2018-09-13,CIN,BAL,1.0,43.0,0.521797153024911,1,0.42537099813820195,0.42698427875027417,0.521797153024911,rf
2018_02_CAR_ATL,2018,2,2018-09-16,ATL,CAR,5.5,44.0,0.6891002194586686,1,0.6647358270543692,0.6638020686238859,0.6891002194586686,rf
2018_02_LAC_BUF,2018,2,2018-09-16,BUF,LAC,-7.5,41.5,0.2703883760310264,0,0.391071976483349,0.3930148929617486,0.2703883760310264,rf
2018_02_NYG_DAL,2018,2,2018-09-16,DAL,NYG,3.0,42.0,0.5894160583941606,1,0.567445806628582,0.5675277611092222,0.5894160583941606,rf
2018_02_OAK_DEN,2018,2,2018-09-16,DEN,OAK,5.5,44.5,0.6817827855062153,1,0.6937979743381295,0.692596829544862,0.6817827855062153,rf
2018_02_NE_JAX,2018,2,2018-09-16,JAX,NE,-2.0,44.5,0.4433028919330289,1,0.4586883600713576,0.4599593344019886,0.4433028919330289,rf
2018_02_ARI_LA,2018,2,2018-09-16,LA,ARI,13.5,43.5,0.8646087191984837,1,0.8304979026161742,0.8285052957576855,0.8646087191984837,rf
2018_02_CLE_NO,2018,2,2018-09-16,NO,CLE,10.0,51.0,0.7835710352305374,1,0.6897115993449806,0.6885466075065272,0.7835710352305374,rf
2018_02_MIA_NYJ,2018,2,2018-09-16,NYJ,MIA,3.0,43.0,0.6143408084559349,0,0.6081440609896615,0.6077851580139793,0.6143408084559349,rf
2018_02_KC_PIT,2018,2,2018-09-16,PIT,KC,4.5,52.0,0.6499689771835965,0,0.6622612002945077,0.6613512325057489,0.6499689771835965,rf
2018_02_DET_SF,2018,2,2018-09-16,SF,DET,6.0,48.5,0.685002350728726,1,0.5755401411131013,0.5755333274007655,0.685002350728726,rf
2018_02_PHI_TB,2018,2,2018-09-16,TB,PHI,-3.0,46.5,0.42667230861454913,1,0.4671664044041385,0.46834760212734816,0.42667230861454913,rf
2018_02_HOU_TEN,2018,2,2018-09-16,TEN,HOU,-3.5,41.0,0.37713161346742463,1,0.46159683357403286,0.4628371141553297,0.37713161346742463,rf
2018_02_IND_WAS,2018,2,2018-09-16,WAS,IND,6.0,48.0,0.6881525568730624,0,0.7431255358260053,0.7415336890620626,0.6881525568730624,rf
2018_02_SEA_CHI,2018,2,2018-09-17,CHI,SEA,5.0,42.5,0.6810745187212147,1,0.6143112444184048,0.6138870724442094,0.6810745187212147,rf
2018_03_NYJ_CLE,2018,3,2018-09-20,CLE,NYJ,3.0,41.0,0.6143408084559349,1,0.521625457616685,0.5222137070633972,0.6143408084559349,rf
2018_03_CHI_ARI,2018,3,2018-09-23,ARI,CHI,-6.0,39.0,0.3012460632616733,0,0.4126430771673765,0.4143817588055427,0.3012460632616733,rf
2018_03_NO_ATL,2018,3,2018-09-23,ATL,NO,1.5,54.0,0.5419847328244275,0,0.5089898747027591,0.5097174423180305,0.5419847328244275,rf
2018_03_DEN_BAL,2018,3,2018-09-23,BAL,DEN,5.5,46.0,0.6757296083811425,1,0.6935875099387228,0.6923882147097412,0.6757296083811425,rf
2018_03_CIN_CAR,2018,3,2018-09-23,CAR,CIN,2.5,44.0,0.5722567873303167,1,0.6064662497782954,0.6061251894995313,0.5722567873303167,rf
2018_03_NE_DET,2018,3,2018-09-23,DET,NE,-7.0,55.5,0.2644709928736141,1,0.28571861655375796,0.288447618041976,0.2644709928736141,rf
2018_03_NYG_HOU,2018,3,2018-09-23,HOU,NYG,6.5,44.0,0.7042102661283678,0,0.6477913357157259,0.6470232789969306,0.7042102661283678,rf
2018_03_TEN_JAX,2018,3,2018-09-23,JAX,TEN,10.0,39.0,0.7864444029773383,0,0.855974582649476,0.853965531004155,0.7864444029773383,rf
2018_03_SF_KC,2018,3,2018-09-23,KC,SF,6.0,53.0,0.6969696969696969,1,0.6650421885633092,0.6641054950822273,0.6969696969696969,rf
2018_03_LAC_LA,2018,3,2018-09-23,LA,LAC,7.5,49.0,0.7243378424462885,1,0.727605441908164,0.726126555527761,0.7243378424462885,rf
2018_03_OAK_MIA,2018,3,2018-09-23,MIA,OAK,3.0,46.0,0.5660893345487694,1,0.5830928497637726,0.5830036046806243,0.5660893345487694,rf
2018_03_BUF_MIN,2018,3,2018-09-23,MIN,BUF,16.5,41.0,0.8928806855636124,0,0.8436463348207222,0.841638189005675,0.8928806855636124,rf
2018_03_IND_PHI,2018,3,2018-09-23,PHI,IND,6.5,45.5,0.7153339117991809,1,0.7986317584365404,0.7967313843403617,0.7153339117991809,rf
2018_03_DAL_SEA,2018,3,2018-09-23,SEA,DAL,1.0,40.0,0.5262215623771888,1,0.5166773802662515,0.5173202578027655,0.5262215623771888,rf
2018_03_GB_WAS,2018,3,2018-09-23,WAS,GB,-2.5,46.5,0.43949878436506445,1,0.48858644475234353,0.489537170236805,0.43949878436506445,rf
2018_03_PIT_TB,2018,3,2018-09-24,TB,PIT,1.0,55.0,0.5262215623771888,0,0.5473717336222683,0.5476751314449183,0.5262215623771888,rf
2018_04_MIN_LA,2018,4,2018-09-27,LA,MIN,7.5,48.5,0.7444178676800912,1,0.7528984781486883,0.7512408792498627,0.7444178676800912,rf
2018_04_SEA_ARI,2018,4,2018-09-30,ARI,SEA,-3.5,40.0,0.35777298568908056,0,0.4163056357439961,0.41800857863310376,0.35777298568908056,rf
2018_04_CIN_ATL,2018,4,2018-09-30,ATL,CIN,3.5,52.0,0.6261005910022917,0,0.6941797889374559,0.6929752922449933,0.6261005910022917,rf
2018_04_TB_CHI,2018,4,2018-09-30,CHI,TB,3.0,46.0,0.5686556434219986,1,0.636689305716875,0.6360330934008788,0.5686556434219986,rf
2018_04_DET_DAL,2018,4,2018-09-30,DAL,DET,2.5,44.0,0.5697382574399427,1,0.5206068844170576,0.5212063853450558,0.5697382574399427,rf
2018_04_BUF_GB,2018,4,2018-09-30,GB,BUF,8.5,44.0,0.7659847512644372,1,0.6514135575933948,0.6506095462712173,0.7659847512644372,rf
2018_04_HOU_IND,2018,4,2018-09-30,IND,HOU,-1.0,48.0,0.478202846975089,0,0.4857720392267304,0.48675330411079365,0.478202846975089,rf
2018_04_NYJ_JAX,2018,4,2018-09-30,JAX,NYJ,7.5,40.5,0.7516485398646913,1,0.7514210943709344,0.7497731539713487,0.7516485398646913,rf
2018_04_SF_LAC,2018,4,2018-09-30,LAC,SF,10.0,46.0,0.7913901005120425,1,0.7398405566668342,0.7382717704386774,0.7913901005120425,rf
2018_04_MIA_NE,2018,4,2018-09-30,NE,MIA,6.5,50.5,0.7186611537119655,1,0.6833029215402289,0.68219562812339,0.7186611537119655,rf
2018_04_NO_NYG,2018,4,2018-09-30,NYG,NO,-3.5,51.5,0.3856591915440651,0,0.35078740108320533,0.35307791086313256,0.3856591915440651,rf
2018_04_CLE_OAK,2018,4,2018-09-30,OAK,CLE,2.5,44.5,0.5605012156349355,1,0.5774354303797669,0.5774078919609378,0.5605012156349355,rf
2018_04_BAL_PIT,2018,4,2018-09-30,PIT,BAL,3.0,51.0,0.6143408084559349,0,0.5943289965612158,0.5941179994416312,0.6143408084559349,rf
2018_04_PHI_TEN,2018,4,2018-09-30,TEN,PHI,-3.0,41.5,0.4207141879874127,1,0.38995835435454607,0.39191150359975985,0.4207141879874127,rf
2018_04_KC_DEN,2018,4,2018-10-01,DEN,KC,-3.5,53.5,0.37713161346742463,0,0.2953028174298662,0.29797867206788,0.37713161346742463,rf
2018_05_IND_NE,2018,5,2018-10-04,NE,IND,10.5,49.5,0.8231164821006097,1,0.7974130586110265,0.7955175909609244,0.8231164821006097,rf
2018_05_TEN_BUF,2018,5,2018-10-07,BUF,TEN,-6.0,38.0,0.2886826993788237,1,0.3707944792108146,0.372918417769256,0.2886826993788237,rf
2018_05_NYG_CAR,2018,5,2018-10-07,CAR,NYG,7.0,43.5,0.7078088877472386,1,0.7937976127165138,0.791917250580508,0.7078088877472386,rf
2018_05_MIA_CIN,2018,5,2018-10-07,CIN,MIA,6.0,47.5,0.7013921016108003,1,0.5846667900258063,0.5845604224425025,0.7013921016108003,rf
2018_05_BAL_CLE,2018,5,2018-10-07,CLE,BAL,-3.0,44.5,0.38421186945302976,1,0.404454059949226,0.40627157428114286,0.38421186945302976,rf
2018_05_GB_DET,2018,5,2018-10-07,DET,GB,1.0,50.0,0.5431472081218274,1,0.5319803843956634,0.5324541206859567,0.5431472081218274,rf
2018_05_DAL_HOU,2018,5,2018-10-07,HOU,DAL,3.5,45.0,0.6186511705872493,1,0.531821415427774,0.5322969109810914,0.6186511705872493,rf
2018_05_JAX_KC,2018,5,2018-10-07,KC,JAX,3.0,48.0,0.5768590455049944,1,0.6160343028590185,0.6155919882114417,0.5768590455049944,rf
2018_05_OAK_LAC,2018,5,2018-10-07,LAC,OAK,5.5,52.0,0.6800775569558896,1,0.6394829308956024,0.6387983509687457,0.6800775569558896,rf
2018_05_DEN_NYJ,2018,5,2018-10-07,NYJ,DEN,-1.0,42.0,0.497677011707861,1,0.5447902138179296,0.5451221702151784,0.497677011707861,rf
2018_05_MIN_PHI,2018,5,2018-10-07,PHI,MIN,3.5,48.0,0.6274614156466205,0,0.5880074685438335,0.5878648284554333,0.6274614156466205,rf
2018_05_ATL_PIT,2018,5,2018-10-07,PIT,ATL,3.5,57.0,0.6274614156466205,1,0.5853377749713524,0.5852241142017935,0.6274614156466205,rf
2018_05_LA_SEA,2018,5,2018-10-07,SEA,LA,-7.5,50.5,0.25896227886805406,0,0.32075672328325494,0.323271184903695,0.25896227886805406,rf
2018_05_ARI_SF,2018,5,2018-10-07,SF,ARI,3.0,40.5,0.6027760021915806,0,0.542907906910078,0.5432606922979152,0.6027760021915806,rf
2018_05_WAS_NO,2018,5,2018-10-08,NO,WAS,5.5,51.5,0.6969696969696969,1,0.6482413933229184,0.6474688543499434,0.6969696969696969,rf
2018_06_PHI_NYG,2018,6,2018-10-11,NYG,PHI,-1.5,45.5,0.4559761116939714,0,0.4963324807614448,0.49719881987280007,0.4559761116939714,rf
2018_06_TB_ATL,2018,6,2018-10-14,ATL,TB,3.0,57.5,0.5996661308272535,1,0.5740953989233774,0.5741043996028304,0.5996661308272535,rf
2018_06_PIT_CIN,2018,6,2018-10-14,CIN,PIT,1.0,49.5,0.5185243789416578,0,0.5076922066271464,0.5084340435948824,0.5185243789416578,rf
2018_06_LAC_CLE,2018,6,2018-10-14,CLE,LAC,1.0,47.0,0.5,0,0.4986673180403386,0.49950813392269694,0.5,rf
2018_06_JAX_DAL,2018,6,2018-10-14,DAL,JAX,-3.0,39.5,0.3813488294127508,1,0.4425671005445826,0.44400599776769456,0.3813488294127508,rf
2018_06_LA_DEN,2018,6,2018-10-14,DEN,LA,-7.0,50.0,0.2680965147453084,0,0.22633903622175222,0.22928698636654596,0.2680965147453084,rf
2018_06_BUF_HOU,2018,6,2018-10-14,HOU,BUF,10.5,40.5,0.7949510012782275,1,0.6201334477680889,0.6196481441196918,0.7949510012782275,rf
2018_06_CHI_MIA,2018,6,2018-10-14,MIA,CHI,-7.5,40.5,0.2758414232562118,1,0.41949970020126476,0.42117124345785006,0.2758414232562118,rf
2018_06_ARI_MIN,2018,6,2018-10-14,MIN,ARI,10.0,43.5,0.783029001074114,1,0.7008119779498486,0.6995499902918971,0.783029001074114,rf
2018_06_KC_NE,2018,6,2018-10-14,NE,KC,4.0,59.5,0.6397067958752639,1,0.7229871449236832,0.7215437612457336,0.6397067958752639,rf
2018_06_IND_NYJ,2018,6,2018-10-14,NYJ,IND,2.5,47.5,0.5775497887748944,1,0.5381763551336396,0.5385815107811924,0.5775497887748944,rf
2018_06_SEA_OAK,2018,6,2018-10-14,OAK,SEA,-3.0,47.5,0.4116032928263426,0,0.33120098043777063,0.33364139370824714,0.4116032928263426,rf
2018_06_BAL_TEN,2018,6,2018-10-14,TEN,BAL,-2.5,43.5,0.4357578877693609,0,0.5299340162762053,0.530430397058814,0.4357578877693609,rf
2018_06_CAR_WAS,2018,6,2018-10-14,WAS,CAR,-1.0,44.5,0.478202846975089,1,0.42583732751512093,0.4274459512404719,0.478202846975089,rf
2018_06_SF_GB,2018,6,2018-10-15,GB,SF,9.0,46.5,0.7882908557935022,1,0.7492420127909649,0.7476085036854223,0.7882908557935022,rf
2018_07_DEN_ARI,2018,7,2018-10-18,ARI,DEN,-1.0,42.5,0.489612188365651,0,0.4884769906755855,0.48942890513071613,0.489612188365651,rf
2018_07_NO_BAL,2018,7,2018-10-21,BAL,NO,2.5,49.0,0.5740354444580784,0,0.614637049664917,0.6142094439694027,0.5740354444580784,rf
2018_07_NE_CHI,2018,7,2018-10-21,CHI,NE,-1.0,49.0,0.4519505233111322,0,0.45706220730854635,0.4583502928286603,0.4519505233111322,rf
2018_07_BUF_IND,2018,7,2018-10-21,IND,BUF,7.0,43.5,0.7274505180520687,1,0.6157880548531048,0.615348330460622,0.7274505180520687,rf
2018_07_HOU_JAX,2018,7,2018-10-21,JAX,HOU,4.0,43.0,0.6611281154350678,0,0.6594104683473266,0.6585280866873734,0.6611281154350678,rf
2018_07_CIN_KC,2018,7,2018-10-21,KC,CIN,6.5,56.0,0.7129371711544413,1,0.6718924163336215,0.670890702684673,0.7129371711544413,rf
2018_07_TEN_LAC,2018,7,2018-10-21,LAC,TEN,6.5,46.0,0.7171050163208644,1,0.7473707255606378,0.7457497835225915,0.7171050163208644,rf
2018_07_DET_MIA,2018,7,2018-10-21,MIA,DET,-3.0,47.0,0.37665039500700276,0,0.4562130468839572,0.45751005312428095,0.37665039500700276,rf
2018_07_MIN_NYJ,2018,7,2018-10-21,NYJ,MIN,-3.5,45.0,0.3794411866160745,0,0.40437810331907814,0.40619634167566604,0.3794411866160745,rf
2018_07_CAR_PHI,2018,7,2018-10-21,PHI,CAR,5.0,45.0,0.6767540554475866,0,0.6984075224646686,0.6971662158798588,0.6767540554475866,rf
2018_07_LA_SF,2018,7,2018-10-21,SF,LA,-8.0,52.0,0.22290965335274313,0,0.25087986642014987,0.2537622116127211,0.22290965335274313,rf
2018_07_CLE_TB,2018,7,2018-10-21,TB,CLE,3.5,52.5,0.6288125965945868,1,0.5861937238180938,0.586070765001693,0.6288125965945868,rf
2018_07_DAL_WAS,2018,7,2018-10-21,WAS,DAL,-1.5,40.5,0.4559761116939714,1,0.5346041927508727,0.5350488892064649,0.4559761116939714,rf
2018_07_NYG_ATL,2018,7,2018-10-22,ATL,NYG,4.5,52.0,0.6600024206947392,1,0.6537061900485199,0.6528795661710086,0.6600024206947392,rf
2018_08_MIA_HOU,2018,8,2018-10-25,HOU,MIA,7.5,45.0,0.752849022990131,1,0.7602504934420672,0.7585463784085165,0.752849022990131,rf
2018_08_SF_ARI,2018,8,2018-10-28,ARI,SF,-2.5,40.0,0.43391066545123064,1,0.4633717264746023,0.46459322144635135,0.43391066545123064,rf
2018_08_BAL_CAR,2018,8,2018-10-28,CAR,BAL,-2.5,44.0,0.4259645555419216,1,0.514049708194813,0.5147215615236079,0.4259645555419216,rf
2018_08_NYJ_CHI,2018,8,2018-10-28,CHI,NYJ,8.5,42.5,0.7590361445783131,1,0.7130255375873484,0.711661481660814,0.7590361445783131,rf
2018_08_TB_CIN,2018,8,2018-10-28,CIN,TB,3.5,55.0,0.6422270143109194,1,0.5648018097492645,0.5649128399726144,0.6422270143109194,rf
2018_08_SEA_DET,2018,8,2018-10-28,DET,SEA,3.0,47.5,0.6033428208078484,0,0.6417159494938951,0.6410088005830422,0.6033428208078484,rf
2018_08_PHI_JAX,2018,8,2018-10-28,JAX,PHI,-4.0,44.5,0.341130604288499,0,0.28303578301962456,0.2857788622139155,0.341130604288499,rf
2018_08_DEN_KC,2018,8,2018-10-28,KC,DEN,8.5,53.0,0.7766031805494009,1,0.7953421718085715,0.7934552565319343,0.7766031805494009,rf
2018_08_GB_LA,2018,8,2018-10-28,LA,GB,7.5,57.0,0.75416247625433,1,0.7797962841643883,0.7779818654761472,0.75416247625433,rf
2018_08_NO_MIN,2018,8,2018-10-28,MIN,NO,-2.5,53.5,0.4479937670432412,0,0.5314074175013687,0.5318874945318441,0.4479937670432412,rf
2018_08_WAS_NYG,2018,8,2018-10-28,NYG,WAS,-1.0,43.0,0.4930284439486894,0,0.48709549393002033,0.48806240643814847,0.4930284439486894,rf
2018_08_IND_OAK,2018,8,2018-10-28,OAK,IND,-3.5,51.0,0.36851357510254573,0,0.4063539532781363,0.40815331399634397,0.36851357510254573,rf
2018_08_CLE_PIT,2018,8,2018-10-28,PIT,CLE,8.5,47.5,0.7719291548973205,1,0.8043555397328406,0.8024334017418274,0.7719291548973205,rf
2018_08_NE_BUF,2018,8,2018-10-29,BUF,NE,-13.5,44.0,0.1151399805559675,0,0.23283121034109153,0.2357655425571059,0.1151399805559675,rf
2018_09_OAK_SF,2018,9,2018-11-01,SF,OAK,-1.5,44.0,0.47377843762281124,1,0.4456821424197346,0.4470889031542232,0.47377843762281124,rf
2018_09_PIT_BAL,2018,9,2018-11-04,BAL,PIT,1.5,47.0,0.5500363507751557,0,0.5295840443376185,0.5300842973015673,0.5500363507751557,rf
2018_09_CHI_BUF,2018,9,2018-11-04,BUF,CHI,-10.5,38.0,0.21891418563922943,0,0.31322428613507153,0.31578942049665726,0.21891418563922943,rf
2018_09_TB_CAR,2018,9,2018-11-04,CAR,TB,6.0,55.5,0.7234124879978217,1,0.6933233070746262,0.692126335597247,0.7234124879978217,rf
2018_09_KC_CLE,2018,9,2018-11-04,CLE,KC,-7.5,51.0,0.2270577105014191,0,0.17592626459901997,0.17887500140348997,0.2270577105014191,rf
2018_09_HOU_DEN,2018,9,2018-11-04,DEN,HOU,1.0,46.5,0.5305667495498585,0,0.5861067851013124,0.5859847703990118,0.5305667495498585,rf
2018_09_NYJ_MIA,2018,9,2018-11-04,MIA,NYJ,3.0,43.5,0.5933014354066986,1,0.5117643880074173,0.512461419363981,0.5933014354066986,rf
2018_09_DET_MIN,2018,9,2018-11-04,MIN,DET,4.5,47.0,0.6691291228800332,1,0.5850964157756152,0.5849853779900601,0.6691291228800332,rf
2018_09_GB_NE,2018,9,2018-11-04,NE,GB,5.0,56.0,0.6723085403948631,1,0.7232021397370734,0.7217570849567239,0.6723085403948631,rf
2018_09_LA_NO,2018,9,2018-11-04,NO,LA,-2.5,57.5,0.4433028919330289,1,0.5025846773021511,0.5033825897654342,0.4433028919330289,rf
2018_09_LAC_SEA,2018,9,2018-11-04,SEA,LAC,1.0,48.5,0.497677011707861,0,0.5642845816524084,0.5644013038234365,0.497677011707861,rf
2018_09_ATL_WAS,2018,9,2018-11-04,WAS,ATL,1.5,46.5,0.5480494766888677,0,0.5448317137462448,0.5451632109661723,0.5480494766888677,rf
2018_09_TEN_DAL,2018,9,2018-11-05,DAL,TEN,4.5,40.0,0.6780652506772408,0,0.705068740552055,0.7037706040856249,0.6780652506772408,rf
2018_10_CAR_PIT,2018,10,2018-11-08,PIT,CAR,3.5,51.0,0.6384336294257477,1,0.6927420090692545,0.6915501578545553,0.6384336294257477,rf
2018_10_DET_CHI,2018,10,2018-11-11,CHI,DET,7.5,44.5,0.7437774524158125,1,0.7392293305486815,0.7376648867504614,0.7437774524158125,rf
2018_10_NO_CIN,2018,10,2018-11-11,CIN,NO,-5.5,53.0,0.3003616251861306,0,0.19708112670956823,0.20005369575214016,0.3003616251861306,rf
2018_10_ATL_CLE,2018,10,2018-11-11,CLE,ATL,-5.5,49.5,0.3128007699711261,1,0.25525598550315887,0.25812275165563003,0.3128007699711261,rf
2018_10_MIA_GB,2018,10,2018-11-11,GB,MIA,13.0,48.5,0.8336954806443391,1,0.696921423581079,0.6956929918721327,0.8336954806443391,rf
2018_10_JAX_IND,2018,10,2018-11-11,IND,JAX,3.0,48.0,0.5949110703209063,1,0.5368487441024244,0.53726859549876,0.5949110703209063,rf
2018_10_ARI_KC,2018,10,2018-11-11,KC,ARI,16.5,49.5,0.896544808509511,1,0.8740406971539404,0.8720569721366076,0.896544808509511,rf
2018_10_SEA_LA,2018,10,2018-11-11,LA,SEA,10.0,51.0,0.7882908557935022,1,0.6944299212059661,0.693223231082904,0.7882908557935022,rf
2018_10_BUF_NYJ,2018,10,2018-11-11,NYJ,BUF,6.5,38.0,0.7086409898223908,0,0.7180808586967179,0.7166760866216543,0.7086409898223908,rf
2018_10_LAC_OAK,2018,10,2018-11-11,OAK,LAC,-10.5,50.0,0.19880432381590293,0,0.19712667177654855,0.20009925237146917,0.19880432381590293,rf
2018_10_DAL_PHI,2018,10,2018-11-11,PHI,DAL,7.5,45.5,0.7618424496205181,0,0.771003386630164,0.7692360889001343,0.7618424496205181,rf
2018_10_WAS_TB,2018,10,2018-11-11,TB,WAS,3.5,51.0,0.6314864248974542,0,0.5398963127014771,0.5402824300088868,0.6314864248974542,rf
2018_10_NE_TEN,2018,10,2018-11-11,TEN,NE,-6.0,47.0,0.30783548698858143,1,0.26530515431590485,0.2681319969839871,0.30783548698858143,rf
2018_10_NYG_SF,2018,10,2018-11-12,SF,NYG,3.0,45.0,0.6261005910022917,0,0.6154724990334597,0.6150360951988805,0.6261005910022917,rf
2018_11_GB_SEA,2018,11,2018-11-15,SEA,GB,3.0,49.0,0.6033428208078484,1,0.5613777884920083,0.5615265219352825,0.6033428208078484,rf
2018_11_OAK_ARI,2018,11,2018-11-18,ARI,OAK,4.5,41.0,0.6622465491588744,0,0.6406753785944505,0.6399787347854775,0.6622465491588744,rf
2018_11_DAL_ATL,2018,11,2018-11-18,ATL,DAL,3.5,50.0,0.635427289414644,0,0.6343067211555729,0.6336748159549527,0.635427289414644,rf
2018_11_CIN_BAL,2018,11,2018-11-18,BAL,CIN,6.5,44.0,0.7050630837293135,1,0.6349542235510246,0.6343157023769688,0.7050630837293135,rf
2018_11_MIN_CHI,2018,11,2018-11-18,CHI,MIN,2.5,44.0,0.5642421122306391,1,0.5924716229298208,0.5922806701473112,0.5642421122306391,rf
2018_11_CAR_DET,2018,11,2018-11-18,DET,CAR,-4.0,48.0,0.35777298568908056,1,0.31815108373942586,0.32068333956249634,0.35777298568908056,rf
2018_11_TEN_IND,2018,11,2018-11-18,IND,TEN,2.0,50.0,0.5500363507751557,1,0.4745023856249829,0.4756051921306411,0.5500363507751557,rf
2018_11_PIT_JAX,2018,11,2018-11-18,JAX,PIT,-4.0,47.0,0.34727812147834686,0,0.2632680548642476,0.2661034475097237,0.34727812147834686,rf
2018_11_DEN_LAC,2018,11,2018-11-18,LAC,DEN,7.5,47.0,0.7484638116234346,0,0.778446654603933,0.7766391920830142,0.7484638116234346,rf
2018_11_PHI_NO,2018,11,2018-11-18,NO,PHI,7.0,56.5,0.7496951042453104,1,0.8072406754781977,0.805308384884165,0.7496951042453104,rf
2018_11_TB_NYG,2018,11,2018-11-18,NYG,TB,3.0,54.5,0.6033428208078484,1,0.5951087375650187,0.5948893360677827,0.6033428208078484,rf
2018_11_HOU_WAS,2018,11,2018-11-18,WAS,HOU,-3.0,40.5,0.39975399753997537,0,0.47977268078191304,0.48081880464164395,0.39975399753997537,rf
2018_11_KC_LA,2018,11,2018-11-19,LA,KC,3.0,63.5,0.6143408084559349,1,0.639716610157676,0.6390296639887205,0.6143408084559349,rf
2018_12_WAS_DAL,2018,12,2018-11-22,DAL,WAS,7.0,40.0,0.7423428878604573,1,0.7066160335259333,0.7053049073974573,0.7423428878604573,rf
2018_12_CHI_DET,2018,12,2018-11-22,DET,CHI,-3.0,43.0,0.39722399780841927,0,0.30600957058785355,0.3086209903224461,0.39722399780841927,rf
2018_12_ATL_NO,2018,12,2018-11-22,NO,ATL,11.5,61.0,0.8185117967332123,1,0.8406155394659179,0.8386096910002465,0.8185117967332123,rf
2018_12_OAK_BAL,2018,12,2018-11-25,BAL,OAK,13.0,42.0,0.8449882810356586,1,0.8910956338725297,0.8891688493695398,0.8449882810356586,rf
2018_12_JAX_BUF,2018,12,2018-11-25,BUF,JAX,-3.0,36.5,0.4066985645933015,1,0.4245578395864134,0.4261792304345876,0.4066985645933015,rf
2018_12_SEA_CAR,2018,12,2018-11-25,CAR,SEA,3.0,46.5,0.6033428208078484,0,0.6168851623167476,0.6164339042601806,0.6033428208078484,rf
2018_12_CLE_CIN,2018,12,2018-11-25,CIN,CLE,-1.0,46.5,0.4827086071703758,0,0.4563300122763766,0.45762579035480466,0.4827086071703758,rf
2018_12_PIT_DEN,2018,12,2018-11-25,DEN,PIT,-3.0,47.5,0.39360687022900764,1,0.4075639460984224,0.4093517018390074,0.39360687022900764,rf
2018_12_MIA_IND,2018,12,2018-11-25,IND,MIA,9.0,52.5,0.7786282119074719,1,0.72087988135188,0.7194529702870375,0.7786282119074719,rf
2018_12_ARI_LAC,2018,12,2018-11-25,LAC,ARI,14.0,43.5,0.864132798951343,1,0.9029470807832621,0.9010815070690016,0.864132798951343,rf
2018_12_GB_MIN,2018,12,2018-11-25,MIN,GB,4.0,48.5,0.6562218214607755,1,0.6343412465142162,0.6337089883547952,0.6562218214607755,rf
2018_12_NE_NYJ,2018,12,2018-11-25,NYJ,NE,-13.0,46.5,0.16630451935566104,0,0.19864678904016092,0.20161966137946621,0.16630451935566104,rf
2018_12_NYG_PHI,2018,12,2018-11-25,PHI,NYG,4.5,49.0,0.6658888417479847,1,0.6863172885844057,0.6851827072502786,0.6658888417479847,rf
2018_12_SF_TB,2018,12,2018-11-25,TB,SF,1.5,54.5,0.5460453954604539,1,0.5462257088095809,0.5465417835037034,0.5460453954604539,rf
2018_12_TEN_HOU,2018,12,2018-11-26,HOU,TEN,3.5,42.5,0.6397067958752639,1,0.6301938141116087,0.6296041060502275,0.6397067958752639,rf
2018_13_NO_DAL,2018,13,2018-11-29,DAL,NO,-7.0,51.5,0.2602804474554908,1,0.24134033519902426,0.24425267877954368,0.2602804474554908,rf
2018_13_BAL_ATL,2018,13,2018-12-02,ATL,BAL,2.5,46.5,0.5810079557598683,0,0.5708305993981659,0.5708753861724218,0.5810079557598683,rf
2018_13_DEN_CIN,2018,13,2018-12-02,CIN,DEN,-3.5,45.0,0.3752699784017279,0,0.3396449366029203,0.34202242524375365,0.3752699784017279,rf
2018_13_LA_DET,2018,13,2018-12-02,DET,LA,-10.5,54.0,0.20128087831655989,0,0.22866573477781826,0.23160912591589686,0.20128087831655989,rf
2018_13_ARI_GB,2018,13,2018-12-02,GB,ARI,13.5,41.0,0.8507091764333,0,0.8343081040058637,0.8323095261161838,0.8507091764333,rf
2018_13_CLE_HOU,2018,13,2018-12-02,HOU,CLE,5.0,47.5,0.6940056953853229,1,0.6859537857399076,0.684822481162196,0.6940056953853229,rf
2018_13_IND_JAX,2018,13,2018-12-02,JAX,IND,-4.0,45.5,0.3500310228164034,1,0.3357943348420585,0.338200847587319,0.3500310228164034,rf
2018_13_BUF_MIA,2018,13,2018-12-02,MIA,BUF,3.5,40.0,0.6274614156466205,1,0.5966226522650363,0.5963869511690744,0.6274614156466205,rf
2018_13_MIN_NE,2018,13,2018-12-02,NE,MIN,6.0,50.0,0.6921645130114186,1,0.7018682193489577,0.700597206165861,0.6921645130114186,rf
2018_13_CHI_NYG,2018,13,2018-12-02,NYG,CHI,-3.5,44.0,0.36674816625916873,1,0.34817588976742303,0.3504871743400072,0.36674816625916873,rf
2018_13_KC_OAK,2018,13,2018-12-02,OAK,KC,-14.0,53.5,0.14020267272436865,0,0.15097699077188906,0.1538457173549935,0.14020267272436865,rf
2018_13_LAC_PIT,2018,13,2018-12-02,PIT,LAC,3.5,53.5,0.6332518337408314,0,0.702919162901912,0.7016392058386259,0.6332518337408314,rf
2018_13_SF_SEA,2018,13,2018-12-02,SEA,SF,10.0,45.5,0.809825673534073,1,0.8317768454288528,0.8297821044771085,0.809825673534073,rf
2018_13_CAR_TB,2018,13,2018-12-02,TB,CAR,-3.5,52.0,0.36674816625916873,1,0.3876149580804171,0.389589534007538,0.36674816625916873,rf
2018_13_NYJ_TEN,2018,13,2018-12-02,TEN,NYJ,10.5,40.5,0.7923104001251613,1,0.7764454191429816,0.7746484580195293,0.7923104001251613,rf
2018_13_WAS_PHI,2018,13,2018-12-03,PHI,WAS,5.5,45.0,0.6881525568730624,1,0.6114579408908836,0.6110639029626213,0.6881525568730624,rf
2018_14_JAX_TEN,2018,14,2018-12-06,TEN,JAX,5.5,36.5,0.6958254667505769,1,0.6266090144914376,0.6260563211912037,0.6958254667505769,rf
2018_14_DET_ARI,2018,14,2018-12-09,ARI,DET,-2.5,40.0,0.4320786780923455,0,0.4329124096012013,0.4344498712110104,0.4320786780923455,rf
2018_14_NYJ_BUF,2018,14,2018-12-09,BUF,NYJ,4.5,37.0,0.6622465491588744,0,0.6788734977024671,0.6778067686531435,0.6622465491588744,rf
2018_14_LA_CHI,2018,14,2018-12-09,CHI,LA,-3.0,50.5,0.4320786780923455,1,0.44342503953585305,0.4448551014997051,0.4320786780923455,rf
2018_14_CAR_CLE,2018,14,2018-12-09,CLE,CAR,-1.0,48.0,0.47377843762281124,1,0.4145437575153717,0.4162639286137999,0.47377843762281124,rf
2018_14_PHI_DAL,2018,14,2018-12-09,DAL,PHI,3.5,46.0,0.6332518337408314,1,0.6331479453669882,0.6325278988439471,0.6332518337408314,rf
2018_14_ATL_GB,2018,14,2018-12-09,GB,ATL,4.0,51.0,0.6332518337408314,1,0.5885518481748496,0.588403306663426,0.6332518337408314,rf
2018_14_IND_HOU,2018,14,2018-12-09,HOU,IND,4.0,49.5,0.6463391320971134,0,0.6016727200845877,0.6013828268237906,0.6463391320971134,rf
2018_14_BAL_KC,2018,14,2018-12-09,KC,BAL,6.5,49.0,0.7119235543480806,1,0.6984808556902002,0.6972389156031997,0.7119235543480806,rf
2018_14_CIN_LAC,2018,14,2018-12-09,LAC,CIN,17.0,48.5,0.8978516559479396,1,0.8299643682527011,0.8279726900597615,0.8978516559479396,rf
2018_14_NE_MIA,2018,14,2018-12-09,MIA,NE,-8.5,49.5,0.23294907543659243,1,0.3023180024432482,0.30495222416465595,0.23294907543659243,rf
2018_14_PIT_OAK,2018,14,2018-12-09,OAK,PIT,-10.5,51.0,0.2016780791724219,1,0.17037663098173209,0.1733126895596327,0.2016780791724219,rf
2018_14_DEN_SF,2018,14,2018-12-09,SF,DEN,-3.0,45.5,0.39360687022900764,1,0.3753070853970362,0.37739174337919684,0.39360687022900764,rf
2018_14_NO_TB,2018,14,2018-12-09,TB,NO,-8.5,55.0,0.2270577105014191,0,0.25360853014119666,0.2564812925576851,0.2270577105014191,rf
2018_14_NYG_WAS,2018,14,2018-12-09,WAS,NYG,-3.0,40.5,0.38911639972601536,0,0.41951600883104584,0.42118739121911847,0.38911639972601536,rf
2018_14_MIN_SEA,2018,14,2018-12-10,SEA,MIN,3.0,45.5,0.6129732508818783,1,0.5624116260328886,0.5625489699578783,0.6129732508818783,rf
2018_15_LAC_KC,2018,15,2018-12-13,KC,LAC,3.5,54.0,0.6438780948689375,0,0.6631903257951677,0.6622714083604748,0.6438780948689375,rf
2018_15_CLE_DEN,2018,15,2018-12-15,DEN,CLE,1.0,47.0,0.5480494766888677,0,0.4995174087523571,0.5003489227048328,0.5480494766888677,rf
2018_15_HOU_NYJ,2018,15,2018-12-15,NYJ,HOU,-7.0,44.0,0.2765875120021783,0,0.22841424712586328,0.23135814848314304,0.2765875120021783,rf
2018_15_ARI_ATL,2018,15,2018-12-16,ATL,ARI,10.0,43.5,0.7739466476569241,1,0.6807620053313601,0.6796779145914984,0.7739466476569241,rf
2018_15_TB_BAL,2018,15,2018-12-16,BAL,TB,8.5,44.5,0.7719291548973205,1,0.8047497765968803,0.8028262185389382,0.7719291548973205,rf
2018_15_DET_BUF,2018,15,2018-12-16,BUF,DET,2.5,40.0,0.5792858120125872,1,0.5089262721042181,0.5096545392992066,0.5792858120125872,rf
2018_15_GB_CHI,2018,15,2018-12-16,CHI,GB,6.0,46.5,0.6958254667505769,1,0.6931801070643765,0.6919843959762023,0.6958254667505769,rf
2018_15_OAK_CIN,2018,15,2018-12-16,CIN,OAK,3.0,46.0,0.5933014354066986,1,0.5812454460452856,0.5811763240100608,0.5933014354066986,rf
2018_15_DAL_IND,2018,15,2018-12-16,IND,DAL,3.0,47.0,0.6172248803827751,1,0.5925841607253728,0.5923919924834737,0.6172248803827751,rf
2018_15_WAS_JAX,2018,15,2018-12-16,JAX,WAS,7.5,36.0,0.7534450148608485,0,0.712872184234826,0.7115093778561946,0.7534450148608485,rf
2018_15_PHI_LA,2018,15,2018-12-16,LA,PHI,13.5,52.5,0.8598130841121495,0,0.6818984781050412,0.6808039871040357,0.8598130841121495,rf
2018_15_MIA_MIN,2018,15,2018-12-16,MIN,MIA,7.5,45.0,0.7623960482711186,1,0.7459117749681634,0.7443007411392635,0.7623960482711186,rf
2018_15_TEN_NYG,2018,15,2018-12-16,NYG,TEN,-2.5,42.0,0.46097238299983456,0,0.4271767127744533,0.42877193758280985,0.46097238299983456,rf
2018_15_NE_PIT,2018,15,2018-12-16,PIT,NE,-2.5,55.0,0.4499636492248442,1,0.4818215343404507,0.4828455464913667,0.4499636492248442,rf
2018_15_SEA_SF,2018,15,2018-12-16,SF,SEA,-3.5,44.0,0.3414829480990412,1,0.3194066281437809,0.32193034434736095,0.3414829480990412,rf
2018_15_NO_CAR,2018,15,2018-12-17,CAR,NO,-6.0,50.5,0.30417453324942306,0,0.25421901973157335,0.2570895785234353,0.30417453324942306,rf
2018_16_BAL_LAC,2018,16,2018-12-22,LAC,BAL,4.0,42.5,0.6487671491207393,0,0.6497530272013327,0.6489654642661052,0.6487671491207393,rf
2018_16_WAS_TEN,2018,16,2018-12-22,TEN,WAS,12.5,38.0,0.8327427085152865,1,0.8112153945553697,0.8092700404892339,0.8327427085152865,rf
2018_16_LA_ARI,2018,16,2018-12-23,ARI,LA,-14.5,43.0,0.15700453882184118,0,0.22672913150379378,0.22967634261399483,0.15700453882184118,rf
2018_16_ATL_CAR,2018,16,2018-12-23,CAR,ATL,-2.5,46.5,0.41899204424013164,0,0.4070446491059017,0.4088373895057723,0.41899204424013164,rf
2018_16_CIN_CLE,2018,16,2018-12-23,CLE,CIN,10.0,44.0,0.7750359478640011,1,0.6872560556449997,0.6861130297171613,0.7750359478640011,rf
2018_16_TB_DAL,2018,16,2018-12-23,DAL,TB,7.0,48.0,0.741037721131946,1,0.7363631833248022,0.7348193147018428,0.741037721131946,rf
2018_16_MIN_DET,2018,16,2018-12-23,DET,MIN,-6.5,41.5,0.2905315298152029,0,0.3541280242653493,0.3563916219370244,0.2905315298152029,rf
2018_16_NYG_IND,2018,16,2018-12-23,IND,NYG,10.0,48.5,0.7810858143607706,1,0.7785813729464032,0.7767732114895878,0.7810858143607706,rf
2018_16_JAX_MIA,2018,16,2018-12-23,MIA,JAX,3.0,39.5,0.5910582378327702,0,0.5656585109677956,0.5657601162895359,0.5910582378327702,rf
2018_16_BUF_NE,2018,16,2018-12-23,NE,BUF,14.0,46.0,0.8534482758620688,1,0.7895056120739785,0.7876442285011469,0.8534482758620688,rf
2018_16_PIT_NO,2018,16,2018-12-23,NO,PIT,6.5,53.0,0.7113173006211763,1,0.7912990839655376,0.7894296336447385,0.7113173006211763,rf
2018_16_GB_NYJ,2018,16,2018-12-23,NYJ,GB,-3.0,47.5,0.42845967856634903,0,0.34133301863004023,0.34369761264483273,0.42845967856634903,rf
2018_16_HOU_PHI,2018,16,2018-12-23,PHI,HOU,1.0,47.0,0.537852568752202,1,0.5569809336227342,0.5571781540159995,0.537852568752202,rf
2018_16_KC_SEA,2018,16,2018-12-23,SEA,KC,-1.0,54.0,0.47499179161650434,1,0.4490664414268948,0.45043811305745457,0.47499179161650434,rf
2018_16_CHI_SF,2018,16,2018-12-23,SF,CHI,-3.5,44.0,0.360293204124736,0,0.2768064939017016,0.27958086667323023,0.360293204124736,rf
2018_16_DEN_OAK,2018,16,2018-12-24,OAK,DEN,-2.5,42.5,0.4479937670432412,1,0.45311696019100467,0.4544464052282282,0.4479937670432412,rf
2018_17_CLE_BAL,2018,17,2018-12-30,BAL,CLE,7.0,41.0,0.7464578672632363,1,0.7651393379009809,0.7634057627864945,0.7464578672632363,rf
2018_17_MIA_BUF,2018,17,2018-12-30,BUF,MIA,5.5,39.5,0.6969696969696969,1,0.678964197872048,0.677896632740239,0.6969696969696969,rf
2018_17_LAC_DEN,2018,17,2018-12-30,DEN,LAC,-7.0,43.5,0.28787053606161983,0,0.23047231808286633,0.23341192063757069,0.28787053606161983,rf
2018_17_DET_GB,2018,17,2018-12-30,GB,DET,7.5,44.5,0.7458277383464417,0,0.7174302581001457,0.7160306737257338,0.7458277383464417,rf
2018_17_JAX_HOU,2018,17,2018-12-30,HOU,JAX,7.0,39.5,0.7389050529177836,1,0.8270722191200235,0.8250859639921303,0.7389050529177836,rf
2018_17_OAK_KC,2018,17,2018-12-30,KC,OAK,14.5,54.0,0.859009216444509,1,0.8030486030102004,0.8011312461983771,0.859009216444509,rf
2018_17_SF_LA,2018,17,2018-12-30,LA,SF,10.5,50.5,0.7987191216834401,1,0.8501206103362507,0.8481102597617493,0.7987191216834401,rf
2018_17_CHI_MIN,2018,17,2018-12-30,MIN,CHI,6.0,39.5,0.6800775569558896,0,0.6820914937317127,0.6809952399704626,0.6800775569558896,rf
2018_17_NYJ_NE,2018,17,2018-12-30,NE,NYJ,14.0,47.0,0.865276609290798,1,0.8737987321982196,0.8718144415667884,0.865276609290798,rf
2018_17_CAR_NO,2018,17,2018-12-30,NO,CAR,8.0,42.0,0.7403802739176241,0,0.8734703092554532,0.871485261212515,0.7403802739176241,rf
2018_17_DAL_NYG,2018,17,2018-12-30,NYG,DAL,7.5,38.5,0.7529750155095595,0,0.6142285655290476,0.6138052651587509,0.7529750155095595,rf
2018_17_CIN_PIT,2018,17,2018-12-30,PIT,CIN,14.0,45.5,0.841953552360051,1,0.8265495317070908,0.8245643261090515,0.841953552360051,rf
2018_17_ARI_SEA,2018,17,2018-12-30,SEA,ARI,15.5,39.5,0.8624016141693505,1,0.8976233273457674,0.8957278982142339,0.8624016141693505,rf
2018_17_ATL_TB,2018,17,2018-12-30,TB,ATL,-2.5,52.0,0.42667230861454913,0,0.46052660212132607,0.4617781902146648,0.42667230861454913,rf
2018_17_IND_TEN,2018,17,2018-12-30,TEN,IND,-5.0,42.5,0.3366422097539922,0,0.4259263378155264,0.42753407217933403,0.3366422097539922,rf
2018_17_PHI_WAS,2018,17,2018-12-30,WAS,PHI,-6.0,43.0,0.3069121964238057,0,0.23545399254989455,0.23838203980907788,0.3069121964238057,rf
2018_18_SEA_DAL,2018,18,2019-01-05,DAL,SEA,2.5,43.0,0.5844112492697988,1,0.627171376090577,0.6266128620140987,0.5844112492697988,rf
2018_18_IND_HOU,2018,18,2019-01-05,HOU,IND,2.0,48.5,0.5399277029247453,0,0.6145246935094402,0.6140982717883376,0.5399277029247453,rf
2018_18_LAC_BAL,2018,18,2019-01-06,BAL,LAC,3.0,43.0,0.5933014354066986,0,0.5985236362308125,0.5982675026647605,0.5933014354066986,rf
2018_18_PHI_CHI,2018,18,2019-01-06,CHI,PHI,6.5,42.5,0.7086409898223908,0,0.659987784554847,0.6590998009783153,0.7086409898223908,rf
2018_19_IND_KC,2018,19,2019-01-12,KC,IND,4.0,54.5,0.6538962374066205,1,0.6900790023261187,0.6889107393303302,0.6538962374066205,rf
2018_19_DAL_LA,2018,19,2019-01-12,LA,DAL,7.5,48.0,0.7534450148608485,1,0.7004179481658701,0.6991593367983497,0.7534450148608485,rf
2018_19_LAC_NE,2018,19,2019-01-13,NE,LAC,4.0,47.5,0.6384336294257477,1,0.6862152634298547,0.685081601402517,0.6384336294257477,rf
2018_19_PHI_NO,2018,19,2019-01-13,NO,PHI,8.5,52.0,0.7697759087280727,1,0.6989126416614895,0.6976669750087857,0.7697759087280727,rf
2018_20_NE_KC,2018,20,2019-01-20,KC,NE,3.0,56.5,0.6186511705872493,0,0.6330410850894138,0.6324221333509683,0.6186511705872493,rf
2018_20_LA_NO,2018,20,2019-01-20,NO,LA,3.0,55.0,0.5965083053348824,0,0.5842695034098294,0.5841674558707837,0.5965083053348824,rf
2018_21_NE_LA,2018,21,2019-02-03,LA,NE,-2.0,55.5,0.46214743124779806,0,0.4555440506927257,0.45684807783366344,0.46214743124779806,rf
2019_01_GB_CHI,2019,1,2019-09-05,CHI,GB,3.5,47.0,0.6247300215982722,0,0.5869012090453609,0.6185590440583395,0.6247300215982722,rf
2019_01_LA_CAR,2019,1,2019-09-08,CAR,LA,-1.5,49.5,0.4630595302657377,0,0.41389954110524235,0.46050220339161824,0.4630595302657377,rf
2019_01_TEN_CLE,2019,1,2019-09-08,CLE,TEN,5.5,44.0,0.6807893209518282,0,0.5802257775409468,0.612591355570095,0.6807893209518282,rf
2019_01_NYG_DAL,2019,1,2019-09-08,DAL,NYG,7.0,44.0,0.7368896226171744,1,0.7106510053969174,0.7282895839434081,0.7368896226171744,rf
2019_01_KC_JAX,2019,1,2019-09-08,JAX,KC,-3.5,49.0,0.37118740340541323,0,0.31741730585877237,0.3677492917270716,0.37118740340541323,rf
2019_01_IND_LAC,2019,1,2019-09-08,LAC,IND,6.0,44.5,0.7086409898223908,1,0.6858259932833878,0.7063556311186742,0.7086409898223908,rf
2019_01_BAL_MIA,2019,1,2019-09-08,MIA,BAL,-7.0,41.0,0.2689661697325205,0,0.25830083322969205,0.30845686692214175,0.2689661697325205,rf
2019_01_ATL_MIN,2019,1,2019-09-08,MIN,ATL,3.5,47.0,0.6228683865325755,1,0.6184758700345501,0.6466946853678583,0.6228683865325755,rf
2019_01_PIT_NE,2019,1,2019-09-08,NE,PIT,5.5,49.0,0.6780652506772408,1,0.7396056594201732,0.7538814872467617,0.6780652506772408,rf
2019_01_BUF_NYJ,2019,1,2019-09-08,NYJ,BUF,2.5,41.0,0.5844112492697988,0,0.47882946425821654,0.5208010957664977,0.5844112492697988,rf
2019_01_WAS_PHI,2019,1,2019-09-08,PHI,WAS,10.5,44.0,0.8027917403716482,1,0.8112206279430996,0.8175052697350784,0.8027917403716482,rf
2019_01_CIN_SEA,2019,1,2019-09-08,SEA,CIN,9.5,44.0,0.7801440983259166,1,0.7341233422577901,0.7490333588476735,0.7801440983259166,rf
2019_01_SF_TB,2019,1,2019-09-08,TB,SF,1.0,51.0,0.5069715560513107,0,0.5142982295028535,0.5531887221010744,0.5069715560513107,rf
2019_01_HOU_NO,2019,1,2019-09-09,NO,HOU,6.5,52.0,0.7382366085679627,1,0.7210935021122152,0.7375162592735739,0.7382366085679627,rf
2019_01_DEN_OAK,2019,1,2019-09-09,OAK,DEN,-3.0,42.5,0.4155887507302011,1,0.4530652050264275,0.4970444338737204,0.4155887507302011,rf
2019_02_TB_CAR,2019,2,2019-09-12,CAR,TB,6.5,48.0,0.7141340612678193,0,0.7073414382896228,0.7253656489925498,0.7141340612678193,rf
2019_02_PHI_ATL,2019,2,2019-09-15,ATL,PHI,-1.0,53.0,0.5,1,0.4793994036879897,0.5213243180790712,0.5,rf
2019_02_ARI_BAL,2019,2,2019-09-15,BAL,ARI,13.0,46.0,0.8419894866207438,1,0.8884364979171621,0.8875437917800462,0.8419894866207438,rf
2019_02_SF_CIN,2019,2,2019-09-15,CIN,SF,1.0,46.0,0.5046466242274987,0,0.5716537964766851,0.6049170352684676,0.5046466242274987,rf
2019_02_CHI_DEN,2019,2,2019-09-15,DEN,CHI,-3.0,41.0,0.42003945309842866,0,0.415040190558687,0.4615744024397751,0.42003945309842866,rf
2019_02_LAC_DET,2019,2,2019-09-15,DET,LAC,-1.0,47.0,0.4953533757725013,1,0.5243279968314473,0.5622874668290666,0.4953533757725013,rf
2019_02_MIN_GB,2019,2,2019-09-15,GB,MIN,3.0,43.0,0.6069415603678434,1,0.5647340639252729,0.598712299987772,0.6069415603678434,rf
2019_02_JAX_HOU,2019,2,2019-09-15,HOU,JAX,7.5,43.0,0.7484073492752285,1,0.7782604152182142,0.7881345995672432,0.7484073492752285,rf
2019_02_NO_LA,2019,2,2019-09-15,LA,NO,2.0,52.5,0.5284039285250725,1,0.5514277479108369,0.5867551028772012,0.5284039285250725,rf
2019_02_NE_MIA,2019,2,2019-09-15,MIA,NE,-18.0,48.5,0.099009900990099,0,0.2537932505373576,0.3038420882951928,0.099009900990099,rf
2019_02_BUF_NYG,2019,2,2019-09-15,NYG,BUF,-1.0,44.5,0.4827086071703758,0,0.526174579582358,0.56395998435292,0.4827086071703758,rf
2019_02_KC_OAK,2019,2,2019-09-15,OAK,KC,-7.0,53.5,0.27591339268162546,0,0.2580797582911219,0.3082308696913239,0.27591339268162546,rf
2019_02_SEA_PIT,2019,2,2019-09-15,PIT,SEA,4.0,47.0,0.6459016393442624,0,0.6403128274000963,0.6660796918749454,0.6459016393442624,rf
2019_02_IND_TEN,2019,2,2019-09-15,TEN,IND,3.0,43.5,0.6247300215982722,0,0.6049407306741759,0.6346509770889563,0.6247300215982722,rf
2019_02_DAL_WAS,2019,2,2019-09-15,WAS,DAL,-6.0,46.5,0.29196153724096346,0,0.2828465062664999,0.33334238444904885,0.29196153724096346,rf
2019_02_CLE_NYJ,2019,2,2019-09-16,NYJ,CLE,-6.5,45.5,0.28507217303428406,0,0.3310113484152829,0.38109165838501946,0.28507217303428406,rf
2019_03_TEN_JAX,2019,3,2019-09-19,JAX,TEN,-1.5,38.0,0.45801526717557256,1,0.4016266623731522,0.4489335609919386,0.45801526717557256,rf
2019_03_CAR_ARI,2019,3,2019-09-22,ARI,CAR,2.5,46.0,0.5528282163459678,0,0.5508351702863142,0.5862217821396807,0.5528282163459678,rf
2019_03_CIN_BUF,2019,3,2019-09-22,BUF,CIN,5.5,43.5,0.696132596685083,1,0.751740443789469,0.7646193966525311,0.696132596685083,rf
2019_03_LA_CLE,2019,3,2019-09-22,CLE,LA,-4.0,48.0,0.33564198188598826,0,0.37425469396848005,0.4229081618319817,0.33564198188598826,rf
2019_03_MIA_DAL,2019,3,2019-09-22,DAL,MIA,22.0,46.5,0.937309434930043,1,0.7907149730217222,0.7992098120164398,0.937309434930043,rf
2019_03_DEN_GB,2019,3,2019-09-22,GB,DEN,7.0,42.0,0.7432443808401381,1,0.7835074343687611,0.7927975640628061,0.7432443808401381,rf
2019_03_ATL_IND,2019,3,2019-09-22,IND,ATL,1.0,48.0,0.5240193918025562,1,0.5722754244649894,0.6054740029347349,0.5240193918025562,rf
2019_03_BAL_KC,2019,3,2019-09-22,KC,BAL,4.5,52.0,0.6654526975522995,1,0.7041199542620008,0.7225195739412069,0.6654526975522995,rf
2019_03_HOU_LAC,2019,3,2019-09-22,LAC,HOU,3.0,49.0,0.6114139890963924,0,0.6333015117825901,0.659861159627775,0.6114139890963924,rf
2019_03_OAK_MIN,2019,3,2019-09-22,MIN,OAK,8.5,43.0,0.7780073411433721,1,0.8027155250334729,0.8099065753953933,0.7780073411433721,rf
2019_03_NYJ_NE,2019,3,2019-09-22,NE,NYJ,20.5,43.0,0.9253624914304412,1,0.9130567359924039,0.9105114734003826,0.9253624914304412,rf
2019_03_DET_PHI,2019,3,2019-09-22,PHI,DET,4.0,45.0,0.6618106139438086,0,0.6572293007150983,0.6810653392282424,0.6618106139438086,rf
2019_03_NO_SEA,2019,3,2019-09-22,SEA,NO,5.0,44.0,0.6742671009771987,0,0.6514405619161999,0.6759399305189638,0.6742671009771987,rf
2019_03_PIT_SF,2019,3,2019-09-22,SF,PIT,6.0,44.5,0.71333597633497,1,0.6251809760691995,0.6526524805305363,0.71333597633497,rf
2019_03_NYG_TB,2019,3,2019-09-22,TB,NYG,5.0,48.0,0.6779230919383173,0,0.6806466583787099,0.7017779404962379,0.6779230919383173,rf
2019_03_CHI_WAS,2019,3,2019-09-23,WAS,CHI,-5.0,41.0,0.320067869813358,0,0.39095615809345313,0.4388258685113287,0.320067869813358,rf
2019_04_PHI_GB,2019,4,2019-09-26,GB,PHI,3.5,46.0,0.6379977530895019,0,0.6338924532608288,0.6603854709795518,0.6379977530895019,rf
2019_04_SEA_ARI,2019,4,2019-09-29,ARI,SEA,-5.5,49.0,0.31488140709135287,0,0.33727187979716794,0.3872031388579567,0.31488140709135287,rf
2019_04_TEN_ATL,2019,4,2019-09-29,ATL,TEN,3.5,46.0,0.6191482263983098,0,0.613936243195621,0.6426579266919676,0.6191482263983098,rf
2019_04_CLE_BAL,2019,4,2019-09-29,BAL,CLE,7.5,47.0,0.7437482371439031,0,0.8276025243139045,0.8321900418639561,0.7437482371439031,rf
2019_04_NE_BUF,2019,4,2019-09-29,BUF,NE,-7.0,41.5,0.2596297346966464,0,0.3441151813865032,0.39386039446841314,0.2596297346966464,rf
2019_04_MIN_CHI,2019,4,2019-09-29,CHI,MIN,-1.0,38.0,0.4930284439486894,1,0.4905497818074731,0.5315417022170227,0.4930284439486894,rf
2019_04_JAX_DEN,2019,4,2019-09-29,DEN,JAX,2.5,37.0,0.5642421122306391,0,0.48905548598871096,0.5301745072610337,0.5642421122306391,rf
2019_04_KC_DET,2019,4,2019-09-29,DET,KC,-7.5,54.5,0.23850155231613795,0,0.33026219695492814,0.3803589650836789,0.23850155231613795,rf
2019_04_CAR_HOU,2019,4,2019-09-29,HOU,CAR,5.5,47.5,0.6999193060318741,0,0.6825390411302349,0.7034506048556792,0.6999193060318741,rf
2019_04_OAK_IND,2019,4,2019-09-29,IND,OAK,5.5,46.0,0.688252023627215,0,0.7372251188951167,0.7517761218721143,0.688252023627215,rf
2019_04_TB_LA,2019,4,2019-09-29,LA,TB,9.0,48.5,0.8001430041331682,0,0.8219782803177744,0.827140597469646,0.8001430041331682,rf
2019_04_LAC_MIA,2019,4,2019-09-29,MIA,LAC,-15.0,43.5,0.13802307087621798,0,0.3671808908300788,0.41612899196200137,0.13802307087621798,rf
2019_04_DAL_NO,2019,4,2019-09-29,NO,DAL,-2.5,47.0,0.43026174256005734,1,0.5059541583335436,0.5455999973195761,0.43026174256005734,rf
2019_04_WAS_NYG,2019,4,2019-09-29,NYG,WAS,3.0,48.0,0.6039037320401216,1,0.5665998702079567,0.6003861917890577,0.6039037320401216,rf
2019_04_CIN_PIT,2019,4,2019-09-30,PIT,CIN,3.5,45.5,0.6252015045674368,1,0.6465287491255671,0.6715889048271475,0.6252015045674368,rf
2019_05_LA_SEA,2019,5,2019-10-03,SEA,LA,1.5,49.0,0.5369404697342622,1,0.5335233840869649,0.5706081543905486,0.5369404697342622,rf
2019_05_JAX_CAR,2019,5,2019-10-06,CAR,JAX,3.0,41.0,0.6375766544186806,1,0.6300976031566079,0.6570178674867542,0.6375766544186806,rf
2019_05_ARI_CIN,2019,5,2019-10-06,CIN,ARI,3.0,45.0,0.5916792592354435,0,0.5665631985066474,0.600353298381442,0.5916792592354435,rf
2019_05_GB_DAL,2019,5,2019-10-06,DAL,GB,3.5,46.5,0.6279229893276131,0,0.6782430354017294,0.6996532000147088,0.6279229893276131,rf
2019_05_ATL_HOU,2019,5,2019-10-06,HOU,ATL,4.0,49.0,0.6569372429822994,1,0.6214946190974153,0.6493776387270641,0.6569372429822994,rf
2019_05_IND_KC,2019,5,2019-10-06,KC,IND,10.5,55.5,0.8088171988554355,0,0.8142394857981999,0.8202063139615882,0.8088171988554355,rf
2019_05_DEN_LAC,2019,5,2019-10-06,LAC,DEN,4.0,46.0,0.6745662547167928,0,0.7422463166224117,0.7562173000886117,0.6745662547167928,rf
2019_05_TB_NO,2019,5,2019-10-06,NO,TB,3.0,46.0,0.5816746508332771,1,0.5546522121921711,0.5896558685071048,0.5816746508332771,rf
2019_05_MIN_NYG,2019,5,2019-10-06,NYG,MIN,-5.5,44.0,0.3108038311329388,0,0.32074973182950145,0.37102933235877206,0.3108038311329388,rf
2019_05_CHI_OAK,2019,5,2019-10-06,OAK,CHI,-6.5,39.5,0.29300627641859867,1,0.26650970819564734,0.31682446604898745,0.29300627641859867,rf
2019_05_NYJ_PHI,2019,5,2019-10-06,PHI,NYJ,14.0,43.0,0.8589779257283742,1,0.8863281681008777,0.8855960347786535,0.8589779257283742,rf
2019_05_BAL_PIT,2019,5,2019-10-06,PIT,BAL,-3.5,44.0,0.3747984954325632,0,0.4228422186691867,0.4688949273819942,0.3747984954325632,rf
2019_05_BUF_TEN,2019,5,2019-10-06,TEN,BUF,3.5,39.5,0.6283801591903431,0,0.6595287532741747,0.6831006255935836,0.6283801591903431,rf
2019_05_NE_WAS,2019,5,2019-10-06,WAS,NE,-15.5,42.0,0.12191974859069715,0,0.24271955501206363,0.2924426957231058,0.12191974859069715,rf
2019_05_CLE_SF,2019,5,2019-10-07,SF,CLE,5.0,47.5,0.6745662547167928,1,0.6456409435206517,0.6708022460378273,0.6745662547167928,rf
2019_06_NYG_NE,2019,6,2019-10-10,NE,NYG,16.5,43.0,0.8867369007501867,1,0.9170943724083438,0.9143232883468368,0.8867369007501867,rf
2019_06_ATL_ARI,2019,6,2019-10-13,ARI,ATL,-3.0,52.5,0.39819971012281646,1,0.4118451642663029,0.4585698403726232,0.39819971012281646,rf
2019_06_CIN_BAL,2019,6,2019-10-13,BAL,CIN,10.5,47.0,0.8154296160877514,1,0.8840354168461705,0.8834808891376907,0.8154296160877514,rf
2019_06_SEA_CLE,2019,6,2019-10-13,CLE,SEA,1.0,45.5,0.5172913928296243,0,0.4002761234473866,0.44765684377279147,0.5172913928296243,rf
2019_06_TEN_DEN,2019,6,2019-10-13,DEN,TEN,1.0,41.0,0.533647048893203,1,0.5394561870530435,0.5759663448830956,0.533647048893203,rf
2019_06_NO_JAX,2019,6,2019-10-13,JAX,NO,2.5,42.5,0.5679213219076544,0,0.5236931323480923,0.561712259230026,0.5679213219076544,rf
2019_06_HOU_KC,2019,6,2019-10-13,KC,HOU,3.5,54.5,0.6336902505251294,0,0.6608001504135801,0.6842258074220825,0.6336902505251294,rf
2019_06_SF_LA,2019,6,2019-10-13,LA,SF,3.0,49.5,0.5816746508332771,0,0.6193849099827082,0.6475027221309132,0.5816746508332771,rf
2019_06_PIT_LAC,2019,6,2019-10-13,LAC,PIT,6.0,42.5,0.696132596685083,0,0.6970412994184727,0.716265689873593,0.696132596685083,rf
2019_06_WAS_MIA,2019,6,2019-10-13,MIA,WAS,-6.0,42.0,0.3136531365313653,0,0.39880875688848993,0.4462688431031499,0.3136531365313653,rf
2019_06_PHI_MIN,2019,6,2019-10-13,MIN,PHI,3.5,44.0,0.6210456942003515,1,0.731285726143727,0.7465246022329308,0.6210456942003515,rf
2019_06_DAL_NYJ,2019,6,2019-10-13,NYJ,DAL,-7.0,43.5,0.26242745394902856,1,0.35809141919417237,0.4073841396968525,0.26242745394902856,rf
2019_06_CAR_TB,2019,6,2019-10-13,TB,CAR,-2.0,48.5,0.45801526717557256,0,0.48775069252329123,0.5289801793065866,0.45801526717557256,rf
2019_06_DET_GB,2019,6,2019-10-14,GB,DET,3.5,47.0,0.6471201212580523,1,0.6691466110259655,0.6916098869745143,0.6471201212580523,rf
2019_07_KC_DEN,2019,7,2019-10-17,DEN,KC,-3.0,49.5,0.4166248368637687,0,0.41740266604658965,0.4637935166081014,0.4166248368637687,rf
2019_07_LA_ATL,2019,7,2019-10-20,ATL,LA,-3.0,54.5,0.40832074076455643,0,0.38197010647649,0.4302766111652298,0.40832074076455643,rf
2019_07_MIA_BUF,2019,7,2019-10-20,BUF,MIA,17.0,42.5,0.8913998705928935,1,0.7938608268200417,0.8020112986469389,0.8913998705928935,rf
2019_07_NO_CHI,2019,7,2019-10-20,CHI,NO,4.0,37.0,0.6621475756659903,0,0.6403733121068809,0.6661333167807845,0.6621475756659903,rf
2019_07_JAX_CIN,2019,7,2019-10-20,CIN,JAX,-4.0,44.5,0.3367436672886772,0,0.36090367840722204,0.41009392470187683,0.3367436672886772,rf
2019_07_PHI_DAL,2019,7,2019-10-20,DAL,PHI,3.0,50.0,0.6069415603678434,1,0.6609013633331585,0.6843153758798656,0.6069415603678434,rf
2019_07_MIN_DET,2019,7,2019-10-20,DET,MIN,-2.5,43.5,0.4357578877693609,0,0.48307422473249517,0.5246956247076612,0.4357578877693609,rf
2019_07_OAK_GB,2019,7,2019-10-20,GB,OAK,5.5,48.0,0.6873022714142923,1,0.6940814403967683,0.7136505445271296,0.6873022714142923,rf
2019_07_HOU_IND,2019,7,2019-10-20,IND,HOU,1.5,46.5,0.5327102803738317,1,0.538365772445161,0.5749821291976355,0.5327102803738317,rf
2019_07_ARI_NYG,2019,7,2019-10-20,NYG,ARI,3.5,49.5,0.6362901596282077,0,0.6707922179826339,0.6930652785097868,0.6362901596282077,rf
2019_07_BAL_SEA,2019,7,2019-10-20,SEA,BAL,3.0,49.0,0.5955112768937784,0,0.5328873544911674,0.5700332561129764,0.5955112768937784,rf
2019_07_LAC_TEN,2019,7,2019-10-20,TEN,LAC,3.0,42.5,0.5955112768937784,1,0.5739983785318444,0.6070173770940652,0.5955112768937784,rf
2019_07_SF_WAS,2019,7,2019-10-20,WAS,SF,-10.0,39.0,0.2154605263157895,0,0.3116223839787267,0.3620307070789918,0.2154605263157895,rf
2019_07_NE_NYJ,2019,7,2019-10-21,NYJ,NE,-9.5,43.0,0.23599440828535784,0,0.24921380890112915,0.2991388415987239,0.23599440828535784,rf
2019_08_WAS_MIN,2019,8,2019-10-24,MIN,WAS,16.5,42.0,0.883065536404312,1,0.9044592417376692,0.9024404882600595,0.883065536404312,rf
2019_08_SEA_ATL,2019,8,2019-10-27,ATL,SEA,-7.5,48.5,0.2588343276732446,0,0.2884552653114351,0.33897360236424606,0.2588343276732446,rf
2019_08_PHI_BUF,2019,8,2019-10-27,BUF,PHI,1.0,39.5,0.5369404697342622,0,0.5248709598537831,0.5627793324191976,0.5369404697342622,rf
2019_08_LAC_CHI,2019,8,2019-10-27,CHI,LAC,3.5,41.0,0.629269318749507,0,0.6483384882466563,0.6731922549674344,0.629269318749507,rf
2019_08_NYG_DET,2019,8,2019-10-27,DET,NYG,6.5,49.0,0.7072057697217258,1,0.6842006340062909,0.7049191731192601,0.7072057697217258,rf
2019_08_OAK_HOU,2019,8,2019-10-27,HOU,OAK,5.0,52.0,0.683174291856825,1,0.671311429249668,0.6935244448884087,0.683174291856825,rf
2019_08_DEN_IND,2019,8,2019-10-27,IND,DEN,6.0,41.0,0.6851185929086472,1,0.7156325134627607,0.7326908531954257,0.6851185929086472,rf
2019_08_NYJ_JAX,2019,8,2019-10-27,JAX,NYJ,7.0,39.5,0.7255610366150211,1,0.7622840605272685,0.7739591774337643,0.7255610366150211,rf
2019_08_GB_KC,2019,8,2019-10-27,KC,GB,-5.0,48.0,0.3220769080616826,0,0.4333603149905094,0.47872807291305236,0.3220769080616826,rf
2019_08_CIN_LA,2019,8,2019-10-27,LA,CIN,12.0,48.5,0.8291473616315197,1,0.867719095773277,0.8685108625593077,0.8291473616315197,rf
2019_08_CLE_NE,2019,8,2019-10-27,NE,CLE,9.5,43.0,0.7627068693058542,1,0.8598813698406051,0.8613658321503409,0.7627068693058542,rf
2019_08_ARI_NO,2019,8,2019-10-27,NO,ARI,12.5,47.5,0.8301610541727672,1,0.8681916382627853,0.8689425335211783,0.8301610541727672,rf
2019_08_CAR_SF,2019,8,2019-10-27,SF,CAR,4.5,41.0,0.6572903685241233,1,0.689612404316176,0.7097016875521253,0.6572903685241233,rf
2019_08_TB_TEN,2019,8,2019-10-27,TEN,TB,2.0,45.5,0.5357590966122961,1,0.5422572693070004,0.5784934255163477,0.5357590966122961,rf
2019_08_MIA_PIT,2019,8,2019-10-28,PIT,MIA,14.0,44.0,0.8360766173399501,1,0.8352796668091887,0.8390972669989816,0.8360766173399501,rf
2019_09_SF_ARI,2019,9,2019-10-31,ARI,SF,-10.5,43.5,0.20847279334417138,0,0.2978902335619967,0.3484024082250497,0.20847279334417138,rf
2019_09_NE_BAL,2019,9,2019-11-03,BAL,NE,-3.0,44.5,0.41493775933609955,1,0.4065349437253118,0.45356735873142046,0.41493775933609955,rf
2019_09_WAS_BUF,2019,9,2019-11-03,BUF,WAS,10.5,37.0,0.7928552023906547,1,0.8229667009892989,0.8280273757858078,0.7928552023906547,rf
2019_09_TEN_CAR,2019,9,2019-11-03,CAR,TEN,3.5,43.0,0.6252015045674368,1,0.6071645275729549,0.6366314022755958,0.6252015045674368,rf
2019_09_CLE_DEN,2019,9,2019-11-03,DEN,CLE,-4.0,39.0,0.3569607343192249,1,0.40087454848030357,0.44822264972114484,0.3569607343192249,rf
2019_09_HOU_JAX,2019,9,2019-11-03,JAX,HOU,1.0,46.0,0.5185243789416578,0,0.5305277237476801,0.567899610072801,0.5185243789416578,rf
2019_09_MIN_KC,2019,9,2019-11-03,KC,MIN,-5.5,46.0,0.32646911099949777,1,0.4319350511740987,0.4773979805388534,0.32646911099949777,rf
2019_09_GB_LAC,2019,9,2019-11-03,LAC,GB,-4.0,50.0,0.3427096314758768,1,0.3772681986516178,0.4257892884048007,0.3427096314758768,rf
2019_09_NYJ_MIA,2019,9,2019-11-03,MIA,NYJ,-3.5,42.5,0.3650052779508833,1,0.39506672879318255,0.44272520972286333,0.3650052779508833,rf
2019_09_DET_OAK,2019,9,2019-11-03,OAK,DET,2.5,51.5,0.5740354444580784,1,0.5012688948859738,0.5413309283683096,0.5740354444580784,rf
2019_09_CHI_PHI,2019,9,2019-11-03,PHI,CHI,5.0,41.0,0.6745662547167928,1,0.6701771902563745,0.6925213584522872,0.6745662547167928,rf
2019_09_IND_PIT,2019,9,2019-11-03,PIT,IND,1.0,39.5,0.5274287332041203,1,0.5040046673305186,0.5438243857352638,0.5274287332041203,rf
2019_09_TB_SEA,2019,9,2019-11-03,SEA,TB,4.0,51.0,0.6584314375725417,1,0.623567611034204,0.651219412046868,0.6584314375725417,rf
2019_09_DAL_NYG,2019,9,2019-11-04,NYG,DAL,-6.5,48.5,0.2735384297378303,0,0.2728802844523691,0.32328658907917546,0.2735384297378303,rf
2019_10_LAC_OAK,2019,10,2019-11-07,OAK,LAC,-1.0,49.0,0.47377843762281124,1,0.4524433938204551,0.49646845597131734,0.47377843762281124,rf
2019_10_DET_CHI,2019,10,2019-11-10,CHI,DET,6.0,38.0,0.7096900745390349,1,0.6487450563104475,0.673552418972495,0.7096900745390349,rf
2019_10_BAL_CIN,2019,10,2019-11-10,CIN,BAL,-10.5,44.0,0.2116883630752186,0,0.20988006682295365,0.25807822501043265,0.2116883630752186,rf
2019_10_BUF_CLE,2019,10,2019-11-10,CLE,BUF,3.0,42.0,0.586736037934668,1,0.4771016526596349,0.5192143212583096,0.586736037934668,rf
2019_10_MIN_DAL,2019,10,2019-11-10,DAL,MIN,3.5,48.5,0.6252015045674368,0,0.731031114155428,0.7462995161479747,0.6252015045674368,rf
2019_10_CAR_GB,2019,10,2019-11-10,GB,CAR,5.0,49.0,0.675595238095238,1,0.6475774233040373,0.6725180180590223,0.675595238095238,rf
2019_10_MIA_IND,2019,10,2019-11-10,IND,MIA,11.0,44.5,0.8022396950202525,0,0.8503813755883534,0.8527402269994346,0.8022396950202525,rf
2019_10_ATL_NO,2019,10,2019-11-10,NO,ATL,14.0,51.5,0.8393555347273013,0,0.8421547737672868,0.8452985487293977,0.8393555347273013,rf
2019_10_NYG_NYJ,2019,10,2019-11-10,NYJ,NYG,-3.0,43.0,0.41899204424013164,1,0.4325981624874939,0.47801690357280785,0.41899204424013164,rf
2019_10_LA_PIT,2019,10,2019-11-10,PIT,LA,-4.0,43.0,0.3367436672886772,1,0.3949598950017502,0.4426239550664603,0.3367436672886772,rf
2019_10_ARI_TB,2019,10,2019-11-10,TB,ARI,5.5,51.0,0.6829002792370676,1,0.5862150394017558,0.6179459620810521,0.6829002792370676,rf
2019_10_KC_TEN,2019,10,2019-11-10,TEN,KC,-5.0,49.0,0.3190724859866813,1,0.254497279979831,0.30456381220002243,0.3190724859866813,rf
2019_10_SEA_SF,2019,10,2019-11-11,SF,SEA,6.5,47.0,0.7080384627590365,0,0.7511856702802203,0.7641282434645328,0.7080384627590365,rf
2019_11_PIT_CLE,2019,11,2019-11-14,CLE,PIT,3.0,41.5,0.6039037320401216,1,0.4843800082923574,0.5258926108241769,0.6039037320401216,rf
2019_11_HOU_BAL,2019,11,2019-11-17,BAL,HOU,4.0,51.0,0.666540435916856,1,0.6790491506355952,0.7003658103478155,0.666540435916856,rf
2019_11_ATL_CAR,2019,11,2019-11-17,CAR,ATL,3.5,49.0,0.648330451760112,0,0.5977636452572614,0.628254583387019,0.648330451760112,rf
2019_11_DAL_DET,2019,11,2019-11-17,DET,DAL,-7.5,46.5,0.2366416065391796,0,0.28879676593856735,0.3393158338502904,0.2366416065391796,rf
2019_11_JAX_IND,2019,11,2019-11-17,IND,JAX,2.5,41.5,0.5586071603727317,1,0.5581987171269412,0.5928439293531655,0.5586071603727317,rf
2019_11_CHI_LA,2019,11,2019-11-17,LA,CHI,5.0,40.0,0.6802135750777858,1,0.6992251254294651,0.7181951083469156,0.6802135750777858,rf
2019_11_BUF_MIA,2019,11,2019-11-17,MIA,BUF,-7.0,41.5,0.26751500253054733,0,0.2791569366712878,0.3296271555051116,0.26751500253054733,rf
2019_11_DEN_MIN,2019,11,2019-11-17,MIN,DEN,10.0,40.5,0.780155608608282,1,0.7880518245275497,0.796839527241331,0.780155608608282,rf
2019_11_CIN_OAK,2019,11,2019-11-17,OAK,CIN,13.0,48.0,0.8312468583191708,1,0.8074762950931643,0.8141580348592754,0.8312468583191708,rf
2019_11_NE_PHI,2019,11,2019-11-17,PHI,NE,-4.5,45.0,0.34043487810235007,0,0.3299306083204401,0.3800345662570448,0.34043487810235007,rf
2019_11_ARI_SF,2019,11,2019-11-17,SF,ARI,10.0,44.0,0.786035261712446,1,0.8595485762559504,0.8610630465445847,0.786035261712446,rf
2019_11_NO_TB,2019,11,2019-11-17,TB,NO,-5.0,50.5,0.3220769080616826,0,0.24684992334581274,0.2967050765731873,0.3220769080616826,rf
2019_11_NYJ_WAS,2019,11,2019-11-17,WAS,NYJ,1.0,37.5,0.5369404697342622,0,0.5037169915170161,0.5435622836140164,0.5369404697342622,rf
2019_11_KC_LAC,2019,11,2019-11-18,LAC,KC,-5.5,52.5,0.3108038311329388,0,0.3225449990907726,0.3727938450762424,0.3108038311329388,rf
2019_12_IND_HOU,2019,12,2019-11-21,HOU,IND,3.5,46.0,0.6306061713569676,1,0.6715682360551278,0.6937515478353349,0.6306061713569676,rf
2019_12_TB_ATL,2019,12,2019-11-24,ATL,TB,3.5,51.5,0.6297217024951262,0,0.6384121933145896,0.6643944399716329,0.6297217024951262,rf
2019_12_DEN_BUF,2019,12,2019-11-24,BUF,DEN,3.5,37.0,0.6388542963885429,1,0.6719214108855754,0.6940638668445737,0.6388542963885429,rf
2019_12_NYG_CHI,2019,12,2019-11-24,CHI,NYG,6.0,41.0,0.696132596685083,1,0.7401402658262856,0.7543543424170642,0.696132596685083,rf
2019_12_PIT_CIN,2019,12,2019-11-24,CIN,PIT,-5.5,37.5,0.3257328990228013,0,0.23224062198537482,0.28157086636191325,0.3257328990228013,rf
2019_12_MIA_CLE,2019,12,2019-11-24,CLE,MIA,11.0,45.5,0.791595099049582,1,0.7806102321135847,0.7902223522662648,0.791595099049582,rf
2019_12_DAL_NE,2019,12,2019-11-24,NE,DAL,5.5,44.5,0.6789306742455842,1,0.6604468508909751,0.6839131494237188,0.6789306742455842,rf
2019_12_CAR_NO,2019,12,2019-11-24,NO,CAR,10.0,46.0,0.7954597198863094,1,0.7926475513825273,0.800930629507714,0.7954597198863094,rf
2019_12_OAK_NYJ,2019,12,2019-11-24,NYJ,OAK,-3.5,45.0,0.3775590873156503,1,0.3525005121719498,0.401985706956234,0.3775590873156503,rf
2019_12_SEA_PHI,2019,12,2019-11-24,PHI,SEA,-1.0,45.5,0.5,0,0.49924611572967437,0.5394860263820349,0.5,rf
2019_12_GB_SF,2019,12,2019-11-24,SF,GB,3.0,48.0,0.6196403872752421,1,0.619133109996213,0.6472789096172794,0.6196403872752421,rf
2019_12_JAX_TEN,2019,12,2019-11-24,TEN,JAX,4.5,42.0,0.6735308890005023,1,0.6903840018040123,0.7103835044074809,0.6735308890005023,rf
2019_12_DET_WAS,2019,12,2019-11-24,WAS,DET,-4.0,39.0,0.36200224691049804,1,0.3479639896315608,0.39759417989346085,0.36200224691049804,rf
2019_12_BAL_LA,2019,12,2019-11-25,LA,BAL,-3.5,47.0,0.39763241766580665,0,0.4692028895715905,0.5119488623924947,0.39763241766580665,rf
2019_13_NO_ATL,2019,13,2019-11-28,ATL,NO,-7.0,48.0,0.2609486323551392,0,0.24822776169359975,0.29812414378740903,0.2609486323551392,rf
2019_13_BUF_DAL,2019,13,2019-11-28,DAL,BUF,6.5,46.5,0.7271879798201359,0,0.7460077707082304,0.7595453128902462,0.7271879798201359,rf
2019_13_CHI_DET,2019,13,2019-11-28,DET,CHI,-5.5,37.5,0.32135553607946243,0,0.338034581814265,0.38794629081368176,0.32135553607946243,rf
2019_13_LA_ARI,2019,13,2019-12-01,ARI,LA,-2.5,47.0,0.43316719528772085,0,0.430299437285418,0.4758706826990552,0.43316719528772085,rf
2019_13_SF_BAL,2019,13,2019-12-01,BAL,SF,5.5,45.0,0.688252023627215,1,0.7114515750370771,0.7289968837154774,0.688252023627215,rf
2019_13_WAS_CAR,2019,13,2019-12-01,CAR,WAS,10.5,38.5,0.8026195304922302,0,0.7375926259927198,0.7521011263527488,0.8026195304922302,rf
2019_13_NYJ_CIN,2019,13,2019-12-01,CIN,NYJ,-2.5,43.0,0.46214743124779806,1,0.3626042559632009,0.4117307214242185,0.46214743124779806,rf
2019_13_LAC_DEN,2019,13,2019-12-01,DEN,LAC,-4.5,39.0,0.34385815571062156,1,0.3115550028260055,0.3619641020333057,0.34385815571062156,rf
2019_13_NE_HOU,2019,13,2019-12-01,HOU,NE,-3.5,47.0,0.3837038708949329,1,0.421874455171114,0.46798813764130454,0.3837038708949329,rf
2019_13_TEN_IND,2019,13,2019-12-01,IND,TEN,-1.0,41.5,0.49070156678599663,0,0.4810474992264854,0.5228367822508416,0.49070156678599663,rf
2019_13_TB_JAX,2019,13,2019-12-01,JAX,TB,-3.0,46.5,0.4066985645933015,0,0.44341325034058354,0.4880893081726594,0.4066985645933015,rf
2019_13_OAK_KC,2019,13,2019-12-01,KC,OAK,11.5,49.5,0.7933380591780781,1,0.8086931519750403,0.8152454957312009,0.7933380591780781,rf
2019_13_PHI_MIA,2019,13,2019-12-01,MIA,PHI,-10.5,45.0,0.20108991440425786,1,0.30527341243659833,0.3557434291679552,0.20108991440425786,rf
2019_13_GB_NYG,2019,13,2019-12-01,NYG,GB,-6.5,43.5,0.30096036791559583,0,0.26209608992350875,0.31233129666210924,0.30096036791559583,rf
2019_13_CLE_PIT,2019,13,2019-12-01,PIT,CLE,-1.0,40.0,0.48147562105834224,1,0.4759635166055317,0.5181686020214347,0.48147562105834224,rf
2019_13_MIN_SEA,2019,13,2019-12-02,SEA,MIN,2.5,48.0,0.5906658931218978,1,0.5940672792701421,0.6249573424645032,0.5906658931218978,rf
2019_14_DAL_CHI,2019,14,2019-12-05,CHI,DAL,-3.0,43.0,0.3900657414170928,1,0.4206267668546428,0.46681854184786725,0.3900657414170928,rf
2019_14_PIT_ARI,2019,14,2019-12-08,ARI,PIT,-2.5,43.5,0.4491310290958797,0,0.37837946018605867,0.42685071389487855,0.4491310290958797,rf
2019_14_CAR_ATL,2019,14,2019-12-08,ATL,CAR,3.5,48.0,0.6265670845558816,1,0.6071807414275779,0.6366458391963778,0.6265670845558816,rf
2019_14_BAL_BUF,2019,14,2019-12-08,BUF,BAL,-6.5,44.0,0.29468911917098445,0,0.34441117340932254,0.3941478037374009,0.29468911917098445,rf
2019_14_CIN_CLE,2019,14,2019-12-08,CLE,CIN,6.5,43.0,0.7088665520016411,1,0.771090810266803,0.7817692846252617,0.7088665520016411,rf
2019_14_WAS_GB,2019,14,2019-12-08,GB,WAS,13.0,42.5,0.8549876092699,1,0.8787039984268642,0.8785740032324777,0.8549876092699,rf
2019_14_DEN_HOU,2019,14,2019-12-08,HOU,DEN,8.0,42.5,0.7717353250087524,0,0.7874876073606375,0.7963375088027319,0.7717353250087524,rf
2019_14_LAC_JAX,2019,14,2019-12-08,JAX,LAC,-3.5,42.0,0.3747984954325632,0,0.3715186742696882,0.4202887992526954,0.3747984954325632,rf
2019_14_SEA_LA,2019,14,2019-12-08,LA,SEA,1.0,47.5,0.5327102803738317,1,0.4774303364745374,0.5195162438467192,0.5327102803738317,rf
2019_14_DET_MIN,2019,14,2019-12-08,MIN,DET,12.0,43.5,0.8278976203777234,1,0.8331944261105554,0.8372193913027625,0.8278976203777234,rf
2019_14_KC_NE,2019,14,2019-12-08,NE,KC,3.0,49.5,0.5850622406639003,0,0.6132590692239942,0.6420555424114748,0.5850622406639003,rf
2019_14_SF_NO,2019,14,2019-12-08,NO,SF,1.0,45.0,0.5240193918025562,0,0.570735438567143,0.6040940751103882,0.5240193918025562,rf
2019_14_MIA_NYJ,2019,14,2019-12-08,NYJ,MIA,5.0,47.0,0.6629225583423975,1,0.6726572063270715,0.694714524323689,0.6629225583423975,rf
2019_14_TEN_OAK,2019,14,2019-12-08,OAK,TEN,-3.0,47.0,0.4116032928263426,0,0.31331005887487745,0.3636981025026639,0.4116032928263426,rf
2019_14_IND_TB,2019,14,2019-12-08,TB,IND,3.0,46.5,0.6084434892689964,1,0.5436779078222692,0.5797744461121181,0.6084434892689964,rf
2019_14_NYG_PHI,2019,14,2019-12-09,PHI,NYG,9.5,45.5,0.7800741120115687,1,0.8722681059194791,0.8726708467282123,0.7800741120115687,rf
2019_15_NYJ_BAL,2019,15,2019-12-12,BAL,NYJ,17.0,44.0,0.8891826646741006,1,0.8737115288485444,0.8739929445504089,0.8891826646741006,rf
2019_15_CLE_ARI,2019,15,2019-12-15,ARI,CLE,-3.0,49.0,0.40609137055837563,1,0.3525982125237286,0.40208017369151067,0.40609137055837563,rf
2019_15_SEA_CAR,2019,15,2019-12-15,CAR,SEA,-6.0,48.5,0.3056768558951965,0,0.23990856864171956,0.28953455864007777,0.3056768558951965,rf
2019_15_NE_CIN,2019,15,2019-12-15,CIN,NE,-10.5,42.0,0.20148417214126596,0,0.26817309035237064,0.31851438237409074,0.20148417214126596,rf
2019_15_LA_DAL,2019,15,2019-12-15,DAL,LA,-1.0,48.5,0.478202846975089,1,0.3912745595585355,0.4391281615063731,0.478202846975089,rf
2019_15_TB_DET,2019,15,2019-12-15,DET,TB,-5.5,46.0,0.3139179553662376,0,0.323654034465817,0.3738830023225484,0.3139179553662376,rf
2019_15_CHI_GB,2019,15,2019-12-15,GB,CHI,4.0,40.0,0.6668622192423734,1,0.6738937294999172,0.6958079114871557,0.6668622192423734,rf
2019_15_DEN_KC,2019,15,2019-12-15,KC,DEN,10.0,43.0,0.7854392376974285,1,0.7932672704266934,0.8014825827271524,0.7854392376974285,rf
2019_15_MIN_LAC,2019,15,2019-12-15,LAC,MIN,-1.0,45.0,0.4715960714749275,0,0.4907783316807983,0.5317507567800145,0.4715960714749275,rf
2019_15_MIA_NYG,2019,15,2019-12-15,NYG,MIA,3.5,47.0,0.6323766526926797,1,0.552049199910264,0.5873143331416278,0.6323766526926797,rf
2019_15_JAX_OAK,2019,15,2019-12-15,OAK,JAX,7.0,47.0,0.7264615702621697,0,0.6737486101407949,0.6956795944787283,0.7264615702621697,rf
2019_15_BUF_PIT,2019,15,2019-12-15,PIT,BUF,1.0,37.0,0.5150073206442166,0,0.529636195357223,0.5670931305019237,0.5150073206442166,rf
2019_15_ATL_SF,2019,15,2019-12-15,SF,ATL,10.5,50.0,0.7963340122199594,0,0.7228463033396568,0.7390652145355888,0.7963340122199594,rf
2019_15_HOU_TEN,2019,15,2019-12-15,TEN,HOU,3.0,50.0,0.6069415603678434,0,0.5542407276106633,0.5892858095919812,0.6069415603678434,rf
2019_15_PHI_WAS,2019,15,2019-12-15,WAS,PHI,-7.0,38.0,0.28003075985548675,0,0.28883997963645563,0.33935913486415736,0.28003075985548675,rf
2019_15_IND_NO,2019,15,2019-12-16,NO,IND,8.0,48.5,0.7662541740326065,1,0.658988668666877,0.6826226198125075,0.7662541740326065,rf
2019_16_BUF_NE,2019,16,2019-12-21,NE,BUF,7.0,39.5,0.7222420564084255,1,0.7548243031518646,0.7673500833811824,0.7222420564084255,rf
2019_16_LA_SF,2019,16,2019-12-21,SF,LA,7.0,45.5,0.7402276100940128,1,0.6524842714119287,0.6768642286709893,0.7402276100940128,rf
2019_16_HOU_TB,2019,16,2019-12-21,TB,HOU,-3.0,50.0,0.41493775933609955,0,0.40271367226932603,0.4499606172186198,0.41493775933609955,rf
2019_16_JAX_ATL,2019,16,2019-12-22,ATL,JAX,7.5,48.0,0.7360752537000588,1,0.7209836773428963,0.7374192096515727,0.7360752537000588,rf
2019_16_KC_CHI,2019,16,2019-12-22,CHI,KC,-6.5,45.5,0.2744389633849788,0,0.28456701024685177,0.33507188523128706,0.2744389633849788,rf
2019_16_BAL_CLE,2019,16,2019-12-22,CLE,BAL,-9.5,48.5,0.2360978550258703,0,0.23883509615962223,0.28842240610057623,0.2360978550258703,rf
2019_16_DET_DEN,2019,16,2019-12-22,DEN,DET,9.5,40.0,0.7759856630824372,1,0.7929775079374137,0.8012244970305994,0.7759856630824372,rf
2019_16_CAR_IND,2019,16,2019-12-22,IND,CAR,7.5,46.0,0.7331798681594643,1,0.7103551822834415,0.7280282270506293,0.7331798681594643,rf
2019_16_OAK_LAC,2019,16,2019-12-22,LAC,OAK,7.5,45.0,0.7403702653033536,0,0.7488195721562009,0.7620337654060211,0.7403702653033536,rf
2019_16_CIN_MIA,2019,16,2019-12-22,MIA,CIN,-1.5,46.0,0.4715960714749275,1,0.472957768519412,0.5154050475418203,0.4715960714749275,rf
2019_16_PIT_NYJ,2019,16,2019-12-22,NYJ,PIT,-3.0,36.5,0.38514560209200854,1,0.42595764797276153,0.47181170300082753,0.38514560209200854,rf
2019_16_DAL_PHI,2019,16,2019-12-22,PHI,DAL,-2.0,47.0,0.4672897196261682,1,0.4609895989259993,0.5043736439253632,0.4672897196261682,rf
2019_16_ARI_SEA,2019,16,2019-12-22,SEA,ARI,8.0,51.0,0.7701094942408874,0,0.8380893665786845,0.8416297235978241,0.7701094942408874,rf
2019_16_NO_TEN,2019,16,2019-12-22,TEN,NO,-3.5,49.0,0.3761738518578658,0,0.39157182359327114,0.4394103479022689,0.3761738518578658,rf
2019_16_NYG_WAS,2019,16,2019-12-22,WAS,NYG,-1.0,42.0,0.4837531945965681,0,0.4905745967057903,0.5315644011142985,0.4837531945965681,rf
2019_16_GB_MIN,2019,16,2019-12-23,MIN,GB,4.0,47.0,0.6511009958640449,0,0.6626538812638144,0.6858661627189134,0.6511009958640449,rf
2019_17_PIT_BAL,2019,17,2019-12-29,BAL,PIT,-2.0,35.0,0.43949878436506445,1,0.5246400072388702,0.5625701229942661,0.43949878436506445,rf
2019_17_NYJ_BUF,2019,17,2019-12-29,BUF,NYJ,-1.5,37.0,0.4600722970752547,0,0.47670794258229504,0.5188526243453564,0.4600722970752547,rf
2019_17_NO_CAR,2019,17,2019-12-29,CAR,NO,-13.5,45.0,0.15879648976180524,0,0.18708665449214887,0.23368227259835322,0.15879648976180524,rf
2019_17_CLE_CIN,2019,17,2019-12-29,CIN,CLE,-2.5,44.0,0.4357578877693609,1,0.4382183030905241,0.48325623195732376,0.4357578877693609,rf
2019_17_WAS_DAL,2019,17,2019-12-29,DAL,WAS,13.0,47.5,0.8343994395764669,1,0.801155708090925,0.808514655484703,0.8343994395764669,rf
2019_17_OAK_DEN,2019,17,2019-12-29,DEN,OAK,5.5,41.5,0.6700755434503315,1,0.7018902104743003,0.7205496634115168,0.6700755434503315,rf
2019_17_GB_DET,2019,17,2019-12-29,DET,GB,-13.5,44.0,0.15934306815499277,0,0.2753689504747704,0.3258036809897457,0.15934306815499277,rf
2019_17_TEN_HOU,2019,17,2019-12-29,HOU,TEN,-10.0,43.0,0.23784247274509004,0,0.3273351348413751,0.37749334933416623,0.23784247274509004,rf
2019_17_IND_JAX,2019,17,2019-12-29,JAX,IND,-5.0,41.5,0.320067869813358,1,0.3084908225680546,0.3589324755737279,0.320067869813358,rf
2019_17_LAC_KC,2019,17,2019-12-29,KC,LAC,10.0,46.0,0.7717353250087524,1,0.8472516232818386,0.8499062139569218,0.7717353250087524,rf
2019_17_ARI_LA,2019,17,2019-12-29,LA,ARI,7.0,46.0,0.7098956093365133,1,0.6677259499483323,0.6903533224106488,0.7098956093365133,rf
2019_17_CHI_MIN,2019,17,2019-12-29,MIN,CHI,-5.5,36.5,0.32135553607946243,0,0.4401401042132515,0.4850452575945456,0.32135553607946243,rf
2019_17_MIA_NE,2019,17,2019-12-29,NE,MIA,17.5,46.0,0.889941642844805,0,0.8587415427108137,0.8603289773846728,0.889941642844805,rf
2019_17_PHI_NYG,2019,17,2019-12-29,NYG,PHI,-4.0,44.0,0.35287987874194765,0,0.3707388991273455,0.4195416512777122,0.35287987874194765,rf
2019_17_SF_SEA,2019,17,2019-12-29,SEA,SF,-3.5,47.0,0.37665039500700276,0,0.4442575261479628,0.48887389142431525,0.37665039500700276,rf
2019_17_ATL_TB,2019,17,2019-12-29,TB,ATL,1.0,48.0,0.5327102803738317,0,0.4858641467322015,0.5272524929958614,0.5327102803738317,rf
2019_18_BUF_HOU,2019,18,2020-01-04,HOU,BUF,2.5,43.0,0.5757997218358832,1,0.5995204148411213,0.6298209472442037,0.5757997218358832,rf
2019_18_TEN_NE,2019,18,2020-01-04,NE,TEN,4.5,45.0,0.6640273913973893,0,0.7046636631950336,0.722999922437851,0.6640273913973893,rf
2019_18_MIN_NO,2019,18,2020-01-05,NO,MIN,7.5,50.0,0.7573333333333334,0,0.7409827880792573,0.7550995822160292,0.7573333333333334,rf
2019_18_SEA_PHI,2019,18,2020-01-05,PHI,SEA,1.0,44.0,0.5305667495498585,0,0.5101183493540901,0.5493894565529994,0.5305667495498585,rf
2019_19_TEN_BAL,2019,19,2020-01-11,BAL,TEN,10.0,47.5,0.7896823383890214,0,0.7248846711861612,0.7408666413414944,0.7896823383890214,rf
2019_19_MIN_SF,2019,19,2020-01-11,SF,MIN,7.0,44.5,0.7416762342135478,1,0.6690940768985776,0.6915634228813622,0.7416762342135478,rf
2019_19_SEA_GB,2019,19,2020-01-12,GB,SEA,4.5,46.0,0.6724890829694323,1,0.7182290648253962,0.7349851206258606,0.6724890829694323,rf
2019_19_HOU_KC,2019,19,2020-01-12,KC,HOU,10.0,50.5,0.7963968410661403,1,0.7756135272834916,0.7857838404161331,0.7963968410661403,rf
2019_20_TEN_KC,2019,20,2020-01-19,KC,TEN,7.5,51.0,0.748535521515462,1,0.7447647105485483,0.7584453855451512,0.748535521515462,rf
2019_20_GB_SF,2019,20,2020-01-19,SF,GB,8.0,46.5,0.7661538461538461,1,0.6546938784770489,0.6788207577717391,0.7661538461538461,rf
2019_21_SF_KC,2019,21,2020-02-02,KC,SF,1.5,52.5,0.5419847328244275,1,0.5270387861254016,0.564742450436558,0.5419847328244275,rf
2020_01_HOU_KC,2020,1,2020-09-10,KC,HOU,9.5,53.5,0.7840868276451428,1,0.766241183549271,0.7190876681000093,0.7840868276451428,rf
2020_01_SEA_ATL,2020,1,2020-09-13,ATL,SEA,1.0,49.5,0.5162468054034319,0,0.4725306390515637,0.42756441311906185,0.5162468054034319,rf
2020_01_CLE_BAL,2020,1,2020-09-13,BAL,CLE,7.0,47.0,0.7300564061240935,1,0.8485627595587238,0.8098522149257257,0.7300564061240935,rf
2020_01_NYJ_BUF,2020,1,2020-09-13,BUF,NYJ,6.5,39.5,0.7157173074903613,1,0.7019836244037226,0.6516205617979194,0.7157173074903613,rf
2020_01_LV_CAR,2020,1,2020-09-13,CAR,LV,-3.0,48.0,0.43566205072351016,0,0.3658747217563604,0.32969587497387626,0.43566205072351016,rf
2020_01_LAC_CIN,2020,1,2020-09-13,CIN,LAC,-2.5,41.5,0.4499636492248442,0,0.41190948595798876,0.3715749647216726,0.4499636492248442,rf
2020_01_CHI_DET,2020,1,2020-09-13,DET,CHI,2.5,42.5,0.5480494766888677,0,0.5013709521928178,0.4545879328896151,0.5480494766888677,rf
2020_01_IND_JAX,2020,1,2020-09-13,JAX,IND,-7.0,44.0,0.26612876988645606,1,0.36491976622661065,0.3288322522172032,0.26612876988645606,rf
2020_01_DAL_LA,2020,1,2020-09-13,LA,DAL,1.0,52.0,0.5195545777019441,1,0.5394995132873206,0.49074632204184554,0.5195545777019441,rf
2020_01_GB_MIN,2020,1,2020-09-13,MIN,GB,1.0,45.0,0.5195545777019441,0,0.4878886094768925,0.44192153769491016,0.5195545777019441,rf
2020_01_MIA_NE,2020,1,2020-09-13,NE,MIA,7.5,41.5,0.7432443808401381,1,0.7248095607852146,0.6752918801812424,0.7432443808401381,rf
2020_01_TB_NO,2020,1,2020-09-13,NO,TB,4.0,48.5,0.644674925573802,1,0.644049719644783,0.5928365919787721,0.644674925573802,rf
2020_01_ARI_SF,2020,1,2020-09-13,SF,ARI,7.0,48.5,0.7159090909090909,0,0.748468929941598,0.7001639374963543,0.7159090909090909,rf
2020_01_PHI_WAS,2020,1,2020-09-13,WAS,PHI,-5.5,41.5,0.32440476190476186,1,0.28571760093530196,0.25780767368500307,0.32440476190476186,rf
2020_01_TEN_DEN,2020,1,2020-09-14,DEN,TEN,-3.0,41.0,0.3794411866160745,0,0.5119250089025629,0.464545664501271,0.3794411866160745,rf
2020_01_PIT_NYG,2020,1,2020-09-14,NYG,PIT,-6.0,44.0,0.3029704839803284,0,0.3358442379227668,0.30262731364448564,0.3029704839803284,rf
2020_02_CIN_CLE,2020,2,2020-09-17,CLE,CIN,6.0,44.5,0.6891961688670611,1,0.6491398902772217,0.5979320204157983,0.6891961688670611,rf
2020_02_WAS_ARI,2020,2,2020-09-20,ARI,WAS,7.5,46.5,0.7360752537000588,1,0.7769039130011535,0.7305459678386501,0.7360752537000588,rf
2020_02_NYG_CHI,2020,2,2020-09-20,CHI,NYG,4.5,42.5,0.6711332625214478,1,0.6797208074137145,0.6288203529440727,0.6711332625214478,rf
2020_02_ATL_DAL,2020,2,2020-09-20,DAL,ATL,3.0,53.0,0.5775497887748944,1,0.5771579633050575,0.5269888228939241,0.5775497887748944,rf
2020_02_DET_GB,2020,2,2020-09-20,GB,DET,7.0,51.0,0.7184337879454465,1,0.8660421020660545,0.8298927737637158,0.7184337879454465,rf
2020_02_BAL_HOU,2020,2,2020-09-20,HOU,BAL,-7.5,49.5,0.24770150852450237,0,0.2576955839935122,0.23291041330185686,0.24770150852450237,rf
2020_02_MIN_IND,2020,2,2020-09-20,IND,MIN,3.5,49.0,0.6219592373438527,1,0.6124472378045728,0.5614777035316124,0.6219592373438527,rf
2020_02_KC_LAC,2020,2,2020-09-20,LAC,KC,-8.5,47.0,0.2360978550258703,0,0.26226176283721947,0.23696111615875165,0.2360978550258703,rf
2020_02_BUF_MIA,2020,2,2020-09-20,MIA,BUF,-5.5,42.5,0.3098652446494199,0,0.39672231499236976,0.35770305260378055,0.3098652446494199,rf
2020_02_SF_NYJ,2020,2,2020-09-20,NYJ,SF,-7.0,41.5,0.27065517450846727,0,0.3566195259904188,0.32133399668441476,0.27065517450846727,rf
2020_02_LA_PHI,2020,2,2020-09-20,PHI,LA,2.0,46.0,0.537852568752202,0,0.5464367084454924,0.49738153655067663,0.537852568752202,rf
2020_02_DEN_PIT,2020,2,2020-09-20,PIT,DEN,6.0,41.0,0.7072057697217258,1,0.7310238824423801,0.681790592249173,0.7072057697217258,rf
2020_02_NE_SEA,2020,2,2020-09-20,SEA,NE,4.0,45.0,0.648330451760112,1,0.6258495237638277,0.5747197547288857,0.648330451760112,rf
2020_02_CAR_TB,2020,2,2020-09-20,TB,CAR,7.5,47.0,0.7510980966325037,1,0.6922810071489569,0.6416499471315181,0.7510980966325037,rf
2020_02_JAX_TEN,2020,2,2020-09-20,TEN,JAX,7.0,44.5,0.7255610366150211,1,0.7751835801229151,0.728691803831415,0.7255610366150211,rf
2020_02_NO_LV,2020,2,2020-09-21,LV,NO,-4.0,47.5,0.3484602917341977,1,0.47529262973345565,0.4301409401969993,0.3484602917341977,rf
2020_03_MIA_JAX,2020,3,2020-09-24,JAX,MIA,3.0,49.0,0.5649948822927329,0,0.5978267620104905,0.5471238765483679,0.5649948822927329,rf
2020_03_DET_ARI,2020,3,2020-09-27,ARI,DET,4.5,55.5,0.6676212973221565,0,0.6814978633597716,0.6306303112637485,0.6676212973221565,rf
2020_03_CHI_ATL,2020,3,2020-09-27,ATL,CHI,2.5,46.0,0.5605012156349355,0,0.5577432855323173,0.5082350795977,0.5605012156349355,rf
2020_03_LA_BUF,2020,3,2020-09-27,BUF,LA,1.5,46.5,0.5440238883060285,1,0.5129366533284341,0.4655021498361454,0.5440238883060285,rf
2020_03_WAS_CLE,2020,3,2020-09-27,CLE,WAS,7.5,45.0,0.745785705017046,1,0.6782681636019244,0.6273420730083269,0.745785705017046,rf
2020_03_TB_DEN,2020,3,2020-09-27,DEN,TB,-6.0,42.5,0.29468911917098445,0,0.3779391608565863,0.34062361333189234,0.29468911917098445,rf
2020_03_NYJ_IND,2020,3,2020-09-27,IND,NYJ,12.5,44.0,0.8360766173399501,1,0.7805866522923853,0.7345223972119221,0.8360766173399501,rf
2020_03_CAR_LAC,2020,3,2020-09-27,LAC,CAR,6.0,43.5,0.7055264219443325,0,0.6904727229166058,0.6397975454802318,0.7055264219443325,rf
2020_03_TEN_MIN,2020,3,2020-09-27,MIN,TEN,-3.0,49.5,0.40770645135502437,0,0.38003681645814846,0.34252694091956265,0.40770645135502437,rf
2020_03_LV_NE,2020,3,2020-09-27,NE,LV,7.0,47.0,0.7347120560783859,1,0.7141328764633991,0.6641814347654909,0.7347120560783859,rf
2020_03_GB_NO,2020,3,2020-09-27,NO,GB,3.5,52.0,0.6162961291050671,0,0.6385664246666092,0.5873617621200652,0.6162961291050671,rf
2020_03_SF_NYG,2020,3,2020-09-27,NYG,SF,-3.0,44.0,0.4166248368637687,0,0.4963607651560007,0.4498739668879118,0.4166248368637687,rf
2020_03_HOU_PIT,2020,3,2020-09-27,PIT,HOU,4.0,46.5,0.644674925573802,1,0.6472046609467428,0.5959932928270992,0.644674925573802,rf
2020_03_DAL_SEA,2020,3,2020-09-27,SEA,DAL,5.5,58.0,0.6841493589262952,1,0.6956328720297509,0.645088403760436,0.6841493589262952,rf
2020_03_KC_BAL,2020,3,2020-09-28,BAL,KC,3.5,55.0,0.6191482263983098,0,0.6895212257400762,0.638823561097215,0.6191482263983098,rf
2020_04_DEN_NYJ,2020,4,2020-10-01,NYJ,DEN,1.0,41.0,0.5207810820494446,0,0.5113153067594365,0.4639693764415793,0.5207810820494446,rf
2020_04_ARI_CAR,2020,4,2020-10-04,CAR,ARI,-3.0,52.5,0.4044887231062215,1,0.4015197762466225,0.3620788481151833,0.4044887231062215,rf
2020_04_IND_CHI,2020,4,2020-10-04,CHI,IND,-3.5,43.5,0.3808517736016902,0,0.4402980350543883,0.39766558892633136,0.3808517736016902,rf
2020_04_JAX_CIN,2020,4,2020-10-04,CIN,JAX,1.0,50.0,0.5150073206442166,1,0.4993133265096469,0.45265095014509094,0.5150073206442166,rf
2020_04_CLE_DAL,2020,4,2020-10-04,DAL,CLE,3.5,56.5,0.6205588133839255,0,0.6039700874806814,0.5531437048098832,0.6205588133839255,rf
2020_04_NO_DET,2020,4,2020-10-04,DET,NO,-3.0,51.5,0.40770645135502437,0,0.4056932445734973,0.3658901110595643,0.40770645135502437,rf
2020_04_MIN_HOU,2020,4,2020-10-04,HOU,MIN,3.5,52.5,0.6162961291050671,0,0.6120098462589254,0.5610469150881026,0.6162961291050671,rf
2020_04_NYG_LA,2020,4,2020-10-04,LA,NYG,13.5,49.5,0.8711407299422085,1,0.8857353558329603,0.8528588869178787,0.8711407299422085,rf
2020_04_BUF_LV,2020,4,2020-10-04,LV,BUF,-3.0,53.0,0.3837038708949329,0,0.4768883903584566,0.43163062990246354,0.3837038708949329,rf
2020_04_SEA_MIA,2020,4,2020-10-04,MIA,SEA,-4.5,55.0,0.3285592220368638,0,0.4052286140115596,0.3654655901015351,0.3285592220368638,rf
2020_04_PHI_SF,2020,4,2020-10-04,SF,PHI,8.5,45.5,0.7397124442240952,0,0.8258435029387239,0.7842405497448081,0.7397124442240952,rf
2020_04_LAC_TB,2020,4,2020-10-04,TB,LAC,7.5,42.5,0.745785705017046,1,0.7822964203052958,0.7363718772281584,0.745785705017046,rf
2020_04_BAL_WAS,2020,4,2020-10-04,WAS,BAL,-14.5,45.0,0.12237778415242397,0,0.1991372445382621,0.18111305270348793,0.12237778415242397,rf
2020_04_ATL_GB,2020,4,2020-10-05,GB,ATL,5.0,56.5,0.6700755434503315,1,0.6990110477941828,0.6485602311961668,0.6700755434503315,rf
2020_04_NE_KC,2020,4,2020-10-05,KC,NE,7.0,52.5,0.7279106401260202,1,0.7713758642947695,0.7245954038797827,0.7279106401260202,rf
2020_05_TB_CHI,2020,5,2020-10-08,CHI,TB,-3.5,44.0,0.3689461650384535,1,0.4133977088031174,0.3729374274626507,0.3689461650384535,rf
2020_05_CAR_ATL,2020,5,2020-10-11,ATL,CAR,2.5,53.5,0.5668328047122791,0,0.6029298875394097,0.5521232576508981,0.5668328047122791,rf
2020_05_CIN_BAL,2020,5,2020-10-11,BAL,CIN,12.5,49.0,0.8502780289413667,1,0.8383732380026243,0.7983070369302653,0.8502780289413667,rf
2020_05_IND_CLE,2020,5,2020-10-11,CLE,IND,1.0,48.5,0.5103878116343491,1,0.4515655778539414,0.40808266041778035,0.5103878116343491,rf
2020_05_NYG_DAL,2020,5,2020-10-11,DAL,NYG,7.5,52.0,0.7531355103799062,1,0.717765168989894,0.6679536166395241,0.7531355103799062,rf
2020_05_JAX_HOU,2020,5,2020-10-11,HOU,JAX,6.5,55.0,0.7166928161923811,1,0.654187803734081,0.6029977932686491,0.7166928161923811,rf
2020_05_LV_KC,2020,5,2020-10-11,KC,LV,11.0,54.5,0.8009757715644134,0,0.8558508313173333,0.8181709570340087,0.8009757715644134,rf
2020_05_ARI_NYJ,2020,5,2020-10-11,NYJ,ARI,-7.0,48.5,0.2744389633849788,0,0.3350796238275245,0.3019404268438407,0.2744389633849788,rf
2020_05_PHI_PIT,2020,5,2020-10-11,PIT,PHI,7.5,44.0,0.7645462526937505,1,0.758669903046707,0.7109996943855762,0.7645462526937505,rf
2020_05_MIN_SEA,2020,5,2020-10-11,SEA,MIN,6.5,54.0,0.7184337879454465,1,0.7762075120504706,0.7297951346761128,0.7184337879454465,rf
2020_05_MIA_SF,2020,5,2020-10-11,SF,MIA,8.5,50.5,0.7580179712692672,0,0.7710557949045513,0.7242515378863676,0.7580179712692672,rf
2020_05_LA_WAS,2020,5,2020-10-11,WAS,LA,-7.0,45.0,0.2683718772778477,0,0.2689389616194063,0.24288869775610492,0.2683718772778477,rf
2020_05_LAC_NO,2020,5,2020-10-12,NO,LAC,7.0,49.5,0.7497605909982216,1,0.7151656504662735,0.6652531855110334,0.7497605909982216,rf
2020_05_BUF_TEN,2020,5,2020-10-13,TEN,BUF,-3.0,52.0,0.38953488372093026,1,0.4554354404825371,0.4116688729306214,0.38953488372093026,rf
2020_06_CHI_CAR,2020,6,2020-10-18,CAR,CHI,2.0,45.0,0.5399277029247453,0,0.5698894839762892,0.5199501159937967,0.5399277029247453,rf
2020_06_CIN_IND,2020,6,2020-10-18,IND,CIN,7.5,46.0,0.7498863119599818,1,0.8472033230787507,0.808306240403838,0.7498863119599818,rf
2020_06_DET_JAX,2020,6,2020-10-18,JAX,DET,-3.0,52.5,0.40832074076455643,0,0.48096597643117556,0.43544080578269373,0.40832074076455643,rf
2020_06_NYJ_MIA,2020,6,2020-10-18,MIA,NYJ,9.5,46.0,0.7796024200518582,1,0.7707123609512172,0.7238826508064428,0.7796024200518582,rf
2020_06_ATL_MIN,2020,6,2020-10-18,MIN,ATL,3.5,53.0,0.6354245784596689,0,0.63334491568048,0.5821617473141419,0.6354245784596689,rf
2020_06_DEN_NE,2020,6,2020-10-18,NE,DEN,7.0,43.5,0.7443860487338748,0,0.7446669057699875,0.6961429308485808,0.7443860487338748,rf
2020_06_WAS_NYG,2020,6,2020-10-18,NYG,WAS,2.0,42.5,0.5480494766888677,1,0.5644414754135275,0.5146882760947428,0.5480494766888677,rf
2020_06_BAL_PHI,2020,6,2020-10-18,PHI,BAL,-10.5,46.5,0.2163676758298239,0,0.2098865732217283,0.19060661321990086,0.2163676758298239,rf
2020_06_CLE_PIT,2020,6,2020-10-18,PIT,CLE,3.0,50.0,0.5986798270759409,1,0.5683165366210555,0.5184297016449146,0.5986798270759409,rf
2020_06_LA_SF,2020,6,2020-10-18,SF,LA,-2.0,51.0,0.4600722970752547,1,0.44090622715193,0.39822695389243556,0.4600722970752547,rf
2020_06_GB_TB,2020,6,2020-10-18,TB,GB,-3.0,55.0,0.4224502112251056,1,0.48699253505399676,0.4410817980477497,0.4224502112251056,rf
2020_06_HOU_TEN,2020,6,2020-10-18,TEN,HOU,4.0,52.0,0.6379977530895019,1,0.7168604236391862,0.6670132922436841,0.6379977530895019,rf
2020_06_KC_BUF,2020,6,2020-10-19,BUF,KC,-5.5,55.0,0.32135553607946243,0,0.26180034496872734,0.23655168517857594,0.32135553607946243,rf
2020_06_ARI_DAL,2020,6,2020-10-19,DAL,ARI,1.0,55.5,0.5195545777019441,0,0.5418689768232413,0.4930106155504517,0.5195545777019441,rf
2020_07_NYG_PHI,2020,7,2020-10-22,PHI,NYG,5.0,44.5,0.6721843886695558,1,0.6821670239938125,0.6313123025772549,0.6721843886695558,rf
2020_07_SEA_ARI,2020,7,2020-10-25,ARI,SEA,-3.5,55.5,0.36630974947487066,1,0.518017354419678,0.47031120309001817,0.36630974947487066,rf
2020_07_DET_ATL,2020,7,2020-10-25,ATL,DET,1.0,54.0,0.5172913928296243,0,0.552039914929486,0.5027541010719763,0.5172913928296243,rf
2020_07_CLE_CIN,2020,7,2020-10-25,CIN,CLE,-4.5,50.0,0.34927302475080935,0,0.35554777942446625,0.32036685320669045,0.34927302475080935,rf
2020_07_KC_DEN,2020,7,2020-10-25,DEN,KC,-7.0,46.0,0.26994359387590655,0,0.3068226086539693,0.27662880024572967,0.26994359387590655,rf
2020_07_GB_HOU,2020,7,2020-10-25,HOU,GB,-2.5,55.5,0.43026174256005734,0,0.3968904395783145,0.3578563051850821,0.43026174256005734,rf
2020_07_JAX_LAC,2020,7,2020-10-25,LAC,JAX,8.0,48.0,0.7717353250087524,1,0.7404575916286346,0.6917021168780308,0.7717353250087524,rf
2020_07_TB_LV,2020,7,2020-10-25,LV,TB,-3.5,51.5,0.35946425054165854,0,0.431583460280366,0.3896332882434373,0.35946425054165854,rf
2020_07_SF_NE,2020,7,2020-10-25,NE,SF,3.0,44.0,0.6099342585829073,0,0.5716845152401532,0.5216864123543722,0.6099342585829073,rf
2020_07_CAR_NO,2020,7,2020-10-25,NO,CAR,7.0,49.5,0.7382412574463144,1,0.6638406809479612,0.6127205100340385,0.7382412574463144,rf
2020_07_BUF_NYJ,2020,7,2020-10-25,NYJ,BUF,-9.5,47.0,0.22725484478632957,0,0.30666047010921643,0.27648395004230986,0.22725484478632957,rf
2020_07_PIT_TEN,2020,7,2020-10-25,TEN,PIT,1.0,51.0,0.5195545777019441,0,0.5773939585747936,0.527217718335652,0.5195545777019441,rf
2020_07_DAL_WAS,2020,7,2020-10-25,WAS,DAL,-1.0,44.5,0.48837209302325585,1,0.38305897291659713,0.34527088728259225,0.48837209302325585,rf
2020_07_CHI_LA,2020,7,2020-10-26,LA,CHI,6.5,44.0,0.7231682018677297,1,0.7262563874826785,0.6768027959808912,0.7231682018677297,rf
2020_08_ATL_CAR,2020,8,2020-10-29,CAR,ATL,1.5,52.0,0.521797153024911,0,0.4787349386306655,0.43335543224424206,0.521797153024911,rf
2020_08_PIT_BAL,2020,8,2020-11-01,BAL,PIT,4.0,44.0,0.6495327102803738,0,0.6704480924180409,0.6194032682136554,0.6495327102803738,rf
2020_08_NE_BUF,2020,8,2020-11-01,BUF,NE,4.0,41.0,0.6459016393442624,1,0.6399092750699892,0.5887011954790666,0.6459016393442624,rf
2020_08_NO_CHI,2020,8,2020-11-01,CHI,NO,-5.5,41.0,0.3223657136138275,0,0.3200156671868102,0.28842951209757317,0.3223657136138275,rf
2020_08_TEN_CIN,2020,8,2020-11-01,CIN,TEN,-7.5,49.5,0.2596297346966464,1,0.2470900035200603,0.22351033285215843,0.2596297346966464,rf
2020_08_LV_CLE,2020,8,2020-11-01,CLE,LV,1.0,48.0,0.5508689709041202,0,0.4900771644894885,0.44397359292551813,0.5508689709041202,rf
2020_08_LAC_DEN,2020,8,2020-11-01,DEN,LAC,-3.0,44.5,0.4207141879874127,1,0.38410488926525393,0.3462210089280498,0.4207141879874127,rf
2020_08_IND_DET,2020,8,2020-11-01,DET,IND,-3.5,49.0,0.3676233473073202,0,0.40524233330768744,0.3654781242948167,0.3676233473073202,rf
2020_08_MIN_GB,2020,8,2020-11-01,GB,MIN,5.5,47.0,0.6940796970600095,0,0.7274722857977305,0.6780735470728836,0.6940796970600095,rf
2020_08_NYJ_KC,2020,8,2020-11-01,KC,NYJ,20.0,49.0,0.9254205701985654,1,0.9348840975350359,0.9123324183894858,0.9254205701985654,rf
2020_08_LA_MIA,2020,8,2020-11-01,MIA,LA,-3.5,46.5,0.37895430579964856,1,0.5085485091688045,0.4613558158522439,0.37895430579964856,rf
2020_08_DAL_PHI,2020,8,2020-11-01,PHI,DAL,10.0,43.0,0.7770439484940493,1,0.7287784173808571,0.6794396164270038,0.7770439484940493,rf
2020_08_SF_SEA,2020,8,2020-11-01,SEA,SF,1.0,54.5,0.5116279069767442,1,0.5327514992648839,0.4843092006571911,0.5116279069767442,rf
2020_08_TB_NYG,2020,8,2020-11-02,NYG,TB,-13.0,47.0,0.16997029172551503,0,0.20821127040937742,0.18912677802592331,0.16997029172551503,rf
2020_09_GB_SF,2020,9,2020-11-05,SF,GB,-6.0,48.5,0.30868052457846373,0,0.4026587126911507,0.36311850991817635,0.30868052457846373,rf
2020_09_MIA_ARI,2020,9,2020-11-08,ARI,MIA,6.0,49.0,0.6873022714142923,0,0.6783880815639236,0.6274640644819274,0.6873022714142923,rf
2020_09_DEN_ATL,2020,9,2020-11-08,ATL,DEN,4.5,50.0,0.6676212973221565,1,0.6596670090490988,0.6085108356938442,0.6676212973221565,rf
2020_09_SEA_BUF,2020,9,2020-11-08,BUF,SEA,-3.0,55.0,0.3945716506247385,1,0.3917502322398106,0.3531738726267255,0.3945716506247385,rf
2020_09_PIT_DAL,2020,9,2020-11-08,DAL,PIT,-14.0,44.0,0.14019892792765798,0,0.22143775215082995,0.2008134216465175,0.14019892792765798,rf
2020_09_BAL_IND,2020,9,2020-11-08,IND,BAL,1.0,48.0,0.497677011707861,0,0.5070654248975341,0.4599559495868286,0.497677011707861,rf
2020_09_HOU_JAX,2020,9,2020-11-08,JAX,HOU,-7.0,49.0,0.2783322958479118,0,0.3130934542567886,0.28223425242797145,0.2783322958479118,rf
2020_09_CAR_KC,2020,9,2020-11-08,KC,CAR,10.0,51.5,0.7915272066558287,1,0.8785034004559609,0.8443746852055869,0.7915272066558287,rf
2020_09_LV_LAC,2020,9,2020-11-08,LAC,LV,-1.0,52.5,0.4837531945965681,0,0.4985507060478086,0.45193340258108716,0.4837531945965681,rf
2020_09_DET_MIN,2020,9,2020-11-08,MIN,DET,3.0,51.5,0.617727368199958,1,0.632737593329469,0.5815577673198098,0.617727368199958,rf
2020_09_NO_TB,2020,9,2020-11-08,TB,NO,3.0,51.0,0.6252015045674368,0,0.6271192919308703,0.5759786256395691,0.6252015045674368,rf
2020_09_CHI_TEN,2020,9,2020-11-08,TEN,CHI,6.5,46.5,0.7165025365562518,1,0.7033127115429064,0.6529905162355774,0.7165025365562518,rf
2020_09_NYG_WAS,2020,9,2020-11-08,WAS,NYG,3.0,43.0,0.6023675823341934,0,0.5963740126929372,0.5457027251244069,0.6023675823341934,rf
2020_09_NE_NYJ,2020,9,2020-11-09,NYJ,NE,-9.5,41.5,0.2354537473062495,0,0.2975191417986967,0.2683239566221963,0.2354537473062495,rf
2020_10_IND_TEN,2020,10,2020-11-12,TEN,IND,-1.0,49.0,0.47698280643372154,0,0.45572829217610406,0.4119404379362146,0.47698280643372154,rf
2020_10_BUF_ARI,2020,10,2020-11-15,ARI,BUF,3.0,55.5,0.590044398353696,1,0.5646363690102005,0.5148763059541521,0.590044398353696,rf
2020_10_TB_CAR,2020,10,2020-11-15,CAR,TB,-6.0,49.5,0.2983362973058321,0,0.3326195261230383,0.29973114994762184,0.2983362973058321,rf
2020_10_HOU_CLE,2020,10,2020-11-15,CLE,HOU,4.5,46.0,0.666540435916856,1,0.6532867636958654,0.6020926345141606,0.666540435916856,rf
2020_10_WAS_DET,2020,10,2020-11-15,DET,WAS,2.5,46.0,0.562379468921525,1,0.5862221432897836,0.5357968300741449,0.562379468921525,rf
2020_10_JAX_GB,2020,10,2020-11-15,GB,JAX,13.5,47.0,0.8713278884167888,1,0.9210307776285654,0.8952119460991467,0.8713278884167888,rf
2020_10_SEA_LA,2020,10,2020-11-15,LA,SEA,3.0,55.0,0.5792858120125872,1,0.6092203027661369,0.5583014975813267,0.5792858120125872,rf
2020_10_DEN_LV,2020,10,2020-11-15,LV,DEN,3.5,50.5,0.6362901596282077,1,0.6159397522214435,0.5649205810604193,0.6362901596282077,rf
2020_10_LAC_MIA,2020,10,2020-11-15,MIA,LAC,1.0,48.5,0.521797153024911,1,0.5145952625954685,0.46707109123600854,0.521797153024911,rf
2020_10_BAL_NE,2020,10,2020-11-15,NE,BAL,-7.0,44.0,0.2610933439936038,1,0.20652860265949832,0.1876405400314121,0.2610933439936038,rf
2020_10_SF_NO,2020,10,2020-11-15,NO,SF,9.5,49.5,0.7707167103733034,1,0.804239918981831,0.7603040073926993,0.7707167103733034,rf
2020_10_PHI_NYG,2020,10,2020-11-15,NYG,PHI,-4.5,45.0,0.3313046548823297,1,0.35523761352651845,0.32008700381064586,0.3313046548823297,rf
2020_10_CIN_PIT,2020,10,2020-11-15,PIT,CIN,6.5,45.5,0.7264615702621697,1,0.8206556742360227,0.7784568118749658,0.7264615702621697,rf
2020_10_MIN_CHI,2020,10,2020-11-16,CHI,MIN,-3.5,44.0,0.38659793814432986,0,0.38866799360116866,0.3503691562340827,0.38659793814432986,rf
2020_11_ARI_SEA,2020,11,2020-11-19,SEA,ARI,3.0,56.5,0.6054283493752616,1,0.5991202420209314,0.548389990156292,0.6054283493752616,rf
2020_11_TEN_BAL,2020,11,2020-11-22,BAL,TEN,6.0,50.5,0.6970295160196717,0,0.7662493197026731,0.7190963807782141,0.6970295160196717,rf
2020_11_DET_CAR,2020,11,2020-11-22,CAR,DET,-3.0,47.0,0.3871172000921022,1,0.3825370434340987,0.34479685528755805,0.3871172000921022,rf
2020_11_PHI_CLE,2020,11,2020-11-22,CLE,PHI,2.5,45.5,0.5605012156349355,1,0.6201422798438705,0.5690707081951578,0.5605012156349355,rf
2020_11_MIA_DEN,2020,11,2020-11-22,DEN,MIA,-4.0,46.0,0.35532507442619804,1,0.2875703172009076,0.25945731172677833,0.35532507442619804,rf
2020_11_NE_HOU,2020,11,2020-11-22,HOU,NE,-2.5,49.5,0.42003945309842866,1,0.46252682817922874,0.4182519424870528,0.42003945309842866,rf
2020_11_GB_IND,2020,11,2020-11-22,IND,GB,1.5,52.0,0.5327102803738317,1,0.4806459059732687,0.43514153609502,0.5327102803738317,rf
2020_11_PIT_JAX,2020,11,2020-11-22,JAX,PIT,-11.0,47.0,0.19941043870296515,0,0.18359532049647212,0.16739055391605853,0.19941043870296515,rf
2020_11_NYJ_LAC,2020,11,2020-11-22,LAC,NYJ,10.0,47.0,0.7849902733695097,1,0.7186775431532736,0.6689023657597829,0.7849902733695097,rf
2020_11_KC_LV,2020,11,2020-11-22,LV,KC,-7.5,56.5,0.24498087954110898,0,0.3079211117868059,0.2776102836093178,0.24498087954110898,rf
2020_11_DAL_MIN,2020,11,2020-11-22,MIN,DAL,7.0,50.0,0.730924978687127,0,0.7223389713596631,0.6727148058534351,0.730924978687127,rf
2020_11_ATL_NO,2020,11,2020-11-22,NO,ATL,3.5,49.5,0.6279229893276131,1,0.5762572152022755,0.5261153830235826,0.6279229893276131,rf
2020_11_CIN_WAS,2020,11,2020-11-22,WAS,CIN,2.0,48.0,0.534834771627026,1,0.5697433693125654,0.5198088394046021,0.534834771627026,rf
2020_11_LA_TB,2020,11,2020-11-23,TB,LA,4.0,47.5,0.6434398984710219,0,0.6509749384901927,0.5997720952176949,0.6434398984710219,rf
2020_12_WAS_DAL,2020,12,2020-11-26,DAL,WAS,2.5,46.0,0.5605012156349355,0,0.5949630903439341,0.5443233605707437,0.5605012156349355,rf
2020_12_HOU_DET,2020,12,2020-11-26,DET,HOU,-3.0,52.5,0.40770645135502437,0,0.3622045035959419,0.32637774436972705,0.40770645135502437,rf
2020_12_LV_ATL,2020,12,2020-11-29,ATL,LV,-3.5,53.0,0.3689461650384535,1,0.4594442855355695,0.4153885234228328,0.3689461650384535,rf
2020_12_LAC_BUF,2020,12,2020-11-29,BUF,LAC,4.5,51.0,0.6632563327113227,1,0.6599910179901717,0.6088373212613094,0.6632563327113227,rf
2020_12_NYG_CIN,2020,12,2020-11-29,CIN,NYG,-6.5,45.0,0.2974714923153198,0,0.32846869809876156,0.29600604330210334,0.2974714923153198,rf
2020_12_NO_DEN,2020,12,2020-11-29,DEN,NO,-17.0,36.5,0.09646730091144967,0,0.20406933264642604,0.18546852751417356,0.09646730091144967,rf
2020_12_CHI_GB,2020,12,2020-11-29,GB,CHI,7.5,44.0,0.7530153174805347,1,0.7294783218770399,0.6801720729386437,0.7530153174805347,rf
2020_12_TEN_IND,2020,12,2020-11-29,IND,TEN,3.0,51.5,0.5810079557598683,0,0.5684611789639594,0.5185694718380943,0.5810079557598683,rf
2020_12_CLE_JAX,2020,12,2020-11-29,JAX,CLE,-7.5,48.5,0.2528312438831151,0,0.27431654743455536,0.2476663800052584,0.2528312438831151,rf
2020_12_SF_LA,2020,12,2020-11-29,LA,SF,5.0,44.5,0.6643580181140117,0,0.624792048039863,0.573671926327296,0.6643580181140117,rf
2020_12_CAR_MIN,2020,12,2020-11-29,MIN,CAR,3.0,50.0,0.5775497887748944,1,0.5922228472345848,0.541646844466869,0.5775497887748944,rf
2020_12_ARI_NE,2020,12,2020-11-29,NE,ARI,-1.0,51.0,0.478202846975089,1,0.48323583222148814,0.43756408040601913,0.478202846975089,rf
2020_12_MIA_NYJ,2020,12,2020-11-29,NYJ,MIA,-7.5,46.0,0.2450980392156863,0,0.2935402087227134,0.2647761139981128,0.2450980392156863,rf
2020_12_KC_TB,2020,12,2020-11-29,TB,KC,-3.5,56.0,0.3915565107310036,0,0.36949833639093643,0.33297471475616697,0.3915565107310036,rf
2020_12_SEA_PHI,2020,12,2020-11-30,PHI,SEA,-6.5,50.0,0.28827328924447726,0,0.3100724099114151,0.2795329721405871,0.28827328924447726,rf
2020_12_BAL_PIT,2020,12,2020-12-02,PIT,BAL,10.5,41.5,0.812208284714119,1,0.7679087807562458,0.7208743954699035,0.812208284714119,rf
2020_13_LA_ARI,2020,13,2020-12-06,ARI,LA,-2.5,49.0,0.4242002781641169,0,0.4354787792240015,0.39322104102796046,0.4242002781641169,rf
2020_13_NO_ATL,2020,13,2020-12-06,ATL,NO,-2.5,46.0,0.4295364214803857,0,0.5244817746631892,0.476443095264491,0.4295364214803857,rf
2020_13_DET_CHI,2020,13,2020-12-06,CHI,DET,3.0,44.0,0.6018002898771837,0,0.5764337974228282,0.5262865856007457,0.6018002898771837,rf
2020_13_PHI_GB,2020,13,2020-12-06,GB,PHI,8.0,50.0,0.7733375018390467,1,0.8443629954662139,0.8050818610757832,0.7733375018390467,rf
2020_13_IND_HOU,2020,13,2020-12-06,HOU,IND,-3.5,50.0,0.37895430579964856,0,0.402877867271014,0.36331859886080153,0.37895430579964856,rf
2020_13_DEN_KC,2020,13,2020-12-06,KC,DEN,13.0,51.0,0.8412035102381947,1,0.9235508888099935,0.898303174473989,0.8412035102381947,rf
2020_13_NE_LAC,2020,13,2020-12-06,LAC,NE,2.5,47.0,0.5500363507751557,0,0.5506892981882949,0.5014579838180423,0.5500363507751557,rf
2020_13_CIN_MIA,2020,13,2020-12-06,MIA,CIN,10.5,43.0,0.8050322142204421,1,0.8977202904349016,0.8670563364471918,0.8050322142204421,rf
2020_13_JAX_MIN,2020,13,2020-12-06,MIN,JAX,10.5,51.0,0.7915272066558287,1,0.8819542310010657,0.8484155222632173,0.7915272066558287,rf
2020_13_LV_NYJ,2020,13,2020-12-06,NYJ,LV,-7.5,48.0,0.24568411260977813,0,0.3340118239972409,0.30098135731887277,0.24568411260977813,rf
2020_13_NYG_SEA,2020,13,2020-12-06,SEA,NYG,11.0,48.5,0.8111245777988322,0,0.8298644133021204,0.7887393937323273,0.8111245777988322,rf
2020_13_CLE_TEN,2020,13,2020-12-06,TEN,CLE,4.0,54.0,0.6495327102803738,0,0.6420666536432013,0.59085490643719,0.6495327102803738,rf
2020_13_WAS_PIT,2020,13,2020-12-07,PIT,WAS,5.5,43.5,0.7061546512095963,0,0.7084903970310108,0.6583371060178023,0.7061546512095963,rf
2020_13_BUF_SF,2020,13,2020-12-07,SF,BUF,1.5,48.0,0.5357590966122961,0,0.4803982385651174,0.4349099863633191,0.5357590966122961,rf
2020_13_DAL_BAL,2020,13,2020-12-08,BAL,DAL,8.5,46.0,0.7722413312261782,1,0.8691277121369121,0.8334630640392264,0.7722413312261782,rf
2020_14_NE_LA,2020,14,2020-12-10,LA,NE,5.0,43.5,0.6766178964388532,1,0.6492893118558851,0.5980817889463089,0.6766178964388532,rf
2020_14_PIT_BUF,2020,14,2020-12-13,BUF,PIT,2.0,48.5,0.5399277029247453,1,0.547764884482684,0.4986539615510074,0.5399277029247453,rf
2020_14_DEN_CAR,2020,14,2020-12-13,CAR,DEN,4.0,46.0,0.648330451760112,0,0.6876680093194414,0.636927979215059,0.648330451760112,rf
2020_14_HOU_CHI,2020,14,2020-12-13,CHI,HOU,-1.0,46.0,0.4792189179505553,1,0.4751793123521666,0.43003518528437507,0.4792189179505553,rf
2020_14_DAL_CIN,2020,14,2020-12-13,CIN,DAL,-3.0,44.0,0.39360687022900764,0,0.4585839483069032,0.41458984921164327,0.39360687022900764,rf
2020_14_GB_DET,2020,14,2020-12-13,DET,GB,-9.5,55.5,0.24757983754311783,0,0.18268897978672252,0.16659033176579846,0.24757983754311783,rf
2020_14_TEN_JAX,2020,14,2020-12-13,JAX,TEN,-7.5,53.0,0.23850155231613795,0,0.2910625516203883,0.2625680601267367,0.23850155231613795,rf
2020_14_ATL_LAC,2020,14,2020-12-13,LAC,ATL,1.0,49.0,0.5284039285250725,1,0.4125266565981874,0.3721399133240409,0.5284039285250725,rf
2020_14_IND_LV,2020,14,2020-12-13,LV,IND,-2.5,51.5,0.4479937670432412,0,0.48244714173658804,0.4368261358228632,0.4479937670432412,rf
2020_14_KC_MIA,2020,14,2020-12-13,MIA,KC,-7.5,51.5,0.25484501866887926,0,0.3875446078272913,0.3493474766821868,0.25484501866887926,rf
2020_14_ARI_NYG,2020,14,2020-12-13,NYG,ARI,-3.0,47.0,0.40832074076455643,0,0.4343806421094709,0.3922091881864767,0.40832074076455643,rf
2020_14_NO_PHI,2020,14,2020-12-13,PHI,NO,-7.5,43.0,0.252701289647961,1,0.28143909592027067,0.2539999239258831,0.252701289647961,rf
2020_14_NYJ_SEA,2020,14,2020-12-13,SEA,NYJ,16.5,49.5,0.8837648682394691,1,0.9038015762501651,0.874329532491697,0.8837648682394691,rf
2020_14_WAS_SF,2020,14,2020-12-13,SF,WAS,3.0,43.5,0.5833751631362314,0,0.5337078977475801,0.4852205191745896,0.5833751631362314,rf
2020_14_MIN_TB,2020,14,2020-12-13,TB,MIN,7.0,52.5,0.7382412574463144,1,0.7226285444044485,0.6730166677765452,0.7382412574463144,rf
2020_14_BAL_CLE,2020,14,2020-12-14,CLE,BAL,-3.0,45.5,0.3808517736016902,0,0.44212230842658357,0.3993497163145309,0.3808517736016902,rf
2020_15_LAC_LV,2020,15,2020-12-17,LV,LAC,3.5,52.0,0.6191482263983098,0,0.6083112438230325,0.5574075678392204,0.6191482263983098,rf
2020_15_BUF_DEN,2020,15,2020-12-19,DEN,BUF,-5.5,49.0,0.31174797637278495,0,0.26219954411397917,0.23690590610826326,0.31174797637278495,rf
2020_15_CAR_GB,2020,15,2020-12-19,GB,CAR,9.5,53.0,0.782639650883262,1,0.8439413382484221,0.804603841286737,0.782639650883262,rf
2020_15_PHI_ARI,2020,15,2020-12-20,ARI,PHI,6.5,49.5,0.7016637026941679,1,0.6956599426130983,0.6451161992707167,0.7016637026941679,rf
2020_15_TB_ATL,2020,15,2020-12-20,ATL,TB,-6.0,49.5,0.299206017551191,0,0.368980739405983,0.33250619089046446,0.299206017551191,rf
2020_15_JAX_BAL,2020,15,2020-12-20,BAL,JAX,13.0,49.5,0.8541238464403459,1,0.9114255795814703,0.883517867303126,0.8541238464403459,rf
2020_15_SF_DAL,2020,15,2020-12-20,DAL,SF,-4.0,46.0,0.3480866758875058,1,0.3968237523238719,0.3577955161471272,0.3480866758875058,rf
2020_15_HOU_IND,2020,15,2020-12-20,IND,HOU,7.5,52.5,0.7639021449741297,1,0.7308438252022527,0.6816019589590346,0.7639021449741297,rf
2020_15_NYJ_LA,2020,15,2020-12-20,LA,NYJ,17.5,44.5,0.9086641283062269,0,0.9325343352024694,0.9094058245902105,0.9086641283062269,rf
2020_15_NE_MIA,2020,15,2020-12-20,MIA,NE,-1.5,40.0,0.4672897196261682,1,0.5167977028180404,0.46915594106307146,0.4672897196261682,rf
2020_15_CHI_MIN,2020,15,2020-12-20,MIN,CHI,2.5,47.5,0.5883967071736573,0,0.5755404388570511,0.5254205743060928,0.5883967071736573,rf
2020_15_KC_NO,2020,15,2020-12-20,NO,KC,-2.5,53.5,0.4357578877693609,0,0.5275552811602965,0.4793637155352222,0.4357578877693609,rf
2020_15_CLE_NYG,2020,15,2020-12-20,NYG,CLE,-6.0,44.5,0.2901043906634867,0,0.3026091890806475,0.27286598891988734,0.2901043906634867,rf
2020_15_DET_TEN,2020,15,2020-12-20,TEN,DET,9.5,54.5,0.7717353250087524,1,0.86252380202306,0.8258340363600936,0.7717353250087524,rf
2020_15_SEA_WAS,2020,15,2020-12-20,WAS,SEA,-6.0,44.5,0.30476951262926655,0,0.3808518870602092,0.34326677282893586,0.30476951262926655,rf
2020_15_PIT_CIN,2020,15,2020-12-21,CIN,PIT,-14.5,40.5,0.12392310583175953,1,0.23961420786388218,0.21689056844354554,0.12392310583175953,rf
2020_16_MIN_NO,2020,16,2020-12-25,NO,MIN,6.5,49.0,0.7300564061240935,1,0.8367764550135456,0.7965065637369959,0.7300564061240935,rf
2020_16_SF_ARI,2020,16,2020-12-26,ARI,SF,6.0,49.0,0.7159090909090909,0,0.6829482873883781,0.6321088524074573,0.7159090909090909,rf
2020_16_TB_DET,2020,16,2020-12-26,DET,TB,-12.0,55.0,0.1740093929817051,0,0.21930270549923817,0.1989263588713261,0.1740093929817051,rf
2020_16_MIA_LV,2020,16,2020-12-26,LV,MIA,-2.0,50.0,0.45801526717557256,0,0.36732108294778065,0.33100427867767807,0.45801526717557256,rf
2020_16_NYG_BAL,2020,16,2020-12-27,BAL,NYG,10.0,43.5,0.7834776815456361,1,0.8913686888261341,0.8595102587247705,0.7834776815456361,rf
2020_16_PHI_DAL,2020,16,2020-12-27,DAL,PHI,-3.0,50.0,0.3915565107310036,1,0.4302688557203085,0.3884234196229245,0.3915565107310036,rf
2020_16_TEN_GB,2020,16,2020-12-27,GB,TEN,3.0,52.5,0.6233496049929973,1,0.5915676148677054,0.5410073247503957,0.6233496049929973,rf
2020_16_CIN_HOU,2020,16,2020-12-27,HOU,CIN,7.5,46.0,0.7418160561184722,0,0.6899219737762423,0.6392337192539665,0.7418160561184722,rf
2020_16_CHI_JAX,2020,16,2020-12-27,JAX,CHI,-9.5,47.0,0.20624719772829175,0,0.25358164434818564,0.2292627714732493,0.20624719772829175,rf
2020_16_ATL_KC,2020,16,2020-12-27,KC,ATL,11.0,54.0,0.8096263917938955,1,0.8465229950339425,0.8075332238608052,0.8096263917938955,rf
2020_16_DEN_LAC,2020,16,2020-12-27,LAC,DEN,2.5,47.5,0.5419847328244275,1,0.5672403658031878,0.5173900434392711,0.5419847328244275,rf
2020_16_CLE_NYJ,2020,16,2020-12-27,NYJ,CLE,-6.5,45.0,0.26978176462712544,1,0.26981993085491135,0.2436711506028931,0.26978176462712544,rf
2020_16_IND_PIT,2020,16,2020-12-27,PIT,IND,-1.0,43.0,0.497677011707861,1,0.511902611644669,0.46452449243392707,0.497677011707861,rf
2020_16_LA_SEA,2020,16,2020-12-27,SEA,LA,1.5,48.0,0.5460453954604539,1,0.5073776499727086,0.46025059293061477,0.5460453954604539,rf
2020_16_CAR_WAS,2020,16,2020-12-27,WAS,CAR,-1.0,41.0,0.4837531945965681,0,0.470551192307096,0.42571933485809405,0.4837531945965681,rf
2020_16_BUF_NE,2020,16,2020-12-28,NE,BUF,-7.0,47.0,0.26392474629994117,0,0.3009124403804382,0.27135148046925606,0.26392474629994117,rf
2020_17_MIA_BUF,2020,17,2021-01-03,BUF,MIA,-3.5,42.5,0.40995560164630396,1,0.4759381185733265,0.4307434273491942,0.40995560164630396,rf
2020_17_NO_CAR,2020,17,2021-01-03,CAR,NO,-6.0,47.0,0.3050108932461874,0,0.3113109339148023,0.28064022324021526,0.3050108932461874,rf
2020_17_GB_CHI,2020,17,2021-01-03,CHI,GB,-4.5,48.5,0.3430627570177007,0,0.3610046770567828,0.32529363917290527,0.3430627570177007,rf
2020_17_BAL_CIN,2020,17,2021-01-03,CIN,BAL,-13.5,46.0,0.13899131574838086,0,0.20257404055290443,0.18414798380100458,0.13899131574838086,rf
2020_17_PIT_CLE,2020,17,2021-01-03,CLE,PIT,10.5,45.0,0.7963340122199594,1,0.6075281365872651,0.556637787834859,0.7963340122199594,rf
2020_17_LV_DEN,2020,17,2021-01-03,DEN,LV,-2.5,50.5,0.4242002781641169,0,0.44578328162581404,0.40273228219534674,0.4242002781641169,rf
2020_17_MIN_DET,2020,17,2021-01-03,DET,MIN,-3.0,54.0,0.39819971012281646,0,0.3465316328631749,0.3122399309607571,0.39819971012281646,rf
2020_17_TEN_HOU,2020,17,2021-01-03,HOU,TEN,-7.0,55.5,0.27065517450846727,0,0.24341579401058303,0.22025623931467297,0.27065517450846727,rf
2020_17_JAX_IND,2020,17,2021-01-03,IND,JAX,15.5,48.0,0.9035326990885503,1,0.8956857641206825,0.8646336977777098,0.9035326990885503,rf
2020_17_LAC_KC,2020,17,2021-01-03,KC,LAC,-7.0,43.0,0.28252766108514293,0,0.5213361165833409,0.47345740240900624,0.28252766108514293,rf
2020_17_ARI_LA,2020,17,2021-01-03,LA,ARI,1.0,42.0,0.5419847328244275,1,0.4873856697508111,0.4414501851114485,0.5419847328244275,rf
2020_17_NYJ_NE,2020,17,2021-01-03,NE,NYJ,3.0,41.0,0.6018002898771837,1,0.6288715192776767,0.5777170503107307,0.6018002898771837,rf
2020_17_DAL_NYG,2020,17,2021-01-03,NYG,DAL,-1.5,44.5,0.46635295110679686,1,0.3469723034833453,0.3126367616686121,0.46635295110679686,rf
2020_17_WAS_PHI,2020,17,2021-01-03,PHI,WAS,-6.5,43.5,0.2817523080884246,0,0.30398348715821977,0.2740930058960662,0.2817523080884246,rf
2020_17_SEA_SF,2020,17,2021-01-03,SF,SEA,-7.0,45.0,0.26544089084552636,0,0.30133443097931656,0.27172810560324107,0.26544089084552636,rf
2020_17_ATL_TB,2020,17,2021-01-03,TB,ATL,7.5,51.0,0.7416762342135478,1,0.796393188766792,0.7517036921889423,0.7416762342135478,rf
2020_18_IND_BUF,2020,18,2021-01-09,BUF,IND,7.0,50.5,0.7424632631419482,1,0.7603145101277711,0.7127531937750993,0.7424632631419482,rf
2020_18_LA_SEA,2020,18,2021-01-09,SEA,LA,3.0,42.0,0.6162961291050671,0,0.5890954968236993,0.5385961296163735,0.6162961291050671,rf
2020_18_TB_WAS,2020,18,2021-01-09,WAS,TB,-10.0,45.0,0.20494824688154287,0,0.27677707975770277,0.24985361210603024,0.20494824688154287,rf
2020_18_CHI_NO,2020,18,2021-01-10,NO,CHI,11.0,48.0,0.8215806113982332,1,0.7599609939039884,0.712376115204926,0.8215806113982332,rf
2020_18_CLE_PIT,2020,18,2021-01-10,PIT,CLE,5.0,47.5,0.6860820446337623,0,0.6556751731115931,0.6044928516856224,0.6860820446337623,rf
2020_18_BAL_TEN,2020,18,2021-01-10,TEN,BAL,-3.5,53.0,0.37073068125049297,0,0.4086389651752219,0.3685828013391444,0.37073068125049297,rf
2020_19_BAL_BUF,2020,19,2021-01-16,BUF,BAL,2.5,50.0,0.5642421122306391,1,0.5371981974140454,0.4885491470381034,0.5642421122306391,rf
2020_19_LA_GB,2020,19,2021-01-16,GB,LA,7.0,45.0,0.755019120458891,1,0.7676836288886999,0.7206330457410778,0.755019120458891,rf
2020_19_CLE_KC,2020,19,2021-01-17,KC,CLE,7.5,55.5,0.7666849658850287,1,0.6999152211616396,0.64949056501542,0.7666849658850287,rf
2020_19_TB_NO,2020,19,2021-01-17,NO,TB,2.5,53.0,0.556697108066971,0,0.5476543759808533,0.49854806621711883,0.556697108066971,rf
2020_20_TB_GB,2020,20,2021-01-24,GB,TB,3.0,53.0,0.6210456942003515,0,0.576572102240404,0.5264206858120059,0.6210456942003515,rf
2020_20_BUF_KC,2020,20,2021-01-24,KC,BUF,3.0,54.5,0.5971016303329377,1,0.6050724189232942,0.5542256220882915,0.5971016303329377,rf
2020_21_KC_TB,2020,21,2021-02-07,TB,KC,-3.0,55.0,0.39819971012281646,1,0.48760237011682056,0.44165326559872925,0.39819971012281646,rf
2021_01_DAL_TB,2021,1,2021-09-09,TB,DAL,10.0,52.5,0.7849902733695097,1,0.7136521315363357,0.714829277194049,0.7849902733695097,rf
2021_01_PHI_ATL,2021,1,2021-09-12,ATL,PHI,3.5,49.0,0.6265670845558816,0,0.5383041923612677,0.505181842980072,0.6265670845558816,rf
2021_01_PIT_BUF,2021,1,2021-09-12,BUF,PIT,6.5,48.0,0.7072057697217258,0,0.7534427423928292,0.7613345970513757,0.7072057697217258,rf
2021_01_NYJ_CAR,2021,1,2021-09-12,CAR,NYJ,3.5,44.5,0.6310538349615464,1,0.6024679782264898,0.5819540166647685,0.6310538349615464,rf
2021_01_MIN_CIN,2021,1,2021-09-12,CIN,MIN,-3.0,47.0,0.43949878436506445,1,0.37043629429951047,0.3126272054077633,0.43949878436506445,rf
2021_01_SF_DET,2021,1,2021-09-12,DET,SF,-9.5,46.0,0.2184424838819138,0,0.22191943543212284,0.1619055875690802,0.2184424838819138,rf
2021_01_JAX_HOU,2021,1,2021-09-12,HOU,JAX,-3.5,45.5,0.3837038708949329,1,0.40475730610228816,0.35050595576238003,0.3837038708949329,rf
2021_01_SEA_IND,2021,1,2021-09-12,IND,SEA,-3.0,49.0,0.4207141879874127,0,0.5178865660690206,0.48096972673781363,0.4207141879874127,rf
2021_01_CLE_KC,2021,1,2021-09-12,KC,CLE,5.5,54.5,0.6873022714142923,1,0.6189631365318444,0.6017702830805688,0.6873022714142923,rf
2021_01_CHI_LA,2021,1,2021-09-12,LA,CHI,9.5,46.0,0.7711337105475873,1,0.7104020126235402,0.7109934214892921,0.7711337105475873,rf
2021_01_MIA_NE,2021,1,2021-09-12,NE,MIA,3.5,43.5,0.617727368199958,0,0.6409334327918207,0.6281547157349927,0.617727368199958,rf
2021_01_GB_NO,2021,1,2021-09-12,NO,GB,-4.0,49.0,0.37207701067238685,1,0.40664747950403385,0.3526190625013835,0.37207701067238685,rf
2021_01_DEN_NYG,2021,1,2021-09-12,NYG,DEN,-3.0,41.5,0.43316719528772085,0,0.5101772154938804,0.47186744189324925,0.43316719528772085,rf
2021_01_ARI_TEN,2021,1,2021-09-12,TEN,ARI,2.5,54.0,0.5782326921098653,0,0.5444783892167645,0.5125301884507923,0.5782326921098653,rf
2021_01_LAC_WAS,2021,1,2021-09-12,WAS,LAC,2.5,45.5,0.5500363507751557,0,0.5331296509993714,0.49903226272424084,0.5500363507751557,rf
2021_01_BAL_LV,2021,1,2021-09-13,LV,BAL,-3.0,50.5,0.39101972672553925,1,0.4058069129022126,0.3516790244972106,0.39101972672553925,rf
2021_02_NYG_WAS,2021,2,2021-09-16,WAS,NYG,4.0,42.0,0.6471201212580523,1,0.6116656163600568,0.5930028266139415,0.6471201212580523,rf
2021_02_MIN_ARI,2021,2,2021-09-19,ARI,MIN,4.0,51.0,0.6392711044998141,1,0.5735632560958852,0.54727732849424,0.6392711044998141,rf
2021_02_KC_BAL,2021,2,2021-09-19,BAL,KC,-3.5,53.5,0.38514560209200854,1,0.4515960761116314,0.4036118036994789,0.38514560209200854,rf
2021_02_NO_CAR,2021,2,2021-09-19,CAR,NO,-3.0,45.0,0.4224502112251056,1,0.37451943001041815,0.31708290920976284,0.4224502112251056,rf
2021_02_CIN_CHI,2021,2,2021-09-19,CHI,CIN,2.0,44.5,0.5440238883060285,1,0.5522072792377853,0.521744084581159,0.5440238883060285,rf
2021_02_HOU_CLE,2021,2,2021-09-19,CLE,HOU,13.5,48.5,0.8439623496250064,1,0.7031719459590561,0.7024436200979626,0.8439623496250064,rf
2021_02_LA_IND,2021,2,2021-09-19,IND,LA,-4.0,48.0,0.3453742498018345,0,0.47456289559964515,0.43015960898173766,0.3453742498018345,rf
2021_02_DEN_JAX,2021,2,2021-09-19,JAX,DEN,-6.0,45.0,0.31269772858570755,0,0.30031222097475707,0.23850934687349393,0.31269772858570755,rf
2021_02_DAL_LAC,2021,2,2021-09-19,LAC,DAL,3.0,55.0,0.5850622406639003,0,0.5713451428146282,0.544621024514066,0.5850622406639003,rf
2021_02_BUF_MIA,2021,2,2021-09-19,MIA,BUF,-3.5,48.0,0.3747984954325632,0,0.3644736628152613,0.306146305685584,0.3747984954325632,rf
2021_02_NE_NYJ,2021,2,2021-09-19,NYJ,NE,-5.5,43.0,0.31709972076293247,0,0.2925150400030818,0.23057318691025097,0.31709972076293247,rf
2021_02_SF_PHI,2021,2,2021-09-19,PHI,SF,-3.0,49.0,0.4242002781641169,0,0.4903026048430897,0.44851813665192963,0.4242002781641169,rf
2021_02_LV_PIT,2021,2,2021-09-19,PIT,LV,5.5,46.5,0.6766178964388532,0,0.690326203734413,0.6872013724464043,0.6766178964388532,rf
2021_02_TEN_SEA,2021,2,2021-09-19,SEA,TEN,6.5,53.5,0.7199692401445134,0,0.7231923334069048,0.7260597013192559,0.7199692401445134,rf
2021_02_ATL_TB,2021,2,2021-09-19,TB,ATL,13.5,52.0,0.8579119575560857,1,0.8345291836962967,0.8522558612408093,0.8579119575560857,rf
2021_02_DET_GB,2021,2,2021-09-20,GB,DET,11.5,49.5,0.8061357702349868,1,0.8087712359947271,0.8240848713787158,0.8061357702349868,rf
2021_03_CAR_HOU,2021,3,2021-09-23,HOU,CAR,-8.0,43.0,0.21652231845436373,0,0.2996811376882459,0.23786458778843114,0.21652231845436373,rf
2021_03_WAS_BUF,2021,3,2021-09-26,BUF,WAS,7.5,45.5,0.7451549813311207,1,0.8462761189370172,0.8648300033475929,0.7451549813311207,rf
2021_03_CHI_CLE,2021,3,2021-09-26,CLE,CHI,7.5,45.0,0.7661538461538461,1,0.7119176210593235,0.7127827737855852,0.7661538461538461,rf
2021_03_NYJ_DEN,2021,3,2021-09-26,DEN,NYJ,10.5,42.0,0.8299958535574039,1,0.7537131814326059,0.761647343404002,0.8299958535574039,rf
2021_03_BAL_DET,2021,3,2021-09-26,DET,BAL,-7.5,51.0,0.24770150852450237,0,0.2299027455099778,0.16936489411421665,0.24770150852450237,rf
2021_03_ARI_JAX,2021,3,2021-09-26,JAX,ARI,-8.0,51.5,0.2402841621395737,0,0.24140215433069814,0.18025275210757777,0.2402841621395737,rf
2021_03_LAC_KC,2021,3,2021-09-26,KC,LAC,6.5,55.0,0.7115258195992297,0,0.6711396239946342,0.6643324893246205,0.7115258195992297,rf
2021_03_TB_LA,2021,3,2021-09-26,LA,TB,-1.0,55.0,0.497677011707861,1,0.5430383329789017,0.5108152728387642,0.497677011707861,rf
2021_03_MIA_LV,2021,3,2021-09-26,LV,MIA,4.0,45.0,0.6430392656807752,1,0.5698593619404221,0.5428422234026425,0.6430392656807752,rf
2021_03_SEA_MIN,2021,3,2021-09-26,MIN,SEA,-2.0,53.5,0.4672897196261682,1,0.40841487260587495,0.35459733309975794,0.4672897196261682,rf
2021_03_NO_NE,2021,3,2021-09-26,NE,NO,3.0,44.0,0.5757997218358832,0,0.6164211780137437,0.5987162983983112,0.5757997218358832,rf
2021_03_ATL_NYG,2021,3,2021-09-26,NYG,ATL,3.0,48.0,0.5740354444580784,0,0.5528288566833929,0.5224857770096168,0.5740354444580784,rf
2021_03_CIN_PIT,2021,3,2021-09-26,PIT,CIN,2.5,42.5,0.5686556434219986,0,0.5597481792710769,0.5307486051396058,0.5686556434219986,rf
2021_03_GB_SF,2021,3,2021-09-26,SF,GB,3.5,50.5,0.6252015045674368,0,0.5707184156131252,0.543870646814465,0.6252015045674368,rf
2021_03_IND_TEN,2021,3,2021-09-26,TEN,IND,4.5,47.0,0.6455089820359281,1,0.6132898660011744,0.5949542271983785,0.6455089820359281,rf
2021_03_PHI_DAL,2021,3,2021-09-27,DAL,PHI,3.5,51.5,0.6367156074014482,1,0.6152006348280193,0.5972498901226954,0.6367156074014482,rf
2021_04_JAX_CIN,2021,4,2021-09-30,CIN,JAX,7.5,46.0,0.7650845050136826,1,0.7554044853731083,0.7636020787835721,0.7650845050136826,rf
2021_04_WAS_ATL,2021,4,2021-10-03,ATL,WAS,-1.0,47.5,0.47377843762281124,0,0.5054803724870713,0.4663338075389699,0.47377843762281124,rf
2021_04_HOU_BUF,2021,4,2021-10-03,BUF,HOU,19.0,47.5,0.9107142857142858,1,0.8690640940739277,0.8886605772330955,0.9107142857142858,rf
2021_04_DET_CHI,2021,4,2021-10-03,CHI,DET,3.0,42.0,0.582716381747207,1,0.5596281021470136,0.5306051166905023,0.582716381747207,rf
2021_04_CAR_DAL,2021,4,2021-10-03,DAL,CAR,4.5,51.5,0.6595651218976498,1,0.6140459021196627,0.5958625519650464,0.6595651218976498,rf
2021_04_BAL_DEN,2021,4,2021-10-03,DEN,BAL,1.0,44.0,0.5284039285250725,0,0.5339754796626148,0.5000368856926948,0.5284039285250725,rf
2021_04_PIT_GB,2021,4,2021-10-03,GB,PIT,6.5,45.0,0.71333597633497,1,0.7105382259360318,0.7111542795893656,0.71333597633497,rf
2021_04_ARI_LA,2021,4,2021-10-03,LA,ARI,3.5,53.5,0.6495327102803738,0,0.569162869826322,0.542008513433229,0.6495327102803738,rf
2021_04_IND_MIA,2021,4,2021-10-03,MIA,IND,2.5,41.5,0.5757997218358832,0,0.553914943563179,0.5237819760816117,0.5757997218358832,rf
2021_04_CLE_MIN,2021,4,2021-10-03,MIN,CLE,-1.0,52.0,0.5011531365313653,0,0.42276307594199886,0.37074211294892595,0.5011531365313653,rf
2021_04_TB_NE,2021,4,2021-10-03,NE,TB,-6.0,49.5,0.3011920417426717,0,0.2375432097968564,0.1765804337897024,0.3011920417426717,rf
2021_04_NYG_NO,2021,4,2021-10-03,NO,NYG,7.5,43.0,0.748535521515462,0,0.8476824203648406,0.866322784257819,0.748535521515462,rf
2021_04_TEN_NYJ,2021,4,2021-10-03,NYJ,TEN,-5.5,44.5,0.31808312064302313,1,0.3321917007655276,0.27161580904568616,0.31808312064302313,rf
2021_04_KC_PHI,2021,4,2021-10-03,PHI,KC,-7.5,53.5,0.24521583362460678,0,0.27340181190146134,0.21140200397474157,0.24521583362460678,rf
2021_04_SEA_SF,2021,4,2021-10-03,SF,SEA,2.5,52.0,0.556697108066971,0,0.5206688072273958,0.4842603341053797,0.556697108066971,rf
2021_04_LV_LAC,2021,4,2021-10-04,LAC,LV,3.0,52.0,0.6008197724213874,1,0.5813691453180474,0.5566317588221475,0.6008197724213874,rf
2021_05_LA_SEA,2021,5,2021-10-07,SEA,LA,-2.5,53.5,0.43949878436506445,0,0.4615238607283574,0.4150504688580432,0.43949878436506445,rf
2021_05_SF_ARI,2021,5,2021-10-10,ARI,SF,6.0,48.5,0.7063684354090785,1,0.704072678841701,0.7035099785345338,0.7063684354090785,rf
2021_05_NYJ_ATL,2021,5,2021-10-10,ATL,NYJ,3.0,45.5,0.590044398353696,1,0.5084313112878294,0.46980941111221947,0.590044398353696,rf
2021_05_PHI_CAR,2021,5,2021-10-10,CAR,PHI,2.5,46.0,0.5679213219076544,0,0.5257290520376988,0.4902525137783811,0.5679213219076544,rf
2021_05_GB_CIN,2021,5,2021-10-10,CIN,GB,-2.0,50.0,0.46214743124779806,0,0.37603686923931695,0.3187424192725085,0.46214743124779806,rf
2021_05_NYG_DAL,2021,5,2021-10-10,DAL,NYG,7.5,53.0,0.7477895347151761,1,0.7515806056173061,0.7591797815871705,0.7477895347151761,rf
2021_05_NE_HOU,2021,5,2021-10-10,HOU,NE,-8.0,39.5,0.25023940900177843,0,0.25976200153552753,0.19797543777578236,0.25023940900177843,rf
2021_05_TEN_JAX,2021,5,2021-10-10,JAX,TEN,-4.0,49.0,0.36072889550018594,0,0.2993123894852806,0.23748804532690768,0.36072889550018594,rf
2021_05_BUF_KC,2021,5,2021-10-10,KC,BUF,2.5,57.0,0.5586071603727317,0,0.570333837703635,0.5434102291452644,0.5586071603727317,rf
2021_05_CLE_LAC,2021,5,2021-10-10,LAC,CLE,2.5,46.5,0.5500363507751557,1,0.5946910803340619,0.5726154452701203,0.5500363507751557,rf
2021_05_CHI_LV,2021,5,2021-10-10,LV,CHI,5.5,46.0,0.6910678307588987,0,0.6669916472757784,0.6593751144729428,0.6910678307588987,rf
2021_05_DET_MIN,2021,5,2021-10-10,MIN,DET,10.0,49.5,0.7825612438504289,1,0.7258562297046152,0.7291873455040953,0.7825612438504289,rf
2021_05_DEN_PIT,2021,5,2021-10-10,PIT,DEN,-2.0,40.0,0.45890354830779323,1,0.5414425435115973,0.508915603289928,0.45890354830779323,rf
2021_05_MIA_TB,2021,5,2021-10-10,TB,MIA,11.0,48.0,0.8231559210806665,1,0.817672754453178,0.8339072494674682,0.8231559210806665,rf
2021_05_NO_WAS,2021,5,2021-10-10,WAS,NO,-2.5,43.5,0.4491310290958797,0,0.3844275714882414,0.3279534523258852,0.4491310290958797,rf
2021_05_IND_BAL,2021,5,2021-10-11,BAL,IND,7.5,46.5,0.7579052432627578,1,0.7477581183734813,0.754749149019648,0.7579052432627578,rf
2021_06_TB_PHI,2021,6,2021-10-14,PHI,TB,-7.0,53.0,0.28766575393040644,0,0.24791985168340674,0.18649723889815137,0.28766575393040644,rf
2021_06_LAC_BAL,2021,6,2021-10-17,BAL,LAC,3.0,50.5,0.6084434892689964,1,0.5078790830637179,0.46915872064198666,0.6084434892689964,rf
2021_06_MIN_CAR,2021,6,2021-10-17,CAR,MIN,-2.5,45.5,0.44139283962726833,0,0.514341168385543,0.47678082044109044,0.44139283962726833,rf
2021_06_GB_CHI,2021,6,2021-10-17,CHI,GB,-5.5,44.0,0.3233821035611469,0,0.3234091816376223,0.2623926795179557,0.3233821035611469,rf
2021_06_ARI_CLE,2021,6,2021-10-17,CLE,ARI,3.0,48.0,0.5740354444580784,0,0.6102433187462448,0.5912940911950672,0.5740354444580784,rf
2021_06_LV_DEN,2021,6,2021-10-17,DEN,LV,5.0,45.5,0.6546257501981656,0,0.6316245754689382,0.6169793656570868,0.6546257501981656,rf
2021_06_CIN_DET,2021,6,2021-10-17,DET,CIN,-3.5,46.5,0.35946425054165854,0,0.3680184368294346,0.30999547071498684,0.35946425054165854,rf
2021_06_HOU_IND,2021,6,2021-10-17,IND,HOU,10.5,43.5,0.7906090880291756,1,0.7302401122195478,0.7343261299295784,0.7906090880291756,rf
2021_06_MIA_JAX,2021,6,2021-10-17,JAX,MIA,-2.5,47.5,0.46424090338770385,1,0.3659198660502108,0.3077153713796293,0.46424090338770385,rf
2021_06_DAL_NE,2021,6,2021-10-17,NE,DAL,-3.5,50.5,0.36242334558131956,0,0.48704049872925576,0.4447030774301897,0.36242334558131956,rf
2021_06_LA_NYG,2021,6,2021-10-17,NYG,LA,-7.5,49.5,0.2556139512661252,0,0.24263694325270987,0.18143174779426752,0.2556139512661252,rf
2021_06_SEA_PIT,2021,6,2021-10-17,PIT,SEA,5.5,43.0,0.6629225583423975,1,0.6321279231382484,0.6175838233157623,0.6629225583423975,rf
2021_06_KC_WAS,2021,6,2021-10-17,WAS,KC,-6.0,54.0,0.3011920417426717,0,0.25765618894160314,0.1959220286198539,0.3011920417426717,rf
2021_06_BUF_TEN,2021,6,2021-10-18,TEN,BUF,-6.0,53.5,0.3139179553662376,1,0.25630718239768857,0.19460937146504,0.3139179553662376,rf
2021_07_DEN_CLE,2021,7,2021-10-21,CLE,DEN,2.0,40.5,0.534834771627026,1,0.5530246243749243,0.522719395589629,0.534834771627026,rf
2021_07_HOU_ARI,2021,7,2021-10-24,ARI,HOU,20.5,47.0,0.9202343894938516,1,0.8672940805566829,0.8868382760768965,0.9202343894938516,rf
2021_07_CIN_BAL,2021,7,2021-10-24,BAL,CIN,6.5,45.5,0.7107129525942516,0,0.6846419498785191,0.6804378529693728,0.7107129525942516,rf
2021_07_WAS_GB,2021,7,2021-10-24,GB,WAS,8.5,48.0,0.7749165560874428,1,0.7943852436914965,0.8080342457504645,0.7749165560874428,rf
2021_07_DET_LA,2021,7,2021-10-24,LA,DET,17.0,51.0,0.8989085704061549,1,0.9075317287229541,0.9268736750539328,0.8989085704061549,rf
2021_07_PHI_LV,2021,7,2021-10-24,LV,PHI,1.0,48.0,0.5069715560513107,1,0.49147563571537906,0.4498912586359359,0.5069715560513107,rf
2021_07_ATL_MIA,2021,7,2021-10-24,MIA,ATL,-1.5,48.5,0.4499636492248442,0,0.4713553496039992,0.42643414148334435,0.4499636492248442,rf
2021_07_NYJ_NE,2021,7,2021-10-24,NE,NYJ,7.0,43.0,0.7307643486568282,1,0.7764841742885168,0.7877865470703763,0.7307643486568282,rf
2021_07_CAR_NYG,2021,7,2021-10-24,NYG,CAR,-3.0,42.5,0.40832074076455643,1,0.3246102413441866,0.2636494978747577,0.40832074076455643,rf
2021_07_IND_SF,2021,7,2021-10-24,SF,IND,3.5,41.5,0.6128827999078977,0,0.6343452469887522,0.6202463295770823,0.6128827999078977,rf
2021_07_CHI_TB,2021,7,2021-10-24,TB,CHI,12.5,47.0,0.8387670009795338,1,0.8663805726625359,0.8858957998071662,0.8387670009795338,rf
2021_07_KC_TEN,2021,7,2021-10-24,TEN,KC,-4.0,57.5,0.3415685624274581,1,0.3542986488277293,0.2951592372211039,0.3415685624274581,rf
2021_07_NO_SEA,2021,7,2021-10-25,SEA,NO,-6.0,42.0,0.31585064107370475,0,0.2538417194995579,0.19221597807500335,0.31585064107370475,rf
2021_08_GB_ARI,2021,8,2021-10-28,ARI,GB,6.5,51.0,0.7157173074903613,0,0.6982438530008441,0.6966035576047348,0.7157173074903613,rf
2021_08_CAR_ATL,2021,8,2021-10-31,ATL,CAR,2.5,47.0,0.5500363507751557,0,0.5071019064392565,0.46824318960437783,0.5500363507751557,rf
2021_08_MIA_BUF,2021,8,2021-10-31,BUF,MIA,15.0,48.5,0.880139051980694,1,0.8935766158870418,0.91333949720877,0.880139051980694,rf
2021_08_SF_CHI,2021,8,2021-10-31,CHI,SF,-4.5,40.0,0.34043487810235007,0,0.41577502375352726,0.36286048961024714,0.34043487810235007,rf
2021_08_PIT_CLE,2021,8,2021-10-31,CLE,PIT,5.5,43.0,0.6711332625214478,0,0.7019254795724335,0.7009674063820999,0.6711332625214478,rf
2021_08_WAS_DEN,2021,8,2021-10-31,DEN,WAS,4.0,45.0,0.6392711044998141,1,0.6751746691145533,0.6691507587535657,0.6392711044998141,rf
2021_08_PHI_DET,2021,8,2021-10-31,DET,PHI,-3.0,48.5,0.3885860109036074,0,0.44252101992932596,0.3932080261697496,0.3885860109036074,rf
2021_08_LA_HOU,2021,8,2021-10-31,HOU,LA,-17.0,47.0,0.11767948772316696,0,0.20179248921258344,0.14347420775925168,0.11767948772316696,rf
2021_08_TEN_IND,2021,8,2021-10-31,IND,TEN,3.0,51.0,0.6002460024600246,0,0.5501297251840277,0.5192657815786084,0.6002460024600246,rf
2021_08_NE_LAC,2021,8,2021-10-31,LAC,NE,3.5,50.5,0.6297217024951262,0,0.5262652469868475,0.49088799819230117,0.6297217024951262,rf
2021_08_DAL_MIN,2021,8,2021-10-31,MIN,DAL,4.5,49.5,0.6679400834834022,0,0.623087440900095,0.6067251221592119,0.6679400834834022,rf
2021_08_TB_NO,2021,8,2021-10-31,NO,TB,-4.0,48.5,0.36370984037179227,1,0.41908470618599114,0.3665890549831553,0.36370984037179227,rf
2021_08_CIN_NYJ,2021,8,2021-10-31,NYJ,CIN,-11.5,43.5,0.1896707191940549,1,0.1932099782050907,0.13578321120890288,0.1896707191940549,rf
2021_08_JAX_SEA,2021,8,2021-10-31,SEA,JAX,4.0,44.0,0.6405357494583416,1,0.7034763755454034,0.7028040652527675,0.6405357494583416,rf
2021_08_NYG_KC,2021,8,2021-11-01,KC,NYG,10.5,53.0,0.8153846153846155,1,0.7811350112537511,0.7930744145113344,0.8153846153846155,rf
2021_09_NYJ_IND,2021,9,2021-11-04,IND,NYJ,10.5,46.0,0.8099784704670973,1,0.806838221698038,0.8219405284838612,0.8099784704670973,rf
2021_09_MIN_BAL,2021,9,2021-11-07,BAL,MIN,7.5,51.0,0.7316281227221523,1,0.7844180561075824,0.7967958733456879,0.7316281227221523,rf
2021_09_NE_CAR,2021,9,2021-11-07,CAR,NE,-3.5,41.5,0.37895430579964856,0,0.3313972567911709,0.2707783952309146,0.37895430579964856,rf
2021_09_CLE_CIN,2021,9,2021-11-07,CIN,CLE,2.5,47.5,0.5500363507751557,0,0.5313058076692238,0.4968668135971549,0.5500363507751557,rf
2021_09_DEN_DAL,2021,9,2021-11-07,DAL,DEN,10.5,50.0,0.7971382780577254,0,0.7568880296435208,0.7653150384166914,0.7971382780577254,rf
2021_09_BUF_JAX,2021,9,2021-11-07,JAX,BUF,-14.5,48.0,0.11073451745198123,1,0.1432797835419624,0.09319161354212234,0.11073451745198123,rf
2021_09_GB_KC,2021,9,2021-11-07,KC,GB,7.0,48.0,0.7410248542497699,1,0.5853522182603477,0.5614084503698399,0.7410248542497699,rf
2021_09_TEN_LA,2021,9,2021-11-07,LA,TEN,7.0,53.5,0.7549019607843137,0,0.7105621744681985,0.7111825602176496,0.7549019607843137,rf
2021_09_HOU_MIA,2021,9,2021-11-07,MIA,HOU,4.0,45.0,0.6332518337408314,1,0.5595918034475379,0.5305617415122528,0.6332518337408314,rf
2021_09_ATL_NO,2021,9,2021-11-07,NO,ATL,7.0,43.0,0.7141340612678193,0,0.7886073435422672,0.8015306222344795,0.7141340612678193,rf
2021_09_LV_NYG,2021,9,2021-11-07,NYG,LV,-3.0,47.0,0.4116032928263426,1,0.4225759505526568,0.37053060923210246,0.4116032928263426,rf
2021_09_LAC_PHI,2021,9,2021-11-07,PHI,LAC,-1.0,49.5,0.497677011707861,0,0.44287538992947567,0.3936133113003312,0.497677011707861,rf
2021_09_ARI_SF,2021,9,2021-11-07,SF,ARI,5.5,44.5,0.6829002792370676,0,0.5942117015796331,0.5720399570651463,0.6829002792370676,rf
2021_09_CHI_PIT,2021,9,2021-11-08,PIT,CHI,7.0,40.0,0.73232769419428,1,0.7617838944109443,0.7709567603548992,0.73232769419428,rf
2021_10_BAL_MIA,2021,10,2021-11-11,MIA,BAL,-8.5,46.5,0.2277586687738217,1,0.18283128304217858,0.12662203817003767,0.2277586687738217,rf
2021_10_CAR_ARI,2021,10,2021-11-14,ARI,CAR,7.0,42.0,0.7445212005717008,0,0.7797427176310746,0.7914933558107244,0.7445212005717008,rf
2021_10_ATL_DAL,2021,10,2021-11-14,DAL,ATL,8.0,55.0,0.7732468107071749,1,0.7242762958771433,0.7273328159121404,0.7732468107071749,rf
2021_10_PHI_DEN,2021,10,2021-11-14,DEN,PHI,1.0,44.5,0.513948077676165,0,0.48857669723982355,0.446499030946247,0.513948077676165,rf
2021_10_SEA_GB,2021,10,2021-11-14,GB,SEA,3.0,49.5,0.6114139890963924,1,0.5380626019259587,0.5048945421770079,0.6114139890963924,rf
2021_10_JAX_IND,2021,10,2021-11-14,IND,JAX,10.5,47.5,0.7882397728534491,1,0.8572786321087793,0.8764335502880523,0.7882397728534491,rf
2021_10_MIN_LAC,2021,10,2021-11-14,LAC,MIN,3.0,53.5,0.6252015045674368,0,0.5793114331097102,0.5541649182281002,0.6252015045674368,rf
2021_10_KC_LV,2021,10,2021-11-14,LV,KC,-2.5,53.5,0.41899204424013164,0,0.4951736757732689,0.45422435059289,0.41899204424013164,rf
2021_10_CLE_NE,2021,10,2021-11-14,NE,CLE,2.5,45.5,0.5547708605204575,1,0.5921008503227373,0.5695061584631862,0.5547708605204575,rf
2021_10_BUF_NYJ,2021,10,2021-11-14,NYJ,BUF,-13.0,47.0,0.15452908001063,0,0.13960172931916548,0.09020884038555316,0.15452908001063,rf
2021_10_NO_TEN,2021,10,2021-11-14,TEN,NO,3.0,44.0,0.5810079557598683,1,0.572102705679993,0.5455281463721368,0.5810079557598683,rf
2021_10_TB_WAS,2021,10,2021-11-14,WAS,TB,-10.0,51.0,0.21132463018189718,1,0.1608725770968564,0.10776240930099865,0.21132463018189718,rf
2021_10_LA_SF,2021,10,2021-11-15,SF,LA,-3.5,50.0,0.3775590873156503,1,0.3501476993362492,0.2907038016289226,0.3775590873156503,rf
2021_11_NE_ATL,2021,11,2021-11-18,ATL,NE,-7.0,47.5,0.25547879942829915,0,0.19804430127060577,0.14010270689720786,0.25547879942829915,rf
2021_11_IND_BUF,2021,11,2021-11-21,BUF,IND,7.5,49.5,0.7402276100940128,0,0.7773983510608533,0.78882739072142,0.7402276100940128,rf
2021_11_WAS_CAR,2021,11,2021-11-21,CAR,WAS,3.5,43.0,0.6162961291050671,0,0.6407415152467257,0.6279244016237798,0.6162961291050671,rf
2021_11_BAL_CHI,2021,11,2021-11-21,CHI,BAL,-5.0,43.0,0.32543374528320723,0,0.27697899233490814,0.21495883903830756,0.32543374528320723,rf
2021_11_DET_CLE,2021,11,2021-11-21,CLE,DET,13.0,42.5,0.8285075183298123,1,0.8456838124990254,0.8642004491739349,0.8285075183298123,rf
2021_11_SF_JAX,2021,11,2021-11-21,JAX,SF,-6.5,45.0,0.2833071838076188,0,0.26919464090499967,0.20723752504373782,0.2833071838076188,rf
2021_11_DAL_KC,2021,11,2021-11-21,KC,DAL,2.5,56.0,0.5597200270941521,1,0.527327364632255,0.4921470910016703,0.5597200270941521,rf
2021_11_PIT_LAC,2021,11,2021-11-21,LAC,PIT,5.5,47.5,0.6958932594004505,1,0.6203113389256982,0.6033900214943492,0.6958932594004505,rf
2021_11_CIN_LV,2021,11,2021-11-21,LV,CIN,-1.0,50.5,0.46097238299983456,0,0.47490179347387695,0.43055355065229095,0.46097238299983456,rf
2021_11_GB_MIN,2021,11,2021-11-21,MIN,GB,-1.0,48.0,0.486051922323835,1,0.5544330630984501,0.5244004338525913,0.486051922323835,rf
2021_11_MIA_NYJ,2021,11,2021-11-21,NYJ,MIA,-3.5,44.5,0.37207701067238685,0,0.37916513567694243,0.322169683244295,0.37207701067238685,rf
2021_11_NO_PHI,2021,11,2021-11-21,PHI,NO,2.5,42.5,0.5757997218358832,1,0.5469667849955347,0.5154949232461556,0.5757997218358832,rf
2021_11_ARI_SEA,2021,11,2021-11-21,SEA,ARI,2.5,46.0,0.5850622406639003,0,0.5329546505443079,0.4988244371490254,0.5850622406639003,rf
2021_11_HOU_TEN,2021,11,2021-11-21,TEN,HOU,10.5,44.5,0.7967994099228416,0,0.8718169210807485,0.8914845217226623,0.7967994099228416,rf
2021_11_NYG_TB,2021,11,2021-11-22,TB,NYG,11.5,49.5,0.8146730471948239,1,0.8935041817476798,0.913268208558788,0.8146730471948239,rf
2021_12_LV_DAL,2021,12,2021-11-25,DAL,LV,7.0,51.0,0.7367517454503835,0,0.8108968309555751,0.8264382458608914,0.7367517454503835,rf
2021_12_CHI_DET,2021,12,2021-11-25,DET,CHI,-2.0,41.5,0.45225634442579243,0,0.41239656773066186,0.35906260501976306,0.45225634442579243,rf
2021_12_BUF_NO,2021,12,2021-11-25,NO,BUF,-7.0,45.0,0.290309925460965,0,0.3626587368556605,0.3041797891271672,0.290309925460965,rf
2021_12_CLE_BAL,2021,12,2021-11-28,BAL,CLE,3.0,47.0,0.5939086294416244,1,0.5626540029832303,0.5342219561971693,0.5939086294416244,rf
2021_12_PIT_CIN,2021,12,2021-11-28,CIN,PIT,3.5,43.5,0.6162961291050671,1,0.6342400117807515,0.6201199744386285,0.6162961291050671,rf
2021_12_LAC_DEN,2021,12,2021-11-28,DEN,LAC,-2.5,47.5,0.4295364214803857,1,0.414316804505045,0.36122021741946747,0.4295364214803857,rf
2021_12_LA_GB,2021,12,2021-11-28,GB,LA,-2.0,47.0,0.4684838160136286,1,0.44916042744404017,0.40081451996089107,0.4684838160136286,rf
2021_12_NYJ_HOU,2021,12,2021-11-28,HOU,NYJ,3.0,44.5,0.5660893345487694,0,0.5328515147707573,0.49870196072962414,0.5660893345487694,rf
2021_12_TB_IND,2021,12,2021-11-28,IND,TB,-3.0,53.0,0.4155887507302011,0,0.4726854284489666,0.427978315531908,0.4155887507302011,rf
2021_12_ATL_JAX,2021,12,2021-11-28,JAX,ATL,-1.5,46.0,0.47698280643372154,0,0.41059859375880803,0.35704481742691874,0.47698280643372154,rf
2021_12_CAR_MIA,2021,12,2021-11-28,MIA,CAR,-1.0,41.0,0.46943325045014145,1,0.4833555721139111,0.44039981019162805,0.46943325045014145,rf
2021_12_TEN_NE,2021,12,2021-11-28,NE,TEN,7.5,43.0,0.7316281227221523,1,0.773719528972127,0.7846345998397181,0.7316281227221523,rf
2021_12_PHI_NYG,2021,12,2021-11-28,NYG,PHI,-4.0,45.5,0.35946425054165854,1,0.29315072381696217,0.23121774337520035,0.35946425054165854,rf
2021_12_MIN_SF,2021,12,2021-11-28,SF,MIN,3.5,49.0,0.6306061713569676,1,0.6343644787723594,0.6202694209409774,0.6306061713569676,rf
2021_12_SEA_WAS,2021,12,2021-11-29,WAS,SEA,-1.0,47.0,0.4519505233111322,1,0.5009361303694626,0.46098891344890464,0.4519505233111322,rf
2021_13_DAL_NO,2021,13,2021-12-02,NO,DAL,-6.0,46.0,0.30207871113083246,0,0.3382082262334973,0.2779775646352866,0.30207871113083246,rf
2021_13_TB_ATL,2021,13,2021-12-05,ATL,TB,-11.0,51.0,0.19908248939669348,0,0.19523126521212084,0.13758524679047854,0.19908248939669348,rf
2021_13_ARI_CHI,2021,13,2021-12-05,CHI,ARI,-7.5,43.5,0.23448111757765636,0,0.2077756724591719,0.14889623223492104,0.23448111757765636,rf
2021_13_LAC_CIN,2021,13,2021-12-05,CIN,LAC,2.5,49.5,0.5704635785196144,0,0.5278555260490906,0.49277334921317434,0.5704635785196144,rf
2021_13_MIN_DET,2021,13,2021-12-05,DET,MIN,-7.0,47.5,0.27370749239701414,1,0.24834185501760667,0.18690335428631435,0.27370749239701414,rf
2021_13_IND_HOU,2021,13,2021-12-05,HOU,IND,-10.0,45.5,0.2209541041789902,0,0.20798762413515348,0.14908920230650127,0.2209541041789902,rf
2021_13_DEN_KC,2021,13,2021-12-05,KC,DEN,8.5,46.5,0.7707167103733034,1,0.7406529439360324,0.7464882806253091,0.7707167103733034,rf
2021_13_JAX_LA,2021,13,2021-12-05,LA,JAX,14.0,48.0,0.8609585172219015,1,0.8359412156433527,0.8537769602387091,0.8609585172219015,rf
2021_13_WAS_LV,2021,13,2021-12-05,LV,WAS,1.0,47.5,0.5480494766888677,0,0.5735983950461632,0.5473194161445166,0.5480494766888677,rf
2021_13_NYG_MIA,2021,13,2021-12-05,MIA,NYG,6.5,40.0,0.7246530137533368,1,0.6698501162788145,0.6627918050774938,0.7246530137533368,rf
2021_13_PHI_NYJ,2021,13,2021-12-05,NYJ,PHI,-5.0,44.0,0.35166954823988805,0,0.29425855196305145,0.23234208280589708,0.35166954823988805,rf
2021_13_BAL_PIT,2021,13,2021-12-05,PIT,BAL,-4.0,44.0,0.3557216929940914,1,0.32369183608087754,0.2626883267793367,0.3557216929940914,rf
2021_13_SF_SEA,2021,13,2021-12-05,SEA,SF,-3.0,44.5,0.43391066545123064,1,0.3893750300226398,0.3334116995137109,0.43391066545123064,rf
2021_13_NE_BUF,2021,13,2021-12-06,BUF,NE,3.0,40.0,0.5792858120125872,0,0.5786578435225738,0.5533815089109235,0.5792858120125872,rf
2021_14_PIT_MIN,2021,14,2021-12-09,MIN,PIT,3.5,45.0,0.6205588133839255,1,0.5929669974981157,0.5705458029900354,0.6205588133839255,rf
2021_14_ATL_CAR,2021,14,2021-12-12,CAR,ATL,2.5,41.0,0.562379468921525,0,0.5898685419419957,0.5668270452316515,0.562379468921525,rf
2021_14_SF_CIN,2021,14,2021-12-12,CIN,SF,-2.5,49.0,0.4491310290958797,0,0.46203213605378335,0.4156376522027567,0.4491310290958797,rf
2021_14_BAL_CLE,2021,14,2021-12-12,CLE,BAL,3.0,44.0,0.5850622406639003,1,0.5568010351395325,0.5272278205068891,0.5850622406639003,rf
2021_14_DET_DEN,2021,14,2021-12-12,DEN,DET,13.0,42.0,0.83714618069019,1,0.8309670264641137,0.8484072747463184,0.83714618069019,rf
2021_14_CHI_GB,2021,14,2021-12-12,GB,CHI,11.5,43.0,0.8379464148659493,1,0.8743660252086457,0.894088212000367,0.8379464148659493,rf
2021_14_SEA_HOU,2021,14,2021-12-12,HOU,SEA,-10.0,40.5,0.22352699724272085,0,0.2849651118610837,0.22295171437086286,0.22352699724272085,rf
2021_14_LV_KC,2021,14,2021-12-12,KC,LV,10.0,48.0,0.7914590201640727,1,0.8593869878597554,0.8786367431887191,0.7914590201640727,rf
2021_14_NYG_LAC,2021,14,2021-12-12,LAC,NYG,9.5,44.0,0.7739261492087415,1,0.7078283682081762,0.7079525836775484,0.7739261492087415,rf
2021_14_NO_NYJ,2021,14,2021-12-12,NYJ,NO,-4.5,42.0,0.3569607343192249,0,0.3031581533727384,0.2414222108549229,0.3569607343192249,rf
2021_14_BUF_TB,2021,14,2021-12-12,TB,BUF,3.5,52.5,0.6270291076571854,1,0.5829109621398981,0.5584805260211143,0.6270291076571854,rf
2021_14_JAX_TEN,2021,14,2021-12-12,TEN,JAX,8.5,44.5,0.7695940284865566,1,0.816826051468536,0.832976743230837,0.7695940284865566,rf
2021_14_DAL_WAS,2021,14,2021-12-12,WAS,DAL,-6.5,48.0,0.2809810923139964,0,0.28392184299457385,0.2219035084316586,0.2809810923139964,rf
2021_14_LA_ARI,2021,14,2021-12-13,ARI,LA,3.0,51.0,0.6162961291050671,0,0.5230013379657851,0.48702128569755465,0.6162961291050671,rf
2021_15_KC_LAC,2021,15,2021-12-16,LAC,KC,-3.0,54.0,0.38227263180004206,0,0.4214717539280293,0.3692830604191762,0.38227263180004206,rf
2021_15_NE_IND,2021,15,2021-12-18,IND,NE,-1.0,46.0,0.5080764260660882,1,0.5089758901904081,0.4704512126672112,0.5080764260660882,rf
2021_15_GB_BAL,2021,15,2021-12-19,BAL,GB,-9.5,45.5,0.24324121599177054,0,0.21475488734872397,0.15528231524773292,0.24324121599177054,rf
2021_15_CAR_BUF,2021,15,2021-12-19,BUF,CAR,14.0,43.0,0.853607808514128,1,0.9025164861897135,0.9220567225363736,0.853607808514128,rf
2021_15_CIN_DEN,2021,15,2021-12-19,DEN,CIN,3.0,45.0,0.5933014354066986,0,0.5799795186865572,0.5549657691087393,0.5933014354066986,rf
2021_15_ARI_DET,2021,15,2021-12-19,DET,ARI,-13.0,48.0,0.16288307480638217,1,0.23480193546411368,0.1739830963434339,0.16288307480638217,rf
2021_15_HOU_JAX,2021,15,2021-12-19,JAX,HOU,6.0,40.0,0.6999193060318741,0,0.5165169405874004,0.47935092830964937,0.6999193060318741,rf
2021_15_NYJ_MIA,2021,15,2021-12-19,MIA,NYJ,10.5,42.0,0.7918814679039217,1,0.8388743971930499,0.8569284363446885,0.7918814679039217,rf
2021_15_DAL_NYG,2021,15,2021-12-19,NYG,DAL,-11.5,43.0,0.18358081030369017,0,0.20024309578243457,0.14207816120255234,0.18358081030369017,rf
2021_15_TEN_PIT,2021,15,2021-12-19,PIT,TEN,1.0,44.0,0.533647048893203,1,0.4879713938528143,0.4457912397338956,0.533647048893203,rf
2021_15_ATL_SF,2021,15,2021-12-19,SF,ATL,9.5,48.0,0.7683621272077985,1,0.7890615629686223,0.8020430223069887,0.7683621272077985,rf
2021_15_NO_TB,2021,15,2021-12-19,TB,NO,11.5,45.5,0.8125034131660225,0,0.7679494246497456,0.7780361466117252,0.8125034131660225,rf
2021_15_MIN_CHI,2021,15,2021-12-20,CHI,MIN,-7.0,48.0,0.25977238990598717,0,0.19469972975950495,0.13711080940064793,0.25977238990598717,rf
2021_15_LV_CLE,2021,15,2021-12-20,CLE,LV,-3.0,41.0,0.4210921117684164,0,0.4554000333504502,0.4079877604928429,0.4210921117684164,rf
2021_15_SEA_LA,2021,15,2021-12-21,LA,SEA,7.5,47.0,0.7560659701234782,1,0.7517176759343916,0.7593384766680653,0.7560659701234782,rf
2021_15_WAS_PHI,2021,15,2021-12-21,PHI,WAS,10.0,39.5,0.7979978548444763,1,0.7257765179823202,0.7290938113627471,0.7979978548444763,rf
2021_16_SF_TEN,2021,16,2021-12-23,TEN,SF,-3.5,45.5,0.38421186945302976,1,0.419892645300736,0.36750043749369393,0.38421186945302976,rf
2021_16_IND_ARI,2021,16,2021-12-25,ARI,IND,3.0,48.0,0.5998344142403753,0,0.5560088532311501,0.5262817947508864,0.5998344142403753,rf
2021_16_CLE_GB,2021,16,2021-12-25,GB,CLE,7.5,46.5,0.7823319232822703,1,0.7526652063465977,0.7604351423348111,0.7823319232822703,rf
2021_16_DET_ATL,2021,16,2021-12-26,ATL,DET,7.5,42.5,0.7633307815087788,1,0.7159326167458289,0.7175178244860096,0.7633307815087788,rf
2021_16_TB_CAR,2021,16,2021-12-26,CAR,TB,-11.5,44.5,0.19370568942199892,0,0.20320920737978296,0.1447536134384386,0.19370568942199892,rf
2021_16_BAL_CIN,2021,16,2021-12-26,CIN,BAL,7.5,43.0,0.7615828054942709,1,0.6503425764772361,0.6394407103004649,0.7615828054942709,rf
2021_16_WAS_DAL,2021,16,2021-12-26,DAL,WAS,10.5,45.5,0.7930283629175197,1,0.7660566074788351,0.7758658685111693,0.7930283629175197,rf
2021_16_LAC_HOU,2021,16,2021-12-26,HOU,LAC,-13.5,46.0,0.1609900571186799,1,0.172677375737531,0.11781109556895414,0.1609900571186799,rf
2021_16_PIT_KC,2021,16,2021-12-26,KC,PIT,10.5,44.0,0.7739602169981917,1,0.855693246927398,0.8747724478227532,0.7739602169981917,rf
2021_16_DEN_LV,2021,16,2021-12-26,LV,DEN,-1.0,42.0,0.4919235739339118,1,0.5039081342885593,0.4644835427573199,0.4919235739339118,rf
2021_16_LA_MIN,2021,16,2021-12-26,MIN,LA,-3.5,48.5,0.3775590873156503,0,0.4207885604910382,0.3685116012616166,0.3775590873156503,rf
2021_16_BUF_NE,2021,16,2021-12-26,NE,BUF,1.0,43.5,0.5183217790582515,0,0.4795334218576622,0.43594351171593687,0.5183217790582515,rf
2021_16_JAX_NYJ,2021,16,2021-12-26,NYJ,JAX,2.5,42.5,0.5431472081218274,1,0.5138016580902237,0.47614381762030344,0.5431472081218274,rf
2021_16_NYG_PHI,2021,16,2021-12-26,PHI,NYG,11.0,41.0,0.812721815973132,1,0.8314462454364431,0.8489259582186433,0.812721815973132,rf
2021_16_CHI_SEA,2021,16,2021-12-26,SEA,CHI,7.0,41.0,0.7360752537000588,0,0.7568575618532223,0.7652798747944689,0.7360752537000588,rf
2021_16_MIA_NO,2021,16,2021-12-27,NO,MIA,-3.0,37.5,0.40073982737361286,0,0.43725551483219066,0.3871954981583155,0.40073982737361286,rf
2021_17_LA_BAL,2021,17,2022-01-02,BAL,LA,-7.0,47.0,0.26605339105339104,0,0.22725368064516305,0.16688056117039068,0.26605339105339104,rf
2021_17_ATL_BUF,2021,17,2022-01-02,BUF,ATL,14.0,46.5,0.8667261434992967,1,0.9078018943318213,0.9271316008665291,0.8667261434992967,rf
2021_17_NYG_CHI,2021,17,2022-01-02,CHI,NYG,7.0,36.5,0.718984860037033,1,0.6905375517904306,0.6874526397615356,0.718984860037033,rf
2021_17_KC_CIN,2021,17,2022-01-02,CIN,KC,-3.5,51.0,0.3779947243901776,1,0.39134290199849747,0.3355882224110242,0.3779947243901776,rf
2021_17_ARI_DAL,2021,17,2022-01-02,DAL,ARI,6.5,53.0,0.7016893283889576,0,0.7638274407725789,0.7733064030617262,0.7016893283889576,rf
2021_17_MIN_GB,2021,17,2022-01-02,GB,MIN,13.0,42.0,0.8454571731380673,1,0.7707387482173838,0.7812292284892572,0.8454571731380673,rf
2021_17_LV_IND,2021,17,2022-01-02,IND,LV,8.5,46.5,0.7724619434588531,0,0.820212543372163,0.8366935083247263,0.7724619434588531,rf
2021_17_DEN_LAC,2021,17,2022-01-02,LAC,DEN,8.0,45.5,0.7484276729559749,1,0.6597833677601178,0.6507510219022442,0.7484276729559749,rf
2021_17_JAX_NE,2021,17,2022-01-02,NE,JAX,17.5,42.0,0.8831038555503422,1,0.9291534127998522,0.9469693652626424,0.8831038555503422,rf
2021_17_CAR_NO,2021,17,2022-01-02,NO,CAR,7.0,37.0,0.7133174989788355,1,0.673971554818844,0.6677145593876064,0.7133174989788355,rf
2021_17_TB_NYJ,2021,17,2022-01-02,NYJ,TB,-14.5,48.0,0.1336344710670326,0,0.20320675255617474,0.1447513941513503,0.1336344710670326,rf
2021_17_DET_SEA,2021,17,2022-01-02,SEA,DET,8.5,41.5,0.7734629300912957,1,0.7676994513176106,0.7777496902405922,0.7734629300912957,rf
2021_17_HOU_SF,2021,17,2022-01-02,SF,HOU,14.0,44.0,0.8284147182041719,1,0.7623567071253043,0.7716156881323638,0.8284147182041719,rf
2021_17_MIA_TEN,2021,17,2022-01-02,TEN,MIA,3.0,41.0,0.6124587340318646,1,0.6141803752547446,0.5960241125528872,0.6124587340318646,rf
2021_17_PHI_WAS,2021,17,2022-01-02,WAS,PHI,-6.5,44.5,0.3169899088419552,0,0.19823269622037687,0.14027170207804432,0.3169899088419552,rf
2021_17_CLE_PIT,2021,17,2022-01-03,PIT,CLE,-1.0,43.5,0.47499179161650434,1,0.4447507865441195,0.39575948861165444,0.47499179161650434,rf
2021_18_KC_DEN,2021,18,2022-01-08,DEN,KC,-11.5,44.5,0.1790281329923274,0,0.15981737916559252,0.10687462184025104,0.1790281329923274,rf
2021_18_DAL_PHI,2021,18,2022-01-08,PHI,DAL,-6.5,46.0,0.2846975088967971,0,0.36507419438266997,0.3067976333118214,0.2846975088967971,rf
2021_18_SEA_ARI,2021,18,2022-01-09,ARI,SEA,5.5,48.0,0.6704377766847024,0,0.6540090476234994,0.6438350724442281,0.6704377766847024,rf
2021_18_NO_ATL,2021,18,2022-01-09,ATL,NO,-4.5,40.0,0.33941312975774796,0,0.3317070182996967,0.2711048380524375,0.33941312975774796,rf
2021_18_PIT_BAL,2021,18,2022-01-09,BAL,PIT,3.0,41.0,0.5882115462252725,0,0.5967560790968096,0.5750946758862733,0.5882115462252725,rf
2021_18_NYJ_BUF,2021,18,2022-01-09,BUF,NYJ,16.0,43.0,0.8872651356993738,1,0.9450607572988448,0.960952170191376,0.8872651356993738,rf
2021_18_CIN_CLE,2021,18,2022-01-09,CLE,CIN,6.5,38.0,0.6957699520733487,1,0.5655284471061327,0.5376595907156324,0.6957699520733487,rf
2021_18_GB_DET,2021,18,2022-01-09,DET,GB,-4.0,45.0,0.36341238065906994,1,0.23129603753024497,0.17067516001851493,0.36341238065906994,rf
2021_18_TEN_HOU,2021,18,2022-01-09,HOU,TEN,-10.5,43.0,0.18711018711018712,0,0.23375858886186107,0.17299702946639778,0.18711018711018712,rf
2021_18_IND_JAX,2021,18,2022-01-09,JAX,IND,-14.0,43.0,0.12790697674418605,1,0.202722354547285,0.1443136357417218,0.12790697674418605,rf
2021_18_SF_LA,2021,18,2022-01-09,LA,SF,3.0,46.5,0.6115107913669064,0,0.521240498282435,0.48493684315883157,0.6115107913669064,rf
2021_18_LAC_LV,2021,18,2022-01-09,LV,LAC,-3.5,48.0,0.37889039242219213,1,0.31342106361020067,0.25199708629329315,0.37889039242219213,rf
2021_18_NE_MIA,2021,18,2022-01-09,MIA,NE,-6.0,41.0,0.3181818181818181,1,0.3161326534332696,0.2548092913045128,0.3181818181818181,rf
2021_18_CHI_MIN,2021,18,2022-01-09,MIN,CHI,3.5,45.5,0.6301020408163266,1,0.6104741440946827,0.5915713997976897,0.6301020408163266,rf
2021_18_WAS_NYG,2021,18,2022-01-09,NYG,WAS,-6.0,36.0,0.3169899088419552,0,0.31086527964013927,0.249353378243392,0.3169899088419552,rf
2021_18_CAR_TB,2021,18,2022-01-09,TB,CAR,11.0,43.0,0.798845836768343,1,0.8724510662863552,0.8921332672935829,0.798845836768343,rf
2021_19_NE_BUF,2021,19,2022-01-15,BUF,NE,4.5,43.0,0.6545399304578752,1,0.6302925700225068,0.6153797106125329,0.6545399304578752,rf
2021_19_LV_CIN,2021,19,2022-01-15,CIN,LV,6.0,48.5,0.691138880999716,1,0.7367324708845921,0.741916673057068,0.691138880999716,rf
2021_19_SF_DAL,2021,19,2022-01-16,DAL,SF,3.0,51.0,0.6013875365141188,0,0.585118921672114,0.5611286123758212,0.6013875365141188,rf
2021_19_PIT_KC,2021,19,2022-01-16,KC,PIT,13.0,46.0,0.8447102101575499,1,0.8319145755946938,0.8494325782253004,0.8447102101575499,rf
2021_19_PHI_TB,2021,19,2022-01-16,TB,PHI,7.5,45.5,0.7537267892947433,1,0.6854336071819603,0.6813804557609505,0.7537267892947433,rf
2021_19_ARI_LA,2021,19,2022-01-17,LA,ARI,4.0,49.5,0.6233902972381955,1,0.5427005492400403,0.5104131040450054,0.6233902972381955,rf
2021_20_SF_GB,2021,20,2022-01-22,GB,SF,5.5,47.0,0.7033884379005488,0,0.6910264258173576,0.6880337926246015,0.7033884379005488,rf
2021_20_CIN_TEN,2021,20,2022-01-22,TEN,CIN,4.0,48.5,0.6392711044998141,0,0.6197203137987147,0.6026799641710002,0.6392711044998141,rf
2021_20_BUF_KC,2021,20,2022-01-23,KC,BUF,2.5,54.0,0.5649948822927329,1,0.5735149044214488,0.5472194156631218,0.5649948822927329,rf
2021_20_LA_TB,2021,20,2022-01-23,TB,LA,2.5,48.0,0.5775497887748944,0,0.5175021780934883,0.48051533508665284,0.5775497887748944,rf
2021_21_CIN_KC,2021,21,2022-01-30,KC,CIN,7.0,54.5,0.7272727272727274,0,0.6714339150053606,0.664684045686203,0.7272727272727274,rf
2021_21_SF_LA,2021,21,2022-01-30,LA,SF,3.5,45.5,0.6211096075778079,1,0.5969347888486848,0.575309250671155,0.6211096075778079,rf
2021_22_LA_CIN,2021,22,2022-02-13,CIN,LA,-4.5,48.5,0.3698979591836735,0,0.4064078438387594,0.35235101460994084,0.3698979591836735,rf
2022_01_BUF_LA,2022,1,2022-09-08,LA,BUF,-1.0,51.5,0.47377843762281124,0,0.5118756732180813,0.4933372100687156,0.47377843762281124,rf
2022_01_KC_ARI,2022,1,2022-09-11,ARI,KC,-6.0,54.0,0.30320780070978187,0,0.19366582257506182,0.2312348976442984,0.30320780070978187,rf
2022_01_NO_ATL,2022,1,2022-09-11,ATL,NO,-6.0,43.5,0.3233821035611469,0,0.2740949889117594,0.30137330059799167,0.3233821035611469,rf
2022_01_CLE_CAR,2022,1,2022-09-11,CAR,CLE,2.5,42.5,0.5431472081218274,0,0.440537187749377,0.4365951480009465,0.5431472081218274,rf
2022_01_SF_CHI,2022,1,2022-09-11,CHI,SF,-6.5,38.0,0.30683501446004086,1,0.21509278866235712,0.25044305648349463,0.30683501446004086,rf
2022_01_PIT_CIN,2022,1,2022-09-11,CIN,PIT,7.5,44.5,0.7331798681594643,0,0.7423799834015016,0.6854687055446443,0.7331798681594643,rf
2022_01_TB_DAL,2022,1,2022-09-11,DAL,TB,-2.5,49.5,0.4433028919330289,0,0.4503775037286536,0.44442018726212923,0.4433028919330289,rf
2022_01_PHI_DET,2022,1,2022-09-11,DET,PHI,-6.0,49.0,0.312960235640648,0,0.2544448658900527,0.284683865216412,0.312960235640648,rf
2022_01_LV_LAC,2022,1,2022-09-11,LAC,LV,3.5,52.5,0.6265670845558816,1,0.5737974523816431,0.5430137043371399,0.6265670845558816,rf
2022_01_NE_MIA,2022,1,2022-09-11,MIA,NE,3.0,47.0,0.5933014354066986,1,0.5606722432926654,0.5324204628990706,0.5933014354066986,rf
2022_01_GB_MIN,2022,1,2022-09-11,MIN,GB,2.5,47.0,0.5419847328244275,1,0.489706864680022,0.47568423632472007,0.5419847328244275,rf
2022_01_BAL_NYJ,2022,1,2022-09-11,NYJ,BAL,-6.5,44.0,0.29384534879040375,0,0.22069705428858266,0.2553956191356592,0.29384534879040375,rf
2022_01_NYG_TEN,2022,1,2022-09-11,TEN,NYG,5.5,43.5,0.685385750480274,0,0.7486747462715742,0.6911423067825047,0.685385750480274,rf
2022_01_JAX_WAS,2022,1,2022-09-11,WAS,JAX,3.0,43.5,0.5986798270759409,1,0.5352114471501971,0.5119781979378101,0.5986798270759409,rf
2022_01_DEN_SEA,2022,1,2022-09-12,SEA,DEN,-6.0,44.0,0.3029704839803284,1,0.35369414830628776,0.3670271065154997,0.3029704839803284,rf
2022_02_LAC_KC,2022,2,2022-09-15,KC,LAC,4.0,52.5,0.6354245784596689,1,0.6146267711299723,0.5762817624739351,0.6354245784596689,rf
2022_02_MIA_BAL,2022,2,2022-09-18,BAL,MIA,3.0,44.0,0.6063931297709924,0,0.6122908827094271,0.5743635023623859,0.6063931297709924,rf
2022_02_NYJ_CLE,2022,2,2022-09-18,CLE,NYJ,6.5,38.5,0.6829002792370676,0,0.7360581865584845,0.6798061731280506,0.6829002792370676,rf
2022_02_CIN_DAL,2022,2,2022-09-18,DAL,CIN,-7.5,42.0,0.26978176462712544,1,0.3508932869631812,0.3647572881628797,0.26978176462712544,rf
2022_02_HOU_DEN,2022,2,2022-09-18,DEN,HOU,10.5,46.0,0.8025629436811645,1,0.7053844907518116,0.6527909283435854,0.8025629436811645,rf
2022_02_WAS_DET,2022,2,2022-09-18,DET,WAS,-1.0,48.5,0.48044542229805576,1,0.423835820660288,0.42330018734226943,0.48044542229805576,rf
2022_02_CHI_GB,2022,2,2022-09-18,GB,CHI,10.5,42.0,0.7834776815456361,1,0.7297386256702864,0.6741797069182657,0.7834776815456361,rf
2022_02_IND_JAX,2022,2,2022-09-18,JAX,IND,-3.0,43.5,0.4034916946651176,1,0.30568610351059783,0.3277537185949786,0.4034916946651176,rf
2022_02_ATL_LA,2022,2,2022-09-18,LA,ATL,10.5,46.5,0.8001430041331682,1,0.7696143450394358,0.7102884622215855,0.8001430041331682,rf
2022_02_ARI_LV,2022,2,2022-09-18,LV,ARI,5.5,51.5,0.6721843886695558,0,0.6270766974649601,0.5865410858973419,0.6721843886695558,rf
2022_02_TB_NO,2022,2,2022-09-18,NO,TB,-2.5,44.0,0.43500511770726713,0,0.47235920231483663,0.46189144763688433,0.43500511770726713,rf
2022_02_CAR_NYG,2022,2,2022-09-18,NYG,CAR,-1.0,44.0,0.48044542229805576,1,0.5140223631326574,0.49504906891488165,0.48044542229805576,rf
2022_02_NE_PIT,2022,2,2022-09-18,PIT,NE,-3.0,40.0,0.41493775933609955,0,0.4807287162702325,0.46854447971455426,0.41493775933609955,rf
2022_02_SEA_SF,2022,2,2022-09-18,SF,SEA,8.5,40.0,0.7678386211843623,1,0.7048996299709546,0.6523695408216309,0.7678386211843623,rf
2022_02_TEN_BUF,2022,2,2022-09-19,BUF,TEN,10.0,47.5,0.7739261492087415,1,0.7680098569424694,0.7088056901109041,0.7739261492087415,rf
2022_02_MIN_PHI,2022,2,2022-09-19,PHI,MIN,2.5,49.5,0.5704635785196144,1,0.60114313307146,0.5652357558006359,0.5704635785196144,rf
2022_03_PIT_CLE,2022,3,2022-09-22,CLE,PIT,4.5,38.0,0.6557852820085941,1,0.6450943901343792,0.6015028725257078,0.6557852820085941,rf
2022_03_LA_ARI,2022,3,2022-09-25,ARI,LA,-3.5,49.0,0.38514560209200854,0,0.30015561489457876,0.3231709441949597,0.38514560209200854,rf
2022_03_NO_CAR,2022,3,2022-09-25,CAR,NO,-2.0,41.0,0.46097238299983456,1,0.4250814409610383,0.4242925551477617,0.46097238299983456,rf
2022_03_HOU_CHI,2022,3,2022-09-25,CHI,HOU,3.0,40.0,0.5949110703209063,1,0.5588306585745768,0.5309374071427437,0.5949110703209063,rf
2022_03_SF_DEN,2022,3,2022-09-25,DEN,SF,-1.0,44.0,0.489612188365651,1,0.4779164059222713,0.4663087180109678,0.489612188365651,rf
2022_03_KC_IND,2022,3,2022-09-25,IND,KC,-4.5,51.0,0.35166954823988805,1,0.25610756647462624,0.2861054955651928,0.35166954823988805,rf
2022_03_JAX_LAC,2022,3,2022-09-25,LAC,JAX,6.5,46.0,0.696132596685083,0,0.6484743817613638,0.6043259490986772,0.696132596685083,rf
2022_03_BUF_MIA,2022,3,2022-09-25,MIA,BUF,-4.0,54.0,0.35449101796407184,1,0.4581202480554128,0.4505747913660276,0.35449101796407184,rf
2022_03_DET_MIN,2022,3,2022-09-25,MIN,DET,6.5,52.0,0.7069937235814012,1,0.68449917009883,0.6347820722007915,0.7069937235814012,rf
2022_03_BAL_NE,2022,3,2022-09-25,NE,BAL,-2.5,45.5,0.4259645555419216,0,0.486638589932932,0.47324379073423906,0.4259645555419216,rf
2022_03_CIN_NYJ,2022,3,2022-09-25,NYJ,CIN,-6.5,46.0,0.3050817654299279,0,0.3075472010425941,0.32929280529109173,0.3050817654299279,rf
2022_03_ATL_SEA,2022,3,2022-09-25,SEA,ATL,1.0,43.0,0.5023229882921391,0,0.49240917197127526,0.47783404741911834,0.5023229882921391,rf
2022_03_GB_TB,2022,3,2022-09-25,TB,GB,1.0,41.5,0.5390276170001653,0,0.5492965355686893,0.5232711914907139,0.5390276170001653,rf
2022_03_LV_TEN,2022,3,2022-09-25,TEN,LV,-1.5,45.5,0.4491310290958797,1,0.4800127153785199,0.46797523971036464,0.4491310290958797,rf
2022_03_PHI_WAS,2022,3,2022-09-25,WAS,PHI,-6.0,47.0,0.3136531365313653,0,0.2280355234839426,0.26183984373914054,0.3136531365313653,rf
2022_03_DAL_NYG,2022,3,2022-09-26,NYG,DAL,1.0,38.5,0.5327102803738317,0,0.4486890475958981,0.44307782169296,0.5327102803738317,rf
2022_04_MIA_CIN,2022,4,2022-09-29,CIN,MIA,4.0,48.5,0.6379977530895019,1,0.5546524848372211,0.5275754435973848,0.6379977530895019,rf
2022_04_CLE_ATL,2022,4,2022-10-02,ATL,CLE,-1.0,48.0,0.4953533757725013,1,0.4116079915102055,0.41354962609369184,0.4953533757725013,rf
2022_04_BUF_BAL,2022,4,2022-10-02,BAL,BUF,-3.0,50.0,0.3837038708949329,0,0.45746151566395754,0.45005122633889155,0.3837038708949329,rf
2022_04_ARI_CAR,2022,4,2022-10-02,CAR,ARI,1.0,44.0,0.5172913928296243,0,0.5286502835338414,0.5067292578089455,0.5172913928296243,rf
2022_04_WAS_DAL,2022,4,2022-10-02,DAL,WAS,3.0,40.5,0.5933014354066986,1,0.6041427847318828,0.5676876068846216,0.5933014354066986,rf
2022_04_SEA_DET,2022,4,2022-10-02,DET,SEA,3.0,48.5,0.6119390066215612,0,0.5789645524380355,0.5471960547901529,0.6119390066215612,rf
2022_04_NE_GB,2022,4,2022-10-02,GB,NE,10.0,40.5,0.7883116369247813,1,0.7756618196437065,0.7159020542640719,0.7883116369247813,rf
2022_04_LAC_HOU,2022,4,2022-10-02,HOU,LAC,-5.5,45.0,0.3187935477713086,0,0.2786898615914823,0.3052426477616082,0.3187935477713086,rf
2022_04_TEN_IND,2022,4,2022-10-02,IND,TEN,4.5,43.0,0.6546257501981656,0,0.6020209763811357,0.5659529708738937,0.6546257501981656,rf
2022_04_DEN_LV,2022,4,2022-10-02,LV,DEN,2.5,45.5,0.5642421122306391,1,0.5431762420949722,0.5183596666387602,0.5642421122306391,rf
2022_04_MIN_NO,2022,4,2022-10-02,NO,MIN,-4.0,42.0,0.35166954823988805,0,0.445385521804755,0.44045110910988633,0.35166954823988805,rf
2022_04_CHI_NYG,2022,4,2022-10-02,NYG,CHI,3.0,39.0,0.5757997218358832,1,0.5217603547201264,0.5012242179253534,0.5757997218358832,rf
2022_04_JAX_PHI,2022,4,2022-10-02,PHI,JAX,6.5,44.0,0.6990396320844041,1,0.6809630391435939,0.6317603606188694,0.6990396320844041,rf
2022_04_NYJ_PIT,2022,4,2022-10-02,PIT,NYJ,3.0,41.0,0.6018002898771837,0,0.6675940145529392,0.6204022025931678,0.6018002898771837,rf
2022_04_KC_TB,2022,4,2022-10-02,TB,KC,1.0,46.5,0.5419847328244275,0,0.5576962258412427,0.5300242092338179,0.5419847328244275,rf
2022_04_LA_SF,2022,4,2022-10-03,SF,LA,1.0,42.0,0.5399277029247453,1,0.5331371488870419,0.5103180199429781,0.5399277029247453,rf
2022_05_IND_DEN,2022,5,2022-10-06,DEN,IND,3.5,42.0,0.6238261481421341,0,0.5943954459207265,0.55973123989585,0.6238261481421341,rf
2022_05_PHI_ARI,2022,5,2022-10-09,ARI,PHI,-5.5,48.5,0.32886673747855216,0,0.3001775563580762,0.3231891534364471,0.32886673747855216,rf
2022_05_CIN_BAL,2022,5,2022-10-09,BAL,CIN,3.0,47.5,0.6114139890963924,1,0.6010416195730518,0.5651528339794734,0.6114139890963924,rf
2022_05_PIT_BUF,2022,5,2022-10-09,BUF,PIT,14.0,44.0,0.8549293271728136,1,0.912092896561763,0.858156441282487,0.8549293271728136,rf
2022_05_SF_CAR,2022,5,2022-10-09,CAR,SF,-6.0,40.0,0.31808312064302313,0,0.30205057431504256,0.32474275109781336,0.31808312064302313,rf
2022_05_LAC_CLE,2022,5,2022-10-09,CLE,LAC,-1.0,47.0,0.48044542229805576,0,0.4429371535880567,0.43850403329653537,0.48044542229805576,rf
2022_05_NYG_GB,2022,5,2022-10-09,GB,NYG,8.5,42.0,0.7749165560874428,0,0.7247099122510716,0.6697259358990126,0.7749165560874428,rf
2022_05_HOU_JAX,2022,5,2022-10-09,JAX,HOU,7.0,44.0,0.730924978687127,0,0.8385123552685736,0.7770090434027258,0.730924978687127,rf
2022_05_DAL_LA,2022,5,2022-10-09,LA,DAL,5.5,42.0,0.6697626418988648,0,0.6846751219008231,0.6349326253689025,0.6697626418988648,rf
2022_05_CHI_MIN,2022,5,2022-10-09,MIN,CHI,10.0,44.0,0.7701094942408874,1,0.776565090888813,0.7167439606573471,0.7701094942408874,rf
2022_05_DET_NE,2022,5,2022-10-09,NE,DET,3.0,46.5,0.5816746508332771,1,0.588792576873638,0.5551716024676149,0.5816746508332771,rf
2022_05_SEA_NO,2022,5,2022-10-09,NO,SEA,5.5,45.5,0.6769093283838592,1,0.690239823995604,0.6397039447920324,0.6769093283838592,rf
2022_05_MIA_NYJ,2022,5,2022-10-09,NYJ,MIA,-3.0,46.0,0.3966571791921516,1,0.3688063614137434,0.3792369961949132,0.3966571791921516,rf
2022_05_ATL_TB,2022,5,2022-10-09,TB,ATL,10.5,46.0,0.7868489845163884,1,0.7654718420478601,0.7064657316294188,0.7868489845163884,rf
2022_05_TEN_WAS,2022,5,2022-10-09,WAS,TEN,-1.0,43.0,0.48837209302325585,0,0.4679011127875528,0.4583482413076872,0.48837209302325585,rf
2022_05_LV_KC,2022,5,2022-10-10,KC,LV,7.5,51.5,0.7408832128019694,1,0.8106174967514368,0.7492016932314696,0.7408832128019694,rf
2022_06_WAS_CHI,2022,6,2022-10-13,CHI,WAS,-1.0,38.5,0.4672897196261682,0,0.45437115680477025,0.44759487559921834,0.4672897196261682,rf
2022_06_SF_ATL,2022,6,2022-10-16,ATL,SF,-3.5,46.0,0.36674816625916873,1,0.4696491285623874,0.45973750355377435,0.36674816625916873,rf
2022_06_NE_CLE,2022,6,2022-10-16,CLE,NE,2.5,43.0,0.5697382574399427,0,0.5655761591680086,0.5363734705705967,0.5697382574399427,rf
2022_06_NYJ_GB,2022,6,2022-10-16,GB,NYJ,7.5,44.5,0.7603858721020694,0,0.7330684687095473,0.677140191338815,0.7603858721020694,rf
2022_06_JAX_IND,2022,6,2022-10-16,IND,JAX,1.0,41.0,0.5357590966122961,1,0.5479492843742064,0.5221894029984964,0.5357590966122961,rf
2022_06_BUF_KC,2022,6,2022-10-16,KC,BUF,-2.5,54.0,0.4207141879874127,0,0.5700295887033384,0.539968342605876,0.4207141879874127,rf
2022_06_CAR_LA,2022,6,2022-10-16,LA,CAR,10.0,41.5,0.7810116153488234,1,0.7513347702013499,0.6935507821784952,0.7810116153488234,rf
2022_06_MIN_MIA,2022,6,2022-10-16,MIA,MIN,-3.0,45.0,0.3794411866160745,0,0.4669942733204169,0.45762752601343754,0.3794411866160745,rf
2022_06_CIN_NO,2022,6,2022-10-16,NO,CIN,-3.0,42.5,0.39360687022900764,0,0.45940483545198907,0.45159577098130793,0.39360687022900764,rf
2022_06_BAL_NYG,2022,6,2022-10-16,NYG,BAL,-5.5,46.0,0.31808312064302313,1,0.27364545472823354,0.30099410457466785,0.31808312064302313,rf
2022_06_DAL_PHI,2022,6,2022-10-16,PHI,DAL,6.5,42.5,0.723912553527158,1,0.6823663253371651,0.6329586007649972,0.723912553527158,rf
2022_06_TB_PIT,2022,6,2022-10-16,PIT,TB,-10.0,47.0,0.22937728315351283,1,0.17914979629578448,0.21794731536424297,0.22937728315351283,rf
2022_06_ARI_SEA,2022,6,2022-10-16,SEA,ARI,-2.5,50.0,0.43762053107847504,1,0.514884390829737,0.49573663274515745,0.43762053107847504,rf
2022_06_DEN_LAC,2022,6,2022-10-17,LAC,DEN,3.5,45.5,0.6336902505251294,1,0.6010485987117969,0.565158534814291,0.6336902505251294,rf
2022_07_NO_ARI,2022,7,2022-10-20,ARI,NO,2.5,44.0,0.5686556434219986,1,0.5945065360993386,0.5598217443058081,0.5686556434219986,rf
2022_07_CLE_BAL,2022,7,2022-10-23,BAL,CLE,6.5,46.0,0.7174723389148571,1,0.7337262104447441,0.6777260642969819,0.7174723389148571,rf
2022_07_TB_CAR,2022,7,2022-10-23,CAR,TB,-13.0,39.5,0.15527950310559005,1,0.18059198959310332,0.2192783480711112,0.15527950310559005,rf
2022_07_ATL_CIN,2022,7,2022-10-23,CIN,ATL,6.5,47.5,0.7098956093365133,1,0.7085245527150619,0.655523927424095,0.7098956093365133,rf
2022_07_DET_DAL,2022,7,2022-10-23,DAL,DET,7.0,49.5,0.7149278269657159,1,0.7263311890286039,0.6711596290085655,0.7149278269657159,rf
2022_07_NYJ_DEN,2022,7,2022-10-23,DEN,NYJ,-2.0,37.0,0.453954604539546,0,0.5350784623997275,0.5118717416417609,0.453954604539546,rf
2022_07_NYG_JAX,2022,7,2022-10-23,JAX,NYG,3.0,44.0,0.6069415603678434,0,0.5561496285785092,0.5287796824356085,0.6069415603678434,rf
2022_07_SEA_LAC,2022,7,2022-10-23,LAC,SEA,5.5,51.5,0.6679400834834022,0,0.6727572434163347,0.6247767620220427,0.6679400834834022,rf
2022_07_HOU_LV,2022,7,2022-10-23,LV,HOU,7.0,46.0,0.7429694587239188,1,0.7213367417391248,0.6667496939999733,0.7429694587239188,rf
2022_07_PIT_MIA,2022,7,2022-10-23,MIA,PIT,7.5,44.5,0.7264615702621697,1,0.7073648815101997,0.6545137784845905,0.7264615702621697,rf
2022_07_KC_SF,2022,7,2022-10-23,SF,KC,-1.0,49.0,0.497677011707861,0,0.4628194805613217,0.45430961298034783,0.497677011707861,rf
2022_07_IND_TEN,2022,7,2022-10-23,TEN,IND,2.5,43.0,0.5740354444580784,1,0.5661281963316988,0.5368188195849364,0.5740354444580784,rf
2022_07_GB_WAS,2022,7,2022-10-23,WAS,GB,-4.0,41.5,0.35656010152897805,1,0.3698003818045532,0.38003806871274043,0.35656010152897805,rf
2022_07_CHI_NE,2022,7,2022-10-24,NE,CHI,9.5,40.0,0.7728364052746279,0,0.8265468670833273,0.7649291012738966,0.7728364052746279,rf
2022_08_BAL_TB,2022,8,2022-10-27,TB,BAL,2.0,46.0,0.5480494766888677,0,0.5549775701518427,0.5278368875971634,0.5480494766888677,rf
2022_08_CAR_ATL,2022,8,2022-10-30,ATL,CAR,4.5,41.0,0.6499104422061458,1,0.626862595843159,0.5863641348775767,0.6499104422061458,rf
2022_08_GB_BUF,2022,8,2022-10-30,BUF,GB,10.5,47.0,0.7915272066558287,1,0.8557762368155198,0.7948930499738558,0.7915272066558287,rf
2022_08_CHI_DAL,2022,8,2022-10-30,DAL,CHI,10.5,43.0,0.7868489845163884,1,0.7585385888072005,0.7001071764079402,0.7868489845163884,rf
2022_08_MIA_DET,2022,8,2022-10-30,DET,MIA,-3.5,52.0,0.36200224691049804,0,0.34521362894092983,0.3601473382368072,0.36200224691049804,rf
2022_08_TEN_HOU,2022,8,2022-10-30,HOU,TEN,-1.0,39.0,0.478202846975089,0,0.4238904217243113,0.42334369038100955,0.478202846975089,rf
2022_08_WAS_IND,2022,8,2022-10-30,IND,WAS,3.0,40.5,0.586736037934668,0,0.5483530116966973,0.5225135421531822,0.586736037934668,rf
2022_08_DEN_JAX,2022,8,2022-10-30,JAX,DEN,1.0,41.0,0.5046466242274987,0,0.5457236637489916,0.5204030963360327,0.5046466242274987,rf
2022_08_SF_LA,2022,8,2022-10-30,LA,SF,-1.0,42.0,0.5023229882921391,0,0.48949551872742486,0.47551611920039955,0.5023229882921391,rf
2022_08_ARI_MIN,2022,8,2022-10-30,MIN,ARI,4.0,48.5,0.648330451760112,1,0.6110030181135826,0.5733067501535867,0.648330451760112,rf
2022_08_LV_NO,2022,8,2022-10-30,NO,LV,-1.0,48.5,0.46943325045014145,1,0.5152324766908055,0.4960142947914136,0.46943325045014145,rf
2022_08_NE_NYJ,2022,8,2022-10-30,NYJ,NE,-3.0,40.0,0.4066985645933015,0,0.43004157152493994,0.4282428037221083,0.4066985645933015,rf
2022_08_PIT_PHI,2022,8,2022-10-30,PHI,PIT,11.0,43.0,0.8049780187088884,1,0.8314164414869976,0.7698161652806236,0.8049780187088884,rf
2022_08_NYG_SEA,2022,8,2022-10-30,SEA,NYG,3.0,44.5,0.6054283493752616,1,0.5115668142823124,0.4930909553876182,0.6054283493752616,rf
2022_08_CIN_CLE,2022,8,2022-10-31,CLE,CIN,-3.0,45.0,0.3951262751461066,1,0.4108046066318681,0.41290837842000655,0.3951262751461066,rf
2022_09_PHI_HOU,2022,9,2022-11-03,HOU,PHI,-14.0,45.5,0.15167045527612721,0,0.1847749134516607,0.22312494241793218,0.15167045527612721,rf
2022_09_SEA_ARI,2022,9,2022-11-06,ARI,SEA,1.5,49.5,0.5480494766888677,0,0.5243292305827424,0.5032759648875493,0.5480494766888677,rf
2022_09_LAC_ATL,2022,9,2022-11-06,ATL,LAC,-2.5,49.5,0.4248994579471935,0,0.4201312411878065,0.4203478841048012,0.4248994579471935,rf
2022_09_MIA_CHI,2022,9,2022-11-06,CHI,MIA,-4.0,46.0,0.3582082253410925,0,0.4102335441941116,0.41245251530072197,0.3582082253410925,rf
2022_09_CAR_CIN,2022,9,2022-11-06,CIN,CAR,7.0,43.0,0.745785705017046,1,0.7657829031393103,0.70675215797625,0.745785705017046,rf
2022_09_GB_DET,2022,9,2022-11-06,DET,GB,-4.0,49.5,0.36072889550018594,1,0.3280761475257854,0.3461742931084315,0.36072889550018594,rf
2022_09_LV_JAX,2022,9,2022-11-06,JAX,LV,-2.5,47.5,0.451107083760145,1,0.4129521768340477,0.41462234640732604,0.451107083760145,rf
2022_09_TEN_KC,2022,9,2022-11-06,KC,TEN,14.0,45.0,0.8461898356629043,1,0.7309475217782443,0.6752534481913826,0.8461898356629043,rf
2022_09_IND_NE,2022,9,2022-11-06,NE,IND,5.0,40.0,0.6618106139438086,1,0.723110634537122,0.6683137369550094,0.6618106139438086,rf
2022_09_BUF_NYJ,2022,9,2022-11-06,NYJ,BUF,-11.0,46.0,0.19386422976501305,1,0.21935512580161926,0.2542122564804111,0.19386422976501305,rf
2022_09_LA_TB,2022,9,2022-11-06,TB,LA,3.0,43.0,0.5971016303329377,1,0.6040762805006717,0.5676332145442214,0.5971016303329377,rf
2022_09_MIN_WAS,2022,9,2022-11-06,WAS,MIN,-3.0,43.5,0.3880609933784388,0,0.39629964220006003,0.4013149982738715,0.3880609933784388,rf
2022_09_BAL_NO,2022,9,2022-11-07,NO,BAL,-1.0,46.0,0.4600722970752547,0,0.46386042547344924,0.4551369044017598,0.4600722970752547,rf
2022_10_ATL_CAR,2022,10,2022-11-10,CAR,ATL,-2.5,41.5,0.4452291394795425,1,0.3877891384096441,0.3944968974822302,0.4452291394795425,rf
2022_10_MIN_BUF,2022,10,2022-11-13,BUF,MIN,6.5,47.0,0.7053108808290155,0,0.745998143194253,0.6887254323355002,0.7053108808290155,rf
2022_10_DET_CHI,2022,10,2022-11-13,CHI,DET,3.0,48.5,0.5986798270759409,0,0.4559899187062165,0.4488815625793221,0.5986798270759409,rf
2022_10_DAL_GB,2022,10,2022-11-13,GB,DAL,-3.5,44.5,0.35166954823988805,1,0.40667705180710817,0.4096124805376771,0.35166954823988805,rf
2022_10_JAX_KC,2022,10,2022-11-13,KC,JAX,10.0,51.5,0.7758985390740433,1,0.8628043823375162,0.802344463596609,0.7758985390740433,rf
2022_10_ARI_LA,2022,10,2022-11-13,LA,ARI,3.5,38.0,0.6270426989984186,0,0.5355599452121951,0.5122571897591319,0.6270426989984186,rf
2022_10_IND_LV,2022,10,2022-11-13,LV,IND,4.5,41.0,0.648330451760112,0,0.6664133072703178,0.6194039085938493,0.648330451760112,rf
2022_10_CLE_MIA,2022,10,2022-11-13,MIA,CLE,3.0,49.0,0.6224409126843496,1,0.5801359200538787,0.5481451896647025,0.6224409126843496,rf
2022_10_HOU_NYG,2022,10,2022-11-13,NYG,HOU,5.5,41.5,0.6700755434503315,1,0.6905718977752701,0.6399892872287916,0.6700755434503315,rf
2022_10_NO_PIT,2022,10,2022-11-13,PIT,NO,1.0,39.5,0.5240193918025562,1,0.49734448725388286,0.48176156189013425,0.5240193918025562,rf
2022_10_LAC_SF,2022,10,2022-11-13,SF,LAC,8.5,45.5,0.7584745314828713,1,0.76448300472374,0.7055558703141862,0.7584745314828713,rf
2022_10_SEA_TB,2022,10,2022-11-13,TB,SEA,2.5,45.0,0.5649948822927329,1,0.5248948200651354,0.5037278200023555,0.5649948822927329,rf
2022_10_DEN_TEN,2022,10,2022-11-13,TEN,DEN,2.5,40.0,0.5605012156349355,1,0.6288606389664819,0.5880162152977583,0.5605012156349355,rf
2022_10_WAS_PHI,2022,10,2022-11-14,PHI,WAS,11.0,43.0,0.808051612079015,0,0.8673415843196766,0.8072121605911452,0.808051612079015,rf
2022_11_TEN_GB,2022,11,2022-11-17,GB,TEN,3.0,40.5,0.6148543979079913,0,0.6115038649705786,0.5737176461973477,0.6148543979079913,rf
2022_11_CHI_ATL,2022,11,2022-11-20,ATL,CHI,3.0,48.5,0.5660893345487694,1,0.6293844047931333,0.5884495645338667,0.5660893345487694,rf
2022_11_CAR_BAL,2022,11,2022-11-20,BAL,CAR,13.0,42.0,0.8392998896396833,1,0.8231103201223792,0.7615032683607644,0.8392998896396833,rf
2022_11_CLE_BUF,2022,11,2022-11-20,BUF,CLE,7.5,50.5,0.7561815774459886,1,0.818841169687082,0.7572731363865063,0.7561815774459886,rf
2022_11_LV_DEN,2022,11,2022-11-20,DEN,LV,2.5,41.5,0.5775497887748944,0,0.6045479666069576,0.5680190290206903,0.5775497887748944,rf
2022_11_WAS_HOU,2022,11,2022-11-20,HOU,WAS,-3.0,41.0,0.41493775933609955,0,0.4435345857065355,0.43897917122257474,0.41493775933609955,rf
2022_11_PHI_IND,2022,11,2022-11-20,IND,PHI,-6.5,45.5,0.290309925460965,0,0.20060257297568587,0.23750323866513906,0.290309925460965,rf
2022_11_KC_LAC,2022,11,2022-11-20,LAC,KC,-5.5,52.5,0.32106932575441594,0,0.22319545504649715,0.25759466770545686,0.32106932575441594,rf
2022_11_DAL_MIN,2022,11,2022-11-20,MIN,DAL,-1.5,48.5,0.4471717836540324,0,0.4792858157431502,0.4673973534039748,0.4471717836540324,rf
2022_11_NYJ_NE,2022,11,2022-11-20,NE,NYJ,3.5,38.5,0.629269318749507,1,0.5331320097095639,0.510313907633931,0.629269318749507,rf
2022_11_LA_NO,2022,11,2022-11-20,NO,LA,2.5,39.5,0.5399277029247453,1,0.6182157567071201,0.5792330650029859,0.5399277029247453,rf
2022_11_DET_NYG,2022,11,2022-11-20,NYG,DET,3.0,44.0,0.5986798270759409,0,0.5542292154856242,0.5272350705400064,0.5986798270759409,rf
2022_11_CIN_PIT,2022,11,2022-11-20,PIT,CIN,-3.5,39.0,0.37073068125049297,0,0.35882797077692186,0.3711817831545815,0.37073068125049297,rf
2022_11_SF_ARI,2022,11,2022-11-21,ARI,SF,-10.0,43.5,0.21561338289962823,0,0.15042872412247016,0.1908736380637171,0.21561338289962823,rf
2022_12_NYG_DAL,2022,12,2022-11-24,DAL,NYG,10.5,45.5,0.7905398342128594,1,0.8673371758955848,0.8072074084506186,0.7905398342128594,rf
2022_12_BUF_DET,2022,12,2022-11-24,DET,BUF,-10.0,54.0,0.21945616020299694,0,0.16944229245670456,0.20892117538605506,0.21945616020299694,rf
2022_12_NE_MIN,2022,12,2022-11-24,MIN,NE,2.5,42.5,0.562379468921525,1,0.6143126766232982,0.5760237064675375,0.562379468921525,rf
2022_12_LAC_ARI,2022,12,2022-11-27,ARI,LAC,-2.5,48.5,0.43762053107847504,0,0.48178143719850053,0.4693814558555434,0.43762053107847504,rf
2022_12_DEN_CAR,2022,12,2022-11-27,CAR,DEN,-1.0,36.5,0.4759806081974437,1,0.4996470992206664,0.4835945894874445,0.4759806081974437,rf
2022_12_TB_CLE,2022,12,2022-11-27,CLE,TB,-3.0,42.0,0.3880609933784388,1,0.3954685954567252,0.4006497746820842,0.3880609933784388,rf
2022_12_BAL_JAX,2022,12,2022-11-27,JAX,BAL,-3.5,43.0,0.3945716506247385,1,0.3925981575367184,0.3983511791675668,0.3945716506247385,rf
2022_12_LA_KC,2022,12,2022-11-27,KC,LA,16.5,42.0,0.8882601694532649,1,0.909646540162147,0.8552077069926418,0.8882601694532649,rf
2022_12_HOU_MIA,2022,12,2022-11-27,MIA,HOU,14.0,47.0,0.8640691389767738,1,0.8995937288201841,0.8433153544395302,0.8640691389767738,rf
2022_12_CHI_NYJ,2022,12,2022-11-27,NYJ,CHI,8.5,36.5,0.7661538461538461,1,0.7090917615019431,0.6560183522322478,0.7661538461538461,rf
2022_12_GB_PHI,2022,12,2022-11-27,PHI,GB,6.5,46.0,0.7149278269657159,1,0.7846189079012496,0.7242915538935362,0.7149278269657159,rf
2022_12_LV_SEA,2022,12,2022-11-27,SEA,LV,4.0,47.5,0.644674925573802,0,0.5918816836295753,0.5576843309193064,0.644674925573802,rf
2022_12_NO_SF,2022,12,2022-11-27,SF,NO,9.5,44.0,0.7728364052746279,1,0.7616194306692607,0.7029266505970435,0.7728364052746279,rf
2022_12_CIN_TEN,2022,12,2022-11-27,TEN,CIN,-1.0,43.0,0.5,0,0.4352171898367392,0.43236249559417367,0.5,rf
2022_12_ATL_WAS,2022,12,2022-11-27,WAS,ATL,3.5,40.5,0.6297217024951262,1,0.5557628319040163,0.5284685134669346,0.6297217024951262,rf
2022_12_PIT_IND,2022,12,2022-11-28,IND,PIT,2.5,40.0,0.5480494766888677,0,0.5485782132138449,0.5226943628668062,0.5480494766888677,rf
2022_13_BUF_NE,2022,13,2022-12-01,NE,BUF,-3.5,43.5,0.3676233473073202,0,0.4102942735716289,0.4125009958946284,0.3676233473073202,rf
2022_13_PIT_ATL,2022,13,2022-12-04,ATL,PIT,-1.0,43.0,0.48147562105834224,0,0.5539795122882262,0.527034288918725,0.48147562105834224,rf
2022_13_DEN_BAL,2022,13,2022-12-04,BAL,DEN,9.5,40.5,0.7536076905268497,1,0.8915766540234639,0.8340691951975809,0.7536076905268497,rf
2022_13_GB_CHI,2022,13,2022-12-04,CHI,GB,-4.0,45.0,0.37073068125049297,0,0.3501361656799324,0.36414332353812684,0.37073068125049297,rf
2022_13_KC_CIN,2022,13,2022-12-04,CIN,KC,-2.5,53.0,0.444104134762634,1,0.49107245568778435,0.476770571780779,0.444104134762634,rf
2022_13_IND_DAL,2022,13,2022-12-04,DAL,IND,11.0,44.5,0.7963340122199594,1,0.8682754400321863,0.8082198357875131,0.7963340122199594,rf
2022_13_JAX_DET,2022,13,2022-12-04,DET,JAX,1.0,51.5,0.5284039285250725,1,0.4791657343054757,0.46730189021144,0.5284039285250725,rf
2022_13_CLE_HOU,2022,13,2022-12-04,HOU,CLE,-7.5,47.0,0.25547879942829915,0,0.2008272831079391,0.23770546685063426,0.25547879942829915,rf
2022_13_SEA_LA,2022,13,2022-12-04,LA,SEA,-7.0,41.0,0.276087446472842,0,0.23770266117915792,0.2702622129054222,0.276087446472842,rf
2022_13_LAC_LV,2022,13,2022-12-04,LV,LAC,2.5,49.0,0.5668328047122791,1,0.5389952307221114,0.515008419460759,0.5668328047122791,rf
2022_13_NYJ_MIN,2022,13,2022-12-04,MIN,NYJ,3.0,44.0,0.5792858120125872,1,0.6293090306872449,0.5883871950509681,0.5792858120125872,rf
2022_13_TEN_PHI,2022,13,2022-12-04,PHI,TEN,5.0,44.5,0.6629225583423975,1,0.7129758119059141,0.6594102400337026,0.6629225583423975,rf
2022_13_MIA_SF,2022,13,2022-12-04,SF,MIA,4.5,46.0,0.6711332625214478,1,0.6409948766132323,0.5980859905554318,0.6711332625214478,rf
2022_13_NO_TB,2022,13,2022-12-05,TB,NO,3.5,41.0,0.6379977530895019,1,0.6344411068676249,0.5926393000878353,0.6379977530895019,rf
2022_14_LV_LA,2022,14,2022-12-08,LA,LV,-6.5,42.5,0.2817523080884246,1,0.23548035157476763,0.2683325214259356,0.2817523080884246,rf
2022_14_NYJ_BUF,2022,14,2022-12-11,BUF,NYJ,10.0,43.5,0.7754085940036801,1,0.7993035801270557,0.7382534211353062,0.7754085940036801,rf
2022_14_CLE_CIN,2022,14,2022-12-11,CIN,CLE,4.5,47.0,0.6534585746204004,1,0.6147907870469355,0.5764165304785764,0.6534585746204004,rf
2022_14_HOU_DAL,2022,14,2022-12-11,DAL,HOU,17.0,44.5,0.90462674227086,1,0.9038742087071706,0.8483364438580024,0.90462674227086,rf
2022_14_KC_DEN,2022,14,2022-12-11,DEN,KC,-8.5,44.5,0.22616355195810023,0,0.22433629908156713,0.25859705241519415,0.22616355195810023,rf
2022_14_MIN_DET,2022,14,2022-12-11,DET,MIN,2.5,51.5,0.5547708605204575,1,0.47904607140861505,0.4672067602310898,0.5547708605204575,rf
2022_14_MIA_LAC,2022,14,2022-12-11,LAC,MIA,-3.0,54.5,0.3960962679598783,1,0.3836247828770394,0.3911557545893856,0.3960962679598783,rf
2022_14_PHI_NYG,2022,14,2022-12-11,NYG,PHI,-7.5,44.5,0.26994359387590655,0,0.16488207505376226,0.2046389939265848,0.26994359387590655,rf
2022_14_BAL_PIT,2022,14,2022-12-11,PIT,BAL,1.5,37.0,0.5399277029247453,0,0.5566275998338642,0.5291642439998387,0.5399277029247453,rf
2022_14_CAR_SEA,2022,14,2022-12-11,SEA,CAR,3.5,44.5,0.6495327102803738,0,0.6031828650907569,0.5669026566374941,0.6495327102803738,rf
2022_14_TB_SF,2022,14,2022-12-11,SF,TB,3.5,38.0,0.6455089820359281,1,0.5901171981232408,0.5562487140233138,0.6455089820359281,rf
2022_14_JAX_TEN,2022,14,2022-12-11,TEN,JAX,3.0,42.0,0.6119390066215612,0,0.64358910005559,0.600247334516925,0.6119390066215612,rf
2022_14_NE_ARI,2022,14,2022-12-12,ARI,NE,-2.0,44.0,0.45801526717557256,0,0.3958670229205623,0.40096871634507286,0.45801526717557256,rf
2022_15_SF_SEA,2022,15,2022-12-15,SEA,SF,-3.0,43.0,0.3871172000921022,0,0.39628830696172346,0.40130592559757106,0.3871172000921022,rf
2022_15_MIA_BUF,2022,15,2022-12-17,BUF,MIA,7.0,44.0,0.7397124442240952,1,0.7326795236496235,0.6767939150542635,0.7397124442240952,rf
2022_15_BAL_CLE,2022,15,2022-12-17,CLE,BAL,2.5,39.5,0.5922935486449755,1,0.5612792286528746,0.532909445832245,0.5922935486449755,rf
2022_15_IND_MIN,2022,15,2022-12-17,MIN,IND,3.5,46.5,0.6362901596282077,1,0.551981504112766,0.5254281990406919,0.6362901596282077,rf
2022_15_PIT_CAR,2022,15,2022-12-18,CAR,PIT,2.5,36.5,0.5764909248055315,0,0.5669700113278395,0.5374980851192129,0.5764909248055315,rf
2022_15_PHI_CHI,2022,15,2022-12-18,CHI,PHI,-8.5,48.0,0.22937728315351283,0,0.12771652368032793,0.1685662311005497,0.22937728315351283,rf
2022_15_ARI_DEN,2022,15,2022-12-18,DEN,ARI,1.5,37.5,0.534834771627026,1,0.508940969396638,0.49099776974320947,0.534834771627026,rf
2022_15_KC_HOU,2022,15,2022-12-18,HOU,KC,-14.5,48.5,0.14421617245218096,0,0.1677819862050774,0.20736531174957087,0.14421617245218096,rf
2022_15_DAL_JAX,2022,15,2022-12-18,JAX,DAL,-4.0,48.5,0.36370984037179227,1,0.3367480593291366,0.35325735352434384,0.36370984037179227,rf
2022_15_TEN_LAC,2022,15,2022-12-18,LAC,TEN,3.0,46.5,0.5971016303329377,1,0.620843274893919,0.5813968601808911,0.5971016303329377,rf
2022_15_NE_LV,2022,15,2022-12-18,LV,NE,1.0,45.0,0.5500363507751557,1,0.49555367177016396,0.4803362360569208,0.5500363507751557,rf
2022_15_ATL_NO,2022,15,2022-12-18,NO,ATL,5.0,43.5,0.6789306742455842,1,0.6415564994132867,0.598553637989731,0.6789306742455842,rf
2022_15_DET_NYJ,2022,15,2022-12-18,NYJ,DET,2.0,44.0,0.555895865237366,0,0.5596675133777197,0.5316112440749192,0.555895865237366,rf
2022_15_CIN_TB,2022,15,2022-12-18,TB,CIN,-3.5,47.0,0.3900657414170928,0,0.3417039448079861,0.3572936819315808,0.3900657414170928,rf
2022_15_NYG_WAS,2022,15,2022-12-18,WAS,NYG,4.5,40.5,0.6522836814321781,0,0.6384531318343202,0.5959713358007037,0.6522836814321781,rf
2022_15_LA_GB,2022,15,2022-12-19,GB,LA,8.0,39.5,0.7579052432627578,1,0.7584757927150145,0.700049805906025,0.7579052432627578,rf
2022_16_JAX_NYJ,2022,16,2022-12-22,NYJ,JAX,2.5,36.5,0.562379468921525,0,0.6052031595523193,0.5685550696885207,0.562379468921525,rf
2022_16_ATL_BAL,2022,16,2022-12-24,BAL,ATL,6.5,35.0,0.7123342460695936,1,0.7506892468738807,0.6929656954011681,0.7123342460695936,rf
2022_16_DET_CAR,2022,16,2022-12-24,CAR,DET,-2.5,43.5,0.4499636492248442,1,0.44037684802230137,0.43646760549499336,0.4499636492248442,rf
2022_16_BUF_CHI,2022,16,2022-12-24,CHI,BUF,-8.0,40.0,0.2402841621395737,0,0.2003560898152218,0.2372813570219657,0.2402841621395737,rf
2022_16_NO_CLE,2022,16,2022-12-24,CLE,NO,3.0,32.0,0.6279229893276131,0,0.5642824795734381,0.5353300969482557,0.6279229893276131,rf
2022_16_PHI_DAL,2022,16,2022-12-24,DAL,PHI,4.0,48.0,0.6495327102803738,1,0.594430078388289,0.5597594543118637,0.6495327102803738,rf
2022_16_SEA_KC,2022,16,2022-12-24,KC,SEA,10.5,50.5,0.7923696806592547,1,0.812388797958144,0.7509318636809281,0.7923696806592547,rf
2022_16_NYG_MIN,2022,16,2022-12-24,MIN,NYG,4.5,48.0,0.6651251793972254,1,0.6535319724380322,0.6085604741589445,0.6651251793972254,rf
2022_16_CIN_NE,2022,16,2022-12-24,NE,CIN,-3.0,42.0,0.4132639620653319,0,0.4126229017811109,0.41435959124774824,0.4132639620653319,rf
2022_16_LV_PIT,2022,16,2022-12-24,PIT,LV,2.5,38.5,0.5704635785196144,1,0.5584875785059936,0.5306612037387846,0.5704635785196144,rf
2022_16_WAS_SF,2022,16,2022-12-24,SF,WAS,6.5,37.5,0.7151211298942416,1,0.8245527826501903,0.7629389522540188,0.7151211298942416,rf
2022_16_HOU_TEN,2022,16,2022-12-24,TEN,HOU,3.0,34.0,0.6143408084559349,0,0.7141717192078832,0.6604568278287879,0.6143408084559349,rf
2022_16_TB_ARI,2022,16,2022-12-25,ARI,TB,-7.5,41.5,0.26028755577590484,0,0.22578942799532797,0.2598722387366941,0.26028755577590484,rf
2022_16_DEN_LA,2022,16,2022-12-25,LA,DEN,-3.0,36.5,0.38227263180004206,1,0.452967489812817,0.4464791065152382,0.38227263180004206,rf
2022_16_GB_MIA,2022,16,2022-12-25,MIA,GB,3.5,49.0,0.629269318749507,0,0.6205970431759552,0.5811939711384031,0.629269318749507,rf
2022_16_LAC_IND,2022,16,2022-12-26,IND,LAC,-3.5,44.5,0.3676233473073202,0,0.36238909946623626,0.3740595034533287,0.3676233473073202,rf
2022_17_DAL_TEN,2022,17,2022-12-29,TEN,DAL,-14.0,41.0,0.14616351195638383,0,0.18389068493707927,0.2223135135961558,0.14616351195638383,rf
2022_17_ARI_ATL,2022,17,2023-01-01,ATL,ARI,7.0,41.0,0.7151211298942416,1,0.7356467681333008,0.6794388554702429,0.7151211298942416,rf
2022_17_PIT_BAL,2022,17,2023-01-01,BAL,PIT,1.0,35.5,0.534834771627026,0,0.5287721661275644,0.5068267033214502,0.534834771627026,rf
2022_17_CHI_DET,2022,17,2023-01-01,DET,CHI,4.5,52.5,0.6686953451176703,1,0.6345164989828835,0.5927018491760228,0.6686953451176703,rf
2022_17_MIN_GB,2022,17,2023-01-01,GB,MIN,3.0,47.5,0.617727368199958,1,0.5377170401127664,0.5139845151788517,0.617727368199958,rf
2022_17_JAX_HOU,2022,17,2023-01-01,HOU,JAX,-3.5,43.0,0.3650052779508833,0,0.4200333819305456,0.4202698773937274,0.3650052779508833,rf
2022_17_DEN_KC,2022,17,2023-01-01,KC,DEN,13.5,46.0,0.8495317115164828,1,0.897378142745024,0.8407400331931413,0.8495317115164828,rf
2022_17_LA_LAC,2022,17,2023-01-01,LAC,LA,6.5,41.5,0.7176598944357621,1,0.6865872526055172,0.6365699653595496,0.7176598944357621,rf
2022_17_SF_LV,2022,17,2023-01-01,LV,SF,-10.0,41.5,0.20583407465858716,0,0.17789875591663717,0.21679067005510144,0.20583407465858716,rf
2022_17_MIA_NE,2022,17,2023-01-01,NE,MIA,3.0,41.5,0.6002460024600246,1,0.610645670783675,0.5730136371594776,0.6002460024600246,rf
2022_17_IND_NYG,2022,17,2023-01-01,NYG,IND,5.5,38.5,0.6776342863861725,1,0.6738385904103341,0.6256948272978408,0.6776342863861725,rf
2022_17_NO_PHI,2022,17,2023-01-01,PHI,NO,5.5,41.5,0.6735308890005023,0,0.7371708770088449,0.680800316137769,0.6735308890005023,rf
2022_17_NYJ_SEA,2022,17,2023-01-01,SEA,NYJ,-1.0,43.0,0.4827086071703758,1,0.4766466182218676,0.46529932994591344,0.4827086071703758,rf
2022_17_CAR_TB,2022,17,2023-01-01,TB,CAR,3.5,40.5,0.6310538349615464,1,0.5786433263461292,0.5469358380172724,0.6310538349615464,rf
2022_17_CLE_WAS,2022,17,2023-01-01,WAS,CLE,1.0,41.5,0.5262215623771888,0,0.5592870898606999,0.5313049069309105,0.5262215623771888,rf
2022_18_TEN_JAX,2022,18,2023-01-07,JAX,TEN,6.0,39.5,0.7025285076846802,1,0.7227908418897336,0.6680315939801729,0.7025285076846802,rf
2022_18_KC_LV,2022,18,2023-01-07,LV,KC,-9.0,51.5,0.22143025602054453,0,0.1906450806313595,0.2284892942225714,0.22143025602054453,rf
2022_18_TB_ATL,2022,18,2023-01-08,ATL,TB,6.0,40.5,0.6829002792370676,1,0.5969211120531636,0.5617898544027822,0.6829002792370676,rf
2022_18_NE_BUF,2022,18,2023-01-08,BUF,NE,8.0,44.0,0.7655188824223437,1,0.8331464835733503,0.7715618931723686,0.7655188824223437,rf
2022_18_MIN_CHI,2022,18,2023-01-08,CHI,MIN,-6.5,42.5,0.2974714923153198,0,0.23443941083592768,0.2674273383997181,0.2974714923153198,rf
2022_18_BAL_CIN,2022,18,2023-01-08,CIN,BAL,11.0,39.0,0.8311808694065155,1,0.7837291707344377,0.723454057669148,0.8311808694065155,rf
2022_18_LAC_DEN,2022,18,2023-01-08,DEN,LAC,6.0,38.5,0.6979212888691675,1,0.49329256114484327,0.4785369239376623,0.6979212888691675,rf
2022_18_DET_GB,2022,18,2023-01-08,GB,DET,5.5,49.0,0.7115258195992297,0,0.6630862364168717,0.6165948963288841,0.7115258195992297,rf
2022_18_HOU_IND,2022,18,2023-01-08,IND,HOU,3.0,38.0,0.5722567873303167,0,0.5906885045526347,0.5567134346050453,0.5722567873303167,rf
2022_18_NYJ_MIA,2022,18,2023-01-08,MIA,NYJ,3.5,37.5,0.6495327102803738,1,0.5709600583274687,0.5407200537191965,0.6495327102803738,rf
2022_18_CAR_NO,2022,18,2023-01-08,NO,CAR,3.5,41.5,0.6252015045674368,0,0.5546625739655238,0.5275835572583008,0.6252015045674368,rf
2022_18_NYG_PHI,2022,18,2023-01-08,PHI,NYG,16.5,42.5,0.8986974530501657,1,0.7000967943229506,0.648204217664019,0.8986974530501657,rf
2022_18_CLE_PIT,2022,18,2023-01-08,PIT,CLE,2.5,40.0,0.5722567873303167,1,0.5661852056661181,0.5368648153336926,0.5722567873303167,rf
2022_18_LA_SEA,2022,18,2023-01-08,SEA,LA,5.5,41.5,0.6732289817653704,1,0.6734440504050392,0.6253597853426264,0.6732289817653704,rf
2022_18_ARI_SF,2022,18,2023-01-08,SF,ARI,14.0,40.0,0.886302763694837,1,0.9404389972778122,0.8942318095198598,0.886302763694837,rf
2022_18_DAL_WAS,2022,18,2023-01-08,WAS,DAL,-7.5,40.5,0.25977238990598717,1,0.1975245981097385,0.23472802602460865,0.25977238990598717,rf
2022_19_LAC_JAX,2022,19,2023-01-14,JAX,LAC,-2.0,46.5,0.4559761116939714,1,0.5305854625666777,0.5082767045220301,0.4559761116939714,rf
2022_19_SEA_SF,2022,19,2023-01-14,SF,SEA,10.0,42.0,0.7923696806592547,1,0.8645562123922688,0.8042184286340543,0.7923696806592547,rf
2022_19_MIA_BUF,2022,19,2023-01-15,BUF,MIA,14.0,44.0,0.8705882042861398,1,0.9036495478359153,0.8480713786005939,0.8705882042861398,rf
2022_19_BAL_CIN,2022,19,2023-01-15,CIN,BAL,7.5,40.0,0.7639021449741297,1,0.7646557874268195,0.705714780610929,0.7639021449741297,rf
2022_19_NYG_MIN,2022,19,2023-01-15,MIN,NYG,2.5,48.0,0.5733276913854508,0,0.5933592182548847,0.5588872197598421,0.5733276913854508,rf
2022_19_DAL_TB,2022,19,2023-01-16,TB,DAL,-2.5,45.5,0.43949878436506445,0,0.35757528621814183,0.37016868932693675,0.43949878436506445,rf
2022_20_JAX_KC,2022,20,2023-01-21,KC,JAX,10.0,52.5,0.7967369210534896,1,0.6725707933043285,0.6246185325224256,0.7967369210534896,rf
2022_20_NYG_PHI,2022,20,2023-01-21,PHI,NYG,8.0,48.0,0.7597158378604262,1,0.746331653060319,0.6890262217200567,0.7597158378604262,rf
2022_20_CIN_BUF,2022,20,2023-01-22,BUF,CIN,6.0,48.5,0.7016637026941679,0,0.6817298003518403,0.6324149375323765,0.7016637026941679,rf
2022_20_DAL_SF,2022,20,2023-01-22,SF,DAL,3.5,46.5,0.6306061713569676,1,0.5224240379098047,0.5017542123027978,0.6306061713569676,rf
2022_21_CIN_KC,2022,21,2023-01-29,KC,CIN,2.0,48.5,0.5539593349939177,1,0.5834100912460962,0.5508002187022961,0.5539593349939177,rf
2022_21_SF_PHI,2022,21,2023-01-29,PHI,SF,2.5,45.0,0.5810079557598683,1,0.6072119722681127,0.5701994932370915,0.5810079557598683,rf
2022_22_KC_PHI,2022,22,2023-02-12,PHI,KC,1.0,51.0,0.521797153024911,0,0.5423950017242164,0.5177332316996567,0.521797153024911,rf
2023_01_DET_KC,2023,1,2023-09-07,KC,DET,4.0,53.0,0.6369041816941223,0,0.628718391867018,0.6496665177034165,0.6369041816941223,rf
2023_01_CAR_ATL,2023,1,2023-09-10,ATL,CAR,3.5,40.5,0.6309403437815976,1,0.5640417419617115,0.5866359208693246,0.6309403437815976,rf
2023_01_HOU_BAL,2023,1,2023-09-10,BAL,HOU,9.5,43.5,0.7999999999999999,1,0.7873356824026349,0.8013918380049686,0.7999999999999999,rf
2023_01_GB_CHI,2023,1,2023-09-10,CHI,GB,1.0,41.0,0.5173641257162701,0,0.38960833000828454,0.41286059168246053,0.5173641257162701,rf
2023_01_CIN_CLE,2023,1,2023-09-10,CLE,CIN,-1.0,46.5,0.4956702459300312,1,0.41096360209999244,0.4344495077773051,0.4956702459300312,rf
2023_01_LV_DEN,2023,1,2023-09-10,DEN,LV,3.0,43.0,0.593369754159424,0,0.4641684348316176,0.48784492949065816,0.593369754159424,rf
2023_01_JAX_IND,2023,1,2023-09-10,IND,JAX,-4.0,45.5,0.35527082119976705,0,0.31407027725651065,0.3357427881626916,0.35527082119976705,rf
2023_01_MIA_LAC,2023,1,2023-09-10,LAC,MIA,3.0,50.5,0.593369754159424,0,0.5471298836946668,0.5700347329399801,0.593369754159424,rf
2023_01_TB_MIN,2023,1,2023-09-10,MIN,TB,4.0,45.0,0.644729178800233,0,0.6330749208964164,0.653886706663985,0.644729178800233,rf
2023_01_PHI_NE,2023,1,2023-09-10,NE,PHI,-3.5,44.5,0.3775334481388264,0,0.36039398814711937,0.3831765915218994,0.3775334481388264,rf
2023_01_TEN_NO,2023,1,2023-09-10,NO,TEN,3.0,41.0,0.5720596355604638,1,0.4704496503863796,0.49411256729724656,0.5720596355604638,rf
2023_01_DAL_NYG,2023,1,2023-09-10,NYG,DAL,-3.5,44.5,0.3962430290578221,0,0.3389772411506236,0.3613031477942967,0.3962430290578221,rf
2023_01_SF_PIT,2023,1,2023-09-10,PIT,SF,-1.5,41.5,0.4782608695652174,0,0.4367509260859244,0.46039809475391047,0.4782608695652174,rf
2023_01_LA_SEA,2023,1,2023-09-10,SEA,LA,4.5,45.0,0.6574752261956054,0,0.6502483320587247,0.6704921565000411,0.6574752261956054,rf
2023_01_ARI_WAS,2023,1,2023-09-10,WAS,ARI,7.0,38.0,0.740871613663133,1,0.7779206782791035,0.7924906347049905,0.740871613663133,rf
2023_01_BUF_NYJ,2023,1,2023-09-11,NYJ,BUF,-2.5,44.5,0.448558885283451,1,0.32332132205598857,0.3452520406901606,0.448558885283451,rf
2023_02_MIN_PHI,2023,2,2023-09-14,PHI,MIN,6.0,49.0,0.6750312469954812,1,0.6779551037285795,0.6971815750194057,0.6750312469954812,rf
2023_02_NYG_ARI,2023,2,2023-09-17,ARI,NYG,-5.0,40.0,0.33635187580853815,0,0.3415272344005379,0.3639125744800733,0.33635187580853815,rf
2023_02_GB_ATL,2023,2,2023-09-17,ATL,GB,3.0,40.5,0.5720596355604638,1,0.5215114403704799,0.544789495768248,0.5720596355604638,rf
2023_02_LV_BUF,2023,2,2023-09-17,BUF,LV,7.5,47.0,0.7477827050997783,1,0.7331488173358552,0.74998920179342,0.7477827050997783,rf
2023_02_BAL_CIN,2023,2,2023-09-17,CIN,BAL,3.5,45.5,0.6092362344582594,0,0.5495085031356565,0.5723727240371511,0.6092362344582594,rf
2023_02_NYJ_DAL,2023,2,2023-09-17,DAL,NYJ,8.5,38.5,0.7600000000000001,1,0.7958348543403544,0.8094166883518426,0.7600000000000001,rf
2023_02_WAS_DEN,2023,2,2023-09-17,DEN,WAS,4.0,38.5,0.6369041816941223,0,0.5155763513197372,0.5389239053119967,0.6369041816941223,rf
2023_02_SEA_DET,2023,2,2023-09-17,DET,SEA,4.5,47.5,0.6574752261956054,0,0.6655128363574255,0.6852114404685302,0.6574752261956054,rf
2023_02_IND_HOU,2023,2,2023-09-17,HOU,IND,-1.0,40.0,0.5,0,0.4705480432747184,0.49421068784913014,0.5,rf
2023_02_KC_JAX,2023,2,2023-09-17,JAX,KC,-3.5,50.5,0.3962430290578221,0,0.4297604869040533,0.45337686214143325,0.3962430290578221,rf
2023_02_SF_LA,2023,2,2023-09-17,LA,SF,-7.5,45.0,0.2591283863368669,0,0.2300143102593665,0.24846995557248716,0.2591283863368669,rf
2023_02_MIA_NE,2023,2,2023-09-17,NE,MIA,-2.0,46.5,0.4572564612326044,0,0.45922208140198334,0.48290397522005396,0.4572564612326044,rf
2023_02_CHI_TB,2023,2,2023-09-17,TB,CHI,2.5,41.0,0.551441114716549,1,0.5836725073884739,0.6058430248161766,0.551441114716549,rf
2023_02_LAC_TEN,2023,2,2023-09-17,TEN,LAC,-2.5,45.5,0.43650793650793646,1,0.41541763796580317,0.4389407780495661,0.43650793650793646,rf
2023_02_NO_CAR,2023,2,2023-09-18,CAR,NO,-3.0,39.5,0.39076376554174075,0,0.4020629388906587,0.4254625911129768,0.39076376554174075,rf
2023_02_CLE_PIT,2023,2,2023-09-18,PIT,CLE,-2.5,39.0,0.42794036443953615,1,0.4609810394774261,0.48466154902481917,0.42794036443953615,rf
2023_03_NYG_SF,2023,3,2023-09-21,SF,NYG,10.5,43.5,0.8081570996978852,1,0.8502489101581324,0.8605686350256111,0.8081570996978852,rf
2023_03_DAL_ARI,2023,3,2023-09-24,ARI,DAL,-11.5,43.5,0.16835016835016833,1,0.21435950106680904,0.23203596330226928,0.16835016835016833,rf
2023_03_IND_BAL,2023,3,2023-09-24,BAL,IND,7.5,43.5,0.7600000000000001,0,0.7520225718761944,0.7679412828802332,0.7600000000000001,rf
2023_03_TEN_CLE,2023,3,2023-09-24,CLE,TEN,3.5,38.0,0.6224665518611737,1,0.5676764908756026,0.590197307094436,0.6224665518611737,rf
2023_03_ATL_DET,2023,3,2023-09-24,DET,ATL,3.0,47.5,0.5996387718242023,1,0.5406381313623025,0.5636487224690511,0.5996387718242023,rf
2023_03_NO_GB,2023,3,2023-09-24,GB,NO,-1.5,41.5,0.4675324675324675,1,0.5418980205993565,0.5648886795661976,0.4675324675324675,rf
2023_03_HOU_JAX,2023,3,2023-09-24,JAX,HOU,7.5,43.5,0.7600000000000001,0,0.8308022596228272,0.8423311764745184,0.7600000000000001,rf
2023_03_CHI_KC,2023,3,2023-09-24,KC,CHI,13.0,48.0,0.8465011286681716,1,0.871900399527269,0.8808208732293683,0.8465011286681716,rf
2023_03_PIT_LV,2023,3,2023-09-24,LV,PIT,3.0,43.5,0.5720596355604638,0,0.4434709048561774,0.4671386944981386,0.5720596355604638,rf
2023_03_DEN_MIA,2023,3,2023-09-24,MIA,DEN,6.0,47.5,0.6853932584269663,1,0.6600103022867331,0.679909791167244,0.6853932584269663,rf
2023_03_LAC_MIN,2023,3,2023-09-24,MIN,LAC,1.0,54.0,0.5,0,0.511266875783496,0.5346608551060942,0.5,rf
2023_03_NE_NYJ,2023,3,2023-09-24,NYJ,NE,-2.5,35.5,0.43650793650793646,0,0.4005528241514361,0.4239362690673467,0.43650793650793646,rf
2023_03_CAR_SEA,2023,3,2023-09-24,SEA,CAR,5.0,42.5,0.6636481241914618,1,0.6694233639940697,0.6889762453001972,0.6636481241914618,rf
2023_03_BUF_WAS,2023,3,2023-09-24,WAS,BUF,-5.5,44.0,0.3194444444444444,0,0.2156724245582369,0.23341648934706632,0.3194444444444444,rf
2023_03_LA_CIN,2023,3,2023-09-25,CIN,LA,3.0,45.5,0.593369754159424,1,0.5616738201635655,0.5843145428139622,0.593369754159424,rf
2023_03_PHI_TB,2023,3,2023-09-25,TB,PHI,-6.0,44.0,0.30920711694593195,0,0.23036536352561912,0.24883781296397842,0.30920711694593195,rf
2023_04_DET_GB,2023,4,2023-09-28,GB,DET,-2.5,45.0,0.43650793650793646,0,0.4282467815305332,0.4518552287923997,0.43650793650793646,rf
2023_04_MIA_BUF,2023,4,2023-10-01,BUF,MIA,2.5,53.0,0.5634920634920635,1,0.48619458222189715,0.5097906476414102,0.5634920634920635,rf
2023_04_MIN_CAR,2023,4,2023-10-01,CAR,MIN,-4.5,46.5,0.33635187580853815,0,0.32784696281952547,0.3498972933266123,0.33635187580853815,rf
2023_04_DEN_CHI,2023,4,2023-10-01,CHI,DEN,-3.0,47.0,0.4066302458405761,0,0.3746163674829773,0.3976494890319593,0.4066302458405761,rf
2023_04_BAL_CLE,2023,4,2023-10-01,CLE,BAL,-2.0,38.5,0.448558885283451,0,0.46497261332857986,0.48864778879013643,0.448558885283451,rf
2023_04_NE_DAL,2023,4,2023-10-01,DAL,NE,6.5,43.0,0.7095435684647302,1,0.7557042058265535,0.7714370473403793,0.7095435684647302,rf
2023_04_PIT_HOU,2023,4,2023-10-01,HOU,PIT,-3.0,41.5,0.4066302458405761,1,0.3740029165150376,0.39702609280114753,0.4066302458405761,rf
2023_04_LA_IND,2023,4,2023-10-01,IND,LA,-1.0,44.5,0.4891657638136511,0,0.39921363346756583,0.4225823224312799,0.4891657638136511,rf
2023_04_ATL_JAX,2023,4,2023-10-01,JAX,ATL,3.5,42.5,0.6224665518611737,1,0.5029286607408909,0.5264027733087121,0.6224665518611737,rf
2023_04_LV_LAC,2023,4,2023-10-01,LAC,LV,7.0,49.0,0.725752508361204,1,0.7606401406717179,0.7761207118541867,0.725752508361204,rf
2023_04_TB_NO,2023,4,2023-10-01,NO,TB,4.0,41.0,0.644729178800233,0,0.6198457151514352,0.6410617406523015,0.644729178800233,rf
2023_04_KC_NYJ,2023,4,2023-10-01,NYJ,KC,-9.5,41.5,0.2042241228835748,0,0.2636833285980339,0.28361967667988236,0.2042241228835748,rf
2023_04_WAS_PHI,2023,4,2023-10-01,PHI,WAS,9.5,43.0,0.7867435158501441,1,0.813780574810458,0.8263288588923529,0.7867435158501441,rf
2023_04_ARI_SF,2023,4,2023-10-01,SF,ARI,15.0,44.0,0.8800000000000001,1,0.8501831872982624,0.8605070763672494,0.8800000000000001,rf
2023_04_CIN_TEN,2023,4,2023-10-01,TEN,CIN,-2.5,41.5,0.4066302458405761,1,0.3329485401666057,0.35512845381152613,0.4066302458405761,rf
2023_04_SEA_NYG,2023,4,2023-10-02,NYG,SEA,-2.5,46.5,0.43650793650793646,0,0.3733055308162439,0.39631730723490977,0.43650793650793646,rf
2023_05_CHI_WAS,2023,5,2023-10-05,WAS,CHI,6.0,45.5,0.690792883054068,0,0.6958453040132525,0.7143499466285982,0.690792883054068,rf
2023_05_CIN_ARI,2023,5,2023-10-08,ARI,CIN,-3.0,45.5,0.3962430290578221,0,0.390791530050889,0.4140591401046021,0.3962430290578221,rf
2023_05_HOU_ATL,2023,5,2023-10-08,ATL,HOU,2.5,42.0,0.5634920634920635,1,0.5563986952010254,0.5791395495906237,0.5634920634920635,rf
2023_05_JAX_BUF,2023,5,2023-10-08,BUF,JAX,5.5,48.5,0.6853932584269663,0,0.7098770526797785,0.7277806253482176,0.6853932584269663,rf
2023_05_NYJ_DEN,2023,5,2023-10-08,DEN,NYJ,2.5,42.5,0.551441114716549,0,0.5051819252509118,0.5286356468681881,0.551441114716549,rf
2023_05_CAR_DET,2023,5,2023-10-08,DET,CAR,9.5,43.5,0.7867435158501441,1,0.8110881003479803,0.8237941830384065,0.7867435158501441,rf
2023_05_TEN_IND,2023,5,2023-10-08,IND,TEN,-2.5,43.5,0.43650793650793646,1,0.43005917153412043,0.45367705803958336,0.43650793650793646,rf
2023_05_PHI_LA,2023,5,2023-10-08,LA,PHI,-3.5,50.5,0.3690596562184025,0,0.37910581741274585,0.4022093737053583,0.3690596562184025,rf
2023_05_NYG_MIA,2023,5,2023-10-08,MIA,NYG,12.5,47.5,0.8465011286681716,1,0.8010231197000232,0.8143105752560148,0.8465011286681716,rf
2023_05_KC_MIN,2023,5,2023-10-08,MIN,KC,-3.5,52.5,0.3835616438356164,0,0.365676053139608,0.38855657459813603,0.3835616438356164,rf
2023_05_NO_NE,2023,5,2023-10-08,NE,NO,2.5,38.5,0.551441114716549,0,0.49529611863354306,0.5188323177280856,0.551441114716549,rf
2023_05_BAL_PIT,2023,5,2023-10-08,PIT,BAL,-4.5,38.5,0.33099297893681046,1,0.30797208850999785,0.3294642645413734,0.33099297893681046,rf
2023_05_DAL_SF,2023,5,2023-10-08,SF,DAL,3.5,45.0,0.6164383561643836,1,0.5186534002595427,0.5419657253868287,0.6164383561643836,rf
2023_05_GB_LV,2023,5,2023-10-09,LV,GB,1.0,45.0,0.5173641257162701,1,0.37135878600317024,0.3943382108417321,0.5173641257162701,rf
2023_06_DEN_KC,2023,6,2023-10-12,KC,DEN,10.5,47.5,0.8316498316498315,1,0.7841423347253897,0.7983741386867198,0.8316498316498315,rf
2023_06_WAS_ATL,2023,6,2023-10-15,ATL,WAS,1.5,42.0,0.5324675324675325,0,0.4956375049750493,0.5191711580678195,0.5324675324675325,rf
2023_06_NYG_BUF,2023,6,2023-10-15,BUF,NYG,15.5,43.5,0.8869565217391304,1,0.9139080307818095,0.9199715440508048,0.8869565217391304,rf
2023_06_MIN_CHI,2023,6,2023-10-15,CHI,MIN,-3.0,44.5,0.4003612281757977,0,0.32903776373751764,0.3511188383009176,0.4003612281757977,rf
2023_06_SEA_CIN,2023,6,2023-10-15,CIN,SEA,3.0,45.5,0.5829926410466066,1,0.5482210717436545,0.5711074079694758,0.5829926410466066,rf
2023_06_SF_CLE,2023,6,2023-10-15,CLE,SF,-9.5,36.0,0.20863836017569545,1,0.22913328015475018,0.2475466241279189,0.20863836017569545,rf
2023_06_NO_HOU,2023,6,2023-10-15,HOU,NO,-2.0,42.5,0.4572564612326044,1,0.46539704614133,0.48907147565983283,0.4572564612326044,rf
2023_06_IND_JAX,2023,6,2023-10-15,JAX,IND,4.0,44.0,0.644729178800233,1,0.5527296112823206,0.5755372084317267,0.644729178800233,rf
2023_06_ARI_LA,2023,6,2023-10-15,LA,ARI,7.0,48.0,0.740871613663133,1,0.78662080227951,0.8007164018798517,0.740871613663133,rf
2023_06_NE_LV,2023,6,2023-10-15,LV,NE,3.0,41.5,0.5720596355604638,1,0.5078172027204015,0.5312458878752172,0.5720596355604638,rf
2023_06_CAR_MIA,2023,6,2023-10-15,MIA,CAR,14.0,47.5,0.8800000000000001,1,0.820815546472138,0.8329470571470683,0.8800000000000001,rf
2023_06_PHI_NYJ,2023,6,2023-10-15,NYJ,PHI,-6.5,43.0,0.27792074112197634,1,0.23527886927790617,0.2539834642665796,0.27792074112197634,rf
2023_06_DET_TB,2023,6,2023-10-15,TB,DET,-3.0,43.5,0.4066302458405761,0,0.39214750359221207,0.4154323547384659,0.4066302458405761,rf
2023_06_BAL_TEN,2023,6,2023-10-15,TEN,BAL,-5.5,42.5,0.31460674157303364,0,0.19694100398987005,0.21368096144874996,0.31460674157303364,rf
2023_06_DAL_LAC,2023,6,2023-10-16,LAC,DAL,-1.5,49.5,0.4572564612326044,0,0.3650793303652411,0.38794907945536433,0.4572564612326044,rf
2023_07_JAX_NO,2023,7,2023-10-19,NO,JAX,2.5,41.0,0.5720596355604638,0,0.49251529320557785,0.5160714232666089,0.5720596355604638,rf
2023_07_DET_BAL,2023,7,2023-10-22,BAL,DET,3.0,43.5,0.593369754159424,1,0.48431990416411685,0.5079263765983759,0.593369754159424,rf
2023_07_LV_CHI,2023,7,2023-10-22,CHI,LV,-2.5,38.5,0.43650793650793646,1,0.4092546346354621,0.43272520623448024,0.43650793650793646,rf
2023_07_GB_DEN,2023,7,2023-10-22,DEN,GB,1.5,44.0,0.5173641257162701,1,0.3357068521862936,0.3579545195654732,0.5173641257162701,rf
2023_07_CLE_IND,2023,7,2023-10-22,IND,CLE,-3.5,40.0,0.3835616438356164,0,0.3832536070332495,0.4064185752773495,0.3835616438356164,rf
2023_07_LAC_KC,2023,7,2023-10-22,KC,LAC,5.5,48.5,0.6957699520733487,1,0.7221869132053337,0.7395383028763107,0.6957699520733487,rf
2023_07_PIT_LA,2023,7,2023-10-22,LA,PIT,3.5,44.0,0.6092362344582594,0,0.5502075247182081,0.5730596143014155,0.6092362344582594,rf
2023_07_BUF_NE,2023,7,2023-10-22,NE,BUF,-7.5,41.0,0.23409789548356585,1,0.3311778986616904,0.35331346596716307,0.23409789548356585,rf
2023_07_WAS_NYG,2023,7,2023-10-22,NYG,WAS,-3.0,37.0,0.4066302458405761,1,0.412598048441186,0.4360980755707525,0.4066302458405761,rf
2023_07_MIA_PHI,2023,7,2023-10-22,PHI,MIA,3.0,52.0,0.5829926410466066,1,0.5104571265586146,0.5338594489488623,0.5829926410466066,rf
2023_07_ARI_SEA,2023,7,2023-10-22,SEA,ARI,9.5,43.5,0.7867435158501441,1,0.8652863650714848,0.8746399729953467,0.7867435158501441,rf
2023_07_ATL_TB,2023,7,2023-10-22,TB,ATL,3.0,37.5,0.5720596355604638,0,0.4692526953134004,0.4929187780834913,0.5720596355604638,rf
2023_07_SF_MIN,2023,7,2023-10-23,MIN,SF,-7.0,44.5,0.26645768025078376,1,0.20828782661523054,0.225646239530992,0.26645768025078376,rf
2023_08_TB_BUF,2023,8,2023-10-26,BUF,TB,10.0,43.0,0.7957758771164253,1,0.8291459265382378,0.8407756640844795,0.7957758771164253,rf
2023_08_BAL_ARI,2023,8,2023-10-29,ARI,BAL,-9.5,44.5,0.19999999999999998,0,0.2417528582440175,0.26075466536429304,0.19999999999999998,rf
2023_08_HOU_CAR,2023,8,2023-10-29,CAR,HOU,-3.0,43.0,0.4066302458405761,1,0.36815744510772297,0.39108197266894684,0.4066302458405761,rf
2023_08_LA_DAL,2023,8,2023-10-29,DAL,LA,6.5,44.5,0.725752508361204,1,0.7392350648894476,0.755783977729949,0.725752508361204,rf
2023_08_KC_DEN,2023,8,2023-10-29,DEN,KC,-7.0,45.5,0.2591283863368669,1,0.22348687002224918,0.24162473757850375,0.2591283863368669,rf
2023_08_MIN_GB,2023,8,2023-10-29,GB,MIN,-1.0,41.5,0.4956702459300312,0,0.5136330939877033,0.5370020038200387,0.4956702459300312,rf
2023_08_NO_IND,2023,8,2023-10-29,IND,NO,-2.0,43.5,0.4572564612326044,0,0.40911213461839363,0.4325814013172236,0.4572564612326044,rf
2023_08_CHI_LAC,2023,8,2023-10-29,LAC,CHI,9.5,46.0,0.7819063004846527,1,0.7918448206975013,0.8056505613030961,0.7819063004846527,rf
2023_08_NE_MIA,2023,8,2023-10-29,MIA,NE,7.5,46.5,0.7600000000000001,1,0.7878045133477188,0.8018347626233807,0.7600000000000001,rf
2023_08_NYJ_NYG,2023,8,2023-10-29,NYG,NYJ,-3.0,35.0,0.4066302458405761,0,0.4214627611836548,0.445030144685341,0.4066302458405761,rf
2023_08_JAX_PIT,2023,8,2023-10-29,PIT,JAX,-2.5,41.0,0.448558885283451,0,0.4699156626206756,0.493580025489782,0.448558885283451,rf
2023_08_CLE_SEA,2023,8,2023-10-29,SEA,CLE,4.0,39.5,0.6369041816941223,1,0.6489038827906727,0.669193916121822,0.6369041816941223,rf
2023_08_CIN_SF,2023,8,2023-10-29,SF,CIN,4.0,44.0,0.644729178800233,0,0.6376731110671225,0.6583375830547655,0.644729178800233,rf
2023_08_ATL_TEN,2023,8,2023-10-29,TEN,ATL,-2.5,35.0,0.4572564612326044,1,0.4548547910065771,0.47853755894597677,0.4572564612326044,rf
2023_08_PHI_WAS,2023,8,2023-10-29,WAS,PHI,-7.0,42.5,0.27792074112197634,0,0.23857837931431586,0.25743567691570796,0.27792074112197634,rf
2023_08_LV_DET,2023,8,2023-10-30,DET,LV,7.0,46.0,0.740871613663133,1,0.7870486378810279,0.8011206398306564,0.740871613663133,rf
2023_09_TEN_PIT,2023,9,2023-11-02,PIT,TEN,3.5,37.0,0.6092362344582594,1,0.5465219123780558,0.5694369843021179,0.6092362344582594,rf
2023_09_MIN_ATL,2023,9,2023-11-05,ATL,MIN,3.5,38.5,0.6309403437815976,0,0.5193313666156031,0.5426356972628925,0.6309403437815976,rf
2023_09_SEA_BAL,2023,9,2023-11-05,BAL,SEA,6.0,44.5,0.7001620745542949,1,0.6358753606710359,0.6565978439205725,0.7001620745542949,rf
2023_09_IND_CAR,2023,9,2023-11-05,CAR,IND,-1.5,45.0,0.4572564612326044,0,0.45789795240504866,0.48158049755666305,0.4572564612326044,rf
2023_09_BUF_CIN,2023,9,2023-11-05,CIN,BUF,1.5,51.0,0.5324675324675325,1,0.47879586333513563,0.50242916355553,0.5324675324675325,rf
2023_09_ARI_CLE,2023,9,2023-11-05,CLE,ARI,13.0,38.0,0.8465011286681716,1,0.8451787650143472,0.8558182109481247,0.8465011286681716,rf
2023_09_LA_GB,2023,9,2023-11-05,GB,LA,3.5,38.0,0.6333661417322834,1,0.5964111722638276,0.6182710268239415,0.6333661417322834,rf
2023_09_TB_HOU,2023,9,2023-11-05,HOU,TB,2.5,39.5,0.5720596355604638,1,0.5549750443633242,0.5777420791187197,0.5720596355604638,rf
2023_09_MIA_KC,2023,9,2023-11-05,KC,MIA,1.0,51.0,0.5108342361863488,1,0.445930770706851,0.4696039171018284,0.5108342361863488,rf
2023_09_NYG_LV,2023,9,2023-11-05,LV,NYG,1.0,38.5,0.5173641257162701,1,0.5177985609723998,0.5411208466425201,0.5173641257162701,rf
2023_09_WAS_NE,2023,9,2023-11-05,NE,WAS,2.5,40.5,0.5829926410466066,0,0.5686807501089108,0.5911808878533862,0.5829926410466066,rf
2023_09_CHI_NO,2023,9,2023-11-05,NO,CHI,9.0,42.0,0.7819063004846527,1,0.7499629286572695,0.7659847624072553,0.7819063004846527,rf
2023_09_DAL_PHI,2023,9,2023-11-05,PHI,DAL,3.5,46.5,0.6092362344582594,1,0.5181635267866432,0.5414815762178843,0.6092362344582594,rf
2023_09_LAC_NYJ,2023,9,2023-11-06,NYJ,LAC,-3.0,41.0,0.3962430290578221,0,0.41194182474926877,0.43543624602532904,0.3962430290578221,rf
2023_10_CAR_CHI,2023,10,2023-11-09,CHI,CAR,3.0,38.0,0.6164383561643836,1,0.5746059186068212,0.5969804602810321,0.6164383561643836,rf
2023_10_ATL_ARI,2023,10,2023-11-12,ARI,ATL,-2.0,43.5,0.4572564612326044,1,0.3650333126299242,0.38790222792309187,0.4572564612326044,rf
2023_10_CLE_BAL,2023,10,2023-11-12,BAL,CLE,6.0,38.5,0.690792883054068,0,0.7127024206313227,0.7304812982343875,0.690792883054068,rf
2023_10_HOU_CIN,2023,10,2023-11-12,CIN,HOU,5.5,46.0,0.6853932584269663,0,0.6315213889481652,0.652382154774532,0.6853932584269663,rf
2023_10_NYG_DAL,2023,10,2023-11-12,DAL,NYG,17.5,38.5,0.9197080291970804,1,0.90007329211284,0.9070965898969967,0.9197080291970804,rf
2023_10_SF_JAX,2023,10,2023-11-12,JAX,SF,-3.0,44.5,0.3962430290578221,0,0.4138049573666901,0.4373150711326869,0.3962430290578221,rf
2023_10_DET_LAC,2023,10,2023-11-12,LAC,DET,-2.5,48.5,0.43650793650793646,0,0.42157674397477174,0.4451448923056575,0.43650793650793646,rf
2023_10_NYJ_LV,2023,10,2023-11-12,LV,NYJ,-1.0,35.5,0.4891657638136511,1,0.48244740802321673,0.506063617078864,0.4891657638136511,rf
2023_10_NO_MIN,2023,10,2023-11-12,MIN,NO,-3.0,41.0,0.4170073589533933,1,0.43478634601922506,0.4584258252881931,0.4170073589533933,rf
2023_10_IND_NE,2023,10,2023-11-12,NE,IND,-1.0,42.0,0.4826358742837298,0,0.4225591801561357,0.44613381440482325,0.4826358742837298,rf
2023_10_GB_PIT,2023,10,2023-11-12,PIT,GB,3.0,38.5,0.5996387718242023,1,0.5376074443013033,0.5606648161070912,0.5996387718242023,rf
2023_10_WAS_SEA,2023,10,2023-11-12,SEA,WAS,6.0,44.0,0.7001620745542949,1,0.6818470279428885,0.7009207587862829,0.7001620745542949,rf
2023_10_TEN_TB,2023,10,2023-11-12,TB,TEN,2.5,39.5,0.5634920634920635,1,0.5317129802617196,0.5548566048896975,0.5634920634920635,rf
2023_10_DEN_BUF,2023,10,2023-11-13,BUF,DEN,7.5,47.5,0.7659021045164341,0,0.772369124399826,0.7872362384079927,0.7659021045164341,rf
2023_11_CIN_BAL,2023,11,2023-11-16,BAL,CIN,4.0,46.5,0.644729178800233,1,0.6040986512801013,0.6257575707070124,0.644729178800233,rf
2023_11_NYJ_BUF,2023,11,2023-11-19,BUF,NYJ,8.0,39.5,0.7659021045164341,1,0.7832879654115359,0.7975665241364616,0.7659021045164341,rf
2023_11_DAL_CAR,2023,11,2023-11-19,CAR,DAL,-11.0,43.0,0.16835016835016833,0,0.21334189938330755,0.23096567924923112,0.16835016835016833,rf
2023_11_PIT_CLE,2023,11,2023-11-19,CLE,PIT,2.5,34.0,0.5634920634920635,1,0.5559323924178579,0.5786818614600187,0.5634920634920635,rf
2023_11_MIN_DEN,2023,11,2023-11-19,DEN,MIN,2.5,43.5,0.5634920634920635,1,0.49172122545034264,0.5152827823798113,0.5634920634920635,rf
2023_11_CHI_DET,2023,11,2023-11-19,DET,CHI,8.0,48.0,0.7819063004846527,1,0.8108045752155866,0.8235272190023601,0.7819063004846527,rf
2023_11_LAC_GB,2023,11,2023-11-19,GB,LAC,-3.0,44.0,0.4066302458405761,1,0.4336289921804515,0.4572635888830593,0.4066302458405761,rf
2023_11_ARI_HOU,2023,11,2023-11-19,HOU,ARI,5.5,48.0,0.6853932584269663,1,0.673827632042512,0.6932134618138148,0.6853932584269663,rf
2023_11_TEN_JAX,2023,11,2023-11-19,JAX,TEN,6.5,40.0,0.7135512302607419,1,0.7358423943677188,0.7525544617769444,0.7135512302607419,rf
2023_11_SEA_LA,2023,11,2023-11-19,LA,SEA,2.5,45.0,0.551441114716549,1,0.41780287218275425,0.44134433327203565,0.551441114716549,rf
2023_11_LV_MIA,2023,11,2023-11-19,MIA,LV,14.0,44.5,0.8800000000000001,1,0.8260971025461961,0.8379115121691144,0.8800000000000001,rf
2023_11_TB_SF,2023,11,2023-11-19,SF,TB,13.5,41.5,0.8677165354330709,1,0.8774768215657827,0.886028356170538,0.8677165354330709,rf
2023_11_NYG_WAS,2023,11,2023-11-19,WAS,NYG,7.5,39.0,0.7659021045164341,0,0.7984795821181756,0.8119118107996653,0.7659021045164341,rf
2023_11_PHI_KC,2023,11,2023-11-20,KC,PHI,2.5,46.0,0.5720596355604638,0,0.5661912387073094,0.5887423131514771,0.5720596355604638,rf
2023_12_WAS_DAL,2023,12,2023-11-23,DAL,WAS,13.0,48.0,0.8524590163934427,1,0.8925200961156894,0.9000599389677543,0.8524590163934427,rf
2023_12_GB_DET,2023,12,2023-11-23,DET,GB,8.5,47.0,0.7768331562167907,0,0.7964995896176241,0.8100439104924703,0.7768331562167907,rf
2023_12_SF_SEA,2023,12,2023-11-23,SEA,SF,-7.0,43.5,0.2522172949002217,0,0.18614213188929046,0.20226398649434668,0.2522172949002217,rf
2023_12_MIA_NYJ,2023,12,2023-11-24,NYJ,MIA,-9.5,40.0,0.19999999999999998,0,0.19371070057817397,0.2102688005471841,0.19999999999999998,rf
2023_12_LA_ARI,2023,12,2023-11-26,ARI,LA,-3.0,45.0,0.42794036443953615,0,0.35433244309135226,0.37699553446841566,0.42794036443953615,rf
2023_12_NO_ATL,2023,12,2023-11-26,ATL,NO,-2.0,42.0,0.4572564612326044,1,0.38666578317957273,0.409878643699797,0.4572564612326044,rf
2023_12_PIT_CIN,2023,12,2023-11-26,CIN,PIT,-2.0,36.0,0.448558885283451,0,0.4510299675200496,0.4747104915827751,0.448558885283451,rf
2023_12_CLE_DEN,2023,12,2023-11-26,DEN,CLE,1.5,37.5,0.5324675324675325,1,0.4993555566955421,0.522860079203175,0.5324675324675325,rf
2023_12_JAX_HOU,2023,12,2023-11-26,HOU,JAX,-1.0,48.0,0.4891657638136511,0,0.41110332033744207,0.43459045394453444,0.4891657638136511,rf
2023_12_TB_IND,2023,12,2023-11-26,IND,TB,2.5,45.0,0.5829926410466066,1,0.5034017774782261,0.5268716863590243,0.5829926410466066,rf
2023_12_BAL_LAC,2023,12,2023-11-26,LAC,BAL,-3.0,49.0,0.3962430290578221,0,0.3924634450298414,0.41575225992318693,0.3962430290578221,rf
2023_12_KC_LV,2023,12,2023-11-26,LV,KC,-9.0,42.5,0.19999999999999998,0,0.19972867126138777,0.21662349586337698,0.19999999999999998,rf
2023_12_NE_NYG,2023,12,2023-11-26,NYG,NE,-4.5,36.5,0.34252477380439467,1,0.4064788669317934,0.42992329109848687,0.34252477380439467,rf
2023_12_BUF_PHI,2023,12,2023-11-26,PHI,BUF,2.5,49.0,0.5720596355604638,1,0.49145113271709556,0.5150145087291329,0.5720596355604638,rf
2023_12_CAR_TEN,2023,12,2023-11-26,TEN,CAR,3.5,36.0,0.6092362344582594,1,0.5784958898061966,0.6007846451299923,0.6092362344582594,rf
2023_12_CHI_MIN,2023,12,2023-11-27,MIN,CHI,3.0,43.5,0.5996387718242023,0,0.5892944412204154,0.6113312978080421,0.5996387718242023,rf
2023_13_SEA_DAL,2023,13,2023-11-30,DAL,SEA,9.5,47.5,0.7999999999999999,1,0.7747173969622626,0.7894593442536963,0.7999999999999999,rf
2023_13_KC_GB,2023,13,2023-12-03,GB,KC,-5.5,43.5,0.30423004792665137,1,0.19738081292373694,0.21414533096260183,0.30423004792665137,rf
2023_13_DEN_HOU,2023,13,2023-12-03,HOU,DEN,3.5,47.5,0.6037569709421778,1,0.5486868456723756,0.5715652149808794,0.6037569709421778,rf
2023_13_CLE_LA,2023,13,2023-12-03,LA,CLE,3.5,39.5,0.6309403437815976,1,0.5862116904858498,0.6083225147753026,0.6309403437815976,rf
2023_13_LAC_NE,2023,13,2023-12-03,NE,LAC,-4.5,38.5,0.33635187580853815,0,0.2791805794581047,0.29971111316489335,0.33635187580853815,rf
2023_13_DET_NO,2023,13,2023-12-03,NO,DET,-4.0,47.5,0.3630958183058778,0,0.3503995955259623,0.37298104318445446,0.3630958183058778,rf
2023_13_ATL_NYJ,2023,13,2023-12-03,NYJ,ATL,-2.0,33.0,0.4675324675324675,0,0.4329172900623672,0.4565487543145167,0.4675324675324675,rf
2023_13_SF_PHI,2023,13,2023-12-03,PHI,SF,-3.0,46.5,0.42794036443953615,0,0.5015902225963591,0.5250760031500231,0.42794036443953615,rf
2023_13_ARI_PIT,2023,13,2023-12-03,PIT,ARI,6.0,41.0,0.7095435684647302,0,0.7934266813419449,0.8071439131996148,0.7095435684647302,rf
2023_13_CAR_TB,2023,13,2023-12-03,TB,CAR,4.0,37.0,0.6369041816941223,1,0.6656892166150354,0.68538130088825,0.6369041816941223,rf
2023_13_IND_TEN,2023,13,2023-12-03,TEN,IND,-1.5,42.0,0.4739134147382802,0,0.4439406735954291,0.46760957679382026,0.4739134147382802,rf
2023_13_MIA_WAS,2023,13,2023-12-03,WAS,MIA,-8.5,50.0,0.2132564841498559,0,0.12441020902266094,0.13642136922449702,0.2132564841498559,rf
2023_13_CIN_JAX,2023,13,2023-12-04,JAX,CIN,10.0,41.0,0.8118668596237336,0,0.7842591948365836,0.7984845958408925,0.8118668596237336,rf
2023_14_NE_PIT,2023,14,2023-12-07,PIT,NE,6.0,30.0,0.7001620745542949,0,0.6858463588071393,0.7047606403046978,0.7001620745542949,rf
2023_14_TB_ATL,2023,14,2023-12-10,ATL,TB,1.5,41.5,0.5324675324675325,0,0.48131628123951564,0.5049380527781516,0.5324675324675325,rf
2023_14_LA_BAL,2023,14,2023-12-10,BAL,LA,7.5,42.0,0.7508125677139762,1,0.7471715240132839,0.7633321303664192,0.7508125677139762,rf
2023_14_DET_CHI,2023,14,2023-12-10,CHI,DET,-3.0,44.5,0.3962430290578221,1,0.3320107981240207,0.35416730888444065,0.3962430290578221,rf
2023_14_IND_CIN,2023,14,2023-12-10,CIN,IND,3.0,45.0,0.5720596355604638,1,0.5419776211748277,0.5649670112637404,0.5720596355604638,rf
2023_14_JAX_CLE,2023,14,2023-12-10,CLE,JAX,2.5,37.5,0.5634920634920635,1,0.4921366335539734,0.5156953661404594,0.5634920634920635,rf
2023_14_PHI_DAL,2023,14,2023-12-10,DAL,PHI,3.5,52.5,0.6092362344582594,1,0.5752714916907017,0.5976315421968772,0.6092362344582594,rf
2023_14_BUF_KC,2023,14,2023-12-10,KC,BUF,2.0,49.5,0.5324675324675325,0,0.46593299104235,0.48960642961005174,0.5324675324675325,rf
2023_14_DEN_LAC,2023,14,2023-12-10,LAC,DEN,3.0,45.0,0.593369754159424,0,0.464283822474013,0.48796013542372546,0.593369754159424,rf
2023_14_MIN_LV,2023,14,2023-12-10,LV,MIN,-3.0,40.5,0.4170073589533933,0,0.3971605331705102,0.4205058997465906,0.4170073589533933,rf
2023_14_CAR_NO,2023,14,2023-12-10,NO,CAR,5.5,39.0,0.6805555555555556,1,0.7237656023114314,0.7410445128713592,0.6805555555555556,rf
2023_14_HOU_NYJ,2023,14,2023-12-10,NYJ,HOU,-3.5,33.5,0.39076376554174075,1,0.36067301868647894,0.38346093946135484,0.39076376554174075,rf
2023_14_SEA_SF,2023,14,2023-12-10,SF,SEA,14.5,44.5,0.8720930232558138,1,0.9020384487801506,0.9089264631936652,0.8720930232558138,rf
2023_14_TEN_MIA,2023,14,2023-12-11,MIA,TEN,14.0,45.0,0.8677165354330709,0,0.903802578619392,0.910568843953603,0.8677165354330709,rf
2023_14_GB_NYG,2023,14,2023-12-11,NYG,GB,-6.0,37.5,0.30423004792665137,1,0.19370617407547122,0.2102640174016407,0.30423004792665137,rf
2023_15_LAC_LV,2023,15,2023-12-14,LV,LAC,3.0,36.0,0.593369754159424,1,0.5204459560202154,0.5437369613594617,0.593369754159424,rf
2023_15_MIN_CIN,2023,15,2023-12-16,CIN,MIN,3.0,41.5,0.6092362344582594,1,0.5679594669208599,0.5904744743348141,0.6092362344582594,rf
2023_15_DEN_DET,2023,15,2023-12-16,DET,DEN,5.5,49.0,0.690792883054068,1,0.6532635889276077,0.6734027074728642,0.690792883054068,rf
2023_15_PIT_IND,2023,15,2023-12-16,IND,PIT,1.5,41.5,0.5260865852617197,1,0.5026091803495668,0.5260861081267045,0.5260865852617197,rf
2023_15_SF_ARI,2023,15,2023-12-17,ARI,SF,-12.5,48.0,0.15349887133182846,0,0.2929278747166112,0.3139404199417584,0.15349887133182846,rf
2023_15_DAL_BUF,2023,15,2023-12-17,BUF,DAL,2.0,49.5,0.551441114716549,1,0.5016602524743093,0.5251454307505928,0.551441114716549,rf
2023_15_ATL_CAR,2023,15,2023-12-17,CAR,ATL,-3.0,32.0,0.4170073589533933,1,0.4205857649808957,0.4441471780150231,0.4170073589533933,rf
2023_15_CHI_CLE,2023,15,2023-12-17,CLE,CHI,3.0,38.0,0.5720596355604638,1,0.5519326544995282,0.5747544330255713,0.5720596355604638,rf
2023_15_TB_GB,2023,15,2023-12-17,GB,TB,4.0,41.5,0.6574752261956054,0,0.6504506624297699,0.6706875072273196,0.6574752261956054,rf
2023_15_BAL_JAX,2023,15,2023-12-17,JAX,BAL,-4.0,42.5,0.33635187580853815,0,0.28788224756712955,0.30872276432661605,0.33635187580853815,rf
2023_15_WAS_LA,2023,15,2023-12-17,LA,WAS,6.5,48.5,0.7179705215419501,1,0.7012210615800658,0.7194990233693506,0.7179705215419501,rf
2023_15_NYJ_MIA,2023,15,2023-12-17,MIA,NYJ,7.5,36.0,0.7440690150970525,1,0.7817909386023207,0.79615117668178,0.7440690150970525,rf
2023_15_KC_NE,2023,15,2023-12-17,NE,KC,-10.0,39.5,0.2042241228835748,0,0.23714615289608101,0.2559374802299153,0.2042241228835748,rf
2023_15_NYG_NO,2023,15,2023-12-17,NO,NYG,6.0,39.5,0.6853932584269663,1,0.7144868422090258,0.7321863371768403,0.6853932584269663,rf
2023_15_HOU_TEN,2023,15,2023-12-17,TEN,HOU,3.0,38.0,0.6037569709421778,0,0.5487426990250031,0.5716201103840285,0.6037569709421778,rf
2023_15_PHI_SEA,2023,15,2023-12-18,SEA,PHI,-5.0,46.0,0.3249687530045188,1,0.2599097491494074,0.27969316594941035,0.3249687530045188,rf
2023_16_NO_LA,2023,16,2023-12-21,LA,NO,4.0,45.5,0.6574752261956054,1,0.6372654435649585,0.657943117276062,0.6574752261956054,rf
2023_16_BUF_LAC,2023,16,2023-12-23,LAC,BUF,-13.0,44.5,0.1475409836065574,0,0.23262105792698798,0.25120078766554316,0.1475409836065574,rf
2023_16_CIN_PIT,2023,16,2023-12-23,PIT,CIN,-3.0,39.5,0.4170073589533933,1,0.3520786316828519,0.37469533107557806,0.4170073589533933,rf
2023_16_IND_ATL,2023,16,2023-12-24,ATL,IND,3.0,44.0,0.5829926410466066,1,0.512341726245157,0.5357244451186826,0.5829926410466066,rf
2023_16_GB_CAR,2023,16,2023-12-24,CAR,GB,-3.5,39.5,0.3630958183058778,0,0.3431027406402483,0.36552411484705,0.3630958183058778,rf
2023_16_ARI_CHI,2023,16,2023-12-24,CHI,ARI,4.5,42.0,0.6574752261956054,1,0.6685111487779435,0.6880982422944528,0.6574752261956054,rf
2023_16_NE_DEN,2023,16,2023-12-24,DEN,NE,7.0,37.5,0.740871613663133,0,0.7628407973337512,0.7782077651107532,0.740871613663133,rf
2023_16_CLE_HOU,2023,16,2023-12-24,HOU,CLE,-3.0,40.0,0.4066302458405761,0,0.4267678017254873,0.4503680684860703,0.4066302458405761,rf
2023_16_DAL_MIA,2023,16,2023-12-24,MIA,DAL,1.5,48.5,0.5260865852617197,1,0.48122172334769614,0.5048439489922364,0.5260865852617197,rf
2023_16_DET_MIN,2023,16,2023-12-24,MIN,DET,-2.5,47.5,0.42794036443953615,0,0.4431059116551536,0.4667728065682363,0.42794036443953615,rf
2023_16_WAS_NYJ,2023,16,2023-12-24,NYJ,WAS,3.0,36.5,0.5996387718242023,1,0.4764396196976233,0.5000826148933295,0.5996387718242023,rf
2023_16_JAX_TB,2023,16,2023-12-24,TB,JAX,-2.0,43.0,0.4675324675324675,1,0.43713151601913824,0.4607800872877023,0.4675324675324675,rf
2023_16_SEA_TEN,2023,16,2023-12-24,TEN,SEA,-3.0,42.0,0.4003612281757977,0,0.4463619447252413,0.47003590940072815,0.4003612281757977,rf
2023_16_LV_KC,2023,16,2023-12-25,KC,LV,11.0,40.5,0.8223350253807106,0,0.7919963291355594,0.8057936073016665,0.8223350253807106,rf
2023_16_NYG_PHI,2023,16,2023-12-25,PHI,NYG,14.0,41.0,0.863013698630137,1,0.8330937253423234,0.8444825909759766,0.863013698630137,rf
2023_16_BAL_SF,2023,16,2023-12-25,SF,BAL,6.5,47.5,0.7440690150970525,0,0.6837705683490358,0.7027679244101659,0.7440690150970525,rf
2023_17_NYJ_CLE,2023,17,2023-12-28,CLE,NYJ,6.5,33.5,0.7415045018878884,1,0.7190243795870268,0.7365198303547082,0.7415045018878884,rf
2023_17_DET_DAL,2023,17,2023-12-30,DAL,DET,5.5,53.0,0.6750312469954812,1,0.6237672325811917,0.6448664742405084,0.6750312469954812,rf
2023_17_MIA_BAL,2023,17,2023-12-31,BAL,MIA,3.0,47.0,0.6164383561643836,1,0.48203495996147044,0.5056532251538619,0.6164383561643836,rf
2023_17_NE_BUF,2023,17,2023-12-31,BUF,NE,15.0,40.0,0.8869565217391304,1,0.9384823515119997,0.9428039300230805,0.8869565217391304,rf
2023_17_ATL_CHI,2023,17,2023-12-31,CHI,ATL,3.0,39.0,0.5829926410466066,1,0.5569186596645349,0.5796498626467922,0.5829926410466066,rf
2023_17_LAC_DEN,2023,17,2023-12-31,DEN,LAC,3.5,39.5,0.6369041816941223,1,0.5737599698182697,0.5961528184054282,0.6369041816941223,rf
2023_17_TEN_HOU,2023,17,2023-12-31,HOU,TEN,5.0,44.0,0.6690070210631895,1,0.7023634467900278,0.7205926600979897,0.6690070210631895,rf
2023_17_LV_IND,2023,17,2023-12-31,IND,LV,3.5,42.5,0.6164383561643836,1,0.5526218872203856,0.575431407849057,0.6164383561643836,rf
2023_17_CAR_JAX,2023,17,2023-12-31,JAX,CAR,3.5,38.0,0.6309403437815976,1,0.7148550567096512,0.73253811063525,0.6309403437815976,rf
2023_17_CIN_KC,2023,17,2023-12-31,KC,CIN,7.5,46.0,0.7440690150970525,1,0.7880818540393603,0.802096763965349,0.7440690150970525,rf
2023_17_GB_MIN,2023,17,2023-12-31,MIN,GB,1.0,42.5,0.5043297540699688,0,0.4583247810505039,0.48200715292989077,0.5043297540699688,rf
2023_17_LA_NYG,2023,17,2023-12-31,NYG,LA,-6.0,43.5,0.2820294784580499,0,0.17859094569136783,0.19426324439659812,0.2820294784580499,rf
2023_17_ARI_PHI,2023,17,2023-12-31,PHI,ARI,12.0,48.0,0.8465011286681716,0,0.8546843648182765,0.8647218723351331,0.8465011286681716,rf
2023_17_PIT_SEA,2023,17,2023-12-31,SEA,PIT,4.5,40.5,0.6636481241914618,0,0.6820578913248373,0.7011232782861901,0.6636481241914618,rf
2023_17_NO_TB,2023,17,2023-12-31,TB,NO,2.5,42.5,0.5720596355604638,0,0.5170164234401414,0.5403477056012178,0.5720596355604638,rf
2023_17_SF_WAS,2023,17,2023-12-31,WAS,SF,-14.0,49.0,0.12382234185733514,0,0.1873115558806545,0.20350174909593552,0.12382234185733514,rf
2023_18_PIT_BAL,2023,18,2024-01-06,BAL,PIT,-3.0,34.0,0.4170073589533933,0,0.5348834056174233,0.557981415935907,0.4170073589533933,rf
2023_18_HOU_IND,2023,18,2024-01-06,IND,HOU,-1.5,47.5,0.4675324675324675,0,0.4939297713150668,0.5174759433417304,0.4675324675324675,rf
2023_18_SEA_ARI,2023,18,2024-01-07,ARI,SEA,-2.5,48.0,0.4170073589533933,0,0.388665579596915,0.4119054089274079,0.4170073589533933,rf
2023_18_TB_CAR,2023,18,2024-01-07,CAR,TB,-5.0,36.5,0.3194444444444444,0,0.2994495986013962,0.3206761656049773,0.3194444444444444,rf
2023_18_CLE_CIN,2023,18,2024-01-07,CIN,CLE,7.5,37.0,0.7508125677139762,1,0.7104776947279612,0.7283548609047285,0.7508125677139762,rf
2023_18_MIN_DET,2023,18,2024-01-07,DET,MIN,3.5,47.5,0.644729178800233,1,0.5956856621989816,0.6175639588184832,0.644729178800233,rf
2023_18_CHI_GB,2023,18,2024-01-07,GB,CHI,2.5,45.5,0.5720596355604638,1,0.47952113605635116,0.5031512413790168,0.5720596355604638,rf
2023_18_KC_LAC,2023,18,2024-01-07,LAC,KC,3.5,35.0,0.6224665518611737,0,0.4308194744428354,0.4544411289913599,0.6224665518611737,rf
2023_18_DEN_LV,2023,18,2024-01-07,LV,DEN,3.5,37.5,0.6092362344582594,1,0.6163664763104814,0.637683956001938,0.6092362344582594,rf
2023_18_BUF_MIA,2023,18,2024-01-07,MIA,BUF,-2.5,47.5,0.4170073589533933,0,0.4172112948173535,0.4407483171123587,0.4170073589533933,rf
2023_18_NYJ_NE,2023,18,2024-01-07,NE,NYJ,2.5,28.5,0.5634920634920635,0,0.530231477386565,0.5533957949188949,0.5634920634920635,rf
2023_18_ATL_NO,2023,18,2024-01-07,NO,ATL,3.5,41.5,0.6092362344582594,1,0.5535270816607027,0.5763203754142574,0.6092362344582594,rf
2023_18_PHI_NYG,2023,18,2024-01-07,NYG,PHI,-4.5,43.0,0.32872981910134214,1,0.30799088276793,0.3294836270021154,0.32872981910134214,rf
2023_18_LA_SF,2023,18,2024-01-07,SF,LA,5.5,40.0,0.6805555555555556,0,0.6495659557116135,0.6698332703690564,0.6805555555555556,rf
2023_18_JAX_TEN,2023,18,2024-01-07,TEN,JAX,-3.5,41.5,0.3775334481388264,1,0.38816945986831153,0.411402674336837,0.3775334481388264,rf
2023_18_DAL_WAS,2023,18,2024-01-07,WAS,DAL,-13.0,47.5,0.14205607476635515,0,0.19526218586257738,0.21190795255562206,0.14205607476635515,rf
2023_19_CLE_HOU,2023,19,2024-01-13,HOU,CLE,-2.5,45.0,0.42794036443953615,1,0.4088467821154231,0.4323136081404712,0.42794036443953615,rf
2023_19_MIA_KC,2023,19,2024-01-13,KC,MIA,4.5,43.5,0.6690070210631895,1,0.5997045754397288,0.6214795816554379,0.6690070210631895,rf
2023_19_GB_DAL,2023,19,2024-01-14,DAL,GB,7.0,52.5,0.7440690150970525,0,0.731976118909476,0.7488720307000274,0.7440690150970525,rf
2023_19_LA_DET,2023,19,2024-01-14,DET,LA,3.5,52.5,0.593369754159424,1,0.516560738706857,0.5398972108099658,0.593369754159424,rf
2023_19_PIT_BUF,2023,19,2024-01-15,BUF,PIT,10.0,39.5,0.7957758771164253,1,0.7845459824413832,0.7987556618623821,0.7957758771164253,rf
2023_19_PHI_TB,2023,19,2024-01-15,TB,PHI,-2.5,43.0,0.4066302458405761,1,0.4227056577232623,0.44628124268966624,0.4066302458405761,rf
2023_20_HOU_BAL,2023,20,2024-01-20,BAL,HOU,10.0,44.0,0.7768331562167907,1,0.6849620851830732,0.7039118389151329,0.7768331562167907,rf
2023_20_GB_SF,2023,20,2024-01-20,SF,GB,10.5,50.5,0.7913616398243045,1,0.702620723029564,0.7208389298592575,0.7913616398243045,rf
2023_20_KC_BUF,2023,20,2024-01-21,BUF,KC,2.5,45.5,0.5634920634920635,0,0.4898493826151458,0.5134232666752071,0.5634920634920635,rf
2023_20_TB_DET,2023,20,2024-01-21,DET,TB,6.0,49.5,0.705033164260632,1,0.604589246857104,0.6262350013217822,0.705033164260632,rf
2023_21_KC_BAL,2023,21,2024-01-28,BAL,KC,4.5,44.0,0.6574752261956054,0,0.7148882092041178,0.7325697818326274,0.6574752261956054,rf
2023_21_DET_SF,2023,21,2024-01-28,SF,DET,7.5,52.5,0.7335423197492164,1,0.704120455311033,0.7222742988694583,0.7335423197492164,rf
2023_22_SF_KC,2023,22,2024-02-11,KC,SF,-1.5,47.0,0.4782608695652174,1,0.42798408956697725,0.4515911152058689,0.4782608695652174,rf
2024_01_BAL_KC,2024,1,2024-09-05,KC,BAL,3.0,46.0,0.5720596355604638,1,0.4894427525896513,0.5254926791767927,0.5720596355604638,rf
2024_01_GB_PHI,2024,1,2024-09-06,PHI,GB,2.0,49.5,0.5427435387673957,1,0.43548094248935665,0.48322551585408136,0.5427435387673957,rf
2024_01_PIT_ATL,2024,1,2024-09-08,ATL,PIT,4.0,43.0,0.6309403437815976,0,0.5523156757848761,0.5740700178162681,0.6309403437815976,rf
2024_01_ARI_BUF,2024,1,2024-09-08,BUF,ARI,6.5,46.0,0.725752508361204,1,0.7546371171218182,0.7329635041096236,0.725752508361204,rf
2024_01_TEN_CHI,2024,1,2024-09-08,CHI,TEN,4.0,43.0,0.6369041816941223,1,0.6946203780696351,0.6845610722425081,0.6369041816941223,rf
2024_01_NE_CIN,2024,1,2024-09-08,CIN,NE,8.0,40.5,0.7571884984025559,0,0.7219322118941638,0.7063638218536157,0.7571884984025559,rf
2024_01_DAL_CLE,2024,1,2024-09-08,CLE,DAL,2.5,42.0,0.5427435387673957,0,0.43027417244057314,0.47910291630088087,0.5427435387673957,rf
2024_01_LA_DET,2024,1,2024-09-08,DET,LA,5.0,54.0,0.6636481241914618,1,0.6731948269754267,0.6676603382364249,0.6636481241914618,rf
2024_01_HOU_IND,2024,1,2024-09-08,IND,HOU,-3.0,49.0,0.4170073589533933,0,0.37027680691974696,0.43081652451935537,0.4170073589533933,rf
2024_01_LV_LAC,2024,1,2024-09-08,LAC,LV,3.0,41.0,0.5829926410466066,1,0.4841607936333616,0.5213862583977306,0.5829926410466066,rf
2024_01_JAX_MIA,2024,1,2024-09-08,MIA,JAX,3.5,49.5,0.6164383561643836,1,0.5288093417130082,0.5559567079221828,0.6164383561643836,rf
2024_01_CAR_NO,2024,1,2024-09-08,NO,CAR,3.5,41.5,0.6309403437815976,1,0.6291737827379699,0.633340476788351,0.6309403437815976,rf
2024_01_MIN_NYG,2024,1,2024-09-08,NYG,MIN,-1.0,42.5,0.4891657638136511,0,0.4456970467223765,0.49128866809095373,0.4891657638136511,rf
2024_01_DEN_SEA,2024,1,2024-09-08,SEA,DEN,6.5,42.0,0.705033164260632,1,0.7018029903760032,0.6902641311807823,0.705033164260632,rf
2024_01_WAS_TB,2024,1,2024-09-08,TB,WAS,4.0,42.0,0.6369041816941223,1,0.5942496000224938,0.6063585783695598,0.6369041816941223,rf
2024_01_NYJ_SF,2024,1,2024-09-09,SF,NYJ,3.5,43.0,0.6164383561643836,1,0.631246748426439,0.6349473064878026,0.6164383561643836,rf
2024_02_BUF_MIA,2024,2,2024-09-12,MIA,BUF,2.5,48.5,0.551441114716549,0,0.4489130137081936,0.49382021651373254,0.551441114716549,rf
2024_02_LA_ARI,2024,2,2024-09-15,ARI,LA,-1.0,47.5,0.4956702459300312,1,0.45617972386992484,0.49952936174489687,0.4956702459300312,rf
2024_02_LV_BAL,2024,2,2024-09-15,BAL,LV,9.0,41.0,0.7867435158501441,0,0.7547073692730567,0.7330213266603064,0.7867435158501441,rf
2024_02_LAC_CAR,2024,2,2024-09-15,CAR,LAC,-5.0,39.0,0.33635187580853815,0,0.3384370081315121,0.40445599850369357,0.33635187580853815,rf
2024_02_NO_DAL,2024,2,2024-09-15,DAL,NO,6.5,47.0,0.7135512302607419,0,0.6721548271803405,0.666843805358653,0.7135512302607419,rf
2024_02_PIT_DEN,2024,2,2024-09-15,DEN,PIT,-3.0,36.5,0.4170073589533933,0,0.39253592175662233,0.44891699225234,0.4170073589533933,rf
2024_02_TB_DET,2024,2,2024-09-15,DET,TB,7.5,51.5,0.7571884984025559,0,0.7033483393158172,0.6914938544002703,0.7571884984025559,rf
2024_02_IND_GB,2024,2,2024-09-15,GB,IND,-3.0,41.5,0.43650793650793646,1,0.4974183778637011,0.5316833943105481,0.43650793650793646,rf
2024_02_CHI_HOU,2024,2,2024-09-15,HOU,CHI,6.0,45.5,0.690792883054068,1,0.6999612126332492,0.6887997936886406,0.690792883054068,rf
2024_02_CLE_JAX,2024,2,2024-09-15,JAX,CLE,3.0,41.5,0.6037569709421778,0,0.5724951925164843,0.5896038898321977,0.6037569709421778,rf
2024_02_CIN_KC,2024,2,2024-09-15,KC,CIN,6.5,47.5,0.7135512302607419,1,0.7396225191608377,0.7206761443192431,0.7135512302607419,rf
2024_02_SF_MIN,2024,2,2024-09-15,MIN,SF,-4.5,46.5,0.34252477380439467,1,0.26620750146248134,0.3419700916289527,0.34252477380439467,rf
2024_02_SEA_NE,2024,2,2024-09-15,NE,SEA,-3.5,39.0,0.3962430290578221,0,0.4095980992553841,0.4626356228888512,0.3962430290578221,rf
2024_02_NYJ_TEN,2024,2,2024-09-15,TEN,NYJ,-3.5,41.5,0.3835616438356164,0,0.4338931168032261,0.4819692818465095,0.3835616438356164,rf
2024_02_NYG_WAS,2024,2,2024-09-15,WAS,NYG,1.5,42.5,0.5324675324675325,1,0.4028806790311246,0.4572495071717669,0.5324675324675325,rf
2024_02_ATL_PHI,2024,2,2024-09-16,PHI,ATL,5.5,46.5,0.6957699520733487,0,0.69707200799389,0.6865054112955408,0.6957699520733487,rf
2024_03_NE_NYJ,2024,3,2024-09-19,NYJ,NE,6.5,39.0,0.7095435684647302,1,0.7238422051815299,0.7079012570943028,0.7095435684647302,rf
2024_03_DET_ARI,2024,3,2024-09-22,ARI,DET,-3.0,51.5,0.42794036443953615,0,0.4138259398479023,0.46601611212423233,0.42794036443953615,rf
2024_03_KC_ATL,2024,3,2024-09-22,ATL,KC,-3.0,46.0,0.3962430290578221,0,0.35494623670553027,0.41819882354451593,0.3962430290578221,rf
2024_03_NYG_CLE,2024,3,2024-09-22,CLE,NYG,6.5,38.0,0.7001620745542949,0,0.7208153708521361,0.7054656605545239,0.7001620745542949,rf
2024_03_BAL_DAL,2024,3,2024-09-22,DAL,BAL,-1.5,47.5,0.4782608695652174,0,0.43055600979052633,0.47932630491443096,0.4782608695652174,rf
2024_03_CHI_IND,2024,3,2024-09-22,IND,CHI,1.5,43.0,0.5324675324675325,1,0.5119970408639427,0.5429725198551775,0.5324675324675325,rf
2024_03_SF_LA,2024,3,2024-09-22,LA,SF,-6.0,44.5,0.30920711694593195,1,0.2431416022786681,0.3209973936240775,0.30920711694593195,rf
2024_03_CAR_LV,2024,3,2024-09-22,LV,CAR,5.5,40.0,0.6805555555555556,0,0.6571227357500704,0.6550761904013147,0.6805555555555556,rf
2024_03_HOU_MIN,2024,3,2024-09-22,MIN,HOU,-2.0,46.0,0.448558885283451,1,0.46713749688889417,0.5081112939642456,0.448558885283451,rf
2024_03_PHI_NO,2024,3,2024-09-22,NO,PHI,2.5,49.0,0.5634920634920635,0,0.46562902156784675,0.5069317143224594,0.5634920634920635,rf
2024_03_LAC_PIT,2024,3,2024-09-22,PIT,LAC,3.0,36.0,0.5720596355604638,1,0.5527646612435143,0.5744157115616687,0.5720596355604638,rf
2024_03_MIA_SEA,2024,3,2024-09-22,SEA,MIA,4.0,41.5,0.644729178800233,1,0.6576386013342888,0.6554790207792658,0.644729178800233,rf
2024_03_DEN_TB,2024,3,2024-09-22,TB,DEN,6.0,40.5,0.6805555555555556,0,0.650034706242277,0.6495478826923754,0.6805555555555556,rf
2024_03_GB_TEN,2024,3,2024-09-22,TEN,GB,3.0,37.0,0.593369754159424,0,0.4699921761157196,0.5103420368333789,0.593369754159424,rf
2024_03_JAX_BUF,2024,3,2024-09-23,BUF,JAX,4.0,46.5,0.6574752261956054,1,0.715958227431302,0.7015665297503364,0.6574752261956054,rf
2024_03_WAS_CIN,2024,3,2024-09-23,CIN,WAS,7.5,46.0,0.7477827050997783,0,0.7567941813851671,0.7347403973257577,0.7477827050997783,rf
2024_04_DAL_NYG,2024,4,2024-09-26,NYG,DAL,-5.5,45.0,0.31460674157303364,0,0.21849172653782112,0.297887833800517,0.31460674157303364,rf
2024_04_WAS_ARI,2024,4,2024-09-29,ARI,WAS,3.5,49.0,0.6164383561643836,0,0.592161879239454,0.6047495913534421,0.6164383561643836,rf
2024_04_NO_ATL,2024,4,2024-09-29,ATL,NO,2.5,41.5,0.5634920634920635,1,0.47248657007310046,0.5122896461543105,0.5634920634920635,rf
2024_04_BUF_BAL,2024,4,2024-09-29,BAL,BUF,2.5,46.5,0.551441114716549,1,0.48977655370676987,0.525752009328777,0.551441114716549,rf
2024_04_CIN_CAR,2024,4,2024-09-29,CAR,CIN,-4.5,47.0,0.35527082119976705,0,0.33363114792346704,0.4004228260447459,0.35527082119976705,rf
2024_04_LA_CHI,2024,4,2024-09-29,CHI,LA,3.0,40.0,0.593369754159424,1,0.5361110197737148,0.5615870817803632,0.593369754159424,rf
2024_04_MIN_GB,2024,4,2024-09-29,GB,MIN,2.5,44.0,0.551441114716549,0,0.54582644205472,0.569072806744176,0.551441114716549,rf
2024_04_JAX_HOU,2024,4,2024-09-29,HOU,JAX,5.5,44.5,0.6750312469954812,1,0.6618785209395918,0.658792497752737,0.6750312469954812,rf
2024_04_PIT_IND,2024,4,2024-09-29,IND,PIT,-2.5,40.0,0.4572564612326044,1,0.47622185017801444,0.5152034429053957,0.4572564612326044,rf
2024_04_KC_LAC,2024,4,2024-09-29,LAC,KC,-7.5,41.5,0.2559309849029475,0,0.3148740851894816,0.38452864577414514,0.2559309849029475,rf
2024_04_CLE_LV,2024,4,2024-09-29,LV,CLE,-2.5,36.5,0.448558885283451,1,0.4611618623782578,0.503435166725172,0.448558885283451,rf
2024_04_DEN_NYJ,2024,4,2024-09-29,NYJ,DEN,7.5,39.5,0.7768331562167907,0,0.7832764460780924,0.7568249404986117,0.7768331562167907,rf
2024_04_NE_SF,2024,4,2024-09-29,SF,NE,10.5,41.5,0.8118668596237336,1,0.8325067237079852,0.799543320794674,0.8118668596237336,rf
2024_04_PHI_TB,2024,4,2024-09-29,TB,PHI,-1.0,42.0,0.4891657638136511,1,0.4671392199108773,0.5081126409906624,0.4891657638136511,rf
2024_04_SEA_DET,2024,4,2024-09-30,DET,SEA,3.5,46.5,0.6224665518611737,1,0.5484611574780552,0.5711019538392321,0.6224665518611737,rf
2024_04_TEN_MIA,2024,4,2024-09-30,MIA,TEN,2.5,37.0,0.551441114716549,0,0.5625844140988089,0.5819751393302934,0.551441114716549,rf
2024_05_TB_ATL,2024,5,2024-10-03,ATL,TB,2.5,44.0,0.5634920634920635,1,0.46511331622248575,0.5065283191268943,0.5634920634920635,rf
2024_05_CAR_CHI,2024,5,2024-10-06,CHI,CAR,4.0,40.0,0.6369041816941223,1,0.6289619146573697,0.6331762914722772,0.6369041816941223,rf
2024_05_BAL_CIN,2024,5,2024-10-06,CIN,BAL,-2.5,48.5,0.42794036443953615,0,0.3986674028513103,0.4538614898455687,0.42794036443953615,rf
2024_05_LV_DEN,2024,5,2024-10-06,DEN,LV,3.0,36.0,0.5829926410466066,1,0.47245581376105433,0.5122656406732614,0.5829926410466066,rf
2024_05_BUF_HOU,2024,5,2024-10-06,HOU,BUF,1.0,48.0,0.5173641257162701,1,0.3666783364409293,0.42786655111199107,0.5173641257162701,rf
2024_05_IND_JAX,2024,5,2024-10-06,JAX,IND,3.5,45.0,0.6224665518611737,1,0.5468943013502587,0.569895265893837,0.6224665518611737,rf
2024_05_GB_LA,2024,5,2024-10-06,LA,GB,-3.0,49.5,0.4170073589533933,0,0.32836632952194894,0.395986654900212,0.4170073589533933,rf
2024_05_NYJ_MIN,2024,5,2024-10-06,MIN,NYJ,2.5,42.0,0.5634920634920635,1,0.528581678427132,0.5557810818578967,0.5634920634920635,rf
2024_05_MIA_NE,2024,5,2024-10-06,NE,MIA,-2.0,37.0,0.4572564612326044,0,0.4155781689834519,0.46741508319327124,0.4572564612326044,rf
2024_05_DAL_PIT,2024,5,2024-10-06,PIT,DAL,2.5,43.5,0.551441114716549,0,0.49557672840147243,0.5302548991833714,0.551441114716549,rf
2024_05_NYG_SEA,2024,5,2024-10-06,SEA,NYG,7.0,42.5,0.725752508361204,0,0.8003988895522054,0.7714061694523995,0.725752508361204,rf
2024_05_ARI_SF,2024,5,2024-10-06,SF,ARI,7.0,48.5,0.7335423197492164,0,0.7916671960599541,0.7639377506038232,0.7335423197492164,rf
2024_05_CLE_WAS,2024,5,2024-10-06,WAS,CLE,3.0,44.0,0.5829926410466066,1,0.535792295705807,0.5613414001202506,0.5829926410466066,rf
2024_05_NO_KC,2024,5,2024-10-07,KC,NO,5.5,43.0,0.6690070210631895,1,0.6275248850029779,0.632062875355869,0.6690070210631895,rf
2024_06_SF_SEA,2024,6,2024-10-10,SEA,SF,-3.5,49.0,0.3630958183058778,0,0.3333077557480087,0.400150876770428,0.3630958183058778,rf
2024_06_WAS_BAL,2024,6,2024-10-13,BAL,WAS,6.5,51.5,0.7095435684647302,1,0.6446178018782907,0.6453308217799106,0.7095435684647302,rf
2024_06_ATL_CAR,2024,6,2024-10-13,CAR,ATL,-6.0,45.5,0.30920711694593195,0,0.23965724727873958,0.31777696745561207,0.30920711694593195,rf
2024_06_JAX_CHI,2024,6,2024-10-13,CHI,JAX,-1.5,44.5,0.4782608695652174,1,0.43247687925553097,0.4808480891575692,0.4782608695652174,rf
2024_06_DET_DAL,2024,6,2024-10-13,DAL,DET,-3.5,52.5,0.3835616438356164,0,0.3589009070232345,0.42146638028948374,0.3835616438356164,rf
2024_06_LAC_DEN,2024,6,2024-10-13,DEN,LAC,-3.0,37.0,0.4170073589533933,0,0.5245949507608612,0.5527048061068452,0.4170073589533933,rf
2024_06_ARI_GB,2024,6,2024-10-13,GB,ARI,5.5,47.0,0.6750312469954812,1,0.7259247738350016,0.7095796827859993,0.6750312469954812,rf
2024_06_PIT_LV,2024,6,2024-10-13,LV,PIT,-3.5,36.5,0.3835616438356164,0,0.3432737014804057,0.4084998370203862,0.3835616438356164,rf
2024_06_HOU_NE,2024,6,2024-10-13,NE,HOU,-6.5,38.5,0.30423004792665137,0,0.24140097285374634,0.3193904186072829,0.30423004792665137,rf
2024_06_TB_NO,2024,6,2024-10-13,NO,TB,-3.5,42.5,0.39076376554174075,0,0.45764886963517665,0.5006818101579059,0.39076376554174075,rf
2024_06_CIN_NYG,2024,6,2024-10-13,NYG,CIN,-4.5,46.0,0.33099297893681046,0,0.3065457774003238,0.37738818119982115,0.33099297893681046,rf
2024_06_CLE_PHI,2024,6,2024-10-13,PHI,CLE,8.0,42.0,0.7768331562167907,1,0.7990114127081783,0.7702146839941418,0.7768331562167907,rf
2024_06_IND_TEN,2024,6,2024-10-13,TEN,IND,2.5,42.0,0.551441114716549,0,0.5432981342625107,0.5671252883044129,0.551441114716549,rf
2024_06_BUF_NYJ,2024,6,2024-10-14,NYJ,BUF,-1.0,42.0,0.4739134147382802,0,0.40223481659666943,0.4567306473130561,0.4739134147382802,rf
2024_07_DEN_NO,2024,7,2024-10-17,NO,DEN,-2.5,37.0,0.42794036443953615,0,0.5092436431066799,0.5408427961164407,0.42794036443953615,rf
2024_07_SEA_ATL,2024,7,2024-10-20,ATL,SEA,3.0,51.5,0.593369754159424,0,0.5469192143951671,0.5699144531306117,0.593369754159424,rf
2024_07_TEN_BUF,2024,7,2024-10-20,BUF,TEN,9.5,41.0,0.8081570996978852,1,0.891365230875622,0.8549211543281465,0.8081570996978852,rf
2024_07_CIN_CLE,2024,7,2024-10-20,CLE,CIN,-5.5,42.0,0.33099297893681046,0,0.3118898709311615,0.381976214881826,0.33099297893681046,rf
2024_07_HOU_GB,2024,7,2024-10-20,GB,HOU,3.0,48.0,0.6037569709421778,1,0.4960063166051963,0.5305881659750125,0.6037569709421778,rf
2024_07_MIA_IND,2024,7,2024-10-20,IND,MIA,3.0,44.0,0.5829926410466066,1,0.5412441084687131,0.565542842164521,0.5829926410466066,rf
2024_07_NE_JAX,2024,7,2024-10-20,JAX,NE,6.5,42.0,0.7179705215419501,1,0.7462762629323223,0.7261043471067239,0.7179705215419501,rf
2024_07_LV_LA,2024,7,2024-10-20,LA,LV,7.0,43.0,0.7477827050997783,1,0.7654800988431909,0.7419272806523319,0.7477827050997783,rf
2024_07_DET_MIN,2024,7,2024-10-20,MIN,DET,1.0,50.5,0.5173641257162701,0,0.48135035445248003,0.5191990246711105,0.5173641257162701,rf
2024_07_PHI_NYG,2024,7,2024-10-20,NYG,PHI,-3.0,42.0,0.4003612281757977,0,0.38138682882286035,0.4398815313630992,0.4003612281757977,rf
2024_07_NYJ_PIT,2024,7,2024-10-20,PIT,NYJ,-3.0,40.0,0.4003612281757977,1,0.50218608137523,0.5353788891500472,0.4003612281757977,rf
2024_07_KC_SF,2024,7,2024-10-20,SF,KC,2.5,47.5,0.5634920634920635,0,0.523617770680478,0.5519505445344781,0.5634920634920635,rf
2024_07_CAR_WAS,2024,7,2024-10-20,WAS,CAR,10.0,51.0,0.8081570996978852,1,0.810678854479038,0.7802929908964353,0.8081570996978852,rf
2024_07_LAC_ARI,2024,7,2024-10-21,ARI,LAC,-1.0,44.0,0.4739134147382802,1,0.4907162846606216,0.5264819741559494,0.4739134147382802,rf
2024_07_BAL_TB,2024,7,2024-10-21,TB,BAL,-4.5,51.0,0.33635187580853815,0,0.3299957720552109,0.3973616611318032,0.33635187580853815,rf
2024_08_MIN_LA,2024,8,2024-10-24,LA,MIN,-3.0,47.5,0.4170073589533933,1,0.3905604796311111,0.44732033550317496,0.4170073589533933,rf
2024_08_PHI_CIN,2024,8,2024-10-27,CIN,PHI,2.5,47.5,0.5720596355604638,0,0.5864616424447119,0.6003579041890919,0.5720596355604638,rf
2024_08_BAL_CLE,2024,8,2024-10-27,CLE,BAL,-7.5,44.5,0.24000000000000005,1,0.2636988654520452,0.3397167972014636,0.24000000000000005,rf
2024_08_CAR_DEN,2024,8,2024-10-27,DEN,CAR,13.0,40.5,0.8465011286681716,1,0.86324010984587,0.8277130723138325,0.8465011286681716,rf
2024_08_TEN_DET,2024,8,2024-10-27,DET,TEN,12.5,45.0,0.8524590163934427,1,0.8909489320058671,0.8545061849818072,0.8524590163934427,rf
2024_08_IND_HOU,2024,8,2024-10-27,HOU,IND,5.0,45.0,0.6636481241914618,1,0.6872871760423787,0.6787586913456438,0.6636481241914618,rf
2024_08_GB_JAX,2024,8,2024-10-27,JAX,GB,-3.5,49.0,0.3690596562184025,0,0.33763798031303205,0.4037864949354532,0.3690596562184025,rf
2024_08_NO_LAC,2024,8,2024-10-27,LAC,NO,7.0,41.5,0.725752508361204,1,0.7273756455653272,0.7107503000020255,0.725752508361204,rf
2024_08_KC_LV,2024,8,2024-10-27,LV,KC,-9.0,42.0,0.21809369951534735,0,0.22717059918532356,0.3061136309659686,0.21809369951534735,rf
2024_08_ARI_MIA,2024,8,2024-10-27,MIA,ARI,4.0,46.5,0.6369041816941223,0,0.5903137876637873,0.6033255311948392,0.6369041816941223,rf
2024_08_NYJ_NE,2024,8,2024-10-27,NE,NYJ,-7.0,41.0,0.27792074112197634,1,0.23087085108997377,0.30959042025416444,0.27792074112197634,rf
2024_08_BUF_SEA,2024,8,2024-10-27,SEA,BUF,-3.0,45.5,0.3962430290578221,0,0.380746221596018,0.43936054423889204,0.3962430290578221,rf
2024_08_DAL_SF,2024,8,2024-10-27,SF,DAL,5.5,48.0,0.6750312469954812,1,0.6851546683615675,0.6770749815948748,0.6750312469954812,rf
2024_08_ATL_TB,2024,8,2024-10-27,TB,ATL,-1.5,47.0,0.4739134147382802,0,0.4683608113196336,0.5090674752602941,0.4739134147382802,rf
2024_08_CHI_WAS,2024,8,2024-10-27,WAS,CHI,1.5,46.5,0.5260865852617197,1,0.5367483563472529,0.5620783368216895,0.5260865852617197,rf
2024_08_NYG_PIT,2024,8,2024-10-28,PIT,NYG,6.0,37.5,0.7001620745542949,1,0.7518763810107834,0.7306937462014417,0.7001620745542949,rf
2024_09_HOU_NYJ,2024,9,2024-10-31,NYJ,HOU,2.5,43.5,0.5720596355604638,1,0.4667259900818321,0.5077895646716831,0.5720596355604638,rf
2024_09_CHI_ARI,2024,9,2024-11-03,ARI,CHI,1.5,44.5,0.5217391304347826,1,0.4391530181612538,0.4861275590513906,0.5217391304347826,rf
2024_09_DAL_ATL,2024,9,2024-11-03,ATL,DAL,3.0,52.0,0.5996387718242023,1,0.485000299707441,0.5220392941466232,0.5996387718242023,rf
2024_09_DEN_BAL,2024,9,2024-11-03,BAL,DEN,9.0,46.5,0.7779605263157894,1,0.697759344207142,0.6870509420726065,0.7779605263157894,rf
2024_09_MIA_BUF,2024,9,2024-11-03,BUF,MIA,6.5,49.0,0.7095435684647302,1,0.7869344393902725,0.7599183885250204,0.7095435684647302,rf
2024_09_NO_CAR,2024,9,2024-11-03,CAR,NO,-7.0,43.5,0.2559309849029475,1,0.24937857696313823,0.3267264478384509,0.2559309849029475,rf
2024_09_LV_CIN,2024,9,2024-11-03,CIN,LV,8.0,45.0,0.771505376344086,1,0.802238002759746,0.7729883415591632,0.771505376344086,rf
2024_09_LAC_CLE,2024,9,2024-11-03,CLE,LAC,-2.0,42.5,0.4572564612326044,0,0.46340879859894507,0.5051945332285488,0.4572564612326044,rf
2024_09_DET_GB,2024,9,2024-11-03,GB,DET,-2.5,47.5,0.4170073589533933,0,0.4483952258113004,0.4934128316062378,0.4170073589533933,rf
2024_09_IND_MIN,2024,9,2024-11-03,MIN,IND,6.5,47.0,0.7179705215419501,1,0.7449984342126172,0.7250598420186612,0.7179705215419501,rf
2024_09_WAS_NYG,2024,9,2024-11-03,NYG,WAS,-4.5,44.5,0.34252477380439467,0,0.34594927616249843,0.4107304288480605,0.34252477380439467,rf
2024_09_JAX_PHI,2024,9,2024-11-03,PHI,JAX,7.5,46.0,0.740871613663133,1,0.7725879313428473,0.747848310863445,0.740871613663133,rf
2024_09_LA_SEA,2024,9,2024-11-03,SEA,LA,-1.5,48.5,0.4675324675324675,0,0.4873589433138743,0.5238732873903172,0.4675324675324675,rf
2024_09_NE_TEN,2024,9,2024-11-03,TEN,NE,3.0,38.5,0.593369754159424,1,0.5512475170076692,0.5732475677292956,0.593369754159424,rf
2024_09_TB_KC,2024,9,2024-11-04,KC,TB,9.0,45.5,0.7768331562167907,1,0.728387395124688,0.7115672581497444,0.7768331562167907,rf
2024_10_CIN_BAL,2024,10,2024-11-07,BAL,CIN,6.0,53.0,0.7001620745542949,1,0.6731930567868962,0.6676589481332497,0.7001620745542949,rf
2024_10_NYJ_ARI,2024,10,2024-11-10,ARI,NYJ,-2.0,45.5,0.4572564612326044,1,0.4329201402612489,0.48119907840479564,0.4572564612326044,rf
2024_10_NYG_CAR,2024,10,2024-11-10,CAR,NYG,-6.5,40.5,0.2820294784580499,1,0.2358327987400791,0.3142253622235827,0.2820294784580499,rf
2024_10_NE_CHI,2024,10,2024-11-10,CHI,NE,6.5,37.5,0.7335423197492164,0,0.7922880356016447,0.764466468803346,0.7335423197492164,rf
2024_10_PHI_DAL,2024,10,2024-11-10,DAL,PHI,-7.5,44.5,0.2491874322860238,0,0.17119621604953864,0.25104293389989146,0.2491874322860238,rf
2024_10_DET_HOU,2024,10,2024-11-10,HOU,DET,-4.5,49.0,0.33099297893681046,0,0.32681829914781607,0.394678641452672,0.33099297893681046,rf
2024_10_BUF_IND,2024,10,2024-11-10,IND,BUF,-4.5,46.5,0.33099297893681046,0,0.2797458809662716,0.35402246599253506,0.33099297893681046,rf
2024_10_MIN_JAX,2024,10,2024-11-10,JAX,MIN,-7.0,42.5,0.25341685649202733,0,0.1926486302522391,0.27274927542325306,0.25341685649202733,rf
2024_10_DEN_KC,2024,10,2024-11-10,KC,DEN,7.5,42.5,0.7600000000000001,1,0.7609506111522719,0.7381730292715492,0.7600000000000001,rf
2024_10_TEN_LAC,2024,10,2024-11-10,LAC,TEN,8.0,40.0,0.7600000000000001,1,0.7906057558318652,0.76303460206914,0.7600000000000001,rf
2024_10_ATL_NO,2024,10,2024-11-10,NO,ATL,-3.5,46.5,0.3690596562184025,1,0.33325676759380096,0.4001079930222683,0.3690596562184025,rf
2024_10_SF_TB,2024,10,2024-11-10,TB,SF,-6.5,50.5,0.2820294784580499,0,0.20121094917475185,0.2811916702614363,0.2820294784580499,rf
2024_10_PIT_WAS,2024,10,2024-11-10,WAS,PIT,1.5,45.0,0.5260865852617197,0,0.5202402954289612,0.5493427728379184,0.5260865852617197,rf
2024_10_MIA_LA,2024,10,2024-11-11,LA,MIA,2.5,49.5,0.5634920634920635,0,0.48792233219556796,0.5243111963603689,0.5634920634920635,rf
2024_11_WAS_PHI,2024,11,2024-11-14,PHI,WAS,4.5,49.5,0.6690070210631895,1,0.6556360333958255,0.6539156244599776,0.6690070210631895,rf
2024_11_KC_BUF,2024,11,2024-11-17,BUF,KC,2.5,46.5,0.5634920634920635,1,0.5762729896549397,0.5925121326036155,0.5634920634920635,rf
2024_11_GB_CHI,2024,11,2024-11-17,CHI,GB,-6.0,41.0,0.30423004792665137,0,0.18354208018526263,0.26363605865262985,0.30423004792665137,rf
2024_11_ATL_DEN,2024,11,2024-11-17,DEN,ATL,2.0,44.5,0.551441114716549,1,0.48866809058569166,0.5248907627816788,0.551441114716549,rf
2024_11_JAX_DET,2024,11,2024-11-17,DET,JAX,14.0,47.5,0.8720930232558138,1,0.8845191414598006,0.8481475596236928,0.8720930232558138,rf
2024_11_CIN_LAC,2024,11,2024-11-17,LAC,CIN,1.0,48.0,0.5,1,0.4641270367191581,0.5057566447804456,0.5,rf
2024_11_LV_MIA,2024,11,2024-11-17,MIA,LV,8.0,43.5,0.7768331562167907,1,0.8302688658100426,0.7975437272238516,0.7768331562167907,rf
2024_11_LA_NE,2024,11,2024-11-17,NE,LA,-4.0,42.5,0.3630958183058778,0,0.39021226910138257,0.4470387059505561,0.3630958183058778,rf
2024_11_CLE_NO,2024,11,2024-11-17,NO,CLE,-1.0,44.0,0.4891657638136511,1,0.485614356238542,0.5225168675285395,0.4891657638136511,rf
2024_11_IND_NYJ,2024,11,2024-11-17,NYJ,IND,4.0,43.0,0.644729178800233,0,0.6250873461453436,0.6301750295315249,0.644729178800233,rf
2024_11_BAL_PIT,2024,11,2024-11-17,PIT,BAL,-3.0,48.0,0.39076376554174075,1,0.3940144082199177,0.4501108108005284,0.39076376554174075,rf
2024_11_SEA_SF,2024,11,2024-11-17,SF,SEA,6.0,49.0,0.6957699520733487,0,0.7095733924826124,0.696457649370163,0.6957699520733487,rf
2024_11_MIN_TEN,2024,11,2024-11-17,TEN,MIN,-6.0,40.0,0.28644876973925815,0,0.25771536472530493,0.3343158856535114,0.28644876973925815,rf
2024_11_HOU_DAL,2024,11,2024-11-18,DAL,HOU,-7.5,41.5,0.2491874322860238,0,0.2787793050288079,0.3531678385550529,0.2491874322860238,rf
2024_12_PIT_CLE,2024,12,2024-11-21,CLE,PIT,-3.5,36.5,0.35527082119976705,1,0.39572528972347415,0.45149104123498984,0.35527082119976705,rf
2024_12_KC_CAR,2024,12,2024-11-24,CAR,KC,-11.0,43.0,0.15999999999999998,0,0.24569133486861147,0.3233449153675609,0.15999999999999998,rf
2024_12_MIN_CHI,2024,12,2024-11-24,CHI,MIN,-3.0,39.5,0.39076376554174075,0,0.401924999118537,0.45648168908525294,0.39076376554174075,rf
2024_12_SF_GB,2024,12,2024-11-24,GB,SF,6.5,44.5,0.7135512302607419,1,0.6658299126828979,0.6618848122125747,0.7135512302607419,rf
2024_12_TEN_HOU,2024,12,2024-11-24,HOU,TEN,8.0,40.5,0.7571884984025559,0,0.7901956961442578,0.7626859606917318,0.7571884984025559,rf
2024_12_DET_IND,2024,12,2024-11-24,IND,DET,-7.0,50.5,0.2428115015974441,0,0.22443061279143572,0.3035276009339364,0.2428115015974441,rf
2024_12_PHI_LA,2024,12,2024-11-24,LA,PHI,-3.0,49.0,0.3962430290578221,0,0.4134106892500572,0.4656844017251483,0.3962430290578221,rf
2024_12_DEN_LV,2024,12,2024-11-24,LV,DEN,-6.5,41.5,0.2949668357393679,0,0.19037305438938049,0.27048534708459937,0.2949668357393679,rf
2024_12_NE_MIA,2024,12,2024-11-24,MIA,NE,7.5,46.0,0.7508125677139762,1,0.7558772028386863,0.7339846575390142,0.7508125677139762,rf
2024_12_TB_NYG,2024,12,2024-11-24,NYG,TB,-6.5,40.5,0.2820294784580499,0,0.24156831828790423,0.319545070524773,0.2820294784580499,rf
2024_12_ARI_SEA,2024,12,2024-11-24,SEA,ARI,-1.0,46.5,0.4891657638136511,1,0.493545169523916,0.5286784148718346,0.4891657638136511,rf
2024_12_DAL_WAS,2024,12,2024-11-24,WAS,DAL,10.5,45.0,0.827123695976155,0,0.8311854845697992,0.7983619904565715,0.827123695976155,rf
2024_12_BAL_LAC,2024,12,2024-11-25,LAC,BAL,-3.0,51.0,0.4003612281757977,0,0.41483549541832077,0.4668222826963688,0.4003612281757977,rf
2024_13_NYG_DAL,2024,13,2024-11-28,DAL,NYG,4.5,39.0,0.661450015969339,1,0.6700038721042139,0.6651560591729974,0.661450015969339,rf
2024_13_CHI_DET,2024,13,2024-11-28,DET,CHI,9.5,47.5,0.8042929292929294,1,0.7952807500738889,0.7670199865986688,0.8042929292929294,rf
2024_13_MIA_GB,2024,13,2024-11-28,GB,MIA,3.5,47.5,0.6092362344582594,1,0.5579935810201614,0.5784412681238039,0.6092362344582594,rf
2024_13_LV_KC,2024,13,2024-11-29,KC,LV,13.5,42.0,0.8524590163934427,1,0.8819551555163453,0.8456374939986199,0.8524590163934427,rf
2024_13_LAC_ATL,2024,13,2024-12-01,ATL,LAC,-1.0,47.0,0.4826358742837298,0,0.40219841002064677,0.4567013944257903,0.4826358742837298,rf
2024_13_PHI_BAL,2024,13,2024-12-01,BAL,PHI,3.0,50.0,0.593369754159424,0,0.5539814739899936,0.5753525574346231,0.593369754159424,rf
2024_13_SF_BUF,2024,13,2024-12-01,BUF,SF,6.5,45.0,0.740871613663133,1,0.7268052293101499,0.7102899383643718,0.740871613663133,rf
2024_13_TB_CAR,2024,13,2024-12-01,CAR,TB,-6.5,46.0,0.28644876973925815,0,0.24765808293383754,0.325150536248166,0.28644876973925815,rf
2024_13_PIT_CIN,2024,13,2024-12-01,CIN,PIT,3.0,46.0,0.5829926410466066,0,0.5219264906474087,0.5506448501548062,0.5829926410466066,rf
2024_13_HOU_JAX,2024,13,2024-12-01,JAX,HOU,-3.5,44.5,0.3690596562184025,0,0.33857528979649576,0.404571822064625,0.3690596562184025,rf
2024_13_ARI_MIN,2024,13,2024-12-01,MIN,ARI,3.5,45.5,0.6224665518611737,1,0.6175572533460382,0.6243487656456529,0.6224665518611737,rf
2024_13_IND_NE,2024,13,2024-12-01,NE,IND,-2.5,41.5,0.448558885283451,0,0.4384321310215636,0.48555818727857186,0.448558885283451,rf
2024_13_LA_NO,2024,13,2024-12-01,NO,LA,-2.5,48.5,0.43650793650793646,0,0.429659294807597,0.47861545945200845,0.43650793650793646,rf
2024_13_SEA_NYJ,2024,13,2024-12-01,NYJ,SEA,1.0,41.5,0.5108342361863488,0,0.49795697364601543,0.5321010528290918,0.5108342361863488,rf
2024_13_TEN_WAS,2024,13,2024-12-01,WAS,TEN,6.0,45.0,0.6853932584269663,1,0.6981217615317924,0.687338663058274,0.6853932584269663,rf
2024_13_CLE_DEN,2024,13,2024-12-02,DEN,CLE,6.5,41.5,0.7135512302607419,1,0.788056116666452,0.7608692296373105,0.7135512302607419,rf
2024_14_GB_DET,2024,14,2024-12-05,DET,GB,3.0,53.0,0.6037569709421778,1,0.45582519227656954,0.4992511664409305,0.6037569709421778,rf
2024_14_SEA_ARI,2024,14,2024-12-08,ARI,SEA,3.0,45.5,0.6092362344582594,0,0.5425352027731491,0.5665375452845383,0.6092362344582594,rf
2024_14_LAC_KC,2024,14,2024-12-08,KC,LAC,5.0,43.5,0.6750312469954812,1,0.6621304503537263,0.658989528208651,0.6750312469954812,rf
2024_14_BUF_LA,2024,14,2024-12-08,LA,BUF,-3.5,49.5,0.3690596562184025,1,0.4124602502582818,0.464924915879723,0.3690596562184025,rf
2024_14_NYJ_MIA,2024,14,2024-12-08,MIA,NYJ,6.5,45.0,0.7179705215419501,1,0.7248852234429478,0.7087415941500351,0.7179705215419501,rf
2024_14_ATL_MIN,2024,14,2024-12-08,MIN,ATL,6.0,46.5,0.6853932584269663,1,0.689630975399931,0.6806110815505877,0.6853932584269663,rf
2024_14_NO_NYG,2024,14,2024-12-08,NYG,NO,-5.5,41.0,0.3194444444444444,0,0.26094330884147005,0.3372342177170155,0.3194444444444444,rf
2024_14_CAR_PHI,2024,14,2024-12-08,PHI,CAR,14.0,44.5,0.8677165354330709,1,0.9040724966665779,0.8677961042207982,0.8677165354330709,rf
2024_14_CLE_PIT,2024,14,2024-12-08,PIT,CLE,6.0,43.0,0.690792883054068,1,0.7584765654446971,0.7361284091919883,0.690792883054068,rf
2024_14_CHI_SF,2024,14,2024-12-08,SF,CHI,3.0,43.5,0.593369754159424,1,0.5929828768036609,0.6053822900480402,0.593369754159424,rf
2024_14_LV_TB,2024,14,2024-12-08,TB,LV,7.0,47.0,0.7335423197492164,1,0.8218847554854509,0.790106841680207,0.7335423197492164,rf
2024_14_JAX_TEN,2024,14,2024-12-08,TEN,JAX,3.0,40.0,0.6037569709421778,0,0.5916689432934281,0.604369734120184,0.6037569709421778,rf
2024_14_CIN_DAL,2024,14,2024-12-09,DAL,CIN,-5.0,51.0,0.33099297893681046,0,0.3716260756636935,0.4319208482003662,0.33099297893681046,rf
2024_15_LA_SF,2024,15,2024-12-12,SF,LA,3.0,48.5,0.5829926410466066,0,0.5015049084897976,0.5348511302742313,0.5829926410466066,rf
2024_15_NE_ARI,2024,15,2024-12-15,ARI,NE,6.0,46.5,0.690792883054068,1,0.674821140090861,0.6689378636866173,0.690792883054068,rf
2024_15_DAL_CAR,2024,15,2024-12-15,CAR,DAL,2.5,42.0,0.5634920634920635,0,0.5346275414751491,0.5604435094320935,0.5634920634920635,rf
2024_15_KC_CLE,2024,15,2024-12-15,CLE,KC,-4.5,41.5,0.33099297893681046,0,0.26630897059804787,0.3420610973688168,0.33099297893681046,rf
2024_15_IND_DEN,2024,15,2024-12-15,DEN,IND,4.5,43.5,0.6750312469954812,1,0.7409582255792855,0.7217637468539704,0.6750312469954812,rf
2024_15_BUF_DET,2024,15,2024-12-15,DET,BUF,2.5,55.5,0.5427435387673957,0,0.4913783826825863,0.5269961804064741,0.5427435387673957,rf
2024_15_MIA_HOU,2024,15,2024-12-15,HOU,MIA,2.5,46.5,0.5829926410466066,1,0.4654867461782808,0.5068204302799687,0.5829926410466066,rf
2024_15_NYJ_JAX,2024,15,2024-12-15,JAX,NYJ,-3.5,41.5,0.39076376554174075,0,0.4353413507116628,0.48311510918853234,0.39076376554174075,rf
2024_15_TB_LAC,2024,15,2024-12-15,LAC,TB,3.0,46.0,0.593369754159424,0,0.5683773134344424,0.5864341179280528,0.593369754159424,rf
2024_15_WAS_NO,2024,15,2024-12-15,NO,WAS,-7.5,44.5,0.2428115015974441,0,0.2786758287438415,0.353076294874518,0.2428115015974441,rf
2024_15_BAL_NYG,2024,15,2024-12-15,NYG,BAL,-16.5,43.5,0.08755760368663595,0,0.23687154671830354,0.3151917718247002,0.08755760368663595,rf
2024_15_PIT_PHI,2024,15,2024-12-15,PHI,PIT,5.5,43.0,0.6957699520733487,1,0.6735605744380034,0.6679475748643039,0.6957699520733487,rf
2024_15_GB_SEA,2024,15,2024-12-15,SEA,GB,-3.0,48.0,0.4066302458405761,0,0.4093136221839011,0.46240790325437464,0.4066302458405761,rf
2024_15_CIN_TEN,2024,15,2024-12-15,TEN,CIN,-6.0,46.5,0.31460674157303364,0,0.23506631748900664,0.31351140485718876,0.31460674157303364,rf
2024_15_ATL_LV,2024,15,2024-12-16,LV,ATL,-6.5,44.5,0.2559309849029475,0,0.18134473531473355,0.26141534334123095,0.2559309849029475,rf
2024_15_CHI_MIN,2024,15,2024-12-16,MIN,CHI,7.0,43.5,0.7335423197492164,1,0.7843627964949588,0.7577424593853588,0.7335423197492164,rf
2024_16_DEN_LAC,2024,16,2024-12-19,LAC,DEN,3.0,41.5,0.5720596355604638,1,0.5036145582599072,0.5364854080360293,0.5720596355604638,rf
2024_16_PIT_BAL,2024,16,2024-12-21,BAL,PIT,7.0,44.5,0.7440690150970525,1,0.7679080933686245,0.7439457071550092,0.7440690150970525,rf
2024_16_HOU_KC,2024,16,2024-12-21,KC,HOU,3.5,42.5,0.6164383561643836,1,0.5962645245138322,0.6079117639500609,0.6164383561643836,rf
2024_16_NYG_ATL,2024,16,2024-12-22,ATL,NYG,9.5,42.5,0.8118668596237336,1,0.7663443408425181,0.7426452508029194,0.8118668596237336,rf
2024_16_NE_BUF,2024,16,2024-12-22,BUF,NE,14.0,48.0,0.8800000000000001,1,0.9240092655385322,0.8889436646142665,0.8800000000000001,rf
2024_16_ARI_CAR,2024,16,2024-12-22,CAR,ARI,-5.5,47.0,0.3194444444444444,1,0.28089687221307447,0.3550390107498449,0.3194444444444444,rf
2024_16_DET_CHI,2024,16,2024-12-22,CHI,DET,-7.0,47.5,0.2591283863368669,0,0.218744367122967,0.29812873206905394,0.2591283863368669,rf
2024_16_CLE_CIN,2024,16,2024-12-22,CIN,CLE,10.0,46.5,0.817258883248731,1,0.8375092677827612,0.8040365252257289,0.817258883248731,rf
2024_16_TB_DAL,2024,16,2024-12-22,DAL,TB,-4.5,47.5,0.34252477380439467,1,0.28443538924672424,0.3581565304183155,0.34252477380439467,rf
2024_16_TEN_IND,2024,16,2024-12-22,IND,TEN,4.0,42.5,0.6369041816941223,1,0.6808044778238135,0.6736451537095789,0.6369041816941223,rf
2024_16_JAX_LV,2024,16,2024-12-22,LV,JAX,2.5,41.5,0.5427435387673957,1,0.44155372613519916,0.48802249179875745,0.5427435387673957,rf
2024_16_SF_MIA,2024,16,2024-12-22,MIA,SF,-2.0,44.0,0.4675324675324675,1,0.4321583247047204,0.4805958055723101,0.4675324675324675,rf
2024_16_LA_NYJ,2024,16,2024-12-22,NYJ,LA,-3.0,47.0,0.4066302458405761,0,0.3968871691512969,0.45242762219463994,0.4066302458405761,rf
2024_16_MIN_SEA,2024,16,2024-12-22,SEA,MIN,-2.5,43.0,0.42794036443953615,0,0.422901907115871,0.47324960276630323,0.42794036443953615,rf
2024_16_PHI_WAS,2024,16,2024-12-22,WAS,PHI,-4.0,47.0,0.34252477380439467,1,0.35010735943792576,0.41418815339693443,0.34252477380439467,rf
2024_16_NO_GB,2024,16,2024-12-23,GB,NO,14.0,44.0,0.8677165354330709,1,0.9165820067130287,0.8809130573563254,0.8677165354330709,rf
2024_17_BAL_HOU,2024,17,2024-12-25,HOU,BAL,-5.5,46.5,0.3194444444444444,0,0.25884088839450065,0.33533471111282565,0.3194444444444444,rf
2024_17_KC_PIT,2024,17,2024-12-25,PIT,KC,-3.0,43.5,0.4066302458405761,0,0.38716209911592503,0.44456932523830855,0.4066302458405761,rf
2024_17_SEA_CHI,2024,17,2024-12-26,CHI,SEA,-3.5,43.5,0.3690596562184025,0,0.3449439869984864,0.40989285890328037,0.3690596562184025,rf
2024_17_DEN_CIN,2024,17,2024-12-28,CIN,DEN,3.5,50.5,0.6092362344582594,1,0.5550134421502351,0.5761470540765338,0.6092362344582594,rf
2024_17_ARI_LA,2024,17,2024-12-28,LA,ARI,6.5,48.0,0.740871613663133,1,0.7526855788089867,0.7313585262508172,0.740871613663133,rf
2024_17_LAC_NE,2024,17,2024-12-28,NE,LAC,-6.0,42.0,0.27792074112197634,0,0.20424707534363587,0.28415734835744977,0.27792074112197634,rf
2024_17_NYJ_BUF,2024,17,2024-12-29,BUF,NYJ,10.0,44.5,0.8042929292929294,1,0.8633193309995847,0.8277875856583162,0.8042929292929294,rf
2024_17_MIA_CLE,2024,17,2024-12-29,CLE,MIA,-3.0,32.5,0.3962430290578221,0,0.38364580797359404,0.44171707797999726,0.3962430290578221,rf
2024_17_TEN_JAX,2024,17,2024-12-29,JAX,TEN,-1.0,38.0,0.5043297540699688,1,0.5105592725515379,0.5418605503462569,0.5043297540699688,rf
2024_17_GB_MIN,2024,17,2024-12-29,MIN,GB,-1.0,49.0,0.4956702459300312,1,0.4318151597426806,0.4803239927883512,0.4956702459300312,rf
2024_17_LV_NO,2024,17,2024-12-29,NO,LV,-2.0,37.5,0.4675324675324675,0,0.5289130949502829,0.5560367446068357,0.4675324675324675,rf
2024_17_IND_NYG,2024,17,2024-12-29,NYG,IND,-7.5,40.5,0.22849462365591394,1,0.26253834791119113,0.3386722095242825,0.22849462365591394,rf
2024_17_DAL_PHI,2024,17,2024-12-29,PHI,DAL,7.5,37.5,0.7335423197492164,1,0.7247459513733454,0.7086293540740726,0.7335423197492164,rf
2024_17_CAR_TB,2024,17,2024-12-29,TB,CAR,9.5,47.5,0.7999999999999999,1,0.8731897238029003,0.8371590534020866,0.7999999999999999,rf
2024_17_ATL_WAS,2024,17,2024-12-29,WAS,ATL,3.5,46.5,0.6309403437815976,1,0.5908468489881992,0.6037362626515301,0.6309403437815976,rf
2024_17_DET_SF,2024,17,2024-12-30,SF,DET,-4.0,50.5,0.33099297893681046,0,0.27276569225639324,0.34783077072282,0.33099297893681046,rf
2024_18_CLE_BAL,2024,18,2025-01-04,BAL,CLE,19.5,42.5,0.9258160237388724,1,0.9437222584944499,0.9113522252838459,0.9258160237388724,rf
2024_18_CIN_PIT,2024,18,2025-01-04,PIT,CIN,-2.5,48.5,0.42794036443953615,0,0.3950013808822186,0.4509071987453832,0.42794036443953615,rf
2024_18_SF_ARI,2024,18,2025-01-05,ARI,SF,4.5,42.5,0.6309403437815976,1,0.5936073881656018,0.6058635988202774,0.6309403437815976,rf
2024_18_CAR_ATL,2024,18,2025-01-05,ATL,CAR,7.5,48.5,0.7600000000000001,0,0.8137400438207812,0.7829602833146008,0.7600000000000001,rf
2024_18_WAS_DAL,2024,18,2025-01-05,DAL,WAS,-7.0,43.5,0.27424749163879597,0,0.21085084576132668,0.29055955367586483,0.27424749163879597,rf
2024_18_KC_DEN,2024,18,2025-01-05,DEN,KC,10.5,40.5,0.7957758771164253,1,0.6299848728170079,0.6339690940606207,0.7957758771164253,rf
2024_18_MIN_DET,2024,18,2025-01-05,DET,MIN,3.0,56.5,0.5720596355604638,1,0.4953904281439208,0.5301103608467995,0.5720596355604638,rf
2024_18_CHI_GB,2024,18,2025-01-05,GB,CHI,10.0,41.5,0.771505376344086,0,0.9085005158558445,0.8723849203769554,0.771505376344086,rf
2024_18_JAX_IND,2024,18,2025-01-05,IND,JAX,3.5,45.5,0.6164383561643836,1,0.6110098369591838,0.6192891294560312,0.6164383561643836,rf
2024_18_SEA_LA,2024,18,2025-01-05,LA,SEA,-7.5,38.5,0.2491874322860238,0,0.4313322837703682,0.4799414501388301,0.2491874322860238,rf
2024_18_LAC_LV,2024,18,2025-01-05,LV,LAC,-7.0,42.5,0.2559309849029475,0,0.1917708682643975,0.2718770357576928,0.2559309849029475,rf
2024_18_BUF_NE,2024,18,2025-01-05,NE,BUF,-3.0,36.5,0.4003612281757977,1,0.3721495278428404,0.43234901403231685,0.4003612281757977,rf
2024_18_MIA_NYJ,2024,18,2025-01-05,NYJ,MIA,1.5,39.5,0.5260865852617197,1,0.4570452210655828,0.5002083587464403,0.5260865852617197,rf
2024_18_NYG_PHI,2024,18,2025-01-05,PHI,NYG,3.0,36.5,0.5829926410466066,1,0.5570766548933899,0.577735407911751,0.5829926410466066,rf
2024_18_NO_TB,2024,18,2025-01-05,TB,NO,14.5,44.5,0.8761776581426649,1,0.8712391244396533,0.8352928683452756,0.8761776581426649,rf
2024_18_HOU_TEN,2024,18,2025-01-05,TEN,HOU,2.5,36.5,0.5634920634920635,0,0.43819708391534234,0.48537250591997033,0.5634920634920635,rf
2024_19_PIT_BAL,2024,19,2025-01-11,BAL,PIT,9.5,44.5,0.8042929292929294,1,0.7892364308556551,0.7618709492174277,0.8042929292929294,rf
2024_19_LAC_HOU,2024,19,2025-01-11,HOU,LAC,-3.0,41.5,0.4066302458405761,1,0.36510511416726193,0.42657463744485963,0.4066302458405761,rf
2024_19_DEN_BUF,2024,19,2025-01-12,BUF,DEN,7.5,48.5,0.7768331562167907,1,0.7231289942528927,0.7073269516607898,0.7768331562167907,rf
2024_19_GB_PHI,2024,19,2025-01-12,PHI,GB,5.5,45.5,0.6853932584269663,1,0.6092085831237063,0.6178980959734792,0.6853932584269663,rf
2024_19_WAS_TB,2024,19,2025-01-12,TB,WAS,3.0,51.5,0.593369754159424,0,0.5087245271330049,0.5404411483947829,0.593369754159424,rf
2024_19_MIN_LA,2024,19,2025-01-13,LA,MIN,-2.5,47.5,0.43650793650793646,1,0.3690100416117404,0.42977884406748246,0.43650793650793646,rf
2024_20_WAS_DET,2024,20,2025-01-18,DET,WAS,8.5,55.5,0.8042929292929294,0,0.7090228855816078,0.6960180094876822,0.8042929292929294,rf
2024_20_HOU_KC,2024,20,2025-01-18,KC,HOU,9.5,41.5,0.8118668596237336,1,0.7532608480126456,0.7318313819160056,0.8118668596237336,rf
2024_20_BAL_BUF,2024,20,2025-01-19,BUF,BAL,-1.5,51.5,0.4826358742837298,1,0.4513116765829037,0.49570641177476826,0.4826358742837298,rf
2024_20_LA_PHI,2024,20,2025-01-19,PHI,LA,7.0,43.5,0.7335423197492164,1,0.7732790279996371,0.7484260191616424,0.7335423197492164,rf
2024_21_BUF_KC,2024,21,2025-01-26,KC,BUF,1.5,49.5,0.5173641257162701,1,0.4955911828887933,0.5302661132342674,0.5173641257162701,rf
2024_21_WAS_PHI,2024,21,2025-01-26,PHI,WAS,6.0,46.5,0.6853932584269663,1,0.6499132673842182,0.649453270342211,0.6853932584269663,rf
2024_22_KC_PHI,2024,22,2025-02-09,PHI,KC,-1.5,48.5,0.4782608695652174,1,0.44868829122729503,0.4936434191839012,0.4782608695652174,rf
2025_01_DAL_PHI,2025,1,2025-09-04,PHI,DAL,8.5,47.5,0.7768331562167907,1,0.824293746721206,0.859649272631271,0.7768331562167907,rf
2025_01_KC_LAC,2025,1,2025-09-05,LAC,KC,-3.0,47.5,0.39076376554174075,1,0.3741921905600888,0.363664760850481,0.39076376554174075,rf
2025_01_TB_ATL,2025,1,2025-09-07,ATL,TB,-1.5,47.5,0.4891657638136511,0,0.41632460162739365,0.4118330768490089,0.4891657638136511,rf
2025_01_BAL_BUF,2025,1,2025-09-07,BUF,BAL,-1.5,50.5,0.4572564612326044,1,0.4360301143791046,0.4344787202085151,0.4572564612326044,rf
2025_01_CIN_CLE,2025,1,2025-09-07,CLE,CIN,-5.5,47.5,0.3249687530045188,0,0.29716468361554815,0.27717348481765103,0.3249687530045188,rf
2025_01_TEN_DEN,2025,1,2025-09-07,DEN,TEN,8.5,42.5,0.7867435158501441,1,0.8444093180126969,0.8786954234832729,0.7867435158501441,rf
2025_01_DET_GB,2025,1,2025-09-07,GB,DET,1.5,48.5,0.5217391304347826,1,0.5039743021386887,0.5127340387084253,0.5217391304347826,rf
2025_01_MIA_IND,2025,1,2025-09-07,IND,MIA,1.5,47.5,0.5043297540699688,1,0.44647069302706455,0.4464954677429561,0.5043297540699688,rf
2025_01_CAR_JAX,2025,1,2025-09-07,JAX,CAR,4.5,45.5,0.644729178800233,1,0.5907533901995651,0.6118986497726085,0.644729178800233,rf
2025_01_HOU_LA,2025,1,2025-09-07,LA,HOU,3.5,43.5,0.5996387718242023,1,0.5685264132510323,0.5866775005682527,0.5996387718242023,rf
2025_01_LV_NE,2025,1,2025-09-07,NE,LV,2.5,44.5,0.5829926410466066,0,0.5456003349218643,0.5605132116211227,0.5829926410466066,rf
2025_01_ARI_NO,2025,1,2025-09-07,NO,ARI,-6.0,44.5,0.299837925445705,0,0.29001707316418684,0.26929375869243666,0.299837925445705,rf
2025_01_PIT_NYJ,2025,1,2025-09-07,NYJ,PIT,-3.0,37.5,0.4170073589533933,0,0.40918508270353027,0.4036432170557653,0.4170073589533933,rf
2025_01_SF_SEA,2025,1,2025-09-07,SEA,SF,-2.5,43.5,0.448558885283451,0,0.4199750111497061,0.41602391252649623,0.448558885283451,rf
2025_01_NYG_WAS,2025,1,2025-09-07,WAS,NYG,6.0,45.5,0.7179705215419501,1,0.7243749983608452,0.7586340854528815,0.7179705215419501,rf
2025_01_MIN_CHI,2025,1,2025-09-08,CHI,MIN,-1.5,43.5,0.4956702459300312,0,0.4089373864406728,0.403359248666619,0.4956702459300312,rf
2025_02_WAS_GB,2025,2,2025-09-11,GB,WAS,3.5,48.5,0.6224665518611737,1,0.6110029981369092,0.6347236387077696,0.6224665518611737,rf
2025_02_CAR_ARI,2025,2,2025-09-14,ARI,CAR,7.0,45.5,0.725752508361204,1,0.75990981264596,0.7956411638326323,0.725752508361204,rf
2025_02_CLE_BAL,2025,2,2025-09-14,BAL,CLE,12.5,46.5,0.863013698630137,1,0.8935712128879448,0.9229085661640964,0.863013698630137,rf
2025_02_JAX_CIN,2025,2,2025-09-14,CIN,JAX,3.5,49.5,0.6309403437815976,1,0.5785001242139688,0.5980144427570941,0.6309403437815976,rf
2025_02_NYG_DAL,2025,2,2025-09-14,DAL,NYG,4.5,44.5,0.6750312469954812,1,0.6363201538596834,0.6630171980192986,0.6750312469954812,rf
2025_02_CHI_DET,2025,2,2025-09-14,DET,CHI,6.0,46.5,0.7001620745542949,1,0.7476882282363442,0.783033797101256,0.7001620745542949,rf
2025_02_DEN_IND,2025,2,2025-09-14,IND,DEN,-2.5,43.5,0.4572564612326044,1,0.34972828193009325,0.3359275726414785,0.4572564612326044,rf
2025_02_PHI_KC,2025,2,2025-09-14,KC,PHI,-1.5,46.5,0.4739134147382802,0,0.4336888582243029,0.4317854964838109,0.4739134147382802,rf
2025_02_NE_MIA,2025,2,2025-09-14,MIA,NE,1.5,43.5,0.5324675324675325,0,0.5839492947192022,0.6041951669570633,0.5324675324675325,rf
2025_02_ATL_MIN,2025,2,2025-09-14,MIN,ATL,3.5,44.5,0.6164383561643836,0,0.6371327845996316,0.6639203884091261,0.6164383561643836,rf
2025_02_SF_NO,2025,2,2025-09-14,NO,SF,-3.0,40.5,0.4003612281757977,0,0.40439682390589266,0.39815590860373923,0.4003612281757977,rf
2025_02_BUF_NYJ,2025,2,2025-09-14,NYJ,BUF,-6.0,47.5,0.28644876973925815,0,0.27530657406256165,0.2531736557159527,0.28644876973925815,rf
2025_02_SEA_PIT,2025,2,2025-09-14,PIT,SEA,3.5,40.5,0.6309403437815976,0,0.6223953250295305,0.6474913023936836,0.6309403437815976,rf
2025_02_LA_TEN,2025,2,2025-09-14,TEN,LA,-5.5,41.5,0.31460674157303364,0,0.2831701764154679,0.26177402792154997,0.31460674157303364,rf
2025_02_TB_HOU,2025,2,2025-09-15,HOU,TB,2.5,42.5,0.551441114716549,0,0.5129165301047477,0.523019818994268,0.551441114716549,rf
2025_02_LAC_LV,2025,2,2025-09-15,LV,LAC,-3.5,46.5,0.3630958183058778,0,0.3853653805169945,0.3763961340465537,0.3630958183058778,rf
2025_03_MIA_BUF,2025,3,2025-09-18,BUF,MIA,12.5,50.5,0.8524590163934427,1,0.8968359179915194,0.9257116986635582,0.8524590163934427,rf
2025_03_ATL_CAR,2025,3,2025-09-21,CAR,ATL,-5.5,44.5,0.33635187580853815,1,0.21013195125452802,0.18362722452406208,0.33635187580853815,rf
2025_03_DAL_CHI,2025,3,2025-09-21,CHI,DAL,-1.5,49.5,0.4675324675324675,1,0.3941553642969207,0.3864355733920023,0.4675324675324675,rf
2025_03_GB_CLE,2025,3,2025-09-21,CLE,GB,-8.5,41.5,0.20863836017569545,1,0.30736437877451595,0.28846785993241236,0.20863836017569545,rf
2025_03_HOU_JAX,2025,3,2025-09-21,JAX,HOU,1.5,43.5,0.5324675324675325,1,0.5039870041956351,0.5127486553100568,0.5324675324675325,rf
2025_03_DEN_LAC,2025,3,2025-09-21,LAC,DEN,2.5,45.5,0.5829926410466066,1,0.5563989970023271,0.5728538712893342,0.5829926410466066,rf
2025_03_CIN_MIN,2025,3,2025-09-21,MIN,CIN,3.0,41.5,0.593369754159424,1,0.5309821407334698,0.5437670337080692,0.593369754159424,rf
2025_03_PIT_NE,2025,3,2025-09-21,NE,PIT,-1.5,44.5,0.4782608695652174,0,0.4434030989906944,0.44296376509882535,0.4782608695652174,rf
2025_03_KC_NYG,2025,3,2025-09-21,NYG,KC,-6.0,44.5,0.26645768025078376,0,0.25696448997354554,0.23327277158179793,0.26645768025078376,rf
2025_03_LA_PHI,2025,3,2025-09-21,PHI,LA,3.5,45.5,0.6369041816941223,1,0.6505838692784941,0.6788216359438753,0.6369041816941223,rf
2025_03_NO_SEA,2025,3,2025-09-21,SEA,NO,7.5,41.5,0.7571884984025559,1,0.7678079764991976,0.8037171270975094,0.7571884984025559,rf
2025_03_ARI_SF,2025,3,2025-09-21,SF,ARI,1.5,44.5,0.5324675324675325,1,0.5216333228516954,0.5330366845368171,0.5324675324675325,rf
2025_03_NYJ_TB,2025,3,2025-09-21,TB,NYJ,6.5,43.5,0.7440690150970525,1,0.750971248583776,0.7864333426508432,0.7440690150970525,rf
2025_03_IND_TEN,2025,3,2025-09-21,TEN,IND,-6.0,43.5,0.3194444444444444,0,0.2443838549169412,0.21976230737909597,0.3194444444444444,rf
2025_03_LV_WAS,2025,3,2025-09-21,WAS,LV,2.5,43.5,0.5829926410466066,1,0.5907435648758327,0.6118875373739701,0.5829926410466066,rf
2025_03_DET_BAL,2025,3,2025-09-22,BAL,DET,4.5,53.5,0.6805555555555556,0,0.6277288995685101,0.6534489132613626,0.6805555555555556,rf
2025_04_SEA_ARI,2025,4,2025-09-25,ARI,SEA,-1.5,43.5,0.4675324675324675,0,0.477645579809727,0.4824118455691687,0.4675324675324675,rf
2025_04_WAS_ATL,2025,4,2025-09-28,ATL,WAS,2.5,43.5,0.5634920634920635,1,0.5276669467113644,0.5399635962589875,0.5634920634920635,rf
2025_04_NO_BUF,2025,4,2025-09-28,BUF,NO,15.5,48.5,0.8933823529411765,1,0.9160972829332248,0.9418613891724742,0.8933823529411765,rf
2025_04_CLE_DET,2025,4,2025-09-28,DET,CLE,10.0,44.5,0.8118668596237336,1,0.8950961016256874,0.92422012834229,0.8118668596237336,rf
2025_04_TEN_HOU,2025,4,2025-09-28,HOU,TEN,7.5,39.5,0.7819063004846527,1,0.7397247237040021,0.7747494020057799,0.7819063004846527,rf
2025_04_BAL_KC,2025,4,2025-09-28,KC,BAL,-2.5,48.5,0.42794036443953615,1,0.425478475712213,0.4223460487974546,0.42794036443953615,rf
2025_04_IND_LA,2025,4,2025-09-28,LA,IND,3.5,49.5,0.6224665518611737,1,0.6309846921832496,0.6570791315411304,0.6224665518611737,rf
2025_04_CHI_LV,2025,4,2025-09-28,LV,CHI,1.5,47.5,0.5324675324675325,0,0.5038875399299014,0.512634198656012,0.5324675324675325,rf
2025_04_CAR_NE,2025,4,2025-09-28,NE,CAR,5.5,42.5,0.6957699520733487,1,0.6883970695611565,0.7201660456854961,0.6957699520733487,rf
2025_04_LAC_NYG,2025,4,2025-09-28,NYG,LAC,-6.0,43.5,0.2904564315352697,1,0.30452435094417346,0.2853173119333088,0.2904564315352697,rf
2025_04_MIN_PIT,2025,4,2025-09-28,PIT,MIN,-2.5,41.5,0.42794036443953615,1,0.35074111199523944,0.33707169774049145,0.42794036443953615,rf
2025_04_JAX_SF,2025,4,2025-09-28,SF,JAX,3.5,45.5,0.6164383561643836,0,0.6772882612288946,0.7081095193658691,0.6164383561643836,rf
2025_04_PHI_TB,2025,4,2025-09-28,TB,PHI,-3.5,44.5,0.3775334481388264,0,0.38697977240186043,0.3782385239466846,0.3775334481388264,rf
2025_04_CIN_DEN,2025,4,2025-09-29,DEN,CIN,7.5,44.5,0.7913616398243045,1,0.7639139596467276,0.7997426280175726,0.7913616398243045,rf
2025_04_NYJ_MIA,2025,4,2025-09-29,MIA,NYJ,2.5,44.5,0.5720596355604638,1,0.5581988279946473,0.5749079281886199,0.5720596355604638,rf
2025_05_SF_LA,2025,5,2025-10-02,LA,SF,8.5,43.5,0.7819063004846527,0,0.7958888657106031,0.8319435378214778,0.7819063004846527,rf
2025_05_TEN_ARI,2025,5,2025-10-05,ARI,TEN,7.5,41.5,0.7768331562167907,0,0.7800187491565151,0.816087152824324,0.7768331562167907,rf
2025_05_HOU_BAL,2025,5,2025-10-05,BAL,HOU,-2.5,41.5,0.42794036443953615,0,0.5506219498246234,0.5662553390356813,0.42794036443953615,rf
2025_05_NE_BUF,2025,5,2025-10-05,BUF,NE,7.5,49.5,0.7659021045164341,0,0.714172742278426,0.7478209617053044,0.7659021045164341,rf
2025_05_MIA_CAR,2025,5,2025-10-05,CAR,MIA,-1.5,44.5,0.4782608695652174,1,0.43704971890510874,0.43565179096398954,0.4782608695652174,rf
2025_05_DET_CIN,2025,5,2025-10-05,CIN,DET,-10.5,49.5,0.18274111675126903,0,0.2761812768406573,0.2541283575654509,0.18274111675126903,rf
2025_05_MIN_CLE,2025,5,2025-10-05,CLE,MIN,-3.5,35.5,0.3630958183058778,0,0.37678015188474123,0.3666104329431162,0.3630958183058778,rf
2025_05_LV_IND,2025,5,2025-10-05,IND,LV,7.0,46.5,0.7508125677139762,1,0.7821829106706194,0.8182644272473959,0.7508125677139762,rf
2025_05_WAS_LAC,2025,5,2025-10-05,LAC,WAS,2.5,47.5,0.5829926410466066,0,0.5487456723122415,0.564110528498379,0.5829926410466066,rf
2025_05_NYG_NO,2025,5,2025-10-05,NO,NYG,1.5,41.5,0.5217391304347826,1,0.4747696250007627,0.4790978706957654,0.5217391304347826,rf
2025_05_DAL_NYJ,2025,5,2025-10-05,NYJ,DAL,1.5,48.5,0.5108342361863488,0,0.4588757515032069,0.4607836461014429,0.5108342361863488,rf
2025_05_DEN_PHI,2025,5,2025-10-05,PHI,DEN,3.5,44.5,0.6574752261956054,0,0.6497232660663191,0.6778710828132586,0.6574752261956054,rf
2025_05_TB_SEA,2025,5,2025-10-05,SEA,TB,3.5,44.5,0.6164383561643836,0,0.6188101345170239,0.643479395505803,0.6164383561643836,rf
2025_05_KC_JAX,2025,5,2025-10-06,JAX,KC,-3.5,45.5,0.3630958183058778,1,0.3783942525501722,0.36844863855020427,0.3630958183058778,rf
2025_06_PHI_NYG,2025,6,2025-10-09,NYG,PHI,-7.0,40.5,0.23409789548356585,1,0.29245900842981165,0.271982467652606,0.23409789548356585,rf
2025_06_LA_BAL,2025,6,2025-10-12,BAL,LA,-7.0,43.5,0.2522172949002217,0,0.25846746737978127,0.2348946564313943,0.2522172949002217,rf
2025_06_DAL_CAR,2025,6,2025-10-12,CAR,DAL,-3.0,47.5,0.39076376554174075,1,0.3696630624353845,0.35851452768082026,0.39076376554174075,rf
2025_06_CIN_GB,2025,6,2025-10-12,GB,CIN,14.0,44.5,0.8720930232558138,1,0.8244519253863655,0.8598009773111752,0.8720930232558138,rf
2025_06_ARI_IND,2025,6,2025-10-12,IND,ARI,8.5,46.5,0.7913616398243045,1,0.7629869006190082,0.7987943419944634,0.7913616398243045,rf
2025_06_SEA_JAX,2025,6,2025-10-12,JAX,SEA,-1.5,47.5,0.4891657638136511,0,0.41602793884181527,0.4114925911399365,0.4891657638136511,rf
2025_06_DET_KC,2025,6,2025-10-12,KC,DET,2.5,51.5,0.5634920634920635,1,0.5693910272945935,0.5876614772882485,0.5634920634920635,rf
2025_06_TEN_LV,2025,6,2025-10-12,LV,TEN,3.5,41.5,0.6224665518611737,1,0.6455964106504217,0.6733074215846215,0.6224665518611737,rf
2025_06_LAC_MIA,2025,6,2025-10-12,MIA,LAC,-3.5,45.5,0.35527082119976705,0,0.3262804700877555,0.30955751563236544,0.35527082119976705,rf
2025_06_NE_NO,2025,6,2025-10-12,NO,NE,-3.5,46.5,0.3690596562184025,0,0.3257884680640879,0.3090067737191007,0.3690596562184025,rf
2025_06_DEN_NYJ,2025,6,2025-10-12,NYJ,DEN,-7.5,43.5,0.23409789548356585,0,0.25699375189702445,0.23330433298657305,0.23409789548356585,rf
2025_06_CLE_PIT,2025,6,2025-10-12,PIT,CLE,5.5,37.5,0.705033164260632,1,0.7274918507657407,0.7619216103849162,0.705033164260632,rf
2025_06_SF_TB,2025,6,2025-10-12,TB,SF,3.5,46.5,0.6309403437815976,1,0.5689589778655992,0.5871698093217012,0.6309403437815976,rf
2025_06_BUF_ATL,2025,6,2025-10-13,ATL,BUF,-3.5,49.5,0.35527082119976705,1,0.2952991927150827,0.27511406089361395,0.35527082119976705,rf
2025_06_CHI_WAS,2025,6,2025-10-13,WAS,CHI,5.5,49.5,0.690792883054068,0,0.678722577618498,0.7096706018138885,0.690792883054068,rf
2025_07_PIT_CIN,2025,7,2025-10-16,CIN,PIT,-5.5,45.5,0.3194444444444444,1,0.2572329661154551,0.23356236853980888,0.3194444444444444,rf
2025_07_GB_ARI,2025,7,2025-10-19,ARI,GB,-7.0,44.5,0.23409789548356585,0,0.18639303633362053,0.1592142656265826,0.23409789548356585,rf
2025_07_NO_CHI,2025,7,2025-10-19,CHI,NO,4.5,43.5,0.6636481241914618,1,0.6661311493073377,0.6959234337090103,0.6636481241914618,rf
2025_07_MIA_CLE,2025,7,2025-10-19,CLE,MIA,2.5,34.5,0.5720596355604638,1,0.4878543971647378,0.49417371980737307,0.5720596355604638,rf
2025_07_WAS_DAL,2025,7,2025-10-19,DAL,WAS,1.5,54.5,0.5324675324675325,1,0.45920822487167307,0.46116669492212176,0.5324675324675325,rf
2025_07_NYG_DEN,2025,7,2025-10-19,DEN,NYG,7.5,39.5,0.7768331562167907,1,0.7564857590936012,0.7921223677474312,0.7768331562167907,rf
2025_07_LA_JAX,2025,7,2025-10-19,JAX,LA,-3.0,44.5,0.4003612281757977,0,0.4054120555038046,0.3993189734530885,0.4003612281757977,rf
2025_07_LV_KC,2025,7,2025-10-19,KC,LV,13.5,44.5,0.8677165354330709,1,0.9263948266384643,0.950200406436806,0.8677165354330709,rf
2025_07_IND_LAC,2025,7,2025-10-19,LAC,IND,2.5,48.5,0.551441114716549,0,0.5938852154262093,0.6154389622068629,0.551441114716549,rf
2025_07_PHI_MIN,2025,7,2025-10-19,MIN,PHI,-2.5,43.5,0.42794036443953615,0,0.44585224500981974,0.4457833924015075,0.42794036443953615,rf
2025_07_CAR_NYJ,2025,7,2025-10-19,NYJ,CAR,1.5,39.5,0.5043297540699688,0,0.4715353756727905,0.4753709288432537,0.5043297540699688,rf
2025_07_ATL_SF,2025,7,2025-10-19,SF,ATL,1.5,46.5,0.5108342361863488,1,0.5411776371227831,0.5554512825469913,0.5108342361863488,rf
2025_07_NE_TEN,2025,7,2025-10-19,TEN,NE,-6.5,40.5,0.28644876973925815,0,0.28413889207663173,0.26283619883438486,0.28644876973925815,rf
2025_07_TB_DET,2025,7,2025-10-20,DET,TB,6.0,54.5,0.705033164260632,1,0.7091581064749309,0.7424775467529215,0.705033164260632,rf
2025_07_HOU_SEA,2025,7,2025-10-20,SEA,HOU,3.0,41.5,0.5996387718242023,1,0.6165956791262001,0.640998533901863,0.5996387718242023,rf
2025_08_MIN_LAC,2025,8,2025-10-23,LAC,MIN,3.0,45.5,0.6037569709421778,1,0.6007213688471787,0.6231541767788218,0.6037569709421778,rf
2025_08_MIA_ATL,2025,8,2025-10-26,ATL,MIA,7.0,44.5,0.7477827050997783,0,0.7679097013058238,0.8038207651457353,0.7477827050997783,rf
2025_08_CHI_BAL,2025,8,2025-10-26,BAL,CHI,2.5,45.5,0.5720596355604638,1,0.5866240438710207,0.607225381024275,0.5720596355604638,rf
2025_08_BUF_CAR,2025,8,2025-10-26,CAR,BUF,-7.0,47.5,0.23409789548356585,0,0.2671703287208275,0.2443174865111211,0.23409789548356585,rf
2025_08_NYJ_CIN,2025,8,2025-10-26,CIN,NYJ,5.5,43.5,0.690792883054068,0,0.6822429240206284,0.7134966043293142,0.690792883054068,rf
2025_08_DAL_DEN,2025,8,2025-10-26,DEN,DAL,3.5,51.5,0.6309403437815976,1,0.6389872299842867,0.6659802639437256,0.6309403437815976,rf
2025_08_SF_HOU,2025,8,2025-10-26,HOU,SF,2.5,41.5,0.5829926410466066,1,0.584812534506916,0.6051733938426508,0.5829926410466066,rf
2025_08_TEN_IND,2025,8,2025-10-26,IND,TEN,15.5,47.5,0.9082568807339451,1,0.9193987895377258,0.9445586686274443,0.9082568807339451,rf
2025_08_CLE_NE,2025,8,2025-10-26,NE,CLE,7.0,40.5,0.7600000000000001,1,0.8236905058312176,0.8590704483681966,0.7600000000000001,rf
2025_08_TB_NO,2025,8,2025-10-26,NO,TB,-4.5,46.5,0.34252477380439467,0,0.32292356962332347,0.3058020892009044,0.34252477380439467,rf
2025_08_NYG_PHI,2025,8,2025-10-26,PHI,NYG,7.0,43.5,0.7600000000000001,1,0.7470958916076756,0.782419446067068,0.7600000000000001,rf
2025_08_GB_PIT,2025,8,2025-10-26,PIT,GB,-3.0,46.5,0.4170073589533933,0,0.37458212224850007,0.36410846089355986,0.4170073589533933,rf
2025_08_WAS_KC,2025,8,2025-10-27,KC,WAS,10.5,48.5,0.84,1,0.8140107828634132,0.8497242495880868,0.84,rf
2025_09_BAL_MIA,2025,9,2025-10-30,MIA,BAL,-7.5,51.5,0.2132564841498559,0,0.2841727263724999,0.2628733077222535,0.2132564841498559,rf
2025_09_KC_BUF,2025,9,2025-11-02,BUF,KC,-2.5,53.5,0.448558885283451,1,0.44062752625990925,0.4397689489136575,0.448558885283451,rf
2025_09_CHI_CIN,2025,9,2025-11-02,CIN,CHI,-3.0,51.5,0.4066302458405761,0,0.4028250495404037,0.3963556799160915,0.4066302458405761,rf
2025_09_MIN_DET,2025,9,2025-11-02,DET,MIN,9.5,47.5,0.8118668596237336,0,0.8132752155717776,0.849009613108542,0.8118668596237336,rf
2025_09_CAR_GB,2025,9,2025-11-02,GB,CAR,12.5,43.5,0.8720930232558138,0,0.915140141249321,0.9410753633991168,0.8720930232558138,rf
2025_09_DEN_HOU,2025,9,2025-11-02,HOU,DEN,1.5,40.5,0.5324675324675325,0,0.5736122932391455,0.5924623236711133,0.5324675324675325,rf
2025_09_NO_LA,2025,9,2025-11-02,LA,NO,14.0,44.5,0.8869565217391304,1,0.8853504265874825,0.9157709985412782,0.8869565217391304,rf
2025_09_JAX_LV,2025,9,2025-11-02,LV,JAX,-2.5,43.5,0.4572564612326044,0,0.34401035626126275,0.3294759090836815,0.4572564612326044,rf
2025_09_ATL_NE,2025,9,2025-11-02,NE,ATL,5.5,45.5,0.6853932584269663,1,0.6674597933506761,0.6973785231774455,0.6853932584269663,rf
2025_09_SF_NYG,2025,9,2025-11-02,NYG,SF,-2.5,47.5,0.42794036443953615,0,0.4076286472819386,0.4018590568500384,0.42794036443953615,rf
2025_09_IND_PIT,2025,9,2025-11-02,PIT,IND,-3.5,51.5,0.3775334481388264,1,0.40610531635258934,0.4001133040021776,0.3775334481388264,rf
2025_09_LAC_TEN,2025,9,2025-11-02,TEN,LAC,-10.0,44.5,0.16835016835016833,0,0.2881431860504156,0.26723290522256743,0.16835016835016833,rf
2025_09_SEA_WAS,2025,9,2025-11-02,WAS,SEA,-2.5,47.5,0.42794036443953615,0,0.3582383637441846,0.34555273688017724,0.42794036443953615,rf
2025_09_ARI_DAL,2025,9,2025-11-03,DAL,ARI,3.5,53.5,0.6092362344582594,0,0.5889590882032271,0.6098687343538939,0.6092362344582594,rf
2025_10_LV_DEN,2025,10,2025-11-06,DEN,LV,9.5,42.5,0.7999999999999999,1,0.8897025503769491,0.9195635544036055,0.7999999999999999,rf
2025_10_NO_CAR,2025,10,2025-11-09,CAR,NO,5.5,38.5,0.6805555555555556,0,0.6349073514236994,0.6614461777311638,0.6805555555555556,rf
2025_10_NYG_CHI,2025,10,2025-11-09,CHI,NYG,4.5,45.5,0.6574752261956054,1,0.6552078313939672,0.6839220295134177,0.6574752261956054,rf
2025_10_JAX_HOU,2025,10,2025-11-09,HOU,JAX,-1.5,37.5,0.4891657638136511,1,0.4947903076959376,0.5021619975296159,0.4891657638136511,rf
2025_10_ATL_IND,2025,10,2025-11-09,IND,ATL,6.5,48.5,0.725752508361204,1,0.7519493471998613,0.7874443465029471,0.725752508361204,rf
2025_10_PIT_LAC,2025,10,2025-11-09,LAC,PIT,3.0,45.5,0.593369754159424,1,0.6286424108724374,0.6544679856639067,0.593369754159424,rf
2025_10_BUF_MIA,2025,10,2025-11-09,MIA,BUF,-8.5,50.5,0.2132564841498559,1,0.24996378650778986,0.22573998244493956,0.2132564841498559,rf
2025_10_BAL_MIN,2025,10,2025-11-09,MIN,BAL,-4.5,48.5,0.33099297893681046,0,0.28268808108142607,0.2612456400643947,0.33099297893681046,rf
2025_10_CLE_NYJ,2025,10,2025-11-09,NYJ,CLE,-1.5,37.5,0.4572564612326044,1,0.45396871229352886,0.4551306942924795,0.4572564612326044,rf
2025_10_ARI_SEA,2025,10,2025-11-09,SEA,ARI,7.0,44.5,0.740871613663133,1,0.7774144858583176,0.8134609966275161,0.740871613663133,rf
2025_10_LA_SF,2025,10,2025-11-09,SF,LA,-5.5,49.5,0.30920711694593195,0,0.24920749058904665,0.22492838751734687,0.30920711694593195,rf
2025_10_NE_TB,2025,10,2025-11-09,TB,NE,2.5,48.5,0.5720596355604638,0,0.6027742644279459,0.6254675746619321,0.5720596355604638,rf
2025_10_DET_WAS,2025,10,2025-11-09,WAS,DET,-8.5,49.5,0.2132564841498559,0,0.19257548521058016,0.16551785613870446,0.2132564841498559,rf
2025_10_PHI_GB,2025,10,2025-11-10,GB,PHI,1.5,45.5,0.5,0,0.5293745535450038,0.5419229287029158,0.5,rf
2025_11_NYJ_NE,2025,11,2025-11-13,NE,NYJ,12.5,43.5,0.8677165354330709,1,0.8686700936483612,0.900959347814029,0.8677165354330709,rf
2025_11_SF_ARI,2025,11,2025-11-16,ARI,SF,-3.5,48.5,0.3690596562184025,0,0.3152142064775484,0.2971979943920794,0.3690596562184025,rf
2025_11_CAR_ATL,2025,11,2025-11-16,ATL,CAR,4.5,42.5,0.6574752261956054,0,0.6717090097798694,0.7020251048419662,0.6574752261956054,rf
2025_11_TB_BUF,2025,11,2025-11-16,BUF,TB,6.0,46.5,0.7095435684647302,1,0.6697908725022024,0.699928927393245,0.7095435684647302,rf
2025_11_BAL_CLE,2025,11,2025-11-16,CLE,BAL,-7.5,37.5,0.21809369951534735,0,0.295852846569237,0.27572506381061557,0.21809369951534735,rf
2025_11_KC_DEN,2025,11,2025-11-16,DEN,KC,-3.5,44.5,0.34252477380439467,1,0.3862010193835574,0.37734970294190284,0.34252477380439467,rf
2025_11_LAC_JAX,2025,11,2025-11-16,JAX,LAC,-3.0,43.5,0.4170073589533933,1,0.34007759960773404,0.32504610341962725,0.4170073589533933,rf
2025_11_SEA_LA,2025,11,2025-11-16,LA,SEA,3.0,49.5,0.6092362344582594,1,0.5952416330893199,0.6169711910444478,0.6092362344582594,rf
2025_11_WAS_MIA,2025,11,2025-11-16,MIA,WAS,2.5,47.5,0.5720596355604638,1,0.5915542194616003,0.6128042682784037,0.5720596355604638,rf
2025_11_CHI_MIN,2025,11,2025-11-16,MIN,CHI,3.0,47.5,0.5720596355604638,0,0.5677922249905687,0.5858417849120928,0.5720596355604638,rf
2025_11_GB_NYG,2025,11,2025-11-16,NYG,GB,-7.5,41.5,0.21809369951534735,0,0.2798873091835169,0.2581788032744203,0.21809369951534735,rf
2025_11_DET_PHI,2025,11,2025-11-16,PHI,DET,2.5,46.5,0.5829926410466066,1,0.5082922854111085,0.5177019045906955,0.5829926410466066,rf
2025_11_CIN_PIT,2025,11,2025-11-16,PIT,CIN,5.5,48.5,0.6853932584269663,1,0.6703253726376689,0.7005132612702042,0.6853932584269663,rf
2025_11_HOU_TEN,2025,11,2025-11-16,TEN,HOU,-5.5,37.5,0.30423004792665137,0,0.30344579084679835,0.2841219647625802,0.30423004792665137,rf
2025_11_DAL_LV,2025,11,2025-11-17,LV,DAL,-3.5,48.5,0.3630958183058778,0,0.37130112254993647,0.36037648794267463,0.3630958183058778,rf
2025_12_BUF_HOU,2025,12,2025-11-20,HOU,BUF,-5.5,43.5,0.30920711694593195,1,0.23751289001959475,0.2124348639411177,0.30920711694593195,rf
2025_12_JAX_ARI,2025,12,2025-11-23,ARI,JAX,-2.5,47.5,0.448558885283451,0,0.31994583488398937,0.30247532531507404,0.448558885283451,rf
2025_12_NYJ_BAL,2025,12,2025-11-23,BAL,NYJ,14.0,44.5,0.8761776581426649,1,0.9086085585038699,0.9356641406715036,0.8761776581426649,rf
2025_12_PIT_CHI,2025,12,2025-11-23,CHI,PIT,3.0,46.5,0.5829926410466066,1,0.6380706362808519,0.6649623470605934,0.5829926410466066,rf
2025_12_NE_CIN,2025,12,2025-11-23,CIN,NE,-7.5,50.5,0.23409789548356585,0,0.16253651184131443,0.1352808368372068,0.23409789548356585,rf
2025_12_PHI_DAL,2025,12,2025-11-23,DAL,PHI,-3.0,47.5,0.4066302458405761,1,0.40595347750431926,0.39993932045967984,0.4066302458405761,rf
2025_12_NYG_DET,2025,12,2025-11-23,DET,NYG,14.0,50.5,0.8761776581426649,1,0.8647678405182992,0.897433914004653,0.8761776581426649,rf
2025_12_MIN_GB,2025,12,2025-11-23,GB,MIN,6.5,41.5,0.7135512302607419,1,0.7680049699340669,0.8039178168006943,0.7135512302607419,rf
2025_12_IND_KC,2025,12,2025-11-23,KC,IND,3.5,50.5,0.6574752261956054,1,0.5594643216634997,0.5763516702645133,0.6574752261956054,rf
2025_12_TB_LA,2025,12,2025-11-23,LA,TB,7.0,49.5,0.7571884984025559,1,0.7551688990472515,0.7907662765794998,0.7571884984025559,rf
2025_12_CLE_LV,2025,12,2025-11-23,LV,CLE,3.0,35.5,0.593369754159424,0,0.5068707150752247,0.516066596665832,0.593369754159424,rf
2025_12_ATL_NO,2025,12,2025-11-23,NO,ATL,1.5,41.5,0.5260865852617197,0,0.4503819596912982,0.4509995009518368,0.5260865852617197,rf
2025_12_SEA_TEN,2025,12,2025-11-23,TEN,SEA,-12.5,41.5,0.13228346456692913,0,0.2589550291838487,0.23542114046223273,0.13228346456692913,rf
2025_12_CAR_SF,2025,12,2025-11-24,SF,CAR,7.5,48.5,0.7659021045164341,1,0.7491384758939854,0.7845366689755401,0.7659021045164341,rf
2025_13_CIN_BAL,2025,13,2025-11-27,BAL,CIN,7.0,52.5,0.7571884984025559,0,0.7565657233905626,0.79220466454182,0.7571884984025559,rf
2025_13_KC_DAL,2025,13,2025-11-27,DAL,KC,-3.5,53.5,0.3775334481388264,1,0.365907982070542,0.3542494201413383,0.3775334481388264,rf
2025_13_GB_DET,2025,13,2025-11-27,DET,GB,2.5,48.5,0.5829926410466066,0,0.5506049369799917,0.5662358950311039,0.5829926410466066,rf
2025_13_CHI_PHI,2025,13,2025-11-28,PHI,CHI,7.0,43.5,0.740871613663133,0,0.7020037584742538,0.7348226817575543,0.740871613663133,rf
2025_13_LA_CAR,2025,13,2025-11-30,CAR,LA,-10.0,44.5,0.18274111675126903,1,0.2839610545368118,0.2626411612209598,0.18274111675126903,rf
2025_13_SF_CLE,2025,13,2025-11-30,CLE,SF,-5.5,35.5,0.31460674157303364,0,0.2961395416348261,0.276041524652992,0.31460674157303364,rf
2025_13_HOU_IND,2025,13,2025-11-30,IND,HOU,3.0,44.5,0.6037569709421778,0,0.6190774981536911,0.6437787783711238,0.6037569709421778,rf
2025_13_LV_LAC,2025,13,2025-11-30,LAC,LV,10.0,40.5,0.8223350253807106,1,0.86882963645299,0.9011030117763843,0.8223350253807106,rf
2025_13_NO_MIA,2025,13,2025-11-30,MIA,NO,5.5,41.5,0.6853932584269663,1,0.6317502147393713,0.6579319605695276,0.6853932584269663,rf
2025_13_ATL_NYJ,2025,13,2025-11-30,NYJ,ATL,-3.0,38.5,0.4003612281757977,1,0.41914750189737265,0.41507370541625965,0.4003612281757977,rf
2025_13_BUF_PIT,2025,13,2025-11-30,PIT,BUF,-3.0,44.5,0.4003612281757977,0,0.3354361471880987,0.319826335497345,0.4003612281757977,rf
2025_13_MIN_SEA,2025,13,2025-11-30,SEA,MIN,12.5,42.5,0.863013698630137,1,0.8378828193279828,0.8725713760759823,0.863013698630137,rf
2025_13_ARI_TB,2025,13,2025-11-30,TB,ARI,4.5,44.5,0.6369041816941223,1,0.6582050168147274,0.6872217492046442,0.6369041816941223,rf
2025_13_JAX_TEN,2025,13,2025-11-30,TEN,JAX,-6.0,42.5,0.299837925445705,0,0.30525480275372857,0.28612721540101854,0.299837925445705,rf
2025_13_DEN_WAS,2025,13,2025-11-30,WAS,DEN,-6.5,43.5,0.27424749163879597,0,0.22381972588314558,0.19794689267953364,0.27424749163879597,rf
2025_13_NYG_NE,2025,13,2025-12-01,NE,NYG,7.0,46.5,0.7571884984025559,1,0.8018740106081366,0.8378555669475196,0.7571884984025559,rf
2025_14_DAL_DET,2025,14,2025-12-04,DET,DAL,3.5,55.5,0.6309403437815976,1,0.660096925707687,0.6893020370913803,0.6309403437815976,rf
2025_14_LA_ARI,2025,14,2025-12-07,ARI,LA,-9.5,49.5,0.19999999999999998,0,0.14679886351116328,0.11986109114974751,0.19999999999999998,rf
2025_14_SEA_ATL,2025,14,2025-12-07,ATL,SEA,-7.0,44.5,0.2522172949002217,0,0.28268467700944655,0.2612419096350893,0.2522172949002217,rf
2025_14_PIT_BAL,2025,14,2025-12-07,BAL,PIT,5.5,43.5,0.7001620745542949,0,0.670661816424232,0.700880985431443,0.7001620745542949,rf
2025_14_CIN_BUF,2025,14,2025-12-07,BUF,CIN,6.0,54.5,0.7095435684647302,1,0.7319406390978213,0.7666007277817516,0.7095435684647302,rf
2025_14_TEN_CLE,2025,14,2025-12-07,CLE,TEN,4.5,33.5,0.644729178800233,0,0.698521763274994,0.7310840295190096,0.644729178800233,rf
2025_14_CHI_GB,2025,14,2025-12-07,GB,CHI,6.5,44.5,0.7220792588780237,1,0.7532154741534941,0.7887518243528866,0.7220792588780237,rf
2025_14_IND_JAX,2025,14,2025-12-07,JAX,IND,-2.5,44.5,0.448558885283451,1,0.41745846792447816,0.41313457345137816,0.448558885283451,rf
2025_14_HOU_KC,2025,14,2025-12-07,KC,HOU,4.5,41.5,0.6574752261956054,0,0.6143145641326476,0.6384407693787025,0.6574752261956054,rf
2025_14_DEN_LV,2025,14,2025-12-07,LV,DEN,-8.5,40.5,0.20863836017569545,0,0.2625599002227855,0.23931903845624256,0.20863836017569545,rf
2025_14_WAS_MIN,2025,14,2025-12-07,MIN,WAS,-1.5,43.5,0.4891657638136511,1,0.48885331635491497,0.4953243745361041,0.4891657638136511,rf
2025_14_MIA_NYJ,2025,14,2025-12-07,NYJ,MIA,-2.5,41.5,0.42794036443953615,0,0.4615069302461856,0.4638151806146077,0.42794036443953615,rf
2025_14_NO_TB,2025,14,2025-12-07,TB,NO,7.5,41.5,0.7768331562167907,0,0.7983787729755185,0.8344076649950458,0.7768331562167907,rf
2025_14_PHI_LAC,2025,14,2025-12-08,LAC,PHI,-1.5,41.5,0.4782608695652174,1,0.516842926164131,0.5275331146657289,0.4782608695652174,rf
2025_15_ATL_TB,2025,15,2025-12-11,TB,ATL,6.0,43.5,0.705033164260632,0,0.7136358125659477,0.7472497129010853,0.705033164260632,rf
2025_15_CLE_CHI,2025,15,2025-12-14,CHI,CLE,7.5,38.5,0.7571884984025559,1,0.7583193716432287,0.7940080267286376,0.7571884984025559,rf
2025_15_BAL_CIN,2025,15,2025-12-14,CIN,BAL,-2.5,51.5,0.4066302458405761,0,0.3717263000333152,0.3608599188790505,0.4066302458405761,rf
2025_15_MIN_DAL,2025,15,2025-12-14,DAL,MIN,5.5,47.5,0.6957699520733487,0,0.6694413990966553,0.6995467787964209,0.6957699520733487,rf
2025_15_GB_DEN,2025,15,2025-12-14,DEN,GB,-1.5,42.5,0.4739134147382802,1,0.5168157693906793,0.5275019056559408,0.4739134147382802,rf
2025_15_ARI_HOU,2025,15,2025-12-14,HOU,ARI,10.5,42.5,0.827123695976155,1,0.8393355897558643,0.873939279011237,0.827123695976155,rf
2025_15_NYJ_JAX,2025,15,2025-12-14,JAX,NYJ,13.5,40.5,0.8761776581426649,1,0.8737350321970119,0.905501779229146,0.8761776581426649,rf
2025_15_LAC_KC,2025,15,2025-12-14,KC,LAC,5.5,41.5,0.690792883054068,0,0.6472265610641424,0.6751111891158816,0.690792883054068,rf
2025_15_DET_LA,2025,15,2025-12-14,LA,DET,5.5,54.5,0.6805555555555556,1,0.6707149194373146,0.700939019417487,0.6805555555555556,rf
2025_15_BUF_NE,2025,15,2025-12-14,NE,BUF,-2.5,49.5,0.43650793650793646,0,0.3814383233851999,0.37191739393830375,0.43650793650793646,rf
2025_15_CAR_NO,2025,15,2025-12-14,NO,CAR,-2.5,41.5,0.42794036443953615,1,0.398156779634108,0.3910120070061325,0.42794036443953615,rf
2025_15_WAS_NYG,2025,15,2025-12-14,NYG,WAS,2.5,46.5,0.5720596355604638,0,0.5189565772792868,0.52996184311627,0.5720596355604638,rf
2025_15_LV_PHI,2025,15,2025-12-14,PHI,LV,12.5,37.5,0.8720930232558138,1,0.8380458424677265,0.8727250090087981,0.8720930232558138,rf
2025_15_IND_SEA,2025,15,2025-12-14,SEA,IND,13.5,41.5,0.8720930232558138,1,0.8044004493127895,0.8403395862876957,0.8720930232558138,rf
2025_15_TEN_SF,2025,15,2025-12-14,SF,TEN,12.5,44.5,0.863013698630137,1,0.9124008157020521,0.938815874883057,0.863013698630137,rf
2025_15_MIA_PIT,2025,15,2025-12-15,PIT,MIA,3.0,42.5,0.6092362344582594,1,0.6529161733825103,0.6813957050384529,0.6092362344582594,rf
2025_16_LA_SEA,2025,16,2025-12-18,SEA,LA,1.5,42.5,0.5260865852617197,1,0.5349247999912129,0.5482877788849905,0.5260865852617197,rf
2025_16_GB_CHI,2025,16,2025-12-20,CHI,GB,1.5,45.5,0.5173641257162701,1,0.5103321019774374,0.5200480189887999,0.5173641257162701,rf
2025_16_PHI_WAS,2025,16,2025-12-20,WAS,PHI,-7.0,43.5,0.24000000000000005,0,0.2707127797275324,0.2481679553772048,0.24000000000000005,rf
2025_16_ATL_ARI,2025,16,2025-12-21,ARI,ATL,-2.5,48.5,0.42794036443953615,0,0.339643073047321,0.32455704979222333,0.42794036443953615,rf
2025_16_NE_BAL,2025,16,2025-12-21,BAL,NE,3.5,48.5,0.6224665518611737,0,0.6306316811441346,0.6566857659024039,0.6224665518611737,rf
2025_16_TB_CAR,2025,16,2025-12-21,CAR,TB,-3.0,44.5,0.4170073589533933,1,0.40909633172027116,0.4035414682136812,0.4170073589533933,rf
2025_16_BUF_CLE,2025,16,2025-12-21,CLE,BUF,-10.5,41.5,0.18274111675126903,0,0.2546243966139136,0.23075080294710387,0.18274111675126903,rf
2025_16_LAC_DAL,2025,16,2025-12-21,DAL,LAC,1.5,50.5,0.5260865852617197,0,0.47564936340222974,0.4801116097309806,0.5260865852617197,rf
2025_16_JAX_DEN,2025,16,2025-12-21,DEN,JAX,3.5,46.5,0.6092362344582594,0,0.6680770125079534,0.6980541285097727,0.6092362344582594,rf
2025_16_PIT_DET,2025,16,2025-12-21,DET,PIT,7.5,52.5,0.7768331562167907,0,0.7412946898174243,0.7763868567975233,0.7768331562167907,rf
2025_16_LV_HOU,2025,16,2025-12-21,HOU,LV,14.5,39.5,0.9039548022598869,1,0.8641011277527982,0.8968293782448551,0.9039548022598869,rf
2025_16_CIN_MIA,2025,16,2025-12-21,MIA,CIN,-3.5,48.5,0.35527082119976705,0,0.4408134901437241,0.43998298047945883,0.35527082119976705,rf
2025_16_NYJ_NO,2025,16,2025-12-21,NO,NYJ,6.5,39.5,0.7179705215419501,1,0.7349969454511465,0.769806078759099,0.7179705215419501,rf
2025_16_MIN_NYG,2025,16,2025-12-21,NYG,MIN,-2.5,41.5,0.42794036443953615,0,0.4111825585943906,0.4059336231809469,0.42794036443953615,rf
2025_16_KC_TEN,2025,16,2025-12-21,TEN,KC,-3.5,37.5,0.3775334481388264,1,0.3835541998553696,0.3743299912509791,0.3775334481388264,rf
2025_16_SF_IND,2025,16,2025-12-22,IND,SF,-4.5,46.5,0.33635187580853815,0,0.3076878236322,0.2888269425300169,0.33635187580853815,rf
2025_17_DEN_KC,2025,17,2025-12-25,KC,DEN,-13.5,37.5,0.12000000000000002,0,0.2434056774304703,0.218716873818398,0.12000000000000002,rf
2025_17_DET_MIN,2025,17,2025-12-25,MIN,DET,-7.0,45.5,0.2491874322860238,1,0.23907066496612236,0.21409284577549723,0.2491874322860238,rf
2025_17_DAL_WAS,2025,17,2025-12-25,WAS,DAL,-8.5,50.5,0.19999999999999998,0,0.2692518464705444,0.2465789663513085,0.19999999999999998,rf
2025_17_BAL_GB,2025,17,2025-12-27,GB,BAL,2.5,38.5,0.5634920634920635,0,0.5971597864295468,0.6191368015878541,0.5634920634920635,rf
2025_17_HOU_LAC,2025,17,2025-12-27,LAC,HOU,1.5,40.5,0.5173641257162701,0,0.5532293164038377,0.5692344821247012,0.5173641257162701,rf
2025_17_PHI_BUF,2025,17,2025-12-28,BUF,PHI,3.0,45.5,0.6037569709421778,0,0.6272926902196447,0.6529621598438329,0.6037569709421778,rf
2025_17_SEA_CAR,2025,17,2025-12-28,CAR,SEA,-6.5,42.5,0.27792074112197634,0,0.2751082963535482,0.25295731295197904,0.27792074112197634,rf
2025_17_ARI_CIN,2025,17,2025-12-28,CIN,ARI,7.0,52.5,0.7440690150970525,1,0.7461414261796983,0.7814288749608005,0.7440690150970525,rf
2025_17_PIT_CLE,2025,17,2025-12-28,CLE,PIT,-4.5,35.5,0.35527082119976705,1,0.42811100945241326,0.425371718003972,0.35527082119976705,rf
2025_17_JAX_IND,2025,17,2025-12-28,IND,JAX,-3.5,48.5,0.33635187580853815,0,0.27749051122774754,0.25555825752229644,0.33635187580853815,rf
2025_17_NYG_LV,2025,17,2025-12-28,LV,NYG,-3.0,40.5,0.4066302458405761,0,0.3507799369656149,0.33711556345203425,0.4066302458405761,rf
2025_17_TB_MIA,2025,17,2025-12-28,MIA,TB,-5.5,44.5,0.31460674157303364,1,0.320834972218464,0.30346823383196114,0.31460674157303364,rf
2025_17_NE_NYJ,2025,17,2025-12-28,NYJ,NE,-12.5,42.5,0.13228346456692913,0,0.1699838616148112,0.1426828962565245,0.13228346456692913,rf
2025_17_CHI_SF,2025,17,2025-12-28,SF,CHI,3.5,51.5,0.644729178800233,1,0.6359222592398582,0.6625748430072472,0.644729178800233,rf
2025_17_NO_TEN,2025,17,2025-12-28,TEN,NO,-1.5,39.5,0.4782608695652174,0,0.4547527256592331,0.45603380925631815,0.4782608695652174,rf
2025_17_LA_ATL,2025,17,2025-12-29,ATL,LA,-7.5,48.5,0.24000000000000005,1,0.21028163947135936,0.1837829008696585,0.24000000000000005,rf
2025_18_SEA_SF,2025,18,2026-01-03,SF,SEA,-2.5,47.5,0.42794036443953615,0,0.41861225890491655,0.41445915809953054,0.42794036443953615,rf
2025_18_CAR_TB,2025,18,2026-01-03,TB,CAR,3.0,43.5,0.5829926410466066,1,0.5998096484248628,0.6221262401670232,0.5829926410466066,rf
2025_18_NO_ATL,2025,18,2026-01-04,ATL,NO,4.5,43.5,0.644729178800233,1,0.6450369460440398,0.6726880514947683,0.644729178800233,rf
2025_18_NYJ_BUF,2025,18,2026-01-04,BUF,NYJ,12.5,39.5,0.8524590163934427,1,0.8872489821930176,0.9174292455510265,0.8524590163934427,rf
2025_18_DET_CHI,2025,18,2026-01-04,CHI,DET,3.5,51.5,0.6164383561643836,0,0.6149805730543436,0.6391877818753186,0.6164383561643836,rf
2025_18_CLE_CIN,2025,18,2026-01-04,CIN,CLE,9.5,47.5,0.7867435158501441,0,0.8393386157991007,0.8739421254831252,0.7867435158501441,rf
2025_18_LAC_DEN,2025,18,2026-01-04,DEN,LAC,14.5,37.5,0.9039548022598869,1,0.7837608457840272,0.8198489905367176,0.9039548022598869,rf
2025_18_IND_HOU,2025,18,2026-01-04,HOU,IND,9.5,37.5,0.8081570996978852,1,0.8037542566909829,0.8397049035512825,0.8081570996978852,rf
2025_18_TEN_JAX,2025,18,2026-01-04,JAX,TEN,12.5,46.5,0.8465011286681716,1,0.9129417637262255,0.9392632198376023,0.8465011286681716,rf
2025_18_ARI_LA,2025,18,2026-01-04,LA,ARI,14.5,49.5,0.8933823529411765,1,0.9075207422789977,0.9347550635856453,0.8933823529411765,rf
2025_18_KC_LV,2025,18,2026-01-04,LV,KC,-3.5,36.5,0.33635187580853815,1,0.31086477190433687,0.292356860043025,0.33635187580853815,rf
2025_18_GB_MIN,2025,18,2026-01-04,MIN,GB,12.5,37.5,0.8316498316498315,1,0.7532841513660159,0.7888227042474762,0.8316498316498315,rf
2025_18_MIA_NE,2025,18,2026-01-04,NE,MIA,14.0,44.5,0.8720930232558138,1,0.8637753190342572,0.8965337221470677,0.8720930232558138,rf
2025_18_DAL_NYG,2025,18,2026-01-04,NYG,DAL,-3.0,50.5,0.4003612281757977,1,0.46268594967917,0.4651736670098165,0.4003612281757977,rf
2025_18_WAS_PHI,2025,18,2026-01-04,PHI,WAS,3.0,38.5,0.6164383561643836,0,0.5830782971794087,0.6032078951403483,0.6164383561643836,rf
2025_18_BAL_PIT,2025,18,2026-01-04,PIT,BAL,-4.5,41.5,0.33635187580853815,1,0.3182717515202309,0.30060690490939906,0.33635187580853815,rf
2025_19_LA_CAR,2025,19,2026-01-10,CAR,LA,-10.0,44.5,0.18813314037626627,0,0.22055844423304563,0.19451985770704175,0.18813314037626627,rf
2025_19_GB_CHI,2025,19,2026-01-10,CHI,GB,-2.5,45.5,0.448558885283451,1,0.42958614353573693,0.42706754762432253,0.448558885283451,rf
2025_19_BUF_JAX,2025,19,2026-01-11,JAX,BUF,1.5,51.5,0.5260865852617197,0,0.5459972889941367,0.5609673304132435,0.5260865852617197,rf
2025_19_LAC_NE,2025,19,2026-01-11,NE,LAC,3.5,45.5,0.6369041816941223,1,0.625841968582385,0.6513427048509609,0.6369041816941223,rf
2025_19_SF_PHI,2025,19,2026-01-11,PHI,SF,6.0,44.5,0.6957699520733487,0,0.6230311243623523,0.6482021742023412,0.6957699520733487,rf
2025_19_HOU_PIT,2025,19,2026-01-12,PIT,HOU,-3.0,38.5,0.4170073589533933,0,0.44781121870475954,0.4480390344815355,0.4170073589533933,rf
2025_20_BUF_DEN,2025,20,2026-01-17,DEN,BUF,1.5,45.5,0.5217391304347826,1,0.5205099722193437,0.5317463933732879,0.5217391304347826,rf
2025_20_SF_SEA,2025,20,2026-01-17,SEA,SF,6.5,44.5,0.7220792588780237,1,0.6913602006217966,0.7233684610424909,0.7220792588780237,rf
2025_20_LA_CHI,2025,20,2026-01-18,CHI,LA,-3.5,49.5,0.35527082119976705,0,0.36366231191859366,0.3517009482948056,0.35527082119976705,rf
2025_20_HOU_NE,2025,20,2026-01-18,NE,HOU,3.0,40.5,0.6164383561643836,1,0.6580183555509636,0.6870163927441236,0.6164383561643836,rf
2025_21_NE_DEN,2025,21,2026-01-25,DEN,NE,-3.5,43.5,0.35527082119976705,0,0.45065232772923086,0.45131088211208276,0.35527082119976705,rf
2025_21_LA_SEA,2025,21,2026-01-25,SEA,LA,2.5,45.5,0.5634920634920635,1,0.5004591651694037,0.5086884867369528,0.5634920634920635,rf
2025_22_SEA_NE,2025,22,2026-02-08,NE,SEA,-4.5,45.5,0.3249687530045188,0,0.393873298514225,0.38611311542841376,0.3249687530045188,rf
