tree
version=v4
num_class=1
num_tree_per_iteration=1
label_index=0
max_feature_idx=44
objective=binary sigmoid:1
feature_names=spread_line total_line market_home_prob market_vig elo_diff elo_home_prob elo_spread elo_vs_spread home_roll_margin away_roll_margin roll_margin_diff home_roll_pf away_roll_pf home_roll_pa away_roll_pa home_roll_ats away_roll_ats roll_ats_diff home_roll_total_vs_line away_roll_total_vs_line home_std_margin away_std_margin home_winpct_std away_winpct_std winpct_diff home_ppg_diff_std away_ppg_diff_std week home_rest away_rest rest_diff home_short_week away_short_week home_off_bye away_off_bye div_game is_neutral is_primetime is_playoff travel_miles indoor temp wind home_qb_change away_qb_change
feature_infos=[-19:27] [28.5:63.5] [0.081632653061224497:0.95705263157894738] [-0.01907814407814401:0.049044914816726903] [-424.58947784649763:574.75956178722322] [0.079868614390060239:0.964722053120184] [-16.983579113859903:22.990382471488928] [-19.232544956438353:23.759173686548412] [-32.399999999999999:28] [-30.199999999999999:27.399999999999999] [-40.200000000000003:40.599999999999994] [3.5:46] [4.5:43.799999999999997] [5.2000000000000002:41.600000000000001] [4.5:40.399999999999999] [-21.600000000000001:28.25] [-23.199999999999999:21.699999999999999] [-30.600000000000001:33.5] [-19.600000000000001:24.300000000000001] [-21.800000000000001:30] [3.0203016773531863:27.825048667223086] [2.8982753492379305:27.378215184096035] [0:1] [0:1] [-1:1] [-49:49] [-46:44] [1:22] [4:16] [4:17] [-8:8] [0:1] [0:1] [0:1] [0:1] [0:1] [0:1] [0:1] [0:1] [0:2719.7652580450717] [0:1] [-6:102] [0:71] [0:1] [0:1]
tree_sizes=1733 1754 1762 1758 1739 1762 1757 1761 1746 1748 1750 1757 1760 1750 1755 1763 1764 1755 1753 1742 1759 1747 1764 1749 1743 1757 1762 1765 1747 1750 1750 1759 1760 1739 1750 1752 1751 1755 1750 1769 1751 1762 1741 1762 1754 1759 1760 1751 1746 1745 1754 1746 1750 1748 1765 1759 1764 1765 1755 1760 1750 1765 1755 1760 1741 1758 1758 1757 1746 1764 1751 1744 1759 1747 1761 1771 1746 1745 1759 1759 1753 1763 1769 1749 1754 1758 1761 1752 1763 1760 1771 1759 1761 1758 1756 1750 1760 1759 1764 1751 1750 1741 1745 1757 1762 1746 1767 1749 1752 1757 1752 1758 1772 1759 1765 1763 1767 1768 1747 1754 1750 1734 1765 1747 1754 1752 1767 1757 1766 1761 1746 1750 1761 1763 1745 1744 1774 1754 1765 1767 1755 1767 1765 1756 1750 1758 1752 1745 1755 1765 1767 1754 1758 1759 1754 1760 1750 1748 1746 1749 1754 1757 1753 1761 1747 1760 1759 1759 1754 1760 1749 1746 1751 1747 1759 1769 1756 1763 1768 1759 1747 1758 1763 1749 1759 1759 1766 1763 1754 1762 1748 1765 1752 1768 1747 1758 1747 1749 1757 1749 1768 1752 1761 1744 1759 1758 1753 1766 1761 1758 1759 1751 1761 1762 1751 1757 1728 1751 1748 1769 1768 1760 1751 1758 1752 1762 1748 1754 1762 1764 1764 1761 1755 1756 1763 1758 1759 1754 1753 1770 1747 1756 1757 1744 1754 1752 1756 1746 1750 1752 1765 1754 1755 1753 1755 1776 1765 1755 1743 1754 1744 1750 1747 1765 1745 1760 1766 1765 1751 1766 1765 1759 1760 1766 1754 1755 1758 1742 1741 1745 1761 1756 1748 1753 1757 1760 1757 1752 1751 1758 1753 1764 1757 1754 1755 1754 1756 1749 1755 1746 1754 1750 1761 1746 1761 1746 1746 1761 1757 1768 1751 1762 1753 1756 1755 1759 1762 1762 1752 1767 1754 1750 1745 1757 1754 1753 1746 1747 1759 1751 1759 1763 1747 1764 1766 1759 1771 1748 1764 1750 1755 1765 1748 1762 1764 1766 1754 1763 1763 1758 1758 1753 1767 1752 1759 1765 1746 1756 1766 1762 1755 1760 1770 1765 1759 1756 1752 1754 1746 1752 1758 1749 1755 1756 1760 1773 1758 1759 1755 1771 1760 1760 1759 1752 1750 1758 1754 1748 1758 1754 1768 1762 1757 1763 1764 1755 1758 1751 1753 1751

Tree=0
num_leaves=15
num_cat=0
split_feature=42 1 23 18 13 23 3 42 15 11 21 19 28 20
split_gain=22.5135 9.99654 8.85671 8.19104 7.7522 11.9428 7.40307 8.30349 7.15985 6.71448 6.29215 5.72119 6.2073 6.19994
threshold=9.5000000000000018 41.250000000000007 0.77097902097902116 -3.3499999999999992 28.900000000000002 0.25833333333333336 0.02392390285857882 13.500000000000002 7.3500000000000005 15.900000000000002 12.167808028570205 11.850000000000003 9.5000000000000018 15.058773743790258
decision_type=8 2 10 8 10 10 2 8 10 10 8 10 2 10
left_child=1 2 3 9 11 -6 7 -2 -5 -1 -8 12 -3 -14
right_child=6 4 -4 8 5 -7 10 -9 -10 -11 -12 -13 13 -15
leaf_value=-0.01073152654483687 -0.008543710023304887 -0.02096868985566654 -0.028932349323825511 -0.0057752901283516858 -0.011053690703155674 -0.036413309828021226 -0.035972327861146527 -0.029168018527081407 -0.026546605010725297 -0.028852107284408703 -0.026933005178938745 -0.034242661173313579 -0.0054685599295929074 -0.025177675206737846
leaf_weight=26.99656730890274 28.496376603841782 470.1902139633894 29.496249467134476 121.48455289006233 18.247679755091667 60.242340013384819 111.23585604131222 32.495868057012558 14.99809294939041 38.495105236768723 191.47565332055092 20.747361913323402 43.244501337409019 18.747616186738014
leaf_count=108 114 1881 118 486 73 241 445 130 60 154 766 83 173 75
internal_value=-0.022306 -0.0196686 -0.0144062 -0.012182 -0.0216466 -0.030182 -0.0285175 -0.0192007 -0.0081183 -0.0210738 -0.0304187 -0.0203775 -0.0197332 -0.01118
internal_weight=1226.59 862.89 231.471 201.974 631.42 78.49 363.704 60.9922 136.483 65.4917 302.712 552.93 532.182 61.9921
internal_count=4907 3452 926 808 2526 314 1455 244 546 262 1211 2212 2129 248
is_linear=0
shrinkage=1


Tree=1
num_leaves=15
num_cat=0
split_feature=12 9 15 13 21 22 25 22 16 25 27 0 13 4
split_gain=8.01958 13.0114 13.4302 12.8454 12.3625 8.14099 7.24201 8.53346 7.04008 6.35411 7.45129 7.51123 6.73148 6.3525
threshold=19.500000000000004 2.5000000000000004 -5.5499999999999989 19.300000000000001 16.216246982492276 0.36515151515151517 -8.7416666666666654 0.31534090909090912 -2.7499999999999996 7.3452380952380958 13.500000000000002 8.7500000000000018 29.500000000000004 96.688064217183765
decision_type=10 10 8 10 10 8 8 8 10 8 2 2 10 2
left_child=3 2 -2 -1 9 8 -3 -8 -4 10 11 12 -5 -12
right_child=1 6 5 4 -6 -7 7 -9 -10 -11 13 -13 -14 -15
leaf_value=0.011523430510719298 0.0064385942652894585 -0.0095296440842831745 0.010562688815192846 0.014707072071344373 -0.012757122693309768 -0.011090099162123295 0.01358362073193997 0.0011376524342327093 -0.0068794031163397721 -0.0084784595557397882 -0.013318327577527976 -0.0052136303913427225 -0.0037853983835312638 0.0052540500112894838
leaf_weight=115.98420731723309 62.489504709839821 41.992123395204544 29.744957834482193 97.738649234175682 51.49425695836544 237.46588243544102 52.991363659501076 350.19869783520699 46.992838367819786 33.245703399181366 27.496175348758698 26.4968321621418 19.246676057577133 29.746370106935501
leaf_count=464 250 168 119 391 206 950 212 1401 188 133 110 106 77 119
internal_value=-0.000119812 -0.0018154 -0.00588198 0.00333114 -0.000138453 -0.0083948 0.00165268 0.00291978 0.000114029 0.00284758 0.00488397 0.00845212 0.0116342 -0.00402033
internal_weight=1223.32 821.875 376.693 401.449 285.465 314.204 445.182 403.19 76.7378 233.97 200.725 143.482 116.985 57.2425
internal_count=4894 3288 1507 1606 1142 1257 1781 1613 307 936 803 574 468 229
is_linear=0
shrinkage=0.03


Tree=2
num_leaves=15
num_cat=0
split_feature=11 15 28 26 12 9 13 12 7 3 18 18 15 3
split_gain=8.73839 10.8692 9.52902 9.4942 8.18085 11.4812 8.65938 7.68281 9.43198 7.52465 11.8961 10.3443 8.92734 6.70909
threshold=12.450000000000001 -2.3499999999999992 10.500000000000002 -11.069047619047618 18.900000000000002 2.5000000000000004 22.450000000000003 25.900000000000002 -1.532966391003906 0.024932539339357577 -3.3499999999999992 2.7500000000000004 -3.9499999999999997 0.042062580285865299
decision_type=10 10 2 10 10 10 10 10 2 2 10 10 10 2
left_child=-1 2 7 -3 -5 13 -7 9 -9 10 -2 12 -11 -6
right_child=1 3 -4 4 5 6 -8 8 -10 11 -12 -13 -14 -15
leaf_value=0.011753734401551162 0.017595372170525741 -0.0074532559154043875 -0.020391578303884658 0.0080847359025695564 -0.0055989163645825098 0.0010507024199348913 0.012204343281017502 0.0057010229869366002 -0.015901460918094773 -0.024146814119748335 -0.0011517775128135268 0.0045503517996745794 0.0012600344205196863 0.01264587261177362
leaf_weight=46.743999391794205 32.745560720562935 95.485235527157784 27.995183125138283 167.48246015608311 225.94114303588867 200.97381764650345 86.738234549760818 21.246585011482239 68.986344665288925 33.244643971323967 155.22377982735634 33.492981627583504 17.746248826384544 14.996394008398054
leaf_count=187 131 382 112 670 904 804 347 85 276 133 621 134 71 60
internal_value=-0.000316159 -0.000840849 -0.00490229 0.00118176 0.00241089 0.000554435 0.00456429 -0.00344566 -0.0107826 -0.00086524 0.0024854 -0.00804244 -0.0159816 -0.00422932
internal_weight=1229.04 1182.3 390.681 791.617 696.132 528.65 287.712 362.686 90.2329 272.453 187.969 84.4839 50.9909 240.938
internal_count=4917 4730 1563 3167 2785 2115 1151 1451 361 1090 752 338 204 964
is_linear=0
shrinkage=0.03


Tree=3
num_leaves=15
num_cat=0
split_feature=12 9 20 41 24 24 21 21 7 21 20 11 4 24
split_gain=10.4867 11.4864 8.35892 7.67206 9.34698 7.97896 7.51503 12.629 6.7619 7.06379 6.75852 5.8217 6.30354 7.0941
threshold=19.500000000000004 1.6333333333333335 11.528708088170324 57.500000000000007 0.11111111111111115 -0.071428571428571425 9.0191155023341754 10.450412006763713 -1.3945065157995982 12.56405805356964 11.185556159842735 14.500000000000002 135.60909201836299 -0.055555555555555546
decision_type=10 10 8 10 10 8 8 10 2 10 8 8 2 8
left_child=2 6 3 -1 5 -5 -2 -8 9 -3 -10 -12 13 -13
right_child=1 8 -4 4 -6 -7 7 -9 10 -11 11 12 -14 -15
leaf_value=-0.013217297673257643 -0.019401281075393757 -0.0014304550177726761 0.0062244738429227181 0.0084569210326719251 0.014453130411981601 -0.015405748817350089 0.010981785918708275 -0.0070965075871042447 -0.0086820263307894139 0.010651202190321937 0.015518513592973323 0.0017160404411415836 0.010519438705214379 -0.010209562120424474
leaf_weight=38.994341194629669 31.98921000957489 75.736453235149384 289.46250964701176 16.997314989566803 28.996960297226906 26.246070459485054 35.236999586224556 272.16351711750031 89.732707470655441 94.238282233476639 16.996374234557152 112.97491991519928 32.74493619799614 68.238325417041779
leaf_count=156 128 303 1158 68 116 105 141 1089 359 377 68 452 131 273
internal_value=-0.000390917 -0.00231182 0.00356771 -0.00331625 0.00253783 -0.00612187 -0.00651197 -0.00488161 0.000629805 0.00538087 -0.00193237 0.000818484 -0.00067696 -0.00292826
internal_weight=1230.75 830.052 400.697 111.235 72.2403 43.2434 339.39 307.401 490.662 169.975 320.687 230.955 213.958 181.213
internal_count=4924 3321 1603 445 289 173 1358 1230 1963 680 1283 924 856 725
is_linear=0
shrinkage=0.03


Tree=4
num_leaves=15
num_cat=0
split_feature=42 18 13 24 18 12 14 2 19 1 11 9 22 17
split_gain=16.8789 9.92922 9.13344 13.9017 8.96611 8.92134 8.7689 8.58816 7.6373 7.26359 6.19189 6.08525 7.83413 7.8327
threshold=11.500000000000002 3.5500000000000003 28.900000000000002 0.071428571428571494 -5.9499999999999993 20.300000000000001 27.300000000000001 0.63209211952286048 -4.6124999999999989 36.750000000000007 29.300000000000001 6.3000000000000016 0.28869047619047622 -2.2999999999999989
decision_type=8 8 10 8 10 10 10 2 10 2 10 10 8 10
left_child=2 4 8 -4 5 -2 7 -3 10 -10 -1 -11 -13 -14
right_child=1 6 3 -5 -6 -7 -8 -9 9 11 -12 12 13 -15
leaf_value=0.010354765723481044 0.015932480635250261 -0.0022770992120280738 -0.012345067299760148 0.011886919509497551 -0.013807535096062834 -0.010486350542710779 -0.015655462181116148 0.018762395637975965 0.013099804157768132 -0.0011180054773557977 -0.0074532403196993207 0.021001232415635548 -0.0028277404523959168 0.011899996188771297
leaf_weight=148.2316847294569 17.247017085552216 38.237238809466362 80.468599274754524 23.995644778013229 146.6978015601635 18.993539571762085 14.9935907125473 25.743220433592796 38.995108559727669 496.36779080331326 16.247844383120537 20.248115792870522 84.988503709435463 46.244641736149788
leaf_count=593 69 153 322 96 587 76 60 103 156 1986 65 81 340 185
internal_value=-0.0001694 -0.0068426 0.00168534 -0.00649022 -0.0105978 0.0024938 0.00196909 0.00693473 0.00272058 0.00130287 0.00842764 0.000497905 0.00565939 0.00260837
internal_weight=1217.7 261.912 955.788 104.464 182.938 36.2406 78.974 63.9805 851.324 686.844 164.48 647.849 151.481 131.233
internal_count=4872 1048 3824 418 732 145 316 256 3406 2748 658 2592 606 525
is_linear=0
shrinkage=0.03


Tree=5
num_leaves=15
num_cat=0
split_feature=42 1 30 24 22 12 17 13 41 10 10 13 12 0
split_gain=20.8319 13.2306 8.12378 6.27387 9.85984 9.84604 10.9227 9.43467 8.60706 7.80931 6.83298 12.9991 6.45474 5.6616
threshold=6.5000000000000009 44.250000000000007 1.0000000180025095e-35 0.085784313725490183 0.81534090909090928 19.500000000000004 6.6500000000000021 22.450000000000003 34.500000000000007 -10.099999999999998 -14.899999999999997 26.300000000000001 16.700000000000006 -5.7499999999999991
decision_type=8 2 2 8 10 10 8 10 8 10 8 10 8 2
left_child=1 -1 13 8 5 6 -5 -7 -2 10 11 -10 -8 -3
right_child=3 2 -4 4 -6 7 12 -9 9 -11 -12 -13 -14 -15
leaf_value=0.0077358821017949287 0.011767232979475805 -0.014476050039378097 0.0092101387950678671 -0.012923607676399149 0.0044917768778579455 -0.023779353421872824 -0.0024237271828492597 -0.0036426246835287602 0.01412058226380615 -0.00029925740795223356 -0.018253893639852921 -0.015228210851051202 0.019297999142341756 -0.0013026178650222032
leaf_weight=319.68941156566143 32.988845571875572 28.489215597510338 55.735251352190971 47.739874109625816 42.484557583928108 64.215438336133957 26.994661584496498 32.981367617845535 20.244958162307739 224.16941469907761 44.733670234680176 24.48624786734581 16.247515588998795 249.67983748018742
leaf_count=1279 132 114 223 191 170 257 108 132 81 897 179 98 65 999
internal_value=-0.00023255 0.00342335 -0.000758804 -0.00436555 -0.00814747 -0.0110434 -0.00363715 -0.017459 -0.00176877 -0.00335483 -0.01059 -0.00186099 0.00689206 -0.00288359
internal_weight=1230.88 653.594 333.904 577.287 230.663 188.179 90.9821 97.1968 346.623 313.634 89.4649 44.7312 43.2422 278.169
internal_count=4925 2615 1336 2310 923 753 364 389 1387 1255 358 179 173 1113
is_linear=0
shrinkage=0.03


Tree=6
num_leaves=15
num_cat=0
split_feature=19 20 13 15 10 23 14 11 19 17 19 24 18 27
split_gain=9.58603 14.5739 9.893 12.5234 8.18663 13.2574 6.40285 6.03582 11.1063 5.79128 7.00474 6.44698 8.25804 5.61487
threshold=1.6500000000000001 10.709549189343637 16.100000000000005 8.8500000000000032 -16.099999999999994 0.64495798319327746 23.700000000000006 25.266666666666669 7.4500000000000011 -4.6499999999999986 5.9500000000000011 0.055555555555555532 1.5500000000000003 13.500000000000002
decision_type=10 8 10 10 10 8 10 10 10 10 10 10 10 2
left_child=1 -1 3 -2 5 -3 7 8 -4 13 -11 12 -12 -8
right_child=2 4 6 -5 -6 -7 9 -9 -10 10 11 -13 -14 -15
leaf_value=-0.0061428256853136862 0.016974072990453153 -0.0055610498206565958 -0.015676333489455442 -0.011917170731359799 0.003385121594282297 0.026740285242997316 -0.00011695841777883331 0.00037630535460682877 0.0068618632209334158 0.0016679918893091688 -0.010627897962458707 -0.015820046011136908 0.0095476854056603215 0.019720825775843703
leaf_weight=139.94950413703918 39.484280988574028 14.994105607271193 110.20434348285198 15.243055954575537 530.86596578359604 28.989386901259422 34.231522083282471 47.735729396343231 20.74320125579834 116.44847939908504 36.483058869838715 52.963747933506966 27.738878220319748 15.493372142314909
leaf_count=560 158 60 441 61 2124 116 137 191 83 466 146 212 111 62
internal_value=0.000147557 0.00239132 -0.0029492 0.00860309 0.00450405 0.016285 -0.00439499 -0.00876231 -0.011985 -0.00153681 -0.00353139 -0.0085549 -0.00185342 0.00730121
internal_weight=1231.57 714.799 516.77 54.7273 574.849 43.9835 462.042 178.683 130.948 283.359 233.634 117.186 64.2219 49.7249
internal_count=4928 2860 2068 219 2300 176 1849 715 524 1134 935 469 257 199
is_linear=0
shrinkage=0.03


Tree=7
num_leaves=15
num_cat=0
split_feature=42 11 19 25 21 11 3 26 12 21 41 25 20 42
split_gain=14.2836 9.64067 9.19618 8.89112 8.34358 8.08671 7.76874 7.76572 10.2608 8.56289 8.08545 8.32611 5.78302 5.32209
threshold=6.5000000000000009 12.450000000000001 1.6500000000000001 -10.07179487179487 19.130690860663055 18.100000000000005 0.025050890136138374 -0.96874999999999989 19.500000000000004 15.992532956254523 68.500000000000014 5.5166666666666675 9.1399609725517781 4.5000000000000009
decision_type=8 8 10 8 8 10 2 10 8 10 10 10 10 10
left_child=1 -1 7 -3 -4 6 -5 10 -9 -10 11 -2 -7 -14
right_child=2 3 4 5 -6 12 -8 8 9 -11 -12 -13 13 -15
leaf_value=0.020487061929019692 -0.014148194805657571 -0.0098619872753395125 -0.009933497003179699 0.015078304347921109 0.0089868999805981162 -0.007966934339534687 -0.0026930192317164217 0.016303285478505278 -0.0045704747966852626 0.012212005281327128 0.0050543562071905124 0.0039224624953441267 0.00041271165136211579 0.008252852065148036
leaf_weight=20.995546385645866 83.465874373912811 48.978378340601921 223.8297915160656 74.983458951115608 19.237766340374947 50.484160616993904 28.742313638329506 38.742654159665108 104.45156346261501 31.487148061394691 44.233102530241013 28.492519557476044 317.92002499103546 98.478457570075989
leaf_count=84 334 196 896 300 77 202 115 155 418 126 177 114 1272 394
internal_value=-0.000498211 0.00257227 -0.00391783 0.00180606 -0.00828507 0.00288455 0.0102565 -0.000633969 0.00366474 -0.000387859 -0.0054061 -0.00957827 0.00115543 0.00234283
internal_weight=1214.52 640.582 573.94 619.587 243.068 570.608 103.726 330.873 174.681 135.939 156.191 111.958 466.883 416.398
internal_count=4860 2563 2297 2479 973 2283 415 1324 699 544 625 448 1868 1666
is_linear=0
shrinkage=0.03


Tree=8
num_leaves=15
num_cat=0
split_feature=42 15 12 18 21 19 11 25 23 11 20 11 41 12
split_gain=10.6625 10.7375 19.2601 15.5005 9.97945 8.8522 8.47943 10.4543 8.34886 7.18005 7.0935 6.8027 9.8864 6.56938
threshold=6.5000000000000009 -0.44999999999999996 19.500000000000004 3.4500000000000006 15.736193218144633 -7.2499999999999991 12.100000000000001 -10.07179487179487 0.53033088235294124 18.300000000000001 8.0846218247137376 21.266666666666669 75.500000000000014 24.300000000000001
decision_type=8 8 8 10 8 10 8 8 10 10 10 10 10 8
left_child=6 4 5 13 11 -3 -1 -8 -6 -9 -11 12 -2 -4
right_child=1 2 3 -5 8 -7 7 9 -10 10 -12 -13 -14 -15
leaf_value=0.02100220259456443 -0.0098432910167005703 -0.0045867358827913823 -0.015509465165883812 0.0078200229194609495 -0.006426589603402001 0.016330590610654203 -0.010206279127174086 0.010186049854581403 0.012705647721360623 -0.012494438264243993 0.0027162182777824488 -0.018703021283575708 0.010899713045907146 -0.0027720451629890106
leaf_weight=17.742288708686829 113.16193999350071 20.996175900101662 70.933206841349602 65.463371247053146 40.722560331225395 76.980059504508972 50.220575824379921 110.21953022480011 32.483155220746994 24.490697264671326 441.14372739195824 58.703387454152107 20.734740629792213 75.191569864749908
leaf_count=71 453 84 284 262 163 308 201 441 130 98 1765 235 83 301
internal_value=0.0003349 -0.00262082 0.00117811 -0.00391966 -0.00698522 0.011843 0.00297623 0.00230304 0.00233241 0.00347245 0.00179195 -0.0104962 -0.00635437 -0.00926372
internal_weight=1219.19 575.37 309.564 211.588 265.806 97.9762 643.817 626.075 73.2057 575.854 465.634 192.6 133.897 146.125
internal_count=4879 2303 1239 847 1064 392 2576 2505 293 2304 1863 771 536 585
is_linear=0
shrinkage=0.03


Tree=9
num_leaves=15
num_cat=0
split_feature=42 12 11 20 39 7 20 20 26 24 13 7 7 20
split_gain=16.1175 7.78718 6.82299 11.3175 8.35369 6.80044 7.06168 6.24217 7.34526 10.2741 7.24086 7.6366 6.16994 7.79641
threshold=11.500000000000002 17.900000000000002 17.500000000000004 17.020412405448347 935.22570463084014 -3.945987305583698 18.74151644933518 16.030006561458706 9.9705882352941195 -0.16666666666666666 22.366666666666671 0.20064973131743494 -0.85820832196940511 10.476693626982073
decision_type=10 10 8 10 2 2 8 8 10 8 10 2 2 8
left_child=1 12 3 -3 5 -4 -7 8 9 -6 -11 -12 13 -1
right_child=-2 2 4 -5 7 6 -8 -9 -10 10 11 -13 -14 -15
leaf_value=-0.0149148828355037 -0.0072555104567364999 0.0092859067464584055 0.0083213005857121908 -0.011752989672763484 -0.0096737716112322222 -0.0066519925416949916 0.010284092169945329 -0.0048694936919202944 0.018551116123940451 0.00047866830666306014 0.021832457596180216 0.00092953683688698323 0.01060644239175421 0.0048526809782024304
leaf_weight=17.742906495928764 212.04659552872181 131.17312707006931 31.240861728787422 23.23581574857235 40.477574646472931 299.84178636968136 19.494107112288475 68.224308058619499 27.240793764591217 78.956222221255302 36.73686046898365 25.985455051064491 133.20415869355202 80.478143945336342
leaf_count=71 849 525 125 93 162 1200 78 273 109 316 147 104 533 322
internal_value=0.000167956 0.00174828 0.000304856 0.00585059 -0.0010937 -0.00414632 -0.00547551 0.00276627 0.00530964 0.00288672 0.00668269 0.0138805 0.0065198 0.000732316
internal_weight=1226.08 1014.03 782.607 154.409 628.198 350.577 319.336 277.621 209.397 182.156 141.679 62.7223 231.425 98.2211
internal_count=4907 4058 3132 618 2514 1403 1278 1111 838 729 567 251 926 393
is_linear=0
shrinkage=0.03


Tree=10
num_leaves=15
num_cat=0
split_feature=42 13 42 19 21 30 12 42 19 21 24 16 25 25
split_gain=19.886 10.2114 9.97438 9.24604 8.56617 9.31454 8.59894 7.49725 8.2636 7.31952 6.83888 7.5094 6.60866 6.60154
threshold=11.500000000000002 28.900000000000002 2.5000000000000004 -4.6124999999999989 14.576998624164331 -1.0000000180025095e-35 19.500000000000004 17.500000000000004 2.7500000000000004 10.001388757743909 0.38675213675213677 -4.0499999999999989 5.5166666666666675 -12.320512820512819
decision_type=8 10 10 10 8 2 10 8 10 10 8 10 8 8
left_child=1 3 -3 9 6 -6 10 8 -7 -1 11 -2 -11 -5
right_child=4 2 -4 13 5 7 -8 -9 -10 12 -12 -13 -14 -15
leaf_value=0.0205105128321223 0.017266190929770293 0.0028421116441592472 -0.015239174594076843 0.015085709294615449 0.016920349288334805 0.011488511634033818 -0.016160580642924079 -0.015506627647819396 -0.011683434837373651 0.0098046651664135658 -0.015766763951713048 -0.0058891089342649481 -0.004441690583819647 0.00068825755545336457
leaf_weight=34.982735261321068 17.738141357898712 48.717618331313133 54.200954154133797 24.984788924455643 17.486385628581047 30.228513568639755 110.5704098045826 29.71947868168354 17.977899312973022 88.222491443157196 16.487060338258743 24.2372727394104 39.239786148071289 666.94351531565189
leaf_count=140 71 195 217 100 70 121 443 119 72 353 66 97 157 2669
internal_value=-0.000248461 0.00176962 -0.00694507 0.0028537 -0.0074512 -0.000215533 -0.0114119 -0.00484914 0.00256101 0.00918261 -0.00186507 0.00469223 0.00541676 0.00131263
internal_weight=1221.74 957.292 102.919 854.373 264.445 95.4123 169.033 77.9259 48.2064 162.445 58.4625 41.9754 127.462 691.928
internal_count=4890 3831 412 3419 1059 382 677 312 193 650 234 168 510 2769
is_linear=0
shrinkage=0.03


Tree=11
num_leaves=15
num_cat=0
split_feature=42 18 1 14 19 19 15 15 29 18 11 23 26 23
split_gain=13.0811 11.5323 9.77662 10.2097 6.92057 8.99107 6.79988 7.24553 6.75192 9.64214 5.86807 5.96995 6.97514 6.29552
threshold=11.500000000000002 3.5500000000000003 46.250000000000007 18.300000000000001 1.7500000000000002 -1.8499999999999999 -2.4499999999999997 -4.9499999999999993 7.5000000000000009 -6.0499999999999989 12.100000000000001 0.77097902097902116 5.3431372549019613 0.69615384615384623
decision_type=8 8 2 8 10 8 10 8 2 10 8 10 10 10
left_child=2 8 10 -4 5 -3 7 -5 9 -2 -1 13 -13 -12
right_child=1 4 3 6 -6 -7 -8 -9 -10 -11 11 12 -14 -15
leaf_value=0.017086731962960129 0.0029087010273224165 -0.0017855547006390389 0.0087778062566838625 -0.0041003910361026167 -0.0059750890972662127 0.023522937299859055 -0.0018220290211311849 -0.021965804086682864 0.0020367789938673564 -0.015885717945565932 0.0030425288538296295 -0.019250710271915807 0.00045952772201369682 0.01431243995485156
leaf_weight=22.975696831941605 28.467511281371117 24.23529227077961 51.983608260750771 50.209607794880867 35.193812549114227 19.986986637115479 179.16331958770752 33.220411002635956 33.69885241985321 127.01451702415943 498.76313517987728 16.492108762264252 64.224685102701187 44.731742531061172
leaf_count=92 114 97 208 201 141 80 717 133 135 509 1996 66 257 179
internal_value=-0.000150785 -0.00594149 0.00148878 -0.00282024 0.00349939 0.0108806 -0.00523733 -0.0120539 -0.00989272 -0.0124612 0.00358882 0.00296016 -0.00445569 0.0040921
internal_weight=1230.36 268.597 961.764 314.577 79.4161 44.2223 262.593 83.43 189.181 155.482 647.187 624.212 80.7168 543.495
internal_count=4925 1076 3849 1259 318 177 1051 334 758 623 2590 2498 323 2175
is_linear=0
shrinkage=0.03


Tree=12
num_leaves=15
num_cat=0
split_feature=11 15 20 25 3 29 3 39 30 12 23 23 23 13
split_gain=8.657 8.28374 7.78104 7.07387 7.86753 6.35686 8.35717 6.28265 4.95165 9.95806 12.1261 7.42772 4.85225 9.81942
threshold=12.700000000000001 -7.0499999999999989 16.030006561458706 -12.049999999999999 0.024314513764141624 10.500000000000002 0.024318612059947568 1008.7888453382922 2.5000000000000004 23.633333333333336 0.29583333333333339 0.70294117647058829 0.35357142857142859 26.100000000000005
decision_type=10 10 8 10 2 2 2 2 2 10 10 10 8 10
left_child=2 3 -1 -2 -5 8 -7 -6 12 10 -10 -11 13 -3
right_child=1 5 -4 4 7 6 -8 -9 9 11 -12 -13 -14 -15
leaf_value=0.018588340085232521 0.0045713347347761763 0.00050722656286822029 -0.0044803075276259761 0.0036639100719250786 -0.023645396700940062 0.0074931020231694418 -0.013422383805354479 -0.0042062778918188388 -0.006701034568202366 -0.013583957670066817 0.020842099100068061 0.0093629951237301258 -0.0012857988430646356 0.015935209149012655
leaf_weight=34.706898182630539 26.717684149742126 172.11096608638763 17.217452526092529 19.736636057496071 40.950405806303024 19.988670229911804 57.712148517370224 25.97920486330986 16.98573026061058 25.468844190239906 47.960660591721535 17.237496271729469 664.00702396035194 42.466080501675606
leaf_count=139 107 689 69 79 164 80 231 104 68 102 192 69 2658 170
internal_value=-0.000210932 -0.000760272 0.0112174 -0.00828827 -0.0122858 7.70029e-05 -0.00791412 -0.0169169 0.000743329 0.00666479 0.0136745 -0.00431133 -1.58345e-05 0.00385385
internal_weight=1229.25 1177.32 51.9244 113.384 86.6662 1063.94 77.7008 66.9296 986.237 107.653 64.9464 42.7063 878.584 214.577
internal_count=4921 4713 208 454 347 4259 311 268 3948 431 260 171 3517 859
is_linear=0
shrinkage=0.03


Tree=13
num_leaves=15
num_cat=0
split_feature=42 1 16 19 28 14 23 5 5 13 25 26 22 16
split_gain=14.108 10.1795 7.93089 7.33124 8.4263 7.2941 8.54417 6.94853 8.81562 6.4356 10.0573 6.69208 10.05 8.43694
threshold=6.5000000000000009 44.250000000000007 -0.14999999999999999 1.7500000000000002 8.5000000000000018 19.633333333333336 0.86190476190476206 0.50004338003002913 0.61707177316021589 29.700000000000006 -11.316666666666665 -1.8819444444444442 0.70294117647058829 2.6500000000000008
decision_type=8 2 10 10 2 10 10 2 2 10 8 10 10 8
left_child=1 2 -1 9 -5 6 7 -4 -9 10 -2 12 -12 -13
right_child=3 -3 5 4 -6 -7 -8 8 -10 -11 11 13 -14 -15
leaf_value=0.011478510450471819 0.021239073966318876 -0.00051740577485945218 0.019308853354515845 -0.0047077283161936221 -0.020997574014273324 -0.0058251602883953781 -0.011209253292023394 -0.010713634144235434 0.013238166925265991 -0.013909143429105568 -0.0096003946120414331 0.0090708484582059778 0.011087717441642622 -0.0041540966453082299
leaf_weight=165.6652709543705 15.736647233366964 321.34253074228764 38.473363384604454 219.6347616314888 28.932262763381004 60.474583521485329 15.244515106081961 20.993400767445564 24.742050111293793 23.217151001095772 100.40012092888355 96.410189166665077 21.986065298318863 71.939809158444405
leaf_count=663 63 1286 154 880 116 242 61 84 99 93 402 386 88 288
internal_value=0.000245491 0.00327712 0.0069733 -0.00314522 -0.00698046 0.00209996 0.00696714 0.0107015 0.00227152 -0.000192587 0.00105312 -0.000380095 -0.00559455 0.00346271
internal_weight=1225.19 646.936 325.593 578.257 248.567 159.928 99.4533 84.2088 45.7355 329.69 306.473 290.736 122.386 168.35
internal_count=4905 2589 1303 2316 996 640 398 337 183 1320 1227 1164 490 674
is_linear=0
shrinkage=0.03


Tree=14
num_leaves=15
num_cat=0
split_feature=42 2 14 20 1 4 23 15 12 17 19 23 14 10
split_gain=12.9055 6.68482 5.4737 9.58129 8.20756 7.96967 6.53219 5.84621 9.79181 6.93086 5.81874 7.42837 5.72676 5.70237
threshold=11.500000000000002 0.35819646524246018 20.300000000000001 10.511898020814311 44.250000000000007 248.17550580174796 0.39642857142857152 0.95000000000000007 26.700000000000006 1.2500000000000004 -1.0000000180025095e-35 0.59232954545454553 16.900000000000002 -10.699999999999998
decision_type=10 2 10 8 2 2 8 8 10 8 10 8 8 10
left_child=2 -2 3 -1 -4 6 -6 10 9 -9 11 -5 -11 -8
right_child=1 -3 4 7 5 -7 13 8 -10 12 -12 -13 -14 -15
leaf_value=-0.0049430748151183491 -0.017433503511324482 -0.0035712194610503776 0.0037815212486225036 0.0048831619415719823 0.0060332177070709751 -0.014537100075098789 -0.014295538103772419 -0.01127842306398614 0.015812529042708388 -0.0072479455427690437 0.0011388102477429846 0.020573094148831027 0.0096355374338140606 -0.0015626184844051026
leaf_weight=69.959153339266777 34.173614129424095 178.15058341622353 301.04177445173264 50.215771287679672 78.434976771473885 41.464514791965485 33.697850063443184 39.233533844351768 32.242726877331734 23.73979589343071 41.467534855008125 66.448540508747101 45.467900797724724 183.100082680583
leaf_count=280 137 714 1205 201 314 166 135 157 129 95 166 266 182 733
internal_value=0.000482922 -0.00615212 0.00190608 0.0047888 0.000214847 -0.00298279 -0.00114496 0.00711109 0.002526 -0.0019473 0.0109878 0.0142979 0.00374598 -0.0038194
internal_weight=1218.84 212.324 1006.51 368.775 637.739 336.697 295.233 298.816 140.684 108.441 158.132 116.664 69.2077 216.798
internal_count=4880 851 4029 1476 2553 1348 1182 1196 563 434 633 467 277 868
is_linear=0
shrinkage=0.03


Tree=15
num_leaves=15
num_cat=0
split_feature=12 12 11 19 21 4 17 14 25 10 19 17 17 41
split_gain=6.65659 9.44251 6.2486 5.11151 7.92695 9.362 8.60478 6.91764 6.73676 6.63393 6.18483 9.08655 8.73335 8.27455
threshold=35.70000000000001 31.900000000000002 12.300000000000002 -1.0000000180025095e-35 9.1969195311987963 129.35227087680201 0.29999999999999999 25.100000000000005 -2.4833333333333329 1.0000000180025095e-35 -2.0499999999999994 5.9500000000000011 1.1000000000000005 63.500000000000007
decision_type=10 8 8 10 8 2 10 10 10 10 10 10 10 10
left_child=1 2 -1 10 -5 -6 9 -8 -9 -7 -4 12 13 -12
right_child=-2 -3 3 4 5 6 7 8 -10 -11 11 -13 -14 -15
leaf_value=0.011140819989115964 -0.017071443283988859 0.012422072650206763 -0.00055549460788513396 -0.014118750346603044 -0.0042443406020868622 0.0063516873207666372 0.020714872608555042 0.01921220366659545 -0.00053063056685933988 -0.013294864626325646 -0.0065324834304187358 -0.0055095368807300937 0.021432550910544849 0.012324130139051094
leaf_weight=37.170094311237335 14.985524058341978 50.941105335950851 403.18979531526566 44.414746209979057 353.85398115217686 22.975479260087013 27.974259838461876 15.235849142074583 66.157510951161385 31.212960064411163 33.215186953544617 39.228956535458565 38.228407472372055 42.477413326501846
leaf_count=149 60 204 1614 178 1417 92 112 61 265 125 133 157 153 170
internal_value=0.000101629 0.000384557 -0.000197443 -0.000622268 -0.00262948 -0.00151754 0.0043328 0.00904167 0.00406301 -0.005132 0.0014101 0.00643877 0.0106119 0.00415748
internal_weight=1221.26 1206.28 1155.33 1118.16 561.825 517.41 163.556 109.368 81.3934 54.1884 556.34 153.15 113.921 75.6926
internal_count=4890 4830 4626 4477 2250 2072 655 438 326 217 2227 613 456 303
is_linear=0
shrinkage=0.03


Tree=16
num_leaves=15
num_cat=0
split_feature=42 11 4 25 25 25 16 16 26 12 19 8 12 3
split_gain=13.0881 7.70076 7.48341 8.55993 8.31669 7.14653 6.70392 6.58404 6.29066 10.5752 7.83138 8.3696 7.02531 6.16607
threshold=9.5000000000000018 12.300000000000002 134.15559033579419 -2.4833333333333329 -10.07179487179487 -12.320512820512819 -8.9499999999999975 -0.54999999999999993 0.86190476190476206 19.500000000000004 2.2250000000000005 -0.49999999999999994 24.900000000000002 0.024738697602202268
decision_type=8 10 2 10 10 8 8 10 10 10 8 8 10 2
left_child=1 -1 4 -4 5 7 -6 -3 9 -2 -10 -12 -11 -7
right_child=8 2 3 -5 6 13 -8 -9 10 12 11 -13 -14 -15
leaf_value=0.015699630185266954 -0.0013471769464733845 0.014359417570731656 0.016743105652980404 0.0027040046939356458 -0.0134666271927639 -0.02122485864381873 0.0017127557120194003 -0.0096058268407676686 0.0048479078440905442 -0.019628117489464365 0.0028293532086688588 -0.016926281407942525 -0.0018632159220073839 -0.00051795383171319097
leaf_weight=29.405015587806702 99.895980760455132 15.238913908600809 44.475024029612541 199.87806777656078 22.738208308815956 37.462926179170609 468.20665127038956 16.227484941482544 96.872157976031303 73.535764202475548 33.654764458537102 36.667468398809433 28.409126877784729 18.983796045184135
leaf_count=118 400 61 178 800 91 150 1874 65 388 295 135 147 114 76
internal_value=-0.000256505 0.00178689 0.00119815 0.00554377 -0.000668028 -0.00890058 0.00088104 0.00237785 -0.00493834 -0.00843678 -0.000592589 -0.00791144 -0.0149961 -0.0148697
internal_weight=1221.65 852.616 823.211 244.353 578.858 87.9131 490.945 31.4664 369.035 201.841 167.194 70.3222 101.945 56.4467
internal_count=4892 3413 3295 978 2317 352 1965 126 1479 809 670 282 409 226
is_linear=0
shrinkage=0.03


Tree=17
num_leaves=15
num_cat=0
split_feature=12 21 21 25 21 12 21 4 18 21 9 10 8 9
split_gain=12.0035 11.6512 8.37866 8.19189 7.18848 8.20639 6.96463 8.00745 7.65154 7.40522 6.31598 6.30415 8.29692 7.4255
threshold=19.500000000000004 9.1241435465703375 16.26738366232259 0.62019230769230782 11.051646293351224 25.700000000000006 12.812319725707548 25.949639603948416 6.4500000000000011 10.388294526204158 -14.299999999999999 3.2000000000000011 6.5000000000000009 -1.2999999999999996
decision_type=10 8 10 10 10 10 10 2 8 8 10 8 10 10
left_child=2 -2 6 -4 5 -3 7 -1 9 -9 -8 12 13 -6
right_child=1 4 3 -5 11 -7 10 8 -10 -11 -12 -13 -14 -15
leaf_value=0.014410899213255229 -0.012910517381380208 8.492959883922586e-05 -0.01310160748900945 0.0062528556217775998 0.0075911932927524338 0.01601344520580961 -0.0050141536360556295 0.0043715423065601366 0.011887051144905989 -0.010452559824330555 0.014112719807390449 -0.0067254648425758212 0.01110008633248151 -0.0031476694932907282
leaf_weight=36.44985693693161 70.859250739216805 78.145587727427483 38.218583345413208 31.985989227890968 64.154364362359047 41.442354947328568 15.234631687402723 49.702183783054352 29.713875353336334 64.952927142381668 118.40613380074501 168.98216293752193 48.471969485282898 356.06568086147308
leaf_count=146 284 313 153 128 257 166 61 199 119 260 474 677 194 1426
internal_value=0.000333684 -0.00170052 0.00467863 -0.00445405 -0.000573759 0.00602597 0.00675534 0.00278724 -0.000531627 -0.00411227 0.0118301 -0.00184871 -3.80158e-05 -0.0014382
internal_weight=1212.79 828.121 384.664 70.2046 757.262 119.588 314.46 180.819 144.369 114.655 133.641 637.674 468.692 420.22
internal_count=4857 3317 1540 281 3033 479 1259 724 578 459 535 2554 1877 1683
is_linear=0
shrinkage=0.03


Tree=18
num_leaves=15
num_cat=0
split_feature=42 1 30 17 13 4 15 12 10 25 17 24 11 4
split_gain=12.7418 6.98299 7.91584 7.93508 7.83274 7.62848 6.12177 10.4955 10.4834 16.3704 10.3289 7.32061 7.14101 5.77651
threshold=6.5000000000000009 40.750000000000007 2.5000000000000004 -12.249999999999998 24.450000000000003 122.93930733181698 -0.54999999999999993 19.500000000000004 -6.7749999999999986 -8.0357142857142829 6.7500000000000018 0.071428571428571425 23.700000000000006 141.83791333834213
decision_type=8 2 2 10 10 2 8 10 10 8 8 8 10 2
left_child=1 5 3 -3 -4 -1 8 -8 -2 -10 11 12 -9 -12
right_child=6 2 4 -5 -6 -7 7 10 9 -11 13 -13 -14 -15
leaf_value=0.0036694039512003016 0.00014583059471271942 0.012358196555497265 0.019363030880456978 -0.0012080533920777693 -0.003652735508658527 0.018596773464980485 0.0073769027583170102 -0.0020843383673331221 0.010865011325399418 -0.015994982496896851 -0.020422337945590969 -0.0080932101228131659 0.013903159831376596 0.00026430114625304515
leaf_weight=93.874133601784706 119.00662054121494 37.700193703174591 34.481021419167519 420.25073935091496 17.980652213096619 43.460630044341087 102.67048133909702 54.156739190220833 20.720227345824242 120.98868609964848 38.39478462934494 56.37111359834671 40.210635215044022 16.696378856897354
leaf_count=376 477 151 138 1682 72 174 411 217 83 485 154 226 161 67
internal_value=0.000133584 0.00300043 0.00134747 3.01798e-05 0.0118432 0.00888062 -0.0031265 -0.00024764 -0.00646425 -0.0118312 -0.00413561 5.50841e-05 0.00508485 -0.0146525
internal_weight=1216.96 647.747 510.413 457.951 52.4617 137.335 569.216 308.5 260.716 141.709 205.83 150.738 94.3674 55.0912
internal_count=4874 2593 2043 1833 210 550 2281 1236 1045 568 825 604 378 221
is_linear=0
shrinkage=0.03


Tree=19
num_leaves=15
num_cat=0
split_feature=42 21 18 29 1 14 41 7 18 41 11 14 4 4
split_gain=10.9317 10.7713 9.49245 7.32411 7.3006 10.6419 5.98097 6.17171 7.26319 5.63509 5.69696 6.25725 9.17551 6.60063
threshold=11.500000000000002 14.360826345769025 3.1500000000000008 7.5000000000000009 46.750000000000007 18.300000000000001 35.500000000000007 -2.0953777490804208 -5.9499999999999993 77.500000000000014 33.500000000000007 23.225000000000005 119.83486007827425 138.35739958301852
decision_type=8 8 8 2 2 8 8 2 10 10 8 10 2 2
left_child=4 6 3 -3 -1 -6 -2 -8 -9 10 11 13 -13 -7
right_child=1 2 -4 -5 5 9 7 8 -10 -11 -12 12 -14 -15
leaf_value=0.0032159269769146573 0.0050124958740365719 -0.0083547903544504611 0.015035037729145407 0.012402121111421536 0.010387938993549626 -0.017691112528073535 -0.0004311413011660853 0.002888777743820205 -0.018379982594588753 0.010014671754316706 0.0089704874674434981 0.0033275682488183465 -0.013161476385164126 0.0025228940330197383
leaf_weight=685.06809082627296 18.202597543597221 60.343731299042702 30.203047007322311 15.227143600583075 43.479401275515556 67.686363607645035 32.144708558917046 15.462964639067648 93.902915507555008 16.231331333518028 15.985690757632254 74.908073857426643 44.437482178211212 16.740008786320686
leaf_count=2743 73 242 121 61 174 271 129 62 377 65 64 300 178 67
internal_value=6.77182e-05 -0.00526542 0.00211427 -0.00366229 0.00155524 -0.00250062 -0.0100686 -0.0121134 -0.015378 -0.00504151 -0.00635161 -0.00773967 -0.00309437 -0.0137661
internal_weight=1230.02 265.487 105.774 75.5709 964.536 279.468 159.713 141.511 109.366 235.989 219.758 203.772 119.346 84.4264
internal_count=4927 1065 424 303 3862 1119 641 568 439 945 880 816 478 338
is_linear=0
shrinkage=0.03


Tree=20
num_leaves=15
num_cat=0
split_feature=42 18 18 27 1 23 41 8 9 19 27 7 12 22
split_gain=10.6839 7.48637 11.3198 6.7995 13.9136 10.0367 6.91816 6.91714 6.22554 5.92124 7.32312 7.23441 5.73772 5.37298
threshold=11.500000000000002 -5.7749999999999995 3.5500000000000003 10.500000000000002 39.250000000000007 0.87867647058823539 39.500000000000007 -3.0999999999999996 11.100000000000001 3.3500000000000001 14.500000000000002 -1.8283649190425282 22.633333333333336 0.44722222222222224
decision_type=8 10 10 2 2 8 10 10 10 10 2 2 10 10
left_child=3 12 -3 5 7 8 13 -5 -1 11 -11 -8 -2 -6
right_child=1 2 -4 4 6 -7 9 -9 -10 10 -12 -13 -14 -15
leaf_value=0.0053237984938564447 0.013991872012297801 -0.012019357924976373 0.0019508803510009498 -0.00055724280670509379 -0.0066441279622869139 -0.0032269551122104147 0.00046524807874974737 0.017997001177676508 0.021948269183886586 -0.0064585867794037582 0.0093181509462189494 -0.011731983624404779 -0.0070822379663855106 0.010262307098270022
leaf_weight=369.84870290756226 25.213385686278343 147.13392938673496 77.569992527365685 29.436292409896851 20.978241100907326 128.60565319657326 61.208285853266716 40.710745632648468 17.235141202807426 53.434290289878845 43.454655304551125 145.3684007525444 14.962986797094343 46.951450571417809
leaf_count=1481 101 591 311 118 84 515 245 163 69 214 174 582 60 188
internal_value=0.000139505 -0.00513601 -0.00725921 0.00161842 -0.00110898 0.00394189 -0.00345029 0.0106919 0.00633447 -0.00537892 0.00072731 -0.00819238 0.00622802 0.00494365
internal_weight=1222.11 264.88 224.704 957.232 441.542 515.689 371.395 70.147 387.084 303.466 96.8889 206.577 40.1764 67.9297
internal_count=4896 1063 902 3833 1768 2065 1487 281 1550 1215 388 827 161 272
is_linear=0
shrinkage=0.03


Tree=21
num_leaves=15
num_cat=0
split_feature=42 10 4 14 15 4 14 3 1 19 19 23 3 16
split_gain=7.4836 7.539 8.22917 7.65093 7.06812 6.90338 6.57256 6.84924 6.19087 6.00304 6.4159 5.89316 7.15173 5.3596
threshold=6.5000000000000009 15.100000000000003 146.40693767054066 19.900000000000002 1.0000000180025095e-35 191.72221300543495 18.100000000000005 0.030833993981433053 44.250000000000007 1.7500000000000002 -1.6499999999999997 0.41987179487179493 0.019569298506679881 -0.94999999999999984
decision_type=8 10 2 10 8 2 10 2 2 10 8 8 2 10
left_child=1 2 3 11 5 -2 -4 -8 -3 10 -6 -1 -13 -11
right_child=4 8 6 -5 9 -7 7 -9 -10 13 -12 12 -14 -15
leaf_value=-0.0081435776983817525 -0.0039335857282739722 0.0025207869286987734 -0.0067838955019126467 -0.0017668809514749598 -0.00036304445904112296 -0.018202487444854816 0.015737018443897917 -0.0030131164445729376 -0.018031331146780825 -0.010874593598673262 0.011538003633656944 0.024761750025173716 0.0053324288593568784 0.0015154183723302722
leaf_weight=19.977373093366623 253.36389681696892 22.225252166390419 15.484313622117041 289.23179519176483 97.115872293710709 30.636524945497513 89.913694530725479 19.735399320721626 23.984780550003052 52.06668695807457 64.902426809072495 14.985295340418814 158.32696121931076 67.578457042574883
leaf_count=80 1016 89 62 1158 389 123 360 79 96 209 260 60 634 271
internal_value=5.11083e-05 0.00222911 0.00313829 0.00131794 -0.00246397 -0.00576113 0.00983732 0.012378 -0.00886555 0.00090305 0.00460705 0.00586211 0.0076596 -0.00409635
internal_weight=1219.53 653.865 607.655 482.521 565.664 284 125.133 109.649 46.21 281.663 162.018 193.29 173.312 119.645
internal_count=4886 2618 2433 1932 2268 1139 501 439 185 1129 649 774 694 480
is_linear=0
shrinkage=0.03


Tree=22
num_leaves=15
num_cat=0
split_feature=19 21 25 28 2 16 11 20 11 39 11 4 19 39
split_gain=8.29909 9.79669 11.1712 10.1157 9.97967 7.95444 7.16942 7.01376 7.97003 12.1934 7.49633 6.5476 6.46083 6.42428
threshold=-1.0000000180025095e-35 9.3440414006533583 4.1483516483516496 6.5000000000000009 0.74785009888040677 -5.1499999999999995 12.450000000000001 10.761298943709892 26.500000000000004 423.60224223683105 24.900000000000002 129.35227087680201 3.9500000000000006 670.15022466327093
decision_type=10 8 10 2 2 10 10 8 10 2 10 2 10 2
left_child=7 -2 3 -3 -4 -6 -5 10 13 -10 -1 12 -8 -9
right_child=1 2 4 6 5 -7 11 8 9 -11 -12 -13 -14 -15
leaf_value=-0.0085873058068942874 -0.013788840461589126 0.0083739937413446208 0.010381936379508303 0.011036426784230929 0.010561045149218209 -0.011931665557273053 -0.013230627457748103 0.0013831071007234037 0.014362978348711067 -0.0085550660405385292 0.0074454413504757488 0.0013285290462416246 -0.0039618413074329383 0.0095359520127861856
leaf_weight=84.62714621424675 57.542495176196098 48.925474271178246 108.58780281245708 17.693850234150887 16.469014286994934 38.42431652545929 135.51304517686367 149.99312122166157 22.733676478266716 81.181190773844719 32.715392887592316 73.583548158407211 142.44475829601288 208.67073546350002
leaf_count=339 231 196 435 71 66 154 543 601 91 325 131 295 571 836
internal_value=-0.000152914 -0.00250132 -0.00127663 -0.00386803 0.00526986 -0.00486514 -0.00558036 0.00243474 0.00409124 -0.00311204 -0.00399573 -0.00655977 -0.0086346 0.00619233
internal_weight=1219.11 639.184 581.642 418.161 163.481 54.8933 369.235 579.921 462.579 103.915 117.343 351.541 277.958 358.664
internal_count=4885 2562 2331 1676 655 220 1480 2323 1853 416 470 1409 1114 1437
is_linear=0
shrinkage=0.03


Tree=23
num_leaves=15
num_cat=0
split_feature=42 42 22 13 12 21 16 25 25 12 13 16 25 1
split_gain=10.6456 9.47342 7.80991 7.57301 5.92468 9.60585 9.28013 6.5489 8.62664 7.9828 6.20664 6.13288 5.60262 5.35238
threshold=6.5000000000000009 4.5000000000000009 0.8377192982456142 16.900000000000002 19.500000000000004 16.046608691485577 1.7500000000000002 1.3038461538461541 -8.6124999999999989 13.633333333333335 21.225000000000005 -4.0499999999999989 -3.4833333333333329 40.250000000000007
decision_type=8 10 10 10 10 8 10 10 8 10 10 10 10 2
left_child=1 2 13 -4 7 6 -6 8 -2 -9 -10 -11 -12 -1
right_child=4 -3 3 -5 5 -7 -8 9 10 11 12 -13 -14 -15
leaf_value=0.010050997403712512 0.011146592418098686 0.0095287684841858632 0.0069739030456648678 -0.015814180261659472 -0.012182773803011731 0.0037057316911575555 -0.0014978368014181716 -0.0084143141976695032 0.0029083396833111319 0.022503339895074279 -0.019891988095054193 0.003670837406044796 -0.00074607328529213745 0.0010288379848214589
leaf_weight=65.868577942252159 26.215422049164772 156.79180192947388 15.485905244946478 37.972001254558563 150.84239836037159 94.306893482804298 140.882408618927 16.476960867643356 33.201802477240562 27.456685602664948 32.9332395195961 34.453296020627022 22.21366311609745 368.16414810717106
leaf_count=264 105 628 62 152 606 378 565 66 133 110 132 138 89 1474
internal_value=0.00059497 0.00323619 0.00113611 -0.00918097 -0.00234668 -0.00447303 -0.0071349 0.00191297 -0.00264144 0.0083286 -0.00711062 0.0130804 -0.012883 0.00249691
internal_weight=1223.27 644.282 487.491 53.4579 578.983 386.032 291.725 192.951 114.564 78.3869 88.3487 61.91 55.1469 434.033
internal_count=4902 2580 1952 214 2322 1549 1171 773 459 314 354 248 221 1738
is_linear=0
shrinkage=0.03


Tree=24
num_leaves=15
num_cat=0
split_feature=42 21 26 20 30 20 11 20 21 39 21 26 22 0
split_gain=12.6341 9.15474 10.4896 8.87748 7.42354 7.86061 6.57719 7.14817 9.311 6.35515 7.23573 7.17685 7.03943 6.54279
threshold=9.5000000000000018 15.156380412677516 1.1291666666666669 12.674558914452804 2.5000000000000004 16.835808282479736 12.450000000000001 11.185556159842735 11.673331429659077 944.97247220545694 12.812319725707548 -13.949999999999998 0.84807692307692317 -5.2499999999999991
decision_type=8 8 8 8 2 8 8 10 10 2 8 10 10 2
left_child=4 -2 -3 -4 6 -6 -1 8 -8 10 -9 -12 13 -11
right_child=1 2 3 -5 5 -7 7 9 -10 12 11 -13 -14 -15
leaf_value=0.015619883915709298 -0.0073762296018482524 -0.007315178009123467 -0.002593844143792524 0.018917224290057072 0.015184591912168555 -0.006417635432892423 0.0049003813141893088 -0.0051739555467976072 -0.0084710212628189736 -0.0058327795812371675 -0.010667716553119599 0.0059156699803644477 -0.0081934701799511386 0.01015392107215124
leaf_weight=23.876833587884903 244.96314340829849 48.607123136520386 27.186196863651276 37.682493582367897 66.138622343540192 16.21841362118721 68.146918058395386 134.59375491738319 128.61878760159016 22.966312736272812 22.472613468766212 169.56530386209488 22.23102194070816 183.30196423828602
leaf_count=96 984 195 109 151 265 65 273 539 515 92 90 679 89 734
internal_value=0.000534381 -0.00416021 0.00280059 0.0103616 0.00250804 0.0108067 0.00156348 0.00101688 -0.00383336 0.00275492 5.23134e-05 0.0037536 0.00653435 0.00827801
internal_weight=1216.57 358.439 113.476 64.8687 858.131 82.357 775.774 751.897 196.766 555.131 326.632 192.038 228.499 206.268
internal_count=4876 1439 455 260 3437 330 3107 3011 788 2223 1308 769 915 826
is_linear=0
shrinkage=0.03


Tree=25
num_leaves=15
num_cat=0
split_feature=7 14 20 11 11 25 23 17 30 21 14 23 11 39
split_gain=6.37881 7.48202 7.98152 6.86157 10.9278 7.03171 5.8097 8.65279 6.12207 7.72944 7.53873 5.93294 5.80742 5.72528
threshold=-0.068744881055099669 15.900000000000002 10.377593214889064 19.450000000000003 18.500000000000004 -8.7416666666666654 0.35357142857142859 9.7500000000000018 2.5000000000000004 16.343024313823417 24.700000000000006 0.91287878787878796 21.700000000000006 969.05152690383807
decision_type=2 10 10 8 10 8 8 10 2 8 10 10 10 2
left_child=3 2 -2 4 5 -1 -3 8 9 10 11 -8 -5 -9
right_child=1 6 -4 12 -6 -7 7 13 -10 -11 -12 -13 -14 -15
leaf_value=-0.0092115363347160181 -0.0084968043422999906 0.0014867837693033133 0.013281134978425467 0.010456261636236575 -0.015792095805121257 0.0051023550492815184 -0.012451613544525326 -0.028220853435643709 0.0084151198874369421 0.0034433070697299424 0.0013037166383454402 0.0046475592242088415 0.0022651442980473335 -0.0037810132846288836
leaf_weight=37.403220057487488 17.453533545136452 156.59071849286556 46.658020049333572 98.30549655854702 38.66596220433712 109.25646518170834 159.16376854479313 18.446317747235298 29.41623592376709 72.141733407974243 63.043049767613411 17.964077427983284 334.6810657531023 16.458550855517387
leaf_count=150 70 628 187 394 155 438 638 74 118 289 253 72 1341 66
internal_value=4.23731e-05 -0.00215942 0.00716659 0.00216973 -0.00261236 0.00126849 -0.00333688 -0.00533558 -0.00373037 -0.00498891 -0.00754032 -0.0106375 0.004223 -0.0186145
internal_weight=1215.65 597.336 64.1116 618.312 185.326 146.66 533.224 376.634 341.729 312.313 240.171 177.128 432.987 34.9049
internal_count=4873 2395 257 2478 743 588 2138 1510 1370 1252 963 710 1735 140
is_linear=0
shrinkage=0.03


Tree=26
num_leaves=15
num_cat=0
split_feature=42 15 12 24 19 30 11 39 43 8 8 16 19 0
split_gain=10.9777 10.5408 11.6396 9.45576 9.41153 8.34209 7.92493 7.90849 8.64842 8.58739 7.54756 7.33175 7.26149 6.63068
threshold=6.5000000000000009 -2.2499999999999996 19.500000000000004 0.099707602339181259 -5.2499999999999991 2.5000000000000004 12.300000000000002 938.24961952166075 1.0000000180025095e-35 9.6333333333333346 -4.2999999999999998 1.7500000000000002 0.45000000000000007 -1.2499999999999998
decision_type=8 8 10 10 8 2 8 2 2 10 10 10 10 2
left_child=5 3 4 13 -3 6 -1 -8 9 -9 -7 -4 -13 -2
right_child=1 2 11 -5 -6 10 7 8 -10 -11 -12 12 -14 -15
leaf_value=0.020170075822725144 -0.010462260970850833 -0.0040337668586465465 -0.0081583142422687691 -0.02045025539342446 0.013296679453704578 -0.0044286458726526586 -0.0017608213373452915 0.0093513174112702224 -0.010081925547991878 -0.0082843169600445455 0.018283980141728818 -0.0059911719451809864 0.0081621661734399137 0.0014279850289906633
leaf_weight=15.628385245800017 79.225579544901848 38.702320143580437 128.38575580716133 39.060632839798927 82.867292895913124 15.211372792720793 334.64382693171501 193.78840532898903 24.967892691493034 24.479205444455147 48.675128594040871 53.903168231248856 68.586902514100075 82.503871768712997
leaf_count=63 318 155 516 157 332 61 1340 776 100 98 195 216 275 331
internal_value=0.000418242 -0.00260396 0.000401607 -0.00805329 0.00783804 0.00305331 0.00188905 0.00122587 0.00528766 0.00723221 0.0129472 -0.00328469 0.00194313 -0.00453571
internal_weight=1230.63 573.236 372.445 200.79 121.57 657.394 593.508 577.879 243.236 218.268 63.8865 250.876 122.49 161.729
internal_count=4933 2300 1494 806 487 2633 2377 2314 974 874 256 1007 491 649
is_linear=0
shrinkage=0.03


Tree=27
num_leaves=15
num_cat=0
split_feature=41 23 12 16 25 24 23 9 21 39 26 15 9 9
split_gain=6.04338 9.75135 8.03733 7.76435 6.83255 10.6124 6.40311 6.23863 9.5991 8.7995 8.1373 9.51396 7.60586 6.43692
threshold=67.500000000000014 0.51470588235294124 19.100000000000005 -3.2499999999999996 8.8786764705882373 0.060661764705882366 0.63245614035087727 -0.89999999999999991 15.815779695525064 564.78557880709582 -2.1380952380952376 0.31666666666666671 4.9000000000000012 -9.2999999999999989
decision_type=10 10 10 10 10 10 10 10 10 2 8 10 10 8
left_child=1 -1 -3 -4 5 6 -5 8 9 13 11 -10 -9 -2
right_child=7 2 3 4 -6 -7 -8 12 10 -11 -12 -13 -14 -15
leaf_value=-0.0056510203395241879 0.013415441773808063 0.014441349071886199 -0.013616430210972157 0.011539204560281865 0.013503395300104401 -0.016415299934832182 -0.0009481092679709778 -0.0053786357945776299 0.015785154809935642 0.012511282325253963 -0.016019431864080329 -0.011773801766799508 0.0038413815536082916 -0.0056798471087114461
leaf_weight=330.42152264714241 16.974095642566681 34.159507185220718 28.646054729819298 45.13080720603466 32.696623146533966 26.685452222824097 138.1658252030611 157.23653148114681 21.4720249325037 142.20771798491478 26.204654648900032 14.985392704606054 155.02916271984577 52.393335163593292
leaf_count=1326 68 137 115 181 131 107 554 630 86 570 105 60 621 210
internal_value=-9.86564e-05 -0.00211647 0.00173605 -9.59022e-05 0.00174274 -0.000359999 0.00235125 0.00208852 0.00534758 0.00835998 -0.00468977 0.00440358 -0.000812814 -0.000419447
internal_weight=1222.41 635.906 305.484 271.325 242.679 209.982 183.297 586.503 274.237 211.575 62.6621 36.4574 312.266 69.3674
internal_count=4901 2551 1225 1088 973 842 735 2350 1099 848 251 146 1251 278
is_linear=0
shrinkage=0.03


Tree=28
num_leaves=15
num_cat=0
split_feature=17 41 39 26 16 19 12 16 28 15 20 15 20 19
split_gain=5.38896 9.13205 8.72281 8.56974 6.4722 6.30274 8.52952 6.97118 6.60245 8.3311 7.95177 6.54584 6.49425 6.02101
threshold=-2.7999999999999989 63.500000000000007 938.24961952166075 4.4330357142857153 0.25000000000000006 7.7500000000000009 24.700000000000006 1.8500000000000003 9.5000000000000018 8.2500000000000018 8.0846218247137376 -0.54999999999999993 11.528708088170324 10.250000000000002
decision_type=10 8 2 8 8 10 10 10 2 10 10 10 10 8
left_child=1 3 13 -1 -4 6 8 -7 9 10 -2 -10 -8 -3
right_child=5 2 4 -5 -6 7 12 -9 11 -11 -12 -13 -14 -15
leaf_value=-0.013499349496334167 -0.013866381328624732 -0.005582507123154932 0.020368580852633513 -0.0007991579752783662 0.0033076473856133801 -0.0099482416281177523 0.01997796838121545 0.0092811256820629802 -0.004189259829118914 -0.010596961874239454 0.0023403973407689262 0.015805198119964038 0.0047913260743818568 0.01201159314475291
leaf_weight=95.176437363028526 24.201462969183922 138.44436837732792 21.453339830040932 92.767435312271118 93.800159633159637 68.97264102101326 34.174797162413597 17.730671048164368 18.691466227173805 55.406277179718018 409.08627100288868 43.130502164363861 85.368591785430908 15.1908842921257
leaf_count=382 97 555 86 372 376 277 137 71 75 222 1640 173 342 61
internal_value=0.000125673 -0.00243181 0.0011222 -0.00741381 0.00719824 0.00167537 0.00266816 -0.00572424 0.00105406 -0.00015377 0.0012873 0.00989888 0.0097606 -0.00351911
internal_weight=1213.6 456.833 268.889 187.944 115.253 756.763 670.059 86.7033 550.516 488.694 433.288 61.822 119.543 153.635
internal_count=4866 1832 1078 754 462 3034 2686 348 2207 1959 1737 248 479 616
is_linear=0
shrinkage=0.03


Tree=29
num_leaves=15
num_cat=0
split_feature=13 27 14 20 15 30 22 23 19 19 8 14 20 2
split_gain=6.42494 9.86737 11.0624 7.43011 6.8804 8.72924 6.53458 6.28 7.19625 6.94059 6.10794 5.78815 6.03279 5.70906
threshold=19.100000000000005 5.5000000000000009 17.500000000000004 10.709549189343637 5.8500000000000005 1.0000000180025095e-35 0.87083333333333346 0.33974358974358981 7.9500000000000011 3.0500000000000003 7.1000000000000005 21.900000000000002 16.643483775492271 0.73399633583453039
decision_type=10 2 10 10 8 2 8 8 10 10 10 10 8 2
left_child=4 7 3 -3 6 11 10 -2 9 -9 -1 12 -6 -13
right_child=1 2 -4 -5 5 -7 -8 8 -10 -11 -12 13 -14 -15
leaf_value=0.0059780677184263853 0.010331047409473222 -0.0077255930409738148 -0.0052413958081373004 0.0090394384022124564 -0.0056540969840850929 0.013763147754116793 -0.0044836150367351581 0.0016911201244130809 0.015330505029826172 -0.012408465249175538 0.019827391164613253 -0.020317647365769229 0.012014313944949664 -0.00038279022946474748
leaf_weight=120.95711305737495 79.332267269492149 27.700225308537483 510.56856101751328 88.063098073005676 41.931408762931824 22.432013109326363 32.680525287985802 117.76918019354343 19.958607077598572 37.404146432876587 36.172361418604851 27.169242575764656 22.66858334839344 21.945035144686699
leaf_count=485 318 111 2048 353 168 90 131 472 80 150 145 109 91 88
internal_value=2.22785e-06 -0.0013303 -0.00334798 0.00487408 0.00356867 -0.00155372 0.00718842 0.0036048 0.000355712 -0.0019888 0.00967943 -0.00502765 0.000963568 -0.0122688
internal_weight=1206.75 880.796 626.332 115.763 325.956 136.146 189.81 254.464 175.132 155.173 157.129 113.714 64.6 49.1143
internal_count=4839 3532 2512 464 1307 546 761 1020 702 622 630 456 259 197
is_linear=0
shrinkage=0.03


Tree=30
num_leaves=15
num_cat=0
split_feature=9 7 20 4 41 9 39 19 13 19 15 19 22 22
split_gain=6.41817 8.63264 10.4134 9.09698 8.38253 7.53877 7.51728 6.79398 6.7849 11.0424 16.9735 8.29344 6.7422 6.39729
threshold=4.7000000000000002 -1.532966391003906 14.230835032216001 -4.414933001909275 51.500000000000007 0.90000000000000013 2275.5466847730363 10.250000000000002 22.450000000000003 -0.14999999999999999 -2.3499999999999992 -1.1499999999999997 0.18465909090909094 0.53452380952380962
decision_type=8 2 10 2 8 10 2 10 10 8 10 8 8 8
left_child=5 2 4 -4 -2 7 8 -1 11 -10 -11 -3 -7 -14
right_child=1 6 3 -5 -6 12 -8 -9 9 10 -12 -13 13 -15
leaf_value=0.00091265811377713539 -0.0015167650578217721 -0.013935928636181727 -0.011571441561810747 0.012551564572860538 0.022896554450824797 -0.019582180690859475 -0.01759822117516981 -0.011684975245081304 0.01704087836728737 -0.015576292610356118 0.015001269560472043 0.002146266205929284 0.0016735207077906281 -0.0092882073699505664
leaf_weight=618.78883327543736 15.721210420131682 37.689031466841698 26.464073270559311 20.46811817586422 49.402843222022057 25.165304094552994 14.964804396033285 36.066212207078934 47.150045841932297 31.384805589914322 24.718389898538589 85.822242796421051 89.503344431519508 94.997651323676109
leaf_count=2482 63 151 106 82 198 101 60 145 189 126 99 344 359 381
internal_value=-7.00422e-05 0.0033062 0.00999339 -0.000855345 0.0173151 -0.00146276 6.65837e-05 0.000135557 0.00158684 0.00709222 -0.00197906 -0.00311243 -0.00634169 -0.00406671
internal_weight=1218.31 353.786 112.056 46.9322 65.1241 864.521 241.729 654.855 226.765 103.253 56.1032 123.511 209.666 184.501
internal_count=4886 1418 449 188 261 3468 969 2627 909 414 225 495 841 740
is_linear=0
shrinkage=0.03


Tree=31
num_leaves=15
num_cat=0
split_feature=11 15 21 9 26 8 39 8 16 21 43 17 12 17
split_gain=4.87817 6.6577 10.8191 13.5483 7.40825 6.10701 6.03445 5.9497 9.47481 6.87944 5.79882 5.66397 5.64187 5.39402
threshold=12.700000000000001 -3.4499999999999997 15.660459714145153 -6.2999999999999998 -6.1547619047619042 -2.4499999999999997 423.60224223683105 -3.0999999999999996 -4.7499999999999991 10.89673745963926 1.0000000180025095e-35 -8.8499999999999961 28.900000000000002 5.9500000000000011
decision_type=8 10 8 8 8 10 2 10 10 10 2 8 8 10
left_child=-1 2 4 -4 -2 7 -5 8 -3 -10 11 -7 -13 -12
right_child=1 5 3 6 -6 10 -8 -9 9 -11 13 12 -14 -15
leaf_value=0.0091755760335988611 0.0034777401123920041 0.016245705572896788 -0.015982837590346688 -0.0046194983650381582 -0.010156816167119904 -0.011492192014508157 0.014213227587843288 0.018709646010612129 0.01109143883541793 -0.0054001028008606369 -0.00208064161167261 0.00012142453007927695 0.0089634363981837255 -0.021084483905297682
leaf_weight=44.504712164402008 41.625868380069733 33.192355662584305 18.701081290841103 17.45351168513298 183.84637676179409 28.442197352647781 58.831606909632683 23.199339345097542 25.93020361661911 81.548176676034927 37.913872331380844 538.96486566960812 68.869102835655212 16.967849507927895
leaf_count=179 167 133 75 70 738 114 236 93 104 327 152 2161 276 68
internal_value=-5.04829e-05 -0.000437172 -0.00409025 0.00424777 -0.00761881 0.000947796 0.00988532 0.00606237 0.00340599 -0.00110518 -0.000299676 0.000536193 0.0011882 -0.00922601
internal_weight=1219.99 1175.49 320.458 94.9862 225.472 855.028 76.2851 163.87 140.671 107.478 691.158 636.276 607.834 54.8817
internal_count=4893 4714 1286 381 905 3428 306 657 564 431 2771 2551 2437 220
is_linear=0
shrinkage=0.03


Tree=32
num_leaves=15
num_cat=0
split_feature=42 11 30 13 3 11 3 39 3 19 11 25 7 19
split_gain=7.93431 6.23611 5.53121 5.44355 9.01914 9.38636 5.66047 7.6054 6.94355 5.1316 6.34458 8.00264 5.77263 5.08293
threshold=11.500000000000002 30.700000000000006 -1.0000000180025095e-35 18.100000000000005 0.024738697602202268 25.500000000000004 0.024960784048453259 958.3874808567133 0.024725274725274752 -5.4499999999999993 22.450000000000003 1.2403846153846156 -0.44247765004001754 0.55000000000000016
decision_type=10 8 2 8 2 10 2 2 2 10 10 8 2 10
left_child=3 2 -2 4 5 13 7 -5 -9 -8 -11 -12 -13 -1
right_child=1 -3 -4 6 -6 -7 9 8 -10 10 11 12 -14 -15
leaf_value=-0.0005507578544542217 0.0035303187002455466 0.010232264962647536 -0.0090871132037138071 -0.00088075804863204429 0.014640802067384041 -0.0099384598829909011 0.0056866153611200574 0.0045332332888351409 0.023184046867090077 -0.0098613419184107303 0.010575698187318018 -0.014011232337688768 0.0021273197811164566 0.01260483472539569
leaf_weight=50.624963581562042 36.093536913394928 17.437095791101456 153.31472533941269 318.2701378762722 63.113873437047005 41.674769550561905 43.665503486990929 191.35467347502708 15.48296384513378 115.19801099598408 37.429389894008636 32.956048667430878 39.662762641906738 49.410112589597702
leaf_count=203 145 70 617 1276 253 167 175 767 62 462 150 132 159 198
internal_value=0.000254582 -0.00502238 -0.00665378 0.00136693 0.00566457 0.00130407 0.000229815 0.00203784 0.00644361 -0.0032735 -0.00509625 0.000103621 -0.00562749 0.00623786
internal_weight=1205.69 206.845 189.408 998.843 204.824 141.71 794.019 525.108 206.838 268.912 225.246 110.048 72.6188 100.035
internal_count=4836 832 762 4004 821 568 3183 2105 829 1078 903 441 291 401
is_linear=0
shrinkage=0.03


Tree=33
num_leaves=15
num_cat=0
split_feature=42 1 42 39 8 8 9 0 14 13 27 1 14 19
split_gain=8.45614 8.63527 8.43511 9.96098 12.8722 8.48216 6.69664 5.97602 6.56374 5.67633 6.1386 5.42999 5.36708 5.11651
threshold=6.5000000000000009 44.250000000000007 2.5000000000000004 924.38322167605634 -6.4999999999999991 -2.4499999999999997 12.100000000000001 -3.2499999999999996 23.700000000000006 18.100000000000005 5.5000000000000009 40.250000000000007 26.500000000000004 1.2500000000000002
decision_type=8 2 10 2 10 10 8 2 8 10 2 2 10 10
left_child=1 2 7 5 -5 -4 9 -1 11 13 -11 -9 -10 -3
right_child=-2 6 3 4 -6 -7 -8 8 12 10 -12 -13 -14 -15
leaf_value=0.010803026580316923 -0.0035182895665893635 -0.0051520514838302601 0.012684170617575008 -0.0035894559301326168 0.025626996882262061 -0.0056051114797791473 0.010057919776269778 0.002869164883343856 0.015486924663828158 0.0020078215421820882 -0.0079755861713164435 -0.011525705954185268 -0.0042787393460985267 0.015299425038021583
leaf_weight=33.893146231770515 571.4847336858511 15.727008163928984 36.895536959171295 16.693934500217438 48.380140006542206 45.67725071310997 32.420628994703293 33.428462311625481 22.70269238948822 76.646438747644424 180.24561201035976 63.395566612482071 19.213502436876297 20.973912805318832
leaf_count=136 2295 63 148 67 194 183 130 134 91 307 722 254 77 84
internal_value=-0.000874873 0.00147163 0.00493421 0.010072 0.0184106 0.0028246 -0.00195321 0.000380223 -0.0024532 -0.00342577 -0.00501547 -0.00665903 0.00693633 0.00696865
internal_weight=1217.78 646.294 320.28 147.647 65.0741 82.5728 326.014 172.633 138.74 293.593 256.892 96.824 41.9162 36.7009
internal_count=4885 2590 1284 592 261 331 1306 692 556 1176 1029 388 168 147
is_linear=0
shrinkage=0.03


Tree=34
num_leaves=15
num_cat=0
split_feature=42 15 12 17 19 20 10 8 8 24 4 41 25 20
split_gain=7.4446 8.58415 13.3713 11.397 11.1411 7.93934 7.54372 5.83752 5.7734 5.18966 5.1607 4.47927 5.92531 6.5127
threshold=6.5000000000000009 -0.34999999999999992 19.500000000000004 2.850000000000001 -6.3499999999999988 12.103259432437575 -9.8999999999999968 -6.0999999999999988 13.300000000000002 0.071428571428571425 -10.070304246283852 35.500000000000007 -12.049999999999999 14.244882109881969
decision_type=8 8 10 8 8 8 10 10 10 8 2 8 10 10
left_child=-1 5 4 6 -3 7 -4 -2 10 -8 -5 -7 -13 -14
right_child=1 2 3 8 -6 11 9 -9 -10 -11 -12 12 13 -15
leaf_value=0.0028528511028953277 -0.0038342826210260267 -0.006315192365145582 -0.012328583109892691 0.00073412285511874375 0.016004854985810783 0.011231492905249694 0.013335888768401923 -0.018591926393838429 0.0058397926248682404 -0.0014896035584375199 -0.016480386241403272 0.0082669179335792473 0.0022737857397009151 -0.011140203980421468
leaf_weight=643.94003339111805 47.013135880231857 23.963285267353058 15.712859004735945 19.654129847884178 73.831663906574249 16.679813429713249 52.137905269861221 52.715794384479523 15.188231974840162 32.366364851593971 65.090770587325096 27.879085451364517 50.783741846680641 79.125197365880013
leaf_count=2581 189 96 63 79 296 67 209 212 61 130 262 112 204 318
internal_value=0.000650601 -0.00183125 0.0016855 -0.00276951 0.0104945 -0.00561435 0.00428603 -0.0121502 -0.00971217 0.00789151 -0.0126695 -0.00164389 -0.00330812 -0.00600651
internal_weight=1216.08 572.142 297.945 200.15 97.7949 274.197 100.217 99.7289 99.9331 84.5043 84.7449 174.468 157.788 129.909
internal_count=4879 2298 1196 804 392 1102 402 401 402 339 341 701 634 522
is_linear=0
shrinkage=0.03


Tree=35
num_leaves=15
num_cat=0
split_feature=26 17 4 21 12 21 17 1 17 2 18 9 39 21
split_gain=7.09655 7.80336 7.33232 10.0118 7.29063 8.20175 7.80025 9.62166 6.89996 6.64481 9.14549 6.55203 7.05709 10.3151
threshold=1.2071428571428573 9.3500000000000032 100.7816942890387 15.491216132483819 19.700000000000006 16.127616066858739 -2.5499999999999994 46.750000000000007 3.9500000000000006 0.80848714927666043 6.8500000000000005 -13.324999999999998 1008.7888453382922 14.47718509586192
decision_type=10 8 2 10 10 8 10 2 8 2 10 8 2 8
left_child=2 4 3 8 -2 6 7 -6 -1 11 -11 -4 13 -13
right_child=1 -3 9 -5 5 -7 -8 -9 -10 10 -12 12 -14 -15
leaf_value=-0.0049972972220060918 0.013649991097698131 -0.010259287387848936 -0.010472990329983016 -0.013141795051545562 0.00095957985797199478 0.0092980086478955393 0.0048932418887792616 -0.013305551426389386 0.0057800563984173941 -0.010394753968857135 0.011265293610630812 -0.0037747049827708701 0.01141154627367378 0.012229015764017187
leaf_weight=166.38203309476376 54.568058535456657 33.610757917165756 22.935731068253517 91.727183476090431 116.33929680287838 110.55002412199974 153.14989784359932 61.547100305557251 72.951551273465157 72.747484877705574 18.208104461431503 115.56337076425552 89.721359252929688 46.873834788799286
leaf_count=668 219 135 92 368 467 443 614 247 293 292 73 464 360 188
internal_value=0.000194885 0.00279791 -0.00178911 -0.00499032 0.00377597 0.00241664 1.44466e-05 -0.00420486 -0.00166118 0.00113435 -0.00569763 0.00345463 0.00490045 0.0010707
internal_weight=1226.88 529.765 697.111 331.061 496.154 441.586 331.036 177.886 239.334 366.05 90.9556 275.094 252.159 162.437
internal_count=4923 2125 2798 1329 1990 1771 1328 714 961 1469 365 1104 1012 652
is_linear=0
shrinkage=0.03


Tree=36
num_leaves=15
num_cat=0
split_feature=20 17 4 19 8 21 4 4 25 21 11 20 4 10
split_gain=5.56642 7.3324 9.39127 6.39621 9.92013 6.59129 9.48275 8.76148 8.71508 8.39247 7.03903 6.4813 6.42674 6.21313
threshold=11.528708088170324 -5.6499999999999986 19.409353135549171 1.0000000180025095e-35 4.7000000000000002 9.0191155023341754 130.60849278652577 107.85208398451279 5.0277777777777786 17.043245641108047 20.900000000000002 12.734249304674956 157.73451520236372 -14.499999999999998
decision_type=8 10 2 10 8 8 2 2 10 8 10 8 2 8
left_child=1 13 -3 4 11 10 7 8 -7 12 -5 -2 -8 -1
right_child=3 2 -4 5 -6 6 9 -9 -10 -11 -12 -13 -14 -15
leaf_value=0.00013399959776547326 0.015419285506041316 0.006820673435111997 -0.0048908595127861217 0.0027225727870371884 -0.0032844786610251829 -0.0039118444809271924 0.01494565361444364 -0.018453109106903277 0.0100439949279073 0.020982608997482312 -0.02226549685819457 0.004281034520522497 -0.0019639167173214223 -0.016046134835322433
leaf_weight=32.120563104748726 56.583854496479034 89.189553901553154 173.4447101354599 14.893804669380186 125.40151120722294 224.97212545573711 21.933193027973175 25.679209724068642 43.903730094432831 23.197203367948532 21.356633499264717 230.10011528432369 77.69963712990284 58.270784303545952
leaf_count=129 227 358 696 60 503 903 88 103 176 93 86 923 312 234
internal_value=-0.000317307 -0.00346509 -0.000860547 0.000978827 0.00366292 -0.00147277 -0.000338041 -0.00325334 -0.00149128 0.00650684 -0.0129133 0.00670606 0.00229487 -0.0105909
internal_weight=1218.75 353.026 262.634 865.721 412.085 453.636 417.385 294.555 268.876 122.83 36.2504 286.684 99.6328 90.3913
internal_count=4891 1417 1054 3474 1653 1821 1675 1182 1079 493 146 1150 400 363
is_linear=0
shrinkage=0.03


Tree=37
num_leaves=15
num_cat=0
split_feature=8 3 1 21 1 27 3 1 3 9 41 14 22 21
split_gain=4.9819 4.37513 4.94289 8.71487 6.51547 5.62445 9.76747 7.54551 6.9532 7.91157 6.8072 6.34908 7.27706 6.2334
threshold=18.100000000000005 0.017404860419791505 37.250000000000007 10.730279040442174 37.750000000000007 10.500000000000002 0.031100812240295265 47.750000000000007 0.024376776333119524 4.5000000000000009 40.500000000000007 24.100000000000005 0.63961038961038974 14.159606082301837
decision_type=8 2 2 10 2 2 2 2 2 10 10 10 10 10
left_child=1 -1 3 -3 -4 8 10 -8 9 -6 13 -12 -13 -7
right_child=-2 2 4 -5 5 6 7 -9 -10 -11 11 12 -14 -15
leaf_value=0.0064550141910047045 0.012911477785986135 0.0080846340854250492 0.013721433612454242 -0.01218567984631341 0.0021543497287483285 0.0085883150263003551 0.012154856402179516 -0.0089033300666239695 -0.00066438936739835689 0.016770043975444515 -0.0103978414240323 -0.0048538581630145012 0.014492569651113554 -0.0063443831548016432
leaf_weight=74.990668922662735 21.129008516669273 21.626388564705849 24.421926274895668 70.736104607582092 110.42211498320103 51.541224390268326 53.31882917881012 16.696795448660851 412.0984957665205 43.911561653017998 188.48674486577511 81.657765835523605 16.945290431380272 40.611507043242455
leaf_count=301 85 87 98 284 443 207 214 67 1654 176 756 328 68 163
internal_value=-4.94065e-05 -0.000328514 -0.000804108 -0.00726801 -0.000198085 -0.000598352 -0.00308751 0.00687434 0.00138563 0.00670862 -0.00499218 -0.00723896 -0.000990133 0.00201968
internal_weight=1228.59 1207.47 1132.47 92.3625 1040.11 1015.69 449.258 70.0156 566.432 154.334 379.243 287.09 98.6031 92.1527
internal_count=4931 4846 4545 371 4174 4076 1803 281 2273 619 1522 1152 396 370
is_linear=0
shrinkage=0.03


Tree=38
num_leaves=15
num_cat=0
split_feature=42 14 1 16 9 15 1 17 21 25 12 25 17 2
split_gain=6.11506 6.30117 11.1166 7.49509 8.91393 7.4856 6.7054 5.94811 5.67247 5.54683 11.5195 8.55035 11.3644 6.89208
threshold=11.500000000000002 20.100000000000005 44.250000000000007 -1.0499999999999998 4.9000000000000012 -2.4499999999999997 37.750000000000007 -4.070833333333332 17.454862422743322 -5.3205128205128194 22.500000000000004 1.2403846153846156 -7.2499999999999982 0.66778069040277943
decision_type=10 8 2 8 10 10 2 10 10 10 10 10 8 2
left_child=1 9 3 -3 6 -4 -5 -7 -9 10 -1 -11 -13 -14
right_child=-2 2 5 4 -6 7 -8 8 -10 11 -12 12 13 -15
leaf_value=-0.012635081992109274 -0.0049215253538848107 0.0064686078099248064 -0.011083772652662824 0.0093673000282518005 0.014300230678355431 0.011862178780208173 -0.0099289237073943142 -0.0013187543105251131 -0.015781123538297477 0.012584449037665858 0.0077637070072352193 -0.012678591024948487 0.011368124391295611 -0.002264456771743559
leaf_weight=44.860703349113464 214.05410803854465 193.96338829398155 111.31355388462543 15.665933862328528 17.467064917087555 21.20219050347805 83.777338117361069 180.35961675643921 23.451702043414116 101.23819327354431 45.095664143562317 34.16826818883419 74.363533675670624 55.151520743966103
leaf_count=180 862 778 447 63 70 85 336 723 94 406 181 137 298 221
internal_value=-0.000380133 0.000609573 -0.0011521 0.00291389 -0.00300709 -0.004898 -0.00658615 -0.0016635 -0.00332091 0.00379376 -0.0025387 0.00595119 0.00159711 0.00569456
internal_weight=1216.13 1002.08 647.201 310.874 116.91 336.327 99.4433 225.014 203.811 354.878 89.9564 264.922 163.683 129.515
internal_count=4881 4019 2596 1247 469 1349 399 902 817 1423 361 1062 656 519
is_linear=0
shrinkage=0.03


Tree=39
num_leaves=15
num_cat=0
split_feature=42 16 17 30 21 13 3 42 13 17 19 5 21 16
split_gain=8.13666 6.43911 9.70223 5.88033 7.61799 7.71756 6.47293 7.1788 5.92446 6.69101 5.85549 5.28154 5.26839 5.23082
threshold=6.5000000000000009 -0.74999999999999989 5.3500000000000014 -1.0000000180025095e-35 14.75729567062354 23.300000000000001 0.024539146582569619 14.500000000000002 18.900000000000002 -2.3666666666666663 8.3500000000000032 0.29456622847974528 12.743625857659188 -0.24999999999999997
decision_type=8 10 10 2 8 10 2 8 8 10 8 2 10 10
left_child=1 2 10 4 5 -2 7 12 9 -8 -1 -10 -5 -11
right_child=3 -3 -4 6 -6 -7 8 -9 11 13 -12 -13 -14 -15
leaf_value=0.012016336694026375 -0.0097443260611266361 -0.00065028253877826253 -0.00075556684450613922 -0.0035122317610458268 0.013801316591104043 0.0097995628709823587 0.013717304056101646 -0.0089917163056135018 0.0048338122390245907 0.0023909140640042121 -0.0060082361953092004 -0.011109070203336843 0.0088450803580032138 -0.014317871664883949
leaf_weight=144.12846992909908 43.296666234731674 361.18120969831944 130.72003175318241 47.01032929122448 35.402572497725487 24.365876704454422 18.449723497033119 47.941745966672897 17.900464430451393 36.325872018933296 15.168131232261656 189.9035838842392 75.482780188322067 24.664281561970711
leaf_count=578 174 1448 524 189 142 98 74 193 72 146 61 764 303 99
internal_value=-0.000247087 0.00202704 0.00531583 -0.00288262 0.00346794 -0.00251637 -0.00433473 0.000303059 -0.00704465 -5.04001e-05 0.0101694 -0.00965443 0.00415085 -0.00493896
internal_weight=1211.94 651.198 290.017 560.744 103.065 67.6625 457.679 170.435 287.244 79.4399 159.297 207.804 122.493 60.9902
internal_count=4865 2611 1163 2254 414 272 1840 685 1155 319 639 836 492 245
is_linear=0
shrinkage=0.03


Tree=40
num_leaves=15
num_cat=0
split_feature=42 11 25 22 12 25 25 20 14 4 1 26 22 18
split_gain=9.00647 8.45069 8.63386 9.30183 7.53579 7.9479 9.204 7.53429 8.5649 8.28643 7.77333 8.10836 6.8175 6.78347
threshold=6.5000000000000009 12.300000000000002 -9.9444444444444429 0.31009615384615391 19.500000000000004 1.3038461538461541 -8.6124999999999989 11.370527203647539 19.633333333333336 -10.070304246283852 44.250000000000007 -5.3205128205128194 0.18990384615384617 3.5500000000000003
decision_type=8 8 8 8 10 10 8 8 10 2 2 8 10 10
left_child=1 -1 -3 12 5 6 -2 -5 -9 -10 -11 -12 -4 -6
right_child=4 2 3 7 13 -7 -8 8 9 10 11 -13 -14 -15
leaf_value=0.020056677100070953 0.011605221568065279 -0.0092084470457627372 0.0019295088239858621 -0.0047293118371769987 -0.0073790550272354394 0.0097054804281387196 -0.00722403108530405 0.0098448481929026017 -0.010299536885002602 0.0099373666537781857 -0.014582558932064256 0.0028144851499009062 0.019444378339225674 0.0013321507458820027
leaf_weight=19.508810982108116 26.427321046590805 51.120108783245087 35.411665186285973 124.2805527150631 267.79573583602905 75.040323987603188 87.417615443468094 126.37440334260464 47.428663611412048 80.54240120947361 28.20838625729084 83.870134025812149 44.881512403488159 112.17139476537704
leaf_count=79 106 205 142 498 1078 301 351 507 190 323 113 336 180 451
internal_value=0.000327116 0.00275362 0.00205543 0.00313504 -0.00240996 0.00244435 -0.00254876 0.00152891 0.00368661 0.000309879 0.00311671 -0.00199985 0.0122857 -0.00482349
internal_weight=1210.48 641.627 622.118 570.998 568.852 188.885 113.845 490.705 366.424 240.05 192.621 112.079 80.2932 379.967
internal_count=4860 2573 2494 2289 2287 758 457 1967 1469 962 772 449 322 1529
is_linear=0
shrinkage=0.03


Tree=41
num_leaves=15
num_cat=0
split_feature=17 19 19 9 7 12 21 9 21 15 25 21 19 8
split_gain=4.42311 7.32058 8.94722 6.78919 6.14093 9.63679 8.95656 5.80277 6.27527 6.79036 8.38399 6.73303 5.44933 6.86013
threshold=-2.8499999999999992 8.3500000000000032 -7.6833333333333327 6.3000000000000016 0.29178564432079851 18.900000000000002 14.674997614387738 -12.899999999999999 12.01503676615593 6.8166666666666673 -6.0312499999999991 17.703106793775472 2.2250000000000005 4.1000000000000005
decision_type=8 10 10 10 2 8 10 8 8 10 10 10 10 10
left_child=1 2 -1 4 7 -6 -7 -2 9 10 -9 -10 13 -4
right_child=3 -3 12 -5 5 6 -8 8 11 -11 -12 -13 -14 -15
leaf_value=0.0094467143781372352 -0.0079820017964044136 0.0077861434796708609 -0.0009988121760746327 0.0088683887866838965 0.0033496260620703832 -0.011602439969773138 0.0022387837280904571 -0.014607761127826874 0.0085254990484699839 -0.01519277588376155 0.0062730676519057969 -0.0050790403532882389 -0.010741442286177167 -0.016704165407502091
leaf_weight=35.109087467193604 37.870313107967377 48.048035159707069 214.89095778763294 82.830083340406418 123.06731912493706 128.76215280592442 59.308105811476707 17.182025447487831 203.75515908002853 22.186173394322395 74.470090508460999 35.389195367693901 117.14703325927258 23.452931895852089
leaf_count=141 152 193 863 332 494 518 238 69 818 89 299 142 471 94
internal_value=-0.000342902 -0.00273868 -0.00411539 0.00100499 2.10087e-05 -0.00309681 -0.00729266 0.00251071 0.0037322 -0.00200728 0.00180536 0.00644948 -0.00556726 -0.00285568
internal_weight=1223.47 438.648 390.6 784.821 701.991 311.138 188.07 390.853 352.983 113.838 91.6521 239.144 355.491 238.344
internal_count=4913 1762 1569 3151 2819 1250 756 1569 1417 457 368 960 1428 957
is_linear=0
shrinkage=0.03


Tree=42
num_leaves=15
num_cat=0
split_feature=39 25 26 24 16 9 19 9 19 13 25 8 17 15
split_gain=5.40619 7.05731 7.3123 8.10645 7.22468 11.5036 8.48668 11.3366 7.38847 6.69056 6.9351 6.6757 6.47184 6.33045
threshold=414.51426689660474 1.607692307692308 -10.035714285714283 0.64087301587301593 6.6500000000000012 -1.7 1.0500000000000003 1.0000000180025095e-35 4.1125000000000007 26.300000000000001 2.5166666666666671 -6.4999999999999991 -2.6833333333333331 -5.3499999999999988
decision_type=2 8 8 10 10 8 8 10 10 8 10 10 10 8
left_child=-1 4 -3 9 5 -2 7 -7 -8 10 -4 -6 -12 -9
right_child=1 2 3 -5 11 6 8 13 -10 -11 12 -13 -14 -15
leaf_value=-0.003514652472124236 0.0072320811837502238 -0.014345068409748569 -0.010867717453735491 0.018003963190219446 0.00073337355680683518 -0.013244347581478719 -0.016473120982120178 0.019817260325859943 -0.00095293883067078331 0.0095699892275105756 -0.0080713709996424379 0.020474915567486322 0.0020819434670507797 0.002832961567719736
leaf_weight=265.29834419488907 212.81705179810524 31.389733240008354 67.99187383055687 15.692015856504439 25.36469928920269 25.147017925977707 47.991197109222412 23.404206395149231 58.995714619755745 40.822350218892097 70.757550656795502 35.881106078624725 217.46781612932682 71.99867182970047
leaf_count=1066 855 126 273 63 102 101 193 94 237 164 284 144 873 289
internal_value=0.000230173 0.00129365 -0.00145286 -0.0003124 0.00371578 0.00229729 -0.00237452 0.00304063 -0.0083395 -0.00125121 -0.00260662 0.0129715 -0.000505761 0.00777894
internal_weight=1211.02 945.721 444.121 412.732 501.6 440.354 227.537 120.55 106.987 397.04 356.217 61.2458 288.225 95.4029
internal_count=4864 3798 1783 1657 2015 1769 914 484 430 1594 1430 246 1157 383
is_linear=0
shrinkage=0.03


Tree=43
num_leaves=15
num_cat=0
split_feature=11 24 5 16 7 41 18 3 42 24 11 3 15 11
split_gain=6.63086 6.93209 6.85693 9.13013 7.02979 5.28785 5.18357 5.00907 8.57239 7.31214 7.77532 7.17095 5.98166 5.14325
threshold=12.700000000000001 -0.45048701298701294 0.68400993216902128 7.1500000000000012 -1.4165459179371138 69.500000000000014 0.15000000000000005 0.024352169935721871 15.500000000000002 -0.16666666666666666 17.900000000000002 0.024512454088473138 4.4500000000000011 20.300000000000001
decision_type=10 10 2 8 2 8 10 2 8 10 10 2 10 10
left_child=-1 2 3 4 5 -2 -6 8 9 10 -3 12 -9 -13
right_child=1 7 -4 -5 6 -7 -8 11 -10 -11 -12 13 -14 -15
leaf_value=0.010243259673437156 0.00575394883970243 0.0097764026037076759 0.0078250673401110225 0.0065960220280483805 -0.0065360542458244523 -0.013086259382620967 -0.02338993226658052 -0.002886568264377839 -0.0095059799513210076 0.008409963409681212 -0.012004796702335443 -0.003293079491318609 -0.020559058538450706 0.0024062353173092926
leaf_weight=52.264532446861267 28.65194533765316 19.420642539858818 24.897103697061539 27.666171565651894 33.083285108208656 17.422919109463692 42.548670038580894 52.756251931190491 32.547791883349419 205.60554927587509 33.15895776450634 211.31689038872719 22.17093513906002 412.93084964156151
leaf_count=211 115 78 100 111 133 70 171 212 131 825 133 849 89 1658
internal_value=0.000276715 -0.000212615 -0.00564211 -0.00806753 -0.0115296 -0.00195401 -0.0168801 0.000766782 0.00404051 0.00589638 -0.00380941 -0.000613534 -0.00907484 0.000466098
internal_weight=1216.44 1164.18 174.27 149.373 121.707 46.0749 75.632 989.908 290.733 258.185 52.5796 699.175 74.9272 624.248
internal_count=4886 4675 700 600 489 185 304 3975 1167 1036 211 2808 301 2507
is_linear=0
shrinkage=0.03


Tree=44
num_leaves=15
num_cat=0
split_feature=43 39 42 21 21 20 17 27 11 11 20 42 24 0
split_gain=8.34054 8.82275 11.2322 10.0127 9.44351 8.25471 9.07205 6.7543 8.98192 6.56182 6.08388 6.36437 6.04196 5.48721
threshold=1.0000000180025095e-35 969.05152690383807 8.5000000000000018 12.769103111569414 10.846914563854325 9.4354530114319974 -5.6499999999999986 8.5000000000000018 26.700000000000006 18.100000000000005 10.29455082132518 9.5000000000000018 0.22902097902097904 10.250000000000002
decision_type=2 2 10 8 8 10 10 2 10 8 10 8 10 2
left_child=1 3 4 10 -3 -4 -7 -5 -9 -2 11 -1 -6 -14
right_child=9 2 5 7 12 6 -8 8 -10 -11 -12 -13 13 -15
leaf_value=0.009847680404007797 0.00076026989048491155 0.01633771602909264 0.013876131156430573 0.0054527179278029908 0.00099267860675086167 0.0081935853041261338 -0.011534366441781886 -0.0060456906104291892 0.0080698483148312107 -0.012148069831514889 -0.0082202311911049406 -0.010698474927233409 0.018727309206266876 -0.001746699241632634
leaf_weight=34.650251045823097 55.937352478504181 66.512458875775337 15.401536867022513 177.52181378006935 177.16496260464191 23.615312904119492 82.749728724360466 152.85413758456707 49.875095531344414 89.160777598619461 228.97292768955231 15.85663892328739 32.891762614250183 15.940797150135039
leaf_count=139 225 267 62 713 711 95 333 614 200 358 920 64 132 64
internal_value=-0.000687976 0.000236687 0.0036435 -0.00191393 0.00679713 -0.00390151 -0.00698312 0.00125564 -0.00246236 -0.00731217 -0.00617261 0.00301456 0.00369642 0.0125023
internal_weight=1219.11 1074.01 414.277 659.731 292.51 121.767 106.365 380.251 202.729 145.098 279.48 50.5069 225.998 48.8326
internal_count=4897 4314 1664 2650 1174 490 428 1527 814 583 1123 203 907 196
is_linear=0
shrinkage=0.03


Tree=45
num_leaves=15
num_cat=0
split_feature=21 24 26 22 12 21 15 20 21 9 19 20 43 12
split_gain=5.33641 6.49217 7.07807 5.36345 5.74601 5.32779 8.0278 9.95922 5.20554 8.79163 5.00907 4.94802 5.78898 4.80346
threshold=9.0191155023341754 0.46818181818181831 -11.069047619047618 0.41287878787878796 18.450000000000003 19.130690860663055 3.6500000000000008 12.700831088782239 17.779513705278124 8.9000000000000021 0.45000000000000007 8.0846218247137376 1.0000000180025095e-35 24.700000000000006
decision_type=8 10 10 8 10 8 10 10 10 10 10 8 2 10
left_child=3 5 -3 -1 -5 8 7 10 11 -10 -7 -2 -13 -6
right_child=1 2 -4 4 13 6 -8 -9 9 -11 -12 12 -14 -15
leaf_value=0.0030563898122629414 -0.0094649356070093602 -0.0038117169827185833 0.01355591946745916 0.0026889691904366576 -0.022750651323896903 -0.010030543025861306 -0.0087233592642123031 0.024461983934142298 -0.013515712005786997 0.0099217699990541385 0.011060000553708845 0.0015321998529709683 -0.005837680731977846 -0.0037068420792442597
leaf_weight=35.529066264629364 41.584468930959702 28.154204428195953 62.03531551361084 19.439016819000244 29.052405372262001 15.60945498943329 17.188797041773796 26.676791727542877 55.029916524887085 14.952707931399344 14.947376295924185 733.84799668192863 105.27520535886288 21.856864988803864
leaf_count=143 167 113 249 78 117 63 69 107 221 60 60 2948 423 88
internal_value=0.000103486 0.000724423 0.00821888 -0.00617511 -0.0107309 2.83675e-05 0.00749424 0.0126744 -0.00059223 -0.00818031 0.000390754 5.35079e-05 0.000578484 -0.0156373
internal_weight=1221.18 1115.3 90.1895 105.877 70.3483 1025.11 74.4224 57.2336 950.69 69.9826 30.5568 880.708 839.123 50.9093
internal_count=4906 4480 362 426 283 4118 299 230 3819 281 123 3538 3371 205
is_linear=0
shrinkage=0.03


Tree=46
num_leaves=15
num_cat=0
split_feature=42 21 16 42 14 1 14 25 15 17 43 9 6 14
split_gain=5.57037 7.59087 9.18191 6.09522 5.88503 6.35289 9.21559 8.02681 7.50511 7.48474 6.84618 5.59215 6.76008 8.18184
threshold=11.500000000000002 15.233005102226036 -7.7499999999999991 14.500000000000002 15.900000000000002 40.750000000000007 18.300000000000001 -8.7416666666666654 0.83750000000000013 8.8500000000000032 1.0000000180025095e-35 6.3000000000000016 0.040398375572276567 25.700000000000006
decision_type=8 8 10 10 10 2 8 8 10 10 2 10 2 10
left_child=4 2 -2 -3 -1 6 8 -8 -6 -9 11 12 13 -7
right_child=1 3 -4 -5 5 10 7 9 -10 -11 -12 -13 -14 -15
leaf_value=0.0078156154578886208 0.012185821147509877 0.010492878568709348 -0.0092026735475181608 -0.00539961054129676 0.0045516087816860288 -0.011532490959951661 -0.007269175138849596 0.014823419697158174 -0.020958526318888684 -0.0025779519439197876 -0.0096563172281298997 0.0059237864078446577 0.0008045938412963422 0.0051115273095029626
leaf_weight=105.06135722994804 15.906747594475744 46.260767370462418 162.58417619764805 33.547028794884682 18.647338971495628 92.953149437904358 21.366678074002266 101.85195635259151 14.944805383682249 26.403646811842918 67.02727484703064 115.42368902266026 365.21489749848843 33.165705800056458
leaf_count=422 64 186 657 135 75 373 86 409 60 106 269 463 1465 133
internal_value=0.000232213 -0.0036374 -0.00701646 0.00388802 0.00128458 0.000443237 0.00531792 0.0084806 -0.00804258 0.0112787 -0.000911688 0.000125341 -0.00128278 -0.00712757
internal_weight=1220.36 258.299 178.491 79.8078 962.06 856.999 183.214 149.622 33.5921 128.256 673.785 606.757 491.334 126.119
internal_count=4903 1042 721 321 3861 3439 736 601 135 515 2703 2434 1971 506
is_linear=0
shrinkage=0.03


Tree=47
num_leaves=15
num_cat=0
split_feature=39 2 15 23 19 7 26 17 26 20 2 24 19 20
split_gain=4.83969 4.72665 6.78459 9.02661 7.49198 6.69973 6.51764 6.37294 5.89443 5.40837 4.47896 5.94426 5.36793 4.749
threshold=1574.3840512640834 0.77689803578805372 -0.24999999999999997 0.35357142857142859 5.9500000000000011 2.4631837808567485 1.4142156862745101 -2.2999999999999989 -6.3229166666666652 13.708269936599473 0.18884428247784329 -0.43095238095238092 8.0500000000000025 18.587630208933277
decision_type=2 2 10 10 10 2 10 10 10 8 2 10 8 10
left_child=10 2 3 7 9 6 -5 -2 -3 -4 -1 12 -12 -13
right_child=1 8 4 5 -6 -7 -8 -9 -10 -11 11 13 -14 -15
leaf_value=0.01266212889500813 0.023766886158506417 -0.017162785158206906 0.021290992911141497 -0.012303369892772788 -0.0046970172010066882 -0.020766906845717109 0.007357899333120599 -0.0016583108133529068 0.0057059245591261137 0.0051316996923553753 -0.0083681687867255029 -0.00069658600176324397 0.0065779937985763065 0.0074913558194361239
leaf_weight=16.897431120276451 14.907234132289888 15.19038061797619 45.317672744393349 19.916377529501915 19.65839920938015 14.900999888777731 33.820015445351601 14.907018035650252 16.668417528271675 36.110108584165573 139.57718549668789 737.00405885279179 21.603884756565094 64.744562387466431
leaf_count=68 60 61 182 80 79 60 136 60 67 145 561 2961 87 260
internal_value=0.000162407 0.00401651 0.00573182 5.71967e-05 0.0109954 -0.00589651 -0.000356196 0.012642 -0.00604699 0.0148364 -0.000763552 -0.00106334 -0.00622722 6.95594e-06
internal_weight=1211.22 231.397 199.538 98.4516 101.086 68.6374 53.7364 29.8143 31.8588 81.4278 979.827 962.93 161.181 801.749
internal_count=4867 930 802 396 406 276 216 120 128 327 3937 3869 648 3221
is_linear=0
shrinkage=0.03


Tree=48
num_leaves=15
num_cat=0
split_feature=42 10 5 9 12 11 9 11 11 24 13 20 20 7
split_gain=7.08367 4.974 6.07594 6.46393 7.50653 8.13288 7.6675 4.88544 4.8017 6.10022 5.69795 6.83722 5.68045 7.57735
threshold=9.5000000000000018 -12.299999999999997 0.74898605312888467 1.6333333333333335 19.500000000000004 22.100000000000005 -8.8999999999999986 18.900000000000002 12.450000000000001 -0.45048701298701294 27.700000000000006 14.353474200449947 11.185556159842735 -3.6863035551219712
decision_type=8 8 2 8 10 10 10 10 8 8 8 8 10 2
left_child=8 -2 3 4 5 6 -3 -5 -1 10 11 -10 13 -11
right_child=1 2 -4 7 -6 -7 -8 -9 9 12 -12 -13 -14 -15
leaf_value=0.012822259154551617 -0.011713521832863694 0.010739335189458384 -0.0095282786921481871 0.01854246649420483 -0.0095173187577957518 0.018128004753396706 -0.0114970040986854 0.0026602351060203058 0.0068285316114510466 0.012885800843103111 -0.017106226630304373 -0.012426311830899747 0.0038397976529503963 -0.0043964482068139504
leaf_weight=29.900068894028664 46.879997313022614 18.171698078513145 63.438741683959961 18.118823066353798 77.510521620512009 18.938076555728912 30.618890151381493 80.333837985992432 37.633383929729462 21.433399438858032 23.394653618335724 22.195619434118271 552.08810243010521 166.75959649682045
leaf_count=121 189 73 256 73 314 76 123 323 151 86 94 89 2215 669
internal_value=0.000431733 -0.00310883 -0.00162883 0.000577811 -0.00340784 0.00375763 -0.0029868 0.00633805 0.00190999 0.00143879 -0.00603629 -0.000722174 0.00231401 -0.00214561
internal_weight=1207.42 354.011 307.131 243.692 145.239 67.7287 48.7906 98.4527 853.405 823.505 83.2237 59.829 740.281 188.193
internal_count=4852 1427 1238 982 586 272 196 396 3425 3304 334 240 2970 755
is_linear=0
shrinkage=0.03


Tree=49
num_leaves=15
num_cat=0
split_feature=42 21 18 39 7 28 1 23 4 23 19 25 21 19
split_gain=5.89444 5.07701 9.63496 7.90449 7.20618 6.0305 7.0491 7.97056 5.25111 8.59926 5.16161 4.76879 5.10202 4.62961
threshold=9.5000000000000018 10.219806477837247 1.0500000000000003 940.92268974091257 2.5523400835056784 6.5000000000000009 40.750000000000007 0.77097902097902116 182.65524130687859 0.41987179487179493 -3.4499999999999997 -2.7416666666666663 12.68244631151437 0.95000000000000007
decision_type=8 8 10 2 2 2 2 10 2 8 8 10 10 10
left_child=1 2 4 13 -1 10 7 8 9 -7 -3 -12 -13 -4
right_child=-2 5 3 -5 -6 6 -8 -9 -10 -11 11 12 -14 -15
leaf_value=0.018200405653294963 -0.0038539653662066019 -0.0050453437467107738 -0.0011040141916477534 0.0098053362967910809 -0.0025889376460248746 -0.0064215473618728551 -0.0031504948060105602 -0.013123199336542468 0.020314897417611399 0.010705846781139198 -0.0012102655222510099 0.00093478451838922545 0.020273872263584184 -0.02094798823208319
leaf_weight=53.760842204093933 357.16374930739403 24.425536081194878 23.18748077750206 23.655784860253334 18.626077950000763 39.293241649866104 478.30704791843891 15.441344603896139 17.923837199807167 61.917705401778221 23.906075984239578 18.21008588373661 36.167458564043045 15.423193722963331
leaf_count=216 1440 98 93 95 75 158 1919 62 72 249 96 73 145 62
internal_value=-0.000648122 0.000713219 0.00594572 -0.00264567 0.0130294 -0.000305808 -0.00144564 0.0045095 0.00723145 0.00406718 0.00624714 0.00986192 0.0144216 -0.0105237
internal_weight=1207.41 850.246 134.653 62.2665 72.3869 715.592 612.883 134.576 119.135 101.211 102.709 78.2836 54.3775 38.6107
internal_count=4853 3413 541 250 291 2872 2460 541 479 407 412 314 218 155
is_linear=0
shrinkage=0.03


Tree=50
num_leaves=15
num_cat=0
split_feature=12 21 25 21 21 4 21 19 11 25 2 4 12 17
split_gain=5.8695 9.60897 11.4257 9.20151 8.33987 9.98449 8.29477 8.03134 7.69712 7.46481 7.93155 6.10717 7.42618 5.83691
threshold=19.500000000000004 16.412224433430705 1.9687500000000002 12.812319725707548 10.219806477837247 36.293398457466772 16.343024313823417 -1.8499999999999999 27.675000000000004 2.6076923076923082 0.59498750590262262 136.70332612744599 28.700000000000006 7.7500000000000018
decision_type=10 10 10 10 10 2 8 10 10 8 2 2 10 8
left_child=1 3 -3 4 -1 -6 13 -7 -5 10 -8 12 -11 -2
right_child=6 2 -4 8 5 7 9 -9 -10 11 -12 -13 -14 -15
leaf_value=0.0073842399117382751 -0.0022217042761169758 -0.015896074373973394 0.008521871192133431 0.013158134423820363 0.0098204787024814208 -0.018521079855609999 0.0036950132225695067 0.00083302462740175698 -0.0062380778362624281 -0.015318185465871645 0.022100437762022532 0.0078715172246585762 0.0071970103360132886 -0.011449659648203202
leaf_weight=79.253658264875412 572.95151926577091 42.355008825659752 23.164519041776657 123.91040708124638 24.875299945473671 42.358150467276573 76.159270435571671 31.867839232087135 18.443002998828888 36.841961726546288 25.659154087305069 26.904073864221573 15.697664663195608 64.829655647277832
leaf_count=319 2304 170 93 498 100 170 306 128 74 148 103 108 63 261
internal_value=-0.000198784 0.00282793 -0.00727096 0.00497104 0.00037701 -0.00531235 -0.00163456 -0.0106835 0.0105188 0.00395473 0.00915072 -0.00285217 -0.00855031 -0.00324148
internal_weight=1205.27 386.228 65.5195 320.708 178.355 99.1013 819.043 74.226 142.353 181.262 101.818 79.4437 52.5396 637.781
internal_count=4845 1552 263 1289 717 398 3293 298 572 728 409 319 211 2565
is_linear=0
shrinkage=0.03


Tree=51
num_leaves=15
num_cat=0
split_feature=42 25 17 9 2 3 24 20 17 9 39 2 2 13
split_gain=6.06938 6.41448 8.2084 7.63523 9.47321 6.0237 8.4859 5.93445 6.03214 5.92218 5.68358 7.06974 6.8656 8.76103
threshold=6.5000000000000009 -7.9666666666666659 5.8500000000000014 -10.899999999999999 0.36356111051543116 0.024749452441891643 0.27198455139631617 16.786237697150508 4.4500000000000011 3.5000000000000004 236.81691010909182 0.81014826848285859 0.53116394179295334 19.700000000000006
decision_type=10 10 8 10 2 2 10 8 10 10 2 2 2 10
left_child=1 3 7 -1 9 6 -4 8 10 -5 -3 12 -12 -14
right_child=-2 2 5 4 -6 -7 -8 -9 -10 -11 11 -13 13 -15
leaf_value=0.013392294772352141 -0.0026499355385272362 -0.0074728958419309523 -0.015225388537294125 0.013539241146196907 -0.01290236400446834 0.0047015788557407947 0.0029270962138892116 -0.0025336714272559775 0.019481142185779107 -0.0063385693723508113 0.0018376371398703725 -0.010612204811092549 0.00065748939753761245 0.015689218661230228
leaf_weight=14.899603977799414 508.0631365776062 24.179557025432587 50.582140207290649 22.341498106718063 75.622292816638947 51.578751593828201 37.382735922932625 72.252504721283913 26.398953571915627 22.337850049138069 111.57813435792923 15.967535644769667 49.058178827166557 119.8620690703392
leaf_count=60 2046 97 203 90 304 207 150 290 106 90 448 64 197 481
internal_value=-0.000172683 0.00164674 0.00306462 -0.0041142 -0.0067303 -0.00315608 -0.00776854 0.00514768 0.00676017 0.00396342 0.00542981 0.00658863 0.0077365 0.0114681
internal_weight=1202.1 694.042 558.841 135.201 120.302 139.544 87.9649 419.297 347.044 44.6793 320.645 296.466 280.498 168.92
internal_count=4833 2787 2243 544 484 560 353 1683 1393 180 1287 1190 1126 678
is_linear=0
shrinkage=0.03


Tree=52
num_leaves=15
num_cat=0
split_feature=42 17 30 17 2 0 21 17 17 12 12 22 30 43
split_gain=5.98832 6.37549 6.14059 5.51962 4.93108 5.14575 4.57183 8.07189 4.96746 11.5606 6.13609 5.47162 4.5462 5.14735
threshold=9.5000000000000018 -16.449999999999996 -1.0000000180025095e-35 -12.249999999999998 0.45210343386846236 4.7500000000000009 16.046608691485577 1.45 5.0500000000000016 19.500000000000004 16.300000000000001 0.4045454545454546 3.5000000000000004 1.0000000180025095e-35
decision_type=8 8 2 10 2 2 10 10 8 8 10 8 2 2
left_child=1 -1 4 -3 -2 -6 8 -8 11 10 -10 -4 13 -5
right_child=2 3 6 12 5 -7 7 -9 9 -11 -12 -13 -14 -15
leaf_value=-0.014757316616995966 -0.0070318863680459412 0.010165582537107145 -0.0042644583061432944 0.00070314843541496928 0.018714149603372091 -0.0012529539855127487 0.0085373221876841425 -0.010442025419338386 -0.0017523988602480636 -0.012913631529665027 0.022252757571196942 -0.015719097824828727 0.0087051382823579108 -0.0068805662455645542
leaf_weight=18.655772656202316 18.853050768375397 50.675573632121086 73.559372469782829 647.90716165304184 21.117496877908707 19.860091328620911 43.517782747745514 29.532523810863495 16.946777299046516 30.278373435139656 15.206047296524046 84.05592255294323 50.020560160279274 86.89149697124958
leaf_count=75 76 204 297 2601 85 80 175 119 68 123 61 340 201 349
internal_value=-0.000753342 0.000608352 -0.00401136 0.0010372 0.00447144 0.00995307 -0.00578893 0.000687024 -0.00790629 -0.000658318 0.0110673 -0.0106687 0.00038716 -0.000234084
internal_weight=1207.08 854.151 352.927 835.495 59.8306 40.9776 293.097 73.0503 220.046 62.4312 32.1528 157.615 784.819 734.799
internal_count=4854 3430 1424 3355 241 165 1183 294 889 252 129 637 3151 2950
is_linear=0
shrinkage=0.03


Tree=53
num_leaves=15
num_cat=0
split_feature=25 13 13 4 14 27 2 26 21 39 19 15 28 1
split_gain=5.93418 5.59316 5.13071 5.87659 4.6741 4.86825 8.86873 7.6359 6.3978 10.6327 6.56632 7.5907 7.57006 6.40299
threshold=13.700000000000001 31.700000000000006 26.300000000000001 135.60909201836299 13.266666666666667 10.500000000000002 0.77451530398170898 -4.0357142857142847 12.206100478403778 255.06681557926106 -1.9499999999999997 0.22500000000000003 7.5000000000000009 39.250000000000007
decision_type=8 8 8 2 10 2 2 10 10 2 10 10 2 2
left_child=1 4 3 -2 -1 6 8 -8 9 -6 11 -11 -12 -10
right_child=2 -3 -4 -5 5 -7 7 -9 13 10 12 -13 -14 -15
leaf_value=0.0108533897547554 -0.014989875537723504 -0.0084313930437134432 0.0067994043491102357 9.86435019414881e-05 -0.019485166608051319 -0.00098426262556497381 -0.013227489343218107 0.0087525873122608847 -0.0029762021891523494 0.0043523702985317752 0.011326905471996808 -0.016455442575359764 -0.0096441932313419652 0.0090545413048332447
leaf_weight=41.269990637898445 53.196827352046967 48.425405293703079 19.073946341872215 38.558318361639977 17.373303428292274 509.27895686030388 44.802029699087143 15.91387903690338 44.754754677414894 31.563795492053032 75.362872168421745 23.657521739602089 15.132382825016974 247.82165667414665
leaf_count=166 214 195 77 155 70 2048 180 64 180 127 303 95 61 996
internal_value=0.000385232 0.00105205 -0.00608118 -0.00897179 0.0015198 0.00109341 0.00313229 -0.00723881 0.00457777 -0.000192031 0.00267833 -0.00518808 0.00749882 0.00719514
internal_weight=1226.19 1115.36 110.829 91.7551 1066.93 1025.66 516.382 60.7159 455.666 163.09 145.717 55.2213 90.4953 292.576
internal_count=4931 4485 446 369 4290 4124 2076 244 1832 656 586 222 364 1176
is_linear=0
shrinkage=0.03


Tree=54
num_leaves=15
num_cat=0
split_feature=5 21 21 18 25 16 16 25 12 39 16 21 14 10
split_gain=6.03077 5.90307 5.98131 5.91237 5.39112 7.43614 6.29293 8.93 8.75498 6.1253 4.8427 6.79155 6.60725 8.05272
threshold=0.21788379128064642 9.0191155023341754 9.7823535252754272 2.4500000000000006 -6.1909090909090905 6.9500000000000011 -6.3499999999999988 -7.5916666666666659 18.300000000000001 536.55773574296654 8.3500000000000032 16.412224433430705 20.900000000000002 -2.7999999999999989
decision_type=2 10 10 10 10 10 10 8 10 2 10 10 10 10
left_child=-1 -2 3 -3 5 6 7 -4 -8 -10 12 -12 -6 -14
right_child=1 2 4 -5 10 -7 8 -9 9 -11 11 -13 13 -15
leaf_value=0.012513288497527426 -0.0065006216093182008 0.016160206251623593 0.014485239755138553 -0.0034518474624441742 0.0056131948288220832 0.0095722139519873253 -0.019326023756172424 -0.011353606401976871 -0.012755085863019901 0.00074339945041580063 -0.012069487903759753 0.0059541552261125714 -0.008718127683661531 0.0015382471704652556
leaf_weight=29.289270415902138 117.07063528895378 35.755974113941193 24.611289113759995 18.649434149265289 263.11586992442608 27.321518436074257 43.549234062433243 15.640271127223967 41.950164243578911 83.658959537744522 48.827083140611649 25.158194303512573 79.118172571063042 375.88631096482277
leaf_count=118 472 144 99 75 1057 110 175 63 169 337 196 101 318 1511
internal_value=0.000107504 -0.000245867 0.000456873 0.00971276 -7.71903e-05 -0.00400128 -0.00595412 0.00430008 -0.00844753 -0.00408045 0.00111332 -0.00595173 0.00187732 -0.000320553
internal_weight=1229.6 1200.31 1083.24 54.4054 1028.84 236.731 209.41 40.2516 169.158 125.609 792.106 73.9853 718.12 455.004
internal_count=4945 4827 4355 219 4136 953 843 162 681 506 3183 297 2886 1829
is_linear=0
shrinkage=0.03


Tree=55
num_leaves=15
num_cat=0
split_feature=11 39 19 26 7 9 19 13 8 11 11 23 15 5
split_gain=6.73833 4.38475 4.2807 9.57782 9.31739 11.4884 8.76693 6.22147 8.13671 6.03091 6.16876 6.65238 5.74414 7.95529
threshold=12.450000000000001 631.31414563954775 1.0000000180025095e-35 -1.8819444444444442 -2.7845164980137578 -3.8999999999999995 -1.6499999999999997 17.700000000000006 10.700000000000001 29.300000000000001 21.900000000000002 0.76696832579185525 1.1500000000000001 0.62645526844876243
decision_type=10 2 8 8 2 10 10 10 10 10 10 8 10 2
left_child=1 -1 3 4 -2 -6 9 8 -4 10 12 -12 13 -5
right_child=2 -3 7 6 5 -7 -8 -9 -10 -11 11 -13 -14 -15
leaf_value=-0.00072110068918694093 -0.015820795645151427 0.017428691039834018 0.0089129255006936414 -0.0017823142181401432 0.0050429145654409492 -0.011273887182336569 0.012105147640278376 -0.0040050383397023199 -0.0075910534507017029 -0.010108999914527577 0.012994446689771443 -0.0029367618414419738 -0.012429910832419226 0.019125858034484033
leaf_weight=19.02549883723259 42.098739758133888 25.679299578070641 77.856242671608925 88.282764732837677 107.00358985364437 54.465937778353691 85.196901798248291 503.31121462583542 35.318370252847672 31.655783414840698 72.418601170182228 31.636286243796349 27.37643763422966 14.929723531007765
leaf_count=77 169 104 313 355 430 219 342 2026 142 127 291 127 110 60
internal_value=-0.000413128 0.010409 -0.000868564 0.00103821 -0.00407889 -0.000634277 0.00401741 -0.0025799 0.00365927 0.0012545 0.00296648 0.00823824 -0.00138302 0.00198604
internal_weight=1216.26 44.7048 1171.55 555.065 203.568 161.47 351.496 616.486 113.175 266.3 234.644 104.055 130.589 103.212
internal_count=4892 181 4711 2230 818 649 1412 2481 455 1070 943 418 525 415
is_linear=0
shrinkage=0.03


Tree=56
num_leaves=15
num_cat=0
split_feature=20 23 20 3 42 3 15 43 3 35 7 18 4 21
split_gain=5.93283 6.95407 6.58218 11.2463 8.1146 8.3734 8.12578 7.12431 5.54283 5.54275 6.88066 8.70467 5.30998 6.6118
threshold=11.528708088170324 0.74342105263157909 14.244882109881969 0.024318612059947568 14.500000000000002 0.024612634102186174 -4.4499999999999993 1.0000000180025095e-35 0.024477091988363568 1.0000000180025095e-35 -0.60492105183082923 -2.5499999999999994 19.409353135549171 16.939270611865151
decision_type=8 10 10 2 8 2 8 2 2 2 2 8 2 10
left_child=12 2 4 -4 6 -6 -2 -8 -5 10 -3 -12 -1 -14
right_child=1 9 3 8 5 -7 7 -9 -10 -11 11 -13 13 -15
leaf_value=0.0015686627131147354 0.017457459330071288 -0.0075783815688645496 0.0080177165003905409 -0.013944027829197259 -0.01819988597777562 0.0055485397385530068 0.0071346674260734776 -0.0095903516893212325 -0.001148363571415213 -0.011498335278767504 0.021933874525826288 -0.001073157420767953 -0.003393137347237514 -0.018288550160917391
leaf_weight=147.86731676757336 62.119143769145012 50.559443473815918 121.39649365842342 29.877716198563576 18.533939823508263 26.999598667025566 187.76639513671398 21.631168648600578 250.75130578875542 49.728392779827118 17.417395383119583 42.285533741116524 172.52982361614704 27.641008287668228
leaf_count=595 250 203 488 120 75 109 755 87 1009 200 70 170 694 111
internal_value=0.000572471 0.00188321 0.00314092 0.000573379 0.00633717 -0.00496233 0.00828757 0.00522358 -0.00273092 -0.00369342 0.000172692 0.00681508 -0.00271796 -0.00584557
internal_weight=1227.1 879.067 719.076 402.026 317.05 45.5335 271.517 209.398 280.629 159.991 110.262 59.7029 348.038 200.171
internal_count=4936 3536 2893 1617 1276 184 1092 842 1129 643 443 240 1400 805
is_linear=0
shrinkage=0.03


Tree=57
num_leaves=15
num_cat=0
split_feature=14 1 1 8 26 13 39 3 19 42 39 13 7 11
split_gain=4.21672 5.20002 3.62196 7.40529 7.31704 7.80447 5.85558 6.23799 7.32398 6.95678 5.74072 6.60864 6.31108 6.08863
threshold=13.266666666666667 39.250000000000007 42.750000000000007 9.9000000000000021 -10.035714285714283 26.100000000000005 1842.9787499682704 0.024534232937897919 -1.8499999999999999 5.5000000000000009 281.65453017937637 27.900000000000002 0.56760711936379293 17.300000000000001
decision_type=10 2 2 10 10 10 2 2 10 10 2 10 2 10
left_child=1 -1 3 6 5 -4 7 8 -2 -9 12 13 -6 -12
right_child=2 -3 4 -5 10 -7 -8 9 -10 -11 11 -13 -14 -15
leaf_value=-0.0036567800743536089 -0.0018446002727204129 0.015008473816852741 -0.014701872198343721 -0.010768839093900659 0.00051798481997133083 0.0040603718664707286 0.011979387845987718 0.0043112935562770374 0.012057721435598636 -0.0058639586141870492 0.012155105230477015 -0.0063363662423888256 -0.015494352240415777 0.0010421519331503745
leaf_weight=18.795736759901047 54.665367677807808 31.053737804293633 63.309712544083595 33.632144749164581 43.800686553120613 25.608691692352295 51.413535609841347 103.70121784508228 80.76392275094986 131.76164215803146 45.034824416041374 92.378765717148781 39.18618243932724 403.85812772810459
leaf_count=76 220 125 255 135 176 103 207 417 325 531 181 372 158 1623
internal_value=0.000149102 0.00827895 -0.000231323 0.00184518 -0.00156245 -0.00936981 0.00296401 0.00157156 0.00658024 -0.00138617 -0.000384762 0.000763802 -0.00749383 0.00227867
internal_weight=1218.96 49.8495 1169.11 455.938 713.177 88.9184 422.306 370.892 135.429 235.463 624.259 541.272 82.9869 448.893
internal_count=4904 201 4703 1835 2868 358 1700 1493 545 948 2510 2176 334 1804
is_linear=0
shrinkage=0.03


Tree=58
num_leaves=15
num_cat=0
split_feature=27 3 5 21 11 25 3 13 26 41 2 27 3 13
split_gain=5.09992 7.47411 8.02163 7.2133 9.51218 6.51255 9.46205 6.88008 8.40408 6.08886 5.8762 5.83961 5.77956 10.8776
threshold=10.500000000000002 0.024608868228794604 0.6816769979529641 17.703106793775472 25.266666666666669 5.322916666666667 0.020498953684794378 27.900000000000002 -3.8708333333333331 40.500000000000007 0.75459383753501419 3.5000000000000004 0.024807481797745726 18.700000000000006
decision_type=2 2 2 10 10 10 2 8 8 10 2 2 2 10
left_child=1 5 11 9 -5 6 -1 8 -8 -2 -4 -3 -11 -14
right_child=3 2 10 4 -6 -7 7 -9 -10 12 -12 -13 13 -15
leaf_value=-0.0037227262194543202 0.0055798346618646513 -0.0078325918715527795 0.012178627626091551 -0.017602517746889448 0.0075456013063747622 -0.0020774010889578315 0.0020074727460445115 -0.0010290680704397341 0.019545980958595884 -0.0046206573677596277 -0.0021713611184750871 0.00082844206022155103 0.018222529147540051 -0.001589987584745706
leaf_weight=38.234772369265556 128.87786616384983 105.02951197326183 67.1101433634758 42.018611878156662 15.706462323665617 56.48975533246994 34.054967626929283 27.604966327548027 96.744284003973007 238.39404851198196 37.822373703122139 190.60095608234406 27.638430282473564 102.92305314540863
leaf_count=154 519 423 270 169 63 227 137 111 389 959 152 767 111 414
internal_value=0.000991912 0.00277869 0.000210689 -0.00111651 -0.0107039 0.00675961 0.00928684 0.0124448 0.0152217 9.05554e-05 0.00714274 -0.00232768 -0.00187584 0.00312152
internal_weight=1209.25 653.692 400.563 555.558 57.7251 253.129 196.639 158.404 130.799 497.833 104.933 295.63 368.956 130.561
internal_count=4865 2630 1612 2235 232 1018 791 637 526 2003 422 1190 1484 525
is_linear=0
shrinkage=0.03


Tree=59
num_leaves=15
num_cat=0
split_feature=13 12 16 12 27 27 3 3 42 6 16 22 16 23
split_gain=5.82593 7.24939 5.69013 5.46175 3.86076 3.5805 6.57631 5.90728 9.51868 6.99491 4.91511 5.65787 5.59397 6.78194
threshold=31.700000000000006 35.45000000000001 -2.7499999999999996 31.900000000000002 12.500000000000002 10.500000000000002 0.042062580285865299 0.024376776333119524 2.5000000000000004 2.4657790100224157 8.9500000000000011 0.67261904761904778 0.35000000000000003 0.46291208791208799
decision_type=10 10 10 8 2 2 2 2 10 2 10 10 10 10
left_child=1 3 -2 5 -5 7 10 8 9 -1 11 -7 13 -13
right_child=2 -3 -4 4 -6 6 -8 -9 -10 -11 -12 12 -14 -15
leaf_value=0.0056426734585150202 0.0044280328030927444 -0.016959430197802276 -0.01608100014559238 0.0024954539719729799 0.019139725502672705 -0.0034968072223163296 0.010135668483539311 -4.8529515995685601e-06 0.011139970554823441 -0.013497447780785016 -0.013457080413574313 -0.000972971740115989 -0.0025817109474843367 0.01928883672870688
leaf_weight=33.577960953116417 15.418347999453543 15.927292078733442 32.236020922660828 29.77891880273819 19.154848113656044 332.58949658274651 35.762070789933205 421.47677636146545 120.34386904537678 26.405362024903297 28.889538556337357 25.407500773668289 53.313293874263763 29.345736220479012
leaf_count=135 62 64 130 120 77 1339 144 1696 484 106 116 102 214 118
internal_value=0.000108463 0.000544793 -0.00965503 0.000857952 0.0101811 0.000401951 -0.00145213 0.00195788 0.00642171 -0.00317327 -0.00243219 -0.00156652 0.00426612 0.010592
internal_weight=1219.63 1171.97 47.6544 1156.05 48.9338 1107.11 505.308 601.804 180.327 59.9833 469.546 440.656 108.067 54.7532
internal_count=4907 4715 192 4651 197 4454 2033 2421 725 241 1889 1773 434 220
is_linear=0
shrinkage=0.03


Tree=60
num_leaves=15
num_cat=0
split_feature=25 41 9 16 1 13 22 41 15 13 9 13 19 39
split_gain=5.51962 7.03342 8.42112 6.74823 5.55463 5.40028 5.64506 5.23925 4.93032 12.177 7.0042 8.54118 8.07976 7.89431
threshold=1.607692307692308 62.500000000000007 -9.4999999999999982 10.225000000000001 39.250000000000007 13.300000000000002 0.84807692307692317 44.500000000000007 -1.6499999999999997 24.100000000000005 -1.8999999999999997 25.300000000000001 0.45000000000000007 536.55773574296654
decision_type=8 8 10 10 2 10 8 10 10 10 8 8 10 2
left_child=1 2 -1 4 5 -2 -7 -4 10 -10 13 12 -12 -3
right_child=3 8 7 -5 -6 6 -8 -9 9 -11 11 -13 -14 -15
leaf_value=-0.01495354385087036 -0.0080567112427148788 -0.0049551442619120431 0.0063993855461937652 -0.01440060293672376 -0.0021537919570323322 0.015694205771464579 -0.0023096113228142524 -0.0026592513791808348 0.002714593998522169 0.019658484658442037 0.017581272052983751 -0.0084559379390131383 -0.0049624817038855075 0.013426325749748572
leaf_weight=30.805469140410423 15.144706130027769 27.069297626614571 85.170127972960472 30.388411208987236 454.27266561985016 42.7409598082304 21.616380929946899 153.60104164481163 111.02383522689342 54.800119757652283 24.337041676044464 79.942329198122025 24.583579838275909 64.367179960012436
leaf_count=124 61 109 343 122 1827 172 87 619 446 220 98 322 99 259
internal_value=0.000457381 0.00232108 -0.00138448 -0.00171007 -0.000860647 0.00621858 0.00991651 0.000636964 0.00489279 0.00872558 0.00187815 -0.00260933 0.00684292 0.00800982
internal_weight=1219.86 655.7 269.577 564.163 533.775 79.502 64.3573 238.771 386.123 165.824 220.299 128.863 48.9206 91.4365
internal_count=4908 2639 1086 2269 2147 320 259 962 1553 666 887 519 197 368
is_linear=0
shrinkage=0.03


Tree=61
num_leaves=15
num_cat=0
split_feature=21 21 14 22 18 28 25 22 1 14 30 19 22 22
split_gain=4.15659 8.65793 8.64955 7.41715 5.74916 5.25831 6.32933 7.24243 4.84246 8.18932 11.2312 8.02802 7.83651 7.96257
threshold=9.0191155023341754 10.001388757743909 17.300000000000001 0.41287878787878796 1.1500000000000001 6.5000000000000009 9.5147058823529438 0.33974358974358981 40.750000000000007 19.100000000000005 2.5000000000000004 0.65000000000000002 0.62828947368421062 0.53229166666666672
decision_type=8 8 10 8 10 2 10 8 2 10 2 8 8 10
left_child=2 4 -1 -4 -2 -3 7 -7 11 12 -11 -9 13 -10
right_child=1 5 3 -5 -6 6 -8 8 9 10 -12 -13 -14 -15
leaf_value=0.011111464655187321 0.017051905366281921 0.0048730079581338157 0.0016021354917217293 -0.015984190251879568 0.00038260746794754966 0.0020778781167260026 0.0062771776012574589 -0.0049933394296209355 0.00051340183117344737 -0.0098211895663356478 0.0070512493098053314 0.0095391281764588051 -0.0065036021555052483 0.023216175390468344
leaf_weight=17.876881808042526 39.214213386178017 140.06269244849682 32.456764608621597 54.791612103581429 32.575327679514885 253.36839562654495 85.147198855876923 78.27863484621048 36.604520007967949 288.60504794120789 36.772447511553764 53.133163139224052 50.01637727022171 17.652911260724068
leaf_count=72 158 563 131 221 131 1020 342 315 147 1161 148 214 201 71
internal_value=-0.000265574 0.00028403 -0.00582531 -0.00970976 0.0100054 -0.000431931 -0.00128027 -0.00210387 -0.00399396 -0.00552059 -0.0078365 0.00101678 0.00173389 0.00923553
internal_weight=1216.56 1111.43 105.125 87.2484 71.7895 1039.64 899.579 814.431 561.063 429.651 325.377 131.412 104.274 54.2574
internal_count=4895 4471 424 352 289 4182 3619 3277 2257 1728 1309 529 419 218
is_linear=0
shrinkage=0.03


Tree=62
num_leaves=15
num_cat=0
split_feature=18 13 9 16 22 17 9 9 12 23 7 22 8 4
split_gain=3.67411 3.24825 4.23249 7.53504 6.67548 7.37385 6.64458 7.43548 7.12756 7.09863 6.31132 7.28386 6.01721 5.7269
threshold=-13.099999999999998 13.300000000000002 11.500000000000002 3.6500000000000008 0.31534090909090912 -6.8499999999999988 1.9000000000000001 0.70000000000000007 25.900000000000002 0.54006410256410264 -1.9192640345935068 0.36038961038961043 8.9000000000000021 -131.95311624256803
decision_type=10 10 10 10 8 10 10 10 10 8 2 8 10 2
left_child=-1 -2 3 6 -4 -6 7 -3 12 -9 11 -5 13 -8
right_child=1 2 4 10 5 -7 8 9 -10 -11 -12 -13 -14 -15
leaf_value=0.013019951414126487 -0.0081448518207900972 0.00053960239049509668 0.020428409629159802 -0.011577387134535905 -0.0053424735180337309 0.013728672878867148 -0.001384755181851687 -0.022089917730196272 -0.001033423375536894 -0.0010919176779914509 -0.0081153451356380923 0.0096546988766941302 -0.005949591401501037 0.015904405377731114
leaf_weight=14.804046258330343 37.605440616607666 613.25653620064259 18.120552644133568 16.418404549360275 45.515519872307777 23.651948541402817 20.362927123904228 21.611228033900261 84.048361495137215 33.024291977286339 161.63058154284954 41.313063114881516 15.173117339611052 85.500528007745743
leaf_count=60 151 2469 73 66 183 95 82 87 338 133 650 166 61 344
internal_value=0.000202073 -6.44394e-06 0.000286283 -0.000233886 0.00645578 0.00166482 0.00102103 -0.000439516 0.0056748 -0.0105534 -0.00513944 0.00317495 0.0101892 0.0126664
internal_weight=1232.04 1217.23 1179.63 1092.34 87.288 69.1675 872.977 667.892 205.085 54.6355 219.362 57.7315 121.037 105.863
internal_count=4958 4898 4747 4396 351 278 3514 2689 825 220 882 232 487 426
is_linear=0
shrinkage=0.03


Tree=63
num_leaves=15
num_cat=0
split_feature=24 18 20 20 20 14 22 2 8 21 41 39 14 37
split_gain=4.60658 9.24287 8.94317 6.11217 6.92137 7.81607 5.94594 6.44391 8.68146 7.71677 5.73896 5.70509 5.46287 5.43225
threshold=-0.49107142857142844 0.8500000000000002 14.796771343403057 12.070394878724267 12.952048286646503 19.633333333333336 0.80625000000000013 0.68506047181868668 2.1000000000000005 18.526257554749925 69.500000000000014 698.28298178176465 21.100000000000005 1.0000000180025095e-35
decision_type=8 8 8 10 10 10 8 2 8 8 10 2 10 2
left_child=1 2 -1 6 -5 -6 7 9 -9 13 11 -8 -13 -2
right_child=3 -3 -4 4 5 -7 10 8 -10 -11 -12 12 -14 -15
leaf_value=0.0095096066653102083 0.0032329963453978927 -0.013252052382165844 -0.01375019203916948 0.0094156475436982228 0.0063846092301319789 -0.00092981670504203254 -0.009903436773886002 -0.020323070438311983 -0.0010350706756727997 -0.017244183609498719 0.015027193015424239 -0.0045033631218856863 0.01637353421985038 -0.0085131209126443636
leaf_weight=46.177575096487999 158.48409412801266 57.061374455690384 16.120221585035324 111.07757332921028 187.52076156437397 411.51346725225449 27.576749637722969 38.717655286192894 41.509640321135521 19.143319591879845 26.738625153899193 18.153126135468483 18.890527874231339 40.269524291157722
leaf_count=186 638 230 65 447 754 1656 111 156 167 77 108 73 76 162
internal_value=0.000441275 -0.00503517 0.00291646 0.00105583 0.00270564 0.00139378 -0.00194828 -0.00399107 -0.0109896 -0.00122556 0.00457898 -0.000513015 0.00682399 0.000702606
internal_weight=1218.95 119.359 62.2978 1099.6 710.112 599.034 389.483 298.124 80.2273 217.897 91.359 64.6204 37.0437 198.754
internal_count=4906 481 251 4425 2857 2410 1568 1200 323 877 368 260 149 800
is_linear=0
shrinkage=0.03


Tree=64
num_leaves=15
num_cat=0
split_feature=5 42 9 7 41 7 10 1 20 10 41 21 5 5
split_gain=5.95062 5.00029 6.40824 6.57979 9.78306 9.87355 6.10483 7.42445 5.32338 5.89554 5.05882 5.43888 5.006 5.21242
threshold=0.17779481828546143 11.500000000000002 2.5000000000000004 -1.2545956263493776 41.500000000000007 0.88545230177899159 -1.9999999999999991 45.750000000000007 10.511898020814311 -11.099999999999998 60.500000000000007 14.711484523544236 0.63566113608591823 0.49369789027990352
decision_type=2 10 10 2 8 2 10 2 10 10 10 10 2 2
left_child=-1 2 -2 12 -5 8 7 10 -6 -10 -7 -12 13 -4
right_child=1 -3 3 4 5 6 -8 -9 9 -11 11 -13 -14 -15
leaf_value=0.016689582163461007 -0.000844355820455104 -0.0040234734366119164 0.0058245004615974224 0.014675721174861085 -0.02295869008184882 -0.0047142466355542621 0.01469548828391354 -0.0085043324715922599 0.0068176923077376004 -0.010725694231832318 0.024452601645847991 0.00097745860299224777 -0.0043266622193824577 0.019309256130055304
leaf_weight=14.88667657971382 611.99063295125961 208.34616881608963 68.440699070692062 35.094949617981911 15.161730915307997 17.133649155497551 29.164224952459335 44.485947519540787 22.332095563411713 44.330171659588814 15.135631352663042 16.671041876077652 17.950878575444221 44.055360868573189
leaf_count=60 2461 843 275 141 61 69 117 179 90 178 61 67 72 177
internal_value=0.000414339 0.000141827 0.00104151 0.00413082 0.00111734 -0.00150526 0.00384372 -0.000118234 -0.00927906 -0.00478297 0.0075863 0.0139527 0.00941828 0.0117023
internal_weight=1205.18 1190.29 981.947 369.956 239.509 204.414 122.59 93.4263 81.824 66.6623 48.9403 31.8067 130.447 112.496
internal_count=4851 4791 3948 1487 963 822 493 376 329 268 197 128 524 452
is_linear=0
shrinkage=0.03


Tree=65
num_leaves=15
num_cat=0
split_feature=42 30 10 26 28 18 0 26 8 1 16 14 39 30
split_gain=5.1741 7.33408 5.82511 7.58823 6.87143 5.5302 7.27739 8.71234 7.91941 7.82436 6.24151 5.83805 5.38727 5.21617
threshold=6.5000000000000009 -1.0000000180025095e-35 -11.966666666666663 1.2071428571428573 8.5000000000000018 3.7500000000000004 4.7500000000000009 -6.9545454545454541 -1.8999999999999997 44.250000000000007 0.55000000000000016 19.900000000000002 920.12655392462432 2.5000000000000004
decision_type=8 2 8 10 2 10 2 10 10 2 10 10 2 2
left_child=5 -2 12 -4 -5 13 7 -7 11 -8 -11 -9 -3 -1
right_child=1 2 3 4 -6 6 9 8 -10 10 -12 -13 -14 -15
leaf_value=0.0026577323186639042 0.0050996858630023047 -0.017478370214664789 -0.0052054640072790636 0.0060623605241927597 -0.010440989314934536 0.017958512883395835 0.0027470825351092651 0.0029284071042710476 0.0069316489777431376 -0.023228709331947092 -0.00030261143297398511 -0.016272745028317482 -0.00014106979023261211 0.013391379402840848
leaf_weight=409.25472101569176 103.83878192305565 41.575152412056923 255.58421975374222 124.22119916975498 22.822044909000397 20.651600748300552 29.105353087186813 20.910758897662163 47.808330938220024 30.664143204689026 15.450914457440375 32.309305042028427 24.802282199263573 40.944492027163506
leaf_count=1645 418 168 1032 500 92 83 117 84 192 123 62 130 100 165
internal_value=0.000117548 -0.00194998 -0.00354812 -0.00211852 0.00324181 0.00194874 -0.00220636 0.00233238 -0.00155806 -0.00923618 -0.0163283 -0.00912482 -0.0114639 0.0037703
internal_weight=1219.94 572.844 469.005 402.627 147.043 647.1 196.9 121.68 101.028 75.2204 46.1151 53.2201 66.3774 450.199
internal_count=4911 2310 1892 1624 592 2601 791 489 406 302 185 214 268 1810
is_linear=0
shrinkage=0.03


Tree=66
num_leaves=15
num_cat=0
split_feature=12 21 42 11 15 30 27 18 21 22 11 0 17 23
split_gain=4.21442 5.30185 7.37103 5.22938 7.05885 6.09431 5.58626 4.75998 5.10737 5.97486 4.91565 5.13668 6.76534 4.86007
threshold=19.500000000000004 15.943650758666669 6.5000000000000009 16.900000000000002 -3.2499999999999996 2.5000000000000004 4.5000000000000009 -7.6499999999999995 16.216246982492276 0.6132478632478634 17.500000000000004 5.2500000000000009 7.1500000000000012 0.53708791208791218
decision_type=8 8 8 8 8 2 2 10 10 10 10 2 10 10
left_child=7 2 3 -2 6 -6 -5 -1 10 -10 -9 12 13 -12
right_child=1 -3 -4 4 5 -7 -8 8 9 -11 11 -13 -14 -15
leaf_value=0.012975188749268873 0.0079993921940879394 0.002189396659470984 -0.0067443527721594747 -0.023246586832872503 -0.001174363927064576 0.013495571950645031 -0.0039724245137861686 -0.0048937670349730004 -0.011777561635475177 0.006090363004076795 -0.0018463061442274642 0.00092348528461551305 0.020889667251723729 0.014406283042054309
leaf_weight=27.285780236124992 53.400608137249947 214.92194440960884 283.45273150503635 16.164772927761078 189.22778110206127 24.353799372911453 45.238063290715218 58.020662009716034 46.976068630814552 21.167281851172447 45.002514079213142 145.52126987278461 28.363986045122147 20.357894495129585
leaf_count=110 215 865 1146 65 759 98 182 234 189 85 181 585 114 82
internal_value=-0.000615459 -0.00182779 -0.00324523 -0.000169036 -0.00186983 0.000768831 -0.0104149 0.00192781 0.000938875 -0.00619035 0.0026485 0.00454035 0.00982488 0.00387992
internal_weight=1219.46 826.76 611.838 328.385 274.984 213.582 61.4028 392.695 365.41 68.1434 297.266 239.246 93.7244 65.3604
internal_count=4910 3330 2465 1319 1104 857 247 1580 1470 274 1196 962 377 263
is_linear=0
shrinkage=0.03


Tree=67
num_leaves=15
num_cat=0
split_feature=39 22 2 4 22 10 8 20 39 7 22 20 20 39
split_gain=4.98319 8.14431 6.61184 4.67246 4.48324 7.74048 9.45808 6.38607 6.92476 5.60008 4.57037 7.87295 5.94836 6.42413
threshold=1782.34303976501 0.17424242424242428 0.49667362881894611 -222.01856226225854 0.17424242424242428 -8.2999999999999972 -5.4999999999999991 9.7524925588852049 558.69389681433574 1.233859698291208 0.43095238095238103 12.765839804302276 12.070394878724267 423.60224223683105
decision_type=2 8 2 2 8 10 10 8 2 2 8 8 8 2
left_child=3 -2 -3 -1 5 9 -7 8 -6 -5 11 -9 -12 -14
right_child=1 2 -4 4 7 6 -8 10 -10 -11 12 -13 13 -15
leaf_value=0.010205625966227297 0.02078792445377721 -0.0072379765285750207 0.0059110884643409399 -0.022643981870703114 -0.015276610899726668 0.01103104194139907 -0.010519464187262172 0.010746681964537269 -0.00053818997759001058 -0.00041250110020546877 -0.0066023826827148547 -0.00051349636177905409 0.0064067224780523504 -0.0016258594774038416
leaf_weight=27.517083257436752 18.832153335213661 45.387935295701027 104.52056312561035 29.175469294190407 47.667548730969429 30.562529340386391 32.821871176362038 85.677466079592705 63.8591428399086 14.802992194890974 132.14538386464119 144.52767580747604 117.51012261211872 328.95801842212677
leaf_count=111 76 183 421 118 192 123 132 345 257 60 532 582 473 1324
internal_value=-0.000232034 0.00447851 0.00182481 -0.00100286 -0.00135093 -0.00700954 -8.15108e-05 -0.00065652 -0.00722273 -0.015967 0.000287697 0.00381667 -0.001137 0.000535851
internal_weight=1223.97 168.741 149.908 1055.23 1027.71 107.363 63.3844 920.345 111.527 43.9785 808.819 230.205 578.614 446.468
internal_count=4929 680 604 4249 4138 433 255 3705 449 178 3256 927 2329 1797
is_linear=0
shrinkage=0.03


Tree=68
num_leaves=15
num_cat=0
split_feature=42 18 18 17 20 29 15 0 14 15 19 3 3 41
split_gain=4.275 7.11146 7.01725 7.86178 6.57346 6.32588 4.99582 5.98615 5.59812 5.92418 5.01785 11.1482 5.57696 4.77275
threshold=11.500000000000002 9.9500000000000011 -5.8499999999999988 -1.0499999999999996 9.1399609725517781 7.5000000000000009 5.6500000000000012 12.750000000000002 13.266666666666667 5.2500000000000009 0.81666666666666676 0.024722049054640708 0.024300698166372484 30.500000000000004
decision_type=8 8 10 8 10 2 8 2 10 10 8 2 2 10
left_child=6 2 3 -2 -4 -6 8 10 -1 13 -8 12 -12 -10
right_child=1 -3 4 -5 5 -7 7 -9 9 -11 11 -13 -14 -15
leaf_value=0.012919679290986056 -0.0092730471554599726 0.011827967849637328 0.0073759809791691423 0.015880929718013557 -0.011832548332987216 0.0027980888086522478 -0.01178229269607721 0.01070215370843278 0.011983299310851651 0.016405094140742711 0.0042203153071286165 0.015004163048126925 -0.014652255335134793 -0.00045841715305216287
leaf_weight=28.971780195832253 14.866650521755217 18.08551025390625 19.504473596811295 21.865091845393181 159.54680351912975 29.708258017897606 75.182095795869827 15.942030146718023 23.865470349788666 15.417840048670767 18.921916604042053 22.156434878706932 34.999319449067116 712.58393235504627
leaf_count=117 60 73 79 88 647 120 302 64 96 62 76 89 141 2866
internal_value=-0.000954391 -0.00429551 -0.00569572 0.00580897 -0.00780853 -0.009523 -7.82217e-06 -0.00463565 0.00100633 0.000464953 -0.0065429 -0.000957879 -0.0082334 2.28617e-05
internal_weight=1211.62 263.577 245.491 36.7317 208.76 189.255 948.041 167.202 780.839 751.867 151.26 76.0777 53.9212 736.449
internal_count=4880 1067 994 148 846 767 3813 672 3141 3024 608 306 217 2962
is_linear=0
shrinkage=0.03


Tree=69
num_leaves=15
num_cat=0
split_feature=41 24 17 7 4 14 18 23 3 25 7 15 8 18
split_gain=5.2038 8.77246 6.6195 7.11244 10.0642 6.22022 6.15985 7.6109 5.83658 5.74163 5.19927 7.43553 5.95007 8.20568
threshold=67.500000000000014 0.53867521367521387 -6.9499999999999984 -2.2930921035344038 -78.201655136328654 23.900000000000002 -1.0000000180025095e-35 0.6858552631578948 0.024505274893685817 8.1742424242424256 -0.095396701461227126 6.0500000000000007 0.22500000000000003 -0.24999999999999997
decision_type=10 8 10 2 2 10 8 10 2 10 2 10 10 10
left_child=1 2 5 4 -4 6 7 -1 -3 -6 -5 12 13 -12
right_child=-2 8 3 10 9 -7 -8 -9 -10 -11 11 -13 -14 -15
leaf_value=-0.010739609687294205 0.0021363177489747589 0.0013659883652402957 0.012451083740994816 0.0076726473863005977 -0.013591971165643582 0.0083393350036972055 -0.015615626296984954 0.010926292415229386 -0.020675957147523624 0.0038852332763751741 -0.010115159251206155 -0.011264074880914661 0.0083380589756498792 0.0060916277677113351
leaf_weight=28.223193436861038 573.37116922438145 14.856725439429281 18.148322314023972 128.11046634614468 70.199253797531128 17.07603394985199 58.264966458082199 21.075971052050591 29.660458385944366 19.381862506270409 51.745654821395874 36.948376908898354 84.627215072512627 51.063373759388924
leaf_count=114 2307 60 73 516 283 69 235 85 120 78 209 149 341 206
internal_value=7.85302e-05 -0.00179819 -0.000764964 0.000912436 -0.00566982 -0.00675495 -0.00941519 -0.00132397 -0.0139247 -0.0098051 0.00297527 0.000184551 0.00267539 -0.00215635
internal_weight=1202.75 629.382 584.865 460.225 107.729 124.64 107.564 49.2992 44.5172 89.5811 352.495 224.385 187.436 102.809
internal_count=4845 2538 2358 1855 434 503 434 199 180 361 1421 905 756 415
is_linear=0
shrinkage=0.03


Tree=70
num_leaves=15
num_cat=0
split_feature=18 23 12 11 23 26 2 14 27 3 1 10 3 14
split_gain=4.28234 6.26112 5.28277 4.11963 4.58041 6.10465 7.05299 4.9211 3.96059 8.54623 8.83383 8.45632 11.9246 7.47156
threshold=10.15 0.58578431372549034 22.500000000000004 11.900000000000002 0.87867647058823539 8.029411764705884 0.4229708706972512 13.266666666666667 10.500000000000002 0.042062580285865299 39.250000000000007 6.9000000000000012 0.025050890136138374 26.100000000000005
decision_type=10 10 10 8 10 10 2 10 2 2 2 8 2 10
left_child=3 2 -2 -1 7 -6 -7 -5 11 10 -10 12 -9 -13
right_child=1 -3 -4 4 5 6 -8 8 9 -11 -12 13 -14 -15
leaf_value=0.009715637056224951 0.0047509083607732957 -0.0033106964349654986 0.025443400826708307 0.010319490334180968 -0.015508904509277178 -0.0092718415291067214 0.0093815464055981082 0.0078746734896670105 0.0056563606986576934 0.011342107437082413 -0.0052413817066269564 0.0021326589944582726 -0.0037595864929323534 -0.011023884068528885
leaf_weight=34.209308385848999 30.080642879009247 28.856754928827286 15.908730849623678 38.370791956782341 34.291646972298622 33.298749178647995 29.846096307039261 249.12195140123367 78.164189651608467 34.766369953751564 349.83677896857262 79.29518349468708 111.65621395409107 68.719335466623306
leaf_count=139 121 116 64 155 138 134 120 1003 315 140 1409 319 450 277
internal_value=0.000629402 0.00734619 0.013702 0.000158909 -0.000178666 -0.00622395 -0.000413673 0.000432363 -8.9561e-06 -0.00200611 -0.00320883 0.00180938 0.00427185 -0.00413621
internal_weight=1216.42 74.8461 45.9894 1141.58 1107.37 97.4365 63.1448 1009.93 971.56 462.767 428.001 508.793 360.778 148.015
internal_count=4900 301 185 4599 4460 392 254 4068 3913 1864 1724 2049 1453 596
is_linear=0
shrinkage=0.03


Tree=71
num_leaves=15
num_cat=0
split_feature=42 18 21 3 2 25 21 27 14 8 0 39 27 42
split_gain=5.34568 5.07109 4.73875 6.01875 6.16185 9.64735 8.16963 8.53461 8.13056 7.47465 9.88342 8.24277 8.18009 8.01029
threshold=10.500000000000002 9.9500000000000011 9.0191155023341754 0.042338498860238001 0.53116394179295334 -6.0312499999999991 11.051646293351224 10.500000000000002 17.633333333333336 8.7000000000000011 12.250000000000002 938.24961952166075 14.500000000000002 6.5000000000000009
decision_type=10 8 8 2 2 8 8 2 10 10 2 2 2 10
left_child=2 -2 -1 4 6 -6 -4 -8 -9 10 11 12 -7 -13
right_child=1 -3 3 -5 5 9 7 8 -10 -11 -12 13 -14 -15
leaf_value=-0.0051159598375773562 -0.0045929665507206795 0.010543441939854533 0.0090862182785253053 0.012065242210965176 -0.008743096548330026 0.0069925988411397829 0.0010615343538529047 0.0021090612368209458 -0.01457623578051245 -0.0023677792332608147 -0.01148505607082357 0.017573877280139111 -0.0068284158457317615 0.0021961522068835912
leaf_weight=80.941056370735168 222.9236998707056 17.111693128943443 48.405251309275627 48.236761212348938 47.222430422902107 171.04582606256008 147.73648354411125 36.023017689585686 81.983358114957809 99.558956578373909 20.904889598488808 105.33474175632 45.024476751685143 44.303580150008202
leaf_count=326 903 69 195 194 190 688 595 145 330 400 84 424 181 178
internal_value=0.0006466 -0.0033208 0.00163356 0.00226845 0.00164339 0.00359409 -0.00167315 -0.00376459 -0.00960414 0.00486922 0.00673929 0.0079219 0.00402329 0.0132392
internal_weight=1216.76 240.035 976.721 895.78 847.543 533.395 314.148 265.743 118.006 486.172 386.614 365.709 216.07 149.638
internal_count=4902 972 3930 3604 3410 2145 1265 1070 475 1955 1555 1471 869 602
is_linear=0
shrinkage=0.03


Tree=72
num_leaves=15
num_cat=0
split_feature=42 14 30 20 12 7 20 24 2 18 24 21 20 26
split_gain=3.94074 6.82157 6.75305 11.3021 4.75376 9.16597 6.12888 7.21262 7.02406 7.01986 6.07396 5.73297 6.74573 5.56888
threshold=9.5000000000000018 31.500000000000004 2.5000000000000004 17.08817004623759 26.700000000000006 -0.068744881055099669 7.11844239071642 0.23431372549019611 0.74785009888040677 -5.8499999999999988 -0.22222222222222221 12.280291244447083 11.148741762749479 -5.9666666666666659
decision_type=8 8 2 8 8 2 10 10 2 10 8 10 8 8
left_child=2 -2 4 -4 6 10 -1 9 -9 -8 -6 -7 -13 -11
right_child=1 -3 3 -5 5 11 7 8 -10 13 -12 12 -14 -15
leaf_value=-0.016632014399708267 -0.0033173176628297912 0.014839848599765375 0.014598745621862601 -0.011013404040300177 0.0011310624601337123 0.0088342660189152222 -0.01166098705668015 0.011946475805993581 -0.00083635215256159948 0.0079397420826249638 0.017876046020799737 -0.019484965073391033 8.5808197912313087e-05 -0.0021979994882778153
leaf_weight=16.433718115091324 353.27305424213409 14.739220723509787 65.491214364767075 15.903371453285216 31.560186251997948 27.560224860906601 56.384620770812035 69.145722225308418 79.628456607460976 52.237055405974388 49.208571866154671 18.640321001410484 47.974683254957199 325.67070697247982
leaf_count=66 1429 60 264 64 127 111 227 278 320 210 198 75 193 1310
internal_value=0.000175431 -0.00240094 0.00129078 0.00924671 0.000400658 0.00467894 -0.00087619 -0.000294475 0.00529999 -0.00224946 0.0117804 -0.0016984 -0.00636857 -0.000711311
internal_weight=1223.85 368.012 855.839 81.3946 774.444 174.944 599.5 583.067 148.774 434.292 80.7688 94.1752 66.615 377.908
internal_count=4932 1489 3443 328 3115 704 2411 2345 598 1747 325 379 268 1520
is_linear=0
shrinkage=0.03


Tree=73
num_leaves=15
num_cat=0
split_feature=39 9 26 1 13 8 1 10 0 23 2 39 8 20
split_gain=4.60956 6.15355 6.74971 7.11267 6.14121 4.14679 6.54529 5.32367 9.07312 7.37723 6.74269 5.40401 5.00578 4.62398
threshold=1782.34303976501 8.9000000000000021 -7.7817460317460307 42.750000000000007 25.450000000000003 17.500000000000004 54.750000000000007 7.4000000000000021 7.2500000000000009 0.28869047619047622 0.81261261456957734 476.60216488138155 6.5000000000000009 12.070394878724267
decision_type=2 10 10 2 10 8 2 10 2 8 2 2 10 10
left_child=5 2 3 -2 -4 6 7 10 11 -10 12 -9 -1 -13
right_child=1 -3 4 -5 -6 -7 -8 8 9 -11 -12 13 -14 -15
leaf_value=0.00022690700961761735 0.0086673609300927518 -0.0082694045243546666 0.014212485024411074 -0.015151765152013018 -0.0013927283499703029 0.01149409962665667 -0.017434253871302437 -0.00084459815589999659 -0.0060011365607900071 0.0084841358404329111 -0.016416586457694969 -0.0029808237243033994 0.0080392191785891628 -0.019537021345254167
leaf_weight=683.35043542087078 17.083025857806206 24.285121574997902 84.844834074378014 18.626728400588036 29.247308313846588 19.825722232460976 16.15437476336956 36.94702160358429 58.106143042445183 58.629818245768547 15.373618856072424 23.581125915050507 77.801032528281212 51.343680769205093
leaf_count=2755 69 98 342 75 118 80 65 149 234 236 62 95 313 207
internal_value=0.000134494 0.00458138 0.00686449 -0.00409202 0.0103216 -0.000627423 -0.000917584 -0.000567147 -0.0045387 0.00132365 0.000623629 -0.0104509 0.0010727 -0.0148387
internal_weight=1215.2 174.087 149.802 35.7098 114.092 1041.11 1021.29 1005.13 228.608 116.736 776.525 111.872 761.151 74.9248
internal_count=4898 702 604 144 460 4196 4116 4051 921 470 3130 451 3068 302
is_linear=0
shrinkage=0.03


Tree=74
num_leaves=15
num_cat=0
split_feature=10 23 2 17 17 17 14 16 4 17 20 2 10 24
split_gain=4.50411 7.90464 5.75046 5.06407 6.12779 6.12145 8.02389 7.93843 9.27887 5.55316 6.19762 8.89438 10.8561 4.50116
threshold=-14.699999999999998 0.55718954248366026 0.27575179040496173 -2.7999999999999989 -4.070833333333332 -6.9499999999999984 23.700000000000006 1.5500000000000003 72.736030880096919 -1.7999999999999992 17.265411626150538 0.71951866414619758 8.4500000000000028 -0.51190476190476175
decision_type=8 8 2 10 10 10 10 10 2 10 8 2 10 8
left_child=1 -1 -3 4 5 6 -2 8 -7 -5 13 12 -12 -11
right_child=3 2 -4 9 -6 7 -8 -9 -10 10 11 -13 -14 -15
leaf_value=-0.008650372351583481 -0.0084976461451991576 0.0013717850292238496 0.016448914703853901 0.0097653582141725565 -0.011261810981542008 -0.01496313779165474 0.0093028167901451821 0.0093568307543751058 0.010574899103730301 0.012718663957613077 0.0064369051190244055 0.017239169427080734 -0.019361756690450083 -0.001711396194913147
leaf_weight=23.746734902262688 126.39357037842274 43.528932273387909 45.12644924223423 50.864571750164032 70.886505603790283 29.927203565835953 23.258607417345047 72.810589358210564 15.839272722601889 15.15790383517742 51.176061928272247 37.532434567809105 14.874384656548498 584.95519217848778
leaf_count=96 510 176 182 205 286 121 94 293 64 61 206 151 60 2356
internal_value=-0.000113732 0.00547202 0.00951464 -0.000710095 -0.00372682 -0.00156586 -0.00551982 0.00344573 -0.00595368 0.000661294 -6.102e-05 0.00653898 -0.000326571 -0.00124483
internal_weight=1206.08 112.402 88.6554 1093.68 339.116 268.229 149.652 118.577 45.7665 754.561 703.696 103.583 66.0504 600.113
internal_count=4861 454 358 4407 1368 1082 604 478 185 3039 2834 417 266 2417
is_linear=0
shrinkage=0.03


Tree=75
num_leaves=15
num_cat=0
split_feature=12 12 41 1 26 19 26 20 16 24 41 20 12 26
split_gain=5.02053 4.38048 5.17923 8.01927 7.23898 7.61547 11.3838 8.11811 7.01362 6.39414 6.34431 5.83884 7.97497 8.18128
threshold=35.45000000000001 31.900000000000002 67.500000000000014 46.750000000000007 -0.96874999999999989 0.25000000000000006 -10.483333333333333 17.214819136168909 -1.0499999999999998 0.30277777777777787 41.500000000000007 16.945173019094231 17.100000000000005 1.3603896103896107
decision_type=10 10 10 2 10 10 10 10 8 10 8 8 10 8
left_child=1 2 3 4 5 6 -1 -7 -6 -5 -10 -4 -13 -14
right_child=-2 -3 11 9 8 7 -8 -9 10 -11 -12 12 13 -15
leaf_value=0.0065141599787259443 -0.01508874213078823 0.0086260385418486848 0.0030849158882380575 -0.011944427931767502 0.010802251861315372 -0.0024599009190983275 -0.014483244713079468 0.017962396946995689 0.0084151097506452166 0.0050791167110471247 -0.0036926458713174098 0.008458872855032825 -0.019683052990346925 -0.00022285333675464621
leaf_weight=27.500556886196136 15.382311776280401 44.942814573645592 452.23406337201595 103.98774749040604 67.86575822532177 88.294482007622719 90.108420640230179 16.604226484894753 49.644972681999207 21.308934584259987 130.62247343361378 25.726956367492676 33.041487485170364 40.007118344306946
leaf_count=111 62 181 1820 420 274 357 363 67 200 86 527 104 133 161
internal_value=-0.000325263 -7.24915e-05 -0.000449303 -0.00237831 -0.000548826 -0.00442709 -0.00950799 0.00144286 0.00294767 -0.00896546 -0.000221098 0.00163961 -0.00480737 -0.00972218
internal_weight=1207.27 1191.89 1146.95 595.938 470.641 222.508 117.609 104.899 248.133 125.297 180.267 551.01 98.7756 73.0486
internal_count=4866 4804 4623 2405 1899 898 474 424 1001 506 727 2218 398 294
is_linear=0
shrinkage=0.03


Tree=76
num_leaves=15
num_cat=0
split_feature=25 17 11 16 2 39 23 9 11 12 11 19 25 13
split_gain=4.79533 6.37177 8.64726 6.30689 6.236 4.16429 3.7057 7.79184 4.92351 4.88352 3.43326 5.36739 4.37858 6.35427
threshold=8.7416666666666689 2.4500000000000002 24.675000000000004 1.7500000000000002 0.61459760318196321 794.09654554464407 0.087121212121212141 -12.549999999999999 18.500000000000004 18.300000000000001 31.266666666666669 -0.14999999999999999 3.4686274509803927 29.700000000000006
decision_type=10 8 8 10 2 2 8 10 10 10 8 8 8 10
left_child=6 4 -3 5 -2 -4 7 -1 -9 -10 12 -12 13 -8
right_child=1 2 3 -5 -6 -7 10 8 9 -11 11 -13 -14 -15
leaf_value=-0.0095925533876640851 -0.0023484610199483186 0.016479280649222317 -0.017269921692536407 0.0088101759890212 0.018630040116850939 -0.0012788367538343326 0.00040393053464768088 0.023184733759231267 0.013031826237798619 -0.0072272249154679497 -0.0058555871649442724 0.014356438028634495 -0.005141778481351068 -0.0084099994706346888
leaf_weight=18.11105640232563 16.922618344426155 16.643378898501396 26.806195363402367 18.165352612733841 36.551606118679047 28.787380233407021 607.91522215306759 15.347758382558821 17.648185551166534 15.865583971142767 16.20119696855545 24.248433277010918 270.68238954246044 78.69996465742588
leaf_count=73 68 67 108 73 147 116 2451 62 71 64 65 98 1091 318
internal_value=-0.000406056 0.00464064 -0.000332706 -0.00493161 0.012358 -0.00977825 -0.00110652 0.00548001 0.0114387 0.00374793 -0.00157376 0.00650738 -0.00194726 -0.00065982
internal_weight=1208.6 143.877 90.4023 73.7589 53.4742 55.5936 1064.72 66.9726 48.8615 33.5138 997.747 40.4496 957.298 686.615
internal_count=4872 579 364 297 215 224 4293 270 197 135 4023 163 3860 2769
is_linear=0
shrinkage=0.03


Tree=77
num_leaves=15
num_cat=0
split_feature=11 29 14 24 13 26 20 12 12 19 25 12 4 9
split_gain=5.9012 5.61468 5.812 3.77819 6.52447 6.6508 6.68127 5.13214 6.18012 6.1515 6.7486 6.67175 4.20417 4.40753
threshold=12.300000000000002 10.500000000000002 22.100000000000005 -0.49107142857142844 27.700000000000006 3.2403846153846159 14.720356256529472 28.900000000000002 35.70000000000001 8.0500000000000025 -12.683333333333332 26.100000000000005 -143.35485832114782 -1.0999999999999999
decision_type=8 2 10 8 8 10 8 8 8 10 8 10 2 10
left_child=-1 3 -3 4 5 -2 -7 9 -9 10 -5 -11 -12 -14
right_child=1 2 -4 7 -6 6 -8 8 -10 11 12 -13 13 -15
leaf_value=0.011408180809470767 -0.013896559263594017 0.00089242619976125461 -0.014808558358578919 0.016887567706401187 -0.015296387243984515 0.012764553692347486 -0.0085486044045165639 0.0093073640920618012 -0.00876459556843622 -0.015260639643801612 0.011006493614819656 0.0041692346525331976 0.002284875902092141 -0.0022618449369721525
leaf_weight=37.160019233822823 15.873012796044348 38.994769841432571 40.182134971022606 18.393067926168442 30.64867191016674 34.782896101474762 15.659104645252226 107.48353886604309 15.998570829629896 39.324992403388023 28.040789574384689 22.038251638412476 389.52807606756687 368.58877845108509
leaf_count=151 64 157 162 74 124 140 63 433 65 159 113 89 1570 1485
internal_value=0.000382 -1.67695e-05 -0.0074821 0.000559111 -0.00494445 0.000576896 0.00597389 0.00112063 0.00671596 0.000288736 0.00100693 -0.00849414 0.000531008 7.39701e-05
internal_weight=1202.7 1165.54 79.1769 1086.36 96.9637 66.315 50.442 989.396 123.482 865.914 804.551 61.3632 786.158 758.117
internal_count=4849 4698 319 4379 391 267 203 3988 498 3490 3242 248 3168 3055
is_linear=0
shrinkage=0.03


Tree=78
num_leaves=15
num_cat=0
split_feature=42 18 22 39 18 4 22 16 1 17 4 24 13 27
split_gain=4.44861 11.718 5.70996 5.76308 5.24217 5.30744 6.98671 6.27799 5.37032 4.78366 5.93077 5.79149 6.98179 5.73192
threshold=6.5000000000000009 3.5500000000000003 0.91987179487179505 925.04429468497858 -6.0499999999999989 180.52643869310137 0.13484848484848486 -6.1499999999999995 38.250000000000007 13.550000000000002 135.60909201836299 0.071428571428571494 26.100000000000005 3.5000000000000004
decision_type=8 10 8 2 8 2 10 10 2 8 2 8 10 2
left_child=9 4 3 -3 -2 6 -6 -7 -8 10 11 13 -13 -1
right_child=1 2 -4 -5 5 7 8 -9 -10 -11 -12 12 -14 -15
leaf_value=-0.0067335551262369701 0.0024786977320110423 0.007068009080687776 0.01775228031364566 -0.0049309819369131713 -0.014307804440720212 0.0014293745608653526 0.0073894650047226888 -0.018483447334776495 -0.0040834646508265812 -0.0085056294893497229 0.007144415179289227 -0.0091439519882901624 0.0078752727068407725 0.0040663738335570548
leaf_weight=47.469168916344643 72.969444736838341 84.504088699817657 20.868460014462471 55.788450822234154 45.144172728061676 18.275352701544762 40.952861666679382 50.323091343045235 180.93390765786171 34.48686808347702 160.05075299739838 87.588725388050079 24.126387998461723 287.28146408498287
leaf_count=191 294 341 84 225 183 74 165 204 732 139 644 352 97 1157
internal_value=-6.5616e-05 -0.00198531 0.00476702 0.00229103 -0.00467402 -0.00624266 -0.00418019 -0.0134418 -0.00184977 0.00164288 0.00228475 0.000482812 -0.00528851 0.00245834
internal_weight=1210.76 569.76 161.161 140.293 408.599 335.629 267.031 68.5984 221.887 641.003 606.516 446.466 111.715 334.751
internal_count=4882 2302 650 566 1652 1358 1080 278 897 2580 2441 1797 449 1348
is_linear=0
shrinkage=0.03


Tree=79
num_leaves=15
num_cat=0
split_feature=26 13 41 23 24 24 13 17 14 14 24 16 8 3
split_gain=4.09474 5.82053 3.71356 5.61563 5.84376 5.00065 6.48963 6.1495 5.73354 5.78441 4.65535 4.95824 4.35002 5.85185
threshold=-10.035714285714283 25.700000000000006 71.500000000000014 0.12916666666666668 -0.69139194139194127 -0.3563492063492063 23.300000000000001 -0.99999999999999978 24.266666666666669 17.300000000000001 1.0000000180025095e-35 -1.1333333333333331 6.5000000000000009 0.024716769096542749
decision_type=8 10 8 8 8 8 8 10 10 8 8 10 10 2
left_child=1 -1 3 -2 -5 6 -4 8 9 -7 11 -9 -6 -14
right_child=2 -3 5 4 12 7 -8 10 -10 -11 -12 -13 13 -15
leaf_value=-0.0099041779722875683 0.014161533071361733 0.006098285488451741 0.0017592158592400805 0.014429945597748746 -0.00067480240616203918 -0.0050565556923821029 -0.020882240353046751 -0.0060300096726919293 -0.0081308326115574342 0.014478080785293947 -0.010587804343208692 0.012253932397686022 0.0005518423375199293 0.011348696345185419
leaf_weight=71.708164274692535 25.026482149958611 24.064411804080009 18.116786286234856 23.03707829117775 651.88199093937874 15.652956813573836 22.7248275578022 26.771310418844223 17.605477049946785 46.702734887599945 58.679973930120468 18.158345565199852 127.87875667214394 65.328311771154404
leaf_count=289 101 97 73 93 2629 63 92 108 71 189 237 73 515 263
internal_value=1.27264e-05 -0.00578023 0.000532703 0.00140064 0.000953781 -0.00287691 -0.0117424 -0.000645431 0.00541803 0.00956302 -0.00535893 0.00184659 0.000503709 0.00439673
internal_weight=1213.34 95.7726 1117.57 893.153 868.126 224.412 40.8416 183.571 79.9612 62.3557 103.61 44.9297 845.089 193.207
internal_count=4893 386 4507 3601 3500 906 165 741 323 252 418 181 3407 778
is_linear=0
shrinkage=0.03


Tree=80
num_leaves=15
num_cat=0
split_feature=20 21 4 39 9 15 25 20 21 16 9 4 20 13
split_gain=4.97033 6.02007 6.47574 8.73213 7.54144 8.34087 6.2202 5.81701 5.75823 5.5422 6.10449 4.95223 5.95687 4.84238
threshold=11.528708088170324 12.337836884077459 127.25942518065291 1294.0304473669401 8.7000000000000011 -4.2499999999999991 -6.3205128205128194 12.568921075267193 15.943650758666669 -0.74999999999999989 -13.324999999999998 64.790577110262021 15.993922433270155 17.300000000000001
decision_type=8 8 2 2 8 8 8 10 8 10 10 2 8 10
left_child=13 7 3 4 5 -3 -7 -2 -6 10 -4 12 -5 -1
right_child=1 2 9 11 8 6 -8 -9 -10 -11 -12 -13 -14 -15
leaf_value=0.0048110591976611187 0.0065960528020938798 0.0045223708272765749 -0.0016466916767915011 0.018368129510823082 -0.0017361357333211961 -0.019549840498331771 -0.0046878134457468057 -0.0039447787727137987 0.015487898220659217 0.0010821963512529893 0.016342462670910263 -0.0030593072622575809 0.00066315843942846492 -0.0045652545060544279
leaf_weight=54.859707236289978 52.232557654380798 68.386742249131203 20.609210774302483 45.126547962427139 32.223460271954536 27.537386834621429 141.29309217631817 268.34512823820114 30.947003498673439 64.319839656352997 72.899686589837074 22.863049238920212 26.546433329582214 302.42888687551022
leaf_count=221 211 276 83 182 130 111 569 1083 125 259 294 92 107 1220
internal_value=-0.00012289 0.00109715 0.00298418 0.000896458 -0.00163037 -0.0040873 -0.00760451 -0.00215241 0.00721894 0.00802021 0.0124953 0.00860402 0.0122814 -0.00307904
internal_weight=1230.62 873.33 552.752 394.924 300.388 237.217 168.83 320.578 63.1705 157.829 93.5089 94.536 71.673 357.289
internal_count=4963 3522 2228 1592 1211 956 680 1294 255 636 377 381 289 1441
is_linear=0
shrinkage=0.03


Tree=81
num_leaves=15
num_cat=0
split_feature=5 29 3 23 5 5 26 26 25 23 16 10 15 17
split_gain=4.75686 4.49789 4.56474 3.82173 3.70981 8.40708 7.59671 6.89076 7.35478 6.61219 5.2332 7.5319 6.70227 5.69439
threshold=0.17779481828546143 10.500000000000002 0.024318612059947568 0.43095238095238103 0.68581559399718117 0.56472713305602551 4.7735042735042743 -0.23303167420814477 6.4083333333333341 0.25833333333333336 6.8500000000000005 -11.966666666666663 -5.2749999999999995 -10.249999999999998
decision_type=2 2 2 10 2 2 8 10 10 10 10 10 8 10
left_child=-1 4 -3 -4 5 10 7 9 -9 -6 11 12 13 -2
right_child=1 2 3 -5 6 -7 -8 8 -10 -11 -12 -13 -14 -15
leaf_value=0.014062045849488327 -0.0077290327952704305 0.0043579284551432283 -0.00084680156502338929 -0.01589437097563982 -0.0018239249172437722 -0.0046383477338819397 0.014207549322788256 0.0045131967327672233 -0.0166202093319614 0.0084035891106057289 0.0082116245575128179 0.0023429827954906117 -0.016795015525814361 0.010877477323889329
leaf_weight=17.087915658950806 31.81959693133831 22.792749673128128 24.563351526856422 37.481344416737556 104.36994288861752 286.08015044033527 43.432394176721573 22.581515446305275 30.266859158873558 116.27958600223064 87.277511939406395 339.91089375317097 33.851710453629494 19.759568691253662
leaf_count=69 129 92 99 151 421 1154 175 91 122 469 352 1370 137 80
internal_value=0.000266312 1.24265e-05 -0.00644642 -0.0104445 0.000530157 -0.000562444 0.0032496 0.00128561 -0.00798055 0.00363263 0.00173505 0.000326129 -0.00738435 -0.000269679
internal_weight=1217.56 1200.47 84.8374 62.0447 1115.63 798.699 316.93 273.498 52.8484 220.65 512.619 425.342 85.4309 51.5792
internal_count=4911 4842 342 250 4500 3222 1278 1103 213 890 2068 1716 346 209
is_linear=0
shrinkage=0.03


Tree=82
num_leaves=15
num_cat=0
split_feature=21 14 21 22 20 16 23 42 12 21 22 16 8 20
split_gain=4.42155 8.79518 7.89393 7.16686 7.00461 7.3107 7.4841 5.31555 4.50772 4.47809 7.02689 7.46187 6.06862 7.81857
threshold=9.0191155023341754 17.300000000000001 10.846914563854325 0.43095238095238103 11.528708088170324 -6.0499999999999989 0.21825396825396828 14.500000000000002 18.450000000000003 14.399074044303431 0.48529411764705888 1.0000000180025095e-35 -2.0999999999999996 13.827107009174293
decision_type=8 10 8 8 10 10 10 10 10 10 10 10 10 10
left_child=1 -1 -2 -3 -4 6 -6 9 -5 -7 11 -11 13 -13
right_child=2 3 4 8 5 7 -8 -9 -10 10 -12 12 -14 -15
leaf_value=0.01141569184475982 0.0065830460559186347 0.0010467970177924686 -0.0045555126449724655 -0.0012606611501806161 -0.0027356556275894045 -0.0022921395408694767 0.012889083886241604 -0.009656384221448688 -0.020722547486789599 -0.010609816006573864 0.0078868425034603496 0.012421703411062595 0.014612041714376365 -0.010888096615665532
leaf_weight=17.346206560730934 150.71295112371445 34.347796350717545 289.46607938408852 14.932380974292753 39.444453313946724 258.26350222527981 76.409502625465393 46.407014936208725 40.137908533215523 47.695819988846779 133.02825221419334 15.607288211584089 25.06894026696682 30.241669282317162
leaf_count=70 608 139 1168 60 159 1041 308 188 163 192 536 63 101 122
internal_value=-0.000254536 -0.00594299 0.0003156 -0.0097366 -0.000695644 0.000987958 0.00767628 -0.000460879 -0.0159896 0.000461656 0.00327751 -0.00200189 0.00410485 -0.00251209
internal_weight=1219.11 106.764 1112.35 89.4181 961.633 672.166 115.854 556.312 55.0703 509.905 251.642 118.614 70.9179 45.849
internal_count=4918 432 4486 362 3878 2710 467 2243 223 2055 1014 478 286 185
is_linear=0
shrinkage=0.03


Tree=83
num_leaves=15
num_cat=0
split_feature=4 12 21 15 24 2 26 15 21 19 16 41 17 14
split_gain=4.26287 4.30453 4.70305 10.4977 5.45223 4.94764 6.04312 5.15857 4.83365 4.5083 13.6288 6.41325 5.81079 7.1433
threshold=-222.01856226225854 35.70000000000001 19.295508855784828 1.6500000000000001 -0.45993589743589741 0.68677123030060849 9.6076923076923091 0.83750000000000013 15.45621054502511 7.7500000000000009 1.8500000000000003 48.500000000000007 -6.9499999999999984 23.450000000000003
decision_type=2 8 10 10 10 2 10 8 8 10 10 10 8 10
left_child=-1 2 4 -4 5 6 7 8 -2 12 11 -11 13 -6
right_child=1 -3 3 -5 9 -7 -8 -9 -10 10 -12 -13 -14 -15
leaf_value=0.010784645311792003 -0.010717055482590245 -0.013173302520551764 0.017474789869959442 -0.007322075274255698 -0.0070237324121405062 0.0056055989151057098 0.0036966403537788588 -0.020945156463701289 0.0051447485153866528 0.0033808346655994767 0.0088182915371530484 -0.017191403875939905 0.0021909774934163314 0.011969967985414925
leaf_weight=26.954299479722977 53.301804259419441 17.99263907968998 34.202865853905678 21.617127671837807 121.0999955534935 26.056430444121361 29.241056516766548 29.479210376739502 21.05161215364933 15.761632218956946 36.516837805509567 54.960880979895592 712.54689058661461 16.114085704088211
leaf_count=109 216 73 138 87 489 105 118 119 85 64 147 222 2872 65
internal_value=-2.92541e-05 -0.000318309 -6.58246e-05 0.00805934 -0.000506312 -0.0055584 -0.00786819 -0.0111453 -0.00618492 0.000358273 -0.00529683 -0.0126861 0.00109875 -0.00445074
internal_weight=1216.9 1189.94 1171.95 55.82 1116.13 159.13 133.074 103.833 74.3534 957 107.239 70.7225 849.761 137.214
internal_count=4909 4800 4727 225 4502 643 538 420 301 3859 433 286 3426 554
is_linear=0
shrinkage=0.03


Tree=84
num_leaves=15
num_cat=0
split_feature=13 26 21 3 41 41 23 10 20 5 18 18 26 8
split_gain=3.79418 9.4918 7.63467 7.13242 6.41194 6.09726 5.91485 9.92475 8.91757 7.90447 6.18105 5.65005 5.46933 5.39066
threshold=19.300000000000001 5.3431372549019613 15.698018250562319 0.024716769096542749 63.500000000000007 35.500000000000007 0.43095238095238103 5.700000000000002 14.146259647029606 0.44052470556716855 0.72500000000000009 1.4500000000000002 -11.069047619047618 -10.299999999999999
decision_type=8 8 8 2 10 8 10 10 10 2 10 10 10 8
left_child=-1 2 4 -4 5 -2 7 8 -6 -8 -10 -9 -7 -3
right_child=1 13 3 -5 6 12 9 11 10 -11 -12 -13 -14 -15
leaf_value=0.0034480842133109242 0.007373036268275201 0.014326078066749319 -0.0030231613404777336 -0.016700520133603347 0.021248793963122761 0.0091189931866598149 -0.012816936685998235 0.0076970804188020618 -0.0099263673339393382 0.0032653021008447521 0.011945577270599696 -0.011141306446536214 -0.0075834254948542292 0.0025724239985058981
leaf_weight=340.18705888092518 31.683590337634087 37.787221357226372 97.312583103775978 50.566510111093521 46.441983178257942 15.337765976786612 35.663053795695305 20.305388808250427 17.362908840179443 80.711395382881165 19.33662748336792 28.818719193339348 176.05045929551125 216.41145142912865
leaf_count=1372 128 153 392 204 187 62 144 82 70 325 78 116 712 873
internal_value=0.000785023 -0.00026549 -0.00226684 -0.0080933 -0.000374545 -0.0040209 0.00291162 0.00713803 0.0131812 -0.00198808 0.00164828 -0.00336277 -0.00604681 0.00456228
internal_weight=1213.98 873.79 619.591 147.879 471.712 223.072 248.64 132.266 83.1415 116.374 36.6995 49.1241 191.388 254.199
internal_count=4898 3526 2500 596 1904 902 1002 533 335 469 148 198 774 1026
is_linear=0
shrinkage=0.03


Tree=85
num_leaves=15
num_cat=0
split_feature=19 3 26 13 16 19 26 17 24 19 19 26 26 1
split_gain=4.45555 5.72062 4.58762 11.4543 5.9218 8.95513 10.0965 7.72758 5.03661 4.98957 5.52486 7.55601 4.85626 6.4517
threshold=1.6500000000000001 0.016279829737799959 -2.1380952380952376 26.100000000000005 1.8500000000000003 9.1333333333333346 7.3166666666666673 1.1000000000000005 -0.071428571428571425 7.6500000000000012 4.0500000000000007 0.72077922077922085 -4.0357142857142847 46.750000000000007
decision_type=10 2 8 10 10 10 8 8 8 10 10 8 10 2
left_child=1 -1 3 8 9 7 -7 -6 -2 10 -4 -12 13 -10
right_child=2 -3 4 -5 5 6 -8 -9 12 -11 11 -13 -14 -15
leaf_value=0.012313060582136576 0.010293223961141821 0.00034139353792306173 -0.011556201012100042 0.013567527168396987 -0.0072257668517038479 0.023663700223104607 -0.0053416473413864362 0.011514794593717903 -0.003912912136274537 -0.016868664596047099 -0.012517867891278855 0.0083511418227561907 0.0044358967983512557 -0.022631692266710322
leaf_weight=32.977237090468407 16.109943211078644 670.90335559844971 54.435357004404068 44.395891234278679 120.12799380719662 19.862478196620941 16.398868814110756 18.896951973438263 63.116280674934387 44.734054192900658 18.792974293231964 40.576470658183098 28.190400511026382 18.980774223804474
leaf_count=133 65 2705 220 179 485 80 66 76 255 181 76 164 114 77
internal_value=-0.000555546 0.000985166 -0.00269323 0.00128242 -0.00471618 -0.000859434 0.0114885 -0.00436714 -0.00338469 -0.00882369 -0.00508455 0.00128599 -0.00574242 -0.00929146
internal_weight=1208.5 703.881 504.618 170.793 333.825 175.286 36.2613 139.025 126.397 158.539 113.805 59.3694 110.287 82.0971
internal_count=4876 2838 2038 690 1348 707 146 561 511 641 460 240 446 332
is_linear=0
shrinkage=0.03


Tree=86
num_leaves=15
num_cat=0
split_feature=21 14 21 20 16 21 30 24 14 19 11 5 19 14
split_gain=4.77329 4.49155 3.99749 5.88109 6.79059 5.88685 7.27689 5.88633 5.27482 6.5499 6.86448 5.9627 7.47147 7.3728
threshold=9.0191155023341754 17.500000000000004 10.846914563854325 11.528708088170324 -9.0499999999999989 12.370439576145772 -1.0000000180025095e-35 -0.4416666666666666 17.633333333333336 -2.7499999999999996 19.900000000000002 0.54705820743120348 4.1125000000000007 29.900000000000002
decision_type=8 10 8 10 8 8 2 8 10 8 10 2 10 10
left_child=1 -1 -2 4 -4 6 -5 -7 9 10 -9 12 -10 -13
right_child=2 -3 3 5 -6 7 -8 8 11 -11 -12 13 -14 -15
leaf_value=0.005915021130763083 0.005010757081202348 -0.00883002118235671 -0.017800106957167026 0.0092203212426781294 -0.0022018631770935114 -0.0063485283628221612 -0.007051500346511079 0.015240341833896458 -0.0073590222859953557 0.017968214955062428 -0.0053976850976523039 0.0069763898967052772 0.0070555966918819961 -0.0077754246633004375
leaf_weight=19.55998195707798 149.77180573344231 86.862739980220795 23.019299671053886 26.311399057507515 266.57638734579086 52.195478066802025 119.36788780987263 18.075747638940811 94.021698951721191 43.390124186873436 34.507921189069748 214.59161755442619 43.453424274921417 31.166610211133957
leaf_count=79 604 352 93 106 1076 211 482 73 379 175 139 865 175 126
internal_value=-5.42678e-05 -0.00597613 0.000534347 -0.000181419 -0.0037228 0.00134946 -0.00390418 0.00281266 0.00386575 0.00998195 0.002404 0.00222524 -0.00271511 0.00498786
internal_weight=1222.87 106.423 1116.45 966.678 289.596 677.082 145.679 531.403 479.207 95.9738 52.5837 383.233 137.475 245.758
internal_count=4935 431 4504 3900 1169 2731 588 2143 1932 387 212 1545 554 991
is_linear=0
shrinkage=0.03


Tree=87
num_leaves=15
num_cat=0
split_feature=1 14 13 14 26 3 18 25 11 18 20 20 14 3
split_gain=3.95626 7.46301 8.48567 5.68957 6.68217 7.00489 5.45668 5.4186 4.96984 5.74448 6.68082 6.57773 6.45086 6.18809
threshold=44.250000000000007 18.100000000000005 22.366666666666671 16.500000000000004 -0.96874999999999989 0.02392390285857882 9.7500000000000018 4.0333333333333341 33.70000000000001 -3.1499999999999999 10.246408584908611 10.57250101810247 27.700000000000006 0.024807481797745726
decision_type=2 8 10 8 10 2 10 10 10 8 10 8 10 2
left_child=3 2 -2 4 -1 -6 -5 -7 9 10 -3 -11 -13 -12
right_child=1 8 -4 6 5 7 -8 -9 -10 11 13 12 -14 -15
leaf_value=-0.018593467802842153 -0.003799407798694037 -0.013217396787595847 0.013698368468866975 0.0024364246717249421 0.013302029778106361 0.00085545820551973396 0.016566742955747882 -0.015291092589482148 0.0095778317546900207 0.0029049062653571903 -0.0018669073599664558 -0.0099384077714171643 0.00072073071025384732 0.01419977107388846
leaf_weight=18.136000230908394 41.954331025481224 14.79957367479801 50.819796189665794 524.08347637951374 20.026994809508324 51.79466438293457 21.062534004449844 23.854218706488609 21.597594380378723 64.123690783977509 41.356551498174667 219.78824119269848 65.29671037197113 37.890440121293068
leaf_count=73 169 60 205 2116 81 209 85 96 87 259 167 887 264 153
internal_value=0.000286639 -0.0015655 0.00599588 0.00185395 -0.00412329 -0.000593163 0.00312798 -0.00486835 -0.00312233 -0.00384108 0.00263303 -0.00559719 -0.00752666 0.0062019
internal_weight=1216.58 557.627 92.7741 658.958 113.812 95.6759 545.146 75.6489 464.853 443.255 94.0466 349.209 285.085 79.247
internal_count=4911 2251 374 2660 459 386 2201 305 1877 1790 380 1410 1151 320
is_linear=0
shrinkage=0.03


Tree=88
num_leaves=15
num_cat=0
split_feature=18 7 18 25 17 25 12 7 3 27 10 21 25 39
split_gain=4.01117 3.9835 5.86133 5.43254 5.88123 5.31187 5.04005 4.98813 5.25831 7.32705 10.3714 8.20543 6.33161 6.85894
threshold=12.850000000000003 -3.2669332438890062 3.8500000000000001 8.7416666666666689 9.3500000000000032 13.700000000000001 21.100000000000005 -2.8275611790411443 0.025500807741815405 10.500000000000002 7.3000000000000016 15.415360288160862 -8.9687499999999982 275.5593959411222
decision_type=10 2 10 10 10 10 10 2 2 2 8 8 10 2
left_child=1 2 -1 7 5 -5 -4 -3 9 10 12 -11 -9 -14
right_child=-2 3 6 4 -6 -7 -8 8 -10 11 -12 -13 13 -15
leaf_value=0.0072943660103086099 0.010237458469105822 -0.011925172366054114 -0.014851065125018001 0.012930326826099748 -0.0051837217272763742 -0.0035227499727343223 0.0040044954283720516 -0.0012544140709858187 -0.0050526403322237717 3.6855309021720341e-05 -0.0069062027391915476 -0.01073941988175855 -0.0047491609705065264 0.010925081921347814
leaf_weight=123.01570802927017 29.046774253249168 36.165428251028061 19.150438323616982 65.520457655191422 33.487543001770973 21.122974693775177 23.589073270559311 79.833269000053406 230.34179872274399 209.81489117443562 68.595256149768829 86.228011384606361 26.557649672031403 165.34267647564411
leaf_count=496 117 146 77 264 135 85 95 323 930 848 277 348 107 667
internal_value=8.43339e-05 -0.000205591 0.00403864 -0.000909569 0.00495736 0.00894584 -0.00511473 -0.00171319 -0.00122111 0.000194328 0.00317511 -0.00322817 0.00579879 0.00869036
internal_weight=1217.81 1188.77 165.755 1023.01 120.131 86.6434 42.7395 902.879 866.714 636.372 340.329 296.043 271.734 191.9
internal_count=4915 4798 668 4130 484 349 172 3646 3500 2570 1374 1196 1097 774
is_linear=0
shrinkage=0.03


Tree=89
num_leaves=15
num_cat=0
split_feature=42 30 10 4 7 4 8 16 14 42 24 7 42 18
split_gain=4.82101 7.71422 6.45677 7.75605 5.84483 5.79208 6.55884 5.96827 5.30336 5.24606 5.1131 5.0051 5.75507 4.60936
threshold=6.5000000000000009 -1.0000000180025095e-35 15.100000000000003 146.40693767054066 1.2039956224637993 106.71198556736057 6.3000000000000016 -0.44999999999999996 21.633333333333336 23.500000000000004 -0.37083333333333329 3.1347194379309218 8.5000000000000018 2.8500000000000001
decision_type=8 2 8 2 2 2 10 10 10 8 8 2 10 10
left_child=2 -2 3 5 9 6 10 -7 -6 -3 13 12 -10 -1
right_child=1 4 -4 -5 8 7 -8 -9 11 -11 -12 -13 -14 -15
leaf_value=0.011717287580877193 0.0046855577794503453 -0.00050044810886256763 -0.0092187457296821571 0.0086166351371326898 -0.01541196374557053 0.001575010495670932 0.011579126906203102 -0.015148527028028049 0.014207856806445884 -0.01263330310699172 -0.0017177833349953132 -0.01097819952459627 -0.0054502074009106219 -0.0024348623719077627
leaf_weight=51.117475867271423 101.39476056396961 280.96334005892277 45.211343586444855 120.74947176873684 62.773711189627647 34.526512503623962 47.181486040353775 35.995461732149124 17.823679149150848 31.278111696243286 283.31643679738045 40.371422991156578 28.035276681184769 30.486286386847496
leaf_count=207 409 1136 182 487 254 139 190 145 72 127 1141 164 114 123
internal_value=-0.000624328 -0.00264481 0.00113524 0.00198047 -0.0042892 0.000248809 0.00163052 -0.00739872 -0.00908025 -0.00189579 0.000205112 -0.00387886 0.00283581 0.00659487
internal_weight=1211.22 562.64 648.584 603.373 461.246 482.624 412.102 70.522 149.004 312.241 364.92 86.2304 45.859 81.6038
internal_count=4890 2276 2614 2432 1867 1945 1661 284 604 1263 1471 350 186 330
is_linear=0
shrinkage=0.03


Tree=90
num_leaves=15
num_cat=0
split_feature=12 12 23 40 18 41 12 22 3 3 42 20 41 21
split_gain=4.18102 4.39009 3.84614 7.25382 5.64441 4.36615 5.39785 4.22146 5.03626 4.69684 13.4235 5.37719 5.18817 6.47628
threshold=35.100000000000009 32.900000000000006 0.86190476190476206 1.0000000180025095e-35 0.31666666666666671 79.500000000000014 24.100000000000005 0.22474747474747478 0.022817356899447975 0.024327234789011557 15.500000000000002 14.486775253811951 53.500000000000007 10.730279040442174
decision_type=10 10 10 2 8 10 8 10 2 2 8 10 8 10
left_child=1 2 5 4 -4 7 -7 8 -1 10 -9 12 13 -11
right_child=-2 -3 3 -5 -6 6 -8 9 -10 11 -12 -13 -14 -15
leaf_value=-0.017307720795285943 -0.012963518526440555 0.011299862991004724 -0.0016019161156885296 0.0067180604467046547 -0.018698325955692281 0.0014143301066895423 0.018385554070183573 0.0069396274057538631 -0.0022469086873799682 0.0084444752707343914 -0.013710171002733116 -0.0043431879965713264 0.0041898208008785886 -0.0066430846173570037
leaf_weight=18.293958589434624 17.086494132876396 26.281411275267601 33.743224486708641 26.27500781416893 33.236214116215706 49.868875175714493 21.235359832644463 211.50175121426582 157.30699521303177 28.953621625900269 27.879895746707916 216.46644619107246 236.09428176283836 102.67744107544422
leaf_count=74 69 106 136 106 134 201 86 853 637 117 113 874 952 415
internal_value=-2.99679e-05 0.000209238 -8.85513e-05 -0.00576981 -0.010795 0.00043099 0.00735773 -9.6119e-05 -0.00425166 0.000810229 0.00430332 -0.000645492 0.00156027 -0.00313684
internal_weight=1206.9 1189.81 1163.53 93.2544 66.9794 1070.28 71.1042 999.174 175.601 823.573 239.382 584.192 367.725 131.631
internal_count=4873 4804 4698 376 270 4322 287 4035 711 3324 966 2358 1484 532
is_linear=0
shrinkage=0.03


Tree=91
num_leaves=15
num_cat=0
split_feature=12 12 11 23 19 18 24 22 4 2 9 39 8 20
split_gain=5.08089 5.32862 5.32331 4.89917 6.00231 5.40579 8.3888 6.07713 4.4696 3.72936 4.46236 4.32928 9.67728 6.60917
threshold=35.70000000000001 32.900000000000006 33.70000000000001 0.76696832579185525 8.3500000000000032 0.45000000000000007 -0.26515151515151508 0.56458333333333344 -19.8721400485781 0.80848714927666043 -13.324999999999998 410.3989116229173 -3.0999999999999996 12.070394878724267
decision_type=10 10 10 8 8 8 8 8 2 2 10 2 10 10
left_child=1 2 3 9 5 6 -5 -7 -9 10 -1 12 -12 -14
right_child=-2 -3 -4 4 -6 7 -8 8 -10 -11 11 -13 13 -15
leaf_value=-0.009099800886682944 -0.014817502557627779 0.012055618597502746 0.011357124651419406 0.0083212194920680299 0.0091651136208173827 -0.019075352178330493 -0.0080895100887420704 0.0069599441138218712 -0.0097621350842341578 -0.0052930998914520718 -0.010814805673582943 0.0027677794531783899 -0.005979512937647099 0.0081164097351128332
leaf_weight=31.972584366798401 15.586374968290327 28.254253774881363 30.287110567092896 43.072593107819557 21.666262358427048 41.627094909548759 62.431492164731026 18.577088907361031 33.420291468501091 85.734181508421898 70.127038553357124 621.21569927036762 43.599091410636902 74.326693505048752
leaf_count=129 63 114 122 174 88 168 252 75 135 346 284 2509 176 300
internal_value=-3.87623e-05 0.000212564 -0.000121228 -0.000472062 -0.00443528 -0.00610332 -0.00131638 -0.0111574 -0.00370138 0.00049066 0.0011079 0.00156458 -0.00237881 0.00287368
internal_weight=1221.9 1206.31 1178.06 1147.77 220.795 199.129 105.504 93.6245 51.9974 926.975 841.241 809.269 188.053 117.926
internal_count=4935 4872 4758 4636 892 804 426 378 210 3744 3398 3269 760 476
is_linear=0
shrinkage=0.03


Tree=92
num_leaves=15
num_cat=0
split_feature=1 1 2 26 11 11 25 26 4 26 19 26 21 14
split_gain=3.16109 4.89003 5.84865 8.14017 7.77276 4.99659 4.74695 4.68322 5.04156 9.03488 6.29291 5.91204 4.59075 4.55145
threshold=44.250000000000007 45.250000000000007 0.30737384170619358 10.816666666666668 17.500000000000004 19.633333333333336 -3.2071428571428569 -5.7817460317460307 146.40693767054066 -1.3229166666666663 1.0000000180025095e-35 2.7029411764705888 13.681699025682386 16.700000000000006
decision_type=2 2 2 10 8 8 8 8 2 10 8 10 8 8
left_child=13 -2 -3 4 -4 -6 12 -8 10 -10 -9 -11 -7 -1
right_child=1 2 3 -5 5 6 7 8 9 11 -12 -13 -14 -15
leaf_value=-0.0037370372824932488 -0.0075379101920773055 -0.0099489573262773572 0.014734546626956216 0.015294010710941445 -0.012243577906974883 -0.0010519297923197986 -0.010720994867914637 0.0032780814654476019 0.016239829342655891 -0.01243324948818943 -0.0081407796303489648 0.0083552518590285143 0.016965882304510928 0.002578965319535261
leaf_weight=121.64098170399666 98.395570680499077 45.410696864128113 23.520896285772324 27.472953274846077 30.373183503746986 23.997795164585114 40.105993807315826 74.721875876188278 34.70288547873497 23.032943919301033 92.154798522591591 17.377758115530014 20.842108890414238 544.7937289327383
leaf_count=491 398 184 95 111 123 97 162 301 140 93 372 70 84 2201
internal_value=2.08199e-05 -0.00164988 -0.000304714 0.000875284 -0.000349595 -0.00153219 -0.000367638 -0.00184594 -0.000187788 0.00603143 -0.00308117 -0.00355795 0.00818482 0.00140689
internal_weight=1218.54 552.109 453.714 408.303 380.83 357.309 326.936 282.096 241.99 75.1136 166.877 40.4107 44.8399 666.435
internal_count=4922 2230 1832 1648 1537 1442 1319 1138 976 303 673 163 181 2692
is_linear=0
shrinkage=0.03


Tree=93
num_leaves=15
num_cat=0
split_feature=9 1 39 9 12 14 1 12 25 9 4 20 39 14
split_gain=5.5545 6.59947 5.58505 8.69099 5.9041 5.88356 5.73396 6.59289 5.18132 5.50476 5.09534 6.88601 8.08847 7.5628
threshold=-1.0999999999999999 54.750000000000007 742.93043482500468 -3.2999999999999994 13.300000000000002 31.700000000000006 42.750000000000007 16.500000000000004 -10.07179487179487 1.0000000180025095e-35 72.736030880096919 12.637905713410452 928.75499833679601 20.700000000000006
decision_type=10 2 2 8 10 10 2 10 10 10 2 10 2 10
left_child=2 8 4 -4 -1 6 7 -6 -2 -10 -11 13 -13 -12
right_child=1 -3 3 -5 5 -7 -8 -9 9 10 11 12 -14 -15
leaf_value=0.010517691635600703 -0.0083643242559371805 -0.018418509952871438 0.0013976929450186686 0.013253501457269092 -0.009107690600684476 0.010662582007228517 -0.0094290672086065567 0.0067605064672875987 -0.0087870014968443599 0.0023048244933907458 -0.018195621091651629 0.0082648841364573612 -0.0089672737235004258 0.0015905795729731036
leaf_weight=26.981777742505074 88.215133175253868 17.316729441285133 210.87017102539539 71.308493569493294 33.255740597844124 19.744658648967743 107.36633016169071 56.427119761705399 62.584718406200409 356.75620919466019 41.709596708416939 55.55057393014431 36.27412523329258 26.499944448471069
leaf_count=109 358 70 852 288 134 80 434 228 253 1440 168 224 146 107
internal_value=-0.000575433 -0.00234856 0.00173393 0.00457233 -0.00157747 -0.00328598 -0.00491293 0.000706115 -0.00179789 -0.00073508 0.000314886 -0.00405661 0.00134601 -0.0109249
internal_weight=1210.86 684.907 525.954 282.179 243.776 216.794 197.049 89.6829 667.59 579.375 516.79 160.034 91.8247 68.2095
internal_count=4891 2766 2125 1140 985 876 796 362 2696 2338 2085 645 370 275
is_linear=0
shrinkage=0.03


Tree=94
num_leaves=15
num_cat=0
split_feature=11 39 39 39 1 39 13 26 7 22 22 13 11 25
split_gain=4.46462 4.97224 5.40515 4.96483 3.33398 2.82103 4.00681 5.5313 4.6492 3.02793 8.2722 5.60926 5.05801 7.76407
threshold=12.700000000000001 2395.8338446027533 2325.0267158114334 558.69389681433574 43.750000000000007 1782.34303976501 23.450000000000003 -6.7416666666666663 -0.66672041820248507 0.37980769230769235 0.20416666666666669 22.450000000000003 17.500000000000004 -3.7207792207792205
decision_type=8 2 2 2 2 2 10 10 2 8 10 10 10 8
left_child=3 2 5 -1 -3 9 7 -7 -9 10 11 -2 -11 -14
right_child=1 4 -4 -5 -6 6 -8 8 -10 12 -12 -13 13 -15
leaf_value=-0.0035957155389793024 -0.014534522923768514 0.017255033863243108 -0.015036048731081759 0.015687602629916836 4.6429065466364946e-05 -0.0050257318756228566 -0.0024053852854683663 0.0036497843713534915 0.022905658338874552 0.0050698970625200944 0.0061997945113909311 -0.00022923834656048684 -0.015605420831030229 -0.0019558745675458344
leaf_weight=16.498384118080139 28.763146132230759 18.577902927994728 18.291650995612144 27.724331513047218 17.815603703260422 16.318857103586197 47.021697029471397 24.292675495147705 20.55604350566864 78.108550801873207 156.09928521513939 92.20276702940464 35.127368092536926 622.08146077394485
leaf_count=67 116 75 74 113 72 66 190 98 83 316 630 373 142 2511
internal_value=6.68432e-06 -0.000362531 -0.000730661 0.008859 0.00985413 -0.000431391 0.00406412 0.00884341 0.0138878 -0.000929421 0.00172219 -0.00407264 -0.00193342 -0.00279775
internal_weight=1219.48 1175.26 1138.86 44.2227 36.3935 1120.57 108.189 61.1676 44.8487 1012.38 277.065 120.966 735.317 657.209
internal_count=4926 4746 4599 180 147 4525 437 247 181 4088 1119 489 2969 2653
is_linear=0
shrinkage=0.03


Tree=95
num_leaves=15
num_cat=0
split_feature=39 2 21 26 19 5 5 19 21 19 7 18 19 24
split_gain=4.11291 6.43608 5.06691 9.61849 7.99607 4.52811 6.50753 4.45253 4.37514 4.31431 4.04665 5.19902 4.2617 3.64691
threshold=1574.3840512640834 0.45210343386846236 17.870677404442834 5.0277777777777786 -0.54999999999999993 0.56472713305602551 0.60779805975371759 3.3500000000000001 17.395401398080217 1.9500000000000002 0.88545230177899159 -1.8374999999999997 1.1500000000000001 -0.26515151515151508
decision_type=2 2 10 10 10 2 2 10 8 10 2 10 10 8
left_child=2 13 8 4 -4 -3 -7 -6 -1 -5 11 -8 -12 -2
right_child=1 5 3 9 7 6 10 -9 -10 -11 12 -13 -14 -15
leaf_value=-0.00073142015914750853 -0.01148575526860888 0.013717690709066017 -0.024393471216970098 0.013656848746987532 0.0070115267456403486 -0.0099747447212405072 0.01231822581080862 -0.011536843465342042 0.0089421601234033442 -0.0050424142707711428 0.0016342778070324627 -0.0045686410619242982 0.023014630968561562 0.0021916383480689167
leaf_weight=836.58991029858589 28.870212867856026 48.947980359196663 28.246706038713455 18.074984952807426 16.343265697360039 22.794969901442528 20.806439355015755 21.491620793938637 39.296749338507652 17.595256507396698 15.081822082400324 40.400234997272491 16.556839525699615 33.647919967770576
leaf_count=3379 117 198 114 73 66 92 84 87 159 71 61 163 67 136
internal_value=-0.000154866 0.00343758 -0.00100264 -0.00717352 -0.0136039 0.00649932 0.00300204 -0.00364144 -0.000249121 0.00494703 0.00653495 0.0016686 0.0144367 -0.00450727
internal_weight=1204.74 227.106 977.638 101.752 66.0816 164.588 115.64 37.8349 875.887 35.6702 92.8453 61.2067 31.6387 62.5181
internal_count=4867 918 3949 411 267 665 467 153 3538 144 375 247 128 253
is_linear=0
shrinkage=0.03


Tree=96
num_leaves=15
num_cat=0
split_feature=24 19 19 18 20 16 13 27 9 20 20 13 41 22
split_gain=3.26176 6.75314 6.77299 7.03979 5.08416 4.21203 4.71084 4.40755 3.73514 5.78607 7.54021 7.93891 6.23164 6.62095
threshold=-0.49107142857142844 7.5500000000000007 2.2250000000000005 -0.94999999999999984 13.976368943663017 9.4500000000000011 23.700000000000006 13.500000000000002 2.5000000000000004 12.070394878724267 12.952048286646503 19.100000000000005 73.500000000000014 0.48529411764705888
decision_type=10 8 10 8 10 8 10 2 10 8 10 10 8 10
left_child=1 2 3 4 -1 8 7 -7 9 12 11 -11 -2 -14
right_child=5 -3 -4 -5 -6 6 -8 -9 -10 10 -12 -13 13 -15
leaf_value=0.01339986217185179 -0.0065857138495764864 0.0084833793216960735 -0.015354493932671277 -0.0080323702480322098 -0.0059150917725363161 -0.019042710948053373 0.0049869255289571607 7.3498903779439776e-05 0.0036637902570654636 0.023283745003001996 -9.6915863676930311e-05 0.0026927226801648947 0.016686798852538723 -0.0061996908028511613
leaf_weight=29.108689725399017 177.64457231760025 29.300638779997826 45.651104211807251 65.010733127593994 15.54337430000305 24.532895728945732 18.024091646075249 17.103361949324608 315.0841576308012 22.317645937204361 360.96928519010544 48.056398004293442 19.331400752067566 17.608248308300972
leaf_count=118 718 119 186 263 63 99 73 69 1271 90 1458 194 78 71
internal_value=-0.000148985 -0.00376318 -0.00626607 -0.00197812 0.00675774 0.000519891 -0.00689669 -0.0120242 0.00101363 -0.000297331 0.00170383 0.0103341 -0.00426714 0.00633885
internal_weight=1205.29 184.615 155.314 109.663 44.6521 1020.67 59.6603 41.6363 961.012 645.928 431.343 70.374 214.584 36.9396
internal_count=4870 749 630 444 181 4121 241 168 3880 2609 1742 284 867 149
is_linear=0
shrinkage=0.03


Tree=97
num_leaves=15
num_cat=0
split_feature=16 18 10 4 21 16 21 41 26 10 11 39 8 39
split_gain=3.76878 5.94716 8.58013 7.86525 5.68533 5.68192 5.33151 4.4233 6.4388 7.53314 5.87897 4.72272 8.61039 4.80293
threshold=-6.0499999999999989 -1.0499999999999998 9.9000000000000021 96.688064217183765 14.607646398279666 -5.5499999999999989 16.127616066858739 63.500000000000007 -7.9666666666666659 11.500000000000002 29.300000000000001 316.74183612110232 4.3000000000000016 170.30138792000687
decision_type=8 10 10 2 10 8 10 10 10 10 10 2 10 2
left_child=1 3 -3 -1 -5 -2 -4 8 -7 10 11 12 13 -10
right_child=5 2 6 4 -6 7 -8 -9 9 -11 -12 -13 -14 -15
leaf_value=-0.011117190096675909 -0.013147906309705621 0.016714279867942418 0.0062179669140545995 -0.0019875215584496588 0.018817519135957528 -0.011574733594318317 -0.012209519232371176 0.0023130052473864346 0.00058161140865508796 0.012831577739529315 -0.011792619804475562 0.0015982489251749198 0.009492733821636519 -0.016891024259845795
leaf_weight=36.347616165876389 23.514895886182785 55.748469039797783 38.892240345478058 26.252387523651123 15.322229817509649 47.526098027825356 15.842543885111807 526.76261031627655 19.763619258999825 30.416529461741447 40.219099014997482 273.78799898922443 19.072236016392708 42.196841821074486
leaf_count=147 95 225 157 106 62 193 64 2127 80 123 162 1107 77 171
internal_value=0.000784114 0.00462469 0.00895203 -0.00168073 0.00687712 5.7928e-05 0.000308749 0.000432424 -0.00166427 -0.000435626 -0.00160476 -0.00030214 -0.00644277 -0.0116905
internal_weight=1211.67 188.405 110.483 77.9222 41.5746 1023.26 54.7348 999.745 472.982 425.456 395.04 354.821 81.0327 61.9605
internal_count=4896 761 446 315 168 4135 221 4040 1913 1720 1597 1435 328 251
is_linear=0
shrinkage=0.03


Tree=98
num_leaves=15
num_cat=0
split_feature=11 39 19 27 12 16 19 43 41 24 39 7 37 26
split_gain=5.20872 5.46229 4.21061 4.9687 4.49049 5.5322 6.82163 4.43473 4.99351 4.9753 4.87777 5.07767 7.89541 5.12432
threshold=12.700000000000001 558.69389681433574 6.5500000000000007 3.5000000000000004 20.450000000000003 2.6500000000000008 8.3500000000000032 1.0000000180025095e-35 39.500000000000007 0.10000000000000007 2150.7635668778821 2.79560486189223 1.0000000180025095e-35 1.1291666666666669
decision_type=8 2 10 2 10 10 10 2 8 10 2 2 2 10
left_child=1 -1 7 -4 -5 -6 -7 8 9 -2 11 13 -13 -10
right_child=2 -3 3 4 5 6 -8 -9 10 -11 -12 12 -14 -15
leaf_value=-0.0029461605736348217 0.012874358309016299 0.01738711612423078 0.0060508761694892206 0.0072179083607858815 -0.013150784032409928 -0.013775497840811746 0.0064739377726892328 -0.0047985647414940371 -0.0035538292626516718 -0.00054003454480535805 0.0086227155777919857 0.0099918732288153192 -0.008763397006749973 0.0019071173765421951
leaf_weight=17.009021520614624 58.436834916472435 26.653324291110039 30.90376141667366 15.359189823269842 77.886225163936615 18.297752737998962 36.961543217301369 110.60544809699059 341.97132441401482 40.305738002061844 58.119569212198257 83.34633269906044 21.978961691260338 274.68591736257076
leaf_count=69 236 109 125 62 316 74 149 447 1381 163 235 337 89 1108
internal_value=0.000360418 0.00997728 -3.97849e-05 -0.00420317 -0.00646462 -0.0082471 -0.000817828 0.000732464 0.00145177 0.00763661 0.000625265 -7.34061e-05 0.00585829 -0.00112551
internal_weight=1212.52 43.6623 1168.86 179.408 148.505 133.146 55.2593 989.45 878.845 98.7426 780.102 721.983 105.325 616.657
internal_count=4900 178 4722 726 601 539 223 3996 3549 399 3150 2915 426 2489
is_linear=0
shrinkage=0.03


Tree=99
num_leaves=15
num_cat=0
split_feature=42 0 6 19 19 39 39 22 25 0 11 39 3 14
split_gain=3.683 4.90397 9.33191 7.118 6.12934 4.57522 4.51139 5.72801 5.80583 6.22188 14.5006 6.0048 4.27487 3.71661
threshold=11.500000000000002 -2.2499999999999996 1.0000000180025095e-35 -3.9499999999999997 -1.0000000180025095e-35 139.1184104972551 1782.34303976501 0.20416666666666669 -0.4142857142857142 4.7500000000000009 24.450000000000003 2216.6141122602658 0.024337164778670321 20.100000000000005
decision_type=10 2 2 8 10 2 2 8 10 2 10 2 2 8
left_child=5 -2 -3 -4 -5 -1 13 -8 11 -10 -11 -9 -6 -7
right_child=1 2 3 4 12 6 7 8 9 10 -12 -13 -14 -15
leaf_value=0.011147228308453704 -0.010646442582044642 0.01567504217589227 -0.015660882967976266 0.0098827488289345705 0.0063394296872149444 0.0021365999265397398 0.018561158490729011 0.0036765690670996268 0.015841287688605342 0.017350621469725339 -0.015842378107455958 -0.015725104011234729 -0.009367607488618734 -0.0020611070977384206
leaf_weight=30.981491595506668 58.994486227631569 21.257216095924377 29.363067448139191 33.078664645552635 17.901998072862625 286.22737583518028 18.95181268453598 28.697180941700935 34.897286966443062 16.544650837779045 21.330511018633842 21.037829682230949 48.867909580469131 541.07044877111912
leaf_count=125 240 86 119 134 73 1155 77 116 141 67 86 85 200 2183
internal_value=-0.000119796 -0.00368824 -0.000705472 -0.00388388 0.000161128 0.000642492 0.00025103 0.00510528 0.00237745 0.00756951 -0.00101049 -0.00521709 -0.00500806 -0.000604679
internal_weight=1209.2 209.463 150.469 129.212 99.8486 999.739 968.757 141.459 122.507 72.7724 37.8752 49.735 66.7699 827.298
internal_count=4887 852 612 526 407 4035 3910 572 495 294 153 201 273 3338
is_linear=0
shrinkage=0.03


Tree=100
num_leaves=15
num_cat=0
split_feature=42 18 12 22 5 27 21 41 42 42 41 11 2 41
split_gain=4.69032 7.12267 9.00072 7.87055 7.74656 6.5301 6.34801 7.45346 6.63083 5.70901 13.0329 7.37195 7.21481 6.09716
threshold=6.5000000000000009 3.5500000000000003 19.500000000000004 0.72474747474747481 0.734322527375877 6.5000000000000009 15.233005102226036 64.500000000000014 14.500000000000002 4.5000000000000009 47.500000000000007 22.675000000000004 0.80210294391015469 39.500000000000007
decision_type=8 8 10 10 2 2 10 10 8 10 10 10 2 10
left_child=9 2 3 -2 6 -3 -4 8 -8 12 13 -12 -1 -11
right_child=1 5 4 -5 -6 -7 7 -9 -10 10 11 -13 -14 -15
leaf_value=0.0011878453575912846 -0.0015409297265401973 0.011255020240475816 -0.0086523716897591672 0.016017329691548905 -0.020294417228436248 -0.0011028781788779863 0.015898944804902258 -0.0096799314133611362 -0.0054639381976910942 0.0042528182446274531 0.01779501314126801 0.0021862838871026962 -0.011314184769831832 -0.016316895205732096
leaf_weight=447.52748002111912 110.1801523566246 53.218756526708603 154.31208492815495 23.804135680198669 31.976938337087631 111.24382993578911 31.48617248237133 27.502209290862083 17.214677602052689 21.566587135195732 66.960102006793022 46.337335452437401 40.743302226066589 22.306083127856255
leaf_count=1805 445 215 627 96 131 450 127 111 70 87 271 187 164 90
internal_value=-7.73026e-05 -0.00207413 -0.00423656 0.00204254 -0.00741988 0.00311013 -0.005241 0.00177448 0.00854199 0.0016607 0.00653759 0.0117734 4.05142e-05 -0.00680478
internal_weight=1206.38 560.939 396.476 133.984 262.492 164.463 230.515 76.2031 48.7009 645.441 157.17 113.297 488.271 43.8727
internal_count=4876 2272 1607 541 1066 665 935 308 197 2604 635 458 1969 177
is_linear=0
shrinkage=0.03


Tree=101
num_leaves=15
num_cat=0
split_feature=43 11 4 9 7 7 41 22 9 39 39 22 7 12
split_gain=4.88895 8.93386 5.32648 5.19961 5.51069 6.36535 7.45949 7.59062 5.4297 6.45037 5.34709 5.15766 4.11128 3.83044
threshold=1.0000000180025095e-35 17.500000000000004 -93.449540177870276 5.9000000000000012 2.6586171124321072 -1.1750729915242843 41.500000000000007 0.30384615384615393 7.5000000000000009 1108.100257756289 988.56565458362479 0.44722222222222224 -2.4101419737553527 19.500000000000004
decision_type=2 8 2 10 2 2 8 10 10 2 2 8 2 10
left_child=3 2 -2 13 5 8 -7 -8 -5 11 -9 -10 -3 -1
right_child=1 12 -4 4 -6 6 7 10 9 -11 -12 -13 -14 -15
leaf_value=0.0024377185247585397 -0.0068784611618397523 0.0029217886659593283 0.011728563007117445 0.018642101566745079 0.014359202087032291 0.012694215894609407 0.0087216259244815349 -0.014641400953653409 -0.0034421037522933632 -0.0081936147644750424 0.001095875177085176 0.016366344537641984 -0.012812720294415233 -0.0017233232323680006
leaf_weight=336.94382393360138 17.716701954603195 16.344379305839539 32.889506801962852 27.265906408429146 40.753074079751968 21.5476463586092 23.401352390646935 52.048635050654411 15.849273175001143 23.783844351768494 28.470748648047447 29.009680077433586 75.419227629899979 471.65470677614212
leaf_count=1361 72 66 133 110 165 87 95 210 64 96 115 117 305 1909
internal_value=0.000513787 -0.00461351 0.00518168 0.00121381 0.00484259 0.00281223 -0.00163936 -0.00505768 0.0084285 0.00338125 -0.00933814 0.00972441 -0.010004 1.49123e-05
internal_weight=1213.1 142.37 50.6062 1070.73 262.13 221.377 125.468 103.921 95.9087 68.6428 80.5194 44.859 91.7636 808.599
internal_count=4905 576 205 4329 1059 894 507 420 387 277 325 181 371 3270
is_linear=0
shrinkage=0.03


Tree=102
num_leaves=15
num_cat=0
split_feature=12 21 21 16 16 18 11 16 21 15 21 15 15 1
split_gain=5.67042 5.50483 8.22774 8.43266 7.81914 6.99678 6.27306 5.59299 6.46424 5.2521 5.09584 5.46744 5.82523 5.00959
threshold=19.500000000000004 16.127616066858739 12.812319725707548 -9.4499999999999975 -2.2499999999999996 -1.1499999999999997 25.900000000000002 -6.1499999999999995 10.219806477837247 -4.9499999999999993 15.614985678704043 7.2500000000000009 3.2500000000000004 38.250000000000007
decision_type=8 8 10 10 10 10 10 10 10 10 8 10 10 2
left_child=1 2 5 -4 6 -1 9 -7 -9 -5 -2 12 -12 -3
right_child=10 13 3 4 -6 7 -8 8 -10 -11 11 -13 -14 -15
leaf_value=-0.0064959092505967138 -0.0027520619293588426 0.009301490827187316 -0.0052528013324178975 0.0060136542598399519 0.0030039911250570777 0.016454147525765628 0.0020865276707845819 0.010367259490687376 -0.0061366370105358971 0.029160112129353637 0.0031480207167095681 0.014684695328235053 -0.0089406642910493106 -0.0075702859788733274
leaf_weight=70.974157422780991 588.7551144361496 16.061355739831924 23.5174780189991 14.849514305591581 43.582483500242233 24.811448663473129 16.135422617197037 32.713056936860085 44.362220287322998 39.551414459943771 174.0856512337923 23.806692942976952 39.891324907541275 62.933553233742714
leaf_count=287 2383 65 95 60 176 100 65 132 179 160 704 96 161 254
internal_value=0.000144796 0.00310634 0.00489323 0.010227 0.0135036 0.00047826 0.0193628 0.00541307 0.00107295 0.02388 -0.00126107 0.0024113 0.000741663 -0.0037904
internal_weight=1216.03 389.492 310.497 137.636 114.119 172.861 70.5364 101.887 77.0753 54.4009 826.539 237.784 213.977 78.9949
internal_count=4917 1573 1254 556 461 698 285 411 311 220 3344 961 865 319
is_linear=0
shrinkage=0.03


Tree=103
num_leaves=15
num_cat=0
split_feature=11 9 2 19 39 41 25 9 22 7 7 20 2 6
split_gain=4.22311 5.11997 5.72469 4.49167 4.92569 4.88861 4.49149 4.87566 6.35465 5.83987 7.42978 5.97543 9.88734 7.35168
threshold=12.700000000000001 -1.0999999999999999 0.38540239681803684 -7.9499999999999993 2275.5466847730363 66.500000000000014 -9.4722222222222197 1.9000000000000001 0.28869047619047622 -1.3945065157995982 -0.60492105183082923 13.656500283747665 0.66419270475570069 -0.34301810625247975
decision_type=10 8 2 10 2 10 8 10 8 2 2 8 2 2
left_child=-1 2 -2 5 -5 -4 -3 -8 -9 11 -11 12 -10 -13
right_child=1 6 3 4 -6 -7 7 8 9 10 -12 13 -14 -15
leaf_value=0.0092110403966039669 0.014554831744744158 -0.0090980746049650844 -0.017915564828510092 0.0019583755258798801 0.014499733478715355 0.0029319190201767395 -0.0049827508836613457 0.010657329471440736 0.018513001037244351 -0.013524995292011054 -0.00041754433919526432 -0.010355810505689756 -0.0046285542032666665 0.0071715009783628438
leaf_weight=49.379391521215439 30.396413162350655 52.667774870991707 15.563399732112883 423.06106887757778 25.458979532122612 17.577895671129227 147.3274600058794 51.241993263363838 44.09432464838028 42.404113844037056 219.42947812378407 35.4840467274189 22.566444203257561 41.103634655475616
leaf_count=202 123 214 63 1710 103 71 596 207 178 171 886 143 91 166
internal_value=0.00103648 0.00065322 0.00288736 0.00200908 0.00282226 -0.00792339 -0.0010985 -0.00033154 0.00120787 -0.000102838 -0.00275396 0.00467241 0.0109026 -0.00108611
internal_weight=1217.76 1168.38 512.058 481.661 448.52 33.1413 656.319 603.651 456.324 405.082 261.834 143.248 66.6608 76.5877
internal_count=4924 4722 2070 1947 1813 134 2652 2438 1842 1635 1057 578 269 309
is_linear=0
shrinkage=0.03


Tree=104
num_leaves=15
num_cat=0
split_feature=21 3 3 14 2 25 25 39 1 10 25 41 20 25
split_gain=4.8993 5.82583 6.38441 5.79308 6.8989 11.7209 6.21445 7.85967 5.84599 5.74509 9.41836 5.82995 5.58535 6.5789
threshold=10.846914563854325 0.042854956491320213 0.021565927771991959 23.450000000000003 0.80210294391015469 5.6076923076923082 4.514705882352942 357.45334217460351 50.250000000000007 6.700000000000002 5.2182539682539693 23.500000000000004 15.854897595941067 -1.033333333333333
decision_type=10 2 2 10 2 10 8 2 2 10 8 10 8 10
left_child=9 2 -2 6 5 -5 7 -4 -8 11 -11 -1 -13 -14
right_child=1 -3 3 4 -6 -7 8 -9 -10 10 -12 12 13 -15
leaf_value=-0.0095636415737823024 0.0056414549690711703 0.010851647168544873 -0.011109704437137586 -6.2342436108527458e-05 -0.0093757428398609805 0.016414120197080578 -0.010922374711914621 0.00059597150071477383 0.0053265863720168873 -0.014933420636154365 0.0059356414427524564 0.010562321866119216 0.0078168871910978231 -0.012154895797265053
leaf_weight=15.446285322308539 98.666619032621384 31.429587140679359 59.807426393032074 246.22569653391838 46.486323401331902 41.130384042859077 148.89262838661671 251.59417071938515 19.842649281024933 30.655306741595268 38.573945671319962 139.56427663564682 29.16957750916481 21.278905183076859
leaf_count=63 399 127 242 996 188 166 601 1017 80 124 156 565 119 86
internal_value=0.000105087 -0.000923697 -0.00138613 -0.00226722 0.000763792 0.00253639 -0.00436086 -0.00179224 -0.00891325 0.00359421 -0.00368879 0.00607755 0.00756164 -0.000943536
internal_weight=1218.76 944.075 912.646 813.979 333.842 287.356 480.137 311.402 168.735 274.688 69.2293 205.459 190.013 50.4485
internal_count=4929 3816 3689 3290 1350 1162 1940 1259 681 1113 280 833 770 205
is_linear=0
shrinkage=0.03


Tree=105
num_leaves=15
num_cat=0
split_feature=2 2 1 1 11 7 17 39 13 24 4 7 19 11
split_gain=5.00971 8.16167 6.73027 6.81496 6.12527 5.56759 5.15895 4.60938 5.81793 6.05496 5.0691 5.19425 4.60261 4.50645
threshold=0.65752441840601406 0.63330898773655753 49.250000000000007 50.250000000000007 22.300000000000001 0.034288393531638046 0.89999999999999991 316.74183612110232 31.700000000000006 0.13333333333333341 -78.201655136328654 1.9861025970560739 3.1500000000000008 31.700000000000006
decision_type=2 2 2 2 10 2 8 2 10 8 2 2 8 8
left_child=1 2 7 -4 -3 12 -7 10 9 -9 -1 -12 -5 -2
right_child=13 4 3 5 -6 6 -8 8 -10 -11 11 -13 -14 -15
leaf_value=0.005093716617806345 -0.0039290959929060131 0.00073613301682336066 -0.019562987037105229 0.016364554110691834 0.019795590407268915 -0.016505292741533468 0.0041451255730056997 0.0049555465000014915 -0.0099702551070507336 -0.0038551274210852789 -0.013699097065661296 0.0013842608046785777 -0.0043906050220005027 0.005522661908147472
leaf_weight=35.100943371653557 393.15631571412086 27.389329850673676 23.248454734683037 15.622585415840147 30.185393780469894 23.698521018028259 14.858824431896208 390.42130097746849 26.370711743831635 81.45087693631649 48.214561298489571 32.094547137618065 14.876847416162493 46.825013935565948
leaf_count=142 1590 111 94 63 122 96 60 1579 107 330 195 130 60 189
internal_value=-0.000340505 0.0011277 0.000205806 -0.0071299 0.011512 -0.001906 -0.00898494 0.00135794 0.00261002 0.00341024 -0.0039314 -0.00794338 0.00704823 -0.00287244
internal_weight=1203.51 763.533 705.958 92.3052 57.5747 69.0568 38.5573 613.653 498.243 471.872 115.41 80.3091 30.4994 439.981
internal_count=4868 3089 2856 373 233 279 156 2483 2016 1909 467 325 123 1779
is_linear=0
shrinkage=0.03


Tree=106
num_leaves=15
num_cat=0
split_feature=17 41 15 17 41 15 4 13 15 24 15 15 24 3
split_gain=5.12504 4.03455 8.93143 6.28345 5.47013 5.33202 5.8691 6.46959 5.54439 5.89929 5.31924 5.51821 7.53506 7.45266
threshold=-16.449999999999996 67.500000000000014 2.3500000000000001 4.6500000000000012 30.500000000000004 0.15000000000000005 213.18066838271525 18.450000000000003 1.0500000000000003 -0.45048701298701294 1.4500000000000002 4.7500000000000009 0.03229166666666667 0.025576229341483406
decision_type=8 10 8 8 8 10 2 8 10 10 10 10 10 2
left_child=-1 4 3 -3 -2 6 7 -6 -7 -10 -11 12 -12 -13
right_child=1 2 -4 -5 5 8 -8 -9 9 10 11 13 -14 -15
leaf_value=-0.011886211572787105 0.0071926526951366365 0.0028312468826887606 -0.0032616279683536256 0.01365443351472947 0.011618684674835036 0.010824405940131506 -0.016942982696374169 -0.0051154695747273361 -0.017021739845873511 -0.014085308944807869 0.014897566176569231 -0.0071202979889368641 -0.0011969912299636923 0.0089232001196380487
leaf_weight=28.757105365395546 52.200347661972046 308.62665331363678 197.93696385622025 53.302090093493462 18.029713556170464 34.437861636281013 30.323438540101051 238.1995026320219 14.724573180079458 16.832882702350616 45.097406536340714 90.296551689505577 53.404696390032768 31.147787317633629
leaf_count=117 211 1247 799 215 73 139 124 966 60 68 182 365 216 126
internal_value=-0.000360024 -3.14231e-05 0.00180951 0.00458955 -0.00168258 -0.0025471 -0.00540207 -0.00373811 0.000357651 -0.0012586 5.33988e-05 0.00142449 0.00653532 -0.00281536
internal_weight=1213.32 1184.56 559.866 361.929 624.695 572.494 286.553 256.229 285.942 251.504 236.779 219.946 98.5021 121.444
internal_count=4908 4791 2261 1462 2530 2319 1163 1039 1156 1017 957 889 398 491
is_linear=0
shrinkage=0.03


Tree=107
num_leaves=15
num_cat=0
split_feature=42 19 19 1 26 26 19 7 11 15 20 9 15 11
split_gain=5.14872 5.41334 8.89676 4.9573 6.07585 5.04157 4.73999 4.62626 6.05005 4.42256 4.19939 6.48895 5.70298 5.95404
threshold=9.5000000000000018 1.6500000000000001 -2.6124999999999994 37.750000000000007 5.9705882352941186 -1.7596153846153844 10.750000000000002 0.68813700335316341 24.900000000000002 -0.24999999999999997 16.786237697150508 -5.8999999999999995 7.0500000000000007 31.500000000000004
decision_type=10 8 10 2 10 8 10 2 10 10 8 10 10 10
left_child=3 2 -2 4 5 9 -3 8 -4 -1 12 -12 -5 -14
right_child=1 6 7 10 -6 -7 -8 -9 -10 -11 11 -13 13 -15
leaf_value=-0.0065064858157131136 -0.0061528827222995268 -0.0099624026736040549 0.018471768086331587 0.0023896536830895049 -0.0075874100085057718 0.019182909029170997 0.0051552406722276678 -0.0024232350513744786 -0.0017089980545619058 0.012784930286888575 0.0061651705729881962 -0.0075998897977453172 -0.010905144595017369 0.0077163816101635746
leaf_weight=18.29617378115654 90.090356975793839 115.4899645447731 35.317614063620567 603.11269624531269 14.765923857688902 33.233847051858902 18.8769571185112 28.635955661535263 18.82146093249321 15.079919055104254 37.624391779303551 111.98600099980831 54.733007401227951 16.838194236159325
leaf_count=74 365 472 143 2436 60 135 77 116 76 61 152 452 221 68
internal_value=-5.93736e-06 -0.00333034 0.000210491 0.0011339 0.00797223 0.0117104 -0.0077298 0.00709221 0.0119046 0.00273983 0.00041481 -0.00405079 0.00142757 -0.00630636
internal_weight=1212.9 307.232 172.865 905.67 81.3759 66.6099 134.367 82.775 54.1391 33.3761 824.294 149.61 674.684 71.5712
internal_count=4908 1249 700 3659 330 270 549 335 219 135 3329 604 2725 289
is_linear=0
shrinkage=0.03


Tree=108
num_leaves=15
num_cat=0
split_feature=42 15 8 4 4 19 20 7 8 3 25 21 20 16
split_gain=5.15773 6.12359 6.01263 10.948 9.41193 5.51036 8.98454 6.5651 5.77424 8.47649 5.81206 5.02903 9.2559 7.401
threshold=6.5000000000000009 0.95000000000000007 6.3000000000000016 103.79813955744841 170.67572801395741 1.0000000180025095e-35 9.4354530114319974 -3.4525327647381521 -2.6999999999999997 0.0245353880040905 0.34523809523809529 11.418551842181508 11.596455357553525 3.0500000000000003
decision_type=8 10 10 2 2 8 8 2 10 2 8 8 8 10
left_child=1 5 -3 -4 -5 -1 -7 -8 10 -10 -9 13 -13 -2
right_child=11 2 3 4 -6 6 7 8 9 -11 -12 12 -14 -15
leaf_value=0.0079836937966503724 -0.010302088860780701 -0.0056465490825464027 0.014604080474564558 -0.016125906392696902 0.0041879827412096603 0.018120723560165291 0.01276644834847288 -0.0029084014986406133 0.0036348269783642814 -0.019106871070257003 0.014144174394739965 -0.0070269557630278246 0.0026692057730199887 0.0042325483020242494
leaf_weight=181.34961673617363 115.41103205084801 145.04881419241428 42.814729243516922 27.538297355175018 51.602607235312462 18.610573545098305 20.067757248878479 80.822360798716545 21.093158856034279 35.249644756317139 17.771490260958672 122.56437309086323 285.17515151202679 39.557052567601204
leaf_count=734 470 585 173 111 208 75 81 327 85 142 72 498 1155 160
internal_value=1.94504e-05 0.00185059 -0.00160522 0.00323445 -0.00341877 0.00430014 0.000735817 -0.00156494 -0.00376226 -0.0109907 0.000699637 -0.00206752 -0.000295227 -0.00657566
internal_weight=1204.68 641.969 267.004 121.956 79.1409 374.965 193.615 175.004 154.937 56.3428 98.5939 562.708 407.74 154.968
internal_count=4876 2593 1077 492 319 1516 782 707 626 227 399 2283 1653 630
is_linear=0
shrinkage=0.03


Tree=109
num_leaves=15
num_cat=0
split_feature=4 9 41 24 11 21 23 12 23 21 42 3 18 41
split_gain=5.92408 5.62725 5.23621 7.89759 7.28611 5.1274 5.12119 6.07766 4.97747 6.04437 8.26122 5.20052 4.93878 4.68253
threshold=127.25942518065291 0.90000000000000013 71.500000000000014 -0.69139194139194127 13.700000000000001 11.500724614852183 0.67156862745098056 25.700000000000006 0.25833333333333336 11.418551842181508 9.5000000000000018 0.024987512487512412 1.5500000000000003 76.500000000000014
decision_type=2 10 8 8 10 10 10 8 8 8 8 2 10 8
left_child=2 8 3 -1 -4 -3 7 -6 13 11 -11 -10 -8 -2
right_child=1 5 4 -5 6 -7 12 -9 9 10 -12 -13 -14 -15
leaf_value=0.016076497744969647 -0.0027710820627290227 0.0080436968983206049 0.0097502654967874091 -0.00078881114381005235 -0.0075388756067042611 -0.0082269173425063308 -0.0055240444504127016 0.0087339341668414231 -0.0076717396109782648 0.016339383971444691 -0.00044355457419676514 0.011385481129177829 -0.025504248750369728 0.012343609455243829
leaf_weight=20.973821520805359 91.559380710124969 19.730288878083229 19.572859361767769 654.31353637576103 92.636320665478706 57.144672006368637 26.244706064462662 21.718504220247269 31.091144695878029 88.150779262185097 36.473161414265633 15.072535350918768 20.423888176679611 17.803808599710464
leaf_count=85 371 80 80 2648 375 231 106 88 126 356 148 61 83 72
internal_value=-2.44542e-05 0.00319551 -0.0013784 -0.00015068 -0.00584135 -0.00381479 -0.00797312 -0.0042119 0.00515233 0.00827865 0.0115999 -0.000944936 -0.01589 0.000121607
internal_weight=1212.91 357.026 855.884 675.287 180.596 76.875 161.023 114.355 280.151 170.788 124.624 46.1637 46.6686 109.363
internal_count=4910 1445 3465 2733 732 311 652 463 1134 691 504 187 189 443
is_linear=0
shrinkage=0.03


Tree=110
num_leaves=15
num_cat=0
split_feature=25 7 7 11 0 28 27 26 41 26 0 10 24 7
split_gain=5.17416 4.95092 4.07609 4.24587 6.48124 5.03121 6.7949 6.12192 5.73979 5.46481 4.60021 4.20662 3.95685 6.40808
threshold=15.531250000000002 -6.7698326543832028 -5.4406394881878617 31.900000000000002 13.250000000000002 6.5000000000000009 9.5000000000000018 -3.8708333333333331 44.500000000000007 -1.9666666666666666 8.7500000000000018 7.6750000000000016 0.23431372549019611 -1.6970029721814808
decision_type=10 2 2 10 2 2 2 10 8 10 2 10 10 2
left_child=1 -1 -3 4 5 6 7 -4 -8 -10 11 -5 -7 -14
right_child=-2 2 3 10 -6 12 8 -9 9 -11 -12 -13 13 -15
leaf_value=-0.011480248568856367 -0.01230609760059348 0.012127196900867786 -0.0014717057247691566 0.01024636865458492 -0.013853402104147006 -0.0014167777051695752 0.010408430842218114 0.019219487080051705 0.0070667481084418331 -0.01018617689063255 0.018345087378547151 -0.0088264537821061625 -0.0068951421258623708 0.0066019640149290364
leaf_weight=26.007516205310822 24.774200439453125 22.281249508261681 17.340174809098244 15.847564756870272 24.663783743977547 750.57493637502193 28.956528499722481 38.384620726108551 20.559081673622131 44.518356487154961 19.105774611234665 15.814592868089674 36.601317897439003 133.6847480237484
leaf_count=105 100 90 70 64 100 3041 117 155 83 180 77 64 148 541
internal_value=4.77928e-05 0.000354285 0.000665525 0.000390979 -2.0066e-05 0.000361527 0.00536708 0.0131899 0.000299403 -0.00462036 0.00846571 0.000815358 -0.000477109 0.00358696
internal_weight=1219.11 1194.34 1168.33 1146.05 1095.28 1070.62 149.759 55.7248 94.034 65.0774 50.7679 31.6622 920.861 170.286
internal_count=4935 4835 4730 4640 4435 4335 605 225 380 263 205 128 3730 689
is_linear=0
shrinkage=0.03


Tree=111
num_leaves=15
num_cat=0
split_feature=17 8 39 8 18 13 26 5 12 15 41 39 8 24
split_gain=3.62664 3.17631 4.92327 4.97014 5.94016 4.4098 4.08248 5.87268 8.40154 5.54948 5.47888 5.16063 5.73535 5.15844
threshold=-16.449999999999996 -10.299999999999999 536.55773574296654 -11.699999999999998 4.2250000000000005 27.500000000000004 -4.0357142857142847 0.59217512084450796 22.500000000000004 -3.3499999999999992 67.500000000000014 641.11064643597103 4.1000000000000005 0.46818181818181831
decision_type=8 8 2 10 10 8 10 2 8 8 10 2 10 8
left_child=-1 2 5 4 -4 -2 7 9 11 -3 -11 12 -9 -8
right_child=1 6 3 -5 -6 -7 13 8 -10 10 -12 -13 -14 -15
leaf_value=-0.010147946192138766 -0.013577374032338099 -0.021032851576081164 0.010483014518482036 0.019392203410474405 -0.0088430958537533966 0.0053728395529633842 0.0003126574178132736 0.0083116902562196289 0.011993373548751607 -0.014850635559944677 0.0019797223710284113 -0.0066676134492126638 -0.0067731096070732444 0.012241109026290033
leaf_weight=26.827429294586182 16.210182726383209 22.198564350605011 31.861490979790688 22.715653881430626 18.733121246099472 18.942294001579285 710.77911452949047 54.15723392367363 34.967535793781281 22.906033888459206 43.651653006672859 128.67360247671604 32.172166183590889 29.215017557144165
leaf_count=109 66 90 130 92 76 77 2874 219 142 93 177 521 130 118
internal_value=-0.000154116 0.000113333 0.00488859 0.00911774 0.00317558 -0.00396838 -0.000387146 -0.00309019 -0.000674638 -0.0094945 -0.00444544 -0.00296068 0.00262703 0.000862589
internal_weight=1214.01 1187.18 108.463 73.3103 50.5946 35.1525 1078.72 338.727 249.971 88.7563 66.5577 215.003 86.3294 739.994
internal_count=4914 4805 441 298 206 143 4364 1372 1012 360 270 870 349 2992
is_linear=0
shrinkage=0.03


Tree=112
num_leaves=15
num_cat=0
split_feature=11 11 41 12 17 25 25 11 41 41 4 24 41 24
split_gain=5.03679 4.11951 3.81367 6.50815 6.24597 4.46541 7.89498 4.34458 4.9717 6.39372 4.31162 4.67446 5.56313 7.93918
threshold=33.70000000000001 11.900000000000002 63.500000000000007 31.900000000000002 -7.8499999999999988 1.1483516483516485 2.5166666666666671 15.300000000000002 25.500000000000004 36.500000000000007 -140.79172211430634 -0.071428571428571466 52.500000000000007 -0.28348214285714279
decision_type=8 10 10 10 10 10 10 10 8 8 2 10 8 8
left_child=1 -1 3 4 -3 -4 -7 -6 -9 -10 -11 12 -12 -14
right_child=-2 2 5 -5 7 6 -8 8 9 10 11 -13 13 -15
leaf_value=0.0096969524819856597 0.010054839243712683 -0.010823218068894854 0.0030910791576727837 0.010993163984942727 -0.012185888030699149 -0.013632927015339351 0.00042350700918845614 0.011743180628508154 -0.010703131718421308 0.013029814988488111 0.0022839227429412093 0.0014865712571917899 0.0031774206521587149 -0.019750113931043575
leaf_weight=31.664924800395966 39.69999161362648 75.763719260692596 378.85883370041847 26.181332632899284 27.902924358844757 38.867707803845406 198.01724356412888 21.536580562591553 54.808563113212585 16.303429961204529 37.844880372285843 218.22385516762733 18.681581363081932 35.165442004799843
leaf_count=130 161 308 1532 106 113 157 799 87 222 66 153 884 76 143
internal_value=0.00016978 -0.000203872 -0.000517787 -0.00236608 -0.00315776 0.00108655 -0.00211698 -0.00169983 -0.000832429 -0.00168613 -3.24661e-05 -0.000915588 -0.00641389 -0.0122016
internal_weight=1219.52 1179.82 1148.16 532.412 506.231 615.744 236.885 430.467 402.564 381.028 326.219 309.916 91.6919 53.847
internal_count=4937 4776 4646 2158 2052 2488 956 1744 1631 1544 1322 1256 372 219
is_linear=0
shrinkage=0.03


Tree=113
num_leaves=15
num_cat=0
split_feature=28 19 21 8 17 17 21 19 20 18 39 21 15 39
split_gain=3.843 5.25391 5.45025 5.16615 4.28579 6.75948 5.74418 5.97605 5.67864 6.35009 5.69904 5.81098 9.35149 5.62876
threshold=6.5000000000000009 -5.6499999999999995 9.3941470721451914 7.9000000000000012 -2.7999999999999989 -1.1999999999999993 17.343746835636257 -7.4499999999999993 17.020412405448347 0.95000000000000007 224.60148049757098 12.68244631151437 -5.5499999999999989 455.91675811048293
decision_type=2 8 8 8 8 10 8 10 8 10 2 10 10 2
left_child=1 -1 -3 -4 6 -6 7 -2 10 -10 -9 -12 -13 -14
right_child=4 2 3 -5 5 -7 -8 8 9 -11 11 12 13 -15
leaf_value=-0.008432211715852499 0.0079843686600477807 -0.0081210952657763923 0.011238754991776916 -0.0037536917428005975 0.0088004164947323993 -0.00031125496667037587 0.0043992536869039136 -0.017803207723874094 -0.024587517306264323 -0.0034519267870717547 0.0026648903893813306 0.005451873981031855 0.0032947387515057077 -0.015826510084993351
leaf_weight=20.998033985495567 25.614595890045166 16.583635449409485 103.05039249360561 22.974575504660606 78.664055183529854 587.76447559893131 70.415715634822845 19.381617188453674 23.940334334969521 26.355831891298294 104.38562507927418 35.462130889296532 15.299462392926214 66.224108204245567
leaf_count=85 104 67 416 93 319 2378 285 79 97 107 424 144 62 268
internal_value=3.33001e-05 0.00423969 0.00632796 0.00846666 -0.000636881 0.000821797 -0.00312672 -0.00484262 -0.00608728 -0.0148258 -0.0039972 -0.00242192 -0.00688403 -0.012255
internal_weight=1217.11 163.607 142.609 126.025 1053.51 666.429 387.079 316.664 291.049 50.2962 240.753 221.371 116.986 81.5236
internal_count=4928 661 576 509 4267 2697 1570 1285 1181 204 977 898 474 330
is_linear=0
shrinkage=0.03


Tree=114
num_leaves=15
num_cat=0
split_feature=7 17 1 28 42 1 42 11 15 15 12 7 17 27
split_gain=3.66788 5.78772 7.61655 6.93639 5.01677 7.26953 5.59679 6.32531 5.06864 5.02977 8.07936 6.95082 5.88432 5.4307
threshold=-0.068744881055099669 10.250000000000002 47.750000000000007 6.5000000000000009 2.5000000000000004 45.250000000000007 6.5000000000000009 24.675000000000004 1.2500000000000002 1.0000000180025095e-35 19.500000000000004 -2.6133545634180013 2.6000000000000014 9.5000000000000018
decision_type=2 8 2 2 10 2 10 10 10 10 10 2 10 2
left_child=4 2 -2 -4 5 -1 7 8 -6 12 -11 -12 13 -8
right_child=1 -3 3 -5 6 -7 9 -9 -10 10 11 -13 -14 -15
leaf_value=-0.0073290131946369 0.0010997808707767984 -0.010106220728737162 0.0074136852794281886 -0.010985880166177849 0.016971091184036911 0.0031301028839265657 0.0058332825386766549 -0.00087497191636581807 0.00010568110203856975 0.014955386649419027 -0.0099017034637478261 0.0061038309934332048 -0.017044128205882962 -0.0067781552625475004
leaf_weight=114.08977973461151 406.37104173004627 63.568913251161575 19.076869755983353 91.337184175848961 63.47067004442215 115.94803103804588 57.451625287532806 43.127758920192719 21.025235503911972 42.366452187299728 35.572803035378456 56.345070585608482 18.036093935370445 55.518870815634727
leaf_count=461 1647 258 77 370 257 468 233 174 85 171 144 228 73 226
internal_value=-0.000206428 -0.00191406 -0.000819173 -0.00762343 0.00138701 -0.00210277 0.00343091 0.00846502 0.0130148 0.000897349 0.00488988 -0.000281681 -0.00322439 -0.000389151
internal_weight=1203.31 580.354 516.785 110.414 622.952 230.038 392.915 127.624 84.4959 265.291 134.284 91.9179 131.007 112.97
internal_count=4872 2352 2094 447 2520 929 1591 516 342 1075 543 372 532 459
is_linear=0
shrinkage=0.03


Tree=115
num_leaves=15
num_cat=0
split_feature=19 4 4 14 20 20 43 20 18 18 16 3 4 1
split_gain=4.20874 6.59104 5.70835 6.21448 6.5418 4.42674 4.49071 5.41333 6.49063 5.6842 5.63696 5.62203 8.25463 5.34532
threshold=1.6500000000000001 -58.106420865236139 -80.502387758094969 26.100000000000005 10.511898020814311 8.0846218247137376 1.0000000180025095e-35 13.976368943663017 10.550000000000002 5.8500000000000005 -5.9499999999999993 0.023818348688622985 -8.5754526563119935 40.250000000000007
decision_type=8 2 2 10 8 10 2 10 10 10 10 2 2 2
left_child=5 2 3 4 -2 -1 7 8 11 10 -9 12 -7 -8
right_child=1 -3 -4 -5 -6 6 13 9 -10 -11 -12 -13 -14 -15
leaf_value=-0.0080362503272522964 0.0071572324796102503 -0.0003015657386476894 -0.021586238095947008 0.0088566826903731227 -0.013327309773014424 0.011672718053440377 0.0053590244225083846 0.0082712040152674252 -0.010927438382053846 0.0084175333648335831 -0.0044003723092440918 0.0082046872884800823 -0.013000922308798958 -0.009766228116814591
leaf_weight=36.889499813318253 14.82320526242256 397.63218811154366 19.171607807278633 19.25756148993969 54.873198747634888 15.588291466236113 29.116536840796471 33.150737941265106 15.84062874317169 50.292299419641495 184.62566789984703 260.80272303521633 25.480169340968132 52.591090500354767
leaf_count=149 60 1613 78 78 223 63 118 134 64 203 747 1055 103 213
internal_value=-4.68874e-05 -0.00212316 -0.00851268 -0.00469621 -0.00878315 0.00144838 0.00202841 0.00295152 0.00556888 -0.000195724 -0.00232911 0.00659847 -0.00338516 -0.00437812
internal_weight=1210.14 505.758 108.126 88.954 69.6964 704.378 667.488 585.781 317.712 268.069 217.776 301.871 41.0685 81.7076
internal_count=4901 2052 439 361 283 2849 2700 2369 1285 1084 881 1221 166 331
is_linear=0
shrinkage=0.03


Tree=116
num_leaves=15
num_cat=0
split_feature=26 2 41 20 21 22 20 24 25 15 15 11 11 3
split_gain=5.86035 6.05736 5.2723 4.49511 7.05624 7.84422 5.88091 6.0112 4.86159 4.7997 9.00584 7.74727 6.57443 6.88841
threshold=-17.833333333333332 0.68677123030060849 78.500000000000014 12.070394878724267 17.043245641108047 0.35357142857142859 12.568921075267193 -0.49107142857142844 -12.049999999999999 -0.44999999999999996 0.65000000000000002 14.700000000000001 22.100000000000005 0.024076494918132133
decision_type=10 2 10 10 10 10 10 10 10 10 10 8 10 2
left_child=1 2 -1 4 9 -6 -5 -8 -9 11 -11 -2 -12 -14
right_child=3 -3 -4 6 5 -7 7 8 -10 10 12 -13 13 -15
leaf_value=-0.017533226402751984 0.0098160471475443739 0.0039109530868363879 0.0022392601126018361 0.010608627425131356 0.0036787418089622185 -0.017938316516347086 -0.0074092712907774822 0.013360394960337705 0.0014732723155959282 0.017076493062130112 0.0090031676488853199 -0.0068382199356069014 -0.01924928740492313 -0.00036137900154066419
leaf_weight=41.876320540904999 26.1489237844944 26.853696495294571 14.972992256283758 61.042973771691322 20.516315281391144 40.028558656573296 60.970947802066803 27.915897458791733 567.08485278487206 29.171334847807884 45.515441104769707 132.67960298061371 16.616561904549599 89.646789163351059
leaf_count=171 107 109 61 247 83 162 248 113 2295 118 184 538 67 362
internal_value=6.65572e-05 -0.00735702 -0.0125655 0.000652977 -0.00187893 -0.0108913 0.00206981 0.00120097 0.00213767 -0.000138365 0.00316224 -0.00388042 2.86532e-05 -0.00404722
internal_weight=1201.04 83.703 56.8493 1117.34 400.324 60.5449 717.015 655.972 595.001 339.779 180.95 158.829 151.779 106.263
internal_count=4865 341 232 4524 1621 245 2903 2656 2408 1376 731 645 613 429
is_linear=0
shrinkage=0.03


Tree=117
num_leaves=15
num_cat=0
split_feature=12 12 17 19 15 42 15 9 24 17 25 22 4 24
split_gain=6.70314 3.41176 3.35134 5.73679 6.50391 8.95413 8.45832 6.29791 5.7077 5.40498 12.7636 8.06459 5.12222 5.07178
threshold=35.70000000000001 33.100000000000009 -2.7999999999999989 7.7500000000000009 -1.8499999999999999 6.5000000000000009 -2.9499999999999997 6.3000000000000016 0.060661764705882366 -4.2499999999999982 -3.6515151515151509 0.63961038961038974 39.249013337968456 0.060661764705882366
decision_type=10 10 10 10 10 8 10 10 10 10 8 10 2 10
left_child=1 2 9 4 5 -4 -7 -6 12 -1 -11 -12 -5 -9
right_child=-2 -3 3 8 7 6 -8 13 -10 10 11 -13 -14 -15
leaf_value=-6.7181933995243891e-05 -0.016985030248861499 0.01076634947871568 0.015039112128356751 -0.0062740162979902994 -0.00030293416471208277 -0.0072255964499462148 0.014126138086344643 0.013932278219823981 -0.012867892491226255 0.0068204620711007991 -0.024260798648780835 0.00070827231102336019 0.013629213905616441 -0.0036806343804532955
leaf_weight=348.84861534833908 14.732094302773474 24.247115507721901 73.082175105810165 22.230909079313278 462.92969033122063 44.622468918561935 20.166245087981224 48.504433736205101 41.452106595039368 28.398878827691078 34.6133943349123 16.094120740890503 15.547824859619139 17.843251913785934
leaf_count=1416 60 98 296 90 1872 181 82 196 169 115 141 65 63 72
internal_value=0.000361117 0.000643998 0.000390237 0.00160014 0.00251558 0.00819787 -4.37045e-05 0.000972546 -0.00579998 -0.00171401 -0.00854057 -0.0169836 0.00255275 0.00926955
internal_weight=1213.31 1198.58 1174.33 746.379 667.148 137.871 64.7887 529.277 79.2308 427.955 79.1064 50.7075 37.7787 66.3477
internal_count=4916 4856 4758 3021 2699 559 263 2140 322 1737 321 206 153 268
is_linear=0
shrinkage=0.03


Tree=118
num_leaves=15
num_cat=0
split_feature=17 19 42 25 20 17 0 7 23 19 14 20 21 20
split_gain=3.70935 5.96394 5.49869 5.61611 6.91203 6.83933 6.44056 8.22446 6.8595 7.52529 6.56779 6.10507 4.58151 4.55605
threshold=-2.7999999999999989 8.3500000000000032 14.500000000000002 3.1483516483516487 11.370527203647539 -11.149999999999997 2.7500000000000004 -0.32566340677753008 0.60357142857142865 1.3500000000000003 21.300000000000001 15.470760952339889 11.719878611007172 14.010511891495279
decision_type=10 10 10 10 10 8 2 2 8 10 10 10 10 10
left_child=1 2 3 4 5 -1 7 13 10 -10 -9 -8 -5 -6
right_child=-2 -3 -4 12 6 -7 11 8 9 -11 -12 -13 -14 -15
leaf_value=0.0073371002829881564 0.0014469621072964775 0.0073077514499655591 -0.01405307658909211 0.0039124952712256827 0.000986371664941682 -0.01097868969776639 0.017595019392840815 -0.014358641587384393 0.01910189545099451 -0.003351211446666225 0.007111742849534728 -0.00025172209247584037 -0.013345973468038428 -0.017893397628165032
leaf_weight=20.222334459424019 758.3914470076561 50.156229183077812 33.38712976872921 15.622384145855902 17.51995787024498 72.068427994847298 36.733890175819397 22.244957700371742 31.70584063231945 19.126550689339638 19.951580554246902 29.169082567095757 53.478425890207291 25.934942603111267
leaf_count=82 3069 203 137 63 71 293 149 90 129 78 81 118 216 105
internal_value=0.00017207 -0.00198149 -0.00323086 -0.00206054 -0.000200601 -0.0067946 0.00289766 -0.000881879 0.00414721 0.01111 -0.00452896 0.0102352 -0.00944344 -0.0109652
internal_weight=1205.71 447.322 397.166 363.778 294.678 92.2908 202.387 136.484 93.0289 50.8324 42.1965 65.903 69.1008 43.4549
internal_count=4884 1815 1612 1475 1196 375 821 554 378 207 171 267 279 176
is_linear=0
shrinkage=0.03


Tree=119
num_leaves=15
num_cat=0
split_feature=25 13 13 10 3 10 12 20 3 12 20 19 41 25
split_gain=5.20991 7.43699 5.88643 5.38446 7.9317 6.47982 5.95578 5.56411 5.04009 4.99762 4.96947 5.89576 7.51778 8.03079
threshold=-6.1909090909090905 29.700000000000006 24.450000000000003 0.7999999999999996 0.024884016090660047 -1.3666666666666663 26.900000000000002 10.203484720366442 0.02392390285857882 23.633333333333336 11.226456803184915 1.0500000000000003 64.500000000000014 -0.11805555555555554
decision_type=8 10 8 8 2 10 10 10 2 10 10 10 10 10
left_child=1 2 8 4 5 10 7 -6 -1 -10 -2 -12 13 -13
right_child=3 -3 -4 -5 6 -7 -8 -9 9 -11 11 12 -14 -15
leaf_value=0.005571900060532306 -0.0031201751491128165 -0.01333585871409 0.0040729346803636199 -0.0011910190754995911 0.0072223074067093648 0.015636851000905366 0.0046269463005439064 -0.010459185502931984 -0.016759454759782341 0.0010803370775754346 0.010881669292974634 0.020540244168794852 -0.0081339609252431572 -0.00364550964734313
leaf_weight=18.920363575220108 63.791636094450951 53.992935508489609 92.535070404410362 527.12768390774727 16.301384478807449 47.983127400279045 62.443346440792084 73.910671666264534 38.0634925365448 20.178470000624657 105.88788519799709 19.932241633534431 42.247831970453262 21.976679936051369
leaf_count=77 258 220 376 2134 66 194 253 299 154 82 429 81 171 89
internal_value=-7.76403e-05 -0.00415717 -0.000938672 0.000868372 0.00324395 0.00602945 -0.00227991 -0.00705264 -0.00683084 -0.0109819 0.00394636 0.00633754 0.000330413 0.00882072
internal_weight=1205.29 223.69 169.697 981.602 454.475 301.819 152.655 90.2121 77.1623 58.242 253.836 190.045 84.1568 41.9089
internal_count=4883 909 689 3974 1840 1222 618 365 313 236 1028 770 341 170
is_linear=0
shrinkage=0.03


Tree=120
num_leaves=15
num_cat=0
split_feature=21 39 14 7 21 33 25 12 19 39 16 25 10 16
split_gain=6.78627 5.6816 4.32665 3.8399 3.48275 2.93851 5.18542 4.64707 4.53412 4.10571 3.96965 4.87238 6.78622 5.04473
threshold=9.0191155023341754 1553.654086421793 17.300000000000001 2.60125131486318 9.3941470721451914 1.0000000180025095e-35 -14.316666666666665 35.70000000000001 0.45000000000000007 920.12655392462432 -9.1499999999999968 -10.392307692307691 -14.499999999999998 -6.1499999999999995
decision_type=8 2 10 2 8 2 8 8 10 2 10 8 8 10
left_child=1 2 -1 -4 -2 6 9 10 -7 -6 -8 -12 -13 -14
right_child=4 -3 3 -5 5 8 7 -9 -10 -11 11 12 13 -15
leaf_value=0.0034046724566561674 0.011237139929051378 0.0064877759349458277 -0.016958245876819742 -1.4659735202585539e-06 0.021293279223256471 0.0026529449251846238 -0.0062127899008556746 -0.01262334908545849 -0.011264209072154533 0.00031636523264134579 -0.0075252581442596285 0.010648605295662894 0.0076019773180125618 0.00024705821669287353
leaf_weight=14.80104376375675 23.383644193410873 18.971503555774689 52.531534880399704 15.19438588619232 14.960852280259134 36.503670111298561 60.334695011377335 18.312721818685532 40.258511826395988 14.760003358125685 46.529899522662163 69.361850157380104 90.696442782878876 685.80394822359085
leaf_count=60 95 77 214 62 61 148 244 75 164 60 189 281 367 2775
internal_value=0.000165515 -0.00706795 -0.0103768 -0.0134156 0.000861348 0.000585317 0.00102739 0.000616809 -0.0048885 0.0124215 0.000935877 0.00145112 0.00198622 0.00114926
internal_weight=1202.4 101.498 82.527 67.7259 1100.91 1077.52 1000.76 971.04 76.7622 29.7209 952.727 892.392 845.862 776.5
internal_count=4872 413 336 276 4459 4364 4052 3931 312 121 3856 3612 3423 3142
is_linear=0
shrinkage=0.03


Tree=121
num_leaves=15
num_cat=0
split_feature=4 24 19 13 8 27 12 9 11 0 12 12 4 24
split_gain=5.07753 5.55293 4.95338 6.67986 7.75992 6.58632 4.92434 4.80053 4.78922 4.15596 5.79429 4.78239 4.60372 3.43315
threshold=-266.02456466823941 -0.45993589743589741 5.9500000000000011 18.100000000000005 1.3 12.500000000000002 28.700000000000006 6.9000000000000012 20.300000000000001 -1.7499999999999998 24.700000000000006 21.100000000000005 98.173211122604371 -0.40214646464646459
decision_type=2 10 8 8 8 2 10 10 10 2 8 10 2 10
left_child=-1 7 13 6 5 8 -4 9 -5 -2 11 12 -11 -3
right_child=1 2 3 4 -6 -7 -8 -9 -10 10 -12 -13 -14 -15
leaf_value=0.015202970328880119 -0.013414690246476886 0.01384587618591313 -0.0017716530958816741 -0.0139669211701542 -0.015765917510954106 0.0087213570226278847 0.017391682345753515 0.002731517030893334 0.0025805093248379941 0.009739104973698811 0.011490997266332861 -0.01782681000555382 -0.0092596713606767009 0.0014061061725645096
leaf_weight=14.760797441005705 59.505073547363281 15.563500404357908 27.676175072789192 32.786461532115936 49.471899390220642 32.291997075080872 15.340247973799704 50.464682072401047 24.681016057729721 16.782586574554443 15.177696868777273 18.136702045798302 19.272255092859268 817.46402445435524
leaf_count=60 243 63 112 133 201 131 62 205 100 68 62 74 78 3308
internal_value=0.000120003 -0.000128953 0.00073737 -0.00367893 -0.00682744 -0.00132896 0.00616165 -0.00492036 -0.00722245 -0.0079068 -0.00259787 -0.00718116 -0.000307155 0.00171974
internal_weight=1209.38 1194.61 1015.28 182.248 139.231 89.7595 43.0164 179.339 57.4675 128.874 69.3692 54.1915 36.0548 833.028
internal_count=4900 4840 4110 739 565 364 174 730 233 525 282 220 146 3371
is_linear=0
shrinkage=0.03


Tree=122
num_leaves=15
num_cat=0
split_feature=41 27 3 3 8 7 17 26 25 19 20 17 41 8
split_gain=4.44812 4.24923 7.10322 6.65498 6.19511 5.89269 5.62468 5.38459 4.64673 4.43815 4.13485 4.38837 4.02029 4.09099
threshold=30.500000000000004 10.500000000000002 0.031904831632297855 0.041950136699834613 2.3000000000000003 -3.2097900822416929 4.7500000000000009 1.6794871794871797 1.3038461538461541 -7.5499999999999989 13.75277748390223 10.250000000000002 86.500000000000014 -10.099999999999998
decision_type=8 2 2 2 10 2 10 10 10 10 10 10 8 8
left_child=-1 2 12 5 -4 7 9 -3 -5 -7 11 -8 13 -2
right_child=1 3 4 8 -6 6 10 -9 -10 -11 -12 -13 -14 -15
leaf_value=0.0082037951397540571 0.010265489422313864 -0.0034759162014850182 -0.014712704251237215 0.016037523594256881 0.0036480630229827598 0.0042297866081544228 0.0019288776503787605 0.012498829379379026 -0.0028122386074665657 -0.0082991280836825134 0.0067736150304123959 -0.014330944987405485 -0.0052365917910684448 0.0020119918161669134
leaf_weight=50.866648405790329 56.666998863220215 35.910407766699791 39.447151482105255 23.175283953547478 23.693381011486053 25.104084447026253 35.319507986307144 31.672650679945946 17.999372214078903 261.17928723990917 50.415117934346199 19.676664903759956 55.040856495499611 478.58147180080414
leaf_count=206 231 145 160 94 96 102 143 128 73 1059 204 80 224 1938
internal_value=-6.46692e-05 -0.000462991 0.00112743 -0.00253018 -0.00806073 -0.00358851 -0.00499687 0.00435589 0.00838516 -0.00714672 0.000901105 -0.0045981 0.00216969 0.00297271
internal_weight=1204.75 1153.88 653.43 500.452 63.1405 459.278 391.695 67.5831 41.1747 286.283 105.411 54.9962 590.289 535.248
internal_count=4883 4677 2649 2028 256 1861 1588 273 167 1161 427 223 2393 2169
is_linear=0
shrinkage=0.03


Tree=123
num_leaves=15
num_cat=0
split_feature=5 23 23 15 5 9 7 5 21 25 15 5 12 21
split_gain=3.78717 5.93431 8.61665 8.07464 5.8188 9.26449 4.75143 4.22106 5.69966 4.10496 4.07415 3.95117 3.93159 3.62928
threshold=0.68581559399718117 0.25833333333333336 0.4045454545454546 -1.6499999999999997 0.64891732149377246 -2.4499999999999997 -0.60492105183082923 0.74898605312888467 11.500724614852183 1.4641025641025642 2.4500000000000006 0.64110101557592503 22.900000000000002 14.042198273598393
decision_type=2 8 10 10 2 10 2 2 10 8 10 2 10 10
left_child=4 6 7 -4 11 9 -2 10 -9 -6 -3 -1 -5 -8
right_child=1 2 3 12 5 -7 13 8 -10 -11 -12 -13 -14 -15
leaf_value=-0.00015765743405464852 -0.0098390051997565182 0.026489524913176618 -0.013116608846843937 -0.00058487949003723416 0.0099893392838641161 -0.015400581921185751 -0.0017405835621690958 -0.0067790961135908616 0.011713259306492389 -0.006762684625345813 0.0051156851802047661 0.012312985806573133 0.011004664918397987 0.012743217674225163
leaf_weight=756.28055585920811 42.7559415102005 22.92755825817585 25.591913133859634 60.823459044098854 24.458455383777618 52.218652337789536 52.954135715961456 17.474375069141388 45.701861277222633 19.185847833752632 15.316390052437781 18.575690224766731 40.841769516468048 16.517166540026665
leaf_count=3067 173 93 104 246 99 211 215 71 185 78 62 75 165 67
internal_value=0.000388935 0.00304539 0.00577703 0.000489292 -0.00066257 -0.0074407 -0.00252968 0.0120771 0.00647628 0.00268704 0.0195107 0.000218329 0.00436857 0.00232739
internal_weight=1211.62 340.905 228.677 127.257 870.719 95.863 112.227 101.42 63.1762 43.6443 38.2439 774.856 101.665 69.4713
internal_count=4911 1381 926 515 3530 388 455 411 256 177 155 3142 411 282
is_linear=0
shrinkage=0.03


Tree=124
num_leaves=15
num_cat=0
split_feature=13 17 19 30 12 18 8 18 23 1 14 30 8 3
split_gain=3.74472 6.07582 7.90829 9.71122 8.46388 7.03828 5.70424 5.2712 4.33343 4.99689 7.26804 6.30147 7.19729 5.36827
threshold=18.100000000000005 10.050000000000002 1.3500000000000003 1.0000000180025095e-35 19.900000000000002 -4.1499999999999995 5.7000000000000002 1.4500000000000002 0.35357142857142859 38.750000000000007 27.100000000000005 -1.0000000180025095e-35 -2.6999999999999997 0.024093932872053751
decision_type=8 10 8 2 10 10 10 10 8 2 8 2 8 2
left_child=1 2 3 4 6 -3 -1 -7 9 -2 13 -12 -13 -11
right_child=8 5 -4 -5 -6 7 -8 -9 -10 10 11 12 -14 -15
leaf_value=0.016850424376458981 -0.0064103746778011988 0.0067437806221438846 0.013223781184412664 0.017554536994262335 -0.010753061790889222 -0.019046186820834712 -0.0046171825221337304 0.0022348873630722837 -0.0017058959873580335 -0.0037542922243589344 0.012309515493446527 0.0048369247741173408 -0.013596983444544408 0.011748020596459709
leaf_weight=18.648636490106583 39.693718165159225 28.413137376308441 78.871233358979225 19.929468110203743 53.004606992006302 24.199946999549866 17.853704005479813 14.842264145612715 701.06816534698009 22.027204409241676 16.78688807785511 29.314470738172531 40.533507376909256 106.25327900052071
leaf_count=76 161 115 319 81 214 98 72 60 2844 89 68 119 165 430
internal_value=0.000377405 0.00356451 0.0062903 0.000933863 -0.00349982 -0.00395377 0.00705912 -0.0116207 -0.000489655 0.00282763 0.00464079 -0.0020184 -0.00605416 0.00904512
internal_weight=1211.44 255.763 188.308 109.436 89.5069 67.4553 36.5023 39.0422 955.677 254.609 214.915 86.6349 69.848 128.28
internal_count=4911 1035 762 443 362 273 148 158 3876 1032 871 352 284 519
is_linear=0
shrinkage=0.03


Tree=125
num_leaves=15
num_cat=0
split_feature=23 26 8 12 4 2 8 30 17 18 17 20 17 2
split_gain=4.75382 7.0598 8.23335 6.64561 4.97376 4.43101 4.33351 2.91332 4.03944 4.18173 6.24678 6.25629 5.89084 3.26998
threshold=0.87867647058823539 6.6770833333333348 -10.099999999999998 26.100000000000005 135.60909201836299 0.4229708706972512 -6.4999999999999991 1.0000000180025095e-35 -14.949999999999998 2.9500000000000006 -9.7499999999999982 14.937834132754073 -1.8499999999999999 0.4143807069972168
decision_type=8 8 10 8 2 2 10 2 10 10 10 8 10 2
left_child=6 -2 -3 4 -4 -5 7 8 -1 10 -10 -12 -11 -9
right_child=1 2 3 5 -6 -7 -8 13 9 12 11 -13 -14 -15
leaf_value=-0.012653915767653142 -0.01922895134945601 0.013534597240001096 -0.013964659257832303 -0.0045843570193915412 0.0027442304285117602 0.011478476159910224 0.0018775674603435518 0.00067979373836764799 0.0094916626618539533 -0.00058123649178967631 -0.00099587675488341069 -0.017720025778209164 0.017786163327663668 -0.017053730719767096
leaf_weight=19.33690570294857 20.003181889653206 21.221983283758163 61.002055108547211 28.090553104877472 19.252691403031349 24.682660356163979 818.43175527453423 14.636156439781187 22.82151472568512 40.841144129633904 58.792852818965912 26.136873424053192 20.241071701049805 19.251498565077782
leaf_count=79 81 87 248 114 78 100 3314 60 93 166 239 106 82 78
internal_value=9.58774e-05 -0.00441839 -0.00195431 -0.00482604 -0.0100304 0.00327163 0.000869406 -0.00280586 -0.00122619 0.000408976 -0.00311485 -0.00684174 0.00639048 -0.010292
internal_weight=1214.74 174.253 154.25 133.028 80.2547 52.7732 1040.49 222.058 188.17 168.833 107.751 84.9297 61.0822 33.8877
internal_count=4925 708 627 540 326 214 4217 903 765 686 438 345 248 138
is_linear=0
shrinkage=0.03


Tree=126
num_leaves=15
num_cat=0
split_feature=26 17 21 13 5 5 26 12 7 27 13 24 18 6
split_gain=4.08753 2.7405 5.11407 5.52162 4.37235 8.47195 6.38735 8.27186 6.66068 6.16342 5.99095 5.96214 5.70909 5.5522
threshold=16.055555555555561 4.1125000000000016 19.130690860663055 21.900000000000002 0.75094184037485234 0.69905166681176101 -1.1791443850267378 23.500000000000004 -1.5565484178353015 16.500000000000004 27.500000000000004 -0.034523809523809519 0.25000000000000006 -4.6916895180917333
decision_type=10 10 8 10 2 2 10 10 2 2 10 8 8 2
left_child=1 2 4 -4 5 6 10 13 -9 -6 12 -12 -1 -8
right_child=-2 -3 3 -5 9 -7 7 8 -10 -11 11 -13 -14 -15
leaf_value=-0.0047521405848074899 0.010508099909758796 0.0016594609886333679 -0.0038044381987316035 0.015722914698889146 -0.011831735045855414 0.0096704783927568701 -0.0055631086453010832 0.0035104413473962533 -0.0065170170022992814 0.0066659675629716711 -0.0095107297500668757 0.0088756885419359541 -0.017425175712179993 0.0080020224241737128
leaf_weight=87.191561579704285 26.409326553344727 371.42431731522083 19.641494125127792 26.149936035275459 71.769955009222031 54.209632575511932 30.453489348292351 84.013812974095345 180.58020062744617 17.04277415573597 21.710422411561012 34.321139022707939 51.246459886431694 125.6498214751482
leaf_count=354 107 1504 80 106 292 220 124 340 733 69 88 139 208 509
internal_value=-0.000174037 -0.000457541 -0.00143977 0.007797 -0.00204506 -0.00118536 -0.00221225 -0.000114448 -0.00332705 -0.00811601 -0.00663382 0.00155602 -0.00988728 0.00526514
internal_weight=1201.81 1175.41 803.981 45.7914 758.189 669.377 615.167 420.697 264.594 88.8127 194.47 56.0316 138.438 156.103
internal_count=4873 4766 3262 186 3076 2715 2495 1706 1073 361 789 227 562 633
is_linear=0
shrinkage=0.03


Tree=127
num_leaves=15
num_cat=0
split_feature=18 18 17 9 0 2 20 24 20 20 20 4 17 18
split_gain=3.57453 3.38651 4.66339 4.94357 4.59072 3.72803 8.56486 4.11017 4.92117 3.62802 3.52991 8.93146 11.3138 9.33859
threshold=-13.099999999999998 10.350000000000003 1.9500000000000008 5.7000000000000002 6.2500000000000009 0.8142296957633709 16.89477236701736 0.46291208791208799 14.486775253811951 12.637905713410452 11.528708088170324 16.826649257053763 -5.6499999999999986 1.7500000000000002
decision_type=10 10 10 10 2 2 10 10 10 10 10 2 10 10
left_child=-1 5 3 -3 -4 7 9 10 -9 -7 11 12 13 -2
right_child=1 2 4 -5 -6 6 -8 8 -10 -11 -12 -13 -14 -15
leaf_value=0.012680647066981608 0.0016635947285120452 -0.0086701181076248336 0.0016202741007132835 0.010023537852329156 0.023193821730637061 -0.0027381973156071016 0.010831417221452797 0.012892498870426292 -0.0035419972413363232 -0.017368361760244377 0.00050586538688318584 -0.0083093278997410508 0.0087542809189972304 -0.022425639659959532
leaf_weight=14.534337833523749 34.093052089214325 25.630987986922264 17.330925345420837 16.82535582780838 15.12951537966728 28.075269758701324 15.556076645851133 39.252868369221687 23.232430309057236 35.291871041059494 677.00748351216316 152.46156035363674 84.14904972910881 19.399298951029778
leaf_count=60 139 104 70 68 61 114 63 159 94 143 2745 618 341 79
internal_value=-4.84794e-05 -0.000257504 0.00570913 -0.000986317 0.0134292 -0.000684571 -0.00676474 -0.000188058 0.00697235 -0.0115607 -0.000684176 -0.00342287 0.00209126 -0.0082427
internal_weight=1197.97 1183.44 74.9168 42.4563 32.4604 1108.52 78.9232 1029.6 62.4853 63.3671 967.11 290.103 137.641 53.4924
internal_count=4858 4798 303 172 131 4495 320 4175 253 257 3922 1177 559 218
is_linear=0
shrinkage=0.03


Tree=128
num_leaves=15
num_cat=0
split_feature=25 24 16 22 7 16 3 15 17 9 15 25 4 25
split_gain=3.34898 7.86048 5.17594 10.1595 7.33625 5.21484 5.10101 4.32558 4.23126 4.15701 7.00245 4.046 4.06898 5.97513
threshold=-12.049999999999999 -0.33030303030303021 -8.9499999999999975 0.57417582417582425 -0.35135375161062216 -6.0499999999999989 0.024528509309261096 -5.9499999999999993 10.050000000000002 -4.2999999999999998 -3.3499999999999992 -10.732142857142856 -74.230210586189159 -6.1909090909090905
decision_type=8 10 10 8 2 10 2 10 10 10 10 8 2 8
left_child=1 7 3 6 -5 9 -2 -1 11 10 -4 -7 -13 -14
right_child=2 -3 5 4 -6 8 -8 -9 -10 -11 -12 12 13 -15
leaf_value=0.0055447060736196424 -0.0019946796854862178 0.016509722249210209 -0.0041307804348289304 0.016028815116259088 -0.0075430957148272821 -0.012556816730921778 -0.023921621330746563 -0.012728757969252769 -0.0086485016264324921 -0.004445022983793746 0.014071846813639158 0.0043294728726158797 -0.0095693033383063963 2.1426743659806343e-05
leaf_weight=21.203131005167961 15.074161767959593 29.579331934452057 23.906627520918846 16.747347965836525 21.65525084733963 18.120460167527199 26.647450834512711 16.393742129206657 51.230933427810669 23.167217448353767 62.000690847635269 165.24931509792805 59.097395032644272 664.92256507277489
leaf_count=87 61 120 97 68 88 74 108 67 208 94 251 670 240 2695
internal_value=-0.000119717 0.00614978 -0.000511721 -0.00763095 0.0033989 5.56137e-05 -0.0170606 -0.00298208 -0.000662663 0.00612067 0.00905776 -0.000166862 0.000154402 -0.000821669
internal_weight=1215 67.1762 1147.82 80.1242 38.4026 1067.7 41.7216 37.5969 958.621 109.075 85.9073 907.39 889.269 724.02
internal_count=4928 274 4654 325 156 4329 169 154 3887 442 348 3679 3605 2935
is_linear=0
shrinkage=0.03


Tree=129
num_leaves=15
num_cat=0
split_feature=3 3 24 13 15 3 25 16 21 27 24 25 42 24
split_gain=2.73874 4.23145 3.51623 5.17333 7.07077 4.7545 4.49325 6.68034 6.88334 6.0621 5.73646 5.27289 6.23614 7.14375
threshold=0.016047629778809695 0.014497263111493798 -0.45048701298701294 29.700000000000006 1.7500000000000002 0.025177278803792173 -12.049999999999999 -8.9499999999999975 15.342207575852713 6.5000000000000009 -0.37083333333333329 -6.1909090909090905 9.5000000000000018 -0.29583333333333323
decision_type=2 2 8 8 10 2 8 8 8 2 8 8 10 8
left_child=1 -1 3 4 5 -2 9 8 -8 -4 -9 -12 13 -13
right_child=2 -3 6 -5 -6 -7 7 10 -10 -11 11 12 -14 -15
leaf_value=-0.0014263588195492756 -0.0023354312530947841 0.014491115053640986 0.02011005078040427 -0.017517643600391871 -0.016045926831525423 0.012883784588785138 0.000246512457691007 0.011624573716417848 -0.018135419776023478 -0.0017829110815148306 -0.0068833474787311595 -0.011951513939418963 -0.0036228496992304787 0.0030356766789054425
leaf_weight=29.403789445757866 57.800435990095139 24.112077116966248 18.455558553338051 19.258899182081223 19.483034759759903 21.389794498682022 36.78556215763092 35.294878959655762 31.291553556919098 20.668484449386597 83.980377584695816 25.209747776389122 208.49478344619274 587.18016485869884
leaf_count=119 235 98 75 79 79 87 149 143 127 84 341 102 850 2376
internal_value=3.71517e-05 0.00637082 -0.000279697 -0.00507985 -0.00192449 0.0022964 0.000282365 -0.000127096 -0.00886546 0.00965297 0.000549202 5.56928e-05 0.000802964 0.00232692
internal_weight=1218.81 53.5159 1165.29 117.932 98.6733 79.1902 1047.36 1008.24 68.0771 39.124 940.16 904.865 820.885 612.39
internal_count=4944 217 4727 480 401 322 4247 4088 276 159 3812 3669 3328 2478
is_linear=0
shrinkage=0.03


Tree=130
num_leaves=15
num_cat=0
split_feature=42 16 17 24 11 27 19 26 20 12 12 23 23 27
split_gain=3.82133 5.39184 6.59963 5.69618 7.0663 6.32573 5.62862 7.74639 7.27048 5.60953 8.47245 5.99371 4.91695 4.70321
threshold=6.5000000000000009 2.8500000000000001 8.0500000000000025 0.090909090909090912 27.675000000000004 3.5000000000000004 8.3500000000000032 6.322916666666667 11.079009136138522 18.450000000000003 25.450000000000003 0.46862745098039221 0.25833333333333336 7.5000000000000009
decision_type=8 10 10 8 10 2 10 8 10 10 10 10 10 2
left_child=1 2 3 5 12 -1 7 -3 -9 11 -11 -7 13 -5
right_child=-2 6 -4 4 -6 9 -8 8 -10 10 -12 -13 -14 -15
leaf_value=-0.009428787790768554 -0.0021860139820656516 -0.010124287396657793 -0.0038270367760718858 0.011738420991518062 -0.0051451223700970904 -0.013510007376331396 0.010391706075205785 -0.011561306511197276 0.0071295078750974149 0.01201831222685687 -0.0039061460332991699 0.0078800313970462978 0.018568993455408144 -0.0047112443299290449
leaf_weight=32.840076193213463 559.72795610129833 97.178872600197792 93.606200933456421 35.949046567082405 21.592450886964798 24.438955649733543 20.991755872964859 20.967678517103195 62.962052717804909 89.800442740321159 41.099556505680084 15.438912659883497 56.504980251193047 21.776184320449829
leaf_count=133 2276 393 378 146 87 99 85 85 256 363 166 63 229 88
internal_value=-0.00038865 0.00119999 0.00307786 0.0050099 0.00965606 0.00175355 -0.00280093 -0.00456815 0.0020726 0.00411092 0.00705864 -0.00527345 0.0125523 0.00565208
internal_weight=1194.88 635.147 433.047 339.441 135.823 203.618 202.1 181.109 83.9297 170.778 130.9 39.8779 114.23 57.7252
internal_count=4847 2571 1752 1374 550 824 819 734 341 691 529 162 463 234
is_linear=0
shrinkage=0.03


Tree=131
num_leaves=15
num_cat=0
split_feature=26 9 23 17 17 10 2 2 10 10 11 7 11 3
split_gain=3.55393 6.6445 5.98092 5.40924 5.92011 4.50185 3.72205 5.36198 8.2375 4.65572 5.4032 8.05681 7.39442 7.54141
threshold=-10.96153846153846 -16.499999999999996 0.11805555555555557 -5.487499999999998 -2.7999999999999989 6.9000000000000012 0.66778069040277943 0.63030944378226328 -2.7999999999999989 19.700000000000006 25.266666666666669 -1.2774544125640064 21.100000000000005 0.024568946653705685
decision_type=10 10 10 8 10 8 2 2 8 10 8 2 10 2
left_child=1 -1 5 -3 -5 -2 7 -4 -9 10 12 -12 13 -8
right_child=2 3 6 4 -6 -7 9 8 -10 -11 11 -13 -14 -15
leaf_value=0.011138956126223707 0.019419807676944748 0.0067308312457084896 0.00096710751055233601 -0.023976177536454597 -0.0053482086463846005 0.00034675664028321093 0.0045111788375512395 -0.0062454835290939557 0.014903967200925411 0.010495503861478926 -0.014815895211931784 -0.00030503829678180062 0.0057184736418337033 -0.015371185178497974
leaf_weight=18.82061630487442 22.631590351462364 20.840078115463257 617.08286312222481 14.581246033310888 96.21843883395195 18.968155264854431 26.827191412448883 19.710373058915138 54.697320640087128 20.02145716547966 62.083642765879631 71.202226281166077 98.572649165987968 35.174571484327316
leaf_count=77 92 85 2503 60 391 77 109 80 222 81 251 288 400 143
internal_value=0.000560664 -0.00367656 0.00118418 -0.00612483 -0.00872905 0.0116934 0.000693614 0.00191965 0.00926105 -0.00199513 -0.00300751 -0.00735541 0.000714632 -0.00707373
internal_weight=1197.43 150.46 1046.97 131.64 110.8 41.5997 1005.37 691.491 74.4077 313.882 293.86 133.286 160.574 62.0018
internal_count=4859 613 4246 536 451 169 4077 2805 302 1272 1191 539 652 252
is_linear=0
shrinkage=0.03


Tree=132
num_leaves=15
num_cat=0
split_feature=25 25 11 1 9 14 19 19 8 25 8 8 39 1
split_gain=2.7086 3.80044 5.75069 4.65246 3.14998 2.78067 4.18896 3.68142 3.89417 5.20852 3.85926 7.7349 6.19577 6.393
threshold=15.531250000000002 8.7416666666666689 29.300000000000001 41.750000000000007 5.5000000000000009 13.266666666666667 -9.7499999999999982 -7.1499999999999995 3.1000000000000005 -4.3693181818181808 6.5000000000000009 4.3000000000000016 341.52414294395652 43.250000000000007
decision_type=10 10 10 2 10 8 8 8 10 10 10 10 2 2
left_child=1 5 3 -3 -4 -1 -7 8 9 -8 11 12 13 -9
right_child=-2 2 4 -5 -6 6 7 10 -10 -11 -12 -13 -14 -15
leaf_value=0.0065847564599757664 -0.009701420265669598 -0.00051652016058392075 -0.0087853557083068367 0.015148690135501497 0.0058318016144787935 -0.012116498726265659 -0.001952370913053787 -0.00013548787309392447 -0.0042085598065704603 0.019570914938964706 0.0036851380956002848 -0.010594705494692429 0.00024601273577073724 -0.012811418502039016
leaf_weight=37.895474508404732 23.509402275085449 25.429855719208717 29.202919870615005 44.943722680211067 17.308491483330727 25.818752765655518 15.050628513097761 69.572566345334053 18.294868290424347 21.411774426698685 116.44916164875031 80.565716370940208 613.64444971084595 69.022497400641441
leaf_count=154 95 103 118 182 70 105 61 283 74 87 472 326 2492 281
internal_value=-0.000562659 -0.000341281 0.00468046 0.00982923 -0.00330774 -0.00091027 -0.00121655 -0.000877602 0.00635435 0.0115226 -0.00132588 -0.00204437 -0.00106471 -0.00667458
internal_weight=1208.12 1184.61 116.885 70.3736 46.5114 1067.73 1029.83 1004.01 54.7573 36.4624 949.254 832.805 752.24 138.595
internal_count=4903 4808 473 285 188 4335 4181 4076 222 148 3854 3382 3056 564
is_linear=0
shrinkage=0.03


Tree=133
num_leaves=15
num_cat=0
split_feature=42 25 15 43 13 22 22 20 19 41 10 7 18 12
split_gain=3.14337 3.45333 4.23615 6.97438 7.12059 5.78333 5.98162 6.61795 6.47109 7.60717 6.3324 5.58849 5.38521 5.21098
threshold=17.500000000000004 -17.95454545454545 -2.3499999999999992 1.0000000180025095e-35 26.100000000000005 0.21825396825396828 0.36515151515151517 11.477514248883912 0.25000000000000006 57.500000000000007 -8.1249999999999982 -2.6133545634180013 7.3500000000000005 23.500000000000004
decision_type=8 8 8 2 10 8 8 10 10 10 10 2 10 10
left_child=1 -1 5 4 -4 -3 10 -8 11 -10 -7 -9 -6 -14
right_child=-2 2 3 -5 12 6 7 8 9 -11 -12 -13 13 -15
leaf_value=0.012130767338736623 -0.0046660462720816151 -0.0087428298116226291 0.0018389828562038251 -0.0067184441915036936 0.020441243461536703 -0.00038713944692446602 -0.012100850014380007 -0.0070684245455392277 0.0061817899267407259 -0.011935953563923228 0.016086114654096824 0.010396133596438643 -0.0056520403944461594 0.014733742862227056
leaf_weight=19.082989975810051 94.878971040248871 81.913890674710274 586.8689848035574 70.136267021298409 29.660119459033012 47.651282534003258 45.387092813849449 18.027592107653618 29.020800814032555 51.860919550061226 32.233063891530037 61.333948686718941 21.827136918902397 14.847642526030539
leaf_count=78 388 334 2376 284 120 194 185 73 118 211 131 249 88 60
internal_value=0.000435189 0.000890254 0.000639146 0.0019674 0.00294397 -0.00196704 9.39479e-05 -0.00261719 0.00035383 -0.00545378 0.00681577 0.00624512 0.0119058 0.00337859
internal_weight=1204.73 1109.85 1090.77 723.34 653.204 367.429 285.515 205.63 160.243 80.8817 79.8843 79.3615 66.3349 36.6748
internal_count=4889 4501 4423 2928 2644 1495 1161 836 651 329 325 322 268 148
is_linear=0
shrinkage=0.03


Tree=134
num_leaves=15
num_cat=0
split_feature=11 0 4 1 22 8 4 15 24 8 3 16 16 12
split_gain=3.11589 6.0209 3.83111 8.48893 6.88883 6.30819 4.91133 10.8349 4.01814 3.59911 3.92959 3.5949 5.77746 8.07175
threshold=12.300000000000002 -2.7499999999999996 129.35227087680201 44.250000000000007 0.30384615384615393 5.1000000000000005 117.15626105758032 1.2500000000000002 0.41987179487179499 9.4500000000000011 0.031988708224778957 7.0500000000000007 8.9500000000000011 27.675000000000004
decision_type=8 2 2 2 10 10 2 10 10 10 2 8 8 8
left_child=1 -1 6 9 -5 -6 11 -8 -7 10 -4 -2 -13 -14
right_child=2 -3 3 4 5 8 7 -9 -10 -11 -12 12 13 -15
leaf_value=-0.0022911019097339616 -0.0014277002043954223 0.020244227308734455 0.010187106959178313 0.012493775499420531 -0.010790356193760111 0.0061688230466031141 0.0044904831562606598 -0.023933754231125808 -0.0069291445153612987 -0.002434655981482257 -0.0033649415842074001 0.012347084222824442 -0.014878721113079245 0.0048828346545515379
leaf_weight=20.918011173605919 656.83819599449635 15.025515541434286 143.99268300831318 19.779243856668472 70.524021968245506 50.412877395749092 20.622231468558311 20.190467819571495 29.132879510521889 29.935309171676636 19.675947308540344 42.643302470445633 20.964278101921082 60.69351589679718
leaf_count=86 2664 62 585 80 287 204 84 82 118 121 80 173 85 247
internal_value=0.000314487 0.00845116 3.3308e-05 0.00257751 -0.00228783 -0.00457607 -0.00110048 -0.0106487 0.00124572 0.00679602 0.00850645 -0.000537049 0.00404259 -0.000756362
internal_weight=1221.35 35.9435 1185.4 363.453 169.849 150.07 821.952 40.8127 79.5458 193.604 163.669 781.139 124.301 81.6578
internal_count=4958 148 4810 1475 689 609 3335 166 322 786 665 3169 505 332
is_linear=0
shrinkage=0.03


Tree=135
num_leaves=15
num_cat=0
split_feature=21 21 14 17 0 3 3 14 17 2 4 14 2 4
split_gain=3.44384 5.89734 5.34549 4.4208 4.66786 3.30755 6.14831 6.07088 6.3791 7.53715 6.27983 5.61349 4.68373 11.3818
threshold=9.0191155023341754 9.3941470721451914 17.500000000000004 -4.7499999999999982 7.2500000000000009 0.02605030648497542 0.0255168963898369 28.100000000000005 0.60000000000000042 0.75459383753501419 153.80561045692176 20.700000000000006 0.61459760318196321 -47.097424815460037
decision_type=8 8 10 10 2 2 2 10 10 2 2 10 2 2
left_child=2 -2 -1 -4 -5 6 -3 8 9 12 11 -10 13 -7
right_child=1 5 3 4 -6 7 -8 -9 10 -11 -12 -13 -14 -15
leaf_value=0.0067724179118138772 0.013389365878075443 -0.0007225821592476778 0.0030492242377976428 -0.016950390741080686 0.00078203390462367307 0.0090162541158501797 -0.014028519921136056 -0.0075941096094873338 0.015635150115538895 -0.016471906350146587 0.020090959513939743 -0.0035153338739930375 0.012554540568652536 -0.013912191854124921
leaf_weight=21.197976097464561 23.848880335688591 807.86501464247704 19.505134537816048 47.048112601041794 17.399904429912567 40.04762190580368 27.550753936171532 37.951812282204628 16.588183149695396 15.504102453589438 33.354522615671158 34.307582929730415 29.062151581048965 29.363689810037613
leaf_count=86 97 3278 80 192 71 163 112 154 67 63 135 139 118 119
internal_value=-0.00050479 3.63555e-06 -0.00556121 -0.00888104 -0.0124513 -0.000355071 -0.00124224 0.00274374 0.00486111 0.000151117 0.0108676 0.00356655 0.0034378 -0.000966432
internal_weight=1200.6 1095.44 105.151 83.9532 64.448 1071.6 835.416 236.18 198.228 113.978 84.2503 50.8958 98.4735 69.4113
internal_count=4874 4445 429 343 263 4348 3390 958 804 463 341 206 400 282
is_linear=0
shrinkage=0.03


Tree=136
num_leaves=15
num_cat=0
split_feature=4 19 21 15 12 41 24 24 9 4 13 19 8 22
split_gain=5.56756 5.16349 5.4521 8.56368 7.5094 5.41677 4.90087 5.69675 4.73798 5.39434 6.27077 4.84986 4.53043 5.85038
threshold=135.60909201836299 -1.0000000180025095e-35 16.81351968502706 -1.0000000180025095e-35 21.675000000000004 38.500000000000007 0.071428571428571425 -0.012824647402820742 -4.2999999999999998 106.71198556736057 30.300000000000001 -3.0499999999999994 -1.0999999999999999 0.80625000000000013
decision_type=2 10 8 10 10 8 8 10 10 2 8 10 8 10
left_child=1 2 5 4 -4 -1 7 -3 -7 10 11 -10 -8 -14
right_child=-2 6 3 -5 -6 8 12 -9 9 -11 -12 -13 13 -15
leaf_value=0.013199754692313652 0.0027771186053820486 -0.0042407978002571419 -0.0076021450534075642 -0.018481728564566827 0.014087212314634374 0.0084142609842764882 -0.0012000915024311127 0.0043514274272118117 -0.0016654525305420359 -0.013804957416686666 -0.014481673611711368 0.007479780749295656 -0.018044706937348307 0.00070731607793119875
leaf_weight=32.49974450469017 350.02350369095802 254.72092348337173 30.069652274250984 26.438697442412376 19.392029955983162 58.022944718599319 44.585447639226913 90.27528290450573 118.3520925194025 20.752661943435669 17.227214977145195 86.379379376769066 53.912512451410294 19.584376350045204
leaf_count=132 1421 1035 123 107 79 235 182 366 480 84 70 350 220 79
internal_value=-0.000394519 -0.00167589 0.000777302 -0.00623026 0.00141404 0.00244191 -0.00382845 -0.00196242 0.00108248 -0.000804731 0.000688114 0.00227939 -0.00897917 -0.0133212
internal_weight=1222.24 872.213 409.134 75.9004 49.4617 333.234 463.079 344.996 300.734 242.711 221.959 204.731 118.082 73.4969
internal_count=4963 3542 1660 309 202 1351 1882 1401 1219 984 900 830 481 299
is_linear=0
shrinkage=0.03


Tree=137
num_leaves=15
num_cat=0
split_feature=10 26 15 11 11 3 3 11 8 4 3 39 3 4
split_gain=3.36276 3.38231 2.3822 4.20351 5.07616 3.71858 4.2613 3.41265 3.31118 5.93523 8.93973 4.83213 4.80245 6.57074
threshold=27.100000000000005 -13.949999999999998 5.8500000000000005 31.500000000000004 24.675000000000004 0.014497263111493798 0.016047629778809695 34.70000000000001 5.1000000000000005 271.80713008997424 0.024712117453311148 827.46038218717217 0.025070420785545004 -59.979108267422809
decision_type=8 8 10 10 10 2 2 10 10 2 2 2 2 2
left_child=1 -1 5 4 -4 -3 -7 -5 12 10 -10 -12 13 -8
right_child=-2 2 3 7 -6 6 8 -9 9 -11 11 -13 -14 -15
leaf_value=-0.0084015894402715216 0.012560844306018289 -0.0096277260255571671 0.0024526004536782188 0.012811573966276342 -0.0088911683553943369 0.013682030452898349 -0.0034470619209302058 -0.0039672832217177373 -0.0020189402847600089 -0.0079147173833560222 0.022123207035341645 0.0051346872267130301 -0.0029839482695792987 0.0039275701059227142
leaf_weight=33.556736752390862 15.631845057010649 22.725049808621407 53.360498204827309 21.027471378445625 91.436432912945747 20.328466013073921 143.02625302970409 15.573372036218641 44.350995972752571 20.527681306004524 34.08982190489769 30.86458083987236 247.02731749415398 409.92871890962124
leaf_count=136 64 92 216 85 371 83 582 63 180 83 138 125 1004 1665
internal_value=0.000551944 0.000341917 0.000631248 -0.00248107 -0.00476844 0.00122128 0.0015298 0.00605354 0.00119236 0.00554215 0.00830502 0.0149947 0.00045637 0.00200627
internal_weight=1203.46 1187.82 1154.27 181.398 144.797 972.869 950.144 36.6008 929.815 129.833 109.305 64.9544 799.982 552.955
internal_count=4887 4823 4687 735 587 3952 3860 148 3777 526 443 263 3251 2247
is_linear=0
shrinkage=0.03


Tree=138
num_leaves=15
num_cat=0
split_feature=1 44 4 26 26 20 19 17 10 26 21 25 11 30
split_gain=3.52241 6.57498 6.35405 5.80982 10.8522 5.74319 5.26425 6.55762 6.01146 5.82247 5.78271 6.11108 5.64627 4.87773
threshold=44.250000000000007 1.0000000180025095e-35 180.52643869310137 -1.3229166666666663 -5.1483516483516478 6.8960528689488081 1.5500000000000003 -6.9499999999999984 -9.6999999999999975 -1.1180555555555554 11.26572971979628 -2.3205128205128198 25.900000000000002 1.0000000180025095e-35
decision_type=2 2 2 10 8 10 8 10 10 8 10 10 10 2
left_child=5 2 6 4 -4 -1 7 8 -2 -8 -11 -12 -13 -9
right_child=1 -3 3 -5 -6 -7 9 13 -10 10 11 12 -14 -15
leaf_value=-0.011714600779420674 0.0010145090463480387 0.0096868679501792686 -0.014708358604803106 -0.019900025128144396 0.0081062273516397769 0.0018330910862803149 0.0033607463417295556 0.0022990962479401546 -0.019403701875115836 0.0017501098978597301 -0.01930600990449623 0.0024871773312048913 -0.013794149091582931 0.015268815652635014
leaf_weight=24.5184555798769 31.370986014604568 35.494029015302658 34.855978488922119 28.813664421439171 31.015140816569328 628.16889843344688 57.99653448164463 135.90633857250214 16.589113622903824 42.774710789322853 42.803972363471985 40.211035743355751 29.568393364548683 28.082955420017242
leaf_count=100 128 144 142 117 126 2551 236 550 67 174 175 163 120 114
internal_value=-0.000251349 -0.0019979 -0.00288015 -0.0097022 -0.00415217 0.00123898 -0.00126628 0.00206078 -0.00721317 -0.00454294 -0.00750624 -0.010948 -0.00487291 0.0049062
internal_weight=1208.17 555.483 519.989 94.6848 65.8711 652.687 425.304 211.949 47.9601 213.355 155.358 112.583 69.7794 163.989
internal_count=4907 2256 2112 385 268 2651 1727 859 195 868 632 458 283 664
is_linear=0
shrinkage=0.03


Tree=139
num_leaves=15
num_cat=0
split_feature=12 21 25 43 25 15 21 41 20 20 15 41 15 27
split_gain=3.63487 4.24823 13.4937 3.87376 4.75606 4.6344 5.2426 4.00161 5.71896 5.00934 6.58552 8.30681 8.09291 8.06489
threshold=35.70000000000001 19.130690860663055 1.8619047619047622 1.0000000180025095e-35 5.2182539682539693 -2.8499999999999992 12.084195351872689 39.500000000000007 12.765839804302276 13.622897377545568 -0.44999999999999996 53.500000000000007 0.65000000000000002 10.500000000000002
decision_type=10 10 10 2 10 8 10 8 10 8 10 8 10 2
left_child=1 3 -3 7 5 6 -5 8 -1 10 11 -9 -12 -14
right_child=-2 2 -4 4 -6 -7 -8 9 -10 -11 12 -13 13 -15
leaf_value=-0.0020734674809746653 -0.012560391244205642 0.018367294275810988 -0.0081684062006500014 0.01101836983796672 0.0082302258130463827 -0.012684605415359873 -0.0068828767875113413 -0.013795805822920624 0.011164906652417206 -0.0025219516297782783 0.016939116406469449 0.00099903675483210808 0.0075073212878522368 -0.0041333226052287439
leaf_weight=48.288578674197197 15.176119908690451 36.461786687374115 25.67150154709816 17.584676533937454 17.027181208133698 58.415769800543785 37.363413602113724 37.723805293440819 64.96620187163353 427.364556863904 38.961222037672997 167.50557146966457 123.46627895534039 87.644464462995529
leaf_count=196 62 148 104 72 69 237 152 154 264 1735 158 681 501 355
internal_value=6.71066e-05 0.000280303 0.00761178 -0.000155993 -0.00491799 -0.00715708 -0.000712881 0.000488924 0.00567143 -0.000204243 0.00197502 -0.00198388 0.00519921 0.00269079
internal_weight=1203.62 1188.45 62.1333 1126.31 130.391 113.364 54.9481 995.921 113.255 882.666 455.301 205.229 250.072 211.111
internal_count=4888 4826 252 4574 530 461 224 4044 460 3584 1849 835 1014 856
is_linear=0
shrinkage=0.03


Tree=140
num_leaves=15
num_cat=0
split_feature=10 23 14 9 16 12 20 7 20 7 17 12 39 22
split_gain=4.77558 6.71069 4.29994 3.64909 3.20437 2.99887 3.75674 9.0609 5.38341 9.58055 7.22464 5.4459 5.43399 5.17552
threshold=-16.099999999999994 0.60357142857142865 19.500000000000004 14.300000000000002 9.4500000000000011 31.900000000000002 18.587630208933277 1.1711035308976991 15.908069231263324 -3.2097900822416929 -0.79999999999999993 16.300000000000001 458.9740145139013 0.70710784313725505
decision_type=8 8 10 10 10 10 10 2 8 2 10 8 2 8
left_child=1 -1 4 5 -3 6 8 13 11 -10 -11 -2 -12 -8
right_child=3 2 -4 -5 -6 -7 7 -9 9 10 12 -13 -14 -15
leaf_value=-0.0074759790900449895 -0.005980693504301274 0.02155295763956681 -0.0013334219100601162 -0.012196794430455196 0.0047253953084978803 0.0081771547919696867 -0.0072708689103460396 0.019383894357385273 0.0079468728398085255 -0.016362910517201571 0.0082611293199258522 0.00067354897956230133 -0.0075720534209010064 0.010294989794663765
leaf_weight=20.515058800578117 127.4806259572506 25.619678467512131 18.345903068780899 20.512547612190247 20.551851093769073 28.187102064490318 40.217203989624977 22.149637535214424 32.032678112387657 65.261577889323235 22.728065997362137 668.7692174166441 62.995797321200371 17.738043159246445
leaf_count=84 517 105 75 83 84 114 163 90 130 266 92 2716 256 72
internal_value=-0.000441618 0.00620673 0.0107823 -0.000977395 0.0152563 -0.000710936 -0.000984727 0.00507122 -0.00150335 -0.00606959 -0.0092027 -0.000422477 -0.00315025 -0.00150393
internal_weight=1193.1 85.0325 64.5174 1108.07 46.1715 1087.56 1059.37 80.1049 979.268 183.018 150.985 796.25 85.7239 57.9552
internal_count=4847 348 264 4499 189 4416 4302 325 3977 744 614 3233 348 235
is_linear=0
shrinkage=0.03


Tree=141
num_leaves=15
num_cat=0
split_feature=3 3 1 9 41 16 11 18 17 25 25 11 15 16
split_gain=3.23176 5.37221 4.81611 3.29497 6.43446 6.0799 6.12843 5.71119 5.73941 4.53444 4.48241 5.29503 5.40529 5.18394
threshold=0.017088322884458721 0.014982451887193717 40.750000000000007 -1.0999999999999999 41.500000000000007 -3.9499999999999997 12.300000000000002 -7.1499999999999995 1.0500000000000005 13.700000000000001 -9.4722222222222197 18.500000000000004 -1.6499999999999997 -1.0000000180025095e-35
decision_type=2 2 2 10 8 10 8 10 10 10 10 10 10 10
left_child=1 2 -1 4 -2 -5 -7 8 -8 10 13 -12 -13 -9
right_child=3 -3 -4 5 -6 6 7 9 -10 -11 11 12 -14 -15
leaf_value=0.008738831644812239 -0.0074250217576785141 0.01459764218559372 -0.01032175120972449 -0.015455210754416308 0.0028014117242656498 0.014718346080616186 -0.01772840143085733 0.0074365385296924396 0.0033457515394261063 -0.013667620712539416 0.0079569429455462574 -0.0060093786806303742 0.0017605879854469221 -0.010467670893654355
leaf_weight=17.714697167277336 58.298853188753128 30.685728430747986 20.244611337780952 22.616723656654358 444.70643109083176 16.463424637913704 31.119829788804054 14.827671781182287 15.10241839289665 18.286942914128304 76.045120820403099 108.07444617152214 275.62013909220695 60.345688119530678
leaf_count=72 237 125 82 92 1806 68 126 61 61 74 309 440 1116 247
internal_value=0.00013928 0.00623068 -0.00144483 -0.000252604 0.00155474 -0.00167743 -0.00105109 -0.00160238 -0.0111883 -0.000708392 -0.000142888 0.000988555 -0.000477112 -0.0066926
internal_weight=1210.15 68.645 37.9593 1141.51 503.005 638.502 615.886 599.422 46.2222 553.2 534.913 459.74 383.695 75.1734
internal_count=4916 279 154 4637 2043 2594 2502 2434 187 2247 2173 1865 1556 308
is_linear=0
shrinkage=0.03


Tree=142
num_leaves=15
num_cat=0
split_feature=12 24 13 22 7 39 13 24 13 13 42 17 10 20
split_gain=3.30136 6.65891 6.72009 6.95917 6.59927 6.38335 6.88538 5.99083 5.88315 5.88185 5.73575 5.36129 8.31607 6.34705
threshold=19.700000000000006 0.057189542483660101 26.100000000000005 0.87867647058823539 -1.8283649190425282 2216.6141122602658 16.500000000000004 0.53867521367521387 20.100000000000005 19.300000000000001 9.5000000000000018 3.0500000000000012 -11.099999999999998 13.976368943663017
decision_type=8 10 10 10 2 2 8 8 10 10 10 10 8 8
left_child=7 4 3 -3 11 6 -6 9 10 -1 -8 12 13 -2
right_child=1 2 -4 -5 5 -7 8 -9 -10 -11 -12 -13 -14 -15
leaf_value=0.0098856515241726398 0.0072107067943681692 -0.010089657721752255 0.0069657275496820756 0.0035079914514100164 0.011148620377728831 -0.014909990116286584 -0.014106548693036465 -0.0065301344301126893 6.2727931711913348e-05 0.0010164918889830875 0.004282212204056667 -0.0049324499805720708 0.013315007587886951 -0.014839887349874509
leaf_weight=86.457602128386497 21.063679456710815 170.3624609708786 29.295896664261818 39.303693652153015 35.066606611013412 25.532089129090309 52.313073143362999 60.9423538595438 273.03828243911266 260.04509344696999 18.153472065925598 31.621302708983421 84.068766430020332 16.691272765398026
leaf_count=351 86 693 119 159 142 104 212 247 1112 1055 74 128 341 68
internal_value=-0.000381486 -0.00150231 -0.00563626 -0.00751833 0.00030382 -0.00171215 -0.00063929 0.00180126 -0.00198534 0.00333862 -0.00939942 0.00549945 0.00829492 -0.00313317
internal_weight=1203.96 796.511 238.962 209.666 557.549 404.104 378.571 407.445 343.505 346.503 70.4665 153.445 121.824 37.755
internal_count=4891 3238 971 852 2267 1644 1540 1653 1398 1406 286 623 495 154
is_linear=0
shrinkage=0.03


Tree=143
num_leaves=15
num_cat=0
split_feature=43 39 8 42 42 39 15 26 15 3 1 13 30 4
split_gain=5.43995 4.50937 3.73249 3.62936 3.81572 3.75181 3.21028 5.62601 11.4398 6.44315 6.36314 5.5839 4.65523 4.70642
threshold=1.0000000180025095e-35 997.26269446310107 -7.6999999999999984 24.500000000000004 18.500000000000004 940.92268974091257 -3.3499999999999992 10.816666666666668 -4.2499999999999991 0.024960784048453259 48.750000000000007 29.900000000000002 1.0000000180025095e-35 -45.620753820076054
decision_type=2 2 10 8 10 2 10 8 8 2 2 10 2 2
left_child=3 2 -2 4 6 -5 7 8 9 10 12 -11 13 -1
right_child=1 -3 -4 5 -6 -7 -8 -9 -10 11 -12 -13 -14 -15
leaf_value=-0.0016936109239444209 0.0072024686566952 -0.01185820347809716 -0.0050711406887594436 -0.011711396727706028 0.012468700347740598 0.0040846862945836905 0.0021549644381474503 0.0087433213424753693 -0.017066157500721667 -0.01376501322638319 -0.012768600199444979 0.0054427301800687149 -0.0059710245123475439 0.012200819096230648
leaf_weight=29.155301585793495 28.878834247589111 50.848449558019638 60.480064004659653 33.695402845740318 22.457572668790817 17.649201288819313 721.54391972720623 35.374754682183266 39.692090347409248 40.720797404646873 14.683610603213308 16.202975243330002 21.700062736868858 71.828936010599136
leaf_count=119 118 207 246 138 92 72 2924 145 162 166 60 66 89 292
internal_value=0.000282812 -0.00516716 -0.000933112 0.0010213 0.00142695 -0.00640101 0.00111536 -0.001658 -0.00338055 -0.000226673 0.00329268 -0.00829964 0.00563972 0.00829869
internal_weight=1204.91 140.207 89.3589 1064.7 1013.36 51.3446 990.902 269.359 233.984 194.292 137.368 56.9238 122.684 100.984
internal_count=4896 571 364 4325 4115 210 4023 1099 954 792 560 232 500 411
is_linear=0
shrinkage=0.03


Tree=144
num_leaves=15
num_cat=0
split_feature=7 18 25 22 18 8 19 5 18 21 39 21 39 26
split_gain=4.34873 4.22018 4.37575 5.51641 4.16426 6.6375 5.75538 4.61357 6.0575 4.33556 3.70304 3.50509 3.73973 10.4669
threshold=5.4552473057306097 9.9500000000000011 -6.0312499999999991 0.31980519480519487 -5.9499999999999993 6.5000000000000009 -5.6499999999999995 0.6780034438980308 -8.0499999999999989 7.2640668132022723 924.38322167605634 8.0601901197401613 316.74183612110232 -8.591666666666665
decision_type=2 8 8 10 10 10 10 2 10 8 2 10 2 8
left_child=1 4 -3 -4 5 6 -1 8 -8 -6 -10 -11 13 -13
right_child=-2 2 3 -5 9 -7 7 -9 10 11 -12 12 -14 -15
leaf_value=0.015281318812307978 0.0079728883206897777 -0.0070449532095050831 0.022492236228959222 0.0037309461349831112 -0.013788250176347269 0.016849212395638125 -0.013242193518202194 0.0087612829637902113 -0.0039953881559498449 0.0085749328946414412 0.012374749523106665 0.0141693405473642 -0.00067564383887493379 -0.0086329440741835933
leaf_weight=15.474800750613211 54.842863231897354 15.442320257425306 15.108955770730971 56.593098491430283 20.595200449228287 23.431443512439728 38.804000526666641 22.598931297659874 28.560630559921265 26.681036204099655 14.991707205772398 16.231424033641815 718.0501571893692 134.78571896255016
leaf_count=63 223 63 62 229 84 95 158 92 116 109 61 66 2916 549
internal_value=8.82001e-05 -0.000321644 0.00583954 0.0088928 -0.0008531 0.00380874 0.000701009 -0.00204587 -0.00534313 -0.00160168 0.00233366 -0.00124651 -0.00159536 -0.00580659
internal_weight=1202.19 1147.35 87.1444 71.7021 1060.21 143.862 120.43 104.955 82.3563 916.344 43.5523 895.748 869.067 151.017
internal_count=4886 4663 354 291 4309 585 490 427 335 3724 177 3640 3531 615
is_linear=0
shrinkage=0.03


Tree=145
num_leaves=15
num_cat=0
split_feature=42 27 15 25 11 0 0 3 18 15 19 25 18 15
split_gain=4.90923 5.08424 7.7274 8.11842 4.55922 4.53221 4.52766 4.09338 7.69491 6.71082 5.90702 7.10529 6.04235 5.80406
threshold=9.5000000000000018 6.5000000000000009 0.22500000000000003 3.759615384615385 12.100000000000001 -1.0000000180025095e-35 -1.7499999999999998 0.024716769096542749 7.2500000000000009 3.2500000000000004 11.250000000000002 7.5131578947368434 1.6333333333333335 7.1500000000000012
decision_type=8 2 8 10 8 2 2 2 10 10 10 8 8 10
left_child=4 2 6 -4 -1 -3 -2 8 10 -9 11 -6 -13 -11
right_child=1 5 3 -5 7 -7 -8 9 -10 13 -12 12 -14 -15
leaf_value=0.013129050082122231 -0.0016092126091739013 0.00015803193460982632 -0.015755012012410446 0.0066764813381008144 0.0036116288098222253 -0.0085663547126819967 0.01386452770345387 0.00057798979745185932 -0.0094744290363604523 0.016156611779801284 -0.012945593674425767 -0.011040042961736525 0.0038622921573995927 0.0003997322657031958
leaf_weight=22.54105082154274 25.182404413819313 80.94446288049221 29.283488944172859 21.387249261140823 323.82713942229748 152.54840831458569 42.018641099333763 217.63987092673779 75.013528719544411 51.887822106480598 22.147512286901474 59.60665899515152 36.144862189888954 33.798610419034958
leaf_count=94 103 331 120 87 1313 624 171 882 304 210 90 241 147 137
internal_value=-0.00012348 -0.0030774 0.00194804 -0.00653778 0.00111918 -0.00560199 0.00835613 0.000711505 -0.000912847 0.00344864 0.000630843 0.00149149 -0.00550212 0.0103061
internal_weight=1193.97 351.365 117.872 50.6707 842.607 233.493 67.201 820.066 516.74 303.326 441.726 419.579 95.7515 85.6864
internal_count=4854 1436 481 207 3418 955 274 3324 2095 1229 1791 1701 388 347
is_linear=0
shrinkage=0.03


Tree=146
num_leaves=15
num_cat=0
split_feature=42 18 18 23 21 42 18 18 15 25 11 24 26 11
split_gain=3.74727 9.01816 8.14128 6.42336 6.84986 5.86132 5.45826 5.12584 6.54111 6.0559 5.45013 5.07418 5.05565 5.01366
threshold=6.5000000000000009 3.5500000000000003 3.7500000000000004 0.61651583710407254 15.025164059293827 2.5000000000000004 -5.8499999999999988 -2.2499999999999996 2.3500000000000001 5.322916666666667 18.300000000000001 0.46291208791208799 6.514705882352942 15.100000000000001
decision_type=8 10 8 10 8 10 8 10 10 10 10 10 8 10
left_child=2 6 5 -3 -5 7 -2 9 -9 10 13 -7 -10 -1
right_child=1 3 -4 4 -6 11 -8 8 12 -11 -12 -13 -14 -15
leaf_value=-0.0089878184130613593 0.003575083426941481 0.0089873650375079262 -0.002700754769058612 -0.010653382220880017 0.0097353388653160598 0.0066130911795169341 -0.0051109586100784215 0.0099506181076168751 -0.0084971815035192431 0.0095978342320912815 -0.012320084786190549 0.022382156079210277 0.0099283392344543409 0.0085834701994491353
leaf_weight=20.478535875678062 77.353202238678932 107.39268219470978 197.07776029407978 35.315208181738853 18.773257151246071 153.16356886923313 324.19834949076176 95.918860673904419 37.6329415589571 24.158397898077965 50.98659448325634 17.755545690655708 14.788526505231856 29.394520744681358
leaf_count=84 314 436 799 144 76 623 1324 389 152 98 206 72 60 119
internal_value=0.000767501 -0.00101409 0.00232727 0.0048778 -0.0033518 0.0045629 -0.00341433 0.00177734 0.00546766 -0.00264328 -0.00589017 0.00884081 -0.00288729 0.00120693
internal_weight=1204.39 563.033 641.355 161.481 54.0885 444.277 401.552 273.358 148.34 125.018 100.86 170.919 52.4215 49.8731
internal_count=4896 2294 2602 656 220 1803 1638 1108 601 507 409 695 212 203
is_linear=0
shrinkage=0.03


Tree=147
num_leaves=15
num_cat=0
split_feature=41 39 14 3 19 4 39 29 4 3 41 39 11 24
split_gain=3.64919 4.45549 7.3307 4.94607 5.17924 3.86541 3.83992 3.62092 4.72137 4.28273 2.9802 6.65533 4.69905 5.33482
threshold=40.500000000000007 310.07749196969689 24.266666666666669 0.024539146582569619 0.55000000000000016 93.975380977569799 1118.1677279609059 10.500000000000002 95.558872154899646 0.024367206778435738 59.500000000000007 505.30174615299876 16.500000000000004 0.3348484848484849
decision_type=8 2 10 2 10 2 2 2 2 2 10 2 10 8
left_child=1 2 -1 6 -5 -6 -3 10 9 -9 11 -2 -13 -14
right_child=7 3 -4 4 5 -7 -8 8 -10 -11 -12 12 13 -15
leaf_value=-0.012372697272668622 0.0041224673727714607 0.021864258095761795 0.01069618208216694 0.010006473992159794 0.0037542611820225408 -0.014804419249520799 0.0023754796965226085 0.0010449948301546909 0.0026225084867149921 -0.017427732806056365 0.00121730443625347 -0.014791024091493105 -0.00060656601724268125 -0.013919872188042276
leaf_weight=25.992277562618256 94.463908016681671 24.414656072854996 15.937147200107573 32.777251407504082 17.031799152493477 15.176720350980757 15.120297417044638 15.470052272081373 30.283182352781296 32.056498825550079 675.58066889643669 33.812640711665154 146.38168050348759 28.383704617619514
leaf_count=106 385 99 65 133 69 62 62 63 123 130 2744 138 595 116
internal_value=0.000223087 0.00457867 -0.00339894 0.00778803 0.00231512 -0.00580489 0.0155142 -0.000399439 -0.00642303 -0.0118877 0.000109709 -0.00233917 -0.00529361 -0.00309581
internal_weight=1202.88 146.45 41.9294 104.521 64.9858 32.2085 39.535 1056.43 77.8097 47.5266 978.623 303.042 208.578 174.765
internal_count=4890 596 171 425 264 131 161 4294 316 193 3978 1234 849 711
is_linear=0
shrinkage=0.03


Tree=148
num_leaves=15
num_cat=0
split_feature=26 25 10 25 25 39 8 26 10 14 7 1 15 26
split_gain=4.2873 3.53487 3.70118 5.87493 6.53132 7.6284 5.8357 5.43462 3.99266 4.43769 5.07284 3.6017 6.96595 8.48584
threshold=15.645833333333334 -17.95454545454545 -8.7749999999999968 -10.392307692307691 1.607692307692308 1337.091972091763 -6.4999999999999991 12.055555555555557 -14.499999999999998 22.450000000000003 -1.1189677250471231 37.750000000000007 1.3500000000000003 -0.82575757575757569
decision_type=10 8 8 8 10 2 10 10 10 10 2 2 8 10
left_child=1 -1 3 -3 5 8 -7 11 -5 10 -10 12 13 -4
right_child=-2 2 7 4 -6 6 -8 -9 9 -11 -12 -13 -14 -15
leaf_value=0.011164754043941062 0.010050065773526852 -0.013936850880943258 -0.0096466510761630056 0.0031193348907262953 -0.014276596371318387 -0.00012311780519035312 0.022220813512313788 0.015475190719064011 -0.00063590641891958912 0.0041570524231637563 -0.018663059958951792 -0.00099393911011724746 0.012690663416626271 0.013678512833298715
leaf_weight=17.554669559001923 30.006856977939606 40.105628192424774 39.285425707697868 53.040951699018478 26.798829287290573 19.85565984249115 17.244148597121239 15.051004648208616 23.886226385831833 19.651006937026978 30.422670289874077 807.88755813241005 47.459333747625351 15.657947108149527
leaf_count=72 122 165 160 216 109 81 70 61 97 80 124 3281 193 64
internal_value=-0.000297994 -0.000604011 -0.000829973 -0.00418349 -0.00183102 0.000563471 0.0116681 2.51951e-05 -0.00299952 -0.00730736 -0.0114564 -0.000313401 0.0048519 -0.00241288
internal_weight=1203.91 1173.9 1156.35 231.005 190.899 164.101 37.0998 925.341 127.001 73.9599 54.3089 910.29 102.403 54.9434
internal_count=4895 4773 4701 942 777 668 151 3759 517 301 221 3698 417 224
is_linear=0
shrinkage=0.03


Tree=149
num_leaves=15
num_cat=0
split_feature=25 18 26 12 12 11 24 15 20 25 25 10 25 5
split_gain=5.00517 3.85089 3.7835 4.14583 4.18813 2.90707 4.73696 9.33697 6.96613 5.64616 9.29768 4.6639 5.26338 7.70019
threshold=13.700000000000001 2.3500000000000001 18.100000000000005 35.100000000000009 32.900000000000006 12.450000000000001 -0.45048701298701294 -7.4499999999999993 14.230835032216001 -12.049999999999999 -10.07179487179487 -14.899999999999997 -6.1909090909090905 0.6780034438980308
decision_type=10 10 10 10 10 8 8 10 8 8 8 10 10 2
left_child=2 -2 3 4 5 -1 7 -7 -9 -8 -11 -12 13 -13
right_child=1 -3 -4 -5 -6 6 9 8 -10 10 11 12 -14 -15
leaf_value=0.0080587019065741731 -0.016260680745104346 0.0012538512799903036 0.013300101027929398 -0.013463680895355436 0.011876708265014387 -0.023496242362084363 0.012321855308501699 0.0047900013517785632 -0.012585815334375602 -0.016853977082394479 0.0096579589534805822 -0.0093473156157700583 0.001033435178638687 0.0078808475505455222
leaf_weight=35.397035628557205 24.164351344108582 17.348027467727661 15.240300863981245 14.609974816441534 23.150086179375648 17.206277400255203 30.093222811818123 53.800993874669075 27.179592922329903 23.359942764043808 43.324384987354279 97.215304151177406 754.44312489032745 26.101381927728653
leaf_count=146 98 70 62 60 94 71 122 219 111 95 177 397 3062 106
internal_value=5.74523e-05 -0.00959338 0.000442143 0.000214092 0.000449203 0.000158192 -0.000138682 -0.0062519 -0.00143462 0.000506007 6.66062e-05 0.000584414 8.43964e-05 -0.00553578
internal_weight=1202.63 41.5124 1161.12 1145.88 1131.27 1108.12 1072.72 98.1869 80.9806 974.537 944.444 921.084 877.76 123.317
internal_count=4890 168 4722 4660 4600 4506 4360 401 330 3959 3837 3742 3565 503
is_linear=0
shrinkage=0.03


Tree=150
num_leaves=15
num_cat=0
split_feature=9 12 21 20 26 19 21 16 27 15 14 15 26 22
split_gain=3.15936 6.20417 8.57298 7.4683 6.90902 6.42276 6.1802 7.43053 6.60184 7.19812 6.34089 5.05369 8.26171 5.60768
threshold=2.5000000000000004 19.500000000000004 16.127616066858739 11.477514248883912 -1.8819444444444442 0.25000000000000006 12.47775741557407 -0.14999999999999999 14.500000000000002 -5.1499999999999995 23.225000000000005 -1.3499999999999999 4.3452380952380958 0.86190476190476206
decision_type=8 10 8 10 10 10 10 10 2 10 10 8 10 10
left_child=1 2 4 -4 6 -5 10 8 9 -8 -1 -3 13 -13
right_child=-2 11 3 5 -6 -7 7 -9 -10 -11 -12 12 -14 -15
leaf_value=-0.011294244152119623 0.0015699892313135186 -2.1887443838611662e-05 -0.019522576444589781 -0.0075559629649370368 0.011752553956471984 0.013425362219424107 -0.0039123909240006199 -0.0093430952629241365 -0.0052171378005033756 0.018353148344525016 0.0023451662468951095 -0.0066334855147223955 -0.021656920073965032 0.0077721426041781755
leaf_weight=50.243022218346596 466.00699749588966 149.94161981344223 24.606203854084015 32.996281400322914 65.252151444554329 15.068029433488844 14.743253171443937 18.954000547528267 18.517332956194878 54.695105940103531 65.873459711670876 169.39457610249519 25.875893861055374 23.963621377944946
leaf_count=204 1896 612 100 134 266 61 60 77 75 222 267 690 105 97
internal_value=-0.000349852 -0.00157755 0.00121358 -0.00766916 0.00354536 -0.000333142 0.000939076 0.00600352 0.00963531 0.0136804 -0.00377916 -0.00428623 -0.00713723 -0.00469723
internal_weight=1196.13 730.125 360.949 72.6705 288.278 48.0643 223.026 106.91 87.9557 69.4384 116.116 369.176 219.234 193.358
internal_count=4866 2970 1466 295 1171 195 905 434 357 282 471 1504 892 787
is_linear=0
shrinkage=0.03


Tree=151
num_leaves=15
num_cat=0
split_feature=41 42 3 24 40 19 13 39 39 4 14 15 11 23
split_gain=4.32488 5.12514 6.09845 6.54201 4.29721 6.01171 6.05229 8.32549 4.7679 4.7047 4.33096 4.77654 4.52199 6.04527
threshold=40.500000000000007 14.500000000000002 0.024568946653705685 0.10000000000000007 1.0000000180025095e-35 7.7500000000000009 23.300000000000001 935.22570463084014 819.02072968314258 22.044994705129628 32.300000000000004 11.050000000000002 30.700000000000006 0.58578431372549034
decision_type=8 10 2 10 2 8 8 2 2 2 10 8 10 10
left_child=1 2 -1 -4 10 6 -6 9 -7 -8 11 12 -2 -14
right_child=4 -3 3 -5 5 8 7 -9 -10 -11 -12 -13 13 -15
leaf_value=0.014859534243399978 -0.0027877942228906193 -0.0073101793111376183 0.0078534798101479331 -0.0095667714607404301 -0.00087456514171858099 0.0028265315501715838 0.0083925451962015962 0.016693675938655068 -0.018038363825105552 -0.005867451627333444 0.009433531684991071 -0.013826721365987451 0.015697869932573803 -0.0063322155032763732
leaf_weight=46.147536754608154 658.22584681212902 23.583146944642067 45.436346083879471 26.592210292816162 137.76739765703678 15.302725017070768 36.660533621907234 52.225028336048126 17.760949313640594 36.79400597512722 22.48150072991848 28.550298392772675 23.055952116847038 15.06386026740074
leaf_count=188 2681 97 184 108 558 62 149 212 72 149 92 117 93 61
internal_value=-0.00043136 0.00439459 0.0069323 0.00121858 -0.00110454 0.00192917 0.00348244 0.00810922 -0.00927877 0.00133088 -0.00231295 -0.00273937 -0.00218946 0.00726742
internal_weight=1185.65 141.759 118.176 72.0286 1043.89 296.511 263.447 125.68 33.0637 73.4545 747.377 724.896 696.346 38.1198
internal_count=4823 577 480 292 4246 1202 1068 510 134 298 3044 2952 2835 154
is_linear=0
shrinkage=0.03


Tree=152
num_leaves=15
num_cat=0
split_feature=12 12 21 16 14 39 18 9 14 26 26 39 22 11
split_gain=3.45821 3.94714 3.10284 2.88856 6.49923 6.43615 5.53414 5.65319 4.74444 5.88132 4.73246 4.25196 5.54583 3.88945
threshold=31.900000000000002 34.300000000000004 13.475492132349716 2.6500000000000008 19.900000000000002 1225.4827707442839 -5.5499999999999989 8.3000000000000025 22.300000000000001 -1.7596153846153844 0.25833333333333336 754.69040629193739 0.56904761904761914 18.300000000000001
decision_type=8 8 10 10 10 2 10 10 10 8 8 2 8 10
left_child=3 -2 -3 4 5 11 7 13 9 -8 -7 12 -1 -5
right_child=1 2 -4 6 -6 10 8 -9 -10 -11 -12 -13 -14 -15
leaf_value=-0.0014823228303146971 0.012731420220551239 0.0068120900416998144 -0.0095413591172487915 -0.0055238750552274798 -0.00082468058730319875 0.0018396776301677061 -0.015411516149535573 0.0017981290177798833 0.0075162375321399019 -0.0010666343859523733 0.021686470186470009 -0.0064124447193829922 0.014279734889190952 -0.027426886508686327
leaf_weight=42.748000860214233 34.168444633483887 16.522096127271656 15.387549251317976 16.446994781494144 638.39193247258663 17.723180204629898 24.165003404021263 17.88376584649086 43.511738926172256 226.35975086688995 27.426079943776131 34.196392461657524 31.551025494933128 15.098368361592291
leaf_count=174 139 68 63 67 2598 72 98 73 177 920 112 139 128 61
internal_value=-7.88975e-05 0.00634169 -0.00129816 -0.000478694 0.000519718 0.00595562 -0.00275547 -0.0115482 -0.00110899 -0.0027248 0.0148559 0.00176057 0.00568936 -0.0183253
internal_weight=1201.58 66.0781 31.9096 1135.5 792.037 153.645 343.466 49.4291 294.036 250.525 45.1493 108.495 74.299 31.5454
internal_count=4889 270 131 4619 3223 625 1396 201 1195 1018 184 441 302 128
is_linear=0
shrinkage=0.03


Tree=153
num_leaves=15
num_cat=0
split_feature=41 24 21 20 23 20 14 1 26 12 18 9 24 26
split_gain=3.9892 6.51233 4.27672 5.5652 4.61717 7.98416 4.08827 3.83249 9.08943 11.0879 7.76997 9.0815 5.16343 9.03673
threshold=71.500000000000014 0.19543650793650794 12.280291244447083 12.53613822831058 0.67156862745098056 13.467244186765285 24.900000000000002 40.250000000000007 -1.2426470588235292 19.900000000000002 -0.94999999999999984 -4.4999999999999991 0.051515151515151549 -1.0312499999999998
decision_type=8 10 10 10 10 10 8 2 10 10 10 10 8 10
left_child=7 2 3 -2 5 -4 -7 8 10 -10 -1 -12 -9 -14
right_child=1 -3 4 -5 -6 6 -8 12 9 -11 11 -13 13 -15
leaf_value=-0.010553604893188963 0.0082323409627663626 0.0053801365770842317 -0.012968231805636693 -0.0076755010161895379 -0.017095389938513308 0.010890920291301688 -0.0067217152111625628 0.0023105884468387484 0.023995336339536898 0.0033417228871032807 0.013738606865743601 -0.009201148002822233 0.0010156265081420679 -0.0091418095915202346
leaf_weight=43.456712156534195 34.351641267538071 58.017865061759949 43.227249816060066 34.82566225528717 38.115547940135002 26.715429306030273 14.73850706219673 425.77235136926174 32.70810155570507 66.890719383955002 36.827246740460396 20.38181234896183 217.7259940803051 117.80728514492512
leaf_count=177 141 236 176 142 155 109 60 1730 134 272 150 83 886 478
internal_value=0.000231133 -0.00310773 -0.00574437 0.000246359 -0.00899683 -0.00460173 0.00457945 0.00111077 0.00474885 0.0109471 -0.00161156 0.00548323 0.000129013 -0.00263256
internal_weight=1211.56 249.992 191.974 69.1773 122.797 84.6812 41.4539 961.57 200.265 99.5988 100.666 57.2091 761.306 335.533
internal_count=4929 1019 783 283 500 345 169 3910 816 406 410 233 3094 1364
is_linear=0
shrinkage=0.03


Tree=154
num_leaves=15
num_cat=0
split_feature=27 3 3 13 25 3 12 4 4 42 19 27 13 18
split_gain=3.58267 14.1244 7.6774 8.11325 6.43257 6.3562 6.47283 6.27984 7.43273 6.60901 6.40125 5.39437 5.33774 5.27345
threshold=10.500000000000002 0.024608868228794604 0.028587398646271692 21.450000000000003 0.17424242424242428 0.02335684716574549 21.675000000000004 129.35227087680201 153.80561045692176 7.5000000000000009 7.0500000000000007 3.5000000000000004 23.700000000000006 -0.14999999999999999
decision_type=2 2 2 8 10 2 10 2 2 8 8 2 10 10
left_child=1 5 -2 -4 13 -1 -7 9 -9 10 11 -3 -11 -5
right_child=2 7 3 4 -6 6 -8 8 -10 12 -12 -13 -14 -15
leaf_value=-0.00060275548093690278 -0.0035182872258451236 -0.010341823902575365 0.014456061344166236 -0.0060728911840984053 -0.012384371638752414 0.0032358042150895231 0.014736447845907661 0.017421426117136558 -0.00039732345131755732 -0.01538701719395545 0.011741413785549635 0.0014037463959728951 -0.0024803054797351955 0.014554153438460034
leaf_weight=72.411569893360138 447.33729736506939 52.380877822637558 43.847634643316269 15.905213519930838 24.610759273171425 81.448940068483353 100.91022396087646 22.706070765852928 87.059152498841286 62.55361519753933 26.512957349419594 88.397059500217438 54.277315482497215 20.682107239961624
leaf_count=295 1820 213 178 65 100 331 410 92 354 256 108 359 222 84
internal_value=-3.65356e-05 0.00147039 -0.00180341 0.00532742 -0.001811 0.00690537 0.00982323 -0.00208752 0.00388708 -0.004423 -0.000535783 -0.00317138 -0.0097387 0.00593513
internal_weight=1201.04 648.658 552.383 105.046 61.1981 254.771 182.359 393.887 109.765 284.122 167.291 140.778 116.831 36.5873
internal_count=4887 2640 2247 427 249 1036 741 1604 446 1158 680 572 478 149
is_linear=0
shrinkage=0.03


Tree=155
num_leaves=15
num_cat=0
split_feature=41 11 19 20 24 18 20 8 39 14 41 10 20 2
split_gain=4.66143 3.50117 3.24567 3.54852 6.3245 6.62183 7.80829 5.99704 5.56106 5.19004 5.06695 5.03174 5.11026 6.41892
threshold=30.500000000000004 21.500000000000004 -9.9499999999999975 16.074479056691882 -0.49107142857142844 2.8500000000000001 18.897089494337148 -3.7749999999999995 1084.7828395896918 31.900000000000002 62.500000000000007 17.100000000000005 11.88089035197091 0.79878247922589163
decision_type=8 10 8 8 8 10 8 8 2 8 10 10 10 2
left_child=1 -1 -2 9 -5 7 -7 -6 -9 11 -10 12 -4 -14
right_child=2 -3 3 4 5 6 -8 8 10 -11 -12 -13 13 -15
leaf_value=-0.0015303342533080145 -0.0090450329132921829 0.014206881620036256 -0.0019450795527812643 -0.016443498551646937 -0.013728315417294924 -0.001485459846840852 0.016893546118562631 0.0039409728448946404 0.0032658133802633939 0.012088924951301636 -0.017416830212387879 -0.010505435576720238 0.0038569296827525531 -0.010289778816228612
leaf_weight=18.66008859872818 33.65206153690815 29.76244044303894 345.52774910628796 24.082234397530556 45.888045325875282 57.74095655977726 26.907797768712044 68.12825545668602 15.165928483009337 29.818911671638489 22.549601256847382 32.323238596320152 412.18549484014511 26.252794608473778
leaf_count=76 137 121 1406 99 187 234 109 277 62 122 92 131 1678 107
internal_value=-9.56855e-05 0.00856676 -0.000499355 -0.000199954 -0.00322741 -0.00156824 0.00497315 -0.00525981 -0.00113468 0.00074549 -0.00969129 0.000260042 0.000767671 0.00290338
internal_weight=1188.65 48.4225 1140.22 1106.57 260.463 236.381 84.6488 151.732 105.844 846.108 37.7155 816.289 783.966 438.438
internal_count=4838 197 4641 4504 1060 961 343 618 431 3444 154 3322 3191 1785
is_linear=0
shrinkage=0.03


Tree=156
num_leaves=15
num_cat=0
split_feature=20 16 9 29 22 13 42 18 41 3 21 3 3 21
split_gain=3.7527 5.77402 6.8313 3.53319 3.9557 4.23457 3.69695 5.54694 5.35428 5.09117 7.42259 4.41447 3.16021 5.39827
threshold=8.0846218247137376 0.55000000000000016 -3.8999999999999995 10.500000000000002 0.44097222222222227 22.366666666666671 14.500000000000002 4.2250000000000005 39.500000000000007 0.024539146582569619 14.516274391944458 0.024716769096542749 0.041818816598266591 13.06479575675041
decision_type=10 8 10 2 10 10 10 10 8 2 10 2 2 10
left_child=1 2 -1 6 -5 -6 8 11 9 -2 -11 -8 -10 -14
right_child=3 -3 -4 4 5 -7 7 -9 12 10 -12 -13 13 -15
leaf_value=-0.0092745032111744511 0.016045836899687728 -0.01373125473070071 0.015302362252262672 0.0033399377100906684 -0.015586799518327565 0.0018232866977700678 -0.012598042487574132 0.0066714462812282197 0.00029004827102683308 0.009598043008747531 -0.011039822957144993 0.0025630519731445266 -0.0018564559710578697 0.014013287231839347
leaf_weight=16.22312401235104 37.760693565011024 36.983748406171799 14.793644636869429 27.878162249922752 33.45317280292511 17.254429325461388 53.673457875847816 26.73213954269886 790.36208988726139 37.735953807830811 19.904913038015366 22.403586715459824 34.182399675250053 36.400005802512169
leaf_count=66 154 151 60 114 136 70 221 109 3214 153 81 92 139 148
internal_value=0.000151004 -0.00644426 0.00294462 0.000571661 -0.00537143 -0.0100307 0.00103578 -0.00424115 0.00162217 0.00818082 0.00215891 -0.0082506 0.000852368 0.00671333
internal_weight=1205.74 68.0005 31.0168 1137.74 78.5858 50.7076 1059.16 102.809 956.346 95.4016 57.6409 76.077 860.944 70.5824
internal_count=4908 277 126 4631 320 206 4311 422 3889 388 234 313 3501 287
is_linear=0
shrinkage=0.03


Tree=157
num_leaves=15
num_cat=0
split_feature=7 9 27 20 13 13 15 27 19 17 42 12 19 25
split_gain=4.98529 4.16208 4.89484 5.39095 5.22127 4.19604 6.43627 6.47905 9.08944 6.7072 7.19825 5.81203 3.98324 10.179
threshold=-6.7698326543832028 -9.0999999999999979 5.5000000000000009 16.690815797202919 19.500000000000004 18.100000000000005 -1.2499999999999998 18.500000000000004 0.75000000000000011 9.5500000000000025 8.5000000000000018 19.900000000000002 5.9500000000000011 2.0333333333333337
decision_type=2 8 2 10 8 8 10 2 10 10 10 10 8 10
left_child=-1 2 -2 4 -4 6 -3 8 11 10 -10 -8 -7 -14
right_child=1 5 3 -5 -6 12 7 -9 9 -11 -12 -13 13 -15
leaf_value=-0.012329459025730408 0.01245038374676693 0.017001511608688142 0.0085154161578307238 0.013774655518805296 -0.006774198539540045 -0.00064150930563420855 0.0011697701003430881 0.016685445016406706 0.018567592884256478 -0.0066496174710031618 -0.0019269058106501371 -0.012764028857215391 -0.0010763043478293 -0.018110624422389667
leaf_weight=25.154554411768913 44.044293418526649 20.976736649870872 23.699913889169693 18.3304363489151 63.387551218271255 654.90795576572418 47.651730701327324 16.52011202275753 38.247271537780762 22.052538350224495 22.625391244888306 54.761021077632904 110.93938820064068 39.525645673274994
leaf_count=102 179 86 96 75 258 2666 194 67 155 90 92 222 453 162
internal_value=-0.000284642 2.36685e-05 0.00461673 0.000928197 -0.00237686 -0.000663098 0.00293806 0.00110099 -0.000689951 0.00648139 0.0113821 -0.0065281 -0.00167147 -0.0059896
internal_weight=1202.82 1177.67 149.462 105.418 87.0875 1028.21 222.835 201.858 185.338 82.9252 60.8727 102.413 805.373 150.465
internal_count=4897 4795 608 429 354 4187 906 820 753 337 247 416 3281 615
is_linear=0
shrinkage=0.03


Tree=158
num_leaves=15
num_cat=0
split_feature=25 0 2 7 2 20 15 26 26 25 14 21 42 39
split_gain=3.8023 3.4953 3.67653 4.24674 4.20115 5.28941 4.15179 7.78768 11.8483 7.19376 7.16408 6.22913 5.36369 6.21727
threshold=15.531250000000002 13.750000000000002 0.5933355947830613 -6.7698326543832028 0.57789124044237994 13.622897377545568 2.5500000000000003 7.9393382352941186 0.34313725490196084 9.6770833333333339 25.100000000000005 15.536516124967241 6.5000000000000009 1010.6699654872941
decision_type=10 2 2 2 2 8 8 8 10 10 8 10 10 2
left_child=1 2 4 -4 -1 -6 9 8 10 12 11 -8 13 -5
right_child=-2 -3 3 6 5 -7 7 -9 -10 -11 -12 -13 -14 -15
leaf_value=-0.00050615396568397144 -0.010841902283917678 -0.0098579048077022339 -0.010636762690603862 0.0025941796585564176 0.001543141714370666 -0.021131142609798884 0.01426475339067846 0.013563778652527329 -0.01210267685577013 0.021877957096041713 -0.0045255173693478914 -0.0058824863662219956 -0.00089974130208694836 0.014004366383576279
leaf_weight=539.0762689858675 23.42317245900631 24.942172095179558 17.467621818184853 119.60251155495644 15.739133730530741 15.486465245485304 49.848803758621216 25.707414150238037 69.93005408346653 15.979880794882773 58.209445580840111 15.338323205709456 136.6956339776516 64.813847705721855
leaf_count=2197 95 102 71 486 64 63 202 105 284 65 237 62 558 264
internal_value=1.7933e-07 0.000262708 0.000525325 0.00221196 -0.00117553 -0.0110667 0.00270672 -0.000507228 -0.00267309 0.00477196 0.00293395 0.00944282 0.00359831 0.00686815
internal_weight=1192.26 1168.84 1143.9 573.594 570.302 31.2256 556.126 219.034 193.327 337.092 123.397 65.1871 321.112 184.416
internal_count=4855 4760 4658 2334 2324 127 2263 890 785 1373 501 264 1308 750
is_linear=0
shrinkage=0.03


Tree=159
num_leaves=15
num_cat=0
split_feature=7 20 7 7 8 39 14 25 2 25 19 10 21 19
split_gain=3.93719 6.26398 7.00827 5.84443 4.57938 4.74041 4.22386 3.12444 3.10952 2.89961 7.41464 6.85911 10.8307 5.41817
threshold=-3.0911313265987608 13.708269936599473 -3.945987305583698 -3.6863035551219712 -3.4499999999999997 1046.412264766728 19.633333333333336 -17.95454545454545 0.68914819416286499 -10.07179487179487 3.5500000000000003 -14.899999999999997 12.928220622862197 2.8500000000000001
decision_type=2 8 2 2 8 2 10 8 2 8 8 8 10 10
left_child=1 3 4 6 -3 -6 -1 -2 -4 10 -9 12 -11 -14
right_child=7 2 8 -5 5 -7 -8 9 -10 11 -12 -13 13 -15
leaf_value=0.0031488406944029041 0.0097081841648143877 -0.019047979050435659 -0.00043816449029639355 -0.0037194248218439963 0.0061753831337132536 -0.011862944829464943 0.019093286730824527 8.6398120975643587e-05 0.016127080348172229 0.024107898361806327 -0.018796552354939034 -0.0014588020364279767 0.0081817632329856376 -0.010427947468301503
leaf_weight=25.805510371923447 19.207605585455894 16.225237160921097 18.878269597887993 21.148057445883751 25.363150388002396 18.219483986496925 40.134948179125786 52.496832460165024 16.543682426214218 20.049645483493805 24.044310614466667 866.82867988944054 25.983585521578789 20.81356255710125
leaf_count=105 79 66 77 86 103 74 163 215 67 82 99 3528 106 85
internal_value=-0.000232849 0.00377032 -0.00154915 0.00935535 -0.00759545 -0.00181026 0.0135152 -0.000956635 0.00833641 -0.00120622 -0.00663426 -0.000728274 0.00818703 -0.00030276
internal_weight=1211.74 182.318 95.2298 87.0885 59.8079 43.5826 65.9405 1029.42 35.422 1010.22 76.5411 933.675 66.8468 46.7971
internal_count=4935 741 387 354 243 177 268 4194 144 4115 314 3801 273 191
is_linear=0
shrinkage=0.03


Tree=160
num_leaves=15
num_cat=0
split_feature=8 10 22 41 4 4 41 1 13 16 19 1 18 4
split_gain=3.4414 3.81976 6.54376 3.54732 3.27399 4.20936 3.7439 6.79144 5.59922 5.85873 7.74889 5.49405 5.38491 5.08855
threshold=18.100000000000005 15.100000000000003 0.67261904761904778 64.500000000000014 -266.02456466823941 -213.48913982346571 59.500000000000007 39.750000000000007 18.900000000000002 0.35000000000000003 2.4500000000000006 41.250000000000007 1.0000000180025095e-35 135.60909201836299
decision_type=10 10 8 10 2 2 8 2 10 10 10 2 8 2
left_child=1 4 3 -3 -1 -6 8 13 9 -7 -11 12 -9 -8
right_child=-2 2 -4 -5 5 6 7 11 -10 10 -12 -13 -14 -15
leaf_value=0.012245676488819678 0.012479018624683548 0.010602439508967776 -0.013725354003147162 -0.0062475996143547931 -0.012194870517308793 0.011888840329136216 -0.007691602456997731 0.0023723314613517004 -0.0041353212025142874 -0.0099535323824222321 0.010161166860090208 0.0020249631553903146 0.019388031372209777 0.0067554700079405297
leaf_weight=15.649126037955282 15.058792695403097 19.187027588486671 41.589966803789139 16.511817783117294 19.174803450703621 42.053867936134338 94.668980091810226 35.177254721522331 275.36616963148117 38.059665992856026 23.872904315590858 503.85136117041111 29.974953576922417 23.949241325259209
leaf_count=64 61 78 169 67 79 172 386 143 1124 154 97 2049 122 98
internal_value=0.000157206 -5.21931e-05 -0.00628785 0.00299872 0.000411654 0.000185819 0.000464157 0.00177985 -0.00191283 0.00389225 -0.00202014 0.00314251 0.0110247 -0.00461945
internal_weight=1194.15 1179.09 77.2888 35.6988 1101.8 1086.15 1066.97 687.622 379.353 103.986 61.9326 569.004 65.1522 118.618
internal_count=4863 4802 314 145 4488 4424 4345 2798 1547 423 251 2314 265 484
is_linear=0
shrinkage=0.03


Tree=161
num_leaves=15
num_cat=0
split_feature=41 18 3 13 14 16 10 42 24 24 4 23 13 4
split_gain=3.43325 3.09832 2.91362 5.17051 4.86681 5.59295 3.70221 5.17049 5.75641 4.05567 4.57448 3.67981 4.97237 4.61523
threshold=30.500000000000004 -12.449999999999998 0.020498953684794378 16.700000000000006 16.700000000000006 -3.3499999999999992 15.100000000000003 2.5000000000000004 0.3348484848484849 0.23431372549019611 113.36765578253325 0.44097222222222227 24.450000000000003 244.26239168513635
decision_type=8 10 2 10 10 10 8 10 8 10 2 10 10 2
left_child=-1 -2 3 -3 -5 -6 9 -8 -9 -4 -11 12 13 -12
right_child=1 2 6 4 5 -7 7 8 -10 10 11 -13 -14 -15
leaf_value=0.0076996085847554881 0.011096301748742293 0.0081639500506951179 -0.00011954232896391362 0.0052408086058202304 0.00033503257337592457 -0.017436636803385593 -0.015311530610438715 0.011828444601636193 -0.0072100926565661239 0.013384663841162561 0.013903238121325687 -0.00726042690430389 -0.0064371251397057237 -0.00097866698271334754
leaf_weight=49.306994214653969 17.141279458999634 17.748724594712257 796.65873625874519 16.670095965266228 23.598959043622017 42.931545853614807 26.898377045989037 18.204478874802589 32.219293668866158 38.693143710494041 44.738766923546791 25.559661373496056 23.518661916255951 29.110698014497757
leaf_count=201 71 72 3244 68 96 175 109 74 131 157 182 104 96 119
internal_value=0.000328078 -1.88359e-05 -0.00023434 -0.00497309 -0.00807947 -0.0115501 0.000249263 -0.00585863 0.000110392 0.000769951 0.00502644 0.00197527 0.0046359 0.00834688
internal_weight=1203 1153.69 1136.55 100.949 83.2006 66.5305 1035.6 77.3221 50.4238 958.28 161.621 122.928 97.3681 73.8495
internal_count=4899 4698 4627 411 339 271 4216 314 205 3902 658 501 397 301
is_linear=0
shrinkage=0.03


Tree=162
num_leaves=15
num_cat=0
split_feature=42 18 18 12 12 0 18 17 24 10 42 1 15 5
split_gain=4.0996 6.97473 5.54498 5.65166 4.81378 6.58475 4.50647 4.79517 8.46085 5.7275 4.91952 7.11774 4.19963 4.14687
threshold=11.500000000000002 3.5500000000000003 -5.9499999999999993 22.633333333333336 23.300000000000001 -2.2499999999999996 3.4500000000000006 -2.7999999999999989 0.063068181818181815 3.2000000000000011 4.5000000000000009 46.250000000000007 2.4500000000000006 0.56627195875357683
decision_type=8 10 8 10 10 2 8 8 8 10 10 2 10 2
left_child=6 2 3 -2 -4 -6 -1 8 -8 -9 11 -11 -12 -7
right_child=1 -3 4 -5 5 13 7 9 -10 10 12 -13 -14 -15
leaf_value=0.0017506918074938482 0.011710042013634611 0.0036085971327761484 -0.013794297438643405 -0.0094279579034449983 -0.012936841173949895 0.015555156881728323 -0.012634412335128875 0.0060706862114785053 0.0058332703238548767 0.0014581483753892282 -0.0075186930242979767 -0.019700408925934176 0.0078543738216689425 -0.0033221155821455679
leaf_weight=655.41471730172634 22.126006290316582 76.413764804601669 87.670193746685982 14.902056425809858 25.227839112281799 14.670259267091749 76.343525767326355 80.10151019692421 27.381501108407974 24.463793352246284 21.715832933783531 27.41698169708252 35.271269455552101 19.377882242202759
leaf_count=2665 90 312 361 61 104 60 311 326 111 99 88 111 143 81
internal_value=-0.000549522 -0.00384563 -0.00695531 0.00309343 -0.0095059 -0.00258362 0.000371145 -0.00269552 -0.00771522 0.000187642 -0.00421741 -0.0104722 0.00186228 0.00576181
internal_weight=1208.5 260.388 183.974 37.0281 146.946 59.276 948.109 292.694 103.725 188.969 108.868 51.8808 56.9871 34.0481
internal_count=4923 1069 757 151 606 245 3854 1189 422 767 441 210 231 141
is_linear=0
shrinkage=0.03


Tree=163
num_leaves=15
num_cat=0
split_feature=23 17 8 21 7 20 26 13 23 42 8 19 23 21
split_gain=4.43029 4.24604 4.8942 4.63372 6.80687 6.60459 6.08719 4.19895 4.01492 3.78319 6.31712 4.43966 3.18166 3.85274
threshold=0.74342105263157909 7.9000000000000021 7.1000000000000005 11.051646293351224 -4.029772978902014 16.074479056691882 4.8708333333333345 31.700000000000006 0.82085561497326209 1.0000000180025095e-35 -4.2999999999999998 -1.0000000180025095e-35 0.71825396825396837 17.779513705278124
decision_type=8 10 10 10 2 8 10 8 10 10 10 8 10 8
left_child=7 2 3 5 -5 6 -2 12 -4 10 -6 -12 13 -1
right_child=1 -3 8 4 9 -7 -8 -9 -10 -11 11 -13 -14 -15
leaf_value=0.0020208087748481525 -0.0045678345032270562 -0.013544968016608096 -0.0015704761041809552 0.010889626696361062 0.010467684494163378 -0.010691211352694721 0.017127922449775686 -0.0082118933221037773 0.016452923910948717 -0.011361164061631155 0.002898314331236163 -0.016904687626592859 0.012239969376543315 -0.0040984785923159524
leaf_weight=755.84110271930695 15.575541377067564 26.232708334922791 20.726499617099762 15.006131142377852 20.066055789589882 16.232979193329811 26.928902238607407 36.201196238398552 17.185176119208336 97.370159596204758 15.461521863937376 19.095284774899483 19.636050418019295 100.71445640921593
leaf_count=3078 64 107 84 61 82 67 110 148 70 397 63 78 80 410
internal_value=0.000135906 -0.00306352 -0.00178795 -0.00348855 -0.00599317 0.00354397 0.00953364 0.00116357 0.00756457 -0.00795373 -0.00143629 -0.00879796 0.00159533 0.00128169
internal_weight=1202.27 289.881 263.648 225.737 166.999 58.7374 42.5044 912.393 37.9117 151.993 54.6229 34.5568 876.192 856.556
internal_count=4899 1183 1076 922 681 241 174 3716 154 620 223 141 3568 3488
is_linear=0
shrinkage=0.03


Tree=164
num_leaves=15
num_cat=0
split_feature=39 26 7 41 4 8 26 13 20 39 26 15 13 11
split_gain=3.26056 5.98009 4.75026 3.56207 7.74684 7.25479 5.38841 5.07528 6.23984 4.99361 4.35149 4.17816 3.99474 4.08792
threshold=197.65515678535397 7.0294117647058831 0.62863048496091378 71.500000000000014 229.83589992693092 -1.8999999999999997 -6.4772727272727257 30.300000000000001 13.352070168246488 509.81142204171022 -7.0690476190476179 -7.7499999999999991 27.300000000000001 17.300000000000001
decision_type=2 8 2 10 2 8 10 8 8 2 10 8 10 10
left_child=1 2 -1 6 5 9 11 -8 -9 -5 -11 -2 13 -12
right_child=3 -3 -4 4 -6 -7 7 8 -10 10 12 -13 -14 -15
leaf_value=0.0073631021992260938 0.0074405275989624957 0.017937674781866784 -0.0086660234445555401 -0.011839993570158214 0.012869359575883532 -0.011300797937402633 0.0022612109569977298 -0.018403606550163234 0.0018446148727178373 0.013900077757639542 0.013824746706191951 -0.0055538281292591574 -0.011407613116978344 -0.0054800012412788632
leaf_weight=33.185718476772308 21.069414734840393 20.300281390547752 24.499037757515907 17.672199547290802 17.480950638651848 96.601237386465073 685.92192925512791 19.754521563649178 28.846512869000435 21.8484877794981 15.954221546649935 172.38233624398708 16.079181298613548 14.7803588360548
leaf_count=135 86 83 100 72 71 394 2791 81 118 89 65 703 66 60
internal_value=3.63883e-05 0.00577639 0.000407212 -0.000384046 -0.00395915 -0.00586685 0.000405156 0.00158099 -0.00733454 0.000499096 0.00426302 -0.00398677 -0.00114203 0.00507325
internal_weight=1206.38 77.985 57.6848 1128.39 200.417 182.936 927.975 734.523 48.601 86.3344 68.6622 193.452 46.8138 30.7346
internal_count=4914 318 235 4596 817 746 3779 2990 199 352 280 789 191 125
is_linear=0
shrinkage=0.03


Tree=165
num_leaves=15
num_cat=0
split_feature=42 15 24 12 3 21 19 21 21 24 25 3 3 39
split_gain=4.36159 5.35986 9.60744 8.27227 6.95957 6.56978 4.77551 4.3836 4.01799 10.6338 4.97743 4.07241 4.75526 4.10887
threshold=6.5000000000000009 2.4500000000000006 0.23431372549019611 25.450000000000003 0.024894850512617198 12.530185537692638 -1.2499999999999998 19.130690860663055 15.736193218144633 -0.29583333333333323 -1.4833333333333332 0.029566790981738759 0.024195292374359471 310.07749196969689
decision_type=10 10 10 10 2 10 10 8 10 8 10 2 2 2
left_child=1 2 7 4 6 -5 -3 8 11 -10 -11 12 -1 -14
right_child=-2 3 -4 5 -6 -7 -8 -9 9 10 -12 -13 13 -15
leaf_value=-0.0027502443794812201 -0.0019821157062488502 -0.003252100214464506 0.012841024712727198 0.0177672875128118 0.0032626235696786988 -0.00075440293390801314 -0.016244469297825689 0.01206152364261568 0.01121650338700728 -0.018191168219813023 -0.0011684497847065948 -0.0056936437289372187 -0.0040960722331745301 0.008239269263510908
leaf_weight=69.011559531092644 507.75380091369152 51.506939768791199 76.365332454442978 22.593677684664726 47.333238482475281 44.893890187144279 52.219535931944847 27.535623252391815 21.825624689459801 33.957005769014359 26.839074492454529 44.319116503000259 25.703444883227348 148.87605078518391
leaf_count=281 2073 209 311 92 192 182 212 113 89 138 109 181 105 606
internal_value=0.000119204 0.00166203 0.00344149 -0.00219148 -0.00603951 0.00624417 -0.0102392 0.00150136 0.000566453 -0.00507849 -0.0113362 0.00224542 0.00377533 0.00635965
internal_weight=1200.73 692.98 474.433 218.547 151.06 67.4876 103.726 398.067 370.532 82.6217 60.7961 287.91 243.591 174.579
internal_count=4893 2820 1933 887 613 274 421 1622 1509 336 247 1173 992 711
is_linear=0
shrinkage=0.03


Tree=166
num_leaves=15
num_cat=0
split_feature=4 25 25 27 7 22 1 20 23 7 7 19 15 20
split_gain=4.15381 4.40306 6.76021 5.92911 4.98399 5.01555 6.53703 4.91657 4.5425 4.31919 7.1061 5.91061 5.67557 5.09798
threshold=-222.01856226225854 -6.1909090909090905 -12.049999999999999 6.5000000000000009 -6.7698326543832028 0.31980519480519487 39.250000000000007 12.321841490903726 0.44722222222222224 0.16562022162559045 0.88545230177899159 -4.3499999999999988 2.8500000000000001 14.862705002791389
decision_type=2 8 10 2 2 8 2 10 10 2 2 10 10 10
left_child=-1 2 3 -2 -3 6 -6 8 -4 -7 11 -11 -13 -12
right_child=1 4 7 -5 5 9 -8 -9 -10 10 13 12 -14 -15
leaf_value=0.010611460823647929 0.010659381677274933 -0.012699904160976947 -0.0088157204199797168 -0.0065738614417463863 -0.0072898320084265654 0.0023476094552249459 0.012444675818786171 -0.012184653888947057 0.007047894677231205 0.0060073465755500861 -0.0021684472916102125 -0.020137340385593963 -0.0020547834115186461 0.0061282989274699445
leaf_weight=28.561909407377243 38.63763989508152 19.199521005153656 26.454959616065025 26.180770814418793 15.945119574666021 472.82301719486713 61.276374533772469 82.114492520689964 28.632917806506157 14.683849170804022 231.56301388144493 37.855085462331772 26.547586590051651 87.8055519759655
leaf_count=117 159 78 108 107 65 1924 249 336 117 60 943 154 108 359
internal_value=0.00020553 -9.26436e-05 -0.00406502 0.00372641 0.00075328 0.00109077 0.00817428 -0.00774753 -0.000669967 0.000419895 -0.00186836 -0.00962774 -0.0133685 0.000171921
internal_weight=1198.28 1169.72 202.021 64.8184 967.699 948.5 77.2215 137.202 55.0879 871.278 398.455 79.0865 64.4027 319.369
internal_count=4884 4767 827 266 3940 3862 314 561 225 3548 1624 322 262 1302
is_linear=0
shrinkage=0.03


Tree=167
num_leaves=15
num_cat=0
split_feature=39 21 21 2 42 19 16 4 14 10 16 39 10 14
split_gain=2.7432 8.19342 6.01896 5.86024 5.33497 4.66559 3.96584 3.44368 3.28021 3.64892 5.27182 4.70511 3.99109 4.13845
threshold=1574.3840512640834 14.29860132888037 10.170763673554939 0.49667362881894611 2.5000000000000004 -0.74999999999999989 1.5500000000000003 -222.01856226225854 13.266666666666667 -9.1499999999999968 5.7500000000000009 1010.6699654872941 -7.5499999999999989 16.900000000000002
decision_type=2 8 10 2 10 10 8 2 10 8 10 2 8 10
left_child=7 2 5 6 -5 -2 -4 -1 -9 10 11 -10 -11 -14
right_child=1 -3 3 4 -6 -7 -8 8 9 12 -12 -13 13 -15
leaf_value=0.01002406643228136 0.018329072488071637 0.010223314915145738 -0.023008634915806736 -0.011389963804453894 0.0057820219280519556 -0.001929725619423244 -0.002016378150397877 0.0076164427988680856 -0.012318286022186561 0.0091039423085686032 0.0020005694042004776 0.0027634226130600521 -0.0075921273421981055 0.00036043722908474913
leaf_weight=24.898909747600555 16.261452347040176 92.642123341560364 16.437054023146629 18.949903070926666 45.879175379872322 18.067064717411995 14.70430923998356 39.797576367855072 75.470529481768608 37.601665034890175 62.240117162466049 22.12880252301693 59.604858249425888 662.34000563621521
leaf_count=102 67 378 67 77 187 74 60 163 310 153 254 90 242 2696
internal_value=0.00068387 0.00364938 -0.00122974 -0.00506656 0.000306405 0.00877708 -0.0147468 -3.00918e-06 -0.000313929 -0.000696552 -0.00474263 -0.00893077 0.000180354 -0.000343842
internal_weight=1207.02 222.941 130.299 95.9704 64.8291 34.3285 31.1414 984.082 959.184 919.386 159.839 97.5993 759.547 721.945
internal_count=4920 910 532 391 264 141 127 4010 3908 3745 654 400 3091 2938
is_linear=0
shrinkage=0.03


Tree=168
num_leaves=15
num_cat=0
split_feature=17 19 11 26 19 7 7 41 21 30 19 41 26 7
split_gain=2.82806 8.14109 7.15379 5.70892 5.48818 5.33969 4.85629 4.27652 4.13899 4.4478 7.2271 5.13354 4.06714 3.60202
threshold=-2.7999999999999989 8.3500000000000032 17.100000000000005 8.2722222222222239 8.9500000000000011 1.6665515378692184 2.7465586329929286 47.500000000000007 17.395401398080217 -1.0000000180025095e-35 -7.6833333333333327 58.500000000000007 2.5166666666666671 0.68813700335316341
decision_type=8 10 10 10 10 2 2 10 10 2 10 10 10 2
left_child=1 2 5 -3 -2 -1 -7 -6 9 11 -11 -4 -10 -9
right_child=4 3 8 -5 7 6 -8 13 12 10 -12 -13 -14 -15
leaf_value=-0.0028605209386307318 0.0014808120551797112 0.014400657014236902 0.010553100954995976 -0.005696333118628368 0.0051789823868521167 0.021151110278860817 0.0020109093168012163 -0.017342595452801084 -0.0089556375777163754 0.0076745019049854245 -0.011774318982995319 -0.008711335329846831 0.0080192462012062243 -0.00031672070953840979
leaf_weight=72.114087730646133 702.26315028965473 35.90308690071106 19.707410529255867 15.221271052956579 14.887027829885481 15.184284940361975 32.12724731862545 29.35811223089695 15.500468522310255 15.656323686242102 170.23933881521225 20.135764062404633 28.741974160075188 16.859931915998459
leaf_count=296 2857 146 80 62 61 62 132 120 63 64 696 82 117 69
internal_value=-0.00039181 -0.00229208 -0.0037906 0.00844276 0.000712596 0.00225832 0.00958832 -0.00756051 -0.00645874 -0.00807416 -0.00997821 0.000931552 0.00176657 -0.0117689
internal_weight=1203.9 440.531 389.407 51.1244 763.368 119.426 47.3115 61.1051 269.981 225.739 185.896 39.8432 44.2424 46.218
internal_count=4907 1800 1592 208 3107 490 194 250 1102 922 760 162 180 189
is_linear=0
shrinkage=0.03


Tree=169
num_leaves=15
num_cat=0
split_feature=37 17 13 0 15 21 3 17 26 11 26 25 16 27
split_gain=2.74837 6.49841 6.84257 6.13738 5.21788 4.03155 3.97649 9.17216 7.81805 7.47247 7.26785 6.59301 6.0741 5.6758
threshold=1.0000000180025095e-35 5.9500000000000011 16.500000000000004 1.0000000180025095e-35 -5.6499999999999995 13.977163902439008 0.024716769096542749 -3.6624999999999992 -1.6306818181818181 19.633333333333336 -8.0357142857142829 -2.4142857142857137 5.4500000000000011 12.500000000000002
decision_type=2 10 8 2 8 8 2 10 8 10 10 10 10 2
left_child=6 2 -2 4 -4 -5 -1 8 -8 10 -9 -12 13 -10
right_child=1 -3 3 5 -6 -7 7 9 12 -11 11 -13 -14 -15
leaf_value=-0.00068148256225148167 0.014999259246628129 -0.011483367652616606 0.0044317411749116272 -0.0024041796698500255 -0.013348881422692601 0.0095372851677121648 -0.016286126098730647 -0.016785794420806893 -0.013390443524885274 0.0096249118416850063 0.012434728110341407 -0.0094232054858978068 0.0090210204372529607 0.0069156680643074351
leaf_weight=621.00217939913273 18.908937573432922 53.887866109609604 17.525869935750961 56.453363969922066 50.076418533921242 39.147965461015701 27.114280164241791 16.527755975723267 28.738721504807472 176.9688870459795 27.056450590491295 15.735147252678869 39.686597302556038 15.672913596034048
leaf_count=2533 77 219 72 230 204 159 111 68 118 720 110 64 162 64
internal_value=4.81938e-05 -0.00282028 -1.84733e-05 -0.00215259 -0.00875151 0.00271673 0.000758065 0.00330379 -0.003689 0.00660329 -0.00245865 0.00425225 0.00105849 -0.00624973
internal_weight=1204.5 236 182.113 163.204 67.6023 95.6013 968.503 347.501 111.213 236.288 59.3194 42.7916 84.0982 44.4116
internal_count=4911 961 742 665 276 389 3950 1417 455 962 242 174 344 182
is_linear=0
shrinkage=0.03


Tree=170
num_leaves=15
num_cat=0
split_feature=5 39 25 9 12 26 26 5 7 27 41 5 42 23
split_gain=5.01235 3.94056 6.18912 5.70297 5.87784 5.89656 4.91575 6.71367 7.28374 5.07826 5.04463 5.66659 8.85919 4.85197
threshold=0.17779481828546143 414.51426689660474 1.607692307692308 12.700000000000001 27.500000000000004 10.34848484848485 4.4330357142857153 0.70150137224483478 -2.1911187432285439 16.500000000000004 76.500000000000014 0.72261831558488188 2.5000000000000004 0.71825396825396837
decision_type=2 2 8 10 8 8 8 2 2 2 8 2 10 10
left_child=-1 -2 -3 4 6 13 9 8 -8 10 11 12 -4 -6
right_child=1 2 3 -5 5 -7 7 -9 -10 -11 -12 -13 -14 -15
leaf_value=0.014757674850323203 -0.0035822877452064187 0.0029118338905905396 -0.0054962886929477966 -0.013438117140482446 0.0073158766167477143 0.018681047181877661 0.0021293587899404304 0.0067707066256069452 -0.015844196180116461 0.010848135714425869 -0.01249202800498541 -0.0047206987491883743 0.013454033207781841 -0.010932537214632946
leaf_weight=15.103289425373076 258.91396260261536 481.4211413115263 34.098437860608101 30.969601273536682 29.887710377573967 19.92718830704689 26.806385830044746 20.661125466227531 66.59671925008297 28.46452870965004 28.056331798434258 92.206788212060928 48.80769719183445 16.019224122166634
leaf_count=62 1057 1963 138 126 122 82 109 84 272 116 114 376 199 65
internal_value=-9.75122e-05 -0.000348515 0.0005721 -0.00197751 -0.000964097 0.00693319 -0.00254545 -0.00749949 -0.0108398 1.00326e-06 -0.00174277 0.000278438 0.00579066 0.00049975
internal_weight=1197.94 1182.84 923.923 442.502 411.532 65.8341 345.698 114.064 93.4031 231.634 203.169 175.113 82.9061 45.9069
internal_count=4885 4823 3766 1803 1677 269 1408 465 381 943 827 713 337 187
is_linear=0
shrinkage=0.03


Tree=171
num_leaves=15
num_cat=0
split_feature=18 18 2 42 9 41 26 1 26 41 11 16 19 2
split_gain=2.56659 4.61978 2.61016 5.58452 5.12216 3.25429 5.0112 5.55788 5.0202 4.23867 5.29937 3.6955 9.36362 5.40191
threshold=-13.099999999999998 -10.649999999999997 0.37490182330111116 12.500000000000002 -1.4999999999999998 39.500000000000007 -1.2426470588235292 39.250000000000007 -5.4580419580419575 36.500000000000007 21.700000000000006 3.5500000000000003 8.0500000000000025 0.54904291373201175
decision_type=10 10 2 8 10 10 10 2 8 8 10 8 10 2
left_child=-1 -2 3 4 -3 6 7 -4 -9 10 -8 -7 13 -13
right_child=1 2 5 -5 -6 11 9 8 -10 -11 -12 12 -14 -15
leaf_value=0.011126945257507214 -0.01317060214017997 0.017978691924524247 0.010886584678021893 -0.0061000656396654387 0.0035925948692082763 0.00032252180126803579 -0.010047422610834517 0.0034931190464351281 -0.015162002510069966 0.015952251989699795 0.0086362743548294846 -0.013059459247831293 0.012970475627846301 -0.0023002983419995863
leaf_weight=15.126474156975744 17.421197950839996 22.785772651433945 15.587421596050261 37.755699306726456 134.34824955463409 625.2777254730463 15.74223907291889 19.536095798015594 26.262892708182335 34.084500297904015 35.770683854818344 66.878085985779762 20.176587492227554 107.58507519960403
leaf_count=63 71 93 64 156 549 2546 64 80 108 139 146 272 82 437
internal_value=0.000502929 0.000320243 0.000578112 0.00369884 0.00616881 -6.6699e-05 0.00396761 -0.002473 -0.00764386 0.00846808 0.00254279 -0.000809581 -0.00436344 -0.00667362
internal_weight=1194.34 1179.21 1161.79 194.89 157.134 966.901 146.984 61.3864 45.799 85.5974 51.5129 819.917 194.64 174.463
internal_count=4870 4807 4736 798 642 3938 601 252 188 349 210 3337 791 709
is_linear=0
shrinkage=0.03


Tree=172
num_leaves=15
num_cat=0
split_feature=21 13 13 21 18 27 19 27 21 18 12 13 12 4
split_gain=2.52725 6.01633 7.09932 4.51912 9.6905 4.31888 4.17108 5.28029 6.20464 5.54955 5.20109 5.54695 5.53759 5.56224
threshold=9.0191155023341754 24.100000000000005 26.300000000000001 10.219806477837247 1.1500000000000001 11.500000000000002 -2.0499999999999994 13.500000000000002 11.500724614852183 3.2500000000000004 19.300000000000001 22.100000000000005 24.500000000000004 19.409353135549171
decision_type=8 10 10 8 10 2 10 2 10 8 10 10 10 2
left_child=1 5 -3 4 -2 -1 7 8 9 -5 11 -9 13 -12
right_child=3 2 -4 6 -6 -7 -8 10 -10 -11 12 -13 -14 -15
leaf_value=-0.016470406861013108 0.014950411653171977 0.015025870235190775 -0.0077584888017359034 -0.016992846954600994 -0.0039875953321566867 -0.00096685981430327079 0.0011263429859037556 -0.0037654118183615059 0.0019658808502494326 0.0035499858281313654 0.01571619033579175 -0.023957706502399513 -0.014349213827850364 -0.0055661829304968057
leaf_weight=33.967147082090378 49.322281286120415 20.522994682192802 19.383927688002586 28.26645103096962 40.954701066017151 28.772012025117874 672.31451110541821 24.871666759252548 190.29610848426819 16.067484736442566 16.43089859187603 24.249692797660828 14.775545015931128 18.915738821029663
leaf_count=139 202 84 80 115 167 118 2741 101 776 66 67 99 60 77
internal_value=-7.3277e-05 -0.00446031 0.00432723 0.0003558 0.00660067 -0.00995669 -0.000234368 -0.0029506 -0.000444742 -0.0099425 -0.00856941 -0.0150261 -0.00145261 0.00504857
internal_weight=1199.11 102.646 39.9069 1096.47 90.277 62.7392 1006.19 333.874 234.63 44.3339 99.2435 49.1214 50.1222 35.3466
internal_count=4892 421 164 4471 369 257 4102 1361 957 181 404 200 204 144
is_linear=0
shrinkage=0.03


Tree=173
num_leaves=15
num_cat=0
split_feature=11 39 26 7 7 19 19 12 21 21 20 16 15 21
split_gain=5.42389 3.13619 5.21861 4.50223 7.97483 5.50945 6.21033 4.09511 6.98606 5.00143 6.18814 3.79797 3.5521 3.76848
threshold=11.900000000000002 316.74183612110232 -8.591666666666665 -0.37976009558890372 2.9394870805048372 -4.1499999999999995 -0.14999999999999999 28.900000000000002 10.219806477837247 12.239507959554237 11.809835710600973 -4.7499999999999991 5.9500000000000011 16.343024313823417
decision_type=8 2 10 2 2 10 10 8 8 8 8 10 8 8
left_child=-1 2 11 5 -5 -4 -7 -3 -9 -10 -11 -2 13 -12
right_child=1 7 3 4 -6 6 -8 8 9 10 12 -13 -14 -15
leaf_value=0.011482797309676843 -0.0035849200206991057 -0.00058053309986935545 -0.013879848963881624 -0.016297129690827247 0.0024457763735974362 0.015080711253395961 -0.0034099894569850657 -0.011950528178756331 0.01899676250864642 -0.0066982209803720886 0.0046875557263708007 0.01446361042786324 -0.0028162643236719839 0.021577070676132737
leaf_weight=29.948288768529892 16.933239385485649 838.71487660706043 16.402575626969337 60.091611430048943 28.062915682792664 21.118802428245544 40.005033016204834 14.582697764039038 22.159709081053734 29.19475382566452 30.587178781628609 17.118318557739258 15.731695756316183 19.289523705840111
leaf_count=125 69 3415 67 246 115 86 163 60 90 119 125 70 65 79
internal_value=-0.000164651 -0.000510385 -0.00388459 -0.00607322 -0.0105195 -0.000686339 0.00363596 0.000200564 0.00501962 0.00753861 0.0040428 0.00617855 0.00895825 0.0125903
internal_weight=1199.94 1169.99 199.732 165.681 88.1545 77.5264 61.1238 970.26 131.546 116.963 94.8032 34.0516 65.6084 49.8767
internal_count=4894 4769 816 677 361 316 249 3953 538 478 388 139 269 204
is_linear=0
shrinkage=0.03


Tree=174
num_leaves=15
num_cat=0
split_feature=18 1 18 13 14 41 42 12 12 21 12 39 7 7
split_gain=3.54483 3.15578 2.62795 3.48052 3.96554 3.10161 2.80924 4.5407 6.22985 5.99387 4.96568 4.30386 4.05344 3.80971
threshold=12.850000000000003 46.250000000000007 -13.099999999999998 13.300000000000002 21.300000000000001 25.500000000000004 11.500000000000002 19.500000000000004 17.900000000000002 16.885398030239148 21.900000000000002 694.12847492778974 -0.46929015220248854 -0.26163165457225179
decision_type=10 2 10 10 10 8 10 10 10 10 10 2 2 2
left_child=2 -2 -1 4 -4 -5 -7 8 -8 10 -9 12 -12 -13
right_child=1 -3 3 5 -6 6 7 9 -10 -11 11 13 -14 -15
leaf_value=0.010075433423043952 0.016914401547218825 -0.00044359605791466133 -0.016034595614166196 0.0094742545391848457 0.0018302045452294826 0.00020035004703370936 -0.0037257796291511789 -0.020295422563138356 0.01556408449977309 0.0052217443712583352 0.011257333922223839 -0.019839996255325211 -0.0063126902762182316 -0.0015868197368691488
leaf_weight=16.250266537070274 15.498609259724615 16.991306275129318 21.992056638002396 23.814697161316872 17.508041590452194 906.07672013342381 39.934565678238869 26.148120000958443 17.927279502153397 26.219294652342796 16.395230934023857 19.333540812134743 21.606948375701904 19.470485091209412
leaf_count=68 63 69 89 97 71 3689 163 109 73 107 67 80 90 81
internal_value=-9.37418e-05 0.00898819 -0.000382456 -0.000572154 -0.00880026 -0.000243245 -0.000497127 -0.00379323 0.00301337 -0.00684084 -0.0100124 -0.00548511 0.00169507 -0.0119078
internal_weight=1205.17 32.4899 1172.68 1156.43 39.5001 1116.93 1093.11 187.035 57.8618 129.174 102.954 76.8062 38.0022 38.804
internal_count=4916 132 4784 4716 160 4556 4459 770 236 534 427 318 157 161
is_linear=0
shrinkage=0.03


Tree=175
num_leaves=15
num_cat=0
split_feature=12 7 43 20 15 20 4 21 4 30 20 24 4 10
split_gain=4.30152 4.3063 3.96292 7.14945 5.00431 4.68454 7.91071 7.33548 5.89702 5.58616 9.21072 7.95551 5.11065 4.5675
threshold=35.100000000000009 -6.7698326543832028 1.0000000180025095e-35 16.424405937385671 -6.1499999999999995 16.074479056691882 2.7592279845345051 15.196673523588812 45.230823725834178 1.0000000180025095e-35 17.332852538912608 0.066666666666666749 27.080691144314645 -4.299999999999998
decision_type=8 2 2 8 10 10 2 10 2 2 10 10 2 10
left_child=1 -1 5 4 -4 8 7 -7 12 10 11 -8 -3 -10
right_child=-2 2 3 -5 -6 6 9 -9 13 -11 -12 -13 -14 -15
leaf_value=-0.011345572465259341 -0.011894442420349868 0.0032329874532001706 0.0037244931357532742 0.0087946252361533681 -0.010874907889081603 -0.017138043229001598 0.0061912557965664106 0.0023429194998222744 -0.0086440659785035415 -0.011364839995574206 0.0097104777502713766 -0.014470251161475651 0.014028632730090461 0.00062664421052349175
leaf_weight=25.600734874606133 24.208624929189682 310.66135600209236 24.422962203621864 24.875171631574631 90.264401316642761 47.9785425812006 26.329329252243042 24.277352407574654 49.701899290084839 23.439043864607811 78.001231610774994 32.643027454614639 41.319127395749092 376.77073043584824
leaf_count=104 100 1268 100 102 368 196 107 99 203 96 318 133 168 1536
internal_value=-0.000521671 -0.000238258 5.68771e-05 -0.00459085 -0.00774022 0.000717824 -0.00297605 -0.0108646 0.00183382 0.000798248 0.00320655 -0.00548262 0.00467903 -0.00054143
internal_weight=1200.49 1176.28 1150.68 139.563 114.687 1011.12 232.669 72.2559 778.453 160.413 136.974 58.9724 351.98 426.473
internal_count=4898 4798 4694 570 468 4124 949 295 3175 654 558 240 1436 1739
is_linear=0
shrinkage=0.03


Tree=176
num_leaves=15
num_cat=0
split_feature=11 16 16 19 19 21 19 4 13 2 22 18 35 18
split_gain=5.12519 3.46571 4.62664 5.50441 4.55102 4.37272 3.76091 6.54861 3.95981 4.29121 5.39406 3.62744 5.89548 3.43871
threshold=33.70000000000001 6.8500000000000005 3.6500000000000008 5.5500000000000007 8.9500000000000011 16.168041155861061 -7.0499999999999989 52.749114997476575 26.500000000000004 0.4229708706972512 0.4045454545454546 -8.2499999999999982 1.0000000180025095e-35 -1.7499999999999998
decision_type=10 8 10 10 10 8 10 2 10 2 8 8 2 10
left_child=1 2 4 13 11 -6 -3 8 9 10 -8 12 -1 -4
right_child=-2 6 3 -5 5 -7 7 -9 -10 -11 -12 -13 -14 -15
leaf_value=0.015185815176759257 0.010649563290121872 0.0149402374864445 -0.0020657454617846022 0.005391912809373017 -0.011441463756978767 0.0046776939012647947 0.012306002800442639 -0.0075135580435890968 -0.0042001457278684762 0.017439266260851963 -0.0079863974811586243 -0.00048105804026148764 -0.0053931798606482824 -0.012343955269020665
leaf_weight=28.700263366103172 30.71959912776947 16.577387660741806 48.059469044208527 26.933361798524857 55.30614997446537 17.119724601507187 18.365403547883034 44.439798519015312 22.424161568284035 28.15726064145565 19.022638902068138 732.97344918549061 16.669840946793556 80.708843097090721
leaf_count=118 125 68 196 110 227 70 75 181 92 115 78 2988 68 329
internal_value=-0.000547366 -0.000889656 -0.00152456 -0.00619416 -0.000638762 -0.00757526 0.00330961 0.00136282 0.00600986 0.00955299 0.00225725 5.09209e-05 0.0078399 -0.00872848
internal_weight=1186.18 1155.46 1006.47 155.702 850.769 72.4259 148.987 132.409 87.9695 65.5453 37.388 778.344 45.3701 128.768
internal_count=4840 4715 4106 635 3471 297 609 541 360 268 153 3174 186 525
is_linear=0
shrinkage=0.03


Tree=177
num_leaves=15
num_cat=0
split_feature=11 25 25 15 16 25 16 2 16 13 21 10 20 10
split_gain=3.07977 3.8236 4.50394 5.42564 6.00288 3.36727 5.84117 6.08679 5.75563 4.79133 5.33134 5.2344 4.5178 3.88268
threshold=33.70000000000001 13.700000000000001 8.7416666666666689 2.6500000000000008 1.8500000000000003 1.607692307692308 4.7250000000000005 0.48267224072705284 11.350000000000003 15.500000000000002 15.736193218144633 -1.5999999999999999 12.809284797573577 7.3000000000000016
decision_type=10 10 10 10 10 10 10 2 10 8 10 8 10 8
left_child=1 2 5 -4 -5 8 7 -7 -1 -9 11 -11 -12 -13
right_child=-2 -3 3 4 -6 6 -8 9 -10 10 12 13 -14 -15
leaf_value=-0.00023954028365851955 0.0079136181410095381 -0.010162035172506703 0.015077014802734783 -0.0078094171749413209 0.0099188328989753584 0.0094407449635923596 -0.010528991129449519 0.007686810140851345 0.014162095187499384 0.0053718221926756082 -0.0063609558859865252 -0.014446579636727819 0.011313682834464172 -0.0039292936439706706
leaf_weight=691.2653044462204 34.177610039710999 31.755022436380386 31.137662544846535 32.667841657996178 26.623879164457321 36.447309583425522 73.505218580365181 27.913240417838097 20.906584575772285 21.806044831871986 18.194815680384636 65.979125559329987 25.975187852978706 66.180626854300499
leaf_count=2825 139 129 127 133 108 148 300 114 86 89 74 269 106 270
internal_value=-0.000363354 -0.000637701 -0.000328804 0.00591386 0.000303431 -0.000892899 -0.00334452 -0.00117349 0.000279024 -0.00305216 -0.00471702 -0.00730407 0.00412655 -0.00951515
internal_weight=1204.54 1170.36 1138.6 90.4294 59.2917 1048.17 336.002 262.496 712.172 226.049 198.136 153.966 44.17 132.16
internal_count=4917 4778 4649 368 241 4281 1370 1070 2911 922 808 628 180 539
is_linear=0
shrinkage=0.03


Tree=178
num_leaves=15
num_cat=0
split_feature=8 8 39 13 13 21 1 3 15 3 37 22 19 7
split_gain=3.41244 3.63874 4.47102 3.485 4.59666 4.86154 3.61857 7.14398 9.6599 6.81214 6.45619 5.93853 5.85642 5.25226
threshold=17.500000000000004 12.500000000000002 1167.3109539846942 13.300000000000002 18.100000000000005 17.99644985356819 44.250000000000007 0.024725274725274752 3.0500000000000003 0.024505274893685817 1.0000000180025095e-35 0.44097222222222227 -1.0000000180025095e-35 -0.13146117906564078
decision_type=10 10 2 8 8 10 2 2 10 2 2 8 10 2
left_child=1 3 -3 -1 5 -5 7 -6 -9 13 11 12 -11 -8
right_child=-2 2 -4 4 6 -7 9 8 -10 10 -12 -13 -14 -15
leaf_value=-0.010286683404197118 0.01225421095369906 -0.014436824799186674 0.0030690341267268061 0.0065431287870468865 0.0040118826247128635 -0.0082374994262169911 -0.0017529184615593977 -0.0072285541837859638 0.011520827993589774 0.017371611419667522 -0.0070549952090727527 -0.0012495561237745088 0.0025040290367210026 -0.012688176771014468
leaf_weight=22.140810623764992 15.761073827743528 28.291984662413597 19.225575864315033 164.50049379467964 329.38548500835896 18.395424947142601 83.22374726831913 125.51310727000237 25.810700058937073 34.828338086605072 72.012445047497749 131.36786663532257 64.584986969828606 73.671389043331146
leaf_count=90 64 115 78 671 1345 75 339 513 105 142 294 537 264 301
internal_value=0.000196011 -1.37815e-05 -0.00773611 0.000338804 0.000592896 0.00487687 -0.000261671 0.00155043 -0.00376434 -0.00215293 0.000495148 0.00295073 0.00829516 -0.00712094
internal_weight=1208.71 1192.95 47.5176 1145.43 1123.29 182.896 940.398 480.709 151.324 459.689 302.794 230.781 99.4133 156.895
internal_count=4933 4869 193 4676 4586 746 3840 1963 618 1877 1237 943 406 640
is_linear=0
shrinkage=0.03


Tree=179
num_leaves=15
num_cat=0
split_feature=7 26 39 4 21 13 39 9 39 21 21 18 13 18
split_gain=3.31731 3.92396 3.70726 3.09396 3.17678 7.98019 3.4328 3.67315 3.48283 3.34166 4.17657 5.4907 4.84668 4.97435
threshold=5.4552473057306097 -6.9545454545454541 1010.6699654872941 -222.01856226225854 19.130690860663055 22.366666666666671 2395.8338446027533 0.50000000000000011 2301.1072498434423 9.0191155023341754 10.219806477837247 1.4500000000000002 13.500000000000002 -6.7749999999999995
decision_type=2 10 2 2 8 10 2 8 2 10 10 10 8 10
left_child=3 -2 -3 -1 6 -6 8 -8 9 -5 11 -11 13 -12
right_child=1 2 -4 4 5 -7 7 -9 -10 10 12 -13 -14 -15
leaf_value=0.0085715287132589572 -0.0053796251648078408 0.016792137111550035 -0.00053808524996171853 -0.0063559142273643303 -0.0032707106962491768 0.016021271986650067 0.016718354693953021 -0.0023838066815943374 -0.012721058347750933 0.012581033185601272 0.0010273091433621938 -0.0030806550468891925 -0.00064081310283091268 -0.020959858109846605
leaf_weight=28.893368124961853 14.862085819244383 27.346632927656174 16.459948480129242 92.746897920966148 40.849921748042107 29.404939442873001 14.873902976512907 14.640830963850023 18.756184935569763 42.440179049968719 15.336414083838461 32.197499588131905 805.71186964213848 16.776570603251457
leaf_count=119 61 111 67 381 167 120 61 60 77 174 62 131 3286 68
internal_value=4.68598e-06 0.00667159 0.0108924 -0.000362009 -0.000628659 0.00533187 -0.00104947 0.00827006 -0.00135697 -0.00108302 -0.000515338 0.0060556 -0.00113316 -0.0117356
internal_weight=1211.3 58.6687 43.8066 1152.63 1123.74 70.2549 1053.48 29.5147 1023.97 1005.21 912.463 74.6377 837.825 32.113
internal_count=4945 239 178 4706 4587 287 4300 121 4179 4102 3721 305 3416 130
is_linear=0
shrinkage=0.03


Tree=180
num_leaves=15
num_cat=0
split_feature=24 9 10 41 3 13 15 15 7 25 9 24 18 15
split_gain=2.2654 4.70227 2.41562 2.20562 5.78716 5.6952 6.21476 4.69573 4.52202 4.39902 3.2379 2.93138 3.59388 6.1402
threshold=0.46818181818181831 -13.699999999999998 14.700000000000003 71.500000000000014 0.023724692612549506 24.100000000000005 -3.3499999999999992 -1.4499999999999997 1.0000000180025095e-35 -12.049999999999999 -1.7 -0.69139194139194127 -7.8499999999999988 -1.5499999999999998
decision_type=10 10 10 8 2 8 10 10 2 10 10 8 10 8
left_child=3 -2 -3 11 -5 6 -6 9 -8 -7 -10 -1 13 -13
right_child=1 2 -4 4 5 7 8 -9 10 -11 -12 12 -14 -15
leaf_value=0.0097884790112669016 -0.0093074801662277728 0.0098774545781262196 -0.0012446616771580417 0.0082997337640032046 0.0054759483385611405 0.0060984841611100172 -0.018193797832078782 0.011459837446528778 0.0034677956039885906 -0.0094102118051553173 -0.010891954710314318 0.005512599740475941 0.00040100884013455021 -0.013799740107659735
leaf_weight=22.675310805439949 15.010898798704146 60.570873409509659 22.603276014328003 29.914000496268272 19.053074061870575 22.967551872134209 48.488061785697937 22.30896882712841 21.46515017747879 36.349462568759918 27.895648777484894 19.622497618198395 802.24799346923828 36.47060914337635
leaf_count=93 61 247 92 122 78 95 198 91 88 149 114 81 3274 148
internal_value=-0.000114333 0.00413883 0.00695574 -0.000507611 -0.00310045 -0.00497991 -0.00908894 0.00108984 -0.0120533 -0.00339797 -0.00490284 0.000178398 -0.000130697 -0.00714565
internal_weight=1207.64 98.185 83.1741 1109.46 228.442 198.528 116.902 81.626 97.8489 59.317 49.3608 881.016 858.341 56.0931
internal_count=4931 400 339 4531 935 813 478 335 400 244 202 3596 3503 229
is_linear=0
shrinkage=0.03


Tree=181
num_leaves=15
num_cat=0
split_feature=39 42 21 24 42 10 24 10 2 18 25 11 2 24
split_gain=3.64892 6.31342 3.91454 4.37831 4.65303 4.34888 3.83974 3.42592 4.02675 3.21712 2.91102 3.6616 4.43747 3.44765
threshold=172.19982993367231 11.500000000000002 9.0191155023341754 0.46818181818181831 2.5000000000000004 14.900000000000004 0.31980519480519487 3.100000000000001 0.46389845994981621 1.3500000000000003 14.550000000000002 31.700000000000006 0.71502447842997885 0.35634920634920647
decision_type=2 8 8 10 8 8 10 10 2 8 10 8 2 8
left_child=1 9 6 10 -5 -6 7 8 -2 -1 11 13 -13 -4
right_child=2 -3 3 4 5 -7 -8 -9 -10 -11 -12 12 -14 -15
leaf_value=0.004254591277317101 0.0016431542596326292 -0.0067472924760505213 0.00022199121327654979 -0.0027148885448619307 0.017585232080573904 -4.3831295711837159e-05 -0.016715680064492439 0.0072935304293269658 -0.013634474787767128 0.022138898655976895 -0.011436242576260228 -0.00049897048190596408 0.016885923703824426 -0.0055253860159591699
leaf_weight=21.016346856951714 28.934566780924797 16.250081449747086 813.06731300055981 28.065106958150864 33.342383027076721 18.716868251562119 18.013786599040031 19.079121842980385 26.280230194330215 16.244002997875214 15.460165545344351 27.552067503333092 19.909836277365685 101.15719763934612
leaf_count=86 119 67 3317 114 136 76 74 78 108 66 63 113 81 414
internal_value=0.000171113 0.00747947 -0.000199992 0.00032844 0.00685411 0.0117986 -0.00595841 -0.00246057 -0.00615679 0.0137483 -0.000238824 -5.92401e-07 0.00770813 -0.000440541
internal_weight=1203.09 53.5104 1149.58 1057.27 80.1244 52.0593 92.3077 74.2939 55.2148 37.2603 977.147 961.686 47.4619 914.225
internal_count=4912 219 4693 4314 326 212 379 305 227 152 3988 3925 194 3731
is_linear=0
shrinkage=0.03


Tree=182
num_leaves=15
num_cat=0
split_feature=25 26 26 16 25 24 26 21 21 21 10 25 25 12
split_gain=3.88837 3.2767 7.22135 6.44546 5.59208 7.04685 6.83782 7.26004 4.28547 6.54307 4.02755 4.16286 6.26976 3.90659
threshold=15.531250000000002 -2.8257575757575757 -2.2111111111111108 -3.3499999999999992 -11.89583333333333 0.17647058823529413 -9.7071428571428537 11.537619624892395 11.051646293351224 10.692157042534587 0.7999999999999996 -4.2792207792207781 -1.6547619047619044 22.633333333333336
decision_type=10 8 8 8 8 10 10 10 10 8 10 10 10 10
left_child=1 3 -3 4 -1 10 -7 -8 9 -4 -6 -12 -13 -5
right_child=-2 2 8 13 5 6 7 -9 -10 -11 11 12 -14 -15
leaf_value=0.016038464449015164 -0.011392878890838044 0.014167638644681681 0.0012457742134688169 -0.0094799683286196611 0.0039803594665559121 -0.0038602960829683766 -0.0031798378927605109 0.017469637261802441 -0.00098501692705146426 0.014832501212402906 -0.020739751833577506 0.0084400016987109337 -0.013419583545110527 0.0014006890460773094
leaf_weight=15.125737324357031 23.574711680412292 30.167165353894234 151.19263811409473 121.84079685807228 18.853628665208817 49.853332072496414 21.26084141433239 39.69773930311203 593.34265753626823 35.813954085111618 19.638184994459152 16.442375928163528 22.119064316153526 37.240764632821083
leaf_count=62 96 123 620 497 77 203 87 162 2422 147 80 67 90 152
internal_value=-0.000458414 -0.000191138 0.000869157 -0.00254417 0.00100671 -0.000587969 0.00419299 0.0105725 0.000268131 0.00416628 -0.0073001 -0.0109802 -0.00419988 -0.00696776
internal_weight=1196.16 1172.59 810.516 362.072 202.991 187.865 110.812 60.9586 780.349 187.007 77.0533 58.1996 38.5614 159.082
internal_count=4885 4789 3312 1477 828 766 452 249 3189 767 314 237 157 649
is_linear=0
shrinkage=0.03


Tree=183
num_leaves=15
num_cat=0
split_feature=8 28 11 3 1 12 42 12 10 26 4 14 8 4
split_gain=3.53987 3.24664 5.74336 5.88407 4.1141 4.02559 4.77391 4.66235 5.97393 4.82794 5.55511 4.08676 4.03793 6.42411
threshold=17.900000000000002 6.5000000000000009 24.450000000000003 0.027332590146841643 47.750000000000007 14.300000000000002 7.5000000000000009 16.100000000000005 8.4500000000000028 -10.035714285714283 288.30728516278992 25.500000000000004 8.9000000000000021 82.887320916878721
decision_type=10 2 8 2 2 8 8 10 8 8 2 8 10 2
left_child=1 2 3 -1 -4 6 -3 8 -7 -9 12 -10 -11 -14
right_child=-2 5 4 -5 -6 7 -8 9 11 10 -12 -13 13 -15
leaf_value=0.010851796833537866 0.011814143036853887 0.011726761696007615 -0.010261189028875902 -0.0060792544557413848 0.0048698845502280989 -0.015852533014514204 -0.0027210177232684057 -0.011262808951283605 0.010785170248912335 -0.00026095077562343015 0.012459320442262918 -0.0075803247385646628 0.0036437202036223924 -0.012270189649093021
leaf_weight=83.467976197600365 16.261001884937286 40.609706237912178 33.216362729668617 19.85478863120079 24.037962451577187 39.950560286641121 34.684355959296227 34.857587695121765 14.704799145460127 741.94707241654396 23.479642048478127 19.449423462152481 32.392511948943138 59.650475353002548
leaf_count=340 66 166 135 81 98 163 141 143 60 3032 96 80 132 243
internal_value=-0.000322951 -0.000535352 0.00337126 0.00746785 -0.00402757 -0.00115077 0.00531636 -0.00167939 -0.0086644 -0.00105426 -0.000576374 0.000694307 -0.00101544 -0.00677046
internal_weight=1218.56 1202.3 160.577 103.323 57.2543 1041.73 75.2941 966.432 74.1048 892.327 857.47 34.1542 833.99 92.043
internal_count=4976 4910 654 421 233 4256 307 3949 303 3646 3503 140 3407 375
is_linear=0
shrinkage=0.03


Tree=184
num_leaves=15
num_cat=0
split_feature=14 14 17 19 14 2 25 17 11 5 17 5 21 23
split_gain=4.11434 3.29706 4.43731 8.47893 3.80938 3.63364 4.70246 3.58505 3.2134 3.13547 2.99049 6.61555 4.4622 5.64877
threshold=33.100000000000009 13.266666666666667 -14.949999999999998 0.15000000000000005 14.266666666666667 0.80848714927666043 9.6770833333333339 -9.0499999999999989 22.450000000000003 0.21788379128064642 -11.949999999999998 0.43482116050789693 17.000163302892791 0.26969696969696971
decision_type=10 8 10 8 10 2 10 10 10 2 10 2 10 8
left_child=1 7 3 -3 -4 9 8 -1 -7 -6 11 -11 -12 -14
right_child=-2 2 4 -5 5 6 -8 -9 -10 10 12 -13 13 -15
leaf_value=-0.0019266126023543655 0.011144974411912466 0.0059059999956144592 -0.011310821782181664 -0.019968072751663068 0.010141303534862426 0.00037389127463163173 0.0051434018256386509 0.013915897951053155 -0.013654400626653249 -0.0066775063068599512 0.00052015280873371028 0.016155794674460135 0.0092431767673551313 -0.0074485936753632123
leaf_weight=21.408140793442726 22.442556723952293 15.760520324110983 23.851282328367233 23.987949401140213 23.17193678021431 20.150728523731232 22.609755486249924 23.589239746332169 46.807843059301376 15.147469401359556 779.5880810469389 24.176777333021164 16.895985633134842 123.84826634824276
leaf_count=88 92 65 97 100 95 82 92 96 191 62 3182 99 69 504
internal_value=-0.000341299 -0.00060564 -0.000933615 -0.0101953 -0.000553036 -0.00026239 -0.00587928 0.0069397 -0.00970005 0.000276663 -1.28596e-05 0.00759943 -0.000377426 -0.00519643
internal_weight=1203.44 1180.99 1136 39.7485 1096.25 1072.4 89.5683 44.9974 66.9586 982.829 959.657 39.3242 920.332 140.744
internal_count=4914 4822 4638 165 4473 4376 365 184 273 4011 3916 161 3755 573
is_linear=0
shrinkage=0.03


Tree=185
num_leaves=15
num_cat=0
split_feature=26 1 10 16 10 39 11 19 18 5 41 7 21 20
split_gain=2.81798 5.15546 4.05202 6.16185 4.05918 4.14278 3.40386 4.31925 3.3766 5.85558 3.57172 8.8696 5.84492 3.47055
threshold=13.03846153846154 39.750000000000007 -11.966666666666663 6.6500000000000012 -12.899999999999997 1142.4565476536807 18.300000000000001 0.95000000000000007 -7.3499999999999988 0.67378925570113501 74.500000000000014 2.2234959757458093 12.887978895078932 12.321841490903726
decision_type=8 2 10 10 8 2 10 10 10 2 10 2 10 8
left_child=2 -2 3 4 5 -1 -5 -8 9 -4 13 12 -12 -10
right_child=1 -3 8 6 -6 -7 7 -9 10 -11 11 -13 -14 -15
leaf_value=-0.010658591150067577 -0.0075898870983629636 0.0073514147683024457 -0.00011511217889267012 0.010230768422317075 -0.021212495814843219 0.0038905906742813102 -0.013291761255666799 0.0067147579692404648 -0.0021452127907576491 0.016424670271068632 -0.00046783654308095733 0.009883314203938523 -0.016436024019645005 0.0019705169800302469
leaf_weight=45.907576262950897 21.923472449183464 94.495495602488518 51.584622517228127 23.642887979745865 17.464261218905449 23.698738470673561 14.877227261662485 14.616267427802084 293.09174397587776 25.68117818236351 35.202496066689491 22.223301619291306 45.888421043753624 478.77404759824276
leaf_count=190 90 388 211 97 72 97 61 60 1195 105 143 91 187 1951
internal_value=4.31912e-06 0.00434106 -0.000475417 -0.00514381 -0.00985625 -0.00577629 0.00276168 -0.00384087 0.000235078 0.00604643 -0.000309414 -0.00541162 -0.00993382 0.00040395
internal_weight=1209.07 116.419 1092.65 140.207 87.0706 69.6063 53.1364 29.4935 952.446 77.2658 875.18 103.314 81.0909 771.866
internal_count=4938 478 4460 577 359 287 218 121 3883 316 3567 421 330 3146
is_linear=0
shrinkage=0.03


Tree=186
num_leaves=15
num_cat=0
split_feature=3 41 41 11 19 22 17 11 14 18 19 17 18 26
split_gain=3.5935 7.28896 5.69454 3.92211 3.90567 6.73202 5.78787 6.5478 5.77843 3.80708 4.51235 10.1814 4.76115 4.54095
threshold=0.019217230754196461 67.500000000000014 44.500000000000007 12.700000000000001 -1.8499999999999999 0.14835164835164838 4.1125000000000016 30.300000000000001 15.900000000000002 10.550000000000002 -1.0000000180025095e-35 5.9500000000000011 -4.3499999999999988 -2.2111111111111108
decision_type=2 8 10 8 10 8 8 10 10 10 10 10 10 8
left_child=1 2 -1 -2 5 -5 8 -8 -7 10 11 12 -6 -12
right_child=3 -3 -4 4 9 6 7 -9 -10 -11 13 -13 -14 -15
leaf_value=0.010823840963314357 0.0092336812900872551 0.015096294814599585 -0.0080306547039968815 -0.014252164537177625 -0.002171362498166947 0.0034333099515935117 0.0073711112599407127 -0.01045551333144481 -0.0068362133176294781 0.0094589857991945921 0.0034967018444213346 -0.0081778613597838362 0.013959845892509017 -0.0023795678948915345
leaf_weight=17.818572700023651 38.171401217579842 40.82752588391304 34.293262302875519 33.962939724326134 19.314283132553101 66.525689840316772 97.719021394848824 18.041548624634743 161.03933690488338 43.42182993888855 169.97750481963158 31.042948380112648 73.062725424766541 361.0636910200119
leaf_count=73 159 167 140 139 79 271 399 73 657 177 695 126 297 1476
internal_value=0.000853891 0.00636373 -0.00120056 0.000367546 1.14906e-05 -0.00242899 -0.00107161 0.00427492 -0.00382478 0.00133875 0.000732363 0.00577943 0.0106488 -0.000483599
internal_weight=1206.28 92.9394 52.1118 1113.34 1075.17 377.289 343.326 115.761 227.565 697.883 654.461 123.42 92.377 531.041
internal_count=4928 380 213 4548 4389 1539 1400 472 928 2850 2673 502 376 2171
is_linear=0
shrinkage=0.03


Tree=187
num_leaves=15
num_cat=0
split_feature=28 37 19 24 3 10 19 8 11 19 26 2 26 42
split_gain=3.8061 5.65469 4.08248 3.75702 3.54765 3.40246 3.38988 5.00783 4.30424 4.15157 5.74095 6.68306 6.38728 4.08769
threshold=6.5000000000000009 1.0000000180025095e-35 -4.7499999999999991 -0.076923076923076886 0.025070420785545004 1.8000000000000007 -4.6124999999999989 -14.899999999999999 31.700000000000006 -5.2499999999999991 -0.87083333333333324 0.56026911269860225 -4.7416666666666663 3.5000000000000004
decision_type=2 2 10 8 2 10 8 8 10 10 10 2 10 8
left_child=1 2 -1 -4 5 -3 9 -8 -9 10 11 -2 -13 -12
right_child=6 4 3 -5 -6 -7 7 8 -10 -11 13 12 -14 -15
leaf_value=-0.0029374894695374256 -0.018426410954547969 0.0082982249760266292 0.020318272287405577 0.0059238506518942613 -0.010106976596020259 -0.0068170376054118862 0.010265242576138575 -0.002605613203237015 0.0065395397143749355 0.011843876671333785 -0.0023252902520257933 0.007655953162174065 -0.011425023763897577 0.010167602151681764
leaf_weight=19.56399105489254 19.291840195655823 30.342535838484764 25.099677011370659 49.85382305085659 26.025877580046654 16.983282834291458 25.842014223337173 768.03988946974277 44.558444678783417 31.533744901418686 35.303028002381325 36.086187392473221 20.647912815213203 57.532602965831757
leaf_count=80 79 124 102 203 106 69 107 3140 181 129 144 147 84 235
internal_value=-0.000107817 0.00401578 0.00868554 0.0117133 -0.00217173 0.00274089 -0.000790207 -0.00162851 -0.00206722 0.00267146 0.000667225 -0.00525863 0.000348688 0.00554083
internal_weight=1206.7 167.869 94.5175 74.9535 73.3517 47.3258 1038.84 838.44 812.598 200.395 168.862 76.0259 56.7341 92.8356
internal_count=4930 684 385 305 299 193 4246 3428 3321 818 689 310 231 379
is_linear=0
shrinkage=0.03


Tree=188
num_leaves=15
num_cat=0
split_feature=41 22 16 20 21 2 1 9 3 7 3 24 42 12
split_gain=4.75636 6.38508 6.57072 6.19061 6.45564 6.90839 5.59736 8.52218 5.96535 5.37971 4.95463 4.64257 4.50423 4.73838
threshold=67.500000000000014 0.25833333333333336 9.8500000000000032 16.945173019094231 12.630650520043345 0.58752174005919111 44.250000000000007 5.9000000000000012 0.0241212379763085 1.6923314736116073 0.025270793961379438 -0.19999999999999998 7.5000000000000009 20.633333333333336
decision_type=10 10 8 10 10 2 2 10 2 2 2 10 8 8
left_child=1 10 6 -2 5 -5 9 8 -8 -3 12 -9 -1 -14
right_child=3 2 -4 4 -6 -7 7 11 -10 -11 -12 -13 13 -15
leaf_value=-0.01959922527696728 0.0040105174103884922 0.0064269031538361629 -0.01260780099514572 0.0015958133261569103 0.0023395082383202226 -0.023347780099553656 -0.018214390431214429 0.016255543349486964 -0.0032498027217936517 -0.0026443262951411032 0.0019339319979567648 -7.4285691770618312e-05 0.0046739402352874186 -0.013212199802843529
leaf_weight=31.040457651019096 471.78507569432259 201.71845278143883 28.348722085356712 15.708790630102156 51.309788599610329 19.846772417426109 26.261155962944031 21.347468957304955 117.13562528789043 79.011511519551277 33.049204543232918 38.548400029540062 22.516839742660522 22.015481621026993
leaf_count=127 1923 824 116 64 209 81 107 87 481 322 137 157 92 92
internal_value=0.000658771 -0.00114444 0.000279663 0.00265559 -0.0045211 -0.0134894 0.00115566 -0.00259857 -0.00651173 0.00387221 -0.00757866 0.00654984 -0.0116005 -0.00460955
internal_weight=1179.64 620.993 512.371 558.65 86.8654 35.5556 484.023 203.293 143.397 280.73 108.622 59.8959 75.5728 44.5323
internal_count=4819 2542 2094 2277 354 145 1978 832 588 1146 448 244 311 184
is_linear=0
shrinkage=0.03


Tree=189
num_leaves=15
num_cat=0
split_feature=12 13 16 10 39 5 23 23 5 23 11 24 13 21
split_gain=4.46348 3.45048 6.4098 5.78484 4.31998 3.65545 2.50575 4.40745 3.44339 4.96842 5.17422 3.35449 5.1639 5.33156
threshold=35.45000000000001 31.700000000000006 -3.0499999999999994 -15.899999999999997 384.2775807757078 0.32888576636418215 0.74342105263157909 0.71825396825396837 0.37991886488567456 0.62828947368421062 16.500000000000004 0.23431372549019611 19.100000000000005 19.295508855784828
decision_type=10 8 10 8 2 2 10 10 2 8 10 8 10 10
left_child=1 3 -3 4 -1 -6 7 8 9 10 -5 12 -10 -14
right_child=-2 2 -4 6 5 -7 -8 -9 11 -11 -12 -13 13 -15
leaf_value=-0.0041186873076251053 -0.014418290067675036 0.0050525521297611585 -0.014755405264589089 -0.0015468122149764284 0.003754894522020671 0.020342538700356246 -0.0037014422445501008 0.013396300068148634 0.0029758350204199474 -0.0038637258851561599 0.018347224753644108 0.0017584694669909202 -0.0047771623694394553 0.010491871166196161
leaf_weight=16.025506421923637 15.473466649651526 20.648995622992516 33.175511330366135 17.007521688938141 26.157043918967247 22.459377974271774 174.34940384328365 17.160733669996262 125.31507138907909 27.114156782627106 28.528074979782104 301.17644448578358 360.95499886572361 17.1800766736269
leaf_count=66 64 85 137 70 108 93 710 70 511 111 116 1230 1472 70
internal_value=-0.000529242 -0.000288519 -0.00737282 7.88062e-05 0.00845737 0.0126003 -0.000464964 0.00018298 -0.000149945 0.00588573 0.0114989 -0.000727888 -0.00221796 -0.00395557
internal_weight=1202.73 1187.25 53.8245 1133.43 64.6419 48.6164 1068.79 894.437 877.276 72.6498 45.5356 804.627 503.45 378.135
internal_count=4913 4849 222 4627 267 201 4360 3650 3580 297 186 3283 2053 1542
is_linear=0
shrinkage=0.03


Tree=190
num_leaves=15
num_cat=0
split_feature=27 3 8 4 41 11 11 19 4 42 13 15 4 11
split_gain=3.96666 6.9747 6.52611 7.9671 6.226 6.16644 5.32276 5.10608 5.55051 5.3259 6.30265 4.99271 6.76878 5.58476
threshold=10.500000000000002 0.031904831632297855 3.5000000000000004 -25.71541500971659 40.500000000000007 17.500000000000004 16.633333333333336 -5.2499999999999991 -14.49878500957402 4.5000000000000009 18.700000000000006 -4.6499999999999995 -127.49133440189438 20.300000000000001
decision_type=2 2 10 2 10 10 10 10 2 10 10 10 2 10
left_child=1 7 3 -3 -2 6 -6 8 -1 -10 -11 13 -13 -7
right_child=4 2 -4 -5 5 11 -8 -9 9 10 -12 12 -14 -15
leaf_value=-0.013177747198810017 0.0034212744299538011 0.0038056856152621577 0.0051053646321322687 -0.021513843245487815 -0.00070107048020080364 -0.023845359186627106 0.016529841097000023 0.0039574790926205309 -0.0080468113429710865 -0.0051404415637151873 0.016645896117392488 0.011466460160129196 -0.0053208110492607933 -0.0025989567163060179
leaf_weight=29.776592344045639 146.41997213661671 14.686329439282416 22.765326008200645 29.036043122410774 66.798502296209335 21.59806165099144 16.118761971592903 492.00153148174286 26.946689188480377 17.260069414973259 23.749261751770973 18.927327498793602 252.15004765987396 21.513303652405739
leaf_count=122 600 60 93 119 274 89 66 2011 110 71 97 77 1026 88
internal_value=9.94852e-05 0.00166371 -0.00721207 -0.0134913 -0.00178702 -0.00372608 0.00339813 0.0027166 -0.00341873 0.00146748 0.00791428 -0.00563 -0.00396224 -0.014615
internal_weight=1199.75 656.222 66.4877 43.7224 543.526 397.106 82.9173 589.734 97.7326 67.956 41.0093 314.189 271.077 43.1114
internal_count=4903 2683 272 179 2220 1620 340 2411 400 278 168 1280 1103 177
is_linear=0
shrinkage=0.03


Tree=191
num_leaves=15
num_cat=0
split_feature=8 3 19 24 24 13 13 13 24 24 13 12 24 11
split_gain=3.46547 3.83277 8.95243 3.60293 3.21614 6.62823 6.50367 5.81464 5.28905 5.75757 4.91916 3.77093 5.7313 4.35698
threshold=14.300000000000002 0.017088322884458721 3.3500000000000001 0.21428571428571427 0.060661764705882366 26.100000000000005 27.100000000000005 29.700000000000006 -0.49107142857142844 -0.23273809523809522 29.100000000000005 19.500000000000004 0.46818181818181831 28.500000000000004
decision_type=10 2 10 8 8 8 10 8 10 10 10 10 10 10
left_child=1 2 3 -1 7 11 -7 -3 -9 -10 -8 13 -13 -6
right_child=-2 4 -4 -5 5 6 10 8 9 -11 -12 12 -14 -15
leaf_value=0.018660860171954965 0.007632264095808524 0.0013408769114254542 -0.0078561397770393407 0.00083220356437835135 0.00060997709489844993 0.01624461897688452 -0.0093771242881792241 -0.018784844340184709 0.0089252538067663562 -0.0091262191057885442 0.007426947850820576 -0.0094078488016089579 0.0037979805928916818 -0.012794359279355334
leaf_weight=29.675471231341362 41.618024095892906 548.99896933138371 23.981239855289459 15.139377787709234 150.80033391714096 23.82618772983551 27.466011956334114 19.928886324167252 21.799895793199539 34.442290142178535 25.433268383145332 177.2428852468729 32.470146223902702 20.441841006278992
leaf_count=122 169 2240 98 62 616 98 112 83 89 141 104 727 133 83
internal_value=-0.000389789 -0.000711429 0.00591025 0.013326 -0.00115735 -0.00305356 0.00477035 0.000244055 -0.00725688 -0.00197189 -0.00135427 -0.0046707 -0.00732234 -0.00130773
internal_weight=1193.26 1151.65 68.7961 44.8148 1082.85 457.681 76.7255 625.17 76.1711 56.2422 52.8993 380.955 209.713 171.242
internal_count=4877 4708 282 184 4426 1873 314 2553 313 230 216 1559 860 699
is_linear=0
shrinkage=0.03


Tree=192
num_leaves=15
num_cat=0
split_feature=11 1 9 14 22 12 9 3 9 5 5 18 9 3
split_gain=5.50794 5.02638 4.09617 3.27161 3.1649 2.77263 4.79509 6.00691 5.94106 4.96786 4.44955 6.40522 5.42944 3.96646
threshold=33.70000000000001 54.750000000000007 -13.324999999999998 31.100000000000005 0.46410256410256417 14.300000000000002 -7.6999999999999984 0.0245353880040905 -8.4999999999999982 0.82312695740822417 0.73869439546530657 4.9500000000000011 -2.6333333333333329 0.024249174318706993
decision_type=10 2 8 10 10 8 8 2 10 2 2 10 10 2
left_child=1 2 3 4 -1 -4 7 13 -9 10 -8 12 -12 -7
right_child=-2 -3 5 -5 -6 6 9 8 -10 -11 11 -13 -14 -15
leaf_value=-0.0024300077147819863 0.011733707260493357 -0.015128240402180847 0.0065292397165533202 0.0011287290979643593 -0.0214924702939523 -0.0046207181064733772 0.0008600491997844186 -0.0051671721919814423 -0.025048142443809904 0.010861574979237235 -0.00037053901111295444 0.0079710902071123222 -0.017719731402661695 0.012785501979068923
leaf_weight=15.265475884079935 29.923000618815422 15.372687727212904 55.957584097981453 20.996682465076447 14.982393220067022 22.5162133872509 811.53266452252865 52.810018971562386 15.193442389369009 35.985333234071732 27.597291991114616 17.878997549414635 35.199705839157104 16.094810619950294
leaf_count=62 122 63 229 86 61 92 3318 216 62 147 113 73 144 66
internal_value=-5.33835e-06 -0.000358007 -9.4104e-05 -0.00798963 -0.0135814 0.000311595 -5.44061e-05 -0.00593077 -0.0110203 0.000648726 0.000178579 -0.00632658 -0.0106849 0.00326897
internal_weight=1187.31 1157.38 1142.01 51.2446 30.2479 1090.77 1034.81 106.614 68.0035 928.194 892.209 80.676 62.797 38.611
internal_count=4854 4732 4669 209 123 4460 4231 436 278 3795 3648 330 257 158
is_linear=0
shrinkage=0.03


Tree=193
num_leaves=15
num_cat=0
split_feature=9 8 13 15 18 7 24 26 18 15 23 26 13 1
split_gain=3.53067 4.66478 7.06004 5.89573 7.34997 6.05629 4.40404 5.26548 4.57801 6.23533 4.45113 4.85824 4.94312 4.87255
threshold=5.7000000000000002 6.5000000000000009 22.366666666666671 -2.5499999999999994 1.9500000000000002 0.62863048496091378 -0.01568627450980389 9.0277777777777803 -7.5499999999999989 2.3500000000000001 0.75735294117647067 0.72077922077922085 29.900000000000002 44.250000000000007
decision_type=10 8 10 10 10 2 8 10 8 8 10 10 10 2
left_child=6 2 -2 5 -5 -4 7 8 -1 -10 11 12 13 -8
right_child=1 -3 3 4 -6 -7 10 -9 9 -11 -12 -13 -14 -15
leaf_value=0.0073329190670162435 -0.0054491918425243714 0.0091086308148170276 0.0070202497698818398 0.025068746689456953 0.0024961075434511604 -0.0087456508129317365 0.0016847727966342767 0.0092727406425210327 -0.0033900227676549729 -0.014772241717781277 -0.012138342852240684 0.0069785046751745074 0.010715741389644401 -0.0045463133259965559
leaf_weight=21.483874842524529 91.637513741850853 78.028277844190598 43.841824695467949 19.359992846846581 30.486386984586716 34.79611524939537 274.80960173904896 21.558662042021751 203.70014271140099 51.803651943802834 18.186530590057373 104.41399818658829 30.880681708455086 184.65081770718098
leaf_count=88 374 318 180 79 124 145 1124 88 833 211 74 426 126 756
internal_value=0.00024157 0.00304723 0.000744019 0.0051998 0.0127493 -6.17079e-05 -0.000687787 -0.00364406 -0.00479599 -0.00593702 0.000769962 0.00126258 -1.27353e-05 -0.000841399
internal_weight=1209.64 298.15 220.122 128.484 49.8464 78.6379 911.488 298.546 276.988 255.504 612.942 594.755 490.341 459.46
internal_count=4946 1220 902 528 203 325 3726 1220 1132 1044 2506 2432 2006 1880
is_linear=0
shrinkage=0.03


Tree=194
num_leaves=15
num_cat=0
split_feature=41 20 5 23 16 17 19 11 30 13 26 41 24 13
split_gain=3.89017 5.75673 12.0509 4.43677 6.06958 5.68942 6.29231 4.13633 3.95696 8.17888 3.94792 5.03193 3.75994 4.57208
threshold=63.500000000000007 17.08817004623759 0.53168279043046629 0.35357142857142859 -8.1499999999999968 -4.7499999999999982 7.9500000000000011 12.450000000000001 1.5000000000000002 22.450000000000003 -10.96153846153846 72.500000000000014 0.55277777777777792 19.300000000000001
decision_type=8 8 2 8 8 10 10 8 2 8 10 8 10 8
left_child=1 12 -3 5 -5 -2 10 -6 -9 -10 11 -7 13 -1
right_child=3 2 -4 4 7 6 -8 8 9 -11 -12 -13 -14 -15
leaf_value=0.0021665448682354582 -0.0061631810002532733 -0.0084098646383722088 0.01406220945847334 -0.01363506881016132 0.014145191981287488 -0.0068521821797965909 -0.007529349316614785 -0.00053839365609423609 0.020592367214219202 -0.0041634431635885517 0.012868288938729199 0.012759882573841721 -0.015337014581355779 -0.0045517619626460051
leaf_weight=128.54652617871761 27.731351986527443 31.252372995018959 49.348368093371391 22.13631846010685 15.466889783740042 23.368170380592346 17.736359402537346 422.76960097253323 19.55266647040844 20.78929278254509 101.20003643631935 15.20069172978401 16.851067766547203 289.09381836652756
leaf_count=525 113 128 202 90 65 95 73 1726 80 85 413 62 69 1185
internal_value=0.00018194 -0.00177865 0.00536655 0.00165639 0.000172863 0.0055566 0.00774619 0.000945917 0.000358711 0.00878271 0.00987772 0.00145458 -0.0031501 -0.00248275
internal_weight=1201.04 515.092 80.6007 685.951 500.715 185.237 157.505 478.578 463.112 40.342 139.769 38.5689 434.491 417.64
internal_count=4911 2109 330 2802 2046 756 643 1956 1891 165 570 157 1779 1710
is_linear=0
shrinkage=0.03


Tree=195
num_leaves=15
num_cat=0
split_feature=9 9 13 10 17 4 4 12 22 17 19 9 22 1
split_gain=2.86971 5.52554 3.4187 2.91425 4.69205 3.82413 4.94462 4.92592 4.67893 4.41202 4.37871 4.0204 3.54847 6.3342
threshold=-7.6999999999999984 -8.4999999999999982 33.500000000000007 11.300000000000002 12.850000000000003 189.9103516499612 157.73451520236372 23.100000000000005 0.57417582417582425 -13.549999999999999 -9.5499999999999989 -4.0999999999999988 0.2752525252525253 43.250000000000007
decision_type=8 10 10 10 10 2 2 8 8 8 8 10 8 2
left_child=1 -1 3 5 -5 6 9 11 -8 -2 -11 -7 13 -12
right_child=2 -3 -4 4 -6 7 8 -9 -10 10 12 -13 -14 -15
leaf_value=-0.001045642137516423 0.0085405449057759045 -0.014168721428545949 -0.011595112879867461 0.011331000817232453 -0.0045760053170113427 -0.00014580952458380947 -0.0021589321345932841 0.0042841510279531874 0.017089875244248307 -0.010897279629283274 -0.0018839067114774005 -0.016091067905331709 -0.00075395348293194186 0.010614124368855723
leaf_weight=170.94502046704292 51.041324481368065 29.989322066307068 15.334491267800329 48.481283590197563 20.97093378007412 22.450763180851936 16.139458939433098 27.983247265219688 26.675657376646996 27.857549965381622 69.210221126675606 34.31330706179142 568.18828241527081 69.305161356925964
leaf_count=698 211 123 64 198 86 92 66 115 109 114 284 140 2319 284
internal_value=-7.53108e-05 -0.00330071 0.00058733 0.000835187 0.00654317 0.000367789 0.000999477 -0.00551872 0.0103669 0.000426621 -0.000191108 -0.0103069 0.000304511 0.00452132
internal_weight=1198.89 200.934 997.952 982.617 69.4522 913.165 828.418 84.7473 42.8151 785.603 734.561 56.7641 706.704 138.515
internal_count=4903 821 4082 4018 284 3734 3387 347 175 3212 3001 232 2887 568
is_linear=0
shrinkage=0.03


Tree=196
num_leaves=15
num_cat=0
split_feature=11 42 5 18 24 25 41 1 39 5 5 22 7 39
split_gain=2.48438 5.00374 4.52086 4.06111 3.87011 3.55826 6.08455 3.59039 4.29893 3.25048 6.78402 6.95227 7.63899 5.99495
threshold=29.300000000000001 2.5000000000000004 0.55805258943703973 5.8500000000000005 0.13333333333333341 8.7416666666666689 52.500000000000007 46.250000000000007 704.74491442760336 0.56472713305602551 0.6780034438980308 0.54772727272727284 1.6665515378692184 870.12226918104568
decision_type=8 10 2 10 8 10 10 2 2 2 2 8 2 2
left_child=5 4 -3 -4 -2 9 -7 8 -8 -1 11 12 -11 -13
right_child=1 2 3 -5 -6 6 7 -9 -10 10 -12 13 -14 -15
leaf_value=0.0015218377418845972 -0.0005735085157956239 -0.011381530674468761 -0.003631359420649705 0.01036676419148024 -0.016626807916302808 0.017297202133323357 -0.013620076116680903 0.0095749079444673035 0.0039758901553074736 -0.0050497765683070184 0.0015861140617643872 -0.0037066086663713536 0.011165820013656789 -0.018420466510429688
leaf_weight=507.82241100072861 22.18459615111351 16.229016572237015 29.64729043841362 37.60981373488903 31.123021379113197 24.42663037776947 18.149356454610825 21.059241250157356 23.481371745467186 93.094308465719223 237.79598522186279 52.921553164720535 30.667625159025192 48.142863199114799
leaf_count=2078 90 66 122 153 127 100 74 86 96 381 973 217 125 197
internal_value=-9.22371e-05 -0.00382182 0.000839571 0.00437201 -0.0105681 0.000405893 0.00604078 0.000701103 -0.00433313 -0.000128321 -0.00193661 -0.005616 -0.000754074 -0.0112536
internal_weight=1194.36 136.794 83.4861 67.2571 53.3076 1057.56 87.1166 62.69 41.6307 970.445 462.622 224.826 123.762 101.064
internal_count=4885 558 341 275 217 4327 356 256 170 3971 1893 920 506 414
is_linear=0
shrinkage=0.03


Tree=197
num_leaves=15
num_cat=0
split_feature=16 21 8 8 25 1 8 41 12 10 15 13 15 22
split_gain=3.9222 2.74475 4.5449 6.93001 4.4 4.09222 3.99153 6.16442 6.02035 7.33703 5.94214 4.87021 4.7036 4.14005
threshold=12.550000000000002 13.977163902439008 14.300000000000002 10.900000000000002 -1.4833333333333332 37.750000000000007 5.1000000000000005 38.500000000000007 17.900000000000002 -6.4999999999999991 7.2500000000000009 21.450000000000003 -2.6499999999999999 0.86190476190476206
decision_type=8 10 10 8 8 2 10 8 10 10 10 10 10 8
left_child=1 4 3 -3 -1 -6 7 -7 11 12 -8 -9 -10 -12
right_child=-2 2 -4 -5 5 6 10 8 9 -11 13 -13 -14 -15
leaf_value=0.0018711739263084508 -0.0099739732210977448 0.0019971862778851031 0.015016690532668128 -0.014197742269286297 0.0058051679648158574 0.0072794128335744194 0.004410407959142373 0.012395610577862306 -0.0089955860894739958 -0.014833769911651385 -0.011864439384477482 -0.0064122171894905921 0.010755924490685659 0.0041139666320769387
leaf_weight=264.84581553936005 30.385563135147095 469.57159960269928 17.479309156537056 20.064795538783073 37.650528877973557 21.40088377892971 91.265831857919693 16.141018852591515 16.779119849205017 111.6995839625597 43.556480467319489 25.105523467063904 16.667741000652313 17.881726250052452
leaf_count=1086 125 1918 71 82 154 88 372 66 69 458 178 102 68 73
internal_value=-0.000133598 0.00016329 0.00181504 0.00119673 -0.00110424 -0.00308213 -0.00407703 -0.00673308 -0.00849008 -0.011282 -0.000363904 0.00149228 0.000966025 -0.00725427
internal_weight=1200.5 1170.11 507.116 489.636 662.994 398.148 360.498 207.794 186.393 145.146 152.704 41.2465 33.4469 61.4382
internal_count=4910 4785 2071 2000 2714 1628 1474 851 763 595 623 168 137 251
is_linear=0
shrinkage=0.03


Tree=198
num_leaves=15
num_cat=0
split_feature=15 15 17 9 16 39 19 3 17 17 0 43 3 35
split_gain=2.449 4.15931 2.59211 6.44252 6.18341 6.27573 6.09298 3.87996 3.84799 6.07764 4.61171 4.22252 5.38044 4.5726
threshold=-13.149999999999997 -11.35 4.1125000000000016 -7.8999999999999995 -2.4499999999999997 663.56940402210773 10.350000000000003 0.025030313242343952 3.0500000000000012 1.2500000000000004 10.250000000000002 1.0000000180025095e-35 0.02648144655577778 1.0000000180025095e-35
decision_type=10 10 8 10 10 2 10 2 10 10 2 2 2 2
left_child=-1 -2 3 7 5 -5 8 -3 9 10 11 -6 13 -13
right_child=1 2 -4 4 6 -7 -8 -9 -10 -11 -12 12 -14 -15
leaf_value=-0.0095056592911848935 0.01353164104371327 -0.0040188887845704901 0.001894008077752593 -0.0019223096391057346 -0.00089905362721401296 0.012841583844923201 0.0096637728323173914 -0.019726464728641389 -0.011874571437574239 0.0078019814885489508 -0.016540862087987152 -0.0048860683922623653 0.0045725639177292754 -0.024186287971031672
leaf_weight=19.684014841914177 15.220550402998922 41.98473884165287 361.6161336004734 43.93305703997612 432.59139926731586 54.390029236674309 36.704124286770821 19.43670342862606 30.017669677734375 51.193521812558174 15.601802527904509 28.258264571428299 16.818050771951675 17.485513061285019
leaf_count=83 63 172 1475 180 1769 222 150 80 122 208 64 116 69 72
internal_value=-0.000154692 4.32079e-05 -0.000193114 -0.0011563 -0.000336821 0.00647094 -0.0014442 -0.0101003 -0.00220811 -0.00159159 -0.00259962 -0.00199938 -0.00897813 -0.0139198
internal_weight=1184.94 1165.25 1150.03 788.415 726.993 98.3231 628.67 61.4214 591.966 561.949 510.755 495.153 62.5618 45.7438
internal_count=4845 4762 4699 3224 2972 402 2570 252 2420 2298 2090 2026 257 188
is_linear=0
shrinkage=0.03


Tree=199
num_leaves=15
num_cat=0
split_feature=3 20 7 20 39 39 17 3 26 39 24 39 5 24
split_gain=3.54616 5.89477 7.2306 5.87186 7.91986 5.86731 7.90003 5.31942 5.19584 4.83366 7.0023 6.09073 4.62822 5.22273
threshold=0.024352169935721871 14.244882109881969 -0.88393589785756788 11.185556159842735 310.07749196969689 281.65453017937637 -1.3 0.042631993561552901 1.3603896103896107 1294.0304473669401 0.11437908496732026 1015.4945707717638 0.43300889816999361 -0.11111111111111106
decision_type=2 10 2 8 2 2 10 2 8 2 8 2 2 8
left_child=12 2 -2 -4 8 6 -3 9 -5 11 -11 -7 13 -1
right_child=1 5 3 4 -6 7 -8 -9 -10 10 -12 -13 -14 -15
leaf_value=-0.0072934909850925853 0.0056889748348121078 -0.0072653126652849958 -0.0059298930782113761 -0.020391471052402233 0.0048440170088624324 -0.0061626686006187202 0.015007321012486129 0.0083757504724101227 0.0022168967573055471 0.0066616098499955216 -0.011104229346855605 -0.019835483520982203 0.0048482147461919572 0.0093009644731642267
leaf_weight=62.241945758461952 201.91391405463219 21.676418200135231 142.63688069581985 16.037988021969795 155.18258452415466 148.81395864486694 27.249866053462029 18.855541348457336 14.617878928780558 47.050481051206589 27.394296944141388 34.658091947436333 261.9068493694067 18.195950493216515
leaf_count=255 825 89 585 66 635 609 111 77 60 193 112 142 1070 74
internal_value=0.000377156 -0.000656677 0.00129267 -0.00145453 0.00204583 -0.00380266 0.00538089 -0.00549276 -0.0108118 -0.00664665 -0.000163305 -0.00920318 0.00293466 -0.00321501
internal_weight=1198.43 856.088 530.389 328.475 185.838 325.699 48.9263 276.772 30.6559 257.917 74.4448 183.472 342.345 80.4379
internal_count=4903 3504 2171 1346 761 1333 200 1133 126 1056 305 751 1399 329
is_linear=0
shrinkage=0.03


Tree=200
num_leaves=15
num_cat=0
split_feature=25 3 2 3 3 25 25 22 39 19 15 20 22 18
split_gain=2.8478 2.86663 4.74573 7.37455 3.98508 3.4913 4.44273 2.84371 5.03024 4.43555 3.73935 4.71459 5.7979 4.83191
threshold=-17.95454545454545 0.016279829737799959 0.29042072763808402 0.028880056171230465 0.014497263111493798 13.700000000000001 11.275000000000002 0.82843137254901966 1229.4138463721727 -3.4499999999999997 -2.3499999999999992 12.103259432437575 0.48529411764705888 1.8375000000000001
decision_type=8 2 2 2 2 10 10 10 2 10 8 10 10 10
left_child=-1 4 3 -3 -2 6 7 10 9 -9 11 12 13 -4
right_child=1 2 5 -5 -6 -7 -8 8 -10 -11 -12 -13 -14 -15
leaf_value=0.01015080488041332 -0.0014700452146207473 -0.013269174702523241 0.0035364263521561285 0.0043241599327553601 0.013518951050107371 -0.0085600786357565954 0.010665351351747485 0.0018905678134061392 0.0061129848155246037 -0.016098065554505849 0.0017813681420118421 0.0003522560899107104 -0.017763527048032187 -0.011005750333608606
leaf_weight=18.834966972470284 30.849656999111176 56.044866412878036 45.777326926589012 29.997035145759583 26.241653740406036 37.01767535507679 30.664423406124115 16.727548271417618 19.553169190883636 33.531534627079964 577.92845126986504 211.55900479853153 28.400511726737022 29.968127712607384
leaf_count=78 126 232 188 123 108 151 125 68 80 137 2358 868 117 123
internal_value=-0.000116347 -0.000323371 -0.000669233 -0.00723493 0.00595339 -8.90916e-05 0.000267602 -0.000116691 -0.00573586 -0.0104816 0.00035176 -0.00225225 -0.00731673 -0.00254231
internal_weight=1193.1 1174.26 1117.17 86.0419 57.0913 1031.13 994.11 963.446 69.8123 50.2591 893.633 315.705 104.146 75.7455
internal_count=4882 4804 4570 355 234 4215 4064 3939 285 205 3654 1296 428 311
is_linear=0
shrinkage=0.03


Tree=201
num_leaves=15
num_cat=0
split_feature=39 0 9 17 7 23 16 3 3 0 39 10 10 42
split_gain=3.5735 6.84896 5.32752 6.1109 4.96538 5.68847 5.9017 4.94032 6.66773 4.6218 5.77871 4.66079 6.6597 4.52921
threshold=1574.3840512640834 -2.2499999999999996 -10.099999999999998 2.0500000000000012 2.3580991505360323 0.54772727272727284 -5.3499999999999988 0.028126843916317593 0.024654072568023103 -3.2499999999999996 357.45334217460351 -8.7749999999999968 -14.099999999999998 11.500000000000002
decision_type=2 2 8 8 2 10 8 2 2 2 2 10 8 8
left_child=4 -2 -3 -4 9 6 -6 8 -8 10 -1 12 -11 -7
right_child=1 2 3 -5 5 13 7 -9 -10 11 -12 -13 -14 -15
leaf_value=-0.0064585233836190678 -0.0043550594070119611 -0.0054405809734076379 0.0032875691468429329 0.016120571907446798 0.0095040847202628245 0.012987809264193375 -0.0089288490274151127 -0.016371014624557749 0.0076280637955109514 0.0023142110443776192 0.0079571135032547591 -0.0014361849366418126 -0.014770753881859828 -0.003662718574964868
leaf_weight=30.590320661664009 62.142742097377777 22.713435471057892 75.831198155879974 59.709403276443481 34.873543173074722 65.079161837697029 37.812471285462379 17.933522492647171 39.812937542796135 29.807831451296806 83.637916713953018 573.5377327054739 53.39145927131176 16.222063168883324
leaf_count=126 255 93 310 245 143 266 155 74 163 122 343 2342 219 67
internal_value=0.00043362 0.0038408 0.00709394 0.00931326 -0.000346106 0.00367054 -0.000272561 -0.00413564 -0.000489319 -0.00146576 0.00398765 -0.00243725 -0.00886553 0.0096458
internal_weight=1203.1 220.397 158.254 135.541 982.699 211.734 130.432 95.5589 77.6254 770.965 114.228 656.737 83.1993 81.3012
internal_count=4923 903 648 555 4020 868 535 392 318 3152 469 2683 341 333
is_linear=0
shrinkage=0.03


Tree=202
num_leaves=15
num_cat=0
split_feature=21 4 10 27 14 42 13 9 10 10 25 19 21 42
split_gain=3.24337 5.67756 7.78401 4.53014 7.5878 4.36766 4.22348 8.47674 5.35952 8.51338 4.54072 4.16057 4.98852 4.03232
threshold=15.899335730759731 129.35227087680201 -1.5999999999999999 10.500000000000002 18.100000000000005 3.5000000000000004 29.700000000000006 -3.0999999999999996 -14.899999999999997 -12.299999999999997 -12.049999999999999 5.8500000000000005 16.680827310131352 2.5000000000000004
decision_type=8 2 10 2 10 8 10 10 10 10 8 10 10 8
left_child=6 2 3 -2 -5 -3 8 -8 -1 -10 -11 12 -4 -9
right_child=1 5 11 4 -6 -7 7 13 9 10 -12 -13 -14 -15
leaf_value=0.008969418300008844 0.0094971288185456033 -0.00075683830342745321 0.0023197102955311286 0.010817988701472585 -0.0096758101494110651 0.014917072127040264 0.0047492333191272804 -0.003190256822359907 -0.015196161085545367 0.010988332321927452 -0.00056049763264026642 0.0053993366881820307 -0.013896010122615543 -0.021628499990129117
leaf_weight=49.605377495288849 78.028213694691658 22.595053762197495 22.636912167072296 22.61629980802536 34.661236464977264 46.21366585791111 29.433274611830711 19.299629777669907 30.077442809939384 26.990115165710449 721.21073055267334 19.307289987802505 51.500212728977203 26.083585813641548
leaf_count=205 320 92 92 93 141 189 120 79 124 111 2947 79 210 109
internal_value=0.000142508 0.00283193 0.000486644 0.00501425 -0.00136489 0.0100675 -0.000754728 -0.00734537 -0.000118606 -0.000751411 -7.37139e-05 -0.00599094 -0.00911099 -0.0148822
internal_weight=1200.26 297.559 228.75 135.306 57.2775 68.8087 902.7 74.8165 827.884 778.278 748.201 93.4444 74.1371 45.3832
internal_count=4911 1216 935 554 234 281 3695 308 3387 3182 3058 381 302 188
is_linear=0
shrinkage=0.03


Tree=203
num_leaves=15
num_cat=0
split_feature=4 39 2 15 22 22 15 18 0 39 19 16 12 14
split_gain=3.09199 3.25748 3.97746 5.24789 3.65308 6.46568 5.59148 3.06479 4.75025 2.9112 9.14882 3.01951 5.34484 5.90755
threshold=-222.01856226225854 1782.34303976501 0.84226307808172662 3.1500000000000008 0.21825396825396828 0.4045454545454546 1.4500000000000002 -4.0499999999999989 4.2500000000000009 170.30138792000687 -0.6499999999999998 7.0500000000000007 28.450000000000003 14.900000000000002
decision_type=2 2 2 8 8 8 8 10 2 2 10 10 10 10
left_child=-1 2 9 -4 -3 -6 -7 -8 -9 10 -2 -11 13 -13
right_child=1 4 3 -5 5 6 7 8 -10 11 -12 12 -14 -15
leaf_value=0.0095119858610766359 0.021454185227935227 0.014283356361409486 -0.002336008115258901 0.016462801072735667 -0.0080391162062715942 0.01327324552523167 0.0099489183187267839 0.0053067101736673922 -0.012098609685215922 -0.001859957177349517 -0.004583268064272646 0.0080257857702752886 0.0096736658983262811 -0.010466516871411974
leaf_weight=28.225088104605675 15.706428438425062 21.7239138931036 23.388268783688545 23.133062586188316 36.952476605772972 44.88065730035305 14.547950163483618 22.966766834259033 24.47110204398632 804.54691158235073 26.054901376366615 21.572424709796906 53.932581916451454 33.250191301107407
leaf_count=117 64 89 96 94 151 184 60 94 100 3290 107 88 221 136
internal_value=0.000487294 0.000229402 -0.000421196 0.00770232 0.00406266 0.0020908 0.0057963 -0.000204026 -0.00396942 -0.000854947 0.00645633 -0.00122259 0.00336699 -0.00312727
internal_weight=1195.35 1167.13 1001.58 46.5213 165.543 143.819 106.866 61.9858 47.4379 955.063 41.7613 913.302 108.755 54.8226
internal_count=4891 4774 4096 190 678 589 438 254 194 3906 171 3735 445 224
is_linear=0
shrinkage=0.03


Tree=204
num_leaves=15
num_cat=0
split_feature=11 26 1 18 16 0 22 26 11 25 4 22 41 41
split_gain=3.84793 4.68568 4.22071 3.50577 3.36465 5.54269 4.93395 2.99855 3.56888 3.43686 3.40206 3.16664 5.86589 4.58959
threshold=13.700000000000001 -7.2361111111111098 38.750000000000007 9.4500000000000011 6.0500000000000007 7.2500000000000009 0.25833333333333336 13.03846153846154 14.225000000000001 15.531250000000002 -43.232260768898179 0.87867647058823539 74.500000000000014 71.500000000000014
decision_type=10 10 2 10 10 2 10 10 10 10 2 10 8 8
left_child=1 -1 -3 7 5 6 -5 8 -2 11 -9 13 -13 -10
right_child=3 2 -4 4 -6 -7 -8 10 9 -11 -12 12 -14 -15
leaf_value=0.017408503883495682 -0.012784371745367127 -0.0094523116843233928 0.0069626122093891163 0.009807081169735124 0.015667502042782628 0.013547354682208459 -0.0080591484935553098 -0.0026651006668759404 7.595710917505969e-05 -0.012411367535572575 0.013389977869600908 0.00015029547714021273 0.019286785745826061 -0.0054022342805255209
leaf_weight=20.051665499806404 17.848878353834152 16.422442525625229 36.561377182602882 15.052326560020445 16.704504877328873 21.368403315544128 41.766389727592468 18.211660519242287 708.22038792073727 17.332400217652321 22.945650860667229 50.785314783453941 15.174863100051878 165.80123269557953
leaf_count=84 73 68 152 62 68 87 170 75 2895 71 94 207 62 680
internal_value=0.000262381 0.00670203 0.00149842 -0.000188997 0.00517596 0.00212749 -0.00291566 -0.000712798 -0.00106138 -0.000777519 0.00676665 -0.000498466 0.00560163 -0.000988069
internal_weight=1184.25 73.0355 52.9838 1111.21 94.8916 78.1871 56.8187 1016.32 975.163 957.314 41.1573 939.982 65.9602 874.022
internal_count=4848 304 220 4544 387 319 232 4157 3988 3915 169 3844 269 3575
is_linear=0
shrinkage=0.03


Tree=205
num_leaves=15
num_cat=0
split_feature=21 21 21 0 17 7 21 26 0 24 4 3 27 3
split_gain=4.27129 4.49512 5.1724 3.91131 4.93938 3.70257 5.52334 5.01883 4.35784 3.65134 4.26703 3.56719 3.80926 5.55539
threshold=7.041543291976053 10.846914563854325 10.965096138809416 11.250000000000002 2.9500000000000006 3.7393703370972573 9.0191155023341754 0.51666666666666672 -1.0000000180025095e-35 -0.25227272727272715 25.949639603948416 0.042854956491320213 10.500000000000002 0.030301806037100091
decision_type=8 8 8 2 10 2 10 10 2 8 2 2 2 2
left_child=-1 5 -3 11 -5 6 7 -2 -9 -8 -11 12 13 -4
right_child=1 2 3 4 -6 -7 9 8 -10 10 -12 -13 -14 -15
leaf_value=-0.011581496497451646 -0.011409433608761834 -0.015723315673065771 0.0026733451240955634 -0.02009397783930018 -0.00097317522439048466 0.013617074830945616 -0.0031559976656312964 0.012493116847451009 -0.00613757073404442 0.017740723573536534 0.0043592834950640889 0.0098653428535752808 -0.0023525191983551764 -0.0089221389526855412
leaf_weight=22.376303434371948 34.946669042110443 14.737360566854475 430.22579047083855 14.553807824850081 33.600169748067856 27.163315683603287 27.70391683280468 18.167869538068771 17.724614679813385 27.837498173117638 76.547762989997864 28.623137786984444 370.7159767895937 35.786848351359367
leaf_count=92 144 60 1762 60 137 112 114 75 73 114 313 117 1515 147
internal_value=0.000132037 0.000407119 -0.000528681 -0.000199292 -0.00809871 0.00411331 0.00254431 -0.00403227 0.0036673 0.00608974 0.00857566 0.000284285 -0.000100123 0.00169762
internal_weight=1180.71 1158.33 928.243 913.506 48.154 230.092 202.928 70.8392 35.8925 132.089 104.385 865.352 836.729 466.013
internal_count=4835 4743 3798 3738 197 945 833 292 148 541 427 3541 3424 1909
is_linear=0
shrinkage=0.03


Tree=206
num_leaves=15
num_cat=0
split_feature=42 18 21 15 25 22 12 25 12 20 25 16 25 16
split_gain=2.46772 5.49622 5.79138 5.29368 3.09386 5.11017 3.99995 2.88111 2.63797 2.47635 2.61236 7.03069 6.02935 9.78625
threshold=11.500000000000002 3.5500000000000003 14.360826345769025 7.3500000000000005 -5.7386363636363624 0.22474747474747478 21.900000000000002 4.6449579831932786 21.500000000000004 7.2972592731644523 -6.1909090909090905 7.1500000000000012 -12.320512820512819 0.95000000000000007
decision_type=10 10 8 10 10 8 10 8 10 8 10 8 8 10
left_child=9 3 8 4 5 -2 -6 -8 -3 -1 11 12 13 -11
right_child=1 2 -4 -5 6 -7 7 -9 -10 10 -12 -13 -14 -15
leaf_value=-0.0073651075093317184 -0.010295660783234767 0.0045566978350298085 0.01416806271655611 0.008573831171523303 -0.016709160593019121 0.0099500105686817827 -0.008663797469701813 0.0052379534720780035 -0.0097013117728727265 0.014849967799414505 0.0019656060252247545 0.011258048611304508 -0.0062511536159087309 -0.0107249699560906
leaf_weight=27.448128163814545 17.403816848993301 18.13259756565094 25.549597680568695 15.983327731490133 44.664270505309105 17.479731976985931 34.86403451859951 16.183360755443573 19.463881269097328 30.377304911613464 721.741211399436 28.315284609794617 164.34632284939289 17.284293994307518
leaf_count=112 72 74 104 66 185 73 145 67 81 125 2943 118 674 72
internal_value=0.000167634 -0.00274976 0.00441559 -0.00588042 -0.00790038 -0.000175223 -0.0105674 -0.00418247 -0.00309705 0.000796683 0.00106642 -0.00161905 -0.00355866 0.00543761
internal_weight=1199.24 209.725 63.1461 146.579 130.595 34.8835 95.7117 51.0474 37.5965 989.513 962.064 240.323 212.008 47.6616
internal_count=4911 867 259 608 542 145 397 212 155 4044 3932 989 871 197
is_linear=0
shrinkage=0.03


Tree=207
num_leaves=15
num_cat=0
split_feature=17 19 17 17 18 19 39 13 19 25 20 17 17 8
split_gain=4.03789 9.73404 6.46172 5.43552 5.42424 4.65436 5.94339 4.93183 4.74157 4.58647 4.90542 7.39939 6.17649 6.03867
threshold=-2.7999999999999989 8.3500000000000032 -6.5499999999999989 -1.7999999999999992 -2.9499999999999997 -7.4499999999999993 316.74183612110232 32.500000000000007 -5.6499999999999995 -1.148351648351648 17.020412405448347 -9.0499999999999989 -4.2499999999999982 1.4500000000000002
decision_type=10 10 10 10 10 8 2 8 8 10 8 10 10 10
left_child=1 5 -3 4 -2 -1 -7 8 -8 -10 11 -11 13 -13
right_child=3 2 -4 -5 -6 6 7 -9 9 10 -12 12 -14 -15
leaf_value=0.0056982030100248245 -0.0035336918515446957 0.017352212881786889 -0.0031148353735985972 0.00050896911807959641 0.015955062400959348 -0.013164333731439083 -0.014154310206832879 -0.014914914568650548 0.0028507239578318549 -0.014292690474964996 -0.017632314491205791 -0.0017937430148089407 -0.010108358149217411 0.018136414840252683
leaf_weight=36.547119542956352 16.401782467961311 30.005702197551727 20.81875541806221 690.83646987378597 36.239386275410652 61.226538822054863 20.611934170126915 24.017620429396629 145.35945583879948 25.040514335036278 17.728186413645744 24.431961610913277 17.143363475799561 23.898107036948204
leaf_count=150 67 123 85 2822 148 254 84 101 597 103 73 100 70 97
internal_value=-0.000101129 -0.00234024 0.0094404 0.00125122 0.010103 -0.00395106 -0.00499684 -0.00313065 -0.00184989 -0.000595493 -0.00514498 -0.00190421 0.0035117 0.00883769
internal_weight=1190.31 446.829 50.8245 743.478 52.6412 396.005 359.458 298.231 274.214 253.602 108.242 90.5139 65.4734 48.3301
internal_count=4874 1837 208 3037 215 1629 1479 1225 1124 1040 443 370 267 197
is_linear=0
shrinkage=0.03


Tree=208
num_leaves=15
num_cat=0
split_feature=21 26 16 25 41 7 24 7 23 9 20 24 16 20
split_gain=3.73973 3.04968 3.64389 4.66163 7.19828 5.13417 4.64889 6.02156 9.40654 8.28394 5.51157 7.42691 5.4429 5.99996
threshold=7.2640668132022723 15.645833333333334 0.65000000000000002 -7.4807692307692299 62.500000000000007 1.6923314736116073 0.083333333333333343 -1.2545956263493776 0.72902097902097907 2.7000000000000006 10.876324876251038 -0.090909090909090898 3.2250000000000005 10.57250101810247
decision_type=8 10 8 8 10 2 10 2 10 8 10 10 10 10
left_child=-1 2 -2 4 -4 -6 7 8 9 -5 11 -9 -8 -14
right_child=1 -3 3 6 5 -7 12 10 -10 -11 -12 -13 13 -15
leaf_value=-0.0095953305925265218 0.0022389871301313211 0.0099313382280805437 -0.018994339948633671 -0.0034059613094714275 -0.008355844590958561 0.011670947666665203 0.0027176252170473402 -0.018272502002713194 -0.003234337404021495 0.019085096178127488 0.001534620182359679 0.0051214209972524401 0.0052677853479342488 -0.013734815327778885
leaf_weight=25.768048629164696 634.98640611767769 28.491008162498474 26.475945249199867 17.867913097143173 21.260688617825508 15.534398823976515 50.888535231351852 28.166379362344742 46.179742157459259 53.727869138121605 147.01202194392681 16.492889225482941 16.481938689947128 60.055252075195312
leaf_count=106 2600 117 110 73 88 64 208 116 188 221 601 67 67 245
internal_value=0.000735872 0.00100473 0.000738105 -0.00117073 -0.00846097 0.000483924 -3.11089e-05 0.00195495 0.00714643 0.0136162 -0.00133562 -0.00998723 -0.00474587 -0.0095706
internal_weight=1189.39 1163.62 1135.13 500.144 63.271 36.7951 436.873 309.447 117.776 71.5958 191.671 44.6593 127.426 76.5372
internal_count=4871 4765 4648 2048 262 152 1786 1266 482 294 784 183 520 312
is_linear=0
shrinkage=0.03


Tree=209
num_leaves=15
num_cat=0
split_feature=8 24 28 8 15 39 15 7 15 11 43 25 9 26
split_gain=3.24342 2.6744 4.05539 4.16065 3.76774 3.55605 2.68141 4.60288 4.52745 5.31893 4.91583 7.36196 5.57462 5.78567
threshold=18.100000000000005 -0.45048701298701294 6.5000000000000009 -2.5499999999999994 -9.1499999999999968 938.24961952166075 -7.0499999999999989 -0.63657947983310792 -6.1499999999999995 16.500000000000004 1.0000000180025095e-35 -1.0801282051282048 5.1000000000000005 -2.5634920634920628
decision_type=10 8 2 8 8 2 8 2 8 8 2 8 8 8
left_child=1 2 -1 -4 5 -3 7 -6 -8 -10 11 12 13 -11
right_child=-2 4 3 -5 6 -7 8 -9 9 10 -12 -13 -14 -15
leaf_value=0.008432092157566292 0.012488890450103441 0.0006434208520603471 -0.0018306753350147613 -0.01438050521263432 0.0044419867128104697 0.015694742270630214 0.011392360869182584 -0.012386357099890005 -0.0065354186898270092 0.0089681243337520564 -0.0056339554689148414 7.1964313525004153e-05 0.016358488896575301 -0.0021931184667688636
leaf_weight=16.245961472392082 14.935053974390028 28.618348017334938 74.544432416558266 31.191942483186722 20.826339438557625 23.78876981139183 29.495848670601845 31.945812657475471 86.967835500836372 88.006471827626228 84.011284902691841 573.87127551436424 38.159749716520309 72.995668664574623
leaf_count=67 61 118 308 128 85 98 121 132 357 359 344 2348 156 298
internal_value=0.000486461 0.000285991 -0.00383463 -0.00601499 0.00076751 0.00824746 0.000347411 -0.00593545 0.000716582 0.000324751 0.00105475 0.0018132 0.0067058 0.00399416
internal_weight=1215.6 1200.67 121.982 105.736 1078.69 52.4071 1026.28 52.7722 973.508 944.012 857.044 773.033 199.162 161.002
internal_count=4980 4919 503 436 4416 216 4200 217 3983 3862 3505 3161 813 657
is_linear=0
shrinkage=0.03


Tree=210
num_leaves=15
num_cat=0
split_feature=25 25 7 17 39 19 25 41 7 2 17 25 1 21
split_gain=3.12967 4.25313 4.06086 5.8802 5.35971 5.29229 5.2539 5.99579 5.35255 4.88014 4.81864 6.38158 7.56834 5.34996
threshold=-6.1909090909090905 -6.645833333333333 -0.095396701461227126 9.8500000000000032 257.86466118942809 -8.2499999999999982 1.607692307692308 68.500000000000014 -0.35135375161062216 0.77689803578805372 -7.6499999999999986 1.607692307692308 42.750000000000007 16.412224433430705
decision_type=8 10 2 8 2 10 8 10 2 2 10 10 2 10
left_child=1 -1 4 5 -2 -4 7 9 -8 -6 11 12 -7 -12
right_child=2 -3 3 -5 6 10 8 -9 -10 -11 13 -13 -14 -15
leaf_value=-0.0015003426731086812 0.010763452334300148 -0.01578157603531704 0.013049727715363774 -0.0089657987022007408 0.010183456839115208 -0.015070995529293833 -0.0022276346839367796 -0.0043969075701280301 0.013382527557573069 -0.0061185017598878715 -0.00085878823642626364 -0.019249312131805266 0.0085245101256213197 0.0088684119461337266
leaf_weight=207.48233865201473 62.876359418034554 15.818732053041456 22.897508189082146 65.285655319690704 128.94250138103962 14.623042702674864 248.12104991078377 39.776352196931839 16.468906983733177 15.498259544372557 252.90332531929016 21.434704855084419 27.501943752169609 58.491655215620995
leaf_count=856 257 65 94 268 527 60 1015 162 67 63 1033 89 113 239
internal_value=0.000329419 -0.0028355 0.00106517 -0.000965638 0.00289487 0.000442135 0.00168607 0.00550532 -0.00102583 0.00828809 -0.000489373 -0.0076944 -0.0003963 0.00107962
internal_weight=1198.12 223.301 974.821 463.138 511.683 397.852 448.807 184.217 264.59 144.441 374.955 63.5597 42.125 311.395
internal_count=4908 921 3987 1896 2091 1628 1834 752 1082 590 1534 262 173 1272
is_linear=0
shrinkage=0.03


Tree=211
num_leaves=15
num_cat=0
split_feature=7 4 21 26 7 14 4 2 21 41 20 27 27 26
split_gain=2.74948 2.67861 5.50803 4.81834 4.99839 4.10586 4.04536 5.68396 6.10591 6.0843 5.51992 4.95512 5.52594 5.18057
threshold=-6.7698326543832028 -59.979108267422809 15.110150861679218 1.2071428571428573 -1.532966391003906 19.266666666666669 22.044994705129628 0.61459760318196321 17.99644985356819 82.500000000000014 18.822858434667868 4.5000000000000009 6.5000000000000009 -1.4833333333333332
decision_type=2 2 8 8 2 10 2 2 10 8 10 2 2 10
left_child=-1 2 5 -4 -5 -2 10 8 9 11 -3 -8 -13 -14
right_child=1 6 3 4 -6 -7 7 -9 -10 -11 -12 12 13 -15
leaf_value=-0.0092434170136204627 -0.00064288971244415261 0.0055745708862666036 -0.0095898996576645971 0.018929319285342978 0.0013544835557869209 -0.010309600265057792 -0.013257297743178241 0.0014197664850465828 -0.017959696986954446 0.012354798529850285 -0.010387409114454746 0.011786485566050258 -0.011422448382707048 0.0010245623207396435
leaf_weight=24.094451233744621 73.262088343501091 213.61607199907303 14.881229668855665 17.376815885305405 44.19502018392086 82.764062106609344 36.990873917937279 506.29964914917946 21.280621886253357 17.539625599980354 16.819888561964035 19.086829677224159 44.791804492473602 74.216636151075363
leaf_count=98 301 874 61 71 181 342 152 2073 87 72 69 78 183 303
internal_value=-0.000132343 9.13235e-05 -0.00276055 0.00367761 0.00736365 -0.0059315 0.000799543 -0.000314341 -0.00435751 -0.00243843 0.00421362 -0.00422225 -0.00142341 -0.00393184
internal_weight=1207.22 1183.12 232.479 76.4531 61.5718 156.026 950.642 720.206 213.906 192.626 230.436 175.086 138.095 119.008
internal_count=4945 4847 956 313 252 643 3891 2948 875 788 943 716 564 486
is_linear=0
shrinkage=0.03


Tree=212
num_leaves=15
num_cat=0
split_feature=24 2 24 14 15 16 26 16 16 16 21 26 5 25
split_gain=2.82064 5.0403 4.32673 4.04235 3.79797 3.12486 5.64754 3.6693 2.75436 5.28069 6.13268 3.91909 4.49999 6.08532
threshold=0.64087301587301593 0.68275979320088409 0.68968253968253979 23.450000000000003 -2.9499999999999997 12.550000000000002 12.055555555555557 10.950000000000001 8.3500000000000032 6.9500000000000011 15.302868285971032 7.5192307692307701 0.3655340567305429 -10.732142857142856
decision_type=8 2 10 10 10 8 10 10 10 10 10 10 2 10
left_child=5 3 -3 4 -2 6 7 8 9 11 -11 12 13 -1
right_child=1 2 -4 -5 -6 -7 -8 -9 -10 10 -12 -13 -14 -15
leaf_value=-0.0076605304090430005 0.0037335874050522695 0.017351643108859557 -0.00044269467727839237 0.0068899888608236004 -0.013677859894355951 -0.010671495812512762 0.0080839171342112388 0.0108795785280647 -0.0089048450963129366 0.017168126870969216 -0.0049760400776711405 -0.0078804512903833963 -0.0019731531275828614 0.0092141471083836898
leaf_weight=21.791947349905968 15.361157983541487 27.636904373764992 19.343770071864128 25.234631419181824 24.644940972328186 25.486680179834366 54.337478563189507 16.370933920145035 40.769173949956894 23.598634123802185 15.571150809526442 82.364353805780411 728.2827845364809 68.624013766646385
leaf_count=91 64 113 79 104 102 105 223 67 167 97 64 337 2980 281
internal_value=-0.00071995 0.00370567 0.0106872 -0.00172468 -0.00732032 -0.001196 -0.000916966 -0.00144522 -0.00170502 -0.00134738 0.00879837 -0.00183454 -0.00118215 0.00495873
internal_weight=1189.42 112.221 46.9807 65.2407 40.0061 1077.2 1051.71 997.373 981.002 940.233 39.1698 901.063 818.699 90.416
internal_count=4874 462 192 270 166 4412 4307 4084 4017 3850 161 3689 3352 372
is_linear=0
shrinkage=0.03


Tree=213
num_leaves=15
num_cat=0
split_feature=26 19 21 39 19 16 3 3 11 39 39 20 13 20
split_gain=2.83363 2.681 4.91122 5.17287 4.16609 5.17146 4.00418 4.95991 9.60103 4.63113 4.98518 4.81831 4.04016 3.86309
threshold=15.645833333333334 -1.9499999999999997 18.145094059963551 1010.6699654872941 -3.3499999999999992 -0.94999999999999984 0.024619206037435396 0.024826062477769754 20.633333333333336 742.93043482500468 1496.7424901501342 13.400041457702269 22.366666666666671 15.470760952339889
decision_type=10 10 8 2 8 10 2 2 10 2 2 10 10 10
left_child=1 2 4 -4 6 -6 9 8 -8 11 12 -1 -11 -9
right_child=-2 -3 3 -5 5 -7 7 13 -10 10 -12 -13 -14 -15
leaf_value=-0.017506419803607173 0.0084883263737138091 0.00077677146527964944 -0.019045204937492757 0.001919371911369064 0.0011616365262163283 -0.012658289683266686 -0.0013801959765406299 0.0029602524848468697 0.021753988656666483 -0.00156424075583637 -0.0074872845912931493 -9.975340368489277e-05 0.016949909418931312 -0.0099664050653273852
leaf_weight=26.176422744989395 29.198960408568382 760.17962570488453 24.273229405283928 15.275424510240553 43.327256366610527 48.512033566832542 30.851690724492073 78.176689758896828 27.630392357707024 17.899592459201813 24.041037082672119 26.565058797597885 18.540513545274734 22.752110525965691
leaf_count=107 120 3115 100 63 177 198 127 320 113 73 99 109 76 93
internal_value=-2.36655e-05 -0.000272539 -0.00223221 -0.0116412 -0.00106753 -0.00641508 0.000816934 0.00383183 0.0104023 -0.00341039 0.00222584 -0.00950679 0.00876419 -0.000286653
internal_weight=1193.4 1164.2 404.021 39.5487 364.473 91.8393 272.634 159.411 58.4821 113.223 60.4811 52.7415 36.4401 100.929
internal_count=4890 4770 1655 163 1492 375 1117 653 240 464 248 216 149 413
is_linear=0
shrinkage=0.03


Tree=214
num_leaves=15
num_cat=0
split_feature=12 1 21 3 1 7 9 21 7 13 15 30 1 2
split_gain=2.55869 2.93212 6.2833 5.21815 4.18595 3.51631 3.30123 4.951 4.73238 5.53086 4.60887 6.52876 4.79521 8.88328
threshold=35.100000000000009 37.250000000000007 11.756085834996256 0.024568946653705685 37.750000000000007 -6.7698326543832028 6.1000000000000005 16.343024313823417 0.62863048496091378 23.300000000000001 1.1500000000000001 1.0000000180025095e-35 42.750000000000007 0.59279749202583709
decision_type=10 2 10 2 2 2 10 8 2 8 8 2 2 2
left_child=1 2 -1 -4 -3 -6 10 8 -8 -10 12 -12 13 -7
right_child=-2 4 3 -5 5 6 7 -9 9 -11 11 -13 -14 -15
leaf_value=0.0049506629317327003 -0.00999064153443034 0.011536568931217375 0.0024688971937664949 -0.014840120968882242 -0.010086015667997257 -0.0010563123658790675 0.0050284034428768123 0.011100547609914517 -0.012518403347451171 0.0047505448910391164 -0.0047183969430933193 0.0064377645710704647 -0.00051295206082688943 0.012636212344471596
leaf_weight=38.353445500135422 16.981240168213844 26.856220245361328 20.831021785736084 45.792707547545433 22.563166201114655 83.866700306534767 100.54848909378052 58.319925770163536 33.89022359251976 25.60816253721714 272.4454305768013 52.359339892864227 294.76927806437016 80.284328535199165
leaf_count=159 70 110 86 187 92 344 411 240 139 106 1112 215 1209 330
internal_value=0.00015013 0.000341399 -0.00432242 -0.00963362 0.000825261 0.00048986 0.00077688 0.00399427 0.00114696 -0.00529375 -0.000139211 -0.00284966 0.00178917 0.0058161
internal_weight=1173.47 1156.49 104.977 66.6237 1051.51 1024.66 1002.09 218.367 160.047 59.4984 783.725 324.805 458.92 164.151
internal_count=4810 4740 432 273 4308 4198 4106 896 656 245 3210 1327 1883 674
is_linear=0
shrinkage=0.03


Tree=215
num_leaves=15
num_cat=0
split_feature=29 3 15 25 39 15 22 2 11 12 22 23 11 39
split_gain=3.51414 4.61217 3.02845 6.65717 7.43098 3.22821 3.43586 3.0443 2.79927 4.15871 4.29209 4.47132 4.04725 5.76146
threshold=10.500000000000002 0.024318612059947568 -7.1499999999999995 -17.95454545454545 1010.6699654872941 -5.9499999999999993 0.33974358974358981 0.40559015011873467 25.500000000000004 23.633333333333336 0.46770833333333339 0.71825396825396837 16.500000000000004 1782.34303976501
decision_type=2 2 8 10 2 8 8 2 8 10 8 8 10 2
left_child=2 -2 3 -1 -5 6 -4 -6 12 -10 -11 -12 -7 -14
right_child=1 -3 5 4 7 8 -8 -9 9 10 11 -13 13 -15
leaf_value=0.010685890845874672 0.0046608118811795373 -0.010249011529156998 0.015515042263375306 -0.013488472694364005 -0.0069906322819717013 -0.0041243767037613642 -5.9687012634889499e-05 0.0082964517857049835 -0.0050897770028760702 0.014464033969693766 -0.0049531815622878119 0.006888823515410137 0.0010912974930198107 0.010075149475297087
leaf_weight=17.613844335079193 22.645959317684174 61.007281139492989 21.176582023501396 61.980615720152855 14.431209146976469 99.466200545430183 24.77499882876873 25.397358566522598 176.5462152659893 15.73502331972122 69.209324851632118 41.803613498806953 472.69675363600254 69.674011513590813
leaf_count=73 93 250 87 257 60 409 102 104 721 64 283 171 1934 287
internal_value=-0.000429661 -0.00617752 2.90678e-05 -0.00438394 -0.00736933 0.000580161 0.00793604 0.00259553 0.000182643 -0.00217087 0.0019337 -0.000389184 0.00130296 0.00232687
internal_weight=1194.16 83.6532 1110.51 119.423 101.809 991.083 45.9516 39.8286 945.131 303.294 126.748 111.013 641.837 542.371
internal_count=4895 343 4552 494 421 4058 189 164 3869 1239 518 454 2630 2221
is_linear=0
shrinkage=0.03


Tree=216
num_leaves=15
num_cat=0
split_feature=41 27 41 12 19 15 19 1 26 5 25 42 29 5
split_gain=3.07905 3.44129 5.9815 5.28646 5.23307 4.83406 6.81268 4.56618 5.38423 4.759 4.35004 4.82768 4.11497 3.73901
threshold=86.500000000000014 10.500000000000002 40.500000000000007 26.100000000000005 10.15 -1.8499999999999999 2.2250000000000005 39.250000000000007 -1.2426470588235292 0.43300889816999361 0.78174603174603186 8.5000000000000018 10.500000000000002 0.5842073116815315
decision_type=10 2 10 10 8 8 10 2 10 2 10 8 2 2
left_child=1 3 7 4 -1 6 -5 13 -9 -10 -7 -12 -4 -3
right_child=-2 2 12 5 -6 10 -8 8 9 -11 11 -13 -14 -15
leaf_value=0.0013370858561459762 -0.008869214629098612 0.020853389058124543 -0.002100760885156633 0.014801865450956811 -0.014022424324842492 0.019183389512950736 -0.00651440863756041 -0.0078031291598859498 -0.0056323170475701375 0.010044888113168561 0.011402991978484895 -0.0060516896786313055 -0.014294981016843664 0.0018298074687210495
leaf_weight=467.86760827898979 26.130559056997299 17.531413838267326 376.98724484443665 14.506970748305319 15.854924246668814 33.872230067849159 38.776077628135681 37.225901588797569 21.17154449224472 52.658232748508453 33.600241541862488 18.656256780028343 21.972006067633629 17.628120124340057
leaf_count=1917 107 72 1544 60 66 139 160 153 87 216 137 77 90 73
internal_value=0.000446451 0.000691714 -0.00104421 0.00220668 0.000695339 0.007245 6.1155e-05 0.00405734 0.000881214 0.00547717 0.011442 0.00518715 -0.00294096 0.0127308
internal_weight=1194.44 1168.31 545.174 623.134 483.723 139.412 53.283 146.215 111.056 73.8298 86.1287 52.2565 398.959 35.1595
internal_count=4898 4791 2235 2556 1983 573 220 601 456 303 353 214 1634 145
is_linear=0
shrinkage=0.03


Tree=217
num_leaves=15
num_cat=0
split_feature=21 16 16 7 19 21 16 23 26 27 15 26 21 23
split_gain=4.31269 4.2907 7.87695 5.46323 5.76713 5.52208 5.32981 7.68869 5.23227 5.04828 5.03544 4.68294 5.00134 7.49817
threshold=9.0191155023341754 8.9500000000000011 7.1500000000000012 3.1874480546540016 -5.5499999999999989 17.000163302892791 4.7250000000000005 0.64495798319327746 7.4083333333333341 11.500000000000002 -6.1499999999999995 -16.708333333333332 10.001388757743909 0.61651583710407254
decision_type=8 10 10 2 8 10 10 10 8 2 8 8 10 10
left_child=-1 2 3 6 -5 10 11 -8 -4 -9 -6 -2 13 -13
right_child=1 -3 8 4 5 -7 7 9 -10 -11 -12 12 -14 -15
leaf_value=-0.0059168062412745751 -0.011691473076810937 -0.0062155226579324414 0.0026355807175412666 0.0096092258018572862 0.0035139794478153334 0.0066979349880297578 -0.013354958459661939 -0.0041553050568460485 0.021605221410801484 0.014571762027498171 -0.012981497211497686 0.01687430660273144 0.0016478652878752144 -0.0051674666571357442
leaf_weight=103.4107940196991 16.885625034570694 77.86015348136425 29.204238712787628 16.310074329376221 18.149618864059448 17.504779398441315 46.963728606700897 29.512007385492325 21.344429090619087 16.092443868517876 85.511646032333374 41.118338063359261 666.42400498688221 17.103491008281708
leaf_count=426 69 320 120 67 75 72 192 121 88 66 350 170 2727 70
internal_value=-0.000207507 0.000353575 0.000881796 0.000252299 -0.00518066 -0.00747344 0.00117329 -0.00543238 0.0118693 0.00323976 -0.0100646 0.00202877 0.0024264 0.0105026
internal_weight=1203.4 1099.98 1022.12 971.576 137.476 121.166 834.1 92.5682 50.5487 45.6045 103.661 741.531 724.646 58.2218
internal_count=4933 4507 4187 3979 564 497 3415 379 208 187 425 3036 2967 240
is_linear=0
shrinkage=0.03


Tree=218
num_leaves=15
num_cat=0
split_feature=17 39 9 39 4 26 17 17 42 1 26 11 15 39
split_gain=3.31353 3.5807 4.09908 4.10449 5.92661 4.41795 3.56389 9.26444 3.68224 3.34028 4.6721 6.88659 6.61494 3.82537
threshold=-16.449999999999996 1574.3840512640834 -10.733333333333333 2115.1389429549868 -32.50063135916502 -2.8257575757575757 4.0500000000000016 -4.070833333333332 4.5000000000000009 38.250000000000007 -0.10555555555555554 20.300000000000001 0.72500000000000009 1084.7828395896918
decision_type=8 2 8 2 2 10 8 10 10 2 10 8 8 2
left_child=-1 9 -3 6 -5 -6 7 -4 -8 10 11 -2 -12 -11
right_child=1 2 3 4 5 -7 8 -9 -10 13 12 -13 -14 -15
leaf_value=-0.0090469580266280443 -0.01587604494110249 -0.0073532033761953414 0.015235137604940026 -0.010813638922381645 -0.0042634633437944602 0.011388909938385884 0.0035496515607131487 -0.0044420751147299618 0.023761532515512579 0.0012674453608127751 0.010846177373985275 0.0025102354223095901 -0.0078793426808381611 -0.0039269067448789085
leaf_weight=29.727748915553093 47.324189648032188 22.176344692707062 34.802891761064529 25.316788300871849 23.614477276802063 35.446469813585281 15.364710375666617 43.228306591510773 18.920348361134529 663.6491317898035 28.835657060146332 26.351117178797722 29.206830248236656 152.7155519425869
leaf_count=124 194 91 143 104 97 146 63 177 78 2718 119 108 119 625
internal_value=8.59098e-05 0.000356172 0.00376922 0.00517442 0.000120943 0.00528629 0.0088039 0.00472315 0.0163083 -0.000447391 -0.00478754 -0.0095583 0.00154594 0.00027776
internal_weight=1196.68 1166.95 218.87 196.694 84.3777 59.0609 112.316 78.0312 34.2851 948.082 131.718 73.6753 58.0425 816.365
internal_count=4906 4782 899 808 347 243 461 320 141 3883 540 302 238 3343
is_linear=0
shrinkage=0.03


Tree=219
num_leaves=15
num_cat=0
split_feature=7 7 21 20 3 20 4 30 20 20 4 17 11 22
split_gain=3.31795 3.07939 2.92759 3.6968 5.22897 5.22077 5.45338 6.39746 5.27877 5.48737 5.03299 5.26672 4.63472 7.73051
threshold=-6.7698326543832028 -5.3282938294911988 10.999494937900057 12.103259432437575 0.019569298506679881 12.384578223652904 132.28424913852828 1.0000000180025095e-35 14.244882109881969 18.587630208933277 -15.557637719118132 -4.9499999999999984 21.900000000000002 0.46410256410256417
decision_type=2 2 10 10 2 10 2 2 10 10 2 8 10 8
left_child=-1 -2 -3 10 -5 -6 12 8 -8 -10 11 -4 13 -7
right_child=1 2 3 4 5 6 7 -9 9 -11 -12 -13 -14 -15
leaf_value=-0.0098363485088639631 0.0094013273786203323 0.0027724847129921692 -0.0051545706906310313 0.0094972088851088595 0.011221562167555659 -0.0045245166812439893 0.009029367273537996 0.017671566389203031 -0.0071769185994183917 0.010723663208436256 -0.0059274099864383388 0.0083504251158002391 -0.007005618183462705 0.0072988094378829624
leaf_weight=24.540750682353973 27.836408421397209 272.16238956153393 43.302533492445946 49.642433673143387 28.435077622532845 126.86592043936253 42.022732749581337 19.957345798611641 66.540551722049713 14.933407619595526 211.37739916145802 51.886743813753128 146.6719668507576 74.944184631109238
leaf_count=100 114 1119 179 204 116 521 172 82 272 61 866 212 600 307
internal_value=9.48902e-05 0.00034278 8.34816e-05 -0.000762395 0.000668498 -0.000256114 -0.00102578 0.00381222 0.00097204 -0.00346557 -0.00339095 0.00225623 -0.00304312 -6.34988e-05
internal_weight=1201.12 1176.58 1148.74 876.58 570.014 520.371 491.936 143.454 123.497 81.474 306.567 95.1893 348.482 201.81
internal_count=4925 4825 4711 3592 2335 2131 2015 587 505 333 1257 391 1428 828
is_linear=0
shrinkage=0.03


Tree=220
num_leaves=15
num_cat=0
split_feature=25 14 3 21 3 15 4 42 14 44 39 2 21 44
split_gain=3.32906 3.38398 2.59273 6.53547 3.39089 4.25737 8.5382 2.95311 5.38784 5.95575 6.4532 5.88441 5.50365 4.5957
threshold=13.700000000000001 21.300000000000001 0.042854956491320213 13.137097515912197 0.031904831632297855 3.0500000000000003 -47.097424815460037 6.5000000000000009 23.700000000000006 1.0000000180025095e-35 935.22570463084014 0.66991909267459826 14.674997614387738 1.0000000180025095e-35
decision_type=10 8 2 10 2 10 2 10 8 2 2 2 10 2
left_child=2 -2 4 -4 7 6 -6 8 -1 10 11 -10 -12 -9
right_child=1 -3 3 -5 5 -7 -8 13 9 -11 12 -13 -14 -15
leaf_value=-0.00047331054165442922 0.0016801586625978676 -0.014602549258864525 -0.0035121773278880002 0.018020700310245882 0.0069477809973427888 0.0043835800802991673 -0.016004691648570376 -0.00037463177861604241 0.0039408374458684689 0.017755461185800715 0.015688510105532114 -0.0094251728004281377 -0.00011372011380481592 -0.0099785092575604036
leaf_weight=365.63076615333557 17.915037333965302 22.950912058353424 23.759971857070923 19.278586119413376 17.260436624288559 24.253561481833458 44.96642130613327 407.50996033847332 73.659203261137009 25.730757564306259 47.401928871870041 42.664576753973961 31.803367882966995 45.452493190765381
leaf_count=1499 73 94 98 79 71 99 185 1675 301 105 194 174 130 187
internal_value=-0.000130882 -0.00805944 0.00017933 0.00700494 -0.000111291 -0.00564931 -0.00959492 0.000374114 0.00177207 0.00541103 0.00338434 -0.00114787 0.00971344 -0.00143676
internal_weight=1210.24 40.8659 1169.37 43.0386 1126.33 86.4804 62.2269 1039.85 586.891 221.26 195.529 116.324 79.2053 452.962
internal_count=4964 167 4797 177 4620 355 256 4265 2403 904 799 475 324 1862
is_linear=0
shrinkage=0.03


Tree=221
num_leaves=15
num_cat=0
split_feature=19 17 21 15 8 13 13 18 20 3 15 20 18 13
split_gain=3.11018 4.65194 5.5968 4.29408 3.96421 3.88056 5.42684 4.84409 7.46944 5.50694 4.86925 4.18117 4.41046 5.56441
threshold=5.8500000000000005 -4.6499999999999986 16.127616066858739 -2.6499999999999999 5.3000000000000016 13.500000000000002 12.100000000000001 2.0500000000000003 18.897089494337148 0.042192148237230283 6.3500000000000005 9.3600807213993118 -0.34999999999999992 25.450000000000003
decision_type=10 10 8 10 10 8 10 10 8 2 10 8 10 10
left_child=5 3 4 -2 -3 6 -1 11 9 10 -9 -7 13 -13
right_child=1 2 -4 -5 -6 7 -8 8 -10 -11 -12 12 -14 -15
leaf_value=0.0047510984973892362 -0.00216567338406304 -0.012338698282701576 0.0041382077850735692 0.012281706543040082 -0.00026112593759801861 -0.0035120168763140562 -0.016925642580797786 -0.0046587362113788043 0.012715181821275743 0.010842193025143998 0.0055622694563575202 0.0037947157761984056 0.00901497494915607 -0.0084336284694613468
leaf_weight=15.17303581535816 43.836952105164528 77.944483533501625 37.312356352806091 25.595447227358818 34.999538838863373 65.196803152561188 19.153957948088646 285.60578700900078 28.094734579324722 22.25555731356144 44.691786304116249 334.1318676173687 130.27910536527634 32.438341751694679
leaf_count=62 181 321 153 105 144 267 78 1170 115 91 182 1372 535 134
internal_value=0.000566926 -0.0026204 -0.00553133 0.00362744 -0.00876578 0.00129331 -0.00795833 0.0016704 -0.000936453 -0.00218694 -0.00321343 0.0034286 0.00436527 0.00261369
internal_weight=1196.71 219.689 150.256 69.4324 112.944 977.021 34.327 942.694 380.648 352.553 330.298 562.046 496.849 366.57
internal_count=4910 904 618 286 465 4006 140 3866 1558 1443 1352 2308 2041 1506
is_linear=0
shrinkage=0.03


Tree=222
num_leaves=15
num_cat=0
split_feature=30 7 44 15 42 16 39 1 7 4 39 39 26 14
split_gain=2.81821 5.59088 5.45233 6.42933 8.65969 5.57198 5.1396 5.6636 5.08416 8.08474 5.41839 5.27947 4.45559 4.20943
threshold=-1.0000000180025095e-35 1.6923314736116073 1.0000000180025095e-35 -5.9499999999999993 3.5000000000000004 8.6500000000000004 631.31414563954775 48.750000000000007 1.8281025687905683 -10.070304246283852 1266.6897134950946 840.0309154608143 1.4833333333333336 30.300000000000001
decision_type=2 2 2 8 8 10 2 2 2 2 2 2 10 10
left_child=8 13 3 4 -3 6 -5 -8 9 -1 -11 -10 -13 -2
right_child=1 2 -4 5 -6 -7 7 -9 11 10 -12 12 -14 -15
leaf_value=-0.010307447462639974 0.0015575882593814071 0.019737443018529009 0.0090314057987342655 -0.015162129776524468 -0.0053817361916689496 0.0070772697562171728 -0.001508004907402044 -0.017978118083497065 0.016895617418694182 -0.00020574706852584019 0.014587534302688767 -0.0096469203650546703 0.0098513321641620667 -0.007783247013977211
leaf_weight=41.680225178599358 681.50885796546936 15.436344385147093 21.646712273359299 71.74882373213768 27.305289894342422 17.701903343200684 96.763100996613503 18.66435594856739 36.224692538380623 65.037279665470123 28.790219753980637 15.218681812286375 17.069639593362808 41.41352167725563
leaf_count=171 2795 64 89 295 114 73 397 77 148 265 118 62 70 170
internal_value=0.000260186 -0.000404836 -0.00405353 -0.00535352 0.00480718 -0.00753727 -0.00906759 -0.00480704 0.00342663 -1.88455e-05 0.00484183 0.009779 0.000599848 0.0009727
internal_weight=1196.21 992.189 269.267 247.62 42.7416 204.878 187.176 115.427 204.021 135.508 93.8275 68.513 32.2883 722.922
internal_count=4908 4074 1109 1020 178 842 769 474 834 554 383 280 132 2965
is_linear=0
shrinkage=0.03


Tree=223
num_leaves=15
num_cat=0
split_feature=11 2 18 18 23 11 19 9 14 2 11 8 19 15
split_gain=3.66692 4.68374 3.43322 3.72836 3.48474 4.81051 4.60034 5.32568 5.64938 4.55183 6.16769 3.8507 4.6475 3.14979
threshold=31.900000000000002 0.75720454639675727 12.750000000000002 11.050000000000002 0.87867647058823539 13.700000000000001 1.0000000180025095e-35 0.50000000000000011 17.100000000000005 0.8142296957633709 23.900000000000002 2.4500000000000006 6.4500000000000011 -13.149999999999997
decision_type=10 2 10 10 8 10 10 10 10 2 10 10 10 10
left_child=2 -2 3 4 9 -6 7 -7 -9 13 -11 12 -8 -1
right_child=1 -3 -4 -5 5 6 11 8 -10 10 -12 -13 -14 -15
leaf_value=-0.010670359968577736 -0.00041439254450526371 0.01608938310957932 0.011261831371517671 -0.011951944500796176 0.0090819530758116506 -0.010034794358991397 -0.020975482627765305 -0.0025934240474428938 0.017719812129903395 0.0035433361243512609 -0.013790757060813983 -0.00029195081164780921 -0.0018934156493421266 0.001600819649546603
leaf_weight=14.308104500174521 31.689823091030121 24.800541386008263 18.973596766591072 18.82783018052578 17.760373622179031 25.172732815146446 33.111437648534775 27.041191071271896 16.101489648222923 29.495744124054909 37.943125009536743 22.586365699768066 17.97657099366188 856.74262222647667
leaf_count=60 130 101 78 77 75 103 137 111 66 121 156 93 74 3512
internal_value=0.000414798 0.00755026 2.84523e-05 -0.000211682 4.28443e-05 -0.00398309 -0.00587063 -0.000163119 0.00604075 0.000745617 -0.00648807 -0.0108163 -0.0150283 0.0013395
internal_weight=1192.53 56.4904 1136.04 1117.07 1098.24 159.75 141.99 68.3154 43.1427 938.49 67.4389 73.6744 51.088 871.051
internal_count=4894 231 4663 4585 4508 659 584 280 177 3849 277 304 211 3572
is_linear=0
shrinkage=0.03


Tree=224
num_leaves=15
num_cat=0
split_feature=25 17 18 24 17 2 12 14 17 19 15 25 8 15
split_gain=2.8856 2.6345 6.2768 5.75638 5.35172 6.59397 7.89207 6.85738 6.26298 5.36112 5.07218 5.00005 4.81016 4.44417
threshold=15.531250000000002 -2.7999999999999989 -3.4499999999999997 0.11111111111111109 -4.2499999999999982 0.53610154005018396 18.450000000000003 17.900000000000002 -9.0499999999999989 8.7500000000000018 -4.2499999999999991 -5.3205128205128194 -2.4499999999999997 -1.9499999999999997
decision_type=10 8 10 10 10 2 10 10 10 10 10 8 10 10
left_child=1 2 3 10 5 7 -7 -4 12 -9 -1 -6 -8 -13
right_child=-2 -3 4 -5 11 6 8 9 -10 -11 -12 13 -14 -15
leaf_value=0.016009563004384386 -0.0090253733614302258 0.0017687479611008649 0.0019688100703141895 -0.0090708422251129326 0.003425488754901126 -0.01123460557689678 0.0069926404915236625 -0.014055568388402166 0.013953921796220006 0.003809832630800771 0.0015159044973782597 -0.024074535453802386 -0.011656776410170953 -0.0047874539855096137
leaf_weight=36.722845777869225 23.197069838643074 738.83288826048374 65.383478850126266 16.724751234054565 14.622608095407484 20.125972613692284 23.759143188595772 70.199272006750107 53.797104522585869 16.618200078606606 47.794113099575043 21.517571955919266 17.00441400706768 23.332472190260887
leaf_count=152 95 3026 269 69 60 83 98 292 220 68 196 89 70 95
internal_value=0.000462077 0.000688473 -0.00117695 0.00518566 -0.00319919 -0.0012993 0.00403363 -0.00531826 0.00768428 -0.0106146 0.00835591 -0.0109631 -0.00121053 -0.0155273
internal_weight=1189.63 1166.43 427.602 101.242 326.36 266.888 114.687 152.201 94.5607 86.8175 84.517 59.4727 40.7636 44.85
internal_count=4882 4787 1761 417 1344 1100 471 629 388 360 348 244 168 184
is_linear=0
shrinkage=0.03


Tree=225
num_leaves=15
num_cat=0
split_feature=10 42 18 17 16 25 18 16 1 5 25 11 11 20
split_gain=2.92068 4.44347 6.72628 5.29916 3.03403 5.83263 6.6713 5.58787 3.66375 4.55833 3.39822 6.68969 5.83929 5.05225
threshold=15.100000000000003 2.5000000000000004 6.4500000000000011 14.950000000000001 -6.0499999999999989 5.5166666666666675 -1.6333333333333331 -9.4499999999999975 42.250000000000007 0.59809591540616636 -8.9687499999999982 18.500000000000004 19.450000000000003 17.08817004623759
decision_type=8 8 10 10 10 10 10 10 2 2 10 10 10 10
left_child=4 -2 3 -3 5 6 -1 -8 -9 -10 -6 13 -13 -12
right_child=1 2 -4 -5 10 -7 7 8 9 -11 11 12 -14 -15
leaf_value=-0.0070084478919698635 -0.013729831266134468 -0.012419022746425671 0.014704134751408771 0.0056029649817462019 -0.0041743424246080373 0.019305258212155382 -0.0041666640494755413 0.020762322988281283 0.013968009204338163 -0.0058386628911424729 0.0078894129953992718 -0.0098830263449140882 2.9854387483578551e-05 -0.0056240933168051526
leaf_weight=43.922044426202774 29.440354138612747 32.452675312757492 14.725448250770567 20.373574063181877 160.34527423977852 15.398099750280378 25.104752019047737 20.611387297511101 16.455640435218811 16.340657323598862 144.75102518498898 53.957068935036659 575.52504420280457 26.128156870603561
leaf_count=180 120 134 60 83 665 63 103 85 67 67 595 221 2356 108
internal_value=-0.000102133 -0.00495895 -0.000453645 -0.00558498 0.00034721 0.00442707 0.00187186 0.00696192 0.0121019 0.00463251 -0.000258019 0.000547626 -0.000891031 0.005722
internal_weight=1195.53 96.9921 67.5517 52.8262 1098.54 137.833 122.434 78.5124 53.4077 32.7963 960.707 800.361 629.482 170.879
internal_count=4907 397 277 217 4510 565 502 322 219 134 3945 3280 2577 703
is_linear=0
shrinkage=0.03


Tree=226
num_leaves=15
num_cat=0
split_feature=11 39 7 17 39 11 21 10 2 18 20 20 2 39
split_gain=2.80648 4.60125 3.16844 5.33723 5.52958 4.42519 4.20246 2.78721 3.34928 8.60887 4.91915 4.04105 3.20788 3.32505
threshold=12.700000000000001 533.42459081700133 4.9686651750780824 7.5500000000000016 1053.586287215431 14.225000000000001 14.360826345769025 27.100000000000005 0.80848714927666043 6.6500000000000012 16.588650717654577 12.809284797573577 0.79601061911371618 969.05152690383807
decision_type=8 2 2 8 2 8 8 8 2 10 10 8 2 2
left_child=1 -1 5 4 -4 6 -2 8 12 10 11 -10 13 -7
right_child=2 -3 3 -5 -6 7 -8 -9 9 -11 -12 -13 -14 -15
leaf_value=-0.0051728953962881484 -0.017631457856381923 0.013458579486506562 0.016334311040569743 -0.0086188568914666447 -0.0032185599153399199 -0.0021745236469786922 0.0012757547188172692 0.010473509107099698 -0.0045835710448905581 0.011066809319574416 0.0032131035362225188 -0.021373940468264681 0.010051415040759308 0.0014992016432637343
leaf_weight=15.795317202806471 22.682996049523354 26.3973528444767 32.975570306181908 14.592202648520468 17.630537196993828 564.16276885569096 16.097988501191139 14.442855656147001 25.65068519115448 16.140422210097313 15.770632222294806 30.484758585691452 20.452473133802414 358.79218316078186
leaf_count=65 94 112 135 60 72 2313 66 60 106 66 65 125 84 1471
internal_value=-0.000500067 0.00667459 -0.000791086 0.00539336 0.00984545 -0.00118587 -0.0105337 -0.000790787 -0.000998279 -0.00642951 -0.010821 -0.0147041 -0.000460168 -0.000746006
internal_weight=1192.07 42.1927 1149.88 65.1983 50.6061 1084.68 38.781 1045.9 1031.45 88.0465 71.9061 56.1354 943.407 922.955
internal_count=4894 177 4717 267 207 4450 160 4290 4230 362 296 231 3868 3784
is_linear=0
shrinkage=0.03


Tree=227
num_leaves=15
num_cat=0
split_feature=21 21 22 26 15 23 9 15 15 15 42 1 0 0
split_gain=3.86158 4.47207 5.23726 5.08575 5.67376 3.93762 6.18739 4.8531 6.7912 5.59313 5.36894 6.14823 5.20356 9.08805
threshold=20.970610177312253 17.944358402193583 0.64852941176470602 6.514705882352942 -0.94999999999999984 0.57417582417582425 5.3000000000000016 1.4500000000000002 0.95000000000000007 0.22500000000000003 3.5000000000000004 46.250000000000007 4.7500000000000009 7.2500000000000009
decision_type=10 10 8 10 10 10 8 10 8 10 8 2 2 2
left_child=1 5 3 4 -3 6 7 8 9 -1 11 -9 -12 -14
right_child=-2 2 -4 -5 -6 -7 -8 10 -10 -11 12 -13 13 -15
leaf_value=-0.0011197818502363469 0.011526533204950177 -0.0048339224089536401 0.0030525978056284123 0.0022250904437120514 -0.025634433640174217 -0.0018249517198797647 0.01075857346439873 0.0047646800353708749 -0.014972728550019009 0.012330837320434071 0.013707895992904173 -0.01171781262075147 -0.0091244728096911715 0.0091964666975418805
leaf_weight=325.26054957509041 21.350690245628357 27.216078847646713 36.01604650914669 18.82751353085041 20.734446033835411 404.32359318435192 59.336630672216415 43.967450112104416 24.503541871905327 25.383286774158478 63.226419255137444 30.132298976182938 33.372015118598938 62.543420940637589
leaf_count=1340 88 112 148 77 85 1658 244 179 100 104 259 123 137 256
internal_value=0.00016876 -8.56206e-05 -0.00591122 -0.0106216 -0.0153996 0.000497819 0.00190742 0.000963501 -0.00114934 1.35855e-05 0.0043146 -0.00225487 0.00734899 0.00268578
internal_weight=1196.19 1174.84 102.794 66.778 47.9505 1072.05 667.726 608.389 375.147 350.644 233.242 74.0997 159.142 95.9154
internal_count=4910 4822 422 274 197 4400 2742 2498 1544 1444 954 302 652 393
is_linear=0
shrinkage=0.03


Tree=228
num_leaves=15
num_cat=0
split_feature=14 26 18 14 21 21 22 25 19 26 42 8 28 26
split_gain=2.90684 4.52823 4.05547 3.64682 4.30969 4.2268 3.65408 5.19623 2.88973 2.92077 2.86123 2.76123 5.62683 4.53138
threshold=29.500000000000004 -10.035714285714283 1.7500000000000002 26.633333333333336 11.787233958419083 10.523254589096576 0.20416666666666669 2.9687500000000004 9.1333333333333346 5.9705882352941186 5.5000000000000009 -6.0999999999999988 9.5000000000000018 1.0000000180025095e-35
decision_type=10 8 10 10 8 10 10 10 10 10 10 10 2 8
left_child=3 -2 -3 8 5 -5 -6 10 11 -10 -8 12 13 -1
right_child=1 2 -4 4 6 -7 7 -9 9 -11 -12 -13 -14 -15
leaf_value=-0.0065083921827249645 -0.0036406039120462294 0.0016887949985275627 0.016590378924672074 -0.0031472527930392173 -0.010942966227274429 -0.02242163909942841 0.01611760675794437 -0.0070853766804889126 0.015443436628465278 -0.00046092496575037716 0.00094608836749870246 0.00095993414941709595 -0.016704801375052838 0.0025730749090838397
leaf_weight=78.988402083516121 32.619676053524017 33.082919389009476 30.357697784900665 23.937065854668617 19.507744908332825 15.867358863353727 18.395465463399887 26.660784989595413 17.564037144184113 18.74367381632328 22.716750085353851 712.01140680909157 18.698875710368156 115.73550525307655
leaf_count=325 134 137 124 99 80 65 75 109 72 77 93 2916 78 481
internal_value=0.000218289 0.00508561 0.00951061 -0.000232408 -0.00490719 -0.0124754 -0.000966774 0.00245933 0.000407506 0.00817093 0.00874609 6.06499e-05 -0.0028928 -0.00118147
internal_weight=1184.89 96.0603 63.4406 1088.83 127.085 39.8044 87.2807 67.773 961.742 36.3077 41.1122 925.434 213.423 194.724
internal_count=4865 395 261 4470 521 164 357 277 3949 149 168 3800 884 806
is_linear=0
shrinkage=0.03


Tree=229
num_leaves=15
num_cat=0
split_feature=1 1 25 19 1 13 15 19 18 26 22 21 13 9
split_gain=3.12786 3.22051 3.96131 3.86925 2.79763 7.52823 6.07049 5.2612 5.84793 5.04003 4.91771 5.29942 4.68664 5.26213
threshold=54.750000000000007 50.250000000000007 -0.11805555555555554 3.7500000000000004 44.250000000000007 18.100000000000005 6.3500000000000005 -2.2499999999999996 -3.2499999999999996 7.3166666666666673 0.72474747474747481 13.802777461589043 21.675000000000004 0.50000000000000011
decision_type=2 2 8 8 2 8 10 10 10 10 8 10 8 8
left_child=1 4 -3 -4 7 6 -6 -1 10 -10 11 -9 -7 -14
right_child=-2 2 3 -5 5 12 -8 8 9 -11 -12 -13 13 -15
leaf_value=-0.0029427140080131768 -0.011200938928061368 -0.0034350145429300244 0.014072552247979559 -0.00057748555527444099 0.013615085062047286 -0.00967611655165471 -0.0030683319632663596 -0.006027676691642443 0.0064810960527422416 -0.0045741471093192279 -0.013349530762814138 0.0078847702990403213 -0.00624743203423657 0.0021176658757594427
leaf_weight=244.7363393753767 19.150364175438881 32.336825460195541 40.203482881188393 24.715205296874046 37.412131875753403 101.77072015404701 33.718810811638832 47.560724586248398 244.65056277811527 39.921445935964584 25.852819532155991 41.41323521733284 132.75784945487976 129.31284239888191
leaf_count=1006 79 133 164 102 154 418 138 195 1004 164 106 170 545 533
internal_value=-0.000512764 -0.000292098 0.00479892 0.00885269 -0.000770947 -0.00261536 0.00602439 0.000485103 0.00259595 0.004878 -0.00302714 0.000522896 -0.0043632 -0.00215749
internal_weight=1195.51 1176.36 97.2555 64.9187 1079.11 434.972 71.1309 644.135 399.399 284.572 114.827 88.974 363.841 262.071
internal_count=4911 4832 399 266 4433 1788 292 2645 1639 1168 471 365 1496 1078
is_linear=0
shrinkage=0.03


Tree=230
num_leaves=15
num_cat=0
split_feature=29 18 18 9 39 1 0 6 42 24 13 42 37 42
split_gain=2.64986 3.13027 3.43563 6.856 2.55692 3.18137 3.13912 5.58611 6.4329 5.92365 8.47413 4.42936 3.88144 4.72204
threshold=10.500000000000002 -0.84999999999999998 1.9500000000000002 -2.0999999999999996 2301.1072498434423 44.250000000000007 -3.2499999999999996 -1.2213137363978146 17.500000000000004 -0.11111111111111112 25.900000000000002 15.500000000000002 1.0000000180025095e-35 6.5000000000000009
decision_type=2 10 10 10 2 2 2 2 10 8 10 10 2 10
left_child=4 -2 -3 -4 6 -6 12 9 11 -8 -11 -9 13 -1
right_child=1 2 3 -5 5 -7 7 8 -10 10 -12 -13 -14 -15
leaf_value=0.010328292013614404 -0.01162138996097851 0.0096467336157011231 0.0080736703542412091 -0.016173275652236512 1.2281847278004343e-05 -0.014089177998374336 -0.011700393164272382 0.00051646122830961976 -0.012307605723210773 -0.0072566954705682515 0.017527716350510796 0.013844237677951694 -0.0046188163360255715 -0.0002028623207525013
leaf_weight=82.691949680447578 36.291881278157234 15.330091714859007 14.950835168361662 18.23039622604847 32.107846960425377 21.093523129820824 71.094426155090332 694.63777008652687 29.521871104836464 29.141032174229622 14.581814199686049 18.213083505630493 37.209872737526894 67.724472537636757
leaf_count=341 149 63 61 75 132 87 290 2848 123 119 60 75 153 280
internal_value=-0.000594879 -0.00554975 -0.000346023 -0.00562148 -0.000188777 -0.0063088 0.000151413 -0.000622879 0.000344971 -0.00663395 0.00195952 0.000951038 0.00361319 0.0057327
internal_weight=1182.82 84.8032 48.5113 33.1812 1098.02 53.2014 1044.82 857.19 742.373 114.817 43.7228 712.851 187.626 150.416
internal_count=4856 348 199 136 4508 219 4289 3515 3046 469 179 2923 774 621
is_linear=0
shrinkage=0.03


Tree=231
num_leaves=15
num_cat=0
split_feature=14 41 26 11 24 15 20 41 23 20 14 7 39 9
split_gain=3.76692 4.96863 4.08724 3.46744 3.34694 5.61041 4.09733 4.07756 4.04971 5.2802 4.87348 4.76992 4.47317 5.00457
threshold=31.500000000000004 72.500000000000014 -15.276190476190475 20.900000000000002 -0.49107142857142844 1.0500000000000003 16.690815797202919 67.500000000000014 0.43095238095238103 15.372594423847952 27.700000000000006 -0.35135375161062216 606.21729685841763 1.9000000000000001
decision_type=8 8 8 8 10 8 10 8 10 8 10 2 2 10
left_child=2 3 -1 -2 5 6 -4 -6 9 10 -9 -11 13 -10
right_child=1 -3 4 -5 7 -7 -8 8 12 11 -12 -13 -14 -15
leaf_value=-0.013497037989508314 -0.0089412058079084405 0.019457176946831713 0.0013297504950357815 0.0074640156239792147 -0.0015278043736320455 -0.012650191728145114 -0.013026757006925307 0.011722256977184367 -0.013841238204091338 -0.010365148623255521 -0.0030550623577717123 0.0061082405676680046 0.0026288150304978534 0.00060402298643418581
leaf_weight=16.920476257801056 14.804537311196325 14.629247814416884 115.03640975058079 23.02859503030777 509.30256344377995 45.464868128299713 16.048221945762634 103.10605448484421 32.70294414460659 25.568590342998505 22.459351643919945 28.067448511719704 181.22385109961033 49.564993813633919
leaf_count=69 61 61 477 95 2092 188 67 422 133 105 92 115 741 202
internal_value=-0.000292099 0.00720574 -0.000665324 0.000750107 -0.00041425 -0.00414742 -0.000841914 0.000296125 0.00238812 0.00580068 0.00906333 -0.00195893 2.42517e-06 -0.00560225
internal_weight=1197.93 52.4624 1145.47 37.8331 1128.55 176.549 131.085 951.996 442.693 179.201 125.565 53.636 263.492 82.2679
internal_count=4920 217 4703 156 4634 732 544 3902 1810 734 514 220 1076 335
is_linear=0
shrinkage=0.03


Tree=232
num_leaves=15
num_cat=0
split_feature=1 2 13 12 20 20 19 27 17 24 20 17 19 13
split_gain=3.57988 6.27406 4.67095 4.58548 3.51775 3.31236 3.197 3.19303 3.26519 2.79147 2.70289 3.94406 2.49392 3.2724
threshold=49.250000000000007 0.61459760318196321 26.500000000000004 31.900000000000002 15.946089672258216 11.990968821561866 10.550000000000002 6.5000000000000009 4.8500000000000014 -0.1538461538461538 8.0846218247137376 -0.69999999999999973 12.050000000000002 31.700000000000006
decision_type=2 2 10 8 10 10 10 2 10 10 10 10 10 10
left_child=3 2 5 10 7 -2 -5 -3 -9 -7 11 -1 13 -12
right_child=1 4 -4 6 -6 9 -8 8 -10 -11 12 -13 -14 -15
leaf_value=-0.01364899636895154 -0.022721992430736672 0.015125283644945151 -0.00010509258858936884 0.002378506296668552 -0.0085501059487584526 0.0026927220358181898 0.018717722186545185 0.0071170754365816715 -0.008897213020579494 -0.013864310936402023 0.0012076147807277724 0.0013942531350812095 -0.0095565084063626033 -0.0076796826069676786
leaf_weight=25.020104125142097 21.649389177560806 16.603883877396584 30.192876845598221 26.133221834897995 15.471102118492125 14.589224949479105 15.657818943262098 22.714087724685669 14.551511526107786 14.699165090918539 910.85667552053928 31.106984540820122 16.208066895604134 33.920028313994408
leaf_count=103 89 68 125 109 63 60 64 93 60 60 3739 127 67 141
internal_value=4.21458e-05 -0.00421022 -0.00963179 0.000663359 0.00235435 -0.0147645 0.00984628 0.00594628 0.000551022 -0.00642687 0.000239731 -0.00587959 0.000625717 0.000849788
internal_weight=1209.37 150.471 81.1307 1058.9 69.3406 50.9378 41.791 53.8695 37.2656 29.2884 1017.11 56.1271 960.985 944.777
internal_count=4968 618 334 4350 284 209 173 221 153 120 4177 230 3947 3880
is_linear=0
shrinkage=0.03


Tree=233
num_leaves=15
num_cat=0
split_feature=39 11 39 19 26 17 4 21 8 26 26 19 42 26
split_gain=2.53826 5.42533 4.58877 3.32591 4.53738 3.76757 3.73996 5.67492 4.67602 6.56844 4.58258 4.49857 4.27194 3.42966
threshold=1070.1941094918909 13.500000000000002 1008.7888453382922 -5.4499999999999993 3.0277777777777781 0.10000000000000032 130.60849278652577 11.051646293351224 -0.49999999999999994 -6.1547619047619042 10.033333333333335 0.55000000000000016 6.5000000000000009 -4.3874999999999993
decision_type=2 8 2 8 10 10 2 10 10 8 10 8 10 8
left_child=2 -2 -1 4 5 -3 7 11 -8 -10 13 -5 -11 -9
right_child=1 3 -4 6 -6 -7 8 10 9 12 -12 -13 -14 -15
leaf_value=1.9113214270831409e-05 0.011586065999350975 -0.011327414605656767 0.011595889435317593 0.010888515506053681 0.01268841152622872 0.0050891869627331075 0.011047415464417247 -0.00027609717724394722 -0.014213794314786863 0.010218539500300926 0.0020835464654195904 -0.0050919730389900903 -0.0054775496529774646 -0.012541646782924659
leaf_weight=759.49172720313072 18.895006909966469 19.063984259963036 27.119008615612984 23.199129953980446 21.706871658563614 22.008280321955681 23.14414569735527 24.359789833426476 25.586711406707764 28.289403185248375 28.063397496938705 31.600079283118248 24.987217023968697 133.28158868849277
leaf_count=3120 80 78 111 95 89 91 95 100 105 116 116 130 103 546
internal_value=-0.000520722 -0.00237695 0.000488953 -0.00316118 0.00300587 -0.00293306 -0.00431852 -0.00632501 0.00048669 -0.00308646 -0.00877532 0.00201809 0.00301858 -0.010713
internal_weight=1210.8 424.186 786.611 405.291 62.7791 41.0723 342.511 240.504 102.007 78.8633 185.705 54.7992 53.2766 157.641
internal_count=4975 1744 3231 1664 258 169 1406 987 419 324 762 225 219 646
is_linear=0
shrinkage=0.03


Tree=234
num_leaves=15
num_cat=0
split_feature=13 24 19 9 18 20 21 18 2 19 24 39 21 25
split_gain=3.37814 5.10145 5.16302 6.99703 4.88883 4.68832 5.2087 4.74085 5.2716 4.62494 4.83 5.81431 4.76243 5.62009
threshold=22.450000000000003 0.60769230769230786 6.7500000000000009 -3.8999999999999995 5.1500000000000012 9.8211789290062139 10.933384072425953 3.0500000000000003 0.31813246941242068 -3.7499999999999996 -0.28348214285714279 694.12847492778974 11.229425630903847 5.8452380952380958
decision_type=10 10 10 10 10 10 8 10 2 10 8 2 8 10
left_child=1 2 4 -4 5 6 -1 8 -7 12 -11 -12 -10 -14
right_child=-2 -3 3 -5 -6 7 -8 -9 9 10 11 -13 13 -15
leaf_value=0.0050759905201567266 0.0012402168021955064 0.0090445731817522922 -0.021598957687929229 -0.0033567684556907625 0.0080739209678335668 -0.013176726493084054 -0.013072080715092421 -0.011011319766801168 -0.003007759398745786 0.010280433438924173 0.0030811027351396706 -0.0066150649809249848 0.015920510628153028 -0.0024522147928116157
leaf_weight=15.576259657740591 561.08254086971283 31.055288046598434 23.331035375595093 64.287191301584244 40.041378408670425 20.070482909679413 56.290084511041641 33.128298416733742 30.644751325249672 24.599457606673241 91.242250248789787 129.02278558909893 46.710453823208809 19.40337947010994
leaf_count=64 2309 127 97 264 163 83 231 135 126 101 373 529 192 80
internal_value=-0.000444104 -0.00195305 -0.00259835 -0.0091181 -0.00139295 -0.00228217 -0.00906436 -0.000949743 0.000109396 0.00106877 -0.00114359 -0.0026193 0.00644863 0.0107351
internal_weight=1186.49 625.403 594.348 87.6182 506.73 466.688 71.8663 394.822 361.694 341.623 244.864 220.265 96.7586 66.1138
internal_count=4874 2565 2438 361 2077 1914 295 1619 1484 1401 1003 902 398 272
is_linear=0
shrinkage=0.03


Tree=235
num_leaves=15
num_cat=0
split_feature=9 11 10 8 2 18 15 22 20 17 7 20 23 21
split_gain=2.86408 4.2819 7.0895 4.7391 4.58883 4.25064 4.43085 6.59872 6.48892 4.84161 6.24252 4.88303 4.56947 7.60595
threshold=5.9000000000000012 21.500000000000004 -3.0999999999999988 -2.4499999999999997 0.54904291373201175 -7.1499999999999995 -8.7499999999999982 0.31009615384615391 11.395418140850806 -2.8499999999999992 -0.068744881055099669 15.630810030904422 0.71825396825396837 13.977163902439008
decision_type=10 8 10 10 2 8 8 8 10 8 2 8 8 10
left_child=1 -1 4 -4 -3 -2 -7 8 -8 10 11 -9 13 -11
right_child=5 2 3 -5 -6 6 7 9 -10 12 -12 -13 -14 -15
leaf_value=0.0008521332323915675 -0.0088238293730407997 -0.020049122570881119 0.0080181604075258567 -0.0028462672302384906 -0.0023951747572301791 -0.0099662932401260607 0.00070294723433413564 0.0097508911689235048 0.022933592684761184 -0.01340686454000792 -0.0081702479024728797 -0.0074944502989417912 0.013971071458008707 0.011472160437983811
leaf_weight=428.71816255152225 24.253089979290962 29.679763898253441 34.851371839642525 400.47977094352245 23.914933741092682 16.44365182518959 20.051273196935654 44.455755829811096 24.960061296820641 16.248996272683144 62.506415411829948 16.816938266158104 39.660251051187515 18.07084946334362
leaf_count=1763 100 123 143 1642 99 69 83 182 104 66 257 69 162 74
internal_value=-0.000518813 -0.00133263 -0.00323758 -0.00189532 -0.0130482 0.00209311 0.00326219 0.00434124 0.0140908 0.00182941 -0.00180784 0.0048094 0.00764423 -0.000513988
internal_weight=1201.11 917.644 488.926 435.331 53.5947 283.467 259.214 242.771 45.0113 197.759 123.779 61.2727 73.9801 34.3198
internal_count=4936 3770 2007 1785 222 1166 1066 997 187 810 508 251 302 140
is_linear=0
shrinkage=0.03


Tree=236
num_leaves=15
num_cat=0
split_feature=41 21 24 8 41 39 16 21 16 26 7 21 19 39
split_gain=2.11591 4.84081 4.59446 6.99748 4.53916 6.03345 5.45025 4.72052 5.89795 4.20146 4.55062 3.30412 3.24356 4.43335
threshold=59.500000000000007 8.7130167959429805 0.23076923076923084 9.4500000000000011 71.500000000000014 235.22120822018113 -9.1499999999999968 12.084195351872689 0.95000000000000007 -3.3798076923076921 2.2948767703254278 7.9267468516322745 -3.0499999999999994 421.72524935736459
decision_type=8 8 10 8 10 2 10 10 10 8 2 10 10 2
left_child=11 -2 4 -4 5 -3 -7 8 -6 -9 -11 -1 -8 -14
right_child=1 2 3 -5 7 6 12 9 -10 10 -12 -13 13 -15
leaf_value=0.0086978204643926912 -0.0079750677848601497 -0.011072218688675179 0.0092972278297689722 -0.0060150333862737911 -0.0049768118885436313 -0.010903061090467712 -0.00099001259594137347 0.003678552800481974 0.015543264636033616 -0.013948006827462939 0.0025024771031759842 -0.0025635939276779326 0.014224094049760124 0.003524782187494063
leaf_weight=20.015956073999405 49.196328639984131 26.075687006115913 115.20113718509674 30.820263788104057 26.336481124162674 20.217863544821739 100.87392920255661 20.864411264657974 16.512536376714706 66.249312862753868 17.477468401193619 410.71870964765549 37.592960372567177 229.40965837240219
leaf_count=83 203 107 472 126 109 83 414 86 68 272 72 1689 154 942
internal_value=-0.000280087 0.000674861 0.00132796 0.00597318 7.81319e-05 0.00168963 0.00267702 -0.00435563 0.0037288 -0.00768668 -0.0105666 -0.00194648 0.00355955 0.00526498
internal_weight=1187.56 756.828 707.632 146.021 561.61 414.17 388.094 147.44 42.849 104.591 83.7268 430.735 367.877 267.003
internal_count=4880 3108 2905 598 2307 1700 1593 607 177 430 344 1772 1510 1096
is_linear=0
shrinkage=0.03


Tree=237
num_leaves=15
num_cat=0
split_feature=43 11 21 23 19 19 21 41 21 18 21 12 12 30
split_gain=3.04744 10.2891 4.68205 7.75405 4.69351 4.7948 3.57612 3.18497 3.32494 6.00036 5.44151 3.80262 3.97543 4.23017
threshold=1.0000000180025095e-35 18.100000000000005 17.870677404442834 0.55718954248366026 -0.6499999999999998 3.7500000000000004 12.055657959472752 87.500000000000014 8.4320790194597368 -2.4499999999999997 9.0191155023341754 31.700000000000006 30.100000000000005 5.0000000000000009
decision_type=2 8 10 10 10 10 10 8 10 8 10 10 10 2
left_child=2 6 7 4 -4 -6 -2 8 9 -1 -10 12 13 -12
right_child=1 -3 3 -5 5 -7 -8 -9 10 -11 11 -13 -14 -15
leaf_value=-0.0053978773922080722 0.014657986403468274 -0.010128323143353915 -0.021703604678682042 0.0038200346608509282 0.0058800059452079447 -0.013363063194707064 -0.00016852850400223972 -0.0054818961759495865 -0.010492561994080316 0.013088496570249793 0.002361690219070756 0.01062228840183428 -0.0089481425411083084 -0.0067439438403293864
leaf_weight=18.947698399424553 19.79439814388752 85.951202660799026 21.469936147332191 47.101520925760269 18.280188471078873 19.296694695949554 35.480781510472298 51.51911535859108 28.792666390538216 49.90576083958149 680.63336116075516 36.854580476880074 27.66879378259182 44.42706586420536
leaf_count=78 82 354 88 194 75 80 146 213 119 206 2790 152 114 183
internal_value=0.000197567 -0.00386093 0.00076188 -0.00506759 -0.011902 -0.00441062 0.00591643 0.0014444 0.00187506 0.00798022 0.00131606 0.00180999 0.00131128 0.00176139
internal_weight=1186.12 141.226 1044.9 106.148 59.0468 37.5769 55.2752 938.749 887.23 68.8535 818.376 789.584 752.729 725.06
internal_count=4874 582 4292 437 243 155 228 3855 3642 284 3358 3239 3087 2973
is_linear=0
shrinkage=0.03


Tree=238
num_leaves=15
num_cat=0
split_feature=12 5 42 25 42 10 10 8 8 16 21 14 9 11
split_gain=3.34982 5.11203 9.17514 7.38455 5.76182 4.33298 3.91626 2.5745 3.62551 4.01407 5.53687 5.23286 4.15452 3.92487
threshold=28.900000000000002 0.4207359840949863 3.5000000000000004 1.2403846153846156 8.5000000000000018 -16.499999999999996 -5.6999999999999984 14.300000000000002 9.4500000000000011 4.7250000000000005 10.450412006763713 13.100000000000001 5.9000000000000012 23.225000000000005
decision_type=10 2 10 8 10 10 10 10 8 8 8 8 10 10
left_child=7 2 -2 -3 6 -4 -5 8 9 12 -11 -12 -1 -13
right_child=1 3 5 4 -6 -7 -8 -9 -10 10 11 13 -14 -15
leaf_value=-0.00023491607929711716 0.010391407903155923 0.019339268433813932 0.0012752777607694524 -0.0028577525681827494 -0.01069419935991938 -0.017851244219834916 0.014512609739527746 0.0070316626244281543 -0.006578079215725223 0.0086211688963976317 0.0058578144949556973 -0.01388062001027734 0.0079773476343727428 -0.00078997422922020329
leaf_weight=730.89645983278751 25.90970467031002 30.029568865895271 15.927830547094343 17.180852636694908 17.836412489414215 23.796641543507576 24.061305120587349 32.017677545547485 90.948686271905899 18.346464529633522 18.691236659884453 69.403257235884666 54.972008839249611 29.384108901023865
leaf_count=3002 107 124 66 71 74 98 99 131 373 75 77 287 226 120
internal_value=-0.000132652 0.00391521 -0.00235257 0.00841157 0.00178142 -0.0108971 0.00774981 -0.000748044 -0.00102736 -0.000447105 -0.00511183 -0.00752088 0.000386339 -0.0102125
internal_weight=1199.4 154.742 65.6342 89.1081 59.0786 39.7245 41.2422 1044.66 1012.64 921.694 135.825 117.479 785.868 98.7874
internal_count=4930 639 271 368 244 164 170 4291 4160 3787 559 484 3228 407
is_linear=0
shrinkage=0.03


Tree=239
num_leaves=15
num_cat=0
split_feature=26 9 26 41 9 21 9 9 18 26 28 18 5 2
split_gain=4.08851 3.28844 2.76193 2.88544 5.37688 6.20324 5.78986 4.81099 4.57606 6.73904 8.53265 4.38749 3.73159 11.3955
threshold=15.645833333333334 14.900000000000002 12.055555555555557 67.500000000000014 -0.89999999999999991 15.992532956254523 -4.8999999999999995 -1.0000000180025095e-35 0.8500000000000002 9.4142857142857164 7.5000000000000009 -4.1499999999999995 0.6144535155324754 0.74087741323255141
decision_type=10 8 10 8 10 8 10 10 8 8 2 10 2 2
left_child=1 2 3 -1 5 6 -5 -6 9 10 11 -9 -8 -14
right_child=-2 -3 -4 4 7 -7 12 8 -10 -11 -12 -13 13 -15
leaf_value=-0.0022731383881086785 0.0096976069559765541 -0.0093371330739926549 0.0084746433490690103 0.0017525160795452048 -0.013181833623894235 -0.0042459856860716568 0.017403939332985664 -0.0022043801266475593 0.0033797917702275138 0.0084560562045226002 0.0091013581691882384 -0.016222691655851339 -0.0064143778864375932 0.021540527697269177
leaf_weight=540.66507586836815 29.548792004585266 34.04290172457695 25.222405895590782 123.94491919875145 26.539650410413742 64.164611637592316 45.252810820937157 32.401086941361427 121.95281527936459 24.672140941023827 18.391846224665642 56.794045597314835 29.302069932222366 16.614287674427032
leaf_count=2226 122 141 104 508 109 263 185 133 500 102 75 232 120 68
internal_value=-0.000476411 -0.000776094 -0.000477108 -0.000719632 0.000786999 0.00370221 0.00611561 -0.00212696 -0.000740826 -0.00452506 -0.00774525 -0.0115177 0.0116477 0.00482275
internal_weight=1189.51 1159.96 1125.92 1100.7 560.03 279.279 215.114 280.752 254.212 132.259 107.587 89.1951 91.1692 45.9164
internal_count=4888 4766 4625 4521 2295 1144 881 1151 1042 542 440 365 373 188
is_linear=0
shrinkage=0.03


Tree=240
num_leaves=15
num_cat=0
split_feature=37 3 19 7 1 7 26 3 23 7 20 42 43 3
split_gain=3.06616 9.87762 5.58278 5.27363 4.87474 4.58806 4.44354 3.74286 3.27852 3.21666 5.88697 4.54919 5.0874 4.9162
threshold=1.0000000180025095e-35 0.024539146582569619 5.5500000000000007 0.25829533909479313 43.250000000000007 1.4560613064890962 -0.65476190476190466 0.024171853464983965 0.63762626262626265 2.3580991505360323 18.146471810581513 1.5000000000000002 1.0000000180025095e-35 0.024606802362303396
decision_type=2 2 10 2 2 2 8 2 8 2 10 10 2 2
left_child=9 2 3 7 -3 6 -6 -2 -8 -1 11 13 -13 -11
right_child=1 4 -4 -5 5 -7 8 -9 -10 10 -12 12 -14 -15
leaf_value=7.8667917061983126e-05 0.0046747505539290399 0.0001689570281831468 -0.0095843304572883932 -0.0013449395557681933 0.0050171374961521156 -0.019144905054089698 -0.02016941076693957 0.02271319743016708 -0.0031413532146450226 -0.0034284141997758181 0.019435448119950828 0.0023819112235683474 -0.011438967473353398 0.013875605768246266
leaf_weight=766.71135447919369 23.274056136608124 50.401655584573746 14.992396652698515 29.690453842282295 20.83142414689064 35.92308983206749 14.626278847455977 20.058786302804947 25.875615358352661 18.775915548205376 15.880897685885428 99.849469527602196 26.101574093103409 43.772992625832558
leaf_count=3152 95 207 62 122 85 149 60 82 106 77 66 411 108 180
internal_value=0.000232282 -0.00280164 0.0049784 0.00839086 -0.00745031 -0.0112141 -0.00547601 0.0145106 -0.0108312 0.000979161 0.00427471 0.00252824 -0.000809675 0.008812
internal_weight=1206.77 235.674 88.0157 73.0233 147.658 97.2564 61.3333 43.3328 40.5019 971.092 204.381 188.5 125.951 62.5489
internal_count=4962 968 361 299 607 400 251 177 166 3994 842 776 519 257
is_linear=0
shrinkage=0.03


Tree=241
num_leaves=15
num_cat=0
split_feature=20 4 0 24 25 41 13 20 11 18 3 13 15 4
split_gain=3.06538 6.26529 6.93208 6.43588 6.06445 5.50575 4.94511 4.77925 5.2604 4.54671 4.46535 5.20774 8.77586 4.65506
threshold=14.230835032216001 15.134295642319332 1.0000000180025095e-35 0.23431372549019611 1.3038461538461541 55.500000000000007 22.366666666666671 11.528708088170324 24.450000000000003 2.7500000000000004 0.024318612059947568 16.266666666666669 5.8500000000000005 4.2479743163802377
decision_type=10 2 2 8 10 8 10 8 10 10 2 10 10 2
left_child=1 -1 4 5 -3 -4 -7 9 -9 -5 13 12 -12 -2
right_child=10 2 3 7 -6 6 -8 8 -10 -11 11 -13 -14 -15
leaf_value=0.005095591923952863 -0.0045113082561646723 -0.016922902026053139 -0.0086615619268872197 -0.0046977418671091545 0.0033086691368799655 -0.0042922064665501898 0.0066350021274507454 0.01731835974184982 0.002259762765193545 0.0092795844900491996 0.00472129949241098 -0.0018998384725583896 -0.021396671318346182 0.0064739724696732184
leaf_weight=268.3984128087759 48.458527877926826 34.914452344179153 79.187229543924332 57.111200794577599 17.88405168056488 72.213811233639717 67.216691359877586 39.333679974079132 42.740625843405724 26.602896794676781 15.464592486619948 292.55005334317684 27.981661781668663 96.584974572062492
leaf_count=1106 199 144 327 235 73 296 275 163 175 109 64 1203 115 396
internal_value=0.000277923 0.0015326 -0.000687593 0.000759351 -0.0103766 -0.00260021 0.00102292 0.00513588 0.0100566 1.66756e-05 -0.00155931 -0.00344395 -0.0125722 0.0027758
internal_weight=1186.64 705.603 437.205 384.406 52.7985 218.618 139.431 165.788 82.0743 83.7141 481.04 335.996 43.4463 145.044
internal_count=4880 2903 1797 1580 217 898 571 682 338 344 1977 1382 179 595
is_linear=0
shrinkage=0.03


Tree=242
num_leaves=15
num_cat=0
split_feature=23 20 15 24 24 15 24 42 1 39 18 17 42 15
split_gain=2.90728 5.68087 5.20161 3.07111 4.69269 4.71582 4.42538 7.21611 5.5567 4.47942 4.40333 4.26769 4.15832 7.38389
threshold=0.86190476190476206 12.734249304674956 6.6125000000000007 0.057189542483660101 -0.024665775401069536 0.45000000000000007 0.18118686868686873 4.5000000000000009 44.250000000000007 944.39263254889568 -9.0499999999999989 5.2250000000000014 2.5000000000000004 0.83750000000000013
decision_type=10 8 8 10 10 10 10 8 2 2 8 10 8 10
left_child=3 -2 -3 4 10 -6 7 11 9 -9 -1 -5 13 -8
right_child=1 2 -4 6 5 -7 12 8 -10 -11 -12 -13 -14 -15
leaf_value=-0.010695770222014145 0.004917257685282019 -0.012942927897274709 0.0054540294610799052 0.0088322150134619807 0.0024364485883915971 0.01254131210143585 0.0062050197902865419 -0.0093873285268643407 -0.01813814027141241 0.006801422485993561 0.0018984050780913948 -0.0078348429370692987 0.0040743816130614299 -0.0095407255982580333
leaf_weight=21.513281106948853 40.336107134819031 52.111048892140388 15.12501338124275 38.649490922689438 96.482699111104012 72.37085947394371 40.771054908633232 33.691449731588364 35.546376690268517 21.010876685380936 442.63354933261871 15.742442041635512 202.10359750688076 60.866285622119904
leaf_count=89 166 215 62 158 396 296 167 139 147 86 1824 64 832 249
internal_value=0.000986636 -0.00361095 -0.0087134 0.0014585 0.00279592 0.00700353 -0.000439606 -0.00466936 -0.00967713 -0.00312045 0.00120689 0.00375485 0.00161759 -0.00322966
internal_weight=1188.95 107.572 67.2361 1081.38 633 168.854 448.382 144.641 90.2487 54.7023 464.147 54.3919 303.741 101.637
internal_count=4890 443 277 4447 2605 692 1842 594 372 225 1913 222 1248 416
is_linear=0
shrinkage=0.03


Tree=243
num_leaves=15
num_cat=0
split_feature=42 33 18 15 41 18 19 19 2 17 30 13 16 16
split_gain=2.62943 4.37357 4.73812 4.67115 3.23175 2.8596 3.87565 2.98162 2.82955 6.13544 2.6773 4.73897 3.8102 3.48827
threshold=9.5000000000000018 1.0000000180025095e-35 3.3500000000000001 4.2250000000000005 30.500000000000004 -5.8499999999999988 -0.3166666666666666 -4.8499999999999988 0.68914819416286499 -3.25 2.5000000000000004 21.675000000000004 -0.24999999999999997 2.5500000000000003
decision_type=10 2 10 10 10 8 10 10 2 10 2 10 10 10
left_child=10 2 4 8 -2 6 -6 -7 9 -4 -1 13 -13 -12
right_child=1 -3 3 -5 5 7 -8 -9 -10 -11 11 12 -14 -15
leaf_value=0.0004611796554947295 0.0078740355554333188 -0.012909720433809871 0.00041663429857630087 -0.0059187085800071716 0.012389638877299476 -0.014582637687423539 -0.0060619017753012873 -0.0040591747797010152 -0.00092486044699177563 0.022252988322600097 0.019192434700854809 -0.008654138752441155 0.0072998366050365578 0.0008533374388146049
leaf_weight=798.97924229502678 15.532176077365873 26.017023682594299 20.703756093978882 22.766537442803383 14.538107320666315 28.628049358725548 17.048126712441444 112.48473073542118 18.030737742781639 21.852180063724518 23.494373440742493 22.242719054222107 21.70279198884964 14.601652622222899
leaf_count=3278 64 109 86 93 60 118 70 469 74 89 97 92 89 60
internal_value=0.00018464 -0.00223066 -0.000992757 0.00478317 -0.00360806 -0.00483323 0.00296331 -0.00662007 0.00894923 0.0127902 0.00100849 0.00600595 -0.000834321 0.0130778
internal_weight=1178.62 297.601 271.584 83.3532 188.231 172.699 31.5862 141.113 60.5867 42.5559 881.021 82.0415 43.9455 38.096
internal_count=4848 1232 1123 342 781 717 130 587 249 175 3616 338 181 157
is_linear=0
shrinkage=0.03


Tree=244
num_leaves=15
num_cat=0
split_feature=12 20 30 13 21 21 21 25 21 27 25 21 13 25
split_gain=3.23011 10.3942 7.51509 4.86018 5.86538 5.05698 6.25516 4.26514 3.72197 3.33648 2.75458 4.89523 4.76188 4.30607
threshold=17.500000000000004 19.019871921560831 -2.4999999999999996 21.675000000000004 9.4522190222425841 12.337836884077459 10.31072794815146 -12.049999999999999 13.837147695603411 9.5000000000000018 1.607692307692308 17.155174134368529 25.450000000000003 6.0312500000000009
decision_type=10 10 2 8 8 8 10 10 10 2 8 10 10 10
left_child=1 2 -1 5 -5 6 -4 -6 -7 -10 11 -2 -13 -12
right_child=10 -3 3 4 7 8 -8 -9 9 -11 13 12 -14 -15
leaf_value=0.010270585058161336 0.00086098735503851173 0.016511800569689084 0.0036561100248073473 0.0055112327862553347 -3.2476498481597632e-05 0.01524086228481521 -0.018352201706668687 -0.015986661365419135 -0.0090204278443240075 0.0078112060551156206 -0.0036509867344664887 0.014347738016513284 -0.00085924140849711532 0.0021470207392377768
leaf_weight=21.383628472685814 414.93889582157135 17.166222408413887 18.541084334254265 14.608071967959402 18.210519418120384 14.889548569917677 20.912785336375237 83.326413482427597 17.157609805464745 15.386450693011282 250.47093583643436 47.035033509135246 27.947056442499161 205.61711083352566
leaf_count=88 1710 71 76 60 76 61 85 342 70 63 1033 193 115 844
internal_value=-0.000163862 -0.00322301 -0.00505954 -0.00688218 -0.01077 -0.00138193 -0.00876162 -0.0132611 0.00500644 -0.00108215 0.00063019 0.00218184 0.00898045 -0.00104215
internal_weight=1187.59 241.582 224.416 203.032 116.145 86.8875 39.4539 101.537 47.4336 32.5441 946.009 489.921 74.9821 456.088
internal_count=4887 992 921 833 478 355 161 418 194 133 3895 2018 308 1877
is_linear=0
shrinkage=0.03


Tree=245
num_leaves=15
num_cat=0
split_feature=4 4 20 26 22 3 41 21 4 26 14 18 13 39
split_gain=3.25086 3.90287 5.1412 4.61467 7.43502 4.35442 4.2968 3.67444 3.29848 8.29047 4.47855 3.65652 4.39811 5.50249
threshold=135.60909201836299 191.72221300543495 17.332852538912608 -3.7386363636363629 0.37980769230769235 0.024276789359163001 68.500000000000014 12.991663978178154 106.71198556736057 0.34313725490196084 21.900000000000002 -7.8499999999999988 21.100000000000005 564.78557880709582
decision_type=2 2 8 8 10 2 10 8 2 8 10 10 10 2
left_child=8 3 6 4 -2 -5 -3 -6 11 10 -10 -1 13 -13
right_child=1 2 -4 5 7 -7 -8 -9 9 -11 -12 12 -14 -15
leaf_value=-0.0065549288959500952 0.014210634214651146 -0.0040566377087519947 0.011155053813902357 -0.0010285387334899691 -0.016012351386662994 0.015000085578344226 0.0076391558121140721 0.0011475178660481141 -0.0097081125764167508 -0.015367539651270343 0.0076562975923614709 0.010235860029082954 -0.00087995327390924928 0.00047237732681149481
leaf_weight=63.551408588886261 17.184073373675346 141.40801079571247 27.436446830630302 19.241410240530968 16.384527340531349 58.794327661395073 30.220034971833229 22.351303383708 14.936015248298643 39.307424709200859 36.245866164565086 79.424955740571022 488.18960447609425 136.3985433280468
leaf_count=263 71 583 113 79 67 241 124 92 61 162 149 325 2012 560
internal_value=0.00038638 0.00287901 0.000181106 0.00673745 6.92597e-05 0.0112239 -0.00183931 -0.00711157 -0.000592112 -0.00585036 0.00217596 6.16416e-05 0.000700934 0.00421584
internal_weight=1191.07 333.02 199.064 133.956 55.9199 78.0357 171.628 38.7358 858.054 90.4893 51.1819 767.565 704.013 215.823
internal_count=4902 1370 820 550 230 320 707 159 3532 372 210 3160 2897 885
is_linear=0
shrinkage=0.03


Tree=246
num_leaves=15
num_cat=0
split_feature=15 15 25 18 20 20 13 19 17 9 41 13 13 19
split_gain=2.80006 4.94702 6.12814 5.39865 4.84504 7.18335 3.64365 4.39991 4.62911 6.32073 4.99376 4.38216 5.46043 4.14736
threshold=-5.9499999999999993 -7.0499999999999989 -17.95454545454545 7.5500000000000007 14.180777252505857 11.477514248883912 28.900000000000002 6.1500000000000012 -3.9499999999999988 7.1000000000000005 50.500000000000007 22.675000000000004 17.700000000000006 4.3500000000000005
decision_type=8 10 10 10 8 10 8 10 10 10 8 10 10 10
left_child=1 2 -1 4 5 -4 7 13 9 -9 -10 12 -12 -2
right_child=6 -3 3 -5 -6 -7 -8 8 10 -11 11 -13 -14 -15
leaf_value=0.014963278171694577 0.00060227339080600763 0.012073577667649747 -0.01167478922388031 0.011087008522418774 -0.010855256848727231 0.01111584214299788 -0.0067956672238071239 0.015355101063465153 0.0033581759545756977 -0.0056354938869386658 -0.0031535161738353492 -0.00037943188419040433 -0.021227274908261047 0.0076183968938603819
leaf_weight=18.127788066864014 699.11294494569302 44.603612378239632 15.578696519136427 18.420432031154633 50.262552872300148 26.819299384951591 62.425260752439499 18.748284414410591 30.008751511573792 24.169092357158661 26.819616228342056 29.137690544128418 36.33571083843708 80.215090930461884
leaf_count=76 2868 184 65 76 209 111 258 77 125 100 110 120 151 330
internal_value=0.000556889 0.00401639 0.000888818 -0.00195364 -0.00498096 0.00239348 -5.71451e-05 0.000421643 -0.00395314 0.00417959 -0.0068591 -0.0101831 -0.0143465 0.0013684
internal_weight=1180.78 173.812 129.209 111.081 92.6605 42.398 1006.97 944.547 165.219 42.9174 122.302 92.293 63.1553 779.328
internal_count=4860 721 537 461 385 176 4139 3881 683 177 506 381 261 3198
is_linear=0
shrinkage=0.03


Tree=247
num_leaves=15
num_cat=0
split_feature=11 43 39 11 16 42 2 2 20 41 21 9 41 18
split_gain=2.65691 2.66727 5.61832 3.28396 3.25716 3.22039 3.9032 2.85292 3.42463 2.44819 3.77021 3.51758 3.42855 3.52427
threshold=12.300000000000002 1.0000000180025095e-35 1000.485997771436 15.300000000000002 -1.1833333333333331 10.500000000000002 0.45749859190451542 0.44593950612121697 11.915675892483589 85.500000000000014 14.44683740862031 -1.7 81.500000000000014 -9.0499999999999989
decision_type=8 2 2 8 8 10 2 2 10 8 8 10 10 10
left_child=-1 3 7 5 -4 6 -2 -3 -9 12 11 -11 13 -5
right_child=1 2 4 9 -6 -7 -8 8 -10 10 -12 -13 -14 -15
leaf_value=0.0071781603858718191 -0.0016474084869501763 0.0067407188031310085 -0.00098526843290951452 -0.0094508407616076817 -0.016976012595215879 0.0043536005861186588 -0.018291792447963917 0.0060588048351597245 -0.00958144910300931 0.01042898832588708 -0.012868103599192156 -0.0061664142298854295 0.010765848214769858 0.00087323729362505148
leaf_weight=36.850465595722198 26.94575235247612 33.176769554615021 17.560126841068268 25.849414870142937 31.943683817982674 16.012180224061012 20.950712323188782 15.567205667495726 29.737456634640694 15.510048866271971 25.546959310770035 21.281910881400108 25.421078383922577 846.46010875701904
leaf_count=156 111 137 72 106 132 67 86 64 122 64 106 88 104 3477
internal_value=-0.000249166 -0.000516755 -0.00451379 2.33328e-06 -0.0119145 -0.00632481 -0.00996877 0.000588351 -0.00413923 0.000454097 -0.00506761 0.00124028 0.000863472 0.000515182
internal_weight=1188.81 1151.96 127.985 1023.98 49.5038 63.9086 47.8965 78.4814 45.3047 960.07 62.3389 36.792 897.731 872.31
internal_count=4892 4736 527 4209 204 264 197 323 186 3945 258 152 3687 3583
is_linear=0
shrinkage=0.03


Tree=248
num_leaves=15
num_cat=0
split_feature=23 21 20 4 23 21 11 7 9 24 2 13 26 1
split_gain=3.2568 3.84356 5.40647 4.13006 6.0024 4.00609 4.70106 4.68684 4.9381 5.01913 7.22586 4.32342 4.94388 4.47462
threshold=0.74342105263157909 17.779513705278124 12.070394878724267 122.93930733181698 0.55718954248366026 16.885398030239148 23.100000000000005 5.4552473057306097 -6.8999999999999995 0.3348484848484849 0.58984493845821373 30.500000000000004 5.6961538461538472 40.250000000000007
decision_type=8 10 10 2 10 8 10 2 10 10 2 10 10 2
left_child=1 5 -3 4 -4 7 -7 8 9 10 -1 12 13 -10
right_child=-2 2 3 -5 -6 6 -8 -9 11 -11 -12 -13 -14 -15
leaf_value=-0.011666626807467982 -0.0023398226412168206 -0.01301298318929299 -0.012081999726725971 0.01168389692225459 0.0075429236319028287 0.0014067310594931496 0.01784070643008694 0.011363118882211054 0.0094246406369497496 -0.010669179298844117 0.0050458850763241475 -0.0076287467657679946 -0.0043050037384517069 0.0023214507015155909
leaf_weight=27.750689163804054 282.58615720272064 33.638884469866753 26.75497679412365 17.759348332881927 20.63065966963768 34.468276888132095 25.230249017477036 35.117852687835693 102.00114738941193 55.075411438941956 75.557150930166245 33.077510625123978 69.967819541692734 335.82436540722847
leaf_count=114 1166 139 110 73 85 142 103 144 420 227 311 138 288 1379
internal_value=0.000440904 0.00132913 -0.00411647 0.00107754 -0.00363331 0.00202809 0.00919419 0.00138731 0.000809183 -0.00377372 0.00022521 0.00217347 0.00288014 0.00406403
internal_weight=1175.44 892.854 98.7839 65.145 47.3856 794.07 59.6985 734.372 699.254 158.383 103.308 540.871 507.793 437.826
internal_count=4839 3673 407 268 195 3266 245 3021 2877 652 425 2225 2087 1799
is_linear=0
shrinkage=0.03


Tree=249
num_leaves=15
num_cat=0
split_feature=8 7 3 24 10 16 20 20 39 16 18 7 20 39
split_gain=2.80869 4.49576 4.35451 4.85231 3.70838 3.29541 2.55057 3.99199 7.15008 6.16154 6.03409 7.93497 6.00376 4.53932
threshold=11.225000000000001 -2.6133545634180013 0.028403789243390491 0.080555555555555561 12.500000000000002 -12.949999999999998 12.024280881546572 13.944532977490448 1751.2943972957937 -3.2499999999999996 1.3500000000000003 -3.3343608017798116 18.897089494337148 673.99535131197706
decision_type=8 2 2 10 10 8 10 10 2 10 10 2 10 2
left_child=5 -2 3 -3 -5 -1 -7 8 9 13 -9 -12 -13 -8
right_child=1 2 -4 4 -6 6 7 10 -10 -11 11 12 -14 -15
leaf_value=-0.011864795940853877 0.0065831075871610224 -0.00087418085972427637 0.0044595577168384448 -0.02772466532667987 -0.0068272188466228026 -0.0014513894470909961 0.0018936210896331068 -0.0030638112317362873 0.017140198372977002 -0.0011445951263906926 -0.0096981976079726587 0.0037079063285175382 0.018995487374281306 0.017987887286366494
leaf_weight=14.74825945496559 19.666102975606918 23.33174093067646 16.11557611823082 15.152491882443426 19.47842712700367 381.5139082968235 33.137258291244507 256.17983141541481 30.89947821199894 135.21368098258972 28.836751461029053 151.26507051289082 23.249555885791779 27.587332874536514
leaf_count=61 81 96 66 62 80 1570 136 1055 128 556 118 623 96 114
internal_value=-0.00015952 -0.00500345 -0.00830117 -0.0119215 -0.018315 0.000280986 0.00050324 0.00159235 0.00480177 0.00247791 -2.65448e-05 0.00378147 0.00621693 0.0100175
internal_weight=1176.38 93.7443 74.0782 57.9627 34.6309 1082.63 1067.88 686.369 226.838 195.938 459.531 203.351 174.515 60.7246
internal_count=4842 385 304 238 142 4457 4396 2826 934 806 1892 837 719 250
is_linear=0
shrinkage=0.03


Tree=250
num_leaves=15
num_cat=0
split_feature=25 15 3 4 11 25 15 20 25 3 19 37 19 3
split_gain=2.3753 2.35331 6.13439 6.03386 7.1572 5.22847 5.19546 4.85202 5.00594 4.78831 5.8221 5.69968 5.13179 5.89396
threshold=-17.95454545454545 -3.3499999999999992 0.024960784048453259 -44.613880356968473 17.500000000000004 4.6449579831932786 -5.7499999999999991 14.230835032216001 -9.4722222222222197 0.02605030648497542 -5.5499999999999989 1.0000000180025095e-35 4.2500000000000009 0.030833993981433053
decision_type=8 10 2 2 8 8 10 10 10 2 8 2 10 2
left_child=-1 2 3 7 6 -4 -5 8 -2 10 -3 12 13 -11
right_child=1 9 5 4 -6 -7 -8 -9 -10 11 -12 -13 -14 -15
leaf_value=0.0084996819295590567 -0.010589061662837001 -0.0081836965708051556 -0.011618800860602171 0.017402721419672515 -0.0015926713535603912 0.0058325702310947679 -0.0023240439950737244 -0.015205540117987169 0.0080774622624928353 0.017669320347807046 -0.00011118910436934401 -0.0046815046050364051 -0.0022526583838268061 0.0034709529730329496
leaf_weight=19.813277840614319 18.043492987751961 89.084245160222054 88.033888965845108 36.015463441610336 96.145269319415092 15.336562559008597 15.475470587611197 30.166010841727257 24.462447911500931 46.75126525759697 554.20181979238987 46.869702056050301 38.388905331492424 59.874700546264648
leaf_count=83 76 365 366 149 397 64 64 126 101 192 2275 192 158 246
internal_value=-0.000692918 -0.000885927 -0.00303631 -0.000158191 0.0033092 -0.00887998 0.011793 -0.00696191 -0.000126872 -3.94158e-05 -0.00128359 0.00405831 0.00694495 0.010209
internal_weight=1178.66 1158.85 323.679 220.308 147.636 103.37 51.4909 72.672 42.5059 835.171 643.286 191.885 145.015 106.626
internal_count=4854 4771 1343 913 610 430 213 303 177 3428 2640 788 596 438
is_linear=0
shrinkage=0.03


Tree=251
num_leaves=15
num_cat=0
split_feature=20 18 22 24 19 7 39 20 2 39 2 39 1 25
split_gain=3.20727 7.11009 5.78034 6.03674 6.58734 5.14494 4.24937 4.24652 3.48459 4.82924 3.44773 3.16302 3.76153 3.81926
threshold=10.203484720366442 2.8500000000000001 0.69615384615384623 -0.23076923076923073 3.9500000000000006 -1.1750729915242843 446.89461688094599 11.148741762749479 0.80210294391015469 415.26458811860863 0.78670939401714202 705.43963345045552 41.750000000000007 1.0000000180025095e-35
decision_type=8 10 10 8 10 2 2 8 2 2 2 2 2 8
left_child=1 2 3 5 -5 -1 -3 11 10 -10 -9 -2 -13 -14
right_child=7 6 -4 4 -6 -7 -8 8 9 -11 -12 12 13 -15
leaf_value=0.015700249547631911 -0.00040335731392638881 -0.00075154328989491084 0.0096902431447120751 -0.015179219948023601 0.0052645152265974838 -0.0043331414868996642 0.015823982905261678 -5.3601119413413284e-05 0.005906013908726789 -0.009906750235340862 0.010891184164943843 -0.020092147702798768 0.0043419272051718437 -0.012290799001650889
leaf_weight=15.564526081085203 45.605125933885574 18.932082489132881 30.298903048038483 46.175361573696136 16.71553461253643 22.604723319411278 43.35113537311554 782.30511343479156 19.657788991928101 62.550042495131493 21.789175137877464 19.848699495196342 20.238374605774879 20.791523277759552
leaf_count=64 187 78 124 191 69 93 177 3221 81 257 90 82 83 86
internal_value=-0.000311516 0.00317127 -0.000859293 -0.00432988 -0.00975801 0.00470828 0.0111041 -0.00100332 -0.000307423 -0.00600373 0.00030845 -0.00652195 -0.010727 -0.0045061
internal_weight=1186.43 193.642 131.359 101.06 62.8909 38.1692 62.2832 992.786 886.302 82.2078 804.094 106.484 60.8786 41.0299
internal_count=4883 796 541 417 260 157 255 4087 3649 338 3311 438 251 169
is_linear=0
shrinkage=0.03


Tree=252
num_leaves=15
num_cat=0
split_feature=11 39 24 18 11 1 27 11 12 12 24 13 15 24
split_gain=3.94845 2.52994 4.52708 4.16185 2.97209 3.68714 5.12737 3.24613 2.8321 3.57225 3.03517 10.5079 5.88379 5.46311
threshold=11.900000000000002 170.30138792000687 -0.19999999999999998 0.15000000000000005 14.225000000000001 38.750000000000007 8.5000000000000018 14.700000000000001 35.100000000000009 32.900000000000006 -0.49107142857142844 27.700000000000006 1.7500000000000002 -0.37083333333333329
decision_type=8 2 10 8 8 2 2 8 10 10 8 8 10 8
left_child=-1 2 -2 -4 5 -3 -7 -6 9 10 11 12 -9 -12
right_child=1 4 3 -5 7 6 -8 8 -10 -11 13 -13 -14 -15
leaf_value=0.010706167321683953 0.018077589912497027 -0.017267238436872209 -0.0099055833564217124 0.0086326090093605951 0.011771673773847817 0.0087673767299456824 -0.011486267718992594 0.007302238551822964 -0.010961256532993211 0.010867869022615868 0.010948379342765638 -0.020267457001418354 -0.012240026109023324 -8.3110859642508702e-05
leaf_weight=28.002922281622887 14.497951924800871 14.85428401827812 15.52275013923645 18.243419617414474 16.478601723909378 18.728667169809341 16.4254981726408 43.111505150794983 15.834407597780226 22.551240503787994 37.334292709827423 23.80371817946434 14.556716442108153 884.14425884187222
leaf_count=119 60 61 64 75 68 78 68 178 66 93 153 100 60 3633
internal_value=0.000474259 0.000181384 0.00656798 -6.80609e-05 -0.000125119 -0.0069242 -0.000947868 0.000227372 -1.06895e-05 0.000210758 -8.15881e-05 -0.00545647 0.00178634 0.000420511
internal_weight=1184.09 1156.09 48.2641 33.7662 1107.82 50.0084 35.1542 1057.81 1041.34 1025.5 1002.95 81.4719 57.6682 921.479
internal_count=4876 4757 199 139 4558 207 146 4351 4283 4217 4124 338 238 3786
is_linear=0
shrinkage=0.03


Tree=253
num_leaves=15
num_cat=0
split_feature=3 11 27 1 4 4 15 26 12 17 20 4 15 20
split_gain=2.69474 5.06521 6.93958 3.28166 4.31597 3.49647 5.62087 3.22762 4.08256 5.62716 4.6955 7.17384 4.84274 4.99486
threshold=0.042062580285865299 22.900000000000002 10.500000000000002 50.250000000000007 -106.54556235485846 37.295972264527229 -1.6499999999999997 -16.708333333333332 19.500000000000004 7.1500000000000012 16.945173019094231 41.79167075543581 -5.6499999999999995 10.709549189343637
decision_type=2 8 2 2 2 2 10 8 10 8 10 2 10 8
left_child=3 2 -2 7 -5 -6 -7 -1 -9 10 12 -12 13 -10
right_child=1 -3 -4 4 5 6 -8 8 9 -11 11 -13 -14 -15
leaf_value=-0.012595797984173826 -0.012226415501508436 0.012768758933528527 0.0095246842264541769 -0.008583280082313155 0.013963424247893208 -0.011418770221395601 0.0077439133949979127 0.0019638223183141303 -0.0063553937047639876 -0.0091517310240076012 -0.013937334660308569 0.0030336560685846033 -0.0011261042391619337 0.010573412302452697
leaf_weight=15.797086521983145 22.145314306020737 35.99414823949337 20.815897554159164 14.599711805582045 34.166886404156685 14.96251644194126 39.987950921058655 345.85743759572506 16.795126721262932 82.122627198696136 50.532682120800018 35.055613070726395 395.53540904819965 62.043705388903618
leaf_count=65 91 148 86 61 140 62 164 1423 70 339 209 144 1626 258
internal_value=2.78258e-05 0.00521042 -0.00179315 -0.000363422 0.0045909 0.0070905 0.00200892 -0.000895573 -0.000646003 -0.00205609 -0.000943679 -0.0072025 0.000248907 0.0068031
internal_weight=1186.41 78.9554 42.9612 1107.46 103.717 89.1174 54.9505 1003.74 987.943 642.085 559.963 85.5883 474.374 78.8388
internal_count=4886 325 177 4561 427 366 226 4134 4069 2646 2307 353 1954 328
is_linear=0
shrinkage=0.03


Tree=254
num_leaves=15
num_cat=0
split_feature=13 1 17 21 26 0 13 27 1 19 21 17 22 19
split_gain=3.14862 5.118 5.32705 4.35698 4.2062 5.28628 4.46133 4.38122 4.14703 4.07546 9.11049 6.86338 5.11394 4.9108
threshold=26.100000000000005 41.250000000000007 -5.487499999999998 9.6692520113178606 20.333333333333339 3.2500000000000004 25.450000000000003 11.500000000000002 42.750000000000007 6.5500000000000007 15.110150861679218 -4.6499999999999986 0.62019230769230782 4.9500000000000011
decision_type=8 2 10 8 8 2 10 2 2 10 8 10 10 10
left_child=4 2 -2 -3 6 -6 9 -8 -5 13 11 -11 -13 -1
right_child=1 3 -4 8 5 -7 7 -9 -10 10 -12 12 -14 -15
leaf_value=0.00012375678123085853 0.00086630450764061328 -0.0097739831558873499 0.018688008284032529 -0.0090087881138788042 -0.016199668405012524 0.0012071952867878277 -0.017991967607054914 0.0010857822608933128 0.0036794512291989444 0.0050252898993427336 0.0044689243182651425 -0.022561493450203956 -0.0043808997250777519 0.0088428167604184087
leaf_weight=626.40441432595253 29.480684101581573 27.422133803367615 27.072295889258385 21.801939621567726 30.410601407289505 27.047788843512535 20.152359992265701 18.085892587900162 174.17137233912945 16.170937016606331 53.705857887864113 33.773572638630867 26.306182846426964 59.102472856640816
leaf_count=2573 123 114 112 90 127 112 83 74 718 67 221 141 109 243
internal_value=-0.000192702 0.00256237 0.0102227 0.000441804 -0.00104855 -0.00856494 -0.00049573 -0.00988648 0.00207888 2.18191e-06 -0.00476595 -0.0111451 -0.0155492 0.000934078
internal_weight=1191.11 279.948 56.553 223.395 911.16 57.4584 853.702 38.2383 195.973 815.463 129.957 76.2507 60.0798 685.507
internal_count=4907 1157 235 922 3750 239 3511 157 808 3354 538 317 250 2816
is_linear=0
shrinkage=0.03


Tree=255
num_leaves=15
num_cat=0
split_feature=19 21 11 26 26 24 2 19 4 10 20 25 26 25
split_gain=4.12443 5.27089 5.69262 5.64398 4.69895 8.45062 7.51738 5.50547 5.32763 6.83164 4.65757 5.23515 5.43905 4.90243
threshold=1.0000000180025095e-35 9.1969195311987963 18.900000000000002 -2.1380952380952376 -2.8257575757575757 -0.033333333333333333 0.74181482906679286 -1.2499999999999998 79.241460260491536 3.100000000000001 10.57250101810247 -7.9666666666666659 -0.069047619047619038 1.6794871794871797
decision_type=10 8 10 10 8 10 2 8 2 10 10 10 10 10
left_child=4 2 -2 -3 5 -1 7 8 9 -6 13 -12 -13 -5
right_child=1 3 -4 10 6 -7 -8 -9 -10 -11 11 12 -14 -15
leaf_value=-0.016253759899280438 0.0033540378535133115 0.0030068981397436195 -0.016068280161797975 0.0094181696793309462 0.00058329162152848395 0.0008140042218678751 0.015281353014204437 0.0099200706750345088 -0.0066267067587752609 0.016053796030074528 -0.014709963910823324 -0.013263325505273968 -0.0010138381333258558 -0.0059985422568522573
leaf_weight=26.016186013817787 17.802574843168259 221.74686668813229 37.283286407589912 43.518729582428932 183.83975334465504 162.43930354714394 40.736355885863304 62.941317394375801 67.936400026082993 24.943896040320396 36.524946719408035 34.187796071171761 200.97449563443661 25.770063742995262
leaf_count=107 74 915 156 179 757 668 167 259 279 103 153 140 826 106
internal_value=0.000104416 -0.00158663 -0.0100346 -0.000678551 0.00193882 -0.00190138 0.0038413 0.00226749 0.000381704 0.00276383 -0.00308413 -0.0048409 -0.00303372 0.00366653
internal_weight=1186.66 617.809 55.0859 562.723 568.853 188.455 380.398 339.661 276.72 208.784 340.976 271.687 235.162 69.2888
internal_count=4889 2549 230 2319 2340 775 1565 1398 1139 860 1404 1119 966 285
is_linear=0
shrinkage=0.03


Tree=256
num_leaves=15
num_cat=0
split_feature=24 37 3 3 7 7 18 3 18 12 7 25 19 15
split_gain=3.13794 2.84906 4.85341 5.66577 4.40062 5.40405 4.73261 5.23044 6.66947 3.84721 3.81508 3.79584 3.39473 3.09991
threshold=-0.70714285714285696 1.0000000180025095e-35 0.024366704572654222 0.024171853464983965 2.3580991505360323 3.1347194379309218 0.31666666666666671 0.024840232257265508 -3.9499999999999997 32.900000000000006 -3.744575411860009 -2.3205128205128198 4.6333333333333337 -2.4499999999999997
decision_type=8 2 2 2 2 2 10 2 10 8 2 10 10 10
left_child=-1 4 3 -3 9 -6 7 -7 -9 13 -4 -8 -12 -2
right_child=1 2 10 -5 5 6 11 8 -10 -11 12 -13 -14 -15
leaf_value=0.0077639052297425078 -0.0042346716641630169 -0.0029170314054001176 0.0057943695062277938 0.014658281941312107 0.01190182116888591 -0.011016574396976602 -0.0010483161689637751 0.016065915321132267 -0.0074905082228100715 0.0093635931174568827 -0.010567380393685868 0.012710153653770746 0.00029969898953939654 -4.2635938861527599e-05
leaf_weight=36.032856181263924 233.4190076738596 46.118468537926674 16.699807107448578 19.680562362074852 51.32628221809864 39.920056864619255 32.142231374979019 15.814804494380949 18.12276266515255 25.980395004153252 107.65504391491413 34.193425208330154 33.232803374528885 475.47779028117657
leaf_count=150 968 189 68 81 212 165 134 65 75 108 443 140 137 1950
internal_value=-0.000391426 -0.000679514 -0.00368066 0.00300372 6.00404e-05 0.00405021 0.000864779 -0.00423114 0.00414016 -0.0010002 -0.00647819 0.00643742 -0.00808162 -0.00144294
internal_weight=1185.82 1149.78 223.387 65.799 926.397 191.52 140.193 73.8576 33.9376 734.877 157.588 66.3357 140.888 708.897
internal_count=4885 4735 918 270 3817 791 579 305 140 3026 648 274 580 2918
is_linear=0
shrinkage=0.03


Tree=257
num_leaves=15
num_cat=0
split_feature=41 24 0 12 15 19 12 14 11 41 7 14 21 13
split_gain=3.44501 4.60234 5.4779 4.17114 5.38708 5.50442 4.70235 3.72774 5.25038 4.20646 4.84778 5.55728 4.32591 3.96965
threshold=79.500000000000014 -0.69139194139194127 -1.7499999999999998 26.100000000000005 0.72500000000000009 -3.0499999999999994 19.500000000000004 16.900000000000002 19.100000000000005 43.500000000000007 -2.0662476379036794 26.225000000000005 14.516274391944458 24.700000000000006
decision_type=8 8 2 8 8 10 10 8 10 10 2 10 10 10
left_child=1 -1 7 4 5 -2 -6 8 -3 12 -11 -12 -9 -13
right_child=3 2 -4 -5 6 -7 -8 9 -10 10 11 13 -14 -15
leaf_value=0.010603346910823165 -0.0045328664176138914 -0.0074841847438696478 0.00014691165434484394 0.012737510375651333 0.0044581306200913882 0.012905826466432799 -0.013488862719518949 0.010120576757686833 0.0095956861215693457 0.0051414147964159171 -0.012083697751262461 -0.0082790661685747426 -0.0082811658561938069 0.010102350981657158
leaf_weight=25.474085494875908 22.718890443444252 24.434371650218964 737.53477640450001 31.997745290398598 18.97990857064724 38.665195688605309 27.033301368355751 22.325797811150551 31.373752266168594 19.351480752229691 143.67018981277943 15.449519261717795 15.114921614527701 17.008097887039185
leaf_count=106 93 102 3032 133 78 160 112 92 129 80 595 64 62 70
internal_value=-0.000303781 -0.000896461 -0.00123194 0.00404419 0.00100271 0.0065963 -0.00637457 -0.00469665 0.00211713 -0.00633943 -0.00807193 -0.00962555 0.00259133 0.00141575
internal_weight=1191.13 1051.74 1026.26 139.395 107.397 61.3841 46.0132 288.728 55.8081 232.92 195.479 176.128 37.4407 32.4576
internal_count=4908 4332 4226 576 443 253 190 1194 231 963 809 729 154 134
is_linear=0
shrinkage=0.03


Tree=258
num_leaves=15
num_cat=0
split_feature=41 11 1 27 16 1 22 11 18 13 22 8 2 16
split_gain=2.79709 4.52082 3.50415 3.143 3.72044 4.4896 8.36592 4.27239 6.88223 6.81077 5.40836 4.85549 4.31415 4.07059
threshold=30.500000000000004 21.266666666666669 43.750000000000007 10.500000000000002 7.1500000000000012 45.250000000000007 0.4045454545454546 25.266666666666669 2.1500000000000008 25.300000000000001 0.35357142857142859 2.9000000000000004 0.71978680459648137 4.7250000000000005
decision_type=8 10 2 2 10 2 8 8 10 10 10 10 2 10
left_child=1 -1 -3 4 7 6 -6 11 -9 -10 -11 13 -13 -2
right_child=3 2 -4 -5 5 -7 -8 8 9 10 -12 12 -14 -15
leaf_value=-0.0043396049084971139 0.0017571586316083453 0.020513766551657694 0.0011656691992595807 -0.0018456212371381396 0.01544869036352906 0.016095650643414585 -0.0095963342021967695 -0.011500567959358851 0.0075719316158075183 0.0053522760323742894 -0.01475986260835551 0.0027839587110736201 0.017732551666491968 -0.0081441465371607062
leaf_weight=18.230187177658081 308.54508966207504 17.228902533650402 14.591135755181311 494.00982923805714 15.516788095235823 27.165866076946259 23.961079806089401 56.872894048690796 58.169662177562714 16.04445119202137 26.73794162273407 45.666853412985802 25.556147828698158 37.447957441210747
leaf_count=75 1275 71 60 2035 65 112 99 235 239 66 109 187 105 155
internal_value=0.00026276 0.00686692 0.0130047 -5.71102e-05 0.00132342 0.00777134 0.000877679 0.000515601 -0.00361781 0.00115623 -0.00744651 0.00210352 0.00895914 0.000584758
internal_weight=1185.74 50.0502 31.82 1135.69 641.685 66.6437 39.4779 575.041 157.825 100.952 42.7824 417.216 71.223 345.993
internal_count=4888 206 131 4682 2647 276 164 2371 649 414 175 1722 292 1430
is_linear=0
shrinkage=0.03


Tree=259
num_leaves=15
num_cat=0
split_feature=4 15 19 19 7 21 0 20 22 41 11 2 41 21
split_gain=2.89113 4.71631 3.39781 4.16514 3.23031 4.7653 2.51635 3.61919 6.91366 6.22195 4.93824 4.92326 4.13865 4.96554
threshold=232.50305990482573 3.2500000000000004 -0.74999999999999989 3.3500000000000001 -0.5212615098293375 12.630650520043345 4.7500000000000009 10.876324876251038 0.75735294117647067 78.500000000000014 25.266666666666669 0.70152790215248417 40.500000000000007 14.206805794640307
decision_type=2 10 10 10 2 10 2 10 8 10 10 2 10 10
left_child=6 4 -3 -4 -2 -6 -1 8 -8 10 11 -9 -12 -14
right_child=1 2 3 -5 5 -7 7 9 -10 -11 12 -13 13 -15
leaf_value=0.0012230676297635284 -0.010270489645461966 0.017920155339209477 -0.0071963566172068925 0.011418143123115506 -0.0048786997587328112 0.011904200848548778 -0.015165402781849184 -0.0058526695061177081 0.0052900075209559826 -0.016009576508202315 0.0081513543137601025 0.0080330006225924067 -0.014750538611853778 0.0013515963460882581
leaf_weight=780.39920349419117 16.729979395866394 26.661623522639275 14.633513271808622 19.948613524436951 27.561970487236977 24.246261671185493 38.503522843122482 25.718479707837105 19.458613127470016 15.477111026644705 14.597311198711393 96.956251949071884 33.776223123073578 29.637585073709488
leaf_count=3218 70 109 60 82 114 100 158 106 80 64 60 400 138 121
internal_value=0.000885641 0.00502348 0.0107325 0.00362732 -0.00046077 0.00333215 0.000355088 -0.00209358 -0.00842351 -0.000244208 0.00133125 0.0050067 -0.00440193 -0.00767614
internal_weight=1184.31 129.782 61.2438 34.5821 68.5382 51.8082 1054.52 274.125 57.9621 216.163 200.686 122.675 78.0111 63.4138
internal_count=4880 535 251 142 284 214 4345 1127 238 889 825 506 319 259
is_linear=0
shrinkage=0.03


Tree=260
num_leaves=15
num_cat=0
split_feature=15 15 4 4 26 3 3 27 19 11 3 16 28 19
split_gain=2.66665 5.65669 4.09784 2.52268 5.91771 4.4908 5.19557 3.77875 3.93761 3.64967 5.19408 6.555 5.45989 4.45067
threshold=-10.35 -12.683333333333332 -222.01856226225854 135.60909201836299 5.0277777777777786 0.02392390285857882 0.020498953684794378 12.500000000000002 3.3500000000000001 18.900000000000002 0.024642600261680418 -6.0499999999999989 7.5000000000000009 -5.2499999999999991
decision_type=8 10 2 2 8 2 2 2 10 10 2 10 2 10
left_child=1 -1 -2 5 9 6 7 8 -4 -5 11 -11 -13 -12
right_child=2 -3 3 4 -6 -7 -8 -9 -10 10 13 12 -14 -15
leaf_value=-0.0053166605238269887 0.010240102708018839 0.014779518027368302 -0.00036145648939923686 0.0084723908201975919 0.011678171208658045 -0.0027870096219287173 0.0086286366872846618 0.0052491288738820575 -0.017902270303862055 0.0050139826430809654 0.012128308324501956 -0.013630680075492858 0.0050806362919573952 -0.000325713902354716
leaf_weight=18.13378931581974 26.185268849134445 25.254094257950783 27.124807178974152 33.762216597795486 38.699637711048126 639.71414214372635 69.31770084798336 29.079059451818466 15.293361559510229 31.794728055596352 27.66354888677597 69.028557792305946 14.543087840080259 122.192641466856
leaf_count=77 109 106 112 140 159 2633 284 120 63 131 114 283 61 503
internal_value=-0.000201139 0.00669892 -0.000490745 -0.000786495 0.00136623 -0.00172061 0.00305344 -0.00256249 -0.00790644 -0.000138646 -0.0013713 -0.0060256 -0.0102716 0.00229067
internal_weight=1187.79 43.3879 1144.4 1118.21 337.684 780.529 140.815 71.4972 42.4182 298.985 265.223 115.366 83.5716 149.856
internal_count=4895 183 4712 4603 1391 3212 579 295 175 1232 1092 475 344 617
is_linear=0
shrinkage=0.03


Tree=261
num_leaves=15
num_cat=0
split_feature=4 1 20 19 17 42 17 19 4 21 4 3 20 24
split_gain=4.70316 3.20745 2.12759 2.98894 2.85498 5.36197 5.19193 3.06276 2.94334 6.73098 4.66983 7.8166 4.36933 6.82557
threshold=-266.02456466823941 54.750000000000007 8.0846218247137376 0.81666666666666676 -11.949999999999998 10.500000000000002 -16.449999999999996 13.15 135.60909201836299 17.343746835636257 45.230823725834178 0.027239016924717311 16.835808282479736 -0.041666666666666637
decision_type=2 2 8 10 8 10 10 10 2 8 2 2 8 10
left_child=-1 2 3 -2 5 6 -4 8 10 -10 12 -12 13 -6
right_child=1 -3 4 -5 7 -7 -8 -9 9 -11 11 -13 -14 -15
leaf_value=0.014739193862385647 -0.0114479257440147 -0.011056751522949822 -0.0028558049820174083 0.0021288723694943171 -0.00027664001202324577 -0.0090013059326592253 0.014406628978538352 -0.009935170225806627 0.00078285276777513145 0.014033853191747095 -0.0017405805647387239 -0.015360561156383214 -0.0058043708708543475 0.008886331993268071
leaf_weight=14.032203361392019 28.760046660900116 19.404716059565544 20.80647537112236 23.342008963227272 265.73628157377243 14.312147647142409 44.643651008605957 23.351280644536018 266.59413348138332 34.75336055457592 221.22867918014526 41.212846636772156 67.941419169306755 95.81558296084404
leaf_count=58 118 80 87 96 1094 61 185 97 1098 143 910 170 280 394
internal_value=-5.47475e-05 -0.000294569 -6.55954e-05 -0.00571163 0.000227422 0.00551737 0.00910572 -0.000212584 6.46027e-05 0.00251515 -0.00101303 -0.0041266 0.000915101 0.00223975
internal_weight=1181.93 1167.9 1148.5 52.1021 1096.4 79.7623 65.4501 1016.63 993.282 301.347 691.935 262.442 429.493 361.552
internal_count=4871 4813 4733 214 4519 333 272 4186 4089 1241 2848 1080 1768 1488
is_linear=0
shrinkage=0.03


Tree=262
num_leaves=15
num_cat=0
split_feature=18 21 14 11 7 22 1 9 14 14 21 9 42 7
split_gain=2.61557 4.11916 2.06104 3.91146 3.8675 7.71066 7.02522 7.01472 5.22889 4.61284 4.56145 4.57502 6.7255 4.4515
threshold=12.750000000000002 13.290765355898218 22.700000000000006 12.300000000000002 0.91429209200432526 0.28869047619047622 44.250000000000007 -6.0999999999999988 25.266666666666669 25.100000000000005 14.399074044303431 2.1000000000000005 9.5000000000000018 0.16562022162559045
decision_type=10 10 10 8 2 10 2 10 10 10 8 10 10 2
left_child=2 -2 3 -1 9 7 -7 -6 -9 10 11 12 -4 -11
right_child=1 -3 4 -5 5 6 -8 8 -10 13 -12 -13 -14 -15
leaf_value=0.0108754662873791 0.016056685898030783 -0.0032858966438359537 0.016818425694128895 -0.0020806185022041366 -0.014186693127299539 0.015000541463744611 0.0018394067110668706 -0.0061666087765544515 0.015366341862434027 -0.0020446452084196638 -0.0040658361252574821 -0.0058916197608425598 -0.0045335950776260511 -0.014547280815123891
leaf_weight=16.793741837143898 16.795073866844177 15.568523302674292 43.631518825888634 613.91870267689228 29.285892099142075 61.352172315120697 84.755087718367577 16.394412040710453 15.137422814965246 165.56265166401863 43.40477329492569 14.537833407521246 15.784374594688414 25.877506703138351
leaf_count=72 69 64 179 2529 121 253 351 68 63 682 178 60 66 107
internal_value=-0.000255946 0.00755737 -0.000508373 -0.00165282 0.000893674 0.00401802 0.00767941 -0.0046932 0.00485898 -0.0012306 0.00336521 0.00770791 0.0112345 -0.00406192
internal_weight=1178.8 32.3636 1146.44 630.712 515.724 206.925 146.107 60.8177 31.5318 308.799 117.359 73.9537 59.4159 191.44
internal_count=4862 133 4729 2601 2128 856 604 252 131 1272 483 305 245 789
is_linear=0
shrinkage=0.03


Tree=263
num_leaves=15
num_cat=0
split_feature=9 11 13 26 3 24 26 20 22 4 1 22 20 23
split_gain=3.68976 4.9314 4.03924 4.1174 4.66845 4.81406 6.04486 4.89788 3.93372 5.09557 5.06588 5.5278 4.93926 8.25548
threshold=-1.0999999999999999 11.300000000000002 15.100000000000001 -1.3229166666666663 0.016047629778809695 -0.49107142857142844 5.2613636363636376 13.656500283747665 0.37980769230769235 185.15943153761023 40.250000000000007 0.28869047619047622 11.990968821561866 0.39642857142857152
decision_type=8 8 8 8 2 8 10 10 8 2 2 10 10 10
left_child=8 -2 -3 -4 -5 6 -6 -8 10 12 11 -1 13 -10
right_child=1 2 3 4 5 -7 7 -9 9 -11 -12 -13 -14 -15
leaf_value=-0.0089031814733144098 0.013884341393507887 -0.0094963152247057592 -0.0079012267466024994 0.012082040275214388 -0.019026288353172435 0.0004098845157959711 0.0049529172774377553 -0.011712442204066063 0.00077793690326582283 0.004219124625546136 0.0089711230468738114 0.0098394088691676571 0.00027308597132054646 -0.019712952053504332
leaf_weight=33.351009577512741 13.413716092705725 52.249957278370857 66.510968402028084 21.369572356343269 22.359877377748489 434.40199117362499 35.707086622714996 21.142929404973984 34.909695208072662 150.79989667236805 115.98237012326717 17.603401020169258 142.56660014390945 30.142207249999046
leaf_count=137 58 214 274 89 94 1789 148 88 144 622 477 73 588 124
internal_value=1.90186e-05 -0.00145719 -0.00187497 -0.00114009 -0.000234144 -0.000858121 -0.00742354 -0.00169084 0.00188974 9.88616e-05 0.00562012 -0.00212748 -0.00292266 -0.00944599
internal_weight=1192.51 667.156 653.742 601.492 534.981 513.612 79.2099 56.85 525.355 358.418 166.937 50.9544 207.619 65.0519
internal_count=4919 2754 2696 2482 2208 2119 330 236 2165 1478 687 210 856 268
is_linear=0
shrinkage=0.03


Tree=264
num_leaves=15
num_cat=0
split_feature=21 20 4 10 17 17 10 13 1 17 13 10 26 13
split_gain=5.41838 4.49767 4.95169 4.52 8.29912 3.9595 3.56145 3.25425 6.24942 3.69335 3.64042 3.15299 5.09501 4.34783
threshold=17.395401398080217 12.103259432437575 122.93930733181698 1.1000000000000001 -7.1499999999999986 -15.549999999999999 -10.099999999999998 26.100000000000005 41.750000000000007 6.5500000000000016 25.450000000000003 1.5000000000000004 -7.0690476190476179 29.300000000000001
decision_type=8 8 2 8 10 10 8 10 2 10 10 10 10 10
left_child=5 3 6 4 -2 -1 -3 10 -9 11 -7 12 -10 -14
right_child=1 2 -4 -5 -6 7 -8 8 9 -11 -12 -13 13 -15
leaf_value=-0.011459327982254304 -0.011082007848676186 0.012265964168200893 0.017275018224213387 -0.012465950763782423 0.014331856821464066 -0.001267792487407878 -0.00057905031348873682 0.01153514520220561 0.013200357759395025 0.01161830238312859 -0.010681752143676216 -0.0099235112195418251 0.0029284313467837922 -0.0085207089926429679
leaf_weight=27.638082802295685 15.436605796217917 23.677920415997505 30.765270799398422 19.138500317931175 22.1840510815382 732.78880423307419 58.925528481602669 46.420881778001785 17.929667055606842 15.631212085485457 34.11126397550106 29.411241665482521 62.370256990194321 49.214122742414474
leaf_count=117 64 99 127 79 91 3015 243 193 74 64 140 121 256 205
internal_value=-0.000338435 0.00453841 0.0078787 -0.00223109 0.00382724 -0.00117368 0.00359285 -0.000829656 0.00234268 -0.000355066 -0.001753 -0.00185117 0.000282693 -0.00227006
internal_weight=1185.64 170.128 113.369 56.7592 37.6207 1015.52 82.6034 987.877 220.977 174.557 766.9 158.925 129.514 111.584
internal_count=4888 703 469 234 155 4185 342 4068 913 720 3155 656 535 461
is_linear=0
shrinkage=0.03


Tree=265
num_leaves=15
num_cat=0
split_feature=26 9 26 39 12 15 9 41 9 39 3 27 12 7
split_gain=2.70478 2.65127 2.43955 8.76287 9.2694 3.09261 2.80729 4.01605 3.17136 4.02378 3.3055 7.01676 5.73402 8.0546
threshold=-16.708333333333332 -16.499999999999996 -10.035714285714283 257.86466118942809 15.225000000000001 -2.2499999999999996 -9.0999999999999979 44.500000000000007 -7.6999999999999984 823.32704117842866 0.024510131601505506 10.500000000000002 20.775000000000002 -2.3764449370233609
decision_type=8 10 10 2 10 8 10 10 10 2 2 2 10 2
left_child=-1 -2 3 -3 -5 -6 7 -4 9 -8 11 12 13 -10
right_child=1 2 6 4 5 -7 8 -9 10 -11 -12 -13 -14 -15
leaf_value=-0.010887934265304747 0.0097337016335996718 0.012767219118052642 -0.0065824477841986088 0.006589807542943942 -0.0034144856701299811 -0.015576537655050397 -0.016141889448114045 0.0094787706572824811 -0.021466028229613399 0.001170781348206426 0.001439237181950388 -0.0066662161204316941 0.0055002763125958937 0.0024472383529371587
leaf_weight=16.791399568319321 18.612274751067162 18.981691628694534 14.565612837672232 29.831418722867966 31.483353406190872 59.113342270255089 20.107001453638077 52.838888227939606 14.860626190900801 22.07832869887352 569.52511720359325 161.92262278497219 117.91074791550636 32.636322617530823
leaf_count=69 77 78 60 123 131 246 83 218 61 91 2348 668 485 135
internal_value=-0.000415691 -0.000218778 -0.000422024 -0.00406845 -0.00712522 -0.0117497 0.000100683 0.00579317 -0.000336444 -0.00791711 6.20443e-05 -0.00231975 0.00200589 -0.00636654
internal_weight=1181.26 1164.47 1145.86 139.41 120.428 90.5967 1006.45 67.4045 939.041 42.1853 896.855 327.33 165.408 47.4969
internal_count=4873 4804 4727 578 500 377 4149 278 3871 174 3697 1349 681 196
is_linear=0
shrinkage=0.03


Tree=266
num_leaves=15
num_cat=0
split_feature=42 7 21 11 26 29 16 7 24 9 10 4 1 16
split_gain=3.05007 4.30636 7.52375 5.29804 4.30671 4.28977 5.37325 3.83981 3.64116 4.53724 4.24348 5.02958 7.06373 3.78944
threshold=2.5000000000000004 2.2234959757458093 12.769103111569414 19.633333333333336 -10.035714285714283 7.5000000000000009 -3.0499999999999994 -0.44247765004001754 0.45804195804195813 -3.2999999999999994 15.450000000000001 166.33247508017976 42.250000000000007 -9.6624999999999979
decision_type=8 2 10 8 10 2 10 2 10 10 10 2 2 8
left_child=1 2 3 7 -4 6 -6 -1 10 -10 11 13 -13 -2
right_child=8 -3 4 -5 5 -7 -8 -9 9 -11 -12 12 -14 -15
leaf_value=-0.024686769770243783 -0.011689448190032887 0.0034716218172136351 -0.0099377793875797989 -0.0048841101215959309 0.014623257393472056 -0.0068638133586340468 0.00073785718499990338 -0.0040070271619109194 0.0012421969765526728 0.016493884762150957 0.0099561953824274744 0.0025070043326776504 -0.012638326812525994 0.0013173198483600412
leaf_weight=23.117755532264709 15.912435770034788 87.299467384815216 26.268928796052933 91.703252673149109 31.194925829768181 31.162853106856346 83.581797420978546 14.505346581339834 46.145592376589775 24.260610833764076 33.904102832078934 46.675204426050186 58.515888169407845 572.4999697804451
leaf_count=95 66 360 108 375 128 128 343 60 190 100 140 193 243 2366
internal_value=-9.38808e-05 -0.00225599 -0.00394381 -0.00926553 0.000201399 0.00229518 0.00496464 -0.0181192 0.000967232 0.00724283 0.000314604 -0.000224573 -0.00610925 0.000870048
internal_weight=1186.75 388.834 301.535 129.326 172.209 145.94 114.777 37.6231 797.914 70.4062 727.508 693.603 105.191 588.412
internal_count=4895 1597 1237 530 707 599 471 155 3298 290 3008 2868 436 2432
is_linear=0
shrinkage=0.03


Tree=267
num_leaves=15
num_cat=0
split_feature=17 17 14 20 5 39 42 19 19 16 24 16 11 26
split_gain=3.11617 3.63186 2.69309 2.58534 7.62041 5.86774 3.49224 5.05301 4.24621 4.28316 4.97021 3.85088 8.09787 4.54818
threshold=12.650000000000004 14.450000000000001 28.100000000000005 18.515608519552625 0.55985465278928426 946.45592073956516 9.5000000000000018 10.750000000000002 2.4500000000000006 -4.5499999999999989 -0.18019480519480516 2.1500000000000008 18.900000000000002 -1.8257575757575755
decision_type=10 10 10 10 2 2 10 10 10 10 10 8 8 8
left_child=3 -2 -3 6 -5 -6 -1 8 11 -10 -11 13 -13 -8
right_child=1 2 -4 4 5 -7 7 -9 9 10 -12 12 -14 -15
leaf_value=0.00096403004923526479 -0.013954921464541815 -0.0063011175058920506 0.0067729231858052732 -0.003342512503657745 0.022122368667981746 -0.00058323935391141573 -0.0040525181688270623 0.011695057142573267 0.0042149783702546103 -0.0016549359620811061 -0.017971019069393284 0.0085380670094308813 -0.013366879904921079 0.0084670919889158619
leaf_weight=769.45065975189209 25.309384614229202 27.251743227243423 20.336768865585327 42.807830274105072 23.76117616891861 15.519678965210913 45.358124822378159 14.744446799159048 14.88811746239662 27.288419514894485 43.853390648961067 18.160714641213417 43.026543110609055 50.153463289141655
leaf_count=3168 105 112 84 177 98 64 187 61 62 114 185 75 178 207
internal_value=-3.49103e-05 -0.00583563 -0.000601235 0.000370865 0.00533363 0.0140986 -4.97628e-05 -0.0030401 -0.00415316 -0.0093107 -0.0122322 -0.00112125 -0.00671152 0.00261574
internal_weight=1181.91 72.8979 47.5885 1109.01 82.0887 39.2809 1026.92 257.473 242.729 86.0299 71.1418 156.699 61.1873 95.5116
internal_count=4877 301 196 4576 339 162 4237 1069 1008 361 299 647 253 394
is_linear=0
shrinkage=0.03


Tree=268
num_leaves=15
num_cat=0
split_feature=14 14 8 2 27 8 21 7 8 13 17 27 7 21
split_gain=3.26667 2.92563 3.31957 5.81046 5.15176 4.64786 5.78967 4.41828 3.16084 4.64261 2.94939 2.91488 5.47324 5.20325
threshold=10.300000000000002 13.266666666666667 8.9000000000000021 0.84612292894219154 15.500000000000002 7.5000000000000009 12.239507959554237 -0.54019304431057613 10.300000000000002 16.266666666666669 -9.0499999999999989 10.500000000000002 -3.2669332438890062 14.267679091802799
decision_type=10 10 10 2 2 10 8 2 10 10 10 2 2 10
left_child=-1 10 5 4 8 11 -7 -6 -4 -10 -2 -3 -13 -14
right_child=1 2 3 -5 7 6 -8 -9 9 -11 -12 12 13 -15
leaf_value=-0.011610804562736988 -0.0015303049191549749 0.001859879099824561 -0.018003427990253177 0.0093147417694710594 -0.007293062928867145 -0.0025432114877166523 0.018769291705888726 0.011192972970220861 -0.013004603360046482 0.0025755173713304966 0.014946460918849934 0.0063403404506699726 -2.3187113630416755e-05 -0.0073436349556629133
leaf_weight=15.53873163461685 14.896188482642172 517.37127982079983 27.287821814417839 20.646987602114677 17.296391323208809 17.742745324969292 22.749785497784615 19.765975266695023 30.618240684270859 30.641901388764381 19.400359109044075 63.337844297289848 220.92131845653057 139.60621961951256
leaf_count=65 62 2136 112 85 71 73 94 81 126 126 80 259 913 576
internal_value=0.000251296 0.000458937 0.000177811 -0.0039615 -0.0064168 0.000811431 0.0101776 0.00272443 -0.010184 -0.00560525 0.00850588 0.000356844 -0.00147806 -0.00291954
internal_weight=1177.82 1162.28 1127.99 146.257 125.61 981.729 40.4925 37.0624 88.548 61.2601 34.2965 941.237 423.865 360.528
internal_count=4859 4794 4652 601 516 4051 167 152 364 252 142 3884 1748 1489
is_linear=0
shrinkage=0.03


Tree=269
num_leaves=15
num_cat=0
split_feature=18 9 15 42 1 17 23 16 26 1 23 11 24 10
split_gain=3.38194 2.92339 3.92416 4.38112 4.15678 3.05697 3.20116 5.9289 6.96077 4.83922 3.66868 4.00884 5.43538 7.64083
threshold=-13.099999999999998 -7.6999999999999984 -3.0499999999999994 6.5000000000000009 41.750000000000007 -16.449999999999996 0.72902097902097907 5.9500000000000011 13.52777777777778 42.750000000000007 0.70710784313725505 18.100000000000005 -0.36038961038961032 -2.7999999999999989
decision_type=10 8 10 10 2 8 10 8 10 2 10 8 8 10
left_child=-1 2 3 4 -2 -3 10 8 -8 -9 11 -7 -13 -14
right_child=1 5 -4 -5 -6 6 7 9 -10 -11 -12 12 13 -15
leaf_value=0.012306898352717557 0.0085578853536611346 -0.0088689694489386354 -0.00047759710402165296 -0.017630148684499282 -0.0093208924218343338 0.0053355864808225031 -0.0082498522113331647 -0.0054289407590516481 0.010345771937373594 0.010787008079815535 0.01121675279432114 0.014810609655841108 -0.0061349686693231171 0.0017392120684496112
leaf_weight=14.863874793052672 15.057692632079123 25.257431581616402 140.17116566002369 26.027719542384148 23.47869436442852 161.36890938878059 125.29047487676144 22.361060336232185 16.677208006381989 39.922543749213219 30.156832933425903 16.454931661486626 152.46673060953617 370.45201377570629
leaf_count=63 63 107 577 108 96 668 515 92 69 164 125 68 629 1523
internal_value=3.21568e-05 -0.000176352 -0.00338594 -0.00921192 -0.00215441 0.000521847 0.000821302 -0.00245911 -0.00578773 0.00499436 0.0017485 0.00126445 8.62979e-06 -0.000593013
internal_weight=1180.01 1165.14 204.735 64.5641 38.5364 960.408 935.151 204.251 141.968 62.2836 730.899 700.743 539.374 522.919
internal_count=4867 4804 844 267 159 3960 3853 840 584 256 3013 2888 2220 2152
is_linear=0
shrinkage=0.03


Tree=270
num_leaves=15
num_cat=0
split_feature=15 15 42 22 42 29 4 15 12 13 15 8 7 24
split_gain=3.04155 3.94999 2.62891 3.23733 3.01913 2.87408 3.57674 3.17483 8.71795 8.10088 6.88279 8.16142 9.36529 9.25358
threshold=-12.683333333333332 -11.649999999999997 25.500000000000004 0.37980769230769235 20.500000000000004 10.500000000000002 267.12212497901311 -2.3499999999999992 13.300000000000002 26.300000000000001 -1.1124999999999998 0.22500000000000003 -0.91328856566429284 0.057189542483660101
decision_type=8 10 8 8 10 2 2 10 8 10 10 10 2 8
left_child=-1 -2 4 -4 5 6 7 -3 -9 10 -10 12 -12 -13
right_child=1 2 3 -5 -6 -7 -8 8 9 -11 11 13 -14 -15
leaf_value=-0.01070611554059058 0.013955872067730139 -0.0021972168231317178 0.0035416072417986349 -0.011217859033481346 0.011777593566373793 -0.005091340253812999 0.006872088083764309 0.017700253384916764 0.0084933711560863847 0.010652653650994366 0.0013691463841795919 0.0056441158773611983 -0.015733405312967987 -0.0039332088372815727
leaf_weight=17.735435590147972 13.957395911216734 325.79764963686466 17.651863157749176 32.97502888739109 15.844731092453001 78.810911029577255 72.762960866093636 23.338085383176804 61.337651789188385 60.021040469408035 47.99050498008728 161.5862991809845 64.430682376027107 194.61379578709602
leaf_count=76 59 1351 73 137 66 325 301 96 252 246 197 664 264 801
internal_value=0.000163071 0.000372489 0.000149312 -0.00621596 0.000467191 0.000249887 0.000688881 0.000175947 0.00144416 0.000657765 -0.000563201 -0.00182576 -0.00868522 0.000429429
internal_weight=1188.85 1171.12 1157.16 50.6269 1106.53 1090.69 1011.88 939.116 613.318 589.98 529.959 468.621 112.421 356.2
internal_count=4908 4832 4773 210 4563 4497 4172 3871 2520 2424 2178 1926 461 1465
is_linear=0
shrinkage=0.03


Tree=271
num_leaves=15
num_cat=0
split_feature=2 2 23 10 25 8 1 23 13 19 16 26 26 1
split_gain=2.00933 6.6269 6.25796 6.9828 4.46213 3.51717 3.77737 4.24049 4.14703 4.08051 4.42552 3.84279 5.14375 4.3061
threshold=0.65752441840601406 0.63330898773655753 0.74342105263157909 -6.7749999999999986 5.5166666666666675 16.500000000000004 42.750000000000007 0.63245614035087727 22.675000000000004 1.9500000000000002 -5.2499999999999991 -2.2111111111111108 -6.3229166666666652 44.750000000000007
decision_type=2 2 10 10 8 8 2 10 10 10 10 8 10 2
left_child=1 -1 3 -2 -3 6 8 11 9 10 -5 12 -8 -14
right_child=2 4 -4 5 -6 -7 7 -9 -10 -11 -12 -13 13 -15
leaf_value=-0.00032348050951714566 0.016222841249703513 0.0034435221796477187 -0.013856277688031366 -0.0077619784929807405 0.020734847910093585 0.010701105451704275 -0.0082071624930272809 0.0061735002462785559 0.0097091492117749346 -0.0097012823805922264 0.0068157207175318099 -0.011927063094071379 -0.0072429956799382874 0.0088868475975374586
leaf_weight=691.01693326234818 15.328946143388746 40.383919060230255 31.963026985526085 22.84649769961834 17.268371596932411 14.327623471617697 71.315340384840965 23.611782744526863 34.032534822821617 32.926203265786171 53.37934473156929 67.341914877295494 18.240953922271729 38.230251029133797
leaf_count=2852 64 166 131 94 72 59 295 97 141 136 220 278 75 158
internal_value=-0.000413324 0.000521268 -0.00205214 -0.000926075 0.00986415 -0.00182834 -0.0024634 -0.00490157 0.00130103 -0.00163098 0.00223763 -0.00636248 -0.00309132 0.00351134
internal_weight=1172.21 748.669 423.544 391.581 57.6523 376.252 361.925 218.74 143.185 109.152 76.2258 195.128 127.787 56.4712
internal_count=4838 3090 1748 1617 238 1553 1494 903 591 450 314 806 528 233
is_linear=0
shrinkage=0.03


Tree=272
num_leaves=15
num_cat=0
split_feature=12 26 12 20 9 12 19 18 41 16 18 16 19 26
split_gain=2.87081 3.57881 3.3105 2.64721 2.16726 5.62552 4.60155 3.70007 4.63346 3.33705 3.55688 4.94787 3.20792 3.1992
threshold=31.900000000000002 8.6833333333333353 31.100000000000005 12.922418074373253 -1.0999999999999999 24.700000000000006 9.9500000000000011 -5.6499999999999995 65.500000000000014 -3.7249999999999996 -7.7499999999999991 2.6500000000000008 10.050000000000002 -1.3229166666666663
decision_type=10 8 10 8 10 10 10 8 8 10 10 10 10 10
left_child=2 -2 4 -3 5 6 7 8 -1 -6 11 -11 -7 -12
right_child=1 3 -4 -5 9 12 -8 -9 -10 10 13 -13 -14 -15
leaf_value=-0.0021343383676511998 0.013593974418498573 -0.0081494308820047219 -0.010984418832273074 0.0065145688998649873 -0.010528067365554497 0.019173451159742071 -0.013713158925544987 0.00017723250175696742 0.013761026673684762 0.002727986294674271 -0.0048869774121007379 -0.017683776173136653 0.00098203482288543873 0.0011995352981929853
leaf_weight=24.949676707386971 26.835876658558846 15.621908277273176 19.52547886967659 18.953194677829742 26.925628915429115 19.42642405629158 14.268484398722647 414.4526492357254 37.741107910871506 16.902666375041008 89.487586796283722 19.473191246390343 14.452275082468985 433.10524915158749
leaf_count=103 111 65 81 79 111 80 60 1708 156 70 372 80 60 1784
internal_value=0.000273803 0.00633576 -8.18767e-05 -0.000303526 0.000158047 0.0015497 0.000673529 0.0012415 0.00774461 -0.00109221 -0.000548371 -0.0090156 0.0125375 0.000120858
internal_weight=1192.12 61.411 1130.71 34.5751 1111.18 525.291 491.412 477.143 62.6908 585.894 558.969 36.3759 33.8787 522.593
internal_count=4920 255 4665 144 4584 2167 2027 1967 259 2417 2306 150 140 2156
is_linear=0
shrinkage=0.03


Tree=273
num_leaves=15
num_cat=0
split_feature=23 1 22 14 25 41 26 22 22 11 25 26 41 22
split_gain=2.74182 4.70682 5.08366 3.48371 3.68975 3.13373 4.99723 3.77065 4.39435 6.41821 7.26947 4.48117 7.01045 6.93625
threshold=0.86190476190476206 39.750000000000007 0.18990384615384617 19.100000000000005 4.0333333333333341 81.500000000000014 -1.4833333333333332 0.93095238095238109 0.70294117647058829 28.700000000000006 8.633928571428573 -1.8819444444444442 44.500000000000007 0.37980769230769235
decision_type=10 2 10 8 8 10 8 10 8 8 10 10 8 10
left_child=5 -2 -3 -4 -5 7 -7 8 11 10 -10 13 -13 -1
right_child=1 2 3 4 -6 6 -8 -9 9 -11 -12 12 -14 -15
leaf_value=0.0029073292308729715 -0.016731734497733668 0.0092937239127692216 0.0011050825756126928 -0.01984639815406546 -0.00027004132244348375 -0.0029132317334208666 0.014536011703589551 0.0076205341454004217 -0.0042568568397406007 -0.011864721056454886 0.010503128545470083 0.010167107291630664 0.00063535907912907075 -0.0058144759438422296
leaf_weight=139.67050808668137 18.174153625965118 23.61500871181488 33.49482561647892 17.106809914112091 14.48092256486416 23.765392571687698 28.736688897013664 48.649730682373047 124.5620971173048 63.730464056134224 34.120409414172173 81.932961598038673 349.09469518065453 186.14892716705799
leaf_count=575 75 98 138 71 60 98 119 200 516 262 140 338 1441 770
internal_value=-0.000206267 -0.00467737 -0.00144637 -0.0057284 -0.0121352 0.000255512 0.00707099 -0.000125142 -0.000546706 -0.00420428 -0.000859228 0.000548677 0.00254304 -0.00208823
internal_weight=1187.28 106.872 88.6976 65.0826 31.5877 1080.41 52.5021 1027.91 979.26 222.413 158.683 756.847 431.028 325.819
internal_count=4901 442 367 269 131 4459 217 4242 4042 918 656 3124 1779 1345
is_linear=0
shrinkage=0.03


Tree=274
num_leaves=15
num_cat=0
split_feature=15 11 22 1 1 23 41 3 26 16 7 15 19 42
split_gain=2.75415 5.92711 6.89826 10.7212 4.93316 4.50892 4.37503 3.71194 8.48714 6.86531 4.53642 4.38831 5.65061 4.08816
threshold=-2.3499999999999992 16.500000000000004 0.31534090909090912 40.250000000000007 48.750000000000007 0.60357142857142865 76.500000000000014 0.024894850512617198 -5.4580419580419575 -4.8499999999999988 1.1398949984423601 -5.3499999999999988 -2.1499999999999999 6.5000000000000009
decision_type=8 8 8 2 2 10 8 2 8 10 2 10 10 10
left_child=4 -2 3 -3 5 6 7 8 13 -10 -9 -11 -13 -1
right_child=1 2 -4 -5 -6 -7 -8 10 9 11 -12 12 -14 -15
leaf_value=0.013580552807103611 -0.0082953074262164164 -0.008319185556806696 0.00083261216167474764 0.016266140984335882 -0.010223903130013728 0.0042187505028123537 0.0059046711203584465 -0.017295663760737028 -0.021968616659472095 0.0045700891403535684 -0.0013674329371387074 0.004305526096745207 -0.017615057771278173 -0.0029891203555249034
leaf_weight=31.217686712741852 50.79505829513073 18.029319509863853 655.32318595051765 56.718812108039856 50.311117216944695 114.05188497900963 38.070394203066826 33.074686035513878 16.874389037489891 36.079926267266273 29.481596738100052 14.791105344891546 21.821763679385185 18.8370091766119
leaf_count=130 209 74 2695 234 210 474 158 138 70 150 123 61 91 78
internal_value=0.000105192 0.00114434 0.00185306 0.0101863 -0.00188976 -0.0005805 -0.00289838 -0.00465851 -0.00179407 -0.00719136 -0.0104458 -0.00256802 -0.00930615 0.00763976
internal_weight=1185.48 780.866 730.071 74.7481 404.612 354.3 240.249 202.178 139.622 89.5672 62.5563 72.6928 36.6129 50.0547
internal_count=4895 3212 3003 308 1683 1473 999 841 580 372 261 302 152 208
is_linear=0
shrinkage=0.03


Tree=275
num_leaves=15
num_cat=0
split_feature=24 18 18 2 13 19 15 17 19 18 13 8 11 11
split_gain=3.14974 5.33264 5.87698 5.40986 2.60208 2.56656 5.76162 2.8677 4.94483 7.04055 4.94607 10.1872 4.90768 3.36055
threshold=0.35113636363636369 6.8500000000000005 -6.3499999999999988 0.74785009888040677 20.100000000000005 -8.8499999999999996 1.1500000000000001 -9.0499999999999989 9.1333333333333346 1.4500000000000002 27.100000000000005 -13.099999999999998 18.300000000000001 19.450000000000003
decision_type=10 10 8 2 10 8 10 8 10 10 10 10 10 8
left_child=5 2 -2 4 -4 6 -1 8 9 12 -11 -12 -7 -9
right_child=1 -3 3 -5 -6 7 -8 13 -10 10 11 -13 -14 -15
leaf_value=0.0023525383526881512 0.0080994736145577322 0.0071550905332133652 -0.0073346273214488179 -0.014921074561012292 0.0057673587892844158 0.0065815296210487723 -0.017612995095921399 -0.0012889104982754054 0.011131047520213039 -0.022762624761200067 -0.021745415429086389 0.0060958488450480264 -0.008360437828244506 0.0027792749698144596
leaf_weight=29.095872119069099 16.601679041981697 26.530685171484947 23.797084763646126 59.795386373996735 21.066142797470093 50.506919682025909 17.14770519733429 261.31936037540436 15.245163679122923 19.697644338011742 14.236943900585173 26.67460797727108 25.828691959381104 584.48851829767227
leaf_count=120 69 109 98 247 87 212 70 1080 63 82 61 110 108 2407
internal_value=-8.0537e-05 -0.00410451 -0.00675381 -0.00937181 -0.001221 0.00050582 -0.00604711 0.00083809 -0.00289132 -0.00478944 -0.0120016 -0.00490577 0.00132266 0.00152219
internal_weight=1192.03 147.791 121.26 104.659 44.8632 1044.24 46.2436 997.998 152.19 136.945 60.6092 40.9116 76.3356 845.808
internal_count=4923 610 501 432 185 4313 190 4123 636 573 253 171 320 3487
is_linear=0
shrinkage=0.03


Tree=276
num_leaves=15
num_cat=0
split_feature=42 3 16 16 4 13 18 16 18 24 4 24 21 4
split_gain=3.00052 3.03188 2.69406 5.21948 4.88464 2.67078 2.66815 2.49125 2.71858 2.46724 2.35868 4.88884 5.23997 4.93519
threshold=24.500000000000004 0.030134820267709642 12.550000000000002 6.9500000000000011 54.047220281154416 12.300000000000002 -1.3499999999999999 9.4500000000000011 -1.0499999999999998 1.0000000180025095e-35 -222.01856226225854 -0.43095238095238092 15.614985678704043 -7.4113923347749724
decision_type=8 2 10 10 2 8 10 10 8 8 2 8 10 2
left_child=2 9 3 5 7 -1 -6 8 -5 -2 -7 12 13 -12
right_child=1 -3 -4 4 6 10 -8 -9 -10 -11 11 -13 -14 -15
leaf_value=0.0097688620143128613 -0.0035924867980670441 0.0039150872825096696 -0.0091137255205148097 0.0033608617134939798 -0.010256412743935208 0.0083831375695016721 0.0039505763937633586 0.003623512868866469 0.02006311131293163 -0.018600399275909018 -0.018177433827658528 -0.00014643296139311428 0.0038324535861905058 0.00025196906788530502
leaf_weight=18.036827355623245 25.398277714848518 14.978166803717611 22.577051267027855 15.303997024893759 15.428651556372641 20.852905884385109 24.073437884449959 33.637254014611244 27.03287760913372 15.148481190204619 36.623255610466003 882.48457904160023 22.610206633806229 18.871340483427048
leaf_count=74 105 63 94 64 64 88 99 139 112 64 154 3639 93 78
internal_value=-0.000195145 -0.006704 0.000150511 0.000377956 0.0062772 -0.000331475 -0.00212727 0.0105086 0.0150183 -0.0106259 -0.000565672 -0.00080234 -0.00775857 -0.0124075
internal_weight=1193.06 55.5249 1137.53 1114.96 115.476 999.479 39.5021 75.9741 42.3369 40.5468 981.442 960.589 78.1048 55.4946
internal_count=4930 232 4698 4604 478 4126 163 315 176 169 4052 3964 325 232
is_linear=0
shrinkage=0.03


Tree=277
num_leaves=15
num_cat=0
split_feature=41 11 19 2 41 11 18 1 22 17 21 15 20 20
split_gain=2.32764 3.63436 3.69021 2.82741 3.83328 3.8201 4.7111 3.51323 2.82343 3.83349 3.61834 3.47347 4.87875 5.5705
threshold=30.500000000000004 21.100000000000005 1.3500000000000003 0.77451530398170898 41.500000000000007 31.700000000000006 -1.5499999999999998 41.750000000000007 0.56904761904761914 -5.7499999999999982 16.343024313823417 -10.35 13.708269936599473 13.467244186765285
decision_type=8 10 8 2 8 10 10 2 10 10 10 8 8 10
left_child=1 -1 -3 8 -5 6 -6 -8 11 10 -10 -2 13 -13
right_child=3 2 -4 4 5 -7 7 -9 9 -11 -12 12 -14 -15
leaf_value=-0.00421127693604075 0.0074642551846353681 0.019640682965511448 0.00017194074343909564 -0.01462944363590782 0.0040446983818040036 0.0092301649066749217 0.00097900196529155064 -0.012822138712265762 -0.0082074002911886705 0.0041240410555639841 0.0070717179893217243 0.000111139664344807 -0.0043086633150584384 0.016412314479439388
leaf_weight=16.919832333922386 38.511055782437325 16.450869679450989 14.963776022195818 20.446831881999969 38.873184353113174 18.840945273637772 23.484784290194511 46.604739263653755 44.006012558937073 273.97116263210773 15.142663329839705 332.02852858603001 268.20500323176384 15.00810284912586
leaf_count=70 162 68 62 85 160 77 97 193 182 1127 63 1374 1107 62
internal_value=0.000107751 0.00623296 0.0116641 -0.000179256 -0.00397101 -0.00177922 -0.00400432 -0.00844054 0.000407497 0.00263433 -0.00404948 -0.000738569 -0.00130806 0.0010392
internal_weight=1183.46 48.3345 31.4146 1135.12 148.25 127.804 108.963 70.0895 986.873 333.12 59.1487 653.753 615.242 347.037
internal_count=4889 200 130 4689 612 527 450 290 4077 1372 245 2705 2543 1436
is_linear=0
shrinkage=0.03


Tree=278
num_leaves=15
num_cat=0
split_feature=20 43 21 12 26 20 4 10 1 39 8 21 41 12
split_gain=3.43366 6.73331 6.06417 6.72718 6.52088 6.84209 5.70287 5.87911 5.67643 6.0427 5.56406 5.21053 4.31879 4.33374
threshold=14.146259647029606 1.0000000180025095e-35 10.846914563854325 16.500000000000004 -7.5916666666666659 11.370527203647539 14.053606955724378 12.500000000000002 41.750000000000007 1000.485997771436 0.22500000000000003 10.31072794815146 41.500000000000007 24.700000000000006
decision_type=8 2 10 10 8 10 2 8 2 2 10 8 10 10
left_child=1 2 11 10 5 -5 12 -8 9 -3 -4 -1 -6 -14
right_child=-2 8 3 4 6 -7 7 -9 -10 -11 -12 -13 13 -15
leaf_value=0.004840059816702832 -0.0014922194563677536 0.0098490796878755553 -0.015211557365820354 -0.001145176855079184 0.015682219947582003 0.024525070440602079 -0.0034190975936903294 0.013964907912495359 -0.012839051442115966 -0.010982859403825894 0.0019586279171852814 0.018846799085671884 0.0083777104219329573 -0.0020955975128836447
leaf_weight=103.9280319660902 510.43650859594345 27.295052409172058 32.758793383836746 14.791879758238791 26.24356797337532 18.52871972322464 189.4495352357626 14.311178192496298 43.882314562797546 15.581380009651182 29.026041939854622 28.554355710744858 64.996136710047722 69.042906746268272
leaf_count=431 2110 112 135 62 108 77 781 59 183 65 119 117 267 287
internal_value=0.000358175 0.00175119 0.00290349 0.00123387 0.0026852 0.0144668 0.00142544 -0.0018929 -0.0058367 0.00192233 -0.00760241 0.00843461 0.00557356 0.0031016
internal_weight=1188.83 678.39 591.631 459.149 397.364 33.3206 364.043 203.761 86.7587 42.8764 61.7848 132.482 160.283 134.039
internal_count=4913 2803 2443 1895 1641 139 1502 840 360 177 254 548 662 554
is_linear=0
shrinkage=0.03


Tree=279
num_leaves=15
num_cat=0
split_feature=16 25 25 5 9 13 9 18 39 9 18 39 21 18
split_gain=4.94466 4.68012 5.33933 5.73505 4.09039 3.67306 3.40068 4.92944 4.26554 3.59993 3.57887 4.51889 4.60059 6.56092
threshold=-6.3499999999999988 -3.9666666666666663 5.5166666666666675 0.65041104217469958 -13.324999999999998 22.450000000000003 1.9000000000000001 -7.0499999999999989 2378.0719913100243 1.3 -7.7499999999999991 2301.1072498434423 13.374104305576873 1.6333333333333335
decision_type=10 8 8 2 10 10 10 8 2 10 10 2 8 10
left_child=1 -1 3 5 -5 -3 7 -2 9 -9 -8 12 13 -12
right_child=6 2 -4 4 -6 -7 10 8 -10 -11 11 -13 -14 -15
leaf_value=0.012179416689816031 0.0067675910355632554 -0.019388887084138173 0.0088014499023470905 -0.0056459088434558007 0.010843097508861027 -0.00047854620871960317 -0.0075142465064291604 -0.002983969068666787 0.0099576259417928827 -0.01352006925244521 0.0043487739873492824 -0.0096993889362362376 0.00548653970234712 -0.0063132474302265689
leaf_weight=49.850975424051285 44.98733377456665 17.936921656131744 50.815698578953743 20.201182916760445 25.350048914551735 15.919402584433554 33.882576063275337 418.67298598587513 16.636274173855782 27.075685828924179 105.88321970403194 23.281759589910507 236.18488202989101 92.786925539374352
leaf_count=206 186 74 211 83 105 65 140 1729 69 112 438 97 975 384
internal_value=0.00031142 0.00481636 0.00165158 -0.00317421 0.00369536 -0.0117029 -0.000520234 -0.00223305 -0.00317179 -0.00376683 0.00125072 0.00197308 0.00270117 -0.000663558
internal_weight=1179.47 180.074 130.223 79.4076 45.5512 33.8563 999.392 507.372 462.385 445.749 492.019 458.137 434.855 198.67
internal_count=4874 744 538 327 188 139 4130 2096 1910 1841 2034 1894 1797 822
is_linear=0
shrinkage=0.03


Tree=280
num_leaves=15
num_cat=0
split_feature=7 13 39 30 8 25 11 3 39 25 11 25 3 15
split_gain=3.21663 4.14588 5.04855 4.35536 4.51887 6.26407 3.9486 3.85375 5.48572 7.41432 6.73228 5.36494 6.37282 5.04375
threshold=-7.114734815724427 22.450000000000003 447.75952350939139 1.0000000180025095e-35 8.3000000000000025 -0.36931818181818177 22.900000000000002 0.030001598386478982 1388.4028137655416 -0.4142857142857142 21.900000000000002 -4.9615384615384608 0.024438227945458472 -2.6499999999999999
decision_type=2 10 2 2 10 8 10 2 2 8 10 10 2 10
left_child=-1 3 6 -2 5 -5 -3 8 10 11 13 12 -10 -4
right_child=1 2 7 4 -6 -7 -8 -9 9 -11 -12 -13 -14 -15
leaf_value=-0.011387417848863554 -0.0031422270381920949 -0.00723530675894128 0.007430971974098686 0.0099475093771682153 0.012083221468128924 -0.007586056236972942 0.0026684049620885422 -0.0039081425077352929 -0.012897685774814139 0.008798040270753725 0.0016066308907166358 -0.017290980101086532 0.0073608011981058244 0.021513546648468548
leaf_weight=19.262702271342278 514.29610596597195 83.946414589881897 92.542175456881523 24.731446713209152 31.642250075936317 42.946025505661964 57.631983667612076 54.531805038452148 18.030674248933792 38.581081494688988 116.50260923802853 22.592277944087982 30.574501842260361 30.787144109606743
leaf_count=79 2121 350 384 103 131 179 237 227 75 160 480 93 127 126
internal_value=-0.000575563 -0.000347792 0.00154708 -0.00203189 0.0035927 -0.000935192 -0.00325032 0.00324688 0.00440229 -0.00112264 0.0069025 -0.0067231 -0.000656384 0.0116477
internal_weight=1178.6 1159.34 545.721 613.616 99.3197 67.6775 141.578 404.142 349.61 109.779 239.832 71.1975 48.6052 123.329
internal_count=4872 4793 2259 2534 413 282 587 1672 1445 455 990 295 202 510
is_linear=0
shrinkage=0.03


Tree=281
num_leaves=15
num_cat=0
split_feature=7 9 17 16 12 3 3 26 18 41 4 3 24 9
split_gain=3.13971 4.45548 5.18539 4.87488 4.9967 4.78445 5.85728 4.38927 4.45509 4.36934 4.33465 6.20501 6.37943 4.12033
threshold=-1.532966391003906 5.5000000000000009 -12.949999999999998 -2.4499999999999997 24.900000000000002 0.024068576952877677 0.027239016924717311 -9.966666666666665 4.8500000000000005 30.500000000000004 127.25942518065291 0.024642600261680418 0.35912698412698424 16.300000000000001
decision_type=2 8 8 10 10 2 2 10 10 8 2 2 10 8
left_child=1 3 -3 5 -5 -1 7 -7 -9 -2 13 -12 -13 -11
right_child=9 2 -4 4 -6 6 -8 8 -10 10 11 12 -14 -15
leaf_value=-0.0061516546293512832 0.0091523074297929809 -0.0061105216293268101 0.010760074958226961 -0.0056055404142552664 0.0081689352161269085 -0.00055794211396010033 -0.0051176047737382293 0.019267851738552843 0.00049935134891704606 -0.0035758093834934914 -0.0035110900921316445 0.0097968871238054457 -0.0028636780186008619 0.0087149567022101766
leaf_weight=25.679494917392731 32.398967012763023 16.75697149336338 81.899822920560837 125.94828020036221 24.326387286186218 21.553609997034073 23.053416788578033 44.829303801059723 15.10373832285404 482.1036432236433 113.07340314984322 101.45322667062283 51.163966864347458 21.173372432589531
leaf_count=106 134 70 338 520 100 89 95 185 62 1995 466 419 212 88
internal_value=0.000191282 0.00242265 0.00773806 0.000450309 -0.00318449 0.00460755 0.00741063 0.0110459 0.0149407 -0.000872922 -0.00135171 0.00172709 0.00559631 -0.00297808
internal_weight=1180.52 379.151 98.6568 280.494 150.275 130.22 104.54 81.4867 59.933 801.367 768.968 265.691 152.617 503.277
internal_count=4879 1565 408 1157 620 537 431 336 247 3314 3180 1097 631 2083
is_linear=0
shrinkage=0.03


Tree=282
num_leaves=15
num_cat=0
split_feature=3 8 13 19 35 42 18 20 4 10 41 8 8 13
split_gain=2.23487 4.22448 2.41337 7.19656 5.54664 6.94259 2.8485 2.74139 5.48142 5.5167 5.09099 6.22574 5.90817 4.67652
threshold=0.042854956491320213 0.90000000000000013 28.700000000000006 7.5500000000000007 1.0000000180025095e-35 2.5000000000000004 8.6125000000000025 14.146259647029606 7.155743812020547 -9.1499999999999968 54.500000000000007 4.3000000000000016 10.900000000000002 18.700000000000006
decision_type=2 10 10 8 2 10 10 8 2 8 8 10 10 8
left_child=2 -2 7 4 5 -4 -7 -1 -9 -10 11 -11 -13 -12
right_child=1 -3 3 -5 -6 6 -8 8 9 10 13 12 -14 -15
leaf_value=0.0020647801725706223 -0.0016455066874824723 0.01558220560024672 0.0092278163596801795 0.012585907059084842 -0.014457565072753061 -0.014910731860322725 0.0011605848291137031 -0.0059157956069661845 0.016554714837363285 -0.00200521726082266 -0.0086593261536312572 0.0209372015053171 -0.0012267554883162665 0.00077941564507750844
leaf_weight=579.45025771856308 24.952548891305923 19.595671907067299 29.099513486027718 16.22978763282299 41.706412106752396 21.687556847929955 14.725426927208899 137.56832633912563 14.714115113019941 42.637776061892509 66.342045322060585 27.071935549378395 15.541106879711149 137.71476283669472
leaf_count=2395 103 81 121 67 174 91 61 567 61 176 274 112 64 567
internal_value=0.000502062 0.00674026 0.000230983 -0.00364689 -0.00655536 -0.000856216 -0.00905605 0.000715324 -0.00105871 0.00119925 0.000150297 0.0061027 0.013574 -0.00242298
internal_weight=1189.04 44.5482 1144.49 123.449 107.219 65.5125 36.413 1021.04 441.59 304.022 289.308 85.2508 42.613 204.057
internal_count=4914 184 4730 514 447 273 152 4216 1821 1254 1193 352 176 841
is_linear=0
shrinkage=0.03


Tree=283
num_leaves=15
num_cat=0
split_feature=12 12 19 13 13 26 18 20 18 24 4 4 20 15
split_gain=3.14212 4.43276 2.35769 6.35465 6.01664 4.50311 3.82438 4.78257 4.06165 5.32668 7.1632 5.404 3.64668 3.60175
threshold=35.70000000000001 32.900000000000006 6.6500000000000012 26.300000000000001 18.300000000000001 -1.8819444444444442 2.0500000000000003 18.897089494337148 0.31666666666666671 -0.41287878787878779 24.946127025169179 135.60909201836299 13.873636045981948 2.6500000000000008
decision_type=10 10 10 10 10 10 8 10 10 8 2 2 10 10
left_child=1 2 6 4 12 -5 8 -8 -1 -10 -11 -12 -4 -6
right_child=-2 -3 3 5 13 -7 7 -9 9 10 11 -13 -14 -15
leaf_value=0.00055137930571376762 -0.011982824454436141 0.010983031252366932 0.010117750923071257 0.016334566263934786 -0.0063079845914439069 -0.0041756170564449914 -0.0029684780347855742 0.0092161852889152025 -0.0078098469922112329 0.019061313663253105 -0.0058510937913123654 0.010443593498975261 -0.0069125233259952935 -0.020327542364205205
leaf_weight=500.43285109102726 14.837919533252714 27.502207890152931 21.411722153425217 16.702653914690021 60.532690331339836 14.369372904300688 363.06816630065441 26.632268846035004 15.643157109618185 35.925656899809837 30.837070524692535 33.017191335558891 15.24327404797077 22.633320197463036
leaf_count=2069 62 114 88 69 252 60 1498 110 65 148 127 136 63 95
internal_value=-0.000142118 5.60446e-05 -0.000249979 -0.00368315 -0.00679214 0.0075855 0.000280874 -0.00202957 0.00174745 0.00669495 0.00923313 0.00272096 0.00305594 -0.0110598
internal_weight=1198.79 1183.95 1156.45 150.893 119.821 31.072 1005.56 389.7 615.856 115.423 99.7799 63.8543 36.655 83.166
internal_count=4956 4894 4780 627 498 129 4153 1608 2545 476 411 263 151 347
is_linear=0
shrinkage=0.03


Tree=284
num_leaves=15
num_cat=0
split_feature=16 16 23 13 24 5 13 13 27 24 15 2 20 1
split_gain=2.97782 3.91307 7.25823 3.11822 4.81661 4.126 4.04637 3.81586 6.57677 3.83676 5.03871 6.23113 5.54652 3.84798
threshold=8.9500000000000011 7.0500000000000007 0.60357142857142865 26.500000000000004 -0.16666666666666666 0.497684618476051 26.900000000000002 25.450000000000003 12.500000000000002 0.063068181818181815 -4.7499999999999991 0.29042072763808402 12.258557099874158 37.250000000000007
decision_type=8 10 8 10 8 2 10 8 2 8 10 2 10 2
left_child=1 3 -3 7 5 -5 -6 9 -9 10 12 -12 -1 -13
right_child=-2 2 -4 4 6 -7 -8 8 -10 -11 11 13 -14 -15
leaf_value=-0.0024121000860476377 -0.0049638505994036141 -0.0050443292654636556 0.015972178992760759 0.0014948359031850471 0.019562509702479448 -0.01308519970103572 0.0044981500010911587 -0.014400843618298074 0.0055753863523000675 -0.0022181237653688276 -0.012227837060671281 -0.007307696373568204 0.016679987216023248 0.0030374337690806446
leaf_weight=19.380042552947998 90.324960023164749 21.039750143885612 33.106976360082626 70.316976115107536 15.018126428127287 17.895922467112541 111.25784485042095 38.411673232913017 19.213635325431824 385.74276913702488 26.242062762379646 31.893185153603554 33.922453984618187 269.00269937515259
leaf_count=81 376 87 138 294 62 74 460 159 79 1596 109 132 141 1104
internal_value=0.000122781 0.000564051 0.00806973 0.000135834 0.0033147 -0.00200628 0.00696662 -0.000706826 -0.00782694 -0.000124042 0.00200046 0.000543864 0.0101268 0.00183939
internal_weight=1182.77 1092.44 54.1467 1038.3 214.489 88.2129 126.276 823.809 57.6253 766.183 380.44 327.138 53.3025 300.896
internal_count=4892 4516 225 4291 890 368 522 3401 238 3163 1567 1345 222 1236
is_linear=0
shrinkage=0.03


Tree=285
num_leaves=15
num_cat=0
split_feature=5 42 18 10 42 0 21 17 18 21 18 20 20 20
split_gain=2.42029 2.34739 3.4681 2.65646 3.80213 4.88703 4.93154 4.91178 4.56986 7.78091 5.94523 3.74632 7.78522 5.7929
threshold=0.17779481828546143 23.500000000000004 -2.0499999999999994 -8.7749999999999968 2.5000000000000004 -3.7499999999999996 12.597398303095993 -11.683333333333332 1.5500000000000003 15.992532956254523 -5.4499999999999993 10.203484720366442 9.7524925588852049 10.876324876251038
decision_type=2 8 10 8 10 2 10 8 10 8 10 8 10 8
left_child=-1 3 -3 4 5 -2 -7 -8 10 -10 -6 12 -5 -13
right_child=1 2 -4 11 8 6 7 -9 9 -11 -12 13 -14 -15
leaf_value=0.0095185616460728897 0.0092586277040632246 -0.015519195799630466 -0.00076149951521950346 0.00064629966539286182 -0.013511300398933336 -0.015121067089265946 0.013270592521431113 -0.0074864832528885534 -0.018106446026600873 0.003772182175053187 0.0036576456415320139 -0.010135523947893571 0.017261252310579813 -2.3099485389289258e-05
leaf_weight=15.087066411972044 35.649572938680649 19.304533541202545 36.272221326828003 109.52260002493858 20.565211579203606 17.985260203480721 14.874751210212706 16.555927321314815 46.071209624409676 18.39011412858963 57.961980730295181 50.062694728374481 28.20453967154026 688.47229678928852
leaf_count=63 149 81 151 451 85 74 62 68 194 76 242 206 116 2841
internal_value=-0.000817641 -0.000992366 -0.00674542 -0.000673734 -0.0035204 0.00145638 -0.00450585 0.00281004 -0.00643032 -0.0120425 -0.00137831 8.29035e-05 0.0045343 -0.000772133
internal_weight=1174.98 1159.89 55.5768 1104.32 228.054 85.0655 49.4159 31.4307 142.989 64.4613 78.5272 876.262 137.727 738.535
internal_count=4859 4796 232 4564 950 353 204 130 597 270 327 3614 567 3047
is_linear=0
shrinkage=0.03


Tree=286
num_leaves=15
num_cat=0
split_feature=14 26 21 9 4 3 4 4 16 19 19 30 3 3
split_gain=2.81255 4.47932 6.54056 5.94434 5.63961 4.09557 4.72559 3.42734 3.40229 4.7116 3.5001 7.54076 5.47453 5.64032
threshold=22.700000000000006 -1.3229166666666663 11.205653335110224 -2.6333333333333329 189.9103516499612 0.016047629778809695 135.60909201836299 232.50305990482573 3.0500000000000003 9.1333333333333346 5.4500000000000011 1.0000000180025095e-35 0.027471443845621838 0.024024835209730758
decision_type=8 8 8 10 2 2 2 2 10 10 10 2 2 2
left_child=1 2 -1 -4 5 -3 -7 -6 10 -10 -2 12 13 -12
right_child=8 4 3 -5 7 6 -8 -9 9 -11 11 -13 -14 -15
leaf_value=-0.015638112434142575 0.0023133004397635653 0.012482913569711904 0.0063724158570273607 -0.0078288743191950554 -0.01933531711326246 -0.00091451281685483033 0.0094782776759991267 -0.00037854453351391759 0.00047934365953343939 0.017464675827907675 -0.008518799653163496 -0.017939392526834855 -0.012398462282963462 0.0065496786065867077
leaf_weight=40.05970062315464 331.59690578281879 20.170713976025581 42.101116329431534 56.100897118449211 16.217551290988926 418.54771526157856 38.412315025925636 14.757283627986906 32.814611330628395 22.05873741209507 25.435537651181221 20.818328678607941 21.583966225385666 81.525407433509827
leaf_count=165 1370 84 174 232 67 1731 158 61 136 91 105 88 90 339
internal_value=-0.000150117 -0.00147726 -0.00616251 -0.00172674 -0.000154723 0.000701756 5.2243e-05 -0.0116116 0.00144965 0.0081956 0.000603596 -0.00314405 -0.000165944 0.00274595
internal_weight=1182.2 646.367 138.262 98.202 508.106 477.131 456.96 30.9748 535.833 54.8733 480.96 149.363 128.545 106.961
internal_count=4891 2672 571 406 2101 1973 1889 128 2219 227 1992 622 534 444
is_linear=0
shrinkage=0.03


Tree=287
num_leaves=15
num_cat=0
split_feature=25 25 15 21 23 9 23 9 25 17 39 24 39 22
split_gain=3.13293 4.732 5.32475 4.86764 5.37881 3.94819 3.72859 3.19241 6.28635 4.2164 4.83004 3.29287 5.10529 3.93273
threshold=15.531250000000002 8.7416666666666689 3.6500000000000008 12.713509844630856 0.46291208791208799 5.1000000000000005 0.51470588235294124 -9.0999999999999979 -9.1269841269841248 3.5500000000000012 1453.0447598436856 0.44543650793650802 825.81237715233863 0.91287878787878796
decision_type=10 10 10 10 10 10 10 10 8 8 2 10 2 10
left_child=1 7 -3 6 -5 -6 -4 8 -1 -10 -11 13 -13 -9
right_child=-2 2 3 4 5 -7 -8 11 9 10 -12 12 -14 -15
leaf_value=0.016914376251699427 -0.010319369311054639 0.013177899459401513 -0.016667254135354682 0.018168179549549419 -0.010649926489652028 0.0083179867823018633 0.0019753873390139093 -0.0015886448701011356 -0.0084764415801694623 0.0069740009338649959 -0.0082127862192914024 -0.0036566847204277399 0.017211180100495115 -0.015058203913851605
leaf_weight=20.029850617051125 23.243888050317764 42.831196546554565 15.047590062022211 15.776661768555639 15.14097982645035 14.48697693645954 16.808451592922211 850.71880750358105 30.461257144808769 75.829902142286301 20.024135962128639 18.399922624230385 15.930271834135054 15.068383082747458
leaf_count=83 96 177 62 65 62 60 69 3520 127 313 83 76 66 62
internal_value=-0.000446205 -0.000206278 0.00531068 0.000413423 0.00644914 -0.00151345 -0.00789716 -0.000861647 0.00317796 0.000438674 0.00355157 -0.00153235 0.00698366 -0.00190819
internal_weight=1189.8 1166.55 120.092 77.2607 45.4046 29.628 31.856 1046.46 146.345 126.315 95.854 900.117 34.3302 865.787
internal_count=4921 4825 495 318 187 122 131 4330 606 523 396 3724 142 3582
is_linear=0
shrinkage=0.03


Tree=288
num_leaves=15
num_cat=0
split_feature=1 21 2 15 23 21 39 7 6 24 14 14 6 15
split_gain=3.5363 3.38876 3.83195 3.67258 2.44499 2.98637 2.84074 2.80636 2.54629 5.68746 4.7919 4.94585 2.79406 2.31585
threshold=54.750000000000007 19.130690860663055 0.53436653835588588 0.72500000000000009 0.8377192982456142 11.537619624892395 500.93531067635655 -0.85820832196940511 -5.9639587728562073 -0.5527777777777777 18.100000000000005 22.450000000000003 -4.9631391057862073 -9.1499999999999968
decision_type=2 10 2 10 10 8 2 2 2 10 10 10 2 10
left_child=1 4 -3 -4 8 -6 -7 -8 9 -1 -11 -12 -10 -14
right_child=-2 2 3 -5 5 6 7 -9 12 10 11 -13 13 -15
leaf_value=-0.007321251848560203 -0.011063096583116716 -0.0015961899400135952 0.020664771043873393 0.001955852716604894 0.0030671410379853885 0.0017725795192744037 -0.0016205880855003603 -0.016046025623999746 -0.0089123015300252833 0.022142869360136468 -0.0067883604800393158 0.013857120880001558 0.0065032140436524647 0.00035983955727775555
leaf_weight=16.545210525393486 17.966202914714813 24.864166423678398 18.974974691867828 17.478933274745941 35.291636899113655 21.266757026314735 20.682548120617867 29.334771662950516 22.711876273155212 16.918506011366844 17.414303719997406 14.959362939000128 54.103125467896461 854.72767938673496
leaf_count=70 75 103 79 72 146 88 85 122 95 70 73 62 227 3527
internal_value=0.000600898 0.000827232 0.00741478 0.0130121 0.000429552 -0.00378593 -0.00715742 -0.0107704 0.000896637 0.00638115 0.0112311 0.00332916 0.000477018 0.000759139
internal_weight=1183.24 1165.27 61.3181 36.4539 1103.96 106.576 71.2841 50.0173 997.38 65.8374 49.2922 32.3737 931.543 908.831
internal_count=4894 4819 254 151 4565 441 295 207 4124 275 205 135 3849 3754
is_linear=0
shrinkage=0.03


Tree=289
num_leaves=15
num_cat=0
split_feature=28 14 14 0 14 25 11 7 17 24 10 41 25 24
split_gain=2.6611 5.34473 5.29796 8.9344 6.06099 4.44982 4.25414 3.67562 3.65006 6.20407 5.94101 4.90489 4.68269 4.37971
threshold=6.5000000000000009 25.100000000000005 24.700000000000006 6.2500000000000009 22.450000000000003 5.5166666666666675 14.100000000000001 -3.2669332438890062 -6.9499999999999984 -0.39696969696969692 -15.299999999999997 61.500000000000007 9.2111111111111121 -0.59166666666666645
decision_type=2 8 8 2 10 8 8 2 8 10 10 8 8 10
left_child=2 8 3 4 -1 6 -3 -8 10 11 -2 -10 -12 -13
right_child=1 5 -4 -5 -6 -7 7 -9 9 -11 12 13 -14 -15
leaf_value=0.0084743485662629597 0.0042008566156853553 0.0071877087587015618 0.011558282731959331 -0.014732220256446405 -0.0098884068154106875 0.0026564282647671866 0.0026558000553266905 -0.0083577610234576143 0.0082301309363077852 0.0040478914555843208 -0.0088783134816626374 -0.0020270513568217737 0.0071340866799080504 -0.016906410801439418
leaf_weight=70.43854346871376 74.169473916292191 17.700526684522629 50.881076455116272 22.733756929636002 16.100619852542877 78.136236578226089 29.678608670830727 176.0126918554306 17.78563891351223 445.84436678886414 97.309927061200142 49.061175644397736 15.696884930133818 24.478079304099083
leaf_count=291 312 74 209 94 66 325 122 729 74 1835 405 205 65 102
internal_value=0.000510179 -5.85069e-05 0.00404441 0.000193057 0.00470445 -0.00338224 -0.00550631 -0.00674333 0.00133879 0.0025906 -0.00222768 -0.00436465 -0.00644612 -0.00774076
internal_weight=1186.03 1025.87 160.154 109.273 86.5392 301.528 223.392 205.691 724.346 537.169 187.176 91.3249 113.007 73.5393
internal_count=4908 4248 660 451 357 1250 925 851 2998 2216 782 381 470 307
is_linear=0
shrinkage=0.03


Tree=290
num_leaves=15
num_cat=0
split_feature=42 7 21 7 11 11 7 15 23 3 25 19 19 15
split_gain=2.51579 5.82605 4.05997 4.01562 3.99167 5.8528 5.6355 8.55379 7.63161 4.91734 8.83261 4.857 6.11981 4.80021
threshold=11.500000000000002 0.33255070960997696 15.899335730759731 1.951728869784161 18.300000000000001 19.100000000000005 1.4560613064890962 -0.24999999999999997 0.11805555555555557 0.024608868228794604 -8.0357142857142829 -0.24999999999999997 2.9500000000000006 -3.7499999999999996
decision_type=10 2 8 2 10 10 2 8 8 2 8 8 10 10
left_child=4 -2 3 -3 6 -6 8 -8 -1 10 -10 -11 -13 -12
right_child=1 2 -4 -5 5 -7 7 -9 9 11 13 12 -14 -15
leaf_value=0.018237933267083294 0.0015542338638823651 -0.019853490473129114 0.0020289661761523901 -0.0044848712162707232 -0.0096173882312719176 0.00039995992755509433 0.014332309404375859 -0.006448171901404961 -0.0096460611827420013 -0.013477724948552792 0.00027420941849745477 0.013429730028453737 -0.0072647906515488679 0.021443075217973413
leaf_weight=14.120498657226561 114.21830089390278 28.038715973496437 22.744841709733009 35.706593349575996 51.827048808336258 684.39818295836449 71.633267194032669 20.020543828606606 20.302543386816978 38.873680576682091 16.109619542956352 15.510689258575438 29.501237273216248 19.504855126142502
leaf_count=59 476 119 94 150 214 2820 298 82 85 161 67 65 122 81
internal_value=0.000116778 -0.00290173 -0.0085496 -0.0121972 0.000745425 -0.000365336 0.00401626 0.00969434 0.000436612 -0.00192904 0.00471425 -0.00637346 0.000496057 0.0130803
internal_weight=1182.51 200.708 86.4902 63.7453 981.802 736.225 245.577 91.6538 153.923 139.803 55.917 83.8856 45.0119 35.6145
internal_count=4893 839 363 269 4054 3034 1020 380 640 581 233 348 187 148
is_linear=0
shrinkage=0.03


Tree=291
num_leaves=15
num_cat=0
split_feature=16 8 17 8 41 41 19 17 13 4 4 41 15 27
split_gain=2.47643 2.44974 5.24469 4.70058 3.84382 3.76304 5.52778 4.1471 4.20522 4.55381 4.19862 3.67365 9.09376 3.48751
threshold=12.550000000000002 -2.5499999999999994 -9.0499999999999989 -3.0999999999999996 84.500000000000014 78.500000000000014 0.95000000000000007 -8.8499999999999961 22.900000000000002 111.67042058480321 23.668766721671435 66.500000000000014 -1.7499999999999998 8.5000000000000018
decision_type=10 10 8 10 10 10 8 8 10 2 2 10 8 2
left_child=1 3 -3 5 -4 7 -7 -1 11 10 -10 -9 -13 -12
right_child=-2 2 4 -5 -6 6 -8 8 9 -11 13 12 -14 -15
leaf_value=0.0049730591877178276 -0.0086252152422329822 -0.01259065315787474 1.9512342681647255e-05 0.012288668690467727 -0.011782134967131805 -0.0013950843813394754 0.018844135785614492 -0.014000057914337645 0.0009722962984361935 0.0089134975214646573 -0.00033010902744739411 0.014024351170680068 -0.013936656731101574 -0.016443954169735903
leaf_weight=100.59029978513718 25.047017216682434 28.439719408750534 666.6821922659874 30.665591791272163 20.798749208450317 22.917263776063919 19.393200114369392 36.834366053342819 120.91853192448616 38.095795199275017 21.844375401735306 15.339034974575041 16.574964314699177 22.657998085021973
leaf_count=422 105 119 2750 127 86 95 81 153 501 158 90 64 68 94
internal_value=-0.000121804 9.77041e-05 -0.000987468 0.00183191 -0.000420023 0.000922493 0.00889279 -8.76576e-05 -0.00201334 0.00020572 -0.00200233 -0.00815102 -0.000418299 -0.00936659
internal_weight=1186.8 1161.75 715.921 445.831 687.481 415.166 42.3105 372.855 272.265 203.517 165.421 68.7484 31.914 44.5024
internal_count=4913 4808 2955 1853 2836 1726 176 1550 1128 843 685 285 132 184
is_linear=0
shrinkage=0.03


Tree=292
num_leaves=15
num_cat=0
split_feature=25 16 26 3 3 26 25 39 22 16 27 39 39 4
split_gain=3.45013 4.47738 4.22191 2.72708 10.3186 4.16753 3.70257 3.2491 3.19803 3.18656 3.01165 5.88473 3.76006 3.57409
threshold=-9.7416666666666654 -3.4499999999999997 -7.2361111111111098 0.031904831632297855 0.041818816598266591 0.51666666666666672 -8.6124999999999989 641.11064643597103 0.14835164835164838 -0.24999999999999997 10.500000000000002 2301.1072498434423 2075.0700600068817 18.215682387626433
decision_type=8 8 8 2 2 8 8 2 8 10 2 2 2 2
left_child=1 2 -1 6 5 -5 -2 -6 9 -8 -10 12 13 -12
right_child=3 -3 -4 4 7 -7 8 -9 10 -11 11 -13 -14 -15
leaf_value=0.014343099914836363 0.012051591002273482 -0.0080753160696520523 -0.0049908903275186385 -0.021566611012736939 0.0098597061970259713 -0.001408132295603421 -0.014000802083781244 -0.002017200866807936 0.0030839004908951792 0.0021307306242118913 0.0035567830642995123 -0.014566746146785497 0.01262188031912914 -0.0023270015448012215
leaf_weight=14.445780098438261 23.413086146116257 82.781347677111626 17.391778901219372 24.351617217063904 30.677494168281555 14.542308390140532 19.75838702917099 46.264379888772964 462.98960223793983 17.783506110310555 140.42261111736298 19.853611096739769 16.695235833525658 252.39420562982559
leaf_count=60 97 349 72 101 127 60 82 192 1915 74 579 83 69 1041
internal_value=0.000306002 -0.00452858 0.0045377 0.000842966 -0.00341103 -0.0150484 0.00137496 0.00303092 0.00104313 -0.00700702 0.00141896 -0.000391195 0.000463472 -0.000205421
internal_weight=1183.76 114.619 31.8376 1069.15 115.836 38.8939 953.31 76.9419 929.897 37.5419 892.355 429.366 409.512 392.817
internal_count=4901 481 132 4420 480 161 3940 319 3843 156 3687 1772 1689 1620
is_linear=0
shrinkage=0.03


Tree=293
num_leaves=15
num_cat=0
split_feature=27 39 39 15 18 19 4 1 4 14 15 18 14 18
split_gain=2.64454 2.83177 5.16142 4.53901 2.81855 3.02935 4.1694 7.48744 5.8822 5.24243 4.15548 4.15522 5.57006 6.44313
threshold=19.500000000000004 2395.8338446027533 2301.1072498434423 -0.34999999999999992 -0.34999999999999992 -5.2499999999999991 54.047220281154416 42.750000000000007 135.60909201836299 19.266666666666669 -4.4499999999999993 1.9500000000000002 26.500000000000004 7.9500000000000011
decision_type=2 2 2 10 10 8 2 2 2 10 10 10 8 10
left_child=1 2 4 -3 -1 -6 11 9 10 -8 -9 -7 13 -13
right_child=-2 3 -4 -5 5 6 7 8 -10 -11 -12 12 -14 -15
leaf_value=-0.0018661438669649144 0.010558951867774901 -0.0036862829651753649 -0.013966722486154163 0.016646519930377707 -0.0035986705776751525 0.010902012296851686 -0.0073009762415535105 0.0028904927324730342 0.00060994054777652499 0.010166801610469419 -0.013616639211959875 -0.0040359296500881115 0.013908258803538982 0.0083879851845346225
leaf_weight=506.91935551166534 15.690829932689665 15.159267023205755 20.143310904502869 17.103545293211937 96.956462487578392 67.158494651317596 15.791334703564642 15.5241312533617 104.76143750548363 67.186107754707336 58.656842961907387 108.92753720283508 26.271814852952957 51.052189275622368
leaf_count=2101 65 63 84 71 400 277 65 64 432 279 243 452 108 211
internal_value=-7.35792e-05 -0.000260241 -0.000524173 0.00788009 -0.000221193 0.00114477 0.00206322 -0.000593491 -0.00402582 0.00661652 -0.0101977 0.0047675 0.00232834 6.28041e-05
internal_weight=1187.3 1171.61 1139.35 32.2628 1119.21 612.286 515.33 261.92 178.942 82.9774 74.181 253.41 186.252 159.98
internal_count=4915 4850 4716 134 4632 2531 2131 1083 739 344 307 1048 771 663
is_linear=0
shrinkage=0.03


Tree=294
num_leaves=15
num_cat=0
split_feature=39 39 0 26 10 4 25 42 40 25 20 24 25 24
split_gain=2.27628 4.54465 4.22862 5.91592 4.28667 3.60665 3.36002 3.28929 2.91628 5.20588 6.15207 5.8464 4.84175 4.70222
threshold=1574.3840512640834 1479.389932570308 -1.2499999999999998 -7.3693181818181808 5.9000000000000021 -85.202612520622424 -1.8619047619047617 5.5000000000000009 1.0000000180025095e-35 1.1483516483516485 14.115594146278509 -0.099999999999999992 3.3603896103896109 0.19543650793650794
decision_type=2 2 2 8 10 2 10 8 2 8 8 10 8 10
left_child=1 8 5 6 -5 -2 -4 -7 13 10 -10 -12 -11 -1
right_child=2 -3 3 4 -6 7 -8 -9 9 12 11 -13 -14 -15
leaf_value=-0.003023921497518939 0.0038605454805360948 -0.012275026065924581 0.0048625436228564474 0.0037550050384584071 0.015889068761068059 1.238847663654089e-05 -0.012083890917187031 -0.017096402341817491 0.011784800612803667 -0.01193112969970643 0.0075456245020743568 -0.010833012727013038 0.0013052873548296858 0.0026008162410614648
leaf_weight=527.66163828969002 27.813227817416191 26.24962505698204 14.434673637151716 78.250666707754135 38.120934158563614 17.948589295148849 20.147339627146721 18.147167980670929 71.465220630168915 29.027076214551926 27.36892831325531 25.133239671587944 89.454783916473389 174.35412558913231
leaf_count=2190 117 108 60 324 158 74 83 75 296 119 113 103 368 722
internal_value=-0.00039644 -0.00101628 0.00236334 0.00505524 0.00822069 -0.00390039 -0.00528967 -0.00962262 -0.000640375 0.0021671 0.00634996 -0.00142934 -0.00228933 -0.00161844
internal_weight=1185.58 970.715 214.863 150.954 116.372 63.909 34.582 36.0958 944.465 242.449 123.967 52.5022 118.482 702.016
internal_count=4910 4019 891 625 482 266 143 149 3911 999 512 216 487 2912
is_linear=0
shrinkage=0.03


Tree=295
num_leaves=15
num_cat=0
split_feature=12 12 26 1 26 2 17 41 41 19 10 15 15 3
split_gain=2.99566 3.08335 2.68817 6.1075 5.77149 4.82693 5.37286 6.30825 3.77801 3.71835 3.25377 3.24251 4.12136 3.07669
threshold=35.70000000000001 32.70000000000001 9.9705882352941195 40.750000000000007 12.055555555555557 0.37490182330111116 -9.0499999999999989 40.500000000000007 71.500000000000014 1.0000000180025095e-35 -10.499999999999998 -5.9499999999999993 -8.6499999999999968 0.023795534665099764
decision_type=10 10 10 2 10 2 8 10 8 8 8 10 10 2
left_child=1 2 5 -4 -5 8 7 -7 13 -6 -10 12 -9 -1
right_child=-2 -3 3 4 9 6 -8 11 10 -11 -12 -13 -14 -15
leaf_value=-0.003069910742860124 -0.011381739546330464 0.0087373149887733439 -0.018193668941493397 -0.008848432980085516 0.01552590695047831 0.0081830704080132644 0.00020824367243496249 -0.01274580763534576 0.0057526380590169649 -0.0026986500162468861 -0.011515525980446324 -0.019809749603448713 0.0048773070718662872 0.0097342512985802796
leaf_weight=17.786480352282524 15.599698051810263 31.533124595880508 18.63465528190136 31.799867928028107 17.89271605014801 14.223666593432425 829.0909683406353 22.841897845268246 14.247949481010435 15.724930107593535 15.906101629137995 23.049442484974861 17.275427877902988 97.08651277422905
leaf_count=74 66 131 77 131 75 60 3424 96 60 65 66 96 72 404
internal_value=-4.08257e-05 0.000158667 -0.00011681 -0.00512196 -0.000370935 0.000305622 -0.000516602 -0.00782333 0.00529081 0.00775554 -0.00369853 -0.0117634 -0.0054574 0.00770635
internal_weight=1182.69 1167.09 1135.56 84.0522 65.4175 1051.51 906.481 77.3904 145.027 33.6176 30.1541 63.1668 40.1173 114.873
internal_count=4897 4831 4700 348 271 4352 3748 324 604 140 126 264 168 478
is_linear=0
shrinkage=0.03


Tree=296
num_leaves=15
num_cat=0
split_feature=8 3 18 1 26 22 26 2 42 30 15 2 1 3
split_gain=2.72567 2.24422 3.9357 2.5581 3.5784 4.16696 4.15682 3.53799 6.90783 4.88559 6.78152 4.68376 4.13455 3.957
threshold=17.500000000000004 0.042854956491320213 0.31666666666666671 50.250000000000007 -0.32051282051282043 0.46410256410256417 4.0294117647058831 0.35384204007324688 11.500000000000002 -1.0000000180025095e-35 7.1500000000000012 0.36696944928597658 41.750000000000007 0.025431793525507954
decision_type=10 2 10 2 8 8 8 2 8 2 10 2 2 2
left_child=1 3 -3 7 -5 -6 -7 8 -1 10 -9 -11 -10 -13
right_child=-2 2 -4 4 5 6 -8 9 12 11 -12 13 -14 -15
leaf_value=0.0074265908565811101 0.010771133650447337 -0.0025720539709491899 0.014263626692750867 0.01180026883001419 -0.0098299120682303689 -0.0071777435546844228 0.0097222948758175515 0.0059804775314794218 0.0039715782414659236 -0.016153450823067728 -0.011476791001542346 -0.00082807148535440651 -0.014903966249498248 -0.0063309923772844195
leaf_weight=105.22557133436203 16.727621480822563 21.408650651574135 21.216274410486221 31.545263573527336 20.49873922765255 14.701117157936094 37.511728346347809 130.04503943026066 15.154365554451941 16.758078187704086 18.779326811432838 568.34564371407032 19.683214500546455 143.9669384509325
leaf_count=439 69 89 88 130 86 61 155 535 63 69 77 2352 84 597
internal_value=0.000243293 4.67183e-05 0.00642552 -0.000222994 0.00414158 0.000273468 0.00475246 -0.000688061 0.00365887 -0.00139838 0.00347619 -0.00241032 -0.00722517 -0.00197666
internal_weight=1181.57 1164.84 42.6249 1122.22 104.257 72.7116 52.2128 1017.96 140.063 877.895 148.824 729.071 34.8376 712.313
internal_count=4894 4825 177 4648 432 302 216 4216 586 3630 612 3018 147 2949
is_linear=0
shrinkage=0.03


Tree=297
num_leaves=15
num_cat=0
split_feature=25 1 13 2 10 23 24 10 10 21 12 14 27 27
split_gain=3.65787 3.00529 5.7433 5.00024 7.66739 4.56665 8.66547 11.0434 6.66658 5.97042 4.82711 4.69179 4.07092 5.90619
threshold=15.531250000000002 45.250000000000007 16.700000000000006 0.30737384170619358 -7.5499999999999989 0.37980769230769235 0.04653679653679655 -2.6000000000000001 -1.5999999999999999 11.418551842181508 22.300000000000001 27.450000000000003 13.500000000000002 9.5000000000000018
decision_type=10 2 10 2 10 8 8 10 10 10 10 10 2 2
left_child=1 -1 -3 -4 12 9 7 -7 -8 -6 -9 -11 13 -5
right_child=-2 2 3 4 5 6 8 10 -10 11 -12 -13 -14 -15
leaf_value=-0.00043470884135629807 -0.01018500088574888 0.013923371308002339 -0.0077553292663877201 0.012098118626233322 -0.0048648999913018624 -0.0077050070153833012 0.005861259430439688 5.8862891683388978e-05 -0.012381340662478984 0.018656015889702105 0.016548042941094805 0.0019663314407646474 0.021793956095360612 -0.0078874550984323333
leaf_weight=727.7806302011013 23.239061012864113 32.658769086003304 40.700575843453407 35.810855373740196 27.314175739884377 42.153321743011475 20.099385380744934 24.036592379212379 73.731538161635399 29.885568365454674 42.87378254532814 29.136002510786057 18.925459519028664 15.631252393126486
leaf_count=3014 96 135 171 149 114 174 83 99 305 123 176 121 78 65
internal_value=0.000487692 0.000744138 0.00270806 0.00163257 0.00278691 0.000556248 -0.00191 0.00377517 -0.00837479 0.00613936 0.0110405 0.0112142 0.0113104 0.00586453
internal_weight=1183.98 1160.74 432.957 400.299 359.598 289.23 202.895 109.064 93.8309 86.3357 66.9104 59.0216 70.3676 51.4421
internal_count=4903 4807 1793 1658 1487 1195 837 449 388 358 275 244 292 214
is_linear=0
shrinkage=0.03


Tree=298
num_leaves=15
num_cat=0
split_feature=41 9 13 17 20 15 20 13 8 39 23 13 20 41
split_gain=2.40035 2.29477 3.83829 4.51794 3.42271 3.48964 3.66544 3.15647 4.01433 7.7505 8.5525 3.89668 3.86435 3.5222
threshold=86.500000000000014 -5.3249999999999993 29.900000000000002 -2.7999999999999989 18.74151644933518 6.1500000000000012 12.637905713410452 33.500000000000007 -7.4999999999999991 414.51426689660474 0.32738095238095244 26.300000000000001 13.270267518026893 60.500000000000007
decision_type=10 10 10 8 10 8 10 8 10 2 10 10 8 10
left_child=1 2 3 -1 5 -5 -7 8 9 13 -11 -12 -13 -3
right_child=-2 7 -4 4 -6 6 -8 -9 -10 10 11 12 -14 -15
leaf_value=-0.015749666276257623 -0.0086110003277151265 0.0028331656276890131 0.0083929586642008981 -0.0011930414799432732 0.010033485129332262 0.00037207352174832044 -0.017130281996487577 -0.011282493694936488 0.00020666156262716791 0.026942941478174266 0.012229932194823595 -0.0083638068286616216 0.0066294553804664849 -0.014565201399983546
leaf_weight=18.84326496720314 24.270404398441315 18.353222519159317 23.360299915075302 195.79708267748356 14.874049380421637 17.098926156759262 23.162394553422928 13.890594333410261 718.24236719310284 16.190977141261101 35.290894508361816 23.233063891530037 29.230026468634605 15.827572226524351
leaf_count=79 101 77 97 810 62 71 96 60 2967 67 148 97 123 66
internal_value=-0.000125998 8.71064e-05 -0.00218644 -0.00323858 -0.00200975 -0.00296097 -0.0104771 0.000861039 0.00112236 0.00571035 0.00967913 0.0052132 -0.000160267 -0.00605384
internal_weight=1187.67 1163.39 293.136 269.776 250.932 236.058 40.2613 870.259 856.368 138.126 103.945 87.754 52.4631 34.1808
internal_count=4921 4820 1215 1118 1039 977 167 3605 3545 578 435 368 220 143
is_linear=0
shrinkage=0.03


Tree=299
num_leaves=15
num_cat=0
split_feature=14 19 15 22 14 19 39 39 25 14 11 11 21 2
split_gain=3.50312 3.72383 3.20802 8.77936 3.33352 3.28698 3.38388 4.5646 2.88892 8.30063 4.04891 6.807 4.99063 4.96382
threshold=15.900000000000002 -9.4499999999999975 3.1500000000000008 0.70294117647058829 15.100000000000001 -8.4499999999999975 505.30174615299876 1023.8590798129932 6.1483516483516496 16.900000000000002 21.500000000000004 19.633333333333336 11.26572971979628 0.32013904951079603
decision_type=8 8 8 10 10 10 2 2 8 8 8 10 8 2
left_child=2 -2 4 -4 5 -1 -7 -8 10 -10 11 -3 -13 -12
right_child=1 8 3 -5 -6 6 7 -9 9 -11 13 12 -14 -15
leaf_value=0.013631835658355605 -0.012174708354678779 -0.0013791376845328843 -0.013808976037640967 0.010896677828523332 0.017613481255779787 0.0089553186419907751 -0.01543079364161749 0.0050084890836191755 -0.016477835117511178 0.0038122732436557481 -0.016449085842145026 -0.0040950338999780093 0.010776683788780722 -0.0024970505680421804
leaf_weight=17.029586642980576 19.010735049843788 314.56263171136379 21.56253619492054 20.356885716319084 19.085136666893959 16.992603033781052 15.520420596003534 15.32448163628578 14.595054551959036 253.93282094597816 19.994987145066261 23.771035641431808 79.572795033454895 330.63163068890572
leaf_count=71 79 1306 89 84 79 71 64 64 60 1053 83 99 328 1366
internal_value=7.7246e-05 -0.000494259 0.0047079 -0.00192875 0.00794388 0.004042 -0.000338787 -0.00599392 -0.000222751 0.00242841 -0.00115879 0.000834404 0.00732479 -0.00351277
internal_weight=1181.94 1056.07 125.872 41.9194 83.9522 64.8671 47.8375 30.8449 1037.06 268.528 768.533 417.906 103.344 350.627
internal_count=4896 4374 522 173 349 270 199 128 4295 1113 3182 1733 427 1449
is_linear=0
shrinkage=0.03


Tree=300
num_leaves=15
num_cat=0
split_feature=12 12 7 7 25 4 10 19 25 11 4 26 28 0
split_gain=3.25329 2.68358 2.50971 2.46743 2.08249 5.0102 6.04659 2.52803 6.05932 7.39979 6.40375 6.46124 5.48564 4.43664
threshold=35.100000000000009 33.100000000000009 -6.7698326543832028 -5.8110404758817671 13.700000000000001 232.50305990482573 -3.7999999999999989 -0.74999999999999989 5.0277777777777786 21.500000000000004 166.33247508017976 -2.1380952380952376 7.5000000000000009 4.7500000000000009
decision_type=10 8 2 2 8 2 10 10 10 8 2 10 2 2
left_child=1 2 -1 -4 7 6 -6 13 9 -9 12 -12 -10 -5
right_child=-2 -3 3 4 5 -7 -8 8 10 -11 11 -13 -14 -15
leaf_value=-0.0092784802263477292 -0.01150601486616264 0.0086998575119367049 0.010772273311514622 0.004105975291303245 0.0052996243144386671 0.0096427582486412842 -0.012290246911326321 0.00066917674111365683 0.014894003900180808 -0.0071373415910325269 0.0055886009757730995 -0.013604797716860875 -0.0033400897640980705 -0.0022296746118197789
leaf_weight=21.638495266437531 17.304520919919014 26.488069713115692 13.9515233784914 288.07792852818966 21.391046077013016 14.589026615023611 56.024672046303749 249.99624179303646 52.419199526309967 188.09243324398994 31.80075603723526 22.972835943102837 17.874455988407135 146.6815495043993
leaf_count=89 73 111 58 1193 89 60 234 1037 216 780 132 95 74 605
internal_value=-0.000157899 6.15513e-05 -0.000179323 4.00747e-05 -0.000145868 -0.00434261 -0.00740327 0.00026078 -0.00106244 -0.00272525 0.00464298 -0.00292604 0.0103435 0.00196737
internal_weight=1169.3 1152 1125.51 1103.87 1089.92 92.0047 77.4157 997.915 563.156 438.089 125.067 54.7736 70.2937 434.759
internal_count=4846 4773 4662 4573 4515 383 323 4132 2334 1817 517 227 290 1798
is_linear=0
shrinkage=0.03


Tree=301
num_leaves=15
num_cat=0
split_feature=27 13 18 17 13 23 24 4 20 4 3 15 16 25
split_gain=2.53428 2.87398 6.8081 6.02908 2.73949 7.29982 7.14011 3.24565 3.99853 3.56851 2.90094 3.35928 2.92955 2.96588
threshold=19.500000000000004 15.100000000000001 -4.9499999999999993 4.2500000000000018 19.300000000000001 0.6132478632478634 0.063068181818181815 129.35227087680201 14.146259647029606 248.17550580174796 0.027332590146841643 7.6500000000000012 0.45000000000000007 5.8452380952380958
decision_type=2 8 10 10 8 8 10 2 10 2 2 10 10 8
left_child=1 2 3 -1 5 6 -3 -8 9 -9 11 12 -7 -14
right_child=-2 4 -4 -5 -6 10 7 8 -10 -11 -12 -13 13 -15
leaf_value=-0.0083345256935889594 0.010802699502053053 0.018239710578796187 -0.014132363666055171 0.010860227057377939 -0.00042481734303201227 0.0003228151768039421 -0.0039590842727624366 0.018681880910835277 -0.0020169580415553921 0.0015829470746987946 0.0076800167432605196 0.0058710460681584151 -0.018220251101148978 -0.0021443088343546901
leaf_weight=22.541968777775764 14.685660406947134 35.261771246790886 36.612142041325569 26.920262426137924 851.9299193918705 24.414135217666626 34.743781432509422 23.751962780952454 27.80233308672905 19.402611970901489 14.456379190087317 15.907320797443388 24.845920816063884 18.075599238276478
leaf_count=93 61 145 151 111 3533 101 144 99 115 80 60 66 102 75
internal_value=0.000127607 -5.0772e-05 -0.00517122 0.00215034 0.000375113 0.00318067 0.00744453 0.00318208 0.00670917 0.0119567 -0.00303422 -0.00522464 -0.00807052 -0.0123803
internal_weight=1191.35 1176.67 86.0744 49.4622 1090.59 238.662 140.962 105.701 70.9569 43.1546 97.6994 83.243 67.3357 42.9215
internal_count=4936 4875 355 204 4520 987 583 438 294 179 404 344 278 177
is_linear=0
shrinkage=0.03


Tree=302
num_leaves=15
num_cat=0
split_feature=26 22 18 42 18 9 18 14 11 7 25 24 9 19
split_gain=3.34335 2.79109 4.61179 4.20806 5.13545 5.21193 4.99744 4.34335 4.50463 4.36955 3.53559 3.46912 3.27715 4.01254
threshold=-16.708333333333332 0.37980769230769235 9.0500000000000025 1.5000000000000002 -0.72499999999999987 -2.0999999999999996 6.3500000000000005 25.900000000000002 17.100000000000005 0.29178564432079851 -7.9666666666666659 -0.45993589743589741 7.7000000000000002 1.6500000000000001
decision_type=8 10 10 8 10 10 10 8 8 2 10 10 10 10
left_child=-1 2 3 4 10 -6 7 12 -9 -10 -2 -3 13 -5
right_child=1 11 -4 6 5 -7 -8 8 9 -11 -12 -13 -14 -15
leaf_value=-0.012055107239762327 -0.0082045672332946278 -0.013640093083194089 0.011090472584008051 -0.0016253254589800245 0.021207485039345522 0.0031275502592120895 -0.013528631398678589 -0.0029653304920721725 0.019893616267533786 0.00024882769111360804 0.0063168202708069688 -0.0012019875670389861 0.0052510017285089701 -0.01302328368603564
leaf_weight=17.873503342270851 27.696392506361008 15.828854531049727 35.78383494913578 111.25303521752357 21.602334469556808 35.734224230051041 23.201462954282761 26.909126400947571 21.215694054961205 16.879643335938454 23.218245476484299 735.31684519350529 33.955553963780403 32.891858667135239
leaf_count=74 116 66 148 462 90 148 97 112 88 70 96 3040 142 138
internal_value=-0.00069479 -0.000469049 0.00150917 0.000459767 0.0053117 0.0110941 -0.00157405 -0.000183477 0.00617601 0.012228 -0.00160978 -0.00155256 -0.00260988 -0.00457559
internal_weight=1179.36 1161.49 410.341 374.558 108.251 57.3366 266.306 243.105 65.0045 38.0953 50.9146 751.146 178.1 144.145
internal_count=4887 4813 1707 1559 450 238 1109 1012 270 158 212 3106 742 600
is_linear=0
shrinkage=0.03


Tree=303
num_leaves=15
num_cat=0
split_feature=30 8 19 7 19 21 20 7 20 30 11 8 42 4
split_gain=2.75017 4.75984 3.06474 2.677 2.76805 2.59689 2.25792 3.88751 2.63362 2.19729 4.68539 2.83007 2.22821 4.04784
threshold=-3.4999999999999996 5.9000000000000012 0.55000000000000016 -6.7698326543832028 13.225000000000001 12.56405805356964 8.0846218247137376 0.034288393531638046 8.7929894900264909 -1.4999999999999998 23.700000000000006 -2.8999999999999995 17.500000000000004 22.044994705129628
decision_type=2 8 10 2 8 10 8 2 8 2 10 10 10 2
left_child=1 2 -1 -2 6 -6 7 -5 -8 10 11 -10 -11 -14
right_child=3 -3 -4 4 5 -7 8 -9 9 12 -12 -13 13 -15
leaf_value=0.017059042600546113 -0.0092240860485585229 -0.007229500860451544 0.0023045361472445237 0.0027024769574748235 0.0010447943582525265 -0.015438399749642333 0.0091002781711031523 -0.012700959499422472 -0.0018586334239246319 0.0011828562647443438 0.004695072868654661 -0.019527177766460985 0.005252417038882266 -0.013255220952310571
leaf_weight=24.170904889702797 22.61018180847168 14.531032696366308 25.602515742182732 25.910186797380447 14.44621278345585 14.304218754172323 28.430242493748665 25.3052047342062 15.76721213757992 903.73925891518593 22.622146487236023 14.965462341904638 14.369289845228193 21.038154020905495
leaf_count=100 93 60 106 107 61 60 117 105 66 3747 93 62 60 89
internal_value=0.000360611 0.00616054 0.0103728 2.82497e-06 0.000233174 -0.00822831 0.000497217 -0.00536101 0.000815792 0.000534057 -0.00512005 -0.0119909 0.000880692 -0.00602379
internal_weight=1187.81 64.3045 49.7734 1123.51 1100.9 28.7504 1072.15 51.2154 1020.93 992.502 53.3548 30.7327 939.147 35.4074
internal_count=4926 266 206 4660 4567 121 4446 212 4234 4117 221 128 3896 149
is_linear=0
shrinkage=0.03


Tree=304
num_leaves=15
num_cat=0
split_feature=26 21 9 16 8 8 1 21 17 0 0 24 19 21
split_gain=2.30649 4.9708 7.92513 8.00339 6.23159 5.92291 5.15011 4.67301 6.48439 5.77546 9.33485 6.93871 5.79634 5.70126
threshold=1.4833333333333336 15.110150861679218 -0.89999999999999991 -3.0499999999999994 2.6750000000000003 -1.0000000180025095e-35 47.750000000000007 15.815779695525064 3.9500000000000006 5.2500000000000009 7.2500000000000009 0.35634920634920647 6.2500000000000009 12.206100478403778
decision_type=10 10 8 10 10 8 2 10 8 2 2 10 8 8
left_child=7 2 -2 -4 5 -5 -3 8 -1 12 13 -12 -10 -11
right_child=1 6 3 4 -6 -7 -8 -9 9 10 11 -13 -14 -15
leaf_value=-0.0029838199637604937 0.013186343894608753 0.0078400199664234102 -0.019222980498206827 -0.00090075179618253655 -0.0067662379389371351 0.011530279248751605 -0.0036317551405306509 -0.0061923414766612509 0.012381196043440696 -0.0223628113692864 0.014314742515270368 -0.0023176541032445376 -0.0053828448680545661 -0.001170437434684921
leaf_weight=317.12685926258564 26.567016556859016 135.76434257626534 19.066627696156502 130.49877819418907 104.47013184428215 41.588562548160553 43.651183754205704 148.21801765263081 77.929048657417297 17.420021966099739 35.444785639643669 48.446216076612473 17.592497259378433 24.494764193892479
leaf_count=1317 110 562 79 545 430 172 180 615 321 72 147 199 74 102
internal_value=-0.000444701 0.00109544 -0.0011368 -0.0026219 -0.00115633 0.0023442 0.00502618 -0.00156954 -0.000251777 0.00364224 -0.000617783 0.00511961 0.00900453 -0.0114228
internal_weight=1188.28 501.607 322.191 295.624 276.557 172.087 179.416 686.672 538.454 221.327 125.806 83.891 95.5215 41.9148
internal_count=4925 2078 1336 1226 1147 717 742 2847 2232 915 520 346 395 174
is_linear=0
shrinkage=0.03


Tree=305
num_leaves=15
num_cat=0
split_feature=7 26 39 39 4 20 4 26 41 18 24 41 8 39
split_gain=2.4348 3.93208 2.87565 2.63148 2.782 2.93273 5.19673 7.94897 6.73463 5.25188 5.38925 4.84638 4.6504 10.1266
threshold=5.4552473057306097 -5.9666666666666659 1015.4945707717638 1782.34303976501 -266.02456466823941 11.990968821561866 6.114152058022456 3.5192307692307696 45.500000000000007 7.5500000000000007 -0.1333333333333333 85.500000000000014 8.9000000000000021 794.09654554464407
decision_type=2 10 2 2 2 8 2 8 8 8 8 8 8 2
left_child=3 -2 -3 4 -1 11 7 8 -7 10 -9 -6 -8 -14
right_child=1 2 -4 -5 5 6 12 9 -10 -11 -12 -13 13 -15
leaf_value=0.010152763005038323 -0.006075007151053918 0.015267501771635645 -0.00055846954376354691 0.0030438789049188836 -0.0047791949170072397 0.0062197565633499742 0.0033410697848967295 0.0025257761907932037 -0.014384213151893534 0.013896932780045496 -0.011033798002910399 0.0081300965813445106 0.0046567845266635719 -0.014699059373204764
leaf_weight=14.313321784138678 15.306455880403517 26.206984370946884 14.936309918761252 151.91920107603073 294.57853086292744 14.556189715862272 337.14131638407707 79.410624876618385 71.270167499780655 17.931135162711143 33.551369339227676 24.162428557872772 49.991374745965004 39.348019018769264
leaf_count=60 64 108 62 633 1221 60 1396 330 296 74 139 100 207 163
internal_value=-0.000252673 0.00556482 0.0100842 -0.000567029 -0.00114158 -0.00136127 -0.000187624 -0.00391912 -0.0107397 0.000783754 -0.00179859 -0.00369014 0.00173201 -0.0041954
internal_weight=1184.62 56.4498 41.1433 1128.17 976.254 961.941 643.2 216.719 85.8264 130.893 112.962 318.741 426.481 89.3394
internal_count=4913 234 170 4679 4046 3986 2665 899 356 543 469 1321 1766 370
is_linear=0
shrinkage=0.03


Tree=306
num_leaves=15
num_cat=0
split_feature=41 26 18 17 26 41 13 20 21 20 26 8 16 21
split_gain=2.21502 2.5655 2.23668 8.04267 8.19476 6.792 4.98618 4.85918 7.0889 4.26445 3.93801 4.72094 3.73571 3.68105
threshold=30.500000000000004 3.6568627450980395 -4.6499999999999995 1.1000000000000005 -10.96153846153846 62.500000000000007 14.300000000000002 18.587630208933277 12.239507959554237 18.054546602781443 9.4142857142857164 -1.4999999999999998 0.95000000000000007 12.125500648209483
decision_type=8 10 8 8 10 10 10 10 10 10 8 10 10 10
left_child=1 -1 3 5 -5 12 13 9 -9 -8 11 -7 -2 -4
right_child=2 -3 6 4 -6 10 7 8 -10 -11 -12 -13 -14 -15
leaf_value=0.011416842428913518 0.001490446438613526 -0.0017632754310943641 -9.8267318884216978e-05 -0.0074019885931715492 0.013362780586872718 0.0064203317567359383 -0.00052303260829653661 -0.0057024205675901283 0.013799573301792774 -0.013874327790426329 0.014952208456775383 -0.01114548805941369 -0.015138714379750978 -0.01961658361948504
leaf_weight=27.88397778570652 16.272725000977516 20.329025760293007 14.799593433737757 18.324084058403969 74.12861555814743 29.120366558432579 804.51509590446949 22.14197838306427 43.710658326745033 17.1420077085495 15.443770408630369 18.110057637095451 34.976960614323616 16.262977063655853
leaf_count=116 68 84 62 76 306 122 3335 92 181 71 65 75 145 67
internal_value=0.000235053 0.00621595 -4.76473e-05 0.0027364 0.0090786 -0.00257579 -0.00068457 -0.000238874 0.00730264 -0.000883811 0.0039479 -0.000737287 -0.0101955 -0.0116202
internal_weight=1173.16 48.213 1124.95 206.377 92.4527 113.924 918.572 887.51 65.8526 821.657 62.6742 47.2304 51.2497 31.0626
internal_count=4865 200 4665 857 382 475 3808 3679 273 3406 262 197 213 129
is_linear=0
shrinkage=0.03


Tree=307
num_leaves=15
num_cat=0
split_feature=8 26 25 4 30 44 20 21 7 7 41 11 4 42
split_gain=2.82377 2.64872 2.44039 2.57069 4.71182 5.73407 5.4377 5.23901 6.32255 6.96775 5.54479 5.09823 4.27936 3.94882
threshold=18.100000000000005 18.100000000000005 15.531250000000002 127.25942518065291 -1.0000000180025095e-35 1.0000000180025095e-35 11.596455357553525 12.337836884077459 1.6923314736116073 -2.1489451178522221 62.500000000000007 22.900000000000002 180.52643869310137 7.5000000000000009
decision_type=10 10 10 2 2 2 8 10 2 2 10 10 2 10
left_child=1 2 3 -1 12 6 13 -8 9 -9 -11 -7 -5 -6
right_child=-2 -3 -4 4 5 11 7 8 -10 10 -12 -13 -14 -15
leaf_value=-0.0016027587400907295 0.010783094300962194 0.0093697816590611899 -0.010873532890348118 0.016287514150111846 -0.0026012087869843221 -0.0035157823005077539 -0.0053617747558929764 -0.0055770175608873618 -0.0065601130058707642 0.024162561998859116 0.0045037056141759169 0.017353926385340248 0.0015792115717648777 -0.017189633766007198
leaf_weight=790.19482292234898 14.730411678552626 18.241701304912567 16.534697353839874 27.884443998336792 41.101629510521889 14.577160298824309 67.061839058995247 17.311679512262344 25.877779379487038 24.143545374274254 28.308184131979942 22.993848562240601 41.463677376508713 25.884803652763367
leaf_count=3278 61 76 69 115 169 61 279 72 108 101 117 95 171 109
internal_value=-0.000475897 -0.000664281 -0.000864473 -0.000670212 0.00151037 -0.000341676 -0.00217308 0.000839694 0.0052384 0.00976093 0.014868 0.00979479 0.00819095 -0.00904085
internal_weight=1176.31 1161.58 1143.34 1126.8 336.609 267.26 229.689 162.703 95.6412 69.7634 52.4517 37.571 69.3481 66.9864
internal_count=4881 4820 4744 4675 1397 1111 955 677 398 290 218 156 286 278
is_linear=0
shrinkage=0.03


Tree=308
num_leaves=15
num_cat=0
split_feature=12 11 19 3 25 1 11 25 11 42 15 16 21 26
split_gain=3.64092 3.00903 5.14725 4.8377 5.41796 6.88654 4.68342 4.58333 4.53474 7.75468 4.94618 4.81349 6.20501 5.37683
threshold=35.70000000000001 20.100000000000005 -7.1499999999999995 0.024367206778435738 -2.964285714285714 44.250000000000007 18.300000000000001 -5.3205128205128194 21.500000000000004 9.5000000000000018 -4.6499999999999995 -6.3499999999999988 13.324163487361323 -1.8819444444444442
decision_type=10 8 10 2 8 2 10 8 10 10 10 10 8 8
left_child=1 2 7 4 5 -4 -6 -1 9 10 -3 12 -10 -13
right_child=-2 8 3 -5 6 -7 -8 -9 11 -11 -12 13 -14 -15
leaf_value=-0.004185888980091374 -0.012527790180920253 -0.0011983690272803571 0.0028254256035372986 -0.0048677301878272084 0.017926074878333823 -0.015977379938513978 -0.00035725640639745402 0.015070450951871919 0.016075277710578685 -0.0056553021110482765 0.015266217753704145 -0.0050192314172587422 0.00012766780957129784 0.0014556093447464545
leaf_weight=14.960984885692595 14.817494437098501 20.646359771490097 57.54683992266655 266.28726513683796 23.516381740570068 19.535044357180595 22.261233299970627 24.640607580542564 33.641353294253349 29.247588977217674 63.960954457521439 160.13679444789886 51.04586635529995 378.78129944205284
leaf_count=62 63 86 240 1108 98 82 92 103 139 123 264 664 212 1567
internal_value=0.000225074 0.000439899 -0.00154755 -0.00262438 0.00223811 -0.0026228 0.00987537 0.00814193 0.00159801 0.0069695 0.0114058 0.000569676 0.00700574 -0.00049681
internal_weight=1181.03 1166.21 428.748 389.147 122.859 77.0819 45.7776 39.6016 737.46 113.855 84.6073 623.605 84.6872 538.918
internal_count=4903 4840 1785 1620 512 322 190 165 3055 473 350 2582 351 2231
is_linear=0
shrinkage=0.03


Tree=309
num_leaves=15
num_cat=0
split_feature=1 20 24 1 26 39 17 12 17 24 23 17 17 24
split_gain=3.27895 2.72229 3.12289 3.81019 3.75659 3.72935 3.33873 7.97548 7.49574 5.48917 5.18545 4.59422 8.48645 4.25021
threshold=54.750000000000007 7.2972592731644523 -0.49107142857142844 47.250000000000007 3.2899159663865549 421.72524935736459 -4.2499999999999982 18.700000000000006 -7.0499999999999989 -0.41287878787878779 0.81534090909090928 -2.7999999999999989 -1.7999999999999992 -0.070436507936507894
decision_type=2 8 8 2 8 2 10 8 10 10 10 10 10 10
left_child=1 -1 3 4 -3 -6 7 -4 9 -9 -11 13 -13 -8
right_child=-2 2 6 -5 5 -7 11 8 -10 10 -12 12 -14 -15
leaf_value=-0.0074021224486061311 -0.011024309078540776 -0.010480928400986937 -0.0087444354256381498 -0.013874205272449697 -0.0077859620000335795 0.007302833813153887 -0.014915347953291266 0.013227705233528571 0.012690800887904042 0.0015151911774349063 -0.014894279111078955 0.012286551456346701 -0.00021260976003678443 7.5314803592080561e-06
leaf_weight=35.154303282499313 18.575716108083725 21.326928868889809 34.820849537849426 22.785652220249176 16.400719970464706 44.256129696965218 29.053133904933929 25.503891080617905 85.240974172949791 115.574532315135 15.259947791695593 47.949188947677612 635.50811246037483 34.650131642818451
leaf_count=145 78 90 145 96 69 187 120 107 353 482 64 198 2627 144
internal_value=5.28512e-05 0.000276121 0.000546946 -0.00426667 -0.000952436 0.00294081 0.001058 0.00384311 0.00579798 0.00176296 -0.000876536 8.99933e-06 0.000747155 -0.00738852
internal_weight=1182.06 1163.48 1128.33 104.769 81.9838 60.6568 1023.56 276.4 241.579 156.338 130.834 747.161 683.457 63.7033
internal_count=4905 4827 4682 442 346 256 4240 1151 1006 653 546 3089 2825 264
is_linear=0
shrinkage=0.03


Tree=310
num_leaves=15
num_cat=0
split_feature=17 20 25 8 3 5 25 8 14 7 19 8 41 5
split_gain=2.86357 3.3752 2.78542 3.14986 5.81294 9.55381 5.26207 5.52456 4.41372 3.98769 4.97431 3.71491 3.41429 5.09788
threshold=14.950000000000001 12.674558914452804 16.04545454545455 6.5000000000000009 0.024722049054640708 0.59217512084450796 9.5147058823529438 6.1000000000000005 23.450000000000003 -0.60492105183082923 0.65000000000000002 9.3000000000000025 59.500000000000007 0.30465738951183657
decision_type=10 10 10 10 2 2 10 8 10 2 10 8 10 2
left_child=2 -2 3 6 5 -5 7 12 -7 -6 -11 -10 13 -1
right_child=1 -3 -4 4 9 8 -8 -9 11 10 -12 -13 -14 -15
leaf_value=0.0053907864146126279 0.015659551448774737 3.8810022237788247e-05 -0.011688849643231046 0.011839047284888276 8.3442438974367488e-06 -0.009921419615382213 0.012287582086745436 -0.015616273112520021 0.011838764929889002 0.0029859026150440148 0.02328242260631486 -0.0061970914902757827 0.00010220463294056125 -0.0050930548989246375
leaf_weight=44.098845064640045 15.742094621062277 31.199572488665581 16.2548957914114 32.837356775999069 26.407672360539436 66.883124724030495 19.471550837159157 20.462871044874191 15.660042196512221 21.312743827700615 21.445965752005577 15.98395048081875 530.10151363909245 303.61972349882126
leaf_count=185 65 129 68 136 109 275 81 85 65 88 89 66 2197 1264
internal_value=-0.000613353 0.00628045 -0.00092489 -0.000717096 0.00264623 -0.00110494 -0.00146234 -0.00182676 -0.00578238 0.00936483 0.0145375 0.00312602 -0.00141869 -0.00370589
internal_weight=1181.48 46.9417 1134.54 1118.29 200.531 131.364 917.755 898.283 98.5271 69.1664 42.7587 31.644 877.82 347.719
internal_count=4902 194 4708 4640 828 542 3812 3731 406 286 177 131 3646 1449
is_linear=0
shrinkage=0.03


Tree=311
num_leaves=15
num_cat=0
split_feature=14 30 21 16 12 15 39 22 41 15 11 30 42 23
split_gain=2.63632 7.24849 5.49261 4.60255 5.43082 2.31969 4.64189 4.60015 3.97461 3.84211 4.69217 3.96854 6.88964 3.60648
threshold=28.300000000000001 -1.0000000180025095e-35 16.81351968502706 -8.5499999999999989 26.700000000000006 -7.4499999999999993 1010.6699654872941 0.33974358974358981 64.500000000000014 -5.9499999999999993 17.500000000000004 1.5000000000000002 9.5000000000000018 0.35357142857142859
decision_type=8 2 10 8 8 10 2 8 10 10 10 2 8 8
left_child=5 -2 3 -3 -5 6 8 -8 -1 10 -7 13 -13 -11
right_child=1 2 -4 4 -6 9 7 -9 -10 11 -12 12 -14 -15
leaf_value=0.00026023384895133091 0.0088009549847895569 0.0011940398101828653 0.0056085663827448564 -0.018443813224392511 -0.00093741097786524143 0.017592016457311215 -0.004512392958152563 0.014312064684617147 -0.014062256777242431 0.0037653987986082656 0.00026019692800380528 0.011986349508063395 -0.0045522033925862243 -0.0011109410172432642
leaf_weight=29.800550296902657 29.697508588433266 25.184753924608231 22.797666355967522 50.236410170793533 23.205466657876968 22.575288370251656 21.301731288433075 16.86483071744442 36.437200710177422 169.76099137961864 28.99028442800045 60.445296749472618 31.374157130718231 618.51990357041359
leaf_count=127 123 105 95 210 97 94 89 70 153 701 121 251 132 2559
internal_value=0.000126556 -0.00350939 -0.0067492 -0.0097385 -0.0133246 0.000671204 -0.00346784 0.00449994 -0.00805253 0.00115107 0.00873233 0.000660059 0.00639198 -4.36781e-05
internal_weight=1187.19 151.122 121.424 98.6266 73.4419 1036.07 104.404 38.1666 66.2378 931.666 51.5656 880.1 91.8195 788.281
internal_count=4927 630 507 412 307 4297 439 159 280 3858 215 3643 383 3260
is_linear=0
shrinkage=0.03


Tree=312
num_leaves=15
num_cat=0
split_feature=10 42 42 13 18 7 12 39 14 8 10 21 20 14
split_gain=3.05201 4.44656 4.18656 4.80754 6.67917 6.40632 5.54945 6.07152 4.55636 7.46858 6.08978 4.51708 4.41086 3.93351
threshold=0.7999999999999996 17.500000000000004 15.500000000000002 24.300000000000001 5.8500000000000005 0.29178564432079851 17.900000000000002 1725.4921379844134 25.100000000000005 8.7000000000000011 12.300000000000002 16.093476806147134 15.678187244481991 24.900000000000002
decision_type=8 10 8 8 10 2 10 2 10 10 10 10 10 10
left_child=-1 2 3 4 5 8 -7 12 9 -2 -11 -10 -8 -4
right_child=1 -3 13 -5 -6 6 7 -9 11 10 -12 -13 -14 -15
leaf_value=0.0019752687161366839 0.01071733032994941 -0.013257545177544534 -0.0017091383848763723 -0.0068636625283621721 0.010417535087037133 0.0022183577145605893 -0.015887884037635393 0.0064822125467393363 -0.0085739250463919194 -0.012822374357276282 0.0085882917180489966 0.0063391500603768103 0.00058130845444042268 0.016779689530865168
leaf_weight=630.91033355891705 83.452345415949821 20.699840232729912 17.007956877350807 101.85587814450264 46.306984379887581 51.12848274409771 67.900479525327682 14.725596219301222 47.199396461248398 24.52656289935112 15.647996768355368 23.744903191924095 17.881120294332504 18.506037503480911
leaf_count=2623 345 87 71 422 192 212 281 61 196 101 65 98 74 77
internal_value=0.000558005 -0.00106919 -0.000473576 -0.00122177 0.000310191 -0.00117078 -0.00569829 -0.0096398 0.00241201 0.00580519 -0.00445538 -0.00349382 -0.012612 0.00880706
internal_weight=1181.49 550.584 529.884 494.37 392.514 346.207 151.636 100.507 194.571 123.627 40.1746 70.9443 85.7816 35.514
internal_count=4905 2282 2195 2047 1625 1433 628 416 805 511 166 294 355 148
is_linear=0
shrinkage=0.03


Tree=313
num_leaves=15
num_cat=0
split_feature=24 20 24 24 12 39 5 17 39 26 42 42 20 20
split_gain=2.22278 3.88268 3.86003 2.97659 4.48354 2.74777 3.89394 5.00792 4.45153 4.28118 4.1781 5.09035 4.15682 6.38494
threshold=-0.70714285714285696 13.873636045981948 -0.45048701298701294 -0.37083333333333329 25.266666666666669 190.44754377263888 0.417745636806298 4.4500000000000011 670.15022466327093 -6.4772727272727257 17.500000000000004 13.500000000000002 9.2882841328624313 13.162657184414831
decision_type=8 8 8 8 8 2 2 8 2 10 8 10 10 10
left_child=1 -1 -2 4 -4 -5 7 8 -7 10 11 12 -8 -14
right_child=2 -3 3 5 -6 6 9 -9 -10 -11 -12 -13 13 -15
leaf_value=0.013884039249588039 -0.006476162636377414 -0.0035862646491439257 0.016242587422175131 0.0060352228424103045 -0.001726752876579565 -0.015448767546861761 -0.014834815536947094 0.0074578406462935684 -0.0027046520888872323 0.0014615462645326373 -0.01595781957753124 0.011583654599078666 0.0049168160894229656 -0.0062727931940547111
leaf_weight=21.250844448804855 81.456830278038979 17.356370434165001 19.982609942555428 54.376469954848289 23.278868407011032 39.367337301373482 20.328648269176483 18.255883231759071 61.606052055954933 601.62882709503174 16.393273338675499 17.660049617290497 72.420386075973511 108.45882105827332
leaf_count=89 343 73 83 226 96 163 86 75 257 2488 70 74 300 450
internal_value=-0.000128534 0.00651938 -0.000382218 0.000117211 0.0073962 -0.0002293 -0.00061512 -0.00557138 -0.00816778 0.000119879 -0.00327016 -0.00198466 -0.00342755 -0.00178095
internal_weight=1173.82 38.6072 1135.21 1053.76 43.2615 1010.5 956.119 119.229 100.973 836.89 235.261 218.868 201.208 180.879
internal_count=4873 162 4711 4368 179 4189 3963 495 420 3468 980 910 836 750
is_linear=0
shrinkage=0.03


Tree=314
num_leaves=15
num_cat=0
split_feature=16 16 16 9 26 7 26 12 1 24 4 11 24 42
split_gain=2.99745 4.32134 4.39995 5.72031 4.09464 3.61622 3.62556 3.51276 3.24606 2.83488 3.2154 4.79341 4.62309 2.61122
threshold=-9.4499999999999975 -6.3499999999999988 -5.2499999999999991 -4.8999999999999995 -0.65476190476190466 -1.532966391003906 -6.7416666666666663 17.500000000000004 54.750000000000007 0.40692640692640702 84.351149184442662 18.500000000000004 0.22902097902097904 2.5000000000000004
decision_type=8 10 10 10 10 2 8 10 2 10 2 10 10 10
left_child=5 4 3 7 9 -1 -7 -3 13 10 11 -2 -12 -4
right_child=1 2 8 -5 -6 6 -8 -9 -10 -11 12 -13 -14 -15
leaf_value=0.0028314141206504206 0.003998245358152663 -0.022889081437384693 -0.0016756167238175775 0.003725554818911023 -0.0047486558079496083 -0.0022039930763748661 -0.020007506597232293 -0.0034852230485007472 -0.011148975626582956 -0.00098516994416171532 -0.0043123990888175147 0.025849638751788105 0.014733658623866192 0.0015899677623282987
leaf_weight=23.139057263731956 18.294988691806793 17.446305349469185 341.81575232744217 20.697116613388062 24.411121904850006 22.089918285608292 16.895301803946495 16.792853891849518 17.413950726389885 22.530041843652725 23.274090439081192 18.295967862010002 14.85259212553501 600.04235251247883
leaf_count=96 77 72 1414 86 101 91 70 70 73 93 97 75 62 2496
internal_value=-6.81649e-05 0.000294602 -0.000356176 -0.00824196 0.0055197 -0.00622879 -0.0113169 -0.0150291 0.000135828 0.00820343 0.0108621 0.0167183 0.00395514 0.000402244
internal_weight=1197.99 1135.87 1014.21 54.9363 121.659 62.1243 38.9852 34.2392 959.272 97.2477 74.7176 36.591 38.1267 941.858
internal_count=4973 4716 4211 228 505 257 161 142 3983 404 311 152 159 3910
is_linear=0
shrinkage=0.03


Tree=315
num_leaves=15
num_cat=0
split_feature=12 1 29 12 26 15 7 2 10 3 13 15 13 13
split_gain=2.52438 2.21769 2.03423 5.92993 3.86862 5.55084 7.26111 6.53409 7.20228 4.40383 4.08287 5.81702 5.73464 5.36455
threshold=11.100000000000001 54.750000000000007 10.500000000000002 21.500000000000004 1.2071428571428573 -5.4499999999999993 1.0677110762084572 0.57279223935788381 -1.9999999999999991 0.024826062477769754 26.100000000000005 3.8500000000000001 16.900000000000002 28.900000000000002
decision_type=8 2 2 10 8 10 2 2 10 2 10 10 10 10
left_child=-1 2 4 -4 5 6 7 -2 -9 -8 11 12 -7 -12
right_child=1 -3 3 -5 -6 10 9 8 -10 -11 13 -13 -14 -15
leaf_value=-0.010021518275521994 -0.024408985268574036 -0.0091521032514801058 0.0043621743241288669 -0.011146461584676097 0.0024397063315018432 0.0091843073459117758 0.011731319874150135 0.0071425707546922046 -0.015193781820573056 -0.0075894944045918449 0.012328629749646099 0.0040943068833650042 -0.0053888029701542771 -0.004198083830212385
leaf_weight=17.610515594482422 22.589005142450333 17.862302929162979 37.103450626134872 43.464957162737846 530.26735116541386 22.846558913588524 19.374816238880157 20.461538299918175 22.458781838417053 14.301395043730734 45.584246814250946 126.30873408913612 208.41022863984108 24.04814800620079
leaf_count=73 95 75 153 181 2202 95 81 85 94 60 189 522 864 100
internal_value=-9.4043e-05 9.98534e-05 0.000284601 -0.00416684 0.000642044 -0.0011748 -0.00738395 -0.0128885 -0.00491111 0.00360586 0.000335568 -0.000983701 -0.00378518 0.00672212
internal_weight=1172.69 1155.08 1137.22 80.5684 1056.65 526.383 99.1855 65.5093 42.9203 33.6762 427.198 357.566 231.257 69.6324
internal_count=4869 4796 4721 334 4387 2185 415 274 179 141 1770 1481 959 289
is_linear=0
shrinkage=0.03


Tree=316
num_leaves=15
num_cat=0
split_feature=1 22 1 26 12 4 12 26 21 21 25 21 1 3
split_gain=2.71026 4.52776 3.76986 7.92409 3.33606 3.01911 2.95546 2.44455 2.29326 4.54995 4.45739 3.83026 3.7524 4.73939
threshold=50.250000000000007 0.51470588235294124 49.250000000000007 -0.16025641025641021 31.900000000000002 -54.194422408479333 30.700000000000006 -16.708333333333332 12.337836884077459 10.846914563854325 -11.89583333333333 9.0191155023341754 45.750000000000007 0.026116091819024193
decision_type=2 8 2 10 8 2 10 8 8 8 10 10 2 2
left_child=2 5 4 -4 6 -2 7 -1 9 11 -11 12 13 -9
right_child=1 -3 3 -5 -6 -7 -8 8 -10 10 -12 -13 -14 -15
leaf_value=-0.01043501993346904 -0.011912358065320807 0.0085364852581720843 0.0061615980276426884 -0.019374907999682403 0.0076771075653783829 0.0031709912749906467 -0.011044481078223639 0.0047634919588792173 0.00090545280591923418 0.0066459217656710092 -0.0077957345357197927 0.0039776290835933674 -0.013976296690740842 -0.012054266977149437
leaf_weight=16.661142289638519 16.338666439056396 69.412012487649918 15.11693651974201 22.160714358091354 39.392370879650116 23.523855865001678 19.394616901874542 46.38141742348671 594.54778787493706 18.372928261756897 136.04309169948101 127.74204087257385 19.845448166131973 16.347441017627716
leaf_count=69 69 287 63 92 166 98 81 193 2464 77 563 530 84 68
internal_value=-0.000268593 0.00412578 -0.000733606 -0.00951528 -0.000372996 -0.00364993 -0.000728375 -0.000468115 -0.000241796 -0.00209887 -0.00592287 0.000781076 -0.00410874 -0.000185634
internal_weight=1181.28 109.275 1072.01 37.2777 1034.73 39.8625 995.336 975.941 959.28 364.732 154.416 210.316 82.5743 62.7289
internal_count=4904 454 4450 155 4295 167 4129 4048 3979 1515 640 875 345 261
is_linear=0
shrinkage=0.03


Tree=317
num_leaves=15
num_cat=0
split_feature=21 39 42 25 20 19 19 7 16 16 13 23 23 16
split_gain=3.81239 3.68583 6.21311 6.81877 4.96102 4.26442 6.89468 3.38796 3.30857 5.68118 4.07097 3.20555 4.69179 3.07999
threshold=10.846914563854325 969.05152690383807 6.5000000000000009 -3.8619047619047615 10.429658075089144 1.9500000000000002 -1.1499999999999997 0.29178564432079851 -8.9499999999999975 -7.4499999999999993 19.700000000000006 0.46862745098039221 0.28869047619047622 0.25000000000000006
decision_type=10 2 10 10 8 10 10 2 10 10 10 10 8 10
left_child=1 4 -3 -4 7 6 11 -1 10 -10 -2 12 -6 -7
right_child=8 2 3 -5 5 13 -8 -9 9 -11 -12 -13 -14 -15
leaf_value=0.018340009410597519 0.0033296006938130012 0.013715303228162336 0.013247141400189648 -0.0088052667424912481 -0.0064705881336288617 -0.015212728934045121 0.015089227907046981 -0.00043691666729655344 0.010636149607323385 -0.00066844513281577307 -0.011964405704714947 -0.0096446218847510683 0.013620674832966946 -0.00057036629807728073
leaf_weight=15.723649784922602 20.81504562497139 58.778388887643814 14.909446910023687 29.509582981467247 17.934024304151535 24.433927237987518 20.987596750259399 14.451874956488608 37.04874475300312 820.53069797158241 41.840746402740479 29.12813127040863 14.606473639607428 23.778757572174072
leaf_count=65 86 246 62 123 74 103 87 60 154 3406 174 120 61 99
internal_value=0.000289698 0.00343053 0.00771384 -0.00081189 0.000536151 -0.00207956 0.00207215 0.0105634 -0.000625844 -0.000121247 -0.00701297 -0.00315735 0.00316077 -0.0087232
internal_weight=1184.48 264.242 103.197 44.419 161.044 130.869 82.6562 30.1755 920.235 857.579 62.6558 61.6686 32.5405 48.2127
internal_count=4920 1100 431 185 669 544 342 125 3820 3560 260 255 135 202
is_linear=0
shrinkage=0.03


Tree=318
num_leaves=15
num_cat=0
split_feature=17 21 8 7 26 26 0 10 10 19 4 20 17 13
split_gain=2.88268 4.40607 3.33178 3.12649 5.86913 4.49477 2.94531 4.08998 2.99964 2.48248 3.66038 2.56804 3.78368 3.27063
threshold=-15.549999999999999 15.899335730759731 -10.299999999999999 1.7276572983966023 -3.5669642857142851 4.4330357142857153 -7.7499999999999991 -16.099999999999994 -12.299999999999997 -9.4499999999999975 55.006395262840336 17.71267578191593 -2.7999999999999989 20.100000000000005
decision_type=8 10 8 2 10 10 2 8 8 8 2 8 10 10
left_child=1 -1 3 4 -2 -6 -4 -8 -9 10 -10 -11 -13 -14
right_child=2 -3 6 -5 5 -7 7 8 9 11 -12 12 13 -15
leaf_value=-0.015198983546660274 0.010906160667312266 0.0040920263049231131 -0.0096567621257927349 0.011843982697068165 -0.014327758662095033 0.0048410242946201098 0.010931682626800115 -0.0079180039535626506 -0.016440354603996562 -0.00014760806665764856 0.001246689468779571 -0.0034529009054026214 0.0018847866792922336 0.013858185430777494
leaf_weight=21.313993498682976 26.144093304872513 15.008042767643927 23.484015628695488 36.7665855884552 20.423122555017471 15.990761384367941 25.572871953248978 38.440008938312531 14.650466755032538 809.37641023099422 21.297049403190613 34.273453548550606 43.097379550337791 37.691934540867805
leaf_count=91 110 63 98 155 86 67 107 161 61 3351 88 143 179 156
internal_value=8.83598e-05 -0.00769741 0.0003672 0.00548007 0.0011401 -0.00634182 -0.00014115 0.000122837 -0.000206972 0.000141077 -0.00708899 0.000458847 0.00455327 0.00795304
internal_weight=1183.53 36.322 1147.21 99.3246 62.558 36.4139 1047.88 1024.4 998.827 960.387 35.9475 924.439 115.063 80.7893
internal_count=4916 154 4762 418 263 153 4344 4246 4139 3978 149 3829 478 335
is_linear=0
shrinkage=0.03


Tree=319
num_leaves=15
num_cat=0
split_feature=18 18 4 41 26 21 21 13 20 41 41 23 27 3
split_gain=2.90694 3.06178 4.3383 3.47279 2.89267 2.87023 2.60904 3.07861 3.54692 2.97183 4.43127 5.66305 5.80381 3.39546
threshold=-13.099999999999998 -7.7499999999999991 111.67042058480321 85.500000000000014 6.0294117647058831 7.2640668132022723 8.0601901197401613 31.700000000000006 13.046072178040271 31.500000000000004 59.500000000000007 0.71825396825396837 17.500000000000004 0.020498953684794378
decision_type=10 10 2 10 8 8 10 10 10 8 8 8 2 2
left_child=-1 2 4 5 -2 -3 -7 9 -9 -8 11 12 13 -11
right_child=1 3 -4 -5 -6 6 7 8 -10 10 -12 -13 -14 -15
leaf_value=0.011993949300951809 -0.014708690774996791 -0.0082150301098490291 0.0051352745586970578 -0.0094546366878180445 -0.00027278500284099176 0.0091323113378405218 0.0080846073583300416 -0.016186484810114112 0.00067801460161130884 -0.011720442629119251 0.0023108014413663622 0.006003911393627384 -0.018264497485609307 -0.00115478313827572
leaf_weight=14.003449648618696 33.146960839629173 25.586254060268402 20.85202544927597 25.262854591012001 18.861334025859833 30.348079070448875 48.092350229620934 15.204495966434477 24.391972735524178 26.496062964200974 594.61797887086868 59.702071934938431 18.261922359466553 221.28586898744106
leaf_count=60 137 107 86 105 79 128 200 64 103 110 2464 248 76 920
internal_value=0.000355053 0.000164022 -0.00558492 0.000572333 -0.00995646 0.000853518 0.00111526 0.000830023 -0.00688646 0.00117927 0.000776708 -0.00201623 -0.00389356 -0.00249408
internal_weight=1176.11 1162.11 72.8603 1089.25 52.0083 1063.99 1038.4 1008.05 39.5965 968.456 920.364 325.746 266.044 247.782
internal_count=4887 4827 302 4525 216 4420 4313 4185 167 4018 3818 1354 1106 1030
is_linear=0
shrinkage=0.03


Tree=320
num_leaves=15
num_cat=0
split_feature=16 16 1 16 16 0 19 22 16 0 3 5 15 20
split_gain=2.83614 3.38699 4.32321 5.28179 4.53041 3.66958 3.29548 5.72031 3.13245 6.03507 3.04532 2.88299 3.08783 2.77084
threshold=-6.3499999999999988 6.9500000000000011 49.250000000000007 3.7500000000000004 -1.0000000180025095e-35 2.2500000000000004 5.2500000000000009 0.4045454545454546 -5.5499999999999989 5.2500000000000009 0.024722049054640708 0.59809591540616636 4.6500000000000012 17.834735136515039
decision_type=8 10 2 8 10 2 10 8 8 2 2 2 10 10
left_child=6 2 8 4 10 -6 13 -8 9 -2 -4 -3 -13 -1
right_child=1 11 3 -5 5 -7 7 -9 -10 -11 -12 12 -14 -15
leaf_value=0.0038153405511908009 0.0032064807764296856 0.0061953278057031167 -0.0006153893549466717 -0.017898144114410795 -0.0043261092424673152 0.013208114955803008 0.0095719117639351935 -0.011104070915329559 -9.1205218669637429e-05 -0.019950433267856466 -0.015225284612492958 -0.0084599066743745351 0.0065197071337598127 0.016301836994460046
leaf_weight=114.7018473893404 17.533875063061714 101.88048079609871 24.609664767980576 24.114725664258003 17.061914071440697 17.397641465067863 14.70166803896427 26.875933438539505 725.45500844717026 15.676827967166899 22.89138151705265 26.674829602241516 15.76468540728092 14.861179262399672
leaf_count=474 73 426 102 101 71 72 61 113 3012 65 95 111 65 62
internal_value=-2.1756e-05 -0.000632006 -0.00134576 -0.0068745 -0.00278847 0.00507832 0.00349214 -0.00355042 -0.000532797 -0.00890476 -0.00843556 0.00354657 -0.00279485 0.00580009
internal_weight=1180.2 1009.06 864.741 106.075 81.9606 34.4596 171.141 41.5776 758.666 33.2107 47.501 144.32 42.4395 129.563
internal_count=4903 4193 3591 441 340 143 710 174 3150 138 197 602 176 536
is_linear=0
shrinkage=0.03


Tree=321
num_leaves=15
num_cat=0
split_feature=29 30 3 41 20 18 7 9 16 1 41 27 20 3
split_gain=2.83213 3.27362 4.00783 5.86914 2.67047 4.47235 4.30696 4.24906 4.89759 3.8979 4.08344 3.7382 3.59561 4.9535
threshold=10.500000000000002 -4.9999999999999991 0.024840232257265508 64.500000000000014 14.146259647029606 10.350000000000003 -3.4042952805594493 4.1000000000000005 0.35000000000000003 37.250000000000007 47.500000000000007 2.5000000000000004 14.833333322694571 0.02605030648497542
decision_type=2 2 2 10 10 10 2 8 10 2 10 2 10 2
left_child=4 2 3 -2 6 11 7 8 -1 10 -8 -6 13 -13
right_child=1 -3 -4 -5 5 -7 9 -9 -10 -11 -12 12 -14 -15
leaf_value=0.0075233126861885885 0.0045818918615708262 -0.013581107140788544 0.00792069018708845 -0.017287903289317133 -0.0096415397925709509 0.008587628634466429 -0.016604567450594597 0.016051009632630581 -0.010128012862081908 0.0012691352669544989 -0.00039411917516226556 -0.011955904627074399 0.00011926374982889499 0.0049032854620143619
leaf_weight=41.585739403963089 18.237152636051178 24.530004754662514 21.843712151050568 17.771821171045303 51.110738545656204 31.178025811910629 18.443114668130875 28.237238809466362 15.480251669883726 499.29148909449577 35.289379060268402 49.329552039504051 305.573013484478 18.81742787361145
leaf_count=172 76 102 90 74 213 130 77 119 64 2074 148 203 1270 78
internal_value=-0.000245628 -0.00544314 -0.00118668 -0.00700351 0.000168623 -0.00157491 0.00141673 0.00749194 0.00230488 0.0004209 -0.00689808 -0.00241195 -0.00130898 -0.00728363
internal_weight=1176.72 82.3827 57.8527 36.009 1094.34 456.009 638.327 85.3032 57.066 553.024 53.7325 424.831 373.72 68.147
internal_count=4890 342 240 150 4548 1894 2654 355 236 2299 225 1764 1551 281
is_linear=0
shrinkage=0.03


Tree=322
num_leaves=15
num_cat=0
split_feature=5 17 23 11 2 28 5 41 26 27 39 2 2 0
split_gain=2.58942 6.26417 4.74989 6.64068 4.03165 3.86747 4.73054 5.23719 5.98531 5.20439 5.11676 3.79706 3.64518 3.47498
threshold=0.6780034438980308 -7.6499999999999986 0.25833333333333336 18.900000000000002 0.77689803578805372 7.5000000000000009 0.71523307385882695 49.500000000000007 -1.3229166666666663 12.500000000000002 988.56565458362479 0.71951866414619758 0.73671241736231441 10.750000000000002
decision_type=2 10 8 10 2 2 2 10 10 2 2 2 2 2
left_child=-1 -2 4 -4 11 6 9 10 -9 -5 -8 -3 -10 -6
right_child=1 2 3 5 13 -7 7 8 12 -11 -12 -13 -14 -15
leaf_value=-0.00097551291006600638 -0.011833146630924227 -0.0038117201383693483 0.021031952555434458 0.017175624839023566 -0.015436005687742985 0.012061373095295404 -0.017421254113332011 0.0086624037070367442 0.0035613311737743812 -0.0036196441689572479 0.0033048176717559953 0.011572880828694213 -0.015056012885549863 -0.00071917090352853225
leaf_weight=827.46723416447639 21.997238144278526 25.208824649453163 18.12051485478878 25.331252619624138 21.358484402298927 36.222804725170135 23.225413650274277 53.553929284214973 14.339382916688921 14.527619913220404 15.064963117241858 23.841734617948532 16.086830243468285 33.079977229237556
leaf_count=3440 93 105 76 105 88 151 97 222 60 60 62 99 66 138
internal_value=-6.83063e-05 0.00210936 0.00323522 0.00572055 -0.00198749 0.00383903 0.00169612 -0.00131062 0.00290636 0.0100376 -0.00982692 0.004045 -0.00701767 -0.00730597
internal_weight=1169.43 341.959 319.962 216.473 103.489 198.352 162.129 122.271 83.9801 39.8589 38.2904 49.0506 30.4262 54.4385
internal_count=4862 1422 1329 899 430 823 672 507 348 165 159 204 126 226
is_linear=0
shrinkage=0.03


Tree=323
num_leaves=15
num_cat=0
split_feature=15 17 25 14 18 21 25 15 21 21 15 3 3 17
split_gain=3.54103 6.95827 6.7733 5.68447 5.0317 5.53309 3.9468 3.4951 3.35016 2.9243 6.16381 7.82683 3.11058 4.03576
threshold=-5.5499999999999989 1.0000000180025095e-35 -17.95454545454545 26.225000000000005 -1.0499999999999998 15.815779695525064 -1.8619047619047617 -3.5499999999999994 14.63804024404264 17.870677404442834 2.5500000000000003 0.024606802362303396 0.024716769096542749 -3.6624999999999992
decision_type=10 10 10 10 8 10 10 10 8 8 10 2 2 8
left_child=1 2 -1 4 6 -6 8 -2 -4 12 11 -11 -9 -14
right_child=7 -3 3 -5 5 -7 -8 9 -10 10 -12 -13 13 -15
leaf_value=0.018328832053632439 -0.0059215512530376652 -0.012052142392069434 0.018308741515470552 0.013800284452839727 -0.0087501907847091481 0.0078444952808307856 -0.004764935339317964 -0.0014479755323970724 0.00021002315270753568 0.013781598182005056 -0.013487902127114326 -0.007926319708985545 -0.0048322735737248209 0.0041727001734170209
leaf_weight=23.751324251294136 122.30811592936516 19.878332927823067 20.98813995718956 26.997599601745605 65.065966591238976 20.046308696269989 15.512943133711813 468.92175626754761 14.434589251875876 21.267249867320061 40.818193227052689 29.813511729240417 50.774891003966331 232.62371842563152
leaf_count=102 514 83 88 112 273 84 65 1940 61 89 169 124 211 963
internal_value=-0.000522622 0.00299634 0.0048702 0.00242262 -0.000244356 -0.00462329 0.00683194 -0.00128664 0.0118718 -0.000584235 -0.00548953 0.0015346 4.72533e-05 0.00250352
internal_weight=1173.2 206.675 186.797 163.046 136.048 85.1123 50.9357 966.527 35.4227 844.219 91.899 51.0808 752.32 283.399
internal_count=4878 868 785 683 571 357 214 4010 149 3496 382 213 3114 1174
is_linear=0
shrinkage=0.03


Tree=324
num_leaves=15
num_cat=0
split_feature=21 21 25 9 22 3 26 23 7 3 7 8 6 21
split_gain=2.50357 4.4533 6.76556 5.63361 8.1502 4.1652 4.06057 4.02045 9.26873 4.47482 4.27402 4.37101 3.95941 5.74314
threshold=10.846914563854325 12.337836884077459 -11.89583333333333 -10.899999999999999 0.69615384615384623 0.042854956491320213 1.767857142857143 0.35357142857142859 -2.5414522284300891 0.024076494918132133 -4.2893790414768178 14.300000000000002 2.1618888112461767 11.787233958419083
decision_type=8 10 10 10 10 2 10 8 2 2 2 10 2 10
left_child=-1 2 -2 -4 12 7 -6 8 -3 -10 -9 -12 13 -5
right_child=1 5 3 4 6 -7 -8 10 9 -11 11 -13 -14 -15
leaf_value=0.0025724213436092197 0.0084698601958500541 -0.0079185771413348809 -0.020772674227747711 -0.0095635570298795904 0.013855308997131058 0.011630122975820806 -0.0028599411589837883 0.007292973398211112 -0.0030585386239408404 0.010808459490914666 -0.0027464783109821768 0.010246240535491419 -0.015452727270123158 0.0073193893399325898
leaf_weight=254.58588354289532 26.298075318336487 39.715421661734581 18.033813431859016 47.540444403886795 21.669850423932076 23.307257682085037 22.898787021636963 42.386072009801865 23.964829981327057 97.128432169556618 480.82800276577473 19.626108676195145 43.09735532104969 23.278861597180367
leaf_count=1060 112 166 74 197 90 97 94 175 99 403 1999 81 179 97
internal_value=-3.41565e-05 -0.000757819 -0.00463089 -0.0067622 -0.00458142 0.000347001 0.00584503 -0.000106156 0.0039876 0.00805167 -0.0013442 -0.00214063 -0.0087349 -0.00389729
internal_weight=1184.36 929.773 202.817 176.519 158.485 726.956 44.5686 703.649 160.809 121.093 542.84 500.454 113.917 70.8193
internal_count=4923 3863 843 731 657 3020 184 2923 668 502 2255 2080 473 294
is_linear=0
shrinkage=0.03


Tree=325
num_leaves=15
num_cat=0
split_feature=17 7 12 21 21 41 25 15 22 18 3 4 4 12
split_gain=4.64198 5.71361 4.67387 4.85439 4.14671 5.80857 5.21953 3.24345 5.02829 3.22137 3.16992 3.1364 4.77859 5.12315
threshold=7.0500000000000016 4.8504809379632849 19.900000000000002 14.576998624164331 15.415360288160862 54.500000000000007 2.5166666666666671 6.7500000000000009 0.65504807692307698 3.5500000000000003 0.014497263111493798 -61.911031785537368 106.71198556736057 18.450000000000003
decision_type=10 2 10 8 8 8 10 10 10 10 2 2 2 10
left_child=7 2 4 9 5 -2 -6 10 -9 -4 -1 -12 13 -13
right_child=1 -3 3 -5 6 -7 -8 8 -10 -11 11 12 -14 -15
leaf_value=-0.0095382701016938493 0.015774428769834883 -0.019058564141959722 -0.017482146308382705 0.00092464955809858475 -0.015469370401034216 -0.00016383593464078846 0.0044414020865715543 -0.0039538427337995211 0.014256115733058477 -0.0012534578860090792 -0.0020798762868059475 -0.0023841614092577255 -0.0011013150364356863 0.005850649640603495
leaf_weight=21.188458189368248 26.24271067976952 14.578108713030813 34.100879162549973 38.855201005935669 19.080547988414764 59.998346984386444 19.934375956654549 18.204940840601921 34.104759722948074 16.461132064461708 211.7577108591795 83.336012676358223 256.18286624550819 315.09492518007755
leaf_count=88 109 61 143 161 79 248 83 75 141 68 887 347 1068 1306
internal_value=0.000269985 -0.00351173 -0.00204621 -0.00709529 0.0016922 0.00528476 -0.00594724 0.00120612 0.0081266 -0.0127869 0.000755008 0.00106003 0.00208381 0.00412005
internal_weight=1169.12 229.251 214.673 89.4172 125.256 86.2411 39.0149 939.87 52.3097 50.562 887.56 866.372 654.614 398.431
internal_count=4864 952 891 372 519 357 162 3912 216 211 3696 3608 2721 1653
is_linear=0
shrinkage=0.03


Tree=326
num_leaves=15
num_cat=0
split_feature=4 3 27 3 21 8 13 7 7 13 4 1 16 22
split_gain=3.22464 2.61383 6.08712 7.804 8.88665 5.34866 5.13316 5.03926 4.06966 3.96492 3.87548 4.22304 4.19318 3.4974
threshold=135.60909201836299 0.024539146582569619 10.500000000000002 0.024068576952877677 15.063753395506438 2.4500000000000006 24.700000000000006 -0.44247765004001754 -0.88393589785756788 23.900000000000002 36.293398457466772 39.250000000000007 1.4500000000000002 0.41987179487179493
decision_type=2 2 2 2 8 8 10 2 2 10 2 2 10 10
left_child=1 2 3 4 8 6 -5 -8 13 -6 11 -4 -12 -1
right_child=-2 -3 10 5 9 -7 7 -9 -10 -11 12 -13 -14 -15
leaf_value=-0.023842366598046713 0.0020328044558426523 -0.0027314974871734156 0.0054699391893693492 0.024016128804338559 0.016276958990181788 -0.001314022054586966 0.015527255643858746 -0.0057878268811941257 -0.00028826136054428252 -0.0021612566489091923 -0.0046119576954924552 -0.010250212631393056 0.010325719356899727 -0.0032139872879036013
leaf_weight=14.512045130133631 331.79109181463718 526.56370778381824 15.62846255302429 27.125367894768715 22.098930031061172 22.538173750042915 15.817523047327997 15.363341569900511 30.415670678019524 15.415735289454458 33.252801433205605 75.971316322684288 25.639297276735306 14.816745981574057
leaf_count=60 1381 2191 65 113 92 93 66 64 126 64 138 317 106 61
internal_value=-0.000458028 -0.00143064 0.000663642 0.00436131 -0.00139008 0.0109584 0.0154314 0.00567647 -0.00832678 0.00933712 -0.00371199 -0.00742379 0.00219045 -0.015407
internal_weight=1186.95 855.159 328.595 178.104 97.2591 80.8444 58.3062 31.1809 59.7445 37.5147 150.492 91.5998 58.8921 29.3288
internal_count=4937 3556 1365 739 403 336 243 130 247 156 626 382 244 121
is_linear=0
shrinkage=0.03


Tree=327
num_leaves=15
num_cat=0
split_feature=4 19 24 15 10 13 24 20 25 18 18 20 27 4
split_gain=2.46664 2.24078 2.25134 3.17158 4.88782 3.56931 6.15542 3.12154 2.88463 2.84889 3.76802 4.01233 3.55078 7.222
threshold=-266.02456466823941 13.15 -0.45993589743589741 1.0500000000000003 5.700000000000002 27.700000000000006 -0.49107142857142844 7.2972592731644523 1.0312500000000002 0.45000000000000007 0.65000000000000002 19.019871921560831 15.500000000000002 204.59890784185419
decision_type=2 10 10 10 10 8 8 10 10 10 10 10 2 2
left_child=-1 2 3 5 -5 -2 -7 8 -4 -9 -11 12 -12 -14
right_child=1 -3 7 4 -6 6 -8 9 -10 10 11 -13 13 -15
leaf_value=0.011179925432268199 0.0033922800281361945 -0.0076403487182480955 -0.014168210703805141 -0.015997371963782068 0.0026043603366603554 -0.014899219787388614 0.0069920103180753611 -0.00021302142204856261 0.0021528157126575881 0.016076536826714498 0.0030379635452687775 0.012505713370155502 -0.0081710827972057698 0.012166000642737868
leaf_weight=14.14174625277519 86.350245133042336 26.003677874803543 17.678148433566093 27.299261972308159 18.937512367963791 25.311441823840141 14.889228016138075 466.59786351025105 15.065964445471762 14.482226863503454 336.63786943256855 28.565951153635979 65.481351554393768 15.49858884513378
leaf_count=60 362 110 73 115 79 110 63 1938 62 60 1394 119 272 64
internal_value=0.000497359 0.000319519 0.000535013 -0.00257063 -0.00886788 -2.02624e-05 -0.00691475 0.00110441 -0.00736831 0.00144152 0.00310165 0.00250702 0.00168322 -0.00379767
internal_weight=1172.94 1158.8 1132.8 172.788 46.2368 126.551 40.2007 960.008 32.7441 927.264 460.666 446.184 417.618 80.9799
internal_count=4881 4821 4711 729 194 535 173 3982 135 3847 1909 1849 1730 336
is_linear=0
shrinkage=0.03


Tree=328
num_leaves=15
num_cat=0
split_feature=8 25 30 15 4 21 8 21 1 13 25 28 27 30
split_gain=4.09944 3.79461 4.08496 3.9164 4.99443 3.20043 4.52979 4.64168 4.07688 4.20267 3.99611 3.81339 3.35048 3.18484
threshold=9.4500000000000011 4.514705882352942 1.0000000180025095e-35 11.450000000000001 232.50305990482573 9.1969195311987963 8.1000000000000014 10.846914563854325 45.750000000000007 23.900000000000002 1.1483516483516485 10.500000000000002 11.500000000000002 2.5000000000000004
decision_type=10 10 2 10 2 8 10 8 2 10 10 2 2 2
left_child=5 -2 3 4 -3 8 7 10 9 12 -7 13 -1 -9
right_child=1 2 -4 -5 -6 6 -8 11 -10 -11 -12 -13 -14 -15
leaf_value=-0.013172009908104718 0.0074548381802274979 -0.018474410598372813 0.0034499062588935394 0.0012535619573300267 -0.0016693822138916642 0.0097070075689208411 0.010033975127798658 -0.00014277460756471956 -0.01268015293174474 0.0085120616095216983 -0.0012851080041274092 -0.0073104797088173355 0.002669999540459008 0.0098943202959520457
leaf_weight=20.499383196234703 14.834414079785345 45.024380370974541 24.206233233213425 21.505930557847023 24.916736677289009 77.960412010550499 42.184512808918953 705.47363932430744 31.355994284152985 25.317001655697823 44.76879870891571 60.188838511705399 20.06673800945282 24.642680406570435
leaf_count=85 62 186 101 89 103 324 175 2932 133 106 186 253 84 103
internal_value=-0.00019704 -0.00510943 -0.00696316 -0.00975547 -0.0129984 0.000433297 0.000968615 0.000497404 -0.00461555 -0.00015363 0.00580399 -0.000357982 -0.00590241 0.000260988
internal_weight=1182.95 130.488 115.653 91.447 69.9411 1052.46 955.219 913.034 97.2391 65.8831 122.729 790.305 40.5661 730.116
internal_count=4922 541 479 378 289 4381 3973 3798 408 275 510 3288 169 3035
is_linear=0
shrinkage=0.03


Tree=329
num_leaves=15
num_cat=0
split_feature=2 23 39 6 21 2 21 9 12 39 27 11 27 13
split_gain=2.75559 4.60992 3.16257 3.0731 3.09797 7.38004 4.62195 6.49629 4.83637 4.83727 6.02152 5.54611 4.26291 4.68228
threshold=0.84226307808172662 0.30384615384615393 938.24961952166075 12.581726430468663 9.1969195311987963 0.40559015011873467 10.001388757743909 3.1000000000000005 18.450000000000003 396.47370555942297 11.500000000000002 17.300000000000001 11.500000000000002 24.100000000000005
decision_type=2 8 2 2 8 2 8 10 8 2 2 10 2 10
left_child=3 2 -2 4 5 -1 7 -6 9 10 -8 -11 13 -7
right_child=1 -3 -4 -5 6 12 8 -9 -10 11 -12 -13 -14 -15
leaf_value=0.0099572965357058209 0.0076342958816629971 0.017305931567055975 -0.0087389286533214438 -0.011013847157019726 0.01576028683909049 -0.019591339756935878 -0.0021239905429239346 -0.0044669674170509923 0.0017194071820201401 -0.0098305846235852302 -0.023210050692673886 0.0022275533938527279 -0.0002757663263149277 0.00043669172526417631
leaf_weight=21.120506271719933 17.462049826979637 18.442250818014145 15.135214656591414 16.063595801591873 36.827307671308517 31.674651503562927 29.580109387636185 18.933597669005394 731.35098123550415 41.095314010977745 17.181435167789459 129.88475508987904 35.094233766198158 14.422740802168844
leaf_count=89 72 77 64 67 154 133 123 79 3041 171 71 540 147 60
internal_value=0.000666223 0.00715944 -0.000119112 0.00034075 0.000554266 -0.00429579 0.00106691 0.00908972 0.000550393 -0.00332655 -0.0113652 -0.000867603 -0.00836602 -0.0138955
internal_weight=1174.27 51.0395 32.5973 1123.23 1107.17 102.312 1004.85 55.7609 949.093 217.742 46.7615 170.98 81.1916 46.0974
internal_count=4888 213 136 4675 4608 429 4179 233 3946 905 194 711 340 193
is_linear=0
shrinkage=0.03


Tree=330
num_leaves=15
num_cat=0
split_feature=7 21 17 18 41 41 30 19 2 0 13 39 26 26
split_gain=3.05522 3.34624 4.30792 3.67286 3.11096 6.13268 4.38818 4.92052 4.67321 6.34157 3.40951 3.37388 5.1393 4.19265
threshold=-6.7698326543832028 10.846914563854325 -7.1499999999999986 0.25000000000000006 59.500000000000007 56.500000000000007 -1.0000000180025095e-35 -2.4499999999999997 0.68014556601683773 11.250000000000002 23.300000000000001 1070.1941094918909 4.4330357142857153 10.34848484848485
decision_type=2 10 8 10 8 10 2 10 2 2 10 2 8 8
left_child=-1 2 3 -2 5 6 7 -3 -8 10 -10 -6 -13 -14
right_child=1 4 -4 -5 11 -7 8 -9 9 -11 -12 12 13 -15
leaf_value=-0.0091333905684783598 0.020913768628887199 -0.0055321799679740637 0.0018411547055870556 0.0029645246631954678 0.0027639429958090079 -0.012986420183339909 -0.0059644139896298833 0.011882218707745232 0.011064495298724811 -0.011500401665808816 -0.003736047411397261 0.0016991906225678147 -0.014639449149868042 -0.00087801264692889854
leaf_weight=24.44235660135746 17.08162747323513 18.456854790449142 215.57325014472008 22.826186910271645 377.05510847270489 38.982467249035835 144.17228795588017 38.111877784132957 46.796329945325851 16.540298998355865 16.357624486088753 128.20076435804367 36.059168830513954 40.033419206738472
leaf_count=101 72 77 899 96 1565 162 600 158 195 70 68 533 149 168
internal_value=0.000413576 0.00065385 0.00364868 0.0121204 -0.000211014 -0.00256712 -0.000916646 0.00621252 -0.00281448 0.00289967 0.00723813 0.00109438 -0.00197947 -0.0078999
internal_weight=1180.69 1156.25 255.481 39.9078 900.766 319.418 280.435 56.5687 223.867 79.6943 63.154 581.348 204.293 76.0926
internal_count=4913 4812 1067 168 3745 1330 1168 235 933 333 263 2415 850 317
is_linear=0
shrinkage=0.03


Tree=331
num_leaves=15
num_cat=0
split_feature=1 24 27 8 17 3 27 16 24 19 20 21 17 18
split_gain=2.70384 6.68414 6.93705 5.51718 12.9985 4.66573 7.85812 7.85541 7.22706 6.78344 6.37924 5.76043 5.11766 4.51548
threshold=44.250000000000007 0.041666666666666664 4.5000000000000009 6.9000000000000012 7.9000000000000021 0.024512454088473138 10.500000000000002 -4.7499999999999991 -0.14339826839826839 -0.14999999999999999 11.395418140850806 13.029027393796264 -3.9499999999999988 -2.9499999999999997
decision_type=2 10 2 10 10 2 2 8 10 8 10 10 10 10
left_child=-1 3 -3 5 -5 6 12 -7 -8 10 -9 -11 -2 -4
right_child=1 2 13 4 -6 7 8 9 -10 11 -12 -13 -14 -15
leaf_value=0.0013594085085818519 0.010770031715548471 0.0081168986337503135 0.0021009210437513966 0.021567703174457109 -0.0096896286677704471 0.016680961819072831 -0.024285099025532698 -0.0073102561668626324 -0.00043314465292349972 0.002856773304893076 0.013698218892122376 -0.01120594845846927 -0.0058299950819652299 -0.0099193929048475345
leaf_weight=642.18485295772552 25.724638774991035 24.495798796415329 32.579132661223412 27.594785511493683 15.257977113127707 24.405325621366501 22.959399059414864 14.712370216846464 19.654528915882111 45.024359881877899 39.409094855189323 52.704021707177162 31.932136625051498 147.46505849063396
leaf_count=2671 108 102 137 115 64 101 97 61 81 188 164 221 132 612
internal_value=5.92799e-05 -0.00153212 -0.00569818 0.00118266 0.0105888 -0.000437162 -0.00545341 0.00248827 -0.0144847 -0.000251814 0.00785202 -0.00490342 0.00184483 -0.00774631
internal_weight=1166.1 523.919 204.54 319.379 42.8528 276.526 100.271 176.255 42.6139 151.85 54.1215 97.7284 57.6568 180.044
internal_count=4854 2183 851 1332 179 1153 418 735 178 634 225 409 240 749
is_linear=0
shrinkage=0.03


Tree=332
num_leaves=15
num_cat=0
split_feature=11 4 23 26 4 9 26 26 24 16 19 19 3 41
split_gain=2.60565 3.79301 4.17461 3.62656 3.16779 3.36562 4.05233 4.03964 3.56984 5.34162 2.96578 5.20942 2.88958 2.86056
threshold=29.300000000000001 235.01128145247131 0.76696832579185525 -3.7386363636363629 242.1817625614996 -13.324999999999998 -12.96153846153846 -10.035714285714283 0.2642857142857144 3.2250000000000005 -2.7499999999999996 0.55000000000000016 0.024300698166372484 44.500000000000007
decision_type=10 2 8 8 2 8 8 8 10 8 10 10 2 10
left_child=4 2 10 -3 5 -1 -7 -8 13 -10 -2 -12 -6 -9
right_child=1 3 -4 -5 12 6 7 8 9 -11 11 -13 -14 -15
leaf_value=-0.0079242168315487773 -0.019438012156003447 -0.0050181047654855654 0.0039281347328522544 0.01287231205653149 0.004589301821394165 0.013545090942222502 -0.010034898799239482 0.0042762190053132398 0.010414054104428611 -0.0071578777075197077 0.0058047861576718453 -0.012175089434477397 -0.0078126027249226064 -0.00015455228499547768
leaf_weight=31.37711763381958 18.4323341101408 15.902365356683729 21.709163784980774 15.993218049407007 18.699141532182693 19.067061483860016 23.698305413126945 160.12300562858582 71.161901399493217 15.777439728379248 19.390252158045769 33.702462211251259 64.153869763016701 635.65468344092369
leaf_count=130 76 66 90 66 78 79 99 668 296 65 80 140 269 2646
internal_value=4.69382e-05 -0.0039564 -0.00692413 0.00448132 0.000545371 0.00104097 0.00138587 0.00105719 0.00140982 0.00700931 -0.0102594 -0.00567413 -0.00491172 0.000758122
internal_weight=1164.84 125.13 93.2342 31.8956 1039.71 956.86 925.482 906.415 882.717 86.9393 71.525 53.0927 82.853 795.778
internal_count=4848 518 386 132 4330 3983 3853 3774 3675 361 296 220 347 3314
is_linear=0
shrinkage=0.03


Tree=333
num_leaves=15
num_cat=0
split_feature=42 26 42 0 15 13 42 19 22 13 41 21 7 7
split_gain=3.61787 5.21154 2.52712 2.46534 2.36478 5.90122 5.27194 5.2669 4.95369 4.91161 4.85211 5.56446 5.22309 5.75765
threshold=25.500000000000004 0.97058823529411775 19.500000000000004 14.250000000000002 2.3500000000000001 16.700000000000006 5.5000000000000009 7.4500000000000011 0.87083333333333346 24.300000000000001 72.500000000000014 14.159606082301837 1.2039956224637993 -0.82960401848768484
decision_type=8 10 10 2 10 8 10 10 10 10 10 10 2 2
left_child=2 -2 3 4 5 -1 8 10 -7 -9 12 -12 13 -8
right_child=1 -3 -4 -5 -6 6 7 9 -10 -11 11 -13 -14 -15
leaf_value=0.012763533144290636 -0.014991316984923772 0.0029519689975482737 0.0095289420138394195 0.010776002310987352 -0.0018780609764096998 0.0038761302085656589 -0.0066965509031913792 -0.0023282401915896431 -0.010669164347516621 0.015354039590322877 0.0099055149478390649 -0.0069642962037209533 -0.011893935905987649 0.0050443471082662799
leaf_weight=31.970253854990005 28.01590821146965 23.580143392086029 22.340439468622208 14.829188823699949 358.19543722271919 335.26369173824787 95.768050715327263 26.636657565832138 17.703990623354912 22.630822837352753 39.364720061421394 24.680893942713737 76.547196879982948 55.460847720503807
leaf_count=134 119 98 94 62 1483 1395 399 113 73 95 164 103 322 231
internal_value=0.000147428 -0.00725464 0.000518694 0.000293217 0.000101033 0.00108361 0.00045816 -0.00218555 0.00300774 0.00646035 -0.00372945 0.00337094 -0.00575544 -0.00236712
internal_weight=1172.99 51.5961 1121.39 1099.05 1084.22 726.027 694.057 341.089 352.968 49.2675 291.822 64.0456 227.776 151.229
internal_count=4885 217 4668 4574 4512 3029 2895 1427 1468 208 1219 267 952 630
is_linear=0
shrinkage=0.03


Tree=334
num_leaves=15
num_cat=0
split_feature=9 15 1 17 15 9 7 25 19 22 24 42 17 15
split_gain=2.22196 6.5065 3.30916 2.62077 2.44648 2.2615 8.04918 4.69192 4.1802 3.67409 3.15657 4.57752 5.01019 5.00028
threshold=11.500000000000002 5.9500000000000011 40.750000000000007 -14.949999999999998 -10.949999999999998 5.9000000000000012 -1.8283649190425282 -0.36931818181818177 4.0500000000000007 0.75735294117647067 0.18118686868686873 7.5000000000000009 -0.74999999999999978 -2.9499999999999997
decision_type=8 10 2 10 10 10 2 10 10 10 10 10 10 10
left_child=3 2 -2 -1 -5 10 -7 -8 9 -9 -6 12 -12 -13
right_child=1 -3 -4 4 5 6 7 8 -10 -11 11 13 -14 -15
leaf_value=-0.0099537202303249563 -0.0042438422522478357 -0.010835411392943474 0.010513074577216367 0.0082526359544873931 -0.0025827681875072207 0.012113825407743686 0.0046235431754726337 -0.015929276438735006 0.0046384371576927395 0.00017435423102777007 0.013257626254944923 -0.016166531029630664 0.001371714731158066 -0.00026565760556919281
leaf_weight=21.74123278260231 14.177808716893194 16.818603754043579 63.098235562443733 23.390606746077538 572.51616713404655 48.787220999598503 55.753420427441597 33.805354043841362 19.017682164907455 18.831493616104126 37.288819342851639 17.573049962520599 136.02877798676491 84.980585515499115
leaf_count=93 59 70 267 99 2378 202 233 139 79 78 155 75 566 353
internal_value=-0.000282505 0.00401758 0.00771226 -0.000677683 -0.000438891 -0.000676428 0.00237249 -0.00167426 -0.00655645 -0.0106527 -0.00131982 0.00130048 0.00422897 -0.00361524
internal_weight=1163.81 94.0946 77.276 1069.71 1047.97 1024.58 176.195 127.408 71.6545 52.6368 848.387 275.871 173.318 102.554
internal_count=4846 396 326 4450 4357 4258 731 529 296 217 3527 1149 721 428
is_linear=0
shrinkage=0.03


Tree=335
num_leaves=15
num_cat=0
split_feature=24 20 20 21 42 27 25 42 5 10 14 5 5 24
split_gain=2.08245 3.71422 2.80171 4.9385 4.35699 7.38872 3.41422 3.32346 5.48621 3.21855 4.82913 3.16002 5.35826 4.47383
threshold=-0.69139194139194127 14.180777252505857 11.528708088170324 16.885398030239148 13.500000000000002 11.500000000000002 7.7596153846153859 8.5000000000000018 0.56627195875357683 2.6000000000000014 19.500000000000004 0.57850572897703967 0.4794011138238406 -0.19821428571428568
decision_type=8 8 8 10 10 2 10 8 2 10 10 2 2 8
left_child=1 -1 3 4 6 -6 7 11 -9 10 -5 12 13 -2
right_child=2 -3 -4 9 5 -7 -8 8 -10 -11 -12 -13 -14 -15
leaf_value=0.013140283170143815 -0.0057188092386805233 -0.0044921907044326286 0.00036329058423218829 -0.015104763613816633 0.019646604118729243 -0.0060408784558769789 0.0066751177865748282 -0.00033624759038459708 -0.018201064538221269 -0.019977000236723271 0.0049193347032823352 0.0027450604235046898 -0.014214195202001368 0.010781226682452119
leaf_weight=21.453994825482368 33.620719611644745 14.777397245168684 811.85585364699364 14.89149349927902 17.102291509509087 15.173834472894667 26.812895938754082 29.562444552779198 27.904448792338371 17.387501761317253 19.914276719093323 77.083564177155495 31.763042911887169 18.986674398183823
leaf_count=90 141 62 3382 62 72 65 111 123 119 73 83 317 130 78
internal_value=-0.000350625 0.00627602 -0.000587294 -0.00289501 -0.00122005 0.00837982 -0.00262292 -0.00388534 -0.00977346 -0.0109301 -0.00446907 -0.00155894 -0.00542479 0.000655146
internal_weight=1178.29 36.2314 1142.06 330.203 278.01 32.2761 245.734 218.921 57.4669 52.1933 34.8058 161.454 84.3704 52.6074
internal_count=4908 152 4756 1374 1156 137 1019 908 242 218 145 666 349 219
is_linear=0
shrinkage=0.03


Tree=336
num_leaves=15
num_cat=0
split_feature=41 41 41 15 27 14 9 42 17 17 20 10 20 18
split_gain=2.42838 3.57996 4.46157 5.11981 6.26007 4.08599 4.3724 3.82493 3.59154 3.63635 4.72303 4.68472 4.4604 4.79718
threshold=40.500000000000007 59.500000000000007 54.500000000000007 -0.34999999999999992 10.500000000000002 19.100000000000005 -7.4999999999999991 5.5000000000000009 -16.449999999999996 -7.2499999999999982 10.246408584908611 -6.7749999999999986 11.079009136138522 3.2500000000000004
decision_type=10 10 10 10 2 10 10 10 8 8 8 10 10 10
left_child=-1 2 3 4 -2 -5 -7 -6 -3 -10 11 -11 -12 -14
right_child=1 8 -4 5 7 6 -8 -9 9 10 12 -13 13 -15
leaf_value=0.0033802910220176278 0.005576126895413599 -0.011556134485660036 -0.0085768142799744519 -0.0039806273796386639 -0.00067356983315686831 -0.0044044349818841847 0.011727090266068978 -0.015460131789787239 0.0060528329281338989 -0.0071193675992945226 -0.0084664189402202227 0.0092843719262634371 0.0022815790320312159 -0.0045001036649497646
leaf_weight=189.15787592530251 28.396088734269142 15.369907155632971 86.281480327248573 36.783345580101013 24.573434054851532 17.324788466095924 54.27438884973526 41.30020435154438 111.99972097575665 15.49033486843109 57.148937255144119 76.380617633461952 291.75586964190006 132.31779225170612
leaf_count=791 119 66 358 152 102 72 225 176 469 64 237 316 1213 548
internal_value=0.000312435 -0.00028814 -0.00306854 -0.000573276 -0.00553549 0.00379656 0.00779105 -0.0103808 0.000872364 0.0012329 0.000246739 0.00629383 -0.000960571 0.000137803
internal_weight=1178.55 989.397 288.934 202.652 94.2697 108.383 71.5992 65.8736 700.463 685.093 573.094 91.871 481.223 424.074
internal_count=4908 4117 1204 846 397 449 297 278 2913 2847 2378 380 1998 1761
is_linear=0
shrinkage=0.03


Tree=337
num_leaves=15
num_cat=0
split_feature=3 21 27 27 10 3 1 39 10 1 16 26 24 26
split_gain=3.11109 5.8739 3.91835 3.12739 6.53566 5.67593 4.68865 6.79557 4.68618 6.74296 7.08802 8.66795 4.9158 4.80602
threshold=0.042101234717102816 13.06479575675041 10.500000000000002 10.500000000000002 10.700000000000003 0.030301806037100091 39.750000000000007 2301.1072498434423 7.4000000000000021 39.750000000000007 4.7250000000000005 -1.392307692307692 -0.43095238095238092 -4.2928571428571418
decision_type=2 10 2 2 10 2 2 2 10 2 8 8 10 8
left_child=3 2 -2 5 6 8 -5 -8 9 10 11 -1 -13 -11
right_child=1 -3 -4 4 -6 -7 7 -9 -10 13 -12 12 -14 -15
leaf_value=-0.010384027470077339 -0.010930303316422401 0.014440334341615157 0.0064381542413498877 0.0032035833177501776 0.0061663031848899564 -0.0085838402256863955 -0.0034978359707516908 -0.021425895298424643 -0.0026165575562565688 0.013044746125473992 -0.01657456858454201 -0.0018569367294050888 0.019498014337574181 0.0039401394730984671
leaf_weight=24.954254850745201 17.126362577080727 34.866154968738556 20.030674606561661 82.241237804293633 77.641097947955132 40.5286925137043 318.83574567735195 15.588709175586699 124.53563106060028 60.963842213153839 21.787923902273178 14.902399376034735 19.09034751355648 295.31068781018257
leaf_count=104 71 146 83 342 323 170 1325 66 518 255 91 63 79 1229
internal_value=0.000598187 0.00642643 -0.00191419 0.000187883 -0.00157174 0.00163359 -0.00306966 -0.00463684 0.00244027 0.00389462 -0.00375912 0.0019033 0.0110984 0.00565705
internal_weight=1168.4 72.0232 37.157 1096.38 494.307 602.074 416.666 334.424 561.545 437.009 80.7349 58.947 33.9927 356.275
internal_count=4865 300 154 4565 2056 2509 1733 1391 2339 1821 337 246 142 1484
is_linear=0
shrinkage=0.03


Tree=338
num_leaves=15
num_cat=0
split_feature=19 26 13 16 7 17 13 17 7 23 9 19 13 19
split_gain=2.7668 6.29648 5.28498 5.30045 4.64907 6.17332 4.07233 4.99593 5.84768 4.61593 4.21409 5.78013 5.75276 6.50108
threshold=1.7500000000000002 -1.4833333333333332 17.450000000000003 -0.94999999999999984 -4.1880423119774868 8.0500000000000025 18.100000000000005 10.850000000000003 0.23143835530760495 0.67156862745098056 -1.0999999999999999 4.1125000000000007 22.900000000000002 5.2500000000000009
decision_type=10 10 8 10 2 10 10 10 2 8 10 10 10 10
left_child=1 -1 3 -3 -4 -6 7 8 9 -2 12 -12 -8 -14
right_child=6 2 4 -5 5 -7 10 -9 -10 -11 11 -13 13 -15
leaf_value=-0.0016999327655569058 0.0075032645609493121 0.0086916446366328438 -0.0046078405696557837 -0.0075608553413823217 0.0081231774528032468 -0.0078209930995647298 -0.005557264701467949 -0.0071803156906252502 0.015872572900260652 -0.010813124408766179 -0.01177981595163223 -0.00167772205767335 0.012581528770795786 -0.0022425829270944189
leaf_weight=301.81050224602222 24.11077718436718 20.924209728837013 31.906524166464806 56.183473870158195 267.41796717047691 19.855914205312729 70.755401030182838 23.263011246919632 34.263293087482452 16.553575858473778 77.936838820576668 137.55616874992847 48.762690022587776 50.209663867950439
leaf_count=1258 100 88 132 232 1112 82 298 97 142 69 327 576 202 209
internal_value=0.000346148 0.00154973 0.00401499 -0.00288981 0.00570189 0.0069062 -0.00139002 0.00393094 0.00761406 -0.000320505 -0.00277929 -0.0055156 0.000753239 0.00531492
internal_weight=1181.51 698.099 396.288 77.1077 319.18 287.274 483.411 98.1907 74.9276 40.6644 385.221 215.493 169.728 98.9724
internal_count=4924 2904 1646 320 1326 1194 2020 408 311 169 1612 903 709 411
is_linear=0
shrinkage=0.03


Tree=339
num_leaves=15
num_cat=0
split_feature=5 17 30 19 39 2 3 13 15 12 18 9 39 3
split_gain=3.92574 5.22039 3.83968 4.51281 5.55745 5.89158 4.98247 5.70434 4.45621 5.15677 5.78248 4.27998 3.86183 3.76313
threshold=0.67536770258799728 -9.3499999999999961 -1.0000000180025095e-35 -2.5499999999999994 754.69040629193739 0.80210294391015469 0.024654072568023103 22.100000000000005 -3.5499999999999994 18.100000000000005 4.9500000000000011 0.50000000000000011 1321.0021634661744 0.024539146582569619
decision_type=2 10 2 10 2 2 2 10 10 10 10 10 2 2
left_child=-1 -2 11 6 8 -6 -4 -8 -5 -10 -11 13 -7 -3
right_child=1 2 3 4 5 12 7 -9 9 10 -12 -13 -14 -15
leaf_value=-0.0011085361456521614 -0.012218805689886925 0.0018772571024968045 -0.011012076318608311 -0.013950584541750627 0.013689907848625182 0.0079012712347238251 0.0099696598623825981 -0.0096473365098142042 0.014417664573601821 -0.0088327747892410786 0.0098312631858523021 -0.0036981008905234165 -0.010716588679475027 0.018566750885943978
leaf_weight=808.9411097317934 15.327490150928496 19.328077852725983 39.119324579834938 14.360139444470404 68.47347828745842 14.828594863414766 30.49042184650898 16.613795757293701 17.203043758869171 38.010049119591713 18.086972534656525 14.958538934588431 15.447792276740072 34.552041083574295
leaf_count=3367 65 80 162 61 286 62 127 70 71 159 75 62 65 143
internal_value=4.74165e-05 0.00264731 0.0034813 0.00180079 0.00439106 0.00909289 -0.00373296 0.00278887 -0.00111044 0.00213527 -0.00250297 0.00956429 -0.00177057 0.0132476
internal_weight=1165.74 356.8 341.472 272.634 186.41 98.7499 86.2235 47.1042 87.6602 73.3001 56.097 68.8387 30.2764 53.8801
internal_count=4855 1488 1423 1138 779 413 359 197 366 305 234 285 127 223
is_linear=0
shrinkage=0.03


Tree=340
num_leaves=15
num_cat=0
split_feature=9 39 9 26 26 41 26 13 27 20 3 26 21 15
split_gain=2.71763 5.57367 4.41346 8.30022 4.85776 5.61831 5.36866 3.43703 3.38988 5.40171 4.05833 3.93146 3.41172 3.3388
threshold=1.9000000000000001 2288.4101732996769 -2.2249999999999996 -0.87083333333333324 0.13809523809523813 58.500000000000007 9.0277777777777803 22.675000000000004 13.500000000000002 16.835808282479736 0.024826062477769754 -17.833333333333332 8.7945690311944649 1.9500000000000002
decision_type=8 2 10 8 8 10 8 10 2 10 2 10 8 10
left_child=2 -2 8 -4 -5 7 13 -6 11 10 -10 -1 -13 -7
right_child=1 -3 3 4 5 6 -8 -9 9 -11 -12 12 -14 -15
leaf_value=-0.006954061598986044 0.0013757059039214653 -0.012223863857032816 -0.012714965416932377 0.010003240382710596 0.011617468126440657 -0.0051562617814208678 0.005000748323175634 -0.0039620550899515062 -0.012505402799176323 0.00817860696642775 9.546211367400741e-05 -0.0079462141630275776 0.0033028413938067645 -0.020036301013336404
leaf_weight=43.150264501571655 465.66336980462074 23.792042791843414 86.533612996339798 23.954641088843346 22.881567671895027 34.05035737156868 17.97740463912487 19.91783618927002 57.398532375693321 19.050926372408867 36.31582798063755 21.941464766860008 262.06878538429737 24.582962617278099
leaf_count=180 1941 100 361 100 95 142 75 83 240 80 151 92 1090 102
internal_value=-0.00109868 0.000597717 -0.00233351 -0.00565437 -0.00110778 -0.00364918 -0.00832222 0.00471109 -0.000554044 -0.00492226 -0.00786486 0.00100302 0.00231135 -0.0124791
internal_weight=1159.28 489.455 669.824 229.898 143.365 119.41 76.6107 42.7994 439.926 112.765 93.7144 327.161 284.01 58.6333
internal_count=4832 2041 2791 958 597 497 319 178 1833 471 391 1362 1182 244
is_linear=0
shrinkage=0.03


Tree=341
num_leaves=15
num_cat=0
split_feature=14 23 14 26 22 26 14 3 13 23 16 18 4 4
split_gain=2.2203 3.7875 2.68181 2.16282 4.44113 2.56596 4.64989 3.13155 3.07242 3.81924 2.90162 2.85406 2.81119 4.79749
threshold=31.900000000000002 0.25833333333333336 30.300000000000001 -10.483333333333333 0.62019230769230782 -4.0357142857142847 21.500000000000004 0.024463347533247973 31.700000000000006 0.64495798319327746 -1.7499999999999998 2.6500000000000008 -76.01766100978783 -45.620753820076054
decision_type=10 8 10 8 10 8 10 2 10 8 10 10 2 2
left_child=2 -2 3 4 -1 6 10 11 12 -10 -5 -8 -7 -14
right_child=1 -3 -4 5 -6 8 7 -9 9 -11 -12 -13 13 -15
leaf_value=0.0099178646466030109 -0.0028271729018845412 0.014352307407051363 -0.0086663210309800964 -0.00028331779741798223 -0.0058998950642423593 0.0038394106643209547 0.010497397348551922 -0.0038650346317322891 -0.016958243300573727 0.0023927190838199494 -0.01635717014879744 -0.0035736705326133212 -0.0084506278888226323 0.00045853425291785048
leaf_weight=44.327399104833603 19.254646837711334 19.489399135112762 29.424681425094604 14.558711886405943 19.653586223721504 179.32296974956989 28.285599514842033 98.172436982393265 15.357075795531275 14.740047827363012 29.441567987203598 17.99097940325737 54.891142070293427 589.05632139742374
leaf_count=185 81 82 123 61 82 747 118 408 66 62 122 75 229 2450
internal_value=-0.000166333 0.00646733 -0.000420101 -0.000162652 0.00498353 -0.000500987 -0.00362071 -0.00088 0.000205018 -0.00849038 -0.0116103 0.00521193 0.000572239 -0.000360156
internal_weight=1173.97 38.744 1135.22 1105.8 63.981 1041.82 188.449 144.449 853.368 30.0971 44.0003 46.2766 823.27 643.947
internal_count=4891 163 4728 4605 267 4338 784 601 3554 128 183 193 3426 2679
is_linear=0
shrinkage=0.03


Tree=342
num_leaves=15
num_cat=0
split_feature=9 25 3 14 14 24 20 2 22 20 2 19 25 11
split_gain=2.58706 3.5368 3.37188 3.24383 2.81781 2.7152 4.26166 4.13194 3.81613 3.49377 3.40968 2.80491 2.74114 3.70055
threshold=11.500000000000002 1.4641025641025642 0.024722049054640708 16.900000000000002 14.100000000000001 -0.49107142857142844 11.849050594878902 0.43973088730139781 0.13484848484848486 10.377593214889064 0.65752441840601406 1.0500000000000003 -12.049999999999999 14.900000000000002
decision_type=8 10 2 10 10 10 10 2 8 10 2 10 10 10
left_child=5 2 -2 4 -3 6 8 11 -1 -10 -9 -8 13 -7
right_child=1 3 -4 -5 -6 12 7 10 9 -11 -12 -13 -14 -15
leaf_value=0.011174000295799876 0.0041149426936932425 -0.0037229287698071398 0.020476241361228092 -0.0095998042904067195 0.012434474470681696 -0.0020024581326278006 -0.0047851962369339727 0.0038091088122351839 -0.011315001078830803 0.0049583359390164552 -0.010383757397019583 -0.022239430092962937 0.00043556302993334365 0.015522592985825298
leaf_weight=22.379560187458992 34.904464721679688 15.218568354845049 14.690544128417967 17.367914512753487 15.310966879129408 17.130667641758919 19.059067949652672 34.340964019298553 18.21264736354351 20.045115768909454 20.072668343782425 16.810828328132629 896.90127842128277 20.422286346554756
leaf_count=95 148 63 62 73 64 72 82 143 77 84 84 72 3727 85
internal_value=0.000614442 0.00517062 0.0103928 -0.000707854 0.00498976 0.000183356 -0.0034839 -0.00745861 0.00255145 -0.00320102 -0.00185975 -0.0146853 0.000791033 0.00823219
internal_weight=1182.87 97.4925 49.595 47.8974 30.5295 1085.38 150.921 90.2835 60.6373 38.2578 54.4136 35.8699 934.454 37.553
internal_count=4931 410 210 200 127 4521 637 381 256 161 227 154 3884 157
is_linear=0
shrinkage=0.03


Tree=343
num_leaves=15
num_cat=0
split_feature=15 1 26 23 14 15 42 24 23 23 10 14 26 18
split_gain=2.26898 1.86796 4.63191 7.11534 4.76177 4.16437 4.13076 4.06608 3.77728 3.69234 5.45248 3.19866 6.29195 4.69877
threshold=13.050000000000002 40.750000000000007 10.816666666666668 0.44097222222222227 22.450000000000003 -1.1124999999999998 15.500000000000002 0.10000000000000007 0.15504807692307696 0.64495798319327746 -10.699999999999998 17.633333333333336 5.9705882352941186 2.0500000000000003
decision_type=8 2 10 10 10 10 10 8 8 10 10 10 8 10
left_child=1 2 3 4 5 -1 9 -6 -9 -5 -11 12 -3 -14
right_child=-2 11 -4 6 7 -7 -8 8 -10 10 -12 -13 13 -15
leaf_value=0.0015828658860633713 -0.0079903146351758964 -0.0037990538411554454 -0.011780796235469352 0.014628229029981355 -0.0050689268259558684 -0.013261394660795052 -0.0048486256131869349 -0.0026631856511951874 0.014216263003142153 0.016584750548233263 -0.0027777944571533526 -0.0011541807555380344 0.014877188550376784 0.00075490448681200665
leaf_weight=27.558789044618607 25.079426392912865 56.312919750809669 14.487122774124144 65.674459353089333 26.526620075106621 35.710798159241676 16.137855038046837 15.894328773021696 30.497295245528221 14.322401672601698 37.142621323466301 719.00670559704304 44.693359717726707 37.964335545897484
leaf_count=116 105 233 60 274 111 148 67 66 127 61 154 2996 187 158
internal_value=0.000144057 0.000356761 0.00244336 0.00340877 -0.00141059 -0.0071532 0.00820631 0.00371142 0.0087367 0.0101297 0.00360212 -0.000343965 0.00374243 0.00880392
internal_weight=1167.01 1141.93 283.952 269.465 136.188 63.2696 133.277 72.9182 46.3916 117.139 51.465 857.977 138.971 82.6577
internal_count=4863 4758 1184 1124 568 264 556 304 193 489 215 3574 578 345
is_linear=0
shrinkage=0.03


Tree=344
num_leaves=15
num_cat=0
split_feature=13 42 21 25 12 12 26 26 19 13 23 2 14 23
split_gain=2.54982 6.46037 4.2606 3.60589 3.48909 3.79191 2.7601 2.35192 4.92377 4.64783 4.57488 4.48323 4.4003 5.04318
threshold=29.700000000000006 2.5000000000000004 11.824879607107844 -12.320512820512819 35.100000000000009 32.900000000000006 -2.5634920634920628 -4.0357142857142847 -0.94999999999999984 16.900000000000002 0.30384615384615393 0.47384592618054577 29.900000000000002 0.22474747474747478
decision_type=8 10 8 8 10 10 10 10 8 10 10 2 10 8
left_child=3 2 -2 -1 5 7 -4 8 -5 -10 -9 -11 -13 -14
right_child=1 -3 6 4 -6 -7 -8 10 9 11 -12 12 13 -15
leaf_value=0.0082320712629718774 -0.0088049155522140609 -0.011727228920471698 0.016108209314832454 -0.0069361120329796766 -0.013004931155345324 0.011110662394766917 -0.00026292047610146981 0.011272576794704602 0.011760004889036417 -0.013641054018308153 -0.00013493771090067829 0.0038977890538660761 -0.01715436108731809 0.0026719609614442794
leaf_weight=39.04909360408783 14.164181813597677 53.563696935772896 15.410743400454519 134.3542972356081 14.802375704050062 20.619706302881241 16.689090520143509 28.259604126214981 23.305716753005981 18.157837316393852 647.7415048032999 100.45572744309902 17.983312770724297 20.884744837880135
leaf_count=166 60 229 64 558 63 87 70 117 97 77 2691 419 77 88
internal_value=-0.000614747 -0.00507929 0.00301067 -0.000174736 -0.00053287 -0.000287345 0.00870834 -0.000579047 -0.00269773 0.000553973 0.000421206 -0.00141526 0.000595489 -0.00741088
internal_weight=1165.44 99.8277 46.264 1065.61 1026.56 1011.76 32.0998 991.143 315.142 180.787 676.001 157.482 139.324 38.8681
internal_count=4863 423 194 4440 4274 4211 134 4124 1316 758 2808 661 584 165
is_linear=0
shrinkage=0.03


Tree=345
num_leaves=15
num_cat=0
split_feature=42 18 18 20 18 20 5 3 26 18 10 22 7 3
split_gain=2.42488 3.50111 3.40215 2.70956 5.34161 4.24924 4.41307 5.64689 4.62951 4.5769 4.12901 4.47441 3.42741 3.7743
threshold=25.500000000000004 -12.449999999999998 3.2500000000000004 18.897089494337148 1.8375000000000001 14.146259647029606 0.43482116050789693 0.024807481797745726 -5.1483516483516478 -5.3166666666666655 -6.4999999999999991 0.46410256410256417 2.7054485388235712 0.024884016090660047
decision_type=8 10 10 8 10 10 2 2 10 10 10 10 2 2
left_child=1 -1 -2 5 -5 -3 7 -7 12 -10 -11 -12 13 -8
right_child=2 3 -4 4 -6 6 8 -9 9 10 11 -13 -14 -15
leaf_value=0.012365559404460368 -0.011423746375903399 0.00056648101177605114 0.0042672806380361968 -0.002853606781143739 0.0125108749427803 -0.0142334938167614 0.00065622266148814034 0.0015951553401981843 0.010838384175485652 0.0073575079224731102 -0.013539078243248738 -0.00061093543322626493 -0.018177263155355807 -0.011968851313221849
leaf_weight=14.225468322634695 35.083553716540337 636.78947259485722 14.889806613326071 38.269286081194878 35.164986193180084 57.629216998815536 58.063100159168243 28.626346334815025 30.166531503200531 36.845480382442474 25.605328604578972 115.72629573941231 14.702807262539862 28.234656780958176
leaf_count=61 149 2655 62 160 147 242 241 119 125 154 106 479 62 118
internal_value=-0.000633298 -0.000329861 -0.00678563 -0.000548101 0.0048324 -0.000952265 -0.00337352 -0.00918074 -0.001634 0.000941687 -0.000983996 -0.00333574 -0.00674091 -0.00390368
internal_weight=1170.02 1120.05 49.9734 1105.82 73.4343 1032.39 395.6 86.2556 309.344 208.344 178.177 141.332 101.001 86.2978
internal_count=4880 4669 211 4608 307 4301 1646 361 1285 864 739 585 421 359
is_linear=0
shrinkage=0.03


Tree=346
num_leaves=15
num_cat=0
split_feature=20 18 22 9 9 3 27 1 11 19 6 14 25 20
split_gain=3.15849 5.04718 3.90761 2.84357 6.62626 3.7024 7.00047 5.17344 6.78405 7.96362 5.53499 5.16273 5.60988 5.609
threshold=18.897089494337148 1.7500000000000002 0.51470588235294124 -16.499999999999996 -13.899999999999999 0.024716769096542749 10.500000000000002 39.750000000000007 18.500000000000004 0.95000000000000007 6.562217481070439 27.450000000000003 2.0333333333333337 13.302046626156615
decision_type=8 8 8 8 10 2 2 2 10 10 2 10 8 10
left_child=3 2 -2 -1 -5 6 7 -6 -9 10 -10 13 -13 -11
right_child=1 -3 -4 4 5 -7 -8 8 9 11 -12 12 -14 -15
leaf_value=0.0097401602356121594 -0.0095509995669449833 0.01207228038189276 0.007083628781238722 -0.015237370311632708 -0.0053556770684358591 0.0017951849412249686 -0.0051581144737978752 0.011786819918826954 0.010016504947204323 -0.00045794340589210426 -0.0051268108680339501 0.015545464412974754 -0.0071045295180249112 -0.016878359066818029
leaf_weight=18.328276455402374 22.785139337182045 41.591733232140541 18.670440033078194 23.065966293215752 80.955696240067482 399.10456342995167 301.65059131383896 57.234474718570709 77.770712465047836 34.119823783636093 25.92980107665062 14.594247221946715 15.492558538913729 37.27362085878849
leaf_count=76 95 175 78 96 337 1666 1258 240 322 142 107 60 66 155
internal_value=-0.000188039 0.00527858 -0.00210315 -0.000628545 -0.000851212 -0.0004623 -0.00186217 0.00106578 0.00310991 0.000466692 0.00616834 -0.00537576 0.00453195 -0.00957443
internal_weight=1168.57 83.0473 41.4556 1085.52 1067.19 1044.13 645.022 343.371 262.415 205.181 103.701 101.48 30.0868 71.3934
internal_count=4873 348 173 4525 4449 4353 2687 1429 1092 852 429 423 126 297
is_linear=0
shrinkage=0.03


Tree=347
num_leaves=15
num_cat=0
split_feature=24 26 15 4 26 12 16 27 4 20 16 4 18 17
split_gain=2.57923 5.18921 4.04302 3.7087 3.25395 3.12626 2.6172 2.64911 2.68968 2.58412 3.71436 2.86236 4.17793 4.67591
threshold=0.46818181818181831 -4.0357142857142847 0.65000000000000002 217.42691228116078 -10.654761904761903 15.225000000000001 -8.3666666666666654 14.500000000000002 135.60909201836299 19.771612642600044 2.7500000000000004 80.964922397652018 -4.6499999999999995 4.1125000000000016
decision_type=10 10 10 2 8 8 10 2 2 10 10 2 10 10
left_child=4 2 -2 -4 5 -1 7 8 -6 11 -11 -8 13 -13
right_child=1 -3 3 -5 6 -7 9 -9 -10 10 -12 12 -14 -15
leaf_value=0.012744288451176347 0.0085152305301017996 0.013506942160646136 -0.014684692281567395 0.0016003599568357033 -0.0074078794058962819 -0.001346199234956737 0.00089672017594233681 -0.016287053626155557 0.0064274676887050948 -0.014496946247800423 0.0033368346686650481 -0.0021051506584670691 -0.0040952988662277387 0.013940794277812047
leaf_weight=25.794578492641449 22.997607335448265 30.612777262926102 17.695779457688332 26.306225597858429 30.530262902379036 24.648996636271477 584.33683453500271 14.428155466914175 15.042503774166105 22.627140402793884 14.426668509840963 38.622526049613953 278.64370204508305 22.018308416008949
leaf_count=108 97 127 74 109 128 103 2435 60 63 95 60 161 1160 92
internal_value=-0.000294801 0.0042514 -0.000621854 -0.00577893 -0.00072693 0.00635856 -0.0011064 -0.00693542 -0.00265719 -0.000708309 -0.00798229 -0.000375084 -0.00254668 0.00433914
internal_weight=1168.73 97.6124 66.9996 44.002 1071.12 50.4436 1020.68 60.0009 45.5728 960.675 37.0538 923.621 339.285 60.6408
internal_count=4872 407 280 183 4465 211 4254 251 191 4003 155 3848 1413 253
is_linear=0
shrinkage=0.03


Tree=348
num_leaves=15
num_cat=0
split_feature=14 30 16 12 11 9 2 21 15 10 14 19 9 2
split_gain=3.44918 4.45624 4.17001 5.33413 3.76209 3.63148 3.82626 3.05507 3.03774 5.59544 4.34751 3.59258 4.18146 4.2327
threshold=28.300000000000001 -1.0000000180025095e-35 -5.3499999999999988 27.900000000000002 12.700000000000001 -13.324999999999998 0.86821872629063723 14.206805794640307 5.8500000000000005 11.500000000000002 24.900000000000002 9.1333333333333346 16.300000000000001 0.81014826848285859
decision_type=8 2 8 10 10 10 2 8 10 10 10 10 10 2
left_child=4 -2 -3 7 -1 -6 8 -4 9 11 -10 12 13 -7
right_child=1 2 3 -5 5 6 -8 -9 10 -11 -12 -13 -14 -15
leaf_value=0.0098204333717807814 0.0061428460096124614 -0.0015665787347788653 -0.024652575968456183 0.0020314762881081753 -0.012262901383139275 8.8204036530293314e-05 0.012971712288897604 -0.0051585597832683999 -0.0010051263794130048 0.011929397826730175 -0.013565126128862865 0.0088892858142405138 0.012951054342967136 -0.012120318377613667
leaf_weight=34.554878905415535 27.089632093906403 71.076943069696426 21.098445549607277 14.92762580513954 15.039451122283934 686.10465812683105 17.135212004184723 14.518651366233824 137.35120409727097 35.902100399136543 25.535254448652267 38.690262272953987 16.871985778212547 21.544711336493492
leaf_count=150 113 298 90 62 62 2858 71 61 568 150 106 162 71 90
internal_value=0.000123209 -0.00407035 -0.00649794 -0.0126673 0.000746178 0.000383216 0.000638776 -0.0183194 0.000353165 0.00111776 -0.00331948 0.000534837 3.08327e-05 -0.000365919
internal_weight=1177.44 148.711 121.622 50.5447 1028.73 994.175 979.135 35.6171 962 799.114 162.886 763.212 724.521 707.649
internal_count=4912 624 511 213 4288 4138 4076 151 4005 3331 674 3181 3019 2948
is_linear=0
shrinkage=0.03


Tree=349
num_leaves=15
num_cat=0
split_feature=40 14 14 20 24 21 21 26 18 24 20 0 8 8
split_gain=2.4728 3.30016 4.63962 3.29655 6.061 3.48441 6.94313 4.54084 4.06697 3.7032 3.25509 3.12015 5.7365 3.00094
threshold=1.0000000180025095e-35 31.900000000000002 30.300000000000001 16.945173019094231 -0.59166666666666645 15.27325172384228 14.000992015693729 1.2071428571428573 -3.7499999999999996 0.13284313725490199 14.180777252505857 -1.0000000180025095e-35 4.7000000000000002 -16.499999999999996
decision_type=2 10 10 8 10 10 8 10 10 10 8 2 8 10
left_child=1 2 13 4 -2 6 7 9 -7 -6 -3 -5 -13 -1
right_child=3 10 -4 11 5 8 -8 -9 -10 -11 -12 12 -14 -15
leaf_value=-0.01118475300123494 0.016430913875832218 0.016134652324834964 -0.013510631280020691 0.0058571701422329902 0.012064688636446223 0.0089487097895216694 0.016328472035369371 -0.0053517198018146065 -0.0069989934204287459 -0.0009603584743916357 -0.001943268440818007 -0.018481395320453987 0.0041693014533652692 -0.00022633511407146441
leaf_weight=18.151117518544197 26.017918601632118 15.624543517827989 20.606589779257774 14.921669870615004 36.077276408672333 14.365878388285635 30.617941558361053 50.733662337064743 54.148077830672264 36.344635188579559 14.151224032044409 18.16710539162159 15.095658808946608 798.36509962379932
leaf_count=80 110 66 87 62 149 60 127 210 224 151 60 75 62 3330
internal_value=0.000247608 -0.000563341 -0.000934223 0.00258874 0.00398006 0.00219333 0.00465565 0.00122982 -0.0032739 0.00588824 0.00849885 -0.00428116 -0.00900028 -0.000536531
internal_weight=1163.39 866.899 837.123 296.49 248.305 222.287 153.774 123.156 68.514 72.4219 29.7758 48.1844 33.2628 816.516
internal_count=4853 3623 3497 1230 1031 921 637 510 284 300 126 199 137 3410
is_linear=0
shrinkage=0.03


Tree=350
num_leaves=15
num_cat=0
split_feature=11 16 41 25 19 16 7 16 15 20 27 24 24 4
split_gain=2.26246 2.64396 4.51639 3.23338 3.17142 2.67372 4.09012 6.64051 5.82208 3.70319 5.43563 4.4862 6.00809 3.54409
threshold=35.500000000000007 -8.9499999999999975 63.500000000000007 -2.6568627450980387 0.35000000000000003 -6.0499999999999989 -1.2135736231440883 -7.4499999999999993 -3.3499999999999992 16.074479056691882 14.500000000000002 0.099707602339181259 -0.46547619047619043 121.59816981361838
decision_type=10 8 10 10 10 8 2 10 10 10 2 10 8 2
left_child=1 2 4 -4 -1 6 7 -3 -8 -7 11 12 -11 -13
right_child=-2 5 3 -5 -6 9 8 -9 -10 10 -12 13 -14 -15
leaf_value=-0.005604384964277607 0.010182507002257932 0.010456987706341021 -0.00083844822715852386 -0.017137727290982195 0.011578263602365579 0.0010220231572895873 -0.0036908901801861109 -0.012486529198866902 0.013885242024106764 -0.016397485993462527 0.0052492907480907866 -0.021604264671888751 0.0005837727777393718 -0.0051688342762548304
leaf_weight=14.512542083859445 15.606863707303999 14.913665935397146 18.320682391524315 24.387257978320122 14.89237806200981 753.92680928111076 21.707897290587425 21.838868677616119 51.463257402181625 17.826070442795753 47.320094659924507 19.610883295536041 103.31569680571556 31.089624166488647
leaf_count=60 65 62 77 100 63 3145 91 90 215 77 198 82 429 130
internal_value=0.000329272 0.000152834 -0.005216 -0.0109664 0.00351588 0.000532647 0.00486012 -0.00303903 0.00876832 2.14545e-05 -0.00336656 -0.00582044 -0.00246594 -0.0128947
internal_weight=1170.73 1155.13 72.1129 42.7079 29.4049 1083.01 109.924 36.7525 73.1712 973.089 219.162 171.842 121.142 50.7005
internal_count=4884 4819 300 177 123 4519 458 152 306 4061 916 718 506 212
is_linear=0
shrinkage=0.03


Tree=351
num_leaves=15
num_cat=0
split_feature=19 11 5 16 44 8 22 0 20 30 11 17 5 21
split_gain=2.3114 4.46345 7.25111 5.50872 5.13342 5.00288 5.67506 5.28481 4.99029 4.26926 4.389 3.55447 3.93211 3.26182
threshold=-2.5499999999999994 21.900000000000002 0.56472713305602551 3.0500000000000003 1.0000000180025095e-35 2.4500000000000006 0.20416666666666669 2.7500000000000004 14.862705002791389 -1.0000000180025095e-35 23.225000000000005 4.1125000000000016 0.53889351538183239 12.206100478403778
decision_type=10 10 2 10 2 10 10 2 10 2 10 8 2 8
left_child=1 5 3 -3 9 6 7 -1 11 -4 -11 12 -8 -12
right_child=-2 2 4 -5 -6 -7 8 -9 -10 10 13 -13 -14 -15
leaf_value=-0.015428646105819505 0.0018576090135373729 0.018046477724796804 0.0077843232517325611 -0.00095819188233664456 0.012035830736612073 -0.01760283237311636 0.00069350442734096888 0.0039681942536038666 0.0096412148738000501 0.0056260895469262325 -0.017272559391374172 0.0083926452350385362 -0.013353093757898402 -0.0039084021160081736
leaf_weight=38.217810496687889 806.8896622210741 32.319502383470535 17.184690788388252 20.950210437178612 15.64273853600025 17.11849108338356 37.514782294631004 15.412525400519369 38.176630258560181 16.329018220305443 28.618119806051254 15.429825156927107 28.568000346422195 39.836846202611923
leaf_count=162 3364 134 71 87 65 71 156 65 160 68 119 64 120 166
internal_value=0.000968174 -0.00101634 0.00246674 0.0111313 -0.00175161 -0.00412487 -0.00233742 -0.00999127 0.00135523 -0.00433042 -0.00708269 -0.00285845 -0.00589105 -0.0102908
internal_weight=1168.21 361.319 170.881 53.2697 117.611 190.438 173.32 53.6303 119.689 101.969 84.784 81.5126 66.0828 68.455
internal_count=4872 1508 710 221 489 798 727 227 500 424 353 340 276 285
is_linear=0
shrinkage=0.03


Tree=352
num_leaves=15
num_cat=0
split_feature=21 13 0 4 26 42 14 13 23 11 7 26 1 7
split_gain=2.06413 4.08095 5.32205 3.78404 1.93304 1.93272 2.31268 3.13432 5.81182 2.66865 3.38751 4.83728 4.40777 3.75926
threshold=9.0191155023341754 24.100000000000005 7.2500000000000009 -21.554587873477654 -16.708333333333332 19.500000000000004 31.900000000000002 31.700000000000006 0.58578431372549034 18.300000000000001 1.6923314736116073 8.9309523809523821 50.250000000000007 0.82564129286501597
decision_type=10 10 2 2 8 10 10 8 8 10 2 10 2 2
left_child=1 2 3 -1 -2 6 7 9 -9 -6 12 -12 13 -11
right_child=4 -3 -4 -5 5 -7 -8 8 -10 10 11 -13 -14 -15
leaf_value=-0.00026217764069914038 -0.0088008608733192561 0.0039074149855267831 0.0057268945533456208 -0.016963574750270802 0.0031592902712488206 0.0079594816781148516 0.0079442897521772218 -0.017431689527983678 0.0046987299383193714 -0.0013490240548070576 -0.0058151687641266664 0.007004331147144811 0.0082759035510558115 0.0062117241661387322
leaf_weight=17.35174173116684 15.293410688638685 36.634159758687019 16.667618080973625 37.510835111141205 232.13385544717312 25.755529507994652 29.612237572669983 19.482960566878319 15.919282704591749 401.68241868913174 164.34200610220432 27.031010046601295 56.754231065511703 64.273492813110352
leaf_count=73 64 155 70 158 971 108 124 84 67 1667 686 114 235 267
internal_value=-3.94778e-05 -0.00389015 -0.00787804 -0.0121444 0.000372859 0.000549734 0.000322779 5.37678e-05 -0.00813037 0.000401101 -0.000511264 -0.0038722 0.000744264 -0.000251226
internal_weight=1160.44 108.164 71.5302 54.8626 1052.28 1036.99 1011.23 981.619 35.4022 946.217 714.083 191.373 522.71 465.956
internal_count=4843 456 301 231 4387 4323 4215 4091 151 3940 2969 800 2169 1934
is_linear=0
shrinkage=0.03


Tree=353
num_leaves=15
num_cat=0
split_feature=41 15 11 4 41 16 25 18 15 25 15 13 13 15
split_gain=2.28499 4.05555 2.98432 4.76616 2.93137 3.58556 2.75994 2.67154 2.55778 6.0806 3.13481 5.82019 3.53604 3.17145
threshold=59.500000000000007 -9.7499999999999982 14.225000000000001 -176.31600813730628 56.500000000000007 0.75000000000000011 8.9687500000000018 13.15 -8.7499999999999982 -12.049999999999999 -5.5499999999999989 25.700000000000006 30.700000000000006 -4.7499999999999991
decision_type=8 10 10 2 10 10 8 10 8 10 10 8 8 10
left_child=1 -1 -3 -4 6 -6 -5 8 9 -2 11 -10 -13 -12
right_child=7 2 3 4 5 -7 -8 -9 10 -11 13 12 -14 -15
leaf_value=0.010767021213986074 0.0073415456687288905 -0.01137262425344006 0.012266724080093367 -0.0021233697068569609 -0.0014088062324236785 -0.018469076461165596 0.0054623810938905643 0.012143132333829226 0.016293081493284556 -0.012187099634052106 -0.008825637944143051 -0.0047619253680189783 0.0096825093961417901 0.0013842728990014579
leaf_weight=19.077087849378586 19.063555404543877 23.047971189022064 17.376275360584259 276.07243633270264 26.202677726745605 15.454109713435171 46.111146703362465 15.77926956117153 30.928079605102539 32.412134736776352 23.785086929798126 35.718444004654884 19.417672425508499 573.49227559566498
leaf_count=81 82 97 73 1152 109 65 192 66 130 137 101 149 82 2385
internal_value=0.000528507 -0.00122476 -0.00191528 -0.00120367 -0.00200455 -0.00903892 -0.000970807 0.00151892 0.00121026 -0.00494517 0.00170649 0.00689519 0.000707165 0.000907795
internal_weight=1173.94 423.342 404.265 381.217 363.84 41.6568 322.184 750.597 734.817 51.4757 683.342 86.0642 55.1361 597.277
internal_count=4901 1769 1688 1591 1518 174 1344 3132 3066 219 2847 361 231 2486
is_linear=0
shrinkage=0.03


Tree=354
num_leaves=15
num_cat=0
split_feature=26 17 17 13 2 20 20 7 19 5 30 5 20 11
split_gain=2.56829 7.39007 4.14624 3.69904 2.30879 2.34427 4.12007 4.48869 3.83248 3.77514 4.65185 7.04032 4.21156 3.56289
threshold=-13.949999999999998 -5.549999999999998 1.1000000000000005 22.900000000000002 0.87885135748176058 15.993922433270155 16.424405937385671 -4.1880423119774868 7.0500000000000007 0.67958012970441406 1.0000000180025095e-35 0.48774829120710783 18.662797208498645 24.100000000000005
decision_type=10 8 8 10 2 10 10 2 10 2 2 2 8 10
left_child=1 -1 -3 -4 5 -2 13 -8 9 10 11 -9 -11 -7
right_child=4 2 3 -5 -6 6 7 8 -10 12 -12 -13 -14 -15
leaf_value=0.011108635634806506 0.00091498814380378468 -0.017001793154486879 -0.0083427192430082127 0.0059675948901638754 0.010170732621250438 -0.017231093686257734 -0.012595330256767259 -0.0018490946916139325 -0.0094514052652358207 -0.010456106582781318 -0.0069136149636404055 0.014091080312493036 0.0058697005697870754 0.00076626918818822919
leaf_weight=17.808187991380692 820.92406284809113 26.472455099225044 38.986046954989433 21.379005149006844 16.070888966321945 22.794914484024048 20.037174895405769 38.909722089767456 22.861110270023346 30.306399449706078 18.923527628183365 59.602853387594223 19.629811391234398 14.73928055167198
leaf_count=75 3422 112 164 89 67 96 83 163 96 126 80 249 83 61
internal_value=-0.000104318 -0.00448047 -0.00810815 -0.00320575 0.00033645 0.000141895 -0.00238664 -0.000648223 0.000900503 0.00254759 0.00542105 0.00800995 -0.00408834 -0.0109044
internal_weight=1189.45 104.646 86.8375 60.3651 1084.8 1068.73 247.805 210.271 190.233 167.372 117.436 98.5126 49.9362 37.5342
internal_count=4966 440 365 253 4526 4459 1037 880 797 701 492 412 209 157
is_linear=0
shrinkage=0.03


Tree=355
num_leaves=15
num_cat=0
split_feature=19 16 19 21 22 12 16 19 16 19 12 27 13 18
split_gain=2.13612 6.34468 7.22427 6.67702 6.91174 5.27685 5.0053 4.73325 4.75719 6.01053 4.60297 5.45473 4.27164 9.31841
threshold=5.9500000000000011 2.3500000000000001 8.3500000000000032 16.127616066858739 0.54772727272727284 29.700000000000006 -5.4499999999999993 4.2500000000000009 2.1500000000000008 -7.8666666666666663 23.500000000000004 10.500000000000002 22.100000000000005 -0.34999999999999992
decision_type=10 10 10 8 8 10 10 10 10 10 10 2 8 8
left_child=7 3 5 6 -5 -3 -2 8 12 -10 -11 -12 -1 -14
right_child=1 2 -4 4 -6 -7 -8 -9 9 10 11 -13 13 -15
leaf_value=0.0045282862307911278 -2.7146360955251539e-05 0.0046582706716157673 0.011532212513486739 0.015918439715523796 -0.0075827879741730379 -0.016518054165710807 -0.014311082400545259 0.0069185481247580252 0.0087037109347622849 -0.0089825840110123126 0.0042036664945544772 -0.0062343524881528709 -0.009292145996836372 0.0024990385336742479
leaf_weight=262.69409224390984 31.428655445575714 18.598738208413124 45.093014508485794 17.456749901175499 18.247458890080452 15.336996376514433 69.367733284831047 98.572949305176735 31.583440765738487 107.3896930962801 83.922521516680717 86.577034473419189 77.591028928756714 218.94083514809608
leaf_count=1092 132 77 189 72 77 65 294 412 132 446 351 361 325 913
internal_value=0.000252826 -0.00241415 0.00418529 -0.00624786 0.00445153 -0.00580439 -0.0100691 0.000856446 0.00013291 -0.0028246 -0.00426553 -0.00112321 0.00178011 -0.000689185
internal_weight=1182.8 215.529 79.0287 136.501 35.7042 33.9357 100.796 967.272 868.699 309.473 277.889 170.5 559.226 296.532
internal_count=4938 906 331 575 149 142 426 4032 3620 1290 1158 712 2330 1238
is_linear=0
shrinkage=0.03


Tree=356
num_leaves=15
num_cat=0
split_feature=10 4 10 27 4 10 43 17 16 14 17 10 15 16
split_gain=2.661 4.34143 3.87607 6.02531 3.75402 3.5726 3.18792 6.02093 4.57501 4.45203 3.84667 6.37619 3.20569 4.25807
threshold=15.100000000000003 267.12212497901311 19.100000000000005 11.500000000000002 242.1817625614996 13.700000000000003 1.0000000180025095e-35 5.4083333333333341 -1.2499999999999998 24.100000000000005 -3.75 -13.499999999999996 -12.683333333333332 -6.0499999999999989
decision_type=8 2 8 2 2 10 2 10 10 10 10 10 10 10
left_child=1 4 3 -2 5 6 12 8 9 -8 11 -10 -1 -14
right_child=2 -3 -4 -5 -6 -7 7 -9 10 -11 -12 -13 13 -15
leaf_value=-0.011735666625545539 -0.020003263400223497 0.0089751741637277699 0.00070423758123103306 0.0016891603481958605 -0.01049717777818035 0.011732595104654712 0.016537457041075621 -0.01845829116334062 -0.011029325532193738 -0.0029840759827473892 -0.013194848979041262 0.0097789674175420404 0.0065284986054347394 8.7372015922224002e-06
leaf_weight=13.803986638784407 22.971387207508087 43.881168767809868 50.922555178403854 18.368908748030663 25.764263316988945 18.376910373568535 15.81905375421047 17.99001570045948 19.488449603319168 18.657701313495636 28.965469688177109 23.891565203666687 97.420552939176559 752.96571220457554
leaf_count=60 96 185 213 76 109 77 66 75 83 78 121 100 406 3138
internal_value=-0.000189394 0.000238681 -0.00494189 -0.0112223 -0.000173827 0.000140738 -0.000132587 -0.00451721 -0.00144902 0.00693314 -0.00563356 0.000257102 0.000523013 0.000789439
internal_weight=1169.29 1077.02 92.2629 41.3403 1033.14 1007.38 989.003 124.812 106.822 34.4768 72.3455 43.38 864.19 850.386
internal_count=4883 4498 385 172 4313 4204 4127 523 448 144 304 183 3604 3544
is_linear=0
shrinkage=0.03


Tree=357
num_leaves=15
num_cat=0
split_feature=3 25 16 20 34 24 24 1 39 11 1 9 14 9
split_gain=2.42522 3.73789 5.4527 4.25979 4.16277 3.80391 6.8947 5.60583 4.0987 9.62711 5.86702 4.68247 5.79468 5.07264
threshold=0.024327234789011557 -12.049999999999999 0.65000000000000002 14.244882109881969 1.0000000180025095e-35 -0.4416666666666666 -0.13333333333333336 46.250000000000007 446.89461688094599 26.300000000000001 43.750000000000007 -3.6999999999999997 26.900000000000002 3.9000000000000004
decision_type=2 8 8 8 2 8 8 2 2 10 2 10 8 10
left_child=-1 2 -2 4 -3 -5 7 -7 9 -8 11 12 -10 -13
right_child=1 3 -4 5 -6 6 8 -9 10 -11 -12 13 -14 -15
leaf_value=0.0020288665635233754 0.015328705891952846 0.00099878649524597334 -0.0043751315605462544 -0.015521380983483749 -0.009580885772548571 -0.0015919102736763576 -0.006890546174888078 0.016687218902080542 0.013666751273531685 0.016511115541419714 -0.012932559293388135 -0.015605908335617008 -0.0071497145639449547 0.0046174743736456109
leaf_weight=323.09787119925022 24.300060987472534 460.98774163424969 19.115746140480042 20.11777625977993 31.065289869904518 35.442011490464211 41.549554035067558 20.345778614282608 23.475229203701019 18.993346646428108 88.718246042728424 25.426062390208244 16.697200253605843 14.703204542398451
leaf_count=1348 102 1925 82 86 129 147 174 85 98 78 371 106 71 61
internal_value=-0.00016128 -0.00100978 0.00709732 -0.00149258 0.000241191 -0.00424428 -0.00319563 0.00589873 -0.00548435 0.00115047 -0.00782571 -0.00175626 0.00518093 -0.00850551
internal_weight=1164.04 840.937 43.4158 797.521 492.053 305.468 285.351 55.7878 229.563 60.5429 169.02 80.3017 40.1724 40.1293
internal_count=4863 3515 184 3331 2054 1277 1191 232 959 252 707 336 169 167
is_linear=0
shrinkage=0.03


Tree=358
num_leaves=15
num_cat=0
split_feature=24 13 18 2 12 9 4 18 26 17 9 18 3 13
split_gain=2.21153 3.6128 2.21664 7.10958 4.50399 2.91042 5.51086 5.60731 5.32317 5.12068 4.72549 4.86015 4.41113 4.21523
threshold=0.64087301587301593 18.100000000000005 -7.7499999999999991 0.69655114682739006 19.900000000000002 1.9000000000000001 180.52643869310137 1.6333333333333335 14.522727272727275 3.3166666666666678 -1.0999999999999999 -4.8499999999999988 0.024932539339357577 17.100000000000005
decision_type=10 8 10 2 8 10 2 10 10 10 8 10 2 10
left_child=2 -2 3 4 -1 10 7 8 9 -7 13 -12 -13 -4
right_child=1 -3 5 -5 -6 6 -8 -9 -10 -11 11 12 -14 -15
leaf_value=0.0023566423324881416 0.015982905386231688 -0.0010212392722454308 -0.0081574770354030917 0.008977213104442449 -0.014431280937536572 0.0085002909569543046 -0.010452664867663344 -0.0013745301991869559 -0.0091281098203722447 -0.0045882245774092707 0.007409270736381591 -0.003926039363767694 -0.015640672802366255 0.0010017349620682159
leaf_weight=18.249317094683647 14.336469545960425 25.550989329814911 45.925227791070938 20.03897987306118 46.196084767580032 191.92867058515549 26.984674632549286 188.36424024403095 16.394243478775024 27.929379642009735 16.986310482025146 88.959269940853119 41.799876928329468 398.78008732199669
leaf_count=77 60 107 192 84 194 801 113 786 69 116 71 372 176 1662
internal_value=-0.000343307 0.00618999 -0.000600508 -0.00513223 -0.00984996 -0.000211089 0.00159322 0.00247148 0.00550285 0.00677256 -0.00158826 -0.00614072 -0.00810899 -2.43287e-05
internal_weight=1168.42 39.8875 1128.54 84.4844 64.4454 1044.05 451.601 424.617 236.252 219.858 592.451 147.745 130.759 444.705
internal_count=4880 167 4713 355 271 4358 1885 1772 986 917 2473 619 548 1854
is_linear=0
shrinkage=0.03


Tree=359
num_leaves=15
num_cat=0
split_feature=13 13 26 24 1 35 13 41 23 20 14 20 10 17
split_gain=2.17918 4.77126 4.43077 4.09571 4.69844 7.47828 8.79421 6.71902 4.54328 5.09997 4.62002 4.02892 6.50947 6.00665
threshold=25.450000000000003 26.100000000000005 -10.483333333333333 0.072077922077922116 39.250000000000007 1.0000000180025095e-35 23.450000000000003 50.500000000000007 0.63245614035087727 12.103259432437575 20.900000000000002 11.226456803184915 -1.3666666666666663 1.7499999999999998
decision_type=8 8 10 8 2 2 10 10 10 10 10 8 10 10
left_child=3 -2 -3 4 7 11 8 -1 9 -7 -10 12 -6 -13
right_child=1 2 -4 -5 5 6 -8 -9 10 -11 -12 13 -14 -15
leaf_value=0.0073775735472578988 -0.010829847105251906 0.008336298340750066 -0.0018600814262857784 -0.0010350873181372712 -0.0068480299468846647 -0.010093952632974001 0.011337028035273576 -0.0083046813197907837 -0.0027866222433982233 0.0089546154201680678 -0.02094584722562319 0.014533289434106004 0.011579326973416163 0.0031302331137742752
leaf_weight=34.068764343857765 39.597958073019981 40.54062394797802 238.23590296506882 401.0505927503109 36.046726435422897 16.560276865959167 31.221470490098 62.359015583992004 27.99181167781353 25.71635377407074 20.989583358168602 102.20516264438629 24.801434382796288 73.461644396185875
leaf_count=142 165 170 1000 1678 150 69 130 260 116 106 87 428 103 305
internal_value=0.000383227 -0.00171871 -0.000256534 0.00117002 0.00310201 0.00466874 -0.00131975 -0.00267345 -0.00601389 0.00121465 -0.0117876 0.00773301 0.000971801 0.00998328
internal_weight=1174.85 318.374 278.777 856.473 455.422 358.994 122.479 96.4278 91.258 42.2766 48.9814 236.515 60.8482 175.667
internal_count=4909 1335 1170 3574 1896 1494 508 402 378 175 203 986 253 733
is_linear=0
shrinkage=0.03


Tree=360
num_leaves=15
num_cat=0
split_feature=18 16 28 19 11 30 7 2 7 39 1 1 35 14
split_gain=2.34856 3.91629 2.26235 4.99721 5.64345 5.56564 3.92448 3.62377 3.41013 2.76168 4.35737 4.68735 4.69538 5.88492
threshold=12.750000000000002 -1.0499999999999998 6.5000000000000009 -4.7499999999999991 17.500000000000004 -1.0000000180025095e-35 1.4560613064890962 0.67171989106787844 -0.13146117906564078 447.75952350939139 50.750000000000007 42.750000000000007 1.0000000180025095e-35 18.900000000000002
decision_type=10 10 2 8 10 2 2 2 2 2 2 2 2 10
left_child=2 -2 3 8 -5 7 -7 -6 -1 10 11 12 13 -4
right_child=1 -3 9 4 5 6 -8 -9 -10 -11 -12 -13 -14 -15
leaf_value=-0.015278193072071343 0.016874466513582792 -0.0020543240215053857 -0.019767797450530963 -0.0062984053163903271 0.020511499577412939 0.0071800993495858461 -0.008955200546567928 0.0039356339127022948 0.0030111230444000454 0.00037617731482717757 0.010217300357159866 -0.0083166391363490855 0.0044501384214090268 0.0018744365092130339
leaf_weight=14.73707388341427 14.66563433408737 17.765913411974907 15.089130923151968 23.944767311215401 33.610880762338638 30.369963616132736 17.061512142419815 21.250913590192795 14.573830261826513 730.30158324539661 15.378538772463797 120.80847169458866 74.318556979298592 24.097802639007568
leaf_count=61 61 74 63 100 139 125 72 88 61 3054 64 506 310 100
internal_value=0.000222304 0.007616 -2.13244e-05 0.00328101 0.0058624 0.00886985 0.00107559 0.0149558 -0.00707086 -0.000559479 -0.00324975 -0.00432863 8.77822e-05 -0.00775288
internal_weight=1167.97 32.4315 1135.54 155.549 126.238 102.293 47.4315 54.8618 29.3109 979.994 249.693 234.314 113.505 39.1869
internal_count=4878 135 4743 646 524 424 197 227 122 4097 1043 979 473 163
is_linear=0
shrinkage=0.03


Tree=361
num_leaves=15
num_cat=0
split_feature=3 3 10 13 8 1 19 8 27 13 8 39 8 21
split_gain=2.01622 3.83987 5.22191 7.14047 3.48462 2.54712 1.95742 3.82869 3.16488 4.89481 3.95079 4.61548 3.46452 3.3029
threshold=0.042854956491320213 0.031904831632297855 -9.3666666666666654 21.450000000000003 0.70000000000000007 42.250000000000007 -2.6124999999999994 -14.549999999999999 17.500000000000004 17.100000000000005 -6.0999999999999988 819.02072968314258 -10.299999999999999 17.082804869874916
decision_type=2 2 10 10 10 2 8 8 2 10 10 2 10 10
left_child=1 6 -3 5 -2 -4 8 -8 9 -1 11 -11 -13 -12
right_child=4 2 3 -5 -6 -7 7 -9 -10 10 13 12 -14 -15
leaf_value=-0.011394092172537444 -0.0024096821125305016 0.0068747683266858275 0.007344109570288841 -0.02037208484165871 0.013446019856413693 -0.0070437532418546802 0.011622467260175245 0.00011438788792978088 0.0092364311640749219 -0.014262737216464495 -0.00050895763710666982 0.0087821189305618656 -0.007726854426675458 0.010899135633466471
leaf_weight=47.04364325106144 22.925488218665123 16.010758012533188 14.405156210064886 29.206343427300453 19.395458802580833 20.907958418130875 22.007642433047295 713.70894806087017 15.452348843216894 33.730310797691345 161.46958582103252 17.914834529161453 17.870884075760841 21.532596468925476
leaf_count=196 96 67 60 123 81 87 96 2978 65 143 671 76 74 90
internal_value=-0.000562587 -0.000813005 -0.00692604 -0.0105989 0.00550983 -0.000991629 -0.000313905 0.000534762 -0.00227336 -0.00300896 -0.00125592 -0.00708411 0.000601211 0.00108752
internal_weight=1173.58 1131.26 80.5302 64.5195 42.3209 35.3131 1050.73 735.717 315.014 299.562 252.518 69.516 35.7857 183.002
internal_count=4903 4726 337 270 177 147 4389 3074 1315 1250 1054 293 150 761
is_linear=0
shrinkage=0.03


Tree=362
num_leaves=15
num_cat=0
split_feature=25 14 25 17 15 4 15 26 15 15 3 25 26 26
split_gain=2.69394 6.41918 2.57403 2.73635 3.02592 4.66658 2.91664 4.88959 4.20868 4.40508 3.91603 5.33661 6.34936 4.04343
threshold=12.055555555555557 21.300000000000001 11.275000000000002 12.650000000000004 8.0500000000000025 114.76249255077018 5.8500000000000005 0.41421568627450983 5.3500000000000005 4.4500000000000011 0.025241919426561402 -9.7416666666666654 -6.7416666666666663 0.51666666666666672
decision_type=10 8 10 10 10 2 10 10 10 10 2 8 10 10
left_child=2 -2 3 4 6 -6 8 -8 9 10 11 12 -1 -13
right_child=1 -3 -4 -5 5 -7 7 -9 -10 -11 -12 13 -14 -15
leaf_value=0.0078501103526223675 0.0041389776132452153 -0.01439407644954498 0.010967302921646481 -0.005970509048342074 0.01404290856334366 -0.0034733590604232711 0.0028077995394110052 -0.013193308467698011 0.012455176442557824 -0.0089089313814726921 -0.0027958226365503887 0.00031908719393150471 -0.010063757736359705 0.0054569509433072851
leaf_weight=20.411817505955696 27.567421272397041 32.059054106473923 14.390322759747503 61.24000583589077 29.084616139531136 20.132570758461952 28.638036668300629 33.111084684729576 20.250079780817032 41.98848694562912 229.04414150118828 285.49779163300991 59.359769120812416 262.77620735764503
leaf_count=86 115 134 60 257 121 84 119 137 84 174 959 1193 252 1094
internal_value=-0.000214617 -0.00616829 0.000132695 -5.95011e-05 0.000318983 0.00721824 -6.1974e-05 -0.00611787 0.00037568 3.62326e-05 0.000523582 0.00174667 -0.00528733 0.00280862
internal_weight=1165.55 59.6265 1105.92 1091.53 1030.29 49.2172 981.077 61.7491 919.328 899.078 857.09 628.046 79.7716 548.274
internal_count=4869 249 4620 4560 4303 205 4098 256 3842 3758 3584 2625 338 2287
is_linear=0
shrinkage=0.03


Tree=363
num_leaves=15
num_cat=0
split_feature=37 15 11 26 2 42 23 14 26 16 26 42 42 27
split_gain=3.85934 4.75302 5.89691 4.89655 6.20057 4.79432 4.5853 2.53035 5.42741 4.75854 4.64367 4.3198 4.49416 3.90647
threshold=1.0000000180025095e-35 -0.94999999999999984 19.900000000000002 4.7735042735042743 0.73176580398842217 3.5000000000000004 0.70294117647058829 23.225000000000005 -3.3798076923076921 2.8500000000000001 -1.3229166666666663 13.500000000000002 10.500000000000002 12.500000000000002
decision_type=2 8 10 10 2 10 10 8 10 8 8 8 10 2
left_child=7 2 -2 4 -3 -4 -5 8 -1 10 11 12 13 -9
right_child=1 3 5 6 -6 -7 -8 9 -10 -11 -12 -13 -14 -15
leaf_value=-0.0057141539400426267 0.0087989129023547177 -0.016091903768718087 0.0036404667701189428 0.012695331034487046 0.00014073984887925478 -0.013895746699112272 -0.0056028423759395471 0.0069309019884797925 0.0014410587462265856 0.012324290715523175 -0.0027785225317089081 0.012828246880224442 -0.0082290165710202437 -0.0024392561356039897
leaf_weight=116.99047416448593 48.987784698605537 56.78217114508152 24.811816647648811 15.105925306677817 32.094084620475769 23.048858746886253 27.081217616796494 124.80176496505737 432.89381693303585 39.054329678416252 125.21790978312492 38.644268304109573 26.442955687642097 54.859571114182472
leaf_count=489 205 236 103 63 134 97 112 522 1806 165 525 162 113 228
internal_value=0.00037773 -0.00308985 0.00190286 -0.00671354 -0.0105348 -0.00532023 0.00160013 0.00121366 -0.000119019 0.00298509 0.00184804 0.00422331 0.00234427 0.00408115
internal_weight=1186.82 227.912 96.8485 131.063 88.8763 47.8607 42.1871 958.905 549.884 409.021 369.966 244.749 206.104 179.661
internal_count=4960 950 405 545 370 200 175 4010 2295 1715 1550 1025 863 750
is_linear=0
shrinkage=0.03


Tree=364
num_leaves=15
num_cat=0
split_feature=39 8 20 3 11 39 23 9 25 2 2 14 24 8
split_gain=2.12421 3.96363 5.20086 3.79753 3.88236 6.40581 3.65678 4.64592 5.4151 4.17413 9.73618 5.21468 4.02334 4.26766
threshold=447.75952350939139 -1.8999999999999997 9.9833188629029319 0.019217230754196461 29.700000000000006 1089.7752136107267 0.77097902097902116 -7.8999999999999995 5.8452380952380958 0.39182767461533541 0.41714548860309325 29.500000000000004 0.30914918414918424 7.1000000000000005
decision_type=2 10 10 2 10 2 10 8 10 2 2 8 10 10
left_child=1 -1 -3 -2 6 -6 7 8 -5 -9 -11 12 13 -12
right_child=3 2 -4 4 5 -7 -8 9 -10 10 11 -13 -14 -15
leaf_value=-0.0059970044372763334 0.0072841277991224328 -0.0097679325350176049 0.0031246742953591222 -0.006170454514011282 -0.012768162614269302 0.003269325464277161 -0.0041986415390498043 0.0084821402964373148 0.011158736723052084 -0.013645762025137632 -0.0007698369588339585 0.017446270719638127 0.0097843497311590685 0.0091661148773904116
leaf_weight=127.50366358458996 69.945815309882164 29.392582550644875 150.99725368618965 97.509168460965157 45.305407032370567 37.444475874304771 100.75866179168224 98.675131008028984 14.564462736248968 29.279245391488075 250.04917085170746 16.54365274310112 47.705597102642059 40.948750436306
leaf_count=537 293 122 628 409 188 156 421 414 62 123 1041 70 199 171
internal_value=5.93818e-05 -0.00205542 0.000817176 0.000834114 0.00021204 -0.00573839 0.000955355 0.00185545 -0.00353806 0.00312984 0.00166511 0.0030989 0.00215452 0.00075955
internal_weight=1156.62 307.893 180.39 848.73 778.784 82.7499 696.034 595.275 112.074 483.202 384.526 355.247 338.704 290.998
internal_count=4834 1287 750 3547 3254 344 2910 2489 471 2018 1604 1481 1411 1212
is_linear=0
shrinkage=0.03


Tree=365
num_leaves=15
num_cat=0
split_feature=8 21 21 4 4 8 26 17 8 20 20 26 11 20
split_gain=2.40115 2.04855 4.71468 4.07457 7.21534 4.7362 3.89004 2.45862 2.64427 2.31593 6.35078 5.60576 4.64959 4.42442
threshold=17.500000000000004 17.155174134368529 18.078532294788406 1.0099593893069143 127.25942518065291 -3.2249999999999996 7.3166666666666673 12.650000000000004 5.4500000000000011 16.074479056691882 14.833333322694571 -4.9666666666666659 18.900000000000002 14.244882109881969
decision_type=10 8 10 2 2 10 8 10 10 10 8 8 8 10
left_child=1 7 6 5 -5 -4 -3 9 -9 10 13 -12 -13 -1
right_child=-2 2 3 4 -6 -7 -8 8 -10 -11 11 12 -14 -15
leaf_value=-0.00014569203220541195 0.0098862304660923984 0.012567612127723235 -0.002742974498320264 -0.013169459065080871 0.0052037354806655006 0.015656354679975441 -0.0016379500458146539 0.002758482211210187 -0.010963310724661134 -0.0033207298925928149 -0.005692757608477074 0.020112032787923662 0.0049571804730032115 -0.0090309491069419309
leaf_weight=549.91239435970783 15.837329819798468 49.336103826761246 26.055364117026329 41.232676312327385 29.29015439748764 17.333917737007141 23.94291490316391 15.684873446822165 36.705562129616737 206.52304567396641 22.163998290896416 24.511348530650139 60.681551948189735 50.551327347755432
leaf_count=2297 66 205 110 173 123 72 101 66 154 865 93 102 253 210
internal_value=-0.000208628 -0.000389232 0.00244303 -0.00139547 -0.00569924 0.00546575 0.00811799 -0.000947399 -0.0069728 -0.000566108 0.000255272 0.00680413 0.0101907 -0.000962118
internal_weight=1169.76 1153.93 187.191 113.912 70.5228 43.3893 73.279 966.734 52.3904 914.344 707.821 107.357 85.1929 600.464
internal_count=4890 4824 784 478 296 182 306 4040 220 3820 2955 448 355 2507
is_linear=0
shrinkage=0.03


Tree=366
num_leaves=15
num_cat=0
split_feature=5 39 26 42 18 39 9 23 1 21 12 19 19 18
split_gain=2.58804 3.21586 4.90781 4.55099 3.97443 3.62628 3.31671 4.12939 3.29513 4.19773 2.83548 2.74177 4.3578 3.56263
threshold=0.17779481828546143 1782.34303976501 5.8944444444444457 2.5000000000000004 3.6500000000000008 1718.142486222642 -12.099999999999998 0.21825396825396828 43.750000000000007 13.475492132349716 15.100000000000001 -1.0000000180025095e-35 -1.6499999999999997 -1.4499999999999997
decision_type=2 2 8 10 8 2 8 8 2 8 10 8 10 10
left_child=-1 5 3 -3 -4 6 7 -2 -5 -10 -9 12 -8 -14
right_child=1 2 4 8 -6 -7 11 10 9 -11 -12 -13 13 -15
leaf_value=0.011302281347770228 -0.0021014623231788328 -0.0028028435439416237 -0.010229829630786664 0.015301990419767425 0.0070196778000127672 -0.010900652314537273 -0.00094132541495733457 0.0025107025466921304 -0.0049705494799161705 0.013309385910101662 0.019878826565253811 -0.0025911287801691188 -0.0012703147652239493 0.010461249194011948
leaf_weight=12.622430846095083 30.560141935944557 30.057520538568497 29.719015747308731 46.117463141679764 14.12847153842449 26.70178234577179 330.84052754938602 16.99026919901371 22.21894171833992 14.699982121586798 15.920561045408247 484.01395101845264 35.1634781062603 58.733289793133736
leaf_count=54 128 126 126 193 60 111 1378 70 94 61 66 2028 146 244
internal_value=-0.000108749 -0.000281505 0.00364296 0.00686606 -0.00452211 -0.000913152 -0.000584478 0.00578871 0.0103264 0.00302731 0.0124262 -0.00105885 0.00069711 0.00622578
internal_weight=1168.49 1155.87 156.941 113.094 43.8475 998.924 972.222 63.471 83.0364 36.9189 32.9108 908.751 424.737 93.8968
internal_count=4885 4831 660 474 186 4171 4060 264 348 155 136 3796 1768 390
is_linear=0
shrinkage=0.03


Tree=367
num_leaves=15
num_cat=0
split_feature=23 3 16 16 18 23 15 41 21 4 15 39 15 3
split_gain=2.10639 3.91992 3.3925 5.7212 6.57521 3.89764 3.52768 4.60478 4.36467 3.86988 6.62077 3.75797 3.24454 2.94856
threshold=0.58578431372549034 0.016279829737799959 12.350000000000003 6.0500000000000007 9.2500000000000018 0.70710784313725505 -3.0499999999999994 44.500000000000007 15.736193218144633 29.575674147924705 3.1500000000000008 1008.7888453382922 -1.4499999999999997 0.024738697602202268
decision_type=10 2 8 10 8 10 10 8 10 2 10 2 10 2
left_child=-1 -2 3 4 6 -5 7 -3 11 -8 13 -9 -7 -11
right_child=1 2 -4 5 -6 12 9 8 -10 10 -12 -13 -14 -15
leaf_value=0.00090869921955593583 0.01022584349072987 0.015394882435264063 -0.012422425199262321 -0.0029167879820772178 -0.017808985462882856 0.00057613433260448937 -0.007817733060040119 -0.011384711929880751 0.0097088587371523347 0.014517497782130571 -0.0067994190014167072 0.0037638998249802172 0.014946210338925865 -0.0015515784161951453
leaf_weight=718.20161773264408 18.632148608565331 15.213181257247923 23.236789986491203 33.750943586230278 21.72186267375946 23.427565783262253 115.17213396728039 30.481307983398438 20.188484728336334 24.416862443089485 46.668807283043861 21.888507053256035 32.342611730098724 14.430362552404402
leaf_count=3005 78 64 98 141 90 99 478 129 84 101 194 92 135 60
internal_value=-9.2065e-05 -0.00171172 -0.00235095 -0.00161921 -0.00354328 0.0048823 -0.0021839 0.00272705 -0.000750241 -0.0043458 0.000503708 -0.00527697 0.00945379 0.00905215
internal_weight=1159.77 441.572 422.939 399.703 310.182 89.5211 288.46 87.7715 72.5583 200.688 85.516 52.3698 55.7702 38.8472
internal_count=4848 1843 1765 1667 1292 375 1202 369 305 833 355 221 234 161
is_linear=0
shrinkage=0.03


Tree=368
num_leaves=15
num_cat=0
split_feature=14 25 25 41 39 25 7 39 25 18 18 7 41 18
split_gain=1.97181 3.96965 3.86189 3.77699 4.01068 3.87857 7.217 3.74103 3.39779 3.81363 4.2518 5.47083 4.30329 3.61842
threshold=23.225000000000005 5.0277777777777786 13.309523809523812 47.500000000000007 281.65453017937637 1.5166666666666668 1.5301998759204525 1721.9049296244007 0.92582417582417598 -1.3499999999999999 0.15000000000000005 3.3164307828829536 61.500000000000007 2.7500000000000004
decision_type=8 8 10 8 2 10 2 2 10 10 10 2 8 10
left_child=-1 3 7 4 -2 8 -7 -3 9 -5 -11 12 -12 -14
right_child=1 2 -4 5 -6 6 -8 -9 -10 10 11 -13 13 -15
leaf_value=-0.0013926619185184821 0.0053296241001820534 0.0045706391913597853 -0.0065202608182741775 -0.0035146718878051437 -0.010527996488387327 -0.012236328507695344 0.0092100847216926539 0.01856627974625882 0.014699443809025927 0.015084401934370214 -0.0059330885226772257 -0.010837894396839711 -0.0013718003447325384 0.012884959157252303
leaf_weight=688.24138084053993 15.758579865097998 97.682002276182175 17.131742745637894 78.583717197179794 51.645527005195618 39.912236019968987 16.318043813109398 17.606721714138985 14.615277796983717 22.994893789291382 20.646789029240612 19.603627562522888 21.900683701038361 46.827619016170502
leaf_count=2875 66 409 72 328 216 167 68 75 61 96 87 83 91 195
internal_value=-0.000366745 0.00109973 0.00541943 -0.000593599 -0.00670858 0.000962661 -0.00576871 0.00739093 0.00273242 0.00158007 0.00463129 0.00186068 0.00507263 0.00855702
internal_weight=1169.47 481.227 132.42 348.807 67.4041 281.403 56.2303 115.289 225.173 210.557 131.974 108.979 89.3751 68.7283
internal_count=4889 2014 556 1458 282 1176 235 484 941 880 552 456 373 286
is_linear=0
shrinkage=0.03


Tree=369
num_leaves=15
num_cat=0
split_feature=15 3 14 17 15 15 20 16 8 39 24 27 13 3
split_gain=2.10033 2.41271 4.50792 3.91814 3.08987 4.81957 3.85478 3.44933 3.95252 4.65325 3.2121 3.17338 3.01533 2.85934
threshold=-13.149999999999997 0.042062580285865299 19.500000000000004 6.1500000000000012 -5.9499999999999993 -7.1499999999999995 10.981044130584989 4.3500000000000005 -12.099999999999998 670.15022466327093 0.64087301587301593 11.500000000000002 24.100000000000005 0.041712235699609031
decision_type=8 2 10 10 8 10 10 10 10 2 10 2 10 2
left_child=-1 4 -3 12 5 6 -2 8 -8 -10 13 -7 -4 -6
right_child=1 2 3 -5 10 11 7 -9 9 -11 -12 -13 -14 -15
leaf_value=-0.0090791808922312187 -0.011208252064312158 0.016804882279065868 -0.010617461718942848 0.011881177011299569 -0.00024006811793943656 0.017204211626501185 0.014485196663560485 -0.0075201151828503884 -0.01051023480985583 0.0078246588710698534 0.0081062646305148922 0.0015039045308812094 0.0046102564992123252 -0.011712355734596256
leaf_weight=14.406351134181021 15.529208064079283 18.999706864356995 21.407337874174118 15.255778133869169 894.42496660351753 29.342743009328842 25.287218809127808 16.646362289786339 16.387273281812668 24.841015368700027 35.848356634378433 19.048869982361794 17.092652589082718 14.996862858533857
leaf_count=63 66 80 89 64 3731 123 109 71 69 104 150 80 71 63
internal_value=0.000719116 0.000878548 0.00598606 0.00105754 0.000512641 0.00448147 0.000526054 0.00322865 0.00625636 0.000188424 -0.000125234 0.0117435 -0.00410405 -0.00049226
internal_weight=1179.51 1165.11 72.7555 53.7558 1092.35 147.083 98.6911 83.1619 66.5155 41.2283 945.27 48.3916 38.5 909.422
internal_count=4933 4870 304 224 4566 622 419 353 282 173 3944 203 160 3794
is_linear=0
shrinkage=0.03


Tree=370
num_leaves=15
num_cat=0
split_feature=24 15 26 7 26 29 12 13 3 18 11 39 18 7
split_gain=2.6321 3.24726 3.02282 2.95535 2.89666 2.67482 4.20968 3.71724 7.06328 5.5649 6.00709 4.45246 3.89022 2.85144
threshold=-0.45048701298701294 -10.149999999999997 3.2403846153846159 -0.23144950208344681 12.738636363636365 10.500000000000002 17.300000000000001 18.100000000000005 0.024826062477769754 -3.4499999999999997 26.500000000000004 858.25640806124829 2.1500000000000008 -0.35135375161062216
decision_type=8 8 10 2 10 2 10 8 2 10 10 2 8 2
left_child=2 3 -1 -2 5 7 -7 8 9 -3 11 -11 -12 -10
right_child=1 4 -4 -5 -6 6 -8 -9 13 10 12 -13 -14 -15
leaf_value=-0.012023640743448194 -0.0010823885243569978 -0.0051023801207976619 -0.0014279479132742183 0.014773420666469961 -0.009120720210488471 0.0074924096178357377 -0.0087154036465020342 -0.00040672092184705031 0.003464727727379872 0.020148663469007382 -0.01240080582769584 0.00054959446265697798 0.0064479139091086152 0.017088480762613125
leaf_weight=28.941293001174927 16.902409106492996 75.649176627397537 90.637468010187149 20.685032427310944 26.076182693243027 14.540622711181639 57.792374536395073 719.00967232882977 25.385198339819908 24.233303159475327 15.551586136221884 16.667128100991249 14.555673673748972 36.510436147451401
leaf_count=124 71 316 384 87 109 60 241 3000 106 101 65 69 60 153
internal_value=-0.000246095 0.000236083 -0.00437204 0.00835338 -0.000100372 0.00017908 -0.00518349 0.000622812 0.00409867 0.000399945 0.00621197 0.0130918 -0.0036677 0.0121776
internal_weight=1183.14 1063.56 119.579 37.5874 1025.97 999.895 72.333 927.562 208.553 146.657 71.0077 40.9004 30.1073 61.8956
internal_count=4946 4438 508 158 4280 4171 301 3870 870 611 295 170 125 259
is_linear=0
shrinkage=0.03


Tree=371
num_leaves=15
num_cat=0
split_feature=25 12 3 22 9 19 3 20 18 16 41 12 1 26
split_gain=2.75579 5.80876 4.61878 3.90773 3.56346 8.39817 5.78693 3.36821 3.91395 3.06191 3.91388 3.01981 2.83534 2.80961
threshold=-5.6547619047619042 18.450000000000003 0.023855816025012192 0.36515151515151517 -1.2999999999999996 7.3500000000000005 0.031100812240295265 16.329421278066636 -4.6499999999999995 0.45000000000000007 67.500000000000014 11.500000000000002 43.250000000000007 16.055555555555561
decision_type=10 8 2 10 8 10 2 10 8 8 10 10 2 10
left_child=1 2 -1 4 5 12 7 8 -6 -10 -11 -2 -3 -13
right_child=11 3 -4 -5 6 -7 -8 -9 9 10 -12 13 -14 -15
leaf_value=0.0046682972382270926 -0.010396469361873882 0.021696787390545719 -0.011957448826083617 -0.011010975838123138 0.0055698661163202908 -0.0098406399573234184 0.012060648372222035 0.0065149697660737494 0.0013064249965165202 -0.019912484623128616 -0.0045906085870525467 0.00060824419702989725 0.0052796363146924907 0.011599935039620715
leaf_weight=15.763280332088469 16.898394539952278 17.983364924788475 73.143704310059547 20.711730062961578 18.149917051196098 14.620270282030104 19.995979875326157 19.588015884160995 20.325597539544106 24.988316863775253 38.219696491956711 825.13035288453102 23.540299355983734 16.50525963306427
leaf_count=66 70 75 306 87 77 62 85 84 85 108 163 3441 99 69
internal_value=-0.000264364 -0.00267977 -0.00891808 5.82439e-06 0.00140511 0.00746225 -0.00117498 -0.0037485 -0.0059383 -0.0086121 -0.0116635 0.000609954 0.0139574 0.000891035
internal_weight=1165.56 307.03 88.907 218.123 197.411 56.1439 141.268 121.272 101.684 83.5336 63.208 858.534 41.5237 841.636
internal_count=4877 1297 372 925 838 236 602 517 433 356 271 3580 174 3510
is_linear=0
shrinkage=0.03


Tree=372
num_leaves=15
num_cat=0
split_feature=43 21 8 23 23 19 21 4 1 0 11 21 1 1
split_gain=3.17253 5.50594 4.17802 3.65875 5.49651 4.62368 3.55803 6.24506 4.50654 3.75627 5.19499 4.28639 3.46749 3.80047
threshold=1.0000000180025095e-35 17.553885258309311 -9.4999999999999982 0.25833333333333336 0.56696428571428581 -0.81666666666666654 17.870677404442834 127.25942518065291 45.250000000000007 8.7500000000000018 31.700000000000006 9.0191155023341754 41.750000000000007 45.750000000000007
decision_type=2 8 10 10 10 10 10 2 2 2 8 10 2 2
left_child=6 2 -2 -4 5 -5 9 8 -8 11 -11 12 -1 -14
right_child=1 -3 3 4 -6 -7 7 -9 -10 10 -12 -13 13 -15
leaf_value=-0.011164072797214533 0.0032059448605942556 0.0087887843103584776 -0.018650917167501949 0.013796812902560351 -0.013094946714581028 -0.0060629220764201837 -0.01364807940486417 0.0068143226518544786 0.00058451954856899994 -0.0059376202102672977 0.0089301063482059677 0.0028087040039981958 0.0082875503736786361 -0.0061350325602809426
leaf_weight=32.128953263163567 27.214862197637558 20.522193372249603 24.329543814063072 14.404587194323538 32.835813194513321 18.701625779271126 50.1144979596138 28.925137147307396 30.823533475399017 112.00894345343113 21.18129988014698 706.73104949295521 25.693096563220024 30.456009447574615
leaf_count=135 116 86 102 60 137 78 210 122 130 469 88 2956 108 129
internal_value=5.88131e-05 -0.00413173 -0.00665528 -0.00964045 -0.00523579 0.0032546 0.000633073 -0.00435379 -0.00850924 0.00124349 -0.00333564 0.0020267 -0.00404879 0.000602573
internal_weight=1176.07 138.009 117.486 90.2716 65.942 33.1062 1038.06 109.863 80.938 928.199 133.19 795.009 88.2781 56.1491
internal_count=4926 579 493 377 275 138 4347 462 340 3885 557 3328 372 237
is_linear=0
shrinkage=0.03


Tree=373
num_leaves=15
num_cat=0
split_feature=13 3 3 8 18 16 4 3 18 28 44 39 42 10
split_gain=2.59535 3.96119 3.80849 4.99687 4.75296 5.46988 3.47939 4.27498 3.41065 3.38455 4.22093 3.5089 6.0242 2.99265
threshold=19.300000000000001 0.016279829737799959 0.024843317791356071 3.3000000000000003 -3.9499999999999997 0.45000000000000007 142.83427550258708 0.031988708224778957 -3.4499999999999997 6.5000000000000009 1.0000000180025095e-35 969.05152690383807 7.5000000000000009 8.9000000000000021
decision_type=8 2 2 10 10 10 2 2 10 2 2 2 8 10
left_child=1 -1 3 4 5 -3 8 -8 -4 -5 11 -11 -13 -2
right_child=13 2 6 9 -6 -7 7 -9 -10 10 -12 12 -14 -15
leaf_value=0.013551644845491984 -0.00023979485188515515 0.0082473354850837888 0.0067106333279367122 0.0063037987483253897 0.016146703992197461 -0.010620223686217178 0.018865311688668195 -0.00015236118192431559 -0.007357713834373396 -0.012214985380520375 0.0074484163543113062 -0.010037626747497069 0.009659822086776227 -0.0055126429800014696
leaf_weight=20.567807406187057 738.52442795038223 26.20599003136158 31.437833145260811 19.899591848254204 19.826973631978035 19.834892809391022 24.810807973146439 16.41689258813858 22.045541524887085 64.389915481209755 14.615363225340841 26.498114585876465 20.192643836140633 106.59290659427643
leaf_count=86 3091 111 131 83 83 83 104 69 92 269 61 110 84 447
internal_value=-5.5383e-05 0.00219534 0.00122697 -0.00102952 0.00556653 -0.000125112 0.00606407 0.0120951 0.000778471 -0.00409933 -0.00592446 -0.00792903 -0.00140857 -0.00093336
internal_weight=1171.86 326.742 306.175 211.463 65.8679 46.0409 94.7111 41.2277 53.4834 145.596 125.696 111.081 46.6908 845.117
internal_count=4904 1366 1280 884 277 194 396 173 223 607 524 463 194 3538
is_linear=0
shrinkage=0.03


Tree=374
num_leaves=15
num_cat=0
split_feature=18 13 14 21 1 19 13 16 28 3 23 5 26 13
split_gain=2.92587 3.09511 8.77149 2.57201 3.57385 2.44486 5.50433 4.19778 3.06755 3.58724 3.35175 5.28998 4.98438 3.44213
threshold=9.4500000000000011 15.900000000000002 16.900000000000002 14.082692293102992 47.250000000000007 -4.8499999999999988 28.900000000000002 -5.3499999999999988 10.500000000000002 0.024884016090660047 0.77097902097902116 0.68581559399718117 5.1602564102564115 26.300000000000001
decision_type=10 8 8 10 2 10 10 8 2 2 8 2 10 8
left_child=1 2 -1 -2 -5 6 7 -3 10 -10 -7 12 -12 -14
right_child=3 5 -4 4 -6 8 -8 -9 9 -11 11 -13 13 -15
leaf_value=-0.011148531882702966 0.0094835961012715176 -0.0060142233177837619 0.0085007251265823962 0.0062014834996279968 -0.010186765360858319 0.00034654896754971099 -0.012757834083814508 0.0063345066722195415 -0.0019260493179551711 -0.017261804239806021 -0.013984111371546443 0.0091415060951012504 -0.0049164012278129646 0.0094406850910125073
leaf_weight=21.173640638589859 53.185130164027214 25.822807997465134 94.154725164175034 25.099746465682983 14.895586833357809 572.11276644468307 14.1591579914093 137.92840428650379 39.063099414110184 17.487424358725548 47.919943451881409 17.306821763515472 66.226555705070496 14.192900419235228
leaf_count=88 223 108 394 105 62 2392 60 575 165 74 203 72 278 60
internal_value=0.000501243 4.52359e-05 0.00457988 0.00545725 -0.000355783 -0.000525033 0.00260005 0.00426667 -0.00125515 -0.00768541 -0.000698859 -0.00468053 -0.00681736 -0.00197829
internal_weight=1160.73 1067.55 115.328 93.1805 39.9953 952.22 177.91 163.751 774.31 56.5505 717.759 145.646 128.339 80.4195
internal_count=4859 4469 482 390 167 3987 743 683 3244 239 3005 613 541 338
is_linear=0
shrinkage=0.03


Tree=375
num_leaves=15
num_cat=0
split_feature=7 24 25 23 27 21 23 43 15 21 21 14 33 15
split_gain=2.45871 1.67379 2.36419 2.24647 4.60483 2.67066 4.60628 4.33106 4.25891 4.16958 3.89564 3.82905 3.59371 6.17404
threshold=-6.7698326543832028 -0.69139194139194127 -10.07179487179487 0.87867647058823539 4.5000000000000009 17.870677404442834 0.55718954248366026 1.0000000180025095e-35 3.4500000000000006 12.084195351872689 17.255111494618244 23.450000000000003 1.0000000180025095e-35 -0.54999999999999993
decision_type=2 8 10 10 2 10 8 2 10 10 10 10 2 10
left_child=-1 2 -2 5 -5 7 -7 10 -8 11 12 -9 -3 -14
right_child=1 3 -4 4 -6 6 8 9 -10 -11 -12 -13 13 -15
leaf_value=-0.0082548600692936812 -0.0017093682716638385 0.0021544257993535557 0.012516549239722863 -0.01126376339958755 0.0038090212546209152 -0.0087025406130465787 0.0080946262689159682 -0.0039643874201551535 -0.008518781938711726 -0.0081406936351929512 0.011570642696630497 0.01293350476662523 -0.015222082478989176 0.0031894907045287688
leaf_weight=23.986033737659454 16.603894755244255 725.51076199114323 19.397110536694527 36.657054349780083 28.989093467593193 62.733298569917679 37.712006077170372 24.503271475434303 15.880642369389532 73.925448209047318 31.911790356040001 15.947462350130079 25.025335893034935 33.034435957670212
leaf_count=100 71 3032 82 154 121 263 159 103 66 310 133 67 106 138
internal_value=0.000377681 0.000593094 0.00654712 0.000371855 -0.00480918 0.000718284 -0.00347487 0.00125863 0.00286487 -0.00409249 0.00202952 0.00338744 0.00157005 -0.00532412
internal_weight=1171.82 1147.83 36.001 1111.83 65.6461 1046.18 116.326 929.859 53.5926 114.376 815.482 40.4507 783.571 58.0598
internal_count=4905 4805 153 4652 275 4377 488 3889 225 480 3409 170 3276 244
is_linear=0
shrinkage=0.03


Tree=376
num_leaves=15
num_cat=0
split_feature=39 9 9 20 24 7 39 7 10 3 3 24 25 8
split_gain=2.96632 5.99661 6.50915 6.08483 5.0435 5.16024 4.56274 3.52894 3.16472 2.92771 3.5818 3.35868 2.92644 5.18181
threshold=257.86466118942809 -4.2999999999999998 -0.89999999999999991 12.225883186614615 -0.18019480519480516 -0.37976009558890372 316.74183612110232 -1.7960280532163642 0.50000000000000011 0.019217230754196461 0.014982451887193717 -0.13333333333333336 13.700000000000001 11.900000000000002
decision_type=2 8 10 8 10 2 2 2 8 2 2 10 10 10
left_child=1 3 -3 -1 -4 -6 7 -2 -9 10 -8 -12 13 -11
right_child=6 2 4 -5 5 -7 9 8 -10 12 11 -13 -14 -15
leaf_value=-0.0025307184952576924 0.0027774575245761769 -0.01261411121594779 0.011639056579082437 0.020118971774348973 0.0078669731002718336 -0.010368378014813835 -0.0026470101552445854 -0.020888808324206119 -0.0024784847590569076 -0.0007164272609687921 0.00077399934676375892 0.016494774840893574 -0.0090230067609137869 0.0091259418018266557
leaf_weight=14.347564980387686 14.430899262428282 22.759195372462273 36.791043817996979 27.653001055121422 20.292407512664795 26.613034397363663 28.532171234488487 18.085551783442497 15.599561527371405 816.65683354437351 21.075630977749825 25.945790663361549 29.733733862638474 46.139517575502396
leaf_count=60 60 95 155 115 84 111 120 77 66 3418 89 109 125 192
internal_value=0.000121931 0.00401047 6.68386e-05 0.0129356 0.00403181 -0.00248146 -0.000462999 -0.00902396 -0.0137853 6.68243e-06 0.00548537 0.0102002 -0.000485069 -0.000140541
internal_weight=1164.66 148.456 106.456 42.0006 83.6965 46.9054 1016.2 48.116 33.6851 968.084 75.5536 47.0214 892.53 862.796
internal_count=4876 620 445 175 350 195 4256 203 143 4053 318 198 3735 3610
is_linear=0
shrinkage=0.03


Tree=377
num_leaves=15
num_cat=0
split_feature=12 12 19 18 23 12 15 19 27 18 39 18 29 19
split_gain=2.05039 3.42799 2.58479 4.15332 6.44832 5.86401 3.85819 8.10419 5.97682 5.3964 3.2253 4.12767 2.99074 4.48062
threshold=32.900000000000006 31.100000000000005 4.1125000000000007 2.1500000000000008 0.59232954545454553 22.500000000000004 0.31666666666666671 8.1500000000000004 10.500000000000002 -4.4499999999999993 172.19982993367231 0.15000000000000005 9.5000000000000018 1.9500000000000002
decision_type=10 10 10 10 10 10 8 10 2 8 2 8 2 8
left_child=1 2 10 6 5 -5 7 8 -4 -8 11 -1 13 -12
right_child=-2 -3 3 4 -6 -7 9 -9 -10 -11 12 -13 -14 -15
leaf_value=-0.0016881228233279497 0.0064411543794399466 -0.0084386033492722945 -0.000595321784229998 0.0011759027440301636 -0.0048198367213410547 0.018242285536581127 0.0057307810012253955 -0.0084373361207350055 0.018191069547165491 -0.010358598103231366 -0.00041859388745900931 0.017462012239055958 0.0040254315421074435 -0.0065139272039690544
leaf_weight=18.896353200078011 41.317534238100052 36.727106794714928 25.876453086733818 29.916226163506508 25.275927498936653 43.982742339372635 24.727253645658493 26.835741028189659 31.0421222448349 49.285887628793716 575.23425374925137 15.01692722737789 92.86565026640892 129.01510298252106
leaf_count=79 175 155 108 126 106 184 103 114 130 208 2403 63 387 541
internal_value=0.000255248 4.96666e-07 0.00032268 0.00292194 0.00757083 0.0118457 -0.000143216 0.00415365 0.010292 -0.00496076 -0.000493643 0.00794577 -0.00089999 -0.00157328
internal_weight=1166.02 1124.7 1087.97 256.942 99.1749 73.899 157.767 83.7543 56.9186 74.0131 831.028 33.9133 797.115 704.249
internal_count=4882 4707 4552 1079 416 310 663 352 238 311 3473 142 3331 2944
is_linear=0
shrinkage=0.03


Tree=378
num_leaves=15
num_cat=0
split_feature=13 22 13 14 20 30 30 7 13 15 15 9 19 19
split_gain=2.28573 4.47189 3.1285 2.33161 4.11818 3.8371 4.49806 3.60707 4.37036 3.36804 6.12826 3.83788 4.37442 3.1843
threshold=31.900000000000002 0.23205128205128209 33.900000000000006 26.633333333333336 6.8960528689488081 -1.0000000180025095e-35 -2.4999999999999996 -4.8544690484431419 19.100000000000005 1.1500000000000001 -1.0499999999999998 -7.8999999999999995 8.2500000000000018 6.2500000000000009
decision_type=8 8 8 10 8 2 2 2 10 10 10 10 10 10
left_child=3 -2 -3 4 -1 6 -5 -7 -9 10 11 -10 -13 -11
right_child=1 2 -4 5 -6 7 -8 8 9 13 -12 12 -14 -15
leaf_value=-0.01164183613594197 -0.015518340748174049 -0.0067522581363012122 0.0099424351733340167 -0.0026657238804821785 0.0011418780590891902 0.0079189181463716115 0.015940775314656947 0.0030578750699077166 -0.014736955470401684 -0.0043510073248436412 0.0077635879377547391 0.0094567396414205421 -0.010364360288186488 -0.022392605304711308
leaf_weight=18.286115393042564 19.945052891969681 16.221390962600712 14.391919359564779 24.977504178881645 897.18290096521378 14.974387466907499 15.195869833230971 36.75480218231678 38.291409656405449 18.166537463665009 22.423646181821823 14.780952021479608 15.330494597554205 20.029543980956078
leaf_count=76 87 68 62 105 3750 62 63 154 162 76 94 61 65 86
internal_value=-0.000134757 -0.00607641 0.00139023 0.000155048 0.000824677 -0.0025766 0.00535772 -0.00443681 -0.00575205 -0.0082822 -0.0046827 -0.00901372 -0.000673548 -0.0153087
internal_weight=1186.95 50.5584 30.6133 1136.39 915.469 220.925 40.1734 180.752 165.777 129.023 90.8265 68.4029 30.1114 38.1961
internal_count=4971 217 130 4754 3826 928 168 760 698 544 382 288 126 162
is_linear=0
shrinkage=0.03


Tree=379
num_leaves=15
num_cat=0
split_feature=13 13 38 14 10 8 8 3 3 16 16 19 19 12
split_gain=2.01028 2.434 2.42618 3.16469 4.56962 4.41264 4.2596 4.20382 4.96944 3.77427 4.4587 3.74659 6.17764 6.0329
threshold=11.500000000000002 13.500000000000002 1.0000000180025095e-35 19.500000000000004 -11.966666666666663 8.9000000000000021 7.6333333333333337 0.030943460659062619 0.016047629778809695 0.45000000000000007 -5.3499999999999988 -2.2499999999999996 -0.6499999999999998 26.450000000000003
decision_type=10 10 2 10 10 10 10 2 2 10 10 10 10 10
left_child=-1 -2 3 7 -5 6 -6 8 -3 10 -7 -10 -13 -14
right_child=1 2 -4 4 5 9 -8 -9 11 -11 -12 12 13 -15
leaf_value=0.0085978073987489027 -0.0081366594106738657 0.016157234359327907 -0.0061759563882972171 -0.0078722599133514426 0.00056264832389215681 0.00081333287625389567 0.012267579502072535 0.01240451217448269 -0.0021070775410432763 0.0040621096712473524 -0.017122605538434577 0.015801493557340427 -0.0082747210166837608 0.0072621190954666476
leaf_weight=20.800813749432564 26.201048567891121 15.304933130741118 43.967973932623863 62.384248957037926 599.96011757850647 18.700356245040894 24.388079017400742 33.82850706577301 163.40283998847008 18.462052628397942 30.010905534029007 28.345862254500389 35.224874794483185 46.043830201029778
leaf_count=88 109 65 185 269 2507 78 103 142 683 77 126 118 146 194
internal_value=0.000316294 0.000129319 0.00035799 0.000652298 -0.000414363 0.000310118 0.00111369 0.00311671 0.00183411 -0.0067185 -0.0108022 0.000755037 0.00492739 0.000438592
internal_weight=1167.03 1146.23 1120.02 1076.06 753.906 691.522 624.348 322.151 288.322 67.1733 48.7113 273.017 109.615 81.2687
internal_count=4890 4802 4693 4508 3160 2891 2610 1348 1206 281 204 1141 458 340
is_linear=0
shrinkage=0.03


Tree=380
num_leaves=15
num_cat=0
split_feature=20 24 0 10 18 21 13 3 11 6 24 6 11 26
split_gain=3.19681 4.16386 3.27045 4.55717 3.9082 3.92319 3.95161 3.87456 4.42125 5.71129 3.88531 3.48223 3.42199 3.2456
threshold=12.070394878724267 -0.43095238095238092 -6.7499999999999991 -17.899999999999995 -9.0499999999999989 18.078532294788406 18.450000000000003 0.024847678906098628 22.900000000000002 -2.167776896339173 -0.066666666666666666 3.1696584104196615 21.100000000000005 5.9705882352941186
decision_type=8 8 2 10 10 10 10 2 10 2 10 2 10 10
left_child=2 -2 3 -1 -4 6 13 -8 9 -9 -10 -11 -7 -6
right_child=1 -3 4 -5 5 12 7 8 10 11 -12 -13 -14 -15
leaf_value=-0.0046823331569177873 -0.0053120848709591207 0.002170229057047242 -0.01432009694954647 0.015893900026313003 0.0091130933177543706 0.00052298186149283589 0.00058639684952539858 0.0020846160942423727 0.010687785600501867 -0.024687421398257019 -0.0055666101295904439 -0.0045335167652185227 -0.017594044104481933 -0.0052157854395173033
leaf_weight=14.488167941570284 69.265087321400642 693.31554909050465 19.062129557132721 16.327238738536835 50.350925236940384 14.720002532005308 160.02036418020725 16.330037534236908 14.868587628006933 22.361851915717125 34.645218133926392 14.482272595167158 19.584967464208603 15.470975846052168
leaf_count=62 296 2901 80 69 209 62 668 69 62 94 145 61 83 64
internal_value=0.00031233 0.00146044 -0.00180115 0.00691666 -0.00258488 -0.00178208 -0.000699417 -0.00235675 -0.00675739 -0.0123655 -0.000152957 -0.0182539 -0.0107426 0.00561473
internal_weight=1175.29 762.581 412.713 30.8154 381.897 362.835 328.53 262.708 102.688 53.1742 49.5138 36.8441 34.305 65.8219
internal_count=4925 3197 1728 131 1597 1517 1372 1099 431 224 207 155 145 273
is_linear=0
shrinkage=0.03


Tree=381
num_leaves=15
num_cat=0
split_feature=41 26 15 21 14 29 15 14 15 25 18 11 18 41
split_gain=2.95774 3.92003 4.57501 3.6634 4.85683 2.75062 4.0544 3.61678 2.87348 5.07953 4.49588 3.2131 4.29439 4.49046
threshold=40.500000000000007 -1.2426470588235292 -4.0499999999999989 16.728717802351081 17.900000000000002 10.500000000000002 -5.2749999999999995 20.900000000000002 -7.0499999999999989 -17.95454545454545 7.5500000000000007 25.500000000000004 4.8500000000000005 49.500000000000007
decision_type=8 10 10 10 10 2 8 10 8 10 10 8 8 10
left_child=1 -1 -3 4 -4 8 -7 -8 9 -2 -11 -10 -13 -14
right_child=5 2 3 -5 -6 6 7 -9 11 10 -12 12 13 -15
leaf_value=-0.0025048271360795663 0.0092140928523543452 0.018981845009575036 -0.0048497450431296803 -0.0077806457912274873 0.012264597401595705 0.0071535991708519707 -0.00014960154543708118 -0.014583724651343968 0.0019450328834517883 -0.0096443076624771109 0.0062855448645833152 -0.0059871085515951833 -0.010747544770135158 0.0040898796635187558
leaf_weight=49.190911591053009 16.820553094148636 19.554933488368988 18.711681991815567 15.230973601341246 41.423706471920013 13.927889391779898 25.834739983081818 34.938373431563377 592.42020304501057 81.766346380114555 15.884555324912069 122.19846239686012 16.960367739200592 109.4835330247879
leaf_count=208 72 82 78 64 173 60 108 146 2477 348 67 510 71 457
internal_value=0.000257635 0.00420704 0.00763661 0.00369511 0.00697582 -0.00031247 -0.00566694 -0.00892558 0.000133447 -0.00422255 -0.00687311 0.000747764 -0.00208698 0.00176656
internal_weight=1174.35 144.112 94.9213 75.3664 60.1354 1030.24 74.701 60.7731 955.534 114.471 97.6509 841.063 248.642 126.444
internal_count=4921 605 397 315 251 4316 314 254 4002 487 415 3515 1038 528
is_linear=0
shrinkage=0.03


Tree=382
num_leaves=15
num_cat=0
split_feature=25 18 18 28 8 42 15 7 42 42 7 21 23 25
split_gain=3.41933 2.68723 3.89845 3.72736 4.43842 6.21079 4.30803 4.00492 3.43968 7.05297 5.37305 4.45499 5.29338 5.58275
threshold=15.531250000000002 0.45000000000000007 0.72500000000000009 7.5000000000000009 -4.4999999999999991 5.5000000000000009 2.4500000000000006 -0.85820832196940511 6.5000000000000009 2.5000000000000004 3.1347194379309218 12.630650520043345 0.39087301587301593 3.8619047619047624
decision_type=10 10 10 2 10 10 10 2 8 10 2 8 8 8
left_child=1 8 -3 -4 -5 6 -6 -7 9 -1 -10 -11 -13 -14
right_child=-2 2 3 4 5 7 -8 -9 10 11 -12 12 13 -15
leaf_value=-0.0032288939091850407 -0.010991150989484309 0.012041098121724127 0.0016184436635007231 -0.013884185909935219 0.016205309979977246 -0.017875489157340371 -0.0035625901742941586 0.00089573216102788004 -0.0022114148424913151 0.012599958936223048 -0.012902167464488296 0.013346813043017164 0.0032206966453566851 -0.015925214527389497
leaf_weight=187.19000653922558 23.39506770670414 22.494342669844627 445.32023321092129 27.534484833478928 18.812694281339645 15.538656979799269 14.425253316760061 19.478665828704834 224.91249531507492 47.508153989911079 48.046431079506874 16.669400721788406 32.849921688437462 17.028159812092781
leaf_count=780 99 94 1863 117 78 65 60 81 947 199 203 70 138 71
internal_value=-0.000706517 -0.000447886 0.00101941 0.000455181 -0.00476476 -0.000389383 0.00828203 -0.00862657 -0.00188446 0.000330966 -0.00429145 0.0060637 0.00084304 -0.00417107
internal_weight=1161.2 1137.81 563.604 541.11 95.7898 68.2553 33.2379 35.0173 574.205 301.246 272.959 114.056 66.5475 49.8781
internal_count=4865 4766 2358 2264 401 284 138 146 2408 1258 1150 478 279 209
is_linear=0
shrinkage=0.03


Tree=383
num_leaves=15
num_cat=0
split_feature=25 25 16 23 9 23 14 23 39 21 1 2 2 9
split_gain=2.26511 4.06772 4.05802 4.8674 4.15464 7.75552 5.95059 5.86073 5.14911 4.06772 3.76546 3.77436 3.30764 3.26808
threshold=-3.7207792207792205 -3.3798076923076921 -6.3499999999999988 0.35357142857142859 -5.3249999999999993 0.31009615384615391 23.450000000000003 0.6132478632478634 536.55773574296654 14.969969939849575 46.250000000000007 0.35945448521133505 0.46788566674820981 18.100000000000005
decision_type=10 10 10 10 10 8 10 10 2 10 2 2 2 8
left_child=2 -2 3 9 -4 -6 7 -7 -8 -1 11 -9 -10 -3
right_child=1 13 4 -5 5 6 8 10 12 -11 -12 -13 -14 -15
leaf_value=0.015436245441651694 0.013786562500445467 0.00097219763861429941 -0.010110010402501882 -0.0064307976065918534 0.013000546062230256 -0.010332701244859032 -0.0059578979215819628 0.0093610845091809114 0.0028460436557549399 -0.0026104617183110388 -0.0096654754689371528 -0.0042960155589215386 0.019710895811996403 -0.011472971528976446
leaf_weight=30.877790704369545 16.889230877161026 742.86509963870049 56.750486761331558 19.917129650712013 25.018051862716675 104.96545535326004 23.344045400619507 37.826153457164764 26.257789298892021 14.498157158493994 21.008109167218208 27.734044551849365 15.003168180584906 14.499879136681555
leaf_count=131 71 3100 238 83 105 443 98 162 111 62 90 116 63 61
internal_value=8.52349e-05 0.0010332 -0.00172548 0.00487505 -0.00305337 -0.00147725 -0.0031132 -0.00573615 0.00451649 0.00998332 9.71137e-05 0.00368867 0.010446 0.00066025
internal_weight=1177.45 774.254 403.2 65.2931 337.907 281.157 256.139 191.534 64.605 45.3759 86.5683 65.5602 41.261 757.365
internal_count=4934 3232 1702 276 1426 1188 1083 811 272 193 368 278 174 3161
is_linear=0
shrinkage=0.03


Tree=384
num_leaves=15
num_cat=0
split_feature=15 17 9 3 9 3 11 17 8 13 17 17 20 5
split_gain=2.29711 3.95474 6.00165 8.33178 4.19849 3.42606 2.39709 5.8617 2.51606 3.08193 2.31109 6.88589 3.86206 4.22791
threshold=-5.6499999999999995 -16.449999999999996 0.50000000000000011 0.024738697602202268 -1.7 0.024684938134042603 14.225000000000001 0.89999999999999991 -10.299999999999999 28.900000000000002 -4.2499999999999982 -2.7999999999999989 12.024280881546572 0.50611302183665396
decision_type=8 8 8 2 10 2 8 10 8 10 8 8 8 2
left_child=1 -1 3 4 -3 -4 7 -2 -8 10 12 -12 -10 -14
right_child=6 2 5 -5 -6 -7 8 -9 9 -11 11 -13 13 -15
leaf_value=-0.0084490702323448477 -0.015298536142778657 0.0097301608254541528 0.0019097278936886547 -0.011272036141472382 -0.0066706201151016465 0.016238860996471434 0.008726984474558979 0.0057433168444197252 -0.0030654537380964339 -0.0083525756127919085 -0.010812450225635119 -0.00030250927987490077 -0.00040389790270283112 0.011187565728675268
leaf_weight=20.581885457038879 26.027429863810539 51.084178447723389 25.227680012583733 35.140753671526909 14.809084743261336 38.413273274898529 20.380652904510498 15.924765586853026 64.370656982064247 41.816085994243622 56.43390816450119 650.68851351737976 51.108115047216415 57.588844701647758
leaf_count=89 110 214 108 150 63 162 86 67 270 176 236 2716 215 242
internal_value=-0.00035252 0.00266832 0.00426586 -0.000366852 0.00583369 0.0111116 -0.000931668 -0.00755016 -0.000598741 -0.000850842 -0.000449283 -0.00121131 0.00261082 0.00595931
internal_weight=1169.6 185.257 164.675 101.034 65.8933 63.641 984.339 41.9522 942.387 922.006 880.19 707.122 173.068 108.697
internal_count=4904 786 697 427 277 270 4118 177 3941 3855 3679 2952 727 457
is_linear=0
shrinkage=0.03


Tree=385
num_leaves=15
num_cat=0
split_feature=15 24 7 1 7 41 15 20 41 18 24 24 4 16
split_gain=2.96339 4.11237 2.85129 4.49467 8.39395 3.27392 3.70543 3.1908 3.01028 4.78501 4.19074 3.40529 3.56813 5.97738
threshold=-9.1499999999999968 0.036038961038961044 0.16562022162559045 50.250000000000007 -2.2930921035344038 79.500000000000014 -1.5499999999999998 18.897089494337148 85.500000000000014 -1.1499999999999997 -0.59166666666666645 -0.064583333333333312 54.047220281154416 -5.0499999999999989
decision_type=8 8 2 2 2 10 8 10 8 10 8 8 2 10
left_child=1 -1 3 8 -5 7 -7 -4 10 -10 -2 -12 -13 -14
right_child=2 -3 5 4 -6 6 -8 -9 9 -11 11 12 13 -15
leaf_value=0.0011847637578282569 0.01246317827285225 0.016771466443363886 -0.0032995027431387391 -0.0052748270467643573 0.017493719767851502 -0.004766503402339934 0.012845890681320419 0.0069861573794249669 0.004721759256483599 -0.015481526272935753 -0.003224196390507706 0.0066628344566916709 -0.007391426589150576 0.0030784712447555073
leaf_weight=52.490652039647102 21.496593207120895 16.973865494132042 436.59967629611492 20.694260567426682 32.756011247634888 14.410278856754301 22.007442653179169 24.305861949920654 14.614948451519011 21.035925149917603 165.5745404958725 96.832450240850449 65.635430306196213 155.79401178658009
leaf_count=226 90 72 1833 86 137 60 92 102 62 88 689 404 276 652
internal_value=7.28006e-05 0.00586382 -0.000320714 0.00107796 0.00898131 -0.00198659 0.00614267 -0.00268794 0.00022199 -0.0076372 0.000845843 0.000207493 0.00201507 -0.00011967
internal_weight=1161.22 69.4645 1091.76 594.434 53.4503 497.323 36.4177 460.906 540.984 35.6509 505.333 483.836 318.262 221.429
internal_count=4869 298 4571 2484 223 2087 152 1935 2261 150 2111 2021 1332 928
is_linear=0
shrinkage=0.03


Tree=386
num_leaves=15
num_cat=0
split_feature=10 20 41 17 8 19 43 3 9 2 7 17 12 17
split_gain=2.3228 3.97646 6.2649 5.05668 8.50073 4.87151 3.95332 5.50466 5.8812 5.4564 4.88607 5.34987 4.62167 5.15039
threshold=0.7999999999999996 15.540627757948231 55.500000000000007 0.29999999999999999 9.6333333333333346 1.9500000000000002 1.0000000180025095e-35 0.024716769096542749 -7.0999999999999988 0.63030944378226328 3.6780327522488463 14.450000000000001 25.900000000000002 -0.69999999999999973
decision_type=8 10 10 8 10 10 2 2 10 2 2 8 10 10
left_child=-1 6 -3 -4 5 -5 7 10 -9 -10 11 12 13 -2
right_child=1 2 3 4 -6 -7 -8 8 9 -11 -12 -13 -14 -15
leaf_value=0.0012892642286598658 0.0033281988831455919 0.010456202385953892 -0.01490737182680384 0.013274917636207884 -0.011785383835428022 -0.0026578415562955593 -0.011295963965327019 -0.0047345152203761018 -0.0024499863011318381 0.013258834068793727 0.0078513201275778356 0.0073126841376579483 0.0045916279551721341 -0.011813898114457847
leaf_weight=611.83840765058994 21.423066765069962 53.305354788899422 16.202764511108398 38.392174586653709 26.180563405156136 26.317887887358665 41.083742290735245 51.682044744491577 28.727757945656776 51.091150000691414 20.42170949280262 19.396151885390282 20.375381514430046 133.95553560554981
leaf_count=2569 90 223 68 160 109 110 172 217 119 215 85 82 85 560
internal_value=2.3297e-05 -0.00138761 0.00253261 -0.00170182 0.00130685 0.00706913 -0.00301917 -0.00189292 0.00287697 0.00779391 -0.00480186 -0.00628903 -0.00795087 -0.00968749
internal_weight=1160.39 548.555 160.399 107.093 90.8906 64.7101 388.157 347.073 131.501 79.8189 215.572 195.15 175.754 155.379
internal_count=4864 2295 670 447 379 270 1625 1453 551 334 902 817 735 650
is_linear=0
shrinkage=0.03


Tree=387
num_leaves=15
num_cat=0
split_feature=10 7 5 20 8 2 13 11 1 5 24 2 41 5
split_gain=2.60952 2.66609 3.13805 5.62414 5.46073 5.1492 4.76738 4.17714 8.20256 6.05249 6.77575 3.90373 3.87716 3.6395
threshold=25.500000000000004 -6.7698326543832028 0.61707177316021589 18.587630208933277 7.3000000000000016 0.61201158630125907 19.100000000000005 18.700000000000006 38.750000000000007 0.67536770258799728 0.28440126050420172 0.58152550185119034 30.500000000000004 0.60779805975371759
decision_type=8 2 2 10 10 2 10 10 2 2 10 2 8 2
left_child=1 -1 4 7 13 -6 -5 8 -4 10 11 -9 -11 -3
right_child=-2 2 3 6 5 -7 -8 9 -10 12 -12 -13 -14 -15
leaf_value=-0.0095087895280006277 0.010011877230851746 6.7544009000667754e-05 -0.0094701078546026458 -0.0042786094993563688 0.0028948854722749997 0.021232682710834751 0.015571097664711422 0.00051836625082608964 0.011728087939959768 0.011557423032296583 0.0067893347176877211 -0.015624812328062664 -0.0024283778495629636 0.013006871600192364
leaf_weight=21.918130829930305 18.070368185639381 574.55105599761009 21.229367733001709 14.501929461956022 39.568244367837906 17.872348710894585 24.34736442565918 15.854265123605726 40.334131494164467 14.173855260014532 15.541517749428747 74.541233137249947 263.93425904214382 15.255850702524183
leaf_count=91 77 2410 89 61 165 76 103 67 169 60 65 311 1106 64
internal_value=2.13231e-05 -0.0001777 4.405e-05 -0.00177176 0.00140632 0.00984394 0.00851848 -0.00275345 0.0042559 -0.00391733 -0.00984832 -0.0129147 -0.00152406 0.000508754
internal_weight=1171.69 1153.62 1131.71 484.458 647.247 57.4406 38.8493 445.609 61.5635 384.045 105.937 90.3955 278.108 589.807
internal_count=4914 4837 4746 2031 2715 241 164 1867 258 1609 443 378 1166 2474
is_linear=0
shrinkage=0.03


Tree=388
num_leaves=15
num_cat=0
split_feature=24 21 21 39 7 26 15 7 44 16 26 26 39 17
split_gain=3.82912 3.99716 5.32923 4.24449 3.64843 2.90158 3.63307 2.48286 4.16862 4.52815 6.19964 4.67416 4.58451 4.57897
threshold=0.49107142857142866 9.0191155023341754 11.229425630903847 754.69040629193739 0.53712547060446003 -8.9642857142857135 -0.24999999999999997 0.88545230177899159 1.0000000180025095e-35 -5.4499999999999993 -0.87083333333333324 -0.74166666666666659 476.60216488138155 -2.3666666666666663
decision_type=8 8 10 2 2 10 8 2 2 8 10 10 2 8
left_child=7 -2 -3 4 -4 6 -5 -1 9 11 12 -9 -11 -14
right_child=1 2 3 5 -6 -7 -8 8 -10 10 -12 -13 13 -15
leaf_value=-0.0013723552769788884 -0.0086008956445838367 0.015809103232639066 0.0040035363541393292 0.011829566106701522 -0.010093705935004631 0.017422023224229057 -0.004740727299192905 0.014484455989896559 0.012806238373008127 0.0027469819829865081 0.00214157181982659 -0.0037652770457132579 -0.00071174705259993557 -0.017360296490413867
leaf_weight=630.44714763760567 13.979880094528196 34.017776101827621 30.340615808963776 16.988880798220634 26.717703193426132 16.074797511100769 21.71298748254776 33.511266827583313 23.1587303429842 27.461117804050446 212.86586783826351 16.216395050287247 23.665213361382484 37.117621749639511
leaf_count=2638 60 144 126 71 112 68 92 141 97 116 893 68 99 154
internal_value=0.000467145 0.00470523 0.00622342 0.00275589 -0.00287893 0.00837527 0.00305433 -0.000227208 0.00169581 0.000792772 -0.000639742 0.00873286 -0.00710402 -0.0114251
internal_weight=1164.28 159.833 145.853 111.835 57.0583 54.7767 38.7019 1004.44 373.996 350.837 301.11 49.7277 88.244 60.7828
internal_count=4879 673 613 469 238 231 163 4206 1568 1471 1262 209 369 253
is_linear=0
shrinkage=0.03


Tree=389
num_leaves=15
num_cat=0
split_feature=3 37 21 5 39 1 7 27 24 20 4 24 7 10
split_gain=2.04634 3.4926 3.89847 7.78477 5.81522 4.25729 5.14026 4.1011 6.8888 4.40722 4.35741 4.04646 4.02163 4.00006
threshold=0.024539146582569619 1.0000000180025095e-35 15.27325172384228 0.33776214505663482 1553.654086421793 48.250000000000007 2.4065561301491201 12.500000000000002 0.35634920634920647 12.568921075267193 129.35227087680201 -0.45048701298701294 -2.6555149238105051 -11.099999999999998
decision_type=2 2 10 2 2 2 2 2 10 10 2 10 2 8
left_child=-1 2 7 -4 5 6 -5 10 9 -9 11 -2 -13 -14
right_child=1 -3 3 4 -6 -7 -8 8 -10 -11 -12 12 13 -15
leaf_value=0.0016748488669650976 -0.0099201729946190552 -0.0049737506873339856 0.012789162171157942 -0.01506400416828008 0.0047294834124982955 0.0028508414475125099 0.001686189359780913 0.014067638108323208 -0.010795871484181253 0.0028794043058733287 0.0052771738647252389 0.0085255355615609218 0.0090711480709596004 -0.0052678043610693533
leaf_weight=446.14056684076786 48.775570541620255 145.12080016732216 17.918795526027679 75.010140985250473 31.854539841413498 20.065335139632225 19.584340959787369 55.342299476265907 15.725843727588652 73.754533544182777 78.491566687822342 30.966353639960289 16.386803671717644 97.958122804760933
leaf_count=1872 211 606 75 314 133 84 83 231 66 308 331 129 69 408
internal_value=8.59666e-05 -0.000893928 0.000157366 -0.00368846 -0.00605922 -0.0091289 -0.0116856 0.00169814 0.00568596 0.00802137 -0.000484877 -0.00288915 -0.00027761 -0.00291894
internal_weight=1173.1 726.955 581.834 164.433 146.514 114.66 94.5945 417.401 144.823 129.097 272.578 194.087 145.311 114.345
internal_count=4920 3048 2442 689 614 481 397 1753 605 539 1148 817 606 477
is_linear=0
shrinkage=0.03


Tree=390
num_leaves=15
num_cat=0
split_feature=15 11 20 35 12 20 12 20 24 18 9 14 26 22
split_gain=2.10559 2.03944 4.59109 3.89349 4.58575 4.56827 6.2336 4.35283 6.9453 4.2527 3.64698 4.47283 3.49707 3.45857
threshold=-13.149999999999997 25.500000000000004 10.246408584908611 1.0000000180025095e-35 31.900000000000002 11.370527203647539 16.100000000000005 12.225883186614615 0.10000000000000001 -1.4499999999999997 4.1000000000000005 20.100000000000005 1.1291666666666669 0.64495798319327746
decision_type=8 10 10 2 10 10 8 10 10 10 10 10 8 8
left_child=-1 3 12 4 5 6 -2 8 -7 -5 13 -12 -3 -9
right_child=1 2 -4 9 -6 7 -8 10 -10 -11 11 -13 -14 -15
leaf_value=-0.010447556747180543 -0.016470917356356994 0.012700797589611493 -0.0042309522923551068 -0.0060510616268362035 0.013521190184491123 0.016680508946323808 -0.00051437314989167724 0.0010891723036800167 -0.0057814590970717327 0.00089524020244281517 0.00072425891065815682 -0.014144415409559361 -0.0023269955343639447 0.0093364666807950053
leaf_weight=14.863179817795752 21.502591997385025 23.358315989375114 260.62421236932278 148.58158174157143 23.137063220143318 37.883172705769539 132.80294442176819 168.26896543800831 14.480247363448141 161.7489649951458 56.967361465096474 21.457801699638367 24.843271851539612 58.713872641324997
leaf_count=65 90 97 1089 623 99 159 558 704 61 678 238 90 104 247
internal_value=-0.000758558 -0.000589288 -0.00265471 0.000176255 0.00172147 0.00106274 -0.0031851 0.00291346 0.0105065 -0.00247376 0.00146334 -0.00394785 0.00546465 0.00337776
internal_weight=1169.23 1154.37 308.826 845.545 535.214 512.077 154.306 357.771 52.3634 310.331 305.408 78.4252 48.2016 226.983
internal_count=4902 4837 1290 3547 2246 2147 648 1499 220 1301 1279 328 201 951
is_linear=0
shrinkage=0.03


Tree=391
num_leaves=15
num_cat=0
split_feature=14 18 15 42 0 8 2 15 24 20 12 1 1 3
split_gain=3.00924 3.29301 2.71723 3.75281 4.12193 3.74333 3.41989 3.29351 3.00922 2.72896 2.61508 2.51881 6.3774 2.97536
threshold=31.700000000000006 2.1500000000000008 -7.1499999999999995 6.5000000000000009 -1.2499999999999998 -8.6749999999999989 0.60721009585630525 -6.2499999999999991 -0.53589743589743577 13.656500283747665 20.100000000000005 37.250000000000007 37.750000000000007 0.021888859758362304
decision_type=10 10 10 8 2 10 2 10 8 10 10 2 2 2
left_child=2 -2 3 5 -5 10 -6 -4 9 -9 -1 13 -13 -10
right_child=1 -3 7 4 6 -7 -8 8 11 -11 -12 12 -14 -15
leaf_value=-0.003129993656223776 -0.00027399922176309593 0.015828711960966035 0.0087535717268390316 -0.0181443948345196 0.0073477374398911834 -0.0092654713973021989 -0.010561006201695604 0.011626284472072613 0.004092169704975124 -0.0031101338527130601 0.009851151916653849 0.013977218015937723 -0.00058599704440478767 -0.0084936248971169796
leaf_weight=20.715110912919044 23.549324586987495 16.907531380653381 33.163527235388756 24.193007275462151 14.430421471595766 20.906036213040352 14.128136113286017 29.652900591492653 19.163857892155647 14.169956982135771 28.466471835970879 22.980499386787415 820.34077894687653 62.598600655794144
leaf_count=89 101 71 140 105 61 87 61 126 81 60 122 96 3432 261
internal_value=-0.000112208 0.00745642 -0.000416202 -0.00453514 -0.0101977 0.000122038 -0.00176535 0.00010873 -0.000230586 0.00703079 0.00459926 -0.000610517 -0.000109107 -0.00547788
internal_weight=1165.37 40.4569 1124.91 122.839 52.7516 70.0876 28.5586 1002.07 968.907 43.8229 49.1816 925.084 843.321 81.7625
internal_count=4893 172 4721 525 227 298 122 4196 4056 186 211 3870 3528 342
is_linear=0
shrinkage=0.03


Tree=392
num_leaves=15
num_cat=0
split_feature=4 2 23 4 3 22 15 7 2 15 4 7 15 30
split_gain=2.57023 6.26 5.27594 4.73189 6.83397 4.72198 7.32053 4.68855 4.68224 5.29323 4.63661 5.58788 4.5754 4.90757
threshold=24.946127025169179 0.63209211952286048 0.20714285714285716 -43.232260768898179 0.024826062477769754 0.46410256410256417 -4.4499999999999993 5.7489114421075378 0.65752441840601406 -2.5499999999999994 -76.01766100978783 1.1066357780879483 -7.1499999999999995 1.0000000180025095e-35
decision_type=2 2 10 2 2 10 10 2 2 10 2 2 10 2
left_child=3 2 -2 10 5 6 -5 -4 9 -3 12 -12 -1 -14
right_child=1 8 7 4 -6 -7 -8 -9 -10 -11 11 -13 13 -15
leaf_value=-0.0074430949491461071 -0.014616979405418807 -0.0050523860402952045 -0.0048681736490515928 0.014475201098401095 -0.0032759600190902039 0.014607339389516404 -0.0034172003089705701 0.0088718420087060025 -0.00062073756805040847 0.014192438127186135 -0.012788512744456979 0.0036657612934919244 0.00095236112725226568 0.014284545463953064
leaf_weight=39.618699163198471 41.301965653896332 15.533400893211363 173.04380042850971 27.710089102387428 62.522599056363106 57.805362358689308 51.690998315811157 20.907149821519852 404.1524344086647 36.782599478960037 49.664109006524086 25.345905289053917 140.43825474381447 25.417556345462799
leaf_count=172 175 65 722 116 262 242 216 87 1699 155 208 107 588 107
internal_value=-0.000381809 -0.00154785 -0.00546798 0.00129645 0.00476717 0.0084186 0.00331466 -0.00320131 0.000509846 0.00853609 -0.00121521 -0.00734698 0.0011446 0.00335377
internal_weight=1171.93 691.721 235.253 480.214 199.729 137.206 79.4011 193.951 456.468 52.316 280.485 75.01 205.475 165.856
internal_count=4921 2903 984 2018 836 574 332 809 1919 220 1182 315 867 695
is_linear=0
shrinkage=0.03


Tree=393
num_leaves=15
num_cat=0
split_feature=17 4 12 18 24 24 4 0 11 17 9 10 22 7
split_gain=1.90793 5.52205 4.40837 5.34292 4.78384 5.93841 5.82858 4.62277 4.59243 4.96621 4.15616 4.82323 5.02259 7.66059
threshold=-2.7999999999999989 180.52643869310137 22.500000000000004 7.4500000000000011 0.060661764705882366 0.11904761904761907 100.7816942890387 9.2500000000000018 24.675000000000004 7.9000000000000021 3.5000000000000004 15.100000000000003 0.68301435406698574 0.074150757753805044
decision_type=10 2 10 10 10 10 2 2 10 10 10 10 10 2
left_child=1 -1 3 10 8 -6 -7 -5 -4 -10 11 12 -2 -14
right_child=2 -3 4 7 5 6 -8 -9 9 -11 -12 -13 13 -15
leaf_value=-0.00029903469251719257 0.001128806539583824 -0.011902421230502811 0.0028337996705335294 -0.013151852331519831 -0.01337033202663241 -0.0080972235186504947 0.0081221027226717549 0.004084519863588815 0.016792068051322676 -0.0021325907078067873 -0.0096522518131295799 -0.0058824161843073547 0.019702253936760228 -0.0011388045073903055
leaf_weight=404.33794747292995 263.84735146164894 35.653375923633575 100.46656203269958 44.89211742579937 21.427976250648499 25.059713035821915 55.592543289065361 16.734585300087929 53.808266282081604 14.518648922443388 27.671655938029289 61.818506270647049 30.869239777326584 27.544563084840775
leaf_count=1706 1102 152 419 188 90 105 233 70 224 61 115 258 130 115
internal_value=0.000194391 -0.00136245 0.00111773 -0.000632738 0.00413286 -0.000976951 0.00290405 -0.00851608 0.00716228 0.0128996 0.000635176 0.00149087 0.00297353 0.0105599
internal_weight=1184.24 439.991 744.252 473.378 270.874 102.08 80.6523 61.6267 168.793 68.3269 411.751 384.08 322.261 58.4138
internal_count=4968 1858 3110 1978 1132 428 338 258 704 285 1720 1605 1347 245
is_linear=0
shrinkage=0.03


Tree=394
num_leaves=15
num_cat=0
split_feature=26 23 26 18 42 15 18 7 18 41 15 41 15 23
split_gain=2.13794 2.14136 3.0374 3.06154 2.34775 4.15519 3.76009 7.13409 6.52599 5.33882 4.00859 4.2611 3.76339 6.72293
threshold=15.645833333333334 0.90454545454545465 6.6770833333333348 1.2500000000000002 6.5000000000000009 7.3500000000000005 3.5500000000000003 -2.9240891969864147 8.4500000000000011 79.500000000000014 5.8500000000000005 72.500000000000014 -3.3499999999999992 0.64852941176470602
decision_type=10 10 10 10 10 10 10 2 10 10 8 10 10 8
left_child=1 4 -3 -4 -1 6 9 -8 -9 10 11 12 13 -6
right_child=-2 2 3 -5 5 -7 7 8 -10 -11 -12 -13 -14 -15
leaf_value=0.0016546312153334431 0.007827826299288956 -0.0132570713957547 0.0056791091132860037 -0.007990807197532545 -0.013790026343651984 0.0063816537042076368 -0.011367785901753595 0.011206177690083249 -0.0050326999033150363 0.0071170953803665052 -0.017624262746567636 -0.013862738756465928 0.00037885904964256203 0.0046552283214934898
leaf_weight=604.30651260912418 28.062593713402748 20.372447282075882 28.091316998004913 21.612538263201714 48.562248200178146 52.681639447808266 22.30854406952858 62.879683062434196 29.616912454366684 30.219981953501701 17.685479789972305 30.446188315749168 140.99112701416016 23.576814189553261
leaf_count=2529 118 86 118 91 210 221 94 263 125 127 74 128 590 100
internal_value=0.000307954 8.81918e-05 -0.00480965 -0.000452006 0.00043199 -0.0011783 -0.00222423 0.00230389 0.00601514 -0.00401649 -0.00541377 -0.00419052 -0.00252273 -0.00785067
internal_weight=1161.41 1133.35 70.0763 49.7039 1063.28 458.969 406.287 114.805 92.4966 291.482 261.262 243.576 213.13 72.1391
internal_count=4874 4756 295 209 4461 1932 1711 482 388 1229 1102 1028 900 310
is_linear=0
shrinkage=0.03


Tree=395
num_leaves=15
num_cat=0
split_feature=25 24 23 25 18 12 19 7 1 7 25 8 11 12
split_gain=3.01723 6.58944 3.72663 3.38857 3.13288 4.46657 4.3016 5.13723 5.10724 4.21531 4.16072 7.3346 6.06771 4.05567
threshold=-12.049999999999999 -0.33030303030303021 0.6132478632478634 -10.07179487179487 2.7500000000000004 12.100000000000001 -4.6124999999999989 -3.2669332438890062 44.750000000000007 -4.1880423119774868 -4.2792207792207781 1.9000000000000001 23.900000000000002 28.700000000000006
decision_type=8 10 10 8 10 8 8 2 2 2 8 10 10 10
left_child=1 2 -1 -2 5 -5 8 9 10 -8 -7 -12 -13 -9
right_child=3 -3 -4 4 -6 6 7 13 -10 -11 11 12 -14 -15
leaf_value=-0.011960221693794298 -0.0089118645951813853 0.016026005282801681 0.0053013745570323475 -0.014777099828472195 0.0020882462334270344 -0.010513031334418287 -0.0010001853524941315 -0.0044621379287633246 0.013539020854460272 0.012364081434485939 0.013262736857352795 -0.014981291395505204 0.0078115213104412804 0.0027759111645021006
leaf_weight=14.892957746982573 35.796173691749573 26.984338864684105 21.379832297563553 16.487579241394997 374.42912532389164 19.389860242605209 47.440930426120758 386.74308118224144 32.0355514138937 32.487952724099159 31.722402915358543 19.403638392686844 14.29232409596443 81.171032562851906
leaf_count=65 153 114 93 69 1563 81 198 1625 134 136 133 81 60 343
internal_value=-4.7293e-05 0.00607272 -0.00237626 -0.000428083 -9.97357e-05 -0.00130888 -0.000866969 -0.00198565 0.00424443 0.00483997 0.00017518 0.00386467 -0.00555344 -0.00319045
internal_weight=1154.66 63.2571 36.2728 1091.4 1055.6 681.174 664.687 547.843 116.844 79.9289 84.8082 65.4184 33.696 467.914
internal_count=4848 272 158 4576 4423 2860 2791 2302 489 334 355 274 141 1968
is_linear=0
shrinkage=0.03


Tree=396
num_leaves=15
num_cat=0
split_feature=22 18 8 19 13 16 16 15 26 12 30 4 17 21
split_gain=3.55073 7.12281 4.19457 4.32386 8.21333 5.7497 5.082 4.16862 4.48369 4.1681 4.02402 3.79263 3.91315 3.77315
threshold=0.70294117647058829 -6.8666666666666663 5.1000000000000005 0.95000000000000007 16.100000000000005 -2.1499999999999999 -2.4499999999999997 2.1500000000000008 6.9722222222222232 13.300000000000002 1.0000000180025095e-35 267.12212497901311 -13.549999999999999 12.47775741557407
decision_type=10 8 8 8 10 10 8 8 10 10 2 2 10 10
left_child=2 -2 9 4 -4 -5 -6 8 -3 -1 -9 12 13 -11
right_child=1 7 3 5 6 -7 -8 10 -10 11 -12 -13 -14 -15
leaf_value=0.0086578387419086519 0.010841896675524822 0.0038019189460960323 -0.014422089667158024 -0.00082797985335006938 0.017984381253154338 0.01612363526134411 -0.00063842737991045033 -0.010740056591733053 -0.011389478646976 0.017002343544904808 0.0016142575149614819 0.011639357785488427 -0.0019259001962553769 0.0007437280046866181
leaf_weight=38.438819274306297 23.289159670472145 66.575123533606529 20.140340611338615 27.462371319532394 15.786165952682493 44.837547138333321 35.189214959740639 111.72394350171089 18.138671278953552 14.37523317337036 28.280299067497253 16.103668794035912 655.24711614847183 39.583125039935112
leaf_count=162 99 278 84 118 66 188 146 467 75 63 119 70 2748 170
internal_value=-0.000353049 -0.00349636 0.000520749 0.00513609 -0.000189288 0.0100477 0.00622003 -0.00518598 9.56978e-05 -0.000373684 -0.00827492 -0.000908321 -0.00127273 0.0061498
internal_weight=1155.17 248.007 907.164 143.416 71.1157 72.2999 50.9754 224.718 84.7138 763.748 140.004 725.309 709.205 53.9584
internal_count=4853 1038 3815 602 296 306 212 939 353 3213 586 3051 2981 233
is_linear=0
shrinkage=0.03


Tree=397
num_leaves=15
num_cat=0
split_feature=23 41 7 15 18 11 18 41 21 17 23 11 42 0
split_gain=2.19996 5.56125 4.64243 5.01899 5.86892 4.39995 4.13737 4.33849 3.90517 2.90258 2.76739 2.78581 7.99114 4.20344
threshold=0.74342105263157909 68.500000000000014 3.5424644973265509 5.1500000000000012 -3.7499999999999996 27.500000000000004 0.72500000000000009 67.500000000000014 11.673331429659077 -2.3666666666666663 0.71825396825396837 29.300000000000001 2.5000000000000004 7.2500000000000009
decision_type=10 10 2 8 10 10 10 8 10 10 10 10 8 2
left_child=10 2 3 4 -2 -5 -6 -8 -3 -10 11 -1 -13 -14
right_child=1 8 -4 5 6 -7 7 -9 9 -11 -12 12 13 -15
leaf_value=0.0011346986253755853 -0.0063106500212118605 0.0022607234079011543 -0.012094250706446123 -0.016471049002749077 0.016752906108311053 0.0039993607757910004 -0.0034376424070895846 0.013223350684513158 -0.021011646717612388 -0.003574995750795478 0.011141889521864127 -0.014429658837959079 -0.0055630937887106427 0.0088959472327095369
leaf_weight=833.27794878184795 25.575047463178635 14.564689204096792 18.160569861531258 15.991012886166574 32.475741505622864 14.301028430461882 32.34757673740387 17.99650476872921 22.470613181591034 16.025967746973038 17.824219644069672 35.888916462659836 28.683665379881859 34.718942165374756
leaf_count=3499 108 62 76 67 137 60 135 75 95 67 75 150 121 145
internal_value=0.000201851 -0.00254164 0.000382585 0.00238038 0.00538457 -0.00760943 0.00914977 0.00317474 -0.0104741 -0.0149982 0.000817921 0.000562232 -0.00406611 0.00242611
internal_weight=1160.3 209.909 156.847 138.687 108.395 30.292 82.8198 50.3441 53.0613 38.4966 950.394 932.569 99.2915 63.4026
internal_count=4872 882 658 582 455 127 347 210 224 162 3990 3915 416 266
is_linear=0
shrinkage=0.03


Tree=398
num_leaves=15
num_cat=0
split_feature=9 12 41 1 17 22 41 22 1 3 4 4 4 39
split_gain=2.82685 5.19418 5.34197 4.57339 4.14696 3.17574 4.36202 3.97281 3.25653 3.3284 3.16253 4.70508 3.8032 3.12861
threshold=-1.0999999999999999 24.700000000000006 43.500000000000007 35.750000000000007 7.7500000000000018 0.37980769230769235 62.500000000000007 0.15504807692307696 46.750000000000007 0.024694227694682994 189.9103516499612 232.50305990482573 146.40693767054066 357.45334217460351
decision_type=8 10 8 2 10 8 8 10 2 2 2 2 2 2
left_child=1 2 4 -4 13 6 -5 -8 -7 -10 12 -12 -2 -1
right_child=10 -3 3 5 -6 8 7 -9 9 -11 11 -13 -14 -15
leaf_value=-0.020749320463856438 -0.00097682276772165645 0.012598562421694709 0.015988899623851444 -0.0034044913929566277 0.0041805409517023523 0.0016477905117013357 0.0008592627706199774 0.01346561568291255 0.0021534531747182221 -0.011314917907911195 -0.017093342023536944 0.00068898724505268643 0.0082686557445599829 -0.0044726462546740313
leaf_weight=14.340475633740423 573.63774088025093 33.651116922497749 16.360780730843544 33.543115213513374 20.345924139022827 201.32147395610809 36.933916419744492 55.592430517077446 25.384174287319183 35.910631656646729 20.995246827602386 26.855657577514648 38.028461277484894 32.141711518168449
leaf_count=61 2411 142 69 140 86 842 156 232 106 151 89 114 159 135
internal_value=0.000340514 0.00201802 0.0011393 0.00245037 -0.00642456 0.00168467 0.00549882 0.00873555 -0.000214841 -0.00599549 -0.000950821 -0.00799225 -0.000339631 -0.0110217
internal_weight=1165.04 505.526 471.875 405.047 66.8281 388.686 126.069 92.5263 262.616 61.2948 659.517 47.8509 611.666 46.4822
internal_count=4893 2120 1978 1696 282 1627 528 388 1099 257 2773 203 2570 196
is_linear=0
shrinkage=0.03


Tree=399
num_leaves=15
num_cat=0
split_feature=18 26 25 25 11 13 42 15 26 26 0 11 22 12
split_gain=2.61988 5.3509 3.38398 3.38129 3.37041 3.02094 5.85485 4.80316 4.37746 4.08163 5.89043 3.56016 6.34254 4.06936
threshold=5.1500000000000012 11.577380952380954 15.531250000000002 11.873015873015875 12.700000000000001 22.900000000000002 5.5000000000000009 4.4500000000000011 0.72077922077922085 -4.8257575757575752 4.2500000000000009 23.900000000000002 0.28869047619047622 26.300000000000001
decision_type=10 10 10 10 8 10 8 10 8 10 2 10 10 10
left_child=2 5 3 4 -1 6 -2 8 9 10 -7 12 -10 -13
right_child=1 -3 -4 -5 -6 7 -8 -9 11 -11 -12 13 -14 -15
leaf_value=0.0069395158751201971 -0.0012477916318213431 -0.012158552766018507 -0.012855216197114291 0.0087459662918634978 -0.0013477726622272883 0.016645757290923626 0.017667370514001409 -0.010251210210984704 0.011111765024904878 -0.0074139671916340433 -0.0035594280373917693 0.019013057404150616 -0.012130322656217406 0.00051376200923655994
leaf_weight=41.75216269493103 24.58288162946701 15.711673036217688 15.574158653616903 28.976690202951431 813.710707873106 17.027481406927109 29.565574467182159 20.942511320114136 18.329949393868446 41.383760675787926 28.29299084842205 30.781511783599854 14.327994167804716 15.673362553119658
leaf_count=182 103 66 66 122 3411 72 123 88 78 174 119 128 60 66
internal_value=-6.05438e-05 0.00258388 -0.000824656 -0.000541734 -0.000905325 0.00377303 0.0097005 0.00184632 0.00362957 -0.00104387 0.00493159 0.00850904 0.000658085 0.013428
internal_weight=1156.63 256.62 900.014 884.44 855.463 240.908 54.1485 186.76 165.817 86.7042 45.3205 79.1128 32.6579 46.4549
internal_count=4858 1077 3781 3715 3593 1011 226 785 697 365 191 332 138 194
is_linear=0
shrinkage=0.03


end of trees

feature_importances:
away_std_margin=295
away_roll_total_vs_line=257
home_std_margin=253
away_ppg_diff_std=247
home_roll_ats=241
home_ppg_diff_std=234
home_roll_total_vs_line=226
home_roll_pf=213
home_roll_pa=211
market_vig=210
travel_miles=202
roll_ats_diff=196
elo_diff=194
away_roll_pf=194
winpct_diff=194
elo_vs_spread=192
away_roll_ats=186
temp=169
wind=168
total_line=160
away_roll_pa=160
away_roll_margin=157
home_roll_margin=143
away_winpct_std=135
home_winpct_std=125
market_home_prob=121
roll_margin_diff=118
week=92
elo_home_prob=76
spread_line=61
rest_diff=54
home_rest=26
home_qb_change=24
away_rest=18
elo_spread=13
is_primetime=11
away_qb_change=8
div_game=7
indoor=4
home_off_bye=3
away_off_bye=1
is_playoff=1

parameters:
[boosting: gbdt]
[objective: binary]
[metric: binary_logloss]
[tree_learner: serial]
[device_type: cpu]
[data_sample_strategy: bagging]
[data: ]
[valid: ]
[num_iterations: 400]
[learning_rate: 0.03]
[num_leaves: 15]
[num_threads: 0]
[seed: 17]
[deterministic: 0]
[force_col_wise: 0]
[force_row_wise: 0]
[histogram_pool_size: -1]
[max_depth: -1]
[min_data_in_leaf: 60]
[min_sum_hessian_in_leaf: 0.001]
[bagging_fraction: 0.8]
[pos_bagging_fraction: 1]
[neg_bagging_fraction: 1]
[bagging_freq: 1]
[bagging_seed: 26602]
[bagging_by_query: 0]
[feature_fraction: 0.7]
[feature_fraction_bynode: 1]
[feature_fraction_seed: 18297]
[extra_trees: 0]
[extra_seed: 13015]
[early_stopping_round: 0]
[early_stopping_min_delta: 0]
[first_metric_only: 0]
[max_delta_step: 0]
[lambda_l1: 0]
[lambda_l2: 5]
[linear_lambda: 0]
[min_gain_to_split: 0]
[drop_rate: 0.1]
[max_drop: 50]
[skip_drop: 0.5]
[xgboost_dart_mode: 0]
[uniform_drop: 0]
[drop_seed: 30017]
[top_rate: 0.2]
[other_rate: 0.1]
[min_data_per_group: 100]
[max_cat_threshold: 32]
[cat_l2: 10]
[cat_smooth: 10]
[max_cat_to_onehot: 4]
[top_k: 20]
[monotone_constraints: ]
[monotone_constraints_method: basic]
[monotone_penalty: 0]
[feature_contri: ]
[forcedsplits_filename: ]
[refit_decay_rate: 0.9]
[cegb_tradeoff: 1]
[cegb_penalty_split: 0]
[cegb_penalty_feature_lazy: ]
[cegb_penalty_feature_coupled: ]
[path_smooth: 0]
[interaction_constraints: ]
[verbosity: -1]
[saved_feature_importance_type: 0]
[use_quantized_grad: 0]
[num_grad_quant_bins: 4]
[quant_train_renew_leaf: 0]
[stochastic_rounding: 1]
[linear_tree: 0]
[max_bin: 255]
[max_bin_by_feature: ]
[min_data_in_bin: 3]
[bin_construct_sample_cnt: 200000]
[data_random_seed: 94]
[is_enable_sparse: 1]
[enable_bundle: 1]
[use_missing: 1]
[zero_as_missing: 0]
[feature_pre_filter: 1]
[pre_partition: 0]
[two_round: 0]
[header: 0]
[label_column: ]
[weight_column: ]
[group_column: ]
[ignore_column: ]
[categorical_feature: ]
[forcedbins_filename: ]
[precise_float_parser: 0]
[parser_config_file: ]
[objective_seed: 20363]
[num_class: 1]
[is_unbalance: 0]
[scale_pos_weight: 1]
[sigmoid: 1]
[boost_from_average: 1]
[reg_sqrt: 0]
[alpha: 0.9]
[fair_c: 1]
[poisson_max_delta_step: 0.7]
[tweedie_variance_power: 1.5]
[lambdarank_truncation_level: 30]
[lambdarank_norm: 1]
[label_gain: ]
[lambdarank_position_bias_regularization: 0]
[eval_at: ]
[multi_error_top_k: 1]
[auc_mu_weights: ]
[num_machines: 1]
[local_listen_port: 12400]
[time_out: 120]
[machine_list_filename: ]
[machines: ]
[gpu_platform_id: -1]
[gpu_device_id: -1]
[gpu_device_id_list: ]
[gpu_use_dp: 0]
[num_gpu: 1]

end of parameters

pandas_categorical:[]
