tree
version=v4
num_class=1
num_tree_per_iteration=1
label_index=0
max_feature_idx=44
objective=binary sigmoid:1
feature_names=spread_line total_line market_home_prob market_vig elo_diff elo_home_prob elo_spread elo_vs_spread home_roll_margin away_roll_margin roll_margin_diff home_roll_pf away_roll_pf home_roll_pa away_roll_pa home_roll_ats away_roll_ats roll_ats_diff home_roll_total_vs_line away_roll_total_vs_line home_std_margin away_std_margin home_winpct_std away_winpct_std winpct_diff home_ppg_diff_std away_ppg_diff_std week home_rest away_rest rest_diff home_short_week away_short_week home_off_bye away_off_bye div_game is_neutral is_primetime is_playoff travel_miles indoor temp wind home_qb_change away_qb_change
feature_infos=[-19:27] [28.5:63.5] [0.081632653061224497:0.95705263157894738] [-0.01907814407814401:0.049044914816726903] [-424.58947784649763:574.75956178722322] [0.079868614390060239:0.964722053120184] [-16.983579113859903:22.990382471488928] [-19.232544956438353:23.759173686548412] [-32.399999999999999:28] [-30.199999999999999:27.399999999999999] [-40.200000000000003:40.599999999999994] [3.5:46] [4.5:43.799999999999997] [5.2000000000000002:41.600000000000001] [4.5:40.399999999999999] [-21.600000000000001:28.25] [-23.199999999999999:21.699999999999999] [-30.600000000000001:33.5] [-19.600000000000001:24.300000000000001] [-21.800000000000001:30] [3.0203016773531863:27.825048667223086] [2.8982753492379305:27.378215184096035] [0:1] [0:1] [-1:1] [-49:49] [-46:44] [1:22] [4:16] [4:17] [-8:8] [0:1] [0:1] [0:1] [0:1] [0:1] [0:1] [0:1] [0:1] [0:2719.7652580450717] [0:1] [-6:102] [0:71] [0:1] [0:1]
tree_sizes=1676 1743 1744 1748 1741 1754 1744 1746 1753 1745 1751 1744 1751 1748 1744 1742 1755 1745 1739 1738 1739 1750 1747 1743 1748 1745 1750 1747 1751 1742 1745 1752 1747 1764 1752 1747 1740 1751 1741 1759 1748 1749 1744 1752 1755 1744 1755 1740 1752 1748 1754 1748 1752 1764 1759 1756 1748 1757 1758 1746 1750 1760 1759 1734 1750 1751 1746 1748 1770 1748 1757 1748 1759 1758 1757 1759 1759 1738 1749 1762 1756 1755 1754 1759 1766 1753 1744 1745 1742 1756 1759 1756 1754 1751 1761 1745 1755 1755 1758 1753 1753 1758 1762 1757 1771 1750 1751 1744 1760 1761 1751 1755 1752 1736 1754 1759 1748 1757 1760 1758 1766 1760 1763 1752 1759 1735 1780 1754 1760 1752 1755 1750 1761 1759 1756 1763 1755 1750 1746 1740 1763 1751 1745 1757 1759 1747 1757 1740 1753 1757 1748 1757 1755 1756 1751 1752 1757 1740 1761 1743 1756 1752 1769 1763 1757 1763 1758 1773 1769 1756 1769 1758 1764 1759 1763 1764 1754 1771 1756 1757 1769 1758 1758 1758 1769 1754 1760 1736 1755 1767 1753 1762 1765 1758 1776 1767 1758 1765 1759 1761 1751 1755 1734 1762 1757 1754 1765 1757 1760 1755 1760 1755 1760 1761 1735 1751 1743 1744 1756 1764 1758 1760 1756 1763 1759 1751 1753 1758 1755 1743 1738 1757 1770 1750 1761 1761 1756 1756 1765 1762 1757 1746 1749 1763 1762 1766 1767 1765 1750 1753 1756 1760 1743 1757 1740 1777 1756 1763 1772 1760 1752 1763 1746 1763 1760 1759 1757 1762 1757 1757 1772 1748 1753 1764 1761 1763 1769 1755 1749 1759 1742 1767 1763 1751 1755 1755 1756 1753 1764 1776 1759 1763 1758 1758 1761 1766 1742 1751 1753 1770 1757 1753 1752 1761 1748 1764 1753 1751 1751 1749 1764 1759 1760 1755 1764 1742 1756 1758 1752 1753 1755 1753 1766 1757 1762 1755 1739 1757 1763 1749 1767 1750 1763 1769 1747 1762 1750 1764 1774 1757 1750 1766 1755 1769 1752 1759 1758 1751 1750 1749 1755 1754 1752 1756 1763 1742 1745 1756 1737 1772 1763 1757 1760 1764 1754 1759 1754 1749 1755 1758 1765 1772 1766 1753 1753 1767 1756 1769 1759 1758 1764 1762 1761 1748 1756 1757 1746 1761 1747 1782 1742 1763 1769 1754 1755 1746 1750 1768 1763 1752

Tree=0
num_leaves=15
num_cat=0
split_feature=0 0 0 14 10 3 0 5 18 18 39 1 9 14
split_gain=485.38 129.461 48.369 17.3358 16.5769 15.2551 14.2374 9.077 13.4991 6.51866 5.14449 9.13031 8.74325 5.10682
threshold=1.0000000180025095e-35 6.2500000000000009 -4.2499999999999991 20.100000000000005 -8.8999999999999968 0.024372141282820507 8.7500000000000018 0.50520754721050432 -4.3499999999999988 11.550000000000002 694.12847492778974 37.250000000000007 7.5000000000000009 23.450000000000003
decision_type=2 2 2 10 8 2 2 2 10 8 2 2 10 10
left_child=2 5 -1 4 -4 7 -3 -2 -9 10 12 -12 13 -7
right_child=1 6 3 -5 -6 9 -8 8 -10 -11 11 -13 -14 -15
leaf_value=0.22064917274122273 0.24249606752158495 0.27993027219704836 0.2404190073859947 0.23563950539904185 0.26273609657205937 0.27163706879452931 0.29408378809755514 0.24256778439693794 0.264946024646523 0.24985608618437025 0.25205986626455879 0.27334005173373005 0.24469047873230418 0.25894463533443546
leaf_weight=157.33611106872559 31.713059887290001 154.38605898618698 54.330125853419304 151.92768225073814 58.01769095659256 60.721905365586281 170.85718311369419 27.04214408993721 94.893341988325119 14.996098086237906 17.208637148141861 162.00702686607838 15.241935759782789 49.659210056066513
leaf_count=640 129 628 221 618 236 247 695 110 386 61 70 659 62 202
internal_value=0.259627 0.273355 0.233763 0.242147 0.25159 0.263257 0.287776 0.255574 0.259511 0.266952 0.267935 0.27115 0.263078 0.26615
internal_weight=1220.34 798.727 421.612 264.275 112.348 473.483 325.243 153.649 121.935 319.835 304.839 179.216 125.623 110.381
internal_count=4964 3249 1715 1075 457 1926 1323 625 496 1301 1240 729 511 449
is_linear=0
shrinkage=1


Tree=1
num_leaves=15
num_cat=0
split_feature=0 2 2 2 14 14 41 26 13 3 16 17 2 2
split_gain=456.994 108.556 55.3321 21.1061 15.1624 10.5874 10.3594 11.5914 7.39996 6.80475 6.50948 7.29091 5.56804 6.54451
threshold=3.2500000000000004 0.42631843207823544 0.74087741323255141 0.34247558159398611 20.100000000000005 29.500000000000004 80.500000000000014 -2.5634920634920628 25.700000000000006 0.022254617698831084 5.4500000000000011 -7.4499999999999984 0.52791633086459655 0.54618794584328312
decision_type=2 2 2 2 8 8 8 10 8 2 8 8 2 2
left_child=1 3 5 -1 -3 6 7 -2 -4 -9 -5 -12 -6 -14
right_child=2 4 8 10 12 -7 -8 9 -10 -11 11 -13 13 -15
leaf_value=-0.036808513260645125 0.022762902408227242 0.0029413576928246921 0.033239538048421058 -0.023533970034599627 -0.015431493369494087 -0.0050942651040196017 -0.0046684746757275917 -0.0058359641263312553 0.014131324796778226 0.011765957623899296 -0.017056864737606009 0.0070799555067509881 0.0089966611552194688 -0.0082761190055879053
leaf_weight=164.72529520094395 103.34627147018909 132.98424738645554 205.40302401781082 114.81532981991768 88.450869753956795 28.489635586738586 24.065036281943321 19.896837800741196 31.583886623382568 135.53154391050339 23.413193330168724 15.015570580959318 19.409758910536766 113.27752947807312
leaf_count=667 421 541 839 466 359 116 98 81 129 552 95 61 79 461
internal_value=-2.17433e-05 -0.0165494 0.0202034 -0.0291359 -0.00499968 0.0115961 0.0133365 0.0150677 0.0310375 0.00940102 -0.019986 -0.00789639 -0.00973458 -0.00551447
internal_weight=1220.41 672.092 548.316 317.969 354.122 311.329 282.84 258.775 236.987 155.428 153.244 38.4288 221.138 132.687
internal_count=4965 2729 2236 1289 1440 1268 1152 1054 968 633 622 156 899 540
is_linear=0
shrinkage=0.03


Tree=2
num_leaves=15
num_cat=0
split_feature=0 0 0 0 3 13 8 3 21 11 15 41 11 3
split_gain=443.915 96.6313 37.3812 18.6905 10.0565 9.37884 8.37675 8.32513 7.62891 7.25468 7.15011 6.28471 6.17954 5.23195
threshold=3.2500000000000004 -2.7499999999999996 6.7500000000000009 -4.2499999999999991 0.024366704572654222 27.100000000000005 1.9000000000000001 0.024807481797745726 11.214326086628697 15.900000000000002 5.1500000000000012 58.500000000000007 18.100000000000005 0.023732246516353198
decision_type=2 2 2 2 2 10 10 2 8 10 10 10 10 2
left_child=1 3 9 -1 -3 8 -5 -7 11 -2 12 -6 -10 -11
right_child=2 4 -4 6 5 7 -8 -9 10 13 -12 -13 -14 -15
leaf_value=-0.035730020172080532 -0.0058587767290989353 -0.012673605569935513 0.027290117959189168 -0.023192029687157837 0.0033509902528766327 0.0014651371370749389 -0.004747202496770595 -0.023338371686563216 -0.002190261101761255 0.00093159790245082494 -0.008424250908803289 -0.016773178738604844 0.012203206141083535 0.014207964945742032
leaf_weight=165.09525598585606 17.909764125943184 119.6792419552803 277.73562221229076 124.7161717414856 21.393699705600739 19.200246423482895 30.337853908538818 25.845439597964287 37.642122223973274 31.195743575692177 27.05210055410862 28.780569091439247 78.214899435639381 217.18262073397636
leaf_count=666 73 486 1139 505 87 78 123 105 153 127 110 117 318 886
internal_value=-0.000466302 -0.0166105 0.0196206 -0.0284597 -0.0057624 -0.00209976 -0.0198442 -0.013676 0.000877983 0.0112657 0.00440863 -0.0086664 0.0076296 0.0125918
internal_weight=1221.98 677.958 544.024 320.149 357.808 238.129 155.054 45.0457 193.083 266.288 142.909 50.1743 115.857 248.378
internal_count=4973 2748 2225 1294 1454 968 628 183 785 1086 581 204 471 1013
is_linear=0
shrinkage=0.03


Tree=3
num_leaves=15
num_cat=0
split_feature=2 2 2 0 0 11 14 8 14 2 12 8 39 24
split_gain=414.408 103.396 39.9696 12.8846 10.8704 11.1536 10.6507 10.3507 5.80579 5.67818 7.21276 5.51636 10.1976 5.45903
threshold=0.52462618965897123 0.71263570861201753 0.34746472687839575 9.2500000000000018 3.2500000000000004 29.500000000000004 20.300000000000001 5.9000000000000012 29.300000000000001 0.46389845994981621 26.100000000000005 -7.6999999999999984 587.21949202085273 -0.040064102564102526
decision_type=2 2 2 2 2 10 8 10 8 2 8 10 2 10
left_child=2 4 -1 -3 5 7 -4 11 -6 -8 -11 -2 13 -13
right_child=1 3 6 -5 8 -7 9 -9 -10 10 -12 12 -14 -15
leaf_value=-0.034377922613237355 -0.010169427281280228 0.019418244483783716 -0.0083888105521536457 0.033089959113449238 0.0099543262769750413 0.020532866543373163 -0.024073278996597353 -0.018062031492986481 -0.0044290994386007067 -0.00065640519252550269 -0.023501432944212506 0.0031430197886744074 0.0087297581329697956 -0.014643333805278998
leaf_weight=169.04500132799149 33.218225494027138 165.99943697452545 122.81932573020458 145.91279911994934 208.06449192762375 15.011706694960592 119.04175496101379 29.023288562893867 25.775602877140045 30.627243623137474 16.293361276388168 24.845625385642052 88.746891930699348 30.742171332240105
leaf_count=680 135 682 498 602 850 61 481 118 105 124 66 101 361 125
internal_value=-0.000382166 0.0130711 -0.0228281 0.026235 0.00386841 -0.000898022 -0.0155971 -0.00290382 0.00830935 -0.0205303 -0.0100887 8.27556e-07 0.0026036 -0.00709019
internal_weight=1225.17 767.34 457.827 311.912 455.428 221.588 288.782 206.576 233.84 165.962 46.9206 177.553 144.335 55.5878
internal_count=4989 3140 1849 1284 1856 901 1169 840 955 671 190 722 587 226
is_linear=0
shrinkage=0.03


Tree=4
num_leaves=15
num_cat=0
split_feature=2 0 2 2 42 14 10 4 24 14 24 2 22 13
split_gain=395.04 88.5904 39.235 19.8292 9.30287 8.65434 13.7058 8.05527 7.54997 8.9427 7.40017 4.95108 7.24071 4.86715
threshold=0.52462618965897123 6.7500000000000009 0.34247558159398611 0.63030944378226328 10.500000000000002 20.300000000000001 -5.299999999999998 261.49051116978779 0.11437908496732026 20.500000000000004 -0.24772727272727266 0.39645010412498688 0.36038961038961043 27.100000000000005
decision_type=2 2 2 2 10 10 10 2 8 8 10 2 8 8
left_child=2 3 -1 4 8 6 -4 -3 10 -10 -2 -7 -13 -12
right_child=1 7 5 -5 -6 11 -8 -9 9 -11 13 12 -14 -15
leaf_value=-0.033624157886974773 -0.0063273015609059645 0.022152755726704134 -0.015210348478433786 0.011567020515365409 -0.010672278095384537 -0.027840405729888537 0.0052435914507720236 0.035606901163577363 0.010283974850469254 -0.013871050747920772 0.012340798116346561 -0.0049412101837299537 -0.020854561037266205 -0.0035561613968313321
leaf_weight=166.44875113666058 29.738403335213661 198.52365803718567 82.287274181842804 230.03376848995686 57.012692555785179 49.154198095202446 41.413079768419266 78.376314863562584 15.960434332489966 38.345991104841232 93.601676568388939 46.315412610769272 66.587013065814972 18.69305220246315
leaf_count=668 121 821 333 941 232 198 168 325 65 156 381 187 269 76
internal_value=-3.44928e-05 0.0131471 -0.0220979 0.00529068 -0.000521566 -0.0149212 -0.00842499 0.0265249 0.00261781 -0.00650348 0.0062079 -0.0194793 -0.0148129 0.00965574
internal_weight=1212.49 760.286 452.206 483.386 253.352 285.757 123.7 276.9 196.34 54.3064 142.033 162.057 112.902 112.295
internal_count=4941 3118 1823 1972 1031 1155 501 1146 799 221 578 654 456 457
is_linear=0
shrinkage=0.03


Tree=5
num_leaves=15
num_cat=0
split_feature=0 0 0 0 19 41 11 0 19 24 22 22 22 11
split_gain=357.517 89.3159 44.3283 10.9019 7.34471 7.85093 6.91942 6.06177 5.09486 4.96627 4.5472 4.63075 4.55817 4.37905
threshold=3.2500000000000004 -2.7499999999999996 6.7500000000000009 -5.2499999999999991 -3.4499999999999997 43.500000000000007 15.300000000000002 9.2500000000000018 -1.9499999999999997 -0.1818181818181818 0.39087301587301593 0.69615384615384623 0.28869047619047622 17.100000000000005
decision_type=2 2 2 2 10 8 10 2 10 8 10 10 10 10
left_child=1 3 6 -1 9 -6 -2 -4 -7 -3 12 -12 -5 -10
right_child=2 4 7 10 5 8 -8 -9 13 -11 11 -13 -14 -15
leaf_value=-0.032832211192797577 -0.0087046745845636205 0.012799417504883059 0.020212927485193866 -0.018541063897058618 0.0057912929542872854 -0.020052587308418822 0.010216875406033691 0.031376079564597925 -0.015257297514972703 -0.0015944850476826151 -0.030182827960561237 -0.0083637355142079147 -0.0039536564811374075 -0.0044709072872448205
leaf_weight=141.0236257314682 14.946103066205977 25.124613955616951 134.66689598560333 70.091642796993256 34.484745532274246 28.341545790433884 251.84431110322475 140.15795323252678 40.480013877153397 72.870556741952896 55.616218388080597 15.866560563445089 30.31084032356739 164.93186536431313
leaf_count=565 61 102 558 282 140 115 1032 585 164 296 224 64 122 669
internal_value=-0.000109584 -0.0145619 0.0179799 -0.0262033 -0.00439657 -0.0069301 0.00901622 0.0263649 -0.00888882 0.00253812 -0.0199902 -0.0262032 -0.0145337 -0.0069086
internal_weight=1220.76 679.142 541.615 312.909 366.233 268.238 266.79 274.825 233.753 97.9952 171.885 71.4828 100.402 205.412
internal_count=4979 2743 2236 1257 1486 1088 1093 1143 948 398 692 288 404 833
is_linear=0
shrinkage=0.03


Tree=6
num_leaves=15
num_cat=0
split_feature=2 2 2 3 14 11 10 0 20 19 2 14 19 41
split_gain=348.095 85.2511 27.6172 19.539 12.0953 11.7403 9.88485 9.81009 8.40337 6.90946 5.61629 5.85347 5.34087 7.62946
threshold=0.52462618965897123 0.71263570861201753 0.34746472687839575 0.024154191582227872 20.100000000000005 13.700000000000001 -8.8999999999999968 9.2500000000000018 12.189476231107085 -5.7499999999999991 0.63030944378226328 22.700000000000006 0.55000000000000016 54.500000000000007
decision_type=2 2 2 2 10 10 8 2 10 8 2 10 10 8
left_child=2 3 -1 12 6 -5 -4 -3 -6 -8 11 -7 -2 -14
right_child=1 7 4 5 8 10 9 -9 -10 -11 -12 -13 13 -15
leaf_value=-0.03029350277212807 -0.012448473203448718 0.018453814146899745 -0.015416423827689435 -0.013909945942456462 -0.010329718358506788 0.0093201720436512179 0.015144783875470297 0.030788854965224141 -0.025210783721817859 -0.0048612824066760962 0.01310529433823595 -0.0013336637653345591 -0.013788447792944473 0.0079029166594602324
leaf_weight=168.62581300735474 58.007847592234612 161.61713597178459 56.295887738466263 17.231436789035797 67.048179432749748 114.08867882192135 17.503579899668694 140.18436156213284 99.630452871322632 45.428040355443954 153.1997936964035 74.217616051435471 17.418822407722473 36.820401251316071
leaf_count=675 236 671 227 70 270 465 71 589 401 184 629 302 71 150
internal_value=4.78961e-05 0.0122786 -0.0206538 0.004213 -0.0145454 0.00761069 -0.00683662 0.0245917 -0.0196999 0.00140828 0.00888161 0.00519526 -0.00650736 0.00036095
internal_weight=1227.32 772.786 454.532 470.985 285.906 358.738 119.228 301.801 166.679 62.9316 341.506 188.306 112.247 54.2392
internal_count=5011 3183 1828 1923 1153 1466 482 1260 671 255 1396 767 457 221
is_linear=0
shrinkage=0.03


Tree=7
num_leaves=15
num_cat=0
split_feature=2 2 2 4 19 18 21 19 20 20 3 18 26 20
split_gain=347.568 85.9089 31.7234 12.8391 9.21807 8.58552 11.2619 9.51821 6.29113 9.54551 5.10859 8.10605 6.28052 5.5596
threshold=0.53116394179295334 0.71263570861201753 0.34746472687839575 261.49051116978779 -6.9499999999999993 -4.3499999999999988 14.095310488874579 1.1500000000000001 11.95663454998037 11.317145259024352 0.024485630696073794 1.5500000000000003 -0.74166666666666659 9.1253608701406996
decision_type=2 2 2 2 8 10 8 10 10 10 2 10 8 10
left_child=2 5 -1 -3 -4 6 -2 -8 9 -6 11 12 -7 -12
right_child=1 3 4 -5 8 10 7 -9 -10 -11 13 -13 -14 -15
leaf_value=-0.031211337301559887 0.0045924059370580144 0.019904801111240145 0.0024495493636750992 0.035334091010096005 -0.014116330981002921 -0.0031958714863948253 -0.026880692279987097 0.0012143081260893845 -0.019755628044732618 0.0067054346622774418 -0.0044044362677792635 -0.0067745926513551515 0.016248339689470048 0.0099377489600428331
leaf_weight=167.2210700660944 53.616740182042122 221.47607934474945 25.178080141544342 78.278667807579041 82.644537031650543 22.787346944212914 21.60157722234726 17.630664810538292 166.40398627519608 22.322198987007141 24.631548598408699 59.835485383868217 31.856547221541405 206.00326570868492
leaf_count=669 219 927 102 331 333 93 88 72 670 90 101 244 130 843
internal_value=-0.000557142 0.012211 -0.0207811 0.0244476 -0.0144795 0.0036545 -0.00427594 -0.015545 -0.0160661 -0.00958483 0.00581869 0.000592729 0.00855164 0.00834506
internal_weight=1201.49 737.718 463.77 299.755 296.549 437.963 92.849 39.2322 271.371 104.967 345.114 114.479 54.6439 230.635
internal_count=4912 3048 1864 1258 1195 1790 379 160 1093 423 1411 467 223 944
is_linear=0
shrinkage=0.03


Tree=8
num_leaves=15
num_cat=0
split_feature=0 0 0 0 16 11 25 21 21 39 21 16 20 18
split_gain=310.302 62.0574 34.457 10.763 8.76154 8.67614 7.74243 6.25398 5.49836 6.50225 6.83316 10.6183 9.87635 7.46445
threshold=3.2500000000000004 -2.7499999999999996 6.7500000000000009 -4.2499999999999991 5.6500000000000012 15.450000000000001 -13.422619047619046 8.2747943302551761 11.214326086628697 1498.7265836129675 15.115297594751917 -4.7499999999999991 13.729530217745982 0.15000000000000005
decision_type=2 2 2 2 10 10 8 10 10 2 10 10 10 10
left_child=1 3 5 6 -5 -2 -1 -3 -9 10 11 -10 -12 -13
right_child=2 7 -4 4 -6 -7 -8 8 9 -11 12 13 -14 -15
leaf_value=-0.0099860792048331714 -0.010623129094567396 0.0093451559993687795 0.024053936719484696 -0.020489089970790051 -0.0027796965849625974 0.010048706522602839 -0.031817069384878306 -0.013484282837035693 -0.017896154096509718 0.0052590881150100738 -0.020425073825683988 -0.0049981440535658422 -0.001609870188328197 0.010764312180054168
leaf_weight=22.748444885015488 15.698264285922049 20.483242258429527 272.06631381809711 117.33363854885101 33.827254265546799 247.61667887866497 139.24146470427513 70.076519340276718 22.757800847291946 49.809344723820686 51.809209614992142 49.550060853362083 46.654290959239006 49.299564212560654
leaf_count=91 64 83 1150 471 136 1019 557 284 92 202 210 201 189 200
internal_value=-0.000339468 -0.0138452 0.0166237 -0.0235136 -0.0167419 0.0086413 -0.0291421 -0.00523851 -0.00623992 -0.00414781 -0.00634644 -0.00146049 -0.0120186 0.00300288
internal_weight=1208.97 673.591 535.381 313.151 151.161 263.315 161.99 360.44 339.957 269.88 220.071 121.607 98.4635 98.8496
internal_count=4949 2716 2233 1255 607 1083 648 1461 1378 1094 892 493 399 401
is_linear=0
shrinkage=0.03


Tree=9
num_leaves=15
num_cat=0
split_feature=0 2 2 8 10 18 26 13 1 18 39 41 41 23
split_gain=294.617 74.623 38.271 10.695 9.2413 6.30785 5.70251 5.81407 5.37269 6.54634 6.16493 9.50263 6.06551 6.06264
threshold=3.2500000000000004 0.39645010412498688 0.71263570861201753 4.5000000000000009 10.700000000000003 -7.3499999999999988 -8.6515151515151505 29.100000000000005 46.750000000000007 -2.6499999999999999 1010.6699654872941 54.500000000000007 44.500000000000007 0.72474747474747481
decision_type=2 2 2 8 10 10 8 10 2 8 2 8 10 10
left_child=1 3 5 -1 -4 -2 -3 8 9 -8 11 -11 -10 -14
right_child=2 6 4 -5 -6 -7 7 -9 12 10 -12 -13 13 -15
leaf_value=-0.026908976999254378 -0.0074022534574997682 0.008298766377197328 0.017905655153794508 -0.0027593149378062911 0.029969891739356672 0.0087031332521844574 -0.0081175188963802155 -0.016408395472465153 0.0043388796103442815 -0.014937327457330946 0.0092664324895696988 0.0034996550177815605 -0.019806089603691332 -0.0011952112188100235
leaf_weight=251.43919494748116 20.512938112020493 22.990200191736221 170.25617335736752 18.937190800905228 128.6253180205822 214.71049968898296 97.91088555753231 37.899421393871307 17.273628294467926 32.813265278935432 54.731056913733482 71.136591374874115 48.972634792327881 23.197676911950111
leaf_count=1007 84 93 720 76 548 884 396 153 70 133 222 288 198 94
internal_value=-0.000130199 -0.0132266 0.016446 -0.0252983 0.0235053 0.00717381 -0.0049959 -0.00588844 -0.00451894 -0.00221821 0.00155862 -0.00273867 -0.0106523 -0.014289
internal_weight=1211.41 677.302 534.105 270.376 298.881 235.223 406.925 383.935 346.036 256.592 158.681 103.95 89.4439 72.1703
internal_count=4966 2730 2236 1083 1268 968 1647 1554 1401 1039 643 421 362 292
is_linear=0
shrinkage=0.03


Tree=10
num_leaves=15
num_cat=0
split_feature=2 2 2 0 21 3 14 22 4 10 16 42 19 19
split_gain=271.423 64.8879 43.6929 8.47887 8.14452 8.14119 8.01459 7.89373 7.10578 6.9775 6.60233 7.14957 6.19784 5.94434
threshold=0.55725656838074233 0.71263570861201753 0.34746472687839575 9.2500000000000018 11.138771057323732 0.022040706958203819 19.900000000000002 0.36038961038961043 -4.3793863025342707 -13.149999999999997 -7.9499999999999993 10.500000000000002 -1.5499999999999998 -4.8499999999999988
decision_type=2 2 2 2 10 2 8 8 2 8 10 10 10 10
left_child=2 5 -1 4 -3 -2 9 8 -8 -4 -7 -12 13 -11
right_child=1 3 6 -5 -6 10 7 -9 -10 12 11 -13 -14 -15
leaf_value=-0.02831238925189845 -0.0069178120963212823 0.028092324654701763 -0.014841434478688355 0.028779791684142211 0.012082748304395739 -0.0060351267794355257 -0.012376419847283203 -0.018054247972462457 0.0042616084208481559 0.0020208954967983264 0.0095318716554343291 -0.0018131329123565931 0.0091087096635675702 -0.016198216661028681
leaf_weight=170.56294895708561 44.932295888662338 43.07059982419014 31.352477610111237 140.74722722172737 113.6150916069746 32.772740051150322 53.05104860663414 122.07404783368111 35.039219468832016 37.532975926995277 260.57271891832352 59.814040139317513 39.404492974281311 22.046071872115135
leaf_count=683 183 182 126 607 480 134 213 491 141 152 1069 245 159 89
internal_value=0.000428219 0.0125887 -0.016083 0.0230735 0.0172162 0.00456597 -0.00963605 -0.0132088 -0.00588496 -0.00359992 0.00610322 0.00741852 0.000503197 -0.00545291
internal_weight=1206.59 695.525 511.063 297.433 156.686 398.092 340.5 210.164 88.0903 130.336 353.159 320.387 98.9835 59.579
internal_count=4954 2900 2054 1269 662 1631 1371 845 354 526 1448 1314 400 241
is_linear=0
shrinkage=0.03


Tree=11
num_leaves=15
num_cat=0
split_feature=0 0 0 3 17 14 0 27 18 18 21 0 14 4
split_gain=256.458 48.3969 23.0901 9.34973 8.81069 7.14995 6.85008 7.34842 9.31958 6.92803 6.35957 6.29416 5.18862 5.0834
threshold=3.2500000000000004 -2.7499999999999996 9.2500000000000018 0.024300698166372484 -2.6833333333333331 20.300000000000001 1.0000000180025095e-35 5.5000000000000009 -0.44999999999999996 3.5500000000000003 10.316114630138442 -5.7499999999999991 24.700000000000006 71.39903664762268
decision_type=2 2 2 2 10 10 2 2 10 10 8 2 10 2
left_child=1 3 10 -1 -4 -3 -7 13 -9 -10 -2 -5 -13 -8
right_child=2 5 4 11 -6 6 7 8 9 -11 -12 12 -14 -15
leaf_value=-0.010141782696673044 0.020330098822116449 0.0011850874562092299 0.0070656542325318898 -0.029522262787867556 0.029715735712510735 -0.015053258635283936 -0.018746518964944867 -0.0087352744137886747 0.018350363802095798 -0.0013285342433550465 0.010077185552029761 -0.021066303558043009 -0.0066356157258066657 0.001301156758637132
leaf_weight=79.05597135424614 70.3512844145298 144.80705641210079 21.926096826791763 96.272004351019859 117.9281415194273 66.257567167282104 32.085827857255936 44.674542129039764 27.324380934238434 30.830811306834221 325.45623162388802 105.51372164487839 35.716612309217453 15.535594537854193
leaf_count=317 294 588 95 386 513 266 130 181 111 125 1357 423 143 63
internal_value=0.000666735 -0.0115544 0.0161009 -0.0200292 0.0265312 -0.00396161 -0.00734986 -0.00358228 0.00103534 0.00863843 0.0121304 -0.0230434 -0.0177685 -0.0127041
internal_weight=1213.74 678.074 535.662 316.558 139.854 361.516 216.709 150.451 102.83 58.1552 395.808 237.502 141.23 47.6214
internal_count=4992 2733 2259 1269 608 1464 876 610 417 236 1651 952 566 193
is_linear=0
shrinkage=0.03


Tree=12
num_leaves=15
num_cat=0
split_feature=2 2 2 14 2 39 3 17 13 25 12 25 14 4
split_gain=242.589 51.6781 48.9143 11.5291 8.93122 7.58468 7.02316 6.93166 8.05013 6.54176 8.95134 6.19312 5.9052 5.86769
threshold=0.60354989587501329 0.34247558159398611 0.71263570861201753 20.300000000000001 0.46389845994981621 1388.4028137655416 0.021403185292074193 -7.6499999999999986 26.700000000000006 0.78174603174603186 19.900000000000002 -13.954545454545451 29.300000000000001 261.49051116978779
decision_type=2 2 2 10 2 2 2 8 10 8 10 8 8 2
left_child=1 11 6 7 5 -5 -2 8 -3 10 -6 -1 -8 -4
right_child=2 3 13 4 9 -7 12 -9 -10 -11 -12 -13 -14 -15
leaf_value=-0.0093397721362014491 -0.0081999233724247087 -0.0014554675791581988 0.018630986471705427 -0.021623213547788712 -0.012263462547238462 -0.0032740244485766012 0.0076701474016787636 0.0017699715253471097 -0.023593398893063264 -0.013868675507150844 0.0064583206898603277 -0.029413396111075713 -0.0067007338510502541 0.030098341283901434
leaf_weight=21.694092616438866 29.884327411651611 38.184445977210999 216.46871304512024 94.655039325356483 33.145812466740608 27.95844578742981 240.48902472853661 129.49678355455399 19.88438256084919 57.134981736540794 52.92011085152626 149.7092132717371 24.901282921433449 74.094403713941574
leaf_count=87 122 154 928 379 134 112 992 524 80 231 214 601 102 325
internal_value=-0.000433242 -0.0133855 0.0133765 -0.00791949 -0.0118835 -0.0177314 0.00465083 -0.00213904 -0.0103056 -0.00644708 -0.00102929 -0.0272095 0.00622277 0.0220149
internal_weight=1210.62 624.783 585.838 453.38 265.814 122.613 295.275 187.566 58.0688 143.201 86.0659 171.403 265.39 290.563
internal_count=4985 2516 2469 1828 1070 491 1216 758 234 579 348 688 1094 1253
is_linear=0
shrinkage=0.03


Tree=13
num_leaves=15
num_cat=0
split_feature=0 0 0 21 7 8 24 14 19 25 2 7 23 22
split_gain=225.135 48.1744 30.7915 8.35431 9.33395 7.86021 9.63998 7.07097 6.75035 6.63024 6.23467 7.03935 6.69834 6.09125
threshold=3.2500000000000004 -2.7499999999999996 6.7500000000000009 13.734991772020303 -3.7683075581356067 3.1000000000000005 -0.041666666666666637 20.300000000000001 0.45000000000000007 -4.5419580419580408 0.34746472687839575 -2.3003329312495993 0.82085561497326209 0.23205128205128209
decision_type=2 2 2 8 2 10 10 10 8 10 2 2 10 10
left_child=1 10 3 4 -2 6 -5 13 -8 -4 -1 -12 -13 -3
right_child=2 7 9 5 -6 -7 8 -9 -10 -11 11 12 -14 -15
leaf_value=-0.023623641394505276 -0.0082124184971517425 0.015193831864472774 0.0065332554215722927 0.0082230870257219563 0.015001004259867667 0.010140976195600135 0.00058210515469311538 -0.0068547361827625587 -0.022539772037121954 0.023866804392697127 0.003212107737999704 -0.019243279297937513 -0.00061857794186839744 -0.001026839642727126
leaf_weight=169.13297834992409 14.515007704496382 19.73392878472805 26.615376114845276 26.863911300897598 124.78594687581062 49.441337391734123 18.593200728297234 217.6464953571558 23.264678969979286 237.21203230321407 17.214172840118408 107.60949362814426 20.951680615544319 129.00635467469692
leaf_count=680 60 80 115 111 518 205 77 879 96 1033 69 431 84 524
internal_value=0.000373872 -0.0109476 0.0151338 0.00753405 0.0123814 0.00154886 -0.00490121 -0.00346804 -0.0133029 0.0222722 -0.0194597 -0.0140054 -0.0163448 0.00154937
internal_weight=1202.59 681.295 521.291 257.464 139.301 118.163 68.7218 366.387 41.8579 263.827 314.908 145.775 128.561 148.74
internal_count=4962 2747 2215 1067 578 489 284 1483 173 1148 1264 584 515 604
is_linear=0
shrinkage=0.03


Tree=14
num_leaves=15
num_cat=0
split_feature=0 0 2 2 14 3 27 10 20 17 25 43 22 41
split_gain=219.79 53.6513 31.2617 9.47692 9.15032 7.09821 7.64835 7.11584 8.29229 8.97793 6.53677 5.59501 5.34309 5.32457
threshold=3.2500000000000004 -2.7499999999999996 0.74087741323255141 0.34746472687839575 20.300000000000001 0.024154191582227872 6.5000000000000009 0.40000000000000013 14.811407015465411 -5.487499999999998 3.8619047619047624 1.0000000180025095e-35 0.44097222222222227 79.500000000000014
decision_type=2 2 2 2 10 2 2 10 10 10 8 2 10 8
left_child=1 3 5 13 -3 10 -7 8 9 -8 12 -4 -2 -1
right_child=2 4 11 -5 -6 6 7 -9 -10 -11 -12 -13 -14 -15
leaf_value=-0.028000733703336653 0.003796294241045526 0.0018516153551783043 0.023891333267558011 -0.01442142433934243 -0.0077457095644360568 0.0027790111550957701 0.0098170495716963808 0.017930546422130406 0.018234326257156732 -0.018610087069829355 0.0098914650571126656 0.0031716187651920536 -0.017096617430921106 -0.0086366793906135393
leaf_weight=144.98782210052013 16.223877176642418 146.95820753276348 201.7148225903511 146.30434419214725 217.0768269598484 91.580935552716255 14.638503462076189 108.05367437005043 16.068348705768585 16.086536422371864 23.180861324071884 14.193526417016981 21.566345885396004 20.115471005439758
leaf_count=584 67 597 887 586 876 382 61 453 67 67 96 62 89 81
internal_value=-0.000542253 -0.0118121 0.0139781 -0.0208551 -0.00389875 0.00763504 0.00986386 0.013836 0.00356295 -0.00558796 -0.00143809 0.0226319 -0.00873149 -0.0259647
internal_weight=1198.75 675.443 523.307 311.408 364.035 307.399 246.428 154.847 46.7934 30.725 60.9711 215.908 37.7902 165.103
internal_count=4955 2724 2231 1251 1473 1282 1030 648 195 128 252 949 156 665
is_linear=0
shrinkage=0.03


Tree=15
num_leaves=15
num_cat=0
split_feature=0 2 0 2 3 18 18 17 18 18 23 21 2 2
split_gain=218.319 50.6796 26.0843 11.1073 10.3069 9.51343 8.37974 8.61532 7.32255 6.97637 6.82085 6.70773 6.19332 8.8288
threshold=3.2500000000000004 0.46260348075676794 9.2500000000000018 0.34247558159398611 0.024372141282820507 5.7500000000000009 -6.1833333333333327 2.1500000000000008 6.3500000000000005 7.3500000000000005 0.91287878787878796 13.424686941680276 0.69152429584113773 0.68014556601683773
decision_type=2 2 2 2 2 10 10 10 10 10 10 10 2 2
left_child=1 3 6 -1 5 11 7 -2 10 12 -5 -3 13 -8
right_child=2 4 -4 8 -6 -7 9 -9 -10 -11 -12 -13 -14 -15
leaf_value=-0.024638436062202836 -0.012597445629780143 -0.0043559385496483418 0.025784379800854636 -0.012644442559979176 0.0019629389666195643 0.0063078098007294846 0.011654823066264385 0.010493761200236431 -0.025879410705801471 0.0020145032778825902 0.0049335558388812657 -0.021865346091949227 0.018061690855690034 -0.0086544431655145668
leaf_weight=165.44169485569 24.697781801223755 39.118039593100548 129.97132115066051 159.62121930718422 193.99552096426487 23.51727382838726 119.18392577767372 23.55896931886673 33.925068527460098 56.867568701505661 19.918111696839333 42.141562819480896 145.53562550246716 19.040511786937714
leaf_count=668 103 158 582 640 787 95 495 99 136 240 80 170 623 79
internal_value=-0.00027403 -0.0114517 0.0142951 -0.0186644 -0.00214781 -0.00950164 0.0101766 -0.00139748 -0.0135764 0.0118128 -0.0106135 -0.0141775 0.0137076 0.00865274
internal_weight=1196.53 677.678 518.856 378.906 298.772 104.777 388.884 48.2568 213.464 340.628 179.539 81.2596 283.76 138.224
internal_count=4955 2734 2221 1524 1210 423 1639 202 856 1437 720 328 1197 574
is_linear=0
shrinkage=0.03


Tree=16
num_leaves=15
num_cat=0
split_feature=2 2 2 13 11 19 19 2 41 12 20 17 17 3
split_gain=216.562 43.7417 33.3904 8.98808 8.70167 8.15994 9.65068 10.8723 7.35693 7.50786 12.258 7.81101 12.0475 6.31126
threshold=0.60354989587501329 0.73823893300713872 0.46260348075676794 26.500000000000004 14.225000000000001 -5.9499999999999993 5.0500000000000007 0.57789124044237994 83.500000000000014 19.700000000000006 15.32644772933377 -5.6499999999999986 0.10000000000000032 0.024141657566646661
decision_type=2 2 2 10 10 10 10 2 8 10 8 10 10 2
left_child=2 4 3 -1 -2 -4 7 -7 9 13 11 -11 -13 -6
right_child=1 -3 5 -5 8 6 -8 -9 -10 10 -12 12 -14 -15
leaf_value=-0.014413848783253297 -0.013396187698230411 0.023350982362153092 0.0090548774394109948 -0.025241919364490644 -0.0011886410311822758 -0.0048357620675449969 0.0051121749336302579 -0.023301814159793668 -0.0076638622276400245 0.012308772087879959 0.014840063188732964 -0.016321980745648692 0.0036441579072665643 0.017777549642547342
leaf_weight=256.86150911450386 14.722240343689917 221.69436356425285 34.178386434912682 115.95469914376736 18.132546380162239 119.31652545928955 50.27445250749588 34.544952422380447 23.42787329852581 28.373782619833946 67.92771215736866 39.664970710873604 65.988983780145645 92.245162114500999
leaf_count=1034 60 988 139 467 75 482 203 140 97 118 283 165 275 387
internal_value=-0.000149288 0.0130557 -0.0125182 -0.0180711 0.00630671 -0.00363853 -0.00592945 -0.00958467 0.00735452 0.00858404 0.00494172 -0.000428227 -0.00425042 0.0147453
internal_weight=1183.31 572.178 611.131 372.816 350.483 238.314 204.136 153.861 335.761 312.333 201.955 134.028 105.654 110.378
internal_count=4913 2448 2465 1501 1460 964 825 622 1400 1303 841 558 440 462
is_linear=0
shrinkage=0.03


Tree=17
num_leaves=15
num_cat=0
split_feature=0 0 0 14 14 18 13 29 35 3 13 21 8 1
split_gain=185.482 34.6279 23.242 9.20359 8.04716 7.47557 7.02988 7.86968 6.87436 7.60363 6.06227 7.14689 6.03505 5.83108
threshold=3.2500000000000004 -2.7499999999999996 8.7500000000000018 29.500000000000004 19.500000000000004 -6.0499999999999989 25.700000000000006 9.5000000000000018 1.0000000180025095e-35 0.024712117453311148 27.100000000000005 10.814085269762503 4.1000000000000005 37.750000000000007
decision_type=2 2 2 8 10 10 10 2 2 2 10 8 8 2
left_child=1 12 3 5 13 -2 7 -4 9 -6 11 -11 -1 -3
right_child=2 4 6 -5 8 -7 -8 -9 -10 10 -12 -13 -14 -15
leaf_value=-0.018940337482338771 -0.001213770909773202 -0.0093931076170742922 0.027925627922638734 -0.0050830594160100892 -0.010550153807042287 0.012293704924461283 0.0050252557157502075 0.0025080704340088526 -0.013992389487723918 -0.0084048443612642059 -0.012067570271482017 0.011729213806680053 -0.0037842559839123225 0.0053627361536734853
leaf_weight=282.69658517837524 41.165831163525581 26.356553733348846 119.4464842826128 34.35914920270443 65.545978367328644 290.20841558277607 19.932706341147423 13.165408119559286 81.372586846351624 17.808858662843704 15.394643619656561 52.66495256125927 28.863053157925606 100.98047913610935
leaf_count=1140 173 107 542 144 264 1230 89 60 328 72 62 213 116 410
internal_value=1.26709e-06 -0.0103707 0.0134139 0.00909847 -0.00394516 0.0106226 0.0231433 0.025585 -0.00720933 -0.00323324 0.00262518 0.00642156 -0.0176182 0.00206903
internal_weight=1189.96 671.684 518.278 365.733 360.124 331.374 152.545 132.612 232.787 151.414 85.8685 70.4738 311.56 127.337
internal_count=4950 2712 2238 1547 1456 1403 691 602 939 611 347 285 1256 517
is_linear=0
shrinkage=0.03


Tree=18
num_leaves=15
num_cat=0
split_feature=0 2 2 14 4 17 14 17 10 9 1 2 5 16
split_gain=200.981 40.9795 20.7481 8.98587 8.86463 7.56625 5.95806 5.61279 15.0604 8.1629 5.30383 4.8991 5.19526 4.69497
threshold=1.7500000000000002 0.71263570861201753 0.34247558159398611 20.300000000000001 261.49051116978779 -8.1499999999999968 19.100000000000005 -5.1624999999999988 -2.3999999999999986 -1.8999999999999997 49.750000000000007 0.51447769916019093 0.50520754721050432 2.0500000000000003
decision_type=2 2 2 10 2 8 10 8 10 10 2 2 2 8
left_child=2 7 -1 5 13 -4 11 -2 9 -9 -5 12 -7 -3
right_child=1 4 3 10 -6 6 -8 8 -10 -11 -12 -13 -14 -15
leaf_value=-0.023643404575089719 0.010284723299431553 0.01761356751544095 -0.014564019428110803 -0.016549124258257081 0.028154309801772411 -0.0052927635324986743 0.012273143509863945 -0.027012659842986609 0.0049321669192027399 -0.0031776537838760976 -0.0015177584542076356 -0.016804426372438033 0.01162638521466846 0.0065879885670235248
leaf_weight=161.85803712904453 90.124091759324074 160.05947749316692 40.838370338082314 161.07666891813278 70.523574560880661 45.753367155790329 22.347954079508781 15.756949976086615 262.82587623596191 38.569241866469383 25.432176619768143 15.012257516384123 19.086433380842209 54.680137500166893
leaf_count=658 371 709 164 646 324 184 90 64 1085 158 102 61 77 241
internal_value=-0.000310881 0.0100739 -0.0149002 -0.0103167 0.018696 -0.00443687 0.000100405 0.00388123 0.00193019 -0.0117848 -0.0145926 -0.0038288 0.000163411 0.0150199
internal_weight=1183.94 692.539 491.405 329.547 285.263 143.038 102.2 407.276 317.152 54.3262 186.509 79.8521 64.8398 214.74
internal_count=4934 2952 1982 1324 1274 576 412 1678 1307 222 748 322 261 950
is_linear=0
shrinkage=0.03


Tree=19
num_leaves=15
num_cat=0
split_feature=0 0 0 0 41 4 19 19 21 22 14 19 16 19
split_gain=167.497 35.7606 26.0469 8.08988 7.59208 6.31386 6.37056 7.54261 5.88828 6.3821 5.39273 4.95235 6.82124 5.95476
threshold=3.2500000000000004 -5.2499999999999991 6.7500000000000009 -2.7499999999999996 79.500000000000014 261.49051116978779 4.5500000000000007 2.6500000000000008 14.411414898544383 0.91987179487179505 23.225000000000005 -5.6499999999999995 1.2500000000000002 11.050000000000002
decision_type=2 2 2 2 8 2 8 10 8 8 8 8 10 10
left_child=1 4 8 -3 -1 6 7 -4 -2 10 -10 12 -5 -13
right_child=2 3 5 11 -6 -7 -8 -9 9 -11 -12 13 -14 -15
leaf_value=-0.025054427242474021 0.0097413629116184352 -0.010969923270973979 0.015039798816012575 -0.0049928049478376261 -0.0017142834972134334 0.027923299325400282 0.025950570197880607 -0.0036097413173014244 0.0038703195534514757 0.014725908632628222 -0.010783896792640791 -0.0055669511094363494 0.015305096355848516 0.010891724699440905
leaf_weight=123.45890732109547 163.0136142373085 174.82729756832123 121.9686736613512 26.599593758583069 14.74850772321224 71.43925154209137 45.029875576496124 21.042517349123955 43.352977320551872 17.451639741659164 38.250454023480415 296.36474895477295 24.294306054711342 16.603087395429611
leaf_count=504 683 702 545 108 60 332 201 94 181 73 159 1197 99 67
internal_value=0.000464944 -0.00935159 0.0131732 -0.00574685 -0.0227105 0.0198439 0.0161307 0.0122665 0.0063206 0.000493526 -0.00322466 -0.0031226 0.00519881 -0.00453627
internal_weight=1198.45 676.896 521.549 538.689 138.207 259.48 188.041 143.011 262.069 99.0551 81.6034 363.862 50.8939 312.968
internal_count=5005 2737 2268 2173 564 1172 840 639 1096 413 340 1471 207 1264
is_linear=0
shrinkage=0.03


Tree=20
num_leaves=15
num_cat=0
split_feature=10 7 8 22 24 10 24 19 8 19 20 15 18 7
split_gain=90.0068 24.7151 17.6226 14.9515 12.6575 12.1217 10.2062 9.92033 7.42207 6.65321 6.57366 6.24803 6.20295 8.80091
threshold=6.1000000000000023 0.71048102998130169 -7.6999999999999984 0.75735294117647067 -0.21428571428571427 11.100000000000003 0.071428571428571494 -1.0499999999999998 3.1000000000000005 7.6500000000000012 16.993462682165283 -10.35 -2.816666666666666 -0.46728143994632315
decision_type=10 2 10 10 8 10 10 10 8 10 10 8 10 2
left_child=1 2 11 6 -4 9 8 -8 -3 12 -6 -1 13 -2
right_child=5 3 4 -5 10 -7 7 -9 -10 -11 -12 -13 -14 -15
leaf_value=0.002351020427024275 0.012364049364849132 -0.017841039406656069 -0.0064008197243576349 0.005386338433397541 0.0031961501016534982 0.018865413255185225 0.010854355276796181 -0.012119377851840899 -0.0019015175382065112 -0.0085625951311289542 0.01522252826152678 -0.014431653307555635 0.013136205790809635 -0.013198461919758797
leaf_weight=23.519231915473938 18.477443605661392 227.39540922641754 110.29563301801682 40.143592238426208 235.6674677580595 164.12888674438 25.721634835004807 32.812865495681763 31.08329176902771 18.143106013536453 45.716946318745613 92.247329354286194 93.7106903642416 20.086762830615044
leaf_count=97 80 923 450 166 984 733 107 136 126 77 192 376 403 84
internal_value=-0.000321908 -0.00532376 -0.00104036 -0.0113112 0.00202496 0.013295 -0.0134764 -0.00196436 -0.0159967 0.00680544 0.00538175 -0.0110659 0.00914846 -0.000937247
internal_weight=1179.15 864.603 507.447 357.157 391.68 314.547 317.013 58.5345 258.479 150.418 281.384 115.767 132.275 38.5642
internal_count=4934 3557 2099 1458 1626 1377 1292 243 1049 644 1176 473 567 164
is_linear=0
shrinkage=0.03


Tree=21
num_leaves=15
num_cat=0
split_feature=0 0 0 1 18 18 3 3 35 18 14 8 1 10
split_gain=168.058 33.6051 17.9749 7.63537 6.86557 6.81273 9.32909 8.25052 10.9797 7.0588 6.45105 6.4287 5.60569 5.54714
threshold=3.2500000000000004 -2.7499999999999996 6.7500000000000009 46.250000000000007 -7.9499999999999993 6.8500000000000005 0.025030313242343952 0.024712117453311148 1.0000000180025095e-35 2.8500000000000001 25.700000000000006 1.7000000000000004 44.750000000000007 -5.4999999999999991
decision_type=2 2 2 2 10 10 2 2 2 8 10 10 2 10
left_child=1 3 4 10 -2 7 -7 -3 -9 -10 11 12 -1 -6
right_child=2 5 -4 -5 13 6 -8 8 9 -11 -12 -13 -14 -15
leaf_value=-0.019634703366223426 -0.0086978334024400226 -0.01109120372861779 0.018483479438040427 -0.024351296291443555 0.019609164789447804 0.012790542809236163 -0.01154149119838593 0.0039846419955139245 -0.0042281860586144051 -0.026170773891740488 -0.00021735002339729633 -0.00025783000302945615 -0.0038842537056766316 0.006324229674343226
leaf_weight=142.9104113727808 19.153177425265312 129.8337530195713 247.58926655352116 95.590562343597412 30.306197196245193 40.545324236154556 16.096215486526489 120.90048541128635 47.019029915332794 14.868207916617392 29.132092252373695 22.582622945308685 26.866696268320084 206.00086759030819
leaf_count=580 79 523 1130 388 127 164 65 490 190 60 118 91 109 865
internal_value=-0.000335944 -0.00996122 0.0127653 -0.0170515 0.00697482 -0.00372638 0.00550064 -0.00545842 -0.00126869 -0.0110621 -0.0134331 -0.0153784 -0.0173247 0.00839902
internal_weight=1189.39 686.345 503.05 317.082 255.46 369.263 56.6415 312.621 182.788 61.8872 221.492 192.36 169.777 236.307
internal_count=4979 2778 2201 1286 1071 1492 229 1263 740 250 898 780 689 992
is_linear=0
shrinkage=0.03


Tree=22
num_leaves=15
num_cat=0
split_feature=2 2 0 14 2 24 18 29 25 16 18 24 16 2
split_gain=153.735 30.5691 20.6133 7.67641 7.26989 6.18764 6.43249 5.76133 5.48098 5.28123 5.25982 8.50518 5.99724 7.79046
threshold=0.63030944378226328 0.39645010412498688 8.7500000000000018 20.100000000000005 0.50752399105869961 0.20087719298245624 -5.5499999999999989 9.5000000000000018 -5.2403846153846141 3.7500000000000004 -2.1124999999999994 -0.51190476190476175 2.9500000000000006 0.3243375767618098
decision_type=2 2 2 8 2 10 10 2 8 10 10 8 10 2
left_child=1 10 -2 7 -5 6 -6 8 -3 -10 11 -1 -13 -14
right_child=2 3 -4 4 5 -7 -8 -9 9 -11 -12 12 13 -15
leaf_value=0.0085925971330621676 0.0089107774384938557 -0.0087666406406417853 0.022635962329727279 -0.013090699476653636 -0.012747723345371427 -0.015799165546958812 0.0023571833305565224 -0.012598776211239792 0.012147001097136503 0.00012064782770614699 -0.01987476340718599 -0.020052135445390685 -0.015612118395147794 0.010615096381580083
leaf_weight=14.918183624744414 322.88527877628803 23.709546938538551 145.54872216284275 100.35236872732639 26.476105213165283 23.66331884264946 126.07387343049049 18.734129533171654 57.037496373057365 70.097387343645096 170.9274383187294 47.942105829715729 15.558061107993128 15.42792873084545
leaf_count=61 1383 96 683 402 107 96 512 76 232 285 696 195 64 62
internal_value=0.000106467 -0.00866501 0.0133694 -0.00379558 -0.0068342 -0.00300828 -0.000585741 0.00121391 0.00327855 0.0057716 -0.0166476 -0.0100617 -0.0138894 -0.00289308
internal_weight=1179.35 710.918 468.434 446.144 276.566 176.213 152.55 169.579 150.844 127.135 264.774 93.8463 78.9281 30.986
internal_count=4950 2884 2066 1806 1117 715 619 689 613 517 1078 382 321 126
is_linear=0
shrinkage=0.03


Tree=23
num_leaves=15
num_cat=0
split_feature=0 0 0 14 21 21 14 0 13 23 16 1 8 20
split_gain=142.772 36.9437 16.8437 8.47518 6.99478 7.79279 5.8144 6.40401 5.78212 5.64222 5.52774 5.30606 7.9941 7.13672
threshold=3.2500000000000004 -4.2499999999999991 8.2500000000000018 20.100000000000005 13.617390841616219 15.382168456208417 26.100000000000005 -2.7499999999999996 25.700000000000006 0.24038461538461542 -6.3499999999999988 37.750000000000007 -8.0999999999999979 13.296824937447473
decision_type=2 2 2 8 8 10 10 2 8 10 10 2 10 8
left_child=1 -1 4 11 -2 -6 7 -5 -4 -8 -11 -3 -13 -14
right_child=2 3 8 6 5 -7 9 -9 -10 10 -12 12 13 -15
leaf_value=-0.020942388953457063 0.012456192063381022 -0.0089870216539395913 0.022879480166685975 -0.01825546822931198 -0.0039401098212621666 0.0091284718421588643 0.010592156015777432 -0.0067003992453418208 0.004406259208557574 -0.016766918898961283 0.00044010631473909341 -0.012199499804783355 -0.0011672862565049293 0.011945127826650633
leaf_weight=159.66698426008224 190.01605825126171 40.061635598540306 133.24545960128307 60.91054193675518 65.716706097126007 95.356013372540474 22.099436193704605 158.88674907386303 20.198649033904076 20.395109713077545 48.934859722852707 23.064844876527786 74.417861968278885 68.413739740848541
leaf_count=658 815 162 631 245 280 406 89 640 93 82 197 93 301 277
internal_value=0.000432112 -0.00854729 0.012444 -0.00455675 0.00861196 0.00383847 -0.00764121 -0.0102374 0.0206635 -0.00119278 -0.00540913 0.000174851 0.00258552 0.00530491
internal_weight=1181.38 676.852 504.533 517.185 351.089 161.073 311.227 219.797 153.444 91.4294 69.33 205.958 165.896 142.832
internal_count=4969 2744 2225 2086 1501 686 1253 885 724 368 279 833 671 578
is_linear=0
shrinkage=0.03


Tree=24
num_leaves=15
num_cat=0
split_feature=0 0 0 14 41 21 26 20 21 39 21 7 39 11
split_gain=140.06 28.8077 18.6344 7.56578 7.60757 7.52991 7.21685 7.92097 7.13778 8.07725 7.67753 7.05879 6.9934 6.65614
threshold=3.2500000000000004 -2.7499999999999996 6.7500000000000009 29.500000000000004 80.500000000000014 17.030854352421596 -2.5634920634920628 13.99126709504495 14.972010784996852 858.25640806124829 11.214326086628697 -0.7846309681348701 1039.7593484223867 13.900000000000002
decision_type=2 2 2 8 8 8 10 10 10 2 8 2 2 10
left_child=1 13 3 4 5 6 -2 -8 10 -10 11 -3 -7 -1
right_child=2 8 -4 -5 -6 12 7 -9 9 -11 -12 -13 -14 -15
leaf_value=-0.0041731627420039628 0.019592323220910059 0.0028419784530784456 0.018043434849621891 -0.0084597094362763026 -0.0073533814263428169 -0.014000436147978093 -0.00097469126771454224 0.015187890549465666 -0.015455131972219375 -0.00015660496194156961 0.0040109905189924834 -0.013535523156993606 0.010303694096454846 -0.017250837002809907
leaf_weight=44.725136518478394 68.583698123693466 38.320154890418053 245.47089889645576 24.089206784963608 22.462494149804115 17.837164625525475 56.232361629605293 47.008447915315628 65.969610333442688 55.417732581496239 155.81083558499813 51.360206767916679 15.203125551342962 260.41287738084793
leaf_count=183 291 155 1142 100 94 75 237 199 266 224 630 207 64 1062
internal_value=0.000208283 -0.00869573 0.0122172 0.00628782 0.007999 0.00981741 0.0122828 0.00674622 -0.00296077 -0.0087533 2.10019e-05 -0.00675694 -0.00293277 -0.0154322
internal_weight=1168.9 672.017 496.887 251.416 227.327 204.865 171.825 103.241 366.879 121.387 245.491 89.6804 33.0403 305.138
internal_count=4929 2727 2202 1060 960 866 727 436 1482 490 992 362 139 1245
is_linear=0
shrinkage=0.03


Tree=25
num_leaves=15
num_cat=0
split_feature=2 2 2 18 17 26 27 7 19 21 19 25 2 10
split_gain=143.436 37.0252 14.3546 8.70251 9.05616 7.20775 7.09648 6.95693 10.2014 10.1762 6.62911 6.41691 7.14146 5.56129
threshold=0.63030944378226328 0.46260348075676794 0.74087741323255141 0.25000000000000006 -4.070833333333332 6.1483516483516496 10.500000000000002 -2.8633518109865777 0.45000000000000007 13.250786125276738 -5.9499999999999993 -3.1339285714285707 0.40559015011873467 -3.3666666666666658
decision_type=2 2 2 10 8 10 2 2 10 10 10 10 2 8
left_child=1 6 7 4 -3 -6 11 8 -2 -9 -8 -1 -13 -11
right_child=2 3 -4 -5 5 -7 10 9 -10 13 -12 12 -14 -15
leaf_value=-0.014445331544891681 -0.0120667537765974 0.004774991132100356 0.019245951894326693 0.0039399522767158916 -0.0061066705837542661 -0.025071683093193686 -0.0030714440610103812 0.01703690092773389 0.012594137636282492 0.016934216935790194 -0.02145854377404631 -0.0098634906391671141 0.0082133681827816947 0.00015038119628072968
leaf_weight=120.2035660892725 29.602835416793823 50.004273265600204 202.89072318375111 165.21777707338333 100.07955834269524 18.746685400605202 22.009101018309593 106.58608071506023 21.828411459922791 17.535005912184715 148.66152311861515 45.93363219499588 27.392190873622894 84.424615189433098
leaf_count=490 126 203 959 671 406 76 90 457 93 74 607 187 110 358
internal_value=0.00041893 -0.0081465 0.0132891 -0.000895922 -0.00560552 -0.00999025 -0.0146946 0.0083648 -0.00141169 0.0107525 -0.0192423 -0.0103004 -0.00301732 0.00369355
internal_weight=1161.12 698.248 462.868 334.048 168.831 118.826 364.2 259.977 51.4312 208.546 170.671 193.529 73.3258 101.96
internal_count=4907 2840 2067 1356 685 482 1484 1108 219 889 697 787 297 432
is_linear=0
shrinkage=0.03


Tree=26
num_leaves=15
num_cat=0
split_feature=0 0 0 3 15 19 6 19 3 39 19 17 39 1
split_gain=129.055 30.7198 13.4367 9.06643 7.63654 7.18914 6.96894 6.92687 6.9598 8.90828 6.37843 6.24088 5.86705 5.5881
threshold=-1.0000000180025095e-35 6.7500000000000009 -5.2499999999999991 0.024366704572654222 -2.9499999999999997 -6.0499999999999989 10.459620446791511 3.4500000000000006 0.025126895938511699 421.72524935736459 5.1500000000000012 -5.9499999999999984 1313.7270230467525 52.750000000000007
decision_type=2 2 2 2 8 10 2 10 2 2 10 10 2 2
left_child=2 3 5 11 12 -1 -3 8 9 -6 -9 -2 -4 -5
right_child=1 6 4 13 7 -7 -8 10 -10 -11 -12 -13 -14 -15
leaf_value=-0.0016731218792879244 0.0088792037109267953 0.012494735687598544 -0.019108754306268984 0.0068798792931923855 -0.011697127463463701 -0.023078693263540648 0.024593258577960894 -0.026097415888180504 -0.010873403707603936 0.0091939287627219937 -0.0052524412440777052 -0.0051747196634511035 -0.0028199462516871679 -0.0099490176337264508
leaf_weight=16.837715372443199 30.959932968020439 176.01359671354294 80.020192205905914 342.55427126586437 20.141594797372818 120.19234064221382 67.401007816195488 17.387395605444908 36.936169311404228 65.553376287221909 40.738417237997055 134.12001714110374 28.516705006361008 14.428619399666784
leaf_count=70 127 817 323 1423 81 501 331 70 149 264 164 551 115 60
internal_value=0.00022448 0.00757909 -0.0129157 0.00340989 -0.00898778 -0.0206 0.0162724 -0.00498448 -0.00079456 0.00390957 -0.0130611 -0.00235543 -0.0151417 0.00607166
internal_weight=1191.8 765.477 426.324 522.063 289.294 137.03 243.415 180.757 122.631 85.695 58.1258 165.08 108.537 356.983
internal_count=5046 3309 1737 2161 1166 571 1148 728 494 345 234 678 438 1483
is_linear=0
shrinkage=0.03


Tree=27
num_leaves=15
num_cat=0
split_feature=2 2 2 12 23 3 4 1 39 12 16 25 7 39
split_gain=120.51 31.2884 13.9773 13.8517 12.0438 9.00554 8.19356 7.58096 7.2336 6.91061 8.7102 7.66792 7.43089 6.60803
threshold=0.52462618965897123 0.70875377091201608 0.39645010412498688 26.300000000000001 0.64495798319327746 0.024154191582227872 114.68810251321464 45.250000000000007 1108.100257756289 19.700000000000006 -4.7499999999999991 -6.8090909090909078 2.4934182049052565 1388.4028137655416
decision_type=2 2 2 10 10 2 2 2 2 8 8 10 2 2
left_child=2 5 13 4 -4 -2 7 -3 9 11 -11 -7 -12 -1
right_child=1 6 3 -5 -6 8 -8 -9 -10 10 12 -13 -14 -15
leaf_value=-0.019058844414162134 -0.0048087406226341592 0.011697463334238267 -0.0058016901206593401 -0.017368170107674403 0.01359928131195056 -0.0057838149591739121 0.017631863461552238 -0.010808249552573469 0.011241322967786172 -0.019473498189938453 -0.0019447558073552684 0.014184330253272247 0.017343740375188339 -0.0064974131501349831
leaf_weight=207.15726487338543 108.91832163929939 31.381781548261642 91.570227280259132 56.305678844451904 36.034603089094162 20.806877300143242 230.99613609910011 16.686897814273834 106.19373241066933 16.870999574661255 117.38228090107441 57.073331132531166 16.085797592997551 54.204113453626633
leaf_count=854 445 142 368 226 145 86 1093 75 442 70 486 238 67 223
internal_value=-6.60755e-06 0.00754389 -0.0122041 -0.00564816 -1.68125e-05 0.00253198 0.0153213 0.00360245 0.00495847 0.00185664 -0.00191968 0.00882245 0.000922256 -0.0166246
internal_weight=1167.67 722.396 445.272 183.911 127.605 443.331 279.065 48.0687 334.413 228.219 150.339 77.8802 133.468 261.361
internal_count=4960 3144 1816 739 513 1834 1310 217 1389 947 623 324 553 1077
is_linear=0
shrinkage=0.03


Tree=28
num_leaves=15
num_cat=0
split_feature=0 2 0 41 16 18 18 13 17 15 41 39 16 20
split_gain=105.762 29.3254 16.7722 7.84766 7.55403 5.69131 5.55699 6.43317 5.29649 4.98612 4.93757 4.77894 4.89179 4.62936
threshold=3.2500000000000004 0.39645010412498688 9.2500000000000018 75.500000000000014 -8.7499999999999982 -3.9499999999999997 7.3500000000000005 27.900000000000002 -4.4499999999999984 6.2500000000000009 67.500000000000014 1224.8932853688204 3.3500000000000001 15.37675012622773
decision_type=2 2 2 10 10 10 10 10 10 10 8 2 10 8
left_child=1 3 4 11 -2 -6 13 -8 -4 -3 -11 -1 -13 -7
right_child=2 9 8 -5 5 6 7 -9 -10 10 -12 12 -14 -15
leaf_value=-0.020455538336936127 -0.0063116889882635519 -0.00160128050082648 0.0010207297679248363 -0.001553971360675196 0.00093573157153936345 0.0090298256841387405 -0.007081317061834725 0.012960566560020615 0.022107641490720059 -0.0010694090297037292 -0.019202688828950154 -0.015849505896755177 0.00079873005454448003 0.019207923869897333
leaf_weight=165.08452709019184 31.379726111888885 358.85534866154194 12.426722854375837 31.687459260225296 74.825322911143303 150.41696365177631 30.415275931358337 19.352957174181938 105.20216158032417 24.920745357871056 26.235627636313438 35.418434634804726 25.411755472421646 63.39701509475708
leaf_count=683 136 1449 60 130 323 655 133 84 522 101 106 146 105 278
internal_value=-0.00024635 -0.00797923 0.0103189 -0.0158129 0.0070095 0.00831866 0.0103581 0.00118392 0.0200124 -0.00292628 -0.0112508 -0.017736 -0.00936229 0.0124176
internal_weight=1155.03 667.614 487.416 257.602 369.787 338.408 263.582 49.7682 117.629 410.012 51.1564 225.915 60.8302 213.814
internal_count=4911 2720 2191 1064 1609 1473 1150 217 582 1656 207 934 251 933
is_linear=0
shrinkage=0.03


Tree=29
num_leaves=15
num_cat=0
split_feature=2 2 2 20 8 22 22 19 4 8 12 16 16 8
split_gain=109.75 22.6774 17.7964 7.20304 7.15258 10.0901 8.493 7.07516 6.17988 5.85506 5.79918 9.01246 7.66912 6.03463
threshold=0.56883001275566791 0.74087741323255141 0.34746472687839575 15.290883250587308 3.7000000000000006 0.37980769230769235 0.73508771929824568 -6.5499999999999989 261.49051116978779 -15.899999999999999 15.633333333333335 -7.3499999999999988 -9.1499999999999968 -9.0999999999999979
decision_type=2 2 2 10 10 8 8 10 2 10 8 10 10 10
left_child=2 10 9 8 5 -4 -6 -7 -3 -1 12 -12 -2 -13
right_child=1 3 4 -5 6 7 -8 -9 -10 -11 11 13 -14 -15
leaf_value=-0.0011024901975567743 -0.0038412832405466842 0.006641457261411062 -0.0024983944855245621 0.025052017627582884 0.010646209268509727 0.0040608267574342256 -0.0093327256511696061 -0.015883961719365333 0.020499949174535952 -0.020156031548072974 -0.011551443160479236 -0.010301953939149514 0.019851848504774686 0.005500963000326064
leaf_weight=16.748296618461609 15.184696257114409 86.46700631082058 145.7041406929493 64.539670720696449 40.451941534876823 16.100966215133667 28.285386264324188 131.34744074940681 45.595906808972359 143.66168874502182 29.703857004642487 18.721779033541679 38.240385800600052 329.49060016870499
leaf_count=70 64 410 587 314 163 65 114 529 231 604 124 77 163 1390
internal_value=5.08077e-05 0.00847219 -0.0100583 0.0167994 -0.00622345 -0.0082393 0.00234952 -0.0136443 0.0119995 -0.0182601 0.00452771 0.00312016 0.0133653 0.00451751
internal_weight=1150.24 627.944 522.3 196.603 361.89 293.153 68.7373 147.448 132.063 160.41 431.341 377.916 53.4251 348.212
internal_count=4905 2773 2132 955 1458 1181 277 594 641 674 1818 1591 227 1467
is_linear=0
shrinkage=0.03


Tree=30
num_leaves=15
num_cat=0
split_feature=2 2 2 41 21 13 25 17 16 8 17 27 9 9
split_gain=96.1056 23.587 19.1502 7.76203 8.68438 8.3808 7.40593 7.20461 8.29275 9.95611 10.1383 8.5455 8.20499 7.82245
threshold=0.60354989587501329 0.31885951452504696 0.82461063744049479 83.500000000000014 10.358034991681032 22.366666666666671 -2.6568627450980387 -5.9499999999999984 2.0500000000000003 3.1000000000000005 16.350000000000005 14.500000000000002 -8.0999999999999979 -5.8999999999999995
decision_type=2 2 2 8 10 10 8 8 10 10 10 2 10 10
left_child=1 -1 3 4 6 -5 -2 -6 9 12 -11 -10 -9 -14
right_child=2 -3 -4 5 7 -7 -8 8 11 10 -12 -13 13 -15
leaf_value=-0.019390312082831339 -0.0011718467455892612 -0.0049217677822448475 0.024938550935323652 -0.017457286699513446 0.015276227615023995 0.0094464819163275465 0.020673525520873863 0.0099330273111466767 0.0025974942687713824 0.016667089681875535 -0.0089181700868685033 -0.017845458824031421 -0.018586216027107735 0.0011094688485679773
leaf_weight=125.24189639091492 16.594740629196167 485.84899958968163 57.72764864563942 18.906533658504486 58.610319495201111 14.220170959830282 68.684419944882393 51.314547210931778 50.676340907812119 94.297814935445786 12.994957089424132 23.004029348492622 20.914297163486481 58.86598838865757
leaf_count=530 71 1965 293 83 254 61 308 227 222 426 60 101 92 253
internal_value=0.000124686 -0.00802037 0.00921741 0.00712821 0.00815198 -0.00618412 0.0165931 0.006015 0.00406216 0.00675098 0.0133092 -0.00451352 0.00109176 -0.00484536
internal_weight=1157.9 611.091 546.812 489.084 455.957 33.1267 85.2792 370.678 312.068 238.388 107.293 73.6804 131.095 79.7803
internal_count=4946 2495 2451 2158 2014 144 379 1635 1381 1058 486 323 572 345
is_linear=0
shrinkage=0.03


Tree=31
num_leaves=15
num_cat=0
split_feature=2 2 2 21 20 22 22 14 10 2 22 7 14 20
split_gain=87.3426 23.0666 15.8503 8.69803 8.38191 7.81838 5.99323 5.87472 9.33977 7.26034 8.47431 6.07551 5.41967 5.31293
threshold=0.63030944378226328 0.34746472687839575 0.82461063744049479 10.391235568228838 17.135084167555242 0.22474747474747478 0.15504807692307696 19.900000000000002 -13.149999999999997 0.50752399105869961 0.37980769230769235 -3.4060200536566523 23.900000000000002 14.234543274099872
decision_type=2 2 2 8 8 8 10 8 8 2 10 2 10 8
left_child=1 4 3 -2 5 6 -1 8 -3 10 -9 -10 -5 -13
right_child=2 7 -4 12 -6 -7 -8 9 11 -11 -12 13 -14 -15
leaf_value=-0.015222986942110009 0.017145104530609689 -0.011797365734011944 0.024325745502267598 0.0021460357451764103 0.0022091077625294876 -0.024321205979486098 0.004272015318794245 -0.0039370852091153031 0.017336569409003369 -0.0015083887518590397 -0.018050466343049808 -0.0030799190800562684 0.0099270603368915838 0.0080868795512741339
leaf_weight=36.202069222927094 73.199213430285454 38.885755106806755 59.983808279037476 177.00783169269562 18.504990860819817 84.386634558439255 18.885772332549095 89.291033059358597 20.147463783621788 175.59603321552277 67.259819090366364 92.723348870873451 148.57878151535988 58.30230176448822
leaf_count=153 332 157 308 788 78 358 80 360 82 713 271 376 668 237
internal_value=0.000318448 -0.00633314 0.0104291 0.00806347 -0.0162428 -0.0186827 -0.00874017 -0.00332378 0.000600638 -0.00577779 -0.0103717 0.00367201 0.00579328 0.00135194
internal_weight=1158.95 700.185 458.77 398.786 157.979 139.474 55.0878 542.206 210.059 332.147 156.551 171.173 325.587 151.026
internal_count=4961 2865 2096 1788 669 591 233 2196 852 1344 631 695 1456 613
is_linear=0
shrinkage=0.03


Tree=32
num_leaves=15
num_cat=0
split_feature=0 2 2 14 23 25 22 21 20 21 11 3 21 25
split_gain=86.821 28.1401 13.1921 10.2916 10.3872 7.65671 7.10997 6.6843 8.81934 8.64116 11.6961 6.60059 6.16082 5.97906
threshold=1.7500000000000002 0.71263570861201753 0.34247558159398611 20.300000000000001 0.80625000000000013 -9.7416666666666654 0.37980769230769235 15.666843608445228 14.234543274099872 12.171231915325821 20.100000000000005 0.024336072810571711 14.528515699119948 -6.8090909090909078
decision_type=2 2 2 10 10 8 8 8 8 10 10 2 8 10
left_child=2 11 5 7 6 -1 13 9 -9 10 -4 12 -2 -5
right_child=1 -3 3 4 -6 -7 -8 8 -10 -11 -12 -13 -14 -15
leaf_value=-0.0057976994580400797 0.0024434476135718184 0.014783937806512118 -0.020439259121424198 -0.01236650026980266 0.009198295665321236 -0.020946056565246136 -0.018772755827123566 -0.020096189876528142 0.0064158885136569215 0.012286409837634113 0.0068312622180281791 0.0045555807450624033 -0.011015553644188145 0.0033340030216246451
leaf_weight=47.657350480556488 63.368961855769157 258.8983039110899 18.889767438173294 47.796591192483902 18.115223720669746 107.4685011357069 84.33748234808445 22.619305968284607 15.879095405340193 52.064301192760468 30.501434624195099 288.46081764996052 51.697067260742188 34.268224149942398
leaf_count=202 262 1251 76 193 73 458 340 91 64 210 123 1206 212 138
internal_value=0.000146088 0.00716312 -0.00951982 -0.0059253 -0.0104818 -0.0166186 -0.01283 0.000236358 -0.00968047 0.00427734 -0.00451855 0.00215259 -0.00381035 -0.0059954
internal_weight=1142.02 662.425 479.597 324.471 184.518 155.126 166.402 139.954 38.4984 101.456 49.3912 403.527 115.066 82.0648
internal_count=4899 2931 1968 1308 744 660 671 564 155 409 199 1680 474 331
is_linear=0
shrinkage=0.03


Tree=33
num_leaves=15
num_cat=0
split_feature=0 0 4 8 25 14 8 35 3 19 41 35 13 10
split_gain=85.4111 24.6168 15.2788 6.54068 6.31807 6.00725 7.04668 6.34276 6.06352 5.55221 5.14401 4.94657 4.97835 5.38541
threshold=3.2500000000000004 -2.7499999999999996 261.49051116978779 1.7000000000000004 -13.954545454545451 19.900000000000002 5.9000000000000012 1.0000000180025095e-35 0.025604541414624541 2.2250000000000005 80.500000000000014 1.0000000180025095e-35 20.100000000000005 -11.299999999999997
decision_type=2 2 2 8 8 10 8 2 2 10 10 2 10 10
left_child=1 3 10 4 -1 6 11 8 -7 -9 -2 12 -3 -14
right_child=2 5 -4 -5 -6 7 -8 9 -10 -11 -12 -13 13 -15
leaf_value=-0.0010239469273141193 0.0081264728749567434 -0.010097031661634111 0.022586776777463485 -0.0025703014724411167 -0.016439539698123617 -0.0033694874997500031 -0.0074004686973871301 -0.018047273508962819 0.012383316124532213 -0.0022183583903811425 -0.0053206362206428461 0.015607293084294862 -0.0067327532383458684 0.012857351807843821
leaf_weight=27.374059155583382 397.81435239315033 16.990621343255043 65.966859146952629 48.399261996150017 232.60156428813934 117.57620339095592 35.678928017616272 41.009987086057663 21.808531239628792 38.012083739042282 24.011346876621246 35.568815916776657 14.849857389926909 34.330620378255844
leaf_count=114 1785 69 339 198 971 474 145 165 88 153 106 144 60 140
internal_value=0.000104469 -0.00687558 0.00958215 -0.0130083 -0.0148663 -0.00145411 0.00338529 -0.00450663 -0.000561281 -0.0110182 0.00730767 0.00733721 0.00210765 0.00686674
internal_weight=1151.99 664.201 487.793 308.375 259.976 355.826 137.419 218.407 139.385 79.0221 421.826 101.74 66.1711 49.1805
internal_count=4951 2721 2230 1283 1085 1438 558 880 562 318 1891 413 269 200
is_linear=0
shrinkage=0.03


Tree=34
num_leaves=15
num_cat=0
split_feature=4 7 4 4 41 25 20 42 8 7 42 15 12 22
split_gain=55.6004 16.7608 13.0353 12.3415 11.202 9.29092 8.74054 11.5177 10.5015 8.14566 7.18464 6.60491 6.32207 6.27967
threshold=114.68810251321464 0.17138933611740417 -114.76751603752687 261.49051116978779 58.500000000000007 7.5131578947368434 14.492335127478031 12.500000000000002 -0.77499999999999991 0.34826777665938163 11.500000000000002 -0.24999999999999997 25.266666666666669 0.45643939393939398
decision_type=2 2 2 2 8 10 10 8 8 2 10 8 10 8
left_child=1 2 11 4 12 10 8 -8 -4 -6 -3 -1 -2 -10
right_child=3 5 6 -5 9 -7 7 -9 13 -11 -12 -13 -14 -15
leaf_value=-0.015936208988052574 0.017579121782065693 -0.013359179777102492 0.004054948918149363 0.01993904720107471 0.0082193402256683888 0.0078346179558870157 0.010681973514982608 -0.0094874524105664024 -0.021424437930698755 -0.0041903583749749417 -0.00099289316993941704 0.00091778433393543545 -0.00092862125406056959 -0.0045601240470279072
leaf_weight=64.273548692464828 80.380948960781097 257.23055928945541 108.48440691828728 73.1376683562994 84.755457639694214 21.070198327302933 123.52487888932228 27.64575557410717 22.655780434608459 96.767502769827843 51.415912419557571 29.236475989222527 20.020503371953964 85.775104627013206
leaf_count=269 367 1063 449 377 403 86 517 115 94 415 212 121 88 362
internal_value=-0.000489525 -0.00491088 -0.00119085 0.00929553 0.00623501 -0.0100233 0.00138545 0.00680777 -0.00246167 0.0016689 -0.0113478 -0.0108876 0.0140196 -0.00887285
internal_weight=1146.37 791.313 461.596 355.062 281.924 329.717 368.086 151.171 216.915 181.523 308.646 93.51 100.401 108.431
internal_count=4938 3288 1927 1650 1273 1361 1537 632 905 818 1275 390 455 456
is_linear=0
shrinkage=0.03


Tree=35
num_leaves=15
num_cat=0
split_feature=2 2 2 7 14 17 25 10 7 1 17 39 1 11
split_gain=81.9966 16.3157 14.8546 7.1036 6.47072 5.88554 5.67293 5.57818 7.97176 5.44526 4.88742 4.71854 4.66126 7.10418
threshold=0.63030944378226328 0.74087741323255141 0.34247558159398611 -2.8633518109865777 20.100000000000005 2.0500000000000012 -13.954545454545451 -13.149999999999997 -3.3345629199007996 45.250000000000007 17.050000000000004 1509.3894673176278 38.250000000000007 19.100000000000005
decision_type=2 2 2 2 10 10 8 8 2 2 10 2 2 10
left_child=2 3 6 9 7 -3 -1 -4 -9 -2 -7 -8 13 -10
right_child=1 5 4 -5 -6 10 11 8 12 -11 -12 -13 -14 -15
leaf_value=-0.00026678622033661373 0.0024872580800211676 0.0081460745725240348 -0.010167213258401711 0.0066712725049709702 -0.0073624969735619572 0.021877589873134578 -0.019977260599528816 0.016817908776022121 0.0028340862985287989 -0.015527098251921693 0.0013936072121603724 -0.0049157634076432829 0.0020668816788510192 -0.020724490146436146
leaf_weight=20.378285378217697 33.776621252298355 71.936290696263313 40.052585542201996 214.42979283630848 323.70670008659363 105.50606326758862 109.29104030132294 21.573876217007637 20.76328332722187 20.73990298807621 12.363144457340239 27.106236159801483 120.55632956326008 18.237500667572021
leaf_count=86 145 354 162 932 1312 539 472 88 84 90 64 116 490 74
internal_value=-0.000685534 0.00911951 -0.00711528 0.00423681 -0.0046924 0.0157518 -0.015131 -0.000708284 0.00160026 -0.00509469 0.0198732 -0.0172638 -0.000905825 -0.00928552
internal_weight=1160.42 458.752 701.666 268.946 544.89 189.805 156.776 221.184 181.131 54.5165 117.869 136.397 159.557 39.0008
internal_count=5008 2124 2884 1167 2210 957 674 898 736 235 603 588 648 158
is_linear=0
shrinkage=0.03


Tree=36
num_leaves=15
num_cat=0
split_feature=2 2 11 2 21 14 27 20 21 4 26 22 4 0
split_gain=68.8265 30.817 9.45261 7.58138 8.03086 8.70276 8.83712 6.95298 5.94582 5.68026 5.66845 6.60142 5.28595 5.91439
threshold=0.46260348075676794 0.73644206022465275 13.700000000000001 0.33809753096581763 15.890947792165433 20.100000000000005 9.5000000000000018 17.135084167555242 8.2747943302551761 266.30836788907806 5.5313725490196086 0.17424242424242428 198.31320276704994 9.2500000000000018
decision_type=2 2 10 2 10 10 2 8 8 2 10 8 2 2
left_child=3 2 -2 7 5 6 -5 -1 -4 12 11 -7 -3 -14
right_child=1 9 8 4 -6 10 -8 -9 -10 -11 -12 -13 13 -15
leaf_value=-0.018531695364142065 -0.014041500232057805 0.015678652143009821 0.014834330985876117 0.013440532736525819 -0.01713968673200239 0.0031163616728779849 -0.0059209445142442436 0.0012360325949569407 0.0015285135106499063 0.023254309423746032 0.0046315674016623844 -0.0176350444484633 -0.0076188808473277728 0.010641988485768339
leaf_weight=126.89117135107517 28.809279635548592 85.950562015175819 27.179712310433388 36.743273183703423 49.086260035634041 15.990531280636786 38.877913758158684 17.541464105248451 535.93666802346706 54.206913888454437 17.477501377463341 57.243618279695511 21.819660618901253 35.578563064336777
leaf_count=549 117 417 115 148 199 65 157 75 2242 293 71 233 104 183
internal_value=-9.56941e-05 0.00485821 0.00138955 -0.0108817 -0.00704983 -0.00365893 0.00373665 -0.0161699 0.00229564 0.0149603 -0.00969734 -0.0131944 0.0111459 0.00364595
internal_weight=1149.33 789.481 591.926 359.852 215.419 166.333 75.6212 144.433 563.116 197.556 90.7117 73.2341 143.349 57.3982
internal_count=4968 3471 2474 1497 873 674 305 624 2357 997 369 298 704 287
is_linear=0
shrinkage=0.03


Tree=37
num_leaves=15
num_cat=0
split_feature=2 4 2 22 13 39 39 3 39 11 21 21 14 21
split_gain=75.7035 18.0718 16.2168 8.71726 6.66588 6.28889 5.68563 6.12789 6.64119 5.33825 5.01283 7.41627 6.60612 9.08234
threshold=0.6005328874407061 257.48143538514915 0.34247558159398611 0.22474747474747478 14.500000000000002 2275.5466847730363 1505.5882577139103 0.024606802362303396 1782.34303976501 13.700000000000001 8.2747943302551761 11.75915703639121 20.300000000000001 15.938771735753182
decision_type=2 2 2 8 10 2 2 2 2 10 10 10 10 10
left_child=2 9 3 -1 -4 6 10 -8 -9 -2 -6 -12 13 -13
right_child=1 -3 4 -5 5 -7 7 8 -10 -11 11 12 -14 -15
leaf_value=-0.0059068531384633876 -0.0098071489678567738 0.021300643483539338 0.010620090917441287 -0.021369923283045475 0.0080394545612141478 -0.020058726679202672 -0.00669809953550656 0.02251380972303272 -0.00092132421801936141 0.0062212093432598746 -0.014495499718313577 0.0078395873743764555 -0.0082410373440817402 -0.0096332448100345386
leaf_weight=56.92648546397686 15.136895716190336 73.270848035812378 20.328560009598732 92.778899431228638 17.76335234940052 20.058695018291473 26.81902240216732 16.556405171751976 21.220822468400002 464.85621753334999 79.636168569326401 68.90647566318512 138.71787771582603 37.078113690018654
leaf_count=245 63 387 82 404 72 81 108 67 86 2079 322 279 561 150
internal_value=-8.85741e-05 0.00786869 -0.00746956 -0.0158709 -0.00451197 -0.00534743 -0.00438706 0.00356387 0.0107805 0.00561985 -0.00591807 -0.00679295 -0.00404616 0.00156821
internal_weight=1150.05 553.264 596.791 149.705 447.085 426.757 406.698 64.5963 37.7772 479.993 342.102 324.339 244.702 105.985
internal_count=4986 2529 2457 649 1808 1726 1645 261 153 2142 1384 1312 990 429
is_linear=0
shrinkage=0.03


Tree=38
num_leaves=15
num_cat=0
split_feature=2 2 2 4 15 7 14 17 39 17 42 7 25 17
split_gain=63.3687 21.1367 11.8064 5.68658 7.90869 5.66102 5.29671 6.01354 5.18195 5.02109 12.9792 5.31515 6.40041 4.89225
threshold=0.63030944378226328 0.34247558159398611 0.74087741323255141 -114.76751603752687 -2.0499999999999994 -2.8633518109865777 28.700000000000006 5.2250000000000014 940.92268974091257 -4.070833333333332 12.500000000000002 0.074756833381474999 3.7735042735042739 16.350000000000005
decision_type=2 2 2 2 10 2 8 10 2 8 10 2 8 10
left_child=1 -1 5 4 -3 8 7 -7 -2 10 11 -5 -13 -4
right_child=2 3 13 9 -6 6 -8 -9 -10 -11 -12 12 -14 -15
leaf_value=-0.015200139234136538 -0.01138651591621794 -0.02440505639863487 0.015872101706508705 0.01217233741936094 0.00044142875783155039 0.0046335008566972258 -0.0049954993231064188 0.016566933740234251 0.0064136414504101244 -0.0038948165545845967 -0.0162513953864231 -0.0031713640363934172 0.016003060922285695 -0.0023676055909517321
leaf_weight=153.39364226162434 29.801894620060921 19.665458738803864 173.04505072534084 61.234859019517899 21.322147101163864 123.79962220788002 26.572665750980377 54.169920191168785 21.236658751964569 335.91734576225281 23.655487298965454 71.244411915540695 14.73357182741165 12.995451122522352
leaf_count=668 128 80 886 250 86 540 114 239 92 1364 96 289 60 68
internal_value=5.52898e-05 -0.00553866 0.00889944 -0.00272013 -0.012837 0.00457185 0.00677351 0.00861923 -0.00406862 -0.00178448 0.00235711 0.0057829 0.00081337 0.0145694
internal_weight=1142.79 701.167 441.621 547.773 40.9876 255.581 204.542 177.97 51.0386 506.786 170.868 147.213 85.978 186.041
internal_count=4960 2893 2067 2225 166 1113 893 779 220 2059 695 599 349 954
is_linear=0
shrinkage=0.03


Tree=39
num_leaves=15
num_cat=0
split_feature=2 2 2 39 3 23 13 22 13 23 20 10 25 2
split_gain=55.9245 16.0773 13.4978 9.21402 9.30852 9.02859 9.11104 8.12915 7.97801 7.85693 7.44843 9.92456 7.02843 9.02325
threshold=0.60354989587501329 0.73435478629997786 0.2564731319828028 1505.5882577139103 0.024505274893685817 0.73431372549019625 25.900000000000002 0.58578431372549034 21.675000000000004 0.63762626262626265 12.804729615363071 -4.5999999999999979 -0.36931818181818177 0.46788566674820981
decision_type=2 2 2 2 2 10 10 8 8 8 10 10 10 2
left_child=2 3 -1 4 7 12 10 -2 -5 -9 -7 -12 13 -4
right_child=1 -3 5 8 -6 6 -8 9 -10 -11 11 -13 -14 -15
leaf_value=-0.020227330031846871 -0.016801022170456557 0.013068752463179647 -0.0088034725701479338 0.021416745301434031 0.0034991085969846938 0.013851336646450409 -0.012848866548921669 -0.0095795608849150796 0.0010275295763478448 0.014298252546335443 -0.011925956476973587 0.011796659338898747 -0.013469974356122419 0.0020167940679800102
leaf_weight=56.89291775226593 41.821320652961731 199.42502808570862 180.28086140751839 32.806016847491264 190.14088644087315 47.01186229288578 25.706774398684502 22.262466847896576 32.773855775594711 17.808924123644829 31.908197894692421 22.933607488870621 119.30422179400921 108.33749642968178
leaf_count=250 176 1024 749 142 818 193 107 95 140 76 132 93 485 437
internal_value=-0.000557452 0.00642245 -0.00688611 0.00236311 -0.000140278 -0.00529465 0.00162374 -0.00830542 0.0120218 0.00144139 0.00570679 -0.00184891 -0.00745155 -0.00477673
internal_weight=1129.41 537.038 592.376 337.613 272.034 535.483 127.56 81.8927 65.5799 40.0714 101.854 54.8418 407.923 288.618
internal_count=4917 2471 2446 1447 1165 2196 525 347 282 171 418 225 1671 1186
is_linear=0
shrinkage=0.03


Tree=40
num_leaves=15
num_cat=0
split_feature=4 4 7 35 8 19 19 27 17 8 7 4 1 11
split_gain=37.7565 14.7865 14.2701 10.3537 10.2961 6.83139 6.89422 6.75277 6.32289 7.15134 6.25396 6.23604 5.66742 5.64128
threshold=9.3361495470929885 261.49051116978779 0.55563174317845532 1.0000000180025095e-35 11.500000000000002 2.7500000000000004 4.4500000000000011 4.5000000000000009 5.9500000000000011 8.7000000000000011 -1.7309735623331741 -95.77300342825059 47.250000000000007 13.500000000000002
decision_type=2 2 2 2 10 10 10 2 10 8 2 2 2 10
left_child=10 2 4 5 8 -4 -7 -5 9 -2 11 -1 -13 -12
right_child=1 -3 3 7 -6 6 -8 -9 -10 -11 13 12 -14 -15
leaf_value=-0.0093196842756311949 0.0036031369319035065 0.016676647177598571 0.0058119703563236595 -0.023933119823461243 0.020416595418185898 -0.020504697644097996 0.00055234911236012136 -0.0054048108172491637 0.01165150375603744 -0.013530228332998015 0.0017689850198728009 0.0061253758952423817 -0.011135088136585361 -0.011286096995788928
leaf_weight=60.678104728460312 227.99430730938911 69.783372431993484 114.4329668879509 20.643291592597961 36.986529037356377 15.893759369850157 41.613094478845596 72.101271659135818 78.037656500935555 19.286287099123001 32.331509426236153 77.110986262559891 16.807609722018242 248.99837143719196
leaf_count=252 1012 377 479 87 172 67 174 304 359 85 137 318 69 1046
internal_value=-0.0002714 0.00405232 0.00252642 -0.00274015 0.00635888 0.00164727 -0.00644207 -0.0105422 0.00447576 0.00202517 -0.0071499 -0.00220536 0.00262975 -0.00978107
internal_weight=1132.7 696.773 626.989 264.684 362.305 171.94 57.5069 92.7446 325.318 247.281 435.927 154.597 93.9186 281.33
internal_count=4938 3116 2739 1111 1628 720 241 391 1456 1097 1822 639 387 1183
is_linear=0
shrinkage=0.03


Tree=41
num_leaves=15
num_cat=0
split_feature=2 2 5 41 18 17 8 16 21 41 22 19 18 18
split_gain=60.4736 21.0483 11.9574 9.13889 5.88023 5.34475 7.37178 6.76672 6.38393 5.84562 5.21554 4.79111 4.64636 5.1038
threshold=0.65309022657102689 0.42823177281741526 0.81835768202939896 75.500000000000014 -1.3499999999999999 2.0500000000000012 7.9000000000000012 3.8500000000000001 13.953295097852694 46.500000000000007 0.86190476190476206 -1.6499999999999997 -1.3499999999999999 3.4500000000000006
decision_type=2 2 2 10 8 8 10 10 10 10 10 10 10 10
left_child=1 3 5 -1 -5 6 7 9 -7 -2 -3 -12 -11 -14
right_child=2 10 -4 4 -6 8 -8 -9 -10 12 11 -13 13 -15
leaf_value=-0.012255394768687918 0.013336512261491197 -0.0010589684703106192 0.021575211690879635 0.015195307339023738 -0.0058479373229661721 0.016391081192848923 -0.013092735851075763 0.015802384422168414 0.0041160495179681936 0.0070264735316348777 -0.0019904239095958186 0.019534409333424728 -0.01522950910750513 0.0023747242505266788
leaf_weight=267.47110098600388 22.999066218733788 407.88260060548782 65.485175356268883 14.897615164518355 25.411656647920609 92.003746896982193 16.4733657091856 38.076441735029221 69.997207880020142 26.002065926790237 14.573377415537836 17.195156767964363 27.791354954242706 24.903215646743774
leaf_count=1134 106 1667 361 62 106 434 76 172 330 119 60 71 129 114
internal_value=0.000637665 -0.00432911 0.0102432 -0.0102779 0.00274789 0.00761374 0.00348801 0.00582689 0.0113693 0.0015264 -9.58497e-05 0.0107323 -0.00251562 -0.00742504
internal_weight=1131.16 747.432 383.732 307.78 40.3093 318.246 156.246 139.772 162.001 101.696 439.651 31.7685 78.6966 52.6946
internal_count=4941 3100 1841 1302 168 1480 716 640 764 468 1798 131 362 243
is_linear=0
shrinkage=0.03


Tree=42
num_leaves=15
num_cat=0
split_feature=2 2 4 25 1 21 24 4 13 7 8 17 39 3
split_gain=57.485 16.9818 11.4115 7.6032 7.60854 9.8802 6.73789 6.65352 8.41355 6.00524 5.8618 9.71219 7.37483 5.99005
threshold=0.63030944378226328 0.34247558159398611 261.49051116978779 -7.5916666666666659 46.250000000000007 11.280267236227642 0.16042250233426705 107.71149072533332 22.675000000000004 -0.34955902365552921 -7.6999999999999984 1.7499999999999998 423.60224223683105 0.017853837271753051
decision_type=2 2 2 8 2 8 10 2 8 2 8 8 2 2
left_child=1 -1 3 -2 5 -5 10 8 -6 -7 11 12 -3 -12
right_child=2 6 -4 4 7 9 -8 -9 -10 -11 13 -13 -14 -15
leaf_value=-0.014052853965094859 -0.010419338973922559 0.010898185112611973 0.020070487142230906 0.019970001633012317 0.0045030124106266028 0.010302099872364323 -0.011588212302863504 0.0061079953269755176 -0.021317585784393647 -0.00086567105714387116 -0.013637214875672285 -0.025973519704705496 -0.0076505025727714986 0.0014003908901527985
leaf_weight=145.79444569349289 18.33806785941124 21.15477229654789 63.253066003322601 65.876706317067146 19.899451270699501 120.68907289206982 61.616982042789459 70.677081450819969 17.676669135689735 65.026557952165604 20.538177862763405 15.766539871692656 70.384163528680801 354.45743474364281
leaf_count=644 81 86 351 308 88 566 251 330 77 290 83 64 286 1441
internal_value=0.000264297 -0.00513453 0.0086626 0.00651758 0.00751166 0.0103263 -0.00263778 0.000803032 -0.0087206 0.00647163 -0.00138714 -0.00740006 -0.00302145 0.000408192
internal_weight=1131.15 689.713 441.437 378.184 359.846 251.592 543.918 108.253 37.5761 185.716 482.301 107.305 91.5389 374.996
internal_count=4946 2855 2091 1740 1659 1164 2211 495 165 856 1960 436 372 1524
is_linear=0
shrinkage=0.03


Tree=43
num_leaves=15
num_cat=0
split_feature=2 2 17 27 8 27 8 20 13 11 8 8 23 16
split_gain=52.2389 16.8951 10.0331 7.0526 6.94118 9.70608 7.32013 5.88672 5.96669 5.86065 5.55923 5.84463 10.8621 5.39878
threshold=0.6513512494817385 0.42823177281741526 2.0500000000000012 10.500000000000002 6.5000000000000009 14.500000000000002 9.4500000000000011 12.112436217008993 19.700000000000006 29.500000000000004 3.5000000000000004 -0.29999999999999999 0.75735294117647067 -2.9499999999999997
decision_type=2 2 8 2 8 2 10 10 10 10 10 10 8 8
left_child=1 3 -2 7 5 10 -6 13 -9 -8 11 -3 -13 -1
right_child=2 4 -4 -5 6 -7 9 8 -10 -11 -12 12 -14 -15
leaf_value=-0.011705738539313193 0.0040268424544185975 0.00032076207943580119 0.013899118766957432 -0.014167708785227634 -0.016094819802176471 0.011436590291778756 -0.0079777199647471913 0.0057414069197253854 -0.012696708670403385 0.013809304361752102 0.008914727878008049 -0.015899559379591765 0.0093128355309879309 0.0066553544439497377
leaf_weight=14.549353420734404 173.19784706830978 185.79950532317162 209.11324493587017 143.42591980099678 40.894563362002373 66.421345382928848 20.217248693108559 16.34965991973877 79.390998899936676 14.969333454966543 39.759377539157867 53.434537336230278 17.135745674371719 50.676001906394958
leaf_count=61 810 756 1033 614 168 272 83 68 336 62 163 218 70 214
internal_value=0.000595858 -0.00403736 0.00953642 -0.00940575 -0.000247907 0.00150754 -0.00819029 -0.00486369 -0.00941934 0.001856 -0.000872443 -0.0025318 -0.00956642 0.00201785
internal_weight=1125.33 743.024 382.311 304.392 438.632 362.551 76.0811 160.966 95.7407 35.1866 296.129 256.37 70.5703 65.2254
internal_count=4928 3085 1843 1293 1792 1479 313 679 404 145 1207 1044 288 275
is_linear=0
shrinkage=0.03


Tree=44
num_leaves=15
num_cat=0
split_feature=2 0 2 11 27 39 21 21 22 24 1 16 14 8
split_gain=49.368 15.2661 11.66 7.04198 6.7201 10.9513 6.41527 5.76677 13.1388 7.53523 5.85146 4.85418 7.2711 5.32682
threshold=0.52462618965897123 9.2500000000000018 0.34746472687839575 13.700000000000001 4.5000000000000009 870.12226918104568 15.856649498974656 10.391235568228838 0.58012820512820518 -0.046536796536796564 45.250000000000007 8.0500000000000025 18.900000000000002 3.1000000000000005
decision_type=2 2 2 8 2 2 8 10 10 10 2 10 10 10
left_child=2 3 -1 -2 5 -4 -6 8 10 -9 -5 12 -11 -14
right_child=1 -3 4 7 6 -7 -8 9 -10 11 -12 -13 13 -15
leaf_value=-0.014853399822012713 -0.012911660727725533 0.014962242272235513 0.013122760565217368 0.0063425075407925156 -0.0040101894716420335 -0.0087527437140697308 -0.016018085550220548 0.0072807566018322318 0.020491976074021669 -0.011346614948283386 -0.011818632459175603 0.010012205636648439 -0.0034305007806457633 0.0055722052818616592
leaf_weight=152.0625089854002 20.313687339425087 102.60036063194275 39.498790606856346 39.688415929675102 160.30558177828789 33.681076541543007 50.955200746655464 147.79712317883968 46.789238780736923 55.122494623064995 19.844101786613464 28.515279173851013 136.21773391962051 96.807529479265213
leaf_count=676 83 570 160 172 650 136 207 623 212 239 85 123 591 432
internal_value=-0.000408612 0.00455545 -0.00825981 0.00263873 -0.00453917 0.00313868 -0.00720982 0.00329947 0.00944179 0.00180782 -0.000157854 -0.000820051 -0.0020445 0.000348051
internal_weight=1130.2 693.696 436.503 591.096 284.441 73.1799 211.261 570.782 106.322 464.46 59.5325 316.663 288.148 233.025
internal_count=4959 3130 1829 2560 1153 296 857 2477 469 2008 257 1385 1262 1023
is_linear=0
shrinkage=0.03


Tree=45
num_leaves=15
num_cat=0
split_feature=5 0 21 14 3 3 20 26 3 20 3 17 19 19
split_gain=46.0371 18.8681 6.52675 6.57273 5.93185 6.12697 8.19215 9.3453 7.94325 6.55416 5.82147 5.62345 8.14428 6.75259
threshold=0.4782154837327186 6.7500000000000009 8.2747943302551761 31.100000000000005 0.042572715494962117 0.025177278803792173 11.049886877249014 -3.8708333333333331 0.021403185292074193 10.377593214889064 0.024477091988363568 2.0500000000000012 5.1500000000000012 2.6500000000000008
decision_type=2 2 8 10 2 2 10 8 2 8 2 10 10 10
left_child=-1 2 -2 4 5 6 7 -4 -8 -7 -9 12 13 -3
right_child=1 11 3 -5 -6 9 8 10 -10 -11 -12 -13 -14 -15
leaf_value=-0.0088206478031934103 0.015253105050817626 0.0052282553689130947 0.010238014123727338 -0.013763594644559065 0.012921201569071663 0.007537772742764192 -0.0069159588630861458 0.00012469982227467135 0.0065381519615806362 -0.010008655802372198 -0.016905018680660661 0.015594752585555368 0.021321220345651645 -0.015020475563336345
leaf_weight=355.03052984178066 23.343849465250969 57.597892493009567 21.650473222136497 22.71693517267704 31.342471688985825 20.884985044598579 42.449323207139969 28.739964678883553 251.72105000913143 78.16361640393734 43.313304215669632 126.16600824892521 17.079258218407631 14.4251541942358
leaf_count=1504 100 290 91 94 132 88 175 118 1053 329 180 677 86 71
internal_value=6.13312e-05 0.00413666 0.0012187 0.000478962 0.0012288 0.000352496 0.00206336 -0.0054677 0.00451356 -0.00612445 -0.010545 0.0115848 0.00537988 0.000460936
internal_weight=1134.62 779.594 564.326 540.982 518.265 486.923 387.874 93.7037 294.17 99.0486 72.0533 215.268 89.1023 72.023
internal_count=4988 3484 2360 2260 2166 2034 1617 389 1228 417 298 1124 447 361
is_linear=0
shrinkage=0.03


Tree=46
num_leaves=15
num_cat=0
split_feature=2 2 25 13 20 20 11 26 27 21 9 20 42 16
split_gain=44.1568 17.3857 7.15913 6.92997 6.86823 11.651 6.84523 5.67382 6.55313 7.04275 7.72823 5.19695 6.67159 5.18128
threshold=0.71263570861201753 0.34746472687839575 -13.954545454545451 28.700000000000006 13.729530217745982 12.49933331555461 23.900000000000002 11.263888888888891 6.5000000000000009 12.084195351872689 4.7000000000000002 16.726559053725833 10.500000000000002 3.1500000000000008
decision_type=2 2 8 8 10 10 10 10 2 10 10 10 8 10
left_child=1 2 -1 13 5 -3 -7 8 9 -6 -11 -10 -13 -4
right_child=-2 4 3 -5 7 6 -8 -9 11 10 -12 12 -14 -15
leaf_value=0.0033940580890271018 0.011297770736786072 -0.0006194643907502346 -0.015964260781272364 -0.028706674464154685 -0.014654358648130314 -0.017504356294319238 -0.00089505171137012178 0.016450338642211924 0.0084337492552116096 -0.0048758585146133262 0.015129462024838426 0.0039311890817813116 -0.014340846224705174 -0.0027849116493590554
leaf_weight=21.672900378704071 244.88805288076401 307.21125927567482 62.154825896024704 22.046396017074585 35.349462032318115 65.976711243391037 33.403162240982056 18.564120143651962 113.22028905153275 56.714295595884323 19.206801190972328 56.663537904620171 20.45217476785183 48.918861031532288
leaf_count=94 1267 1266 279 100 147 271 139 76 471 234 79 235 85 219
internal_value=0.000159968 -0.00298028 -0.0119412 -0.0144704 -0.00100315 -0.00357194 -0.012232 0.00226378 0.00113656 -0.00452367 0.000807277 0.00447662 -0.00149295 -0.0105298
internal_weight=1126.44 881.555 154.793 133.12 726.762 406.591 99.3799 320.171 301.607 111.271 75.9211 190.336 77.1157 111.074
internal_count=4962 3695 692 598 3003 1676 410 1327 1251 460 313 791 320 498
is_linear=0
shrinkage=0.03


Tree=47
num_leaves=15
num_cat=0
split_feature=2 2 14 24 4 7 8 26 23 20 39 39 39 12
split_gain=45.3081 15.7059 8.62427 8.08386 7.70649 6.62697 8.13078 7.60799 5.98768 6.52326 4.90672 6.48178 4.56287 4.37225
threshold=0.63030944378226328 0.34746472687839575 20.100000000000005 0.10000000000000001 261.49051116978779 -0.13352546088342929 7.1000000000000005 -8.9642857142857135 0.37980769230769235 12.189476231107085 932.16835596447288 352.83188082293344 469.22151150202018 22.300000000000001
decision_type=2 2 8 8 2 2 10 8 10 8 2 2 2 10
left_child=1 -1 -3 8 5 -2 7 -7 13 -10 11 -5 -11 -4
right_child=4 2 3 10 -6 6 -8 -9 9 12 -12 -13 -14 -15
leaf_value=-0.012691521186117478 0.0089289253225361929 0.0026992112293165384 0.0003422748510109504 -0.018467263176455858 0.017436807443315976 -0.011589171758053881 -0.011582190961169596 0.0089919999565612127 0.002440168870373122 0.0010604522329822918 -0.021632803413681335 0.0022307410872536531 -0.012391196656210303 0.017521749991427433
leaf_weight=154.04272052645683 245.78090071678162 213.8801479190588 39.510899543762207 17.523712679743767 61.924024865031242 15.711780250072477 31.884312972426414 74.837328314781189 69.17849950492382 29.445474728941917 30.701402634382248 32.09832789003849 84.152320548892021 15.283066108822821
leaf_count=692 1163 871 160 71 355 71 146 334 281 120 125 130 343 62
internal_value=0.000363141 -0.0044147 -0.0019212 -0.00502349 0.00794416 0.00613553 0.00039757 0.00500125 -0.00212944 -0.0047246 -0.0129568 -0.0061 -0.00900671 0.00619845
internal_weight=1115.95 685.817 531.774 317.894 430.138 368.214 122.433 90.5491 237.57 182.776 80.3234 49.622 113.598 54.794
internal_count=4924 2855 2163 1292 2069 1714 551 405 966 744 326 201 463 222
is_linear=0
shrinkage=0.03


Tree=48
num_leaves=15
num_cat=0
split_feature=5 0 0 19 11 8 5 16 19 42 8 8 24 11
split_gain=37.7672 14.7345 10.691 6.4075 6.32315 7.24577 6.41577 5.95483 5.42991 5.37839 8.17463 6.23674 6.04388 6.30692
threshold=0.65930481737022983 -5.2499999999999991 9.2500000000000018 -5.1499999999999995 27.100000000000005 -7.4999999999999991 0.60334028077888846 -7.1499999999999995 4.3500000000000005 7.5000000000000009 -5.8999999999999995 3.9000000000000004 -0.19821428571428568 24.900000000000002
decision_type=2 2 2 10 8 10 2 8 10 8 10 10 8 10
left_child=1 3 7 -1 5 8 -6 -2 -3 11 -11 -7 -12 -14
right_child=2 4 -4 -5 6 9 -8 -9 -10 10 12 -13 13 -15
leaf_value=0.0026656746257991753 -0.0051911583896505683 -0.0092765703330275652 0.017220955844654998 -0.015099415965347742 -0.0023290277376670897 0.0027114558648749796 -0.018390258372658772 0.0074892990351430539 0.0042353744216284744 0.014724191957108652 0.0047804228601741675 0.014825768099321167 -0.010811334826265177 0.0064588009111017919
leaf_weight=20.434252947568893 35.873475298285484 95.002897441387177 99.806317642331123 100.99199831485748 70.297012194991112 199.28185653686523 29.113438382744789 207.10014669597149 33.196907013654709 19.104310944676399 46.363898783922195 43.39737793803215 93.667717397212982 20.031984731554985
leaf_count=92 162 392 573 459 292 828 127 937 137 79 192 184 389 84
internal_value=0.000935717 -0.00275094 0.00914706 -0.0121226 -0.000919533 0.000362002 -0.00768816 0.00555019 -0.00575005 0.00226506 -0.0016539 0.00513337 -0.0039955 -0.00762473
internal_weight=1113.66 770.884 342.78 121.426 649.457 550.047 99.4105 242.974 128.2 421.847 179.168 242.679 160.064 113.7
internal_count=4927 3255 1672 551 2704 2285 419 1099 529 1756 744 1012 665 473
is_linear=0
shrinkage=0.03


Tree=49
num_leaves=15
num_cat=0
split_feature=2 2 20 12 39 4 39 21 8 12 25 18 18 42
split_gain=50.7669 14.3025 8.05687 11.3807 8.40186 7.98962 7.18579 7.42614 7.1273 6.86054 6.91512 6.6085 7.67768 7.36047
threshold=0.65309022657102689 0.34746472687839575 14.690510901226389 32.225000000000009 872.04478166571528 48.544859951920337 386.38807250218537 8.6525525145846167 1.1000000000000003 25.450000000000003 -4.2928571428571418 -5.5499999999999989 -1.8374999999999997 5.5000000000000009
decision_type=2 2 10 10 2 2 2 10 8 8 10 10 10 8
left_child=1 -1 3 11 -4 -2 8 -8 -7 10 -6 -3 13 -13
right_child=5 2 4 -5 9 6 7 -9 -10 -11 -12 12 -14 -15
leaf_value=-0.012588253889848596 -0.005227967665299111 -0.014751801715619989 0.0078001731684200467 0.016588086662583476 -0.0095102045206251207 0.0044199945861327535 0.024766558751191034 0.0063683907926190249 0.025721042784960475 -0.01512004651275926 0.00916035692698987 0.012633773702078117 -0.0067783094626318536 -0.0049920037160011161
leaf_weight=149.41109320521355 29.025917932391167 60.149287357926369 112.85259254276752 16.450678065419197 25.52327786386013 23.382206097245216 17.483921021223068 251.52602455019951 43.409579262137413 28.575812458992004 38.195586338639259 37.752841532230377 231.46176704764366 38.50432001054287
leaf_count=676 129 244 463 67 104 112 89 1247 225 117 157 155 947 157
internal_value=6.4361e-05 -0.00445216 -0.00230138 -0.00484204 0.00246021 0.00914809 0.0104492 0.00799426 0.0190912 -0.00413449 0.00153385 -0.00600996 -0.00409267 0.00397449
internal_weight=1103.7 738.877 589.466 384.319 205.147 364.828 335.802 269.01 66.7918 92.2947 63.7189 367.868 307.719 76.2572
internal_count=4889 3087 2411 1570 841 1802 1673 1336 337 378 261 1503 1259 312
is_linear=0
shrinkage=0.03


Tree=50
num_leaves=15
num_cat=0
split_feature=2 2 2 25 11 14 21 21 7 19 42 14 25 11
split_gain=41.3826 11.5667 7.28392 6.36438 6.27162 5.33023 7.80164 9.96315 5.28099 10.2236 11.3653 6.81605 6.65868 6.75575
threshold=0.50752399105869961 0.82461063744049479 0.34746472687839575 -9.4722222222222197 13.700000000000001 20.300000000000001 15.856649498974656 11.585910984179597 0.03602684393180889 4.5500000000000007 7.5000000000000009 18.900000000000002 2.6770833333333335 24.675000000000004
decision_type=2 2 2 8 10 8 10 8 2 10 8 10 8 10
left_child=2 4 3 -1 -2 6 7 -4 9 10 12 -12 13 -6
right_child=1 -3 5 -5 8 -7 -8 -9 -10 -11 11 -13 -14 -15
leaf_value=-0.00301057705761687 -0.01043768575467029 0.017365896697937186 -0.0075192390095872108 -0.016868761164175034 0.0062024669191128997 -0.0082483957921459308 -0.012466600672541057 0.012355401827933392 0.00013027898374032496 0.014288297960331573 -0.013898980097886237 0.0010528673567887841 0.013573131379522513 -0.011399376614678536
leaf_weight=44.337719678878784 25.165343806147575 50.15068644285202 32.932782962918282 105.21430903673172 75.875281110405922 149.54141822457314 26.928564637899399 53.253073483705521 240.62981145083904 91.230253219604492 38.359615504741669 73.008999198675156 81.902587443590164 21.020894154906273
leaf_count=199 103 299 133 481 330 610 109 215 1071 406 167 328 374 93
internal_value=-0.000297953 0.00414879 -0.0077802 -0.0129905 0.00299932 -0.00462626 0.000308801 0.00476515 0.00362184 0.00579452 0.00292723 -0.00447304 0.00753294 0.00201189
internal_weight=1109.55 697.343 412.208 149.552 647.193 262.656 113.114 86.1859 622.027 381.398 290.167 111.369 178.799 96.8962
internal_count=4918 3171 1747 680 2872 1067 457 348 2769 1698 1292 495 797 423
is_linear=0
shrinkage=0.03


Tree=51
num_leaves=15
num_cat=0
split_feature=2 2 12 2 25 20 42 3 22 2 13 22 26 41
split_gain=35.5628 12.239 10.787 7.88697 8.16167 7.6729 7.30422 6.7785 6.89892 6.70367 5.94802 5.50069 5.47934 5.20089
threshold=0.53116394179295334 0.73644206022465275 28.450000000000003 0.34247558159398611 -9.4722222222222197 15.290883250587308 2.5000000000000004 0.024485630696073794 0.58012820512820518 0.58303991069968963 27.300000000000001 0.73030303030303034 -7.0690476190476179 85.500000000000014
decision_type=2 2 10 2 8 10 8 2 8 2 10 10 10 8
left_child=3 2 7 4 10 6 -3 8 12 -10 -1 -11 -2 -9
right_child=1 5 -4 -5 -6 -7 -8 13 9 11 -12 -13 -14 -15
leaf_value=0.0088730289136649317 0.0038217855353867708 -0.0048871127580329098 0.014237696710667769 -0.0037682038379056614 -0.017162798018152899 0.019254953329420173 0.010707482799706108 0.0038448874597463364 -0.013096342856213087 0.015295375087239681 -0.010801021580701044 -0.0037083514016695469 -0.014759398311493976 -0.010593718650690464
leaf_weight=21.254208385944366 15.974582150578497 35.526472017168999 50.657057106494904 298.30896091461182 95.516901582479477 60.377989381551743 83.008587807416916 281.13862018287182 14.418882042169569 27.566987067461014 24.371478706598282 20.893048584461212 60.768435940146446 19.574445426464081
leaf_count=95 67 193 213 1212 440 332 454 1207 58 119 110 90 252 82
internal_value=-5.3588e-05 0.00428601 0.00179339 -0.00664272 -0.0123813 0.0108918 0.00602495 0.000217996 -0.00513584 0.00217722 -0.00166492 0.00752158 -0.0108944 0.00274714
internal_weight=1109.36 669.905 490.992 439.452 141.143 178.913 118.535 440.335 139.622 62.8789 45.6257 48.46 76.743 300.713
internal_count=4924 3067 2088 1857 645 979 647 1875 586 267 205 209 319 1289
is_linear=0
shrinkage=0.03


Tree=52
num_leaves=15
num_cat=0
split_feature=2 2 39 17 17 17 24 21 7 10 21 21 24 20
split_gain=38.8126 12.1165 8.10371 7.67029 7.85286 7.65612 7.41732 7.06346 6.66255 6.93057 6.32205 6.03894 5.95575 5.62971
threshold=0.46260348075676794 0.71263570861201753 386.38807250218537 -5.1624999999999988 -3.149999999999999 5.4083333333333341 0.16042250233426705 10.814085269762503 0.71048102998130169 1.2000000000000008 13.69793169333842 14.45337330867782 0.29289215686274511 15.32644772933377
decision_type=2 2 2 8 10 8 10 8 2 10 10 10 8 10
left_child=-1 3 -3 -2 -5 7 8 -4 9 13 -7 12 -9 -6
right_child=1 2 5 4 6 10 -8 11 -10 -11 -12 -13 -14 -15
leaf_value=-0.0086589507225791739 0.007077565112942376 0.019672565523441928 0.013665140079871817 -0.011645576568125145 -0.0057157599308288827 0.020086530501646462 -0.0066750494041997489 -0.017835378784574904 -0.0044224142808385629 0.011151841881875428 0.003429110338035514 0.0046072368827099718 0.0029017659221516204 0.01084356004180281
leaf_weight=349.67207928001881 124.48901069164276 45.577105358242989 23.648018151521683 51.923282608389854 55.078236281871796 41.852461218833923 92.023716762661934 28.5158561617136 71.786555618047714 100.34261293709278 40.873479530215263 42.075708791613579 17.879576444625854 21.700130745768547
leaf_count=1502 517 247 125 214 226 233 391 141 296 422 219 215 95 90
internal_value=-0.00046157 0.00335309 0.00884346 0.000741348 -0.00133021 0.00588155 0.000386423 0.000657376 0.00307716 0.00615468 0.0125209 -0.00336455 -0.010339 -0.000658711
internal_weight=1107.44 757.766 240.422 517.344 392.855 194.845 340.931 112.119 248.908 177.121 82.7259 88.4711 46.3954 76.7784
internal_count=4933 3431 1275 2156 1639 1028 1425 576 1034 738 452 451 236 316
is_linear=0
shrinkage=0.03


Tree=53
num_leaves=15
num_cat=0
split_feature=2 2 19 2 21 39 21 16 24 18 35 9 2 14
split_gain=35.2783 16.6867 8.12289 6.0954 8.6756 9.87179 7.01119 6.63786 6.38907 6.30385 5.38471 5.37895 5.12202 10.1303
threshold=0.52462618965897123 0.82461063744049479 4.9500000000000011 0.60354989587501329 14.095310488874579 1430.4664087954113 11.043348928452618 -0.54999999999999993 -0.23669467787114845 -0.72499999999999987 1.0000000180025095e-35 -5.4999999999999991 0.3932699410786521 19.900000000000002
decision_type=2 2 10 2 8 2 10 10 10 10 2 10 2 10
left_child=10 2 3 6 7 -6 -2 -5 -8 -9 11 -1 -12 -14
right_child=1 -3 -4 4 5 -7 8 9 -10 -11 12 -13 13 -15
leaf_value=0.0066163073165743727 -0.016643473587835411 0.019881923842100538 0.0089792223412290349 0.011204603565219361 -0.0068336300980130727 0.010226502989519437 -0.013458073263656143 0.0091042859027440463 0.0035873636123719874 -0.0055595174454763814 -0.01539846751719392 -0.0056324502539736917 0.0091512110914113778 -0.012955800813831343
leaf_weight=32.843695521354675 28.224221006035805 50.52534294128418 138.29517881572247 118.8917434066534 117.0750028192997 35.910429671406746 21.254844501614571 40.961749941110611 75.4933190792799 57.007987797260284 94.923841118812561 241.69473975896835 26.584621161222458 41.647667303681374
leaf_count=135 114 309 618 559 533 165 86 186 306 262 420 1026 107 169
internal_value=-0.000154479 0.00409374 0.00268786 0.00085727 0.00279055 -0.00263217 -0.00475137 0.00658912 -0.000634712 0.000715884 -0.00676111 -0.00407497 -0.0110254 -0.00430576
internal_weight=1121.33 683.64 633.114 494.819 369.847 152.985 124.972 216.861 96.7482 97.9697 437.695 274.538 163.156 68.2323
internal_count=4995 3138 2829 2211 1705 698 506 1007 392 448 1857 1161 696 276
is_linear=0
shrinkage=0.03


Tree=54
num_leaves=15
num_cat=0
split_feature=0 0 10 0 22 21 39 0 25 23 24 39 18 18
split_gain=35.7397 13.8806 7.63606 7.26239 6.40685 5.74579 11.0879 5.67573 8.54747 5.82311 8.33574 5.5303 7.10301 5.39421
threshold=1.7500000000000002 12.250000000000002 21.100000000000005 6.7500000000000009 0.87083333333333346 14.725072953023455 1039.7593484223867 -4.2499999999999991 -9.4722222222222197 0.72902097902097907 -0.33030303030303021 264.92857962598447 2.6500000000000008 1.9500000000000002
decision_type=2 2 8 2 8 8 2 2 10 10 8 2 10 8
left_child=7 2 3 4 5 -2 -7 8 -1 10 -9 -12 -13 -11
right_child=1 -3 -4 -5 -6 6 -8 9 -10 13 11 12 -14 -15
leaf_value=-0.0017586373681862575 0.0022888162659772467 0.020482904523593429 -0.014586642409037051 0.0085719813243610755 0.0091958219403423368 -0.012216647925253997 0.0058458938274759302 0.0062127454027247151 -0.017040842298843985 -0.003686749179072967 -0.019474697939768904 -0.0021064933420834159 -0.01428994855196414 0.011427807176789396
leaf_weight=51.653337433934212 235.97495946288109 37.494162559509277 17.33785617351532 165.10201928019524 70.054587826132774 77.087866008281708 44.936217203736305 34.492972329258919 92.450929939746857 49.796612232923508 33.872331157326698 121.08851723372936 63.735853388905525 30.015439733862877
leaf_count=234 1004 234 88 870 300 321 189 141 432 202 138 492 260 122
internal_value=-0.000697423 0.00387986 0.00270205 0.00332511 0.00122576 -0.000439035 -0.00559671 -0.00688988 -0.0118057 -0.00461943 -0.00681477 -0.00896242 -0.00657364 0.00233609
internal_weight=1125.09 647.988 610.494 593.156 428.054 357.999 122.024 477.106 144.104 333.002 253.19 218.697 184.824 79.8121
internal_count=5027 3006 2772 2684 1814 1514 510 2021 666 1355 1031 890 752 324
is_linear=0
shrinkage=0.03


Tree=55
num_leaves=15
num_cat=0
split_feature=0 0 23 1 17 3 12 25 19 17 17 15 3 13
split_gain=25.3358 12.2338 7.73198 6.10894 8.67808 7.49433 6.46734 12.4231 7.34525 9.2616 5.65165 5.64689 5.44987 5.2833
threshold=6.2500000000000009 -2.7499999999999996 0.55718954248366026 44.750000000000007 -4.6499999999999986 0.02436430455320571 19.700000000000006 -6.9687499999999991 0.35000000000000003 -4.5499999999999989 -8.5499999999999989 3.6500000000000008 0.024352169935721871 25.700000000000006
decision_type=2 2 10 2 8 2 10 8 10 10 10 10 2 8
left_child=1 12 13 5 10 -3 7 -7 9 -8 -5 -4 -1 -2
right_child=2 3 11 4 -6 6 8 -9 -10 -11 -12 -13 -14 -15
leaf_value=-0.00072361032187827769 0.013546092356587575 -0.0034893740918099936 0.0069218612666974485 -0.0037070844657988737 -0.0068603756123821356 -0.0065677123212267135 0.0059982882444539832 0.01687607969051598 0.0068556720507622721 -0.018237633857282592 0.013467434867409065 -0.0113439415200766 -0.0098367713160903217 0.00011979340931930189
leaf_weight=82.637259349226952 155.49805212020874 111.9087777286768 28.185934633016586 28.299807026982307 174.11391600966454 23.985679611563683 22.606671869754791 77.510315388441086 75.403622642159462 26.108208119869232 33.192294865846634 23.279509678483009 209.62952262163162 31.672635853290558
leaf_count=358 858 460 140 117 723 98 94 327 314 108 138 119 920 160
internal_value=1.66628e-05 -0.00237701 0.00856778 0.000182891 -0.00348238 0.0027549 0.00586067 0.0112876 0.00115765 -0.00747926 0.005879 -0.00161325 -0.00731557 0.0113364
internal_weight=1104.03 865.396 238.636 573.129 235.606 337.523 225.614 101.496 124.119 48.7149 61.4921 51.4654 292.267 187.171
internal_count=4934 3657 1277 2379 978 1401 941 425 516 202 255 259 1278 1018
is_linear=0
shrinkage=0.03


Tree=56
num_leaves=15
num_cat=0
split_feature=0 4 3 7 18 20 7 1 14 17 39 41 21 39
split_gain=27.3149 10.6397 8.71071 8.80635 7.95493 7.52953 6.249 10.689 11.1037 8.00143 6.03955 7.85164 7.41129 5.95318
threshold=3.2500000000000004 261.49051116978779 0.027843521517187057 -1.6440664003647767 11.950000000000001 15.32644772933377 -0.34955902365552921 47.250000000000007 17.100000000000005 11.550000000000002 1498.7265836129675 51.500000000000007 12.842853609774876 935.22570463084014
decision_type=2 2 2 2 10 10 2 2 10 10 2 8 10 2
left_child=2 5 4 -4 10 6 7 8 -2 -8 -1 -12 -13 -5
right_child=1 -3 3 13 -6 -7 9 -9 -10 -11 11 12 -14 -15
leaf_value=-0.0046892743079940654 -0.010081539170967203 0.016990449313750541 0.0073472070876302187 -0.0073753046736339681 0.015496299567991308 0.0096148948572263079 -0.0010224494082623271 -0.0088107815110011062 0.012102099485427023 -0.022639451149736721 0.018369425853232726 -0.0098433012223278354 0.0067225690211357714 -0.024501212750370292
leaf_weight=429.906429708004 20.61130864918232 58.932565629482269 14.713091745972632 45.282596424221992 16.588657796382904 127.26234546303749 92.893115684390068 38.080676287412643 111.60508069396019 13.606016695499418 19.008791625499725 40.013429865241051 47.906714215874672 35.119111120700836
leaf_count=1796 95 360 62 198 69 609 418 177 539 61 79 165 200 154
internal_value=4.45898e-05 0.00557703 -0.00391746 -0.0120759 -0.00241973 0.00372504 0.000894511 0.00441188 0.00840253 -0.00467556 -0.00311124 0.00315929 -0.000940719 -0.0158523
internal_weight=1111.53 462.991 648.539 95.1148 553.424 404.059 276.796 170.297 132.216 106.499 536.835 106.929 87.9201 80.4017
internal_count=4982 2259 2723 414 2309 1899 1290 811 634 479 2240 444 365 352
is_linear=0
shrinkage=0.03


Tree=57
num_leaves=15
num_cat=0
split_feature=2 2 15 2 14 19 42 3 19 19 23 0 15 12
split_gain=30.2295 9.75575 7.83494 5.74813 6.78954 9.25535 10.0541 6.75894 5.84505 8.5188 7.61407 5.78335 5.66159 5.67196
threshold=0.60354989587501329 0.82461063744049479 9.9500000000000011 0.34746472687839575 20.300000000000001 5.3500000000000005 10.500000000000002 0.023598441959634679 -1.0499999999999998 -6.5499999999999989 0.8377192982456142 1.7500000000000002 -6.1499999999999995 20.450000000000003
decision_type=2 2 10 2 8 10 8 2 10 10 10 2 8 10
left_child=3 2 -2 -1 8 7 11 -6 9 -5 -10 -7 -9 -14
right_child=1 -3 -4 4 5 6 -8 12 10 -11 -12 -13 13 -15
leaf_value=-0.0089280807631907256 0.0055906221970816444 0.018530676570943393 -0.0098394645973955645 0.0084878881469856553 -0.022478985032352107 -0.0087943396609948613 0.01865468352468623 0.0056015083030334627 0.013924135332118797 -0.0079251615856607682 -0.0079453315658010483 0.010542764287451305 -0.0007429066014488986 -0.013372724171623626
leaf_weight=146.52575932443142 444.22426830232143 46.169129744172096 27.213377296924591 40.291323140263557 23.473966524004936 43.558783814311028 21.387322992086411 26.930542722344398 53.72123047709465 72.067760169506073 15.321670874953268 14.80412372946739 51.803025797009468 81.417599692940712
leaf_count=682 2060 293 131 164 95 178 87 110 218 292 62 60 210 332
internal_value=0.000749278 0.00601347 0.00460602 -0.0038706 -0.00212375 -0.00516087 0.00323297 -0.00879546 0.00230595 -0.00192867 0.00886216 -0.00344448 -0.00616998 -0.00866613
internal_weight=1108.91 517.607 471.438 591.303 444.777 263.375 79.7502 183.625 181.402 112.359 69.0429 58.3629 160.151 133.221
internal_count=4974 2484 2191 2490 1808 1072 325 747 736 456 280 238 652 542
is_linear=0
shrinkage=0.03


Tree=58
num_leaves=15
num_cat=0
split_feature=2 5 11 3 21 5 27 24 2 22 25 3 3 21
split_gain=31.1329 12.6665 8.39491 7.31184 6.28127 5.74651 5.39061 5.91264 5.29941 5.09939 5.9209 7.79592 7.53943 5.50156
threshold=0.46260348075676794 0.81835768202939896 13.700000000000001 0.027843521517187057 8.3563011450751237 0.79720125317162027 10.500000000000002 -0.34807692307692301 0.74087741323255141 0.87867647058823539 11.591666666666669 0.028867505050916623 0.025177278803792173 15.115297594751917
decision_type=2 2 10 2 8 2 2 10 2 10 10 2 2 8
left_child=3 2 -2 6 -4 9 7 -1 -3 10 11 12 -6 -13
right_child=1 8 4 -5 5 -7 -8 -9 -10 -11 -12 13 -14 -15
leaf_value=-0.0071986596415921219 -0.012282741016675881 -0.001611925442655859 0.014570755893302869 -0.016318033814919065 0.0023642973704963589 -0.010807881613096534 -0.0095744817950454281 0.004157055348871474 0.020198112259376708 0.011065254494959334 -0.015154632301650643 0.0045427089524375476 -0.0085616307158241419 0.02201780166103429
leaf_weight=75.172309100627899 30.033072024583817 11.555893331766127 33.616430312395096 64.404458746314049 400.93119969964027 24.943906262516975 133.60035482048988 80.342990934848785 46.905690670013428 54.135482385754585 13.106945455074309 47.780127510428429 61.136462986469269 22.683342218399048
leaf_count=324 123 55 153 291 1761 127 579 337 306 244 62 221 258 104
internal_value=-0.000206937 0.00326297 0.00206454 -0.00748055 0.00280671 0.00206301 -0.00526794 -0.00138527 0.0160997 0.00268322 0.00175867 0.00231205 0.000842503 0.0112543
internal_weight=1100.35 746.829 688.367 353.52 658.334 624.717 289.116 155.515 58.4616 599.774 545.638 532.531 462.068 70.4635
internal_count=4945 3414 3053 1531 2930 2777 1240 661 361 2650 2406 2344 2019 325
is_linear=0
shrinkage=0.03


Tree=59
num_leaves=15
num_cat=0
split_feature=2 13 6 21 39 2 39 22 26 3 12 2 42 17
split_gain=24.989 9.93004 5.2491 6.85951 5.62328 5.90438 5.61758 6.97941 7.20898 4.7633 4.60343 4.39544 5.82855 6.17407
threshold=0.64958700485298826 28.700000000000006 2.3665160563036989 10.493383678313343 386.38807250218537 0.68014556601683773 825.81237715233863 0.5590277777777779 0.48333333333333339 0.024148248291577471 18.100000000000005 0.34746472687839575 6.5000000000000009 -7.6499999999999986
decision_type=2 8 2 10 2 2 2 10 10 2 10 2 8 10
left_child=1 11 -2 -4 -5 -6 7 -7 10 -3 -9 12 -1 -14
right_child=2 9 3 4 5 6 -8 8 -10 -11 -12 -13 13 -15
leaf_value=-0.012906109437665415 -0.0031731266670099612 0.002787136133235002 0.016175628084499846 0.013974617026054422 0.014011014108126756 -0.015600126784325858 0.0051256377335820906 -0.0023838747923533268 -0.013141067716948578 -0.014232412370399204 0.018636143396917257 -0.00034581906773323821 0.012377908381533109 -0.0068865122893660017
leaf_weight=58.845852762460709 42.12480828166008 15.97281067073345 65.450744330883026 50.608671024441719 32.468614161014557 28.814679652452469 109.92340941727161 14.735402643680574 13.71686179935932 84.370468288660049 16.691631525754929 514.06135495007038 19.155028402805328 34.406822353601456
leaf_count=276 189 67 347 264 142 142 573 84 66 363 91 2110 89 161
internal_value=0.000249042 -0.00299174 0.00649458 0.00774859 0.00542312 0.00315227 0.000914775 -0.00527202 0.00221846 -0.0115195 0.00980595 -0.00154543 -0.0067831 0.000471521
internal_weight=1101.35 726.812 374.535 332.41 266.959 216.351 183.882 73.9586 45.1439 100.343 31.427 626.469 112.408 53.5619
internal_count=4964 3066 1898 1709 1362 1098 956 383 241 430 175 2636 526 250
is_linear=0
shrinkage=0.03


Tree=60
num_leaves=15
num_cat=0
split_feature=0 10 3 3 41 20 39 20 41 1 39 39 20 3
split_gain=16.3271 9.39523 6.7276 5.79115 5.52926 9.01105 9.21308 7.79077 7.72566 7.31486 7.28116 6.70998 8.26584 6.30265
threshold=-2.7499999999999996 9.9000000000000021 0.027843521517187057 0.025749025240627391 72.500000000000014 14.542084459744581 1010.6699654872941 11.923832344417532 46.500000000000007 42.250000000000007 2039.9203311838451 1026.8541685057055 16.424405937385671 0.024606802362303396
decision_type=2 10 2 2 10 10 2 8 10 2 2 2 10 2
left_child=2 4 3 -1 5 6 7 -2 9 -9 -8 -7 -13 -12
right_child=1 -3 -4 -5 -6 11 10 8 -10 -11 13 12 -14 -15
leaf_value=-0.0051291687696772342 0.00053474427782248548 0.0086322816829661371 -0.014864026885770125 0.0099354701192500127 -0.0056429404585751483 0.010528395088326991 0.0095846658440014113 -0.01254465034667534 -0.015814776415293868 0.012124330244634964 0.0084243065408722163 0.0096244529728437955 -0.010063136217338547 -0.014829255703714699
leaf_weight=206.72656884789467 121.70229463279247 161.4659341275692 56.572590053081512 21.103084042668343 101.00586107373238 135.25784784555435 91.531940788030624 14.555264413356779 70.559933587908745 19.270190075039864 13.371205240488051 31.001839205622673 36.1573795825243 21.049303352832794
leaf_count=905 527 854 262 91 431 597 399 62 306 85 58 137 158 92
internal_value=0.000109728 0.00226692 -0.00601879 -0.00355038 0.000645405 0.00183115 -0.00107709 -0.00466604 -0.0104769 0.00126066 0.00529734 0.00679315 -0.000937847 -0.00587327
internal_weight=1101.33 816.929 284.402 227.83 655.463 554.457 352.04 226.088 104.385 33.8255 125.952 202.417 67.1592 34.4205
internal_count=4964 3706 1258 996 2852 2421 1529 980 453 147 549 892 295 150
is_linear=0
shrinkage=0.03


Tree=61
num_leaves=15
num_cat=0
split_feature=2 4 18 19 1 25 16 16 25 25 2 21 16 12
split_gain=23.4373 9.09088 8.69252 6.91275 6.67008 6.21327 5.62757 11.949 5.57938 5.49094 5.39259 7.07059 7.13335 7.06398
threshold=0.50752399105869961 261.49051116978779 9.2500000000000018 4.6333333333333337 48.250000000000007 -7.5916666666666659 2.0500000000000003 2.7500000000000004 -3.5634920634920628 1.7596153846153848 0.6005328874407061 13.734991772020303 -7.6499999999999995 18.450000000000003
decision_type=2 2 10 10 2 8 8 8 8 10 2 10 10 10
left_child=2 3 4 5 -1 -2 10 -8 -9 -10 13 -12 -13 -7
right_child=1 -3 -4 -5 -6 6 7 8 9 -11 11 12 -14 -15
leaf_value=-0.0027130101784348035 -0.010535435522311938 0.014342640260801905 -0.020650243121315963 0.0076828028604502153 -0.013254090783753046 0.0082361109309303515 -0.021017936867313756 0.015650989364348517 -0.0091738395460806022 0.0031973311855921318 0.010452171269482592 -0.014504127142799134 0.0040681480174362085 -0.010380007631211711
leaf_weight=319.91046799719334 38.412116542458534 54.341233238577843 28.542668163776398 144.61170630156994 61.131097316741943 25.150322809815407 22.855408489704132 14.020715638995169 48.445653960108757 77.186059951782227 129.25271725654602 19.219780892133713 75.409689396619797 42.886524006724358
leaf_count=1377 162 341 123 650 267 102 100 60 208 344 617 91 348 173
internal_value=-0.00026433 0.00309735 -0.00591112 0.00203455 -0.0045539 0.000316692 0.00133868 -0.00307625 0.000485075 -0.00174173 0.00380684 0.00602521 -0.000242581 -0.00340569
internal_weight=1101.38 691.792 409.584 637.451 381.042 492.839 454.427 162.508 139.652 125.632 291.919 223.882 94.6295 68.0368
internal_count=4963 3196 1767 2855 1644 2205 2043 712 612 552 1331 1056 439 275
is_linear=0
shrinkage=0.03


Tree=62
num_leaves=15
num_cat=0
split_feature=2 2 27 16 10 18 24 24 8 20 12 27 8 27
split_gain=21.8001 8.62723 6.92674 6.25145 6.09296 5.90866 8.12334 5.43169 5.17028 5.14184 6.54174 4.7267 6.85148 4.54382
threshold=0.71263570861201753 0.46260348075676794 10.500000000000002 2.0500000000000003 2.2000000000000011 -0.44999999999999996 0.11904761904761907 0.16605392156862747 1.7000000000000004 12.321841490903726 19.500000000000004 9.5000000000000018 -1.2999999999999996 6.5000000000000009
decision_type=2 2 2 10 10 10 10 10 10 10 8 2 10 2
left_child=1 2 9 8 -5 6 -3 -6 11 -1 -11 -2 -13 -12
right_child=3 5 -4 4 7 -7 -8 -9 -10 10 13 12 -14 -15
leaf_value=0.0040139694049170773 0.011643435418835203 0.00076218290659570598 -0.0096888906844143207 0.0092665267257045578 -0.020961373561895751 0.0036500860172484326 -0.011209195696360036 0.0024777254892544634 0.015328637340472635 0.0090321388423902343 -0.013630416736015491 0.0078159883173538926 -0.01595906672021636 0.00040621366600169574
leaf_weight=85.324357241392136 33.543755784630775 175.83568759262562 166.05934804677963 26.467669829726219 12.163968592882158 280.74560149013996 66.53911529481411 16.543255850672722 105.65689992904663 18.246448457241058 57.446449249982834 19.350676268339157 15.042784303426741 30.665319293737411
leaf_count=366 175 730 733 134 61 1175 284 94 616 77 248 102 81 135
internal_value=0.000410944 -0.00174136 -0.00529725 0.00855826 -0.000246051 0.000717507 -0.00268445 -0.0090901 0.0112852 -0.00134307 -0.00562795 0.00437695 -0.00328835 -0.0089858
internal_weight=1109.63 880.862 357.742 228.769 55.1749 523.12 242.375 28.7072 173.594 191.683 106.358 67.9372 34.3935 88.1118
internal_count=5011 3748 1559 1263 289 2189 1014 155 974 826 460 358 183 383
is_linear=0
shrinkage=0.03


Tree=63
num_leaves=15
num_cat=0
split_feature=2 0 41 14 20 39 0 0 42 25 13 26 41 20
split_gain=21.7154 8.51785 7.36551 5.77455 5.67475 6.46025 5.90274 5.35511 5.4802 10.4426 5.80076 5.06753 6.40397 5.52274
threshold=0.71263570861201753 -5.2499999999999991 75.500000000000014 15.900000000000002 14.87447472320064 2039.9203311838451 8.2500000000000018 12.750000000000002 4.5000000000000009 7.2678571428571432 21.900000000000002 9.2613636363636385 60.500000000000007 9.9322705382298846
decision_type=2 2 8 10 8 2 2 2 10 8 10 10 8 8
left_child=1 2 3 -1 5 7 -6 8 9 10 -2 13 -13 -3
right_child=4 11 -4 -5 6 -7 -8 -9 -10 -11 -12 12 -14 -15
leaf_value=0.001476366753579587 0.016894685511349344 0.0044428331050502014 0.0070639788452233152 -0.016088190336834219 0.0046000930981925561 -0.012685405253186581 0.020831195361349163 0.02003033418370315 0.008961592414648915 -0.021918055432928001 -0.0054005352870917026 -0.0062281582804897956 0.010903383089636972 -0.0030791020106596357
leaf_weight=20.022308319807053 14.774538397789 99.057390868663788 16.977015346288681 79.926416650414467 39.405746251344681 13.590996816754339 45.762763664126396 16.753161460161209 63.487182721495628 13.997783437371252 18.60648050904274 24.668143853545189 57.967988908290863 572.97240348160267
leaf_count=95 77 415 79 385 198 75 277 113 344 74 95 103 240 2393
internal_value=-0.000112514 -0.00226977 -0.00962984 -0.0126669 0.00806282 0.00412998 0.0139929 0.00633151 0.00348641 -0.00400539 0.00538279 -0.00107355 0.00572579 -0.00194574
internal_weight=1097.97 871.592 116.926 99.9487 226.379 141.21 85.1685 127.619 110.866 47.3788 33.381 754.666 82.6361 672.03
internal_count=4963 3710 559 480 1253 778 475 703 590 246 172 3151 343 2808
is_linear=0
shrinkage=0.03


Tree=64
num_leaves=15
num_cat=0
split_feature=2 2 20 20 25 42 14 23 9 23 7 3 12 2
split_gain=22.8577 10.6901 5.80089 7.54771 8.43348 10.4616 5.79985 10.1722 4.47793 3.66207 4.7751 4.44777 5.04034 12.2482
threshold=0.73435478629997786 0.39645010412498688 15.32644772933377 11.95663454998037 5.7238095238095248 9.5000000000000018 24.900000000000002 0.44097222222222227 15.900000000000002 0.12916666666666668 1.9837629215474772 0.017853837271753051 26.300000000000001 0.52126010624211372
decision_type=2 2 10 10 8 8 8 8 10 8 2 2 8 2
left_child=1 6 3 -2 -5 -6 8 -8 -1 10 -3 -11 -13 -14
right_child=2 9 -4 4 5 -7 7 -9 -10 11 -12 12 13 -15
leaf_value=-0.011463549457495848 0.013320010756813352 -0.014119791580128105 0.017117028233188055 0.0079252102972047905 -0.023544125345712586 0.00813735902431704 -0.016214582693689507 0.010554489411844189 0.0036951577171352727 -0.0094719915735235576 0.0045888232030527913 0.0023482350462891558 -0.014948696154472562 0.0025995589320551853
leaf_weight=175.91547858715057 51.555687949061394 31.711659207940102 53.810759484767914 36.323377057909966 19.232340872287754 12.031088560819624 14.443496868014334 32.382244050502777 17.091253206133842 35.636893197894096 15.467204585671423 450.41479218006134 52.083045482635498 92.823506385087967
leaf_count=794 300 135 316 203 113 71 64 146 78 149 66 1902 211 393
internal_value=-0.000544225 -0.00243992 0.00930325 0.00522688 -0.00143889 -0.0119112 -0.00781359 0.00152979 -0.0100618 -0.000496168 -0.00813434 0.000134426 0.000783583 -0.00399595
internal_weight=1090.92 917.97 172.953 119.142 67.5868 31.2634 239.832 46.8257 193.007 678.137 47.1789 630.958 595.321 144.907
internal_count=4941 3938 1003 687 387 184 1082 210 872 2856 201 2655 2506 604
is_linear=0
shrinkage=0.03


Tree=65
num_leaves=15
num_cat=0
split_feature=0 0 1 18 16 1 12 3 4 10 14 8 8 12
split_gain=17.8659 8.38484 7.37149 6.03705 5.52107 5.34135 9.01782 9.27434 8.49248 5.41576 6.46346 5.18792 5.69556 5.03025
threshold=1.0000000180025095e-35 10.750000000000002 46.250000000000007 -2.6499999999999999 6.8500000000000005 46.750000000000007 20.100000000000005 0.025050890136138374 43.196764335335963 20.900000000000002 25.700000000000006 5.7000000000000002 2.6750000000000003 19.700000000000006
decision_type=2 2 2 10 10 2 10 2 2 8 10 10 8 10
left_child=2 5 -1 -4 -5 9 -7 8 -8 10 13 12 -9 -2
right_child=1 -3 3 4 -6 6 7 11 -10 -11 -12 -13 -14 -15
leaf_value=-0.0029768765471186293 0.0055394077124012271 0.01346792126864532 0.00055117727730069903 -0.019060556107831628 -0.00023406967285795278 -0.016641360115000864 -0.0076683592379463332 -0.010114205529371012 0.011141784124937628 -0.013595623050336458 0.0099999606086327783 -0.019161673077922391 0.01171677387119349 -0.0015266254502754805
leaf_weight=275.89277666807175 155.88393369317055 50.05671626329422 26.525445222854614 70.863258302211761 17.351093128323555 30.601866155862808 26.528681114315987 21.140831753611565 68.32809391617775 12.420084685087202 101.88062843680382 21.262371063232422 13.31737546622753 204.05345478653908
leaf_count=1193 720 332 115 311 77 144 110 90 315 60 463 95 60 890
internal_value=-0.000630956 0.00221723 -0.00573773 -0.0119747 -0.0155687 0.00126251 -0.00306283 0.000142877 0.00576058 0.00292969 0.00351498 -0.00910736 -0.00126142 0.00156754
internal_weight=1096.11 705.474 390.633 114.74 88.2144 655.417 181.179 150.577 94.8568 474.238 461.818 55.7206 34.4582 359.937
internal_count=4975 3279 1696 503 388 2947 814 670 425 2133 2073 245 150 1610
is_linear=0
shrinkage=0.03


Tree=66
num_leaves=15
num_cat=0
split_feature=0 21 27 8 4 22 40 22 21 17 4 21 0 20
split_gain=22.5787 7.0987 7.10117 6.12291 5.93642 5.47905 7.66044 9.09869 7.11328 7.57935 7.06549 6.06856 5.8656 5.82674
threshold=6.2500000000000009 11.138771057323732 9.5000000000000018 3.1000000000000005 119.67508231589478 0.38675213675213682 1.0000000180025095e-35 0.54772727272727284 11.75915703639121 6.6500000000000021 38.384762373296901 9.3689795483701257 2.7500000000000004 12.262181680469135
decision_type=2 10 2 10 2 10 2 10 8 10 2 10 2 8
left_child=3 -2 -3 5 -4 8 -7 -8 11 10 -10 -1 -13 -9
right_child=1 2 4 -5 -6 6 7 13 9 -11 -12 12 -14 -15
leaf_value=0.0020282073371231876 0.016434479401083758 0.010879468023332665 -0.013272568711674947 0.001629008884785606 0.0030365034347514847 -0.010257373717455616 -0.0082282195922878491 -0.0035273814164744044 0.00014830702304547314 -0.014221408318442545 0.01291360052384269 -0.016568358808568086 0.0026688753168999531 0.019019556428010873
leaf_weight=37.361370772123337 57.073115855455399 79.687369599938393 21.300627842545509 212.93924435973167 80.248756885528564 206.12694571912289 43.998823061585426 14.378349736332892 173.00363323092461 20.564562499523163 45.434027105569839 58.348954349756241 16.787009105086327 22.374405175447464
leaf_count=161 328 433 104 899 459 873 188 60 753 87 189 253 71 95
internal_value=-0.00045823 0.00760871 0.00446279 -0.00274766 -0.000846732 -0.00420886 -0.00725126 0.000572831 -0.00165892 0.00128737 0.00303299 -0.00770676 -0.012372 0.0108327
internal_weight=1089.63 238.31 181.237 851.317 101.549 638.378 286.879 80.7516 351.5 239.002 218.438 112.497 75.136 36.7528
internal_count=4953 1324 996 3629 563 2730 1216 343 1514 1029 942 485 324 155
is_linear=0
shrinkage=0.03


Tree=67
num_leaves=15
num_cat=0
split_feature=2 2 2 26 20 25 39 26 22 8 18 16 1 29
split_gain=19.9983 6.52357 5.28277 4.85961 5.2463 5.99476 5.88272 7.12634 7.02219 7.31251 5.12492 4.77402 5.67737 5.99022
threshold=0.64958700485298826 0.82461063744049479 0.24853564228418698 -12.47222222222222 14.690510901226389 10.02777777777778 1000.485997771436 -5.2182539682539675 0.58012820512820518 1.0000000180025095e-35 7.3500000000000005 7.3166666666666673 46.750000000000007 6.5000000000000009
decision_type=2 2 2 8 8 10 2 8 10 10 10 10 2 2
left_child=2 3 -1 -2 5 6 7 -5 9 -9 -6 12 -4 -14
right_child=1 -3 11 4 10 -7 -8 8 -10 -11 -12 -13 13 -15
leaf_value=-0.01248734942015647 -0.0082970622166436327 0.016540349693034674 -0.0011507417572006917 0.01187004081971537 0.01290172619086858 -0.011121610079936926 0.010823632625299819 0.00071051345876110947 0.0029617519389072513 -0.025758081836771033 -0.0037392572819603008 0.0044940955534887523 -0.021453147160406145 -0.0050536854746893334
leaf_weight=41.076171547174454 21.084847033023834 41.254625901579857 450.73858495056629 25.616930693387985 96.234153434634209 21.82096654176712 65.323119521141052 15.935559779405592 42.146274596452713 17.00451272726059 17.61626298725605 85.608986377716064 19.770719692111015 138.12345096468925
leaf_count=199 103 280 1892 130 484 109 318 72 208 80 87 363 83 582
internal_value=0.000214474 0.00591856 -0.00263037 0.00432939 0.0053327 0.00214678 0.00416481 -0.00046223 -0.00514799 -0.0145471 0.0102779 -0.00196204 -0.00289937 -0.00770261
internal_weight=1099.36 364.037 735.318 322.783 301.698 187.847 166.026 100.703 75.0863 32.9401 113.85 694.242 608.633 157.894
internal_count=4990 1871 3119 1591 1488 917 808 490 360 152 571 2920 2557 665
is_linear=0
shrinkage=0.03


Tree=68
num_leaves=15
num_cat=0
split_feature=0 19 4 42 20 24 41 24 41 20 41 35 24 20
split_gain=12.1371 7.52899 7.09763 7.78914 6.35675 4.75124 7.00838 5.23657 4.44655 5.68929 4.39629 7.14844 10.4869 6.28091
threshold=-2.7499999999999996 11.050000000000002 261.49051116978779 2.5000000000000004 18.604808190266084 -0.094402673350041752 75.500000000000014 -0.21428571428571427 67.500000000000014 10.157919642517044 75.500000000000014 1.0000000180025095e-35 -0.033333333333333333 14.958460983798004
decision_type=2 10 2 8 8 10 8 10 10 10 10 2 8 10
left_child=4 2 10 -4 5 6 7 8 9 -1 13 12 -12 -2
right_child=1 -3 3 -5 -6 -7 -8 -9 -10 -11 11 -13 -14 -15
leaf_value=0.00869266681422445 -0.0013987135478658586 0.014227993826893935 -0.0067425690338780092 0.017114297640283625 0.0086141171727010246 -0.014876962562457359 0.0064577182529236979 0.0035360456806048908 -0.015585342188903277 -0.0087216495321775327 -0.017004385497203688 -0.018122955577652065 0.0076635782234853707 0.0048881052360221907
leaf_weight=17.788939759135246 412.43137568235397 33.895132973790169 13.972985476255415 39.009250894188881 21.127469927072525 52.33953569829464 36.387641996145248 30.194944098591805 61.006054684519768 65.694106310606003 17.896247640252113 25.5372204631567 43.090153992176056 212.73417180776596
leaf_count=83 1819 155 91 257 92 227 160 134 277 300 74 112 189 964
internal_value=-0.000550103 0.00135008 0.000690532 0.0107837 -0.00581426 -0.00711042 -0.00488485 -0.00736152 -0.00968097 -0.00472941 -0.000130849 -0.00627399 -0.000315125 0.000762404
internal_weight=1083.11 798.567 764.671 52.9822 284.539 263.411 211.072 174.684 144.489 83.483 711.689 86.5236 60.9864 625.166
internal_count=4934 3661 3506 348 1273 1181 954 794 660 383 3158 375 263 2783
is_linear=0
shrinkage=0.03


Tree=69
num_leaves=15
num_cat=0
split_feature=0 17 11 4 3 17 17 26 10 25 8 15 14 10
split_gain=16.9806 8.05836 7.40861 6.91497 8.5407 10.1922 5.99887 5.74277 6.62459 5.62062 5.35941 5.75229 5.33415 5.29127
threshold=6.7500000000000009 2.0500000000000012 19.633333333333336 -14.321680125210035 0.023724692612549506 -13.549999999999999 14.250000000000002 4.8619047619047624 3.5000000000000009 11.414215686274511 12.500000000000002 9.0500000000000025 23.225000000000005 2.6000000000000014
decision_type=2 8 10 2 2 8 10 8 10 10 10 8 10 8
left_child=3 2 -2 13 7 -6 -3 8 -5 10 11 -7 -4 -1
right_child=1 6 12 4 5 9 -8 -9 -10 -11 -12 -13 -14 -15
leaf_value=-0.0054247489258607926 0.015919185213020635 0.017058766367271324 -0.010102004466693744 -0.020943850505096413 0.023369905630281799 0.0026295523962912991 -0.00063751378697969206 0.0042186093552164369 0.0010449238133127556 -0.01072518850795557 0.018219247389506487 -0.012347488287757055 0.0066231400712221319 0.0070212321671517227
leaf_weight=317.97675810754299 18.305983126163483 89.351830378174782 38.746683925390244 31.055503830313683 15.377611160278319 393.60812272131443 20.664294108748436 20.797532647848129 18.046124070882797 26.005768731236458 13.772203311324118 19.576943442225456 23.866283878684044 29.689696833491325
leaf_count=1397 100 540 208 128 65 1669 126 86 75 112 60 82 136 123
internal_value=0.000751582 0.0087449 0.00139979 -0.00101059 0.00111951 0.00259938 0.0138517 -0.00830757 -0.0135127 0.00164679 0.00251579 0.00178078 -0.00370852 -0.00427742
internal_weight=1076.84 190.935 80.919 885.906 538.24 468.341 110.016 69.8992 49.1016 452.963 426.957 413.185 62.613 347.666
internal_count=4907 1110 444 3797 2277 1988 666 289 203 1923 1811 1751 344 1520
is_linear=0
shrinkage=0.03


Tree=70
num_leaves=15
num_cat=0
split_feature=0 2 13 8 20 12 12 13 15 14 4 19 1 41
split_gain=14.7217 6.87232 10.554 7.81889 7.15575 7.05668 7.44526 7.37597 7.25262 6.87339 5.91631 8.62694 5.84266 5.47622
threshold=6.2500000000000009 0.46260348075676794 27.300000000000001 -5.0999999999999988 13.729530217745982 17.500000000000004 21.900000000000002 22.900000000000002 0.95000000000000007 16.300000000000001 261.49051116978779 4.5500000000000007 45.750000000000007 46.500000000000007
decision_type=2 2 10 10 10 8 10 10 10 10 2 8 2 8
left_child=1 2 3 -1 5 -3 -7 13 -9 -5 11 -2 -4 -8
right_child=10 4 12 9 -6 6 7 8 -10 -11 -12 -13 -14 -15
leaf_value=0.0047960784487828872 0.00025820342415732952 0.0067590930972583202 -0.0061550058419547757 0.0060140019273724459 0.0043327726800308532 -0.011816822157707529 0.0073138839884755178 -0.00020912432635146981 0.021917730277972704 -0.0088165884797003647 0.015789347736281777 0.014669187051330849 -0.022166183242742644 -0.009579885048528745
leaf_weight=95.252082899212837 142.92719104886055 52.013629585504532 51.032562121748924 31.716896399855614 226.65537688136101 84.850356221199036 18.336155652999878 37.081281259655952 15.734995469450949 130.13450522720814 45.59858874976635 45.718854054808617 36.953780874609947 70.914607331156731
leaf_count=426 751 219 228 135 952 353 77 153 65 562 316 245 168 295
internal_value=3.01883e-05 -0.00180935 -0.0050405 -0.0018687 0.000423853 -0.00277284 -0.00505636 -0.000754156 0.00770828 -0.00581721 0.00660879 0.00403933 -0.0137099 -0.00590526
internal_weight=1084.92 850.676 345.09 257.103 505.586 278.931 226.917 142.067 52.8163 161.851 234.245 188.646 87.9863 89.2508
internal_count=4945 3633 1519 1123 2114 1162 943 590 218 697 1312 996 396 372
is_linear=0
shrinkage=0.03


Tree=71
num_leaves=15
num_cat=0
split_feature=0 2 43 25 4 21 39 39 26 9 42 25 3 21
split_gain=10.7716 7.0565 5.60226 7.98865 5.59843 5.34232 10.0815 6.20548 6.14969 5.32769 5.16227 6.1404 6.80204 5.79377
threshold=8.7500000000000018 0.34247558159398611 1.0000000180025095e-35 0.92582417582417598 66.419065660307993 15.115297594751917 1430.4664087954113 1875.5260102202592 2.8660714285714293 0.50000000000000011 13.500000000000002 -0.85164835164835151 0.024534232937897919 13.812232692568786
decision_type=2 2 2 10 2 10 2 2 8 8 8 8 2 10
left_child=1 10 5 4 -4 -3 -7 -8 -9 -2 11 12 13 -1
right_child=9 2 3 -5 -6 6 7 8 -10 -11 -12 -13 -14 -15
leaf_value=-0.0078577201777091793 0.011555783591435121 0.0022143177297018288 -0.0071854304000331 -0.01833825439354634 0.0097522701668992604 -0.0063682764495510448 0.018641903538351073 0.01126424524571284 -0.012205058316487801 -0.0047599596397349163 0.0051732104030397892 -0.023045203887859137 -0.011873955985036627 0.014148973109899994
leaf_weight=15.678436338901518 85.98730543255806 514.89791837334633 40.122788712382317 31.111522525548935 23.772955626249313 188.37956407666206 21.535087496042252 14.352477371692656 15.939542606472971 19.494084343314171 20.69302673637867 21.529943019151688 58.956439003348351 18.199611380696297
leaf_count=75 559 2226 166 137 102 801 94 63 67 115 99 105 287 87
internal_value=-0.00042561 -0.00141507 -0.000384786 -0.00705796 -0.000633203 0.000495737 -0.00315818 0.00804347 -0.00106475 0.0084615 -0.00765488 -0.0100955 -0.00606791 0.00426373
internal_weight=1090.65 985.169 850.112 95.0073 63.8957 755.105 240.207 51.8271 30.292 105.481 135.057 114.364 92.8345 33.878
internal_count=4983 4309 3656 405 268 3251 1025 224 130 674 653 554 449 162
is_linear=0
shrinkage=0.03


Tree=72
num_leaves=15
num_cat=0
split_feature=2 3 8 20 5 17 17 41 39 8 42 13 25 14
split_gain=16.2005 6.09498 10.0167 6.06827 5.58999 5.62307 8.34994 6.83286 5.61389 5.52998 5.2886 5.11341 5.27207 5.80027
threshold=0.50752399105869961 0.024148248291577471 4.7000000000000002 15.513435037626801 0.86918420871450297 -5.1624999999999988 1.0000000180025095e-35 43.500000000000007 275.5593959411222 -5.8999999999999995 11.500000000000002 26.700000000000006 -13.422619047619046 24.900000000000002
decision_type=2 2 10 8 2 8 10 8 2 10 8 10 10 10
left_child=1 3 11 10 5 -2 7 -7 -9 -8 -1 -3 -13 -14
right_child=4 2 -4 -5 -6 6 9 8 -10 -11 -12 12 13 -15
leaf_value=-0.0072401191340209312 0.0082649703428791729 -0.0047037707807306029 0.0087802451515672699 0.013955444864793737 0.018112376349683736 0.0090029253366660268 -0.0089976208047808908 0.0076201347568731655 -0.0092811295959137376 0.0049097067557906295 0.010994499990156196 -0.00019367473279639682 -0.021674675185587928 -0.0026817026262434011
leaf_weight=46.900124683976173 135.6509106606245 189.28339271247387 32.843713492155075 24.979934990406036 17.828033998608589 24.898604229092598 23.21193440258503 16.850770980119705 115.6049378067255 348.53779110312462 14.914279863238333 21.982175886631012 54.058368116617203 21.228858053684235
leaf_count=202 596 828 136 106 127 115 99 73 516 1682 63 99 243 94
internal_value=0.000638659 -0.00407513 -0.00597177 0.0028495 0.00345297 0.00292754 0.00149457 -0.00421097 -0.00693201 0.00393345 -0.00234703 -0.00778418 -0.0132555 -0.0168197
internal_weight=1088.77 406.191 319.397 86.7943 682.583 664.755 529.104 157.354 132.456 371.75 61.8144 286.553 97.2694 75.2872
internal_count=4979 1771 1400 371 3208 3081 2485 704 589 1781 265 1264 436 337
is_linear=0
shrinkage=0.03


Tree=73
num_leaves=15
num_cat=0
split_feature=2 13 18 1 21 1 26 23 39 26 15 5 8 15
split_gain=14.145 6.89751 5.78154 6.79161 5.65144 5.22518 5.2056 5.14373 4.76658 4.15209 4.11887 4.56123 4.00993 5.36957
threshold=0.7047346420713424 28.300000000000001 -7.5499999999999989 47.250000000000007 11.138771057323732 50.750000000000007 -5.1483516483516478 0.6858552631578948 415.26458811860863 6.2426470588235299 -3.1499999999999999 0.66074436789306956 11.500000000000002 7.3500000000000005
decision_type=2 10 8 2 10 2 10 10 2 10 10 2 10 8
left_child=1 2 -1 12 -2 10 -6 -7 -8 -10 -5 -12 13 -4
right_child=4 -3 3 5 6 7 8 -9 9 -11 11 -13 -14 -15
leaf_value=-0.0094779786145297862 0.013321533471069992 -0.0087413298426674124 0.0016788364962673059 0.0019086959310181341 0.0085179223129509905 0.010782235481860403 0.0099933958664139792 -0.006899242129275244 -0.0074523322649731119 0.0084960835936340427 -0.016485526221186594 0.0018067378050530256 0.012944902215937875 -0.0099605422999776948
leaf_weight=62.489685907959938 61.813520431518555 121.45380805432796 449.2638086527586 19.492263406515121 81.297962009906769 23.872750341892242 21.205871783196926 25.606081262230873 71.619877330958843 13.771896019577978 58.810080230236053 14.044321253895758 20.707085713744164 33.737123981118202
leaf_count=265 357 531 1916 84 471 101 116 110 384 69 249 60 89 141
internal_value=-0.000397156 -0.00228419 -0.00112301 -0.000247589 0.00579294 -0.00592971 0.00303509 0.0018384 -0.00134074 -0.00455251 -0.00997247 -0.0130697 0.00139484 0.000772113
internal_weight=1079.19 829.477 708.023 645.534 249.709 141.825 187.896 49.4788 106.598 85.3918 92.3467 72.8544 503.708 483.001
internal_count=4943 3546 3015 2750 1397 604 1040 211 569 453 393 309 2146 2057
is_linear=0
shrinkage=0.03


Tree=74
num_leaves=15
num_cat=0
split_feature=2 11 2 10 4 8 20 28 16 16 10 11 20 20
split_gain=16.4889 5.59043 5.28925 5.24037 5.8216 4.82848 4.76511 4.61168 6.25197 6.87155 6.69678 5.67256 5.36017 6.69341
threshold=0.63030944378226328 29.500000000000004 0.80665991455700181 8.4500000000000028 151.91363272526726 3.9000000000000004 12.978614889287865 7.5000000000000009 -4.9499999999999993 -4.2749999999999995 3.2000000000000011 15.300000000000002 14.769337299886645 11.409547658771485
decision_type=2 10 2 10 2 10 10 2 10 10 10 10 10 10
left_child=1 3 -2 4 7 6 -4 8 10 -10 11 -1 13 -9
right_child=2 -3 5 -5 -6 -7 -8 12 9 -11 -12 -13 -14 -15
leaf_value=-0.0019627028515140322 0.0036152243270663612 0.0085274951249579203 -0.011720939005833219 -0.014873831095586527 0.013586187052224552 0.019152807035141703 0.011331051682678433 -0.0027307185074027865 0.017220023836705345 -0.0011471984344803767 0.0034579572537634241 -0.022565760179483803 0.0016378557687068188 -0.021503140104070149
leaf_weight=19.867315337061882 344.06248192489147 34.569760769605637 9.2162097990512866 27.647219479084015 14.821245074272154 36.851367890834808 13.785262726247309 32.882268726825714 14.177407011389731 411.74251790344715 22.594184026122093 30.086639285087585 29.937750592827797 34.789187923073769
leaf_count=84 1665 143 60 113 61 260 90 142 60 1763 93 129 128 149
internal_value=0.000403007 -0.00246812 0.00515936 -0.00312504 -0.00247689 0.0130727 0.00165097 -0.00298599 -0.00177369 -0.000343105 -0.0096088 -0.0152958 -0.00878883 -0.0131969
internal_weight=1077.03 673.115 403.915 638.546 610.899 59.8528 23.0015 596.077 498.468 425.92 72.5481 49.954 97.6092 67.6715
internal_count=4940 2865 2075 2722 2609 410 150 2548 2129 1823 306 213 419 291
is_linear=0
shrinkage=0.03


Tree=75
num_leaves=15
num_cat=0
split_feature=12 43 8 0 8 8 27 18 7 7 5 21 41 24
split_gain=10.2356 8.17744 8.15452 5.83577 7.3579 7.001 5.73245 6.02099 5.88564 5.61227 6.68461 6.1461 6.82877 6.94534
threshold=26.300000000000001 1.0000000180025095e-35 -7.6999999999999984 1.0000000180025095e-35 7.1000000000000005 12.700000000000001 10.500000000000002 -4.2499999999999991 -0.53785875066712341 4.4420700766760648 0.81835768202939896 19.053287551864564 58.500000000000007 -0.3198051948051947
decision_type=8 2 8 2 8 10 2 10 2 2 2 8 8 8
left_child=1 2 -1 6 -5 -6 -2 -8 -9 10 11 12 13 -4
right_child=3 -3 9 4 5 -7 7 8 -10 -11 -12 -13 -14 -15
leaf_value=-0.0042006941212448844 -0.0027925883828891105 -0.0063802381169209442 -0.0095221158411577557 0.0058179274081270058 -0.015381256352165536 0.0073489775000983686 0.00094534272374379466 -0.0019817247840480459 -0.023929528738407254 -0.0072997549358979731 0.016593137431847243 0.016299684277038734 0.00049268628608185709 0.0099071960247449214
leaf_weight=119.7792731821537 78.562111631035805 94.88214486092329 14.567398294806479 73.304977923631668 34.045722380280495 14.165989771485327 17.442378848791122 15.533141642808912 42.773000851273537 31.281132899224758 36.850749671459198 29.431091517210007 318.22023662924767 149.90826225280762
leaf_count=519 346 426 64 315 151 66 78 71 196 145 271 136 1437 695
internal_value=-5.87112e-05 0.00167142 0.00280024 -0.00498586 -3.27954e-05 -0.00863949 -0.00876285 -0.0143985 -0.0187008 0.00426894 0.00498807 0.00400065 0.00309133 0.00795621
internal_weight=1070.75 794.92 700.038 275.827 121.517 48.2117 154.311 75.7485 58.3061 580.259 548.978 512.127 482.696 164.476
internal_count=4916 3693 3267 1223 532 217 691 345 267 2748 2603 2332 2196 759
is_linear=0
shrinkage=0.03


Tree=76
num_leaves=15
num_cat=0
split_feature=2 2 15 17 21 42 4 21 41 4 39 7 19 23
split_gain=9.73372 6.28834 6.15449 4.99561 7.22257 7.53949 6.34774 6.34082 6.22209 4.85693 4.14032 8.51562 6.11991 5.74017
threshold=0.82461063744049479 0.2564731319828028 -2.0499999999999994 -4.7499999999999982 10.126147932834114 17.500000000000004 10.640841398682939 10.391235568228838 83.500000000000014 -158.29669544734153 1225.4827707442839 0.71048102998130169 4.9500000000000011 0.4045454545454546
decision_type=2 2 10 8 10 8 2 10 8 2 2 2 10 10
left_child=1 -1 -2 4 -3 6 9 8 -5 -6 11 12 -9 -12
right_child=2 3 -4 7 5 -7 -8 10 -10 -11 13 -13 -14 -15
leaf_value=-0.011299711234403488 -0.0066092738080039456 -0.0081898783490210961 0.018265249969131658 0.0057643894931932171 0.014883330220737805 -0.011907277721187871 0.011406792986699419 -0.0041413593763546105 -0.012817131375851391 -0.0012749364526173743 -0.0065553009697725826 -0.01031600464831085 0.0066622537529988941 0.0049263089110469357
leaf_weight=49.079908132553101 8.9248097911477071 42.736556947231293 32.250918850302696 124.50571715831757 14.868004098534582 18.196533262729645 103.97290751338005 187.25291003286839 13.769034832715986 102.67411141097546 58.116562262177467 163.32271109521389 57.710319563746452 98.462020680308342
leaf_count=244 61 187 237 574 68 79 459 837 60 440 269 729 262 434
internal_value=-0.000741413 -0.00133669 0.0127419 -0.000786027 0.00255452 0.00459826 0.00618703 -0.00213647 0.00353137 0.00129282 -0.00354273 -0.00511707 -0.00151381 0.000593753
internal_weight=1075.84 1034.67 41.1757 985.587 282.448 239.712 221.515 703.139 138.275 117.542 564.865 408.286 244.963 156.579
internal_count=4940 4642 298 4398 1233 1046 967 3165 634 508 2531 1828 1099 703
is_linear=0
shrinkage=0.03


Tree=77
num_leaves=15
num_cat=0
split_feature=4 19 13 21 15 13 21 17 1 1 41 15 1 9
split_gain=7.86616 7.18054 7.39255 7.3264 7.07828 7.23463 6.25572 6.15263 5.6464 10.6895 6.9059 6.83474 6.55187 5.64075
threshold=1.0000000180025095e-35 -5.0499999999999989 16.700000000000006 8.5693251387336939 -11.649999999999997 27.300000000000001 9.8792712281827715 -1.3 43.750000000000007 47.250000000000007 62.500000000000007 4.9500000000000011 51.750000000000007 -2.4499999999999997
decision_type=2 8 10 8 10 10 10 10 2 2 8 10 2 10
left_child=4 -2 -3 -4 -1 8 7 -5 11 10 -10 13 -11 -6
right_child=1 2 3 6 5 -7 -8 -9 9 12 -12 -13 -14 -15
leaf_value=0.014273276388106864 0.0087881744295082893 -0.0067607551843789577 0.016178314127056687 -0.021358897746007629 0.0051580679761081974 -0.011538444712113988 0.0023518778154869666 0.0008866463465977679 -0.0013219322011870621 -0.013237768065861072 0.015893951961321501 0.0094868369846525403 0.0080524107055359312 -0.010862813011615282
leaf_weight=14.983616724610327 114.46234942227602 94.462059356272221 26.669070839881897 15.877958700060843 20.826440766453743 85.162091270089149 413.04877945780754 23.294784307479858 33.227445363998413 39.55382439494133 48.704256027936935 18.776410773396492 14.48420664668083 108.45805062353611
leaf_count=67 549 456 131 71 88 384 1923 111 146 173 210 80 63 475
internal_value=0.000179641 0.00209598 0.000695545 0.00222098 -0.00323415 -0.00412591 0.00122994 -0.0095272 -0.00174222 0.00262567 0.00923758 -0.00570816 -0.00733253 -0.00818605
internal_weight=1071.99 687.815 573.353 478.891 384.176 369.193 452.222 39.1727 284.031 135.97 81.9317 148.061 54.038 129.284
internal_count=4927 3241 2692 2236 1686 1619 2105 182 1235 592 356 643 236 563
is_linear=0
shrinkage=0.03


Tree=78
num_leaves=15
num_cat=0
split_feature=8 26 1 22 14 24 16 14 16 16 8 18 4 4
split_gain=12.311 10.527 5.29909 5.06837 5.01074 6.26821 5.62549 4.62076 4.59528 10.6133 7.70819 6.88275 8.22185 6.06852
threshold=3.1000000000000005 -4.6547619047619042 47.750000000000007 0.63961038961038974 20.300000000000001 0.36515151515151523 -7.5499999999999989 26.500000000000004 2.0500000000000003 2.6500000000000008 5.9000000000000012 -3.0499999999999994 203.29740426150786 106.69967075763761
decision_type=10 10 2 10 10 8 10 10 10 10 10 10 2 2
left_child=1 2 3 4 -1 6 -6 -7 11 -10 -11 12 13 -2
right_child=8 -3 -4 -5 5 7 -8 -9 9 10 -12 -13 -14 -15
leaf_value=0.013628926449104947 0.0014157552567861877 -0.0042510179293321591 -0.0079635374984032663 0.018417012493210927 -0.0059398092499327194 -0.015939756585891942 0.0085582537787961613 0.0039102128322123482 -0.019124045752197318 0.014280138544347851 -0.0012733607980679686 0.011086192970593028 0.014429328095277093 -0.02087034339133155
leaf_weight=29.817873060703278 23.410752937197685 518.93897487223148 27.182371020317078 18.467218667268753 29.532230153679848 23.554634518921375 80.066108494997025 14.132177948951719 15.941153258085249 37.929517664015293 84.22458628565073 145.93141604214907 15.550356328487394 14.802408680319784
leaf_count=131 101 2286 125 96 137 109 365 70 73 169 382 751 98 71
internal_value=0.000241031 -0.00192084 0.00348185 0.00523151 0.00338868 0.000936135 0.00456292 -0.00891008 0.00494666 0.000691461 0.00392771 0.0078005 -0.00130238 -0.00863303
internal_weight=1079.48 741.692 222.753 195.57 177.103 147.285 109.598 37.6868 337.79 138.095 122.154 199.695 53.7635 38.2132
internal_count=4964 3319 1033 908 812 681 502 179 1645 624 551 1021 270 172
is_linear=0
shrinkage=0.03


Tree=79
num_leaves=15
num_cat=0
split_feature=0 20 20 43 9 3 26 8 13 22 39 22 9 3
split_gain=9.60215 6.8182 6.4416 7.79792 7.53144 6.43602 6.76993 6.16245 6.05756 7.60551 8.89573 7.34556 7.55928 6.80764
threshold=3.2500000000000004 15.32644772933377 11.95663454998037 1.0000000180025095e-35 -9.8999999999999986 0.024485630696073794 2.8660714285714293 0.90000000000000013 27.300000000000001 0.39087301587301593 1553.654086421793 0.44722222222222224 0.90000000000000013 0.024489620841672725
decision_type=2 8 10 2 10 2 8 10 10 10 2 10 10 2
left_child=8 2 3 -2 -4 6 -6 -3 9 -1 11 -11 -13 -10
right_child=1 7 4 -5 5 -7 -8 -9 13 10 -12 12 -14 -15
leaf_value=0.0033523583205837043 0.0078229927285410998 0.0011062606433127184 0.0098863101820827817 -0.013896921121393215 -0.021085253749216836 -0.0010002288544130745 0.0024588921822117655 0.014051904508486403 0.0020170890433758386 -0.017833449015009353 0.0072594593137878388 -0.012815406101229901 -0.00014607232795690295 -0.011968634071875216
leaf_weight=224.83712632954121 126.16532076150179 56.036543846130371 27.463309690356255 12.174059458076952 33.208391755819321 82.803358465433121 14.079242929816244 79.198271729052067 43.492986768484116 36.862514957785606 48.336030542850494 54.866664275527 145.55594016611576 96.229789733886719
leaf_count=963 638 271 156 59 171 411 64 431 188 158 201 225 610 426
internal_value=1.90232e-05 0.00346803 0.000870201 0.00549353 -0.00323339 -0.00626647 -0.0145105 0.00891839 -0.00227699 -0.000733471 -0.00395212 -0.00633865 -0.00384187 -0.00769587
internal_weight=1081.31 431.128 295.894 138.339 157.554 130.091 47.2876 135.235 650.181 510.458 285.621 237.285 200.423 139.723
internal_count=4972 2201 1499 697 802 646 235 702 2771 2157 1194 993 835 614
is_linear=0
shrinkage=0.03


Tree=80
num_leaves=15
num_cat=0
split_feature=4 0 13 39 21 14 25 21 13 41 1 23 23 20
split_gain=9.54539 7.24614 4.97292 5.4215 8.04369 6.89806 5.85393 5.40025 6.08397 3.79509 6.9083 6.71142 9.04524 6.55514
threshold=261.49051116978779 -3.2499999999999996 30.100000000000005 865.97879726438771 14.274491590400276 18.700000000000006 -3.5634920634920628 14.133490543298786 25.700000000000006 72.500000000000014 46.750000000000007 0.72902097902097907 0.70294117647058829 13.426342266852378
decision_type=2 2 10 2 10 10 8 8 10 10 2 10 10 10
left_child=1 2 3 6 -5 -6 7 8 -1 11 -11 12 -3 -13
right_child=-2 9 -4 4 5 -7 -8 -9 -10 10 -12 13 -14 -15
leaf_value=0.016508838542195359 0.012606106176683386 0.0016097609224804037 -0.015584901930124484 -0.0058460738584453767 0.025080008606488666 0.00050930363262802008 -0.015793535488529142 -0.010792553621989274 -0.0068784863481168275 0.00021979070476981427 -0.015824038243475939 0.00092572620774863999 -0.016231062747772352 0.015263625176815633
leaf_weight=17.787411674857143 52.041294753551483 566.42005610466003 28.942105427384377 41.983702555298805 14.890518262982367 21.729981303215027 38.625114858150482 23.184325695037842 14.024347156286238 111.33095172047615 25.800263494253159 53.920964971184731 21.785815224051476 58.065494880080223
leaf_count=83 361 2545 140 195 69 101 181 109 67 485 113 226 94 250
internal_value=0.00065764 1.33869e-06 -0.00503972 -0.00287793 0.00284433 0.0123129 -0.00758296 -0.000980828 0.00666458 0.00123518 -0.00324922 0.00213026 0.000817739 0.00869462
internal_weight=1090.53 1038.49 201.168 172.225 78.6042 36.6205 93.6212 54.9961 31.8118 837.324 137.131 700.192 588.206 111.986
internal_count=5019 4658 945 805 365 170 440 259 150 3713 598 3115 2639 476
is_linear=0
shrinkage=0.03


Tree=81
num_leaves=15
num_cat=0
split_feature=2 2 39 19 42 19 16 23 17 17 39 25 9 5
split_gain=9.12098 6.90637 4.66848 4.93382 6.12589 4.9325 4.85999 4.25054 4.98293 7.52336 8.32941 6.70579 5.63032 6.0143
threshold=0.71263570861201753 0.2564731319828028 400.43809280685315 -6.3499999999999988 13.500000000000002 4.6333333333333337 2.0500000000000003 0.74342105263157909 -8.8499999999999961 -5.8499999999999988 1226.074742039805 -0.79285714285714282 8.5000000000000018 0.46972841062259757
decision_type=2 2 2 10 8 10 10 10 10 10 2 8 10 2
left_child=1 -1 -2 -4 5 6 -5 8 12 10 11 -10 -3 -14
right_child=2 7 3 4 -6 -7 -8 -9 9 -11 -12 -13 13 -15
leaf_value=-0.011638863180057118 0.013887875635883565 -0.013068723235969896 0.014665892069892099 -0.00089675055892389553 0.014099450728885386 0.0072525041351317867 -0.015595694197818687 0.0036605927954102804 0.023992934984815056 -0.0018687005063831037 -0.0069374158088639105 0.0014045379787930485 -0.0093050974495606405 0.013397362893223548
leaf_weight=49.123027235269547 42.912693820893764 59.591327086091042 23.365944966673851 71.448913276195526 21.742329441010952 35.750669844448566 23.627642475068569 165.05377840995789 25.535710260272026 483.7233519256115 18.704035490751266 20.379781603813171 16.588077008724213 15.583638519048689
leaf_count=247 264 254 134 419 127 208 126 704 109 2055 80 87 73 66
internal_value=0.000141805 -0.00126397 0.00553496 0.00317011 0.00100002 -0.00161587 -0.0051463 -0.000563068 -0.00167209 -0.000559209 0.00867348 0.0150895 -0.00794972 0.00201463
internal_weight=1073.13 854.283 218.848 175.936 152.57 130.827 95.0766 805.16 640.106 548.343 64.6195 45.9155 91.763 32.1717
internal_count=4953 3675 1278 1014 880 753 545 3428 2724 2331 276 196 393 139
is_linear=0
shrinkage=0.03


Tree=82
num_leaves=15
num_cat=0
split_feature=4 1 7 42 14 20 3 23 8 14 17 3 17 12
split_gain=8.03634 6.66441 6.34329 7.2157 9.8824 8.77397 8.27127 6.33723 6.11345 6.79702 6.06284 9.72815 10.8257 8.37211
threshold=261.49051116978779 46.750000000000007 -0.86987282798230336 7.5000000000000009 25.700000000000006 11.281498787237185 0.024725274725274752 0.57417582417582425 -3.4499999999999997 19.500000000000004 -4.7499999999999982 0.024183575044170905 -7.6499999999999986 26.700000000000006
decision_type=2 2 2 8 8 8 2 8 10 10 10 2 8 10
left_child=1 2 3 5 6 -1 8 -8 -5 -10 11 -4 -13 -12
right_child=-2 -3 10 4 -6 -7 7 -9 9 -11 13 12 -14 -15
leaf_value=0.018467794090796817 0.010801286313460881 -0.0047751235302354918 0.016137772498353572 0.0010700962716576881 0.01270029003421482 0.0035291539389057745 -0.0067695220805667729 0.017133125342897172 -0.025273526612142789 -0.0032422667528982695 -0.0022392445477060811 -0.0083886475422775466 0.010538949289090091 -0.01761223300937181
leaf_weight=45.117901369929314 50.885470129549503 281.08970484137535 34.049640685319901 26.246978729963303 29.897161558270454 131.94842068850994 14.522881820797922 16.919804066419601 27.273683354258537 23.427170664072037 264.71143183112144 67.352740868926048 38.635328471660614 31.6178138256073
leaf_count=205 350 1262 147 113 145 613 69 74 121 113 1165 301 169 139
internal_value=-0.000282145 -0.000877622 0.000601686 0.00381165 -0.00131067 0.00773827 -0.0055649 0.00667882 -0.0106702 -0.0162985 -0.00173499 0.00333088 -0.00132511 -0.00414454
internal_weight=1083.7 1032.81 751.721 315.354 138.288 177.066 108.391 31.4427 76.9478 50.7009 436.367 140.038 105.988 296.329
internal_count=4986 4636 3374 1453 635 818 490 143 347 234 1921 617 470 1304
is_linear=0
shrinkage=0.03


Tree=83
num_leaves=15
num_cat=0
split_feature=2 2 21 17 15 39 12 13 13 19 18 19 20 19
split_gain=9.59856 5.35058 7.03721 8.46552 8.85493 8.34743 7.64141 6.55456 8.08837 6.09431 5.45756 6.62513 8.52673 7.60835
threshold=0.71121350806352424 0.34746472687839575 14.83988611748144 -14.249999999999998 -3.2499999999999996 1053.586287215431 25.450000000000003 22.450000000000003 26.100000000000005 -7.1499999999999995 -6.6499999999999995 -1.0499999999999998 12.804729615363071 1.8500000000000003
decision_type=2 2 10 8 10 2 10 8 10 8 8 10 10 10
left_child=1 7 9 -4 -5 -6 -7 -1 -9 -3 -11 -12 -13 -14
right_child=-2 2 3 4 5 6 -8 8 -10 10 11 12 13 -15
leaf_value=-0.017005515011642637 0.0047394373825549521 0.011467530322250775 0.013506081249236924 -0.016467548204170141 -0.0079574176203307291 0.012922846180606597 -0.0070548530884393867 0.0061641857851516485 -0.010235315250278052 -0.00968603703804863 -0.0040570124156441636 0.0096682728573181612 0.0087181744959001408 -0.0061453330148488229
leaf_weight=40.190044164657593 219.12227357923985 40.269712790846825 15.603749036788939 57.211024820804596 111.76353138685226 38.91374796628952 24.257879316806793 44.289316952228546 55.8449647128582 42.683880120515823 140.48031641542912 117.53206548094749 41.230636537075043 89.39289653301239
leaf_count=197 1285 170 65 238 463 163 101 215 279 177 589 491 173 378
internal_value=-0.000797902 -0.00222858 -0.00115906 -0.00519977 -0.00671535 -0.003157 0.00529664 -0.0074827 -0.00303363 0.000996021 -0.000101849 0.00106044 0.00398034 -0.0013053
internal_weight=1078.79 859.664 719.339 247.75 232.146 174.935 63.1716 140.324 100.134 471.59 431.32 388.636 248.156 130.624
internal_count=4984 3699 3008 1030 965 727 264 691 494 1978 1808 1631 1042 551
is_linear=0
shrinkage=0.03


Tree=84
num_leaves=15
num_cat=0
split_feature=2 13 1 35 21 18 22 11 4 26 20 8 8 24
split_gain=9.06913 7.72881 9.2216 6.16148 5.2935 11.0547 9.12307 6.70124 5.06464 5.04907 4.58698 8.56975 7.10028 7.06865
threshold=0.46260348075676794 27.300000000000001 43.750000000000007 1.0000000180025095e-35 12.40161276597887 -1.8374999999999997 0.44722222222222224 20.100000000000005 337.15197385050732 3.7888888888888892 14.690510901226389 6.9000000000000012 3.7000000000000006 -0.01568627450980389
decision_type=2 10 2 2 8 10 8 10 2 10 10 8 10 10
left_child=1 3 -3 4 7 -6 -7 9 10 -1 11 12 13 -2
right_child=8 2 -4 -5 5 6 -8 -9 -10 -11 -12 -13 -14 -15
leaf_value=-0.0018204087566413302 0.0047869429561744866 0.00059939610044209147 -0.019246297354236195 -0.0077006638172686164 0.016254706365774852 0.0082601420421417136 -0.014464318019162942 0.0058213498694277615 0.016371540070638239 -0.02363737389190057 0.0039811791318663057 -0.0086282011438709467 0.0094755688372746144 -0.0046349202561130533
leaf_weight=20.306644827127457 114.57871453464031 32.616894900798798 53.056090518832207 94.455489188432693 44.405886009335518 27.553603082895279 26.419916436076164 26.860862866044044 14.655227228999136 14.690410047769545 270.46317910403013 96.244162268936634 69.910399213433266 174.11955705285072
leaf_count=88 481 150 250 422 193 123 114 113 112 68 1275 471 334 796
internal_value=-0.000527281 -0.00454361 -0.0120743 -0.00182674 0.00176403 0.00597322 -0.00314667 -0.00487638 0.00133821 -0.0127884 0.000924454 -0.000916651 0.00124318 -0.000877732
internal_weight=1080.34 340.366 85.673 254.693 160.237 98.3794 53.9735 61.8579 739.971 34.9971 725.316 454.853 358.609 288.698
internal_count=4990 1521 400 1121 699 430 237 269 3469 156 3357 2082 1611 1277
is_linear=0
shrinkage=0.03


Tree=85
num_leaves=15
num_cat=0
split_feature=4 8 26 8 17 13 25 13 41 1 1 11 39 1
split_gain=9.61983 4.74967 6.85013 6.67014 7.07553 6.3114 10.5034 8.11685 5.99927 5.63034 6.89143 5.25359 7.29498 5.73083
threshold=261.49051116978779 1.7000000000000004 -1.3229166666666663 6.3000000000000016 1.0000000180025095e-35 23.450000000000003 -4.9615384615384608 20.500000000000004 48.500000000000007 37.750000000000007 44.750000000000007 21.900000000000002 958.3874808567133 48.750000000000007
decision_type=2 10 10 10 10 10 8 10 10 2 2 10 2 2
left_child=1 2 5 8 -5 6 -1 -8 -3 -6 -11 12 -10 -13
right_child=-2 3 -4 4 9 -7 7 -9 11 10 -12 13 -14 -15
leaf_value=-0.018241451556082932 0.011804831302510938 0.014398982982286581 -0.0052618506022172103 -0.012701703941014645 -0.015074595537313612 0.004478876960454378 0.010289684456963405 -0.0075230850144757649 -0.013558275911877247 0.010287492898611266 -0.0031971252341220476 0.010353762154932973 0.0092723390242979934 -0.0042291720749489479
leaf_weight=30.059321150183678 51.01224959641695 45.770070821046829 357.75528819859028 40.579952791333199 12.69929978251457 173.1880260258913 40.314811140298843 41.906531304121017 30.277239069342613 57.089651554822922 71.824832201004028 73.727608501911163 15.294976919889448 31.751627221703529
leaf_count=127 359 211 1589 178 61 769 179 195 133 277 334 344 69 139
internal_value=-0.000303837 -0.000962607 -0.00252509 0.00168742 -0.00241795 0.00093622 -0.00448616 0.00130006 0.00545343 0.000861573 0.00293567 0.00236833 -0.00573668 0.00597124
internal_weight=1073.25 1022.24 643.224 379.015 182.194 285.469 112.281 82.2213 196.822 141.614 128.914 151.051 45.5722 105.479
internal_count=4964 4605 2859 1746 850 1270 501 374 896 672 611 685 202 483
is_linear=0
shrinkage=0.03


Tree=86
num_leaves=15
num_cat=0
split_feature=5 2 19 1 21 14 19 25 3 11 9 20 3 23
split_gain=6.6642 6.06012 5.7663 8.20572 7.5259 7.26364 6.35194 8.31704 5.9623 8.56437 5.80966 5.5264 5.37486 5.49372
threshold=0.86299072305135438 0.22476354013212727 11.050000000000002 46.750000000000007 11.585910984179597 26.500000000000004 -6.7749999999999995 5.5166666666666675 0.024843317791356071 19.300000000000001 -15.299999999999999 16.132954540088942 0.027950308817156325 0.72902097902097907
decision_type=2 2 10 2 10 8 10 8 2 10 8 10 2 8
left_child=1 -1 3 5 -5 6 7 8 9 -3 -7 -12 13 -6
right_child=-2 2 -4 4 12 10 -8 -9 -10 -11 11 -13 -14 -15
leaf_value=-0.012283559594055039 0.015951469564095551 0.021304910800437709 0.0098787589933704394 -0.012576331117706605 -0.0026309619499959107 -0.0068667738005446302 -0.0010620041606080417 0.021129296495986459 -0.0092975284517468875 -0.004443496677247678 0.0065924698235837794 0.02374469191406196 -0.011543545696180064 0.009283188133931428
leaf_weight=30.056899428367615 19.05647923797369 17.406433925032616 49.699096828699112 71.85456471145153 107.62362878024578 15.891331061720846 525.34973219037056 23.009524092078209 24.01079523563385 21.249867662787437 77.275375969707966 19.507432214915752 32.5697917714715 45.514412462711334
leaf_count=153 146 76 229 328 484 83 2368 114 105 98 355 95 160 199
internal_value=0.000337589 -1.63474e-05 0.000398853 -0.000128934 -0.0046755 0.00151015 0.000194123 0.00753026 0.00134478 0.00826286 0.00833542 0.0110463 -0.00136891 0.00109162
internal_weight=1080.08 1061.02 1030.96 981.263 257.562 723.7 611.026 85.6766 62.6671 38.6563 112.674 96.7828 185.708 153.138
internal_count=4993 4847 4694 4465 1171 3294 2761 393 279 174 533 450 843 683
is_linear=0
shrinkage=0.03


Tree=87
num_leaves=15
num_cat=0
split_feature=8 0 17 11 17 11 20 1 20 41 7 18 25 18
split_gain=11.1794 9.7756 7.87085 7.85681 9.30916 7.12249 6.41702 7.43578 8.64435 7.42296 7.02657 6.39955 6.11278 11.5138
threshold=-7.6999999999999984 6.2500000000000009 -13.949999999999998 18.100000000000005 1.7499999999999998 19.100000000000005 15.32644772933377 46.250000000000007 12.156616851785744 48.500000000000007 -0.8968825574772018 3.1500000000000008 -5.6547619047619042 -1.6833333333333331
decision_type=10 2 10 8 8 10 8 2 10 10 2 10 10 8
left_child=3 2 -2 4 -1 -3 7 8 -7 -9 -10 -11 13 -4
right_child=1 5 12 -5 -6 6 -8 9 10 11 -12 -13 -14 -15
leaf_value=0.00059593075931121562 0.016478168789346499 0.021294542787614886 -0.0067561758675218353 -0.015150309903306696 -0.0203296311892011 0.015142566902604177 0.011993910217128404 0.0095510586225998652 0.0067539276870396256 -0.026043513837005459 -0.01499934076760154 -0.00080224154245075172 -0.0027936695647800612 0.01148513636021768
leaf_weight=125.48328614234924 18.086183950304985 21.541123420000076 46.503024786710739 61.794954046607018 17.521621838212013 38.831274770200253 61.555979713797569 10.899098217487333 24.95716205984354 16.93600882589817 19.477209359407425 15.934467263519762 512.75581710040569 75.719386473298073
leaf_count=564 79 120 200 276 74 228 374 68 145 94 115 90 2185 325
internal_value=-0.000422045 0.00108179 -0.000739914 -0.00663519 -0.00256814 0.00662904 0.0044472 0.000474665 0.00565231 -0.00894476 -0.00333399 -0.0155289 -0.00135525 0.00455195
internal_weight=1068 863.197 653.064 204.8 143.005 210.132 188.591 127.035 83.2656 43.7696 44.4344 32.8705 634.978 122.222
internal_count=4937 4023 2789 914 638 1234 1114 740 488 252 260 184 2710 525
is_linear=0
shrinkage=0.03


Tree=88
num_leaves=15
num_cat=0
split_feature=0 9 0 1 24 8 3 21 1 25 25 19 0 1
split_gain=10.1255 5.63634 6.37824 7.42452 5.95962 7.26894 7.62099 6.36794 5.61128 5.33245 5.2235 6.97834 6.43791 5.19556
threshold=3.2500000000000004 15.900000000000002 -5.7499999999999991 37.250000000000007 0.057189542483660101 1.3 0.024059092879879066 11.479450238481698 41.250000000000007 -0.36931818181818177 -1.2071428571428569 -1.0499999999999998 -1.0000000180025095e-35 40.250000000000007
decision_type=2 8 2 2 8 8 2 8 2 10 10 10 2 2
left_child=1 2 8 -4 5 7 -7 -5 -1 -8 11 12 -9 -6
right_child=-2 -3 3 4 13 6 9 10 -10 -11 -12 -13 -14 -15
leaf_value=0.0018724117779335811 0.0032942355338160278 0.0096021356658063852 -0.012415206595059534 -0.0088469225997413418 0.0071422786805783066 -0.0062638060592254173 0.025466890951219824 -0.011374267509291516 -0.014875128672777073 0.0070074440537644328 -0.0069198214294775148 0.0093779926057297024 0.0088591117246396844 -0.0092361427785990092
leaf_weight=23.045045837759972 441.10535354912281 27.658417642116547 49.391947656869888 70.589415311813354 17.209164395928383 23.436245784163475 16.144638270139694 33.381191596388817 63.363580137491226 62.605115205049515 44.944784387946129 86.304694309830666 17.909408256411552 95.726296454668045
leaf_count=114 2268 123 204 297 71 95 66 142 324 258 186 364 73 393
internal_value=-0.00017239 -0.0025999 -0.00323285 -0.00192209 -0.000695781 0.00122787 0.00778188 -0.00151741 -0.0105505 0.0120863 0.00147726 0.00436658 -0.00414991 -0.0065434
internal_weight=1072.82 631.71 604.052 517.643 468.251 355.315 102.186 253.129 86.4086 78.7498 182.54 137.595 51.2906 112.935
internal_count=4978 2710 2587 2149 1945 1481 419 1062 438 324 765 579 215 464
is_linear=0
shrinkage=0.03


Tree=89
num_leaves=15
num_cat=0
split_feature=0 12 7 10 13 3 13 14 16 25 18 7 16 14
split_gain=6.82126 5.09201 5.81962 5.72321 6.72716 6.40215 5.0766 5.90381 13.6525 9.08975 5.21735 5.43209 4.90565 5.84357
threshold=12.750000000000002 19.700000000000006 6.2274371312033381 20.900000000000002 19.900000000000002 0.023946761611532866 25.300000000000001 17.500000000000004 -1.0499999999999998 -3.0312499999999996 3.8500000000000001 -0.84217565391176319 -6.7499999999999991 24.700000000000006
decision_type=2 8 2 8 10 2 10 10 10 10 10 2 8 10
left_child=1 3 12 4 5 -1 7 -6 9 -9 11 -8 -3 -14
right_child=-2 2 -4 -5 6 -7 10 8 -10 -11 -12 -13 13 -15
leaf_value=-0.0050590701324715655 0.014413202358428833 -0.010578657714010597 -0.014749216537292947 -0.014382804866659916 -0.014836973676342451 0.015587711232443326 0.00045640980031619522 -0.015864266306125304 0.018592508948239155 0.003708628291509555 0.00039216628608676208 0.021950027717529109 -0.0016302601525410587 0.0048119271936644791
leaf_weight=14.351534873247145 26.203787356615067 37.225244872272015 22.44146404415369 10.798661060631273 22.512542098760605 61.928333558142185 17.095982417464256 34.544591046869755 23.69940771907568 43.16915538161993 57.79200342297554 23.730623602867126 506.90923402458429 163.41350301355124
leaf_count=69 206 169 104 62 102 307 76 152 114 218 262 105 2255 747
internal_value=0.000592382 0.000176703 -0.00119128 0.00336964 0.0042373 0.0116309 0.00150316 -0.00250775 0.000797736 -0.00542479 0.00642112 0.0139815 -0.000660781 -3.57632e-05
internal_weight=1065.82 1039.61 729.989 309.623 298.824 76.2799 222.544 123.926 101.413 77.7137 98.6186 40.8266 707.548 670.323
internal_count=4948 4742 3275 1467 1405 376 1029 586 484 370 443 181 3171 3002
is_linear=0
shrinkage=0.03


Tree=90
num_leaves=15
num_cat=0
split_feature=6 8 17 21 17 11 20 20 3 12 3 42 20 42
split_gain=7.1097 5.23963 7.7899 6.12347 7.16727 5.62998 5.40703 9.22892 6.71288 6.69894 6.32439 5.73595 5.26194 8.63507
threshold=9.1073250843599567 -7.6999999999999984 -13.949999999999998 12.979684965746326 -5.6499999999999986 14.500000000000002 11.95663454998037 13.802777461589042 0.024505274893685817 19.100000000000005 0.025126895938511699 8.5000000000000018 16.211278608330112 9.5000000000000018
decision_type=2 10 10 10 8 10 10 10 2 10 2 8 10 8
left_child=1 3 -3 -1 -5 -4 9 8 -8 11 -10 -7 -9 -14
right_child=-2 2 5 4 -6 6 7 12 10 -11 -12 -13 13 -15
leaf_value=-0.009959802423639353 0.0083495954324471766 0.016759935838688081 -0.012577957810963335 0.0070705316332302023 -0.0081874887709209691 0.019016302871977007 -0.015311638092474218 0.0052151953685029397 0.0044405916887821605 0.0014330933780315155 -0.01013987705419935 -0.00026431778269507967 0.0021419324634890597 -0.01287950247146219
leaf_weight=94.788502514362335 87.169634483754635 21.416766077280045 24.896468043327332 58.701274856925011 44.050056830048561 37.406014204025269 52.851440042257309 171.80977073311806 54.182689666748047 197.67180332541466 44.287886723875999 20.447323098778725 114.58087815344334 43.592679411172867
leaf_count=424 560 96 108 264 194 174 232 781 242 864 199 96 524 197
internal_value=0.000383053 -0.000363829 0.000744089 -0.00466609 0.000452942 0.000187427 0.000700621 -0.0011729 -0.0071824 0.00418434 -0.00229019 0.0127229 0.00164898 -0.00226578
internal_weight=1067.85 980.684 783.144 197.54 102.751 761.727 736.83 481.305 151.322 255.525 98.4706 57.8533 329.983 158.174
internal_count=4955 4395 3513 882 458 3417 3309 2175 673 1134 441 270 1502 721
is_linear=0
shrinkage=0.03


Tree=91
num_leaves=15
num_cat=0
split_feature=4 1 41 17 19 19 19 15 17 19 8 4 12 12
split_gain=12.0244 8.18375 8.27829 5.96535 5.76488 7.21256 8.18156 11.371 8.15525 5.05533 4.91968 6.28672 5.33362 5.26307
threshold=131.92647863269011 46.750000000000007 44.500000000000007 15.550000000000002 10.750000000000002 3.3500000000000001 -1.9499999999999997 -1.8499999999999999 -3.6624999999999992 2.0500000000000003 2.6750000000000003 51.238416503540073 19.300000000000001 17.300000000000001
decision_type=2 2 8 10 10 8 10 10 10 10 10 2 10 8
left_child=1 9 -3 -2 5 6 8 -8 -4 10 13 -12 -13 -1
right_child=3 2 4 -5 -6 -7 7 -9 -10 -11 11 12 -14 -15
leaf_value=0.0028809759561241382 0.0068157679010226943 0.0084897149343743719 0.0029875359398809568 -0.0092869007085638437 0.0059381140796252226 -0.018707699588017407 -0.012375899567366481 0.010194443907814254 -0.023159672031149488 0.0037173228005019624 0.011595454695845473 0.0089396383816205266 -0.011581967842774602 -0.0060357857262748503
leaf_weight=76.817802548408508 242.96595007181168 24.432662576436996 14.092409238219259 18.284055836498737 18.317907646298409 58.616678029298782 29.955767124891281 42.256552547216415 29.401490971446037 210.34609763324261 43.434847697615623 13.72641299664974 25.377081036567688 226.52058769762516
leaf_count=332 1321 107 63 111 82 259 134 183 126 926 185 64 113 984
internal_value=-2.27969e-06 -0.00180412 -0.00671996 0.00553556 -0.00881498 -0.0104876 -0.00572085 0.000636494 -0.0152532 2.66498e-05 -0.002007 0.00430903 -0.00418151 -0.00376759
internal_weight=1074.55 813.296 217.073 261.25 192.641 174.323 115.706 72.2123 43.4939 596.223 385.877 82.5383 39.1035 303.338
internal_count=4990 3558 954 1432 847 765 506 317 189 2604 1678 362 177 1316
is_linear=0
shrinkage=0.03


Tree=92
num_leaves=15
num_cat=0
split_feature=4 16 9 9 21 27 25 26 10 2 25 9 23 19
split_gain=6.36909 4.7977 6.83571 5.17151 7.72619 5.08608 4.68865 4.60157 4.1992 4.08331 7.20218 4.56926 7.37351 4.50111
threshold=261.49051116978779 -7.0499999999999989 -7.8999999999999995 -12.099999999999998 12.59144330267363 8.5000000000000018 -2.7596153846153841 -3.9666666666666663 13.825000000000001 0.34247558159398611 -9.4722222222222197 -4.4999999999999991 0.39642857142857152 -7.2499999999999991
decision_type=2 10 10 8 8 2 8 10 8 2 8 10 10 10
left_child=1 3 6 5 -5 -1 -3 -2 -6 10 -4 12 -11 -13
right_child=7 2 9 4 8 -7 -8 -9 -10 11 -12 13 -14 -15
leaf_value=0.012951553353190572 0.015283906913721942 0.0012246946873957307 0.0045170048623124712 0.0054934584072040332 -0.020858945066375416 -0.0074962858768562353 0.017390596415958477 -0.0027835654240028389 -0.0028976438118899868 -0.012195630886200648 -0.010253540426008737 0.0086012002556371831 0.0047854864024182977 0.00022959267687985762
leaf_weight=16.68907305598259 34.411510266363621 33.568438142538071 40.44226211309433 17.624254584312439 38.75881914794445 17.466336444020271 27.649660795927048 16.709006533026695 18.47355492413044 56.601924762129784 86.789269641041756 59.193468883633614 33.267451167106628 583.69913129508495
leaf_count=81 262 150 198 78 172 85 143 109 86 269 442 261 153 2540
internal_value=-0.000187586 -0.000720344 -1.8511e-06 -0.00652565 -0.0107254 0.00287299 0.00928797 0.0096566 -0.01576 -0.000713007 -0.00556525 0.00016151 -0.00598872 0.00106083
internal_weight=1081.34 1030.22 921.212 109.012 74.8566 34.1554 61.2181 51.1205 57.2324 859.994 127.232 732.762 89.8694 642.893
internal_count=5029 4658 4156 502 336 166 293 371 258 3863 640 3223 422 2801
is_linear=0
shrinkage=0.03


Tree=93
num_leaves=15
num_cat=0
split_feature=22 3 20 7 3 27 16 16 17 41 14 3 19 41
split_gain=6.46462 4.99418 5.53699 5.3016 6.27102 6.93297 6.34065 7.90603 6.54057 5.73408 5.82784 6.14014 5.61724 9.11546
threshold=0.87867647058823539 0.016978221047704082 15.32644772933377 0.03602684393180889 0.025070420785545004 6.5000000000000009 -7.8499999999999988 -2.0499999999999994 -15.549999999999999 68.500000000000014 21.500000000000004 0.041777543954572456 1.2500000000000002 54.500000000000007
decision_type=10 2 10 2 2 2 8 10 10 8 10 2 10 8
left_child=1 2 -1 -3 6 -6 -5 -8 -9 10 11 -7 -10 -14
right_child=-2 3 -4 4 5 9 7 8 12 -11 -12 -13 13 -15
leaf_value=-0.014140741393099763 0.0090667525466728398 0.003103277747905705 0.0047025109088980046 -0.011741623456259453 -0.015427497228632856 -0.019439013667801385 0.010188416739129914 0.015450998436450449 0.002509234606815249 0.013524461867762497 0.001984642881511412 0.0032966783849767362 -0.020991140050211163 -0.00084529473400570476
leaf_weight=36.533458158373833 79.150270543992519 483.98524525016546 18.16108462959528 25.995037049055099 45.296814098954201 28.026049494743347 80.121920265257359 15.196013569831846 92.830780565738678 13.641639828681944 53.387926898896694 13.90805336833 26.275728330016136 58.413510262966156
leaf_count=168 394 2259 92 121 206 129 368 69 411 63 254 64 117 262
internal_value=0.00108293 0.000403482 -0.00801411 0.000934719 -0.00139028 -0.00620127 0.00115438 0.00257226 -0.00077175 -0.00185728 -0.00462292 -0.0123505 -0.00254567 -0.00791752
internal_weight=1070.92 991.773 54.6945 937.079 453.093 154.26 298.833 272.838 192.716 108.964 95.322 41.9341 177.52 84.6892
internal_count=4977 4583 260 4323 2064 716 1348 1227 859 510 447 193 790 379
is_linear=0
shrinkage=0.03


Tree=94
num_leaves=15
num_cat=0
split_feature=2 1 41 2 2 39 24 12 24 7 14 19 12 1
split_gain=9.42642 6.48897 7.32608 6.90667 8.88005 6.63024 13.4358 8.44724 7.50657 6.96408 8.58773 7.64409 9.14822 8.59557
threshold=0.80665991455700181 46.750000000000007 68.500000000000014 0.46260348075676794 0.53857173126972324 1498.7265836129675 0.18118686868686873 19.700000000000006 -0.21428571428571427 6.2274371312033381 25.700000000000006 -6.4499999999999993 24.500000000000004 43.750000000000007
decision_type=2 2 10 2 2 2 10 10 8 2 10 10 10 2
left_child=1 5 3 -3 -5 7 -7 8 -1 10 11 -9 -13 -14
right_child=-2 2 -4 4 -6 6 -8 9 -10 -11 -12 12 13 -15
leaf_value=-0.0081463760657549001 0.010990702525045448 -0.01020686948304151 -0.015143735378143126 0.01571758047110557 -0.0024021731873338868 0.010301032290563346 -0.012462951909657806 0.011570237812528547 0.0060384639638083673 -0.020449280180891604 0.0065495276846735317 -0.011379774866887639 -0.0070060249206153223 0.0080982839499827344
leaf_weight=36.519246935844421 54.74930652230978 70.273708209395409 48.655867747962475 24.559973776340485 133.20782491564751 114.49833391606808 24.51660979539156 18.609650418162346 178.98707360029221 16.665386140346527 66.621550530195236 145.6822951734066 72.986023396253586 55.009369105100632
leaf_count=158 407 324 219 99 608 507 120 83 831 77 302 639 321 243
internal_value=-0.000592208 -0.00127329 -0.00514114 -0.00272783 0.000814732 0.000217584 0.00599307 -0.00117962 0.00350452 -0.00387813 -0.00283827 -0.00505222 -0.00636983 -0.000454144
internal_weight=1061.54 1006.79 276.697 228.042 157.768 730.096 139.015 591.081 215.506 375.574 358.909 292.287 273.678 127.995
internal_count=4938 4531 1250 1031 707 3281 627 2654 989 1665 1588 1286 1203 564
is_linear=0
shrinkage=0.03


Tree=95
num_leaves=15
num_cat=0
split_feature=2 27 41 10 17 17 1 21 39 10 1 9 8 5
split_gain=6.82114 8.29004 6.16047 7.3169 7.71505 7.57954 6.96933 6.29479 7.20286 6.12176 5.61863 6.77741 6.10104 6.00131
threshold=0.43228416103197542 10.500000000000002 43.500000000000007 10.900000000000004 16.350000000000005 -5.1624999999999988 45.750000000000007 9.8792712281827715 357.45334217460351 -2.3999999999999986 44.750000000000007 -7.2249999999999988 -2.6999999999999997 0.4901605458002633
decision_type=2 2 10 10 10 8 2 8 2 10 2 10 10 2
left_child=1 -1 6 5 -5 7 -2 -4 -9 -7 12 -12 -11 -14
right_child=2 -3 3 4 -6 9 -8 8 -10 10 11 -13 13 -15
leaf_value=0.0013332377007282238 0.0028127809569328073 -0.0087180936889843814 -0.0097615410926924912 0.011770152332231592 -0.0085611580661090272 -0.0099630887921456721 0.016904489647769968 0.02474495388611983 0.0043717524114963921 0.011111563899304986 -0.019859642944642895 -0.0023055314306018241 0.0141266483034402 -0.0034258254461258784
leaf_weight=152.50392818450928 102.76155605912209 136.1441932618618 16.885232202708721 79.641900390386581 17.098137944936752 81.849595308303833 42.367456629872322 14.511861696839331 96.151480413973331 47.808281019330025 19.505404680967331 112.40312852710485 15.505588591098784 116.4992798268795
leaf_count=685 498 635 75 467 97 337 208 64 421 211 89 506 65 547
internal_value=0.000415809 -0.00347531 0.00190091 0.00057163 0.00793259 -0.000857252 0.00735256 0.00536706 0.0079976 -0.00291645 -0.000938119 -0.00553176 0.0024902 -0.000923763
internal_weight=1051.64 288.648 762.989 617.86 96.74 521.12 145.129 127.549 110.663 393.571 311.722 131.909 179.813 132.005
internal_count=4905 1320 3585 2879 564 2315 706 560 485 1755 1418 595 823 612
is_linear=0
shrinkage=0.03


Tree=96
num_leaves=15
num_cat=0
split_feature=0 14 39 24 5 24 25 21 39 39 10 18 16 44
split_gain=5.46192 4.71929 7.66603 8.46737 6.6513 5.42774 5.40053 5.34643 3.97532 3.86697 11.346 5.02957 5.75368 5.28402
threshold=-9.2499999999999982 16.100000000000005 1084.7828395896918 0.066666666666666749 0.32282275166089697 -0.099999999999999992 -9.7416666666666654 15.200328810888744 423.60224223683105 2101.0685753144612 8.1000000000000032 -7.8499999999999988 -8.9499999999999975 1.0000000180025095e-35
decision_type=2 8 2 10 2 10 8 10 2 2 10 8 8 2
left_child=-1 2 3 5 6 8 -3 -4 -2 11 -11 -6 -13 -14
right_child=1 4 7 -5 9 -7 -8 -9 -10 10 -12 12 13 -15
leaf_value=-0.012891983896076171 0.012242812694616722 0.0044929196652895237 0.0043245383162485232 0.016617816174395686 -0.0077017759960911021 -0.015861509835837517 -0.014270681788651356 0.027082727145099898 -0.0045813892989029952 -0.012310037055178611 0.013963614231204093 -0.007582565040505169 0.0013949877296906736 0.0096364751964191451
leaf_weight=23.713603779673576 14.443755969405172 16.167472079396248 20.717198014259338 17.324189387261868 51.231609627604485 19.905634433031082 46.290378242731094 16.09034375846386 31.382426962256432 55.432991549372673 15.040009215474127 51.88354080170393 609.01994886994362 74.544798605144024
leaf_count=123 64 76 92 85 231 85 219 71 137 244 85 260 2814 366
internal_value=1.61538e-05 0.000370934 0.00584399 0.000537187 -0.000370178 -0.00457611 -0.00944063 0.0163224 0.00140408 0.000341673 -0.00614924 0.000958311 0.00160951 0.0023572
internal_weight=1063.19 1039.47 119.864 83.056 919.611 65.7318 62.4579 36.8075 45.8262 857.153 70.473 786.68 735.448 683.565
internal_count=4952 4829 534 371 4295 286 295 163 201 4000 329 3671 3440 3180
is_linear=0
shrinkage=0.03


Tree=97
num_leaves=15
num_cat=0
split_feature=2 21 10 10 18 12 2 10 24 18 18 35 39 26
split_gain=5.60549 5.32504 4.32476 4.08621 4.21104 7.4586 5.9086 6.2281 9.63094 9.18104 5.95721 5.18273 5.18078 5.40285
threshold=0.82461063744049479 15.734780997930804 21.700000000000006 13.450000000000001 4.9500000000000011 31.300000000000001 0.42090314987791461 0.20000000000000065 0.37797619047619052 9.8500000000000032 7.8375000000000012 1.0000000180025095e-35 2370.8399259221619 -15.966666666666665
decision_type=2 10 8 10 10 10 2 10 8 10 10 2 2 10
left_child=2 -2 3 4 11 6 -6 10 9 -9 -8 12 13 -1
right_child=1 -3 -4 -5 5 -7 7 8 -10 -11 -12 -13 -14 -15
leaf_value=-0.0075265364472679487 0.017000588014829891 -0.0061563702542493303 -0.013164729257669726 0.0085076386857524059 -0.01428403940933246 0.013970918947695615 0.011715258550542638 -0.019856751579738381 0.011954557753508383 0.0038814662266881813 -0.0040162415358137461 -0.0021013752675093996 -0.009004490402279729 0.0047417206857206743
leaf_weight=30.512858048081398 29.051348246634007 9.191878676414488 15.925649099051951 50.787150219082832 43.91262686252594 15.319441214203833 36.662304863333702 43.740997910499573 13.439566552639006 18.919544972479343 41.247724130749702 267.40636502951384 25.422992870211601 423.12015700340271
leaf_count=135 232 67 79 271 206 70 155 200 67 86 175 1213 116 1891
internal_value=0.000785315 0.0113665 0.000337883 0.00061446 0.000154826 -0.00351446 -0.00517875 -0.00221505 -0.00807099 -0.0129321 0.00364664 0.00121944 0.00307566 0.00384346
internal_weight=1064.66 38.2432 1026.42 1010.49 959.705 213.242 197.923 154.01 76.1001 62.6605 77.91 746.462 479.056 453.633
internal_count=4963 299 4664 4585 4314 959 889 683 353 286 330 3355 2142 2026
is_linear=0
shrinkage=0.03


Tree=98
num_leaves=15
num_cat=0
split_feature=2 19 15 25 24 15 25 12 1 39 26 16 9 7
split_gain=5.48069 5.04374 6.28507 10.4411 6.58821 5.89507 5.45599 6.13232 5.48005 4.89066 4.70168 4.69369 7.3131 7.63666
threshold=0.55421260932756089 3.2500000000000004 -2.2499999999999996 0.34523809523809529 -0.064583333333333312 -4.9499999999999993 -0.96874999999999989 23.300000000000001 39.750000000000007 827.46038218717217 -4.6547619047619042 -7.0499999999999989 -10.899999999999999 1.0000000180025095e-35
decision_type=2 8 8 10 8 10 8 10 2 2 8 10 8 2
left_child=1 2 3 4 5 -1 7 8 -4 -10 -3 12 13 -2
right_child=11 10 6 -5 -6 -7 -8 -9 9 -11 -12 -13 -14 -15
leaf_value=0.0025395991645137343 0.012714815644443734 0.0078771244040541227 0.015584430718444559 0.015936005540878973 -0.01847336000980622 -0.01200233146077964 -0.0010658216204406229 0.020059623675396415 -0.013871506227619682 0.0058196922614515943 -0.0080179260925267552 0.0032512648222012457 -0.013336451915808937 -0.0094060948195970311
leaf_weight=61.497689932584763 27.968747548758984 14.819525390863417 14.977925002574919 15.156556054949759 30.455514088273048 35.867743596434593 89.744718611240387 26.35238978266716 16.295966595411301 20.01528038084507 146.49882346391678 509.61952064186335 37.236352190375328 19.823560662567616
leaf_count=281 156 62 64 64 130 164 376 120 71 85 651 2474 175 104
internal_value=0.000253004 -0.00214929 0.000107992 -0.00442904 -0.00735286 -0.00314199 0.00399948 0.00956463 0.00286945 -0.00362676 -0.00636481 0.00216057 -0.00419405 0.00351753
internal_weight=1066.33 471.682 310.364 142.978 127.821 97.3654 167.386 77.6416 51.2892 36.3112 161.318 594.648 85.0287 47.7923
internal_count=4977 2068 1355 639 575 445 716 340 220 156 713 2909 435 260
is_linear=0
shrinkage=0.03


Tree=99
num_leaves=15
num_cat=0
split_feature=0 3 13 41 3 1 19 25 11 23 8 17 18 22
split_gain=11.2616 8.58138 8.23029 6.19417 6.10278 5.82467 6.41404 8.23156 8.32363 8.41325 8.15014 6.839 7.1377 5.82396
threshold=-2.7499999999999996 0.024154191582227872 27.500000000000004 79.500000000000014 0.024154191582227872 44.750000000000007 -2.1499999999999999 1.6794871794871797 25.266666666666669 0.60912698412698429 3.5000000000000004 0.10000000000000032 -4.2499999999999991 0.44722222222222224
decision_type=2 2 10 10 2 2 10 8 8 8 10 10 10 8
left_child=3 2 -2 4 -1 -3 7 -7 -9 -10 13 -12 -13 -8
right_child=1 5 -4 -5 -6 6 10 8 9 -11 11 12 -14 -15
leaf_value=0.0015460672633490914 -0.0069501848377591388 0.005416411381965686 0.011014596554759634 0.0076962970152315412 -0.0097242526277307676 -0.01930568863198065 0.0049782585872604809 0.016242983168988714 0.0061577175234615216 -0.022271226208274344 -0.0051144837747695701 -0.0065783623881593145 0.017083603509278129 -0.0088057572129788975
leaf_weight=53.693426236510277 158.21340806782246 343.02346464246511 22.123469822108746 23.452089995145798 193.40540055930614 27.501691982150078 42.255391292273998 14.365022517740725 15.570367656648161 13.529661521315573 21.789033897221088 11.217511750757692 58.141697473824024 62.878651648759842
leaf_count=241 714 1636 94 104 909 119 185 69 87 61 99 56 304 286
internal_value=-0.000653383 0.00116013 -0.0045086 -0.00587777 -0.00729317 0.00285828 -0.000464339 -0.00788415 0.000588753 -0.00838743 0.00234754 0.00868441 0.0130717 -0.0032912
internal_weight=1061.16 790.609 180.337 270.551 247.099 610.272 267.249 70.9667 43.4651 29.1 196.282 91.1482 69.3592 105.134
internal_count=4964 3710 808 1254 1150 2902 1266 336 217 148 930 459 360 471
is_linear=0
shrinkage=0.03


Tree=100
num_leaves=15
num_cat=0
split_feature=13 2 17 42 21 10 18 25 20 42 12 12 9 22
split_gain=5.75842 5.16157 6.96365 7.51055 8.42605 7.47927 5.06147 6.95191 6.29564 6.41571 4.31182 4.29973 7.32254 6.16717
threshold=27.300000000000001 0.82461063744049479 11.950000000000001 1.5000000000000002 13.852396294450317 14.300000000000002 -7.1499999999999995 -13.422619047619046 15.32644772933377 1.5000000000000002 18.450000000000003 22.300000000000001 -1.0999999999999999 0.23205128205128209
decision_type=8 2 10 10 10 8 10 10 8 10 8 8 10 10
left_child=1 2 5 -4 -5 6 8 -8 9 -1 -2 12 -12 -13
right_child=10 -3 3 4 -6 -7 7 -9 -10 -11 11 13 -14 -15
leaf_value=0.0033711007724094703 0.0034010117328482298 0.011829289542167496 -0.02250869291889563 0.011787789303428425 -0.012818197443360361 0.01932487606833078 0.011745017708645904 0.00091683390592361351 0.0067125866623052631 -0.016867243286783309 -0.0234602858081406 0.0053882837877751522 -0.00091777134048391456 -0.0090782208290490322
leaf_weight=18.329856649041176 44.984524831175804 34.406937651336193 18.088178783655167 19.45086558163166 20.706257551908493 15.600510247051714 53.451497331261635 627.49487362802029 22.150476418435574 40.427520975470543 25.389119386672974 41.892750769853592 23.361767783761024 57.144866026937962
leaf_count=81 207 277 90 93 98 92 236 2840 101 176 112 192 104 263
internal_value=0.000172203 0.00121626 0.000711548 -0.00886976 -0.00091428 0.00148145 0.000992453 0.00184622 -0.00588235 -0.0107845 -0.00445188 -0.00687526 -0.013748 -0.00299405
internal_weight=1062.88 870.107 835.7 58.2453 40.1571 777.455 761.854 680.946 80.9079 58.7574 192.773 147.789 48.7509 99.0376
internal_count=4962 4084 3807 281 191 3526 3434 3076 358 257 878 671 216 455
is_linear=0
shrinkage=0.03


Tree=101
num_leaves=15
num_cat=0
split_feature=2 3 39 20 9 20 4 39 8 3 15 9 22 22
split_gain=5.94205 4.67814 4.57961 4.23512 6.30394 6.25975 6.40418 7.18038 6.75561 6.10033 5.64696 5.53526 4.16194 3.97464
threshold=0.63030944378226328 0.017252927254727494 2301.1072498434423 15.32644772933377 -13.099999999999998 11.95663454998037 145.87591716813657 400.43809280685315 9.3000000000000025 0.024485630696073794 -3.6499999999999999 6.9000000000000012 0.15504807692307696 0.36038961038961043
decision_type=2 2 2 10 10 8 2 2 10 2 10 10 10 8
left_child=1 -1 13 5 -5 11 9 -8 -9 -7 -11 -2 -6 -3
right_child=3 2 -4 4 12 6 7 8 -10 10 -12 -13 -14 -15
leaf_value=-0.012230323532045612 0.0075884028950813339 0.0022779237583309873 -0.011967385763080558 -0.010734328378149551 -0.0051718141922165867 -0.0080178541302941379 0.0068382343496977043 -0.019251419636954672 0.0025515196898942324 -0.0051272555898813181 0.015036617069559605 -0.010476480311614151 0.011567180291786253 -0.0026817700798024511
leaf_weight=33.235803484916687 112.02480839937925 231.09518356621265 29.935681745409966 11.605177499353884 12.500684544444082 26.473827049136162 16.239539586007595 45.125402078032494 15.730598106980322 15.602113783359526 32.899373397231102 13.119524642825125 95.575310751795769 374.49747873842716
leaf_count=142 593 1020 130 68 63 120 97 251 96 71 157 62 524 1588
internal_value=-0.000306147 -0.00202689 -0.00140198 0.00258242 0.00717524 0.000507579 -0.00353316 -0.00934094 -0.0138498 0.00264949 0.00867726 0.00536483 0.00948798 -0.000785987
internal_weight=1065.66 668.764 635.528 396.896 119.681 277.215 152.071 77.0955 60.856 74.9753 48.5015 125.144 108.076 605.593
internal_count=4982 2880 2738 2102 655 1447 792 444 347 348 228 655 587 2608
is_linear=0
shrinkage=0.03


Tree=102
num_leaves=15
num_cat=0
split_feature=4 4 22 0 23 18 21 24 21 39 39 41 21 12
split_gain=6.25793 4.64057 4.5691 8.97002 5.71126 6.73948 5.84596 10.1029 5.9106 5.15648 9.27209 6.58946 8.30877 5.09284
threshold=131.92647863269011 337.15197385050732 0.22474747474747478 -6.7499999999999991 0.72902097902097907 -9.8499999999999996 11.356104508822634 -0.26515151515151508 15.069468747943292 1817.3837327846545 1498.7265836129675 55.500000000000007 12.842853609774876 21.100000000000005
decision_type=2 2 8 2 10 10 10 10 10 2 2 10 8 10
left_child=2 -2 -1 -4 5 -5 7 -6 -8 10 13 -11 -13 -7
right_child=1 -3 3 4 6 9 8 -9 -10 11 -12 12 -14 -15
leaf_value=0.0033113503565744442 0.002766682454639788 0.018774399149505454 -0.015961932599555844 0.012593522712384083 -0.020259340117924681 0.00052384716817381008 0.014869897590549604 0.0064121230374855681 -0.00023375104757995525 0.0018609843208380055 0.012088306988588936 -0.030059698312977008 -0.0041146330291150649 -0.0065986908154996009
leaf_weight=145.78811386227608 248.17169139534235 12.751267082989214 36.693278178572655 18.846168667078018 16.636130318045616 146.70482537150383 47.092301890254021 27.113391101360321 41.941671773791313 21.995409429073334 31.183454930782318 19.189581274986267 23.987111419439316 227.36131732165813
leaf_count=648 1337 108 196 80 73 640 204 116 179 97 137 83 104 978
internal_value=-0.000106061 0.00388727 -0.00141717 -0.00248071 -0.00156455 -0.00305962 0.00385544 -0.00476761 0.00812084 -0.00381257 -0.00247755 -0.0113459 -0.0175687 -0.00383524
internal_weight=1065.46 260.923 804.533 658.745 622.051 489.268 132.783 43.7495 89.034 470.422 405.25 65.1721 43.1767 374.066
internal_count=4980 1445 3535 2887 2691 2119 572 189 383 2039 1755 284 187 1618
is_linear=0
shrinkage=0.03


Tree=103
num_leaves=15
num_cat=0
split_feature=8 22 2 42 41 16 3 3 14 24 30 24 24 22
split_gain=6.2931 7.99467 6.32668 7.10622 6.85811 6.29995 6.24358 5.73708 5.43199 5.41835 6.83544 5.12993 4.59866 4.59788
threshold=2.9000000000000004 0.38675213675213682 0.71263570861201753 7.5000000000000009 76.500000000000014 -4.9499999999999993 0.02735756679367685 0.030442734514491535 12.700000000000001 -0.77747252747252737 2.5000000000000004 -0.22222222222222221 -0.20416666666666669 0.51470588235294124
decision_type=8 8 2 8 10 10 2 2 8 10 2 8 10 8
left_child=1 5 3 13 6 12 -5 -4 -2 -7 -11 -10 -1 -3
right_child=8 2 7 4 -6 9 -8 -9 11 10 -12 -13 -14 -15
leaf_value=-0.015229124940818736 -0.012370945419918256 -0.006989247356384007 0.0079473679586279222 -0.017447493613646826 0.003497616835414791 -0.0080775140469646484 0.0032565833668604118 -0.011943884079710072 -0.00695232829519646 0.0073643801323727805 -0.0084565922373712032 0.0056273410643463712 9.7146369413228693e-05 0.002087840920562199
leaf_weight=22.909148529171944 13.394112028181551 90.943666651844978 56.246748082339764 86.91522978246212 20.813897356390953 24.446675956249237 13.628370732069014 11.875084757804869 27.972451657056808 215.54054003953934 23.459945373237133 304.82423214614391 47.622202388942242 101.73969316482544
leaf_count=103 60 396 322 371 89 109 62 73 121 974 106 1543 209 438
internal_value=0.00037208 -0.00123355 -0.00417205 -0.00595678 -0.011497 0.00214083 -0.0146198 0.00390029 0.00366382 0.00426756 0.00566995 0.00448273 -0.00555954 -0.00226483
internal_weight=1062.33 716.141 382.163 314.041 121.357 333.979 100.544 68.1218 346.191 263.447 239 332.797 70.5314 192.683
internal_count=4976 3252 1751 1356 522 1501 433 395 1724 1189 1080 1664 312 834
is_linear=0
shrinkage=0.03


Tree=104
num_leaves=15
num_cat=0
split_feature=2 25 4 1 14 9 4 19 14 14 3 41 9 12
split_gain=6.62241 6.18349 5.2644 5.44772 7.01649 6.3836 6.30161 6.16108 6.61101 6.20625 8.39059 5.81323 5.77051 5.75419
threshold=0.3243375767618098 -13.954545454545451 261.49051116978779 46.750000000000007 22.100000000000005 -3.2999999999999994 163.22505223019689 -6.9499999999999993 25.700000000000006 22.100000000000005 0.029690103659460235 83.500000000000014 1.0000000180025095e-35 24.500000000000004
decision_type=2 8 2 2 10 10 2 8 10 10 2 10 10 10
left_child=1 -1 3 7 -5 6 -6 -2 9 11 -11 12 -9 -14
right_child=2 -3 -4 4 5 -7 -8 8 -10 10 -12 -13 13 -15
leaf_value=0.0073096731685795653 0.0089485949634271113 -0.010465715118988726 0.0090583752964215735 -0.010151565493313332 -0.012977905332707675 0.0049364407174053489 0.0080097388167857577 0.0085394911637610288 0.0053907120603864916 -0.0097015310710141609 0.0085942713887377196 -0.014301560392833271 -0.0054642557961128531 0.0044348900543519452
leaf_weight=17.572741940617561 69.80972034484148 96.850827693939209 48.918282896280289 102.38800266385078 42.163766831159592 87.863472923636436 13.863349094986914 75.339602306485176 139.86386354267597 130.18741431087255 23.039032727479935 16.936977371573448 110.17741405963898 92.808631539344788
leaf_count=83 318 505 373 447 185 386 75 344 654 586 109 72 478 396
internal_value=-0.000884353 -0.00754409 -4.98521e-05 -0.00058958 -0.00434871 -1.73374e-05 -0.00755396 0.000839235 -0.000190262 -0.00197097 -0.00676593 0.000588611 0.00173112 -0.000940392
internal_weight=1067.78 114.424 953.36 904.441 246.279 143.891 56.0271 658.163 588.353 448.489 153.226 295.263 278.326 202.986
internal_count=5011 588 4423 4050 1093 646 260 2957 2639 1985 695 1290 1218 874
is_linear=0
shrinkage=0.03


Tree=105
num_leaves=15
num_cat=0
split_feature=20 2 1 1 17 2 24 7 23 14 11 11 42 17
split_gain=6.328 9.15384 5.64946 6.49067 6.56033 7.79004 9.86186 6.20832 6.44725 5.23173 6.72116 6.23606 6.21372 5.12331
threshold=15.32644772933377 0.74392323375643266 46.750000000000007 42.250000000000007 -5.1624999999999988 0.71121350806352424 0.15384615384615385 -1.4814344914032469 0.15504807692307696 21.633333333333336 26.900000000000002 25.100000000000005 4.5000000000000009 -7.6499999999999986
decision_type=8 2 2 2 10 2 8 2 10 10 10 10 8 8
left_child=2 -2 3 -1 13 6 -6 -4 -9 10 -10 12 -11 -5
right_child=1 -3 7 4 5 -7 -8 8 9 11 -12 -13 -14 -15
leaf_value=-0.0028239536191072721 0.0015482866665894963 0.015791517157565025 -0.013537243527904072 0.0043851427770504516 0.0019607710759924658 0.010589185856291873 -0.015403913945355329 -0.016731717865684347 0.0031380431043857575 0.0078238778478539241 -0.017808914679548964 0.012729414707732794 -0.013918221660480418 0.02104218825912484
leaf_weight=282.12607418745756 271.37291020154953 43.065532729029655 56.725416243076324 46.328005701303482 100.21702685952187 46.669583931565285 36.151466712355614 17.857266634702682 26.814694195985794 18.888823285698891 20.893838316202164 40.62130268663168 18.869369089603424 24.468521632254124
leaf_count=1297 1200 293 266 210 436 289 156 88 122 87 93 194 86 110
internal_value=0.00018644 0.00371568 -0.00133495 0.000284464 0.00372715 0.000635784 -0.00302463 -0.00556191 -0.00207009 0.000565355 -0.00685478 0.00522211 -0.00339855 0.0111504
internal_weight=1051.07 314.438 736.631 535.961 253.835 183.038 136.368 200.671 143.945 126.088 47.7085 78.3795 37.7582 70.7965
internal_count=4927 1493 3434 2498 1201 881 592 936 670 582 215 367 173 320
is_linear=0
shrinkage=0.03


Tree=106
num_leaves=15
num_cat=0
split_feature=0 17 15 3 2 24 3 13 20 20 1 20 41 10
split_gain=7.59451 5.05823 6.79285 7.09055 10.2782 7.82215 10.2475 6.87798 8.38737 6.63026 6.07288 6.54034 5.62258 8.48049
threshold=-9.2499999999999982 -14.249999999999998 -2.0499999999999994 0.025177278803792173 0.77288934738660442 0.060661764705882366 0.042092374181926358 23.450000000000003 13.931977605494499 13.039256938035257 46.250000000000007 10.766460114864026 40.500000000000007 2.4999999999999996
decision_type=2 8 10 2 2 8 2 10 8 10 2 8 10 10
left_child=-1 9 10 7 5 12 -7 8 -4 -2 -3 -12 -5 -14
right_child=1 2 3 4 -6 6 -8 -9 -10 -11 11 -13 13 -15
leaf_value=-0.01456417823444379 0.023865109672352964 -0.00089418726610010523 -0.0023239432612407645 0.014009595546975073 0.013360562686117771 -0.021710040371474164 0.0026907108506565186 0.010278489333209771 0.0067104987486182521 0.0007179633262869282 0.0056876099311290512 -0.01365994991469237 -0.010601047217907023 0.010127920414397151
leaf_weight=25.903689339756966 13.93854223191738 253.8439234867692 201.67495135962963 14.907481193542479 23.701831758022308 41.840429358184338 21.638716384768486 107.21040243655443 162.99431210756302 27.821906954050064 16.796964593231678 71.419908940792084 48.615635424852371 21.938078641891479
leaf_count=137 62 1158 942 65 175 196 99 483 791 126 77 326 216 96
internal_value=9.06634e-05 0.0005285 7.11856e-05 0.00188132 -0.00325608 -0.00624846 -0.0138032 0.00377533 0.00175028 0.0101696 -0.0033175 -0.00986859 -0.000184161 -0.00391185
internal_weight=1054.25 1028.34 986.583 644.522 172.642 148.94 63.4791 471.88 364.669 41.7604 342.061 88.2169 85.4612 70.5537
internal_count=4949 4812 4624 3063 847 672 295 2216 1733 188 1561 403 377 312
is_linear=0
shrinkage=0.03


Tree=107
num_leaves=15
num_cat=0
split_feature=2 15 19 25 19 19 1 7 35 11 12 20 11 15
split_gain=5.90186 4.4842 3.94118 5.8524 4.42092 5.23456 4.19333 3.60322 5.82206 4.7377 8.17841 4.56459 6.71534 4.11066
threshold=0.82461063744049479 -2.0499999999999994 -6.9499999999999993 -5.5358974358974349 11.15 12.350000000000003 46.750000000000007 0.71048102998130169 1.0000000180025095e-35 13.700000000000001 23.633333333333336 15.77163415591817 17.500000000000004 -5.9499999999999993
decision_type=2 10 8 8 10 10 2 2 2 10 8 10 10 10
left_child=2 -2 3 -1 7 -6 -5 9 13 10 -4 12 -10 -9
right_child=1 -3 4 6 5 -7 -8 8 11 -11 -12 -13 -14 -15
leaf_value=-0.0080023235205690137 -0.0056722867223612753 0.016080373439701715 -0.023705723712752806 0.011991329600831543 0.018391427588267433 -0.00064644991069252617 -0.00466779013590059 0.0072673316200046389 -0.024398655717057492 0.00058158102380652399 0.0049857302078154262 0.00069417960290377037 -0.0066574244843328276 -0.0029489253409676385
leaf_weight=20.172831118106842 8.6359731554985029 27.972010537981987 14.576404348015787 61.262737914919853 16.960334971547127 31.055781707167625 14.221830628812311 38.58439102768898 24.535130247473717 492.61367089301348 13.805152922868727 32.572744980454445 72.931868754327297 186.40654497593641
leaf_count=90 64 236 63 288 79 143 66 171 112 2248 60 153 341 843
internal_value=-0.000193283 0.0108839 -0.000642127 0.00500126 -0.00125011 0.00717845 0.00875764 -0.0017502 -0.00405816 -0.000153828 -0.0110934 -0.00898521 -0.012096 -0.001077
internal_weight=1056.31 36.608 1019.7 95.6574 924.042 48.0161 75.4846 876.026 355.031 520.995 28.3816 130.04 97.467 224.991
internal_count=4957 300 4657 444 4213 222 354 3991 1620 2371 123 606 453 1014
is_linear=0
shrinkage=0.03


Tree=108
num_leaves=15
num_cat=0
split_feature=8 20 41 26 16 8 23 25 23 16 4 21 16 3
split_gain=5.22088 7.11536 8.52986 6.4122 5.78322 5.73872 9.93576 5.16829 4.6986 6.31918 5.43531 6.79977 6.40321 5.25147
threshold=1.7000000000000004 14.690510901226389 58.500000000000007 9.4142857142857164 2.0500000000000003 -0.77499999999999991 0.82843137254901966 8.912878787878789 0.36515151515151517 -0.54999999999999993 114.68810251321464 9.7091022585338127 -4.9499999999999993 0.024642600261680418
decision_type=10 8 10 10 10 10 8 10 8 10 2 8 8 2
left_child=5 2 -2 4 7 8 -7 -4 9 -1 11 -10 -13 -12
right_child=1 -3 3 -5 -6 6 -8 -9 10 -11 13 12 -14 -15
leaf_value=0.0004619125807499841 0.005869942991607033 0.0077818416813882447 0.001796060109765554 0.010360111490603766 -0.015275019638940153 -0.011160140301292589 0.0097699992951046505 -0.015595226589383338 -0.013619726539223585 0.014144328825777652 -0.0036630028483117015 -0.011780269375833041 0.00040483773579984739 0.019449836387376775
leaf_weight=106.36287209391594 108.32309602200985 153.80592334270477 64.400271482765675 16.694577857851982 46.597106605768204 100.00301013886929 21.23437662422657 14.881848365068434 41.580302596092224 37.726783573627472 13.327395588159563 40.145967230200768 274.62273706495762 15.240834586322306
leaf_count=491 546 778 315 71 210 468 94 82 187 171 63 177 1230 72
internal_value=0.000156564 0.00281228 -0.000326707 -0.00507409 -0.00743863 -0.00150516 -0.00725251 -0.00219993 -0.000132417 0.00439857 -0.0018632 -0.00291419 -0.00130916 0.00972788
internal_weight=1054.95 404.703 250.897 142.574 125.879 650.244 121.237 79.2821 529.007 144.09 384.917 356.349 314.769 28.5682
internal_count=4955 2002 1224 678 607 2953 562 397 2391 662 1729 1594 1407 135
is_linear=0
shrinkage=0.03


Tree=109
num_leaves=15
num_cat=0
split_feature=1 2 9 8 2 8 8 14 23 42 11 14 14 22
split_gain=4.50938 6.4457 5.53471 5.53393 8.9784 11.3528 6.81868 5.2923 5.65824 5.62613 6.75189 5.99676 6.45266 6.32485
threshold=46.250000000000007 0.46260348075676794 15.700000000000001 6.7000000000000002 0.54618794584328312 1.9000000000000001 11.700000000000001 25.700000000000006 0.46291208791208799 5.5000000000000009 14.225000000000001 22.300000000000001 18.300000000000001 0.41287878787878796
decision_type=2 2 10 8 2 10 10 10 10 10 8 8 10 10
left_child=2 -2 7 4 -3 -6 -5 9 -9 10 -1 12 13 -11
right_child=1 3 -4 6 5 -7 -8 8 -10 11 -12 -13 -14 -15
leaf_value=-0.010157788471743902 -0.0089161126737658733 0.016297330370648053 0.017495677654101219 -0.013128873415849609 -0.0081493905352433837 0.0094208633810533033 0.0051171104493534427 0.0023968689646660917 0.014983944060231551 0.0032350478659955062 0.0045968654898424534 -0.0091970155850969668 0.0047490170157856249 -0.011881636303515157
leaf_weight=26.599789321422577 92.744383841753006 32.411095023155212 14.627830147743223 43.972224086523056 70.349081173539162 54.032548904418945 26.093908920884132 111.5872769728303 41.636535704135895 39.886125549674034 250.32736551016569 88.178019516170025 111.96668425947428 54.445948973298073
leaf_count=119 437 131 67 217 320 261 141 570 192 178 1165 416 525 246
internal_value=0.000477722 -0.00247548 0.00176254 0.000293068 0.00341047 -0.000447602 -0.00644551 0.00132722 0.00618266 -1.71195e-05 0.00302462 -0.00288032 -2.66429e-05 -0.00564879
internal_weight=1058.86 319.603 739.256 226.859 156.793 124.382 70.0661 724.628 153.224 571.404 276.927 294.477 206.299 94.3321
internal_count=4985 1507 3478 1070 712 581 358 3411 762 2649 1284 1365 949 424
is_linear=0
shrinkage=0.03


Tree=110
num_leaves=15
num_cat=0
split_feature=22 11 11 42 26 14 41 43 39 42 18 20 7 14
split_gain=4.72938 7.87195 6.27022 5.38229 4.85667 6.66146 7.09045 5.72043 5.35978 9.30549 6.81898 6.36162 5.98819 5.75727
threshold=0.87867647058823539 17.100000000000005 27.100000000000005 3.5000000000000004 1.3603896103896107 29.300000000000001 79.500000000000014 1.0000000180025095e-35 1163.3188304630321 8.5000000000000018 -5.3666666666666663 16.926967294567039 -4.6471862797894934 16.100000000000005
decision_type=8 8 10 8 8 8 10 2 2 8 10 10 2 10
left_child=4 -2 -3 -4 5 6 7 -1 9 12 -11 -10 -6 -12
right_child=1 2 3 -5 8 -7 -8 -9 11 10 13 -13 -14 -15
leaf_value=0.0052671852216495526 -0.011834895700698794 0.01184031239796687 -0.012574295172064905 0.0071427443391485386 0.0083469110426070362 -0.0068297768677353602 -0.01117609122267316 -0.0051311476308853222 0.0049988161569255998 -0.012629023766851804 -0.0074515776035313456 -0.010949109450532259 -0.01041575898149774 0.0094159624546091749
leaf_weight=336.54625909775496 17.30092366039753 88.789444305002689 18.029036939144135 22.386965833604336 12.998765952885149 71.778578743338585 25.67323587089777 51.242053665220737 110.22811810672283 18.678474605083466 20.054552420973778 23.087574936449528 183.72243770956993 68.73977792263031
leaf_count=1638 75 418 92 121 59 361 116 236 493 82 89 104 830 309
internal_value=5.34705e-05 0.00496752 0.00757451 -0.00206878 -0.000749308 0.00131204 0.00279021 0.00384533 -0.00302453 -0.00519691 0.00185466 0.001941 -0.00899981 0.00541221
internal_weight=1069.26 146.506 129.205 40.416 922.75 485.24 413.462 387.788 437.51 304.194 107.473 133.316 196.721 88.7943
internal_count=5023 706 631 213 4317 2351 1990 1874 1966 1369 480 597 889 398
is_linear=0
shrinkage=0.03


Tree=111
num_leaves=15
num_cat=0
split_feature=20 0 20 19 9 9 41 0 18 3 0 41 18 13
split_gain=5.7091 7.94628 5.62224 7.83297 7.63349 7.56057 6.04946 6.21708 5.96116 5.47958 7.14787 5.12267 5.10432 5.11609
threshold=15.32644772933377 7.2500000000000009 11.95663454998037 -6.7749999999999995 -13.499999999999998 12.100000000000001 46.500000000000007 8.2500000000000018 -5.5499999999999989 0.024564506785832555 5.7500000000000009 57.500000000000007 -2.7499999999999996 21.225000000000005
decision_type=8 2 10 10 10 10 10 2 10 2 2 10 10 10
left_child=2 -2 -1 -4 -5 6 -6 8 -8 11 12 -10 -11 -14
right_child=1 -3 3 4 5 -7 7 -9 9 10 -12 -13 13 -15
leaf_value=0.0015209946707025529 0.0015721784397458559 0.014509226510440497 0.0076971722276907902 0.014204290770074395 3.1746814535173824e-05 0.0085753029425512557 -0.019257032212716827 -0.024113685676553597 -0.012216527880526001 0.0023258478613104954 0.0069939461999291939 0.0061230074745721426 -0.0010499344367478425 -0.019431699204791122
leaf_weight=359.72425688803196 278.9634016752243 45.825592733919621 43.45217103511095 12.684386506676672 71.767589084804058 24.446353077888489 30.698720335960388 21.120510168373585 13.407200112938879 16.06416417658329 17.078044876456261 49.226916402578354 18.005469799041748 59.82526595890522
leaf_count=1672 1237 316 204 71 343 110 134 133 59 70 85 213 77 266
internal_value=0.000306519 0.00358981 -0.00115385 -0.00368748 -0.00525876 -0.00623199 -0.00757173 -0.00994057 -0.00793435 -0.00544914 -0.00931609 0.0015844 -0.0124863 -0.0154993
internal_weight=1062.29 324.789 737.501 377.777 334.325 321.64 297.194 225.426 204.306 173.607 110.973 62.6341 93.8949 77.8307
internal_count=4990 1553 3437 1765 1561 1490 1380 1037 904 770 498 272 413 343
is_linear=0
shrinkage=0.03


Tree=112
num_leaves=15
num_cat=0
split_feature=13 3 22 23 23 41 18 0 4 17 25 8 12 7
split_gain=4.5605 6.054 8.25589 5.63454 5.11557 5.09162 5.71004 5.35854 7.40723 6.98755 6.75986 5.50934 4.95847 7.52771
threshold=25.900000000000002 0.024141657566646661 0.44722222222222224 0.73431372549019625 0.68301435406698574 25.500000000000004 -4.5499999999999989 9.2500000000000018 76.467055827746563 6.3500000000000014 -5.8516483516483504 -3.0999999999999996 18.450000000000003 0.074756833381474999
decision_type=10 2 8 10 10 8 8 2 2 8 10 10 10 2
left_child=3 2 -2 4 5 -1 7 8 10 -10 -7 -12 -3 -14
right_child=1 12 -4 -5 -6 6 -8 -9 9 -11 11 -13 13 -15
leaf_value=-0.0137992685947159 0.014130370127109463 0.0021290907515299331 -0.0090303131471186435 0.0063419597933471383 -0.0087740655046538996 -0.010077359274073988 0.0031205273215690276 0.012134550358317913 -0.02031084231228231 0.0016211225208932255 0.018476547171110524 -0.00083251181588697818 -0.0012674702180732885 -0.01431995748126281
leaf_weight=15.586410552263258 32.19311897456646 56.157351493835449 17.813147753477097 156.84995219856501 48.916237734258175 28.753673538565636 429.90423844754696 12.609821796417235 36.518583163619041 18.066583320498466 17.288807809352875 31.965189725160599 77.935057878494263 78.529194578528404
leaf_count=77 142 260 79 695 223 125 2109 96 164 85 74 136 355 366
internal_value=0.000210167 -0.00318166 0.0058092 0.00134147 7.55349e-05 0.000875879 0.00138911 -0.00367036 -0.00555978 -0.0135249 0.000492706 0.00702338 -0.0053811 -0.00805907
internal_weight=1059.09 262.628 50.0063 796.459 639.61 590.693 575.107 145.203 132.593 54.5852 78.0077 49.254 212.622 156.464
internal_count=4986 1202 221 3784 3089 2866 2789 680 584 249 335 210 981 721
is_linear=0
shrinkage=0.03


Tree=113
num_leaves=15
num_cat=0
split_feature=2 16 21 10 21 17 10 17 20 20 39 39 37 15
split_gain=6.3908 6.01575 7.3249 7.18282 6.59765 6.65505 6.28761 5.96553 8.70474 6.40304 5.69729 5.49047 4.67775 4.566
threshold=0.60354989587501329 -8.7499999999999982 14.725072953023455 10.300000000000002 8.3563011450751237 -6.0499999999999989 -1.8 1.0000000180025095e-35 10.157919642517044 17.195768176089306 275.5593959411222 1008.7888453382922 1.0000000180025095e-35 9.4500000000000011
decision_type=2 8 10 10 8 8 8 8 8 10 2 2 2 10
left_child=-1 2 -2 4 -3 6 -6 9 -9 10 -7 -10 -12 -5
right_child=1 3 -4 13 5 7 -8 8 11 -11 12 -13 -14 -15
leaf_value=-0.0023738390932394947 0.0034857884759484799 0.016926586990698638 -0.019426453002367852 0.014595286368776821 0.012551525638278702 0.0066120788381109899 -0.0089366945553166939 0.016250995793779865 -0.005926062125053989 0.0082621689385931393 -0.01619510374854612 0.0062350830437764371 0.0014663453344935175 -0.0013507601835781569
leaf_weight=572.11084492504597 23.251735433936119 18.107477478682995 19.4019805341959 64.567958749830723 55.251543276011944 12.819724284112452 11.547695413231848 26.030649930238724 83.301068358123302 16.951982952654362 65.180231168866158 48.90783529728651 15.737643741071222 20.011729203164577
leaf_count=2490 127 93 102 420 255 60 61 128 394 86 307 237 74 123
internal_value=-0.000240323 0.00229528 -0.00788111 0.00336305 0.00142028 0.000347835 0.00847317 -0.00178824 0.00194267 -0.00697531 -0.0100098 -0.00136404 -0.0128747 0.0109576
internal_weight=1053.18 481.069 42.6537 438.416 353.836 335.728 66.7992 268.929 158.24 110.69 93.7376 132.209 80.9179 84.5797
internal_count=4957 2467 229 2238 1695 1602 316 1286 759 527 441 631 381 543
is_linear=0
shrinkage=0.03


Tree=114
num_leaves=15
num_cat=0
split_feature=0 12 15 7 27 21 23 23 19 0 24 17 24 21
split_gain=4.68869 6.02401 7.32937 6.8125 6.10981 5.46751 4.94319 5.71315 4.76978 5.55738 4.3217 8.53179 7.80908 5.41922
threshold=1.0000000180025095e-35 26.300000000000001 -3.2499999999999996 2.01942434403793 10.500000000000002 11.043348928452618 0.73431372549019625 0.41987179487179493 1.3500000000000003 -6.2499999999999991 -0.23273809523809522 -6.1499999999999986 -0.19230769230769229 8.5693251387336939
decision_type=2 10 8 2 2 10 8 10 10 2 8 8 8 8
left_child=1 2 8 5 -3 -4 7 -5 9 -1 11 -2 -12 -14
right_child=10 4 3 6 -6 -7 -8 -9 -10 -11 12 -13 13 -15
leaf_value=0.0039231587332235526 0.007628835809399848 -0.0013649166072423726 -0.0026405114080650261 0.0057892832692920141 -0.013841539465119106 0.014397810756393663 0.0091044740318402036 -0.015418900813618852 0.0032360145598283518 -0.014731335353248899 0.021142007797787476 -0.01317973156083118 0.012051289878576624 0.00048383188295320859
leaf_weight=16.719776943325996 23.69822958111763 68.540998294949532 21.479891076683998 14.158576354384421 70.651041030883789 56.630827277898788 16.02355532348156 28.240192979574203 31.327678486704826 52.964094072580338 13.361108154058455 44.063045032322407 34.066525183618069 552.5743138641119
leaf_count=85 103 310 93 61 336 244 69 126 140 230 57 190 180 2700
internal_value=-0.000467213 -0.003121 -0.000180987 0.00429033 -0.00795817 0.00983542 -0.00331436 -0.00847306 -0.00614199 -0.0102924 0.00104206 -0.00587818 0.00186572 0.00125173
internal_weight=1044.5 376.737 237.545 136.533 139.192 78.1107 58.4223 42.3988 101.012 69.6839 667.763 67.7613 600.002 586.641
internal_count=4924 1694 1048 593 646 337 256 187 455 315 3230 293 2937 2880
is_linear=0
shrinkage=0.03


Tree=115
num_leaves=15
num_cat=0
split_feature=0 19 8 18 3 18 8 12 8 2 18 39 1 19
split_gain=5.58966 5.91077 7.27471 8.23108 7.07128 9.27116 6.82122 7.80969 7.32395 7.1351 6.75712 6.12493 5.66798 5.60104
threshold=-5.2499999999999991 7.2500000000000009 -10.299999999999999 5.7500000000000009 0.021403185292074193 -0.54999999999999993 -7.6999999999999984 20.450000000000003 11.500000000000002 0.38737947484355173 2.3500000000000001 2101.0685753144612 37.750000000000007 -9.1499999999999968
decision_type=2 10 10 8 2 10 10 10 10 2 10 2 2 8
left_child=-1 4 -3 -4 5 -2 -6 13 9 -9 -7 12 -11 -8
right_child=1 2 3 -5 6 10 7 8 -10 11 -12 -13 -14 -15
leaf_value=-0.0060089759724530718 -0.018967039309689571 0.024367665339057484 -0.0005272554265835272 0.018198044681069624 -0.0055852582137972144 0.016108698538963382 -0.0061081288425160266 0.010128233843107343 0.011797519763732729 -0.017015674722185264 -0.0063531725371448354 -0.015657184909277297 -0.00069732443242979231 0.0077685972773381996
leaf_weight=107.76904697716236 33.547001369297504 13.782902017235754 88.84721202403307 22.6107117831707 113.06594693660736 12.771336287260054 25.762556709349155 34.512558326125145 34.077551379799843 15.741727843880652 32.541351273655891 28.041398458182812 257.8905264288187 228.38098551332951
leaf_count=563 150 59 413 110 486 63 127 151 170 67 158 122 1134 1168
internal_value=0.000306376 0.00105713 0.00699224 0.00388964 0.00010955 -0.0081488 0.00104156 0.00227637 -0.00051265 -0.00191508 0.000949391 -0.00343554 -0.0019246 0.0062712
internal_weight=1049.34 941.574 125.241 111.458 816.333 78.8597 737.473 624.407 370.264 336.186 45.3127 301.674 273.632 254.144
internal_count=4941 4378 582 523 3796 371 3425 2939 1644 1474 221 1323 1201 1295
is_linear=0
shrinkage=0.03


Tree=116
num_leaves=15
num_cat=0
split_feature=11 5 14 39 41 14 39 39 3 26 30 22 13 22
split_gain=5.81892 9.16807 10.5354 6.47678 6.3036 5.83024 5.76171 7.01008 10.7845 6.27028 6.18891 8.01193 5.34617 7.77027
threshold=27.100000000000005 0.67163707250778726 22.300000000000001 1782.34303976501 46.500000000000007 28.900000000000002 1498.7265836129675 1794.6209787319315 0.024840232257265508 -3.2792207792207786 -1.4999999999999998 0.8377192982456142 21.900000000000002 0.25833333333333336
decision_type=8 2 10 2 8 10 2 2 2 8 2 10 10 8
left_child=6 3 4 -2 -3 -4 10 9 12 -8 -1 -12 -9 -14
right_child=1 2 5 -5 -6 -7 7 8 -10 -11 11 -13 13 -15
leaf_value=-0.0081947785755796601 -0.0059560774785630518 0.0085575282430881798 0.017598914175798838 -0.02405812763594678 -0.014644620792832897 -0.0049967225241127605 -0.0010131876865698138 0.015953175655868915 -0.010041251017384888 0.020819838149691412 -8.2464280630158948e-06 0.012994782453510392 0.015802708551438054 -0.0083524879945532596
leaf_weight=69.456756561994553 92.084043487906456 11.403197467327116 34.551965832710266 18.992707088589668 28.909716762602329 11.364652909338472 15.933640964329241 35.598059460520744 40.272964045405388 36.52277572453022 572.63546562194824 41.078419484198093 13.948666423559187 27.635112062096596
leaf_count=320 401 71 216 82 155 74 78 176 186 164 2653 200 62 123
internal_value=0.000141836 -0.00443576 0.00282889 -0.00995427 -0.00786143 0.0120649 0.00122025 0.00607859 0.00179598 0.014677 -2.3455e-05 0.000960081 0.0082077 0.000576507
internal_weight=1050.39 197.306 86.2295 111.077 40.3129 45.9166 853.082 169.911 117.455 52.4564 683.171 613.714 77.1818 41.5838
internal_count=4961 999 516 483 226 290 3962 789 547 242 3173 2853 361 185
is_linear=0
shrinkage=0.03


Tree=117
num_leaves=15
num_cat=0
split_feature=2 19 2 43 39 39 25 4 41 21 11 11 26 39
split_gain=4.7713 3.79453 6.21253 3.9038 7.14888 12.3138 4.32745 4.6931 4.42258 3.91815 4.97372 5.3983 6.76262 6.2399
threshold=0.22476354013212727 10.850000000000003 0.53436653835588588 1.0000000180025095e-35 1725.4921379844134 1163.3188304630321 -3.1339285714285707 -66.099380134247426 67.500000000000014 8.2747943302551761 32.900000000000006 26.900000000000002 -5.0333333333333323 1553.654086421793
decision_type=2 10 2 2 2 2 10 2 10 8 10 8 8 2
left_child=-1 3 -3 9 5 6 7 -5 -8 -2 11 13 -13 -11
right_child=1 2 -4 4 -6 -7 8 -9 -10 10 -12 12 -14 -15
leaf_value=-0.011433612212280227 0.0088862931485709385 -0.0028515410781730257 0.016362751824070858 -0.012484457216201334 -0.020373457259311587 0.018250523086205703 -0.021842249294119341 0.0067283474759306169 -0.00020098047641880964 -0.00067539666804174539 0.011347783071029526 0.0091450370461700556 -0.0081886747289585879 0.0067243097579942511
leaf_weight=27.104792714118958 42.898918204009533 25.632416173815727 28.011560067534447 12.800405114889143 17.877690926194191 17.283179014921188 19.616452470421791 27.038031294941902 13.122971266508101 527.29750707000494 28.701605223119259 19.744155324995518 123.85047531872988 122.12100465595722
leaf_count=147 209 114 138 60 81 80 93 119 60 2423 162 129 588 568
internal_value=-4.45372e-05 0.00031033 0.00772134 -0.00013594 -0.00538772 -0.00148962 -0.0070637 -0.000148653 -0.0143436 0.000545694 5.91487e-05 -0.000417962 -0.00557778 0.000756838
internal_weight=1053.1 1026 53.644 972.352 107.739 89.861 72.5779 39.8384 32.7394 864.614 821.715 793.013 143.595 649.419
internal_count=4971 4824 252 4572 493 412 332 179 153 4079 3870 3708 717 2991
is_linear=0
shrinkage=0.03


Tree=118
num_leaves=15
num_cat=0
split_feature=22 21 23 3 18 29 14 25 14 25 5 15 3 17
split_gain=4.73882 6.42808 9.25429 4.73325 4.38275 4.98308 5.226 4.95164 8.75782 7.17774 5.96116 6.16259 5.15112 4.30891
threshold=0.87867647058823539 8.2747943302551761 0.77097902097902116 0.0260884384812663 4.1500000000000012 10.500000000000002 21.300000000000001 0.17424242424242428 16.300000000000001 1.9687500000000002 0.48858667239499709 -1.8499999999999999 0.02668475292660211 -14.249999999999998
decision_type=10 8 8 2 10 2 10 10 10 10 2 10 2 10
left_child=1 2 -1 -2 5 13 -7 10 -9 -10 11 -6 -11 -3
right_child=3 4 -4 -5 7 6 -8 8 9 12 -12 -13 -14 -15
leaf_value=0.016661244738830069 0.01094745076069144 0.010664255955765261 -0.010072814804360546 -0.0051537991033377964 -0.013680980515632929 -0.017561297044738588 0.00091572702942011594 0.0087414083384469796 -0.028271891509004134 -0.011535679540062684 0.0051778710260068431 0.0045567966672437569 0.0067218544805994016 0.00053523570211632494
leaf_weight=37.580291293561459 61.948574647307396 35.431922994554043 12.229827284812925 18.451175346970558 38.950133934617043 22.248844116926193 26.916735418140888 16.993160098791122 16.703896261751652 54.323210708796978 73.955889314413071 23.674173757433891 14.534615702927111 591.83411843329668
leaf_count=189 311 157 56 99 186 102 124 76 77 271 334 105 82 2775
internal_value=0.000393126 -0.00020504 0.00977717 0.00716692 -0.000798262 0.000442194 -0.0082949 -0.00424428 -0.00905941 -0.0128822 -0.000436467 -0.00695931 -0.00748769 0.0011872
internal_weight=1045.78 965.377 49.8101 80.3997 915.567 676.432 49.1656 239.135 102.555 85.5617 136.58 62.6243 68.8578 627.266
internal_count=4944 4534 245 410 4289 3158 226 1131 506 430 625 291 353 2932
is_linear=0
shrinkage=0.03


Tree=119
num_leaves=15
num_cat=0
split_feature=25 25 12 19 18 19 15 9 14 19 3 23 29 18
split_gain=3.74968 6.0436 5.16978 6.69279 6.4167 6.17966 5.64501 6.6599 6.94078 6.0277 6.63211 6.05795 5.09013 7.05741
threshold=-8.2403846153846132 -10.080128205128203 20.450000000000003 -8.9499999999999975 9.9500000000000011 -6.4499999999999993 9.4500000000000011 1.5000000000000002 20.100000000000005 -4.6833333333333327 0.024369669348969673 1.0000000180025095e-35 10.500000000000002 2.2500000000000004
decision_type=8 10 10 8 10 8 10 10 8 8 2 8 2 10
left_child=1 -1 3 -2 5 -5 7 8 -7 -10 -11 -12 -4 -14
right_child=2 -3 12 4 -6 6 -8 -9 9 10 11 -13 13 -15
leaf_value=-0.0010661702356239726 -0.0085816414023500397 -0.014654282321478605 -0.00082047168142110783 0.013644957121321301 0.020216597725995232 0.016335326268171337 -0.015433626405000532 -0.015311067101525874 -0.013060837047962053 -0.0059857925507619762 -0.0083502424677372438 0.009583115358334459 -0.018000813742194137 0.0057720013649783589
leaf_weight=97.455384120345116 35.152804560959339 37.781619980931282 538.11434708535671 38.289532110095024 16.895894661545753 29.026559561491013 12.007182002067564 12.692783541977404 17.67095135897398 44.932608716189861 16.043495826423168 105.70975482463837 30.787301622331142 13.496728017926214
leaf_count=440 174 173 2448 186 90 138 73 56 94 231 91 537 139 63
internal_value=-0.000682887 -0.00524946 2.0108e-05 0.00300359 0.00451284 0.00321061 0.00128637 0.00248913 0.00387426 0.00153276 0.00341519 0.00698385 -0.00167356 -0.0109049
internal_weight=1046.06 135.237 910.82 328.422 293.269 276.373 238.083 226.076 213.383 184.357 166.686 121.753 582.398 44.284
internal_count=4933 613 4320 1670 1496 1406 1220 1147 1091 953 859 628 2650 202
is_linear=0
shrinkage=0.03


Tree=120
num_leaves=15
num_cat=0
split_feature=7 35 17 41 19 12 39 4 14 1 30 21 7 10
split_gain=7.03128 8.46719 7.81301 4.81236 4.64495 7.24329 7.7907 6.69259 8.9121 8.00513 5.71904 5.69879 8.14664 6.54028
threshold=0.71048102998130169 1.0000000180025095e-35 -14.549999999999999 33.500000000000007 -1.0000000180025095e-35 16.300000000000001 2085.9833376007346 71.39903664762268 20.300000000000001 42.250000000000007 1.0000000180025095e-35 17.853259878344002 -2.9118234473894149 -12.899999999999997
decision_type=2 2 10 10 10 8 2 2 8 2 2 8 2 10
left_child=4 2 -2 -3 5 -1 7 8 9 -7 -9 13 -13 -6
right_child=1 3 -4 -5 11 6 -8 10 -10 -11 -12 12 -14 -15
leaf_value=0.0074944274770385715 0.018494745263692415 0.0053586038555256702 -0.0011896925171776488 -0.010338109833657884 -0.0089099211505304192 -0.0090227667024995652 -0.019260202390664487 0.010779054528867502 -0.015284848910044162 0.0070481981371826154 -0.0092806040656089831 -0.005097477846192678 0.021350146545184429 0.0043505117734767614
leaf_weight=67.683724202215672 14.553887933492659 16.906796559691429 247.43040458112955 138.54393567889929 33.688690274953842 44.008906289935112 19.79096332937479 50.623016625642776 44.968822360038757 59.750803023576736 12.428646385669706 12.530356489121912 30.515357166528702 254.89195139706135
leaf_count=370 66 81 1143 670 157 190 91 268 190 260 66 64 146 1208
internal_value=-9.01272e-05 -0.00308983 0.000229712 -0.00851715 0.00190338 -0.000803689 -0.0033362 -0.00143819 -0.00487603 0.000130384 0.00643357 0.00432185 0.0139221 0.00267712
internal_weight=1048.32 417.435 261.984 155.451 630.881 299.255 231.571 211.78 148.729 103.76 63.0517 331.626 43.0457 288.581
internal_count=4970 1960 1209 751 3010 1435 1065 974 640 450 334 1575 210 1365
is_linear=0
shrinkage=0.03


Tree=121
num_leaves=15
num_cat=0
split_feature=4 18 5 22 19 21 39 3 21 3 39 0 5 3
split_gain=6.25417 4.59609 2.93656 6.98722 4.64896 4.48993 7.56177 6.3101 5.8827 5.58503 5.46337 7.25997 7.68558 7.48754
threshold=293.58423367805852 -1.9499999999999997 0.46972841062259757 0.22474747474747478 7.6500000000000012 13.277381947550843 2075.0700600068817 0.03031659072828519 13.048627003124379 0.025070420785545004 1224.8932853688204 5.7500000000000009 0.50520754721050432 0.024642600261680418
decision_type=2 10 2 8 10 8 2 2 10 2 2 2 2 2
left_child=2 -2 3 -1 5 6 8 9 -4 10 11 12 -7 -14
right_child=1 -3 4 -5 -6 7 -8 -9 -10 -11 -12 -13 13 -15
leaf_value=0.0038044110246129551 -0.0045959548893563986 0.018951714050664533 0.0021773045969896237 -0.005932538970690941 0.0066559701066479212 -0.016584409197738195 -0.011058910329560976 0.0081368655388919381 0.017650457566118025 -0.013788326906698779 0.0047997536500107574 -0.014332638956347624 -0.0046529725788709633 0.010744547661270072
leaf_weight=89.178821787238121 8.2520778700709361 20.097246125340462 261.44314233213663 225.32204936444759 85.644068263471127 19.029127463698387 31.072007767856121 35.123158194124699 19.420892342925072 44.751925617456436 61.398802936077118 50.517538763582706 60.542579233646393 45.477409705519676
leaf_count=413 69 168 1230 1024 399 79 146 176 90 197 287 268 251 192
internal_value=-0.00035344 0.0124359 -0.000764254 -0.00315523 0.000302912 -0.000608106 0.00193178 -0.00309984 0.00353723 -0.00461824 -0.0026373 -0.00529905 -0.00123891 0.00213826
internal_weight=1057.27 28.3493 1028.92 314.501 714.421 628.777 311.936 316.841 280.864 281.717 236.965 175.567 125.049 106.02
internal_count=4989 237 4752 1437 3315 2916 1466 1450 1320 1274 1077 790 522 443
is_linear=0
shrinkage=0.03


Tree=122
num_leaves=15
num_cat=0
split_feature=7 42 19 3 10 42 7 3 15 15 8 20 3 41
split_gain=4.45322 6.64127 6.97324 7.74363 7.93022 5.88876 7.94367 7.55082 6.21697 10.3157 8.87503 6.377 5.87339 5.99403
threshold=0.71048102998130169 6.5000000000000009 1.0000000180025095e-35 0.025177278803792173 7.3000000000000016 7.5000000000000009 0.38347328101757278 0.025664036214558043 -1.8499999999999999 4.3500000000000005 -3.8999999999999995 13.607391780552183 0.016978221047704082 80.500000000000014
decision_type=2 10 10 2 10 8 2 2 8 10 10 8 2 10
left_child=5 2 3 4 -2 12 7 8 10 11 -7 -10 -1 -14
right_child=1 -3 -4 -5 -6 6 -8 -9 9 -11 -12 -13 13 -15
leaf_value=-0.0099908244062704051 0.0102215796402463 0.0019257761380607127 -0.010224448849945039 -0.010249439931861441 -0.012182778631050255 -0.0042604289645474013 0.014786549638620316 0.0070373521255596419 -0.0027648485960023385 -0.012055479024934378 -0.025823184509216477 0.013602281880856281 0.0058859655003275372 -0.0093739251827863346
leaf_weight=21.075174190104008 59.692641951143742 175.36423851549625 130.99274529516697 38.537522025406361 13.697352722287176 47.771147392690182 18.518490120768547 45.374019518494606 43.723334461450577 48.452205821871758 24.238062866032124 34.576369069516659 327.5675968080759 20.481562756001949
leaf_count=105 266 829 614 182 73 212 88 234 202 232 114 164 1558 93
internal_value=-0.000110069 -0.00249447 -0.00565993 -0.000109127 0.00552973 0.00147577 -0.00193671 -0.00347652 -0.00599046 -0.00182749 -0.0127238 0.00484535 0.00389739 0.00486793
internal_weight=1050.06 418.285 242.92 111.928 73.39 631.778 262.654 244.135 198.761 126.752 72.0092 78.2997 369.124 348.049
internal_count=4966 1964 1135 521 339 3002 1246 1158 924 598 326 366 1756 1651
is_linear=0
shrinkage=0.03


Tree=123
num_leaves=15
num_cat=0
split_feature=8 8 7 21 39 19 8 3 8 23 21 5 6 16
split_gain=4.5754 4.7886 5.69508 8.9547 6.01504 6.52177 5.37633 5.12797 4.5211 8.67663 9.42853 7.16072 6.79297 5.51523
threshold=3.7000000000000006 6.9000000000000012 2.3465556199690134 13.125251318638911 1013.1859391000324 -0.54999999999999993 11.900000000000002 0.02668475292660211 -2.0999999999999996 0.72902097902097907 11.509657757640015 0.4901605458002633 -1.2906307871656642 0.25000000000000006
decision_type=8 8 2 10 2 10 8 2 10 10 10 2 2 8
left_child=8 -2 4 -4 6 -6 7 -3 11 -10 -11 12 -1 -13
right_child=1 2 3 -5 5 -7 -8 -9 9 10 -12 13 -14 -15
leaf_value=-0.00073417920796527451 0.0072190899796712536 -0.016371684438363666 0.021558850453907617 -0.0057773325759526454 -0.0060030807520542514 0.012679768933683687 0.0028302893608868197 0.0040383324825832645 -0.0066565858980066877 -0.010441489938832548 0.013769448655795141 0.00071927030296283162 -0.014154838875054681 0.010631443449073807
leaf_weight=187.38159129023552 127.71628456562757 48.817332781851292 19.075328059494495 16.473683498799801 26.823461152613163 31.797359429299831 28.254168495535851 11.782860204577444 244.49602549523115 17.308510959148407 38.656208246946335 137.13504157215357 36.623420521616936 75.732503473758698
leaf_count=882 629 246 94 80 141 168 151 70 1150 77 173 618 155 330
internal_value=-0.000145346 0.00288029 -0.000258837 0.0097407 -0.00290961 0.00433102 -0.00766279 -0.0123979 -0.00143127 -0.00423165 0.00603936 0.000520786 -0.00318952 0.00440881
internal_weight=1048.07 310.74 183.024 35.549 147.475 58.6208 88.8544 60.6002 737.333 300.461 55.9647 436.873 224.005 212.868
internal_count=4964 1579 950 174 776 309 467 316 3385 1400 250 1985 1037 948
is_linear=0
shrinkage=0.03


Tree=124
num_leaves=15
num_cat=0
split_feature=25 4 21 23 3 39 19 39 21 20 4 39 3 21
split_gain=3.66469 5.43557 6.36552 7.6271 6.31854 4.68659 4.35203 4.29298 3.91037 3.77513 4.93216 7.63604 6.15937 5.02359
threshold=-13.422619047619046 -79.543537312791713 11.612254063894946 0.74342105263157909 0.02605030648497542 865.97879726438771 3.3500000000000001 1187.4181588722888 15.115297594751917 15.32644772933377 179.09969227039645 352.83188082293344 0.024738697602202268 8.6525525145846167
decision_type=8 2 10 10 2 2 10 2 10 8 2 2 2 10
left_child=5 2 4 7 -2 -1 -5 8 -4 10 11 12 -3 -12
right_child=1 9 3 6 -6 -7 -8 -9 -10 -11 13 -13 -14 -15
leaf_value=0.014753424239730232 -0.020629455218990306 -0.013416753922847633 -0.0027338705155511359 0.013917796333322728 0.0027001062796909304 -0.0035218485559795382 -0.0043726194706457337 0.0036644818539148549 -0.019965185386753789 0.0026612598568475213 0.010266724764386897 0.0014966942650626626 0.0021888203766436995 -0.0094968137643302118
leaf_weight=24.472350656986237 35.564999967813492 58.292845204472542 23.090528517961502 26.547682195901871 12.643668308854101 19.319291591644287 15.566725149750708 17.644515290856361 24.104283511638641 261.17023424804211 8.9530783742666227 394.29136375337839 33.603199481964111 95.098235286772251
leaf_count=110 167 256 109 127 62 87 76 82 117 1258 59 1731 147 564
internal_value=-0.000882971 -0.00126637 -0.00633693 -0.00201641 -0.0148321 0.00715633 0.00741055 -0.00823158 -0.0126041 -0.000310699 -0.00163705 -0.000340139 -0.00789185 -0.0074035
internal_weight=1050.36 1006.57 155.162 106.954 48.2087 43.7916 42.1144 64.8393 47.1948 851.409 590.239 486.187 91.896 104.051
internal_count=4952 4755 740 511 229 197 203 308 226 4015 2757 2134 403 623
is_linear=0
shrinkage=0.03


Tree=125
num_leaves=15
num_cat=0
split_feature=13 18 20 20 8 18 3 3 14 18 10 4 20 20
split_gain=4.59295 4.6672 7.40067 6.57877 4.5937 5.21225 5.14243 7.6123 4.32634 7.08222 5.47273 4.21187 4.14209 5.3332
threshold=28.700000000000006 6.4500000000000011 12.888625258198298 16.510097878155801 -3.0999999999999996 5.6500000000000012 0.017853837271753051 0.014238191646503752 25.700000000000006 0.55000000000000016 1.2 261.49051116978779 19.498432685700497 14.916247665206035
decision_type=10 10 10 10 8 10 2 2 8 10 10 2 10 8
left_child=4 2 -2 -4 5 8 7 -6 -1 10 -10 12 13 -8
right_child=1 -3 3 -5 6 -7 11 -9 9 -11 -12 -13 -14 -15
leaf_value=0.0027132764635288105 -0.02355314978501594 0.00029845273589286492 0.0091416442496703842 -0.014111112724416036 0.0081657039675621639 -0.010673403834748584 -0.0017651385964326278 -0.016336088769903823 0.011728236655813023 0.024143574710633567 -0.0067337269520397975 0.0090303760196372741 -0.01121642026654367 0.0046196339769381889
leaf_weight=194.86666847765446 20.352528735995293 66.239791236817837 18.668817058205605 15.477142199873922 12.582896411418913 15.483614116907118 373.40775905549526 33.843022681772709 29.512382954359055 20.775553449988365 20.577616944909096 41.309968896210194 25.063010171055794 165.94317434728146
leaf_count=880 95 306 87 68 71 71 1704 160 131 95 92 325 121 785
internal_value=0.000228348 -0.00515717 -0.011256 -0.00185417 0.000948775 0.00411757 -0.000438586 -0.00954706 0.00516061 0.011268 0.00422103 0.000331983 -0.000378366 0.000223666
internal_weight=1054.1 120.738 54.4985 34.146 933.366 281.216 652.15 46.4259 265.732 70.8656 50.09 605.724 564.414 539.351
internal_count=4991 556 250 155 4435 1269 3166 231 1198 318 223 2935 2610 2489
is_linear=0
shrinkage=0.03


Tree=126
num_leaves=15
num_cat=0
split_feature=22 39 21 15 17 17 30 7 19 18 18 15 15 26
split_gain=4.60816 7.0573 4.10283 4.98172 3.57624 4.24041 5.82604 7.41693 6.84813 4.52445 4.9652 4.29002 6.19885 5.40555
threshold=0.87867647058823539 500.93531067635655 8.2747943302551761 0.31666666666666671 -14.949999999999998 -8.8499999999999961 1.0000000180025095e-35 3.2858454369842556 -2.3499999999999992 -7.8499999999999988 -10.149999999999997 -5.0499999999999989 -3.7499999999999996 3.3603896103896109
decision_type=10 2 8 10 8 8 2 2 10 10 10 10 10 8
left_child=2 -2 3 -1 -4 6 7 8 -6 10 -7 13 -13 -11
right_child=1 -3 4 -5 5 9 -8 -9 -10 11 -12 12 -14 -15
leaf_value=-0.0010896906292001938 -0.0070910472572495078 0.012083643520821726 0.0075220388246370808 0.017011420205459284 -0.00027158326239328352 0.00084764478614095392 0.0076156677655974565 0.0074573559808640182 -0.019744107147958788 0.0095028984424910812 -0.015633357713656402 -0.010903096922924956 3.7721542639934919e-05 -0.0061389212720077361
leaf_weight=27.76323164254427 20.221765972673893 56.498412624001503 37.647217243909836 20.949688099324703 23.512419298291206 29.411402031779289 16.823801770806313 14.823861703276632 48.698845773935318 75.195661574602127 30.980418331921101 45.701636642217636 576.74108032137156 22.597681663930416
leaf_count=129 108 284 172 107 108 131 79 71 221 343 141 215 2725 106
internal_value=6.20873e-05 0.00690498 -0.000511274 0.00755385 -0.000975764 -0.00137771 -0.00692587 -0.00999777 -0.0138319 -0.000600177 -0.00815585 8.52282e-05 -0.00084607 0.00576566
internal_weight=1047.57 76.7202 970.847 48.7129 922.134 884.487 103.859 87.0351 72.2113 780.628 60.3918 720.236 622.443 97.7933
internal_count=4940 392 4548 236 4312 4140 479 400 329 3661 272 3389 2940 449
is_linear=0
shrinkage=0.03


Tree=127
num_leaves=15
num_cat=0
split_feature=41 17 17 39 41 22 39 19 2 39 22 20 30 20
split_gain=5.08613 6.28207 6.44008 8.39787 6.09441 11.8567 5.56318 6.3002 5.60545 5.47445 6.90598 5.91326 5.44574 6.05057
threshold=48.500000000000007 16.350000000000005 5.1500000000000012 1782.34303976501 61.500000000000007 0.22474747474747478 469.22151150202018 5.1500000000000012 0.62447512754776835 341.52414294395652 0.54772727272727284 16.370026796467986 1.0000000180025095e-35 9.4118717089210779
decision_type=10 10 8 2 10 10 2 10 2 2 8 8 2 8
left_child=6 2 4 -4 5 -2 8 -8 -1 -6 -11 -12 13 -7
right_child=1 -3 3 -5 9 12 7 -9 -10 10 11 -13 -14 -15
leaf_value=-0.0084594567384351452 0.010251425037925442 -0.016497934684600896 0.0065668152543897004 -0.0099112480432702946 0.0067871989911805243 0.002598980682239722 0.0033100693022817197 0.0176165166443677 0.006131582584803022 -0.0056010297026919962 -0.0008620604909620579 0.012299354444039271 0.0019988953882117393 -0.017427862078008335
leaf_weight=53.938815012574196 22.919514305889606 19.661748357117176 153.66061714291573 29.129153400659561 66.141260541975498 14.605285614728926 133.73393413424492 31.172545880079269 35.082230016589165 222.60468734800816 115.52960369735956 36.573066428303719 20.473995715379715 84.204090870916843
leaf_count=238 108 109 762 147 301 69 647 151 195 1003 528 173 96 390
internal_value=-0.000393234 -0.00158676 -0.00109941 0.00374692 -0.0026377 -0.00792476 0.00325817 0.00645327 -0.002689 -0.000862518 -0.0022844 0.00259332 -0.0116891 -0.014485
internal_weight=1039.43 785.503 765.841 182.79 583.052 142.203 253.928 164.906 89.021 440.849 374.707 152.103 119.283 98.8094
internal_count=4917 3686 3577 909 2668 663 1231 798 433 2005 1704 701 555 459
is_linear=0
shrinkage=0.03


Tree=128
num_leaves=15
num_cat=0
split_feature=4 7 39 3 42 39 16 26 2 17 39 39 39 39
split_gain=3.85421 3.53857 4.47433 8.21967 8.67335 7.29241 5.01378 8.38975 4.78827 4.64728 4.34419 4.25358 5.67248 6.82775
threshold=337.15197385050732 0.074756833381474999 425.3062844331368 0.024894850512617198 5.5000000000000009 478.26239297066815 5.7500000000000009 -3.2182539682539679 0.79860211967676753 -12.449999999999998 255.06681557926106 648.9405088764106 2101.0685753144612 1505.5882577139103
decision_type=2 2 2 2 8 2 10 8 2 10 2 2 2 2
left_child=1 2 3 4 10 -4 7 8 -7 -8 -1 -9 13 -13
right_child=-2 -3 5 -5 -6 6 9 11 -10 -11 -12 12 -14 -15
leaf_value=-0.00069090095128996416 0.013087492995789462 -0.0026646142134878433 -0.01607341692811309 0.016519668676227835 -0.007149417292402923 0.0082648151038191356 -0.0033722256942637441 -0.014242543132610199 -0.0068927343565472979 0.01194492032062789 0.01802314751263601 -0.0039890931635986598 -0.014355944909084659 0.009948336273484553
leaf_weight=18.438190191984177 13.171652808785437 499.53644319623709 21.122685864567757 37.287725023925304 53.144077971577644 88.002441376447678 23.725044742226601 30.883972138166428 19.434836380183697 49.717499293386936 21.975408516824245 119.14681055396795 26.844136863946915 37.460237637162209
leaf_count=86 118 2290 100 179 256 417 107 140 146 224 105 546 121 174
internal_value=-0.000617608 -0.000851469 0.000812934 0.00554212 0.000550865 -0.000721471 0.000289589 -0.00134905 0.00533831 0.00709728 0.0103491 -0.00474642 -0.00281228 -0.000450627
internal_weight=1059.89 1046.72 547.183 130.845 93.5577 416.338 395.215 321.772 107.437 73.4425 40.4136 214.335 183.451 156.607
internal_count=5009 4891 2601 626 447 1975 1875 1544 563 331 191 981 841 720
is_linear=0
shrinkage=0.03


Tree=129
num_leaves=15
num_cat=0
split_feature=8 8 18 27 21 42 15 3 21 16 14 42 12 22
split_gain=5.21663 7.8775 11.1202 6.96496 6.58725 7.74975 5.61902 5.41258 5.0498 5.045 5.72025 5.29462 5.03539 5.64566
threshold=3.1000000000000005 6.5000000000000009 -4.2499999999999991 4.5000000000000009 13.5049371792028 1.0000000180025095e-35 3.2500000000000004 0.029158747122038701 12.367969350689059 -7.0499999999999989 25.700000000000006 17.500000000000004 20.450000000000003 0.48529411764705888
decision_type=8 10 8 2 10 10 10 2 8 8 8 10 10 8
left_child=9 2 -2 -4 5 -3 -5 -6 -7 -1 11 -11 -12 -14
right_child=1 4 3 6 7 8 -8 -9 -10 10 12 -13 13 -15
leaf_value=-0.0082062307172715791 -0.00653191221159164 -0.0077377506293537911 -0.00043140981244460584 0.0082701112897848438 -0.0092182425552175314 0.0035808961820115426 0.024870867161827591 0.0090809940168726424 0.020402068202798419 -0.0012759870939117381 0.013930769341243971 -0.01547566357054312 0.0073822471255504934 -0.007215131513526039
leaf_weight=84.021091535687447 32.441866017878056 29.475671499967575 27.867171630263329 46.006825596094131 83.240555331110954 50.195087745785713 37.341901995241642 13.256224922835825 20.765041179955006 484.87689855694771 35.113676391541958 19.9376270622015 49.26587551087141 37.61026244610548
leaf_count=392 156 154 130 236 406 279 178 78 109 2208 176 89 221 173
internal_value=-6.10359e-05 0.00296615 0.00818098 0.0125691 -0.000946327 0.00433006 0.0166942 -0.00638087 0.00952221 -0.00152209 -0.00056825 -0.00198308 0.00513411 0.00101403
internal_weight=1051.42 340.59 143.658 111.216 196.933 100.436 83.3487 96.4968 70.9601 710.825 626.804 504.815 121.99 86.8761
internal_count=4985 1726 700 544 1026 542 414 484 388 3259 2867 2297 570 394
is_linear=0
shrinkage=0.03


Tree=130
num_leaves=15
num_cat=0
split_feature=8 22 8 20 22 20 20 39 4 12 17 39 16 11
split_gain=6.62044 8.49118 12.4874 7.69424 5.52783 6.34044 7.11221 10.5038 7.04443 6.753 5.05784 4.9646 6.24244 4.91196
threshold=-7.6999999999999984 0.22474747474747478 -9.8999999999999986 12.888625258198298 0.37980769230769235 14.916247665206035 15.993922433270155 446.89461688094599 -66.099380134247426 32.225000000000009 -7.4499999999999984 423.60224223683105 6.4500000000000011 26.900000000000002
decision_type=10 8 8 8 10 8 10 2 2 8 10 2 10 10
left_child=1 2 3 -1 -2 8 7 -7 -6 -10 -5 -8 13 -13
right_child=4 -3 -4 10 5 6 11 -9 9 -11 -12 12 -14 -15
leaf_value=-0.0012912655460444592 0.0051399231425733978 -0.010236361159525923 -0.014788539792584231 0.0049810474696459035 -0.014473639182836017 -0.0066630655887979203 0.0097456523974750013 0.019048057165745015 -0.0021288655617854747 0.015255516431120593 0.029897028831692738 -0.00095030466596866911 0.011936816643562664 -0.014892978541470652
leaf_weight=31.730515643954277 229.5647539421916 108.50148776173592 22.800238564610481 16.19922557473183 34.773912832140923 17.079235047101974 32.132310748100281 44.984945401549339 349.23634031414986 16.345347285270691 13.449465796351431 66.027597077190876 16.697400324046612 30.300584197044373
leaf_count=148 1039 493 103 74 160 86 159 231 1702 72 60 331 78 159
internal_value=6.85289e-05 -0.00487259 0.00222725 0.00918585 0.00122798 -0.000279984 0.00392348 0.0120034 -0.00247723 -0.00115626 0.0189669 0.000184125 -0.00283185 -0.00585453
internal_weight=1029.82 192.681 84.1794 61.3792 837.142 607.578 207.222 62.0642 400.356 365.582 29.6487 145.158 113.026 96.3282
internal_count=4895 878 385 282 4017 2978 1044 317 1934 1774 134 727 568 490
is_linear=0
shrinkage=0.03


Tree=131
num_leaves=15
num_cat=0
split_feature=17 11 4 10 11 23 9 20 24 7 14 41 2 10
split_gain=4.85425 5.00588 4.25105 3.75658 5.15888 3.94191 6.22189 3.58492 3.36598 3.03929 6.71775 7.92377 5.00929 4.97262
threshold=-14.249999999999998 35.300000000000004 -14.321680125210035 -12.899999999999997 13.500000000000002 0.8377192982456142 7.9000000000000012 13.193853761072736 -0.3198051948051947 -4.1444120765199974 25.500000000000004 52.500000000000007 0.85016429664297422 22.700000000000006
decision_type=8 10 2 8 10 10 10 10 10 2 8 10 2 8
left_child=2 3 7 4 -2 6 -6 -1 -8 10 11 -5 13 -11
right_child=1 -3 -4 9 5 -7 8 -9 -10 12 -12 -13 -14 -15
leaf_value=0.010691024099378579 0.0086007361845233908 0.014362571587520565 0.017919325002856826 0.0058696997411445623 -0.013607324344219929 -0.0194578303423384 0.013116708937239836 -0.0069288336540674613 -0.0051074781499762583 0.00016026901656510586 0.0077418543528339854 -0.017467591829936409 0.015484017455699495 -0.01578299749177144
leaf_weight=13.791253790259359 12.82230108976364 14.491384536027907 19.026061125099659 15.521864272654055 27.79362441599369 20.855056375265121 14.674489215016367 18.331278070807457 13.189219042658804 785.22304809838533 19.80937597155571 40.3315464630723 13.765390507876871 13.00850649923086
leaf_count=63 60 87 86 76 137 103 72 85 60 3615 108 187 132 68
internal_value=-0.000217131 -0.000699702 0.00836655 -0.000995107 -0.00668755 -0.00962005 -0.00463373 0.00105702 0.00502571 -0.000387966 -0.00594209 -0.0110327 0.000162771 -0.000196182
internal_weight=1042.63 991.486 51.1486 976.994 89.3347 76.5124 55.6573 32.1225 27.8637 887.66 75.6628 55.8534 811.997 798.232
internal_count=4939 4705 234 4618 432 372 269 148 132 4186 371 263 3815 3683
is_linear=0
shrinkage=0.03


Tree=132
num_leaves=15
num_cat=0
split_feature=13 19 19 19 19 10 10 14 9 10 13 25 0 9
split_gain=4.16439 4.49263 3.90767 8.12224 7.17488 7.04556 6.25564 4.87154 4.4462 7.24595 4.99511 3.99494 3.75237 4.18179
threshold=13.700000000000001 3.2500000000000004 -9.3499999999999996 -5.7499999999999991 -2.9499999999999997 -0.79999999999999927 10.700000000000003 15.450000000000001 1.6333333333333335 0.59999999999999998 20.300000000000001 -7.4807692307692299 -5.2499999999999991 6.1000000000000005
decision_type=10 8 8 10 10 10 10 10 10 10 10 10 2 10
left_child=1 -1 7 5 8 -4 -7 -2 9 11 -11 -5 13 -6
right_child=2 -3 3 4 12 6 -8 -9 -10 10 -12 -13 -14 -15
leaf_value=0.015632422528814586 0.002018268565919374 -0.0021830144856561364 0.017037327867575579 -0.0030172029675452645 -0.012417436887530863 -0.0061137833206259306 0.01618443938720401 -0.017611711416647045 -0.012016798074948999 0.0027781910301403717 -0.014981154402017017 0.015988891792329485 0.0016143265882065465 0.001290096541669173
leaf_weight=27.679057545959949 19.628975480794907 19.084166131913662 42.498697638511658 14.562819749116896 33.386232241988182 33.910670265555382 10.974118232727049 19.348265819251537 62.657164424657822 21.029486425220966 31.864449307322502 19.281551629304886 650.3390040397644 40.120829656720161
leaf_count=142 89 89 191 65 179 162 69 95 282 113 159 84 3034 215
internal_value=0.000556205 0.00885333 0.000125919 0.000523604 -0.000369245 0.00898312 0.000413768 -0.00862052 -0.00624221 -0.00164323 -0.00829028 0.0084751 0.000877391 -0.00533007
internal_weight=1046.37 46.7632 999.602 960.625 873.242 87.3835 44.8848 38.9772 149.395 86.7383 52.8939 33.8444 723.846 73.5071
internal_count=4968 231 4737 4553 4131 422 231 184 703 421 272 149 3428 394
is_linear=0
shrinkage=0.03


Tree=133
num_leaves=15
num_cat=0
split_feature=13 17 15 8 13 5 20 19 19 25 22 15 17 4
split_gain=4.99899 7.55172 6.40843 10.4913 5.53909 5.248 5.06792 4.97389 6.84268 5.05441 4.43985 8.32319 6.16769 6.2213
threshold=25.900000000000002 -14.249999999999998 1.1500000000000001 -3.0999999999999996 28.100000000000005 0.4901605458002633 12.888625258198298 -6.4499999999999993 -8.7499999999999982 5.1483516483516496 0.77350427350427364 4.9500000000000011 -8.5499999999999989 254.2132071213106
decision_type=8 10 10 10 10 2 8 10 10 8 10 10 10 2
left_child=1 -1 3 5 -5 6 -2 8 9 -3 12 -12 -9 -14
right_child=2 7 -4 4 -6 -7 -8 10 -10 -11 11 -13 13 -15
leaf_value=0.01798964474268866 -0.013116274725780206 -0.0099178210887841851 0.0088857418098453132 -0.025761623500185273 -0.0019588099102740308 0.0028954605030897074 -7.299233866199986e-05 -0.010493690444157327 0.014547152026078359 0.010703315387225553 0.012278462011054148 -0.0036868724792500935 -0.00099267210036041529 0.012678115182792656
leaf_weight=18.53632377833128 49.51585641503334 23.194336973130703 28.713573627173901 24.846963539719582 13.722086727619169 94.184342220425606 52.864321947097778 52.908799543976784 46.103091165423393 12.383273117244242 60.749570466578007 49.849851123988628 490.90526595711708 26.886829115450382
leaf_count=84 233 106 134 114 65 413 250 240 228 67 305 261 2247 207
internal_value=4.24131e-05 0.00124936 -0.00348932 -0.00515406 -0.0184897 -0.00214365 -0.00669834 0.000728185 0.0074969 -0.0023059 -0.000132018 0.00523428 -0.00120841 -0.000168339
internal_weight=1045.36 781.517 263.847 235.134 38.5691 196.565 102.38 762.981 81.6807 35.5776 681.3 110.599 570.701 517.792
internal_count=4954 3745 1209 1075 179 896 483 3661 401 173 3260 566 2694 2454
is_linear=0
shrinkage=0.03


Tree=134
num_leaves=15
num_cat=0
split_feature=2 1 3 41 2 3 4 41 35 17 44 17 4 23
split_gain=5.37654 3.78766 6.49901 7.3071 5.72357 5.05164 5.04392 4.00419 4.17754 7.56252 8.83225 6.70966 4.82719 4.42463
threshold=0.85490595566017591 46.750000000000007 0.027716549304148356 68.500000000000014 0.77288934738660442 0.042631993561552901 142.43091393579496 25.500000000000004 1.0000000180025095e-35 -5.7499999999999982 1.0000000180025095e-35 -9.9499999999999975 -209.54386690405292 0.63762626262626265
decision_type=2 2 2 10 2 2 2 8 2 8 2 10 2 8
left_child=1 7 3 4 -3 6 -4 -1 12 11 -11 13 -9 -10
right_child=-2 2 5 -5 -6 -7 -8 8 9 10 -12 -13 -14 -15
leaf_value=-0.011176708050228483 0.01405720550422951 0.0027130868914608912 -0.024949295694462036 -0.012680996832757299 -0.014893899126380228 0.0025126698567825151 -0.0028030122110030225 -0.012897525224103775 -0.012777771496055025 -0.0071918310079238709 0.010424387259855689 0.015748689225495601 0.0032466260656415099 0.0065995762901799593
leaf_weight=20.312976472079754 18.142200633883476 183.12705327570438 23.617204338312149 36.259254470467567 13.25293195992708 13.909690275788305 15.75532330572605 12.450142621994017 14.908891156315802 178.40408796072006 25.265566848218441 30.618874572217464 449.56485890597105 18.08739510178566
leaf_count=97 169 815 119 163 84 62 93 63 68 840 125 140 2078 84
internal_value=-0.000246299 -0.000563235 -0.00346933 -0.00119787 0.00118457 -0.0124333 -0.0174017 0.000560868 0.000961669 -0.00200006 -0.00480909 0.00668841 0.00267815 -0.00268511
internal_weight=1053.68 1035.53 285.921 232.639 196.38 53.2822 39.3725 749.613 729.3 267.285 203.67 63.6152 462.015 32.9963
internal_count=5000 4831 1336 1062 899 274 212 3495 3398 1257 965 292 2141 152
is_linear=0
shrinkage=0.03


Tree=135
num_leaves=15
num_cat=0
split_feature=2 19 16 8 22 13 18 21 4 9 19 4 14 17
split_gain=5.17498 5.73172 7.08424 5.00963 4.95708 6.4902 4.36917 4.33247 8.70483 3.38595 3.28578 3.41134 6.87971 4.78063
threshold=0.24853564228418698 -8.7499999999999982 3.2250000000000005 -11.499999999999998 0.87867647058823539 17.300000000000001 1.5500000000000003 8.4885539818117604 41.40920301075483 -1.2999999999999996 -7.6833333333333327 183.63489596530863 23.225000000000005 11.250000000000002
decision_type=2 10 10 10 10 10 8 10 2 10 10 2 10 10
left_child=-1 2 6 -3 7 -6 -2 8 -5 -7 -9 -12 -13 -14
right_child=1 3 -4 4 5 9 -8 10 -10 -11 11 12 13 -15
leaf_value=-0.0099284154890185751 -0.021619565243075123 0.0088314240781713002 0.0084176048301915427 -0.0044307545700447721 -0.0047701401474032007 0.0020417018206014713 -0.0016929019156982105 0.0099121747696754373 0.018996794018380603 0.019303311699765412 -0.00013173878044929818 -0.015360392007681592 0.0048313364733039424 -0.012108677413008148
leaf_weight=37.810034841299057 23.009306140244007 67.936351493000984 13.178036786615847 24.178781598806381 21.410281963646412 16.285805389285088 16.732999093830585 20.901488460600376 25.15805484354496 29.967981778085232 643.04454829543829 37.122838355600834 49.489152729511261 15.686226107180117
leaf_count=209 110 301 61 106 112 95 78 98 142 141 2862 213 303 106
internal_value=0.000289409 0.000721455 -0.00844825 0.00127313 0.000645335 0.00815364 -0.0143565 -2.34723e-05 0.0081643 0.0140176 -0.000600177 -0.000959059 -0.0059111 0.00018201
internal_weight=1041.91 1004.1 52.9203 951.182 883.245 67.6641 39.7423 815.581 49.3368 46.2538 766.244 745.343 102.298 65.1754
internal_count=4937 4728 249 4479 4178 348 188 3830 248 236 3582 3484 622 409
is_linear=0
shrinkage=0.03


Tree=136
num_leaves=15
num_cat=0
split_feature=7 8 35 13 23 17 19 21 3 15 21 25 12 19
split_gain=5.34884 6.14483 5.37637 6.26843 7.3931 6.72414 4.68586 6.29024 5.0369 4.6586 4.50113 4.32248 6.83977 6.0183
threshold=0.71048102998130169 11.500000000000002 1.0000000180025095e-35 23.700000000000006 0.26969696969696971 -4.3499999999999988 2.4500000000000006 18.1371921102083 0.025500807741815405 -2.0499999999999994 10.493383678313343 5.5166666666666675 16.100000000000005 -9.1499999999999968
decision_type=2 10 2 10 10 8 10 10 2 10 8 8 10 10
left_child=1 11 6 5 -5 -4 7 8 -2 -6 -7 13 -13 -1
right_child=2 -3 3 4 9 10 -8 -9 -10 -11 -12 12 -14 -15
leaf_value=-0.011146112594054344 0.0089984717796825955 0.013069824923054446 0.0050252767652453232 0.015465237492299661 -0.011252075985793973 0.00025738945087148485 -0.0043343549049152334 -0.012316288391138738 -0.0027585070687778427 0.0073078417856715719 -0.017994078425607192 0.013021104186674992 -0.0056270860740112085 0.0036565131080664561
leaf_weight=21.394269272685051 106.12590672075748 39.171731315553188 16.558981470763683 16.871720016002655 31.783375129103661 14.680920407176016 104.36080341786146 15.18791715800762 43.759548865258694 14.065215483307837 62.126214131712914 15.739371180534361 122.45643274486065 435.73014909029007
leaf_count=98 484 225 77 81 150 77 487 69 207 64 301 102 592 2022
internal_value=0.000525374 0.00226352 -0.00206255 -0.00639893 0.00094045 -0.0111265 0.000520384 0.00362679 0.00558774 -0.00539963 -0.014703 0.00144953 -0.00312271 0.00285062
internal_weight=1060.01 634.492 425.521 156.086 62.7203 93.3661 269.434 165.073 149.885 45.8486 76.8071 595.32 138.196 457.124
internal_count=5036 3039 1997 750 295 455 1247 760 691 214 378 2814 694 2120
is_linear=0
shrinkage=0.03


Tree=137
num_leaves=15
num_cat=0
split_feature=21 19 12 12 39 20 9 39 13 9 2 21 39 3
split_gain=4.33238 4.34821 4.07677 6.84964 5.89507 7.40423 6.97931 7.04392 5.04381 4.46804 4.3561 4.166 3.8425 4.34031
threshold=19.162173377586047 -2.4499999999999997 26.300000000000001 27.100000000000005 1167.3109539846942 13.039256938035257 15.700000000000001 840.0309154608143 13.700000000000001 10.450000000000001 0.50752399105869961 18.624356802605195 172.19982993367231 0.025177278803792173
decision_type=10 10 8 8 2 10 10 2 8 10 2 10 2 2
left_child=2 -2 8 -4 6 -6 7 9 -1 -5 -7 12 -10 -14
right_child=1 -3 3 4 5 10 -8 -9 11 -11 -12 -13 13 -15
leaf_value=0.012171770005215304 -0.0051638810146923328 0.012737594366994618 -0.013752265624839116 0.0020041815207558892 0.015740270610893115 -0.012006709035499132 0.01276459599302337 -0.017824563898808255 0.010779345543914442 -0.011648098014410999 0.0074168425840046084 -0.011978934332023817 0.001649071375021884 -0.0037844549974329947
leaf_weight=28.647517561912537 13.633164532482622 39.790334701538086 43.336459994316101 65.837726756930351 30.328642904758453 18.303418219089508 13.901090428233145 32.829938560724258 27.490601636469364 26.301615193486214 14.266937315464018 19.113512523472309 495.22366373986006 174.90999722480774
leaf_count=151 63 189 197 297 136 86 64 154 137 122 66 87 2340 864
internal_value=0.000179278 0.00811834 -0.000287551 -0.00360336 -0.00114371 0.00617365 -0.00455737 -0.00690113 0.000819534 -0.00229189 -0.00364376 0.000284614 0.000703464 0.000213355
internal_weight=1043.91 53.4235 990.491 245.106 201.769 62.899 138.87 124.969 745.385 92.1393 32.5704 716.738 697.624 670.134
internal_count=4953 252 4701 1122 925 288 637 573 3579 419 152 3428 3341 3204
is_linear=0
shrinkage=0.03


Tree=138
num_leaves=15
num_cat=0
split_feature=17 10 11 41 41 19 35 21 7 1 12 4 12 1
split_gain=2.90537 4.85877 4.75703 4.64394 7.64609 5.01965 3.81808 6.10905 8.32807 7.56492 5.5365 5.36479 5.12566 5.08134
threshold=11.750000000000002 11.500000000000002 23.225000000000005 69.500000000000014 51.500000000000007 -0.36666666666666664 1.0000000180025095e-35 15.9812386226897 -3.2075429976941083 47.250000000000007 20.300000000000001 25.163096056354565 21.225000000000005 39.250000000000007
decision_type=8 10 10 10 8 8 2 10 2 2 10 2 10 2
left_child=1 6 -3 4 -2 -6 -1 8 12 13 11 -10 -8 -9
right_child=3 2 -4 -5 5 -7 7 9 10 -11 -12 -13 -14 -15
leaf_value=0.0019933793526526909 0.006826292789872665 -0.0034650229542016824 0.015016838436185587 0.006292855821208471 -0.025751727869224007 -0.0047255098921985166 -0.0045549789544968994 -0.005370042388822706 -0.010429937221618417 -0.012092553207779978 -0.0098399263833108767 0.0060366233146141573 0.016652675808010442 0.013610772199749066
leaf_weight=592.41163676977158 16.704615108668804 15.705633647739885 36.162125989794731 21.237299650907516 17.239254854619503 24.142990067601204 14.259078018367289 13.511594980955122 22.101175621151924 14.016199916601179 143.03843627870083 46.949259236454964 20.456812269985676 50.10706277936697
leaf_count=2700 97 99 251 103 93 131 69 61 96 65 659 230 93 229
internal_value=0.000637425 0.00109722 0.0096079 -0.00470974 -0.00891236 -0.0153165 0.000566254 -0.00203031 -0.00432698 0.00509092 -0.0065676 0.00041775 0.00846511 0.00948199
internal_weight=1048.04 968.719 51.8678 79.3242 58.0869 41.3822 916.851 324.44 246.805 77.6349 212.089 69.0504 34.7159 63.6187
internal_count=4976 4552 350 424 321 224 4202 1502 1147 355 985 326 162 290
is_linear=0
shrinkage=0.03


Tree=139
num_leaves=15
num_cat=0
split_feature=21 23 20 20 22 42 7 27 14 26 3 3 20 14
split_gain=5.18011 7.758 4.50101 6.12857 7.4005 5.62787 6.3792 4.9178 4.67836 4.00592 3.64927 3.57243 3.49893 3.21491
threshold=8.2747943302551761 0.78174603174603186 15.32644772933377 16.211278608330112 0.57417582417582425 1.5000000000000002 1.0565527766561813 12.500000000000002 20.100000000000005 -0.47727272727272724 0.024722049054640708 0.024068576952877677 15.182958265327278 24.266666666666669
decision_type=8 8 8 8 8 10 2 2 8 10 2 2 10 10
left_child=1 -1 12 8 5 6 -5 13 -4 10 -10 -7 -2 -6
right_child=2 -3 3 4 7 11 -8 -9 9 -11 -12 -13 -14 -15
leaf_value=0.015311886096767226 -0.0012681296224496522 -0.0089046399354666701 0.018006008141931582 -0.02178411112589905 0.0050643195714303278 0.010158144123086868 0.00015244168106717758 -0.0040953945616858875 0.016595278795860442 -0.0070969553485319432 -0.0025375750235564951 -0.0032368752065734608 -0.014176650476386663 0.018788729307676038
leaf_weight=38.536176972091198 670.32893491536379 12.63393674790859 30.342655882239342 23.516111746430397 51.028892897069454 18.936300113797188 20.394851386547089 27.735826246440411 17.448987439274791 17.36635760217905 12.999640658497809 66.291983768343925 14.527554251253603 21.26481357216835
leaf_count=196 3151 57 144 109 241 86 93 144 94 83 66 306 71 117
internal_value=0.000208993 0.00907239 -0.000291319 0.00269827 0.000163228 -0.0045098 -0.0126214 0.00612365 0.00967462 0.00318354 0.009221 0.000137264 -0.00164272 0.0100555
internal_weight=1043.35 51.1701 992.183 307.326 229.169 129.139 43.911 100.03 78.1576 47.815 30.4486 85.2283 684.856 72.2937
internal_count=4958 253 4705 1483 1096 594 202 502 387 243 160 392 3222 358
is_linear=0
shrinkage=0.03


Tree=140
num_leaves=15
num_cat=0
split_feature=7 3 9 39 8 15 8 27 20 22 20 14 9 1
split_gain=7.03748 6.5537 4.08836 4.37304 4.13182 5.22033 5.10756 4.94218 6.24781 5.42247 4.45915 4.23373 5.01295 5.75586
threshold=4.2399452783895102 0.016978221047704082 16.500000000000004 172.19982993367231 -7.6999999999999984 -5.2749999999999995 -10.299999999999999 10.500000000000002 15.290883250587308 0.22474747474747478 14.732616729505102 30.900000000000002 -2.6333333333333329 38.250000000000007
decision_type=2 2 10 2 8 8 10 2 10 8 8 10 10 2
left_child=1 -1 3 -3 6 -6 7 9 -9 -5 -8 12 -7 -14
right_child=-2 2 -4 4 5 11 10 8 -10 -11 -12 -13 13 -15
leaf_value=-0.0093589922984525561 -0.0084604599693978485 0.010144329497185866 0.012987559137365007 0.013702608364349644 0.0095379556131451344 0.0046730802888306491 -0.0037890252991302762 -0.015783737679225345 0.0068023634701344354 -0.004902437330048518 -0.020364834161923213 -0.011127969633520461 -0.010047958023667737 0.00020343321469861917
leaf_weight=56.840148091316223 90.443432740867138 34.583244681358337 18.877765282988548 28.826603814959526 53.029479943215847 187.76939967274666 38.66555267572403 23.469593703746796 14.314272388815878 20.703791216015816 21.783920466899872 23.698861338198185 51.805349811911583 371.36061377078295
leaf_count=279 429 174 87 128 247 982 175 114 66 92 98 135 228 1685
internal_value=-0.000696555 8.65246e-05 0.000739491 0.000401034 -6.02509e-05 0.000925032 -0.00452576 0.000211534 -0.0074321 0.00618924 -0.0108618 0.000136411 0.000660156 -0.00115426
internal_weight=1036.17 945.729 888.888 870.011 835.427 687.664 147.764 87.3143 37.7839 49.5304 60.4495 634.634 610.935 423.166
internal_count=4919 4490 4211 4124 3950 3277 673 400 180 220 273 3030 2895 1913
is_linear=0
shrinkage=0.03


Tree=141
num_leaves=15
num_cat=0
split_feature=1 14 11 41 16 9 13 18 26 26 3 25 19 14
split_gain=4.01811 4.75137 6.2947 6.58046 5.45467 5.32874 5.87778 4.68427 4.39067 4.17029 4.78584 5.16475 4.62322 5.35318
threshold=46.750000000000007 22.100000000000005 27.675000000000004 69.500000000000014 7.4500000000000011 -5.8999999999999995 23.900000000000002 1.0500000000000003 -5.9666666666666659 9.8944444444444475 0.023929361077336456 -3.6306818181818179 12.350000000000003 26.100000000000005
decision_type=2 10 10 8 10 10 8 10 8 10 2 10 10 8
left_child=9 2 3 4 -2 7 -7 -3 -9 12 -11 -12 13 -1
right_child=1 5 -4 -5 -6 6 -8 8 -10 10 11 -13 -14 -15
leaf_value=-0.00048025968590437873 -0.002627992031095842 -0.018660453710732376 -0.015369164985042739 -0.016947558910285564 0.015693519002393269 0.0093280144411157263 -0.0031660137442051889 0.011337683095535041 -0.010324103581021473 -0.0061473900298913316 -0.0015259649718800635 0.018029148073970696 -0.013480086033484414 0.0062128472270831896
leaf_weight=547.1645578071475 46.050702005624771 16.63956955820322 47.320111528038979 14.562849491834639 15.719920083880423 65.166771776974201 61.855766646564007 11.770810350775717 11.925984971225263 13.414831250905989 16.528837934136391 34.3441341817379 15.947246603667734 128.67907126247883
leaf_count=2567 212 89 219 67 73 311 290 68 58 61 79 151 77 648
internal_value=-4.17723e-05 -0.00300733 -0.0073426 -0.00172789 0.00286065 0.000315868 0.00335435 -0.00856724 0.000536524 0.00111192 0.00812965 0.0121076 0.000406111 0.00083036
internal_weight=1047.09 291.012 123.654 76.3335 61.7706 167.359 127.023 40.3364 23.6968 756.079 64.2878 50.873 691.791 675.844
internal_count=4970 1387 571 352 285 816 601 215 126 3583 291 230 3292 3215
is_linear=0
shrinkage=0.03


Tree=142
num_leaves=15
num_cat=0
split_feature=2 41 10 22 15 24 11 26 9 27 13 42 3 39
split_gain=3.85299 4.64922 6.5886 5.76853 5.16441 6.53458 4.65765 4.25719 4.2243 3.77412 6.07399 5.20491 6.50793 3.4311
threshold=0.34746472687839575 72.500000000000014 21.700000000000006 0.87867647058823539 -6.5499999999999989 -0.12499999999999996 30.300000000000001 8.9309523809523821 -10.299999999999999 5.5000000000000009 22.225000000000005 3.5000000000000004 0.024372141282820507 606.21729685841763
decision_type=2 8 8 10 10 10 8 10 10 2 10 10 2 2
left_child=-1 2 3 4 5 -2 7 8 -3 10 -10 -11 -13 -12
right_child=1 6 -4 -5 -6 -7 -8 -9 9 11 13 12 -14 -15
leaf_value=-0.0041476342356836426 0.017107619107695499 0.0068397618168738999 -0.015176356362153812 0.012370403613244624 0.00097634628365459559 0.00055910338459534323 0.011658467373231262 0.0073498658762938714 -0.019220200014677707 -0.011970756851331917 0.0076397946845931384 -0.00846473225186678 0.015181894497175885 -0.008844368341018571
leaf_weight=131.8168748319149 38.174910694360733 16.092958092689514 13.967937901616095 47.488864444196224 581.24870633333921 43.425450257956982 13.122436627745627 19.98936340212822 41.275734767317772 20.53375767916441 13.905293598771093 13.988818451762198 19.59288477897644 24.226125150918961
leaf_count=687 165 84 95 246 2723 199 65 85 190 91 61 61 88 104
internal_value=0.000550619 0.0012524 0.00233033 0.00277825 0.00200356 0.0088417 -0.00296862 -0.00440177 -0.00615875 -0.00791575 -0.0118886 -0.00157365 0.0055112 -0.00264434
internal_weight=1038.85 907.033 724.306 710.338 662.849 81.6004 182.727 169.605 149.616 133.523 79.4072 54.1155 33.5817 38.1314
internal_count=4944 4257 3428 3333 3087 364 829 764 679 595 355 240 149 165
is_linear=0
shrinkage=0.03


Tree=143
num_leaves=15
num_cat=0
split_feature=12 2 15 21 1 26 28 4 23 37 8 22 25 39
split_gain=4.00393 5.70184 3.72521 8.71692 6.52321 5.28958 4.29509 7.66125 6.94994 5.65513 4.78235 7.13927 6.7145 6.4729
threshold=32.900000000000006 0.34746472687839575 8.2500000000000018 13.617390841616219 46.250000000000007 1.8619047619047622 7.5000000000000009 129.1427400889809 0.77097902097902116 1.0000000180025095e-35 3.1000000000000005 0.30384615384615393 -6.645833333333333 257.86466118942809
decision_type=10 2 10 10 2 8 2 2 10 2 8 8 10 2
left_child=2 -2 6 5 -5 -4 10 8 9 -8 11 12 -1 -13
right_child=1 -3 3 4 -6 -7 7 -9 -10 -11 -12 13 -14 -15
leaf_value=6.5201319348022284e-05 -0.0054907962727792116 0.016560450407727186 0.012454856598837894 -0.024382561443788968 0.0010940540171662529 -0.0072401044143283709 -0.0055238505820326368 0.0062822732113616301 0.0054091015408553912 -0.020492776520222297 0.0047829185669339457 -0.012301558304645554 0.012151874372183468 -0.0013046909481809075
leaf_weight=118.1295857951045 13.688110798597334 23.270299732685089 19.607770934700966 23.949107281863689 12.552785038948057 19.860888198018074 64.677565723657608 40.39521150290966 24.275418922305107 35.342746995389462 191.73529086261988 51.333859376609325 58.701965965330601 344.221345923841
leaf_count=537 74 103 117 117 64 93 289 229 109 160 974 234 265 1588
internal_value=-0.000370876 0.00871235 -0.000746465 -0.00691806 -0.016545 0.00284449 -0.000207332 -0.00452637 -0.00814621 -0.011537 0.000746923 -0.000634746 0.00430138 -0.00286757
internal_weight=1041.74 36.9584 1004.78 75.9706 36.5019 39.4687 928.813 164.691 124.296 100.02 764.122 572.387 176.832 395.555
internal_count=4953 177 4776 391 181 210 4385 787 558 449 3598 2624 802 1822
is_linear=0
shrinkage=0.03


Tree=144
num_leaves=15
num_cat=0
split_feature=39 8 39 39 21 13 42 3 13 8 8 15 21 10
split_gain=5.05261 5.7249 5.16071 9.851 9.19578 6.10851 5.09569 4.64246 5.54324 8.12406 7.98108 7.07729 5.26671 7.25054
threshold=2301.1072498434423 -1.0000000180025095e-35 1498.7265836129675 1721.9049296244007 12.560298956966291 25.900000000000002 5.5000000000000009 0.028715061329477879 15.900000000000002 11.900000000000002 7.5000000000000009 3.6500000000000008 13.5049371792028 1.6000000000000005
decision_type=2 10 2 2 10 8 10 2 8 8 10 10 10 10
left_child=2 -2 7 -4 5 6 -5 8 12 10 11 -10 13 -1
right_child=1 -3 3 4 -6 -7 -8 -9 9 -11 -12 -13 -14 -15
leaf_value=-0.015661991224570848 -0.017340429639069992 0.0020212082861463076 0.017385038308527112 0.010445144174653339 0.0079872684078333839 -0.020901093107276204 -0.010350960365965353 0.0053515864832646576 -0.00099108404781811875 0.015772878433876852 -0.012283121159491973 0.0086544980486720439 -0.015539395482594989 0.0091078282719901475
leaf_weight=11.760899618268011 24.370225235819817 24.075622141361237 42.703872926533222 15.8510899618268 68.775521710515022 16.131223157048225 16.579442068934441 122.3427368029952 492.05859561264515 23.319500803947449 43.950626894831657 74.406770825386047 37.498898811638355 24.103757113218307
leaf_count=51 112 123 205 75 323 74 81 647 2263 125 215 348 171 133
internal_value=0.000560429 -0.00842955 0.00104075 0.00588555 0.00116092 -0.00835001 -0.000148951 7.62832e-05 -0.000867621 6.26432e-05 -0.000660801 0.000340526 -0.00839477 6.27182e-05
internal_weight=1037.93 48.4458 989.483 160.041 117.337 48.5618 32.4305 829.442 707.099 633.735 610.416 566.465 73.3636 35.8647
internal_count=4946 235 4711 758 553 230 156 3953 3306 2951 2826 2611 355 184
is_linear=0
shrinkage=0.03


Tree=145
num_leaves=15
num_cat=0
split_feature=19 19 1 3 9 20 13 39 27 39 3 1 29 18
split_gain=3.53108 5.44275 4.42363 6.1186 7.16498 4.90077 5.78203 4.31833 3.9793 3.35976 3.30376 3.81445 3.25376 4.41675
threshold=11.050000000000002 12.350000000000003 48.250000000000007 0.027716549304148356 -6.2999999999999998 13.762670905726058 25.300000000000001 1070.1941094918909 12.500000000000002 911.37581774572561 0.042854956491320213 42.750000000000007 13.500000000000002 1.5500000000000003
decision_type=10 10 2 2 10 10 10 2 2 2 2 2 2 10
left_child=2 -2 10 4 -4 7 9 -6 -5 -7 12 -12 -1 -14
right_child=1 -3 3 8 5 6 -8 -9 -10 -11 11 -13 13 -15
leaf_value=-0.00010117165415694453 0.018110040953602566 -0.00092476550137114005 -0.019740419707995147 -0.023349266635664355 -0.010170213854764812 0.020763380116499679 -0.0055030199745957874 0.0051881922185124316 -0.0017227906094265993 0.0014350948686157074 -0.0016224443362112355 0.017040370612315125 -0.014181889482934383 0.0044206024427249947
leaf_weight=750.32251074910164 17.452269807457924 32.840083837509155 13.367939770221708 19.575939111411575 41.932854264974594 18.73508957028389 18.343086175620556 21.56147189438343 12.358853392302988 13.483661331236361 17.080147221684456 16.002865925431252 28.76265661418438 14.483467549085615
leaf_count=3582 85 157 68 102 190 86 85 95 64 63 77 76 132 72
internal_value=-0.000662981 0.00672097 -0.00107162 -0.00556677 -0.00235012 0.000431543 0.00703521 -0.00495678 -0.016346 0.0139539 -0.000176798 0.00845713 -0.000587435 -0.0081393
internal_weight=1036.3 50.2924 986.011 159.359 127.424 114.056 50.5618 63.4943 31.9348 32.2188 826.652 33.083 793.569 43.2461
internal_count=4934 242 4692 753 587 519 234 285 166 149 3939 153 3786 204
is_linear=0
shrinkage=0.03


Tree=146
num_leaves=15
num_cat=0
split_feature=11 39 39 26 4 26 42 15 7 18 41 19 21 39
split_gain=3.63837 8.28348 6.28003 5.40052 5.50218 4.93731 4.65117 4.36274 4.31821 6.9045 5.65498 7.06124 7.44496 5.70632
threshold=27.100000000000005 1782.34303976501 1224.8932853688204 0.48333333333333339 74.972121389527857 8.3431372549019631 2.5000000000000004 6.9500000000000011 -1.7309735623331741 -8.0499999999999989 69.500000000000014 4.5500000000000007 14.725072953023455 1574.3840512640834
decision_type=8 2 2 10 2 10 10 10 2 10 10 10 8 2
left_child=8 2 3 7 5 -5 -4 -2 10 -10 11 12 13 -1
right_child=1 -3 6 4 -6 -7 -8 -9 9 -11 -12 -13 -14 -15
leaf_value=0.011543307553240904 0.0080979575071122196 -0.017497672514359696 -0.0025726577174048294 0.0068691947826909306 -0.016527266097581737 -0.012557928371343979 0.018439886965086378 -0.0081703544897071632 -0.011191382087727774 0.0004237346103621992 -0.0043952113050917752 0.016697851467945397 -0.0056984082637542297 -0.0058803797958881087
leaf_weight=75.492769844830036 40.343649812042713 27.674134589731693 14.302436187863348 25.252001374959946 36.372050888836384 14.294851109385489 17.952074363827705 17.386082261800766 45.110962852835655 566.33477007597685 50.305005833506584 42.231169939041138 50.985916167497635 18.07296296954155
leaf_count=357 225 136 69 108 176 61 97 108 208 2640 227 205 243 89
internal_value=-2.9425e-05 -0.00368683 -0.000938541 -0.00385128 -0.00887634 -0.000774386 0.0100276 0.00293782 0.000821654 -0.000517023 0.00421346 0.00658611 0.00317245 0.00805021
internal_weight=1042.11 193.577 165.903 133.649 75.9189 39.5469 32.2545 57.7297 848.534 611.446 237.088 186.783 144.552 93.5657
internal_count=4949 980 844 678 345 169 166 333 3969 2848 1121 894 689 446
is_linear=0
shrinkage=0.03


Tree=147
num_leaves=15
num_cat=0
split_feature=41 21 4 3 19 19 39 39 39 1 2 21 21 4
split_gain=4.04877 9.16142 4.54417 3.66569 3.56447 5.72782 4.79172 4.46025 10.8858 8.67243 5.54959 7.00253 5.10091 4.89226
threshold=82.500000000000014 11.585910984179597 25.163096056354565 0.042859254254465691 -6.4499999999999993 -8.7499999999999982 940.92268974091257 1498.7265836129675 1782.34303976501 43.750000000000007 0.53656354498302861 14.771782379642639 11.612254063894946 138.06717585786126
decision_type=10 10 2 2 8 10 2 2 2 2 2 10 10 2
left_child=3 -2 -3 4 5 6 -1 -6 10 12 -9 -12 -10 -11
right_child=1 2 -4 -5 7 -7 -8 8 9 13 11 -13 -14 -15
leaf_value=-0.0110739515938847 -0.023665961300088165 -0.0083823862119113135 0.011299391095773536 0.0090051266261992335 -0.0019727113066974906 0.01055144248796778 0.0071812181495020146 0.023205984608595517 -0.0068094772943816254 -0.01279056066840943 -0.0071728215649205576 0.018319739235502168 0.011950888819320457 0.005978095879428956
leaf_weight=24.423939630389214 16.210704624652863 16.474135801196098 15.866862282156942 35.25094049423933 681.82948105037212 60.031723722815514 18.565867677330971 24.355790182948112 14.675791189074515 51.970134414732456 18.321949198842052 11.927406564354895 39.405119188129902 12.784759767353533
leaf_count=121 74 70 73 160 3257 293 90 105 70 231 92 61 191 77
internal_value=-0.000296711 -0.00833201 0.00149376 0.000135706 -0.000235605 0.00490246 -0.00326335 -0.000879406 0.00335343 -0.00182227 0.0138252 0.00405175 0.0067145 -0.00892211
internal_weight=1042.09 48.5517 32.341 993.543 958.292 103.022 42.9898 855.27 173.441 118.836 54.6051 30.2494 54.0809 64.7549
internal_count=4965 217 143 4748 4588 504 211 4084 827 569 258 153 261 308
is_linear=0
shrinkage=0.03


Tree=148
num_leaves=15
num_cat=0
split_feature=12 25 12 41 3 41 11 3 9 25 10 42 12 2
split_gain=3.56144 5.11008 5.78816 8.56964 5.55606 4.98149 4.46034 4.89449 4.81766 4.18153 8.19034 4.66826 6.28224 7.8136
threshold=26.700000000000006 -5.6547619047619042 31.700000000000006 61.500000000000007 0.024932539339357577 67.500000000000014 24.450000000000003 0.024534232937897919 8.3000000000000025 -8.0357142857142829 -7.6999999999999984 10.500000000000002 21.675000000000004 0.44593950612121697
decision_type=8 10 10 8 2 10 8 2 8 8 10 10 10 2
left_child=9 -2 3 4 -3 -4 7 -5 -8 10 -1 -11 -13 -14
right_child=1 2 5 6 -6 -7 8 -9 -10 11 -12 12 13 -15
leaf_value=0.003203104615849489 0.0036110182405118497 -0.022847329612824933 0.011720701817416501 0.015627844491412617 -0.0024741147368032164 -0.0070072631037110455 0.0010038780300915687 -0.0033454048826539245 -0.020414477017184397 0.0023511694391094387 -0.012445934846753614 0.0018735523510303518 0.0075274382924585131 -0.016291664491613084
leaf_weight=54.953448057174683 57.884320050477982 41.619264610111713 22.10888198018074 14.267490088939665 18.03157564997673 19.636219330132008 17.586232922971249 29.900039672851562 14.373873293399813 557.3400646224618 57.443919323384762 77.203649409115314 13.152242720127104 45.343274936079979
leaf_count=255 280 187 105 62 83 92 82 133 61 2700 251 389 60 206
internal_value=-0.000698871 -0.0039034 -0.00638539 -0.00930957 -0.0173564 0.00310413 -0.00232324 0.00374952 -0.0100875 0.000256032 -0.00498423 0.00113551 -0.00376351 -0.0107651
internal_weight=1040.84 235.408 177.524 135.778 59.6508 41.7451 76.1276 44.1675 31.9601 805.437 112.397 693.039 135.699 58.4955
internal_count=4946 1085 805 608 270 197 338 195 143 3861 506 3355 655 266
is_linear=0
shrinkage=0.03


Tree=149
num_leaves=15
num_cat=0
split_feature=12 13 17 25 12 1 21 25 15 16 15 23 27 9
split_gain=4.23867 3.3461 4.52969 8.10317 7.90261 7.2813 5.8605 11.7535 8.97777 8.49956 7.69191 5.11252 6.0018 5.22655
threshold=33.70000000000001 33.70000000000001 -3.9499999999999988 -7.9666666666666659 26.700000000000006 51.750000000000007 11.479450238481698 -0.36931818181818177 1.9500000000000002 0.35000000000000003 -2.5499999999999994 0.60357142857142865 14.500000000000002 -1.8999999999999997
decision_type=8 10 10 8 10 2 10 10 10 10 8 10 2 10
left_child=1 2 6 -4 -5 -6 7 9 11 -1 -9 12 13 -8
right_child=-2 -3 3 4 5 -7 8 10 -10 -11 -12 -13 -14 -15
leaf_value=0.0070061284003426205 0.0094500796423771152 -0.012864423231043231 -0.011324956661275216 0.00071797066475929011 -0.01270898703027977 0.0086439045110401971 0.011153669357115535 0.022602989221651808 -0.012547422475474246 -0.018230808728632045 -0.0055538163400507658 0.011796407442577123 0.013671888336781603 -0.0050798702496643719
leaf_weight=13.241737231612204 33.598431169986725 14.892081171274183 67.064556248486042 525.76001445949078 70.890172488987446 14.000624716281889 18.230817332863808 14.578228279948233 19.407578125596046 40.851888403296471 12.872923307120802 94.733759596943855 26.748986646533012 72.736732482910156
leaf_count=61 159 70 302 2604 321 64 83 70 85 187 58 431 126 324
internal_value=-0.000308981 -0.000680035 -0.000433304 -0.0018094 -0.000680869 -0.00890244 0.00252411 -0.00421573 0.00493348 -0.0119829 0.0105779 0.00678217 0.00243068 -0.00141489
internal_weight=1039.61 1006.01 991.118 677.715 610.651 84.8908 313.403 81.5448 231.858 54.0936 27.4512 212.45 117.717 90.9675
internal_count=4945 4786 4716 3291 2989 385 1425 376 1049 248 128 964 533 407
is_linear=0
shrinkage=0.03


Tree=150
num_leaves=15
num_cat=0
split_feature=29 14 14 19 3 4 3 26 27 42 9 3 26 14
split_gain=4.9689 5.80665 7.67194 5.70394 4.62028 4.254 4.25746 7.47641 13.3076 7.4049 7.0324 8.6243 6.59018 6.23356
threshold=9.5000000000000018 28.450000000000003 22.100000000000005 -3.0499999999999994 0.024225309229213624 261.49051116978779 0.025126895938511699 3.5505050505050506 6.5000000000000009 7.5000000000000009 -3.4999999999999996 0.024534232937897919 -5.1483516483516478 16.700000000000006
decision_type=2 8 10 10 2 2 2 8 2 8 10 2 10 10
left_child=5 2 3 -2 -4 6 9 8 -8 10 11 -1 -11 -9
right_child=1 -3 4 -5 -6 -7 7 13 -10 12 -12 -13 -14 -15
leaf_value=-0.01059431542763351 0.0012639649383401389 -0.02067891502867767 -0.0071977022016069857 -0.016658923123916331 0.011561241083207966 0.010194481537333584 -0.011498632327676804 0.0041639542077548447 0.0078294683998127845 0.0060725775086831564 0.006954285425632427 0.0059354035102418511 -0.004628626931655196 -0.013141673050744176
leaf_weight=49.806988678872585 26.173113435506821 14.008818350732325 12.980159111320971 33.541471786797047 34.071950800716877 38.207323431968689 42.513851083815098 21.98559682071209 93.888037912547588 64.193320147693157 274.6541206240654 54.308491624891758 203.70394012331963 73.15881983935833
leaf_count=234 122 71 61 153 167 312 196 100 448 311 1248 259 916 343
internal_value=0.000240365 -0.00535426 -0.00250838 -0.00931255 0.00619196 0.00100274 0.000547395 -0.00290376 0.00161169 0.00179592 0.00447188 -0.00209524 -0.00200013 -0.00913452
internal_weight=1037.2 120.776 106.767 59.7146 47.0521 916.42 878.213 231.546 136.402 646.667 378.77 104.115 267.897 95.1444
internal_count=4941 574 503 275 228 4367 4055 1087 644 2968 1741 493 1227 443
is_linear=0
shrinkage=0.03


Tree=151
num_leaves=15
num_cat=0
split_feature=3 42 16 39 3 18 1 14 39 23 3 16 17 17
split_gain=4.31193 7.51018 5.98353 5.49894 7.26129 10.4753 4.87795 5.96797 4.86666 4.76767 4.41625 4.34624 5.61998 5.94757
threshold=0.025146607476110087 13.500000000000002 2.9500000000000006 1479.389932570308 0.024738697602202268 3.9500000000000006 39.750000000000007 16.100000000000005 1915.5701963147887 0.64852941176470602 0.029302879896668136 2.2500000000000004 -5.487499999999998 0.50000000000000022
decision_type=2 8 10 2 2 10 2 8 2 8 2 8 10 10
left_child=3 8 10 4 11 -6 -5 -8 9 -2 -3 12 -1 -14
right_child=1 2 -4 6 5 -7 7 -9 -10 -11 -12 -13 13 -15
leaf_value=0.011995294382149805 0.00038973175231579222 0.0090044006784161541 0.020276067374529565 0.016799510619358863 0.015532153938466641 -0.0099667462331751531 0.018527532811189865 0.00088539036871435593 -0.015549016364089103 -0.0089726212162517596 -0.010821434006543279 -0.0043164903547401419 -0.0065717092412720616 0.0025701867795013332
leaf_weight=33.472533114254475 130.32195100188255 16.108173824846748 15.573361575603483 28.50454930216074 50.92290398478508 15.711999759078024 15.56420214474201 110.94635298848152 28.781012564897537 73.027280539274216 14.423779487609862 203.37205184996128 86.784989409148693 206.97336504608393
leaf_count=155 658 73 71 137 223 69 70 527 138 344 79 925 401 1024
internal_value=0.000421794 -0.0027384 0.00776867 0.00160102 0.000275393 0.0092437 0.00654014 0.00367774 -0.00494509 -0.00310714 -0.000566439 -0.000926656 0.00121336 -0.000195386
internal_weight=1030.49 278.236 46.1053 752.253 597.238 66.6349 155.015 126.511 232.13 203.349 30.532 530.603 327.231 293.758
internal_count=4894 1363 223 3531 2797 292 734 597 1140 1002 152 2505 1580 1425
is_linear=0
shrinkage=0.03


Tree=152
num_leaves=15
num_cat=0
split_feature=7 25 41 25 21 17 12 12 24 14 10 41 7 16
split_gain=3.82104 3.50013 3.37226 7.1629 5.09084 7.67571 5.96946 6.21166 10.7918 8.66 6.08025 6.30768 7.09142 5.6808
threshold=6.2274371312033381 -2.964285714285714 58.500000000000007 11.82291666666667 11.791003988561579 -8.5499999999999989 25.100000000000005 20.450000000000003 -0.094402673350041752 17.300000000000001 2.8000000000000003 69.500000000000014 1.0000000180025095e-35 2.9500000000000006
decision_type=2 10 8 10 8 10 8 10 8 10 8 10 2 10
left_child=2 -2 3 -1 5 -4 7 10 -9 -10 13 12 -12 -6
right_child=1 -3 4 -5 6 -7 -8 8 9 -11 11 -13 -14 -15
leaf_value=0.0038974887296357777 0.0024145360336539456 -0.016323454242245204 -0.018418085847810881 -0.015665044863232037 -0.0075224720063004659 -0.0021160105978836638 0.0058757498545143312 0.0044968365217952335 0.0082062195291666765 -0.015265354144224646 0.0098619295816042875 0.017953000334987167 -0.0094212665608112631 0.010182241858727724
leaf_weight=329.94529739022255 12.71405264735222 18.351596668362617 26.076210834085941 12.861699327826498 62.064213111996651 170.30849543958902 148.64436483383179 56.432053536176682 13.649531692266462 80.666197992861271 35.202565684914589 29.730666421353817 25.065883301198483 16.850423231720924
leaf_count=1613 62 88 122 78 272 819 674 253 59 369 198 151 123 75
internal_value=0.000213683 -0.0093831 0.000554469 0.00294888 -0.000693219 -0.00468416 0.00101219 -0.00130505 -0.0056401 -0.0116264 0.00261471 0.00775519 0.00173462 -0.00336059
internal_weight=1038.56 31.0656 1007.5 342.807 664.691 196.385 468.306 319.662 150.748 94.3157 168.914 89.9991 60.2684 78.9146
internal_count=4956 150 4806 1691 3115 941 2174 1500 681 428 819 472 321 347
is_linear=0
shrinkage=0.03


Tree=153
num_leaves=15
num_cat=0
split_feature=2 23 23 17 21 10 23 13 26 14 18 13 13 3
split_gain=3.84459 4.16042 4.3726 4.55841 5.55343 8.76379 5.1359 9.38584 7.14848 5.67338 5.53865 5.07434 5.80122 4.42946
threshold=0.82461063744049479 0.12916666666666668 0.17261904761904764 -4.070833333333332 11.727697450325364 -14.299999999999997 0.72902097902097907 26.700000000000006 -1.392307692307692 19.266666666666669 -1.3499999999999999 27.900000000000002 23.450000000000003 0.016978221047704082
decision_type=2 8 8 10 8 10 10 8 8 10 8 10 8 2
left_child=1 -1 -3 4 5 -4 8 -8 -6 10 -10 12 -11 -5
right_child=-2 2 3 13 6 -7 7 -9 9 11 -12 -13 -14 -15
leaf_value=-0.0070935751529386613 0.009487673255769177 0.013759620147491537 -0.018233305325546827 -0.011315336379902527 0.013563066759161574 0.0022508738219229781 0.017473159953893036 -0.0055484099810260059 -0.0058770679886516117 -0.0020748883843515593 0.0099546037270384566 0.00524218796276714 -0.024402983396306265 -0.00078095659364963148
leaf_weight=66.970395937561989 33.759659804403782 16.508592203259468 20.907759547233582 33.389624126255512 33.263476461172104 65.30417163670063 54.892681434750557 18.988159716129303 27.885847091674805 22.015064880251884 47.37804788351059 15.429471880197523 16.922888800501823 577.61234138906002
leaf_count=318 299 83 102 157 151 294 249 91 123 100 213 71 77 2679
internal_value=0.000214171 -0.000138415 0.000386188 7.77985e-05 0.00293437 -0.00344405 0.00528001 0.0115797 0.00216301 -0.00115732 0.00408814 -0.00815164 -0.0134516 -0.0014438
internal_weight=1051.23 1017.47 950.498 933.99 322.988 86.2119 236.776 73.8808 162.895 129.631 75.2639 54.3674 38.938 611.002
internal_count=5007 4708 4390 4307 1471 396 1075 340 735 584 336 248 177 2836
is_linear=0
shrinkage=0.03


Tree=154
num_leaves=15
num_cat=0
split_feature=41 39 39 11 25 26 17 4 13 26 16 25 42 13
split_gain=7.03871 5.68528 10.3123 8.46588 9.35289 7.2998 6.8958 5.99321 5.294 6.77116 7.03877 6.62746 6.31747 5.89059
threshold=43.500000000000007 1782.34303976501 1505.5882577139103 27.300000000000001 -3.1339285714285707 -3.6396103896103891 4.3500000000000014 66.419065660307993 22.225000000000005 3.7888888888888892 -6.3499999999999988 -7.7321428571428568 8.5000000000000018 22.100000000000005
decision_type=8 2 2 8 10 8 10 2 10 8 10 10 10 10
left_child=-1 2 8 4 7 -4 -6 -3 13 10 11 -10 -11 -2
right_child=1 3 5 -5 6 -7 -8 -9 9 12 -12 -13 -14 -15
leaf_value=0.0063366472846192318 -0.0022484385447333445 -0.01682641759109401 -0.0049863648444360073 -0.021079429216640237 0.013054226884805157 0.018588900876556399 -0.0070480213121971516 0.0050926528526555508 -0.017700775838922902 -0.0069254866258493045 0.0079942938375870444 0.0035514312596935118 0.00740762362993325 -0.020070785885978673
leaf_weight=149.48045284301043 341.45655149966478 36.97581359744072 13.686280086636541 22.747694678604603 36.138636261224747 39.172846995294094 20.501364685595036 12.677858009934424 16.152934864163399 100.64378657191992 171.30999170988798 31.722215101122856 32.957221806049347 12.70638709515333
leaf_count=754 1634 166 69 112 167 179 106 61 72 466 794 157 154 61
internal_value=0.000425169 -0.000598866 0.000403481 -0.00629568 -0.00232696 0.0125814 0.00579654 -0.011276 -0.000589034 0.00199841 0.00519868 -0.00461478 -0.00325006 -0.00315836
internal_weight=1038.33 888.85 759.808 129.041 106.294 52.8591 56.64 49.6537 706.949 352.786 219.185 47.8751 133.601 354.163
internal_count=4952 4198 3586 612 500 248 273 227 3338 1643 1023 229 620 1695
is_linear=0
shrinkage=0.03


Tree=155
num_leaves=15
num_cat=0
split_feature=20 2 12 41 20 10 8 24 4 18 41 7 9 24
split_gain=4.00222 5.36549 9.15472 5.79401 8.24018 5.36366 8.45263 6.41931 6.20793 5.24996 8.31403 8.89634 8.43674 6.5776
threshold=15.32644772933377 0.73435478629997786 16.500000000000004 72.500000000000014 15.908942255293836 4.3000000000000016 9.3000000000000025 -0.071428571428571425 79.485324099459845 -4.5499999999999989 42.500000000000007 0.14025580696817566 1.0000000180025095e-35 -0.11111111111111106
decision_type=8 2 10 8 10 8 10 8 2 10 8 2 10 8
left_child=9 3 -3 5 -5 7 -7 -2 -9 10 -1 12 -12 -11
right_child=1 2 -4 4 -6 6 -8 8 -10 13 11 -13 -14 -15
leaf_value=0.010389719697189305 0.0007528952606986833 -0.0068796443598195273 0.019746420436659643 0.0093678931811250615 -0.014133205478437261 -0.011607805582214699 0.011597890945593605 0.019567582074594959 0.00117376045769064 0.004661772207325921 0.0097493425852923071 -0.016488663742549845 -0.010388966336661485 -0.0019452881995534938
leaf_weight=19.960418753325939 81.987994641065598 13.718862377107142 33.114639222621918 15.549269810318945 37.369408741593361 37.456568598747253 16.500799268484116 41.971525967121124 26.503796964883804 207.25525908172131 30.997628502547741 60.814043059945107 34.045494787395 370.72361923754215
leaf_count=98 370 102 227 67 164 168 77 182 119 948 151 276 151 1801
internal_value=0.000361787 0.00322041 0.0120356 0.0014173 -0.00701522 0.00371561 -0.00412949 0.00657126 0.0130125 -0.000853391 -0.00583846 -0.00871083 -0.000780792 0.000443575
internal_weight=1027.97 304.173 46.8335 257.339 52.9187 204.421 53.9574 150.463 68.4753 723.796 145.818 125.857 65.0431 577.979
internal_count=4901 1476 329 1147 231 916 245 671 301 3425 676 578 302 2749
is_linear=0
shrinkage=0.03


Tree=156
num_leaves=15
num_cat=0
split_feature=16 13 13 39 13 24 10 23 20 2 18 20 18 25
split_gain=3.76321 5.00109 9.81246 6.00525 5.6686 5.34302 7.93753 5.27068 4.85541 4.65582 4.6034 6.27363 5.71069 7.89218
threshold=3.3500000000000001 26.100000000000005 22.900000000000002 673.99535131197706 18.300000000000001 0.11904761904761907 -12.499999999999998 0.54772727272727284 12.696018593361275 0.52791633086459655 11.550000000000002 13.762670905726058 5.5500000000000007 7.2678571428571432
decision_type=8 10 10 2 8 10 10 10 10 2 8 8 10 8
left_child=10 2 3 4 -2 6 -5 -8 -4 -3 12 -12 -1 -14
right_child=1 9 8 5 -6 -7 7 -9 -10 -11 11 -13 13 -15
leaf_value=-0.00074651620582438978 -0.014699840971721901 -0.010237958018972294 0.022049217277458788 -0.0075094299511288751 0.0014572836895838078 -0.0053940806351448576 -0.0015402230957279712 0.018379608789999873 0.0052573356503352771 0.005188538718631285 0.019595835906651145 -0.0054792588553954705 -0.011804064876138659 0.0062662207886677469
leaf_weight=586.99083928763866 30.086641117930412 42.013122245669365 29.670516774058342 17.011981397867203 42.293748162686825 28.293848484754562 14.628901392221449 46.343983545899391 35.611077427864075 24.240561053156853 16.056111924350265 12.612080745398996 92.085582792758942 24.575470969080925
leaf_count=2840 136 201 133 77 194 137 65 206 162 106 79 62 436 137
internal_value=-0.000302069 0.00244318 0.00441743 0.000662721 -0.00577469 0.00510935 0.00901552 0.0138458 0.0139149 -0.00462576 -0.00147358 0.00938901 -0.00197926 -0.00789635
internal_weight=1042.51 310.194 243.941 178.659 72.3804 106.279 77.9849 60.9729 65.2816 66.2537 732.32 28.6682 703.652 116.661
internal_count=4971 1417 1110 815 330 485 348 271 295 307 3554 141 3413 573
is_linear=0
shrinkage=0.03


Tree=157
num_leaves=15
num_cat=0
split_feature=19 1 8 13 3 4 25 25 1 26 24 12 20 18
split_gain=5.13437 3.43289 5.98712 6.49163 5.21948 4.6575 4.74446 5.53789 5.51266 4.34806 3.68422 5.98213 3.40091 3.16784
threshold=9.8166666666666682 48.250000000000007 16.100000000000005 13.700000000000001 0.025431793525507954 130.42215499003444 -2.4833333333333329 2.4580419580419588 50.250000000000007 3.9736842105263164 -0.090909090909090898 23.633333333333336 19.940606241853526 -4.7499999999999991
decision_type=10 2 8 10 2 2 8 8 2 8 10 10 10 10
left_child=1 2 3 9 5 6 -3 -8 -9 -1 -6 -12 -5 -2
right_child=13 4 -4 12 10 -7 7 8 -10 -11 11 -13 -14 -15
leaf_value=0.022900078942528539 -0.003595788342126891 0.00834240073607459 -0.015022165879551816 0.0015417333399455168 0.00034366930748664298 0.0107864874616742 -0.017420483950035499 -0.010593410327734424 0.0097105427538655194 0.00089148516205221097 -0.00048310852665409999 -0.024270541146487839 -0.0089491854106341587 0.011574951143736127
leaf_weight=16.241600669920444 12.976660884916781 20.082331925630569 14.675841227173803 739.79879942536354 19.228163629770279 24.879553630948067 22.227214992046356 17.606080859899521 20.739072188735008 13.716127678751947 15.369634553790091 20.8924909979105 23.954501710832119 56.906684085726738
leaf_count=88 61 93 77 3513 94 141 97 77 91 61 82 94 116 274
internal_value=0.00113607 0.0005485 0.00134832 0.00174316 -0.00338651 0.000612443 -0.00297239 -0.00707381 0.000241431 0.0143922 -0.0104139 -0.0154686 0.00115663 0.0087059
internal_weight=1039.29 969.411 808.387 793.711 161.025 105.534 80.6547 60.5724 38.3452 29.9577 55.4903 36.2621 763.753 69.8833
internal_count=4959 4624 3855 3778 769 499 358 265 168 149 270 176 3629 335
is_linear=0
shrinkage=0.03


Tree=158
num_leaves=15
num_cat=0
split_feature=7 7 15 26 15 42 26 19 21 19 19 15 22 25
split_gain=4.45489 5.82474 5.79912 9.38774 8.98782 6.38135 5.4381 5.36124 7.54857 5.25801 5.22414 6.5079 6.11721 5.09196
threshold=0.64695081941944454 -0.40401496614291327 -0.44999999999999996 -2.3693181818181812 -1.1624999999999999 7.5000000000000009 7.0294117647058831 2.8500000000000001 18.624356802605195 -1.4499999999999997 4.5500000000000007 6.2500000000000009 0.58012820512820518 2.7817460317460321
decision_type=2 2 10 8 8 10 10 10 10 10 10 10 10 8
left_child=1 2 3 -1 5 9 -7 8 -2 -5 -9 12 -12 -3
right_child=7 13 -4 4 -6 6 -8 10 -10 -11 11 -13 -14 -15
leaf_value=0.0052689351100330302 0.0020025327640393132 0.0024982181493551077 0.0036094318415024196 0.0093229707424781049 -0.025675325751932338 -0.01696164901188655 0.0038091514169661337 -0.014884211997077288 -0.015420852160099441 -0.0050984698514345691 -0.0045201704872187632 -0.018143329120957393 0.01093659023399143 0.014414697124996233
leaf_weight=78.082868807017803 256.87155229598284 82.446268513798714 242.39391411095858 34.159854590892792 15.86049212515354 39.643402427434921 13.067342594265936 41.49005426466465 19.47554574906826 49.435969278216362 65.612702108919621 15.285467088222502 29.220829196274281 50.99857721477747
leaf_count=392 1205 372 1206 155 70 176 60 202 89 226 306 74 143 260
internal_value=0.000348349 0.0019963 0.000406687 -0.00297003 -0.00723089 -0.00425216 -0.0119285 -0.00198164 0.000522389 0.000988151 -0.00641684 -0.00271865 0.000551696 0.00740845
internal_weight=1034.04 606.089 472.644 230.25 152.167 136.307 52.7107 427.956 276.347 83.5958 151.609 110.119 94.8335 133.445
internal_count=4936 2917 2285 1079 687 617 236 2019 1294 381 725 523 449 632
is_linear=0
shrinkage=0.03


Tree=159
num_leaves=15
num_cat=0
split_feature=18 39 39 23 21 18 23 12 17 22 8 39 2 2
split_gain=5.08973 5.43808 5.99883 5.52437 5.34091 7.56635 6.64417 6.49599 4.99408 4.92995 4.56076 3.84099 3.82635 5.70187
threshold=2.6500000000000008 2145.706708822494 1118.1677279609059 0.62828947368421062 13.211947448379439 3.5500000000000003 0.69615384615384623 24.700000000000006 0.75000000000000022 0.54195804195804198 5.7000000000000002 694.12847492778974 0.64144135059549479 0.48267224072705284
decision_type=8 2 2 8 8 8 8 8 10 10 10 2 2 2
left_child=-1 2 4 -4 6 -6 8 9 12 -7 -11 -9 13 -2
right_child=1 -3 3 -5 5 7 -8 11 -10 10 -12 -13 -14 -15
leaf_value=0.0017300301145673157 -0.0084554216088461101 -0.014722855482966696 -0.0013058377794820599 0.013469946778914185 -0.022652688062185757 -0.014550649060810219 -0.0094028016437530879 0.010647330207447269 0.012287561077558551 0.010525944080240435 -0.010887321140265929 -0.0053491769943023642 -0.012952258454415598 0.014462559806603154
leaf_weight=678.38526754826307 13.74763795733452 25.715526029467583 50.618371486663818 35.255068853497505 20.172221168875694 50.18452750146389 34.014336854219437 27.656803801655769 41.290328092873096 14.96136958897114 11.265300102531908 18.991700157523155 12.766024224460123 16.052629888057709
leaf_count=3218 63 120 257 163 95 226 162 125 221 74 64 86 65 67
internal_value=0.000186225 -0.00260956 -0.00151541 0.00516768 -0.0037692 -0.00756106 0.000958703 -0.00429934 0.00545419 -0.00945747 0.00105764 0.0042474 -0.0017692 0.0041941
internal_weight=1051.08 372.692 346.976 85.8734 261.103 143.232 117.871 123.06 83.8566 76.4112 26.2267 46.6485 42.5663 29.8003
internal_count=5006 1788 1668 420 1248 670 578 575 416 364 138 211 195 130
is_linear=0
shrinkage=0.03


Tree=160
num_leaves=15
num_cat=0
split_feature=2 8 41 12 10 12 7 19 21 19 23 19 4 22
split_gain=4.90843 5.0471 4.07929 5.95747 7.58751 7.95432 7.88225 5.64885 7.71238 5.4623 4.17869 4.25201 4.68282 4.08787
threshold=0.82090092286295513 4.1000000000000005 58.500000000000007 26.300000000000001 -17.774999999999995 31.500000000000004 -1.7046625848597929 6.4500000000000011 18.1371921102083 1.3500000000000003 0.12916666666666668 -0.74999999999999989 -87.493119405163938 0.51470588235294124
decision_type=2 10 8 10 10 10 2 10 10 10 8 8 2 8
left_child=2 -2 3 7 -5 6 -6 8 9 -1 -4 12 -12 -14
right_child=1 -3 10 4 5 -7 -8 -9 -10 -11 11 -13 13 -15
leaf_value=0.0079671511245247763 -0.0030840875575682647 0.017614466538836377 -0.0091775228944252062 0.012234849764704831 0.0053780589735553438 0.0085432248131015222 -0.018055032323691905 0.019160426146545853 -0.013211976764705532 -0.002895882317967874 0.0047525084950104518 0.0012266924610422373 -0.0096840275035430644 -0.0013049376364950604
leaf_weight=150.11509619653225 14.94934471696615 23.06770696491003 55.442866988480091 16.803420826792717 14.580355055630205 17.277869924902916 47.403592467308044 17.862140201032162 18.192746832966805 53.982590220868587 43.256921395659447 353.36899121105671 105.83894085884094 102.79897610843182
leaf_count=711 115 217 256 85 67 81 214 88 86 254 202 1622 463 477
internal_value=0.00014035 0.0100628 -0.000286366 0.00238231 -0.00379713 -0.00772022 -0.0125529 0.00488123 0.00333757 0.0050934 -0.00165209 -0.000893201 -0.00383307 -0.00568269
internal_weight=1034.94 38.0171 996.925 336.218 96.0652 79.2618 61.9839 240.153 222.29 204.098 660.707 605.264 251.895 208.638
internal_count=4938 332 4606 1586 447 362 281 1139 1051 965 3020 2764 1142 940
is_linear=0
shrinkage=0.03


Tree=161
num_leaves=15
num_cat=0
split_feature=13 26 41 17 15 13 16 9 25 41 21 14 21 16
split_gain=4.31209 4.93899 4.4748 4.41521 4.64482 6.08922 4.28829 5.08572 5.15561 4.07516 4.38508 4.60437 4.12891 7.22079
threshold=13.500000000000002 4.6125000000000007 43.500000000000007 -11.949999999999998 -6.5499999999999989 26.500000000000004 7.4500000000000011 9.1000000000000014 3.2928571428571431 45.500000000000007 8.2747943302551761 23.700000000000006 11.979612310551252 2.1500000000000008
decision_type=8 8 8 10 10 10 10 10 10 8 8 10 8 10
left_child=1 -1 3 -2 -5 -6 9 -8 -9 -4 11 -11 13 -12
right_child=2 -3 6 4 5 -7 7 8 -10 10 12 -13 -14 -15
leaf_value=0.01718835697139073 -0.010079467696194135 -0.0042904083874144103 -0.01459478438271463 0.02025206242077263 0.0057833651458324507 -0.013197311718875043 0.013930968741904116 -0.006908573104319758 0.0094883684667015199 -0.0013182002984889864 -0.0024991814429423829 0.018681800693132029 -0.001201607668884482 -0.014317908532550907
leaf_weight=19.849781885743141 13.906104303896425 13.03697097301483 19.975893326103687 12.072951428592203 104.90630347281694 12.846588060259817 26.769935712218285 40.435042157769203 22.852697655558586 22.786688856780529 156.9288107380271 13.115868128836153 493.20701866596937 62.896771691739559
leaf_count=111 67 58 95 57 537 63 120 187 103 109 766 68 2322 288
internal_value=-0.000711305 0.00923122 -0.00108159 0.00373356 0.00553205 0.0032594 -0.00190425 0.00413403 -0.000726553 -0.00263362 -0.00221991 0.00737872 -0.00275124 -0.00612399
internal_weight=1035.59 32.8868 1002.7 143.732 129.826 117.753 858.969 90.0577 63.2877 768.911 748.935 35.9026 713.033 219.826
internal_count=4951 169 4782 724 657 600 4058 410 290 3648 3553 177 3376 1054
is_linear=0
shrinkage=0.03


Tree=162
num_leaves=15
num_cat=0
split_feature=5 25 14 17 17 12 24 12 21 14 14 17 18 3
split_gain=3.76906 3.53967 4.59699 3.64101 6.71971 4.79745 3.93992 8.81757 5.9424 5.43765 8.87804 8.15762 6.96111 5.4906
threshold=0.86918420871450297 11.275000000000002 17.500000000000004 -14.249999999999998 -11.949999999999998 33.266666666666673 -0.051785714285714289 23.500000000000004 11.585910984179597 20.300000000000001 18.100000000000005 -6.0499999999999989 -3.2499999999999996 0.025431793525507954
decision_type=2 10 10 8 8 10 10 8 8 10 8 10 10 2
left_child=1 3 -3 -1 -5 6 8 -8 -6 10 11 -10 -11 -14
right_child=-2 2 -4 4 5 -7 7 -9 9 12 -12 -13 13 -15
leaf_value=0.0074720728136747055 0.012515595462074924 0.0059588347998377669 -0.01265674779255853 -0.012204838187236219 -0.0037827785735094132 0.013631850873392961 0.00047570370949510319 -0.0083801804174281624 0.012765928080041507 -0.0086012521077063631 0.01745676931845427 -0.0069301197983741751 0.0076259288534515531 -0.0066677441371429504
leaf_weight=47.602264747023582 15.002191759645937 12.975426055490969 39.05624108761549 38.132756516337395 121.5411239862442 17.394719168543816 319.40392775088549 142.77623325586319 27.362331137061119 48.462500035762787 52.233828753232956 40.703838661313057 95.545823156833649 27.602467402815819
leaf_count=219 141 65 205 176 548 84 1597 645 124 221 233 179 423 131
internal_value=-0.000386334 -0.000633618 -0.00789905 -0.000209198 -0.000639687 -8.06447e-05 -0.000428899 -0.00232046 0.00168805 0.00399125 0.00874318 0.00131938 0.000506911 0.00428699
internal_weight=1045.8 1030.79 52.0317 978.762 931.16 893.027 875.632 462.18 413.452 291.911 120.3 68.0662 171.611 123.148
internal_count=4991 4850 270 4580 4361 4185 4101 2242 1859 1311 536 303 775 554
is_linear=0
shrinkage=0.03


Tree=163
num_leaves=15
num_cat=0
split_feature=20 10 5 42 20 26 16 0 17 25 8 14 23 25
split_gain=4.6221 4.29773 4.63996 4.74376 6.71878 5.68877 6.93157 5.60625 5.71081 4.78214 8.60972 5.06873 4.65577 5.25964
threshold=9.9322705382298846 20.500000000000004 0.84816063560846944 10.500000000000002 17.135084167555242 1.8619047619047622 5.1333333333333337 -1.7499999999999998 -3.9499999999999988 -5.345238095238094 2.9000000000000004 25.266666666666669 0.12916666666666668 -2.7596153846153841
decision_type=10 8 2 10 10 10 10 2 10 10 10 10 8 8
left_child=-1 2 3 4 12 -6 -7 8 -5 -9 11 -11 13 -2
right_child=1 -3 -4 7 5 6 -8 9 -10 10 -12 -13 -14 -15
leaf_value=0.0046821778722196221 -0.020201757383875047 -0.013565003606126339 0.014075930876655188 -0.0066062561224585403 0.012149315744918409 -0.007983589260328822 0.013284549192227393 0.0024626719406183146 0.012159051832973181 -0.025415486010318771 -0.0016998566150287977 -0.0032767183749628265 -0.00023990486046371174 0.0011049867640123554
leaf_weight=162.05571110546589 18.123365044593811 17.977996274828911 14.453459762036799 24.140531525015831 67.198142655193806 35.616484493017197 15.898254059255121 25.807531908154488 24.762512907385826 34.058435149490833 44.574256367981434 14.377641484141348 524.29188175499439 18.095062337815762
leaf_count=760 82 129 131 115 328 163 73 113 112 150 215 69 2437 91
internal_value=0.000106101 -0.000758905 -0.000414891 -0.000743343 0.000382805 0.00671326 -0.000825297 -0.00518299 0.0031422 -0.00859799 -0.0116361 -0.0197654 -0.00100545 -0.010714
internal_weight=1041.43 879.376 861.398 846.944 679.223 118.713 51.5147 167.721 48.903 118.818 93.0103 48.4361 560.51 36.2184
internal_count=4968 4208 4079 3948 3174 564 236 774 227 547 434 219 2610 173
is_linear=0
shrinkage=0.03


Tree=164
num_leaves=15
num_cat=0
split_feature=8 11 8 15 15 21 23 25 2 17 17 26 25 41
split_gain=3.34978 7.01486 6.91812 6.53151 7.43885 6.43338 6.30195 6.61707 5.54508 5.35969 5.04317 4.98067 4.9381 4.70775
threshold=-7.6999999999999984 18.100000000000005 -6.4999999999999991 -5.8499999999999988 -3.5499999999999994 19.053287551864564 0.38675213675213682 1.7596153846153848 0.83212043633959387 1.7499999999999998 16.350000000000005 -8.0357142857142829 -2.5166666666666662 65.500000000000014
decision_type=10 8 10 10 10 8 8 10 2 8 10 10 8 10
left_child=1 9 -2 -4 6 8 -5 12 10 -1 -6 -3 -8 -7
right_child=2 11 3 4 5 13 7 -9 -10 -11 -12 -13 -14 -15
leaf_value=0.0030798803698281591 0.012613172398255598 0.0031934831896632092 0.011749653269772441 0.0047223836201117104 1.5406902078074491e-05 0.00045838919969341373 -0.0048424181766500412 0.0035943025362586366 0.013401855392323987 -0.012865638385970121 -0.013977609852927167 -0.015688467353231202 -0.027602447198888953 0.018986191834895721
leaf_weight=121.0102212280035 40.120865285396576 14.731618613004683 39.199643790721893 19.278382614254951 607.57823576778173 21.806817092001438 16.127893358469009 12.736449681222437 21.849713042378426 17.347140625119209 19.099548928439617 45.7269556671381 22.557605758309364 24.221255049109459
leaf_count=558 182 65 184 100 2829 109 71 61 210 76 99 212 105 114
internal_value=0.000354029 -0.00310196 0.00118105 0.0005365 -0.000110427 0.000856984 -0.0090431 -0.014165 4.96074e-05 0.000701646 -0.000518328 -0.0111951 -0.0197541 0.0111133
internal_weight=1043.39 198.816 844.576 804.456 765.256 694.556 70.7003 51.4219 648.527 138.357 626.678 60.4586 38.6855 46.0281
internal_count=4975 911 4064 3882 3698 3361 337 237 3138 634 2928 277 176 223
is_linear=0
shrinkage=0.03


Tree=165
num_leaves=15
num_cat=0
split_feature=8 8 21 21 19 10 19 16 10 25 42 25 25 16
split_gain=4.70488 4.89069 3.65277 5.41168 3.43279 6.87041 3.32912 7.33216 3.54321 3.4986 3.37078 6.25537 4.31351 5.47074
threshold=-7.6999999999999984 -10.299999999999999 19.053287551864564 18.624356802605195 4.3500000000000005 -13.499999999999996 -6.7749999999999995 2.4500000000000006 20.500000000000004 2.4580419580419588 12.500000000000002 3.3603896103896109 1.0312500000000002 3.7500000000000004
decision_type=10 10 8 10 10 10 10 10 10 8 8 10 8 10
left_child=1 4 3 6 -1 -6 7 9 10 -2 -8 12 13 -12
right_child=2 -3 -4 -5 5 -7 8 -9 -10 -11 11 -13 -14 -15
leaf_value=-0.0033777469634412175 -0.0072454526729894457 -0.0098243006677899095 0.0080706377538977362 -0.013861897922061871 -0.0067001122777416459 0.018216448422347129 0.0013793122668219087 0.017350767936898766 -0.012450889712395254 0.007373891701436837 -0.0090867197962850449 0.0054093533782282521 -0.019736269805208605 0.00995918272003566
leaf_weight=89.307395339012146 28.092516556382179 78.42966690659523 53.48666425049305 18.583870068192482 14.462518334388735 17.119230106472969 557.76792329549789 28.10809263586998 14.848112896084784 21.599109724164009 44.47024817019701 37.602384239435196 18.837234012782574 14.111326426267622
leaf_count=410 129 361 255 86 71 75 2659 134 109 126 200 193 88 61
internal_value=-0.000153399 -0.00423677 0.000837782 0.000296333 -0.00036551 0.00744997 0.000727807 0.00641089 4.31831e-05 -0.000797769 0.000408736 -0.00415923 -0.00885292 -0.00407648
internal_weight=1036.83 199.319 837.507 784.021 120.889 31.5817 765.437 77.7997 687.637 49.6916 672.789 115.021 77.4188 58.5816
internal_count=4957 917 4040 3785 556 146 3699 389 3310 255 3201 542 349 261
is_linear=0
shrinkage=0.03


Tree=166
num_leaves=15
num_cat=0
split_feature=2 27 27 12 10 1 18 42 19 20 25 8 23 25
split_gain=4.38062 4.75531 7.66624 5.33816 4.54879 4.01959 3.87473 3.87303 7.39805 5.48448 4.73542 6.85604 3.83915 4.46378
threshold=0.60354989587501329 10.500000000000002 9.5000000000000018 28.300000000000001 4.5000000000000009 48.250000000000007 -7.8499999999999988 9.5000000000000018 2.3375000000000004 12.568037060557851 5.4330357142857153 -1.8999999999999997 0.73431372549019625 0.92582417582417598
decision_type=2 2 2 10 10 2 8 8 10 10 10 10 8 10
left_child=4 2 -2 5 6 7 -1 8 -3 -10 11 -9 13 -6
right_child=1 3 -4 -5 12 -7 -8 10 9 -11 -12 -13 -14 -15
leaf_value=-0.0095845928025385645 0.0013266427433525358 0.013591871134323755 -0.015489553432598282 0.019400750436054534 -0.0023634405055440247 -0.0051982965153770109 0.00022179638088436833 0.0086858269553244383 0.01142937558100587 -0.01065784040566729 0.010589421678917155 -0.015394446636282545 0.0036688416564890297 -0.020440217865946578
leaf_weight=34.295226216316223 230.95754596590996 78.868228487670422 22.216573864221573 17.957267336547375 23.610112532973289 32.37255634367466 467.4748205691576 12.978209555149077 11.252224199473856 22.285653829574585 16.537565782666206 23.299095384776592 14.713070183992384 24.498897641897202
leaf_count=153 1179 433 116 86 98 166 2078 63 63 121 104 119 61 101
internal_value=0.000246485 0.00237696 -0.000420419 0.00559764 -0.00152757 0.00389537 -0.000536408 0.00577749 0.00881447 -0.00272598 -0.000889441 -0.00677111 -0.00882099 -0.0126265
internal_weight=1033.32 468.725 253.174 215.551 564.592 197.594 501.77 165.221 112.406 33.5379 52.8149 36.2773 62.8221 48.109
internal_count=4941 2450 1295 1155 2491 1069 2231 903 617 184 286 182 260 199
is_linear=0
shrinkage=0.03


Tree=167
num_leaves=15
num_cat=0
split_feature=22 7 21 17 17 30 24 13 21 44 4 23 24 23
split_gain=4.82635 7.19365 5.40011 8.32358 6.37824 7.59995 5.47233 4.74842 8.44785 4.73564 4.55071 5.73093 6.36718 5.49841
threshold=0.37980769230769235 7.1363392204911733 11.75915703639121 -7.8499999999999988 6.5500000000000016 2.5000000000000004 -0.70714285714285696 23.700000000000006 9.3689795483701257 1.0000000180025095e-35 261.49051116978779 0.72902097902097907 -0.28348214285714279 0.65192307692307705
decision_type=10 2 10 8 10 2 10 10 8 2 2 10 10 10
left_child=2 9 3 -1 5 6 -4 -5 -9 10 11 13 -13 -2
right_child=1 -3 4 7 -6 -7 -8 8 -10 -11 -12 12 -14 -15
leaf_value=-0.015501554018734126 -0.0026705065950618809 -0.020028464462627151 0.0002445928221968151 -0.0048292104505268376 -0.0062522281447198154 -0.0091924358250438151 0.011353962017590662 0.022517096095256421 -0.0015073667096571644 0.0068386834357252509 0.0080845055863407404 -0.0060529503592362394 0.0074147755888057942 -0.011373667990499096
leaf_weight=28.563770562410355 343.51483350247145 13.881483525037764 53.968419700860977 46.395157732069492 35.878614418208599 20.28529092669487 150.62055981904268 16.530061960220337 32.459083162248135 54.82912465929985 32.807388290762901 44.184880539774895 84.927813611924648 77.312318399548531
leaf_count=137 1625 68 245 215 164 93 685 74 147 302 279 204 374 347
internal_value=-0.000199802 -0.00176886 0.00244587 -0.00263795 0.00486662 0.00673803 0.00849917 0.00179442 0.00793363 -0.00121856 -0.00202837 -0.00269907 0.00275202 -0.00438418
internal_weight=1036.16 651.458 384.701 123.948 260.753 224.874 204.589 95.3843 48.9891 637.576 582.747 549.94 129.113 420.827
internal_count=4959 3199 1760 573 1187 1023 930 436 221 3131 2829 2550 578 1972
is_linear=0
shrinkage=0.03


Tree=168
num_leaves=15
num_cat=0
split_feature=21 11 7 17 18 39 7 21 26 3 41 41 26 3
split_gain=4.46169 5.43616 3.16646 6.5724 5.3961 5.06522 8.57549 8.57875 5.82765 5.56521 5.75515 5.49652 5.77927 8.41975
threshold=8.2747943302551761 26.300000000000001 0.074756833381474999 10.250000000000002 -1.2499999999999998 423.60224223683105 -0.1923778775872553 19.162173377586047 -3.7386363636363629 0.024914046876219013 62.500000000000007 53.500000000000007 -0.32051282051282043 0.024840232257265508
decision_type=10 10 2 10 10 2 2 10 8 2 10 10 8 2
left_child=1 -1 5 -4 -5 9 7 8 -7 10 -2 -10 -13 -14
right_child=2 -3 3 4 -6 6 -8 -9 11 -11 -12 12 13 -15
leaf_value=0.0017467673047915967 -0.0053109835022215422 0.02107669728614054 -0.0013673892236711566 -9.3900387402221216e-05 -0.02039266582482905 0.0030054265753282376 0.014706247749772377 0.014420281912024675 0.001375408524200725 0.015832212270217295 0.0096558391488001383 -0.018179434069576013 -0.00051547842757589774 -0.016098637669658713
leaf_weight=49.285520158708096 44.797451913356781 13.372169978916643 421.00120873004198 18.828972212970257 26.721693731844425 93.043058149516582 24.602011457085609 21.537045873701572 71.029336512088776 32.252179145812988 38.393208026885986 37.618101641535759 103.57190541923046 39.878496147692204
leaf_count=235 214 72 1969 92 138 505 114 105 336 164 183 180 468 182
internal_value=-0.000327843 0.00712482 -0.000841595 -0.00261188 -0.0128411 0.000797943 -0.000847843 -0.00207523 -0.00329579 0.00617977 0.00175216 -0.00563463 -0.00834758 -0.00524383
internal_weight=1035.93 62.6577 973.275 466.552 45.5507 506.723 391.28 366.678 345.141 115.443 83.1907 252.098 181.069 143.45
internal_count=4957 307 4650 2199 230 2451 1890 1776 1671 561 397 1166 830 650
is_linear=0
shrinkage=0.03


Tree=169
num_leaves=15
num_cat=0
split_feature=4 25 23 23 17 27 13 13 19 26 3 23 25 11
split_gain=3.54364 5.80029 5.64459 5.62941 5.24034 4.47214 10.3128 9.22466 4.40816 5.21066 4.28153 3.76433 3.24548 3.2414
threshold=-14.321680125210035 -0.65476190476190466 0.90454545454545465 0.93541666666666679 -14.249999999999998 10.500000000000002 26.700000000000006 23.300000000000001 -2.6124999999999994 0.97058823529411775 0.023818348688622985 0.6132478632478634 -7.4807692307692299 14.900000000000002
decision_type=2 8 10 10 8 2 10 10 10 10 2 10 8 10
left_child=1 3 10 5 -2 8 7 -7 12 -10 -3 -12 -1 -6
right_child=4 2 -4 -5 13 6 -8 -9 9 -11 11 -13 -14 -15
leaf_value=-0.011655441755212891 0.015500810298863799 0.0028833362779672675 0.0049687247309717891 -0.012149142322021279 -0.0065823807856063756 -0.0048481418843303713 -0.013575389967096214 0.015640849407036198 -0.00051648233063488543 0.017089066715980782 -0.0059935928765613598 -0.020584642715667886 0.0059054031581189555 0.0012520087268759015
leaf_weight=13.105679810047148 17.196343302726746 13.980889767408369 20.666239649057388 24.15059906244278 46.326366312801838 39.29683344066143 38.98301799595356 31.542668536305428 22.767011448740959 38.473876476287842 35.216438233852386 36.411680176854134 15.327683389186861 644.5074313133955
leaf_count=62 78 60 92 114 200 182 194 149 101 175 155 163 67 3182
internal_value=-4.6664e-05 -0.00259185 -0.00818896 0.000188762 0.00114918 0.00194289 -0.00209267 0.00470469 0.00673467 0.010999 -0.0114642 -0.01427 -0.00272143 0.000683122
internal_weight=1037.95 329.923 106.275 223.647 708.03 199.497 109.823 70.8395 89.6743 61.2409 85.609 71.6281 28.4334 690.834
internal_count=4974 1514 470 1044 3460 930 525 331 405 276 378 318 129 3382
is_linear=0
shrinkage=0.03


Tree=170
num_leaves=15
num_cat=0
split_feature=30 26 16 9 26 28 16 25 16 24 39 14 14 42
split_gain=3.64808 3.87676 3.4505 9.32786 5.39518 4.09666 5.62864 5.03294 3.84902 5.11075 4.40398 6.12626 5.36463 7.17492
threshold=5.0000000000000009 7.6794871794871806 -8.9499999999999975 -9.6999999999999975 -12.107954545454545 8.5000000000000018 -4.9499999999999993 -7.4807692307692299 -4.0499999999999989 -0.099999999999999992 819.02072968314258 14.900000000000002 16.300000000000001 10.500000000000002
decision_type=2 8 8 8 8 2 8 10 8 10 2 8 8 8
left_child=2 -2 -1 4 -4 6 7 -5 9 -8 11 -10 13 -12
right_child=1 -3 3 5 -6 -7 8 -9 10 -11 12 -13 -14 -15
leaf_value=-0.0073045432058172783 0.01002203564478501 -0.0070707044179498819 -0.0037080169484334886 -0.018798888418549018 0.017617449368140248 -0.0090404885816961298 0.021143608317204653 -0.0028258192204759732 -0.0092310450521444366 -0.00042288813815052667 0.011149400063203332 0.0037421428459649998 -0.0040038067166046284 -0.010750619928718494
leaf_weight=58.619441799819469 51.450567238032818 11.298493191599844 12.482740253210066 19.950209632515907 35.056038476526737 46.336222179234028 13.590009108185766 69.85468478500843 31.707774467766285 20.720675155520439 45.524039141833782 315.43067228794098 287.18798837810755 13.92071360349655
leaf_count=294 258 51 78 90 203 219 61 336 147 102 207 1481 1353 63
internal_value=-8.24006e-05 0.00664965 -0.00054958 -7.78167e-05 0.0121978 -0.000819351 -0.000301492 -0.00717855 0.000589932 0.00972211 7.19625e-05 0.00244292 -0.00230343 0.00558468
internal_weight=1033.13 62.7491 970.381 911.762 47.5388 864.223 817.887 89.8049 728.082 34.3107 693.771 347.138 346.633 59.4448
internal_count=4943 309 4634 4340 281 4059 3840 426 3414 163 3251 1628 1623 270
is_linear=0
shrinkage=0.03


Tree=171
num_leaves=15
num_cat=0
split_feature=7 1 41 20 19 41 12 0 19 41 21 18 8 16
split_gain=5.93708 5.27464 9.5425 5.54292 7.92945 4.93981 5.30565 4.86686 4.60502 5.19739 4.91365 5.30794 4.40768 4.32961
threshold=6.2274371312033381 46.750000000000007 68.500000000000014 14.645628751631525 -4.0499999999999989 53.500000000000007 28.900000000000002 7.7500000000000009 3.1500000000000008 54.500000000000007 12.084195351872689 3.1500000000000008 5.1000000000000005 -1.3499999999999999
decision_type=2 2 10 10 10 8 10 2 10 10 10 10 8 8
left_child=1 13 3 4 -3 -5 -7 8 10 -10 -6 -12 -4 -1
right_child=-2 2 12 5 7 6 -8 -9 9 -11 11 -13 -14 -15
leaf_value=0.0041765234841980017 -0.012348498232891207 -0.018850587280598831 -0.019516183903539836 -0.0063837832751682229 -0.0034658003064005883 0.014341017309342693 -0.0046795013255500461 -0.015570744225160388 0.0066051053025125931 -0.010937459611090746 0.022024416270196658 -0.00063787513593294609 0.00076254086532305575 -0.00049309734831022318
leaf_weight=301.04610868543386 30.613922700285912 22.025056913495064 36.085205338895321 19.940956391394138 22.268031880259514 45.051230400800705 15.161330536007879 12.591741882264612 20.143347389996052 35.501058995723724 19.65738333761692 14.495523706078528 12.128141343593596 427.25728569179773
leaf_count=1491 150 103 166 97 101 224 73 88 92 161 87 65 62 1986
internal_value=-0.000311264 0.000115421 -0.00338754 -0.000689768 -0.00411476 0.0054516 0.00956013 -0.000884622 0.00136009 -0.00456603 0.00710056 0.0135527 -0.0148227 0.00145242
internal_weight=1033.97 1003.35 275.049 226.836 146.682 80.1535 60.2126 124.657 112.065 55.6444 56.4209 34.1529 48.2133 728.303
internal_count=4946 4796 1319 1091 697 394 297 594 506 253 253 152 228 3477
is_linear=0
shrinkage=0.03


Tree=172
num_leaves=15
num_cat=0
split_feature=2 14 12 14 20 10 27 19 11 2 18 17 26 18
split_gain=5.4931 4.73857 4.74961 4.03033 6.14671 5.2297 5.82659 5.03891 4.95498 4.73975 4.2755 8.19834 7.53611 6.21427
threshold=0.34746472687839575 11.100000000000001 32.225000000000009 20.100000000000005 11.635434382795493 -16.699999999999996 15.500000000000002 3.9500000000000006 22.900000000000002 0.38467873577251921 -1.6333333333333331 0.50000000000000022 -3.2182539682539679 2.3500000000000001
decision_type=2 10 10 10 10 10 2 8 10 2 10 10 8 10
left_child=-1 -2 3 5 -5 -3 7 9 -8 -7 -6 12 -12 -13
right_child=1 2 -4 4 10 6 8 -9 -10 -11 11 13 -14 -15
leaf_value=-0.0060174115700215511 -0.01379735097790122 -0.010854932165328728 0.011652679731942249 0.0035464992482301919 -0.007097867871117769 0.022021196115445892 0.0052544420359814841 -0.0094595135153260086 -0.011768582802548158 0.0060377519636640453 0.0038354222544274173 0.010836917662453569 -0.012432020932926162 -0.0013184591709019999
leaf_weight=126.58881093561649 15.310816980898379 17.230975151062012 30.255718514323235 177.53349325060844 145.44255151599646 14.598769947886465 24.074244238436222 12.509692892432211 29.024918578565121 191.46311723440886 36.224316582083702 60.140960723161697 69.159259811043739 88.111113622784615
leaf_count=668 66 73 133 846 697 61 108 55 140 869 176 317 305 455
internal_value=-0.000286952 0.000537756 0.000858004 0.000415892 -0.00103357 0.00327721 0.00435353 0.00649524 -0.00426265 0.00766497 -0.00308973 -0.000698561 -0.00691984 0.00380526
internal_weight=1037.67 911.08 895.769 865.513 576.612 288.902 271.671 218.572 53.0992 206.062 399.078 253.636 105.384 148.252
internal_count=4969 4301 4235 4102 2796 1306 1233 985 248 930 1950 1253 481 772
is_linear=0
shrinkage=0.03


Tree=173
num_leaves=15
num_cat=0
split_feature=39 21 23 18 21 8 15 25 39 17 18 39 21 14
split_gain=5.29832 6.37392 5.38673 5.30785 4.59358 5.67946 5.96594 6.98303 7.50239 5.10062 5.26978 5.03826 7.43932 9.8425
threshold=2275.5466847730363 8.2747943302551761 0.75735294117647067 -2.8666666666666663 11.979612310551252 9.3000000000000025 2.8500000000000001 -0.53589743589743577 299.44863948681353 -14.549999999999999 -3.2499999999999996 1053.586287215431 13.658127413538232 14.900000000000002
decision_type=2 8 8 8 8 10 10 8 2 8 8 2 8 8
left_child=1 2 -1 -2 5 6 7 8 -3 -6 -11 12 -12 -14
right_child=3 4 -4 -5 9 -7 -8 -9 -10 10 11 -13 13 -15
leaf_value=0.016568407248335876 0.0067251891179840829 0.009209312926142561 -0.0046065537618448478 -0.012966824294336262 0.011725494229160031 0.0090555952283662908 -0.012930733995400368 0.004333101323705295 -0.010541310695349271 -0.003870345734140147 0.0072481718087066185 0.0068553568282973759 -0.021794833045637719 -0.0007190880798867231
leaf_weight=33.067039176821709 12.815497450530527 17.192074552178383 12.546212635934351 45.555223658680916 34.543934404850006 25.274063356220722 56.186494834721088 82.339446097612381 88.021337233483791 167.88886897265911 89.820396766066551 142.206826813519 17.033250540494919 214.44386561214924
leaf_count=177 61 78 58 221 161 143 269 410 407 787 433 678 77 1015
internal_value=-4.56663e-05 0.000495204 0.0108644 -0.00845387 -6.5777e-05 -0.00333845 -0.00477982 -0.00206563 -0.00704264 0.00127128 0.000611697 0.00225915 0.000150979 -0.00269798
internal_weight=1038.93 980.564 45.6133 58.3707 934.951 269.013 243.739 187.553 105.213 665.937 631.393 463.504 321.298 231.477
internal_count=4975 4693 235 282 4458 1307 1164 895 485 3151 2990 2203 1525 1092
is_linear=0
shrinkage=0.03


Tree=174
num_leaves=15
num_cat=0
split_feature=41 21 16 21 24 3 2 3 39 20 13 24 24 11
split_gain=3.44969 7.26986 5.65554 2.92237 6.2809 5.94787 5.57008 4.32902 5.44352 4.2841 3.17484 7.96661 5.39745 3.99219
threshold=83.500000000000014 11.585910984179597 -0.3166666666666666 10.391235568228838 -0.10912698412698409 0.024738697602202268 0.44593950612121697 0.024843317791356071 944.39263254889568 14.357537409557478 25.900000000000002 -0.49107142857142844 -0.39696969696969692 14.500000000000002
decision_type=10 10 10 8 10 2 2 2 2 8 8 8 8 10
left_child=3 -2 -3 4 5 -1 -7 9 -9 -6 11 -5 -13 -14
right_child=1 2 -4 10 7 6 -8 8 -10 -11 -12 12 13 -15
leaf_value=-0.0099283285989766497 -0.022141785586913668 0.011956231476523766 -0.010687416529824014 0.012197608493627035 0.0052749718068068373 0.018068760309227876 -0.0055290898763413884 0.0088600609564311351 -0.011011784416352728 0.021903330828713236 -0.0038634262455797619 -0.014456585741492896 -0.0094723587640823791 0.00067744815400822694
leaf_weight=41.773305669426918 14.849692389369009 15.499749176204205 14.288411915302277 42.431748270988464 35.878772094845772 13.230518728494646 14.271351069211958 24.325305193662643 16.512472733855247 23.527677111327648 208.31353279203176 19.207571357488632 32.323258876800537 527.12071413546801
leaf_count=193 68 71 63 194 183 65 61 127 83 129 970 89 141 2559
internal_value=-0.000350239 -0.00806947 0.00111982 3.31768e-05 0.00356343 -0.00325184 0.00685652 0.00820395 0.000500314 0.0130497 -0.000705397 0.000376212 -0.000587703 1.2304e-05
internal_weight=1043.55 44.6379 29.7882 998.916 169.519 69.2752 27.5019 100.244 40.8378 59.4064 829.397 621.083 578.652 559.444
internal_count=4996 202 134 4794 841 319 126 522 210 312 3953 2983 2789 2700
is_linear=0
shrinkage=0.03


Tree=175
num_leaves=15
num_cat=0
split_feature=12 41 8 19 24 22 4 24 20 9 24 12 26 7
split_gain=3.25412 4.221 6.32777 5.18931 5.5288 3.70562 3.44476 5.51179 4.75638 6.08153 4.32014 4.54509 6.24336 3.78276
threshold=26.300000000000001 58.500000000000007 1.7000000000000004 6.5500000000000007 0.28623949579831937 0.22474747474747478 -16.619047722244655 -0.15419580419580417 10.957747059303705 6.9000000000000012 0.11904761904761907 27.100000000000005 7.822916666666667 -0.86987282798230336
decision_type=10 10 10 8 8 10 2 10 10 10 10 10 10 2
left_child=1 2 3 4 5 -1 7 8 -2 -10 11 -8 -13 -11
right_child=6 -3 -4 -5 -6 -7 10 -9 9 13 -12 12 -14 -15
leaf_value=0.0087864121027187402 0.0073411300759200189 -0.0010472708289282547 0.0087218510452592626 0.015182939238721903 -0.017778346531227861 -0.0023966172444888295 -0.0083074094223126345 -0.017166051539016545 0.0061583767462576738 -0.00016812843968803769 -0.0082756858268623733 0.012433684652557328 -0.0034040287545676674 -0.017996082069375287
leaf_weight=29.070662915706635 25.21001423895359 490.95558357983828 116.85678139328957 12.806926295161245 12.555535547435282 117.73205756396055 20.405805423855782 29.068572968244553 19.084017008543015 15.562118187546728 36.323744498193264 50.333047062158585 34.694918900728226 30.051506251096725
leaf_count=132 122 2332 647 60 73 535 89 131 90 72 175 222 150 153
internal_value=-0.000327295 0.000645735 0.00349051 -0.000206191 -0.00186721 3.43678e-05 -0.00319547 -0.00684789 -0.00278326 -0.00697195 -1.14298e-06 0.0030952 0.0061411 -0.0125311
internal_weight=1040.71 779.978 289.022 172.165 159.358 146.803 260.734 118.976 89.9077 64.6976 141.758 105.434 85.028 45.6136
internal_count=4983 3779 1447 800 740 667 1204 568 437 315 636 461 372 225
is_linear=0
shrinkage=0.03


Tree=176
num_leaves=15
num_cat=0
split_feature=11 26 22 21 11 41 27 27 9 2 23 21 12 21
split_gain=2.52986 5.65234 7.19682 5.28369 3.11914 7.90247 4.64688 8.48882 5.39388 4.12394 4.24977 6.34501 5.42097 5.5507
threshold=14.500000000000002 -6.7416666666666663 0.2752525252525253 12.207693280909305 18.100000000000005 84.500000000000014 10.500000000000002 15.500000000000002 1.5000000000000002 0.2564731319828028 0.72902097902097907 8.2747943302551761 22.633333333333336 11.831220431375767
decision_type=8 10 10 10 10 8 2 2 10 2 8 10 10 10
left_child=1 -1 3 -3 5 6 -2 8 -8 -6 11 -11 13 -12
right_child=4 2 -4 -5 9 -7 7 -9 -10 10 12 -13 -14 -15
leaf_value=-0.016908757209857312 0.0098047113048560421 -0.0058379768126421705 -0.011255960877100983 0.015337576522065081 -0.014474654126389024 -0.013362245172854772 0.0018909022417455718 0.013480051537970012 -0.016519071862028542 0.010663605439837057 -0.015161605280537749 -0.0029263877416887555 0.0064550890043569798 0.0025000098603886415
leaf_weight=22.680637925863266 88.221067979931831 13.689669892191885 27.065361469984055 22.882373571395874 15.517036184668539 18.263767316937447 28.192568138241768 22.114843860268593 22.321606397628784 27.974460683763027 20.388107948005199 525.20085721462965 127.28100246936083 40.300540320575237
leaf_count=97 394 65 123 104 93 82 131 105 107 152 96 2600 571 183
internal_value=-0.000822757 -0.00558962 -0.000617568 0.00766232 -0.00035568 0.00315074 0.00537203 -0.000296979 -0.00699936 -0.00120094 -0.0008279 -0.00214977 0.00301712 -0.00413576
internal_weight=1022.09 86.318 63.6374 36.572 935.776 179.114 160.85 72.629 50.5142 756.662 741.145 553.175 187.97 60.6886
internal_count=4903 389 292 169 4514 819 737 343 238 3695 3602 2752 850 279
is_linear=0
shrinkage=0.03


Tree=177
num_leaves=15
num_cat=0
split_feature=11 0 16 25 21 10 25 14 25 13 18 20 10 16
split_gain=4.80571 3.65135 4.09446 6.40756 8.41671 8.04552 5.83299 7.00841 5.16501 4.16587 6.37662 6.42759 5.73204 5.47542
threshold=33.900000000000006 -9.2499999999999982 3.8500000000000001 -0.79285714285714282 11.509657757640015 -16.499999999999996 1.7596153846153848 17.100000000000005 7.154761904761906 13.700000000000001 -3.2499999999999996 10.377593214889064 -6.8999999999999977 2.2500000000000004
decision_type=10 2 10 10 8 10 10 10 10 8 8 10 10 10
left_child=1 -1 9 4 -4 -6 -5 -8 -9 -3 11 -11 -13 -12
right_child=-2 2 3 6 5 -7 7 8 -10 10 13 12 -14 -15
leaf_value=-0.010727790618115039 0.012518312023234366 0.0099772938652778406 -0.006277384246872404 -0.010773037614730391 -0.00030044912346844217 0.019037466683130725 0.010617364357506858 0.0034187358964975624 -0.012595906601107865 0.0039641293340772436 0.0012656213880727241 0.0034633847401695284 -0.011990600750958027 -0.007355973266678458
leaf_weight=24.632158756256104 21.801243789494038 24.073833152651787 23.518132507801056 34.879439353942871 28.207737073302269 55.701382011175156 48.238270327448845 36.896116748452187 27.802596017718315 39.051485441625118 462.53411930799484 23.907779589295387 116.8759126663208 72.249660342931747
leaf_count=139 125 127 108 154 130 248 220 168 133 187 2249 107 547 330
internal_value=-2.21591e-05 -0.000350412 -4.08266e-05 0.0031981 0.0085976 0.0128853 -0.000878958 0.00250391 -0.00387305 -0.00117396 -0.00161634 -0.00641989 -0.00933744 4.34892e-05
internal_weight=1040.37 1018.57 993.936 255.244 107.427 83.9091 147.816 112.937 64.6987 738.693 714.619 179.835 140.784 534.784
internal_count=4972 4847 4708 1161 486 378 675 521 301 3547 3420 841 654 2579
is_linear=0
shrinkage=0.03


Tree=178
num_leaves=15
num_cat=0
split_feature=3 14 24 7 11 39 3 8 22 15 7 22 17 17
split_gain=3.94256 4.24818 4.74585 3.72191 5.79245 6.10011 4.3203 3.75824 5.67301 12.3873 5.64124 4.6384 4.30298 3.80683
threshold=0.016978221047704082 20.500000000000004 -0.064583333333333312 4.2399452783895102 28.100000000000005 805.56686694648761 0.02648144655577778 -7.8999999999999995 0.21825396825396828 -5.3499999999999988 0.42065602499160831 0.31009615384615391 -13.949999999999998 7.5500000000000016
decision_type=2 10 8 2 8 2 2 10 8 8 2 8 10 10
left_child=1 2 -1 7 5 -5 -7 8 9 -2 -10 -12 -9 -14
right_child=3 -3 -4 4 -6 6 -8 12 10 -11 11 -13 13 -15
leaf_value=-0.0092133749932960477 0.012144534346170082 -0.01430609076215395 0.012901470179676034 -0.016895067710491467 0.010160583645075669 0.0064434262091362486 -0.012380829848396125 0.014628423529861994 -0.014577023931705345 -0.01184662048418734 -0.012552843631088129 0.0060351548264147353 0.00017928926435843172 0.0056763092701749536
leaf_weight=13.436818584799765 44.721275627613068 31.024976149201393 11.665447026491167 35.979378029704094 13.235884726047514 26.204076074063778 11.925479978322981 17.353214949369431 48.470378860831261 26.920520916581154 13.042718350887297 31.574791878461838 587.47020431607962 135.60622577369213
leaf_count=60 205 157 61 170 68 120 62 81 219 124 62 147 2764 729
internal_value=-0.000297965 -0.00769269 0.00149967 0.000156678 -0.00558291 -0.00885917 -0.000196856 0.000738156 -0.00329642 0.00294476 -0.00800498 -0.000115945 0.00165185 0.00124211
internal_weight=1048.63 56.1272 25.1023 992.504 87.3448 74.1089 38.1296 905.159 164.73 71.6418 93.0879 44.6175 740.43 723.076
internal_count=5029 278 121 4751 420 352 182 4331 757 329 428 209 3574 3493
is_linear=0
shrinkage=0.03


Tree=179
num_leaves=15
num_cat=0
split_feature=7 25 25 39 21 8 42 12 0 3 20 21 20 25
split_gain=4.22153 3.46046 6.33057 4.65002 5.29303 4.83993 5.43997 4.65058 4.596 4.5149 3.49601 5.59205 6.12791 5.64401
threshold=7.1363392204911733 -6.4807692307692299 -5.6547619047619042 331.57783159616707 14.172939753696257 -11.099999999999998 6.5000000000000009 18.300000000000001 -5.2499999999999991 0.024183575044170905 13.960460035573805 11.043348928452618 12.607978025742232 1.2264957264957268
decision_type=2 8 8 2 10 8 8 10 2 2 8 8 10 8
left_child=1 3 -3 4 -1 6 -5 -7 -4 -9 11 12 -10 -13
right_child=-2 2 8 5 -6 7 -8 9 10 -11 -12 13 -14 -15
leaf_value=0.015779711248787267 -0.012397371527570708 0.012826673357467743 -0.0088567636927959579 -0.0068810441496943969 -0.0064968329803743279 -0.018879759184053532 0.0098980844405044312 0.0071220996957730553 0.0092095173071223054 -0.0089584201487842765 0.003275955732111899 0.0018168286252485716 -0.0065623873738505359 -0.006108795946490421
leaf_weight=17.177880205214027 19.586501508951187 33.946630261838436 40.251778826117516 31.724218279123306 13.146958753466604 28.066566169261932 28.111137077212334 17.532743185758591 77.457396425306797 51.507094457745552 330.73364016413689 137.45648864656687 26.266629479825497 185.25572378188372
leaf_count=80 95 155 224 149 61 125 128 78 375 245 1627 607 125 901
internal_value=-0.000113415 0.000182185 0.0010156 -0.00344794 0.00656939 -0.0055266 0.00115733 -0.00950012 0.000436004 -0.00466957 0.000984877 -0.000809402 0.00509739 -0.00275673
internal_weight=1038.22 1018.63 831.368 187.267 30.3248 156.942 59.8354 97.1064 797.422 69.0398 757.17 426.436 103.724 322.712
internal_count=4975 4880 4014 866 141 725 277 448 3859 323 3635 2008 500 1508
is_linear=0
shrinkage=0.03


Tree=180
num_leaves=15
num_cat=0
split_feature=14 19 19 18 9 12 13 3 8 25 15 1 3 12
split_gain=4.83384 4.04309 5.07253 3.80106 3.84115 4.05164 4.90458 3.66223 3.50795 4.62212 3.85002 3.17865 4.20383 7.32387
threshold=10.900000000000002 11.050000000000002 12.350000000000003 11.950000000000001 15.900000000000002 29.450000000000003 13.700000000000001 0.024712117453311148 11.900000000000002 9.6770833333333339 8.2500000000000018 53.250000000000007 0.024738697602202268 26.300000000000001
decision_type=10 10 10 8 10 10 10 2 10 8 10 2 2 10
left_child=-1 3 -3 4 5 6 -2 -4 10 -10 11 12 13 -8
right_child=1 2 7 -5 -6 -7 8 -9 9 -11 -12 -13 -14 -15
leaf_value=-0.014020335797760299 0.010526275552030177 0.018217579648759537 -0.0090854457576332159 0.0085053756805289777 0.010789938057039339 -0.0083285238575852866 -0.00096160025989993605 0.0083215461324857333 0.019877123261047652 -0.0015154172039648721 -0.011063934683362982 -0.013167701227536919 0.0022261679542166556 -0.011855955530606387
leaf_weight=17.840373985469341 28.977745577692986 18.932962857186794 15.578137680888174 35.308672666549683 19.671717882156372 61.818866886198521 421.101761944592 18.077140167355537 11.345211051404474 19.021968401968483 31.274950347840786 14.009554617106913 271.08129098266363 59.181012123823166
leaf_count=79 156 92 74 175 92 291 2005 87 63 113 145 64 1301 266
internal_value=-0.000370319 -6.59435e-05 0.00765914 -0.000520584 -0.00090385 -0.00121159 -0.000652232 0.000131313 -0.00110482 0.00815707 -0.00150654 -0.00104673 -0.00073518 -0.00241234
internal_weight=1043.22 1025.38 52.5882 972.793 937.484 917.812 855.993 33.6553 827.016 30.3672 796.649 765.374 751.364 480.283
internal_count=5003 4924 253 4671 4496 4404 4113 161 3957 176 3781 3636 3572 2271
is_linear=0
shrinkage=0.03


Tree=181
num_leaves=15
num_cat=0
split_feature=22 15 25 4 15 12 13 39 21 2 2 25 22 23
split_gain=4.84217 6.35593 6.29173 4.18827 4.74813 4.53912 4.17446 3.71805 3.63345 3.62888 11.1503 5.22374 8.27048 4.04993
threshold=0.23205128205128209 -4.9499999999999993 -6.3205128205128194 -10.048014541050973 -3.7499999999999996 31.700000000000006 27.100000000000005 421.72524935736459 17.37878654605824 0.38181073060639648 0.34247558159398611 -0.65476190476190466 0.53229166666666672 0.71825396825396837
decision_type=8 8 10 2 8 8 8 2 8 2 2 8 10 8
left_child=1 -1 6 4 8 -5 -3 -6 -2 10 13 -11 -13 -9
right_child=3 2 -4 5 7 -7 -8 9 -10 11 -12 12 -14 -15
leaf_value=0.01094428741309242 -0.0062127406438710099 -0.00095583812430415169 0.0095077563908867388 -0.00047859771567435559 -0.0087607209016458305 0.011203075536791094 -0.017130433508265187 -0.013704041846600587 -0.021981661358913791 0.0064069923557002403 0.023575578791357375 -0.019953247819189376 0.0022965144035282706 0.0055680697348755633
leaf_weight=68.642648600041866 60.174343906342983 45.777651518583298 30.07416183501482 602.88139418512583 43.314616054296494 26.487769722938538 16.367046192288399 13.920427128672602 14.900440506637095 31.046222537755966 16.905931264162064 23.026772767305374 30.471214279532433 16.226409614086151
leaf_count=320 287 207 137 2985 198 120 77 76 70 130 72 96 129 86
internal_value=-0.000335227 0.0043704 -0.00083405 -0.00121588 -0.00445944 9.74657e-05 -0.00617416 -0.00163824 -0.0105196 0.000940956 0.00721093 -0.00275637 -0.0081672 -0.00401448
internal_weight=1040.22 160.862 92.2189 879.356 249.986 629.369 62.1447 174.912 75.0748 131.597 47.0528 84.5442 53.498 30.1468
internal_count=4990 741 421 4249 1144 3105 284 787 357 589 234 355 225 162
is_linear=0
shrinkage=0.03


Tree=182
num_leaves=15
num_cat=0
split_feature=8 8 8 18 18 12 42 26 19 11 8 26 11 21
split_gain=4.22521 9.02177 5.72771 5.2034 6.27473 5.22581 4.66321 5.55526 6.38242 4.53979 6.77168 4.6174 4.53789 4.52944
threshold=1.4500000000000002 -0.49999999999999994 6.3000000000000016 -3.6499999999999999 -5.8499999999999988 22.300000000000001 12.500000000000002 1.0333333333333334 0.25000000000000006 25.100000000000005 9.1000000000000014 0.34313725490196084 28.300000000000001 13.5049371792028
decision_type=8 10 10 10 10 8 8 8 10 10 10 10 10 10
left_child=1 -1 3 4 5 -2 7 -3 -9 -4 11 -11 -5 -12
right_child=2 6 9 12 -6 -7 -8 8 -10 10 13 -13 -14 -15
leaf_value=4.1408579319815983e-05 0.017391331466434762 -0.012748706576324636 0.0059939282273276913 0.011158443631670482 -0.011932756280143553 -0.0027488152951867951 -0.022365914676231745 0.014777578951515711 -0.0081703260327764538 -0.0012099594135075225 0.007225039996513233 -0.018621761466189379 -0.0011895264658541103 -0.0054291534725813672
leaf_weight=519.19781898707151 14.775822490453718 40.876067072153091 51.233389280736446 121.47498264163733 25.033125877380371 25.299951776862144 16.925348773598671 15.626771837472914 18.469742372632027 23.281887106597424 46.767030030488968 31.114905275404453 32.837319165468216 45.216806448996067
leaf_count=2396 75 204 260 597 121 113 77 70 83 135 266 140 159 244
internal_value=5.78242e-05 -0.00152651 0.00236998 0.00565239 -0.0013941 0.00578224 -0.00992986 -0.00589955 0.00289177 -0.00132419 -0.00399892 -0.0118987 0.00857596 0.00104537
internal_weight=1028.13 611.096 417.035 219.421 65.1089 40.0758 91.8979 74.9726 34.0965 197.614 146.381 54.3968 154.312 91.9838
internal_count=4940 2830 2110 1065 309 188 434 357 153 1045 785 275 756 510
is_linear=0
shrinkage=0.03


Tree=183
num_leaves=15
num_cat=0
split_feature=14 8 8 15 11 8 3 23 25 42 7 19 26 25
split_gain=3.59302 3.82876 6.25242 5.76692 5.48942 5.61357 4.89576 4.7686 5.21539 6.03585 5.349 4.69983 6.98745 5.41834
threshold=10.900000000000002 1.7000000000000004 6.3000000000000016 2.8500000000000001 25.633333333333336 8.1000000000000014 0.024712117453311148 0.82843137254901966 -0.36931818181818177 8.5000000000000018 -1.5176728718469252 5.2500000000000009 13.52777777777778 -3.0312499999999996
decision_type=8 8 8 10 10 10 2 10 10 8 2 8 10 10
left_child=-1 3 7 11 -4 6 -6 8 -3 10 -10 12 -2 -13
right_child=1 2 4 -5 5 -7 -8 -9 9 -11 -12 13 -14 -15
leaf_value=-0.014218866105564542 -0.00323185987198839 0.016188510977714454 0.0050177713707697169 -0.01163630803808269 -0.00056390316838237731 -0.0015517330142542085 -0.023207616995564204 -0.0061017296352993506 0.0091048232710744855 0.012449039168067994 -0.0053079116286912191 0.0089140306099892413 0.014317020108282471 -0.0033099295665268941
leaf_weight=12.246288836002348 438.55414608865976 39.802798017859459 66.635657571256161 45.202238813042641 13.725516162812708 106.56708265841007 19.182183057069778 24.045835107564926 30.29087795317173 45.980552412569523 62.532823108136654 74.886125393211842 16.511446297168732 51.656860515475273
leaf_count=56 2033 186 338 202 70 576 94 108 159 233 306 346 76 245
internal_value=-0.000636578 -0.000408408 0.00183713 -0.00187575 -0.00182578 -0.00515587 -0.0150832 0.0055168 0.00720456 0.00415508 -0.000379673 -0.00102444 -0.00244644 0.00398788
internal_weight=1047.82 1035.57 408.763 626.811 206.11 139.475 32.9077 202.653 178.607 138.804 92.8237 581.609 455.066 126.543
internal_count=5028 4972 2070 2902 1078 740 164 992 884 698 465 2700 2109 591
is_linear=0
shrinkage=0.03


Tree=184
num_leaves=15
num_cat=0
split_feature=12 2 25 12 7 25 10 12 20 14 20 43 25 19
split_gain=3.31703 3.79013 3.42065 6.20413 3.99553 4.16484 6.52038 6.20917 7.67432 5.37884 7.66185 5.76252 6.69108 5.66293
threshold=32.900000000000006 0.34746472687839575 -14.316666666666665 25.700000000000006 7.1363392204911733 -8.0357142857142829 -8.7749999999999968 24.700000000000006 7.7506270076082897 25.500000000000004 18.6767827361702 1.0000000180025095e-35 0.45804195804195807 -2.0499999999999994
decision_type=10 2 10 8 2 10 10 8 10 10 10 2 10 10
left_child=2 -2 3 -1 5 6 -4 9 -9 10 11 -7 -13 -11
right_child=1 -3 4 -5 -6 7 -8 8 -10 13 -12 12 -14 -15
leaf_value=0.00020940877176160057 -0.0030621665281768211 0.014964389267550593 0.00145011267751225 0.016819819818939822 -0.014496214034833595 0.0025570398761809586 -0.013579755607947164 -0.021073667054898632 -0.0021779570750537548 -0.0088543592121351281 -0.013710345588194364 0.0021963030105523278 -0.022421899701458508 0.0091891078862644717
leaf_weight=74.042489089071751 14.846412703394888 21.882987231016159 48.263742119073868 22.916875913739204 14.413854010403155 336.61947950720787 49.140182539820671 16.143500715494156 251.13016559183598 13.916740909218786 28.141139321029186 19.199173554778099 13.954877138137816 117.44662155210972
leaf_count=343 81 97 233 105 71 1632 216 72 1143 81 139 88 66 633
internal_value=-0.000105252 0.00818403 -0.000447102 0.00476767 -0.00102678 -0.000730182 -0.00642526 1.95935e-06 -0.00368531 0.00188101 0.000117401 0.00133862 -0.00974616 0.007023
internal_weight=1042.06 36.7294 1005.33 96.9594 908.369 893.956 97.4039 796.552 267.274 529.278 397.915 369.774 33.1541 131.363
internal_count=5000 178 4822 448 4374 4303 449 3854 1215 2639 1925 1786 154 714
is_linear=0
shrinkage=0.03


Tree=185
num_leaves=15
num_cat=0
split_feature=41 11 9 26 26 29 1 19 19 39 12 10 39 10
split_gain=3.94614 5.75425 7.28604 6.40741 6.14746 5.87739 4.91645 4.16327 7.41725 4.13034 4.22062 3.91873 5.89428 7.08022
threshold=48.500000000000007 28.100000000000005 8.3000000000000025 4.7071428571428582 3.6961538461538468 9.5000000000000018 51.750000000000007 4.7250000000000005 3.0500000000000003 281.65453017937637 18.900000000000002 -5.299999999999998 1163.3188304630321 -17.774999999999995
decision_type=10 10 10 8 10 2 2 10 10 2 10 8 2 10
left_child=7 3 6 4 -2 11 -3 8 9 10 -1 12 13 -5
right_child=1 2 -4 5 -6 -7 -8 -9 -10 -11 -12 -13 -14 -15
leaf_value=0.0072882037809069381 -0.00065361823697966974 -0.0059199024001865838 -0.020076448050580946 0.010933402099312988 -0.013986268745896889 -0.0081140901582294946 0.010915882258842793 0.010640240145880666 -0.012587989059744809 0.0062771604099859041 -0.011595898195920993 0.010451833579129065 0.011402885593782421 -0.0069863675479897806
leaf_weight=12.99201776832342 412.75785201042891 62.549389071762562 23.279006510972977 22.769107758998871 28.720648407936096 25.987272411584854 15.430972918868063 55.89201533049345 23.732824824750423 132.9748290926218 22.82658340036869 93.369564212858677 38.451796010136604 65.270432837307453
leaf_count=71 1968 343 103 115 131 121 77 276 117 657 107 420 178 299
internal_value=0.000533911 -0.000509618 -0.00700744 0.000491358 -0.0016679 0.00432477 -0.00213139 0.00379121 0.00158388 0.00388131 -0.00469258 0.00594276 0.00234351 -0.00201338
internal_weight=1037 788.586 101.259 687.327 441.479 245.848 77.9804 248.418 192.526 168.793 35.8186 219.861 126.491 88.0395
internal_count=4983 3755 523 3232 2099 1133 420 1228 952 835 178 1012 592 414
is_linear=0
shrinkage=0.03


Tree=186
num_leaves=15
num_cat=0
split_feature=22 22 41 19 25 4 8 18 43 12 27 39 7 3
split_gain=3.90296 5.2454 4.85771 5.00697 4.23995 4.11709 5.16636 7.61808 4.93825 5.32622 5.20351 3.9761 3.96814 3.51809
threshold=0.37980769230769235 0.87867647058823539 73.500000000000014 -3.1499999999999999 11.591666666666669 -34.539027175125277 1.7000000000000004 -3.6499999999999999 1.0000000180025095e-35 31.900000000000002 14.500000000000002 2275.5466847730363 -1.9256814328283187 0.023724692612549506
decision_type=10 10 10 10 10 2 10 10 2 10 2 2 2 2
left_child=11 4 3 -3 5 6 7 -2 9 13 -10 -1 -8 -7
right_child=1 2 -4 -5 -6 8 12 -9 10 -11 -12 -13 -14 -15
leaf_value=0.0037794888002318544 0.0067225673529059324 -0.002440106068195543 -0.0057548117262219015 0.015593824750574166 -0.013829101921473805 -0.0058759145697498431 0.012203946657506196 -0.017001995592716167 -0.017548196031966196 0.016826580526091314 0.0026042536908388422 -0.0083257756071835817 -0.0058446907152860834 0.0015639558570000147
leaf_weight=370.86147161573172 12.920582875609396 18.063270881772041 19.271092891693115 41.151478968560696 20.176711209118366 63.921758979558945 14.576733157038687 46.89491693675518 22.681766621768475 13.38461412489414 17.81104739010334 21.469181135296822 20.288523957133293 331.71445309370756
leaf_count=1701 63 96 94 221 112 301 62 226 107 60 85 101 90 1660
internal_value=0.00068221 -0.000757207 0.00627323 0.010331 -0.00178142 -0.0012129 -0.00672883 -0.0117541 1.01626e-05 0.00104096 -0.00937201 0.00302063 0.00228544 0.000303588
internal_weight=1035.19 642.857 78.4858 59.2147 564.371 544.194 94.6808 59.8155 449.514 409.021 40.4928 392.331 34.8653 395.636
internal_count=4979 3177 411 317 2766 2654 441 289 2213 2021 192 1802 152 1961
is_linear=0
shrinkage=0.03


Tree=187
num_leaves=15
num_cat=0
split_feature=8 8 13 39 3 21 11 25 3 39 26 17 20 39
split_gain=4.88277 6.77113 7.47116 6.23677 6.09308 8.41066 5.68513 5.22052 4.87905 3.982 3.763 5.71314 3.01853 3.87724
threshold=3.7000000000000006 5.4500000000000011 17.700000000000006 1243.773984446635 0.028867505050916623 14.00952057233461 26.300000000000001 9.6770833333333339 0.025146607476110087 1760.3786256114752 2.0263157894736845 4.950000000000002 12.189476231107085 754.69040629193739
decision_type=10 10 10 2 2 10 10 10 2 2 10 10 8 2
left_child=-1 2 -2 4 5 8 -5 -6 10 -8 11 -3 -7 -14
right_child=1 3 -4 6 7 12 9 -9 -10 -11 -12 -13 13 -15
leaf_value=-0.0014292474383187804 -0.0037890534949506604 -0.01519216902146305 0.016504313349761848 0.018649544755097672 0.01675675334179173 -0.021251420391699933 0.0092616229350541042 -0.0067134374218237184 -0.012456368257864553 -0.0078733757062876431 0.01167621639441566 0.0069547989150398771 -0.012531143323695083 0.0048859451882358488
leaf_weight=734.9364999756217 20.754373349249363 12.258068703114985 51.107927434146404 22.862061306834221 19.347087472677234 20.72888720035553 19.46287514269352 9.7369329482316953 13.151959501206873 19.399262599647045 31.775048069655895 21.919575877487659 28.466314844787121 14.196701966226099
leaf_count=3412 98 69 264 123 118 97 106 60 63 103 143 137 136 70
internal_value=-0.000105281 0.00305488 0.0107782 0.000499717 -0.00246341 -0.00504442 0.00830398 0.00906708 0.0015257 0.000785675 0.00499525 -0.00191352 -0.0127552 -0.00683081
internal_weight=1040.1 305.167 71.8623 233.305 171.581 142.497 61.7242 29.084 79.1047 38.8621 65.9527 34.1776 63.3919 42.663
internal_count=4999 1587 362 1225 893 715 332 178 412 209 349 206 303 206
is_linear=0
shrinkage=0.03


Tree=188
num_leaves=15
num_cat=0
split_feature=21 21 21 7 11 24 1 9 9 3 41 21 21 7
split_gain=3.149 4.391 4.65629 3.48373 3.471 8.01636 4.03822 4.26333 5.28169 5.24552 4.15287 7.14427 6.66037 4.7237
threshold=19.162173377586047 18.624356802605195 18.203479510634725 -0.22909327637592011 13.700000000000001 -0.41287878787878779 44.750000000000007 -8.0999999999999979 -15.299999999999999 0.0241212379763085 41.500000000000007 16.256450847696218 11.585910984179597 4.1612302345260028
decision_type=10 10 10 2 10 8 2 10 8 2 10 10 8 2
left_child=1 2 4 -2 5 -1 7 8 -6 -10 -8 12 -12 -14
right_child=3 -3 -4 -5 6 -7 10 -9 9 -11 11 -13 13 -15
leaf_value=0.0093821224049998285 0.013402357345721105 -0.012290377970521845 0.014214705850336398 -0.0011226667934730089 -0.007915742646656657 -0.013366381733518293 0.0048703449693330058 0.00031285837590733982 -0.0047239580569741965 0.015129514942854033 -0.0081449777374678362 -0.014916001533839774 0.0027949360350362851 -0.013161717113879147
leaf_weight=15.201442599296568 25.412966474890709 24.075748428702354 14.10825704038143 27.672021351754665 12.259499594569204 45.537003725767136 53.864966712892056 400.71190631389618 12.628323972225187 51.870053671300411 98.042399853467941 40.185195744037628 173.07749947160482 13.465870246291159
leaf_count=71 127 114 68 129 71 201 269 1898 66 293 478 188 826 64
internal_value=-0.000399973 -0.000808459 -0.00044745 0.00638591 -0.000748945 -0.00739239 -0.000237422 0.00159067 0.00783434 0.0111821 -0.00253338 -0.00381655 -0.00201876 0.00132958
internal_weight=1008.11 955.028 930.952 53.085 916.844 60.7384 856.106 477.47 76.7579 64.4984 378.636 324.771 284.586 186.543
internal_count=4863 4607 4493 256 4425 272 4153 2328 430 359 1825 1556 1368 890
is_linear=0
shrinkage=0.03


Tree=189
num_leaves=15
num_cat=0
split_feature=39 18 39 24 21 14 19 11 21 21 24 18 17 13
split_gain=3.85866 4.66917 4.62439 9.70742 5.94906 9.86973 5.15997 4.2323 4.16386 4.53607 4.41584 8.53371 5.47514 3.95799
threshold=2370.8399259221619 0.8500000000000002 1505.5882577139103 0.11904761904761907 14.335658726096652 22.100000000000005 -1.8499999999999999 31.266666666666669 8.2747943302551761 9.2240626904385277 -0.56904761904761891 -1.0000000180025095e-35 16.350000000000005 24.100000000000005
decision_type=2 8 2 8 8 10 10 10 8 8 10 10 8 10
left_child=2 -2 7 4 5 -4 -5 8 -1 13 11 -11 -12 -10
right_child=1 -3 3 6 -6 -7 -8 -9 9 10 12 -13 -14 -15
leaf_value=0.0076688835064329568 0.00044182913979347712 -0.019178982723478736 -0.0081637176066853834 -0.015897471978178163 0.016068392507057994 0.01364308026807004 0.0016663356235388051 0.0075477860391399698 -0.018888934444250986 0.012722092314183333 -0.001991123301388207 -0.0053049606528100231 -0.018431091765770791 0.00042951286102846598
leaf_weight=35.818011425435543 21.427444130182266 16.795271545648575 33.818657584488392 21.190492793917656 51.650924950838089 31.239739708602428 33.433573000133038 42.373001247644424 21.259955413639545 46.460271716117859 613.88627598434687 39.761261448264122 13.907085426151751 14.652940541505812
leaf_count=180 109 81 153 109 236 142 177 242 106 212 2912 186 72 70
internal_value=-0.000624711 -0.00940095 -0.00024395 0.004171 0.00893774 0.00253384 -0.00590901 -0.00117693 -0.00169218 -0.00218711 -0.00161823 0.00457376 -0.00249806 -0.0119175
internal_weight=1037.67 38.2227 999.452 171.333 116.709 65.0584 54.6241 828.119 785.746 749.928 714.015 86.2215 627.793 35.9129
internal_count=4987 190 4797 817 531 295 286 3980 3738 3558 3382 398 2984 176
is_linear=0
shrinkage=0.03


Tree=190
num_leaves=15
num_cat=0
split_feature=43 4 8 8 22 19 42 20 4 39 13 8 4 19
split_gain=4.37485 6.66629 5.15372 7.10487 6.61876 4.56694 5.47371 4.52182 4.46241 4.17305 7.4608 5.65004 4.07432 5.78414
threshold=1.0000000180025095e-35 186.19128020056669 -7.6999999999999984 -10.299999999999999 0.21825396825396828 -5.2499999999999991 1.5000000000000002 11.673807183352693 1.0099593893069143 1505.5882577139103 24.100000000000005 -2.8999999999999995 114.68810251321464 5.5500000000000007
decision_type=2 2 8 10 10 10 8 8 2 2 8 10 2 10
left_child=2 12 3 4 7 6 -4 -1 -6 -7 -11 -12 13 -2
right_child=1 -3 5 -5 8 9 -8 -9 -10 10 11 -13 -14 -15
leaf_value=-0.0021933746594966627 -0.008894499910001432 -0.022554832659603098 -0.0023525723368575547 -0.011586876790880963 -0.015753518477453283 -0.00061275132515963232 0.011189257483516291 0.015719312568829989 0.0029187793359809876 0.0096587383794022458 0.0059980253249765142 -0.016052244697723903 0.0093238337172855245 0.0075266675204737161
leaf_weight=19.487406000494957 73.019830539822578 12.511728033423422 37.225934281945229 63.786935225129128 19.746930636465549 516.54727195203304 79.229855619370937 26.306840062141418 19.076580390334129 92.079856611788273 15.834119766950606 17.432032950222492 17.0865488499403 21.430697500705719
leaf_count=92 337 67 179 294 99 2499 398 120 83 458 72 82 80 99
internal_value=-0.000131441 -0.00530075 0.000600939 -0.00442093 0.00132602 0.00160621 0.00694187 0.00863113 -0.00729236 0.000592013 0.00538987 -0.00614436 -0.00248059 -0.00497747
internal_weight=1030.8 124.049 906.754 148.405 84.6178 758.349 116.456 45.7942 38.8235 641.893 125.346 33.2662 111.537 94.4505
internal_count=4959 583 4376 688 394 3688 577 212 182 3111 612 154 516 436
is_linear=0
shrinkage=0.03


Tree=191
num_leaves=15
num_cat=0
split_feature=39 16 39 26 11 20 3 13 13 8 34 8 8 39
split_gain=3.93692 4.69155 3.71089 6.12356 6.05104 6.79819 5.91628 5.37768 5.20023 5.32511 3.50762 4.02779 11.5111 9.59224
threshold=2370.8399259221619 -0.84999999999999998 1498.7265836129675 -2.2111111111111108 27.675000000000004 14.124250060247601 0.025177278803792173 25.100000000000005 15.900000000000002 11.900000000000002 1.0000000180025095e-35 6.9000000000000012 3.1000000000000005 777.08324492525605
decision_type=2 8 2 8 8 10 2 10 8 10 2 10 10 2
left_child=2 -2 8 6 5 -5 -4 -7 -1 10 11 12 -10 -13
right_child=1 -3 3 4 -6 7 -8 -9 9 -11 -12 13 -14 -15
leaf_value=-0.0078510737373243683 0.0030677513461321408 -0.017285864598310129 0.0030954706626146662 0.017408173625057883 -0.0047435842818191777 0.0090720060524530476 -0.015906648730827248 -0.011947864308851194 -0.00077809760030229827 0.013107923941547998 -0.0082366862053723216 -0.014559020085919958 0.010388679773892835 0.0072692055362635318
leaf_weight=75.727620795369148 14.900667101144789 20.259826920926571 38.190916985273361 56.421824961900711 23.792122267186642 22.688145495951176 17.810462452471256 13.144302800297735 517.06297801434994 22.558130882680416 42.190544374287128 42.458494275808334 93.862245053052902 25.392313897609711
leaf_count=376 77 95 198 256 114 105 88 61 2407 134 201 215 482 131
internal_value=-0.000143598 -0.00935217 0.000228317 0.00416793 0.00798921 0.011348 -0.00375634 0.0008425 -0.00061929 0.000164787 -0.000327677 0.000220556 0.00100797 -0.00645183
internal_weight=1026.46 35.1605 991.3 172.048 116.046 92.2543 56.0014 35.8324 819.252 743.525 720.967 678.776 610.925 67.8508
internal_count=4940 172 4768 822 536 422 286 166 3946 3570 3436 3235 2889 346
is_linear=0
shrinkage=0.03


Tree=192
num_leaves=15
num_cat=0
split_feature=41 12 18 11 22 20 39 24 14 20 1 24 3 11
split_gain=4.05955 4.11179 4.35203 3.91888 6.71664 5.66549 5.59165 7.11345 5.6092 5.46018 11.4569 9.38319 8.68853 6.92158
threshold=43.500000000000007 25.266666666666669 3.8500000000000001 16.300000000000001 0.37980769230769235 15.067440927788715 1013.1859391000324 0.18118686868686873 21.300000000000001 12.607978025742232 47.250000000000007 0.085784313725490183 0.024725274725274752 23.550000000000004
decision_type=8 10 10 8 10 8 2 10 10 10 2 10 2 10
left_child=1 2 -1 -2 -5 6 9 8 -8 10 11 12 -6 -11
right_child=3 -3 -4 4 5 -7 7 -9 -10 13 -12 -13 -14 -15
leaf_value=0.012758919421392451 -0.0047488480771060732 -0.001295146637346734 -0.0014726008883802018 0.0047107923740530395 -0.015614314593510127 0.0030737297611792506 -0.00046846822397392436 -0.0078130623252762096 0.015417733341083449 -0.01956118867285369 -0.015533541765087559 0.012536788003080597 0.0097790786496192023 -0.0025932710148220228
leaf_weight=65.037391304969788 138.3666924983263 55.061074063181877 25.392313435673714 242.04342187196016 26.450240641832352 167.96013775467873 42.235420741140842 41.38668567687273 32.520373970270157 45.332576341927052 35.334424585103989 45.111109688878059 15.461542829871176 41.023570075631142
leaf_count=342 629 259 139 1122 114 851 189 228 147 211 168 238 69 204
internal_value=0.000572779 0.00512362 0.00889498 -0.000210304 0.000670576 -0.00134113 -0.00363574 0.00160083 0.00697568 -0.00651901 -0.00227143 0.00366489 -0.00620268 -0.0120837
internal_weight=1018.72 145.491 90.4297 873.226 734.86 492.816 324.856 116.142 74.7558 208.713 122.357 87.0229 41.9118 86.3561
internal_count=4910 740 481 4170 3541 2419 1568 564 336 1004 589 421 183 415
is_linear=0
shrinkage=0.03


Tree=193
num_leaves=15
num_cat=0
split_feature=39 39 20 39 24 42 20 24 42 14 20 27 23 41
split_gain=4.16189 5.07024 4.08249 6.1554 6.31146 5.19647 9.11202 4.80746 7.14741 6.68657 4.38558 4.75894 5.97144 4.62626
threshold=2370.8399259221619 2504.4727793977959 15.32644772933377 1039.7593484223867 0.46291208791208799 11.500000000000002 16.726559053725833 -0.29583333333333323 6.5000000000000009 19.500000000000004 17.074347217678916 4.5000000000000009 0.39087301587301593 64.500000000000014
decision_type=2 2 8 2 10 8 10 8 10 10 10 2 10 10
left_child=2 -2 3 -1 -5 7 -7 8 -4 -9 11 -11 -13 -12
right_child=1 -3 5 4 -6 6 -8 9 -10 10 13 12 -14 -15
leaf_value=-0.0031269978045694795 -0.017813933428006221 0.0025345002434247819 -0.010696744676512757 0.0042177871366502785 -0.013891228253094509 0.0075644667968463629 -0.014410721312024394 0.015074303653476302 0.012561167960726051 -0.014600095696832073 -0.0012416265945365149 0.013990004437712131 -0.0057608881351260185 0.013421556392210068
leaf_weight=473.88187598064542 21.078681282699108 17.178004056215286 32.641899913549423 213.1463974416256 13.956471823155878 26.641904018819332 32.665717124938965 57.622849121689796 12.618599668145178 15.870849296450613 30.400007985532284 18.165337540209293 29.404395259916782 44.802774831652641
leaf_count=2257 103 87 156 1004 80 132 157 274 60 79 157 100 141 221
internal_value=-0.000329337 -0.00944025 6.37375e-05 -0.00119081 0.00282963 0.00295869 -0.00471851 0.00490131 -0.00360791 0.00690449 0.00310243 -0.00261297 0.0023946 0.00778623
internal_weight=1040.08 38.2567 1001.82 700.985 227.103 300.834 59.3076 241.527 45.2605 196.266 138.643 63.4406 47.5697 75.2028
internal_count=5008 190 4818 3341 1084 1477 289 1188 216 972 698 320 241 378
is_linear=0
shrinkage=0.03


Tree=194
num_leaves=15
num_cat=0
split_feature=19 19 25 24 15 19 16 13 22 1 39 16 39 39
split_gain=4.47717 6.11112 5.26791 4.44322 4.02859 4.48029 4.88332 5.07641 4.77486 5.68725 6.17602 5.05837 4.93955 4.67185
threshold=-9.3499999999999996 -7.2499999999999991 -0.36931818181818177 0.063068181818181815 9.9500000000000011 -2.9499999999999997 -1.0000000180025095e-35 23.700000000000006 0.87083333333333346 40.750000000000007 2039.9203311838451 5.7500000000000009 1321.0021634661744 835.59827915139886
decision_type=8 10 8 8 10 10 10 10 10 2 2 10 2 2
left_child=3 -2 -3 -1 5 6 7 -4 9 11 12 -7 13 -11
right_child=1 2 4 -5 -6 8 -8 -9 -10 10 -12 -13 -14 -15
leaf_value=-0.017150330698040034 0.0095880210685119933 0.001942820177959165 0.0059962542176293749 0.0026228096645051066 -0.011359627516232889 0.010760428754992786 -0.013461766446473603 -0.013582027722166694 0.0082118271731990364 -0.000670740728555767 -0.017160581562683557 -0.0077248721544850851 0.0071358436443687868 -0.010387903168518691
leaf_weight=22.032468482851982 52.969151251018047 438.90881831943989 33.271460399031639 14.563276365399359 37.781236372888088 47.787877827882767 48.934480711817741 12.310766547918318 47.61384741216898 137.56152165681124 21.751942828297615 13.815170958638189 40.16874086856842 61.390537276864052
leaf_count=99 254 2021 181 79 199 240 232 61 248 675 107 60 197 302
internal_value=-0.000269374 0.000133369 -0.000446518 -0.00991219 -0.00253253 -0.00170141 -0.00735237 -0.000111302 -0.000179453 -0.0015249 -0.00346798 0.00634619 -0.00189645 -0.00385032
internal_weight=1030.86 994.266 941.296 36.5957 502.388 464.606 94.5167 45.5822 370.09 322.476 260.873 61.603 239.121 198.952
internal_count=4955 4777 4523 178 2502 2303 474 242 1829 1581 1281 300 1174 977
is_linear=0
shrinkage=0.03


Tree=195
num_leaves=15
num_cat=0
split_feature=2 12 21 18 18 20 20 42 17 13 42 20 7 21
split_gain=3.44508 3.51869 3.20529 3.19077 3.58709 3.57024 7.17582 6.25082 5.93501 8.76608 6.26568 9.06641 5.40297 9.57009
threshold=0.2564731319828028 33.70000000000001 13.953295097852694 10.725000000000001 9.0500000000000025 14.074800176201444 12.384578223652904 11.500000000000002 2.9500000000000006 22.100000000000005 7.5000000000000009 8.2263119577175896 1.6662936069753462 16.163229830475689
decision_type=2 10 10 10 10 10 10 8 10 10 10 10 2 10
left_child=2 3 -1 4 5 6 8 12 10 -10 11 -2 13 -8
right_child=1 -3 -4 -5 -6 -7 7 -9 9 -11 -12 -13 -14 -15
leaf_value=-0.014379342772473989 -0.0071716380223942576 0.011257802255890232 0.0008611865886376485 0.0073678808553698776 -0.0095128238447141338 0.0025322544894392988 -0.017953311915859187 0.0041910977984862758 0.0015943829887185323 -0.014575239452173002 -0.0026093910015870894 0.010812532905574735 0.00055419299803284312 0.0043277454503865441
leaf_weight=22.331014528870583 27.664712138473988 22.161890029907227 21.786280959844589 49.372999556362629 30.13686914741993 362.00351120531559 72.167648531496525 35.833113186061382 83.475155178457499 41.520731590688229 84.741206891834736 123.61616066098213 35.024311721324921 20.198619417846203
leaf_count=129 122 105 121 242 144 1768 341 169 430 193 388 563 166 92
internal_value=0.000225415 0.000608004 -0.00753165 0.000306889 -0.000111463 0.000259806 -0.00131848 -0.00643812 0.00105254 -0.0041308 0.00382636 0.00739954 -0.00947334 -0.0131089
internal_weight=1032.03 987.917 44.1173 965.755 916.382 886.245 524.242 163.224 361.018 124.996 236.022 151.281 127.391 92.3663
internal_count=4973 4723 250 4618 4376 4232 2464 768 1696 623 1073 685 599 433
is_linear=0
shrinkage=0.03


Tree=196
num_leaves=15
num_cat=0
split_feature=5 9 39 13 20 8 20 13 39 25 42 24 20 39
split_gain=3.96619 2.68931 3.70053 3.26522 2.78451 5.29432 5.1372 6.40534 5.17595 4.52993 4.78214 4.15116 4.00383 4.33685
threshold=0.87444022015242728 10.900000000000002 1108.100257756289 13.700000000000001 19.498432685700497 -1.8999999999999997 17.195768176089306 28.700000000000006 938.24961952166075 -13.422619047619046 3.5000000000000004 -0.071428571428571425 16.781107100789132 1224.8932853688204
decision_type=2 8 2 10 10 10 10 10 2 8 10 8 8 2
left_child=1 3 -3 -1 6 -6 9 8 11 10 -5 -8 13 -11
right_child=-2 2 -4 4 5 -7 7 -9 -10 12 -12 -13 -14 -15
leaf_value=0.0084517571935518003 0.01358121347087304 -0.0090854038443458213 0.0026525367541410383 -0.0024698425846123658 0.0035968353101709415 -0.017002747315193991 0.0017530760225764163 -0.0094086541219451942 0.00016468818417390035 -0.0026502264057503928 0.019056902181520924 0.02144674209586294 -0.0120198532196683 0.0025902215752214731
leaf_weight=31.275165416300297 12.310349084436892 70.012673504650593 32.898577585816383 15.465053781867029 17.496943973004818 20.427001670002937 14.646953269839285 15.316529929637907 31.310868002474308 503.34022734314203 14.972990855574606 29.736480221152306 27.267334818840027 192.78317274153233
leaf_count=163 120 328 153 72 80 104 66 69 158 2382 68 154 132 917
internal_value=-0.000666321 -0.000904393 -0.00538399 -0.00037349 -0.000731997 -0.00818683 -0.00035116 0.00618947 0.00973311 -0.0011764 0.00931422 0.0157832 -0.00167872 -0.00119082
internal_weight=1029.26 1016.95 102.911 914.039 882.764 37.9239 844.84 91.0108 75.6943 753.829 30.438 44.3834 723.391 696.123
internal_count=4966 4846 481 4365 4202 184 4018 447 378 3571 140 220 3431 3299
is_linear=0
shrinkage=0.03


Tree=197
num_leaves=15
num_cat=0
split_feature=25 11 19 41 26 1 21 25 19 10 41 16 4 25
split_gain=4.19974 3.62709 4.85978 5.44753 4.23829 4.44154 4.72018 4.08996 7.56493 5.68414 4.39286 5.47112 4.35896 3.31543
threshold=-14.316666666666665 28.300000000000001 -4.8499999999999988 47.500000000000007 3.5505050505050506 50.750000000000007 16.447390855499908 -7.9666666666666659 4.4500000000000011 -6.8999999999999977 25.500000000000004 -2.5499999999999994 -73.202182564820177 -5.6547619047619042
decision_type=8 8 8 10 10 2 8 8 10 10 10 10 2 10
left_child=-1 7 -3 -4 5 6 -5 8 9 12 11 -9 -2 -12
right_child=1 2 3 4 -6 -7 -8 10 -10 -11 13 -13 -14 -15
leaf_value=0.0090944349945549854 -0.0098059482297480592 0.0066307157992433309 0.0032166193340749422 -0.015805939198944768 -0.018042852094372234 0.0091488656575697078 0.0043610923132025338 0.0061735390245140128 0.0067143019863782826 -0.018308100543676511 0.0057346376550146839 -0.013623685752234653 0.0073749080552787186 0.00040523857185490955
leaf_weight=35.262020014226437 24.966885186731815 22.319199532270432 29.516528092324734 25.836666710674763 38.712761580944061 11.571742393076418 13.086369939148424 15.059401743113993 29.990331836044788 34.764516830444336 123.58742863684893 33.796538770198822 19.158689200878143 579.1481459736824
leaf_count=161 128 124 167 150 173 60 65 71 140 153 570 157 83 2787
internal_value=-0.00040953 -0.000787668 -0.00515905 -0.00755382 -0.0110991 -0.00462951 -0.00930095 -4.54728e-05 -0.00534563 -0.0100572 0.000752595 -0.00751476 -0.0023549 0.00137639
internal_weight=1036.78 1001.52 141.043 118.724 89.2075 50.4948 38.923 860.472 108.88 78.8901 751.592 48.8559 44.1256 702.736
internal_count=4989 4828 739 615 448 275 215 4089 504 364 3585 228 211 3357
is_linear=0
shrinkage=0.03


Tree=198
num_leaves=15
num_cat=0
split_feature=43 16 24 7 20 0 20 42 16 20 20 13 17 17
split_gain=4.52967 5.26979 5.0461 4.7759 4.73788 3.8834 3.56591 3.49628 3.17125 4.88193 4.38873 4.98702 4.01489 3.91124
threshold=1.0000000180025095e-35 -8.9499999999999975 -0.69139194139194127 1.0942567107025887 15.590238964946215 4.2500000000000009 13.645919204852509 3.5000000000000004 9.1500000000000004 11.548929724341464 10.157919642517044 27.300000000000001 -7.6499999999999986 -10.649999999999997
decision_type=2 8 8 2 10 2 8 8 8 10 10 10 10 10
left_child=1 3 -3 7 5 6 -2 -1 10 -10 -4 -12 13 -13
right_child=4 2 8 -5 -6 -7 -8 -9 9 -11 11 12 -14 -15
leaf_value=-0.011534341275484049 -0.00034428138698339394 -0.0096518835301855899 0.0065581954165390378 -0.019016935973931205 0.0049180609875970494 -0.019677980637864273 -0.013498569261069312 0.00577763875552094 -0.0029946022482298909 0.013695839010084893 0.0015696855178096453 -0.002826543275283215 -0.0007212654744383571 -0.021670052429005014
leaf_weight=11.980555981397627 55.577476680278778 30.144506216049194 118.9707652553916 16.710341192781925 28.989330038428307 16.641888611018658 23.043275400996208 22.59313976764679 21.548986658453941 41.445707522332668 526.66720492392778 21.538104958832264 64.717534705996513 16.62481464445591
leaf_count=60 256 139 564 84 137 88 105 124 95 193 2571 101 302 79
internal_value=0.000160106 0.000915166 0.00150128 -0.00798273 -0.00509166 -0.00823107 -0.00477632 -0.000920721 0.00197214 0.00818607 0.00139833 0.000379236 -0.00550523 -0.0125947
internal_weight=1017.19 892.942 841.658 51.284 124.252 95.2626 78.6208 34.5737 811.513 62.9947 748.518 629.548 102.88 38.1629
internal_count=4898 4312 4044 268 586 449 361 184 3905 288 3617 3053 482 180
is_linear=0
shrinkage=0.03


Tree=199
num_leaves=15
num_cat=0
split_feature=7 8 26 39 25 19 8 7 21 18 19 16 23 5
split_gain=5.05128 4.93193 5.24797 5.50315 7.4398 7.01934 5.71541 7.3502 6.35301 5.62776 5.27108 5.18178 4.98771 4.3317
threshold=0.71048102998130169 11.500000000000002 -4.2928571428571418 446.89461688094599 -5.5358974358974349 -0.3166666666666666 -8.0999999999999979 -2.5549612644918986 17.530449681596057 -0.14999999999999999 -1.6499999999999997 5.6500000000000012 0.56696428571428581 0.47644991570131107
decision_type=2 10 8 2 10 10 8 2 10 10 10 10 10 2
left_child=1 2 10 4 -4 -6 12 9 11 -8 -1 -9 -5 -11
right_child=-2 -3 3 6 5 -7 7 8 -10 13 -12 -13 -14 -15
leaf_value=-0.00067819285121808331 -0.0018050972003796392 0.012467636516174956 0.01705560388122487 -0.019740524734967648 0.0097640871976127745 -0.0064922254014054236 0.0012191342237424794 -0.0020235235788497708 0.015261182191279534 -0.003196504453001034 0.01117709637713093 0.010867873205181518 -0.00082413929945921404 -0.021185165742350506
leaf_weight=53.306993842124939 412.71808090806007 36.525845006108284 30.739627912640572 22.73364132642746 37.940891750156879 48.977482452988625 40.408188723027706 129.91715703904629 27.43532557785511 23.800099670886993 84.523242495954037 30.453323125839233 23.736999854445457 24.669532887637615
leaf_count=294 1966 215 143 100 178 222 190 597 126 104 452 134 119 119
internal_value=0.000749415 0.00246398 0.00173112 0.000110554 0.00553087 0.000748976 -0.00191714 -0.00020576 0.00314978 -0.00708639 0.00672873 0.000679046 -0.0110968 -0.0134771
internal_weight=1027.89 615.168 578.643 440.812 117.658 86.9184 323.154 276.684 187.806 88.8778 137.83 160.37 46.4706 48.4696
internal_count=4959 2993 2778 2032 543 400 1489 1270 857 413 746 731 219 223
is_linear=0
shrinkage=0.03


Tree=200
num_leaves=15
num_cat=0
split_feature=3 41 27 25 41 8 8 3 16 18 11 39 20 19
split_gain=3.06934 5.30922 6.06543 5.91533 5.18198 4.87922 6.09036 4.93093 4.66075 7.11618 4.10686 4.00834 3.80235 3.79756
threshold=0.025126895938511699 53.500000000000007 6.5000000000000009 -10.258333333333331 70.500000000000014 15.700000000000001 11.900000000000002 0.024914046876219013 -5.5499999999999989 4.6500000000000012 16.100000000000005 1000.485997771436 11.887668623478644 -1.5499999999999998
decision_type=2 10 2 10 10 8 10 2 10 10 10 2 10 10
left_child=5 10 3 -3 8 6 7 -1 -4 11 -2 12 -10 -9
right_child=1 2 4 -5 -6 -7 -8 13 9 -11 -12 -13 -14 -15
leaf_value=0.00069216889050969263 0.0171264312857013 0.0021836793137666602 0.010193952955577856 -0.016158813330438507 0.013279499498783645 -0.011882075303228167 0.014541972137291068 -0.001575440521710756 -0.0033055846075057049 0.0087606042486083838 0.00076698655959227453 -0.0012335302884978643 -0.023494913155482404 0.016446450743687863
leaf_weight=656.91214625537395 11.619452424347399 20.113366298377514 14.499630138278006 54.164287328720093 15.534368298947809 18.671839572489262 28.192579284310341 14.345143780112265 15.026212379336355 18.046640515327454 84.909156702458858 25.576798357069492 21.513737320899963 27.567010194063187
leaf_count=3111 54 93 77 260 79 101 153 61 73 89 441 130 108 121
internal_value=0.00054631 -0.00210165 -0.00503851 -0.0113675 -0.000464305 0.00155151 0.00197533 0.00136865 -0.00327276 -0.00616405 0.00348267 -0.0108297 -0.0165897 0.0107677
internal_weight=1026.69 281.004 184.475 74.2777 110.197 745.689 727.017 698.824 94.663 80.1634 96.5286 62.1167 36.5399 41.9122
internal_count=4951 1404 909 353 556 3547 3446 3293 477 400 495 311 181 182
is_linear=0
shrinkage=0.03


Tree=201
num_leaves=15
num_cat=0
split_feature=16 42 9 41 18 39 0 22 7 24 3 17 17 42
split_gain=3.38131 4.85192 3.75946 3.75919 3.36638 3.05222 5.73531 6.69098 5.96114 4.4787 3.91269 6.61396 7.51736 8.10499
threshold=-8.9499999999999975 3.5000000000000004 -10.299999999999999 62.500000000000007 -2.1124999999999994 256.79052925807713 4.2500000000000009 0.22474747474747478 -1.3428241910800762 0.071428571428571494 0.025146607476110087 -4.070833333333332 -6.1499999999999986 6.5000000000000009
decision_type=8 8 10 8 10 2 2 8 2 10 2 10 10 8
left_child=1 -1 3 -2 -3 6 7 -4 -9 -8 -7 12 13 -12
right_child=2 4 5 -5 -6 10 9 8 -10 -11 11 -13 -14 -15
leaf_value=-0.016588043702527724 -0.0028057445688581917 -0.010759881097955686 0.0076115592472247385 0.013865304978712233 0.0057402177801172231 0.0021914094856914645 -0.0072479403330217781 0.00177842752625845 -0.017070902273762442 0.014072895008944172 -0.011219229563084869 -0.0060935240647594351 0.017510107990374769 0.0099392925329725434
leaf_weight=20.40492782741785 16.060199774801731 11.816549800336359 16.248570457100868 31.566208176314831 27.904620654881001 592.52513529360294 10.261725567281248 19.661804974079132 49.570631325244904 18.673326950520277 30.678941555321217 146.87998125702143 21.919425539672375 25.086661696434021
leaf_count=99 102 65 73 176 147 2780 51 84 224 115 146 720 102 122
internal_value=0.000272959 -0.00634895 0.000709785 0.00851117 0.000177446 0.000267601 -0.00421585 -0.00802352 -0.0119585 0.00655771 0.000917235 -0.00241924 0.00447617 -0.00166624
internal_weight=1039.26 60.1261 979.133 47.6264 39.7212 931.506 114.416 85.481 69.2324 28.9351 817.09 224.565 77.685 55.7656
internal_count=5006 311 4695 278 212 4417 547 381 308 166 3870 1090 370 268
is_linear=0
shrinkage=0.03


Tree=202
num_leaves=15
num_cat=0
split_feature=10 21 11 7 8 39 14 14 1 21 39 27 18 18
split_gain=3.68807 4.88979 4.69651 4.111 4.82767 3.16014 2.7431 6.47408 8.69004 4.89461 5.1903 4.74051 6.4631 5.70722
threshold=-13.149999999999997 11.612254063894946 18.700000000000006 1.4560613064890962 -11.499999999999998 1163.3188304630321 20.100000000000005 18.900000000000002 38.750000000000007 15.026642986816691 1039.7593484223867 16.500000000000004 4.5500000000000007 10.15
decision_type=8 8 10 2 10 2 10 10 2 10 2 2 10 10
left_child=1 -1 3 4 -3 -4 7 9 -9 -2 -11 13 -13 -8
right_child=6 2 5 -5 -6 -7 11 8 -10 10 -12 12 -14 -15
leaf_value=-0.015281407319558134 0.0030967533499775789 0.019789707154726513 -0.013913924057443081 -0.0050656574749901439 -0.0012036470857698823 0.0024377553622021756 -0.0023720615305213785 -0.0091786749158276788 0.015156794803970657 -0.01201470896313012 0.004281810565770444 0.013587792763479881 -0.0064807294071333342 0.0098056724973139189
leaf_weight=26.51405356824398 157.69345413893461 15.91634778678417 27.571848779916763 23.945064157247543 17.628368765115738 13.842193469405172 524.69561608880758 13.111187502741812 57.738873057067394 43.406918816268444 24.372228682041168 38.488281652331352 17.982746884226799 32.156302474439144
leaf_count=137 727 74 136 120 82 63 2559 61 276 194 112 200 92 160
internal_value=-0.000256013 -0.00497464 -0.00160921 0.00384168 0.0100323 -0.00877471 0.000418209 0.0027634 0.0103452 0.000208236 -0.00626318 -0.000728039 0.00718981 -0.00158783
internal_weight=1035.06 125.418 98.9038 57.4898 33.5447 41.414 909.646 296.323 70.8501 225.473 67.7791 613.323 56.471 556.852
internal_count=4993 612 475 276 156 199 4381 1370 337 1033 306 3011 292 2719
is_linear=0
shrinkage=0.03


Tree=203
num_leaves=15
num_cat=0
split_feature=16 8 16 2 18 27 18 16 8 35 10 18 8 22
split_gain=2.98867 2.57281 6.39209 5.75741 7.9829 6.8006 5.48332 6.46546 10.0263 5.36516 5.02923 4.47986 4.66234 4.44732
threshold=-13.649999999999997 1.7000000000000004 2.0500000000000003 0.57789124044237994 2.6500000000000008 11.500000000000002 -4.3499999999999988 -1.5499999999999998 7.3000000000000016 1.0000000180025095e-35 -4.8999999999999977 4.2250000000000005 3.1000000000000005 0.38675213675213682
decision_type=10 8 10 2 8 2 8 10 10 2 8 10 10 10
left_child=-1 13 6 10 5 -5 9 8 11 -3 -4 12 -8 -2
right_child=1 2 3 4 -6 -7 7 -9 -10 -11 -12 -13 -14 -15
leaf_value=-0.011632812686060274 0.0012774321148882213 0.0041088969384228142 -0.0052802847567334412 -0.0086109589989162624 -0.016470704459826693 0.009403717558561224 -0.00036073387766294196 0.014305442296199972 -0.0077687925267570278 -0.014783886689231628 0.010836844004854978 -0.00084222250787392239 0.021043204456214319 -0.0037912439490632036
leaf_weight=14.633403256535528 340.39190511405468 30.531201228499413 25.111165165901184 34.184169143438339 38.823991112411022 31.36072688549757 12.285067409276961 72.066426768898964 43.882955484092236 17.248897969722748 38.518510848283768 22.26023655384779 29.17804578691721 279.47983834892511
leaf_count=74 1568 160 108 166 189 158 62 373 264 91 162 116 169 1313
internal_value=-3.92318e-05 0.000184048 0.00206044 -0.00233928 -0.00655853 6.39696e-05 0.00529053 0.00764991 0.00275526 -0.00346591 0.00455499 0.0100406 0.0153451 -0.00101992
internal_weight=1029.96 1015.32 395.451 167.999 104.369 65.5449 227.453 179.673 107.606 47.7801 63.6297 63.7233 41.4631 619.872
internal_count=4973 4899 2018 783 513 324 1235 984 611 251 270 347 231 2881
is_linear=0
shrinkage=0.03


Tree=204
num_leaves=15
num_cat=0
split_feature=4 26 21 8 7 18 26 7 18 14 11 8 26 26
split_gain=2.60114 3.73817 5.69291 6.88001 7.05848 5.40185 5.86959 5.7987 6.7538 4.57674 3.79223 9.46332 6.92307 10.4337
threshold=-14.321680125210035 4.7735042735042743 13.812232692568786 4.5000000000000009 1.6182856800463972 -4.2499999999999991 3.6961538461538468 0.74488378627256246 -5.4499999999999993 18.100000000000005 22.900000000000002 1.9000000000000001 -12.107954545454545 -7.0690476190476179
decision_type=2 10 8 8 2 8 10 2 10 8 8 8 8 10
left_child=-1 5 -3 -4 -5 7 9 8 -2 -7 12 -12 -11 -14
right_child=1 2 3 4 -6 6 -8 -9 -10 10 11 -13 13 -15
leaf_value=-0.0023932816677452421 0.0057911479390257833 0.011777374304057802 0.0079015588195889917 -0.017529522949714042 0.0065450707127716889 -0.0066339444556197539 -0.011393752766445645 -0.013050278453233708 -0.012945279433561163 -0.0085758742943388977 -0.0085958361701941148 0.0049009903190006133 0.019580576476290273 0.002961336430799464
leaf_weight=327.97249613702297 50.434062041342258 59.30075965821743 40.595798246562481 23.888586513698101 14.273652061820028 42.471642717719078 25.758622244000435 50.176441960036755 20.179737329483032 19.919780731201172 64.723656363785267 136.97777952998877 47.862627483904362 101.60743875801563
leaf_count=1520 253 268 180 110 61 205 117 233 105 106 312 788 234 458
internal_value=-0.000209854 0.000825556 0.00515394 -0.000238519 -0.00880992 -0.000277484 0.00127878 -0.00576356 -6.52246e-05 0.00219476 0.00327998 0.00046685 0.00652029 0.00874461
internal_weight=1026.14 698.171 138.059 78.758 38.1622 560.112 439.322 120.79 70.6138 413.563 371.091 201.701 169.39 149.47
internal_count=4950 3430 619 351 171 2811 2220 591 358 2103 1898 1100 798 692
is_linear=0
shrinkage=0.03


Tree=205
num_leaves=15
num_cat=0
split_feature=19 17 11 19 3 8 8 2 2 21 21 3 3 19
split_gain=4.6517 3.56445 4.07331 3.50969 3.98796 3.52396 6.01994 5.71837 9.10397 5.83419 4.37141 3.83128 3.95971 3.76474
threshold=-8.6499999999999968 3.850000000000001 21.700000000000006 -7.2499999999999991 0.043482987795078316 6.7000000000000002 3.5000000000000004 0.81261261456957734 0.765571941211172 13.5049371792028 16.775145959616793 0.024154191582227872 0.025177278803792173 6.4500000000000011
decision_type=8 10 10 8 2 10 8 2 2 10 10 2 2 8
left_child=1 2 -1 -2 5 6 13 8 9 11 -11 -7 -13 -5
right_child=3 -3 -4 4 -6 7 -8 -9 -10 10 -12 12 -14 -15
leaf_value=-0.0095351290535218205 0.0096718710997394167 -0.018922546854850935 0.0082065667094369729 -0.0012971716565533314 0.014052073009164369 -0.0076636370385248049 0.0071036910796165977 0.010533463839941932 -0.02275424443382432 -0.013876123903016825 0.0018140824120090797 0.01419532360080193 -0.0030660140224053091 0.0045245051845961299
leaf_weight=23.571330279111862 33.097890816628933 13.5709206238389 14.917440667748449 523.92768988758326 13.811975121498106 14.274752005934713 115.65928383916616 17.158290032297373 19.268140651285648 40.733327850699425 22.953492611646652 28.588784456253052 16.216395854949951 118.28118723630905
leaf_count=109 164 73 72 2440 61 62 584 165 124 182 103 137 75 555
internal_value=0.000257181 -0.00806851 -0.00250588 0.000746127 0.000378788 9.77709e-05 0.000955345 -0.00388964 -0.00593094 -0.00250341 -0.00850078 0.00412047 0.00826729 -0.000198272
internal_weight=1016.03 52.0597 38.4888 963.971 930.873 917.061 757.868 159.193 142.035 122.767 63.6868 59.0799 44.8052 642.209
internal_count=4906 254 181 4652 4488 4427 3579 848 683 559 285 274 212 2995
is_linear=0
shrinkage=0.03


Tree=206
num_leaves=15
num_cat=0
split_feature=16 21 20 10 15 11 21 11 15 25 9 22 20 42
split_gain=3.82078 5.58917 4.85882 3.39525 5.00626 3.46043 6.64299 5.18243 6.06319 5.96176 4.68217 4.77505 4.43101 7.4483
threshold=-8.7499999999999982 14.919971281554725 10.517181231960715 14.500000000000004 8.4500000000000011 27.100000000000005 8.3563011450751237 24.900000000000002 -2.3499999999999992 -1.2071428571428569 8.1000000000000014 0.68301435406698574 12.49933331555461 7.5000000000000009
decision_type=10 10 10 8 10 10 10 10 10 10 10 10 8 8
left_child=1 2 -1 5 -5 7 -7 12 -9 -10 11 -11 13 -2
right_child=3 -3 -4 4 -6 6 -8 8 9 10 -12 -13 -14 -15
leaf_value=-0.011220237036917807 0.0066717522160516119 -0.015657569457107987 0.0078401398221457277 0.016854111625177904 -0.0035621601450562448 0.015743774783452544 -0.0061812881806093175 -0.007668867134183955 0.02274873584406005 -0.0076290404841383086 0.017066061952330049 0.0096619589140825093 -0.0025160491930277156 -0.0031972068700172563
leaf_weight=14.583577059209345 154.00535636395216 30.490228556096554 26.260519474744797 20.268810369074345 16.331746302545071 8.8256620019674283 141.73327565938234 17.887133240699768 19.381100788712502 28.553271241486073 14.702940508723257 20.149666108191013 395.05527760833502 117.28179661184549
leaf_count=69 718 153 133 161 109 48 677 86 88 143 66 101 1853 541
internal_value=-0.000489135 -0.00694755 0.000553058 2.73957e-05 0.00841086 -0.000350778 -0.00443133 0.000473712 0.00664674 0.0100004 0.00472573 -0.000241779 -0.000501495 0.00242459
internal_weight=1025.51 71.3343 40.8441 954.176 36.6006 917.575 150.559 767.017 100.674 82.787 63.4059 48.7029 666.342 271.287
internal_count=4946 355 202 4591 270 4321 725 3596 484 398 310 244 3112 1259
is_linear=0
shrinkage=0.03


Tree=207
num_leaves=15
num_cat=0
split_feature=8 13 21 17 23 39 10 42 39 21 5 11 11 9
split_gain=3.8533 3.96133 6.9537 3.6852 5.1138 4.78025 3.6827 3.58631 3.51791 3.3297 6.8648 3.90544 4.90637 7.32914
threshold=11.900000000000002 15.100000000000001 13.617390841616219 11.750000000000002 0.37980769230769235 2378.0719913100243 14.500000000000004 1.0000000180025095e-35 2450.9739321209672 8.2747943302551761 0.50096547895890808 27.500000000000004 24.900000000000002 2.3250000000000006
decision_type=8 10 10 10 10 2 8 8 2 8 2 10 10 10
left_child=3 2 -2 5 -5 6 9 -3 -7 10 -1 12 -11 -14
right_child=1 7 -4 4 -6 8 -8 -9 -10 11 -12 -13 13 -15
leaf_value=-0.0049800731443054155 0.0095321470906247537 -0.0014474639249314708 -0.015602625574291868 -0.015617390876835816 0.0025665980181233342 -0.021542675944759157 0.012643731853809424 0.018474376561298408 -0.0015291756545364416 -0.0013164667845490178 0.016414102995199603 -0.0067489593565951403 -0.0022846933399734443 0.013739629407859517
leaf_weight=21.71408249437809 17.688333660364155 10.651937775313852 12.644727632403372 30.650547787547112 20.800220414996147 11.936710245907308 14.209441367536781 22.035928785800934 16.379091627895832 622.95849693566561 24.236990440636873 92.054964423179626 48.815750487148762 46.508634328842163
leaf_count=99 94 60 65 167 101 60 113 136 81 2894 132 440 246 209
internal_value=-0.00076357 0.00614194 -0.00167083 -0.00125129 -0.00868987 -0.000779766 -0.000350897 0.0126517 -0.0119329 -0.000638681 0.00680772 -0.0011001 -0.000334488 0.00582866
internal_weight=1013.29 63.0209 30.3331 950.265 51.4508 898.814 870.498 32.6879 28.3158 856.289 45.9511 810.338 718.283 95.3244
internal_count=4897 355 159 4542 268 4274 4133 196 141 4020 231 3789 3349 455
is_linear=0
shrinkage=0.03


Tree=208
num_leaves=15
num_cat=0
split_feature=16 41 7 13 22 20 4 21 20 42 13 11 25 22
split_gain=3.61484 4.34455 4.17651 5.66504 4.31162 3.91178 4.95842 4.95193 5.82353 4.90195 5.12963 4.59654 4.28421 5.68676
threshold=-7.0499999999999989 74.500000000000014 1.5502878877090505 21.675000000000004 0.62828947368421062 15.32644772933377 181.10214236334312 10.987113661137204 16.478268503658626 10.500000000000002 26.900000000000002 26.900000000000002 -6.1909090909090905 0.23205128205128209
decision_type=10 10 2 8 8 8 2 8 10 8 10 10 10 10
left_child=1 2 3 4 -1 12 7 -7 -9 10 11 -10 -2 -14
right_child=5 -3 -4 -5 -6 6 -8 8 9 -11 -12 -13 13 -15
leaf_value=0.016590487092031661 -0.0051016389680601125 0.0068632103209196552 -0.016078425646866467 -0.0095181133866133524 -0.0044571490459810893 -0.0059832244088958543 0.014161363294644411 0.01104658317705484 0.011504097847509704 -0.0098975325315852937 -0.0082668040351401226 -0.0049992300870454146 0.012922259485033644 -0.00024850735904661191
leaf_weight=13.386776126921179 152.05666061490774 18.949151366949081 29.653476342558861 41.439300313591957 13.544954553246496 50.942710258066654 29.473943758755922 65.214370138943195 52.80143703520298 27.696209445595741 20.699128076434135 17.357220388948917 26.502403289079666 462.63253681361675
leaf_count=72 711 91 147 203 80 240 206 305 246 122 94 81 119 2219
internal_value=-0.000171873 -0.00502102 -0.00753995 -0.00299337 0.00696448 0.000478767 0.00351517 0.00191078 0.0041996 0.000138588 0.00355459 0.00736022 -0.000789819 0.000588649
internal_weight=1022.35 116.974 98.0245 68.371 26.9317 905.377 264.185 234.711 183.768 118.554 90.8578 70.1587 641.192 489.135
internal_count=4936 593 502 355 152 4343 1294 1088 848 543 421 327 3049 2338
is_linear=0
shrinkage=0.03


Tree=209
num_leaves=15
num_cat=0
split_feature=29 18 19 39 18 17 14 8 41 39 15 24 7 7
split_gain=4.25292 7.3998 4.66324 3.46665 3.70721 3.27454 3.63471 3.46555 5.94068 7.69344 4.50434 5.64467 6.32142 4.72889
threshold=13.500000000000002 2.9500000000000006 -1.6499999999999997 2370.8399259221619 2.1500000000000008 -14.249999999999998 15.900000000000002 -7.6999999999999984 37.500000000000007 281.65453017937637 -5.6499999999999995 -0.12499999999999996 0.77983217821552009 0.074756833381474999
decision_type=2 10 10 2 8 8 10 8 10 2 10 8 2 2
left_child=3 2 -2 5 -5 6 -1 8 -7 -10 11 13 -13 -11
right_child=1 -3 -4 4 -6 7 -8 -9 9 10 -12 12 -14 -15
leaf_value=-0.0020741477346635151 -0.00028426479711201707 0.0073690726888074737 -0.020876620684594876 -0.00050772509140859315 -0.019225130886968193 0.010562145508995905 0.014519507040955107 0.00097041960121843282 0.0092234466612635888 0.013702177106466368 -0.01656479708499304 -0.021178183260376019 0.0029052375546648923 -0.0062011371523180269
leaf_weight=17.711812674999237 14.722534000873564 16.876010425388813 26.098181523382664 22.687927961349487 11.771157853305338 17.373305678367615 25.299400836229324 752.02417696639895 20.112353563308716 17.173647060990334 42.055470705032349 19.680183872580528 14.49289160966873 16.65923622995615
leaf_count=83 69 83 123 114 57 81 118 3666 93 79 202 88 65 82
internal_value=-0.000298846 -0.00787323 -0.0142912 0.000186249 -0.00852745 0.000548121 0.00818194 0.000139917 -0.00398609 -0.0062466 -0.00935152 -0.00406179 -0.0118972 0.00436525
internal_weight=1034.74 57.6967 40.8207 977.042 34.4591 942.582 43.0112 899.571 147.547 130.174 110.061 68.006 34.1731 33.8329
internal_count=5003 275 192 4728 171 4557 201 4356 690 609 516 314 153 161
is_linear=0
shrinkage=0.03


Tree=210
num_leaves=15
num_cat=0
split_feature=28 17 25 9 9 39 25 17 21 11 10 41 25 25
split_gain=4.57767 4.55573 4.47148 4.21007 9.41605 5.48633 5.34685 4.16709 6.35308 4.45025 3.85792 3.59499 4.08009 4.1133
threshold=7.5000000000000009 -13.949999999999998 -5.7386363636363624 -0.77499999999999991 -3.2999999999999994 1101.99528990884 -2.4833333333333329 -9.1499999999999968 11.547245941393163 18.700000000000006 20.900000000000002 46.500000000000007 -15.121428571428568 -7.9666666666666659
decision_type=2 8 10 8 10 2 8 8 10 10 10 8 8 8
left_child=1 2 -1 4 5 6 -2 8 -3 -10 11 -9 -13 -14
right_child=3 7 -4 -5 -6 -7 -8 10 9 -11 -12 12 13 -15
leaf_value=3.6509639262337083e-06 -0.011733826318848489 -0.018760176016352249 0.019262167473068591 -0.0079958566331619681 0.016269478050288139 -0.018923533203292649 0.0099547669165284975 0.0055659175163151071 0.0075922331062369796 -0.0080677527056391939 -0.012390305841821719 0.013205544370483161 -0.0075299784489848672 0.00053485603762698508
leaf_weight=20.833016037940979 12.356739722192286 20.582950711250305 17.648583739995956 114.36126684397459 20.207738183438778 14.022718869149683 19.996367640793324 128.78646829724312 26.305838987231255 29.178819619119167 14.534173913300036 15.691996864974497 58.936754159629345 514.18939375132322
leaf_count=99 57 99 80 538 101 74 120 645 122 138 105 69 273 2446
internal_value=-0.000356977 0.000575866 0.0100354 -0.0046201 0.00133148 -0.00612749 0.00120932 6.653e-05 -0.0063898 -0.000629334 0.00077612 0.00112668 0.000117036 -0.000352433
internal_weight=1027.63 846.688 38.4816 180.945 66.5836 46.3758 32.3531 808.206 76.0676 55.4847 732.139 717.605 588.818 573.126
internal_count=4966 4076 179 890 352 251 177 3897 359 260 3538 3433 2788 2719
is_linear=0
shrinkage=0.03


Tree=211
num_leaves=15
num_cat=0
split_feature=22 4 21 20 26 22 21 7 20 7 8 10 8 41
split_gain=3.53366 4.45845 3.59821 4.58887 5.22274 3.55722 8.64019 4.81539 5.86998 5.01607 5.18154 4.87726 4.65346 4.59329
threshold=0.87867647058823539 -79.543537312791713 9.4398681723375208 13.931977605494499 2.0263157894736845 0.67261904761904778 10.455461008585742 0.71048102998130169 10.726394822976831 1.6182856800463972 -9.8999999999999986 -2.7999999999999989 2.4500000000000006 33.500000000000007
decision_type=8 2 10 8 10 10 10 2 8 2 10 10 8 10
left_child=5 -2 -3 4 -4 7 -7 -1 11 10 -10 -9 -11 -8
right_child=1 2 3 -5 -6 6 13 8 9 12 -12 -13 -14 -15
leaf_value=0.0021136222169803008 -0.011141766738274078 -0.0059094519696031109 -0.0032972464850468666 0.014279858831121383 0.013854979457136379 0.0093805518833336692 0.0053771785553260246 -0.0016430927227561712 0.0085674832016235502 -0.00043036969703712561 -0.010782260834135131 -0.018908982457535143 0.011356487034216607 -0.010478154755279422
leaf_weight=446.05255285650492 10.66033850610256 16.291441850364208 46.165769249200821 49.302408669143915 18.399394072592258 26.756913527846336 16.137099787592888 28.455477848649025 11.555572643876074 141.52141603827477 57.859015468508005 28.022233240306377 33.19066870957613 105.60454004257917
leaf_count=2117 51 80 233 249 87 150 90 134 53 667 273 126 162 534
internal_value=-7.74263e-06 0.00432465 0.0059567 0.0078316 0.0022352 -0.00070952 -0.00486895 0.000144611 -0.00276389 -0.000663394 -0.00720185 -0.011051 0.00206248 -0.00824728
internal_weight=1035.97 140.819 130.159 113.868 64.5652 895.155 148.499 746.657 300.604 244.127 69.4146 56.4777 174.712 121.742
internal_count=5006 700 649 569 320 4306 774 3532 1415 1155 326 260 829 624
is_linear=0
shrinkage=0.03


Tree=212
num_leaves=15
num_cat=0
split_feature=21 23 15 11 21 42 21 21 42 16 14 21 23 16
split_gain=3.16665 7.48613 5.23712 3.66347 4.9115 4.76232 4.77129 6.35624 4.72643 4.61309 6.19666 5.67536 5.01294 4.38047
threshold=8.6525525145846167 0.8377192982456142 -2.9499999999999997 26.300000000000001 11.214326086628697 13.500000000000002 10.530906893520621 10.167486305758066 6.5000000000000009 2.1500000000000008 16.100000000000005 15.9812386226897 0.74342105263157909 -1.5499999999999998
decision_type=10 10 8 10 10 10 10 10 8 10 10 10 10 10
left_child=1 2 -1 4 5 6 7 8 -2 12 -11 -12 13 -5
right_child=3 -3 -4 9 -6 -7 -8 -9 -10 10 11 -13 -14 -15
leaf_value=-0.00096432028817702734 -0.012807674299427373 -0.010126087800424325 0.016523080295545278 -0.0065270117893915488 0.0022488261845733421 0.010820093757776416 -0.012658829237708559 0.010616029691134385 0.0027142316049109483 0.0037500668323789468 -0.017996786011230025 0.0011362810193708149 0.015515473980680377 0.0058042615031908742
leaf_weight=22.500797048211098 35.011544041335583 15.900884091854094 40.542461309581995 62.792785637080669 594.40219813585281 13.427846133708952 47.851717956364155 24.202419854700565 28.975822992622852 25.365497805178165 47.012198068201542 18.291577331721783 12.392303116619585 37.273006625473499
leaf_count=109 172 75 218 361 2800 65 230 117 136 118 222 87 57 198
internal_value=0.000542641 0.00612715 0.0106694 4.73675e-05 0.00102565 -0.00375397 -0.00552507 -0.00118278 -0.0060915 -0.00347376 -0.00831734 -0.0129379 0.000619192 -0.00187616
internal_weight=1025.94 78.9441 63.0433 946.999 743.872 149.469 136.042 88.1898 63.9874 203.127 90.6693 65.3038 112.458 100.066
internal_count=4965 402 327 4563 3520 720 655 425 308 1043 427 309 616 559
is_linear=0
shrinkage=0.03


Tree=213
num_leaves=15
num_cat=0
split_feature=22 21 39 10 20 20 39 19 19 19 18 21 13 22
split_gain=5.04702 4.71979 5.04898 3.80251 3.196 3.90816 3.66039 3.5981 8.61598 10.22 6.99244 6.66343 4.19336 5.12853
threshold=0.87867647058823539 9.2240626904385277 224.60148049757098 11.900000000000002 14.690510901226389 15.207819468074643 197.65515678535397 4.5500000000000007 2.6500000000000008 0.81666666666666676 -4.8499999999999988 14.869058084844701 25.900000000000002 0.37980769230769235
decision_type=8 8 2 8 10 10 2 10 8 10 10 10 10 10
left_child=4 -2 -3 -4 6 -6 -1 8 9 12 -11 -10 13 -8
right_child=1 2 3 -5 5 -7 7 -9 11 10 -12 -13 -14 -15
leaf_value=0.0069958551819260216 -0.0105967661333153 -0.0094830608795619994 0.0056711514270213247 0.018367162966667783 0.0098572858781547246 0.00059992198590397424 0.0050562400506626087 0.0018360510516371015 -0.020447987197791766 -0.0089841584831730215 0.013749561694052392 0.00029450005910932746 -0.010030035468423147 -0.0048981660512812473
leaf_weight=35.785508845001459 10.400616802275179 10.725034162402151 94.284499138593674 26.082780830562115 43.678223453462124 266.68420747295022 61.863449804484844 136.03983478248119 38.772888839244843 11.981973700225351 48.476675011217594 20.244722284376621 76.249731622636318 150.61281095072627
leaf_count=182 54 55 444 156 210 1313 279 643 186 57 233 93 355 732
internal_value=0.000448222 0.00560875 0.00723655 0.0090451 -0.000398584 0.00203837 -0.00170883 -0.00233966 -0.00373666 -0.00185317 0.00890199 -0.0138654 -0.00421848 -0.00195028
internal_weight=1031.88 141.493 131.092 120.367 890.39 310.362 580.028 544.242 408.202 349.185 60.4586 59.0176 288.726 212.476
internal_count=4992 709 655 600 4283 1523 2760 2578 1935 1656 290 279 1366 1011
is_linear=0
shrinkage=0.03


Tree=214
num_leaves=15
num_cat=0
split_feature=13 39 39 22 8 8 8 7 7 15 39 39 39 7
split_gain=3.27568 7.27262 5.0677 5.83993 3.7264 5.2328 9.36387 9.16303 5.6582 5.43581 4.35338 5.52628 5.37926 3.54587
threshold=15.633333333333335 1528.1428034840089 823.32704117842866 0.74342105263157909 13.100000000000001 6.9000000000000012 3.9000000000000004 2.3917723984134365 3.3484687459527422 6.0500000000000007 1000.485997771436 1760.3786256114752 386.38807250218537 -0.68353840011144695
decision_type=10 2 2 10 10 10 10 2 2 10 2 2 2 2
left_child=1 2 3 -1 5 6 -2 10 9 -8 12 -12 -7 -4
right_child=4 -3 13 -5 -6 7 8 -9 -10 -11 11 -13 -14 -15
leaf_value=0.0061499672502030103 -2.2196788679377044e-05 0.010241939409733334 -0.027607526852121898 -0.013577497231421664 0.011959346128001621 -4.1842063347460188e-05 0.01652489644004055 0.010628914018491101 -0.006567170712261196 -0.0015456969609917522 0.0086831305144813315 -0.013722060297746613 -0.021225591044175228 -0.0062172706238834644
leaf_weight=27.835048727691174 706.15599818527699 18.009997628629208 12.397193886339666 18.104485455900431 20.7269984818995 14.84437111020088 63.558557577431202 19.572584956884384 13.164259880781172 18.139133282005787 18.022308640182022 12.425979398190973 34.678518190979958 18.137063525617123
leaf_count=134 3294 96 62 93 127 81 341 99 65 89 103 63 173 87
internal_value=0.000145433 -0.00502838 -0.00903247 -0.0021941 0.000700318 0.000376583 0.00119363 -0.00594072 0.00979221 0.012655 -0.0103829 -0.00110625 -0.015462 -0.0175645
internal_weight=1015.77 94.4838 76.4738 45.9395 921.289 900.562 801.018 99.5438 94.862 81.6977 79.9712 30.4483 49.5229 30.5343
internal_count=4907 472 376 227 4435 4308 3789 519 495 430 420 166 254 149
is_linear=0
shrinkage=0.03


Tree=215
num_leaves=15
num_cat=0
split_feature=17 20 19 25 39 15 14 14 24 39 17 13 17 25
split_gain=2.35662 5.07616 3.062 2.76317 5.84834 3.9698 4.98562 5.6057 7.23902 5.27903 4.61198 5.76435 5.15641 4.14404
threshold=-14.249999999999998 13.07287267588881 -0.24999999999999997 -14.316666666666665 870.12226918104568 -2.9499999999999997 25.700000000000006 20.100000000000005 -0.46547619047619043 352.83188082293344 -5.487499999999998 22.450000000000003 -8.8499999999999961 -5.345238095238094
decision_type=8 8 8 8 2 10 10 8 8 2 10 10 10 10
left_child=1 -1 -3 4 -2 6 7 9 -9 -5 12 -12 -10 -8
right_child=3 2 -4 5 -6 -7 13 8 10 -11 11 -13 -14 -15
leaf_value=0.016953551431944387 0.018226617496613192 0.007204071740310505 -0.0097434899398960561 0.013100184190145829 -0.0054723259381315951 0.00025868783089207824 0.0086928052840655277 0.0079204847296796936 -0.014134035495214843 -0.004402450615972258 -0.0016932514305733695 -0.025202262052915762 0.0038081687429201636 -0.0045698060700910051
leaf_weight=16.767029762268066 15.285473868250849 13.3567723557353 15.358921796083452 15.453301966190336 14.089006572961805 688.97296081110835 38.715255051851273 13.170570291578768 26.385232709348202 59.169003240764141 13.150902152061461 36.062588281929493 23.531969927251339 36.73719509691
leaf_count=77 68 63 73 75 64 3369 180 66 120 278 62 169 110 183
internal_value=-0.000324096 0.00600017 -0.00196121 -0.000646342 0.00771719 -0.000943577 -0.0040464 -0.00662341 -0.0107128 -0.000182849 -0.0134499 -0.0196557 -0.0060991 0.00235266
internal_weight=1026.21 45.4827 28.7157 980.723 29.3745 951.349 262.376 186.924 112.301 74.6223 99.1307 49.2135 49.9172 75.4525
internal_count=4957 213 136 4744 132 4612 1243 880 527 353 461 231 230 363
is_linear=0
shrinkage=0.03


Tree=216
num_leaves=15
num_cat=0
split_feature=39 10 19 5 19 5 5 18 39 42 22 27 42 26
split_gain=3.42015 3.78701 3.50377 3.44512 3.08131 2.97327 5.14317 5.30346 3.73351 3.6355 5.76755 3.40741 2.86948 2.75388
threshold=2370.8399259221619 21.700000000000006 12.750000000000002 0.82244396289322841 11.050000000000002 0.71901863368460583 0.76565488278752436 1.2500000000000002 749.77614317895507 4.5000000000000009 0.63961038961038974 9.5000000000000018 4.5000000000000009 2.6076923076923082
decision_type=2 10 8 2 10 2 2 10 2 10 10 2 8 8
left_child=1 2 3 4 5 -1 9 8 -8 -7 -11 -9 -5 -4
right_child=-2 -3 13 12 -6 6 7 11 -10 10 -12 -13 -14 -15
leaf_value=0.001385746223303837 -0.0079681797913366652 -0.0122056403104704 -0.0161733318510584 -0.0011029070115785963 0.01128880284453729 -6.9065313395715754e-05 0.019153673077865526 0.0041432360796197828 -0.00077607728609682658 -0.023136919199690957 -0.00055333421570200395 -0.014110721955534797 0.016550098020632328 0.00036119330844183717
leaf_weight=772.34347117692232 37.203510344028473 14.922453459352253 13.69497539848089 11.825650524348022 20.456494696438313 25.168960317969322 15.302694328129293 14.011987611651422 13.860198289155958 21.542803846299648 16.913568273186684 14.625092878937719 18.73005823418498 17.187022216618065
leaf_count=3514 187 107 66 98 96 131 86 78 78 110 89 87 162 84
internal_value=0.000399605 0.000752314 0.00101172 0.00135453 0.000992496 0.000695345 -0.00357719 0.00280384 0.0109544 -0.00915592 -0.0144109 -0.00589091 0.0105237 -0.00820317
internal_weight=1027.79 990.585 975.663 944.781 914.225 893.769 121.425 57.8 29.1629 63.6253 38.4564 28.6371 30.5557 30.882
internal_count=4973 4786 4679 4529 4269 4173 659 329 164 330 199 165 260 150
is_linear=0
shrinkage=0.03


Tree=217
num_leaves=15
num_cat=0
split_feature=22 13 2 17 10 1 24 12 13 21 7 1 3 10
split_gain=4.13704 7.31918 4.53517 4.47193 7.23258 5.18325 4.35787 5.37742 7.3224 4.26347 4.24597 4.18403 3.81689 5.1754
threshold=0.38675213675213682 33.100000000000009 0.27468016934929712 -5.1624999999999988 -11.966666666666663 49.250000000000007 -0.69139194139194127 23.900000000000002 22.675000000000004 9.3689795483701257 1.6662936069753462 42.250000000000007 0.024712117453311148 -15.099999999999998
decision_type=8 8 2 8 10 2 10 10 10 8 2 2 2 10
left_child=1 6 -2 4 -4 10 -1 9 -9 -8 11 -6 -10 -14
right_child=2 -3 3 -5 5 -7 7 8 12 -11 -12 -13 13 -15
leaf_value=-0.0063260213218410818 -0.016722213845482503 -0.013992560210580023 -0.0064705081134116159 -0.0024506637589013025 -0.003761243999112665 -0.0053607315747577385 0.013704443123247406 -0.0019093795423471753 0.023348846252845768 0.00014750241844134005 0.020178174052413848 0.011217488938213485 0.018133588960706847 -0.0025401925804094329
leaf_weight=31.245183862745762 12.33670452237129 17.86159398406744 43.551149398088455 532.44432120770216 24.174454741179943 19.829727113246918 18.78277426213026 28.940320193767548 28.682312667369843 171.84752434492111 24.185221619904041 38.28281857073307 16.009895220398903 20.436977855861187
leaf_count=146 76 88 195 2667 113 89 85 136 133 781 110 178 80 96
internal_value=-0.000240632 0.00248178 -0.00155695 -0.00116319 0.00333782 0.00746008 0.00361662 0.00479815 0.0104776 0.00179939 0.0105267 0.00557082 0.0157255 0.00763314
internal_weight=1028.61 333.807 694.804 682.468 150.023 106.472 315.945 284.7 94.0695 190.63 86.6425 62.4573 65.1292 36.4469
internal_count=4973 1545 3428 3352 685 490 1457 1311 445 866 401 291 309 176
is_linear=0
shrinkage=0.03


Tree=218
num_leaves=15
num_cat=0
split_feature=17 17 4 11 26 9 15 1 26 15 11 30 18 18
split_gain=3.1496 5.83471 5.43419 6.03202 5.66193 6.96023 5.81135 5.64767 6.21903 5.15694 8.05792 4.91409 4.08252 4.795
threshold=-4.070833333333332 -3.149999999999999 -73.202182564820177 27.300000000000001 2.5166666666666671 3.7000000000000006 -11.649999999999997 40.750000000000007 -0.74166666666666659 -2.3499999999999992 18.100000000000005 3.5000000000000004 -3.2499999999999996 -2.6499999999999999
decision_type=8 10 2 10 8 10 10 2 8 10 10 2 10 10
left_child=2 -2 9 4 5 6 -4 -8 -9 10 -1 12 -3 -14
right_child=1 11 3 -5 -6 -7 7 8 -10 -11 -12 -13 13 -15
leaf_value=-0.00022562028881716671 -0.01060926367049634 -0.0052983965803435574 -0.010507073710537289 -0.0083739543454651438 0.011297004834419467 -0.011348885679076524 -0.0028536853185526772 0.020456711932489401 -0.0031045288971498501 0.0065511940618390926 -0.020628042799775627 0.0089448181415229672 0.012064187671564844 -0.00055588727584040252
leaf_weight=47.122180089354515 51.186054475605488 157.9987413957715 12.384337753057478 23.909715391695499 100.57023636996746 24.16032150387764 22.6242496073246 34.00467187911272 11.98844128847122 27.840663075447083 22.747008636593819 40.920770186930895 23.92423789948225 424.17455976828933
leaf_count=233 233 761 55 109 447 108 103 165 55 130 123 209 123 2106
internal_value=-0.000198242 -0.00133474 0.0022094 0.00470197 0.00638425 0.0013865 0.00562404 0.00905133 0.0146131 -0.00359246 -0.00780196 -0.000525299 -0.00123263 0.0002436
internal_weight=1025.56 698.204 327.352 229.642 205.732 105.162 81.0017 68.6174 45.9931 97.7099 69.8692 647.018 606.098 448.099
internal_count=4960 3432 1528 1042 933 486 378 323 220 486 356 3199 2990 2229
is_linear=0
shrinkage=0.03


Tree=219
num_leaves=15
num_cat=0
split_feature=0 17 18 17 3 19 3 19 19 20 1 16 26 12
split_gain=2.87782 5.81746 7.11886 3.72978 3.53441 7.26045 5.78706 6.10145 5.46278 4.48955 4.7944 5.27683 4.92315 7.84863
threshold=9.2500000000000018 2.0500000000000012 -2.1624999999999996 16.750000000000004 0.025146607476110087 6.6500000000000012 0.024987512487512412 12.350000000000003 2.9500000000000006 6.9526132687311959 43.750000000000007 -3.0499999999999994 4.6125000000000007 26.300000000000001
decision_type=2 10 8 10 2 10 2 10 10 10 2 10 10 10
left_child=4 2 -2 -3 6 8 7 9 -6 -1 11 -11 -12 -14
right_child=1 3 -4 -5 5 -7 -8 -9 -10 10 12 -13 13 -15
leaf_value=0.012919330543608835 0.013662815817728819 0.015031728483539671 -0.013779387769487327 -0.0053014842120728952 -0.0028076123251875459 0.0079467636470241174 0.011718106544367285 -0.013428140289434776 -0.014148521672293381 0.0036313915841711232 0.00010529714949896761 -0.0045567196645104743 0.018026902696729543 0.0011587970033495167
leaf_weight=20.960760191082954 8.3390701040625554 39.31793312728405 19.499328892678026 7.2796446532011023 169.21595648676157 38.726258181035519 35.936218872666359 23.748918153345585 45.869510754942894 95.108626551926136 186.03327969461679 241.54405994713306 38.238215833902359 60.051144078373909
leaf_count=94 64 344 130 56 790 181 154 112 215 437 851 1096 175 276
internal_value=0.000124128 0.00561129 -0.00473033 0.0116493 -0.000330353 -0.0033282 0.000769995 9.60213e-05 -0.00549268 0.000696274 0.000183791 -0.00222418 0.00302412 0.00827609
internal_weight=1029.87 74.436 27.8384 46.5976 955.433 253.812 701.621 665.685 215.085 641.936 620.975 336.653 284.323 98.2894
internal_count=4975 594 194 400 4381 1186 3195 3041 1005 2929 2835 1533 1302 451
is_linear=0
shrinkage=0.03


Tree=220
num_leaves=15
num_cat=0
split_feature=16 39 16 21 12 22 21 39 21 23 30 30 23 1
split_gain=2.35456 4.64164 4.38522 4.53453 4.44002 2.51025 4.69043 5.74074 4.42457 4.41338 4.29168 4.48395 5.28753 3.99315
threshold=-7.0499999999999989 819.02072968314258 -7.7499999999999991 15.699433809550856 16.675000000000004 0.37980769230769235 11.75915703639121 341.52414294395652 9.7091022585338127 0.39642857142857152 -1.0000000180025095e-35 2.5000000000000004 0.8377192982456142 37.250000000000007
decision_type=10 2 8 10 10 8 10 2 10 10 2 2 10 2
left_child=1 -1 3 4 -3 6 7 -2 9 -9 -8 12 -12 -7
right_child=5 2 -4 -5 -6 13 10 8 -10 -11 11 -13 -14 -15
leaf_value=-0.0090470197845501522 0.011790198274829035 0.022253678125780434 -0.0097583056576377065 -0.004414163224428027 0.0001613126230502432 -0.007635661011503387 -0.0036394543044026475 0.013652803139646142 -0.011050606439072238 -0.0056584692771801583 0.012309771397080871 -0.0046592312111647226 -0.0033512289974138719 0.00067127782590437415
leaf_weight=59.291133116930723 17.039392173290253 15.213724464178087 15.194473952054976 17.900399215519428 13.884717106819151 52.150310948491096 31.41014763712883 13.227692879736422 45.962994024157524 21.085464648902416 116.07808099687099 19.023193091154099 20.887684196233749 582.14205646142364
leaf_count=297 78 86 72 90 69 253 145 60 216 102 535 89 97 2842
internal_value=0.000466781 -0.00337525 0.0023027 0.00676534 0.0132814 0.000990179 0.00330386 -0.00197495 -0.00541672 0.00257561 0.00602521 0.00802389 0.00988751 -6.60808e-05
internal_weight=1040.49 121.484 62.1933 46.9988 29.0984 919.007 284.715 97.3155 80.2762 34.3132 187.399 155.989 136.966 634.292
internal_count=5031 614 317 245 155 4417 1322 456 378 162 866 721 632 3095
is_linear=0
shrinkage=0.03


Tree=221
num_leaves=15
num_cat=0
split_feature=24 4 8 3 39 8 41 14 3 15 3 42 11 20
split_gain=3.57591 4.75898 4.36926 5.81373 5.1333 4.91386 5.83329 4.70815 4.55548 7.07095 6.80173 6.56677 5.57218 5.09979
threshold=-0.36038961038961032 -162.67920514383283 -6.8999999999999995 0.017853837271753051 423.60224223683105 -10.299999999999999 72.500000000000014 19.500000000000004 0.025126895938511699 -0.74999999999999989 0.042062580285865299 3.5000000000000004 22.100000000000005 12.947114606235887
decision_type=8 2 10 2 2 8 8 10 2 10 2 8 10 10
left_child=-1 -2 4 7 -3 6 -6 -4 -5 12 11 -11 -10 -12
right_child=1 2 3 8 5 -7 -8 -9 9 10 13 -13 -14 -15
leaf_value=-0.0045365023053437108 0.014344405138692945 0.0054416464428310631 0.0037922566725874379 0.0034605299447755208 0.005091773734504315 -0.013246994104174086 -0.01436812814544907 -0.014357806094303097 0.012684701522851907 -0.018134646011390552 0.014838377658932646 -0.0029221526006256437 -0.0036493998746618345 -0.0055468582889533569
leaf_weight=147.32214266061783 16.613225169479847 32.004461206495762 16.90219621360302 461.75139651447535 40.525854974985123 57.837873548269272 14.954626500606535 32.592595040798187 38.548553086817265 40.594227328896523 17.593004055321217 63.474161449819803 29.930942215025425 17.738403461873531
leaf_count=703 83 146 82 2236 180 257 66 170 179 205 84 329 154 90
internal_value=-0.000291566 0.000439822 9.16453e-05 0.00105732 -0.00456319 -0.0074994 -0.000907785 -0.00838041 0.00181184 -0.00184559 -0.00566351 -0.00941544 0.00578288 0.00518496
internal_weight=1028.38 881.062 864.448 719.125 145.323 113.318 55.4805 49.4948 669.631 207.879 139.4 104.068 68.4795 35.3314
internal_count=4964 4261 4178 3529 649 503 246 252 3277 1041 708 534 333 174
is_linear=0
shrinkage=0.03


Tree=222
num_leaves=15
num_cat=0
split_feature=15 7 30 18 14 22 14 1 4 11 0 39 1 19
split_gain=3.05729 5.80831 7.4487 5.80374 5.47443 5.23558 4.57629 4.37616 4.15825 4.73519 4.61403 4.6017 4.5749 8.07157
threshold=-4.9499999999999993 -0.46728143994632315 1.0000000180025095e-35 3.2500000000000004 30.900000000000002 0.21825396825396828 27.450000000000003 44.750000000000007 312.24555280508383 27.100000000000005 -6.7499999999999991 1782.34303976501 43.750000000000007 5.1500000000000012
decision_type=10 2 2 10 10 8 10 2 2 10 2 2 2 8
left_child=1 2 5 6 8 -1 -3 -5 9 10 -2 -11 -12 -14
right_child=4 3 -4 7 -6 -7 -8 -9 -10 11 12 -13 13 -15
leaf_value=0.0045828932650436782 -0.0089439718558397118 0.014542931794261986 0.015297717480191982 0.007651582490028939 -0.012273548586577272 -0.011169312610526026 -0.0025081125834713366 -0.010569203522673128 0.01337102583556854 -0.0023903267281558242 -0.00080275562573102455 -0.015183445228258716 0.0014952622125900135 0.014174627975357797
leaf_weight=25.100852563977242 35.630851231515408 71.894900940358639 12.969541803002356 17.631174519658089 29.499759562313557 51.927156761288643 15.730654105544088 20.21746464073658 15.20935909450054 143.38368321955204 326.37958341836929 26.492393463850021 188.46892886608839 55.053571850061417
leaf_count=114 203 331 61 84 162 242 71 100 150 709 1532 127 864 256
internal_value=0.00026424 0.00340145 -0.00234738 0.00745679 -0.000575623 -0.00606973 0.0115118 -0.00217893 -6.47582e-05 -0.000412274 0.000837147 -0.00476251 0.00152114 0.00458922
internal_weight=1035.59 215.472 89.9976 125.474 820.118 77.028 87.6256 37.8486 790.618 775.409 605.533 169.876 569.902 243.523
internal_count=5006 1003 417 586 4003 356 402 184 3841 3691 2855 836 2652 1120
is_linear=0
shrinkage=0.03


Tree=223
num_leaves=15
num_cat=0
split_feature=16 13 4 14 23 11 26 21 14 9 19 18 16 7
split_gain=3.5963 6.22514 6.38026 5.3073 5.58872 7.80749 6.6133 5.77509 4.40537 11.5209 4.60637 6.39694 6.56536 5.83934
threshold=3.3500000000000001 26.100000000000005 201.27852288651312 18.900000000000002 0.73431372549019625 17.900000000000002 1.5192307692307694 12.314851016376752 19.900000000000002 0.70000000000000007 -2.1499999999999999 -1.6333333333333331 2.7500000000000004 -2.8633518109865777
decision_type=10 10 2 10 8 8 10 10 10 10 10 10 10 2
left_child=3 2 -2 4 5 -1 7 -7 9 -5 13 -12 -13 -10
right_child=1 -3 -4 8 -6 6 -8 -9 10 -11 11 12 -14 -15
leaf_value=0.0045893276029270831 0.0062723938879734979 -0.0055461893510092789 -0.010805413511169074 0.023361247082043284 0.0019527077020508236 -0.015851255307070596 -0.025141165059586044 0.0066157837113124326 -0.019011201632724045 -0.0049731861656171147 -0.0042633360065370673 0.0043097000444618097 -0.01478756991152381 -0.0026847324708075678
leaf_weight=19.202423110604286 212.97715233266354 62.823529653251171 17.111851472407579 19.015357799828053 41.172988750040531 16.159957051277161 30.501016698777676 16.004377953708172 19.871669583022594 24.893009319901466 155.84982616454363 267.6114710457623 12.383375748991964 106.62868470698595
leaf_count=87 965 298 97 100 191 83 140 79 101 114 758 1339 58 542
internal_value=-0.000256729 0.00252473 0.00479951 -0.00138345 -0.00693336 -0.0112575 -0.0160937 -0.00528602 -0.000209585 0.00843138 -0.000952638 0.000526396 0.00322046 -0.00587476
internal_weight=1022.21 292.913 230.089 729.294 123.041 81.8678 62.6654 32.1643 606.253 43.9084 562.345 435.845 279.995 126.5
internal_count=4952 1360 1062 3592 580 389 302 162 3012 214 2798 2155 1397 643
is_linear=0
shrinkage=0.03


Tree=224
num_leaves=15
num_cat=0
split_feature=4 17 25 15 4 17 19 17 14 24 21 35 21 41
split_gain=3.59328 6.95038 7.03981 4.87066 4.95455 7.83827 5.59593 5.44552 4.69776 4.25682 4.62106 6.62043 9.73767 8.57242
threshold=114.68810251321464 -10.649999999999997 -2.5857142857142854 9.9500000000000011 183.63489596530863 5.0500000000000016 3.0500000000000003 11.250000000000002 23.100000000000005 -0.05000000000000001 11.321562514855357 1.0000000180025095e-35 17.223691391554354 70.500000000000014
decision_type=2 10 8 10 2 10 10 10 10 8 8 2 10 10
left_child=9 -2 8 4 -4 6 -6 -7 -3 10 -1 12 -12 -13
right_child=1 2 3 -5 5 7 -8 -9 -10 -11 11 13 -14 -15
leaf_value=-0.0042186176141405822 0.021335129866282478 -0.021220770513144211 0.0095605206297420271 -0.0084084427909923345 -0.011694544132790851 0.016042127388695815 0.0056658739413020581 -0.0036047290801181132 -0.0015050337874082142 -0.0035405825114447763 0.0096382869506182623 -0.0067537589561205069 -0.0066794891301133474 0.01434545429169661
leaf_weight=105.79038436710835 12.264269083738325 12.57917609810829 107.12121623009443 22.408913239836693 43.76591394841671 30.844117701053619 21.711101204156876 17.24260475859046 30.763198249042034 331.14671444892883 150.54270423948765 89.02291151881218 37.911410801112652 16.389737814664841
leaf_count=490 62 61 531 135 265 228 130 122 152 1460 680 413 172 75
internal_value=8.28036e-05 0.00282786 0.001683 0.00369761 0.00508594 0.000640027 -0.00594454 0.0093213 -0.00883011 -0.00105077 0.00103049 0.0029591 0.00626784 -0.00297215
internal_weight=1029.5 298.701 286.436 243.094 220.685 113.564 65.477 48.0867 43.3424 730.804 399.657 293.867 188.454 105.413
internal_count=4976 1686 1624 1411 1276 745 395 350 213 3290 1830 1340 852 488
is_linear=0
shrinkage=0.03


Tree=225
num_leaves=15
num_cat=0
split_feature=18 30 19 8 19 20 17 18 11 25 13 23 5 1
split_gain=4.65659 6.30572 4.57476 6.23006 4.99965 5.88908 4.35701 3.99928 3.83393 4.91887 4.40592 5.54594 3.44123 3.30668
threshold=-3.2499999999999996 1.0000000180025095e-35 5.3500000000000005 2.3000000000000003 3.1500000000000008 8.8248386828189549 -0.54999999999999993 -2.816666666666666 14.700000000000001 -1.7596153846153844 14.500000000000002 0.32738095238095244 0.4945727418459705 43.750000000000007
decision_type=8 2 8 8 10 8 10 10 10 8 10 10 2 2
left_child=1 2 4 -4 5 -1 -3 13 -7 12 -11 -12 -10 -2
right_child=7 6 3 -5 -6 8 -8 -9 9 10 11 -13 -14 -15
leaf_value=0.012005370466926719 0.016597174258413977 0.015239329247238051 0.0097241665906456897 -0.012088233109713535 -0.01901656396017835 -0.016133829721397978 -0.0022985335910813221 1.7691496541325472e-05 -0.0052800714293006678 0.0035507979057130563 0.003556470698167476 -0.0163496585429652 0.012584684682647477 -0.0015979810724840362
leaf_weight=11.109826289117334 19.429246544837952 18.436266764998436 29.717394031584263 12.980168849229811 27.430745594203472 30.255946427583694 25.517145588994026 721.35408164188266 13.269290372729303 19.744820617139339 14.462795816361902 48.037148855626583 17.477285847067833 12.93910765647888
leaf_count=54 94 88 136 65 133 136 127 3515 62 98 79 224 77 62
internal_value=-0.000699873 -0.00405401 -0.00608113 0.00252108 -0.00811498 -0.00564179 0.00586289 0.000513548 -0.0073692 -0.00443804 -0.00813867 -0.0118211 0.00521466 0.0100831
internal_weight=1022.16 268.439 224.485 42.6976 181.788 154.357 43.9534 753.722 143.247 112.991 82.2448 62.4999 30.7466 32.3684
internal_count=4950 1279 1064 201 863 730 215 3671 676 540 401 303 139 156
is_linear=0
shrinkage=0.03


Tree=226
num_leaves=15
num_cat=0
split_feature=4 4 40 7 5 24 20 10 4 41 41 39 7 22
split_gain=3.41156 3.30374 4.49117 3.35349 2.91697 5.07241 4.52127 3.57838 5.33655 5.28867 7.52513 6.73155 6.01711 5.5738
threshold=-247.45559019539778 -162.67920514383283 1.0000000180025095e-35 -0.562878585543649 0.46972841062259757 -0.10357142857142858 14.573949361789339 -0.79999999999999927 121.36083147226681 54.500000000000007 48.500000000000007 469.22151150202018 -2.2015263640267082 0.71651785714285732
decision_type=2 2 2 2 2 8 10 8 2 10 10 2 2 8
left_child=-1 2 3 -2 5 -3 -7 8 9 10 11 -6 -11 -14
right_child=1 4 -4 -5 7 6 -8 -9 -10 12 -12 -13 13 -15
leaf_value=-0.012091285132675171 0.020653785873303829 0.00050441486263824828 -0.0050217134864472468 0.00087721365303573991 -0.012121977267601246 -0.014282099522901218 0.0001288699331113306 -0.00032625236449191074 0.012937569376838596 -0.0056361816621525434 -0.019029791174118002 0.0085278217704489231 0.0044857363761688389 0.020178872694884359
leaf_weight=14.098265163600443 18.373195841908455 166.43106131255627 13.222295418381689 12.207962587475778 16.790317595005035 44.649192221462727 32.220673263072968 462.96757981553674 44.472154974937439 32.944105133414268 17.761083826422691 36.026099056005478 95.697706788778305 22.621167495846748
leaf_count=78 88 761 71 67 72 199 142 2395 219 148 78 156 409 97
internal_value=0.000475864 0.00070852 0.0083259 0.0139917 0.000324616 -0.00248821 -0.00860265 0.00127358 0.00400954 0.00197403 -0.00459683 0.00148265 0.00508891 0.00818259
internal_weight=1030.48 1016.38 43.8035 30.5812 972.581 243.301 76.8699 729.28 266.313 221.84 70.5775 52.8164 151.263 118.319
internal_count=4980 4902 226 155 4676 1102 341 3574 1179 960 306 228 654 506
is_linear=0
shrinkage=0.03


Tree=227
num_leaves=15
num_cat=0
split_feature=13 24 10 20 10 17 21 1 25 21 21 1 17 23
split_gain=4.63719 4.07369 3.52805 3.35654 3.33282 4.49235 5.81705 5.63996 4.7639 6.76381 6.5332 6.67293 6.12266 5.67203
threshold=13.700000000000001 0.22222222222222227 21.700000000000006 14.357537409557478 -12.699999999999998 -5.9499999999999984 9.9331093652320721 47.750000000000007 9.8284313725490211 10.911003260817205 8.7565848238784021 44.250000000000007 -4.6499999999999986 0.72902097902097907
decision_type=10 8 10 10 8 10 10 2 8 8 8 2 10 10
left_child=1 3 4 -1 -2 6 -6 -8 10 -10 -7 12 -12 -13
right_child=2 -3 -4 -5 5 8 7 -9 9 -11 11 13 -14 -15
leaf_value=-0.0081060683510642082 -0.0041774664581539006 0.018886707645752197 -0.013558444748357903 0.010173129678866442 -0.0080418625932853344 0.011137714136602138 0.01175904160808902 -0.0032868476505696549 -0.020325889252131673 -0.0018744288404236931 -0.016576128538373362 0.0014695919264763959 -0.001623383418261672 0.013255093516094206
leaf_weight=13.141368962824346 132.34535803645849 17.226977854967117 12.172608431428669 13.095474220812319 19.302494443953037 46.498054921627045 89.416296824812889 26.95981689542532 18.144512079656124 84.177537210285664 22.130726844072342 206.18206682801247 288.5285993181169 40.174651682376862
leaf_count=59 645 104 89 64 88 241 413 123 92 425 100 988 1380 182
internal_value=0.000366258 0.00942614 -7.86392e-05 0.00118554 0.000158245 0.000860771 0.0057561 0.00828168 -0.000114098 -0.0059409 0.000914497 -3.04016e-05 -0.00293428 0.00361695
internal_weight=1029.5 43.4638 986.033 26.2368 973.86 841.515 135.679 116.376 705.836 102.322 603.514 557.016 310.659 246.357
internal_count=4993 227 4766 123 4677 4032 624 536 3408 517 2891 2650 1480 1170
is_linear=0
shrinkage=0.03


Tree=228
num_leaves=15
num_cat=0
split_feature=18 10 18 22 42 11 1 18 8 2 18 21 21 15
split_gain=3.04354 4.21221 3.40757 2.5722 5.63411 4.71997 4.91872 4.53421 4.19002 2.88782 2.63846 5.87769 4.15582 5.74027
threshold=-8.1499999999999968 2.8000000000000003 -10.149999999999997 0.23205128205128209 3.5000000000000004 15.100000000000001 42.250000000000007 1.1500000000000001 -8.0999999999999979 0.25215331592729229 -6.2499999999999991 11.681419244062569 10.530906893520621 1.1500000000000001
decision_type=8 8 10 8 8 8 2 8 10 2 10 8 8 10
left_child=1 2 -1 4 7 -6 -7 -2 -8 -5 11 -11 13 -12
right_child=3 -3 -4 9 5 6 8 -9 -10 10 12 -13 -14 -15
leaf_value=-0.0009153918623679109 -0.010530361577669824 0.0036285457708488248 -0.018300645148794741 -0.010588848319815434 0.017379822709941355 -0.0052096195631263506 -0.0010313760731687355 0.0057850524302728345 0.018124061626780041 -0.0089588428788401116 -0.0010758800818432147 0.012058594538605857 -0.0013664001244300538 0.010922419604152534
leaf_weight=17.270091466605663 29.853425770998001 23.126011453568935 21.666164547204971 18.057683065533638 29.4206203520298 29.964055627584457 16.866763338446617 23.063776701688766 19.412652239203453 12.484600037336348 78.598187953233719 37.810988448560238 605.03447457402945 59.818589571863413
leaf_count=78 138 117 98 110 134 136 82 109 90 59 383 180 2910 315
internal_value=0.000121563 -0.00605911 -0.0115712 0.000550285 0.00411059 0.00830463 0.00333721 -0.00353382 0.0101722 -0.000122517 0.000180385 0.00650321 -0.000287951 0.00430936
internal_weight=1022.45 62.0623 38.9363 960.386 148.581 95.6641 66.2435 52.9172 36.2794 811.805 793.747 50.2956 743.451 138.417
internal_count=4939 293 176 4646 689 442 308 247 172 3957 3847 239 3608 698
is_linear=0
shrinkage=0.03


Tree=229
num_leaves=15
num_cat=0
split_feature=29 18 39 39 26 1 21 15 14 25 9 21 39 0
split_gain=2.93409 5.62987 3.79762 8.26252 8.55349 6.98268 4.58876 4.75373 3.92773 4.56135 4.2025 7.24174 6.05427 5.1585
threshold=13.500000000000002 1.4500000000000002 1782.34303976501 1498.7265836129675 -3.6396103896103891 46.750000000000007 12.016655108639837 1.1500000000000001 18.450000000000003 11.275000000000002 -6.2999999999999998 13.734991772020303 312.99475277887353 6.2500000000000009
decision_type=2 10 2 2 8 2 10 8 8 10 8 10 2 2
left_child=2 -2 3 8 -5 6 7 -4 -1 10 11 12 -10 -14
right_child=1 -3 5 4 -6 -7 -8 -9 9 -11 -12 -13 13 -15
leaf_value=-0.0032945674299764199 -0.013130494636999512 0.0049744894863080879 -0.015379924028525293 -0.0064257016903848238 0.017266036196986377 -0.014193544386663329 0.0049499205522680213 0.0058112929901102421 0.018192775419335793 -0.0095258604845152479 0.0036543298676115932 -0.0090813588024221455 0.0064392512153979339 -0.010389429191108322
leaf_weight=199.64223372191191 34.930905170738697 21.766715928912163 21.16338325291872 15.700552545487879 46.487414568662643 38.283183038234711 63.045103557407856 11.637858137488363 15.396775417029856 26.920190319418907 414.92705165594816 67.005030937492847 33.51825837790966 23.570359077304602
leaf_count=932 162 107 101 83 218 182 305 59 95 151 1958 335 147 162
internal_value=5.99175e-06 -0.00633998 0.000404549 0.00115616 0.0112515 -0.00419197 0.000308534 -0.00808713 0.000285817 0.001533 0.00215031 -0.00229517 0.00415914 -0.000785989
internal_weight=1034 56.6976 977.297 843.168 62.188 134.13 95.8463 32.8012 780.98 581.338 554.417 139.49 72.4854 57.0886
internal_count=4997 269 4728 4081 301 647 465 160 3780 2848 2697 739 404 309
is_linear=0
shrinkage=0.03


Tree=230
num_leaves=15
num_cat=0
split_feature=8 8 41 27 41 0 27 27 8 15 19 39 5 0
split_gain=3.16175 4.65474 6.20343 6.21177 4.8652 4.03228 4.48571 4.17959 3.91386 10.0128 7.1577 3.82241 3.71172 3.20001
threshold=-7.6999999999999984 -10.299999999999999 75.500000000000014 5.5000000000000009 72.500000000000014 -7.7499999999999991 10.500000000000002 13.500000000000002 -4.4999999999999991 -1.0499999999999998 -1.3374999999999997 870.12226918104568 0.50292323860778887 -6.7499999999999991
decision_type=8 10 8 2 10 2 2 2 8 10 10 2 2 2
left_child=1 4 3 -3 5 -1 11 -8 9 10 12 -7 -2 -10
right_child=8 2 -4 -5 -6 6 7 -9 13 -11 -12 -13 -14 -15
leaf_value=-0.0086912157514371872 0.00031588509120074841 -0.025962155393209146 0.0071968309610681161 -0.0055352544491612029 -0.010924791196562582 0.01980464869369597 -0.011215009877088207 0.0063459472331569775 -0.011505816300387177 0.02063255029018218 -0.0052440564116843962 0.00050239251070339141 0.018190390152784536 0.00061754859834497707
leaf_weight=14.767354667186735 18.493080884218216 16.610210180282593 14.7320699095726 45.61972650885582 20.438878566026688 23.097043484449387 14.786934480071066 26.820976406335831 15.166664227843283 26.632871299982071 59.426863759756088 14.149254888296126 19.607286684215069 689.64213942736387
leaf_count=84 82 76 68 217 92 104 69 124 90 120 274 63 92 3381
internal_value=0.000355061 -0.00307543 -0.00853118 -0.0125129 0.000809499 0.00379525 0.00651245 -0.000428606 0.00115926 0.0059604 0.00114291 0.0133993 0.0105576 0.000277457
internal_weight=1019.99 191.022 76.962 62.2299 114.06 93.6216 78.8542 41.6079 828.969 124.16 97.5272 37.2463 38.1004 704.809
internal_count=4936 897 361 293 536 444 360 193 4039 568 448 167 174 3471
is_linear=0
shrinkage=0.03


Tree=231
num_leaves=15
num_cat=0
split_feature=14 9 4 14 9 42 26 10 24 7 20 10 15 20
split_gain=3.79172 3.69898 2.83954 5.80884 4.88196 5.94769 7.24021 5.91631 4.25595 4.6137 4.48826 4.07266 6.70302 3.96752
threshold=10.900000000000002 16.300000000000001 74.972121389527857 15.450000000000001 1.9000000000000001 13.500000000000002 -0.74166666666666659 6.1000000000000023 0.13284313725490199 -2.2015263640267082 18.604808190266084 -16.499999999999996 -10.149999999999997 17.195768176089306
decision_type=10 10 2 10 10 8 10 10 10 2 10 8 8 10
left_child=-1 2 8 -4 -5 6 -6 -8 10 -10 11 12 -2 -13
right_child=1 -3 3 4 5 -7 7 -9 9 -11 -12 13 -14 -15
leaf_value=-0.011991512948834587 0.011352808218048231 0.011712036274958641 0.012610538187260469 -0.00096286639224680236 0.0046790583427921079 0.0072588619302324511 -0.020608075941599625 0.0016550003510423211 -0.017534234685713981 0.00053127697616113523 -0.0076957275789980469 0.0027575580370865853 -0.011077638563145061 0.013318265766528619
leaf_weight=18.768973350524902 12.120789036154745 19.227095030248165 18.082634449005127 294.58788176625967 16.526584230363369 14.19260500371456 49.376239530742168 12.507071919739245 16.871210917830467 29.741652876138687 35.562157183885574 424.50054533034563 37.769890867173672 30.26668992638588
leaf_count=83 58 93 93 1636 82 67 226 64 76 127 159 1884 197 134
internal_value=-0.000147599 0.00013012 -0.000151943 -0.00206924 -0.00290685 -0.00872493 -0.0118798 -0.0163212 0.00117846 -0.00707261 0.00194873 0.00269719 -0.00509049 0.00359761
internal_weight=1030.1 1011.33 992.106 405.273 387.19 92.6025 78.4099 61.8833 586.833 46.6129 540.22 504.658 49.8907 454.767
internal_count=4979 4896 4803 2168 2075 439 372 290 2635 203 2432 2273 255 2018
is_linear=0
shrinkage=0.03


Tree=232
num_leaves=15
num_cat=0
split_feature=0 17 17 41 17 3 21 24 24 43 24 42 20 20
split_gain=4.53865 3.679 3.74609 4.70077 3.89637 5.92575 4.34444 5.52303 5.12554 3.28995 6.37696 4.63196 4.38705 6.48887
threshold=-9.2499999999999982 -13.949999999999998 -11.949999999999998 63.500000000000007 -5.8499999999999988 0.020147824934456774 11.509657757640015 -0.12499999999999996 -0.28869047619047611 1.0000000180025095e-35 0.37797619047619052 1.0000000180025095e-35 10.157919642517044 9.6104686159179398
decision_type=2 10 10 10 10 2 10 10 8 2 8 8 10 8
left_child=-1 -2 3 -3 5 -4 8 -8 -7 12 11 -11 13 -6
right_child=1 2 4 -5 9 6 7 -9 -10 10 -12 -13 -14 -15
leaf_value=-0.011874651176929671 0.0073965073389241588 -0.020240304190588185 0.021105490998045272 0.00090276747639826574 0.00049434890547798657 -0.017750539480648461 0.011078849926937296 -0.0021466635822408359 0.0024977961862243788 0.0012475871605654308 0.0078639186719827708 -0.015251004082596819 -0.0011939921634048004 0.015701521049675225
leaf_weight=24.043221205472946 54.429587550461292 13.700334772467611 11.968024507164953 18.338359735906124 83.916648760437965 13.765709549188612 59.538037776947021 48.306198388338089 25.516314648091793 20.862070940434933 18.646191976964474 46.035907298326492 566.70497078821063 31.336486145853996
leaf_count=141 248 66 55 84 407 67 273 222 119 97 89 214 2789 150
internal_value=-0.000181526 0.000152945 -0.000294575 -0.00965021 7.89699e-05 0.00427692 0.0022593 0.00532217 -0.00580095 -0.000813265 -0.00618628 -0.010377 -9.91579e-05 0.00511
internal_weight=1037.11 1013.06 958.635 32.0387 926.597 159.094 147.126 107.844 39.282 767.502 85.5442 66.898 681.958 115.253
internal_count=5021 4880 4632 150 4482 736 681 495 186 3746 400 311 3346 557
is_linear=0
shrinkage=0.03


Tree=233
num_leaves=15
num_cat=0
split_feature=7 18 7 22 18 39 39 17 19 20 2 8 8 12
split_gain=2.86812 6.73161 7.25955 5.98787 7.27465 5.34556 6.76852 5.1232 5.10057 5.29877 5.60469 4.53623 4.93664 6.02378
threshold=0.71048102998130169 -5.5499999999999989 0.83763710113104484 0.58012820512820518 -2.6499999999999999 653.09455060791231 1163.3188304630321 14.250000000000002 2.3375000000000004 11.548929724341464 0.48490255846020164 11.500000000000002 6.9000000000000012 17.900000000000002
decision_type=2 8 2 8 10 2 2 8 10 8 2 10 8 8
left_child=11 5 -3 4 -4 -2 -7 -5 9 -6 -11 12 -1 -14
right_child=1 2 3 7 8 6 -8 -9 -10 10 -12 -13 13 -15
leaf_value=0.0025086549470450257 -0.018539525246815961 -0.016945710423404266 0.0090925512510822478 0.0076951970259454853 -0.011170184786622385 0.010260248186920408 -0.012794019435022749 -0.01078931802110027 -0.011159354821582746 -0.0024362105309333683 0.014264548950743632 0.011618583766920959 0.011252169178305516 -0.0091854139530397443
leaf_weight=500.30184865742922 27.421232849359512 15.114985972642897 38.194881394505501 136.35631458088756 23.654816463589668 17.813197158277035 18.109844572842121 10.556668922305105 61.315781608223915 44.321561358869076 24.244110763072968 37.385790280997753 11.550283309072254 63.333062417805195
leaf_count=2383 131 73 177 672 112 84 85 54 292 209 112 226 83 306
internal_value=0.000835683 -0.00107554 0.000581681 0.00159917 -0.00188263 -0.0096961 -0.00150523 0.00605556 -0.00481356 -0.000237432 0.00403716 0.00213522 0.00142401 -0.00552607
internal_weight=1029.67 417.103 353.759 338.644 191.731 63.3443 35.923 146.913 153.536 92.2205 68.5657 612.571 575.185 74.8833
internal_count=4999 2001 1701 1628 902 300 169 726 725 433 321 2998 2772 389
is_linear=0
shrinkage=0.03


Tree=234
num_leaves=15
num_cat=0
split_feature=2 21 19 19 25 25 18 27 13 21 39 2 18 21
split_gain=2.9039 3.88 2.99148 4.88864 4.85039 3.4423 5.1892 4.89668 4.13016 6.46363 5.65122 5.36416 5.11104 5.7768
threshold=0.82461063744049479 11.612254063894946 -8.6499999999999968 -7.2499999999999991 1.607692307692308 -0.36931818181818177 -5.5499999999999989 15.500000000000002 19.100000000000005 9.0853973190193873 601.8547407139389 0.58561929300278348 -1.4499999999999997 15.582931809022485
decision_type=2 10 10 10 8 8 8 2 10 8 2 2 10 10
left_child=2 -2 4 -4 -1 6 -5 -8 10 -10 -7 -12 -11 -14
right_child=1 -3 3 5 -6 8 7 -9 9 12 11 -13 13 -15
leaf_value=-0.014161515335621908 -0.0057917177225682492 0.01377025237488877 0.0097460730151398122 -0.0067123373155346441 0.0028273838366038519 -0.0059883408322197523 0.00080305250289751699 0.010397054054693941 0.0086698397444052513 -0.014082075336072185 0.013058474390453248 -0.0001183553972766736 -0.0073738232784722364 0.0030033753271169056
leaf_weight=32.581454657018185 10.39812061563134 21.77996864169836 34.415652841329575 63.491100080311298 22.930291131138802 65.704548887908459 314.7854440882802 51.694852113723755 24.133114889264107 55.868928499519825 38.883653700351715 75.646201752126217 143.19676791876554 68.245002575218678
leaf_count=148 104 200 168 294 109 306 1440 247 127 262 166 383 679 323
internal_value=-0.000719558 0.00752016 -0.00102334 -0.000602077 -0.00749013 -0.00104863 0.00088863 0.00227809 -0.00280539 -0.00498366 0.00075637 0.00471438 -0.00635287 -0.00403247
internal_weight=1023.76 32.1781 991.577 936.065 55.5117 901.65 429.971 366.48 471.678 291.444 180.234 114.53 267.311 211.442
internal_count=4956 304 4652 4395 257 4227 1981 1687 2246 1391 855 549 1264 1002
is_linear=0
shrinkage=0.03


Tree=235
num_leaves=15
num_cat=0
split_feature=1 8 22 14 13 14 22 22 42 2 7 30 12 17
split_gain=3.44917 4.76043 5.48727 5.86085 6.68798 4.13373 6.0979 5.71156 4.10585 3.51056 3.12158 3.04603 4.45423 7.28162
threshold=46.750000000000007 3.1000000000000005 0.41287878787878796 17.633333333333336 24.700000000000006 22.100000000000005 0.81534090909090928 0.70710784313725505 1.0000000180025095e-35 0.56105463729233029 -1.0219359560545989 2.5000000000000004 26.700000000000006 -4.1499999999999986
decision_type=2 8 10 10 10 10 8 8 10 2 2 2 8 10
left_child=11 2 8 -4 9 7 -7 -3 -2 -5 -10 12 -1 -14
right_child=1 5 3 4 -6 6 -8 -9 10 -11 -12 -13 13 -15
leaf_value=0.0025456336479851185 0.0062559331248130652 -0.014325227169387339 0.0058495799751198379 0.0054824928224483675 -0.02303242853284776 0.012098679599163133 -0.0069014212537052188 0.0033254534841629575 0.0039050835680913389 -0.011582055217412327 -0.012404865626700847 -0.0049849210512784622 0.0021531645871643713 -0.013102397410255479
leaf_weight=567.80005368962884 37.264854080975056 23.072240419685841 12.203542292118071 15.340312406420706 35.545441396534443 44.745300401002169 18.052289471030235 36.521014615893364 13.369945034384726 19.619374513626099 24.791452214121819 67.830338809639215 68.33027695119381 41.558549530804157
leaf_count=2764 175 101 57 68 167 234 101 177 62 94 123 335 319 192
internal_value=-0.000212045 -0.00301751 -0.00637675 -0.0114795 -0.0146677 0.00140272 0.0065306 -0.00408812 -0.000415495 -0.00434506 -0.00690021 0.000856672 0.00147359 -0.00393543
internal_weight=1026.04 280.526 158.135 82.7087 70.5051 122.391 62.7976 59.5933 75.4263 34.9597 38.1614 745.519 677.689 109.889
internal_count=4969 1359 746 386 329 613 335 278 360 162 185 3610 3275 511
is_linear=0
shrinkage=0.03


Tree=236
num_leaves=15
num_cat=0
split_feature=2 11 11 11 8 4 39 4 8 22 11 39 16 26
split_gain=2.86296 2.92448 2.48435 4.01187 2.94863 5.17751 4.95391 6.57538 3.89782 6.56944 4.14021 3.3073 3.66251 6.19561
threshold=0.86762806065198006 11.900000000000002 14.500000000000002 15.100000000000001 -8.0999999999999979 -4.3793863025342707 534.06809685751409 -150.24193219246533 -4.0999999999999988 0.48529411764705888 18.500000000000004 139.1184104972551 -1.3499999999999999 -0.65476190476190466
decision_type=2 8 8 8 8 2 2 2 8 8 10 2 10 10
left_child=1 -1 -3 -4 5 6 -5 -8 9 -6 -11 -10 13 -13
right_child=-2 2 3 4 8 -7 7 -9 11 10 -12 12 -14 -15
leaf_value=0.0083444551757561325 0.011803347016691848 -0.0064385605443322818 0.011568084838248805 0.0028294775578509897 0.0088814231023789224 0.0029370086629364953 0.0015834807997478367 -0.022877644080314036 0.010383833919302681 0.0066313741637397351 -0.011771142293801806 -0.0016131621805657579 -0.0028613752737427327 0.0082353645197077007
leaf_weight=30.404600612819195 13.434824205935 53.290592782199383 20.995757713913918 16.286727331578732 95.452216759324074 39.863837823271751 13.275527387857435 27.825386747717857 18.359228506684303 13.448922388255594 24.620545580983162 166.15203603357077 402.7670436501503 81.912201501429081
leaf_count=137 141 243 96 81 436 177 75 134 93 63 117 872 1889 382
internal_value=8.76558e-05 -0.00012669 -0.000432316 -5.18786e-05 -0.000385384 -0.00518362 -0.0106078 -0.0156619 0.000224429 0.0048067 -0.0052549 -0.000718726 -0.0011087 0.00173734
internal_weight=1018.09 1004.65 974.25 920.959 899.964 97.2515 57.3876 41.1009 802.712 133.522 38.0695 669.191 650.831 248.064
internal_count=4936 4795 4658 4415 4319 467 290 209 3852 616 180 3236 3143 1254
is_linear=0
shrinkage=0.03


Tree=237
num_leaves=15
num_cat=0
split_feature=26 17 17 12 21 25 18 18 23 26 13 7 4 19
split_gain=3.54465 5.45879 4.43514 6.10646 6.12853 5.26151 4.82481 5.18327 4.69469 3.69348 3.47344 6.092 4.72083 4.36837
threshold=0.51666666666666672 -13.949999999999998 11.950000000000001 20.450000000000003 9.4976604180762525 -6.4807692307692299 1.0000000180025095e-35 3.8500000000000001 0.37980769230769235 -10.683333333333332 23.900000000000002 2.01942434403793 149.63195663905904 -6.6499999999999995
decision_type=10 8 10 10 10 8 10 10 10 8 10 2 2 10
left_child=2 -2 3 5 -5 6 -1 -8 9 -4 11 12 -7 -12
right_child=1 -3 8 4 -6 10 7 -9 -10 -11 13 -13 -14 -15
leaf_value=-0.010234021824512827 0.0077556872737998255 -0.0032105507272202007 0.00010786235331452016 0.011182493912395803 -0.0033468594990804686 0.019459265949116695 0.016708824173374732 -0.0047381061728249997 0.0047929514540018909 -0.018883461828042212 -0.011071555385888049 -0.0016000573174803476 0.0051638895932149091 0.0059374503628445621
leaf_weight=28.700266644358635 40.030836403369904 461.21501635760069 14.00638873875141 25.194024331867695 191.72614338994026 55.993065051734447 13.82298570871353 18.386465586721897 18.972988970577717 21.636435374617577 12.898889563977717 27.102858982980251 38.722471360117197 52.622554279863834
leaf_count=126 192 2130 90 122 905 267 61 84 101 120 64 143 288 265
internal_value=-0.000477862 -0.00226681 0.00125244 0.00221898 -0.00144543 0.00538626 -0.00214213 0.00547448 -0.00647541 -0.0123254 0.00782601 0.0107342 0.0141669 0.0020414
internal_weight=1021.03 501.246 519.786 465.17 216.92 248.25 60.9097 32.2095 54.6158 35.6428 187.34 121.818 94.7155 65.5214
internal_count=4958 2322 2636 2325 1027 1298 271 145 311 210 1027 698 555 329
is_linear=0
shrinkage=0.03


Tree=238
num_leaves=15
num_cat=0
split_feature=21 3 19 19 25 41 12 16 7 41 3 11 42 22
split_gain=4.80643 4.66343 4.3847 5.61478 4.15215 3.85966 3.92121 4.25629 3.43744 4.92807 4.66794 4.29087 3.65015 3.78143
threshold=15.115297594751917 0.027716549304148356 -2.6124999999999994 -1.3374999999999997 7.8062500000000012 40.500000000000007 26.900000000000002 2.8500000000000001 -1.5176728718469252 56.500000000000007 0.024183575044170905 19.450000000000003 6.5000000000000009 0.36038961038961043
decision_type=10 2 10 10 10 8 10 10 2 8 2 10 8 10
left_child=1 -1 -2 -4 8 -3 7 -7 10 11 -5 -10 13 -11
right_child=2 5 3 4 -6 6 -8 -9 9 12 -12 -13 -14 -15
leaf_value=0.0024955305109852994 -0.0084783551976602995 0.0082162117284815695 0.010562043152785517 -0.0093227763966727915 0.0070474463441456761 -0.0058718579287694306 -0.016199950426752246 0.0094133332375076172 -0.0021423707856777744 0.0018806762330452534 0.0073067700146733508 -0.021768112681083886 0.0046783127466313457 -0.013385630964652829
leaf_weight=575.58050399646163 89.527361989021301 16.117508433759212 28.77492132037878 18.188344620168209 29.872067056596279 70.878580797463655 20.898727774620056 16.152519129216671 17.003316894173622 23.024696089327335 39.479695104062557 24.48705930262804 34.345858708024025 30.324941620230675
leaf_count=2754 426 98 137 81 153 380 107 81 79 107 196 113 158 142
internal_value=-5.65922e-05 0.00135727 -0.00298566 -0.000853376 -0.00257301 -0.00381631 -0.00589738 -0.00267771 -0.00425461 -0.00689406 0.0017365 -0.0148206 -0.00254672 -0.00720041
internal_weight=1034.66 699.628 335.028 245.501 216.726 124.047 107.93 87.0311 186.854 129.186 57.668 41.4904 87.6955 53.3496
internal_count=5012 3420 1592 1166 1029 666 568 461 876 599 277 192 407 249
is_linear=0
shrinkage=0.03


Tree=239
num_leaves=15
num_cat=0
split_feature=13 35 13 21 15 8 7 41 18 2 9 2 7 19
split_gain=3.02397 4.49372 3.9881 4.14998 4.00495 3.41714 5.43288 3.12674 3.01677 2.8402 6.71896 3.85306 4.10158 3.54696
threshold=13.500000000000002 1.0000000180025095e-35 15.500000000000002 14.49137666505298 4.8375000000000012 11.900000000000002 0.45489282858656216 25.500000000000004 -8.6499999999999968 0.79149311340995077 1.0000000180025095e-35 0.74087741323255141 -0.8968825574772018 -4.3499999999999988
decision_type=10 2 10 10 10 10 2 8 10 2 8 2 2 10
left_child=1 8 3 4 -2 7 -7 -4 -1 11 13 -9 -13 -11
right_child=2 -3 5 -5 -6 6 -8 9 -10 10 -12 12 -14 -15
leaf_value=0.00071538340594869717 -0.01183729928492008 -0.0054392649716892665 -0.011456618668015074 -0.017408297528594185 0.0076530200030127124 0.017841288534621795 -0.0059147103094969221 -0.00047470436569953982 0.020445908155409219 0.012056443475681579 -0.026250763450395079 0.013800476653351608 -0.0017410269693334385 -0.0058015647606069164
leaf_weight=11.164306648075579 11.483224209398033 13.889614343643187 18.368363302201033 20.666077636182308 17.391691509634256 17.38979230076075 10.937382251024244 780.04244991391897 15.40724489092827 8.8341645747423154 7.5572032108902922 31.224404059350491 24.696179032325745 31.389726471155882
leaf_count=52 57 70 93 94 91 111 62 3530 87 74 46 185 151 249
internal_value=-0.000395372 0.00717234 -0.000742648 -0.00862756 -0.000701191 -0.000278947 0.00915762 -0.000624108 0.0135821 -0.00033577 -0.00708516 8.98364e-05 0.00735732 -0.000980157
internal_weight=1020.44 40.4612 979.981 49.541 28.8749 930.44 28.3272 902.112 26.5716 883.744 47.7811 835.963 55.9206 40.2239
internal_count=4952 209 4743 242 148 4501 173 4328 139 4235 369 3866 336 323
is_linear=0
shrinkage=0.03


Tree=240
num_leaves=15
num_cat=0
split_feature=11 42 16 2 16 17 19 26 13 2 16 7 13 24
split_gain=4.85918 8.20819 6.42979 5.42591 5.49485 5.25471 8.50478 4.79957 5.1067 5.54761 4.63038 4.75935 4.59062 4.13777
threshold=27.100000000000005 3.5000000000000004 3.6500000000000008 0.68914819416286499 4.4500000000000011 3.9500000000000006 -0.54999999999999993 8.5147058823529438 27.300000000000001 0.57260526199256068 1.5500000000000003 -0.51551226576074904 22.900000000000002 -0.2696969696969696
decision_type=10 8 10 2 10 10 10 8 10 2 10 2 8 10
left_child=2 5 -1 4 -4 -2 -7 8 9 -6 -3 -12 13 -9
right_child=1 10 3 -5 7 6 -8 12 -10 -11 11 -13 -14 -15
leaf_value=-0.00024803557871708025 -0.018290469238894266 0.0065172510705850664 0.014783653157439671 0.017249596513809747 0.0063364862105862773 -0.016008685236144675 0.0097631076591451604 -0.0085374046440198498 -0.015748340092980668 -0.0091796756562065075 -0.014405188812117527 0.0033791300970778008 0.013997543315533311 0.0090043086322638827
leaf_weight=630.73451698943973 38.872106201946735 61.479752212762833 28.495030030608177 26.545536115765572 50.567627668380737 16.614161714911461 19.878408372402191 20.995192728936672 16.972871750593185 28.103800788521767 21.475825306028128 24.618185415863991 35.424715496599674 17.653123021125793
leaf_count=3031 181 361 127 150 223 89 107 98 80 123 106 115 168 79
internal_value=0.000362374 -0.00400985 0.0013152 0.00561201 0.00366737 -0.0112682 -0.00248535 0.00143132 -0.00295908 0.000576318 0.00134987 -0.00550565 0.00692892 -0.000411374
internal_weight=1038.43 182.938 855.492 224.758 198.212 75.3647 36.4926 169.717 95.6443 78.6714 107.574 46.094 74.073 38.6483
internal_count=5038 959 4079 1048 898 377 196 771 426 346 582 221 345 177
is_linear=0
shrinkage=0.03


Tree=241
num_leaves=15
num_cat=0
split_feature=11 15 4 13 21 22 8 18 8 18 4 15 25 4
split_gain=3.60774 3.6744 4.66902 4.17088 4.28756 3.2957 5.49966 6.20158 6.3974 5.82401 5.48399 4.79415 5.14853 4.04706
threshold=33.900000000000006 10.15 72.857688378799267 13.900000000000002 14.064336287378843 0.37980769230769235 3.5000000000000004 -4.2499999999999991 6.3000000000000016 -2.1624999999999996 56.702322075976106 -8.0499999999999989 4.4807692307692317 213.85917767491131
decision_type=10 10 2 8 10 10 8 8 10 10 2 10 10 2
left_child=1 3 -3 4 -1 -5 9 -8 -9 10 -7 -11 -13 -10
right_child=-2 2 -4 5 -6 6 7 8 13 11 -12 12 -14 -15
leaf_value=0.018501842423363734 0.011504308481662163 0.0039542594847311648 -0.016490342222070825 0.0022260307455583238 -0.0015833057346339122 0.007401161867757652 -0.0087680886509672804 0.011206997032058259 -0.0037723055523720974 0.0064357589830391637 -0.0047527013354241752 -0.0095990881745037625 0.002840517186693215 0.0095718716241229469
leaf_weight=17.697078570723534 20.621153846383095 13.837160110473631 20.788463763892651 376.56204757839441 15.272180922329424 64.778004199266434 31.634384602308273 73.434210695326328 73.677456609904766 20.363204948604107 59.430505536496639 181.44535840302706 33.327652022242546 22.64623536542058
leaf_count=94 126 60 115 1741 73 288 162 378 348 95 294 857 165 167
internal_value=0.000387607 0.000103655 -0.00885219 0.000467004 0.0102146 7.17541e-05 -0.00138183 0.00254675 0.00484581 -0.00358832 0.00162698 -0.00631976 -0.00764805 -0.000317489
internal_weight=1025.52 1004.89 34.6256 970.268 32.9693 937.299 560.737 201.392 169.758 359.345 124.209 235.136 214.773 96.3237
internal_count=4963 4837 175 4662 167 4495 2754 1055 893 1699 582 1117 1022 515
is_linear=0
shrinkage=0.03


Tree=242
num_leaves=15
num_cat=0
split_feature=0 10 9 1 19 9 39 39 11 21 4 17 24 19
split_gain=2.97826 3.65396 3.04462 4.47225 3.5208 6.31784 6.31146 5.59916 4.05995 4.12508 3.50936 4.04661 3.22651 3.51375
threshold=12.250000000000002 20.900000000000002 -7.8999999999999995 46.750000000000007 -5.2499999999999991 2.9000000000000004 500.50461402624734 872.04478166571528 12.900000000000002 13.953295097852694 -3.0193908524493049 -1.4499999999999995 -0.1818181818181818 -4.5499999999999989
decision_type=2 10 8 2 8 10 2 2 8 8 2 10 8 10
left_child=1 2 3 12 5 6 -4 -7 9 -6 -8 -12 -1 -14
right_child=-2 -3 4 -5 8 7 10 -9 -10 -11 11 -13 13 -15
leaf_value=-0.0062748547582389125 0.009407240754467255 -0.013828449317334363 0.0089916951502770799 -0.0089798732100191906 -0.0026978431836055094 0.00089916722688727999 -0.018987327255957441 0.018565626235959164 -0.0024817166838913747 0.01767212801757119 0.0092931036778018932 -0.0092263172417141083 -0.0039911419233323499 0.010888553385109374
leaf_weight=12.275443397462366 21.27169893682003 14.097155079245566 23.315279006958008 16.095073729753494 14.972091197967531 32.192239239811897 14.000491887331007 28.512595117092133 702.73909968137741 13.689341127872465 12.113516166806219 23.585749000310898 14.76111877709627 72.824125282466412
leaf_count=54 218 82 115 81 70 151 63 132 3280 62 58 120 75 376
internal_value=-0.000569295 -0.000828504 -0.000572536 0.00389143 -0.00118978 0.00320614 -0.00270294 0.00997833 -0.00200979 0.00821114 -0.00850958 -0.00257261 0.00629523 0.0083007
internal_weight=1016.45 995.173 981.076 115.956 865.12 133.72 73.015 60.7048 731.401 28.6614 49.6998 35.6993 99.8607 87.5852
internal_count=4937 4719 4637 586 4051 639 356 283 3412 132 241 178 505 451
is_linear=0
shrinkage=0.03


Tree=243
num_leaves=15
num_cat=0
split_feature=24 17 35 4 3 19 24 39 3 19 39 17 9 5
split_gain=3.60169 3.48621 4.39431 3.16255 3.73841 4.15256 4.90774 4.87715 4.77606 4.28683 5.98558 3.89509 3.48217 4.77262
threshold=-0.77747252747252737 -14.249999999999998 1.0000000180025095e-35 77.914088366035472 0.042807452245767326 8.4500000000000011 0.071428571428571425 1479.389932570308 0.024431864478491553 -1.3874999999999997 704.74491442760336 2.6000000000000014 11.266666666666667 0.58342627691173454
decision_type=8 8 2 2 2 8 10 2 2 10 2 10 8 2
left_child=-1 2 -2 12 5 6 7 -5 -7 -8 -11 -10 13 -3
right_child=1 3 -4 4 -6 8 9 -9 11 10 -12 -13 -14 -15
leaf_value=-0.01009916905454452 0.014499683774920939 0.0010639088094647915 -0.0036532384161444115 -0.011474135291200714 0.010766870520620806 -0.0075484159646864168 0.0034830116521835292 0.0038247702730246223 0.022313285879569111 0.0024878508233691144 -0.010469475900887881 0.00055032741403573059 -0.0053160021085297609 0.010256291338351736
leaf_weight=26.154232256114483 27.605532601475716 442.73655264824629 16.337939336895943 96.322135739028454 14.216252937912939 12.00400786846876 95.072246570140123 20.425110228359699 11.868530720472338 54.539123181253672 67.799776196479797 13.650926776230333 58.836733564734459 52.682763263583183
leaf_count=121 131 1984 77 454 69 63 557 102 63 316 373 80 274 233
internal_value=-5.59896e-05 0.00026063 0.0080668 -0.000144981 -0.00221448 -0.00284732 -0.00392394 -0.00875041 0.00607437 -0.00119373 -0.00482218 0.0126692 0.00130281 0.00213413
internal_weight=1010.25 984.098 43.9435 940.154 385.898 371.682 334.158 116.747 37.5235 217.411 122.339 25.5195 554.256 495.419
internal_count=4897 4776 208 4568 2077 2008 1802 556 206 1246 689 143 2491 2217
is_linear=0
shrinkage=0.03


Tree=244
num_leaves=15
num_cat=0
split_feature=39 3 39 15 19 39 3 39 13 15 29 24 1 12
split_gain=2.91876 3.4023 6.70172 5.57807 6.5012 7.05534 5.8567 4.63233 8.92514 4.28414 5.87358 4.96602 6.33214 5.08597
threshold=172.19982993367231 0.025177278803792173 1794.6209787319315 -1.4499999999999997 -0.74999999999999989 1209.0879194799502 0.029591911607394609 545.65895236668518 27.100000000000005 -1.6499999999999997 8.5000000000000018 0.40692640692640702 37.750000000000007 19.900000000000002
decision_type=2 2 2 10 10 2 2 2 10 8 2 8 2 10
left_child=-1 9 3 7 -5 6 -6 8 -3 10 -2 12 13 -11
right_child=1 2 -4 4 5 -7 -8 -9 -10 11 -12 -13 -14 -15
leaf_value=0.0071773793926573296 -0.00051819783408780997 0.023406870459586067 -0.013861763477994083 -0.01270331628837988 -0.012426017056635317 0.017104519258965108 0.004632080986607244 -0.00067122745334693989 -0.0060954605046985768 0.0016632146289897306 -0.013302224125478605 0.0096744394389361981 0.0026981976312935581 -0.016885982629093396
leaf_weight=42.661166794598103 263.45800179243088 19.429556749761108 40.124730408191681 52.57875332608819 30.470570601522923 13.309719704091547 33.033706475049257 60.597159542143345 12.094414971768854 22.847699712961912 31.947761662304401 68.575612090528011 304.6134734749794 24.332236982882023
leaf_count=226 1237 95 196 274 141 68 178 299 59 112 149 392 1424 108
internal_value=-7.32317e-05 -0.000424618 -0.00331821 -0.00114454 -0.00508097 0.000593985 -0.00386228 0.00436147 0.0128031 0.000648764 -0.00209917 0.00258179 0.00108301 -0.00860459
internal_weight=1020.07 977.413 261.639 221.514 129.393 76.814 63.5043 92.1211 31.524 715.775 295.406 420.369 351.793 47.1799
internal_count=4958 4732 1310 1114 661 387 319 453 154 3422 1386 2036 1644 220
is_linear=0
shrinkage=0.03


Tree=245
num_leaves=15
num_cat=0
split_feature=41 35 7 41 20 9 26 12 7 14 20 7 18 18
split_gain=3.02177 2.64478 6.12764 5.4244 5.65837 6.62125 5.99574 5.70456 7.01217 5.35753 9.13877 4.8262 4.7958 5.91621
threshold=25.500000000000004 1.0000000180025095e-35 -0.86987282798230336 59.500000000000007 10.93058833022822 -4.4999999999999991 -1.3229166666666663 20.450000000000003 -0.1923778775872553 24.100000000000005 16.266871454341707 0.80945565107559558 3.7500000000000004 1.2500000000000002
decision_type=8 2 2 8 10 10 8 8 2 10 10 2 10 8
left_child=-1 3 12 -2 7 9 -7 11 -9 -6 -11 -5 13 -3
right_child=1 2 -4 4 5 6 -8 8 -10 10 -12 -13 -14 -15
leaf_value=-0.010011019086066549 0.005060638553982838 0.0030871461954264322 -0.0051593707796166064 0.020952686855859014 -0.020659335097020465 0.0086941550826172345 -0.0025174920688185989 -0.0098397629305654807 0.0080459015489183355 -0.011384704648854506 0.011446349105539808 -0.00087898692957988475 0.010744786869855222 -0.013373698120495348
leaf_weight=22.908433761447668 208.49155803397298 76.376326132565737 217.41780915111303 23.189640514552593 22.914775297045708 49.583029367029667 196.06765843182802 31.195505321025848 38.363172687590122 44.780199188739061 18.468830324709415 12.891503393650053 41.396961640566587 20.933651559054852
leaf_count=114 1035 370 1070 117 118 235 899 141 171 223 101 61 206 106
internal_value=-0.000274159 -2.96523e-06 -0.00206194 0.00113932 -0.000765663 -0.0026912 -0.000126203 0.00513073 -9.73646e-05 -0.00959593 -0.00436783 0.0139948 0.00280374 -0.000934495
internal_weight=1024.98 1002.07 356.125 645.946 437.454 331.814 245.651 105.64 69.5587 86.1638 63.249 36.0811 138.707 97.31
internal_count=4967 4853 1752 3101 2066 1576 1134 490 312 442 324 178 682 476
is_linear=0
shrinkage=0.03


Tree=246
num_leaves=15
num_cat=0
split_feature=35 13 15 41 2 24 20 17 39 41 25 18 20 4
split_gain=3.08307 10.4914 7.94887 6.69586 6.71717 5.95723 5.79537 4.64765 4.60393 4.69747 4.78084 4.28997 6.65022 4.36149
threshold=1.0000000180025095e-35 22.366666666666671 -2.2499999999999996 75.500000000000014 0.41092497601006911 -0.19999999999999998 15.471838215861029 -14.949999999999998 700.62009423500365 60.500000000000007 -4.6547619047619042 4.2250000000000005 19.498432685700497 126.94782993391415
decision_type=2 10 10 10 2 10 8 8 2 8 8 10 10 2
left_child=7 3 8 4 -2 -6 -7 -1 9 10 -3 12 -9 -13
right_child=1 2 -4 -5 5 6 -8 11 -10 -11 -12 13 -14 -15
leaf_value=0.012510757203738797 -0.017337169422868452 0.0037909711849916476 0.0094380975430713287 -0.021152732026097507 0.011301682359922797 -0.0090862951764555215 0.0055763590378553971 0.0024703173189845216 -0.010935381570398268 0.0074660931936240855 -0.017932814067002395 -0.0067950107350253008 -0.014115796569906301 0.0041426515260840641
leaf_weight=24.044640012085438 27.187225267291069 15.798734828829764 76.444287206977606 23.870029971003532 20.418823644518852 76.124369252473116 30.670566331595182 447.18134655430913 35.878580011427402 43.474894165992737 12.792022839188578 118.29651863873005 17.912802331149578 40.890054453164339
leaf_count=114 136 74 370 111 91 395 166 2147 170 206 62 536 89 243
internal_value=-0.000459665 -0.00265541 0.00234101 -0.00774617 -0.00507505 -0.00189793 -0.00481424 0.000779512 -0.00288035 0.00157923 -0.00715118 0.000231859 0.00168817 -0.00394487
internal_weight=1010.98 362.66 184.389 178.271 154.401 127.214 106.795 648.325 107.944 72.0657 28.5908 624.281 465.094 159.187
internal_count=4910 1781 882 899 788 652 561 3129 512 342 136 3015 2236 779
is_linear=0
shrinkage=0.03


Tree=247
num_leaves=15
num_cat=0
split_feature=39 4 7 35 17 3 8 8 3 20 20 42 20 8
split_gain=3.42158 3.93679 3.2473 8.81767 6.58014 5.8834 5.77859 6.95176 4.99562 7.93579 7.56028 5.99384 6.16716 4.75041
threshold=172.19982993367231 35.243537079005257 0.23628753096124025 1.0000000180025095e-35 -15.549999999999999 0.019384716464890265 -8.0999999999999979 -3.4499999999999997 0.024684938134042603 15.010551815657307 18.922209172780281 5.5000000000000009 11.673807183352693 0.90000000000000013
decision_type=2 2 2 2 10 2 10 10 2 10 10 8 10 10
left_child=1 -1 6 4 -4 -6 -2 -8 9 11 13 12 -9 -11
right_child=2 -3 3 -5 5 -7 7 8 -10 10 -12 -13 -14 -15
leaf_value=-0.0019907199649805926 -0.0061473092145789112 0.015404917374627122 0.017689327124908765 -0.0082755348050745706 0.014452630645071464 -0.0018192599481642378 0.0091888491488076301 0.010075145189679266 0.0034186534622439087 -0.0044259151256985799 -0.012800783539043516 -0.015703090948612393 -0.0094198478315820344 0.01539702876909768
leaf_weight=19.398422159254551 82.565311849117279 21.084184382110834 13.850183933973311 151.67901810258627 16.619296602904797 262.98612590134144 96.606857024133205 20.721636585891247 197.99583248049021 12.439650960266588 12.424509659409521 48.366429414600134 28.867093749344349 34.429006293416023
leaf_count=92 379 116 65 744 82 1245 441 99 1005 61 62 240 138 186
internal_value=-0.000279685 0.0077668 -0.000649982 -0.00252866 0.000530619 -0.00061517 0.000923768 0.00226898 0.000285741 -0.00364279 0.00477276 -0.00872119 -0.00109681 0.0102162
internal_weight=1020.03 40.4826 979.551 445.135 293.456 279.605 534.416 451.851 355.244 157.248 59.2932 97.9552 49.5887 46.8687
internal_count=4955 208 4747 2136 1392 1327 2611 2232 1791 786 309 477 237 247
is_linear=0
shrinkage=0.03


Tree=248
num_leaves=15
num_cat=0
split_feature=27 21 39 16 3 3 3 27 20 10 21 19 10 16
split_gain=2.75561 5.51241 6.31914 4.58957 5.53785 4.23033 5.68361 5.0442 3.89911 3.62281 3.58376 6.79141 3.98745 6.42743
threshold=6.5000000000000009 11.585910984179597 352.83188082293344 -7.0499999999999989 0.024960784048453259 0.025431793525507954 0.024807481797745726 4.5000000000000009 12.466399252258965 6.3000000000000016 15.938771735753182 0.55000000000000016 4.9000000000000012 -5.5499999999999989
decision_type=2 8 2 10 2 2 2 2 8 8 8 8 10 10
left_child=1 2 -1 4 -2 6 10 -7 -4 -10 12 -12 -3 -14
right_child=3 5 8 -5 -6 7 -8 -9 9 -11 11 -13 13 -15
leaf_value=0.0066056081152695055 -0.010888021264983547 0.0073153753586771364 -0.002680839478050995 0.0023695495165674441 0.0069875694811887086 -0.012249542563844786 0.013715315414938591 0.0056520475277550119 -0.022262755795005473 -0.0018866374867724963 -0.014904708100355983 0.0029420048246440143 0.0093759871469696505 -0.015039942177543449
leaf_weight=17.617528073489666 47.008796900510788 74.986068293452263 28.210338793694973 597.53135398030281 18.275722112506628 37.605185739696026 28.969986878335476 17.636054039001465 29.599752299487591 11.438537560403345 28.322864711284637 42.135980226099491 12.628167714923622 17.486943125724792
leaf_count=86 245 335 136 2925 99 180 125 87 138 65 129 196 66 89
internal_value=0.000403504 -0.00174828 -0.0080653 0.0015335 -0.00574283 0.000476521 0.00248233 -0.00653961 -0.0119912 -0.0174051 0.000300255 -0.00474422 0.0037439 -0.0049244
internal_weight=1009.45 346.637 86.8662 662.816 65.2845 259.771 204.53 55.2412 69.2486 41.0383 175.56 70.4588 105.101 30.1151
internal_count=4901 1632 425 3269 344 1207 940 267 339 203 815 325 490 155
is_linear=0
shrinkage=0.03


Tree=249
num_leaves=15
num_cat=0
split_feature=20 11 12 18 29 18 20 4 11 26 10 16 28 20
split_gain=3.14598 5.17099 4.73341 3.71872 3.64592 8.91144 5.43663 3.87098 3.41119 8.74235 4.76165 6.60835 5.21692 4.81456
threshold=8.8248386828189549 17.900000000000002 26.700000000000006 3.9500000000000006 10.500000000000002 1.4500000000000002 13.485177008079244 52.474143399213638 27.500000000000004 12.055555555555557 14.900000000000004 1.0500000000000003 6.5000000000000009 18.31590077214863
decision_type=8 10 10 10 2 10 10 2 10 8 10 10 2 10
left_child=1 -1 3 -3 8 6 -6 -7 10 -10 11 12 -2 -13
right_child=4 2 -4 -5 5 7 -8 -9 9 -11 -12 13 -14 -15
leaf_value=-0.0068294163103395748 -0.010610727852149528 0.020849815383574992 -0.0031528460078211161 0.0022348712431863415 -0.024331331285859521 -0.0046876633323641439 -0.0029448720413292771 0.015874614236616336 -0.001150470559276941 -0.022148545043928727 0.013324610489695264 0.0023089767660210356 -0.00084014948029287914 0.015011812585119914
leaf_weight=19.00664421916008 52.473647683858871 25.667947538197041 16.572491049766541 16.028683543205261 20.47556210309267 12.504682287573816 21.147030629217625 12.118761546909807 119.97302604094148 16.097473882138729 21.186454378068447 283.77695308625698 348.75476168841124 25.077772401273251
leaf_count=89 253 131 76 78 97 57 99 67 639 73 148 1324 1657 118
internal_value=-0.000101962 0.00552351 0.00977416 0.0146995 -0.000594544 -0.00711838 -0.0149467 0.00640363 -5.83199e-05 -0.00433157 0.000760837 0.00029543 -0.00223284 0.00356312
internal_weight=1010.86 77.2758 58.2691 41.6966 933.586 66.246 41.6226 24.6234 867.34 136.07 731.27 710.083 401.228 308.855
internal_count=4906 374 285 209 4532 320 196 124 4212 712 3500 3352 1910 1442
is_linear=0
shrinkage=0.03


Tree=250
num_leaves=15
num_cat=0
split_feature=39 10 3 14 21 16 24 39 21 14 16 3 7 39
split_gain=3.69921 4.08234 3.64374 4.21684 3.6807 3.47616 2.73871 2.40941 7.42174 9.27454 4.2588 3.88727 5.77797 9.00659
threshold=2378.0719913100243 4.1000000000000023 0.016978221047704082 19.500000000000004 13.5049371792028 -10.949999999999998 0.11070261437908498 1280.6168505023086 14.244297104455528 20.900000000000002 -0.6499999999999998 0.024738697602202268 -0.2848275559288504 436.08329657371922
decision_type=2 8 2 8 8 10 10 2 8 10 10 2 2 2
left_child=2 -2 3 -1 -5 6 -4 11 9 -9 -10 -7 13 -13
right_child=1 -3 5 4 -6 7 -8 8 10 -11 -12 12 -14 -15
leaf_value=0.0037802809086557405 -0.015721064333390527 0.0044446089343655798 0.015593889432036592 -0.0015188463178750827 -0.020475522354020639 -0.0022973669636181344 -0.00041624127432458185 -0.011677124888787246 0.0012342465461465685 0.0047959160666015618 0.014634683881834108 0.018435258574668784 -0.0015084454851889484 0.00089134124182679332
leaf_weight=18.947748951613903 21.885049633681774 10.870230950415133 19.502650201320648 16.877922892570496 17.894663468003273 427.34410803392529 15.409934565424917 45.916307248175144 35.898305125534534 73.060026608407497 51.510087206959724 37.137834645807743 149.20493307709694 71.680609241127968
leaf_count=93 101 65 88 90 87 2049 84 214 176 363 241 188 728 355
internal_value=-0.000111381 -0.0093265 0.000242263 -0.00700746 -0.012622 0.000697894 0.00936036 0.000308454 0.00310949 -0.00177604 0.00949574 -0.000551434 0.00232892 0.0074256
internal_weight=1013.14 32.7553 980.385 53.7203 34.7726 926.665 34.9126 891.752 206.385 118.976 87.4084 685.367 258.023 108.818
internal_count=4922 166 4756 270 177 4486 172 4314 994 577 417 3320 1271 543
is_linear=0
shrinkage=0.03


Tree=251
num_leaves=15
num_cat=0
split_feature=19 19 39 21 2 26 19 19 18 26 22 22 20 39
split_gain=4.30881 4.96224 3.64601 3.75412 3.39673 3.36505 5.20197 4.89589 3.8575 3.74516 3.9349 4.65025 3.15865 5.89968
threshold=-6.4499999999999993 -8.7499999999999982 911.37581774572561 12.560298956966291 0.85969021661103062 -11.65151515151515 7.9500000000000011 4.1125000000000007 4.4500000000000011 -8.1380952380952358 0.28869047619047622 0.53229166666666672 11.923832344417532 310.07749196969689
decision_type=8 10 2 10 2 10 8 10 10 10 10 10 8 2
left_child=1 2 3 -1 5 6 7 8 -2 10 -7 -12 13 -11
right_child=4 -3 -4 -5 -6 9 -8 -9 -10 12 11 -13 -14 -15
leaf_value=0.0031474791613247928 -0.0086530500469473963 0.010955211551240851 0.0065993292356419679 -0.017291623441662008 0.01244604769666652 -0.0032396423742892377 0.0083566319247197884 -0.022030143208003051 0.0070844527213641409 -0.0079606067427740908 0.020542156368433061 -0.0013499618754330778 -0.0021262929241796682 0.0039791294289773915
leaf_weight=12.156072095036508 46.097010806202888 60.823401652276516 21.747312813997269 13.279596053063868 12.671386931091545 18.511619366705418 14.484222352504728 15.594730377197264 15.057994112372397 40.157878205180168 19.695301152765751 12.606278598308561 500.66906678304076 211.96832016855478
leaf_count=62 227 306 106 64 137 82 70 76 73 190 105 76 2372 990
internal_value=9.85454e-05 0.00562391 -0.00163983 -0.00861113 -0.00058626 -0.000838935 -0.00614053 -0.00922021 -0.00453549 -0.000202795 0.00729859 0.0129626 -0.00075395 0.00195959
internal_weight=1015.52 108.006 47.183 25.4357 907.514 894.842 91.234 76.7497 61.155 803.608 50.8132 32.3016 752.795 252.126
internal_count=4936 538 232 126 4398 4261 446 376 300 3815 263 181 3552 1180
is_linear=0
shrinkage=0.03


Tree=252
num_leaves=15
num_cat=0
split_feature=39 18 1 15 9 11 39 26 41 10 9 28 24 18
split_gain=4.62402 6.64557 4.11613 3.5195 4.79929 5.13349 4.84897 3.75684 3.59412 3.28005 6.93136 4.50425 5.22744 3.90308
threshold=2275.5466847730363 -2.7499999999999996 42.250000000000007 8.2500000000000018 -3.8999999999999995 30.100000000000005 694.12847492778974 2.8062500000000004 25.500000000000004 12.900000000000002 -13.099999999999998 7.5000000000000009 0.29289215686274511 -2.7499999999999996
decision_type=2 8 2 8 10 8 2 8 8 8 8 2 10 10
left_child=3 -2 -3 8 6 7 -5 -6 -1 11 -11 -10 13 -13
right_child=1 2 -4 4 5 -7 -8 -9 9 10 -12 12 -14 -15
leaf_value=-0.0098295664846936182 0.0076707354928442538 -0.00085742480651767531 -0.019945471063517139 0.00093649677314759888 0.0033631891235120582 0.01015910227946842 -0.023478886047035335 -0.014920615108753936 0.002179718872293237 -0.006086619590888246 0.01696090432312998 0.0020733740551008711 0.011799734336887946 -0.0088336906203603446
leaf_weight=20.54519547149539 14.887990038841961 15.902857556939123 25.685099378228188 11.04583513736725 15.72191736102104 22.110058639198542 14.746646553277968 17.33045819401741 670.33312808722258 14.909549869596956 28.353693205863237 40.431769661605358 13.032729119062422 90.221651472151279
leaf_count=104 72 81 124 58 81 120 82 75 3147 101 194 189 73 425
internal_value=0.000212895 -0.00776557 -0.0135218 0.000720706 -0.00508035 0.000198154 -0.0145686 -0.00692447 0.00128143 0.00160317 0.00921047 0.0011451 -0.00359267 -0.0055064
internal_weight=1015.26 56.4759 41.588 958.783 80.9549 55.1624 25.7925 33.0524 877.828 857.283 43.2632 814.019 143.686 130.653
internal_count=4926 277 205 4649 416 276 140 156 4233 4129 295 3834 687 614
is_linear=0
shrinkage=0.03


Tree=253
num_leaves=15
num_cat=0
split_feature=2 42 15 25 19 25 17 43 22 1 25 42 11 1
split_gain=2.65306 4.80638 3.92274 2.86567 9.72038 6.34654 6.3311 5.01651 5.41389 4.80051 3.79539 3.74786 8.55822 3.71721
threshold=0.3243375767618098 13.500000000000002 -10.149999999999997 -7.7321428571428568 5.3500000000000005 -5.345238095238094 -2.5499999999999994 1.0000000180025095e-35 0.31980519480519487 42.250000000000007 -4.4833333333333325 17.500000000000004 24.900000000000002 46.750000000000007
decision_type=2 8 10 8 10 8 10 2 10 2 8 8 10 2
left_child=1 2 -1 4 -2 6 9 10 -9 -5 -7 13 -13 -12
right_child=3 -3 -4 5 -6 7 -8 8 -10 -11 11 12 -14 -15
leaf_value=0.007539967845023054 -0.0090281948938499054 0.0084112784702363441 -0.0093720208815723585 -0.011280011948181798 0.011181618323864367 -0.0088351261506013461 0.017503113244459481 0.0047362264470661606 -0.011953789300815153 0.009414121972680262 0.0041171564312202603 -0.014236906945912016 0.0088998529069803638 -0.00090702692851515377
leaf_weight=10.637810185551642 77.92033139616251 17.910064473748207 78.499592490494251 14.214273586869242 24.209661692380905 26.937096364796162 36.078415162861347 22.429199479520321 49.71459436416626 16.25216943025589 395.37409276142716 32.462780989706516 19.089493185281754 195.78318345546722
leaf_count=55 341 95 443 61 106 120 159 100 233 73 1974 148 98 937
internal_value=0.000146108 -0.00421204 -0.00706044 0.000678721 -0.00393923 0.00128281 0.00981669 0.00045665 -0.00679427 -0.000469929 0.00128239 0.00177136 -0.00564011 0.00245956
internal_weight=1017.51 107.047 89.1374 910.465 102.13 808.335 66.5449 741.79 72.1438 30.4664 669.647 642.71 51.5523 591.157
internal_count=4943 593 498 4350 447 3903 293 3610 333 134 3277 3157 246 2911
is_linear=0
shrinkage=0.03


Tree=254
num_leaves=15
num_cat=0
split_feature=19 19 1 26 18 18 4 42 41 0 18 10 19 10
split_gain=3.10033 6.85627 4.47803 3.07693 2.87599 4.7066 4.23856 3.91606 3.4789 5.62459 4.42486 4.91793 3.38744 3.28514
threshold=-9.3499999999999996 -5.9499999999999993 39.750000000000007 -3.6396103896103891 11.15 9.0500000000000025 17.067698147780224 5.5000000000000009 72.500000000000014 -3.7499999999999996 -8.1499999999999968 19.500000000000004 4.3500000000000005 -12.099999999999996
decision_type=10 10 2 8 10 10 2 8 8 2 8 10 8 10
left_child=2 3 -1 -2 5 8 -6 -8 10 -10 12 -12 -3 -11
right_child=1 4 -4 -5 6 -7 7 -9 9 13 11 -13 -14 -15
leaf_value=0.0059145241386453643 -0.0013355087406265601 -0.013078332259303648 -0.012375648551273528 0.011468953194757173 -0.0050512737902565115 -0.010465099059493648 0.00032107139619386155 0.022256393409779578 0.0084232062994328838 -0.019128178818259699 0.0021436611116869308 -0.013363834332408476 0.0041850800576706025 -0.0043337214279132036
leaf_weight=14.122163161635397 20.852651681751013 28.237908847630024 32.64050654321909 66.422948680818081 13.663221299648283 35.442778401076794 12.28586680442095 13.699883662164209 24.171549677848816 11.029604256153105 593.16869820281863 14.051409482955931 11.916292332112787 130.24087240174413
leaf_count=68 116 135 156 317 64 175 62 72 122 47 2867 101 58 600
internal_value=0.00034364 0.000719892 -0.00681432 0.00850301 -8.84676e-05 -0.000476365 0.0073343 0.0136108 2.05123e-05 -0.00379599 0.00101747 0.0016786 -0.00805906 -0.00610317
internal_weight=1021.95 975.184 46.7627 87.2756 887.908 848.259 39.649 25.9858 812.816 165.442 647.374 607.22 40.1542 141.27
internal_count=4960 4736 224 433 4303 4105 198 134 3930 769 3161 2968 193 647
is_linear=0
shrinkage=0.03


Tree=255
num_leaves=15
num_cat=0
split_feature=4 9 25 39 21 19 19 10 19 12 39 20 2 24
split_gain=5.85724 2.60934 5.3724 3.45572 2.93172 2.95126 4.91125 4.43493 3.69427 4.79601 4.21051 5.36225 5.24386 4.77481
threshold=328.98087901878347 -15.549999999999999 -3.3798076923076921 2370.8399259221619 8.2747943302551761 -9.3499999999999996 -7.2499999999999991 1.0000000180025095e-35 -0.74999999999999989 13.633333333333335 357.45334217460351 11.163432367431691 0.75182143558184633 0.083333333333333343
decision_type=2 10 10 2 8 10 10 10 10 10 2 10 2 10
left_child=1 2 -1 4 -3 -6 7 -7 9 -8 11 -11 13 -12
right_child=-2 3 -4 -5 5 6 8 -9 -10 10 12 -13 -14 -15
leaf_value=0.00361090859536887 0.017227202660999554 0.0071817687438780085 -0.020929581641388036 -0.0088026165672582032 -0.0079817891019421314 0.017674165219661395 0.01154127596550701 -0.00068160794203682385 0.0012818740312795672 -0.010561996058911175 -0.0065760759669391284 0.0078118361191693558 -0.017682315790436439 0.0034200033067143371
leaf_weight=13.580804340541365 12.443782676011322 47.869212254881859 11.058298222720621 33.933627925813198 35.702647775411606 21.939805097877979 14.852753937244414 20.505251102149487 519.87784199416637 14.875379502773283 148.9425216242671 47.494606427848339 23.87626838684082 56.066421538591385
leaf_count=62 126 247 64 167 170 102 80 109 2465 70 666 225 155 255
internal_value=-9.36003e-06 -0.000305374 -0.00907584 -4.15062e-05 0.000315138 -8.59133e-05 0.000282533 0.00966916 -0.000255095 -0.00284405 -0.00376005 0.00297099 -0.00561852 -0.00382598
internal_weight=1023.02 1010.58 24.6391 985.936 952.003 904.133 868.431 42.4451 825.986 306.108 291.255 62.37 228.885 205.009
internal_count=4963 4837 126 4711 4544 4297 4127 211 3916 1451 1371 295 1076 921
is_linear=0
shrinkage=0.03


Tree=256
num_leaves=15
num_cat=0
split_feature=35 18 15 15 3 13 21 20 26 24 20 19 26 18
split_gain=3.96567 5.99882 5.63148 4.43477 8.03257 7.67014 5.95287 6.46481 4.47038 4.48293 4.2434 4.61521 3.71942 3.58808
threshold=1.0000000180025095e-35 -3.9499999999999997 2.1500000000000008 -2.8499999999999992 0.025749025240627391 23.700000000000006 12.918978287774928 10.330375917378928 -2.3693181818181812 0.083333333333333343 15.067440927788715 0.81666666666666676 0.51666666666666672 1.7500000000000002
decision_type=2 8 10 8 2 8 10 10 10 10 8 8 10 8
left_child=-1 2 -2 4 10 6 7 -5 -8 13 -3 -12 -7 -10
right_child=1 3 -4 5 -6 12 8 -9 9 -11 11 -13 -14 -15
leaf_value=0.0019567506831623762 -0.0027365550307091634 -0.014396579104643157 -0.0188491217541869 -0.011882376950786882 0.010093126154682211 0.017609686875884815 -0.016600379041915581 0.01149505398331142 0.0011812237382485171 0.0096229510873454879 -0.0097008914852532296 0.011520844857034761 0.0028733738194361949 -0.017258192459775147
leaf_weight=648.79476152360439 55.342649146914482 47.305109560489655 27.054432168602943 9.6218259856104833 20.523652516305447 31.315966337919235 22.405852373689413 38.856046721339226 19.072341755032539 16.753880068659782 14.825849056243895 12.247060917317869 30.827702090144157 12.816177263855936
leaf_count=3142 267 223 134 52 103 154 122 217 87 87 68 60 143 57
internal_value=0.000561976 -0.00195117 -0.00880268 0.000210123 -0.0048951 0.0029367 -0.00156004 0.00617799 -0.00689893 -0.00129941 -0.00940616 0.000198682 0.0110578 -0.00756442
internal_weight=1007.76 358.969 82.3971 276.571 94.9017 181.67 119.526 48.4779 71.0483 48.6424 74.378 27.0729 62.1437 31.8885
internal_count=4916 1774 401 1373 454 919 622 269 353 231 351 128 297 144
is_linear=0
shrinkage=0.03


Tree=257
num_leaves=15
num_cat=0
split_feature=24 24 21 22 25 21 42 11 10 11 41 25 42 1
split_gain=2.76724 4.12899 3.07861 5.44318 5.11047 4.79035 4.91114 10.399 5.50045 5.19188 6.27825 5.64272 6.73062 4.9806
threshold=-0.69139194139194127 -0.56904761904761891 10.391235568228838 0.62828947368421062 9.8284313725490211 11.214326086628697 7.5000000000000009 14.500000000000002 -18.099999999999998 24.300000000000001 65.500000000000014 1.3660714285714288 14.500000000000002 40.250000000000007
decision_type=8 8 8 10 10 10 8 8 10 10 8 8 10 2
left_child=-1 -2 3 -3 -5 -4 7 -7 -8 11 -11 -10 -13 -9
right_child=1 2 5 4 -6 6 8 13 9 10 -12 12 -14 -15
leaf_value=-0.0080934540279122835 0.011675909318979697 -0.00015595041092795521 -0.0074671139781348587 0.016012105219498838 -0.0050201149635245414 -0.013950751777206907 0.01335760553235397 0.010544807754294666 -0.0027820905858073966 -0.0039991793374785992 0.011451531675228889 -0.018239716647935625 0.0035932409586649497 0.0017335174140921921
leaf_weight=32.516795754432678 22.469623677432537 114.38316902518272 83.647368021309376 38.841527666896582 11.0110368989408 29.177286431193352 12.660340383648871 65.704919531941414 125.94743402302265 58.75342707708478 32.817304685711861 51.374520562589169 14.516733728349207 331.56620303913951
leaf_count=153 110 550 407 218 64 132 60 319 577 309 164 246 69 1608
internal_value=-9.51713e-05 0.000206016 -0.00011806 0.00356308 0.0113325 -0.000885338 -7.72705e-05 0.00197524 -0.00301734 -0.00396773 0.00184429 -0.00671837 -0.0135154 0.00330377
internal_weight=1025.39 992.871 970.401 164.236 49.8526 806.166 722.518 426.448 296.07 283.409 91.5707 191.839 65.8913 397.271
internal_count=4986 4833 4723 832 282 3891 3484 2059 1425 1365 473 892 315 1927
is_linear=0
shrinkage=0.03


Tree=258
num_leaves=15
num_cat=0
split_feature=7 10 41 26 17 18 18 27 17 18 16 18 13 22
split_gain=4.72575 2.99969 2.64413 3.17739 3.15951 7.0233 6.64851 6.09687 7.57835 5.88786 5.79192 5.58334 5.26346 5.23177
threshold=6.8225014639713804 11.100000000000003 83.500000000000014 6.2426470588235299 -0.99999999999999978 -2.2499999999999996 -0.44999999999999996 14.500000000000002 3.5500000000000012 -3.2499999999999996 6.7500000000000009 -6.4499999999999993 17.450000000000003 0.28869047619047622
decision_type=2 10 10 8 10 8 8 2 10 10 10 10 10 10
left_child=1 2 4 -4 5 10 13 9 12 11 -1 -6 -9 -7
right_child=-2 -3 3 -5 7 6 -8 8 -10 -11 -12 -13 -14 -15
leaf_value=0.010925252642095467 -0.011914546152856391 0.0051660475342971048 -0.014088274332638255 0.0021848266809663779 0.002920914956262617 0.0030687224436668466 0.0016181528486096488 0.00051587098889191842 0.00080485172366759979 0.0028599307732748987 -0.0025820845853426404 -0.012111050964353168 -0.02194971543844591 -0.014990639717686365
leaf_weight=104.09847113490105 23.273139506578445 106.30404540896416 20.492385253310204 16.695139557123184 34.480784595012665 19.309662088751793 254.17342970520258 12.224315308034418 42.437199547886848 229.11639084666967 36.459680862724781 50.317036055028439 32.445055738091469 38.920934431254864
leaf_count=484 116 696 92 73 159 90 1191 56 203 1067 166 227 157 184
internal_value=0.000182246 0.000522507 -5.71346e-05 -0.00738947 0.000303314 0.00200989 -0.000518018 -0.00162532 -0.00841246 0.000360377 0.00745321 -0.0061764 -0.0163687 -0.00923292
internal_weight=1020.75 997.475 891.17 37.1875 853.983 452.962 312.404 401.021 87.1066 313.914 140.558 84.7978 44.6694 58.2306
internal_count=4961 4845 4149 165 3984 2115 1465 1869 416 1453 650 386 213 274
is_linear=0
shrinkage=0.03


Tree=259
num_leaves=15
num_cat=0
split_feature=14 22 21 15 15 17 25 25 20 23 19 14 17 7
split_gain=3.44959 5.13923 2.68919 4.78525 5.51092 4.89398 4.3893 8.57339 5.53352 4.72313 5.50038 4.34025 4.2699 6.38907
threshold=30.900000000000002 0.44722222222222224 15.115297594751917 7.0500000000000007 -3.2499999999999996 -11.149999999999997 -6.8090909090909078 -1.3205128205128203 12.888625258198298 0.71825396825396837 -2.4499999999999997 16.700000000000006 7.7500000000000018 -2.9118234473894149
decision_type=8 10 8 8 10 10 8 10 10 10 10 10 8 2
left_child=2 -2 12 4 5 11 -6 -8 -9 10 -10 -4 -1 -14
right_child=1 -3 3 -5 6 -7 7 8 9 -11 -12 -13 13 -15
leaf_value=0.0006759355331778271 0.0018503783339680403 -0.016159239682081574 -0.0070563742807022356 -0.011409782689493494 -0.010119854613740875 -0.010325446953098711 0.013454582821080275 -0.0071968994318493832 -0.013756707545616096 0.017794668577270412 0.0065795777131442195 0.012747027560516449 -0.0092767518068069751 0.010945773470265941
leaf_weight=562.23598843440413 27.125475384294987 23.072426795959473 14.607926815748216 34.878098446875811 16.74690156430006 65.648442976176739 54.672309935092926 53.913674771785736 12.508378773927687 14.628876030445097 32.842809218913317 15.848798245191572 13.051872067153452 75.163466010242701
leaf_count=2690 127 128 67 169 78 312 254 256 64 68 161 74 73 418
internal_value=0.000154956 -0.0071413 0.000568606 -0.00168337 -0.000299776 -0.00595496 0.00271246 0.00424214 -0.000559949 0.00550048 0.000161507 0.00359309 0.00166817 0.00761665
internal_weight=1016.95 50.1979 966.748 316.296 281.418 96.1052 185.313 168.566 113.894 59.9801 45.3512 30.4567 650.451 88.2153
internal_count=4939 255 4684 1503 1334 453 881 803 549 293 225 141 3181 491
is_linear=0
shrinkage=0.03


Tree=260
num_leaves=15
num_cat=0
split_feature=0 3 0 29 13 20 17 42 26 11 10 21 26 22
split_gain=3.34442 2.78251 2.90358 6.1406 5.06522 6.13874 2.97532 5.02464 6.56441 4.27255 3.75565 6.24206 6.36771 5.21154
threshold=-9.2499999999999982 0.043482987795078316 9.2500000000000018 9.5000000000000018 22.675000000000004 13.679668587857192 -4.070833333333332 12.500000000000002 4.7071428571428582 27.675000000000004 -14.099999999999998 11.979612310551252 0.13809523809523813 0.14835164835164838
decision_type=2 2 2 2 10 10 10 10 10 10 8 8 10 8
left_child=-1 2 6 4 -4 -6 7 9 -9 10 11 -2 -13 -12
right_child=1 -3 3 -5 5 -7 -8 8 -10 -11 13 12 -14 -15
leaf_value=-0.011030100873502804 -0.015742514867722414 0.011073578760087952 0.01327193563864186 -0.014489524319291741 -0.016687574481474787 0.011547449450035966 -0.0022219866825833189 -0.016778605999010151 0.0057050007086292091 -0.0096148188290134228 0.018601026827733853 -0.012072826140787803 0.0087143891457157514 0.0040309258871860047
leaf_weight=22.054402507841587 15.889090925455092 13.881162740290163 45.700597364455462 7.8596683964133254 10.023168578743936 8.188030429184435 610.00850772112608 23.546005100011826 16.447135731577873 17.889607295393944 21.972346901893616 13.450141549110411 43.623223856091499 151.89449187368155
leaf_count=131 81 62 387 60 72 62 2801 106 77 80 97 60 205 689
internal_value=-0.000621097 -0.000337903 -0.00055351 0.00505595 0.0083365 -0.00423986 -0.00101874 0.00138705 -0.00792579 0.00291486 0.00399585 -0.00164015 0.00323772 0.00634071
internal_weight=1022.43 1000.37 986.492 71.7715 63.9118 18.2112 914.721 304.712 39.9931 264.719 246.829 72.9625 57.0734 173.867
internal_count=4970 4839 4777 581 521 134 4196 1395 183 1212 1132 346 265 786
is_linear=0
shrinkage=0.03


Tree=261
num_leaves=15
num_cat=0
split_feature=26 13 15 17 1 19 20 19 1 20 26 19 20 11
split_gain=2.94899 4.77336 5.62454 6.87988 7.72884 4.99995 6.14302 5.65694 5.39419 4.92955 4.69904 4.3535 4.31989 5.2325
threshold=-4.2928571428571418 25.900000000000002 -5.0499999999999989 -8.9499999999999975 44.750000000000007 3.1500000000000008 8.7591222289806119 4.5500000000000007 42.250000000000007 13.551957628164104 -0.57738095238095222 5.9500000000000011 19.498432685700497 29.700000000000006
decision_type=10 8 8 10 2 10 8 10 2 10 10 10 10 10
left_child=-1 5 3 -3 -5 6 -2 9 -9 -7 -10 -4 13 -8
right_child=1 2 11 4 -6 7 12 8 10 -11 -12 -13 -14 -15
leaf_value=0.0028789872529832879 0.015414447971943237 -0.0065424489089186558 -0.012728468364738833 0.019961776317932434 -0.0060640735444409382 -0.020007783837905076 0.0035980453810448738 -0.0090452600845854266 -0.0081208217153409725 -0.00057337213925957387 0.0065009308373398739 0.0035306138797217791 -0.012296628968887254 -0.0082249473940132056
leaf_weight=281.57113015279174 26.321305766701698 46.022851198911667 75.809986524283886 20.904654651880264 13.932597123086451 23.900316618382931 291.62742947787046 39.560659788548946 20.889648966491222 20.300908595323563 83.504720449447632 15.85438698530197 14.424802497029303 33.239970050752163
leaf_count=1484 124 226 352 96 65 112 1351 184 105 93 398 74 71 175
internal_value=0.000300702 -0.000711702 -0.00499356 0.000797575 0.0100984 0.000655038 0.00268932 -0.00326514 -0.000254741 -0.0120472 0.00333763 -0.00987912 0.00149262 0.002282
internal_weight=1007.87 726.294 172.524 80.8601 34.8373 553.77 365.614 188.156 143.955 44.2012 104.394 91.6644 339.292 324.867
internal_count=4910 3426 813 387 161 2613 1721 892 687 205 503 426 1597 1526
is_linear=0
shrinkage=0.03


Tree=262
num_leaves=15
num_cat=0
split_feature=0 15 15 9 26 23 42 14 18 22 7 15 4 4
split_gain=3.89093 2.9512 5.33928 5.25568 6.45546 5.30306 5.78518 5.29623 4.98638 4.92133 5.74531 4.42044 4.15313 4.05476
threshold=-9.2499999999999982 1.9500000000000002 2.3500000000000001 3.9000000000000004 7.942810457516341 0.59687500000000016 7.5000000000000009 29.300000000000001 -4.9499999999999993 0.75735294117647067 -1.8347340869775277 7.8500000000000005 227.68312710899889 103.79813955744841
decision_type=2 8 8 10 10 8 8 10 8 10 2 10 2 2
left_child=-1 9 -3 5 11 6 7 8 -4 -2 -11 13 -8 -5
right_child=1 2 3 4 -6 -7 12 -9 -10 10 -12 -13 -14 -15
leaf_value=-0.010987577297365927 0.0011471878214532767 -0.013851280566209486 -0.0068619855640031672 0.018248348309560024 -0.0038149078642836947 -0.0096175518038105878 -0.010178356425706102 -0.010273359958006739 0.012263874596851163 -0.006055733608479697 0.016021426439240725 -0.0019164415882140901 0.0066814228727096235 0.00025488316191981666
leaf_weight=21.234588250517845 585.09654033184052 23.704951733350754 11.896985307335852 40.267812326550484 49.485316902399063 70.887371592223644 49.428606264293194 11.8267142213881 55.957062147557735 11.272041164338587 36.487738836556673 20.633110173046589 13.50053235888481 15.198945164680479
leaf_count=127 2758 117 64 177 220 329 240 68 314 57 190 101 114 72
internal_value=0.000420796 0.000717795 -0.00142704 -0.000369819 0.00439736 -0.00321047 0.00019221 0.00541748 0.0086697 0.00194888 0.0107308 0.0096435 -0.00633578 0.0137466
internal_weight=1016.88 995.644 362.787 339.082 125.585 213.497 142.61 79.6808 67.854 632.856 47.7598 76.0999 62.9291 55.4668
internal_count=4948 4821 1816 1699 570 1129 800 446 378 3005 247 350 354 249
is_linear=0
shrinkage=0.03


Tree=263
num_leaves=15
num_cat=0
split_feature=3 27 17 25 25 17 13 17 30 25 20 20 8 12
split_gain=2.94179 3.77004 4.40247 2.51148 4.20536 2.97958 7.75783 4.04361 3.11693 3.89877 3.38244 6.34036 4.00908 5.85767
threshold=0.016978221047704082 8.5000000000000018 -3.9499999999999988 11.591666666666669 13.267857142857144 -14.249999999999998 25.100000000000005 -11.949999999999998 5.0000000000000009 -0.59166666666666656 18.159325717827148 17.195768176089306 -2.8999999999999995 23.300000000000001
decision_type=2 2 10 10 10 8 10 8 2 8 10 10 10 10
left_child=1 -1 -3 5 -5 6 -2 -7 10 -10 11 -9 -12 -14
right_child=3 2 -4 4 -6 7 -8 8 9 -11 12 -13 13 -15
leaf_value=0.0036611075481006558 0.023366266925165489 0.0032424030307324062 -0.017108148644163827 -0.015433376266348124 0.0013576981849576209 -0.0088053529081949522 -0.0010188270173153815 0.00016567478376026544 -0.0028646384038010912 0.013754170228044624 0.003804436604683401 0.012270897763913732 -0.020131929415356697 0.0013436646897677777
leaf_weight=20.069165676832199 13.307947799563406 11.633736595511435 27.102753661572933 18.705644205212593 29.271798890084028 37.005436390638351 31.646867223083973 687.85785358399153 17.775860726833344 29.489788345992565 21.338664323091507 36.287936978042126 22.20044582337141 18.700569368898869
leaf_count=96 65 56 143 101 165 176 148 3311 82 155 102 181 115 88
internal_value=-8.4912e-05 -0.00632396 -0.0113243 0.000326523 -0.00602761 0.000690404 0.00781609 0.000279952 0.000733338 0.00782797 0.000260153 0.00085227 -0.0061801 -0.0112362
internal_weight=1022.39 58.8057 38.7365 963.589 47.9774 915.611 44.9548 870.657 833.651 47.2656 786.385 724.146 62.2397 40.901
internal_count=4984 295 199 4689 266 4423 213 4210 4034 237 3797 3492 305 203
is_linear=0
shrinkage=0.03


Tree=264
num_leaves=15
num_cat=0
split_feature=16 20 13 13 9 16 20 17 20 11 18 20 41 1
split_gain=2.83996 3.51431 3.52825 4.3099 3.06503 4.72601 3.36838 4.56924 3.23565 5.3898 5.3781 5.20211 5.4394 5.04576
threshold=-7.0499999999999989 12.568037060557851 26.100000000000005 21.900000000000002 -8.2999999999999989 -5.8499999999999988 19.498432685700497 -3.3499999999999992 15.32644772933377 21.700000000000006 -6.1833333333333327 12.634388650399105 70.500000000000014 47.750000000000007
decision_type=10 10 10 10 10 10 10 10 8 8 10 10 8 2
left_child=1 -1 3 -3 5 -2 8 -8 11 10 -10 -6 13 -13
right_child=4 2 -4 -5 6 -7 7 -9 9 -11 -12 12 -14 -15
leaf_value=-0.009423427568519287 0.01882867869233764 0.0028665976792353184 0.010050341460213259 -0.014412505924295594 0.0018684950966130131 0.0010707466643405804 0.0033272586456111037 -0.015934443321621111 0.011127834541402299 0.0085016292088196353 -0.0043904056940849527 -0.0088361758428265359 0.0041382004373688866 0.0026798820478505488
leaf_weight=54.127866461873055 15.78788438439369 30.824957937002182 19.109528951346874 15.945915073156355 348.17408650740981 40.292723596096039 16.819438613951206 20.935439981520176 20.919341959059238 104.22694616019726 84.879310384392738 144.07523886114359 55.795594267547131 41.893970154225826
leaf_count=263 92 170 91 80 1644 240 79 103 101 535 397 690 254 199
internal_value=0.000125148 -0.00411225 0.000608371 -0.00384748 0.000713805 0.00720205 0.000239299 -0.00796793 0.000673732 0.00382478 -0.000958319 -0.000470798 -0.0038093 -0.00623967
internal_weight=1013.81 120.008 65.8804 46.7709 893.8 56.0806 837.719 37.7549 799.964 210.026 105.799 589.939 241.765 185.969
internal_count=4938 604 341 250 4334 332 4002 182 3820 1033 498 2787 1143 889
is_linear=0
shrinkage=0.03


Tree=265
num_leaves=15
num_cat=0
split_feature=3 42 14 39 39 24 21 21 21 19 12 42 14 12
split_gain=3.1782 4.11675 4.51213 2.86319 9.44734 11.7571 5.51634 5.35677 4.5372 6.86722 6.69783 6.55275 6.48168 5.79164
threshold=0.016978221047704082 6.5000000000000009 20.500000000000004 1794.6209787319315 1505.5882577139103 0.11904761904761907 12.056579557792224 16.086571215895869 13.984401738471716 3.1500000000000008 23.100000000000005 4.5000000000000009 23.700000000000006 21.100000000000005
decision_type=2 8 8 2 2 10 8 10 10 10 8 10 10 10
left_child=1 2 -1 4 8 -6 -5 -8 9 10 13 -12 -11 -2
right_child=3 -3 -4 6 5 -7 7 -9 -10 12 11 -13 -14 -15
leaf_value=0.0012249515169792441 0.0043238546366622683 0.0014653414170951258 -0.02145271520974636 -0.011738995333640926 0.019565833236613882 -0.0085495319622201308 0.0064935044033375298 -0.0081085183664524729 -0.0025052166062738321 -0.01208607037134223 0.0024274351096034005 0.018308545336885172 0.0012363405011000957 -0.0072129637313861281
leaf_weight=11.327122919261457 152.99404202401638 28.841186486184597 17.667780913412571 44.172553203999996 43.086573474109173 15.246548168361185 52.973080456256866 32.110786288976669 339.67207084223628 44.696619719266891 45.122769348323345 47.799716591835022 94.698526684194803 47.214043110609055
leaf_count=57 791 144 90 217 201 86 257 152 1614 209 208 220 488 221
internal_value=-9.44779e-05 -0.00663149 -0.0137163 0.000331764 0.000983546 0.0121225 -0.00373689 0.000838496 6.95156e-05 0.00209703 0.00467876 0.0111145 -0.00330604 0.00149373
internal_weight=1017.62 57.8361 28.9949 959.787 830.531 58.3331 129.256 85.0839 772.198 432.526 293.131 92.9225 139.395 200.208
internal_count=4955 291 147 4664 4038 287 626 409 3751 2137 1440 428 697 1012
is_linear=0
shrinkage=0.03


Tree=266
num_leaves=15
num_cat=0
split_feature=10 42 26 18 7 1 13 19 20 7 8 0 3 18
split_gain=3.65321 3.42263 3.56379 3.26434 6.46188 3.89428 3.11017 3.09802 6.88156 5.01989 5.34247 4.71872 4.27078 6.43837
threshold=-13.149999999999997 8.5000000000000018 6.2426470588235299 -7.8499999999999988 -1.7309735623331741 43.250000000000007 23.700000000000006 -2.0499999999999994 19.498432685700497 -2.8633518109865777 -3.3249999999999997 -5.2499999999999991 0.024722049054640708 6.6500000000000012
decision_type=8 10 8 8 2 2 10 10 10 2 8 2 2 8
left_child=1 6 -3 4 -2 -6 -1 8 9 10 -5 -9 -13 -14
right_child=3 2 -4 7 5 -7 -8 11 -10 -11 -12 12 13 -15
leaf_value=0.0020280261701686331 0.0070756039341711048 -0.0071350677032653914 0.010003285171431115 0.0044897460065244392 -0.01811625375548816 -0.00033760698944659102 -0.01078781686744037 -0.0086412575088719509 -0.019590291583629488 0.0017476869618917297 -0.014949321432008576 0.0010221284179930418 0.00900877720898202 -0.0053901258876171828
leaf_weight=20.449957966804504 20.626764889806509 14.585915252566336 20.31348379701376 16.562471345067024 26.240905672311783 17.488881092518568 67.296467632055283 28.112623170018196 12.643207259476183 217.59735884517431 31.812375333160162 338.94270281866193 158.57775913178921 30.220011502504349
leaf_count=97 98 68 100 74 122 84 341 157 63 1057 167 1631 768 143
internal_value=-6.62204e-05 -0.00481674 0.00284393 0.000605054 -0.00565535 -0.0117702 -0.00785268 0.00111868 -0.00144603 -0.000237956 -0.0084967 0.00240565 0.00306969 0.00662441
internal_weight=1021.47 122.646 34.8994 898.825 64.3566 43.7298 87.7464 834.469 278.615 265.972 48.3748 555.853 527.74 188.798
internal_count=4970 606 168 4364 304 206 438 4060 1361 1298 241 2699 2542 911
is_linear=0
shrinkage=0.03


Tree=267
num_leaves=15
num_cat=0
split_feature=16 16 9 19 26 24 23 39 26 37 20 20 39 39
split_gain=2.28858 6.96321 4.8433 3.97553 3.96963 3.83158 2.95207 4.00807 3.09689 7.78712 6.96857 2.87734 2.51981 8.11709
threshold=-8.9499999999999975 -9.9499999999999975 -9.6999999999999975 -1.9499999999999997 -12.96153846153846 0.072077922077922116 0.14642857142857144 935.22570463084014 -4.5358974358974349 1.0000000180025095e-35 12.763010788880349 15.37675012622773 1505.5882577139103 1782.34303976501
decision_type=10 10 10 10 8 10 8 2 8 2 10 10 2 2
left_child=1 3 4 -1 -2 -5 7 -4 9 10 -8 -12 -10 -14
right_child=2 -3 6 5 -6 -7 8 -9 12 -11 11 -13 13 -15
leaf_value=-0.0091501613295248644 -0.0051677306349874625 -0.019472850860060856 0.00035258344857288116 0.016817966647935719 0.012503736443340178 -0.00217573457372916 0.017516237678156802 -0.016454857339456262 -0.0017386471340327971 -0.013808568158850447 -0.0068391641762054296 0.0065803736225070256 0.012460616057086597 -0.0021304519258507101
leaf_weight=18.316469684243202 12.170775111764668 17.571113023906946 26.398408994078636 12.60499729216099 40.424210734665394 18.745165944099426 34.577319465577602 19.367763176560402 608.91042036935687 12.653748031705616 21.601060941815376 26.325332164764404 45.330581329762936 104.30074885487556
leaf_count=89 76 88 132 59 241 99 180 95 2867 72 113 142 217 489
internal_value=-0.000506223 -0.00565433 -0.000115005 0.00056831 0.00832084 0.00672396 -0.000651551 -0.00768026 -0.00023222 0.00472931 0.00819907 0.000457302 -0.000881528 0.00254987
internal_weight=1019.3 67.2377 952.06 49.6666 52.595 31.3502 899.465 45.7662 853.699 95.1575 82.5037 47.9264 758.542 149.631
internal_count=4959 335 4624 247 317 158 4307 227 4080 507 435 255 3573 706
is_linear=0
shrinkage=0.03


Tree=268
num_leaves=15
num_cat=0
split_feature=14 14 27 22 9 24 17 9 23 26 41 9 15 15
split_gain=2.62891 3.21661 4.91892 5.37366 4.26813 4.02433 3.8683 3.83701 5.29954 4.70864 4.36605 3.39273 6.71389 3.93789
threshold=10.900000000000002 16.100000000000005 7.5000000000000009 0.69615384615384623 10.700000000000001 -0.1818181818181818 -14.249999999999998 7.1000000000000005 0.63245614035087727 4.7735042735042743 45.500000000000007 3.9000000000000004 2.7500000000000004 1.7500000000000002
decision_type=8 8 2 10 10 8 8 10 10 8 10 10 10 10
left_child=-1 2 -2 4 5 -4 -3 11 9 -9 -10 13 -13 -8
right_child=1 6 3 -5 -6 -7 7 8 10 -11 -12 12 -14 -15
leaf_value=-0.012508601588776081 0.011876210280657447 0.0087114106216816464 0.010450038155027841 0.010437314617812226 -0.015194622799482685 -0.0083177306698541831 -0.0001934580776300099 -0.0084036480446686105 0.0013025832245783476 0.011779934985943189 -0.015024657298657464 -0.0019639072637748609 0.012908555615127234 -0.0050905427162818819
leaf_weight=12.795287504792212 38.152943640947342 27.549182116985321 15.61041349172592 21.159308038651943 20.258030004799366 15.594668515026571 428.04130509868264 14.392952300608156 18.394173040986061 17.85287518799305 56.512890018522739 69.007274560630322 39.070207327604294 221.05241396278143
leaf_count=59 176 132 72 104 97 71 2058 67 86 83 270 322 178 1173
internal_value=-0.00106982 -0.000862504 0.00385072 -0.000858961 -0.00601645 0.00121747 -0.00146612 -0.00183875 -0.0070217 0.00285223 -0.0111847 -0.00106402 0.00374557 -0.00188735
internal_weight=1015.44 1002.65 110.775 72.6224 51.4631 31.2051 891.873 864.324 107.153 32.2458 74.9071 757.171 108.077 649.094
internal_count=4948 4889 520 344 240 143 4369 4237 506 150 356 3731 500 3231
is_linear=0
shrinkage=0.03


Tree=269
num_leaves=15
num_cat=0
split_feature=1 21 15 42 5 23 24 17 24 20 16 10 42 7
split_gain=3.34037 5.33816 5.26537 6.60887 4.55785 4.8922 4.41176 4.33241 4.66889 4.31023 4.17871 5.98424 5.47126 5.13034
threshold=46.750000000000007 18.516358783317312 -4.9499999999999993 11.500000000000002 0.57134346439317851 0.57417582417582425 -0.2696969696969696 -10.649999999999997 -0.064583333333333312 11.887668623478644 -1.5499999999999998 11.100000000000003 1.5000000000000002 2.6883427173750993
decision_type=2 10 8 10 2 10 10 10 8 10 10 10 8 2
left_child=2 10 3 4 5 7 -5 -1 -9 -7 11 12 -2 -12
right_child=1 -3 -4 6 -6 9 -8 8 -10 -11 13 -13 -14 -15
leaf_value=-0.013739286607490528 -0.0030001395195060968 0.0095197229497916563 -0.00067701999911077941 0.0058896262739469539 0.016194556287599804 -0.002570358365995098 -0.014429999851997824 0.012512830086514133 -0.0075232477628554622 0.017369395048415268 -0.0038198585674836653 0.0032357203395530923 -0.020162037136416955 0.0097708178277483345
leaf_weight=14.405020967125891 29.819465406239033 22.443919897079468 580.47224425524473 12.871936872601511 40.407966896891594 12.530223891139029 17.89811672270298 18.150287345051765 14.629758410155771 26.086967490613461 135.80297417938709 23.542704787105322 39.987617693841457 25.475272715091705
leaf_count=65 138 109 2853 60 200 60 83 81 65 124 647 142 185 125
internal_value=-0.000405932 -0.00318348 0.000652045 0.00543578 0.00842655 0.00407796 -0.00629467 -0.00238794 0.00375849 0.0113465 -0.00446496 -0.00934571 -0.0135215 -0.00144384
internal_weight=1014.52 277.072 737.453 156.98 126.21 85.8023 30.7701 47.1851 32.78 38.6172 254.628 93.3498 69.8071 161.278
internal_count=4937 1346 3591 738 595 395 143 211 146 184 1237 465 323 772
is_linear=0
shrinkage=0.03


Tree=270
num_leaves=15
num_cat=0
split_feature=10 22 17 42 17 15 3 3 20 18 18 18 10 3
split_gain=3.97716 6.33976 3.76813 4.38078 3.75416 4.96231 3.64329 5.53269 4.52815 4.20676 4.86988 5.65498 4.74197 4.16169
threshold=-12.699999999999998 0.41287878787878796 -5.8499999999999988 13.500000000000002 -3.3499999999999992 6.8166666666666673 0.025177278803792173 0.024369669348969673 18.6767827361702 7.8375000000000012 -7.2499999999999991 -5.6499999999999995 -3.899999999999999 0.042045733144193471
decision_type=8 10 10 8 10 10 2 2 10 10 10 10 10 2
left_child=1 -1 -2 6 -5 -6 7 8 -4 10 -9 -12 -13 -8
right_child=2 -3 3 4 5 -7 13 9 -10 -11 11 12 -14 -15
leaf_value=-0.00093778875254174089 0.0046066236890294479 -0.015216914143275383 -0.00227847101405226 -0.0079345015040186706 0.0097922362366752291 -0.0065858186667338619 -0.0080441110626344181 -0.0078500447701518941 -0.016810480935117725 -0.0074436100568760107 0.020471183965955247 -0.005093247179585903 0.0060799562078771487 0.0022048874053536937
leaf_weight=93.196312285959721 144.30272218585014 35.446057707071304 186.0989483743906 13.974388178437946 81.772585730999708 16.879484958946705 124.19371647015214 23.499401729553938 16.893389590084553 28.241357918828726 15.716419719159601 39.22083455324173 157.10709740594029 46.72667371481657
leaf_count=465 669 173 890 62 393 89 642 115 81 142 75 174 796 225
internal_value=-0.000466861 -0.00529437 0.000252874 -0.000609393 0.00471876 0.00680742 -0.00157981 -0.000191071 -0.00386289 0.00265383 0.00399405 0.00545725 0.00377681 -0.00525918
internal_weight=1023.27 128.642 894.627 750.324 112.626 98.6521 637.698 466.777 202.992 263.785 235.544 212.044 196.328 170.92
internal_count=4991 638 4353 3684 544 482 3140 2273 971 1302 1160 1045 970 867
is_linear=0
shrinkage=0.03


Tree=271
num_leaves=15
num_cat=0
split_feature=11 1 12 25 2 27 39 8 25 20 14 8 8 20
split_gain=3.23459 4.38474 4.53792 8.70885 4.03051 3.61965 3.31906 3.22483 4.50424 6.49965 4.82888 8.62377 8.44868 7.95703
threshold=19.100000000000005 37.750000000000007 14.500000000000002 -1.5634920634920633 0.74785009888040677 13.500000000000002 837.81815217256212 -6.8999999999999995 -5.4807692307692299 14.958460983798004 19.500000000000004 5.4500000000000011 3.1000000000000005 12.727267269231929
decision_type=10 2 10 8 2 2 2 10 8 10 10 10 10 10
left_child=4 5 3 -3 -1 -2 -5 -4 9 -9 11 -10 -12 -13
right_child=1 2 7 6 -6 -7 -8 8 10 -11 12 13 -14 -15
leaf_value=0.0020817964618810442 -0.015055185836641335 -0.025637905389225182 -0.0069578382317506612 -0.0072363832478311895 0.0168466918852982 0.0013683060275850114 0.013138043099881766 0.00043765267038326422 0.010018295551053477 0.023985145713727 -0.0060594027519195589 -0.014157683718307388 0.003160832269716952 0.0048091862163535219
leaf_weight=313.69346386194229 28.101518452167511 12.490377977490423 42.053718462586403 10.318188201636081 12.768562413752077 17.796198613941669 8.8850515894591791 25.017414450645447 99.490653023123741 13.485915564000605 178.87669352069497 29.296046428382397 169.71613270044327 43.247664395719767
leaf_count=1432 144 61 201 77 86 90 62 117 462 65 843 136 915 207
internal_value=0.000474435 -0.00070711 -2.56272e-05 -0.01027 0.0029047 -0.00917836 0.00295721 0.000594696 0.00121938 0.010494 0.000440166 0.00448104 -0.00158921 -0.00326939
internal_weight=1005.24 678.776 632.878 31.6936 326.462 45.8977 19.2032 601.184 559.131 38.5033 520.627 172.034 348.593 72.5437
internal_count=4898 3380 3146 200 1518 234 139 2946 2745 182 2563 805 1758 343
is_linear=0
shrinkage=0.03


Tree=272
num_leaves=15
num_cat=0
split_feature=26 12 24 12 12 9 26 18 9 5 19 9 25 23
split_gain=2.37482 4.13027 4.41987 4.01074 4.9672 5.20488 5.81248 5.23518 4.43507 4.52142 3.89196 3.70558 4.44027 4.09171
threshold=-2.5634920634920628 11.700000000000001 0.68968253968253979 22.633333333333336 19.700000000000006 2.1000000000000005 2.2928571428571431 -2.816666666666666 -1.0000000180025095e-35 0.62245993918498155 -1.8499999999999999 -1.4999999999999998 -6.4807692307692299 0.57417582417582425
decision_type=8 10 10 8 10 10 8 10 10 2 10 10 10 10
left_child=1 -1 -3 4 8 10 -7 -8 11 -10 -6 12 -2 -14
right_child=3 2 -4 -5 5 6 7 -9 9 -11 -12 -13 13 -15
leaf_value=-0.010191782231730003 -0.0065451195734958318 0.0044919566476115625 -0.0099357267656041796 0.0012202091278602826 -0.021585748326852311 0.012127957950024047 0.0082313698765451183 -0.012127079070727374 -0.012132841058242305 0.0066060756706827414 -0.0069516110662733391 0.016684166792996082 0.01361362272782791 -0.0049589545415518587
leaf_weight=16.433860398828983 29.6618822067976 266.51415376365185 15.895875368267296 444.89960688352585 21.026242338120937 18.435612857341766 12.45489579439163 31.138536117970943 30.28711362183094 13.414184145629404 68.40582486987114 14.170211166143416 27.138096421957016 12.817798681557177
leaf_count=95 141 1398 95 2080 96 85 59 142 135 69 320 68 136 59
internal_value=0.00038508 0.00261175 0.00352115 -0.000545819 -0.00333436 -0.00691824 -0.000154426 -0.00606208 0.00102381 -0.00629321 -0.011353 0.00497963 0.00163891 0.00776668
internal_weight=1022.69 298.844 282.41 723.85 278.95 151.461 62.029 43.5934 127.489 43.7013 89.4321 83.788 69.6178 39.9559
internal_count=4978 1588 1493 3390 1310 702 286 201 608 204 416 404 336 195
is_linear=0
shrinkage=0.03


Tree=273
num_leaves=15
num_cat=0
split_feature=7 7 23 19 26 23 8 42 3 14 23 14 10 42
split_gain=4.09651 4.29355 4.30712 4.48808 4.2308 5.53513 6.84684 4.44543 8.80128 6.43044 8.94449 6.89795 4.56089 4.17459
threshold=0.67480678205360178 0.93032024740170993 0.74342105263157909 3.4500000000000006 -2.5634920634920628 0.18465909090909094 0.90000000000000013 7.5000000000000009 0.025873616534920044 17.900000000000002 0.74342105263157909 22.100000000000005 0.59999999999999998 7.5000000000000009
decision_type=2 2 10 8 8 10 10 10 2 8 10 10 10 8
left_child=4 13 -3 -4 5 6 -1 -6 9 10 -9 -11 -13 -2
right_child=1 2 3 -5 7 -7 -8 8 -10 11 -12 12 -14 -15
leaf_value=-0.0097905059632254349 -0.018718569754220697 -0.0024130326927383132 0.011534942135237605 -0.0042265362265081659 0.002680891507522481 0.0089677393465650585 0.011648295792866735 -0.023576812858474048 0.011558206425944288 0.0061304025658068849 0.0027674840539542635 -0.00038054898107154088 -0.017870210987835894 0.0016844938545105955
leaf_weight=33.925631053745747 20.167338192462921 321.53807554394007 39.482686638832092 22.315023712813854 259.53761649876833 126.04164466261864 15.606377363204954 29.991975225508213 24.611362844705582 46.950772307813168 15.910887360572813 26.966154083609581 22.158713042736053 12.875353947281836
leaf_count=170 96 1564 185 107 1217 684 112 135 125 214 74 123 105 61
internal_value=0.000301154 -0.00197275 -0.00100503 0.00595316 0.00187799 0.00572661 -0.00258697 0.000244254 -0.00351939 -0.00643731 -0.0150704 -0.00177112 -0.00919165 -0.0115919
internal_weight=1018.08 416.378 383.336 61.7977 601.701 175.574 49.532 426.127 166.59 141.979 45.9029 96.0756 49.1249 33.0427
internal_count=4972 2013 1856 292 2959 966 282 1993 776 651 209 442 228 157
is_linear=0
shrinkage=0.03


Tree=274
num_leaves=15
num_cat=0
split_feature=14 12 14 3 2 19 15 19 25 19 2 1 26 15
split_gain=3.20822 8.67807 3.61757 2.60271 2.51852 4.36622 7.64647 5.65988 4.95826 4.8945 4.64467 4.15041 7.38166 5.25318
threshold=31.300000000000001 19.100000000000005 33.900000000000006 0.043482987795078316 0.34746472687839575 5.2500000000000009 6.9500000000000011 3.1500000000000008 -7.9666666666666659 2.5500000000000003 0.41092497601006911 37.750000000000007 -2.316666666666666 2.9500000000000006
decision_type=8 8 8 2 2 10 8 10 8 10 2 2 10 8
left_child=3 -2 -3 4 -1 7 -7 8 -6 10 -10 12 -12 -14
right_child=1 2 -4 -5 5 6 -8 -9 9 -11 11 -13 13 -15
leaf_value=-0.0041329345386631093 0.0091016128424616285 -0.023925828512225151 -0.0032283923311635411 0.01091345157577165 -0.0075836061280183725 0.0074653563856244519 -0.01137364639724597 -0.0071950247258990713 0.0082400510285080639 0.013091854500256095 0.0039110616667178992 0.00078688025295757654 -0.024572621070166303 -0.00058827063288581212
leaf_weight=120.79757796227932 15.025549180805681 16.323827058076862 14.595625549554823 14.435822017490862 56.226696260273457 133.61644323170185 17.995198585093021 95.439896080642939 59.514762625098228 25.558905363082886 26.560347206890583 386.71654794737697 18.909253068268299 12.905679650604727
leaf_count=668 84 78 69 65 244 629 95 455 256 124 145 1902 82 61
internal_value=-0.000340709 -0.00767863 -0.015965 4.49777e-05 -0.00017547 0.000419342 0.00493758 -0.000613959 0.000508936 0.00143002 0.000716684 -0.000369653 -0.00748891 -0.0162447
internal_weight=1014.62 45.945 30.9195 968.677 954.241 833.444 151.612 681.832 586.392 530.165 504.607 445.092 58.3753 31.8149
internal_count=4957 231 147 4726 4661 3993 724 3269 2814 2570 2446 2190 288 143
is_linear=0
shrinkage=0.03


Tree=275
num_leaves=15
num_cat=0
split_feature=25 2 11 11 7 12 3 17 2 12 13 24 17 19
split_gain=2.75762 3.67097 3.08968 2.65198 2.53886 5.39757 6.08822 8.72154 4.91395 3.94953 4.33472 5.93211 3.862 3.24187
threshold=-14.316666666666665 0.2564731319828028 18.100000000000005 14.100000000000001 1.7637208358587035 30.900000000000002 0.024532164051597197 3.7500000000000009 0.41092497601006911 25.700000000000006 22.225000000000005 -0.024665775401069536 -0.29999999999999988 -9.1499999999999968
decision_type=8 2 10 10 2 8 2 10 2 10 10 8 10 10
left_child=3 2 -2 -1 13 6 7 8 -6 10 11 -8 -11 -3
right_child=1 4 -4 -5 5 -7 9 -9 -10 12 -12 -13 -14 -15
leaf_value=-0.0014439208812004828 -0.0016138554134465855 -0.0091036773657072467 -0.01907810566161838 0.014001693888686802 -0.012799724794898382 0.015294085405015494 0.0046571784445618167 0.020907465650095752 0.0056752881046428115 -0.0023437503340093995 0.00090466117683362279 -0.016023599665959735 0.015674101642809146 -0.00039534790656681803
leaf_weight=15.701317608356474 22.092688232660294 35.844231531023979 11.869070775806902 18.982285521924496 13.224410399794577 22.005963362753391 14.419763281941412 23.795407883822918 39.850706934928894 22.646118134260178 51.953911297023296 41.992954462766647 13.607801742851732 673.96324897184968
leaf_count=72 126 173 80 89 64 100 64 124 184 107 249 209 63 3283
internal_value=-4.6481e-05 -0.000356391 -0.00938237 0.00770851 1.24369e-05 0.00262449 0.00105587 0.00761339 0.000366306 -0.0025676 -0.00538987 -0.0107886 0.00549923 -0.000895709
internal_weight=1021.95 987.266 33.9618 34.6836 953.305 243.497 221.491 76.8705 53.0751 144.621 108.367 56.4127 36.2539 709.807
internal_count=4987 4826 206 161 4620 1164 1064 372 248 692 522 273 170 3456
is_linear=0
shrinkage=0.03


Tree=276
num_leaves=15
num_cat=0
split_feature=43 25 41 13 8 24 21 14 24 16 14 27 3 10
split_gain=3.69404 5.95621 4.45553 3.74129 2.83157 2.63708 2.66036 3.86281 2.63057 2.61371 2.60478 2.20997 6.45385 5.70058
threshold=1.0000000180025095e-35 0.24038461538461542 67.500000000000014 19.500000000000004 -5.0999999999999988 -0.77747252747252737 8.2747943302551761 23.700000000000006 -0.60769230769230764 -0.54999999999999993 18.700000000000006 8.5000000000000018 0.025070420785545004 -12.899999999999997
decision_type=2 8 10 10 10 8 8 10 8 10 10 2 2 10
left_child=5 2 4 -3 -2 -1 7 10 -8 -4 -7 12 -10 -13
right_child=1 3 9 -5 -6 6 8 -9 11 -11 -12 13 -14 -15
leaf_value=-0.0078941709495386359 0.0012429334654934182 -0.0014244940968359276 -0.00039238782490760702 -0.017320846326290176 -0.013918781232338619 0.0095428556250251664 0.011530773356835666 0.018352192770255005 0.0045352271988933959 0.01616236015254055 -0.0060630885074872557 -0.0096286861281238215 -0.0044394742005266601 0.0002004720676517938
leaf_weight=26.55285169929266 24.508459463715553 21.863635592162609 14.586136892437937 33.463757261633873 14.191879041492937 12.0249115601182 14.12556219100952 13.940132945775984 253.77586711570621 15.082066267728804 17.210653051733971 56.142804220318794 95.471771724522114 402.48912509903312
leaf_count=122 121 104 67 160 66 61 68 78 1212 71 90 280 464 2002
internal_value=-4.96657e-05 -0.00480244 0.00117813 -0.0116778 -0.00527343 0.000632712 0.000938262 0.00779219 0.000533326 0.0091406 0.000812054 0.000271296 0.00205383 -0.00109361
internal_weight=1015.43 123.696 68.3685 55.3274 38.7003 891.734 865.181 43.1757 822.005 29.6682 29.2356 807.88 349.248 458.632
internal_count=4966 589 325 264 187 4377 4255 229 4026 138 151 3958 1676 2282
is_linear=0
shrinkage=0.03


Tree=277
num_leaves=15
num_cat=0
split_feature=21 21 11 17 41 19 27 27 3 27 20 22 19 1
split_gain=4.0342 6.13936 4.28278 3.1623 3.18342 6.88288 6.23803 5.55156 5.46091 5.47444 5.97653 5.92117 5.16359 5.82793
threshold=8.4885539818117604 9.1760557176690689 20.633333333333336 17.350000000000005 41.500000000000007 -5.3874999999999993 16.500000000000004 17.500000000000004 0.025070420785545004 7.5000000000000009 10.885260166339108 0.69615384615384623 4.4500000000000011 44.250000000000007
decision_type=8 10 10 10 10 10 2 2 2 2 10 10 10 2
left_child=2 -2 -1 4 5 -3 12 -8 -6 -10 -11 -12 -7 -14
right_child=1 3 -4 -5 8 6 7 -9 9 10 11 -13 13 -15
leaf_value=-0.0018747023346361062 -0.010926943335379299 0.010377057859578627 0.014315028881608597 -0.011385120022580787 0.0026832043091877078 -0.014119334945524118 0.017510726008029234 -0.0058839629181135916 -0.0084224401996970729 0.011754594116521697 0.0012756146241748587 -0.01655775322058875 -0.010225780246252706 0.012641416081715323
leaf_weight=23.677873283624649 43.42418160662055 21.881442315876484 29.793468523770571 16.321828417479992 541.61888841167092 68.249719031155109 12.160305429250004 15.619582537561653 88.535071238875389 30.098079346120358 72.026535801589489 16.602726634591818 16.477614916861061 13.828355371952055
leaf_count=115 210 112 167 92 2588 338 66 79 419 149 364 89 77 70
internal_value=-5.24761e-05 -0.000517326 0.00759871 3.43432e-05 0.000304061 -0.00364014 -0.00637056 0.00546569 0.00110365 -0.00299001 0.00123762 -0.00277089 -0.00980966 0.000520923
internal_weight=1010.32 956.844 53.4713 913.42 897.098 148.217 126.336 27.7799 748.881 207.262 118.727 88.6293 98.5557 30.306
internal_count=4935 4653 282 4443 4351 742 630 145 3609 1021 602 453 485 147
is_linear=0
shrinkage=0.03


Tree=278
num_leaves=15
num_cat=0
split_feature=21 17 25 39 0 21 39 41 15 1 21 26 20 3
split_gain=3.19157 3.93606 4.50854 4.35804 5.10991 5.86274 3.76994 4.38624 3.74537 4.25547 3.23464 4.74129 3.88302 4.6261
threshold=10.391235568228838 -6.9499999999999984 -2.1380952380952376 837.81815217256212 -1.2499999999999998 9.8163693485662016 1380.0238390268792 57.500000000000007 -8.3499999999999996 46.250000000000007 11.043348928452618 1.5192307692307694 17.135084167555242 0.024154191582227872
decision_type=10 8 8 2 2 10 2 10 8 2 10 8 8 2
left_child=1 2 -1 4 -3 -6 -5 -8 9 -2 11 -10 -12 -14
right_child=8 3 -4 6 5 -7 7 -9 10 -11 12 -13 13 -15
leaf_value=-0.013776514911578179 0.009723324167626354 0.020425464217524343 0.0065187339898916622 -0.006834837829668438 -0.0012468198736957344 0.018573521265893397 0.017374702815954463 -0.0022721337692618465 0.00041026437067061126 -0.0059541964539402302 -0.0021708470802186235 -0.0168565393400959 -0.0060717859928970568 0.0079441380759876275
leaf_weight=19.194635704159737 48.354590408504009 22.199106469750404 12.706055834889414 35.901625890284777 47.023656949400902 13.496906526386736 12.579202912747858 22.094243049621582 26.6678317040205 18.105957046151161 619.87933171913028 25.323149353265762 25.169353805482388 71.231368474662304
leaf_count=96 223 101 61 185 248 71 65 110 135 87 2994 119 117 367
internal_value=-0.000458949 0.00305298 -0.00590495 0.00504476 0.00951033 0.00425345 -0.00047217 0.00614698 -0.00125165 0.0053345 -0.00185221 -0.00874088 -0.00129507 0.00416576
internal_weight=1019.93 185.195 31.9007 153.295 82.7197 60.5206 70.5751 34.6734 834.732 66.4605 768.271 51.991 716.28 96.4007
internal_count=4979 937 157 780 420 319 360 175 4042 310 3732 254 3478 484
is_linear=0
shrinkage=0.03


Tree=279
num_leaves=15
num_cat=0
split_feature=18 25 21 25 39 14 3 8 26 41 39 11 11 25
split_gain=3.54258 4.18609 4.13468 6.94697 6.78859 6.47038 5.53727 6.70179 5.0671 5.09186 6.8818 4.48822 4.15181 4.08576
threshold=-8.1499999999999968 -14.316666666666665 15.115297594751917 13.267857142857144 1498.7265836129675 17.900000000000002 0.029024681400628752 6.1000000000000005 -6.5916666666666659 74.500000000000014 704.74491442760336 21.500000000000004 22.100000000000005 11.029411764705884
decision_type=10 8 8 8 2 10 2 10 10 8 2 10 10 8
left_child=-1 -2 13 4 6 -6 7 8 -4 10 12 -7 -10 -3
right_child=1 2 3 -5 5 11 -8 -9 9 -11 -12 -13 -14 -15
leaf_value=-0.0058992355953620896 0.011088726410119477 0.0029104636337007189 0.0077879844759378338 0.010488562278678828 0.018810209299104388 0.0077326407305640865 0.0055892402912365389 -0.018805624659921569 -0.0086815021575278976 0.0047945632683101952 -0.017911248756072248 -0.0099007085704328427 0.0061764319016902108 -0.0046108359407169095
leaf_weight=66.929186075925827 30.695608042180538 540.71271459758282 20.056110061705112 29.632373206317425 15.621303290128706 20.178210243582726 27.43426700681448 36.755967050790787 36.015390679240227 23.423109568655491 46.224279046058655 21.986425541341305 24.26262091845274 69.256345834583044
leaf_count=316 144 2659 105 148 71 96 150 174 164 104 211 113 114 360
internal_value=0.000523229 0.00100815 0.000610063 -0.00223991 -0.00379111 0.00502342 -0.00622972 -0.00806656 -0.00491294 -0.00708948 -0.00980094 -0.00153697 -0.002686 0.00202594
internal_weight=1009.18 942.255 911.559 301.59 271.958 57.7859 214.172 186.737 149.982 129.925 106.502 42.1646 60.278 609.969
internal_count=4929 4613 4469 1450 1302 280 1022 872 698 593 489 209 278 3019
is_linear=0
shrinkage=0.03


Tree=280
num_leaves=15
num_cat=0
split_feature=1 11 2 0 39 18 39 28 39 23 3 2 18 19
split_gain=3.14621 5.26816 4.85157 2.94667 2.76413 5.10012 3.72257 5.34919 4.707 6.44447 5.1562 5.21646 4.01377 4.2775
threshold=37.750000000000007 24.300000000000001 0.62402319081969926 2.2500000000000004 2275.5466847730363 0.25000000000000006 1505.5882577139103 9.5000000000000018 1782.34303976501 0.39087301587301593 0.024843317791356071 0.49667362881894611 10.550000000000002 1.3500000000000003
decision_type=2 10 2 2 2 8 2 2 2 8 2 2 10 10
left_child=1 2 3 -1 6 -6 12 8 9 -8 11 -10 -2 -14
right_child=4 -3 -4 -5 5 -7 7 -9 10 -11 -12 -13 13 -15
leaf_value=-0.0019812381289768077 -0.00092188707519024827 -0.019383414703260663 0.0066360809290064889 -0.014878606653687197 0.0034081924210764688 -0.014597340675712238 -0.0035538952259556913 -0.01036448723823896 -0.0058795028936220722 0.019709399855954057 -0.00731169272811809 0.014602000554559159 -0.0011590452357981397 0.016439506772068502
leaf_weight=47.688006602227688 672.10538991168141 14.426863737404345 33.034767981618643 20.47323302924633 23.496555469930172 25.562461957335472 12.678409226238726 13.474831148982046 13.393172852694986 35.907431460916996 28.073281779885292 28.7910997569561 22.947183683514595 20.627300508320332
leaf_count=214 3286 75 181 85 118 126 64 72 61 173 131 144 112 105
internal_value=-0.000487837 -0.00503678 -0.00217515 -0.00660724 0.000123151 -0.00645607 0.00053939 0.00506418 0.00716136 0.0138737 0.00190616 0.00816533 -0.000326506 0.00800643
internal_weight=1012.68 115.623 101.196 68.1612 897.057 49.059 847.998 132.318 118.843 48.5858 70.2576 42.1843 715.68 43.5745
internal_count=4947 555 480 299 4392 244 4148 645 573 237 336 205 3503 217
is_linear=0
shrinkage=0.03


Tree=281
num_leaves=15
num_cat=0
split_feature=4 4 21 24 21 7 17 18 7 26 9 16 16 14
split_gain=3.06829 4.00169 3.28194 2.81746 3.92723 5.83406 5.27207 4.24122 3.53684 3.64278 4.33136 3.43091 4.44992 4.01149
threshold=-174.21241203811016 -189.93439868497657 12.842853609774876 -0.21428571428571427 11.585910984179597 -1.2228505648306778 -5.9499999999999984 2.9500000000000006 -1.3723187060593267 0.48333333333333339 -1.0000000180025095e-35 7.7500000000000009 2.1500000000000008 17.100000000000005
decision_type=2 2 10 8 10 2 10 8 2 10 10 10 8 10
left_child=1 2 -1 4 5 -2 7 -6 -8 -10 -11 12 13 -5
right_child=3 -3 -4 11 6 -7 8 -9 9 10 -12 -13 -14 -15
leaf_value=-0.0066301766467451442 -0.019772733774961412 0.019217784061814517 0.0091375962924180078 -0.009525491319821484 0.00045392193995133403 -0.0011482111146999207 0.0029750601323403542 0.016525906497153162 -0.019263525580437705 0.008522542173833178 -0.0092359442139119188 0.0074088177282220545 -0.0037218560457364051 0.0022102460208614336
leaf_weight=18.643469125032425 22.798825457692146 12.041668847203253 19.037826307117939 22.823174025863409 43.50367609411478 34.688435703516006 31.378937087953091 17.611128963530064 16.190101213753223 13.742007948458193 33.072474583983421 57.891754522919655 193.01799127459526 476.74107605963945
leaf_count=106 100 60 102 110 201 163 135 82 74 62 157 271 899 2434
internal_value=0.000223606 0.00713395 0.00147342 -0.000168019 -0.00317184 -0.00952561 -0.000599296 0.00598484 -0.00494923 -0.00882443 -0.00370371 0.00069982 8.99427e-05 0.00158501
internal_weight=1013.18 49.723 37.6813 963.46 212.986 57.4873 155.498 61.1148 94.3835 63.0046 46.8145 750.474 692.582 499.564
internal_count=4956 268 208 4688 974 263 711 283 428 293 219 3714 3443 2544
is_linear=0
shrinkage=0.03


Tree=282
num_leaves=15
num_cat=0
split_feature=16 39 16 42 39 13 3 39 4 3 9 16 13 18
split_gain=2.99127 3.65473 3.60938 3.79475 2.92675 8.66373 4.04803 3.96585 4.42816 4.41066 4.06838 3.77598 2.56485 4.02584
threshold=-10.549999999999999 641.11064643597103 -8.2499999999999982 7.5000000000000009 1794.6209787319315 16.500000000000004 0.023273559712382767 1505.5882577139103 77.914088366035472 0.024606802362303396 -9.2999999999999989 -4.2249999999999988 15.900000000000002 -10.149999999999997
decision_type=8 2 8 10 2 8 2 2 2 2 8 10 8 10
left_child=1 -1 3 -2 7 -6 -7 10 9 -9 11 -4 13 -12
right_child=2 -3 4 -5 5 6 -8 8 -10 -11 12 -13 -14 -15
leaf_value=-0.0040804270654397345 -0.015111375615753401 0.013797502685952022 0.013916256088059756 0.0028365076454797112 0.014727045950963184 0.0068066877974264778 -0.0095005727376167599 -0.00043830173870329872 -0.003241839549310671 0.019596195255821208 0.007907741047552241 -0.0049646636541347188 -0.00023281181351820341 -0.0091814073010333778
leaf_weight=13.400504961609839 25.463272832334042 22.809566900134087 27.219416197389364 14.14988988265395 13.590423710644243 12.158021941781042 98.085463471710682 14.610512271523474 20.985502824187279 24.277025416493416 11.321035098284481 10.531973887234924 653.36246654391289 58.913087222725153
leaf_count=67 126 117 167 72 73 60 468 66 121 110 54 65 3125 289
internal_value=-0.000433854 0.00748896 -0.000761571 -0.00910097 -0.000365957 -0.00457022 -0.00748486 0.000291836 0.00741267 0.0128766 -0.000312862 0.00868422 -0.000838632 -0.00608433
internal_weight=1020.88 36.2101 984.668 39.6132 945.055 123.834 110.243 821.221 59.873 38.8875 761.348 37.7514 723.597 70.2341
internal_count=4980 184 4796 198 4598 601 528 3997 297 176 3700 232 3468 343
is_linear=0
shrinkage=0.03


Tree=283
num_leaves=15
num_cat=0
split_feature=16 16 24 18 15 13 13 41 41 15 24 13 41 18
split_gain=2.84111 4.36422 7.14623 3.88101 4.39503 6.19494 6.72909 4.4428 3.81462 5.35656 4.4511 6.33737 3.49088 4.46378
threshold=-4.9499999999999993 -4.0499999999999989 -0.043201754385964929 5.9500000000000011 1.1500000000000001 28.500000000000004 26.300000000000001 55.500000000000007 69.500000000000014 -1.6499999999999997 -0.23273809523809522 26.300000000000001 58.500000000000007 -4.6499999999999995
decision_type=10 10 10 8 8 10 10 8 10 8 8 10 8 8
left_child=8 2 -2 -3 5 6 -5 -7 10 -10 -1 12 -12 -14
right_child=1 3 -4 4 -6 7 -8 -9 9 -11 11 -13 13 -15
leaf_value=-0.017175486720488489 0.02260355951423932 -0.00049469034129726031 -0.00067213883816925229 0.0046351532270343283 0.010767551987653001 -0.006379291173924051 -0.01977111468528802 0.0119638415745728 -0.0076287912997155434 0.010287621256521303 -6.0302179854962357e-06 0.0079911453166024767 0.0013750286516468336 -0.015764488375045432
leaf_weight=18.917638190090656 16.647005885839462 635.4393299408257 25.672351904213428 15.894084140658377 59.626876085996628 13.166777357459067 17.20898275822401 35.291852042078972 19.558733224868774 35.042851712554693 44.68062150478363 31.623931184411049 18.198301952332258 42.1627446860075
leaf_count=89 77 3053 140 77 298 64 80 167 91 174 257 152 89 223
internal_value=0.000257421 0.00105789 0.00990468 0.000515538 0.00492363 0.000276163 -0.00898219 0.0068493 -0.00281356 0.00376823 -0.00516883 -0.0029593 -0.00646935 -0.0108872
internal_weight=1029.13 818.947 42.3194 776.628 141.189 81.5617 33.1031 48.4586 210.185 54.6016 155.583 136.666 105.042 60.361
internal_count=5031 3956 217 3739 686 388 157 231 1075 265 810 721 569 312
is_linear=0
shrinkage=0.03


Tree=284
num_leaves=15
num_cat=0
split_feature=30 21 1 26 1 15 35 9 13 13 21 20 26 17
split_gain=3.20568 6.61992 3.07262 5.88568 5.51151 2.83958 2.59943 2.5731 6.17823 5.76501 3.62753 4.46219 4.87451 5.29763
threshold=3.5000000000000004 14.133490543298786 37.250000000000007 -2.1380952380952376 35.250000000000007 -2.4499999999999997 1.0000000180025095e-35 -11.299999999999999 26.900000000000002 21.900000000000002 17.530449681596057 14.958460983798004 1.1291666666666669 0.20000000000000007
decision_type=2 10 2 8 2 10 2 8 10 10 10 10 10 8
left_child=2 6 3 5 -5 -1 -2 8 9 -4 -9 12 13 -12
right_child=1 -3 7 4 -6 -7 -8 10 -10 -11 11 -13 -14 -15
leaf_value=-0.0060486054510798136 0.017486859879965948 -0.00477709951463839 0.0095903502353170515 -0.00023939033834741752 -0.018405686114132094 0.010491514308018727 0.00084506177315129226 -0.0015003712637239113 0.019408468946368926 -0.01173252531597809 -0.017265845724619571 0.012750257779724761 0.006651657206791753 0.0049106163642175541
leaf_weight=11.231634125113489 27.202814795076847 29.107713356614113 17.638083890080452 24.929011851549149 33.372033908963203 18.732307009398937 12.166370406746863 703.17060754075646 14.798461087048052 18.081196371465921 17.605410300195217 32.582677837461233 39.315803207457066 13.885610833764078
leaf_count=55 138 139 116 115 152 102 62 3410 74 97 80 158 186 69
internal_value=-0.000396023 0.00564391 -0.000860924 -0.00603248 -0.0112704 0.00431327 0.0130188 -0.000296439 0.00595421 -0.00131863 -0.000722211 0.00439527 -3.67778e-05 -0.00815438
internal_weight=1013.82 68.4769 945.343 88.265 58.301 29.9639 39.3692 857.078 50.5177 35.7193 806.56 103.39 70.8068 31.491
internal_count=4953 339 4614 424 267 157 200 4190 287 213 3903 493 335 149
is_linear=0
shrinkage=0.03


Tree=285
num_leaves=15
num_cat=0
split_feature=43 42 8 0 17 10 5 21 13 41 21 10 18 21
split_gain=4.43878 4.49842 4.98727 3.30999 4.30298 4.86057 4.65325 5.46742 3.18831 3.03702 3.07146 2.88961 2.58279 2.4411
threshold=1.0000000180025095e-35 1.5000000000000002 -4.0999999999999988 12.750000000000002 11.250000000000002 13.450000000000001 0.65256665321101182 13.69793169333842 26.900000000000002 82.500000000000014 11.75915703639121 12.100000000000003 1.1500000000000001 9.9947203611786168
decision_type=2 8 8 2 10 10 2 10 10 10 10 8 10 8
left_child=3 12 8 4 5 9 -6 -8 -3 11 -11 13 -2 -1
right_child=1 2 -4 -5 6 -7 7 -9 -10 10 -12 -13 -14 -15
leaf_value=0.0055484691735828958 0.0084504263898681417 0.0064707945261712856 -0.015694000073572249 0.012085855103337598 0.002255553153021081 0.01453199398725368 6.4610130886037434e-05 -0.021706006737791505 -0.0088947209837093935 -0.016529118908083715 -1.5111706904759709e-05 -0.010418688917860087 -0.0061805113323876943 0.00071794552054540593
leaf_weight=106.17897999286652 23.646410509943962 20.389160417020321 41.677264973521233 17.844884239137173 29.96259468793869 18.686440862715244 17.491483695805073 20.437314741313457 18.383896127343178 12.955167718231676 23.298324294388294 13.990391030907629 13.026146866381167 629.40087807178497
leaf_count=517 113 96 199 194 136 137 103 107 90 60 103 80 63 2940
internal_value=7.91805e-05 -0.00528643 -0.00908432 0.000810676 0.000512484 0.00113832 -0.00647305 -0.012828 -0.00099845 0.000729964 -0.0072045 0.00115892 0.00313548 0.00144797
internal_weight=1007.37 117.123 80.4503 890.246 872.402 804.51 67.8914 37.9288 38.7731 785.824 36.2535 749.57 36.6726 735.58
internal_count=4938 561 385 4377 4183 3837 346 210 186 3700 163 3537 176 3457
is_linear=0
shrinkage=0.03


Tree=286
num_leaves=15
num_cat=0
split_feature=25 39 0 42 21 21 4 10 10 25 25 15 9 9
split_gain=2.30346 5.24824 6.51182 6.21452 5.2688 3.6962 3.67669 3.62733 4.06142 3.98799 6.09322 3.52474 3.35834 5.79493
threshold=-4.4833333333333325 312.99475277887353 -4.7499999999999991 10.500000000000002 14.133490543298786 10.911003260817205 1.0099593893069143 -12.699999999999998 -16.099999999999994 -3.5634920634920628 -3.2071428571428569 -5.2749999999999995 -4.2999999999999998 -1.0000000180025095e-35
decision_type=8 2 2 8 8 10 2 8 10 8 8 10 10 10
left_child=1 4 -3 5 -1 -4 -5 8 11 -9 -11 -2 -7 -14
right_child=7 2 3 6 -6 12 -8 9 -10 10 -12 -13 13 -15
leaf_value=0.013284782294616807 -0.0074496022592430702 0.0040228140069200301 -0.019561519483472227 -0.0066233725784279138 -0.0058711585032163683 -0.01374358023734259 0.0094232217764275965 0.010383072240334714 -0.014097399164905202 -0.016074513640654587 0.0010670601374189743 0.011153998909247998 0.0085144936316661982 -0.009553191487556954
leaf_weight=28.255108214914799 14.413985535502436 55.406080842018127 29.66738697886467 19.086923867464066 17.408491589128971 36.25540155172348 22.944678947329521 34.653529308736324 25.973158456385136 14.217246003448961 649.41174127534032 12.475782006978987 22.438713073730469 33.648141324520111
leaf_count=130 69 305 131 83 84 162 106 160 124 66 3239 62 99 147
internal_value=-0.00030251 -0.00267932 -0.00460658 -0.007554 0.00612319 -0.0108711 0.00220686 0.000548534 -0.00667686 0.00113911 0.000582369 0.00157726 -0.00721766 -0.00221957
internal_weight=1016.26 265.111 219.447 164.041 45.6636 122.01 42.0316 751.145 52.8629 698.283 663.629 26.8898 92.3423 56.0869
internal_count=4967 1247 1033 728 214 539 189 3720 255 3465 3305 131 408 246
is_linear=0
shrinkage=0.03


Tree=287
num_leaves=15
num_cat=0
split_feature=8 12 20 22 21 20 39 21 21 29 20 20 26 42
split_gain=2.67703 3.67367 2.88145 2.43268 5.53964 4.17876 6.29052 5.69243 6.20189 5.5413 4.07323 3.76843 3.73423 3.76682
threshold=11.900000000000002 28.100000000000005 17.616595428722938 0.38675213675213682 18.845865999636555 11.95663454998037 1167.3109539846942 13.734991772020303 15.666843608445228 7.5000000000000009 11.281498787237185 12.262181680469135 4.7735042735042743 8.5000000000000018
decision_type=10 10 10 10 10 8 2 10 10 2 10 10 8 8
left_child=3 2 -2 5 -5 10 9 -8 -9 11 -1 -7 -13 -14
right_child=1 -3 -4 4 -6 6 7 8 -10 -11 -12 12 13 -15
leaf_value=0.0025856177741196986 0.013609044074084318 -0.0065244529961513559 -0.0033030777033985835 -0.0023294447070689368 0.0089560734236139652 -0.0081785967465833869 -0.015111658009234551 0.013825447263537941 -0.0086884321025411798 -0.0094916068186364291 0.014223456630532951 0.010196139826941043 -0.0060984772040761854 0.0090585749676461227
leaf_weight=119.51213898509741 34.803813569247723 12.201247222721575 9.549524784088133 528.22082839906216 37.350589975714684 14.121967911720274 38.888089179992676 14.132192425429819 20.990918055176735 25.272402361035347 31.293107338249683 78.283273071050644 32.061483420431614 19.519823536276817
leaf_count=562 220 58 55 2616 182 64 184 66 99 120 144 357 154 91
internal_value=0.000130977 0.00619621 0.010002 -0.000256727 -0.00151219 0.00154147 -0.000898182 -0.00790434 0.000964302 0.00230427 0.0053795 0.00462373 0.0062675 -6.89972e-05
internal_weight=1016.2 56.5546 44.3533 959.647 565.571 394.075 243.27 74.0112 35.1231 169.259 150.805 143.987 129.865 51.5813
internal_count=4972 333 275 4639 2798 1841 1135 349 165 786 706 666 602 245
is_linear=0
shrinkage=0.03


Tree=288
num_leaves=15
num_cat=0
split_feature=3 39 3 10 1 22 9 39 39 11 2 26 11 24
split_gain=4.57719 4.42796 3.77543 3.18504 6.00568 4.75371 4.18335 3.00776 6.55025 4.51659 5.16567 7.82656 4.50837 4.44312
threshold=0.016978221047704082 1627.4602370357597 0.014238191646503752 12.900000000000002 45.250000000000007 0.81534090909090928 -14.299999999999999 1794.6209787319315 1505.5882577139103 27.100000000000005 0.53610154005018396 -1.8257575757575755 20.300000000000001 0.071428571428571425
decision_type=2 2 2 8 2 8 10 2 2 10 2 8 10 10
left_child=1 2 -1 6 5 -5 -2 8 12 10 -9 -12 -8 -10
right_child=3 -3 -4 4 -6 -7 7 9 13 -11 11 -13 -14 -15
leaf_value=0.00050270346173377119 0.014060760363290735 0.0059803629355276652 -0.017660034150609526 -0.0071293348749228063 0.015727446235324835 0.01081448377379181 -0.0034176497294787357 -0.0083314064723692405 0.014441128219485422 -0.016014262644668365 -0.0080052502353991709 0.014518121190673555 0.0014556847334029803 -0.0042531194546635434
leaf_weight=14.295187193900345 13.240244418382643 12.434437945485113 29.517450384795666 31.940842393785715 28.758038751780987 15.770716562867163 285.41611905395985 47.176220014691353 40.096273146569729 20.773752346634865 20.23006834089756 27.028756320476532 410.34550813958049 12.767515301704405
leaf_count=80 62 64 140 214 190 103 1337 218 185 93 99 129 1957 69
internal_value=-0.000141541 -0.00809207 -0.0122894 0.000367204 0.00604138 -0.000734925 -0.000158952 -0.000456565 0.000249123 -0.00486175 -0.00172652 0.00503311 -0.000553581 0.00994877
internal_weight=1009.79 56.2471 43.8126 953.544 76.4696 47.7116 877.074 863.834 748.625 115.209 94.435 47.2588 695.762 52.8638
internal_count=4940 284 220 4656 507 317 4149 4087 3548 539 446 228 3294 254
is_linear=0
shrinkage=0.03


Tree=289
num_leaves=15
num_cat=0
split_feature=8 8 42 7 5 22 17 28 18 17 41 40 17 15
split_gain=2.64817 6.62457 4.90956 6.20567 5.05537 4.07723 4.26584 5.50192 4.68678 4.64982 4.50717 4.05562 4.49896 6.1065
threshold=3.9000000000000004 5.7000000000000002 1.0000000180025095e-35 0.48662686799133553 0.84422495423912758 0.38675213675213682 6.8500000000000014 7.5000000000000009 -3.2499999999999996 -6.8499999999999988 65.500000000000014 1.0000000180025095e-35 -4.5499999999999989 -0.94999999999999984
decision_type=10 10 10 2 2 10 10 2 8 10 8 2 8 8
left_child=5 -2 3 -3 -4 6 7 8 10 -10 -1 -7 -13 -14
right_child=1 2 4 -5 -6 11 -8 -9 9 -11 -12 12 13 -15
leaf_value=0.0057239423794200215 0.0098445583026101399 0.00078837048336556615 0.00048386625633782998 -0.016778646642418849 0.017555735669175426 -0.0054595838316097893 -0.0088141563024473103 -0.0067909309576903451 -0.00019806691534738738 0.009136759419321407 -0.0086061256949054293 0.0093025955167782889 -0.013244693396136185 0.0044401774571869316
leaf_weight=29.11893018335104 68.080893009901047 40.004338353872299 137.89388949424028 27.421705614775419 12.650234740227459 267.11406650021672 31.720078572630882 49.695525161921978 73.398873634636402 132.78751519322395 42.957175970077515 36.334354624152184 25.770215570926666 36.850026294589043
leaf_count=136 357 216 696 135 133 1280 148 237 351 612 197 171 123 171
internal_value=-0.000395368 0.00202693 -0.00058083 -0.00702112 0.00243664 -0.00135745 0.000907327 0.00196583 0.00362198 0.0058877 -0.00282099 -0.00356493 0.00156603 -0.00327891
internal_weight=1011.8 286.051 217.97 67.426 150.544 725.747 359.678 327.958 278.262 206.186 72.0761 366.069 98.9546 62.6202
internal_count=4963 1537 1180 351 829 3426 1681 1533 1296 963 333 1745 465 294
is_linear=0
shrinkage=0.03


Tree=290
num_leaves=15
num_cat=0
split_feature=41 41 39 25 42 25 3 24 27 19 24 25 25 9
split_gain=3.51327 4.09066 3.39153 2.25453 6.45603 3.07551 3.69746 4.26143 3.43687 4.29348 3.06843 4.50137 6.22692 7.55713
threshold=25.500000000000004 33.500000000000007 400.43809280685315 -14.316666666666665 6.5000000000000009 -8.2403846153846132 0.016978221047704082 0.071428571428571425 15.500000000000002 4.4500000000000011 0.17647058823529413 -0.85164835164835151 0.62019230769230782 -8.8999999999999986
decision_type=8 8 2 8 8 8 2 8 2 8 8 8 8 10
left_child=-1 2 -2 4 -3 8 7 -7 9 -5 -8 -12 -13 -14
right_child=1 3 -4 5 -6 6 10 -9 -10 -11 11 12 13 -15
leaf_value=-0.010247976447896209 -0.0021261116522550368 -0.005153495333503547 0.016042102865491119 -0.011233046768554985 0.01835182519005988 -0.01600614723129427 0.0021120466130940588 0.0018501077162281184 0.0074349338911659955 0.0032015017196929348 -0.0114921374257454 0.015995403034905879 0.0097349569037967019 -0.0045241084300092511
leaf_weight=23.477439876645803 12.556786894798277 17.372122757136822 21.595017611980438 61.650001809000969 16.353350676596165 20.848607689142227 536.6526184938848 20.760750133544207 12.652669578790663 23.107299715280533 32.450416818261147 14.487868431955574 36.788029827177525 164.53834775462747
leaf_count=118 65 83 113 292 74 93 2478 120 60 109 161 76 252 883
internal_value=0.000142752 0.000438883 0.00994366 5.00411e-05 0.00714203 -0.000245879 0.000359634 -0.00785414 -0.00515038 -0.00733865 0.000842014 -0.00189081 -0.000219591 -0.0017458
internal_weight=1015.29 991.814 34.1518 957.662 33.7255 923.937 826.527 41.6094 97.41 84.7573 784.917 248.265 215.814 201.326
internal_count=4977 4859 178 4681 157 4524 4063 213 461 401 3850 1372 1211 1135
is_linear=0
shrinkage=0.03


Tree=291
num_leaves=15
num_cat=0
split_feature=8 15 41 1 8 25 43 15 11 25 20 20 7 20
split_gain=2.62751 4.7889 6.27401 4.32963 4.01812 4.83761 4.14295 5.84287 3.93364 3.67968 4.53959 3.85283 3.57255 3.28346
threshold=-7.6999999999999984 -4.9499999999999993 72.500000000000014 39.250000000000007 -3.4499999999999997 -5.6547619047619042 1.0000000180025095e-35 4.7500000000000009 22.900000000000002 -4.4833333333333325 15.720828347924657 19.498432685700497 0.83763710113104484 13.426342266852378
decision_type=10 8 10 2 8 10 2 10 10 8 10 10 2 10
left_child=1 2 -1 -3 5 -2 9 8 -8 10 -6 -11 -7 -5
right_child=4 3 -4 13 6 12 7 -9 -10 11 -12 -13 -14 -15
leaf_value=0.0033669286481483682 0.010854423506861346 0.0027878368777449181 -0.012434003870800195 -0.020192221984658941 -0.013482416876485452 0.0048161133030673519 -0.0044398641829242738 0.0067976107639941318 -0.022914508033886713 0.0018077502047909204 0.0053810025051454569 -0.0096388477009360738 -0.0063307282908689781 -0.0025758896468509782
leaf_weight=109.42018970102072 67.578734412789345 16.299446180462837 23.18988274782896 25.868619672954082 28.907738648355007 63.819971293210983 27.378197327256203 15.491320006549357 15.493095599114893 534.69538569822907 14.007739529013632 22.895551443099976 36.512579813599586 16.145130351185799
leaf_count=519 309 73 106 126 134 297 129 74 75 2711 67 120 172 80
internal_value=0.000147258 -0.00297904 0.000252391 -0.00976722 0.000882762 0.00495306 -0.000184036 -0.00748157 -0.0128124 0.000581127 -0.00740632 0.00125625 0.00065165 -0.0144165
internal_weight=1017.7 190.923 132.61 58.3132 826.78 167.911 658.869 58.3626 42.8713 600.506 42.9155 557.591 100.333 42.0138
internal_count=4992 904 625 279 4088 778 3310 278 204 3032 201 2831 469 206
is_linear=0
shrinkage=0.03


Tree=292
num_leaves=15
num_cat=0
split_feature=13 16 24 2 20 24 2 20 20 42 39 25 42 13
split_gain=2.62731 3.82208 2.4528 5.2693 5.02699 3.22106 3.10457 6.3409 3.78524 3.78423 3.7974 3.31579 4.0439 3.02912
threshold=13.700000000000001 4.0500000000000007 0.46818181818181831 0.82137085775599827 9.9322705382298846 0.40138888888888896 0.79149311340995077 14.958460983798004 16.781107100789132 11.500000000000002 1294.0304473669401 -3.5634920634920628 4.5000000000000009 21.225000000000005
decision_type=8 10 10 2 10 10 2 8 10 8 2 8 10 10
left_child=1 -1 5 4 -4 6 8 -8 -2 10 11 12 -10 -6
right_child=2 -3 3 -5 13 -7 7 -9 9 -11 -12 -13 -14 -15
leaf_value=0.013238524534885438 0.00066471122752571009 -0.0048232825722312519 0.0064178547912950214 0.010280460075550429 -0.020863882827185778 0.012084125919083637 -0.016579723045062434 0.0065390279080992453 -0.0024971281313484802 -0.013109054518343339 -0.0098389876045141007 -0.0025624931500414015 0.018360936451976579 -0.0036896210690423059
leaf_weight=23.539446949958801 719.35642930865288 13.418146744370459 10.032118439674376 9.8087541721761209 22.967355743050575 13.310376588255165 24.181436847895384 13.406701896339653 13.141657426953318 30.755690418183804 31.900719523429871 55.601050347089767 13.848596781492232 17.637664534151554
leaf_count=133 3334 67 55 109 119 89 165 111 61 143 149 264 64 88
internal_value=-0.000467962 0.00688753 -0.000780189 -0.0063918 -0.010255 -0.000376977 -0.000626409 -0.00853426 -0.000235527 -0.00456781 -0.00182087 0.00166096 0.00940211 -0.0146263
internal_weight=1012.91 36.9576 975.949 60.4459 50.6371 915.503 902.192 37.5881 864.604 145.248 114.492 82.5913 26.9903 40.605
internal_count=4951 200 4751 371 262 4380 4291 276 4015 681 538 389 125 207
is_linear=0
shrinkage=0.03


Tree=293
num_leaves=15
num_cat=0
split_feature=19 19 41 19 39 12 26 18 8 19 22 18 18 12
split_gain=2.80874 3.22518 3.41586 3.75606 4.25939 4.1846 6.85509 6.18161 5.59931 5.07027 5.06968 3.73782 8.21894 4.47223
threshold=12.350000000000003 11.15 51.500000000000007 9.4500000000000011 1751.2943972957937 24.500000000000004 -3.2792207792207786 -5.6499999999999995 8.9000000000000021 -0.14999999999999999 0.59411764705882364 10.550000000000002 4.0500000000000007 15.633333333333335
decision_type=10 10 10 10 2 8 10 10 10 10 10 8 10 10
left_child=1 2 -1 4 5 8 -7 -8 10 -10 11 12 13 -4
right_child=-2 -3 3 -5 -6 6 7 -9 9 -11 -12 -13 -14 -15
leaf_value=0.0025299784492563092 -0.0085433015797219229 0.01200406450149282 -0.0095127032265028399 -0.012566832141239668 -0.0063609468984690528 0.017702681113768499 -0.012114007242126629 0.0038303788865082103 -0.019129230088496485 0.0025180620013470958 0.0054408749403209895 0.010067324546486563 -0.013191561548910885 0.0017352957072136249
leaf_weight=266.63070958480239 31.660781674087048 14.472388155758379 34.533487789332867 21.288120537996292 106.20973131805658 22.295745458453894 21.06742201000452 132.69245901703835 23.751372303813696 13.133139472454785 92.158046059310436 14.891924258321522 55.086467690765858 158.14824052155018
leaf_count=1353 156 74 171 103 506 104 98 627 130 85 481 67 261 729
internal_value=-0.000391103 -8.45674e-05 -0.000327586 -0.0014337 -0.000992094 5.90109e-05 0.00383772 0.00133304 -0.00166634 -0.012041 -0.000435528 -0.00256047 -0.00350358 -0.00047025
internal_weight=1008.02 976.359 961.887 695.256 673.968 567.758 176.056 153.76 391.703 36.8845 354.818 262.66 247.768 192.682
internal_count=4945 4789 4715 3362 3259 2753 829 725 1924 215 1709 1228 1161 900
is_linear=0
shrinkage=0.03


Tree=294
num_leaves=15
num_cat=0
split_feature=17 10 39 10 23 27 17 17 12 39 24 14 17 17
split_gain=2.53627 5.68519 4.75065 4.33073 4.38126 3.99638 3.76237 3.87908 3.73431 6.42569 4.65637 5.13738 4.44189 5.01282
threshold=-4.070833333333332 -12.899999999999997 2014.0539211461485 -18.899999999999995 0.8377192982456142 10.500000000000002 -3.0499999999999989 -2.7999999999999989 27.300000000000001 469.22151150202018 -0.1818181818181818 16.500000000000004 -8.9499999999999975 -4.6499999999999986
decision_type=10 8 2 10 8 2 10 10 10 2 8 8 8 8
left_child=1 3 8 -1 5 -5 -2 -8 10 -10 -3 -12 -13 -14
right_child=6 2 -4 4 -6 -7 7 -9 9 -11 11 12 13 -15
leaf_value=0.0043483239736681577 -0.0082868756828608659 0.017158574942231851 -0.0072784010888928491 0.0066139971307265797 -0.016951622261021811 -0.0087870163653350382 0.013017488612408258 -0.00052836586291602264 -0.015430111133685783 0.0063835963116415 -0.0072960093269845332 -0.0037129824284537019 0.016520757874246502 -0.0015358549547738463
leaf_weight=43.674565352499485 50.158871907740831 41.064771875739098 20.163068763911724 23.427963607013226 21.831643551588058 27.782608725130558 14.621218271553515 623.10801723226905 12.843440786004065 33.150113552808762 19.582384295761585 18.770074404776096 47.934770725667477 17.652912005782127
leaf_count=226 234 185 93 107 109 134 72 3122 59 151 91 88 229 80
internal_value=0.000265305 0.00241638 0.00530893 -0.00281987 -0.00710998 -0.00177972 -0.000770033 -0.000118949 0.00678951 -0.000623439 0.00908321 0.00525169 0.00840971 0.0118963
internal_weight=1015.77 327.878 211.162 116.717 73.0422 51.2106 687.888 637.729 190.998 45.9936 145.005 103.94 84.3578 65.5877
internal_count=4980 1552 976 576 350 241 3428 3194 883 210 673 488 397 309
is_linear=0
shrinkage=0.03


Tree=295
num_leaves=15
num_cat=0
split_feature=44 18 22 21 11 11 16 19 14 22 15 18 15 20
split_gain=3.24076 4.22262 4.4153 3.21306 3.81266 2.9366 6.70623 4.75275 4.57778 4.45821 3.50624 6.13856 5.88847 6.24609
threshold=1.0000000180025095e-35 -2.1124999999999994 0.36515151515151517 8.2747943302551761 26.300000000000001 26.900000000000002 2.0500000000000003 -2.1499999999999999 25.900000000000002 0.67261904761904778 -2.0499999999999994 -3.9499999999999997 -4.4499999999999993 17.074347217678916
decision_type=2 10 10 10 10 10 10 10 10 8 8 10 10 10
left_child=3 2 -2 4 -1 10 7 -7 -9 -10 11 -5 -13 -14
right_child=1 -3 -4 5 -6 6 -8 8 9 -11 -12 12 13 -15
leaf_value=0.0012245283800452374 -0.012052977357169628 0.0093390233838840046 0.0068688005009426706 0.0054599632005327796 0.018187205957435382 -0.0082023729100747286 -0.010582591872409159 0.012648437137918574 0.0071623396876940937 -0.014191821829153932 0.00202219300184367 -0.00070791424391092035 -0.013315978417942563 0.0071556265879757627
leaf_weight=38.546370308846235 17.583541013300419 68.569253385066986 17.259278416633606 68.119704142212868 12.811165593564509 26.430738788098097 74.4422169290483 33.496994890272617 14.173896312713625 11.592728257179258 391.57875363901258 149.30294824391603 78.648489013314247 12.693935714662073
leaf_count=188 80 363 93 321 73 142 347 180 80 71 1862 718 383 62
internal_value=0.000333242 0.00523706 -0.00299438 -0.00024843 0.00669403 -0.000699068 -0.00429787 0.00144407 0.0060497 -0.00319018 0.000148447 -0.00222221 -0.00446368 -0.0102473
internal_weight=1015.25 103.412 34.8428 911.838 51.3575 860.48 160.137 85.6944 59.2636 25.7666 700.344 308.765 240.645 91.3424
internal_count=4963 536 173 4427 261 4166 820 473 331 151 3346 1484 1163 445
is_linear=0
shrinkage=0.03


Tree=296
num_leaves=15
num_cat=0
split_feature=26 19 26 13 8 8 18 18 12 12 41 22 11 17
split_gain=2.68079 4.68199 3.03488 3.39688 2.74461 4.88737 4.77775 4.45568 3.98022 6.33197 3.73986 4.36217 3.54645 4.46439
threshold=14.045454545454549 3.5500000000000003 11.759615384615387 22.675000000000004 -2.6999999999999997 1.3 10.725000000000001 5.0500000000000007 25.900000000000002 18.100000000000005 45.500000000000007 0.56458333333333344 19.900000000000002 -5.2499999999999991
decision_type=10 8 10 8 10 10 10 10 10 8 10 8 8 8
left_child=2 -2 4 -4 6 10 7 12 9 -9 11 -6 -1 -14
right_child=1 -3 3 -5 5 -7 -8 8 -10 -11 -12 -13 13 -15
leaf_value=0.0012843777841395055 0.01601274041012931 -0.0043891742529875537 0.0017126017449817104 -0.017706722665515869 -0.0038747157843861341 0.00097805769915180834 0.015610087050478155 0.0045745055938222045 0.0072276844973405549 -0.015783121785209589 -0.002525549420865531 -0.024189715677576808 -0.0023674096794276856 0.014380432968865731
leaf_weight=235.22364925593138 19.864464305341244 14.137883290648459 13.316505469381811 12.953763373196123 25.611618727445602 384.28154084086418 17.876487068831921 18.267838552594185 13.826042041182516 34.478584177792072 151.32064194977283 12.788470409810541 19.056308925151825 40.553445771336555
leaf_count=1089 93 68 60 66 120 2005 83 87 72 160 712 64 90 188
internal_value=0.000341494 0.00805461 3.42112e-05 -0.00916313 0.000334156 -0.000972302 0.00229826 0.00143578 -0.00531752 -0.00894699 -0.00484645 -0.0126477 0.0030239 0.00925754
internal_weight=1013.56 34.0023 979.555 26.2703 953.285 574.002 379.282 361.406 66.5725 52.7464 189.721 38.4001 294.833 59.6098
internal_count=4957 161 4796 126 4670 2901 1769 1686 319 247 896 184 1367 278
is_linear=0
shrinkage=0.03


Tree=297
num_leaves=15
num_cat=0
split_feature=41 25 12 12 27 25 13 1 23 27 11 12 25 2
split_gain=3.67817 3.04151 4.20465 4.86384 3.95237 6.12394 3.76793 4.58171 4.53192 4.0231 3.91851 3.6794 5.8374 4.367
threshold=25.500000000000004 -6.8090909090909078 26.700000000000006 27.100000000000005 14.500000000000002 -2.3205128205128198 18.450000000000003 46.250000000000007 0.76696832579185525 9.5000000000000018 21.900000000000002 23.100000000000005 -7.8321678321678307 0.48267224072705284
decision_type=8 10 8 10 2 10 10 2 10 2 10 8 10 2
left_child=-1 11 4 -4 -3 -6 -5 8 -8 -9 -11 -2 13 -13
right_child=1 2 3 6 5 -7 7 9 -10 10 -12 12 -14 -15
leaf_value=-0.0099354286121486977 -0.0045456749413645284 0.0048953114269459285 -0.015491600084696036 -0.0068584247940554474 0.0094262844423279469 -0.0046568764006615177 0.015705202437751559 -0.0092528270878876016 -0.0031146955432441456 -0.0077338427616772381 0.010045088697759897 0.0012059400578568842 -0.012245918941519612 0.015742288627100434
leaf_weight=21.572435148060322 142.04892898350954 443.25277017802 15.415862828493117 45.330404803156853 32.821982711553574 100.07971046864986 30.531053625047207 31.048865348100662 14.905186377465723 12.587891034781931 27.491423308849335 55.603517509996891 14.029163293540476 23.675468258559704
leaf_count=111 656 2212 71 208 156 537 141 145 72 62 129 277 70 108
internal_value=0.00109505 0.00138447 0.00231109 -0.0016929 0.00354727 -0.000963168 4.57763e-05 0.00290239 0.00983467 -0.00188099 0.00422272 -0.00156835 0.00296488 0.0062234
internal_weight=1010.39 988.822 753.465 177.311 576.154 132.902 161.895 116.564 45.4362 71.1282 40.0793 235.357 93.3081 79.279
internal_count=4955 4844 3733 828 2905 693 757 549 213 336 191 1111 455 385
is_linear=0
shrinkage=0.03


Tree=298
num_leaves=15
num_cat=0
split_feature=39 3 39 42 3 21 13 23 15 8 16 7 9 39
split_gain=2.33358 8.54609 5.269 4.15907 4.06638 3.98163 4.88993 4.64153 5.34856 4.70838 5.28397 4.76868 4.72465 4.40671
threshold=1875.5260102202592 0.024840232257265508 1553.654086421793 7.5000000000000009 0.024318612059947568 13.5049371792028 15.900000000000002 0.68301435406698574 5.5500000000000007 -0.29999999999999999 -0.84999999999999998 0.71048102998130169 -3.4999999999999996 447.75952350939139
decision_type=2 2 2 10 2 10 8 10 10 8 8 2 10 2
left_child=2 -2 5 4 -4 7 -7 8 9 11 12 -1 -11 -12
right_child=1 -3 3 -5 -6 6 -8 -9 -10 10 13 -13 -14 -15
leaf_value=0.0087477710806479689 0.0020169918537059003 -0.013630540037822237 -0.0012682817522778583 -0.0028071613009390279 0.017170679517988424 -0.011846173965989073 -0.0014629212480433036 -0.0038479246773876841 0.012170049431789474 -0.0041546336005614456 0.0028040614771590376 -0.0012638393924760529 0.013434475702381054 -0.015070659565688238
leaf_weight=96.828448720276356 77.336311671882868 46.693726416677237 13.885974928736685 21.498233564198017 34.59721202775836 41.31874406337738 363.23416400700808 104.87854193150997 46.555320791900158 28.102351825684309 15.916899062693117 71.951696418225765 19.054570101201534 35.438315339386463
leaf_count=448 383 223 67 106 174 199 1739 503 267 186 86 337 95 171
internal_value=-0.0004024 -0.00417377 0.000141576 0.00775623 0.0122648 -0.000548609 -0.00265508 0.00149388 0.0033113 0.0015732 -0.00352758 0.00456621 0.00355911 -0.00977336
internal_weight=1017.29 124.03 893.26 69.9814 48.4832 823.279 404.553 418.726 313.848 267.292 98.5121 168.78 47.1569 51.3552
internal_count=4984 606 4378 347 241 4031 1938 2093 1590 1323 538 785 281 257
is_linear=0
shrinkage=0.03


Tree=299
num_leaves=15
num_cat=0
split_feature=10 22 41 42 5 21 14 10 12 19 11 25 42 11
split_gain=3.01457 2.04487 7.6904 3.82746 7.34919 4.79489 5.64882 4.44023 5.28599 4.99842 5.24682 4.68481 4.65123 4.22505
threshold=21.700000000000006 0.22474747474747478 66.500000000000014 7.5000000000000009 0.40628147696260292 11.612254063894946 19.900000000000002 15.300000000000002 14.500000000000002 -6.8499999999999988 24.900000000000002 4.0333333333333341 12.500000000000002 26.900000000000002
decision_type=10 8 10 8 2 10 10 8 10 10 10 8 8 10
left_child=1 2 -1 4 5 -3 -7 8 -5 -10 11 12 -11 -6
right_child=-2 3 -4 7 13 6 -8 -9 9 10 -12 -13 -14 -15
leaf_value=0.010447559237164158 -0.012628985290925616 -0.017813649007576701 -0.0029504034829012705 -0.018852443179911277 0.0036677705441427507 0.005911875116275128 -0.011981564151654533 0.010262724284867112 0.0085017680313540234 0.00064062512414393192 0.0017384948115038218 -0.014526617924650613 -0.0097096374495750891 -0.0032153870834577569
leaf_weight=59.96932203322649 14.215398974716662 23.212827078998089 90.908491611480713 16.570868708193302 327.12062275782228 30.487135574221611 23.990171149373055 15.009880051016806 24.684152223169804 83.568117260932922 83.872557394206524 51.325087778270245 67.455853939056396 101.57664918899536
leaf_count=282 104 118 422 84 1585 149 120 110 115 393 411 246 309 514
internal_value=-0.000854755 -0.000625325 0.00253918 -0.00119936 0.000460183 -0.00774126 -0.00231268 -0.0036244 -0.00440568 -0.00334949 -0.00449997 -0.00706535 -0.0041454 0.00201859
internal_weight=1013.97 999.752 150.878 848.874 506.387 77.6901 54.4773 342.487 327.477 310.906 286.222 202.349 151.024 428.697
internal_count=4962 4858 704 4154 2486 387 269 1668 1558 1474 1359 948 702 2099
is_linear=0
shrinkage=0.03


Tree=300
num_leaves=15
num_cat=0
split_feature=11 23 11 25 0 10 25 9 42 28 15 27 9 10
split_gain=3.27346 3.58963 3.54455 4.80051 3.81174 4.43239 7.22831 4.08582 3.52455 4.1128 3.3347 4.82955 5.01102 4.36687
threshold=19.100000000000005 0.45643939393939398 21.900000000000002 3.9687500000000004 -3.2499999999999996 4.9000000000000012 -1.392307692307692 5.5000000000000009 12.500000000000002 7.5000000000000009 -5.5499999999999989 12.500000000000002 -3.2999999999999994 -12.099999999999996
decision_type=8 8 10 10 2 8 8 10 8 2 10 2 10 10
left_child=1 8 3 4 -2 7 -7 -6 9 -1 -3 12 -12 -14
right_child=2 10 -4 -5 5 6 -8 -9 -10 -11 11 -13 13 -15
leaf_value=0.011111582604077411 -0.011140325836408853 0.0049265134150657686 0.00017747022596414311 -0.013568481007448806 0.0064142164468380877 -0.021647409039163755 0.0033717316524185716 -0.0066226221161362706 -0.0042562083671265809 -0.004424423778834446 0.013149506724756782 -0.011062492633167165 0.0072232706091833691 -0.0074659514657528497
leaf_weight=85.209028623998165 29.030289128422737 71.575844146311283 483.20585683733225 37.132982671260834 79.544285766780376 14.447985485196112 19.871070466935635 24.591173008084297 20.200983658432961 15.64589501917362 18.293738804757595 39.097866676747799 22.592230305075645 50.015505760908127
leaf_count=396 155 340 2463 181 356 69 102 105 93 74 83 193 112 225
internal_value=-6.59121e-05 0.00240527 -0.00123404 -0.00449206 -0.00214474 6.39525e-05 -0.00857447 0.00317325 0.0063762 0.0086063 -7.60797e-05 -0.00291089 0.000989184 -0.00272443
internal_weight=1010.45 322.631 687.824 204.618 167.485 138.455 34.3191 104.135 121.056 100.855 201.575 129.999 90.9015 72.6077
internal_count=4947 1516 3431 968 787 632 171 461 563 470 953 613 420 337
is_linear=0
shrinkage=0.03


Tree=301
num_leaves=15
num_cat=0
split_feature=8 25 18 3 10 20 16 16 25 20 19 4 8 8
split_gain=2.19911 5.62125 4.55896 4.06559 4.65577 3.32637 2.94108 5.4019 4.58709 4.48374 4.34684 4.57064 4.02268 5.36125
threshold=9.4500000000000011 9.8284313725490211 3.9500000000000006 0.024431864478491553 6.1000000000000023 15.37675012622773 11.350000000000003 3.3500000000000001 9.029411764705884 12.358757527597238 -1.0000000180025095e-35 -28.807799149438207 -3.2249999999999996 1.7000000000000004
decision_type=8 10 8 2 10 8 10 8 8 10 10 2 10 10
left_child=6 3 5 -2 -5 -3 7 12 9 10 11 -9 -1 -14
right_child=1 2 -4 4 -6 -7 -8 8 -10 -11 -12 -13 13 -15
leaf_value=0.0013916542900714991 -0.0018137569243369277 -0.017073615914180568 0.0076306366025891154 0.0025003515926889245 0.021776924114125226 0.0019965971398337337 -0.009056110253523245 0.0097001599670381109 0.014591216928203921 -0.001722390245253051 0.012920917727382944 -0.0080155613884702222 -0.006996235466661606 4.2898575256011305e-05
leaf_weight=268.09306794404984 19.1962670981884 17.472137331962589 15.878095068037508 20.769511006772518 24.139707621186972 11.488361369818447 28.639894612133503 18.916946269571781 26.361160628497601 115.26123709976673 46.435450203716755 23.998988829553127 183.63836335390806 201.16780135035515
leaf_count=1255 103 96 101 92 140 69 136 88 125 541 217 109 876 1065
internal_value=0.000139092 0.0040693 -0.00384134 0.00948 0.0140055 -0.0103285 -0.00034975 -1.82861e-05 0.00387589 0.00218027 0.00703909 -9.28648e-06 -0.0014149 -0.00336299
internal_weight=1021.46 108.944 44.8386 64.1055 44.9092 28.9605 912.513 883.873 230.974 204.613 89.3514 42.9159 652.899 384.806
internal_count=5013 601 266 335 232 165 4412 4276 1080 955 414 197 3196 1941
is_linear=0
shrinkage=0.03


Tree=302
num_leaves=15
num_cat=0
split_feature=22 21 19 14 10 9 39 19 14 21 27 39 21 39
split_gain=3.61325 5.5052 4.75396 4.55355 4.74703 3.33093 3.25171 3.06223 2.97255 3.83584 3.31045 4.64422 3.95401 3.67272
threshold=0.87867647058823539 12.337836884077459 5.2500000000000009 19.500000000000004 7.4000000000000021 2.1000000000000005 172.19982993367231 12.350000000000003 29.500000000000004 13.456927145791559 6.5000000000000009 415.26458811860863 14.801651540466287 310.07749196969689
decision_type=10 8 10 10 8 8 2 10 10 8 2 2 10 2
left_child=2 5 6 -4 7 -2 -1 -5 10 -10 11 12 -8 -12
right_child=1 -3 3 4 -6 -7 8 -9 9 -11 13 -13 -14 -15
leaf_value=0.006805933244708749 -0.011801100863009539 0.011748818975745012 -0.010286365447074449 0.0085048711500037531 -0.0048474005479979577 0.0060415153807202695 0.010197423201469784 -0.0027818244131465608 -0.021927561384144804 0.00039822165923345866 -0.0076090803688232678 -0.0073398661039700995 -0.0071281231369287532 0.00024020085189878471
leaf_weight=29.697937745600939 16.105581492185593 44.511247150599957 16.5070606097579 125.45585455745459 36.608566857874393 12.796428747475149 24.995741453021765 23.424389392137527 10.925006166100504 11.947019789367912 56.702186200767756 174.81868533790112 15.13871808350086 409.04932118952274
leaf_count=154 95 238 78 587 216 61 121 112 58 64 280 808 68 2007
internal_value=-0.000578279 0.00561317 -0.00109154 0.00293492 0.00435062 -0.00417532 -0.00221307 0.00669637 -0.0026391 -0.0122864 -0.00222772 -0.00526256 0.00359654 -0.000786066
internal_weight=1008.68 73.4133 935.27 201.996 185.489 28.902 733.275 148.88 703.577 22.872 680.705 214.953 40.1345 465.752
internal_count=4947 394 4553 993 915 156 3560 699 3406 122 3284 997 189 2287
is_linear=0
shrinkage=0.03


Tree=303
num_leaves=15
num_cat=0
split_feature=28 9 9 25 19 19 19 25 8 26 7 25 14 24
split_gain=2.84666 6.24831 6.23277 5.2772 5.70673 5.31633 5.99485 4.56468 4.33116 4.01337 3.94421 3.72133 4.20343 3.81591
threshold=7.5000000000000009 -0.77499999999999991 -3.2999999999999994 -0.36931818181818177 -8.6499999999999968 -6.3499999999999988 -2.9499999999999997 4.0333333333333341 1.7000000000000004 -4.1180555555555545 -0.71647474837936886 -1.148351648351648 17.900000000000002 0.03229166666666667
decision_type=2 8 8 8 10 10 10 8 8 10 2 10 10 10
left_child=3 2 9 4 -1 7 -7 -5 -6 10 -2 12 -3 -13
right_child=1 11 -4 5 8 6 -8 -9 -10 -11 -12 13 -14 -15
leaf_value=-0.010783960877022696 0.0026195245493759833 -0.00035461078356265264 0.015248970123309613 -0.0042379166294497497 0.0031442616447537098 -0.010218546309364075 -0.00077275099345386377 0.013714456906029869 0.014013135057683139 0.0074688190553070816 -0.017137979629571042 0.0033745731617187452 -0.020260862152824157 -0.009200369707607103
leaf_weight=19.367903642356396 14.141016323119404 13.982286810874937 22.202891435474157 16.774033576250076 333.11270496994257 69.443418323993683 327.50247070193291 30.993765980005264 32.510520402342081 17.957965355366468 15.727004863321779 39.065376460552216 26.375333547592163 38.939311116933823
leaf_count=89 84 67 112 82 1558 347 1648 171 153 94 85 180 127 192
internal_value=9.08157e-05 -0.00318925 0.00374797 0.000850223 0.00340001 -0.0013704 -0.0025318 0.00760612 0.00428671 -0.00252924 -0.00874953 -0.0072792 -0.0141635 -0.00307881
internal_weight=1018.1 188.391 70.0289 829.705 384.991 444.714 396.946 47.7678 365.623 47.826 29.868 118.362 40.3576 78.0047
internal_count=4989 941 375 4048 1800 2248 1995 253 1711 263 169 566 194 372
is_linear=0
shrinkage=0.03


Tree=304
num_leaves=15
num_cat=0
split_feature=29 18 12 39 7 26 39 24 17 19 17 17 7 18
split_gain=2.98563 7.7089 3.27868 5.6765 5.34513 6.07122 4.33491 4.00164 6.95184 5.95621 4.92327 4.89392 4.99296 4.95257
threshold=13.500000000000002 1.4500000000000002 23.300000000000001 2370.8399259221619 -2.8633518109865777 -8.3205128205128194 436.08329657371922 0.30277777777777787 0.39999999999999908 -5.3874999999999993 11.750000000000002 -3.4499999999999993 -2.3539055552756003 10.15
decision_type=2 10 8 2 2 8 2 10 10 10 10 10 2 10
left_child=2 -2 4 -4 5 -1 -7 11 -9 -10 -11 -6 -13 -14
right_child=1 -3 3 -5 7 6 -8 8 9 10 -12 12 13 -15
leaf_value=0.0068935024764233436 -0.01381266918828547 0.0072778811481690655 0.0034576167704967178 -0.013082228444458768 0.0047940648868809114 0.0011327884930092756 -0.014164147964241196 -0.0070973945876982233 -0.0061471988784831183 0.021479268524177739 0.00094563894070588163 0.011047628379157548 -0.0051899564050552054 0.010958242285008843
leaf_weight=19.631182976067066 35.94427328556776 21.198914922773838 403.97695583105087 14.71626905351877 99.046651646494865 21.437997933477163 60.380221389234066 21.272429302334785 11.217789087444542 33.370074450969696 15.129583451896904 16.610003121197224 227.3057560659945 13.812543943524359
leaf_count=124 169 109 1909 71 457 109 294 121 76 223 97 80 1068 68
internal_value=0.000343162 -0.00603247 0.000752844 0.00272875 -0.000792396 -0.00682307 -0.0103216 0.000666444 0.00647793 0.0114884 0.0157608 -0.000724093 -0.00289563 -0.00406107
internal_weight=1015.05 57.1432 957.907 418.693 539.214 101.449 81.8182 437.765 80.9899 59.7174 48.4997 356.775 257.728 241.118
internal_count=4975 278 4697 1980 2717 527 403 2190 517 396 320 1673 1216 1136
is_linear=0
shrinkage=0.03


Tree=305
num_leaves=15
num_cat=0
split_feature=24 20 18 4 24 16 9 41 24 42 18 1 9 18
split_gain=3.95358 6.1397 3.66195 6.36321 3.0078 5.21486 5.35969 4.54674 7.1336 6.76708 4.56759 3.94286 4.43794 3.92924
threshold=0.46547619047619054 16.888523272525173 -1.9499999999999997 261.49051116978779 -0.21428571428571427 -6.3499999999999988 1.0000000180025095e-35 42.500000000000007 -0.020220588235294153 10.500000000000002 -1.1499999999999997 51.750000000000007 -12.099999999999998 9.2500000000000018
decision_type=10 8 10 2 8 8 10 8 10 10 10 2 8 10
left_child=4 2 -2 -4 5 -1 -7 8 -6 10 -10 12 -9 -8
right_child=1 -3 3 -5 7 6 13 11 9 -11 -12 -13 -14 -15
leaf_value=-0.016253359675628097 -0.020531379092495167 0.0087862000430239881 -0.011969284961397392 0.012704673793699897 0.01858807556441892 0.0071699067721985883 -0.0018474372327377069 0.010110262841144557 0.018652752249127262 -0.0090033721832646612 0.00011237504701408595 0.0094647510872698966 -0.0008173175069067501 -0.016501715900764016
leaf_weight=16.869329698383808 18.725560259073973 13.737338807433842 23.426074795424938 9.34467940405011 29.164908774197102 52.044632576406002 171.57859380543232 30.700993608683348 17.448873646557331 27.306231964379549 25.723218534141779 36.415724419057369 525.30673363432288 13.465540863573549
leaf_count=81 112 87 119 96 132 236 829 165 94 139 142 170 2489 69
internal_value=2.75791e-05 -0.00684122 -0.0114187 -0.00418301 0.000534698 -0.00222961 -0.000916714 0.0015578 0.00732375 0.00173985 0.00876412 0.000534808 -0.000129201 -0.00331992
internal_weight=1011.26 65.2337 51.4963 32.7708 946.025 253.958 237.089 692.067 99.6432 70.4783 43.1721 592.423 556.008 185.044
internal_count=4960 414 327 215 4546 1215 1134 3331 507 375 236 2824 2654 898
is_linear=0
shrinkage=0.03


Tree=306
num_leaves=15
num_cat=0
split_feature=13 26 19 19 26 42 39 43 8 20 23 27 8 13
split_gain=3.9147 4.59494 4.36478 5.19267 4.10191 3.43208 2.92312 2.89322 4.8565 4.90534 4.15534 4.16564 3.51858 3.32768
threshold=13.700000000000001 8.5147058823529438 3.3500000000000001 5.9500000000000011 4.0294117647058831 4.5000000000000009 944.97247220545694 1.0000000180025095e-35 -5.0999999999999988 15.543487382180359 0.21825396825396828 15.500000000000002 -10.449999999999998 15.900000000000002
decision_type=8 10 8 10 8 8 2 2 10 10 10 2 10 8
left_child=4 7 5 -4 -1 6 -3 13 9 12 -10 -12 -9 -2
right_child=1 2 3 -5 -6 -7 -8 8 10 -11 11 -13 -14 -15
leaf_value=0.016384722234418635 -0.0080182324729010639 -0.0061926512633631477 -0.012683780398601832 0.0060159662369940843 -0.0031471834006102165 0.013455002819758149 0.0099040504835816359 -0.013375939748959733 0.0031334284581735683 0.014491397995249572 -0.019995603171902833 -0.0010672854087028804 0.00355013755988533 0.00021725103897511178
leaf_weight=21.192876625806093 42.138181488960981 18.45998697727919 18.844323977828026 25.786881990730762 13.139923594892023 50.432635068893433 12.942931935191153 15.100673884153361 13.409616015851496 13.052238389849661 32.279624983668327 15.365428060293196 21.019240826368335 695.06538852676749
leaf_count=128 219 88 88 127 62 237 61 73 66 61 149 76 99 3406
internal_value=0.000180491 -0.000193273 0.00502828 -0.00236189 0.00945962 0.00896262 0.000890813 -0.000997437 -0.00541862 0.00157108 -0.0107408 -0.0145724 -0.00429217 -0.00030433
internal_weight=1008.23 973.897 126.467 44.6312 34.3328 81.8356 31.4029 847.43 110.227 49.1722 61.0547 47.6451 36.1199 737.204
internal_count=4940 4750 601 215 190 386 149 4149 524 233 291 225 172 3625
is_linear=0
shrinkage=0.03


Tree=307
num_leaves=15
num_cat=0
split_feature=24 24 21 3 20 26 12 14 21 41 25 18 18 22
split_gain=3.64064 5.34556 4.75939 6.36741 6.98094 6.32108 4.99138 4.86367 4.71849 4.69919 4.50083 3.8387 6.85583 5.77249
threshold=-0.051785714285714289 -0.070436507936507894 14.133490543298786 0.0260884384812663 11.281498787237185 -6.7416666666666663 14.900000000000002 16.900000000000002 15.8078741278664 67.500000000000014 4.3484848484848486 11.15 4.2250000000000005 0.69615384615384623
decision_type=10 10 10 2 8 10 10 8 10 8 10 10 8 10
left_child=1 -1 7 4 -4 -5 -6 -2 9 -8 -7 12 13 -9
right_child=2 -3 3 5 6 10 8 11 -10 -11 -12 -13 -14 -15
leaf_value=0.00080804526323401387 0.010803167748934766 0.01647658625249724 -0.018064783513113226 -0.010994570968198097 0.0099465181687620162 0.022165768620101632 -0.021919735108142657 0.0044380868326996019 -0.001235946532061471 -0.0032623444451720402 0.00075740549928124846 0.012734490953917233 -0.0099867329715805815 -0.0059197008359702912
leaf_weight=462.10319824516773 30.167117275297642 15.502905651926993 41.440049275755882 12.313698850572107 14.872513122856615 12.478831924498083 22.285142738372087 135.45711756870151 70.445219904184341 25.639729652553797 18.624274425208569 12.252511713653801 64.791876800358295 68.988668099045753
leaf_count=2153 152 70 192 74 83 60 109 691 339 118 99 72 343 383
internal_value=-0.000409272 0.00148207 -0.00211234 -0.00545759 -0.00797269 0.00443995 -0.00429408 0.000277889 -0.00641393 -0.0131893 0.0112269 -0.00101896 -0.00186562 0.000885051
internal_weight=1007.36 477.606 529.757 218.099 174.683 43.4168 133.243 311.657 118.37 47.9249 31.1031 281.49 269.238 204.446
internal_count=4938 2223 2715 1074 841 233 649 1641 566 227 159 1489 1417 1074
is_linear=0
shrinkage=0.03


Tree=308
num_leaves=15
num_cat=0
split_feature=23 18 3 19 19 39 42 2 11 20 26 18 16 27
split_gain=3.08194 4.1743 5.18931 3.13912 6.33159 4.88928 3.09308 2.90295 5.60342 3.54307 4.50365 4.78286 4.05139 2.95418
threshold=0.12916666666666668 1.0500000000000003 0.024701976161650267 -8.7499999999999982 -7.2499999999999991 911.37581774572561 3.5000000000000004 0.75182143558184633 19.300000000000001 15.067440927788715 -5.1483516483516478 -2.0499999999999994 -0.24999999999999997 16.500000000000004
decision_type=8 10 2 8 8 2 10 2 10 8 8 10 10 2
left_child=1 2 -1 5 -5 -2 -3 13 -9 10 -10 -12 -11 -6
right_child=3 6 -4 4 7 -7 -8 8 9 12 11 -13 -14 -15
leaf_value=0.00171337050313828 -0.015143399841434259 -0.0067057152817061238 -0.019018275102907954 0.012505410735025108 0.00028742751211727679 0.0029824646174271079 0.0099638662256488469 0.012815154221479032 0.0012916658132671338 0.0095226536247253225 0.0013598152124867011 -0.022552591423999017 -0.010772780711500462 0.0061428286115409961
leaf_weight=15.958626609295605 23.247457198798656 14.075566172599794 24.590709913522005 35.410728067159653 685.0345806479454 22.851862728595734 16.515923030674458 9.7415929958224279 16.269248269498348 16.544851273298267 9.1675767041742784 26.588900323957205 10.081022746860979 82.532356232404709
leaf_count=86 115 76 122 179 3142 112 96 66 130 137 64 174 72 389
internal_value=2.19439e-05 -0.00578386 -0.0115667 0.00049087 0.00090066 -0.0067456 0.00242941 0.00035074 -0.00464764 -0.00744724 -0.0116732 -0.017007 0.00135015 0.000952709
internal_weight=1008.61 71.1408 40.5493 937.47 891.371 46.0993 30.5915 855.96 88.3932 78.6516 52.0257 35.7565 26.6259 767.567
internal_count=4960 380 208 4580 4353 227 172 4174 643 577 368 238 209 3531
is_linear=0
shrinkage=0.03


Tree=309
num_leaves=15
num_cat=0
split_feature=41 41 39 10 24 3 39 17 10 5 5 5 23 20
split_gain=2.38982 4.06486 5.46066 5.53837 4.0452 4.40697 3.76524 3.83771 4.10405 3.21557 3.28319 2.50846 3.05158 4.16591
threshold=25.500000000000004 48.500000000000007 264.92857962598447 2.4999999999999996 -0.28348214285714279 0.021052853190261182 236.81691010909182 -1.7999999999999992 5.4500000000000011 0.6083018612227038 0.46972841062259757 0.64890117095132316 0.46291208791208799 12.727267269231929
decision_type=8 8 2 10 10 2 2 8 10 2 2 2 10 10
left_child=-1 2 3 -2 -4 -6 7 -3 -9 10 -7 -11 13 -13
right_child=1 6 4 -5 5 9 -8 8 -10 11 -12 12 -14 -15
leaf_value=-0.0090134095914627434 -0.012270103573301334 0.013712139712471191 -0.0037903407036449571 0.008247569697775757 -0.0056559798998110818 0.0042067970639890527 -0.0015610374892899047 -0.0080320571464178297 0.0096588769853652896 -0.0053648625573399829 0.021613877945349618 -0.010193194859949977 0.016320092609960118 0.011449433072302635
leaf_weight=22.420498751103878 27.372765190899372 25.532798670232296 23.812245950102806 14.366598963737486 12.962261717766522 17.197317309677601 741.68584882095456 22.517001815140247 15.675846457481383 11.807051017880438 31.773736774921417 11.292715430259706 17.704397901892662 10.744447849690912
leaf_count=114 127 121 119 85 70 80 3583 102 94 54 141 76 99 74
internal_value=-0.000277634 -3.41366e-05 0.00399096 -0.00508115 0.00683064 0.00912518 -0.000947972 0.00578179 -0.000493431 0.0112089 0.016457 0.00520898 0.0085989 0.00052484
internal_weight=1006.87 984.445 179.034 41.7394 137.294 113.482 805.411 63.7256 38.1928 100.52 48.9711 51.5486 39.7416 22.0372
internal_count=4939 4825 925 212 713 594 3900 317 196 524 221 303 249 150
is_linear=0
shrinkage=0.03


Tree=310
num_leaves=15
num_cat=0
split_feature=17 39 12 14 5 24 19 20 15 15 5 24 5 42
split_gain=3.58599 3.43569 6.78557 6.24237 7.31108 5.78451 4.67411 3.94535 3.42436 6.41723 5.60324 5.52161 6.84443 4.65724
threshold=16.350000000000005 357.45334217460351 28.300000000000001 21.633333333333336 0.76108774670061863 0.066666666666666749 2.7500000000000004 12.888625258198298 -3.5499999999999994 -4.9499999999999993 0.57909080619626896 -0.10357142857142858 0.59257564724087675 6.5000000000000009
decision_type=8 2 10 10 2 8 8 10 10 10 2 8 2 10
left_child=1 2 3 -1 5 7 -7 -5 9 11 -11 13 -13 -3
right_child=-2 8 -4 4 -6 6 -8 -9 -10 10 -12 12 -14 -15
leaf_value=0.011965956514795699 -0.0093363523857160121 -0.00092105356129338484 -0.008851203156795738 -0.0046024769853303046 0.017100515882635101 -0.021216618122715108 0.001121695538480183 0.012286263261872576 0.00099484075776547568 -0.017932465463522836 -6.6682937036779058e-05 -0.013383910220226119 0.0031368466552680156 0.012815197647434736
leaf_weight=83.374434348195791 28.644030272960663 49.516239769756794 26.514933563768864 22.263572633266449 14.089248817414044 16.822440929710865 12.956219941377642 18.608741462230682 564.88440022617579 36.627500407397747 25.524155743420124 41.661039412021637 40.726504191756248 34.399049237370491
leaf_count=405 154 240 128 103 100 77 62 85 2772 175 129 186 203 161
internal_value=0.000298194 0.000623133 0.00414118 0.00638679 0.000536685 -0.00367839 -0.0127336 0.00358786 -0.000260479 -0.00331926 -0.0111467 -0.000153972 -0.00550502 0.00511379
internal_weight=1016.61 987.968 194.63 168.115 84.7402 70.651 29.7787 40.8723 793.339 228.454 62.1517 166.303 82.3875 83.9153
internal_count=4980 4826 960 832 427 327 139 188 3866 1094 304 790 389 401
is_linear=0
shrinkage=0.03


Tree=311
num_leaves=15
num_cat=0
split_feature=10 9 9 26 26 23 12 41 16 22 10 26 13 22
split_gain=3.62286 2.66182 5.30105 3.94333 4.01619 3.96771 5.08939 3.77287 5.49946 3.99582 3.6438 3.48409 3.45154 4.06448
threshold=20.500000000000004 10.450000000000001 16.300000000000001 6.2426470588235299 10.816666666666668 0.73431372549019625 26.900000000000002 85.500000000000014 -2.5499999999999994 0.46770833333333339 -0.60000000000000009 6.6770833333333348 13.700000000000001 0.74342105263157909
decision_type=10 8 10 10 10 10 10 8 10 8 8 10 8 10
left_child=1 3 11 7 5 6 -5 12 -9 -10 -6 -3 -1 -14
right_child=-2 2 -4 4 10 -7 -8 8 9 -11 -12 -13 13 -15
leaf_value=0.011715933490144622 -0.010583987903596504 0.0024780891258718895 0.0088183660521292413 -0.0039247587239343556 -0.0092451801306728375 0.014558117875504329 0.015064985533743747 0.0057465407906620702 -0.00015241583388634792 -0.019913620063154214 0.0082315776192527137 -0.010109058067348521 0.001803757056767374 -0.0048697464419665366
leaf_weight=22.603723581880331 19.832969386130571 25.580376625061035 21.250475704669952 34.001255616545677 21.369339823722839 51.625043034553528 14.013569593429564 18.324851147830486 14.359175913035868 21.070117227733135 13.338429182767866 62.716624289751053 584.73200855404139 90.544663794338703
leaf_count=122 143 118 103 158 102 249 67 87 65 98 59 299 2827 499
internal_value=0.000743428 0.00102086 -0.00329369 0.00156982 0.00620669 0.00915256 0.00251569 0.000705485 -0.00660488 -0.0129139 -0.00233796 -0.00652508 0.00131154 0.000879723
internal_weight=1015.36 995.53 109.547 885.982 134.348 99.6399 48.0148 751.635 53.7541 35.4293 34.7078 88.297 697.88 675.277
internal_count=4996 4853 520 4333 635 474 225 3698 250 163 161 417 3448 3326
is_linear=0
shrinkage=0.03


Tree=312
num_leaves=15
num_cat=0
split_feature=14 8 7 8 42 39 2 12 7 3 42 1 10 10
split_gain=3.86744 2.38093 4.31982 6.90511 5.15796 4.22662 4.04498 3.74683 4.12284 8.77501 5.33484 3.65099 5.29097 5.19192
threshold=11.300000000000002 3.9000000000000004 0.64695081941944454 5.4500000000000011 1.0000000180025095e-35 911.37581774572561 0.8142296957633709 13.500000000000002 -3.7683075581356067 0.024534232937897919 8.5000000000000018 40.250000000000007 5.9000000000000021 -0.39999999999999963
decision_type=8 10 2 10 8 2 2 8 2 2 8 2 8 8
left_child=-1 6 -3 -4 -5 -6 7 -2 9 -9 -11 12 -10 -13
right_child=1 2 3 4 5 -7 -8 8 11 10 -12 13 -14 -15
leaf_value=-0.013709845475352235 0.0093290139973182095 0.0056118574526996708 0.010911662933499676 -0.01628310299781487 -0.007091168176649643 0.007066299776314712 -0.01336969378148556 -0.018844640145040434 0.0018295198985003212 -0.0059376303190162528 0.014891176455240653 0.00095712371767072812 0.01878056825481322 -0.0056173765342234843
leaf_weight=13.323465213179587 29.536598108708858 162.8255763053894 24.594382800161839 23.923662818968296 39.063651878386736 28.417242422699928 17.034931860864162 28.411525025963783 118.46422470360994 24.755076847970486 12.732007898390291 321.76049672812223 14.556725360453127 156.9421106800437
leaf_count=63 146 904 123 118 205 149 127 128 538 114 62 1523 70 728
internal_value=-5.11106e-05 0.000197427 0.00252777 -0.00185431 -0.00567705 -0.00105306 -0.000710968 -0.000314302 -0.000799894 -0.00764828 0.00205653 -6.11768e-06 0.00429766 -0.0012341
internal_weight=1016.34 1003.02 278.825 115.999 91.4046 67.4809 724.194 707.159 677.622 65.8986 37.4871 611.724 133.021 478.703
internal_count=4998 4935 1499 595 472 354 3436 3309 3163 304 176 2859 608 2251
is_linear=0
shrinkage=0.03


Tree=313
num_leaves=15
num_cat=0
split_feature=11 28 11 26 17 4 23 20 24 26 7 3 20 3
split_gain=4.11632 2.79021 3.09766 3.14985 5.07525 4.43385 5.06576 3.77099 2.68021 3.53975 2.53777 5.74671 3.85178 3.69908
threshold=32.900000000000006 7.5000000000000009 28.700000000000006 -6.4772727272727257 1.9500000000000008 79.485324099459845 0.77097902097902116 15.418062872459872 -1.0000000180025095e-35 -1.392307692307692 -1.6440664003647767 0.029591911607394609 19.498432685700497 0.025980332270451604
decision_type=10 2 8 10 10 2 10 10 10 8 2 2 8 2
left_child=1 10 3 -3 5 6 7 -5 -6 -10 11 12 13 -1
right_child=-2 2 -4 4 8 -7 -8 -9 9 -11 -12 -13 -14 -15
leaf_value=0.003609599779313966 0.01067977636636794 -0.012134276986283355 -0.013835536693109364 -0.017177819000979495 0.016917798611674438 0.0062692816220221784 0.0042224073630584063 0.00029745573402110612 0.01026195020814163 -0.0082196772887692497 -0.00068795004524118547 0.014970988191910416 -0.011368021024915791 -0.010629020533959647
leaf_weight=180.5497932843864 26.381643638014793 19.023327004164457 18.942928895354271 35.874946251511574 13.197704032063482 23.521900951862335 20.277540817856789 15.032622218132017 14.725818831473587 12.827195316553118 574.45239975675941 26.321906663477421 15.190270490944384 13.181962884962557
leaf_count=876 163 110 101 169 60 120 98 69 79 60 2763 145 74 61
internal_value=-1.69905e-05 -0.000356622 -0.00375315 -0.00212181 -0.000333788 -0.00411846 -0.0077371 -0.0124524 0.00795084 0.00171694 0.000389429 0.00297989 0.00115454 0.00239772
internal_weight=1009.5 983.12 173.424 154.481 135.458 94.707 71.1851 50.9076 40.7507 27.553 809.696 235.244 208.922 193.732
internal_count=4948 4785 866 765 655 456 336 238 199 139 3919 1156 1011 937
is_linear=0
shrinkage=0.03


Tree=314
num_leaves=15
num_cat=0
split_feature=7 26 14 26 12 4 14 5 24 15 8 39 24 4
split_gain=2.61032 3.50523 3.16932 2.94839 5.42364 3.44125 2.79278 4.03315 6.29762 4.5898 3.05149 4.55993 6.70318 5.34667
threshold=-4.2151264725251112 -13.303030303030303 10.900000000000002 -8.3205128205128194 22.633333333333336 -63.971956658533479 16.100000000000005 0.50953295195179649 -0.1818181818181818 -1.1624999999999999 5.7000000000000002 925.04429468497858 0.18118686868686873 149.63195663905904
decision_type=2 8 10 8 8 2 10 2 10 8 10 2 10 2
left_child=3 -2 -3 -1 -5 -6 7 8 9 -4 11 -8 13 -13
right_child=1 2 6 4 5 -7 10 -9 -10 -11 -12 12 -14 -15
leaf_value=0.0069869025473823128 -0.0095207090620989341 -0.010665367731914267 -0.0028795676547062931 -0.014667486686247962 -0.0078974700442977202 0.0084002195094712243 0.0035228341036020517 0.011402622950114768 -0.014491143767756898 0.015569278421252787 -0.0032101189169208028 -0.00073063850483470641 -0.011389363593510733 0.015774447635564015
leaf_weight=11.746920447796581 26.029236692935228 16.486840665340424 23.327049411833286 36.250005502253771 16.602106884121895 20.418749958276749 360.54015042260289 48.284825325012207 14.357600793242453 17.690004378557205 163.77376675233245 214.1198368370533 46.160920459777117 14.220880061388014
leaf_count=73 143 74 113 181 75 104 1722 233 63 81 892 980 243 78
internal_value=-6.23707e-05 0.000400582 0.000731599 -0.00494462 -0.00718164 0.00102142 0.000997421 0.00551052 -0.000146029 0.00590428 0.000381138 0.00132515 -0.00157276 0.000613272
internal_weight=1030.01 944.991 918.962 85.0178 73.2709 37.0209 902.475 103.659 55.3747 41.0171 798.816 635.042 274.502 228.341
internal_count=5055 4622 4479 433 360 179 4405 490 257 194 3915 3023 1301 1058
is_linear=0
shrinkage=0.03


Tree=315
num_leaves=15
num_cat=0
split_feature=1 41 8 18 3 7 24 29 10 17 6 14 26 24
split_gain=2.68984 4.75628 5.31675 4.85188 4.7693 5.30511 4.50929 3.52919 4.34163 5.75113 4.01503 3.46929 5.45678 5.37178
threshold=46.750000000000007 68.500000000000014 5.4500000000000011 7.5500000000000007 0.02605030648497542 -0.22909327637592011 -0.076923076923076941 7.5000000000000009 4.5000000000000009 8.4500000000000028 2.049536660141603 22.100000000000005 0.86190476190476206 0.15384615384615385
decision_type=2 8 8 8 2 2 8 2 10 10 2 10 10 8
left_child=11 3 -3 4 7 -6 -5 8 -2 -10 -9 12 -1 -13
right_child=1 2 -4 6 5 -7 -8 10 9 -11 -12 13 -14 -15
leaf_value=0.0070794315812015658 0.011044312669543766 -0.014413570871040522 0.0054317614827463665 0.0044933567329015133 0.0062158257210607123 -0.013883731583335992 -0.014789792472287787 -0.013751843153396668 -0.012507118812773083 0.011014199785613544 0.0060835711655413656 0.001738891131010039 5.9091368793444168e-05 -0.0060865701386352399
leaf_weight=161.58878813311458 72.837207548320293 43.70799769833684 13.226945646107195 13.335762962698935 15.612054754048584 25.33276579529047 28.598565593361855 13.25549563765526 16.13652074337006 11.92611254006624 14.255961332470177 203.85906509310007 248.187505453825 122.24646082893014
leaf_count=803 334 205 67 66 82 130 143 61 88 61 72 949 1157 700
internal_value=0.000119156 -0.0024257 -0.00973686 -0.000276066 0.00203501 -0.00637746 -0.00883206 0.00485587 0.00738178 -0.00235702 -0.0041186 0.00105685 0.00287942 -0.00124224
internal_weight=1004.11 268.225 56.9349 211.29 169.356 40.9448 41.9343 128.411 100.9 28.0626 27.5115 735.882 409.776 326.106
internal_count=4918 1309 272 1037 828 212 209 616 483 149 133 3609 1960 1649
is_linear=0
shrinkage=0.03


Tree=316
num_leaves=15
num_cat=0
split_feature=4 12 10 27 26 12 0 16 17 42 26 1 42 8
split_gain=3.39819 3.78945 5.24337 3.18399 2.75817 2.57635 4.19397 5.52507 5.4993 6.03449 8.21969 4.89998 4.13945 4.19628
threshold=227.68312710899889 23.100000000000005 17.500000000000004 14.500000000000002 -14.96153846153846 22.633333333333336 9.7500000000000018 -2.0499999999999994 -1.1999999999999993 7.5000000000000009 -1.5419580419580419 45.250000000000007 2.5000000000000004 -1.6333333333333331
decision_type=2 10 10 2 8 8 2 10 10 8 8 2 8 10
left_child=4 2 3 -2 -1 6 7 11 -9 10 -10 -6 -13 -14
right_child=1 -3 -4 -5 5 -7 -8 8 9 -11 -12 12 13 -15
leaf_value=0.010079785569322867 0.018298938540747767 -0.0052234403915981213 -0.0039631480478348738 -8.7617921196562538e-05 0.0043069117240212935 0.00066474355050779807 -0.015217073455453879 -0.00103937678160268 0.011492276818923092 -0.019413537829267993 -0.011419242378868603 0.0030799025654535254 -0.020491262891423955 -0.00038772159425778919
leaf_weight=16.164121277630329 32.884387541562319 18.646114684641361 17.668935630470514 10.858474042266606 156.79450792819262 472.46155830472708 17.280305244028568 124.62506928294897 17.03208751231432 35.859953656792641 34.976480014622211 26.935030832886696 16.74096317589283 16.733534410595894
leaf_count=82 244 110 152 82 735 2208 120 569 85 165 159 123 75 80
internal_value=-0.000117399 0.00562558 0.00906487 0.014194 -0.000636107 -0.000877996 -0.00249801 -0.00181736 -0.00520138 -0.0107306 -0.00356617 0.00153582 -0.00543605 -0.0117981
internal_weight=1015.66 80.0579 61.4118 43.7429 935.604 919.439 446.978 429.698 212.494 87.8685 52.0086 217.204 60.4095 33.4745
internal_count=4989 588 478 326 4401 4319 2111 1991 978 409 244 1013 278 155
is_linear=0
shrinkage=0.03


Tree=317
num_leaves=15
num_cat=0
split_feature=3 10 19 25 12 27 7 17 17 13 9 23 18 12
split_gain=3.37932 3.8232 5.56994 3.74852 3.49992 3.73547 3.18802 3.02322 4.3847 4.14928 6.1398 3.33211 5.39209 4.20573
threshold=0.022040706958203819 14.083333333333334 4.2500000000000009 -5.8516483516483504 18.450000000000003 7.5000000000000009 -1.0219359560545989 -13.949999999999998 -11.949999999999998 25.100000000000005 9.5000000000000018 0.72902097902097907 -5.1499999999999995 19.700000000000006
decision_type=2 8 10 8 10 2 2 10 10 10 8 10 10 10
left_child=3 7 -3 -1 -5 -6 -7 9 -9 -2 -11 13 -13 -10
right_child=1 2 -4 4 5 6 -8 8 11 10 -12 12 -14 -15
leaf_value=0.0050521224673786783 0.019758001545947746 0.013323949223845921 -0.0053893867110013215 -0.016237735954682187 0.0073940412729779775 -0.015004278959829954 -0.00012288714728159696 -0.0096770548013517584 0.0033409240997034793 0.011796463286390566 -0.012537219404766722 -0.0065821883730343032 0.007413423462903905 -0.0018550653484068716
leaf_weight=27.250384151935577 12.612726867198942 45.575067590922117 16.776862561702728 21.490082915872335 17.869804471731186 19.869118824601173 27.220848321914673 32.133870415389538 206.236526876688 15.713870808482172 12.005740247666834 26.563554108142853 123.68206806480885 411.92162968218327
leaf_count=126 63 309 111 124 82 93 125 153 1031 72 61 123 578 1936
internal_value=0.00076288 0.00138161 0.00826251 -0.00400343 -0.00697805 -0.00297317 -0.00723945 0.000825561 0.000396231 0.00836352 0.000951898 0.000877324 0.00480669 -0.000108627
internal_weight=1016.92 903.222 62.3519 113.7 86.4499 64.9598 47.09 840.87 800.538 40.3323 27.7196 768.404 150.246 618.158
internal_count=4987 4437 420 550 424 300 218 4017 3821 196 133 3668 701 2967
is_linear=0
shrinkage=0.03


Tree=318
num_leaves=15
num_cat=0
split_feature=21 3 7 19 9 10 24 13 8 17 21 14 18 10
split_gain=2.91465 4.18534 5.11988 4.68316 4.8964 4.97153 6.39129 4.15663 5.44055 6.33959 7.89673 6.32466 4.92472 4.4982
threshold=15.115297594751917 0.026889247776118345 3.2858454369842556 -8.3499999999999996 11.100000000000001 -11.099999999999998 -0.25227272727272715 14.900000000000002 -3.3249999999999997 -7.6499999999999986 11.681419244062569 16.100000000000005 -2.2499999999999996 1.2
decision_type=10 2 2 10 10 8 8 8 8 8 8 8 10 10
left_child=7 3 -3 -2 5 6 -5 -1 9 10 -9 -10 -12 -13
right_child=1 2 -4 4 -6 -7 -8 8 11 -11 12 13 -14 -15
leaf_value=0.0087512080247578762 -0.018976846308261623 0.0095495717032837261 -0.0098699809220439329 0.020397288876381724 -0.012682671086849291 -0.0031505543001334635 -0.0044418856164311253 -0.012818801778725698 0.0078196145600626793 0.0067811942883002898 0.016370302274610359 -0.0077282943645055804 -0.0020942554644322073 -0.00076999151398575026
leaf_weight=47.837487950921059 13.316225849092005 41.085343815386295 12.121370539069174 14.868323251605032 36.07596305757761 198.33649118617177 14.797647118568422 36.458551526069641 44.894412718713284 164.52697326242924 15.259838610887526 137.30179486423731 33.636064924299717 205.78791030868888
leaf_count=258 63 218 66 69 171 935 67 178 213 768 71 621 163 1125
internal_value=-0.000451723 -0.00274353 0.00465767 -0.00422047 -0.00313758 -0.00138755 0.00915368 0.000665096 -4.67859e-06 0.00340901 -0.00310669 -0.00221866 0.00465241 -0.00362566
internal_weight=1016.3 330.601 53.2067 277.395 264.078 228.002 29.666 685.703 637.866 249.881 85.3545 387.984 48.8959 343.09
internal_count=4986 1589 284 1305 1242 1071 136 3397 3139 1180 412 1959 234 1746
is_linear=0
shrinkage=0.03


Tree=319
num_leaves=15
num_cat=0
split_feature=18 18 19 26 16 21 9 19 12 27 19 29 17 17
split_gain=3.27841 2.43775 4.52218 3.22215 6.9733 5.95134 6.34456 5.68492 4.60933 3.74739 3.15348 2.58313 11.8345 2.72975
threshold=11.15 9.2500000000000018 -1.9499999999999997 -7.7817460317460307 -0.54999999999999993 14.064336287378843 -8.2999999999999989 1.7500000000000002 14.633333333333335 8.5000000000000018 -3.5499999999999994 13.500000000000002 -1.0499999999999996 -4.070833333333332
decision_type=10 10 10 8 8 10 10 10 8 2 10 2 10 8
left_child=1 3 -3 4 5 6 7 -1 10 -7 -5 13 -13 -10
right_child=-2 2 -4 8 -6 9 -8 -9 11 -11 -12 12 -14 -15
leaf_value=0.015113768564009937 0.0073936146175167883 0.0066423099143312877 -0.013848788315241703 0.0028254923487832937 0.010173309729014349 -0.0058479831883118689 -0.015308198967059707 -0.0063887370688181112 0.0030034539382316162 -0.025544143496797515 0.020754230437023617 -0.020583606596839134 0.0074281679012109568 -0.00077728233589061265
leaf_weight=19.235683411359787 47.096146959811449 10.794322885572909 24.581983417272568 23.236321285367012 18.341579601168633 21.033573791384697 14.162157341837881 16.426904860883951 261.32568205147982 16.762332543730736 11.421960756182669 21.30001986771822 24.103083305060863 480.52594681829214
leaf_count=121 239 54 125 125 103 112 77 95 1231 96 58 103 114 2303
internal_value=6.27783e-05 -0.000331977 -0.00754809 -1.78729e-05 -0.00481803 -0.00833594 -0.0011662 0.00564159 0.000626361 -0.016547 0.0106058 0.000122864 -0.00645132 0.000565716
internal_weight=1010.35 963.252 35.3763 927.875 105.962 87.6207 49.8247 35.6626 821.913 37.7959 34.6583 787.255 45.4031 741.852
internal_count=4956 4717 179 4538 604 501 293 216 3934 208 183 3751 217 3534
is_linear=0
shrinkage=0.03


Tree=320
num_leaves=15
num_cat=0
split_feature=28 20 20 22 1 19 24 16 26 15 15 0 12 3
split_gain=2.30423 5.03288 5.23371 4.29052 6.20655 3.40048 3.79957 3.68666 3.0957 2.82607 3.83588 2.17762 2.43729 2.64833
threshold=7.5000000000000009 15.010551815657307 10.93058833022822 0.35357142857142859 44.250000000000007 -5.1499999999999995 -0.066666666666666666 0.95000000000000007 -4.4833333333333325 3.0500000000000003 -2.4499999999999997 -9.2499999999999982 32.900000000000006 0.025177278803792173
decision_type=2 8 10 10 2 10 8 10 10 10 10 2 10 2
left_child=11 2 9 -3 -5 -4 -7 8 -8 10 -2 -1 13 -13
right_child=1 3 5 4 -6 6 7 -9 -10 -11 -12 12 -14 -15
leaf_value=-0.0083866078720536003 -0.004509982591352448 -0.0078548778108821042 0.0018213707080163898 -0.0038175192956724398 0.01763483877602786 -0.021856413585171711 -0.0089913324988948953 -0.015522181162516044 0.0091154079736713647 -0.0078278732883171175 0.014151600652903567 0.0016815234525881151 0.0096385390318213821 -0.0022667527414797313
leaf_weight=18.038194164633751 14.130062185227869 15.102588094770907 14.963757764548062 18.399995647370815 23.800268199294806 24.53811851888895 10.341378737241028 16.636813066899776 14.152577679604294 14.012672841548918 17.968714699149132 582.18071856722236 23.22304031252861 201.97893170267344
leaf_count=111 69 71 75 98 128 119 62 78 70 70 89 2799 114 1012
internal_value=3.85977e-05 -0.00295085 -0.00621283 0.00418367 0.00886771 -0.0106086 -0.0133694 -0.00648605 0.00124243 0.00175967 0.006436 0.000718918 0.000972715 0.000656633
internal_weight=1009.47 184.047 126.744 57.3029 42.2003 80.6326 65.6689 41.1308 24.494 46.1114 32.0988 825.421 807.383 784.16
internal_count=4965 929 632 297 226 404 329 210 132 228 158 4036 3925 3811
is_linear=0
shrinkage=0.03


Tree=321
num_leaves=15
num_cat=0
split_feature=17 22 9 17 7 18 27 42 39 13 5 22 29 25
split_gain=3.21131 3.94962 4.06094 6.09553 3.92154 4.59743 4.98541 4.35264 3.79831 4.4381 3.42585 3.36762 4.75942 4.62731
threshold=-5.1624999999999988 0.76696832579185525 3.3000000000000003 -7.6499999999999986 2.8759937597254384 -1.0499999999999998 6.5000000000000009 6.5000000000000009 823.32704117842866 26.300000000000001 0.29632451907583363 0.22474747474747478 7.5000000000000009 -7.9666666666666659
decision_type=8 8 10 10 2 10 2 8 2 10 2 8 2 8
left_child=1 2 3 -1 5 10 -7 -6 9 -8 -4 12 -2 -13
right_child=11 -3 4 -5 7 6 8 -9 -10 -11 -12 13 -14 -15
leaf_value=-0.0015219471778694297 0.0070040399447220524 0.010911016140589765 0.0023348100149046657 0.013631820323879376 -0.0038663906596193617 -0.010927939885117277 0.0077306085582350241 0.016590785929011684 0.011278685084882405 -0.013013885718662018 -0.015182312991009783 -0.014298988932339607 -0.0095185339891379461 -0.001657235853197422
leaf_weight=48.042578488588333 74.279817491769791 36.141225919127464 11.639711521565912 40.820678651332855 15.180120132863523 20.645034953951836 13.650859296321871 14.346870452165602 30.623505137860775 13.869242720305918 36.766782246530056 22.363012693822384 14.969892241060732 617.07423189654946
leaf_count=226 346 174 59 193 79 96 62 69 149 71 165 106 69 3093
internal_value=-0.000390343 0.00230405 0.000844982 0.00579451 -0.00205384 -0.00435044 0.000240596 0.00703669 0.00475751 -0.00311745 -0.0111459 -0.00144066 0.00387476 -0.00220687
internal_weight=1010.41 281.727 245.585 88.8633 156.722 127.195 78.7886 29.527 58.1436 27.5201 48.4065 728.687 89.2497 639.437
internal_count=4957 1343 1169 419 750 602 378 148 282 133 224 3614 415 3199
is_linear=0
shrinkage=0.03


Tree=322
num_leaves=15
num_cat=0
split_feature=13 3 23 17 34 17 24 24 17 41 17 41 13 41
split_gain=2.26446 4.61561 4.28827 3.29895 2.94079 4.25206 2.88707 2.79744 2.36137 4.86204 3.22488 4.80986 4.02436 3.93946
threshold=27.300000000000001 0.024076494918132133 0.25833333333333336 -13.949999999999998 1.0000000180025095e-35 -0.99999999999999978 -0.22048611111111108 0.19821428571428576 -5.7499999999999982 83.500000000000014 -11.949999999999998 62.500000000000007 22.900000000000002 63.500000000000007
decision_type=10 2 10 10 2 10 10 8 10 8 8 10 8 10
left_child=4 6 -3 -4 8 -6 -2 -7 9 10 13 -12 -13 -1
right_child=1 2 3 -5 5 7 -8 -9 -10 -11 11 12 -14 -15
leaf_value=-0.0093375077895920828 -0.0022984820364159923 0.0030686196807887551 0.0032424053487821063 -0.010729602450941438 -0.014981486778106901 0.0074366537967438685 0.014202544600751188 -0.0083575609195185082 0.0001362453505364674 -0.010247698133376414 0.014989040203413063 -0.0061599987787956806 0.0083436126806509369 0.0068350607537763586
leaf_weight=21.108431100845337 15.985167726874353 36.003523275256157 15.819687463343142 87.487723983824253 21.101252675056458 19.949469514191151 14.976153142750261 12.017519403249027 615.78487872332335 14.597352676093577 48.510369583964348 24.873964868485928 36.380324102938175 23.273198291659355
leaf_count=99 74 172 79 427 101 92 70 68 3062 66 232 117 168 111
internal_value=-0.000113291 -0.00321527 -0.00553684 -0.00853913 0.000532639 -0.00598813 0.0065481 0.00117174 0.00100885 0.00409765 0.0057354 0.00839376 0.00243362 -0.00102343
internal_weight=1007.87 170.272 139.311 103.307 837.597 53.0682 30.9613 31.967 784.529 168.744 154.146 109.765 61.2543 44.3816
internal_count=4938 822 678 506 4116 261 144 160 3855 793 727 517 285 210
is_linear=0
shrinkage=0.03


Tree=323
num_leaves=15
num_cat=0
split_feature=14 39 24 25 25 14 2 23 14 25 3 24 25 12
split_gain=2.79319 6.67183 5.56611 5.84343 5.22458 4.59475 2.98667 2.89666 2.09821 3.58687 3.05617 2.83567 4.81471 3.90838
threshold=16.100000000000005 911.37581774572561 0.04398864809081527 -0.85164835164835151 -3.2792207792207786 16.500000000000004 0.36392455071776791 0.70294117647058829 29.900000000000002 -8.4083333333333314 0.024960784048453259 0.39642857142857152 2.7817460317460321 16.675000000000004
decision_type=8 2 10 10 8 8 2 8 10 10 2 10 10 8
left_child=1 2 3 6 -3 -2 -1 -6 11 -10 -11 -7 -13 -14
right_child=5 4 -4 -5 7 8 -8 -9 9 10 -12 12 13 -15
leaf_value=-0.0070537343522269792 -0.013551276869920439 -0.0027048998580301714 0.011195353517515133 -0.015638103005048056 0.0053629634822796651 -0.0015408299929653905 0.0096159237517407306 0.023829119115002254 0.015260851506891311 -0.0055465077849106729 0.0083192006221718701 -0.0075391396039717262 -0.0027142555397315655 0.013965093822805768
leaf_weight=12.526014916598799 20.195716455578804 15.101262487471102 16.520808581262827 26.389989614486694 16.384733162820339 726.70681553706527 17.113698288798332 19.804598741233349 14.79462545365095 30.037699975073338 19.18065333366394 17.624716643244028 16.225517746061087 35.965771250426769
leaf_count=68 92 72 85 121 78 3466 74 91 68 165 106 93 129 223
internal_value=-0.000322506 0.00380669 -0.00207513 -0.00658466 0.0115718 -0.000921331 0.00256988 0.0171345 -0.000548351 0.00447611 0.000125914 -0.000977548 0.00459672 0.00899576
internal_weight=1004.57 123.841 72.5505 56.0297 51.2906 880.732 29.6397 36.1893 860.536 64.013 49.2184 796.523 69.816 52.1913
internal_count=4931 589 348 263 241 4342 142 169 4250 339 271 3911 445 352
is_linear=0
shrinkage=0.03


Tree=324
num_leaves=15
num_cat=0
split_feature=8 8 15 16 24 17 16 21 7 21 14 18 26 3
split_gain=2.76554 5.82911 5.43176 4.45738 3.91424 4.7411 9.12502 5.14358 3.92077 3.86345 4.04514 3.71173 3.45379 3.31832
threshold=-7.6999999999999984 -2.6999999999999997 -4.9499999999999993 -6.4499999999999993 -0.12499999999999996 -6.9499999999999984 -4.9499999999999993 12.979684965746326 0.45489282858656216 19.162173377586047 30.500000000000004 2.1500000000000008 -9.7071428571428537 0.031776437291474731
decision_type=10 10 10 10 8 8 10 8 2 8 10 10 10 2
left_child=2 3 4 -2 5 7 -7 -1 -6 10 13 -11 -12 -3
right_child=1 9 -4 -5 8 6 -8 -9 -10 11 12 -13 -14 -15
leaf_value=-0.010729531311613767 0.015212355600264307 -0.001753530541965401 -0.011125410645312922 0.0029604448099943277 -0.011918091009132435 -0.0043084719468855339 0.027070892586685456 0.006525015405558247 0.0024133742390069711 0.014725453775570919 -0.022323731766739838 -0.002738028412136469 -0.00050442687022684153 0.005538797640950029
leaf_weight=23.021708965301514 27.390908926725388 494.1184414960444 52.343604013323784 177.66760922968388 33.181936763226986 13.080118402838709 13.409679487347601 30.052732080221176 28.658302508294582 21.800842121243477 10.174506701529028 16.245802290737629 11.875810667872427 58.385009624063969
leaf_count=119 132 2456 255 827 149 60 62 146 129 112 59 80 64 316
internal_value=-0.000162015 0.000606078 -0.00333723 0.00492015 -0.000172789 0.00412147 0.0133525 -0.00123876 -0.00559282 -0.000866133 -0.00150358 0.00781671 -0.0128377 -0.00094016
internal_weight=1011.41 817.659 193.748 205.059 141.404 79.5642 26.4898 53.0744 61.8402 612.6 574.554 38.0466 22.0503 552.503
internal_count=4966 4046 920 959 665 387 122 265 278 3087 2895 192 123 2772
is_linear=0
shrinkage=0.03


Tree=325
num_leaves=15
num_cat=0
split_feature=15 15 7 3 15 19 18 18 21 7 25 7 19 19
split_gain=3.31306 5.30667 3.43441 3.25761 3.0874 4.29461 3.90854 4.43937 4.48722 4.12146 5.56042 4.73533 4.15593 4.25066
threshold=1.7500000000000002 2.3500000000000001 -6.1506509200422164 0.024485630696073794 2.8500000000000001 -6.4499999999999993 -4.9499999999999993 -5.8499999999999988 10.706176825656421 1.6662936069753462 10.870833333333335 1.134201360013203 -4.6833333333333327 -0.74999999999999989
decision_type=8 8 2 2 8 8 10 10 10 2 8 2 8 10
left_child=2 3 -1 -2 -3 -6 7 8 -7 11 -11 12 -8 -14
right_child=1 4 -4 -5 5 6 9 -9 -10 10 -12 -13 13 -15
leaf_value=-0.010226532920005789 0.00011072087797663788 0.0079274435463493539 0.0019339652617091625 -0.018548387080869325 0.0081062942406875862 -0.016231312567736581 0.012723617802470215 -0.022226575496716586 0.0024398928373752359 0.010315269072290705 -0.0081149733563746582 -0.017911759563114568 -0.011112772255820363 0.00020552472246093979
leaf_weight=16.716879136860371 12.31846136972308 28.112103663384914 614.27288709580898 21.217898510396481 30.922335408627987 12.38113823533058 11.269129157066343 13.088927790522574 31.612454928457737 46.105893861502409 16.447479024529457 13.48848959431052 38.416724916547537 95.098359409719706
leaf_count=81 60 143 2963 110 169 56 60 65 156 230 81 65 200 485
internal_value=0.000215693 -0.00202002 0.00153393 -0.0125695 -0.000801575 -0.0017098 -0.00292598 -0.00958149 -0.00393497 -0.00103151 0.00522735 -0.0035895 -0.00170182 -0.00333471
internal_weight=1001.47 370.479 630.99 33.5364 336.943 308.831 277.909 57.0825 43.9936 220.826 62.5534 158.273 144.784 133.515
internal_count=4924 1880 3044 170 1710 1567 1398 277 212 1121 311 810 745 685
is_linear=0
shrinkage=0.03


Tree=326
num_leaves=15
num_cat=0
split_feature=1 1 24 3 13 13 41 8 18 19 4 5 16 0
split_gain=5.162 5.86692 5.50698 5.0536 3.17683 6.23896 5.74731 5.15609 4.61807 4.97076 4.87624 4.80756 6.26438 4.40616
threshold=37.750000000000007 39.750000000000007 -0.3563492063492063 0.023929361077336456 22.100000000000005 22.225000000000005 77.500000000000014 6.7000000000000002 11.15 1.6500000000000001 -79.543537312791713 0.53152446476250315 -2.6499999999999999 4.7500000000000009
decision_type=2 2 8 2 8 10 10 10 10 10 2 2 10 2
left_child=-1 2 -2 -4 -3 -6 7 8 9 11 -11 -7 13 -13
right_child=1 4 3 -5 5 6 -8 -9 -10 10 -12 12 -14 -15
leaf_value=-0.0062930759420758032 -0.0071865217386812364 0.0017066611106617132 -0.00206676284146324 0.015491669444200939 -0.017070771860832602 -0.0033450957305556253 0.0090466193991123305 -0.016345939419905156 0.0090072775028013502 0.0029732644809611531 -0.009285362446228549 0.0065061178076772173 0.012212129535701255 -0.012157557531982046
leaf_weight=112.24026403576136 14.867603443562983 356.90604235976934 18.453653573989868 51.951542016118765 18.630902782082558 114.05393888056278 39.390476904809475 17.377317421138287 29.594116069376469 35.596072249114513 118.367182623595 17.431696131825447 50.127996787428856 18.760354850441217
leaf_count=540 68 1803 90 266 92 537 184 92 143 186 558 76 242 110
internal_value=-0.000370915 0.000397053 0.00765482 0.0110576 -0.00040316 -0.00204325 -0.00122357 -0.00233056 -0.00149422 -0.00248443 -0.00644681 0.000643016 0.00580711 -0.00346971
internal_weight=1013.75 901.509 85.2728 70.4052 816.236 459.33 440.699 401.309 383.931 354.337 153.963 200.374 86.32 36.1921
internal_count=4987 4447 424 356 4023 2220 2128 1944 1852 1709 744 965 428 186
is_linear=0
shrinkage=0.03


Tree=327
num_leaves=15
num_cat=0
split_feature=10 10 9 1 41 41 15 12 18 28 16 19 13 19
split_gain=3.14713 3.08733 5.02002 7.26545 3.2274 4.24829 4.63113 4.41288 7.76809 6.96854 6.32719 5.82924 4.77623 3.92664
threshold=-18.899999999999995 -14.299999999999997 8.1000000000000014 45.250000000000007 65.500000000000014 59.500000000000007 4.9500000000000011 26.300000000000001 3.4500000000000006 7.5000000000000009 1.5500000000000003 6.5500000000000007 27.100000000000005 -0.3166666666666666
decision_type=8 8 10 2 8 8 8 10 10 2 10 10 10 10
left_child=-1 2 -2 -4 5 7 -7 9 -9 11 -11 12 13 -3
right_child=1 4 3 -5 -6 6 -8 8 -10 10 -12 -13 -14 -15
leaf_value=0.0072879255575048199 -0.015029745562985638 0.0085266056691625253 0.014214601405524264 -0.012256704587639156 0.0016130635797850467 -0.0034332855490821343 -0.01952988134214621 -0.012593908401450585 0.0074689795848868678 0.00039536199142415637 -0.020657125046187535 0.019312992081448287 -0.0087022200545607119 -0.00099009341217397577
leaf_weight=45.593231245875359 27.317606084048748 84.571986805647612 14.944072701036932 12.63057531416416 512.263701479882 65.123156365007162 17.785762827843428 50.935297787189484 21.268642894923687 31.69233975186944 16.400783780962229 15.682161994278429 24.980483565479517 67.469713229686022
leaf_count=237 136 452 71 65 2442 319 89 238 99 175 83 84 120 342
internal_value=-6.17891e-06 -0.000387353 -0.00698456 0.00206923 4.74587e-05 -0.00197311 -0.00780076 -0.000331084 -0.00658314 0.00163939 -0.00805324 0.00420087 0.00236837 0.00440643
internal_weight=1008.66 963.066 54.8923 27.5746 908.174 395.91 82.9089 313.001 72.2039 240.797 48.0931 192.704 177.022 152.042
internal_count=4952 4715 272 136 4443 2001 408 1593 337 1256 258 998 914 794
is_linear=0
shrinkage=0.03


Tree=328
num_leaves=15
num_cat=0
split_feature=14 16 20 24 21 27 13 8 23 23 8 42 1 14
split_gain=3.10792 3.25574 3.23194 4.10921 3.04729 3.63568 3.09744 3.16856 3.79891 6.66523 4.92788 4.7258 4.65374 7.87041
threshold=10.900000000000002 7.3166666666666673 14.958460983798004 -0.28869047619047611 8.2747943302551761 6.5000000000000009 13.700000000000001 -4.2999999999999998 0.80625000000000013 0.64852941176470602 -1.7083333333333333 4.5000000000000009 48.250000000000007 18.100000000000005
decision_type=10 10 8 10 8 2 10 10 8 10 10 8 2 10
left_child=-1 4 -3 -4 5 -2 -6 -8 9 -9 -11 -10 13 -12
right_child=1 2 3 -5 6 -7 7 8 11 10 12 -13 -14 -15
leaf_value=-0.011897263874914641 -0.0053087717469791256 0.00058340030810323539 -0.0019996193261350658 0.018045335078207155 0.0073103617873470812 0.011098912104268884 0.00081662870633071702 -0.0023477114781888871 0.0097892303024267064 -0.025113619009323723 -0.015192317281754525 -0.003530617662506493 -0.018204063969993127 0.0054887984546716532
leaf_weight=17.002713143825531 14.441143151372669 74.420662373304367 12.722090847790239 21.419725053012371 29.456785261631012 32.14854646846652 261.40714915841818 365.46421754360199 37.927169740200043 14.460073068737982 21.870359342545271 50.106739319860935 20.151904456317425 38.657952509820461
leaf_count=78 73 348 61 104 162 177 1230 1889 176 70 100 238 92 178
internal_value=-0.000742461 -0.000493227 0.00429411 0.0112748 -0.00110057 0.0059915 -0.0015273 -0.00189155 -0.00317762 -0.00426309 -0.0111361 0.0024256 -0.00731161 -0.00257283
internal_weight=1011.66 994.655 108.562 34.1418 886.092 46.5897 839.502 810.046 548.638 460.605 95.1403 88.0339 80.6802 60.5283
internal_count=4976 4898 513 165 4385 250 4135 3973 2743 2329 440 414 370 278
is_linear=0
shrinkage=0.03


Tree=329
num_leaves=15
num_cat=0
split_feature=14 21 6 6 29 14 16 42 9 11 13 2 9 16
split_gain=2.52256 2.53349 4.35474 3.43809 2.83727 7.25857 8.02017 3.66528 3.51198 5.31567 6.29802 4.52634 4.40166 4.11035
threshold=10.900000000000002 19.162173377586047 -0.17517545210137084 3.4381037231251645 9.5000000000000018 22.300000000000001 -6.2499999999999991 10.500000000000002 3.9000000000000004 14.900000000000002 25.900000000000002 0.48267224072705284 5.5000000000000009 -9.9499999999999975
decision_type=10 8 2 2 2 10 10 8 10 10 10 2 10 10
left_child=-1 4 -3 -4 8 7 -7 -6 13 -10 12 -12 -11 -2
right_child=1 2 3 -5 5 6 -8 -9 9 10 11 -13 -14 -15
leaf_value=-0.0099597542012811908 0.0089300246509763179 -0.0043418357668381057 0.020731067728713384 0.0024707018295874799 -0.015420414387019838 -0.013491425708190029 0.0099134194403982384 0.002050479196204099 0.016101071822042033 0.012749487076255334 -0.01276567463437034 0.0049770772857979052 0.0018806948606875662 -0.0015385916111215661
leaf_weight=17.290193356573582 31.08637971803546 19.924092993140221 15.272780627012251 19.985657580196857 43.501641385257244 13.85526444762945 39.736005645245314 12.516403205692766 21.367084726691246 38.647751949727535 34.151932202279568 16.042505204677582 155.22408932447433 526.09976964071393
leaf_count=79 161 93 69 110 208 71 196 60 101 180 185 70 718 2642
internal_value=2.10802e-05 0.00024515 0.00621097 0.0119729 -0.000139243 -0.00456242 0.00322748 -0.0116687 0.000474123 0.00328098 0.00185793 -0.0071578 0.00431343 -0.000880302
internal_weight=1004.7 987.411 55.1825 35.2584 932.229 109.609 53.5913 56.018 822.62 265.433 244.066 50.1944 193.872 557.186
internal_count=4943 4864 272 179 4592 535 267 268 4057 1254 1153 255 898 2803
is_linear=0
shrinkage=0.03


Tree=330
num_leaves=15
num_cat=0
split_feature=13 26 13 26 14 21 8 19 19 17 21 15 15 7
split_gain=2.24234 4.88954 3.45546 5.21362 4.07534 2.60549 2.76093 2.34577 3.39194 5.87322 3.28398 3.3789 3.87464 6.61426
threshold=13.700000000000001 0.82575757575757591 15.633333333333335 -0.13809523809523808 19.266666666666669 8.2747943302551761 0.90000000000000013 -9.5499999999999989 -7.2499999999999991 3.3166666666666678 11.979612310551252 4.3500000000000005 -0.94999999999999984 -0.6286431044153139
decision_type=8 8 8 8 8 8 10 8 8 10 10 10 10 2
left_child=1 -1 3 -2 -5 6 -4 -7 9 -9 11 12 -10 -14
right_child=2 -3 5 4 -6 7 -8 8 10 -11 -12 -13 13 -15
leaf_value=0.017379576880511904 -0.018810807831163158 -0.0025440918703085822 0.00050080620453949517 -0.0097541050748146604 0.0086177067124380696 -0.0080079150771768162 0.01480741462308746 0.014633678076793027 -0.0051765795505345335 -0.0066977695222287829 0.00064772479707139621 -0.011193716024192911 0.012348433659572734 -0.0040534436976932819
leaf_weight=14.958235576748846 17.780549608170986 22.501436226069927 29.32630056142807 15.820542991161345 17.732499986886978 30.558826081454754 16.166744973510504 28.655715353786945 119.74994909390807 14.125208355486391 566.94280530512333 37.742013651877642 33.889937870204449 47.265347734093666
leaf_count=97 102 107 141 71 80 149 99 143 583 75 2727 200 163 230
internal_value=-0.000229729 0.00652147 -0.000520836 -0.00773436 -0.000186334 -8.08126e-05 0.00654775 -0.000459001 -0.000141759 0.0076267 -0.000598802 -0.00351264 -0.0018329 0.00311502
internal_weight=1013.22 37.4597 975.756 51.3336 33.553 924.423 45.493 878.93 848.371 42.7809 805.59 238.647 200.905 81.1553
internal_count=4967 204 4763 253 151 4510 240 4270 4121 218 3903 1176 976 393
is_linear=0
shrinkage=0.03


Tree=331
num_leaves=15
num_cat=0
split_feature=20 3 7 14 26 26 39 24 3 42 3 42 21 7
split_gain=3.63489 4.60624 5.62689 5.43768 7.73348 6.35079 5.31554 5.2583 5.08121 4.80936 4.59262 4.01165 4.00208 5.20712
threshold=14.542084459744581 0.024738697602202268 1.721025367256116 21.500000000000004 0.82575757575757591 7.0294117647058831 1013.1859391000324 0.15384615384615385 0.025270793961379438 14.500000000000002 0.022040706958203819 2.5000000000000004 11.647126493498538 0.74488378627256246
decision_type=8 2 2 8 10 10 2 8 2 8 2 10 10 2
left_child=1 2 6 4 -3 -6 -1 10 -5 -4 -8 -7 13 -10
right_child=-2 3 9 8 5 11 7 -9 12 -11 -12 -13 -14 -15
leaf_value=-0.0078559548124839899 0.0029450670880115971 0.0081580881971739481 0.005829829129739705 0.015838311254760439 -0.016286204992003998 -0.009358842711739623 -0.0088604278405155674 -0.0091937880542199407 0.019587926173048598 -0.011080288538640903 0.0087026050836287814 0.0088863900706419065 -0.0018399285442377267 -0.0015700934127739962
leaf_weight=184.99584214389324 379.05884187668562 35.36182664334774 87.808818135410547 32.786596458405256 35.16447651386261 14.11472827196121 12.753542616963385 28.548540208488703 17.875769816339016 13.329042397439478 56.898006781935692 20.164777360856533 63.751245282590389 18.035345401614904
leaf_count=883 1905 171 424 148 164 65 56 162 97 65 267 96 327 94
internal_value=0.000649493 -0.00076273 -0.00277833 0.00249234 -0.00255104 -0.00818595 -0.00492605 0.000706702 0.00643075 0.00318424 0.00510867 0.00113882 0.00272709 0.0100687
internal_weight=1000.65 621.589 384.334 237.255 104.806 69.444 283.196 98.2001 132.449 101.138 69.6515 34.2795 99.6624 35.9111
internal_count=4924 3019 1857 1162 496 325 1368 485 666 489 323 161 518 191
is_linear=0
shrinkage=0.03


Tree=332
num_leaves=15
num_cat=0
split_feature=18 18 19 16 41 3 41 3 9 23 18 18 7 41
split_gain=2.70217 3.95389 2.86552 5.39481 5.0106 4.43526 4.25789 2.74856 4.0718 7.12733 10.175 6.18155 4.24027 4.19216
threshold=11.950000000000001 13.050000000000002 -5.8499999999999988 3.1500000000000008 69.500000000000014 0.024367206778435738 51.500000000000007 0.02436430455320571 -2.5499999999999994 0.12916666666666668 -1.4499999999999997 5.7500000000000009 -3.6461860957131642 67.500000000000014
decision_type=10 10 10 10 8 2 10 2 10 8 10 10 2 10
left_child=2 -2 3 4 5 -1 -7 -4 9 10 -9 -11 -10 -13
right_child=1 -3 7 -5 -6 6 -8 8 12 11 -12 13 -14 -15
leaf_value=0.0074055931032941226 0.017821844371387636 -0.00066391462152057181 -0.0036161932004756684 0.012305325288101536 0.0096355897038128777 0.0032233290023152466 -0.014633273361853657 -0.023587989730126113 0.0069664609785814379 0.0084579762442266795 0.0060457588260746219 -0.015497133849398926 -0.0029207470172700604 0.0050793162204185102
leaf_weight=15.451125945895908 13.24239359796047 23.465963419526815 262.0405181646347 38.503204986453056 25.375685311853886 15.239116907119749 33.338550768792629 14.743021599948404 39.366616763174534 141.38470384478569 18.749749626964331 14.035252667963507 331.64757616072893 13.235409487038849
leaf_count=80 67 121 1246 189 120 84 170 79 189 744 106 76 1580 69
internal_value=-0.000135669 0.00734179 -0.000457114 0.00363922 -0.000547016 -0.00498819 -0.0092535 -0.00110237 6.82384e-05 0.00344506 -0.00836814 0.0059644 -0.00179298 -0.00627097
internal_weight=999.819 36.7084 963.111 127.908 89.4045 64.0288 48.5777 835.203 573.162 202.148 33.4928 168.655 371.014 27.2707
internal_count=4920 188 4732 643 454 334 254 4089 2843 1074 185 889 1769 145
is_linear=0
shrinkage=0.03


Tree=333
num_leaves=15
num_cat=0
split_feature=24 20 19 42 10 22 21 20 17 21 8 42 8 10
split_gain=2.75113 3.43895 4.64132 3.29617 3.66833 4.87861 3.26223 3.09835 3.24333 2.94797 2.83983 4.99489 5.29682 5.81845
threshold=-0.26515151515151508 15.444884086468386 -2.2499999999999996 4.5000000000000009 -11.699999999999998 0.28869047619047622 11.184314368880033 13.116571367718185 -1.0000000180025095e-35 14.644111443307837 2.9000000000000004 7.5000000000000009 -2.6999999999999997 9.7000000000000028
decision_type=8 8 8 10 10 10 10 10 10 10 10 8 8 10
left_child=1 3 -3 6 5 -5 -1 8 -6 -8 11 -2 -13 -14
right_child=10 2 -4 4 7 -7 9 -9 -10 -11 -12 12 13 -15
leaf_value=-0.0059761404016479757 0.0018605100408766839 0.0027656024697933043 -0.014060090758142524 0.010069773931191503 -0.020936751568614024 -0.010240813824159199 0.014499012784432289 0.00099665926604696246 -0.0022986009778382835 0.00034923939181376497 0.0030891407610882222 0.00057354846742826266 -0.011918401318884529 0.0078569684929773592
leaf_weight=16.315217725932598 297.65223506838083 19.723194256424904 40.447255298495293 24.156889364123344 18.208023309707642 11.990730501711367 24.443095117807388 17.992922201752663 15.328901872038839 24.556812971830368 300.98415785655379 101.4349105656147 83.165102817118168 12.216343849897383
leaf_count=80 1396 95 200 121 82 65 117 83 70 120 1619 466 380 74
internal_value=2.91209e-06 -0.00298351 -0.00875578 -0.000508079 -0.00420931 0.00290671 0.00440638 -0.0090167 -0.0138213 0.00809665 0.000816841 -0.000583391 -0.00423391 -0.0091204
internal_weight=1008.62 213.163 60.1704 152.993 87.6775 36.1476 65.3151 51.5298 33.5369 48.9999 795.453 494.469 196.816 95.3814
internal_count=4968 1033 295 738 421 186 317 235 152 237 3935 2316 920 454
is_linear=0
shrinkage=0.03


Tree=334
num_leaves=15
num_cat=0
split_feature=9 25 20 19 27 19 19 13 39 11 39 18 7 1
split_gain=3.13028 4.65243 3.77034 3.49006 3.0009 2.33748 5.66779 3.2621 3.25124 5.83862 4.24614 4.36627 4.44974 5.37341
threshold=-9.2999999999999989 -1.392307692307692 11.198710199245898 4.5500000000000007 12.500000000000002 3.1500000000000008 2.5500000000000003 20.900000000000002 1760.3786256114752 22.100000000000005 1553.654086421793 -1.0499999999999998 -0.86987282798230336 45.250000000000007
decision_type=10 8 8 10 2 10 10 10 2 10 2 8 2 2
left_child=1 3 -3 4 -1 6 -2 -8 10 -10 11 -7 13 -13
right_child=5 2 -4 -5 -6 8 7 -9 9 -11 -12 12 -14 -15
leaf_value=-0.011463174213463469 -0.000522020661105835 -0.0030898761321783989 0.014480311212988699 0.0094513128829071813 0.0040062874006279786 -0.0074607618625864638 0.021134828682390135 0.0022850784030935662 0.0014058777504849409 -0.020070831017479963 0.012535954934684382 0.01624076183245533 -0.0032997539584270824 -0.0019419079294458652
leaf_weight=25.896932311356068 569.65845322608948 12.494116615504025 40.082898326218128 13.405046693980692 14.563942417502401 96.048105832189322 12.423648908734323 18.348373882472515 19.653926379978657 20.232557654380798 12.747296571731566 24.370488964021206 90.468004044145346 27.25213035941124
leaf_count=123 2762 78 263 66 70 461 61 89 95 100 61 120 441 134
internal_value=-0.000284566 0.0044589 0.0103993 -0.00173014 -0.00606671 -0.000872829 0.000200874 0.0117857 -0.00305589 -0.0105105 -0.00168852 -0.00269208 0.000675417 0.00731807
internal_weight=997.646 106.443 52.577 53.8659 40.4609 891.203 600.43 30.772 290.773 39.8865 250.886 238.139 142.091 51.6226
internal_count=4924 600 341 259 193 4324 2912 150 1412 195 1217 1156 695 254
is_linear=0
shrinkage=0.03


Tree=335
num_leaves=15
num_cat=0
split_feature=18 15 15 41 35 1 15 11 20 12 7 5 7 2
split_gain=2.89475 5.37139 4.77175 4.24752 3.35172 4.29584 3.29362 5.11748 4.73749 5.09972 4.09588 4.05548 7.33246 4.08238
threshold=-4.9499999999999993 -1.8499999999999999 -3.8499999999999992 53.500000000000007 1.0000000180025095e-35 41.750000000000007 -2.0499999999999994 18.300000000000001 19.498432685700497 22.900000000000002 4.7744915510980279 0.41926421587373525 -0.53785875066712341 0.65778062702047968
decision_type=8 10 8 10 2 2 10 10 10 10 2 2 2 2
left_child=1 2 3 -1 -3 -6 7 -2 10 -10 11 12 -8 -13
right_child=6 4 -4 -5 5 -7 8 -9 9 -11 -12 13 -14 -15
leaf_value=0.0088940398056131607 0.0026473688648947706 -0.0033777966850576848 0.012244793206028119 -0.0092176687171882845 -0.0020946927417595661 -0.022554395851681182 0.015432986051777791 -0.0048609677185229164 -0.020811901861166399 0.0037280968733386694 0.012915994979238298 -0.0020461399311861588 -0.0023340294682884484 0.0041595976234281807
leaf_weight=13.096068374812601 136.47911980003119 69.250254806131124 24.49143523722887 28.887817971408367 16.620471972972155 19.514991249889135 44.231353707611561 189.8152581602335 11.43223747611046 11.816361159086226 28.607966348528862 213.01203592121601 34.321382097899914 164.82904188334942
leaf_count=61 645 336 119 132 83 94 196 932 65 56 144 916 173 1003
internal_value=-0.000127173 -0.00361478 0.00293384 -0.0032228 -0.00769131 -0.0145424 0.000608295 -0.0017279 0.00211034 -0.00988697 0.00278045 0.00201205 0.00799506 0.000680014
internal_weight=1006.41 171.861 66.4753 41.9839 105.386 36.1355 834.545 326.294 508.25 23.2486 485.002 456.394 78.5527 377.841
internal_count=4955 825 312 193 513 177 4130 1577 2553 121 2432 2288 369 1919
is_linear=0
shrinkage=0.03


Tree=336
num_leaves=15
num_cat=0
split_feature=7 39 12 17 7 26 17 27 24 24 20 20 17 41
split_gain=3.50288 4.91555 4.93072 4.28847 5.23759 5.24739 4.20241 4.12016 3.83143 4.95768 5.20461 4.39518 4.68831 3.69507
threshold=0.71048102998130169 446.89461688094599 17.500000000000004 9.2250000000000032 -2.4705888515425243 -7.7817460317460307 -5.7499999999999982 9.5000000000000018 0.46547619047619054 0.22222222222222227 8.8248386828189549 12.634388650399105 3.850000000000001 63.500000000000007
decision_type=2 2 8 10 2 8 10 2 10 8 10 8 8 8
left_child=3 2 -2 -1 7 -6 -4 -5 9 10 -3 -11 -13 -8
right_child=1 8 6 4 5 -7 13 -9 -10 11 -12 12 -14 -15
leaf_value=-7.010538901257452e-05 0.0050394115233678011 0.012192662832277075 0.00027460707573208435 0.007933337420242775 -0.0029946360875076211 0.017666282266978462 -0.006077397718685003 -0.013621188795151199 -0.0116412688730372 -0.00060162164078580733 -0.0031418582143487115 0.0023025015570407995 0.025718437094161738 -0.02102873276542102
leaf_weight=529.74419392645359 18.541997380554676 17.102969810366631 23.022043265402317 10.510263659060003 13.228632431477306 37.245414182543755 33.912501208484173 12.062619149684904 21.122323174029589 28.892884403467178 203.08380451798439 15.345653042197226 12.991278756409885 32.939523659646511
leaf_count=2565 103 77 111 66 87 201 170 73 126 143 946 76 73 156
internal_value=-0.000554135 -0.00268763 -0.00800569 0.000896489 0.00746175 0.0124695 -0.0108208 -0.0039664 -0.000656291 0.000371391 -0.00170648 0.00786059 0.015285 -0.014395
internal_weight=1009.75 406.955 108.416 602.791 73.0469 50.474 89.8741 22.5729 298.539 277.417 220.187 57.2298 28.3369 66.852
internal_count=4973 1981 540 2992 427 288 437 139 1441 1315 1023 292 149 326
is_linear=0
shrinkage=0.03


Tree=337
num_leaves=15
num_cat=0
split_feature=12 8 8 18 25 11 3 25 42 12 20 42 20 41
split_gain=3.53893 3.65586 4.55346 5.12474 4.48631 5.55318 4.43021 4.11265 4.07608 3.01115 3.36917 5.55055 4.32345 4.04235
threshold=33.266666666666673 6.7000000000000002 9.4500000000000011 4.2250000000000005 10.55902777777778 32.900000000000006 0.025084677568540607 7.7303030303030313 1.0000000180025095e-35 31.100000000000005 17.135084167555242 11.500000000000002 16.673498532323659 43.500000000000007
decision_type=8 10 10 10 10 10 2 10 8 10 8 8 10 10
left_child=1 9 3 6 8 -6 7 -3 -4 10 12 -12 13 -1
right_child=-2 2 4 -5 5 -7 -8 -9 -10 -11 11 -13 -14 -15
leaf_value=0.0059067428085568859 0.0091196226345292581 -0.015313796301632088 -0.0055836706073498013 -0.020010912858473839 -0.013653188817509355 0.0091627490718943251 0.0074213800075745148 0.0039322277086593386 0.010470719940653506 -0.0079316975356239598 0.00924427074240451 -0.0068201138677276519 -0.011017570501588062 -0.00023286716212849243
leaf_weight=113.3531688824296 34.690450705587864 24.431877516210079 17.039438724517822 21.626066602766514 26.490074973553419 9.7374228313565236 17.926218874752522 12.540365468710659 40.048046324402094 28.836787350475788 87.190208341926336 20.585877634584904 23.621417723596096 521.22611172124743
leaf_count=557 172 123 87 109 152 72 93 65 232 139 436 102 114 2473
internal_value=0.000340347 -2.07672e-05 -0.00395042 -0.0091311 0.000546406 -0.00715311 -0.00353259 -0.00909508 0.00561505 0.000838385 0.00121785 0.00600954 0.000393851 0.000901438
internal_weight=999.344 964.653 169.84 76.5245 93.315 36.2275 54.8985 36.9722 57.0875 794.814 765.977 107.776 658.201 634.579
internal_count=4926 4754 933 390 543 224 281 188 319 3821 3682 538 3144 3030
is_linear=0
shrinkage=0.03


Tree=338
num_leaves=15
num_cat=0
split_feature=39 10 44 23 19 19 10 13 19 18 7 19 18 41
split_gain=3.86812 3.88289 3.17202 5.25454 3.37633 4.43957 6.87281 4.64927 3.65782 2.93572 4.33826 4.05246 5.03315 4.99106
threshold=2370.8399259221619 4.3000000000000016 1.0000000180025095e-35 0.87083333333333346 -9.3499999999999996 -5.8499999999999988 -0.79999999999999927 28.300000000000001 -7.5499999999999989 -7.9499999999999993 -1.7309735623331741 -2.1499999999999999 -4.0499999999999989 62.500000000000007
decision_type=2 10 2 8 8 10 10 8 10 10 2 10 10 10
left_child=2 -2 4 -4 -1 6 7 -6 -8 10 -7 12 -11 -14
right_child=1 -3 3 -5 5 9 8 -9 -10 11 -12 -13 13 -15
leaf_value=-0.0089775352988098727 -0.015222407338076534 0.0038114952367400141 0.0087391371149568298 -0.0064137296483784802 0.019779856973622417 0.005647980644986888 -0.012227668288617962 9.3165652274485137e-05 0.0050496450003565414 0.0062562716251267766 -0.012880886016344677 0.00094361501410388719 -0.00035071833620682418 -0.011898819542335307
leaf_weight=34.975904054939747 24.2503372579813 11.875878095626829 76.737172465771437 23.490828208625317 29.406770169734955 12.780427657067774 15.880995489656923 15.802703090012072 19.129967238754034 28.572312075644732 33.484045464545488 555.93174093589187 60.426245644688606 72.006978593766689
leaf_count=168 113 72 411 114 140 60 82 72 104 141 161 2709 309 339
internal_value=-0.000249477 -0.00926266 0.00012864 0.0050517 -0.00045851 -5.44084e-05 0.00644236 0.013593 -0.00333604 -0.000774773 -0.0077107 -0.00027689 -0.00439263 -0.00683414
internal_weight=1014.75 36.1262 978.626 100.228 878.398 843.422 80.2204 45.2095 35.011 763.202 46.2645 716.937 161.006 132.433
internal_count=4995 185 4810 525 4285 4117 398 212 186 3719 221 3498 789 648
is_linear=0
shrinkage=0.03


Tree=339
num_leaves=15
num_cat=0
split_feature=43 3 3 3 42 39 9 19 10 9 14 15 17 13
split_gain=3.24442 3.17917 3.67712 2.63624 4.16137 4.29791 5.13384 3.2595 3.76536 4.72602 7.06222 4.00619 3.82298 3.50179
threshold=1.0000000180025095e-35 0.024148248291577471 0.031670621036058451 0.025146607476110087 13.500000000000002 944.39263254889568 -0.26666666666666661 -2.3499999999999992 -2.4999999999999991 -6.2999999999999998 21.633333333333336 0.55000000000000016 9.2250000000000032 26.700000000000006
decision_type=2 2 2 2 8 2 10 10 10 10 10 10 8 10
left_child=3 -2 -3 -1 7 6 -6 -5 11 12 -11 13 -10 -9
right_child=1 2 -4 4 5 -7 -8 8 9 10 -12 -13 -14 -15
leaf_value=0.0019952238704254617 0.0048221657248001676 -0.0089314909543013934 0.0057027609214734846 -0.0089730679982710417 -0.001633674715443174 -0.0049199522340157625 0.023438957767052349 0.0069299350207440861 -0.013763039797814571 -0.0087204024784365997 0.014497923865860707 -0.017012022496219584 0.00653379750515395 -0.0098769933306429511
leaf_weight=638.65837062895298 24.602743305265903 82.581679843366146 15.166000075638292 61.63757997751236 11.393266458064318 15.429936733096836 12.99194023758173 20.608262091875076 16.139107961207628 12.444153133779762 37.927647516131401 16.150206059217453 9.9475628212094325 14.781060278415678
leaf_count=3128 112 407 76 317 61 76 65 96 87 60 197 76 60 78
internal_value=0.000357099 -0.00411843 -0.0064939 0.00100785 -0.00172437 0.00656958 0.0134398 -0.00358977 -0.000757559 0.00340011 0.00849244 -0.00668066 -0.00621726 -0.000443528
internal_weight=990.46 122.35 97.7477 868.109 229.451 39.8151 24.3852 189.636 127.998 76.4585 50.3718 51.5395 26.0867 35.3893
internal_count=4896 595 483 4301 1173 202 126 971 654 404 257 250 147 174
is_linear=0
shrinkage=0.03


Tree=340
num_leaves=15
num_cat=0
split_feature=3 21 24 4 4 0 13 3 26 26 13 28 21 3
split_gain=2.46298 6.07781 4.93687 3.845 5.19974 3.44601 2.56816 2.535 4.0326 4.58659 2.50309 2.38256 5.42585 4.55967
threshold=0.03031659072828519 15.275434162596527 0.27198455139631617 83.163925881304877 -89.346466007112653 1.0000000180025095e-35 21.100000000000005 0.027716549304148356 0.97058823529411775 -3.7386363636363629 21.100000000000005 6.5000000000000009 17.030854352421596 0.024171853464983965
decision_type=2 10 10 2 2 2 10 2 10 10 10 2 8 2
left_child=7 2 3 4 -2 -3 -6 11 9 -9 -5 12 13 -1
right_child=1 5 -4 10 6 -7 -8 8 -10 -11 -12 -13 -14 -15
leaf_value=0.0083392296025327165 0.011773370650001671 0.00018054930950692032 -0.012163449065729819 0.00068032930019491517 0.0022969605203523569 0.019724476581042885 -0.013497410479767892 -0.010196345621757986 -0.017041939160343404 0.012045365346870956 0.019449068735153823 -9.8887480531210096e-05 -0.018030259166806444 -0.0056054676260605943
leaf_weight=25.442494072020054 12.461756251752375 12.042288430035113 20.607714392244816 11.068875998258592 12.496403448283671 20.532466188073158 20.686145626008511 12.328802939504387 17.529161177575588 11.106346376240252 11.468580812215803 723.69986775144935 17.376751311123371 64.320244569331408
leaf_count=121 68 62 142 59 57 116 94 67 99 64 63 3478 82 321
internal_value=-0.00055234 0.00336741 -0.000865466 0.00314705 -0.0019928 0.0134849 -0.00802743 -0.0011141 -0.00797628 0.000608977 0.0120284 -0.000730073 -0.00479906 -0.0014215
internal_weight=993.168 121.364 88.7895 68.1818 45.6443 32.5748 33.1825 871.804 40.9643 23.4351 22.5375 830.839 107.139 89.7627
internal_count=4893 661 483 341 219 178 151 4232 230 131 122 4002 524 442
is_linear=0
shrinkage=0.03


Tree=341
num_leaves=15
num_cat=0
split_feature=14 8 11 10 14 18 9 18 18 16 13 24 26 15
split_gain=4.70712 6.39935 4.81282 5.00506 4.6182 5.22301 6.93743 5.57449 4.36366 4.22672 4.386 5.54193 5.24411 3.90614
threshold=16.100000000000005 -3.0999999999999996 19.100000000000005 3.100000000000001 18.100000000000005 -0.72499999999999987 4.7000000000000002 4.5500000000000007 -5.1499999999999995 -5.5499999999999989 20.700000000000006 -0.071428571428571466 11.577380952380954 -1.9499999999999997
decision_type=10 8 10 8 10 10 10 8 10 10 10 8 8 10
left_child=1 -1 3 9 5 -4 -7 -8 -6 -2 11 -11 -12 -10
right_child=2 -3 4 -5 8 6 7 -9 13 10 12 -13 -14 -15
leaf_value=-0.0040948509216012117 -0.0090057183218140522 0.0098125603588226223 0.0023696005739499114 0.010819841208429382 -0.010143377704300459 -0.02536064350684495 -0.014018867528825309 0.0086361654844597686 -0.0047482373362474663 -0.012664866472768533 0.0067842267138988376 0.0046650844300874421 -0.0095200308070556277 0.0012392483821414249
leaf_weight=41.073729552328587 30.87597419321537 85.02735224366188 23.338375605642796 46.958230458199978 40.685964692384005 21.279472719877958 15.361306093633173 14.183167867362501 130.96417300403118 30.021329581737518 133.87009637057781 27.801172256469727 15.911311656236647 347.10637583956122
leaf_count=199 144 399 113 230 212 103 72 66 648 141 627 123 77 1796
internal_value=-5.33527e-06 0.00529922 -0.000792567 0.0023813 -0.00232764 -0.0090837 -0.0140842 -0.00346722 -0.00128429 0.000531628 0.00212851 -0.00462446 0.00480064 -0.000433152
internal_weight=1004.46 126.101 878.357 285.438 592.919 74.1623 50.8239 29.5445 518.757 238.48 207.604 57.8225 149.781 478.071
internal_count=4950 598 4352 1342 3010 354 241 138 2656 1112 968 264 704 2444
is_linear=0
shrinkage=0.03


Tree=342
num_leaves=15
num_cat=0
split_feature=2 20 24 25 11 3 3 39 41 25 1 13 3 3
split_gain=2.51903 3.82078 6.39865 3.7868 3.63534 2.7769 5.96415 4.5192 4.79574 6.20145 3.83431 3.8938 5.62247 5.39036
threshold=0.82461063744049479 13.679668587857192 0.40138888888888896 10.55902777777778 25.633333333333336 0.025126895938511699 0.025664036214558043 256.79052925807713 59.500000000000007 -1.8619047619047617 43.750000000000007 22.100000000000005 0.024154191582227872 0.024725274725274752
decision_type=2 10 8 10 10 2 2 2 10 8 2 8 2 2
left_child=3 2 -2 5 -5 7 -7 8 -1 -10 -9 12 -12 -14
right_child=1 -3 -4 4 -6 6 -8 10 9 -11 11 -13 13 -15
leaf_value=-0.011827197730909728 -0.016433441883389872 0.016945542268986681 0.012761470668883538 0.0022242673061565028 -0.012628846443629042 -0.011399731507469117 -0.00039378905975251085 -0.0005520059666337541 0.015141793354496594 -0.0071618486783349249 -0.0013608433664368492 0.0014494365948360846 0.017261343278169833 -0.0023503855371008009
leaf_weight=43.81358428299427 8.505897097289564 13.460527833551167 8.6112520880997199 20.423215754330158 38.812867030501366 52.157199792563915 198.92740261554718 312.57140316069126 14.180405199527739 22.306831136345863 33.081508152186871 174.93735118955374 55.398562334477901 14.548015043139456
leaf_count=215 68 137 94 99 197 225 996 1470 65 104 148 822 280 66
internal_value=-0.000409384 0.00743654 -0.00218151 -0.000690366 -0.00773332 -0.000198563 -0.00285797 0.000810592 -0.0056561 0.00228645 0.00173003 0.00426059 0.0087458 0.0132977
internal_weight=1011.74 30.5777 17.1171 981.158 59.2361 921.922 251.085 670.838 80.3008 36.4872 590.537 277.965 103.028 69.9466
internal_count=4986 299 162 4687 296 4391 1221 3170 384 169 2786 1316 494 346
is_linear=0
shrinkage=0.03


Tree=343
num_leaves=15
num_cat=0
split_feature=23 14 23 8 8 24 15 2 23 10 14 15 24 8
split_gain=2.89526 5.39368 4.8797 3.22805 6.80864 5.04815 3.22667 3.21103 3.06541 4.81566 3.66285 5.98557 3.96797 6.26236
threshold=0.72902097902097907 23.900000000000002 0.78174603174603186 2.1000000000000005 -1.2999999999999996 -0.28348214285714279 -6.7499999999999991 0.58830412669946497 0.68301435406698574 0.50000000000000011 29.300000000000001 0.45000000000000007 -0.33030303030303021 -7.6999999999999984
decision_type=10 10 10 10 10 10 10 2 10 10 10 10 8 8
left_child=8 2 7 4 6 -5 -4 -2 10 -10 12 -12 -1 -14
right_child=1 -3 3 5 -6 -7 -8 -9 9 -11 11 -13 13 -15
leaf_value=0.0077107292109463762 0.014269136935456742 0.014269735876997232 0.0052813645763048252 -0.019372239987437995 0.013830095088293224 -0.00033018345263160104 -0.0095585744392590738 -0.0019814042260178346 -0.012384614838500171 0.0057400549734527668 0.0010619125378220128 -0.015019211879733815 -0.0070937305008175527 0.0013194659178404097
leaf_weight=62.425664708018303 29.498076349496841 30.142610281705856 16.731143653392792 15.114785507321356 23.577255949378014 33.700126618146896 31.226319625973701 14.411952018737791 37.839671231806278 15.561001665890215 47.449109967797995 31.305871654301882 88.922935970127583 518.13223366439342
leaf_count=292 138 146 83 68 111 154 158 68 184 73 240 175 405 2617
internal_value=0.000357948 0.00359348 0.00127067 -0.00190445 0.00213922 -0.00747835 -0.00437147 0.00927816 -0.000444102 -0.00706381 7.20929e-05 -0.00584549 0.000806386 3.91977e-05
internal_weight=996.039 194.402 164.26 120.35 71.5347 48.8149 47.9575 43.91 801.636 53.4007 748.236 78.755 669.481 607.055
internal_count=4912 926 780 574 352 222 241 206 3986 257 3729 415 3314 3022
is_linear=0
shrinkage=0.03


Tree=344
num_leaves=15
num_cat=0
split_feature=1 26 4 14 19 12 17 7 21 2 17 8 8 25
split_gain=3.7564 4.16742 4.18834 3.31889 3.8579 3.40827 5.60639 3.47519 3.18202 2.90361 8.32695 2.86006 2.69129 2.68201
threshold=37.750000000000007 -2.316666666666666 77.914088366035472 16.100000000000005 -9.4499999999999975 17.900000000000002 9.8500000000000032 -3.1554923771154284 15.734780997930804 0.687395287808647 -0.74999999999999978 -4.6999999999999984 -4.2999999999999998 1.0000000180025095e-35
decision_type=2 10 2 8 8 8 10 2 10 2 8 10 10 8
left_child=1 2 -1 8 -5 6 7 -6 12 -9 -11 -3 -2 -12
right_child=3 11 -4 4 5 -7 -8 9 -10 10 13 -13 -14 -15
leaf_value=0.010362332535884448 -0.00085077890036477032 -0.0001737551133812186 -0.0059699451662817617 -0.013120242978924878 -0.0038236712342601896 -0.00034322163487951268 -0.0052250068443186696 0.014829956749331139 -0.0015646353461854674 -0.016999391073346116 -0.0012378543542332888 -0.01308715920985031 0.013363057584061297 0.018065266375203209
leaf_weight=22.252155691385269 15.086633443832396 22.196269027888775 24.657547578215599 14.01523896306753 15.168545778840778 652.79988764598966 33.217418305575848 51.263144493103027 30.559595838189125 8.3693403266370279 8.816040426492691 46.722296558320522 44.269886534661055 14.399272236973051
leaf_count=97 73 103 141 73 85 3159 199 230 144 51 50 212 211 123
internal_value=0.000196064 -0.00476943 0.00202933 0.000866853 0.000234606 0.000554963 0.00487145 0.00838063 0.00617039 0.0107056 0.00289958 -0.00922127 0.00996491 0.0118145
internal_weight=1003.79 115.828 46.9097 887.965 798.049 784.034 131.234 98.0163 89.9161 82.8478 31.5847 68.9186 59.3565 23.2153
internal_count=4951 553 238 4398 3970 3897 738 539 428 454 224 315 284 173
is_linear=0
shrinkage=0.03


Tree=345
num_leaves=15
num_cat=0
split_feature=17 20 19 22 22 18 4 8 18 19 2 4 22 20
split_gain=2.96566 4.64985 4.98353 2.58423 3.67939 6.37095 7.41878 5.61279 5.90593 6.12383 5.47474 3.71183 3.65858 7.81769
threshold=-14.249999999999998 13.116571367718185 0.25000000000000006 0.88562091503267981 0.74342105263157909 -0.6499999999999998 77.914088366035472 9.4500000000000011 -0.84999999999999998 1.0500000000000003 0.69494939590513527 229.99791352981609 0.4045454545454546 18.062545644984553
decision_type=10 8 10 10 10 10 2 10 10 8 2 2 10 10
left_child=1 -1 -3 4 7 10 -7 12 -9 -10 -6 -8 -2 -14
right_child=3 2 -4 -5 5 6 11 8 9 -11 -12 -13 13 -15
leaf_value=0.018028765373660226 0.0013235338558051008 0.0089980410878146132 -0.011053236983331306 0.0049502133088171005 -0.021341974022793166 0.015267076386323077 -0.01135633968056019 0.023052473421533319 -0.010845973932077792 0.013930737295358129 -8.8367777911954772e-05 0.0064675208605046606 -0.0012759101742518227 -0.015157171283739914
leaf_weight=15.726007893681524 383.18705112859607 20.112366288900375 15.072836495935915 71.301215279847383 26.856518805027008 16.273693665862083 29.15117259323597 13.766341421753166 14.264763191342354 11.830236718058586 16.65104679018259 11.357585679739712 325.64304349571466 36.311379555612803
leaf_count=74 1811 96 74 385 117 72 146 80 81 66 106 84 1593 185
internal_value=3.97872e-05 0.00675637 0.000101836 -0.00035095 -0.000803308 -0.00606939 0.000691909 -9.63702e-05 0.010212 0.000820469 -0.0140554 -0.00619747 -0.000712207 -0.00285603
internal_weight=1007.51 50.9112 35.1852 956.594 885.293 100.29 56.7825 785.003 39.8613 26.095 43.5076 40.5088 745.141 361.954
internal_count=4970 244 170 4726 4341 525 302 3816 227 147 223 230 3589 1778
is_linear=0
shrinkage=0.03


Tree=346
num_leaves=15
num_cat=0
split_feature=3 11 0 18 25 23 1 0 11 25 19 3 25 14
split_gain=2.34048 2.92285 5.10574 5.33805 4.26864 6.1718 4.20622 3.69791 3.68057 2.80855 5.93577 4.5741 4.05506 3.92162
threshold=0.042854956491320213 19.100000000000005 6.7500000000000009 0.45000000000000007 1.6794871794871797 0.63245614035087727 44.250000000000007 -6.7499999999999991 19.450000000000003 -1.3205128205128203 -1.9499999999999997 0.027261236922155655 -1.8090909090909089 19.775000000000002
decision_type=2 10 2 10 10 10 2 2 10 10 10 2 8 10
left_child=1 2 3 4 7 -6 -5 -1 -3 10 12 13 -10 -12
right_child=-2 8 -4 6 5 -7 -8 -9 9 -11 11 -13 -14 -15
leaf_value=0.0069340001102093816 0.0075134659823392486 -0.011177833041330052 0.016411825047083644 0.012430619645501949 0.018354555492267232 -0.0051509441676650764 -0.0036207382503300771 -0.0042233268457154208 -0.0091359710381154601 -0.0017818767047572087 -0.0024425712566908749 -0.0075041020296918249 0.0068664882057946717 0.010389773161647433
leaf_weight=27.063974156975746 36.469168644398451 24.961803130805492 17.44272580742836 52.333616107702255 18.022944316267967 14.748309969902037 17.197424665093422 165.28506292402744 47.076387725770473 428.91885505989194 24.904749259352684 16.264392502605915 15.479758843779562 98.826829608529806
leaf_count=148 174 119 114 241 78 65 86 732 222 2231 116 89 75 464
internal_value=0.000533785 0.000233731 0.00260069 0.00152289 -0.00076475 0.00849465 0.008484 -0.00251756 -0.000902767 -0.000411977 0.00246193 0.00583549 -0.00496097 0.00781232
internal_weight=1005 968.527 312.094 294.651 225.12 32.7713 69.531 192.349 656.433 631.471 202.552 139.996 62.5561 123.732
internal_count=4954 4780 1464 1350 1023 143 327 880 3316 3197 966 669 297 580
is_linear=0
shrinkage=0.03


Tree=347
num_leaves=15
num_cat=0
split_feature=18 26 16 39 39 12 4 18 18 4 41 21 21 39
split_gain=3.00605 2.73864 4.74284 3.57789 3.4206 3.75292 2.81087 2.50918 3.63547 3.07293 4.76774 2.53737 5.08671 6.05457
threshold=-10.149999999999997 9.6201923076923084 11.350000000000003 1089.7752136107267 823.32704117842866 28.900000000000002 -35.835476517907743 10.550000000000002 9.0500000000000025 121.36083147226681 65.500000000000014 10.530906893520621 12.472636716695732 1656.1420156215211
decision_type=8 10 10 2 2 8 2 10 10 2 8 10 10 2
left_child=-1 2 7 4 5 6 -3 8 11 10 -9 -2 13 -13
right_child=1 3 -4 -5 -6 -7 -8 9 -10 -11 -12 12 -14 -15
leaf_value=0.0084174482913047695 0.0023661319838658807 5.6807232607472082e-05 -0.015297148759529752 0.01103593824717931 -0.010161215869589452 -0.00536178250792605 0.017797347107367273 -0.011335888216612945 -0.011992315113038495 0.015062511759817888 0.0085016230134383267 -0.0033290344218627811 -0.0001917497000032206 -0.018006989889475217
leaf_weight=28.61093820258975 161.91180956363678 14.100216411054136 16.145364806056023 34.304159909486771 17.501047044992447 20.03815608471632 13.795547530055044 14.001619607210161 22.745385240763426 14.06401691585779 20.586415491998192 130.28369761258364 461.62788109481335 27.498820848762989
leaf_count=138 826 69 75 163 83 101 62 66 116 92 93 647 2252 136
internal_value=-0.000406741 -0.000709283 -0.00125537 0.00388076 -0.000387467 0.00380374 0.0102018 -0.000901884 -0.00131366 0.00539174 5.36986e-05 -0.000928513 -0.00180177 -0.00636168
internal_weight=997.215 968.604 868.865 99.7391 65.435 47.9339 27.8958 852.72 804.068 48.6521 34.588 781.322 619.41 157.783
internal_count=4919 4781 4303 478 315 232 131 4228 3977 251 159 3861 3035 783
is_linear=0
shrinkage=0.03


Tree=348
num_leaves=15
num_cat=0
split_feature=16 14 19 21 18 11 41 11 14 8 21 16 18 25
split_gain=1.84331 4.17385 4.72791 4.62079 5.73828 6.6362 5.62317 4.43543 4.23432 4.35702 4.47244 3.9209 4.17547 8.53176
threshold=3.4500000000000006 24.700000000000006 -5.7499999999999991 11.356104508822634 5.5500000000000007 27.100000000000005 44.500000000000007 21.100000000000005 19.775000000000002 -7.6999999999999984 15.890947792165433 2.0500000000000003 -2.6499999999999999 -0.53589743589743577
decision_type=10 10 10 8 8 10 8 10 8 10 8 8 8 10
left_child=11 2 -2 7 5 6 -5 -4 9 -8 -11 -1 13 -13
right_child=1 -3 3 4 -6 -7 8 -9 -10 10 -12 12 -14 -15
leaf_value=-0.00025157193010176055 0.010014256326950747 0.014464613086844094 -0.018871827380145961 -0.010810540559794081 0.011074412271605364 -0.014717759953250531 -0.005316449933576748 -0.00039685662476559512 -0.0041615888381339328 0.018205774999326903 0.0012393489482997958 -0.01182484605555182 -0.010099895968780689 0.016918745524853396
leaf_weight=629.99104059115052 36.119786486029625 16.330326423048973 17.926895931363106 22.633877240121365 35.758957572281361 23.328274413943291 13.84626994282007 24.322645381093025 32.447493009269238 32.987447187304497 23.358563043177128 13.543045274913313 72.542575381696224 13.832369625568388
leaf_count=3189 179 82 86 111 169 107 66 118 153 148 107 63 340 66
internal_value=-0.000356165 0.00169832 0.000649501 -0.00102713 0.00109007 -0.00159481 0.00132002 -0.00940346 0.00437293 0.00833253 0.0118465 -0.00114785 -0.00651767 0.00306873
internal_weight=1008.97 279.061 262.73 226.61 184.361 148.602 125.274 42.2495 102.64 70.1923 56.346 729.909 99.918 27.3754
internal_count=4984 1326 1244 1065 861 692 585 204 474 321 255 3658 469 129
is_linear=0
shrinkage=0.03


Tree=349
num_leaves=15
num_cat=0
split_feature=21 7 21 39 3 26 7 3 17 5 7 10 10 23
split_gain=2.86976 2.59573 2.23867 2.21332 3.69883 3.6754 2.69343 3.26871 3.7586 3.34478 2.92698 3.72849 6.27612 4.36167
threshold=8.2747943302551761 -2.9614296020382511 7.8361694988129207 172.19982993367231 0.024843317791356071 1.2071428571428573 3.9292196966642456 0.024276789359163001 4.2500000000000018 0.71637974242826485 3.2858454369842556 -9.4999999999999964 -18.899999999999995 0.77097902097902116
decision_type=10 2 8 2 2 8 2 2 10 2 2 8 10 8
left_child=1 -1 -3 4 5 -2 10 -8 9 -9 11 12 13 -5
right_child=3 2 -4 6 -6 -7 7 8 -10 -11 -12 -13 -14 -15
leaf_value=-0.0046778814271740974 0.0088213396583032965 0.0026558185039022362 0.016054545834398314 -0.0033035686929451034 0.016241743420489774 -0.010187633015352004 0.0045166463548676856 -0.0083942066872264003 -0.018765932763296592 0.0067149008776188172 0.0069730888022324416 -0.0002770749258293871 -0.0083820945034711394 0.016806473537278235
leaf_weight=14.163863901048897 12.476811934262514 28.650787103921175 16.519477859139442 18.874480180442337 12.268502835184334 14.319023177027702 17.152246922254562 38.59419196844101 19.64435825869441 14.585436418652533 35.196310631930828 619.64224298670888 124.22331835329533 12.463088966906069
leaf_count=73 67 157 83 95 68 68 80 194 99 71 171 3044 583 65
internal_value=-0.000772217 0.00536589 0.0086676 -0.00118625 0.00539721 -0.00134125 -0.00150011 -0.00628415 -0.00895481 -0.00402932 -0.000933678 -0.00133505 -0.00540941 0.00590634
internal_weight=998.774 59.3341 45.1703 939.44 39.0643 26.7958 900.376 89.9762 72.824 53.1796 810.399 775.203 155.561 31.3376
internal_count=4918 313 240 4605 203 135 4402 444 364 265 3958 3787 743 160
is_linear=0
shrinkage=0.03


Tree=350
num_leaves=15
num_cat=0
split_feature=16 13 21 24 4 12 20 12 2 24 15 15 16 42
split_gain=2.34051 5.08079 7.62184 3.87352 3.64991 3.2561 2.70918 2.46902 2.38309 2.29891 4.35732 4.17647 5.13335 3.72297
threshold=-7.0499999999999989 21.675000000000004 15.666843608445228 0.2642857142857144 51.238416503540073 19.100000000000005 14.234543274099872 16.675000000000004 0.20855557675993344 -0.099999999999999992 -4.3499999999999988 -5.5499999999999989 0.95000000000000007 7.5000000000000009
decision_type=10 8 10 10 2 10 10 8 2 8 8 10 10 8
left_child=1 4 3 7 -1 6 -6 -3 -2 11 13 12 -10 -11
right_child=8 2 -4 -5 5 -7 -8 -9 9 10 -12 -13 -14 -15
leaf_value=0.016243736619064513 -0.0083898106005529105 0.0031494464123165236 -0.021399603763631557 0.011077812951920002 0.012731893057470023 -0.010637515511720146 -0.0043420524181218192 -0.011413359051230297 0.016493232126586928 -0.0002748149243083123 0.0014487075121173427 0.0013701441850057249 0.0013920240617042666 -0.01190358420511683
leaf_weight=10.397193759679793 18.072163455188274 14.288250192999838 20.916870787739754 11.950850777328013 13.290582824498417 13.752132900059221 11.870844677090643 21.872358910739422 37.516631796956062 56.144156284630299 450.87824537605047 242.98476801067591 40.628181420266628 39.697514101862907
leaf_count=45 112 69 105 67 80 69 75 100 172 266 2300 1123 194 187
internal_value=0.0006143 -0.00326367 -0.00827776 -0.0010954 0.00387127 -0.000907611 0.00529218 -0.00597553 0.00114772 0.00139325 0.000202223 0.00338677 0.00919783 -0.00544283
internal_weight=1004.26 118.339 69.0283 48.1115 49.3108 38.9136 25.1614 36.1606 885.922 867.849 546.72 321.13 78.1448 95.8417
internal_count=4964 610 341 236 269 224 155 169 4354 4242 2753 1489 366 453
is_linear=0
shrinkage=0.03


Tree=351
num_leaves=15
num_cat=0
split_feature=16 42 26 26 20 5 42 19 16 0 11 20 26 20
split_gain=3.32216 3.93854 7.54674 3.96573 3.73962 3.48854 6.73257 3.1566 2.79231 2.50437 2.42944 3.63068 4.50138 3.91529
threshold=7.3166666666666673 6.5000000000000009 3.2792207792207795 3.9736842105263164 19.498432685700497 0.81835768202939896 4.5000000000000009 2.6500000000000008 11.450000000000001 -1.7499999999999998 14.500000000000002 17.388533861733848 -1.392307692307692 11.95663454998037
decision_type=10 8 10 8 10 2 8 8 10 2 10 8 10 10
left_child=4 3 -3 -2 5 10 -7 -6 -4 -5 -1 13 -13 -12
right_child=1 2 8 9 7 6 -8 -9 -10 -11 11 12 -14 -15
leaf_value=-0.0050882423696996101 0.011423783895887748 -0.0064918793778329315 0.021095426117871255 -0.010894408832297392 -0.014599456465066477 -0.0060692466994424687 0.017725744076654875 0.0028943804034934498 0.0034531313293890429 0.0021549152301488864 0.0024531678343976491 0.01433925552346902 -0.00029726316446491719 -0.0022505504176341695
leaf_weight=79.485329180955887 13.555685196071861 14.878708295524119 28.358530841767788 22.6936219856143 23.651255842298269 14.4775318428874 21.872940178960562 11.60472948104143 13.628635697066782 22.713840693235397 255.52820912748575 30.275203011929989 40.337056986987591 405.0311906337738
leaf_count=361 67 70 132 110 119 120 211 60 66 105 1209 158 196 1943
internal_value=0.000374504 0.00504002 0.0103286 -0.000469153 -0.000262964 0.000160695 0.00866082 -0.00919695 0.0163457 -0.00480057 -0.000271211 0.000283448 0.00651142 -0.000426223
internal_weight=998.092 115.829 56.8659 58.9631 882.263 847.007 36.3505 35.256 41.9872 45.4075 810.657 731.172 70.6123 660.559
internal_count=4927 550 268 282 4377 4198 331 179 198 215 3867 3506 354 3152
is_linear=0
shrinkage=0.03


Tree=352
num_leaves=15
num_cat=0
split_feature=13 21 21 41 27 30 21 41 41 14 9 10 2 2
split_gain=2.19334 3.84866 2.31008 5.28233 2.30523 2.29803 8.03876 2.82634 4.85526 3.14799 2.73633 5.71957 3.17665 4.13195
threshold=13.700000000000001 13.69793169333842 19.053287551864564 61.500000000000007 6.5000000000000009 3.5000000000000004 14.133490543298786 25.500000000000004 34.500000000000007 22.900000000000002 -12.299999999999999 13.300000000000002 0.81261261456957734 0.78352435838808687
decision_type=8 10 10 8 2 2 10 8 8 10 8 10 2 2
left_child=1 -1 5 -4 -5 7 -7 -2 9 -9 11 -10 13 -12
right_child=2 -3 3 4 -6 6 -8 8 10 -11 12 -13 -14 -15
leaf_value=0.01421035724207231 -0.01116839831442149 -0.0036989479203177796 -0.006744217503437829 0.0024748354429497909 0.01786940355133438 0.013005335427171043 -0.0086185181857900521 0.015976948375482285 0.015005820694188423 -0.0019843268281301428 -0.0018178988132317034 -0.0058269263908674535 0.0085077432224607893 -0.014333201255371224
leaf_weight=19.368814051151276 20.473651200532913 16.404205966740847 18.073289640247822 17.288081757724285 17.690359577536583 34.348780605942011 21.108596973121166 19.305648121982816 20.988193027675152 12.183863356709479 718.16403888165951 18.030548479408026 20.736485376954079 19.718900971114635
leaf_count=110 105 87 90 82 86 179 101 101 103 66 3358 120 201 132
internal_value=-0.000265914 0.00655131 -0.000553139 0.00525413 0.0115218 -0.00092054 0.00474263 -0.00131579 -0.00100701 0.00970777 -0.00148785 0.00581064 -0.00189883 -0.00224657
internal_weight=993.883 35.773 958.11 53.0517 34.9784 905.059 55.4574 849.601 829.128 31.4895 797.638 39.0187 758.619 737.883
internal_count=4921 197 4724 258 168 4466 280 4186 4081 167 3914 223 3691 3490
is_linear=0
shrinkage=0.03


Tree=353
num_leaves=15
num_cat=0
split_feature=22 25 15 9 25 14 39 4 25 7 27 22 12 7
split_gain=3.36608 4.97223 4.93857 5.2202 4.2326 4.54865 4.02126 8.19192 3.35638 4.13191 4.17148 3.13173 2.99254 2.8115
threshold=0.22474747474747478 -7.9666666666666659 -4.2499999999999991 -6.2999999999999998 -6.4807692307692299 23.450000000000003 257.86466118942809 114.68810251321464 -6.0312499999999991 -3.1554923771154284 13.500000000000002 0.67261904761904778 20.900000000000002 -3.6461860957131642
decision_type=8 8 8 10 10 10 2 2 10 2 2 8 10 2
left_child=2 12 3 -1 5 -4 7 -3 -8 10 13 -9 -2 -10
right_child=1 6 4 -5 -6 -7 8 11 9 -11 -12 -13 -14 -15
leaf_value=-0.0032786814021427226 -0.016191038508570472 -0.010204838044212825 -0.012624014940015291 0.014774274721012667 0.0078713995939554936 0.0051427899484185529 0.0068329578721442524 0.014339525891318676 -0.0046009500487865559 0.0017090441904736582 0.0032987169307817613 -0.0025017018115791583 -0.0012000480318735145 -0.018822711547001988
leaf_weight=17.1211281940341 20.952787227928638 71.495391063392162 28.045188181102276 52.487846858799458 28.161763671785593 17.746585384011269 86.228206887841225 17.051619105041027 44.998612843453884 521.06300661340356 32.88062559068203 15.775652468204497 23.880320839583874 15.505533039569853
leaf_count=78 97 327 131 251 132 84 413 103 238 2601 175 103 119 71
internal_value=0.000799066 7.03318e-05 0.00496532 0.0104118 -0.000495893 -0.00591005 0.000635782 -0.00472352 0.00146153 0.00065867 -0.00499115 0.00698531 -0.00912767 -0.00940415
internal_weight=993.394 849.832 143.563 69.609 73.9535 45.7918 804.999 104.323 700.676 614.448 93.3848 32.8273 44.8331 60.5041
internal_count=4923 4247 676 329 347 215 4031 533 3498 3085 484 206 216 309
is_linear=0
shrinkage=0.03


Tree=354
num_leaves=15
num_cat=0
split_feature=2 20 17 22 22 0 2 8 19 20 5 22 42 11
split_gain=4.03751 3.87719 2.72211 3.20112 4.72655 5.36775 4.94908 6.73302 6.22616 3.91513 6.00469 3.99223 5.94186 7.02969
threshold=0.82137085775599827 11.349253394837417 16.350000000000005 0.58012820512820518 0.5590277777777779 7.7500000000000009 0.687395287808647 -4.0999999999999988 9.1333333333333346 10.479609831583533 0.65256665321101182 0.74342105263157909 9.5000000000000018 23.225000000000005
decision_type=2 10 10 8 10 2 2 10 8 8 2 10 8 8
left_child=2 -2 3 4 5 6 8 -8 -1 10 -5 12 -11 -14
right_child=1 -3 -4 9 -6 -7 7 -9 -10 11 -12 -13 13 -15
leaf_value=0.00050662750355971557 -0.0059302097156518543 0.01507119601154056 -0.010504016190880164 -0.011096047671511167 -0.013299827386462435 0.012337316946846337 0.0048357694944480608 -0.015847922799237728 -0.011244078462820812 0.0094387886345598214 0.0052966651629899825 -0.00079430116393976484 -0.011047839785811796 0.0091406682294381779
leaf_weight=445.58973318338394 7.8400654122233417 23.529941659420729 18.652973860502243 41.368041656911373 24.478318758308887 21.128314733505249 17.933713607490063 39.615228116512299 39.612356469035149 132.02407619357109 31.454914510250092 121.97666421532631 29.888770371675491 23.144517108798027
leaf_count=2038 75 238 93 183 114 143 92 201 184 641 170 595 141 116
internal_value=-8.88683e-05 0.00972879 -0.000448416 -0.000201721 -0.00158286 -0.000961798 -0.0015874 -0.00953104 -0.000557614 0.00193029 -0.00413005 0.00341084 0.00613055 -0.00220883
internal_weight=1018.24 31.37 986.868 968.215 588.358 563.879 542.751 57.5489 485.202 379.857 72.823 307.034 185.057 53.0333
internal_count=5024 313 4711 4618 2772 2658 2515 293 2222 1846 353 1493 898 257
is_linear=0
shrinkage=0.03


Tree=355
num_leaves=15
num_cat=0
split_feature=39 39 13 22 16 25 27 4 16 16 10 21 11 7
split_gain=3.87562 6.9631 5.51143 6.43374 5.03486 4.56567 3.82305 4.21851 3.2834 5.83541 4.10267 3.28119 3.07262 2.91418
threshold=1498.7265836129675 1725.4921379844134 25.100000000000005 0.46291208791208799 -8.9499999999999975 -13.422619047619046 6.5000000000000009 60.246355447021877 -0.44999999999999996 -3.5499999999999994 -5.4999999999999991 12.056579557792224 26.700000000000006 5.4729900233724953
decision_type=2 2 8 8 8 8 2 2 10 10 10 8 10 2
left_child=4 6 8 -4 -1 -6 -2 -8 9 11 -10 -3 -12 -7
right_child=1 2 3 -5 5 13 7 -9 10 -11 12 -13 -14 -15
leaf_value=-0.0096954458174722449 0.0014600817051761777 -0.0053652371645553374 0.00097696488580855962 -0.020876756797741938 0.010113820747215197 -0.00030968526435816001 0.027059439749382116 0.003627436654001912 -0.0016317033915682546 -0.0123001267448832 0.01965395857284442 0.012619495462277135 0.0016155716664486078 -0.0088676138526464655
leaf_weight=49.323138941079378 17.84093502163887 10.780749939382078 29.109895601868629 15.276835441589354 31.52993655949831 693.05395230278373 16.927683621644977 12.677013311535118 21.621975697577 20.493450772017241 23.736076258122921 20.172239799052477 13.433112286031244 32.79080768674612
leaf_count=254 87 60 140 71 146 3408 77 76 99 103 115 108 67 165
internal_value=6.19969e-05 0.00372517 0.000504616 -0.00789666 -0.000872888 -0.00023851 0.0131722 0.0189995 0.00408321 -0.00142753 0.00863942 0.0064805 0.0140993 -0.000754321
internal_weight=1008.77 202.07 154.624 44.3867 806.698 757.375 47.4456 29.6047 110.238 51.4464 58.7912 30.953 37.1692 725.845
internal_count=4976 1003 763 211 3973 3719 240 153 552 271 281 168 182 3573
is_linear=0
shrinkage=0.03


Tree=356
num_leaves=15
num_cat=0
split_feature=4 17 7 20 20 1 4 8 17 25 4 41 26 42
split_gain=2.73833 4.6669 5.44464 4.04666 4.49038 4.45716 4.00439 8.37182 4.92503 3.85735 3.48847 6.45261 3.63993 6.74733
threshold=114.68810251321464 10.450000000000001 -0.2599165158604681 12.112436217008993 13.802777461589042 41.250000000000007 186.19128020056669 1.9000000000000001 2.850000000000001 -3.9666666666666663 103.79813955744841 60.500000000000007 -4.1180555555555545 3.5000000000000004
decision_type=2 10 2 10 10 2 2 10 10 10 2 10 8 10
left_child=10 3 -3 6 5 -5 8 -8 -2 -6 12 -12 13 -1
right_child=1 2 -4 4 9 -7 7 -9 -10 -11 11 -13 -14 -15
leaf_value=-0.0035683511901306985 0.021843004140592856 0.006440976224083135 -0.012147080092706928 -0.016432201631907908 0.014653659707683876 0.0011100039449227289 -0.014240619615811884 0.012005292347349249 0.00086061585452825394 0.0016512107123349674 -0.022190362241374561 0.0019112450281550868 -0.0009332168296882768 0.011702928965308479
leaf_weight=42.701018869876862 29.223357930779457 19.470709208399057 30.670129876583815 15.39226673543453 23.899974096566439 34.543413750827312 12.865142676979302 23.399483095854521 14.864223301410673 76.388206139206886 13.381699770689009 20.343576282262802 585.29973331093788 55.073223754763603
leaf_count=191 143 149 169 78 128 191 72 164 76 465 61 95 2706 248
internal_value=0.000463496 0.0029476 -0.00499943 0.00474519 0.00171805 -0.00530068 0.00997244 0.00209704 0.015577 0.0052986 -0.000523023 -0.00928228 -2.62457e-05 0.00518436
internal_weight=997.516 280.717 50.1408 230.576 150.224 49.9357 80.3522 36.2646 44.0876 100.288 716.799 33.7253 683.074 97.7742
internal_count=4936 1635 318 1317 862 269 455 236 219 593 3301 156 3145 439
is_linear=0
shrinkage=0.03


Tree=357
num_leaves=15
num_cat=0
split_feature=20 4 4 7 3 12 23 9 2 3 25 15 8 20
split_gain=2.96797 4.13864 3.84754 3.70564 3.94669 5.09593 4.6245 3.72791 5.12785 3.66319 3.53841 3.48953 6.52081 5.12932
threshold=15.32644772933377 153.13450561750463 79.485324099459845 -3.7683075581356067 0.024313510585153412 22.633333333333336 0.6858552631578948 -1.8999999999999997 0.52126010624211372 0.024141657566646661 10.870833333333335 -0.34999999999999992 -2.4499999999999997 11.163432367431691
decision_type=8 2 2 2 2 10 10 10 2 2 10 10 10 10
left_child=10 2 3 -2 5 -5 7 -6 -9 -4 11 -1 13 -13
right_child=1 -3 9 4 6 -7 -8 8 -10 -11 -12 12 -14 -15
leaf_value=-0.0025509191267936767 -0.0069418514338433178 0.0098160190254545712 -0.017195002802109335 -1.8444230563545318e-05 -0.0024837186210825363 0.01834894890735227 -0.0066095891738441404 0.0012731540251648091 0.021764280384034052 -0.0010653652124428216 -0.0095560526750396915 -0.0025513401396524745 0.00012493901837478817 0.019013339554463646
leaf_weight=334.85030859708786 23.992590539157391 53.080277692526579 12.289139509201048 22.346270143985748 27.485953629016876 29.673289306461811 37.778502076864243 23.816574975848198 16.529384106397629 50.270564936101437 35.437231849879026 12.917708359658716 290.70494355633855 26.552593797445297
leaf_count=1609 113 367 59 97 121 132 183 111 75 250 192 60 1440 121
internal_value=0.000127676 0.00261436 0.000883317 0.00308793 0.00478103 0.0111491 0.0012822 0.0058295 0.0111423 -0.00527193 -0.000938674 -0.000411596 0.00176371 0.0124624
internal_weight=997.725 297.263 244.182 181.623 157.63 52.0196 105.61 67.8319 40.346 62.5597 700.463 665.026 330.175 39.4703
internal_count=4930 1508 1141 832 719 229 490 307 186 309 3422 3230 1621 181
is_linear=0
shrinkage=0.03


Tree=358
num_leaves=15
num_cat=0
split_feature=16 9 8 8 15 16 18 7 16 18 9 7 22 20
split_gain=2.20077 4.40161 6.67275 4.19519 3.46458 2.90081 2.55954 5.65895 4.52382 2.64558 7.83294 4.472 6.57617 4.38307
threshold=7.4500000000000011 10.450000000000001 1.3 -3.3249999999999997 0.83750000000000013 6.9500000000000011 -7.8499999999999988 -1.3428241910800762 -3.3499999999999992 -2.5499999999999994 0.90000000000000013 1.8961961033521677 0.48529411764705888 15.106473933723242
decision_type=8 8 10 8 10 10 8 2 10 10 10 2 10 8
left_child=5 2 -2 -3 -5 6 7 -1 -9 10 13 12 -12 -8
right_child=1 3 -4 4 -6 -7 9 8 -10 -11 11 -13 -14 -15
leaf_value=0.005071191702006963 0.020072880208209833 -0.011003178557712759 -0.003615294917157656 0.01067334962826239 -0.0032770850586583641 -0.010909833086920919 0.0019783588561461929 0.0016475400451972432 -0.019172387634300483 -0.00089244265395507273 -0.0060048902145364647 0.020471431254777517 0.012684677551764648 -0.0098978273881646407
leaf_weight=22.60946998745203 23.03583312779665 19.761789999902248 15.166020188480614 26.255685180425644 29.239728212356567 19.127991661429405 83.491643119603395 12.708268359303473 24.423636507242918 606.61804809421301 25.42662600427866 21.100772298872471 34.942733284085989 36.146166868507862
leaf_count=106 105 98 75 122 137 90 421 63 119 3026 121 98 164 192
internal_value=-0.000138425 0.00370416 0.0113387 -0.00063623 0.00365972 -0.000648183 -0.000360683 -0.00610017 -0.0126969 9.87403e-05 0.00303765 0.00992565 0.00495572 -0.00186291
internal_weight=1000.05 113.459 38.2019 75.2572 55.4954 886.595 867.467 59.7414 37.1319 807.726 201.108 81.4701 60.3694 119.638
internal_count=4937 537 180 357 259 4400 4310 288 182 4022 996 383 285 613
is_linear=0
shrinkage=0.03


Tree=359
num_leaves=15
num_cat=0
split_feature=17 24 24 24 24 17 18 12 5 11 1 18 17 23
split_gain=2.64389 4.93302 5.47303 4.50431 7.22646 6.07531 5.84609 5.21523 4.70483 4.65545 4.4452 3.92221 5.60183 6.0574
threshold=-0.10000000000000002 0.30914918414918424 0.22324346405228762 0.30914918414918424 0.15419580419580423 11.950000000000001 -3.3499999999999992 17.100000000000005 0.69260228442534844 14.225000000000001 48.750000000000007 -2.2499999999999996 -2.8499999999999992 0.61651583710407254
decision_type=8 8 10 8 10 10 8 10 2 10 2 10 10 10
left_child=1 2 11 4 9 6 -5 -7 -6 -2 -8 -1 -13 -14
right_child=3 -3 -4 5 8 7 10 -9 -10 -11 -12 12 13 -15
leaf_value=0.0029675244768739449 -0.010932624364648112 -0.009292063129294089 0.012975742927521367 -0.0024077841226034517 -0.015198107974089993 -0.015518931631103424 0.016831848745281517 0.0065398513301197295 -0.00015156110254480466 0.0031318684880450426 -0.0019193441709459784 -0.00062950031668067557 -0.0019155253951812664 -0.019229392885430057
leaf_weight=141.82219962775707 18.063204646110535 57.018819361925125 21.486973844468594 25.014437943696976 35.937330223619938 14.452771984040739 62.585210859775543 15.022507064044474 34.623010616749525 271.82539475336671 12.530158657580612 224.33150117099285 40.344472274184227 30.08611960709095
leaf_count=655 82 297 106 146 168 93 383 89 213 1277 71 1067 184 142
internal_value=0.000143136 -0.00135131 -0.000273221 0.00171172 -3.64918e-05 0.00639446 0.00981329 -0.00495839 -0.00831356 0.00208499 0.0137793 -0.00106482 -0.00302209 -0.0100959
internal_weight=1005.14 515.09 458.071 490.054 360.449 129.605 100.13 29.4753 70.5603 289.889 75.1154 436.584 294.762 70.4306
internal_count=4973 2451 2154 2522 1740 782 600 182 381 1359 454 2048 1393 326
is_linear=0
shrinkage=0.03


Tree=360
num_leaves=15
num_cat=0
split_feature=21 21 9 24 24 16 16 26 20 16 25 9 7 20
split_gain=2.62945 5.07366 3.09009 2.86075 4.91927 4.81322 4.68168 4.7798 4.5611 4.31054 4.13449 4.09171 4.094 3.88606
threshold=19.053287551864564 18.624356802605195 10.900000000000002 -0.051785714285714289 -0.071428571428571425 3.6500000000000008 2.2500000000000004 1.3603896103896107 15.207819468074643 1.0500000000000003 -5.345238095238094 -1.0999999999999999 0.14025580696817566 11.349253394837417
decision_type=10 10 10 10 10 8 10 10 10 10 10 10 2 8
left_child=1 2 3 4 5 6 9 -8 -7 10 11 13 -13 -1
right_child=-2 -3 -4 -5 -6 8 7 -9 -10 -11 -12 12 -14 -15
leaf_value=0.0080935494575233302 0.0059555117027183238 -0.01375967623627559 -0.0055269381805864506 -0.0011035050329282203 0.016986644446525295 0.011440235807883921 -0.019549653525407593 -0.0010986171607958006 -0.0030580496534418264 0.010506600872346634 -0.0051623394946939526 0.018760731288633335 0.00031499761315795157 -0.0057638125131986365
leaf_weight=22.980679027736187 56.98426117375493 19.99295849353075 79.608616180717945 459.98282954096794 14.770411200821398 64.121109552681446 15.972334392368792 33.413696065545082 24.7227813154459 34.405897468328476 85.159346595406532 19.531069368124008 19.699138566851616 47.377772122621536
leaf_count=106 282 98 386 2405 67 294 73 158 116 163 392 91 100 222
internal_value=-3.07158e-05 -0.00042248 -6.05162e-05 0.000485805 0.00238834 0.00158122 -0.000391644 -0.00831471 0.00745779 0.00145698 -0.000364784 0.00342589 0.010581 -0.00100098
internal_weight=998.723 941.739 921.746 842.137 382.154 367.384 278.54 49.386 88.8439 229.154 194.748 109.589 39.2302 70.3585
internal_count=4953 4671 4573 4187 1782 1715 1305 231 410 1074 911 519 191 328
is_linear=0
shrinkage=0.03


Tree=361
num_leaves=15
num_cat=0
split_feature=39 3 13 13 3 15 26 14 19 15 8 15 4 26
split_gain=2.30367 2.95226 2.45874 2.42596 5.3927 3.32787 3.61673 3.04797 5.37617 5.1641 6.38762 4.06142 3.3274 5.39983
threshold=2370.8399259221619 0.024529678295399874 31.100000000000005 28.300000000000001 0.0241212379763085 -8.0499999999999989 -1.1180555555555554 26.100000000000005 6.2500000000000009 1.0500000000000003 5.1000000000000005 0.15000000000000005 -27.4534583981964 2.6076923076923082
decision_type=2 2 8 10 2 10 8 8 10 10 10 10 2 10
left_child=2 -2 3 5 -5 6 -1 8 -7 11 -11 -9 -10 -14
right_child=1 -3 -4 4 -6 7 -8 9 12 10 -12 -13 13 -15
leaf_value=-0.0029709751348928897 0.002894109572242913 -0.012944137327891859 0.006018635551752193 0.0080988414183611173 -0.0096183344262613709 -0.00036611690391640233 0.013658501928535767 0.0046508977116405496 -0.017714787114530027 -0.0096964811896144681 0.0069788910159899898 0.021476495620312681 -0.014787200990819179 0.0052099369770926942
leaf_weight=16.219803813844919 14.627483021467922 22.777581058442593 52.576326936483383 16.360599406063557 57.207547895610332 574.14008711650968 26.978459767997265 79.876898720860481 21.469735987484455 42.696578837931156 31.84459238126874 11.668413873761891 16.060317240655422 24.501333855092525
leaf_count=78 75 116 251 75 283 2814 123 404 106 207 205 61 75 115
internal_value=-0.000294976 -0.00713954 3.73225e-06 -0.000371079 -0.0054136 9.6949e-05 0.0077541 -0.000360831 -0.00130801 0.00319942 -0.00258174 0.00779668 -0.00934829 -0.00346175
internal_weight=1009.01 37.4051 971.601 919.024 73.5681 845.456 43.1983 802.258 636.171 166.086 74.5412 91.5453 62.0314 40.5617
internal_count=4988 191 4797 4546 358 4188 201 3987 3110 877 412 465 296 190
is_linear=0
shrinkage=0.03


Tree=362
num_leaves=15
num_cat=0
split_feature=13 19 19 25 25 8 41 19 18 18 21 18 23 15
split_gain=2.7721 2.51056 3.04391 3.01779 7.128 5.61087 4.6438 4.8464 6.43719 5.52393 4.76567 6.73643 4.16944 3.89453
threshold=34.100000000000009 11.050000000000002 12.350000000000003 0.83974358974358987 1.6794871794871797 -1.0000000180025095e-35 19.500000000000004 3.2500000000000004 -8.1499999999999968 2.2500000000000004 15.115297594751917 -0.34999999999999992 0.71825396825396837 -2.0499999999999994
decision_type=8 8 10 8 8 10 10 10 10 10 10 10 8 10
left_child=1 3 -3 13 5 -5 -6 8 -8 10 -10 12 -12 -1
right_child=-2 2 -4 4 6 -7 7 -9 9 -11 11 -13 -14 -15
leaf_value=-0.00039520663762532401 -0.0090973114380652979 0.015459664506483561 0.00090591120039446027 0.0029705458383384353 -0.012502089991635013 -0.018885388671756084 -0.012419993291017232 -0.0042947979859908232 0.01153124508203901 -0.001023490398537814 -0.014144758896733729 0.013932237526878983 0.005342529180592216 0.0049461743290221466
leaf_weight=255.2394908927381 20.575227379798889 18.058645457029343 30.986237600445747 13.647786445915697 19.890247981995344 28.616065960377455 17.649712137877941 110.7571833319962 99.998955179005861 102.58914693072438 21.300279580056667 15.907953403890131 12.437868498265741 230.6492264084518
leaf_count=1212 98 92 151 68 101 135 87 574 541 547 109 81 59 1078
internal_value=0.00066094 0.000911533 0.00719919 0.0005427 -0.00124165 -0.0122601 5.78374e-05 0.000867737 0.00302596 0.00432718 0.00790982 0.000227752 -0.0071983 0.00216488
internal_weight=998.304 977.729 49.0449 928.684 442.795 42.2639 400.531 380.641 269.884 252.234 149.645 49.6461 33.7381 485.889
internal_count=4933 4835 243 4592 2302 203 2099 1998 1424 1337 790 249 168 2290
is_linear=0
shrinkage=0.03


Tree=363
num_leaves=15
num_cat=0
split_feature=13 41 41 42 15 26 39 39 2 41 13 10 42 25
split_gain=2.65454 3.01848 3.41779 3.90847 2.78938 3.97434 2.12498 1.88428 4.77742 4.5027 3.95286 2.91513 4.27882 2.05181
threshold=13.300000000000002 25.500000000000004 34.500000000000007 8.5000000000000018 9.9500000000000011 -1.6306818181818181 944.97247220545694 236.81691010909182 0.65908545416200193 52.500000000000007 22.366666666666671 -19.299999999999994 6.5000000000000009 -7.7321428571428568
decision_type=10 8 8 10 10 10 2 2 2 8 10 10 10 8
left_child=6 -2 3 -3 7 -6 -1 8 9 -4 -11 12 -9 -13
right_child=1 2 4 -5 5 -7 -8 11 -10 10 -12 13 -14 -15
leaf_value=0.0012770598973564184 -0.010473345794832636 0.01706287576456544 -0.0092338873809532183 -0.00081145200107964272 -0.019113750925357682 0.00072427047208986715 0.015543798142666111 -0.0020923117345870157 0.014993442740024236 -0.0050571657870210566 0.012579067712841794 -0.0047485012516905274 0.017061256154734333 -0.00046098128770850189
leaf_weight=23.639041170477867 21.512652732431889 16.61222580075264 25.554110385477543 21.565100256353617 12.353449497371914 18.350596707314253 11.77684413641691 20.127248771488667 20.036801595240831 15.541152328252791 23.38562174141407 113.79367741942406 14.954726636409758 660.12741336971521
leaf_count=120 110 91 117 106 74 89 71 108 128 69 106 531 75 3246
internal_value=-0.000179902 -0.000487027 -0.000210825 0.0080415 -0.000593142 -0.00881629 0.00735725 -0.000263083 0.00387007 -0.000416641 0.00576379 -0.000715998 0.00718225 -0.00111783
internal_weight=1019.33 983.915 962.402 38.1773 924.225 30.704 35.4159 893.521 84.5177 64.4809 38.9268 809.003 35.082 773.921
internal_count=5041 4850 4740 197 4543 163 191 4380 420 292 175 3960 183 3777
is_linear=0
shrinkage=0.03


Tree=364
num_leaves=15
num_cat=0
split_feature=20 7 24 18 25 26 2 14 18 18 18 26 20 0
split_gain=2.28146 3.99189 3.71895 4.49044 4.86937 4.56847 3.66946 4.16946 5.35327 5.86792 4.34302 4.20045 3.31973 5.41501
threshold=15.32644772933377 2.4934182049052565 -0.2696969696969696 10.725000000000001 -4.0333333333333323 -2.1380952380952376 0.7463879137933177 20.300000000000001 -0.72499999999999987 4.5500000000000007 -5.4499999999999993 2.2182539682539688 16.174225036336697 2.7500000000000004
decision_type=8 2 8 10 10 10 2 8 8 8 10 8 10 2
left_child=2 6 -1 4 -4 -5 7 12 10 11 -9 -10 -2 -14
right_child=1 -3 3 5 -6 -7 -8 8 9 -11 -12 -13 13 -15
leaf_value=0.0038373666404116578 0.013771181414418762 0.0093792527362982943 -0.0068847386397196848 0.02014163325566639 -0.00038539674142949493 -0.0025705814306923713 0.0089668480779396906 0.0023173210942139008 0.015150919318584335 -0.0072384133801152439 -0.016130952615945687 -0.0038895445503370762 0.0082194620254322278 -0.0087762877571247403
leaf_weight=144.79178042709827 19.615679048001766 59.464524433016777 136.33150501549244 11.98819684609771 392.61174722760916 13.133218199014662 37.361979320645332 14.364408351480959 24.66826418787241 34.656403377652168 36.041639231145382 13.450769186019896 32.309443116188049 25.817404359579086
leaf_count=697 93 288 631 66 1958 62 298 66 119 156 166 63 146 121
internal_value=0.000576359 0.00275207 -0.000363576 -0.0014859 -0.00210934 0.00981219 0.000939476 -0.000734699 -0.0041073 0.00116601 -0.011139 0.00876032 0.0045344 0.000573467
internal_weight=996.607 297.751 698.856 554.065 528.943 25.1214 238.286 200.924 123.181 72.7754 50.406 38.119 77.7425 58.1268
internal_count=4930 1516 3414 2717 2589 128 1228 930 570 338 232 182 360 267
is_linear=0
shrinkage=0.03


Tree=365
num_leaves=15
num_cat=0
split_feature=18 17 24 7 14 22 21 21 14 21 7 18 24 14
split_gain=3.89915 3.2783 5.35181 4.63039 4.65078 4.46875 3.08762 3.05901 2.93008 4.05748 3.19078 2.74134 4.1713 5.87387
threshold=11.250000000000002 11.750000000000002 0.03229166666666667 0.80945565107559558 24.450000000000003 0.86190476190476206 8.3563011450751237 7.8361694988129207 29.100000000000005 12.472636716695732 0.074756833381474999 3.9500000000000006 -0.064583333333333312 23.225000000000005
decision_type=8 10 8 2 10 10 8 10 8 8 2 10 8 10
left_child=1 5 -3 4 -4 6 7 -1 11 -10 -11 -8 -13 -14
right_child=-2 2 3 -5 -6 -7 8 -9 9 10 -12 12 13 -15
leaf_value=0.0013161461454000082 0.0081334526114064058 0.0059630212281851017 -0.01483761322037206 -0.021209705969638819 0.0065788207732864106 0.0079079698565798755 -0.00019265232498571946 0.017223188575888761 -0.0047927862606119819 0.018420063420902435 0.0017361344371369649 0.0005423788299403423 -0.001748679704138165 -0.016619993495060784
leaf_weight=31.935862362384796 48.893849190324545 19.084669917821884 10.708740301430227 18.944027870893478 17.160954885184765 60.008040815591812 548.58637231588364 12.269556868821381 19.86092796176672 17.918759405612946 20.864674970507622 81.276792630553246 53.896047253161669 39.95734940469265
leaf_count=169 247 88 63 95 113 321 2646 65 102 97 98 386 261 197
internal_value=0.000283037 -0.000160322 -0.00636849 -0.011486 -0.00265555 0.000334253 -0.000259835 0.00703276 -0.000713929 0.00546657 0.0106677 -0.00124882 -0.00446003 -0.00860042
internal_weight=1001.37 952.473 65.8984 46.8137 27.8697 886.574 826.566 44.2054 782.361 58.6444 38.7834 723.717 175.13 93.8534
internal_count=4948 4701 359 271 176 4342 4021 234 3787 297 195 3490 844 458
is_linear=0
shrinkage=0.03


Tree=366
num_leaves=15
num_cat=0
split_feature=11 1 3 39 20 39 18 39 42 23 11 20 7 18
split_gain=2.56563 3.02756 3.06175 7.9652 5.92526 4.84082 5.71194 4.38128 4.69967 7.03649 4.93221 7.7013 4.76616 3.67601
threshold=34.100000000000009 52.750000000000007 0.024914046876219013 1915.5701963147887 13.607391780552183 1498.7265836129675 11.250000000000002 1528.1428034840089 8.5000000000000018 0.65192307692307705 16.900000000000002 15.207819468074643 0.03602684393180889 3.8500000000000001
decision_type=10 2 2 2 10 2 8 2 8 10 10 10 2 10
left_child=1 2 5 7 -5 6 13 8 9 12 -10 -12 -4 -1
right_child=-2 -3 3 4 -6 -7 -8 -9 10 -11 11 -13 -14 -15
leaf_value=-0.0020241411602297992 0.0094087876339520211 -0.0087252244711768859 0.010793801054284792 -0.018051362507732389 0.0038312366906329567 0.0036123893766460084 0.0095742354158948814 0.015896838998628822 0.020246230876135817 -0.009598301166411213 0.009181928079664 -0.012232784782370833 -0.0016297667044073993 -0.0079746610074215626
leaf_weight=378.88987463340163 18.104828845709562 35.650836035609245 44.093972265720367 23.210795648396015 15.948882937431334 128.83009659126401 27.051540248095989 20.702033996582031 17.97431955486536 46.681989140808582 52.843986533582211 15.72733487933874 61.494568541646004 121.56093084439635
leaf_count=1840 119 174 231 109 81 646 132 101 83 228 270 81 304 595
internal_value=-0.00047893 -0.000705975 -0.00036273 0.00213314 -0.00971436 -0.00150607 -0.00277831 0.00407069 0.00274055 -0.000473829 0.008113 0.00377275 0.00381179 -0.00353413
internal_weight=1008.77 990.661 955.01 298.678 39.1597 656.332 527.502 259.518 238.816 152.271 86.5456 68.5713 105.589 500.451
internal_count=4994 4875 4701 1488 190 3213 2567 1298 1197 763 434 351 535 2435
is_linear=0
shrinkage=0.03


Tree=367
num_leaves=15
num_cat=0
split_feature=27 20 35 27 12 39 39 14 27 9 21 14 20 9
split_gain=2.71446 3.33714 6.13827 5.92802 4.76938 4.55245 4.93768 4.34447 5.67749 6.23879 4.91547 4.51434 4.5032 4.2701
threshold=11.500000000000002 12.289561434595834 1.0000000180025095e-35 2.5000000000000004 24.300000000000001 470.60718043083574 256.79052925807713 24.900000000000002 6.5000000000000009 2.3250000000000006 11.75915703639121 16.900000000000002 16.370026796467986 2.7000000000000006
decision_type=2 8 2 2 10 2 2 10 2 10 8 10 8 10
left_child=1 2 -1 -4 -5 6 -3 8 10 -10 -7 -11 -9 -12
right_child=-2 5 3 4 -6 7 -8 12 9 11 13 -13 -14 -15
leaf_value=0.0075461867538790311 -0.0017564224907771963 -0.0024782257148016824 0.011233155996900279 -0.013505736627780438 0.0035186350563601405 -0.017654585142886405 0.010432501998593443 -0.0021250642610378414 0.0098852764047057187 0.0071273486119560721 -0.009955794290859233 -0.012152363708141857 0.011699034726192121 0.0029659005836505199
leaf_weight=155.05865149945021 391.81970746442676 43.756739772856236 15.696194335818289 35.159996394068003 20.743904680013657 33.543371200561523 57.423575218766928 50.414812736213207 36.843419775366783 12.30966494232416 47.076877370476723 28.32252325117588 30.124041996896267 37.995078794658184
leaf_count=745 1996 219 74 170 96 161 287 254 187 58 220 133 164 178
internal_value=0.000175505 0.00143193 0.00426709 -0.00286323 -0.00741836 -0.000302487 0.00499531 -0.0022945 -0.0046713 0.00160118 -0.00866733 -0.00617054 0.00342718 -0.00434039
internal_weight=996.289 604.469 226.659 71.6001 55.9039 377.81 101.18 276.63 196.091 77.4756 118.615 40.6322 80.5389 85.072
internal_count=4942 2946 1085 340 266 1861 506 1355 937 378 559 191 418 398
is_linear=0
shrinkage=0.03


Tree=368
num_leaves=15
num_cat=0
split_feature=41 41 16 22 25 41 42 7 16 16 26 1 24 15
split_gain=3.14404 2.63297 6.6192 2.87836 3.38956 3.35775 4.00354 3.79488 2.57925 5.16729 4.81024 3.84864 4.6798 3.72308
threshold=25.500000000000004 83.500000000000014 -0.38749999999999996 0.88562091503267981 11.82291666666667 73.500000000000014 3.5000000000000004 0.61002390056351519 -2.3499999999999992 -1.9499999999999997 -2.4807692307692304 38.250000000000007 0.27198455139631617 -4.9499999999999993
decision_type=8 10 8 10 10 8 10 2 8 10 8 2 10 10
left_child=-1 3 -3 4 8 6 7 -5 13 -10 11 -11 -13 -2
right_child=1 2 -4 5 -6 -7 -8 -9 9 10 -12 12 -14 -15
leaf_value=-0.010645652835186056 0.0038345001915909322 0.0054927318203243499 -0.016200276426382686 0.011050408143645746 -0.011694399225508877 -0.0042963295675544303 0.01716742465591101 -0.008859908857928608 0.013464905000000721 -0.004532254547286613 -0.0006552516746115071 0.013677738961325625 -0.0030486418025452515 -0.004040279158271827
leaf_weight=20.708537809550762 66.995264604687691 19.26284122467041 23.54565741121769 11.418803349137308 17.292400371283293 17.65421162545681 25.089203521609306 13.151275765150784 24.906880337744951 18.751869533210993 449.58047146350145 55.601568147540092 17.909858416765928 217.61368019133806
leaf_count=106 318 93 108 65 99 88 148 65 122 95 2127 275 123 1127
internal_value=-0.000289549 -1.74455e-05 -0.00688535 0.000331591 -0.00014631 0.00608241 0.00982761 0.000697185 0.000155159 0.00132265 0.0006465 0.00669727 0.009668 -0.0021524
internal_weight=999.483 978.774 42.8085 935.965 868.652 67.3135 49.6593 24.5701 851.36 566.751 541.844 92.2633 73.5114 284.609
internal_count=4959 4853 201 4652 4286 366 278 130 4187 2742 2620 493 398 1445
is_linear=0
shrinkage=0.03


Tree=369
num_leaves=15
num_cat=0
split_feature=15 5 24 15 20 11 8 14 8 18 20 22 20 14
split_gain=2.32369 3.26078 4.76887 4.69179 4.41425 4.74722 3.51903 3.93286 2.98221 3.15873 2.95483 8.70115 5.02826 4.06085
threshold=-6.7499999999999991 0.38748663688621537 -0.10357142857142858 -0.24999999999999997 10.957747059303705 16.900000000000002 -2.2999999999999994 18.700000000000006 -10.299999999999999 -9.6499999999999968 16.211278608330112 0.53452380952380962 15.513435037626801 25.100000000000005
decision_type=10 2 8 10 8 10 10 10 10 10 10 8 10 10
left_child=-1 2 3 4 5 -2 -5 -8 -3 -10 12 -12 -11 -14
right_child=1 8 -4 6 -6 -7 7 -9 9 10 11 -13 13 -15
leaf_value=0.0045030821126951339 -0.0083547295721059095 0.011821058557134331 -0.015778573676273451 0.015929918803249014 -0.01208884249426802 0.014057815130242946 0.0096409039736263177 -0.0090318281226252264 0.0097924134152884822 0.00044523452881396188 -0.011878307596671078 0.0027607223512573034 0.016346776387845877 -0.0032991700642437003
leaf_weight=131.79058969393373 12.234018102288248 17.516439490020275 20.256204351782799 14.10796384513378 38.491040661931038 12.160613842308519 13.982702612876894 16.830323040485382 28.014097180217505 516.64929674565792 58.525453984737396 82.585691273212433 28.007660295814276 11.218531981110571
leaf_count=626 60 76 98 67 206 62 65 82 136 2552 282 449 143 64
internal_value=0.000867804 0.000294914 -0.00403401 -0.00122573 -0.0063121 0.0033086 0.00581381 -0.000395312 0.00106352 0.000724424 0.000292801 -0.00350949 0.00128071 0.0109903
internal_weight=1002.37 870.58 128.063 107.807 62.8857 24.3946 44.921 30.813 742.517 725.001 696.987 141.111 555.875 39.2262
internal_count=4968 4342 640 542 328 122 214 147 3702 3626 3490 731 2759 207
is_linear=0
shrinkage=0.03


Tree=370
num_leaves=15
num_cat=0
split_feature=24 24 18 25 17 25 18 39 26 19 15 7 19 26
split_gain=2.87728 3.56009 2.67364 5.41345 4.51811 4.3534 3.38053 3.31393 3.20921 5.79083 3.73006 3.67108 3.29703 2.89114
threshold=-0.77747252747252737 -0.5527777777777777 -7.1499999999999995 -6.4807692307692299 5.3500000000000014 3.5419580419580421 -6.4499999999999993 570.47810863307348 8.5147058823529438 3.3500000000000001 4.0500000000000007 -7.1298763263592386 7.1500000000000012 6.8062500000000012
decision_type=8 8 8 10 10 10 8 2 10 8 10 2 10 10
left_child=-1 -2 3 -3 5 7 -4 -5 11 10 -10 -8 -11 -13
right_child=1 2 6 4 -6 -7 8 -9 9 12 -12 13 -14 -15
leaf_value=-0.0083483407369958906 0.0098359076138941227 -0.018049585456088011 0.010901236909092928 -0.0081570882089691873 0.011773366899784509 -0.015544214935351649 -0.014367626589880634 0.0089724030707658536 0.015152791800230964 -0.011380366260998087 -0.00034856710748319838 0.00052362807549097767 0.0052243413217656952 -0.0067041200040075704
leaf_weight=28.624055162072182 31.009781062602997 16.081610128283501 23.366746760904789 12.982107348740103 14.901778310537336 16.198662485927343 11.339895986020563 18.636433467268944 42.194887056946754 18.699084989726543 19.531450189650059 692.99724936112761 15.648420199751852 48.636170290410519
leaf_count=135 154 77 117 61 80 76 57 89 200 90 89 3464 78 232
internal_value=0.000283789 0.000576355 0.000224638 -0.00489646 -0.000440226 -0.00500069 0.000712467 0.00178582 0.000369881 0.00538966 0.0105893 -0.000301934 -0.00411284 7.91236e-06
internal_weight=1010.85 982.224 951.214 78.8006 62.719 47.8172 872.414 31.6185 849.047 96.0738 61.7263 752.973 34.3475 741.633
internal_count=4999 4864 4710 383 306 226 4327 150 4210 457 289 3753 168 3696
is_linear=0
shrinkage=0.03


Tree=371
num_leaves=15
num_cat=0
split_feature=13 19 21 19 18 26 16 1 16 16 16 41 18 16
split_gain=2.7644 2.95469 3.32036 2.50171 4.47467 2.30345 2.83994 3.44049 2.28881 4.39685 4.28912 3.43412 3.6738 4.09815
threshold=13.700000000000001 -2.3499999999999992 13.5049371792028 -9.3499999999999996 1.6333333333333335 14.045454545454549 11.350000000000003 54.750000000000007 -10.949999999999998 -7.0499999999999989 -4.0499999999999989 86.500000000000014 -5.5499999999999989 4.9500000000000011
decision_type=10 10 10 8 10 10 10 2 10 10 10 8 10 10
left_child=1 -1 -3 4 -2 6 7 8 -5 -10 -11 12 13 -12
right_child=3 2 -4 5 -6 -7 -8 -9 9 10 11 -13 -14 -15
leaf_value=0.015274489880181267 -0.015104217004464319 0.009350481460058702 -0.0086212500561095584 0.0070475423545430828 0.00437878880626734 0.0073656634152798502 -0.0099105693764488384 0.012622245728962924 -0.007540131042099745 0.0050876243876550181 -0.009822195033605749 -0.0093052015320411741 0.0004234526345111526 0.0060746816616012063
leaf_weight=15.92677730694413 22.011170610785484 13.149828229099514 13.875987511128185 29.736061543226242 14.486836887896059 29.496910847723484 23.165404319763184 13.361136652529238 74.158537268638611 115.50141865760088 60.339183442294598 37.674265250563622 522.90443830937147 15.101922146975992
leaf_count=88 110 71 71 155 74 142 110 67 377 593 287 175 2562 72
internal_value=-0.000220227 0.00681133 0.000217794 -0.000569243 -0.00777516 -0.000243396 -0.000534688 -0.000229405 -0.000502324 -0.000815009 -0.00010594 -0.00108142 -0.000490795 -0.00646015
internal_weight=1000.89 42.9526 27.0258 957.937 36.498 921.439 891.942 868.777 855.416 825.68 751.521 636.02 598.346 75.4411
internal_count=4954 230 142 4724 184 4540 4398 4288 4221 4066 3689 3096 2921 359
is_linear=0
shrinkage=0.03


Tree=372
num_leaves=15
num_cat=0
split_feature=23 23 21 24 17 1 12 24 8 8 21 8 14 16
split_gain=2.05128 5.01391 4.47449 5.74471 3.78135 4.78176 5.41365 3.28935 3.44031 6.3574 8.23852 5.43463 4.45531 5.03744
threshold=0.72902097902097907 0.67156862745098056 11.356104508822634 -0.2696969696969696 -5.9499999999999984 44.250000000000007 28.100000000000005 -0.3827838827838827 -7.6999999999999984 -1.8999999999999997 19.639241727494056 1.7000000000000004 29.300000000000001 2.1500000000000008
decision_type=10 10 10 10 10 2 10 8 10 10 8 10 10 10
left_child=1 7 3 -2 -4 -6 -7 -1 -9 -10 11 -11 13 -13
right_child=2 -3 4 -5 5 6 -8 8 9 10 -12 12 -14 -15
leaf_value=0.0081826812629906456 -0.011931092739941361 -0.008717152970737857 0.011871992181141001 0.0055037688340016048 -0.0061728081961606642 0.015666200528740803 -0.0046042895893024169 -0.00461920360992052 0.005404185025732984 -0.007001509970873945 0.016379443271910214 0.0047179204301224667 -0.011229487545844453 -0.0043259081058355832
leaf_weight=40.142528645694256 29.743371292948723 54.470725126564503 53.734007924795151 29.070511899888515 34.496396340429783 25.264851033687592 16.487178564071655 123.42395374923944 180.66737810522318 135.67500894516706 17.577616695314646 155.41503835842013 22.031671922653913 80.062971621751785
leaf_count=189 150 265 263 134 159 119 79 569 841 652 99 895 136 396
internal_value=0.000331901 -0.000329901 0.00310469 -0.00355738 0.00613923 0.00161724 0.00802536 0.000328583 -0.000166236 0.000793976 -0.00127436 -0.00225935 0.000324936 0.00161699
internal_weight=998.263 809.467 188.796 58.8139 129.982 76.2484 41.752 754.996 714.854 591.43 410.762 393.185 257.51 235.478
internal_count=4946 4042 904 284 620 357 198 3777 3588 3019 2178 2079 1427 1291
is_linear=0
shrinkage=0.03


Tree=373
num_leaves=15
num_cat=0
split_feature=41 42 25 13 1 21 17 0 16 1 1 21 21 3
split_gain=3.69835 4.42163 4.69522 5.58881 5.96341 4.91115 4.38923 3.36061 2.79456 5.03403 5.66216 4.11644 6.43979 4.98343
threshold=43.500000000000007 17.500000000000004 -0.36931818181818177 24.900000000000002 45.750000000000007 14.133490543298786 3.3166666666666678 -5.2499999999999991 7.4500000000000011 44.750000000000007 44.250000000000007 12.171231915325821 8.3563011450751237 0.024722049054640708
decision_type=10 10 8 10 2 10 10 2 10 2 2 8 10 2
left_child=1 2 6 4 5 -4 7 -1 9 10 -2 12 -11 -13
right_child=8 -3 3 -5 -6 -7 -8 -9 -10 11 -12 13 -14 -15
leaf_value=0.00056478192682747435 -0.0008165024490243974 -0.011302643726158676 0.0049362196695685494 -0.013458197150981134 0.014023342211503443 -0.011834280152824698 -0.0041965509696734937 0.016800450104928651 0.003567769658974079 0.0058572097758711594 0.011849001402846704 0.0021243480822792909 -0.012417703673749425 -0.0073642633881233063
leaf_weight=15.164909385144709 393.40062004327774 12.396491378545759 33.200661204755306 16.550366945564747 26.617568302899599 21.922440335154533 13.688198924064634 47.182924300432205 89.300035186111927 17.973391432315111 29.521159395575523 108.90564773231745 92.778543211519718 84.291252966970205
leaf_count=85 1930 61 196 82 145 114 65 217 424 91 152 529 456 418
internal_value=-0.000435244 0.00331909 0.004645 0.000225712 0.00361241 -0.00216291 0.00999135 0.0131865 -0.00130914 -0.00192858 0.000195704 -0.00483968 -0.00932706 -0.00209685
internal_weight=1002.89 186.724 174.327 98.291 81.7407 55.1231 76.036 62.3478 816.171 726.871 422.922 303.949 110.752 193.197
internal_count=4965 965 904 537 455 310 367 302 4000 3576 2082 1494 547 947
is_linear=0
shrinkage=0.03


Tree=374
num_leaves=15
num_cat=0
split_feature=9 18 14 9 16 2 26 10 9 42 29 26 21 9
split_gain=2.87655 2.57733 4.27778 4.34113 4.30791 3.2813 2.76536 4.09051 3.21412 4.31254 4.78123 5.16006 4.0747 3.82211
threshold=15.900000000000002 -4.9499999999999993 18.100000000000005 8.1000000000000014 -6.2499999999999991 0.7463879137933177 11.759615384615387 -12.499999999999998 3.9000000000000004 13.500000000000002 7.5000000000000009 2.1547619047619051 15.9812386226897 7.1000000000000005
decision_type=10 8 10 10 10 2 10 10 8 8 2 8 8 10
left_child=1 2 3 -1 -4 -6 8 -8 -3 10 11 -10 13 -13
right_child=-2 6 4 -5 5 -7 7 -9 9 -11 -12 12 -14 -15
leaf_value=0.012102390855758921 0.0090413233581708684 -0.00062687511605412144 0.0044191899084949421 -0.006704242557445313 -0.010755844297266075 0.0045431423377207862 -0.01877592041969758 0.00027678869238166641 0.014715617628923944 0.012774266082815513 -0.0069219445647501852 0.0047241557977919556 0.009046587438833598 -0.0067145887058748452
leaf_weight=22.208878599107265 24.706272937357426 531.63258331641555 24.011784225702286 14.428582847118376 92.361706487834454 11.677337512373922 11.661068446934221 25.554133921861649 27.908128723502159 33.412314474582672 40.608785070478916 41.252786166965961 38.750644110143185 56.621415935456753
leaf_count=104 117 2702 125 67 423 88 63 115 133 153 195 194 182 271
internal_value=-0.000156311 -0.000435145 -0.00379633 0.00478028 -0.00633766 -0.0089091 0.000269591 -0.00720996 0.000675175 0.00353017 0.00175643 0.00403933 0.00141597 -0.00189802
internal_weight=996.796 972.09 164.688 36.6375 128.051 104.039 807.402 37.2152 770.187 238.554 205.142 164.533 136.625 97.8742
internal_count=4932 4815 807 171 636 511 4008 178 3830 1128 975 780 647 465
is_linear=0
shrinkage=0.03


Tree=375
num_leaves=15
num_cat=0
split_feature=0 25 25 18 18 23 39 7 26 27 23 14 8 4
split_gain=3.53635 2.64891 2.62523 2.2422 2.3729 3.01506 2.76166 3.7048 6.12776 4.9341 4.03279 4.69127 4.80525 5.64704
threshold=-9.2499999999999982 -14.316666666666665 -12.683333333333332 -10.149999999999997 -8.1499999999999968 0.46291208791208799 384.2775807757078 -2.5549612644918986 -12.96153846153846 16.500000000000004 0.41987179487179493 21.633333333333336 -7.8999999999999995 103.79813955744841
decision_type=2 8 8 8 8 10 2 2 10 2 8 10 10 2
left_child=-1 -2 -3 -4 5 -5 -6 8 -8 -10 -9 12 -12 -14
right_child=1 2 3 4 6 -7 7 10 9 -11 11 -13 13 -15
leaf_value=-0.010939621138188391 0.0083843537146859309 -0.011216692597870739 0.0080570349147058087 0.0022031451689955798 0.0033290383985473274 -0.01459336800623825 0.010322605374572018 -0.0033929852772787514 -0.0095830402355380536 0.0057201057066417786 -0.012007205577196032 0.0058960290793056312 0.0040548489054751955 -0.0069511921084986113
leaf_weight=21.889207161962986 28.460961580276489 14.089159950613974 25.251537770032883 14.763942435383795 180.20652569457889 17.555161610245705 16.284853659570217 172.81217993050814 110.41993542388082 19.228618573397398 24.804753549396992 159.93685276061296 140.92267168313265 53.954514760524035
leaf_count=134 130 65 123 71 905 82 90 918 546 100 120 775 633 270
internal_value=-0.000206481 8.79585e-05 -0.000203118 2.13493e-05 -0.000244183 -0.00765326 7.01335e-05 -0.000788484 -0.00495429 -0.00718525 0.000346548 0.00207086 -0.000783248 0.00091001
internal_weight=1000.58 978.692 950.231 936.142 910.89 32.3191 878.571 698.364 145.933 129.649 552.431 379.619 219.682 194.877
internal_count=4962 4828 4698 4633 4510 153 4357 3452 736 646 2716 1798 1023 903
is_linear=0
shrinkage=0.03


Tree=376
num_leaves=15
num_cat=0
split_feature=30 18 10 10 19 19 19 11 19 9 18 0 27 25
split_gain=2.93661 3.90405 5.04375 3.51636 2.5744 2.69247 2.59791 4.49161 4.15329 4.43626 5.96013 6.42303 3.1271 3.4975
threshold=3.5000000000000004 -3.5499999999999994 -7.1416666666666648 7.1000000000000023 -10.549999999999999 -9.4499999999999975 -6.7749999999999995 18.100000000000005 -4.0499999999999989 1.9000000000000001 -1.2499999999999998 3.7500000000000004 13.500000000000002 2.6770833333333335
decision_type=2 10 10 8 8 8 8 10 10 10 8 2 2 8
left_child=4 -2 -3 -4 -1 -6 7 -7 9 10 -8 -12 13 -9
right_child=1 2 3 -5 5 6 8 12 -10 -11 11 -13 -14 -15
leaf_value=0.0091957746110805563 0.016648887414888357 -0.012077949226348287 0.012967428027808347 -0.0050975463573858506 -0.012210127157612367 0.017823184608549054 0.010009850177006299 -0.014236913198291637 -0.00029567653270742904 -0.013408743585639819 0.0023206529602712678 -0.019596415756282345 0.0094757428979612458 0.0046745994136189245
leaf_weight=18.172724857926369 15.678549360483883 13.471154630184172 22.494039699435238 11.609048902988429 13.688997998833655 13.132159009575842 22.251763671636581 13.969511024653913 735.56968473643064 42.93726971745491 24.850641086697578 16.761846527457237 14.223644990473984 12.916326384991406
leaf_count=92 79 62 107 72 69 61 116 65 3626 205 109 96 79 78
internal_value=-0.000250007 0.00575863 0.000927601 0.00695243 -0.000688001 -0.00093447 -0.000695562 0.00538499 -0.00111656 -0.00650415 -0.00122553 -0.00766278 -9.01618e-05 -0.00584321
internal_weight=991.727 63.2528 47.5742 34.1031 928.475 910.302 896.613 54.2416 842.371 106.802 63.8643 41.6125 41.1095 26.8858
internal_count=4916 320 241 179 4596 4504 4435 283 4152 526 321 205 222 143
is_linear=0
shrinkage=0.03


Tree=377
num_leaves=15
num_cat=0
split_feature=15 25 23 39 19 11 37 25 24 25 15 39 24 17
split_gain=2.73131 3.98548 3.49357 4.64782 3.89243 3.76739 5.46253 4.62379 4.74592 3.76674 3.31291 3.27137 3.10089 6.33389
threshold=-6.3666666666666663 -6.8090909090909078 0.64852941176470602 1505.5882577139103 3.2500000000000004 19.100000000000005 1.0000000180025095e-35 0.34523809523809529 -0.1818181818181818 -5.6547619047619042 -4.2499999999999991 1010.6699654872941 -0.3563492063492063 -2.7999999999999989
decision_type=8 8 8 2 8 8 2 10 10 10 8 2 8 10
left_child=-1 -2 5 12 -5 6 7 8 -3 -7 -11 -10 -4 -14
right_child=1 2 3 4 -6 9 -8 -9 11 10 -12 -13 13 -15
leaf_value=0.0037519872288960363 -0.0059513708513943093 0.016999653313240187 -0.010878401423434266 0.0099544675878778053 -0.0052946327715030468 0.013724063843120833 -0.0077705174685551402 0.020863006028443938 -0.0062609342807046775 -0.010142163556680498 0.00043556839385860854 0.0087980838591220478 0.0044765173695498414 -0.0067026295330083318
leaf_weight=137.42432828992605 109.2592314556241 15.12780190259218 47.249880626797676 38.282495580613613 19.224736496806145 12.810701102018355 15.365733638405798 20.18947933241725 28.615035399794579 23.956897515803576 330.39603177830577 16.16563655436039 69.341373607516289 114.66166945919394
leaf_count=658 515 69 228 184 90 61 69 99 132 117 1790 75 324 530
internal_value=-9.83476e-05 -0.000731273 6.21047e-05 -0.00250224 0.00484093 0.00167235 0.00682035 0.00991151 0.00489799 0.000260201 -0.000410732 -0.000487026 -0.00439213 -0.0024828
internal_weight=998.071 860.647 751.387 288.76 57.5072 462.627 95.4637 80.098 59.9085 367.164 354.353 44.7807 231.253 184.003
internal_count=4941 4283 3768 1356 274 2412 444 375 276 1968 1907 207 1082 854
is_linear=0
shrinkage=0.03


Tree=378
num_leaves=15
num_cat=0
split_feature=3 15 5 21 39 15 5 3 5 15 7 12 3 13
split_gain=2.60363 3.08546 2.82519 4.76925 6.45268 6.2244 4.66686 3.72309 4.52865 4.4484 7.43897 6.05372 4.1666 4.07057
threshold=0.042854956491320213 0.65000000000000002 0.39035571761938143 14.274491590400276 500.50461402624734 -2.0499999999999994 0.26838198564406768 0.025095986820182551 0.41926421587373525 -1.2499999999999998 -0.2848275559288504 25.100000000000005 0.028098308097198824 23.450000000000003
decision_type=2 10 2 8 2 8 2 2 2 10 2 10 2 10
left_child=2 -2 3 6 -5 -6 -1 8 -4 -9 13 12 -12 -11
right_child=1 -3 7 4 5 -7 -8 9 -10 10 11 -13 -14 -15
leaf_value=0.0012988727567228898 -0.00048152548980059619 0.015691646766247506 0.012607115314881975 -0.0097600882074677861 -0.0018847405131186118 0.017939163477561651 -0.012403963455436054 0.0026623084134325048 0.0010805728603678687 -0.0030838998273855687 -0.025910276379705881 0.00030649059761549141 -0.0069769642080767897 0.014074388640973467
leaf_weight=32.038217343389988 21.236254028975964 15.668922901153563 27.485418222844601 23.412061139941216 27.654829911887646 22.659901112318039 62.944731637835503 73.822980768978596 582.9935262016952 35.125092357397079 23.892208561301231 23.494622230529785 24.319099649786949 13.240877710282801
leaf_count=177 101 76 122 120 140 102 311 363 2871 216 106 110 137 68
internal_value=0.000115953 0.00743813 -0.000198352 -0.00366894 0.00199863 0.00785776 -0.00794812 0.000547739 0.00169773 -0.00302467 -0.00648781 -0.0123123 -0.0179128 0.00249199
internal_weight=1009.99 36.9052 973.084 168.71 73.7268 50.3147 94.9829 804.374 610.479 193.895 120.072 71.7059 48.2113 48.366
internal_count=5020 177 4843 850 362 242 488 3993 2993 1000 637 353 243 284
is_linear=0
shrinkage=0.03


Tree=379
num_leaves=15
num_cat=0
split_feature=18 16 26 16 42 29 18 11 26 18 39 2 2 12
split_gain=3.90287 3.93502 4.81014 3.8605 3.74466 3.11148 4.96513 3.88965 3.4782 4.00388 4.01004 3.81554 5.43806 3.5151
threshold=7.8375000000000012 6.7500000000000009 -2.8708333333333331 -1.0499999999999998 5.5000000000000009 10.500000000000002 1.4500000000000002 20.100000000000005 -7.7817460317460307 -1.0499999999999998 794.09654554464407 0.64958700485298826 0.64100614411229062 24.300000000000001
decision_type=8 10 10 10 10 2 10 10 8 10 2 2 2 10
left_child=5 2 4 -4 -2 8 7 -7 9 10 -1 12 -10 -13
right_child=1 -3 3 -5 -6 6 -8 -9 11 -11 -12 13 -14 -15
leaf_value=0.00020362987005355428 0.0083271166392369263 0.0070696670214306888 -0.0016674592043695396 -0.01690007467937726 -0.0075404447966491281 -0.00024857165368242368 0.0061675914799865514 -0.017490582654384464 0.0015618584447539693 0.0019801054983770881 -0.017428856769204547 0.0031838521523291871 -0.013529772942940204 0.012204139358177471
leaf_weight=19.85335585474968 23.630440454930067 18.258060596883297 24.394738033413887 39.403476133942604 20.200763642787933 20.24572379887104 20.508065141737461 23.639836758375168 509.67990370839834 50.009762428700924 22.569078952074051 142.72192004323006 17.446111366152763 51.588704414665699
leaf_count=119 125 87 118 191 106 96 105 114 2309 290 125 834 79 277
internal_value=0.000354844 -0.00448191 -0.00666835 -0.01162 0.000990843 0.00106958 -0.00504195 -0.0103753 0.00158096 -0.00376171 -0.0100256 0.00228665 0.00093994 0.00582478
internal_weight=1004.15 125.887 107.629 63.7982 43.8312 878.262 64.3936 43.8856 813.869 92.4322 42.4224 721.437 527.126 194.311
internal_count=4975 627 540 309 231 4348 315 210 4033 534 244 3499 2388 1111
is_linear=0
shrinkage=0.03


Tree=380
num_leaves=15
num_cat=0
split_feature=6 7 28 24 17 18 26 15 11 42 22 20 15 14
split_gain=3.43215 3.18998 3.01123 5.89932 3.79461 3.15483 4.45799 4.28879 5.23221 4.33636 4.41864 4.23229 4.74292 5.45644
threshold=10.459620446791511 4.3667585530343374 7.5000000000000009 0.28623949579831937 -15.549999999999999 -3.2499999999999996 -7.2361111111111098 -0.94999999999999984 18.100000000000005 11.500000000000002 0.38675213675213682 13.07287267588881 3.3500000000000001 20.900000000000002
decision_type=2 2 2 10 8 8 8 8 10 10 8 8 8 8
left_child=2 -2 4 -4 -1 6 -6 8 9 10 -7 -9 -13 -14
right_child=1 -3 3 -5 5 7 -8 11 -10 -11 -12 12 13 -15
leaf_value=0.010223831738713047 0.012474486872371276 -0.0036931038650438656 -0.0063722919943704458 0.010266047226884982 -0.015120431075784082 0.012020138238008161 -0.0019645037079032671 -0.00079625586647951699 -0.0052531188363953022 -0.0084408335171836258 -0.0035783656387588093 0.011515383114868799 0.0095603689326006405 -0.0045623693671955528
leaf_weight=25.52923933416605 28.183360356837511 13.611853793263434 155.60778072476387 17.233814977109432 21.982514210045338 45.228185459971428 181.41172765940428 145.60899127274752 169.45106748491526 16.301325164735317 21.422724597156048 74.327937908470631 37.343899868428707 54.095871925354004
leaf_count=122 287 84 748 102 109 214 846 679 817 74 103 364 181 267
internal_value=-0.000563332 0.00737703 -0.000943278 -0.00447132 -0.000150817 -0.00056002 -0.00371504 0.000600866 -0.00228052 0.0037452 0.00710667 0.00293566 0.00614108 0.00140197
internal_weight=1007.34 41.7952 965.545 172.842 792.703 767.174 203.394 563.78 252.403 82.9522 66.6509 311.377 165.768 91.4398
internal_count=4997 371 4626 850 3776 3654 955 2699 1208 391 317 1491 812 448
is_linear=0
shrinkage=0.03


Tree=381
num_leaves=15
num_cat=0
split_feature=0 23 23 7 14 13 20 13 19 26 21 13 14 20
split_gain=3.12868 2.05635 5.17039 4.82178 4.42153 6.53259 6.40929 3.98277 4.06763 3.37704 3.66523 3.37182 4.41175 3.46358
threshold=-9.7499999999999982 0.73431372549019625 0.67156862745098056 2.8759937597254384 23.100000000000005 22.900000000000002 13.99126709504495 25.900000000000002 -1.9499999999999997 8.7888888888888914 8.5693251387336939 21.900000000000002 30.900000000000002 9.0431066441670307
decision_type=2 10 10 2 10 10 10 10 10 10 8 10 10 8
left_child=-1 2 9 4 5 6 -3 -7 -9 10 -2 12 -12 -13
right_child=1 3 -4 -5 -6 7 -8 8 -10 -11 11 13 -14 -15
leaf_value=-0.01099214030560783 0.0082345008742926197 -0.014516049773955519 -0.0088981213403397826 0.014102543315497946 0.010504192767060591 0.013540765680945395 0.002230237820347588 0.0090074373088428871 -0.011023128249579735 0.011431731603043964 0.0023500471340404455 -0.011261074347669778 -0.011785803596469644 -0.0017154761794675852
leaf_weight=18.699831567704678 37.956528227776289 40.9334646910429 57.574463166296482 24.103466428816319 28.495730012655258 25.603071190416813 35.138686768710613 12.13683792948723 14.707551687955855 17.860302090644836 304.01886032149196 33.39859589189291 16.296131283044815 345.13197901472449
leaf_count=114 215 190 279 111 136 116 165 58 77 81 1571 155 92 1652
internal_value=-0.000219801 3.70225e-05 -0.000611295 0.00288275 0.000778328 -0.00169072 -0.00712025 0.00611879 -0.0019746 7.53266e-05 -0.000275154 -0.000792554 0.00146079 -0.00269353
internal_weight=1012.06 993.356 812.237 181.119 157.015 128.52 76.0722 52.4475 26.8444 754.662 736.802 698.846 320.315 378.531
internal_count=5012 4898 4045 853 742 606 355 251 135 3766 3685 3470 1663 1807
is_linear=0
shrinkage=0.03


Tree=382
num_leaves=15
num_cat=0
split_feature=11 11 25 18 15 8 1 9 17 39 17 7 42 9
split_gain=3.18472 5.81928 3.42177 2.72539 2.70173 6.76896 5.01483 4.12233 5.78109 4.33128 3.69634 5.76483 4.93231 4.39078
threshold=14.500000000000002 12.100000000000001 -15.966666666666665 0.45000000000000007 -2.9499999999999997 -4.4999999999999991 45.250000000000007 -12.299999999999999 -3.9499999999999988 749.77614317895507 -7.6499999999999986 -2.3539055552756003 1.0000000180025095e-35 8.9000000000000021
decision_type=10 8 8 8 10 10 2 8 8 2 10 2 10 10
left_child=1 -1 -2 -3 7 6 -6 -4 10 -10 11 -9 -12 -13
right_child=2 3 4 -5 5 -7 -8 8 9 -11 12 13 -14 -15
leaf_value=0.0043888867721164834 0.012904019728257044 -0.014324712878281683 0.011284742967508908 0.00080815295051416566 0.014660696448205052 -1.3755730219758358e-05 -0.0031356760945384621 0.008134956647048051 -0.0022286563649745916 -0.01620750378074404 0.016158165918154173 -0.012324055612959087 -0.0014553604788932063 0.0029581841156514801
leaf_weight=31.224634118378162 13.971375264227389 42.883211441338062 13.003082524985073 13.134678125381468 46.555753409862518 587.56756469234824 17.56789081543684 23.725205436348915 38.596411436796188 40.815940327942371 19.567799091339111 49.483754903078079 32.49328475445509 22.141650907695293
leaf_count=143 67 201 68 60 217 2989 85 115 191 199 94 237 158 111
internal_value=-0.00024274 -0.00555353 0.000296634 -0.011001 2.81924e-05 0.00103081 0.0099109 -0.00266168 -0.00368733 -0.00994787 -9.89963e-05 -0.00356243 0.00600066 -0.00771508
internal_weight=992.732 87.2425 905.49 56.0179 891.518 651.691 64.1236 239.827 226.824 79.4124 147.412 95.3506 52.0611 71.6254
internal_count=4935 404 4531 261 4464 3291 302 1173 1105 390 715 463 252 348
is_linear=0
shrinkage=0.03


Tree=383
num_leaves=15
num_cat=0
split_feature=8 17 17 21 21 39 5 2 25 13 20 13 25 17
split_gain=1.97804 4.73632 3.1181 7.66186 5.87208 2.70401 3.6295 4.2716 6.05024 3.95457 3.77603 3.51727 3.94448 3.4621
threshold=-7.6999999999999984 1.7499999999999998 -7.6499999999999986 11.727697450325364 11.831220431375767 1498.7265836129675 0.42201922574866019 0.53610154005018396 0.78174603174603186 17.700000000000006 12.112436217008993 15.900000000000002 -0.11805555555555554 -2.8499999999999992
decision_type=8 8 10 10 8 2 2 2 10 10 8 8 10 10
left_child=1 2 3 -1 -4 11 13 10 -9 -10 -8 12 -2 -7
right_child=5 -3 4 -5 -6 6 7 8 9 -11 -12 -13 -14 -15
leaf_value=-0.016266307066622156 0.0063740696128316487 -0.014299366154529565 0.014032933420145586 0.0020549753324379978 -0.0023675262588709616 0.0011394867488142477 0.0042055839111624404 0.014015200328035419 0.0093896670074540521 -0.0054956782233435472 -0.014345993024636775 0.0011827785619269809 -0.0088309485135771425 0.021873826302644658
leaf_weight=25.783162511885166 16.079069998115301 20.153120033442974 26.92950476706028 58.965359337627888 48.050088435411453 12.585438825190069 14.449828058481218 38.261876750737429 19.15168421715498 43.018246676772833 17.426137253642082 587.45615519955754 60.744523979723454 14.166252329945562
leaf_count=128 75 95 128 282 228 60 63 196 120 229 77 2921 319 64
internal_value=0.00061156 -0.00219864 -0.00028419 -0.00411462 0.00403187 0.00123509 0.00468463 0.00239812 0.00539882 -0.000552577 -0.00650633 0.000380286 -0.00545353 0.0138348
internal_weight=1003.22 179.881 159.728 84.7485 74.9796 823.339 159.059 132.308 100.432 62.1699 31.876 664.28 76.8236 26.7517
internal_count=4985 861 766 410 356 4124 809 685 545 349 140 3315 394 124
is_linear=0
shrinkage=0.03


Tree=384
num_leaves=15
num_cat=0
split_feature=9 16 12 41 41 20 28 16 30 24 16 5 12 20
split_gain=3.87561 3.19394 6.1179 5.91528 4.20167 4.8739 3.86 3.59999 3.57926 3.56296 5.1196 4.4795 4.63188 3.68771
threshold=10.900000000000002 1.0500000000000003 26.450000000000003 83.500000000000014 71.500000000000014 15.182958265327278 7.5000000000000009 -4.0499999999999989 3.5000000000000004 -0.3827838827838827 -3.2499999999999996 0.48008764746218785 15.633333333333335 15.635074529900901
decision_type=10 8 10 10 8 10 2 10 2 10 10 2 10 10
left_child=1 2 7 4 6 -6 -3 -1 9 -9 -11 -12 -13 -14
right_child=-2 3 -4 -5 5 -7 -8 8 -10 10 11 12 13 -15
leaf_value=0.0028185407859670003 -0.0059381715036928235 0.003592042510248355 -0.010261555857933029 -0.01207114448751867 0.015226366302281589 -0.0026933817246863351 -0.0051351105958393475 0.0041157770616194267 0.0096060725768203122 -0.015127561201080756 -0.010513419456347577 -0.012701746300946814 -0.00081253636252136198 0.010600656207375802
leaf_weight=225.78700570389628 90.942482866346836 226.85840568691492 52.85733450949192 18.454114727675915 43.838328659534454 17.105692334473133 52.144420713186264 45.922507077455521 16.57014698907733 31.09458002820611 43.501942567527294 16.894273743033409 94.17799062281847 29.619468227028847
leaf_count=1178 447 1096 256 83 199 81 259 224 87 157 200 101 472 162
internal_value=-0.00020125 0.000398233 -0.00102252 0.00258771 0.0035469 0.0103738 0.00189929 3.86109e-05 -0.00223087 -0.00314807 -0.00475575 -0.00265132 5.70235e-05 0.00222367
internal_weight=1005.77 914.826 556.425 358.401 339.947 60.944 279.003 503.568 277.781 261.211 215.288 184.194 140.692 123.797
internal_count=5002 4555 2837 1718 1635 280 1355 2581 1403 1316 1092 935 735 634
is_linear=0
shrinkage=0.03


Tree=385
num_leaves=15
num_cat=0
split_feature=20 39 21 21 12 9 16 24 9 4 16 16 14 18
split_gain=2.53628 4.36521 4.5878 3.88026 6.38866 6.40913 5.14802 7.95659 4.43472 6.22597 4.36158 4.42634 4.24091 3.82359
threshold=13.729530217745982 235.22120822018113 14.378610636890402 15.538661336588392 17.100000000000005 -2.0999999999999996 -4.0499999999999989 0.15419580419580423 -1.2999999999999996 44.752898032704145 2.2500000000000004 -0.44999999999999996 19.266666666666669 10.725000000000001
decision_type=8 2 10 10 10 10 8 10 10 2 10 10 10 10
left_child=1 2 -1 6 -5 -6 -2 8 -8 10 11 -10 -9 -3
right_child=3 13 -4 4 5 -7 7 12 9 -11 -12 -13 -14 -15
leaf_value=0.012616204330402806 0.006515793064280212 -0.0030082152458531901 -0.0046118483188758372 -0.0089262174370776312 0.01905712481565831 0.0035000044687472425 -0.0074778188336687406 0.0029437775392180481 -0.0040743051786166235 0.011864166495234358 -0.0054130756736429867 0.013023183014016341 -0.01621491187623314 0.0085857037673073826
leaf_weight=32.414157032966614 73.778902921825647 464.64152290299535 18.817953683435917 18.186086114495993 31.337594177573919 78.216888580471277 43.4566680341959 11.662409696727989 20.711275473237038 43.690335169434547 70.894066669046879 26.53199627995491 40.943076223134995 22.313215456902981
leaf_count=169 399 2257 90 96 161 372 208 69 99 216 335 125 237 115
internal_value=-0.00011124 -0.00150243 0.0064408 0.00151713 0.00585191 0.00858761 -0.000214497 -0.00222725 0.000524961 0.00283371 -0.000852129 0.00585513 -0.0120807 -0.0023951
internal_weight=997.596 538.187 51.2321 459.409 127.741 109.554 331.669 257.89 205.284 161.828 118.137 47.2433 52.6055 486.955
internal_count=4948 2631 259 2317 629 533 1688 1289 983 775 559 224 306 2372
is_linear=0
shrinkage=0.03


Tree=386
num_leaves=15
num_cat=0
split_feature=14 19 8 18 7 3 24 24 42 24 10 42 9 27
split_gain=2.55089 4.11423 4.88322 4.47084 5.29917 4.99783 7.87026 4.88223 4.65526 4.27138 3.65421 5.4914 3.93472 4.4397
threshold=30.900000000000002 5.2500000000000009 1.4500000000000002 -2.816666666666666 -3.0349459254800553 0.024701976161650267 0.21428571428571436 0.19821428571428576 4.5000000000000009 -0.37083333333333329 -5.8999999999999977 2.5000000000000004 -12.099999999999998 2.5000000000000004
decision_type=10 10 8 8 2 2 8 8 10 8 8 8 8 2
left_child=1 2 10 8 -5 6 -6 -7 -3 -4 -1 -12 -13 -14
right_child=-2 3 9 4 5 7 -8 -9 -10 -11 11 12 13 -15
leaf_value=0.00013895443276089323 -0.0070274295529141008 0.021992305184852623 -0.010771282860401372 0.01496543198959552 0.011477827631969494 -0.010858446335885374 -0.012964629556121158 0.0075067689532516491 0.0031592981890503076 0.002936870953582648 0.0010481344452202587 0.0054649487339303087 -0.021554952365827881 -0.0071336399196914695
leaf_weight=208.3444991633296 42.154254578053951 17.461374521255493 17.073227226734161 16.196008495986462 39.899006433784962 49.859928272664547 11.517482701689003 13.183146998286245 29.203600242733955 296.12515524402261 82.941652297973633 13.877975936979054 20.408276714384556 130.93699641153216
leaf_count=999 225 86 76 89 189 241 61 75 139 1559 390 74 96 615
internal_value=-0.000217193 0.00012126 -0.00083361 0.00417532 0.00117364 -0.0013226 0.00533886 -0.00674862 0.0116527 0.00203209 -0.0028004 -0.00522212 -0.0083081 -0.00970544
internal_weight=989.183 947.028 769.708 177.321 130.656 114.46 51.4165 63.0431 46.665 313.198 456.509 248.165 165.223 151.345
internal_count=4914 4689 3809 880 655 566 250 316 225 1635 2174 1175 785 711
is_linear=0
shrinkage=0.03


Tree=387
num_leaves=15
num_cat=0
split_feature=20 12 8 13 23 18 3 24 19 13 7 6 1 6
split_gain=2.78305 3.02703 2.18043 4.21809 4.78715 1.97271 4.66237 4.04243 4.77743 4.85557 4.45973 3.75163 4.19007 3.61804
threshold=6.7135820322508826 25.450000000000003 16.100000000000005 13.900000000000002 0.69615384615384623 -1.0499999999999998 0.014462780038603686 0.11904761904761907 1.6500000000000001 17.900000000000002 2.8339018780352903 -1.7768366185377495 44.250000000000007 0.68270792591120888
decision_type=10 8 10 10 8 10 2 8 10 10 2 2 2 2
left_child=1 -1 3 4 -2 7 -7 11 10 -10 -9 12 -5 -13
right_child=2 -3 -4 5 -6 6 -8 8 9 -11 -12 13 -14 -15
leaf_value=0.015648665702795394 0.016269692915025336 -0.0023066391721399127 -0.0099246898499631368 -0.0099254353675006981 -0.0047805355913277774 0.014908576329375254 6.8120477591646872e-05 0.0034352423834990002 -0.00080794226551417984 -0.019991636938202616 -0.01312399715952183 0.0089081182645175134 0.00296693728636912 -0.00049269720143435818
leaf_weight=15.567245468497278 23.233856614679098 12.421682156622408 15.825952775776384 52.276832714676857 11.99659752845764 14.743979729712008 545.50415501371026 48.578265365213156 18.60230278596282 30.10875079035759 15.184306494891642 50.279663145542145 34.500164717435837 109.04565548151731
leaf_count=79 133 57 99 251 58 83 2703 274 100 149 72 220 174 507
internal_value=-3.18271e-05 0.00853815 -0.000321663 -0.000111455 0.00939844 -0.000524986 0.000587097 -0.00224671 -0.00682532 -0.0134228 -0.0011757 -5.99564e-05 -0.00491739 0.00265478
internal_weight=997.869 27.9889 969.88 954.055 35.2305 918.824 560.248 358.576 112.474 48.7111 63.7626 246.102 86.777 159.325
internal_count=4959 136 4823 4724 191 4533 2786 1747 595 249 346 1152 425 727
is_linear=0
shrinkage=0.03


Tree=388
num_leaves=15
num_cat=0
split_feature=21 39 14 17 22 18 14 17 0 11 42 17 39 22
split_gain=2.14954 4.55261 4.27562 4.40615 6.94175 3.87078 3.78175 4.52122 3.65232 4.22267 3.50672 2.98179 2.90207 3.03373
threshold=15.115297594751917 1013.1859391000324 18.300000000000001 -5.3499999999999988 0.92582417582417598 1.2500000000000002 22.100000000000005 -0.89999999999999958 6.7500000000000009 21.500000000000004 5.5000000000000009 -11.149999999999997 840.0309154608143 0.5590277777777779
decision_type=8 2 8 8 8 8 10 10 2 8 8 10 2 10
left_child=-1 2 11 5 12 -4 7 10 9 -8 -3 -2 13 -5
right_child=1 6 3 4 -6 -7 8 -9 -10 -11 -12 -13 -14 -15
leaf_value=0.00088609435729692352 -0.0009939857919513905 0.0086593935827362824 0.015518946114962887 -0.0089264948441391077 0.010896605466553412 -0.0034050089946827075 0.0013452298716277325 0.016629708042718641 0.008731959674652923 -0.015449009512346833 -0.0064641499187930145 -0.016292515992545501 -0.017086687624937948 0.0020818908170670606
leaf_weight=661.98718284443021 17.041494011878967 22.141713790595531 16.329653315246105 52.911422669887543 17.35612004250288 15.155322507023813 26.508953481912613 22.342279471457005 13.606247115880249 20.950155235826969 23.15998312830925 34.936683692038059 18.739404652267694 34.273827165365219
leaf_count=3341 82 104 77 252 86 74 119 112 94 96 109 160 90 170
internal_value=-0.000104483 -0.0020436 -0.00475762 -0.00209569 -0.00465545 0.00719158 0.00233077 0.0069888 -0.00296749 -0.00683423 0.00105365 -0.0118041 -0.00758001 -0.00472074
internal_weight=997.44 335.453 206.744 154.766 123.281 31.485 128.709 67.644 61.0654 47.4591 45.3017 51.9782 105.925 87.1852
internal_count=4966 1625 991 749 598 151 634 325 309 215 213 242 512 422
is_linear=0
shrinkage=0.03


Tree=389
num_leaves=15
num_cat=0
split_feature=10 10 15 27 25 2 20 23 15 18 24 38 20 11
split_gain=2.11431 2.37686 2.20838 4.06389 2.76671 2.54648 2.66335 4.94543 4.80616 2.76986 6.47338 4.86243 4.26059 5.2223
threshold=-18.899999999999995 -16.899999999999995 -10.149999999999997 8.5000000000000018 -15.121428571428568 0.26209542269053299 8.7591222289806119 0.54772727272727284 0.55000000000000016 -0.54999999999999993 0.11904761904761907 1.0000000180025095e-35 10.885260166339108 19.300000000000001
decision_type=8 8 10 2 8 2 10 10 10 10 10 2 10 10
left_child=-1 -2 3 -3 -4 -6 7 8 -7 10 -8 -11 -12 -14
right_child=1 2 4 -5 5 6 9 -9 -10 11 12 -13 13 -15
leaf_value=0.0057977299766621328 -0.0095160332891022683 -0.015437085545209834 0.010201085024044265 0.003094882809237226 -0.010469483831771197 -0.0085772192278153227 0.00017996696035855444 0.014164436802840208 0.00960434132150737 0.0017682235742429646 0.0036230523744258569 -0.011465526255103022 -7.1589338593773714e-05 -0.015687385022917322
leaf_weight=43.356357291340828 21.369648396968842 18.351185843348503 18.006444938480854 17.007071025669575 16.773150317370892 26.646754465997219 244.91703648120165 27.434352353215218 17.362989906221628 416.89780516549945 19.038992583751678 21.592599507421255 27.20098353177309 61.526090618222952
leaf_count=225 107 82 82 81 106 127 1129 124 99 2082 104 106 136 358
internal_value=-0.000325386 -0.000632399 -0.00037922 -0.00724424 -7.0092e-05 -0.000336889 -8.06667e-05 0.00526862 -0.00115608 -0.000593769 -0.00255493 0.000994636 -0.00850283 -0.0111593
internal_weight=997.481 954.125 932.755 35.3583 897.397 879.391 862.618 71.4441 44.0097 791.174 352.683 438.49 107.766 88.7271
internal_count=4948 4723 4616 163 4453 4371 4265 350 226 3915 1727 2188 598 494
is_linear=0
shrinkage=0.03


Tree=390
num_leaves=15
num_cat=0
split_feature=25 9 9 12 20 25 13 25 11 2 22 2 20 24
split_gain=2.77195 6.18996 6.7434 4.15969 3.88856 3.87411 4.20147 5.13108 5.75387 4.6576 4.75442 4.3571 5.04366 3.6119
threshold=9.029411764705884 4.1000000000000005 -5.633333333333332 26.900000000000002 13.341039399144174 2.6076923076923082 22.675000000000004 3.3603896103896109 21.500000000000004 0.73644206022465275 0.68990384615384626 0.765571941211172 12.947114606235887 0.13284313725490199
decision_type=8 8 10 10 10 10 10 10 8 2 10 2 10 10
left_child=5 2 -2 -3 -5 -1 7 -7 -9 -8 -11 13 -13 -10
right_child=1 3 -4 4 -6 6 9 8 11 10 -12 12 -14 -15
leaf_value=-0.00088257324263298607 0.0045065397482871358 0.010531888263998885 -0.012970061011619531 0.0063615965466590953 -0.012412596396542795 0.017012602632566643 -0.0078031106541574117 -0.0057529272010865785 0.0044744202304779429 0.019843865710065522 -0.0060106250856454043 0.010495669827781811 -0.014388393815201773 0.01722156991690954
leaf_weight=602.5917009525001 24.069421466439962 30.183545481413603 70.706018518656492 14.10477025806904 16.604240439832211 26.581420872360468 45.102200277149677 39.955594673752785 54.669738277792931 8.9569375999271887 8.512677073478697 7.9953175038099316 12.573744229972361 32.018354989588261
leaf_count=2862 157 145 383 64 79 133 208 198 251 65 58 73 100 166
internal_value=-0.00029186 -0.00390238 -0.00852824 0.00339828 -0.00410619 0.00039722 0.00361062 0.00596605 0.00347811 -0.00288897 0.00871132 0.00701994 -0.00455486 0.00986499
internal_weight=994.626 155.668 94.7754 60.8926 30.709 838.958 236.366 173.794 147.213 62.5718 17.4696 107.257 20.5691 86.6881
internal_count=4942 828 540 288 143 4114 1252 921 788 331 123 590 173 417
is_linear=0
shrinkage=0.03


Tree=391
num_leaves=15
num_cat=0
split_feature=27 3 12 21 3 20 20 21 25 0 12 25 12 18
split_gain=2.44444 4.99756 5.31555 4.60352 4.05748 3.84825 4.67992 3.70535 5.20737 4.88373 5.15939 4.39958 4.02403 3.49111
threshold=6.5000000000000009 0.025126895938511699 17.100000000000005 8.920949078474381 0.024826062477769754 16.821447929039515 19.498432685700497 15.938771735753182 -8.7416666666666654 -1.0000000180025095e-35 21.675000000000004 -1.3205128205128203 18.300000000000001 -0.34999999999999992
decision_type=2 2 10 8 2 8 8 8 10 2 10 8 10 10
left_child=1 3 -3 -1 5 7 -7 8 12 -10 -11 -9 -5 -2
right_child=13 2 -4 4 -6 6 -8 11 9 10 -12 -13 -14 -15
leaf_value=-0.014452842413054084 -0.0015029337572546114 0.0076963633009736543 -0.010917349199206739 0.0046839326328302101 0.011761904996156451 0.013986314772786801 -0.003066229620306748 0.0030095185484611741 0.015858705223035448 0.0077302412017047403 -0.0095203734501612628 -0.014926076782164148 -0.014357960646232766 0.0028579217490511868
leaf_weight=13.305635903030632 296.47310035303235 12.841820009052752 78.219492420554161 12.224782742559908 23.582882165908813 27.278401378542185 23.565939515829086 16.326462361961603 20.375885479152203 29.262695878744125 23.653871595859528 31.719497423619032 23.974877275526524 361.59485273435712
leaf_count=72 1483 70 375 61 106 138 111 75 91 153 109 151 116 1842
internal_value=-0.000165971 -0.00222797 -0.00802841 4.29246e-05 0.00116182 -0.000285299 0.00651572 -0.0026132 0.000516644 0.0050387 -0.000137036 -0.0091222 -0.0081394 0.000896749
internal_weight=994.4 336.332 91.0613 245.271 231.965 208.382 50.8443 157.538 109.492 73.2925 52.9166 48.046 36.1997 658.068
internal_count=4953 1628 445 1183 1111 1005 249 756 530 353 262 226 177 3325
is_linear=0
shrinkage=0.03


Tree=392
num_leaves=15
num_cat=0
split_feature=3 15 22 22 21 21 24 4 2 4 19 1 3 14
split_gain=2.21305 3.30175 2.52045 3.93984 3.82975 3.48823 3.42477 2.64936 2.36361 2.3349 7.67221 5.80545 5.06536 7.04723
threshold=0.042859254254465691 0.15000000000000005 0.87867647058823539 0.82843137254901966 12.337836884077459 8.3563011450751237 1.0000000180025095e-35 113.31329302855819 0.40559015011873467 77.914088366035472 -5.8499999999999988 50.250000000000007 0.024154191582227872 18.700000000000006
decision_type=2 10 10 10 10 10 8 2 2 2 10 2 2 10
left_child=2 -2 3 5 7 6 8 -4 -1 -7 -11 12 -12 -14
right_child=1 -3 4 -5 -6 9 -8 -9 -10 10 11 -13 13 -15
leaf_value=0.0094571007088674053 -0.0017968722132408407 0.01495595710693149 -0.010081654695576632 -0.011644688237466779 0.010219869519137892 0.00042272145184507116 0.015850757538677856 0.0053669778633500722 -0.0047964859362953621 0.0088875409733335919 -0.014150637941067652 0.0075695338987889294 -0.018516507288356535 -0.0014581921546468809
leaf_weight=11.992483541369436 18.877438217401505 16.628713451325893 15.94729305803776 23.559709116816521 43.245292913168669 513.84860004484653 17.856255248188972 14.697894264012573 22.363495968282223 38.620529867708683 51.420452572405338 26.761768773198128 20.243165913969278 168.00415069237351
leaf_count=59 90 79 72 127 239 2367 112 97 102 219 254 136 100 928
internal_value=5.61859e-05 0.00692669 -0.000229958 -0.000679664 0.00491308 -0.000318344 0.00684714 -0.00295875 0.000748324 -0.000813989 -0.00287042 -0.00470712 -0.00620463 -0.00372418
internal_weight=1004.07 35.5062 968.561 894.671 73.8905 871.111 52.2122 30.6452 34.356 818.899 305.05 266.43 239.668 188.247
internal_count=4981 169 4812 4404 408 4277 273 169 161 4004 1637 1418 1282 1028
is_linear=0
shrinkage=0.03


Tree=393
num_leaves=15
num_cat=0
split_feature=13 21 39 39 20 21 8 13 22 11 21 20 41 4
split_gain=3.06182 4.27884 2.8606 5.20579 4.74626 4.45647 3.95909 3.6454 3.45286 3.4162 3.39557 5.10403 6.63201 4.94335
threshold=13.700000000000001 13.5049371792028 1782.34303976501 1498.7265836129675 16.781107100789132 13.185218954966796 -6.8999999999999995 15.900000000000002 0.62828947368421062 20.300000000000001 14.378610636890402 13.551957628164104 50.500000000000007 149.63195663905904
decision_type=8 10 2 2 10 8 10 8 10 8 8 10 8 2
left_child=1 -1 3 7 -5 6 -4 -2 -8 -7 -9 13 -13 -12
right_child=2 -3 5 4 -6 9 8 10 -10 -11 11 12 -14 -15
leaf_value=0.017150848439403364 -0.0077895035415584592 -0.0020753395524153949 -0.021909157232328769 0.012897488834212817 -0.006192061988043198 0.0083593097613363088 0.0011500586760157443 0.0019767815187326458 -0.014536147278794858 -0.0041774480004408993 -0.0081318814083190406 -0.0089807197121915799 0.0055110721347570056 0.0055909712380244041
leaf_weight=16.960445661097765 48.779493656009436 17.99413950741291 13.393116064369677 45.512180902063847 11.955424979329107 27.524794518947601 32.408317599445581 436.19799808785319 15.02943769469857 44.223827183246613 130.43388798087835 33.060239192098379 108.58399362117052 24.909401744604111
leaf_count=100 241 93 67 230 60 129 156 2196 80 217 601 170 525 147
internal_value=9.27372e-05 0.00823234 -0.000240604 0.000414218 0.00874839 -0.00425101 -0.0098906 -0.000249963 -0.00473188 0.000863271 0.000301013 -0.00215224 0.00193776 -0.00582569
internal_weight=1006.97 34.9546 972.012 839.433 57.4676 132.579 60.8309 781.965 47.4378 71.7486 733.186 296.988 141.644 155.343
internal_count=5012 193 4819 4170 290 649 303 3880 236 346 3639 1443 695 748
is_linear=0
shrinkage=0.03


Tree=394
num_leaves=15
num_cat=0
split_feature=22 15 9 28 22 13 9 7 23 7 7 41 3 23
split_gain=3.21829 3.93736 3.45277 3.92485 3.53172 2.9053 4.0042 4.42127 2.83712 5.13429 4.56476 4.17651 4.76185 3.98765
threshold=0.87867647058823539 9.0500000000000025 13.100000000000001 4.5000000000000009 0.39087301587301593 19.700000000000006 0.50000000000000011 1.7637208358587035 0.12916666666666668 -0.86987282798230336 1.4930557271576304 66.500000000000014 0.03156618951625912 0.2752525252525253
decision_type=8 10 8 2 10 8 10 2 10 2 2 8 2 10
left_child=2 5 3 4 -1 -2 7 -7 9 -5 -11 -10 13 -13
right_child=1 -3 -4 8 -6 6 -8 -9 11 10 -12 12 -14 -15
leaf_value=0.019106016669232805 0.012348930163472618 -0.0077212444727912267 -0.0074763254296681576 0.0043777751009530111 0.0011838276243987163 -0.0094824939839084563 0.0096898863299935689 0.0085008783307371025 -0.0018901191131806218 -0.022910853293990119 -0.00094633458506576847 0.011114831701670384 0.011448280055338335 8.5646400991528014e-05
leaf_weight=13.416441820561884 43.501419588923454 15.922471661120651 49.793232873082161 20.557105630636215 22.934575513005257 29.012378286570311 34.86249952018261 14.632396575063465 367.42186650633812 15.424162074923517 15.375783152878283 28.023488327860832 43.063962545245886 277.54082967340946
leaf_count=63 226 92 245 113 120 146 168 79 1854 85 79 145 222 1299
internal_value=0.000507337 0.00467376 -0.000189242 0.000305626 0.00930895 0.00653163 0.00276184 -0.00319931 -0.000178347 -0.00665993 -0.0136094 0.000329488 0.0026624 0.0012598
internal_weight=991.483 137.931 853.551 803.758 36.351 122.009 78.5073 43.6448 767.407 51.3571 30.7999 716.05 348.628 305.564
internal_count=4936 711 4225 3980 183 619 393 225 3797 277 164 3520 1666 1444
is_linear=0
shrinkage=0.03


Tree=395
num_leaves=15
num_cat=0
split_feature=18 7 21 16 18 16 18 1 24 20 24 16 7 29
split_gain=4.0227 3.49677 4.95969 3.03659 4.74088 4.52112 5.30792 4.69535 4.81184 4.44492 4.19045 3.3178 3.29922 4.10534
threshold=11.950000000000001 4.6040209017064271 11.479450238481698 7.3166666666666673 3.4500000000000006 6.8500000000000005 4.2250000000000005 42.250000000000007 -0.19821428571428568 14.690510901226389 -0.066666666666666666 10.15 -0.4337608766711038 13.500000000000002
decision_type=10 2 8 10 10 10 10 2 10 8 10 8 2 2
left_child=1 3 -3 5 -5 6 12 -8 9 -9 -10 -6 -1 -14
right_child=-2 2 -4 4 11 -7 7 8 10 -11 -12 -13 13 -15
leaf_value=-0.0012439088772948528 0.0092293469540233892 0.0051871886436471448 -0.011726863244894798 0.00056197204282346319 0.022275959553982632 -0.014421153768621353 -0.011897250594962003 -0.01717440581108148 0.01363148639589918 0.0027553593949823088 -0.001101554482704728 0.0017595391899804824 0.0042301153022055726 -0.007984198007775006
leaf_weight=280.31863586232066 34.490947134792805 18.773685552179813 47.727216877043247 75.232242465019226 14.250689364969729 15.946946375072001 51.878611337393522 22.220151841640472 17.233714185655117 14.050354383885859 76.680251643061638 12.703466072678568 284.88417870923877 22.489519536495209
leaf_count=1425 177 100 239 358 67 74 260 112 78 68 399 62 1397 109
internal_value=-0.000155238 -0.000540722 -0.00692308 -2.6607e-05 0.00471203 -0.000668801 -0.000292665 -0.00469679 -0.00149349 -0.0100556 0.00215443 0.0143949 0.00109981 0.00322294
internal_weight=988.881 954.39 66.5009 887.889 102.186 785.702 769.755 182.063 130.184 36.2705 93.914 26.9542 587.692 307.374
internal_count=4925 4748 339 4409 487 3922 3848 917 657 180 477 129 2931 1506
is_linear=0
shrinkage=0.03


Tree=396
num_leaves=15
num_cat=0
split_feature=4 8 7 4 11 11 11 7 8 17 16 10 13 21
split_gain=2.64813 3.98173 2.40988 4.87195 3.59818 3.49909 3.06119 2.38996 2.72083 4.45609 6.08871 4.19668 3.39191 3.73133
threshold=328.98087901878347 16.100000000000005 3.7051644288457513 28.943318571450281 22.100000000000005 25.266666666666669 18.500000000000004 3.2858454369842556 -7.6999999999999984 1.7499999999999998 -1.4499999999999997 -6.7749999999999986 28.500000000000004 12.918978287774928
decision_type=2 10 2 2 8 10 10 2 8 8 10 10 10 10
left_child=1 2 7 6 -5 -6 -4 8 9 10 11 -1 -10 -14
right_child=-2 -3 3 4 5 -7 -8 -9 12 -11 -12 -13 13 -15
leaf_value=0.015536570589386496 0.011902382425925452 -0.013302823870299437 -0.0027450114335248214 0.0064026258409039831 -0.013761460686366698 0.0026204762086852566 -0.021616685484210304 0.0091248276442212443 0.0009872626367920512 -0.015131578996498593 -0.0052534240281451195 -0.0016448840340953362 0.019239288881223546 0.00083645300044415277
leaf_weight=22.734130054712296 12.786061123013495 14.219408016651867 16.464682832360271 39.986717499792576 18.134976759552956 21.11977344751358 13.084916889667509 26.645798780024052 640.48355734348297 17.787377044558525 87.906191505491734 22.143516167998314 14.870610266923903 20.74815084785223
leaf_count=105 138 81 88 179 84 103 77 127 3159 83 429 101 74 94
internal_value=0.000430024 0.000219903 0.000487504 -0.00361846 0.00045237 -0.00564741 -0.0130206 0.00102901 0.000714771 -0.00287096 -0.000739058 0.00774386 0.00152854 0.00994204
internal_weight=989.116 976.33 962.11 108.791 79.2415 39.2548 29.5496 853.319 826.674 150.571 132.784 44.8776 676.102 35.6188
internal_count=4922 4784 4703 531 366 187 165 4172 4045 718 635 206 3327 168
is_linear=0
shrinkage=0.03


Tree=397
num_leaves=15
num_cat=0
split_feature=24 26 19 11 17 21 26 0 27 42 18 17 7 35
split_gain=2.48038 2.77685 7.74632 4.74761 2.75296 5.16218 3.69902 5.26158 3.71121 3.33556 3.44481 8.00247 6.25497 4.77509
threshold=-0.77747252747252737 8.5147058823529438 3.4500000000000006 25.633333333333336 -7.6499999999999986 9.8163693485662016 4.7071428571428582 -1.2499999999999998 13.500000000000002 18.500000000000004 -3.2499999999999996 -4.7499999999999982 -1.9256814328283187 1.0000000180025095e-35
decision_type=8 10 8 10 10 8 8 2 2 10 10 10 2 2
left_child=-1 4 3 -3 5 -2 8 -8 -7 10 11 -6 13 -13
right_child=1 2 -4 -5 9 6 7 -9 -10 -11 -12 12 -14 -15
leaf_value=-0.0083565791191804028 -0.019137015494873833 0.01420179359462434 -0.0063288422320241121 -0.001632587209881139 0.011271811011562185 -0.01141659229332727 -0.0056407557483677123 0.012488234771072191 0.002415831973046696 0.010167625221207247 0.00089160414954668932 0.011789535407064979 -0.0094338030933059664 -0.0071852577167687707
leaf_weight=29.079715438187122 14.085096724331377 52.161804117262363 37.872904799878597 22.924358353018761 22.734248071908951 42.860409423708916 23.708141699433327 24.804676122963428 25.12149852514267 23.050641093403101 511.9993022121489 22.643896616995335 123.54905934631824 16.589746054261923
leaf_count=137 69 249 188 105 106 200 119 118 122 117 2597 118 609 81
internal_value=-0.000402382 -0.000120587 0.00419531 0.00956734 -0.000714524 -0.00463634 -0.00216768 0.00392938 -0.00648975 2.32324e-05 -0.000381987 -0.00382806 -0.00620997 0.00386088
internal_weight=993.185 964.106 112.959 75.0862 851.147 130.58 116.495 48.5128 67.9819 720.567 697.516 185.517 162.783 39.2336
internal_count=4935 4798 542 354 4256 628 559 237 322 3628 3511 914 808 199
is_linear=0
shrinkage=0.03


Tree=398
num_leaves=15
num_cat=0
split_feature=17 25 39 25 25 25 12 9 4 25 2 2 41 26
split_gain=2.88771 2.95661 6.57352 3.25708 3.95909 4.42751 4.58522 3.37808 3.19422 3.46104 2.94191 4.52973 6.27994 4.14544
threshold=-13.949999999999998 -6.8090909090909078 224.60148049757098 -5.345238095238094 -4.4833333333333325 -3.9666666666666663 14.633333333333335 -13.099999999999998 -196.33669146897748 -15.121428571428568 0.29495187600502726 0.49883850585393058 71.500000000000014 1.0000000180025095e-35
decision_type=10 8 2 8 8 8 10 10 2 10 2 2 8 8
left_child=-1 2 -2 -3 -5 -6 7 -7 -4 -10 -8 12 13 -12
right_child=1 3 8 4 5 6 10 -9 9 -11 11 -13 -14 -15
leaf_value=0.0064225553851683667 0.01347881330905115 0.0075228149624775309 0.0052809800775869007 -0.0094787237566759958 0.0125959342506638 -0.0027102505898055299 -0.01156081521432881 0.013907336923788587 0.0032873949909062784 -0.0096653147347523158 -0.01225288236405838 -0.0017743225369192663 0.014665149952146656 0.0028854850396864483
leaf_weight=55.954976588487625 12.711801446974276 49.40728809684515 16.372621729969978 33.28888301551342 20.917134024202824 14.042975846678017 16.712112039327621 29.680072788149118 19.698554366827011 106.61270412057638 14.127111740410326 473.05650441721082 33.290584161877632 104.79143594950438
leaf_count=270 59 235 90 158 100 101 108 188 90 502 64 2395 147 475
internal_value=9.32363e-05 -0.000313488 -0.00402739 0.000438433 -8.19468e-05 0.000424226 -3.55631e-05 0.00883968 -0.00599056 -0.00759705 -0.000703671 -0.00032407 0.0040963 0.00066527
internal_weight=1000.66 944.71 155.396 789.314 739.907 706.618 685.701 43.723 142.684 126.311 641.978 625.266 152.209 118.919
internal_count=4982 4712 741 3971 3736 3578 3478 289 682 592 3189 3081 686 539
is_linear=0
shrinkage=0.03


Tree=399
num_leaves=15
num_cat=0
split_feature=42 25 4 26 22 25 11 4 26 39 39 39 21 42
split_gain=2.22431 4.25468 4.3982 4.73945 4.71074 5.46256 3.81152 3.98153 4.20821 4.10394 4.04357 4.83403 6.93863 6.90216
threshold=7.5000000000000009 -13.422619047619046 278.78398739848291 4.7071428571428582 0.6132478632478634 1.9687500000000002 14.500000000000002 278.78398739848291 -1.3229166666666663 1897.1629468755875 1369.6829224018309 470.60718043083574 15.938771735753182 5.5000000000000009
decision_type=8 8 2 10 10 10 8 2 10 2 2 2 8 10
left_child=6 -2 3 -3 5 -5 -1 8 9 -8 11 12 13 -10
right_child=1 2 -4 4 -6 -7 7 -9 10 -11 -12 -13 -14 -15
leaf_value=-0.006536150630358656 0.011703491845498928 -0.0049623018807176669 0.012344681868970626 0.0018159085233389138 -0.0053162586914408585 0.020546229750270758 0.0074875923065307291 -0.010059492448123278 0.013587414940437741 -0.0046962362430318467 0.0064256484708874271 -0.0045086741407208341 -0.0093449005529456161 -0.0079775371482720125
leaf_weight=45.877468198537827 15.878557935357092 270.36775183305144 13.01697777584195 52.509431101381779 40.436159580945969 14.705415546894072 178.24155437201262 18.557204719632864 51.878725506365299 25.3326026648283 71.72348353266716 158.97292193025351 21.337692484259605 13.812758259475229
leaf_count=217 73 1311 131 258 186 66 903 167 246 124 341 752 101 65
internal_value=0.000158838 -0.00153415 -0.00221266 -0.00286854 0.00237684 0.00705262 0.001338 0.00206099 0.00258392 0.00589521 0.000403841 -0.00144488 0.00409253 0.00880948
internal_weight=992.649 406.914 391.036 378.019 107.651 67.2148 585.734 539.857 521.3 203.574 317.726 246.002 87.0292 65.6915
internal_count=4941 2025 1952 1821 510 324 2916 2699 2532 1027 1505 1164 412 311
is_linear=0
shrinkage=0.03


end of trees

feature_importances:
away_std_margin=292
travel_miles=282
away_roll_total_vs_line=261
home_std_margin=260
home_roll_total_vs_line=255
market_home_prob=247
market_vig=230
home_ppg_diff_std=230
home_roll_margin=228
roll_ats_diff=226
away_roll_pa=201
elo_vs_spread=177
winpct_diff=176
home_roll_pa=175
away_roll_ats=173
temp=173
away_ppg_diff_std=170
home_roll_pf=159
elo_diff=151
away_roll_pf=151
home_roll_ats=151
spread_line=148
home_winpct_std=148
roll_margin_diff=143
wind=139
total_line=138
away_roll_margin=133
away_winpct_std=120
week=80
elo_home_prob=58
div_game=26
away_rest=22
rest_diff=18
home_rest=17
home_qb_change=17
elo_spread=10
away_qb_change=5
is_primetime=4
indoor=3
away_off_bye=2
is_playoff=1

parameters:
[boosting: gbdt]
[objective: binary]
[metric: binary_logloss]
[tree_learner: serial]
[device_type: cpu]
[data_sample_strategy: bagging]
[data: ]
[valid: ]
[num_iterations: 400]
[learning_rate: 0.03]
[num_leaves: 15]
[num_threads: 0]
[seed: 17]
[deterministic: 0]
[force_col_wise: 0]
[force_row_wise: 0]
[histogram_pool_size: -1]
[max_depth: -1]
[min_data_in_leaf: 60]
[min_sum_hessian_in_leaf: 0.001]
[bagging_fraction: 0.8]
[pos_bagging_fraction: 1]
[neg_bagging_fraction: 1]
[bagging_freq: 1]
[bagging_seed: 26602]
[bagging_by_query: 0]
[feature_fraction: 0.7]
[feature_fraction_bynode: 1]
[feature_fraction_seed: 18297]
[extra_trees: 0]
[extra_seed: 13015]
[early_stopping_round: 0]
[early_stopping_min_delta: 0]
[first_metric_only: 0]
[max_delta_step: 0]
[lambda_l1: 0]
[lambda_l2: 5]
[linear_lambda: 0]
[min_gain_to_split: 0]
[drop_rate: 0.1]
[max_drop: 50]
[skip_drop: 0.5]
[xgboost_dart_mode: 0]
[uniform_drop: 0]
[drop_seed: 30017]
[top_rate: 0.2]
[other_rate: 0.1]
[min_data_per_group: 100]
[max_cat_threshold: 32]
[cat_l2: 10]
[cat_smooth: 10]
[max_cat_to_onehot: 4]
[top_k: 20]
[monotone_constraints: ]
[monotone_constraints_method: basic]
[monotone_penalty: 0]
[feature_contri: ]
[forcedsplits_filename: ]
[refit_decay_rate: 0.9]
[cegb_tradeoff: 1]
[cegb_penalty_split: 0]
[cegb_penalty_feature_lazy: ]
[cegb_penalty_feature_coupled: ]
[path_smooth: 0]
[interaction_constraints: ]
[verbosity: -1]
[saved_feature_importance_type: 0]
[use_quantized_grad: 0]
[num_grad_quant_bins: 4]
[quant_train_renew_leaf: 0]
[stochastic_rounding: 1]
[linear_tree: 0]
[max_bin: 255]
[max_bin_by_feature: ]
[min_data_in_bin: 3]
[bin_construct_sample_cnt: 200000]
[data_random_seed: 94]
[is_enable_sparse: 1]
[enable_bundle: 1]
[use_missing: 1]
[zero_as_missing: 0]
[feature_pre_filter: 1]
[pre_partition: 0]
[two_round: 0]
[header: 0]
[label_column: ]
[weight_column: ]
[group_column: ]
[ignore_column: ]
[categorical_feature: ]
[forcedbins_filename: ]
[precise_float_parser: 0]
[parser_config_file: ]
[objective_seed: 20363]
[num_class: 1]
[is_unbalance: 0]
[scale_pos_weight: 1]
[sigmoid: 1]
[boost_from_average: 1]
[reg_sqrt: 0]
[alpha: 0.9]
[fair_c: 1]
[poisson_max_delta_step: 0.7]
[tweedie_variance_power: 1.5]
[lambdarank_truncation_level: 30]
[lambdarank_norm: 1]
[label_gain: ]
[lambdarank_position_bias_regularization: 0]
[eval_at: ]
[multi_error_top_k: 1]
[auc_mu_weights: ]
[num_machines: 1]
[local_listen_port: 12400]
[time_out: 120]
[machine_list_filename: ]
[machines: ]
[gpu_platform_id: -1]
[gpu_device_id: -1]
[gpu_device_id_list: ]
[gpu_use_dp: 0]
[num_gpu: 1]

end of parameters

pandas_categorical:[]
