tree
version=v4
num_class=1
num_tree_per_iteration=1
label_index=0
max_feature_idx=44
objective=binary sigmoid:1
feature_names=spread_line total_line market_home_prob market_vig elo_diff elo_home_prob elo_spread elo_vs_spread home_roll_margin away_roll_margin roll_margin_diff home_roll_pf away_roll_pf home_roll_pa away_roll_pa home_roll_ats away_roll_ats roll_ats_diff home_roll_total_vs_line away_roll_total_vs_line home_std_margin away_std_margin home_winpct_std away_winpct_std winpct_diff home_ppg_diff_std away_ppg_diff_std week home_rest away_rest rest_diff home_short_week away_short_week home_off_bye away_off_bye div_game is_neutral is_primetime is_playoff travel_miles indoor temp wind home_qb_change away_qb_change
feature_infos=[-19:27] [28.5:61] [0.081632653061224497:0.95705263157894738] [-0.01907814407814401:0.049044914816726903] [-424.58947784649763:574.75956178722322] [0.079868614390060239:0.964722053120184] [-16.983579113859903:22.990382471488928] [-19.232544956438353:23.759173686548412] [-32.399999999999999:28] [-30.199999999999999:27.399999999999999] [-40.200000000000003:40.599999999999994] [3.5:46] [4.5:43.399999999999999] [5.2000000000000002:41.600000000000001] [4.5:40.399999999999999] [-21.600000000000001:28.25] [-23.199999999999999:21.699999999999999] [-30.600000000000001:33.5] [-19.600000000000001:24.300000000000001] [-21.800000000000001:30] [3.0203016773531863:27.825048667223086] [2.8982753492379305:27.378215184096035] [0:1] [0:1] [-1:1] [-49:49] [-46:44] [1:22] [4:16] [4:17] [-8:8] [0:1] [0:1] [0:1] [0:1] [0:1] [0:1] [0:1] [0:1] [0:2719.7652580450717] [0:1] [-6:102] [0:71] [0:1] [0:1]
tree_sizes=1739 1748 1747 1756 1755 1754 1754 1758 1748 1739 1761 1755 1757 1751 1756 1748 1755 1771 1746 1754 1767 1749 1749 1744 1746 1757 1743 1762 1758 1755 1761 1768 1751 1756 1761 1758 1763 1774 1769 1740 1754 1768 1746 1762 1754 1765 1735 1721 1743 1766 1751 1757 1761 1742 1755 1751 1759 1751 1764 1763 1758 1761 1755 1753 1752 1764 1755 1759 1763 1763 1756 1739 1739 1764 1747 1741 1752 1761 1749 1750 1760 1762 1756 1752 1756 1773 1752 1757 1757 1763 1759 1743 1758 1754 1749 1757 1761 1746 1748 1760 1770 1758 1755 1744 1764 1753 1749 1764 1763 1765 1751 1761 1744 1757 1758 1762 1753 1767 1757 1771 1754 1761 1753 1749 1747 1764 1734 1760 1752 1754 1761 1753 1764 1755 1770 1766 1767 1753 1753 1753 1760 1759 1765 1762 1768 1766 1760 1761 1757 1766 1750 1766 1760 1754 1749 1741 1760 1752 1760 1754 1762 1751 1765 1755 1774 1747 1748 1761 1740 1766 1762 1759 1760 1757 1751 1761 1748 1758 1749 1753 1765 1761 1755 1763 1754 1759 1749 1761 1749 1760 1747 1762 1747 1754 1765 1771 1754 1757 1760 1761 1752 1758 1743 1767 1765 1754 1757 1755 1753 1759 1773 1728 1753 1749 1755 1763 1755 1767 1762 1748 1761 1761 1748 1737 1750 1751 1754 1737 1771 1761 1752 1753 1766 1762 1756 1744 1751 1752 1756 1747 1747 1754 1751 1749 1755 1761 1743 1746 1752 1761 1750 1764 1760 1744 1772 1752 1750 1762 1759 1758 1764 1772 1741 1758 1756 1749 1752 1754 1752 1756 1735 1754 1771 1755 1769 1759 1768 1753 1760 1760 1769 1744 1758 1758 1748 1750 1734 1755 1760 1753 1751 1764 1761 1763 1753 1768 1752 1762 1758 1759 1758 1743 1753 1767 1760 1763 1751 1747 1762 1775 1752 1749 1756 1764 1751 1753 1759 1754 1764 1755 1766 1750 1756 1770 1758 1774 1748 1761 1759 1743 1732 1760 1757 1771 1759 1759 1779 1753 1768 1766 1754 1769 1757 1747 1749 1761 1751 1752 1769 1751 1753 1754 1752 1751 1752 1760 1751 1760 1746 1747 1760 1754 1751 1766 1763 1751 1769 1762 1770 1745 1769 1752 1757 1741 1766 1759 1746 1768 1757 1752 1757 1765 1766 1753 1765 1752 1757 1758 1760 1752 1762 1766 1761 1753 1738 1723 1758 1764 1761 1768

Tree=0
num_leaves=15
num_cat=0
split_feature=14 1 0 21 23 3 20 8 19 42 19 44 15 8
split_gain=11.4992 12.8 10.1623 8.85145 11.0249 8.04208 9.31861 8.02907 10.5197 10.0178 7.54224 7.19989 7.60029 7.58623
threshold=19.500000000000004 46.750000000000007 -8.7499999999999982 10.521142704910529 0.12916666666666668 0.023598441959634679 15.622988743258068 3.1000000000000005 5.3500000000000005 2.5000000000000004 3.8500000000000001 1.0000000180025095e-35 5.8500000000000005 5.1000000000000005
decision_type=10 2 2 10 8 2 10 10 10 8 10 2 10 10
left_child=1 2 -1 -2 -5 6 -6 8 9 -7 -11 12 13 -4
right_child=3 -3 11 4 5 7 -8 -9 -10 10 -12 -13 -14 -15
leaf_value=-0.017739133810429509 -0.040540164473344242 -0.051369125205671592 -0.041504486269195645 -0.060250972246390741 -0.062174090614164124 -0.043706806218513188 -0.039226225130064137 -0.040695194208847534 -0.04036181223262076 -0.052914187836771445 -0.071281575195679694 -0.026229638500809793 -0.0309254778679789 -0.057288103385757905
leaf_weight=16.491536200046539 160.41767030954361 74.711656421422958 188.9030510187149 57.970248460769653 52.972813248634338 92.452551424503326 18.990253806114197 182.15651348233223 101.94767832756042 142.92664706707001 20.489484369754791 28.485380709171295 47.475634515285492 26.986150145530701
leaf_count=66 642 299 756 232 212 370 76 729 408 572 82 114 190 108
internal_value=-0.0447876 -0.0405222 -0.0378391 -0.0467723 -0.0482889 -0.0470438 -0.0561169 -0.0457464 -0.048346 -0.051561 -0.05592 -0.03942 -0.0411755 -0.043704
internal_weight=1213.38 383.053 308.342 830.324 669.906 611.936 71.9631 539.973 357.816 255.869 163.416 291.85 263.365 215.889
internal_count=4856 1533 1234 3323 2681 2449 288 2161 1432 1024 654 1168 1054 864
is_linear=0
shrinkage=1


Tree=1
num_leaves=15
num_cat=0
split_feature=13 24 26 3 26 21 9 25 14 39 26 41 12 2
split_gain=8.87617 12.5185 10.9715 5.96622 6.03082 5.84447 6.4562 6.69295 6.08917 6.39203 5.8242 6.6744 5.79992 6.83594
threshold=29.100000000000005 -0.49107142857142844 -12.47222222222222 0.024093932872053751 -8.4833333333333325 12.94453967436187 -10.633333333333331 1.9687500000000002 28.450000000000003 890.20231495104542 10.236111111111112 66.500000000000014 24.700000000000006 0.50580909013940489
decision_type=8 8 8 2 10 10 8 8 10 2 10 8 10 2
left_child=1 -1 -3 -2 -5 6 -4 12 10 -10 -7 -12 -8 -14
right_child=3 2 5 4 -6 8 7 -9 9 -11 11 -13 13 -15
leaf_value=0.011207883634472431 0.0064634011619214508 -0.012919119122789084 -0.01004856369229244 0.0033539793734410754 -0.013516515562087814 -0.0036573065810901677 0.0033225754594385089 0.0079870746381610295 0.016168221120987845 -0.0036118018868279101 -0.0050985049294225279 0.016602939566734143 -0.015808601499677617 0.0055454682039715562
leaf_weight=92.20782658457756 20.238522976636887 51.463788419961929 25.735370814800262 21.987719252705574 85.204874381422997 419.77137899398804 140.93056805431843 204.40306471288204 28.984559372067451 23.236442476511002 19.490593701601028 23.98823881149292 31.233342692255974 18.241035759449005
leaf_count=369 81 206 103 88 341 1680 564 818 116 93 78 96 125 73
internal_value=4.07804e-05 0.000935794 -7.5015e-05 -0.00729143 -0.0100607 0.00069607 0.00330077 0.00428572 -0.00144025 0.0078203 -0.00255653 0.00735217 0.000209561 -0.00814908
internal_weight=1207.12 1079.69 987.478 127.431 107.193 936.015 420.543 394.808 515.471 52.221 463.25 43.4788 190.405 49.4744
internal_count=4831 4321 3952 510 429 3746 1683 1580 2063 209 1854 174 762 198
is_linear=0
shrinkage=0.03


Tree=2
num_leaves=15
num_cat=0
split_feature=23 6 7 17 17 1 0 23 13 18 1 22 13 23
split_gain=9.72748 8.36945 7.98014 7.7387 7.3219 6.95944 10.0314 9.3833 10.315 8.34572 8.32012 6.10025 8.70292 9.86401
threshold=0.12916666666666668 10.220916892322355 3.3731939036344287 11.050000000000002 -0.40000000000000019 40.250000000000007 7.7500000000000009 0.82085561497326209 27.700000000000006 -2.7499999999999996 38.750000000000007 0.37980769230769235 24.700000000000006 0.72902097902097907
decision_type=8 2 2 10 10 2 2 10 10 8 2 8 10 8
left_child=2 5 -1 4 -3 6 10 11 9 -9 -2 -7 -13 -14
right_child=1 3 -4 -5 -6 7 -8 8 -10 -11 -12 12 13 -15
leaf_value=-0.013005149510223999 -0.0019824631214752134 -0.0026748690963081397 0.008680480813238493 -0.0061442841995566983 0.020328440374986878 0.0015931294109449879 0.021464942258994701 -0.0025726935081198149 -0.012521860811031951 0.016268740016851163 0.010489688944748651 -0.002082609375279629 -0.015279267004782229 0.0031995885900378057
leaf_weight=78.928833305835724 145.93116258084774 15.241569459438322 14.989088341593741 18.241861209273338 44.228753596544266 201.13024741411209 22.237755492329597 28.988787770271301 16.988848552107811 62.728176727890968 65.967078417539597 365.56938083469868 102.93523280322552 32.232239425182343
leaf_count=316 584 61 60 73 177 805 89 116 68 251 264 1463 412 129
internal_value=-0.000260916 0.000531589 -0.00928034 0.00971798 0.0146827 -0.000194788 0.0043066 -0.00151346 0.00649983 0.0104884 0.00205261 -0.00279176 -0.00455137 -0.0109158
internal_weight=1216.34 1122.42 93.9179 77.7122 59.4703 1044.71 234.136 810.573 108.706 91.717 211.898 701.867 500.737 135.167
internal_count=4868 4492 376 311 238 4181 937 3244 435 367 848 2809 2004 541
is_linear=0
shrinkage=0.03


Tree=3
num_leaves=15
num_cat=0
split_feature=23 20 39 39 14 39 21 24 22 18 24 4 41 20
split_gain=10.2813 7.80074 10.6646 9.41058 8.71926 7.6544 7.42682 7.28807 8.24657 7.03566 6.72296 7.67198 6.64033 6.41055
threshold=0.12916666666666668 14.560219778561033 1369.6829224018309 178.36753681358059 16.700000000000006 1842.9787499682704 13.254978019313727 -0.54356060606060597 0.70294117647058829 1.6333333333333335 0.23076923076923084 139.78782462788232 82.500000000000014 16.193448605789712
decision_type=8 10 2 2 8 2 8 8 10 8 10 2 10 10
left_child=-1 2 3 -2 -4 -6 10 -8 -9 -7 11 -5 13 -3
right_child=1 12 4 6 5 9 7 8 -10 -11 -12 -13 -14 -15
leaf_value=-0.0096790181122140447 0.010530611045123296 0.0088326095692576427 0.019951127555163883 -0.00060934791345267623 0.0089544797328890563 0.0026808250495032071 0.008459028697045276 -0.012343330019934 0.00050733350406927493 -0.015421535687842658 0.0091518148396315373 -0.016569826779708766 -0.01261707766599748 0.0011367430104311385
leaf_weight=95.884472101926804 34.732740387320518 164.91513581573963 24.238957494497299 166.1653336584568 64.963993206620216 44.726333111524582 18.492982983589172 192.12393955886364 57.718267902731895 27.48255643248558 44.234185874462128 27.488824456930161 16.990596652030945 232.378005027771
leaf_count=384 139 660 97 665 260 179 74 769 231 110 177 110 68 930
internal_value=-0.000507032 0.000320182 -0.00160319 -0.00361981 0.00506105 0.0018208 -0.00468419 -0.00805831 -0.00942288 -0.00476141 -0.000790698 -0.00323494 0.00356125 0.00440135
internal_weight=1212.54 1116.65 702.368 540.956 161.412 137.173 506.224 268.335 249.842 72.2089 237.888 193.654 414.284 397.293
internal_count=4853 4469 2811 2165 646 549 2026 1074 1000 289 952 775 1658 1590
is_linear=0
shrinkage=0.03


Tree=4
num_leaves=15
num_cat=0
split_feature=17 13 10 18 11 10 1 1 15 12 12 12 26 19
split_gain=9.66854 8.80371 9.7222 6.55462 5.74448 6.34171 5.7283 12.1099 9.43618 6.00998 5.81335 5.02987 10.8818 9.40006
threshold=16.750000000000004 29.100000000000005 -17.774999999999995 8.7500000000000018 13.700000000000001 -4.0999999999999988 40.250000000000007 37.750000000000007 -0.68333333333333324 19.500000000000004 14.300000000000002 24.700000000000006 10.033333333333335 -3.0499999999999994
decision_type=10 10 8 10 8 10 2 2 8 10 8 8 8 10
left_child=1 2 -1 -3 5 -4 7 9 -9 10 -6 -8 13 -13
right_child=-2 3 4 -5 6 -7 11 8 -10 -11 -12 12 -14 -15
leaf_value=0.014201071103662864 -0.016245046361204371 -0.012995391756114196 -0.00095216232902643749 0.0013216225295949763 -0.0090889170031827112 -0.022755001967298089 0.0014417817623672757 0.00077270939255618483 0.018444133670666208 -0.011218553539933462 0.0093643816808603557 -0.026317912767499698 0.0067800704723634799 -0.0046540780055895235
leaf_weight=41.985625430941582 28.973586544394493 71.679878234863281 31.23328860104084 44.705808445811272 18.4870365858078 14.986496329307554 476.69113348424435 44.727452322840691 66.222734659910202 37.731152027845383 40.72668331861496 15.239733904600142 66.476614326238632 208.8678016513586
leaf_count=168 116 287 125 179 74 60 1908 179 265 151 163 61 266 836
internal_value=-0.000466528 -1.21029e-05 0.000857801 -0.00766806 0.0002428 -0.00955281 0.000753441 0.00510775 0.0116608 -0.00259602 0.003344 -0.000451801 -0.00352999 -0.00666947
internal_weight=1208.74 1179.76 1063.38 116.386 1021.39 46.2198 975.17 207.895 110.95 96.9449 59.2137 767.275 290.584 224.108
internal_count=4838 4722 4256 466 4088 185 3903 832 444 388 237 3071 1163 897
is_linear=0
shrinkage=0.03


Tree=5
num_leaves=15
num_cat=0
split_feature=13 23 10 7 12 24 16 22 13 22 9 13 24 24
split_gain=10.7418 10.1445 7.9523 6.85452 8.33448 11.6619 7.51151 9.48744 7.38694 7.30466 9.92476 6.35619 6.14928 6.12987
threshold=29.100000000000005 0.12916666666666668 -17.774999999999995 -5.6837429502595418 25.450000000000003 -0.46547619047619043 3.8500000000000001 0.60357142857142865 25.900000000000002 0.72474747474747481 -3.0999999999999996 24.700000000000006 0.06666666666666668 0.16042250233426705
decision_type=10 8 10 2 10 10 10 10 10 10 10 10 10 8
left_child=1 11 -3 -4 6 -6 7 13 -7 10 -9 -1 -8 -5
right_child=-2 2 3 4 5 8 12 9 -10 -11 -12 -13 -14 -15
leaf_value=-0.012483202229085884 -0.0079697130343721039 0.013493592181461735 -0.01093502286844461 0.0019896368966350413 0.01247915860173833 -0.002881112880869811 0.016039599170242586 0.023517989606400475 -0.01970545381535057 0.0026326092210714872 0.002772003939384341 0.0054732516892056614 0.00025553918371778501 -0.006641219174496173
leaf_weight=65.643216654658318 115.85510687530041 49.239198938012123 32.482725843787193 275.08871528506279 35.989219889044762 204.62104235589504 68.96780888736248 42.980189993977547 21.97932094335556 112.70549964904785 39.230274990200996 20.465606138110161 31.983285263180733 95.693416848778725
leaf_count=263 464 197 130 1101 144 819 276 172 88 451 157 82 128 383
internal_value=0.00052349 0.0014525 0.00230641 0.00166681 0.00216349 -0.00233219 0.0039385 0.00253974 -0.00490319 0.00780766 0.0143447 -0.00814931 0.0112869 -0.000296587
internal_weight=1212.92 1097.07 1010.96 961.721 929.239 262.59 666.649 565.698 226.6 194.916 82.2105 86.1088 100.951 370.782
internal_count=4855 4391 4046 3849 3719 1051 2668 2264 907 780 329 345 404 1484
is_linear=0
shrinkage=0.03


Tree=6
num_leaves=15
num_cat=0
split_feature=13 26 12 23 26 18 7 18 27 10 3 5 20 13
split_gain=9.34405 9.90533 12.2818 10.3191 10.1153 9.20893 7.15343 6.75307 6.41573 6.55009 5.53306 6.63896 5.48864 5.89
threshold=28.700000000000006 9.6201923076923084 24.700000000000006 0.72902097902097907 -12.47222222222222 8.7500000000000018 -3.7372007672302829 3.2500000000000004 10.500000000000002 -10.299999999999997 0.024336072810571711 0.6092947275225401 13.753787357185173 23.700000000000006
decision_type=8 10 10 8 10 8 2 10 2 10 2 2 10 10
left_child=1 2 4 12 -1 7 10 -2 -8 -10 -6 -12 -4 -14
right_child=5 -3 3 -5 6 -7 8 -9 9 -11 11 -13 13 -15
leaf_value=-0.0068411547545079165 -0.00054632543697166931 0.0096022842193199762 -0.012607695435909514 0.0041741663350215036 -0.015419288266625687 0.0024863350937575873 0.0016836240864257894 -0.018683211150057232 0.02501486381143821 0.0067828077662333399 0.0089706918322148069 -0.012011925223950481 0.0026838682923954965 -0.013094286080738038
leaf_weight=87.882058367133141 27.212683036923409 109.22284190356731 116.13985349237919 77.211329981684685 23.236754044890404 54.688962623476982 268.09630213677883 54.65725465118885 15.245630666613577 248.37948901951313 31.232190236449242 16.737773090600967 60.959585517644882 26.720046982169151
leaf_count=352 109 437 465 309 93 219 1073 219 61 994 125 67 244 107
internal_value=0.000301422 0.00124514 0.000261564 -0.00497308 0.00241152 -0.00694962 0.00380535 -0.0130331 0.00500233 0.00828316 -0.00487457 0.00120663 -0.00845524 -0.00257149
internal_weight=1217.62 1081.06 971.841 281.031 690.81 136.559 602.928 81.8699 531.721 263.625 71.2067 47.97 203.819 87.6796
internal_count=4874 4327 3890 1125 2765 547 2413 328 2128 1055 285 192 816 351
is_linear=0
shrinkage=0.03


Tree=7
num_leaves=15
num_cat=0
split_feature=23 10 8 8 22 13 21 42 11 26 11 3 18 20
split_gain=10.5811 8.42116 6.56494 15.419 13.0732 9.10236 10.3037 9.45588 8.48888 7.01541 6.80218 6.6763 6.47811 6.31333
threshold=0.12916666666666668 -17.774999999999995 3.9000000000000004 4.9000000000000012 0.38675213675213682 21.225000000000005 14.004165876838968 1.5000000000000002 17.100000000000005 0.13809523809523813 15.450000000000001 0.024654072568023103 8.5500000000000025 11.12879141876874
decision_type=8 8 8 8 8 10 10 10 10 8 10 2 10 8
left_child=-1 -2 4 -4 8 6 -5 -7 10 -8 -3 -9 -10 -11
right_child=1 2 3 5 -6 7 9 11 12 13 -12 -13 -14 -15
leaf_value=-0.0097672380701655705 0.010284088612398842 0.0020661478413676322 0.018067905802459015 0.0080779960634175477 -0.0053199148618877732 -0.024472546207033943 0.0063816236614029605 0.012304157413663299 0.0093859931931151511 -0.023697824357651939 -0.013438045484342152 -0.010256422373860393 -0.0063433480767863979 -0.0036208438642602739
leaf_weight=94.796347618103027 67.947961553931236 66.454047948122025 47.477737009525299 142.95392033457756 411.4256796836853 19.239925429224968 33.982180967926979 15.989525169134138 148.14319244027138 15.486246541142462 35.226999789476395 21.988418683409691 24.228971466422081 52.971357464790344
leaf_count=380 272 266 190 572 1647 77 136 64 593 62 141 88 97 212
internal_value=-0.000412085 0.00043199 -0.000260757 0.00305546 -0.00196428 0.000444708 0.00298952 -0.00983253 0.00307846 -0.00415689 -0.00368329 -0.000431528 0.00705856 -0.00946648
internal_weight=1198.31 1103.52 1035.57 350.089 685.479 302.612 245.394 57.2179 274.053 102.44 101.681 37.9779 172.372 68.4576
internal_count=4797 4417 4145 1401 2744 1211 982 229 1097 410 407 152 690 274
is_linear=0
shrinkage=0.03


Tree=8
num_leaves=15
num_cat=0
split_feature=26 39 18 25 15 10 8 41 1 15 19 26 25 10
split_gain=7.55629 7.79416 6.09515 8.48539 13.4252 9.20423 8.60308 9.78215 7.89121 7.79993 6.91776 6.6039 8.0127 6.88897
threshold=-12.47222222222222 827.46038218717217 3.9500000000000006 5.1483516483516496 1.1500000000000001 0.80000000000000027 5.4500000000000011 68.500000000000014 42.750000000000007 4.5500000000000007 6.9500000000000011 12.309523809523812 11.516666666666667 10.700000000000003
decision_type=8 2 8 8 10 10 10 10 2 10 10 10 10 8
left_child=1 -1 11 4 8 -6 7 -5 -4 -8 -10 12 13 -2
right_child=2 -3 3 6 5 -7 9 -9 10 -11 -12 -13 -14 -15
leaf_value=-0.020134464330245062 0.00069315865676648455 0.0013855415875145406 -0.0009725993674262706 0.023397956173229914 0.016548006682288757 -0.0056493169084881559 -0.015363166088378724 -0.0036466366840426021 -0.018700666357436436 0.0040044034835871392 0.0010113489322366991 0.012824477170576836 -0.011887921601045775 0.009414953915932207
leaf_weight=28.670260384678841 657.79200831055641 26.435710847377777 50.197116672992706 25.979878261685371 27.977302134037018 30.477551221847534 23.978131964802742 17.738199040293694 88.856508702039719 48.724376782774925 18.722840160131454 40.741137444972992 35.727873980998993 88.20255520939827
leaf_count=115 2633 106 201 104 112 122 96 71 356 195 75 163 143 353
internal_value=-0.000183279 -0.0105543 0.000354838 -0.00304367 -0.00650716 0.00544142 0.00339223 0.0131768 -0.0109652 -0.0029608 -0.0153775 0.00173948 0.00108392 0.0017802
internal_weight=1210.22 55.106 1155.12 332.652 216.231 58.4549 116.421 43.7181 157.776 72.7025 107.579 822.464 781.722 745.995
internal_count=4845 221 4624 1332 866 234 466 175 632 291 431 3292 3129 2986
is_linear=0
shrinkage=0.03


Tree=9
num_leaves=15
num_cat=0
split_feature=20 1 41 39 42 26 22 42 23 25 8 26 8 8
split_gain=10.5582 9.2348 9.08931 8.63807 7.98501 7.38246 6.85876 7.78717 8.33537 6.6641 6.47739 7.56436 6.8838 6.29064
threshold=14.560219778561033 41.250000000000007 73.500000000000014 1118.1677279609059 12.500000000000002 3.1602564102564106 0.38675213675213682 10.500000000000002 0.87867647058823539 -6.4807692307692299 6.7000000000000002 -2.7416666666666663 11.700000000000001 1.3
decision_type=8 2 10 2 8 10 10 10 10 10 8 10 8 10
left_child=6 3 4 5 10 -2 9 8 13 -1 -3 -12 -13 -8
right_child=1 2 -4 -5 -6 -7 7 -9 -10 -11 11 12 -14 -15
leaf_value=-0.0021387062697249821 0.0099132107770610392 0.0082639125129671219 -0.011003237418930341 0.020690664210610336 -0.0080800556738703042 -0.0073571515728903638 -0.012617883172814943 0.0036493072502155077 0.007955134563496221 0.0068247837514627497 -0.017444854710320968 -0.0060169136763695294 0.015579723058852182 -0.0040051220411100302
leaf_weight=165.57312642037868 68.455510273575783 174.09511739015579 42.444510743021965 43.725792810320854 42.960021212697029 27.740664571523666 124.82070350646973 91.169176295399666 30.988984853029251 128.39052097499371 16.730994746088982 25.488126575946808 18.994583874940872 203.32568483054638
leaf_count=663 274 697 170 175 172 111 500 365 124 514 67 102 76 814
internal_value=0.000485656 0.00403153 0.00117206 0.0103191 0.0031906 0.00481542 -0.00172118 -0.00403067 -0.00600363 0.00182482 0.00537357 -0.00285001 0.0038475 -0.00742146
internal_weight=1204.9 460.635 320.713 139.922 278.269 96.1962 744.268 450.305 359.135 293.964 235.309 61.2137 44.4827 328.146
internal_count=4824 1844 1284 560 1114 385 2980 1803 1438 1177 942 245 178 1314
is_linear=0
shrinkage=0.03


Tree=10
num_leaves=15
num_cat=0
split_feature=24 13 41 19 41 2 24 12 21 10 41 22 39 42
split_gain=7.37648 10.1835 6.70711 7.62696 6.16362 6.06177 11.1479 5.47792 6.77314 6.19541 6.51875 5.95255 5.87068 5.48607
threshold=-0.46547619047619043 28.700000000000006 40.500000000000007 -4.6124999999999989 71.500000000000014 0.57598002417470484 -0.21428571428571427 16.100000000000005 10.163114133418411 11.100000000000003 65.500000000000014 0.22474747474747478 505.30174615299876 1.5000000000000002
decision_type=8 8 8 10 8 2 10 8 8 10 10 8 2 10
left_child=1 4 3 -2 -1 6 -5 8 -4 10 11 -9 -13 -11
right_child=2 -3 7 5 -6 -7 -8 9 -10 13 -12 12 -14 -15
leaf_value=0.016074025889964733 0.016961153929857337 -0.0079297090283779962 0.0051714123595111754 -0.0075107147878960973 -0.00074019416792081994 -0.0041170869567706981 0.020963138297645238 0.0075794092434829461 -0.010248378522181628 -0.0035729255481412761 0.00077813784999711396 -0.012598565238688483 -0.0032711312662825737 0.011472579933283404
leaf_weight=66.234043121337891 31.485848873853683 28.451161786913872 29.218615606427193 17.734059274196625 26.492064654827118 71.695980072021484 24.72539709508419 26.71828930079937 115.57081806659698 30.22163724899292 400.57813166081905 86.173424810171127 198.33360040187836 58.709238782525063
leaf_count=265 126 114 117 71 106 287 99 107 463 121 1604 345 794 235
internal_value=-8.17347e-05 0.00678767 -0.000872085 0.005015 0.0114781 0.00114661 0.00953211 -0.0018005 -0.0070679 -0.000810092 -0.00175471 -0.0049755 -0.00626508 0.0064416
internal_weight=1212.34 121.177 1091.17 145.641 92.7261 114.155 42.4595 945.524 144.789 800.734 711.803 311.225 284.507 88.9309
internal_count=4854 485 4369 583 371 457 170 3786 580 3206 2850 1246 1139 356
is_linear=0
shrinkage=0.03


Tree=11
num_leaves=15
num_cat=0
split_feature=23 10 22 11 26 4 21 3 22 8 21 10 17 11
split_gain=8.05277 5.92311 10.4256 7.06513 6.5194 6.16503 5.77825 5.22513 5.02208 10.8945 7.39606 7.36152 10.0829 7.64697
threshold=0.12916666666666668 -17.774999999999995 0.13484848484848486 17.500000000000004 -2.5634920634920628 103.3739525071078 10.25372557797346 0.04321008698308982 0.37980769230769235 1.1000000000000003 10.25372557797346 15.100000000000003 11.250000000000002 28.100000000000005
decision_type=8 10 8 10 8 2 10 2 10 10 8 10 10 10
left_child=6 2 -2 4 5 -3 -1 8 -5 -10 -11 13 -13 -12
right_child=1 3 -4 7 -6 -7 -8 -9 9 10 11 12 -14 -15
leaf_value=0.0035506133856434427 -0.010701532072134432 0.0091282849506353226 0.014020695839199879 0.0048576697977251258 -0.0086497531073995281 -0.010158286492621186 -0.012713205993834418 0.01577321794231119 -0.0060235442791118487 0.010887997766791759 0.0018815162828519814 0.025913345542072766 -0.00022453292155230045 -0.0082323337421520097
leaf_weight=24.703553438186646 15.977955386042593 41.461805492639542 60.946701407432556 214.09052203595638 130.1474671959877 17.232927232980728 65.516113236546516 16.989960640668869 204.2048028409481 69.976505234837532 210.86866806447506 17.742715954780579 31.729037463665009 92.918560564517975
leaf_count=99 64 166 244 857 521 69 263 68 818 280 844 71 127 372
internal_value=7.12131e-05 0.000777362 0.00854593 0.000168899 -0.00500781 0.00311279 -0.00830732 0.00132998 0.00094694 -0.000415304 0.00232932 0.000505654 0.0106678 -0.00129519
internal_weight=1214.51 1124.29 76.9247 1047.36 188.842 58.6947 90.2197 858.521 841.531 627.44 423.235 353.259 49.4718 303.787
internal_count=4863 4501 308 4193 756 235 362 3437 3369 2512 1694 1414 198 1216
is_linear=0
shrinkage=0.03


Tree=12
num_leaves=15
num_cat=0
split_feature=17 23 22 13 18 23 0 18 25 39 25 13 15 15
split_gain=11.019 6.01319 6.9643 6.50264 8.4953 11.0513 7.6784 8.82681 7.78477 7.38587 7.03187 10.3121 6.893 7.65955
threshold=16.350000000000005 0.12916666666666668 0.89444444444444449 28.900000000000002 -2.7499999999999996 0.81534090909090928 7.7500000000000009 -5.6499999999999995 5.4142857142857155 1167.3109539846942 -5.6547619047619042 24.300000000000001 -2.4499999999999997 -5.5499999999999989
decision_type=10 8 8 10 8 8 2 10 10 2 10 10 10 10
left_child=1 2 -1 4 6 10 8 -8 -3 -5 12 -12 13 -6
right_child=-2 3 -4 9 5 -7 7 -9 -10 -11 11 -13 -14 -15
leaf_value=-0.011463293592937096 -0.016393011324877162 -0.0015706211496193869 0.0079311641552829368 -0.010024109548151016 0.012457212801710721 0.011510826177406126 0.023209118348150991 -0.0033187545221287115 -0.014607107902059978 0.0061916466240861277 0.0033207535368646639 -0.0063242487652906583 0.01962685616229733 -0.0089860830681531764
leaf_weight=65.282992035150528 30.930359065532684 233.83096499741077 17.935365915298462 83.812239050865173 25.983479872345924 128.43954314291477 16.741664305329323 21.236785009503365 45.474400907754898 31.437786772847176 319.53498697280884 139.06429164111614 31.480506747961044 24.234525412321091
leaf_count=262 124 936 72 336 104 514 67 85 182 126 1279 557 126 97
internal_value=-2.49375e-05 0.00046959 -0.00707076 0.00106876 0.00186373 0.00377278 -0.00215607 0.0097149 -0.00391269 -0.00552726 0.00184461 0.000359367 0.00968023 0.00223231
internal_weight=1215.42 1184.49 83.2184 1101.27 986.021 668.737 317.284 37.9784 279.305 115.25 540.298 458.599 81.6985 50.218
internal_count=4867 4743 334 4409 3947 2677 1270 152 1118 462 2163 1836 327 201
is_linear=0
shrinkage=0.03


Tree=13
num_leaves=15
num_cat=0
split_feature=7 14 19 42 13 2 3 1 23 7 26 21 22 25
split_gain=7.18484 9.71048 9.95734 5.98098 5.85005 6.85426 5.71343 5.14184 5.00018 8.1091 6.45031 8.79497 6.79417 10.6198
threshold=-2.9129911582488415 16.300000000000001 1.2500000000000002 10.500000000000002 30.300000000000001 0.28021319540351891 0.024325103587514166 38.250000000000007 0.12916666666666668 2.2409625321198341 1.6794871794871797 11.645933897953119 0.36038961038961043 0.37980769230769235
decision_type=2 8 8 8 8 2 2 2 8 2 8 10 10 10
left_child=1 -1 7 6 5 -2 -4 -3 9 -7 11 -10 -13 -14
right_child=4 2 3 -5 -6 8 -8 -9 10 -11 -12 12 13 -15
leaf_value=0.0096241721858564156 0.010161708513697942 0.00064117590830045732 -0.016930133436844286 0.0127862309924167 -0.0071843255310214665 -0.012761740155882705 0.0014899572507754686 -0.01767094435266767 0.0097161985054412155 0.0087711095838498218 -0.001519036013098065 0.0086152880388236514 -0.011088579255774614 0.0028101739273521586
leaf_weight=28.477353662252426 68.68859001994133 16.225703358650208 17.976665481925011 18.474629461765289 72.827032923698425 50.276414334774017 42.437293723225594 75.896682247519493 144.15949255228043 17.9533371925354 379.92781291902065 67.207867830991745 70.650292411446571 138.87998516857624
leaf_count=114 275 65 72 74 292 202 170 304 577 72 1521 269 283 556
internal_value=-0.000307974 -0.00543741 -0.00814766 -0.000216554 0.000726369 0.00137557 -0.00486622 -0.0145786 0.000626977 -0.00688377 0.00130563 0.00384324 0.000665743 -0.00202548
internal_weight=1210.06 199.488 171.011 78.8886 1010.57 937.744 60.414 92.1224 869.055 68.2298 800.825 420.898 276.738 209.53
internal_count=4846 799 685 316 4047 3755 242 369 3480 274 3206 1685 1108 839
is_linear=0
shrinkage=0.03


Tree=14
num_leaves=15
num_cat=0
split_feature=3 0 17 10 1 14 25 41 35 20 20 4 20 10
split_gain=6.7651 6.30486 5.67542 6.69707 7.48327 8.72783 6.23393 6.30271 10.5654 6.08638 6.64267 6.507 6.01415 9.35711
threshold=0.043482987795078316 -8.2499999999999982 16.750000000000004 10.300000000000002 37.250000000000007 17.633333333333336 10.566964285714286 43.500000000000007 1.0000000180025095e-35 10.004720240951841 11.290359571607643 167.75647640112837 14.682188755995023 1.6000000000000005
decision_type=2 2 10 10 2 8 10 8 2 8 10 2 10 10
left_child=1 -1 3 4 -3 -6 7 8 -7 -5 -11 -12 -9 -14
right_child=-2 2 -4 9 5 6 -8 12 -10 10 11 -13 13 -15
leaf_value=0.010626150256304196 0.017364930326054576 -0.0091633185503171132 -0.012942210826628541 0.019214302158321671 0.0056016975866301326 0.013949087577759998 -0.013943909216099172 -0.0044077135644946929 -0.0062656321114339013 -0.013182118472686714 -0.0034814772727789892 0.010106363508965144 -0.0030879332142113225 0.010122760347388212
leaf_weight=43.946103170514107 15.737721502780913 86.169198498129845 26.421492278575897 19.96166880428791 183.10748359560966 54.44270458817482 30.464240372180939 371.92284420132637 34.45883384346962 15.226912558078764 46.20855313539505 83.649241805076599 120.59045939147472 73.672333285212517
leaf_count=176 63 345 106 80 733 218 122 1490 138 61 185 335 483 295
internal_value=0.000377476 8.11606e-05 -0.000367501 -1.46137e-05 -0.000986704 -0.0001278 -0.0016876 -0.00101633 0.00619731 0.00547279 0.00300501 0.00532146 -0.00219334 0.00205039
internal_weight=1205.98 1190.24 1146.3 1119.87 954.828 868.659 685.551 655.087 88.9015 165.046 145.085 129.858 566.186 194.263
internal_count=4830 4767 4591 4485 3824 3479 2746 2624 356 661 581 520 2268 778
is_linear=0
shrinkage=0.03


Tree=15
num_leaves=15
num_cat=0
split_feature=17 14 23 21 7 19 22 23 23 21 10 11 27 5
split_gain=8.40339 7.59145 12.5453 9.85298 5.51975 7.99828 8.32301 5.21819 7.72963 7.51897 7.4988 6.04671 5.60803 5.15774
threshold=16.350000000000005 16.100000000000005 0.69615384615384623 13.187746755709068 -3.8022804231370353 2.1500000000000008 0.45643939393939398 0.12916666666666668 0.24038461538461542 10.25372557797346 13.450000000000001 22.900000000000002 3.5000000000000004 0.29726429250482217
decision_type=10 10 8 8 2 10 8 8 8 10 10 10 2 2
left_child=1 2 3 -1 5 -3 -7 9 11 -6 13 -9 -11 -10
right_child=-2 4 -4 -5 7 6 -8 8 10 12 -12 -13 -14 -15
leaf_value=0.010349813735114989 -0.013761946890329236 -0.012455066178419474 0.015021978228128518 -0.011293938161000614 0.0070107037161794327 -0.010159138364211239 0.015505589927698788 0.018315881248433835 0.0081735107018800907 -0.003364854694403922 0.011189955917737268 -0.0019044157463008371 -0.022678990140465385 -0.00093068615780722737
leaf_weight=27.984190464019775 31.38319756090641 65.373703464865685 77.69087390601635 39.70537368953228 22.205876052379608 15.97398668527603 20.472966194152832 35.719409272074699 55.936225950717926 32.094701901078224 50.97431568801403 18.478612527251244 21.386219218373299 687.24788223206997
leaf_count=112 126 262 311 159 89 64 82 143 224 129 204 74 86 2752
internal_value=0.000440609 0.000878045 0.00717288 -0.00224956 -4.44926e-05 -0.00650261 0.00438864 0.000698296 0.00138424 -0.00659958 0.000600816 0.0118433 -0.012367 -0.00019541
internal_weight=1202.63 1171.24 145.38 67.6896 1025.86 101.821 36.447 924.043 848.356 75.6868 794.158 54.198 53.4809 743.184
internal_count=4817 4691 582 271 4109 408 146 3701 3397 304 3180 217 215 2976
is_linear=0
shrinkage=0.03


Tree=16
num_leaves=15
num_cat=0
split_feature=10 2 42 4 20 26 41 11 24 11 23 10 12 8
split_gain=7.93576 7.15513 6.82084 6.25831 5.8956 6.07889 5.25886 8.66607 11.8765 7.40205 4.56893 8.75818 5.77954 9.56565
threshold=22.700000000000006 0.28021319540351891 1.5000000000000002 255.52292230805884 12.534618726453397 -5.7817460317460307 68.500000000000014 30.100000000000005 0.15384615384615385 21.700000000000006 0.90454545454545465 4.5000000000000009 21.100000000000005 -11.899999999999999
decision_type=10 2 8 2 10 10 8 8 8 10 8 8 8 8
left_child=1 2 -1 6 -5 -6 10 8 9 -8 12 -12 -3 -14
right_child=-2 3 -4 4 5 -7 7 -9 -10 -11 11 -13 13 -15
leaf_value=0.019026767278961298 -0.016294760961651004 0.0027177241610958939 0.0019660275268449947 -0.0013608505960928249 0.0035340185195945817 0.025957184023481766 -0.0059893237245513403 0.012655183085294864 -0.014809406219239216 0.0071158522640862015 0.012714092848713958 -0.0094504426440751247 0.016694127786358579 -0.0039263523805727878
leaf_weight=28.713269487023354 21.665269792079926 277.82129053771496 59.924854293465614 36.947623640298843 24.965719640254974 17.235793188214302 100.59453304111958 19.229047641158104 87.309579432010651 56.413619607686996 55.460640341043472 17.7398651689291 16.472484573721886 381.77086201310158
leaf_count=115 87 1113 240 148 100 69 403 77 350 226 222 71 66 1529
internal_value=-0.000110144 0.000254329 0.00821352 -0.000426238 0.0074391 0.0144715 -0.00107442 -0.00467649 -0.00626702 -0.00120629 0.000215172 0.0070818 -0.000574841 -0.00287701
internal_weight=1202.26 1180.6 88.6381 1091.96 79.1491 42.2015 1012.81 263.547 244.318 157.008 749.265 73.2005 676.065 398.243
internal_count=4816 4729 355 4374 317 169 4057 1056 979 629 3001 293 2708 1595
is_linear=0
shrinkage=0.03


Tree=17
num_leaves=15
num_cat=0
split_feature=13 18 20 14 0 15 23 18 18 3 12 20 18 18
split_gain=10.1004 6.45517 6.89031 6.83045 7.35343 6.20096 6.17121 6.20866 5.97517 5.68117 7.06385 5.64689 6.51779 7.98147
threshold=29.100000000000005 -2.9499999999999997 14.560219778561033 18.700000000000006 9.2500000000000018 -0.14999999999999999 0.74342105263157909 0.15000000000000005 6.4500000000000011 0.024701976161650267 27.675000000000004 14.150382798120106 0.15000000000000005 2.2500000000000004
decision_type=10 8 8 10 2 10 8 10 10 2 10 10 10 10
left_child=1 3 6 5 9 -1 11 -8 -2 10 -5 12 -3 -14
right_child=8 2 -4 4 -6 -7 7 -9 -10 -11 -12 -13 13 -15
leaf_value=0.012573843349947933 -0.015436920981554221 -0.0065023135447727382 0.0060970953409922842 -0.016809334401765859 0.0073760851378844401 -0.0030198303863666056 0.01507537218188785 0.00083767061640544621 -0.0019611381071964148 -0.0028148973243197119 0.0037123809738706221 -0.013819845850974065 0.0099282813497288368 -0.0016798934335494286
leaf_weight=40.215121254324913 49.860864654183388 105.58384391665459 292.66266755759716 68.634450852870941 33.426404520869255 43.466845348477364 39.469203725457191 74.189549803733826 68.045363903045654 129.33869023621082 16.980450183153152 26.455659747123718 76.382881253957748 151.22438532114029
leaf_count=161 200 423 1172 275 134 174 158 297 273 518 68 106 306 606
internal_value=0.000102022 0.00101058 0.00252071 -0.00245858 -0.00493669 0.00476045 0.000268684 0.00620877 -0.00805602 -0.00697554 -0.0127589 -0.00166795 -0.000513021 0.00234538
internal_weight=1215.94 1098.03 765.968 332.062 248.38 83.682 473.306 113.659 117.906 214.954 85.6149 359.647 333.191 227.607
internal_count=4871 4398 3068 1330 995 335 1896 455 473 861 343 1441 1335 912
is_linear=0
shrinkage=0.03


Tree=18
num_leaves=15
num_cat=0
split_feature=2 17 42 4 1 10 12 0 9 27 1 14 14 25
split_gain=7.91931 7.19932 6.60465 6.01626 5.5662 6.91542 6.85302 6.39686 5.57091 5.19235 5.15056 5.23127 5.00422 5.57159
threshold=0.28021319540351891 16.750000000000004 11.500000000000002 255.52292230805884 40.250000000000007 5.9000000000000021 32.900000000000006 4.7500000000000009 8.1000000000000014 6.5000000000000009 46.250000000000007 20.700000000000006 18.450000000000003 -5.1602564102564097
decision_type=2 8 8 2 2 10 10 2 10 2 2 10 10 10
left_child=2 3 -1 4 5 7 -6 8 12 -7 11 -5 -2 -14
right_child=1 -3 -4 10 6 9 -8 -9 -10 -11 -12 -13 13 -15
leaf_value=0.012653226405691265 0.012585206209680021 -0.012988966661396952 -0.0062754103189869544 0.014901219333605805 -0.0025157350235348896 -0.0014914949021182691 0.011287612448954034 -0.010599911258949275 -0.0096462166494922369 0.017982291403516589 0.017140716751602399 -0.0032603573133609663 -0.0071442861133250851 0.008693774953964532
leaf_weight=69.896337926387787 49.468861013650894 34.843689426779747 17.974681541323662 14.983333811163901 729.31384918093681 16.464357942342758 28.968771785497665 32.952811539173126 20.73638328909874 36.718921035528183 26.713979303836823 45.670271649956703 36.939509347081184 33.209050193428993
leaf_count=280 198 140 72 60 2922 66 116 132 83 147 107 183 148 133
internal_value=0.000236632 -0.000467255 0.00865184 -1.90507e-06 -0.000685233 0.00339405 -0.00191792 0.00037856 0.00323209 0.0123435 0.00732046 0.00201928 0.00576207 0.000433182
internal_weight=1194.85 1106.98 87.871 1072.14 984.773 226.49 758.283 173.307 140.354 53.1833 87.3676 60.6536 119.617 70.1486
internal_count=4787 4435 352 4295 3945 907 3038 694 562 213 350 243 479 281
is_linear=0
shrinkage=0.03


Tree=19
num_leaves=15
num_cat=0
split_feature=39 21 41 18 42 39 21 20 20 8 19 16 18 7
split_gain=9.05937 9.54995 8.49157 7.62751 6.89709 6.74925 7.83352 7.18792 6.50458 6.79737 8.32526 8.92414 6.08744 5.94435
threshold=1152.5204640180598 10.521142704910529 77.500000000000014 -5.1499999999999995 19.500000000000004 2282.6337519355907 12.359881337078702 12.172829489390592 13.951503281373521 -0.63333333333333319 5.9500000000000011 4.1500000000000012 -0.24999999999999997 3.4914324291369443
decision_type=2 8 8 10 8 2 8 8 10 10 10 10 10 2
left_child=1 2 3 -1 5 6 7 -2 -3 10 11 -10 -7 -11
right_child=4 8 -4 -5 -6 12 -8 -9 9 13 -12 -13 -14 -15
leaf_value=-0.0088742388627237045 0.0099170692388857277 -0.0059300081308793062 -0.01134324837799983 0.010234142417527492 -0.012314962646432363 0.0058838666543365491 0.010144945362244872 -0.0055150273532422875 -0.012849953192339251 0.0061664447810958157 0.0095663129985786664 0.0064426823305453332 -0.011691415031781012 -0.011415437151394101
leaf_weight=18.228076189756393 37.459361389279366 392.18699172139168 20.972921058535576 117.87180745601654 18.216999113559723 27.714727431535721 187.70818899571896 70.407681629061699 85.055773258209229 141.0844609439373 24.711968794465065 24.96418921649456 34.94378624856472 14.985523641109465
leaf_count=73 150 1572 84 472 73 111 752 282 341 565 99 100 140 60
internal_value=-0.000168684 -0.00190026 0.00466913 0.00745115 0.00366963 0.00464082 0.00652153 4.60453e-05 -0.00343403 -2.45112e-05 -0.00486595 -0.00838257 -0.00405729 0.00417631
internal_weight=1216.51 840.062 157.073 136.1 376.451 358.234 295.575 107.867 682.989 290.802 134.732 110.02 62.6585 156.07
internal_count=4874 3366 629 545 1508 1435 1184 432 2737 1165 540 441 251 625
is_linear=0
shrinkage=0.03


Tree=20
num_leaves=15
num_cat=0
split_feature=20 7 20 22 39 39 22 25 24 22 39 41 23 12
split_gain=7.1211 5.45572 7.65908 6.5467 5.4403 7.43998 8.25445 7.51037 9.22294 6.30711 5.48936 5.30779 6.10934 5.45875
threshold=14.560219778561033 4.7965903792963767 14.350570872104756 0.63961038961038974 178.36753681358059 1085.6334291812041 0.87867647058823539 -7.3205128205128194 0.18118686868686873 0.38675213675213682 1866.1069623125854 82.500000000000014 0.12916666666666668 26.700000000000006
decision_type=10 2 8 8 2 2 10 8 10 8 2 8 8 10
left_child=1 2 4 -3 -1 6 9 -7 10 -6 -9 12 -2 -14
right_child=11 3 -4 -5 5 7 -8 8 -10 -11 -12 -13 13 -15
leaf_value=0.010379669807230743 -0.0081427484347598358 -0.001444878224950237 -0.014858671064123639 0.019071109903646081 -8.9117906153072114e-05 -0.0098501890643144536 0.0096721916733964724 0.013633961297965772 -0.004978555780693875 -0.0079195497279103202 0.0011565703418902383 -0.0066458463613649835 0.0076954082361985988 -0.00087451138190342101
leaf_weight=31.202607914805412 26.362072005867958 28.955857142806053 32.684690952301025 20.975762650370598 145.21437700092793 30.941452905535698 32.681875675916672 85.394401207566261 54.618422701954842 250.95379334688187 50.435151889920235 35.905535385012627 291.46502377092838 85.154598847031593
leaf_count=125 106 116 131 84 582 124 131 342 219 1006 202 144 1167 341
internal_value=0.000751068 -0.000998758 -0.00168875 0.00812509 -0.000953443 -0.00157233 -0.00386299 0.00285219 0.00511509 -0.00508621 0.00920651 0.00377428 0.00477277 0.00577166
internal_weight=1202.95 764.058 714.127 49.9316 681.442 650.239 428.85 221.389 190.448 396.168 135.83 438.887 402.982 376.62
internal_count=4820 3062 2862 200 2731 2606 1719 887 763 1588 544 1758 1614 1508
is_linear=0
shrinkage=0.03


Tree=21
num_leaves=15
num_cat=0
split_feature=19 1 41 8 19 10 23 22 41 18 1 22 3 15
split_gain=8.81136 6.65443 8.90286 6.66574 5.85365 5.59026 5.14273 5.68275 4.32927 6.54817 5.51423 5.32793 6.48228 4.7745
threshold=11.050000000000002 40.250000000000007 82.500000000000014 -8.4999999999999982 9.2500000000000018 16.083333333333339 0.45643939393939398 0.64495798319327746 47.500000000000007 8.2250000000000014 45.750000000000007 0.4045454545454546 0.024327165659039366 2.3500000000000001
decision_type=10 2 8 8 8 10 10 8 8 10 2 10 2 10
left_child=1 2 3 -1 8 6 7 -5 9 10 11 -3 -13 -14
right_child=-2 4 -4 5 -6 -7 -8 -9 -10 -11 -12 12 13 -15
leaf_value=-0.0053002071465751664 0.010730440476744986 0.010732514511158781 -0.013220367133789832 0.0080009741074900213 -0.01353062451603553 -0.0083065081143212632 0.0038173986491989715 0.025520407064821352 -0.0026318185532702063 -0.01130638644559211 0.013209237983392822 -0.017895349827689755 -0.0057990813562782588 0.012470706392274608
leaf_weight=42.411394447088242 56.156901359558105 26.710044920444489 21.957308411598206 59.404339656233788 34.183424741029739 14.959866076707838 96.415741041302681 23.467483103275299 710.84810826182365 20.216325178742409 45.939338505268097 16.226216226816177 25.465896263718605 17.485607281327248
leaf_count=170 225 107 88 238 137 60 386 94 2849 81 184 65 102 70
internal_value=-0.000370192 -0.000953491 0.00324514 0.00501474 -0.00217518 0.00734337 0.00883914 0.0141319 -0.00164998 0.00287805 0.00538698 0.000706532 -0.00430232 0.00216338
internal_weight=1211.85 1155.69 258.616 236.659 897.075 194.247 179.288 82.8718 862.892 152.043 131.827 85.8878 59.1777 42.9515
internal_count=4856 4631 1036 948 3595 778 718 332 3458 609 528 344 237 172
is_linear=0
shrinkage=0.03


Tree=22
num_leaves=15
num_cat=0
split_feature=23 7 24 23 23 25 18 10 16 3 39 21 4 1
split_gain=8.50087 11.2405 6.19087 5.37785 5.34558 4.64784 6.27502 4.58037 6.01772 9.26063 4.6263 11.259 10.6835 8.49934
threshold=0.12916666666666668 2.2409625321198341 0.96428571428571441 0.20714285714285716 0.74342105263157909 10.861904761904764 3.1500000000000008 19.700000000000006 -8.7499999999999982 0.024712117453311148 1101.99528990884 12.838743185861992 44.752898032704145 47.250000000000007
decision_type=8 2 8 8 10 10 10 8 10 2 2 8 2 2
left_child=1 2 -1 -2 5 7 -7 8 9 -5 -10 12 -12 -13
right_child=3 -3 -4 4 -6 6 -8 -9 10 -11 11 13 -14 -15
leaf_value=-0.019284826794581027 0.0092830562952333825 0.0085631725834057447 0.001317368534185906 -0.025686645646986986 0.0037870389913248121 -0.017537557564130127 0.0033384233857707969 0.011541129401279439 -0.0022040754098612758 0.00095257597756705735 -0.014881134255540352 0.012378502696062839 0.0038020712983910013 -0.005047430229424275
leaf_weight=53.33792732656002 50.678080663084984 21.18624521791935 16.14934928715229 17.20260064303875 223.73315800726414 29.707610726356506 18.470111727714539 21.215680032968521 488.66464568674564 24.20657916367054 43.944517120718956 104.13706777989864 59.445806071162224 29.702575594186783
leaf_count=215 203 85 65 69 896 119 74 85 1958 97 176 417 238 119
internal_value=-0.000543362 -0.00912413 -0.0147297 0.000194621 -0.000281242 -0.00138514 -0.00997285 -0.000800903 -0.00121467 -0.0116893 -0.000541257 0.00285874 -0.00445909 0.00846872
internal_weight=1201.78 90.6735 69.4873 1111.11 1060.43 836.697 48.1777 788.519 767.304 41.4092 725.895 237.23 103.39 133.84
internal_count=4816 365 280 4451 4248 3352 193 3159 3074 166 2908 950 414 536
is_linear=0
shrinkage=0.03


Tree=23
num_leaves=15
num_cat=0
split_feature=39 21 39 26 20 25 21 12 25 5 21 21 20 8
split_gain=8.93617 10.8784 10.6483 8.93509 9.2868 7.03754 6.51834 5.72468 5.54912 10.1703 6.93511 7.0276 5.42209 5.68775
threshold=1209.0879194799502 13.04744090913576 1842.9787499682704 9.6201923076923084 16.448741618004174 11.516666666666667 13.63981101205014 32.500000000000007 6.0312500000000009 0.62607767335945341 13.216361911587009 16.061167590837965 13.978952409938715 7.9000000000000012
decision_type=2 8 2 8 10 8 8 10 8 2 10 10 10 10
left_child=1 5 3 4 6 -1 -2 12 9 10 -4 -12 -3 -14
right_child=2 7 8 -5 -6 -7 -8 -9 -10 -11 11 -13 13 -15
leaf_value=0.0027048664240279141 0.0017214946875262897 -0.00897374930192631 -0.013856647545988586 0.020534451810086823 -0.0074375039136228838 -0.01029006906145406 0.015410258712692856 0.0079519339062268744 -0.011454382107871142 0.01353506642671492 0.014009126330454869 -0.0086005368005970303 0.00033611744134773725 -0.012687945139533082
leaf_weight=354.36624057590961 64.903673365712166 255.78503246605396 35.925000891089439 35.455020353198051 39.696844607591629 36.945879116654396 58.160364225506783 23.219756945967674 40.428580775856972 33.9293043166399 20.719694256782532 19.218734860420227 154.19252197444439 32.448860198259354
leaf_count=1420 260 1026 144 142 159 148 233 93 162 136 83 77 618 130
internal_value=-0.00067219 -0.00231687 0.00334835 0.00783376 0.00453755 0.0013636 0.00853992 -0.00539144 -0.00263181 0.00097431 -0.00513294 0.00338277 -0.00617277 -0.00220016
internal_weight=1205.4 856.958 348.437 198.216 162.761 391.312 123.064 465.646 150.221 109.793 75.8634 39.9384 442.426 186.641
internal_count=4831 3435 1396 794 652 1568 493 1867 602 440 304 160 1774 748
is_linear=0
shrinkage=0.03


Tree=24
num_leaves=15
num_cat=0
split_feature=14 21 44 25 11 20 20 7 28 21 22 26 20 39
split_gain=6.77413 8.79718 7.09972 6.69922 6.28053 9.21255 6.98951 6.83661 6.39057 5.9926 5.94408 5.39469 4.96662 5.16523
threshold=19.500000000000004 9.3600804203024524 1.0000000180025095e-35 -1.0801282051282048 25.500000000000004 13.880842113423007 16.395121001425441 3.0051493409695107 10.500000000000002 12.143814049072132 0.36038961038961043 1.4833333333333336 12.172829489390592 1108.100257756289
decision_type=10 8 2 10 10 10 10 2 2 10 8 10 10 2
left_child=2 3 4 10 7 -6 -7 8 9 11 -2 -1 -11 -14
right_child=1 -3 -4 -5 5 6 -8 -9 -10 12 -12 -13 13 -15
leaf_value=0.0072533682459745381 0.0076904282523786744 -0.0018691876158179756 0.017009081537958621 0.015001222690101639 -0.012290289285533265 0.015930483359970337 -0.0053270784018549762 0.015644726138395411 -0.011608571717189721 0.016229987516390543 -0.013477982420380305 -0.0086608163748246956 -0.001539874698695381 0.014087959920940408
leaf_weight=27.456755355000496 23.723204299807549 738.51571781933308 29.705449417233467 47.44521190226078 48.660804718732834 22.718812137842178 24.226918548345566 41.177864000201225 19.976339057087898 42.187070190906525 15.475728467106817 42.443976432085037 55.91884471476078 23.220177829265594
leaf_count=110 95 2961 119 190 195 91 97 165 80 169 62 170 224 93
internal_value=0.000732867 -0.000792746 0.00403274 0.00798376 0.00269979 -0.00371374 0.00550344 0.00515431 0.0027945 0.00455656 -0.00124613 -0.00234287 0.008467 0.00361018
internal_weight=1202.85 825.16 377.693 86.6441 347.988 95.6065 46.9457 252.381 211.203 191.227 39.1989 69.9007 121.326 79.139
internal_count=4821 3308 1513 347 1394 383 188 1011 846 766 157 280 486 317
is_linear=0
shrinkage=0.03


Tree=25
num_leaves=15
num_cat=0
split_feature=23 1 1 20 23 26 11 7 25 4 5 39 39 18
split_gain=6.59579 5.96324 8.89246 8.55492 8.01599 7.28297 5.81787 6.63095 5.75252 5.54975 8.17967 9.53042 9.42787 8.69158
threshold=0.74342105263157909 40.250000000000007 38.250000000000007 11.587349423689028 0.45643939393939398 -5.5634920634920624 16.500000000000004 -0.032855829892369119 15.071428571428573 132.02214846965867 0.6092947275225401 1794.6209787319315 1388.4028137655416 0.65000000000000002
decision_type=10 2 2 8 8 10 10 2 10 2 2 2 2 10
left_child=1 2 4 -4 5 -1 7 -2 9 10 11 12 -3 -12
right_child=6 8 3 -5 -6 -7 -8 -9 -10 -11 13 -13 -14 -15
leaf_value=-0.0038016962617226087 -0.018110829256714422 -0.0013003848127583378 -0.0037463206666833756 0.01575404935408984 -0.0087894431246809436 0.015316179350153596 0.0065318808495803951 0.0051595114442153037 -0.017732045069089777 0.0015690285436671773 -0.018077829091183446 -0.012243074400464701 0.015002627172513815 -0.0019066943605431613
leaf_weight=34.124891355633736 15.726521342992781 279.83718800544739 26.457408800721169 63.144128814339638 67.659728616476059 29.463679850101471 188.75934651494026 19.95692141354084 16.683919996023178 253.42333996295929 60.343574434518814 58.12176875770092 30.960629567503929 57.593234300613403
leaf_count=137 63 1122 106 253 271 118 756 80 67 1016 242 233 124 231
internal_value=-0.000139298 -0.00120793 0.00308244 0.0101023 -0.00190481 0.00552732 0.00444121 -0.00606165 -0.00247169 -0.00201111 -0.00387169 -0.00161451 0.000535488 -0.0105796
internal_weight=1202.26 977.813 220.85 89.6015 131.248 63.5886 224.443 35.6834 756.964 740.28 486.856 368.92 310.798 117.937
internal_count=4819 3920 885 359 526 255 899 143 3035 2968 1952 1479 1246 473
is_linear=0
shrinkage=0.03


Tree=26
num_leaves=15
num_cat=0
split_feature=41 20 8 17 14 1 39 42 16 14 39 41 3 27
split_gain=5.99311 8.07947 11.0155 6.23163 4.64686 9.25528 7.76872 6.09484 6.03693 5.98738 9.50655 5.63559 4.34558 8.48568
threshold=34.500000000000007 11.250925755086792 1.3 16.750000000000004 20.300000000000001 47.250000000000007 1355.1810456524684 14.500000000000002 6.5500000000000007 14.500000000000002 1008.7888453382922 82.500000000000014 0.023598441959634679 7.5000000000000009
decision_type=8 10 10 10 8 2 2 10 10 10 2 10 2 2
left_child=1 -1 -3 4 5 7 8 9 -7 10 -2 -11 13 -6
right_child=3 2 -4 -5 12 6 -8 -9 -10 11 -12 -13 -14 -15
leaf_value=-0.0070319072928605808 -0.011850887759908236 -0.0020611599904217311 0.022973891652607041 -0.014065211887260521 0.0051074156475414013 -0.0094886337314364477 -0.02252457816162555 -0.0076757250712981562 0.010243072375288645 0.0086579752720493171 0.011626737457322994 -0.0082843675544782697 -0.0010073085887128902 -0.014458671784020206
leaf_weight=21.969668924808502 35.948341816663742 25.456882834434509 33.712292447686195 26.065045908093452 26.675296112895012 26.688037574291229 17.215555459260941 30.955665677785873 19.965168982744217 231.14537559449673 20.213892191648483 15.216626882553099 635.31718277931213 55.353471294045448
leaf_count=88 144 102 135 105 107 107 69 124 80 926 81 61 2547 222
internal_value=-0.000238191 0.00739443 0.0128815 -0.000810976 -0.000439626 0.0021464 -0.00791872 0.00416259 -0.000870346 0.00547905 -0.00314114 0.00746755 -0.00187701 -0.00816801
internal_weight=1221.9 81.1388 59.1692 1140.76 1114.69 397.349 63.8688 333.48 46.6532 302.524 56.1622 246.362 717.346 82.0288
internal_count=4898 325 237 4573 4468 1592 256 1336 187 1212 225 987 2876 329
is_linear=0
shrinkage=0.03


Tree=27
num_leaves=15
num_cat=0
split_feature=2 12 12 12 25 25 26 25 25 25 39 21 26 39
split_gain=6.63344 7.95903 9.03611 7.51017 9.16387 7.38319 6.63797 7.63497 6.39994 6.0736 7.80627 7.7383 8.90918 6.94058
threshold=0.26602793726591073 26.300000000000001 31.900000000000002 25.700000000000006 -8.2403846153846132 -8.9687499999999982 -12.47222222222222 4.4807692307692317 -13.422619047619046 -3.5916666666666663 540.09313180759216 10.846914563854325 0.41421568627450983 1266.6897134950946
decision_type=2 10 10 8 10 10 10 10 8 10 2 10 10 2
left_child=-1 3 5 4 8 -3 7 -6 -2 10 -8 12 13 -11
right_child=1 2 -4 -5 6 -7 9 -9 -10 11 -12 -13 -14 -15
leaf_value=0.0080221456525445285 0.0048772540826172847 0.006063876119438965 0.0060583313452653911 0.012394937423668618 -0.017442796415237351 -0.010411995097587067 0.017879305635631195 0.0066647415053722675 -0.0096942272665666296 0.018705357556817584 0.0023359426472834201 -0.0013447745857181953 -0.0023302555770115391 -0.0026407548679854452
leaf_weight=76.097536399960518 31.140348508954048 24.961369782686234 45.187451973557472 40.161190330982208 28.778653979301453 176.11330051720142 40.909987911581993 14.871091246604918 122.21220505237579 52.925572007894516 84.334465086460114 403.91088956594467 50.443120285868645 16.475827097892761
leaf_count=305 125 100 181 161 116 706 164 60 490 212 338 1619 202 66
internal_value=-0.000268764 -0.000858718 -0.00557194 0.000474984 -0.000160377 -0.00826918 0.0013194 -0.00938871 -0.00667472 0.00210587 0.00790451 0.000657613 0.00718982 0.0138009
internal_weight=1208.52 1132.43 246.262 886.163 846.002 201.075 692.65 43.6497 153.353 649 125.244 523.755 119.845 69.4014
internal_count=4845 4540 987 3553 3392 806 2777 176 615 2601 502 2099 480 278
is_linear=0
shrinkage=0.03


Tree=28
num_leaves=15
num_cat=0
split_feature=9 5 25 39 20 20 15 39 41 10 41 12 3 2
split_gain=6.46204 11.2904 7.72666 6.80877 6.10676 9.91888 9.34747 11.4695 7.64138 6.2609 5.94991 5.91774 5.40878 5.34596
threshold=-8.6999999999999975 0.81893712515405925 -15.121428571428568 1015.4945707717638 15.316113208884937 12.277802882660389 -0.84999999999999998 1084.7828395896918 70.500000000000014 3.3999999999999999 68.500000000000014 31.900000000000002 0.025050890136138374 0.75459383753501419
decision_type=8 2 8 2 10 8 10 2 8 10 10 8 2 2
left_child=3 2 -2 -1 5 6 10 -8 -6 -10 -4 13 -3 -7
right_child=1 12 4 -5 8 11 7 -9 9 -11 -12 -13 -14 -15
leaf_value=-0.009918398107122868 0.014650040631654907 0.020941350069369546 0.0096631136277101504 0.0028477763423824256 0.0058353412353795145 -0.0051618352002973499 -0.0078306979920691657 0.0074031099731049835 -0.012704003887722838 0.007295050091707958 -0.0041166127616496543 0.0072122342858102362 0.0010485416681255027 -0.017375677917365964
leaf_weight=102.26120336353779 27.175368666648865 31.203612893819809 128.9619205147028 55.05804742872715 224.44581133127213 262.92723472416401 129.20038022100925 61.910456836223602 37.145205244421959 17.209285140037537 32.661579966545105 25.69714529812336 19.465659126639366 33.65714231133461
leaf_count=411 109 125 517 221 899 1054 518 248 149 69 131 103 78 135
internal_value=6.57189e-05 0.000936945 0.000190152 -0.00550044 -0.000296075 -0.00183728 0.00163226 -0.00283277 0.00340204 -0.00629093 0.00683848 -0.00560159 0.0140797 -0.00681299
internal_weight=1188.98 1031.66 980.992 157.319 953.816 675.016 352.734 191.111 278.8 54.3545 161.624 322.282 50.6693 296.584
internal_count=4767 4135 3932 632 3823 2706 1414 766 1117 218 648 1292 203 1189
is_linear=0
shrinkage=0.03


Tree=29
num_leaves=15
num_cat=0
split_feature=35 5 14 19 9 10 10 17 13 16 3 39 20 20
split_gain=8.33723 8.96133 6.22607 9.66845 9.01058 6.23791 5.36897 6.96727 6.91262 5.96392 5.13429 13.5429 6.69524 7.74627
threshold=1.0000000180025095e-35 0.6184207038930607 20.100000000000005 0.35000000000000003 1.9000000000000001 2.4999999999999996 -13.374999999999998 -5.9499999999999984 23.450000000000003 2.6500000000000008 0.024738697602202268 1794.6209787319315 14.560219778561033 12.354936002896073
decision_type=2 2 8 10 10 10 10 10 10 10 2 2 8 10
left_child=10 2 6 5 -5 -4 -2 -8 9 -9 12 -12 13 -1
right_child=1 -3 3 4 -6 -7 7 8 -10 -11 11 -13 -14 -15
leaf_value=0.00094243609647956018 -0.0030624329509242785 -0.0083574796739514269 -0.021061151171334308 0.010151880420530463 -0.0077663550214894569 0.0015192664020194137 0.025138904280689149 -0.014887999820356289 0.018195642288863365 0.0071830691436524201 0.0083618418943004705 -0.0070855413329412639 0.0040852051064036677 -0.0088933311080817128
leaf_weight=179.02551074326038 37.409125462174416 184.18384112417698 30.902751728892326 49.651546835899353 42.15808293223381 14.961663484573362 16.233499780297279 15.976658925414084 14.973668947815893 18.732949435710907 220.75636748969555 61.849871054291725 197.34985211491585 114.67464669048786
leaf_count=718 150 739 124 199 169 60 65 64 60 75 885 248 791 460
internal_value=-0.000118785 -0.00347023 0.000358796 -0.00376562 0.00194784 -0.0142698 0.00577443 0.0106519 0.00405259 -0.00357156 0.00173355 0.00491669 -0.00012949 -0.0029825
internal_weight=1198.84 425.184 241 137.674 91.8096 45.8644 103.326 65.9168 49.6833 34.7096 773.656 282.606 491.05 293.7
internal_count=4807 1705 966 552 368 184 414 264 199 139 3102 1133 1969 1178
is_linear=0
shrinkage=0.03


Tree=30
num_leaves=15
num_cat=0
split_feature=17 19 7 11 11 4 13 1 1 24 15 22 23 21
split_gain=7.22149 5.28896 6.45389 6.85468 6.03239 5.66111 5.93724 5.71552 8.74442 6.77856 5.59865 5.47204 4.88293 6.54917
threshold=16.750000000000004 11.050000000000002 -3.7372007672302829 17.500000000000004 24.100000000000005 -155.79801834642578 26.300000000000001 40.250000000000007 38.250000000000007 0.43095238095238103 -1.0499999999999998 0.31980519480519487 0.72902097902097907 18.151369303308282
decision_type=10 10 2 10 10 2 10 2 2 8 10 10 10 10
left_child=1 2 3 -1 11 6 -4 8 9 -7 -10 -3 13 -9
right_child=-2 4 5 -5 -6 7 -8 12 10 -11 -12 -13 -14 -15
leaf_value=-0.019152330588610916 -0.014059071092882276 0.012614886286656383 0.016418382437032815 -0.0025798466593284579 0.020550488643572975 -0.003577178653115081 -0.0012505814071368557 -0.0034816479025686735 0.0020856197937033586 0.014145512549339403 0.017611777029329884 -0.0078995708867827513 0.0040845823552170335 0.0069000266254613599
leaf_weight=25.153414592146873 27.751843631267548 15.723433807492254 34.676449775695801 96.237903907895088 18.970219790935516 114.54373370110989 28.938714429736137 541.28600569069386 36.928118199110031 18.202674224972725 48.156913429498672 21.955241829156876 119.09633657336235 56.115361034870148
leaf_count=101 112 63 139 386 76 459 116 2171 148 73 193 88 477 225
internal_value=-0.000164019 0.000222022 -0.000248044 -0.00663563 0.00877694 0.000558159 0.0088753 -5.23543e-05 0.00414761 -0.000721729 0.011363 0.00113614 -0.00134913 -0.0024573
internal_weight=1203.74 1175.98 1119.34 121.391 56.6489 997.944 63.6152 934.329 217.831 132.746 85.085 37.6787 716.498 597.401
internal_count=4827 4715 4488 487 227 4001 255 3746 873 532 341 151 2873 2396
is_linear=0
shrinkage=0.03


Tree=31
num_leaves=15
num_cat=0
split_feature=26 8 24 7 24 17 12 24 7 19 8 12 26 4
split_gain=5.73176 5.93177 8.06736 6.26523 6.07241 6.05965 6.51723 8.48983 6.90698 5.85629 6.09051 5.74637 5.53309 8.70742
threshold=-12.47222222222222 -7.6999999999999984 -0.49107142857142844 -0.55939065459857795 -0.36038961038961032 16.750000000000004 21.100000000000005 -0.19999999999999998 -2.9626498867174669 -6.7749999999999995 -10.299999999999999 25.100000000000005 4.2792207792207799 78.387052071320696
decision_type=8 10 8 2 8 10 10 10 2 10 10 10 10 2
left_child=-1 3 -3 -2 -4 6 8 -8 -6 -5 11 -11 13 -10
right_child=1 2 4 9 5 -7 7 -9 12 10 -12 -13 -14 -15
leaf_value=-0.0096813138027821485 -0.010779558073515286 0.011025547765688313 -0.011393086639005541 0.01450039853458992 -0.0045676256727813147 -0.013729204636344795 0.0064429225764980353 -0.0030048818550288806 0.016569846753507436 -0.0035239739113109574 -0.010582883072382894 0.012960026581490479 -0.0077662116107415297 0.0040868857755073157
leaf_weight=52.768887206912041 80.484727382659912 62.615352958440781 33.456391632556915 15.456153869628904 58.58355949819088 20.113046899437904 104.58513478934765 387.16957634687424 67.121314465999603 47.379440203309059 47.875971287488937 25.201042905449867 18.72608257830143 183.36766958236694
leaf_count=213 323 251 134 62 235 81 419 1552 269 190 192 101 75 735
internal_value=-0.000459962 2.39225e-06 0.00104215 -0.00441569 0.000267496 0.000796802 0.00123438 -0.000950921 0.00447775 -0.00039837 -0.00281179 0.00266591 0.0064935 0.00769065
internal_weight=1204.9 1152.14 935.738 216.397 873.123 839.666 819.553 491.755 327.799 135.913 120.456 72.5805 269.215 250.489
internal_count=4832 4619 3751 868 3500 3366 3285 1971 1314 545 483 291 1079 1004
is_linear=0
shrinkage=0.03


Tree=32
num_leaves=15
num_cat=0
split_feature=35 13 23 11 39 7 20 21 25 42 21 13 21 14
split_gain=7.64116 8.65003 11.3443 8.10931 6.26827 5.92868 8.36779 8.06163 6.9719 7.56297 5.39405 7.6583 8.74803 8.10941
threshold=1.0000000180025095e-35 26.300000000000001 0.89181286549707617 15.450000000000001 673.99535131197706 -2.6475987186209111 10.677078049175384 9.3600804203024524 11.029411764705884 4.5000000000000009 13.254978019313727 24.450000000000003 17.341985008468345 17.633333333333336
decision_type=2 10 10 10 2 2 8 10 8 10 8 10 10 8
left_child=1 2 5 -3 -5 6 -1 -7 -9 -10 -2 12 13 -12
right_child=10 3 -4 4 -6 7 -8 8 9 -11 11 -13 -14 -15
leaf_value=0.011899583077260401 0.00078196246485200561 0.010760774252916829 0.015978648628011422 0.0030363482175240395 -0.010766052338201326 0.014670908634453786 -0.0078692284059131718 0.0040270110676416159 -0.018812828999095053 0.0020886886095438741 0.0037369777024142876 0.0015281867168637513 0.0025729980867304292 -0.017260869173862551
leaf_weight=19.686281874775887 198.28109437227249 23.683344498276711 56.879511594772339 39.129680976271629 96.913207590579987 50.173379257321358 86.723312467336655 334.23464678227901 22.195628136396408 34.426406443119049 17.976269915699959 79.720851331949234 36.901068121194839 93.937566459178925
leaf_count=79 795 95 228 157 389 201 348 1340 89 138 72 320 148 377
internal_value=0.000356882 0.00214868 0.00378617 -0.00397359 -0.0068292 0.0023862 -0.003842 0.00391514 0.00236657 -0.00696629 -0.00283835 -0.00592888 -0.00984349 -0.0138725
internal_weight=1190.86 764.045 604.319 159.726 136.043 547.44 106.41 441.03 390.857 56.622 426.817 228.536 148.815 111.914
internal_count=4776 3064 2423 641 546 2195 427 1768 1567 227 1712 917 597 449
is_linear=0
shrinkage=0.03


Tree=33
num_leaves=15
num_cat=0
split_feature=41 9 25 25 8 13 8 10 8 23 14 4 0 19
split_gain=5.79616 6.95878 6.93866 7.15487 6.78621 11.066 6.32954 9.17285 6.89222 6.31932 5.89926 5.53642 8.96338 6.47987
threshold=72.500000000000014 -10.299999999999999 -1.2071428571428569 3.9354166666666672 -9.6999999999999975 26.500000000000004 6.9000000000000012 8.9000000000000021 11.900000000000002 0.73431372549019625 17.633333333333336 183.75065198495034 1.0000000180025095e-35 2.6500000000000008
decision_type=10 10 8 10 8 10 10 10 10 10 10 2 2 10
left_child=1 2 -1 -4 -2 11 10 8 9 -8 -3 12 -6 -14
right_child=4 6 3 -5 5 -7 7 -9 -10 -11 -12 -13 13 -15
leaf_value=-0.015355925415061216 -0.018380578706514772 0.0075273926850449677 0.0091828216238601483 -0.010536835251194998 0.0019479047788725835 0.015536160027207795 -0.019557689070931951 0.0031132871210388467 0.0040868220460584144 8.087097169739509e-05 0.0010518751584472563 0.0061527230117354847 -0.020872306942833152 -0.0019422532126219438
leaf_weight=42.725890204310417 25.118241742253304 157.65591865777969 31.122676521539688 25.577250346541405 44.648560777306557 20.682679042220116 50.86330609023571 88.545526593923569 21.454910486936569 19.979831799864769 581.53424942493439 24.659570530056953 46.575047895312309 25.39854733645916
leaf_count=172 101 632 125 103 179 83 204 355 86 80 2332 99 187 102
internal_value=-0.000482129 0.000416605 -0.00692697 0.000154306 -0.00526291 -0.00273905 0.00124336 -0.00371918 -0.010097 -0.0143788 0.00247428 -0.00585401 -0.00854138 -0.0147522
internal_weight=1206.54 1019.46 99.4258 56.6999 187.083 161.964 920.034 180.844 92.298 70.8431 739.19 141.282 116.622 71.9736
internal_count=4840 4089 400 228 751 650 3689 725 370 284 2964 567 468 289
is_linear=0
shrinkage=0.03


Tree=34
num_leaves=15
num_cat=0
split_feature=3 15 8 23 23 25 12 20 1 1 24 25 22 42
split_gain=5.03484 4.46111 7.38004 7.85012 6.92611 6.24469 6.20626 6.10691 5.93621 14.1521 6.07613 5.59785 5.52537 5.40426
threshold=0.043482987795078316 -3.3499999999999992 -4.8999999999999995 0.74342105263157909 0.70294117647058829 -7.3205128205128194 32.100000000000009 17.892425428316912 40.750000000000007 37.750000000000007 0.35113636363636369 5.5166666666666675 0.87083333333333346 12.500000000000002
decision_type=2 10 10 10 10 8 10 8 2 2 8 10 10 10
left_child=1 6 5 4 8 -3 -1 11 9 10 -4 -5 -13 -10
right_child=-2 2 3 7 -6 -7 -8 -9 13 -11 -12 12 -14 -15
leaf_value=-0.003459709137740808 0.015116380481146736 0.00046584558566481184 -0.011029390436906757 0.014016650929745572 -0.013965661609718773 0.016262543105515954 0.013049361155932441 -0.0080700354948612212 -0.0030566739046365915 0.013057625578141755 0.0081069500468200443 -0.0079927795865355859 0.011565105332897575 0.006735661352475956
leaf_weight=328.66477742791176 16.225535720586777 39.636699229478836 44.38406965136528 75.869607925415039 29.429423362016678 48.103535294532776 16.96099579334259 17.225293710827827 393.24046489596367 80.546942934393883 17.197903603315353 24.960465982556343 17.976992428302765 53.352385058999062
leaf_count=1319 65 159 178 304 118 193 68 69 1578 323 69 100 72 214
internal_value=0.000632961 0.000372525 0.00154921 0.000563326 -0.000887037 0.00953623 -0.00247502 0.00695178 -0.000121148 0.00511335 -0.00547774 0.00936768 0.000547879 -0.0018252
internal_weight=1203.78 1187.55 841.924 754.184 618.151 87.7402 345.626 136.032 588.722 142.129 61.582 118.807 42.9375 446.593
internal_count=4829 4764 3377 3025 2480 352 1387 545 2362 570 247 476 172 1792
is_linear=0
shrinkage=0.03


Tree=35
num_leaves=15
num_cat=0
split_feature=7 23 1 1 17 7 17 21 23 18 34 30 12 39
split_gain=5.01699 6.71979 5.80205 5.66711 5.49491 4.50087 4.34341 4.22458 4.11625 4.66223 8.57615 8.19873 6.25872 6.02387
threshold=2.8923173671068758 0.72902097902097907 37.250000000000007 34.250000000000007 16.750000000000004 -5.6837429502595418 -8.9499999999999975 10.899795978510726 0.12916666666666668 2.3500000000000001 1.0000000180025095e-35 1.5000000000000002 28.450000000000003 603.07433957921796
decision_type=2 8 2 2 8 2 8 8 10 10 2 2 10 2
left_child=3 2 -2 -1 5 -5 -4 -8 -7 12 11 -11 13 -10
right_child=1 -3 6 4 -6 8 7 -9 9 10 -12 -13 -14 -15
leaf_value=0.012468147801098211 -0.014234766578512158 0.012810452153173649 0.015558327847728922 -0.010828929863593047 -0.013847948781256399 -0.0061532563225871802 0.0090752660660697905 -0.002733138733736892 -0.0017040219936877269 -0.0062955683485583459 0.014560883492512762 0.0085664406512093866 -0.0062026236589204685 0.0056562195750871
leaf_weight=20.456407383084297 16.220038831233978 47.865277528762817 14.962979093194006 39.089895486831665 28.455315813422203 116.50318782031536 32.44167372584343 95.457379415631294 154.68706184625626 255.76381884515285 18.202388420701027 33.893856301903725 74.327514871954918 268.98795771598816
leaf_count=82 65 192 60 157 115 469 130 383 620 1026 73 136 298 1078
internal_value=-0.000658615 0.00354326 0.000449516 -0.00153247 -0.001883 -0.00145907 0.00254169 0.000490818 -0.00100573 -0.000228202 -0.00310243 -0.00444066 0.0015618 0.00298041
internal_weight=1217.31 206.947 159.082 1010.37 989.911 961.456 142.862 127.899 922.366 805.863 307.86 289.658 498.003 423.675
internal_count=4884 830 638 4054 3972 3857 573 513 3700 3231 1235 1162 1996 1698
is_linear=0
shrinkage=0.03


Tree=36
num_leaves=15
num_cat=0
split_feature=19 12 19 17 10 21 10 2 21 3 4 14 27 26
split_gain=9.4218 7.0578 6.11569 6.13614 6.9414 6.71715 8.40199 7.36254 7.33102 6.75424 10.6022 6.03435 5.75773 8.91752
threshold=-5.9499999999999993 15.100000000000001 11.050000000000002 16.750000000000004 9.9000000000000021 10.309303855969384 4.1000000000000023 0.38181073060639648 11.757267256183882 0.025177278803792173 186.29181668542824 14.700000000000001 7.5000000000000009 -0.24264705882352938
decision_type=8 10 10 10 10 8 10 2 10 2 2 10 2 10
left_child=1 -1 3 4 5 6 7 -2 12 11 -11 -10 -7 -14
right_child=2 -3 -4 -5 -6 8 -8 -9 9 10 -12 -13 13 -15
leaf_value=-0.0031679837010508754 0.012629314459555507 0.010777499738475764 0.0078395430291363088 -0.014702771259557299 0.0045240556717007175 -0.017418013539572046 0.015805527483957794 -0.0049997391781244739 -0.013061980936495726 -0.0041724437361613572 -0.027641975707400492 0.00085884559193572831 0.0074038218897470908 -0.012369886667334658
leaf_weight=43.54617640376091 23.195882678031921 106.24751484394073 58.850688189268112 26.881766065955162 150.02618697285652 50.57389172911644 32.199159726500511 82.588969260454178 25.180068090558052 124.37599594891071 15.691751405596731 387.5299119502306 30.899611726403236 44.149419009685516
leaf_count=175 93 426 236 109 602 203 129 331 101 499 63 1555 124 177
internal_value=-0.00016121 0.00675206 -0.00117273 -0.00174328 -0.00130898 -0.00240192 0.00353973 -0.000738615 -0.00362749 -0.00209557 -0.00766383 -0.000136671 -0.0100301 -0.00427461
internal_weight=1201.94 149.794 1052.14 993.293 966.411 816.385 137.984 105.785 678.401 552.778 140.068 412.71 125.623 75.049
internal_count=4823 601 4222 3986 3877 3275 553 424 2722 2218 562 1656 504 301
is_linear=0
shrinkage=0.03


Tree=37
num_leaves=15
num_cat=0
split_feature=17 22 22 44 1 11 2 21 23 21 22 10 14 23
split_gain=6.40392 7.90804 6.49368 7.04799 6.25379 7.59835 6.16107 6.05987 7.24515 8.37898 8.7999 6.55248 5.82556 11.8918
threshold=-14.049999999999999 0.62828947368421062 0.37980769230769235 1.0000000180025095e-35 50.750000000000007 17.100000000000005 0.47384592618054577 11.165920373071712 0.90454545454545465 18.702346852140725 0.68990384615384626 0.50000000000000011 21.300000000000001 0.58578431372549034
decision_type=8 10 10 2 2 10 2 8 10 8 10 10 10 10
left_child=-1 2 4 -4 5 6 -2 -3 9 10 11 -9 13 -12
right_child=1 7 3 -5 -6 -7 -8 8 -10 -11 12 -13 -14 -15
leaf_value=0.0087281483723557034 0.00025667605573419884 0.0091740440210790891 -0.0068761607734974511 0.0061418889259050218 -0.013556067195911323 0.004215473053942119 -0.012425470317554185 -0.0065937563909748463 0.014147272305504029 0.013489150007981451 0.012992538502360261 0.013738469905375937 -0.011119675366793985 -0.0098186634720867239
leaf_weight=59.562827378511429 93.277305036783218 89.811459258198738 338.10678924620152 38.123459175229073 23.66555480659008 238.2599366158247 49.506655544042587 18.196741282939911 25.703590750694275 25.676716938614845 30.90887813270092 35.877090811729431 97.803540334105492 43.144894033670425
leaf_count=239 374 360 1357 153 95 956 199 73 103 103 124 144 393 173
internal_value=-0.000469036 -0.000981975 -0.00268415 -0.00549379 -3.70552e-05 0.000967274 -0.00441215 0.00262629 0.000380774 -0.00127383 -0.00320735 0.00691736 -0.00649853 -7.80612e-05
internal_weight=1207.63 1148.06 780.94 376.23 404.709 381.044 142.784 367.123 277.311 251.608 225.931 54.0738 171.857 74.0538
internal_count=4846 4607 3134 1510 1624 1529 573 1473 1113 1010 907 217 690 297
is_linear=0
shrinkage=0.03


Tree=38
num_leaves=15
num_cat=0
split_feature=17 20 7 18 15 7 20 20 17 44 35 9 39 12
split_gain=6.82971 4.544 6.30226 10.0982 7.38542 11.4067 7.50177 6.86314 5.80869 6.00185 5.83957 5.76762 5.45531 5.13179
threshold=16.350000000000005 14.560219778561033 0.79535370371967018 5.9500000000000011 -0.24999999999999997 -0.068744881055099669 18.155195154861627 18.062545644984553 -5.7499999999999982 1.0000000180025095e-35 1.0000000180025095e-35 -1.0000000180025095e-35 1053.586287215431 16.900000000000002
decision_type=10 8 2 10 10 2 10 10 10 2 2 8 2 10
left_child=1 8 4 7 13 6 -6 -4 11 12 -11 -1 -10 -3
right_child=-2 2 3 -5 5 -7 -8 -9 9 10 -12 -13 -14 -15
leaf_value=0.015427797038056624 -0.013479416337202267 0.0049711196982578608 0.014604672821958681 -0.0072705060952416743 0.012696068758797889 -0.012771995943801887 -0.0031468195369969199 -0.0010156328218854859 -0.0062564689432090433 -0.0014028302234903272 0.016267986557729291 0.00089884229292829789 0.00044060950527479115 -0.008595484311661657
leaf_weight=24.403522297739983 29.578149601817131 29.358687415719032 96.254478335380554 31.650353536009789 85.075286969542503 24.450647816061974 35.92925052344799 32.926619186997414 326.26475398242474 42.35371133685112 22.176975771784782 154.76625092327595 162.56442858278751 99.688229992985725
leaf_count=98 120 118 386 127 341 98 144 132 1310 170 89 621 652 400
internal_value=-0.0003397 4.91307e-05 0.00246045 0.00707829 -0.000323373 0.00424486 0.00805372 0.0107338 -0.00139085 -0.00290678 0.00540316 0.00324286 -0.00404739 -0.00543873
internal_weight=1197.44 1167.86 435.334 160.831 274.502 145.455 121.005 129.181 732.53 553.36 64.5307 179.17 488.829 129.047
internal_count=4806 4686 1746 645 1101 583 485 518 2940 2221 259 719 1962 518
is_linear=0
shrinkage=0.03


Tree=39
num_leaves=15
num_cat=0
split_feature=6 22 21 39 39 3 41 20 20 20 21 41 20 10
split_gain=4.66506 7.79979 5.96023 3.9583 8.21266 11.3076 8.3436 7.1087 7.14379 5.79368 5.38876 6.92867 6.24242 6.02209
threshold=-5.7200385135154326 0.069047619047619066 16.48989585401366 1101.99528990884 1842.9787499682704 0.024843317791356071 51.500000000000007 16.395121001425441 15.129992261200814 12.354936002896073 10.521142704910529 67.500000000000014 12.978614889287865 -4.8999999999999977
decision_type=2 8 10 2 2 2 8 10 8 10 10 8 10 10
left_child=1 -1 -3 10 7 6 -6 8 -5 -8 11 13 -13 -2
right_child=3 2 -4 4 5 -7 9 -9 -10 -11 -12 12 -14 -15
leaf_value=-0.010396996473259097 -0.004534369450154084 0.013252893818322516 -0.0057629679903432665 0.0058577256817284196 0.018508571047658066 -0.01366993095291456 0.0081341083239554676 -0.0037236454810631666 0.021944145910373865 -0.0084444353753828673 -0.0024969568141484273 0.005560955754262408 -0.011048724626075875 0.01501428110988964
leaf_weight=16.438414111733437 16.223307952284813 75.012469977140427 15.196528449654577 145.59511680901051 19.45531040430069 50.819777444005013 27.158679321408272 48.642417952418327 26.922960862517357 41.590344607830048 592.64862106740475 37.881504982709885 34.176864489912987 52.635043248534203
leaf_count=66 65 301 61 584 78 204 109 195 108 167 2380 152 137 211
internal_value=0.000617377 0.00645881 0.00991508 2.10006e-05 0.00257583 -0.00307078 0.00344175 0.00611478 0.00891553 -0.00178778 -0.00124238 0.0039387 -0.00252266 0.0104134
internal_weight=1200.4 106.647 90.209 1093.75 360.185 139.024 88.2043 221.16 172.518 68.749 733.565 140.917 72.0584 68.8584
internal_count=4818 428 362 4390 1445 558 354 887 692 276 2945 565 289 276
is_linear=0
shrinkage=0.03


Tree=40
num_leaves=15
num_cat=0
split_feature=14 28 22 4 12 26 17 22 27 25 11 3 10 9
split_gain=4.79844 8.07677 5.63543 6.83383 5.62699 7.47261 5.86321 6.67903 5.35486 5.22315 4.95391 4.92484 4.91168 5.1112
threshold=19.500000000000004 13.500000000000002 0.069047619047619066 -159.41956294082738 14.300000000000002 1.8619047619047622 -6.5499999999999989 0.73030303030303034 16.500000000000004 9.029411764705884 13.700000000000001 0.024233806955076379 22.700000000000006 -3.6999999999999997
decision_type=8 2 8 2 10 8 10 8 2 10 8 2 10 8
left_child=1 2 -1 -4 -5 -6 7 -7 10 -8 -2 -10 13 -12
right_child=8 -3 3 4 5 6 9 -9 11 -11 12 -13 -14 -15
leaf_value=-0.0088399647365543198 -0.011433673919356074 -0.011019883498392322 0.016983130843459149 -0.011720283079122569 0.012211067372646742 0.0019208671175189637 -0.0055107652354183323 0.021876745576153756 -0.0067859513937155542 0.0092408089440522562 0.0021691351229595527 0.0096148413376106051 -0.014202511234855069 -0.0030573975033270405
leaf_weight=22.932865187525749 41.841600596904755 29.411100283265114 35.095611333847046 15.449867874383925 78.040368601679802 50.622964546084404 99.765262275934219 17.210415452718735 17.679938614368439 22.441194355487823 287.99545414745808 64.308140486478806 20.752002373337746 391.71183946728706
leaf_count=92 168 118 141 62 313 203 400 69 71 90 1157 258 84 1572
internal_value=0.000109923 0.00292079 0.00426287 0.00532795 0.00361595 0.00469822 0.00137909 0.00813825 -0.00116508 -0.00254514 -0.00197869 0.0058914 -0.00133686 -0.00084322
internal_weight=1195.26 370.97 341.559 318.626 283.53 268.08 190.04 67.8334 824.289 122.206 742.301 81.9881 700.459 679.707
internal_count=4798 1488 1370 1278 1137 1075 762 272 3310 490 2981 329 2813 2729
is_linear=0
shrinkage=0.03


Tree=41
num_leaves=15
num_cat=0
split_feature=18 41 22 18 19 21 7 15 10 15 21 12 10 7
split_gain=6.89067 8.12728 7.63113 6.82095 9.82097 12.3519 9.21353 8.38995 10.6062 9.39476 6.66211 6.34314 12.8079 6.04743
threshold=-3.2499999999999996 40.500000000000007 0.70294117647058829 3.9500000000000006 6.9500000000000011 13.284912076821916 -0.3981158221243048 -1.9499999999999997 0.20000000000000065 1.0500000000000003 9.7513531158787732 26.450000000000003 -15.899999999999997 2.7465586329929286
decision_type=8 8 10 10 10 10 2 8 10 10 10 10 10 2
left_child=1 -1 -3 6 7 -6 -2 -5 9 -9 -10 -8 -13 -12
right_child=3 2 -4 4 5 -7 11 8 10 -11 13 12 -14 -15
leaf_value=0.0081864124818378688 -0.00093943897792720245 -0.0031007015006456538 -0.015372302954491778 -0.01068266531312588 -0.0065205064617549517 0.021797700811266505 0.0091493743718710652 -0.0032487860136835387 0.0094232458058337489 0.019242098721683337 -0.011778594993615506 0.018732122983119614 -0.0078707323695747424 0.0069382759216352645
leaf_weight=39.163395062088966 256.58389031887054 221.45853513479233 53.797388359904289 107.98263451457024 21.429100558161736 26.660558745265007 229.79634821414948 27.651153549551964 18.183641895651817 32.928130775690079 81.60870124399662 17.157816976308823 56.556288674473763 15.450139209628103
leaf_count=157 1030 889 216 434 86 107 922 111 73 132 328 69 227 62
internal_value=-0.000112777 -0.00389611 -0.00573059 0.0012351 -0.00215259 0.00975324 0.00324383 -0.00430392 -0.000199283 0.00951124 -0.00548704 0.00673821 -0.000882054 -0.00860523
internal_weight=1206.41 314.419 275.256 891.988 331.894 48.0897 560.094 283.804 175.822 60.5793 115.242 303.51 73.7141 97.0588
internal_count=4843 1262 1105 3581 1333 193 2248 1140 706 243 463 1218 296 390
is_linear=0
shrinkage=0.03


Tree=42
num_leaves=15
num_cat=0
split_feature=13 2 8 8 22 7 21 3 2 0 9 30 21 21
split_gain=9.39956 5.80296 4.30153 7.53558 5.43089 4.10375 4.44966 4.9346 8.0085 9.18787 6.81687 6.67554 6.49144 8.51966
threshold=29.100000000000005 0.21576070791557256 -6.8999999999999995 -11.499999999999998 0.43095238095238103 -5.6837429502595418 8.2522724143111166 0.024076494918132133 0.73435478629997786 9.7500000000000018 4.7000000000000002 6.5000000000000009 17.503967700564797 11.34631602726178
decision_type=10 2 10 10 8 2 8 2 2 2 10 2 10 10
left_child=1 -1 3 -2 -4 -3 -7 8 10 -10 12 -9 13 -8
right_child=2 5 4 -5 -6 6 7 11 9 -11 -12 -13 -14 -15
leaf_value=0.014759413426816071 -0.003023335136607803 -0.0078637440839103082 0.011136989692538454 -0.020871550578583833 -0.0096810522588039929 0.0093337652815279771 0.0013984895535284435 0.0025772751159845167 0.023026865745090063 -0.006127454470861938 0.0022869569785947462 -0.0094543652256892496 0.0063984860458091578 -0.018462245442825355
leaf_weight=23.093334391713142 51.771063044667244 40.76552702486515 18.653784573078156 33.763336434960365 16.623493745923042 53.878697142004967 25.689048931002617 732.33026705682278 15.434524074196817 15.40001532435417 56.589281603693962 39.119105726480484 14.948687687516211 67.175054728984833
leaf_count=93 208 164 75 136 67 216 103 2939 62 62 227 157 60 270
internal_value=0.000401032 0.00129604 -0.00736494 -0.0108322 0.00134303 0.000935261 0.00132335 0.000831159 -0.0033738 0.00964273 -0.00602768 0.00191021 -0.0102998 -0.0131774
internal_weight=1205.24 1084.42 120.812 85.5344 35.2773 1061.33 1020.56 966.686 195.237 30.8345 164.402 771.449 107.813 92.8641
internal_count=4839 4353 486 344 142 4260 4096 3880 784 124 660 3096 433 373
is_linear=0
shrinkage=0.03


Tree=43
num_leaves=15
num_cat=0
split_feature=10 20 2 20 41 10 10 3 23 28 20 18 18 30
split_gain=6.62931 7.16055 7.36325 6.62219 5.75576 7.72785 7.69807 10.2163 7.96589 6.97008 6.78706 7.42406 6.26887 6.02999
threshold=22.700000000000006 14.937834132754071 0.73435478629997786 17.892425428316912 40.500000000000007 -1.9999999999999991 10.700000000000003 0.024195292374359471 0.22474747474747478 7.5000000000000009 11.250925755086792 -2.1124999999999994 10.350000000000003 3.5000000000000004
decision_type=10 8 2 10 8 10 10 2 10 2 10 10 10 2
left_child=1 4 3 -3 10 9 12 -8 -9 -6 11 -1 13 -7
right_child=-2 2 -4 -5 5 6 7 8 -10 -11 -12 -13 -14 -15
leaf_value=0.0098805479438860491 -0.016103643362428675 0.0034265683737070272 0.01045887106004296 -0.0059558072059641741 0.002506043852635983 -0.010581540376839468 -0.016719199356173334 -0.0043975573650141967 0.015713493796481865 -0.0087173534298699319 0.010340310560324736 -0.013223627714512427 0.0081334237551113006 0.0063580638640613595
leaf_weight=15.965934678912161 19.737493902444839 225.30212391912937 83.982582986354828 90.94803985953331 256.57206401228905 251.95029883086681 15.394590899348257 27.549826487898827 37.146196439862251 56.519683718681335 62.077569350600243 27.156868115067482 15.931374683976172 17.189751774072647
leaf_count=64 80 904 337 365 1030 1012 62 111 149 227 249 109 64 69
internal_value=-0.000732125 -0.000409153 0.00283382 0.000677659 -0.00207331 -0.00308851 -0.00602293 0.00209357 0.00744841 0.000374805 0.00431512 -0.00453165 -0.00830003 -0.00940339
internal_weight=1203.42 1183.69 400.233 316.25 783.454 678.254 365.162 80.0906 64.696 313.092 105.2 43.1228 285.071 269.14
internal_count=4832 4752 1606 1269 3146 2724 1467 322 260 1257 422 173 1145 1081
is_linear=0
shrinkage=0.03


Tree=44
num_leaves=15
num_cat=0
split_feature=7 10 2 9 2 2 2 20 12 12 11 21 14 42
split_gain=5.20149 4.3576 5.31155 5.80443 4.59198 10.927 5.26512 8.4038 8.61008 7.02918 6.66522 5.88933 5.32727 7.43211
threshold=-5.6837429502595418 22.700000000000006 0.74087741323255141 -13.699999999999998 0.58303991069968963 0.6005328874407061 0.52462618965897123 10.338708056081478 22.300000000000001 20.450000000000003 12.900000000000002 14.571280733766054 18.700000000000006 1.0000000180025095e-35
decision_type=2 10 2 8 2 2 2 10 10 10 10 10 10 8
left_child=-1 2 4 -4 6 -6 9 -8 11 -2 -11 -9 -12 -14
right_child=1 -3 3 -5 5 -7 7 8 -10 10 12 -13 13 -15
leaf_value=-0.0094739917584791538 0.0071245108940427493 -0.0120923659476951 -0.0095718978666458465 0.0068984331320357242 -0.016363649648930879 -0.00072181458734033911 -0.0088989024945599522 -0.0073731403953506223 0.019639984098577264 0.01216262823017555 0.0023218901859809759 0.012252227551832886 0.0029233319209163895 -0.0092313782653595106
leaf_weight=42.70948301255703 97.40072600543499 18.759382113814354 17.09600593149662 181.86933475732803 40.340291157364845 359.07081234455109 19.423106163740158 25.884511515498161 45.856954902410507 23.413444250822067 108.60551135241985 19.911805406212807 61.061655133962631 150.49909886717796
leaf_count=172 391 76 69 730 162 1442 78 104 184 94 436 80 245 604
internal_value=0.000237604 0.000631191 0.000890096 0.00528327 -5.13955e-05 -0.00248441 0.00171538 0.0074003 0.0111361 0.000216525 -0.00181591 0.00152588 -0.00300945 -0.00573673
internal_weight=1211.9 1169.19 1150.43 198.965 951.468 399.411 552.057 111.076 91.6533 440.98 343.58 45.7963 320.166 211.561
internal_count=4867 4695 4619 799 3820 1604 2216 446 368 1770 1379 184 1285 849
is_linear=0
shrinkage=0.03


Tree=45
num_leaves=15
num_cat=0
split_feature=3 22 18 14 26 44 22 0 20 26 20 22 8 12
split_gain=6.26221 5.30817 8.97354 6.36655 5.55246 6.17622 8.51861 7.23354 7.20465 11.4527 10.1444 9.65568 11.4749 7.169
threshold=0.043482987795078316 0.87867647058823539 -2.7499999999999996 20.300000000000001 -13.303030303030303 1.0000000180025095e-35 0.31009615384615391 8.2500000000000018 15.36536485381925 1.767857142857143 17.972200659908836 0.37980769230769235 -7.6999999999999984 26.700000000000006
decision_type=2 8 8 8 10 2 10 2 10 10 10 10 10 10
left_child=1 4 -3 -4 -1 8 -7 -8 11 -10 13 12 -6 -11
right_child=-2 2 3 -5 5 6 7 -9 9 10 -12 -13 -14 -15
leaf_value=-0.012500922687436805 0.016001126399937626 -0.006549825542446857 0.017855775212539858 0.0033797465147496373 -0.005785526828702349 -0.0077842099752600397 0.018264827914394394 -0.0027520923516456048 0.0081661834188123429 0.0097941956595360511 -0.014937501470718961 -0.0060627846209614419 0.0072264295369999275 -0.0072232055545406407
leaf_weight=33.018261849880219 16.209391161799431 44.033934041857719 39.376445010304451 79.378893375396729 104.32455423474312 23.166451051831245 43.870305702090263 19.412047505378723 144.28022328019142 45.122943952679634 43.362038910388947 404.35995948314667 133.32386966049671 35.395894229412079
leaf_count=134 65 177 158 319 419 93 176 78 579 181 174 1624 535 142
internal_value=-0.000158477 -0.000444043 0.00450798 0.00870714 -0.00124498 -0.000811523 0.00662852 0.0120884 -0.00155054 0.0025471 -0.0040602 -0.00326854 0.00151284 0.00232845
internal_weight=1208.64 1192.43 162.789 118.755 1029.64 996.618 86.4488 63.2824 910.169 268.161 123.881 642.008 237.648 80.5188
internal_count=4854 4789 654 477 4135 4001 347 254 3654 1076 497 2578 954 323
is_linear=0
shrinkage=0.03


Tree=46
num_leaves=15
num_cat=0
split_feature=14 21 1 1 42 13 15 17 15 3 1 3 25 5
split_gain=5.48166 7.80653 5.21017 7.08153 6.4703 8.71835 5.98572 5.93468 5.43572 5.08654 7.04776 7.57719 6.87328 4.65805
threshold=18.100000000000005 18.151369303308282 47.250000000000007 49.250000000000007 8.5000000000000018 26.500000000000004 -1.1124999999999998 -7.1499999999999986 1.3500000000000003 0.03746658845364071 47.250000000000007 0.042631993561552901 -2.4833333333333329 0.49737382203304875
decision_type=8 8 2 2 10 10 10 10 10 2 2 2 10 2
left_child=1 2 4 -4 5 6 -1 -6 -9 -2 11 12 -11 -3
right_child=9 13 3 -5 7 -7 -8 8 -10 10 -12 -13 -14 -15
leaf_value=0.023929691585908137 -0.0018804168747924813 -0.018660756524402567 -0.015466526678947835 0.0083366752424843347 0.010212668220414065 -0.0042896210752168765 0.0085076228590260788 -0.018262748558361033 0.0022964440070522003 0.0017671759502229975 -0.0082212414596718603 -0.0006727862501903272 0.027135313867738969 0.0019585309444092088
leaf_weight=38.339099377393723 853.36829145252705 15.693686559796332 18.443910539150238 17.186040744185448 24.674186125397682 23.935626775026321 67.525497034192085 15.95732858777046 23.68591396510601 15.939807489514349 22.415000274777412 34.907075837254524 22.419038653373718 17.199899062514305
leaf_count=154 3429 63 74 69 99 96 271 64 95 64 90 140 90 69
internal_value=-7.35083e-05 0.00372087 0.00570204 -0.0043721 0.00761448 0.01135 0.0149201 -0.000199231 -0.00709767 -0.00113757 0.00525218 0.00963612 0.0180131 -0.00904324
internal_weight=1211.69 262.641 229.748 35.63 194.118 129.8 105.865 64.3174 39.6432 949.049 95.6809 73.2659 38.3588 32.8936
internal_count=4867 1054 922 143 779 521 425 258 159 3813 384 294 154 132
is_linear=0
shrinkage=0.03


Tree=47
num_leaves=15
num_cat=0
split_feature=23 7 7 23 12 39 39 8 20 20 10 26 20 7
split_gain=5.39999 6.74297 5.7477 5.57899 4.37563 8.29631 6.475 8.07702 5.61193 5.25615 4.41764 4.94677 9.1939 6.9653
threshold=0.12916666666666668 2.2409625321198341 -1.0673724849404331 0.19375000000000003 15.900000000000002 1532.0053152484131 2282.6337519355907 1.3 13.07520974909303 16.102622076821046 -19.899999999999995 -1.2426470588235292 11.937103685161416 2.493794803721876
decision_type=8 2 2 8 8 2 2 10 8 10 10 8 8 2
left_child=1 2 -1 -2 5 8 10 -8 -5 -10 -6 12 13 -12
right_child=3 -3 -4 4 6 -7 7 -9 9 -11 11 -13 -14 -15
leaf_value=-0.0010854790073795289 0.012753504312055417 0.0068854183057051209 -0.017468407015116632 -0.0179877543447154 0.010282427805822067 0.010969161897490552 -0.019034882763222873 0.0036715756317591748 0.0068129706986160441 -0.011944847104168705 0.016592743721760315 -0.00019675774153634216 0.00044022011268808988 -0.0027898974401811398
leaf_weight=34.69246643781662 29.89840966463089 23.139695540070534 40.437234103679657 33.567758530378342 46.764523684978485 17.95165878534317 25.893697947263718 23.422969594597816 24.144815593957901 20.147787809371948 68.027693748474121 621.48002403974533 162.37114824354649 19.942412868142128
leaf_count=141 120 93 164 135 188 72 104 94 97 81 273 2494 652 80
internal_value=0.000333651 -0.0062269 -0.0104431 0.000948823 0.000558907 -0.0053943 0.00117291 -0.0089052 -0.00960135 -0.0020657 0.00175926 0.00124604 0.00476156 0.0122851
internal_weight=1191.88 98.2694 75.1297 1093.61 1063.71 95.812 967.902 49.3167 77.8604 44.2926 918.586 871.821 250.341 87.9701
internal_count=4788 398 305 4390 4270 385 3885 198 313 178 3687 3499 1005 353
is_linear=0
shrinkage=0.03


Tree=48
num_leaves=15
num_cat=0
split_feature=12 24 10 20 10 7 12 9 19 14 0 11 8 26
split_gain=7.15538 9.95683 6.0158 4.7712 6.23126 6.90189 6.7049 5.86517 5.42136 7.37883 8.07254 5.89903 4.99829 6.17745
threshold=14.300000000000002 0.35634920634920647 15.900000000000002 15.500895965154506 3.3999999999999999 -2.5958219473293815 25.900000000000002 -10.499999999999998 5.6500000000000012 20.300000000000001 2.7500000000000004 18.500000000000004 4.9000000000000012 -4.2792207792207781
decision_type=10 10 8 8 8 2 10 10 8 10 2 10 8 10
left_child=1 -1 -3 -2 5 -5 7 -6 9 10 -7 -10 -9 -14
right_child=3 2 -4 4 6 8 -8 12 11 -11 -12 -13 13 -15
leaf_value=-0.014769051194993773 -0.00069437226286295087 0.01555741494774552 -0.0069937841761063381 -0.010882440077720781 -0.0033800054741397749 0.012619872074172566 -0.0079694358199505818 0.023093888906467033 0.023447778654016552 -0.0073491301220129238 -0.0090969450053413701 -0.00030213106835676033 -0.006945342926273617 0.013624306915849635
leaf_weight=60.072241067886353 788.24084477126598 16.647013649344444 16.743608459830284 35.140011757612228 17.888949334621429 48.77163827419281 14.960501700639723 33.653199747204781 16.206166371703148 59.499609127640724 17.462802276015282 16.698416858911514 15.16284069418907 38.637415036559105
leaf_count=242 3166 67 68 141 72 196 60 135 65 239 70 67 61 155
internal_value=-0.000135211 -0.00788474 0.00481111 0.000554485 0.00365047 0.000272126 0.00886417 0.0115076 0.00299999 1.77688e-06 0.00665757 0.0129452 0.0145711 0.00772942
internal_weight=1195.79 93.4629 33.3906 1102.32 314.082 193.779 120.303 105.342 158.639 125.734 66.2344 32.9046 87.4535 53.8003
internal_count=4804 377 135 4427 1261 778 483 423 637 505 266 132 351 216
is_linear=0
shrinkage=0.03


Tree=49
num_leaves=15
num_cat=0
split_feature=13 11 15 10 42 11 18 18 21 23 13 19 13 24
split_gain=5.32113 9.58355 7.57571 6.35402 12.6141 8.9439 5.90081 7.95461 6.0894 7.12342 6.54873 6.9096 6.96708 7.77785
threshold=26.500000000000004 15.450000000000001 -1.1624999999999999 -5.8999999999999977 13.500000000000002 14.225000000000001 -5.8499999999999988 -5.1499999999999995 13.317699152615209 0.7947368421052633 22.100000000000005 -5.3874999999999993 18.300000000000001 -0.064583333333333312
decision_type=8 8 8 10 10 10 10 10 10 10 10 10 10 10
left_child=3 -2 -3 4 -1 -5 -7 -8 10 -10 11 -9 -13 -14
right_child=1 2 -4 5 -6 6 7 8 9 -11 -12 12 13 -15
leaf_value=0.0085536157823771185 0.0098839156420755941 -0.0087925949784368358 0.0037081859980581762 -0.015568787688889838 -0.014175483878547048 0.0076397031065889602 -0.016373688975425908 -0.004899180607185436 -0.0041355355770716596 0.01159057900660637 -0.0020483679972183571 0.0015806939494946498 0.00069585613397294397 0.020062937409167148
leaf_weight=191.50684648752213 37.846717670559883 165.2442160397768 55.478806272149086 25.821779370307922 20.190580561757088 96.334111928939819 21.143558904528618 33.105974912643433 256.42380125820637 23.943961143493652 115.8410223275423 61.000487670302391 26.189638182520866 63.280144318938255
leaf_count=769 152 665 223 104 81 387 85 133 1031 96 465 245 105 254
internal_value=0.000548195 -0.00322165 -0.00563798 0.00160256 0.00610877 0.000250388 0.000942897 -0.000184842 0.000540481 -0.00261294 0.0034877 0.00694277 0.00962197 0.0147307
internal_weight=1193.35 258.57 220.723 934.782 211.697 723.084 697.263 600.929 579.785 280.368 299.417 183.576 150.47 89.4698
internal_count=4795 1040 888 3755 850 2905 2801 2414 2329 1127 1202 737 604 359
is_linear=0
shrinkage=0.03


Tree=50
num_leaves=15
num_cat=0
split_feature=18 26 11 19 16 7 21 26 25 39 19 19 42 39
split_gain=4.49005 4.99281 5.03634 4.35991 7.99777 7.95696 4.5377 6.67082 4.45795 4.47996 4.091 4.53716 4.17665 4.65743
threshold=13.550000000000002 12.607692307692309 25.266666666666669 -5.9499999999999993 3.3500000000000001 -1.1398682026958291 10.35159676357013 3.9736842105263164 -1.392307692307692 648.9405088764106 10.850000000000003 12.750000000000002 22.500000000000004 1209.0879194799502
decision_type=10 10 8 10 10 2 8 8 10 2 10 10 8 2
left_child=1 3 -3 4 5 -1 7 8 9 -5 12 -12 13 -8
right_child=-2 2 -4 6 -6 -7 10 -9 -10 -11 11 -13 -14 -15
leaf_value=-0.0096545043294152238 0.011763466118069284 0.01314790151188581 -0.0054734266440156455 0.010068400082183458 0.015471336464896096 0.006114657943878353 -0.0037525236620820682 -0.0057628114779621868 0.011621503605852989 -0.006763686594629721 0.015367089863294905 -0.0022472572091993192 -0.011721342673152602 0.0015286053193150763
leaf_weight=42.274123877286911 24.15040297806263 41.509426549077034 14.952235862612723 18.690870225429535 35.869710490107536 68.689009189605713 515.06578655540943 49.35551942884922 68.047908186912537 30.640721693634987 19.434826791286469 26.161882147192955 39.775701135396957 208.13649399578571
leaf_count=170 97 167 60 75 144 276 2071 198 273 123 78 105 160 836
internal_value=0.000132241 -0.000154777 0.00817248 -0.000608165 0.00412614 -5.02328e-05 -0.00133833 0.00310451 0.00691613 -4.66305e-05 -0.00226792 0.00603722 -0.00280033 -0.00223256
internal_weight=1202.75 1178.6 56.4617 1122.14 146.833 110.963 975.31 166.735 117.38 49.3316 808.575 45.5967 762.978 723.202
internal_count=4833 4736 227 4509 590 446 3919 669 471 198 3250 183 3067 2907
is_linear=0
shrinkage=0.03


Tree=51
num_leaves=15
num_cat=0
split_feature=41 28 39 27 20 41 10 18 25 10 18 18 10 12
split_gain=4.80365 6.15704 6.40924 4.96499 6.72181 6.14687 4.82897 4.7831 9.81341 7.92857 7.62764 7.53442 6.68257 8.25342
threshold=72.500000000000014 8.5000000000000018 415.26458811860863 7.5000000000000009 10.437645541234113 87.500000000000014 -5.0999999999999979 3.9500000000000006 4.3484848484848486 0.7999999999999996 5.4500000000000011 7.9500000000000011 -17.774999999999995 28.300000000000001
decision_type=8 2 2 2 10 8 10 8 8 8 8 10 10 10
left_child=7 2 -2 4 -4 -6 -5 12 9 -9 -10 -12 -1 -14
right_child=1 -3 3 6 5 -7 -8 8 10 -11 11 -13 13 -15
leaf_value=0.013566144137933228 0.0058098478252364026 0.010289399030112957 0.0017509359018709249 -0.010737114912899503 -0.019704150433211512 -0.0028516080148983164 0.0065990127063911518 -0.0018226228500402124 -0.0089049395183519887 -0.014930267119720706 0.018159061097294302 0.00036191279061545438 0.002726286866155554 -0.0070781319506829929
leaf_weight=38.445855751633644 33.27599436044693 19.889797776937485 27.363572895526886 18.405299499630928 63.894952043890953 29.816750690340996 32.840057179331779 114.13469016551971 24.161409810185432 61.818796202540398 36.608806565403938 44.526747271418571 557.51479677855968 84.713326454162598
leaf_count=155 134 80 110 74 257 120 132 459 97 249 147 179 2239 340
internal_value=-0.000114244 -0.00400567 -0.00560006 -0.00790507 -0.0111055 -0.0147581 -2.84179e-05 0.000813949 -0.00244869 -0.00671311 0.00465852 0.00898005 0.00217008 0.00138834
internal_weight=1187.41 225.486 205.597 172.321 121.075 93.7117 51.2454 961.924 281.25 175.953 105.297 81.1356 680.674 642.228
internal_count=4772 907 827 693 487 377 206 3865 1131 708 423 326 2734 2579
is_linear=0
shrinkage=0.03


Tree=52
num_leaves=15
num_cat=0
split_feature=7 14 19 41 24 26 35 14 5 2 41 24 2 42
split_gain=6.86533 8.43373 8.11781 7.59008 5.71397 5.05787 4.90217 8.11339 7.19541 8.79783 7.70402 7.19154 5.79418 5.35653
threshold=-2.9129911582488415 16.300000000000001 0.45000000000000007 57.500000000000007 -0.033333333333333333 -4.2792207792207781 1.0000000180025095e-35 15.900000000000002 0.60540501999501906 0.39225756527079253 61.500000000000007 -0.33630952380952372 0.81720447315021671 9.5000000000000018
decision_type=2 10 10 10 10 8 2 10 2 2 8 8 2 10
left_child=1 -1 3 -3 -4 -5 12 -8 9 10 -9 -12 -2 -10
right_child=6 2 4 5 -6 -7 7 8 13 -11 11 -13 -14 -15
leaf_value=0.0095525919940878268 0.0022338820784235571 -0.00082783507915633022 0.0069782245264516218 -0.0054961220691577472 -0.0073033061185422713 -0.025426867523066821 -0.013795840183477138 -0.013621310226950636 -0.0072240793011109005 0.010778046150374403 -0.0087747334309826851 0.01454523015692469 0.014552837103247413 0.0049747182109749644
leaf_weight=28.155550494790077 595.93744114041328 30.314367860555649 42.615650743246078 20.483017429709435 48.630693778395653 36.526227414608002 37.109525591135025 29.659360930323601 121.78328786790371 87.669231921434402 15.920626580715178 23.880293637514114 31.770748376846313 39.546863257884979
leaf_count=113 2394 122 171 83 196 147 149 119 490 352 64 96 128 159
internal_value=0.000332756 -0.0045713 -0.00699778 -0.0132704 -0.000617256 -0.0192865 0.0013817 -0.00142008 0.000213011 0.00470725 -0.00316421 0.00527886 0.00296747 -0.00417413
internal_weight=1190 206.726 178.57 87.3236 91.2463 57.0092 983.277 355.569 318.46 157.13 69.4603 39.8009 627.708 161.33
internal_count=4783 832 719 352 367 230 3951 1429 1280 631 279 160 2522 649
is_linear=0
shrinkage=0.03


Tree=53
num_leaves=15
num_cat=0
split_feature=7 19 39 41 39 21 1 25 15 27 4 21 15 27
split_gain=4.09138 6.75493 5.84597 3.98413 8.76129 5.35117 5.24615 9.88654 8.60853 7.35397 7.2776 6.81969 6.2322 6.50681
threshold=5.1980734470812928 4.4500000000000011 805.56686694648761 58.500000000000007 458.9740145139013 19.953974411459772 40.250000000000007 -4.6547619047619042 -1.3874999999999997 7.5000000000000009 49.897360980045171 11.946175585144845 -3.8499999999999992 10.500000000000002
decision_type=2 8 2 10 2 10 2 8 8 2 2 10 10 2
left_child=3 2 -2 -1 -5 6 7 -6 9 10 11 -8 13 -11
right_child=1 -3 -4 4 5 -7 8 -9 -10 12 -12 -13 -14 -15
leaf_value=0.0013151884381417966 -0.010624754278379056 0.019225896687712674 0.0089224944465166982 0.0036886320262211848 -0.01104139507678005 0.0098835859441542932 -0.025400776414444565 0.0079124628180164604 -0.0098318481844939833 0.011552785626139763 0.0037606246589122847 -0.0039961280242291905 0.0137809992878428 -0.009098809685726239
leaf_weight=449.10500605404377 20.90353636443615 19.668287679553032 24.399823188781738 164.06265218555927 33.035222053527832 18.904672116041183 19.869164630770683 66.213791787624359 241.48624491691589 16.417759403586388 33.04034098982811 34.05735781788826 35.614486485719681 33.555660665035248
leaf_count=1804 84 79 98 660 133 76 80 266 971 66 133 137 143 135
internal_value=-0.000452393 0.00659368 -0.000256423 -0.00087901 -0.00229361 -0.00415496 -0.00476237 0.00137665 -0.00623281 -0.001061 -0.00701034 -0.0133688 0.00503745 -0.00188047
internal_weight=1210.33 64.9716 45.3034 1145.36 696.257 532.195 513.29 99.249 414.041 172.555 86.9669 53.9265 85.5879 49.9734
internal_count=4865 261 182 4604 2800 2140 2064 399 1665 694 350 217 344 201
is_linear=0
shrinkage=0.03


Tree=54
num_leaves=15
num_cat=0
split_feature=5 22 11 25 35 39 39 11 25 25 10 26 22 26
split_gain=7.12215 7.17279 6.20605 5.34039 4.72923 4.49596 8.10691 9.00181 6.98258 6.7033 5.57286 5.32966 5.24379 9.91582
threshold=0.29456622847974528 0.07417582417582419 18.700000000000006 -3.2792207792207786 1.0000000180025095e-35 1505.5882577139103 1842.9787499682704 27.700000000000006 -2.964285714285714 -15.966666666666665 22.700000000000006 -3.8708333333333331 0.62019230769230782 0.83974358974358987
decision_type=2 8 10 8 2 2 2 10 10 8 8 8 10 10
left_child=1 -1 4 -4 -3 9 11 8 -8 -2 12 -7 -11 -14
right_child=5 2 3 -5 -6 6 7 -9 -10 10 -12 -13 13 -15
leaf_value=-0.0094597859035315795 0.013809814447563719 0.026120516654867927 -0.0090204041346949541 0.012165870145220758 0.0054456462151047606 -0.0017580317100183986 -0.0059649919651515552 -0.016336942499211807 0.0083637016216408511 -0.0037427188464804468 -0.015646788686608775 0.014668550424161587 0.0067272977589508164 -0.0040870230864002892
leaf_weight=14.905529141426085 18.412459701299667 22.794500157237053 18.177124366164207 14.929612144827841 20.659983232617378 23.648673936724663 50.509578630328178 25.084342464804649 63.720562487840652 555.74657800793648 23.137478813529015 56.296587437391281 143.30902706086636 152.43034133315086
leaf_count=60 74 92 73 60 83 95 203 101 256 2234 94 226 576 612
internal_value=-0.00045468 0.00736869 0.0110241 0.000876329 0.0178671 -0.00112811 0.00267959 -0.00171737 0.00204348 -0.0020727 -0.00248365 0.00999193 -0.00203672 0.00117809
internal_weight=1203.76 91.4667 76.5612 33.1067 43.4545 1112.3 219.26 139.314 114.23 893.036 874.623 79.9453 851.486 295.739
internal_count=4839 368 308 133 175 4471 881 560 459 3590 3516 321 3422 1188
is_linear=0
shrinkage=0.03


Tree=55
num_leaves=15
num_cat=0
split_feature=22 13 11 7 17 11 25 9 42 42 9 11 15 15
split_gain=3.90994 6.01589 5.62482 6.30277 5.8562 4.76662 5.46759 4.61771 3.85623 3.76406 3.80415 3.74658 4.24838 7.74133
threshold=0.41987179487179493 29.100000000000005 17.500000000000004 -3.5110150818073538 1.6000000000000005 18.100000000000005 0.17424242424242428 3.1000000000000005 11.500000000000002 26.500000000000004 1.1000000000000003 15.900000000000002 0.72500000000000009 -0.24999999999999997
decision_type=8 10 10 2 8 10 10 10 8 8 8 8 10 8
left_child=2 9 3 -1 8 -4 -7 -3 -5 11 -11 -2 13 -13
right_child=1 7 5 4 -6 6 -8 -9 -10 10 -12 12 -14 -15
leaf_value=-0.0162333677708211 -0.009161356949389101 -0.019223942198216017 0.0168451638477389 0.0064360218453854475 -0.010428933750374221 0.0052662891375762806 -0.0092442660906373337 0.0010268063184547987 -0.00519615229378093 -0.018576198850577531 0.00086550598002671172 0.00082868710189679226 -0.0014194524922518934 0.013281988764126998
leaf_weight=18.325840696692467 32.818396538496017 22.963278874754906 23.893588855862617 92.313546344637871 29.821549788117409 207.66743938624859 21.664435625076294 15.133838370442389 30.615084767341614 15.137769863009451 15.690451472997667 218.5266495347023 399.31848149001598 51.804444089531898
leaf_count=74 132 93 96 371 120 835 87 61 123 61 63 878 1605 208
internal_value=0.000171483 -0.00109962 0.00246828 -0.00170698 0.000495081 0.00526746 0.00372751 -0.0119936 0.00344919 -0.000456246 -0.0099412 2.73241e-05 0.000542206 0.00341302
internal_weight=1195.69 771.393 424.301 171.076 152.75 253.225 229.332 38.0971 122.929 733.296 30.8282 702.468 669.65 270.331
internal_count=4807 3101 1706 688 614 1018 922 154 494 2947 124 2823 2691 1086
is_linear=0
shrinkage=0.03


Tree=56
num_leaves=15
num_cat=0
split_feature=41 23 39 9 24 27 10 10 24 20 39 39 20 42
split_gain=3.83861 7.4489 5.71519 5.51392 7.65296 9.53921 7.22335 4.73373 5.81546 5.15742 7.80695 7.55346 6.39871 6.33559
threshold=72.500000000000014 0.89181286549707617 958.3874808567133 -10.299999999999999 0.16042250233426705 7.5000000000000009 -4.0999999999999988 22.100000000000005 0.23076923076923084 14.560219778561033 1355.1810456524684 2275.5466847730363 12.251303313429652 12.500000000000002
decision_type=10 10 2 8 10 2 10 10 8 10 2 2 10 10
left_child=1 7 -3 -2 5 -5 -7 8 9 10 13 12 -12 -1
right_child=3 2 -4 4 -6 6 -8 -9 -10 -11 11 -13 -14 -15
leaf_value=-0.0075975033760614374 0.008730179042876254 0.0016523216242721238 0.017737133354019344 -0.0074951729266478587 -0.017377026808199695 -0.0038865411776433955 0.020848841293368444 -0.013494622379993845 0.0037109708827788388 0.0017021490745481613 0.014512649346620599 -0.010354882769243231 -0.0022358813608907256 0.0037294647775106583
leaf_weight=279.21642488241196 20.765349194407463 46.53401006758213 31.283337354660034 93.771109968423843 37.438233196735382 17.156676456332207 18.189414545893669 19.882031321525574 242.74750332534313 256.12303423881531 46.069011390209198 22.38615295290947 32.355993419885635 49.543479606509209
leaf_count=1123 84 187 126 377 151 69 73 81 976 1028 185 90 130 199
internal_value=-0.000558526 0.000169636 0.00879904 -0.0044481 -0.00629766 -0.00255707 0.00984878 -0.000580909 -0.000233566 -0.00164676 -0.00364008 0.003535 0.00788281 -0.00586025
internal_weight=1213.46 1026.14 77.8173 187.321 166.555 129.117 35.3461 948.324 928.442 685.694 429.571 100.811 78.425 328.76
internal_count=4879 4125 313 754 670 519 142 3812 3731 2755 1727 405 315 1322
is_linear=0
shrinkage=0.03


Tree=57
num_leaves=15
num_cat=0
split_feature=7 27 1 11 11 7 39 3 3 1 15 13 21 26
split_gain=5.00178 4.82096 6.11717 7.40998 11.3747 6.01694 5.70596 7.03948 8.53782 10.2074 6.54837 6.52728 5.98243 9.89281
threshold=-5.6837429502595418 12.500000000000002 40.250000000000007 15.675000000000002 19.450000000000003 5.1980734470812928 1209.0879194799502 0.031710224548646367 0.025146607476110087 43.750000000000007 -2.1499999999999999 26.300000000000001 13.216361911587009 5.6961538461538472
decision_type=2 2 2 8 10 2 2 2 2 2 10 10 10 10
left_child=-1 2 3 -2 -5 -4 7 8 9 -3 -10 -11 -8 -14
right_child=1 6 5 4 -6 -7 12 -9 10 11 -12 -13 13 -15
leaf_value=-0.0097717891741883854 -0.0068325382462433174 -0.0044522095879093865 -0.0032646349635222427 0.016957745022182186 -0.00079693049411042689 0.0085868722297561817 0.0011287668223409599 0.011725809630165014 0.0026949716545142384 0.013041036516917027 -0.019561199463509975 -0.0048164252716073582 0.022284817936661865 -0.0039912696538872711
leaf_weight=41.104314506053925 39.009479075670242 112.80717355012894 567.06604102253914 55.767019793391228 68.837614580988884 36.590368658304214 52.76974056661129 39.35114811360836 16.403830409049988 68.94121478497982 29.862532764673233 21.601168602705002 40.10361085832119 16.168996348977089
leaf_count=166 157 453 2281 224 277 147 212 158 66 277 120 87 161 65
internal_value=-7.98873e-05 0.000302276 -0.00108709 0.0039791 0.00749686 -0.00248162 0.0029609 0.000705617 -0.00122783 0.00149578 -0.012177 0.00875159 0.00864454 0.0150252
internal_weight=1206.38 1165.28 767.271 163.614 124.605 603.656 398.009 288.967 249.616 203.35 46.2664 90.5424 109.042 56.2726
internal_count=4851 4685 3086 658 501 2428 1599 1161 1003 817 186 364 438 226
is_linear=0
shrinkage=0.03


Tree=58
num_leaves=15
num_cat=0
split_feature=13 15 42 26 41 11 21 25 35 11 11 15 6 42
split_gain=5.32689 8.3017 8.72901 8.29095 7.54843 8.83731 7.46525 7.24407 7.15135 6.33343 6.23599 6.0925 6.40332 7.76215
threshold=26.500000000000004 0.95000000000000007 3.5000000000000004 8.6833333333333353 70.500000000000014 16.300000000000001 13.519122259476264 -3.7386363636363629 1.0000000180025095e-35 15.450000000000001 22.300000000000001 -1.0499999999999998 -0.29645569339099892 1.5000000000000002
decision_type=8 10 10 10 8 10 10 10 2 8 10 10 2 10
left_child=1 3 -3 4 5 -1 10 -7 -8 -2 -4 12 13 -11
right_child=9 2 6 -5 -6 7 8 -9 -10 11 -12 -13 -14 -15
leaf_value=-0.0040308207977208322 0.0074953314525727727 -0.0064676282395749116 -0.0030766873584368972 0.013985720035926782 -0.0053038146455661279 0.016642068896686669 0.0019615117879245494 0.0043502118689746497 -0.011468297613092707 -0.001239270454861749 0.010058134640828019 0.003628849527204278 -0.0025377477753319297 -0.020676033153325189
leaf_weight=77.588837236166 35.571601986885071 186.75633506476879 43.061605885624886 61.102625206112862 84.220155268907547 53.760581076145172 92.566950127482414 185.76981647312641 51.901737168431282 28.832928881049156 107.23786973953247 48.968483671545982 95.010665476322174 50.131603598594666
leaf_count=312 143 751 173 246 339 216 372 746 209 116 431 197 383 202
internal_value=0.000223703 0.00127065 -0.00148063 0.00412066 0.00246513 0.0045787 0.00173416 0.00739289 -0.00308551 -0.00355081 0.00631704 -0.00543902 -0.00802141 -0.0140754
internal_weight=1202.48 943.967 481.524 462.442 401.339 317.119 294.768 239.53 144.469 258.515 150.299 222.944 173.975 78.9645
internal_count=4836 3795 1936 1859 1613 1274 1185 962 581 1041 604 898 701 318
is_linear=0
shrinkage=0.03


Tree=59
num_leaves=15
num_cat=0
split_feature=12 39 3 26 26 17 29 18 12 25 27 28 44 16
split_gain=4.78779 5.64298 7.79618 6.66086 8.23011 5.61829 6.61144 7.39809 8.27498 6.4148 7.26531 6.60947 5.67542 5.26994
threshold=15.100000000000001 1842.9787499682704 0.024840232257265508 -3.3693181818181812 0.72077922077922085 5.1500000000000012 6.5000000000000009 -0.84999999999999998 24.700000000000006 -3.5916666666666663 15.500000000000002 6.5000000000000009 1.0000000180025095e-35 -1.3499999999999999
decision_type=10 2 2 8 10 8 2 8 10 10 2 2 2 10
left_child=13 5 3 -3 -5 9 -7 8 -8 10 11 -2 -11 -1
right_child=1 2 -4 4 -6 6 7 -9 -10 12 -12 -13 -14 -15
leaf_value=-0.0023906094387259407 -0.011124212959458552 0.01346640433621661 -0.013698186102635179 -0.017455430769405235 0.0036985146368596462 -0.0071692485667971279 0.0055928619138607468 0.012403730048076433 -0.015934914988986356 -0.0028294121928939659 0.015936512813383069 0.0036677844507996601 0.0093601475395984658 -0.019086705009079427
leaf_weight=101.97322578728199 25.856393501162529 21.865979373455048 48.714374050498009 21.127442300319672 41.557210147380829 26.85461488366127 64.095923274755478 116.64141769707203 15.94651375710964 408.36816760897636 34.080375030636787 230.01764813065529 32.627867460250854 15.928950846195219
leaf_count=412 104 88 196 85 167 108 258 469 64 1641 137 925 131 64
internal_value=0.000284297 0.000914553 -0.00475807 0.000870065 -0.00419406 0.00172723 0.00583314 0.00774217 0.000619256 0.000440464 0.00387025 0.00198847 -0.00183272 -0.00533104
internal_weight=1205.66 1087.75 133.265 84.5506 62.6847 954.489 223.538 196.684 80.0424 730.95 289.954 255.874 440.996 117.902
internal_count=4849 4373 536 340 252 3837 899 791 322 2938 1166 1029 1772 476
is_linear=0
shrinkage=0.03


Tree=60
num_leaves=15
num_cat=0
split_feature=41 20 13 15 14 24 41 8 44 8 8 10 14 20
split_gain=5.17655 6.64697 6.59314 6.25799 10.2293 4.19498 7.08563 11.2306 5.42912 5.21762 6.63726 5.19695 4.32165 4.3002
threshold=33.500000000000007 11.250925755086792 23.300000000000001 8.2500000000000018 20.900000000000002 -0.46547619047619043 68.500000000000014 -0.49999999999999994 1.0000000180025095e-35 -7.6999999999999984 1.7000000000000004 -22.099999999999998 19.500000000000004 15.316113208884937
decision_type=8 10 10 10 10 10 8 8 2 10 10 8 10 8
left_child=1 -1 -3 5 -5 6 9 -8 13 11 -11 -2 -10 -7
right_child=3 2 -4 4 -6 8 7 -9 12 10 -12 -13 -14 -15
leaf_value=-0.0063649229939450828 0.012581688293767544 0.019740953633005685 -0.0013453498672762858 0.0027897733429030061 -0.016581716837772823 -0.0033645667604062387 -0.010653087094829743 0.011368347465629796 0.016487291219681767 0.019729680514523808 -0.0019911851166651518 -0.0065622099602803642 0.0016382990055236434 0.0014639940968480688
leaf_weight=20.411131992936134 15.593616008758543 32.882928803563118 19.670684561133385 41.542521789669991 50.818889901041985 539.71316879987717 52.415836572647095 27.90737096965313 20.140565380454063 43.923619508743286 15.92619653046131 28.613186597824097 63.584451943635941 235.34446007013321
leaf_count=82 63 132 79 167 205 2171 211 112 81 177 64 115 256 946
internal_value=-0.000389178 0.00709185 0.0124172 -0.000898866 -0.00817295 -0.000218905 0.00382592 -0.00278416 -0.00110444 0.00882207 0.0142418 0.000782934 0.00593814 -0.0018984
internal_weight=1208.49 72.9647 52.5536 1135.52 92.3614 1043.16 184.38 80.3232 858.783 104.057 59.8498 44.2068 83.725 775.058
internal_count=4861 293 211 4568 372 4196 742 323 3454 419 241 178 337 3117
is_linear=0
shrinkage=0.03


Tree=61
num_leaves=15
num_cat=0
split_feature=22 13 2 2 12 14 5 18 10 35 4 29 23 21
split_gain=5.36743 8.8241 8.25343 7.49499 8.85307 8.9888 7.29627 9.10375 7.24065 7.03337 5.98993 5.91185 5.32549 5.56055
threshold=0.37980769230769235 25.300000000000001 0.74087741323255141 0.76810037419608046 18.300000000000001 18.100000000000005 0.6092947275225401 0.65000000000000002 22.700000000000006 1.0000000180025095e-35 100.11604849995457 13.500000000000002 0.12916666666666668 11.757267256183882
decision_type=8 10 2 2 8 10 2 10 10 2 2 2 10 10
left_child=11 2 6 4 -3 -6 -2 10 -4 -7 -8 12 -1 -14
right_child=1 3 8 -5 5 9 7 -9 -10 -11 -12 -13 13 -15
leaf_value=-0.006238817419659543 0.0010254565619900958 0.0093893571096317872 0.0072827034141794665 -0.023538393136484623 0.0068651792139379263 -0.01954598774375095 -0.022721669062606881 0.0017140829141949899 -0.010797973890826268 -0.0013723167388899793 -0.0070969368914252581 -0.012073408179854033 -0.00088064063844453262 0.0076842526811850302
leaf_weight=38.6264987885952 289.69635564088821 26.292104199528694 166.14045138657093 19.075739726424217 22.396201848983765 51.542557030916214 26.365591675043106 79.910255014896393 18.093087121844292 30.205184534192085 105.74309819936752 17.907485499978065 97.821326598525047 213.43559476733208
leaf_count=157 1164 106 668 77 90 208 106 321 74 122 425 72 393 858
internal_value=-0.000209356 -0.00153746 -7.79613e-05 -0.0080143 -0.0049588 -0.00884532 -0.00207389 -0.00623481 0.00526866 -0.0132971 -0.0109301 0.00278767 0.00370766 0.00502113
internal_weight=1203.25 835.461 685.949 149.512 130.436 104.144 501.715 212.019 184.234 81.7477 132.109 367.791 349.883 311.257
internal_count=4841 3361 2758 603 526 420 2016 852 742 330 531 1480 1408 1251
is_linear=0
shrinkage=0.03


Tree=62
num_leaves=15
num_cat=0
split_feature=7 35 8 20 39 24 12 7 4 12 16 20 2 9
split_gain=5.80556 5.55914 5.75091 5.20641 5.02689 5.01574 4.9086 4.61255 4.53418 4.54264 8.28713 6.37469 5.43655 6.18415
threshold=-5.2827185163773898 1.0000000180025095e-35 14.300000000000002 11.384199576606173 312.99475277887353 -0.59166666666666645 28.300000000000001 -3.7372007672302829 -139.69847691251616 21.100000000000005 1.2500000000000002 10.30237195403368 0.54618794584328312 -2.8999999999999995
decision_type=2 2 10 10 2 10 10 2 2 8 10 10 2 10
left_child=-1 2 7 5 6 -3 -5 -2 -9 10 11 -10 -13 -14
right_child=1 3 -4 4 -6 -7 -8 8 9 -11 -12 12 13 -15
leaf_value=-0.0077184955011627299 -0.0059848998306345942 0.0077855751369787802 0.015874199739522896 0.0091397920272918241 -0.0018962363281635 -0.0087650197735855313 -0.0076214265979273809 0.011349948772842519 0.013485879838552961 0.00017125804731379772 0.015414656773848028 0.0085293111089984261 0.00015963151566299804 -0.015861750823940982
leaf_weight=59.17622047662735 48.65810264647007 15.431688606739042 25.575099632143974 82.735037446022034 190.60727298259735 103.61055865883827 15.167872741818426 51.542354613542557 34.272731110453606 351.89362826943398 53.020882397890091 45.761786624789238 111.42510311305523 21.893106013536453
leaf_count=239 196 62 103 333 767 417 61 208 138 1414 213 184 449 88
internal_value=0.00107345 0.00155665 0.00309203 -0.00124989 0.000944616 -0.00639219 0.00629887 0.00253047 0.00318882 0.00242287 0.00533941 0.00253994 0.000135683 -0.00294962
internal_weight=1210.77 1151.6 744.043 407.552 288.51 119.042 97.9029 718.468 669.81 618.267 266.374 213.353 179.08 133.318
internal_count=4872 4633 2993 1640 1161 479 394 2890 2694 2486 1072 859 721 537
is_linear=0
shrinkage=0.03


Tree=63
num_leaves=15
num_cat=0
split_feature=25 22 5 2 23 18 20 10 22 39 41 24 18 18
split_gain=4.85239 6.96011 7.94621 6.56092 5.22191 5.06799 4.47228 5.91108 7.6226 10.6623 8.12922 9.2922 6.33482 6.63458
threshold=10.861904761904764 0.81534090909090928 0.65256665321101182 0.52462618965897123 0.12916666666666668 4.0500000000000007 14.599276987682339 10.900000000000004 0.38675213675213682 1173.0905147901456 44.500000000000007 -0.22048611111111108 -7.6499999999999995 -5.8499999999999988
decision_type=10 10 2 2 8 8 10 8 8 2 8 10 10 10
left_child=1 4 3 -3 -1 -2 7 8 -6 12 -11 -12 -10 -14
right_child=5 2 -4 -5 6 -7 -8 -9 9 10 11 -13 13 -15
leaf_value=-0.0071266661595869134 -0.011325256912176274 0.011671318077486767 0.01781035771366021 -0.011657981317147022 0.0027801566290186633 0.0037147759816849647 0.0037499919067800164 0.0079077611057708653 -0.022085441602792508 0.020909561676916603 0.014385898912373095 -0.0064885463121223249 0.010428925975854339 -0.007342504364236919
leaf_weight=70.128438353538513 53.156810656189919 14.92100106179714 41.016392767429352 18.879701107740402 226.62031352519989 27.815666884183884 354.0598002076149 63.175722762942314 20.139535918831825 15.44074437022209 22.420868441462517 58.965190187096596 16.41624616086483 204.6642685085535
leaf_count=285 214 60 165 76 911 112 1423 254 81 62 90 237 66 824
internal_value=0.000632055 0.00115149 0.00969321 -0.00118258 0.000501048 -0.00624314 0.00107917 -0.000444711 -0.0014404 -0.00426907 0.00399541 -0.000238085 -0.00760023 -0.00582143
internal_weight=1207.82 1126.85 74.8171 33.8007 1052.03 80.9725 981.903 627.843 564.667 338.047 96.8268 81.3861 241.22 221.081
internal_count=4860 4534 301 136 4233 326 3948 2525 2271 1360 389 327 971 890
is_linear=0
shrinkage=0.03


Tree=64
num_leaves=15
num_cat=0
split_feature=9 3 14 5 23 20 26 14 10 3 25 21 22 20
split_gain=5.98159 5.39669 5.11262 5.21705 5.08659 4.09327 6.18098 9.19841 7.77784 6.9076 6.12062 7.50564 5.80348 5.09829
threshold=-8.6999999999999975 0.026044275529286124 27.450000000000003 0.63724207706733582 0.17261904761904764 15.316113208884937 1.767857142857143 19.500000000000004 -0.20000000000000009 0.025177278803792173 2.5166666666666671 13.63981101205014 0.33974358974358981 16.748465604593992
decision_type=10 2 8 2 8 8 8 10 10 2 8 10 8 10
left_child=1 2 4 -4 -1 -2 9 10 12 13 11 -8 -9 -7
right_child=5 -3 3 -5 -6 6 7 8 -10 -11 -12 -13 -14 -15
leaf_value=0.0096814991111865475 5.8607141786279918e-05 0.0044133857498940589 -0.0015178228326228973 -0.018526789167175636 -0.0075929756210936341 0.019830158952802508 -0.012246127733892873 0.0013539574919547192 0.0043400416370486059 -0.003258459777274402 0.015248572412754298 0.010352045136994795 -0.019827117120175521 0.0063485008649817364
leaf_weight=20.729706153273582 723.71919111907482 39.854024320840836 25.521555557847023 44.693891301751137 33.039649352431297 41.539257630705833 20.878674253821373 15.677853271365164 32.394180044531822 32.592937260866165 37.104180678725243 22.079910397529602 34.305941641330719 71.893682479858398
leaf_count=84 2911 161 103 181 133 167 84 63 130 131 149 89 138 289
internal_value=0.000448699 -0.00479018 -0.007805 -0.0128563 -0.000676067 0.00129935 0.00416299 9.80244e-05 -0.00674122 0.00853195 0.00711766 -0.000762764 -0.0136645 0.0119143
internal_weight=1196.02 163.839 123.985 70.2154 53.7694 1032.19 308.467 162.441 82.378 146.026 80.0628 42.9586 49.9838 113.433
internal_count=4813 662 501 284 217 4151 1240 653 331 587 322 173 201 456
is_linear=0
shrinkage=0.03


Tree=65
num_leaves=15
num_cat=0
split_feature=16 39 30 21 16 22 14 12 10 5 39 1 4 24
split_gain=3.08118 7.07036 6.39986 6.30658 5.43092 5.33353 4.94864 4.75083 7.25795 7.94113 5.57358 8.23356 7.37281 5.34819
threshold=-4.6499999999999995 1479.389932570308 -1.0000000180025095e-35 11.312726320967203 -7.7499999999999991 0.31980519480519487 26.633333333333336 21.500000000000004 9.7000000000000028 0.28460077079440721 446.89461688094599 49.250000000000007 -74.735989295202657 -0.051785714285714289
decision_type=10 2 2 10 10 10 10 10 10 2 2 2 2 10
left_child=1 2 -1 5 6 -4 -5 -2 9 -9 11 12 -11 -12
right_child=7 -3 3 4 -6 -7 -8 8 -10 10 13 -13 -14 -15
leaf_value=-0.016245432178371384 0.0036498798845686574 0.0065210711380470909 -0.0056779082205996988 -0.010112751712991563 -0.011307813284754742 0.014317153923073419 0.006548466532182746 0.0079858555195723921 0.011674650232413394 -0.014333470940477745 -0.0013320358020901791 0.019694003684965277 0.0034693495642562854 -0.0084414844170411611
leaf_weight=34.439136564731598 341.62416051328182 53.3650141954422 16.118160396814346 19.818652078509331 70.452753365039825 25.853157311677933 40.448590785264969 63.770716041326523 34.615207627415657 22.407941773533821 207.02669259905815 16.174163222312927 83.822430163621902 174.98264241218567
leaf_count=139 1374 215 65 80 284 104 164 257 139 90 832 65 337 704
internal_value=5.16825e-05 -0.00280552 -0.00530549 -0.00272804 -0.00594291 0.00685147 0.000714504 0.000850394 -0.000753129 -0.0016055 -0.00288457 0.0026083 -0.000761437 -0.00465557
internal_weight=1204.92 260.495 207.13 172.691 130.72 41.9713 60.2672 944.424 602.8 568.185 504.414 122.405 106.23 382.009
internal_count=4849 1051 836 697 528 169 244 3798 2424 2285 2028 492 427 1536
is_linear=0
shrinkage=0.03


Tree=66
num_leaves=15
num_cat=0
split_feature=17 21 18 22 17 18 4 20 42 23 24 9 12 4
split_gain=4.30964 5.22535 5.69975 3.86872 8.03968 7.3269 6.22166 9.55191 6.55593 9.25234 6.09212 6.04584 5.87131 5.85724
threshold=-14.049999999999999 16.947139862251607 2.7500000000000004 0.62828947368421062 12.650000000000004 4.9500000000000011 118.1848361417142 14.150382798120106 9.5000000000000018 0.56696428571428581 0.16789215686274514 2.1000000000000005 27.100000000000005 320.85011170571573
decision_type=10 8 10 8 10 10 2 10 10 8 10 10 10 2
left_child=1 2 -1 5 6 -2 7 10 9 13 -5 -9 -13 -8
right_child=3 -3 -4 4 -6 -7 8 11 -10 -11 -12 12 -14 -15
leaf_value=0.021469581432520885 -0.00026696273180733422 -0.003542113389151494 -0.00034844557007083962 -0.0020970908096348993 -0.0094747078224041124 -0.0075927053786333876 0.012190592415676273 -0.002405919899386742 0.016149584261574586 -0.006706215627405563 -0.018024268664909977 0.021771285692699472 0.00088710688355989119 -0.0058766386804966148
leaf_weight=23.277782469987869 557.97252960503101 23.863014310598373 17.157129377126694 86.819440007209778 46.361565291881561 152.71711325645447 77.398387745022774 34.783381476998329 46.768525049090385 48.517754346132278 24.536113068461418 25.876500904560089 20.665828973054886 16.872930511832237
leaf_count=94 2245 96 69 349 188 616 311 140 188 195 99 104 83 68
internal_value=-9.08787e-05 0.00717418 0.0131923 -0.000530452 0.00170849 -0.00188321 0.00316972 -0.000635603 0.00695467 0.00349853 -0.00623022 0.00694201 0.0134839 0.00882376
internal_weight=1203.59 64.2979 40.4349 1139.29 428.6 710.69 382.239 192.681 189.558 142.789 111.356 81.3257 46.5423 94.2713
internal_count=4845 259 163 4586 1725 2861 1537 775 762 574 448 327 187 379
is_linear=0
shrinkage=0.03


Tree=67
num_leaves=15
num_cat=0
split_feature=16 18 10 11 18 10 16 10 10 10 25 18 7 10
split_gain=5.09032 4.59575 7.34285 4.57606 4.3199 6.77427 5.12611 4.35558 4.29178 5.84137 5.56816 4.48425 4.87943 4.0953
threshold=7.3166666666666673 -2.7499999999999996 -16.699999999999996 18.900000000000002 -8.1499999999999968 1.1000000000000001 6.3500000000000005 -4.6999999999999984 -14.099999999999998 -17.774999999999995 -15.966666666666665 -6.4499999999999993 1.5675143910050611 -10.299999999999997
decision_type=8 8 8 10 10 10 10 8 10 10 8 10 2 10
left_child=4 3 -3 -2 5 7 8 -1 9 -6 -10 12 -12 -13
right_child=1 2 -4 -5 6 -7 -8 -9 10 -11 11 13 -14 -15
leaf_value=-0.0025714915995553689 0.0064413057067993357 -0.0032778098683386679 0.013834557819962805 -0.012385228706019675 0.0034677651349210854 0.0025188927120337883 -0.010209434318118842 -0.024177455871332628 0.016247830842123674 -0.013883089323833782 0.0142832239384233 0.0079020174670581377 -0.0043385773179963824 -0.00036403598988106668
leaf_weight=15.171626701951025 19.050781682133675 29.733374834060669 71.1302330493927 17.931309089064598 27.534611314535141 30.7728341370821 36.318622276186943 18.367071136832237 16.390497490763664 36.053439766168594 36.749761193990707 52.874482527375221 15.41356600821018 789.62890689074993
leaf_count=61 77 120 286 72 111 124 146 74 66 145 148 213 62 3179
internal_value=0.000351327 0.00567247 0.00887348 -0.00307491 -0.000353918 -0.00759931 0.000142121 -0.0160054 0.000577995 -0.00666481 0.00111713 0.000751175 0.00888254 0.00019829
internal_weight=1213.12 137.846 100.864 36.9821 1075.28 64.3115 1010.96 33.5387 974.645 63.5881 911.057 894.667 52.1633 842.503
internal_count=4884 555 406 149 4329 259 4070 135 3924 256 3668 3602 210 3392
is_linear=0
shrinkage=0.03


Tree=68
num_leaves=15
num_cat=0
split_feature=20 17 26 8 26 7 35 4 41 18 41 24 42 8
split_gain=4.18641 6.09037 6.56472 11.6406 7.28305 5.11657 5.16681 8.22688 6.99299 6.17426 5.34343 6.77395 5.91345 8.0394
threshold=18.155195154861627 -11.049999999999997 1.8619047619047622 1.9000000000000001 -2.0333333333333328 -5.6837429502595418 1.0000000180025095e-35 72.857688378799267 65.500000000000014 -4.0499999999999989 76.500000000000014 0.30277777777777787 5.5000000000000009 1.4500000000000002
decision_type=10 10 10 10 10 2 2 2 8 10 8 10 10 8
left_child=5 -2 4 -4 -3 -1 -7 8 -8 -10 11 12 -9 -14
right_child=1 2 3 -5 -6 6 7 10 9 -11 -12 -13 13 -15
leaf_value=-0.0092113206768668892 0.01047441424779358 -0.0082161187235934192 -0.031627801446752132 -0.00077596255272649537 0.012412548562574023 0.0028674997281299516 -0.0034268229765097237 -0.015139857871554125 -0.0045707166989294905 0.011244616542046566 -0.019056658476690819 0.0044914742272267561 -0.013006642450737155 0.0086815898877284359
leaf_weight=38.570329874753952 14.898473978042601 39.218872591853142 17.626186460256577 21.936034709215164 18.668404534459114 667.10969389975071 92.547191351652145 50.358216807246208 26.359895274043083 85.493945345282555 20.289213076233864 53.049557939171791 22.575121283531189 29.835791319608688
leaf_count=156 60 158 71 88 75 2685 372 203 106 344 82 214 91 120
internal_value=0.000293077 -0.00509268 -0.00786768 -0.0165279 -0.00110551 0.000870926 0.00128412 -0.00149306 0.00257857 0.00748142 -0.00615956 -0.00393995 -0.00829871 -0.000979425
internal_weight=1198.54 112.348 97.4495 39.5622 57.8873 1086.19 1047.62 380.509 204.401 111.854 176.108 155.819 102.769 52.4109
internal_count=4825 452 392 159 233 4373 4217 1532 822 450 710 628 414 211
is_linear=0
shrinkage=0.03


Tree=69
num_leaves=15
num_cat=0
split_feature=8 25 18 17 8 14 14 8 24 18 26 27 25 39
split_gain=4.74031 6.99734 9.92185 6.22603 6.08636 6.06193 6.35597 6.24609 7.47517 5.31117 5.42409 5.1503 8.68296 5.11318
threshold=6.9000000000000012 4.4807692307692317 -3.4499999999999997 1.0000000180025095e-35 3.7000000000000006 21.300000000000001 22.450000000000003 8.1000000000000014 0.11904761904761907 5.0500000000000007 13.52777777777778 16.500000000000004 -2.4833333333333329 256.79052925807713
decision_type=8 8 10 10 10 10 10 10 10 10 10 2 10 2
left_child=1 4 -3 -2 9 -5 -7 -8 -9 10 11 -1 -13 -4
right_child=3 2 13 5 -6 6 7 8 -10 -11 -12 12 -14 -15
leaf_value=-0.0011275814087707157 -0.012790020584131962 -0.0049657779575784031 -0.003970347636876116 0.0050250172854452149 0.0084608862546019983 -0.019663032573535501 -0.014795672026524317 0.015361964026497818 -0.0041946438311557376 -0.0059070644746805501 0.013959895314219359 0.021367441286288771 -0.0037654522667278007 0.011989405933151117
leaf_weight=482.15980650484562 45.992179304361343 50.674861490726471 18.385189548134804 81.803601533174515 63.077824771404266 17.902389839291573 19.623789563775063 21.915391281247139 46.516428217291832 146.47462292015553 20.47188076376915 20.130698844790459 21.873910993337631 130.94075633585453
leaf_count=1940 185 204 74 329 254 72 79 88 188 591 83 81 88 527
internal_value=0.000293847 0.00123419 0.00614892 -0.00349011 -0.000101046 -0.000939431 -0.00556315 -0.00179404 0.00268794 -0.000937655 0.000440398 -0.000214538 0.00927114 0.00995945
internal_weight=1187.94 954.19 200.001 233.754 754.189 187.762 105.958 88.0556 68.4318 691.111 544.636 524.164 42.0046 149.326
internal_count=4783 3842 805 941 3037 756 427 355 276 2783 2192 2109 169 601
is_linear=0
shrinkage=0.03


Tree=70
num_leaves=15
num_cat=0
split_feature=15 15 20 20 41 3 12 10 20 29 23 25 20 4
split_gain=3.17943 8.49935 4.80621 8.48824 9.51086 6.60368 5.95296 7.91373 7.68186 7.03489 7.61088 7.45595 7.3127 6.57621
threshold=-3.7499999999999996 -5.8499999999999988 13.978952409938715 11.967084486670547 47.500000000000007 0.02648232318771571 15.900000000000002 9.3000000000000025 10.632758143000562 11.500000000000002 0.72902097902097907 -0.48333333333333328 9.6517125711220597 127.24180232222706
decision_type=8 10 10 10 8 2 8 10 10 2 8 10 10 2
left_child=1 -1 3 6 -5 -6 8 9 -2 10 11 12 -8 -13
right_child=2 -3 -4 4 5 -7 7 -9 -10 -11 -12 13 -14 -15
leaf_value=0.0016163503398132248 0.0029530976246654479 -0.008358423147004997 0.0036941102747883813 0.0063300721055198038 -0.012505315111202659 0.0022947742355191813 -0.0055828282252366433 0.015191413088493613 -0.021219587587659836 -0.015541296746667911 0.010381659343517327 -0.012036784861014888 0.013127923290989229 0.0038557289646613531
leaf_weight=188.02795758843422 24.211557909846306 123.56716887652874 367.89198140799999 42.03691990673542 115.43185414373875 33.22695617377758 26.593249619007111 40.227194741368294 16.339587569236755 15.166650101542471 76.810576647520065 58.360260352492332 44.74410454928875 34.091467261314392
leaf_count=758 98 498 1480 169 465 134 107 162 66 61 309 235 180 137
internal_value=0.000177823 -0.00240881 0.00108661 -0.000750438 -0.00572608 -0.00923029 0.00211145 0.00361373 -0.00804706 0.00153641 0.00290741 -0.000801418 0.00624409 -0.00627929
internal_weight=1206.73 311.595 895.132 527.24 190.696 148.659 336.545 295.994 40.5511 255.766 240.6 163.789 71.3374 92.4517
internal_count=4859 1256 3603 2123 768 599 1355 1191 164 1029 968 659 287 372
is_linear=0
shrinkage=0.03


Tree=71
num_leaves=15
num_cat=0
split_feature=39 14 2 11 27 1 26 21 21 22 21 42 15 35
split_gain=4.6512 9.87484 7.74484 10.2058 6.13552 5.06533 8.37767 5.08059 6.65592 5.90084 8.4987 10.0598 6.38679 5.89242
threshold=1101.99528990884 16.300000000000001 0.64958700485298826 30.450000000000003 15.500000000000002 38.250000000000007 4.3603896103896114 10.521142704910529 9.8674548592182241 0.38675213675213682 11.205405438878977 8.5000000000000018 10.65 1.0000000180025095e-35
decision_type=2 8 2 10 2 2 8 8 10 8 8 8 10 2
left_child=5 -2 4 -4 -3 6 -1 8 13 10 -9 -12 -11 -7
right_child=1 2 3 -5 -6 7 -8 9 -10 12 11 -13 -14 -15
leaf_value=-0.0010881121392694473 0.01517254687516883 -0.0045747399646586693 0.0098389409146997855 -0.011362399568181521 0.0096325454416254907 0.0069586624355143069 -0.017992735567039071 -0.01448788384518826 0.015772519989816783 -0.0040307616878847196 -0.0001488466954849051 0.015307390963835694 0.011973270266197693 -0.0075220387536768336
leaf_weight=83.425830170512199 47.563990578055382 178.23546375334263 119.99777384102345 20.082543388009071 27.367654249072075 55.942096680402756 34.076688200235367 16.376301050186157 34.108610674738884 379.85730230808258 99.584909841418266 56.088589057326317 19.044820055365562 38.296245887875557
leaf_count=336 192 717 483 81 110 225 137 66 137 1531 401 226 77 154
internal_value=0.000393649 0.00305314 0.00119303 0.00651258 -0.00249983 -0.000897545 -0.00652488 8.76194e-05 0.00536376 -0.0011347 0.00344447 0.00572303 -0.00312792 0.000991547
internal_weight=1210.05 393.247 345.683 140.08 205.603 816.801 117.503 699.299 128.347 570.952 172.05 155.673 398.902 94.2383
internal_count=4873 1583 1391 564 827 3290 473 2817 516 2301 693 627 1608 379
is_linear=0
shrinkage=0.03


Tree=72
num_leaves=15
num_cat=0
split_feature=12 39 12 10 12 25 41 42 12 5 3 23 8 41
split_gain=4.37727 5.90634 7.48397 4.29434 4.37356 8.11575 10.7679 7.02501 9.20438 6.94667 12.7319 7.6423 6.7439 5.22523
threshold=16.100000000000005 1656.1420156215211 11.900000000000002 14.900000000000004 21.100000000000005 -8.4226190476190457 55.500000000000007 11.500000000000002 27.675000000000004 0.71287375754707549 0.024642600261680418 0.45643939393939398 1.3 61.500000000000007
decision_type=10 2 8 10 10 10 10 8 10 2 2 10 10 8
left_child=1 2 -1 4 5 6 -2 -6 -9 11 -11 -7 -12 -10
right_child=3 -3 -4 -5 7 9 -8 8 13 10 12 -13 -14 -15
leaf_value=0.0073867593781012974 -0.024536493838490998 0.0068824400899464861 -0.010331678418491785 0.008593385133420884 7.1401802621646713e-07 0.01543616130135933 0.0011545364819773535 -0.01184026147981178 -0.0042677637592398315 0.011363102521415022 -0.024742168294240103 0.0028467600170030477 -0.001937548169262444 0.015777570222262838
leaf_weight=22.165320679545403 15.912291482090948 27.549290418624878 119.46285636723042 47.041885733604431 537.63900724053383 71.802121087908745 47.901947870850563 104.86942930519581 23.350050181150436 30.306878954172134 16.821011364459991 106.41192479431629 27.109234288334846 15.644334405660627
leaf_count=90 64 111 483 190 2164 289 193 422 94 122 68 428 109 63
internal_value=-0.000541467 -0.00494454 -0.00740135 0.00019164 -0.000245351 0.00264498 -0.00656895 -0.00159616 -0.00736349 0.0050564 -0.00253564 0.00820184 -0.0123055 0.00465346
internal_weight=1213.99 169.177 141.628 1044.81 997.768 316.265 63.8142 681.503 143.864 252.451 74.2371 178.214 43.9302 38.9944
internal_count=4890 684 573 4206 4016 1273 257 2743 579 1016 299 717 177 157
is_linear=0
shrinkage=0.03


Tree=73
num_leaves=15
num_cat=0
split_feature=26 7 23 1 21 8 10 27 9 20 20 9 13 7
split_gain=4.27128 3.66064 5.6866 7.31304 5.26202 4.65391 5.06501 5.11488 8.19721 8.14688 7.05265 5.85282 8.56028 5.73619
threshold=14.045454545454549 3.1857578974467748 0.60357142857142865 47.250000000000007 16.293318286893538 -7.6999999999999984 22.700000000000006 9.5000000000000018 -11.299999999999999 10.924488292109812 14.724129546047779 5.5000000000000009 20.500000000000004 -3.6796310300179536
decision_type=10 2 8 2 10 10 10 2 10 10 10 10 10 2
left_child=1 5 4 -4 -3 -1 7 9 -9 -7 -11 13 -13 -10
right_child=-2 2 3 -5 -6 6 -8 8 11 10 -12 12 -14 -15
leaf_value=-0.0063998490875855343 0.0083595615378828664 0.0016360092275716162 0.016139423524386347 -0.005431333416915372 -0.014613670779649724 0.0050464224575474835 -0.01463041623198074 -0.013544794450027256 -0.0053146071592374815 -0.0098056266527409893 -0.00059827711806272207 -0.0096773374817011835 0.0050508382178943564 0.0070105837883440237
leaf_weight=174.21954299509525 37.579053327441216 95.165495082736015 41.437225967645645 17.396242290735245 16.894928246736526 81.178587302565575 19.018573492765427 24.989308208227158 35.991673037409782 153.57702270150185 143.15509389340878 65.932931482791901 66.632660999894142 229.01505500078201
leaf_count=703 152 383 167 70 68 327 78 101 145 619 576 265 268 921
internal_value=-0.000983697 -0.00131963 0.00268193 0.00983541 -0.00133344 -0.00201778 -0.00105302 -0.000641611 0.00161823 -0.00315659 -0.00544717 0.00272769 -0.00235987 0.00526923
internal_weight=1202.18 1164.6 170.894 58.8335 112.06 993.71 819.491 800.472 422.562 377.911 296.732 397.572 132.566 265.007
internal_count=4843 4691 688 237 451 4003 3300 3222 1700 1522 1195 1599 533 1066
is_linear=0
shrinkage=0.03


Tree=74
num_leaves=15
num_cat=0
split_feature=17 24 3 15 2 20 20 42 3 23 20 29 3 21
split_gain=4.20623 4.19808 8.15394 6.10972 5.3852 4.81211 3.52205 5.39351 4.95013 5.37608 5.10268 4.7343 9.9807 4.48782
threshold=16.350000000000005 0.43095238095238103 0.025365442023791211 3.2500000000000004 0.66197909480489947 13.830320747144306 15.500895965154506 8.5000000000000018 0.025431793525507954 0.76696832579185525 16.799801586129927 13.500000000000002 0.024826062477769754 10.970921017391559
decision_type=8 10 2 10 2 8 10 8 2 8 10 2 2 8
left_child=1 6 4 -4 -3 -6 11 13 9 10 -9 -1 -13 -8
right_child=-2 2 3 -5 5 -7 7 8 -10 -11 -12 12 -14 -15
leaf_value=-0.00050647572596825496 -0.0087562782437914689 -0.0026044970065049289 -0.015004932824662323 0.00744431258819665 0.024036763285976911 0.0047956019673359215 0.013498715154293638 0.0072659191154695862 -0.014846573073533226 0.013750612045159189 -0.0097249548015417124 -0.020455748489005578 0.0068675195450602312 0.0028992863709282747
leaf_weight=719.09726426005363 40.571558520197868 15.839468777179716 18.845439210534096 15.903568670153616 27.558489263057709 23.050640106201172 43.211259856820107 20.62600277364254 19.356809318065643 16.153096616268158 38.506866380572319 26.074770420789719 16.403284966945648 158.59230913221836
leaf_count=2896 166 64 76 64 111 93 174 83 78 65 155 105 66 638
internal_value=0.000185634 0.000534854 0.00622102 -0.00508658 0.0120764 0.0164923 -3.57188e-05 0.00271172 -0.00308756 0.000672125 -0.00369398 -0.00111588 -0.0102925 0.00544038
internal_weight=1199.79 1159.22 101.198 34.749 66.4486 50.6091 1058.02 296.446 94.6428 75.286 59.1329 761.575 42.4781 201.804
internal_count=4834 4668 408 140 268 204 4260 1193 381 303 238 3067 171 812
is_linear=0
shrinkage=0.03


Tree=75
num_leaves=15
num_cat=0
split_feature=17 21 8 39 17 18 17 21 39 21 41 22 8 26
split_gain=5.35895 4.94625 3.65148 5.08651 3.27299 6.1029 6.09476 3.38635 3.11754 5.64343 6.16543 4.66468 5.07767 3.96051
threshold=16.750000000000004 14.297629930107012 14.300000000000002 840.0309154608143 -14.049999999999999 4.3500000000000005 -12.549999999999997 16.22840444552163 236.81691010909182 14.159606082301837 53.500000000000007 0.4045454545454546 2.3000000000000003 -2.3693181818181812
decision_type=10 10 10 2 8 10 8 8 2 8 10 8 10 10
left_child=2 -2 4 -4 5 7 -6 -1 9 11 -11 -8 -13 -10
right_child=1 -3 3 -5 6 -7 8 -9 13 10 -12 12 -14 -15
leaf_value=0.019228241257047245 0.0011786173314150179 -0.021495263896199508 0.019840589852963813 -0.001477250104477206 -0.013779344141258362 -0.0066390842291486141 0.01943391558254277 0.0011334462509986116 0.0019196416776526835 -0.014323057021438386 0.0062071826929929698 -0.0075767414105857283 0.011429776774547601 -0.0020241683015190227
leaf_weight=23.269343703985214 14.682052835822107 14.511422157287596 15.415811508893965 18.619107559323311 24.079872936010361 17.146470263600349 23.874326571822166 14.86142924427986 381.22770322859287 19.111526474356651 24.579914480447769 18.11302375793457 23.597849413752556 558.9210247695446
leaf_count=94 60 60 62 75 97 69 96 60 1537 77 99 73 95 2249
internal_value=0.000119802 -0.0115872 0.000462067 0.00948306 0.000149446 0.00695203 -0.000231441 0.0131248 0.000143293 0.00482289 -0.00332179 0.0100997 0.00324861 -0.000423269
internal_weight=1192.01 29.1935 1162.82 34.0349 1128.78 55.2772 1073.51 38.1308 1049.43 109.277 43.6914 65.5852 41.7109 940.149
internal_count=4803 120 4683 137 4546 223 4323 154 4226 440 176 264 168 3786
is_linear=0
shrinkage=0.03


Tree=76
num_leaves=15
num_cat=0
split_feature=14 7 21 43 41 8 16 15 35 21 4 22 16 23
split_gain=5.80411 5.19716 6.83844 6.90575 6.55787 7.31856 6.41076 5.51637 5.39065 4.79207 5.86589 4.66725 5.01141 6.66079
threshold=20.300000000000001 3.0684986278695541 11.946175585144845 1.0000000180025095e-35 70.500000000000014 6.9000000000000012 -0.84999999999999998 2.5500000000000003 1.0000000180025095e-35 16.826731371351443 -14.547597529450853 0.2752525252525253 3.3500000000000001 0.64495798319327746
decision_type=8 2 10 2 10 10 10 10 2 10 2 10 10 10
left_child=1 2 6 4 5 9 -1 -3 -8 11 -11 -4 13 -13
right_child=-2 7 3 -5 -6 -7 8 -9 -10 10 -12 12 -14 -15
leaf_value=0.0085025877988769254 -0.0013141901222994284 0.016308271447154545 0.026405923851277015 -0.0098710902051650055 -0.0043010815280175394 -0.0017762206099792509 -0.011719221259908161 -0.0034635864241104944 0.0024850115081798602 -0.0078025937602334249 0.012700966197643397 0.011873649129831567 0.016691439182002943 -0.010727211012580048
leaf_weight=25.345400482416153 756.08068062365055 41.272878602147102 22.054841116070747 22.829023391008377 42.017175748944283 47.189299076795578 69.319372147321701 15.394280239939688 33.304507836699486 20.86112217605114 19.655979186296463 21.144433841109276 44.977045118808746 16.399531871080399
leaf_count=102 3048 167 89 92 169 190 279 62 134 84 79 85 181 66
internal_value=0.000280367 0.00299362 0.00167509 0.00446809 0.00604229 0.00835423 -0.00389386 0.0110917 -0.00720823 0.0115984 0.00244679 0.0148707 0.0104553 0.00190092
internal_weight=1197.85 441.765 385.098 257.128 234.299 192.282 127.969 56.6672 102.624 145.093 40.5171 104.576 82.521 37.544
internal_count=4827 1779 1550 1035 943 774 515 229 413 584 163 421 332 151
is_linear=0
shrinkage=0.03


Tree=77
num_leaves=15
num_cat=0
split_feature=3 29 18 20 19 11 22 14 19 3 18 3 4 20
split_gain=5.51259 3.82371 12.3715 4.58265 4.10546 5.59358 4.91427 3.90339 6.04466 6.12302 6.52919 5.78795 5.6444 5.47867
threshold=0.043482987795078316 13.500000000000002 1.5500000000000003 13.498147996018218 11.050000000000002 24.100000000000005 0.31980519480519487 20.300000000000001 2.2250000000000005 0.024059092879879066 -5.4499999999999993 0.024534232937897919 -77.185315352077609 16.395121001425441
decision_type=2 2 10 10 10 10 10 8 10 2 10 2 2 8
left_child=1 4 3 -3 7 6 -6 13 12 -10 -11 -12 -9 -1
right_child=-2 2 -4 -5 5 -7 -8 8 9 10 11 -13 -14 -15
leaf_value=0.003536292753803147 0.014999474682459685 -0.024961517499866578 0.0080471599838336082 -0.0044222933238589482 0.011292840919180425 0.019285691796845361 -0.0079259361007919769 -0.015962215153259934 -0.0075484042527506987 0.0143898945091697 0.0099483340641048773 -0.0015957916959625186 -0.00330301114446316 -0.0050029687634425028
leaf_weight=319.80287176370621 15.914540857076643 21.547028928995132 26.02507883310318 19.591295972466469 16.153174042701721 17.646777123212814 22.608883440494537 30.987368732690811 54.531374290585518 34.32820837199688 45.645869702100754 167.06735570728779 316.27810117602348 80.740027442574501
leaf_count=1288 64 87 105 79 65 71 91 125 220 138 184 673 1276 325
internal_value=-0.000269193 -0.000539145 -0.00722998 -0.0167194 -0.000102042 0.00743886 0.000458232 -0.000540753 -0.00197266 0.00112802 0.00315499 0.00105303 -0.00464316 0.00177452
internal_weight=1188.87 1172.95 67.1634 41.1383 1105.79 56.4088 38.7621 1049.38 648.838 301.573 247.041 212.713 347.265 400.543
internal_count=4791 4727 271 166 4456 227 156 4229 2616 1215 995 857 1401 1613
is_linear=0
shrinkage=0.03


Tree=78
num_leaves=15
num_cat=0
split_feature=7 19 14 1 7 25 23 13 7 8 26 23 4 42
split_gain=4.23513 7.87909 6.99487 5.65991 4.93385 4.98781 4.29574 8.06422 6.39042 6.10338 9.35866 6.93118 6.80155 6.79529
threshold=-3.1524068748302936 1.2500000000000002 18.700000000000006 44.250000000000007 -4.6899765427887177 1.0000000180025095e-35 0.12916666666666668 22.900000000000002 2.5429130518309879 1.9000000000000001 1.8619047619047622 0.19375000000000003 79.750326573070325 11.500000000000002
decision_type=2 10 10 2 2 10 10 8 2 10 10 10 2 8
left_child=1 2 3 -1 -3 -6 7 -2 -9 11 -11 -8 -12 -14
right_child=6 4 -4 -5 5 -7 9 8 -10 10 12 -13 13 -15
leaf_value=0.00712211649775054 -0.01072650670139242 0.01112667587284397 -0.015548681397397362 -0.012714589819407075 0.0065161676587014022 -0.011954850591631228 0.015760248337016822 -0.0027347020497334924 0.016868000100138947 0.0088915751856559859 0.0046176587143914299 -0.0014603952139779566 -0.0115011179027942 0.0080337452152457727
leaf_weight=29.792249575257301 74.096861287951469 31.698169529438019 62.417895913124084 15.618423178791998 20.339869201183319 23.091732233762741 16.936097651720047 43.911340206861496 16.88978898525238 184.0329461991787 93.290004014968872 513.23066541552544 61.618914306163788 17.171625956892967
leaf_count=120 300 128 253 63 82 93 68 178 68 741 375 2067 248 69
internal_value=-0.000250147 -0.0043893 -0.009418 -0.000284867 0.00296538 -0.00352484 0.000509212 -0.00438144 0.00357865 0.00127401 0.00428286 -0.000768178 -0.000757853 -0.00701834
internal_weight=1204.14 182.958 107.829 45.4107 75.1298 43.4316 1021.18 134.898 60.8011 886.28 356.113 530.167 172.081 78.7905
internal_count=4853 739 436 183 303 175 4114 546 246 3568 1433 2135 692 317
is_linear=0
shrinkage=0.03


Tree=79
num_leaves=15
num_cat=0
split_feature=20 39 21 21 26 9 14 41 16 29 14 14 21 4
split_gain=4.69901 5.79666 7.62558 7.43533 9.07156 10.5732 6.8223 5.1879 7.05586 4.82515 6.22835 7.72751 15.9391 6.99235
threshold=15.500895965154506 1085.6334291812041 11.899229661791251 9.3600804203024524 6.322916666666667 -5.0999999999999988 19.500000000000004 70.500000000000014 -3.6499999999999999 9.5000000000000018 28.450000000000003 21.300000000000001 16.689484193825976 79.750326573070325
decision_type=10 2 8 10 8 10 10 8 8 2 10 8 8 2
left_child=1 9 3 -3 5 -5 -4 -2 -9 10 11 12 -1 -12
right_child=7 2 6 4 -6 -7 -8 8 -10 -11 13 -13 -14 -15
leaf_value=0.0047757186157194416 0.0047938222173930399 0.0071205229862460881 0.013594335755087913 0.0046781529061873921 0.0086209819822200932 -0.023483500932967034 0.001603114533017886 0.0087310302600878999 -0.010732955245054082 -0.010332853754003519 0.019192354958273539 -0.0067782010389931336 -0.01506495450151933 -0.0015490113118783004
leaf_weight=182.33304087817669 262.92087511718273 29.828372567892075 59.967842623591423 14.861932471394537 14.891061052680014 36.277195811271667 129.29590371251106 20.794804707169533 44.853673800826073 65.880177438259125 20.343739479780197 238.70882540941238 40.258751481771469 32.996297731995583
leaf_count=734 1059 120 242 60 60 146 521 84 181 266 82 963 162 134
internal_value=-0.000106631 -0.00126616 0.0022113 -0.00453049 -0.00992445 -0.0156115 0.00565461 0.00292144 -0.00438597 -0.00297841 -0.00194659 -0.00308616 0.000935134 0.00732858
internal_weight=1194.21 865.643 285.122 95.8586 66.0302 51.1391 189.264 328.569 65.6485 580.521 514.641 461.301 222.592 53.34
internal_count=4814 3490 1149 386 266 206 763 1324 265 2341 2075 1859 896 216
is_linear=0
shrinkage=0.03


Tree=80
num_leaves=15
num_cat=0
split_feature=41 19 10 16 13 24 16 4 20 25 21 20 21 41
split_gain=5.41124 8.69809 4.69403 3.46157 5.88306 8.01792 5.78579 5.12994 5.29967 4.02492 4.74562 8.31869 7.85035 6.29921
threshold=82.500000000000014 4.0500000000000007 22.100000000000005 7.3166666666666673 18.300000000000001 -0.39696969696969692 6.3500000000000005 255.52292230805884 11.290359571607643 10.566964285714286 10.35159676357013 14.724129546047779 9.8674548592182241 55.500000000000007
decision_type=10 10 10 10 8 10 10 2 10 10 8 10 10 8
left_child=2 -2 3 6 -5 -6 7 9 -9 10 11 12 -1 -13
right_child=1 -3 -4 4 5 -7 -8 8 -10 -11 -12 13 -14 -15
leaf_value=-0.0042244721542783253 -0.015890524451574187 0.0085967950532818208 -0.011515185551008949 -0.0055029422284225077 -0.0025801952751605042 0.014843571975238466 -0.010587518820406767 -0.0032969151226672198 0.013260792331720218 -0.00773103668636078 -0.00063629393116846863 0.027346457911489687 0.013968931104527758 0.0054745426335044154
leaf_weight=83.607538014650345 38.819095924496651 14.870696365833281 24.114213481545448 31.038810640573502 34.76849764585495 62.160610631108284 38.764079257845879 23.310776799917221 48.356255561113358 52.828603893518448 687.01603007316589 16.600923284888268 23.119903281331062 33.739862442016602
leaf_count=336 157 60 99 125 141 250 156 94 195 213 2769 67 93 136
internal_value=-6.57042e-05 -0.00895359 0.000382548 0.000684641 0.00523415 0.00877367 8.36978e-05 0.000562957 0.00801137 -7.33153e-05 0.000448661 0.00506747 0.000165447 0.0145063
internal_weight=1213.12 53.6898 1159.43 1135.31 127.968 96.9291 1007.34 968.58 71.667 896.913 844.084 157.068 106.727 50.3408
internal_count=4891 217 4674 4575 516 391 4059 3903 289 3614 3401 632 429 203
is_linear=0
shrinkage=0.03


Tree=81
num_leaves=15
num_cat=0
split_feature=27 25 19 16 3 25 42 10 3 2 26 23 2 3
split_gain=4.15941 10.6773 6.3 4.52803 5.37973 5.68534 4.37941 6.13691 7.05913 6.9767 6.78534 6.63331 5.5328 5.72078
threshold=16.500000000000004 -2.1380952380952376 -1.0000000180025095e-35 -9.4499999999999975 0.024429227860328199 -2.964285714285714 5.5000000000000009 9.9000000000000021 0.02420060194903895 0.43228416103197542 10.683333333333335 0.31009615384615391 0.60721009585630525 0.023273559712382767
decision_type=2 10 10 10 2 8 8 10 2 2 10 8 2 2
left_child=3 -2 -3 4 -1 -6 -5 8 9 -8 -10 -9 13 -11
right_child=1 2 -4 6 5 -7 7 11 10 12 -12 -13 -14 -15
leaf_value=-0.019832360196663713 0.019998400757769524 -0.0067503990344473866 0.0074015423133908494 0.0024578249986947492 -0.013180278054672274 0.0060782756620240061 0.013016462932493453 -0.0038056685686566039 -0.0064492031891242403 -0.021073707589864564 0.0077200318017319036 0.012287347443318178 0.0052825285400379483 0.00061894113102102738
leaf_weight=17.125068143010139 28.766563355922699 50.152138724923134 53.20063228905201 458.94515559077263 17.958968594670296 29.798643752932549 38.198722183704376 36.620286345481873 306.57365025579929 15.368654474616049 29.497158393263817 49.668801039457321 43.444141879677773 23.044539853930473
leaf_count=70 116 202 214 1850 73 121 154 148 1235 62 119 200 175 93
internal_value=0.000432739 0.0053512 0.000539677 -0.000198844 -0.00758245 -0.00172657 0.000314869 -0.0015042 -0.00289891 0.00324908 -0.00511062 0.00562325 -0.00179579 -0.00948756
internal_weight=1198.36 132.119 103.353 1066.24 64.8827 47.7576 1001.36 542.416 456.127 120.056 336.071 86.2891 81.8573 38.4132
internal_count=4832 532 416 4300 264 194 4036 2186 1838 484 1354 348 330 155
is_linear=0
shrinkage=0.03


Tree=82
num_leaves=15
num_cat=0
split_feature=23 26 1 42 39 12 14 22 42 17 3 21 14 39
split_gain=5.34876 5.04078 7.25925 7.27513 5.53493 6.05672 5.38421 5.74495 7.21078 5.228 6.93769 6.31193 6.2651 4.9592
threshold=0.74342105263157909 2.2071428571428577 45.250000000000007 8.5000000000000018 1008.7888453382922 19.500000000000004 21.500000000000004 0.60357142857142865 7.5000000000000009 10.050000000000002 0.024539146582569619 17.454066690579481 25.100000000000005 2275.5466847730363
decision_type=10 10 2 8 2 10 10 8 10 8 2 10 10 2
left_child=1 6 4 -4 5 -3 7 8 -1 11 -11 13 -12 -8
right_child=-2 2 3 -5 -6 -7 9 -9 -10 10 12 -13 -14 -15
leaf_value=0.005263568006712036 0.0043093809976691832 0.011322878141757323 -0.014409865085489157 0.0022546551936730576 0.0077841925713805086 -0.0070560324466509092 -9.3375529396934933e-05 0.0091701843798910557 -0.0090471748501688553 -0.016508793923246112 -0.014693805895544431 0.01087942613943233 0.0053420067796716743 -0.01412729841793718
leaf_weight=78.19569194316864 222.31326301395893 14.912746891379355 81.063131257891655 30.788895413279533 49.734901741147041 86.651021838188171 332.75961548089981 106.73516005277634 46.186186671257019 37.935930609703064 14.84380730986595 39.939888402819633 43.11649164557457 19.32348245382309
leaf_count=315 896 60 327 124 200 349 1342 430 186 154 60 161 175 78
internal_value=0.000161057 -0.000794967 -0.00430587 -0.00992252 3.09922e-05 -0.00395278 0.000510805 0.00423285 -0.00019465 -0.0012773 -0.0073676 0.000286524 -0.000548638 -0.00105063
internal_weight=1204.5 982.187 263.151 111.852 151.299 101.564 719.036 231.117 124.382 487.919 95.8962 392.023 57.9603 352.083
internal_count=4857 3961 1060 451 609 409 2901 931 501 1970 389 1581 235 1420
is_linear=0
shrinkage=0.03


Tree=83
num_leaves=15
num_cat=0
split_feature=19 18 19 12 12 10 41 20 19 21 24 1 1 18
split_gain=4.4433 6.00468 6.75694 7.2334 5.95824 7.41905 5.68999 6.66345 5.58157 6.90781 6.46107 5.34254 5.82159 8.5271
threshold=-4.5499999999999989 -7.2499999999999991 -2.6624999999999996 23.900000000000002 15.100000000000001 12.300000000000002 45.500000000000007 15.431749327319208 -1.5499999999999998 13.714145147305553 0.13333333333333341 37.250000000000007 40.250000000000007 -4.1499999999999995
decision_type=8 8 8 10 10 10 10 10 8 10 10 2 2 8
left_child=4 6 3 -3 5 -1 -2 -8 9 10 -4 -10 13 -13
right_child=1 2 8 -5 -6 -7 7 -9 11 -11 -12 12 -14 -15
leaf_value=-0.010901326340932979 0.0062615837634359718 -0.0025642660181575913 -0.007791684734452714 -0.020742240208168238 0.006658875343772669 0.010200731664331809 -0.01818221481993898 0.0029379430031726862 -0.0093398639226260141 0.017372079806633252 0.013458702708335237 -0.0089797291483069697 -0.00016566718321555423 0.013618929346959043
leaf_weight=40.3225317299366 15.412430152297018 90.731826394796371 29.303124487400055 20.849307134747505 173.28288502991199 17.809382736682892 43.299289003014565 16.89781853556633 44.634384587407112 34.970781981945038 15.616997748613356 15.885558143258093 586.19833602011204 58.131194606423378
leaf_count=163 62 366 118 84 699 72 175 68 180 141 63 64 2364 234
internal_value=0.000226221 -0.000667813 3.73143e-05 -0.00670481 0.00391583 -0.00414059 -0.00851065 -0.012483 0.00103235 0.00829976 0.000204305 0.000155966 0.000863315 0.00850747
internal_weight=1203.35 971.931 896.322 111.581 231.415 58.1319 75.6095 60.1971 784.74 79.8909 44.9201 704.849 660.215 74.0168
internal_count=4853 3919 3614 450 934 235 305 243 3164 322 181 2842 2662 298
is_linear=0
shrinkage=0.03


Tree=84
num_leaves=15
num_cat=0
split_feature=41 20 14 41 13 18 22 1 18 13 7 22 41 30
split_gain=3.69737 6.78848 6.01189 4.73837 5.31551 3.79528 6.2842 6.868 6.78451 6.69315 5.67539 6.48032 5.42321 8.23612
threshold=34.500000000000007 11.250925755086792 21.300000000000001 23.500000000000004 23.300000000000001 -2.7499999999999996 0.82085561497326209 49.250000000000007 3.9500000000000006 16.500000000000004 -4.1827528542513344 0.73030303030303034 72.500000000000014 6.5000000000000009
decision_type=10 10 10 10 10 10 8 2 10 10 2 8 10 2
left_child=1 2 -1 -3 -5 10 8 9 12 -8 -2 -12 13 -7
right_child=5 3 -4 4 -6 6 7 -9 -10 -11 11 -13 -14 -15
leaf_value=-0.015718603366244699 -0.016486183583318804 0.0022365496865391875 0.0059450663954787718 0.023206701221610372 0.0016768292482992125 0.0046315331415528365 -0.0070745096092838418 -0.006957505725439057 -0.0044707720510049559 0.012616031910901845 0.00073780673351508334 -0.0094345864571726366 -0.0060065365554512144 -0.013714131717082998
leaf_weight=18.366229712963104 21.395373359322548 47.113122820854187 18.842248186469078 26.316379681229591 16.63191831111908 315.46208639442921 15.088935315608976 23.847118988633156 236.01368808746338 93.971255332231522 216.39244239032269 70.918667495250702 60.982452243566513 18.845885023474693
leaf_count=74 87 190 76 106 67 1272 61 96 953 379 872 286 246 76
internal_value=0.000211688 0.00494471 -0.00534349 0.00925272 0.0159135 -0.000370077 0.000765931 0.00656819 -0.000497621 0.00970106 -0.00314968 -0.00189153 0.00190082 0.00341049
internal_weight=1200.19 127.27 37.2085 90.0614 42.9483 1072.92 764.211 132.907 631.304 109.06 308.706 287.311 395.29 334.308
internal_count=4841 513 150 363 173 4328 3083 536 2547 440 1245 1158 1594 1348
is_linear=0
shrinkage=0.03


Tree=85
num_leaves=15
num_cat=0
split_feature=8 25 25 19 19 3 26 11 25 16 19 11 28 23
split_gain=3.87793 4.51219 4.44539 4.35252 9.01333 4.3355 4.34406 3.53366 8.87224 5.66023 5.77929 5.25002 6.04007 5.17455
threshold=13.450000000000001 10.861904761904764 13.232142857142859 -9.1499999999999968 -6.7749999999999995 0.024528509309261096 -0.069047619047619038 17.500000000000004 -1.0000000180025095e-35 4.1500000000000012 7.5500000000000007 19.100000000000005 7.5000000000000009 0.72902097902097907
decision_type=10 10 10 8 8 2 10 10 10 8 10 10 2 8
left_child=1 3 -3 -1 5 -5 -7 8 9 10 -6 12 -9 -13
right_child=-2 2 -4 4 7 6 -8 11 -10 -11 -12 13 -14 -15
leaf_value=-0.0092774655352940508 0.0070077983386920258 -0.015982614573022812 0.00041880647364590204 0.020246951299609531 -0.011270120717321313 -0.0056562712726412534 0.011781571576546789 0.0093562916993896791 0.011171884361672017 0.0026131601588120401 0.0038159648899817621 -0.0023538952749986839 -0.0090051502934260768 0.0038168331039031018
leaf_weight=43.592611595988274 52.987725436687469 29.484569698572159 25.713271394371986 20.825272619724274 132.42135784029961 19.57558873295784 23.044209882616997 87.372678682208061 25.823534712195396 48.479868531227112 24.846062228083611 488.61521038413048 15.370347052812575 157.74842667579651
leaf_count=176 214 119 104 84 534 79 93 352 104 196 100 1972 62 635
internal_value=-0.00056551 -0.000945619 -0.00894203 -0.000500768 -9.18681e-05 0.0104358 0.00401931 -0.000822442 -0.0040189 -0.00614533 -0.00884259 0.000185773 0.006319 -0.000830158
internal_weight=1195.9 1142.91 55.1978 1087.72 1044.12 63.4451 42.6198 980.677 231.571 205.747 157.267 749.107 102.743 646.364
internal_count=4824 4610 223 4387 4211 256 172 3955 934 830 634 3021 414 2607
is_linear=0
shrinkage=0.03


Tree=86
num_leaves=15
num_cat=0
split_feature=1 41 11 24 19 23 10 1 20 11 25 16 14 21
split_gain=4.59104 7.7848 6.06933 6.64307 5.64645 6.34082 6.09707 5.07389 6.37039 5.03774 4.40694 4.36056 3.66066 3.69422
threshold=40.250000000000007 82.500000000000014 13.700000000000001 0.43095238095238103 -9.3499999999999996 0.89181286549707617 -12.899999999999997 39.250000000000007 13.785862204134778 19.100000000000005 -0.11805555555555554 -1.3499999999999999 33.900000000000006 10.521142704910529
decision_type=2 10 8 8 10 10 8 2 8 10 8 10 10 8
left_child=1 2 11 7 10 12 -7 8 9 -4 -2 -1 13 -6
right_child=4 -3 3 -5 5 6 -8 -9 -10 -11 -12 -13 -14 -15
leaf_value=-0.016465200623363818 -0.022162549617664624 -0.014361047996199536 0.0025689079718696889 0.01859658589806126 0.0024830241130974415 -0.0046474582118435741 0.012506953785977824 0.01185533921781735 0.0074608765914457977 -0.012029198211507166 -0.0021306827166337572 0.0033726648870117345 0.011301644182549777 -0.0027481087586813447
leaf_weight=15.065069064497946 15.064718246459959 16.34410996735096 40.447009161114693 29.127707555890083 144.56669484078884 24.180363893508911 53.612989738583565 49.595252856612206 68.731600493192673 36.758428290486336 21.83720788359642 17.048655942082405 14.733749598264692 659.4768729954958
leaf_count=61 61 66 163 118 582 98 216 200 277 148 88 69 60 2661
internal_value=-0.000208128 0.00317814 0.00454753 0.00629816 -0.00121055 -0.000703437 0.00721622 0.00404811 0.00109006 -0.00469034 -0.0119772 -0.00689806 -0.00149513 -0.00179802
internal_weight=1206.59 273.118 256.774 224.66 933.473 896.571 77.7934 195.532 145.937 77.2054 36.9019 32.1137 818.777 804.044
internal_count=4868 1102 1036 906 3766 3617 314 788 588 311 149 130 3303 3243
is_linear=0
shrinkage=0.03


Tree=87
num_leaves=15
num_cat=0
split_feature=20 3 1 20 19 42 27 0 4 21 27 41 26 16
split_gain=3.83293 5.63563 6.46033 4.64561 8.1903 7.29921 6.8705 9.62943 6.26081 6.16885 6.0161 7.57922 7.00663 5.85608
threshold=14.560219778561033 0.030301806037100091 47.750000000000007 11.967084486670547 -8.7499999999999982 9.5000000000000018 11.500000000000002 -2.2499999999999996 -46.253390482474394 13.370780514343105 15.500000000000002 68.500000000000014 0.60769230769230786 -5.1499999999999995
decision_type=10 2 2 8 10 10 2 2 2 10 2 8 10 10
left_child=1 3 -3 4 -1 6 7 9 -7 -5 11 13 -12 -6
right_child=-2 2 -4 5 10 8 -8 -9 -10 -11 12 -13 -14 -15
leaf_value=-0.018887542930245367 0.0017865890863065822 0.0079165690764172545 -0.0087770745680756396 0.011838008037494579 -0.0040906182200467203 -0.012136459515853839 -0.0013012793577548689 -0.016928014536627588 0.006883286839680914 -0.0096633672540532029 0.0050810901720128379 -0.0048755876793008801 -0.016145223463211567 0.0082869866076893915
leaf_weight=15.357414975762365 443.38536059856415 89.808440327644348 22.29180134832859 17.85491681098938 40.538368180394173 15.645928010344504 83.518783330917358 99.581002682447433 59.722831711173058 20.322174653410912 19.594651579856873 83.837477684020996 31.503229916095734 154.56568305194378
leaf_count=62 1788 362 90 72 164 63 337 403 241 82 79 339 127 623
internal_value=-0.000414649 -0.00171207 0.00436391 -0.00279846 -0.000416622 -0.00551886 -0.00821859 -0.0122199 0.00242554 0.000598911 0.000711912 0.00247552 -0.00827812 0.00567724
internal_weight=1197.53 754.143 112.1 642.042 345.397 296.646 221.277 137.758 75.3688 38.1771 330.039 278.942 51.0979 195.104
internal_count=4832 3044 452 2592 1394 1198 894 557 304 154 1332 1126 206 787
is_linear=0
shrinkage=0.03


Tree=88
num_leaves=15
num_cat=0
split_feature=8 8 41 7 42 21 24 24 1 23 17 23 12 13
split_gain=4.13275 8.44651 8.3601 5.03484 4.78723 8.15082 4.74921 4.54131 5.5658 7.34076 6.36304 5.86616 5.97603 5.40803
threshold=-7.6999999999999984 -10.299999999999999 74.500000000000014 -0.46490858784154149 1.5000000000000002 15.485118304000425 -0.49107142857142844 -0.3563492063492063 40.250000000000007 0.45643939393939398 -6.5499999999999989 0.24038461538461542 20.775000000000002 22.266666666666669
decision_type=8 10 8 2 10 10 8 8 2 10 10 8 10 10
left_child=1 3 -3 -1 -5 -6 -2 13 9 11 -11 -9 -13 -8
right_child=6 2 -4 4 5 -7 7 8 -10 10 -12 12 -14 -15
leaf_value=-0.0066329175734512972 0.0076638199796012375 -0.016133927586354395 0.0059310974760365121 0.013983929179980601 -0.0087638388909787417 0.014009908587093282 -0.02013156068050841 -0.0009146920706650767 -0.0013212885465474487 0.013204321713658271 -0.0053750618152169525 0.019065474440211266 -0.0012435596974006838 0.0011179437501529998
leaf_weight=51.103742018342018 63.358093336224556 67.310840636491776 16.834300741553307 27.538430944085121 34.473530307412148 17.051413297653198 17.649575367569923 31.120612516999245 696.94563640654087 15.876234322786329 76.727182552218437 51.990848183631897 16.148211076855659 19.618599355220795
leaf_count=207 256 272 68 111 139 69 71 126 2812 64 309 210 65 79
internal_value=-0.000793983 -0.00451992 -0.0116345 0.000339448 0.0049726 -0.000654603 3.1726e-05 -0.00052878 -7.14757e-05 0.00438674 -0.0016765 0.00985251 0.0144965 -0.0101364
internal_weight=1203.75 214.312 84.1451 130.167 79.0634 51.5249 989.435 926.077 888.809 191.863 92.6034 99.2597 68.1391 37.2682
internal_count=4858 866 340 526 319 208 3992 3736 3586 774 373 401 275 150
is_linear=0
shrinkage=0.03


Tree=89
num_leaves=15
num_cat=0
split_feature=17 8 44 22 22 8 16 17 42 17 8 12 16 8
split_gain=5.15155 4.82703 4.50616 8.80073 6.41811 7.20847 5.45698 4.51836 4.02002 3.717 4.32147 5.21571 9.92698 5.44198
threshold=16.350000000000005 13.100000000000001 1.0000000180025095e-35 0.12019230769230771 0.82085561497326209 6.7000000000000002 9.4500000000000011 -13.349999999999996 8.5000000000000018 -14.049999999999999 3.7000000000000006 23.900000000000002 -1.3499999999999999 4.9000000000000012
decision_type=10 8 2 10 8 10 10 10 8 10 10 10 10 10
left_child=1 2 4 -4 5 6 9 -8 -3 -1 -11 12 13 -12
right_child=-2 8 3 -5 -6 -7 7 -9 -10 10 11 -13 -14 -15
leaf_value=0.010788731874716444 -0.01080726298965365 0.0031448715622926435 -0.0067248799180670603 0.010748011144398849 0.0055634075255300858 -0.0084480776114948739 -0.00065840469466849441 -0.019206418118846765 0.020191582038966181 -0.00097663972150245008 0.020759421541148657 0.014949809939131274 -0.01311693339118484 -0.0013075720357961312
leaf_weight=24.781213745474815 30.560587957501411 39.653032079339027 32.660403430461884 84.08279949426651 137.74303211271763 105.80131068825722 23.923934862017632 19.098283722996712 14.902837812900541 592.91933432221413 15.604648217558859 30.824067085981369 23.594167202711105 18.566014409065247
leaf_count=100 126 160 132 339 555 426 97 77 60 2392 63 124 95 75
internal_value=0.000444399 0.000784724 0.000336593 0.00578432 -0.000329741 -0.00130584 -0.000248059 -0.0100346 0.0091057 0.000414418 -3.86452e-05 0.00595606 0.000348261 0.0101333
internal_weight=1194.72 1164.16 1109.6 116.743 992.856 855.113 749.312 43.0222 54.5559 706.289 681.508 88.5889 57.7648 34.1707
internal_count=4821 4695 4475 471 4004 3449 3023 174 220 2849 2749 357 233 138
is_linear=0
shrinkage=0.03


Tree=90
num_leaves=15
num_cat=0
split_feature=13 9 6 22 21 1 3 10 12 18 23 6 42 12
split_gain=7.06879 6.14661 6.21929 5.61345 7.93004 6.95503 5.42728 5.33822 5.20663 4.78595 4.66566 6.85483 4.33802 6.79336
threshold=16.900000000000002 -8.8999999999999986 11.984772396820118 0.74342105263157909 16.293318286893538 42.750000000000007 0.024489620841672725 1.1000000000000001 14.300000000000002 -6.0499999999999989 0.32738095238095244 3.8993234456625312 1.0000000180025095e-35 17.500000000000004
decision_type=10 8 2 10 10 2 2 10 8 10 10 2 10 8
left_child=3 6 8 4 7 -5 -2 -1 -3 -9 11 -8 -10 -14
right_child=1 2 -4 5 -6 -7 10 9 12 -11 -12 -13 13 -15
leaf_value=-0.0067845759254940123 -0.012504061524394374 -0.011092280115658628 0.017252779177394175 -0.0010208268415507608 -0.015169814679289467 -0.019784266935796695 0.018165974709960116 0.01758106113092375 0.0051653279650132203 0.00093647501197377872 -0.010007346439409233 -0.0020377201512323945 0.010422714488169626 -0.00044519671372345395
leaf_weight=26.25428532063961 44.007823392748833 22.066555246710777 19.520873293280602 32.849756106734276 21.004025891423225 35.285734176635742 16.821104660630226 23.567984595894814 299.99001660943031 35.431502223014832 24.496043711900711 46.44584496319294 52.792762950062752 493.14334052801132
leaf_count=106 179 89 79 133 85 143 68 95 1210 143 99 189 213 1988
internal_value=0.000467441 0.00142771 0.00232913 -0.00502843 -0.000596855 -0.0114262 -0.00450684 0.00363499 0.00189661 0.00843942 -3.88919e-05 0.00427102 0.00229862 0.000690798
internal_weight=1193.68 1019.28 887.514 174.393 106.258 68.1355 131.771 85.2538 867.993 58.9995 87.763 63.2669 845.926 545.936
internal_count=4819 4114 3579 705 429 276 535 344 3500 238 356 257 3411 2201
is_linear=0
shrinkage=0.03


Tree=91
num_leaves=15
num_cat=0
split_feature=17 8 1 16 8 41 11 1 15 20 4 1 1 11
split_gain=5.21058 4.18844 4.34522 8.43761 7.49228 4.53017 6.2173 6.05144 8.44308 9.65636 8.50593 6.26489 6.26198 6.18579
threshold=16.350000000000005 12.700000000000001 50.750000000000007 0.25000000000000006 1.9000000000000001 82.500000000000014 24.450000000000003 40.250000000000007 -0.68333333333333324 11.836384583140228 98.468169893553991 37.750000000000007 36.750000000000007 30.450000000000003
decision_type=10 10 2 8 10 8 8 2 8 8 2 2 2 8
left_child=1 2 5 4 -4 7 -7 8 -1 10 -10 12 -11 -9
right_child=-2 -3 3 -5 -6 6 -8 13 9 11 -12 -13 -14 -15
leaf_value=-0.00043321427947625021 -0.010878691633748518 0.0084377849733781596 -0.026549549919688567 0.0019602009693908463 -0.0008254371458553451 -0.0092470968575877645 0.0084465149859560829 0.00066055826539276603 -0.011295201895103035 0.016121152851621121 0.013591770225254167 0.024863728692216064 -0.0058739467831136266 -0.011821099720932335
leaf_weight=110.43932111561298 31.698033973574638 53.34084877371788 19.778791666030884 52.145711913704872 17.869446307420731 73.920763865113258 18.853480041027069 683.80726039409637 24.316719770431519 22.100094512104988 16.386562421917915 38.619171977043152 16.878964975476265 32.690284311771393
leaf_count=446 131 215 80 210 72 299 76 2758 98 89 66 156 68 132
internal_value=0.000256108 0.000599526 0.0001932 -0.00595741 -0.015868 0.000751271 -0.00540336 0.00138059 0.00557214 0.0109686 -0.000885211 0.0168636 0.00701172 1.31071e-05
internal_weight=1212.85 1181.15 1127.81 89.7939 37.6482 1038.01 92.7742 945.238 228.741 118.302 40.7033 77.5982 38.9791 716.498
internal_count=4896 4765 4550 362 152 4188 375 3813 923 477 164 313 157 2890
is_linear=0
shrinkage=0.03


Tree=92
num_leaves=15
num_cat=0
split_feature=39 14 21 25 1 14 14 8 8 7 19 20 18 39
split_gain=4.34728 5.88004 13.6952 5.64405 5.46308 7.33107 5.35256 6.97245 7.93305 6.04298 13.0257 8.55068 8.23973 6.15195
threshold=1118.1677279609059 14.900000000000002 13.598406755613762 -15.966666666666665 46.750000000000007 16.300000000000001 21.300000000000001 11.900000000000002 8.1000000000000014 -0.87428788271192392 1.1500000000000001 10.828203764954841 -2.816666666666666 927.63689696717245
decision_type=2 10 8 8 2 10 10 10 10 2 10 8 10 2
left_child=1 2 -1 -3 5 -2 7 8 -5 10 -8 -12 -13 -11
right_child=4 3 -4 6 -6 -7 9 -9 -10 13 11 12 -14 -15
leaf_value=0.0053353550819033296 0.015855429350499932 0.012678477977596065 -0.020826717425755117 0.0021341375796459011 -0.0033969806812746018 0.0022288702362308933 -0.0098325651686999391 0.017285041927459742 -0.013098863866624993 -0.0041815192347531369 0.021943036222903087 -0.012342847531630464 0.0074854555571793472 -0.016443542449027057
leaf_weight=28.269434183835983 37.464730843901634 21.332997307181358 37.669926255941391 250.06889024376869 111.49506822228432 233.13425989449024 59.829550161957741 18.606594875454903 29.992175117135048 233.60416993498802 21.583409890532494 20.788764134049416 66.138737738132477 40.339746445417404
leaf_count=114 152 86 152 1008 450 940 243 75 121 944 87 84 267 163
internal_value=-0.000541531 -0.00175999 -0.010025 -0.000984376 0.00208821 0.00436891 -0.00146009 0.00162689 0.00030167 -0.00353957 0.000923495 0.00702593 0.00233009 -0.00624955
internal_weight=1210.32 828.224 65.9394 762.285 382.094 270.599 740.952 298.668 280.061 442.284 168.34 108.511 86.9275 273.944
internal_count=4886 3344 266 3078 1542 1092 2992 1204 1129 1788 681 438 351 1107
is_linear=0
shrinkage=0.03


Tree=93
num_leaves=15
num_cat=0
split_feature=7 25 7 19 25 25 25 12 9 4 25 39 25 20
split_gain=4.14289 6.16359 8.98356 11.1906 6.0493 6.35314 7.56855 5.62662 5.53573 7.874 6.23344 6.47551 8.83712 7.61096
threshold=3.0684986278695541 -6.8090909090909078 1.2803104027966994 1.3500000000000003 -5.6547619047619042 -4.9615384615384608 -3.6515151515151509 24.100000000000005 -3.0999999999999996 14.103975424373631 -1.392307692307692 510.32211401043111 10.861904761904764 10.677078049175384
decision_type=2 10 2 10 10 10 10 8 8 2 10 2 10 10
left_child=1 2 3 -1 -3 -6 7 -7 9 -8 -11 -12 13 -13
right_child=-2 4 -4 -5 5 6 8 -9 -10 10 11 12 -14 -15
leaf_value=-0.0082884942041067094 0.0039866087605528585 0.011453701362708863 -0.015942452821703808 0.0069011543803588959 -0.012573646351544331 0.018054635164810522 0.019019122361519421 -0.0021782222698017179 -0.0023587406866987983 -0.0095179971220224098 -0.0044869050096412047 0.025929552765883299 -0.011121308648974815 0.0060847336767449033
leaf_weight=96.348054260015488 185.7028638869524 37.173783376812935 48.744817689061165 71.885100111365318 30.710538417100906 30.988062083721161 20.592179462313652 17.351908951997757 457.64363367855549 34.287326127290726 55.602374196052551 18.824789628386497 15.463441774249075 84.043079033493996
leaf_count=390 750 150 197 290 124 125 83 70 1845 139 225 76 63 340
internal_value=-7.37591e-05 -0.000829088 -0.0052539 -0.00178619 0.000392133 -0.000215868 0.00038211 0.0112685 -0.000460448 0.00330553 0.00134197 0.00368892 0.00755679 0.0107499
internal_weight=1205.36 1019.66 216.978 168.233 802.681 765.507 734.797 48.34 686.457 228.813 208.221 173.934 118.331 102.868
internal_count=4867 4117 877 680 3240 3090 2966 195 2771 926 843 704 479 416
is_linear=0
shrinkage=0.03


Tree=94
num_leaves=15
num_cat=0
split_feature=18 24 2 41 18 1 5 19 41 9 11 11 41 11
split_gain=3.4816 7.51371 8.90846 7.25113 5.71627 6.18274 5.59416 5.73018 7.6609 8.89017 6.71156 6.03825 6.34389 5.52252
threshold=-3.2499999999999996 -0.49107142857142844 0.74087741323255141 40.500000000000007 2.2500000000000004 35.750000000000007 0.3186100256833429 6.1500000000000012 69.500000000000014 0.70000000000000007 25.500000000000004 17.700000000000006 68.500000000000014 26.900000000000002
decision_type=8 8 2 8 8 2 2 10 10 10 10 10 8 10
left_child=1 -1 3 -3 5 -2 -7 10 9 -9 11 12 -8 -12
right_child=4 2 -4 -5 -6 6 7 8 -10 -11 13 -13 -14 -15
leaf_value=0.010552262417795312 -0.01131253916817083 0.0062062101294296321 0.0067675978196651892 -0.0089406154402934222 -0.0013386290690733493 0.013947999823349714 0.0054042431622088266 0.0024383703263098984 0.010898652111491554 -0.021336405055563206 -0.013060904379690982 0.0095197778121383116 -0.014897984424695674 0.0030647777094133092
leaf_weight=29.671563610434532 19.573322117328644 29.57504166662693 49.21592715382576 193.3311857432127 455.87516689300537 42.87562857568264 34.229554697871208 24.829459816217422 16.403880313038826 25.311042904853821 25.795540004968643 187.05430713295937 16.513737440109253 46.651512235403061
leaf_count=120 79 119 199 781 1842 174 138 100 66 102 104 754 67 189
internal_value=6.83628e-05 -0.00269187 -0.00430031 -0.00683888 0.00100878 0.00343274 0.00424556 0.0029733 -0.00476236 -0.0104097 0.00468173 0.0070833 -0.00194652 -0.00314947
internal_weight=1196.91 301.794 272.122 222.906 895.113 439.238 419.665 376.789 66.5444 50.1405 310.245 237.798 50.7433 72.4471
internal_count=4834 1219 1099 900 3615 1773 1694 1520 268 202 1252 959 205 293
is_linear=0
shrinkage=0.03


Tree=95
num_leaves=15
num_cat=0
split_feature=21 24 5 17 14 19 21 19 14 11 39 18 19 21
split_gain=4.37813 6.28289 7.51102 6.42731 5.22828 6.72783 7.73596 8.00831 7.51022 7.3523 5.98446 5.94088 11.9057 9.21769
threshold=10.35159676357013 -0.094402673350041752 0.49737382203304875 -4.4499999999999984 19.500000000000004 -9.1499999999999968 11.946175585144845 -7.2499999999999991 14.700000000000001 27.100000000000005 698.28298178176465 3.9500000000000006 6.7500000000000009 15.828946620699863
decision_type=8 10 2 10 10 8 10 10 10 10 2 10 10 10
left_child=1 2 3 -1 5 -2 10 -8 -9 -10 -7 -6 -13 -14
right_child=4 -3 -4 -5 11 6 7 8 9 -11 -12 12 13 -15
leaf_value=-0.006350905973838617 -0.0096552520026079204 0.0080810933419890821 -0.013440682811931051 0.01306039762667624 -0.00056180789325414903 0.0056894761037004212 0.021870561236276689 -0.0068794737167631216 0.010163566343312055 -0.0050874930626146004 -0.012826383867223845 -0.010843241767725383 -0.0044953662517684513 0.021455958097242985
leaf_weight=24.267849057912827 32.659836784005165 123.14424046874046 29.30665035545826 28.316741615533829 484.05450049042702 22.328001961112022 21.759232446551323 39.828573778271675 129.8307977616787 32.731437385082245 34.45060621201992 144.14939212799072 26.278823539614677 16.128629863262177
leaf_count=98 132 497 118 114 1955 90 88 161 524 132 139 585 106 65
internal_value=-1.21376e-05 0.00392169 -0.00243813 0.00432846 -0.00084734 0.00232621 0.00386362 0.00635062 0.00419501 0.00703263 -0.00567392 -0.00233758 -0.00681019 0.00659654
internal_weight=1189.24 205.035 81.8912 52.5846 984.2 313.588 280.929 224.15 202.391 162.562 56.7786 670.611 186.557 42.4075
internal_count=4804 827 330 212 3977 1266 1134 905 817 656 229 2711 756 171
is_linear=0
shrinkage=0.03


Tree=96
num_leaves=15
num_cat=0
split_feature=18 25 27 23 25 10 21 12 5 12 19 10 18 16
split_gain=5.08776 5.41057 7.01408 5.45242 4.46018 6.62187 5.984 4.21038 6.5959 4.96311 5.45962 8.17667 6.21179 6.63381
threshold=11.950000000000001 11.029411764705884 8.5000000000000018 0.12916666666666668 8.1791443850267402 12.900000000000002 13.156325025463319 27.100000000000005 0.5707666139034806 26.300000000000001 5.9500000000000011 2.4999999999999996 3.9500000000000006 2.4500000000000006
decision_type=10 10 2 8 10 10 8 8 2 10 10 8 8 10
left_child=1 3 -3 -1 7 6 -6 9 -9 10 12 -12 -5 -14
right_child=-2 2 -4 4 5 -7 -8 8 -10 -11 11 -13 13 -15
leaf_value=-0.0071742050601367206 0.0097003559994018503 0.00038295299023330517 -0.017528745584693761 0.00057687104860562003 0.011178594967405796 0.021075759435208102 -0.0070964715177649256 0.00090320538534576248 0.013566911588084558 -0.010357284655419893 0.01928149156337133 -0.00074071189489811342 -0.009955326714181258 0.003925032074503375
leaf_weight=79.200724199414253 41.773831561207771 41.760060042142868 31.858790069818497 471.70590631663799 26.02119055390358 18.298019036650658 28.775555029511452 150.84534314274788 44.40940997004509 41.35895998775959 25.867364555597305 44.422467648983002 111.2840346544981 39.144217908382416
leaf_count=324 169 169 129 1902 105 74 116 609 179 167 104 179 450 158
internal_value=-2.50567e-07 -0.000391416 -0.00799021 0.000160317 0.000772719 0.00765877 0.00179083 0.000192842 0.00405031 -0.00085407 -0.000216252 0.00741881 -0.00113115 -0.00633333
internal_weight=1196.73 1154.95 73.6189 1081.33 1002.13 73.0948 54.7967 929.038 195.255 733.783 692.424 70.2898 622.134 150.428
internal_count=4834 4665 298 4367 4043 295 221 3748 788 2960 2793 283 2510 608
is_linear=0
shrinkage=0.03


Tree=97
num_leaves=15
num_cat=0
split_feature=18 10 10 18 9 11 4 4 21 29 21 41 18 18
split_gain=3.73582 6.42603 6.48922 6.08556 4.34598 3.97725 3.6344 7.15991 7.19933 5.66862 7.70239 5.30808 4.34649 6.37352
threshold=-8.1499999999999968 1.1000000000000001 -6.4999999999999991 -6.4499999999999993 4.1000000000000005 17.100000000000005 -50.345716259327666 -74.735989295202657 16.947139862251607 9.5000000000000018 12.878491946310808 68.500000000000014 6.0500000000000007 3.9500000000000006
decision_type=8 10 10 8 10 10 2 2 10 2 8 8 10 8
left_child=1 2 -1 4 5 -2 7 8 9 10 -5 -12 13 -8
right_child=3 -3 -4 6 -6 -7 12 -9 -10 -11 11 -13 -14 -15
leaf_value=0.0016061475858002029 0.0026246642011828396 0.0036308700436015794 -0.021997957825855702 -0.00071815756396344797 -0.0016205441755960154 0.02151943690597875 -0.0004397499626179416 0.013394732990324674 -0.01103198463488652 -0.0091715892170280474 0.018052530472567233 -0.0015955962522446517 0.0035859642482999931 -0.00861668351301066
leaf_weight=15.582346975803373 17.62659215927124 32.853846222162247 23.453902080655098 73.359069764614105 20.060278430581093 24.259501472115517 560.79350067675114 47.569147288799286 32.411074563860893 22.057918652892113 45.658811777830124 15.361354961991308 173.02365346252918 96.420737534761429
leaf_count=63 71 133 95 296 81 98 2264 192 131 89 185 62 700 390
internal_value=0.000479215 -0.00592309 -0.0134632 0.000911358 0.00968572 0.0146959 0.000358971 0.00359968 0.000850534 0.00357782 0.00592453 0.01336 -0.000579873 -0.0016954
internal_weight=1200.49 71.8901 39.0362 1128.6 61.9464 41.8861 1066.66 236.417 188.848 156.437 134.379 61.0202 830.238 657.214
internal_count=4850 291 158 4559 250 169 4309 955 763 632 543 247 3354 2654
is_linear=0
shrinkage=0.03


Tree=98
num_leaves=15
num_cat=0
split_feature=27 39 42 9 22 13 12 12 6 39 8 1 12 13
split_gain=3.51229 6.14074 7.66498 7.12235 5.26695 10.773 7.35618 12.2461 9.8225 11.4326 8.20986 5.70754 6.84946 5.25081
threshold=13.500000000000002 1209.0879194799502 1.5000000000000002 -5.0999999999999988 0.81534090909090928 16.700000000000006 14.100000000000001 18.450000000000003 6.2929532433108308 1209.0879194799502 11.225000000000001 48.750000000000007 20.300000000000001 29.100000000000005
decision_type=2 2 10 10 10 10 8 10 2 2 8 2 10 10
left_child=4 2 -2 -3 6 -6 -1 8 9 -8 13 12 -7 -9
right_child=1 3 -4 -5 5 11 7 10 -10 -11 -12 -13 -14 -15
leaf_value=-0.012139660512072973 0.0076571442165392417 0.022801995190620167 -0.0032043392159807013 0.0042071263287423418 -0.0089922861689775407 0.0022808050937374669 0.017644272266528104 -0.0023140846443262903 -0.0038697306506767365 -0.0043215462329447415 0.013558961363232803 -0.002838422047855494 0.023111959422927087 -0.011189975843627513
leaf_weight=48.70047764480114 83.67496994137764 21.316718563437462 166.79433272778988 73.841010972857475 28.987561762332916 23.900725439190865 75.142169162631035 459.66948816180229 49.820983096957207 26.744535386562347 21.78266242146492 18.272126451134682 34.961513191461563 64.898470520973206
leaf_count=199 338 86 673 298 118 97 304 1854 202 108 88 74 141 263
internal_value=0.000495731 0.00302395 0.000503034 0.009303 -0.000540473 0.00555987 -0.00143861 -0.000611015 0.00679432 0.011946 -0.00271026 0.0112432 0.0154944 -0.00350748
internal_weight=1198.51 345.627 250.469 95.1577 852.881 106.122 746.759 698.058 151.708 101.887 546.351 77.1344 58.8622 524.568
internal_count=4843 1395 1011 384 3448 430 3018 2819 614 412 2205 312 238 2117
is_linear=0
shrinkage=0.03


Tree=99
num_leaves=15
num_cat=0
split_feature=25 18 19 21 25 19 8 25 7 21 1 3 7 19
split_gain=5.04518 4.51229 8.46334 7.03025 6.57745 6.39477 6.03536 5.00132 4.65245 6.42997 4.76227 4.52878 4.30381 4.56145
threshold=10.861904761904764 3.9500000000000006 6.9500000000000011 13.880842113423014 4.7207792207792219 2.9500000000000006 6.3000000000000016 -5.4807692307692299 -0.87428788271192392 14.324221877407249 44.250000000000007 0.024712117453311148 -0.59482276142319701 -6.3499999999999988
decision_type=10 10 10 10 8 10 10 10 2 10 2 2 2 10
left_child=1 12 4 -4 5 8 -6 -7 9 -3 -10 -12 -1 -14
right_child=-2 2 3 -5 6 7 -8 -9 10 -11 11 -13 13 -15
leaf_value=-0.00080348642323150839 -0.0068304495335082104 -0.0059237977800194732 -0.0037686250000004864 0.017813877104958461 0.010861648706444547 -0.0023740263434087121 -0.0052123171243900375 -0.024033612736536501 -0.00028326107800872598 0.01236826228536605 -0.0013323714960260533 -0.021985799675817302 0.011408228673584405 0.0024238705056284656
leaf_weight=350.01050996780396 85.417740866541862 37.247538715600967 21.8072419911623 25.588693231344223 35.181575253605843 15.2902235686779 39.619045928120613 27.585630431771278 31.906383916735649 24.398491904139519 14.821752056479452 25.873277589678764 54.06791777908802 406.24481208622456
leaf_count=1413 346 151 88 103 142 62 160 112 129 99 60 105 219 1640
internal_value=-1.50363e-05 0.000537885 -0.00258238 0.00847159 -0.00478642 -0.00787167 0.00255474 -0.0173641 -0.00432536 0.00170066 -0.00922197 -0.0154324 0.00169923 0.00359041
internal_weight=1195.06 1109.64 299.32 47.3959 251.924 177.123 74.8006 42.8759 134.247 61.646 72.6014 40.695 810.323 460.313
internal_count=4829 4483 1211 191 1020 718 302 174 544 250 294 165 3272 1859
is_linear=0
shrinkage=0.03


Tree=100
num_leaves=15
num_cat=0
split_feature=14 17 17 14 10 42 21 14 18 22 22 22 2 18
split_gain=3.69263 5.04973 9.17698 5.92027 6.69308 6.45433 4.77191 4.95066 4.44306 4.21901 10.2423 7.31093 7.73924 8.07176
threshold=14.266666666666667 -14.049999999999999 -16.149999999999995 16.100000000000005 -13.374999999999998 8.5000000000000018 13.798751626056264 12.900000000000002 -1.0499999999999998 0.74342105263157909 0.62828947368421062 0.37980769230769235 0.54618794584328312 -3.4499999999999997
decision_type=8 8 10 8 8 10 8 10 10 10 10 10 2 8
left_child=6 2 -2 5 8 -3 7 -1 -5 10 11 12 13 -6
right_child=1 3 -4 4 9 -7 -8 -9 -10 -11 -12 -13 -14 -15
leaf_value=0.012760181271069326 -0.0029643552103650493 0.014274716731013199 0.022662428031877253 -0.018101034628509573 -0.0033407837651973108 -0.0060088827775939841 -0.012797463222675129 -0.0080439004621940518 -0.0028099342354666362 -0.0039391105676731429 0.0089241765550859813 -0.0035756941238221005 -0.0021308836293179151 0.011131311629202926
leaf_weight=14.83190067112446 23.506266012787819 43.998889490962029 19.753349214792252 25.540949121117592 45.388345882296562 16.560280606150627 39.498202070593834 16.614963740110397 44.041622683405876 184.12697511911392 119.90641827881336 327.17406645417213 149.6945940554142 119.57906946539879
leaf_count=60 95 178 80 103 183 67 160 67 178 745 484 1322 606 482
internal_value=-5.3415e-05 0.000379296 0.00987302 -4.6287e-05 -0.000607504 0.00869279 -0.00645564 0.00217275 -0.00925989 7.43506e-05 0.00106384 -0.000462246 0.0027803 0.00716839
internal_weight=1190.22 1119.27 43.2596 1076.01 1015.45 60.5592 70.9451 31.4469 69.5826 945.869 761.742 641.836 314.662 164.967
internal_count=4810 4523 175 4348 4103 245 287 127 281 3822 3077 2593 1271 665
is_linear=0
shrinkage=0.03


Tree=101
num_leaves=15
num_cat=0
split_feature=12 12 22 15 15 42 26 7 39 15 5 42 27 39
split_gain=3.33927 4.73146 2.8796 6.97807 5.09894 8.26716 8.55081 5.69195 5.76757 5.26699 4.79445 4.86037 8.41424 5.41672
threshold=32.900000000000006 34.70000000000001 0.22474747474747478 -4.4499999999999993 -4.3499999999999988 10.500000000000002 11.263888888888891 -0.1841541519954035 1380.0238390268792 -6.7499999999999991 0.28460077079440721 11.500000000000002 14.500000000000002 316.74183612110232
decision_type=10 10 8 8 10 8 8 2 2 10 2 10 2 2
left_child=2 -2 3 -1 5 6 7 -4 -9 -7 -6 13 -13 -12
right_child=1 -3 4 -5 10 9 -8 8 -10 -11 11 12 -14 -15
leaf_value=0.0096152313517815502 0.015915899296411344 -0.0023264005737407933 -0.0048928300811071843 -0.002243137524256384 0.012047533580702123 -0.0037470416370096278 -0.017340327267863932 0.0019817843600984696 0.020941242418229977 -0.024669546886266876 -0.0071174337131114911 0.0097332957846431867 -0.0067107583516471427 0.00017458903687096324
leaf_weight=82.12335205078125 23.732559934258461 21.05106046795845 59.284102976322174 88.514170095324516 25.968861117959023 21.742073565721512 20.230670392513275 53.891816258430481 15.375931680202482 21.749221712350845 105.48106350004673 94.328877747058868 34.944218039512634 537.49109606444836
leaf_count=332 96 85 240 359 105 88 82 218 62 88 426 381 141 2171
internal_value=0.000360168 0.00796847 3.38139e-05 0.00357524 -0.000591182 -0.00491057 -0.00135666 0.00171377 0.00731688 -0.0156749 0.000473362 9.15117e-06 0.00520388 -0.00106737
internal_weight=1205.91 44.7836 1161.13 170.638 990.488 192.274 148.783 128.552 69.2677 43.4913 798.214 772.245 129.273 642.972
internal_count=4874 181 4693 691 4002 778 602 520 280 176 3224 3119 522 2597
is_linear=0
shrinkage=0.03


Tree=102
num_leaves=15
num_cat=0
split_feature=11 12 5 1 11 15 22 21 12 5 15 22 4 15
split_gain=4.2163 5.28021 5.62579 4.69609 6.39316 4.99851 4.46207 4.21468 4.14524 4.46903 5.92486 5.65245 8.20237 7.20361
threshold=17.500000000000004 34.70000000000001 0.28460077079440721 38.750000000000007 14.900000000000002 -4.0499999999999989 0.2752525252525253 16.360521462214049 32.900000000000006 0.36227313071723094 -2.0499999999999994 0.37980769230769235 144.43865359910436 -0.54999999999999993
decision_type=8 10 2 2 10 10 8 8 10 2 8 10 2 8
left_child=3 2 -2 -1 7 -6 -7 -5 9 10 -4 12 13 -11
right_child=1 -3 8 4 5 6 -8 -9 -10 11 -12 -13 -14 -15
leaf_value=-0.0094303055214507419 0.012429331698278662 -0.013383574543662376 -0.018911331001368475 0.0013382534899459226 -0.011260239921729056 -0.0086239673056558094 0.0087256667505351323 0.016680706836055458 0.01442234986800341 0.014380948675413596 0.0006640173900218174 -0.00019935281947997045 -0.0057014935062944527 0.0016984281132970359
leaf_weight=71.729931563138962 35.286070272326469 17.117990747094154 18.796256378293037 55.537670716643333 52.759486868977547 17.533658429980278 28.018452003598213 18.297829493880272 15.149972409009932 83.745194241404533 32.732647329568863 639.53646072745323 42.730646625161171 76.617154374718666
leaf_count=290 143 69 76 225 213 71 113 74 61 338 132 2586 173 309
internal_value=0.000226367 0.00112194 0.00145389 -0.00325685 -0.000490938 -0.00538765 0.00185509 0.0059572 0.000962346 0.000655358 -0.00751764 0.00119655 0.00549141 0.00855613
internal_weight=1205.59 961.712 944.594 243.877 172.147 98.3116 45.5521 73.8355 909.308 894.158 51.5289 842.629 203.093 160.362
internal_count=4873 3887 3818 986 696 397 184 299 3675 3614 208 3406 820 647
is_linear=0
shrinkage=0.03


Tree=103
num_leaves=15
num_cat=0
split_feature=8 39 20 27 10 3 23 19 3 42 25 3 39 9
split_gain=4.97144 5.23655 7.76442 6.7105 6.61402 5.93894 5.14394 6.23647 4.98962 4.71185 5.90947 4.59643 12.9639 4.02032
threshold=-7.6999999999999984 1209.0879194799502 12.354936002896073 7.5000000000000009 -15.099999999999998 0.024932539339357577 0.2752525252525253 -1.9499999999999997 0.02436430455320571 3.5000000000000004 2.9354166666666672 0.024826062477769754 1892.761451492079 -8.2999999999999989
decision_type=8 2 10 2 8 2 8 10 2 10 10 2 2 10
left_child=6 4 11 8 -2 9 7 -1 -4 -5 -11 -3 -13 -8
right_child=1 2 3 5 -6 -7 13 -9 -10 10 -12 12 -14 -15
leaf_value=-0.0080528863567124759 0.014139840399813693 0.01564758657054454 0.0049939701242646762 -0.0090360647005744386 -0.00050683840052416268 0.014982840693829068 -0.018460554245566294 0.014076641069173416 -0.011598240947952986 -0.0050257885055041878 0.014823476638223473 0.016705113792764736 -0.012621836646659645 -0.0040204585408918992
leaf_weight=14.721412658691404 23.914018839597702 66.21270789206028 20.699287191033363 25.511245429515839 683.10693530738354 33.189924821257591 15.507730066776274 24.146760478615761 45.297316133975983 21.572679191827774 24.14199087023735 23.476595252752304 21.076668336987495 152.78462480008602
leaf_count=60 97 267 84 103 2760 134 63 98 183 87 98 95 85 618
internal_value=0.000582651 0.00147087 0.0048948 0.000797606 8.43804e-05 0.00543732 -0.00358915 0.0057325 -0.00640902 0.000298263 0.00588463 0.0108916 0.00295781 -0.00584533
internal_weight=1195.36 988.199 281.178 170.412 707.021 104.416 207.161 38.8682 65.9966 71.2259 45.7147 110.766 44.5533 168.292
internal_count=4832 3993 1136 689 2857 422 839 158 267 288 185 447 180 681
is_linear=0
shrinkage=0.03


Tree=104
num_leaves=15
num_cat=0
split_feature=3 15 7 18 41 22 15 16 19 18 25 19 19 15
split_gain=4.48786 10.2263 5.18067 4.39894 13.3878 6.10427 7.51695 6.56157 6.78853 6.08941 6.26017 6.72672 6.24522 5.73564
threshold=0.031710224548646367 -5.3499999999999988 -2.9129911582488415 -3.2499999999999996 43.500000000000007 0.62828947368421062 5.5500000000000007 0.83750000000000013 -4.9499999999999993 5.0500000000000007 -1.8619047619047617 -5.7499999999999991 -2.1499999999999999 -1.2499999999999998
decision_type=2 8 2 8 8 8 10 8 10 8 10 10 10 10
left_child=3 -2 -3 4 -1 9 7 8 -7 10 12 -12 -5 -6
right_child=1 2 -4 5 13 6 -8 -9 -10 -11 11 -13 -14 -15
leaf_value=0.010140494456012027 -0.01155003709112591 -0.0060404418363172816 0.011320476453346832 -0.0031496955315562605 -0.001164713394493362 -0.003598375298201856 -0.0033773587488883728 0.00085760933816624019 0.01490620165467753 -0.0066596365329812668 0.010987235335965561 -0.0066784716083342762 0.0074148120524077602 -0.010853768447398283
leaf_weight=45.36747744679451 22.985049843788147 15.033982291817663 95.356839552521706 73.902874037623405 93.359127372503281 19.756198853254318 88.150462299585342 91.484734043478966 92.350646749138832 145.95216649770737 18.098297297954559 127.60789588093758 139.05617761611938 133.57136517763138
leaf_count=183 93 61 385 299 378 80 357 369 373 592 73 515 562 540
internal_value=-8.5569e-05 0.00499975 0.00879683 -0.00074058 -0.00399509 0.000390213 0.00380866 0.00692642 0.0116308 -0.00160412 0.000516403 -0.00419247 0.00376047 -0.00697874
internal_weight=1202.03 133.376 110.391 1068.66 272.298 796.359 291.742 203.592 112.107 504.617 358.665 145.706 212.959 226.93
internal_count=4860 539 446 4321 1101 3220 1179 822 453 2041 1449 588 861 918
is_linear=0
shrinkage=0.03


Tree=105
num_leaves=15
num_cat=0
split_feature=12 17 42 19 11 23 12 4 18 21 18 18 7 21
split_gain=5.03522 9.90129 6.47272 11.8382 5.71132 6.1996 6.80974 6.19918 5.98768 6.93492 6.85476 7.97452 7.04118 6.03203
threshold=21.100000000000005 11.750000000000002 14.500000000000002 4.6333333333333337 13.700000000000001 0.62828947368421062 20.775000000000002 299.61930992050299 3.9500000000000006 10.521142704910529 0.55000000000000016 -6.3499999999999988 -2.06670851524615 15.485118304000425
decision_type=10 10 8 10 8 8 10 2 8 8 10 10 2 10
left_child=1 4 -2 -4 -1 6 7 8 10 -10 11 -6 -12 -11
right_child=2 -3 3 -5 5 -7 -8 -9 9 13 12 -13 -14 -15
leaf_value=-0.0078419738398829986 -0.00049458772890829603 -0.0082166804367786346 -0.017543321738096918 0.0045217480532401457 0.019258999375640587 -0.0016899033129797378 0.023147235988182559 -0.0077316364786430775 0.014377106336821453 -0.011659004813535956 0.00095540514141261945 0.0016008262210953806 0.023179366873689235 0.0068419526154869003
leaf_weight=30.019147738814354 595.13752247393131 65.1298818141222 51.454017519950867 32.963215097784996 24.527195528149605 97.296273693442345 17.122462064027786 24.635489612817764 16.861366242170334 38.767635524272919 17.812992289662361 109.42216822504997 45.351321071386337 20.778757393360138
leaf_count=122 2403 266 208 133 99 393 69 100 68 158 72 442 183 84
internal_value=5.43508e-05 0.00230212 -0.0016296 -0.0091563 0.0039245 0.00486428 0.00688173 0.00558128 0.00689762 -0.000240847 0.00960223 0.00541085 0.0174418 -0.00517318
internal_weight=1187.28 507.725 679.555 84.4172 442.595 412.576 315.279 298.157 273.521 76.4078 197.114 133.949 63.1643 59.5464
internal_count=4800 2056 2744 341 1790 1668 1275 1206 1106 310 796 541 255 242
is_linear=0
shrinkage=0.03


Tree=106
num_leaves=15
num_cat=0
split_feature=16 13 2 24 23 20 1 20 24 10 14 13 13 4
split_gain=4.90107 6.23314 5.69361 5.14244 8.84888 7.13282 6.8247 4.771 5.993 8.33652 4.70782 3.91199 3.86411 6.95069
threshold=-4.6499999999999995 26.500000000000004 0.22353262420879003 -0.11111111111111106 0.76696832579185525 12.090400232323894 47.750000000000007 15.573124982262508 0.16605392156862747 11.100000000000003 23.900000000000002 25.100000000000005 23.450000000000003 38.618304454972879
decision_type=10 8 2 10 10 10 2 8 8 10 10 10 10 2
left_child=7 2 -2 4 6 -5 -3 8 9 10 -1 -12 -4 -14
right_child=1 3 12 5 -6 -7 -8 -9 -10 -11 11 -13 13 -15
leaf_value=0.0050679869468079489 0.016873996509627853 7.741560495621162e-05 0.0005721332414224743 0.0040230985177243661 -0.012813104884121582 -0.015050913982929594 0.018517626057467589 0.0023456946191557459 -0.011543108319603257 0.016513416252710991 -0.0170900245406304 -0.00089270047382337785 0.00016430678684241972 0.012023481611578452
leaf_weight=24.71772263944149 18.473563373088837 63.235074311494827 549.90640400350094 22.693416371941566 28.180303886532784 53.625428333878517 20.309920623898506 82.344161882996559 88.80194765329361 15.327270060777662 25.730596676468849 24.855497360229492 96.359207168221474 77.839556306600571
leaf_count=100 76 255 2219 92 114 218 82 334 362 62 104 101 389 314
internal_value=5.06709e-05 0.0010732 0.00230912 -0.00374077 0.000418242 -0.00948062 0.00535278 -0.00353644 -0.00622623 -0.000685519 -0.0049964 -0.00992764 0.00182437 0.00565112
internal_weight=1192.4 930.623 742.579 188.044 111.725 76.3188 83.545 261.777 179.433 90.6311 75.3038 50.5861 724.105 174.199
internal_count=4822 3759 2998 761 451 310 337 1063 729 367 305 205 2922 703
is_linear=0
shrinkage=0.03


Tree=107
num_leaves=15
num_cat=0
split_feature=25 15 15 18 7 25 15 7 24 22 42 20 42 13
split_gain=3.58019 4.42189 4.83478 7.71732 9.19864 5.40014 6.58109 4.84076 8.26149 5.26384 4.89834 7.39846 4.31445 4.29694
threshold=2.5166666666666671 -5.8499999999999988 -2.9499999999999997 -3.8499999999999992 1.7771881206258378 0.93541666666666679 2.1500000000000008 -0.7618829144793654 0.063068181818181815 0.10555555555555557 4.5000000000000009 11.46056038963386 6.5000000000000009 16.900000000000002
decision_type=8 8 10 8 2 10 10 2 10 10 8 10 10 8
left_child=1 -1 3 -3 12 7 -7 8 9 -4 11 -11 -5 -2
right_child=13 2 5 4 -6 6 -8 -9 -10 10 -12 -13 -14 -15
leaf_value=0.0027365984519646222 -0.0029051930568350461 0.005501185112055885 -0.0050524032912256829 -0.0084049957208977844 0.0013083586899270514 -0.016251855206051137 0.002193848627377214 -0.0026036589309393469 -0.0084347748223016165 0.015460295185301221 0.017242505704836694 -0.0086970777668547508 -0.023931046984953824 0.0032947340667217073
leaf_weight=157.08158594369888 131.89615485072136 29.115202009677887 17.980580538511276 40.960765942931175 36.569530695676804 36.862933665513992 27.980285078287125 186.27703215181828 28.916028454899788 16.101258486509323 50.292347878217697 20.093707323074341 35.455898895859718 379.77938678860664
leaf_count=636 534 118 73 166 148 149 113 753 117 65 203 81 144 1534
internal_value=-0.000204631 -0.00161999 -0.00293304 -0.00756206 -0.0110188 -0.00114718 -0.00870516 0.000496416 0.00476347 0.00863505 0.0116013 0.00262143 -0.0166361 0.00168391
internal_weight=1195.36 683.687 526.606 142.101 112.986 384.504 64.8432 319.661 133.384 104.468 86.4873 36.195 76.4167 511.676
internal_count=4834 2766 2130 576 458 1554 262 1292 539 422 349 146 310 2068
is_linear=0
shrinkage=0.03


Tree=108
num_leaves=15
num_cat=0
split_feature=17 10 7 24 21 19 26 17 17 39 24 11 11 42
split_gain=3.75761 4.90765 5.57058 6.99731 4.26408 3.90205 7.89782 3.58705 4.17523 5.65862 5.27279 6.5267 5.9811 7.18628
threshold=-14.049999999999999 -13.374999999999998 3.1261033142739012 -0.28869047619047611 16.947139862251607 11.050000000000002 -1.1380952380952378 -11.249999999999998 -4.1499999999999986 1794.6209787319315 0.099707602339181259 21.500000000000004 24.450000000000003 9.5000000000000018
decision_type=8 10 2 10 8 10 10 10 10 2 10 10 10 10
left_child=4 2 3 -2 -1 7 -7 -3 9 10 12 -12 13 -9
right_child=1 5 -4 -5 -6 6 -8 8 -10 -11 11 -13 -14 -15
leaf_value=0.012006054096856039 -0.015251448714563085 -0.011224787622448221 0.0063505783329584446 0.0034804429455829095 -0.0045424037796325577 0.020870486807097251 -0.0021779188438593726 0.01707045800115025 -0.00087894711850048811 -0.0079348912526540378 -0.01385710859602318 0.0085468362043543081 -0.0031681577477268457 -0.0006966424930838367
leaf_weight=40.627127721905708 57.363134443759918 20.868052393198013 20.278889462351799 22.942358836531639 17.070806160569191 19.045558050274849 28.276628106832504 70.764372736215591 779.04047648608685 25.930581316351891 19.478995606303215 17.80603463947773 26.503009885549545 27.560681939125061
leaf_count=165 232 84 82 93 69 77 114 286 3151 105 79 72 107 111
internal_value=-1.23439e-05 -0.000405258 -0.0065667 -0.0100096 0.00713815 0.000222055 0.00820625 -0.000199778 9.46351e-05 0.00404636 0.00614287 -0.00341229 0.00901841 0.0122976
internal_weight=1193.56 1135.86 100.584 80.3055 57.6979 1035.27 47.3222 987.952 967.084 188.044 162.113 37.285 124.828 98.3251
internal_count=4827 4593 407 325 234 4186 191 3995 3911 760 655 151 504 397
is_linear=0
shrinkage=0.03


Tree=109
num_leaves=15
num_cat=0
split_feature=12 12 19 26 41 2 11 41 2 18 11 42 14 8
split_gain=3.02442 3.84935 7.66002 5.62119 5.47896 6.35522 6.16282 6.05349 5.92464 8.21587 5.56716 5.02983 3.80079 4.75882
threshold=31.900000000000002 26.300000000000001 6.4500000000000011 -9.7071428571428537 56.500000000000007 0.52462618965897123 25.266666666666669 48.500000000000007 0.44354920009227577 0.45000000000000007 19.633333333333336 5.5000000000000009 29.500000000000004 -0.29999999999999999
decision_type=10 10 10 8 8 2 10 10 2 10 10 10 10 10
left_child=1 2 12 -4 7 8 -7 11 9 10 -6 -3 -1 -14
right_child=-2 4 3 -5 5 6 -8 -9 -10 -11 -12 -13 13 -15
leaf_value=-4.7666158694304992e-05 0.0061249466381296195 -0.015531487476948852 -0.0059458871695145009 0.012828461395595792 -0.0017887395440826612 0.013835863152310871 -0.0033848963615741791 -0.021565987050661956 -0.018806496622718348 -0.011762464470270764 0.019270298419953088 0.0024914071082046325 0.00076456715013513432 -0.018541850040232948
leaf_weight=790.18814422190189 59.378069326281548 16.355685725808144 15.032680705189703 62.501187309622765 24.442533418536186 35.672348007559776 31.66727089881897 23.267079010605812 18.541840344667435 31.641607612371445 14.860579550266264 36.949781104922295 22.162939324975014 18.043551176786423
leaf_count=3196 240 66 61 252 99 144 128 94 75 128 60 149 90 75
internal_value=-0.000203289 -0.000557798 0.000331262 0.0090487 -0.00395068 -0.000649207 0.00606337 -0.0102581 -0.00575406 -0.00132914 0.00744991 -0.00389623 -0.000531971 -0.00899212
internal_weight=1200.71 1141.33 907.929 77.5339 233.399 156.826 67.3396 76.5725 89.4866 70.9447 39.3031 53.3055 830.395 40.2065
internal_count=4857 4617 3674 313 943 634 272 309 362 287 159 215 3361 165
is_linear=0
shrinkage=0.03


Tree=110
num_leaves=15
num_cat=0
split_feature=9 26 27 14 24 42 5 9 5 20 20 39 29 27
split_gain=3.94201 5.44254 9.94354 4.2163 4.15712 4.04208 6.54558 5.15174 3.70581 3.51666 5.51799 8.01105 7.00345 6.47959
threshold=-13.099999999999998 -8.7638888888888875 5.5000000000000009 24.300000000000001 0.10000000000000007 14.500000000000002 0.65539214085539921 -2.4499999999999997 0.80792620200190657 14.560219778561033 12.251303313429652 227.62943271168442 13.500000000000002 16.500000000000004
decision_type=8 8 2 8 8 10 2 10 2 8 10 2 2 2
left_child=4 2 3 -2 -1 9 7 -7 -4 10 12 -12 -3 -13
right_child=1 5 8 -5 -6 6 -8 -9 -10 -11 11 13 -14 -15
leaf_value=0.0047179214584849591 -0.014444165528628225 0.0027864866907088446 0.020087570525902959 0.0044505219877592431 -0.011813845369652964 0.0034310741039353543 0.0063226976448735031 -0.014869595470411199 0.0023453503875252705 0.0030490461881981391 0.010747579723093578 -0.0079128548127000709 -0.014144153286148365 0.0071268776755669429
leaf_weight=16.475396141409874 14.648103907704352 338.81876930594444 37.181784301996231 19.378297597169876 39.77794998884201 16.347453638911247 25.925848230719566 49.74513828754425 16.089518621563911 376.86901700496674 24.487843424081802 189.89690940082073 18.549933105707169 25.74897837638855
leaf_count=67 60 1369 150 79 164 66 105 201 65 1522 99 768 75 104
internal_value=0.000437646 0.000828001 0.00781696 -0.00449194 -0.00698216 0.000222054 -0.00562015 -0.0104201 0.0153899 0.000799661 -0.000632647 -0.00410439 0.00172463 -0.00599624
internal_weight=1209.94 1153.69 87.2977 34.0264 56.2533 1066.39 92.0184 66.0926 53.2713 974.371 597.502 240.134 357.369 215.646
internal_count=4894 4663 354 139 231 4309 372 267 215 3937 2415 971 1444 872
is_linear=0
shrinkage=0.03


Tree=111
num_leaves=15
num_cat=0
split_feature=9 9 17 39 21 3 10 19 18 3 20 19 14 3
split_gain=5.75008 7.22806 5.78209 4.92553 4.27788 5.59254 4.95409 4.47839 6.79411 4.38001 4.26272 3.88586 4.62464 8.32367
threshold=12.100000000000001 10.900000000000002 -14.349999999999996 510.32211401043111 10.521142704910529 0.025321778434792778 2.4999999999999996 -2.8374999999999995 -5.0499999999999989 0.024171853464983965 11.384199576606173 11.050000000000002 19.500000000000004 0.024233806955076379
decision_type=10 10 8 2 10 2 10 10 10 2 8 10 10 2
left_child=1 2 -1 -2 5 7 -7 10 -9 -10 -4 12 -6 -14
right_child=3 -3 4 -5 11 6 -8 8 9 -11 -12 -13 13 -15
leaf_value=0.012460778589576055 -0.0035649867360426765 -0.014594575126201912 -0.0060698033099083797 0.012105626897889315 0.0018758404049612303 0.0015119848497046726 0.017740850742479834 -0.019190823345931401 0.0097076442079124699 -0.004286740207680423 0.010824085869940363 0.007307854452172473 -0.0093506641660196319 -0.0012132118700292481
leaf_weight=26.943016111850739 22.944541722536087 26.947083100676537 14.920350745320318 55.998046323657036 210.92010167241096 32.988262116909027 32.131827250123024 15.6307265907526 24.041678711771965 60.583853200078011 43.223892197012901 38.417726621031761 146.20011946558952 457.03180873394012
leaf_count=109 93 109 60 227 852 133 130 63 97 245 175 155 593 1850
internal_value=3.34914e-05 -0.000527006 -0.000119029 0.00760994 -0.000490174 0.00315998 0.0102137 3.63013e-05 -0.00375403 8.7625e-06 0.0063516 -0.00145999 -0.0019158 -0.00324607
internal_weight=1208.92 1129.98 1103.03 78.9426 1076.09 223.521 65.1201 158.401 100.256 84.6255 58.1442 852.57 814.152 603.232
internal_count=4891 4571 4462 320 4353 903 263 640 405 342 235 3450 3295 2443
is_linear=0
shrinkage=0.03


Tree=112
num_leaves=15
num_cat=0
split_feature=41 4 10 8 8 12 10 12 27 12 12 3 13 12
split_gain=3.4036 5.12479 4.53177 3.6979 9.84615 4.6888 4.12909 3.62559 4.91959 5.52595 9.76876 3.35968 3.18652 4.23719
threshold=85.500000000000014 -38.164115797217498 22.700000000000006 -7.6999999999999984 -10.299999999999999 34.70000000000001 -17.774999999999995 28.700000000000006 14.500000000000002 23.100000000000005 19.500000000000004 0.025146607476110087 13.700000000000001 25.100000000000005
decision_type=8 2 10 8 10 10 10 8 2 10 10 2 10 10
left_child=2 -2 3 4 7 6 -5 8 9 10 -1 -3 13 -8
right_child=1 11 -4 5 -6 -7 12 -9 -10 -11 -12 -13 -14 -15
leaf_value=0.0055184688725313878 0.0051382736852591529 -0.015542550915053873 -0.012381700790248161 0.014814437701792639 -0.011001894358130123 -0.012119398156410419 0.015934637365515033 -0.0090594545429018257 0.015432095609589797 0.011316711827788701 -0.018711151189300352 -0.00076186014113362058 0.0011235795632271912 -0.0024772318949486689
leaf_weight=32.334397360682487 24.193352341651917 34.984022706747055 19.154686689376831 16.767468497157097 76.202685192227364 17.1044602394104 25.017432823777199 15.823479592800139 23.193046867847443 24.268456324934959 20.489986047148705 21.990001633763313 832.39264105260372 16.086466014385223
leaf_count=131 98 142 80 69 309 69 101 64 94 98 83 89 3363 65
internal_value=3.63473e-05 -0.00570997 0.000476771 0.000755773 -0.00297321 0.00155807 0.00188708 0.00253269 0.00470512 0.000734588 -0.00468519 -0.0103594 0.00155602 0.00924175
internal_weight=1200 81.1674 1118.84 1099.68 192.312 907.368 890.264 116.109 100.286 77.0928 52.8244 56.974 873.497 41.1039
internal_count=4855 329 4526 4446 779 3667 3598 470 406 312 214 231 3529 166
is_linear=0
shrinkage=0.03


Tree=113
num_leaves=15
num_cat=0
split_feature=39 39 5 25 5 9 19 39 4 26 7 7 8 26
split_gain=4.34892 7.98096 7.54155 6.31934 5.05043 6.87551 5.73307 4.94325 7.07708 6.32463 5.16408 4.94977 4.54407 5.6272
threshold=2282.6337519355907 1152.5204640180598 0.69745527344760816 -15.966666666666665 0.33349923650008978 10.900000000000002 -8.6499999999999968 944.39263254889568 -1.6089033763619225 -12.47222222222222 -1.7229631727194372 3.7859848763009318 -7.4999999999999991 8.5147058823529438
decision_type=2 2 2 8 2 10 8 2 2 8 2 2 10 8
left_child=1 3 -2 -1 12 6 -6 9 -9 -8 -10 -11 13 -5
right_child=2 -3 -4 4 5 -7 7 8 10 11 -12 -13 -14 -15
leaf_value=0.013537169356031829 -0.013091053455108408 0.0046576231815350097 0.0081336776211053379 -0.010008445616614212 -0.012507477099709683 -0.012971838002569031 -0.011933014776183524 -0.020976500959273146 0.01024999411585634 0.0021989163031525612 -0.0070115216927921437 -0.0066675823503604256 0.011117578519912765 0.0096824823844117256
leaf_weight=21.264774516224861 46.680966600775719 309.09230162203312 17.342044308781624 25.955365344882011 34.780652329325676 45.362738817930222 30.638193428516388 19.734880268573761 17.464522168040276 460.07570472359657 46.648810848593712 59.632300034165382 46.675014242529869 17.716065838932991
leaf_count=86 189 1251 70 105 141 183 127 80 71 1859 189 241 189 72
internal_value=0.000143799 0.000585925 -0.00716914 -0.000956671 -0.00142092 -0.0022731 -0.00145678 -0.000757636 -0.00732403 0.000299723 -0.00190811 0.00112772 0.00508287 -0.00184641
internal_weight=1199.06 1135.04 64.023 825.949 804.684 714.338 668.975 634.194 83.8482 550.346 64.1133 519.708 90.3464 43.6714
internal_count=4853 4594 259 3343 3257 2891 2708 2567 340 2227 260 2100 366 177
is_linear=0
shrinkage=0.03


Tree=114
num_leaves=15
num_cat=0
split_feature=17 42 41 7 19 26 6 10 35 15 21 41 17 41
split_gain=4.38944 6.63327 4.49192 7.8533 6.05134 5.833 4.40679 4.82474 4.27152 5.47033 9.53467 5.79477 8.67031 4.51634
threshold=-4.1499999999999986 15.500000000000002 69.500000000000014 1.1427973516179144 7.4500000000000011 6.514705882352942 -2.0138286503731067 1.4000000000000001 1.0000000180025095e-35 5.9500000000000011 13.519122259476264 75.500000000000014 0.4000000000000003 44.500000000000007
decision_type=8 10 8 2 10 10 2 8 2 8 8 10 10 8
left_child=1 2 4 5 -1 -4 7 -2 13 11 -11 12 -10 -8
right_child=6 -3 3 -5 -6 -7 8 -9 9 10 -12 -13 -14 -15
leaf_value=0.007840762531724171 0.001618857556631034 -0.011107200633228382 -0.015632070556247667 0.0093056101253585384 -0.0045354838829110324 0.00460660039834791 0.0065192366709920443 0.01749152744598742 -0.0084565140510362031 0.0007727067463465416 -0.022792440061516782 -0.015255393114326516 0.0050637588761099908 -0.0013771602299585421
leaf_weight=226.81600238382816 107.13848309218884 22.915410548448563 32.780801489949226 29.389333009719849 38.611739486455917 16.567590400576591 73.461498707532883 15.852813214063643 65.289448887109756 26.706204921007156 30.665219023823738 21.882657021284103 103.71996581554413 380.35714249312878
leaf_count=918 433 93 133 119 156 67 297 64 264 108 125 89 420 1540
internal_value=0.000353543 0.00305989 0.00414872 -0.00204478 0.00598982 -0.0090387 -0.000861708 0.00426813 -0.00178418 -0.00490547 -0.0126404 -0.00231749 -0.000252124 -4.18236e-05
internal_weight=1192.15 367.081 344.165 78.7377 265.428 49.3484 825.073 122.991 702.082 248.263 57.3714 190.892 169.009 453.819
internal_count=4826 1486 1393 319 1074 200 3340 497 2843 1006 233 773 684 1837
is_linear=0
shrinkage=0.03


Tree=115
num_leaves=15
num_cat=0
split_feature=39 21 15 20 14 1 12 16 13 13 18 39 5 26
split_gain=2.97342 5.08692 7.73943 7.26052 4.95989 4.67679 4.63314 5.75181 4.9071 6.78439 6.38683 5.19237 6.52463 8.61257
threshold=1209.0879194799502 12.067863625580534 -0.84999999999999998 16.193448605789712 18.700000000000006 46.250000000000007 14.300000000000002 -6.2499999999999991 17.700000000000006 29.100000000000005 9.6500000000000004 368.12072293874564 0.66831326475740049 1.0333333333333334
decision_type=2 8 10 10 8 2 8 10 10 10 10 2 2 10
left_child=6 2 -2 4 -3 -5 7 -1 -8 11 -11 -10 13 -13
right_child=1 3 -4 5 -6 -7 8 -9 9 10 -12 12 -14 -15
leaf_value=0.0009445124967084271 -0.0097797207876485631 0.016179043070374884 0.0049617359495998364 0.0021735467981222364 0.0048436679310949523 -0.015183198632815998 -0.0046025755021746927 -0.0163186727732955 0.0069619570466683987 -0.011698476887148306 0.0057818974105379407 0.009291008602514637 -0.0053393055870320644 -0.0012299623535015083
leaf_weight=32.851461350917816 56.603267163038254 47.650320738554001 62.275026634335518 37.484118521213531 123.95230709016323 16.350169748067856 151.66341078281403 30.670285537838936 161.02963420748711 57.029526770114899 23.397021770477295 112.82777352631092 112.38977107405663 170.15025417506695
leaf_count=135 229 194 252 152 501 66 614 125 650 232 95 456 454 687
internal_value=0.000462418 0.00279389 -0.00216876 0.00540109 0.0083602 -0.00394026 -0.000490585 -0.00797324 0.000158672 0.00131961 -0.00657246 0.00250878 0.000630747 0.00305339
internal_weight=1196.32 344.315 118.878 225.437 171.603 53.8343 852.009 63.5217 788.487 636.824 80.4265 556.397 395.368 282.978
internal_count=4842 1394 481 913 695 218 3448 260 3188 2574 327 2247 1597 1143
is_linear=0
shrinkage=0.03


Tree=116
num_leaves=15
num_cat=0
split_feature=14 3 26 19 5 20 20 16 22 3 9 21 13 25
split_gain=3.50973 6.15654 6.56179 7.7228 6.33266 7.93519 8.26648 4.75529 6.45854 5.65186 5.14579 5.0848 4.6589 6.38121
threshold=19.500000000000004 0.024195292374359471 0.88562091503267981 -8.7499999999999982 0.66599328605986352 14.907306186667538 16.395121001425441 2.8500000000000001 0.21825396825396828 0.025365442023791211 9.9000000000000021 14.358891941155415 21.225000000000005 1.9687500000000002
decision_type=8 2 8 10 2 8 8 8 10 2 10 10 8 8
left_child=1 12 3 -3 5 -4 -7 -2 -9 10 11 -10 -1 -14
right_child=7 2 4 -5 -6 6 -8 8 9 -11 -12 -13 13 -15
leaf_value=0.00087670653581781491 -0.0004357607712285535 -0.0090536827188445173 -0.0052714655484659752 0.012653149466818364 -0.015851417837461936 0.020103844439886949 -0.0015743709156005557 0.0049842367332538487 -0.023144067525084057 0.00052236039179617789 0.0020652491630802155 -0.0058527761498586182 0.0053959298103778636 0.027229844766662268
leaf_weight=44.457929745316505 668.90302620828152 15.835245072841643 120.42549358308315 52.399744942784309 25.017486780881882 22.596327379345894 35.583501726388931 33.082608565688133 39.817314371466637 36.639499068260193 14.893817365169523 29.932789161801338 35.976906567811966 16.081104427576065
leaf_count=180 2709 64 487 212 101 92 144 134 161 148 60 121 146 65
internal_value=-0.000461843 0.0019553 -0.0003917 0.00734146 -0.00309696 -0.00092741 0.00776987 -0.00154868 -0.00620621 -0.00933513 -0.0133932 -0.0166115 0.00825982 0.0139357
internal_weight=1191.64 368.374 271.858 68.235 203.623 178.605 58.1798 823.269 154.366 121.283 84.6439 69.7501 96.5159 52.058
internal_count=4824 1491 1100 276 824 723 236 3333 624 490 342 282 391 211
is_linear=0
shrinkage=0.03


Tree=117
num_leaves=15
num_cat=0
split_feature=19 19 35 3 18 3 39 22 39 25 27 24 33 8
split_gain=3.40175 4.92288 3.48627 8.18898 7.99687 5.22598 7.80085 6.66195 5.42473 4.92702 5.37188 4.75338 4.62053 4.36065
threshold=11.050000000000002 12.750000000000002 1.0000000180025095e-35 0.02668475292660211 -1.3499999999999999 0.030301806037100091 1866.1069623125854 0.62828947368421062 510.32211401043111 11.392307692307694 5.5000000000000009 0.063068181818181815 1.0000000180025095e-35 -14.099999999999998
decision_type=10 10 2 2 10 2 2 8 2 10 2 10 2 8
left_child=2 -2 5 12 -5 7 -7 13 11 -10 -11 -9 -4 -1
right_child=1 -3 3 4 -6 6 -8 8 9 10 -12 -13 -14 -15
leaf_value=0.0093617276698906363 0.015798095652385945 -0.00062533088051561301 0.0011128028929267826 -0.020872608700160999 -0.0023479738190119934 0.011634087545296818 -0.0072104231349048665 -0.013915637712929656 0.0086991963391589173 0.0078982160604970479 -0.013831169753651484 0.003845833228169723 -0.011722276601533488 -0.0028997009077496713
leaf_weight=23.198243111371994 25.954442724585533 34.221628740429878 306.24653245508671 31.98023784160614 51.852029472589493 80.396211668848991 22.001120746135712 20.29456952214241 153.89202097058296 15.053150922060015 16.492312282323837 25.684059321880341 22.470873937010765 374.07829932868481
leaf_count=94 105 138 1240 130 210 325 89 82 623 61 67 104 91 1515
internal_value=0.000460306 0.00712677 8.00344e-05 -0.00210999 -0.0101918 0.00132179 0.00743796 0.000274801 0.00426946 0.00652893 -0.00380019 -0.00458985 7.29206e-05 -0.00207626
internal_weight=1203.82 60.1761 1143.64 412.55 83.8323 731.09 102.397 628.693 231.416 185.437 31.5455 45.9786 328.717 397.277
internal_count=4874 243 4631 1671 340 2960 414 2546 937 751 128 186 1331 1609
is_linear=0
shrinkage=0.03


Tree=118
num_leaves=15
num_cat=0
split_feature=8 7 8 21 39 19 23 8 20 20 7 25 29 17
split_gain=3.74909 6.01736 4.59536 5.13115 4.69844 4.37404 3.65784 7.29588 5.05052 5.73775 6.55016 9.3149 6.51182 5.78848
threshold=-7.6999999999999984 -0.43073758407806068 -10.299999999999999 15.485118304000425 558.69389681433574 -0.24999999999999997 0.31534090909090912 -5.0999999999999988 14.560219778561033 12.632629690534435 -0.5091879585127933 1.5166666666666668 11.500000000000002 3.9500000000000006
decision_type=8 2 10 10 2 10 8 8 10 8 2 8 2 10
left_child=1 -1 3 4 -3 -6 7 -2 9 12 -11 -12 13 -8
right_child=6 2 -4 -5 5 -7 8 -9 -10 10 11 -13 -14 -15
leaf_value=-0.010035817004039192 0.011683343406077334 -0.01149779184021363 -0.0063134222997013479 0.015093702623624146 -0.0048463053683491832 0.014064196831273315 0.0057092982495871086 -0.0051703933053241502 0.0046004903170544596 -0.010826519315907604 -0.0089638092329778676 0.0090338158876296839 -0.012294702865708777 -0.0033106176744304109
leaf_weight=80.176620364189148 21.724542677402496 17.770629957318306 52.001563623547554 23.379312112927437 17.042976185679436 18.564019232988358 219.17025521397591 175.54912738502026 284.98898780345917 78.684980973601341 43.486206233501434 50.54620885848999 21.74471740424633 85.823858171701431
leaf_count=326 88 72 211 95 69 75 886 715 1151 318 176 204 88 347
internal_value=-0.000250281 -0.00384964 0.000233585 0.00478392 -0.000637744 0.00553062 0.00053138 -0.00307147 0.00145115 -0.000373651 -0.0047201 0.000678294 0.00196044 0.00315868
internal_weight=1190.65 208.935 128.759 76.7569 53.3776 35.607 981.719 197.274 784.445 499.456 172.717 94.0324 326.739 304.994
internal_count=4821 848 522 311 216 144 3973 803 3170 2019 698 380 1321 1233
is_linear=0
shrinkage=0.03


Tree=119
num_leaves=15
num_cat=0
split_feature=15 15 3 27 20 22 25 12 20 3 25 24 21 21
split_gain=2.98794 5.14465 5.3629 6.91983 5.56238 6.70805 5.84784 5.14737 5.1457 5.01068 4.93373 6.29863 5.69691 10.2366
threshold=-5.8499999999999988 -4.3499999999999988 0.031710224548646367 14.500000000000002 14.560219778561033 0.89444444444444449 7.154761904761906 15.450000000000001 16.102622076821046 0.025177278803792173 -9.7416666666666654 -0.09861111111111108 10.041303128479269 12.390856811747492
decision_type=8 8 2 2 8 10 10 10 10 2 8 10 8 8
left_child=-1 -2 4 -4 5 6 10 8 -6 -9 -3 12 -12 -14
right_child=1 2 3 -5 7 -7 -8 9 -10 -11 11 -13 13 -15
leaf_value=0.0032414839195819703 -0.0075772135189081692 -0.014951413835348539 0.00036180763659441012 0.016171465729378061 0.0032152953595528675 0.0076676604292144996 -0.012494770148541232 0.0054330530901528272 -0.017969644399428216 -0.0052513998809259818 -0.0096780452766440078 -0.0050729997261109777 0.017435386675781046 -1.0086320696925765e-05
leaf_weight=184.60808235406876 88.230906203389168 22.403747066855431 69.142812490463257 34.164282530546188 17.400866895914078 44.536822274327278 58.239902436733246 223.93710215389729 16.466973036527634 43.570690140128136 24.265432715415955 217.05872517824173 36.887672200798988 109.13837912678719
leaf_count=749 358 91 280 138 71 181 236 905 67 176 98 880 149 441
internal_value=-0.00021525 -0.000862835 -0.000179369 0.00609535 -0.00100816 -0.00289958 -0.00397564 0.00220329 -0.00807167 0.00362839 -0.00262875 -0.00173457 0.00254402 0.00482815
internal_weight=1190.05 1005.44 917.213 103.307 813.906 512.531 467.994 301.376 33.8678 267.508 409.754 387.35 170.291 146.026
internal_count=4820 4071 3713 418 3295 2076 1895 1219 138 1081 1659 1568 688 590
is_linear=0
shrinkage=0.03


Tree=120
num_leaves=15
num_cat=0
split_feature=21 27 16 16 41 21 1 4 4 22 22 25 14 19
split_gain=4.08576 5.00475 3.24762 5.46273 5.02591 4.99445 3.89253 5.92983 6.08838 6.80899 5.38418 4.92996 4.48455 4.38839
threshold=8.2522724143111166 7.5000000000000009 7.4500000000000011 6.5500000000000007 69.500000000000014 16.891319249560464 40.250000000000007 -72.825024327705805 79.750326573070325 0.6132478632478634 0.41987179487179493 -4.1055555555555543 18.450000000000003 -10.249999999999998
decision_type=8 2 10 10 8 8 2 2 2 10 10 8 8 10
left_child=1 -1 3 6 5 -4 7 -2 10 -10 11 -9 -12 -8
right_child=2 -3 4 -5 -6 -7 13 8 9 -11 12 -13 -14 -15
leaf_value=-0.0043760415048768172 -0.0084692614167046053 0.012506555353463632 0.011189823785211247 -0.012188640710758666 -0.0066045517988126681 -0.00303969792540435 -0.014291535508926791 0.0064891090315021558 -0.0075338682027699597 0.0078215710718468126 -0.0093241633170819335 0.02571485865170723 0.0093693542981459852 -0.0013021536615614071
leaf_weight=20.724171534180641 30.880058005452156 41.837018430233002 68.718604981899261 33.890478432178497 27.684650495648384 29.187071889638901 19.258483484387398 30.286796763539314 51.275614455342293 43.307473331689835 15.817664206027983 21.757695272564888 21.035656169056892 742.16874046623707
leaf_count=84 125 169 279 137 112 118 78 123 208 176 64 88 85 3005
internal_value=-0.000164994 0.00700402 -0.000589036 -0.00115975 0.00386792 0.00700622 -0.000716515 0.00281212 0.0048851 -0.000463259 0.0102972 0.0160761 0.00119059 -0.00172178
internal_weight=1197.83 62.5612 1135.27 1009.68 125.59 97.9057 975.788 214.361 183.481 94.5831 88.8978 52.0445 36.8533 761.427
internal_count=4851 253 4598 4089 509 397 3952 869 744 384 360 211 149 3083
is_linear=0
shrinkage=0.03


Tree=121
num_leaves=15
num_cat=0
split_feature=13 39 24 12 11 28 18 40 12 24 8 25 4 12
split_gain=4.71241 6.88189 6.205 5.74212 5.09084 4.24558 4.17044 3.96232 3.79778 7.48471 6.68127 5.79475 5.34706 4.37836
threshold=29.100000000000005 1266.6897134950946 -0.49107142857142844 18.300000000000001 13.700000000000001 7.5000000000000009 -10.249999999999998 1.0000000180025095e-35 24.700000000000006 0.057189542483660101 -4.4999999999999991 -1.0801282051282048 118.1848361417142 21.675000000000004
decision_type=10 2 8 10 8 2 8 2 10 10 8 10 2 8
left_child=2 3 5 -2 -4 -1 -6 -5 10 -10 13 -12 -11 -8
right_child=1 -3 4 7 6 -7 8 -9 9 12 11 -13 -14 -15
leaf_value=0.011033028716116557 0.003860175914859652 0.0063734001644789248 -0.0092686187678355809 -0.018295791453663026 0.01270919102463027 -0.0045362112950085515 0.004280392502789305 -0.0022676860381217676 0.00070742333548052562 -0.016264524123856428 -0.004913298815099749 0.0020809671768566278 -0.0017875803198602826 0.017595253645476094
leaf_weight=74.859507024288177 19.801252767443657 29.314949467778206 44.221927493810654 44.440878584980965 20.03220035135746 16.682190015912056 92.03538054227829 21.480784177780151 206.82184959948063 44.648926824331284 143.69660122692585 371.66172520816326 45.300657421350479 26.717700511217117
leaf_count=304 81 119 180 181 81 68 373 87 835 181 582 1505 183 108
internal_value=0.0002267 -0.00541637 0.000846158 -0.00957722 0.000140976 0.00810776 0.000624757 -0.0136011 0.000298195 -0.00247732 0.00160639 0.000102295 -0.00945168 0.00786591
internal_weight=1201.72 115.038 1086.68 85.7229 995.137 91.5417 950.915 65.9217 930.883 296.771 634.111 515.358 89.9496 118.753
internal_count=4868 468 4400 349 4028 372 3848 268 3767 1199 2568 2087 364 481
is_linear=0
shrinkage=0.03


Tree=122
num_leaves=15
num_cat=0
split_feature=18 20 19 20 5 18 29 41 23 18 41 26 15 18
split_gain=3.45558 6.927 7.4459 6.20849 5.11316 7.23505 4.92467 4.78652 4.70019 4.59354 5.58263 5.5681 5.91519 5.38359
threshold=2.2500000000000004 15.316113208884937 6.9500000000000011 18.062545644984553 0.47552612948068679 6.0500000000000007 10.500000000000002 82.500000000000014 0.90454545454545465 -0.24999999999999997 40.500000000000007 -2.3693181818181812 -0.34999999999999992 -4.4499999999999993
decision_type=8 10 10 10 2 10 2 10 10 10 8 8 10 10
left_child=7 2 6 -3 -4 -6 -2 8 9 10 13 12 -11 -1
right_child=1 3 4 -5 5 -7 -8 -9 -10 11 -12 -13 -14 -15
leaf_value=0.0157664274683397 -0.0075778450450349 0.0076362492956950018 -0.0066808573801742299 -0.0050763315258168813 -0.0022389148604399288 0.023912782845897117 0.0079107715823668549 -0.0092311385797526156 0.01005308261253156 0.020060856275217535 -0.0017261197435673385 0.00098247184099141882 0.0021167999189416267 -0.00056973303623790959
leaf_weight=29.944383159279823 244.81332306563854 96.018889471888542 15.809550628066061 48.347531899809837 16.068080261349682 15.872383877635 15.962233141064642 31.95738972723484 52.885304361581802 32.125726535916328 414.17972165346146 110.40937228500843 32.186809226870537 37.092013388872147
leaf_count=121 994 389 64 196 65 64 65 130 215 130 1677 446 131 150
internal_value=5.61911e-05 -0.00199545 -0.00451095 0.00335146 0.00593216 0.0122345 -0.00649879 0.00131548 0.0018523 0.00112006 -0.000404321 0.00521293 0.0118808 0.00731529
internal_weight=1193.67 452.892 308.526 144.366 47.75 31.9405 260.776 740.781 708.823 655.938 481.216 174.722 64.3125 67.0364
internal_count=4837 1837 1252 585 193 129 1059 3000 2870 2655 1948 707 261 271
is_linear=0
shrinkage=0.03


Tree=123
num_leaves=15
num_cat=0
split_feature=15 21 25 21 8 15 25 21 25 44 22 16 39 8
split_gain=3.77338 6.42294 5.60185 7.03045 4.14084 4.98617 4.40581 3.11073 9.1066 7.44708 6.68397 8.61808 6.22475 6.11209
threshold=10.65 13.880842113423014 11.029411764705884 15.334239094052078 12.700000000000001 8.4500000000000011 4.6449579831932786 12.024280881546579 -1.1602564102564099 1.0000000180025095e-35 0.38675213675213682 -9.1499999999999968 310.07749196969689 2.4500000000000006
decision_type=10 8 10 10 10 10 8 10 10 2 10 10 2 10
left_child=2 -2 4 -4 5 7 -7 8 12 -10 11 -9 -1 -12
right_child=1 -3 3 -5 -6 6 -8 10 9 -11 13 -13 -14 -15
leaf_value=0.0057173269038760278 0.016932480075063826 -0.004508854494977425 -0.014919140387500243 0.0062531889798886188 0.013920386211043113 0.0007102203681026765 -0.020307899929453383 -0.012464001565044141 0.00081249865924033673 0.018821311923524181 -0.0038146963032403983 0.0067985297774162219 -0.0084420586646438891 0.0035966743891707514
leaf_weight=29.910417482256889 25.629984632134438 18.42496432363987 41.359912872314453 16.972172930836678 15.08579584956169 15.828033447265623 14.791888475418093 18.167234003543854 166.39198745787144 18.68379145860672 233.84194986522198 256.04815389215946 161.52556777000427 167.59401762485504
leaf_count=121 104 75 168 69 61 64 60 74 672 76 949 1037 655 678
internal_value=0.000270204 0.00841958 -7.52302e-05 -0.00875155 0.000423347 0.00017218 -0.0108686 0.000543373 -0.00162828 0.0030778 0.00175661 0.00532201 -0.00614055 -0.000714368
internal_weight=1200.26 44.0549 1156.2 58.3321 1097.87 1082.78 30.6199 1052.16 376.512 185.076 675.651 274.215 191.436 401.436
internal_count=4863 179 4684 237 4447 4386 124 4262 1524 748 2738 1111 776 1627
is_linear=0
shrinkage=0.03


Tree=124
num_leaves=15
num_cat=0
split_feature=12 20 13 18 0 18 21 23 17 21 21 20 19 3
split_gain=3.47205 4.41212 3.95335 3.59836 7.09205 5.81307 5.68714 4.97281 6.28676 4.6217 4.21362 4.58528 4.07124 3.98278
threshold=24.700000000000006 7.6760646620435056 13.500000000000002 -1.4499999999999997 -1.7499999999999998 7.7750000000000012 11.02774260900223 0.4045454545454546 -7.1499999999999986 13.880842113423014 14.571280733766054 12.920483305305126 3.1500000000000008 0.024712117453311148
decision_type=10 10 8 10 2 10 10 8 10 10 10 10 10 2
left_child=2 -2 -1 4 9 7 -6 -5 -9 -3 -10 -12 -11 -8
right_child=1 3 -4 5 6 -7 13 8 10 12 11 -13 -14 -15
leaf_value=0.011966691082385489 -0.014973151170452921 -0.0059539891954564772 0.0010005511592344569 -0.009899328056708576 0.0033712108098612756 -0.0082271735962999373 -0.022259550102045059 -0.0022900319602079246 0.013765132167814864 -0.0016850982629191043 -0.0072752502949015576 0.01061956501237789 0.016605490104491062 -0.0057960140841076977
leaf_weight=25.851951509714127 17.29118587076664 31.208957299590111 770.36851920187473 18.017258152365685 17.598593220114708 43.49339996278286 29.033855736255646 64.554013714194298 65.881696239113808 18.200380071997643 21.669198453426361 20.063282430171967 19.65009132027626 29.425659656524658
leaf_count=105 70 126 3123 73 71 176 118 262 266 74 88 81 80 119
internal_value=0.000289544 -0.00199038 0.00142906 -0.0012104 -0.00483808 0.00109659 -0.0108678 0.00338496 0.0050153 0.00208811 0.00930462 0.0015436 0.00864009 -0.0150822
internal_weight=1192.31 396.088 796.22 378.796 145.118 233.679 76.0581 190.185 172.168 69.0594 107.614 41.7325 37.8505 58.4595
internal_count=4832 1604 3228 1534 588 946 308 770 697 280 435 169 154 237
is_linear=0
shrinkage=0.03


Tree=125
num_leaves=15
num_cat=0
split_feature=11 22 10 4 14 17 18 5 23 2 14 11 3 20
split_gain=4.11757 6.80254 5.44907 5.68748 5.07695 6.41225 6.41066 4.66678 6.32749 7.27383 5.36602 5.69278 4.4491 4.29646
threshold=17.100000000000005 0.37980769230769235 -17.774999999999995 153.69032380596698 16.300000000000001 -7.2499999999999982 -2.9499999999999997 0.36227313071723094 0.12916666666666668 0.68014556601683773 18.900000000000002 22.900000000000002 0.024537227206793636 13.880842113423007
decision_type=8 10 8 2 8 8 10 2 10 2 10 10 2 8
left_child=2 7 -1 12 6 -6 -3 -2 9 -9 -10 -12 -4 -7
right_child=1 4 3 -5 5 13 -8 8 10 -11 11 -13 -14 -15
leaf_value=0.0066352723030640446 -0.001987158828584845 -0.0074423608875222834 -0.013272345732203639 0.0097494438223240752 -0.010876288909029872 -0.0029339337341208038 0.0098635901949659863 0.0071891425183992592 -0.00072354401855431033 -0.010296195526560635 0.018124795455244255 0.0031933481855537932 -0.0031453900019899569 0.0023574534107262926
leaf_weight=36.000672489404678 64.421739354729652 21.463258519768715 61.758803397417068 15.576363712549208 54.448340684175491 294.20759785175323 73.559830442070961 48.637024760246277 28.63153013586998 30.641372576355934 75.106904596090317 35.708012983202934 104.60063886642456 251.65072211623192
leaf_count=147 261 87 251 63 221 1193 298 197 116 125 303 144 423 1019
internal_value=0.000281903 0.00111523 -0.00340063 -0.00551085 -0.000487567 -0.00151888 0.00577799 0.00499143 0.00704533 0.000221097 0.0107831 0.013659 -0.00718246 -0.000495251
internal_weight=1196.41 978.476 217.936 181.936 695.33 600.307 95.0231 283.147 218.725 79.2784 139.446 110.815 166.359 545.858
internal_count=4848 3964 884 737 2818 2433 385 1146 885 322 563 447 674 2212
is_linear=0
shrinkage=0.03


Tree=126
num_leaves=15
num_cat=0
split_feature=13 3 39 15 15 7 26 14 18 13 18 26 27 1
split_gain=3.91683 6.65822 4.82899 5.00743 5.10821 4.9654 4.70088 4.00181 5.47779 3.62588 3.8642 5.29558 4.97377 7.183
threshold=15.500000000000002 0.024914046876219013 2370.8399259221619 10.65 6.8166666666666673 0.41233976950369194 -5.4494949494949489 25.100000000000005 0.72500000000000009 16.100000000000005 10.725000000000001 13.52777777777778 16.500000000000004 43.750000000000007
decision_type=8 2 2 10 8 2 10 10 8 10 10 10 2 2
left_child=1 6 3 4 9 -4 -1 8 -6 -2 11 12 -11 -14
right_child=2 -3 5 -5 7 -7 -8 -9 -10 10 -12 -13 13 -15
leaf_value=-0.020776473211801167 0.01430311779060307 0.0077926357752236735 -0.01814607584251814 0.014466331193614575 -0.021486795925475068 0.0020640836995179023 -0.0043455840929360074 0.0042000473262150135 -0.0026367976909028091 -0.00031187005229848689 0.0089970096309925311 0.012294944840941629 -0.0014566015567598384 0.015416225147602646
leaf_weight=17.525297895073891 15.317758679389952 24.574435159564018 18.411213517189026 21.010491564869881 18.300001367926598 18.820528894662857 64.909016266465187 22.026753634214401 38.450530186295509 756.51016516983509 52.539842709898949 30.592132404446602 43.197020053863525 41.102927654981613
leaf_count=72 62 100 75 85 74 76 263 90 156 3065 213 125 175 166
internal_value=0.000510422 -0.00483292 0.00106157 0.00145924 0.0011214 -0.00889506 -0.0088271 -0.00598848 -0.00996287 0.00174627 0.00146223 0.000959195 0.00047651 0.00717278
internal_weight=1183.29 107.009 1076.28 1039.05 1018.04 37.2317 82.4343 78.7773 56.7505 939.26 923.942 871.402 840.81 84.2999
internal_count=4797 435 4362 4211 4126 151 335 320 230 3806 3744 3531 3406 341
is_linear=0
shrinkage=0.03


Tree=127
num_leaves=15
num_cat=0
split_feature=41 39 15 24 39 24 39 12 18 11 17 12 24 29
split_gain=3.1705 11.0239 8.04048 6.54144 6.39997 6.46764 6.0682 5.14926 4.75566 4.07798 3.95653 4.63492 4.92987 5.98406
threshold=59.500000000000007 470.36025020216169 -1.7499999999999998 0.29289215686274511 190.44754377263888 0.29289215686274511 2301.1072498434423 18.900000000000002 8.6125000000000025 27.700000000000006 -14.049999999999999 31.700000000000006 -0.11111111111111112 7.5000000000000009
decision_type=8 2 10 10 2 8 2 10 10 10 8 10 10 2
left_child=1 2 7 6 -4 -6 8 -1 -3 -5 -2 12 13 -12
right_child=10 3 4 9 5 -7 -8 -9 -10 -11 11 -13 -14 -15
leaf_value=0.0013273750919394595 0.0080760869827611794 0.01095700424944328 0.012673021858262671 -0.0099888619797724853 -0.0088481277651750734 0.010622248610754604 -0.0062498274841133834 -0.018172307035655047 -0.002675411230047795 0.0070572312476886306 0.0039758638774206887 -0.012217520052621387 -0.0029028067529446445 -0.0085699433863576126
leaf_weight=16.035392269492149 37.098058760166168 187.49406892061234 25.708226606249809 30.612680420279503 50.919264256954193 16.485794618725777 21.490637138485909 38.491326212882996 24.183334514498711 15.24043634533882 238.91131748259068 28.940517351031303 413.74541039764881 35.013726532459259
leaf_count=65 151 759 104 124 206 67 87 156 98 62 966 117 1682 142
internal_value=0.000294804 0.00234635 -0.00419158 0.00581869 0.00124971 -0.00368142 0.00783278 -0.012808 0.00937376 -0.00418635 -0.000874348 -0.00139045 -0.000849891 0.00224735
internal_weight=1180.37 426.661 147.64 279.021 93.1133 67.4051 233.168 54.5267 211.677 45.8531 753.709 716.611 687.67 273.925
internal_count=4786 1728 598 1130 377 273 944 221 857 186 3058 2907 2790 1108
is_linear=0
shrinkage=0.03


Tree=128
num_leaves=15
num_cat=0
split_feature=8 11 3 17 1 14 10 15 8 16 39 25 20 8
split_gain=4.12648 5.16423 5.48728 5.06503 6.12109 5.23092 7.47205 6.20692 4.68597 4.67494 4.95817 5.02419 5.35456 4.64779
threshold=6.7000000000000002 17.100000000000005 0.024372141282820507 4.8500000000000014 39.250000000000007 21.100000000000005 10.300000000000002 5.2500000000000009 -12.299999999999999 1.3500000000000003 1656.1420156215211 -11.316666666666665 10.828203764954841 8.4500000000000011
decision_type=8 10 2 10 2 10 10 10 10 10 2 8 8 10
left_child=1 2 8 4 -2 -5 -7 -8 -1 10 11 -4 -13 -6
right_child=3 -3 9 5 13 6 7 -9 -10 -11 -12 12 -14 -15
leaf_value=0.0030133989208663966 0.0070167497786088372 0.0024228842720217078 0.0059154477678931691 0.0085433106547255361 -0.019426617588116514 -0.017050963654217995 0.015566976003339589 -0.0031183293103331142 -0.013965727983271144 0.0066760479275660388 0.0089016000125143272 0.0023010808731683927 -0.017064989555108843 -0.0049400117701224634
leaf_weight=17.861974954605103 16.754410028457642 737.90452428162098 16.556175053119659 44.862067982554436 32.387514710426331 21.494145542383194 15.812652662396429 64.590900659561157 49.614555239677429 59.625178918242455 17.353301078081131 16.780831411480904 38.010577797889709 53.180237904191017
leaf_count=73 68 2990 67 182 131 87 64 263 202 242 70 68 154 215
internal_value=0.000331475 0.00123105 -0.00280685 -0.00306932 -0.00802331 0.000535182 -0.00322521 0.00125267 -0.0095733 0.000483152 -0.00381385 -0.00728695 -0.0114374 -0.011193
internal_weight=1202.79 953.707 215.803 249.082 102.322 146.76 101.898 80.4036 67.4765 148.326 88.7009 71.3476 54.7914 85.5678
internal_count=4876 3866 876 1010 414 596 414 327 275 601 359 289 222 346
is_linear=0
shrinkage=0.03


Tree=129
num_leaves=15
num_cat=0
split_feature=16 16 16 25 42 24 41 42 4 4 14 14 42 25
split_gain=3.79873 5.49586 3.93869 5.08739 4.45884 4.52227 3.7749 3.08108 9.27738 6.94279 5.43264 5.34033 5.81831 5.41842
threshold=7.3166666666666673 6.3500000000000005 11.450000000000001 3.5192307692307696 6.5000000000000009 -0.11111111111111106 67.500000000000014 5.5000000000000009 262.16846011340721 279.30575339284036 27.700000000000006 23.450000000000003 10.500000000000002 -6.8090909090909078
decision_type=8 10 10 8 10 8 8 8 2 2 10 10 10 10
left_child=1 7 4 -4 5 -2 -3 9 11 10 -1 13 -13 -9
right_child=2 6 3 -5 -6 -7 -8 8 -10 -11 -12 12 -14 -15
leaf_value=0.0044914073769751197 -0.0067272704379532167 -0.018110880290398246 -0.011394985990604128 0.0080494724011156392 0.014508514477665557 0.0093462925420422817 -0.0004255099600455362 -0.012598963050593629 0.01076318178333387 -0.011050167866989143 -0.0044908096160486584 -0.0026455857211969188 0.0072341423589403009 -0.002704253368928797
leaf_weight=386.30514043569565 24.840767309069633 19.800460129976273 21.323706641793251 17.71745291352272 46.811541631817818 28.674936681985855 19.765715420246124 61.934795573353767 48.633345067501068 28.516376867890358 67.54448202252388 137.08086866140366 81.352760329842567 211.54125933349133
leaf_count=1565 101 80 87 72 190 116 80 251 198 116 275 556 330 856
internal_value=0.000619341 -1.0824e-06 0.00518536 -0.00265876 0.00821912 0.00194801 -0.0103149 0.000446091 -0.001105 0.00217776 0.00312025 -0.00237486 0.00111353 -0.00513111
internal_weight=1201.84 1062.48 139.368 39.0412 100.327 53.5157 39.5662 1022.91 540.543 482.366 453.85 491.91 218.434 273.476
internal_count=4873 4307 566 159 407 217 160 4147 2191 1956 1840 1993 886 1107
is_linear=0
shrinkage=0.03


Tree=130
num_leaves=15
num_cat=0
split_feature=41 20 14 4 39 41 12 39 41 39 26 24 22 19
split_gain=3.32812 3.1617 5.93194 6.09573 5.01366 5.14317 8.82328 4.84935 6.1263 7.84601 10.7827 6.70585 5.90221 4.65284
threshold=20.500000000000004 15.316113208884937 30.100000000000005 129.27728712271701 227.62943271168442 53.500000000000007 20.100000000000005 1085.6334291812041 55.500000000000007 1751.2943972957937 3.2899159663865549 0.10000000000000001 0.87867647058823539 -2.6124999999999994
decision_type=8 10 8 2 2 10 10 2 8 2 8 10 10 10
left_child=-1 4 3 -3 5 6 -2 12 11 10 -10 -9 -6 -5
right_child=1 2 -4 13 7 -7 -8 8 9 -11 -12 -13 -14 -15
leaf_value=-0.013024292827635366 0.013858379604375517 0.00016115482315407761 -0.011850760089735558 -0.0003640073049650581 -0.0052896402334200489 0.013049587182405212 -0.011671152527171149 0.014675804974049619 -0.005068034513025523 -0.0089561898899015949 0.013100097837746927 -0.0024245621316236897 0.0066297700913483726 0.013766363612838388
leaf_weight=15.111440032720564 15.068108975887297 233.34352993965149 22.093073531985283 30.746035188436508 434.72507190704346 35.039159253239632 26.166795402765274 43.936469823122025 62.338538125157356 81.452991455793381 47.604259848594666 33.550633281469345 36.635584443807602 59.316598445177078
leaf_count=61 61 945 90 125 1764 142 106 178 253 330 193 136 149 240
internal_value=-0.000919558 -0.000707014 0.00168254 0.00277341 -0.00172221 0.00537507 -0.0018523 -0.00248467 0.000723927 -0.00217134 0.00302626 0.00757347 -0.00430336 0.00917704
internal_weight=1177.13 1162.02 345.499 323.406 816.518 76.2741 41.2349 740.244 268.883 191.396 109.943 77.4871 471.361 90.0626
internal_count=4773 4712 1400 1310 3312 309 167 3003 1090 776 446 314 1913 365
is_linear=0
shrinkage=0.03


Tree=131
num_leaves=15
num_cat=0
split_feature=17 9 14 21 21 17 10 14 4 14 23 16 27 21
split_gain=3.56294 4.62907 6.03954 5.606 7.55616 5.30781 6.99935 8.58279 7.66253 6.35183 5.71668 5.5616 5.18887 5.02206
threshold=16.350000000000005 -1.0000000180025095e-35 21.300000000000001 13.216361911587009 11.165920373071712 -5.0624999999999991 5.700000000000002 25.500000000000004 -41.763380276439868 22.450000000000003 0.51470588235294124 -2.9499999999999997 12.500000000000002 8.8975648594910179
decision_type=10 8 10 10 8 8 10 10 2 10 10 10 2 8
left_child=1 2 3 4 -1 12 7 -7 -9 -8 11 -11 -4 -3
right_child=-2 13 5 -5 -6 6 9 8 -10 10 -12 -13 -14 -15
leaf_value=0.011026056356588198 -0.0099743961189544088 0.007335292583523511 0.00085575721022204578 0.016147888485049562 -0.0088352586004709303 -0.011761065600846651 -0.011222566183362705 0.015921455252582047 -0.0035114911020443546 -0.000940131557291452 0.017517752407346571 0.01042006762784225 0.020946560782580878 -0.0026184716893463329
leaf_weight=32.731736078858376 28.642868295311928 44.751460537314415 26.58751468360424 41.827433049678802 26.914939492940903 84.289458960294724 21.271226540207863 19.291137784719467 68.949805125594139 127.08469572663307 21.573091328144073 50.37590953707695 16.113507673144341 569.91029989719391
leaf_count=133 120 181 108 169 109 342 86 78 280 516 87 204 65 2309
internal_value=-0.000351008 -6.95854e-05 0.0019556 0.0083609 0.00207366 0.000385298 -0.000752947 -0.00519946 0.00136288 0.00276742 0.00450095 0.00248187 0.00983808 -0.00184043
internal_weight=1180.32 1151.67 537.01 101.474 59.6467 435.536 392.835 172.53 88.2409 220.305 199.034 177.461 42.701 614.662
internal_count=4787 4667 2177 411 242 1766 1593 700 358 893 807 720 173 2490
is_linear=0
shrinkage=0.03


Tree=132
num_leaves=15
num_cat=0
split_feature=24 9 39 39 10 24 18 19 13 18 18 10 24 27
split_gain=4.67307 3.45868 4.25972 4.64542 3.56651 5.60112 5.55095 5.2294 5.10297 4.90333 5.8131 4.80425 4.62134 4.86415
threshold=0.96428571428571441 -8.6999999999999975 224.60148049757098 631.31414563954775 6.3000000000000016 0.12500000000000006 0.72500000000000009 -7.9499999999999993 16.266666666666669 -3.4499999999999997 -5.6499999999999995 3.100000000000001 -0.51190476190476175 7.5000000000000009
decision_type=10 8 2 2 8 10 10 10 8 10 10 10 8 2
left_child=1 2 -1 -4 5 6 11 -8 -6 10 -7 12 -3 -14
right_child=-2 4 3 -5 8 9 7 -9 -10 -11 -12 -13 13 -15
leaf_value=0.00868535526974646 0.012790961233593195 0.011175509228077651 -0.013814636603600494 -0.0023447303162017186 -0.0035735088482091179 -0.0016950325267879442 0.011072442601149103 -0.0035508169149700533 0.006544419593109971 -0.0024952500570251676 -0.024625414060717523 0.012619133013706573 0.0050944620279536274 -0.0027828963468454798
leaf_weight=14.941944822669027 19.108374759554863 35.118433490395546 44.329318389296532 96.87321837246418 60.133396506309509 18.50979183614254 18.90453128516674 297.79302021861076 145.63090425729752 104.42424207925797 18.715247273445129 35.720547154545784 110.75516796112061 175.69124074280262
leaf_count=61 78 144 182 396 244 75 77 1206 590 423 76 144 448 710
internal_value=-0.000286294 -0.000551688 -0.00463639 -0.00629491 9.22984e-05 -0.000802189 0.000351388 -0.00251939 0.00357289 -0.00611587 -0.0147744 0.00289569 0.00163891 0.000298049
internal_weight=1196.65 1177.54 156.144 141.203 1021.4 815.632 673.983 316.698 205.764 141.649 37.225 357.285 321.565 286.446
internal_count=4854 4776 639 578 4137 3303 2729 1283 834 574 151 1446 1302 1158
is_linear=0
shrinkage=0.03


Tree=133
num_leaves=15
num_cat=0
split_feature=7 12 41 7 18 19 5 15 25 22 13 12 26 35
split_gain=3.81316 5.13169 4.73887 5.36986 4.41117 5.20253 5.698 3.02207 4.49508 5.1403 3.32852 3.7108 3.02868 2.76674
threshold=-2.9129911582488415 19.300000000000001 34.500000000000007 -3.331813310087659 -2.7499999999999996 0.45000000000000007 0.44506236693639945 8.4500000000000011 2.9354166666666672 0.89444444444444449 13.500000000000002 32.900000000000006 3.5192307692307696 1.0000000180025095e-35
decision_type=2 8 10 2 8 8 2 8 10 10 10 8 10 2
left_child=1 -1 -3 4 -4 -6 -7 10 -9 12 -2 13 -10 -12
right_child=7 2 3 -5 5 6 -8 8 9 -11 11 -13 -14 -15
leaf_value=-0.010515995223714042 0.012453463880835774 0.012300887931673376 -0.0096192352202905656 -0.014784173185145686 -0.0053308660430471935 0.021567144496491379 0.00097714450506218163 -0.015010084846878971 0.011417405651035549 -0.012051613256995969 0.0016873658909824815 0.0098298029521710333 -0.0041314705554169233 -0.0018108822428189815
leaf_weight=64.188925161957741 17.749609798192978 17.254759147763252 23.640268713235855 21.243654012680054 28.55678454041481 16.862496629357338 28.204502388834953 21.67355740070343 24.724693134427071 16.611617565155029 552.37808164954185 34.394749209284782 14.831542164087294 315.63188678026199
leaf_count=263 72 70 96 86 116 68 114 88 101 68 2239 140 60 1279
internal_value=-0.000137336 -0.00386557 -0.000459387 -0.00274005 0.000484755 0.00413451 0.0100657 0.000625174 -0.00486933 -4.91992e-05 0.00111379 0.000823356 0.00577799 0.000412222
internal_weight=1197.95 199.951 135.762 118.508 97.2641 73.6238 45.067 997.996 77.8414 56.1679 920.154 902.405 39.5562 868.01
internal_count=4860 813 550 480 394 298 182 4047 317 229 3730 3658 161 3518
is_linear=0
shrinkage=0.03


Tree=134
num_leaves=15
num_cat=0
split_feature=22 16 16 21 22 35 16 16 29 24 1 19 21 21
split_gain=3.89109 5.17826 5.93442 5.45459 5.16762 4.86321 4.35608 4.85912 3.65223 5.53054 6.17305 5.05053 4.89058 6.05155
threshold=0.41987179487179493 4.0500000000000007 6.7500000000000009 17.011270710137115 0.45643939393939398 1.0000000180025095e-35 -10.249999999999998 -8.7499999999999982 7.5000000000000009 -1.0000000180025095e-35 44.250000000000007 1.2500000000000002 9.4868326913164758 12.228382252273578
decision_type=10 8 8 10 10 2 8 10 2 10 2 10 10 10
left_child=1 8 -3 5 -2 -4 -6 -8 11 10 -10 12 -1 -14
right_child=4 2 3 -5 6 -7 7 -9 9 -11 -12 -13 13 -15
leaf_value=0.0095782146087120493 -0.010920390309497577 0.013761510554672117 0.012156027166919122 -0.012777604857991547 0.0096544825782297894 -0.0054881596726989428 -0.01509777693619784 -0.0012478641823123878 -0.020705048615450704 0.0069288013308108649 0.0011543923489996462 0.0051646581945692391 -0.012173034474550622 -6.6580550868801451e-05
leaf_weight=22.413400068879128 48.959500312805176 53.210299640893936 30.552406057715416 15.314093336462973 26.556130662560463 19.461426809430122 18.764283046126366 609.99821242690086 24.150696828961372 15.545564070343969 18.504699110984802 141.81700450181961 50.973766684532166 110.72097247838974
leaf_count=91 199 216 125 62 110 79 77 2473 98 63 75 574 207 449
internal_value=-0.000555901 0.00145195 0.00679485 0.000545478 -0.0019891 0.00541551 -0.00124419 -0.00177704 -0.000262951 -0.0068682 -0.0120959 0.00100251 -0.00225534 -0.00413376
internal_weight=1206.94 502.664 118.538 65.3279 704.278 50.0138 655.319 628.762 384.126 58.201 42.6554 325.925 184.108 161.695
internal_count=4898 2039 482 266 2859 204 2660 2550 1557 236 173 1321 747 656
is_linear=0
shrinkage=0.03


Tree=135
num_leaves=15
num_cat=0
split_feature=19 2 18 7 19 15 26 18 9 27 17 17 16 22
split_gain=4.04098 4.50734 3.22752 2.72383 3.14106 5.84995 3.59882 5.75889 5.32946 6.1192 5.23375 4.47845 3.96267 7.02611
threshold=11.050000000000002 0.38540239681803684 -0.24999999999999997 -5.6837429502595418 8.6500000000000004 -0.74999999999999989 -5.6547619047619042 -1.5499999999999998 -1.8999999999999997 11.500000000000002 8.0500000000000025 6.6500000000000021 -1.9499999999999997 0.62828947368421062
decision_type=10 2 10 2 8 8 10 10 10 2 8 10 10 10
left_child=3 -2 -3 -1 6 -6 7 8 9 -5 11 12 13 -8
right_child=1 2 -4 4 5 -7 10 -9 -10 -11 -12 -13 -14 -15
leaf_value=-0.0076148964090643513 -0.0054135769035847962 0.002130075567385409 0.018613734017161276 -0.017385909726301257 0.0048639384409796269 -0.013242890686937129 0.0013320668302790584 0.00052928008129315767 0.0050897737524888183 0.00088104761201110166 0.0075761763521551805 -0.010491064299157178 -0.00037976260007094634 0.017158570322947164
leaf_weight=41.623299837112427 15.320103049278258 19.763581603765488 22.71824936568737 51.114861041307449 22.45167164504528 37.490273490548134 100.68664759397507 165.44638529419899 17.519563525915146 22.722980186343193 96.279262632131577 28.188207373023033 519.70253375172615 29.140550538897514
leaf_count=170 62 80 92 209 91 152 408 674 71 92 390 114 2106 118
internal_value=-0.000104935 0.00730366 0.011977 -0.000513554 -0.000209053 -0.00660853 0.000193187 -0.0028508 -0.00868188 -0.0120651 0.00121496 0.000262396 0.000805651 0.00538901
internal_weight=1190.17 57.8019 42.4818 1132.37 1090.74 59.9419 1030.8 256.804 91.3574 73.8378 773.997 677.718 649.53 129.827
internal_count=4829 234 172 4595 4425 243 4182 1046 372 301 3136 2746 2632 526
is_linear=0
shrinkage=0.03


Tree=136
num_leaves=15
num_cat=0
split_feature=3 22 25 9 9 19 12 21 44 20 25 21 21 19
split_gain=3.48855 3.4012 6.07429 5.16724 4.61163 5.94467 6.09394 9.91255 5.76911 6.1136 7.5452 9.06507 8.0361 7.64177
threshold=0.043482987795078316 0.89444444444444449 11.757352941176473 4.1000000000000005 -1.0000000180025095e-35 5.5500000000000007 21.225000000000005 16.104864674708498 1.0000000180025095e-35 13.785862204134778 1.0000000180025095e-35 16.633466932492855 9.6956462122683984 6.6500000000000012
decision_type=2 8 10 10 8 10 10 8 2 10 10 8 10 10
left_child=1 2 4 -3 5 6 -1 -8 9 10 11 12 -6 -14
right_child=-2 3 -4 -5 8 -7 7 -9 -10 -11 -12 -13 13 -15
leaf_value=0.0019889875753089504 0.012213223100480935 0.00051546189320530826 -0.013568682706301549 0.012141401083772494 -0.013282126924572807 0.0085025288232556465 -0.013284654377434323 0.010036295956226925 0.0098478163817146708 0.00075458679795326121 -0.011257394093715792 -0.014244208778876808 0.0099366816047692218 -0.010186999682014997
leaf_weight=324.73434062302113 16.30009301006794 117.63160343468189 26.865336239337921 43.912195220589638 18.552632883191109 91.298525646328926 56.026571869850159 18.29774072766304 28.618448942899704 215.38232482969761 124.61943756043911 32.206876575946808 81.766770452260971 16.816000863909721
leaf_count=1321 66 478 109 178 75 370 227 74 116 873 505 131 332 68
internal_value=0.000178881 -3.51661e-05 -0.000672318 0.00394536 -0.000263455 0.00181228 0.000195377 -0.0072726 -0.0022271 -0.00302574 -0.005958 -0.00131446 0.00267822 0.006178
internal_weight=1213.03 1196.73 1035.19 161.544 1008.32 490.357 399.059 74.3243 517.962 489.344 273.962 149.342 117.135 98.5828
internal_count=4923 4857 4201 656 4092 1992 1622 301 2100 1984 1111 606 475 400
is_linear=0
shrinkage=0.03


Tree=137
num_leaves=15
num_cat=0
split_feature=8 8 8 7 22 42 22 26 3 19 21 11 7 4
split_gain=3.61269 6.05441 7.54634 6.71377 6.88635 6.74944 5.89946 5.77874 7.12998 6.15562 6.51552 5.6669 5.56469 5.3503
threshold=12.700000000000001 6.9000000000000012 3.1000000000000005 0.29410346505114365 0.45643939393939398 3.5000000000000004 0.38675213675213682 -7.2361111111111098 0.024722049054640708 -3.7499999999999996 17.385977746353401 23.100000000000005 3.7375733872998311 89.047243734686063
decision_type=10 10 10 2 10 8 10 10 2 8 10 10 2 2
left_child=1 2 6 4 -4 -6 -1 -8 9 -9 -11 -3 -5 -7
right_child=-2 11 3 12 5 13 7 8 -10 10 -12 -13 -14 -15
leaf_value=0.0020347333978269926 0.0071884584909004869 0.0083910470203188339 -0.013377123566467614 0.017290880364889294 -0.0057187772259921039 0.019891133573883439 0.0048805047522691653 0.0010759044740706139 0.00099431256374723814 -0.013443159745662701 0.0028041153009959788 -0.0074462114262143202 -0.0011918465793998956 0.00052440952462960418
leaf_weight=404.65517155826092 58.22103077173233 19.26566119492054 18.51795656979084 55.31883430480957 29.287174239754677 24.946565732359886 64.156888946890831 49.887582272291183 123.78101979196072 132.02885395288467 24.668567210435867 145.67150364816189 18.554302155971527 22.958830773830414
leaf_count=1643 237 78 75 224 119 101 261 202 502 536 100 591 75 93
internal_value=0.000208821 -0.000179608 0.000733031 0.006384 0.000989467 0.00504002 -0.000498328 -0.00308939 -0.00468683 -0.0080339 -0.0108778 -0.00540387 0.0128674 0.0115363
internal_weight=1191.92 1133.7 968.762 169.584 95.7105 77.1926 799.178 394.523 330.366 206.585 156.697 164.937 73.8731 47.9054
internal_count=4837 4600 3931 687 388 313 3244 1601 1340 838 636 669 299 194
is_linear=0
shrinkage=0.03


Tree=138
num_leaves=15
num_cat=0
split_feature=8 21 10 20 1 7 41 7 25 25 17 10 20 24
split_gain=3.65411 3.82482 4.6643 4.51829 3.59434 4.13972 5.14099 4.83329 4.63752 10.1734 11.5548 5.58104 4.33238 3.67166
threshold=14.300000000000002 8.2522724143111166 -2.0999999999999992 12.374929835575445 47.250000000000007 -1.8533003588019163 40.500000000000007 4.0979703479264078 -1.8090909090909089 1.7596153846153848 4.0500000000000016 -6.7749999999999986 13.978952409938715 0.81666666666666676
decision_type=8 10 10 10 2 2 8 2 8 10 10 10 10 10
left_child=1 2 3 -1 13 12 -7 8 11 -10 -11 -8 -6 -3
right_child=-2 4 -4 -5 5 6 7 -9 9 10 -12 -13 -14 -15
leaf_value=0.0092556385201306383 0.0074051333274765653 -0.00027896835349748068 0.013809005656159655 -0.010161873251078897 -0.017323823730816094 0.012685613946352618 -0.0029735615543184557 -0.016711914665888467 -0.016013312551547323 0.012154307540586447 -0.011457723596654406 0.016060480348628961 -0.0010737660333937167 0.012670974536255781
leaf_weight=14.825703516602514 50.51736082136631 822.9358175098896 31.246815472841263 18.780405849218369 32.059041440486908 15.051381930708883 27.598156288266182 16.515492647886276 39.61572054028511 39.334119156002998 27.337845295667648 20.477907821536064 25.710870862007141 15.185114756226538
leaf_count=60 206 3340 127 76 131 61 112 67 161 159 111 83 104 62
internal_value=-0.000112919 -0.000474843 0.006333 -0.00150634 -0.000910216 -0.00407735 -0.00177582 -0.00337404 -0.00146745 -0.00490722 0.00234865 0.00588316 -0.0107533 2.94112e-05
internal_weight=1197.19 1146.67 64.8529 33.6061 1081.82 243.701 185.931 170.879 154.364 106.288 66.672 48.0761 57.7699 838.121
internal_count=4860 4654 263 136 4391 989 754 693 626 431 270 195 235 3402
is_linear=0
shrinkage=0.03


Tree=139
num_leaves=15
num_cat=0
split_feature=41 12 15 7 21 7 21 12 16 20 7 20 42 20
split_gain=3.70373 6.81095 5.0492 6.56614 6.58728 4.84805 7.27794 6.15514 5.06991 6.66791 6.10809 5.19859 4.7889 4.54024
threshold=33.500000000000007 22.633333333333336 8.2500000000000018 -0.25315602125187037 14.125823442268905 -2.9129911582488415 17.553885258309311 21.225000000000005 -1.5499999999999998 14.560219778561033 -3.331813310087659 16.654662343553465 16.500000000000004 10.338708056081478
decision_type=8 10 10 2 10 2 8 10 8 8 2 8 8 8
left_child=1 -1 5 -4 -5 8 7 -7 9 -2 11 -10 -9 -8
right_child=2 -3 3 4 -6 6 13 12 10 -11 -12 -13 -14 -15
leaf_value=0.015440392758569135 -0.016985338935803371 -0.0023394813541973217 0.00082608192194251224 -0.0026720569514613371 -0.025344454122224903 0.0032710364512504122 -0.0039213107387050788 -0.0011831967334431481 0.0076999778414590554 0.0012673944149757918 -0.012872188402018524 -0.0088455209556262005 -0.012509691700083404 0.01098044353351426
leaf_weight=33.666021153330803 41.882751747965813 36.618458613753319 50.329551696777344 23.891148611903191 19.982397153973579 326.98971255123615 19.991274461150169 381.84256795048714 65.9542376101017 28.190254345536232 20.201257169246674 17.963339701294899 32.01445671916008 92.158277079463005
leaf_count=137 172 148 205 97 82 1327 81 1548 267 115 82 73 130 374
internal_value=0.000195217 0.00663687 -0.000236189 -0.00669996 -0.0145347 0.000386186 0.00132173 0.000221493 -0.00410413 -0.0100469 0.000172546 0.00386002 -0.00219824 0.00827013
internal_weight=1191.68 70.2845 1121.39 94.2031 43.8735 1027.19 852.996 740.847 174.192 70.073 104.119 83.9176 413.857 112.15
internal_count=4838 285 4553 384 179 4169 3460 3005 709 287 422 340 1678 455
is_linear=0
shrinkage=0.03


Tree=140
num_leaves=15
num_cat=0
split_feature=3 17 10 3 12 1 9 11 9 19 19 39 34 3
split_gain=3.26155 3.41256 5.54918 5.49642 6.11744 4.37868 4.32673 5.33732 4.19068 3.62335 6.1591 4.26167 3.30155 5.06919
threshold=0.043482987795078316 11.750000000000002 9.9000000000000021 0.024390969413888301 21.675000000000004 45.750000000000007 -10.899999999999999 21.700000000000006 -3.2999999999999994 -9.1499999999999968 -7.2499999999999991 944.97247220545694 1.0000000180025095e-35 0.025146607476110087
decision_type=2 10 10 2 10 2 10 10 10 8 8 2 2 2
left_child=1 2 9 -3 5 -5 7 -4 -8 11 -11 -1 13 -12
right_child=-2 3 6 4 -6 -7 8 -9 -10 10 12 -13 -14 -15
leaf_value=-0.015839014515198736 0.011873904896842957 -0.015509590814617506 0.0083510716142016859 -0.011691051438837172 0.012259705593720305 0.0060307478886446383 0.013997734376442942 -0.012461246716647896 0.00044342832992390449 0.010830126905926576 0.0015667699426370313 0.00230332282942418 -0.0073237044218131663 -0.0038017711372463699
leaf_weight=22.625388041138649 16.802869617938995 26.551972940564156 17.226656258106232 32.344929024577141 19.061172232031822 15.114081650972365 60.667148187756538 17.359334960579872 30.35409127175808 42.10179041326046 606.10267408192158 18.215218782424927 51.458738014101982 208.64332330226898
leaf_count=92 68 109 70 133 77 62 246 71 123 171 2458 74 209 846
internal_value=0.000377302 0.000161971 0.000647961 -0.00519693 -0.000284055 -0.00601038 0.00644573 -0.00234954 0.00973606 -0.000149056 0.000264824 -0.00837875 -0.00030791 0.00017717
internal_weight=1184.63 1167.83 1074.75 93.0722 66.5202 47.459 125.607 34.586 91.0212 949.147 908.307 40.8406 866.205 814.746
internal_count=4809 4741 4360 381 272 195 510 141 369 3850 3684 166 3513 3304
is_linear=0
shrinkage=0.03


Tree=141
num_leaves=15
num_cat=0
split_feature=17 18 25 26 26 24 26 10 14 26 17 25 14 17
split_gain=3.85693 6.23971 3.68056 3.3382 6.93403 3.8177 6.5353 5.42574 5.93195 6.09596 5.19984 5.48128 4.24324 3.2001
threshold=-14.349999999999996 2.8500000000000001 -15.121428571428568 -12.47222222222222 -16.176923076923071 -0.37083333333333329 10.236111111111112 0.59999999999999998 15.900000000000002 5.8166666666666673 -11.249999999999998 14.550000000000002 21.633333333333336 -7.0499999999999989
decision_type=8 10 8 8 10 8 10 8 10 10 10 10 8 8
left_child=1 -1 -2 4 -4 7 10 8 -5 -10 12 -12 -7 -8
right_child=2 -3 3 5 -6 6 13 -9 9 -11 11 -13 -14 -15
leaf_value=0.015489588732932673 0.0096679970132217147 -0.0045883478603542865 0.0056286006191048187 0.0055261698256258386 -0.015586099031361296 -0.017488607815399501 0.020433756202108716 0.0099126367522374241 -0.00097138695425827871 -0.01629306592334864 0.00076760936441119376 -0.013526102546232804 0.0019015928542089396 0.0042281070040392768
leaf_weight=30.216063156723976 27.317355290055275 20.005484193563461 19.069912761449814 23.494165241718292 31.361954107880592 22.262018769979477 14.795891895890234 15.099926471710203 39.085229218006134 55.711061373353004 831.43810275197029 19.86639179289341 14.757981032133101 32.652282729744911
leaf_count=124 111 81 80 96 130 90 60 61 158 226 3371 81 60 132
internal_value=5.56151e-05 0.00780037 -0.000315902 -0.000601404 -0.00778002 -0.000228154 0.000457296 -0.00487958 -0.00709325 -0.010341 -0.000149431 0.000357014 -0.0104522 0.0107478
internal_weight=1197.13 50.2215 1146.91 1119.59 50.4319 1069.16 935.773 133.39 118.29 94.7963 888.324 851.304 37.02 47.4482
internal_count=4861 205 4656 4545 210 4335 3794 541 480 384 3602 3452 150 192
is_linear=0
shrinkage=0.03


Tree=142
num_leaves=15
num_cat=0
split_feature=3 13 39 5 5 42 5 17 24 3 26 10 26 12
split_gain=3.26347 2.74038 4.72609 6.73282 4.37738 10.626 7.04632 9.15681 4.86011 5.04097 9.92121 6.82016 6.49358 6.15083
threshold=0.014238191646503752 13.500000000000002 2282.6337519355907 0.69745527344760816 0.6092947275225401 13.500000000000002 0.5707666139034806 -3.8499999999999992 0.060661764705882366 0.023498605159472 6.6770833333333348 1.6000000000000005 -2.3693181818181812 17.500000000000004
decision_type=2 8 2 2 2 10 2 8 10 2 10 10 8 8
left_child=-1 -2 4 -4 6 -6 8 -8 9 10 -3 12 -11 -14
right_child=1 2 3 -5 5 -7 7 -9 -10 11 -12 -13 13 -15
leaf_value=0.0096532537362669646 0.0068042052779804449 -0.015045892832869254 -0.014303512498989037 0.0070098617813753152 -0.0038263280386926671 0.010571574706968718 0.023141314830050486 0.0025644626349623219 -0.0083450691999923249 0.011512173683905141 0.0092893927794280417 0.011897068453944039 0.015452136009429981 -0.0017355219636131678
leaf_weight=25.689955234527588 42.480716466903687 37.896744534373283 42.237794190645218 15.079400226473807 415.12825463712215 46.978318780660629 24.243812918663025 62.696744918823242 48.458438515663147 39.733326807618141 19.118577107787132 53.304665714502335 14.971299856901167 300.76126819849014
leaf_count=105 173 154 172 61 1687 191 98 254 197 161 78 216 61 1220
internal_value=-3.52399e-06 -0.000257228 -0.000553952 -0.00858371 -8.29556e-05 -0.00226513 0.00159924 0.00924887 0.000229351 0.00120055 -0.00679466 0.00238436 0.00081262 -0.000692341
internal_weight=1188.78 1163.09 1120.61 57.3172 1063.29 462.107 601.185 86.9406 514.244 465.786 57.0153 408.771 355.466 315.733
internal_count=4828 4723 4550 233 4317 1878 2439 352 2087 1890 232 1658 1442 1281
is_linear=0
shrinkage=0.03


Tree=143
num_leaves=15
num_cat=0
split_feature=15 1 26 25 12 25 22 12 1 2 17 15 21 12
split_gain=3.1603 4.55247 7.69515 5.54093 5.40543 4.65421 4.1193 8.36911 5.25153 6.64708 5.2187 5.79447 5.50787 5.13031
threshold=4.0500000000000007 50.750000000000007 4.7735042735042743 5.9666666666666677 32.500000000000007 11.757352941176473 0.36038961038961043 24.700000000000006 43.750000000000007 0.51732775927294739 -5.3499999999999988 2.4500000000000006 13.187746755709068 26.900000000000002
decision_type=8 2 10 10 10 10 10 10 2 2 10 10 8 10
left_child=1 3 -3 4 6 -5 -1 10 13 -10 12 -12 -8 -9
right_child=-2 2 -4 5 -6 -7 7 8 9 -11 11 -13 -14 -15
leaf_value=0.0023789848578706502 -0.0028505253839755341 -0.013667217360438267 0.005505344040748073 0.011015397090198067 0.013925216284324915 -0.0045751879853929717 0.016522145718187498 -0.027511724305175671 -0.010979793386594406 0.0070296884227332044 -0.0035885777617261708 0.0097678488371596116 -0.0010074235503478787 -0.0049321228908054317
leaf_weight=329.22350750863552 292.67388647794724 43.091139629483223 27.389879271388054 77.897619098424911 20.789689004421234 18.750416427850723 28.552922695875168 17.507504358887672 39.414572939276695 27.113929241895676 187.18872040510178 29.573474064469337 30.028013482689857 19.645062133669853
leaf_count=1337 1190 175 111 316 85 76 116 71 160 110 760 120 122 80
internal_value=-0.000171159 0.000714841 -0.00634537 0.00135207 0.000434116 0.00791444 -5.67397e-05 -0.00217586 -0.00922594 -0.00366164 0.000596064 -0.00158718 0.00816405 -0.0175736
internal_weight=1188.84 896.166 70.481 825.685 729.037 96.648 708.248 379.024 103.681 66.5285 275.343 216.762 58.5809 37.1526
internal_count=4829 3639 286 3353 2961 392 2876 1539 421 270 1118 880 238 151
is_linear=0
shrinkage=0.03


Tree=144
num_leaves=15
num_cat=0
split_feature=18 18 26 18 3 8 8 18 18 7 26 15 15 13
split_gain=2.89463 7.5387 7.04599 3.85621 6.22326 2.77471 8.27784 6.64555 5.85077 4.91182 7.26841 4.01168 5.99311 4.75023
threshold=-8.1499999999999968 -9.2499999999999982 4.5166666666666675 -6.4499999999999993 0.024315163826865164 -10.299999999999999 -9.6999999999999975 -4.9499999999999993 -3.4499999999999997 -0.46490858784154149 -3.1222222222222218 -5.9499999999999993 -5.2749999999999995 27.900000000000002
decision_type=8 10 8 8 2 10 10 10 8 2 8 10 10 10
left_child=1 2 -1 4 -2 8 -7 -8 -5 10 -10 13 -13 -9
right_child=3 -3 -4 5 -6 6 7 11 9 -11 -12 12 -14 -15
leaf_value=0.0099476539404254553 -0.0063491050818235218 -0.017936356122400417 -0.011870538051853882 0.018711199871874161 0.013140167334754602 -0.019784784584904881 -0.0094549806702285948 0.011890508476589089 0.0082996891149283627 0.0061161579249853033 -0.014448737529301686 -0.01435941509743064 0.00019773255019910272 -0.0041462880988717577
leaf_weight=28.93567219376564 17.850714668631554 23.767346858978271 16.988418340682983 15.244931101799009 42.213519781827927 15.199921563267706 62.180525094270706 47.848357453942299 16.210365042090416 66.267473474144936 28.427954107522964 21.321536004543304 768.26389089226723 21.209457144141197
leaf_count=118 73 97 69 62 171 62 253 194 66 269 116 87 3118 87
internal_value=-0.00016421 -0.00588308 0.00150353 0.000215454 0.00730527 -0.000217813 -0.000786571 -0.000367814 0.00387141 0.00111238 -0.00618378 0.000341182 -0.000283245 0.00701779
internal_weight=1191.93 69.6914 45.9241 1122.24 60.0642 1062.17 936.024 920.824 126.151 110.906 44.6383 858.643 789.585 69.0578
internal_count=4842 284 187 4558 244 4314 3801 3739 513 451 182 3486 3205 281
is_linear=0
shrinkage=0.03


Tree=145
num_leaves=15
num_cat=0
split_feature=15 15 19 1 39 3 20 42 11 1 39 23 23 43
split_gain=3.47543 4.88718 6.81298 8.80939 6.93239 6.64366 7.33289 5.88399 5.6403 4.98357 8.9619 6.86915 6.47305 9.25434
threshold=-3.2499999999999996 -0.84999999999999998 0.15000000000000005 41.250000000000007 1010.6699654872941 0.042092374181926358 13.121653012398163 7.5000000000000009 21.266666666666669 40.250000000000007 1388.4028137655416 0.44722222222222224 0.31534090909090912 1.0000000180025095e-35
decision_type=10 10 10 2 2 2 10 10 10 2 2 8 10 2
left_child=-1 2 3 -2 7 9 -7 8 -4 10 11 -3 -11 -14
right_child=1 5 4 -5 -6 6 -8 -9 -10 12 -12 -13 13 -15
leaf_value=-0.0027261206235122122 -0.0018866925376347758 0.0086438900410507578 0.00814757752427883 0.016986106270358944 -0.010653747342028671 0.020518730109531803 -0.0022390945680938312 0.015917258585881611 -0.012815292684546164 -0.0087049929163469549 0.017734423737383976 -0.0062070997143911415 0.00064997662577312659 -0.018181309073061439
leaf_weight=351.55006241798401 32.498324081301689 41.148101851344109 19.009845942258835 59.822805464267731 34.068940922617912 22.451821506023407 22.124726921319962 22.425224706530571 17.449363589286804 116.77744795382023 26.715801194310188 66.421262502670288 332.25579668581486 20.252378672361374
leaf_count=1431 132 168 77 243 138 91 90 91 71 476 109 269 1346 82
internal_value=-0.000246081 0.000810056 0.00503783 0.010587 -0.000732689 -0.000427777 0.0101367 0.00539194 -0.00222081 -0.00128488 0.00371929 -0.000394599 -0.00274093 -0.00067107
internal_weight=1184.97 833.422 185.275 92.3211 92.9534 648.147 44.5765 58.8844 36.4592 603.571 134.285 107.569 469.286 352.508
internal_count=4814 3383 752 375 377 2631 181 239 148 2450 546 437 1904 1428
is_linear=0
shrinkage=0.03


Tree=146
num_leaves=15
num_cat=0
split_feature=25 10 25 18 25 21 18 16 7 42 22 7 24 26
split_gain=5.10142 4.74217 2.93209 5.59444 6.47435 5.89547 5.15213 4.94973 5.41477 4.60301 8.16572 7.67471 4.41181 4.34499
threshold=-15.121428571428568 -13.699999999999998 2.5166666666666671 -0.54999999999999993 3.3603896103896109 12.543258356368229 -5.8499999999999988 1.1500000000000001 -0.068744881055099669 4.5000000000000009 0.62828947368421062 -2.2273398732495657 0.53484848484848502 -12.47222222222222
decision_type=8 10 8 8 8 10 10 8 2 10 8 2 8 10
left_child=1 -1 13 4 -4 7 -7 8 -6 10 -5 -11 -13 -2
right_child=2 -3 3 9 5 6 -8 -9 -10 11 -12 12 -14 -15
leaf_value=-0.0017736027563479595 -0.011717020760316848 0.019156018467544569 0.010995199020660328 -0.013724789477011327 0.0071019087464674925 0.0014567132258814204 -0.012396012688945855 0.010364886689587172 -0.012080257695613172 -0.0039092966530298997 0.0038109411697876674 0.013888261122768081 0.00058544061939778773 -0.0010276616676269882
leaf_weight=15.23002192378044 31.317895144224167 18.674720570445061 24.198604941368103 26.09820830821991 18.710431978106499 32.578588604927063 78.86465673148632 31.891945064067841 26.127083823084831 38.914339169859886 98.265197664499283 94.919323608279228 29.519180431962013 624.90938086807728
leaf_count=62 131 76 98 106 76 133 321 129 106 158 399 385 120 2536
internal_value=4.90864e-05 0.0107348 -0.000309102 0.00141343 -0.00224986 -0.00419365 -0.00845774 0.00213811 -0.00416622 0.00410965 -0.00025725 0.00734315 0.0108771 -0.00162255
internal_weight=1190.22 33.9047 1156.31 500.088 212.371 188.173 111.443 76.7295 44.8375 287.716 124.363 163.353 124.439 656.227
internal_count=4836 138 4698 2031 863 765 454 311 182 1168 505 663 505 2667
is_linear=0
shrinkage=0.03


Tree=147
num_leaves=15
num_cat=0
split_feature=10 10 41 42 16 28 14 12 42 14 10 16 12 4
split_gain=4.71828 3.4112 4.04158 4.32835 4.26077 7.53765 5.76463 5.06271 5.49591 6.8697 6.78697 5.24707 4.94879 7.55361
threshold=22.700000000000006 18.700000000000006 83.500000000000014 7.5000000000000009 7.3166666666666673 9.5000000000000018 12.500000000000002 21.100000000000005 11.500000000000002 23.450000000000003 -0.80000000000000038 -5.2499999999999991 23.100000000000005 155.53891173900846
decision_type=10 10 10 10 8 2 10 10 10 10 10 10 10 2
left_child=1 2 4 -4 7 6 -6 11 12 -10 -11 -1 13 -9
right_child=-2 -3 3 -5 5 -7 -8 8 9 10 -12 -13 -14 -15
leaf_value=-0.0023103579683502909 -0.011904683671496078 0.010809514815526874 -0.015335508492090847 0.00169245976906454 -0.0050139496920241925 -0.0096404215931099393 0.011991472188937776 -0.0090312359737102516 -0.015550853049939408 0.012846509842737868 -0.0094047931314837335 0.0047272420013691847 0.0016038719717410179 0.0082432062960335686
leaf_weight=134.51174205541611 22.082332834601402 24.658191844820976 24.238136991858482 23.197489857673645 19.121661707758904 19.415021359920502 90.687389448285103 98.608160093426704 47.595978483557701 17.772943869233131 21.954054698348045 302.83079491555691 317.87781701982021 24.967858970165253
leaf_count=548 93 101 99 95 78 79 369 400 193 72 89 1229 1288 101
internal_value=0.000478711 0.000762716 0.000499788 -0.00764096 0.000885455 0.005894 0.00894083 0.000188636 -0.00177917 -0.00843622 0.000873198 0.00256107 -0.000382624 -0.0053562
internal_weight=1189.52 1167.44 1142.78 47.4356 1095.34 129.224 109.809 966.119 528.777 87.323 39.727 437.343 441.454 123.576
internal_count=4834 4741 4640 194 4446 526 447 3920 2143 354 161 1777 1789 501
is_linear=0
shrinkage=0.03


Tree=148
num_leaves=15
num_cat=0
split_feature=2 25 15 3 42 11 26 18 41 1 1 2 10 2
split_gain=4.34731 4.68471 6.1044 8.964 6.65821 7.1529 5.65106 5.60371 5.54242 4.70341 5.00553 5.08456 8.43927 5.83677
threshold=0.74087741323255141 -3.8516483516483513 2.1500000000000008 0.024642600261680418 1.0000000180025095e-35 23.100000000000005 -5.2182539682539675 5.0500000000000007 68.500000000000014 37.750000000000007 40.250000000000007 0.58303991069968963 0.50000000000000011 0.6168544430928945
decision_type=2 10 10 2 10 8 8 10 10 2 2 2 10 2
left_child=1 2 4 -4 5 6 -1 8 -6 -3 -11 -12 -13 -14
right_child=-2 9 3 -5 7 -7 -8 -9 -10 10 11 12 13 -15
leaf_value=-0.0083137204207421964 0.003044319834365455 -0.01112344726228498 -0.021738199273928536 0.0024099899470780353 0.0060113361774406585 0.02432052894100566 0.008199962563332731 -0.0093145546737834241 -0.0049790916764068122 0.0059577065636254086 2.2696001516458906e-05 -0.013639225485635233 -0.013977800274721614 0.00059462667449030747
leaf_weight=19.686593726277351 232.21506851911545 55.417852655053139 19.450924068689346 29.844100520014763 108.05035124719143 16.030999273061752 77.948424965143204 45.550286084413528 60.479309305548668 55.174350142478943 224.51778556406498 83.699083581566811 25.149181038141251 135.7974743694067
leaf_count=80 947 225 79 121 439 65 317 186 246 224 910 340 102 551
internal_value=-0.000596385 -0.00149122 0.00110349 -0.00824284 0.00261198 0.00831259 0.00462743 -0.000535408 0.00203744 -0.00317368 -0.00223633 -0.00325262 -0.00619872 -0.00203498
internal_weight=1189.01 956.797 377.041 49.295 327.746 113.666 97.635 214.08 168.53 579.756 524.338 469.164 244.646 160.947
internal_count=4832 3885 1533 200 1333 462 397 871 685 2352 2127 1903 993 653
is_linear=0
shrinkage=0.03


Tree=149
num_leaves=15
num_cat=0
split_feature=15 15 13 13 25 35 24 18 9 21 39 39 15 25
split_gain=3.73267 5.45489 9.57034 5.31342 7.18794 5.66961 5.21561 5.20114 6.25746 5.13546 5.09112 5.06958 4.83818 4.59392
threshold=-3.2499999999999996 -5.8499999999999988 26.700000000000006 23.100000000000005 -19.611111111111111 1.0000000180025095e-35 0.20000000000000007 0.65000000000000002 -0.44999999999999996 17.632198405006303 819.02072968314258 2216.6141122602658 0.83750000000000013 -19.611111111111111
decision_type=8 10 10 8 10 2 8 8 10 8 2 2 10 10
left_child=1 13 -3 5 -5 7 -6 11 -9 12 -8 -2 -7 -1
right_child=3 2 -4 4 6 9 10 8 -10 -11 -12 -13 -14 -15
leaf_value=-0.011882724144153643 -0.0025028064637168607 -0.001281004859551552 -0.01633293090402322 0.020029500893687921 0.0051488651616413573 0.0013331924015068917 0.0034432101692484971 0.013757141817854502 0.00065130845446760121 0.0080845282462536881 -0.014278029209408759 0.010491188400322276 -0.0091956836448210452 0.0024948482152331399
leaf_weight=17.683156982064247 225.17542269825935 108.45081946253777 54.344452306628227 19.502211958169937 185.37390062212944 53.47450165450573 26.804181545972824 52.805912390351295 76.975243747234344 21.346443384885788 23.428396537899971 25.654122829437256 131.85994648933411 165.31881210207939
leaf_count=72 914 441 222 79 752 217 109 215 312 87 96 104 537 673
internal_value=-0.000132459 -0.00273439 -0.00664262 0.000945442 0.00451574 -0.000630459 0.00284205 0.0015408 0.00629639 -0.00457086 -0.00536627 -0.00099475 -0.00620257 0.000826491
internal_weight=1188.2 345.797 162.795 842.4 255.109 587.292 235.606 380.611 129.781 206.681 50.2326 250.83 185.334 183.002
internal_count=4830 1408 663 3422 1036 2386 957 1545 527 841 205 1018 754 745
is_linear=0
shrinkage=0.03


Tree=150
num_leaves=15
num_cat=0
split_feature=16 16 11 16 13 27 42 27 21 12 4 9 10 22
split_gain=4.15349 6.46938 5.6566 5.46867 4.99776 4.70838 4.59764 3.7822 8.73189 7.46048 7.1999 7.85409 7.08307 5.79736
threshold=7.3166666666666673 9.6125000000000025 20.633333333333336 6.3500000000000005 18.100000000000005 12.500000000000002 5.5000000000000009 6.5000000000000009 8.9817716585635399 26.300000000000001 262.16846011340721 3.5000000000000004 -9.0999999999999979 0.51470588235294124
decision_type=10 10 10 8 8 2 8 2 10 10 2 10 10 8
left_child=3 4 -3 7 -2 -6 -4 10 -9 -10 11 -1 -11 -13
right_child=1 2 6 -5 5 -7 -8 8 9 12 -12 13 -14 -15
leaf_value=-0.0062882866574758946 -0.0030985306860098608 -0.011846033695394834 -0.0043585557326840793 -0.010404119052026262 0.006127807078037545 0.02510632314905396 0.013280461559232725 0.011177523032719463 0.0016507427376345534 0.0037678549546922417 0.013476990297736524 -0.0039931919959402184 -0.011684606219985547 0.012144617552639745
leaf_weight=248.22120721638203 15.043925657868384 24.384146764874458 22.626476719975471 43.565248250961304 29.762676864862442 20.848160445690155 21.916689276695251 65.757385402917862 492.15971109271049 36.719450399279594 18.445692285895348 34.171872526407242 76.61681056022644 37.722984775900841
leaf_count=1011 61 100 92 177 121 85 89 267 1999 149 75 139 311 153
internal_value=7.10381e-05 0.00493497 -0.0015019 -0.000570766 0.0113207 0.0155001 0.00478481 -9.73665e-05 0.00120533 3.9665e-05 -0.00266012 -0.00378294 -0.00673054 0.00471336
internal_weight=1187.96 134.582 68.9273 1053.38 65.6548 50.6108 44.5432 1009.82 671.253 605.496 338.562 320.116 113.336 71.8949
internal_count=4829 548 281 4281 267 206 181 4104 2726 2459 1378 1303 460 292
is_linear=0
shrinkage=0.03


Tree=151
num_leaves=15
num_cat=0
split_feature=15 3 18 18 1 15 2 19 22 3 1 19 16 15
split_gain=4.88833 4.62641 4.41681 5.97828 7.9226 10.0991 13.6827 5.28488 6.55424 5.12199 4.42949 6.83631 6.12949 5.43317
threshold=8.2500000000000018 0.024390969413888301 11.750000000000002 5.3500000000000005 42.250000000000007 1.5500000000000003 0.48490255846020164 -1.1499999999999997 0.48529411764705888 0.024712117453311148 40.250000000000007 -10.049999999999999 -5.5499999999999989 6.4500000000000011
decision_type=10 2 10 10 2 10 2 10 10 2 2 10 8 8
left_child=2 -2 3 10 -5 6 -6 -8 -9 -7 12 -12 -1 -13
right_child=1 -3 -4 4 5 9 7 8 -10 -11 11 13 -14 -15
leaf_value=-0.005963007400669712 -0.015526822435534113 -0.0019287204363054877 0.0093945941288098682 -0.015435071292227419 -0.020324956892395014 0.019390172620985996 0.014421904028068408 0.0090679495055658085 -0.013139113196625363 1.6773414516358907e-05 -0.016459846506479157 -0.00060931915968586976 0.0069018963489748024 0.010344256332222983
leaf_weight=37.014580547809601 30.395275607705116 66.629114076495171 39.410800352692604 44.524685844779015 35.211156100034714 19.716370522975922 16.680213153362274 16.624877080321312 22.408289074897766 24.430758431553841 18.144111111760139 591.09737844765186 171.54266093671322 38.747138515114784
leaf_count=151 124 272 160 181 144 80 68 68 92 99 74 2399 698 157
internal_value=-0.000464944 -0.00674083 0.000129768 -0.000266055 -0.00516433 -0.00134859 -0.00697056 0.00244827 -0.00372509 0.00976147 0.000785002 -0.000446609 0.00453249 0.000140693
internal_weight=1172.58 97.0244 1075.55 1036.14 179.596 135.072 90.9245 55.7134 39.0332 44.1471 856.546 647.989 208.557 629.845
internal_count=4767 396 4371 4211 732 551 372 228 160 179 3479 2630 849 2556
is_linear=0
shrinkage=0.03


Tree=152
num_leaves=15
num_cat=0
split_feature=3 25 25 27 15 22 20 20 14 1 20 26 25 27
split_gain=4.09484 4.1497 3.81378 6.35067 7.62082 6.16895 8.44939 7.8618 8.14746 5.54776 6.43888 5.44512 5.3419 8.50263
threshold=0.043482987795078316 -15.121428571428568 -8.2403846153846132 15.500000000000002 -4.9499999999999993 0.37980769230769235 15.316113208884937 16.193448605789712 24.300000000000001 39.250000000000007 13.201032607499066 -5.2182539682539675 1.6794871794871797 16.500000000000004
decision_type=2 8 8 2 10 8 8 8 8 2 10 10 8 2
left_child=1 -1 3 4 -3 9 12 8 -8 -4 -11 -12 13 -7
right_child=-2 2 5 -5 -6 6 7 -9 -10 10 11 -13 -14 -15
leaf_value=0.0094361771534543677 0.012892181394580531 -0.00057860798945916572 -0.0052893397963165835 0.0096677851957641808 -0.017248359833911559 -0.009854008928199251 0.018508479329962087 -0.00017144100867272824 -0.0019658598172669762 0.011131465934790906 -0.012344063662103243 0.0045677700752994104 -0.0012607677748400065 0.0081261610106327115
leaf_weight=32.427037686109543 16.24995194375515 50.325243920087814 40.410578325390816 15.748950824141501 44.129556879401207 165.83715586364269 43.961758524179459 190.17260783910751 25.838260293006897 104.76842965185642 19.052975252270699 54.588636830449104 357.66979032754898 23.615478351712227
leaf_count=132 66 205 165 64 180 676 179 772 105 425 78 221 1454 96
internal_value=-0.000160315 -0.000395979 -0.000716724 -0.00589234 -0.00884237 -0.000134879 -0.00134962 0.00306493 0.0113046 0.0042756 0.00652723 -0.000314392 -0.00345601 -0.00746144
internal_weight=1184.8 1168.55 1136.12 110.204 94.4548 1025.92 807.095 259.973 69.8 218.821 178.41 73.6416 547.122 189.453
internal_count=4818 4752 4620 449 385 4171 3282 1056 284 889 724 299 2226 772
is_linear=0
shrinkage=0.03


Tree=153
num_leaves=15
num_cat=0
split_feature=8 8 41 23 0 12 18 23 23 20 15 20 20 26
split_gain=5.13892 3.97075 6.07117 4.01007 3.94943 4.42245 7.85591 5.46192 5.45795 5.48177 5.0604 4.8582 6.7529 5.56603
threshold=-7.6999999999999984 -10.299999999999999 75.500000000000014 0.28869047619047622 -8.2499999999999982 24.700000000000006 -5.9499999999999993 0.4045454545454546 0.44097222222222227 7.5192325527527659 -5.8499999999999988 10.579067222037169 14.802402131320985 -3.7386363636363629
decision_type=8 10 8 8 2 8 10 8 10 10 10 10 10 10
left_child=1 3 -3 -1 -2 6 11 -7 -9 -10 -8 -6 13 -13
right_child=4 2 -4 -5 5 7 10 8 9 -11 -12 12 -14 -15
leaf_value=0.0081908924127725088 0.013765012132567667 -0.012860815658657576 0.0058584874619967758 -0.003803035552329366 0.021898402494692461 -0.012872942898819375 0.010993209664620003 0.010978255095791613 -0.017540339824318203 -0.00118306170755817 -0.00034586237902903955 0.009937001514630131 0.015899974617911844 -0.010569356717361693
leaf_weight=27.697651624679565 15.00047694146633 71.242207020521164 16.456910729408264 103.50934736430645 18.522223308682442 35.481015563011169 32.940287798643112 25.464802071452141 15.023072823882101 246.72769676148891 530.12043309211731 15.095153123140333 25.810811817646027 24.678054824471474
leaf_count=113 62 291 67 422 75 145 134 103 61 1001 2156 62 105 100
internal_value=-0.000361559 -0.0044647 -0.00922158 -0.0010634 0.000568393 0.000294734 0.00172196 -0.00255016 -0.0010765 -0.00243306 0.00040842 0.00999928 0.00532555 -0.002546
internal_weight=1203.77 218.906 87.6991 131.207 984.864 969.864 647.167 322.697 287.216 261.751 563.061 84.1062 65.584 39.7732
internal_count=4897 893 358 535 4004 3942 2632 1310 1165 1062 2290 342 267 162
is_linear=0
shrinkage=0.03


Tree=154
num_leaves=15
num_cat=0
split_feature=4 22 39 10 15 39 8 39 8 17 19 18 22 13
split_gain=3.33675 6.19637 5.58975 4.31841 3.42504 3.36554 3.30018 6.22062 4.39605 4.69135 4.43895 7.54501 5.50272 3.82051
threshold=-143.00096283788579 0.11324786324786326 558.69389681433574 -10.299999999999997 -2.8499999999999992 1187.4181588722888 12.700000000000001 794.09654554464407 6.9000000000000012 0.4000000000000003 1.2500000000000002 -6.1833333333333327 0.68990384615384626 16.700000000000006
decision_type=2 8 2 10 10 2 10 2 8 8 10 10 10 10
left_child=1 -1 4 5 -3 -4 8 -8 -2 -10 11 -11 -12 -9
right_child=6 2 3 -5 -6 -7 7 13 9 10 12 -13 -14 -15
leaf_value=-0.0082551064485928624 -0.00018296407176896391 -0.0098782407861680455 0.026819286555961334 0.00054170819787839814 0.0074428687251995185 0.0061031281555289883 0.016307889854095693 -0.0098385719527280032 -0.014541856153227251 0.0089971043762654968 0.012704493225700095 -0.011309129709145152 -0.0052330107799835593 0.0077358242800080017
leaf_weight=21.099052011966705 858.01508155465126 15.457797512412073 19.304627120494843 15.039617300033568 15.743455886840819 15.218338891863821 23.844633504748344 19.998815521597862 34.469346985220909 17.3696059435606 25.92165644466877 65.794424071907997 26.550728723406792 15.300109595060347
leaf_count=86 3488 63 79 61 64 63 97 82 140 71 105 268 108 62
internal_value=-0.000166702 0.00489353 0.00860954 0.014407 -0.00131753 0.0196146 -0.000661013 0.00594729 -0.0010681 -0.00540005 -0.00264244 -0.00679826 0.00396258 -0.00220638
internal_weight=1189.13 101.863 80.7638 49.5626 31.2013 34.523 1087.26 59.1436 1028.12 170.106 135.636 83.164 52.4724 35.2989
internal_count=4837 416 330 203 127 142 4421 241 4180 692 552 339 213 144
is_linear=0
shrinkage=0.03


Tree=155
num_leaves=15
num_cat=0
split_feature=14 9 42 17 24 17 7 21 24 19 9 1 7 1
split_gain=2.90058 6.39204 5.57077 4.33261 4.69677 8.69998 3.87723 4.16284 3.89257 5.31975 3.97439 3.69107 4.28611 4.8713
threshold=30.300000000000001 -7.8999999999999995 2.5000000000000004 16.350000000000005 0.44543650793650802 -0.79999999999999993 -3.7372007672302829 18.151369303308282 0.13333333333333341 0.45000000000000007 1.3 38.250000000000007 -2.3858813119327347 35.250000000000007
decision_type=10 10 10 10 10 10 2 8 10 10 10 2 2 2
left_child=3 2 -2 4 6 -6 7 8 9 10 -1 12 -8 -14
right_child=1 -3 -4 -5 5 -7 11 -9 -10 -11 -12 -13 13 -15
leaf_value=-0.013456036726102932 -0.011073745125157608 -0.018380789540436152 0.0078307809970817772 -0.011746372524654857 -0.010216187814627211 0.012266362764616845 0.008307980552299768 -0.017108908926302319 -0.01307991941032602 0.0091938471359283309 0.0024202032595577448 0.0017683366752942141 0.0042757817467555118 -0.0097075148267727861
leaf_weight=22.136412933468819 17.929272651672363 18.686428397893906 31.166976243257523 20.018938302993774 15.72104090452194 65.796241953969002 17.972550570964813 15.433847874402998 17.901123151183128 34.343056842684746 27.084173008799553 765.11522610485554 27.384824693202972 78.294109314680099
leaf_count=91 74 76 128 84 64 268 73 63 73 139 110 3107 111 318
internal_value=0.000224078 -0.00557925 0.000541678 0.000602841 0.000882968 0.00759065 0.000304394 -0.00471646 -0.00211647 0.000837993 -0.00530238 0.000987473 -0.0037252 -0.00605452
internal_weight=1174.98 67.7827 49.0962 1107.2 1087.18 81.5173 1005.67 116.899 101.465 83.5636 49.2206 888.767 123.651 105.679
internal_count=4779 278 202 4501 4417 332 4085 476 413 340 201 3609 502 429
is_linear=0
shrinkage=0.03


Tree=156
num_leaves=15
num_cat=0
split_feature=13 13 39 21 39 8 42 41 23 17 42 18 9 13
split_gain=3.75646 8.72346 4.59759 4.46255 3.67782 3.59279 3.34895 3.19244 3.13362 2.98883 8.91013 5.60772 6.46755 7.40928
threshold=13.700000000000001 15.500000000000002 2282.6337519355907 14.26651088131802 1355.1810456524684 13.100000000000001 8.5000000000000018 51.500000000000007 0.61651583710407254 -3.9499999999999988 13.500000000000002 -3.2499999999999996 2.9000000000000004 18.450000000000003
decision_type=10 10 2 10 2 10 10 10 8 10 10 10 10 10
left_child=4 3 5 -2 7 9 8 -1 -4 -3 11 12 13 -11
right_child=1 2 6 -5 -6 -7 -8 -9 -10 10 -12 -13 -14 -15
leaf_value=0.011188691283482781 -0.0031959983672516317 0.003005836141551259 0.0052395368086669211 -0.020633491219806475 0.017927745510690173 0.010462839006491184 -0.015824727797074147 -0.0043990119995319021 -0.010410597916680251 -0.00021833129161452232 0.0093563546214040939 -0.00012068798491772404 0.0053546429926135536 -0.016980372900006702
leaf_weight=14.858021572232245 31.42102062702179 344.76696084439754 22.774293467402458 20.978044793009758 15.886596396565436 30.726458668708801 19.888421595096588 24.712955638766289 14.776626795530317 38.13643404841423 69.272132530808449 455.54456257820129 25.696825057268143 58.423011645674706
leaf_count=60 128 1403 93 86 65 125 81 101 60 155 282 1852 104 238
internal_value=0.000420649 3.15181e-05 0.000634345 -0.0113664 0.00770668 0.00111183 -0.00727449 0.0020524 -0.00141858 0.000771119 -0.000433479 -0.00167738 -0.00724517 -0.0106968
internal_weight=1187.86 1132.4 1080.01 52.3991 55.4576 1022.57 57.4393 39.571 37.5509 991.84 647.073 577.801 122.256 96.5594
internal_count=4833 4607 4393 214 226 4159 234 161 153 4034 2631 2349 497 393
is_linear=0
shrinkage=0.03


Tree=157
num_leaves=15
num_cat=0
split_feature=8 42 42 8 9 39 20 39 13 4 39 18 26 19
split_gain=3.96247 6.8629 6.04464 4.67928 5.72007 4.66285 4.36866 4.6389 4.02866 4.07789 3.97402 4.83757 6.93994 5.35232
threshold=6.7000000000000002 17.500000000000004 1.5000000000000002 9.6333333333333346 3.1000000000000005 2282.6337519355907 15.796624096261286 840.0309154608143 25.100000000000005 59.076057870255575 1209.0879194799502 -1.1499999999999997 6.9045454545454552 1.0000000180025095e-35
decision_type=10 10 10 10 10 2 8 2 10 2 2 8 8 10
left_child=1 5 -2 4 -4 10 7 -5 9 -7 -1 13 -13 -12
right_child=2 -3 3 6 -6 8 -8 -9 -10 -11 11 12 -14 -15
leaf_value=0.00098946341427811019 -0.010369022381535519 -0.011508155672869919 -0.01143860427529401 -0.0086279891798298255 0.0046989039151773973 -0.0094617815646540447 0.01270862304422535 0.0076100506983340071 -0.017406410222600435 0.0089533971465646043 0.0080962301078071532 0.004744920086324148 0.020696758697570039 -0.0060159635336059624
leaf_weight=668.36265154182911 68.21466726064682 32.266844287514687 45.464456886053085 27.174103260040283 28.8770702034235 16.992691949009895 31.611795410513878 26.209467932581902 15.564230114221571 16.318165838718414 38.440633431077003 92.202349349856377 30.899646699428558 49.582946360111237
leaf_count=2719 278 131 185 111 117 69 129 107 64 66 157 375 126 201
internal_value=0.000283072 0.00112857 -0.00323382 4.34198e-05 -0.00526909 0.00162708 0.00472461 -0.000686703 -0.00696369 -0.000449482 0.00214116 0.00567985 0.00940051 0.000250865
internal_weight=1188.18 960.63 227.552 159.337 74.3415 928.363 84.9954 53.3836 48.8751 33.3109 879.488 211.126 123.102 88.0236
internal_count=4835 3908 927 649 302 3777 347 218 199 135 3578 859 501 358
is_linear=0
shrinkage=0.03


Tree=158
num_leaves=15
num_cat=0
split_feature=7 11 20 41 15 26 20 24 20 19 20 7 22 9
split_gain=3.02067 5.7067 4.99205 6.85838 6.42592 6.41399 5.258 5.18829 7.34807 4.9212 6.00733 7.31962 4.89643 4.77292
threshold=-0.53692558748386532 13.700000000000001 12.799522558700355 68.500000000000014 4.1500000000000012 -2.3693181818181812 11.168905203947544 0.11904761904761907 15.17307549830357 -0.24999999999999997 15.202338931044761 -2.5958219473293815 0.62828947368421062 -0.26666666666666661
decision_type=2 10 8 10 10 10 10 8 10 10 8 2 10 10
left_child=1 -1 3 4 5 -3 -7 9 -9 12 -11 -12 -4 -5
right_child=-2 2 7 13 -6 6 -8 8 -10 10 11 -13 -14 -15
leaf_value=-0.014884401248897398 0.001029624713757997 0.015520964581200272 -0.0095490431264722616 0.0016554021723511976 -0.0061988092760708238 -0.0036998144821349145 0.01122650215285801 -0.017252249295930316 -0.0019945866273005652 0.01196614539225312 -0.011498289208341457 0.0077340236786686816 0.0061884812510298775 -0.017131138370431908
leaf_weight=24.33611761033535 645.44068060815334 53.197809308767319 65.344731360673904 22.661500692367554 32.663183853030205 49.710260584950447 30.006624341011047 45.773797944188118 67.930626600980759 41.183756142854691 31.384592145681381 30.123073980212212 19.955719143152237 19.433056533336639
leaf_count=100 2627 216 265 93 134 202 122 187 277 167 127 122 81 79
internal_value=-0.000348018 -0.00200818 -0.00125428 0.00229286 0.00504405 0.0079315 0.00224966 -0.00369353 -0.00860481 -0.000577036 0.00376932 -0.00220603 -0.00572851 -0.00791546
internal_weight=1179.15 533.705 509.369 207.672 165.578 132.915 79.7169 301.696 113.704 187.992 102.691 61.5077 85.3005 42.0946
internal_count=4799 2172 2072 846 674 540 324 1226 464 762 416 249 346 172
is_linear=0
shrinkage=0.03


Tree=159
num_leaves=15
num_cat=0
split_feature=39 18 8 4 21 17 14 20 20 12 0 2 17 17
split_gain=3.34747 5.68861 4.26167 5.40598 4.89652 4.00147 7.24206 6.10937 5.27984 3.64217 3.9263 4.64867 3.87494 5.37375
threshold=384.2775807757078 -7.8499999999999988 -12.099999999999998 -113.48689316241938 11.583033211775426 -0.74999999999999978 24.900000000000002 12.920483305305126 13.662804330769273 12.100000000000001 13.250000000000002 0.83132425360127626 -14.049999999999999 -15.149999999999997
decision_type=2 10 10 2 10 10 10 10 10 10 2 2 10 8
left_child=1 -1 -3 -4 -5 7 -7 -6 -8 -2 11 12 13 -11
right_child=9 2 3 4 5 6 8 -9 -10 10 -12 -13 -14 -15
leaf_value=-0.011719798080843283 0.0091916224748483984 -0.0087012588294143739 0.018379144145448487 0.010817049126905761 -0.0043890918409355828 -0.010889037081137021 0.015893799171194961 0.014700309622704482 -0.0056134696783929376 6.715292400336986e-07 -0.011688117948832719 0.012525717011362387 -0.0012570280514026856 0.019587809177851686
leaf_weight=15.708228424191473 29.393667191267014 15.169848442077635 22.810883834958076 58.778049528598785 23.378098517656326 45.250130474567413 17.757099151611328 29.893448203802109 15.138757452368734 35.451728999614716 23.637434288859367 19.379891350865364 832.23538158833981 14.562157243490217
leaf_count=64 121 62 93 239 95 184 72 121 62 145 97 79 3384 60
internal_value=0.000407351 0.00350642 0.00478347 0.00592136 0.00399473 0.000658737 -0.0035904 0.00666518 0.00656136 -0.000398505 -0.000750928 -0.000401317 -0.000754265 0.00696564
internal_weight=1198.54 243.885 228.176 213.006 190.196 131.418 78.146 53.2715 32.8959 954.66 925.267 901.629 882.249 50.0139
internal_count=4878 992 928 866 773 534 318 216 134 3886 3765 3668 3589 205
is_linear=0
shrinkage=0.03


Tree=160
num_leaves=15
num_cat=0
split_feature=13 13 41 41 22 18 1 18 4 4 18 9 7 27
split_gain=3.27356 3.70751 3.29105 3.87331 3.79543 10.6299 7.33927 4.73127 4.38549 4.41666 5.82975 4.57328 4.14004 5.84478
threshold=12.300000000000002 15.500000000000002 26.500000000000004 34.500000000000007 0.82843137254901966 -2.7499999999999996 48.750000000000007 3.9500000000000006 115.71562972325422 15.311646555308927 6.5500000000000007 9.7000000000000011 -2.2273398732495657 6.5000000000000009
decision_type=8 10 8 10 8 10 2 10 2 2 10 10 2 2
left_child=-1 -2 -3 -4 7 -6 -7 12 9 11 -11 -9 13 -5
right_child=1 2 3 4 5 6 -8 8 -10 10 -12 -13 -14 -15
leaf_value=0.010085712689498788 -0.0059834385465767645 -0.0090630812208441439 0.006536639319184882 -0.013716145484230068 -0.010321096358591427 0.012023075758127852 -0.0053232872430615131 -0.0016219965818535075 -0.0099850669435075194 -0.005980709248084721 0.011574500440482232 -0.016662843846925453 0.0020178277062182677 0.00017585302341230298
leaf_weight=23.494289919734001 87.079178020358086 27.851177573204041 84.844799757003784 34.347077265381813 30.693891271948814 94.732533499598503 24.998347863554955 78.461732968688011 76.675766512751579 24.485532626509666 37.185214340686798 19.223694935441017 449.0211193561554 88.306511506438255
leaf_count=96 356 113 345 140 125 385 102 320 313 100 151 78 1825 359
internal_value=3.98024e-05 -0.00020652 0.000288881 0.000580661 2.20493e-05 0.00431721 0.00833316 -0.000799508 -0.00432565 -0.00138165 0.00467864 -0.00524914 0.000681241 -0.00409923
internal_weight=1181.4 1157.91 1070.83 1042.98 958.131 150.425 119.731 807.707 236.032 159.356 61.6707 97.6854 571.675 122.654
internal_count=4808 4712 4356 4243 3898 612 487 3286 962 649 251 398 2324 499
is_linear=0
shrinkage=0.03


Tree=161
num_leaves=15
num_cat=0
split_feature=17 42 42 16 7 35 15 21 15 23 14 9 20 14
split_gain=2.93076 5.41646 2.65622 3.54287 2.48725 7.09419 10.8707 8.07278 6.64936 7.47608 6.38539 6.39956 9.50938 6.08906
threshold=16.350000000000005 5.5000000000000009 17.500000000000004 -1.1333333333333331 1.7549208076739709 1.0000000180025095e-35 4.3500000000000005 9.7513531158787732 -2.2499999999999996 0.54772727272727284 28.700000000000006 4.9000000000000012 12.277802882660389 22.100000000000005
decision_type=10 10 10 10 2 2 8 10 10 8 8 10 10 10
left_child=2 -2 4 -4 -1 6 7 -6 -9 -10 11 12 -7 -14
right_child=1 -3 3 -5 5 10 -8 8 9 -11 -12 -13 13 -15
leaf_value=1.050950879365792e-06 -0.019038649334117908 0.003591450480304978 0.0041295275052542942 -0.012284890214371924 0.017275682355358847 -0.021854157590984039 0.01996462538408306 0.0061555474710737511 -0.015699905369414631 0.0037207061265714242 0.01312270900264788 0.0050820171101778671 -0.012954013242142086 0.0086961298962713249
leaf_weight=804.4601174145937 14.222081929445268 16.238062396645546 15.754029765725134 26.54265008866787 23.340753078460693 29.66510134935379 38.176801338791847 64.661746501922607 33.9875298589468 29.999250397086143 14.783131465315817 31.712700426578522 14.757762238383291 23.63919834792614
leaf_count=3272 61 68 64 108 95 121 155 263 138 122 60 129 60 96
internal_value=0.000328261 -0.00816937 0.000587397 -0.00638086 0.000880561 0.00316493 0.00665352 0.00278066 -0.000397104 -0.00698509 -0.00266219 -0.00551559 -0.0104633 -0.000158816
internal_weight=1181.94 30.4601 1151.48 42.2967 1109.18 304.724 190.166 151.989 128.649 63.9868 114.558 99.7748 68.0621 38.397
internal_count=4812 129 4683 172 4511 1239 773 618 523 260 466 406 277 156
is_linear=0
shrinkage=0.03


Tree=162
num_leaves=15
num_cat=0
split_feature=18 12 9 12 25 9 11 3 24 18 18 24 5 15
split_gain=3.73455 3.51033 3.75795 4.5647 8.22701 5.86661 5.80773 6.81536 5.78983 5.11837 5.00324 7.88471 5.99747 5.01267
threshold=11.950000000000001 31.900000000000002 -2.3249999999999997 22.300000000000001 -7.9666666666666659 -11.299999999999999 19.300000000000001 0.024840232257265508 0.35912698412698424 1.9500000000000002 -1.6333333333333331 0.23914565826330531 0.58618401965192024 -1.2499999999999998
decision_type=10 10 8 10 10 10 10 2 8 10 10 10 2 10
left_child=1 2 3 4 5 -1 7 -6 9 -5 11 -8 -12 -14
right_child=-2 -3 -4 8 6 -7 10 -9 -10 -11 12 -13 13 -15
leaf_value=0.0048274480167446732 0.0081677830190469407 0.0065040512347659613 -0.0021657072185657148 0.019740167787748231 0.014529521941962264 -0.013227539345793963 0.0046519741505882933 -0.0042134522969620274 -0.0065676490322548022 0.0013115050650655143 -0.0094292862895446056 -0.015363082243632916 -0.0032273194486965927 0.0092239278996501233
leaf_weight=19.200142458081245 43.282384559512138 58.654910326004028 659.02056835591793 30.615457460284233 54.090113386511803 55.08841398358345 27.823622956871986 22.11602608859539 15.230231717228888 23.129821717739105 25.36209674179554 36.247705310583115 39.297361969947815 88.016121819615364
leaf_count=79 176 239 2679 124 220 224 113 90 62 94 103 149 161 361
internal_value=-7.14759e-06 -0.000347705 -0.000742537 0.00140771 3.7675e-05 -0.00855101 0.00232258 0.00916555 0.00820653 0.0125959 -0.000235755 -0.00696378 0.002719 0.00540393
internal_weight=1197.17 1153.89 1095.24 436.217 367.242 74.2886 292.953 76.2061 68.9755 53.7453 216.747 64.0713 152.676 127.313
internal_count=4874 4698 4459 1780 1500 303 1197 310 280 218 887 262 625 522
is_linear=0
shrinkage=0.03


Tree=163
num_leaves=15
num_cat=0
split_feature=39 22 12 41 10 10 12 26 20 16 1 14 19 21
split_gain=3.17937 3.92673 3.67845 7.87858 5.23065 4.84828 4.81154 4.72931 4.22139 4.17346 5.38069 3.99943 3.66128 6.60341
threshold=2370.8399259221619 0.51470588235294124 16.300000000000001 52.500000000000007 14.900000000000004 13.100000000000003 17.500000000000004 -9.1339285714285694 12.460827268254937 -1.5499999999999998 42.250000000000007 31.100000000000005 0.55000000000000016 17.553885258309311
decision_type=2 8 10 10 8 10 10 8 10 10 2 10 10 8
left_child=2 -2 3 8 6 7 -4 -5 -1 10 -9 12 -8 -14
right_child=1 -3 4 5 -6 -7 11 9 -10 -11 -12 -13 13 -15
leaf_value=-0.0053307085441588646 -0.01443677981698669 0.0022142011875296479 0.009067337408162528 0.0067809418788269587 0.011049533762259783 -0.015921598333869656 -0.0012821742679072178 0.0060326097755567486 0.012323540874341937 -0.0186860600313619 -0.013039403359308605 -0.010071277314568635 0.001159013196396392 0.011189632911288921
leaf_weight=14.67032542824745 22.55720990896225 21.565623834729195 58.417936369776726 26.488396003842354 45.147802472114563 34.185392498970032 380.12113730609417 27.178463414311409 32.231068432331085 15.514747351408003 17.866356804966927 26.07871113717556 395.97871321439743 64.757045671343803
leaf_count=60 92 88 238 109 185 142 1547 111 131 63 73 106 1608 263
internal_value=0.000576575 -0.00690139 0.000895257 -0.00314088 0.00160701 -0.00711188 0.00108941 -0.00297521 0.00681989 -0.00743421 -0.00207901 0.000502905 0.000888452 0.00267382
internal_weight=1182.76 44.1228 1138.64 168.135 970.501 121.233 925.354 87.048 46.9014 60.5596 45.0448 866.936 840.857 460.736
internal_count=4816 180 4636 689 3947 498 3762 356 191 247 184 3524 3418 1871
is_linear=0
shrinkage=0.03


Tree=164
num_leaves=15
num_cat=0
split_feature=39 8 20 2 17 10 22 25 10 22 3 18 17 1
split_gain=4.42653 6.04551 4.10348 5.30527 4.55172 6.23725 9.70095 6.97067 5.80032 5.44219 5.21914 6.59402 6.12184 11.3387
threshold=2282.6337519355907 -0.77499999999999991 15.65779884442305 0.27003582079341726 -4.1499999999999986 -14.299999999999997 0.28869047619047622 -8.0357142857142829 -18.699999999999996 0.46291208791208799 0.023795534665099764 -3.2499999999999996 -1.0000000180025095e-35 41.750000000000007
decision_type=2 8 8 2 10 8 8 10 10 8 2 10 10 2
left_child=2 -2 4 -4 5 7 -7 8 -1 -8 11 -6 13 -12
right_child=1 -3 3 -5 10 6 9 -9 -10 -11 12 -13 -14 -15
leaf_value=-0.0018721270012564512 -0.017291219334320557 0.00075102090025288377 0.018015545556696152 0.0021480267246586863 -0.022200488306452652 0.017422125057266778 -0.0079306821407120216 0.0038534667211810435 -0.024947553817854001 0.0050719618293280731 0.0052830729476005655 -0.0034038399799649469 0.00098292978230526138 -0.012405869159214034
leaf_weight=21.238480374217033 26.205600127577782 35.140031337738037 15.492447286844252 291.42279155552387 19.989127665758133 41.461510822176933 35.530880436301231 41.749789714813232 14.742488309741018 97.291693791747093 46.302591383457184 58.533058941364288 355.13613797724247 89.457987919449806
leaf_count=87 107 143 64 1185 82 168 144 171 60 396 188 239 1447 363
internal_value=-0.00014734 -0.00767853 0.000294182 0.00322494 -0.000813733 0.00251091 0.00561589 -0.00436959 -0.0132171 0.00143215 -0.00229421 -0.00923141 -0.00110267 -0.00639951
internal_weight=1189.69 61.3456 1128.35 306.915 821.434 252.015 174.284 77.7308 35.981 132.823 569.419 78.5222 490.897 135.761
internal_count=4844 250 4594 1249 3345 1026 708 318 147 540 2319 321 1998 551
is_linear=0
shrinkage=0.03


Tree=165
num_leaves=15
num_cat=0
split_feature=1 18 26 4 25 21 18 14 8 42 8 7 3 25
split_gain=2.75498 3.95787 5.07266 5.59223 3.37412 6.33042 5.2574 5.50095 4.88608 5.69015 4.9294 4.29693 4.06778 4.287
threshold=37.250000000000007 -5.2499999999999991 1.8619047619047622 87.185199258768549 10.861904761904764 15.297784862347859 4.8500000000000005 21.100000000000005 9.6333333333333346 1.5000000000000002 6.9000000000000012 2.1020178978995863 0.042631993561552901 4.4807692307692317
decision_type=2 10 8 2 10 8 10 10 10 8 8 2 2 8
left_child=1 -1 3 -3 8 6 7 -6 10 -10 12 -12 13 -2
right_child=4 2 -4 -5 5 -7 -8 -9 9 -11 11 -13 -14 -15
leaf_value=0.0051691075165509132 0.00042510356376235638 0.011452006557054882 -0.015646887932444457 -0.0082455643243551889 -0.0020782409815575265 0.0068796456466938133 0.0026606214453647014 -0.024757864934041088 -0.0042146037549782925 0.013164361174303646 -0.0094362587357008504 0.0056004107122701692 -0.0079425928362699665 0.0058876511952365698
leaf_weight=24.798318982124329 648.01871894299984 16.036372914910316 34.035067170858383 28.88463194668293 16.708261132240295 23.041208177804947 17.387644708156586 21.406144335865974 21.343287765979767 51.705806478857994 70.668964058160782 18.461005032062531 38.135029628872871 156.82374440133572
leaf_count=101 2638 65 139 118 68 94 71 88 87 211 287 75 155 638
internal_value=-8.76394e-07 -0.00455371 -0.00773341 -0.000771003 0.000453927 -0.00534329 -0.0105667 -0.0162098 0.00093113 0.00814192 0.000325595 -0.00618975 0.00104691 0.00151926
internal_weight=1187.45 103.754 78.9561 44.921 1083.7 78.5433 55.5021 38.1144 1005.16 73.0491 932.107 89.13 842.977 804.842
internal_count=4835 423 322 183 4412 321 227 156 4091 298 3793 362 3431 3276
is_linear=0
shrinkage=0.03


Tree=166
num_leaves=15
num_cat=0
split_feature=25 21 25 27 15 25 12 23 11 10 15 12 30 21
split_gain=3.51755 6.68437 5.47488 6.09297 6.19285 6.03666 4.00301 6.17372 6.08588 4.54546 8.02209 6.16575 3.89519 7.96602
threshold=-15.121428571428568 13.760046833064795 -8.2403846153846132 15.500000000000002 -5.0499999999999989 -9.9444444444444429 11.700000000000001 0.17261904761904764 19.900000000000002 15.900000000000002 5.8500000000000005 18.700000000000006 3.5000000000000004 14.125823442268905
decision_type=8 8 8 2 10 10 8 8 8 8 8 8 2 10
left_child=1 -1 3 4 5 -2 -4 8 -8 12 -11 -12 -9 -14
right_child=2 -3 6 -5 -6 -7 7 9 -10 10 11 -13 13 -15
leaf_value=-0.0030865023323578887 0.0053003836801684481 0.021194532014194811 0.012306856594908846 0.0086510691555800774 -0.016283107576817439 -0.014537773028928664 0.0043840251365811428 -0.00033149517012230731 -0.012730695969154465 0.023200770802465 -0.011887701884704895 0.01002170773280734 0.015806685479603361 -0.0050330560483659728
leaf_weight=18.989548936486244 35.717917740345001 14.617866754531859 19.618792474269867 16.613768890500069 48.716142266988754 15.951961204409598 23.918416157364845 821.15904413163662 56.287165179848671 16.945543438196182 15.921259790658949 20.839177295565605 34.489332139492035 25.099704280495644
leaf_count=77 146 60 81 68 199 65 98 3337 233 69 66 85 140 102
internal_value=-5.62614e-05 0.00885187 -0.000353455 -0.00636442 -0.00914201 -0.00156652 0.000353866 6.35364e-05 -0.00766909 0.000764524 0.00884749 0.000245375 0.000224482 0.00731861
internal_weight=1184.89 33.6074 1151.28 117 100.386 51.6699 1034.28 1014.66 80.2056 934.454 53.706 36.7604 880.748 59.589
internal_count=4826 137 4689 478 410 211 4211 4130 331 3799 220 151 3579 242
is_linear=0
shrinkage=0.03


Tree=167
num_leaves=15
num_cat=0
split_feature=7 14 22 21 24 22 1 12 18 19 21 19 14 39
split_gain=5.95802 6.12456 5.66074 6.03629 4.85306 4.75824 4.30181 4.13507 3.81865 3.78083 6.47967 5.13365 6.56308 5.22291
threshold=3.0684986278695541 20.100000000000005 0.57417582417582425 16.426435332998505 0.15384615384615385 0.10555555555555557 51.750000000000007 12.900000000000002 -1.6333333333333331 1.9500000000000002 18.151369303308282 4.7500000000000009 23.700000000000006 1101.99528990884
decision_type=2 10 10 10 8 10 2 10 10 10 8 10 10 2
left_child=2 -2 4 7 6 -3 9 -4 -5 10 -1 13 -13 -11
right_child=1 5 3 8 -6 -7 -8 -9 -10 11 -12 12 -14 -15
leaf_value=-0.00083672435387062687 0.012836063171972827 0.012394055437866482 0.013488501367815035 0.00016175329987274241 -0.0076315187243878521 -0.0015218650734413499 -0.012805227670389318 -0.00068120292068551199 0.014102411953756345 0.01479907883050696 -0.014116173813765644 -0.010841879476734107 0.0039308868353996069 -0.0016892230375514068
leaf_weight=260.14405442774296 56.566217169165611 22.632606983184814 14.76759798824787 26.650531694293022 126.204027146101 106.76061934232712 21.865605250000954 292.64164042472839 48.258247509598732 43.684902906417847 33.018289282917976 35.967770516872406 75.002422302961349 25.356256633996964
leaf_count=1059 232 92 61 109 516 434 89 1191 196 178 135 146 304 103
internal_value=0.000182858 0.00504119 -0.000737918 0.0021173 -0.00249792 0.00128277 -0.00112595 0.000204478 0.00946316 -0.000457991 -0.002544 0.00291618 -0.00111828 0.00903839
internal_weight=1189.52 185.959 1003.56 382.318 621.243 129.393 495.039 307.409 74.9088 473.174 293.162 180.011 110.97 69.0412
internal_count=4845 758 4087 1557 2530 526 2014 1252 305 1925 1194 731 450 281
is_linear=0
shrinkage=0.03


Tree=168
num_leaves=15
num_cat=0
split_feature=20 39 42 19 42 1 21 20 13 39 4 9 20 4
split_gain=3.3361 6.69656 7.86547 3.67263 5.81933 4.87442 5.20628 8.37166 4.49078 4.76408 4.75255 4.8897 4.41803 4.1956
threshold=14.682188755995023 197.65515678535397 5.5000000000000009 -4.6124999999999989 12.500000000000002 40.250000000000007 12.143814049072132 17.142215584206966 29.100000000000005 1355.1810456524684 -46.253390482474394 5.7000000000000002 18.434870093455601 132.02214846965867
decision_type=8 2 10 8 8 2 8 10 8 2 2 8 10 2
left_child=1 2 -1 -2 5 -5 7 -7 9 10 -8 -12 -9 -6
right_child=3 -3 -4 4 13 6 8 12 -10 -11 11 -13 -14 -15
leaf_value=-0.0074718476073729568 0.0074746133574164434 -0.0022171318148603084 0.015650557779278658 0.0091411131024988612 -0.012593664907028276 -0.014288449845996618 0.020169161349494816 0.014772111303872465 -0.0085795649098130231 -0.0040933656885832901 0.0082732444920035307 -0.0075258623934812289 -0.0051517516013770918 0.0039561024309484666
leaf_weight=15.973469004034994 79.639675676822662 699.05816838145256 35.872833609580994 65.452231556177139 40.794067651033401 42.195435777306557 18.928526446223259 14.97170500457287 20.707813769578934 34.864843100309372 68.039177998900414 18.946711197495461 16.293709427118301 16.908941119909286
leaf_count=65 326 2849 146 267 166 171 77 61 85 142 276 77 66 69
internal_value=-0.000215723 -0.00142613 0.0084961 0.00185327 0.000517406 0.00221975 0.000141285 -0.00623273 0.00314094 0.0051001 0.0081745 0.00460996 0.00511022 -0.00781527
internal_weight=1188.65 750.904 51.8463 437.743 358.103 300.4 234.948 73.4609 161.487 140.779 105.914 86.9859 31.2654 57.703
internal_count=4843 3060 211 1783 1457 1222 955 298 657 572 430 353 127 235
is_linear=0
shrinkage=0.03


Tree=169
num_leaves=15
num_cat=0
split_feature=12 11 11 26 4 13 19 13 19 17 42 8 26 8
split_gain=2.45203 5.49867 4.58587 3.95049 3.61064 3.30512 6.72631 3.65472 6.67291 3.02246 4.61295 4.03601 9.14457 6.81633
threshold=16.675000000000004 19.633333333333336 17.100000000000005 -16.176923076923071 78.387052071320696 13.700000000000001 3.2500000000000004 15.500000000000002 -1.0000000180025095e-35 7.5500000000000016 9.5000000000000018 6.7000000000000002 0.51666666666666672 1.7000000000000004
decision_type=10 8 10 10 2 10 10 10 10 10 8 10 8 10
left_child=1 2 4 -3 -1 6 -2 8 -7 11 -11 13 -13 -9
right_child=5 3 -4 -5 -6 7 -8 9 -10 10 -12 12 -14 -15
leaf_value=0.0045593239139719811 0.016416530347079281 0.0047269696835267874 0.010809150472740879 -0.0090334523950368305 -0.011969780404483404 -0.020885355627940562 -0.0062649551243079294 -0.00096827793114925842 0.0013799981771604804 0.0089645043321797124 -0.0043069486631204046 0.0093414984656627047 -0.011171709936379481 0.0059152833737922935
leaf_weight=20.838235020637512 26.267136752605438 19.294800654053688 32.921181380748749 107.00049459934235 17.758904322981834 15.658530890941618 15.451080888509749 553.80963250994682 27.912312060594559 75.080997675657272 29.8757214397192 22.356455817818642 68.735675394535065 163.58201134204865
leaf_count=85 107 80 134 439 73 64 63 2256 114 305 122 91 279 663
internal_value=-0.000155546 -0.00316364 0.00333621 -0.00683125 -0.00354643 0.000453044 0.0082446 7.23076e-05 -0.00794802 0.000496061 0.00516275 -0.000137773 -0.00591311 0.000631413
internal_weight=1196.54 197.814 71.5183 126.295 38.5971 998.73 41.7182 957.011 43.5708 913.44 104.957 808.484 91.0921 717.392
internal_count=4875 811 292 519 158 4064 170 3894 178 3716 427 3289 370 2919
is_linear=0
shrinkage=0.03


Tree=170
num_leaves=15
num_cat=0
split_feature=5 39 39 26 27 26 5 10 24 2 39 1 14 11
split_gain=4.58453 10.093 8.53786 8.83555 6.86296 6.17675 5.87615 5.04744 6.94345 5.11876 5.71448 8.30712 5.9885 6.58782
threshold=0.61157029588229028 1842.9787499682704 1571.9259508083976 -2.6547619047619042 13.500000000000002 -1.7928571428571427 0.5707666139034806 1.7999999999999998 0.057189542483660101 0.60931708932898287 922.22772093410401 46.250000000000007 23.450000000000003 16.300000000000001
decision_type=2 2 2 8 2 8 2 8 8 2 2 2 10 10
left_child=1 2 3 -1 -3 -5 7 8 9 10 12 -12 13 -7
right_child=-2 4 -4 5 -6 6 -8 -9 -10 -11 11 -13 -14 -15
leaf_value=0.0096659577177434387 -0.0027802494559386781 -0.013169694654112609 0.014421118081528003 -0.01635795076497833 0.0050112608123141838 -0.014537338537024703 0.0096301093903738578 0.0074898225104970944 -0.01352015847874768 -0.013224827846801682 0.01394831508746149 -0.0047254956648305245 0.008437156065825244 -0.00098369740536761703
leaf_weight=88.972882851958275 515.33609788119793 63.037762016057968 43.875127792358398 15.949677214026449 22.698334097862244 40.033510312438011 48.565767154097557 49.807010561227798 38.495531916618347 21.612278342247009 50.73423245549202 31.593511343002319 33.310151025652885 116.83242249488831
leaf_count=363 2103 258 179 65 92 163 197 202 157 88 207 129 135 475
internal_value=-0.000669474 0.000973525 0.00241115 0.00130367 -0.00834544 -0.000449563 0.000320014 -0.000971361 -0.00233054 -0.000664463 0.000552033 0.00692193 -0.00231219 -0.00478491
internal_weight=1180.85 665.518 579.782 535.907 85.7361 446.934 430.984 382.419 332.612 294.116 272.504 82.3277 190.176 156.866
internal_count=4813 2710 2360 2181 350 1818 1753 1556 1354 1197 1109 336 773 638
is_linear=0
shrinkage=0.03


Tree=171
num_leaves=15
num_cat=0
split_feature=41 16 21 21 24 26 9 35 24 10 10 41 2 12
split_gain=3.32603 6.63698 4.70674 5.94405 7.64367 4.21973 4.96912 3.81951 10.9495 5.23544 6.71322 6.3603 12.7912 7.18068
threshold=72.500000000000014 -4.0499999999999989 11.506519890914022 12.838743185861992 0.15384615384615385 -3.4833333333333329 -10.299999999999999 1.0000000180025095e-35 -0.53589743589743577 -13.374999999999998 -10.099999999999998 64.500000000000014 0.3932699410786521 17.900000000000002
decision_type=8 8 8 8 8 8 10 2 10 8 10 10 2 10
left_child=7 5 -3 -4 -5 6 -2 -1 -9 -10 -11 12 -12 -13
right_child=1 2 3 4 -6 -7 -8 8 9 10 11 13 -14 -15
leaf_value=0.0024074449508607642 0.0090565698546886397 -0.013895524489955482 0.010582050700577281 0.0006218120375522943 -0.016282879473436856 0.013609950985395219 -0.010026242665028551 0.015234219615087899 -0.013976168110249251 0.012886645905104546 -0.026403940183941089 -0.0090018402831387439 -0.0031487178081103964 0.0071440111113981646
leaf_weight=613.73233178257942 17.945298939943314 45.44937664270401 19.755031332373619 61.973243996500969 34.003735393285751 24.062250375747681 21.522031992673874 27.141930043697357 30.769451275467873 20.898288756608963 20.507252290844917 30.49216565489769 140.55147643387318 78.421014681458473
leaf_count=2500 74 185 80 252 139 98 89 111 125 85 83 126 572 319
internal_value=0.000220287 -0.00302591 -0.00621315 -0.00274566 -0.00587707 0.00492379 -0.00130682 0.000989874 -0.00150332 -0.00312731 -0.00176288 -0.0031106 -0.00681562 0.00242699
internal_weight=1187.22 224.711 161.181 115.732 95.977 63.5296 39.4673 962.514 348.782 321.64 290.87 269.972 161.059 108.913
internal_count=4838 917 656 471 391 261 163 3921 1421 1310 1185 1100 655 445
is_linear=0
shrinkage=0.03


Tree=172
num_leaves=15
num_cat=0
split_feature=26 18 13 18 21 39 42 5 11 20 4 10 20 12
split_gain=2.72855 3.39947 3.25514 5.53386 5.81461 5.27459 4.46695 3.92684 3.77704 4.32986 4.64888 4.71658 4.10404 3.77503
threshold=-12.47222222222222 -0.54999999999999993 29.100000000000005 6.5500000000000007 15.828946620699863 1118.1677279609059 1.0000000180025095e-35 0.28460077079440721 16.300000000000001 10.111874174495863 -7.4113923347749724 -6.299999999999998 14.233121383401853 21.225000000000005
decision_type=8 8 8 10 8 2 10 2 10 8 2 10 10 10
left_child=1 -1 7 5 6 -4 -5 -2 9 -9 12 -12 -11 -10
right_child=2 -3 3 4 -6 -7 -8 8 13 10 11 -13 -14 -15
leaf_value=-0.014651471864239441 0.0078477223121603407 0.00028347312998984806 -0.016150153922960285 0.015575544143875745 -0.011732114822152129 0.0028221678772564428 -0.001650178819756713 0.006972787817704571 0.0031655978731699387 -0.020533941460998965 0.010013917462271508 -0.0071065813271840913 -0.0023060810626861967 -0.00088499190222180227
leaf_weight=21.141262128949165 57.907821342349052 28.468767628073692 40.861643135547638 21.375693783164024 16.373059317469597 16.652389019727707 26.095587491989136 19.180349618196487 352.6731581389904 26.425433725118637 17.712932348251343 35.08272996544838 19.379851430654526 487.96148738265038
leaf_count=89 238 119 168 87 67 68 107 78 1436 108 72 143 79 1981
internal_value=-0.000289342 -0.00683978 2.49761e-05 -0.00451743 0.00157967 -0.0108706 0.00685141 0.000586841 0.000109684 -0.00480783 -0.00732537 -0.000993254 -0.0138078 0.00082303
internal_weight=1187.29 49.61 1137.68 121.358 63.8443 57.514 47.4713 1016.32 958.416 117.781 98.6009 52.7957 45.8053 840.635
internal_count=4840 208 4632 497 261 236 194 4135 3897 480 402 215 187 3417
is_linear=0
shrinkage=0.03


Tree=173
num_leaves=15
num_cat=0
split_feature=14 20 18 21 15 8 25 21 12 25 18 25 8 17
split_gain=3.01765 5.14254 6.18956 5.05591 5.4045 6.34836 5.73771 4.73341 10.6714 4.33954 4.04445 5.05133 5.90366 4.01599
threshold=24.100000000000005 8.8844433327774244 0.55000000000000016 17.188497336405892 -2.5499999999999994 0.50000000000000011 4.1483516483516496 17.553885258309311 18.300000000000001 0.93541666666666679 3.2500000000000004 -5.8397435897435885 -0.89999999999999991 -1.7999999999999992
decision_type=8 8 10 8 10 10 10 10 10 8 8 10 10 10
left_child=3 2 -2 -1 -5 -6 -7 10 -9 -10 -3 13 -13 -12
right_child=1 7 -4 4 5 6 -8 8 9 -11 11 12 -14 -15
leaf_value=0.00028616403892021031 -0.018062670952250497 0.0043793684581263171 0.0053870745101454644 -0.014620253637767647 0.0097837696203853016 -0.018498634174587573 0.0011261351194797999 -0.0070382884168631839 0.029301023849506769 0.0069626754868016266 0.014242635098333314 -0.015836168362401652 0.00018568222646338196 -0.0028667234568829016
leaf_weight=649.03597377240658 18.188101425766945 220.36038398742676 14.778458029031752 40.177447199821472 25.063823819160461 18.654040440917015 29.724093243479729 16.680679500102997 16.758658841252327 18.675945192575455 19.143506929278374 31.065858498215675 48.30930982530117 22.455623880028725
leaf_count=2643 74 898 60 164 102 76 121 69 68 76 78 128 197 92
internal_value=0.000377441 0.00238369 -0.00822542 -0.000752512 -0.00644778 -0.00132998 -0.00746492 0.00336467 0.0113771 0.0198444 0.00199474 -0.00235038 -0.0066518 0.00569022
internal_weight=1189.07 426.417 32.9666 762.655 113.619 73.442 48.3781 393.45 52.1153 35.4346 341.335 120.974 79.3752 41.5991
internal_count=4846 1740 134 3106 463 299 197 1606 213 144 1393 495 325 170
is_linear=0
shrinkage=0.03


Tree=174
num_leaves=15
num_cat=0
split_feature=39 3 41 4 18 24 39 4 21 7 12 26 18 24
split_gain=3.31436 7.93858 5.61871 4.8517 4.71175 4.65208 3.91417 6.09704 4.37924 4.99757 7.01226 10.0118 5.4107 5.33976
threshold=1808.0472951462391 0.024840232257265508 51.500000000000007 127.24180232222706 -1.9499999999999997 0.071428571428571494 1571.9259508083976 78.387052071320696 13.187746755709068 0.73473556799393525 26.700000000000006 -3.3693181818181812 -1.0000000180025095e-35 0.21783088235294121
decision_type=2 2 8 2 8 8 2 2 8 2 10 10 10 10
left_child=6 2 -2 5 -3 -4 8 -8 9 -1 11 12 -11 -13
right_child=1 4 3 -5 -6 -7 7 -9 -10 10 -12 13 -14 -15
leaf_value=0.0046086341692738349 0.012340546713665006 1.216808824128699e-05 -0.00133183237844447 0.0079356284792343867 -0.01825990416710295 -0.018832904951778032 0.013757484503701589 -0.0039322653274282485 -0.0019028256092125631 -0.01472046649534178 -0.012796344356254144 0.0037796287667345324 0.0012934462122915196 0.021998734922933003
leaf_weight=277.57900866866112 23.729738429188728 18.173635825514793 40.21091927587986 21.375781312584877 37.13021944463253 16.39635443687439 41.437563464045525 25.25867848098278 515.40906196832657 32.94039498269558 35.41645810008049 63.75920532643795 36.535324916243553 14.959060266613958
leaf_count=1130 97 74 164 87 151 67 169 103 2104 134 144 259 149 61
internal_value=-0.000132247 -0.00412508 0.000943469 -0.00305918 -0.0127523 -0.00751809 0.000485487 0.00725113 -1.11508e-05 0.00210065 -0.00171253 0.00126755 -0.00677773 0.00834893
internal_weight=1200.31 157.017 101.713 77.9831 55.3039 56.6073 1043.29 66.6962 976.599 461.189 183.61 148.194 69.4757 78.7183
internal_count=4893 640 415 318 225 231 4253 272 3981 1877 747 603 283 320
is_linear=0
shrinkage=0.03


Tree=175
num_leaves=15
num_cat=0
split_feature=15 22 14 4 4 16 12 20 14 14 4 23 18 41
split_gain=3.57625 5.47536 4.34082 7.06684 5.76086 4.29335 5.74071 4.85153 8.15462 4.28002 5.48439 5.56346 5.58299 5.5161
threshold=-5.8499999999999988 0.62019230769230782 26.500000000000004 84.829480402906498 188.78791684936189 -0.35416666666666657 21.675000000000004 14.486775253811951 23.100000000000005 21.300000000000001 114.42869851091872 0.69615384615384623 -1.7499999999999998 67.500000000000014
decision_type=10 8 10 2 2 10 10 8 10 10 2 8 10 10
left_child=-1 2 5 -4 -5 7 -7 -2 -9 -3 11 -11 -13 -12
right_child=1 9 3 4 -6 6 -8 8 -10 10 13 12 -14 -15
leaf_value=0.004116977425608799 -0.010884004486079827 0.0054264488866775807 0.0096764778997967399 -0.010783155748714404 0.0064916151203476685 0.0050917983174633566 -0.0040644398842546057 0.01102113542558961 -0.01000465342872617 -0.013293402936027113 -0.0021719431519621221 -0.01062076209454957 0.009202184823677512 0.0093873568784958276
leaf_weight=190.57538314163685 109.89619226753712 196.86193953454494 59.986573725938797 39.185036838054657 24.377472713589668 83.890380084514618 196.9731934517622 26.293821260333061 30.360242992639542 43.438785791397095 79.637405768036842 16.413662612438202 26.874075904488564 62.303557008504868
leaf_count=778 449 801 244 161 100 341 803 107 123 178 325 67 109 255
internal_value=0.000407617 -0.000318796 -0.00223036 0.00266897 -0.00416768 -0.00359781 -0.00128836 -0.00734131 -0.000143925 0.0022422 -0.000556602 -0.00630172 0.00136436 0.00304867
internal_weight=1187.07 996.492 570.963 123.549 63.5625 447.414 280.864 166.55 56.6541 425.529 228.667 86.7265 43.2877 141.941
internal_count=4841 4063 2328 505 261 1823 1144 679 230 1735 934 354 176 580
is_linear=0
shrinkage=0.03


Tree=176
num_leaves=15
num_cat=0
split_feature=35 5 27 1 10 17 12 13 27 41 11 17 22 21
split_gain=3.78327 7.44048 4.77685 8.416 4.63961 10.8828 7.88894 5.55625 6.99524 5.37277 5.34321 4.38346 4.36059 4.26574
threshold=1.0000000180025095e-35 0.6184207038930607 12.500000000000002 42.250000000000007 -14.099999999999998 -5.7499999999999982 22.633333333333336 22.900000000000002 13.500000000000002 64.500000000000014 21.900000000000002 -10.749999999999998 0.67261904761904778 14.297629930107012
decision_type=2 2 2 2 8 8 10 10 2 8 10 10 8 10
left_child=-1 4 3 12 11 -6 9 8 -8 -7 13 -2 -3 -11
right_child=1 2 -4 -5 5 6 7 -9 -10 10 -12 -13 -14 -15
leaf_value=0.0013707683789646002 0.0017020323917740136 -0.006966501716665627 -0.00094568840308577881 -0.016864599722070946 0.017111342592861442 -0.014424828292927091 -0.0087402814549842403 0.016803666808987438 0.013109356609660935 -0.015979952196422474 0.012662972538844025 -0.01494170476691987 0.011262556116193822 0.0039013205548285618
leaf_weight=752.20452456176281 27.92122820019722 24.249402850866318 79.458259388804436 65.468390122056007 36.543235212564468 35.113698974251747 27.437033534049988 25.392257153987885 17.222205385565758 14.758714124560358 15.556436926126478 22.260319918394089 14.81583911180496 16.02596652507782
leaf_count=3067 114 99 324 269 148 143 112 103 70 60 63 91 61 66
internal_value=9.7605e-05 -0.00216008 -0.00660812 -0.0106726 0.00134048 0.00350858 -0.000214244 0.00690874 0.000157272 -0.00638532 0.000517934 -0.00636594 0.000440506 -0.00653113
internal_weight=1174.43 422.223 183.992 104.534 238.231 188.05 151.506 70.0515 44.6592 81.4548 46.3411 50.1815 39.0652 30.7847
internal_count=4790 1723 753 429 970 765 617 285 182 332 189 205 160 126
is_linear=0
shrinkage=0.03


Tree=177
num_leaves=15
num_cat=0
split_feature=14 23 14 16 41 25 8 14 2 23 11 25 15 20
split_gain=2.9302 4.59573 3.7455 6.96153 3.55127 2.89986 4.11189 7.49629 8.77774 7.38454 7.28473 10.8954 9.21196 6.23738
threshold=14.500000000000002 0.69615384615384623 16.300000000000001 3.0500000000000003 50.500000000000007 11.029411764705884 1.3 18.900000000000002 0.58984493845821373 0.25833333333333336 22.675000000000004 -4.2111111111111104 0.95000000000000007 15.92778838866597
decision_type=10 8 10 10 10 10 8 10 2 8 10 10 10 10
left_child=1 -1 3 -2 -5 6 10 8 -8 -9 12 -12 13 -4
right_child=2 -3 5 4 -6 -7 7 9 -10 -11 11 -13 -14 -15
leaf_value=-0.014162676583193789 -0.0064464387091378011 2.9469440763785735e-05 0.0035986298831179719 -0.00032711412857594431 0.016068859540028256 -0.006711575399426772 0.0056144181975110313 -0.0053296548296042643 -0.015362060078750621 0.0061804623442329593 0.0049955179252258288 -0.014029733964058235 -0.010319025865191546 -0.0049559198440701181
leaf_weight=31.091102242469788 24.883285343647003 47.595958650112152 308.92700929939747 16.179068192839622 37.875058621168137 63.777916759252548 27.28367979824543 57.977764710783958 38.046899378299713 256.73052467405796 35.944313392043114 83.722759604454041 64.073161825537682 96.789818540215492
leaf_count=127 101 195 1259 66 155 261 111 239 155 1043 147 343 261 394
internal_value=-0.000675334 -0.00608931 -0.000266766 0.00583035 0.0115492 -0.000758392 -0.000334338 0.00208273 -0.00682541 0.0040098 -0.00189709 -0.00834397 -0.00018434 0.00152233
internal_weight=1190.9 78.6871 1112.21 78.9374 54.0541 1033.27 969.496 380.039 65.3306 314.708 589.457 119.667 469.79 405.717
internal_count=4857 322 4535 322 221 4213 3952 1548 266 1282 2404 490 1914 1653
is_linear=0
shrinkage=0.03


Tree=178
num_leaves=15
num_cat=0
split_feature=11 13 7 3 19 7 15 21 1 12 12 7 1 15
split_gain=3.51098 6.31067 6.04927 5.5049 4.47294 5.0167 3.20712 8.62292 5.92938 4.50318 8.34601 4.10033 4.05355 8.74517
threshold=16.300000000000001 24.700000000000006 -0.46490858784154149 0.024367206778435738 -2.0499999999999994 -0.62796971552023029 8.2500000000000018 14.125823442268905 46.750000000000007 34.70000000000001 32.900000000000006 -0.43073758407806068 40.250000000000007 -0.68333333333333324
decision_type=8 10 2 2 10 2 10 10 2 10 10 2 2 8
left_child=1 3 -3 -1 -5 -6 9 8 -8 10 12 -9 13 -2
right_child=6 2 -4 4 5 -7 7 11 -10 -11 -12 -13 -14 -15
leaf_value=-0.017963782997872737 -0.0034639152811484016 -0.008807019235507604 0.0090398935898170843 0.006158616595853132 0.0039069471204947167 -0.01504685138018967 0.0085803387884205128 -0.0020127025002267987 -0.010134886075283853 -0.012265024709112804 0.01909964877899557 -0.021561239426071927 0.00011218389550562376 0.010425241988695599
leaf_weight=31.359597280621529 62.275139346718788 21.168536588549614 45.521417260169983 25.004813268780708 16.940672188997269 29.971187204122543 43.259292155504227 16.631582155823708 17.492484152317047 16.735091865062714 18.812778323888779 22.452298030257225 726.30628567934036 103.28103776276112
leaf_count=129 254 87 186 102 69 122 177 68 71 68 77 93 2958 422
internal_value=2.84167e-05 -0.00390139 0.00315583 -0.00839383 -0.00332434 -0.00848525 0.000694383 -0.00428596 0.00283068 0.00125063 0.00156461 -0.0144144 0.00109031 0.00525235
internal_weight=1197.21 169.966 66.69 103.276 71.9167 46.9119 1027.25 99.8357 60.7518 927.41 910.675 39.0839 891.862 165.556
internal_count=4883 695 273 422 293 191 4188 409 248 3779 3711 161 3634 676
is_linear=0
shrinkage=0.03


Tree=179
num_leaves=15
num_cat=0
split_feature=7 7 14 7 3 29 39 20 20 8 25 7 5 4
split_gain=2.84483 5.04185 5.65512 4.21391 7.9883 5.67192 5.59714 4.91292 5.6811 5.48351 4.78844 5.42642 4.7739 4.22493
threshold=1.9404113785448547 2.0815432287255189 17.633333333333336 0.03602684393180889 0.025177278803792173 7.5000000000000009 1085.6334291812041 11.899813254882025 14.072234272747798 1.0000000180025095e-35 -3.5916666666666663 -0.53692558748386532 0.64076124139184265 111.41790978394319
decision_type=2 2 10 2 2 2 2 10 10 10 10 2 2 2
left_child=3 -2 -3 10 6 -6 7 12 9 -9 11 13 -5 -1
right_child=1 2 -4 4 5 -7 -8 8 -10 -11 -12 -13 -14 -15
leaf_value=0.0038948699361042835 0.016226268896444903 0.0099936291878459718 -0.00054505806906056777 -0.0039595817384031782 -0.01598248942351365 0.0033771588248820528 0.0068010747648320317 -0.026804414234058993 -0.0015823033041050657 -0.0028235520226523019 -0.0011292238595660077 0.015012160074666044 0.014352313743788198 -0.0097398857351531937
leaf_weight=145.44538044929504 17.841186329722404 52.003943309187889 231.40980641543865 26.466121792793274 57.538643881678581 15.440115451812742 59.170792132616043 16.565026879310608 55.458413735032082 16.439198911190033 429.2759071290493 31.221363365650177 17.235412389039993 18.824824556708336
leaf_count=594 73 214 943 108 234 63 242 68 226 67 1749 127 70 77
internal_value=0.000154738 0.00264958 0.00152843 -0.0007007 -0.00383851 -0.0119327 -0.000525983 -0.0039347 -0.00785593 -0.0168027 0.000646715 0.00447737 0.00399447 0.00209082
internal_weight=1190.34 301.255 283.414 889.081 264.314 72.9788 191.335 132.164 88.4626 33.0042 624.767 195.492 43.7015 164.27
internal_count=4855 1230 1157 3625 1078 297 781 539 361 135 2547 798 178 671
is_linear=0
shrinkage=0.03


Tree=180
num_leaves=15
num_cat=0
split_feature=18 4 10 13 18 24 16 25 12 18 10 7 5 15
split_gain=3.73242 3.18085 7.60641 4.00401 6.17549 6.80246 4.91757 4.34739 4.05167 3.74277 4.98812 5.02806 4.67989 5.35156
threshold=13.550000000000002 -50.345716259327666 -2.6000000000000001 22.266666666666669 5.9500000000000011 -0.2696969696969696 3.8500000000000001 -5.7207792207792201 23.900000000000002 -6.4499999999999993 0.59999999999999998 -0.3981158221243048 0.51482767930282358 6.3500000000000005
decision_type=10 2 8 10 10 10 10 10 10 8 10 2 2 8
left_child=1 2 3 7 5 6 8 -1 -5 10 -3 -12 13 -11
right_child=-2 9 -4 4 -6 -7 -8 -9 -10 12 11 -13 -14 -15
leaf_value=0.0058747040536124128 0.010185466746250581 -0.0036508593581080209 0.013796065464525187 -0.011453420181624209 -0.007983231865810585 0.016070250094935932 0.0086987459549487615 -0.010984852826865467 0.003476001978280486 -0.0043667382682052967 0.017288036742146372 0.00046916862746571405 -0.00088918503417811489 -0.021324534496796551
leaf_weight=15.731307893991469 25.297062754631042 42.537371695041656 39.044442638754845 28.676307901740074 34.648434340953827 34.144182249903679 39.853621602058411 42.304964810609818 28.338436245918274 136.34040795266628 28.656536564230919 31.036431834101677 658.27141866087914 14.971727252006529
leaf_count=64 103 173 159 117 142 139 165 172 115 555 117 127 2686 61
internal_value=-0.000212792 -0.000478971 0.00240034 0.000153182 0.00253649 0.00550981 0.00118139 -0.00631141 -0.00435097 -0.00131722 0.00396539 0.00925545 -0.00200453 -0.00667309
internal_weight=1199.85 1174.56 262.742 223.697 165.661 131.013 96.8684 58.0363 57.0147 911.814 102.23 59.693 809.584 151.312
internal_count=4895 4792 1073 914 678 536 397 236 232 3719 417 244 3302 616
is_linear=0
shrinkage=0.03


Tree=181
num_leaves=15
num_cat=0
split_feature=8 23 24 26 26 25 15 21 21 21 12 42 9 42
split_gain=4.53305 4.15078 4.942 5.40956 5.17226 4.12029 4.90043 7.33622 5.25725 4.01565 4.94442 3.51777 3.51618 7.44475
threshold=-6.8999999999999995 0.2752525252525253 -0.099999999999999992 -2.4807692307692304 -2.0333333333333328 -3.5916666666666663 1.8500000000000003 10.93668647768194 16.009372239982152 8.2522724143111166 23.633333333333336 5.5000000000000009 -3.6999999999999997 13.500000000000002
decision_type=10 8 10 8 10 8 10 10 10 10 8 10 10 10
left_child=1 11 3 -3 -4 6 7 -2 -9 10 -7 -1 13 -11
right_child=5 2 4 -5 -6 9 -8 8 -10 12 -12 -13 -14 -15
leaf_value=0.011383562734593695 -0.0056681929319115582 0.0094482453149838455 -0.023262770744440133 -0.0053308247875533694 -0.0018481143249705438 -0.00058278330175106914 -0.0038903417719790847 0.016269883215852772 1.2830180061695093e-05 0.00022212764552228799 0.018585489612878869 -0.0038368178979255141 -0.002061234112876266 0.015762993948229196
leaf_weight=22.446277871727943 23.819395899772644 21.63544674217701 20.878995567560196 140.25019742548466 18.238309845328331 25.871918305754662 37.064490124583244 64.246393740177155 24.155669704079628 203.05097612738609 17.296308606863022 23.48965747654438 521.99319894611835 27.160048678517342
leaf_count=92 97 88 86 573 75 106 151 263 99 831 70 97 2123 111
internal_value=-0.000251701 -0.00382824 -0.00566793 -0.00313176 -0.0146193 0.00069846 0.00518521 0.00822077 0.0120662 -0.000170805 0.00822941 0.00398789 -0.000704042 0.00235173
internal_weight=1191.6 246.939 201.003 161.886 39.1173 944.658 149.286 112.221 88.4021 795.372 43.1682 45.9359 752.204 230.211
internal_count=4862 1011 822 661 161 3851 610 459 362 3241 176 189 3065 942
is_linear=0
shrinkage=0.03


Tree=182
num_leaves=15
num_cat=0
split_feature=15 8 7 5 15 18 29 15 15 21 9 0 1 8
split_gain=3.71236 5.78393 6.06806 5.61475 4.78318 6.19461 4.24806 4.61933 6.80965 5.74105 4.09901 6.19542 3.85436 5.43047
threshold=-3.2499999999999996 -3.7749999999999995 -1.4400869051803509 0.50315432268159721 -4.9499999999999993 -1.7499999999999998 6.5000000000000009 -6.0499999999999989 -5.1499999999999995 12.457483216659888 3.5000000000000004 -2.2499999999999996 37.750000000000007 1.7000000000000004
decision_type=8 10 2 2 10 10 2 10 10 10 10 2 2 10
left_child=3 2 -2 4 -1 -6 -5 -8 -9 -10 11 -4 13 -3
right_child=1 12 10 6 5 -7 7 8 9 -11 -12 -13 -14 -15
leaf_value=-0.0022079333678260748 0.016814867097719281 -0.014678846006502188 0.014951568535258216 0.013388678383604986 0.0024767624232252738 -0.019178702548295165 0.0051583915900974423 -0.018084396998900718 0.011436738401688441 -0.006506438880858275 -0.0068255489790579804 -0.002849188111014036 0.0014834884691767945 0.00094658092337454136
leaf_weight=118.93218152225018 38.216329246759415 28.666583582758904 32.461858496069908 19.854162976145744 15.371272489428518 35.35561615228653 74.515575602650642 19.898487344384193 21.617561459541321 35.457541242241859 23.867539033293724 30.637655675411224 639.53406845033169 47.998819753527641
leaf_count=486 156 117 132 81 63 145 304 82 88 145 98 125 2606 196
internal_value=0.000704956 0.00177267 0.00759095 -0.00191704 -0.00570911 -0.0129832 0.00189316 6.91367e-06 -0.00499052 0.000663447 0.00284383 0.0067339 0.000710122 -0.00543705
internal_weight=1182.39 841.383 125.183 341.002 169.659 50.7269 171.343 151.489 76.9736 57.0751 86.9671 63.0995 716.199 76.6654
internal_count=4824 3430 511 1394 694 208 700 619 315 233 355 257 2919 313
is_linear=0
shrinkage=0.03


Tree=183
num_leaves=15
num_cat=0
split_feature=26 30 25 26 20 16 42 25 9 23 26 4 39 39
split_gain=3.11567 2.93144 4.52992 7.14516 5.36893 3.93605 7.09756 5.82228 4.37858 5.56101 3.83774 3.82639 10.7918 5.9585
threshold=-16.176923076923071 2.5000000000000004 -0.19090909090909089 0.83974358974358987 12.661841186108063 4.0500000000000007 13.500000000000002 -14.354166666666666 5.9000000000000012 0.74342105263157909 0.41421568627450983 -97.694397569797033 938.24961952166075 1532.0053152484131
decision_type=8 2 8 10 10 10 10 8 10 10 10 2 2 2
left_child=-1 5 10 -4 -5 7 -7 -2 11 -10 -3 12 -9 -13
right_child=1 2 3 4 -6 6 -8 8 9 -11 -12 13 -14 -15
leaf_value=0.0098597548938564664 0.011467333379149959 -0.010549320991340289 0.018191318756519581 -0.01230767111526865 0.0084952282638134161 0.0038599428635889394 -0.011111828668429781 0.0014294887129225012 -0.016921888856851815 -0.00057884997375663597 0.0049651754226820149 -0.0025078183890616512 -0.022953390240910105 0.0047667401445324626
leaf_weight=21.183374762535095 22.552374109625816 23.772346645593643 30.638546913862228 14.958251878619192 20.374047413468361 231.62114286422729 27.523031145334244 38.248242110013962 36.158738180994987 35.072114914655685 24.30442088842392 530.62615133821964 22.82848596572876 120.16713671386242
leaf_count=89 92 97 125 61 83 945 112 156 147 143 99 2165 93 490
internal_value=-0.000379209 -0.000604064 0.00386571 0.00871105 -0.000745836 -0.00109864 0.00208959 -0.00213072 -0.0025926 -0.00944079 -0.00297733 -0.00184629 -0.00873129 -0.00113849
internal_weight=1200.03 1178.85 114.048 65.9708 35.3323 1064.8 259.144 805.653 783.101 71.2309 48.0768 711.87 61.0767 650.793
internal_count=4897 4808 465 269 144 4343 1057 3286 3194 290 196 2904 249 2655
is_linear=0
shrinkage=0.03


Tree=184
num_leaves=15
num_cat=0
split_feature=19 42 19 25 2 9 12 20 39 24 24 11 25 23
split_gain=4.46675 5.94909 3.8052 3.56875 5.97642 5.64831 3.87353 4.31233 3.72132 2.78263 6.44344 6.29718 6.97898 5.96585
threshold=9.6333333333333346 2.5000000000000004 12.750000000000002 -8.2403846153846132 0.3336818562615792 0.70000000000000007 23.300000000000001 16.448741618004174 673.99535131197706 0.16789215686274514 0.22902097902097904 18.900000000000002 2.0333333333333337 0.19375000000000003
decision_type=10 8 10 8 2 10 10 10 2 10 10 8 10 10
left_child=3 -2 -3 4 5 -1 7 -6 -7 -5 -11 -12 13 -13
right_child=1 2 -4 9 6 8 -8 -9 -10 10 11 12 -14 -15
leaf_value=0.015806639293363931 -0.0053504817601586693 0.016834229447077811 0.0015393002563906665 0.0010911673045096693 -0.01669120689649848 -0.01296411445607446 0.0028486245277862779 0.00061074307599095969 0.0039236248884751213 -0.012267610662064532 0.011642561179480166 0.00012192475423425991 0.00055405713253266588 -0.021684835501643095
leaf_weight=14.751427769660948 24.506587594747543 35.548290640115738 24.623500034213066 681.65202437341213 51.59956331551075 15.664735049009321 15.775053113698958 16.370097205042839 23.301715105772018 44.535847529768944 28.95990277826786 19.312863051891327 168.90279400348663 21.996307983994484
leaf_count=60 100 145 100 2777 212 64 64 67 96 182 118 80 692 90
internal_value=-8.04678e-05 0.00635966 0.0111735 -0.000601434 -0.00503384 0.00264569 -0.00983138 -0.0127678 -0.0035676 5.24052e-05 -0.00241906 -0.000371516 -0.00225868 -0.0125773
internal_weight=1187.5 84.6784 60.1718 1102.82 137.463 53.7179 83.7447 67.9697 38.9665 965.36 283.708 239.172 210.212 41.3092
internal_count=4847 345 245 4502 563 220 343 279 160 3939 1162 980 862 170
is_linear=0
shrinkage=0.03


Tree=185
num_leaves=15
num_cat=0
split_feature=19 25 25 24 39 12 9 21 25 1 12 28 20 14
split_gain=4.11228 4.95191 6.79001 4.54435 7.2013 7.11587 7.03142 7.01623 7.58777 6.25872 7.14301 6.49703 5.78598 5.64219
threshold=4.4500000000000011 -7.9666666666666659 -10.547916666666664 0.16789215686274514 1505.5882577139103 24.100000000000005 1.1000000000000003 12.94453967436187 -3.1937499999999996 38.750000000000007 17.300000000000001 6.5000000000000009 12.212243382083924 21.900000000000002
decision_type=10 8 10 10 2 8 10 8 8 2 10 2 8 10
left_child=1 2 -1 4 9 6 12 8 -6 10 -3 -11 -5 -9
right_child=-2 3 -4 5 7 -7 -8 13 -10 11 -12 -13 -14 -15
leaf_value=-0.00058820896113673325 0.0027783107505117938 0.0039681181196367177 -0.014989915100167126 -0.011248365240403456 -0.015364493205691403 -0.016711617968541898 0.011156526350274591 0.0062072342800556261 0.0070932338666158624 -0.0083597814427794452 -0.014531371734067914 0.0027191495680885217 -3.3832916098539581e-05 0.025486183263088814
leaf_weight=67.758805811405182 299.7630525380373 26.13164409995079 47.721777588129044 58.759550094604492 15.442150861024855 28.298862159252167 27.727520659565926 39.080446839332581 35.125634610652924 51.275444522500038 48.772843480110168 307.27457197010517 118.18480889499187 20.681396305561066
leaf_count=278 1221 107 196 241 63 116 113 160 143 209 199 1251 485 84
internal_value=-0.000233575 -0.00125532 -0.00691474 -0.000375084 0.00112884 -0.00383539 -0.001699 0.00779224 -0.000530213 -0.000636755 -0.00823307 0.00104159 -0.00396472 0.0143316
internal_weight=1192 892.235 115.481 776.755 543.784 232.971 204.672 110.33 50.5678 433.455 74.9045 358.55 176.944 59.7618
internal_count=4866 3645 474 3171 2216 955 839 450 206 1766 306 1460 726 244
is_linear=0
shrinkage=0.03


Tree=186
num_leaves=15
num_cat=0
split_feature=2 39 22 39 25 2 18 11 19 4 19 14 18 41
split_gain=2.88264 5.18974 5.81843 5.04189 4.63499 3.83812 5.42437 7.90549 4.95903 4.87912 4.81473 4.47727 4.69385 3.41897
threshold=0.29094526999640613 558.69389681433574 0.11324786324786326 312.99475277887353 -9.4722222222222197 0.39645010412498688 -1.9499999999999997 16.300000000000001 11.050000000000002 -143.00096283788579 12.750000000000002 24.900000000000002 4.7500000000000009 40.500000000000007
decision_type=2 2 10 2 10 2 10 8 10 2 10 10 10 8
left_child=1 3 -3 -1 -4 6 7 -2 13 -8 -10 12 -11 -7
right_child=5 2 4 -5 -6 8 9 -9 10 11 -12 -13 -14 -15
leaf_value=0.0071321829995924209 -0.007793053522564538 -0.005322488307836654 0.025912135523276088 -0.012722653568457932 0.0064136134589107162 0.0048973643131778695 0.0040608099003103266 0.012709109658705886 0.020172730269584813 -0.0071161224423947718 0.00081926929205116458 0.0014930893638194934 -0.024417622577705238 -0.00061224290383779707
leaf_weight=17.327007710933685 28.581206351518631 14.592835158109663 16.00720639526844 19.403203427791595 33.037039428949356 111.40278607606888 20.059954851865768 29.483013793826103 17.382140666246414 39.275901600718498 24.866370424628258 17.738795042037964 24.287092089653015 779.85051964223385
leaf_count=71 117 60 66 79 136 454 82 120 71 160 101 72 99 3184
internal_value=0.00031743 0.00505641 0.00996566 -0.00362407 0.0145861 -0.000138812 -0.00436629 0.0027995 0.000602583 -0.00840978 0.0100739 -0.0115437 -0.0150255 9.99134e-05
internal_weight=1193.3 100.367 63.6371 36.7302 49.0442 1092.93 159.426 58.0642 933.502 101.362 42.2485 81.3018 63.563 891.253
internal_count=4872 412 262 150 202 4460 650 237 3810 413 172 331 259 3638
is_linear=0
shrinkage=0.03


Tree=187
num_leaves=15
num_cat=0
split_feature=14 17 25 11 11 11 13 15 14 1 14 3 20 10
split_gain=3.47204 4.7636 4.73522 5.04885 4.85251 5.44938 4.74173 5.512 8.0133 7.63715 5.10919 4.86963 4.64567 7.48803
threshold=14.500000000000002 -14.049999999999999 -15.121428571428568 16.300000000000001 15.300000000000002 14.500000000000002 29.100000000000005 0.65000000000000002 16.100000000000005 52.250000000000007 25.700000000000006 0.042192148237230283 13.880842113423007 15.900000000000002
decision_type=8 8 8 8 10 10 10 8 8 2 10 2 8 10
left_child=-1 -2 -3 4 5 -4 7 9 -9 11 -8 -5 13 -10
right_child=1 2 3 6 -6 -7 10 8 12 -11 -12 -13 -14 -15
leaf_value=-0.0060049117972882007 0.010015311668693346 0.011617716168780354 -0.0058146358228657186 0.0058822481083460687 -0.01384350123810699 0.010073004926399868 -0.011806643737385079 0.012382683349589856 -0.0067821257010745465 -0.013747122338692666 0.003605730120305219 -0.0083000969044232237 0.0012794581478622067 0.0083280684751504616
leaf_weight=72.823112323880196 40.876881912350655 26.431472823023796 65.854070618748665 328.67261630296707 38.950215861201286 21.854383170604706 48.475879818201065 33.029537871479988 210.02088230848312 15.957450792193411 27.362558037042618 19.014270290732384 211.1217678040266 29.870972529053688
leaf_count=298 168 108 270 1339 159 89 200 135 855 65 113 77 860 124
internal_value=0.000123462 0.000547796 0.000143698 -0.000198767 -0.00569587 -0.00152614 0.000581756 0.00123709 -0.000859769 0.00400201 -0.00636677 0.00499997 -0.0019547 -0.00476901
internal_weight=1190.32 1117.49 1076.62 1050.18 126.659 87.7085 923.526 847.687 484.043 363.644 75.8384 347.687 451.014 239.892
internal_count=4860 4562 4394 4286 518 359 3768 3455 1974 1481 313 1416 1839 979
is_linear=0
shrinkage=0.03


Tree=188
num_leaves=15
num_cat=0
split_feature=22 41 15 44 9 16 24 7 42 7 12 12 12 10
split_gain=4.16129 6.04647 5.07123 5.91089 4.72323 6.31137 11.089 5.56163 8.80283 5.19564 5.11839 5.08585 4.94522 4.65131
threshold=0.87867647058823539 38.500000000000007 -4.2499999999999991 1.0000000180025095e-35 1.0000000180025095e-35 0.25000000000000006 0.28623949579831937 0.33699468902289026 11.500000000000002 -3.331813310087659 18.900000000000002 19.300000000000001 26.900000000000002 1.2
decision_type=8 10 8 2 8 10 8 2 10 2 10 10 10 8
left_child=4 -2 -3 -4 5 9 -7 8 10 11 -6 -1 -10 -12
right_child=1 2 3 -5 7 6 -8 -9 12 -11 13 -13 -14 -15
leaf_value=-0.015519954557397851 -0.011666555139507052 -0.0073548549109178256 0.010924551352362113 -0.0049954969495469171 -0.017764744879074045 0.014382908120452677 -0.0099378331330981923 0.00043752738109392915 -0.022243021455459318 0.00085241907487238779 -0.0040446275190612465 0.0015319041585507404 -0.0026592217251004816 0.00628583817852949
leaf_weight=32.567716136574745 15.190944090485571 18.495035633444786 106.2498619556427 22.761449038982391 14.89182326197624 61.051478832960129 18.69684961438179 222.0864876806736 35.048202157020569 353.20116284489632 173.10016918182373 25.676158025860786 18.457020297646523 45.550803974270821
leaf_count=135 62 76 434 93 61 248 76 908 143 1443 706 105 75 185
internal_value=-0.000391834 0.00398522 0.00592677 0.00803419 -0.00112002 0.000975019 0.00843105 -0.00313105 -0.00585225 -0.00055402 -0.00316911 -0.00847602 -0.0162921 -0.0018001
internal_weight=1163.03 162.697 147.506 129.011 1000.33 491.193 79.7483 509.135 287.048 411.445 233.543 58.2439 53.5052 218.651
internal_count=4750 665 603 527 4085 2007 324 2078 1170 1683 952 240 218 891
is_linear=0
shrinkage=0.03


Tree=189
num_leaves=15
num_cat=0
split_feature=18 41 28 21 39 23 13 24 28 3 24 16 16 28
split_gain=3.52889 3.02507 5.40837 4.31419 4.11589 5.2296 4.1863 3.41763 2.76507 4.34716 3.45376 7.47877 6.7189 4.46935
threshold=13.550000000000002 72.500000000000014 8.5000000000000018 18.332424209864659 421.72524935736459 0.32738095238095244 19.900000000000002 0.090909090909090912 6.5000000000000009 0.024367206778435738 0.30914918414918424 -3.8499999999999992 1.5500000000000003 13.500000000000002
decision_type=10 8 2 10 2 10 10 8 2 2 10 8 10 2
left_child=1 8 3 4 7 6 -6 -3 9 -1 13 -12 -13 -10
right_child=-2 2 -4 -5 5 -7 -8 -9 10 -11 11 12 -14 -15
leaf_value=0.003571440671130749 0.0098720447085060663 0.011447587313606291 0.0089366679387386534 0.0073359489195317738 0.0085343070130069424 -0.01268011469475404 -0.0069523817346364555 -0.005931320979799334 0.00051962942782927913 -0.0075913004751680451 -0.0029489218973657097 0.017883359595929342 -0.0010889886351812153 -0.0080259066977582706
leaf_weight=43.279543161392212 23.541321352124214 14.955214977264403 22.067778542637825 17.619435623288155 20.046679854393005 99.941312685608864 37.372164845466614 16.286786451935772 625.44325290620327 89.970630541443825 55.580266416072845 43.786284863948822 24.787843748927116 55.359360247850418
leaf_count=176 96 61 90 72 82 408 154 67 2551 367 229 179 101 226
internal_value=-0.000555392 -0.000807066 -0.00386425 -0.0054132 -0.00676294 -0.00869363 -0.00129498 0.00281939 -4.66358e-05 -0.00396761 0.000622917 0.00512083 0.0114174 -0.000228698
internal_weight=1190.04 1166.5 228.289 206.222 188.602 157.36 57.4188 31.242 938.207 133.25 804.957 124.154 68.5741 680.803
internal_count=4859 4763 934 844 772 644 236 128 3829 543 3286 509 280 2777
is_linear=0
shrinkage=0.03


Tree=190
num_leaves=15
num_cat=0
split_feature=7 19 42 23 22 13 7 20 28 11 22 19 21 7
split_gain=3.63984 6.70366 5.19213 4.35482 5.11137 5.28151 7.92425 4.2606 4.22781 4.13332 4.07219 6.2313 4.34207 3.96352
threshold=3.0684986278695541 -6.8499999999999988 12.500000000000002 0.12916666666666668 0.84807692307692317 22.675000000000004 -0.092762673021602446 10.722250957369829 7.5000000000000009 20.633333333333336 0.41987179487179493 -0.6499999999999998 12.76105185493908 -3.1524068748302936
decision_type=2 10 10 10 10 10 2 10 2 10 10 10 10 2
left_child=3 -2 8 4 5 7 9 -1 10 -7 12 -12 -3 -5
right_child=1 2 -4 13 -6 6 -8 -9 -10 -11 11 -13 -14 -15
leaf_value=3.5584394163315292e-05 0.019249980148278441 0.0018543550541801404 -0.010314496367260095 -0.0038034073843943202 0.0075749355586345393 -0.0033184043638354883 -0.014289197323306965 -0.01850369725218743 -0.0065223252910749175 0.015393112259710776 -0.011031846977717061 0.0072262359726842579 0.018567185443710641 0.0014308321664028888
leaf_weight=14.773961901664732 18.580262377858162 24.668909177184105 21.306706756353378 153.74242113530636 19.288222000002861 16.558670893311501 19.705774262547493 40.32364895939827 23.478242725133896 18.751530140638351 20.490535035729408 44.625486254692078 31.494906142354012 720.5500100851059
leaf_count=61 77 100 87 628 80 69 81 167 96 77 84 182 129 2935
internal_value=0.000442715 0.00425456 0.00206318 -0.000276147 -0.00530444 -0.0077915 -0.00098234 -0.0139432 0.00416858 0.00729517 0.0064145 0.00110385 0.0119781 0.000494009
internal_weight=1188.34 184.645 166.065 1003.69 129.402 110.114 55.016 55.0976 144.758 35.3102 121.28 65.116 56.1638 874.292
internal_count=4853 755 678 4098 535 455 227 228 591 146 495 266 229 3563
is_linear=0
shrinkage=0.03


Tree=191
num_leaves=15
num_cat=0
split_feature=10 8 41 8 9 11 26 41 28 14 44 24 3 9
split_gain=3.49569 2.61539 3.8558 3.08375 5.70745 5.03022 5.10802 2.91392 6.18772 3.9234 5.15135 4.69658 6.67877 5.93398
threshold=22.100000000000005 12.900000000000002 59.500000000000007 6.9000000000000012 -5.633333333333332 23.100000000000005 10.816666666666668 72.500000000000014 13.500000000000002 19.500000000000004 1.0000000180025095e-35 0.041666666666666664 0.024608868228794604 -9.2999999999999989
decision_type=10 10 10 10 10 10 8 8 2 8 2 10 2 10
left_child=1 3 -3 7 -5 -6 -7 8 9 10 -1 -11 -13 -14
right_child=-2 2 -4 4 5 6 -8 -9 -10 11 -12 12 13 -15
leaf_value=0.0035148227137161208 -0.010641638585592587 0.014270877129699489 -0.0014802090780897368 0.0078122093575053835 0.0076156978817520943 -0.011267159588178397 0.005760192235513174 -0.0028972985147055264 -0.0088410250754391313 -0.0019187312811454033 0.018320898445585671 0.010339433172788966 0.0096028253816258877 -0.0048159617940811686
leaf_weight=194.69237120449543 23.41786316037178 22.750611901283264 26.497836053371429 25.465112328529358 15.518400445580481 99.747741833329201 15.504587993025778 193.47093868255615 46.823749125003815 301.50032666325569 19.423946663737297 80.505364120006561 31.07903116941452 84.327255576848984
leaf_count=797 99 93 108 104 63 407 63 792 191 1228 80 329 127 344
internal_value=-0.000246643 8.57031e-06 0.00644078 -0.000304962 -0.00414199 -0.00667182 -0.00883225 0.000343216 0.0011835 0.00190028 0.0052454 0.000422461 0.00398355 -0.000695446
internal_weight=1180.73 1157.31 49.2484 1108.06 156.236 130.771 115.252 951.823 758.352 711.528 214.116 497.412 195.912 115.406
internal_count=4825 4726 201 4525 637 533 470 3888 3096 2905 877 2028 800 471
is_linear=0
shrinkage=0.03


Tree=192
num_leaves=15
num_cat=0
split_feature=3 1 1 15 15 24 1 23 9 5 3 2 13 21
split_gain=3.9401 3.07516 6.08701 6.10784 7.92423 5.11188 3.54073 3.50454 3.64707 5.97648 3.70155 3.39289 3.99657 5.07373
threshold=0.043482987795078316 37.750000000000007 40.250000000000007 -0.68333333333333324 4.3500000000000005 0.46291208791208799 38.750000000000007 0.77097902097902116 5.5000000000000009 0.61157029588229028 0.024701976161650267 0.28117495680338606 26.700000000000006 14.514552083533141
decision_type=2 2 2 8 10 8 2 10 8 2 2 2 10 10
left_child=1 5 3 6 -5 7 -3 8 9 10 -1 12 13 -4
right_child=-2 2 11 4 -6 -7 -8 -9 -10 -11 -12 -13 -14 -15
leaf_value=-0.0074465597852226379 0.012490140425221001 -0.0097413194483745146 0.00096093235573915087 0.0196691212810668 -0.00067273118437711978 0.008431319633636419 0.004244804347720405 0.0051469489493232209 -0.020014586848425973 -0.013439124970005427 0.0090764839942387779 -0.0014455680407967279 -0.0033382230012310075 0.020360315027325909
leaf_weight=16.298418194055557 16.167237803339958 20.87619660794735 26.035149335861206 39.743425369262695 27.511556431651115 17.985477864742279 39.148555740714073 14.573504209518431 18.098337218165398 38.819143369793892 24.063409417867661 829.07997645437717 28.600581213831902 18.614172711968422
leaf_count=67 66 85 107 163 113 74 160 60 74 159 98 3382 117 77
internal_value=-0.000339503 -0.000571261 -1.32851e-05 0.00599885 0.0118773 -0.00483141 -0.000994488 -0.00723352 -0.00924919 -0.00574592 0.00231899 -0.000889722 0.005092 0.0102844
internal_weight=1175.62 1159.45 1029.61 127.28 67.255 129.838 60.0248 111.853 97.2793 79.181 40.3618 902.33 73.2499 44.6493
internal_count=4802 4736 4204 521 276 532 245 458 398 324 165 3683 301 184
is_linear=0
shrinkage=0.03


Tree=193
num_leaves=15
num_cat=0
split_feature=2 42 18 2 2 15 28 8 8 14 10 24 16 8
split_gain=4.9333 4.65475 4.26562 2.74855 8.21358 5.12138 4.01359 3.46619 5.00537 5.3807 3.36269 6.65223 6.01345 6.82493
threshold=0.28021319540351891 1.5000000000000002 0.15000000000000005 0.60354989587501329 0.57789124044237994 0.72500000000000009 4.5000000000000009 16.100000000000005 12.700000000000001 21.100000000000005 -13.374999999999998 -0.22048611111111108 2.7500000000000004 -11.299999999999999
decision_type=2 8 10 2 2 8 2 10 8 10 8 10 8 10
left_child=1 -1 -3 4 10 -6 -5 8 -8 -10 11 -2 13 -12
right_child=3 2 -4 6 5 -7 7 -9 9 -11 12 -13 -14 -15
leaf_value=0.015714311194867707 -0.012402006718823223 0.009132634963568911 -0.006276239610028953 0.011714678939722153 -0.003347176926874181 -0.022022707169094408 5.4436850860241034e-05 -0.010991140535452193 0.020968141588002896 -0.0010890772994878554 0.010753652858683753 0.0055595263590725056 0.0056662764647136231 -0.0038684924363405564
leaf_weight=28.56277060508728 48.796864986419678 26.796986728906631 28.052642434835434 24.478278771042824 29.115909948945045 22.980668053030968 526.6945091933012 18.262150421738625 17.075298845767975 17.272270888090134 27.743903711438179 24.740802049636841 126.37622059881687 236.6318544447422
leaf_count=118 200 110 115 100 119 94 2153 75 70 71 113 101 515 965
internal_value=8.035e-05 0.00690355 0.00138587 -0.000456154 -0.00205312 -0.0127924 0.000915297 0.000362633 0.000826026 0.0111474 -0.000724637 -0.00638986 0.00040879 -0.00216291
internal_weight=1203.58 83.4124 54.8496 1120.17 516.386 52.0966 603.783 579.304 561.042 34.3476 464.29 73.5377 390.752 264.376
internal_count=4919 343 225 4576 2107 213 2469 2369 2294 141 1894 301 1593 1078
is_linear=0
shrinkage=0.03


Tree=194
num_leaves=15
num_cat=0
split_feature=19 39 19 20 16 20 16 26 23 42 14 39 7 5
split_gain=2.53201 4.93889 2.60955 2.96719 4.77649 4.88625 4.57712 6.01037 6.44994 5.3322 5.00308 4.96164 5.59114 4.72442
threshold=-8.9499999999999975 940.92268974091257 -8.1499999999999968 12.632629690534435 -3.4499999999999997 14.072234272747798 -4.5499999999999989 -1.2426470588235292 0.7947368421052633 5.5000000000000009 28.450000000000003 1760.3786256114752 -2.8193247140465014 0.59977172970319581
decision_type=8 2 10 8 10 10 10 8 10 8 10 2 2 2
left_child=1 -1 -2 6 -5 -6 9 -8 11 13 -11 12 -9 -4
right_child=2 -3 3 4 5 -7 7 8 -10 10 -12 -13 -14 -15
leaf_value=-0.013516630147184305 0.0087546239712565158 0.0036907985956763046 0.013874207778089223 0.0028570164354031462 -0.0076083413672667121 -0.000813077480352523 0.0095600513403069718 0.012083890285485359 0.0094665625970285893 -0.016165093591577934 0.0022183486362892628 -0.011819530382596338 -0.0018882582751633577 -0.0039421411823271028
leaf_weight=28.694905489683151 27.688848122954369 23.977860659360886 17.829061552882195 186.12672811746597 129.32296113669872 332.26616254448891 101.36851973831654 26.231428056955338 57.550405830144882 32.776775315403938 18.902895927429199 30.076000511646271 142.82619200646877 28.523770198225975
leaf_count=118 114 98 73 763 528 1356 413 107 235 134 78 123 582 118
internal_value=9.01381e-05 -0.00604254 0.000400953 0.000152868 -0.00114927 -0.00277803 0.00199453 0.00356066 0.00105401 -0.0036208 -0.00983845 -0.00154957 0.000564544 0.00359434
internal_weight=1184.16 52.6728 1131.49 1103.8 647.716 461.589 456.085 358.053 256.684 98.0325 51.6797 199.134 169.058 46.3528
internal_count=4840 216 4624 4510 2647 1884 1863 1460 1047 403 212 812 689 191
is_linear=0
shrinkage=0.03


Tree=195
num_leaves=15
num_cat=0
split_feature=13 9 13 22 18 12 23 7 10 17 18 0 26 29
split_gain=3.20464 3.20778 3.09246 4.88967 4.05735 3.53918 4.59086 5.50569 3.74669 4.62455 3.79847 4.30441 3.41899 3.36691
threshold=32.100000000000009 0.50000000000000011 29.100000000000005 0.43095238095238103 6.3500000000000005 11.900000000000002 0.17261904761904764 0.67031795251886706 -17.774999999999995 -8.8499999999999961 -0.72499999999999987 -2.2499999999999996 7.5192307692307701 6.5000000000000009
decision_type=10 8 10 8 10 8 8 2 10 10 10 2 8 2
left_child=2 -2 5 4 -4 -1 7 -7 12 10 -10 -12 -8 -11
right_child=1 -3 3 -5 -6 6 8 -9 9 13 11 -13 -14 -15
leaf_value=0.0095490443363627636 0.0136448994017695 -0.0024450467835169412 -0.0077651030220275939 -0.016220097577547537 0.0078271244302532631 -0.01299818044235585 -0.0035293754243275999 0.0016903412571190287 -0.012666339540997955 -0.0049312685730873267 -0.011324408678983159 0.0062196962043656566 0.012616293580161274 0.00087443785885627249
leaf_weight=26.094878137111664 22.738532140851021 16.450139477849007 28.317430883646011 24.630685180425644 22.389105796813965 51.260022938251495 14.599630162119864 37.060607761144638 43.766384497284889 97.458314672112465 15.19817842543125 28.416189968585968 32.323956117033958 728.78417719900608
leaf_count=108 93 67 116 103 92 213 60 152 178 397 62 116 135 2970
internal_value=-0.00055474 0.00737843 -0.000855772 -0.00653431 -0.000795873 -0.00042939 -0.000721772 -0.00707433 -0.000104056 -0.000546673 -0.00691254 -0.000429788 0.00773667 0.000164091
internal_weight=1189.49 39.1887 1150.3 75.3372 50.7065 1074.96 1048.87 88.3206 960.547 913.623 87.3808 43.6144 46.9236 826.242
internal_count=4862 160 4702 311 208 4391 4283 365 3918 3723 356 178 195 3367
is_linear=0
shrinkage=0.03


Tree=196
num_leaves=15
num_cat=0
split_feature=13 22 39 1 20 7 39 41 3 15 8 13 22 20
split_gain=4.19787 6.27139 7.31402 5.57095 6.16252 5.94582 10.5524 5.42019 5.25076 5.54915 5.24004 5.19133 6.438 5.72669
threshold=20.100000000000005 0.62828947368421062 197.65515678535397 40.250000000000007 13.009611745402202 -1.2387674785056151 256.79052925807713 31.500000000000004 0.024534232937897919 -0.24999999999999997 7.5000000000000009 18.900000000000002 0.62828947368421062 13.753787357185173
decision_type=10 10 2 2 10 2 2 8 2 10 10 10 10 8
left_child=3 2 -2 4 -1 -5 -7 -4 9 -3 -6 13 -13 -8
right_child=1 8 7 5 10 6 11 -9 -10 -11 -12 12 -14 -15
leaf_value=-0.0044759389385989404 0.011907754118958122 0.00021844212429393946 -0.015676683898982323 -0.011574713690527481 0.014329625234266513 -0.020257939147119819 -0.0021031082235707537 -0.0010037101472579598 0.0015285499458992169 0.019040014706918584 -0.0032511926036264609 0.0033342961935578907 -0.018315781309706503 0.010493272153796581
leaf_weight=60.536737501621246 33.457482546567917 21.563421785831451 18.644953474402428 90.914764508605003 40.044649168848991 20.499315991997719 69.723581448197365 573.47474676370621 103.34451307356358 36.370480805635452 20.683333933353424 21.432843521237373 20.549034580588341 53.68405219912529
leaf_count=248 136 88 76 371 164 84 285 2348 421 148 85 87 84 219
internal_value=-0.000683693 0.00058818 -0.000782384 -0.00317389 0.00212754 -0.00549294 -0.00229318 -0.00159314 0.00576808 0.0126084 0.00854996 0.000462589 -0.0080843 0.00357172
internal_weight=1184.92 786.856 625.577 398.068 121.265 276.804 185.889 592.12 161.278 57.9339 60.728 165.39 41.9819 123.408
internal_count=4844 3217 2560 1627 497 1130 759 2424 657 236 249 675 171 504
is_linear=0
shrinkage=0.03


Tree=197
num_leaves=15
num_cat=0
split_feature=25 22 13 41 1 26 26 21 23 13 19 26 19 26
split_gain=4.16645 5.30647 6.06718 3.49952 2.95746 4.5572 4.4379 3.98953 4.78037 3.83982 2.87751 6.41055 5.21977 5.29396
threshold=11.029411764705884 0.87867647058823539 17.450000000000003 40.500000000000007 43.750000000000007 6.9045454545454552 1.2071428571428573 11.506519890914022 0.39642857142857152 24.300000000000001 -9.3499999999999996 -3.5669642857142851 -6.7749999999999995 -3.2696969696969691
decision_type=10 10 8 8 2 10 10 10 10 10 10 10 10 8
left_child=3 -2 -3 4 5 6 7 -1 -9 -6 11 -5 13 -12
right_child=1 2 -4 10 9 -7 -8 8 -10 -11 12 -13 -14 -15
leaf_value=0.0093681373811248508 -0.014421761987134536 -0.010315965190878486 0.0095238015818931293 0.0059523346746882732 0.015284967149614026 -0.011718907242608937 0.013876202434229191 0.0042023770098584805 -0.016988206591570333 -0.00029300061574027308 -0.0052832244726581162 -0.014806075581809424 -0.00035358844633671331 0.013551172476692776
leaf_weight=15.898744553327559 34.483676582574844 20.511551648378372 25.422340542078018 18.44978404045105 35.399077266454697 14.872129976749418 23.10181687772274 15.365254178643228 14.974860012531279 21.707489356398582 15.515618368983267 29.144321218132973 864.09368088841438 43.147184610366821
leaf_count=65 141 85 104 76 144 61 94 63 61 89 64 119 3532 177
internal_value=3.06594e-05 -0.00635542 0.000521461 0.000519013 0.00484398 0.00111077 0.00446558 -0.00113141 -0.00718036 0.00981657 -0.000132467 -0.00695824 0.000255197 0.008546
internal_weight=1192.09 80.4176 45.9339 1111.67 141.319 84.2128 69.3407 46.2389 30.3401 57.1066 970.351 47.5941 922.756 58.6628
internal_count=4875 330 189 4545 577 344 283 189 124 233 3968 195 3773 241
is_linear=0
shrinkage=0.03


Tree=198
num_leaves=15
num_cat=0
split_feature=3 3 4 5 39 7 39 3 3 3 18 4 13 17
split_gain=2.72082 2.37301 3.22285 3.13655 4.62397 4.36253 4.23799 4.47627 3.79797 3.82492 5.67994 4.5471 4.19489 4.70696
threshold=0.043482987795078316 0.042631993561552901 56.567370535457719 0.6092947275225401 2282.6337519355907 -3.9479043642503204 2075.0700600068817 0.024712117453311148 0.031710224548646367 0.026278834207030258 -0.54999999999999993 188.78791684936189 15.500000000000002 0.10000000000000032
decision_type=2 2 2 2 2 2 2 2 2 2 10 2 8 8
left_child=1 3 -3 4 -1 -5 8 -8 9 12 -11 -12 -7 -14
right_child=-2 2 -4 5 -6 6 7 -9 -10 10 11 -13 13 -15
leaf_value=0.0020653705774685625 0.010795037925274838 -0.015070839259853365 0.0010770943351783265 -0.011586014929918511 -0.0086577655125667837 -0.0093921948043869784 0.017834771759120509 -0.0011626324868959242 0.0068630396104824862 -0.018881383318194948 0.0088989418040996554 -0.010795709117392947 -0.0046048359594406726 0.0031181146221271575
leaf_weight=591.44696182012558 15.425829380750654 17.359712064266205 20.904315412044525 32.630076810717583 33.629344135522842 45.478847086429596 16.277637258172035 22.284378305077553 36.212780132889748 25.278258010745049 16.883196175098419 15.393164068460463 114.33959345519543 170.44104200601578
leaf_count=2415 63 71 85 135 138 187 67 91 148 104 69 63 467 697
internal_value=-5.95732e-05 -0.000249866 -0.007144 1.63021e-05 0.00142434 -0.00175742 -0.000947655 0.0079831 -0.00184341 -0.0027334 -0.00954553 -0.00068197 -0.00142159 -8.60642e-06
internal_weight=1173.99 1158.56 38.264 1120.3 625.076 495.219 462.589 38.562 424.027 387.814 57.5546 32.2764 330.259 284.781
internal_count=4800 4737 156 4581 2553 2028 1893 158 1735 1587 236 132 1351 1164
is_linear=0
shrinkage=0.03


Tree=199
num_leaves=15
num_cat=0
split_feature=39 18 22 18 39 18 18 44 25 5 11 19 22 1
split_gain=4.28789 4.17908 2.78325 6.25761 4.96902 4.08205 5.92014 4.07844 4.36097 7.09083 4.3222 4.25225 4.45695 6.0886
threshold=2282.6337519355907 -1.3499999999999999 0.82085561497326209 -2.7499999999999996 256.79052925807713 1.4500000000000002 5.4500000000000011 1.0000000180025095e-35 -1.2071428571428569 0.55901357847866107 26.100000000000005 -10.049999999999999 0.36038961038961043 50.250000000000007
decision_type=2 10 8 8 2 10 8 2 10 2 10 10 10 2
left_child=2 -2 7 -4 -5 -6 -7 11 9 -9 -10 -1 13 -13
right_child=1 -3 3 4 5 6 -8 8 10 -11 -12 12 -14 -15
leaf_value=-0.012183524368250464 0.002504740310829234 -0.012383518188087797 -0.0051530958043538673 -0.0067448746115875077 0.015714478994086421 -0.004336109138407567 0.011625891452804675 0.0088661740870577214 0.017862547237809515 -0.01296911487965265 -0.00017383981693443054 0.0037435925512794435 -0.0021151769214049713 -0.012862094860777107
leaf_weight=24.299921259284019 24.14865018427372 42.456766322255135 49.170579880475998 17.23727285861969 45.480026453733444 35.647793263196945 39.515963241457939 24.266545549035072 28.594575941562653 19.716558426618576 18.417804643511772 259.18844355642796 544.46821059286594 16.622147634625435
leaf_count=100 99 174 202 71 186 145 162 99 117 81 76 1060 2223 68
internal_value=-6.91665e-05 -0.00718761 0.000383169 0.00367306 0.0068908 0.00902991 0.00425734 -0.000290617 0.0055726 -0.00124675 0.0114591 -0.000951402 -0.000546863 0.00253163
internal_weight=1189.23 66.6054 1122.63 187.052 137.881 120.644 75.1638 935.574 90.9955 43.9831 47.0124 844.579 820.279 275.811
internal_count=4863 273 4590 766 564 493 307 3824 373 180 193 3451 3351 1128
is_linear=0
shrinkage=0.03


Tree=200
num_leaves=15
num_cat=0
split_feature=8 39 8 8 11 8 13 3 16 16 16 3 6 6
split_gain=3.28331 3.8971 3.44818 3.578 9.93668 4.91225 8.0928 5.73804 3.54074 6.00884 5.41349 4.72729 4.91223 4.41743
threshold=16.100000000000005 870.12226918104568 13.300000000000002 6.9000000000000012 23.100000000000005 8.4500000000000011 16.266666666666669 0.024464844273172085 3.4500000000000006 6.1125000000000007 7.2500000000000009 0.024183575044170905 -4.3306695699012279 -3.9077759027918813
decision_type=8 2 10 10 10 10 10 2 8 10 10 2 2 2
left_child=2 -2 3 8 -5 7 -7 -6 13 -10 -11 -12 -13 -1
right_child=1 -3 -4 4 5 6 -8 -9 9 10 11 12 -14 -15
leaf_value=-0.0061758069902159325 0.0021520335715106463 -0.017435962356755205 0.0094760071408684209 0.013266879905578002 0.0012102574203533703 -0.013892368832139804 0.0033042763545919102 -0.019827364908964248 0.0085600682031080604 -0.010036274268370384 0.014245766374357292 0.0098971896317985204 -0.005478596805352811 0.00055744596061481735
leaf_weight=97.468178033828735 14.588205456733705 15.744808614253996 30.26891265809536 21.367698818445206 15.618594750761984 32.326504528522491 68.36546978354454 35.494516670703888 115.76371473073959 34.833655029535294 20.335798755288124 22.338032454252243 54.27281753718853 604.05181238055229
leaf_count=399 60 65 124 87 64 133 279 145 474 142 84 93 221 2469
internal_value=-3.55146e-05 -0.00904398 0.000239624 -5.04267e-05 -0.00395269 -0.00672223 -0.00261263 -0.0138639 0.000678591 0.00372501 -0.000680038 0.00300908 -0.000663664 -0.000415148
internal_weight=1182.84 30.333 1152.51 1122.24 173.173 151.805 100.692 51.1131 949.064 247.544 131.78 96.9466 76.6108 701.52
internal_count=4839 125 4714 4590 708 621 412 209 3882 1014 540 398 314 2868
is_linear=0
shrinkage=0.03


Tree=201
num_leaves=15
num_cat=0
split_feature=18 41 26 39 18 5 39 29 17 22 22 14 14 39
split_gain=4.28554 4.18863 2.96272 5.33169 2.77348 3.84914 4.44253 2.61823 8.7637 3.35237 4.06417 4.16591 7.48832 3.78591
threshold=11.550000000000002 55.500000000000007 -12.129166666666665 1023.8590798129932 8.6125000000000025 0.52797205998230312 794.09654554464407 13.500000000000002 0.20000000000000007 0.36038961038961043 0.45643939393939398 28.450000000000003 30.900000000000002 2282.6337519355907
decision_type=8 8 8 2 10 2 2 2 10 8 8 10 10 2
left_child=2 -2 3 -1 7 -6 -7 9 -9 13 -11 -12 -13 -4
right_child=1 -3 4 -5 5 6 -8 8 -10 10 11 12 -14 -15
leaf_value=-0.01306779433227139 -0.004179148798884539 0.012872563412253787 0.0046214067081440493 0.0051597348823602448 -0.013533285266077668 0.0099412475170131721 -0.0083517376226183073 -0.015967403766450852 0.0056245913434478066 -0.0052994424984865989 -7.884135577142141e-05 0.016163433118100593 -0.0058635678413149301 -0.0086019870523844719
leaf_weight=35.642799943685532 15.656511917710302 38.20507800579071 249.08267883956432 19.001802682876587 26.416326329112053 18.245574712753296 19.605119228363037 29.056596696376801 29.804424002766609 115.32716475427151 521.64328469336033 33.322582691907883 18.50883387029171 16.545207694172859
leaf_count=151 64 156 1018 79 108 75 80 119 122 470 2129 136 76 68
internal_value=8.91949e-05 0.007982 -0.000319729 -0.00682826 4.03416e-05 -0.00576857 0.000597295 0.000435282 -0.00544988 0.000824738 -0.000284821 0.000760721 0.00847381 0.00365405
internal_weight=1186.06 53.8616 1132.2 54.6446 1077.56 64.267 37.8507 1013.29 58.861 954.43 688.802 573.475 51.8314 265.628
internal_count=4851 220 4631 230 4401 263 155 4138 241 3897 2811 2341 212 1086
is_linear=0
shrinkage=0.03


Tree=202
num_leaves=15
num_cat=0
split_feature=15 15 21 8 4 5 42 14 5 42 19 13 29 39
split_gain=2.98015 5.10636 4.65039 5.08066 2.66104 7.21843 6.27169 8.58894 5.5153 5.37823 5.05516 6.52818 4.79427 4.46151
threshold=10.65 9.8500000000000032 14.159606082301837 16.100000000000005 114.42869851091872 0.62013493298009215 13.500000000000002 25.266666666666669 0.55477505668848737 13.500000000000002 -1.8499999999999999 23.300000000000001 7.5000000000000009 1498.7265836129675
decision_type=8 8 10 8 2 2 10 8 2 10 10 10 2 2
left_child=1 4 3 -2 5 6 8 -8 12 13 11 -10 -1 -6
right_child=2 -3 -4 -5 9 -7 7 -9 10 -11 -12 -13 -14 -15
leaf_value=0.0012568527358483874 0.022029932178668027 -0.015492052143188072 -0.0047984236761530897 5.20648905470415e-05 -0.00081295792104563841 -0.0084235287091875919 -0.013782523764911393 0.0075400761945687532 -0.01036445964207933 0.012214847510340212 0.010581970442775314 0.010360704028325519 -0.0064849492290529045 0.0076220321518448812
leaf_weight=374.06859342753887 17.758881777524948 13.886469975113867 17.134295985102654 16.249109119176865 262.17824207246304 92.041730314493179 52.255320087075233 20.437997505068779 26.369681745767593 38.640294805169106 88.883664980530739 19.323855504393578 83.87501485645771 66.657182395458221
leaf_count=1529 73 57 71 67 1073 377 214 83 108 158 362 79 344 273
internal_value=0.000310857 -2.17503e-05 0.00705837 0.0128815 0.000236973 -0.000779675 0.000332911 -0.00768816 0.00137307 0.00231432 0.00659389 -0.00144234 -0.000215829 0.000985422
internal_weight=1189.76 1138.62 51.1423 34.008 1124.73 757.256 665.214 72.6933 592.521 367.476 134.577 45.6935 457.944 328.835
internal_count=4868 4657 211 140 4600 3096 2719 297 2422 1504 549 187 1873 1346
is_linear=0
shrinkage=0.03


Tree=203
num_leaves=15
num_cat=0
split_feature=20 16 20 14 24 28 0 42 12 17 17 8 39 16
split_gain=3.61071 7.87065 4.28037 5.70618 5.30835 4.01279 4.24575 4.10898 3.7584 3.98154 4.61957 7.52848 4.70082 5.17896
threshold=16.193448605789712 -7.1499999999999995 15.622988743258068 19.900000000000002 1.0000000180025095e-35 8.5000000000000018 7.2500000000000009 3.5000000000000004 11.900000000000002 -4.1499999999999986 -1.0000000180025095e-35 4.3000000000000016 1751.2943972957937 3.8500000000000001
decision_type=8 8 10 10 8 2 2 8 8 10 10 10 2 10
left_child=2 -2 8 -4 -5 6 -3 -8 -1 -10 11 12 13 -11
right_child=1 5 3 4 -6 -7 7 -9 9 10 -12 -13 -14 -15
leaf_value=0.011222999495194425 0.0097975021575753118 -0.0084893184239542459 0.019496469060143917 -0.010636712665417922 0.0095037770747014531 0.0048873350325662201 -0.0084320567113698296 0.0094906052646337967 0.0027132437418312771 -0.0073782900638166629 1.5833031438116056e-05 -0.01794014973279151 0.0094485679708877727 0.0091604782027468572
leaf_weight=21.040465787053108 31.362001553177834 177.37138870358467 19.313551336526871 15.960416004061697 21.917726874351501 27.663130596280098 14.788491100072859 22.954004943370819 258.14447189867496 101.40601108968258 406.15586690604687 31.62711775302887 20.097818896174431 15.879469394683836
leaf_count=87 129 724 80 65 90 113 60 94 1057 414 1663 129 82 65
internal_value=-0.000359478 -0.00334555 0.00055191 0.00815058 0.000766595 -0.00520682 -0.00658644 0.00230316 -1.22063e-06 -0.000349872 -0.00173619 -0.00582601 -0.00250514 -0.00485608
internal_weight=1185.68 274.139 911.543 57.1917 37.8781 242.777 215.114 37.7425 854.351 833.311 575.166 169.01 137.383 117.285
internal_count=4852 1120 3732 235 155 991 878 154 3497 3410 2353 690 561 479
is_linear=0
shrinkage=0.03


Tree=204
num_leaves=15
num_cat=0
split_feature=3 44 22 18 7 4 16 18 18 39 22 3 39 14
split_gain=3.87371 3.28452 6.37285 8.02402 6.08078 6.40789 3.86011 4.46367 5.30815 4.70505 4.12081 4.05244 4.28294 3.81556
threshold=0.043482987795078316 1.0000000180025095e-35 0.31980519480519487 -0.84999999999999998 -3.331813310087659 215.24765852345504 -2.7499999999999996 2.2500000000000004 0.45000000000000007 742.93043482500468 0.93541666666666679 0.015919827683742453 794.09654554464407 28.100000000000005
decision_type=2 2 10 10 2 2 10 8 10 2 8 2 2 10
left_child=1 6 3 -3 -4 -6 7 8 10 -9 -1 12 -8 -13
right_child=-2 2 4 -5 5 -7 11 9 -10 -11 -12 13 -14 -15
leaf_value=-0.0051140703184207135 0.012785352474848731 -0.016384061060600284 -0.003111136180491829 0.0058880650694153446 0.020716749852510808 -0.0014657498637446302 -0.0019213701388619861 -0.0015698529558207607 0.0087503726655788726 -0.013045077977329509 0.0085539828018451752 -0.00083848523265014853 0.018332368239843615 0.0094726016548903787
leaf_weight=136.46795192360878 15.13505859673023 20.862827807664871 23.008772596716881 29.112725302577019 36.588930532336235 15.444462358951567 14.925302818417551 59.737285450100899 36.729204326868057 68.783104032278061 18.468961641192436 655.149977222085 16.943192541599274 28.96664209663868
leaf_count=559 62 86 95 119 149 64 61 245 150 283 76 2676 70 118
internal_value=-0.00026281 -0.000486968 0.00401177 -0.00405417 0.00930112 0.0145813 -0.00104642 -0.00375696 -0.000801246 -0.00796983 -0.00326831 0.000183379 0.00987257 -0.000336334
internal_weight=1176.32 1161.19 125.018 49.9756 75.0422 52.0334 1036.17 320.187 191.666 128.52 154.937 715.985 31.8685 684.117
internal_count=4813 4751 513 205 308 213 4238 1313 785 528 635 2925 131 2794
is_linear=0
shrinkage=0.03


Tree=205
num_leaves=15
num_cat=0
split_feature=17 17 11 7 7 8 4 17 7 5 4 24 21 42
split_gain=3.82277 3.85235 4.33063 5.69519 4.67432 5.26181 5.17105 4.91685 4.35857 4.53707 4.07968 6.93642 4.61821 4.5437
threshold=-14.049999999999999 -12.549999999999997 16.633333333333336 -2.9626498867174669 0.074324836136524977 -10.099999999999998 32.451489852502739 0.50000000000000022 1.1726306162940776 0.43516825268478415 78.387052071320696 0.13333333333333341 14.690889088895277 13.500000000000002
decision_type=8 8 8 2 2 10 2 8 2 2 2 10 10 10
left_child=-1 -2 3 -3 5 -5 -7 8 -6 -10 11 -4 -13 -12
right_child=1 2 10 4 7 6 -8 -9 9 -11 13 12 -14 -15
leaf_value=0.0072113691124161914 -0.011597435411431324 -0.017351677770388017 0.0035479094771247734 0.016853113184526008 -0.013602582670359185 -0.010590685644719145 0.0096430959529034497 -0.017356793939866208 -0.0067596726957877898 0.0099415825457382558 -0.0027215934106521737 -0.015151543711588146 0.0026410455879144566 0.0063806105917670114
leaf_weight=51.687247157096863 23.848342046141624 22.877389520406723 416.08926342427731 15.148578271269797 15.428567335009573 21.276027888059616 15.17381791770458 21.645072132349014 21.762880444526672 27.893749535083771 414.43153659999371 27.15643647313118 20.011019393801689 51.153798073530197
leaf_count=213 98 95 1698 62 63 87 62 89 89 114 1697 112 82 210
internal_value=-0.000391532 -0.000774973 -0.000486323 -0.00494653 -0.00236117 0.00451997 -0.00202035 -0.0064782 -0.00188019 0.00267319 0.000310112 0.0022911 -0.00807332 -0.00166437
internal_weight=1165.58 1113.9 1090.05 161.206 138.329 51.5984 36.4498 86.7303 65.0852 49.6566 928.842 463.257 47.1675 465.585
internal_count=4771 4558 4460 661 566 211 149 355 266 203 3799 1892 194 1907
is_linear=0
shrinkage=0.03


Tree=206
num_leaves=15
num_cat=0
split_feature=21 22 6 15 6 10 3 21 10 16 22 0 23 7
split_gain=4.99035 7.94358 5.14862 5.59239 6.06099 5.18411 6.64297 5.77231 5.24628 4.88089 4.85635 4.31352 4.7386 4.80233
threshold=10.35159676357013 0.62828947368421062 3.0031070713216153 12.250000000000002 4.3637252183035899 5.700000000000002 0.027770135232294216 11.757267256183882 4.1000000000000023 -5.1499999999999995 0.56904761904761914 4.7500000000000009 0.60912698412698429 2.4423854332736443
decision_type=8 10 2 10 2 10 2 10 10 10 8 2 8 2
left_child=1 -1 5 4 10 6 7 -2 -9 -7 -4 12 13 -6
right_child=2 -3 3 -5 11 9 -8 8 -10 -11 -12 -13 -14 -15
leaf_value=0.00039588570721712043 -0.005375647315479481 0.013033776896209133 -0.0010390740556326067 -0.018499843406083238 0.008746305148514627 0.017119178031002318 -0.0078619694364392284 0.0042360625794006998 -0.011352429006835021 -0.00020319368792686958 -0.015042924195778557 -0.0023504712567783389 0.015299468128444935 -0.007769098662617822
leaf_weight=140.30380976200104 79.679336875677109 60.960462480783463 39.760827496647835 15.430228531360624 25.664565771818161 28.679663836956024 72.500426679849625 328.86676836013794 15.890553295612333 25.690374419093132 48.124672934412956 246.87997265160084 24.078637182712555 27.793971970677376
leaf_count=573 326 250 163 64 105 117 297 1344 65 105 197 1012 98 114
internal_value=0.000204873 0.00444691 -0.000685339 -0.00313668 -0.00234695 0.00122763 0.00022435 0.00168108 0.00336554 0.0096064 -0.00910433 -0.00040595 0.00555277 0.000229599
internal_weight=1180.3 201.264 979.04 427.733 412.303 551.307 496.937 424.437 344.757 54.37 87.8855 324.417 77.5372 53.4585
internal_count=4830 823 4007 1753 1689 2254 2032 1735 1409 222 360 1329 317 219
is_linear=0
shrinkage=0.03


Tree=207
num_leaves=15
num_cat=0
split_feature=18 15 18 26 10 5 8 20 13 26 0 17 30 23
split_gain=3.0189 6.12597 9.45446 8.02562 6.66621 5.86216 4.94993 4.42586 6.47693 4.67652 4.43577 4.6273 4.42265 4.31444
threshold=-3.4499999999999997 -1.1124999999999998 -5.8499999999999988 2.8660714285714293 5.1000000000000023 0.71077976339337268 2.3000000000000003 18.595847798762396 19.900000000000002 -5.0333333333333323 9.7500000000000018 4.950000000000002 -1.0000000180025095e-35 0.59687500000000016
decision_type=8 10 10 10 10 2 8 10 10 10 2 8 2 10
left_child=1 3 4 5 6 -1 -3 10 -9 -10 -2 -12 -4 -11
right_child=7 2 12 -5 -6 -7 -8 8 9 13 11 -13 -14 -15
leaf_value=-0.0071979172468345743 0.0026036771298579217 -0.014190449364277175 0.0010474346244992649 0.013384173431785872 0.0094779018615422893 0.010200230402792823 0.003589839196389354 -0.018485978585364212 0.011886326987369612 -0.015136702077142667 -0.011504533468513295 0.0021744907845243555 -0.016398649405858778 0.0046848642804395079
leaf_weight=59.504585132002831 741.38308843970299 25.711062580347061 15.465151026844977 37.962111964821815 39.39066980779171 19.084097892045975 23.029691949486732 19.351765841245651 15.636198237538336 15.697900369763376 38.52418977022171 42.837884247303009 63.224140420556068 15.453993305563925
leaf_count=244 3031 105 63 156 162 78 94 79 64 64 158 178 259 63
internal_value=0.000398269 -0.00227284 -0.00588869 0.00293192 0.000918581 -0.00261561 -0.00623701 0.00125775 -0.00593692 0.000537089 0.0018685 -0.00459348 -0.0131122 -0.00601556
internal_weight=1172.26 283.372 166.821 116.551 88.1314 78.5887 48.7408 888.885 66.1399 46.7881 822.745 81.3621 78.6893 31.1519
internal_count=4798 1161 683 478 361 322 199 3637 270 191 3367 336 322 127
is_linear=0
shrinkage=0.03


Tree=208
num_leaves=15
num_cat=0
split_feature=27 20 4 23 20 16 20 20 25 24 42 12 12 42
split_gain=3.95674 5.06174 4.47222 7.63206 7.38892 4.00098 4.34682 3.89957 6.03638 3.80832 3.79163 3.43293 4.91957 5.14968
threshold=15.500000000000002 11.508692364545313 66.230489606308666 0.35357142857142859 13.201032607499066 -9.4499999999999975 10.437645541234113 10.579067222037169 1.3038461538461541 -0.25227272727272715 3.5000000000000004 21.100000000000005 20.100000000000005 13.500000000000002
decision_type=2 10 2 10 10 10 10 10 10 10 10 10 10 8
left_child=5 7 9 -4 -5 6 -1 8 -2 -3 -8 12 13 -7
right_child=1 2 3 4 -6 11 10 -9 -10 -11 -12 -13 -14 -15
leaf_value=0.0037457301361724922 0.011994516821016822 0.0009611726738635349 0.014109444087262214 0.009558448603050048 -0.012423454301679996 -0.0012184262959483675 -0.02133526015139987 -0.013652034207779697 -0.008236389523925013 0.016652848782659709 -0.0036810336077203508 -0.0016320770908096289 0.0094042261530569351 0.0092051459444248973
leaf_weight=18.686770528554916 20.97693906724453 19.963176771998405 23.925627321004868 16.875828608870506 33.814736917614937 260.43194070458412 18.236674129962921 16.557756066322327 22.293059378862381 46.433496698737144 25.600214779376984 546.66088031232357 62.79594860970974 45.838718488812447
leaf_count=78 85 82 98 69 138 1067 76 68 91 190 107 2235 256 188
internal_value=0.000143657 0.00392535 0.00695499 0.00169577 -0.00490414 -0.000648759 -0.00769622 -0.00320114 0.0017979 0.0123326 -0.0124578 -0.000128394 0.0020909 0.000464446
internal_weight=1179.09 200.841 141.013 74.6162 50.6906 978.251 62.5237 59.8278 43.27 66.3967 43.8369 915.727 369.067 306.271
internal_count=4828 821 577 305 207 4007 261 244 176 272 183 3746 1511 1255
is_linear=0
shrinkage=0.03


Tree=209
num_leaves=15
num_cat=0
split_feature=27 25 4 25 18 7 19 2 2 25 24 17 39 8
split_gain=3.79586 9.64384 6.66561 4.38177 5.89682 4.78443 4.35488 4.11142 6.99421 4.43161 6.46794 6.17971 6.54442 5.73866
threshold=16.500000000000004 1.4641025641025642 -94.794401461200195 1.6794871794871797 5.7500000000000009 -2.8193247140465014 -1.7499999999999998 0.78382893143784027 0.75043508927417923 -3.5916666666666663 -0.45048701298701294 -0.10000000000000002 1656.1420156215211 -1.0999999999999999
decision_type=2 10 2 8 8 2 10 2 2 10 8 10 2 8
left_child=3 2 -2 7 -5 -6 -3 8 9 -1 -11 13 -13 -12
right_child=1 6 -4 4 5 -7 -8 -9 -10 10 11 12 -14 -15
leaf_value=-4.7862856096476109e-06 -0.0027303523801539644 -0.010478746298527419 0.019600241214399485 -0.00026673855471103549 -0.0039578300758909019 0.011208334877733867 0.0032083395412620245 -0.012994404307285511 0.014940729709347298 0.0081735861894024642 -0.0062463862353609864 -0.0053223589561484236 0.012150556999427476 -0.020754977026283598
leaf_weight=308.03161409497261 14.959161728620527 28.95546492934227 39.511262759566307 369.94389426708221 21.506050899624825 76.43863533437252 50.27921037375927 26.191712468862534 16.789979070425034 24.118161588907242 74.040216848254204 87.392753928899765 19.459560260176659 37.688111871480942
leaf_count=1263 62 119 161 1514 88 313 205 109 69 99 303 357 79 154
internal_value=-5.84533e-05 0.00461035 0.0137537 -0.00066533 0.00149691 0.00784776 -0.00211856 -0.00236761 -0.00176797 -0.0024072 -0.00539468 -0.00704111 -0.00173935 -0.0118198
internal_weight=1195.31 133.705 54.4704 1061.6 467.889 97.9447 79.2347 593.712 567.52 550.73 242.699 218.581 106.852 111.728
internal_count=4895 547 223 4348 1915 401 324 2433 2324 2255 992 893 436 457
is_linear=0
shrinkage=0.03


Tree=210
num_leaves=15
num_cat=0
split_feature=17 12 26 24 10 25 19 19 7 5 14 2 2 25
split_gain=3.52808 4.88739 5.17108 3.31667 3.62255 5.13666 4.95131 6.03816 4.98205 4.70826 3.50655 3.64842 5.574 6.77638
threshold=11.750000000000002 21.900000000000002 -16.176923076923071 0.53484848484848502 14.300000000000002 10.566964285714286 -9.1499999999999968 -8.1499999999999968 -1.3871224779251403 0.69745527344760816 30.900000000000002 0.50580909013940489 0.54618794584328312 -7.5916666666666659
decision_type=8 10 10 10 10 10 10 10 2 2 10 2 2 8
left_child=3 2 -2 4 5 6 8 -8 -1 -7 11 -9 -13 -14
right_child=1 -3 -4 -5 -6 9 7 10 -10 -11 -12 12 13 -15
leaf_value=0.0021898365158827876 0.0043565398125513105 0.0043871077678127859 -0.013655048909661537 0.0074280285547571731 0.0084386163734179401 -0.0020748785367104968 0.014437819685143499 -0.0025442168834384046 -0.017327666995963262 -0.020225201722421975 -0.010112221954076012 0.010810301461114249 -0.011596943552995649 0.0014122010146243678
leaf_weight=17.36480724811554 15.737195536494253 25.903794750571251 60.901077538728714 39.849564984440804 31.140960678458214 30.783722907304764 19.603169605135918 361.08495032787323 25.933284372091293 18.83267405629158 28.759833231568336 45.782746717333794 34.297975897789001 429.69734017550945
leaf_count=71 66 106 253 164 128 126 81 1477 106 77 118 187 141 1753
internal_value=-0.00108307 -0.00626696 -0.00991618 -0.000565759 -0.000905066 -0.00123262 -0.000720888 -0.000227704 -0.0100838 -0.010185 -0.000625306 -0.000256066 0.00137364 0.000337197
internal_weight=1185.67 102.542 76.6383 1083.13 1043.28 1012.14 962.524 919.226 43.2981 49.6164 899.623 870.863 509.778 463.995
internal_count=4854 425 319 4429 4265 4137 3934 3757 177 203 3676 3558 2081 1894
is_linear=0
shrinkage=0.03


Tree=211
num_leaves=15
num_cat=0
split_feature=15 21 15 7 1 2 2 1 16 22 14 14 4 15
split_gain=3.67902 6.57555 4.59833 4.43826 4.33383 4.47043 5.53792 4.45074 4.53824 4.57943 4.162 6.66609 4.10472 4.10741
threshold=7.3500000000000005 14.125823442268905 10.65 -5.6837429502595418 50.750000000000007 0.57598002417470484 0.38540239681803684 49.250000000000007 -10.249999999999998 0.45643939393939398 19.900000000000002 25.266666666666669 282.53193703344976 6.4500000000000011
decision_type=8 10 10 2 2 2 2 2 8 10 8 8 2 8
left_child=3 2 10 -1 7 6 -6 8 9 -5 -2 -12 13 -10
right_child=1 -3 -4 4 5 -7 -8 -9 12 -11 11 -13 -14 -15
leaf_value=-0.0088140858765734555 0.0068504221038714974 -0.012194198696831086 0.010428373831734502 -0.00017027999540413611 -0.0090739026178593158 -0.011337985112237886 0.010910297520151813 0.010244998353982161 0.00077627463624655552 0.01997658921365952 -0.019743426341970075 0.0034401456662542227 -0.0083364835317609968 0.011871634930151047
leaf_weight=37.170913815498352 17.851102367043495 52.799925461411476 25.570783898234367 18.242609232664108 18.116249576210976 43.80799600481987 22.325775220990181 47.069352701306343 792.19579407572746 17.666126310825348 18.840873330831528 18.611378908157349 37.739971905946732 26.266429290175438
leaf_count=154 73 219 105 76 74 179 91 193 3239 73 77 77 155 107
internal_value=0.000133707 -0.00446338 0.000999944 0.000731329 0.00111918 -0.00521016 0.00194485 0.00171155 0.00120672 0.0109716 -0.00386271 -0.0091744 0.000735861 0.00120227
internal_weight=1194.28 133.674 80.8741 1060.6 1023.43 84.25 40.442 939.18 892.111 35.9087 55.3034 37.4523 856.202 818.462
internal_count=4892 551 332 4341 4187 344 165 3843 3650 149 227 154 3501 3346
is_linear=0
shrinkage=0.03


Tree=212
num_leaves=15
num_cat=0
split_feature=1 1 39 39 41 23 21 5 26 27 15 41 21 20
split_gain=4.71379 3.97076 4.25426 7.04681 5.48077 5.59195 5.36996 5.66302 5.13209 4.30426 6.23705 6.08507 5.50621 5.17063
threshold=34.250000000000007 37.250000000000007 1794.6209787319315 1571.9259508083976 44.500000000000007 0.74342105263157909 13.216361911587009 0.64701051527759856 -3.2071428571428569 7.5000000000000009 10.816666666666668 75.500000000000014 8.9817716585635399 10.954958288880485
decision_type=2 2 2 2 8 10 8 2 8 2 10 10 8 8
left_child=-1 -2 3 9 -4 6 7 -6 -5 12 11 -11 -3 -14
right_child=1 2 4 8 5 -7 -8 -9 -10 10 -12 -13 13 -15
leaf_value=0.01168058870499135 -0.0071043030551366593 -0.010357273582133857 0.0097028619839924155 -0.0023996975434296005 -0.023457910996831147 0.0054183947980455706 -0.0030523857474025378 -0.0027459655593270061 0.015389047538881104 -0.0034623178118738901 0.011959744371577281 0.010307250614089207 0.010913782053862255 0.0014838396903166773
leaf_weight=23.015128090977669 77.828122928738594 23.283385381102562 15.983231753110884 19.532656073570251 31.353050529956818 23.649339213967323 58.10703256726265 19.838081106543541 41.38797402381897 478.64916577935219 22.782996207475662 25.928460508584976 61.903302907943726 250.2425197660923
leaf_count=94 320 95 66 80 129 97 238 81 170 1957 94 106 253 1026
internal_value=-0.000482389 -0.000775201 -0.000285146 0.000481831 -0.00490329 -0.00694731 -0.00974292 -0.01639 0.00993613 -0.000239129 -0.00192254 -0.00266056 0.00239688 0.00349652
internal_weight=1173.48 1150.47 1072.64 923.71 148.931 132.948 109.298 51.1911 60.9206 862.79 527.361 504.578 335.429 312.146
internal_count=4806 4712 4392 3781 611 545 448 210 250 3531 2157 2063 1374 1279
is_linear=0
shrinkage=0.03


Tree=213
num_leaves=15
num_cat=0
split_feature=8 5 15 21 19 12 26 20 12 8 11 4 13 20
split_gain=3.47434 3.99691 3.81998 4.93464 5.65286 4.22117 6.75461 5.48733 6.53824 6.13348 4.43287 4.74866 3.96912 4.63437
threshold=-7.6999999999999984 0.23659612484098155 8.0500000000000025 14.159606082301837 -2.5499999999999994 24.700000000000006 27.750000000000004 8.0846218247137376 27.100000000000005 6.3000000000000016 24.100000000000005 76.752812474397174 21.900000000000002 14.907306186667538
decision_type=8 2 10 10 10 10 8 10 10 10 10 2 10 10
left_child=-1 -2 5 4 -4 -3 7 -7 10 12 -9 -12 13 -10
right_child=1 2 3 -5 -6 6 -8 8 9 -11 11 -13 -14 -15
leaf_value=-0.0031754963633235244 0.014535079953051745 0.0028806115736950931 0.012538662708634856 -0.011861565034760758 -0.0050880225920547752 -0.017585723965211863 0.015051577838286071 -0.013025256808370954 0.016538665246009422 -0.0080676888732630434 0.010055494085324763 -0.0088166092715326484 0.00013365598520500831 -0.0012636695179756164
leaf_weight=208.06704130768776 14.41179011762142 581.966746494174 19.698211386799812 41.946437075734138 43.695462584495544 16.07519742846489 15.404186323285101 52.063645362854004 36.823214769363403 34.642053663730621 17.85957969725132 20.260725945234299 60.541175380349159 18.225036263465881
leaf_count=855 60 2380 81 174 179 66 63 213 150 142 73 83 248 74
internal_value=0.00029756 0.0010522 0.000775304 -0.00448558 0.000905331 0.00144667 -0.00161915 -0.00288901 -0.00156806 0.00226302 -0.00773364 0.000165825 0.00556526 0.0110303
internal_weight=1181.68 973.613 959.202 105.34 63.3937 853.862 271.895 256.491 240.415 150.231 90.184 38.1203 115.589 55.0483
internal_count=4841 3986 3926 434 260 3492 1112 1049 983 614 369 156 472 224
is_linear=0
shrinkage=0.03


Tree=214
num_leaves=15
num_cat=0
split_feature=12 12 2 2 42 14 16 16 13 21 30 12 17 8
split_gain=2.72064 3.23808 5.17561 5.6612 6.7966 5.96206 5.79031 4.61043 4.42012 4.39485 3.8489 3.69862 3.69529 6.61117
threshold=32.900000000000006 26.300000000000001 0.28117495680338606 0.52016782987569454 9.5000000000000018 19.266666666666669 -0.54999999999999993 5.5500000000000007 26.300000000000001 10.800462876484714 1.5000000000000002 25.900000000000002 0.50000000000000022 -2.0999999999999996
decision_type=10 8 2 2 10 10 10 10 10 10 2 10 10 10
left_child=1 10 8 4 9 -5 -7 -8 -3 -4 11 -1 13 -12
right_child=-2 2 3 5 -6 6 7 -9 -10 -11 12 -13 -14 -15
leaf_value=-0.0011536000651229572 0.0063711186597535576 0.01405694661114361 -0.00064463141700769118 -0.010405737284880943 0.0037013702746034201 -0.0096744214544141598 0.01350203097986423 -0.0044424672445651852 -0.0049111029564799765 -0.017672471092539374 0.0081018340425832881 0.010336799179579971 0.010489001278248764 -0.014622738064185929
leaf_weight=766.11069151759148 42.493336528539658 19.841591998934746 17.420895770192146 33.316505283117294 21.737636134028435 16.395736888051033 40.211671829223633 15.180277362465857 16.38372240960598 65.078159838914871 22.829960897564888 21.089109480381012 51.54471842944622 14.71783924102783
leaf_count=3141 175 83 71 137 89 67 164 62 67 266 93 86 212 60
internal_value=-0.000668501 -0.000962232 -0.00396967 -0.00577979 -0.0105637 -0.000771121 0.00408669 0.00862365 0.00592304 -0.0143191 -0.000101706 -0.000782474 0.00563533 -0.00147728
internal_weight=1164.35 1121.86 245.566 209.341 104.237 105.104 71.7877 55.3919 36.2253 82.4991 876.292 787.2 89.0925 37.5478
internal_count=4773 4598 1006 856 426 430 293 226 150 337 3592 3227 365 153
is_linear=0
shrinkage=0.03


Tree=215
num_leaves=15
num_cat=0
split_feature=14 21 25 13 11 24 16 16 25 17 17 25 17 20
split_gain=4.14332 4.14039 4.0938 4.33762 4.08686 5.44641 4.1764 6.43712 3.47952 3.51435 5.72835 4.03946 3.25457 5.81807
threshold=16.300000000000001 17.782169579258486 11.029411764705884 20.500000000000004 24.100000000000005 0.14285714285714288 5.4500000000000011 3.1500000000000008 8.925824175824177 -14.049999999999999 -11.249999999999998 -3.7386363636363629 -5.1624999999999988 14.724129546047779
decision_type=8 8 10 10 10 8 10 10 10 8 10 10 10 8
left_child=1 4 8 -4 6 -6 7 -1 9 -2 11 -11 13 -12
right_child=2 -3 3 -5 5 -7 -8 -9 -10 10 12 -13 -14 -15
leaf_value=-0.0014134447540813686 0.0088596644258236643 -0.0060249879535750495 -0.011927405974712946 0.0047325864802790696 0.019983873974937144 -0.0013654210039640063 -0.0040078302580686528 0.020613059582542222 0.0072428024447607989 -0.0026164300844863765 0.0076317730261481632 -0.020539851251522627 -0.0012328051484102594 -0.0040935137098287539
leaf_weight=24.983663290739059 29.394892513751984 23.631553873419762 47.743509337306023 16.076240435242653 30.082837983965874 14.632086351513861 41.688309535384178 16.879013910889626 49.577952951192856 27.031453922390938 101.52563437819481 16.862878918647766 681.14902274310589 55.334114074707031
leaf_count=102 121 97 197 66 123 60 172 70 204 111 415 69 2787 227
internal_value=6.8717e-05 0.00460985 -0.000623562 -0.00769181 0.00672174 0.013563 0.00250132 0.00871937 -0.000116714 -0.000554436 -0.000916397 -0.0108984 -0.00033201 0.00349686
internal_weight=1176.59 151.897 1024.7 63.8197 128.266 44.7149 83.551 41.8627 960.876 911.298 881.903 43.8943 838.009 156.86
internal_count=4821 624 4197 263 527 183 344 172 3934 3730 3609 180 3429 642
is_linear=0
shrinkage=0.03


Tree=216
num_leaves=15
num_cat=0
split_feature=8 17 17 42 15 42 41 27 18 1 5 42 8 12
split_gain=4.07603 4.96242 5.54782 4.47854 4.50947 4.28691 3.69834 4.62017 7.32638 3.37157 3.17861 5.50248 4.41116 4.70208
threshold=-6.8999999999999995 -1.1999999999999993 -2.7999999999999989 4.5000000000000009 -5.0499999999999989 5.5000000000000009 43.500000000000007 7.5000000000000009 0.95000000000000007 54.250000000000007 0.60540501999501906 12.500000000000002 -6.0999999999999988 26.300000000000001
decision_type=10 8 10 8 10 10 8 2 10 2 2 8 10 10
left_child=1 2 3 4 -1 -3 -5 8 -8 10 11 12 -2 -14
right_child=9 5 -4 6 -6 -7 7 -9 -10 -11 -12 -13 13 -15
leaf_value=0.0074446085472380111 0.01673921900648238 -0.0019881668803847577 0.013277281156212867 0.0053945983739834254 -0.0088550161406067088 -0.018059974665429045 0.008859000154162645 -0.015715309270448317 -0.013843113352570546 0.01191139242357769 -0.00055392940928337964 -0.0039650586389917341 0.006149526149623036 -0.0011659317945818626
leaf_weight=53.988020539283752 20.213523507118225 31.226604491472244 18.480195105075836 16.585349142551422 15.983259081840513 26.329494118690491 23.346904337406158 38.756472244858742 18.388250574469566 21.895977854728699 485.38013583421707 80.351700305938721 218.49268786609173 120.21680030226707
leaf_count=221 83 129 76 68 66 110 96 159 76 89 1990 328 893 492
internal_value=0.000539205 -0.00288849 -0.000413347 -0.00226976 0.0033791 -0.0101962 -0.00630743 -0.00889312 -0.00155431 0.00143003 0.0011191 0.00295315 0.00453512 0.00357389
internal_weight=1189.64 243.085 185.528 167.048 69.9713 57.5561 97.077 80.4916 41.7352 946.551 924.655 439.275 358.923 338.709
internal_count=4876 1001 762 686 287 239 399 331 172 3875 3786 1796 1468 1385
is_linear=0
shrinkage=0.03


Tree=217
num_leaves=15
num_cat=0
split_feature=35 7 21 23 21 21 3 22 39 26 4 2 22 19
split_gain=4.07995 5.49133 3.77118 4.22372 4.34189 6.48092 6.04911 6.65372 5.96102 5.35153 5.2049 8.74786 4.83021 6.6697
threshold=1.0000000180025095e-35 -5.6837429502595418 9.3600804203024524 0.89181286549707617 12.731849826321378 13.04744090913576 0.023724692612549506 0.80625000000000013 1751.2943972957937 -4.7416666666666663 130.53926908683334 0.49883850585393058 0.38675213675213682 4.4500000000000011
decision_type=2 2 8 10 10 10 2 10 2 10 2 2 8 10
left_child=1 -1 -3 4 6 -6 -4 8 10 -10 11 -8 -7 -14
right_child=-2 2 3 -5 5 12 7 -9 9 -11 -12 -13 13 -15
leaf_value=-0.010811635327071889 -0.0019581667574724588 0.0084449640513263782 0.0089942771034454555 0.0087622165707146194 0.015488431733186156 0.0066790123845867988 -0.0085939037761465619 0.0094610333187122152 -0.00039456616797206898 -0.022080544382241035 -0.011670435946646121 0.0092576171401905164 -0.0038496128732206448 0.0070011180245252219
leaf_weight=25.506165906786919 427.01265533268452 72.965702176094055 29.869675546884537 59.20680196583271 27.249898716807365 103.54596917331219 41.236361369490623 22.147185951471329 14.878647238016127 29.222542896866798 37.827450096607208 48.122730076313019 181.57251413166523 65.218262478709221
leaf_count=106 1751 298 123 244 112 425 168 91 61 120 154 196 744 266
internal_value=0.000373504 0.00169027 0.00219556 0.00144647 0.000659278 0.00260818 -0.00262108 -0.00459612 -0.00663048 -0.0155494 -0.0030667 0.00100085 0.00140248 -0.000900055
internal_weight=1185.58 758.57 733.064 660.098 600.891 377.587 223.305 193.435 171.288 44.1012 127.187 89.3591 350.337 246.791
internal_count=4859 3108 3002 2704 2460 1547 913 790 699 181 518 364 1435 1010
is_linear=0
shrinkage=0.03


Tree=218
num_leaves=15
num_cat=0
split_feature=4 27 17 18 18 17 26 13 17 39 19 13 19 9
split_gain=3.13907 8.09893 5.11037 4.1603 2.85965 3.41183 4.50096 4.05531 3.69154 3.33319 3.9359 4.15231 3.80197 6.22839
threshold=262.16846011340721 8.5000000000000018 10.450000000000001 1.0000000180025095e-35 -8.1499999999999968 12.150000000000002 -2.5634920634920628 13.700000000000001 14.450000000000001 2370.8399259221619 -10.749999999999998 15.500000000000002 -7.2499999999999991 2.7000000000000006
decision_type=2 2 10 10 8 8 8 10 10 2 10 10 10 10
left_child=4 -2 3 -3 -1 7 8 -6 -7 10 -9 -12 13 -13
right_child=1 2 -4 -5 5 6 -8 9 -10 -11 11 12 -14 -15
leaf_value=-0.0063277942749116814 0.017397746237146058 -0.0051316016835808633 -0.014185349695603637 0.011897336123633428 0.012149556022150948 -0.021305312876715565 0.0023240142093534557 -0.011075877224714915 -0.0028002042344563442 -0.0084207881637371248 -0.0098284690869185117 -0.00062004467283389053 0.00079098087676282634 0.018966734368036808
leaf_weight=60.999164402484894 27.965833872556686 20.246008440852165 14.193546682596205 22.581685468554497 21.540800645947456 16.44217973947525 30.307874619960785 20.214367985725403 20.945913881063461 33.252793028950691 26.137386858463287 30.04668878018856 807.30094093084335 22.891371816396713
leaf_count=251 115 83 60 93 88 68 124 83 89 137 107 123 3301 95
internal_value=0.000169168 0.0055548 -0.00118784 0.00415232 -0.000274164 0.000113529 -0.00615481 0.000584476 -0.0124914 0.000256518 0.000619234 0.00094658 0.00132887 0.00875552
internal_weight=1175.07 84.9871 57.0212 42.8277 1090.08 1029.08 67.696 961.384 37.3881 939.844 906.591 886.376 860.239 52.9381
internal_count=4817 351 236 176 4466 4215 281 3934 157 3846 3709 3626 3519 218
is_linear=0
shrinkage=0.03


Tree=219
num_leaves=15
num_cat=0
split_feature=17 18 4 16 9 26 22 18 19 3 7 13 0 11
split_gain=3.52254 4.75196 2.91769 3.95881 5.74534 4.38238 3.29074 3.25564 8.50937 5.03536 7.14144 4.88427 5.70225 4.37578
threshold=-14.049999999999999 4.0500000000000007 9.4219711774516117 -3.8499999999999992 -8.4999999999999982 -1.5634920634920633 0.28869047619047622 6.3500000000000005 7.0500000000000007 0.024884016090660047 0.074324836136524977 25.300000000000001 6.2500000000000009 19.300000000000001
decision_type=8 10 2 10 8 8 10 10 10 2 2 10 2 8
left_child=1 -1 3 4 -2 -6 -7 13 9 11 -11 -9 -13 -4
right_child=2 -3 7 -5 5 6 -8 8 -10 10 -12 12 -14 -15
leaf_value=0.013194159533553946 -0.009418638334640789 -0.0043106733343350684 0.004507808442732685 -0.003561843322458532 0.018814662835460533 -0.0077154797466446497 0.0083184030649745399 0.013488207522241497 0.020900430109841283 0.0066684318164877106 -0.018435499031710115 0.0077628288513181074 -0.011649042923608521 -0.0013742652356134462
leaf_weight=35.840476915240288 17.244649663567543 18.184621497988701 146.45929551124573 323.37060403823853 18.193510860204697 14.623302638530729 23.292484909296036 33.368047848343849 20.400736406445503 14.873282060027121 17.742482736706734 25.611398220062256 19.57194522023201 453.10587564110756
leaf_count=149 72 74 600 1324 74 60 95 137 83 61 73 105 81 1857
internal_value=0.000291821 0.00743606 -8.1702e-05 -0.00213777 0.00396673 0.00851463 0.00195604 0.0010409 0.0052212 0.0015681 -0.00762301 0.00561221 -0.00096862 8.79814e-05
internal_weight=1181.88 54.0251 1127.86 396.725 73.3539 56.1093 37.9158 731.133 131.568 111.167 32.6158 78.5514 45.1833 599.565
internal_count=4845 223 4622 1625 301 229 155 2997 540 457 134 323 186 2457
is_linear=0
shrinkage=0.03


Tree=220
num_leaves=15
num_cat=0
split_feature=18 19 25 15 19 19 17 21 15 3 28 17 1 1
split_gain=4.38224 9.4149 7.69234 8.26711 5.09355 4.66918 4.14742 4.95557 4.01795 5.59845 4.82915 3.83636 3.80125 6.64602
threshold=3.9500000000000006 7.2500000000000009 4.7207792207792219 3.5500000000000003 9.1333333333333346 0.15000000000000005 3.0500000000000012 11.544625277956976 0.72500000000000009 0.042192148237230283 5.5000000000000009 -10.149999999999997 50.250000000000007 43.750000000000007
decision_type=8 10 8 10 10 8 10 10 10 2 2 8 2 2
left_child=8 2 3 5 -3 -2 -4 -8 9 12 -10 -7 13 -1
right_child=1 4 6 -5 -6 11 7 -9 10 -11 -12 -13 -14 -15
leaf_value=0.00102765857167089 -0.0057223520833408576 0.018324277613823419 0.0073157626439478195 0.0060857562705350608 -0.00036238377943681563 -0.0019563145913679054 0.0083835346875202731 -0.0096457571358469513 -0.015559220730368873 -0.0095537184977891251 -0.00060734193610161762 -0.019491508637628878 -0.0063826077574934761 0.0085462990113407498
leaf_weight=252.5714947283268 80.651767581701279 20.37901084125042 48.886071309447289 25.67576040327549 26.802995666861534 14.904569014906881 15.549947738647459 38.640901386737823 15.588704779744146 26.849286407232285 358.8438817858696 62.503148972988129 28.40764969587326 179.09005363285542
leaf_count=1036 332 83 200 105 110 61 64 158 64 109 1472 260 117 732
internal_value=-0.000233175 -0.00312408 -0.00518338 -0.00878544 0.00869126 -0.0113137 0.00134672 -0.00420113 0.000899353 0.00268434 -0.00142666 -0.0164387 0.00349358 0.00420917
internal_weight=1195.35 333.994 286.812 183.735 47.182 158.059 103.077 54.1908 861.351 486.918 374.433 77.4077 460.069 431.662
internal_count=4903 1373 1180 758 193 653 422 222 3530 1994 1536 321 1885 1768
is_linear=0
shrinkage=0.03


Tree=221
num_leaves=15
num_cat=0
split_feature=23 19 19 21 39 21 21 20 27 18 17 21 14 14
split_gain=2.63693 5.4 5.39808 9.58115 4.78723 9.31457 8.21603 6.94161 5.45283 5.09618 4.55312 4.54373 4.3823 7.96158
threshold=0.35357142857142859 -5.3874999999999993 3.1500000000000008 18.078532294788406 1163.3188304630321 13.254978019313727 12.067863625580534 16.490738017403661 7.5000000000000009 -1.3499999999999999 3.6500000000000008 11.757267256183882 14.900000000000002 21.300000000000001
decision_type=8 10 8 10 2 8 8 10 2 10 8 10 10 10
left_child=1 10 4 -4 5 8 9 -8 11 -6 -1 -2 -7 -14
right_child=2 -3 3 -5 6 12 7 -9 -10 -11 -12 -13 13 -15
leaf_value=0.0024077192361819989 -0.0085629474924524118 0.0044210976407171613 -0.005821730604563361 0.0097641812102395448 0.0067401812915345869 -0.014083597347987141 0.012936343992730696 -0.0047104854373761764 0.0077453179339393398 -0.0098453285697909787 -0.015376519904471442 0.006580933985437052 0.0024449449972695214 -0.0097878454052826528
leaf_weight=24.198242962360382 40.312104895710945 253.41145886480808 260.66603103280067 36.358539327979088 22.727718472480774 33.381948456168175 97.038484409451485 22.210543483495712 124.1670179516077 38.245597526431084 20.287258163094521 24.817179203033447 108.35597762465477 78.685411244630814
leaf_count=100 165 1044 1065 149 93 137 399 91 508 157 84 101 443 323
internal_value=0.000302753 0.00272018 -0.000519861 -0.00378381 0.00114147 -0.000660319 0.00514491 0.00959227 0.00416199 -0.00362082 -0.00643681 -0.00273467 -0.00480211 -0.00282205
internal_weight=1184.86 297.897 886.967 297.025 589.942 409.72 180.222 119.249 189.296 60.9733 44.4855 65.1293 220.423 187.041
internal_count=4859 1228 3631 1214 2417 1677 740 490 774 250 184 266 903 766
is_linear=0
shrinkage=0.03


Tree=222
num_leaves=15
num_cat=0
split_feature=9 39 11 18 9 26 26 13 26 1 28 18 0 15
split_gain=2.66224 4.63548 2.96441 3.85503 2.87456 2.73508 9.57147 5.92276 5.31282 6.20631 4.80937 4.79848 3.75409 5.20424
threshold=11.900000000000002 510.32211401043111 26.100000000000005 -3.5499999999999994 10.900000000000002 6.1380952380952394 6.8062500000000012 15.100000000000001 2.3693181818181821 50.750000000000007 5.5000000000000009 -5.9499999999999993 -2.7499999999999996 -4.5499999999999989
decision_type=8 2 10 10 10 8 8 10 10 2 2 10 2 10
left_child=4 -2 3 -3 5 8 -7 -8 9 10 -1 -10 13 -9
right_child=1 2 -4 -5 -6 6 7 12 11 -11 -12 -13 -14 -15
leaf_value=0.012799768297706994 -0.0050288034877584006 0.0008991699922519475 -0.000714639897985821 0.01888906446748375 -0.0091241432727802302 0.019319459418630353 -0.014782857024342802 -0.011861669889826629 0.0067957184261052354 -0.0097491861045244047 0.00095556878893680614 -0.0068774771658592481 0.0059954498002767372 0.0032365589894665218
leaf_weight=27.595057517290115 24.386790439486504 16.34559565782547 18.341007992625237 29.3252242654562 24.532575681805611 24.178590565919876 14.69625088572502 27.491333365440369 22.904905378818512 41.836716368794441 604.9410045593977 154.18886968493462 108.97991961240768 51.77840481698513
leaf_count=113 101 68 75 122 101 99 60 113 94 172 2481 630 445 212
internal_value=0.00052332 0.00538663 0.00943149 0.0131745 0.000111053 0.00036224 0.00324944 0.000916388 -0.00042238 0.000799899 0.00156862 -0.00497098 0.00249277 -0.00239273
internal_weight=1191.52 88.3986 64.0118 45.6708 1103.12 1078.59 227.124 202.946 851.467 674.373 632.536 177.094 188.25 79.2697
internal_count=4886 366 265 190 4520 4419 929 830 3490 2766 2594 724 770 325
is_linear=0
shrinkage=0.03


Tree=223
num_leaves=15
num_cat=0
split_feature=19 9 9 39 17 3 8 15 15 39 7 19 19 15
split_gain=2.89867 5.7984 6.38509 4.13933 2.8603 2.85832 2.94289 4.88283 3.37001 5.52217 4.61099 4.80287 2.96237 2.82616
threshold=-7.1499999999999995 2.7000000000000006 -1.0000000180025095e-35 911.37581774572561 3.850000000000001 0.043482987795078316 16.100000000000005 10.65 5.2500000000000009 505.30174615299876 1.5675143910050611 -3.6499999999999999 1.9500000000000002 4.8500000000000005
decision_type=8 10 10 2 10 2 10 10 8 2 2 10 10 10
left_child=1 2 4 -3 -1 6 7 8 13 12 11 -11 -10 -2
right_child=5 3 -4 -5 -6 -7 -8 -9 9 10 -12 -13 -14 -15
leaf_value=0.010885293137817565 -0.00063148597292725709 0.0028157569659213451 -0.01527936326624923 0.022059743001266178 -0.0028733235884192817 0.010525851982234363 -0.010719565747884687 0.01152625155398827 -0.018962052563677965 0.0086324768390137648 0.008848992956931697 -0.0079835485594340859 -0.0038615057302009998 0.0097704615865841157
leaf_weight=23.171494960784912 839.41356168687344 21.789279475808144 15.907699316740034 16.857530996203423 23.094015821814537 14.671146675944327 22.470309376716614 23.35081185400486 26.261354714632034 15.552038773894308 26.349407583475113 67.490714222192764 23.766152009367943 19.186626613140106
leaf_count=95 3440 90 65 70 95 60 93 96 108 64 108 277 98 78
internal_value=-0.000355681 0.00438555 -0.00139229 0.0127754 0.00440709 -0.000817087 -0.00102202 -0.00076255 -0.00109938 -0.00503448 -0.00108318 -0.00455822 -0.0127911 -0.000343817
internal_weight=1179.33 100.82 62.1732 38.6468 46.2655 1078.51 1063.84 1041.37 1018.02 159.42 109.392 83.0428 50.0275 858.6
internal_count=4837 415 255 160 190 4422 4362 4269 4173 655 449 341 206 3518
is_linear=0
shrinkage=0.03


Tree=224
num_leaves=15
num_cat=0
split_feature=11 11 11 42 12 9 23 12 12 20 21 18 41 9
split_gain=2.47795 5.77351 4.46816 4.97984 3.86903 7.26451 3.90675 3.65934 4.08751 3.39203 3.98602 3.24602 5.13368 2.75058
threshold=17.500000000000004 18.300000000000001 15.100000000000001 13.500000000000002 24.100000000000005 -0.67499999999999993 0.28869047619047622 34.70000000000001 32.900000000000006 12.947114606235887 13.04744090913576 -1.0499999999999998 63.500000000000007 -12.899999999999999
decision_type=8 8 10 8 10 10 8 10 10 10 10 10 10 8
left_child=2 -2 9 4 5 6 -4 8 13 10 -1 12 -11 -3
right_child=1 7 3 -5 -6 -7 -8 -9 -10 11 -12 -13 -14 -15
leaf_value=0.0050822148140105316 0.010471455813401842 -0.0063605593739101659 0.0038410135095379872 -0.018357391685648542 -0.0097766679231981336 0.013099114637192048 -0.012714974668340626 -0.011213996281975789 0.013908285496399862 -0.00818901009678954 -0.010057421591015815 0.016529111953019909 0.010509562281721169 0.0012074159544562446
leaf_weight=25.497249662876129 54.971829146146774 40.70057038962841 19.530098050832748 18.273150950670242 39.310662493109703 24.77990548312664 24.374773696064949 17.128056228160858 17.036294385790825 19.791028290987015 27.932633802294731 16.593480437994003 23.539327323436737 811.91232378780842
leaf_count=105 225 171 80 75 161 101 100 70 70 81 116 68 97 3326
internal_value=0.000767039 0.00145974 -0.00192956 -0.00571069 -0.00285321 0.00150386 -0.00571066 0.000845519 0.00114578 0.00234567 -0.00301599 0.00699039 0.0020054 0.000811172
internal_weight=1181.37 941.749 239.622 126.269 107.995 68.6848 43.9049 886.777 869.649 113.354 53.4299 59.9238 43.3304 852.613
internal_count=4846 3862 984 517 442 281 180 3637 3567 467 221 246 178 3497
is_linear=0
shrinkage=0.03


Tree=225
num_leaves=15
num_cat=0
split_feature=41 7 5 5 18 19 19 18 17 20 13 10 1 18
split_gain=2.12335 4.06579 3.63438 4.13919 3.17847 4.11199 4.39586 4.21154 5.60478 4.178 3.86082 5.47921 3.61773 5.12787
threshold=34.500000000000007 -2.1926904681089394 0.61598015365900494 0.7610507461035676 -3.2499999999999996 -3.7499999999999996 5.2500000000000009 -6.5499999999999989 -3.2749999999999995 9.0789743604403004 21.100000000000005 1.2000000000000008 35.750000000000007 2.1500000000000008
decision_type=8 2 2 2 8 10 10 10 10 8 10 10 2 8
left_child=1 -1 -3 -4 5 7 9 -2 -9 -7 11 -8 -6 -14
right_child=4 2 3 -5 12 6 10 8 -10 -11 -12 -13 13 -15
leaf_value=0.01558441464989707 0.011500705883375354 0.0086231908175897088 -0.012817606758710517 0.0058529629525127334 -0.0090438971951012637 0.0059923997939371988 -0.012319385979644548 0.0090381068177364382 -0.011073093265257185 -0.0088851472829895462 0.012396981512016098 0.0073770483997185679 0.0038735293366343889 -0.00092469138590279838
leaf_weight=18.644575208425522 28.325884029269218 25.126254513859749 20.11095055937767 14.672375172376631 25.965876951813698 15.735689789056776 20.980166539549828 17.156148165464401 23.932360857725143 139.66604374349117 17.123823583126068 20.263383165001869 385.73951132595539 408.45565098524094
leaf_count=76 117 103 82 61 107 64 86 71 98 573 70 83 1581 1678
internal_value=0.000434179 0.00504524 0.000817504 -0.00519616 8.46087e-05 -0.00262817 -0.00466494 0.00353628 -0.00260631 -0.00723884 0.00221846 -0.00289101 0.00103152 0.00141545
internal_weight=1181.9 78.5542 59.9096 34.7833 1103.34 283.183 213.769 69.4144 41.0885 155.402 58.3674 41.2435 820.161 794.195
internal_count=4850 322 246 143 4528 1162 876 286 169 637 239 169 3366 3259
is_linear=0
shrinkage=0.03


Tree=226
num_leaves=15
num_cat=0
split_feature=39 12 24 2 21 41 19 11 20 29 12 21 5 39
split_gain=4.28059 5.28471 4.98202 5.57179 6.51262 6.29621 5.7319 5.32252 4.69774 4.43865 5.10455 6.5293 6.34091 6.55159
threshold=1015.4945707717638 14.300000000000002 0.17956349206349212 0.64531088199540776 14.472387347718806 51.500000000000007 4.3500000000000005 21.500000000000004 15.65779884442305 9.5000000000000018 18.300000000000001 16.826731371351443 0.67829224594276571 410.3989116229173
decision_type=2 8 10 2 8 8 8 10 10 2 8 10 2 2
left_child=1 -1 3 4 5 -2 -6 -4 9 10 12 -12 -3 -14
right_child=2 8 7 -5 6 -7 -8 -9 -10 -11 11 -13 13 -15
leaf_value=-0.010255977878194553 0.0094886697228766751 0.01183469839266499 0.006865458648977335 0.010506802497563132 0.011804871717821639 -0.0057638465520201045 -0.003523905024593856 -0.0072370866523805691 0.00332049480869795 -0.0098444498522541734 -0.00090996918080502422 -0.011021412670147366 0.010784321092775169 -0.011060377406838365
leaf_weight=52.963556081056595 26.134434878826141 48.789682149887085 29.359952047467232 83.338833630084991 68.691509112715721 109.93863305449486 28.544404238462448 78.494990542531013 178.65148490667343 56.345149427652359 312.29390235245228 65.750896468758583 14.783527821302412 28.64929673075676
leaf_count=221 107 200 121 341 284 450 117 324 731 232 1278 269 61 118
internal_value=-0.000197744 -0.00154516 0.00219892 0.0040815 0.00161407 -0.00260194 0.00735271 -0.00326405 -0.000823406 -0.00224722 -0.00124296 -0.0027895 0.00491412 -0.00327922
internal_weight=1182.73 758.227 424.503 316.648 233.309 136.073 97.2359 107.855 705.264 526.612 470.267 378.045 92.2225 43.4328
internal_count=4854 3110 1744 1299 958 557 401 445 2889 2158 1926 1547 379 179
is_linear=0
shrinkage=0.03


Tree=227
num_leaves=15
num_cat=0
split_feature=15 15 15 41 41 39 12 15 7 7 11 28 9 41
split_gain=2.58734 4.36864 4.2958 3.79186 3.14071 6.76622 6.11375 6.34897 6.08685 5.40747 5.34024 5.10952 5.01334 4.2298
threshold=10.65 12.250000000000002 7.3500000000000005 42.500000000000007 64.500000000000014 446.89461688094599 28.900000000000002 5.6500000000000012 0.73473556799393525 3.5817152322871881 21.500000000000004 4.5000000000000009 13.450000000000001 71.500000000000014
decision_type=10 10 10 10 10 2 10 10 2 2 8 2 10 10
left_child=2 -2 4 -4 11 8 7 13 -6 10 -10 -1 -13 -7
right_child=1 -3 3 -5 5 6 -8 -9 9 -11 -12 12 -14 -15
leaf_value=0.011370796117887744 0.016066332908118836 -0.0016316203843197141 0.0055034936531348768 -0.0097255493906239672 0.013043562618926341 0.0027319247938539294 -0.0090521725135216547 0.014643462704469637 -0.01615601615633384 0.012620067481816924 0.004779010671727927 -0.0028773607348061034 0.0091548880184168773 -0.0040910785293810231
leaf_weight=21.832594886422157 18.70040237903595 24.932555332779884 15.10010504722595 65.321679040789604 74.10865780711174 220.2674243748188 52.972730606794357 25.046073779463768 18.042773231863976 14.762130722403525 17.552179679274559 459.09843017160892 28.580295354127884 123.3909183293581
leaf_count=89 77 103 62 270 303 905 217 102 74 61 72 1879 119 508
internal_value=4.888e-05 0.00682541 -0.000240152 -0.00671136 0.000282151 0.00185453 1.25522e-05 0.00141859 0.00785347 -0.000272827 -0.00651565 -0.00140492 -0.00208646 0.000258581
internal_weight=1179.71 43.633 1136.08 80.4218 1055.65 546.143 421.677 368.704 124.466 50.3571 35.595 509.511 487.679 343.658
internal_count=4841 180 4661 332 4329 2242 1732 1515 510 207 146 2087 1998 1413
is_linear=0
shrinkage=0.03


Tree=228
num_leaves=15
num_cat=0
split_feature=26 26 24 24 8 21 19 18 18 15 42 15 18 42
split_gain=3.3583 4.8097 5.24438 4.45907 4.76477 3.656 3.50806 3.49393 3.46934 2.92378 4.43834 4.09618 5.06319 7.1169
threshold=10.236111111111112 6.8062500000000012 -0.46547619047619043 -0.63762626262626243 5.3000000000000016 16.48989585401366 -2.9499999999999997 12.350000000000003 -2.8666666666666663 -3.7499999999999996 9.5000000000000018 -5.8499999999999988 -4.2499999999999991 1.5000000000000002
decision_type=10 10 10 10 8 8 8 8 8 10 10 10 10 10
left_child=1 7 -3 -2 5 -5 -4 9 -8 11 -11 -1 -13 -14
right_child=3 2 6 4 -6 -7 8 -9 -10 10 -12 12 13 -15
leaf_value=-0.00014573481646322245 -0.0064920189466211179 0.0041666260607222064 -0.019175440372987056 0.017205319104558157 -0.0026605392411019708 0.00059388906912964895 -0.015161986205943554 0.0085197719259465579 -0.0011510940647813936 -0.00096790642673118385 0.0045461020054354774 0.0051181999130534474 0.00042399152780765443 -0.018086062243437118
leaf_weight=143.79130078852177 21.106214508414268 29.024535849690437 22.286006852984428 37.586653530597687 24.922731727361679 17.071659445762634 18.849680811166763 34.888605207204819 50.558443054556847 503.53319424390793 172.20807154476643 18.024963438510895 29.039572075009346 46.362930446863174
leaf_count=590 88 120 91 155 102 70 77 143 207 2065 707 74 119 192
internal_value=-0.000404858 -0.000905522 -0.00641922 0.00470002 0.00787664 0.0125016 -0.00981221 -0.000173294 -0.00571929 -0.000550095 0.000460371 -0.00337859 -0.00809402 -0.0113743
internal_weight=1169.25 1068.57 120.719 100.687 79.581 54.6583 91.6941 947.849 69.4081 912.96 675.741 237.219 93.4275 75.4025
internal_count=4800 4385 495 415 327 225 375 3890 284 3747 2772 975 385 311
is_linear=0
shrinkage=0.03


Tree=229
num_leaves=15
num_cat=0
split_feature=3 10 26 15 10 10 1 21 21 4 15 39 26 18
split_gain=7.24944 9.14318 5.42255 5.40394 7.71793 5.40765 4.8929 4.56616 4.21408 5.30891 3.48663 4.88022 4.2773 4.6051
threshold=0.031710224548646367 8.1000000000000032 -3.2071428571428569 -5.8499999999999988 -13.149999999999997 -17.774999999999995 47.250000000000007 12.024280881546579 12.94453967436187 2.6932714935807103 -3.7499999999999996 2075.0700600068817 11.263888888888891 7.8500000000000005
decision_type=2 10 10 10 10 10 2 10 10 2 10 2 8 10
left_child=3 2 -2 4 5 7 -4 -1 -6 -10 -5 12 13 -12
right_child=1 -3 6 10 8 -7 -8 -9 9 -11 11 -13 -14 -15
leaf_value=-0.0076057085983540001 -0.0092208953630595059 0.019112740570186224 0.0099908870074417264 -0.0066169389241773876 0.0024261607222975921 -0.013078062100471893 -0.0069651166985526839 0.010774633860713577 0.00072344997033485709 0.020459049283811832 -0.0016192642640229387 0.0064005184247494049 0.0043245166299753579 -0.0095814423635067758
leaf_weight=16.548149257898331 25.047125265002251 33.201710596680641 54.7339688539505 107.10577663779259 51.299013465642929 26.595514550805092 16.619273722171783 23.665927648544312 18.065695896744728 35.878465861082077 542.27601432800293 68.904299557209015 87.720065474510193 69.92728690803051
leaf_count=69 102 137 225 442 210 109 68 98 74 147 2224 283 359 287
internal_value=0.000125804 0.00668112 0.00166817 -0.000712752 0.00407438 -0.00373533 0.00584408 0.00320643 0.00897663 0.0144717 -0.00167084 -0.000943493 -0.00170675 -0.00259898
internal_weight=1177.59 129.602 96.4004 1047.99 172.053 66.8096 71.3532 40.2141 105.243 53.9442 875.933 768.828 699.923 612.203
internal_count=4834 532 395 4302 707 276 293 167 431 221 3595 3153 2870 2511
is_linear=0
shrinkage=0.03


Tree=230
num_leaves=15
num_cat=0
split_feature=5 5 9 5 10 22 22 25 10 1 25 10 9 10
split_gain=3.28777 5.65013 8.95568 5.45196 3.14855 5.34151 7.33072 3.5689 3.41706 3.3926 3.08606 3.16878 6.95658 2.96751
threshold=0.83310750011722345 0.85891159597854549 -5.8999999999999995 0.81893712515405925 -13.374999999999998 0.12916666666666668 0.22474747474747478 15.531250000000002 -18.099999999999998 42.750000000000007 -15.966666666666665 15.300000000000002 -13.099999999999998 -10.899999999999997
decision_type=2 2 10 2 8 8 10 10 8 2 8 10 10 8
left_child=3 -2 -3 4 5 -1 8 10 -7 -8 -6 13 -13 -12
right_child=1 2 -4 -5 7 6 9 -9 -10 -11 11 12 -14 -15
leaf_value=-0.014187703009472839 -0.015436068872499311 -0.0092099232295592814 0.017039959525280819 0.015660489772765421 0.012713765819924916 0.019095478979516876 0.0036044572864364164 -0.010958545381473497 4.4063622128876588e-06 -0.0088840917029773987 0.0070570684530519437 -0.0069563462850888384 0.016453781655747891 0.00010404168875217022
leaf_weight=28.89377960562706 26.732968837022781 24.204349726438522 14.551931768655775 16.343980640172958 15.73438838124275 15.217787757515906 25.035292193293571 17.060031563043594 14.485910773277284 58.401357263326645 54.296459883451462 14.119986936450003 27.484428241848946 810.8192145973444
leaf_count=119 110 101 60 67 65 64 103 71 60 241 223 60 113 3318
internal_value=0.00024443 -0.00603834 0.00146709 0.000644872 0.000346941 -0.00373875 -0.000582767 0.00098113 0.0111272 -0.00514495 0.00125983 0.000992437 0.00861477 0.000578473
internal_weight=1163.38 65.4893 38.7563 1097.89 1081.55 142.034 113.14 939.515 29.7037 83.4366 922.454 906.72 41.6044 865.116
internal_count=4775 271 161 4504 4437 587 468 3850 124 344 3779 3714 173 3541
is_linear=0
shrinkage=0.03


Tree=231
num_leaves=15
num_cat=0
split_feature=4 8 26 42 15 41 21 15 8 21 11 10 4 42
split_gain=2.50678 6.61247 7.0093 7.32626 5.37417 5.8554 4.72992 3.02931 7.30319 3.32784 3.01881 4.54774 3.80788 4.86497
threshold=-50.345716259327666 4.5000000000000009 -2.3693181818181812 1.5000000000000002 -6.1499999999999995 60.500000000000007 12.701268497947028 -2.4499999999999997 -0.49999999999999994 14.324221877407249 14.100000000000001 -4.299999999999998 -21.680401748169512 6.5000000000000009
decision_type=2 8 8 10 10 10 8 10 10 10 10 8 2 10
left_child=1 2 -1 6 5 -5 -4 -6 9 -9 11 -2 13 -12
right_child=10 -3 3 4 7 -7 -8 8 -10 -11 12 -13 -14 -15
leaf_value=0.015327852689512119 0.0022919605730448091 0.018631115329639975 -0.0017012762879384878 0.015595404987620696 -0.013169364569334209 -0.0060024947871901123 0.012706121608528428 -0.0031944930009964578 -0.015692684298681321 0.011498062790546685 8.1228158724769468e-05 -0.015438763020399898 0.00065205053278346822 -0.015240335085295671
leaf_weight=24.177077382802963 21.89459054172039 17.158304661512375 32.910891309380531 18.092401221394539 43.183413177728653 18.19231790304184 45.139733463525772 26.785280615091324 21.628829568624496 20.533232793211937 44.325080633163452 23.489175230264664 801.53232732415199 27.13604573905468
leaf_count=99 90 70 135 75 179 75 187 110 89 84 181 98 3287 111
internal_value=0.000382086 0.00290756 0.00148782 -0.000288896 -0.00416812 0.00535122 0.00689441 -0.00734545 -0.00305397 0.00367069 -0.000366106 -0.00750631 4.57205e-05 -0.006353
internal_weight=1186.18 267.801 250.643 226.466 148.415 36.2847 78.0506 112.131 68.9473 47.3185 918.377 45.3838 872.993 71.4611
internal_count=4870 1103 1033 934 612 150 322 462 283 194 3767 188 3579 292
is_linear=0
shrinkage=0.03


Tree=232
num_leaves=15
num_cat=0
split_feature=3 10 13 42 19 17 19 3 42 25 20 20 41 24
split_gain=4.9236 5.04701 3.91228 4.29205 2.16459 4.37312 5.86192 3.74209 6.4097 3.78683 2.89045 6.90546 4.69173 6.89696
threshold=0.031710224548646367 8.1000000000000032 21.225000000000005 3.5000000000000004 -6.8499999999999988 3.6500000000000008 -8.9499999999999975 0.027912791024848008 7.5000000000000009 -2.4142857142857137 11.967084486670547 14.560219778561033 36.500000000000007 -0.055555555555555546
decision_type=2 10 10 8 8 10 10 2 10 10 10 10 10 10
left_child=4 2 -2 -4 5 6 -1 10 9 -9 12 -12 13 -6
right_child=1 -3 3 -5 7 -7 -8 8 -10 -11 11 -13 -14 -15
leaf_value=-2.7255709582911451e-05 0.010580581095763647 0.015722230808690455 0.0072205344972011663 -0.0075321881264065289 0.0069130837873632349 -0.0040776832411727471 0.016629203066734311 -0.00059462073308542789 0.0051185625442179286 -0.018503163809902808 -0.0044038417405778676 0.0021993921702784867 0.0042507117972245519 -0.017487148412426538
leaf_weight=36.769663885235786 31.771134003996849 34.547704890370369 25.122196868062019 38.536616683006287 15.110915988683699 32.650291830301285 34.347422093153 16.131941094994545 25.238250747323036 28.195649683475494 242.18349388241768 331.90156023204327 279.50930660963058 18.27079638838768
leaf_count=151 130 142 103 158 62 134 142 66 104 116 995 1360 1148 75
internal_value=0.00127327 0.00667081 0.00277439 -0.00160835 0.000583413 0.00459377 0.00858122 0.000126738 -0.00633016 -0.0127067 0.0006658 -0.00060022 0.00296157 -0.00698018
internal_weight=1190.29 129.978 95.4299 63.6588 1060.31 103.767 71.1171 956.542 69.5658 44.3276 886.976 574.085 312.891 33.3817
internal_count=4886 533 391 261 4353 427 293 3926 286 182 3640 2355 1285 137
is_linear=0
shrinkage=0.03


Tree=233
num_leaves=15
num_cat=0
split_feature=12 18 8 26 39 39 7 35 26 16 3 3 22 23
split_gain=3.53058 5.20865 5.39793 5.439 5.24611 3.07156 5.77697 3.90133 6.38116 5.22348 5.35447 4.64789 7.29503 4.15038
threshold=15.900000000000002 0.15000000000000005 -3.0999999999999996 -9.1339285714285694 1084.7828395896918 819.02072968314258 5.1980734470812928 1.0000000180025095e-35 -11.966666666666665 -0.74999999999999989 0.024215357442428202 0.024642600261680418 0.22474747474747478 0.61651583710407254
decision_type=8 10 10 10 2 2 2 2 10 10 2 2 10 8
left_child=1 -1 3 -3 -4 7 -7 8 -2 -10 -11 13 -13 -9
right_child=5 2 4 -5 -6 6 -8 11 9 10 -12 12 -14 -15
leaf_value=-0.010322697262342025 -0.0091136402305154254 0.020337109763727955 -0.012264997416663467 -0.0027670613928670327 0.0063743158106379632 -0.0021369254429311523 0.010855990711269544 0.0085872848597415303 0.011662445117655212 -0.0066345019793043539 0.0058028220507492425 0.0076048816928183556 -0.0073489995563699355 -0.0032559612680370664
leaf_weight=69.418739333748817 23.56635670363903 14.66004651784897 30.173753291368484 15.214909106492994 18.154013812541962 500.22728607058525 27.859019741415977 63.859616711735725 86.392562866210938 38.51039907336235 106.95972728729248 33.837804853916168 121.20764088630676 39.961452275514603
leaf_count=288 97 60 125 63 75 2054 115 261 353 158 437 139 497 164
internal_value=-0.000378015 -0.00463974 0.000722063 0.00986073 -0.00532209 0.000244796 -0.0013561 0.00188585 0.00447926 0.00602405 0.00239923 -0.00070952 -0.00394977 0.00408859
internal_weight=1190 147.621 78.2027 29.875 48.3278 1042.38 528.086 514.296 255.429 231.863 145.47 258.867 155.045 103.821
internal_count=4886 611 323 123 200 4275 2169 2106 1045 948 595 1061 636 425
is_linear=0
shrinkage=0.03


Tree=234
num_leaves=15
num_cat=0
split_feature=19 19 18 28 19 2 19 42 14 26 7 7 4 20
split_gain=3.52588 4.73986 2.51618 6.36374 6.57286 3.62262 2.85886 6.11759 3.41084 5.40418 5.07119 5.97808 4.74511 4.62005
threshold=10.850000000000003 12.750000000000002 3.2500000000000004 9.5000000000000018 0.45000000000000007 0.21576070791557256 8.3500000000000032 5.5000000000000009 24.100000000000005 -18.099999999999998 -3.5110150818073538 0.73473556799393525 83.367321408654462 14.150382798120106
decision_type=10 10 10 2 10 2 10 10 10 10 2 2 2 8
left_child=2 -2 5 -4 -5 -1 8 -8 -7 -10 -11 12 -12 -14
right_child=1 -3 3 4 -6 6 7 -9 9 10 11 -13 13 -15
leaf_value=0.011315881045528737 0.015093745735024009 -0.00098114469887681881 -0.0041949248592086097 -0.0041046856755987673 0.019091606033430738 -0.001023183851279685 -0.017554666650136691 0.0040153141031337523 -0.0097477514500279618 -0.0068461681445287428 0.019838490527033265 0.0012454927742091705 0.013012998150759875 -0.0048252281608065373
leaf_weight=20.764949902892113 25.519274100661278 34.724582612514496 314.43824501335621 18.216545686125755 18.078626215457916 494.54968158900738 19.692873418331146 19.816476210951805 20.143266946077347 23.654686540365219 37.272063121199608 84.679883301258087 23.101302549242973 20.677703708410263
leaf_count=88 105 142 1293 75 74 2028 81 81 84 98 152 347 95 85
internal_value=-0.000318229 0.00646305 -0.000711811 -0.00279622 0.00836203 0.000256603 -0.000125749 -0.0075002 0.000338037 0.00349988 0.0051234 0.00698228 0.0125553 0.00495667
internal_weight=1175.33 60.2439 1115.09 350.733 36.2952 764.353 743.588 39.5093 704.079 209.529 189.386 165.731 81.0511 43.779
internal_count=4828 247 4581 1442 149 3139 3051 162 2889 861 777 679 332 180
is_linear=0
shrinkage=0.03


Tree=235
num_leaves=15
num_cat=0
split_feature=20 10 13 23 7 14 21 42 17 27 7 7 42 8
split_gain=3.49019 5.90669 4.3042 4.71615 4.27048 3.52026 8.63171 4.56434 3.64866 3.02471 4.75034 3.16638 2.6138 6.53905
threshold=10.004720240951841 9.1000000000000032 16.900000000000002 0.4045454545454546 -0.092762673021602446 30.300000000000001 15.265247333577099 2.5000000000000004 16.350000000000005 9.5000000000000018 -0.7618829144793654 -1.9241505392560339 12.500000000000002 1.7000000000000004
decision_type=8 8 10 8 2 8 10 10 10 2 2 2 10 10
left_child=1 2 -1 4 -4 8 7 -7 12 10 -5 -11 -2 -14
right_child=5 -3 3 9 -6 6 -8 -9 -10 11 -12 -13 13 -15
leaf_value=-0.012201480080668858 0.00014195984233442756 0.01486503517848746 0.003198176323868822 -0.00015588688793866551 -0.015664403636670141 -0.024604178559407674 0.0072730185024172805 -0.0050154918703789846 -0.012496782007282244 0.010846278418205369 0.018760164890926044 -0.003525700363637624 -0.01001889422895451 0.0037700124324719238
leaf_weight=15.36186860501766 805.5046803355217 27.376994162797928 19.275713875889778 19.761957198381424 16.11797758936882 18.078033313155174 20.204266518354416 26.182210355997086 18.34598870575428 14.867286562919615 24.906159818172455 40.356191352009773 71.499066650867462 48.461855441331863
leaf_count=63 3304 112 79 81 66 76 84 108 79 61 102 166 294 199
internal_value=-0.000579231 0.00323693 0.00071412 0.00256332 -0.00626738 -0.00126567 -0.0077867 -0.0147017 -0.000781583 0.00584182 0.0112182 0.000922793 -0.000483441 -0.00452049
internal_weight=1186.3 178.024 150.647 135.285 35.3937 1008.28 64.4645 44.2602 943.812 99.8916 44.6681 55.2235 925.466 119.961
internal_count=4874 730 618 555 145 4144 268 184 3876 410 183 227 3797 493
is_linear=0
shrinkage=0.03


Tree=236
num_leaves=15
num_cat=0
split_feature=13 7 23 7 2 21 41 39 41 21 21 26 41 11
split_gain=3.40097 3.23974 4.82397 5.92336 4.92243 4.75644 4.56997 4.47137 4.75463 4.22463 6.21411 4.43695 4.06555 5.29561
threshold=11.225000000000001 4.1956672274877169 0.12916666666666668 -2.06670851524615 0.80210294391015469 18.078532294788406 64.500000000000014 312.99475277887353 54.500000000000007 11.460560389633853 15.376930772015827 -2.0333333333333328 69.500000000000014 21.266666666666669
decision_type=10 2 10 2 2 8 10 2 8 10 10 8 10 10
left_child=-1 2 -2 5 -5 7 -6 8 -4 11 -11 -3 13 -9
right_child=1 9 3 4 6 -7 -8 12 -10 10 -12 -13 -14 -15
leaf_value=0.011840262798523895 -0.0044190222186345262 -0.0061539471101804679 -0.0025071148072140369 0.0022799380903133124 0.0035220489624653278 -0.013324674682462049 0.023590893654405747 0.0065021377164454757 0.01710152256909539 -0.016020147586003956 0.0014126327303764761 0.013498976306819437 -0.011215408899114224 -0.0046430025598255204
leaf_weight=18.099601373076439 137.86169628798962 16.683130323886871 19.077457532286644 619.96765458583832 25.84422855079174 26.312963500618935 14.57786877453327 56.204297378659248 18.43174222111702 38.686278700828552 30.500628992915154 15.379282295703886 35.365135475993156 97.913536995649338
leaf_count=75 573 68 78 2541 107 108 60 230 75 159 126 63 146 402
internal_value=0.00044227 0.000212956 0.000714217 0.00150857 0.00299882 -0.00235947 0.0125598 -0.000828593 0.00800658 -0.00478167 -0.00875776 0.00382227 -0.00273844 -0.000501949
internal_weight=1170.91 1152.81 1051.56 913.695 660.39 253.305 40.4221 226.992 37.5092 101.249 69.1869 32.0624 189.483 154.118
internal_count=4811 4736 4320 3747 2708 1039 167 931 153 416 285 131 778 632
is_linear=0
shrinkage=0.03


Tree=237
num_leaves=15
num_cat=0
split_feature=16 17 16 0 18 11 10 18 41 11 27 16 26 23
split_gain=3.82656 5.32541 5.27237 4.6286 6.32877 6.07448 5.72045 5.20449 3.94177 3.81151 3.68692 3.59344 4.72918 3.48489
threshold=7.3166666666666673 -8.8499999999999961 6.1125000000000007 -2.7499999999999996 6.1500000000000012 14.100000000000001 -8.8999999999999968 -4.9499999999999993 61.500000000000007 24.900000000000002 6.5000000000000009 -0.3166666666666666 3.5192307692307696 0.53452380952380962
decision_type=10 8 10 2 10 8 8 8 8 10 2 10 8 10
left_child=2 9 3 4 7 -5 10 -1 -4 -2 -7 12 13 -9
right_child=1 -3 8 5 -6 6 -8 11 -10 -11 -12 -13 -14 -15
leaf_value=-0.010487905785455965 0.003319175148616346 0.01200074530923562 -0.018551955751990489 -0.011104238344491308 -0.014938424917767085 0.00040889084268712524 0.0011037311028498989 -0.0043581541555489526 -0.0016177769398116003 -0.011591667395075486 0.019216324938549151 0.0049419528125710342 -0.013278468922892627 0.012021056327263921
leaf_weight=39.211156874895096 61.928172588348389 51.399946302175522 19.308085799217224 29.683753862977028 32.53272970020771 14.786202758550642 709.44609300792217 24.537234529852867 27.35377761721611 15.051918134093283 21.758527636528015 89.144223317503929 24.196098789572716 14.620685815811155
leaf_count=161 257 211 79 124 134 61 2913 101 112 62 89 366 99 60
internal_value=0.000211285 0.00499739 -0.00039678 8.56377e-05 -0.00366273 0.00118578 0.00174549 -0.00141819 -0.00974227 -0.000125504 0.0125718 0.00117278 -0.00410431 0.00242615
internal_weight=1174.96 128.38 1046.58 999.917 224.242 775.675 745.991 191.709 46.6619 76.9801 36.5447 152.498 63.354 39.1579
internal_count=4829 530 4299 4108 921 3187 3063 787 191 319 150 626 260 161
is_linear=0
shrinkage=0.03


Tree=238
num_leaves=15
num_cat=0
split_feature=16 25 8 8 0 16 42 42 15 41 8 4 11 19
split_gain=2.66308 4.50284 6.50771 3.98413 5.14526 2.81572 2.88073 2.46048 2.31336 5.45544 6.24203 6.46053 5.19997 4.15279
threshold=7.3166666666666673 1.6794871794871797 -0.63333333333333319 -4.6999999999999984 -5.2499999999999991 6.3500000000000005 3.5000000000000004 1.0000000180025095e-35 0.95000000000000007 84.500000000000014 2.4500000000000006 -50.345716259327666 24.900000000000002 -6.4499999999999993
decision_type=10 10 10 10 2 10 10 8 8 10 10 2 10 10
left_child=5 2 3 4 -2 8 -7 -3 -1 10 12 -12 13 -10
right_child=1 7 -4 -5 -6 6 -8 -9 9 -11 11 -13 -14 -15
leaf_value=0.0016388150956967199 0.0095638134481515966 0.0012812516879542842 -0.013445824669187176 0.014753258567192359 -0.010507192369020715 0.0022967045410529708 -0.013262390553793132 0.014691092530849353 0.0031240953700389976 0.013342259113988956 0.015795158115373784 -0.00082730243582795644 0.0054809020321545943 -0.012584601224796576
leaf_weight=575.72359883785248 16.942880615592003 18.925651803612709 19.316890880465508 18.023505583405495 19.199357762932777 15.369049564003943 22.680419310927391 36.737384498119354 16.014042973518372 17.064054638147354 17.69909256696701 284.04520583152771 19.980600938200951 87.784488156437874
leaf_count=2364 72 78 79 74 79 63 93 151 66 70 72 1170 82 360
internal_value=0.000581432 0.00456313 -0.000403893 0.00499042 -0.00107942 7.5445e-05 -0.0074409 0.0106131 0.00039128 -0.00123171 -0.00196431 0.000389275 -0.00749415 -0.0101289
internal_weight=1185.51 129.146 73.4826 54.1657 36.1422 1056.36 38.0495 55.663 1018.31 442.587 425.523 301.744 123.779 103.799
internal_count=4873 533 304 225 151 4340 156 229 4184 1820 1750 1242 508 426
is_linear=0
shrinkage=0.03


Tree=239
num_leaves=15
num_cat=0
split_feature=2 24 2 15 15 13 41 42 5 7 27 21 30 16
split_gain=3.26416 5.80452 5.25731 3.68048 6.71261 4.61103 3.54585 3.09597 3.28116 3.23659 2.31409 2.30426 6.09114 5.2336
threshold=0.73435478629997786 0.26732026143790855 0.84155815323918581 -2.0499999999999994 3.1500000000000008 19.500000000000004 65.500000000000014 4.5000000000000009 0.75238074507312092 -1.8533003588019163 14.500000000000002 12.024280881546579 3.5000000000000004 -6.8499999999999988
decision_type=2 8 2 10 10 10 8 8 2 2 2 8 2 10
left_child=11 7 3 -3 -5 -6 -4 9 10 -2 -9 12 13 -1
right_child=1 2 6 4 5 -7 -8 8 -10 -11 -12 -13 -14 -15
leaf_value=0.0091317941493488791 0.0084650795731091976 0.0057343862910604806 -0.00055765874320855898 -0.017310234544588535 -0.0071533313647877909 0.011376742304698151 0.015494492406574214 0.010755877202159538 0.019800510299928548 -0.0072546895961274633 -0.0027616423009983642 0.0003156314656507838 0.010865375632353725 -0.0051405636402424562
leaf_weight=20.67136712372303 20.209867626428604 18.726678535342216 25.556345224380493 31.650775998830795 24.817831918597221 15.329964891076086 18.437202587723732 23.679454892873764 25.048699468374252 17.2370845079422 16.126540467143059 619.15457800030708 22.233708724379539 274.33130538463593
leaf_count=85 83 77 106 130 104 63 77 97 103 71 66 2544 91 1124
internal_value=4.61082e-05 0.00315487 -0.000962423 -0.00502887 -0.00802673 0.000398512 0.00706435 0.00836137 0.0120981 0.00122695 0.00558248 -0.000752703 -0.00281033 -0.00400495
internal_weight=1173.21 236.82 134.519 90.5253 71.7986 40.1478 43.9935 102.302 64.8547 37.447 39.806 936.391 317.236 295.003
internal_count=4821 977 557 374 297 167 183 420 266 154 163 3844 1300 1209
is_linear=0
shrinkage=0.03


Tree=240
num_leaves=15
num_cat=0
split_feature=7 1 1 7 28 11 23 24 39 23 26 19 20 1
split_gain=3.76519 5.4624 4.96012 3.92573 4.94385 3.87424 5.27646 4.18122 3.88466 3.55378 5.8569 4.43516 4.15819 4.84957
threshold=2.8923173671068758 34.250000000000007 37.250000000000007 4.0979703479264078 7.5000000000000009 22.900000000000002 0.4045454545454546 0.066666666666666749 872.04478166571528 0.12916666666666668 -11.069047619047618 -9.1499999999999968 10.066721850371543 40.750000000000007
decision_type=2 2 2 2 2 10 10 10 2 10 10 10 8 2
left_child=1 -1 -2 4 -4 7 -7 8 -5 12 -11 -12 -3 -14
right_child=2 9 3 5 -6 6 -8 -9 -10 10 11 -13 13 -15
leaf_value=0.014281624586542196 -0.0091699474576974055 0.0068278161548691076 0.013628906550017316 0.0011387781733474673 -0.0043752757904058663 0.0058518353626752992 -0.013817183867836268 -0.0053746118095242407 0.017829377315442884 0.012024121427635162 -0.010263187341861229 -0.00015033095520720422 0.0029687381449917732 -0.010952328992343458
leaf_weight=16.886340960860252 18.98980113863945 17.467718258500099 64.755526751279831 23.897517651319504 14.534444525837896 18.219098404049873 22.594995230436325 18.069987565279007 23.24657016992569 29.137132838368416 36.100779339671135 778.24701605737209 27.692699179053307 84.189631760120392
leaf_count=69 78 72 267 98 60 75 93 74 96 120 148 3190 116 351
internal_value=0.000224731 -0.000545783 0.00388118 0.00542432 0.0102648 0.00150524 -0.00535667 0.00587538 0.0102893 -0.000874866 -0.000152156 -0.000658538 -0.00540657 -0.00752704
internal_weight=1194.03 989.721 204.308 185.318 79.29 106.028 40.8141 65.2141 47.1441 972.835 843.485 814.348 129.35 111.882
internal_count=4907 4066 841 763 327 436 168 268 194 3997 3458 3338 539 467
is_linear=0
shrinkage=0.03


Tree=241
num_leaves=15
num_cat=0
split_feature=39 23 35 8 39 22 15 15 3 18 20 10 0 26
split_gain=2.27348 3.8092 3.47164 2.5768 3.62423 3.50382 2.86716 3.12678 2.75959 6.04636 6.37401 5.27545 4.28514 4.11308
threshold=178.36753681358059 0.67156862745098056 1.0000000180025095e-35 12.700000000000001 709.72544303068503 0.74342105263157909 8.2500000000000018 9.4500000000000011 0.024183575044170905 -5.0499999999999989 14.017449443065201 2.2000000000000011 3.7500000000000004 9.0277777777777803
decision_type=2 8 2 8 2 10 10 10 2 10 10 8 2 10
left_child=1 2 -1 6 -5 -6 8 -8 9 10 -2 13 -13 -11
right_child=3 -3 -4 4 5 -7 7 -9 -10 11 -12 12 -14 -15
leaf_value=0.019291093957938991 -0.016895629556837911 -0.005675568782800307 0.0023233496294705375 0.013687850442459421 0.0084265288451745336 -0.0072565741635784563 -0.01404717781558143 0.00037302947099560134 -0.0011527096545625706 0.009815919028281779 0.0054792735919475212 -0.011070313105937726 0.0036086095271043012 -0.0040020381859056592
leaf_weight=15.651620537042616 22.019070371985435 15.920020565390585 26.253846511244774 22.967840000987053 18.276726976037025 23.547167301177979 24.060027271509171 24.85696730017662 759.77371248602867 119.61979800462723 16.581048518419266 24.849766030907631 40.468509137630463 20.126330152153969
leaf_count=64 92 65 108 95 76 97 99 103 3118 490 68 102 167 83
internal_value=5.3833e-05 0.00560717 0.0100416 -0.000257321 0.00532738 -0.000235192 -0.000624727 -0.00736454 -0.00026128 0.00248559 -0.00775814 0.00455257 -0.00236593 0.00775635
internal_weight=1174.97 57.8255 41.9055 1117.15 64.7917 41.8239 1052.36 48.917 1003.44 243.665 38.6001 205.064 65.3183 139.746
internal_count=4827 237 172 4590 268 173 4322 202 4120 1002 160 842 269 573
is_linear=0
shrinkage=0.03


Tree=242
num_leaves=15
num_cat=0
split_feature=18 19 14 15 0 27 0 20 21 26 18 10 24 39
split_gain=3.18219 7.2019 5.55762 5.1188 6.50077 5.64508 7.25216 6.4967 4.86664 4.8027 4.62793 4.53323 5.39841 6.59285
threshold=3.9500000000000006 7.2500000000000009 17.300000000000001 0.72500000000000009 3.2500000000000004 5.5000000000000009 -2.7499999999999996 16.395121001425441 9.21381812027753 -18.099999999999998 8.2250000000000014 4.1000000000000023 0.12500000000000006 540.09313180759216
decision_type=10 10 8 8 2 2 2 10 10 10 10 10 10 2
left_child=3 2 10 9 5 6 -5 -7 -6 -1 -2 12 -11 -14
right_child=1 -3 -4 4 8 7 -8 -9 -10 11 -12 -13 13 -15
leaf_value=-0.0075595867287160268 0.009277511861231531 0.0073070842860557478 -0.0068371742180446575 0.014681655229186508 -0.010359732415915701 -0.0060333906664213214 -0.0064880378165767354 -0.024108401391283299 0.0032583901293714058 0.0035766713103897027 -0.006973132285754244 0.0099032300006545362 0.0068777897837102682 -0.013588587054066421
leaf_weight=33.491523593664169 37.06145966053009 48.662358179688454 222.110162332654 18.879310205578804 22.092824503779411 98.394635811448097 32.576082617044449 18.74018132686615 183.20781324803829 308.66194531321526 20.743488371372223 77.304263100028038 18.362535789608955 34.083932042121887
leaf_count=139 152 199 917 78 91 404 134 76 754 1268 85 316 75 140
internal_value=-0.000365616 -0.0028478 -0.00471045 0.000609742 -0.00199737 -0.0062755 0.00189163 -0.00979375 0.00158145 0.00267465 0.00335504 0.0035329 0.00205254 -0.00644796
internal_weight=1174.37 328.577 279.915 845.795 373.891 168.59 51.4554 117.135 205.301 471.904 57.8049 438.413 361.108 52.4465
internal_count=4828 1353 1154 3475 1537 692 212 480 845 1938 237 1799 1483 215
is_linear=0
shrinkage=0.03


Tree=243
num_leaves=15
num_cat=0
split_feature=18 2 2 15 13 11 42 11 4 39 0 18 18 15
split_gain=2.11307 5.78542 3.97832 4.19096 3.75171 3.46386 6.34335 5.2511 5.18208 3.78547 2.89641 6.09685 3.48701 3.74386
threshold=-6.4499999999999993 0.7789338354493317 0.60931708932898287 0.22500000000000003 17.100000000000005 15.300000000000002 7.5000000000000009 17.100000000000005 61.651859795439698 1266.6897134950946 -3.7499999999999996 5.6500000000000012 3.0500000000000003 0.55000000000000016
decision_type=10 2 2 10 10 10 8 10 2 2 2 10 10 10
left_child=1 2 4 -4 -1 6 9 8 -7 -2 11 12 13 -9
right_child=5 -3 3 -5 -6 7 -8 10 -10 -11 -12 -13 -14 -15
leaf_value=0.012182781111739626 -0.0086179077937903574 0.018104380659939721 -0.015684449513364219 0.0015525566822147899 -0.0010997863863370257 -0.014265766712020206 0.013293169483611197 0.010018822399917653 0.0032985151114717629 0.0079914693946624964 -0.0014237743744746499 -0.0075233175479502371 0.018933457643874121 -0.0052016797001125954
leaf_weight=28.963018298149109 29.189028471708298 14.611864715814589 17.68178091943264 27.00905604660511 42.136864125728607 46.919149398803711 36.463766500353813 30.175786212086678 19.04246823489666 14.654728665947912 790.27317124605179 25.267886683344841 16.37242279946804 20.694663926959038
leaf_count=119 120 61 73 111 174 193 150 125 78 61 3244 104 68 85
internal_value=-0.000492421 0.00303487 0.00046252 -0.00615919 0.0047559 -0.000951915 0.00484854 -0.00146575 -0.00932 -0.00281649 -0.000829691 0.00405805 0.00862948 0.00391557
internal_weight=1159.46 130.403 115.791 44.6908 71.0999 1029.05 80.3075 948.746 65.9616 43.8438 882.784 92.5108 67.2429 50.8705
internal_count=4766 538 477 184 293 4228 331 3897 271 181 3626 382 278 210
is_linear=0
shrinkage=0.03


Tree=244
num_leaves=15
num_cat=0
split_feature=26 1 1 15 20 14 29 24 19 7 19 7 22 22
split_gain=4.09651 7.52477 7.10066 7.16517 5.77754 6.05731 5.72021 5.02558 4.42078 3.98825 4.52664 3.82334 3.7871 5.70907
threshold=1.8619047619047622 37.750000000000007 50.750000000000007 -1.5499999999999998 17.892425428316912 19.900000000000002 4.5000000000000009 0.15016339869281051 2.0500000000000003 3.1857578974467748 3.5500000000000003 4.7017265711533271 0.60357142857142865 0.4045454545454546
decision_type=8 2 2 10 8 8 2 10 8 2 10 2 8 10
left_child=2 8 6 -4 7 -6 -1 9 -2 -3 11 -11 13 -8
right_child=1 4 3 -5 5 -7 12 -9 -10 10 -12 -13 -14 -15
leaf_value=0.015556080881708106 -0.017263884915797223 0.00023741396646692915 -0.023099064292993788 0.00073287397970978638 0.00091058734923097631 -0.017901302784635954 0.0033381871284703028 -0.0090855771574555842 0.00073567437489343245 0.020818758613278785 -0.0022020795843066213 0.0018104936955878541 0.0053096245698852768 -0.0039162759328669515
leaf_weight=23.759445115923882 36.98530438542366 335.44388665258884 15.290781721472738 25.107666552066803 27.643860161304474 28.531604170799255 213.79587630927563 39.267158567905426 16.797821760177612 22.383479118347168 22.382916077971458 16.185676366090775 181.74530737102032 171.30955781042576
leaf_count=97 153 1375 64 103 114 117 879 162 69 93 92 67 749 703
internal_value=-1.72165e-05 -0.00191156 0.00162294 -0.00983807 -0.000691882 -0.0093262 0.00248289 0.000514635 -0.0120578 0.00156696 0.0083113 0.0139651 0.00180371 0.000102292
internal_weight=1176.63 545.622 631.009 40.3984 491.839 56.1755 590.61 435.663 53.7831 396.396 60.9521 38.5692 566.851 385.105
internal_count=4837 2242 2595 167 2020 231 2428 1789 222 1627 252 160 2331 1582
is_linear=0
shrinkage=0.03


Tree=245
num_leaves=15
num_cat=0
split_feature=25 12 14 41 20 20 3 41 22 39 14 12 15 3
split_gain=3.13684 5.85977 5.42915 4.10406 3.01001 7.92005 4.57932 4.28761 9.27453 7.63373 4.78842 4.01592 4.85423 6.96379
threshold=-8.2403846153846132 22.300000000000001 22.450000000000003 64.500000000000014 16.193448605789712 15.500895965154506 0.024722049054640708 64.500000000000014 0.58012820512820518 1329.1291515955593 23.100000000000005 32.100000000000009 -5.2749999999999995 0.042092374181926358
decision_type=8 10 10 10 10 10 2 10 10 2 10 8 10 2
left_child=1 -1 -3 -4 5 11 -7 -6 10 -10 -9 12 -2 -14
right_child=4 2 3 -5 7 6 -8 8 9 -11 -12 -13 13 -15
leaf_value=-0.0094049147953993873 -0.0067431185677865151 -0.0057782853572236163 0.019791009530190074 0.00024988896956335352 -0.0065886849088336915 0.016938808427802255 0.00026391543280054354 -0.012342632800798387 0.017242630053574799 -0.0061936913428412652 0.0037784521487005955 0.0089024396808416693 -8.7290692045119489e-06 0.012124026606113227
leaf_weight=78.127038091421127 80.487892240285873 33.753975793719292 14.617209479212759 19.337729424238205 109.15501241385937 39.20260688662529 22.541433736681938 36.592537865042686 36.410734638571739 14.87571509182453 24.459389865398407 43.344535052776337 584.56687849760056 40.92047880589962
leaf_count=323 332 140 60 79 447 162 93 150 149 61 101 179 2403 167
internal_value=-1.10969e-05 -0.00405346 0.00234352 0.0101226 0.00057662 0.00142333 0.011327 -0.00248685 0.00160966 0.0104985 -0.00608689 0.000537602 -3.49664e-05 0.00087487
internal_weight=1178.39 145.836 67.7089 33.9549 1032.56 811.064 61.744 221.493 112.338 51.2864 61.0519 749.32 705.975 625.487
internal_count=4846 602 279 139 4244 3336 255 908 461 210 251 3081 2902 2570
is_linear=0
shrinkage=0.03


Tree=246
num_leaves=15
num_cat=0
split_feature=14 20 9 16 28 39 14 1 39 15 16 2 24 4
split_gain=2.63886 2.45323 4.39059 4.99598 2.5445 3.88008 3.3203 4.67531 4.61181 9.50183 7.67235 4.3639 7.2167 5.63513
threshold=33.70000000000001 18.757072739525391 -4.6999999999999984 0.35000000000000003 4.5000000000000009 500.93531067635655 18.700000000000006 47.250000000000007 924.61817212536926 2.5500000000000003 2.7500000000000004 0.49883850585393058 -0.3198051948051947 -119.66884585358785
decision_type=10 10 10 10 2 2 8 2 2 8 10 2 10 2
left_child=1 4 -3 -4 5 -1 7 8 11 10 -10 12 13 -6
right_child=-2 2 3 -5 6 -7 -8 -9 9 -11 -12 -13 -14 -15
leaf_value=0.015278403913354551 0.011140607327158073 0.015482772738936272 -0.0098630266961957057 0.0073417592262172305 0.006489123422278158 -0.0013476445821685086 -0.0014858875531525663 -0.006194484268472601 -0.0095498636370468792 0.022134937071777092 0.0099656193769300048 -0.004606272306841486 0.016377919539855759 -0.014670507694429645
leaf_weight=18.668597877025604 15.286195173859594 20.801448807120323 20.653957709670067 32.253747954964638 21.763106003403664 25.517333492636681 757.07755817472935 43.345142677426338 25.55800162255764 28.096000418066978 39.946843475103378 69.509771481156349 26.811980485916138 14.881871894001959
leaf_count=76 64 85 85 132 91 105 3112 178 105 116 167 285 110 61
internal_value=0.000414607 0.000223577 0.0053356 0.000353707 -0.000151344 0.00651593 -0.000468381 0.00236074 0.00409587 0.00901287 0.00221401 0.000433392 0.005887 -0.00283367
internal_weight=1160.17 1144.89 73.7092 52.9077 1071.18 44.1859 1026.99 269.913 226.568 93.6008 65.5048 132.967 63.457 36.645
internal_count=4772 4708 302 217 4406 181 4225 1113 935 388 272 547 262 152
is_linear=0
shrinkage=0.03


Tree=247
num_leaves=15
num_cat=0
split_feature=16 8 17 27 39 10 9 17 21 8 39 21 17 20
split_gain=2.79992 2.73271 4.87316 4.964 4.44768 4.85254 3.7261 3.41281 4.8107 5.45144 5.11906 4.28435 4.14184 9.24215
threshold=11.133333333333335 -7.6999999999999984 1.45 14.500000000000002 1453.0447598436856 -14.699999999999998 -1.4999999999999998 -5.1624999999999988 18.151369303308282 -0.63333333333333319 749.77614317895507 9.6956462122683984 -0.40000000000000019 10.338708056081478
decision_type=10 10 10 2 2 8 10 10 10 10 2 8 10 8
left_child=1 2 3 4 5 -1 -7 8 9 11 -11 -3 13 -9
right_child=-2 7 -4 -5 -6 6 -8 12 -10 10 -12 -13 -14 -15
leaf_value=-0.0077318693131216681 -0.0071112641775097343 -0.0032488172310985546 -0.013964611899630028 0.0082513005346452669 -0.012645240337212134 -0.0015158526716480788 0.011716533613123357 -0.015895580426865303 -0.008850689584273751 0.0078594341813394471 -0.0095214273895691502 0.013370794630345181 0.0015036917499094747 -0.00018937079979811734
leaf_weight=45.08241805434227 42.254221975803375 14.641917407512663 24.869281947612762 37.235451430082321 30.687415644526482 41.789912655949593 28.875363737344742 37.661040708422661 15.997690826654432 24.701986968517303 26.433500364422798 80.11214505136013 564.95957289636135 161.45652934908867
leaf_count=186 175 60 104 154 127 173 119 154 66 101 109 331 2321 662
internal_value=4.46151e-05 0.000341167 -0.00272149 -0.00086942 -0.0033845 -0.000507302 0.00430812 0.00104183 0.00492853 0.00668272 -0.00117307 0.0107685 0.000191658 -0.00347664
internal_weight=1176.76 1134.5 208.54 183.671 146.435 115.748 70.6653 925.964 161.887 145.89 51.1355 94.7541 764.077 199.118
internal_count=4842 4667 863 759 605 478 292 3804 667 601 210 391 3137 816
is_linear=0
shrinkage=0.03


Tree=248
num_leaves=15
num_cat=0
split_feature=25 9 10 15 42 4 7 7 16 23 27 20 2 16
split_gain=2.08966 4.63355 9.27452 6.58023 4.91679 4.69894 5.02175 4.32604 4.26197 3.99232 5.92755 3.9188 4.18402 3.87721
threshold=2.5166666666666671 3.3000000000000003 0.7999999999999996 2.5500000000000003 3.5000000000000004 129.27728712271701 0.44212929913301663 -3.7372007672302829 -2.0499999999999994 0.30384615384615393 3.5000000000000004 14.560219778561033 0.71951866414619758 4.2500000000000009
decision_type=8 8 10 10 10 2 2 2 10 10 2 8 2 8
left_child=7 2 -2 9 5 -5 -7 8 -1 10 -4 12 -3 -13
right_child=1 11 3 4 -6 6 -8 -9 -10 -11 -12 13 -14 -15
leaf_value=-0.016168609811019231 -0.013724610406500245 0.0044379140558712948 0.010360488405839316 -0.019470181368623097 0.0015168158299063211 0.0069094649039608798 -0.012603100893747643 -9.1667717712549495e-05 -0.0012822405060856894 0.011936477260520722 -0.0082081257312591333 0.017678578602762531 -0.0089860282509966281 0.0040586982574784001
leaf_weight=26.464618816971779 37.266087621450424 87.647407233715057 24.419319570064545 19.367347240447998 100.15093299746513 21.088792189955711 16.981714099645615 600.6524759978056 40.591038778424263 57.947067096829414 27.661829277873039 31.070587858557701 22.077493935823441 47.828408405184746
leaf_count=111 154 359 100 80 413 87 70 2469 167 237 114 127 91 197
internal_value=0.000165907 0.00163729 -0.000657453 0.00138052 -0.00253228 -0.00914853 -0.00224697 -0.000925686 -0.00787166 0.00685112 0.000643051 0.0052676 0.001463 0.0101562
internal_weight=1161.22 493.507 304.883 267.617 157.589 57.4379 38.0705 667.708 67.0557 110.028 52.0811 188.624 109.725 78.899
internal_count=4776 2029 1255 1101 650 237 157 2747 278 451 214 774 450 324
is_linear=0
shrinkage=0.03


Tree=249
num_leaves=15
num_cat=0
split_feature=19 26 23 41 3 12 22 22 12 15 22 17 17 20
split_gain=2.98585 5.36379 4.81419 4.3223 3.9313 4.95758 3.33435 4.44235 5.01523 4.62562 4.6155 4.3993 4.34937 4.1435
threshold=8.0500000000000025 -3.9666666666666663 0.80625000000000013 85.500000000000014 0.02420060194903895 30.300000000000001 0.81534090909090928 0.73508771929824568 20.100000000000005 3.4500000000000006 0.62828947368421062 -14.049999999999999 -16.149999999999995 11.756085834996247
decision_type=8 10 10 10 2 10 10 10 10 10 10 8 8 10
left_child=3 -2 4 6 -3 -6 7 10 -9 -10 11 12 -1 -8
right_child=1 2 -4 -5 5 -7 13 8 9 -11 -12 -13 -14 -15
leaf_value=-0.001078756890350105 0.0036960078708731955 0.00030398462419827026 0.0039660202959075561 -0.010994165105759023 -0.02299813534103564 -0.0044006822600123757 0.011873454703809887 -0.017286111836103603 0.0061122852489050635 -0.009786765587445392 0.0054127412290651987 -0.0013753195562437382 0.016886412630258297 0.00019361114682164832
leaf_weight=22.905923828482628 42.099499434232712 17.533962979912758 18.706222593784332 27.2513477653265 30.656785354018211 24.725765183568001 41.629561334848404 23.39145927131176 29.40955562889576 26.769901275634766 125.18728238344193 649.48314972221851 19.499981105327606 66.476302310824394
leaf_count=95 174 72 77 114 125 101 172 97 120 110 514 2669 82 274
internal_value=-0.000739891 -0.00487235 -0.00879693 -0.000183515 -0.0121156 -0.0157472 0.000162684 -0.000447206 -0.00699273 -0.0016444 0.000228883 -0.000741166 0.00809209 0.00501736
internal_weight=1165.73 133.722 91.6227 1032 72.9165 55.3826 1004.75 896.647 79.5709 56.1795 817.076 691.889 42.4059 108.106
internal_count=4796 549 375 4247 298 226 4133 3687 327 230 3360 2846 177 446
is_linear=0
shrinkage=0.03


Tree=250
num_leaves=15
num_cat=0
split_feature=25 14 10 22 7 11 18 0 22 42 19 3 18 15
split_gain=3.47932 5.41414 4.16564 4.70242 4.23557 4.11972 3.79991 4.44636 5.94258 3.9038 3.34667 9.04331 3.27334 3.85615
threshold=-8.2403846153846132 29.900000000000002 -8.7749999999999968 0.069047619047619066 1.3616749167400901 17.500000000000004 -5.8499999999999988 7.7500000000000009 0.69615384615384623 10.500000000000002 -1.7499999999999998 0.024372141282820507 -4.9499999999999993 3.3500000000000001
decision_type=8 8 10 10 2 10 8 2 10 10 10 2 8 10
left_child=1 2 3 -1 -5 -4 7 8 9 10 -2 -12 13 -8
right_child=6 -3 5 4 -6 -7 12 -9 -10 -11 11 -13 -14 -15
leaf_value=-0.011152604839730183 0.017469869612808504 0.011072376881009925 -0.019004209780018825 0.010490443112512885 -0.0054496936029632317 -0.0025791601572304197 9.682572918070385e-05 0.017248674544893226 -0.008485936207015184 -0.0046400582925899009 -0.0118803465552709 0.013306355677550275 0.00082212289189971034 -0.017452678565170889
leaf_weight=22.650394186377525 26.052872851490974 14.863378733396528 27.442432746291161 30.383944168686867 21.896770969033241 26.99397286772728 26.290725439786911 20.041080340743065 25.99188731610775 18.435149222612381 15.997477680444716 28.758128210902214 851.40085196495056 14.649635046720503
leaf_count=93 107 61 114 126 91 112 108 83 107 76 66 117 3501 61
internal_value=0.000512973 -0.00377191 -0.00582596 -0.0010479 0.00392129 -0.0117615 0.00112973 0.00572027 0.00308141 0.00672183 0.00979086 0.00401443 0.000405819 -0.00739892
internal_weight=1171.85 144.231 129.368 74.9311 52.2807 54.4364 1027.62 135.277 115.236 89.2436 70.8085 44.7556 892.341 40.9404
internal_count=4823 597 536 310 217 226 4226 556 473 366 290 183 3670 169
is_linear=0
shrinkage=0.03


Tree=251
num_leaves=15
num_cat=0
split_feature=2 2 2 37 3 27 21 18 21 17 21 17 17 20
split_gain=2.6015 6.87017 6.28536 3.93346 4.66582 5.15285 4.47239 3.73155 5.70505 5.68133 5.08951 5.71984 6.78635 4.59655
threshold=0.57598002417470484 0.6005328874407061 0.58984493845821373 1.0000000180025095e-35 0.024429227860328199 4.5000000000000009 15.196673523588812 6.0500000000000007 13.760046833064795 5.1500000000000012 16.360521462214049 6.8500000000000014 -1.0000000180025095e-35 11.688550903436324
decision_type=2 2 2 2 2 2 10 8 8 10 10 10 10 10
left_child=-1 2 -2 7 -5 -6 -7 8 9 13 -10 12 -12 -3
right_child=1 3 -4 4 5 6 -8 -9 10 -11 11 -13 -14 -15
leaf_value=0.0016757226153207439 -0.0011291500962284831 0.004863020564774021 -0.021587364012895054 0.01291136898965424 0.01195973409307516 -0.0090479104156343682 0.0075314112851957498 0.0038177145905996688 -0.011274483630174293 0.0071427647915612239 -0.0045807587363455469 -0.011317075346365469 0.016360880637976777 -0.0063899871239748302
leaf_weight=535.56597851216793 28.146222218871117 43.207955613732338 22.085866928100586 35.762970134615898 19.880706876516342 42.400289848446846 16.796094819903374 93.523803159594536 93.305262789130211 71.368157431483269 26.738005176186562 24.1765526086092 20.744844615459442 99.589733615517616
leaf_count=2205 116 176 91 147 81 174 69 386 385 295 110 100 85 409
internal_value=0.000142467 -0.00114819 -0.0112641 -0.000195498 0.00466584 0.000390694 -0.00412357 -0.00141313 -0.00273636 0.000509153 -0.00684089 -0.000709229 0.00525551 -0.00293571
internal_weight=1173.29 637.726 50.2321 587.494 114.84 79.0771 59.1964 472.654 379.131 214.166 164.965 71.6594 47.4828 142.798
internal_count=4829 2624 207 2417 471 324 243 1946 1560 880 680 295 195 585
is_linear=0
shrinkage=0.03


Tree=252
num_leaves=15
num_cat=0
split_feature=15 13 13 11 42 25 42 42 15 22 39 41 42 11
split_gain=3.84683 3.07648 2.76399 3.57985 4.10394 3.8594 3.62708 4.83138 3.45551 3.36593 3.14527 6.3708 6.9419 8.80267
threshold=12.050000000000002 16.700000000000006 19.100000000000005 20.100000000000005 6.5000000000000009 8.033333333333335 5.5000000000000009 10.500000000000002 2.0500000000000003 0.59411764705882364 1023.8590798129932 51.500000000000007 1.0000000180025095e-35 22.900000000000002
decision_type=8 8 10 10 8 8 8 8 10 10 2 8 10 10
left_child=2 -2 3 4 8 6 -5 -8 -1 -6 -4 -12 13 -13
right_child=1 -3 10 5 9 -7 7 -9 -10 -11 11 12 -14 -15
leaf_value=0.01909842263750464 -0.017201035768509492 -0.00012427003529789633 -0.0025332677602773047 0.0023290480666356551 -0.0045156440225675356 0.0045670620492259282 -0.014812359478268559 0.0014072482040583989 0.0014121704533884762 0.010145904507433107 0.0094044335733912306 0.011878050645744832 -0.0052747604818042179 -0.0048882833532038353
leaf_weight=26.156233891844749 17.260911226272583 16.684381365776062 543.27103202044964 47.8189387768507 33.744901105761528 83.440030261874199 35.549114271998405 26.549986720085144 15.852589875459669 17.190968319773674 62.52263830602169 59.82402791082859 140.44352261722088 46.045047610998154
leaf_count=107 72 70 2233 197 139 345 146 109 65 71 257 247 579 189
internal_value=-0.000629257 -0.00990121 -0.000310697 0.00221547 0.00688829 -0.000147715 -0.00376974 -0.00828967 0.0132844 0.000897264 -0.00116745 0.00123725 -0.000981723 0.00469437
internal_weight=1172.35 33.9453 1138.41 286.303 92.9447 193.358 109.918 62.0991 42.0088 50.9359 852.106 308.835 246.313 105.869
internal_count=4826 142 4684 1179 382 797 452 255 172 210 3505 1272 1015 436
is_linear=0
shrinkage=0.03


Tree=253
num_leaves=15
num_cat=0
split_feature=25 14 27 15 25 42 18 9 15 11 21 20 2 17
split_gain=3.38515 5.78083 6.42188 3.41718 3.3148 5.50174 3.63234 3.15058 2.61007 5.11384 4.82584 5.07863 4.60922 4.86062
threshold=11.029411764705884 21.300000000000001 7.5000000000000009 7.9500000000000011 8.925824175824177 9.5000000000000018 -9.2499999999999982 4.3000000000000016 -5.8499999999999988 21.700000000000006 12.76105185493908 16.541026366923102 0.21576070791557256 -6.8499999999999988
decision_type=10 10 2 8 10 8 8 10 8 10 8 10 2 8
left_child=4 3 -3 -2 6 7 -1 -6 9 10 -8 -12 -10 -14
right_child=1 2 -4 -5 5 -7 8 -9 12 -11 11 -13 13 -15
leaf_value=0.0090979775773143475 -0.0045905706424370259 -0.0003924821478732406 -0.02312737877976705 0.011821366184934975 -0.005019178000693604 0.019072177765579103 -0.0045707339284385348 0.010276976178983302 0.012842346354536356 0.014616997949944095 0.0097579287499020059 -0.0062114999151185934 -0.0067327993517360884 4.4619989975126534e-05
leaf_weight=38.20794840157032 20.717037960886955 21.188719615340233 19.100525662302971 16.068714514374733 27.00959749519825 18.763018473982811 68.600095480680466 14.540257245302199 17.657230630517006 25.745941340923309 64.467871055006981 20.303816974163055 105.25959733128548 698.53058840334415
leaf_count=157 85 88 80 66 111 78 282 60 75 106 266 84 435 2870
internal_value=0.00056175 -0.0053202 -0.0125341 0.00313516 0.000996456 0.00755388 0.00058136 0.000862578 0.00021252 0.00344179 0.0011636 0.00580013 -0.00050819 -0.000879047
internal_weight=1176.16 77.075 40.2892 36.7858 1099.09 60.3129 1038.77 41.5499 1000.57 179.118 153.372 84.7717 821.447 803.79
internal_count=4843 319 168 151 4524 249 4275 171 4118 738 632 350 3380 3305
is_linear=0
shrinkage=0.03


Tree=254
num_leaves=15
num_cat=0
split_feature=26 13 26 18 22 17 17 17 26 10 13 13 3 3
split_gain=4.39148 5.87657 5.39111 4.78847 5.92712 4.25624 8.44807 6.67142 5.54533 4.51619 3.60196 6.29232 4.24299 6.02886
threshold=6.8062500000000012 30.300000000000001 6.1380952380952394 -5.1499999999999995 0.30384615384615393 -0.79999999999999993 -3.9499999999999988 1.5000000000000009 8.8062500000000021 -10.899999999999997 13.900000000000002 15.500000000000002 0.023695279464071465 0.025177278803792173
decision_type=8 8 10 10 10 10 10 10 10 10 8 8 2 2
left_child=2 3 10 4 -2 6 8 -7 -5 -10 -1 -12 -13 -14
right_child=1 -3 -4 5 -6 7 -8 -9 9 -11 11 12 13 -15
leaf_value=0.0085323670869463346 0.0018332233355765589 -0.016228992939126236 0.012543730143893013 -0.0068281125645679522 -0.01805556200821452 0.016486937074290921 -0.015488440005305547 -0.00076686276515255795 0.00042832509108652321 0.01644951233557616 -0.012215327516663011 -0.0050318497889116458 0.0033280160866684797 -0.002585026636694862
leaf_weight=40.98394376039505 21.592409506440163 24.005800813436508 29.004019349813461 42.324165835976601 27.529776111245155 25.665446609258652 32.237541973590851 57.71588508784771 41.793129399418831 20.770813599228859 31.839522466063499 104.13623839616776 454.07577204704285 230.01521727442741
leaf_count=170 90 99 119 175 113 105 132 236 175 85 133 430 1866 946
internal_value=-0.000225251 -0.00337459 0.000826783 -0.00195549 -0.00995144 6.91168e-06 -0.00320791 0.00517626 0.00109953 0.00657096 0.000361964 -9.55959e-05 0.000467878 0.00133551
internal_weight=1183.69 293.635 890.055 269.629 49.1222 220.507 137.126 83.3813 104.888 62.5639 861.051 820.067 788.227 684.091
internal_count=4874 1210 3664 1111 203 908 567 341 435 260 3545 3375 3242 2812
is_linear=0
shrinkage=0.03


Tree=255
num_leaves=15
num_cat=0
split_feature=24 12 24 21 39 37 20 39 26 39 15 11 21 4
split_gain=2.78476 4.38005 4.072 5.78621 5.30817 3.44968 4.76077 6.095 3.53944 3.98996 6.41805 5.10306 4.82622 4.59668
threshold=0.16042250233426705 14.300000000000002 0.23076923076923084 15.715173119211082 698.28298178176465 1.0000000180025095e-35 11.049886877249024 1000.485997771436 -15.416666666666666 929.53716898035975 5.5500000000000007 23.900000000000002 12.672147843948057 119.54109740180469
decision_type=8 10 8 8 2 2 10 2 8 2 10 10 10 2
left_child=1 -1 3 4 -2 8 -7 -8 -4 10 11 -10 -12 -11
right_child=2 -3 5 -5 -6 6 7 -9 9 13 12 -13 -14 -15
leaf_value=-0.0085539318412866956 -0.00087056237238775688 0.0019759074181308327 0.010909168424013764 0.0059348246586613225 -0.019183117699006977 0.017909512495878764 -0.0083027893374926602 0.013275959770949596 -0.0007388410803950416 -0.015082286552402093 0.0026131370418840129 0.012109579256150379 -0.01860288600025959 -0.0020452350307039431
leaf_weight=32.419567123055458 23.746512800455093 749.91132065653801 14.259953290224074 18.041622042655945 32.565794885158539 16.068205073475838 24.93177005648613 14.42744207382202 70.180293649435043 33.868678107857704 14.748801112174986 40.522679805755615 17.993985965847969 70.284022077918053
leaf_count=135 98 3081 60 74 135 66 102 60 288 141 61 167 76 290
internal_value=0.000457043 0.001488 -0.00159518 -0.0076733 -0.0121616 -7.38596e-05 0.00639978 0.000211923 -0.00153837 -0.00245701 0.000805453 0.00428437 -0.00996609 -0.00678134
internal_weight=1173.97 782.331 391.64 74.3539 56.3123 317.286 55.4274 39.3592 261.858 247.598 143.446 110.703 32.7428 104.153
internal_count=4834 3216 1618 307 233 1311 228 162 1083 1023 592 455 137 431
is_linear=0
shrinkage=0.03


Tree=256
num_leaves=15
num_cat=0
split_feature=15 15 20 3 10 8 13 21 18 14 26 16 7 7
split_gain=4.21524 5.18893 4.92315 4.58752 4.03355 3.85361 6.2837 3.65013 7.11355 5.5661 4.49669 4.36342 4.15129 3.65996
threshold=-5.8499999999999988 -5.2749999999999995 13.712322101250654 0.031710224548646367 8.6333333333333364 12.700000000000001 15.100000000000001 12.619429370055954 -2.3499999999999992 21.633333333333336 6.8062500000000012 -5.2499999999999991 0.5177515738334707 2.2126622453581972
decision_type=10 10 10 2 10 10 10 10 8 8 8 10 2 2
left_child=7 2 -2 5 -5 -3 -7 9 12 -1 11 -10 -9 -11
right_child=1 3 -4 4 -6 6 -8 8 10 13 -12 -13 -14 -15
leaf_value=-0.008844159358282009 7.1521519658492678e-05 -0.0014956918942607195 -0.021947926593705612 0.0014872926919443645 0.0136974746286893 -0.0045689255093221406 0.014660077139223635 -0.013487908381861802 0.0019619644047685555 0.011199594824964632 -0.00024081501119668533 0.021464101434667628 0.006215584385853277 -0.005072237284395177
leaf_weight=35.061327412724495 17.049512267112735 791.68084011971951 14.614472106099127 77.728886619210243 31.453725308179855 23.886990189552307 29.952595829963684 14.464360594749452 14.864805370569227 32.230572357773781 18.225390627980232 39.357649922370911 14.779712080955504 15.126685902476309
leaf_count=145 71 3255 61 319 130 100 123 60 61 133 76 161 61 62
internal_value=0.000160565 -0.000623097 -0.0116987 -0.000196725 0.00545062 -0.000953726 0.00646546 0.00426448 0.00792831 -0.000451034 0.0127244 0.0167347 -0.00407636 0.00601407
internal_weight=1170.48 986.367 31.664 954.703 109.183 845.52 53.8396 184.111 101.692 82.4186 72.4478 54.2225 29.2441 47.3573
internal_count=4818 4059 132 3927 449 3478 223 759 419 340 298 222 121 195
is_linear=0
shrinkage=0.03


Tree=257
num_leaves=15
num_cat=0
split_feature=14 7 14 18 11 21 25 9 42 14 21 39 24 27
split_gain=2.34918 4.23035 2.80417 5.62636 3.89812 3.61431 5.01723 6.21426 5.35374 4.48392 7.17064 9.26262 6.78289 6.93567
threshold=30.900000000000002 -0.90056304919499774 24.100000000000005 5.0500000000000007 28.100000000000005 17.188497336405892 4.0333333333333341 1.0000000180025095e-35 5.5000000000000009 21.300000000000001 12.024280881546579 1173.0905147901456 0.11904761904761907 9.5000000000000018
decision_type=10 2 8 10 10 8 8 10 10 10 10 2 8 2
left_child=2 -2 5 4 -4 9 7 -7 -8 10 11 -1 13 -11
right_child=1 -3 3 -5 -6 6 8 -9 -10 12 -12 -13 -14 -15
leaf_value=0.0024374084742433445 0.0043298769698939359 -0.011596950900202315 0.0039316090300379764 -0.0035497197751684804 0.016318337227217407 0.0061301376141952102 0.012408049690704697 -0.013958184674687079 -0.0064507630612054712 -0.0056496897304194413 0.0056616794384073445 -0.012146291082322694 -0.0088064796699068044 0.0081405868987209744
leaf_weight=122.02647490799427 22.049265027046204 31.312553226947784 259.71544566750526 83.993454620242119 21.040509760379791 14.817012235522268 21.167207509279251 55.554937243461609 23.535785034298897 56.079323723912239 259.6845878213644 51.905622959136963 88.925837799906731 66.359090641140938
leaf_count=501 92 130 1067 348 87 61 87 229 97 230 1070 214 367 272
internal_value=0.000666264 -0.0052088 0.0009668 0.00310966 0.00512919 -7.51546e-05 -0.00485655 -0.00960246 0.00282893 0.000808719 0.0025466 -0.00213252 -0.00273303 0.00185051
internal_weight=1178.17 53.3618 1124.81 364.749 280.756 760.056 115.075 70.3719 44.703 644.981 433.617 173.932 211.364 122.438
internal_count=4852 222 4630 1502 1154 3128 474 290 184 2654 1785 715 869 502
is_linear=0
shrinkage=0.03


Tree=258
num_leaves=15
num_cat=0
split_feature=20 20 14 14 2 20 41 44 22 13 18 1 10 0
split_gain=3.25401 4.30828 5.09652 6.74483 5.63016 4.13595 4.47063 3.90081 6.60048 4.88502 6.36017 4.79041 6.09918 4.52222
threshold=14.560219778561033 16.193448605789712 22.700000000000006 28.300000000000001 0.70875377091201608 15.622988743258068 51.500000000000007 1.0000000180025095e-35 0.31009615384615391 25.900000000000002 -0.84999999999999998 43.250000000000007 -3.0999999999999988 9.2500000000000018
decision_type=8 10 8 10 2 8 8 2 10 10 10 2 10 2
left_child=7 2 5 4 -4 6 -2 9 -9 11 -11 -1 -13 -10
right_child=1 -3 3 -5 -6 -7 -8 8 13 10 -12 12 -14 -15
leaf_value=-0.0029570639902728431 -0.0069495639931028991 0.0001615320006895948 -0.0091534136758383115 0.013453429193821111 0.0073360342152194551 0.019303356644757456 0.009955609951273682 -0.0043509304800041669 0.017416969727609664 0.010382673280900322 -0.0079378217554261013 0.0091218885143017157 -0.00032626654014192448 -0.0017832444788968948
leaf_weight=231.07846650481224 15.063439965248106 253.12593100965023 48.3896224796772 23.853492140769958 24.144709199666977 30.313581764698029 48.885148018598557 33.692818313837051 34.010807380080223 15.005059689283369 138.15564356744289 87.925128504633904 180.82161769270897 14.192503184080122
leaf_count=951 62 1040 199 99 99 127 201 139 139 62 571 361 744 60
internal_value=0.000735723 0.00274899 0.00609244 0.00111737 -0.00354541 0.0108672 0.00575831 -0.000490398 0.00548788 -0.00127619 -0.00587148 0.000176152 0.00287501 0.0121275
internal_weight=1178.66 443.776 190.65 96.3878 72.5343 94.2622 63.9486 734.882 81.8961 652.986 153.161 499.825 268.747 48.2033
internal_count=4854 1827 787 397 298 390 263 3027 338 2689 633 2056 1105 199
is_linear=0
shrinkage=0.03


Tree=259
num_leaves=15
num_cat=0
split_feature=23 22 30 26 17 23 19 17 28 16 11 11 14 4
split_gain=3.84421 4.47329 5.08617 7.30506 4.19756 5.4628 6.81778 5.18599 4.17983 3.91736 5.30427 8.14959 5.73173 5.98561
threshold=0.72902097902097907 0.37980769230769235 2.5000000000000004 -0.47727272727272724 7.7500000000000018 0.22474747474747478 -2.1499999999999999 12.850000000000003 13.500000000000002 3.3500000000000001 17.500000000000004 15.450000000000001 18.900000000000002 163.57738440503036
decision_type=10 8 2 10 8 8 8 10 2 10 10 8 10 2
left_child=1 9 4 -4 -3 -6 -7 -8 -5 10 11 -1 -12 -14
right_child=-2 2 3 8 5 6 7 -9 -10 -11 12 -13 13 -15
leaf_value=0.0019026656008333397 0.003307275613747804 -0.0046145143689793515 0.013496351937193661 0.0050239920946012111 -0.0089521855157496354 -0.0062383555058862974 0.014395253258028259 -0.001624688606672539 -0.01474082541004286 0.0085329800925766468 -0.010411991018048473 -0.015501294729790024 0.0096622689873550639 -0.008650145723166594
leaf_weight=59.068851307034492 224.36274285614491 457.84956900775433 36.532417818903923 15.318692252039909 31.150563359260559 33.428016439080238 50.395552441477776 25.684823334217072 14.484636843204498 61.236309871077538 16.064734905958176 34.963075205683708 91.738211661577225 15.216142579913138
leaf_count=244 924 1883 151 63 132 138 207 106 60 253 66 144 376 63
internal_value=-0.000178687 -0.00102103 -0.00235309 0.0052624 -0.00323376 0.00126477 0.00443506 0.00922023 -0.00531957 0.00214668 0.000193354 -0.00502442 0.00422212 0.00678703
internal_weight=1167.49 943.132 664.844 66.3357 598.509 140.659 109.508 76.0804 29.8033 278.287 217.051 94.0319 123.019 106.954
internal_count=4810 3886 2740 274 2466 583 451 313 123 1146 893 388 505 439
is_linear=0
shrinkage=0.03


Tree=260
num_leaves=15
num_cat=0
split_feature=11 16 21 16 27 13 19 14 16 28 16 3 15 20
split_gain=2.28343 2.35677 5.0934 5.50787 5.30253 5.271 5.24746 6.01825 4.85852 5.81313 4.53359 5.04052 4.05491 3.97255
threshold=11.100000000000001 1.5500000000000003 8.8975648594910179 2.5500000000000003 12.500000000000002 19.900000000000002 -5.3874999999999993 24.700000000000006 3.3500000000000001 7.5000000000000009 1.0000000180025095e-35 0.031327757554374343 -3.3499999999999992 10.004720240951841
decision_type=8 10 8 10 2 10 10 10 10 2 8 2 10 10
left_child=-1 10 -3 4 -4 -5 12 8 -8 -10 13 -12 -7 -2
right_child=1 2 3 5 -6 6 7 -9 9 -11 11 -13 -14 -15
leaf_value=0.0094303971936010329 0.0059145550893706222 0.0098337553046258432 -0.016313060533575879 -0.005694395449536393 0.00064941111946875598 -0.001009913142625703 -0.013046264382268271 0.014242378302504261 0.0029970323964789622 -0.010541238394072568 0.0088188106820168439 -0.0075215774296499838 0.018371204922999117 -0.00095389552678253693
leaf_weight=19.137426316738129 84.284831091761589 28.061028361320496 39.787391230463982 128.09716609120369 25.752844646573067 14.436354279518126 25.164921119809151 18.00679524242878 127.54967853426933 31.379333853721619 103.38279645144939 16.191659405827522 21.876738011837006 496.34600749611855
leaf_count=80 346 115 163 527 105 60 104 74 526 130 425 66 91 2048
internal_value=0.000297587 0.00010714 -0.00155104 -0.00239451 -0.0100744 -0.000904077 0.00173381 -0.000251547 -0.00200835 8.40147e-05 0.00120002 0.00639307 0.0114765 8.5119e-05
internal_weight=1179.45 1160.32 460.112 432.051 65.5402 366.511 238.414 202.101 184.094 158.929 700.205 119.574 36.3131 580.631
internal_count=4860 4780 1895 1780 268 1512 985 834 760 656 2885 491 151 2394
is_linear=0
shrinkage=0.03


Tree=261
num_leaves=15
num_cat=0
split_feature=4 24 15 10 26 17 21 20 11 41 10 13 15 14
split_gain=2.88685 5.19506 3.1649 4.52493 2.36867 3.71575 2.18331 2.73862 3.9793 4.70193 3.41756 5.69312 5.46288 5.24269
threshold=-159.41956294082738 -0.3563492063492063 -2.8499999999999992 -21.499999999999996 -16.176923076923071 16.350000000000005 8.0973246610634657 14.486775253811951 15.100000000000001 45.500000000000007 10.700000000000003 22.100000000000005 1.0000000180025095e-35 16.100000000000005
decision_type=2 8 10 10 8 8 8 10 10 8 10 10 10 10
left_child=1 2 3 -1 -2 6 -6 10 -9 -10 12 -12 -8 -14
right_child=4 -3 -4 -5 5 -7 7 8 9 -11 11 -13 13 -15
leaf_value=0.0061362424862084616 0.0083497965945077603 0.016919376989166603 0.0081197289469591392 -0.013272029916180393 0.0054140202638904133 -0.010460598113787734 -2.3762944719210901e-05 0.011191255861191291 -0.007351022160391428 0.0018313190374609795 0.0084042227404409892 -0.0085059502515559497 0.0039692345643223765 -0.0078430265657641173
leaf_weight=15.252901300787924 21.350984707474709 19.328429684042931 22.693273916840553 19.63996447622776 49.523408353328705 29.394001126289368 290.95780363678932 28.088437721133232 55.248021498322487 295.8115082681179 57.670107677578926 20.542216405272484 36.883167430758476 211.79696889221668
leaf_count=65 91 80 95 81 203 126 1198 116 227 1213 237 85 152 869
internal_value=-0.000139274 0.00529501 0.000353373 -0.00508225 -0.000542489 -0.000756759 -0.00043576 -0.000751899 0.00124509 0.000303312 -0.00197752 0.00371859 -0.00282965 -0.00604738
internal_weight=1174.18 76.9146 57.5861 34.8929 1097.27 1075.92 1046.52 996.998 379.148 351.06 617.85 78.2123 539.638 248.68
internal_count=4838 321 241 146 4517 4426 4300 4097 1556 1440 2541 322 2219 1021
is_linear=0
shrinkage=0.03


Tree=262
num_leaves=15
num_cat=0
split_feature=18 7 7 13 39 39 14 9 21 22 19 19 7 39
split_gain=5.39658 2.91948 3.45353 2.66587 4.45355 2.88055 2.82149 4.78519 6.51672 7.20902 3.41621 4.96925 4.77674 3.79185
threshold=11.750000000000002 1.7549208076739709 -1.4934249147673648 13.700000000000001 1329.1291515955593 670.15022466327093 17.500000000000004 3.3000000000000003 18.151369303308282 0.84807692307692317 -5.7499999999999991 -1.6499999999999997 0.37916301959483922 587.21949202085273
decision_type=8 2 2 10 2 2 8 10 8 8 10 10 2 2
left_child=3 2 -2 4 5 -1 7 -5 9 10 -9 13 -13 -12
right_child=1 -3 -4 6 -6 -7 -8 8 -10 -11 11 12 -14 -15
leaf_value=0.0069127733343741487 0.012084808074328697 0.018336435173934341 -0.0045582767308668688 -0.012386766686524119 0.017717840432799944 -0.0087498214146638532 0.00022603250846811888 0.0056624426237525871 -0.014909100902812524 0.017125142726519983 0.00069636002403999984 -0.0052875677679615311 0.013578161464815686 -0.017640299251504819
leaf_weight=18.004239872097969 16.299957811832424 15.869503349065779 19.635425209999088 39.62296986579895 14.643448695540426 14.55458217859268 877.87092766165733 36.4508957862854 21.166069447994232 17.15545991063118 14.574100986123083 25.408625587821007 15.257760331034659 25.866266936063766
leaf_count=74 67 65 81 163 61 60 3614 152 87 71 60 105 64 107
internal_value=0.000270093 0.00929116 0.00354488 -0.000186377 0.0064358 -0.000321522 -0.000506082 -0.00371718 -0.00119697 0.00141393 -0.00148396 -0.004838 0.0025024 -0.0116826
internal_weight=1172.38 51.8049 35.9354 1120.58 47.2023 32.5588 1073.37 195.502 155.879 134.713 117.558 81.1068 40.6664 40.4404
internal_count=4831 213 148 4618 195 134 4423 809 646 559 488 336 169 167
is_linear=0
shrinkage=0.03


Tree=263
num_leaves=15
num_cat=0
split_feature=10 24 17 12 8 10 1 11 10 42 25 11 23 22
split_gain=3.01826 3.96326 4.88213 6.60427 5.67722 3.8928 5.65303 3.86867 8.64334 3.85027 3.41143 3.78134 3.27547 3.26608
threshold=-14.299999999999997 0.15419580419580423 11.950000000000001 24.100000000000005 3.1000000000000005 -17.774999999999995 42.750000000000007 14.100000000000001 -4.0999999999999988 1.5000000000000002 -6.4807692307692299 15.100000000000001 0.53033088235294124 0.82843137254901966
decision_type=8 10 8 10 10 10 2 8 10 10 8 10 10 10
left_child=5 7 3 -3 -5 10 -7 8 -2 -8 11 -1 -6 -9
right_child=1 2 -4 4 12 6 9 13 -10 -11 -12 -13 -14 -15
leaf_value=0.0048706341438173872 0.0035727039167418851 0.0025304029856681866 -0.0095842036960455158 -0.020137905603199297 0.0051905354917129555 0.0031970243595444343 -0.0025762048627237483 0.0024444942493807354 -0.020580913120424951 -0.022949284370949931 0.0089268741288182196 -0.012104973243499661 -0.010607257808817565 0.011528876605256852
leaf_weight=18.704291045665741 33.559588819742203 214.885588362813 51.813581734895706 18.597550913691521 24.320776581764221 19.417136624455452 14.548090919852255 656.51273965835571 15.916553035378454 20.339587032794952 25.197964265942574 19.662508845329285 14.869579792022703 33.23581375181675
leaf_count=79 138 886 218 78 100 80 60 2694 67 84 106 82 62 137
internal_value=0.000653926 0.00116334 -0.00158395 8.14722e-05 -0.00850126 -0.00380349 -0.00933859 0.00237181 -0.00537336 -0.0158416 0.00126143 -0.00422176 -0.00132543 0.00296205
internal_weight=1181.58 1063.71 324.487 272.673 57.7879 117.87 54.3048 739.225 49.4761 34.8877 63.5648 38.3668 39.1904 689.749
internal_count=4871 4380 1344 1126 240 491 224 3036 205 144 267 161 162 2831
is_linear=0
shrinkage=0.03


Tree=264
num_leaves=15
num_cat=0
split_feature=21 17 0 27 18 18 9 10 24 1 1 10 23 23
split_gain=3.36283 5.23887 6.82706 6.44113 5.57722 5.15117 3.60273 3.42422 4.69127 4.35362 6.16952 6.7722 4.56617 4.70899
threshold=10.521142704910529 -4.4499999999999984 9.7500000000000018 16.500000000000004 -5.1499999999999995 -3.1499999999999999 2.3250000000000006 15.100000000000003 0.57738095238095255 40.250000000000007 43.250000000000007 -15.099999999999998 0.45643939393939398 0.51470588235294124
decision_type=8 10 2 2 10 10 10 10 8 2 2 8 10 10
left_child=1 5 3 4 -3 -1 -7 9 -9 12 11 -11 -2 -14
right_child=7 2 -4 -5 -6 6 -8 8 -10 10 -12 -13 13 -15
leaf_value=0.0087490901529720909 0.0079336514848876317 -0.0025032134688239599 -0.0080941074706448266 -0.007601499270014845 0.013637955815444381 0.0019512099412098739 -0.01529061900327762 0.010450723732732198 -0.0052627437781376015 0.0086283084686302417 -0.00019622412380293432 -0.0082785372414474843 -0.011768729087176848 0.0024668109775293494
leaf_weight=16.050548657774925 86.785892829298973 21.609472915530205 21.508158981800079 15.784205064177511 106.15910153090954 15.365899756550787 25.562143132090569 49.795193299651146 21.193111523985863 20.025734826922417 494.51796045899391 178.54695563018322 23.347591578960419 75.331196874380112
leaf_count=66 359 89 89 65 435 63 106 208 90 84 2037 733 96 311
internal_value=0.000390434 0.00367081 0.00633198 0.00869309 0.0109165 -0.00392721 -0.00930969 -0.000391854 0.00572196 -0.000915442 -0.00200775 -0.00640346 0.00311209 -0.00130647
internal_weight=1171.58 222.04 165.061 143.553 127.769 56.9786 40.928 949.544 70.9883 878.555 693.091 198.573 185.465 98.6788
internal_count=4831 913 678 589 524 235 169 3918 298 3620 2854 817 766 407
is_linear=0
shrinkage=0.03


Tree=265
num_leaves=15
num_cat=0
split_feature=12 26 5 26 5 25 9 12 11 3 6 9 24 3
split_gain=3.13837 4.01749 4.69188 3.49313 2.80426 2.93972 3.5306 5.02808 3.11653 2.90296 6.18754 8.02933 6.07633 3.89707
threshold=11.900000000000002 -12.129166666666665 0.71287375754707549 -11.966666666666665 0.19263265103865956 10.861904761904764 3.7000000000000006 28.100000000000005 29.100000000000005 0.023695279464071465 5.5342959833207406 4.7000000000000002 -0.2696969696969696 0.02392390285857882
decision_type=10 8 2 10 2 8 10 10 10 2 2 10 10 2
left_child=3 2 -2 -1 -3 9 8 -8 -7 10 11 12 -6 -11
right_child=1 4 -4 -5 5 6 7 -9 -10 13 -12 -13 -14 -15
leaf_value=0.016055668025439805 0.0024383535014248447 -0.0096478191466789695 -0.0160132650744963 -0.0019579551634708206 0.0040339348649043759 -0.010013745117153064 0.010083964330701712 -0.00724522649584521 0.002148673691626479 0.012322305213032691 0.0094479211332949078 0.0046935694079104501 -0.016397159395192356 0.0015881536544926655
leaf_weight=18.619600638747215 19.680327832698822 18.908359318971634 23.930465012788773 14.767520308494566 14.787008196115492 64.060368821024895 30.060094982385635 21.800241857767105 24.008338108658791 26.852552428841591 25.07193486392498 37.850933775305748 52.011355951428413 783.33857710659504
leaf_count=78 83 79 102 61 61 265 124 90 99 110 104 157 214 3221
internal_value=0.000433329 0.000149149 -0.00829223 0.0088708 0.000520245 0.000741936 -0.00324195 0.00280285 -0.00676085 0.00134905 -0.00274466 -0.00596338 -0.0119084 0.00201732
internal_weight=1175.75 1142.36 43.6108 33.3871 1098.75 1079.84 139.929 51.8603 88.0687 939.912 129.721 104.649 66.7984 810.191
internal_count=4848 4709 185 139 4524 4445 578 214 364 3867 536 432 275 3331
is_linear=0
shrinkage=0.03


Tree=266
num_leaves=15
num_cat=0
split_feature=18 41 21 22 21 20 21 19 12 12 3 1 1 9
split_gain=3.24607 3.19299 2.6247 6.12483 3.72684 4.34162 3.67139 4.70831 4.60277 5.3049 4.67762 4.44257 4.71666 5.08716
threshold=11.950000000000001 55.500000000000007 12.024280881546579 0.33974358974358981 12.390856811747492 14.350570872104756 11.165920373071712 0.75000000000000011 17.100000000000005 29.100000000000005 0.024619206037435396 47.250000000000007 38.250000000000007 1.1000000000000003
decision_type=10 8 10 8 10 10 8 8 10 10 2 2 2 10
left_child=2 -2 3 -1 5 -4 8 -8 10 11 -5 12 -10 -14
right_child=1 -3 4 6 -6 -7 7 -9 9 -11 -12 -13 13 -15
leaf_value=-0.0083577264504333931 -0.0033850078271898056 0.012359499168394572 0.01483750289688476 -0.0021695884015485046 -5.7819162406492582e-05 -0.0034647295971380479 -0.011316431746887044 0.0019268584141444898 -0.01162588631617224 0.013133511216834329 0.017900603463309968 -0.010739813263457382 -0.0030120653220932613 0.010634241673580415
leaf_weight=110.01868456602097 14.760046437382696 29.539191529154778 27.710430175065994 14.941426917910574 687.85416741669178 15.642631798982618 45.549967005848885 43.89412496984005 17.236223191022873 18.119594022631645 23.537120342254639 35.859065398573875 46.915013045072556 43.002073988318443
leaf_count=455 61 121 114 62 2840 64 187 181 71 74 97 147 193 176
internal_value=-0.000235169 0.00730233 -0.000561447 -0.00250242 0.000507683 0.0085583 -0.000169578 -0.00505943 0.00209162 -0.000238358 0.010754 -0.002319 0.000852212 0.00373056
internal_weight=1174.58 44.2992 1130.28 399.073 731.207 43.3531 289.055 89.4441 199.611 161.132 38.4785 143.012 107.153 89.9171
internal_count=4843 182 4661 1643 3018 178 1188 368 820 661 159 587 440 369
is_linear=0
shrinkage=0.03


Tree=267
num_leaves=15
num_cat=0
split_feature=24 15 21 24 7 39 17 15 15 7 23 14 0 39
split_gain=4.18705 5.46075 9.06674 5.09425 5.91234 6.10279 4.94089 5.21581 5.1854 5.01796 4.78884 4.78776 5.8021 5.60048
threshold=0.16605392156862747 5.6500000000000012 16.009372239982152 0.23076923076923078 1.7771881206258378 289.83949801381181 8.6500000000000039 3.4500000000000006 2.1500000000000008 0.76667154437280749 0.78174603174603186 27.900000000000002 3.7500000000000004 1965.4479682200474
decision_type=8 10 8 8 2 2 10 8 10 2 10 10 2 2
left_child=1 6 10 -2 11 -6 7 8 -1 -10 -3 12 -5 -14
right_child=3 2 -4 4 5 -7 -8 -9 9 -11 -12 -13 13 -15
leaf_value=-0.00033750498925477703 -0.0095187549800558706 0.016188567562430534 -0.0073040510959235614 -0.010082280034231015 -0.0095162171298558279 0.0084505855316775232 0.011633853607987639 -0.008477503655105377 0.015082790137729975 -0.0038076707122940969 0.00025889206190953852 -0.0116333688026721 0.0044492842108797446 -0.012745574843440254
leaf_weight=534.62677630782127 70.320260941982269 59.971782758831978 25.342353478074074 42.929072439670563 16.734267145395279 82.23980239033699 27.718830242753029 58.573869422078133 34.585470914840698 16.097995951771736 23.219026684761047 46.083269953727722 115.1689954996109 14.961525738239287
leaf_count=2203 291 246 104 178 70 339 114 240 142 66 95 194 475 62
internal_value=2.5533e-05 0.00129122 0.00737656 -0.00250057 -0.000825895 0.00510127 0.000260562 -0.000314924 0.000566818 0.00927969 0.0120093 -0.00355693 -0.00114001 0.00207388
internal_weight=1168.57 780.136 108.533 388.437 318.117 98.9741 671.603 643.884 585.31 50.6835 83.1908 219.143 173.06 130.131
internal_count=4819 3210 445 1609 1318 409 2765 2651 2411 208 341 909 715 537
is_linear=0
shrinkage=0.03


Tree=268
num_leaves=15
num_cat=0
split_feature=8 8 13 8 27 41 7 26 26 14 19 15 15 20
split_gain=2.83756 5.15195 6.60536 4.12468 3.79775 4.23551 4.02627 3.53676 3.50936 4.95831 4.48629 3.18885 5.0044 4.50574
threshold=6.7000000000000002 8.4500000000000011 16.100000000000005 3.7000000000000006 16.500000000000004 61.500000000000007 -0.032855829892369119 0.13809523809523813 -5.5634920634920624 24.100000000000005 5.6500000000000012 3.2500000000000004 6.0500000000000007 13.880842113423007
decision_type=10 10 10 8 2 8 2 8 8 10 10 10 10 10
left_child=3 2 -2 4 -1 6 -6 -4 -3 -10 -11 13 -13 -5
right_child=1 8 7 11 5 -7 -8 -9 9 10 -12 12 -14 -15
leaf_value=-0.00124894733380003 0.0056322614563470578 -0.01048939017712903 -0.0047974579298493249 -0.0046260992734311291 -0.0092689707627004389 0.013307248884295915 0.0078380714852317457 -0.021876710927399741 -0.001886581467663135 0.019196991531062985 -0.001388994819898359 0.015094710138130855 -0.0014027786796652895 0.0091289447485348712
leaf_weight=728.68007674813271 15.149967029690741 21.532811552286148 22.016520485281944 51.138789221644402 19.892699182033539 30.789451077580452 19.679764926433563 26.756426319479942 104.95335505902767 17.649162799119949 15.355754703283308 42.286620825529099 24.239695370197296 29.698358312249184
leaf_count=3006 62 91 91 211 82 127 81 110 433 73 63 173 100 123
internal_value=-0.000457614 -0.00345896 -0.0103137 0.000265355 -0.000593696 0.00582484 -0.000836569 -0.01533 -0.000481651 0.00139261 0.0106966 0.00478997 0.00940578 0.000664698
internal_weight=1169.82 223.414 63.9229 946.405 799.042 70.3619 39.5725 48.7729 159.491 137.958 33.0049 147.363 66.5263 80.8371
internal_count=4826 923 263 3903 3296 290 163 201 660 569 136 607 273 334
is_linear=0
shrinkage=0.03


Tree=269
num_leaves=15
num_cat=0
split_feature=24 18 16 21 2 10 5 26 20 21 20 5 10 21
split_gain=3.11731 3.22023 2.91811 6.35407 4.92274 2.99085 6.32637 4.54684 4.03351 4.37801 3.76631 3.56628 4.23076 3.31095
threshold=0.96428571428571441 11.750000000000002 -9.2499999999999982 17.084755926915239 0.73176580398842217 9.9000000000000021 0.62765928825722417 -0.96874999999999989 14.245662106440237 14.048724712270028 11.088031585653265 0.81601008304075406 8.4500000000000028 13.018362651367129
decision_type=10 10 8 10 2 10 2 8 8 8 10 2 10 10
left_child=1 2 3 4 -1 11 -7 8 10 -10 -8 12 -4 -9
right_child=-2 -3 5 -5 -6 6 7 13 9 -11 -12 -13 -14 -15
leaf_value=-0.0077271831924371794 0.010999971815762281 0.0075608015884340973 -0.00049456168225610157 -0.019866826149845439 0.010748913226954523 0.018461422024934202 -0.00078232653025540313 0.0024935943058199167 0.0046803003271861411 -0.0130581380582205 0.015230090617997164 0.009870805646480546 -0.011291732680255516 -0.015208366430597019
leaf_weight=25.613641113042831 18.776943266391754 43.882309406995773 845.14111302793026 16.391205236315727 17.530924633145332 18.045239299535751 19.467044547200203 14.605790823698046 28.929400101304054 15.006903141736982 33.322728231549263 23.499205365777016 29.005463421344757 16.98581351339817
leaf_count=108 78 180 3482 69 74 74 80 60 120 62 138 97 119 70
internal_value=0.000248207 2.52987e-05 -0.000307101 -0.00649794 0.000116851 7.52282e-05 0.00397741 0.00132454 0.00454224 -0.0020936 0.00976847 -0.000579538 -0.00091501 -0.00780177
internal_weight=1166.2 1147.43 1103.54 59.5358 43.1446 1044.01 146.363 128.318 96.7261 43.9363 52.7898 897.646 874.147 31.5916
internal_count=4811 4733 4553 251 182 4302 604 530 400 182 218 3698 3601 130
is_linear=0
shrinkage=0.03


Tree=270
num_leaves=15
num_cat=0
split_feature=13 13 24 2 17 11 8 23 17 17 10 24 10 7
split_gain=3.26979 3.39238 4.0407 6.44741 5.19149 4.79932 5.51841 4.69774 4.3818 7.26711 4.28331 5.46468 4.15907 3.5335
threshold=11.100000000000001 20.100000000000005 0.16789215686274514 0.64472716711648881 -6.2499999999999991 19.633333333333336 9.9000000000000021 0.44097222222222227 11.950000000000001 5.3500000000000014 1.2 0.06666666666666668 4.1000000000000023 1.5402915708573393
decision_type=10 10 10 2 10 10 10 10 10 10 10 8 10 2
left_child=-1 2 3 4 -2 -5 -7 8 9 13 -6 12 -12 -4
right_child=1 -3 7 5 10 6 -8 -9 -10 -11 11 -13 -14 -15
leaf_value=0.012261210275647302 0.0082995995622524299 0.0013961570025475829 0.0013551005731282991 0.019153894217396061 -0.010087185847940171 -0.0047534685882054282 0.011985366473516878 -0.01371917466919494 -0.011172781634937951 0.011404890693994434 0.015989589447408459 -0.011245673427741514 -0.0014008188986777913 -0.01565255854375867
leaf_weight=15.811695173382757 25.471003100275993 779.9749646037817 22.148205935955048 17.069060295820236 73.721293866634369 36.546217396855354 26.263354524970055 42.699322074651718 27.934014737606049 32.995664075016975 16.578014820814133 19.435640707612038 27.327791139483452 15.501483187079428
leaf_count=66 105 3214 91 70 303 150 108 177 119 137 68 80 112 64
internal_value=0.000474197 0.000262264 -0.00203105 0.000338246 -0.00308139 0.007068 0.00261341 -0.00596899 -0.00211181 0.00197268 -0.00541404 0.000364976 0.00612889 -0.00666153
internal_weight=1179.48 1163.67 383.691 242.412 162.534 79.8786 62.8096 141.279 98.5794 70.6454 137.063 63.3414 43.9058 37.6497
internal_count=4864 4798 1584 996 668 328 258 588 411 292 563 260 180 155
is_linear=0
shrinkage=0.03


Tree=271
num_leaves=15
num_cat=0
split_feature=20 41 7 12 27 26 2 13 23 39 16 12 19 5
split_gain=3.94176 7.12663 6.85504 4.57314 7.73673 5.70838 6.34949 5.36405 6.51351 5.31712 4.10655 5.33388 4.05006 3.93746
threshold=11.967084486670547 36.500000000000007 -0.068744881055099669 15.900000000000002 10.500000000000002 -1.1846590909090906 0.54618794584328312 28.900000000000002 0.81534090909090928 414.51426689660474 4.0500000000000007 25.450000000000003 3.3500000000000001 0.47552612948068679
decision_type=10 8 2 8 2 10 2 10 10 2 10 10 8 2
left_child=3 2 -2 4 -1 9 7 8 10 12 11 -7 -5 -11
right_child=1 -3 -4 5 -6 6 -8 -9 -10 13 -12 -13 -14 -15
leaf_value=0.0042546084865819223 0.016421902718191706 -0.002218710402309588 -0.0026111052843354513 -0.010178307650289556 -0.018524019390638191 0.0047355499015200751 -0.0054224294321844908 -0.0095315747608628112 0.017887670424560589 -0.00096210241672131582 0.010329049826129432 -0.012843094423718384 0.0080598544876889586 0.013654128803393586
leaf_weight=26.748151287436485 33.08903394639492 682.61087791621685 28.643913701176643 19.059244200587273 19.264279931783676 33.435893520712852 92.920174539089203 16.452652812004089 29.800846740603447 19.344003528356552 30.303222551941872 21.363281533122063 15.316111594438551 89.729596495628357
leaf_count=112 136 2817 118 78 80 137 382 68 124 80 126 88 63 369
internal_value=-1.5757e-05 -0.00131844 0.00805669 0.00231562 -0.00616313 0.00344499 0.000414963 0.00459171 0.00692712 0.00800875 0.00230935 -0.00261828 -0.00206062 0.0111334
internal_weight=1158.08 744.344 61.7329 413.737 46.0124 367.725 224.276 131.356 114.903 143.449 85.1024 54.7992 34.3754 109.074
internal_count=4778 3071 254 1707 192 1515 925 543 475 590 351 225 141 449
is_linear=0
shrinkage=0.03


Tree=272
num_leaves=15
num_cat=0
split_feature=12 12 20 24 29 24 20 41 41 20 30 21 18 19
split_gain=2.72636 3.84836 2.47891 5.48189 5.52746 4.59322 7.24264 4.62986 5.62542 4.80994 4.3813 5.11034 5.84779 5.29601
threshold=34.70000000000001 32.900000000000006 15.36536485381925 -0.11111111111111112 13.500000000000002 -0.13636363636363635 16.193448605789712 64.500000000000014 38.500000000000007 16.904963059698382 1.0000000180025095e-35 11.089033576587312 -5.3666666666666663 -0.14999999999999999
decision_type=10 10 10 10 2 10 10 10 8 10 2 8 8 10
left_child=1 2 3 4 10 -4 -7 8 -8 -9 11 13 -13 -1
right_child=-2 -3 5 -5 -6 6 7 9 -10 -11 -12 12 -14 -15
leaf_value=0.0052183217305644715 -0.0099479079364278699 0.011144964460652499 -0.0033294530552562653 -0.0034773868849258187 -0.013588753456723885 0.012989337018513354 0.0091158592511378141 -0.0072876918003109388 -0.0080307412035165119 0.0092188393161955415 -0.0062804976419837755 -0.0044705793274939752 0.0084725427456154457 -0.011350034611003293
leaf_weight=29.349553883075714 22.108426421880722 20.773943394422531 109.84130434691906 483.47481633722782 15.433631643652914 54.96391536295414 18.18486887216568 16.425549000501633 66.062771245837212 65.85394062101841 39.246219679713249 35.045382976531982 168.42028217017651 30.973227739334106
leaf_count=120 91 87 454 1999 64 228 75 67 271 272 161 145 693 127
internal_value=-0.000542786 -0.000320472 -0.000578676 -0.00147834 0.0015633 0.00158844 0.00404697 0.000802856 -0.00402629 0.0056949 0.00254305 0.00394821 0.00618944 -0.00350644
internal_weight=1176.16 1154.05 1133.28 801.943 318.468 331.332 221.491 166.527 84.2476 82.2795 303.035 263.788 203.466 60.3228
internal_count=4854 4763 4676 3309 1310 1367 913 685 346 339 1246 1085 838 247
is_linear=0
shrinkage=0.03


Tree=273
num_leaves=15
num_cat=0
split_feature=10 10 26 10 22 22 1 10 7 8 3 12 14 12
split_gain=2.90654 4.00547 3.4886 3.42632 3.98408 4.54374 4.39798 3.95008 5.20321 5.50168 6.29861 4.3672 3.87476 3.45511
threshold=22.700000000000006 19.100000000000005 -11.360389610389609 17.300000000000004 0.57417582417582425 0.56458333333333344 50.750000000000007 14.300000000000002 0.20064973131743494 11.225000000000001 0.024807481797745726 19.900000000000002 25.900000000000002 26.100000000000005
decision_type=8 10 10 10 10 10 2 10 2 10 2 10 10 10
left_child=1 3 -2 4 5 6 -1 8 -6 10 11 -10 -8 -13
right_child=2 -3 -4 -5 7 -7 12 -9 9 -11 -12 13 -14 -15
leaf_value=8.2825864408853358e-06 0.0021171059422722387 0.012070903225287914 -0.016540319825348308 -0.012237479466078957 -0.0015323557738217374 -0.013246358706190947 -0.0010874873107111387 0.013391214723882385 0.0012289045179659089 -0.0095425826724202887 0.00021910778485936976 0.021254442124268868 -0.01852456413332066 0.0056234860991530395
leaf_weight=653.56371353566647 14.350665405392649 20.316265895962715 15.415121644735335 15.210285559296606 197.37613861262798 21.713414341211319 24.867669552564621 23.658942043781281 24.839314624667168 15.339965403079985 66.987764850258827 39.764325022697449 17.406441882252693 24.30641470849514
leaf_count=2696 62 85 66 63 812 89 102 98 102 64 276 163 72 101
internal_value=1.17519e-05 0.000269982 -0.0085344 4.41015e-06 0.00022632 -0.00110158 -0.00063081 0.00263863 0.00177852 0.00552998 0.00726354 0.0122768 -0.00946713 0.0161609
internal_weight=1175.12 1145.35 29.7658 1125.03 1109.82 717.551 695.838 392.273 368.614 171.238 155.898 88.9101 42.2741 64.0707
internal_count=4851 4723 128 4638 4575 2959 2870 1616 1518 706 642 366 174 264
is_linear=0
shrinkage=0.03


Tree=274
num_leaves=15
num_cat=0
split_feature=22 22 3 19 15 3 42 7 8 11 15 27 23 23
split_gain=2.83336 3.71795 6.53132 5.45879 4.18624 4.73334 4.36743 3.55193 3.37946 5.23013 3.92707 6.25266 4.52082 6.89064
threshold=0.62828947368421062 0.41987179487179493 0.031965583300923257 0.95000000000000007 6.4500000000000011 0.023818348688622985 5.5000000000000009 5.9823567520080365 4.7000000000000002 23.225000000000005 0.95000000000000007 5.5000000000000009 0.12916666666666668 0.2752525252525253
decision_type=10 10 2 10 10 2 10 2 8 10 10 2 8 8
left_child=1 7 4 -4 5 -3 -6 8 9 10 12 -12 -1 -14
right_child=-2 2 3 -5 6 -7 -8 -9 -10 -11 11 -13 13 -15
leaf_value=-0.011045712205906836 0.0023145469861472279 0.0019252249967216283 -0.0029033941299150836 0.017450295279695278 -0.0074140644199923063 -0.0083649462227604193 0.011087687271969241 0.01268146308180567 -0.0083634443108907709 0.0083806843002805619 0.0065782591297179347 -0.012858885980287525 0.014472517661911153 0.00029681160958797256
leaf_weight=20.993347302079201 360.90367637574673 48.106189355254173 21.485861226916313 18.512628987431526 14.805478513240812 198.18898545205593 23.482272103428841 16.655656024813652 32.775806292891502 67.015502572059631 17.889701098203659 43.150468111038208 30.154306277632713 254.57385878264904
leaf_count=89 1491 198 88 76 61 817 97 69 135 275 74 178 124 1050
internal_value=0.000122849 -0.00086457 -0.00332257 0.00740921 -0.00493282 -0.00635676 0.00390326 0.000803637 0.000249637 0.000988322 -0.000456976 -0.00709548 0.000961314 0.00202195
internal_weight=1168.69 807.79 324.581 39.9985 284.583 246.295 38.2878 483.209 466.553 433.777 366.762 61.0402 305.722 284.728
internal_count=4822 3331 1337 164 1173 1015 158 1994 1925 1790 1515 252 1263 1174
is_linear=0
shrinkage=0.03


Tree=275
num_leaves=15
num_cat=0
split_feature=41 7 13 7 24 8 5 30 24 26 41 26 18 15
split_gain=2.92873 4.02476 3.33254 2.59957 5.94744 4.84412 5.87179 6.95516 4.59047 3.22777 4.43134 4.39705 7.03809 6.9379
threshold=34.500000000000007 -0.43073758407806068 23.450000000000003 -2.2273398732495657 0.57738095238095255 -2.6999999999999997 0.44506236693639945 1.0000000180025095e-35 -0.24772727272727266 -3.4833333333333329 64.500000000000014 -1.1846590909090906 -2.3499999999999992 0.83750000000000013
decision_type=8 2 10 2 8 8 2 2 10 8 8 8 10 8
left_child=1 -1 -3 4 5 8 -7 -8 -2 10 -5 12 13 -11
right_child=3 2 -4 9 -6 6 7 -9 -10 11 -12 -13 -14 -15
leaf_value=0.012602058317535825 -0.0055586128626266612 0.0054410262696525475 -0.0099631999291520269 -0.0066728774769565565 0.01018621267287801 0.0046161549610898812 -0.013831936177578717 0.0024648455050770533 0.0079888966246375193 0.0092120162895948723 0.0015289660732930948 0.0009583494289508907 0.013627443636925295 -0.015179459151792633
leaf_weight=36.408464729785919 37.225258320569992 28.578539803624153 15.27743276953697 99.786713853478432 24.88365176320076 27.804863348603249 92.239587098360062 29.317663818597794 43.5915337651968 16.574307829141617 133.17026269435883 518.73095482587814 60.059846743941307 15.709596946835516
leaf_count=150 154 118 63 411 104 114 381 121 181 68 552 2137 248 65
internal_value=0.000537271 0.00589349 -0.000395579 0.0001212 -0.00250367 -0.00406292 -0.00718435 -0.00995932 0.00178845 0.000924498 -0.00205067 0.00206614 0.0079202 -0.00310101
internal_weight=1179.36 80.2644 43.856 1099.09 255.063 230.179 149.362 121.557 80.8168 844.032 232.957 611.075 92.3438 32.2839
internal_count=4867 331 181 4536 1055 951 616 502 335 3481 963 2518 381 133
is_linear=0
shrinkage=0.03


Tree=276
num_leaves=15
num_cat=0
split_feature=26 10 10 10 42 4 4 41 18 19 19 18 1 26
split_gain=2.70023 2.41642 3.64577 2.57169 5.59945 5.48016 4.39154 4.3073 3.15508 5.14738 3.9313 3.88462 3.1795 3.32727
threshold=-16.176923076923071 22.100000000000005 18.700000000000006 12.100000000000003 1.5000000000000002 258.76065988446288 231.52097781592104 63.500000000000007 -7.5499999999999989 -1.8499999999999999 4.6333333333333337 -6.4499999999999993 37.250000000000007 -2.1380952380952376
decision_type=8 10 10 8 10 2 2 8 10 10 10 10 2 8
left_child=-1 2 3 5 -5 6 8 -7 9 -2 -11 -10 13 -13
right_child=1 -3 -4 4 -6 7 -8 -9 11 10 -12 12 -14 -15
leaf_value=0.0094141087776014598 0.0036949834179060763 -0.0098801717826377203 0.010891114124253953 -0.014944294967010104 -0.00022580157262766702 0.00092654535050142343 -0.01169839960063469 0.020812371999371079 0.0094289357893121897 -0.018038591423795259 0.00010286724905473005 0.0031120206433802363 0.00045454341907520912 -0.010241459595415727
leaf_weight=20.206116512417793 27.66114829480648 19.267041906714439 20.576295167207718 29.466493830084801 72.047972351312637 20.549780294299126 25.760578691959381 14.642500668764113 35.259168907999992 27.275410115718842 16.035439729690552 21.992377027869225 776.09035021066666 46.897076174616814
leaf_count=86 115 83 86 122 298 85 106 60 145 113 66 90 3198 194
internal_value=-0.000302001 -0.000512092 -0.000310297 -0.000565007 -0.00499909 -9.79061e-05 -0.000541835 0.0107603 -0.000180104 -0.00604639 -0.0120064 0.000324364 -0.000108781 -0.00605636
internal_weight=1173.73 1153.52 1134.25 1113.68 101.514 1012.16 976.972 35.1923 951.211 70.972 43.3108 880.239 844.98 68.8895
internal_count=4847 4761 4678 4592 420 4172 4027 145 3921 294 179 3627 3482 284
is_linear=0
shrinkage=0.03


Tree=277
num_leaves=15
num_cat=0
split_feature=1 41 20 41 17 12 21 19 1 1 20 19 11 15
split_gain=3.24998 6.07493 5.47725 3.96161 5.38824 4.45146 4.22526 3.95431 3.80697 4.03438 3.83708 3.24237 4.38715 2.78925
threshold=40.250000000000007 82.500000000000014 13.240510201910491 61.500000000000007 1.0000000180025095e-35 22.500000000000004 11.055918475338599 -2.7499999999999996 38.750000000000007 35.250000000000007 10.632758143000562 -9.3499999999999996 23.700000000000006 0.45000000000000007
decision_type=2 10 8 10 8 10 10 8 2 2 10 10 10 10
left_child=1 2 8 5 -5 6 -4 -8 9 -1 -10 12 -2 -11
right_child=11 -3 3 4 -6 -7 7 -9 10 13 -12 -13 -14 -15
leaf_value=0.0063580844410280604 -0.017649680962990348 -0.013933485233138141 0.0090301076637195558 0.0023401853787281021 0.020927650105006364 0.013973974259875998 0.0024015376472474818 -0.016223704689825882 0.01585123666390352 -0.013501908066001427 -0.0018272780099616579 -0.0012516193629967989 0.0020491861665538095 -0.00056408369901814767
leaf_weight=17.717026129364967 20.287363708019257 14.662926584482191 15.389639824628828 25.663636296987534 30.245772257447243 16.231912761926651 16.956620499491692 17.240577146410942 14.644073992967604 34.763439193367958 23.191170662641525 881.69386024773121 15.449362665414808 24.805186524987221
leaf_count=73 84 61 64 106 126 67 70 71 60 144 96 3637 64 103
internal_value=-0.000813911 0.00217818 0.00344306 0.00774958 0.0132881 0.0024389 -0.00227114 -0.00786013 -0.00124365 -0.00497363 0.00606673 -0.00164155 -0.00992739 -0.00857529
internal_weight=1168.94 251.512 236.849 121.728 55.9094 65.8188 49.5868 34.1972 115.121 77.2857 37.8352 917.431 35.7367 59.5686
internal_count=4826 1041 980 504 232 272 205 141 476 320 156 3785 148 247
is_linear=0
shrinkage=0.03


Tree=278
num_leaves=15
num_cat=0
split_feature=20 15 4 1 13 4 4 26 26 15 11 21 11 22
split_gain=3.4697 4.63852 5.36825 5.05254 4.67866 3.34988 3.25321 6.21658 10.3387 6.05528 4.93559 3.91941 6.17865 5.82271
threshold=18.155195154861627 -1.2499999999999998 72.857688378799267 47.750000000000007 16.100000000000005 -247.63022446866896 75.077676783040388 -2.5634920634920628 -0.10555555555555554 1.0500000000000003 15.900000000000002 18.151369303308282 21.700000000000006 0.069047619047619066
decision_type=10 10 2 2 10 2 2 8 8 8 8 8 10 8
left_child=5 2 -2 4 -3 -1 7 9 -9 -7 -8 13 -13 -10
right_child=1 3 -4 -5 -6 6 10 8 11 -11 -12 12 -14 -15
leaf_value=-0.011164336420908949 -0.0060928963336075951 -0.00014853105071749371 0.012439246459587303 0.0039327435607628518 -0.020117906341048139 0.012250826964589538 -0.013777068032633498 -0.010460990481561457 -0.0090535048827399718 -0.0044989648107294448 -0.00053990028623949798 0.0033859299660414593 -0.015756681234313008 0.0045557613386125262
leaf_weight=17.442304417490959 28.713336184620857 14.671885669231413 19.27153767645359 15.211191013455389 33.368666619062424 80.193879172205925 21.910140424966812 61.116148799657822 26.263173416256905 22.299701109528542 447.08252774178982 32.365240633487701 21.432398051023483 332.23426753282547
leaf_count=73 119 60 79 62 137 331 91 252 109 92 1850 134 88 1369
internal_value=-0.000230465 -0.00515178 0.00182142 -0.0101878 -0.0146081 0.000306562 0.000550301 0.00205297 0.000567935 0.00856679 -0.00129711 0.00230855 -0.00493167 0.00344794
internal_weight=1173.58 111.237 47.9849 63.2517 48.0406 1062.34 1044.9 575.905 473.411 102.494 468.993 412.295 53.7976 358.497
internal_count=4846 457 198 259 197 4389 4316 2375 1952 423 1941 1700 222 1478
is_linear=0
shrinkage=0.03


Tree=279
num_leaves=15
num_cat=0
split_feature=11 3 5 24 42 16 14 24 12 21 21 21 21 25
split_gain=2.39912 4.77785 5.02087 5.8886 4.79098 4.05586 3.49946 3.28478 7.12312 5.75562 5.0241 4.93559 5.42767 5.7469
threshold=17.100000000000005 0.024612634102186174 0.6092947275225401 -0.4258241758241757 11.500000000000002 4.1500000000000012 25.100000000000005 -0.046536796536796564 23.633333333333336 10.25372557797346 18.151369303308282 9.6956462122683984 16.947139862251607 -0.36931818181818177
decision_type=8 2 2 10 10 10 10 10 8 8 10 8 10 8
left_child=1 5 3 -3 -5 6 -1 11 -9 -10 -11 -2 13 -13
right_child=7 2 -4 4 -6 -7 -8 8 9 10 -12 12 -14 -15
leaf_value=-0.016084425517923544 -0.0060428714871863087 -0.0050559827368263522 -0.0094159765801755009 0.013297881426063269 -0.004671100795620645 0.0041802812631649856 -0.001540927893520455 0.0017654641144105082 0.0077359629636179188 -0.0093934541447916586 0.0054292260392559306 0.010064769288613792 -0.0033571249760169001 0.0013609607479321531
leaf_weight=41.149827256798744 42.899185672402382 36.955309182405472 27.156789034605026 51.097148165106773 14.714142367243765 16.751410320401192 23.681958243250847 391.55464282631874 22.224100410938263 138.27018116414547 20.678741350769997 146.54089933633804 64.267464697360992 127.51860858500004
leaf_count=172 176 153 112 209 61 71 98 1620 91 574 85 604 265 523
internal_value=0.000283068 -0.00257077 0.00103002 0.00409924 0.00923421 -0.00803347 -0.0112626 0.000925915 -0.000511796 -0.00534869 -0.00735831 0.0030645 0.00429048 0.00611187
internal_weight=1165.46 211.507 129.923 102.767 65.8113 81.5832 64.8318 953.954 572.728 181.173 158.949 381.226 338.327 274.06
internal_count=4814 876 535 423 270 341 270 3938 2370 750 659 1568 1392 1127
is_linear=0
shrinkage=0.03


Tree=280
num_leaves=15
num_cat=0
split_feature=13 21 19 39 39 25 39 19 25 15 11 39 25 18
split_gain=2.68215 5.58293 5.31372 4.49792 3.06854 3.6145 3.38629 3.40469 2.77837 4.70073 4.63246 4.45364 4.59039 4.26391
threshold=15.500000000000002 15.413017585100937 -2.8874999999999997 2282.6337519355907 2075.0700600068817 0.93541666666666679 1842.9787499682704 3.1500000000000008 4.1483516483516496 -6.0499999999999989 21.700000000000006 197.65515678535397 -15.966666666666665 -0.54999999999999993
decision_type=10 10 8 2 2 8 2 8 10 10 8 2 10 10
left_child=1 2 -1 4 6 -6 8 -8 9 10 -2 -11 -13 -10
right_child=3 -3 -4 -5 5 -7 7 -9 13 11 -12 12 -14 -15
leaf_value=0.011196466002237391 0.0020130410042951078 -0.014991440231637031 -0.0050544677537977577 -0.0078400913143738173 0.015413146949319939 -0.0012716675943376401 6.4941711038157972e-05 -0.017254525745990651 -0.0024010966556003398 0.0076655740397088357 0.016637602276193531 0.0059195054162270288 -0.0032863886483312636 0.0061803379551399586
leaf_weight=20.581361621618271 120.60785318911076 28.577324345707893 57.01288603246212 55.167872995138168 21.463154762983322 19.661548227071762 21.313109844923019 14.55246366560459 73.786812350153923 38.458274841308594 18.714247450232506 49.792778074741364 464.85625775158405 155.94672834873199
leaf_count=86 499 119 238 229 88 81 89 60 305 158 77 205 1918 643
internal_value=-0.000338891 -0.00477095 -0.000327157 0.000127835 0.000604629 0.00816307 0.000239475 -0.00821375 0.000610767 -0.000343045 0.00448581 -0.00158868 -0.00234732 0.00343168
internal_weight=1160.49 106.172 77.5942 1054.32 999.153 41.1247 958.029 35.8656 922.163 692.429 139.322 553.107 514.649 229.734
internal_count=4795 443 324 4352 4123 169 3954 149 3805 2857 576 2281 2123 948
is_linear=0
shrinkage=0.03


Tree=281
num_leaves=15
num_cat=0
split_feature=1 27 12 15 18 14 41 42 17 12 15 3 1 1
split_gain=2.31754 7.13826 5.60469 3.31761 2.89692 2.91064 6.71559 5.23732 6.45263 7.7605 5.13094 5.01859 4.64675 4.19311
threshold=50.750000000000007 7.5000000000000009 27.100000000000005 1.2500000000000002 13.550000000000002 24.100000000000005 66.500000000000014 9.5000000000000018 4.1125000000000016 26.300000000000001 -3.3499999999999992 0.024171853464983965 42.750000000000007 47.750000000000007
decision_type=2 2 10 8 10 8 10 10 8 10 10 2 2 2
left_child=4 3 -3 -2 5 -1 7 8 9 12 -8 -12 -7 -13
right_child=1 2 -4 -5 -6 6 10 -9 -10 -11 11 13 -14 -15
leaf_value=-0.0011403313989927638 -0.021457405689708452 -0.006770132043044501 0.010051913072067599 -0.0030381700611292533 0.010596542856712033 -0.0042000839315952908 -0.0010839591965386426 0.0045571337228581463 -0.012981077785052097 -0.015445453248112792 -0.0028025212245251169 0.015753220709610934 0.013033659588284827 0.00033853594410480773
leaf_weight=691.53997966647148 19.010236248373985 30.519372597336769 31.004098206758499 16.90804834663868 18.72219555079937 20.046790435910225 55.623296171426773 69.647577956318855 51.474051430821419 14.69438177347183 21.295837312936783 74.76489894092083 30.741068407893181 20.1088877171278
leaf_count=2857 80 126 127 69 77 82 230 288 214 60 89 309 126 83
internal_value=-0.000182777 -0.00449347 0.00182551 -0.0142175 0.000229373 -4.83946e-06 0.00217168 -0.00175605 -0.00554825 0.000800906 0.00636703 0.00983216 0.00646446 0.0126665
internal_weight=1166.1 97.4418 61.5235 35.9183 1068.66 1049.94 358.397 186.604 116.956 65.4822 171.793 116.17 50.7879 94.8738
internal_count=4817 402 253 149 4415 4338 1481 770 482 268 711 481 208 392
is_linear=0
shrinkage=0.03


Tree=282
num_leaves=15
num_cat=0
split_feature=3 7 25 3 39 19 20 18 25 15 10 18 25 25
split_gain=2.81809 2.87072 4.05153 2.68292 3.00724 2.71138 3.3491 3.83207 3.80071 3.48205 2.80653 5.35778 4.05498 9.44446
threshold=0.043482987795078316 5.7900868211337464 1.9687500000000002 0.042631993561552901 840.0309154608143 -7.1499999999999995 11.796421302901804 3.2500000000000004 -4.7928571428571418 0.15000000000000005 4.5000000000000009 -5.7749999999999995 -5.6547619047619042 -6.4807692307692299
decision_type=2 2 10 2 2 8 8 10 10 10 8 8 10 10
left_child=1 3 -3 5 -5 6 -1 8 -8 -10 12 -12 13 -7
right_child=-2 2 -4 4 -6 10 7 -9 9 -11 11 -13 -14 -15
leaf_value=-0.0042891182799609856 0.01089179960346995 0.012985789773316086 -0.0046211992092462769 0.0012280415964204211 -0.015041046273040232 -0.0014681432913729946 -0.0010789417315996723 -0.0029416809218762072 0.025391151205236055 0.0054178973033698098 0.010424359833641468 -0.00038481226422792237 -0.0039405302959191384 0.015860627141574397
leaf_weight=27.201683893799782 14.558439597487448 26.446549251675606 15.5069163441658 16.250430211424828 19.702567279338837 191.46237067878246 14.395720466971396 20.468459323048592 15.43551082909107 18.451006010174751 42.911486119031906 295.52487622201443 423.55806711316109 28.095971405506134
leaf_count=113 60 110 64 67 81 792 60 85 64 76 178 1225 1747 116
internal_value=-0.00040454 -0.000593194 0.00667878 -0.000895823 -0.00843543 -0.000606449 0.00408086 0.00745877 0.0117302 0.0166108 -0.00108302 0.00111753 -0.00224074 0.00105312
internal_weight=1169.97 1155.41 41.9535 1113.46 35.953 1077.51 95.9524 68.7507 48.2822 33.8865 981.553 338.436 643.116 219.558
internal_count=4838 4778 174 4604 148 4456 398 285 200 140 4058 1403 2655 908
is_linear=0
shrinkage=0.03


Tree=283
num_leaves=15
num_cat=0
split_feature=28 13 12 26 11 42 21 26 16 42 2 20 16 26
split_gain=2.90976 5.22911 5.03206 4.99962 3.86688 3.81185 3.53494 2.92764 3.27075 6.3213 4.45233 4.12027 2.89891 5.26482
threshold=6.5000000000000009 22.100000000000005 22.100000000000005 2.0263157894736845 21.100000000000005 6.5000000000000009 11.612254063894936 -16.176923076923071 -8.7499999999999982 8.5000000000000018 0.86507073707783155 8.4122925927874483 -3.4499999999999997 -8.4833333333333325
decision_type=2 8 10 8 10 8 10 8 10 10 2 10 10 8
left_child=1 2 5 6 -4 -1 -3 -2 9 -9 11 -10 -13 -14
right_child=7 3 4 -5 -6 -7 -8 8 10 -11 -12 12 13 -15
leaf_value=0.0020556882697804046 0.011207691999313056 0.0087526874909200723 -0.0030559717535941413 -0.016502093774923798 0.014442845798746551 -0.015041001122162148 -0.0073945349537093714 -0.01217290787212524 -0.0057100508213615408 0.0070506477934552921 -0.011014331628385818 0.0051714878929763316 0.011965760231548148 0.00040002803562789053
leaf_weight=25.02865968644619 19.370828837156296 14.682552888989447 15.178382903337477 34.234523460268974 27.47478711605072 15.519585773348807 27.349277138710022 40.204794391989708 62.374384641647339 19.353314071893692 21.545241713523865 195.30632802844048 32.534849688410759 637.51708959043026
leaf_count=104 82 60 62 142 113 64 113 170 257 80 90 805 134 2632
internal_value=0.000340074 -0.00336799 0.00181923 -0.00879065 0.00854851 -0.00542075 -0.00142313 0.000928685 0.000677016 -0.00586398 0.00111598 0.00145522 0.00200152 0.00104608
internal_weight=1187.67 159.468 83.2014 76.2664 42.6532 40.5482 42.0318 1028.21 1008.84 59.5581 949.278 927.733 865.358 670.052
internal_count=4908 658 343 315 175 168 173 4250 4168 250 3918 3828 3571 2766
is_linear=0
shrinkage=0.03


Tree=284
num_leaves=15
num_cat=0
split_feature=15 13 5 27 15 42 24 15 16 21 23 42 16 42
split_gain=3.9351 4.13129 3.57319 4.4308 3.72794 3.42655 4.86139 5.25325 4.82141 3.86848 3.35652 3.09225 2.7797 6.62779
threshold=-5.8499999999999988 30.300000000000001 0.28460077079440721 14.500000000000002 -5.2749999999999995 5.5000000000000009 -0.10357142857142858 -7.1499999999999995 2.5500000000000003 11.993516543544766 0.53452380952380962 3.5000000000000004 7.3166666666666673 6.5000000000000009
decision_type=8 8 2 2 10 10 8 10 10 10 8 8 8 10
left_child=5 2 3 11 -4 8 9 -8 10 -7 -1 -2 -6 -14
right_child=1 -3 4 -5 12 6 7 -9 -10 -11 -12 -13 13 -15
leaf_value=0.0073818657190121506 0.00025712009487262707 -0.010734856855185222 -0.012277879949414669 -0.0060298055324257858 -0.001292890382417707 -0.0053028856090729147 -0.0143723623317089 0.0057137387585296509 0.01673997624037488 0.011709418598584894 -0.0058039718813500934 0.01741002420041695 -0.0031171164921540142 0.012304426491117262
leaf_weight=41.342297688126564 14.400532767176626 32.589311674237251 20.853683039546013 14.453234672546385 793.57913319766521 14.840177923440931 27.246128037571907 14.96924903988838 29.237990021705627 29.577783331274986 23.248542174696922 23.43808676302433 51.044562235474586 41.498684585094452
leaf_count=170 61 137 87 60 3272 61 113 62 121 123 96 98 210 172
internal_value=-0.000230674 -0.000976249 -0.000590774 0.00668152 -0.00104439 0.003783 -0.000542143 -0.00739916 0.00760185 0.0060641 0.0025598 0.011674 -0.000712622 0.00407452
internal_weight=1172.32 991.857 959.268 52.2919 906.976 180.462 86.6333 42.2154 93.8288 44.418 64.5908 37.8386 886.122 92.5432
internal_count=4843 4097 3960 219 3741 746 359 175 387 184 266 159 3654 382
is_linear=0
shrinkage=0.03


Tree=285
num_leaves=15
num_cat=0
split_feature=3 3 29 21 9 3 0 0 3 21 14 21 20 41
split_gain=3.64843 2.53408 6.0145 6.85363 8.41517 4.84259 4.16721 5.9693 4.02176 3.68666 3.48755 4.56867 6.64649 3.19405
threshold=0.043482987795078316 0.025177278803792173 11.500000000000002 10.385352878497015 -12.299999999999999 0.025729822833822972 -2.2499999999999996 5.7500000000000009 0.024914046876219013 12.228382252273578 29.300000000000001 16.891319249560464 11.587349423689028 13.500000000000002
decision_type=2 2 2 10 10 2 2 2 2 10 10 8 10 10
left_child=1 8 3 6 -5 -6 -3 -8 10 -10 13 12 -12 -1
right_child=-2 2 -4 4 5 -7 7 -9 9 -11 11 -13 -14 -15
leaf_value=-0.010260276471029142 0.012415775361912695 0.015071699817742513 0.011160764459135629 0.011311407676755744 -0.01877768715266475 -0.0060540182551964122 -0.010074150171486426 0.010790132946618777 -0.0019600946190221381 0.0133350458269238 0.0047208655954989465 0.0059734579866619029 -0.017671195512755575 0.00064458012859994185
leaf_weight=20.024227172136307 14.679768174886702 17.534413114190102 20.279312312602997 17.381182432174683 29.623431727290154 173.76942074298859 22.941015318036079 17.134310647845268 20.733635872602463 33.216610938310623 14.681989863514898 15.646969407796858 33.710354879498482 709.10970413684845
leaf_count=83 61 72 84 73 122 718 94 71 85 137 61 65 141 2930
internal_value=-0.00039545 -0.000612818 -0.00296427 -0.004172 -0.00655194 -0.00831325 0.00474338 -0.00094619 0.000228743 0.00778928 -0.000331085 -0.00677597 -0.0110717 0.000277259
internal_weight=1160.47 1145.79 298.663 278.384 220.774 203.393 57.6097 40.0753 847.123 53.9502 793.173 64.0393 48.3923 729.134
internal_count=4797 4736 1234 1150 913 840 237 165 3502 222 3280 267 202 3013
is_linear=0
shrinkage=0.03


Tree=286
num_leaves=15
num_cat=0
split_feature=13 3 27 21 15 17 35 17 3 39 2 27 4 2
split_gain=2.95889 5.81024 4.15923 4.67579 3.7068 3.43009 5.32642 4.78906 5.66262 4.44143 10.0041 6.40903 5.86333 7.36578
threshold=15.500000000000002 0.024914046876219013 10.500000000000002 14.004165876838968 10.65 3.850000000000001 1.0000000180025095e-35 9.0208333333333357 0.024389867405203661 446.89461688094599 0.40659338827909036 7.5000000000000009 139.78782462788232 0.57598002417470484
decision_type=8 2 2 8 10 10 2 10 2 2 2 2 2 2
left_child=1 2 3 -1 5 9 -7 8 -8 10 -2 -12 13 -13
right_child=4 -3 -4 -5 -6 6 7 -9 -10 -11 11 12 -14 -15
leaf_value=-0.0022404614898535891 -0.004154171345950741 0.0074433120065070671 -0.0011764932156584232 -0.023156079294403872 0.01177656342636014 0.00088533413979443849 0.00075805737720305495 0.0011979649755471909 -0.017330013410057139 0.00021631296169135852 0.017353874212202757 0.0089534855748586144 0.015260459447240993 -0.010825900810733476
leaf_weight=17.500280722975731 64.385602355003357 23.9692592471838 39.723682314157486 20.123313248157501 22.170172810554504 185.06646552681923 21.786466509103775 37.112943381071091 46.297834441065788 558.1314507573843 55.041037529706955 28.068932980298996 23.379214450716972 29.834642171859741
leaf_count=73 267 100 165 85 92 764 90 154 191 2307 226 115 97 123
internal_value=0.000363804 -0.00441284 -0.00831583 -0.0148314 0.00083396 0.000547952 -0.0022013 -0.0074252 -0.0118861 0.00160709 0.0053753 0.0098638 0.00408014 -0.00128823
internal_weight=1172.59 101.317 77.3473 37.6236 1071.27 1049.1 290.264 105.197 68.0843 758.841 200.709 136.324 81.2828 57.9036
internal_count=4849 423 323 158 4426 4334 1199 435 281 3135 828 561 335 238
is_linear=0
shrinkage=0.03


Tree=287
num_leaves=15
num_cat=0
split_feature=5 42 39 24 24 30 21 25 21 21 39 39 9 9
split_gain=2.34294 4.81141 8.57238 5.87403 6.92168 5.45094 5.20663 6.75958 4.9099 4.65439 4.35686 4.95499 4.24132 6.30178
threshold=0.6092947275225401 12.500000000000002 1187.4181588722888 -0.14809941520467837 -0.11111111111111106 -1.4999999999999998 11.645933897953119 0.37980769230769235 11.757267256183882 15.196673523588812 997.26269446310107 478.26239297066815 5.1000000000000005 6.3000000000000016
decision_type=2 8 2 8 8 2 8 8 10 10 2 2 10 10
left_child=1 3 6 5 -5 -1 -3 -8 -7 -10 11 -11 -6 -14
right_child=-2 2 -4 4 12 8 7 -9 9 10 -12 -13 13 -15
leaf_value=-0.011114416422609061 -0.00069512385090409964 0.011710377925313686 -0.014999710313180115 0.019912738392393329 0.0017437253322821332 -0.0046642054747207768 0.0041487879611066137 -0.014757464186953506 0.0092117729559650675 0.0037787057042678101 0.0076567531772128335 -0.014499170354904679 0.023914589687451793 0.0046188457483268093
leaf_weight=29.668440744280815 516.42042109370232 26.837381169199944 33.944107428193092 25.325387701392174 169.70773074030876 71.633869752287865 41.735739052295685 22.056245997548103 83.302599042654037 21.472090065479279 27.667077258229256 24.294591650366783 17.187679782509804 59.817849576473236
leaf_count=123 2136 110 141 104 701 295 172 91 344 88 116 100 71 247
internal_value=0.000812376 0.00199782 -0.00321599 0.00324172 0.00627529 -1.49233e-05 0.00175096 -0.00298559 0.00163429 0.00456811 -0.000951036 -0.00639626 0.00450765 0.0101212
internal_weight=1171.07 654.651 124.573 530.077 272.039 258.039 90.6294 63.792 228.37 156.736 73.4338 45.7667 246.713 77.0055
internal_count=4839 2703 514 2189 1123 1066 373 263 943 648 304 188 1019 318
is_linear=0
shrinkage=0.03


Tree=288
num_leaves=15
num_cat=0
split_feature=22 27 3 13 39 1 22 10 9 13 13 26 17 7
split_gain=3.07431 6.0571 3.5111 5.12422 4.44733 5.0415 3.45381 3.74679 4.81738 4.37983 4.22684 4.17811 6.55226 6.67476
threshold=0.57417582417582425 16.500000000000004 0.024749452441891643 29.100000000000005 352.83188082293344 44.750000000000007 0.41987179487179493 -1.5999999999999999 -1.4999999999999998 19.900000000000002 25.300000000000001 -2.9666666666666663 -5.0624999999999991 2.0468862901740663
decision_type=10 2 2 8 2 2 10 10 10 10 10 8 8 2
left_child=1 2 6 4 5 -4 7 11 9 -9 -11 -1 13 -13
right_child=-2 -3 3 -5 -6 -7 -8 8 -10 10 -12 12 -14 -15
leaf_value=0.0096022722418373872 0.0019700588667638029 0.0079817894312017162 0.018690699733707516 -0.0085390630207033344 0.00056401648520006478 -0.0019841494683371496 -0.0072563159918194566 0.0070548024179584645 -0.018416501048695768 -0.012408984527391729 0.0023982902053239909 -0.011223247277862924 0.0053373938602850092 0.0059747399709512098
leaf_weight=34.389178156852722 431.90080972015858 54.502121120691299 24.34829318523407 36.467019647359848 147.22175526618958 15.248146802186964 145.04079149663448 24.931637302041054 17.709741160273552 39.10168619453907 26.302973240613937 65.93914806842804 71.253996327519417 24.79145735502243
leaf_count=142 1785 226 100 152 606 63 600 103 73 162 109 274 293 104
internal_value=-2.16147e-05 -0.00120981 -0.00200786 0.00105189 0.00309783 0.0113992 -0.00352274 -0.00165537 -0.00600866 -0.00273791 -0.00670671 0.000829561 -0.00126463 -0.00645741
internal_weight=1159.15 727.248 672.746 223.285 186.818 39.5964 449.461 304.42 108.046 90.3363 65.4047 196.374 161.985 90.7306
internal_count=4792 3007 2781 921 769 163 1860 1260 447 374 271 813 671 378
is_linear=0
shrinkage=0.03


Tree=289
num_leaves=15
num_cat=0
split_feature=8 26 26 22 23 26 7 8 11 12 18 7 25 13
split_gain=3.0565 4.0454 3.97699 3.8792 4.38387 5.1756 4.52505 4.62555 4.44457 4.42573 5.53816 4.33238 3.70181 4.29738
threshold=-7.6999999999999984 -12.47222222222222 -16.176923076923071 0.38675213675213682 0.36038961038961043 0.97058823529411775 2.8923173671068758 5.1000000000000005 21.266666666666669 23.300000000000001 -2.7499999999999996 6.8590449125076534 1.6794871794871797 16.900000000000002
decision_type=10 8 10 10 8 8 2 10 10 8 10 2 10 10
left_child=-1 2 -2 4 8 -6 7 9 -3 -7 -11 12 -5 -14
right_child=1 3 -4 11 5 6 -8 -9 -10 10 -12 -13 13 -15
leaf_value=-0.0035278717224990659 0.0030203684467818123 0.017894309433427825 -0.014650752188512866 -0.0029821773402696149 -0.0066463720076075433 -0.0021211231974772064 0.014704041291994676 -0.011186991243862009 0.0007915549152316385 -0.0036369964856302547 0.015676810864235828 -0.014167874485851642 -0.0033051665565105564 0.0034798758374771322
leaf_weight=216.7188306003809 16.005554288625717 30.357125014066696 25.545808464288712 230.08203673362732 45.239686161279678 50.924892544746399 26.102860137820244 16.08320090174675 23.08706696331501 17.213262841105461 37.098404183983803 14.894917905330656 109.68606527149677 313.50573343038559
leaf_count=901 68 125 109 947 186 209 109 66 95 71 153 62 457 1291
internal_value=-0.000353994 0.000380248 -0.00825055 0.000815236 0.00399451 0.00176121 0.00447464 0.0017788 0.011206 0.00417788 0.00976501 -0.000376757 4.29115e-05 0.00170322
internal_weight=1172.55 955.827 41.5514 914.275 246.106 192.662 147.423 121.32 53.4442 105.237 54.3117 668.169 653.274 423.192
internal_count=4849 3948 177 3771 1014 794 608 499 220 433 224 2757 2695 1748
is_linear=0
shrinkage=0.03


Tree=290
num_leaves=15
num_cat=0
split_feature=9 42 9 11 15 23 21 25 29 15 19 3 9 39
split_gain=1.77196 5.8353 6.49558 9.38955 8.41494 5.72912 4.40917 7.65628 5.22558 9.0527 4.28912 4.21489 5.07786 5.06839
threshold=1.0000000180025095e-35 13.500000000000002 -1.7 23.700000000000006 0.31666666666666671 0.44722222222222224 17.188497336405892 5.1483516483516496 6.5000000000000009 -2.2499999999999996 0.45000000000000007 0.025070420785545004 -12.549999999999999 1678.8945660662548
decision_type=8 10 10 10 10 8 8 10 2 10 10 2 10 2
left_child=1 2 11 4 10 -3 8 -8 9 -2 -4 13 -13 -1
right_child=6 5 3 -5 -6 -7 7 -9 -10 -11 -12 12 -14 -15
leaf_value=-0.0014719109983336812 0.0065976792788489929 0.0019474952404825272 0.014853336564186862 0.018323263783632505 -0.014617672640221705 0.020101112665834382 -0.011370188784950247 0.0062444624513695746 0.0012104420803745154 -0.015057167005313862 -0.0030479521810212657 0.0076198759195315463 -0.0085373275755284087 0.0086304547493535819
leaf_weight=246.23346017301083 23.486375048756599 40.206574246287346 22.046964347362518 34.132544457912445 19.60405795276165 21.959800526499748 76.764676183462143 26.820813909173012 422.4625386595726 43.45371325314045 19.143829450011253 16.712833777070045 107.68541520833969 49.376008316874504
leaf_count=1019 97 168 91 140 80 90 318 111 1747 180 79 70 444 205
internal_value=-0.000116403 0.00106237 -2.22269e-05 0.00686028 -0.000478847 0.00937912 -0.00126288 -0.0067318 -4.89743e-05 -0.00752893 0.0071042 -0.00164017 -0.00615606 0.000330982
internal_weight=1170.09 577.101 514.935 94.9274 60.7949 62.1664 592.988 103.585 489.403 66.9401 41.1908 420.008 124.398 295.609
internal_count=4839 2386 2128 390 250 258 2453 429 2024 277 170 1738 514 1224
is_linear=0
shrinkage=0.03


Tree=291
num_leaves=15
num_cat=0
split_feature=17 3 1 8 22 10 22 8 17 11 16 28 27 16
split_gain=3.57153 3.76798 3.75894 3.41762 5.45151 6.76111 5.35683 5.32948 5.30958 5.17676 4.69235 4.10315 4.01013 3.93633
threshold=12.150000000000002 0.024429227860328199 45.250000000000007 3.1000000000000005 0.41287878787878796 5.700000000000002 0.45643939393939398 4.7000000000000002 2.1500000000000008 22.100000000000005 -4.9499999999999993 7.5000000000000009 16.500000000000004 -4.0499999999999989
decision_type=8 2 2 10 10 10 10 10 10 10 10 2 2 10
left_child=3 -2 -3 4 10 12 8 9 -5 -8 -1 13 -6 -12
right_child=1 2 -4 6 5 -7 7 -9 -10 -11 11 -13 -14 -15
leaf_value=-0.0041328659833195494 -0.013808530613466706 -0.0061563078457383862 0.0077720836657469584 -0.017354197182520358 -0.0063139513796304017 0.0058969133267616266 -0.0019463851668536044 0.0027907093040280451 0.0025416530821554735 0.017455159176512646 0.017561231651327266 -0.0035861312325943134 0.0041401647966315047 0.00407129073653658
leaf_weight=81.155447393655777 25.215187042951584 40.512080177664757 23.318610295653343 15.802038073539732 238.71675316989422 59.251076087355614 15.335243701934813 231.56302157044411 26.207136109471321 43.796601712703705 16.820751786231995 54.202325776219368 34.673601001501083 264.99427317082882
leaf_count=337 107 171 97 65 987 244 63 957 107 180 69 224 143 1097
internal_value=0.000536917 -0.00507539 -0.000873037 0.00101979 -0.000108145 -0.00294892 0.00352577 0.00497929 -0.00599213 0.0126641 0.0021651 0.00372449 -0.00493753 0.00516857
internal_weight=1171.56 89.0459 63.8307 1082.52 749.814 332.641 332.704 290.695 42.0092 59.1318 417.173 336.017 273.39 281.815
internal_count=4848 375 268 4473 3101 1374 1372 1200 172 243 1727 1390 1130 1166
is_linear=0
shrinkage=0.03


Tree=292
num_leaves=15
num_cat=0
split_feature=25 16 3 8 2 16 16 4 18 17 3 18 26 39
split_gain=3.34526 3.18002 10.9975 2.79477 2.90747 2.35796 4.77228 4.96432 2.231 7.03763 6.04595 5.6988 5.36971 4.4967
threshold=15.531250000000002 -10.249999999999998 0.024446710502382788 14.700000000000001 0.86143807253105797 -9.2499999999999982 -7.7499999999999991 113.06308377984898 -6.4499999999999993 5.3500000000000014 0.024366704572654222 -3.2499999999999996 3.3923076923076927 447.75952350939139
decision_type=10 8 2 10 2 8 8 2 8 10 2 8 10 2
left_child=1 2 -1 4 5 -3 7 -7 9 10 -8 12 -10 -12
right_child=-2 3 -4 -5 -6 6 8 -9 11 -11 13 -13 -14 -15
leaf_value=-0.011359509911347055 -0.010426158814132296 -0.0097627527510467729 0.017042985502894088 0.0084299844626049645 -0.0098980366370511677 0.018295398543681472 -0.010132951625151434 -0.0017219815420326508 -0.010074148296870181 0.018278961955627577 -0.0066092605792786151 0.00023089455654717037 0.0016758273469624873 0.009829315519572791
leaf_weight=14.572886675596235 22.272233486175537 17.421422034502029 30.335219904780388 28.313822060823441 23.204411759972572 20.613130047917366 30.588410064578056 18.348652854561806 97.740094676613808 18.353829339146614 17.25441575050354 738.81807912886143 51.168732553720474 45.342334523797035
leaf_count=62 94 73 127 118 97 85 128 76 404 76 71 3050 211 187
internal_value=-4.10649e-05 0.000203889 0.00761157 -0.000129445 -0.000391934 -0.000137304 7.0228e-05 0.00974475 -0.000353624 0.00355258 -0.000131081 -0.00086157 -0.00611329 0.00514441
internal_weight=1174.35 1152.08 44.9081 1107.17 1078.85 1055.65 1038.23 38.9618 999.266 111.539 93.1852 887.727 148.909 62.5968
internal_count=4859 4765 189 4576 4458 4361 4288 161 4127 462 386 3665 615 258
is_linear=0
shrinkage=0.03


Tree=293
num_leaves=15
num_cat=0
split_feature=21 27 1 19 11 19 41 15 4 4 3 35 11 21
split_gain=2.53613 4.48182 4.26017 2.37491 3.82828 3.05535 5.72036 4.24199 3.63676 4.48094 4.88404 6.93313 4.11511 3.74817
threshold=8.3453230064313928 7.5000000000000009 43.750000000000007 11.050000000000002 24.100000000000005 8.2500000000000018 49.500000000000007 -2.1499999999999999 78.387052071320696 9.4219711774516117 0.024327165659039366 1.0000000180025095e-35 15.900000000000002 10.385352878497015
decision_type=8 2 2 10 10 8 8 10 2 2 2 2 10 8
left_child=1 -1 -3 5 -5 8 -7 -8 9 13 11 -11 -10 -2
right_child=3 2 -4 4 -6 6 7 -9 12 10 -12 -13 -14 -15
leaf_value=-0.0048465873232431678 0.0068768154767927707 0.00060887948678561106 0.018576049020889565 -0.00096757296451648728 0.014636291329273209 0.0071886649945952777 -0.0014138233533544772 -0.018062954589927068 -0.014638590289899821 -0.0084694360957460295 0.007869802567288477 0.010896164085831881 -0.0019301321270672705 -0.0021478745090363475
leaf_weight=23.490812540054321 42.627963081002235 22.37074701488018 21.195291802287102 34.911989837884903 18.162691786885262 16.227817863225937 24.268366396427155 29.890718549489975 19.522580608725548 44.226441755890846 129.46670053899288 20.251618668437004 408.69369232654572 316.27644580602646
leaf_count=97 176 92 87 144 75 67 101 123 82 183 533 83 1690 1313
internal_value=-0.000388383 0.00506804 0.0103626 -0.000740993 0.00517262 -0.00106257 -0.00688462 -0.0113526 -0.000612069 0.000992955 0.00460656 -0.00204056 -0.00267178 -0.000996231
internal_weight=1171.58 67.0569 43.566 1104.53 53.0747 1051.45 70.3869 54.1591 981.065 552.849 193.945 64.4781 428.216 358.904
internal_count=4846 276 179 4570 219 4351 291 224 4060 2288 799 266 1772 1489
is_linear=0
shrinkage=0.03


Tree=294
num_leaves=15
num_cat=0
split_feature=8 19 20 25 10 25 25 17 10 26 39 25 19 14
split_gain=3.1821 2.41098 3.88562 2.94121 2.51388 3.89359 3.87595 2.87582 2.76873 6.11399 4.85668 4.53839 4.33879 3.74639
threshold=-18.099999999999998 -8.7499999999999982 12.566489735500976 -0.85164835164835151 -14.299999999999997 -8.6339285714285694 -15.966666666666665 -12.349999999999996 -10.099999999999998 6.8062500000000012 606.21729685841763 -8.4226190476190457 3.3500000000000001 21.633333333333336
decision_type=10 8 8 8 8 8 8 10 10 10 2 8 10 10
left_child=-1 2 -2 -4 5 7 -6 -3 9 10 -8 12 -10 -12
right_child=1 4 3 -5 6 -7 8 -9 11 -11 13 -13 -14 -15
leaf_value=0.011008117255094901 -0.014891364450710574 -0.0013531908068538869 -0.0083343904361326375 0.0067922665457065901 0.013914887464257911 6.032160417632676e-05 0.022707579030292673 -0.019202312451080127 -0.013972718836299535 -0.004502222964487392 -0.0036583554023765313 0.00064625707605419161 0.0029492109357247233 0.013521035045129574
leaf_weight=19.515806958079338 19.73376490175724 14.583322882652284 15.15734641253948 22.167532980442047 15.10931049287319 71.764244928956032 16.793424233794212 15.985274016857145 33.081763699650764 31.460496321320534 22.183993339538574 845.1050014346838 18.914207816123962 15.502462282776831
leaf_count=81 82 62 63 92 63 300 69 66 138 130 93 3490 78 64
internal_value=0.000312475 8.55806e-05 -0.00566866 0.000390549 0.00040822 -0.00395811 0.000873364 -0.0120743 0.000603514 0.00559145 0.0113087 9.73379e-05 -0.00809843 0.00416445
internal_weight=1177.06 1157.54 57.0586 37.3249 1100.48 102.333 998.151 30.5686 983.041 85.9404 54.4799 897.101 51.996 37.6865
internal_count=4871 4790 237 155 4553 428 4125 128 4062 356 226 3706 216 157
is_linear=0
shrinkage=0.03


Tree=295
num_leaves=15
num_cat=0
split_feature=8 15 16 3 39 3 7 16 39 10 17 19 26 14
split_gain=2.98214 3.41595 4.36392 3.9434 4.53974 4.50801 6.88158 4.32211 3.4746 4.93384 5.49383 4.53188 4.29966 4.24412
threshold=-7.6999999999999984 -5.8499999999999988 -1.0499999999999998 0.031710224548646367 1822.0512706984334 0.027912791024848008 0.03602684393180889 -0.54999999999999993 653.09455060791231 18.300000000000004 -0.10000000000000002 -5.2499999999999991 11.263888888888891 27.300000000000001
decision_type=8 10 10 2 2 2 2 10 2 10 10 10 8 10
left_child=-1 2 -2 5 -5 8 7 -7 -3 10 11 -10 -13 -12
right_child=1 3 -4 4 -6 6 -8 -9 9 -11 13 12 -14 -15
leaf_value=-0.0030386792698145477 -0.0013144733664637301 -0.0021614691345333103 0.013751019070896365 0.0085274344639332863 -0.0074371437966147032 -0.0075380803710500995 -0.016648243333747099 0.011998627671644602 0.0085679870985888116 -0.0121462269156749 0.0074626176465995252 -0.0062123192200289898 0.0059933242837584061 -0.0021948611957507786
leaf_weight=211.88767012953758 29.175583004951477 296.87396641075611 34.837124273180962 84.532652318477631 15.476778104901312 16.031475156545643 31.433644592761993 14.995266437530516 28.802060693502426 16.232696160674095 197.21441049873829 113.94685885310173 28.932256802916527 48.915934890508652
leaf_count=880 121 1225 144 350 64 67 131 62 120 69 811 471 120 203
internal_value=0.00013984 0.000855429 0.00728675 0.000356624 0.00582038 -0.000364248 -0.00778497 0.00225884 0.000318472 0.00201998 0.00270749 -0.00139207 -0.00362167 0.0055378
internal_weight=1169.29 957.401 64.0127 893.388 100.009 793.379 62.4604 31.0267 730.918 434.044 417.812 171.681 142.879 246.13
internal_count=4838 3958 265 3693 414 3279 260 129 3019 1794 1725 711 591 1014
is_linear=0
shrinkage=0.03


Tree=296
num_leaves=15
num_cat=0
split_feature=17 3 13 12 19 8 26 13 18 12 25 18 18 25
split_gain=3.93284 5.11994 3.7939 3.913 3.59619 3.39362 3.28557 4.36116 3.38558 3.01197 3.0018 4.51272 5.02039 4.58138
threshold=12.150000000000002 0.024390969413888301 13.700000000000001 25.100000000000005 2.2250000000000005 8.9000000000000021 10.236111111111112 26.900000000000002 11.750000000000002 23.633333333333336 -8.2403846153846132 -1.0000000180025095e-35 3.9500000000000006 -13.422619047619046
decision_type=10 2 8 10 10 10 10 8 8 10 8 10 10 10
left_child=2 -2 3 -1 5 -3 8 9 10 -8 11 13 -13 -4
right_child=1 4 6 -5 -6 -7 7 -9 -10 -11 -12 12 -14 -15
leaf_value=0.017551777436865614 -0.015829437641681477 -0.01404404263330908 0.0021486587621616132 -0.0014785175168821503 0.0074073371364064174 0.003250501928137865 -0.0018795901599103066 -0.0063584735458320834 0.0080170707083606959 0.012034937328252785 0.00067280851212032976 0.0086331527839002727 -0.0066793683040909501 -0.015326233196366433
leaf_weight=20.219290241599083 23.291895434260368 17.277344658970833 17.867947608232498 14.650093644857405 25.615630775690079 16.017133742570877 16.2780681848526 16.675884366035461 44.796964794397354 59.989323288202286 791.32320646941662 33.615911707282066 33.553129300475121 39.023014053702354
leaf_count=84 99 72 75 61 107 68 67 69 185 250 3265 139 141 162
internal_value=0.000797821 -0.00533947 0.00128382 0.0103736 -0.000278007 -0.00638598 0.000935256 0.00617013 0.000399194 0.00913218 -1.51372e-05 -0.0042593 0.00105123 -0.0101076
internal_weight=1170.19 82.202 1087.99 34.8694 58.9101 33.2945 1053.12 92.9433 960.18 76.2674 915.383 124.06 67.169 56.891
internal_count=4844 346 4498 145 247 140 4353 386 3967 317 3782 517 280 237
is_linear=0
shrinkage=0.03


Tree=297
num_leaves=15
num_cat=0
split_feature=41 12 16 41 21 1 12 23 2 4 24 3 14 24
split_gain=2.88199 5.71505 6.42058 4.94511 3.80402 6.10683 4.45131 4.66661 4.96176 6.66516 4.51858 4.45069 4.21625 3.99327
threshold=64.500000000000014 15.900000000000002 -7.3499999999999988 63.500000000000007 15.116951467871511 49.250000000000007 19.700000000000006 0.58578431372549034 0.74181482906679286 63.222343726240531 0.092238171185539633 0.024300698166372484 23.450000000000003 -0.090909090909090898
decision_type=10 8 10 10 8 2 10 8 2 2 8 2 10 10
left_child=3 2 -2 4 6 -6 10 8 9 11 13 -8 -9 -1
right_child=1 -3 -4 -5 5 -7 7 12 -10 -11 -12 -13 -14 -15
leaf_value=0.0023252187137404361 0.0053292328751005048 0.0032383084198851727 -0.011589410606325743 -0.015397772551857909 -0.0059235158417709757 0.011469272449356877 0.010958948376407785 -0.00010381873877843438 0.0059914606085121032 -0.016736415702009323 0.00098118397632189817 -0.0062231502999492922 0.012103191633738988 0.018947481910401701
leaf_weight=24.038658201694489 28.850034058094025 527.79193422198296 47.951181709766388 15.272118672728537 152.5917861610651 15.865475937724112 14.6031277179718 108.14503458142281 24.284962266683578 40.403209909796715 77.970356225967407 39.246277049183846 28.275191977620125 28.092389717698097
leaf_count=99 123 2184 200 63 632 66 60 447 100 167 324 162 116 116
internal_value=0.000685452 0.00211956 -0.00529672 -0.000844113 -0.000308312 -0.00400206 0.00133823 -0.000976926 -0.00522067 -0.00826586 0.00574345 -0.00102841 0.00276474 0.0121569
internal_weight=1173.38 604.593 76.8012 568.789 553.516 168.457 385.059 254.958 118.538 94.2526 130.101 53.8494 136.42 52.131
internal_count=4859 2507 323 2352 2289 698 1591 1052 489 389 539 222 563 215
is_linear=0
shrinkage=0.03


Tree=298
num_leaves=15
num_cat=0
split_feature=41 20 39 41 7 21 39 39 13 21 17 41 24 3
split_gain=2.53226 4.27463 4.37007 3.71168 4.41753 4.73116 4.09465 5.71493 4.61164 4.39114 4.02139 4.95575 4.44633 3.93798
threshold=40.500000000000007 11.250925755086792 500.50461402624734 45.500000000000007 -1.8533003588019163 11.612254063894936 1751.2943972957937 2075.0700600068817 15.500000000000002 12.94453967436187 -3.149999999999999 65.500000000000014 0.15384615384615385 0.024505274893685817
decision_type=8 10 2 8 2 10 2 2 8 8 10 8 8 2
left_child=1 2 -1 4 -2 -6 8 9 13 -8 -9 -12 -13 -5
right_child=3 -3 -4 6 5 -7 7 10 -10 -11 11 12 -14 -15
leaf_value=-0.012791335417016714 -0.018940271891387125 0.0068653152019451285 0.0045417393844611109 -0.014570610768803187 -0.013193601629632842 0.0048112519819193608 -0.020042643841859303 -0.0076995789596573149 0.0014702797676731153 -0.0034359352179860925 -0.004752660867074765 0.020734951153363324 -5.0614728880839121e-05 -0.00014144874006389224
leaf_weight=20.042093247175217 15.552486002445219 103.48112784326077 23.478416472673416 25.987818703055382 15.873406842350958 30.838929370045662 24.358827844262123 30.930657580494881 756.00683769583702 32.995648086071014 24.678083002567291 16.607215091586113 16.169295027852058 37.993472382426262
leaf_count=83 64 428 97 110 65 127 101 129 3126 137 102 68 67 158
internal_value=2.80639e-05 0.00364323 -0.00393607 -0.000504032 -0.00731787 -0.00199112 -2.92839e-05 -0.00457561 0.000801587 -0.0115305 0.000313243 0.00489801 0.0118315 -0.00663358
internal_weight=1174.99 147.002 43.5205 1027.99 62.2648 46.7123 965.728 145.74 819.988 57.3545 88.3853 57.4546 32.7765 63.9813
internal_count=4862 608 180 4254 256 192 3998 604 3394 238 366 237 135 268
is_linear=0
shrinkage=0.03


Tree=299
num_leaves=15
num_cat=0
split_feature=10 41 21 10 12 22 12 15 27 23 14 19 5 41
split_gain=3.76283 4.30806 5.74231 3.94972 2.73282 8.23276 6.16551 6.07732 5.60585 5.47429 5.41824 7.383 6.28518 5.00758
threshold=-14.099999999999998 65.500000000000014 16.426435332998505 -19.899999999999995 24.700000000000006 0.28869047619047622 23.300000000000001 -2.0499999999999994 10.500000000000002 0.44722222222222224 18.100000000000005 1.9500000000000002 0.60185953212776877 61.500000000000007
decision_type=8 10 8 10 10 10 10 8 2 8 10 10 2 10
left_child=1 2 -1 -3 6 -6 -2 -7 13 -8 -10 -12 -13 -9
right_child=4 3 -4 -5 5 7 9 8 10 -11 11 12 -14 -15
leaf_value=0.0067226884964470199 0.00053949999868440767 0.00014083821531616513 -0.011247822455852118 -0.015520488265768826 0.0092472942067303599 -0.01273861183645225 -0.0032700928137621966 -0.015168751863843612 -0.0070529275578392224 0.012823726092569317 0.02036934548912368 0.010327154489634309 -0.0083295416939629923 -0.00105862981711456
leaf_weight=42.747932896018028 663.50608286261559 21.701077774167061 19.089146226644516 38.097753152251244 45.718943014740944 51.009182572364807 23.477103278040886 33.337682768702507 29.142213821411133 67.03875932097435 21.208786591887474 27.054955363273621 28.010947063565254 57.283750399947166
leaf_count=179 2748 91 80 159 188 211 97 138 120 275 87 111 116 237
internal_value=2.84937e-05 -0.00485718 0.000748747 -0.0102647 0.000616596 -0.00182295 0.00156957 -0.00401442 -0.00148403 0.0086968 0.00316187 0.00725843 0.000933482 -0.00677118
internal_weight=1168.42 121.636 61.8371 59.7988 1046.79 292.766 754.022 247.048 196.038 90.5159 105.417 76.2747 55.0659 90.6214
internal_count=4837 509 259 250 4328 1208 3120 1020 809 372 434 314 227 375
is_linear=0
shrinkage=0.03


Tree=300
num_leaves=15
num_cat=0
split_feature=23 26 12 26 42 10 22 10 12 10 0 35 7 26
split_gain=2.25285 3.87854 3.75871 3.8467 3.70889 5.6305 3.56125 3.49879 3.45457 5.01305 3.96638 2.99034 7.07427 4.57768
threshold=0.12916666666666668 -9.1339285714285694 11.700000000000001 -11.360389610389609 2.5000000000000004 3.100000000000001 0.41987179487179493 4.3000000000000016 15.900000000000002 13.450000000000001 2.7500000000000004 1.0000000180025095e-35 -3.7372007672302829 4.3603896103896114
decision_type=10 10 10 8 8 10 10 10 10 10 2 2 2 10
left_child=2 6 -1 -4 7 -6 -2 -5 9 10 -3 12 13 -10
right_child=1 8 3 4 5 -7 -8 -9 11 -11 -12 -13 -14 -15
leaf_value=0.0088405964813251837 0.015629191280779681 0.0014896518097530691 -0.012968448918913099 0.012802279351775352 -0.012613642776437756 0.0032266378208062226 0.0012426419832542686 -0.0042113005727724383 -0.012604093873116272 0.0070720103390170047 -0.015022553020455067 -0.0015794614226678975 0.0032422401709727307 0.0039229470537962335
leaf_weight=16.31609870493412 23.955372259020805 17.683185920119286 33.026416435837746 19.879328325390816 39.383727893233299 34.036540672183037 35.338005170226097 15.93486514687538 40.305010676383972 16.648620426654816 37.63409760594368 316.04607293009758 496.75185506045818 19.705609142780304
leaf_count=69 98 73 143 82 164 141 147 66 167 70 155 1306 2053 82
internal_value=0.000159698 0.000688459 -0.00310699 -0.00473091 -0.00178173 -0.0055328 0.00781845 0.00564385 0.000202181 -0.00589331 -0.0100582 0.00073548 0.00205192 -0.00729281
internal_weight=1162.64 1004.07 158.577 142.261 109.234 73.4203 59.2934 35.8142 944.774 71.9659 55.3173 872.809 556.762 60.0106
internal_count=4816 4151 665 596 453 305 245 148 3906 298 228 3608 2302 249
is_linear=0
shrinkage=0.03


Tree=301
num_leaves=15
num_cat=0
split_feature=25 18 27 25 27 26 5 20 26 1 26 4 18 2
split_gain=2.68319 4.87627 3.4231 3.0335 3.50846 2.83751 8.7982 7.40943 7.1643 5.92006 5.46055 9.33817 3.91341 7.14305
threshold=11.029411764705884 -1.8499999999999999 5.5000000000000009 8.925824175824177 10.500000000000002 -2.5634920634920628 0.6092947275225401 12.374929835575445 -7.2361111111111098 41.250000000000007 -1.7928571428571427 79.750326573070325 0.55000000000000016 0.69781058967007126
decision_type=10 8 2 10 2 8 2 8 10 2 8 2 8 2
left_child=3 -2 -3 5 -5 6 7 8 -1 -9 11 -7 13 -8
right_child=1 2 -4 4 -6 10 12 9 -10 -11 -12 -13 -14 -15
leaf_value=0.00057442577849886622 -0.016945193393070559 0.0075916346698953049 -0.0062933458509812443 -0.0021215698273170038 0.011959747751706126 -0.025853808262281962 -0.014507184563809726 0.012040488234114745 0.024495061034119071 -0.0054448430590779921 -0.0010615781908864053 0.0028239211151542343 0.0021680031817366235 0.00032496183461204622
leaf_weight=16.953016966581345 19.910681769251823 21.217982634902 36.06455560028553 25.257799863815308 32.819340288639069 16.61296421289444 42.974972516298294 23.397522792220116 30.11997301876545 40.306705892086029 667.22770769894123 17.705405652523041 114.38652132451534 74.216777950525284
leaf_count=71 84 88 151 105 136 69 179 97 124 167 2758 73 475 308
internal_value=-0.000629114 -0.0058583 -0.000953656 -0.000238005 0.00615303 -0.000621204 0.00160268 0.00836182 0.0167626 0.00138612 -0.00171012 -0.0125809 -0.001739 -0.00548514
internal_weight=1179.17 77.1932 57.2825 1101.98 58.0771 1043.9 342.355 110.777 47.073 63.7042 701.546 34.3184 231.578 117.192
internal_count=4885 323 239 4562 241 4321 1421 459 195 264 2900 142 962 487
is_linear=0
shrinkage=0.03


Tree=302
num_leaves=15
num_cat=0
split_feature=26 10 10 39 9 25 26 21 4 19 42 4 26 12
split_gain=2.89719 4.34743 3.07575 2.97535 4.63114 4.0434 3.78363 5.07954 5.23389 3.79726 3.81993 7.00045 5.39025 4.76469
threshold=-16.176923076923071 22.100000000000005 18.700000000000006 264.92857962598447 -8.4999999999999982 -5.087121212121211 -2.6547619047619042 16.48989585401366 4.1788235703301106 -10.249999999999998 9.5000000000000018 120.90333299010844 5.9705882352941186 26.300000000000001
decision_type=8 8 10 2 10 8 10 8 2 10 8 2 10 10
left_child=-1 2 3 5 -5 -2 7 8 -6 -8 13 12 -12 -11
right_child=1 -3 -4 4 6 -7 9 -9 -10 10 11 -13 -14 -15
leaf_value=0.010542105155261288 0.0054188546717348612 -0.011007962225470394 0.010717178834696589 -0.0049354404734115774 0.012884718701147459 -0.006120755190623957 -0.011918907327620043 0.013342501128832559 0.00017196096782820042 0.0048660411051142001 -0.010216355467382201 0.0087403160323396012 0.0013667349755703848 -0.0016178006496166239
leaf_weight=20.181799352169037 31.068615257740021 25.059134736657143 21.175194188952446 103.01935459673405 30.787407726049423 116.19110482931137 16.701946780085564 45.521340325474739 157.82692115008831 261.61053520441055 86.173693016171455 33.434845447540283 58.161628261208534 161.98974142968655
leaf_count=86 128 108 89 429 128 479 69 188 652 1079 357 138 241 672
internal_value=0.000475469 0.000253688 0.000552491 0.000309756 0.00092622 -0.00358815 0.00165946 0.00486415 0.00252621 0.000416185 0.000854225 -0.00278604 -0.00565933 0.0023966
internal_weight=1168.9 1148.72 1123.66 1102.49 955.227 147.26 852.208 234.136 188.614 618.072 601.37 177.77 144.335 423.6
internal_count=4843 4757 4649 4560 3953 607 3524 968 780 2556 2487 736 598 1751
is_linear=0
shrinkage=0.03


Tree=303
num_leaves=15
num_cat=0
split_feature=44 7 20 24 20 7 21 35 15 25 22 25 20 14
split_gain=3.65387 4.68519 5.56808 4.27641 3.64587 3.45826 3.43523 3.36873 5.80095 6.48441 4.37638 5.74994 4.38385 4.24245
threshold=1.0000000180025095e-35 0.98611033753457378 10.954958288880485 -0.032291666666666656 13.009611745402202 7.4403483816687794 19.953974411459772 1.0000000180025095e-35 5.9500000000000011 7.154761904761906 0.67261904761904778 0.62019230769230782 14.486775253811951 21.300000000000001
decision_type=2 2 8 8 8 2 10 2 8 8 8 10 10 10
left_child=5 2 -2 -4 -5 6 7 -1 9 10 11 12 -9 -12
right_child=1 -3 3 4 -6 -7 -8 8 -10 -11 13 -13 -14 -15
leaf_value=0.00056087271584277852 0.011710418707797801 0.013474687469030551 0.0071573663616656021 0.0035584385832652804 -0.012850916185283804 -0.012549595923038307 0.0083110623550167826 -0.0076341435184794342 -0.012449945010707213 0.0084815031678270817 -0.00050380787443534531 0.00615086518971823 0.0024228066751426384 -0.021702092875089365
leaf_weight=645.40645363926888 25.6583162099123 33.447287991642952 19.693356037139893 15.004066750407217 34.470161944627762 16.490408793091774 34.346753716468811 117.71734564006329 45.966650798916817 44.832746312022209 14.614916518330576 56.993752419948578 54.287044629454613 16.137258604168892
leaf_count=2672 106 139 82 63 144 68 142 488 192 185 60 235 224 67
internal_value=-4.44648e-05 0.00463545 0.000998905 -0.00349621 -0.0080046 -0.000637248 -0.000386899 -0.000726876 -0.00307233 -0.00147887 -0.00332574 -0.00176021 -0.00448125 -0.013107
internal_weight=1175.07 128.273 94.8259 69.1676 49.4742 1046.79 1030.3 995.956 350.55 304.583 259.75 228.998 172.004 30.7522
internal_count=4867 534 395 289 207 4333 4265 4123 1451 1259 1074 947 712 127
is_linear=0
shrinkage=0.03


Tree=304
num_leaves=15
num_cat=0
split_feature=16 16 25 26 16 11 42 1 15 17 16 17 18 8
split_gain=3.05572 4.12112 6.4886 4.24638 3.63939 3.57545 3.29405 3.27625 2.92971 3.76012 6.22978 5.94097 5.22378 3.69042
threshold=7.3166666666666673 9.2500000000000018 2.9354166666666672 11.263888888888891 6.1125000000000007 21.266666666666669 18.500000000000004 46.250000000000007 0.65000000000000002 0.10000000000000032 3.8500000000000001 1.5000000000000009 -0.72499999999999987 1.7000000000000004
decision_type=10 10 8 10 10 10 10 2 10 10 10 10 10 10
left_child=4 -2 3 -3 6 -6 8 -4 -1 10 -10 -11 -12 -13
right_child=1 2 7 -5 5 -7 -8 -9 9 11 12 13 -14 -15
leaf_value=0.0016212885716879964 0.011001510570839772 -0.01311819582655066 0.016336477873447313 0.0051761174617618597 -0.016088350091174125 2.6834252289387773e-05 0.0095811073799919148 -0.00101313816226906 -0.017633833037225613 0.011649746466513303 -0.0098102224753555105 -0.0071675334291310148 0.012095997596596159 2.5780989145669005e-05
leaf_weight=534.55207452178001 51.996453642845154 28.400445476174355 18.759627252817154 14.006153374910353 19.271148219704628 25.280469700694084 29.448352590203285 15.728413820266722 27.341260746121407 27.924407243728638 14.68311481177807 79.016584455966949 14.564001739025114 271.83947375416756
leaf_count=2212 217 118 78 60 80 104 122 65 113 115 61 327 61 1128
internal_value=0.000620921 0.0048877 0.000334239 -0.00716726 7.33223e-05 -0.00786392 0.00046455 0.0092977 0.000140038 -0.00167642 -0.00855275 -0.000551079 0.00127165 -0.00167218
internal_weight=1172.81 128.891 76.8946 42.4066 1043.92 44.5516 999.369 34.488 969.921 435.369 56.5884 378.78 29.2471 350.856
internal_count=4861 538 321 178 4323 184 4139 143 4017 1805 235 1570 122 1455
is_linear=0
shrinkage=0.03


Tree=305
num_leaves=15
num_cat=0
split_feature=18 34 26 0 15 34 2 18 24 25 20 27 26 7
split_gain=3.86229 6.34318 5.12191 7.15199 4.97531 4.87575 4.57322 4.46582 7.39837 7.84127 7.2121 5.98741 9.2383 5.89942
threshold=2.6500000000000008 1.0000000180025095e-35 6.1380952380952394 -2.2499999999999996 -2.3499999999999992 1.0000000180025095e-35 0.57789124044237994 -0.54999999999999993 -0.51190476190476175 -5.8397435897435885 9.0215787322057643 13.500000000000002 -6.5916666666666659 -0.1282127826389434
decision_type=10 2 10 2 10 2 2 8 8 8 8 2 8 2
left_child=1 7 5 4 -4 -2 -5 8 -1 -10 -9 12 -12 -14
right_child=2 -3 3 6 -6 -7 -8 10 9 -11 11 -13 13 -15
leaf_value=0.01424609820127457 -0.0046561942478327385 -0.0081985516444526667 -0.012327863727985507 0.022724707521453835 0.0058758860752745664 0.0095910957952367853 0.0033565385672918091 -0.0092964864897209908 -0.0090127250024520933 0.001469360738050002 0.017510520927460495 0.015205607595706588 -0.0061750280654976368 0.0066213582280177678
leaf_weight=28.886197984218597 302.61692641675472 49.898439258337021 23.526982381939888 16.582770481705666 21.448466122150421 18.635975554585457 26.595314651727676 21.499845996499062 72.121233552694321 379.36115770041943 30.442329093813896 59.483642995357513 61.452173426747322 58.323070988059044
leaf_count=123 1255 207 99 68 89 77 110 89 300 1567 127 246 253 242
internal_value=0.000391775 0.00165181 -0.00194347 0.00429661 -0.0039273 -0.00369538 0.0123814 0.00239495 0.000726126 -0.00028546 0.00577352 0.00749911 0.00405595 7.16544e-05
internal_weight=1170.87 761.468 409.406 88.1535 44.9754 321.253 43.1781 711.57 480.369 451.482 231.201 209.701 150.218 119.775
internal_count=4852 3154 1698 366 188 1332 178 2947 1990 1867 957 868 622 495
is_linear=0
shrinkage=0.03


Tree=306
num_leaves=15
num_cat=0
split_feature=41 30 26 39 18 21 41 9 39 26 3 16 27 3
split_gain=3.54806 3.03602 3.52894 4.74623 5.31314 4.54495 4.07575 3.05135 4.95097 4.523 3.82434 9.99978 9.17292 5.42016
threshold=25.500000000000004 1.5000000000000002 3.6449579831932777 1509.3894673176278 0.15000000000000005 14.514552083533141 59.500000000000007 -12.299999999999999 940.92268974091257 -12.129166666666665 0.025177278803792173 -2.4499999999999997 8.5000000000000018 0.024932539339357577
decision_type=8 2 10 2 10 8 8 8 2 8 2 10 2 2
left_child=-1 7 3 4 6 -4 -3 8 9 -2 13 12 -12 -9
right_child=1 2 5 -5 -6 -7 -8 10 -10 -11 11 -13 -14 -15
leaf_value=-0.010639541318759329 -0.012025041694729208 -0.0079196822306148336 0.0065032653880309627 -0.0057090791895529651 0.019978558187510272 -0.011591683745082692 0.011149776444800643 -0.00061270988051379926 0.014703010636411945 0.0070229328524386691 -0.02253333414639257 -0.00010012404888411243 -0.0025353513516466041 0.0097908062723312834
leaf_weight=24.589699059724808 15.374204650521277 14.498865291476251 20.918664783239365 14.694813162088392 28.658724799752235 19.447681799530983 16.17161799967289 660.72539593279362 24.690680235624313 20.143184825778008 37.287135198712349 178.60216802358627 43.144814193248749 43.344121426343918
leaf_count=102 67 60 87 61 118 81 67 2736 103 84 155 738 179 178
internal_value=-0.000383599 -0.000116348 0.00441253 0.00811965 0.0117223 -0.00253126 0.00228856 -0.0006416 0.00564532 -0.0016887 -0.00106175 -0.00414082 -0.0125823 9.22778e-05
internal_weight=1162.29 1137.7 114.39 74.024 59.3292 40.3663 30.6705 1023.31 60.2081 35.5174 963.104 259.034 80.4319 704.07
internal_count=4816 4714 474 306 245 168 127 4240 254 151 3986 1072 334 2914
is_linear=0
shrinkage=0.03


Tree=307
num_leaves=15
num_cat=0
split_feature=15 8 15 3 42 26 27 4 20 18 19 41 18 24
split_gain=3.1999 5.17677 4.60783 4.33695 5.92648 3.29188 4.21354 4.48959 3.95196 3.51247 5.43635 4.84901 4.61226 4.41074
threshold=10.65 16.300000000000001 8.2500000000000018 0.024429227860328199 3.5000000000000004 -9.1339285714285694 12.500000000000002 186.29181668542824 12.172829489390592 5.3500000000000005 4.0500000000000007 67.500000000000014 6.5500000000000007 -0.49107142857142844
decision_type=10 10 10 2 10 10 2 2 10 8 10 8 10 10
left_child=2 -2 5 -4 -5 6 7 -1 -9 13 11 -11 -13 -7
right_child=1 -3 3 4 -6 9 -8 8 -10 10 -12 12 -14 -15
leaf_value=0.0045898621099961408 0.014449011736198659 -0.0055242550954602556 -0.018567105919443175 0.010739951338821744 -0.011217747180125411 0.0064948130531331059 0.013331982376586168 0.0046279556080941623 -0.013346170084919595 -0.012936864320958247 0.0032448516450309258 -0.013264595312989938 0.0033860952867412158 -0.00069674828440649951
leaf_weight=104.83844989538193 26.974124386906624 15.022105574607847 18.86528317630291 14.876234591007231 20.084961503744125 82.366793721914291 28.175319120287895 14.50415353477001 23.954474940896034 67.76430669426918 55.863414108753204 16.003374651074409 47.583677634596825 627.14356598258018
leaf_count=438 113 63 79 62 83 346 117 60 100 282 231 67 197 2586
internal_value=-0.000194001 0.00747692 -0.000513013 -0.00868718 -0.00169982 -6.25625e-05 0.00368482 0.00140243 -0.00681492 -0.000795598 -0.00439299 -0.00764121 -0.00146599 0.000177725
internal_weight=1164.02 41.9962 1122.02 53.8265 34.9612 1068.2 171.472 143.297 38.4586 896.725 187.215 131.351 63.5871 709.51
internal_count=4824 176 4648 224 145 4424 715 598 160 3709 777 546 264 2932
is_linear=0
shrinkage=0.03


Tree=308
num_leaves=15
num_cat=0
split_feature=10 10 18 21 21 25 10 26 25 12 15 12 42 21
split_gain=2.72013 6.73713 4.45889 3.83027 5.66165 3.78747 3.40413 12.3958 6.65904 5.60277 4.0827 6.03799 3.87009 3.64804
threshold=-17.774999999999995 -14.099999999999998 -1.0499999999999998 16.426435332998505 12.619429370055954 -15.966666666666665 -10.899999999999997 6.9045454545454552 -7.5916666666666659 25.266666666666669 -3.2499999999999996 23.633333333333336 3.5000000000000004 11.003029885748145
decision_type=8 8 10 8 10 8 8 10 10 8 10 10 8 10
left_child=3 2 -2 4 -1 -3 7 12 9 13 11 -10 -7 -8
right_child=1 5 -4 -5 -6 6 8 -9 10 -11 -12 -13 -14 -15
leaf_value=-0.0028759252754554567 -0.019427378635493136 0.011726780114969502 -0.0027081294275883741 -0.0045714583438699798 0.017494177971018154 0.025285917104448958 -0.018889880640609858 -0.010098549169967511 -0.00050734039046068863 0.0051284042446345648 0.0012483602322736849 -0.01406030195122062 0.0063736675700749364 -0.0060215510583312131
leaf_weight=17.730318978428841 21.906639084219933 19.178456529974937 34.948776140809059 20.341980293393135 27.531681030988693 15.268367379903792 25.288215547800064 23.769322261214256 108.83880658447742 25.274249508976936 679.11604699492455 35.834826052188873 28.109250158071518 83.371675655245781
leaf_count=75 91 80 145 85 118 64 105 98 451 104 2807 150 117 346
internal_value=-0.000216283 -0.000579862 -0.0101998 0.00549395 0.0100224 -9.87546e-06 -0.000285371 0.00600168 -0.000755044 -0.0068307 0.000268003 -0.00422189 0.0149559 -0.00971561
internal_weight=1166.51 1100.9 56.8554 65.604 45.262 1044.05 1024.87 67.1469 957.724 133.934 823.79 144.674 43.3776 108.66
internal_count=4836 4558 236 278 193 4322 4242 279 3963 555 3408 601 181 451
is_linear=0
shrinkage=0.03


Tree=309
num_leaves=15
num_cat=0
split_feature=10 1 15 3 2 12 19 39 24 8 20 26 12 19
split_gain=3.75588 3.26136 4.39874 5.08643 4.04637 5.22039 4.36266 5.34374 4.11299 5.07599 5.83224 4.14379 3.68775 7.7509
threshold=-17.774999999999995 50.750000000000007 -1.2499999999999998 0.024438227945458472 0.74087741323255141 18.900000000000002 -1.1499999999999997 476.60216488138155 0.10688025210084032 9.4500000000000011 17.972200659908836 1.767857142857143 24.100000000000005 5.5500000000000007
decision_type=10 2 10 2 2 10 10 2 10 10 8 10 10 10
left_child=-1 4 -3 -4 8 6 7 -6 9 10 -2 -12 13 -10
right_child=1 2 3 -5 5 -7 -8 -9 12 -11 11 -13 -14 -15
leaf_value=0.0060521577705484383 0.00024323132169108388 -0.015316158075621221 0.0098128374031064888 -0.0071798610691646524 -0.0080015523200733171 0.0083059321913841935 -0.0079933670023546819 0.0086079641574378918 -0.0050438715387068674 0.010319979350276461 -0.00069037895858094179 -0.016652385578279146 -0.011977727038659583 0.015026253978583004
leaf_weight=72.339979201555252 523.78894372284412 26.437067806720734 19.43327397108078 40.379504427313805 20.915225327014923 96.558005094528198 43.497530087828636 50.284491464495659 127.32457903027534 34.656698957085609 26.819189608097076 28.46394094824791 46.656194269657135 15.024040549993513
leaf_count=305 2163 111 80 166 87 400 184 209 528 143 111 118 195 62
internal_value=-0.000341118 -0.000786949 -0.00621978 -0.00132781 -0.000296581 0.00334975 -0.000995292 0.00352396 -0.00127098 -6.68264e-05 -0.000771486 -0.00960836 -0.00507856 -0.00248758
internal_weight=1172.58 1100.24 86.2498 59.8128 1013.99 211.255 114.697 71.1997 802.734 613.729 579.072 55.2831 189.005 142.349
internal_count=4862 4557 357 246 4200 880 480 296 3320 2535 2392 229 785 590
is_linear=0
shrinkage=0.03


Tree=310
num_leaves=15
num_cat=0
split_feature=25 17 25 24 41 39 5 26 8 9 39 1 15 25
split_gain=3.03105 3.51162 4.71458 4.48331 2.79649 2.70145 4.04678 2.62446 4.24986 3.96072 6.77637 4.90055 5.39758 3.88409
threshold=-8.2403846153846132 1.8000000000000007 -10.080128205128203 -0.66145833333333315 61.500000000000007 455.91675811048293 0.42414645271568768 -8.3205128205128194 0.90000000000000013 -6.7749999999999995 1430.4664087954113 45.250000000000007 4.6500000000000012 -1.392307692307692
decision_type=8 10 10 10 10 2 2 8 10 10 2 2 8 10
left_child=1 2 3 -1 -4 -5 -7 8 13 10 11 12 -9 -2
right_child=7 -3 4 5 -6 6 -8 9 -10 -11 -12 -13 -14 -15
leaf_value=-0.0083908406126328994 0.0031629345041715843 -0.012492983839928345 -0.0002751819993372714 -0.0033799013081981201 -0.017185179496970883 0.016903690872846048 0.0004274409820925129 0.0029218626607780784 -0.00071585777277779746 0.0012108663424565313 0.0085636999965178085 -0.017942539212967845 -0.015343435084441815 0.018649861184387249
leaf_weight=20.728230014443398 34.201069504022598 26.241803854703903 15.216049164533617 16.911977156996727 16.431885778903961 25.201281145215034 24.619048908352852 41.624087512493134 56.532633826136589 803.40068727731705 22.560503259301186 27.573306530714035 16.449135780334473 24.158915221691132
leaf_count=87 143 110 63 70 68 106 102 172 238 3318 94 116 69 100
internal_value=0.000450668 -0.00353139 -0.00113322 0.0025225 -0.0102018 0.00626096 0.00954342 0.0010289 0.00520258 0.000477372 -0.00478152 -0.00857531 -0.00305794 0.0105398
internal_weight=1171.85 145.35 119.108 87.4605 31.6479 66.7323 49.8203 1026.5 114.893 911.608 108.207 85.6465 58.0732 58.36
internal_count=4856 606 496 365 131 278 208 4250 481 3769 451 357 241 243
is_linear=0
shrinkage=0.03


Tree=311
num_leaves=15
num_cat=0
split_feature=21 39 21 17 21 23 2 13 15 17 9 26 14 5
split_gain=3.24473 4.42756 8.08393 5.23438 3.73677 4.67875 4.52795 3.45592 4.4223 2.78853 5.45347 2.74371 2.65582 2.51187
threshold=10.521142704910529 827.46038218717217 9.8674548592182241 -4.4499999999999984 9.4868326913164758 0.55718954248366026 0.64472716711648881 23.300000000000001 3.6500000000000008 -14.049999999999999 9.3000000000000025 9.8944444444444475 23.225000000000005 0.61157029588229028
decision_type=8 2 10 10 10 8 2 10 10 8 10 10 10 2
left_child=1 2 3 -1 6 -6 12 8 -5 10 -2 -12 -3 -11
right_child=9 4 -4 7 5 -7 -8 -9 -10 13 11 -13 -14 -15
leaf_value=-0.0092112909409775325 0.015852083274876069 -0.0093339450371849857 0.019034423692172883 -0.0078158621729551153 -0.015478625251666663 0.0027436826100188743 0.011989270665343801 0.014178024469793247 0.0098320252001935591 -0.00015359828649007517 -0.010655595948430994 0.005587914516260133 0.0052488762696014258 -0.0033283277287811069
leaf_weight=23.339818686246872 19.768456220626831 21.864730060100555 29.415894418954849 22.258313909173012 24.375917822122574 20.034241124987602 24.30178827047348 23.329394102096558 19.07158137857914 506.10188384354115 14.254777848720552 13.791047587990759 15.082945257425306 398.55844962596893
leaf_count=96 82 91 121 92 101 83 101 96 79 2096 60 60 62 1657
internal_value=-0.000415012 0.00280291 0.00669297 0.00176597 -0.00162703 -0.00781242 0.00310895 0.00610514 0.000509934 -0.00117937 0.00553758 -0.0030312 -0.00346482 -0.00156287
internal_weight=1175.55 223.075 117.415 87.9991 105.66 44.4102 61.2495 64.6593 41.3299 952.475 47.8143 28.0458 36.9477 904.66
internal_count=4877 922 484 363 438 184 254 267 171 3955 202 120 153 3753
is_linear=0
shrinkage=0.03


Tree=312
num_leaves=15
num_cat=0
split_feature=13 39 18 9 39 39 39 28 18 7 14 3 25 21
split_gain=3.7886 4.63205 4.68658 3.89369 7.09432 3.55414 3.19331 2.93391 10.6915 5.05759 4.14025 5.59028 3.67747 5.14591
threshold=13.900000000000002 2282.6337519355907 0.25000000000000006 11.900000000000002 510.32211401043111 1355.1810456524684 570.47810863307348 9.5000000000000018 0.8500000000000002 0.76667154437280749 15.700000000000001 0.024843317791356071 9.6770833333333339 15.568664741757123
decision_type=8 2 10 10 2 2 2 2 10 2 8 2 10 8
left_child=5 3 -3 7 -5 6 -1 10 -9 -10 11 -2 -12 -14
right_child=1 2 -4 4 -6 -7 -8 8 9 -11 12 -13 13 -15
leaf_value=0.010334865068468745 -0.014061680969461039 0.00031681264159529997 -0.016013034660551793 -0.0064512586874266179 0.012087319562718687 0.017593317028016864 -0.0054500141863056866 -0.0049015862355267521 0.018661328243985732 -0.00083995990101964565 -0.00011924652135526371 0.0048559384136993271 -0.011994122264565364 0.0065560320741544923
leaf_weight=15.486332401633261 42.017789751291275 28.862598702311516 29.492850974202156 23.899217367172241 51.31081211566925 14.701557323336599 21.632967084646225 58.289441227912903 36.056975871324539 16.305976778268814 755.59105116128922 17.08423088490963 47.224141776561737 14.526388689875601
leaf_count=64 174 120 123 100 216 62 90 242 149 68 3128 72 198 60
internal_value=-0.000288004 -0.000668325 -0.00854871 -0.000197414 0.00616145 0.00727179 0.00158059 -0.000710528 0.00378775 0.0130447 -0.00129671 -0.00864106 -0.000716326 -0.00746611
internal_weight=1172.48 1120.66 58.3554 1062.31 75.21 51.8209 37.1193 987.096 110.652 52.363 876.444 59.102 817.342 61.7505
internal_count=4866 4650 243 4407 316 216 154 4091 459 217 3632 246 3386 258
is_linear=0
shrinkage=0.03


Tree=313
num_leaves=15
num_cat=0
split_feature=7 39 35 3 17 44 42 7 27 17 3 17 24 17
split_gain=3.0847 1.942 2.26713 5.90884 6.77103 6.57995 5.25616 3.99455 6.67032 4.20278 4.35552 3.90861 7.60482 5.55023
threshold=-5.6837429502595418 2493.4572584257144 1.0000000180025095e-35 0.025177278803792173 -4.7499999999999982 1.0000000180025095e-35 11.500000000000002 1.8493386356292243 2.5000000000000004 9.7500000000000018 0.024372141282820507 0.95000000000000007 0.096230158730158735 -2.0499999999999994
decision_type=2 2 2 2 10 2 8 2 2 10 2 8 8 10
left_child=-1 2 7 5 -5 -4 -6 8 -2 -10 -11 12 13 -9
right_child=1 -3 3 4 6 -7 -8 11 9 10 -12 -13 -14 -15
leaf_value=-0.0076129372084346733 -0.0092857023981854359 -0.0083569703462680802 -0.00071819267368884786 0.0045633847160311408 -0.015700598605565764 0.013438921350680312 0.0015025196847457396 0.0090976204627964755 0.0023741379540255969 -0.016952176400845037 -0.0002201872120587606 0.0098329724607636466 -0.012578184884803343 -0.0090123169467717368
leaf_weight=42.420439809560776 56.107819274067879 18.394051671028137 268.35514570772648 29.401601955294609 59.751711830496788 28.149069085717201 20.13426311314106 67.145946577191353 397.16166292130947 16.463560849428177 40.66308231651783 81.52366504073143 22.7504051476717 15.003107860684393
leaf_count=178 233 77 1111 122 249 117 84 280 1642 70 169 337 95 62
internal_value=-0.00011808 0.000198082 0.000377881 -0.00139419 -0.0071914 0.00082641 -0.0115317 0.00141242 2.60959e-05 0.00126474 -0.00601849 0.00510815 0.0011559 0.00546285
internal_weight=1163.43 1121.01 1102.61 405.792 109.288 296.504 79.886 696.819 510.396 454.288 57.1266 186.423 104.899 82.1491
internal_count=4826 4648 4571 1683 455 1228 333 2888 2114 1881 239 774 437 342
is_linear=0
shrinkage=0.03


Tree=314
num_leaves=15
num_cat=0
split_feature=11 11 3 15 12 24 7 1 26 3 7 39 12 16
split_gain=2.41283 4.0156 4.78801 4.48812 4.213 5.0593 4.60232 4.78345 4.21653 3.81781 5.8423 5.74901 5.55146 5.3544
threshold=17.500000000000004 18.900000000000002 0.024840232257265508 -2.5499999999999994 34.70000000000001 -0.30384615384615371 -0.7618829144793654 43.750000000000007 10.236111111111112 0.029312674024109312 -1.2045661807893064 414.51426689660474 18.450000000000003 -3.1499999999999999
decision_type=10 10 2 10 10 10 2 2 10 2 2 2 10 10
left_child=-1 2 -2 -4 5 6 7 -3 9 -7 12 -12 -11 -13
right_child=1 4 3 -5 -6 8 -8 -9 -10 10 11 13 -14 -15
leaf_value=-0.0026018574277305541 0.0109103499872788 -0.010108224665203749 0.0067029968901095704 -0.012412663800627161 -0.012944779910664783 -0.0023027783451218258 0.0098796347084845332 0.0056227049690978342 0.0091098471017177201 -0.0017051451095119279 0.011550640256540583 0.0062121577830517158 0.020660372856078059 -0.012233852048906037
leaf_weight=244.05858831107616 63.619055852293968 24.125849515199661 18.931724727153778 15.798860862851141 16.9371547549963 540.50031334161758 81.297892987728119 38.268347680568695 32.267948970198631 14.628505334258078 17.77873195707798 17.708502426743507 22.297600671648979 36.547908112406731
leaf_count=1017 264 100 78 66 70 2242 336 158 134 61 74 74 92 151
internal_value=2.53138e-05 0.000717063 0.00629807 -0.00246045 3.21345e-05 0.000374751 0.00539011 -0.000758604 -0.000713913 -0.00126787 0.00374159 -0.0013515 0.0126534 -0.00619717
internal_weight=1184.77 940.708 98.3496 34.7306 842.359 825.422 143.692 62.3942 681.73 649.462 108.961 72.0351 36.9261 54.2564
internal_count=4917 3900 408 144 3492 3422 594 258 2828 2694 452 299 153 225
is_linear=0
shrinkage=0.03


Tree=315
num_leaves=15
num_cat=0
split_feature=41 22 41 8 3 8 8 22 1 3 3 22 3 3
split_gain=3.34173 2.50774 4.55312 3.68828 7.03545 6.47487 4.76786 4.77724 4.18677 4.07214 4.59099 5.32435 3.94555 3.71877
threshold=25.500000000000004 0.87867647058823539 70.500000000000014 6.9000000000000012 0.024233806955076379 3.9000000000000004 9.4500000000000011 0.74342105263157909 49.250000000000007 0.026752111811930938 0.02441070276815616 0.58578431372549034 0.023976975454488406 0.025070420785545004
decision_type=8 10 8 10 2 10 10 10 2 2 2 8 2 2
left_child=-1 3 -3 5 -5 13 -6 -8 9 10 12 -12 -7 -2
right_child=1 2 -4 4 6 8 7 -9 -10 -11 11 -13 -14 -15
leaf_value=-0.0091569458629258676 0.0012239633908370526 0.0097325685463821015 -0.0033519008741339242 -0.013843934464417191 -0.006755672608153543 -0.0014737497351057485 0.011087137109459334 -0.003427595858404053 0.018027635300874058 0.015051189983234861 0.0065540736058269707 -0.014055491234533916 0.016632382515093833 -0.0033792907999071679
leaf_weight=27.81191648542881 535.63412171602249 60.966030612587929 34.367573544383049 41.641820937395096 52.651963010430336 20.165029734373093 39.786921501159668 34.113301008939743 21.510415509343147 18.469030916690826 14.873382419347761 23.38160465657711 16.67825984954834 218.14367127418518
leaf_count=115 2223 256 143 174 218 84 165 142 88 77 61 96 69 905
internal_value=0.000283669 0.000554771 0.00508367 0.000116045 -0.00388403 0.000908176 -0.000205117 0.00459434 0.00737827 0.00413976 0.000684264 -0.00621121 0.00773061 -0.00012171
internal_weight=1160.2 1132.38 95.3336 1037.05 168.194 868.856 126.552 73.9002 115.078 93.5673 75.0983 38.255 36.8433 753.778
internal_count=4816 4701 399 4302 699 3603 525 307 475 387 310 157 153 3128
is_linear=0
shrinkage=0.03


Tree=316
num_leaves=15
num_cat=0
split_feature=12 8 13 42 16 1 25 9 4 22 27 25 14 26
split_gain=3.40053 2.62043 2.54319 3.30224 2.87247 2.93697 4.70353 5.2589 5.13882 6.53447 4.69383 5.46709 4.55919 6.81246
threshold=32.900000000000006 1.0000000180025095e-35 13.700000000000001 5.5000000000000009 10.750000000000002 43.750000000000007 -13.422619047619046 -5.0999999999999988 76.752812474397174 0.41287878787878796 13.500000000000002 5.1483516483516496 20.100000000000005 -3.7386363636363629
decision_type=8 8 10 8 10 2 8 10 2 8 2 8 10 10
left_child=2 -2 3 -1 5 6 -4 8 -8 -10 11 -11 13 -9
right_child=1 -3 4 -5 -6 -7 7 12 9 10 -12 -13 -14 -15
leaf_value=-0.0036798404669156149 0.013869481459416308 0.00041872706515923194 0.0086293074323917311 0.011279810657693925 -0.0096073839229926291 0.00046363032593615825 0.0088557036601939858 0.010808561967123523 -0.013231861018258751 -0.010702264763625687 0.011764792337026677 0.0075008375145523614 -0.0092878001330961857 -0.0046166104285018635
leaf_weight=19.106651738286018 19.52299964427948 28.515728235244751 26.3543920814991 27.69620281457901 32.204980880022049 527.56724108755589 47.618563503026962 25.757931768894196 30.245460048317909 29.279943540692329 24.952994704246521 21.5874352902174 150.38043974339962 157.76832285523415
leaf_count=80 83 118 110 116 135 2187 198 107 127 122 104 90 620 652
internal_value=-0.000752652 0.00667729 -0.00109944 0.00540701 -0.0014068 -0.00110853 -0.00271128 -0.00340561 0.00116305 -0.00253379 0.00228836 -0.00299719 -0.00549453 -0.00222244
internal_weight=1168.56 48.0387 1120.52 46.8029 1073.72 1041.51 513.945 487.591 153.684 106.066 75.8204 50.8674 333.907 183.526
internal_count=4849 201 4648 196 4452 4317 2130 2020 641 443 316 212 1379 759
is_linear=0
shrinkage=0.03


Tree=317
num_leaves=15
num_cat=0
split_feature=12 25 7 21 27 11 42 11 26 10 25 25 23 7
split_gain=2.49005 3.78868 4.60719 5.93304 5.99866 4.30247 4.34187 4.62383 5.46638 5.55257 5.2728 5.23379 4.94379 6.67064
threshold=21.100000000000005 -7.4807692307692299 -0.5091879585127933 12.228382252273578 3.5000000000000004 30.900000000000002 13.500000000000002 19.633333333333336 -11.966666666666665 2.6000000000000014 0.51666666666666672 -3.6515151515151509 0.31009615384615391 -2.7328628233533108
decision_type=10 10 2 8 2 8 8 10 10 10 10 10 10 2
left_child=1 2 -1 -4 -5 6 7 10 -9 -10 11 -3 -11 -14
right_child=-2 5 3 4 -6 -7 -8 8 9 12 -12 -13 13 -15
leaf_value=-0.010442098545575649 -0.0012927669864027675 0.010377895980267319 -0.0083513463796290998 0.018233655240866276 -0.0029159860071440434 -0.0073928802909013431 0.011139182795545044 -0.011603416794949332 -0.0061936814837646615 -0.0016947007318194917 0.018152797114731861 -0.0056143652362299909 -0.0060755086133880785 0.013832266085727643
leaf_weight=42.877028912305832 670.57054133713245 32.830153033137321 27.451957955956459 20.39224049448967 20.740794703364372 29.170224159955978 55.85079737007618 27.036298379302025 51.9525436013937 57.883310437202454 25.431356996297836 31.407424509525299 16.391077786684036 62.449792638421059
leaf_count=180 2780 136 113 85 87 123 232 116 214 240 105 130 68 258
internal_value=-0.00010071 0.0014891 -0.0032888 0.00158886 0.00840902 0.00287756 0.00379653 0.00229583 -0.000126966 0.00177465 0.00782313 0.00271807 0.00491415 0.00957793
internal_weight=1172.44 501.865 111.462 68.585 41.133 390.403 361.233 305.382 215.713 188.677 89.6689 64.2376 136.724 78.8409
internal_count=4867 2087 465 285 172 1622 1499 1267 896 780 371 266 566 326
is_linear=0
shrinkage=0.03


Tree=318
num_leaves=15
num_cat=0
split_feature=5 5 17 9 26 4 18 25 16 21 17 18 19 19
split_gain=3.2186 3.38793 3.32213 3.27708 2.40057 4.877 3.88649 3.82048 3.82481 7.17284 6.25669 5.52109 4.60405 6.00306
threshold=0.28460077079440721 0.26237491141791269 -16.149999999999995 5.5000000000000009 3.6449579831932777 -38.164115797217498 -3.0499999999999994 -7.5916666666666659 -2.6499999999999999 11.165920373071712 5.0500000000000016 -5.7749999999999995 1.0000000180025095e-35 4.3500000000000005
decision_type=2 2 8 10 8 2 8 8 10 10 10 10 8 8
left_child=1 3 -2 -1 5 6 -4 -7 9 12 -11 -12 -9 -14
right_child=2 -3 4 -5 -6 7 -8 8 -10 10 11 -13 13 -15
leaf_value=-0.0074076183635968613 -0.010846152874336375 0.015183050293878534 -0.0028180307101581151 0.0067401602770258227 -0.0021004592666264655 -0.0066165151636571502 0.010853873068249184 0.013444870077915647 0.0029844944869919432 -0.012129117208392635 0.012799037101939964 -0.003546199404954035 -0.013510928229299743 0.0095792453278610197
leaf_weight=18.843408286571503 21.920543074607849 19.330090135335922 23.210790380835533 33.921828255057335 375.03322105109692 66.854971796274185 64.380778104066849 32.714789032936096 301.97185099124908 64.348172917962074 17.390716552734375 105.24468417465687 14.86098553240299 15.818439841270449
leaf_count=78 91 81 96 144 1553 279 267 136 1246 268 73 440 62 66
internal_value=-2.38615e-05 0.00590336 -0.000435895 0.00148388 -0.000176029 0.000852675 0.00727443 -0.000106729 0.000733487 -0.00198665 -0.00492491 -0.00081772 0.00640632 -0.00193152
internal_weight=1175.85 72.0953 1103.75 52.7652 1081.83 706.796 87.5916 619.205 552.35 250.378 186.984 122.635 63.3942 30.6794
internal_count=4880 303 4577 222 4486 2933 363 2570 2291 1045 781 513 264 128
is_linear=0
shrinkage=0.03


Tree=319
num_leaves=15
num_cat=0
split_feature=41 18 21 18 7 4 21 41 7 21 13 13 24 18
split_gain=3.33195 6.68496 5.7982 7.37564 5.66343 5.90274 4.43279 3.13438 4.20223 5.08781 4.96409 4.48509 4.47835 5.97081
threshold=52.500000000000007 11.550000000000002 14.206805794640307 8.3500000000000032 -2.0968080515051493 37.057753034574382 17.385977746353401 65.500000000000014 -3.7372007672302829 14.236494574781327 28.300000000000001 23.900000000000002 0.085784313725490183 5.5500000000000007
decision_type=8 10 10 10 2 2 10 10 2 10 8 10 8 10
left_child=2 7 3 -1 -4 -6 -7 -2 9 -9 11 -10 13 -13
right_child=1 -3 4 -5 5 6 -8 8 10 -11 -12 12 -14 -15
leaf_value=0.0082001228462479734 -0.0041839151660793689 0.011512557208383638 -0.012622755397154857 -0.0094971724399988151 0.010455448313737776 -0.01026261184909002 0.0068487603214461238 -0.013409802739801226 -0.00010049274895575461 0.0022850753247576103 -0.0068238956029236884 0.0063484462276593183 0.014621949798731892 -0.011491118643042097
leaf_weight=158.02341559529305 269.014568567276 31.834638521075249 30.279522404074669 20.103670939803123 34.216151267290115 35.239962294697762 16.404711589217186 39.281047016382217 306.5428042113781 29.856002390384674 63.130699783563614 72.211095750331879 37.11589215695858 16.771018445491791
leaf_count=655 1116 131 125 84 142 146 68 165 1273 125 264 300 154 69
internal_value=-6.88662e-05 -0.00100712 0.00266225 0.00599801 -0.00249028 0.001581 -0.0047025 -0.00155082 -0.000271206 -0.00693515 0.00071807 0.00188398 0.00652804 0.00255365
internal_weight=1160.03 865.758 294.267 178.127 116.14 85.8608 51.6447 833.923 564.909 69.137 495.772 432.641 126.098 88.9821
internal_count=4817 3597 1220 739 481 356 214 3466 2350 290 2060 1796 523 369
is_linear=0
shrinkage=0.03


Tree=320
num_leaves=15
num_cat=0
split_feature=5 6 19 18 40 15 27 18 29 21 19 29 15 18
split_gain=2.90642 4.89123 8.93354 4.98248 6.34947 5.75422 4.14504 5.75898 4.07181 4.08917 5.11068 4.76839 4.20515 3.69298
threshold=0.6092947275225401 -0.58190390117803414 -1.0499999999999998 5.9500000000000011 1.0000000180025095e-35 -1.0499999999999998 3.5000000000000004 1.1500000000000001 11.500000000000002 17.782169579258486 1.1500000000000001 6.5000000000000009 -7.4499999999999993 0.55000000000000016
decision_type=2 2 10 10 2 10 2 8 2 10 10 2 10 8
left_child=1 3 -3 8 5 -5 7 -4 9 10 12 -12 -1 -2
right_child=13 2 6 4 -6 -7 -8 -9 -10 -11 11 -13 -14 -15
leaf_value=-0.0043639084781257626 -0.0036042134827857521 -0.0017317559888766377 0.0096695257804177773 -0.021290430881802651 0.0070137904138211499 -0.00058683945290813485 0.010935734727427687 -0.012607219748505602 -0.010772882593760667 -0.0066262143846112015 -0.013584500807187986 0.0017566087773088696 0.0096897099773325997 0.0014403840352522628
leaf_weight=19.91433484852314 259.02720940113068 115.6299013197422 17.384526029229164 25.886657267808914 15.794558033347128 20.322152063250542 145.9815923422575 14.602003753185274 18.763710558414459 36.359578013420105 17.462182626128197 92.669354125857353 111.62269848585129 254.40841014683247
leaf_count=84 1077 480 72 110 65 84 601 61 78 151 72 384 466 1057
internal_value=0.000567661 0.00189019 0.00472714 -0.000464319 -0.00785933 -0.0131315 0.00885627 -0.000829465 0.0011852 0.00216829 0.00359894 -0.00116016 0.00748014 -0.00111482
internal_weight=1165.83 652.393 293.598 358.795 62.0034 46.2088 177.968 31.9865 296.792 278.028 241.669 110.132 131.537 513.436
internal_count=4842 2708 1214 1494 259 194 734 133 1235 1157 1006 456 550 2134
is_linear=0
shrinkage=0.03


Tree=321
num_leaves=15
num_cat=0
split_feature=41 41 2 5 18 20 30 8 27 7 13 1 7 11
split_gain=3.15271 4.69289 4.22458 3.68104 2.93108 2.8057 5.62553 4.94585 5.3283 6.58174 8.13861 4.45682 3.69197 6.8691
threshold=34.500000000000007 37.500000000000007 0.42631843207823544 0.58821943449796943 0.31666666666666671 10.987113661137219 -1.4999999999999998 -10.699999999999998 12.500000000000002 -1.4093448821174388 23.450000000000003 38.750000000000007 -0.55939065459857795 31.500000000000004
decision_type=8 8 2 2 10 8 2 10 2 2 10 2 2 10
left_child=2 4 -1 -4 -2 6 -3 -8 11 -10 -11 -9 -7 -14
right_child=1 5 3 -5 -6 12 7 8 9 10 -12 -13 13 -15
leaf_value=-0.0074707374494050946 -0.00091850973479461282 -0.009534914719037375 0.017986798004096576 0.0031371901588249321 -0.018568918553071849 -0.0032760032669650651 -0.0082182870020712957 -0.004336653366761545 0.011603373935249201 -0.016191055432215284 0.0085481542106516546 0.010998032290082621 0.0016697409080338641 -0.014092375567785059
leaf_weight=14.442513927817343 15.207023888826372 25.816879376769066 19.800005078315735 45.183866307139397 15.794609189033507 367.7972142547369 21.457522302865982 17.082595378160477 18.562134698033333 28.521350204944611 14.713991582393644 117.38268746435642 424.0277261286974 21.428799018263817
leaf_count=60 63 107 82 188 66 1527 90 71 77 118 61 487 1762 89
internal_value=-0.000158413 -0.000589273 0.00542791 0.00862354 -0.011241 -0.000225336 0.00256744 0.00418436 0.00571083 -0.00150945 -0.00775837 0.00896427 -0.00107224 0.000763493
internal_weight=1167.22 1087.79 79.4264 64.9839 31.0016 1056.79 243.537 217.72 196.263 61.7975 43.2353 134.465 813.254 445.457
internal_count=4848 4518 330 270 129 4389 1011 904 814 256 179 558 3378 1851
is_linear=0
shrinkage=0.03


Tree=322
num_leaves=15
num_cat=0
split_feature=13 13 28 23 20 14 24 0 13 23 39 24 11 2
split_gain=3.89211 5.80252 3.62493 4.28326 3.68051 3.66808 3.83537 3.62877 3.81538 4.40824 6.04154 5.1494 4.1534 5.93614
threshold=22.100000000000005 22.266666666666669 7.5000000000000009 0.26969696969696971 14.486775253811951 26.100000000000005 0.53484848484848502 -6.2499999999999991 19.900000000000002 0.45643939393939398 558.69389681433574 0.15419580419580423 16.633333333333336 0.40659338827909036
decision_type=10 10 2 10 10 8 8 2 10 10 2 10 8 2
left_child=2 -2 3 4 5 6 -1 -5 9 10 -9 12 -11 -14
right_child=1 -3 -4 7 -6 -7 -8 8 -10 11 -12 -13 13 -15
leaf_value=-0.013293942540773806 -0.015505344656525004 -0.0014515911763800216 -0.0033530994491715129 -0.0077488842701903902 -0.0095606090670293919 0.0087506759866546654 0.0038948657710103063 0.020793486903011422 0.0093546374491811444 -0.010302838004463535 0.0017588176535454593 -0.0098791722003491664 0.01925417325331245 0.0014819936087171826
leaf_weight=16.923628389835358 22.858761146664619 562.15652982890606 113.30072557926178 17.425598338246346 37.749382540583611 29.744280740618706 21.371715292334557 19.702137932181358 109.01715366542339 14.593955487012861 40.90262359380722 33.100448429584503 15.763525575399397 96.858412832021713
leaf_count=71 95 2336 471 72 158 127 89 82 449 61 171 138 65 399
internal_value=-0.000419957 -0.00212747 0.00134669 0.00254554 -0.00264838 0.00157858 -0.00435929 0.00414247 0.00487681 0.00250903 0.00905998 -0.000166567 0.0026386 0.00468227
internal_weight=1151.47 585.015 566.454 453.153 105.789 68.0396 38.2953 347.364 329.938 220.921 60.6048 160.316 127.216 112.622
internal_count=4784 2431 2353 1882 445 287 160 1437 1365 916 253 663 525 464
is_linear=0
shrinkage=0.03


Tree=323
num_leaves=15
num_cat=0
split_feature=8 42 15 18 21 39 39 41 18 18 25 43 3 21
split_gain=2.76066 4.00719 5.23358 6.58247 6.49806 5.52059 5.0311 5.38096 4.57263 4.37206 4.09382 3.95143 5.07417 5.63364
threshold=-2.6999999999999997 1.5000000000000002 -2.1499999999999999 5.0500000000000007 12.024280881546579 312.99475277887353 455.91675811048293 65.500000000000014 -2.6499999999999999 1.0000000180025095e-35 -6.2792207792207781 1.0000000180025095e-35 0.024826062477769754 13.978753684373009
decision_type=8 10 10 10 8 2 2 10 10 10 10 2 2 10
left_child=1 9 3 5 -4 -3 -7 -8 -6 -1 -5 -2 13 -13
right_child=11 2 4 10 8 6 7 -9 -10 -11 -12 12 -14 -15
leaf_value=-1.4529693774932398e-05 -0.00062191329895360339 0.010710361068890409 -0.0047506742861561082 -0.0033318630007044834 -0.00072526438249871476 -0.016512881588951974 0.0054066346493803624 -0.0076029647477402467 0.019075056512041201 0.010252391901147358 -0.020786244820541103 -0.024247082140677095 0.0025998235995738457 -0.0016643263630017906
leaf_weight=67.57789671421051 681.4780654758215 30.431138873100281 26.84096348285675 27.516538366675377 14.730957731604574 14.952075168490408 62.634362012147903 44.596906408667564 28.691314473748207 78.357148557901382 20.405915454030037 18.704563662409782 22.472995027899742 18.486817821860313
leaf_count=283 2825 126 112 116 61 62 261 186 119 326 87 78 93 77
internal_value=-0.000203416 0.00173762 -0.000437788 -0.00290862 0.00633892 0.000244932 -0.00268019 -0.000101658 0.0129765 0.00565512 -0.0120258 -0.00129916 -0.00838841 -0.0145493
internal_weight=1157.88 416.735 270.8 200.537 70.2632 152.614 122.183 107.231 43.4223 145.935 47.9225 741.142 59.6644 37.1914
internal_count=4812 1739 1130 838 292 635 509 447 180 609 203 3073 248 155
is_linear=0
shrinkage=0.03


Tree=324
num_leaves=15
num_cat=0
split_feature=9 6 11 16 16 9 14 14 6 3 41 11 18 26
split_gain=3.02027 5.08415 4.79682 3.09225 5.43372 4.1483 3.19377 3.13343 2.85622 4.56628 3.89816 3.25641 6.65633 4.08114
threshold=10.266666666666667 -4.440256299908282 20.633333333333336 8.5500000000000025 6.3500000000000005 9.3000000000000025 14.100000000000001 15.700000000000001 -3.3716307609117933 0.024512454088473138 61.500000000000007 13.700000000000001 -5.9499999999999993 -5.9666666666666659
decision_type=8 2 8 10 10 10 10 10 2 2 10 10 10 10
left_child=3 -2 -3 4 5 6 -1 -8 9 10 -9 13 -13 -10
right_child=1 2 -4 -5 -6 -7 7 8 11 -11 -12 12 -14 -15
leaf_value=0.011473540673727991 0.0044787976821953346 -0.01940312170516403 -0.0036696092690196276 0.0099790993864020319 -0.008879115239334448 0.014260553197777734 -0.0092675374212047596 -0.0059207921265972008 -0.016465139701843205 -0.0083779555293972043 0.01039739337917637 0.0092873850417775853 0.00061011282435404477 0.0022798586212003473
leaf_weight=18.433022916316986 38.815973326563835 19.868285626173019 69.843529745936394 25.652970343828201 49.889648109674454 15.254550442099569 25.100650787353516 18.990960165858269 15.641078010201452 69.047085627913475 25.276297137141228 85.378398358821869 672.49597546458244 19.039244696497917
leaf_count=77 166 82 291 106 208 63 105 79 67 286 105 354 2787 79
internal_value=4.80479e-05 -0.00420082 -0.00799445 0.000590625 0.000305461 0.0008238 0.000534326 0.000257597 0.000570951 -0.00378326 0.00350637 0.0012133 0.00164212 -0.00718372
internal_weight=1168.73 128.528 89.7118 1040.2 1014.55 964.657 949.403 930.97 905.869 113.314 44.2673 792.555 757.874 34.6803
internal_count=4855 539 373 4316 4210 4002 3939 3862 3757 470 184 3287 3141 146
is_linear=0
shrinkage=0.03


Tree=325
num_leaves=15
num_cat=0
split_feature=19 19 41 17 24 35 3 44 22 19 19 21 7 14
split_gain=2.50434 3.17851 2.76091 3.79398 3.7343 3.68491 4.56639 4.46677 4.16514 4.44657 6.56722 3.76305 4.43913 3.66394
threshold=12.950000000000001 11.050000000000002 85.500000000000014 -6.2499999999999991 -0.032291666666666656 1.0000000180025095e-35 0.025177278803792173 1.0000000180025095e-35 0.53452380952380962 -5.1499999999999995 -0.3166666666666666 14.159606082301837 -0.93617552783087843 21.100000000000005
decision_type=8 10 8 8 8 2 2 2 8 10 10 10 2 10
left_child=1 2 5 -4 -5 -1 7 8 -7 -10 -11 12 -8 -12
right_child=-2 -3 3 4 -6 6 11 -9 9 10 13 -13 -14 -15
leaf_value=0.002210417463506227 -0.0069021195619200261 0.010202091263592708 -0.015361512079037253 0.0092624582365091919 -0.0059473835764390021 -0.004280056067701812 0.0088097189758583848 0.011588838513560625 -0.0086689523609913277 0.015721122372244493 0.0099842792202706095 -0.013770767391689812 -0.0071110655287618379 -0.0050274874988756836
leaf_weight=661.30200000107288 34.912350371479988 26.124490991234779 17.563577964901924 17.446838036179543 36.245426818728447 132.66878332197666 18.735570505261421 24.404845356941223 17.780411824584007 33.739763766527176 16.506844639778137 37.328040927648544 42.540761142969131 40.794242322444916
leaf_count=2745 145 109 74 72 151 551 78 102 73 139 68 157 177 171
internal_value=0.000487147 0.000746402 0.000475967 -0.00503568 -0.000637043 0.000881395 -0.0015271 0.000544818 -0.000783721 0.00347958 0.00618 -0.00687086 -0.00194582 -0.000248786
internal_weight=1158.09 1123.18 1097.06 71.2558 53.6923 1025.8 364.499 265.895 241.49 108.821 91.0409 98.6044 61.2763 57.3011
internal_count=4812 4667 4558 297 223 4261 1516 1104 1002 451 378 412 255 239
is_linear=0
shrinkage=0.03


Tree=326
num_leaves=15
num_cat=0
split_feature=24 21 4 9 41 21 16 41 1 41 5 5 26 0
split_gain=2.09974 3.72714 4.74493 4.92319 4.89963 4.81035 4.06612 5.35313 3.76258 3.70684 5.1265 4.06319 3.46077 4.80338
threshold=0.16042250233426705 15.871707635595447 114.42869851091872 5.3000000000000016 45.500000000000007 15.070390394170039 -9.2499999999999982 72.500000000000014 39.250000000000007 47.500000000000007 0.65754176928259567 0.62013493298009215 -7.7817460317460307 10.750000000000002
decision_type=8 8 2 10 10 10 8 8 2 10 2 2 10 2
left_child=9 2 3 -2 -4 8 -3 -8 -6 10 11 -1 13 -10
right_child=1 6 4 -5 5 -7 7 -9 12 -11 -12 -13 -14 -15
leaf_value=0.0039930058925836658 -0.012140281821523741 -0.0091280226765766241 -0.0083514034604386805 0.0050643413388202045 0.013915283372523507 -0.012369536795851061 0.010318305832295552 -0.0064867760394530811 -0.010230402065455607 -8.6541005341275216e-05 0.014725161567605803 -0.010026285588958586 0.0053843894043022087 0.0074843294920181498
leaf_weight=137.82822321355343 71.040990635752678 14.550572842359541 51.637437835335732 15.659196346998213 21.388442859053612 14.189066424965857 61.083793014287949 19.164298325777054 34.894316852092743 593.24692393839359 32.271469578146935 16.554260715842247 74.240048691630363 16.693088576197624
leaf_count=570 299 62 215 65 90 60 254 80 145 2461 133 68 308 71
internal_value=0.000184084 -0.00158718 -0.00321849 -0.0089262 -0.000744244 0.00186728 0.00347366 0.00615995 0.00360071 0.00108454 0.00471179 0.00222236 0.0013826 -0.00434331
internal_weight=1174.44 394.541 299.743 86.7002 213.042 161.405 94.7987 80.2481 147.216 779.901 186.654 154.382 125.827 51.5874
internal_count=4881 1649 1253 364 889 674 396 334 614 3232 771 638 524 216
is_linear=0
shrinkage=0.03


Tree=327
num_leaves=15
num_cat=0
split_feature=13 15 19 19 15 22 41 9 39 18 25 8 22 19
split_gain=2.43243 2.47252 3.13398 6.17072 4.9195 6.29741 4.94319 4.14372 4.29839 5.69986 4.07708 5.47567 3.98113 3.93542
threshold=11.225000000000001 8.4500000000000011 -2.9499999999999997 -1.5499999999999998 -0.34999999999999992 0.54195804195804198 42.500000000000007 -11.699999999999998 641.11064643597103 -4.6499999999999995 -4.4833333333333325 -10.699999999999998 0.80625000000000013 -3.9499999999999997
decision_type=10 10 8 8 10 10 8 8 2 10 10 8 10 10
left_child=-1 2 13 -4 5 6 -5 -8 9 -9 11 -11 -7 -2
right_child=1 -3 3 4 -6 12 7 8 -10 10 -12 -13 -14 -15
leaf_value=0.0098435016372792755 -0.00024580927358597998 -0.004615353332288883 0.0086469110317584641 0.01094782584987428 0.00327140590960025 -0.011627887128187782 0.010656918333902171 -0.011116277628251674 -0.0055639104413363581 -0.0010782443802180134 -0.0023029551011206628 0.020548587337379857 0.0029454315612282311 -0.0086792005990639493
leaf_weight=18.896903246641159 236.96351845562458 84.579492405056953 92.446067333221436 30.550346881151199 312.56673742830753 70.456636995077133 19.570835664868355 15.344467997550963 133.1811385601759 16.129266262054443 24.684189513325691 22.999464228749275 19.474078163504601 58.155891463160515
leaf_count=80 987 355 384 128 1294 291 82 64 555 67 102 95 81 241
internal_value=0.000370907 0.000171083 0.000575718 0.00159555 0.000558016 -0.00186083 0.000524459 -0.00105073 -0.00235014 0.00306629 0.00703655 0.0125217 -0.00848318 -0.00202459
internal_weight=1156 1137.1 1052.52 757.403 664.957 352.39 262.46 231.909 212.339 79.1574 63.8129 39.1287 89.9307 295.119
internal_count=4806 4726 4371 3143 2759 1465 1093 965 883 328 264 162 372 1228
is_linear=0
shrinkage=0.03


Tree=328
num_leaves=15
num_cat=0
split_feature=16 26 16 42 25 40 24 1 24 4 26 13 14 22
split_gain=3.28123 5.13035 5.09228 3.34224 3.64253 3.53001 3.05884 2.73797 4.95586 3.64852 4.67112 3.41121 3.85902 3.28518
threshold=11.450000000000001 10.522727272727275 7.3166666666666673 6.5000000000000009 -0.48333333333333328 1.0000000180025095e-35 -0.083333333333333343 38.750000000000007 0.43484848484848487 79.750326573070325 -2.5634920634920628 21.225000000000005 18.700000000000006 0.62019230769230782
decision_type=8 8 10 10 8 2 8 2 10 2 10 10 10 10
left_child=2 -2 7 5 -5 6 -4 8 9 10 -1 12 -12 -11
right_child=1 -3 3 4 -6 -7 -8 -9 -10 13 11 -13 -14 -15
leaf_value=0.0082847822171582142 -0.016618642637312088 0.0026018583248897638 -0.013077328513844463 0.020803060581744894 0.0034737205472441818 0.0091320281280908612 0.0039770523247554656 5.308706148259661e-05 0.0097836333182800307 -0.015838622773907466 0.0094756995696882711 -0.013290412145426575 -0.0090185186690977907 -0.001346138718054627
leaf_weight=24.607941433787346 22.207521811127663 20.946047022938728 15.150188520550726 18.225906506180763 25.252654999494553 21.832327485084534 14.45997114479542 873.43557146191597 15.825306802988051 39.998554334044456 16.25486928224564 25.833875507116318 14.467417463660238 21.938015297055244
leaf_count=103 93 88 64 77 105 91 60 3624 67 167 68 107 60 91
internal_value=-0.000318799 -0.00798786 8.75814e-06 0.00647687 0.0121344 0.00104383 -0.00537753 -0.000614307 -0.00417196 -0.00599349 -0.00160928 -0.00623751 0.000723288 -0.0111894
internal_weight=1170.44 43.1536 1127.28 94.921 43.4786 51.4425 29.6102 1032.36 158.926 143.101 81.1641 56.5562 30.7223 61.9366
internal_count=4865 181 4684 397 182 215 124 4287 663 596 338 235 128 258
is_linear=0
shrinkage=0.03


Tree=329
num_leaves=15
num_cat=0
split_feature=20 12 9 39 23 10 39 7 20 9 42 39 12 21
split_gain=2.66316 4.89771 4.17941 3.10068 2.5372 4.28085 3.3063 2.80213 5.72918 4.35238 4.14335 3.56151 5.55712 4.90318
threshold=18.595847798762396 22.633333333333336 -4.8999999999999995 1082.6692534977462 0.12916666666666668 18.700000000000006 827.46038218717217 -2.8644039964630337 10.954958288880485 -1.7 5.5000000000000009 1209.0879194799502 20.300000000000001 11.612254063894936
decision_type=10 10 10 2 10 8 2 2 8 10 10 2 10 8
left_child=4 2 -2 -3 -1 7 -7 8 -6 10 -10 -9 -13 -14
right_child=1 3 -4 -5 5 6 -8 11 9 -11 -12 12 13 -15
leaf_value=-0.0037261234660228289 -0.0013713579445436923 0.0086780441352338374 -0.018894525325675156 -0.0068840554293314983 0.0067460291465969834 0.018436126916923357 -0.00026066507707597617 -0.00043985264015072666 -0.021418246341383139 -0.0017659371210516574 -0.0031316609745980504 0.011276660697495588 -0.0073961735712368493 0.004241453916143118
leaf_weight=143.04125931859016 22.386167138814926 22.935585409402847 24.503928005695343 14.937476903200148 32.695487722754478 15.749550923705103 14.200487375259398 544.4468599408865 22.42142029106617 69.317568615078926 22.172894537448883 62.145818412303925 41.322132676839828 105.13062411546707
leaf_count=603 93 95 101 62 136 67 60 2253 94 288 92 259 172 437
internal_value=-0.000493179 -0.00545707 -0.0114669 0.00245318 -7.74203e-05 0.000500949 0.0108022 0.000100206 -0.00362357 -0.00675841 -0.0135583 0.000844293 0.00412778 0.000822088
internal_weight=1157.41 84.7632 46.8901 37.8731 1072.64 929.603 29.95 899.653 146.607 113.912 44.5943 753.045 208.599 146.453
internal_count=4812 351 194 157 4461 3858 127 3731 610 474 186 3121 868 609
is_linear=0
shrinkage=0.03


Tree=330
num_leaves=15
num_cat=0
split_feature=7 18 15 15 15 14 1 8 14 7 7 18 7 16
split_gain=2.82636 2.406 2.14671 6.11695 4.49949 2.73417 5.74353 4.65485 4.48133 5.21211 6.09957 4.31994 4.40943 3.77081
threshold=-5.6837429502595418 0.31666666666666671 10.65 9.8500000000000032 12.250000000000002 24.100000000000005 50.750000000000007 9.1000000000000014 22.700000000000006 1.2421329723093828 3.2596399628698243 0.15000000000000005 -0.7883749570340205 0.25000000000000006
decision_type=2 10 10 8 10 8 2 10 10 2 2 10 2 10
left_child=1 -1 3 5 -4 8 7 -7 -2 11 -11 -10 -13 -8
right_child=2 -3 4 -5 -6 6 13 -9 9 10 -12 12 -14 -15
leaf_value=0.0010529355995762197 0.0002460685872742705 -0.01295370197794456 0.015989414742540557 -0.015163707418616224 -0.0020857477171442513 0.0026000098418006044 -0.013932428171851316 0.01568100166017394 -0.017452158863279176 0.012673212955064293 -0.009792812922565123 0.0061619695399740271 -0.012694879201813988 0.0032576996028209396
leaf_weight=17.289138659834862 581.10582399368286 22.448608815670013 18.205809980630875 18.456419587135315 24.453027039766312 314.86122252047062 25.195028856396675 21.967943862080574 35.671883121132851 19.5327318161726 14.792006656527517 19.849644422531128 15.55522884428501 15.966814041137694
leaf_count=73 2411 95 77 78 103 1306 106 93 148 81 61 82 65 66
internal_value=-2.76384e-05 -0.00742308 0.000265118 -9.07233e-06 0.0064965 0.000323344 0.00235551 0.00367004 -0.00080451 -0.00634544 0.00297749 -0.0107475 -0.00266857 -0.00763372
internal_weight=1165.35 39.7377 1125.61 1082.95 42.6588 1064.5 377.991 336.829 686.507 105.401 34.3247 71.0768 35.4049 41.1618
internal_count=4845 168 4677 4497 180 4419 1571 1399 2848 437 142 295 147 172
is_linear=0
shrinkage=0.03


Tree=331
num_leaves=15
num_cat=0
split_feature=3 15 1 3 14 11 15 39 13 42 3 21 21 16
split_gain=2.59873 8.00173 3.03285 3.48469 4.33504 4.12453 3.12793 2.75427 3.4702 5.16252 2.97344 4.80134 8.70863 3.06921
threshold=0.031710224548646367 -4.5499999999999989 48.250000000000007 0.042807452245767326 19.266666666666669 21.500000000000004 0.31666666666666671 220.92816365115672 20.100000000000005 9.5000000000000018 0.027770135232294216 15.568664741757123 11.544625277956976 -9.4499999999999975
decision_type=2 10 2 2 10 10 10 2 10 8 2 10 10 8
left_child=7 -2 3 4 -3 -5 -6 8 -1 -10 13 12 -12 -9
right_child=1 2 -4 5 6 -7 -8 10 9 -11 11 -13 -14 -15
leaf_value=-0.013062936375232643 -0.0093442274760229694 -0.000247770911908702 -0.003263290772873152 -0.0090168575211048534 0.026767399795617253 0.010030256444577975 0.0085245516965291208 -0.0069459669661285058 -0.0079939772314295034 0.0099064519183477973 0.0046893733219271743 0.0072787786113024805 -0.018164997169164882 0.00072139173432582903
leaf_weight=30.176061034202576 28.545040845870972 15.098575800657271 17.400996223092079 14.391836419701578 17.731467723846436 16.739108547568321 24.943786203861237 44.806431442499161 30.257680267095566 19.649093598127365 21.352781996130943 15.519990190863608 34.806893944740295 827.26215220987797
leaf_count=126 119 64 72 60 73 69 104 190 125 81 88 65 146 3437
internal_value=-0.000152538 0.00368523 0.00744646 0.00960479 0.0136799 0.00119552 0.0181167 -0.00067347 -0.00584333 -0.000685963 -0.000206293 -0.00587057 -0.00980244 0.000290095
internal_weight=1158.68 134.851 106.306 88.9048 57.7738 31.1309 42.6753 1023.83 80.0828 49.9068 943.748 71.6797 56.1597 872.069
internal_count=4819 561 442 370 241 129 177 4258 332 206 3926 299 234 3627
is_linear=0
shrinkage=0.03


Tree=332
num_leaves=15
num_cat=0
split_feature=9 16 16 41 39 4 4 4 3 39 9 24 3 24
split_gain=3.8447 3.47916 4.7992 5.85516 4.92274 3.53882 3.2254 3.08021 8.26175 3.55033 9.51506 6.4441 5.4283 5.13343
threshold=-3.4999999999999996 -3.8499999999999992 -5.9499999999999993 67.500000000000014 819.02072968314258 76.752812474397174 26.229800501373465 183.75065198495034 0.02448333797883662 819.02072968314258 10.900000000000002 0.17647058823529413 0.024738697602202268 0.2642857142857144
decision_type=8 10 10 10 2 2 2 2 2 2 10 10 2 10
left_child=1 2 3 4 -1 -5 -4 9 -9 10 12 -11 -2 -13
right_child=7 -3 6 5 -6 -7 -8 8 -10 11 -12 13 -14 -15
leaf_value=-0.0088533856459137583 0.00090991273907027712 0.0066437536297414956 0.0056809203427063493 0.017260462118636754 0.0049086664852236407 0.0039160242236701039 -0.0084515240327954072 0.0060696823718556928 -0.012960418302823018 -0.00081094498827084544 -0.010242359371700193 -0.023036263556770128 0.0093199890885314537 -0.0024061492202677019
leaf_weight=41.536910727620125 199.22737254202366 129.12495388090611 14.889663174748419 25.964412808418274 42.448369204998016 52.193962559103966 60.169678688049316 28.329506978392601 52.129054874181747 325.07138366997242 45.240529581904411 17.652815923094749 101.7567795664072 23.37783370912075
leaf_count=174 824 535 62 108 177 221 250 118 215 1352 189 74 421 98
internal_value=0.00026024 0.00278092 0.000584388 0.00346607 -0.0020127 0.00912034 -0.00546834 -0.000914638 -0.00629682 -0.000267058 0.00189685 -0.00231146 0.00385903 -0.0128201
internal_weight=1159.11 366.328 237.203 162.144 83.9853 78.1584 75.0593 792.785 80.4586 712.327 346.225 366.102 300.984 41.0306
internal_count=4818 1527 992 680 351 329 312 3291 333 2958 1434 1524 1245 172
is_linear=0
shrinkage=0.03


Tree=333
num_leaves=15
num_cat=0
split_feature=12 22 12 7 5 5 5 19 35 21 13 13 30 13
split_gain=3.00022 4.59912 4.62677 3.26357 2.90819 2.29822 2.55856 2.91735 2.61778 4.8132 2.14984 1.99121 5.61735 7.69468
threshold=14.300000000000002 0.58012820512820518 13.500000000000002 -0.068744881055099669 0.78694172720076372 0.19263265103865956 0.28460077079440721 -9.8499999999999996 1.0000000180025095e-35 12.910159649513538 32.100000000000009 22.100000000000005 -1.0000000180025095e-35 15.500000000000002
decision_type=10 10 10 2 2 2 2 10 2 10 8 10 2 10
left_child=1 2 3 -1 -3 -2 8 -8 9 -7 11 12 13 -9
right_child=5 4 -4 -5 -6 6 7 10 -10 -11 -12 -13 -14 -15
leaf_value=-0.010099360352763207 -0.0091581559130532435 0.011041686673669199 -0.02129165354670479 0.0057333916433735602 -0.0047536817589588125 -0.0013930735693556101 0.010514910085256721 -0.0090131076687013419 -0.00077079203786261491 0.020039829228554799 0.0074174084883226032 -0.0017819142557974133 -0.00062585110070350421 0.011147567378333691
leaf_weight=21.909376963973045 17.451141908764839 15.851686194539068 16.962808072566986 16.426071271300316 16.925807848572731 14.970100477337835 18.939001321792603 17.340018764138222 26.402026012539864 17.952344357967377 28.226299315690994 450.52087524533272 403.51551732420921 79.217819690704346
leaf_count=94 74 66 71 69 71 63 79 72 110 77 117 1870 1675 327
internal_value=-0.000102724 -0.00527031 -0.010225 -0.00343653 0.00333557 0.000343293 0.000542526 0.000167808 0.00634186 0.0113954 -8.48175e-05 -0.000345228 0.000953923 0.00726158
internal_weight=1162.61 88.0758 55.2983 38.3354 32.7775 1074.54 1057.08 997.76 59.3245 32.9224 978.821 950.594 500.073 96.5578
internal_count=4835 371 234 163 137 4464 4390 4140 250 140 4061 3944 2074 399
is_linear=0
shrinkage=0.03


Tree=334
num_leaves=15
num_cat=0
split_feature=12 19 2 2 3 15 19 13 2 11 17 19 17 13
split_gain=3.12968 2.68661 2.42762 1.81594 4.95111 7.25067 5.34044 4.72694 5.70554 4.46772 4.18041 6.29625 3.83111 4.26176
threshold=11.900000000000002 -4.3499999999999988 0.86143807253105797 0.65309022657102689 0.024401396659656908 8.3500000000000032 -0.6499999999999998 24.700000000000006 0.69152429584113773 23.900000000000002 8.0500000000000025 1.4500000000000002 -1.7999999999999992 19.500000000000004
decision_type=10 8 2 2 2 10 10 10 2 10 10 10 10 10
left_child=1 -1 3 -2 5 9 -6 8 -8 12 11 -10 -5 -14
right_child=2 -3 -4 4 6 -7 7 -9 10 -11 -12 -13 13 -15
leaf_value=0.015617495432086355 -0.0011440215760049667 -0.00036198468196903532 -0.0084738088744542271 0.011308211686013668 -0.0060746591824820707 -0.010745589215310979 0.016167214450247578 -0.0068603956741288951 0.011195152757179727 0.015548026066554171 0.010335949994789862 -0.0082641465755556448 0.0065837273964249859 -0.012317055483278367
leaf_weight=15.483269602060316 721.45893932878971 17.19945564866066 28.461405798792839 22.984567567706108 102.89700527489185 15.011798888444899 27.557016298174858 32.230840057134628 16.180530980229378 47.315891712903976 26.868203103542328 47.162533357739449 16.496037021279335 17.018999144434929
leaf_count=65 2999 73 120 95 428 63 114 135 67 197 113 195 69 71
internal_value=-0.000230047 0.00827598 -0.000513526 -0.000268639 0.00142298 0.00634061 -0.00096578 0.00262173 0.00539052 0.00919151 0.0014224 -0.00283803 0.00303693 -0.00336713
internal_weight=1154.33 32.6827 1121.64 1093.18 371.723 118.827 252.896 149.999 117.768 103.815 90.2113 63.3431 56.4996 33.515
internal_count=4804 138 4666 4546 1547 495 1052 624 489 432 375 262 235 140
is_linear=0
shrinkage=0.03


Tree=335
num_leaves=15
num_cat=0
split_feature=10 10 18 21 29 2 29 14 14 10 21 24 20 7
split_gain=3.09528 3.1154 5.37369 5.11414 6.86144 5.56402 5.01409 3.99668 4.51153 4.78379 3.77826 3.53767 3.52145 4.79412
threshold=-19.899999999999995 5.1000000000000023 -5.8499999999999988 10.846914563854325 13.500000000000002 0.80210294391015469 13.500000000000002 21.300000000000001 22.300000000000001 16.300000000000008 14.004165876838968 0.085784313725490183 12.172829489390592 -1.2387674785056151
decision_type=8 10 10 10 2 2 2 10 10 10 10 10 8 2
left_child=-1 6 -3 5 7 11 12 -5 -9 -10 -11 -4 13 -2
right_child=1 2 3 4 -6 -7 -8 8 9 10 -12 -13 -14 -15
leaf_value=0.0073244914797059909 0.0072108629529673458 0.011115090556942665 0.000586802629307235 0.0048636255873378215 0.014303975148016597 -0.0063689263310530578 -0.011076187947419516 -0.017712965198938165 -0.005937883683941588 0.013362216522974283 -0.0039185228835989473 0.016618327838874083 -0.0024484002652630839 -0.0010727119970182725
leaf_weight=43.986729606986046 92.190631940960884 44.347665086388588 18.316911071538925 41.300226449966431 17.269012406468391 17.078094869852066 40.940948292613029 17.550128534436226 128.54582624137402 19.773314908146858 17.790346950292587 35.870074599981308 451.82339550554752 175.13122469186783
leaf_count=188 382 185 76 171 72 72 171 74 533 83 78 150 1876 724
internal_value=-5.75321e-05 -0.00037931 0.00191213 0.000456197 -0.00164611 0.00724133 -0.00146354 -0.0031549 -0.00503917 -0.00322167 0.00567907 0.0117065 -0.000843597 0.00186397
internal_weight=1161.91 1117.93 357.842 313.494 242.229 71.2651 760.086 224.96 183.66 166.109 37.5637 54.187 719.145 267.322
internal_count=4835 4647 1494 1309 1011 298 3153 939 768 694 161 226 2982 1106
is_linear=0
shrinkage=0.03


Tree=336
num_leaves=15
num_cat=0
split_feature=19 19 41 3 3 11 22 3 22 19 11 18 42 12
split_gain=1.97067 3.06543 2.46754 2.62872 3.36981 4.59793 5.52416 3.94217 4.02442 5.2897 4.93335 6.69223 3.91035 3.73851
threshold=14.250000000000002 10.850000000000003 23.500000000000004 0.043325238447189725 0.025070420785545004 20.633333333333336 0.72474747474747481 0.024894850512617198 0.84807692307692317 1.2500000000000002 32.45000000000001 9.9500000000000011 6.5000000000000009 20.450000000000003
decision_type=8 10 10 2 2 10 10 2 10 10 10 8 10 10
left_child=1 2 -1 4 7 -6 13 8 10 -10 11 -4 -8 -7
right_child=-2 -3 3 -5 5 6 12 -9 9 -11 -12 -13 -14 -15
leaf_value=-0.0060857814228058166 -0.0080424672993827436 0.0073513288721301214 -0.00093116963925474921 0.010184492593112366 -0.0082537290026672115 0.0090337388234281793 -0.014256939866315335 0.010297596410023757 0.013955209912545875 -0.0027224906415155509 -0.014534430928798671 0.011652988326927006 0.0014862205216601989 -0.001106083490387927
leaf_weight=64.549831092357635 25.419101700186729 40.254690200090408 586.51099801063538 16.308831885457039 99.127297878265381 49.983456566929817 30.555890440940857 30.964146539568901 35.596955686807632 27.182871595025063 17.14239339530468 35.647501736879349 22.199881315231323 78.514129906892776
leaf_count=269 106 167 2439 68 413 208 128 128 149 115 71 147 93 325
internal_value=-0.000506027 -0.000302628 -0.000616345 -0.000245737 -0.000462766 -0.00322937 -0.000333742 0.000610134 0.000113088 0.00706584 -0.000619213 -0.000122987 -0.008077 0.00302876
internal_weight=1159.96 1134.54 1094.28 1029.73 1013.43 280.381 181.253 733.045 702.081 62.7798 639.301 622.158 52.7558 128.498
internal_count=4826 4720 4553 4284 4216 1167 754 3049 2921 264 2657 2586 221 533
is_linear=0
shrinkage=0.03


Tree=337
num_leaves=15
num_cat=0
split_feature=26 26 26 27 14 1 8 13 10 1 1 11 21 7
split_gain=3.62273 3.22684 2.98906 3.81633 5.5786 2.98267 3.43866 2.82495 2.76751 2.43035 4.81963 5.081 4.72344 4.42394
threshold=-16.176923076923071 -12.47222222222222 -9.1339285714285694 6.5000000000000009 28.300000000000001 54.250000000000007 16.100000000000005 11.225000000000001 19.500000000000004 37.750000000000007 40.250000000000007 17.100000000000005 15.297784862347859 -2.4274624630360764
decision_type=8 8 8 2 10 2 10 10 8 2 2 10 10 2
left_child=-1 -2 3 -3 -5 6 7 -4 9 12 11 -11 13 -9
right_child=1 2 5 4 -6 -7 -8 8 -10 10 -12 -13 -14 -15
leaf_value=0.011511385892620027 -0.0093289446710778379 -0.0042617910176431673 0.010863652238625199 0.01698293972954066 -0.0038588704370560068 0.0089644117104305445 -0.012356762286021544 0.003081363555796158 0.010350517557953643 -0.0050898300038513498 -0.0014703512516747324 0.0090860190788230964 0.0047090653664647337 -0.01272896203985705
leaf_weight=17.495523869991302 32.281527236104012 20.916056409478188 13.558987990021704 29.396064504981041 15.028067767620085 22.724619179964066 18.519068747758865 18.901166871190071 14.16038043797016 27.805730223655701 762.44472205638885 76.779622718691826 27.645567908883095 59.584176108241081
leaf_count=74 139 88 57 121 63 94 78 79 60 115 3163 321 115 248
internal_value=-0.000414394 -0.000646939 -0.000353075 0.00563564 0.0102553 -0.000753679 -0.00101301 -0.000742743 -0.00095607 -0.00117266 -0.000633393 0.00525687 -0.00535145 -0.00896494
internal_weight=1157.24 1139.75 1107.46 65.3402 44.4241 1042.12 1019.4 1000.88 987.321 973.161 867.03 104.585 106.131 78.4853
internal_count=4815 4741 4602 272 184 4330 4236 4158 4101 4041 3599 436 442 327
is_linear=0
shrinkage=0.03


Tree=338
num_leaves=15
num_cat=0
split_feature=26 17 7 18 14 7 14 14 13 7 41 39 19 29
split_gain=2.83537 3.36701 3.73767 5.11484 4.71252 3.68527 3.30227 3.53359 6.30194 3.91189 4.80097 8.35235 5.53925 4.92826
threshold=-16.176923076923071 16.350000000000005 0.37916301959483922 -7.2499999999999991 15.100000000000001 0.10939951300739305 15.900000000000002 17.500000000000004 22.900000000000002 -2.9129911582488415 65.500000000000014 421.72524935736459 -1.6499999999999997 6.5000000000000009
decision_type=8 10 2 8 10 2 10 10 10 2 10 2 10 2
left_child=-1 2 4 -4 -2 6 -6 8 -8 -9 13 -12 -13 -11
right_child=1 -3 3 -5 5 -7 7 9 -10 10 11 12 -14 -15
leaf_value=0.0099375798038583586 -0.009156849316654142 -0.010534258032848612 -0.0077224443771160478 0.0029477871052584442 0.010758484698896819 -0.0096701851531439745 -0.015316933069673473 -0.0036331467614321416 0.0046355990337360728 0.010385664373492573 0.020080439929850358 0.011151107084776889 -0.0014754371054072075 -0.0035521600668776275
leaf_weight=20.413303881883621 59.334291890263557 22.655974507331848 39.582280799746513 450.65291956067085 19.717446818947792 32.600893720984459 30.55880343914032 145.33921208977699 20.669834569096565 22.123618975281715 25.250910028815269 40.63576140999794 96.319539025425911 141.32332855463028
leaf_count=87 248 100 166 1873 82 135 126 606 86 91 104 169 400 585
internal_value=2.57917e-05 -0.000193021 6.11286e-05 0.00201699 -0.00145547 -0.00058799 4.17675e-05 -0.000461055 -0.00757011 0.000383575 0.00220407 0.00578238 0.00253177 -0.00141331
internal_weight=1167.18 1146.76 1124.11 490.235 633.874 574.539 541.938 522.221 51.2286 470.992 325.653 162.206 136.955 163.447
internal_count=4858 4771 4671 2039 2632 2384 2249 2167 212 1955 1349 673 569 676
is_linear=0
shrinkage=0.03


Tree=339
num_leaves=15
num_cat=0
split_feature=18 19 19 15 39 34 18 18 10 12 2 18 18 35
split_gain=3.80525 3.12449 4.38632 7.88925 2.79187 2.73978 8.33148 4.10205 2.4808 2.43103 3.15284 5.28708 4.21604 3.33574
threshold=13.550000000000002 -9.3499999999999996 -6.7749999999999995 0.22500000000000003 911.37581774572561 1.0000000180025095e-35 1.5500000000000003 -2.0499999999999994 4.9000000000000012 11.700000000000001 0.75182143558184633 -5.8499999999999988 3.6500000000000008 1.0000000180025095e-35
decision_type=10 8 8 10 2 2 10 8 10 8 2 10 10 2
left_child=1 4 3 -3 -1 9 7 -7 -5 -4 -11 -12 -13 -14
right_child=-2 2 5 8 -6 6 -8 -9 -10 10 11 12 13 -15
leaf_value=-0.014413668191552416 0.010826894140725293 0.017107713276529612 0.010618709538302457 0.0057721500781262626 0.00010879652965731419 -0.003473232240756379 0.0068137137381279866 -0.02243539540046012 -0.0084931867669790651 0.00049148489251773879 0.0089170477978504359 -0.010023989484560234 0.0071933840855252611 -0.0075952837602683738
leaf_weight=21.181340917944908 23.257507547736168 31.02007320523262 13.789885282516478 14.711700305342672 21.726378172636032 21.590658783912659 24.426572278141975 19.254833042621613 20.481313779950142 790.98138171434402 19.567225843667984 87.248486876487732 27.262313038110733 18.953705817461014
leaf_count=89 96 130 58 61 90 90 102 80 85 3284 82 365 114 80
internal_value=-4.80067e-05 -0.00031802 1.1707e-05 0.00721191 -0.00781631 -0.000487096 -0.00620471 -0.0138841 -0.00255364 -6.72553e-05 -0.000278477 -0.00414784 -0.00631612 0.000978991
internal_weight=1155.45 1132.2 1089.29 66.2131 42.9077 1023.08 65.2721 40.8455 35.193 957.803 944.013 153.032 133.465 46.216
internal_count=4806 4710 4531 276 179 4255 272 170 146 3983 3925 641 559 194
is_linear=0
shrinkage=0.03


Tree=340
num_leaves=15
num_cat=0
split_feature=9 39 14 12 13 22 39 5 4 22 2 21 15 15
split_gain=1.71881 2.16823 3.25858 1.98375 2.20987 5.8762 5.09643 3.85232 3.85498 3.6791 4.78568 3.84731 5.90015 3.63274
threshold=18.100000000000005 178.36753681358059 23.100000000000005 33.500000000000007 22.100000000000005 0.41987179487179493 224.60148049757098 0.56557571789530658 -38.164115797217498 0.46291208791208799 0.5933355947830613 13.714145147305553 -3.9499999999999997 -1.4499999999999997
decision_type=8 2 10 10 10 10 2 2 2 10 2 8 10 10
left_child=1 2 -1 4 6 -6 -3 8 -7 -9 -11 12 -12 -13
right_child=-2 3 -4 -5 5 7 -8 9 -10 10 11 13 -14 -15
leaf_value=0.011965632309095905 -0.0072117785384398607 -0.011933300206371646 -0.0024847478568048665 0.0080663420126020329 0.0013043342559680591 -0.0016080727086185934 0.0019754581331725943 -0.014012029097422779 -0.014414414558782276 0.012904909603245016 0.015671108579069747 -0.015772561890710121 -0.0032180320464637565 -0.0004300794720463955
leaf_weight=29.293780446052551 22.15475469827652 19.945653155446053 21.316352054476738 22.60445673763752 307.81995098292828 35.248198121786118 492.65569399297237 14.318341180682181 53.693985357880592 16.87676465511322 16.386701136827469 22.859355032444 44.926863774657249 28.275266155600548
leaf_count=121 94 84 89 95 1280 147 2048 60 224 70 68 96 187 117
internal_value=0.00024871 0.000426698 0.00620314 0.000127458 -8.02778e-05 -0.00141243 0.00132421 -0.00495977 -0.00969491 -0.00180034 2.29319e-05 -0.00237754 0.00263124 -0.00808279
internal_weight=1148.38 1126.22 50.6101 1075.61 1053.01 540.405 512.601 232.585 88.9422 143.643 129.325 112.448 61.3136 51.1346
internal_count=4780 4686 210 4476 4381 2249 2132 969 371 598 538 468 255 213
is_linear=0
shrinkage=0.03


Tree=341
num_leaves=15
num_cat=0
split_feature=5 5 22 11 19 20 18 15 23 4 15 14 12 4
split_gain=2.43807 4.56078 3.73055 3.2226 3.09199 6.52999 6.57952 2.56775 3.17128 6.81079 4.10217 3.75142 4.23283 3.46842
threshold=0.28460077079440721 0.26237491141791269 0.11324786324786326 18.900000000000002 -6.9499999999999993 11.756085834996247 3.3500000000000001 -11.162499999999998 0.87083333333333346 -77.185315352077609 -1.5499999999999998 15.100000000000001 31.700000000000006 -19.877961537113716
decision_type=2 2 10 10 10 8 8 10 8 2 10 10 10 2
left_child=1 2 -1 -4 5 -2 -7 -6 11 -10 -11 -9 -13 -12
right_child=4 -3 3 -5 7 6 -8 8 9 10 13 12 -14 -15
leaf_value=-0.010614091796386348 -0.0067876342230283639 0.017033203340034549 0.010658834048262456 -0.0043026150889133802 -0.0095410410786286367 0.015279325711083683 -0.0029197264156912875 -0.0090981003972810115 -0.017695082024921299 0.0062771633480908483 0.0060991287365585265 -0.00011520985663349996 0.010823183431694037 -0.0086470346720099386
leaf_weight=14.433387801051138 29.607907086610794 15.549416691064833 27.259022414684296 18.032819256186485 26.425569251179695 45.979082733392715 25.381406366825104 34.790657490491867 24.939479947090149 36.125590994954109 14.699212476611136 761.90024650096893 28.223943620920181 57.866967216134071
leaf_count=61 124 66 116 75 110 192 107 145 104 151 61 3165 117 239
internal_value=-0.000207424 0.0048396 0.000594427 0.00486644 -0.000577848 0.0042967 0.00903898 -0.00109671 -0.000815612 -0.00501398 -0.00145404 -0.000109391 0.000341122 -0.0054594
internal_weight=1161.21 75.2746 59.7252 45.2918 1085.94 100.968 71.3605 984.972 958.546 133.631 108.692 824.915 790.124 72.5662
internal_count=4833 318 252 191 4515 423 299 4092 3982 555 451 3427 3282 300
is_linear=0
shrinkage=0.03


Tree=342
num_leaves=15
num_cat=0
split_feature=26 26 39 20 44 22 21 24 3 15 21 22 21 39
split_gain=2.69518 3.36961 2.7426 2.89609 2.70696 5.44755 3.52265 6.68182 3.05782 4.50015 6.45229 5.30083 5.75402 4.17395
threshold=-16.176923076923071 -12.129166666666665 2370.8399259221619 11.796421302901804 1.0000000180025095e-35 0.31980519480519487 11.26572971979628 0.18118686868686873 0.028941626708694271 3.2500000000000004 11.612254063894936 0.33974358974358981 15.871707635595447 648.9405088764106
decision_type=8 8 2 10 2 10 8 10 2 10 10 8 10 2
left_child=-1 -2 4 -4 8 -6 -7 -8 -3 10 -10 -12 13 -13
right_child=1 2 3 -5 5 6 7 -9 9 -11 11 12 -14 -15
leaf_value=0.0095039958672535323 -0.0089570396282275741 -0.00074578884996312283 0.0029819007089911137 -0.01247628397716607 -0.0032838963683828829 0.018687542693017617 0.012943857531067034 -0.0077813625555804046 0.010288407320991859 0.01212661724486829 0.0060485667374112224 -0.003143955725105718 0.0037597365794019341 -0.025143344421546136
leaf_weight=21.935625568032265 32.374153047800064 816.55698674917221 14.581764683127401 25.035130396485329 43.79830776154995 21.468589812517166 27.881419867277145 20.003989428281784 35.408014476299286 37.876232579350471 24.48244509100914 14.622027844190599 16.351696535944939 16.674036145210266
leaf_count=93 140 3393 61 105 183 90 115 84 146 157 104 60 68 69
internal_value=0.000123721 -9.61203e-05 0.000200064 -0.00709005 0.000500272 0.00478562 0.0097598 0.00436883 -2.5932e-05 0.00390676 0.000601474 -0.00451244 -0.00999799 -0.0167139
internal_weight=1169.05 1147.11 1114.74 39.6169 1075.12 113.152 69.354 47.8854 961.971 145.414 107.538 72.1302 47.6478 31.2961
internal_count=4868 4775 4635 166 4469 472 289 199 3997 604 447 301 197 129
is_linear=0
shrinkage=0.03


Tree=343
num_leaves=15
num_cat=0
split_feature=0 22 0 15 14 7 26 8 10 15 27 42 10 22
split_gain=2.61518 2.68604 2.33495 2.2896 5.27472 3.56603 3.43453 2.17114 3.76574 3.18724 3.70995 3.03707 3.87193 3.72608
threshold=13.250000000000002 0.78174603174603186 12.250000000000002 8.4500000000000011 21.300000000000001 -0.1282127826389434 3.5192307692307696 -7.6999999999999984 -8.5499999999999972 -5.9499999999999993 10.500000000000002 11.500000000000002 -14.099999999999998 0.07417582417582419
decision_type=2 8 2 10 10 2 8 8 8 8 2 10 10 8
left_child=2 -2 3 7 6 -6 -5 8 11 10 -9 12 13 -1
right_child=1 -3 -4 4 5 -7 -8 9 -10 -11 -12 -13 -14 -15
leaf_value=-0.012790567871767279 -0.013011713698004988 0.0024467942313542343 0.010540491485211108 0.011525603279693085 -0.0013062562149407915 -0.018374626914929481 -0.0043588932805613103 0.014001636264880886 -0.0074976148138937958 0.00061199101337736247 -0.0016220886170914695 -0.0082450696483342342 0.0094923805558391403 0.0023040166552483793
leaf_weight=14.71019686758518 22.249818935990334 13.9093661904335 14.348346889019011 17.409536316990852 19.620312497019768 22.770739108324051 22.833085685968399 30.116752028465271 73.55466639995575 763.91236682236195 20.858832031488419 22.442909702658653 42.147982314229012 53.919660091400146
leaf_count=61 94 60 60 73 82 97 95 125 309 3174 87 94 175 227
internal_value=-6.34307e-05 -0.00749042 0.000208902 2.77574e-05 -0.00462694 -0.011446 0.00302728 0.000424936 -0.00228566 0.00112249 0.00803469 0.000759113 0.0028606 -0.00158024
internal_weight=1154.8 36.1592 1118.65 1104.3 82.6337 42.3911 40.2426 1021.66 206.775 814.888 50.9756 133.221 110.778 68.6299
internal_count=4813 154 4659 4599 347 179 168 4252 866 3386 212 557 463 288
is_linear=0
shrinkage=0.03


Tree=344
num_leaves=15
num_cat=0
split_feature=12 12 21 8 1 15 25 20 17 27 1 2 20 11
split_gain=2.59615 5.38016 2.24626 6.15554 4.36036 4.65919 5.24367 5.1443 4.27555 3.68337 4.85836 5.4062 4.24593 4.03681
threshold=34.70000000000001 32.900000000000006 12.432260658082667 -7.6999999999999984 50.250000000000007 -3.1499999999999999 -0.59166666666666656 12.799522558700355 -7.4499999999999984 14.500000000000002 46.250000000000007 0.74087741323255141 9.694500053165628 24.900000000000002
decision_type=8 10 8 10 2 10 10 8 10 2 2 2 8 10
left_child=1 2 3 8 5 6 7 -5 -1 12 11 -11 -7 -14
right_child=-2 -3 -4 4 -6 9 -8 -9 -10 10 -12 -13 13 -15
leaf_value=-0.013091158412470267 -0.0084339555727581741 0.014092858257523445 -0.0010630190305720188 0.013167612210743305 -0.006269691611265284 0.014726254005857725 0.020109992945496306 -0.0076302263536569799 0.00067811289260781094 -0.013929719610818301 0.0095828709875113195 0.0052539454038416913 -0.00077780516567451654 0.0085012790484823523
leaf_weight=33.449951604008675 26.254412248730659 20.003059178590775 674.12798079848289 15.804888740181921 34.130021795630455 26.624541521072388 27.76625169813633 17.365552842617035 42.001232400536537 34.270415544509888 15.028749510645865 16.680352628231049 112.85317036509514 61.695424661040306
leaf_count=140 110 85 2813 65 142 110 115 72 176 141 62 70 467 258
internal_value=9.63887e-05 0.000330492 2.08983e-05 0.00168357 0.00331341 0.00438945 0.01156 0.00270619 -0.00586048 0.00257155 -0.00339796 -0.00774106 0.00456432 0.00264736
internal_weight=1158.06 1131.8 1111.8 437.671 362.219 328.089 60.9367 33.1704 75.4512 267.153 65.9795 50.9508 201.173 174.549
internal_count=4826 4716 4631 1818 1502 1360 252 137 316 1108 273 211 835 725
is_linear=0
shrinkage=0.03


Tree=345
num_leaves=15
num_cat=0
split_feature=25 22 8 13 27 8 19 22 22 18 18 18 2 3
split_gain=2.10895 5.66264 4.65115 3.95067 2.75723 6.83268 4.5234 3.04234 5.30886 4.0644 4.77817 4.72611 3.88021 3.54944
threshold=10.566964285714286 0.89444444444444449 13.300000000000002 20.100000000000005 16.500000000000004 8.3000000000000025 -4.9499999999999993 0.57417582417582425 0.56904761904761914 11.250000000000002 5.0500000000000007 6.7500000000000009 0.48490255846020164 0.025809356315754321
decision_type=10 10 8 8 2 10 10 8 10 10 10 10 2 2
left_child=2 -2 4 -3 7 6 -6 8 9 10 -1 -12 -13 -9
right_child=1 3 -4 -5 5 -7 -8 13 -10 -11 11 12 -14 -15
leaf_value=-0.00094901672632351935 -0.012231932858602563 -0.0039774943400640453 0.010486687949920713 0.012867784682804244 -0.0058298195670236988 -0.010736953320013214 0.01057030928767033 0.0029207244704413148 -0.015431220675661014 0.0099771807324158125 -0.015669196792981739 -0.010207265093085631 0.0040860493773014102 -0.0039755905262575724
leaf_weight=456.81207717955112 42.084581807255745 29.09942252933979 30.349522769451141 15.05854296684265 15.459710016846655 18.579525619745255 71.057356119155884 254.99284462630749 21.895029902458191 20.57665941119194 38.434410065412521 25.920505613088608 33.895811229944229 85.816777765750885
leaf_count=1900 176 123 129 63 65 77 295 1058 91 85 162 109 142 358
internal_value=-0.00059081 -0.00496979 -0.000217703 0.00249153 -0.000577577 0.0039193 0.00748137 -0.00109934 -0.00238223 -0.00175729 -0.00227748 -0.00810906 -0.00241735 0.00115184
internal_weight=1160.03 86.2425 1073.79 44.158 1043.44 105.097 86.5171 938.344 597.534 575.639 555.063 98.2507 59.8163 340.81
internal_count=4833 362 4471 186 4342 437 360 3905 2489 2398 2313 413 251 1416
is_linear=0
shrinkage=0.03


Tree=346
num_leaves=15
num_cat=0
split_feature=16 42 42 24 8 14 12 42 11 11 23 20 35 25
split_gain=2.35725 4.50887 4.02434 4.00287 7.01693 3.10512 2.90347 3.91235 4.06606 4.70992 8.61458 4.45732 7.3697 4.35525
threshold=7.3166666666666673 6.5000000000000009 13.500000000000002 -0.083333333333333343 1.9000000000000001 18.700000000000006 21.100000000000005 13.500000000000002 13.700000000000001 19.633333333333336 0.36931818181818188 17.270720196974505 1.0000000180025095e-35 2.4580419580419588
decision_type=8 8 8 8 10 8 10 8 8 10 8 8 2 10
left_child=6 3 5 -2 -5 -3 7 8 -1 10 -10 13 -13 -11
right_child=1 2 -4 4 -6 -7 -8 -9 9 11 -12 12 -14 -15
leaf_value=-0.010455551692210473 -0.0084908051575504993 0.019247946871192224 -0.002062918818065891 0.017375752560736247 -0.006256002125429855 0.0027234083577944053 -0.0018407263645266656 0.0074221955295690045 0.013490749241428863 -0.0070912050521031618 -0.002122627430270045 0.015297072342732528 -0.0076850023974106025 0.001325575528621611
leaf_weight=25.203837618231773 32.679060608148575 27.532332599163055 18.866379708051682 16.125064745545387 20.294965252280235 17.672576054930687 546.57819314301014 74.625165402889252 58.779224738478661 111.63385607302189 61.10171939432621 27.900732487440109 16.393892973661423 102.72707697749138
leaf_count=107 137 117 79 67 85 74 2268 313 244 465 255 116 68 431
internal_value=0.00013945 0.00381837 0.00924687 -0.00149944 0.00504149 0.0137024 -0.000354767 0.00134456 0.000144153 0.000977009 0.00576645 -0.00131005 0.00687444 -0.0031194
internal_weight=1158.11 133.17 64.0713 69.0991 36.42 45.2049 1024.94 478.366 403.74 378.537 119.881 258.656 44.2946 214.361
internal_count=4826 559 270 289 152 191 4267 1999 1686 1579 499 1080 184 896
is_linear=0
shrinkage=0.03


Tree=347
num_leaves=15
num_cat=0
split_feature=39 16 24 4 10 42 11 4 39 21 1 41 11 22
split_gain=3.23339 4.82435 3.00832 3.49425 2.01268 4.60042 3.23566 4.56786 4.69942 4.53759 3.48666 3.19814 2.79176 2.6565
threshold=2370.8399259221619 -0.84999999999999998 -0.77747252747252737 -223.87568338289518 -17.774999999999995 6.5000000000000009 16.633333333333336 0.98378452655765625 681.07648249615818 14.690889088895277 41.750000000000007 61.500000000000007 15.100000000000001 0.37980769230769235
decision_type=2 10 8 2 8 10 8 2 2 8 2 10 10 10
left_child=2 -2 -1 -4 5 -5 7 8 -6 10 11 -9 -10 -8
right_child=1 -3 3 4 6 -7 13 9 12 -11 -12 -13 -14 -15
leaf_value=-0.0081536947145428567 0.0032529359283189597 -0.015879242209361953 0.01132870306376438 -0.0016042578045050695 -0.017493756398092437 0.016150497094268995 0.0036939575197308147 0.00032335690543927121 0.0059215811375824372 0.011295837862295547 0.006772910564688533 -0.016837407918641627 -0.0091391672756089056 -4.6809197647328068e-05
leaf_weight=29.594101935625076 18.81282602250576 21.637566179037094 22.842609360814095 27.962495595216751 28.80612801015377 18.492501527070999 226.12161827087402 18.121874675154686 18.048877015709877 21.770657896995544 15.03217628598213 15.757975816726683 16.493864342570305 654.77721664309502
leaf_count=124 79 91 97 118 121 78 938 75 75 91 62 67 69 2724
internal_value=0.000243192 -0.0076022 0.000560812 0.000835012 0.000557114 0.00634604 0.000262334 -0.00399411 -0.00952973 0.00126897 -0.00382768 -0.0087972 -0.00151609 0.000928853
internal_weight=1154.27 40.4504 1113.82 1084.23 1061.39 46.455 1014.93 134.032 63.3489 70.6827 48.912 33.8799 34.5427 880.899
internal_count=4809 170 4639 4515 4418 196 4222 560 265 295 204 142 144 3662
is_linear=0
shrinkage=0.03


Tree=348
num_leaves=15
num_cat=0
split_feature=2 5 12 19 19 2 25 39 3 19 8 8 2 3
split_gain=3.2741 4.72303 3.75505 3.85001 6.99155 4.89643 4.17977 3.94785 3.78458 4.93332 4.6245 3.71624 3.65447 6.56995
threshold=0.54618794584328312 0.45496401339940207 18.100000000000005 -5.5499999999999989 -2.6124999999999994 0.50580909013940489 -0.36931818181818177 742.93043482500468 0.042807452245767326 0.15000000000000005 -5.4999999999999991 -10.299999999999999 0.73211558972448598 0.024429227860328199
decision_type=2 2 10 10 10 2 8 2 2 10 10 10 2 2
left_child=2 -2 -1 7 -5 8 -7 -4 9 10 -6 -11 -3 -14
right_child=1 12 3 4 5 6 -8 -9 -10 11 -12 -13 13 -15
leaf_value=0.0085399463665206451 0.0087391886376774162 -0.0039062040421170207 -0.00095847736413235611 -0.0098503351132455744 -0.0020503316769550383 0.020372496965206974 0.00023657674941934142 0.01596746093207559 -0.012540016149808302 0.0062215851214341171 0.014735416186136569 -0.0033810414032958967 0.0070323781860535568 -0.0028397117369031097
leaf_weight=56.192334428429604 32.708615273237228 416.29803569614887 21.566511780023575 55.266004636883736 22.247891366481781 15.967731952667235 16.854926034808159 22.576803714036942 15.369031146168707 41.46605059504509 33.346315279603004 162.27181598544121 88.304816484451294 168.63310019671917
leaf_count=235 137 1728 90 230 93 66 70 96 64 174 138 674 372 705
internal_value=-0.000340364 -0.00162185 0.00160947 0.000560422 -0.000500317 0.00131071 0.0114306 0.00844201 -8.11821e-05 0.000880412 0.00840314 -0.00132444 -0.00218595 0.000622616
internal_weight=1169.07 705.945 463.125 406.933 362.79 307.524 32.8227 44.1433 274.701 259.332 55.5942 203.738 673.236 256.938
internal_count=4872 2942 1930 1695 1509 1279 136 186 1143 1079 231 848 2805 1077
is_linear=0
shrinkage=0.03


Tree=349
num_leaves=15
num_cat=0
split_feature=8 17 21 8 3 18 7 39 1 1 1 8 18 2
split_gain=3.06167 4.71283 5.03293 3.39635 3.8652 4.49296 5.25542 4.72148 5.13088 3.64224 4.32953 5.14591 4.05317 3.88168
threshold=12.700000000000001 6.1500000000000012 12.94453967436187 6.7000000000000002 0.024233806955076379 2.3500000000000001 1.7549208076739709 648.9405088764106 44.750000000000007 54.250000000000007 50.250000000000007 -3.0999999999999996 11.750000000000002 0.57789124044237994
decision_type=8 8 10 10 2 10 2 2 2 2 2 10 10 2
left_child=3 -2 -3 9 -5 7 -7 -6 -9 10 12 -12 -1 -13
right_child=1 2 -4 4 5 6 -8 8 -10 -11 11 13 -14 -15
leaf_value=-2.8907731383924015e-05 0.016636163200193909 0.0084600253671447308 -0.0090360438996064333 -0.011791244339436147 -0.0060588489427991126 -0.014243438124639067 0.0055093288705547385 0.017231915972610271 -0.0012194804612539322 0.012262494752436456 -0.018576842130138022 0.0076812936325663583 0.010838536715805994 -0.0085277895272250336
leaf_weight=813.42992968857288 18.889116242527962 26.893366575241089 22.612129107117653 42.552259534597397 29.415000677108765 33.960641756653786 14.394975379109381 22.620607674121857 25.442797601222992 16.597974181175232 19.259426608681679 19.645828276872635 27.105542063713074 23.991062104701996
leaf_count=3386 79 114 96 178 123 141 60 94 106 69 82 81 112 100
internal_value=-0.000241128 0.00569166 0.000372701 -0.000638259 -0.00448977 -0.00166443 -0.00839799 0.00279244 0.00826995 8.71127e-05 -0.000202837 -0.00749056 0.000383565 -0.00119082
internal_weight=1156.81 68.3946 49.5055 1088.42 168.386 125.834 48.3556 77.4784 48.0634 920.03 903.432 62.8963 840.535 43.6369
internal_count=4821 289 210 4532 702 524 201 323 200 3830 3761 263 3498 181
is_linear=0
shrinkage=0.03


Tree=350
num_leaves=15
num_cat=0
split_feature=20 25 12 7 2 5 7 5 21 19 20 19 25 26
split_gain=1.94515 4.32577 3.50339 3.73915 3.64396 4.14682 7.7327 7.22419 3.52968 3.7746 3.40699 4.49457 3.94495 3.3563
threshold=15.316113208884937 13.950000000000001 16.500000000000004 -1.4093448821174388 0.73435478629997786 0.62013493298009215 1.6006815268136148 0.56912656074606749 13.370780514343105 -0.44999999999999996 14.833333322694571 2.7500000000000004 13.232142857142859 6.8062500000000012
decision_type=10 10 10 2 2 2 2 2 10 10 10 10 10 10
left_child=10 2 3 -2 5 7 -7 8 13 -10 12 -12 -1 -4
right_child=1 -3 4 -5 -6 6 -8 -9 9 -11 11 -13 -14 -15
leaf_value=-0.0012090132458889326 0.0046160199177428408 -0.010772889031370834 0.00089866552724308631 -0.010661571687580321 0.010651534321205545 -0.013123037788950642 0.0078074571169270152 0.017041204765877997 0.013557479838326045 9.0902866759563948e-05 -0.014202894097597023 0.0029265178591532169 0.011237933069550692 -0.012778780716895173
leaf_weight=749.63919560611248 20.440008595585823 19.923011586070061 47.104422599077225 30.672204375267029 48.082189649343491 34.252647578716278 22.404670119285583 27.115256935358047 26.676843017339706 46.008872509002686 34.270117536187172 18.97378645837307 18.658613175153732 19.110583260655403
leaf_count=3125 85 84 196 128 200 141 93 113 112 191 144 79 78 80
internal_value=-0.000582981 0.00130617 0.0022072 -0.00468508 0.00356965 0.00184012 -0.00488431 0.00421071 0.00120094 0.00558784 -0.00137208 -0.00837151 -0.000836023 -0.00366888
internal_weight=1163.33 341.791 321.868 51.1122 270.755 222.673 56.6573 166.016 138.901 72.6857 821.542 53.2439 768.298 66.215
internal_count=4849 1423 1339 213 1126 926 234 692 579 303 3426 223 3203 276
is_linear=0
shrinkage=0.03


Tree=351
num_leaves=15
num_cat=0
split_feature=21 23 20 10 19 3 19 19 39 10 26 21 24 24
split_gain=2.93574 4.84522 4.82582 4.57504 3.13011 3.73402 3.43327 5.82352 3.94417 3.50043 3.4215 2.72026 5.17825 4.27708
threshold=10.521142704910529 0.91987179487179505 13.07520974909303 13.700000000000003 -5.1499999999999995 0.024826062477769754 1.1500000000000001 4.3500000000000005 823.32704117842866 -1.4999999999999996 -1.0000000180025095e-35 11.899229661791251 -0.49107142857142844 -0.37083333333333329
decision_type=8 8 8 10 10 2 10 10 2 10 10 8 8 8
left_child=1 3 -3 4 5 -1 8 -8 -6 -9 -10 -2 -13 -14
right_child=11 2 -4 -5 6 -7 7 9 10 -11 -12 12 13 -15
leaf_value=0.0071766585262305711 -0.0042181978176611687 0.0043640678752066165 -0.016706912359228335 -0.00839592544150769 0.020131537407070407 -0.010989132203902774 -0.0055411989335352784 0.00087690550570463462 -0.0046708201526998658 0.017197057873197408 0.012615940544767664 0.007104938581646833 -0.010107362201348519 -0.00024005267969207829
leaf_weight=15.8541806191206 161.88038502633572 15.393283158540727 15.750629603862761 16.731705352663994 31.092567712068558 15.103775337338446 32.614552736282349 21.441976636648178 15.759835898876188 23.028838485479355 16.813881397247314 77.700356468558311 37.057026654481888 664.43454030156136
leaf_count=66 673 64 66 71 129 63 135 88 66 95 70 326 155 2771
internal_value=-1.02349e-05 0.00307326 -0.00712931 0.00490014 0.00639664 -0.00198175 0.00824421 0.00361539 0.0131773 0.0102121 0.00474367 -0.000742162 2.29e-06 -0.000829147
internal_weight=1160.66 219.585 31.1439 188.441 171.71 30.958 140.752 77.0854 63.6663 44.4708 32.5737 941.072 779.192 701.492
internal_count=4838 913 130 783 712 129 583 318 265 183 136 3925 3252 2926
is_linear=0
shrinkage=0.03


Tree=352
num_leaves=15
num_cat=0
split_feature=19 9 42 39 39 21 13 1 39 21 21 20 26 42
split_gain=3.84182 2.94097 5.07938 4.33718 5.33959 3.97985 4.06223 3.88089 5.55382 3.87366 3.73791 3.30095 5.72823 4.95811
threshold=14.750000000000002 -8.4999999999999982 1.5000000000000002 805.56686694648761 421.72524935736459 19.61589248189107 16.700000000000006 51.250000000000007 794.09654554464407 15.686866394410313 15.334239094052078 18.595847798762396 2.2583333333333337 5.5000000000000009
decision_type=10 8 10 2 2 10 8 2 2 8 8 8 10 8
left_child=1 2 10 4 -4 6 -3 11 -9 -5 -1 -8 13 -13
right_child=-2 5 3 9 -6 -7 7 8 -10 -11 -12 12 -14 -15
leaf_value=-0.016585399753839603 -0.013261413254523661 -0.004633192044017285 0.0026346336824031066 0.010600732604293433 -0.014869849505021517 0.0098976350062117621 0.0023856155394451667 0.0039897265695340734 -0.012372360150468787 -0.0046512998378705215 0.0010404219146838492 0.013564664893902406 -0.013768249998795947 -0.0065563450290407228
leaf_weight=31.295964300632477 14.503029465675352 121.04256390035152 30.647085189819336 38.318971633911133 24.636016219854355 36.35030922293663 688.63708493113518 29.453957363963127 38.341248780488968 19.36233277618885 14.629896759986876 16.301564261317253 27.254505529999733 18.396047115325928
leaf_count=133 60 505 129 160 106 151 2862 122 161 82 62 67 114 77
internal_value=-5.92015e-05 0.000166986 -0.00355378 -7.37315e-06 -0.00575229 0.000787884 0.000384856 0.00115067 -0.00547799 0.00551833 -0.0114197 0.00178168 -0.00460825 0.00341471
internal_weight=1149.17 1134.67 158.89 112.964 55.2831 975.777 939.427 818.384 67.7952 57.6813 45.9259 750.589 61.9521 34.6976
internal_count=4791 4731 672 477 235 4059 3908 3403 283 242 195 3120 258 144
is_linear=0
shrinkage=0.03


Tree=353
num_leaves=15
num_cat=0
split_feature=7 25 27 18 25 27 14 0 2 2 4 9 22 14
split_gain=1.98304 1.94477 4.07854 3.80654 3.26608 3.07553 2.34025 2.24908 2.57959 4.10629 5.32473 6.05931 5.5947 4.46795
threshold=-7.1549753838038344 11.029411764705884 6.5000000000000009 1.6333333333333335 8.925824175824177 10.500000000000002 21.500000000000004 13.250000000000002 0.73435478629997786 0.68014556601683773 111.41790978394319 0.70000000000000007 0.62019230769230782 19.266666666666669
decision_type=2 10 2 10 10 2 10 2 2 2 2 10 8 10
left_child=-1 4 6 -4 7 -6 -3 8 9 10 -2 12 -12 -11
right_child=1 2 3 -5 5 -7 -8 -9 -10 13 11 -13 -14 -15
leaf_value=-0.0083382266772691702 0.00011290034051945722 0.010754810327466929 -0.018938966815187877 -0.00086750706428510458 -0.00029848130542608169 0.013351028909842031 -0.0033991842659286116 -0.0078265976155125587 0.0045182091615980297 -0.015533395379378591 -0.004047650776789276 0.018467697698385015 0.012874420250099198 -0.0015209155107914194
leaf_weight=16.74690343439579 643.76477687060833 15.147921174764631 16.465175747871399 21.506543397903442 24.562948778271675 31.785744607448578 18.263272121548653 21.996775582432747 149.51687766611576 22.697144314646721 43.367925420403481 26.580414578318596 22.838197961449623 83.704509988427162
leaf_count=71 2681 63 70 91 103 134 76 93 624 94 181 110 95 349
internal_value=0.000644233 0.000811702 -0.00382169 -0.00999548 0.0011369 0.00786168 0.00358257 0.000726646 0.000954499 0.00029948 0.00110456 0.00762724 0.00228385 -0.00507302
internal_weight=1158.95 1142.2 71.3829 37.9717 1070.82 56.3487 33.4112 1014.47 992.47 842.953 736.551 92.7865 66.2061 106.402
internal_count=4835 4764 300 161 4464 237 139 4227 4134 3510 3067 386 276 443
is_linear=0
shrinkage=0.03


Tree=354
num_leaves=15
num_cat=0
split_feature=1 14 22 25 8 11 12 15 12 25 2 26 7 19
split_gain=3.1084 2.79313 7.61811 3.46716 3.81175 2.87205 3.19501 3.39282 4.22714 3.72275 2.36758 3.3315 2.16032 5.37322
threshold=34.250000000000007 14.900000000000002 0.70294117647058829 10.861904761904764 12.700000000000001 32.45000000000001 14.300000000000002 1.2500000000000002 13.300000000000002 -2.7596153846153841 0.81720447315021671 7.4083333333333341 -4.3412225382744678 1.1500000000000001
decision_type=2 10 8 10 8 10 10 10 10 10 2 10 2 8
left_child=-1 2 -2 4 5 6 7 8 9 -3 11 -5 13 -8
right_child=1 3 -4 10 -6 -7 12 -9 -10 -11 -12 -13 -14 -15
leaf_value=0.0098925859166710452 -0.011273760813279915 -0.0037124235580511078 0.0065146293968612479 -0.012554379770512642 0.010816519651064348 -0.010242924232016479 -0.011075547014830716 -0.012746017170713043 -0.010654243766964042 0.014977524496526539 0.0033305643934423727 0.0028397522799518799 0.0015934447978642819 0.0049889366296346129
leaf_weight=23.35337769985199 56.90040922164917 15.383448615670206 29.3064184486866 41.740587085485458 27.717370644211769 17.307910859584808 35.877561837434769 26.65914511680603 16.044351890683174 14.993963345885275 16.937525525689125 15.153028592467306 809.48900657892227 30.530207127332687
leaf_count=97 239 66 123 176 117 72 151 113 67 63 72 63 3365 127
internal_value=7.90129e-05 -0.000161395 -0.00520089 0.000267789 0.00074454 0.000401437 0.000648242 -0.0051735 -8.23725e-06 0.00632573 -0.00579092 -0.00855612 0.00116059 -0.00385789
internal_weight=1177.39 1154.04 86.2068 1067.83 994.003 966.286 948.978 73.0809 46.4218 30.3774 73.8311 56.8936 875.897 66.4078
internal_count=4911 4814 362 4452 4141 4024 3952 309 196 129 311 239 3643 278
is_linear=0
shrinkage=0.03


Tree=355
num_leaves=15
num_cat=0
split_feature=7 27 24 24 7 7 16 21 1 1 13 25 19 19
split_gain=2.14886 2.55195 7.68859 6.10429 4.45349 6.08012 3.93527 3.40627 4.0849 2.7145 3.57616 3.57206 6.32359 5.64591
threshold=7.4403483816687794 16.500000000000004 -0.024665775401069536 -0.25227272727272715 -0.31612832030607912 -1.6079901342741911 1.5500000000000003 19.953974411459772 44.750000000000007 34.250000000000007 16.700000000000006 1.6794871794871797 1.3500000000000003 2.5500000000000003
decision_type=2 2 10 10 2 2 10 10 2 2 10 10 10 10
left_child=1 7 3 -3 5 -4 -6 9 -9 -1 -11 -12 -13 -14
right_child=-2 2 4 -5 6 -7 -8 8 -10 10 11 12 13 -15
leaf_value=0.00903473496440786 -0.0094299187904810094 -0.0021807682813884044 0.0010416324720414667 0.019773795919180572 0.014529351083851691 -0.019859754732447547 -0.0034739991608448944 -0.0010453320390410713 0.017898508449984925 -0.0058277766670163135 -0.0018331701331006369 0.0061447658829462196 -0.015090552856293861 0.00041870751706441086
leaf_weight=19.067286282777786 17.599591627717018 15.386311456561087 29.288316681981087 30.759967818856239 16.682577297091484 16.293724566698074 18.928510725498199 20.641095489263535 14.376355692744253 123.99039708077908 566.77973367273808 158.94725929200649 21.523976549506187 102.54386295378208
leaf_count=79 74 65 122 128 69 68 79 86 60 522 2363 661 89 425
internal_value=-0.000268287 -8.86728e-05 0.00383398 0.012956 -0.00180138 -0.00765434 0.00571041 -0.000590844 0.00799662 -0.000932272 -0.00117259 -0.00046325 0.00226441 -0.00275229
internal_weight=1172.81 1155.21 127.339 46.1463 81.1931 45.582 35.6111 1027.87 35.0175 992.853 973.785 849.795 283.015 124.068
internal_count=4890 4816 531 193 338 190 148 4285 146 4139 4060 3538 1175 514
is_linear=0
shrinkage=0.03


Tree=356
num_leaves=15
num_cat=0
split_feature=1 41 23 14 24 42 14 15 4 19 15 8 13 25
split_gain=2.6747 7.33018 6.66176 6.61595 3.84599 5.36157 4.5206 3.84082 3.64514 2.92183 2.67622 4.64262 4.49391 4.18141
threshold=40.250000000000007 82.500000000000014 0.44722222222222224 22.900000000000002 -0.1818181818181818 12.500000000000002 15.700000000000001 -1.0499999999999998 -60.738518707539122 14.550000000000002 6.4500000000000011 6.7000000000000002 21.450000000000003 1.9687500000000002
decision_type=2 8 10 10 10 10 8 10 2 8 8 10 10 10
left_child=1 2 3 -1 5 8 -6 -5 -4 10 11 13 -12 -2
right_child=9 -3 4 7 6 -7 -8 -9 -10 -11 12 -13 -14 -15
leaf_value=0.016859336810317597 -0.0013763894316899926 -0.011763069421032649 0.00091729036252297417 -0.0061992617171988864 -0.0160616940349021 -0.0086194391075765375 0.00031880785940629792 0.0090617260291197994 0.017495748624188377 -0.011065096279187055 0.0062542422625478733 -0.0073254709920821262 -0.0087285835555655639 0.0038085213703505259
leaf_weight=55.216217771172523 492.93914653360844 22.069269567728043 22.055101037025452 23.784502699971199 17.15190626680851 14.410776183009146 47.463390827178955 25.934862673282623 22.608716875314713 17.318521797657013 106.45121024549007 80.699010521173477 16.9650619328022 189.73186600208282
leaf_count=231 2055 93 93 100 72 60 197 110 94 73 447 336 71 786
internal_value=0.000419899 0.00312928 0.00478782 0.0101613 1.14318e-05 0.00531478 -0.00487065 0.00186187 0.0102258 -0.00034445 -7.42155e-05 -0.000743787 0.00393501 8.18448e-05
internal_weight=1154.8 250.695 228.625 104.936 123.69 59.0746 64.6153 49.7194 44.6638 904.105 886.786 763.37 123.416 682.671
internal_count=4818 1050 957 441 516 247 269 210 187 3768 3695 3177 518 2841
is_linear=0
shrinkage=0.03


Tree=357
num_leaves=15
num_cat=0
split_feature=25 14 7 9 16 15 15 20 11 14 14 20 9 24
split_gain=3.24738 3.91088 3.5019 4.36016 5.41957 4.22948 4.49127 4.36101 5.3209 5.58071 5.83572 3.72599 3.6467 4.76306
threshold=-10.732142857142856 29.900000000000002 4.1956672274877169 1.0000000180025095e-35 3.1500000000000008 -3.6499999999999999 -5.8499999999999988 13.785862204134778 25.633333333333336 16.100000000000005 21.900000000000002 12.799522558700355 3.1000000000000005 -0.3563492063492063
decision_type=10 8 2 8 8 8 10 10 10 10 10 8 10 10
left_child=1 -1 3 4 -2 6 -5 8 11 -10 -11 -7 -9 -14
right_child=2 -3 -4 5 -6 7 -8 12 9 10 -12 -13 13 -15
leaf_value=0.0022050020514433918 0.0014718828626259946 0.016268502289520901 -0.006191033675016974 -0.0012452213681459863 0.017942615119649941 0.0025911397674843106 -0.013514223191800593 -0.0040957058422415663 0.0046993434755487886 -0.021345300867189013 -0.00032163698189015049 -0.0087916939027750263 -0.0063571271956598717 0.0084910727642373163
leaf_weight=139.3299909979105 428.39270643889904 15.838131800293921 83.611564666032791 57.901796534657478 13.852379783987997 113.26285128295422 46.966561421751976 41.173004820942879 15.312193185091017 31.944556832313538 17.745302513241768 28.132533892989159 20.018518254160881 99.621297627687454
leaf_count=582 1789 66 349 242 58 471 198 170 64 134 74 117 83 412
internal_value=0.000137368 0.00410352 -0.000496709 5.48556e-05 0.00218262 -0.00194042 -0.007105 -0.000389887 -0.00324181 -0.0100062 -0.0145531 0.000103449 0.00325783 0.00585127
internal_weight=1153.1 155.168 997.935 914.324 442.245 472.079 104.868 367.21 206.397 65.0021 49.6899 141.395 160.813 119.64
internal_count=4809 648 4161 3812 1847 1965 440 1525 860 272 208 588 665 495
is_linear=0
shrinkage=0.03


Tree=358
num_leaves=15
num_cat=0
split_feature=13 15 29 21 2 1 1 9 4 20 22 4 17 26
split_gain=3.03676 6.74469 5.60725 6.69471 6.98596 4.65354 4.59674 10.0364 5.13545 5.21689 4.747 4.3717 4.32107 6.13788
threshold=23.450000000000003 -2.2499999999999996 6.5000000000000009 14.26651088131802 0.65778062702047968 43.750000000000007 47.750000000000007 7.2666666666666675 51.311573520890654 8.7929894900264909 0.8377192982456142 313.78285917095747 -5.8499999999999988 0.51666666666666672
decision_type=8 10 2 10 2 2 2 10 2 10 8 2 10 8
left_child=1 5 3 4 -3 12 8 10 -4 -10 -8 -11 -1 -14
right_child=-2 2 6 -5 -6 -7 7 -9 9 11 -12 -13 13 -15
leaf_value=0.0078225194593356216 0.0012678351386917047 -0.026018777664630004 0.00091178942763209584 0.0020681127368778109 -0.00094516278041734223 0.010967658866346815 0.015921729564708154 -0.0098245541956628376 0.0059944289974898984 -0.0084927385301523991 -0.0028690759260521321 0.005974263064066526 0.0026193580045312677 -0.0180576791311465
leaf_weight=28.952794507145882 470.3611406236887 25.924113661050797 154.69660028815269 21.344087198376656 15.3554530441761 49.981473863124847 40.862926095724106 26.527494415640831 25.87983013689518 218.39301590621471 14.587590023875235 17.040225341916084 29.038620173931122 16.839895024895668
leaf_count=121 1966 107 641 89 64 209 169 111 107 913 61 74 121 70
internal_value=-0.000580505 -0.00184889 -0.00325297 -0.0113771 -0.0178015 0.00434007 -0.00212839 0.00418813 -0.00340806 -0.00593451 0.0111499 -0.00734318 -0.000496323 -0.00599897
internal_weight=1155.79 685.424 560.611 62.6237 41.2796 124.813 497.988 81.978 416.01 261.313 55.4505 235.433 74.8313 45.8785
internal_count=4823 2857 2336 260 171 521 2076 341 1735 1094 230 987 312 191
is_linear=0
shrinkage=0.03


Tree=359
num_leaves=15
num_cat=0
split_feature=10 8 8 12 11 11 3 41 42 41 17 20 1 7
split_gain=3.36673 2.45521 3.23718 4.68563 4.64156 4.82792 4.95775 3.42433 2.97036 3.1355 4.27354 4.47868 3.26904 5.23491
threshold=24.700000000000003 15.100000000000001 6.9000000000000012 26.300000000000001 23.225000000000005 29.266666666666669 0.024738697602202268 25.500000000000004 17.500000000000004 40.500000000000007 -14.049999999999999 13.352070168246488 43.750000000000007 0.44212929913301663
decision_type=8 10 10 10 10 10 2 8 10 8 10 8 2 2
left_child=1 2 7 4 -4 -6 -7 -1 9 12 11 -11 13 -9
right_child=-2 -3 3 -5 5 6 -8 8 -10 10 -12 -13 -14 -15
leaf_value=-0.010739285382333399 -0.010496765592248825 0.0087981074869151344 0.012784981770113167 -0.010347370098008594 -0.0072930090659325394 0.011148777444269727 -0.0072371325567861643 -0.00674059410693545 -0.007232729328500092 0.019526547161006779 0.0005540324092933969 0.0010492191447212444 0.014376347814822492 0.011431191467179594
leaf_weight=16.613474860787392 20.189317420125008 26.909309417009354 16.392024829983711 52.736255288124084 67.979399114847183 31.022865146398544 16.575518354773521 25.483482584357262 30.061478212475777 17.562657862901688 760.59881898760796 26.036565527319908 29.268866539001465 22.011409729719162
leaf_count=69 89 113 68 220 286 129 69 106 125 74 3166 110 122 92
internal_value=0.000354844 0.000592178 0.000355182 -0.00321917 -9.6932e-05 -0.00237833 0.0046668 0.00108033 0.00135332 0.00168547 0.00110888 0.00973544 0.00728877 0.00196773
internal_weight=1159.44 1139.25 1112.34 184.706 131.97 115.578 47.5984 927.637 911.023 880.962 804.198 43.5992 76.7638 47.4949
internal_count=4838 4749 4636 772 552 484 198 3864 3795 3670 3350 184 320 198
is_linear=0
shrinkage=0.03


Tree=360
num_leaves=15
num_cat=0
split_feature=12 12 25 22 39 18 20 11 12 39 7 25 1 8
split_gain=3.29475 6.60095 3.02309 2.81281 5.44329 4.04506 5.40413 4.01742 3.79948 3.45655 5.57423 3.96114 5.19259 5.98162
threshold=14.300000000000002 12.900000000000002 -1.5634920634920633 0.41987179487179493 357.45334217460351 -7.6499999999999995 13.785862204134778 15.300000000000002 29.900000000000002 1705.0854079533296 1.6819401227384381 4.2403846153846159 42.250000000000007 6.9000000000000012
decision_type=8 10 10 8 2 8 8 10 8 2 2 10 2 10
left_child=1 2 -1 4 -2 6 -5 -7 -6 11 -11 -9 -13 -14
right_child=3 -3 -4 5 8 7 -8 9 -10 10 -12 12 13 -15
leaf_value=-0.0056153434441976189 0.0091869082527937483 -0.014256770513706279 0.0088769838325180629 -0.016519554077175001 0.0017448098064898447 0.012855381492285116 0.002291387308743668 -0.001827254034901752 -0.0086416208059872743 -0.0093406273530736769 0.0060366569534687818 -0.0042084272587289443 0.011441317315934811 0.00059961106667602852
leaf_weight=19.578620463609695 79.454972520470619 36.738401994109154 22.910516709089279 27.01149208843708 270.7790766954422 15.939753115177153 22.193725660443306 295.46242316067219 30.832887068390846 76.089118644595146 24.845186933875084 58.169413104653358 83.520520567893982 96.115489318966866
leaf_count=83 330 155 97 114 1126 67 93 1227 130 318 104 244 347 402
internal_value=-4.6298e-05 -0.0057619 0.00231092 0.000397443 0.002454 -0.000732618 -0.00860626 -7.55764e-05 0.00055943 -0.000498593 -0.00544921 0.000480349 0.00332603 0.00581372
internal_weight=1159.64 79.2275 42.4891 1080.41 381.067 699.347 49.2052 650.142 301.612 634.202 100.934 533.268 237.805 179.636
internal_count=4837 335 180 4502 1586 2916 207 2709 1256 2642 422 2220 993 749
is_linear=0
shrinkage=0.03


Tree=361
num_leaves=15
num_cat=0
split_feature=5 14 4 19 20 21 19 21 3 21 14 4 26 19
split_gain=4.64178 5.37244 4.9954 4.55876 4.16737 3.61533 3.92493 3.54441 4.42219 6.56005 4.85212 3.63146 4.34585 3.56191
threshold=0.6092947275225401 25.700000000000006 114.42869851091872 -1.8499999999999999 13.009611745402202 18.078532294788406 0.65000000000000002 14.324221877407249 0.024372141282820507 15.233005102226027 20.500000000000004 49.897360980045171 8.6833333333333353 6.1500000000000012
decision_type=2 8 2 10 8 8 10 10 2 10 10 2 8 10
left_child=1 5 3 4 -2 7 -7 11 9 -9 -11 12 13 -1
right_child=2 -3 -4 -5 -6 6 -8 8 -10 10 -12 -13 -14 -15
leaf_value=-0.0024452179246606935 -0.0092083079268009457 0.0072822713938306234 -0.00045770894944066788 -0.011538186336589953 0.0079392916354474041 -0.012377468385641624 0.0022340591464414892 0.010682645313977092 0.0082681935452744854 0.0021723329261399567 -0.017256778106336832 0.0081403084681386396 0.0047555728484278944 -0.014859395276490581
leaf_weight=193.05451433360577 17.496947601437569 120.04493440687656 394.10460175573826 76.17220738530159 24.484543532133102 33.703677743673325 26.600656613707542 20.13473941385746 106.53016377985477 19.606796517968178 20.110134169459343 32.52818863093853 64.849437072873116 18.835649907588959
leaf_count=802 74 499 1648 319 102 141 111 85 445 82 84 135 271 78
internal_value=1.68906e-05 0.00168252 -0.00211176 -0.00738632 0.000573153 0.00037255 -0.00625465 0.00126909 0.00473091 -0.00171715 -0.0084949 -0.00063896 -0.00179703 -0.00386587
internal_weight=1168.26 655.999 512.258 118.154 41.9815 535.954 60.3043 475.65 166.382 59.8517 39.7169 309.268 276.74 211.89
internal_count=4876 2733 2143 495 176 2234 252 1982 696 251 166 1286 1151 880
is_linear=0
shrinkage=0.03


Tree=362
num_leaves=15
num_cat=0
split_feature=26 1 19 29 16 41 15 8 14 41 8 27 18 15
split_gain=2.54636 2.45767 4.21868 4.18647 5.20939 3.88686 5.01013 7.50907 5.08901 4.86393 3.87781 4.1143 3.07289 6.15723
threshold=-16.176923076923071 40.250000000000007 -9.6499999999999968 7.5000000000000009 -2.2499999999999996 82.500000000000014 -1.0499999999999998 8.3000000000000025 19.100000000000005 62.500000000000007 1.4500000000000002 12.500000000000002 -3.4499999999999997 -1.8499999999999999
decision_type=8 2 10 2 10 8 8 10 10 10 8 2 8 10
left_child=-1 3 -3 5 -5 6 8 10 9 -2 11 -8 13 -4
right_child=1 2 12 4 -6 -7 7 -9 -10 -11 -12 -13 -14 -15
leaf_value=0.0095848436071518973 -0.0026245175723190709 -0.010954054779521888 0.0034660157977996209 0.0069379199973503237 -0.012023208057254434 -0.0071943239093477315 0.012752272284038144 -0.0062524564817793456 -0.0056333957985829266 0.018756617843967819 0.019336472230456866 -0.0052460315752909884 0.0006366311015513097 -0.0075192753322895654
leaf_weight=20.403961956501007 16.210256904363636 30.126686558127403 67.765428528189659 16.800416618585587 29.623147860169411 18.927102312445641 22.759468704462051 17.826925426721573 49.47971422970295 15.139552921056746 45.377810657024384 15.739255875349043 657.82720604538918 123.47769585251808
leaf_count=87 68 126 283 71 123 79 95 76 207 64 191 65 2738 516
internal_value=0.000192146 -1.94753e-05 -0.000765278 0.00258858 -0.0051539 0.00445433 0.0058218 0.0100897 0.000176832 0.00886066 0.0137193 0.00563689 -0.000341748 -0.0036376
internal_weight=1147.48 1127.08 879.197 247.884 46.4236 201.46 182.533 101.703 80.8295 31.3498 83.8765 38.4987 849.07 191.243
internal_count=4789 4702 3663 1039 194 845 766 427 339 132 351 160 3537 799
is_linear=0
shrinkage=0.03


Tree=363
num_leaves=15
num_cat=0
split_feature=39 13 41 25 26 13 22 25 15 26 12 26 15 42
split_gain=2.76776 3.85457 6.01343 3.39954 5.45857 3.33396 6.96691 5.43578 5.17393 4.61658 4.57001 4.60157 4.70828 6.181
threshold=357.45334217460351 22.900000000000002 56.500000000000007 4.3484848484848486 1.970588235294118 22.100000000000005 0.44097222222222227 4.4807692307692317 -0.34999999999999992 11.04166666666667 24.300000000000001 1.6306818181818186 -2.5499999999999994 2.5000000000000004
decision_type=2 8 10 8 8 10 10 10 10 10 10 10 10 10
left_child=1 3 -3 -1 -5 -2 9 -8 -9 10 11 12 13 -7
right_child=5 2 -4 4 -6 6 7 8 -10 -11 -12 -13 -14 -15
leaf_value=0.0031550839259537247 0.00066148111146565062 -0.0015784476305295615 0.01250867136061266 0.0022137515525740316 -0.015294202834406278 0.0054718856450796573 -0.010528891101125596 0.0099377614519989346 -0.0063276189270425652 -0.012838859900199139 0.0068179907477857165 -0.010138816629759915 0.0073985261447692243 -0.0098130349024224024
leaf_weight=74.310331642627716 459.06653271615505 45.637146756052971 59.244747549295425 31.453724592924118 25.522695228457451 37.808606401085854 132.42911942303181 23.975825905799866 39.835785552859306 17.806141138076782 83.478266075253487 37.569203853607178 57.296868428587914 49.773186549544334
leaf_count=309 1914 191 246 133 106 157 555 100 166 76 348 156 238 209
internal_value=-0.000433364 0.00243729 0.00658606 -0.000997089 -0.00623012 -0.00116442 -0.0028996 -0.00716915 6.17785e-05 0.000126399 0.00121546 -0.00146144 0.0010519 -0.00327545
internal_weight=1175.21 236.169 104.882 131.287 56.9764 939.04 479.973 196.241 63.8116 283.732 265.926 182.448 144.879 87.5818
internal_count=4904 985 437 548 239 3919 2005 821 266 1184 1108 760 604 366
is_linear=0
shrinkage=0.03


Tree=364
num_leaves=15
num_cat=0
split_feature=5 3 20 3 9 16 16 20 29 3 17 24 3 0
split_gain=2.44543 3.34692 5.43099 4.92913 4.45551 4.15408 6.33202 6.20758 4.96297 4.4653 4.05985 5.95699 4.01864 4.74261
threshold=0.83567374254189464 0.028730443714159452 14.150382798120106 0.025177278803792173 -5.4999999999999991 -9.1499999999999968 -3.5499999999999994 15.407069084604572 11.500000000000002 0.024438227945458472 6.6500000000000021 0.071428571428571425 0.024826062477769754 -1.7499999999999998
decision_type=2 2 10 2 10 8 8 10 2 2 10 10 2 2
left_child=1 3 -3 5 -4 9 7 12 10 -1 -8 -12 13 -7
right_child=-2 2 4 -5 -6 6 8 -9 -10 -11 11 -13 -14 -15
leaf_value=-0.017554672159091133 -0.0054538243588920735 0.0084229929423879444 0.0086688447567732606 -0.0057179118773227856 -0.0073400514177312144 0.010558523887414498 0.0012476998701279657 0.014299050714565876 -0.010590929449618159 0.00037431458855331074 -0.016030790569591762 0.0037296648660620811 0.014419274365789572 -0.00401475400094271
leaf_weight=17.780939027667046 61.546716555953026 103.00662675499916 17.959386005997658 122.73323109745979 45.251332253217697 21.759896740317345 505.68353655934334 52.613843321800232 34.352079853415489 27.257061958312988 25.937574744224548 21.890908300876617 14.729068532586096 75.785304054617882
leaf_count=77 261 429 75 513 190 90 2108 219 144 115 107 92 61 317
internal_value=0.0001301 0.000469871 0.00432154 -0.000245208 -0.00248958 0.00062709 0.00117619 0.00627774 -0.000295607 -0.00775086 0.000432435 -0.00748951 0.00206943 -0.000407509
internal_weight=1148.29 1086.74 166.217 920.523 63.2107 797.79 752.752 164.888 587.864 45.038 553.512 47.8285 112.274 97.5452
internal_count=4798 4537 694 3843 265 3330 3138 687 2451 192 2307 199 468 407
is_linear=0
shrinkage=0.03


Tree=365
num_leaves=15
num_cat=0
split_feature=42 24 12 12 24 18 7 21 11 18 13 24 14 22
split_gain=3.2768 3.94188 3.12151 3.16509 2.52878 3.83067 6.78971 3.68562 3.39926 3.28184 3.20498 3.98271 3.05394 3.16115
threshold=18.500000000000004 0.1037581699346405 34.70000000000001 32.900000000000006 0.30914918414918424 -1.5499999999999998 1.0708914918005805 11.34631602726178 27.300000000000001 -4.3499999999999988 25.300000000000001 0.5590277777777779 29.100000000000005 0.13484848484848486
decision_type=8 8 10 10 10 10 2 10 10 10 10 10 10 10
left_child=2 -2 3 4 12 6 9 8 -7 -6 11 -9 -1 -14
right_child=1 -3 -4 -5 5 7 -8 10 -10 -11 -12 -13 13 -15
leaf_value=-0.0015939595833095374 0.010192993198926316 -0.0031439849159849496 -0.010733644893157255 0.010465406679520882 0.011648478349105193 0.02060018185143608 -0.014584945135637543 0.0093460450840077494 0.0018213385511297057 -0.0049879340983957614 -0.0085433084502868732 -0.0068459014181763023 0.015018698877529059 0.00069766913670474024
leaf_weight=810.06836822628975 52.320329323410988 27.641595244407654 20.927945852279663 19.490720614790916 20.285619795322418 19.04647396504879 22.227057322859764 45.446962296962738 15.224492147564886 14.659782454371451 15.226985558867453 14.658438995480536 15.174936920404432 46.096062302589417
leaf_count=3374 218 117 87 83 86 80 93 190 64 62 65 63 63 193
internal_value=-4.49296e-06 0.0056689 -0.000449334 -0.000196279 -0.000445658 0.00288553 -0.00322696 0.00607567 0.0135519 0.00491865 0.00204269 0.00517468 -0.00109608 0.00511007
internal_weight=1158.5 79.9619 1078.53 1057.61 1038.12 166.776 57.1725 109.603 34.271 34.9454 75.3324 60.1054 871.339 61.271
internal_count=4838 335 4503 4416 4333 703 241 462 144 148 318 253 3630 256
is_linear=0
shrinkage=0.03


Tree=366
num_leaves=15
num_cat=0
split_feature=0 16 16 35 1 1 1 41 3 39 9 7 23 42
split_gain=3.04877 3.27742 4.4375 2.23071 2.04807 2.80707 5.36531 3.54405 3.18803 3.85452 3.32267 3.82213 4.26718 4.37607
threshold=-8.7499999999999982 11.450000000000001 13.350000000000003 1.0000000180025095e-35 34.750000000000007 37.750000000000007 40.250000000000007 80.500000000000014 0.018293099590718901 819.02072968314258 -14.699999999999998 4.1956672274877169 0.44722222222222224 8.5000000000000018
decision_type=2 10 10 2 2 2 2 8 2 2 8 2 10 8
left_child=3 4 -3 -1 -2 -6 7 -7 9 -8 -10 12 13 -12
right_child=1 2 -4 -5 5 6 8 -9 10 -11 11 -13 -14 -15
leaf_value=0.012953697159543972 0.0071837947842321595 -0.016588169554907547 0.0032660994542838585 -0.00068270912758614899 -0.0052151261767719916 0.0079062492846413979 -0.016220348076933559 -0.0063467251111939934 0.0096003789624333098 0.00065927615973603178 -7.8392919824157723e-05 -0.0070591875505519579 0.0020214701078540725 -0.0078499581027799935
leaf_weight=22.485405117273331 29.299134537577629 19.941337898373604 14.699891075491903 16.993858501315117 88.967934265732765 105.9013684540987 20.254837021231651 14.46096597611904 25.064150080084801 22.786475658416748 195.21665678918362 68.834770336747169 422.76416128873825 92.994243904948235
leaf_count=97 123 83 62 72 374 444 85 60 106 95 815 286 1755 391
internal_value=-3.67745e-05 -0.000340875 -0.00881379 0.00766699 -3.16062e-05 -0.000264437 0.0002149 0.00600899 -0.000637981 -0.00814556 -0.000188696 -0.00056249 0.000111409 -0.00267707
internal_weight=1160.67 1121.19 34.6412 39.4793 1086.54 1057.25 968.278 120.362 847.915 43.0413 804.874 779.81 710.975 288.211
internal_count=4848 4679 145 169 4534 4411 4037 504 3533 180 3353 3247 2961 1206
is_linear=0
shrinkage=0.03


Tree=367
num_leaves=15
num_cat=0
split_feature=28 16 9 9 20 13 41 7 23 16 20 2 16 8
split_gain=2.60687 3.36211 5.13722 4.30253 3.95125 4.4911 3.14713 4.61548 3.71467 3.68461 5.00412 4.95152 4.73884 6.62528
threshold=6.5000000000000009 -0.74999999999999989 -2.5499999999999994 -5.8999999999999995 13.305178527251387 22.100000000000005 33.500000000000007 -2.7739152689216913 0.63245614035087727 1.5500000000000003 10.882197442599017 0.63864396290714531 4.1500000000000012 -1.0999999999999999
decision_type=2 10 8 10 8 10 10 2 10 10 10 2 10 10
left_child=1 2 3 -1 -3 -6 7 -2 -9 10 11 -8 -11 -14
right_child=6 4 -4 -5 5 -7 9 8 -10 12 -12 -13 13 -15
leaf_value=-0.0082680238865481554 0.016950517313561151 -0.0062627116873381185 -0.018821688005458487 0.0094332130646293446 0.01369848676694143 -0.0033681486655821424 0.0010868666429581107 -0.0029690659557986732 0.010003167129300359 -0.0067450173284016625 -0.00015906776448631379 0.012985189684253102 0.005907445862578976 -0.0044176358782997641
leaf_weight=28.726127237081528 19.041694790124893 40.852190956473351 22.224146142601967 14.641095176339148 24.20669449865818 23.411331847310066 69.61295922100544 51.037641271948814 25.985716104507446 137.55218257009983 427.24970333278179 54.021731033921242 97.857415199279785 117.61871464550495
leaf_count=122 79 170 93 61 100 97 290 214 108 574 1785 225 413 491
internal_value=-0.000133279 -0.00370133 -0.00858425 -0.00193457 0.000184389 0.00578497 0.000432113 0.00545287 0.00175043 -0.00012854 0.00140091 0.00658845 -0.00250141 0.000299079
internal_weight=1154.04 154.062 65.5914 43.3672 88.4702 47.618 999.978 96.0651 77.0234 903.913 550.884 123.635 353.028 215.476
internal_count=4822 643 276 183 367 197 4179 401 322 3778 2300 515 1478 904
is_linear=0
shrinkage=0.03


Tree=368
num_leaves=15
num_cat=0
split_feature=18 10 39 15 27 10 26 44 4 22 34 26 26 16
split_gain=5.64941 5.48672 5.33497 5.33394 5.82241 4.71924 5.01132 3.66346 5.32585 5.41142 3.37106 3.94664 5.34878 5.0315
threshold=2.3500000000000001 -0.80000000000000038 197.65515678535397 -2.9499999999999997 6.5000000000000009 -10.299999999999997 6.8062500000000012 1.0000000180025095e-35 213.60222424275187 0.79285714285714304 1.0000000180025095e-35 -0.10555555555555554 6.4058823529411777 11.850000000000003
decision_type=10 8 2 10 2 10 10 2 2 8 2 10 10 10
left_child=10 3 -3 4 -2 6 -6 8 -4 -10 11 -1 -13 -14
right_child=1 2 7 -5 5 -7 -8 -9 9 -11 -12 12 13 -15
leaf_value=0.00041474988673369766 -0.012498549893511157 0.0096744075348803547 -0.011235320374636936 0.0062594286555498202 0.015515292431148579 -0.0064214521496716252 -0.0048088206669890596 0.0027175473242001752 -0.0070001029263529677 0.011968875941873619 -0.0050454569902719983 0.0079841786783614709 -0.0017959230673579665 0.014535646787818601
leaf_weight=336.90263026952744 34.335945472121239 15.326367273926733 131.5110789090395 98.631628856062889 24.499507799744606 30.468124076724052 14.313850328326224 29.819246262311935 29.706907123327255 17.194970995187759 49.496775910258293 205.55862098932266 123.5809965133667 14.564076378941534
leaf_count=1411 146 64 550 411 102 127 60 124 125 72 207 853 515 63
internal_value=0.000582084 -0.00214873 -0.00533684 0.00141903 -0.00326451 0.00184514 0.00832661 -0.00664264 -0.00823851 0.000437305 0.00217852 0.00273684 0.0049744 0.000373432
internal_weight=1155.91 425.808 223.559 202.249 103.617 69.2815 38.8134 208.232 178.413 46.9019 730.103 680.606 343.704 138.145
internal_count=4830 1781 935 846 435 289 162 871 747 197 3049 2842 1431 578
is_linear=0
shrinkage=0.03


Tree=369
num_leaves=15
num_cat=0
split_feature=8 1 17 39 39 17 17 1 35 11 13 17 20 20
split_gain=4.59626 5.53128 4.3823 4.33412 9.80117 5.11365 4.52905 5.2829 5.13728 6.77842 4.27737 4.14111 5.17886 4.48215
threshold=1.3 50.250000000000007 -8.7499999999999982 2282.6337519355907 1498.7265836129675 -2.6833333333333331 -7.4499999999999984 43.750000000000007 1.0000000180025095e-35 18.100000000000005 26.700000000000006 -8.8499999999999961 15.65779884442305 8.5404262376107898
decision_type=8 2 10 2 2 10 8 2 2 10 10 8 8 10
left_child=1 3 -3 4 5 6 -1 8 9 -8 -7 -2 13 -13
right_child=11 2 -4 -5 -6 10 7 -9 -10 -11 -12 12 -14 -15
leaf_value=-0.0026280563727154728 -0.0097598130046359175 0.0019201435226854193 -0.017306883180250469 -0.010720619608772944 0.0086444849958326221 -0.0071640688575343317 0.01648870734205226 0.011840188648032695 -0.008565944911739053 -0.0067078598041851994 0.0024531948296686794 0.011446370835107808 0.0076030251827307093 -0.0002247337644406015
leaf_weight=136.9329040646553 19.730025589466095 14.318221554160116 28.431829795241356 31.755651533603668 91.576870515942574 178.46393482387066 21.013613596558571 53.110006719827652 31.855795636773109 16.319167822599411 51.084570229053497 27.624687865376472 141.13169485330582 319.10121630132198
leaf_count=573 83 60 121 133 384 742 87 221 133 68 215 114 591 1332
internal_value=0.00015253 -0.00150366 -0.0113404 -0.00073034 -9.67933e-05 -0.00180549 0.00107953 0.00517094 -0.000401407 0.00675422 -0.00501714 0.00228308 0.0028642 0.000854636
internal_weight=1162.45 654.863 42.7501 612.113 580.357 488.78 259.231 122.299 69.1886 37.3328 229.549 507.588 487.858 346.726
internal_count=4857 2737 181 2556 2423 2039 1082 509 288 155 957 2120 2037 1446
is_linear=0
shrinkage=0.03


Tree=370
num_leaves=15
num_cat=0
split_feature=12 25 18 18 26 17 35 7 3 3 39 18 39 25
split_gain=3.47091 5.08413 2.79249 4.10499 2.67005 2.47036 2.07669 5.77346 5.68158 5.27919 4.70087 5.19817 4.68287 4.61898
threshold=14.300000000000002 -0.19090909090909089 -9.8499999999999996 -8.1499999999999968 0.51666666666666672 7.4500000000000011 1.0000000180025095e-35 -2.8644039964630337 0.025177278803792173 0.024325103587514166 299.44863948681353 -2.3499999999999992 447.75952350939139 -8.0357142857142829
decision_type=8 10 8 8 8 10 2 2 2 2 2 10 2 10
left_child=1 -1 4 -4 -2 -3 7 9 -8 -5 -10 -12 13 -9
right_child=2 5 3 6 -6 -7 8 12 10 -11 11 -13 -14 -15
leaf_value=-0.012427344112422497 0.016313985987229204 -0.0062787763296289307 -0.0094965890269034185 -0.013787667035478915 0.00011314877550231275 0.0076531545683664239 0.0010685374929979498 -0.0042129641574692508 0.001849384075342313 -8.5226032331987091e-05 -0.02370136864501347 -0.0053747310459468216 0.0017150742331370626 0.013338083633331749
leaf_weight=41.822233363986015 14.320528060197828 14.668634936213492 32.762911409139633 32.490973427891731 17.53591196238995 23.037451267242432 268.66293613612652 14.644835516810415 33.425339743494987 78.050025388598442 17.413444459438324 48.387938126921654 474.11125752329826 57.325226321816444
leaf_count=179 60 61 138 138 73 98 1119 61 140 326 74 203 1978 239
internal_value=5.10314e-05 -0.00580629 0.000503312 0.000219289 0.00862115 0.00213272 0.000574606 0.00158135 -0.00121938 -0.00453511 -0.00716814 -0.0115559 0.00284939 0.00972503
internal_weight=1168.66 79.5283 1089.13 1057.27 31.8564 37.7061 1024.51 656.622 367.89 110.541 99.2267 65.8014 546.081 71.9701
internal_count=4887 338 4549 4416 133 159 4278 2742 1536 464 417 277 2278 300
is_linear=0
shrinkage=0.03


Tree=371
num_leaves=15
num_cat=0
split_feature=1 23 12 22 41 21 14 25 1 42 24 12 19 19
split_gain=2.55971 4.88805 8.5858 4.66027 3.97413 4.36883 3.54152 3.34235 4.90805 3.27933 3.14077 3.0416 2.30869 2.17496
threshold=40.250000000000007 0.45643939393939398 15.450000000000001 0.58012820512820518 68.500000000000014 14.236494574781327 21.633333333333336 -5.6547619047619042 38.250000000000007 18.500000000000004 0.19543650793650794 19.500000000000004 -1.7499999999999998 -10.049999999999999
decision_type=2 10 8 10 10 8 10 10 2 10 10 10 10 10
left_child=1 2 3 -1 7 -6 12 -3 11 13 -8 -9 -4 -2
right_child=9 4 6 -5 5 -7 10 8 -10 -11 -12 -13 -14 -15
leaf_value=-0.010289222212937307 -0.0093934498414169898 0.0097612258743610836 0.02448131446685687 0.0082083651214442162 -0.01818744715894342 0.0015963826777426313 0.011381910395312332 0.0025443372082713648 0.0073630260805460099 0.0095279650312275251 -0.004089393565305589 -0.012529888282758085 0.0063893623813450805 -0.00094636029344797321
leaf_weight=28.199411526322365 23.450135111808777 26.988442212343216 21.501355767250061 14.894669920206068 17.553594380617142 16.77473971247673 24.39687280356884 16.187894240021706 28.085922762751579 21.328573614358902 16.328300386667252 29.825092196464539 14.412266835570334 853.70743305981159
leaf_count=120 99 114 91 63 73 70 102 68 118 89 69 124 60 3562
internal_value=-0.000163255 0.00245968 0.00674962 -0.00370718 -0.00143871 -0.00954608 0.0124964 0.00163463 -0.00175518 -0.000917594 0.00540999 -0.00749702 0.0188891 -0.00122415
internal_weight=1153.63 255.149 119.733 43.0941 135.416 34.3283 76.6388 101.087 74.0989 898.486 40.7252 46.013 35.9136 877.158
internal_count=4822 1072 505 183 567 143 322 424 310 3750 171 192 151 3661
is_linear=0
shrinkage=0.03


Tree=372
num_leaves=15
num_cat=0
split_feature=14 39 41 21 16 3 24 3 19 21 21 19 39 19
split_gain=3.37481 5.87502 4.93757 3.91995 2.52619 3.37403 3.11641 3.03908 3.87259 4.19699 4.63316 3.70168 4.62691 3.49104
threshold=15.100000000000001 872.04478166571528 61.500000000000007 13.598406755613762 -9.4499999999999975 0.024932539339357577 0.37797619047619052 0.024438227945458472 -4.5499999999999989 17.553885258309311 15.297784862347859 -6.5499999999999989 509.81142204171022 -0.81666666666666654
decision_type=10 2 10 8 10 2 8 2 10 10 8 10 2 10
left_child=1 3 -3 -1 5 6 -2 8 -6 10 13 12 -9 -10
right_child=4 2 -4 -5 7 -7 -8 11 9 -11 -12 -13 -14 -15
leaf_value=-0.0011460321818194718 -0.014864885459151895 0.014159701889222756 -0.0051190962417705047 -0.017102554413673844 0.0107981070887203 0.0049763154778817136 0.0015845998492675592 0.0041590860868922193 -0.003496217535834901 0.01068522972912329 -0.0067495043986297455 0.00073162661668581556 -0.013034283558059866 0.005180927497865387
leaf_weight=23.720689386129379 25.6937215924263 16.568283662199974 22.676413416862488 31.119155600667 50.522930815815926 17.779701471328735 14.310655012726782 18.793835535645485 54.250513166189194 38.548379734158516 54.958020776510239 612.71697783470154 34.760884910821915 141.89843872189522
leaf_count=99 111 71 96 132 213 75 61 79 227 161 230 2552 145 592
internal_value=0.000384692 -0.00491421 0.00370038 -0.0108731 0.000873936 -0.00497419 -0.00945817 0.00123263 0.00351731 0.00208567 0.000582688 4.86303e-05 -0.00716072 0.00275377
internal_weight=1158.32 94.0845 39.2447 54.8398 1064.23 57.7841 40.0044 1006.45 340.178 289.655 251.107 666.272 53.5547 196.149
internal_count=4844 398 167 231 4446 247 172 4199 1423 1210 1049 2776 224 819
is_linear=0
shrinkage=0.03


Tree=373
num_leaves=15
num_cat=0
split_feature=25 12 14 14 12 21 4 4 1 22 19 3 13 16
split_gain=2.82822 4.00647 6.38147 4.40194 5.18868 4.35121 3.89922 3.76043 3.55533 3.3351 6.53657 3.65887 3.98487 4.8359
threshold=-8.2403846153846132 22.300000000000001 19.633333333333336 17.300000000000001 20.450000000000003 13.04744090913576 -4.414933001909275 81.847089002632984 45.250000000000007 0.41987179487179493 6.6500000000000012 0.042092374181926358 25.300000000000001 10.15
decision_type=10 8 8 10 10 10 2 2 2 10 8 2 10 10
left_child=1 3 -3 -1 6 8 -5 -8 -4 10 -2 12 13 -11
right_child=9 2 5 4 -6 -7 7 -9 -10 11 -12 -13 -14 -15
leaf_value=0.0066796883327090804 0.0051502502512349524 -0.0096578872575298728 0.020813418832289023 -0.013199575116073241 -0.01923740818718352 -0.0012303981240746103 0.0084662335265266887 -0.0066998224503525758 0.0015742054638842099 -0.001000982501612494 -0.0072854439978628661 0.0069548991731203432 -0.0067968098801528733 0.010685304636881488
leaf_weight=14.6912684738636 234.64735409617424 29.28211385011673 17.33425635099411 23.61312147974968 27.796815261244774 36.556498721241951 23.454339623451233 25.510295137763023 15.543296158313749 499.31285843253136 40.683834567666054 47.291522696614265 95.064191713929176 29.021529391407967
leaf_count=62 978 124 72 100 117 153 98 108 65 2085 169 197 403 122
internal_value=-0.000242029 -0.00331663 0.00110848 -0.00700106 -0.00922537 0.00599269 -0.00439808 0.000676138 0.0131263 0.000466555 0.00321554 -0.000677401 -0.00130712 -0.000264896
internal_weight=1159.8 213.782 98.7162 115.066 100.375 69.4341 72.5778 48.9646 32.8776 946.021 275.331 670.69 623.399 528.334
internal_count=4853 899 414 485 423 290 306 206 137 3954 1147 2807 2610 2207
is_linear=0
shrinkage=0.03


Tree=374
num_leaves=15
num_cat=0
split_feature=2 2 2 42 24 16 9 10 10 12 19 26 19 2
split_gain=2.80969 3.62773 3.28137 3.21175 5.44843 2.41648 3.21506 2.35309 4.21989 2.52505 2.44146 3.22771 2.76073 7.75852
threshold=0.27003582079341726 0.34247558159398611 0.35904194488150126 1.5000000000000002 -0.28348214285714279 -0.74999999999999989 7.9000000000000012 22.100000000000005 18.700000000000006 12.900000000000002 11.050000000000002 5.1483516483516496 3.5500000000000003 0.50057656826568275
decision_type=2 2 2 10 10 10 10 10 10 10 10 8 10 2
left_child=5 3 -3 -2 -5 -1 -7 8 9 -4 12 -12 -11 -14
right_child=1 2 7 4 -6 6 -8 -9 -10 10 11 -13 13 -15
leaf_value=0.013385491290202178 0.0011310370484397261 0.010839030447867774 0.0061172062734352389 -0.018338435589104998 0.00058434567237925351 -0.0070242834124255764 0.0066161828642724374 -0.0098199488866912606 0.010745395961905598 -0.00062001789043336067 -0.0011037140071506032 0.014815304863023342 -0.013457228310609061 -0.0010599989529270829
leaf_weight=16.442357674241066 27.663502246141434 17.048137798905373 38.357417240738869 30.681089103221893 21.736423194408417 20.655737802386284 34.790682643651962 20.753691032528877 23.548504948616028 626.41105717420578 26.711393371224403 14.284350141882895 57.870031386613846 167.38745547831059
leaf_count=68 116 71 163 129 91 87 150 92 100 2613 111 60 240 696
internal_value=-0.000733638 -0.00112605 -0.000613109 -0.00707289 -0.011124 0.004813 0.00137393 -0.000867548 -0.000622756 -0.000966157 -0.0013029 0.00545057 -0.0016579 -0.00446798
internal_weight=1144.34 1072.45 992.372 80.081 52.4175 71.8888 55.4464 975.324 954.57 931.022 892.664 40.9957 851.669 225.257
internal_count=4787 4482 4146 336 220 305 237 4075 3983 3883 3720 171 3549 936
is_linear=0
shrinkage=0.03


Tree=375
num_leaves=15
num_cat=0
split_feature=8 25 21 3 21 23 35 26 39 23 8 41 39 29
split_gain=2.36237 6.81894 6.34737 3.47999 4.25976 3.80526 3.68509 3.26633 2.96066 3.79559 4.77475 4.09696 4.4457 3.2912
threshold=-7.6999999999999984 -5.6547619047619042 11.34631602726178 0.024701976161650267 10.35159676357013 0.38675213675213682 1.0000000180025095e-35 -4.0954545454545448 1571.9259508083976 0.74342105263157909 -1.4999999999999998 44.500000000000007 1760.3786256114752 6.5000000000000009
decision_type=8 8 10 2 8 8 2 10 2 10 8 8 2 2
left_child=3 2 -2 5 -5 -1 -7 -4 13 10 -10 -12 -13 -3
right_child=1 8 7 4 -6 6 -8 -9 9 -11 11 12 -14 -15
leaf_value=0.0020122417651958439 -0.0041064779832479135 -0.0064895517599994164 0.0020486903928883882 0.011498928758140856 -0.0022894310233959052 -0.017077166118635856 -0.0016311216090462114 0.016388886107069223 0.010367006551742547 0.012047168489822985 0.010113162215942027 0.0068405881539149414 -0.0086705124339986339 -0.0003406294884033539
leaf_weight=25.105149209499359 26.210662662982941 84.980979561805725 21.645752534270287 19.904616460204124 101.04746763408184 34.30820444226265 23.289569362998009 48.636170879006386 30.393859207630157 30.448971197009087 14.627539470791815 17.770315513014793 64.393357485532761 610.92664524912834
leaf_count=106 110 354 91 83 423 146 97 205 127 128 62 74 269 2547
internal_value=-4.74308e-05 0.000584578 0.00793615 -0.00293906 0.000346068 -0.00748935 -0.0114607 0.0124017 -0.000287893 0.00336074 0.000904121 -0.00243063 -0.00511582 -0.00113244
internal_weight=1153.69 950.034 96.4926 203.655 120.952 82.7029 57.5978 70.2819 853.542 157.634 127.185 96.7912 82.1637 695.908
internal_count=4822 3967 406 855 506 349 243 296 3561 660 532 405 343 2901
is_linear=0
shrinkage=0.03


Tree=376
num_leaves=15
num_cat=0
split_feature=1 39 13 25 20 9 1 27 20 7 25 15 14 13
split_gain=2.90189 5.85715 6.97797 4.83784 5.43628 4.54042 4.16315 4.42808 5.12329 5.47783 4.8625 5.19852 4.58003 4.36491
threshold=43.750000000000007 1369.6829224018309 15.733333333333336 10.566964285714286 12.251303313429652 10.900000000000002 52.750000000000007 12.500000000000002 11.508692364545313 0.91768470568479199 -12.633333333333331 -6.2499999999999991 22.450000000000003 24.700000000000006
decision_type=2 2 8 10 10 10 2 2 10 2 8 8 10 10
left_child=1 5 -3 6 -5 -1 7 10 9 -9 -2 12 -12 -10
right_child=3 2 -4 4 -6 -7 -8 8 13 -11 11 -13 -14 -15
leaf_value=-0.0024918119428161702 -0.012387964169007455 0.019233007903331337 0.00066712350816197099 0.007497558887866065 -0.01182143510235829 -0.014098920598836627 -0.006417259214424707 0.0057706397028434294 0.014171078335372672 -0.013533187651377772 0.00014863588348422099 0.00032297632292592888 0.020434877659535444 0.0020431554244996911
leaf_weight=408.37927412986755 18.267310306429863 17.135119318962097 105.24998769164085 14.223583564162253 42.365322351455688 28.225693762302399 42.302668914198875 31.131217911839485 75.77179417014122 15.936314135789869 17.573057308793068 271.64123751223087 18.522449031472206 42.756700441241264
leaf_count=1705 77 73 442 60 179 119 177 131 315 66 73 1134 77 178
internal_value=-0.00023047 -0.00177172 0.00391942 0.00123119 -0.00675115 -0.00339333 0.00213203 0.00292491 0.00684285 -0.00143726 0.000861462 0.00183343 0.0117783 0.010056
internal_weight=1149.48 558.99 122.385 590.492 56.5889 436.605 533.903 491.6 165.596 47.0675 326.004 307.737 36.0955 118.528
internal_count=4806 2339 515 2467 239 1824 2228 2051 690 197 1361 1284 150 493
is_linear=0
shrinkage=0.03


Tree=377
num_leaves=15
num_cat=0
split_feature=10 10 25 22 22 10 23 24 12 3 15 29 10 19
split_gain=2.90471 2.23155 2.89055 3.66345 6.64885 5.11048 5.32124 3.9843 3.36073 3.24932 3.11715 2.81746 3.60981 3.24813
threshold=22.700000000000006 19.100000000000005 5.4142857142857155 0.57417582417582425 0.56458333333333344 0.50000000000000011 0.77097902097902116 0.35634920634920647 27.100000000000005 0.017584909581146894 -2.5499999999999994 7.5000000000000009 14.900000000000004 -0.81666666666666654
decision_type=10 10 10 10 10 10 10 10 8 2 8 2 8 10
left_child=1 2 3 4 -1 6 8 -7 -5 -4 -11 12 13 -12
right_child=-2 -3 9 5 -6 7 -8 -9 -10 10 11 -13 -14 -15
leaf_value=-0.00029087265597997115 -0.010466113864055283 0.0079353628104177672 0.0070151811783392285 -0.010227278339331444 -0.01651689389558143 0.01237202894304083 0.0098282045422748241 -0.00079070051917238843 0.0032639711094653964 0.0050945923444005595 -0.014458922749570533 0.00088612662655458046 0.0046357389826740042 -0.004846923769652684
leaf_weight=665.67322579026222 21.630939438939095 22.965905144810677 19.544352546334267 42.567377611994743 18.539952352643013 65.765525490045547 22.990375205874443 28.440644234418869 22.532107651233673 22.784555450081825 57.427086696028709 43.129641741514206 16.14386847615242 80.493907243013382
leaf_count=2787 95 98 83 177 77 272 96 118 94 95 239 180 68 335
internal_value=-0.000671283 -0.000438301 -0.000647102 0.000164839 -0.00084718 0.00388447 -0.00130547 0.00855866 -0.00565797 -0.00352772 -0.00459951 -0.00581789 -0.0076635 -0.00921496
internal_weight=1150.63 1129 1106.03 866.509 684.213 182.296 88.0899 94.2062 65.0995 239.523 219.979 197.195 154.065 137.921
internal_count=4814 4719 4621 3621 2864 757 367 390 271 1000 917 822 642 574
is_linear=0
shrinkage=0.03


Tree=378
num_leaves=15
num_cat=0
split_feature=5 8 8 8 20 15 3 16 14 15 14 20 30 13
split_gain=3.43936 4.83892 4.68728 3.31633 4.13216 3.62998 3.44005 5.30347 3.15053 5.75154 3.81383 4.65248 4.44743 3.19565
threshold=0.6092947275225401 -7.6999999999999984 -6.0999999999999988 -11.499999999999998 10.987113661137219 -9.7499999999999982 0.024619206037435396 2.1500000000000008 26.225000000000005 2.0500000000000003 22.700000000000006 13.166666651454893 -1.4999999999999998 20.500000000000004
decision_type=2 8 8 10 10 10 2 10 10 8 10 8 2 10
left_child=1 3 -3 4 -1 -6 7 -5 10 -10 12 -12 -4 -13
right_child=-2 2 8 6 5 -7 -8 -9 9 -11 11 13 -14 -15
leaf_value=-0.0092604115078138791 -0.0018020929251087526 0.011592438947683546 -0.0075603714017970919 -0.0022772034550816046 -0.0018107554840106196 0.011933474188105331 -0.001631097038302257 -0.024291144032318787 0.015852390904779207 -0.0028438549988843253 0.0026782869480608683 -0.00052720209461811071 0.0039295803561959835 -0.016027409485770357
leaf_weight=18.152484178543091 508.88423089683056 46.585962161421776 29.559751689434052 22.070887997746468 30.92009112238884 31.204282209277153 62.269840374588966 14.655078396201132 31.438623070716858 22.728118151426315 44.069166511297226 19.400227770209312 260.6103143543005 27.806018173694611
leaf_count=77 2133 197 125 93 130 132 261 62 130 95 183 80 1084 115
internal_value=4.23055e-05 0.00146412 0.00302137 -0.00269283 0.00178945 0.00546747 -0.00623885 -0.0129198 0.0019836 0.00843015 0.000970938 -0.00422993 0.00265085 -0.0103179
internal_weight=1170.36 661.471 482.198 179.273 80.2769 62.1244 98.9958 36.726 435.612 54.1667 381.445 91.2754 290.17 47.2062
internal_count=4897 2764 2009 755 339 262 416 155 1812 225 1587 378 1209 195
is_linear=0
shrinkage=0.03


Tree=379
num_leaves=15
num_cat=0
split_feature=4 24 13 13 39 18 11 39 4 3 19 16 13 4
split_gain=2.62779 3.3602 3.07791 5.05179 4.356 5.63829 6.79378 4.42189 4.45542 4.41578 5.97881 4.41019 4.38252 4.27998
threshold=-159.41956294082738 -0.34807692307692301 22.100000000000005 22.266666666666669 603.07433957921796 -0.54999999999999993 23.100000000000005 1808.0472951462391 26.229800501373465 0.030001598386478982 2.1500000000000008 -6.5499999999999989 17.300000000000001 -14.547597529450853
decision_type=2 8 8 8 2 10 10 2 2 2 10 10 10 2
left_child=1 -1 4 -4 9 6 7 8 13 10 -2 -10 -13 -6
right_child=2 -3 3 -5 5 -7 -8 -9 11 -11 -12 12 -14 -15
leaf_value=0.0011414695515722106 -0.0085240801881033453 0.014517247475050449 -0.015712341498785268 -0.0014610525331246321 0.0045821829855143574 0.0079892452470908416 -0.0080076419536504965 -0.006475687207328211 0.012987408362986595 0.0078864628748647348 0.0025525901229986516 0.0063485311914918737 -0.0084868076486557496 0.022803272438245092
leaf_weight=60.568353042006493 105.24906370043755 18.990186274051666 18.504523724317551 517.70525182783604 31.653437197208405 127.82614178955555 60.593878179788589 28.661830917000771 16.728047117590904 27.55627129971981 69.741022899746895 25.810645028948784 38.612875118851662 16.999266475439072
leaf_count=258 442 80 77 2163 132 534 255 119 70 115 291 108 161 71
internal_value=-9.13671e-05 0.00500382 -0.000485983 -0.00209348 0.00108756 0.00311241 0.000151886 0.00342141 0.0057659 -0.00237169 -0.00416128 0.00124965 -0.00251401 0.0124804
internal_weight=1165.2 79.5585 1085.64 536.21 549.432 346.886 219.06 158.466 129.804 202.546 174.99 81.1516 64.4235 48.6527
internal_count=4876 338 4538 2240 2298 1450 916 661 542 848 733 339 269 203
is_linear=0
shrinkage=0.03


Tree=380
num_leaves=15
num_cat=0
split_feature=3 3 22 11 15 20 26 6 29 27 20 11 35 21
split_gain=2.89394 3.3238 2.80075 2.90194 5.32239 3.39373 9.21272 4.49954 5.25519 3.86403 4.53194 4.66223 3.6934 4.51351
threshold=0.043482987795078316 0.042631993561552901 0.87867647058823539 33.300000000000004 10.65 17.892425428316912 1.970588235294118 3.0701124989758868 13.500000000000002 16.500000000000004 16.299454552467694 21.500000000000004 1.0000000180025095e-35 9.6956462122683984
decision_type=2 2 10 10 8 8 10 2 2 2 10 10 2 10
left_child=1 2 3 4 5 7 -7 8 9 10 -1 -12 -9 -14
right_child=-2 -3 -4 -5 -6 6 -8 12 -10 -11 11 -13 13 -15
leaf_value=0.00084139130252876412 0.011712017243084705 -0.0081316210746013931 0.0054528235918895147 -0.0094086007040708776 0.011771168673375782 0.0022836218912414955 -0.015623204176106293 0.00022923445695950895 -0.0094523526053494015 0.010824370353940908 0.0020593294473900928 0.019244940709385247 -0.017432135473716318 -0.0032532926945973801
leaf_weight=392.03543758392334 14.652947559952734 37.519548892974854 86.188384637236595 23.88426710665226 29.757637843489647 59.02282689511776 39.571007639169693 221.20648701488972 27.980497673153877 45.613741353154182 34.095719233155251 21.168008700013161 20.734847858548164 111.49789996445179
leaf_count=1636 62 156 365 100 127 246 165 924 118 191 142 88 87 470
internal_value=0.000296966 0.000101494 0.000414228 -3.31804e-05 0.000235721 -0.000175479 -0.00531053 0.000430477 0.00219492 0.00294436 0.00203002 0.00969261 -0.00216427 -0.00603074
internal_weight=1164.93 1150.28 1112.76 1026.57 1002.68 972.926 98.5938 874.333 520.893 492.913 447.299 55.2637 353.439 132.233
internal_count=4877 4815 4659 4294 4194 4067 411 3656 2175 2057 1866 230 1481 557
is_linear=0
shrinkage=0.03


Tree=381
num_leaves=15
num_cat=0
split_feature=3 3 41 18 39 18 25 15 3 20 20 23 12 19
split_gain=2.90317 2.82094 2.07294 6.42893 5.29522 5.25608 4.49068 4.05459 4.46782 3.99792 5.99934 4.73979 4.29751 4.29426
threshold=0.043482987795078316 0.042631993561552901 64.500000000000014 -5.1499999999999995 470.36025020216169 8.6125000000000025 -10.732142857142856 5.4500000000000011 0.025177278803792173 10.924488292109812 9.3002389407603818 0.46862745098039221 20.100000000000005 -2.6124999999999994
decision_type=2 2 8 8 2 8 10 8 2 10 8 10 10 10
left_child=1 2 5 -4 6 -1 -5 8 -8 10 -6 13 -13 -11
right_child=-2 -3 3 4 9 -7 7 -9 -10 11 -12 12 -14 -15
leaf_value=0.00021942704065312769 0.011711694353450335 -0.007291387866206667 -0.005016060664663557 -0.0021357527116986188 -0.0029799629188881883 -0.0096092558609953086 0.017902401704051121 -0.0012489143325724666 0.0012589885188199737 -0.0041547127693804141 0.012650777310303262 -0.01209411867179146 -0.00093889982956194961 0.0068382121155625393
leaf_weight=447.73906002938747 15.410949721932409 37.515406668186188 100.99849340319633 27.056982159614563 32.977685496211052 49.953699097037315 59.096478268504143 18.198631450533867 19.795506834983826 41.790706783533096 53.37642976641655 36.909319788217545 124.11975899338722 101.41280153393745
leaf_count=1868 65 156 425 113 138 211 246 77 83 176 225 154 517 427
internal_value=0.000495507 0.000295315 0.000582393 0.00174001 0.00310116 -0.000852849 0.00837228 0.0112618 0.0140502 0.0013411 0.00684518 -0.000306615 -0.00378299 0.00359824
internal_weight=1166.35 1150.94 1113.43 615.733 514.734 497.693 124.148 97.0906 78.892 390.587 86.3541 304.233 161.029 143.204
internal_count=4881 4816 4660 2581 2156 2079 519 406 329 1637 363 1274 671 603
is_linear=0
shrinkage=0.03


Tree=382
num_leaves=15
num_cat=0
split_feature=26 26 15 12 11 25 8 12 42 4 15 23 12 26
split_gain=2.46103 5.15357 6.31505 4.75679 4.38545 3.50237 8.18 6.87575 3.53684 3.76172 4.77596 3.46512 3.32179 3.76256
threshold=-1.2426470588235292 -0.10555555555555554 -0.94999999999999984 25.266666666666669 24.100000000000005 -0.19090909090909089 -1.4999999999999998 22.900000000000002 10.500000000000002 279.30575339284036 7.9500000000000011 0.46291208791208799 24.900000000000002 4.7071428571428582
decision_type=10 10 10 10 10 10 8 8 10 2 10 10 8 10
left_child=3 2 -2 5 -4 -1 -7 8 9 10 11 -8 -3 -14
right_child=1 12 4 -5 -6 6 7 -9 -10 -11 -12 -13 13 -15
leaf_value=-0.001606462350199004 -0.01974570183214976 0.0020728014363677115 -0.0097869835360166052 0.010140096812161671 0.0087940314856242464 0.018022818757729726 0.010810985028808132 -0.013456702508350399 0.01175294750873176 -0.0068696144913867165 -0.0095014308736241764 -0.0037340742143382611 -0.0073090029581916955 -0.00013287345085948442
leaf_weight=256.08115287125111 23.321370348334312 289.65303920209408 18.152713418006897 48.811744660139084 17.605420276522636 25.340283945202827 55.023117616772652 20.310514837503433 30.388812020421028 34.361615121364594 14.188131898641585 16.731873780488968 91.032516062259674 209.18855614960194
leaf_count=1077 98 1205 75 204 73 105 230 85 129 146 61 69 380 877
internal_value=0.000135733 -0.00108055 -0.00916093 0.00170558 -0.000682132 0.000694701 0.00366134 0.00108164 0.00341035 0.000918136 0.00423832 0.00739705 -0.000201059 -0.00239289
internal_weight=1150.19 648.954 59.0795 501.237 35.7581 452.426 196.344 171.004 150.694 120.305 85.9431 71.755 589.874 300.221
internal_count=4814 2708 246 2106 148 1902 825 720 635 506 360 299 2462 1257
is_linear=0
shrinkage=0.03


Tree=383
num_leaves=15
num_cat=0
split_feature=17 23 9 8 5 14 25 23 17 17 39 39 19 1
split_gain=2.65065 2.29546 6.71648 4.44353 4.09012 5.09787 4.5637 3.82094 3.71604 6.99681 5.70417 6.7851 5.93071 5.34927
threshold=-18.399999999999995 0.31534090909090912 -5.4999999999999991 -6.8999999999999995 0.64490812471183878 30.300000000000001 6.6794871794871806 0.36038961038961043 1.5000000000000009 0.95000000000000007 603.07433957921796 837.81815217256212 3.3500000000000001 44.250000000000007
decision_type=8 8 8 8 2 10 10 8 10 10 2 2 10 2
left_child=-1 2 4 -3 -2 6 -6 -5 9 -9 13 -12 -13 -10
right_child=1 3 -4 7 5 -7 -8 8 10 -11 11 12 -14 -15
leaf_value=0.011076510663986336 0.0093698538129002983 -0.0029673844759332507 -0.0089653919394285814 0.0094878751771799632 -0.0014347262155934156 -0.011632737743565841 0.014038026515312527 0.0024677829842635044 -0.011730850921158499 0.018665174411485616 0.012491672606977273 0.0031302429473640757 -0.0095785576593068692 0.0010701277714183848
leaf_weight=17.303797125816345 39.413676381111145 173.56184682250023 76.891015782952309 56.420783326029778 68.045989573001862 26.772993072867393 17.60902963578701 368.75338166952133 60.771614924073219 20.92248161137104 40.32964625954628 103.3558687120676 42.587009072303772 51.705724850296974
leaf_count=73 166 732 324 236 287 115 74 1540 253 86 167 431 177 216
internal_value=0.000829287 0.000627317 -0.00203248 0.00129717 0.00165216 -0.00133717 0.00234499 0.00230404 0.00165111 0.0035629 -0.000860136 0.00235062 -0.000772708 -0.00605116
internal_weight=1164.44 1147.14 228.733 918.408 151.842 112.428 85.655 744.847 688.426 389.676 298.75 186.273 145.943 112.477
internal_count=4877 4804 966 3838 642 476 361 3106 2870 1626 1244 775 608 469
is_linear=0
shrinkage=0.03


Tree=384
num_leaves=15
num_cat=0
split_feature=12 12 26 16 11 8 20 41 2 13 17 17 22 9
split_gain=3.30085 2.6336 2.17123 3.85692 4.52845 4.10565 3.28128 4.30971 4.64486 2.64823 2.20849 6.73856 2.11047 4.20295
threshold=34.70000000000001 32.900000000000006 -9.1339285714285694 -0.94999999999999984 16.633333333333336 4.7000000000000002 13.662804330769273 63.500000000000007 0.73399633583453039 23.300000000000001 -16.149999999999995 -14.349999999999996 0.080128205128205135 1.6333333333333335
decision_type=10 10 10 8 10 10 10 10 2 10 10 10 10 10
left_child=1 2 3 4 -1 -5 9 -8 -9 -6 -4 -12 13 -13
right_child=-2 -3 10 5 6 -7 7 8 -10 -11 11 12 -14 -15
leaf_value=-0.01096713669082441 -0.010599389060944049 0.0096726921283706423 -0.0089474449010488906 0.013563532695625075 0.012342637406201834 -0.0031616295477418475 0.0078477100254250726 0.0017701531995335978 -0.019125604268469727 -0.0010324100989629709 0.015975965367248463 0.0095419651507670233 -0.0012877725139773593 -0.0055461832830013876
leaf_weight=22.978500828146935 21.768638163805008 20.080324292182922 23.640580400824547 40.714002162218094 31.749311789870262 16.287287309765816 17.383625343441963 17.521111667156223 14.245593085885046 19.767782554030418 16.870168626308441 40.686931014060974 830.83968377113342 22.025969907641411
leaf_count=99 91 86 100 170 134 68 73 74 62 83 72 169 3468 93
internal_value=-0.000186789 5.85758e-05 -0.000157032 0.0028083 -0.000243993 0.00891499 0.00260681 -0.0028173 -0.00892704 0.00757316 -0.000742423 -0.00048166 -0.000879547 0.00422448
internal_weight=1156.56 1134.79 1114.71 180.647 123.646 57.0013 100.667 49.1503 31.7667 51.5171 934.063 910.423 893.553 62.7129
internal_count=4842 4751 4665 763 525 238 426 209 136 217 3902 3802 3730 262
is_linear=0
shrinkage=0.03


Tree=385
num_leaves=15
num_cat=0
split_feature=15 20 12 29 7 25 39 1 8 42 15 39 1 17
split_gain=3.48389 3.3113 4.04005 6.41653 3.84024 4.43318 4.68623 3.23768 3.66626 3.19091 5.53357 5.21723 5.29963 4.78749
threshold=12.250000000000002 14.937834132754071 18.900000000000002 6.5000000000000009 4.6336060348158989 12.516666666666667 1229.4138463721727 47.250000000000007 1.1000000000000003 7.5000000000000009 -0.94999999999999984 178.36753681358059 38.250000000000007 8.5500000000000025
decision_type=10 10 10 2 2 10 2 2 10 8 8 2 2 10
left_child=1 9 -3 -4 5 6 -5 8 -8 10 -1 -11 -13 -12
right_child=-2 2 3 4 -6 -7 7 -9 -10 11 13 12 -14 -15
leaf_value=0.0020352821144422099 -0.0094191559652167488 -0.0014764614866729223 -0.0065961191532988399 0.012450834067210186 -0.0050595733101869676 -0.0060234122713442011 -0.00088981395401591817 -0.0079461343903560085 0.016294484023967798 0.014427343943350308 -0.006644248815944595 -0.0072768766915906405 0.0029486056530078071 0.0035540422188266225
leaf_weight=201.48247234523296 23.997567027807236 103.88746762275696 30.88566742837429 137.77922733128071 17.823897436261177 14.581159085035322 25.501927331089973 15.901409924030302 14.239035487174986 24.005160763859749 197.83669951558113 51.143519654870033 239.78786140680313 48.646858543157578
leaf_count=845 102 437 128 572 75 62 108 66 60 100 824 216 1003 205
internal_value=0.000858021 0.0011183 0.00346577 0.00545581 0.0072113 0.00835688 0.00956541 0.00198316 0.00640016 -6.61983e-06 -0.00162658 0.00228702 0.00105847 -0.00460083
internal_weight=1147.5 1123.5 360.6 256.712 225.827 208.003 193.422 55.6424 39.741 762.903 447.966 314.937 290.931 246.484
internal_count=4803 4701 1508 1071 943 868 806 234 168 3193 1874 1319 1219 1029
is_linear=0
shrinkage=0.03


Tree=386
num_leaves=15
num_cat=0
split_feature=3 7 19 7 7 2 2 3 15 15 14 7 2 9
split_gain=2.43894 6.82484 4.70782 3.7647 4.66889 3.69705 5.08834 4.75873 3.85248 6.79631 7.17713 6.73773 7.3496 5.13329
threshold=0.028034311953680339 -0.27866992972426002 1.6500000000000001 2.8486256711782203 4.1956672274877169 0.57598002417470484 0.6005328874407061 0.025729822833822972 -2.0499999999999994 0.31666666666666671 22.700000000000006 -0.55939065459857795 0.48490255846020164 8.9000000000000021
decision_type=2 2 8 2 2 2 2 2 8 10 10 2 2 10
left_child=5 2 -2 -3 -5 7 -7 8 11 -10 13 -1 -13 -11
right_child=1 3 -4 4 -6 6 -8 -9 9 10 -12 12 -14 -15
leaf_value=-0.0095175741339328032 -0.0020074338363214655 -0.011724193323157772 0.011726628785661981 0.0089329918025156437 -0.0083736935879395163 -0.010538589324979915 -0.00018981867353964197 0.012976086691021016 0.011692290467731859 0.0096872771848781382 -0.0083273052811804037 -0.001184794208644044 0.016467576142025438 -0.0037734314535889666
leaf_weight=58.635186761617661 56.125207483768463 70.486050739884377 31.189583703875542 20.114991247653961 26.834246501326561 42.083685129880905 467.88841134309769 31.635307312011719 69.408685401082039 67.460442945361137 49.152538150548935 101.70892995595932 21.641621261835098 35.965222433209419
leaf_count=246 236 295 130 85 113 177 1960 132 289 280 205 427 91 150
internal_value=-5.45815e-05 -0.00298238 0.00326792 -0.00757324 -0.000812682 0.000591738 -0.00113785 0.00260652 0.00164576 0.00425764 0.000611888 -0.00156888 0.00243314 0.0050483
internal_weight=1150.33 204.75 87.3148 117.435 46.9492 945.58 509.972 435.608 403.973 221.987 152.578 181.986 123.351 103.426
internal_count=4816 859 366 493 198 3957 2137 1820 1688 924 635 764 518 430
is_linear=0
shrinkage=0.03


Tree=387
num_leaves=15
num_cat=0
split_feature=18 41 41 22 0 18 3 2 13 15 25 8 3 42
split_gain=2.79837 3.26484 2.41247 2.65851 4.6892 3.68944 2.90046 5.24417 2.6422 3.02008 4.00441 3.5011 4.7001 4.75791
threshold=-8.1499999999999968 45.500000000000007 34.500000000000007 0.82843137254901966 13.250000000000002 -3.4499999999999997 0.024606802362303396 0.74785009888040677 13.700000000000001 3.9500000000000006 3.7735042735042739 2.6750000000000003 0.025962253522295978 1.5000000000000002
decision_type=8 10 8 10 2 8 2 2 8 10 8 10 2 10
left_child=1 -1 -2 4 8 -5 -7 -8 -4 10 -10 -11 13 -13
right_child=2 -3 3 5 -6 6 7 -9 9 11 -12 12 -14 -15
leaf_value=0.0053081914514258926 0.0057022685140665245 -0.0089168172808350779 0.0096067122100908561 -0.0069682684597329519 -0.012651221952731948 0.012864770787065086 0.0081251483848185091 -0.010083609493998221 -0.00053299460857016471 -0.012008019171508646 0.0050274802296463913 -0.013030508104183878 0.008485326443055996 6.8872429457045311e-05
leaf_weight=15.720040068030356 71.759923964738846 52.316930800676346 20.179967507719994 16.749423921108246 22.058511734008789 36.907439470291138 36.986609935760498 16.676031082868576 562.93698525428772 32.043327212333679 141.75834448635578 32.979185357689857 28.03927506506443 72.617776274681091
leaf_count=65 301 221 84 71 94 157 155 71 2355 134 590 138 117 303
internal_value=0.000195269 -0.00549172 0.000573118 0.000186187 -0.000347989 0.00454194 0.00692376 0.00208949 2.56866e-05 -0.000250056 0.000613104 -0.0038318 -0.00150894 -0.00442636
internal_weight=1159.73 68.037 1091.69 1019.93 912.613 107.32 90.5701 53.6626 890.555 870.375 704.695 165.68 133.636 105.597
internal_count=4856 286 4570 4269 3815 454 383 226 3721 3637 2945 692 558 441
is_linear=0
shrinkage=0.03


Tree=388
num_leaves=15
num_cat=0
split_feature=16 16 18 24 8 16 28 18 13 16 39 24 21 7
split_gain=3.1492 3.99207 2.96734 5.05906 4.36565 4.04941 4.03206 3.71137 3.63213 3.33191 3.05547 4.52816 2.90611 4.1983
threshold=-4.8499999999999988 -4.0499999999999989 -5.7749999999999995 -0.15419580419580417 -2.5499999999999994 -7.7499999999999991 9.5000000000000018 -7.8499999999999988 28.300000000000001 -10.249999999999998 700.62009423500365 0.29289215686274511 11.899229661791251 3.8737162520133279
decision_type=10 10 8 10 8 10 2 10 10 8 2 8 10 2
left_child=2 -2 7 5 8 -4 9 -1 -5 -6 -11 -12 13 -3
right_child=1 12 3 4 6 -7 -8 -9 -10 10 11 -13 -14 -15
leaf_value=-0.0048183261902056589 0.009081277543898687 -0.003162563656054009 -0.0012699044345306576 0.0099364532993284349 0.0032837592442462155 -0.019250567476338562 0.0082399285558855916 0.013744352363430688 -0.005941129857275065 -0.0027747772490423588 -0.0040405341996243493 -0.023864373522707868 0.0017109843359631974 0.0076299712741865157
leaf_weight=14.732194840908052 46.144191309809685 269.135377779603 18.912253767251968 37.152724429965019 19.970623940229416 25.945501089096069 14.014238342642782 15.481675177812575 14.809818908572195 36.656062185764313 22.357698738574985 19.384024679660794 568.17385253310204 31.991249784827232
leaf_count=63 193 1123 80 155 85 108 60 65 64 156 94 83 2379 133
internal_value=0.000131531 0.000934785 -0.00289612 -0.00417497 -0.00158378 -0.0125574 -0.00485048 0.00529426 0.00528691 -0.00702379 -0.00968893 -0.0148144 0.000452891 -0.00191009
internal_weight=1154.86 915.445 239.417 209.203 164.345 44.8578 112.383 30.2139 51.9625 98.3684 78.3978 41.7417 869.3 301.127
internal_count=4841 3828 1013 885 697 188 478 128 219 418 333 177 3635 1256
is_linear=0
shrinkage=0.03


Tree=389
num_leaves=15
num_cat=0
split_feature=20 20 24 21 18 23 15 11 3 23 13 39 24 1
split_gain=2.13441 5.18897 3.26755 7.11864 4.54126 4.14319 4.40554 5.50616 4.17169 3.24447 3.39566 5.30778 5.32758 4.92729
threshold=17.972200659908836 14.560219778561033 0.45804195804195813 11.832394326612141 0.55000000000000016 0.53708791208791218 -0.63333333333333319 15.450000000000001 0.024568946653705685 0.63245614035087727 17.700000000000006 1225.4827707442839 -0.18465909090909091 44.250000000000007
decision_type=10 8 8 8 10 10 10 8 2 10 10 2 10 2
left_child=1 -1 5 -4 -5 6 7 -3 -9 -7 -11 12 13 -12
right_child=-2 2 3 4 -6 9 -8 8 -10 10 11 -13 -14 -15
leaf_value=-0.0010416112792183858 -0.0038421253843276878 0.016081613671202779 -0.018005034170211449 -0.0059048543907244946 0.01299973470310146 -0.0056676190695846493 0.013941728298638763 0.0077105628268377769 -0.0081015705335621101 0.01267914590597523 -6.7491180149782673e-05 -0.010449367362015387 -0.0065874181121499337 0.020626631442182908
leaf_weight=712.33739078044891 114.44421403110027 15.673965722322462 14.433902651071547 18.074457511305809 18.502658039331436 39.825175702571869 63.34021107852459 19.942999348044395 33.210275202989578 24.216123431921005 18.338883906602859 22.049349308013916 18.18914432823658 18.689644277095795
leaf_count=2982 479 66 61 78 78 165 266 84 140 102 77 93 75 78
internal_value=-4.38342e-05 0.000391847 0.00350673 -0.00322492 0.0040714 0.00479774 0.00851523 0.00291535 -0.00201603 0.00114854 0.00396394 0.000627921 0.00555162 0.0115889
internal_weight=1151.27 1036.82 324.487 51.011 36.5771 273.476 132.167 68.8272 53.1533 141.308 101.483 77.267 55.2177 37.0285
internal_count=4824 4345 1363 217 156 1146 556 290 224 590 425 323 230 155
is_linear=0
shrinkage=0.03


Tree=390
num_leaves=15
num_cat=0
split_feature=12 12 17 17 17 25 25 27 28 39 12 39 39 24
split_gain=2.46447 3.67355 2.04127 2.08987 4.68262 2.39075 2.9112 6.4955 3.66503 3.317 5.82516 3.51434 2.39154 6.62544
threshold=34.70000000000001 32.900000000000006 -21.462499999999995 -16.149999999999995 -14.349999999999996 -15.121428571428568 -7.1909090909090905 15.500000000000002 7.5000000000000009 357.45334217460351 23.500000000000004 773.19596020360098 1209.0879194799502 0.17956349206349212
decision_type=10 10 10 10 10 8 8 2 2 2 10 2 2 10
left_child=1 2 -1 -4 -5 -6 7 8 9 -7 11 -11 -8 -14
right_child=-2 -3 3 4 5 6 12 -9 -10 10 -12 -13 13 -15
leaf_value=0.010966748173695974 -0.0087696284070316599 0.011865736625561353 -0.0084462307732740341 0.014589979672569739 0.0086962539798357379 0.0029222374849341933 -0.00025507490844738838 0.0098168766903757119 0.0047489609914329461 -0.025967391137402509 0.00064740550091119651 -0.0088137473870926256 0.0062425014668750665 -0.0040235546878230428
leaf_weight=11.828176006674765 19.454860240221024 21.672878071665764 18.371567711234093 16.185657039284706 24.985818386077881 15.065381720662115 655.48589545488358 20.937419891357422 17.270003348588943 19.379004716873169 24.410076662898064 34.614285051822662 179.80976717174053 77.49428479373455
leaf_count=51 81 93 77 69 105 63 2738 88 72 82 102 147 752 328
internal_value=0.000661101 0.000860068 0.000594327 0.000434255 0.000622567 0.000344265 0.000103988 -0.00398131 -0.00690153 -0.00918599 -0.0115483 -0.0166495 0.000711799 0.00313283
internal_weight=1156.97 1137.51 1115.84 1104.01 1085.64 1069.45 1044.47 131.676 110.739 93.4687 78.4034 53.9933 912.79 257.304
internal_count=4848 4767 4674 4623 4546 4477 4372 554 466 394 331 229 3818 1080
is_linear=0
shrinkage=0.03


Tree=391
num_leaves=15
num_cat=0
split_feature=14 14 35 18 17 25 10 3 17 17 21 12 25 17
split_gain=2.71364 3.16593 3.65571 3.09106 2.97043 4.02135 4.32992 4.42764 2.78861 6.00978 5.51073 2.957 5.11308 3.13813
threshold=14.900000000000002 15.900000000000002 1.0000000180025095e-35 -3.8499999999999992 -14.749999999999998 -15.121428571428568 -12.899999999999997 0.025809356315754321 -9.1499999999999968 -5.487499999999998 13.598406755613762 25.266666666666669 2.0333333333333337 -7.6499999999999986
decision_type=8 8 2 10 8 8 8 2 8 8 8 10 8 10
left_child=3 2 -2 -1 -3 -6 7 -7 10 11 -8 13 -13 -10
right_child=1 4 -4 -5 5 6 8 -9 9 -11 -12 12 -14 -15
leaf_value=0.0045345681065538292 0.014303474560517001 0.0090571552875824066 -0.0032788493693402853 -0.0083809164094670631 0.010056381651720783 -0.012250127476820378 -0.01710383250179718 0.0036653925385846963 0.00083836015800580973 -0.00088249689246800475 0.0033591724341953326 -0.0090523319585507946 0.011029922593831648 0.015591387517439785
leaf_weight=18.297831207513809 23.354383036494255 24.35686968266964 14.522975474596022 65.767463654279709 25.800144091248512 50.439798250794411 20.033480659127235 19.28118047118187 19.589440956711769 778.85612525045872 19.875268995761871 19.954819470643997 16.023739755153656 37.230378776788712
leaf_count=78 100 103 61 277 109 213 84 81 82 3258 83 84 67 155
internal_value=-0.000441768 -2.26063e-05 0.00796582 -0.00547296 -0.000352977 -0.000624186 -0.00095456 -0.00789798 -0.000383304 -7.65943e-06 -0.00767352 0.00700457 0.000146196 0.0109843
internal_weight=1153.38 1069.32 37.8774 84.0653 1031.44 1007.08 981.284 69.721 911.563 871.655 39.9087 92.7984 35.9786 56.8198
internal_count=4835 4480 161 355 4319 4216 4107 294 3813 3646 167 388 151 237
is_linear=0
shrinkage=0.03


Tree=392
num_leaves=15
num_cat=0
split_feature=1 1 42 15 24 7 19 19 22 21 7 22 15 39
split_gain=2.08357 2.82615 2.26081 5.05533 2.40955 3.35173 4.53497 5.9455 5.57292 4.4258 2.99869 3.36058 5.60507 5.55619
threshold=54.250000000000007 52.750000000000007 18.500000000000004 0.55000000000000016 -0.46547619047619043 3.0684986278695541 0.65000000000000002 -2.3499999999999992 1.0000000180025095e-35 15.334239094052078 7.4403483816687794 0.31009615384615391 -5.0499999999999989 545.65895236668518
decision_type=2 2 10 10 10 2 8 10 8 10 2 10 8 2
left_child=1 2 4 -4 5 6 7 -1 -8 -10 11 12 -6 -14
right_child=-2 -3 3 -5 10 -7 8 -9 9 -11 -12 -13 13 -15
leaf_value=0.0025135068693401372 0.0075892372385592023 -0.0098126108971519684 -0.0043685158345428765 0.016807651321125307 0.002582294036965345 0.011295818799833759 -0.0067789354649350486 -0.013974703845426888 0.016343859070445024 -0.0011985003761559223 -0.012719219608047923 -0.00010646827174172051 0.00062779452971163327 -0.0141372889138948
leaf_weight=44.003834024071693 23.728987351059914 24.16282694041729 16.498299077153206 15.965478032827376 54.677602767944336 27.606114700436592 19.371977373957634 28.883627980947495 33.967070877552032 18.414618417620659 15.001374274492262 734.19699411094189 34.156897187232971 62.365558534860611
leaf_count=185 99 102 70 67 228 119 81 122 142 78 63 3072 144 264
internal_value=-0.000392819 -0.000593258 -0.000348391 0.00689906 -0.000598729 0.00260407 0.000623168 -0.00449806 0.00577945 0.0106098 -0.00122242 -0.000957303 -0.00495313 -0.00913871
internal_weight=1153 1129.27 1105.11 32.4638 1072.65 172.247 144.641 72.8875 71.7537 52.3817 900.398 885.397 151.2 96.5225
internal_count=4836 4737 4635 137 4498 727 608 307 301 220 3771 3708 636 408
is_linear=0
shrinkage=0.03


Tree=393
num_leaves=15
num_cat=0
split_feature=39 20 20 3 41 24 24 0 39 24 39 20 20 10
split_gain=2.8578 4.39559 5.63112 6.27422 4.45467 5.62937 3.57027 5.70716 3.52289 3.16477 3.0709 3.01285 3.60093 3.97489
threshold=414.51426689660474 18.155195154861627 15.459265470548367 0.029425085251491904 56.500000000000007 0.19821428571428576 -0.055555555555555546 2.7500000000000004 255.06681557926106 0.10000000000000001 178.36753681358059 17.627787390030171 16.193448605789712 -10.699999999999998
decision_type=2 10 10 2 10 10 8 2 2 8 2 8 10 10
left_child=1 2 3 4 5 10 -6 -8 -9 -4 -1 12 -2 -14
right_child=11 -3 9 -5 6 -7 7 8 -10 -11 -12 -13 13 -15
leaf_value=0.00065859608090414927 -0.00064546505001213952 -0.0097672584967537709 0.018694217603089588 0.012341887517552445 0.010585795935858964 0.0063474500529234696 -0.013049337814567755 -0.0033895461930871576 0.014146851246345881 0.0024519840197309612 -0.014301579846855643 0.0035020383319566799 0.0048418022187911598 -0.010088702080480063
leaf_weight=16.152170330286026 688.66729912161827 18.203444197773933 26.849286437034607 34.73828113079071 34.087677538394928 21.265009850263596 17.999219626188278 17.069228902459145 16.175987794995308 18.919552952051163 42.162485510110855 127.57811729609966 17.232802405953407 68.870948672294617
leaf_count=67 2890 76 112 145 142 89 76 72 67 80 177 535 73 288
internal_value=0.000120726 0.00283828 0.00394962 0.001637 -0.000914787 -0.00583889 0.00374638 -0.00133979 0.00587705 0.0128829 -0.0104331 -0.000684477 -0.00139189 -0.00699878
internal_weight=1165.97 263.622 245.419 199.65 164.912 79.5797 85.3321 51.2444 33.2452 45.7688 58.3147 902.349 774.771 86.1038
internal_count=4889 1103 1027 835 690 333 357 215 139 192 244 3786 3251 361
is_linear=0
shrinkage=0.03


Tree=394
num_leaves=15
num_cat=0
split_feature=15 22 1 0 19 10 10 15 15 16 3 16 16 42
split_gain=2.43778 3.02188 5.31776 4.38251 3.89974 3.74812 3.65986 3.07621 4.30684 2.48276 2.36958 6.05926 4.93588 4.64032
threshold=14.15 0.81534090909090928 50.250000000000007 13.250000000000002 1.3500000000000003 9.1000000000000032 19.100000000000005 10.65 8.3500000000000032 -11.549999999999999 0.025146607476110087 -2.4499999999999997 2.4500000000000006 13.500000000000002
decision_type=8 10 2 2 10 10 10 10 10 8 2 8 10 8
left_child=1 3 4 6 -3 -6 7 8 9 -1 11 -11 -12 -13
right_child=-2 2 -4 -5 5 -7 -8 -9 -10 10 12 13 -14 -15
leaf_value=-0.0091755850573846578 -0.0097178493665842757 0.01249553562953927 -0.0080600315095757675 -0.011182584747047501 -0.0066734836084557814 0.009969288826475485 0.011965269014450653 0.011645444601714528 -0.0098283927253086639 0.0057266748268056025 -0.0049599428870806322 0.00082786947729638054 0.0038721916229976952 -0.0076304121992615956
leaf_weight=19.073544025421143 15.766060575842856 58.65521351993084 18.740125149488449 24.981644108891487 23.589175835251808 16.227811992168427 19.27303247153759 15.578673273324965 34.110025033354759 205.30642907321453 159.28955598175526 387.54069048166275 82.705885380506516 63.590321123600006
leaf_count=82 69 248 79 106 99 69 83 65 142 859 665 1619 348 268
internal_value=0.000472696 0.000657278 0.0051132 0.000118289 0.00788852 0.000464931 0.000459427 0.000169795 -7.79558e-05 0.00033584 0.00058743 0.00152086 -0.00192414 -0.000434963
internal_weight=1144.43 1128.66 117.212 1011.45 98.4722 39.817 986.468 967.195 951.616 917.506 898.433 656.437 241.995 451.131
internal_count=4801 4732 495 4237 416 168 4131 4048 3983 3841 3759 2746 1013 1887
is_linear=0
shrinkage=0.03


Tree=395
num_leaves=15
num_cat=0
split_feature=27 25 3 3 20 18 27 4 1 18 18 41 8 41
split_gain=2.08063 5.25493 4.27898 5.39996 5.56924 5.05007 5.82177 4.43103 4.48296 3.96446 4.85317 3.84386 3.15444 3.02287
threshold=13.500000000000002 11.029411764705884 0.029046748587235997 0.024725274725274752 11.508692364545313 -3.6499999999999999 15.500000000000002 193.0613050571333 37.750000000000007 4.8500000000000005 -3.6499999999999999 55.500000000000007 1.3 67.500000000000014
decision_type=2 10 2 2 10 10 2 2 2 10 10 10 10 8
left_child=-1 2 3 4 5 -2 -7 8 -6 10 -10 12 -4 -5
right_child=1 -3 11 13 7 6 -8 -9 9 -11 -12 -13 -14 -15
leaf_value=-0.00065557423310286841 0.008820816849679277 -0.011543767963000103 -0.0056038215356857338 -0.01080597946147302 -0.0081646277820949988 0.0041852381474476556 -0.01764164827583287 0.018132267674702919 -0.00028145199287629323 -0.0038439728334412077 0.015328742704242559 0.017647383984049893 0.010728105588055712 0.002397898178051569
leaf_weight=811.15390250086784 15.068038403987883 18.634870126843452 17.421598091721535 38.105219468474388 17.588070064783096 15.336863175034521 23.392494514584541 21.735852912068367 27.147897019982338 21.66497141122818 46.762883365154266 26.267852053046227 15.64630578458309 22.03363148868084
leaf_count=3405 62 79 72 160 75 64 98 92 113 90 195 110 66 92
internal_value=0.000159499 0.00216195 0.0031618 0.00134946 0.00383853 -0.00406071 -0.00950793 0.00702125 0.00421017 0.00678009 0.00994049 0.0100666 0.00251785 -0.00615562
internal_weight=1137.96 326.807 308.172 248.836 188.697 53.7974 38.7294 134.9 113.164 95.5758 73.9108 59.3358 33.0679 60.1389
internal_count=4773 1368 1289 1041 789 224 162 565 473 398 308 248 138 252
is_linear=0
shrinkage=0.03


Tree=396
num_leaves=15
num_cat=0
split_feature=18 26 22 8 12 12 13 7 17 17 27 11 19 8
split_gain=2.3247 5.27968 5.55225 4.54633 4.17366 5.3253 7.10892 5.77476 4.11973 4.58386 4.04119 3.7264 3.09279 2.58978
threshold=-1.6833333333333331 -5.1483516483516478 0.73030303030303034 7.5000000000000009 24.300000000000001 27.675000000000004 22.450000000000003 1.6819401227384381 2.850000000000001 7.3500000000000014 11.500000000000002 20.100000000000005 0.75000000000000011 1.0000000180025095e-35
decision_type=10 8 10 10 10 10 10 2 10 10 2 8 10 10
left_child=1 10 3 4 8 6 -6 -7 12 -10 -1 -4 13 -3
right_child=-2 2 11 -5 5 7 -8 -9 9 -11 -12 -13 -14 -15
leaf_value=-0.013544385348104674 0.0005149582469838594 0.0055315279896443028 0.003641523552169772 0.012162529392323299 -0.017300243096450636 -0.006104398506425762 0.0050274046761032802 0.012943337178336338 -0.010804005661508105 0.0068518177863464095 -0.00019962133780684077 -0.012195148680386651 -0.0027976019699798254 0.01862494843054853
leaf_weight=52.103074535727501 737.54398283362389 55.644906401634216 15.47082783281803 26.247163683176041 36.692034959793091 27.446740716695786 15.837795197963713 20.917174756526947 27.403139904141426 17.986934423446655 32.031181991100311 46.357055246829987 21.162646606564522 16.949576005339622
leaf_count=221 3092 233 65 109 154 114 66 89 114 75 134 195 89 70
internal_value=-0.000494285 -0.00228442 -0.000517412 0.00139853 -2.61503e-06 -0.00452468 -0.0107166 0.00257453 0.00331949 -0.00382181 -0.00876002 -0.00825646 0.00679522 0.00959177
internal_weight=1149.79 412.25 328.116 266.288 240.041 100.894 52.5298 48.3639 139.147 45.3901 84.1343 61.8279 93.7571 72.5945
internal_count=4820 1728 1373 1113 1004 423 220 203 581 189 355 260 392 303
is_linear=0
shrinkage=0.03


Tree=397
num_leaves=15
num_cat=0
split_feature=19 7 26 12 41 14 14 18 24 41 14 10 3 21
split_gain=2.42294 4.30976 4.58291 4.41144 3.93808 6.42364 5.19077 3.94421 3.89459 5.92504 4.88806 3.46275 4.1416 6.30562
threshold=4.4500000000000011 -3.7372007672302829 4.6125000000000007 22.100000000000005 64.500000000000014 14.500000000000002 25.100000000000005 -4.4499999999999993 0.092238171185539633 57.500000000000007 21.633333333333336 12.300000000000002 0.025095986820182551 11.68023015029385
decision_type=10 2 8 8 10 8 8 10 8 8 10 8 2 10
left_child=1 2 3 -1 6 -6 8 -7 10 -10 -3 12 -9 -14
right_child=-2 4 -4 -5 5 7 -8 11 9 -11 -12 -13 13 -15
leaf_value=-0.0058257360704298969 0.0019664643242435498 -0.0010735858138253272 0.0020696108230164093 -0.0237210598643443 -0.010794923947174405 -0.0029278431970712303 -0.0099152754261472003 0.008069446129687987 -0.00083129014090294127 -0.015832467177750911 0.0096121744404753066 -0.0046600943148742196 0.010017025887426133 -0.0068091749378881624
leaf_weight=47.755661651492119 299.36459611356258 145.32854710519314 31.733724594116211 14.637907698750494 29.002042233943939 79.122028023004532 65.543700635433197 177.72124935686588 82.392792314291 28.61198191344738 47.031643018126488 29.371364593505859 27.735063895583153 46.715581819415092
leaf_count=204 1253 609 134 63 123 334 276 743 345 120 195 124 115 197
internal_value=-0.000334848 -0.00114954 -0.00703286 -0.0114725 -0.000378241 0.00171463 -0.00258224 0.00285441 -0.000862818 -0.00521366 0.00171639 0.00450212 0.00563913 -0.000305
internal_weight=1152.07 852.703 94.1273 62.3936 758.576 389.667 368.909 360.665 303.365 111.005 192.36 281.543 252.172 74.4506
internal_count=4835 3582 401 267 3181 1636 1545 1513 1269 465 804 1179 1055 312
is_linear=0
shrinkage=0.03


Tree=398
num_leaves=15
num_cat=0
split_feature=41 1 10 22 17 26 10 26 27 22 15 15 17 17
split_gain=1.97262 2.0631 1.90893 4.99499 3.36853 4.42966 3.10081 6.41379 3.14368 2.58291 5.45747 3.87022 3.39038 5.65035
threshold=25.500000000000004 54.250000000000007 -17.774999999999995 0.11324786324786326 -13.349999999999996 9.8944444444444475 -13.374999999999998 6.8062500000000012 8.5000000000000018 0.13484848484848486 -5.5499999999999989 -4.3499999999999988 -5.2499999999999991 -7.4499999999999984
decision_type=8 2 10 8 10 8 10 10 2 8 10 10 10 10
left_child=-1 2 3 -2 5 -5 7 -4 -9 10 -8 12 13 -11
right_child=1 -3 6 4 -6 -7 9 8 -10 11 -12 -13 -14 -15
leaf_value=-0.006948285565573831 -0.008588832225948308 0.0082828862056564465 0.0021144443781791716 -0.0078068969090516029 0.017795744334306821 0.011945956322903373 0.016406065505596167 -0.0040467751579151053 -0.023570401564921871 -0.005489799349855334 -0.00029748005454140192 0.00072022326116251965 -0.0090230568657951801 0.011510156951132817
leaf_weight=28.927929863333702 14.436152562499045 24.067601516842842 38.960349470376968 15.507455870509146 19.072657391428951 15.620131909847258 22.162203162908554 16.110715195536617 14.392259508371351 48.152285575866699 49.53573340177536 755.64522279798985 70.602947443723679 21.305393472313881
leaf_count=121 62 100 164 66 82 68 93 68 60 201 210 3162 298 89
internal_value=0.000180419 0.00039355 0.000184521 0.00499286 0.00932276 0.00238675 -0.000137745 -0.00603736 -0.0152808 0.000314736 0.00559861 -0.00013695 -0.00462693 0.000147518
internal_weight=1154.5 1125.57 1101.5 64.6364 50.2002 31.1276 1036.87 69.4633 30.503 967.404 71.6979 895.706 140.061 69.4577
internal_count=4844 4723 4623 278 216 134 4345 292 128 4053 303 3750 588 290
is_linear=0
shrinkage=0.03


Tree=399
num_leaves=15
num_cat=0
split_feature=42 5 5 5 23 25 11 25 15 22 18 39 15 15
split_gain=2.83038 3.17121 6.35513 3.09601 4.36281 3.71468 4.56416 3.03665 5.91754 4.64675 3.98445 3.99333 3.66592 2.88734
threshold=18.500000000000004 0.60700241782051845 0.59074208123989602 0.63854521153843447 0.72902097902097907 -7.3205128205128194 19.100000000000005 -6.345238095238094 -4.9499999999999993 0.23205128205128209 1.2500000000000002 256.79052925807713 -5.8499999999999988 -4.3499999999999988
decision_type=10 2 2 2 8 8 10 8 10 10 8 2 10 10
left_child=1 2 7 4 -3 -5 -7 8 12 -10 11 -9 -1 -8
right_child=-2 3 -4 5 -6 6 13 10 9 -11 -12 -13 -14 -15
leaf_value=-0.0011409775824936248 0.0079989132188486769 -0.01184101434648834 0.012309921044311499 -0.013069136491960212 0.0047799263391448488 0.0068702996755009042 -0.010039919531661751 -0.0053849838035504088 -0.014654919981470536 0.00016142369966379094 -0.0019300250123229406 0.0053990424336204899 0.013482444902592936 -0.0010665314925353811
leaf_weight=66.630703344941139 30.55979460477829 53.872885808348656 35.594527184963226 18.132711544632912 15.682490706443785 56.355309695005417 31.124619826674461 32.036467716097832 46.461107760667801 30.077101841568947 184.27522507309914 207.38226975500584 14.829886734485624 320.38690784573555
leaf_count=281 129 227 148 78 66 236 131 133 197 128 771 868 62 1345
internal_value=-0.000335748 -0.000599381 0.000833634 -0.00237491 -0.00802429 -0.00137011 -0.000698032 3.24606e-05 -0.00345321 -0.0091797 0.00135741 0.0038754 0.00214695 -0.00199075
internal_weight=1143.4 1112.84 617.287 495.555 69.5554 426 407.867 581.693 157.999 76.5382 423.694 239.419 81.4606 351.512
internal_count=4800 4671 2588 2083 293 1790 1712 2440 668 325 1772 1001 343 1476
is_linear=0
shrinkage=0.03


end of trees

feature_importances:
away_std_margin=281
home_roll_total_vs_line=269
travel_miles=263
home_std_margin=247
home_roll_ats=235
home_ppg_diff_std=226
away_roll_total_vs_line=222
away_roll_pf=218
away_ppg_diff_std=218
elo_vs_spread=207
market_vig=206
roll_margin_diff=195
home_roll_margin=189
away_roll_pa=188
home_winpct_std=185
roll_ats_diff=182
temp=179
total_line=176
home_roll_pa=168
winpct_diff=167
home_roll_pf=159
wind=156
away_roll_ats=153
away_winpct_std=140
elo_diff=130
away_roll_margin=120
market_home_prob=114
elo_home_prob=95
week=95
spread_line=45
div_game=38
away_rest=34
home_rest=31
away_qb_change=20
rest_diff=18
elo_spread=16
away_off_bye=6
indoor=3
home_qb_change=3
is_primetime=2
home_off_bye=1

parameters:
[boosting: gbdt]
[objective: binary]
[metric: binary_logloss]
[tree_learner: serial]
[device_type: cpu]
[data_sample_strategy: bagging]
[data: ]
[valid: ]
[num_iterations: 400]
[learning_rate: 0.03]
[num_leaves: 15]
[num_threads: 0]
[seed: 17]
[deterministic: 0]
[force_col_wise: 0]
[force_row_wise: 0]
[histogram_pool_size: -1]
[max_depth: -1]
[min_data_in_leaf: 60]
[min_sum_hessian_in_leaf: 0.001]
[bagging_fraction: 0.8]
[pos_bagging_fraction: 1]
[neg_bagging_fraction: 1]
[bagging_freq: 1]
[bagging_seed: 26602]
[bagging_by_query: 0]
[feature_fraction: 0.7]
[feature_fraction_bynode: 1]
[feature_fraction_seed: 18297]
[extra_trees: 0]
[extra_seed: 13015]
[early_stopping_round: 0]
[early_stopping_min_delta: 0]
[first_metric_only: 0]
[max_delta_step: 0]
[lambda_l1: 0]
[lambda_l2: 5]
[linear_lambda: 0]
[min_gain_to_split: 0]
[drop_rate: 0.1]
[max_drop: 50]
[skip_drop: 0.5]
[xgboost_dart_mode: 0]
[uniform_drop: 0]
[drop_seed: 30017]
[top_rate: 0.2]
[other_rate: 0.1]
[min_data_per_group: 100]
[max_cat_threshold: 32]
[cat_l2: 10]
[cat_smooth: 10]
[max_cat_to_onehot: 4]
[top_k: 20]
[monotone_constraints: ]
[monotone_constraints_method: basic]
[monotone_penalty: 0]
[feature_contri: ]
[forcedsplits_filename: ]
[refit_decay_rate: 0.9]
[cegb_tradeoff: 1]
[cegb_penalty_split: 0]
[cegb_penalty_feature_lazy: ]
[cegb_penalty_feature_coupled: ]
[path_smooth: 0]
[interaction_constraints: ]
[verbosity: -1]
[saved_feature_importance_type: 0]
[use_quantized_grad: 0]
[num_grad_quant_bins: 4]
[quant_train_renew_leaf: 0]
[stochastic_rounding: 1]
[linear_tree: 0]
[max_bin: 255]
[max_bin_by_feature: ]
[min_data_in_bin: 3]
[bin_construct_sample_cnt: 200000]
[data_random_seed: 94]
[is_enable_sparse: 1]
[enable_bundle: 1]
[use_missing: 1]
[zero_as_missing: 0]
[feature_pre_filter: 1]
[pre_partition: 0]
[two_round: 0]
[header: 0]
[label_column: ]
[weight_column: ]
[group_column: ]
[ignore_column: ]
[categorical_feature: ]
[forcedbins_filename: ]
[precise_float_parser: 0]
[parser_config_file: ]
[objective_seed: 20363]
[num_class: 1]
[is_unbalance: 0]
[scale_pos_weight: 1]
[sigmoid: 1]
[boost_from_average: 1]
[reg_sqrt: 0]
[alpha: 0.9]
[fair_c: 1]
[poisson_max_delta_step: 0.7]
[tweedie_variance_power: 1.5]
[lambdarank_truncation_level: 30]
[lambdarank_norm: 1]
[label_gain: ]
[lambdarank_position_bias_regularization: 0]
[eval_at: ]
[multi_error_top_k: 1]
[auc_mu_weights: ]
[num_machines: 1]
[local_listen_port: 12400]
[time_out: 120]
[machine_list_filename: ]
[machines: ]
[gpu_platform_id: -1]
[gpu_device_id: -1]
[gpu_device_id_list: ]
[gpu_use_dp: 0]
[num_gpu: 1]

end of parameters

pandas_categorical:[]
