game_id,season,week,gameday,game_type,home_team,away_team,home_score,away_score,spread_line,total_line,margin,ats_margin_home,total_margin,elo_home_prob,market_home_prob,over,prob_raw,prob,market_prob,prob_stacked,stack_w_market,stack_w_model,target,y
2010_01_MIN_NO,2010,1,2010-09-09,REG,NO,MIN,14.0,9.0,4.5,48.5,5.0,0.5,-25.5,0.6648932495155728,0.6712553934662009,0.0,0.39925628858151596,0.48246979825161024,0.5,0.48246979825161024,,,total,0
2010_01_MIA_BUF,2010,1,2010-09-12,REG,BUF,MIA,10.0,15.0,-3.0,39.5,-5.0,-2.0,-14.5,0.57027797712324,0.4066985645933015,0.0,0.23104413015045352,0.4913958431964719,0.5,0.4913958431964719,,,total,0
2010_01_DET_CHI,2010,1,2010-09-12,REG,CHI,DET,19.0,14.0,6.5,44.5,5.0,-1.5,-11.5,0.8081412079203034,0.7194329592439458,0.0,0.3677856726743143,0.48396644034379277,0.5,0.48396644034379277,,,total,0
2010_01_IND_HOU,2010,1,2010-09-12,REG,HOU,IND,34.0,24.0,-1.0,47.5,10.0,11.0,10.5,0.4670581943347417,0.47377843762281124,1.0,0.1641385739499141,0.4961807779281045,0.5,0.4961807779281045,,,total,1
2010_01_DEN_JAX,2010,1,2010-09-12,REG,JAX,DEN,24.0,17.0,3.0,41.5,7.0,4.0,-0.5,0.5361777068738917,0.6332518337408314,0.0,0.5745613132311578,0.474506610845685,0.5,0.474506610845685,,,total,0
2010_01_CIN_NE,2010,1,2010-09-12,REG,NE,CIN,38.0,24.0,5.0,44.5,14.0,9.0,17.5,0.6860323716582906,0.6800775569558896,1.0,0.3023880218850854,0.48727424970457256,0.5,0.48727424970457256,,,total,1
2010_01_CAR_NYG,2010,1,2010-09-12,REG,NYG,CAR,31.0,18.0,5.5,40.5,13.0,7.5,8.5,0.4754566972451561,0.6891002194586686,1.0,0.4340956503984298,0.48085840318931455,0.5,0.48085840318931455,,,total,1
2010_01_GB_PHI,2010,1,2010-09-12,REG,PHI,GB,20.0,27.0,-3.0,47.5,-7.0,-4.0,-0.5,0.5907007469736183,0.43391066545123064,0.0,0.4354945875499637,0.480794445567562,0.5,0.480794445567562,,,total,0
2010_01_ATL_PIT,2010,1,2010-09-12,REG,PIT,ATL,15.0,9.0,-1.0,38.5,6.0,7.0,-14.5,0.6299938854492925,0.4837531945965681,0.0,0.2456430208581593,0.49049105950761046,0.5,0.49049105950761046,,,total,0
2010_01_ARI_STL,2010,1,2010-09-12,REG,STL,ARI,13.0,17.0,-3.0,39.5,-4.0,-1.0,-9.5,0.24068521849204455,0.3951262751461066,0.0,0.7584891284048151,0.46504585392097214,0.5,0.46504585392097214,,,total,0
2010_01_CLE_TB,2010,1,2010-09-12,REG,TB,CLE,17.0,14.0,2.5,37.0,3.0,0.5,-6.0,0.5666048064022132,0.5605012156349355,0.0,0.3049353645300353,0.4871387875355049,0.5,0.4871387875355049,,,total,0
2010_01_OAK_TEN,2010,1,2010-09-12,REG,TEN,OAK,38.0,13.0,6.5,39.5,25.0,18.5,11.5,0.7935362544518264,0.7086409898223908,1.0,0.465540214782065,0.4794305265425135,0.5,0.4794305265425135,,,total,1
2010_01_DAL_WAS,2010,1,2010-09-12,REG,WAS,DAL,13.0,7.0,-3.5,39.5,6.0,9.5,-19.5,0.32693357200525286,0.36674816625916873,0.0,0.2354222714929037,0.4911204603822091,0.5,0.4911204603822091,,,total,0
2010_01_SD_KC,2010,1,2010-09-13,REG,KC,SD,21.0,14.0,-4.0,45.5,7.0,11.0,-10.5,0.24901988455746968,0.3488372093023256,0.0,0.37870136159815765,0.48344194045024275,0.5,0.48344194045024275,,,total,0
2010_01_BAL_NYJ,2010,1,2010-09-13,REG,NYJ,BAL,9.0,10.0,1.0,36.5,-1.0,-2.0,-17.5,0.5833733907306787,0.5305667495498585,0.0,0.2547155569865303,0.48994704042475495,0.5,0.48994704042475495,,,total,0
2010_02_ARI_ATL,2010,2,2010-09-19,REG,ATL,ARI,41.0,7.0,7.0,43.0,34.0,27.0,5.0,0.5516615756259015,0.7194329592439458,1.0,0.4638673005861203,0.47950606954386266,0.5,0.47950606954386266,,,total,1
2010_02_TB_CAR,2010,2,2010-09-19,REG,CAR,TB,7.0,20.0,4.0,38.0,-13.0,-17.0,-11.0,0.72619023920208,0.6611281154350678,0.0,0.5581849358827712,0.4752550685306387,0.5,0.4752550685306387,,,total,0
2010_02_BAL_CIN,2010,2,2010-09-19,REG,CIN,BAL,15.0,10.0,-2.5,39.5,5.0,7.5,-14.5,0.4016526897081744,0.4224502112251056,0.0,0.5381617584180609,0.4761626823860935,0.5,0.4761626823860935,,,total,0
2010_02_KC_CLE,2010,2,2010-09-19,REG,CLE,KC,14.0,16.0,3.0,38.0,-2.0,-5.0,-8.0,0.5772320178900753,0.6214728148657949,0.0,0.3080264460421344,0.48697526269579106,0.5,0.48697526269579106,,,total,0
2010_02_CHI_DAL,2010,2,2010-09-19,REG,DAL,CHI,20.0,27.0,7.0,41.0,-7.0,-14.0,6.0,0.7033488683503059,0.741037721131946,1.0,0.5387736436963013,0.4761350421087265,0.5,0.4761350421087265,,,total,1
2010_02_SEA_DEN,2010,2,2010-09-19,REG,DEN,SEA,31.0,14.0,3.5,41.0,17.0,13.5,4.0,0.6047297295135463,0.6214728148657949,1.0,0.42255405005305985,0.48138802852496276,0.5,0.48138802852496276,,,total,1
2010_02_PHI_DET,2010,2,2010-09-19,REG,DET,PHI,32.0,35.0,-6.5,41.0,-3.0,3.5,26.0,0.20738476354508523,0.28367938194109127,1.0,0.6174700664368783,0.47250562060858725,0.5,0.47250562060858725,,,total,1
2010_02_BUF_GB,2010,2,2010-09-19,REG,GB,BUF,34.0,7.0,12.5,43.0,27.0,14.5,-2.0,0.7641821467817729,0.8493622349166601,0.0,0.5720203045132585,0.47462318394997177,0.5,0.47462318394997177,,,total,0
2010_02_NYG_IND,2010,2,2010-09-19,REG,IND,NYG,38.0,14.0,4.0,47.5,24.0,20.0,4.5,0.6798543853244436,0.6585170519009588,1.0,0.3971704664728142,0.4825676147073262,0.5,0.4825676147073262,,,total,1
2010_02_MIA_MIN,2010,2,2010-09-19,REG,MIN,MIA,10.0,14.0,5.5,40.5,-4.0,-9.5,-16.5,0.6945324041782909,0.6733551096593561,0.0,0.5525357615288969,0.47551185747316516,0.5,0.47551185747316516,,,total,0
2010_02_NE_NYJ,2010,2,2010-09-19,REG,NYJ,NE,28.0,14.0,-3.0,39.5,14.0,17.0,2.5,0.5760921872632454,0.4066985645933015,1.0,0.37597052484617355,0.4835725773541609,0.5,0.4835725773541609,,,total,1
2010_02_STL_OAK,2010,2,2010-09-19,REG,OAK,STL,16.0,14.0,3.0,37.5,2.0,-1.0,-7.5,0.6795681150384815,0.6274614156466205,0.0,0.6060216210864996,0.47304639678540117,0.5,0.47304639678540117,,,total,0
2010_02_JAX_SD,2010,2,2010-09-19,REG,SD,JAX,38.0,13.0,7.0,45.5,25.0,18.0,5.5,0.7566908656368351,0.7319034852546917,1.0,0.5417321693158516,0.4760013247104649,0.5,0.4760013247104649,,,total,1
2010_02_PIT_TEN,2010,2,2010-09-19,REG,TEN,PIT,11.0,19.0,6.0,36.5,-8.0,-14.0,-6.5,0.5271703158505864,0.7050630837293135,0.0,0.4764001253770242,0.47894092788344395,0.5,0.47894092788344395,,,total,0
2010_02_HOU_WAS,2010,2,2010-09-19,REG,WAS,HOU,27.0,30.0,-2.5,43.0,-3.0,-0.5,14.0,0.3947470785735558,0.4259645555419216,1.0,0.36198047221439844,0.484248019944532,0.5,0.484248019944532,,,total,1
2010_02_NO_SF,2010,2,2010-09-20,REG,SF,NO,22.0,25.0,-4.5,43.5,-3.0,1.5,3.5,0.281596256089469,0.333350970950844,1.0,0.4700406958144824,0.479227473989675,0.5,0.479227473989675,,,total,1
2010_03_OAK_ARI,2010,3,2010-09-26,REG,ARI,OAK,24.0,23.0,5.5,38.5,1.0,-4.5,8.5,0.7702837207365733,0.6840292887820937,1.0,0.6778274053534913,0.469534115699982,0.5,0.469534115699982,,,total,1
2010_03_CLE_BAL,2010,3,2010-09-26,REG,BAL,CLE,24.0,17.0,12.0,36.5,7.0,-5.0,4.5,0.7935469237473783,0.8540944738281961,1.0,0.5565419489668005,0.475329818400637,0.5,0.475329818400637,,,total,1
2010_03_CIN_CAR,2010,3,2010-09-26,REG,CAR,CIN,7.0,20.0,-3.0,37.5,-13.0,-10.0,-10.5,0.581402433762572,0.3951262751461066,0.0,0.4696427956843754,0.4792454168157775,0.5,0.4792454168157775,,,total,0
2010_03_IND_DEN,2010,3,2010-09-26,REG,DEN,IND,13.0,27.0,-5.5,47.0,-14.0,-8.5,-7.0,0.35643549835713256,0.3003616251861306,0.0,0.6666814702181109,0.4701012885325029,0.5,0.4701012885325029,,,total,0
2010_03_DAL_HOU,2010,3,2010-09-26,REG,HOU,DAL,13.0,27.0,1.5,47.5,-14.0,-15.5,-7.5,0.6418446279213261,0.5539593349939177,0.0,0.41574445286483824,0.4817023160921751,0.5,0.4817023160921751,,,total,0
2010_03_PHI_JAX,2010,3,2010-09-26,REG,JAX,PHI,3.0,28.0,-2.0,45.0,-25.0,-23.0,-14.0,0.398001784487445,0.453954604539546,0.0,0.4067489852963376,0.482119815887566,0.5,0.482119815887566,,,total,0
2010_03_SF_KC,2010,3,2010-09-26,REG,KC,SF,31.0,10.0,-2.5,38.0,21.0,23.5,3.0,0.5499733891465896,0.43391066545123064,1.0,0.4139139481157649,0.48178705124177346,0.5,0.48178705124177346,,,total,1
2010_03_NYJ_MIA,2010,3,2010-09-26,REG,MIA,NYJ,23.0,31.0,1.0,35.5,-8.0,-9.0,18.5,0.45139127188134,0.5539593349939177,1.0,0.355428149830824,0.4845682118586863,0.5,0.4845682118586863,,,total,1
2010_03_DET_MIN,2010,3,2010-09-26,REG,MIN,DET,24.0,10.0,13.0,42.5,14.0,1.0,-8.5,0.8836258189746964,0.8460275097515911,0.0,0.5332544361423953,0.47638418213676464,0.5,0.47638418213676464,,,total,0
2010_03_BUF_NE,2010,3,2010-09-26,REG,NE,BUF,38.0,30.0,14.0,42.5,8.0,-6.0,25.5,0.745492488469468,0.8775252681454355,1.0,0.40047289113609613,0.48241282456404294,0.5,0.48241282456404294,,,total,1
2010_03_ATL_NO,2010,3,2010-09-26,REG,NO,ATL,24.0,27.0,3.0,49.5,-3.0,-6.0,1.5,0.7357508588764033,0.6172248803827751,1.0,0.46297139921562336,0.479546540719625,0.5,0.479546540719625,,,total,1
2010_03_TEN_NYG,2010,3,2010-09-26,REG,NYG,TEN,10.0,29.0,3.0,43.5,-19.0,-22.0,-4.5,0.5447096532719752,0.5810079557598683,0.0,0.5690582030000996,0.4747588595107243,0.5,0.4747588595107243,,,total,0
2010_03_SD_SEA,2010,3,2010-09-26,REG,SEA,SD,27.0,20.0,-3.5,44.0,7.0,10.5,3.0,0.2954694183885074,0.360293204124736,1.0,0.5195362257556673,0.4770020218284464,0.5,0.4770020218284464,,,total,1
2010_03_WAS_STL,2010,3,2010-09-26,REG,STL,WAS,30.0,16.0,-4.5,39.0,14.0,18.5,7.0,0.3436369711778009,0.32874460653379906,1.0,0.7156104454099418,0.46752817785670636,0.5,0.46752817785670636,,,total,1
2010_03_PIT_TB,2010,3,2010-09-26,REG,TB,PIT,13.0,38.0,-2.0,33.0,-25.0,-23.0,18.0,0.3748087389158078,0.43026174256005734,1.0,0.2718854277963918,0.48895123732063683,0.5,0.48895123732063683,,,total,1
2010_03_GB_CHI,2010,3,2010-09-27,REG,CHI,GB,20.0,17.0,-3.0,45.5,3.0,6.0,-8.5,0.42766138618511945,0.43026174256005734,0.0,0.46296771449437507,0.4795467071947762,0.5,0.4795467071947762,,,total,0
2010_04_SF_ATL,2010,4,2010-10-03,REG,ATL,SF,16.0,14.0,7.0,42.5,2.0,-5.0,-12.5,0.7740782680352188,0.7375648067347672,0.0,0.5609618552483335,0.47512859872075763,0.5,0.47512859872075763,,,total,0
2010_04_NYJ_BUF,2010,4,2010-10-03,REG,BUF,NYJ,14.0,38.0,-5.5,36.5,-24.0,-18.5,15.5,0.29702047068750426,0.3149976492712741,1.0,0.36086196706315454,0.48430249576996554,0.5,0.48430249576996554,,,total,1
2010_04_CIN_CLE,2010,4,2010-10-03,REG,CLE,CIN,23.0,20.0,-1.5,36.5,3.0,4.5,6.5,0.38250009760370507,0.478202846975089,1.0,0.5170338576319407,0.4771145604222833,0.5,0.4771145604222833,,,total,1
2010_04_DET_GB,2010,4,2010-10-03,REG,GB,DET,28.0,26.0,14.5,46.0,2.0,-12.5,8.0,0.9059771778813043,0.8935792834338417,1.0,0.3333976103237429,0.4856653589358597,0.5,0.4856653589358597,,,total,1
2010_04_IND_JAX,2010,4,2010-10-03,REG,JAX,IND,31.0,28.0,-7.0,45.5,3.0,10.0,13.5,0.26801749652689383,0.2756621575537115,1.0,0.4820749894050756,0.47868553274380204,0.5,0.47868553274380204,,,total,1
2010_04_CAR_NO,2010,4,2010-10-03,REG,NO,CAR,16.0,14.0,12.5,43.5,2.0,-10.5,-13.5,0.8016335192406226,0.8460275097515911,0.0,0.6522407239352424,0.47082237542347544,0.5,0.47082237542347544,,,total,0
2010_04_CHI_NYG,2010,4,2010-10-03,REG,NYG,CHI,17.0,3.0,3.5,44.0,14.0,10.5,-24.0,0.50659520271675,0.6438780948689375,0.0,0.28497539848021936,0.48821840976470754,0.5,0.48821840976470754,,,total,0
2010_04_HOU_OAK,2010,4,2010-10-03,REG,OAK,HOU,24.0,31.0,-3.5,43.5,-7.0,-3.5,11.5,0.30825567017076827,0.37253858435337944,1.0,0.4246426694168395,0.48129191186107556,0.5,0.48129191186107556,,,total,1
2010_04_WAS_PHI,2010,4,2010-10-03,REG,PHI,WAS,12.0,17.0,5.0,44.0,-5.0,-10.0,-15.0,0.8029462052714362,0.6891002194586686,0.0,0.3368376829035976,0.48549178265713333,0.5,0.48549178265713333,,,total,0
2010_04_BAL_PIT,2010,4,2010-10-03,REG,PIT,BAL,14.0,17.0,2.0,34.5,-3.0,-5.0,-3.5,0.6470869168610474,0.5399277029247453,0.0,0.5781196085354686,0.47434306721190084,0.5,0.47434306721190084,,,total,0
2010_04_ARI_SD,2010,4,2010-10-03,REG,SD,ARI,41.0,10.0,10.0,47.0,31.0,21.0,4.0,0.6593999885822556,0.8133748055987559,1.0,0.28775494214242503,0.4880654564211651,0.5,0.4880654564211651,,,total,1
2010_04_SEA_STL,2010,4,2010-10-03,REG,STL,SEA,20.0,3.0,-1.5,40.0,17.0,18.5,-17.0,0.39888626090008045,0.45801526717557256,0.0,0.5590209775203804,0.47521700998517535,0.5,0.47521700998517535,,,total,0
2010_04_DEN_TEN,2010,4,2010-10-03,REG,TEN,DEN,20.0,26.0,6.0,43.5,-6.0,-12.0,2.5,0.7305956036244499,0.7161241483724451,1.0,0.3297129326178628,0.4858522774896651,0.5,0.4858522774896651,,,total,1
2010_04_NE_MIA,2010,4,2010-10-04,REG,MIA,NE,14.0,41.0,1.0,48.0,-27.0,-28.0,7.0,0.47037801597830625,0.513948077676165,1.0,0.32742716855279835,0.485968765841092,0.5,0.485968765841092,,,total,1
2010_05_NO_ARI,2010,5,2010-10-10,REG,ARI,NO,30.0,20.0,-6.5,45.5,10.0,16.5,4.5,0.3429989427558057,0.277337559429477,1.0,0.7242896938185364,0.4670458623916947,0.5,0.4670458623916947,,,total,1
2010_05_DEN_BAL,2010,5,2010-10-10,REG,BAL,DEN,31.0,17.0,8.0,39.5,14.0,6.0,8.5,0.7427277445586389,0.7708082026537997,1.0,0.4623703190066639,0.4795736999226345,0.5,0.4795736999226345,,,total,1
2010_05_JAX_BUF,2010,5,2010-10-10,REG,BUF,JAX,26.0,36.0,2.5,41.5,-10.0,-12.5,20.5,0.5427543614917592,0.5539593349939177,1.0,0.6097961866659362,0.47286873448374794,0.5,0.47286873448374794,,,total,1
2010_05_CHI_CAR,2010,5,2010-10-10,REG,CAR,CHI,6.0,23.0,2.5,33.0,-17.0,-19.5,-4.0,0.5332156569409958,0.5697382574399427,0.0,0.5751908630586491,0.47447770191104516,0.5,0.47447770191104516,,,total,0
2010_05_TB_CIN,2010,5,2010-10-10,REG,CIN,TB,21.0,24.0,6.5,38.0,-3.0,-9.5,7.0,0.6680557347636802,0.722662440570523,1.0,0.4598572043730972,0.4796873082434081,0.5,0.4796873082434081,,,total,1
2010_05_ATL_CLE,2010,5,2010-10-10,REG,CLE,ATL,10.0,20.0,-3.0,41.5,-10.0,-7.0,-11.5,0.3362976578507986,0.39975399753997537,0.0,0.3484589833714744,0.484911709983793,0.5,0.484911709983793,,,total,0
2010_05_TEN_DAL,2010,5,2010-10-10,REG,DAL,TEN,27.0,34.0,6.5,43.5,-7.0,-13.5,17.5,0.6382186814591406,0.7319034852546917,1.0,0.7677394669513528,0.46447288218416305,0.5,0.46447288218416305,,,total,1
2010_05_STL_DET,2010,5,2010-10-10,REG,DET,STL,44.0,6.0,3.0,43.5,38.0,35.0,6.5,0.45694286593585864,0.5740354444580784,1.0,0.602795781825353,0.4731977646942185,0.5,0.4731977646942185,,,total,1
2010_05_NYG_HOU,2010,5,2010-10-10,REG,HOU,NYG,10.0,34.0,3.0,48.5,-24.0,-27.0,-4.5,0.6618327167807725,0.6214728148657949,0.0,0.2930749817807946,0.48777514071835354,0.5,0.48777514071835354,,,total,0
2010_05_KC_IND,2010,5,2010-10-10,REG,IND,KC,19.0,9.0,7.5,46.0,10.0,2.5,-18.0,0.7788045215810122,0.7618424496205181,0.0,0.5761937761240805,0.47443162530505584,0.5,0.47443162530505584,,,total,0
2010_05_SD_OAK,2010,5,2010-10-10,REG,OAK,SD,35.0,27.0,-7.0,44.0,8.0,15.0,18.0,0.2399926637810603,0.27418447694038245,1.0,0.5893258855631074,0.47382552230207625,0.5,0.47382552230207625,,,total,1
2010_05_PHI_SF,2010,5,2010-10-10,REG,SF,PHI,24.0,27.0,3.0,39.5,-3.0,-6.0,11.5,0.37998015276646036,0.6214728148657949,1.0,0.495823649248752,0.4780675585084341,0.5,0.4780675585084341,,,total,1
2010_05_GB_WAS,2010,5,2010-10-10,REG,WAS,GB,16.0,13.0,-2.5,45.5,3.0,5.5,-16.5,0.342722381990865,0.413907284768212,0.0,0.6370119652490565,0.47156796678548074,0.5,0.47156796678548074,,,total,0
2010_05_MIN_NYJ,2010,5,2010-10-11,REG,NYJ,MIN,29.0,20.0,4.0,38.0,9.0,5.0,11.0,0.6863149547131172,0.666649029049156,1.0,0.4981432953119659,0.47796335524140005,0.5,0.47796335524140005,,,total,1
2010_06_SEA_CHI,2010,6,2010-10-17,REG,CHI,SEA,20.0,23.0,6.0,37.5,-3.0,-9.0,5.5,0.7460849229662152,0.7024900830027668,1.0,0.5196776682698759,0.47699565956380346,0.5,0.47699565956380346,,,total,1
2010_06_NYJ_DEN,2010,6,2010-10-17,REG,DEN,NYJ,20.0,24.0,-3.5,43.0,-4.0,-0.5,1.0,0.3052241960704622,0.37253858435337944,1.0,0.4234668726526289,0.48134600549278317,0.5,0.48134600549278317,,,total,1
2010_06_MIA_GB,2010,6,2010-10-17,REG,GB,MIA,20.0,23.0,3.0,44.0,-3.0,-6.0,-1.0,0.7198800413582694,0.590044398353696,0.0,0.7004288158500988,0.4683512306488392,0.5,0.4683512306488392,,,total,0
2010_06_KC_HOU,2010,6,2010-10-17,REG,HOU,KC,35.0,31.0,4.5,45.5,4.0,-0.5,20.5,0.6755350984320022,0.6733551096593561,1.0,0.39555141480647277,0.4826436631851365,0.5,0.4826436631851365,,,total,1
2010_06_DAL_MIN,2010,6,2010-10-17,REG,MIN,DAL,24.0,21.0,1.0,43.5,3.0,2.0,1.5,0.5846759197764939,0.5399277029247453,1.0,0.5158425364257501,0.4771681244884122,0.5,0.4771681244884122,,,total,1
2010_06_BAL_NE,2010,6,2010-10-17,REG,NE,BAL,23.0,20.0,3.0,44.5,3.0,0.0,-1.5,0.5646866697865649,0.5679213219076544,0.0,0.5138891407489082,0.47725593677008266,0.5,0.47725593677008266,,,total,0
2010_06_DET_NYG,2010,6,2010-10-17,REG,NYG,DET,28.0,20.0,10.0,45.5,8.0,-2.0,2.5,0.8512736768051272,0.8133748055987559,1.0,0.3827226748425567,0.4832502400040808,0.5,0.4832502400040808,,,total,1
2010_06_ATL_PHI,2010,6,2010-10-17,REG,PHI,ATL,31.0,17.0,1.0,43.0,14.0,13.0,5.0,0.5314973719765348,0.5284039285250725,1.0,0.3241012639816647,0.48613901418381106,0.5,0.48613901418381106,,,total,1
2010_06_CLE_PIT,2010,6,2010-10-17,REG,PIT,CLE,28.0,10.0,14.0,37.5,18.0,4.0,0.5,0.83238947867424,0.8865979381443299,1.0,0.4600801783947142,0.47967722470849294,0.5,0.47967722470849294,,,total,1
2010_06_OAK_SF,2010,6,2010-10-17,REG,SF,OAK,17.0,9.0,9.0,40.5,8.0,-1.0,-14.5,0.6141659542595838,0.7590361445783131,0.0,0.29332182439322263,0.4877617462798551,0.5,0.4877617462798551,,,total,0
2010_06_SD_STL,2010,6,2010-10-17,REG,STL,SD,20.0,17.0,-9.5,44.5,3.0,12.5,-7.5,0.23565632908706816,0.22909286924380104,0.0,0.7064155887911953,0.4680296341233627,0.5,0.4680296341233627,,,total,0
2010_06_NO_TB,2010,6,2010-10-17,REG,TB,NO,6.0,31.0,-5.5,43.5,-25.0,-19.5,-6.5,0.35061780561821093,0.3199224430441105,0.0,0.5808150176066442,0.47421893913554114,0.5,0.47421893913554114,,,total,0
2010_06_IND_WAS,2010,6,2010-10-17,REG,WAS,IND,24.0,27.0,-3.0,44.5,-3.0,0.0,6.5,0.33067559389631673,0.39360687022900764,1.0,0.6402575688553149,0.4714102391440512,0.5,0.4714102391440512,,,total,1
2010_06_TEN_JAX,2010,6,2010-10-18,REG,JAX,TEN,3.0,30.0,-3.0,43.5,-27.0,-24.0,-10.5,0.4330481792740479,0.4259645555419216,0.0,0.43026582298683536,0.4810337501783345,0.5,0.4810337501783345,,,total,0
2010_07_CIN_ATL,2010,7,2010-10-24,REG,ATL,CIN,39.0,32.0,3.5,43.0,7.0,3.5,28.0,0.6853977559372496,0.6451127819548872,1.0,0.5022866422787022,0.477777238370033,0.5,0.477777238370033,,,total,1
2010_07_BUF_BAL,2010,7,2010-10-24,REG,BAL,BUF,37.0,34.0,12.0,39.5,3.0,-9.0,31.5,0.8341680166526269,0.8407590558624299,1.0,0.6634537745183718,0.47026374925344483,0.5,0.47026374925344483,,,total,1
2010_07_SF_CAR,2010,7,2010-10-24,REG,CAR,SF,23.0,20.0,-1.0,36.5,3.0,4.0,6.5,0.5967154558712439,0.45801526717557256,1.0,0.5677501255662266,0.4748187030295585,0.5,0.4748187030295585,,,total,1
2010_07_WAS_CHI,2010,7,2010-10-24,REG,CHI,WAS,14.0,17.0,3.0,40.5,-3.0,-6.0,-9.5,0.6656015714076804,0.6002460024600246,0.0,0.6496440772105196,0.4709505267895272,0.5,0.4709505267895272,,,total,0
2010_07_OAK_DEN,2010,7,2010-10-24,REG,DEN,OAK,14.0,59.0,7.0,43.0,-45.0,-52.0,30.0,0.698976917800435,0.7319034852546917,1.0,0.2998280089786899,0.48741104047976885,0.5,0.48741104047976885,,,total,1
2010_07_MIN_GB,2010,7,2010-10-24,REG,GB,MIN,28.0,24.0,2.5,43.5,4.0,1.5,8.5,0.56989611639188,0.5520062329567589,1.0,0.6202674885514773,0.47237257875876976,0.5,0.47237257875876976,,,total,1
2010_07_JAX_KC,2010,7,2010-10-24,REG,KC,JAX,42.0,20.0,9.0,38.5,22.0,13.0,23.5,0.5842934058857029,0.7868112762346318,1.0,0.3171899006693168,0.4864957549816315,0.5,0.4864957549816315,,,total,1
2010_07_PIT_MIA,2010,7,2010-10-24,REG,MIA,PIT,22.0,23.0,-3.0,40.5,-1.0,2.0,4.5,0.3875621365907784,0.42667230861454913,1.0,0.3004649227665993,0.487376945715306,0.5,0.487376945715306,,,total,1
2010_07_CLE_NO,2010,7,2010-10-24,REG,NO,CLE,17.0,30.0,12.0,44.0,-13.0,-25.0,3.0,0.8622674857728396,0.8367537313432836,1.0,0.43003828500409474,0.48104417986791403,0.5,0.48104417986791403,,,total,1
2010_07_NE_SD,2010,7,2010-10-24,REG,SD,NE,20.0,23.0,2.5,49.0,-3.0,-5.5,-6.0,0.46017139436188886,0.5419847328244275,0.0,0.6465320821686933,0.4711035424115224,0.5,0.4711035424115224,,,total,0
2010_07_ARI_SEA,2010,7,2010-10-24,REG,SEA,ARI,22.0,10.0,6.5,40.5,12.0,5.5,-8.5,0.4252255648323827,0.7163206180589087,0.0,0.30863635699940817,0.486943105463992,0.5,0.486943105463992,,,total,0
2010_07_STL_TB,2010,7,2010-10-24,REG,TB,STL,18.0,17.0,3.0,38.5,1.0,-2.0,-3.5,0.7313651366600709,0.6079011615003329,0.0,0.5639158188206917,0.47499387808665205,0.5,0.47499387808665205,,,total,0
2010_07_PHI_TEN,2010,7,2010-10-24,REG,TEN,PHI,37.0,19.0,3.0,41.0,18.0,15.0,15.0,0.5763581557156363,0.5733276913854508,1.0,0.48673524999762413,0.47847596628612193,0.5,0.47847596628612193,,,total,1
2010_07_NYG_DAL,2010,7,2010-10-25,REG,DAL,NYG,35.0,41.0,3.5,45.0,-6.0,-9.5,31.0,0.5592960023341951,0.6274614156466205,1.0,0.5557951245828316,0.47536377783317607,0.5,0.47536377783317607,,,total,1
2010_08_TB_ARI,2010,8,2010-10-31,REG,ARI,TB,35.0,38.0,3.0,38.0,-3.0,-6.0,35.0,0.6449763605558487,0.6200671122327297,1.0,0.7565034245510356,0.46516689161100766,0.5,0.46516689161100766,,,total,1
2010_08_MIA_CIN,2010,8,2010-10-31,REG,CIN,MIA,14.0,22.0,-1.0,43.0,-8.0,-7.0,-7.0,0.5693359362063316,0.4930284439486894,0.0,0.4577946211166649,0.479780620047581,0.5,0.479780620047581,,,total,0
2010_08_JAX_DAL,2010,8,2010-10-31,REG,DAL,JAX,17.0,35.0,6.5,43.5,-18.0,-24.5,8.5,0.721177155194746,0.7178851837477983,1.0,0.6605176271892561,0.47041087492975386,0.5,0.47041087492975386,,,total,1
2010_08_WAS_DET,2010,8,2010-10-31,REG,DET,WAS,37.0,25.0,2.5,44.5,12.0,9.5,17.5,0.341091572979864,0.5605012156349355,1.0,0.5811429980436703,0.474203820300028,0.5,0.474203820300028,,,total,1
2010_08_BUF_KC,2010,8,2010-10-31,REG,KC,BUF,13.0,10.0,7.0,45.0,3.0,-4.0,-22.0,0.6891862201387378,0.7464578672632363,0.0,0.2793555934256837,0.4885304370286368,0.5,0.4885304370286368,,,total,0
2010_08_MIN_NE,2010,8,2010-10-31,REG,NE,MIN,28.0,18.0,5.0,44.5,10.0,5.0,1.5,0.6877615437085465,0.6633577902460077,1.0,0.3162108069064952,0.4865466262466231,0.5,0.4865466262466231,,,total,1
2010_08_PIT_NO,2010,8,2010-10-31,REG,NO,PIT,20.0,10.0,1.0,45.0,10.0,9.0,-15.0,0.5277518999513642,0.5262215623771888,0.0,0.39352826365096316,0.4827388452962267,0.5,0.4827388452962267,,,total,0
2010_08_GB_NYJ,2010,8,2010-10-31,REG,NYJ,GB,0.0,9.0,6.5,41.5,-9.0,-15.5,-32.5,0.7079305613957342,0.7050630837293135,0.0,0.437151760393057,0.4807187431988343,0.5,0.4807187431988343,,,total,0
2010_08_SEA_OAK,2010,8,2010-10-31,REG,OAK,SEA,33.0,3.0,1.5,39.5,30.0,28.5,-3.5,0.5374166880892274,0.5284039285250725,0.0,0.6392301846636779,0.47146023330577924,0.5,0.47146023330577924,,,total,0
2010_08_TEN_SD,2010,8,2010-10-31,REG,SD,TEN,33.0,25.0,6.0,45.0,8.0,2.0,13.0,0.4522873870293881,0.6723085403948631,1.0,0.5115506340459766,0.4773610381984812,0.5,0.4773610381984812,,,total,1
2010_08_DEN_SF,2010,8,2010-10-31,REG,SF,DEN,24.0,16.0,2.0,41.0,8.0,6.0,-1.0,0.5195757653603391,0.5399277029247453,0.0,0.5863015371543465,0.4739655900555922,0.5,0.4739655900555922,,,total,0
2010_08_CAR_STL,2010,8,2010-10-31,REG,STL,CAR,20.0,10.0,2.5,38.0,10.0,7.5,-8.0,0.40233712283097034,0.5775497887748944,0.0,0.6140002426630555,0.47267013398096125,0.5,0.47267013398096125,,,total,0
2010_08_HOU_IND,2010,8,2010-11-01,REG,IND,HOU,30.0,17.0,5.5,50.5,13.0,7.5,-3.5,0.7203588850971029,0.6800775569558896,0.0,0.33793004934625726,0.4854368489913207,0.5,0.4854368489913207,,,total,0
2010_09_TB_ATL,2010,9,2010-11-07,REG,ATL,TB,27.0,21.0,10.0,44.5,6.0,-4.0,3.5,0.7318924485427052,0.8063320983496126,1.0,0.2563666959002271,0.48984942253419284,0.5,0.48984942253419284,,,total,1
2010_09_MIA_BAL,2010,9,2010-11-07,REG,BAL,MIA,26.0,10.0,5.0,40.5,16.0,11.0,-4.5,0.7067441792963746,0.6723085403948631,0.0,0.3576239370396291,0.48446062091214787,0.5,0.48446062091214787,,,total,0
2010_09_CHI_BUF,2010,9,2010-11-07,REG,BUF,CHI,19.0,22.0,-3.0,41.5,-3.0,0.0,-0.5,0.41063185172548033,0.4155887507302011,0.0,0.5095580684981533,0.4774505751835619,0.5,0.4774505751835619,,,total,0
2010_09_NO_CAR,2010,9,2010-11-07,REG,CAR,NO,3.0,34.0,-5.5,40.0,-31.0,-25.5,-3.0,0.2988393935426312,0.3069121964238057,0.0,0.5749642845730795,0.47448810766285926,0.5,0.47448810766285926,,,total,0
2010_09_NE_CLE,2010,9,2010-11-07,REG,CLE,NE,34.0,14.0,-4.0,44.0,20.0,24.0,4.0,0.29314163514820873,0.3488372093023256,1.0,0.4275654391779991,0.4811576174888146,0.5,0.4811576174888146,,,total,1
2010_09_NYJ_DET,2010,9,2010-11-07,REG,DET,NYJ,20.0,23.0,-5.5,42.5,-3.0,2.5,0.5,0.18873636317572148,0.3108997805413313,1.0,0.5940607953929505,0.47360560772412996,0.5,0.47360560772412996,,,total,1
2010_09_DAL_GB,2010,9,2010-11-07,REG,GB,DAL,45.0,7.0,7.0,46.0,38.0,31.0,6.0,0.7516916165609493,0.7470849462110238,1.0,0.4823019399118567,0.4786753239183333,0.5,0.4786753239183333,,,total,1
2010_09_SD_HOU,2010,9,2010-11-07,REG,HOU,SD,23.0,29.0,-3.0,50.0,-6.0,-3.0,2.0,0.5268574098200437,0.43762053107847504,1.0,0.6263966334044886,0.4720797522448898,0.5,0.4720797522448898,,,total,1
2010_09_ARI_MIN,2010,9,2010-11-07,REG,MIN,ARI,27.0,24.0,7.0,42.5,3.0,-4.0,8.5,0.6588667841800254,0.7464578672632363,1.0,0.4864034378802964,0.4784908833786772,0.5,0.4784908833786772,,,total,1
2010_09_KC_OAK,2010,9,2010-11-07,REG,OAK,KC,23.0,20.0,-1.0,41.0,3.0,4.0,2.0,0.5549955337694649,0.4953533757725013,1.0,0.3041952667735584,0.4871780781981046,0.5,0.4871780781981046,,,total,1
2010_09_IND_PHI,2010,9,2010-11-07,REG,PHI,IND,26.0,24.0,3.5,46.5,2.0,-1.5,3.5,0.45850698092708714,0.6033428208078484,1.0,0.3478096898109274,0.48494387359978625,0.5,0.48494387359978625,,,total,1
2010_09_NYG_SEA,2010,9,2010-11-07,REG,SEA,NYG,7.0,41.0,-7.0,40.5,-34.0,-27.0,7.5,0.35925530779466697,0.2583080820624907,1.0,0.5005475463566792,0.4778553571005684,0.5,0.4778553571005684,,,total,1
2010_09_PIT_CIN,2010,9,2010-11-08,REG,CIN,PIT,21.0,27.0,-5.0,41.5,-6.0,-1.0,6.5,0.36059951459552014,0.3149976492712741,1.0,0.5619993388773766,0.4750813050158554,0.5,0.4750813050158554,,,total,1
2010_10_BAL_ATL,2010,10,2010-11-11,REG,ATL,BAL,26.0,21.0,1.0,43.5,5.0,4.0,3.5,0.5347085711135485,0.5419847328244275,1.0,0.5817786698846682,0.47417450859527327,0.5,0.47417450859527327,,,total,1
2010_10_SEA_ARI,2010,10,2010-11-14,REG,ARI,SEA,18.0,36.0,3.5,41.0,-18.0,-21.5,13.0,0.6788327918851587,0.6511627906976745,1.0,0.6844192877789331,0.4691938936163251,0.5,0.4691938936163251,,,total,1
2010_10_DET_BUF,2010,10,2010-11-14,REG,BUF,DET,14.0,12.0,1.5,45.0,2.0,0.5,-19.0,0.6268687012130622,0.5305667495498585,0.0,0.28381724483763104,0.4882824058878891,0.5,0.4882824058878891,,,total,0
2010_10_MIN_CHI,2010,10,2010-11-14,REG,CHI,MIN,27.0,13.0,1.0,41.0,14.0,13.0,-1.0,0.5098616517456633,0.5116279069767442,0.0,0.32624784349742697,0.486029030800178,0.5,0.486029030800178,,,total,0
2010_10_NYJ_CLE,2010,10,2010-11-14,REG,CLE,NYJ,20.0,26.0,-3.5,37.0,-6.0,-2.5,9.0,0.3602152172526374,0.3671907323127844,1.0,0.32405178959173625,0.4861415535479276,0.5,0.4861415535479276,,,total,1
2010_10_KC_DEN,2010,10,2010-11-14,REG,DEN,KC,49.0,29.0,-1.0,44.0,20.0,21.0,34.0,0.46378049442444674,0.49070156678599663,1.0,0.380082193206442,0.4833760259955878,0.5,0.4833760259955878,,,total,1
2010_10_CIN_IND,2010,10,2010-11-14,REG,IND,CIN,23.0,17.0,6.5,47.0,6.0,-0.5,-7.0,0.8094382444842309,0.7319034852546917,0.0,0.3836772568317135,0.4832048481369634,0.5,0.4832048481369634,,,total,0
2010_10_HOU_JAX,2010,10,2010-11-14,REG,JAX,HOU,31.0,24.0,1.0,48.0,7.0,6.0,7.0,0.519658365839569,0.513948077676165,1.0,0.39493683026879245,0.48267255912893275,0.5,0.48267255912893275,,,total,1
2010_10_TEN_MIA,2010,10,2010-11-14,REG,MIA,TEN,29.0,17.0,1.0,43.0,12.0,11.0,3.0,0.4475163469813375,0.537852568752202,1.0,0.5278803492273418,0.476626429247011,0.5,0.476626429247011,,,total,1
2010_10_DAL_NYG,2010,10,2010-11-14,REG,NYG,DAL,20.0,33.0,11.5,46.0,-13.0,-24.5,7.0,0.7597944139482542,0.8212157330154947,1.0,0.4243989330841853,0.48130312189885294,0.5,0.48130312189885294,,,total,1
2010_10_NE_PIT,2010,10,2010-11-14,REG,PIT,NE,26.0,39.0,4.5,44.5,-13.0,-17.5,20.5,0.6093456777092645,0.6397067958752639,1.0,0.7154363557690433,0.46753776062453073,0.5,0.46753776062453073,,,total,1
2010_10_STL_SF,2010,10,2010-11-14,REG,SF,STL,23.0,20.0,4.5,38.5,3.0,-1.5,4.5,0.6855405708016062,0.6712553934662009,1.0,0.5197467159297199,0.47699255366325843,0.5,0.47699255366325843,,,total,1
2010_10_CAR_TB,2010,10,2010-11-14,REG,TB,CAR,31.0,16.0,7.0,36.5,15.0,8.0,10.5,0.6600161020455639,0.7203882358108009,1.0,0.5567993030116363,0.4753181134230477,0.5,0.4753181134230477,,,total,1
2010_10_PHI_WAS,2010,10,2010-11-15,REG,WAS,PHI,28.0,59.0,-3.5,43.5,-31.0,-27.5,43.5,0.3627323029854588,0.37118740340541323,1.0,0.4884339902638617,0.47839960551794186,0.5,0.47839960551794186,,,total,1
2010_11_CHI_MIA,2010,11,2010-11-18,REG,MIA,CHI,0.0,16.0,2.5,40.0,-16.0,-18.5,-24.0,0.5813962527028241,0.5740354444580784,0.0,0.6384827136977379,0.4714965678144184,0.5,0.4714965678144184,,,total,0
2010_11_BAL_CAR,2010,11,2010-11-21,REG,CAR,BAL,13.0,37.0,-13.0,37.0,-24.0,-11.0,13.0,0.2660358959724359,0.12660758312787365,1.0,0.7624167422023945,0.46480444448899266,0.5,0.46480444448899266,,,total,1
2010_11_BUF_CIN,2010,11,2010-11-21,REG,CIN,BUF,31.0,49.0,4.0,41.0,-18.0,-22.0,39.0,0.6719102804194195,0.6611281154350678,1.0,0.3907420698244082,0.4828702102210052,0.5,0.4828702102210052,,,total,1
2010_11_DET_DAL,2010,11,2010-11-21,REG,DAL,DET,35.0,19.0,5.0,47.5,16.0,11.0,6.5,0.7966013338977675,0.6862401891869245,1.0,0.45553259193475953,0.47988303185986775,0.5,0.47988303185986775,,,total,1
2010_11_CLE_JAX,2010,11,2010-11-21,REG,JAX,CLE,24.0,20.0,2.5,43.0,4.0,1.5,1.0,0.5770738723939093,0.5586071603727317,1.0,0.24640588585592105,0.4904448024488663,0.5,0.4904448024488663,,,total,1
2010_11_ARI_KC,2010,11,2010-11-21,REG,KC,ARI,31.0,13.0,7.0,45.0,18.0,11.0,-1.0,0.5745933506388547,0.7339951551474908,0.0,0.288509946549737,0.4880240628009996,0.5,0.4880240628009996,,,total,0
2010_11_GB_MIN,2010,11,2010-11-21,REG,MIN,GB,3.0,31.0,-3.0,45.0,-28.0,-25.0,-11.0,0.42948605210743895,0.41899204424013164,0.0,0.43106660887666737,0.48099705528261655,0.5,0.48099705528261655,,,total,0
2010_11_IND_NE,2010,11,2010-11-21,REG,NE,IND,31.0,28.0,4.0,49.5,3.0,-1.0,9.5,0.5637503494879662,0.6487671491207393,1.0,0.4700598333020995,0.47922661105258746,0.5,0.47922661105258746,,,total,1
2010_11_SEA_NO,2010,11,2010-11-21,REG,NO,SEA,34.0,19.0,11.0,44.5,15.0,4.0,8.5,0.814828606050194,0.8161598505168621,1.0,0.5610319484946917,0.4751254042749654,0.5,0.4751254042749654,,,total,1
2010_11_HOU_NYJ,2010,11,2010-11-21,REG,NYJ,HOU,30.0,27.0,6.5,46.0,3.0,-3.5,11.0,0.7955174325620166,0.7161241483724451,1.0,0.5582473217447113,0.47525222909334397,0.5,0.47525222909334397,,,total,1
2010_11_NYG_PHI,2010,11,2010-11-21,REG,PHI,NYG,27.0,17.0,3.5,47.5,10.0,6.5,-3.5,0.6448668367351261,0.6288125965945868,0.0,0.7212032802140999,0.4672184212366165,0.5,0.4672184212366165,,,total,0
2010_11_OAK_PIT,2010,11,2010-11-21,REG,PIT,OAK,35.0,3.0,7.0,41.0,32.0,25.0,-3.0,0.7391800687502598,0.7258155230596175,0.0,0.6461521558279881,0.47112218151658497,0.5,0.47112218151658497,,,total,0
2010_11_TB_SF,2010,11,2010-11-21,REG,SF,TB,0.0,21.0,3.5,41.0,-21.0,-24.5,-20.0,0.5291562536553059,0.6499689771835965,0.0,0.25335234778148497,0.49002795034325075,0.5,0.49002795034325075,,,total,0
2010_11_ATL_STL,2010,11,2010-11-21,REG,STL,ATL,17.0,34.0,-3.5,43.0,-17.0,-13.5,8.0,0.22595272428714744,0.37253858435337944,1.0,0.47690472666564426,0.4789182079057239,0.5,0.4789182079057239,,,total,1
2010_11_WAS_TEN,2010,11,2010-11-21,REG,TEN,WAS,16.0,19.0,7.0,44.0,-3.0,-10.0,-9.0,0.7739856526062475,0.7382366085679627,0.0,0.2683726988299872,0.4891516139740729,0.5,0.4891516139740729,,,total,0
2010_11_DEN_SD,2010,11,2010-11-22,REG,SD,DEN,35.0,14.0,9.0,50.0,21.0,12.0,-1.0,0.7763726500496648,0.7770903466472567,0.0,0.31914788093109236,0.48639427532967305,0.5,0.48639427532967305,,,total,0
2010_12_NO_DAL,2010,12,2010-11-25,REG,DAL,NO,27.0,30.0,-4.5,48.0,-3.0,1.5,9.0,0.3797446351368749,0.34262680550890157,1.0,0.45351198703706336,0.47997458492534006,0.5,0.47997458492534006,,,total,1
2010_12_NE_DET,2010,12,2010-11-25,REG,DET,NE,24.0,45.0,-6.0,50.5,-21.0,-15.0,18.5,0.16099828107117473,0.2838758516275549,1.0,0.544351563752954,0.4758828272484915,0.5,0.4758828272484915,,,total,1
2010_12_CIN_NYJ,2010,12,2010-11-25,REG,NYJ,CIN,26.0,10.0,10.0,43.0,16.0,6.0,-7.0,0.8636352177182516,0.7987191216834401,0.0,0.5275016232479935,0.47664348980624177,0.5,0.47664348980624177,,,total,0
2010_12_GB_ATL,2010,12,2010-11-28,REG,ATL,GB,20.0,17.0,2.5,47.5,3.0,0.5,-10.5,0.5385589550035186,0.5419847328244275,0.0,0.5032847952440827,0.4777324016652588,0.5,0.4777324016652588,,,total,0
2010_12_TB_BAL,2010,12,2010-11-28,REG,BAL,TB,17.0,10.0,7.5,41.0,7.0,-0.5,-14.0,0.7303196992649466,0.7510440089945389,0.0,0.6815387234690463,0.4693430233196935,0.5,0.4693430233196935,,,total,0
2010_12_PIT_BUF,2010,12,2010-11-28,REG,BUF,PIT,16.0,19.0,-6.5,43.5,-3.0,3.5,-8.5,0.3037314056739764,0.2796117641891991,0.0,0.3260012418212169,0.4860416466780202,0.5,0.4860416466780202,,,total,0
2010_12_PHI_CHI,2010,12,2010-11-28,REG,CHI,PHI,31.0,26.0,-3.0,41.5,5.0,8.0,15.5,0.4918391288545349,0.39975399753997537,1.0,0.5388322425049047,0.4761323947966781,0.5,0.4761323947966781,,,total,1
2010_12_CAR_CLE,2010,12,2010-11-28,REG,CLE,CAR,24.0,23.0,9.0,37.5,1.0,-8.0,9.5,0.7048638823013249,0.7641509433962264,1.0,0.26764649495520043,0.4891932455436889,0.5,0.4891932455436889,,,total,1
2010_12_STL_DEN,2010,12,2010-11-28,REG,DEN,STL,33.0,36.0,3.0,46.5,-3.0,-6.0,22.5,0.6666160560512495,0.6274614156466205,1.0,0.6093528751551341,0.47288963167442266,0.5,0.47288963167442266,,,total,1
2010_12_TEN_HOU,2010,12,2010-11-28,REG,HOU,TEN,20.0,0.0,5.0,46.5,20.0,15.0,-26.5,0.48020729427633974,0.6511627906976745,0.0,0.4959737844177429,0.47806081387404303,0.5,0.47806081387404303,,,total,0
2010_12_JAX_NYG,2010,12,2010-11-28,REG,NYG,JAX,24.0,20.0,8.0,42.5,4.0,-4.0,1.5,0.65067079641027,0.741037721131946,1.0,0.4816364647329509,0.47870525972341854,0.5,0.47870525972341854,,,total,1
2010_12_MIA_OAK,2010,12,2010-11-28,REG,OAK,MIA,17.0,33.0,3.0,38.0,-16.0,-19.0,12.0,0.5138710778890007,0.5697382574399427,1.0,0.6195570207312634,0.4724064029589125,0.5,0.4724064029589125,,,total,1
2010_12_KC_SEA,2010,12,2010-11-28,REG,SEA,KC,24.0,42.0,-1.0,45.0,-18.0,-17.0,21.0,0.5488802990320967,0.46943325045014145,1.0,0.6680985997940267,0.470029713903893,0.5,0.470029713903893,,,total,1
2010_12_MIN_WAS,2010,12,2010-11-28,REG,WAS,MIN,13.0,17.0,-1.0,43.5,-4.0,-3.0,-13.5,0.4842201064506815,0.453954604539546,0.0,0.6471881198487867,0.4710713361301784,0.5,0.4710713361301784,,,total,0
2010_12_SF_ARI,2010,12,2010-11-29,REG,ARI,SF,6.0,27.0,-1.0,41.5,-21.0,-20.0,-8.5,0.5710678340770754,0.45801526717557256,0.0,0.476919711716352,0.4789175332287852,0.5,0.4789175332287852,,,total,0
2010_13_HOU_PHI,2010,13,2010-12-02,REG,PHI,HOU,34.0,24.0,8.5,51.0,10.0,1.5,7.0,0.7104069181750909,0.7664138242829156,1.0,0.291458445122372,0.4878630233488452,0.5,0.4878630233488452,,,total,1
2010_13_STL_ARI,2010,13,2010-12-05,REG,ARI,STL,6.0,19.0,-3.0,43.5,-13.0,-10.0,-18.5,0.5990484265421855,0.3871172000921022,0.0,0.4821366503748388,0.47868275903812946,0.5,0.47868275903812946,,,total,0
2010_13_PIT_BAL,2010,13,2010-12-05,REG,BAL,PIT,10.0,13.0,3.0,38.0,-3.0,-6.0,-15.0,0.6082501130215575,0.6274614156466205,0.0,0.41316643114614404,0.48182168607526116,0.5,0.48182168607526116,,,total,0
2010_13_NO_CIN,2010,13,2010-12-05,REG,CIN,NO,30.0,34.0,-6.5,45.0,-4.0,2.5,19.0,0.2236358701389109,0.28787053606161983,1.0,0.5431343928943984,0.47593790329161645,0.5,0.47593790329161645,,,total,1
2010_13_CHI_DET,2010,13,2010-12-05,REG,DET,CHI,20.0,24.0,-5.0,43.0,-4.0,1.0,1.0,0.2143270040079361,0.3242703916188576,1.0,0.5792537954106909,0.4742908621963711,0.5,0.4742908621963711,,,total,1
2010_13_SF_GB,2010,13,2010-12-05,REG,GB,SF,34.0,16.0,9.0,41.0,18.0,9.0,9.0,0.8095641868513543,0.7882908557935022,1.0,0.4177655203102357,0.4816088857110925,0.5,0.4816088857110925,,,total,1
2010_13_DAL_IND,2010,13,2010-12-05,REG,IND,DAL,35.0,38.0,5.5,47.5,-3.0,-8.5,25.5,0.7011111480379382,0.685002350728726,1.0,0.35293368864658314,0.4846908018234777,0.5,0.4846908018234777,,,total,1
2010_13_DEN_KC,2010,13,2010-12-05,REG,KC,DEN,10.0,6.0,9.0,48.0,4.0,-5.0,-32.0,0.7136037857973301,0.7641509433962264,0.0,0.3109672685917393,0.48682053269850817,0.5,0.48682053269850817,,,total,0
2010_13_CLE_MIA,2010,13,2010-12-05,REG,MIA,CLE,10.0,13.0,6.0,43.5,-3.0,-9.0,-20.5,0.6583434806519658,0.6891002194586686,0.0,0.3401075417353237,0.48532760514567685,0.5,0.48532760514567685,,,total,0
2010_13_BUF_MIN,2010,13,2010-12-05,REG,MIN,BUF,38.0,14.0,5.0,43.5,24.0,19.0,8.5,0.7174746133371336,0.6800775569558896,1.0,0.43596331401544325,0.48077302668387684,0.5,0.48077302668387684,,,total,1
2010_13_WAS_NYG,2010,13,2010-12-05,REG,NYG,WAS,31.0,7.0,7.0,43.0,24.0,17.0,-5.0,0.7529558142195448,0.7618424496205181,0.0,0.37201894712777966,0.48376228722683184,0.5,0.48376228722683184,,,total,0
2010_13_OAK_SD,2010,13,2010-12-05,REG,SD,OAK,13.0,28.0,12.5,44.5,-15.0,-27.5,-3.5,0.8193769341121746,0.8441558441558442,0.0,0.5573932711388967,0.475291093361339,0.5,0.475291093361339,,,total,0
2010_13_CAR_SEA,2010,13,2010-12-05,REG,SEA,CAR,31.0,14.0,4.5,40.0,17.0,12.5,5.0,0.6268927604587976,0.6757296083811425,1.0,0.6171123990714136,0.47252260421435904,0.5,0.47252260421435904,,,total,1
2010_13_ATL_TB,2010,13,2010-12-05,REG,TB,ATL,24.0,28.0,-3.0,43.5,-4.0,-1.0,8.5,0.38101756288774086,0.40832074076455643,1.0,0.3818928773525771,0.4832897333514023,0.5,0.4832897333514023,,,total,1
2010_13_JAX_TEN,2010,13,2010-12-05,REG,TEN,JAX,6.0,17.0,3.0,43.5,-11.0,-14.0,-20.5,0.6210898891676748,0.6186511705872493,0.0,0.7308823011465454,0.4666732382452309,0.5,0.4666732382452309,,,total,0
2010_13_NYJ_NE,2010,13,2010-12-06,REG,NE,NYJ,45.0,3.0,4.0,44.5,42.0,38.0,3.5,0.5634372105903497,0.6515397082658022,1.0,0.5320513268118711,0.4764384418170142,0.5,0.4764384418170142,,,total,1
2010_14_IND_TEN,2010,14,2010-12-09,REG,TEN,IND,28.0,30.0,-3.0,44.0,-2.0,1.0,14.0,0.4398121184326287,0.3738994089977084,1.0,0.5546880640141514,0.4754140972246488,0.5,0.4754140972246488,,,total,1
2010_14_DEN_ARI,2010,14,2010-12-12,REG,ARI,DEN,43.0,13.0,-4.0,44.5,30.0,34.0,11.5,0.5279262509753518,0.360293204124736,1.0,0.5512882979405096,0.47556847851555034,0.5,0.47556847851555034,,,total,1
2010_14_CLE_BUF,2010,14,2010-12-12,REG,BUF,CLE,13.0,6.0,1.0,39.5,7.0,6.0,-20.5,0.4367313105272893,0.5172913928296243,0.0,0.5159929780775664,0.4771613607760047,0.5,0.4771613607760047,,,total,0
2010_14_NE_CHI,2010,14,2010-12-12,REG,CHI,NE,7.0,36.0,-3.0,37.5,-29.0,-26.0,5.5,0.429022475943213,0.4224502112251056,1.0,0.5762900703484216,0.4744271997931791,0.5,0.4744271997931791,,,total,1
2010_14_PHI_DAL,2010,14,2010-12-12,REG,DAL,PHI,27.0,30.0,-4.0,50.5,-3.0,1.0,6.5,0.44223954227760603,0.3399975793052606,1.0,0.3808220591248238,0.4833407466651677,0.5,0.4833407466651677,,,total,1
2010_14_GB_DET,2010,14,2010-12-12,REG,DET,GB,7.0,3.0,-7.0,45.5,4.0,11.0,-35.5,0.1472515528851026,0.2562225475841874,0.0,0.6582208871631462,0.47052553344334336,0.5,0.47052553344334336,,,total,0
2010_14_OAK_JAX,2010,14,2010-12-12,REG,JAX,OAK,38.0,31.0,3.5,41.0,7.0,3.5,28.0,0.6286434562701979,0.6397067958752639,1.0,0.3047287452341804,0.4871497512263347,0.5,0.4871497512263347,,,total,1
2010_14_STL_NO,2010,14,2010-12-12,REG,NO,STL,31.0,13.0,9.5,47.0,18.0,8.5,-3.0,0.873663120078248,0.7901049475262368,0.0,0.35364392587275056,0.4846558573517852,0.5,0.4846558573517852,,,total,0
2010_14_MIA_NYJ,2010,14,2010-12-12,REG,NYJ,MIA,6.0,10.0,5.0,37.5,-4.0,-9.0,-21.5,0.7447817993447734,0.6712553934662009,0.0,0.6676119440638474,0.47005431042855805,0.5,0.47005431042855805,,,total,0
2010_14_CIN_PIT,2010,14,2010-12-12,REG,PIT,CIN,23.0,7.0,9.0,39.5,16.0,7.0,-9.5,0.8542170865415768,0.768632470217584,0.0,0.4050675817314285,0.48219816989257447,0.5,0.48219816989257447,,,total,0
2010_14_KC_SD,2010,14,2010-12-12,REG,SD,KC,31.0,0.0,10.0,45.5,31.0,21.0,-14.5,0.6909163776699493,0.8161598505168621,0.0,0.487705692337213,0.47843234183877403,0.5,0.47843234183877403,,,total,0
2010_14_SEA_SF,2010,14,2010-12-12,REG,SF,SEA,40.0,21.0,4.5,42.5,19.0,14.5,18.5,0.6038250615654782,0.6538962374066205,1.0,0.4654141345472889,0.4794362186147388,0.5,0.4794362186147388,,,total,1
2010_14_TB_WAS,2010,14,2010-12-12,REG,WAS,TB,16.0,17.0,-1.0,41.0,-1.0,0.0,-8.0,0.449254733683348,0.47377843762281124,0.0,0.48888619634899183,0.47837928048389483,0.5,0.47837928048389483,,,total,0
2010_14_BAL_HOU,2010,14,2010-12-13,REG,HOU,BAL,28.0,34.0,-3.0,47.0,-6.0,-3.0,15.0,0.3909136076836822,0.4224502112251056,1.0,0.5076334934098388,0.47753704537078434,0.5,0.47753704537078434,,,total,1
2010_14_NYG_MIN,2010,14,2010-12-13,REG,MIN,NYG,3.0,21.0,-4.5,43.5,-18.0,-13.5,-19.5,0.4437008301615317,0.3199224430441105,0.0,0.6829772144696414,0.4692686412704362,0.5,0.4692686412704362,,,total,0
2010_15_SF_SD,2010,15,2010-12-16,REG,SD,SF,34.0,7.0,10.0,44.5,27.0,17.0,-3.5,0.752497635169924,0.8188617506135327,0.0,0.18744141684915006,0.49436905664954567,0.5,0.49436905664954567,,,total,0
2010_15_NO_BAL,2010,15,2010-12-19,REG,BAL,NO,30.0,24.0,1.0,45.0,6.0,5.0,9.0,0.5252461007660644,0.5419847328244275,1.0,0.5438049619094233,0.4759075634138772,0.5,0.4759075634138772,,,total,1
2010_15_ARI_CAR,2010,15,2010-12-19,REG,CAR,ARI,19.0,12.0,2.5,37.5,7.0,4.5,-6.5,0.5256164036338308,0.5480494766888677,0.0,0.6629539266780042,0.4702888397739373,0.5,0.4702888397739373,,,total,0
2010_15_CLE_CIN,2010,15,2010-12-19,REG,CIN,CLE,19.0,17.0,1.0,41.5,2.0,1.0,-5.5,0.456428938547608,0.497677011707861,0.0,0.439487157504879,0.48061216827444214,0.5,0.48061216827444214,,,total,0
2010_15_WAS_DAL,2010,15,2010-12-19,REG,DAL,WAS,33.0,30.0,9.5,43.5,3.0,-6.5,19.5,0.7292740920408026,0.7987191216834401,1.0,0.5605854003019577,0.47514575350723537,0.5,0.47514575350723537,,,total,1
2010_15_JAX_IND,2010,15,2010-12-19,REG,IND,JAX,34.0,24.0,4.0,48.0,10.0,6.0,10.0,0.6574917333569075,0.6691291228800332,1.0,0.188828876654906,0.49426686022052446,0.5,0.49426686022052446,,,total,1
2010_15_BUF_MIA,2010,15,2010-12-19,REG,MIA,BUF,14.0,17.0,5.5,40.0,-3.0,-8.5,-9.0,0.7346757950526408,0.685002350728726,0.0,0.3497780747722493,0.4848464530662548,0.5,0.4848464530662548,,,total,0
2010_15_GB_NE,2010,15,2010-12-19,REG,NE,GB,31.0,27.0,14.0,43.5,4.0,-10.0,14.5,0.7071416724759444,0.8832295373665481,1.0,0.6705270666619401,0.4699067037383861,0.5,0.4699067037383861,,,total,1
2010_15_PHI_NYG,2010,15,2010-12-19,REG,NYG,PHI,31.0,38.0,3.0,46.5,-7.0,-10.0,22.5,0.526011987768999,0.5933014354066986,1.0,0.7818143799510912,0.4635697793917997,0.5,0.4635697793917997,,,total,1
2010_15_DEN_OAK,2010,15,2010-12-19,REG,OAK,DEN,39.0,23.0,9.0,41.5,16.0,7.0,20.5,0.7306451940167857,0.7566244633432689,1.0,0.6076251271867295,0.4729709957840307,0.5,0.4729709957840307,,,total,1
2010_15_NYJ_PIT,2010,15,2010-12-19,REG,PIT,NYJ,17.0,22.0,3.5,36.0,-5.0,-8.5,3.0,0.6227574570327192,0.6438780948689375,1.0,0.5120671845623509,0.4773378243879151,0.5,0.4773378243879151,,,total,1
2010_15_ATL_SEA,2010,15,2010-12-19,REG,SEA,ATL,18.0,34.0,-5.5,46.0,-16.0,-10.5,6.0,0.22792271308736967,0.32021022920823394,1.0,0.4716776802324495,0.4791536745295844,0.5,0.4791536745295844,,,total,1
2010_15_KC_STL,2010,15,2010-12-19,REG,STL,KC,13.0,27.0,3.0,42.5,-14.0,-17.0,-2.5,0.4467842326483417,0.5660893345487694,0.0,0.5747644087494465,0.4744972858965345,0.5,0.4744972858965345,,,total,0
2010_15_HOU_TEN,2010,15,2010-12-19,REG,TEN,HOU,31.0,17.0,2.0,47.5,14.0,12.0,0.5,0.5659942900760517,0.534834771627026,1.0,0.3762821954092982,0.4835576487438145,0.5,0.4835576487438145,,,total,1
2010_15_CHI_MIN,2010,15,2010-12-20,REG,MIN,CHI,14.0,40.0,-5.5,34.0,-26.0,-20.5,20.0,0.49843512504183735,0.3242703916188576,1.0,0.6274215304355906,0.4720306019695259,0.5,0.4720306019695259,,,total,1
2010_16_CAR_PIT,2010,16,2010-12-23,REG,PIT,CAR,27.0,3.0,14.0,37.5,24.0,10.0,-7.5,0.8657552227103105,0.8973305954825462,0.0,0.6796242542546914,0.4694417426312364,0.5,0.4694417426312364,,,total,0
2010_16_DAL_ARI,2010,16,2010-12-25,REG,ARI,DAL,27.0,26.0,-7.0,45.0,1.0,8.0,8.0,0.34337182657029053,0.26462805057336075,1.0,0.6184235439608358,0.4724603160607046,0.5,0.4724603160607046,,,total,1
2010_16_NE_BUF,2010,16,2010-12-26,REG,BUF,NE,3.0,34.0,-7.0,46.5,-31.0,-24.0,-9.5,0.20012278309056633,0.2680965147453084,0.0,0.6739147580271803,0.46973433765255057,0.5,0.46973433765255057,,,total,0
2010_16_NYJ_CHI,2010,16,2010-12-26,REG,CHI,NYJ,38.0,34.0,1.5,36.0,4.0,2.5,36.0,0.516253640978608,0.5697382574399427,1.0,0.6345959790177714,0.47168498673083753,0.5,0.47168498673083753,,,total,1
2010_16_SD_CIN,2010,16,2010-12-26,REG,CIN,SD,34.0,20.0,-9.0,43.5,14.0,23.0,10.5,0.27387068817567595,0.24096385542168672,1.0,0.48986844594391865,0.47833513492252083,0.5,0.47833513492252083,,,total,1
2010_16_BAL_CLE,2010,16,2010-12-26,REG,CLE,BAL,10.0,20.0,-3.5,39.5,-10.0,-6.5,-9.5,0.29581491131869087,0.360293204124736,0.0,0.43378561384050157,0.4808725842130784,0.5,0.4808725842130784,,,total,0
2010_16_HOU_DEN,2010,16,2010-12-26,REG,DEN,HOU,24.0,23.0,-2.0,49.5,1.0,3.0,-2.5,0.39818965218438646,0.46516522837297414,0.0,0.26554428949045267,0.4893141670128192,0.5,0.4893141670128192,,,total,0
2010_16_NYG_GB,2010,16,2010-12-26,REG,GB,NYG,45.0,17.0,3.0,43.0,28.0,25.0,19.0,0.6364747511769474,0.5916792592354435,1.0,0.5544331537084051,0.4754256802600755,0.5,0.4754256802600755,,,total,1
2010_16_WAS_JAX,2010,16,2010-12-26,REG,JAX,WAS,17.0,20.0,7.0,45.5,-3.0,-10.0,-8.5,0.7360414113338013,0.7353719494266393,0.0,0.22763263313615678,0.4916129677361464,0.5,0.4916129677361464,,,total,0
2010_16_TEN_KC,2010,16,2010-12-26,REG,KC,TEN,34.0,14.0,4.0,42.5,20.0,16.0,5.5,0.5880258949199193,0.6397067958752639,1.0,0.8326854710276068,0.4598951141495713,0.5,0.4598951141495713,,,total,1
2010_16_DET_MIA,2010,16,2010-12-26,REG,MIA,DET,27.0,34.0,3.5,41.0,-7.0,-10.5,20.0,0.7761508048266543,0.6345608341212848,1.0,0.5165002497820101,0.4771385534205992,0.5,0.4771385534205992,,,total,1
2010_16_IND_OAK,2010,16,2010-12-26,REG,OAK,IND,26.0,31.0,-1.0,46.0,-5.0,-4.0,11.0,0.39941162140911485,0.4600722970752547,1.0,0.5572227255153618,0.475298852357374,0.5,0.475298852357374,,,total,1
2010_16_SF_STL,2010,16,2010-12-26,REG,STL,SF,25.0,17.0,2.0,40.0,8.0,6.0,2.0,0.4532066459110589,0.5586071603727317,1.0,0.72611778541553,0.4669430950251292,0.5,0.4669430950251292,,,total,1
2010_16_SEA_TB,2010,16,2010-12-26,REG,TB,SEA,38.0,15.0,5.0,43.5,23.0,18.0,9.5,0.6940779628132735,0.6800775569558896,1.0,0.48994171567260847,0.47833184209608504,0.5,0.47833184209608504,,,total,1
2010_16_NO_ATL,2010,16,2010-12-27,REG,ATL,NO,14.0,17.0,2.0,50.0,-3.0,-5.0,-19.0,0.6036033082288764,0.5500363507751557,0.0,0.42854259676436446,0.48111277228924354,0.5,0.48111277228924354,,,total,0
2010_16_MIN_PHI,2010,16,2010-12-28,REG,PHI,MIN,14.0,24.0,14.0,44.0,-10.0,-24.0,-6.0,0.7968591405022162,0.8865979381443299,0.0,0.6425930076591366,0.4712963612466453,0.5,0.4712963612466453,,,total,0
2010_17_CIN_BAL,2010,17,2011-01-02,REG,BAL,CIN,13.0,7.0,9.5,43.0,6.0,-3.5,-23.0,0.843377922014895,0.7918875407389956,0.0,0.5680911348569532,0.4748031062515709,0.5,0.4748031062515709,,,total,0
2010_17_PIT_CLE,2010,17,2011-01-02,REG,CLE,PIT,9.0,41.0,-6.5,38.0,-32.0,-25.5,12.0,0.31373212140261736,0.303030303030303,1.0,0.47026918645230253,0.47921717128203495,0.5,0.47921717128203495,,,total,1
2010_17_SD_DEN,2010,17,2011-01-02,REG,DEN,SD,28.0,33.0,-5.0,47.5,-5.0,0.0,13.5,0.2608966976072,0.3253012048192771,1.0,0.5483109892698087,0.4757035009567621,0.5,0.4757035009567621,,,total,1
2010_17_MIN_DET,2010,17,2011-01-02,REG,DET,MIN,20.0,13.0,3.5,43.5,7.0,3.5,-10.5,0.39834885284308763,0.6397067958752639,0.0,0.4048619159717856,0.48220776113731517,0.5,0.48220776113731517,,,total,0
2010_17_CHI_GB,2010,17,2011-01-02,REG,GB,CHI,10.0,3.0,11.0,43.5,7.0,-4.0,-30.5,0.6198009554186669,0.8540944738281961,0.0,0.4141824356984934,0.48177461589594783,0.5,0.48177461589594783,,,total,0
2010_17_JAX_HOU,2010,17,2011-01-02,REG,HOU,JAX,34.0,17.0,4.5,47.5,17.0,12.5,3.5,0.5177640169610417,0.658869395711501,1.0,0.3524450088321649,0.48471486406710496,0.5,0.48471486406710496,,,total,1
2010_17_TEN_IND,2010,17,2011-01-02,REG,IND,TEN,23.0,20.0,9.0,47.5,3.0,-6.0,-4.5,0.7616915163761696,0.7932220191443884,0.0,0.30381284498890126,0.48719840152508986,0.5,0.48719840152508986,,,total,0
2010_17_OAK_KC,2010,17,2011-01-02,REG,KC,OAK,10.0,31.0,4.5,43.0,-21.0,-25.5,-2.0,0.6627376097349,0.6611281154350678,0.0,0.5447208408598502,0.4758661131500248,0.5,0.4758661131500248,,,total,0
2010_17_MIA_NE,2010,17,2011-01-02,REG,NE,MIA,38.0,7.0,4.0,44.0,31.0,27.0,1.0,0.8641163413027855,0.6562218214607755,1.0,0.5592961833128691,0.47520447872247773,0.5,0.47520447872247773,,,total,1
2010_17_TB_NO,2010,17,2011-01-02,REG,NO,TB,13.0,23.0,7.0,46.5,-10.0,-17.0,-10.5,0.7984897629268762,0.7194329592439458,0.0,0.5421697322058574,0.47598153727473547,0.5,0.47598153727473547,,,total,0
2010_17_BUF_NYJ,2010,17,2011-01-02,REG,NYJ,BUF,38.0,7.0,1.0,38.0,31.0,30.0,7.0,0.8115919166045534,0.5419847328244275,1.0,0.46197775358871224,0.4795914403235162,0.5,0.4795914403235162,,,total,1
2010_17_DAL_PHI,2010,17,2011-01-02,REG,PHI,DAL,13.0,14.0,-1.5,43.0,-1.0,0.5,-16.0,0.7108344639067028,0.4499636492248442,0.0,0.6217045674888413,0.4723040873403205,0.5,0.4723040873403205,,,total,0
2010_17_STL_SEA,2010,17,2011-01-02,REG,SEA,STL,16.0,6.0,-3.0,42.5,10.0,13.0,-20.5,0.5561557111488765,0.39360687022900764,0.0,0.6933913420691552,0.46872463874318354,0.5,0.46872463874318354,,,total,0
2010_17_ARI_SF,2010,17,2011-01-02,REG,SF,ARI,38.0,7.0,6.0,39.5,31.0,25.0,5.5,0.6614730089447014,0.6800775569558896,1.0,0.5251831298528034,0.47674790237271986,0.5,0.47674790237271986,,,total,1
2010_17_NYG_WAS,2010,17,2011-01-02,REG,WAS,NYG,14.0,17.0,-4.5,44.5,-3.0,1.5,-13.5,0.3815698251416003,0.341130604288499,0.0,0.5050600492643257,0.47765265558709735,0.5,0.47765265558709735,,,total,0
2010_18_NYJ_IND,2010,18,2011-01-08,WC,IND,NYJ,16.0,17.0,1.0,44.0,-1.0,-2.0,-11.0,0.5612612162446491,0.5520062329567589,0.0,0.45028990353625176,0.4801207243536662,0.5,0.4801207243536662,,,total,0
2010_18_NO_SEA,2010,18,2011-01-08,WC,SEA,NO,41.0,36.0,-9.5,45.5,5.0,14.5,31.5,0.2518312884438957,0.18662519440124417,1.0,0.6915484866709577,0.46882162940305455,0.5,0.46882162940305455,,,total,1
2010_18_BAL_KC,2010,18,2011-01-09,WC,KC,BAL,7.0,30.0,-3.0,41.0,-23.0,-20.0,-4.0,0.3071150129295112,0.40832074076455643,0.0,0.5740129841690637,0.4745317812126785,0.5,0.4745317812126785,,,total,0
2010_18_GB_PHI,2010,18,2011-01-09,WC,PHI,GB,16.0,21.0,1.0,46.5,-5.0,-6.0,-9.5,0.5023154913968312,0.5240193918025562,0.0,0.4731783005029656,0.4790860476737609,0.5,0.4790860476737609,,,total,0
2010_19_GB_ATL,2010,19,2011-01-15,DIV,ATL,GB,21.0,48.0,1.0,43.5,-27.0,-28.0,25.5,0.5640834666718328,0.5195545777019441,1.0,0.31270098267490004,0.48672969187347037,0.5,0.48672969187347037,,,total,1
2010_19_BAL_PIT,2010,19,2011-01-15,DIV,PIT,BAL,31.0,24.0,3.5,37.5,7.0,3.5,17.5,0.51010690621353,0.6328092676872155,1.0,0.31901242692763104,0.4864012850064588,0.5,0.4864012850064588,,,total,1
2010_19_SEA_CHI,2010,19,2011-01-16,DIV,CHI,SEA,35.0,24.0,10.0,42.5,11.0,1.0,16.5,0.7843310981760863,0.8019661928000565,1.0,0.4864161225710332,0.47849031310957396,0.5,0.47849031310957396,,,total,1
2010_19_NYJ_NE,2010,19,2011-01-16,DIV,NE,NYJ,21.0,28.0,9.5,45.0,-7.0,-16.5,4.0,0.7199067934211206,0.7664138242829156,1.0,0.43241037466184146,0.4809355165552908,0.5,0.4809355165552908,,,total,1
2010_20_GB_CHI,2010,20,2011-01-23,CON,CHI,GB,14.0,21.0,-3.5,42.0,-7.0,-3.5,-7.0,0.41263251536328877,0.36543916587871506,0.0,0.6447518146335911,0.47119080473757313,0.5,0.47119080473757313,,,total,0
2010_20_NYJ_PIT,2010,20,2011-01-23,CON,PIT,NYJ,24.0,19.0,4.0,38.0,5.0,1.0,5.0,0.569505284290863,0.6527218785216531,1.0,0.38696935354513795,0.4830486301010683,0.5,0.4830486301010683,,,total,1
2010_21_PIT_GB,2010,21,2011-02-06,SB,GB,PIT,31.0,25.0,3.0,44.5,6.0,3.0,11.5,0.5691000997090422,0.5841190732758621,1.0,0.4188916790543899,0.48155688151573456,0.5,0.48155688151573456,,,total,1
2011_01_NO_GB,2011,1,2011-09-08,REG,GB,NO,42.0,34.0,4.5,47.5,8.0,3.5,28.5,0.7352593653808555,0.6969696969696969,1.0,0.2553369565250061,0.5828981443011817,0.5,0.5828981443011817,,,total,1
2011_01_CAR_ARI,2011,1,2011-09-11,REG,ARI,CAR,28.0,21.0,6.5,37.5,7.0,0.5,11.5,0.5769773131713194,0.7333014887349733,1.0,0.481882714534299,0.5605845980275465,0.5,0.5605845980275465,,,total,1
2011_01_PIT_BAL,2011,1,2011-09-11,REG,BAL,PIT,35.0,7.0,1.0,37.0,28.0,27.0,5.0,0.5793525278358498,0.5419847328244275,1.0,0.3422830183077501,0.5736043993944385,0.5,0.5736043993944385,,,total,1
2011_01_ATL_CHI,2011,1,2011-09-11,REG,CHI,ATL,30.0,12.0,-1.0,40.5,18.0,19.0,1.5,0.5422965983106224,0.4759806081974437,1.0,0.2801137381479031,0.5800872503397779,0.5,0.5800872503397779,,,total,1
2011_01_CIN_CLE,2011,1,2011-09-11,REG,CLE,CIN,17.0,27.0,6.5,36.5,-10.0,-16.5,7.5,0.5678973222073951,0.7382366085679627,1.0,0.7268000829256838,0.5368175873701353,0.5,0.5368175873701353,,,total,1
2011_01_IND_HOU,2011,1,2011-09-11,REG,HOU,IND,34.0,7.0,9.0,44.0,27.0,18.0,-3.0,0.431645425982727,0.7918875407389956,0.0,0.4092154678902315,0.5672045398667401,0.5,0.5672045398667401,,,total,0
2011_01_TEN_JAX,2011,1,2011-09-11,REG,JAX,TEN,16.0,14.0,-1.0,38.0,2.0,3.0,-8.0,0.5780587316528149,0.4930284439486894,0.0,0.4113326704929047,0.5670083107969528,0.5,0.5670083107969528,,,total,0
2011_01_BUF_KC,2011,1,2011-09-11,REG,KC,BUF,7.0,41.0,3.5,38.5,-34.0,-37.5,9.5,0.6273480425396131,0.6422270143109194,1.0,0.3641414203486847,0.571464930964399,0.5,0.571464930964399,,,total,1
2011_01_DAL_NYJ,2011,1,2011-09-11,REG,NYJ,DAL,27.0,24.0,6.5,40.5,3.0,-3.5,10.5,0.7178511019649992,0.7121294639383801,1.0,0.5004996719605662,0.5589076238280721,0.5,0.5589076238280721,,,total,1
2011_01_MIN_SD,2011,1,2011-09-11,REG,SD,MIN,24.0,17.0,9.0,43.5,7.0,-2.0,-2.5,0.6724033246769714,0.7995730507301267,0.0,0.41213490283857307,0.566934031735204,0.5,0.566934031735204,,,total,0
2011_01_SEA_SF,2011,1,2011-09-11,REG,SF,SEA,33.0,17.0,6.0,38.0,16.0,10.0,12.0,0.61227258404312,0.6881525568730624,1.0,0.2653202661550525,0.5817461821776625,0.5,0.5817461821776625,,,total,1
2011_01_DET_TB,2011,1,2011-09-11,REG,TB,DET,20.0,27.0,1.0,43.5,-7.0,-8.0,3.5,0.6985965106450589,0.5419847328244275,1.0,0.33416397069572135,0.5744146199544509,0.5,0.5744146199544509,,,total,1
2011_01_NYG_WAS,2011,1,2011-09-11,REG,WAS,NYG,28.0,14.0,-1.0,40.5,14.0,15.0,1.5,0.408296807884996,0.486051922323835,1.0,0.4430685675518019,0.5640964809606378,0.5,0.5640964809606378,,,total,1
2011_01_OAK_DEN,2011,1,2011-09-12,REG,DEN,OAK,20.0,23.0,3.0,42.5,-3.0,-6.0,0.5,0.3908885336449469,0.6143408084559349,1.0,0.5786550556445615,0.5517968151503874,0.5,0.5517968151503874,,,total,1
2011_01_NE_MIA,2011,1,2011-09-12,REG,MIA,NE,24.0,38.0,-7.0,46.5,-14.0,-7.0,15.5,0.3237204319138329,0.250919064013538,1.0,0.42110139933409446,0.5661064556558187,0.5,0.5661064556558187,,,total,1
2011_02_PHI_ATL,2011,2,2011-09-18,REG,ATL,PHI,35.0,31.0,-2.5,49.0,4.0,6.5,17.0,0.5558359160057317,0.4433028919330289,1.0,0.4189148240562198,0.5663078383338228,0.5,0.5663078383338228,,,total,1
2011_02_OAK_BUF,2011,2,2011-09-18,REG,BUF,OAK,38.0,35.0,3.5,40.5,3.0,-0.5,32.5,0.5300470382310244,0.6397067958752639,1.0,0.6466689376277839,0.5453008451170204,0.5,0.5453008451170204,,,total,1
2011_02_GB_CAR,2011,2,2011-09-18,REG,CAR,GB,23.0,30.0,-10.5,45.5,-7.0,3.5,7.5,0.15969119772543441,0.17653543002538907,1.0,0.7423443917825124,0.5350060045531839,0.5,0.5350060045531839,,,total,1
2011_02_CIN_DEN,2011,2,2011-09-18,REG,DEN,CIN,24.0,22.0,3.5,40.5,2.0,-1.5,5.5,0.4168865729693311,0.6143408084559349,1.0,0.4689178322797002,0.5617540305539346,0.5,0.5617540305539346,,,total,1
2011_02_KC_DET,2011,2,2011-09-18,REG,DET,KC,48.0,3.0,9.0,45.0,45.0,36.0,6.0,0.6387833143867596,0.7464578672632363,1.0,0.3529721910385202,0.5725509809977762,0.5,0.5725509809977762,,,total,1
2011_02_CLE_IND,2011,2,2011-09-18,REG,IND,CLE,19.0,27.0,-1.0,39.5,-8.0,-7.0,6.5,0.7478351161294386,0.4672897196261682,1.0,0.6815164238888544,0.5417581932958243,0.5,0.5417581932958243,,,total,1
2011_02_HOU_MIA,2011,2,2011-09-18,REG,MIA,HOU,13.0,23.0,-3.0,46.5,-10.0,-7.0,-10.5,0.49366489017741283,0.4122390658104357,0.0,0.4264972534599512,0.5656106074336857,0.5,0.5656106074336857,,,total,0
2011_02_TB_MIN,2011,2,2011-09-18,REG,MIN,TB,20.0,24.0,1.0,41.0,-4.0,-5.0,3.0,0.5550012317120302,0.5162468054034319,1.0,0.40912868640217714,0.5672125892070501,0.5,0.5672125892070501,,,total,1
2011_02_SD_NE,2011,2,2011-09-18,REG,NE,SD,35.0,21.0,6.5,53.5,14.0,7.5,2.5,0.7117936293627002,0.7161241483724451,1.0,0.40111366500180445,0.5679582006367698,0.5,0.5679582006367698,,,total,1
2011_02_CHI_NO,2011,2,2011-09-18,REG,NO,CHI,30.0,13.0,4.5,46.5,17.0,12.5,-3.5,0.5391545441900769,0.6787840802256345,0.0,0.3158406309399392,0.5762790433467605,0.5,0.5762790433467605,,,total,0
2011_02_JAX_NYJ,2011,2,2011-09-18,REG,NYJ,JAX,32.0,3.0,9.0,38.0,29.0,20.0,-3.0,0.7645549663252525,0.7729422894985808,0.0,0.43015951791762574,0.5652749140792583,0.5,0.5652749140792583,,,total,0
2011_02_SEA_PIT,2011,2,2011-09-18,REG,PIT,SEA,24.0,0.0,13.5,39.5,24.0,10.5,-15.5,0.8031951966592858,0.8613376835236541,0.0,0.3916212473363147,0.5688472702283878,0.5,0.5688472702283878,,,total,0
2011_02_DAL_SF,2011,2,2011-09-18,REG,SF,DAL,24.0,27.0,-3.0,41.0,-3.0,0.0,10.0,0.5387063167925445,0.38911639972601536,1.0,0.4617137426491784,0.5624050790743527,0.5,0.5624050790743527,,,total,1
2011_02_BAL_TEN,2011,2,2011-09-18,REG,TEN,BAL,26.0,13.0,-5.5,39.5,13.0,18.5,-0.5,0.3075964680238629,0.309021251987856,0.0,0.32448502153703973,0.575392929275365,0.5,0.575392929275365,,,total,0
2011_02_ARI_WAS,2011,2,2011-09-18,REG,WAS,ARI,22.0,21.0,4.5,44.5,1.0,-3.5,-1.5,0.6620154311400719,0.666649029049156,0.0,0.4929158786627299,0.5595906711821856,0.5,0.5595906711821856,,,total,0
2011_02_STL_NYG,2011,2,2011-09-19,REG,NYG,STL,28.0,16.0,7.0,43.5,12.0,5.0,0.5,0.748168310912808,0.7382366085679627,1.0,0.6022044763361811,0.549595369017442,0.5,0.549595369017442,,,total,1
2011_03_NE_BUF,2011,3,2011-09-25,REG,BUF,NE,34.0,31.0,-7.0,54.0,3.0,10.0,11.0,0.30501509942738647,0.2617633914320373,1.0,0.48251825817006483,0.560527324034669,0.5,0.560527324034669,,,total,1
2011_03_JAX_CAR,2011,3,2011-09-25,REG,CAR,JAX,16.0,10.0,3.5,43.0,6.0,2.5,-17.0,0.4240251223361841,0.6143408084559349,0.0,0.44533037681052723,0.5638906998220864,0.5,0.5638906998220864,,,total,0
2011_03_GB_CHI,2011,3,2011-09-25,REG,CHI,GB,17.0,27.0,-4.0,45.5,-10.0,-6.0,-1.5,0.368696072367991,0.3388718845649322,0.0,0.45650803075540697,0.5628762804953099,0.5,0.5628762804953099,,,total,0
2011_03_SF_CIN,2011,3,2011-09-25,REG,CIN,SF,8.0,13.0,1.0,38.5,-5.0,-6.0,-17.5,0.5731145505164763,0.5172913928296243,0.0,0.5591437843688791,0.5535936142471769,0.5,0.5535936142471769,,,total,0
2011_03_MIA_CLE,2011,3,2011-09-25,REG,CLE,MIA,17.0,16.0,-1.0,42.5,1.0,2.0,-9.5,0.5931475697093597,0.45801526717557256,0.0,0.7665197917444456,0.532037642129719,0.5,0.532037642129719,,,total,0
2011_03_PIT_IND,2011,3,2011-09-25,REG,IND,PIT,20.0,23.0,-10.5,39.5,-3.0,7.5,3.5,0.42849868790011486,0.16630451935566104,1.0,0.5488810865886232,0.5545310614982144,0.5,0.5545310614982144,,,total,1
2011_03_DET_MIN,2011,3,2011-09-25,REG,MIN,DET,23.0,26.0,-3.0,44.5,-3.0,0.0,4.5,0.532358620377467,0.39975399753997537,1.0,0.6501145490071607,0.5449585201826495,0.5,0.5449585201826495,,,total,1
2011_03_HOU_NO,2011,3,2011-09-25,REG,NO,HOU,40.0,33.0,3.5,51.0,7.0,3.5,22.0,0.6412814929752936,0.6200671122327297,1.0,0.3465402056342589,0.5731831136440763,0.5,0.5731831136440763,,,total,1
2011_03_NYJ_OAK,2011,3,2011-09-25,REG,OAK,NYJ,34.0,24.0,-1.0,40.0,10.0,11.0,18.0,0.37534077708012764,0.4433028919330289,1.0,0.4780571845489036,0.5609294316045341,0.5,0.5609294316045341,,,total,1
2011_03_NYG_PHI,2011,3,2011-09-25,REG,PHI,NYG,16.0,29.0,9.0,46.5,-13.0,-22.0,-1.5,0.6349919619740172,0.7766031805494009,0.0,0.2894055169342968,0.5790717660344781,0.5,0.5790717660344781,,,total,0
2011_03_KC_SD,2011,3,2011-09-25,REG,SD,KC,20.0,17.0,14.0,44.5,3.0,-11.0,-7.5,0.778942457223155,0.8891926193498,0.0,0.34546709250171664,0.5732890853025617,0.5,0.5732890853025617,,,total,0
2011_03_ARI_SEA,2011,3,2011-09-25,REG,SEA,ARI,13.0,10.0,-3.0,42.5,3.0,6.0,-19.5,0.5921268555285526,0.4066985645933015,0.0,0.48249796958015234,0.5605291523492696,0.5,0.5605291523492696,,,total,0
2011_03_BAL_STL,2011,3,2011-09-25,REG,STL,BAL,7.0,37.0,-5.5,41.5,-30.0,-24.5,2.5,0.24163428052441052,0.3108997805413313,1.0,0.6601022830934518,0.5439569867873406,0.5,0.5439569867873406,,,total,1
2011_03_ATL_TB,2011,3,2011-09-25,REG,TB,ATL,16.0,13.0,1.0,45.0,3.0,2.0,-16.0,0.4876325527445519,0.5172913928296243,0.0,0.3956606812811954,0.5684680905734508,0.5,0.5684680905734508,,,total,0
2011_03_DEN_TEN,2011,3,2011-09-25,REG,TEN,DEN,17.0,14.0,7.0,43.5,3.0,-4.0,-12.5,0.7407981790383767,0.7382366085679627,0.0,0.4223808995829195,0.5659887367597545,0.5,0.5659887367597545,,,total,0
2011_03_WAS_DAL,2011,3,2011-09-26,REG,DAL,WAS,18.0,16.0,3.5,44.5,2.0,-1.5,-10.5,0.6602527063546464,0.6214728148657949,0.0,0.49995077072776056,0.5589570659999689,0.5,0.5589570659999689,,,total,0
2011_04_NYG_ARI,2011,4,2011-10-02,REG,ARI,NYG,27.0,31.0,-1.0,45.5,-4.0,-3.0,12.5,0.3305540489750815,0.4953533757725013,1.0,0.5199232788058419,0.5571563502058219,0.5,0.5571563502058219,,,total,1
2011_04_NYJ_BAL,2011,4,2011-10-02,REG,BAL,NYJ,34.0,17.0,5.0,43.0,17.0,12.0,8.0,0.6080673421577415,0.6881525568730624,1.0,0.38098503280027674,0.5698521368815561,0.5,0.5698521368815561,,,total,1
2011_04_CAR_CHI,2011,4,2011-10-02,REG,CHI,CAR,34.0,29.0,7.0,41.5,5.0,-2.0,21.5,0.7819460730205071,0.7319034852546917,1.0,0.3883795332928306,0.5691525164756489,0.5,0.5691525164756489,,,total,1
2011_04_BUF_CIN,2011,4,2011-10-02,REG,CIN,BUF,23.0,20.0,-3.0,41.5,3.0,6.0,1.5,0.47366884036928936,0.4172836182527931,1.0,0.30490716390005157,0.5774180571945271,0.5,0.5774180571945271,,,total,1
2011_04_TEN_CLE,2011,4,2011-10-02,REG,CLE,TEN,13.0,31.0,1.0,37.5,-18.0,-19.0,6.5,0.4989921660987707,0.5520062329567589,1.0,0.512429508064592,0.5578325286802732,0.5,0.5578325286802732,,,total,1
2011_04_DET_DAL,2011,4,2011-10-02,REG,DAL,DET,30.0,34.0,2.5,46.0,-4.0,-6.5,18.0,0.6098418197822486,0.556697108066971,1.0,0.6332234133978227,0.5466222566813266,0.5,0.5466222566813266,,,total,1
2011_04_DEN_GB,2011,4,2011-10-02,REG,GB,DEN,49.0,23.0,12.0,46.5,26.0,14.0,25.5,0.9169066669712274,0.8378229164270433,1.0,0.4663691474727009,0.561984236958968,0.5,0.561984236958968,,,total,1
2011_04_PIT_HOU,2011,4,2011-10-02,REG,HOU,PIT,17.0,10.0,4.0,46.0,7.0,3.0,-19.0,0.44028903159942406,0.6511627906976745,0.0,0.3976294868395484,0.5682837382244126,0.5,0.5682837382244126,,,total,0
2011_04_NO_JAX,2011,4,2011-10-02,REG,JAX,NO,10.0,23.0,-9.0,45.0,-13.0,-4.0,-12.0,0.35240997239968763,0.22919179734620024,0.0,0.7915227087903973,0.5287303616881899,0.5,0.5287303616881899,,,total,0
2011_04_MIN_KC,2011,4,2011-10-02,REG,KC,MIN,22.0,17.0,-3.0,40.0,5.0,8.0,-1.0,0.49978624934169974,0.413907284768212,0.0,0.5051961026758605,0.5584845293721319,0.5,0.5584845293721319,,,total,0
2011_04_NE_OAK,2011,4,2011-10-02,REG,OAK,NE,19.0,31.0,-6.0,55.0,-12.0,-6.0,-5.0,0.38283203293958434,0.2949369162706865,0.0,0.6413163114167012,0.545829570478489,0.5,0.545829570478489,,,total,0
2011_04_SF_PHI,2011,4,2011-10-02,REG,PHI,SF,23.0,24.0,9.5,43.5,-1.0,-10.5,3.5,0.6385408340456424,0.8133748055987559,1.0,0.2904568093791543,0.5789580651692109,0.5,0.5789580651692109,,,total,1
2011_04_MIA_SD,2011,4,2011-10-02,REG,SD,MIA,26.0,16.0,6.5,45.0,10.0,3.5,-3.0,0.7481846942051664,0.7353719494266393,0.0,0.5290764015782152,0.5563290281207236,0.5,0.5563290281207236,,,total,0
2011_04_ATL_SEA,2011,4,2011-10-02,REG,SEA,ATL,28.0,30.0,-6.0,39.5,-2.0,4.0,18.5,0.36686308812249874,0.2940888946819604,1.0,0.4796689515722218,0.5607841280090755,0.5,0.5607841280090755,,,total,1
2011_04_WAS_STL,2011,4,2011-10-02,REG,STL,WAS,10.0,17.0,-3.0,44.0,-7.0,-4.0,-17.0,0.42824608669635306,0.4224502112251056,0.0,0.7699030505789213,0.5316055020006019,0.5,0.5316055020006019,,,total,0
2011_04_IND_TB,2011,4,2011-10-03,REG,TB,IND,24.0,17.0,10.0,40.0,7.0,-3.0,1.0,0.6202569972845412,0.8133748055987559,1.0,0.3268441907535875,0.5751531693480593,0.5,0.5751531693480593,,,total,1
2011_05_GB_ATL,2011,5,2011-10-09,REG,ATL,GB,14.0,25.0,-6.0,53.5,-11.0,-5.0,-14.5,0.34832175180939595,0.30417453324942306,0.0,0.4197279361282549,0.5662329197844164,0.5,0.5662329197844164,,,total,0
2011_05_PHI_BUF,2011,5,2011-10-09,REG,BUF,PHI,31.0,24.0,-3.0,52.5,7.0,10.0,2.5,0.5475388846117905,0.40190672025422935,1.0,0.4054464546485204,0.56755458971361,0.5,0.56755458971361,,,total,1
2011_05_NO_CAR,2011,5,2011-10-09,REG,CAR,NO,27.0,30.0,-6.5,51.0,-3.0,3.5,6.0,0.24789016594527813,0.277337559429477,1.0,0.3657177742216241,0.5713127721038199,0.5,0.5713127721038199,,,total,1
2011_05_SD_DEN,2011,5,2011-10-09,REG,DEN,SD,24.0,29.0,-3.5,47.0,-5.0,-1.5,6.0,0.2865705629413846,0.360293204124736,1.0,0.46279196421018215,0.5623075663101917,0.5,0.5623075663101917,,,total,1
2011_05_OAK_HOU,2011,5,2011-10-09,REG,HOU,OAK,20.0,25.0,4.5,47.5,-5.0,-9.5,-2.5,0.6324656287228855,0.6712553934662009,0.0,0.31671206838905197,0.5761891571875235,0.5,0.5761891571875235,,,total,0
2011_05_KC_IND,2011,5,2011-10-09,REG,IND,KC,24.0,28.0,1.0,37.5,-4.0,-5.0,14.5,0.6774969607568124,0.521797153024911,1.0,0.4019440571995152,0.5678807448957277,0.5,0.5678807448957277,,,total,1
2011_05_CIN_JAX,2011,5,2011-10-09,REG,JAX,CIN,20.0,30.0,-1.0,37.0,-10.0,-9.0,13.0,0.5360937958454135,0.43762053107847504,1.0,0.687909101553366,0.5410865991172356,0.5,0.5410865991172356,,,total,1
2011_05_ARI_MIN,2011,5,2011-10-09,REG,MIN,ARI,34.0,10.0,3.5,44.5,24.0,20.5,-0.5,0.6550917427417665,0.6397067958752639,0.0,0.6174240596457148,0.5481485124253546,0.5,0.5481485124253546,,,total,0
2011_05_NYJ_NE,2011,5,2011-10-09,REG,NE,NYJ,30.0,21.0,7.5,50.5,9.0,1.5,0.5,0.7066402024835508,0.7641509433962264,1.0,0.462591144432602,0.5623257261066332,0.5,0.5623257261066332,,,total,1
2011_05_SEA_NYG,2011,5,2011-10-09,REG,NYG,SEA,25.0,36.0,10.0,43.5,-11.0,-21.0,17.5,0.7788126662321145,0.7987191216834401,1.0,0.26226064658152,0.5820962979768014,0.5,0.5820962979768014,,,total,1
2011_05_TEN_PIT,2011,5,2011-10-09,REG,PIT,TEN,38.0,17.0,3.0,40.0,21.0,18.0,15.0,0.6652596233984028,0.6186511705872493,1.0,0.39661533996527126,0.5683786627459839,0.5,0.5683786627459839,,,total,1
2011_05_TB_SF,2011,5,2011-10-09,REG,SF,TB,48.0,3.0,2.5,41.0,45.0,42.5,10.0,0.5107066508428834,0.5697382574399427,1.0,0.5524526297594872,0.5542053345562871,0.5,0.5542053345562871,,,total,1
2011_05_CHI_DET,2011,5,2011-10-10,REG,DET,CHI,24.0,13.0,6.5,47.0,11.0,4.5,-10.0,0.5412495722571773,0.7194329592439458,0.0,0.44622172745759187,0.5638096550765026,0.5,0.5638096550765026,,,total,0
2011_06_CAR_ATL,2011,6,2011-10-16,REG,ATL,CAR,31.0,17.0,3.5,49.0,14.0,10.5,-1.0,0.8009909525856456,0.6397067958752639,0.0,0.5676843258213032,0.5528096917958637,0.5,0.5528096917958637,,,total,0
2011_06_HOU_BAL,2011,6,2011-10-16,REG,BAL,HOU,29.0,14.0,7.0,43.5,15.0,8.0,-0.5,0.7409519425454092,0.7389050529177836,0.0,0.3782390128736073,0.5701131895612102,0.5,0.5701131895612102,,,total,0
2011_06_MIN_CHI,2011,6,2011-10-16,REG,CHI,MIN,39.0,10.0,1.0,41.5,29.0,28.0,7.5,0.6890396519825903,0.5480494766888677,1.0,0.5893638128226049,0.5508007730794705,0.5,0.5508007730794705,,,total,1
2011_06_IND_CIN,2011,6,2011-10-16,REG,CIN,IND,27.0,17.0,5.0,40.0,10.0,5.0,4.0,0.6087855083086325,0.6800775569558896,1.0,0.4165242081174601,0.5665283242111538,0.5,0.5665283242111538,,,total,1
2011_06_SF_DET,2011,6,2011-10-16,REG,DET,SF,19.0,25.0,5.5,45.0,-6.0,-11.5,-1.0,0.6035534720519198,0.6777721938096788,0.0,0.654171026324788,0.544553446498824,0.5,0.544553446498824,,,total,0
2011_06_STL_GB,2011,6,2011-10-16,REG,GB,STL,24.0,3.0,14.0,47.0,21.0,7.0,-20.0,0.9382282784749961,0.8851608069781131,0.0,0.17666224845280895,0.5932704841789461,0.5,0.5932704841789461,,,total,0
2011_06_DAL_NE,2011,6,2011-10-16,REG,NE,DAL,20.0,16.0,6.5,54.5,4.0,-2.5,-18.5,0.805467247572684,0.7258155230596175,0.0,0.3480036434760298,0.5730388339322291,0.5,0.5730388339322291,,,total,0
2011_06_BUF_NYG,2011,6,2011-10-16,REG,NYG,BUF,27.0,24.0,3.0,49.0,3.0,0.0,2.0,0.5905296733872817,0.6332518337408314,1.0,0.4649997025876026,0.5621079838735734,0.5,0.5621079838735734,,,total,1
2011_06_CLE_OAK,2011,6,2011-10-16,REG,OAK,CLE,24.0,17.0,6.5,44.5,7.0,0.5,-3.5,0.7255861030507643,0.7258155230596175,0.0,0.4621949473522059,0.5623615562801835,0.5,0.5623615562801835,,,total,0
2011_06_JAX_PIT,2011,6,2011-10-16,REG,PIT,JAX,17.0,13.0,12.5,40.0,4.0,-8.5,-10.0,0.8317389095296077,0.8378547215051491,0.0,0.5029436647336236,0.5586874645040234,0.5,0.5586874645040234,,,total,0
2011_06_NO_TB,2011,6,2011-10-16,REG,TB,NO,26.0,20.0,-6.0,49.5,6.0,12.0,-3.5,0.40477548425625814,0.2975099169972333,0.0,0.5076955667687436,0.5582592927615178,0.5,0.5582592927615178,,,total,0
2011_06_PHI_WAS,2011,6,2011-10-16,REG,WAS,PHI,13.0,20.0,-3.0,46.5,-7.0,-4.0,-13.5,0.5375180457394185,0.41899204424013164,0.0,0.6045830592406551,0.5493706172359734,0.5,0.5493706172359734,,,total,0
2011_06_MIA_NYJ,2011,6,2011-10-17,REG,NYJ,MIA,24.0,6.0,7.0,41.5,18.0,11.0,-11.5,0.7740267697397368,0.7692563405619977,0.0,0.5483180517141271,0.5545823635878948,0.5,0.5545823635878948,,,total,0
2011_07_PIT_ARI,2011,7,2011-10-23,REG,ARI,PIT,20.0,32.0,-4.0,46.0,-12.0,-8.0,6.0,0.21848904630226115,0.333350970950844,1.0,0.6361389579448122,0.5463375856763268,0.5,0.5463375856763268,,,total,1
2011_07_WAS_CAR,2011,7,2011-10-23,REG,CAR,WAS,33.0,20.0,1.5,44.5,13.0,11.5,8.5,0.4452107165445924,0.556697108066971,1.0,0.35001353459106604,0.5728411192797488,0.5,0.5728411192797488,,,total,1
2011_07_SEA_CLE,2011,7,2011-10-23,REG,CLE,SEA,6.0,3.0,3.0,41.0,3.0,0.0,-32.0,0.5279064559115184,0.6397067958752639,0.0,0.6343560943491814,0.5465117808094806,0.5,0.5465117808094806,,,total,0
2011_07_STL_DAL,2011,7,2011-10-23,REG,DAL,STL,34.0,7.0,14.0,43.0,27.0,13.0,-2.0,0.7892629350824774,0.8865979381443299,0.0,0.29559623114628053,0.5784055535827038,0.5,0.5784055535827038,,,total,0
2011_07_ATL_DET,2011,7,2011-10-23,REG,DET,ATL,16.0,23.0,4.5,47.0,-7.0,-11.5,-8.0,0.5254304512989263,0.6712553934662009,0.0,0.5377211477112385,0.5555457532889578,0.5,0.5555457532889578,,,total,0
2011_07_DEN_MIA,2011,7,2011-10-23,REG,MIA,DEN,15.0,18.0,-1.0,41.5,-3.0,-2.0,-8.5,0.6525487214710176,0.497677011707861,0.0,0.5991595909899158,0.5498823867524286,0.5,0.5498823867524286,,,total,0
2011_07_GB_MIN,2011,7,2011-10-23,REG,MIN,GB,27.0,33.0,-10.0,47.0,-6.0,4.0,13.0,0.17437540277387215,0.17558327507864382,1.0,0.5683634715530697,0.5527471904592135,0.5,0.5527471904592135,,,total,1
2011_07_IND_NO,2011,7,2011-10-23,REG,NO,IND,62.0,7.0,13.5,49.0,55.0,41.5,20.0,0.7778392646403026,0.8865979381443299,1.0,0.3336647222260632,0.5744647428278865,0.5,0.5744647428278865,,,total,1
2011_07_SD_NYJ,2011,7,2011-10-23,REG,NYJ,SD,27.0,21.0,-1.0,43.0,6.0,7.0,5.0,0.5855225252330479,0.5,1.0,0.7184267486672078,0.5377662857335842,0.5,0.5377662857335842,,,total,1
2011_07_KC_OAK,2011,7,2011-10-23,REG,OAK,KC,0.0,28.0,3.5,41.5,-28.0,-31.5,-13.5,0.7282761179928574,0.6274614156466205,0.0,0.6113340861655342,0.548730011099032,0.5,0.548730011099032,,,total,0
2011_07_CHI_TB,2011,7,2011-10-23,REG,TB,CHI,18.0,24.0,-1.5,44.0,-6.0,-4.5,-2.0,0.46780128504787316,0.4630595302657377,0.0,0.38936544942107515,0.5690595891477558,0.5,0.5690595891477558,,,total,0
2011_07_HOU_TEN,2011,7,2011-10-23,REG,TEN,HOU,7.0,41.0,3.0,44.0,-34.0,-37.0,4.0,0.5816328053253,0.5660893345487694,1.0,0.48839037681033604,0.5599982807133371,0.5,0.5599982807133371,,,total,1
2011_07_BAL_JAX,2011,7,2011-10-24,REG,JAX,BAL,12.0,7.0,-10.0,38.5,5.0,15.0,-19.5,0.21918594380925077,0.1800893243048552,0.0,0.6874164706458362,0.5411386220707722,0.5,0.5411386220707722,,,total,0
2011_08_ARI_BAL,2011,8,2011-10-30,REG,BAL,ARI,30.0,27.0,12.0,43.0,3.0,-9.0,14.0,0.8846838680229561,0.8671923635609047,1.0,0.535349814568913,0.5557608248950692,0.5,0.5557608248950692,,,total,1
2011_08_WAS_BUF,2011,8,2011-10-30,REG,BUF,WAS,23.0,0.0,4.0,46.5,23.0,19.0,-23.5,0.6918256484806987,0.6611281154350678,0.0,0.5972759170871116,0.5500595670181314,0.5,0.5500595670181314,,,total,0
2011_08_MIN_CAR,2011,8,2011-10-30,REG,CAR,MIN,21.0,24.0,3.0,47.0,-3.0,-6.0,-2.0,0.5278842909811581,0.6214728148657949,0.0,0.2627624651401646,0.5820387007692365,0.5,0.5820387007692365,,,total,0
2011_08_DET_DEN,2011,8,2011-10-30,REG,DEN,DET,10.0,45.0,-3.0,43.5,-35.0,-32.0,11.5,0.39110006178742734,0.38421186945302976,1.0,0.5389846350580648,0.5554310883061556,0.5,0.5554310883061556,,,total,1
2011_08_JAX_HOU,2011,8,2011-10-30,REG,HOU,JAX,24.0,14.0,10.0,41.0,10.0,0.0,-3.0,0.7468743206230205,0.7953615279672579,0.0,0.38901721849317156,0.5690924023580963,0.5,0.5690924023580963,,,total,0
2011_08_MIA_NYG,2011,8,2011-10-30,REG,NYG,MIA,20.0,17.0,9.5,43.5,3.0,-6.5,-6.5,0.7629845488870899,0.8133748055987559,0.0,0.4694216091502492,0.5617085421773081,0.5,0.5617085421773081,,,total,0
2011_08_DAL_PHI,2011,8,2011-10-30,REG,PHI,DAL,34.0,7.0,3.0,49.0,27.0,24.0,-8.0,0.5890830717685975,0.6033428208078484,0.0,0.478359114519923,0.5609022098439236,0.5,0.5609022098439236,,,total,0
2011_08_NE_PIT,2011,8,2011-10-30,REG,PIT,NE,25.0,17.0,-3.0,52.0,8.0,11.0,-10.0,0.4771079751619228,0.3871172000921022,0.0,0.5469024983860987,0.5547112900475759,0.5,0.5547112900475759,,,total,0
2011_08_CIN_SEA,2011,8,2011-10-30,REG,SEA,CIN,12.0,34.0,-1.0,37.5,-22.0,-21.0,8.5,0.48734354147274733,0.48044542229805576,1.0,0.6418473727972662,0.5457772753081496,0.5,0.5457772753081496,,,total,1
2011_08_CLE_SF,2011,8,2011-10-30,REG,SF,CLE,20.0,10.0,9.0,38.5,10.0,1.0,-8.5,0.7451351161857308,0.7923104001251613,0.0,0.6652909059653357,0.5434309543743545,0.5,0.5434309543743545,,,total,0
2011_08_NO_STL,2011,8,2011-10-30,REG,STL,NO,31.0,21.0,-13.5,48.5,10.0,23.5,3.5,0.19384472379303314,0.12141816415735793,1.0,0.7820302373009274,0.5300182179446197,0.5,0.5300182179446197,,,total,1
2011_08_IND_TEN,2011,8,2011-10-30,REG,TEN,IND,27.0,10.0,9.0,43.5,17.0,8.0,-6.5,0.647852340071279,0.7766031805494009,0.0,0.4606462458064267,0.5625016490722203,0.5,0.5625016490722203,,,total,0
2011_08_SD_KC,2011,8,2011-10-31,REG,KC,SD,23.0,20.0,-3.0,44.5,3.0,6.0,-1.5,0.4559801083667662,0.40190672025422935,0.0,0.48148805301804043,0.5606201660134615,0.5,0.5606201660134615,,,total,0
2011_09_STL_ARI,2011,9,2011-11-06,REG,ARI,STL,19.0,13.0,1.0,41.5,6.0,5.0,-9.5,0.5447620834118508,0.5262215623771888,0.0,0.7030194300405026,0.5394677026753755,0.5,0.5394677026753755,,,total,0
2011_09_NYJ_BUF,2011,9,2011-11-06,REG,BUF,NYJ,11.0,27.0,2.5,45.0,-16.0,-18.5,-7.0,0.4611559194754189,0.5520062329567589,0.0,0.41309021922202005,0.5668456309580043,0.5,0.5668456309580043,,,total,0
2011_09_SEA_DAL,2011,9,2011-11-06,REG,DAL,SEA,23.0,13.0,11.0,46.0,10.0,-1.0,-10.0,0.6921419372807734,0.8247592137258365,0.0,0.5147815762573618,0.5576203882958485,0.5,0.5576203882958485,,,total,0
2011_09_CLE_HOU,2011,9,2011-11-06,REG,HOU,CLE,30.0,12.0,10.5,42.5,18.0,7.5,-0.5,0.7702238638159201,0.8212157330154947,0.0,0.6565227803181897,0.5443175536484967,0.5,0.5443175536484967,,,total,0
2011_09_ATL_IND,2011,9,2011-11-06,REG,IND,ATL,7.0,31.0,-6.5,45.0,-24.0,-17.5,-7.0,0.32689066115778737,0.2680965147453084,0.0,0.36847575729712095,0.5710471880197366,0.5,0.5710471880197366,,,total,0
2011_09_MIA_KC,2011,9,2011-11-06,REG,KC,MIA,3.0,31.0,5.0,41.0,-28.0,-33.0,-7.0,0.7292257416617147,0.6800775569558896,0.0,0.46791159051165326,0.561844902952461,0.5,0.561844902952461,,,total,0
2011_09_NYG_NE,2011,9,2011-11-06,REG,NE,NYG,20.0,24.0,9.5,51.5,-4.0,-13.5,-7.5,0.7559494886881561,0.8161598505168621,0.0,0.4718148827350576,0.561492503383783,0.5,0.561492503383783,,,total,0
2011_09_TB_NO,2011,9,2011-11-06,REG,NO,TB,27.0,16.0,9.0,50.5,11.0,2.0,-7.5,0.6660560312566408,0.8003561215129767,0.0,0.5691475046210096,0.5526750048940074,0.5,0.5526750048940074,,,total,0
2011_09_DEN_OAK,2011,9,2011-11-06,REG,OAK,DEN,24.0,38.0,7.0,41.5,-14.0,-21.0,20.5,0.7641047927441369,0.7516485398646913,1.0,0.5303311276759669,0.5562154676084777,0.5,0.5562154676084777,,,total,1
2011_09_BAL_PIT,2011,9,2011-11-06,REG,PIT,BAL,20.0,23.0,3.5,41.5,-3.0,-6.5,1.5,0.6038136623866761,0.6463391320971134,1.0,0.549464572673599,0.5544778826912372,0.5,0.5544778826912372,,,total,1
2011_09_GB_SD,2011,9,2011-11-06,REG,SD,GB,38.0,45.0,-5.5,50.5,-7.0,-1.5,32.5,0.2966548620903801,0.3263384422643645,1.0,0.3836504800980562,0.5695993981468919,0.5,0.5695993981468919,,,total,1
2011_09_CIN_TEN,2011,9,2011-11-06,REG,TEN,CIN,17.0,24.0,1.5,41.5,-7.0,-8.5,-0.5,0.529511203051081,0.562379468921525,0.0,0.38297839884155044,0.5696630654137882,0.5,0.5696630654137882,,,total,0
2011_09_SF_WAS,2011,9,2011-11-06,REG,WAS,SF,11.0,19.0,-5.0,38.0,-8.0,-3.0,-8.0,0.34568331710279676,0.3108997805413313,0.0,0.46084498433251925,0.5624836683084218,0.5,0.5624836683084218,,,total,0
2011_09_CHI_PHI,2011,9,2011-11-07,REG,PHI,CHI,24.0,30.0,9.0,47.5,-6.0,-15.0,6.5,0.5523197052787637,0.7618424496205181,1.0,0.5695489816836918,0.5526380278896907,0.5,0.5526380278896907,,,total,1
2011_10_OAK_SD,2011,10,2011-11-10,REG,SD,OAK,17.0,24.0,7.5,47.5,-7.0,-14.5,-6.5,0.7028390567415562,0.7490809359864622,0.0,0.2942339605095445,0.5785514723877144,0.5,0.5785514723877144,,,total,0
2011_10_NO_ATL,2011,10,2011-11-13,REG,ATL,NO,23.0,26.0,1.0,49.5,-3.0,-4.0,-0.5,0.5973866217662916,0.5195545777019441,0.0,0.7430792944772965,0.5349186108748895,0.5,0.5349186108748895,,,total,0
2011_10_TEN_CAR,2011,10,2011-11-13,REG,CAR,TEN,3.0,30.0,3.5,47.5,-27.0,-30.5,-14.5,0.4350895039752858,0.6397067958752639,0.0,0.0947797113741027,0.6089833575482482,0.5,0.6089833575482482,,,total,0
2011_10_DET_CHI,2011,10,2011-11-13,REG,CHI,DET,37.0,13.0,2.5,42.5,24.0,21.5,7.5,0.6600761905916958,0.5605012156349355,1.0,0.44255031071482576,0.5641436591905329,0.5,0.5641436591905329,,,total,1
2011_10_PIT_CIN,2011,10,2011-11-13,REG,CIN,PIT,17.0,24.0,-3.5,40.5,-7.0,-3.5,0.5,0.4487536905497773,0.360293204124736,1.0,0.33167758486335924,0.5746646024382768,0.5,0.5746646024382768,,,total,1
2011_10_STL_CLE,2011,10,2011-11-13,REG,CLE,STL,12.0,13.0,2.5,36.5,-1.0,-3.5,-11.5,0.6578305647000937,0.555895865237366,0.0,0.37754779497541335,0.5701790109037713,0.5,0.5701790109037713,,,total,0
2011_10_BUF_DAL,2011,10,2011-11-13,REG,DAL,BUF,44.0,7.0,4.5,48.5,37.0,32.5,2.5,0.5862370589114191,0.6733551096593561,1.0,0.5309909928406714,0.5561557295167612,0.5,0.5561557295167612,,,total,1
2011_10_JAX_IND,2011,10,2011-11-13,REG,IND,JAX,3.0,17.0,-3.0,37.5,-14.0,-11.0,-17.5,0.5376733656864159,0.4207141879874127,0.0,0.5273808352551603,0.5564824255079174,0.5,0.5564824255079174,,,total,0
2011_10_DEN_KC,2011,10,2011-11-13,REG,KC,DEN,10.0,17.0,3.0,42.0,-7.0,-10.0,-15.0,0.6541036456203873,0.6328092676872155,0.0,0.39979499556088693,0.5680813031913738,0.5,0.5680813031913738,,,total,0
2011_10_WAS_MIA,2011,10,2011-11-13,REG,MIA,WAS,20.0,9.0,4.0,38.5,11.0,7.0,-9.5,0.6442931680358884,0.664461906242295,0.0,0.23459971882607256,0.5853871133009729,0.5,0.5853871133009729,,,total,0
2011_10_NE_NYJ,2011,10,2011-11-13,REG,NYJ,NE,16.0,37.0,2.5,47.0,-21.0,-23.5,6.0,0.5429144442843805,0.562379468921525,1.0,0.2578495869467951,0.5826055833438869,0.5,0.5826055833438869,,,total,1
2011_10_ARI_PHI,2011,10,2011-11-13,REG,PHI,ARI,17.0,21.0,13.5,47.0,-4.0,-17.5,-9.0,0.7897934574731628,0.8540944738281961,0.0,0.22773030164136662,0.5862438024072382,0.5,0.5862438024072382,,,total,0
2011_10_BAL_SEA,2011,10,2011-11-13,REG,SEA,BAL,22.0,17.0,-7.0,38.5,5.0,12.0,0.5,0.22691062645902565,0.2680965147453084,1.0,0.3945687943675526,0.5685704592272267,0.5,0.5685704592272267,,,total,1
2011_10_NYG_SF,2011,10,2011-11-13,REG,SF,NYG,27.0,20.0,4.0,42.5,7.0,3.0,4.5,0.596634457988828,0.6562218214607755,1.0,0.2420093351525804,0.5844817726190876,0.5,0.5844817726190876,,,total,1
2011_10_HOU_TB,2011,10,2011-11-13,REG,TB,HOU,9.0,37.0,-3.5,45.5,-28.0,-24.5,0.5,0.4553292942854651,0.36851357510254573,1.0,0.33935879230969695,0.5738951691109255,0.5,0.5738951691109255,,,total,1
2011_10_MIN_GB,2011,10,2011-11-14,REG,GB,MIN,45.0,7.0,12.5,49.0,38.0,25.5,3.0,0.9037161384200478,0.8469770364214921,1.0,0.23165995776575454,0.5857516202415584,0.5,0.5857516202415584,,,total,1
2011_11_NYJ_DEN,2011,11,2011-11-17,REG,DEN,NYJ,17.0,13.0,-6.5,38.5,4.0,10.5,-8.5,0.3288933520919009,0.2805670407560544,0.0,0.4118763358613325,0.5669579681588357,0.5,0.5669579681588357,,,total,0
2011_11_TEN_ATL,2011,11,2011-11-20,REG,ATL,TEN,23.0,17.0,6.0,44.0,6.0,0.0,-4.0,0.6941293889078077,0.6969696969696969,0.0,0.654069934287178,0.5445635690564467,0.5,0.5445635690564467,,,total,0
2011_11_CIN_BAL,2011,11,2011-11-20,REG,BAL,CIN,31.0,24.0,7.0,39.5,7.0,0.0,15.5,0.7032176725846215,0.741037721131946,1.0,0.3806775484749307,0.5698813337632125,0.5,0.5698813337632125,,,total,1
2011_11_SD_CHI,2011,11,2011-11-20,REG,CHI,SD,31.0,20.0,4.5,45.0,11.0,6.5,6.0,0.709841451632935,0.6820654255726654,1.0,0.37530166547215227,0.5703932110080837,0.5,0.5703932110080837,,,total,1
2011_11_JAX_CLE,2011,11,2011-11-20,REG,CLE,JAX,14.0,10.0,1.0,34.5,4.0,3.0,-10.5,0.5054221133476158,0.5116279069767442,0.0,0.5946884388928223,0.5503024886505874,0.5,0.5503024886505874,,,total,0
2011_11_CAR_DET,2011,11,2011-11-20,REG,DET,CAR,49.0,35.0,7.0,47.5,14.0,7.0,36.5,0.7817511788455912,0.7464578672632363,1.0,0.20967677522122904,0.5885838468617421,0.5,0.5885838468617421,,,total,1
2011_11_TB_GB,2011,11,2011-11-20,REG,GB,TB,35.0,26.0,13.5,48.5,9.0,-4.5,12.5,0.89217401084944,0.8570831009481317,1.0,0.33660737974109106,0.5741698226230724,0.5,0.5741698226230724,,,total,1
2011_11_BUF_MIA,2011,11,2011-11-20,REG,MIA,BUF,35.0,8.0,3.0,44.0,27.0,24.0,-1.0,0.5550742449714362,0.5949110703209063,0.0,0.45587251712928056,0.5629338538614963,0.5,0.5629338538614963,,,total,0
2011_11_OAK_MIN,2011,11,2011-11-20,REG,MIN,OAK,21.0,27.0,1.0,46.0,-6.0,-7.0,2.0,0.5090143243551297,0.5460453954604539,1.0,0.5957748732697082,0.5502005542310067,0.5,0.5502005542310067,,,total,1
2011_11_PHI_NYG,2011,11,2011-11-20,REG,NYG,PHI,10.0,17.0,6.0,45.0,-7.0,-13.0,-18.0,0.6497008302373464,0.6757296083811425,0.0,0.3791515869091351,0.5700263578290161,0.5,0.5700263578290161,,,total,0
2011_11_ARI_SF,2011,11,2011-11-20,REG,SF,ARI,23.0,7.0,10.0,40.5,16.0,6.0,-10.5,0.8263749035883767,0.8199106756951448,0.0,0.3176649554156119,0.5760910157114003,0.5,0.5760910157114003,,,total,0
2011_11_SEA_STL,2011,11,2011-11-20,REG,STL,SEA,7.0,24.0,3.0,40.5,-17.0,-20.0,-9.5,0.4805115875588014,0.5980932797457705,0.0,0.5651867519864656,0.5530393281294556,0.5,0.5530393281294556,,,total,0
2011_11_DAL_WAS,2011,11,2011-11-20,REG,WAS,DAL,24.0,27.0,-7.0,43.0,-3.0,4.0,8.0,0.3498358783964809,0.250919064013538,1.0,0.6559716725365087,0.5443729029343519,0.5,0.5443729029343519,,,total,1
2011_11_KC_NE,2011,11,2011-11-21,REG,NE,KC,34.0,3.0,17.0,46.5,31.0,14.0,-9.5,0.8689750395186379,0.9204419889502762,0.0,0.5004494120054036,0.5589121510350792,0.5,0.5589121510350792,,,total,0
2011_12_SF_BAL,2011,12,2011-11-24,REG,BAL,SF,16.0,6.0,3.0,38.5,10.0,7.0,-16.5,0.6226820210632543,0.6228683865325755,0.0,0.31728384540700805,0.5761302494693185,0.5,0.5761302494693185,,,total,0
2011_12_MIA_DAL,2011,12,2011-11-24,REG,DAL,MIA,20.0,19.0,7.0,45.5,1.0,-6.0,-6.5,0.6607403796431709,0.7319034852546917,0.0,0.5402874462367664,0.5553128007602648,0.5,0.5553128007602648,,,total,0
2011_12_GB_DET,2011,12,2011-11-24,REG,DET,GB,15.0,27.0,-4.0,55.0,-12.0,-8.0,-13.0,0.23462169138868197,0.360293204124736,0.0,0.47636087455192333,0.5610823901609082,0.5,0.5610823901609082,,,total,0
2011_12_MIN_ATL,2011,12,2011-11-27,REG,ATL,MIN,24.0,14.0,10.0,44.0,10.0,0.0,-6.0,0.8020307243685013,0.8108004104669062,0.0,0.6241882719466343,0.5474983287312213,0.5,0.5474983287312213,,,total,0
2011_12_CLE_CIN,2011,12,2011-11-27,REG,CIN,CLE,23.0,20.0,6.5,38.5,3.0,-3.5,4.5,0.7251428027886295,0.7161241483724451,1.0,0.47850250451097504,0.560889282291105,0.5,0.560889282291105,,,total,1
2011_12_CAR_IND,2011,12,2011-11-27,REG,IND,CAR,19.0,27.0,-3.5,46.5,-8.0,-4.5,-0.5,0.6098728202240169,0.3752699784017279,0.0,0.6784749203143422,0.5420751387501581,0.5,0.5420751387501581,,,total,0
2011_12_HOU_JAX,2011,12,2011-11-27,REG,JAX,HOU,13.0,20.0,-6.0,37.0,-7.0,-1.0,-4.0,0.32201084796577145,0.29135901017760923,0.0,0.4354540969681084,0.5647907197861967,0.5,0.5647907197861967,,,total,0
2011_12_PIT_KC,2011,12,2011-11-27,REG,KC,PIT,9.0,13.0,-10.5,41.5,-4.0,6.5,-19.5,0.24482574253295553,0.18662519440124417,0.0,0.3845498030823108,0.569514266131497,0.5,0.569514266131497,,,total,0
2011_12_BUF_NYJ,2011,12,2011-11-27,REG,NYJ,BUF,28.0,24.0,9.5,42.5,4.0,-5.5,9.5,0.7492941774106746,0.7987191216834401,1.0,0.45436258430061705,0.5630706896344391,0.5,0.5630706896344391,,,total,1
2011_12_CHI_OAK,2011,12,2011-11-27,REG,OAK,CHI,25.0,20.0,3.0,40.5,5.0,2.0,4.5,0.3994506308416576,0.5697382574399427,1.0,0.6304699655885758,0.5468901996024118,0.5,0.5468901996024118,,,total,1
2011_12_NE_PHI,2011,12,2011-11-27,REG,PHI,NE,20.0,38.0,-3.0,50.5,-18.0,-15.0,7.5,0.34019872407730445,0.4259645555419216,1.0,0.33327982962008346,0.5745034092708824,0.5,0.5745034092708824,,,total,1
2011_12_DEN_SD,2011,12,2011-11-27,REG,SD,DEN,13.0,16.0,4.5,42.5,-3.0,-7.5,-13.5,0.6546707095506734,0.6611281154350678,0.0,0.4337790257101745,0.5649437690685045,0.5,0.5649437690685045,,,total,0
2011_12_WAS_SEA,2011,12,2011-11-27,REG,SEA,WAS,17.0,23.0,3.0,37.0,-6.0,-9.0,3.0,0.6941812538154242,0.5697382574399427,1.0,0.6556507726134111,0.5444051118708751,0.5,0.5444051118708751,,,total,1
2011_12_ARI_STL,2011,12,2011-11-27,REG,STL,ARI,20.0,23.0,1.0,40.0,-3.0,-4.0,3.0,0.5089962703130133,0.5697382574399427,1.0,0.6107541444929994,0.5487852036758589,0.5,0.5487852036758589,,,total,1
2011_12_TB_TEN,2011,12,2011-11-27,REG,TEN,TB,23.0,17.0,3.0,43.5,6.0,3.0,-3.5,0.6183309637796727,0.6143408084559349,0.0,0.2722948916842399,0.5809572615086956,0.5,0.5809572615086956,,,total,0
2011_12_NYG_NO,2011,12,2011-11-28,REG,NO,NYG,49.0,24.0,7.0,51.0,25.0,18.0,22.0,0.6902202758519695,0.7382366085679627,1.0,0.3651687663624282,0.5713657353672024,0.5,0.5713657353672024,,,total,1
2011_13_PHI_SEA,2011,13,2011-12-01,REG,SEA,PHI,31.0,14.0,-3.0,43.5,17.0,20.0,1.5,0.4495650321403538,0.4034916946651176,1.0,0.5216444525420953,0.55700091189141,0.5,0.55700091189141,,,total,1
2011_13_DAL_ARI,2011,13,2011-12-04,REG,ARI,DAL,19.0,13.0,-4.0,46.5,6.0,10.0,-14.5,0.35453655645528226,0.3488372093023256,0.0,0.5456148384963893,0.5548285017297881,0.5,0.5548285017297881,,,total,0
2011_13_TEN_BUF,2011,13,2011-12-04,REG,BUF,TEN,17.0,23.0,1.0,43.5,-6.0,-7.0,-3.5,0.47656525245329057,0.5046466242274987,0.0,0.44466271074365105,0.5639514250609188,0.5,0.5639514250609188,,,total,0
2011_13_KC_CHI,2011,13,2011-12-04,REG,CHI,KC,3.0,10.0,9.0,35.0,-7.0,-16.0,-22.0,0.8134948978514597,0.7770903466472567,0.0,0.38120652411541667,0.5698311106985974,0.5,0.5698311106985974,,,total,0
2011_13_BAL_CLE,2011,13,2011-12-04,REG,CLE,BAL,10.0,24.0,-7.0,38.5,-14.0,-7.0,-4.5,0.23922079665079074,0.27345143264772326,0.0,0.1896589097161746,0.5913537129967809,0.5,0.5913537129967809,,,total,0
2011_13_ATL_HOU,2011,13,2011-12-04,REG,HOU,ATL,17.0,10.0,-1.0,38.5,7.0,8.0,-11.5,0.6013519435544006,0.46943325045014145,0.0,0.45311955402963505,0.5631833874767074,0.5,0.5631833874767074,,,total,0
2011_13_OAK_MIA,2011,13,2011-12-04,REG,MIA,OAK,34.0,14.0,3.5,43.0,20.0,16.5,5.0,0.5148088461459436,0.6123582504049989,1.0,0.21981353622608973,0.5872533663652231,0.5,0.5872533663652231,,,total,1
2011_13_DEN_MIN,2011,13,2011-12-04,REG,MIN,DEN,32.0,35.0,1.0,37.5,-3.0,-4.0,29.5,0.49495555678688974,0.5520062329567589,1.0,0.40094964894685753,0.5679735052690046,0.5,0.5679735052690046,,,total,1
2011_13_IND_NE,2011,13,2011-12-04,REG,NE,IND,31.0,24.0,20.5,48.5,7.0,-13.5,6.5,0.9285538153076122,0.9307479224376731,1.0,0.21879854925800893,0.5873846156518044,0.5,0.5873846156518044,,,total,1
2011_13_DET_NO,2011,13,2011-12-04,REG,NO,DET,31.0,17.0,9.5,55.0,14.0,4.5,-7.0,0.7300121985164074,0.7566244633432689,0.0,0.5025757522998352,0.5587206087565054,0.5,0.5587206087565054,,,total,0
2011_13_GB_NYG,2011,13,2011-12-04,REG,NYG,GB,35.0,38.0,-7.0,53.5,-3.0,4.0,19.5,0.20847091861029757,0.271105010295127,1.0,0.4570370020179463,0.5628283676660402,0.5,0.5628283676660402,,,total,1
2011_13_CIN_PIT,2011,13,2011-12-04,REG,PIT,CIN,35.0,7.0,7.0,43.5,28.0,21.0,-1.5,0.7535774074460527,0.7437774524158125,0.0,0.38199391734873195,0.569756399276106,0.5,0.569756399276106,,,total,0
2011_13_STL_SF,2011,13,2011-12-04,REG,SF,STL,26.0,0.0,14.0,38.5,26.0,12.0,-12.5,0.8724590701668448,0.8677248677248677,0.0,0.48500201885070543,0.5603035239196333,0.5,0.5603035239196333,,,total,0
2011_13_CAR_TB,2011,13,2011-12-04,REG,TB,CAR,19.0,38.0,-1.0,45.5,-19.0,-18.0,11.5,0.6922627731264764,0.43949878436506445,1.0,0.43505597104967353,0.5648270848705462,0.5,0.5648270848705462,,,total,1
2011_13_NYJ_WAS,2011,13,2011-12-04,REG,WAS,NYJ,19.0,34.0,-3.0,38.5,-15.0,-12.0,14.5,0.3119869451288386,0.38764174959500114,1.0,0.3157929984829258,0.5762839601881734,0.5,0.5762839601881734,,,total,1
2011_13_SD_JAX,2011,13,2011-12-05,REG,JAX,SD,14.0,38.0,-3.0,39.5,-24.0,-21.0,12.5,0.48637078690647556,0.3966571791921516,1.0,0.5559363410643503,0.5538870973356889,0.5,0.5538870973356889,,,total,1
2011_14_CLE_PIT,2011,14,2011-12-08,REG,PIT,CLE,14.0,3.0,14.0,40.0,11.0,-3.0,-23.0,0.8817296463226345,0.8935792834338417,0.0,0.6241701132626241,0.5475000804962842,0.5,0.5475000804962842,,,total,0
2011_14_SF_ARI,2011,14,2011-12-11,REG,ARI,SF,21.0,19.0,-3.5,39.0,2.0,5.5,1.0,0.3238041625264286,0.3920988384996671,1.0,0.4643863286764471,0.5621634229214163,0.5,0.5621634229214163,,,total,1
2011_14_IND_BAL,2011,14,2011-12-11,REG,BAL,IND,24.0,10.0,16.5,41.5,14.0,-2.5,-7.5,0.9083297635337874,0.9051512673753066,0.0,0.39000465698281594,0.5689993837665084,0.5,0.5689993837665084,,,total,0
2011_14_ATL_CAR,2011,14,2011-12-11,REG,CAR,ATL,23.0,31.0,-3.0,48.0,-8.0,-5.0,6.0,0.3188545256748539,0.4224502112251056,1.0,0.36970238812753486,0.5709293216100589,0.5,0.5709293216100589,,,total,1
2011_14_HOU_CIN,2011,14,2011-12-11,REG,CIN,HOU,19.0,20.0,2.5,37.5,-1.0,-3.5,1.5,0.3976504147793836,0.5679213219076544,1.0,0.5465139316432517,0.5547466666601039,0.5,0.5547466666601039,,,total,1
2011_14_NYG_DAL,2011,14,2011-12-11,REG,DAL,NYG,34.0,37.0,4.5,48.5,-3.0,-7.5,22.5,0.6066349412001243,0.6655589638718473,1.0,0.22572791444560567,0.5864968334335906,0.5,0.5864968334335906,,,total,1
2011_14_CHI_DEN,2011,14,2011-12-11,REG,DEN,CHI,13.0,10.0,3.5,35.0,3.0,-0.5,-12.0,0.44962380900513077,0.6143408084559349,0.0,0.602213996384773,0.549594470426977,0.5,0.549594470426977,,,total,0
2011_14_MIN_DET,2011,14,2011-12-11,REG,DET,MIN,34.0,28.0,10.0,48.0,6.0,-4.0,14.0,0.7180404764356079,0.8133748055987559,1.0,0.26349522201212067,0.5819547201469417,0.5,0.5819547201469417,,,total,1
2011_14_OAK_GB,2011,14,2011-12-11,REG,GB,OAK,46.0,16.0,11.5,49.5,30.0,18.5,12.5,0.8882076746536604,0.8516477694182473,1.0,0.2894928527124443,0.5790623113887231,0.5,0.5790623113887231,,,total,1
2011_14_TB_JAX,2011,14,2011-12-11,REG,JAX,TB,41.0,14.0,-3.0,41.5,27.0,30.0,13.5,0.5520624295045488,0.4207141879874127,1.0,0.395149459529971,0.5685160081219116,0.5,0.5685160081219116,,,total,1
2011_14_PHI_MIA,2011,14,2011-12-11,REG,MIA,PHI,10.0,26.0,3.0,44.5,-16.0,-19.0,-8.5,0.6185150705902472,0.5520062329567589,0.0,0.2909720562867575,0.5789024252093401,0.5,0.5789024252093401,,,total,0
2011_14_KC_NYJ,2011,14,2011-12-11,REG,NYJ,KC,37.0,10.0,10.5,35.5,27.0,16.5,11.5,0.7733183538947638,0.825993842859055,1.0,0.6295368942919854,0.5469808040039162,0.5,0.5469808040039162,,,total,1
2011_14_BUF_SD,2011,14,2011-12-11,REG,SD,BUF,37.0,10.0,7.0,49.5,27.0,20.0,-2.5,0.7047014382420408,0.7375648067347672,0.0,0.36632704942630445,0.5712540322775327,0.5,0.5712540322775327,,,total,0
2011_14_NO_TEN,2011,14,2011-12-11,REG,TEN,NO,17.0,22.0,-3.5,47.5,-5.0,-1.5,-8.5,0.40891129464456505,0.3785271851342051,0.0,0.5273332438764204,0.5564867300896904,0.5,0.5564867300896904,,,total,0
2011_14_NE_WAS,2011,14,2011-12-11,REG,WAS,NE,27.0,34.0,-7.5,46.5,-7.0,0.5,14.5,0.15720707644537685,0.2555821323199087,1.0,0.6014873298407042,0.549663038094518,0.5,0.549663038094518,,,total,1
2011_14_STL_SEA,2011,14,2011-12-12,REG,SEA,STL,30.0,13.0,9.0,38.0,17.0,8.0,5.0,0.7635762746753695,0.768632470217584,1.0,0.457799042741332,0.562759357353935,0.5,0.562759357353935,,,total,1
2011_15_JAX_ATL,2011,15,2011-12-15,REG,ATL,JAX,41.0,14.0,14.0,41.5,27.0,13.0,13.5,0.8058016664788179,0.8840668474932191,1.0,0.6365330947569554,0.5462990257667295,0.5,0.5462990257667295,,,total,1
2011_15_DAL_TB,2011,15,2011-12-17,REG,TB,DAL,15.0,31.0,-7.0,47.0,-16.0,-9.0,-1.0,0.3931088078454867,0.24835146013530876,0.0,0.20269790195799686,0.5895267277968224,0.5,0.5895267277968224,,,total,0
2011_15_MIA_BUF,2011,15,2011-12-18,REG,BUF,MIA,23.0,30.0,-1.0,42.5,-7.0,-6.0,10.5,0.47201809235433956,0.4953533757725013,1.0,0.4505175532057147,0.5634194469525394,0.5,0.5634194469525394,,,total,1
2011_15_SEA_CHI,2011,15,2011-12-18,REG,CHI,SEA,14.0,38.0,3.5,34.5,-24.0,-27.5,17.5,0.6909936609730044,0.6451127819548872,1.0,0.765291686203578,0.5321934156749245,0.5,0.5321934156749245,,,total,1
2011_15_NE_DEN,2011,15,2011-12-18,REG,DEN,NE,23.0,41.0,-7.0,47.5,-18.0,-11.0,16.5,0.2607584210393047,0.2680965147453084,1.0,0.40461571083887526,0.5676318743291059,0.5,0.5676318743291059,,,total,1
2011_15_CAR_HOU,2011,15,2011-12-18,REG,HOU,CAR,13.0,28.0,4.5,45.0,-15.0,-19.5,-4.0,0.8555049143511512,0.6891002194586686,0.0,0.41735882612196906,0.5664513100176177,0.5,0.5664513100176177,,,total,0
2011_15_TEN_IND,2011,15,2011-12-18,REG,IND,TEN,27.0,13.0,-6.5,41.5,14.0,20.5,-1.5,0.31860102251130207,0.277337559429477,0.0,0.6349645953598235,0.54645236906047,0.5,0.54645236906047,,,total,0
2011_15_GB_KC,2011,15,2011-12-18,REG,KC,GB,19.0,14.0,-11.0,46.0,5.0,16.0,-13.0,0.13530097955181983,0.16746535390929249,0.0,0.6650480885315241,0.5434556630947356,0.5,0.5434556630947356,,,total,0
2011_15_NO_MIN,2011,15,2011-12-18,REG,MIN,NO,20.0,42.0,-7.0,53.5,-22.0,-15.0,8.5,0.2181440849104725,0.2562225475841874,1.0,0.5288819403741053,0.556346624529484,0.5,0.556346624529484,,,total,1
2011_15_WAS_NYG,2011,15,2011-12-18,REG,NYG,WAS,10.0,23.0,5.5,45.0,-13.0,-18.5,-12.0,0.7645368029348891,0.7050630837293135,0.0,0.4665649895917702,0.5619665432673963,0.5,0.5619665432673963,,,total,0
2011_15_DET_OAK,2011,15,2011-12-18,REG,OAK,DET,27.0,28.0,-1.0,47.5,-1.0,0.0,7.5,0.5492707597022316,0.4242002781641169,1.0,0.44042098192940093,0.5643376058671656,0.5,0.5643376058671656,,,total,1
2011_15_NYJ_PHI,2011,15,2011-12-18,REG,PHI,NYJ,45.0,19.0,3.0,44.0,26.0,23.0,20.0,0.4376653159860277,0.6048737248538935,1.0,0.47605941497535337,0.5611095770080463,0.5,0.5611095770080463,,,total,1
2011_15_BAL_SD,2011,15,2011-12-18,REG,SD,BAL,34.0,14.0,-1.0,44.5,20.0,21.0,3.5,0.37449030146070217,0.49070156678599663,1.0,0.49602309086427,0.5593108242733585,0.5,0.5593108242733585,,,total,1
2011_15_CIN_STL,2011,15,2011-12-18,REG,STL,CIN,13.0,20.0,-7.0,38.5,-7.0,0.0,-5.5,0.28264671091444077,0.2680965147453084,0.0,0.6818212714085028,0.5417263358184369,0.5,0.5417263358184369,,,total,0
2011_15_PIT_SF,2011,15,2011-12-19,REG,SF,PIT,20.0,3.0,3.0,37.0,17.0,14.0,-14.0,0.42640358671385337,0.6002460024600246,0.0,0.5527566656318913,0.5541775818198281,0.5,0.5541775818198281,,,total,0
2011_16_HOU_IND,2011,16,2011-12-22,REG,IND,HOU,19.0,16.0,-7.0,40.5,3.0,10.0,-5.5,0.26725290967741755,0.2680965147453084,0.0,0.4689507088544195,0.5617510618319842,0.5,0.5617510618319842,,,total,0
2011_16_CLE_BAL,2011,16,2011-12-24,REG,BAL,CLE,20.0,14.0,10.5,38.0,6.0,-4.5,-4.0,0.8589273282959532,0.8399803602115741,0.0,0.5299640148059125,0.556248697740864,0.5,0.556248697740864,,,total,0
2011_16_DEN_BUF,2011,16,2011-12-24,REG,BUF,DEN,40.0,14.0,-3.0,43.5,26.0,29.0,10.5,0.43569543994716214,0.43026174256005734,1.0,0.29780601665344436,0.5781696516367447,0.5,0.5781696516367447,,,total,1
2011_16_TB_CAR,2011,16,2011-12-24,REG,CAR,TB,48.0,16.0,9.0,48.5,32.0,23.0,15.5,0.7041830571230902,0.7590361445783131,1.0,0.23952840631985506,0.5847828216586889,0.5,0.5847828216586889,,,total,1
2011_16_ARI_CIN,2011,16,2011-12-24,REG,CIN,ARI,23.0,16.0,3.5,41.0,7.0,3.5,-2.0,0.6841212980620286,0.6511627906976745,0.0,0.7327186228889587,0.5361358789257202,0.5,0.5361358789257202,,,total,0
2011_16_PHI_DAL,2011,16,2011-12-24,REG,DAL,PHI,7.0,20.0,-1.5,49.5,-13.0,-11.5,-22.5,0.5398915969626947,0.4479937670432412,0.0,0.5340943773747586,0.5558746209060986,0.5,0.5558746209060986,,,total,0
2011_16_SD_DET,2011,16,2011-12-24,REG,DET,SD,38.0,10.0,-1.0,52.5,28.0,29.0,-4.5,0.5013855104154892,0.5116279069767442,0.0,0.506776536267785,0.5583421164651756,0.5,0.5583421164651756,,,total,0
2011_16_OAK_KC,2011,16,2011-12-24,REG,KC,OAK,13.0,16.0,3.0,43.0,-3.0,-6.0,-14.0,0.557383724183693,0.5775497887748944,0.0,0.47654852153798305,0.5610654679952354,0.5,0.5610654679952354,,,total,0
2011_16_MIA_NE,2011,16,2011-12-24,REG,NE,MIA,27.0,24.0,7.5,49.0,3.0,-4.5,2.0,0.8533563384984029,0.7590361445783131,1.0,0.3720991274126866,0.5706994613616122,0.5,0.5706994613616122,,,total,1
2011_16_NYG_NYJ,2011,16,2011-12-24,REG,NYJ,NYG,14.0,29.0,1.5,45.5,-15.0,-16.5,-2.5,0.7112270330667447,0.5860927152317882,0.0,0.5020924356445244,0.5587641482969091,0.5,0.5587641482969091,,,total,0
2011_16_STL_PIT,2011,16,2011-12-24,REG,PIT,STL,27.0,0.0,10.0,33.5,27.0,17.0,-6.5,0.9219281004319454,0.8093344632031809,0.0,0.5900831031317668,0.5507335841850609,0.5,0.5507335841850609,,,total,0
2011_16_SF_SEA,2011,16,2011-12-24,REG,SEA,SF,17.0,19.0,-1.5,36.5,-2.0,-0.5,-0.5,0.4311642772869299,0.46214743124779806,0.0,0.4517795840990657,0.5633049263469934,0.5,0.5633049263469934,,,total,0
2011_16_JAX_TEN,2011,16,2011-12-24,REG,TEN,JAX,23.0,17.0,8.5,38.5,6.0,-2.5,1.5,0.6694762049129138,0.7750359478640011,1.0,0.43969942837924614,0.5644033679507577,0.5,0.5644033679507577,,,total,1
2011_16_MIN_WAS,2011,16,2011-12-24,REG,WAS,MIN,26.0,33.0,6.0,43.0,-7.0,-13.0,16.0,0.641822017277296,0.7013921016108003,1.0,0.3285582380022184,0.5749795088709365,0.5,0.5749795088709365,,,total,1
2011_16_CHI_GB,2011,16,2011-12-25,REG,GB,CHI,35.0,21.0,13.0,41.5,14.0,1.0,14.5,0.8637792466461172,0.8682530706944696,1.0,0.6091386913864915,0.548938782100024,0.5,0.548938782100024,,,total,1
2011_16_ATL_NO,2011,16,2011-12-26,REG,NO,ATL,45.0,16.0,7.0,53.0,29.0,22.0,8.0,0.6484123617352612,0.7382366085679627,1.0,0.47307003121218694,0.5613792402435208,0.5,0.5613792402435208,,,total,1
2011_17_SEA_ARI,2011,17,2012-01-01,REG,ARI,SEA,23.0,20.0,2.5,40.5,3.0,0.5,2.5,0.4701075466973971,0.562379468921525,1.0,0.7655489381903879,0.5321608331452592,0.5,0.5321608331452592,,,total,1
2011_17_TB_ATL,2011,17,2012-01-01,REG,ATL,TB,45.0,24.0,10.0,45.5,21.0,11.0,23.5,0.8611101034419921,0.8047945205479452,1.0,0.47964595115125996,0.5607862013347436,0.5,0.5607862013347436,,,total,1
2011_17_BAL_CIN,2011,17,2012-01-01,REG,CIN,BAL,16.0,24.0,-2.5,37.5,-8.0,-5.5,2.5,0.42608381241306764,0.40995560164630396,1.0,0.47776970502302085,0.5609553515271962,0.5,0.5609553515271962,,,total,1
2011_17_PIT_CLE,2011,17,2012-01-01,REG,CLE,PIT,9.0,13.0,-7.0,33.0,-4.0,3.0,-11.0,0.20651720939806414,0.25354213273676357,0.0,0.32109540422653643,0.575738943643788,0.5,0.575738943643788,,,total,0
2011_17_KC_DEN,2011,17,2012-01-01,REG,DEN,KC,3.0,7.0,1.0,37.0,-4.0,-5.0,-27.0,0.5654289976233536,0.5419847328244275,0.0,0.6976838378955179,0.5400446385294765,0.5,0.5400446385294765,,,total,0
2011_17_DET_GB,2011,17,2012-01-01,REG,GB,DET,45.0,41.0,-6.5,41.5,4.0,10.5,44.5,0.8347929003046051,0.2949369162706865,1.0,0.3898258509628385,0.5690162216747182,0.5,0.5690162216747182,,,total,1
2011_17_TEN_HOU,2011,17,2012-01-01,REG,HOU,TEN,22.0,23.0,-1.0,38.5,-1.0,0.0,6.5,0.6941973533217136,0.4433028919330289,1.0,0.5099385491708869,0.5580571191279726,0.5,0.5580571191279726,,,total,1
2011_17_IND_JAX,2011,17,2012-01-01,REG,JAX,IND,19.0,13.0,3.0,36.5,6.0,3.0,-4.5,0.5878244791340765,0.6093979441997063,0.0,0.5918179604707902,0.5505713747833394,0.5,0.5505713747833394,,,total,0
2011_17_NYJ_MIA,2011,17,2012-01-01,REG,MIA,NYJ,19.0,17.0,1.5,38.0,2.0,0.5,-2.0,0.5125140168284256,0.5327102803738317,0.0,0.4260205296073668,0.5656543543998143,0.5,0.5656543543998143,,,total,0
2011_17_CHI_MIN,2011,17,2012-01-01,REG,MIN,CHI,13.0,17.0,1.5,41.5,-4.0,-5.5,-11.5,0.4338345147109517,0.5792858120125872,0.0,0.4639495035165394,0.5622029098079081,0.5,0.5622029098079081,,,total,0
2011_17_BUF_NE,2011,17,2012-01-01,REG,NE,BUF,49.0,21.0,10.0,49.5,28.0,18.0,20.5,0.9016598942681029,0.82995275333985,1.0,0.25704326986840054,0.5826992699873083,0.5,0.5826992699873083,,,total,1
2011_17_CAR_NO,2011,17,2012-01-01,REG,NO,CAR,45.0,17.0,7.0,54.5,28.0,21.0,7.5,0.8332818181609299,0.7319034852546917,1.0,0.6722445427230808,0.5427194142493059,0.5,0.5427194142493059,,,total,1
2011_17_DAL_NYG,2011,17,2012-01-01,REG,NYG,DAL,31.0,14.0,3.0,48.0,17.0,14.0,-3.0,0.6061117046595418,0.6018002898771837,0.0,0.4089352046861506,0.567230537196607,0.5,0.567230537196607,,,total,0
2011_17_SD_OAK,2011,17,2012-01-01,REG,OAK,SD,26.0,38.0,2.5,50.5,-12.0,-14.5,13.5,0.5203464419247379,0.5520062329567589,1.0,0.3877667155323193,0.5692103183891493,0.5,0.5692103183891493,,,total,1
2011_17_SF_STL,2011,17,2012-01-01,REG,STL,SF,27.0,34.0,-12.5,35.5,-7.0,5.5,25.5,0.15553755838088,0.14419136380850106,1.0,0.7962400902333889,0.5280741279198893,0.5,0.5280741279198893,,,total,1
2011_18_CIN_HOU,2011,18,2012-01-07,WC,HOU,CIN,31.0,10.0,4.0,38.0,21.0,17.0,3.0,0.6403610306017471,0.6767540554475866,1.0,0.4122010096458061,0.5669279126744008,0.5,0.5669279126744008,,,total,1
2011_18_DET_NO,2011,18,2012-01-07,WC,NO,DET,45.0,28.0,10.5,59.5,17.0,6.5,13.5,0.7726829938559882,0.8188617506135327,1.0,0.6114590974493521,0.5487181097952677,0.5,0.5487181097952677,,,total,1
2011_18_PIT_DEN,2011,18,2012-01-08,WC,DEN,PIT,29.0,23.0,-7.5,34.0,6.0,13.5,18.0,0.2512780226523813,0.24835146013530876,1.0,0.5405789837939655,0.5552863232281385,0.5,0.5552863232281385,,,total,1
2011_18_ATL_NYG,2011,18,2012-01-08,WC,NYG,ATL,24.0,2.0,3.0,47.5,22.0,19.0,-21.5,0.487690321485705,0.5757997218358832,0.0,0.5683847714067378,0.5527452298392993,0.5,0.5527452298392993,,,total,0
2011_19_DEN_NE,2011,19,2012-01-14,DIV,NE,DEN,45.0,10.0,14.0,50.0,35.0,21.0,5.0,0.880470360890001,0.8500505643445815,1.0,0.4676348388784437,0.5618698994102813,0.5,0.5618698994102813,,,total,1
2011_19_NO_SF,2011,19,2012-01-14,DIV,SF,NO,36.0,32.0,-3.5,46.5,4.0,7.5,21.5,0.45725237520858075,0.3920988384996671,1.0,0.4047922129310577,0.5676154502668347,0.5,0.5676154502668347,,,total,1
2011_19_HOU_BAL,2011,19,2012-01-15,DIV,BAL,HOU,20.0,13.0,7.5,37.0,7.0,-0.5,-4.0,0.6757826798346471,0.7618424496205181,0.0,0.3902152193203242,0.5689795587755532,0.5,0.5689795587755532,,,total,0
2011_19_NYG_GB,2011,19,2012-01-15,DIV,GB,NYG,20.0,37.0,8.5,54.0,-17.0,-25.5,3.0,0.8149753235258934,0.7816384942625731,1.0,0.43272118075844,0.565040487743809,0.5,0.565040487743809,,,total,1
2011_20_BAL_NE,2011,20,2012-01-22,CON,NE,BAL,23.0,20.0,7.0,49.0,3.0,-4.0,-6.0,0.6939489558297777,0.7382366085679627,0.0,0.3584061832869539,0.572020823856621,0.5,0.572020823856621,,,total,0
2011_20_NYG_SF,2011,20,2012-01-22,CON,SF,NYG,17.0,20.0,2.0,40.5,-3.0,-5.0,-3.5,0.593978548675014,0.5605012156349355,0.0,0.46237138655473414,0.5623455995103085,0.5,0.5623455995103085,,,total,0
2011_21_NYG_NE,2011,21,2012-02-05,SB,NE,NYG,17.0,21.0,3.0,53.0,-4.0,-7.0,-15.0,0.6498128933993517,0.5864680384634547,0.0,0.4873903566215182,0.5600883618833854,0.5,0.5600883618833854,,,total,0
2012_01_DAL_NYG,2012,1,2012-09-05,REG,NYG,DAL,17.0,24.0,3.5,45.5,-7.0,-10.5,-4.5,0.775209037665415,0.630154233553667,0.0,0.3040062320403297,0.532892079469397,0.5,0.532892079469397,,,total,0
2012_01_SEA_ARI,2012,1,2012-09-09,REG,ARI,SEA,20.0,16.0,-1.0,40.5,4.0,5.0,-4.5,0.5293253581977106,0.43949878436506445,0.0,0.29215023657735933,0.5349604780484007,0.5,0.5349604780484007,,,total,0
2012_01_IND_CHI,2012,1,2012-09-09,REG,CHI,IND,41.0,21.0,10.0,41.5,20.0,10.0,20.5,0.7174832214996917,0.7987191216834401,1.0,0.38960514647297545,0.5190218901125725,0.5,0.5190218901125725,,,total,1
2012_01_PHI_CLE,2012,1,2012-09-09,REG,CLE,PHI,16.0,17.0,-9.0,42.0,-1.0,8.0,-9.0,0.3386574654505155,0.21170914420649786,0.0,0.5623326482806074,0.4933789092845521,0.5,0.4933789092845521,,,total,0
2012_01_PIT_DEN,2012,1,2012-09-09,REG,DEN,PIT,31.0,19.0,2.5,45.5,12.0,9.5,4.5,0.38992444577033447,0.5933014354066986,1.0,0.4390673870335228,0.5115480370590361,0.5,0.5115480370590361,,,total,1
2012_01_STL_DET,2012,1,2012-09-09,REG,DET,STL,27.0,23.0,9.0,46.0,4.0,-5.0,4.0,0.8075007111926338,0.7786282119074719,1.0,0.6112583863076377,0.485976529315598,0.5,0.485976529315598,,,total,1
2012_01_SF_GB,2012,1,2012-09-09,REG,GB,SF,22.0,30.0,6.0,46.5,-8.0,-14.0,5.5,0.6633725174955452,0.7022614746420447,1.0,0.3805356135255315,0.5204241704316009,0.5,0.5204241704316009,,,total,1
2012_01_MIA_HOU,2012,1,2012-09-09,REG,HOU,MIA,30.0,10.0,13.0,41.5,20.0,7.0,-1.5,0.6514653196608972,0.8570831009481317,0.0,0.41273384011251435,0.5154951772820207,0.5,0.5154951772820207,,,total,0
2012_01_ATL_KC,2012,1,2012-09-09,REG,KC,ATL,24.0,40.0,-1.0,43.0,-16.0,-15.0,21.0,0.4750066737215327,0.4479937670432412,1.0,0.5368961644171112,0.4971472352851639,0.5,0.4971472352851639,,,total,1
2012_01_JAX_MIN,2012,1,2012-09-09,REG,MIN,JAX,26.0,23.0,3.5,38.0,3.0,-0.5,11.0,0.553118495964683,0.6438780948689375,1.0,0.49330791170937466,0.5035500782905304,0.5,0.5035500782905304,,,total,1
2012_01_WAS_NO,2012,1,2012-09-09,REG,NO,WAS,32.0,40.0,9.5,50.0,-8.0,-17.5,22.0,0.8453976890379623,0.7750359478640011,1.0,0.38894592048469784,0.5191234158657587,0.5,0.5191234158657587,,,total,1
2012_01_BUF_NYJ,2012,1,2012-09-09,REG,NYJ,BUF,48.0,28.0,3.0,39.5,20.0,17.0,36.5,0.6910296577475166,0.5757997218358832,1.0,0.48028046134806407,0.5054620786294399,0.5,0.5054620786294399,,,total,1
2012_01_CAR_TB,2012,1,2012-09-09,REG,TB,CAR,16.0,10.0,-3.0,45.5,6.0,9.0,-19.5,0.43709041906980206,0.39819971012281646,0.0,0.37902102862344833,0.520659545210343,0.5,0.520659545210343,,,total,0
2012_01_NE_TEN,2012,1,2012-09-09,REG,TEN,NE,13.0,34.0,-4.5,48.0,-21.0,-16.5,-1.0,0.31746743225765506,0.3253012048192771,0.0,0.2872699206595068,0.5358257475759779,0.5,0.5358257475759779,,,total,0
2012_01_CIN_BAL,2012,1,2012-09-10,REG,BAL,CIN,44.0,13.0,7.0,42.5,31.0,24.0,14.5,0.744655624469114,0.7437774524158125,1.0,0.3432377877226263,0.5263373940801889,0.5,0.5263373940801889,,,total,1
2012_01_SD_OAK,2012,1,2012-09-10,REG,OAK,SD,14.0,22.0,1.0,47.5,-8.0,-9.0,-11.5,0.477077274803064,0.5195545777019441,0.0,0.2858764635644467,0.5360743669270328,0.5,0.5360743669270328,,,total,0
2012_02_CHI_GB,2012,2,2012-09-13,REG,GB,CHI,23.0,10.0,5.0,50.5,13.0,8.0,-17.5,0.7181591254713366,0.6800775569558896,0.0,0.41752862678341457,0.514771728466524,0.5,0.514771728466524,,,total,0
2012_02_KC_BUF,2012,2,2012-09-16,REG,BUF,KC,35.0,17.0,3.0,45.0,18.0,15.0,7.0,0.5300461378613303,0.6048737248538935,1.0,0.6814311531490937,0.4747100844022684,0.5,0.4747100844022684,,,total,1
2012_02_NO_CAR,2012,2,2012-09-16,REG,CAR,NO,35.0,27.0,-3.0,53.0,8.0,11.0,9.0,0.35645640251605015,0.4116032928263426,1.0,0.4110324290807565,0.515752468200006,0.5,0.515752468200006,,,total,1
2012_02_CLE_CIN,2012,2,2012-09-16,REG,CIN,CLE,34.0,27.0,7.0,39.5,7.0,0.0,21.5,0.6863535201538322,0.7375648067347672,1.0,0.4384785111452979,0.511635674266648,0.5,0.511635674266648,,,total,1
2012_02_MIN_IND,2012,2,2012-09-16,REG,IND,MIN,23.0,20.0,-3.0,45.5,3.0,6.0,-2.5,0.5234921936608711,0.42845967856634903,0.0,0.5697313139497323,0.49227470250439403,0.5,0.49227470250439403,,,total,0
2012_02_HOU_JAX,2012,2,2012-09-16,REG,JAX,HOU,7.0,27.0,-6.5,40.0,-20.0,-13.5,-6.0,0.3596632175700175,0.2838758516275549,0.0,0.3784994199113784,0.5207406885529376,0.5,0.5207406885529376,,,total,0
2012_02_OAK_MIA,2012,2,2012-09-16,REG,MIA,OAK,35.0,13.0,-1.0,41.0,22.0,23.0,7.0,0.6102017421303291,0.45801526717557256,1.0,0.5169483535906129,0.5000818202624726,0.5,0.5000818202624726,,,total,1
2012_02_ARI_NE,2012,2,2012-09-16,REG,NE,ARI,18.0,20.0,13.0,47.0,-2.0,-15.0,-9.0,0.8363723931588534,0.8460275097515911,0.0,0.35785961562602664,0.5239881477350578,0.5,0.5239881477350578,,,total,0
2012_02_TB_NYG,2012,2,2012-09-16,REG,NYG,TB,41.0,34.0,9.0,43.5,7.0,-2.0,31.5,0.8247719863099411,0.7641509433962264,1.0,0.6627924488517664,0.4778048733394927,0.5,0.4778048733394927,,,total,1
2012_02_BAL_PHI,2012,2,2012-09-16,REG,PHI,BAL,24.0,23.0,3.0,46.5,1.0,-2.0,0.5,0.48643277719363126,0.6002460024600246,1.0,0.475385190645118,0.5061813824179526,0.5,0.5061813824179526,,,total,1
2012_02_NYJ_PIT,2012,2,2012-09-16,REG,PIT,NYJ,27.0,10.0,4.5,43.0,17.0,12.5,-6.0,0.617380249251108,0.6611281154350678,0.0,0.48732788659338727,0.5044274425715175,0.5,0.5044274425715175,,,total,0
2012_02_TEN_SD,2012,2,2012-09-16,REG,SD,TEN,38.0,10.0,6.5,43.5,28.0,21.5,4.5,0.6999336545372826,0.6919097106825592,1.0,0.48386944845171764,0.5049350648892467,0.5,0.5049350648892467,,,total,1
2012_02_DAL_SEA,2012,2,2012-09-16,REG,SEA,DAL,27.0,7.0,-3.0,43.0,20.0,23.0,-9.0,0.5215075158809412,0.39975399753997537,0.0,0.506627789802008,0.5015964114317831,0.5,0.5015964114317831,,,total,0
2012_02_WAS_STL,2012,2,2012-09-16,REG,STL,WAS,31.0,28.0,-3.5,42.5,3.0,6.5,16.5,0.398930119780512,0.360293204124736,1.0,0.5938928984930654,0.4886340098366909,0.5,0.4886340098366909,,,total,1
2012_02_DEN_ATL,2012,2,2012-09-17,REG,ATL,DEN,27.0,21.0,3.0,50.0,6.0,3.0,-2.0,0.6843627113938668,0.5965083053348824,0.0,0.48937193218785774,0.5041275043200096,0.5,0.5041275043200096,,,total,0
2012_03_NYG_CAR,2012,3,2012-09-20,REG,CAR,NYG,7.0,36.0,2.5,49.0,-29.0,-31.5,-6.0,0.3845684494621709,0.5933014354066986,0.0,0.5160807521325254,0.5002092089932852,0.5,0.5002092089932852,,,total,0
2012_03_PHI_ARI,2012,3,2012-09-23,REG,ARI,PHI,27.0,6.0,-3.0,42.5,21.0,24.0,-9.5,0.4528083975981605,0.37665039500700276,0.0,0.6089197945455802,0.48633672652981497,0.5,0.48633672652981497,,,total,0
2012_03_NE_BAL,2012,3,2012-09-23,REG,BAL,NE,31.0,30.0,2.5,48.5,1.0,-1.5,12.5,0.5097719648034068,0.5883967071736573,1.0,0.5138563728280366,0.5005357482041153,0.5,0.5005357482041153,,,total,1
2012_03_STL_CHI,2012,3,2012-09-23,REG,CHI,STL,23.0,6.0,7.0,41.5,17.0,10.0,-12.5,0.7849655477153438,0.7319034852546917,0.0,0.2809318747133368,0.5369623643165207,0.5,0.5369623643165207,,,total,0
2012_03_BUF_CLE,2012,3,2012-09-23,REG,CLE,BUF,14.0,24.0,-2.5,45.0,-10.0,-7.5,-7.0,0.4923308394972265,0.43026174256005734,0.0,0.5900622442945345,0.48921524196445487,0.5,0.48921524196445487,,,total,0
2012_03_TB_DAL,2012,3,2012-09-23,REG,DAL,TB,16.0,10.0,7.0,45.5,6.0,-1.0,-19.5,0.712968862519927,0.7566244633432689,0.0,0.5343930164758288,0.49751623366872294,0.5,0.49751623366872294,,,total,0
2012_03_HOU_DEN,2012,3,2012-09-23,REG,DEN,HOU,25.0,31.0,-1.0,43.5,-6.0,-5.0,12.5,0.42184998074562746,0.4759806081974437,1.0,0.5768523896621833,0.491207602741038,0.5,0.491207602741038,,,total,1
2012_03_JAX_IND,2012,3,2012-09-23,REG,IND,JAX,17.0,22.0,3.0,41.5,-5.0,-8.0,-2.5,0.5810444827210062,0.6186511705872493,0.0,0.5775581839164844,0.491101589760365,0.5,0.491101589760365,,,total,0
2012_03_NYJ_MIA,2012,3,2012-09-23,REG,MIA,NYJ,20.0,23.0,-2.5,40.5,-3.0,-0.5,2.5,0.5619729010267223,0.4259645555419216,1.0,0.32612761703630366,0.529146704095566,0.5,0.529146704095566,,,total,1
2012_03_SF_MIN,2012,3,2012-09-23,REG,MIN,SF,24.0,13.0,-6.5,42.5,11.0,17.5,-5.5,0.26583501110888175,0.277337559429477,0.0,0.6935083952194798,0.47265450656075014,0.5,0.47265450656075014,,,total,0
2012_03_KC_NO,2012,3,2012-09-23,REG,NO,KC,24.0,27.0,9.0,51.5,-3.0,-12.0,-0.5,0.7673968555005171,0.7697759087280727,0.0,0.3696031326895482,0.522131383336478,0.5,0.522131383336478,,,total,0
2012_03_PIT_OAK,2012,3,2012-09-23,REG,OAK,PIT,34.0,31.0,-3.5,45.5,3.0,6.5,19.5,0.3632232372441837,0.3488372093023256,1.0,0.6426457670404694,0.4810589470080516,0.5,0.4810589470080516,,,total,1
2012_03_ATL_SD,2012,3,2012-09-23,REG,SD,ATL,3.0,27.0,3.0,47.0,-24.0,-27.0,-17.0,0.579570220276445,0.6018002898771837,0.0,0.31042851808117533,0.531790249861645,0.5,0.531790249861645,,,total,0
2012_03_DET_TEN,2012,3,2012-09-23,REG,TEN,DET,44.0,41.0,-3.5,47.0,3.0,6.5,38.0,0.4937308903823941,0.35488721804511275,1.0,0.5335269980891277,0.4976438369278083,0.5,0.4976438369278083,,,total,1
2012_03_CIN_WAS,2012,3,2012-09-23,REG,WAS,CIN,31.0,38.0,3.0,49.5,-7.0,-10.0,19.5,0.4992277433861022,0.6358607389362566,1.0,0.3187741756807104,0.5303765065837143,0.5,0.5303765065837143,,,total,1
2012_03_GB_SEA,2012,3,2012-09-24,REG,SEA,GB,14.0,12.0,-3.0,45.5,2.0,5.0,-19.5,0.38102452397747766,0.38277511961722493,0.0,0.5547973859093895,0.49449932536267044,0.5,0.49449932536267044,,,total,0
2012_04_CLE_BAL,2012,4,2012-09-27,REG,BAL,CLE,23.0,16.0,11.5,44.0,7.0,-4.5,-5.0,0.873123565596522,0.828160799833368,0.0,0.5815903921324876,0.49049502565557396,0.5,0.49049502565557396,,,total,0
2012_04_MIA_ARI,2012,4,2012-09-30,REG,ARI,MIA,24.0,21.0,4.0,38.5,3.0,-1.0,6.5,0.6358994564842138,0.658869395711501,1.0,0.5619875880410374,0.49343030425862755,0.5,0.49343030425862755,,,total,1
2012_04_CAR_ATL,2012,4,2012-09-30,REG,ATL,CAR,30.0,28.0,7.0,48.0,2.0,-5.0,10.0,0.7891040782252149,0.7353719494266393,1.0,0.41057573151775334,0.515821584059364,0.5,0.515821584059364,,,total,1
2012_04_NE_BUF,2012,4,2012-09-30,REG,BUF,NE,28.0,52.0,-3.5,48.0,-24.0,-20.5,32.0,0.2938614659892743,0.35488721804511275,1.0,0.6541281579032798,0.4792149835370568,0.5,0.4792149835370568,,,total,1
2012_04_OAK_DEN,2012,4,2012-09-30,REG,DEN,OAK,37.0,6.0,6.5,47.0,31.0,24.5,-4.0,0.6025267118391608,0.7161241483724451,0.0,0.5185231237836204,0.4998505600346526,0.5,0.4998505600346526,,,total,0
2012_04_MIN_DET,2012,4,2012-09-30,REG,DET,MIN,13.0,20.0,3.5,48.0,-7.0,-10.5,-15.0,0.6493655488327692,0.6397067958752639,0.0,0.601102732591168,0.4875353594252334,0.5,0.4875353594252334,,,total,0
2012_04_NO_GB,2012,4,2012-09-30,REG,GB,NO,28.0,27.0,7.5,54.0,1.0,-6.5,1.0,0.6860879328167252,0.7590361445783131,1.0,0.6278175861453807,0.4834026943331589,0.5,0.4834026943331589,,,total,1
2012_04_TEN_HOU,2012,4,2012-09-30,REG,HOU,TEN,38.0,14.0,13.0,44.5,24.0,11.0,7.5,0.7527101773289477,0.8540944738281961,1.0,0.36743271205262634,0.5224726838459696,0.5,0.5224726838459696,,,total,1
2012_04_CIN_JAX,2012,4,2012-09-30,REG,JAX,CIN,10.0,27.0,1.0,45.5,-17.0,-18.0,-8.5,0.4490140689588152,0.5327102803738317,0.0,0.6109536323766002,0.48602351197141347,0.5,0.48602351197141347,,,total,0
2012_04_SD_KC,2012,4,2012-09-30,REG,KC,SD,20.0,37.0,-2.5,43.0,-17.0,-14.5,14.0,0.43026453014535765,0.4479937670432412,1.0,0.46089469760832835,0.508315045344594,0.5,0.508315045344594,,,total,1
2012_04_SF_NYJ,2012,4,2012-09-30,REG,NYJ,SF,0.0,34.0,-3.5,40.5,-34.0,-30.5,-6.5,0.47441554314603585,0.360293204124736,0.0,0.4828867918523977,0.5050793346155528,0.5,0.5050793346155528,,,total,0
2012_04_NYG_PHI,2012,4,2012-09-30,REG,PHI,NYG,19.0,17.0,1.5,46.0,2.0,0.5,-10.0,0.44939332331453463,0.5262215623771888,0.0,0.5765063165129908,0.4912595672925489,0.5,0.4912595672925489,,,total,0
2012_04_SEA_STL,2012,4,2012-09-30,REG,STL,SEA,19.0,13.0,-2.0,39.5,6.0,8.0,-7.5,0.3133768180688807,0.4479937670432412,0.0,0.60396717687489,0.48709707332987695,0.5,0.48709707332987695,,,total,0
2012_04_WAS_TB,2012,4,2012-09-30,REG,TB,WAS,22.0,24.0,1.5,44.5,-2.0,-3.5,1.5,0.5266296736010226,0.5605012156349355,1.0,0.4690773554147143,0.5071092533789141,0.5,0.5071092533789141,,,total,1
2012_04_CHI_DAL,2012,4,2012-10-01,REG,DAL,CHI,18.0,34.0,3.0,41.0,-16.0,-19.0,11.0,0.5462307404824298,0.6002460024600246,1.0,0.6662948113599477,0.477229960344984,0.5,0.477229960344984,,,total,1
2012_05_ARI_STL,2012,5,2012-10-04,REG,STL,ARI,17.0,3.0,-1.0,37.5,14.0,15.0,-17.5,0.3272097717439916,0.4827086071703758,0.0,0.5332827438610173,0.4976798211449948,0.5,0.4976798211449948,,,total,0
2012_05_SEA_CAR,2012,5,2012-10-07,REG,CAR,SEA,12.0,16.0,1.0,42.5,-4.0,-5.0,-14.5,0.5135705690268643,0.5305667495498585,0.0,0.591640614944847,0.4889759544110215,0.5,0.4889759544110215,,,total,0
2012_05_MIA_CIN,2012,5,2012-10-07,REG,CIN,MIA,13.0,17.0,3.0,45.0,-4.0,-7.0,-15.0,0.6563119937415102,0.5916792592354435,0.0,0.4643641276833567,0.5078034618209009,0.5,0.5078034618209009,,,total,0
2012_05_GB_IND,2012,5,2012-10-07,REG,IND,GB,30.0,27.0,-6.5,49.5,3.0,9.5,7.5,0.23658506182477276,0.2949369162706865,1.0,0.5594634642380074,0.49380599561906313,0.5,0.49380599561906313,,,total,1
2012_05_CHI_JAX,2012,5,2012-10-07,REG,JAX,CHI,3.0,41.0,-6.0,38.5,-38.0,-32.0,5.5,0.3524604994370664,0.3069121964238057,1.0,0.4409495217886411,0.5112681007347729,0.5,0.5112681007347729,,,total,1
2012_05_BAL_KC,2012,5,2012-10-07,REG,KC,BAL,6.0,9.0,-6.0,46.5,-3.0,3.0,-31.5,0.27621140600390287,0.2949369162706865,0.0,0.4429564287677464,0.5109698765866134,0.5,0.5109698765866134,,,total,0
2012_05_TEN_MIN,2012,5,2012-10-07,REG,MIN,TEN,30.0,7.0,6.0,44.0,23.0,17.0,-7.0,0.6092995394390895,0.7050630837293135,0.0,0.330076805930101,0.5284920214652307,0.5,0.5284920214652307,,,total,0
2012_05_DEN_NE,2012,5,2012-10-07,REG,NE,DEN,31.0,21.0,6.0,50.5,10.0,4.0,1.5,0.8095924749672315,0.7121294639383801,1.0,0.39729617753462826,0.5178417741481015,0.5,0.5178417741481015,,,total,1
2012_05_SD_NO,2012,5,2012-10-07,REG,NO,SD,31.0,24.0,3.5,53.0,7.0,3.5,2.0,0.5404558325924698,0.6214728148657949,1.0,0.500043210390428,0.502562201258915,0.5,0.502562201258915,,,total,1
2012_05_CLE_NYG,2012,5,2012-10-07,REG,NYG,CLE,41.0,27.0,7.5,44.0,14.0,6.5,24.0,0.867487161709764,0.7810858143607706,1.0,0.5185495463247622,0.49984667934897625,0.5,0.49984667934897625,,,total,1
2012_05_PHI_PIT,2012,5,2012-10-07,REG,PIT,PHI,16.0,14.0,4.0,44.0,2.0,-2.0,-14.0,0.5875992227431587,0.6451127819548872,0.0,0.4800731629018245,0.5054925269775826,0.5,0.5054925269775826,,,total,0
2012_05_BUF_SF,2012,5,2012-10-07,REG,SF,BUF,45.0,3.0,10.0,45.5,42.0,32.0,2.5,0.8017885937375657,0.8019661928000565,1.0,0.5970558411816267,0.48815280890952195,0.5,0.48815280890952195,,,total,1
2012_05_ATL_WAS,2012,5,2012-10-07,REG,WAS,ATL,17.0,24.0,-3.0,50.5,-7.0,-4.0,-9.5,0.2955709505584804,0.4034916946651176,0.0,0.26166658259176606,0.5405152207839549,0.5,0.5405152207839549,,,total,0
2012_05_HOU_NYJ,2012,5,2012-10-08,REG,NYJ,HOU,17.0,23.0,-9.5,40.5,-6.0,3.5,-0.5,0.3965316483949442,0.21506283208231425,0.0,0.5103644612972795,0.5010482027559737,0.5,0.5010482027559737,,,total,0
2012_06_PIT_TEN,2012,6,2012-10-11,REG,TEN,PIT,26.0,23.0,-5.5,42.5,3.0,8.5,6.5,0.3769068376646069,0.3108997805413313,1.0,0.5292931781898639,0.4982672581978039,0.5,0.4982672581978039,,,total,1
2012_06_BUF_ARI,2012,6,2012-10-14,REG,ARI,BUF,16.0,19.0,5.0,44.0,-3.0,-8.0,-9.0,0.6652935322457108,0.685002350728726,0.0,0.686148516934829,0.4739122080616301,0.5,0.4739122080616301,,,total,0
2012_06_OAK_ATL,2012,6,2012-10-14,REG,ATL,OAK,23.0,20.0,10.0,49.0,3.0,-7.0,-6.0,0.8267950804771226,0.7987191216834401,0.0,0.4583275616486589,0.5086939272600438,0.5,0.5086939272600438,,,total,0
2012_06_DAL_BAL,2012,6,2012-10-14,REG,BAL,DAL,31.0,29.0,3.0,45.5,2.0,-1.0,14.5,0.797285003724645,0.6108836002739845,1.0,0.5248983455756291,0.49891373890636226,0.5,0.49891373890636226,,,total,1
2012_06_CIN_CLE,2012,6,2012-10-14,REG,CLE,CIN,34.0,24.0,-1.0,42.0,10.0,11.0,16.0,0.34804505643497524,0.4715960714749275,1.0,0.3045916868130399,0.5327911148427721,0.5,0.5327911148427721,,,total,1
2012_06_GB_HOU,2012,6,2012-10-14,REG,HOU,GB,24.0,42.0,4.0,46.5,-18.0,-22.0,19.5,0.6159437262414861,0.6463391320971134,1.0,0.3720875852940505,0.5217416912807915,0.5,0.5217416912807915,,,total,1
2012_06_STL_MIA,2012,6,2012-10-14,REG,MIA,STL,17.0,14.0,5.5,38.0,3.0,-2.5,-7.0,0.7124788005734956,0.6757296083811425,0.0,0.4249791928840767,0.5136520539945988,0.5,0.5136520539945988,,,total,0
2012_06_IND_NYJ,2012,6,2012-10-14,REG,NYJ,IND,35.0,9.0,3.5,43.5,26.0,22.5,0.5,0.6864183710720798,0.6332518337408314,1.0,0.32982035235831536,0.5285344166346985,0.5,0.5285344166346985,,,total,1
2012_06_DET_PHI,2012,6,2012-10-14,REG,PHI,DET,23.0,26.0,3.5,47.5,-3.0,-6.5,1.5,0.6809821815595078,0.6345608341212848,1.0,0.3648099161485811,0.5228862232515551,0.5,0.5228862232515551,,,total,1
2012_06_NE_SEA,2012,6,2012-10-14,REG,SEA,NE,24.0,23.0,-3.5,42.5,1.0,4.5,4.5,0.31411857666810766,0.36284835962304085,1.0,0.5960360486309791,0.4883080869209714,0.5,0.4883080869209714,,,total,1
2012_06_NYG_SF,2012,6,2012-10-14,REG,SF,NYG,3.0,26.0,7.0,46.5,-23.0,-30.0,-17.5,0.6033610179069591,0.7397195525445092,0.0,0.43456609572142185,0.5122185736354123,0.5,0.5122185736354123,,,total,0
2012_06_KC_TB,2012,6,2012-10-14,REG,TB,KC,38.0,10.0,5.0,39.5,28.0,23.0,8.5,0.5065222028946572,0.685002350728726,1.0,0.6009793852089409,0.487554209134481,0.5,0.487554209134481,,,total,1
2012_06_MIN_WAS,2012,6,2012-10-14,REG,WAS,MIN,38.0,26.0,-1.5,44.0,12.0,13.5,20.0,0.44800763197169985,0.4715960714749275,1.0,0.5292386833248429,0.49827527825481305,0.5,0.49827527825481305,,,total,1
2012_06_DEN_SD,2012,6,2012-10-15,REG,SD,DEN,24.0,35.0,1.0,47.5,-11.0,-12.0,11.5,0.6700682646494523,0.5092984332140034,1.0,0.47041808530146756,0.5069119268064378,0.5,0.5069119268064378,,,total,1
2012_07_SEA_SF,2012,7,2012-10-18,REG,SF,SEA,13.0,6.0,7.5,37.5,7.0,-0.5,-18.5,0.6987833711357467,0.7641509433962264,0.0,0.5555333692365172,0.4943900631169772,0.5,0.4943900631169772,,,total,0
2012_07_TEN_BUF,2012,7,2012-10-21,REG,BUF,TEN,34.0,35.0,4.0,47.0,-1.0,-5.0,22.0,0.5836960650884522,0.6611281154350678,1.0,0.5309021647749487,0.49803041550738436,0.5,0.49803041550738436,,,total,1
2012_07_DAL_CAR,2012,7,2012-10-21,REG,CAR,DAL,14.0,19.0,-2.5,45.0,-5.0,-2.5,-12.0,0.5306529438665892,0.4357578877693609,0.0,0.4425378974603013,0.5110320473572926,0.5,0.5110320473572926,,,total,0
2012_07_PIT_CIN,2012,7,2012-10-21,REG,CIN,PIT,17.0,24.0,-1.0,46.5,-7.0,-6.0,-5.5,0.4667335951145956,0.4827086071703758,0.0,0.3698365933579744,0.5220947198570726,0.5,0.5220947198570726,,,total,0
2012_07_BAL_HOU,2012,7,2012-10-21,REG,HOU,BAL,43.0,13.0,6.5,47.0,30.0,23.5,9.0,0.5031847878779846,0.7013921016108003,1.0,0.3969498649188832,0.517894744909282,0.5,0.517894744909282,,,total,1
2012_07_CLE_IND,2012,7,2012-10-21,REG,IND,CLE,17.0,13.0,1.0,46.5,4.0,3.0,-16.5,0.5788197497914067,0.5195545777019441,0.0,0.45272479859888687,0.5095219629265163,0.5,0.5095219629265163,,,total,0
2012_07_ARI_MIN,2012,7,2012-10-21,REG,MIN,ARI,21.0,14.0,7.0,38.5,7.0,0.0,-3.5,0.5705525322057237,0.7258155230596175,0.0,0.6431928929694067,0.48097168712854466,0.5,0.48097168712854466,,,total,0
2012_07_NYJ_NE,2012,7,2012-10-21,REG,NE,NYJ,29.0,26.0,11.0,47.5,3.0,-8.0,7.5,0.8021485180488619,0.8433186600014921,1.0,0.3853457835790284,0.5196789514616086,0.5,0.5196789514616086,,,total,1
2012_07_WAS_NYG,2012,7,2012-10-21,REG,NYG,WAS,27.0,23.0,6.5,51.5,4.0,-2.5,-1.5,0.8383246323028944,0.7050630837293135,0.0,0.35695711528047913,0.524131900964737,0.5,0.524131900964737,,,total,0
2012_07_JAX_OAK,2012,7,2012-10-21,REG,OAK,JAX,26.0,23.0,6.0,44.5,3.0,-3.0,4.5,0.6491899985111375,0.7121294639383801,1.0,0.6201140648658887,0.48460535864184645,0.5,0.48460535864184645,,,total,1
2012_07_GB_STL,2012,7,2012-10-21,REG,STL,GB,20.0,30.0,-4.0,45.0,-10.0,-6.0,5.0,0.23397339847752527,0.333350970950844,1.0,0.7315502479170598,0.46586289899864763,0.5,0.46586289899864763,,,total,1
2012_07_NO_TB,2012,7,2012-10-21,REG,TB,NO,28.0,35.0,-1.0,49.5,-7.0,-6.0,13.5,0.34171022264875184,0.4759806081974437,1.0,0.34749518306957217,0.525648787842369,0.5,0.525648787842369,,,total,1
2012_07_DET_CHI,2012,7,2012-10-22,REG,CHI,DET,13.0,7.0,6.5,45.5,6.0,-0.5,-25.5,0.6893459764985479,0.7086409898223908,0.0,0.38687542032960454,0.5194426870470245,0.5,0.5194426870470245,,,total,0
2012_08_TB_MIN,2012,8,2012-10-25,REG,MIN,TB,17.0,36.0,5.0,43.0,-19.0,-24.0,10.0,0.7194501765887809,0.685002350728726,1.0,0.6419049100886025,0.48117701201140034,0.5,0.48117701201140034,,,total,1
2012_08_CAR_CHI,2012,8,2012-10-28,REG,CHI,CAR,23.0,22.0,7.0,41.5,1.0,-6.0,3.5,0.7931860425742573,0.7382366085679627,1.0,0.4456761652935407,0.5105661538495277,0.5,0.5105661538495277,,,total,1
2012_08_SD_CLE,2012,8,2012-10-28,REG,CLE,SD,7.0,6.0,-2.5,40.5,1.0,3.5,-27.5,0.3642392310606406,0.4224502112251056,0.0,0.4721385564794016,0.506658798977552,0.5,0.506658798977552,,,total,0
2012_08_NYG_DAL,2012,8,2012-10-28,REG,DAL,NYG,24.0,29.0,-1.5,47.5,-5.0,-3.5,5.5,0.310885021003712,0.4242002781641169,1.0,0.5423558053031219,0.4963414431929459,0.5,0.4963414431929459,,,total,1
2012_08_NO_DEN,2012,8,2012-10-28,REG,DEN,NO,34.0,14.0,6.0,55.0,20.0,14.0,-7.0,0.4967924386701903,0.7050630837293135,0.0,0.34330713725484036,0.5263261457044927,0.5,0.5263261457044927,,,total,0
2012_08_SEA_DET,2012,8,2012-10-28,REG,DET,SEA,28.0,24.0,3.0,42.5,4.0,1.0,9.5,0.5444149169248872,0.5810079557598683,1.0,0.7976917040533108,0.4524083896221006,0.5,0.4524083896221006,,,total,1
2012_08_JAX_GB,2012,8,2012-10-28,REG,GB,JAX,24.0,15.0,15.0,45.0,9.0,-6.0,-6.0,0.8862563459750843,0.8785818358426419,0.0,0.45384389628122296,0.5093564401436278,0.5,0.5093564401436278,,,total,0
2012_08_OAK_KC,2012,8,2012-10-28,REG,KC,OAK,16.0,26.0,1.0,41.5,-10.0,-11.0,0.5,0.509562124290777,0.5240193918025562,1.0,0.7035105118627286,0.4709184367724461,0.5,0.4709184367724461,,,total,1
2012_08_MIA_NYJ,2012,8,2012-10-28,REG,NYJ,MIA,9.0,30.0,1.0,38.5,-21.0,-22.0,0.5,0.563827723608221,0.5116279069767442,1.0,0.5138525691413134,0.5005363065128747,0.5,0.5005363065128747,,,total,1
2012_08_ATL_PHI,2012,8,2012-10-28,REG,PHI,ATL,17.0,30.0,1.5,43.5,-13.0,-14.5,3.5,0.4159534883602332,0.5697382574399427,1.0,0.5311012852687532,0.49800109857096486,0.5,0.49800109857096486,,,total,1
2012_08_WAS_PIT,2012,8,2012-10-28,REG,PIT,WAS,27.0,12.0,4.5,44.5,15.0,10.5,-5.5,0.7549252423283415,0.6611281154350678,0.0,0.40121731526367377,0.517243065811657,0.5,0.517243065811657,,,total,0
2012_08_NE_STL,2012,8,2012-10-28,REG,STL,NE,7.0,45.0,-7.5,46.0,-38.0,-30.5,6.0,0.13995080197883225,0.26462805057336075,1.0,0.5262784038146602,0.4987107974375414,0.5,0.4987107974375414,,,total,1
2012_08_IND_TEN,2012,8,2012-10-28,REG,TEN,IND,13.0,19.0,3.5,46.5,-6.0,-9.5,-14.5,0.6660111536847059,0.6143408084559349,0.0,0.4420709913220223,0.5111014178783698,0.5,0.5111014178783698,,,total,0
2012_08_SF_ARI,2012,8,2012-10-29,REG,ARI,SF,3.0,24.0,-7.0,37.5,-21.0,-14.0,-10.5,0.3541939072425773,0.25354213273676357,0.0,0.5960083886081787,0.48831229682104116,0.5,0.48831229682104116,,,total,0
2012_09_KC_SD,2012,9,2012-11-01,REG,SD,KC,31.0,13.0,7.5,41.0,18.0,10.5,3.0,0.7689441291595713,0.7319034852546917,1.0,0.31782696126689025,0.5305359771189496,0.5,0.5305359771189496,,,total,1
2012_09_DAL_ATL,2012,9,2012-11-04,REG,ATL,DAL,19.0,13.0,4.0,47.0,6.0,2.0,-15.0,0.8074133680446626,0.6332518337408314,0.0,0.3358254550937691,0.527545901263037,0.5,0.527545901263037,,,total,0
2012_09_DEN_CIN,2012,9,2012-11-04,REG,CIN,DEN,23.0,31.0,-5.0,47.5,-8.0,-3.0,6.5,0.4460287287464068,0.3242703916188576,1.0,0.3778086018378841,0.5208482203853282,0.5,0.5208482203853282,,,total,1
2012_09_BAL_CLE,2012,9,2012-11-04,REG,CLE,BAL,15.0,25.0,-3.5,44.0,-10.0,-6.5,-4.0,0.25238583213827764,0.37713161346742463,0.0,0.735187321842632,0.46518411643796825,0.5,0.46518411643796825,,,total,0
2012_09_ARI_GB,2012,9,2012-11-04,REG,GB,ARI,31.0,17.0,10.5,43.0,14.0,3.5,5.0,0.8322945370465216,0.8047945205479452,1.0,0.5127678940114976,0.5006955067423224,0.5,0.5006955067423224,,,total,1
2012_09_BUF_HOU,2012,9,2012-11-04,REG,HOU,BUF,21.0,9.0,11.0,47.5,12.0,1.0,-17.5,0.8034433632405099,0.8161598505168621,0.0,0.5637022718124346,0.4931748230766035,0.5,0.4931748230766035,,,total,0
2012_09_MIA_IND,2012,9,2012-11-04,REG,IND,MIA,23.0,20.0,-2.5,44.0,3.0,5.5,-1.0,0.4069352728025028,0.4479937670432412,0.0,0.7280586396871638,0.46650919459229806,0.5,0.46650919459229806,,,total,0
2012_09_DET_JAX,2012,9,2012-11-04,REG,JAX,DET,14.0,31.0,-6.0,44.0,-17.0,-11.0,1.0,0.3755231731112185,0.3069121964238057,1.0,0.4254671799803476,0.5135788985466176,0.5,0.5135788985466176,,,total,1
2012_09_PIT_NYG,2012,9,2012-11-04,REG,NYG,PIT,20.0,24.0,3.5,48.0,-4.0,-7.5,-4.0,0.7065901501922658,0.6200671122327297,0.0,0.36161010909942737,0.5233924176558281,0.5,0.5233924176558281,,,total,0
2012_09_TB_OAK,2012,9,2012-11-04,REG,OAK,TB,32.0,42.0,1.0,47.0,-10.0,-11.0,27.0,0.6116972540564103,0.513948077676165,1.0,0.43308259089452406,0.5124399017988799,0.5,0.5124399017988799,,,total,1
2012_09_MIN_SEA,2012,9,2012-11-04,REG,SEA,MIN,30.0,20.0,4.5,38.0,10.0,5.5,12.0,0.6433497901473989,0.6757296083811425,1.0,0.5652278697000288,0.4929473272894937,0.5,0.4929473272894937,,,total,1
2012_09_CHI_TEN,2012,9,2012-11-04,REG,TEN,CHI,20.0,51.0,-4.5,44.0,-31.0,-26.5,27.0,0.35321434584684136,0.333350970950844,1.0,0.4996462310840672,0.5026204240330991,0.5,0.5026204240330991,,,total,1
2012_09_CAR_WAS,2012,9,2012-11-04,REG,WAS,CAR,13.0,21.0,3.0,48.0,-8.0,-11.0,-14.0,0.5998761950266585,0.6123582504049989,0.0,0.3546574565469735,0.5244989145977126,0.5,0.5244989145977126,,,total,0
2012_09_PHI_NO,2012,9,2012-11-05,REG,NO,PHI,28.0,13.0,2.5,52.0,15.0,12.5,-11.0,0.6317835632158715,0.5605012156349355,0.0,0.615981934086787,0.4852466095077358,0.5,0.4852466095077358,,,total,0
2012_10_IND_JAX,2012,10,2012-11-08,REG,JAX,IND,10.0,27.0,-3.0,43.5,-17.0,-14.0,-6.5,0.428041318739317,0.3920988384996671,0.0,0.6252957472555767,0.4837974629857688,0.5,0.4837974629857688,,,total,0
2012_10_OAK_BAL,2012,10,2012-11-11,REG,BAL,OAK,55.0,20.0,9.5,48.0,35.0,25.5,27.0,0.8199766179553367,0.7437774524158125,1.0,0.3398201312336251,0.5268930567137232,0.5,0.5268930567137232,,,total,1
2012_10_DEN_CAR,2012,10,2012-11-11,REG,CAR,DEN,14.0,36.0,-3.5,46.5,-22.0,-18.5,3.5,0.3849656851401754,0.36543916587871506,1.0,0.5442248569546746,0.4960652574667776,0.5,0.4960652574667776,,,total,1
2012_10_HOU_CHI,2012,10,2012-11-11,REG,CHI,HOU,6.0,13.0,1.0,37.0,-7.0,-8.0,-18.0,0.5363410513815553,0.5240193918025562,0.0,0.4914623423298703,0.5038208134342328,0.5,0.5038208134342328,,,total,0
2012_10_NYG_CIN,2012,10,2012-11-11,REG,CIN,NYG,31.0,13.0,-3.5,47.0,18.0,21.5,-3.0,0.27712368118573005,0.3590287716527662,0.0,0.406004538165855,0.5165146549793672,0.5,0.5165146549793672,,,total,0
2012_10_TEN_MIA,2012,10,2012-11-11,REG,MIA,TEN,3.0,37.0,6.5,44.0,-34.0,-40.5,-4.0,0.728857968742327,0.7161241483724451,0.0,0.3616479619809616,0.5233864185327398,0.5,0.5233864185327398,,,total,0
2012_10_DET_MIN,2012,10,2012-11-11,REG,MIN,DET,34.0,24.0,-3.0,46.0,10.0,13.0,12.0,0.45042541293255867,0.38421186945302976,1.0,0.55239292510914,0.4948560431887849,0.5,0.4948560431887849,,,total,1
2012_10_BUF_NE,2012,10,2012-11-11,REG,NE,BUF,37.0,31.0,13.5,54.0,6.0,-7.5,14.0,0.863849660517409,0.8486422317851313,1.0,0.51465102813597,0.5004191026496033,0.5,0.5004191026496033,,,total,1
2012_10_ATL_NO,2012,10,2012-11-11,REG,NO,ATL,31.0,27.0,-1.0,54.0,4.0,5.0,4.0,0.4284133587239981,0.4630595302657377,1.0,0.46517227933862476,0.5076843685851619,0.5,0.5076843685851619,,,total,1
2012_10_DAL_PHI,2012,10,2012-11-11,REG,PHI,DAL,23.0,38.0,-1.0,44.0,-15.0,-14.0,17.0,0.6123358274714318,0.44604066500608236,1.0,0.5487202876421331,0.49540021807381224,0.5,0.49540021807381224,,,total,1
2012_10_NYJ_SEA,2012,10,2012-11-11,REG,SEA,NYJ,28.0,7.0,5.0,38.0,21.0,16.0,-3.0,0.6445911177632662,0.679789770791766,0.0,0.641494412409033,0.4812423844311021,0.5,0.4812423844311021,,,total,0
2012_10_STL_SF,2012,10,2012-11-11,REG,SF,STL,24.0,24.0,13.5,38.0,0.0,-13.5,10.0,0.8684683488553342,0.8477137017593074,1.0,0.6981913277008037,0.471845676005006,0.5,0.471845676005006,,,total,1
2012_10_SD_TB,2012,10,2012-11-11,REG,TB,SD,34.0,24.0,3.0,46.5,10.0,7.0,11.5,0.48929630232359855,0.6123582504049989,1.0,0.7110123780399128,0.46959450923123186,0.5,0.46959450923123186,,,total,1
2012_10_KC_PIT,2012,10,2012-11-12,REG,PIT,KC,16.0,13.0,12.5,39.5,3.0,-9.5,-10.5,0.8662227473876705,0.8386546983297352,0.0,0.4421903633899017,0.5110836807862181,0.5,0.5110836807862181,,,total,0
2012_11_MIA_BUF,2012,11,2012-11-15,REG,BUF,MIA,19.0,14.0,1.0,46.0,5.0,4.0,-13.0,0.5267471101981589,0.5586071603727317,0.0,0.5065119784164424,0.5016134000634712,0.5,0.5016134000634712,,,total,0
2012_11_ARI_ATL,2012,11,2012-11-18,REG,ATL,ARI,23.0,19.0,9.5,43.0,4.0,-5.5,-1.0,0.8302520178258451,0.7882908557935022,0.0,0.6316136992583856,0.4828064248366291,0.5,0.4828064248366291,,,total,0
2012_11_TB_CAR,2012,11,2012-11-18,REG,CAR,TB,21.0,27.0,-1.0,46.0,-6.0,-5.0,2.0,0.47469077058465015,0.48837209302325585,1.0,0.6236038205409024,0.48406173083140835,0.5,0.48406173083140835,,,total,1
2012_11_CLE_DAL,2012,11,2012-11-18,REG,DAL,CLE,23.0,20.0,7.0,43.5,3.0,-4.0,-0.5,0.7492602518825611,0.7437774524158125,0.0,0.7055546203691027,0.470559612967538,0.5,0.470559612967538,,,total,0
2012_11_SD_DEN,2012,11,2012-11-18,REG,DEN,SD,30.0,23.0,7.5,47.5,7.0,-0.5,5.5,0.7058542056488835,0.7641509433962264,1.0,0.3599262663073636,0.523659551923303,0.5,0.523659551923303,,,total,1
2012_11_GB_DET,2012,11,2012-11-18,REG,DET,GB,20.0,24.0,-3.0,53.5,-4.0,-1.0,-9.5,0.3258618686591591,0.39975399753997537,0.0,0.5780450910398993,0.4910284272192886,0.5,0.4910284272192886,,,total,0
2012_11_JAX_HOU,2012,11,2012-11-18,REG,HOU,JAX,43.0,37.0,15.0,40.5,6.0,-9.0,39.5,0.9152635286525611,0.9051512673753066,1.0,0.45075640108487824,0.5098132709296025,0.5,0.5098132709296025,,,total,1
2012_11_CIN_KC,2012,11,2012-11-18,REG,KC,CIN,6.0,28.0,-3.0,41.0,-22.0,-19.0,-7.0,0.3719181211538428,0.3920988384996671,0.0,0.5497934525283149,0.49524129000372247,0.5,0.49524129000372247,,,total,0
2012_11_IND_NE,2012,11,2012-11-18,REG,NE,IND,59.0,24.0,10.0,54.5,35.0,25.0,28.5,0.8489828348773889,0.8047945205479452,1.0,0.2700589488917297,0.5389484602304379,0.5,0.5389484602304379,,,total,1
2012_11_NO_OAK,2012,11,2012-11-18,REG,OAK,NO,17.0,38.0,-6.0,56.5,-21.0,-15.0,-1.5,0.3337303186231536,0.3140304310441512,0.0,0.34335340285663957,0.5263186420910516,0.5,0.5263186420910516,,,total,0
2012_11_BAL_PIT,2012,11,2012-11-18,REG,PIT,BAL,10.0,13.0,-3.0,41.0,-3.0,0.0,-18.0,0.5408406528138544,0.4050889296790936,0.0,0.6127534604479388,0.48574584841496077,0.5,0.48574584841496077,,,total,0
2012_11_NYJ_STL,2012,11,2012-11-18,REG,STL,NYJ,13.0,27.0,3.5,38.0,-14.0,-17.5,2.0,0.48933744798321394,0.630154233553667,1.0,0.5050148911725374,0.5018330022218375,0.5,0.5018330022218375,,,total,1
2012_11_PHI_WAS,2012,11,2012-11-18,REG,WAS,PHI,31.0,6.0,3.5,46.0,25.0,21.5,-9.0,0.4949246204078731,0.6247300215982722,0.0,0.4055850613131072,0.5165783735262882,0.5,0.5165783735262882,,,total,0
2012_11_CHI_SF,2012,11,2012-11-19,REG,SF,CHI,32.0,7.0,3.5,34.0,25.0,21.5,5.0,0.6369616910273506,0.6397067958752639,1.0,0.6534926421287879,0.47931775908303725,0.5,0.47931775908303725,,,total,1
2012_12_WAS_DAL,2012,12,2012-11-22,REG,DAL,WAS,31.0,38.0,3.5,47.0,-7.0,-10.5,22.0,0.6825716017507601,0.6332518337408314,1.0,0.5223879007100113,0.4992827666096059,0.5,0.4992827666096059,,,total,1
2012_12_HOU_DET,2012,12,2012-11-22,REG,DET,HOU,31.0,34.0,-3.5,48.5,-3.0,0.5,16.5,0.3167050615178695,0.3856591915440651,1.0,0.47723958295878793,0.5059088293451486,0.5,0.5059088293451486,,,total,1
2012_12_NE_NYJ,2012,12,2012-11-22,REG,NYJ,NE,19.0,49.0,-7.0,48.0,-30.0,-23.0,20.0,0.2441500330673567,0.28289498367913557,1.0,0.45809058156486304,0.5087289186527288,0.5,0.5087289186527288,,,total,1
2012_12_STL_ARI,2012,12,2012-11-25,REG,ARI,STL,17.0,31.0,1.0,36.0,-14.0,-15.0,12.0,0.6823971367982867,0.5240193918025562,1.0,0.5938203081042395,0.48864503970974504,0.5,0.48864503970974504,,,total,1
2012_12_MIN_CHI,2012,12,2012-11-25,REG,CHI,MIN,28.0,10.0,6.5,38.5,18.0,11.5,-0.5,0.7261534255734262,0.7013921016108003,0.0,0.5990450891087875,0.48784955480454006,0.5,0.48784955480454006,,,total,0
2012_12_OAK_CIN,2012,12,2012-11-25,REG,CIN,OAK,34.0,10.0,9.5,50.5,24.0,14.5,-6.5,0.7289970997823685,0.7770903466472567,0.0,0.39415761627406676,0.5183224051472249,0.5,0.5183224051472249,,,total,0
2012_12_PIT_CLE,2012,12,2012-11-25,REG,CLE,PIT,20.0,14.0,-1.0,33.0,6.0,7.0,1.0,0.25405313320575357,0.48044542229805576,1.0,0.5562840862535288,0.494278576821742,0.5,0.494278576821742,,,total,1
2012_12_BUF_IND,2012,12,2012-11-25,REG,IND,BUF,20.0,13.0,2.0,51.0,7.0,5.0,-18.0,0.5839963446242898,0.555895865237366,0.0,0.48674308501539143,0.5045132653508722,0.5,0.5045132653508722,,,total,0
2012_12_TEN_JAX,2012,12,2012-11-25,REG,JAX,TEN,24.0,19.0,-3.5,45.0,5.0,8.5,-2.0,0.3555807840860008,0.39975399753997537,0.0,0.39162104511921864,0.5187118004146769,0.5,0.5187118004146769,,,total,0
2012_12_DEN_KC,2012,12,2012-11-25,REG,KC,DEN,9.0,17.0,-10.0,41.5,-8.0,2.0,-15.5,0.2070377920286184,0.1952054794520548,0.0,0.7075990253449607,0.47019931299084655,0.5,0.47019931299084655,,,total,0
2012_12_SEA_MIA,2012,12,2012-11-25,REG,MIA,SEA,24.0,21.0,-3.0,37.5,3.0,6.0,7.5,0.46719443110683384,0.37713161346742463,1.0,0.5611783679666825,0.4935507990918363,0.5,0.4935507990918363,,,total,1
2012_12_SF_NO,2012,12,2012-11-25,REG,NO,SF,21.0,31.0,-1.0,50.0,-10.0,-9.0,2.0,0.5048835608707399,0.453954604539546,1.0,0.6282315953750442,0.4833377838065919,0.5,0.4833377838065919,,,total,1
2012_12_GB_NYG,2012,12,2012-11-25,REG,NYG,GB,38.0,10.0,1.0,50.0,28.0,27.0,-2.0,0.4831319547797945,0.555895865237366,0.0,0.39834510816565405,0.5176814267063953,0.5,0.5176814267063953,,,total,0
2012_12_BAL_SD,2012,12,2012-11-25,REG,SD,BAL,13.0,16.0,-1.0,46.5,-3.0,-2.0,-17.5,0.33800377278359295,0.49070156678599663,0.0,0.535544621933696,0.49734650369754213,0.5,0.49734650369754213,,,total,0
2012_12_ATL_TB,2012,12,2012-11-25,REG,TB,ATL,23.0,24.0,-1.0,50.5,-1.0,0.0,-3.5,0.3585361494185359,0.4759806081974437,0.0,0.3293258788982599,0.5286162057804251,0.5,0.5286162057804251,,,total,0
2012_12_CAR_PHI,2012,12,2012-11-26,REG,PHI,CAR,22.0,30.0,-3.0,41.5,-8.0,-5.0,10.5,0.617296491877772,0.3966571791921516,1.0,0.5449747989500104,0.4959543895101811,0.5,0.4959543895101811,,,total,1
2012_13_NO_ATL,2012,13,2012-11-29,REG,ATL,NO,23.0,13.0,3.5,54.5,10.0,6.5,-18.5,0.6872012150350619,0.630154233553667,0.0,0.5146987186716433,0.5004121019282208,0.5,0.5004121019282208,,,total,0
2012_13_PIT_BAL,2012,13,2012-12-02,REG,BAL,PIT,20.0,23.0,7.0,36.5,-3.0,-10.0,6.5,0.7064618683480003,0.7319034852546917,1.0,0.6602231694588965,0.4782247922229986,0.5,0.4782247922229986,,,total,1
2012_13_JAX_BUF,2012,13,2012-12-02,REG,BUF,JAX,34.0,18.0,6.0,41.0,16.0,10.0,11.0,0.7116965609932636,0.7121294639383801,1.0,0.1943227396943526,0.5544977942873269,0.5,0.5544977942873269,,,total,1
2012_13_SEA_CHI,2012,13,2012-12-02,REG,CHI,SEA,17.0,23.0,3.0,36.5,-6.0,-9.0,3.5,0.6724254311822262,0.5949110703209063,1.0,0.6576033049287751,0.47865142631486435,0.5,0.47865142631486435,,,total,1
2012_13_PHI_DAL,2012,13,2012-12-02,REG,DAL,PHI,38.0,33.0,10.5,44.0,5.0,-5.5,27.0,0.68924262198618,0.825993842859055,1.0,0.4451562286455991,0.5106432972026307,0.5,0.5106432972026307,,,total,1
2012_13_TB_DEN,2012,13,2012-12-02,REG,DEN,TB,31.0,23.0,9.5,50.0,8.0,-1.5,4.0,0.7284749050078193,0.7810858143607706,1.0,0.21531127198953556,0.5498206802543419,0.5,0.5498206802543419,,,total,1
2012_13_IND_DET,2012,13,2012-12-02,REG,DET,IND,33.0,35.0,7.0,51.5,-2.0,-9.0,16.5,0.5830513550252036,0.7382366085679627,1.0,0.22257001490772316,0.5482791242200182,0.5,0.5482791242200182,,,total,1
2012_13_MIN_GB,2012,13,2012-12-02,REG,GB,MIN,23.0,14.0,7.0,47.0,9.0,2.0,-10.0,0.8189564514241032,0.7664138242829156,0.0,0.22937189708974134,0.5468660265620907,0.5,0.5468660265620907,,,total,0
2012_13_CAR_KC,2012,13,2012-12-02,REG,KC,CAR,27.0,21.0,-5.0,41.0,6.0,11.0,7.0,0.4187299208570186,0.3388718845649322,1.0,0.45717754686053214,0.5088637586883514,0.5,0.5088637586883514,,,total,1
2012_13_NE_MIA,2012,13,2012-12-02,REG,MIA,NE,16.0,23.0,-7.0,51.0,-7.0,0.0,-12.0,0.22926357207912876,0.250919064013538,0.0,0.3975422646995412,0.5178041428423563,0.5,0.5178041428423563,,,total,0
2012_13_ARI_NYJ,2012,13,2012-12-02,REG,NYJ,ARI,7.0,6.0,6.0,37.0,1.0,-5.0,-24.0,0.661408525148155,0.6969696969696969,0.0,0.579592094072779,0.49079582544463174,0.5,0.49079582544463174,,,total,0
2012_13_CLE_OAK,2012,13,2012-12-02,REG,OAK,CLE,17.0,20.0,-2.5,39.5,-3.0,-0.5,-2.5,0.557244749054952,0.43949878436506445,0.0,0.2956436694804518,0.5343461808055082,0.5,0.5343461808055082,,,total,0
2012_13_CIN_SD,2012,13,2012-12-02,REG,SD,CIN,13.0,20.0,1.0,45.0,-7.0,-8.0,-12.0,0.5106971885202618,0.5240193918025562,0.0,0.5725914875627718,0.49184663911924714,0.5,0.49184663911924714,,,total,0
2012_13_SF_STL,2012,13,2012-12-02,REG,STL,SF,16.0,13.0,-7.0,40.5,3.0,10.0,-11.5,0.20342279292679344,0.250919064013538,0.0,0.6421101965611021,0.4811443076271274,0.5,0.4811443076271274,,,total,0
2012_13_HOU_TEN,2012,13,2012-12-02,REG,TEN,HOU,10.0,24.0,-7.0,47.5,-14.0,-7.0,-13.5,0.25839068568400564,0.271105010295127,0.0,0.4125474764051315,0.5155233445047452,0.5,0.5155233445047452,,,total,0
2012_13_NYG_WAS,2012,13,2012-12-03,REG,WAS,NYG,17.0,16.0,-2.5,50.0,1.0,3.5,-17.0,0.31291462234716727,0.44139283962726833,0.0,0.46032904382929873,0.5083985036439725,0.5,0.5083985036439725,,,total,0
2012_14_DEN_OAK,2012,14,2012-12-06,REG,OAK,DEN,13.0,26.0,-10.0,47.0,-13.0,-3.0,-8.0,0.2293177573346994,0.18662519440124417,0.0,0.3741728761338965,0.521415406582238,0.5,0.521415406582238,,,total,0
2012_14_STL_BUF,2012,14,2012-12-09,REG,BUF,STL,12.0,15.0,3.5,42.0,-3.0,-6.5,-15.0,0.6239150827837047,0.6397067958752639,0.0,0.3821389586235655,0.5201753852773353,0.5,0.5201753852773353,,,total,0
2012_14_ATL_CAR,2012,14,2012-12-09,REG,CAR,ATL,30.0,20.0,-3.0,46.5,10.0,13.0,3.5,0.21573170368363326,0.3966571791921516,1.0,0.6811138194178603,0.4747635337440023,0.5,0.4747635337440023,,,total,1
2012_14_DAL_CIN,2012,14,2012-12-09,REG,CIN,DAL,19.0,20.0,3.5,46.0,-1.0,-4.5,-7.0,0.6584585692988673,0.6274614156466205,0.0,0.3186637099670857,0.5303950916045238,0.5,0.5303950916045238,,,total,0
2012_14_KC_CLE,2012,14,2012-12-09,REG,CLE,KC,30.0,7.0,7.0,38.0,23.0,16.0,-1.0,0.6769600555963402,0.7353719494266393,0.0,0.5142395095674598,0.5004795098039724,0.5,0.5004795098039724,,,total,0
2012_14_DET_GB,2012,14,2012-12-09,REG,GB,DET,27.0,20.0,6.0,49.5,7.0,1.0,-2.5,0.8083330199583358,0.6921645130114186,0.0,0.38995010001721436,0.5189687888349844,0.5,0.5189687888349844,,,total,0
2012_14_TEN_IND,2012,14,2012-12-09,REG,IND,TEN,27.0,23.0,3.5,47.0,4.0,0.5,3.0,0.6543250889586042,0.6397067958752639,1.0,0.37740120133619626,0.5209116710853091,0.5,0.5209116710853091,,,total,1
2012_14_NYJ_JAX,2012,14,2012-12-09,REG,JAX,NYJ,10.0,17.0,-3.0,39.5,-7.0,-4.0,-12.5,0.380394580285617,0.3966571791921516,0.0,0.5814038505180132,0.49052312200171466,0.5,0.49052312200171466,,,total,0
2012_14_CHI_MIN,2012,14,2012-12-09,REG,MIN,CHI,21.0,14.0,-1.0,40.5,7.0,8.0,-5.5,0.40190356356362317,0.4519505233111322,0.0,0.35025878963720886,0.5252038548352195,0.5,0.5252038548352195,,,total,0
2012_14_NO_NYG,2012,14,2012-12-09,REG,NYG,NO,52.0,27.0,4.0,52.5,25.0,21.0,26.5,0.6762177406960386,0.6562218214607755,1.0,0.5230994923888241,0.4991781824134527,0.5,0.4991781824134527,,,total,1
2012_14_SD_PIT,2012,14,2012-12-09,REG,PIT,SD,24.0,34.0,7.0,37.5,-10.0,-17.0,20.5,0.7483902930857778,0.7590361445783131,1.0,0.45276890058452945,0.5095154386306773,0.5,0.5095154386306773,,,total,1
2012_14_ARI_SEA,2012,14,2012-12-09,REG,SEA,ARI,58.0,0.0,10.5,36.0,58.0,47.5,22.0,0.7731062188402298,0.8247592137258365,1.0,0.6149591104844652,0.48540494068504786,0.5,0.48540494068504786,,,total,1
2012_14_MIA_SF,2012,14,2012-12-09,REG,SF,MIA,27.0,13.0,10.5,38.5,14.0,3.5,1.5,0.8119460419073717,0.828160799833368,1.0,0.643514265468777,0.4809204049306532,0.5,0.4809204049306532,,,total,1
2012_14_PHI_TB,2012,14,2012-12-09,REG,TB,PHI,21.0,23.0,8.0,47.5,-2.0,-10.0,-3.5,0.7141384596652379,0.7490809359864622,0.0,0.3705933530348518,0.5219759396429593,0.5,0.5219759396429593,,,total,0
2012_14_BAL_WAS,2012,14,2012-12-09,REG,WAS,BAL,31.0,28.0,1.0,47.5,3.0,2.0,11.5,0.33184561447780236,0.5305667495498585,1.0,0.638127842594559,0.48177730611026537,0.5,0.48177730611026537,,,total,1
2012_14_HOU_NE,2012,14,2012-12-10,REG,NE,HOU,42.0,14.0,5.5,50.5,28.0,22.5,5.5,0.6465878467775353,0.6820654255726654,1.0,0.305598968585941,0.5326176525492377,0.5,0.5326176525492377,,,total,1
2012_15_CIN_PHI,2012,15,2012-12-13,REG,PHI,CIN,13.0,34.0,-4.5,45.0,-21.0,-16.5,2.0,0.38437131053129525,0.32980439187792066,1.0,0.5062831360856456,0.5016469691471583,0.5,0.5016469691471583,,,total,1
2012_15_DET_ARI,2012,15,2012-12-16,REG,ARI,DET,38.0,10.0,-5.5,43.5,28.0,33.5,4.5,0.4567398446571412,0.3253012048192771,1.0,0.7584985894459808,0.460685640619952,0.5,0.460685640619952,,,total,1
2012_15_NYG_ATL,2012,15,2012-12-16,REG,ATL,NYG,34.0,0.0,1.0,50.0,34.0,33.0,-16.0,0.5433835140233411,0.5116279069767442,0.0,0.37023338347787654,0.5220324279234996,0.5,0.5220324279234996,,,total,0
2012_15_DEN_BAL,2012,15,2012-12-16,REG,BAL,DEN,17.0,34.0,-3.0,48.0,-17.0,-14.0,3.0,0.5640180315253572,0.4224502112251056,1.0,0.4305542473656601,0.5128175159457526,0.5,0.5128175159457526,,,total,1
2012_15_SEA_BUF,2012,15,2012-12-16,REG,BUF,SEA,17.0,50.0,-4.5,44.0,-33.0,-28.5,23.0,0.3938505768225749,0.3366422097539922,1.0,0.5899625933150064,0.4892303401423314,0.5,0.4892303401423314,,,total,1
2012_15_GB_CHI,2012,15,2012-12-16,REG,CHI,GB,13.0,21.0,-3.0,43.0,-8.0,-5.0,-9.0,0.39251946424857653,0.4207141879874127,0.0,0.6065012534097411,0.48670844323877804,0.5,0.48670844323877804,,,total,0
2012_15_WAS_CLE,2012,15,2012-12-16,REG,CLE,WAS,21.0,38.0,4.0,40.5,-17.0,-21.0,18.5,0.488382414191312,0.6633577902460077,1.0,0.40095663569597045,0.5172828090562025,0.5,0.5172828090562025,,,total,1
2012_15_PIT_DAL,2012,15,2012-12-16,REG,DAL,PIT,27.0,24.0,-1.0,45.5,3.0,4.0,5.5,0.5009967639072311,0.444104134762634,1.0,0.6901881160781269,0.47322389007526566,0.5,0.47322389007526566,,,total,1
2012_15_IND_HOU,2012,15,2012-12-16,REG,HOU,IND,29.0,17.0,10.5,47.5,12.0,1.5,-1.5,0.7896883229784973,0.8133748055987559,0.0,0.4350963105319275,0.5121395108872633,0.5,0.5121395108872633,,,total,0
2012_15_JAX_MIA,2012,15,2012-12-16,REG,MIA,JAX,24.0,3.0,7.5,38.5,21.0,13.5,-11.5,0.7640983732118592,0.7618424496205181,0.0,0.2588318979178112,0.5410515243673498,0.5,0.5410515243673498,,,total,0
2012_15_SF_NE,2012,15,2012-12-16,REG,NE,SF,34.0,41.0,4.0,47.0,-7.0,-11.0,28.0,0.7064031732104618,0.6499689771835965,1.0,0.49173860393683716,0.5037802854822797,0.5,0.5037802854822797,,,total,1
2012_15_TB_NO,2012,15,2012-12-16,REG,NO,TB,41.0,0.0,3.5,54.5,41.0,37.5,-13.5,0.6822629146976937,0.6422270143109194,0.0,0.4016469663176248,0.5171775792534866,0.5,0.5171775792534866,,,total,0
2012_15_KC_OAK,2012,15,2012-12-16,REG,OAK,KC,15.0,0.0,4.5,44.0,15.0,10.5,-29.0,0.6271797323955912,0.6611281154350678,0.0,0.518017909787415,0.49992475805071485,0.5,0.49992475805071485,,,total,0
2012_15_CAR_SD,2012,15,2012-12-16,REG,SD,CAR,7.0,31.0,3.0,45.0,-24.0,-27.0,-7.0,0.6532017358734368,0.6002460024600246,0.0,0.5035121057472748,0.5020534262528655,0.5,0.5020534262528655,,,total,0
2012_15_MIN_STL,2012,15,2012-12-16,REG,STL,MIN,22.0,36.0,1.0,39.0,-14.0,-15.0,19.0,0.5416506788299374,0.556697108066971,1.0,0.39525358811057754,0.5181544249614131,0.5,0.5181544249614131,,,total,1
2012_15_NYJ_TEN,2012,15,2012-12-17,REG,TEN,NYJ,14.0,10.0,1.0,40.0,4.0,3.0,-16.0,0.5022760714697232,0.5046466242274987,0.0,0.49759337645711693,0.5029215064478358,0.5,0.5029215064478358,,,total,0
2012_16_ATL_DET,2012,16,2012-12-22,REG,DET,ATL,18.0,31.0,-3.5,50.0,-13.0,-9.5,-1.0,0.24329338245881632,0.360293204124736,0.0,0.5753324123523661,0.49143575244373733,0.5,0.49143575244373733,,,total,0
2012_16_CHI_ARI,2012,16,2012-12-23,REG,ARI,CHI,13.0,28.0,-7.0,35.5,-15.0,-8.0,5.5,0.4217400184968176,0.27418447694038245,1.0,0.5500570372300226,0.49520224469404467,0.5,0.49520224469404467,,,total,1
2012_16_NYG_BAL,2012,16,2012-12-23,REG,BAL,NYG,33.0,14.0,-1.0,48.0,19.0,20.0,-1.0,0.5279670661182574,0.4479937670432412,0.0,0.3610383916170488,0.5234830587854008,0.5,0.5234830587854008,,,total,0
2012_16_OAK_CAR,2012,16,2012-12-23,REG,CAR,OAK,17.0,6.0,9.5,47.5,11.0,1.5,-24.5,0.7278117990849631,0.7882908557935022,0.0,0.49835453394877505,0.5028098704907279,0.5,0.5028098704907279,,,total,0
2012_16_NO_DAL,2012,16,2012-12-23,REG,DAL,NO,31.0,34.0,1.0,55.0,-3.0,-4.0,10.0,0.49352732757195406,0.5775497887748944,1.0,0.49619220067107495,0.503127015242681,0.5,0.503127015242681,,,total,1
2012_16_CLE_DEN,2012,16,2012-12-23,REG,DEN,CLE,34.0,12.0,11.0,43.5,22.0,11.0,2.5,0.8679569804051525,0.8356702054713547,1.0,0.19938129367788396,0.553338197442842,0.5,0.553338197442842,,,total,1
2012_16_TEN_GB,2012,16,2012-12-23,REG,GB,TEN,55.0,7.0,10.5,44.0,48.0,37.5,18.0,0.8499138830015843,0.8334242518703242,1.0,0.49358167908161027,0.5035099203592702,0.5,0.5035099203592702,,,total,1
2012_16_MIN_HOU,2012,16,2012-12-23,REG,HOU,MIN,6.0,23.0,7.5,43.0,-17.0,-24.5,-14.0,0.8037565383548761,0.7590361445783131,0.0,0.6250818318878779,0.48383090092701836,0.5,0.48383090092701836,,,total,0
2012_16_NE_JAX,2012,16,2012-12-23,REG,JAX,NE,16.0,23.0,-14.0,51.5,-7.0,7.0,-12.5,0.09536925693503331,0.13227513227513227,0.0,0.3912698664214935,0.5187657792650628,0.5,0.5187657792650628,,,total,0
2012_16_IND_KC,2012,16,2012-12-23,REG,KC,IND,13.0,20.0,-4.5,41.5,-7.0,-2.5,-8.5,0.31471192131436493,0.341130604288499,0.0,0.7360217300485997,0.46502757233667935,0.5,0.46502757233667935,,,total,0
2012_16_BUF_MIA,2012,16,2012-12-23,REG,MIA,BUF,24.0,10.0,5.0,43.5,14.0,9.0,-9.5,0.6593016972757666,0.6757296083811425,0.0,0.6175005228462718,0.4850112467122511,0.5,0.4850112467122511,,,total,0
2012_16_SD_NYJ,2012,16,2012-12-23,REG,NYJ,SD,17.0,27.0,3.0,37.0,-10.0,-13.0,7.0,0.5826075197198709,0.6002460024600246,1.0,0.598982932073817,0.48785903777518486,0.5,0.48785903777518486,,,total,1
2012_16_WAS_PHI,2012,16,2012-12-23,REG,PHI,WAS,20.0,27.0,-3.5,46.0,-7.0,-3.5,1.0,0.3798231170943282,0.34727812147834686,1.0,0.27055356043318884,0.5388570684419828,0.5,0.5388570684419828,,,total,1
2012_16_CIN_PIT,2012,16,2012-12-23,REG,PIT,CIN,10.0,13.0,3.5,40.0,-3.0,-6.5,-17.0,0.5470443333707243,0.6143408084559349,0.0,0.5243858065167505,0.49898909491285653,0.5,0.49898909491285653,,,total,0
2012_16_SF_SEA,2012,16,2012-12-23,REG,SEA,SF,42.0,13.0,2.5,40.0,29.0,26.5,15.0,0.4192001804827815,0.5605012156349355,1.0,0.6075474116646268,0.48654775217572355,0.5,0.48654775217572355,,,total,1
2012_16_STL_TB,2012,16,2012-12-23,REG,TB,STL,13.0,28.0,3.0,43.5,-15.0,-18.0,-2.5,0.6397509953633953,0.5933014354066986,0.0,0.41788764866413586,0.5147176522771425,0.5,0.5147176522771425,,,total,0
2012_17_TB_ATL,2012,17,2012-12-30,REG,ATL,TB,17.0,22.0,3.0,46.0,-5.0,-8.0,-7.0,0.865997271104558,0.5775497887748944,0.0,0.5081136837127872,0.5013784321150047,0.5,0.5013784321150047,,,total,0
2012_17_NYJ_BUF,2012,17,2012-12-30,REG,BUF,NYJ,28.0,9.0,3.5,40.5,19.0,15.5,-3.5,0.5212507316481129,0.6172248803827751,0.0,0.387294421865142,0.5193780277875661,0.5,0.5193780277875661,,,total,0
2012_17_BAL_CIN,2012,17,2012-12-30,REG,CIN,BAL,23.0,17.0,5.5,43.0,6.0,0.5,-3.0,0.5127877931127239,0.690978748012144,0.0,0.5815569375304871,0.4905000647427413,0.5,0.4905000647427413,,,total,0
2012_17_CHI_DET,2012,17,2012-12-30,REG,DET,CHI,24.0,26.0,-3.0,46.0,-2.0,1.0,4.0,0.38893031086768887,0.3951262751461066,1.0,0.43164751685145614,0.5126541701307517,0.5,0.5126541701307517,,,total,1
2012_17_HOU_IND,2012,17,2012-12-30,REG,IND,HOU,28.0,16.0,-6.5,47.0,12.0,18.5,-3.0,0.39404386223178,0.28625954198473286,0.0,0.4100491603612869,0.5159013026895306,0.5,0.5159013026895306,,,total,0
2012_17_GB_MIN,2012,17,2012-12-30,REG,MIN,GB,37.0,34.0,-3.0,45.5,3.0,6.0,25.5,0.3685932889043606,0.38277511961722493,1.0,0.6151616757192097,0.4853735962681399,0.5,0.4853735962681399,,,total,1
2012_17_MIA_NE,2012,17,2012-12-30,REG,NE,MIA,28.0,0.0,11.5,48.0,28.0,16.5,-20.0,0.8568159806415826,0.8367537313432836,0.0,0.3966336113066769,0.517943131397125,0.5,0.517943131397125,,,total,0
2012_17_CAR_NO,2012,17,2012-12-30,REG,NO,CAR,38.0,44.0,4.0,53.5,-6.0,-10.0,28.5,0.6932789674879557,0.6451127819548872,1.0,0.5628535408051801,0.49330130821410667,0.5,0.49330130821410667,,,total,1
2012_17_PHI_NYG,2012,17,2012-12-30,REG,NYG,PHI,42.0,7.0,6.5,44.0,35.0,28.5,5.0,0.8444203874819232,0.7086409898223908,1.0,0.32289777292112964,0.5296851054990996,0.5,0.5296851054990996,,,total,1
2012_17_CLE_PIT,2012,17,2012-12-30,REG,PIT,CLE,24.0,10.0,10.0,36.5,14.0,4.0,-2.5,0.7451723791822765,0.7987191216834401,0.0,0.25672542368820195,0.5414524722469568,0.5,0.5414524722469568,,,total,0
2012_17_OAK_SD,2012,17,2012-12-30,REG,SD,OAK,24.0,21.0,9.5,41.0,3.0,-6.5,4.0,0.7365122058375335,0.7590361445783131,1.0,0.4803022189305373,0.5054588828944017,0.5,0.5054588828944017,,,total,1
2012_17_STL_SEA,2012,17,2012-12-30,REG,SEA,STL,20.0,13.0,11.0,41.5,7.0,-4.0,-8.5,0.800879399570737,0.8093344632031809,0.0,0.7680250845767085,0.4587648213513137,0.5,0.4587648213513137,,,total,0
2012_17_ARI_SF,2012,17,2012-12-30,REG,SF,ARI,27.0,13.0,16.0,39.0,14.0,-2.0,1.0,0.8700990213531121,0.8990683229813665,1.0,0.5374079781479622,0.4970717541343198,0.5,0.4970717541343198,,,total,1
2012_17_JAX_TEN,2012,17,2012-12-30,REG,TEN,JAX,38.0,20.0,6.0,42.0,18.0,12.0,16.0,0.7536512433970225,0.7013921016108003,1.0,0.5360312348796943,0.4972747674905216,0.5,0.4972747674905216,,,total,1
2012_17_DAL_WAS,2012,17,2012-12-30,REG,WAS,DAL,28.0,18.0,3.0,49.0,10.0,7.0,-3.0,0.6270335043084359,0.6200671122327297,0.0,0.3534190812840541,0.5246969851277221,0.5,0.5246969851277221,,,total,0
2012_18_MIN_GB,2012,18,2013-01-05,WC,GB,MIN,24.0,10.0,10.5,44.0,14.0,3.5,-10.0,0.7233163549878686,0.822501747030049,0.0,0.6141098986485959,0.4855362798184951,0.5,0.4855362798184951,,,total,0
2012_18_CIN_HOU,2012,18,2013-01-05,WC,HOU,CIN,19.0,13.0,4.0,42.5,6.0,2.0,-10.5,0.5784362959480702,0.6527218785216531,0.0,0.5360229027483853,0.4972759958924216,0.5,0.4972759958924216,,,total,0
2012_18_IND_BAL,2012,18,2013-01-06,WC,BAL,IND,24.0,9.0,7.5,47.5,15.0,7.5,-14.5,0.6772924705830787,0.7516485398646913,0.0,0.46110795907558894,0.5082835838396713,0.5,0.5082835838396713,,,total,0
2012_18_SEA_WAS,2012,18,2013-01-06,WC,WAS,SEA,14.0,24.0,-3.0,44.5,-10.0,-7.0,-6.5,0.45720780211058726,0.39975399753997537,0.0,0.4562328874974086,0.5090033125409108,0.5,0.5090033125409108,,,total,0
2012_19_BAL_DEN,2012,19,2013-01-12,DIV,DEN,BAL,35.0,38.0,9.5,44.0,-3.0,-12.5,29.0,0.6580779987364406,0.7770903466472567,1.0,0.4228582323090519,0.5139702627323453,0.5,0.5139702627323453,,,total,1
2012_19_GB_SF,2012,19,2013-01-12,DIV,SF,GB,45.0,31.0,3.0,45.0,14.0,11.0,31.0,0.5443915353744901,0.6033428208078484,1.0,0.5115180166948253,0.5008789321038352,0.5,0.5008789321038352,,,total,1
2012_19_SEA_ATL,2012,19,2013-01-13,DIV,ATL,SEA,30.0,28.0,2.5,46.0,2.0,-0.5,12.0,0.5544774149911668,0.5679213219076544,1.0,0.5409031153307767,0.49655598355016123,0.5,0.49655598355016123,,,total,1
2012_19_HOU_NE,2012,19,2013-01-13,DIV,NE,HOU,41.0,28.0,9.5,50.5,13.0,3.5,18.5,0.7448501012076533,0.7936394669340997,1.0,0.4283949991711201,0.5131404209116265,0.5,0.5131404209116265,,,total,1
2012_20_SF_ATL,2012,20,2013-01-20,CON,ATL,SF,24.0,28.0,-3.5,47.5,-4.0,-0.5,4.5,0.5246170270450139,0.36543916587871506,1.0,0.44932215577680945,0.5100256674132336,0.5,0.5100256674132336,,,total,1
2012_20_BAL_NE,2012,20,2013-01-20,CON,NE,BAL,13.0,28.0,8.0,49.5,-15.0,-23.0,-8.5,0.7250637455186478,0.7566244633432689,0.0,0.2522457422145889,0.5423121885188144,0.5,0.5423121885188144,,,total,0
2012_21_BAL_SF,2012,21,2013-02-03,SB,SF,BAL,31.0,34.0,4.5,47.5,-3.0,-7.5,17.5,0.5219961404645931,0.6611281154350678,1.0,0.48657080350020326,0.5045385495452747,0.5,0.5045385495452747,,,total,1
2013_01_BAL_DEN,2013,1,2013-09-05,REG,DEN,BAL,49.0,27.0,7.5,48.5,22.0,14.5,27.5,0.5174341818494761,0.7431338891613536,1.0,0.22589369600352618,0.38863055600855695,0.5,0.38863055600855695,,,total,1
2013_01_NE_BUF,2013,1,2013-09-08,REG,BUF,NE,21.0,23.0,-10.0,50.5,-2.0,8.0,-6.5,0.2790653232068722,0.21170914420649786,0.0,0.5142117292709864,0.513593883380742,0.5,0.513593883380742,,,total,0
2013_01_SEA_CAR,2013,1,2013-09-08,REG,CAR,SEA,7.0,12.0,-3.0,44.5,-5.0,-2.0,-25.5,0.44694992235514125,0.413907284768212,0.0,0.4210792688953052,0.4766716506424865,0.5,0.4766716506424865,,,total,0
2013_01_CIN_CHI,2013,1,2013-09-08,REG,CHI,CIN,24.0,21.0,3.0,41.5,3.0,0.0,3.5,0.5477705817579224,0.5933014354066986,1.0,0.2742149896320383,0.41305679066102685,0.5,0.41305679066102685,,,total,1
2013_01_MIA_CLE,2013,1,2013-09-08,REG,CLE,MIA,10.0,23.0,2.5,40.5,-13.0,-15.5,-7.5,0.4781412201568982,0.5520062329567589,0.0,0.30904897794413405,0.42925918615334707,0.5,0.42925918615334707,,,total,0
2013_01_NYG_DAL,2013,1,2013-09-08,REG,DAL,NYG,36.0,31.0,3.5,49.5,5.0,1.5,17.5,0.4385876210944507,0.6274614156466205,1.0,0.3221239007841925,0.43511026614050813,0.5,0.43511026614050813,,,total,1
2013_01_MIN_DET,2013,1,2013-09-08,REG,DET,MIN,34.0,24.0,4.0,46.0,10.0,6.0,12.0,0.42170224878801016,0.658869395711501,1.0,0.31314434512214334,0.4311039796764549,0.5,0.4311039796764549,,,total,1
2013_01_OAK_IND,2013,1,2013-09-08,REG,IND,OAK,21.0,17.0,11.0,45.0,4.0,-7.0,-7.0,0.7313582521229061,0.828160799833368,0.0,0.4368423365626592,0.48299781149954046,0.5,0.48299781149954046,,,total,0
2013_01_KC_JAX,2013,1,2013-09-08,REG,JAX,KC,2.0,28.0,-3.5,42.5,-26.0,-22.5,-12.5,0.5706205180498047,0.3856591915440651,0.0,0.3442738678389306,0.44478690623350575,0.5,0.44478690623350575,,,total,0
2013_01_ATL_NO,2013,1,2013-09-08,REG,NO,ATL,23.0,17.0,3.5,54.5,6.0,2.5,-14.5,0.4934980053158846,0.6332518337408314,0.0,0.47050954885417745,0.49637077521510836,0.5,0.49637077521510836,,,total,0
2013_01_TB_NYJ,2013,1,2013-09-08,REG,NYJ,TB,18.0,17.0,-4.0,40.0,1.0,5.0,-5.0,0.5251186951403779,0.3500310228164034,0.0,0.48894465584523006,0.5036438533881888,0.5,0.5036438533881888,,,total,0
2013_01_TEN_PIT,2013,1,2013-09-08,REG,PIT,TEN,9.0,16.0,6.0,42.0,-7.0,-13.0,-17.0,0.6778651136856151,0.6930878035761944,0.0,0.4883594186836986,0.5034132582423696,0.5,0.5034132582423696,,,total,0
2013_01_GB_SF,2013,1,2013-09-08,REG,SF,GB,34.0,28.0,5.0,47.0,6.0,1.0,15.0,0.6171541231256724,0.6733551096593561,1.0,0.5202229928645102,0.5159621033076225,0.5,0.5159621033076225,,,total,1
2013_01_ARI_STL,2013,1,2013-09-08,REG,STL,ARI,27.0,24.0,3.5,42.5,3.0,-0.5,8.5,0.6367967832193927,0.6332518337408314,1.0,0.4057032706388849,0.47044567638654455,0.5,0.47044567638654455,,,total,1
2013_01_HOU_SD,2013,1,2013-09-09,REG,SD,HOU,28.0,31.0,-5.0,44.0,-3.0,2.0,15.0,0.4588364269573443,0.333350970950844,1.0,0.4022682473278291,0.469046179692042,0.5,0.469046179692042,,,total,1
2013_01_PHI_WAS,2013,1,2013-09-09,REG,WAS,PHI,27.0,33.0,4.0,51.0,-6.0,-10.0,9.0,0.7422441606152783,0.6527218785216531,1.0,0.35772748524561737,0.450538565738786,0.5,0.450538565738786,,,total,1
2013_02_NYJ_NE,2013,2,2013-09-12,REG,NE,NYJ,13.0,10.0,10.5,43.0,3.0,-7.5,-20.0,0.8388794823462808,0.832570049736544,0.0,0.6825955872270345,0.5826266368497666,0.5,0.5826266368497666,,,total,0
2013_02_DET_ARI,2013,2,2013-09-15,REG,ARI,DET,25.0,21.0,-1.0,47.5,4.0,5.0,-1.5,0.5029225506845135,0.49070156678599663,0.0,0.5780307064930487,0.5389043775181681,0.5,0.5389043775181681,,,total,0
2013_02_STL_ATL,2013,2,2013-09-15,REG,ATL,STL,31.0,24.0,4.0,47.5,7.0,3.0,7.5,0.7347005102913909,0.6550628602550719,1.0,0.5049009279337727,0.5099275487483097,0.5,0.5099275487483097,,,total,1
2013_02_CLE_BAL,2013,2,2013-09-15,REG,BAL,CLE,14.0,6.0,5.5,43.5,8.0,2.5,-23.5,0.8512738616935084,0.6969696969696969,0.0,0.6156791425542508,0.5541837150009635,0.5,0.5541837150009635,,,total,0
2013_02_CAR_BUF,2013,2,2013-09-15,REG,BUF,CAR,24.0,23.0,-3.5,43.5,1.0,4.5,3.5,0.47229265129811193,0.37253858435337944,1.0,0.5185915298992109,0.5153192331760491,0.5,0.5153192331760491,,,total,1
2013_02_MIN_CHI,2013,2,2013-09-15,REG,CHI,MIN,31.0,30.0,6.0,41.0,1.0,-5.0,20.0,0.6379790964749974,0.7050630837293135,1.0,0.5757602102009234,0.5379939255403082,0.5,0.5379939255403082,,,total,1
2013_02_WAS_GB,2013,2,2013-09-15,REG,GB,WAS,38.0,20.0,9.0,48.5,18.0,9.0,9.5,0.7305687727901095,0.7618424496205181,1.0,0.4953505120193651,0.5061671227871226,0.5,0.5061671227871226,,,total,1
2013_02_TEN_HOU,2013,2,2013-09-15,REG,HOU,TEN,30.0,24.0,7.5,42.5,6.0,-1.5,11.5,0.7145768433561843,0.7464578672632363,1.0,0.7289033564930562,0.6038480692579685,0.5,0.6038480692579685,,,total,1
2013_02_MIA_IND,2013,2,2013-09-15,REG,IND,MIA,20.0,24.0,1.0,43.5,-4.0,-5.0,0.5,0.5931159313955238,0.5305667495498585,1.0,0.47278036843736365,0.4972679576103399,0.5,0.4972679576103399,,,total,1
2013_02_DAL_KC,2013,2,2013-09-15,REG,KC,DAL,17.0,16.0,3.0,45.0,1.0,-2.0,-12.0,0.3882165678367005,0.6143408084559349,0.0,0.5625263231796455,0.5327065950453422,0.5,0.5327065950453422,,,total,0
2013_02_DEN_NYG,2013,2,2013-09-15,REG,NYG,DEN,23.0,41.0,-3.5,52.5,-18.0,-14.5,11.5,0.45490995733036843,0.3785271851342051,1.0,0.5501357566378317,0.5277818575643172,0.5,0.5277818575643172,,,total,1
2013_02_JAX_OAK,2013,2,2013-09-15,REG,OAK,JAX,19.0,9.0,3.5,40.5,10.0,6.5,-12.5,0.6976277452943812,0.6451127819548872,0.0,0.5339790319485748,0.5213884118116769,0.5,0.5213884118116769,,,total,0
2013_02_SD_PHI,2013,2,2013-09-15,REG,PHI,SD,30.0,33.0,7.5,51.0,-3.0,-10.5,12.0,0.49721788153277624,0.7464578672632363,1.0,0.41932107414856756,0.4759627036497177,0.5,0.4759627036497177,,,total,1
2013_02_SF_SEA,2013,2,2013-09-15,REG,SEA,SF,29.0,3.0,3.0,43.5,26.0,23.0,-11.5,0.5304813328683232,0.590044398353696,0.0,0.5672289667733278,0.5345818680442147,0.5,0.5345818680442147,,,total,0
2013_02_NO_TB,2013,2,2013-09-15,REG,TB,NO,14.0,16.0,-3.0,48.5,-2.0,1.0,-18.5,0.42517662138205964,0.40190672025422935,0.0,0.5719950047293987,0.5364863564820019,0.5,0.5364863564820019,,,total,0
2013_02_PIT_CIN,2013,2,2013-09-16,REG,CIN,PIT,20.0,10.0,7.0,40.0,10.0,3.0,-10.0,0.6434659316169457,0.7161241483724451,0.0,0.6229607516799357,0.5571870000749533,0.5,0.5571870000749533,,,total,0
2013_03_KC_PHI,2013,3,2013-09-19,REG,PHI,KC,16.0,26.0,3.0,50.0,-10.0,-13.0,-8.0,0.6151053285357947,0.6093979441997063,0.0,0.5404521630534278,0.5239467322395666,0.5,0.5239467322395666,,,total,0
2013_03_HOU_BAL,2013,3,2013-09-22,REG,BAL,HOU,30.0,9.0,1.0,44.5,21.0,20.0,-5.5,0.6342420298719148,0.5240193918025562,0.0,0.22702270064618504,0.3892338151625964,0.5,0.3892338151625964,,,total,0
2013_03_NYG_CAR,2013,3,2013-09-22,REG,CAR,NYG,38.0,0.0,-1.0,46.5,38.0,39.0,-8.5,0.5223355057130712,0.45801526717557256,0.0,0.29651584252193647,0.42353986382425546,0.5,0.42353986382425546,,,total,0
2013_03_GB_CIN,2013,3,2013-09-22,REG,CIN,GB,34.0,30.0,-3.0,49.5,4.0,7.0,14.5,0.4940280520259814,0.41899204424013164,1.0,0.6819642607953447,0.5823476915189654,0.5,0.5823476915189654,,,total,1
2013_03_STL_DAL,2013,3,2013-09-22,REG,DAL,STL,31.0,7.0,3.5,47.5,24.0,20.5,-9.5,0.6437075906977876,0.6143408084559349,0.0,0.3517105711691038,0.4479769890256876,0.5,0.4479769890256876,,,total,0
2013_03_ATL_MIA,2013,3,2013-09-22,REG,MIA,ATL,27.0,23.0,3.0,45.5,4.0,1.0,4.5,0.4813952966900625,0.5697382574399427,1.0,0.4252710044082372,0.478359016112383,0.5,0.478359016112383,,,total,1
2013_03_CLE_MIN,2013,3,2013-09-22,REG,MIN,CLE,27.0,31.0,7.0,40.0,-4.0,-11.0,18.0,0.7334440065324899,0.7258155230596175,1.0,0.4098890755299658,0.47214661894851656,0.5,0.47214661894851656,,,total,1
2013_03_TB_NE,2013,3,2013-09-22,REG,NE,TB,23.0,3.0,7.5,44.5,20.0,12.5,-18.5,0.8298185262301079,0.7464578672632363,0.0,0.5393729076026208,0.5235199197907202,0.5,0.5235199197907202,,,total,0
2013_03_ARI_NO,2013,3,2013-09-22,REG,NO,ARI,31.0,7.0,8.0,48.5,24.0,16.0,-10.5,0.7720290433602661,0.7618424496205181,0.0,0.38182804233394707,0.4606429577732361,0.5,0.4606429577732361,,,total,0
2013_03_BUF_NYJ,2013,3,2013-09-22,REG,NYJ,BUF,27.0,20.0,2.5,41.0,7.0,4.5,6.0,0.5620389859179008,0.555895865237366,1.0,0.4988380802640864,0.5075404478556468,0.5,0.5075404478556468,,,total,1
2013_03_CHI_PIT,2013,3,2013-09-22,REG,PIT,CHI,23.0,40.0,-2.5,40.5,-17.0,-14.5,22.5,0.475971576913875,0.453954604539546,1.0,0.6375315065809894,0.5632544473162165,0.5,0.5632544473162165,,,total,1
2013_03_JAX_SEA,2013,3,2013-09-22,REG,SEA,JAX,45.0,17.0,19.5,39.0,28.0,8.5,23.0,0.9254955049580951,0.9535822401614531,1.0,0.37979712363389617,0.459800286096962,0.5,0.459800286096962,,,total,1
2013_03_IND_SF,2013,3,2013-09-22,REG,SF,IND,7.0,27.0,10.5,45.5,-20.0,-30.5,-11.5,0.750157236444715,0.8161598505168621,0.0,0.4094483818590407,0.47196776199756546,0.5,0.47196776199756546,,,total,0
2013_03_SD_TEN,2013,3,2013-09-22,REG,TEN,SD,20.0,17.0,3.0,43.0,3.0,0.0,-6.0,0.5505256911577425,0.5810079557598683,0.0,0.5353280744107417,0.5219212774326064,0.5,0.5219212774326064,,,total,0
2013_03_DET_WAS,2013,3,2013-09-22,REG,WAS,DET,20.0,27.0,-1.0,48.5,-7.0,-6.0,-1.5,0.6296210059021092,0.4827086071703758,0.0,0.37102215073076145,0.45614151964154226,0.5,0.45614151964154226,,,total,0
2013_03_OAK_DEN,2013,3,2013-09-23,REG,DEN,OAK,37.0,21.0,16.0,48.5,16.0,0.0,9.5,0.8746025032680237,0.9133964817320704,1.0,0.5790710173411079,0.5393218875318022,0.5,0.5393218875318022,,,total,1
2013_04_SF_STL,2013,4,2013-09-26,REG,STL,SF,11.0,35.0,-3.0,43.0,-24.0,-21.0,3.0,0.3620049739843944,0.3738994089977084,1.0,0.530873136655773,0.5201621475273831,0.5,0.5201621475273831,,,total,1
2013_04_NE_ATL,2013,4,2013-09-29,REG,ATL,NE,23.0,30.0,3.0,49.0,-7.0,-10.0,4.0,0.43631479436728615,0.5949110703209063,1.0,0.5169995660994717,0.514692029298927,0.5,0.514692029298927,,,total,1
2013_04_BAL_BUF,2013,4,2013-09-29,REG,BUF,BAL,23.0,20.0,-4.0,45.0,3.0,7.0,-2.0,0.256611392933023,0.35488721804511275,0.0,0.5968474179645058,0.5464940133917279,0.5,0.5464940133917279,,,total,0
2013_04_CIN_CLE,2013,4,2013-09-29,REG,CLE,CIN,17.0,6.0,-3.5,42.5,11.0,14.5,-19.5,0.3363485833018928,0.36674816625916873,0.0,0.6173473942033296,0.5548701974282876,0.5,0.5548701974282876,,,total,0
2013_04_PHI_DEN,2013,4,2013-09-29,REG,DEN,PHI,52.0,20.0,10.5,57.5,32.0,21.5,14.5,0.8883247204468689,0.8047945205479452,1.0,0.6189495555909308,0.5555303580562821,0.5,0.5555303580562821,,,total,1
2013_04_CHI_DET,2013,4,2013-09-29,REG,DET,CHI,40.0,32.0,3.0,48.0,8.0,5.0,24.0,0.41147678758129497,0.582716381747207,1.0,0.3904276416687253,0.4641949884936469,0.5,0.4641949884936469,,,total,1
2013_04_SEA_HOU,2013,4,2013-09-29,REG,HOU,SEA,20.0,23.0,-1.0,41.0,-3.0,-2.0,2.0,0.45366888693839297,0.48044542229805576,1.0,0.5135383074707689,0.5133286531773987,0.5,0.5133286531773987,,,total,1
2013_04_IND_JAX,2013,4,2013-09-29,REG,JAX,IND,3.0,37.0,-9.5,42.5,-34.0,-24.5,-2.5,0.2214808641314302,0.24096385542168672,0.0,0.5868670450132724,0.5424581324643061,0.5,0.5424581324643061,,,total,0
2013_04_NYG_KC,2013,4,2013-09-29,REG,KC,NYG,31.0,7.0,3.5,43.5,24.0,20.5,-5.5,0.4494200941320723,0.6233496049929973,0.0,0.45962459234351183,0.49206328142841826,0.5,0.49206328142841826,,,total,0
2013_04_PIT_MIN,2013,4,2013-09-29,REG,MIN,PIT,34.0,27.0,-3.0,41.5,7.0,10.0,19.5,0.5292106140191524,0.40832074076455643,1.0,0.7228623952283916,0.6009841764247696,0.5,0.6009841764247696,,,total,1
2013_04_WAS_OAK,2013,4,2013-09-29,REG,OAK,WAS,14.0,24.0,-3.5,45.5,-10.0,-6.5,-7.5,0.49633046028940536,0.36674816625916873,0.0,0.6129275378669379,0.5530534211658921,0.5,0.5530534211658921,,,total,0
2013_04_DAL_SD,2013,4,2013-09-29,REG,SD,DAL,30.0,21.0,-1.0,47.0,9.0,10.0,4.0,0.5220458116604169,0.5,1.0,0.4072137235680032,0.47106001499106714,0.5,0.47106001499106714,,,total,1
2013_04_ARI_TB,2013,4,2013-09-29,REG,TB,ARI,10.0,13.0,2.5,40.0,-3.0,-5.5,-17.0,0.6272949695201966,0.5586071603727317,0.0,0.6483548895330451,0.5678169704610567,0.5,0.5678169704610567,,,total,0
2013_04_NYJ_TEN,2013,4,2013-09-29,REG,TEN,NYJ,38.0,13.0,3.5,40.5,25.0,21.5,10.5,0.6341441457561979,0.6261005910022917,1.0,0.7108152827470019,0.5953652479653115,0.5,0.5953652479653115,,,total,1
2013_04_MIA_NO,2013,4,2013-09-30,REG,NO,MIA,38.0,17.0,7.0,48.5,21.0,14.0,6.5,0.6379782695759547,0.7444178676800912,1.0,0.5515917847135545,0.5283594650715951,0.5,0.5283594650715951,,,total,1
2013_05_BUF_CLE,2013,5,2013-10-03,REG,CLE,BUF,37.0,24.0,3.5,40.5,13.0,9.5,20.5,0.5736551549605832,0.6332518337408314,1.0,0.6085112029564985,0.5512443046239641,0.5,0.5512443046239641,,,total,1
2013_05_CAR_ARI,2013,5,2013-10-06,REG,ARI,CAR,22.0,6.0,-3.0,41.0,16.0,19.0,-13.0,0.4170843135262111,0.38911639972601536,0.0,0.6166429910933523,0.554580224510259,0.5,0.554580224510259,,,total,0
2013_05_NO_CHI,2013,5,2013-10-06,REG,CHI,NO,18.0,26.0,1.0,50.5,-8.0,-9.0,-6.5,0.5031238574852096,0.521797153024911,0.0,0.47556812412661986,0.49836879631027053,0.5,0.49836879631027053,,,total,0
2013_05_NE_CIN,2013,5,2013-10-06,REG,CIN,NE,13.0,6.0,-2.0,45.5,7.0,9.0,-26.5,0.36618701412596055,0.43026174256005734,0.0,0.5338252251513592,0.5213276683285197,0.5,0.5213276683285197,,,total,0
2013_05_DEN_DAL,2013,5,2013-10-06,REG,DAL,DEN,48.0,51.0,-7.5,56.5,-3.0,4.5,42.5,0.3133335554091886,0.26462805057336075,1.0,0.47424718608111355,0.49784725623319437,0.5,0.49784725623319437,,,total,1
2013_05_DET_GB,2013,5,2013-10-06,REG,GB,DET,22.0,9.0,10.0,53.0,13.0,3.0,-22.0,0.7263867605435702,0.7970544973840511,0.0,0.42185203921354264,0.47698302400563897,0.5,0.47698302400563897,,,total,0
2013_05_SEA_IND,2013,5,2013-10-06,REG,IND,SEA,34.0,28.0,-3.0,43.5,6.0,9.0,18.5,0.41346344633760607,0.4242002781641169,1.0,0.5316341411305295,0.520462538042817,0.5,0.520462538042817,,,total,1
2013_05_BAL_MIA,2013,5,2013-10-06,REG,MIA,BAL,23.0,26.0,2.5,42.5,-3.0,-5.5,6.5,0.4108562203210149,0.5660893345487694,1.0,0.4588884879727675,0.49177151492213167,0.5,0.49177151492213167,,,total,1
2013_05_PHI_NYG,2013,5,2013-10-06,REG,NYG,PHI,21.0,36.0,-1.0,53.5,-15.0,-14.0,3.5,0.7043193494666453,0.46214743124779806,1.0,0.6360237919020425,0.5626227940295875,0.5,0.5626227940295875,,,total,1
2013_05_SD_OAK,2013,5,2013-10-06,REG,OAK,SD,27.0,17.0,-6.0,46.0,10.0,16.0,-2.0,0.3828210022074849,0.3199224430441105,0.0,0.593028293141943,0.5449466858054114,0.5,0.5449466858054114,,,total,0
2013_05_HOU_SF,2013,5,2013-10-06,REG,SF,HOU,34.0,3.0,4.0,43.0,31.0,27.0,-6.0,0.6337697883488455,0.664461906242295,0.0,0.4177749250286821,0.4753386563697127,0.5,0.4753386563697127,,,total,0
2013_05_JAX_STL,2013,5,2013-10-06,REG,STL,JAX,34.0,20.0,11.0,40.5,14.0,3.0,13.5,0.7627875190504776,0.822501747030049,1.0,0.5205254521167925,0.5160812984447021,0.5,0.5160812984447021,,,total,1
2013_05_KC_TEN,2013,5,2013-10-06,REG,TEN,KC,17.0,26.0,-2.5,38.0,-9.0,-6.5,5.0,0.6592042871576426,0.44604066500608236,1.0,0.4247416953975848,0.47814616075804683,0.5,0.47814616075804683,,,total,1
2013_05_NYJ_ATL,2013,5,2013-10-07,REG,ATL,NYJ,28.0,30.0,10.0,45.0,-2.0,-12.0,13.0,0.7506363669737416,0.8039866420526436,1.0,0.566608664667625,0.5343342959736418,0.5,0.5343342959736418,,,total,1
2013_06_NYG_CHI,2013,6,2013-10-10,REG,CHI,NYG,27.0,21.0,9.5,46.5,6.0,-3.5,1.5,0.7174002220968799,0.768632470217584,1.0,0.28355665428657595,0.4174992754550783,0.5,0.4174992754550783,,,total,1
2013_06_GB_BAL,2013,6,2013-10-13,REG,BAL,GB,17.0,19.0,-1.0,48.5,-2.0,-1.0,-12.5,0.6215182619053883,0.46214743124779806,0.0,0.4371215918852122,0.48310943935418316,0.5,0.48310943935418316,,,total,0
2013_06_CIN_BUF,2013,6,2013-10-13,REG,BUF,CIN,24.0,27.0,-6.0,41.0,-3.0,3.0,10.0,0.36732530373349215,0.3108997805413313,1.0,0.43759361156241966,0.4832980893227109,0.5,0.4832980893227109,,,total,1
2013_06_DET_CLE,2013,6,2013-10-13,REG,CLE,DET,17.0,31.0,-1.0,44.0,-14.0,-13.0,4.0,0.5577165968646036,0.45801526717557256,1.0,0.5296847079492689,0.5196931240386197,0.5,0.5196931240386197,,,total,1
2013_06_WAS_DAL,2013,6,2013-10-13,REG,DAL,WAS,31.0,16.0,5.5,52.0,15.0,9.5,-5.0,0.6071658552946607,0.6800775569558896,0.0,0.21233425264030414,0.3812394558524362,0.5,0.3812394558524362,,,total,0
2013_06_JAX_DEN,2013,6,2013-10-13,REG,DEN,JAX,35.0,19.0,27.0,53.0,16.0,-11.0,1.0,0.9485231006587518,0.9570526315789474,1.0,0.6001951943211964,0.5478535438258669,0.5,0.5478535438258669,,,total,1
2013_06_STL_HOU,2013,6,2013-10-13,REG,HOU,STL,13.0,38.0,9.5,43.0,-25.0,-34.5,8.0,0.7344086964147706,0.7791066089517604,1.0,0.6047991848081636,0.5497282933704729,0.5,0.5497282933704729,,,total,1
2013_06_OAK_KC,2013,6,2013-10-13,REG,KC,OAK,24.0,7.0,7.5,41.0,17.0,9.5,-10.0,0.6916939394226777,0.7641509433962264,0.0,0.6027334757422824,0.5488863914158869,0.5,0.5488863914158869,,,total,0
2013_06_CAR_MIN,2013,6,2013-10-13,REG,MIN,CAR,10.0,35.0,2.5,44.5,-25.0,-27.5,0.5,0.5713447503608999,0.5697382574399427,1.0,0.5376662339302806,0.5228452091551424,0.5,0.5228452091551424,,,total,1
2013_06_NO_NE,2013,6,2013-10-13,REG,NE,NO,30.0,27.0,2.5,51.5,3.0,0.5,5.5,0.6295169660683111,0.5757997218358832,1.0,0.38133119029449875,0.4604369418254708,0.5,0.4604369418254708,,,total,1
2013_06_PIT_NYJ,2013,6,2013-10-13,REG,NYJ,PIT,6.0,19.0,-1.0,40.5,-13.0,-12.0,-15.5,0.5858886555720316,0.4827086071703758,0.0,0.6184728648576405,0.5553338502130841,0.5,0.5553338502130841,,,total,0
2013_06_TEN_SEA,2013,6,2013-10-13,REG,SEA,TEN,20.0,13.0,11.0,42.0,7.0,-4.0,-9.0,0.7913596818095493,0.8290615893153196,0.0,0.5991205181347738,0.5474167874895907,0.5,0.5474167874895907,,,total,0
2013_06_ARI_SF,2013,6,2013-10-13,REG,SF,ARI,32.0,20.0,10.0,40.5,12.0,2.0,11.5,0.7899542887922327,0.7918875407389956,1.0,0.6169765303087258,0.554717507909887,0.5,0.554717507909887,,,total,1
2013_06_PHI_TB,2013,6,2013-10-13,REG,TB,PHI,20.0,31.0,-2.5,44.5,-11.0,-8.5,6.5,0.586788544184463,0.4320786780923455,1.0,0.6418317933491153,0.5650611907226448,0.5,0.5650611907226448,,,total,1
2013_06_IND_SD,2013,6,2013-10-14,REG,SD,IND,19.0,9.0,-1.0,50.5,10.0,11.0,-22.5,0.41830676022646934,0.4759806081974437,0.0,0.3870303183919878,0.4627947794352539,0.5,0.4627947794352539,,,total,0
2013_07_SEA_ARI,2013,7,2013-10-17,REG,ARI,SEA,22.0,34.0,-5.0,41.0,-12.0,-7.0,15.0,0.2827316725449271,0.3222278061903214,1.0,0.5946145238375218,0.5455888934782752,0.5,0.5455888934782752,,,total,1
2013_07_TB_ATL,2013,7,2013-10-20,REG,ATL,TB,31.0,23.0,6.0,43.0,8.0,2.0,11.0,0.7664418161294121,0.6969696969696969,1.0,0.6323156794782433,0.561073157246333,0.5,0.561073157246333,,,total,1
2013_07_STL_CAR,2013,7,2013-10-20,REG,CAR,STL,30.0,15.0,8.0,42.0,15.0,7.0,3.0,0.6685241338067369,0.7470849462110238,1.0,0.5626645078955035,0.5327616467997568,0.5,0.5327616467997568,,,total,1
2013_07_CIN_DET,2013,7,2013-10-20,REG,DET,CIN,24.0,27.0,2.5,45.5,-3.0,-5.5,5.5,0.47383072025957174,0.5860927152317882,1.0,0.6417626954064755,0.5650320981973164,0.5,0.5650320981973164,,,total,1
2013_07_CLE_GB,2013,7,2013-10-20,REG,GB,CLE,31.0,13.0,7.5,45.0,18.0,10.5,-1.0,0.8137219339573308,0.7729422894985808,0.0,0.5018834164012618,0.5087394986064937,0.5,0.5087394986064937,,,total,0
2013_07_DEN_IND,2013,7,2013-10-20,REG,IND,DEN,39.0,33.0,-6.0,54.5,6.0,12.0,17.5,0.3734040387667281,0.299482251023654,1.0,0.5418026833606571,0.5244809841413367,0.5,0.5244809841413367,,,total,1
2013_07_SD_JAX,2013,7,2013-10-20,REG,JAX,SD,6.0,24.0,-7.5,44.5,-18.0,-10.5,-14.5,0.2392051505702289,0.2617633914320373,0.0,0.43195678234830454,0.4810425174652756,0.5,0.4810425174652756,,,total,0
2013_07_HOU_KC,2013,7,2013-10-20,REG,KC,HOU,17.0,16.0,7.0,38.5,1.0,-6.0,-5.5,0.5918755970069414,0.7194329592439458,0.0,0.5717212764397028,0.5363768630775072,0.5,0.5363768630775072,,,total,0
2013_07_BUF_MIA,2013,7,2013-10-20,REG,MIA,BUF,21.0,23.0,6.0,43.5,-2.0,-8.0,0.5,0.7067824038704336,0.7013921016108003,1.0,0.3862332710949814,0.4624657091262512,0.5,0.4624657091262512,,,total,1
2013_07_NE_NYJ,2013,7,2013-10-20,REG,NYJ,NE,30.0,27.0,-3.5,43.0,3.0,6.5,14.0,0.22732336347152218,0.37253858435337944,1.0,0.5847981508637816,0.5416245199759021,0.5,0.5416245199759021,,,total,1
2013_07_DAL_PHI,2013,7,2013-10-20,REG,PHI,DAL,3.0,17.0,3.0,55.0,-14.0,-17.0,-35.0,0.4808289968870264,0.6143408084559349,0.0,0.3020901720892058,0.4260977677817468,0.5,0.4260977677817468,,,total,0
2013_07_BAL_PIT,2013,7,2013-10-20,REG,PIT,BAL,19.0,16.0,2.5,41.0,3.0,0.5,-6.0,0.34243062398124996,0.5460453954604539,0.0,0.4426221895619084,0.48530539177274723,0.5,0.48530539177274723,,,total,0
2013_07_SF_TEN,2013,7,2013-10-20,REG,TEN,SF,17.0,31.0,-3.0,41.0,-14.0,-11.0,7.0,0.3400418447812491,0.40832074076455643,1.0,0.6955785816680927,0.5884191149644747,0.5,0.5884191149644747,,,total,1
2013_07_CHI_WAS,2013,7,2013-10-20,REG,WAS,CHI,45.0,41.0,-1.0,47.5,4.0,5.0,38.5,0.4449086620661024,0.46943325045014145,1.0,0.637331830305542,0.56317074036507,0.5,0.56317074036507,,,total,1
2013_07_MIN_NYG,2013,7,2013-10-21,REG,NYG,MIN,23.0,7.0,4.0,47.5,16.0,12.0,-17.5,0.5199512447331894,0.6499689771835965,0.0,0.3813217545925864,0.46043302851856716,0.5,0.46043302851856716,,,total,0
2013_08_CAR_TB,2013,8,2013-10-24,REG,TB,CAR,13.0,31.0,-6.5,39.0,-18.0,-11.5,5.0,0.33393070487698,0.28787053606161983,1.0,0.5320510927879223,0.5206271392234272,0.5,0.5206271392234272,,,total,1
2013_08_ATL_ARI,2013,8,2013-10-27,REG,ARI,ATL,27.0,13.0,2.5,44.5,14.0,11.5,-4.5,0.4084670332878495,0.5860927152317882,0.0,0.41283768211686367,0.47334200685981087,0.5,0.47334200685981087,,,total,0
2013_08_NYJ_CIN,2013,8,2013-10-27,REG,CIN,NYJ,49.0,9.0,6.0,40.5,40.0,34.0,17.5,0.7767199521136084,0.7013921016108003,1.0,0.2612379877780726,0.40675028136292307,0.5,0.40675028136292307,,,total,1
2013_08_WAS_DEN,2013,8,2013-10-27,REG,DEN,WAS,45.0,21.0,11.0,58.0,24.0,13.0,8.0,0.8197445448213152,0.8231589684457946,1.0,0.5396862947178465,0.5236438431342221,0.5,0.5236438431342221,,,total,1
2013_08_DAL_DET,2013,8,2013-10-27,REG,DET,DAL,31.0,30.0,3.0,51.0,1.0,-2.0,10.0,0.5173701794035586,0.5933014354066986,1.0,0.5529480785665424,0.5288977551107967,0.5,0.5288977551107967,,,total,1
2013_08_SF_JAX,2013,8,2013-10-27,REG,JAX,SF,10.0,42.0,-16.0,40.0,-32.0,-16.0,12.0,0.07986861439006024,0.09484873262469339,1.0,0.5730815902802602,0.5369211387633871,0.5,0.5369211387633871,,,total,1
2013_08_CLE_KC,2013,8,2013-10-27,REG,KC,CLE,23.0,17.0,7.0,39.0,6.0,-1.0,1.0,0.6871331897460574,0.7382366085679627,1.0,0.5032408900032757,0.5092739622473447,0.5,0.5092739622473447,,,total,1
2013_08_GB_MIN,2013,8,2013-10-27,REG,MIN,GB,31.0,44.0,-7.0,47.5,-13.0,-6.0,27.5,0.28682183726500066,0.26462805057336075,1.0,0.5522263275417783,0.5286112742378843,0.5,0.5286112742378843,,,total,1
2013_08_MIA_NE,2013,8,2013-10-27,REG,NE,MIA,27.0,17.0,6.5,46.5,10.0,3.5,-2.5,0.7745602142436632,0.7178851837477983,0.0,0.3363620586804348,0.4413619181326396,0.5,0.4413619181326396,,,total,0
2013_08_BUF_NO,2013,8,2013-10-27,REG,NO,BUF,35.0,17.0,10.5,48.0,18.0,7.5,4.0,0.804516667947623,0.8188617506135327,1.0,0.405588161660342,0.4703988327519582,0.5,0.4703988327519582,,,total,1
2013_08_PIT_OAK,2013,8,2013-10-27,REG,OAK,PIT,21.0,18.0,-2.5,40.0,3.0,5.5,-1.0,0.425343483896035,0.4320786780923455,0.0,0.4248410964121166,0.4781861383745173,0.5,0.4781861383745173,,,total,0
2013_08_NYG_PHI,2013,8,2013-10-27,REG,PHI,NYG,7.0,15.0,5.5,49.0,-8.0,-13.5,-27.0,0.5436394550603573,0.6800775569558896,0.0,0.4353054263741859,0.4823831983973548,0.5,0.4823831983973548,,,total,0
2013_08_SEA_STL,2013,8,2013-10-28,REG,STL,SEA,9.0,14.0,-13.0,43.0,-5.0,8.0,-20.0,0.27734002875670233,0.15397249024840895,0.0,0.6115672406009762,0.5524955382041996,0.5,0.5524955382041996,,,total,0
2013_09_KC_BUF,2013,9,2013-11-03,REG,BUF,KC,13.0,23.0,-4.5,40.5,-10.0,-5.5,-4.5,0.4405543091242831,0.3242703916188576,0.0,0.4409488929786222,0.4846379332392854,0.5,0.4846379332392854,,,total,0
2013_09_ATL_CAR,2013,9,2013-11-03,REG,CAR,ATL,34.0,10.0,10.0,46.5,24.0,14.0,-2.5,0.6550358030057944,0.7882908557935022,0.0,0.30671169116290115,0.42820117150462733,0.5,0.42820117150462733,,,total,0
2013_09_BAL_CLE,2013,9,2013-11-03,REG,CLE,BAL,24.0,18.0,-1.0,41.5,6.0,7.0,0.5,0.29549754936197137,0.4827086071703758,1.0,0.6213644924768553,0.5565270688736863,0.5,0.5565270688736863,,,total,1
2013_09_MIN_DAL,2013,9,2013-11-03,REG,DAL,MIN,27.0,23.0,10.0,51.0,4.0,-6.0,-1.0,0.7278596774759731,0.7987191216834401,0.0,0.33455008578721285,0.4405727805331166,0.5,0.4405727805331166,,,total,0
2013_09_IND_HOU,2013,9,2013-11-03,REG,HOU,IND,24.0,27.0,-1.0,42.5,-3.0,-2.0,8.5,0.437784762623779,0.4953533757725013,1.0,0.7604745368891742,0.6193964402660863,0.5,0.6193964402660863,,,total,1
2013_09_PIT_NE,2013,9,2013-11-03,REG,NE,PIT,55.0,31.0,5.5,42.5,24.0,18.5,43.5,0.8060478309081449,0.6958254667505769,1.0,0.3925575402329505,0.4650708752181944,0.5,0.4650708752181944,,,total,1
2013_09_NO_NYJ,2013,9,2013-11-03,REG,NYJ,NO,26.0,20.0,-6.0,45.5,6.0,12.0,0.5,0.2877281862666957,0.303030303030303,1.0,0.4936275813366459,0.5054885787882538,0.5,0.5054885787882538,,,total,1
2013_09_PHI_OAK,2013,9,2013-11-03,REG,OAK,PHI,20.0,49.0,-1.0,45.5,-29.0,-28.0,23.5,0.5812517110419879,0.4827086071703758,1.0,0.40401820561486046,0.4697595670120577,0.5,0.4697595670120577,,,total,1
2013_09_TB_SEA,2013,9,2013-11-03,REG,SEA,TB,27.0,24.0,16.0,40.0,3.0,-13.0,11.0,0.8978062107594716,0.9133964817320704,1.0,0.6275851731794978,0.5591039870019306,0.5,0.5591039870019306,,,total,1
2013_09_TEN_STL,2013,9,2013-11-03,REG,STL,TEN,21.0,28.0,-3.0,41.0,-7.0,-4.0,8.0,0.5682101013197521,0.39975399753997537,1.0,0.38905681281124205,0.46363046681345876,0.5,0.46363046681345876,,,total,1
2013_09_SD_WAS,2013,9,2013-11-03,REG,WAS,SD,30.0,24.0,1.0,49.5,6.0,5.0,4.5,0.4972724790211427,0.537852568752202,1.0,0.5294585012674079,0.5196038609037068,0.5,0.5196038609037068,,,total,1
2013_09_CHI_GB,2013,9,2013-11-04,REG,GB,CHI,20.0,27.0,10.0,50.5,-7.0,-17.0,-3.5,0.7461673081009255,0.8063320983496126,0.0,0.34966695257509084,0.44710306299817026,0.5,0.44710306299817026,,,total,0
2013_10_WAS_MIN,2013,10,2013-11-07,REG,MIN,WAS,34.0,27.0,-1.0,48.0,7.0,8.0,13.0,0.47922534000105027,0.4930284439486894,1.0,0.41650050630723096,0.4748238510506663,0.5,0.4748238510506663,,,total,1
2013_10_HOU_ARI,2013,10,2013-11-10,REG,ARI,HOU,27.0,24.0,4.0,41.5,3.0,-1.0,9.5,0.5686273882565205,0.664461906242295,1.0,0.6168136522256721,0.5546504633333956,0.5,0.5546504633333956,,,total,1
2013_10_SEA_ATL,2013,10,2013-11-10,REG,ATL,SEA,10.0,33.0,-3.5,47.0,-23.0,-19.5,-4.0,0.31467422824971863,0.37665039500700276,0.0,0.6402633674895614,0.5644013293733727,0.5,0.5644013293733727,,,total,0
2013_10_CIN_BAL,2013,10,2013-11-10,REG,BAL,CIN,20.0,17.0,1.0,44.0,3.0,2.0,-7.0,0.5661762059130274,0.5240193918025562,0.0,0.6662159635211047,0.5754647051146485,0.5,0.5754647051146485,,,total,0
2013_10_DET_CHI,2013,10,2013-11-10,REG,CHI,DET,19.0,21.0,-1.0,52.0,-2.0,-1.0,-12.0,0.6555606802275596,0.4953533757725013,0.0,0.4865989661457931,0.5027195180139805,0.5,0.5027195180139805,,,total,0
2013_10_PHI_GB,2013,10,2013-11-10,REG,GB,PHI,13.0,27.0,-1.0,47.0,-14.0,-13.0,-7.0,0.8026697267180422,0.4827086071703758,0.0,0.6726319537896517,0.5782519240839599,0.5,0.5782519240839599,,,total,0
2013_10_STL_IND,2013,10,2013-11-10,REG,IND,STL,8.0,38.0,7.5,43.0,-30.0,-37.5,3.0,0.7882098694972195,0.7516485398646913,1.0,0.4315518815467892,0.48088026108292037,0.5,0.48088026108292037,,,total,1
2013_10_DAL_NO,2013,10,2013-11-10,REG,NO,DAL,49.0,17.0,6.0,54.0,32.0,26.0,12.0,0.660748356142968,0.7013921016108003,1.0,0.35299841323228864,0.44852668785932565,0.5,0.44852668785932565,,,total,1
2013_10_OAK_NYG,2013,10,2013-11-10,REG,NYG,OAK,24.0,20.0,7.5,41.0,4.0,-3.5,3.0,0.7230120084562017,0.7258155230596175,1.0,0.4382192288580957,0.4835480647555685,0.5,0.4835480647555685,,,total,1
2013_10_BUF_PIT,2013,10,2013-11-10,REG,PIT,BUF,23.0,10.0,3.0,42.5,13.0,10.0,-9.5,0.6611581227143961,0.5740354444580784,0.0,0.18935529091203804,0.36801904380809747,0.5,0.36801904380809747,,,total,0
2013_10_DEN_SD,2013,10,2013-11-10,REG,SD,DEN,20.0,28.0,-7.0,56.0,-8.0,-1.0,-8.0,0.3130402408768348,0.2805670407560544,0.0,0.42378852724006677,0.47776270013114563,0.5,0.47776270013114563,,,total,0
2013_10_CAR_SF,2013,10,2013-11-10,REG,SF,CAR,9.0,10.0,6.0,43.0,-1.0,-7.0,-24.0,0.66800349916801,0.685002350728726,0.0,0.6415333451455889,0.56493554868375,0.5,0.56493554868375,,,total,0
2013_10_JAX_TEN,2013,10,2013-11-10,REG,TEN,JAX,27.0,29.0,11.5,41.5,-2.0,-13.5,14.5,0.8513891813865408,0.8188617506135327,1.0,0.5317763501078956,0.5205186768113365,0.5,0.5205186768113365,,,total,1
2013_10_MIA_TB,2013,10,2013-11-11,REG,TB,MIA,22.0,19.0,-1.0,39.0,3.0,4.0,2.0,0.38280291635351427,0.45801526717557256,1.0,0.372923192141825,0.4569366988112191,0.5,0.4569366988112191,,,total,1
2013_11_IND_TEN,2013,11,2013-11-14,REG,TEN,IND,27.0,30.0,-2.5,42.0,-3.0,-0.5,15.0,0.46555198174663043,0.43026174256005734,1.0,0.5561262346016489,0.5301600856828351,0.5,0.5301600856828351,,,total,1
2013_11_NYJ_BUF,2013,11,2013-11-17,REG,BUF,NYJ,37.0,14.0,-1.0,39.5,23.0,24.0,11.5,0.4833170834468409,0.4479937670432412,1.0,0.5025616298751842,0.5090065250976952,0.5,0.5090065250976952,,,total,1
2013_11_BAL_CHI,2013,11,2013-11-17,REG,CHI,BAL,23.0,20.0,4.0,41.0,3.0,-1.0,2.0,0.4993083915981551,0.6527218785216531,1.0,0.323380855887251,0.43566699787928004,0.5,0.43566699787928004,,,total,1
2013_11_CLE_CIN,2013,11,2013-11-17,REG,CIN,CLE,41.0,20.0,4.0,40.0,21.0,17.0,21.0,0.7587163425780663,0.6633577902460077,1.0,0.3207658374934623,0.4345076529375656,0.5,0.4345076529375656,,,total,1
2013_11_KC_DEN,2013,11,2013-11-17,REG,DEN,KC,27.0,17.0,7.5,48.5,10.0,2.5,-4.5,0.7782260951248133,0.7437774524158125,0.0,0.5304059043469119,0.5199777383308061,0.5,0.5199777383308061,,,total,0
2013_11_OAK_HOU,2013,11,2013-11-17,REG,HOU,OAK,23.0,28.0,10.5,41.0,-5.0,-15.5,10.0,0.7242597606324123,0.8047945205479452,1.0,0.5739553893625858,0.5372709413306843,0.5,0.5372709413306843,,,total,1
2013_11_ARI_JAX,2013,11,2013-11-17,REG,JAX,ARI,14.0,27.0,-9.5,40.5,-13.0,-3.5,0.5,0.27129348813135645,0.2249640521359989,1.0,0.3124619681789616,0.43079738419963653,0.5,0.43079738419963653,,,total,1
2013_11_SD_MIA,2013,11,2013-11-17,REG,MIA,SD,20.0,16.0,-2.5,44.0,4.0,6.5,-8.0,0.5755932556867258,0.4320786780923455,0.0,0.6363140490553169,0.5627443249598982,0.5,0.5627443249598982,,,total,0
2013_11_SF_NO,2013,11,2013-11-17,REG,NO,SF,23.0,20.0,3.5,50.0,3.0,-0.5,-7.0,0.5374740397882447,0.6233496049929973,0.0,0.4841262020142911,0.501744835368802,0.5,0.501744835368802,,,total,0
2013_11_GB_NYG,2013,11,2013-11-17,REG,NYG,GB,27.0,13.0,3.5,41.0,14.0,10.5,-1.0,0.4368720423136377,0.6247300215982722,0.0,0.4411849694632263,0.4847321301993736,0.5,0.4847321301993736,,,total,0
2013_11_WAS_PHI,2013,11,2013-11-17,REG,PHI,WAS,24.0,16.0,4.5,54.5,8.0,3.5,-14.5,0.6174950472296502,0.658869395711501,0.0,0.35560445062368823,0.4496366491585121,0.5,0.4496366491585121,,,total,0
2013_11_DET_PIT,2013,11,2013-11-17,REG,PIT,DET,37.0,27.0,-3.0,45.0,10.0,13.0,19.0,0.5203193235596072,0.40832074076455643,1.0,0.41909573996709926,0.47587179102886373,0.5,0.47587179102886373,,,total,1
2013_11_MIN_SEA,2013,11,2013-11-17,REG,SEA,MIN,41.0,20.0,13.0,45.0,21.0,8.0,16.0,0.8707213781119326,0.8540944738281961,1.0,0.3950683132501352,0.46610151201536465,0.5,0.46610151201536465,,,total,1
2013_11_ATL_TB,2013,11,2013-11-17,REG,TB,ATL,41.0,28.0,1.0,44.0,13.0,12.0,25.0,0.43489238757118037,0.5460453954604539,1.0,0.515782411597165,0.5142125543124049,0.5,0.5142125543124049,,,total,1
2013_11_NE_CAR,2013,11,2013-11-18,REG,CAR,NE,24.0,20.0,3.0,46.5,4.0,1.0,-2.5,0.4797434861094902,0.6172248803827751,0.0,0.3796641282446403,0.45974505083526984,0.5,0.45974505083526984,,,total,0
2013_12_NO_ATL,2013,12,2013-11-21,REG,ATL,NO,13.0,17.0,-7.5,52.5,-4.0,3.5,-22.5,0.316943125229072,0.250919064013538,0.0,0.41566060707375785,0.47448435431781233,0.5,0.47448435431781233,,,total,0
2013_12_IND_ARI,2013,12,2013-11-24,REG,ARI,IND,40.0,11.0,3.5,44.5,29.0,25.5,6.5,0.49762343665512915,0.6332518337408314,1.0,0.3688162807363138,0.45521701761569533,0.5,0.45521701761569533,,,total,1
2013_12_NYJ_BAL,2013,12,2013-11-24,REG,BAL,NYJ,19.0,3.0,4.0,38.0,16.0,12.0,-16.0,0.7854488389209509,0.658869395711501,0.0,0.4875208151740054,0.5030828071033344,0.5,0.5030828071033344,,,total,0
2013_12_PIT_CLE,2013,12,2013-11-24,REG,CLE,PIT,11.0,27.0,2.5,40.0,-16.0,-18.5,-2.0,0.4747354906660525,0.5775497887748944,0.0,0.43867857987567244,0.4837315610612315,0.5,0.4837315610612315,,,total,0
2013_12_TB_DET,2013,12,2013-11-24,REG,DET,TB,21.0,24.0,7.0,48.5,-3.0,-10.0,-3.5,0.6931147092097333,0.7382366085679627,0.0,0.3620120380498753,0.45235256196156404,0.5,0.45235256196156404,,,total,0
2013_12_MIN_GB,2013,12,2013-11-24,REG,GB,MIN,26.0,26.0,6.0,44.5,0.0,-6.0,7.5,0.7334305950420695,0.7005177489763459,1.0,0.3088201315036088,0.42915576243400666,0.5,0.42915576243400666,,,total,1
2013_12_JAX_HOU,2013,12,2013-11-24,REG,HOU,JAX,6.0,13.0,10.5,44.0,-7.0,-17.5,-25.0,0.808702604622784,0.8047945205479452,0.0,0.45819485288786704,0.49149652184488457,0.5,0.49149652184488457,,,total,0
2013_12_SD_KC,2013,12,2013-11-24,REG,KC,SD,38.0,41.0,3.5,43.0,-3.0,-6.5,36.0,0.6571484832627603,0.6186511705872493,1.0,0.47237684156624443,0.49710855954571487,0.5,0.49710855954571487,,,total,1
2013_12_CAR_MIA,2013,12,2013-11-24,REG,MIA,CAR,16.0,20.0,-4.5,40.0,-4.0,0.5,-4.0,0.3952015216390799,0.34727812147834686,0.0,0.3292957614151985,0.43827402241399993,0.5,0.43827402241399993,,,total,0
2013_12_DEN_NE,2013,12,2013-11-24,REG,NE,DEN,34.0,31.0,1.0,54.0,3.0,2.0,11.0,0.5049661574918036,0.5240193918025562,1.0,0.4575365478145961,0.49123548077582146,0.5,0.49123548077582146,,,total,1
2013_12_DAL_NYG,2013,12,2013-11-24,REG,NYG,DAL,21.0,24.0,1.0,44.5,-3.0,-4.0,0.5,0.563267517495526,0.5500363507751557,1.0,0.6263538173193463,0.5585927867690237,0.5,0.5585927867690237,,,total,1
2013_12_CHI_STL,2013,12,2013-11-24,REG,STL,CHI,42.0,21.0,1.0,46.0,21.0,20.0,17.0,0.4688930372911069,0.537852568752202,1.0,0.3599205048630636,0.45146806748605944,0.5,0.45146806748605944,,,total,1
2013_12_SF_WAS,2013,12,2013-11-25,REG,WAS,SF,6.0,27.0,-5.5,45.5,-21.0,-15.5,-12.5,0.3022981479394923,0.303030303030303,0.0,0.4579716472131495,0.49140801896451086,0.5,0.49140801896451086,,,total,0
2013_13_PIT_BAL,2013,13,2013-11-28,REG,BAL,PIT,22.0,20.0,3.0,40.5,2.0,-1.0,1.5,0.6730166416340315,0.6002460024600246,1.0,0.6493385215702168,0.5682341625031411,0.5,0.5682341625031411,,,total,1
2013_13_OAK_DAL,2013,13,2013-11-28,REG,DAL,OAK,31.0,24.0,10.0,49.5,7.0,-3.0,5.5,0.788403750493148,0.7962453611110069,1.0,0.28163410926734844,0.41659128235196424,0.5,0.41659128235196424,,,total,1
2013_13_GB_DET,2013,13,2013-11-28,REG,DET,GB,40.0,10.0,7.0,48.5,30.0,23.0,1.5,0.4858805413539667,0.7086409898223908,1.0,0.25279474333087193,0.4025549583010159,0.5,0.4025549583010159,,,total,1
2013_13_ATL_BUF,2013,13,2013-12-01,REG,BUF,ATL,31.0,34.0,5.0,48.0,-3.0,-8.0,17.0,0.4661826890246683,0.6633577902460077,1.0,0.5175823902313574,0.51492164010022,0.5,0.51492164010022,,,total,1
2013_13_TB_CAR,2013,13,2013-12-01,REG,CAR,TB,27.0,6.0,7.5,41.0,21.0,13.5,-8.0,0.8179225166432778,0.7516485398646913,0.0,0.3713705911618071,0.4562873750674775,0.5,0.4562873750674775,,,total,0
2013_13_JAX_CLE,2013,13,2013-12-01,REG,CLE,JAX,28.0,32.0,7.5,39.5,-4.0,-11.5,20.5,0.7388710641959099,0.741037721131946,1.0,0.4499421006203863,0.48821990703193563,0.5,0.48821990703193563,,,total,1
2013_13_NE_HOU,2013,13,2013-12-01,REG,HOU,NE,31.0,34.0,-7.0,49.5,-3.0,4.0,15.5,0.21757263633838053,0.2680965147453084,1.0,0.7091760674909067,0.5946096879686206,0.5,0.5946096879686206,,,total,1
2013_13_TEN_IND,2013,13,2013-12-01,REG,IND,TEN,22.0,14.0,3.5,46.0,8.0,4.5,-10.0,0.6529969707473848,0.6332518337408314,0.0,0.4347064418527916,0.48214354375976715,0.5,0.48214354375976715,,,total,0
2013_13_DEN_KC,2013,13,2013-12-01,REG,KC,DEN,28.0,35.0,-5.0,50.5,-7.0,-2.0,12.5,0.3175115074933339,0.333350970950844,1.0,0.38576080235233307,0.462270541551939,0.5,0.462270541551939,,,total,1
2013_13_CHI_MIN,2013,13,2013-12-01,REG,MIN,CHI,23.0,20.0,2.5,48.5,3.0,0.5,-5.5,0.4395101470586802,0.5642421122306391,0.0,0.37152375868089155,0.45635147487140804,0.5,0.45635147487140804,,,total,0
2013_13_MIA_NYJ,2013,13,2013-12-01,REG,NYJ,MIA,3.0,23.0,-1.0,39.5,-20.0,-19.0,-13.5,0.4683572835715313,0.5,0.0,0.4096744196777515,0.4720595066360893,0.5,0.4720595066360893,,,total,0
2013_13_ARI_PHI,2013,13,2013-12-01,REG,PHI,ARI,24.0,21.0,3.5,48.0,3.0,-0.5,-3.0,0.5444236157633087,0.6332518337408314,0.0,0.6553837536072389,0.5708080023459834,0.5,0.5708080023459834,,,total,0
2013_13_CIN_SD,2013,13,2013-12-01,REG,SD,CIN,10.0,17.0,-2.5,48.5,-7.0,-4.5,-21.5,0.42109286335343565,0.4479937670432412,0.0,0.4578808066280333,0.491371998168306,0.5,0.491371998168306,,,total,0
2013_13_STL_SF,2013,13,2013-12-01,REG,SF,STL,23.0,13.0,7.5,40.5,10.0,2.5,-4.5,0.7574599532472193,0.7464578672632363,0.0,0.4828401807572851,0.5012378040979524,0.5,0.5012378040979524,,,total,0
2013_13_NYG_WAS,2013,13,2013-12-01,REG,WAS,NYG,17.0,24.0,1.0,45.5,-7.0,-8.0,-4.5,0.47990905050337,0.5046466242274987,0.0,0.6220546765647613,0.556812297565717,0.5,0.556812297565717,,,total,0
2013_13_NO_SEA,2013,13,2013-12-02,REG,SEA,NO,34.0,7.0,6.5,48.5,27.0,20.5,-7.5,0.6690699242983947,0.7161241483724451,0.0,0.4163094274137941,0.47474663004474243,0.5,0.47474663004474243,,,total,0
2013_14_HOU_JAX,2013,14,2013-12-05,REG,JAX,HOU,27.0,20.0,-3.0,43.5,7.0,10.0,3.5,0.4524587862536389,0.38764174959500114,1.0,0.36116048056418754,0.45199267671575394,0.5,0.45199267671575394,,,total,1
2013_14_STL_ARI,2013,14,2013-12-08,REG,ARI,STL,30.0,10.0,4.0,41.0,20.0,16.0,-1.0,0.5894932449231899,0.6499689771835965,0.0,0.41055136646624774,0.4724153149618116,0.5,0.4724153149618116,,,total,0
2013_14_MIN_BAL,2013,14,2013-12-08,REG,BAL,MIN,29.0,26.0,6.0,41.5,3.0,-3.0,13.5,0.7752429061307795,0.6969696969696969,1.0,0.36086891106057306,0.45186938047775643,0.5,0.45186938047775643,,,total,1
2013_14_IND_CIN,2013,14,2013-12-08,REG,CIN,IND,42.0,28.0,7.0,43.0,14.0,7.0,27.0,0.6956428389111726,0.7333014887349733,1.0,0.5988466184827573,0.547305523072185,0.5,0.547305523072185,,,total,1
2013_14_TEN_DEN,2013,14,2013-12-08,REG,DEN,TEN,51.0,28.0,13.0,49.5,23.0,10.0,29.5,0.863261322354605,0.8425366695427092,1.0,0.6428328083506094,0.5654828799008306,0.5,0.5654828799008306,,,total,1
2013_14_ATL_GB,2013,14,2013-12-08,REG,GB,ATL,22.0,21.0,3.5,47.0,1.0,-2.5,-4.0,0.6500594213495192,0.6332518337408314,0.0,0.5707381019397741,0.5359837012050324,0.5,0.5359837012050324,,,total,0
2013_14_CLE_NE,2013,14,2013-12-08,REG,NE,CLE,27.0,26.0,9.5,47.5,1.0,-8.5,5.5,0.8867850606670188,0.8133748055987559,1.0,0.5398141857889105,0.5236944181004496,0.5,0.5236944181004496,,,total,1
2013_14_CAR_NO,2013,14,2013-12-08,REG,NO,CAR,31.0,13.0,3.0,47.0,18.0,15.0,-3.0,0.5503680216057644,0.6186511705872493,0.0,0.6059623973724689,0.5502029174413281,0.5,0.5502029174413281,,,total,0
2013_14_OAK_NYJ,2013,14,2013-12-08,REG,NYJ,OAK,37.0,27.0,3.0,39.0,10.0,7.0,25.0,0.6115591614524803,0.5933014354066986,1.0,0.5531210689289614,0.5289664295661091,0.5,0.5289664295661091,,,total,1
2013_14_MIA_PIT,2013,14,2013-12-08,REG,PIT,MIA,28.0,34.0,3.0,40.5,-6.0,-9.0,21.5,0.5925211172151029,0.6002460024600246,1.0,0.5595391664039423,0.5315172717682131,0.5,0.5315172717682131,,,total,1
2013_14_NYG_SD,2013,14,2013-12-08,REG,SD,NYG,37.0,14.0,4.5,46.5,23.0,18.5,4.5,0.5219887362294361,0.6712553934662009,1.0,0.4267309733988216,0.47894581040667966,0.5,0.47894581040667966,,,total,1
2013_14_SEA_SF,2013,14,2013-12-08,REG,SF,SEA,19.0,17.0,2.5,41.0,2.0,-0.5,-5.0,0.4841185537501292,0.5520062329567589,0.0,0.549489672837829,0.5275256414204125,0.5,0.5275256414204125,,,total,0
2013_14_BUF_TB,2013,14,2013-12-08,REG,TB,BUF,27.0,6.0,3.0,42.5,21.0,18.0,-9.5,0.6019264889123686,0.6247300215982722,0.0,0.1550399277928471,0.3461971394571554,0.5,0.3461971394571554,,,total,0
2013_14_KC_WAS,2013,14,2013-12-08,REG,WAS,KC,10.0,45.0,-3.5,44.0,-35.0,-31.5,11.0,0.4452980116665576,0.36674816625916873,1.0,0.6825754933836053,0.5826177548309919,0.5,0.5826177548309919,,,total,1
2013_14_DAL_CHI,2013,14,2013-12-09,REG,CHI,DAL,45.0,28.0,2.0,49.0,17.0,15.0,24.0,0.5321757118802231,0.5460453954604539,1.0,0.6477620069644715,0.5675657203169563,0.5,0.5675657203169563,,,total,1
2013_15_SD_DEN,2013,15,2013-12-12,REG,DEN,SD,20.0,27.0,10.0,56.5,-7.0,-17.0,-9.5,0.825105884951766,0.8047945205479452,0.0,0.5325881131133767,0.5208391597154808,0.5,0.5208391597154808,,,total,0
2013_15_WAS_ATL,2013,15,2013-12-15,REG,ATL,WAS,27.0,26.0,5.5,50.0,1.0,-4.5,3.0,0.6795921443703463,0.6800775569558896,1.0,0.6619610454484158,0.5736284308890892,0.5,0.5736284308890892,,,total,1
2013_15_NYJ_CAR,2013,15,2013-12-15,REG,CAR,NYJ,30.0,20.0,10.0,40.5,10.0,0.0,9.5,0.8335034006957862,0.7770903466472567,1.0,0.6288032985311597,0.5596102476697451,0.5,0.5596102476697451,,,total,1
2013_15_CHI_CLE,2013,15,2013-12-15,REG,CLE,CHI,31.0,38.0,1.0,43.5,-7.0,-8.0,25.5,0.3498711571059946,0.497677011707861,1.0,0.48115628229878793,0.5005737641097665,0.5,0.5005737641097665,,,total,1
2013_15_GB_DAL,2013,15,2013-12-15,REG,DAL,GB,36.0,37.0,4.0,49.5,-1.0,-5.0,23.5,0.5877259861500254,0.6499689771835965,1.0,0.4081716234041415,0.4714492917898776,0.5,0.4714492917898776,,,total,1
2013_15_HOU_IND,2013,15,2013-12-15,REG,IND,HOU,25.0,3.0,6.0,47.0,22.0,16.0,-19.0,0.7606206875835261,0.7050630837293135,0.0,0.6144520003889284,0.5536793317578221,0.5,0.5536793317578221,,,total,0
2013_15_BUF_JAX,2013,15,2013-12-15,REG,JAX,BUF,20.0,27.0,-4.0,43.0,-7.0,-3.0,4.0,0.5009341940105847,0.34727812147834686,1.0,0.3197427794998421,0.43405293030455394,0.5,0.43405293030455394,,,total,1
2013_15_NE_MIA,2013,15,2013-12-15,REG,MIA,NE,24.0,20.0,2.5,46.5,4.0,1.5,-2.5,0.3731212860173143,0.5586071603727317,0.0,0.4210172016545569,0.47664663585237105,0.5,0.47664663585237105,,,total,0
2013_15_PHI_MIN,2013,15,2013-12-15,REG,MIN,PHI,48.0,30.0,-6.5,53.0,18.0,24.5,25.0,0.44008192813287855,0.28787053606161983,1.0,0.5136468936097974,0.513371419493565,0.5,0.513371419493565,,,total,1
2013_15_SEA_NYG,2013,15,2013-12-15,REG,NYG,SEA,0.0,23.0,-9.5,43.5,-23.0,-13.5,-20.5,0.2541264777894401,0.21891418563922943,0.0,0.4993646217525306,0.5077477713893588,0.5,0.5077477713893588,,,total,0
2013_15_KC_OAK,2013,15,2013-12-15,REG,OAK,KC,31.0,56.0,-6.5,44.0,-25.0,-18.5,43.0,0.31183050674957374,0.29135901017760923,1.0,0.4701793706031834,0.4962402869943314,0.5,0.4962402869943314,,,total,1
2013_15_CIN_PIT,2013,15,2013-12-15,REG,PIT,CIN,30.0,20.0,-2.0,44.0,10.0,12.0,6.0,0.3865387841652129,0.46214743124779806,1.0,0.4057037656253239,0.4704458778134433,0.5,0.4704458778134433,,,total,1
2013_15_NO_STL,2013,15,2013-12-15,REG,STL,NO,27.0,16.0,-6.5,48.0,11.0,17.5,-5.0,0.3383597354650795,0.27418447694038245,0.0,0.5830924041734983,0.5409379609054759,0.5,0.5409379609054759,,,total,0
2013_15_SF_TB,2013,15,2013-12-15,REG,TB,SF,14.0,33.0,-4.5,41.0,-19.0,-14.5,6.0,0.2598620445730842,0.32980439187792066,1.0,0.5277214945203371,0.5189185379421546,0.5,0.5189185379421546,,,total,1
2013_15_ARI_TEN,2013,15,2013-12-15,REG,TEN,ARI,34.0,37.0,-3.0,43.0,-3.0,0.0,28.0,0.4348425389023565,0.4242002781641169,1.0,0.43567290015529153,0.4825301918060025,0.5,0.4825301918060025,,,total,1
2013_15_BAL_DET,2013,15,2013-12-16,REG,DET,BAL,16.0,18.0,4.5,49.0,-2.0,-6.5,-15.0,0.40543800144805564,0.664461906242295,0.0,0.6105226656373894,0.552067533216384,0.5,0.552067533216384,,,total,0
2013_16_NE_BAL,2013,16,2013-12-22,REG,BAL,NE,7.0,41.0,-1.0,45.0,-34.0,-33.0,3.0,0.5222945039460751,0.49070156678599663,1.0,0.4410568457411009,0.48468100869286107,0.5,0.48468100869286107,,,total,1
2013_16_MIA_BUF,2013,16,2013-12-22,REG,BUF,MIA,19.0,0.0,1.0,42.0,19.0,18.0,-23.0,0.35943719491421533,0.5069715560513107,0.0,0.6665427906684521,0.575606145460031,0.5,0.575606145460031,,,total,0
2013_16_NO_CAR,2013,16,2013-12-22,REG,CAR,NO,17.0,13.0,3.5,44.5,4.0,0.5,-14.5,0.5918571147326587,0.6186511705872493,0.0,0.3813299128323863,0.4604364120203192,0.5,0.4604364120203192,,,total,0
2013_16_MIN_CIN,2013,16,2013-12-22,REG,CIN,MIN,42.0,14.0,7.5,48.0,28.0,20.5,8.0,0.7426470196318627,0.7697759087280727,1.0,0.24824041636848695,0.4002595197299791,0.5,0.4002595197299791,,,total,1
2013_16_NYG_DET,2013,16,2013-12-22,REG,DET,NYG,20.0,23.0,9.5,47.0,-3.0,-12.5,-4.0,0.5970756282840091,0.7987191216834401,0.0,0.5192046548346627,0.5155608191065382,0.5,0.5155608191065382,,,total,0
2013_16_PIT_GB,2013,16,2013-12-22,REG,GB,PIT,31.0,38.0,-1.0,43.5,-7.0,-6.0,25.5,0.5648398286529491,0.48044542229805576,1.0,0.5550826343301072,0.529745424234869,0.5,0.529745424234869,,,total,1
2013_16_DEN_HOU,2013,16,2013-12-22,REG,HOU,DEN,13.0,37.0,-9.0,53.0,-24.0,-15.0,-3.0,0.17466813115860158,0.21170914420649786,0.0,0.7336769460797353,0.6061344654546975,0.5,0.6061344654546975,,,total,0
2013_16_TEN_JAX,2013,16,2013-12-22,REG,JAX,TEN,16.0,20.0,-4.0,44.0,-4.0,0.0,-8.0,0.40647263955336055,0.3500310228164034,0.0,0.36481184590507465,0.4535336008292076,0.5,0.4535336008292076,,,total,0
2013_16_IND_KC,2013,16,2013-12-22,REG,KC,IND,7.0,23.0,7.5,46.5,-16.0,-23.5,-16.5,0.60710566426372,0.7566244633432689,0.0,0.5377157352497857,0.5228647750353481,0.5,0.5228647750353481,,,total,0
2013_16_CLE_NYJ,2013,16,2013-12-22,REG,NYJ,CLE,24.0,13.0,2.5,41.5,11.0,8.5,-4.5,0.6167540903081511,0.5419847328244275,0.0,0.3111640688038009,0.43021336780263486,0.5,0.43021336780263486,,,total,0
2013_16_CHI_PHI,2013,16,2013-12-22,REG,PHI,CHI,54.0,11.0,2.5,53.5,43.0,40.5,11.5,0.5091422935511172,0.5679213219076544,1.0,0.3236016859248821,0.4357647079856124,0.5,0.4357647079856124,,,total,1
2013_16_OAK_SD,2013,16,2013-12-22,REG,SD,OAK,26.0,13.0,10.0,50.0,13.0,3.0,-11.0,0.8339039631684323,0.8189076720741634,0.0,0.2853272188733735,0.4183326974602355,0.5,0.4183326974602355,,,total,0
2013_16_ARI_SEA,2013,16,2013-12-22,REG,SEA,ARI,10.0,17.0,8.0,42.5,-7.0,-15.0,-15.5,0.8035747740934559,0.7901049475262368,0.0,0.5395397526870906,0.5235858945256257,0.5,0.5235858945256257,,,total,0
2013_16_TB_STL,2013,16,2013-12-22,REG,STL,TB,23.0,13.0,3.5,43.0,10.0,6.5,-7.0,0.692538658206434,0.6172248803827751,0.0,0.541203295546281,0.5242438498303761,0.5,0.5242438498303761,,,total,0
2013_16_DAL_WAS,2013,16,2013-12-22,REG,WAS,DAL,23.0,24.0,-3.0,51.0,-1.0,2.0,-4.0,0.38025155400948424,0.39060205580029367,0.0,0.5642471096103878,0.5333923647502714,0.5,0.5333923647502714,,,total,0
2013_16_ATL_SF,2013,16,2013-12-23,REG,SF,ATL,34.0,24.0,15.5,46.0,10.0,-5.5,12.0,0.8476819527556784,0.8865979381443299,1.0,0.3434149817478458,0.44441668725330946,0.5,0.44441668725330946,,,total,1
2013_17_SF_ARI,2013,17,2013-12-29,REG,ARI,SF,20.0,23.0,3.0,41.0,-3.0,-6.0,2.0,0.4147791805934485,0.6002460024600246,1.0,0.4287313452650445,0.47974906793745853,0.5,0.47974906793745853,,,total,1
2013_17_CAR_ATL,2013,17,2013-12-29,REG,ATL,CAR,20.0,21.0,-5.5,46.5,-1.0,4.5,-5.5,0.3094060780517508,0.3199224430441105,0.0,0.5898900011868413,0.5436779649596679,0.5,0.5436779649596679,,,total,0
2013_17_GB_CHI,2013,17,2013-12-29,REG,CHI,GB,28.0,33.0,-3.0,51.0,-5.0,-2.0,10.0,0.6062312015557435,0.4066985645933015,1.0,0.49103799128453157,0.5044685627474698,0.5,0.5044685627474698,,,total,1
2013_17_BAL_CIN,2013,17,2013-12-29,REG,CIN,BAL,34.0,17.0,6.5,43.0,17.0,10.5,8.0,0.6280704680777699,0.722662440570523,1.0,0.40757709352416094,0.47120771280349494,0.5,0.47120771280349494,,,total,1
2013_17_PHI_DAL,2013,17,2013-12-29,REG,DAL,PHI,22.0,24.0,-7.5,54.0,-2.0,5.5,-8.0,0.5409136285505545,0.2680965147453084,0.0,0.21832199838564725,0.3845374273081888,0.5,0.3845374273081888,,,total,0
2013_17_JAX_IND,2013,17,2013-12-29,REG,IND,JAX,30.0,10.0,11.0,45.0,20.0,9.0,-5.0,0.8669904924233075,0.825993842859055,0.0,0.29723691244608746,0.4238720602718884,0.5,0.4238720602718884,,,total,0
2013_17_NYJ_MIA,2013,17,2013-12-29,REG,MIA,NYJ,7.0,20.0,7.5,41.0,-13.0,-20.5,-14.0,0.7197105967150333,0.7194329592439458,0.0,0.4857211580439602,0.5023735488630436,0.5,0.5023735488630436,,,total,0
2013_17_DET_MIN,2013,17,2013-12-29,REG,MIN,DET,14.0,13.0,-2.5,50.0,1.0,3.5,-23.0,0.5692299497109452,0.4479937670432412,0.0,0.42991997802227966,0.48022597361847236,0.5,0.48022597361847236,,,total,0
2013_17_BUF_NE,2013,17,2013-12-29,REG,NE,BUF,34.0,20.0,7.5,46.5,14.0,6.5,7.5,0.8566882522431691,0.7516485398646913,1.0,0.5489985742813552,0.5273309220747215,0.5,0.5273309220747215,,,total,1
2013_17_TB_NO,2013,17,2013-12-29,REG,NO,TB,42.0,17.0,11.0,47.0,25.0,14.0,12.0,0.8031009612241135,0.8425366695427092,1.0,0.4729794129941645,0.4973465776721319,0.5,0.4973465776721319,,,total,1
2013_17_WAS_NYG,2013,17,2013-12-29,REG,NYG,WAS,20.0,6.0,3.5,44.0,14.0,10.5,-18.0,0.7339687341058283,0.6261005910022917,0.0,0.5230242074699541,0.517066188164546,0.5,0.517066188164546,,,total,0
2013_17_DEN_OAK,2013,17,2013-12-29,REG,OAK,DEN,14.0,34.0,-10.0,53.5,-20.0,-10.0,-5.5,0.13385796075542042,0.18662519440124417,0.0,0.5413058505465898,0.5242844208240999,0.5,0.5242844208240999,,,total,0
2013_17_CLE_PIT,2013,17,2013-12-29,REG,PIT,CLE,20.0,7.0,9.5,44.5,13.0,3.5,-17.5,0.8208301042053676,0.7641509433962264,0.0,0.3144183477631147,0.431675565808418,0.5,0.431675565808418,,,total,0
2013_17_KC_SD,2013,17,2013-12-29,REG,SD,KC,27.0,24.0,15.5,45.0,3.0,-12.5,6.0,0.6306566303269103,0.8733924168721262,1.0,0.35467947186414867,0.4492430462918052,0.5,0.4492430462918052,,,total,1
2013_17_STL_SEA,2013,17,2013-12-29,REG,SEA,STL,27.0,9.0,13.0,41.0,18.0,5.0,-5.0,0.7867988809816674,0.8367537313432836,0.0,0.6043487687264347,0.5495446166696699,0.5,0.5495446166696699,,,total,0
2013_17_HOU_TEN,2013,17,2013-12-29,REG,TEN,HOU,16.0,10.0,7.0,44.5,6.0,-1.0,-18.5,0.7027903536192031,0.7194329592439458,0.0,0.476473620799848,0.49872623323033605,0.5,0.49872623323033605,,,total,0
2013_18_KC_IND,2013,18,2014-01-04,WC,IND,KC,45.0,44.0,-2.0,48.0,1.0,3.0,41.0,0.6693772513993449,0.46214743124779806,1.0,0.5626075976265621,0.5327389738032208,0.5,0.5327389738032208,,,total,1
2013_18_NO_PHI,2013,18,2014-01-04,WC,PHI,NO,24.0,26.0,3.0,55.5,-2.0,-5.0,-5.5,0.4855728305067749,0.6002460024600246,0.0,0.4705831541072422,0.49639986308062767,0.5,0.49639986308062767,,,total,0
2013_18_SD_CIN,2013,18,2014-01-05,WC,CIN,SD,10.0,27.0,6.5,47.5,-17.0,-23.5,-10.5,0.6840141114341661,0.7013921016108003,0.0,0.40215433303501397,0.46899971081401576,0.5,0.46899971081401576,,,total,0
2013_18_SF_GB,2013,18,2014-01-05,WC,GB,SF,20.0,23.0,-3.0,46.5,-3.0,0.0,-3.5,0.30717799198226403,0.3856591915440651,0.0,0.5313738839328385,0.5203598021754458,0.5,0.5203598021754458,,,total,0
2013_19_IND_NE,2013,19,2014-01-11,DIV,NE,IND,43.0,22.0,7.5,51.0,21.0,13.5,14.0,0.7419279876754572,0.7288949897048731,1.0,0.28893175248252223,0.4200212782039963,0.5,0.4200212782039963,,,total,1
2013_19_NO_SEA,2013,19,2014-01-11,DIV,SEA,NO,23.0,15.0,10.0,44.0,8.0,-2.0,-6.0,0.689368449541838,0.7770903466472567,0.0,0.5140722840912727,0.5135389612568112,0.5,0.5135389612568112,,,total,0
2013_19_SF_CAR,2013,19,2014-01-12,DIV,CAR,SF,10.0,23.0,-0.0,41.0,-13.0,-13.0,-8.0,0.4664521356622061,0.5046466242274987,0.0,0.39901981524060826,0.46771955544737087,0.5,0.46771955544737087,,,total,0
2013_19_SD_DEN,2013,19,2014-01-12,DIV,DEN,SD,24.0,17.0,8.0,55.0,7.0,-1.0,-14.0,0.6915684590389117,0.7516485398646913,0.0,0.4478741731127703,0.4873973761497682,0.5,0.4873973761497682,,,total,0
2013_20_NE_DEN,2013,20,2014-01-19,CON,DEN,NE,26.0,16.0,5.0,56.5,10.0,5.0,-14.5,0.5629876087830801,0.6787840802256345,0.0,0.5826939409108417,0.540777673855497,0.5,0.540777673855497,,,total,0
2013_21_SEA_DEN,2013,21,2014-02-02,SB,DEN,SEA,8.0,43.0,1.5,47.0,-35.0,-36.5,4.0,0.478724171162445,0.539285269580376,1.0,0.3529705327029655,0.44851479576041736,0.5,0.44851479576041736,,,total,1
2014_01_GB_SEA,2014,1,2014-09-04,REG,SEA,GB,36.0,16.0,4.5,46.5,20.0,15.5,5.5,0.82326925126066,0.6800775569558896,1.0,0.46240730666004776,0.5186562527128056,0.5,0.5186562527128056,,,total,1
2014_01_NO_ATL,2014,1,2014-09-07,REG,ATL,NO,37.0,34.0,-3.0,51.0,3.0,6.0,20.0,0.39477163529041986,0.39975399753997537,1.0,0.21942128346398118,0.4953174828662566,0.5,0.4953174828662566,,,total,1
2014_01_CIN_BAL,2014,1,2014-09-07,REG,BAL,CIN,16.0,23.0,1.0,43.5,-7.0,-8.0,-4.5,0.5500776614893138,0.5172913928296243,0.0,0.5962250081040016,0.5299109340475706,0.5,0.5299109340475706,,,total,0
2014_01_BUF_CHI,2014,1,2014-09-07,REG,CHI,BUF,20.0,23.0,7.0,47.0,-3.0,-10.0,-4.0,0.6378389913280735,0.7121294639383801,0.0,0.40023274925448316,0.5133625358148568,0.5,0.5133625358148568,,,total,0
2014_01_SF_DAL,2014,1,2014-09-07,REG,DAL,SF,17.0,28.0,-3.5,49.0,-11.0,-7.5,-4.0,0.3372339192372486,0.40832074076455643,0.0,0.38511866945375256,0.5120402132020976,0.5,0.5120402132020976,,,total,0
2014_01_IND_DEN,2014,1,2014-09-07,REG,DEN,IND,31.0,24.0,8.0,52.5,7.0,-1.0,2.5,0.7122118542480724,0.7729422894985808,1.0,0.4465488132432583,0.5173225422880495,0.5,0.5173225422880495,,,total,1
2014_01_WAS_HOU,2014,1,2014-09-07,REG,HOU,WAS,17.0,6.0,3.0,43.5,11.0,8.0,-20.5,0.5603451144316184,0.6233496049929973,0.0,0.5762262765981381,0.5281953126334544,0.5,0.5281953126334544,,,total,0
2014_01_TEN_KC,2014,1,2014-09-07,REG,KC,TEN,10.0,26.0,3.0,45.5,-16.0,-19.0,-9.5,0.6280038764289987,0.6002460024600246,0.0,0.42006888838671996,0.5150730914773164,0.5,0.5150730914773164,,,total,0
2014_01_NE_MIA,2014,1,2014-09-07,REG,MIA,NE,33.0,20.0,-3.5,47.5,13.0,16.5,5.5,0.3452895116303384,0.3738994089977084,1.0,0.2273781084057481,0.49627493037064996,0.5,0.49627493037064996,,,total,1
2014_01_OAK_NYJ,2014,1,2014-09-07,REG,NYJ,OAK,19.0,14.0,6.5,41.0,5.0,-1.5,-8.0,0.7206153827513959,0.7178851837477983,0.0,0.5062140211810727,0.5223141034526557,0.5,0.5223141034526557,,,total,0
2014_01_JAX_PHI,2014,1,2014-09-07,REG,PHI,JAX,34.0,17.0,10.0,49.0,17.0,7.0,2.0,0.8044025219367672,0.8175209554187375,1.0,0.3925153139255378,0.5126896130583396,0.5,0.5126896130583396,,,total,1
2014_01_CLE_PIT,2014,1,2014-09-07,REG,PIT,CLE,30.0,27.0,5.5,41.5,3.0,-2.5,15.5,0.7847446717241305,0.690978748012144,1.0,0.5923071332623523,0.529572915019973,0.5,0.529572915019973,,,total,1
2014_01_MIN_STL,2014,1,2014-09-07,REG,STL,MIN,6.0,34.0,3.0,43.5,-28.0,-31.0,-3.5,0.6355854720131582,0.5933014354066986,0.0,0.30026153567441916,0.504147622497029,0.5,0.504147622497029,,,total,0
2014_01_CAR_TB,2014,1,2014-09-07,REG,TB,CAR,14.0,20.0,5.5,38.5,-6.0,-11.5,-4.5,0.35598568175466905,0.6757296083811425,0.0,0.42086448501461976,0.5151411897373623,0.5,0.5151411897373623,,,total,0
2014_01_SD_ARI,2014,1,2014-09-08,REG,ARI,SD,18.0,17.0,3.0,45.5,1.0,-2.0,-10.5,0.5575302756893541,0.5916792592354435,0.0,0.3363198373582249,0.5076191387838613,0.5,0.5076191387838613,,,total,0
2014_01_NYG_DET,2014,1,2014-09-08,REG,DET,NYG,35.0,14.0,6.5,45.0,21.0,14.5,4.0,0.5358832314214034,0.7137404580152672,1.0,0.40210324189449165,0.5135249638072052,0.5,0.5135249638072052,,,total,1
2014_02_PIT_BAL,2014,2,2014-09-11,REG,BAL,PIT,26.0,6.0,2.5,44.0,20.0,17.5,-12.0,0.538981090022556,0.5860927152317882,0.0,0.6140495792762625,0.5314625577855042,0.5,0.5314625577855042,,,total,0
2014_02_MIA_BUF,2014,2,2014-09-14,REG,BUF,MIA,29.0,10.0,1.0,43.0,19.0,18.0,-4.0,0.5094789593242781,0.5172913928296243,0.0,0.36536992788576134,0.5102821922996571,0.5,0.5102821922996571,,,total,0
2014_02_DET_CAR,2014,2,2014-09-14,REG,CAR,DET,24.0,7.0,1.0,43.5,17.0,16.0,-12.5,0.7127283324374045,0.5172913928296243,0.0,0.37488812623034296,0.5111341507748769,0.5,0.5111341507748769,,,total,0
2014_02_ATL_CIN,2014,2,2014-09-14,REG,CIN,ATL,24.0,10.0,5.5,48.5,14.0,8.5,-14.5,0.7276552157609122,0.690978748012144,0.0,0.2240888905104526,0.4958820727819498,0.5,0.4958820727819498,,,total,0
2014_02_NO_CLE,2014,2,2014-09-14,REG,CLE,NO,26.0,24.0,-4.5,49.5,2.0,6.5,0.5,0.305049973512123,0.32874460653379906,1.0,0.4957811922955991,0.5214445491954175,0.5,0.5214445491954175,,,total,1
2014_02_KC_DEN,2014,2,2014-09-14,REG,DEN,KC,24.0,17.0,13.0,49.0,7.0,-6.0,-8.0,0.809134274050323,0.8785818358426419,0.0,0.37116102113782545,0.5108016237044742,0.5,0.5108016237044742,,,total,0
2014_02_NYJ_GB,2014,2,2014-09-14,REG,GB,NYJ,31.0,24.0,7.0,46.5,7.0,0.0,8.5,0.6138175588091376,0.7382366085679627,1.0,0.33102462023586215,0.5071220455643487,0.5,0.5071220455643487,,,total,1
2014_02_NE_MIN,2014,2,2014-09-14,REG,MIN,NE,7.0,30.0,-3.5,49.0,-23.0,-19.5,-12.0,0.44433234336317745,0.39360687022900764,0.0,0.40265168986790706,0.5135725417314256,0.5,0.5135725417314256,,,total,0
2014_02_ARI_NYG,2014,2,2014-09-14,REG,NYG,ARI,14.0,25.0,1.0,41.5,-11.0,-12.0,-2.5,0.44560613579823377,0.521797153024911,0.0,0.47403376395607705,0.5196296671350819,0.5,0.5196296671350819,,,total,0
2014_02_HOU_OAK,2014,2,2014-09-14,REG,OAK,HOU,14.0,30.0,-3.0,41.0,-16.0,-13.0,3.0,0.5015932140672305,0.4066985645933015,1.0,0.4936737689241047,0.5212688712361577,0.5,0.5212688712361577,,,total,1
2014_02_SEA_SD,2014,2,2014-09-14,REG,SD,SEA,30.0,21.0,-4.5,45.0,9.0,13.5,6.0,0.3513111575509219,0.3242703916188576,1.0,0.4614040332538063,0.518572102534823,0.5,0.518572102534823,,,total,1
2014_02_CHI_SF,2014,2,2014-09-14,REG,SF,CHI,20.0,28.0,7.0,47.0,-8.0,-15.0,1.0,0.824555056545306,0.7319034852546917,1.0,0.5423557785704209,0.5253336909111799,0.5,0.5253336909111799,,,total,1
2014_02_STL_TB,2014,2,2014-09-14,REG,TB,STL,17.0,19.0,4.0,37.5,-2.0,-6.0,-1.5,0.5015536374918836,0.6562218214607755,0.0,0.5017292090572344,0.5219403090549867,0.5,0.5219403090549867,,,total,0
2014_02_DAL_TEN,2014,2,2014-09-14,REG,TEN,DAL,10.0,26.0,3.0,49.5,-16.0,-19.0,-13.5,0.5977553220004127,0.6108836002739845,0.0,0.5624518762666869,0.5270260299657006,0.5,0.5270260299657006,,,total,0
2014_02_JAX_WAS,2014,2,2014-09-14,REG,WAS,JAX,41.0,10.0,5.0,43.0,31.0,26.0,8.0,0.6300763843015975,0.6712553934662009,1.0,0.5430337239533604,0.525390571454604,0.5,0.525390571454604,,,total,1
2014_02_PHI_IND,2014,2,2014-09-15,REG,IND,PHI,27.0,30.0,3.0,53.5,-3.0,-6.0,3.5,0.5675685954732065,0.5792858120125872,1.0,0.5436161467554909,0.5254394476706777,0.5,0.5254394476706777,,,total,1
2014_03_TB_ATL,2014,3,2014-09-18,REG,ATL,TB,56.0,14.0,6.5,47.0,42.0,35.5,23.0,0.6544426288611379,0.7171050163208644,1.0,0.3840407556470321,0.511945190849825,0.5,0.511945190849825,,,total,1
2014_03_SF_ARI,2014,3,2014-09-21,REG,ARI,SF,23.0,14.0,-3.0,41.0,9.0,12.0,-4.0,0.488266782000147,0.413907284768212,0.0,0.48661372058953284,0.5206801247139617,0.5,0.5206801247139617,,,total,0
2014_03_SD_BUF,2014,3,2014-09-21,REG,BUF,SD,10.0,22.0,2.5,45.5,-12.0,-14.5,-13.5,0.4372736710235451,0.5520062329567589,0.0,0.49393043660767433,0.5212902685971257,0.5,0.5212902685971257,,,total,0
2014_03_PIT_CAR,2014,3,2014-09-21,REG,CAR,PIT,19.0,37.0,3.0,42.5,-18.0,-21.0,13.5,0.6998571479329806,0.6397067958752639,1.0,0.6777173176987301,0.537258058805912,0.5,0.537258058805912,,,total,1
2014_03_TEN_CIN,2014,3,2014-09-21,REG,CIN,TEN,33.0,7.0,6.5,44.5,26.0,19.5,-4.5,0.7537322635623108,0.7086409898223908,0.0,0.27979333863259265,0.5020719065783648,0.5,0.5020719065783648,,,total,0
2014_03_BAL_CLE,2014,3,2014-09-21,REG,CLE,BAL,21.0,23.0,-2.0,43.0,-2.0,0.0,1.0,0.34798354364435596,0.46214743124779806,1.0,0.44911261983227707,0.5175387253376753,0.5,0.5175387253376753,,,total,1
2014_03_GB_DET,2014,3,2014-09-21,REG,DET,GB,19.0,7.0,1.5,51.0,12.0,10.5,-25.0,0.5358135568798709,0.537852568752202,0.0,0.5056788501266223,0.5222694968034199,0.5,0.5222694968034199,,,total,0
2014_03_IND_JAX,2014,3,2014-09-21,REG,JAX,IND,17.0,44.0,-6.0,45.5,-27.0,-21.0,15.5,0.2885706150459632,0.2949369162706865,1.0,0.49625355349218175,0.5214839232681662,0.5,0.5214839232681662,,,total,1
2014_03_KC_MIA,2014,3,2014-09-21,REG,MIA,KC,15.0,34.0,6.0,43.0,-19.0,-25.0,6.0,0.6263708312650501,0.690978748012144,1.0,0.5370804356270498,0.524891493035216,0.5,0.524891493035216,,,total,1
2014_03_OAK_NE,2014,3,2014-09-21,REG,NE,OAK,16.0,9.0,14.0,47.5,7.0,-7.0,-22.5,0.8990681785196587,0.8785818358426419,0.0,0.4053517666658992,0.5138064648268876,0.5,0.5138064648268876,,,total,0
2014_03_MIN_NO,2014,3,2014-09-21,REG,NO,MIN,20.0,9.0,10.0,49.5,11.0,1.0,-20.5,0.6631758710600373,0.8199106756951448,0.0,0.5192239606209896,0.5233989840317926,0.5,0.5233989840317926,,,total,0
2014_03_HOU_NYG,2014,3,2014-09-21,REG,NYG,HOU,30.0,17.0,1.0,41.5,13.0,12.0,5.5,0.6115365679419772,0.5195545777019441,1.0,0.5101378641098175,0.5226411887325544,0.5,0.5226411887325544,,,total,1
2014_03_WAS_PHI,2014,3,2014-09-21,REG,PHI,WAS,37.0,34.0,4.0,50.5,3.0,-1.0,20.5,0.7800796843322175,0.6600024206947392,1.0,0.43754728518930536,0.5165614923960464,0.5,0.5165614923960464,,,total,1
2014_03_DEN_SEA,2014,3,2014-09-21,REG,SEA,DEN,26.0,20.0,4.0,48.0,6.0,2.0,-2.0,0.6231206366314145,0.658869395711501,0.0,0.28100489829813036,0.5021972549509882,0.5,0.5021972549509882,,,total,0
2014_03_DAL_STL,2014,3,2014-09-21,REG,STL,DAL,31.0,34.0,-1.5,45.0,-3.0,-1.5,20.0,0.5217731457378213,0.4672897196261682,1.0,0.5576648444384559,0.5266216036606365,0.5,0.5266216036606365,,,total,1
2014_03_CHI_NYJ,2014,3,2014-09-22,REG,NYJ,CHI,19.0,27.0,1.5,44.5,-8.0,-9.5,1.5,0.49022911099297256,0.5305667495498585,1.0,0.38460267167562473,0.5119947385353211,0.5,0.5119947385353211,,,total,1
2014_04_NYG_WAS,2014,4,2014-09-25,REG,WAS,NYG,14.0,45.0,3.0,44.5,-31.0,-34.0,14.5,0.45977312380710966,0.6200671122327297,1.0,0.34554270103034185,0.5084758315947762,0.5,0.5084758315947762,,,total,1
2014_04_CAR_BAL,2014,4,2014-09-28,REG,BAL,CAR,38.0,10.0,3.5,42.5,28.0,24.5,5.5,0.5601211134336751,0.5949110703209063,1.0,0.46667047774811093,0.5190135406456244,0.5,0.5190135406456244,,,total,1
2014_04_GB_CHI,2014,4,2014-09-28,REG,CHI,GB,17.0,38.0,-2.0,51.0,-21.0,-19.0,4.0,0.6470972999254051,0.46214743124779806,1.0,0.565171533380755,0.5272562140399133,0.5,0.5272562140399133,,,total,1
2014_04_NO_DAL,2014,4,2014-09-28,REG,DAL,NO,38.0,17.0,-3.0,53.5,21.0,24.0,1.5,0.5312114267617292,0.43391066545123064,1.0,0.49599358159932877,0.5214622531944944,0.5,0.5214622531944944,,,total,1
2014_04_BUF_HOU,2014,4,2014-09-28,REG,HOU,BUF,23.0,17.0,3.0,44.0,6.0,3.0,-4.0,0.47595546636525465,0.5586071603727317,0.0,0.7113392925794222,0.5405488777184047,0.5,0.5405488777184047,,,total,0
2014_04_TEN_IND,2014,4,2014-09-28,REG,IND,TEN,41.0,17.0,7.5,45.5,24.0,16.5,12.5,0.6907983869589203,0.7490809359864622,1.0,0.5958335788683592,0.5298771174258916,0.5,0.5298771174258916,,,total,1
2014_04_ATL_MIN,2014,4,2014-09-28,REG,MIN,ATL,41.0,28.0,-5.5,48.0,13.0,18.5,21.0,0.5623150644811733,0.3189254812787852,1.0,0.6261701596652645,0.5325323318940035,0.5,0.5325323318940035,,,total,1
2014_04_DET_NYJ,2014,4,2014-09-28,REG,NYJ,DET,17.0,24.0,2.0,43.5,-7.0,-9.0,-2.5,0.4763626219372795,0.5305667495498585,0.0,0.7550012791758849,0.5451817899063707,0.5,0.5451817899063707,,,total,0
2014_04_MIA_OAK,2014,4,2014-09-28,REG,OAK,MIA,14.0,38.0,-4.0,41.0,-24.0,-20.0,11.0,0.3100551138883488,0.360293204124736,1.0,0.7170436495985887,0.5411284003822454,0.5,0.5411284003822454,,,total,1
2014_04_TB_PIT,2014,4,2014-09-28,REG,PIT,TB,24.0,27.0,7.5,44.5,-3.0,-10.5,6.5,0.8018276322460476,0.7566244633432689,1.0,0.43088451571941305,0.5159959120396028,0.5,0.5159959120396028,,,total,1
2014_04_JAX_SD,2014,4,2014-09-28,REG,SD,JAX,33.0,14.0,13.0,45.0,19.0,6.0,2.0,0.9033469348454813,0.825993842859055,1.0,0.4958738968922232,0.5214522767349266,0.5,0.5214522767349266,,,total,1
2014_04_PHI_SF,2014,4,2014-09-28,REG,SF,PHI,26.0,21.0,3.5,48.5,5.0,1.5,-1.5,0.6637937107796151,0.658869395711501,0.0,0.5784233709545397,0.5283826738535276,0.5,0.5283826738535276,,,total,0
2014_04_NE_KC,2014,4,2014-09-29,REG,KC,NE,41.0,14.0,-3.0,45.0,27.0,30.0,10.0,0.36709919691521503,0.43391066545123064,1.0,0.5812797590106421,0.5286266429392295,0.5,0.5286266429392295,,,total,1
2014_05_MIN_GB,2014,5,2014-10-02,REG,GB,MIN,42.0,10.0,8.5,46.5,32.0,23.5,5.5,0.6250916665029367,0.7810858143607706,1.0,0.455050604238545,0.5180385425575196,0.5,0.5180385425575196,,,total,1
2014_05_CHI_CAR,2014,5,2014-10-05,REG,CAR,CHI,31.0,24.0,1.5,46.5,7.0,5.5,8.5,0.6410854715387744,0.5262215623771888,1.0,0.3628477424342079,0.5100548740626778,0.5,0.5100548740626778,,,total,1
2014_05_HOU_DAL,2014,5,2014-10-05,REG,DAL,HOU,20.0,17.0,5.0,47.5,3.0,-2.0,-10.5,0.7523458820468371,0.685002350728726,0.0,0.35153869137324,0.5090269497311848,0.5,0.5090269497311848,,,total,0
2014_05_ARI_DEN,2014,5,2014-10-05,REG,DEN,ARI,41.0,20.0,8.0,47.0,21.0,13.0,14.0,0.634827355529941,0.7590361445783131,1.0,0.44453340539746794,0.5171524284742454,0.5,0.5171524284742454,,,total,1
2014_05_BUF_DET,2014,5,2014-10-05,REG,DET,BUF,14.0,17.0,4.5,43.0,-3.0,-7.5,-12.0,0.6708037418630871,0.6712553934662009,0.0,0.5667536025587244,0.5273902624749182,0.5,0.5273902624749182,,,total,0
2014_05_BAL_IND,2014,5,2014-10-05,REG,IND,BAL,20.0,13.0,2.5,49.5,7.0,4.5,-16.5,0.529186367989551,0.5679213219076544,0.0,0.7093480312838617,0.5403481644343846,0.5,0.5403481644343846,,,total,0
2014_05_PIT_JAX,2014,5,2014-10-05,REG,JAX,PIT,9.0,17.0,-6.0,47.0,-8.0,-2.0,-21.0,0.2337842730769254,0.3199224430441105,0.0,0.5299262768274884,0.5242928358849889,0.5,0.5242928358849889,,,total,0
2014_05_CIN_NE,2014,5,2014-10-05,REG,NE,CIN,43.0,17.0,-2.5,46.0,26.0,28.5,14.0,0.5501999758809282,0.4479937670432412,1.0,0.6452340467818607,0.5342434672618849,0.5,0.5342434672618849,,,total,1
2014_05_TB_NO,2014,5,2014-10-05,REG,NO,TB,37.0,31.0,11.0,47.5,6.0,-5.0,20.5,0.748804412179011,0.825993842859055,1.0,0.5746159384741806,0.5280581466419375,0.5,0.5280581466419375,,,total,1
2014_05_ATL_NYG,2014,5,2014-10-05,REG,NYG,ATL,30.0,20.0,4.0,50.5,10.0,6.0,-0.5,0.6298846450767357,0.6463391320971134,0.0,0.4657882984761665,0.5189396437391134,0.5,0.5189396437391134,,,total,0
2014_05_STL_PHI,2014,5,2014-10-05,REG,PHI,STL,34.0,28.0,3.5,48.0,6.0,2.5,14.0,0.6901527170342631,0.6451127819548872,1.0,0.46630251158006225,0.5189827197259727,0.5,0.5189827197259727,,,total,1
2014_05_NYJ_SD,2014,5,2014-10-05,REG,SD,NYJ,31.0,0.0,7.0,44.5,31.0,24.0,-13.5,0.821668993579877,0.7258155230596175,0.0,0.4596227846767103,0.5184226315466912,0.5,0.5184226315466912,,,total,0
2014_05_KC_SF,2014,5,2014-10-05,REG,SF,KC,22.0,17.0,4.0,43.5,5.0,1.0,-4.5,0.7082593591441662,0.6527218785216531,0.0,0.6445113008527864,0.5341778920939855,0.5,0.5341778920939855,,,total,0
2014_05_CLE_TEN,2014,5,2014-10-05,REG,TEN,CLE,28.0,29.0,-1.0,44.5,-1.0,0.0,12.5,0.6479092187205436,0.4759806081974437,1.0,0.6512514397148675,0.53479175742137,0.5,0.53479175742137,,,total,1
2014_05_SEA_WAS,2014,5,2014-10-06,REG,WAS,SEA,17.0,27.0,-7.0,45.5,-10.0,-3.0,-1.5,0.14990978218284812,0.271105010295127,0.0,0.6358517386417374,0.5333966475285578,0.5,0.5333966475285578,,,total,0
2014_06_IND_HOU,2014,6,2014-10-09,REG,HOU,IND,28.0,33.0,-2.5,46.0,-5.0,-2.5,15.0,0.36284805404524545,0.45801526717557256,1.0,0.5557572232285217,0.5264606873285823,0.5,0.5264606873285823,,,total,1
2014_06_WAS_ARI,2014,6,2014-10-12,REG,ARI,WAS,30.0,20.0,5.0,47.0,10.0,5.0,3.0,0.8449325982280523,0.6800775569558896,1.0,0.543749558916236,0.5254506447931168,0.5,0.5254506447931168,,,total,1
2014_06_CHI_ATL,2014,6,2014-10-12,REG,ATL,CHI,13.0,27.0,3.5,55.5,-14.0,-17.5,-15.5,0.5263149369579024,0.6397067958752639,0.0,0.3753035147429309,0.5111711278334805,0.5,0.5111711278334805,,,total,0
2014_06_NE_BUF,2014,6,2014-10-12,REG,BUF,NE,22.0,37.0,1.0,44.0,-15.0,-16.0,15.0,0.3642594929271979,0.5262215623771888,1.0,0.7035127852705938,0.5397645274364243,0.5,0.5397645274364243,,,total,1
2014_06_CAR_CIN,2014,6,2014-10-12,REG,CIN,CAR,37.0,37.0,7.0,43.5,0.0,-7.0,30.5,0.6236746010769196,0.7437774524158125,1.0,0.30103844551876474,0.5042247544289734,0.5,0.5042247544289734,,,total,1
2014_06_PIT_CLE,2014,6,2014-10-12,REG,CLE,PIT,31.0,10.0,2.5,46.5,21.0,18.5,-5.5,0.349529801627145,0.537852568752202,0.0,0.38660212656322895,0.5121708221919071,0.5,0.5121708221919071,,,total,0
2014_06_GB_MIA,2014,6,2014-10-12,REG,MIA,GB,24.0,27.0,-1.5,46.5,-3.0,-1.5,4.5,0.453815032259685,0.478202846975089,1.0,0.5315812689596924,0.5244312307020572,0.5,0.5244312307020572,,,total,1
2014_06_DET_MIN,2014,6,2014-10-12,REG,MIN,DET,3.0,17.0,1.0,43.0,-14.0,-15.0,-23.0,0.5302282148671246,0.5172913928296243,0.0,0.5428600052237836,0.525375995012703,0.5,0.525375995012703,,,total,0
2014_06_DEN_NYJ,2014,6,2014-10-12,REG,NYJ,DEN,17.0,31.0,-10.0,47.0,-14.0,-4.0,1.0,0.22642745274622902,0.21170914420649786,1.0,0.5839129562107621,0.5288519490440469,0.5,0.5288519490440469,,,total,1
2014_06_SD_OAK,2014,6,2014-10-12,REG,OAK,SD,28.0,31.0,-7.0,43.5,-3.0,4.0,15.5,0.15942764810460197,0.2458375237456699,1.0,0.7192151764227629,0.5413508335028518,0.5,0.5413508335028518,,,total,1
2014_06_NYG_PHI,2014,6,2014-10-12,REG,PHI,NYG,27.0,0.0,1.0,50.5,27.0,26.0,-23.5,0.6393054628512119,0.5262215623771888,0.0,0.35644560421812577,0.5094747486676899,0.5,0.5094747486676899,,,total,0
2014_06_DAL_SEA,2014,6,2014-10-12,REG,SEA,DAL,23.0,30.0,10.0,47.0,-7.0,-17.0,6.0,0.7616547379744847,0.7987191216834401,1.0,0.37581906951927196,0.511216998612599,0.5,0.511216998612599,,,total,1
2014_06_BAL_TB,2014,6,2014-10-12,REG,TB,BAL,17.0,48.0,-3.5,44.0,-31.0,-27.5,21.0,0.3374381905140578,0.37665039500700276,1.0,0.41449284659144253,0.5145947802385463,0.5,0.5145947802385463,,,total,1
2014_06_JAX_TEN,2014,6,2014-10-12,REG,TEN,JAX,16.0,14.0,4.0,42.5,2.0,-2.0,-12.5,0.7641055991203447,0.658869395711501,0.0,0.6414231756959705,0.5338983596179657,0.5,0.5338983596179657,,,total,0
2014_06_SF_STL,2014,6,2014-10-13,REG,STL,SF,17.0,31.0,-3.5,44.0,-14.0,-10.5,4.0,0.31336589203320897,0.36284835962304085,1.0,0.6444003228986047,0.5341678281962908,0.5,0.5341678281962908,,,total,1
2014_07_NYJ_NE,2014,7,2014-10-16,REG,NE,NYJ,27.0,25.0,9.5,44.5,2.0,-7.5,7.5,0.8563378251582461,0.8133748055987559,1.0,0.4986452762946005,0.5216832761707642,0.5,0.5216832761707642,,,total,1
2014_07_ATL_BAL,2014,7,2014-10-19,REG,BAL,ATL,29.0,7.0,7.0,49.5,22.0,15.0,-13.5,0.7883194629900274,0.7319034852546917,0.0,0.5013239999966289,0.5219065370314587,0.5,0.5219065370314587,,,total,0
2014_07_MIN_BUF,2014,7,2014-10-19,REG,BUF,MIN,17.0,16.0,7.0,43.5,1.0,-6.0,-10.5,0.5985295620460044,0.7319034852546917,0.0,0.43943367345257445,0.5167212577546594,0.5,0.5167212577546594,,,total,0
2014_07_MIA_CHI,2014,7,2014-10-19,REG,CHI,MIA,14.0,27.0,3.0,47.5,-13.0,-16.0,-6.5,0.6534148694218325,0.6186511705872493,0.0,0.309526184655789,0.5050601942886727,0.5,0.5050601942886727,,,total,0
2014_07_NYG_DAL,2014,7,2014-10-19,REG,DAL,NYG,31.0,21.0,5.0,47.0,10.0,5.0,5.0,0.7220570094230718,0.6800775569558896,1.0,0.49166613403951254,0.5211014895600135,0.5,0.5211014895600135,,,total,1
2014_07_SF_DEN,2014,7,2014-10-19,REG,DEN,SF,42.0,17.0,7.0,48.0,25.0,18.0,11.0,0.6074407491490521,0.7319034852546917,1.0,0.36358282345528997,0.5101211951100669,0.5,0.5101211951100669,,,total,1
2014_07_NO_DET,2014,7,2014-10-19,REG,DET,NO,24.0,23.0,1.5,45.5,1.0,-0.5,1.5,0.5582291769705899,0.5305667495498585,1.0,0.5738042095923223,0.5279890545806091,0.5,0.5279890545806091,,,total,1
2014_07_CAR_GB,2014,7,2014-10-19,REG,GB,CAR,38.0,17.0,6.5,48.5,21.0,14.5,6.5,0.5907834155061735,0.7194329592439458,1.0,0.18568745248372787,0.4909502725118678,0.5,0.4909502725118678,,,total,1
2014_07_CIN_IND,2014,7,2014-10-19,REG,IND,CIN,27.0,0.0,3.0,50.5,27.0,24.0,-23.5,0.5752868574364308,0.6261005910022917,0.0,0.4154971977626716,0.5146810702551436,0.5,0.5146810702551436,,,total,0
2014_07_CLE_JAX,2014,7,2014-10-19,REG,JAX,CLE,24.0,6.0,-4.0,44.5,18.0,22.0,-14.5,0.347914668024677,0.34727812147834686,0.0,0.5195942228415311,0.523429881331195,0.5,0.523429881331195,,,total,0
2014_07_ARI_OAK,2014,7,2014-10-19,REG,OAK,ARI,13.0,24.0,-3.5,46.0,-11.0,-7.5,-9.0,0.19085765272419897,0.36674816625916873,0.0,0.6863766844271064,0.5380869664295557,0.5,0.5380869664295557,,,total,0
2014_07_KC_SD,2014,7,2014-10-19,REG,SD,KC,20.0,23.0,3.0,46.0,-3.0,-6.0,-3.0,0.7236052682280201,0.5916792592354435,0.0,0.5248730040321054,0.5238705723194674,0.5,0.5238705723194674,,,total,0
2014_07_SEA_STL,2014,7,2014-10-19,REG,STL,SEA,28.0,26.0,-7.0,43.5,2.0,9.0,10.5,0.25278955125107594,0.26462805057336075,1.0,0.46211965637229174,0.5186321286160636,0.5,0.5186321286160636,,,total,1
2014_07_TEN_WAS,2014,7,2014-10-19,REG,WAS,TEN,19.0,17.0,6.0,46.0,2.0,-4.0,-10.0,0.45719423720488955,0.6949182345700721,0.0,0.4035135090780912,0.5136472615381723,0.5,0.5136472615381723,,,total,0
2014_07_HOU_PIT,2014,7,2014-10-20,REG,PIT,HOU,30.0,23.0,3.0,44.5,7.0,4.0,8.5,0.7127600384575513,0.6033428208078484,1.0,0.5397559414065766,0.5251156750471402,0.5,0.5251156750471402,,,total,1
2014_08_SD_DEN,2014,8,2014-10-23,REG,DEN,SD,35.0,21.0,9.0,51.0,14.0,5.0,5.0,0.6969706124396341,0.7868112762346318,1.0,0.5139093205225097,0.5229556506824152,0.5,0.5229556506824152,,,total,1
2014_08_PHI_ARI,2014,8,2014-10-26,REG,ARI,PHI,24.0,20.0,1.0,49.0,4.0,3.0,-5.0,0.6033431093294942,0.5,0.0,0.5314303119449253,0.5244186050707518,0.5,0.5244186050707518,,,total,0
2014_08_DET_ATL,2014,8,2014-10-26,REG,ATL,DET,21.0,22.0,-3.5,45.0,-1.0,2.5,-2.0,0.31442283502443213,0.3856591915440651,0.0,0.5711825744365895,0.527766130236925,0.5,0.527766130236925,,,total,0
2014_08_SEA_CAR,2014,8,2014-10-26,REG,CAR,SEA,9.0,13.0,-6.0,44.5,-4.0,2.0,-22.5,0.394400129768804,0.3108997805413313,0.0,0.5251865907625252,0.5238967640944615,0.5,0.5238967640944615,,,total,0
2014_08_BAL_CIN,2014,8,2014-10-26,REG,CIN,BAL,27.0,24.0,-2.5,44.5,3.0,5.5,6.5,0.517213915044424,0.413907284768212,1.0,0.6440874314290004,0.5341394614465681,0.5,0.5341394614465681,,,total,1
2014_08_OAK_CLE,2014,8,2014-10-26,REG,CLE,OAK,23.0,13.0,6.5,44.5,10.0,3.5,-8.5,0.7230277236849373,0.7121294639383801,0.0,0.3947889551315677,0.5128883386501052,0.5,0.5128883386501052,,,total,0
2014_08_MIA_JAX,2014,8,2014-10-26,REG,JAX,MIA,13.0,27.0,-7.0,42.0,-14.0,-7.0,-2.0,0.3218591656892139,0.2562225475841874,0.0,0.5145846843421225,0.5230119731379036,0.5,0.5230119731379036,,,total,0
2014_08_STL_KC,2014,8,2014-10-26,REG,KC,STL,34.0,7.0,7.5,44.5,27.0,19.5,-3.5,0.7002422758196594,0.7516485398646913,0.0,0.30877040562334324,0.5049863275199071,0.5,0.5049863275199071,,,total,0
2014_08_CHI_NE,2014,8,2014-10-26,REG,NE,CHI,51.0,23.0,5.5,51.0,28.0,22.5,23.0,0.7899587043302546,0.6757296083811425,1.0,0.2847970736478445,0.5025874838566089,0.5,0.5025874838566089,,,total,1
2014_08_GB_NO,2014,8,2014-10-26,REG,NO,GB,44.0,23.0,2.0,55.0,21.0,19.0,12.0,0.5073550178897898,0.5399277029247453,1.0,0.8055323043001972,0.5512987785541008,0.5,0.5512987785541008,,,total,1
2014_08_BUF_NYJ,2014,8,2014-10-26,REG,NYJ,BUF,23.0,43.0,3.0,40.0,-20.0,-23.0,26.0,0.47434940099678224,0.5775497887748944,1.0,0.4808574825647861,0.5201997429125953,0.5,0.5201997429125953,,,total,1
2014_08_IND_PIT,2014,8,2014-10-26,REG,PIT,IND,51.0,34.0,-5.0,48.0,17.0,22.0,37.0,0.4479172001732267,0.3242703916188576,1.0,0.7238734178394013,0.5418315009808371,0.5,0.5418315009808371,,,total,1
2014_08_MIN_TB,2014,8,2014-10-26,REG,TB,MIN,13.0,19.0,1.0,43.0,-6.0,-7.0,-11.0,0.488143874872738,0.521797153024911,0.0,0.48610243717262297,0.5206374714040062,0.5,0.5206374714040062,,,total,0
2014_08_HOU_TEN,2014,8,2014-10-26,REG,TEN,HOU,16.0,30.0,-3.5,43.0,-14.0,-10.5,3.0,0.6037267533147911,0.37253858435337944,1.0,0.5486323010225549,0.5258608058157865,0.5,0.5258608058157865,,,total,1
2014_08_WAS_DAL,2014,8,2014-10-27,REG,DAL,WAS,17.0,20.0,9.5,49.0,-3.0,-12.5,-12.0,0.8625243981976817,0.7918875407389956,0.0,0.43161024528751407,0.5160576181556386,0.5,0.5160576181556386,,,total,0
2014_09_NO_CAR,2014,9,2014-10-30,REG,CAR,NO,10.0,28.0,-3.0,48.5,-18.0,-15.0,-10.5,0.5061357019519166,0.3966571791921516,0.0,0.3304623527728813,0.5070690278158404,0.5,0.5070690278158404,,,total,0
2014_09_JAX_CIN,2014,9,2014-11-02,REG,CIN,JAX,33.0,23.0,10.0,44.0,10.0,0.0,12.0,0.8738991913498649,0.8019661928000565,1.0,0.570855268110483,0.5277383218760089,0.5,0.5277383218760089,,,total,1
2014_09_TB_CLE,2014,9,2014-11-02,REG,CLE,TB,22.0,17.0,7.0,44.0,5.0,-2.0,-5.0,0.6449494126885511,0.7437774524158125,0.0,0.22212109919516693,0.4956450838324867,0.5,0.4956450838324867,,,total,0
2014_09_PHI_HOU,2014,9,2014-11-02,REG,HOU,PHI,21.0,31.0,-1.5,48.5,-10.0,-8.5,3.5,0.37664372332060164,0.48044542229805576,1.0,0.5556550641042076,0.5264520735509126,0.5,0.5264520735509126,,,total,1
2014_09_NYJ_KC,2014,9,2014-11-02,REG,KC,NYJ,24.0,10.0,9.5,41.5,14.0,4.5,-7.5,0.8189634568907224,0.7953615279672579,0.0,0.3764370240392032,0.5112719470481281,0.5,0.5112719470481281,,,total,0
2014_09_SD_MIA,2014,9,2014-11-02,REG,MIA,SD,37.0,0.0,3.0,45.5,37.0,34.0,-8.5,0.4444902514016871,0.5757997218358832,0.0,0.5671777136173815,0.5274262161430616,0.5,0.5274262161430616,,,total,0
2014_09_WAS_MIN,2014,9,2014-11-02,REG,MIN,WAS,29.0,26.0,-1.0,43.5,3.0,4.0,11.5,0.678278721870664,0.4837531945965681,1.0,0.4518924032899454,0.5177728552852584,0.5,0.5177728552852584,,,total,1
2014_09_DEN_NE,2014,9,2014-11-02,REG,NE,DEN,43.0,21.0,-3.0,52.5,22.0,25.0,11.5,0.4924879351416577,0.4116032928263426,1.0,0.6533462785727032,0.5349836370732994,0.5,0.5349836370732994,,,total,1
2014_09_BAL_PIT,2014,9,2014-11-02,REG,PIT,BAL,43.0,23.0,2.5,47.5,20.0,17.5,18.5,0.5279001104292714,0.5480494766888677,1.0,0.5857639760157743,0.5290105667754758,0.5,0.5290105667754758,,,total,1
2014_09_OAK_SEA,2014,9,2014-11-02,REG,SEA,OAK,30.0,24.0,13.5,43.5,6.0,-7.5,10.5,0.9353832276053496,0.8677248677248677,1.0,0.5090220396174548,0.5225481685094379,0.5,0.5225481685094379,,,total,1
2014_09_STL_SF,2014,9,2014-11-02,REG,SF,STL,10.0,13.0,10.5,44.0,-3.0,-13.5,-21.0,0.8121015013242749,0.8212157330154947,0.0,0.561302063654649,0.5269288059720851,0.5,0.5269288059720851,,,total,0
2014_09_IND_NYG,2014,9,2014-11-03,REG,NYG,IND,24.0,40.0,-3.0,51.0,-16.0,-13.0,13.0,0.43820475401585207,0.4155887507302011,1.0,0.4706788097994742,0.5193490804566371,0.5,0.5193490804566371,,,total,1
2014_10_CLE_CIN,2014,10,2014-11-06,REG,CIN,CLE,3.0,24.0,6.5,45.5,-21.0,-27.5,-18.5,0.7774107378641448,0.6969696969696969,0.0,0.31101579330226314,0.5052054914073839,0.5,0.5052054914073839,,,total,0
2014_10_STL_ARI,2014,10,2014-11-09,REG,ARI,STL,31.0,14.0,7.0,43.0,17.0,10.0,2.0,0.7933030271386049,0.7319034852546917,1.0,0.47769567434726984,0.5199356886801392,0.5,0.5199356886801392,,,total,1
2014_10_TEN_BAL,2014,10,2014-11-09,REG,BAL,TEN,21.0,7.0,10.5,44.5,14.0,3.5,-16.5,0.7949615198591385,0.8133748055987559,0.0,0.5117664281871996,0.5227769658183189,0.5,0.5227769658183189,,,total,0
2014_10_KC_BUF,2014,10,2014-11-09,REG,BUF,KC,13.0,17.0,2.0,42.0,-4.0,-6.0,-12.0,0.45576425402556586,0.5480494766888677,0.0,0.549855581719166,0.5259636787529813,0.5,0.5259636787529813,,,total,0
2014_10_MIA_DET,2014,10,2014-11-09,REG,DET,MIA,20.0,16.0,3.0,43.0,4.0,1.0,-7.0,0.570833733452243,0.5775497887748944,0.0,0.5461000377425497,0.5256480013671001,0.5,0.5256480013671001,,,total,0
2014_10_CHI_GB,2014,10,2014-11-09,REG,GB,CHI,55.0,14.0,9.5,53.0,41.0,31.5,16.0,0.7095285207513623,0.7729422894985808,1.0,0.49962061962182414,0.5217645682026338,0.5,0.5217645682026338,,,total,1
2014_10_DAL_JAX,2014,10,2014-11-09,REG,JAX,DAL,17.0,31.0,-7.5,45.0,-14.0,-6.5,3.0,0.16959189052180712,0.250919064013538,1.0,0.43279581954920116,0.516158368550467,0.5,0.516158368550467,,,total,1
2014_10_SF_NO,2014,10,2014-11-09,REG,NO,SF,24.0,27.0,6.0,49.5,-3.0,-9.0,1.5,0.5659457540534483,0.6958254667505769,1.0,0.40273808878755935,0.5135800348962246,0.5,0.5135800348962246,,,total,1
2014_10_PIT_NYJ,2014,10,2014-11-09,REG,NYJ,PIT,20.0,13.0,-4.5,47.0,7.0,11.5,-14.0,0.26739333669239446,0.3366422097539922,0.0,0.30122758899102187,0.5042435154707682,0.5,0.5042435154707682,,,total,0
2014_10_DEN_OAK,2014,10,2014-11-09,REG,OAK,DEN,17.0,41.0,-13.0,50.5,-24.0,-11.0,7.5,0.10566123795951524,0.15397249024840895,1.0,0.5879922450480969,0.5292017799351575,0.5,0.5292017799351575,,,total,1
2014_10_NYG_SEA,2014,10,2014-11-09,REG,SEA,NYG,38.0,17.0,9.0,44.5,21.0,12.0,10.5,0.8304976369384154,0.7987191216834401,1.0,0.5885692465230071,0.5292513425681319,0.5,0.5292513425681319,,,total,1
2014_10_ATL_TB,2014,10,2014-11-09,REG,TB,ATL,17.0,27.0,-3.5,47.0,-10.0,-6.5,-3.0,0.49544911461131025,0.3856591915440651,0.0,0.3815414503420368,0.5117244754102864,0.5,0.5117244754102864,,,total,0
2014_10_CAR_PHI,2014,10,2014-11-10,REG,PHI,CAR,45.0,21.0,7.0,48.5,24.0,17.0,17.5,0.7059244920375829,0.7516485398646913,1.0,0.27470540606056626,0.5015418337787716,0.5,0.5015418337787716,,,total,1
2014_11_BUF_MIA,2014,11,2014-11-13,REG,MIA,BUF,22.0,9.0,4.0,40.5,13.0,9.0,-9.5,0.6597900490079307,0.6451127819548872,0.0,0.31339389609188084,0.5054366626892303,0.5,0.5054366626892303,,,total,0
2014_11_DET_ARI,2014,11,2014-11-16,REG,ARI,DET,14.0,6.0,-1.0,41.5,8.0,9.0,-21.5,0.7033297316938931,0.478202846975089,0.0,0.47528339340774817,0.5197341234408547,0.5,0.5197341234408547,,,total,0
2014_11_ATL_CAR,2014,11,2014-11-16,REG,CAR,ATL,17.0,19.0,-2.5,46.5,-2.0,0.5,-10.5,0.6469341136941495,0.4320786780923455,0.0,0.39181203034915046,0.5126280602725846,0.5,0.5126280602725846,,,total,0
2014_11_MIN_CHI,2014,11,2014-11-16,REG,CHI,MIN,21.0,13.0,2.5,46.5,8.0,5.5,-12.5,0.5465191974361285,0.5480494766888677,0.0,0.3787816686063458,0.5114801069276201,0.5,0.5114801069276201,,,total,0
2014_11_HOU_CLE,2014,11,2014-11-16,REG,CLE,HOU,7.0,23.0,4.5,42.0,-16.0,-20.5,-12.0,0.6553915518671694,0.664461906242295,0.0,0.2868835785473505,0.5028008566597479,0.5,0.5028008566597479,,,total,0
2014_11_PHI_GB,2014,11,2014-11-16,REG,GB,PHI,53.0,20.0,4.5,55.5,33.0,28.5,17.5,0.543315777939849,0.6511627906976745,1.0,0.6521871557823437,0.5348774002117904,0.5,0.5348774002117904,,,total,1
2014_11_NE_IND,2014,11,2014-11-16,REG,IND,NE,20.0,42.0,3.0,58.0,-22.0,-25.0,4.0,0.44922243933543626,0.6002460024600246,1.0,0.48241280082732574,0.5203295808356506,0.5,0.5203295808356506,,,total,1
2014_11_SEA_KC,2014,11,2014-11-16,REG,KC,SEA,24.0,20.0,-1.0,43.5,4.0,5.0,0.5,0.4402917545584182,0.478202846975089,1.0,0.5081980255745607,0.5224794787954039,0.5,0.5224794787954039,,,total,1
2014_11_CIN_NO,2014,11,2014-11-16,REG,NO,CIN,10.0,27.0,8.5,51.0,-17.0,-25.5,-14.0,0.6626828627422874,0.7729422894985808,0.0,0.2892603707986567,0.503042787248093,0.5,0.503042787248093,,,total,0
2014_11_SF_NYG,2014,11,2014-11-16,REG,NYG,SF,10.0,16.0,-4.0,45.0,-6.0,-2.0,-19.0,0.3277753120660788,0.360293204124736,0.0,0.5741894139422925,0.5280218379724518,0.5,0.5280218379724518,,,total,0
2014_11_OAK_SD,2014,11,2014-11-16,REG,SD,OAK,13.0,6.0,10.5,45.5,7.0,-3.5,-26.5,0.8865313380876306,0.8133748055987559,0.0,0.2990230155434743,0.5040244252090109,0.5,0.5040244252090109,,,total,0
2014_11_DEN_STL,2014,11,2014-11-16,REG,STL,DEN,22.0,7.0,-8.0,49.5,15.0,23.0,-20.5,0.25175050337017807,0.23815755037948177,0.0,0.6691132444808502,0.5364457371736746,0.5,0.5364457371736746,,,total,0
2014_11_TB_WAS,2014,11,2014-11-16,REG,WAS,TB,7.0,27.0,6.5,45.5,-20.0,-26.5,-11.5,0.6518801271818707,0.7319034852546917,0.0,0.5030232824013755,0.5220481633369105,0.5,0.5220481633369105,,,total,0
2014_11_PIT_TEN,2014,11,2014-11-17,REG,TEN,PIT,24.0,27.0,-7.0,46.5,-3.0,4.0,4.5,0.32910201767129177,0.26311037738282556,1.0,0.46383479119270526,0.5187759382007479,0.5,0.5187759382007479,,,total,1
2014_12_KC_OAK,2014,12,2014-11-20,REG,OAK,KC,24.0,20.0,-7.5,42.0,4.0,11.5,2.0,0.15151332060684153,0.250919064013538,1.0,0.478894353105137,0.5200358124900685,0.5,0.5200358124900685,,,total,1
2014_12_CLE_ATL,2014,12,2014-11-23,REG,ATL,CLE,24.0,26.0,3.0,48.5,-2.0,-5.0,1.5,0.5919363057438984,0.5775497887748944,1.0,0.5567809349547655,0.5265470251023837,0.5,0.5265470251023837,,,total,1
2014_12_TB_CHI,2014,12,2014-11-23,REG,CHI,TB,21.0,13.0,4.0,47.0,8.0,4.0,-13.0,0.7101728030160318,0.6527218785216531,0.0,0.4640215714869916,0.5187915946615284,0.5,0.5187915946615284,,,total,0
2014_12_MIA_DEN,2014,12,2014-11-23,REG,DEN,MIA,39.0,36.0,6.5,47.5,3.0,-3.5,27.5,0.7070378076109954,0.722662440570523,1.0,0.5012526301201882,0.5219005887267572,0.5,0.5219005887267572,,,total,1
2014_12_CIN_HOU,2014,12,2014-11-23,REG,HOU,CIN,13.0,22.0,3.0,44.5,-9.0,-12.0,-9.5,0.41643292980100677,0.5844112492697988,0.0,0.3488101080939579,0.508776702320368,0.5,0.508776702320368,,,total,0
2014_12_JAX_IND,2014,12,2014-11-23,REG,IND,JAX,23.0,3.0,13.0,49.0,20.0,7.0,-23.0,0.8844547447087137,0.8540944738281961,0.0,0.4610346122009065,0.5185411102797614,0.5,0.5185411102797614,,,total,0
2014_12_GB_MIN,2014,12,2014-11-23,REG,MIN,GB,21.0,24.0,-7.5,50.0,-3.0,4.5,-5.0,0.3408824775517692,0.2458375237456699,0.0,0.49336251157936534,0.521242922474139,0.5,0.521242922474139,,,total,0
2014_12_DET_NE,2014,12,2014-11-23,REG,NE,DET,34.0,9.0,7.5,47.5,25.0,17.5,-4.5,0.7913989739678865,0.7382366085679627,0.0,0.4551888695069576,0.5180501669427052,0.5,0.5180501669427052,,,total,0
2014_12_DAL_NYG,2014,12,2014-11-23,REG,NYG,DAL,28.0,31.0,-4.0,48.5,-3.0,1.0,10.5,0.38791240388068,0.34727812147834686,1.0,0.6311799875982796,0.5329784287907707,0.5,0.5329784287907707,,,total,1
2014_12_TEN_PHI,2014,12,2014-11-23,REG,PHI,TEN,43.0,24.0,11.0,49.0,19.0,8.0,18.0,0.824700908970578,0.8367537313432836,1.0,0.36751280477005627,0.5104747980781479,0.5,0.5104747980781479,,,total,1
2014_12_STL_SD,2014,12,2014-11-23,REG,SD,STL,27.0,24.0,4.0,43.5,3.0,-1.0,7.5,0.6691354488297009,0.6451127819548872,1.0,0.31893033129796966,0.5059711884490865,0.5,0.5059711884490865,,,total,1
2014_12_ARI_SEA,2014,12,2014-11-23,REG,SEA,ARI,19.0,3.0,7.5,42.0,16.0,8.5,-20.0,0.5844955913061066,0.7641509433962264,0.0,0.41317892834107994,0.5144817997221788,0.5,0.5144817997221788,,,total,0
2014_12_WAS_SF,2014,12,2014-11-23,REG,SF,WAS,17.0,13.0,9.0,44.0,4.0,-5.0,-14.0,0.8903276679405822,0.7882908557935022,0.0,0.6064411985686051,0.5307973307156654,0.5,0.5307973307156654,,,total,0
2014_12_NYJ_BUF,2014,12,2014-11-24,REG,BUF,NYJ,38.0,3.0,2.5,42.0,35.0,32.5,-1.0,0.6052812482340174,0.5740354444580784,0.0,0.4657085521597402,0.5189329627666396,0.5,0.5189329627666396,,,total,0
2014_12_BAL_NO,2014,12,2014-11-24,REG,NO,BAL,27.0,34.0,2.5,50.5,-7.0,-9.5,10.5,0.5442326714222168,0.5586071603727317,1.0,0.5060492176675095,0.522300366952285,0.5,0.522300366952285,,,total,1
2014_13_PHI_DAL,2014,13,2014-11-27,REG,DAL,PHI,10.0,33.0,3.0,56.5,-23.0,-26.0,-13.5,0.5725222213013894,0.6002460024600246,0.0,0.5429007106670101,0.5253794104622069,0.5,0.5253794104622069,,,total,0
2014_13_CHI_DET,2014,13,2014-11-27,REG,DET,CHI,34.0,17.0,7.5,46.0,17.0,9.5,5.0,0.6599386152079649,0.7490809359864622,1.0,0.4665453004574053,0.5190030561295929,0.5,0.5190030561295929,,,total,1
2014_13_SEA_SF,2014,13,2014-11-27,REG,SF,SEA,3.0,19.0,1.0,40.0,-16.0,-17.0,-18.0,0.508098934425231,0.5195545777019441,0.0,0.6406902423361268,0.5338321692093654,0.5,0.5338321692093654,,,total,0
2014_13_ARI_ATL,2014,13,2014-11-30,REG,ATL,ARI,29.0,18.0,-1.5,45.5,11.0,12.5,1.5,0.28344017308496433,0.47377843762281124,1.0,0.6361573261059961,0.533424081300425,0.5,0.533424081300425,,,total,1
2014_13_SD_BAL,2014,13,2014-11-30,REG,BAL,SD,33.0,34.0,6.5,45.5,-1.0,-7.5,21.5,0.6055525241480776,0.7258155230596175,1.0,0.4945518935642086,0.5213420755784389,0.5,0.5213420755784389,,,total,1
2014_13_CLE_BUF,2014,13,2014-11-30,REG,BUF,CLE,26.0,10.0,3.0,42.0,16.0,13.0,-6.0,0.6378972589343784,0.6186511705872493,0.0,0.573229124137788,0.5279401247940105,0.5,0.5279401247940105,,,total,0
2014_13_NE_GB,2014,13,2014-11-30,REG,GB,NE,26.0,21.0,3.0,57.0,5.0,2.0,-10.0,0.4194417091975439,0.6002460024600246,0.0,0.7633459511689893,0.5461267460137115,0.5,0.5461267460137115,,,total,0
2014_13_TEN_HOU,2014,13,2014-11-30,REG,HOU,TEN,45.0,21.0,7.0,43.0,24.0,17.0,23.0,0.6858143297354409,0.722662440570523,1.0,0.577346889814695,0.5282908433598815,0.5,0.5282908433598815,,,total,1
2014_13_WAS_IND,2014,13,2014-11-30,REG,IND,WAS,49.0,27.0,7.5,48.5,22.0,14.5,27.5,0.8558809238037501,0.7770903466472567,1.0,0.4507998224847786,0.5176808635165335,0.5,0.5176808635165335,,,total,1
2014_13_NYG_JAX,2014,13,2014-11-30,REG,JAX,NYG,25.0,24.0,-3.0,44.0,1.0,4.0,5.0,0.36162653635651953,0.4116032928263426,1.0,0.43195913981405587,0.5160872742971324,0.5,0.5160872742971324,,,total,1
2014_13_DEN_KC,2014,13,2014-11-30,REG,KC,DEN,16.0,29.0,1.0,49.0,-13.0,-14.0,-4.0,0.46226937478423347,0.5092984332140034,0.0,0.35045861741935463,0.5089280005290581,0.5,0.5089280005290581,,,total,0
2014_13_CAR_MIN,2014,13,2014-11-30,REG,MIN,CAR,31.0,13.0,2.5,41.5,18.0,15.5,2.5,0.5443285675394628,0.5740354444580784,1.0,0.41603525226496624,0.5147272726317055,0.5,0.5147272726317055,,,total,1
2014_13_NO_PIT,2014,13,2014-11-30,REG,PIT,NO,32.0,35.0,3.5,54.5,-3.0,-6.5,12.5,0.6254060066723639,0.6332518337408314,1.0,0.36216091046941296,0.5099928535711171,0.5,0.5099928535711171,,,total,1
2014_13_OAK_STL,2014,13,2014-11-30,REG,STL,OAK,52.0,0.0,6.5,43.0,52.0,45.5,9.0,0.8150043446929179,0.7258155230596175,1.0,0.7021987355817328,0.5396340059806807,0.5,0.5396340059806807,,,total,1
2014_13_CIN_TB,2014,13,2014-11-30,REG,TB,CIN,13.0,14.0,-6.0,43.5,-1.0,5.0,-16.5,0.2619664646487124,0.3149976492712741,0.0,0.5729290906866249,0.5279146036389831,0.5,0.5279146036389831,,,total,0
2014_13_MIA_NYJ,2014,13,2014-12-01,REG,NYJ,MIA,13.0,16.0,-6.5,41.5,-3.0,3.5,-12.5,0.31714135158385814,0.26462805057336075,0.0,0.636201365396628,0.5334280356742681,0.5,0.5334280356742681,,,total,0
2014_14_DAL_CHI,2014,14,2014-12-04,REG,CHI,DAL,28.0,41.0,-3.5,50.5,-13.0,-9.5,18.5,0.4515485652930392,0.36413926106374345,1.0,0.4569122302679471,0.5181950053804337,0.5,0.5181950053804337,,,total,1
2014_14_KC_ARI,2014,14,2014-12-07,REG,ARI,KC,17.0,14.0,-2.5,41.5,3.0,5.5,-10.5,0.6467328581832101,0.4224502112251056,0.0,0.5552723689579513,0.5264198091243542,0.5,0.5264198091243542,,,total,0
2014_14_PIT_CIN,2014,14,2014-12-07,REG,CIN,PIT,21.0,42.0,3.0,47.0,-21.0,-24.0,16.0,0.6435686727091827,0.5679213219076544,1.0,0.4834576556770531,0.5204167876188814,0.5,0.5204167876188814,,,total,1
2014_14_IND_CLE,2014,14,2014-12-07,REG,CLE,IND,24.0,25.0,-3.0,50.0,-1.0,2.0,-1.0,0.34431022897106556,0.40832074076455643,0.0,0.5467620553094632,0.5257036166022184,0.5,0.5257036166022184,,,total,0
2014_14_BUF_DEN,2014,14,2014-12-07,REG,DEN,BUF,24.0,17.0,9.0,47.0,7.0,-2.0,-6.0,0.791695561300974,0.7810858143607706,0.0,0.4311094726031628,0.5160150420351836,0.5,0.5160150420351836,,,total,0
2014_14_TB_DET,2014,14,2014-12-07,REG,DET,TB,34.0,17.0,10.5,42.0,17.0,6.5,9.0,0.8185324047711566,0.8078452160084814,1.0,0.47342542137308735,0.5195788055047839,0.5,0.5195788055047839,,,total,1
2014_14_HOU_JAX,2014,14,2014-12-07,REG,JAX,HOU,13.0,27.0,-6.5,41.5,-14.0,-7.5,-1.5,0.33946597672262485,0.28466608820081896,0.0,0.37764068953370405,0.5113788736516109,0.5,0.5113788736516109,,,total,0
2014_14_BAL_MIA,2014,14,2014-12-07,REG,MIA,BAL,13.0,28.0,3.0,45.0,-15.0,-18.0,-4.0,0.5348701861473725,0.6033428208078484,0.0,0.3654975078264662,0.5102936728448627,0.5,0.5102936728448627,,,total,0
2014_14_NYJ_MIN,2014,14,2014-12-07,REG,MIN,NYJ,30.0,24.0,4.5,40.5,6.0,1.5,13.5,0.724346148513115,0.6691291228800332,1.0,0.32271602468137983,0.5063338357678361,0.5,0.5063338357678361,,,total,1
2014_14_CAR_NO,2014,14,2014-12-07,REG,NO,CAR,10.0,41.0,8.5,50.5,-31.0,-39.5,0.5,0.7189718114374338,0.7810858143607706,1.0,0.3827194100539828,0.5118285706585068,0.5,0.5118285706585068,,,total,1
2014_14_SF_OAK,2014,14,2014-12-07,REG,OAK,SF,24.0,13.0,-8.0,40.0,11.0,19.0,-3.0,0.16202062248431454,0.2351982894669857,0.0,0.53149383200804,0.5244239176599137,0.5,0.5244239176599137,,,total,0
2014_14_SEA_PHI,2014,14,2014-12-07,REG,PHI,SEA,14.0,24.0,-1.5,48.0,-10.0,-8.5,-10.0,0.4369110388520741,0.46214743124779806,0.0,0.37111719930818493,0.5107977058692549,0.5,0.5107977058692549,,,total,0
2014_14_NE_SD,2014,14,2014-12-07,REG,SD,NE,14.0,23.0,-4.0,53.0,-9.0,-5.0,-16.0,0.3929677293817077,0.341130604288499,0.0,0.3836486580243073,0.5119106008230716,0.5,0.5119106008230716,,,total,0
2014_14_NYG_TEN,2014,14,2014-12-07,REG,TEN,NYG,7.0,36.0,-3.0,46.5,-29.0,-26.0,-3.5,0.4594093334957669,0.4259645555419216,0.0,0.3277796019316828,0.5068154283970846,0.5,0.5068154283970846,,,total,0
2014_14_STL_WAS,2014,14,2014-12-07,REG,WAS,STL,0.0,24.0,-2.5,44.5,-24.0,-21.5,-20.5,0.32454058863990703,0.44139283962726833,0.0,0.5941124209844343,0.5297285430589782,0.5,0.5297285430589782,,,total,0
2014_14_ATL_GB,2014,14,2014-12-08,REG,GB,ATL,43.0,37.0,13.5,54.5,6.0,-7.5,25.5,0.7946432979327663,0.8585307652974262,1.0,0.6762293098595676,0.5371167931964961,0.5,0.5371167931964961,,,total,1
2014_15_ARI_STL,2014,15,2014-12-11,REG,STL,ARI,6.0,12.0,6.0,40.5,-6.0,-12.0,-22.5,0.44860448559589616,0.7013921016108003,0.0,0.4833542575141665,0.5204081582978353,0.5,0.5204081582978353,,,total,0
2014_15_PIT_ATL,2014,15,2014-12-14,REG,ATL,PIT,20.0,27.0,-3.0,55.0,-7.0,-4.0,-8.0,0.40213475758064204,0.413907284768212,0.0,0.45784521655168964,0.5182733797873279,0.5,0.5182733797873279,,,total,0
2014_15_JAX_BAL,2014,15,2014-12-14,REG,BAL,JAX,20.0,12.0,14.0,44.5,8.0,-6.0,-12.5,0.911983516621894,0.8677248677248677,0.0,0.4174038956657597,0.5148447188351508,0.5,0.5148447188351508,,,total,0
2014_15_GB_BUF,2014,15,2014-12-14,REG,BUF,GB,21.0,13.0,-3.5,49.5,8.0,11.5,-15.5,0.36211247829977794,0.38277511961722493,0.0,0.649113693809774,0.5345964881569836,0.5,0.5345964881569836,,,total,0
2014_15_TB_CAR,2014,15,2014-12-14,REG,CAR,TB,19.0,17.0,3.5,41.0,2.0,-1.5,-5.0,0.7661175107797693,0.6332518337408314,0.0,0.44647678338400676,0.5173164651473249,0.5,0.5173164651473249,,,total,0
2014_15_CIN_CLE,2014,15,2014-12-14,REG,CLE,CIN,0.0,30.0,2.5,44.0,-30.0,-32.5,-14.0,0.39883421911413885,0.5679213219076544,0.0,0.457899314406423,0.518277923418834,0.5,0.518277923418834,,,total,0
2014_15_MIN_DET,2014,15,2014-12-14,REG,DET,MIN,16.0,14.0,8.0,42.5,2.0,-6.0,-12.5,0.6965882177152075,0.7590361445783131,0.0,0.6298414253086201,0.5328590003738377,0.5,0.5328590003738377,,,total,0
2014_15_HOU_IND,2014,15,2014-12-14,REG,IND,HOU,17.0,10.0,7.0,49.0,7.0,0.0,-22.0,0.7389813657478291,0.7382366085679627,0.0,0.4306456048829866,0.5159755927129467,0.5,0.5159755927129467,,,total,0
2014_15_OAK_KC,2014,15,2014-12-14,REG,KC,OAK,31.0,13.0,11.0,41.5,18.0,7.0,2.5,0.8319700466684025,0.8133748055987559,1.0,0.36822187020840275,0.5105384255661137,0.5,0.5105384255661137,,,total,1
2014_15_MIA_NE,2014,15,2014-12-14,REG,NE,MIA,41.0,13.0,9.5,49.0,28.0,18.5,5.0,0.8185123838480162,0.7882908557935022,1.0,0.49250662610000195,0.521171566536657,0.5,0.521171566536657,,,total,1
2014_15_WAS_NYG,2014,15,2014-12-14,REG,NYG,WAS,24.0,13.0,7.0,46.5,11.0,4.0,-9.5,0.7616041960820266,0.7319034852546917,0.0,0.4996058528141731,0.5217633374440687,0.5,0.5217633374440687,,,total,0
2014_15_DAL_PHI,2014,15,2014-12-14,REG,PHI,DAL,27.0,38.0,3.5,54.5,-11.0,-14.5,10.5,0.6263389302433585,0.5996661308272535,1.0,0.45151482226339634,0.5177410687810655,0.5,0.5177410687810655,,,total,1
2014_15_DEN_SD,2014,15,2014-12-14,REG,SD,DEN,10.0,22.0,-4.0,49.0,-12.0,-8.0,-17.0,0.39956508995861284,0.360293204124736,0.0,0.38506454506329396,0.5120354443224197,0.5,0.5120354443224197,,,total,0
2014_15_SF_SEA,2014,15,2014-12-14,REG,SEA,SF,17.0,7.0,10.0,38.0,10.0,0.0,-14.0,0.7903205944324845,0.7918875407389956,0.0,0.38830121845349014,0.5123201870924948,0.5,0.5123201870924948,,,total,0
2014_15_NYJ_TEN,2014,15,2014-12-14,REG,TEN,NYJ,11.0,16.0,-3.5,42.0,-5.0,-1.5,-15.0,0.525698053606336,0.36543916587871506,0.0,0.5397728571605296,0.5251170929918152,0.5,0.5251170929918152,,,total,0
2014_15_NO_CHI,2014,15,2014-12-15,REG,CHI,NO,15.0,31.0,-3.0,53.5,-16.0,-13.0,-7.5,0.49771223925663893,0.37665039500700276,0.0,0.30206837263977754,0.504326831272674,0.5,0.504326831272674,,,total,0
2014_16_TEN_JAX,2014,16,2014-12-18,REG,JAX,TEN,21.0,13.0,4.0,39.0,8.0,4.0,-5.0,0.5461890626765111,0.6463391320971134,0.0,0.4387091357271183,0.5166599121047338,0.5,0.5166599121047338,,,total,0
2014_16_SD_SF,2014,16,2014-12-20,REG,SF,SD,35.0,38.0,2.0,40.5,-3.0,-5.0,32.5,0.5948241209652537,0.5480494766888677,1.0,0.6129498337455845,0.5313661171367271,0.5,0.5313661171367271,,,total,1
2014_16_SEA_ARI,2014,16,2014-12-21,REG,ARI,SEA,6.0,35.0,-9.5,36.5,-29.0,-19.5,4.5,0.4067799454371428,0.22290965335274313,1.0,0.5755322860108257,0.5281361834296688,0.5,0.5281361834296688,,,total,1
2014_16_CLE_CAR,2014,16,2014-12-21,REG,CAR,CLE,17.0,13.0,6.0,40.0,4.0,-2.0,-10.0,0.708573748168497,0.6859695689558487,0.0,0.3921220683032758,0.5126552002900543,0.5,0.5126552002900543,,,total,0
2014_16_DET_CHI,2014,16,2014-12-21,REG,CHI,DET,14.0,20.0,-10.0,44.5,-6.0,4.0,-10.5,0.3470113165263746,0.21506283208231425,0.0,0.570953021088126,0.5277466265585481,0.5,0.5277466265585481,,,total,0
2014_16_IND_DAL,2014,16,2014-12-21,REG,DAL,IND,42.0,7.0,3.5,53.0,35.0,31.5,-4.0,0.5703444449938487,0.6247300215982722,0.0,0.6676359930924902,0.5363073384683593,0.5,0.5363073384683593,,,total,0
2014_16_BAL_HOU,2014,16,2014-12-21,REG,HOU,BAL,25.0,13.0,-6.0,42.0,12.0,18.0,-4.0,0.3547918416831858,0.309021251987856,0.0,0.704811783740398,0.5398938778767861,0.5,0.5398938778767861,,,total,0
2014_16_MIN_MIA,2014,16,2014-12-21,REG,MIA,MIN,37.0,35.0,4.5,42.0,2.0,-2.5,30.0,0.6431824017381255,0.6757296083811425,1.0,0.23158247999299944,0.49677130564798666,0.5,0.49677130564798666,,,total,1
2014_16_ATL_NO,2014,16,2014-12-21,REG,NO,ATL,14.0,30.0,6.0,56.0,-16.0,-22.0,-12.0,0.6786064417123119,0.6830503312266809,0.0,0.3656538164142409,0.5103077362665467,0.5,0.5103077362665467,,,total,0
2014_16_NE_NYJ,2014,16,2014-12-21,REG,NYJ,NE,16.0,17.0,-10.0,47.0,-1.0,9.0,-14.0,0.13120157772829624,0.20128087831655989,0.0,0.714203594123693,0.5408390172092934,0.5,0.5408390172092934,,,total,0
2014_16_BUF_OAK,2014,16,2014-12-21,REG,OAK,BUF,26.0,24.0,-7.0,42.0,2.0,9.0,8.0,0.2846591701524343,0.27418447694038245,1.0,0.35458569243413435,0.5093053467132742,0.5,0.5093053467132742,,,total,1
2014_16_KC_PIT,2014,16,2014-12-21,REG,PIT,KC,20.0,12.0,2.5,49.5,8.0,5.5,-17.5,0.6390502339606706,0.5586071603727317,0.0,0.3493016046353164,0.5088218460012863,0.5,0.5088218460012863,,,total,0
2014_16_NYG_STL,2014,16,2014-12-21,REG,STL,NYG,27.0,37.0,7.0,43.5,-10.0,-17.0,20.5,0.6427505236080666,0.7258155230596175,1.0,0.5434087343909846,0.5254220407916177,0.5,0.5254220407916177,,,total,1
2014_16_GB_TB,2014,16,2014-12-21,REG,TB,GB,3.0,20.0,-11.5,48.5,-17.0,-5.5,-25.5,0.20440911054206004,0.15746333045729077,0.0,0.5778904510108358,0.5283372048385727,0.5,0.5283372048385727,,,total,0
2014_16_DEN_CIN,2014,16,2014-12-22,REG,CIN,DEN,37.0,28.0,-3.5,47.0,9.0,12.5,18.0,0.3813935448291722,0.360293204124736,1.0,0.42577170148166893,0.5155604425832788,0.5,0.5155604425832788,,,total,1
2014_17_CAR_ATL,2014,17,2014-12-28,REG,ATL,CAR,3.0,34.0,2.5,48.0,-31.0,-33.5,-11.0,0.5520200585317881,0.5480494766888677,0.0,0.3815102381406511,0.5117217155334526,0.5,0.5117217155334526,,,total,0
2014_17_CLE_BAL,2014,17,2014-12-28,REG,BAL,CLE,20.0,10.0,14.0,40.0,10.0,-4.0,-10.0,0.8124019521809869,0.8865979381443299,0.0,0.5836486780591034,0.5288293186756514,0.5,0.5288293186756514,,,total,0
2014_17_OAK_DEN,2014,17,2014-12-28,REG,DEN,OAK,47.0,14.0,16.5,49.0,33.0,16.5,12.0,0.9121998255271683,0.9049235993208827,1.0,0.33949228427504113,0.5079150939761157,0.5,0.5079150939761157,,,total,1
2014_17_DET_GB,2014,17,2014-12-28,REG,GB,DET,30.0,20.0,9.0,46.5,10.0,1.0,3.5,0.6499299747046198,0.7810858143607706,1.0,0.5385357646007688,0.5250134140270969,0.5,0.5250134140270969,,,total,1
2014_17_JAX_HOU,2014,17,2014-12-28,REG,HOU,JAX,23.0,17.0,8.5,38.5,6.0,-2.5,1.5,0.8246061268490757,0.7810858143607706,1.0,0.5151263424881309,0.5230571478891104,0.5,0.5230571478891104,,,total,1
2014_17_SD_KC,2014,17,2014-12-28,REG,KC,SD,19.0,7.0,3.0,42.5,12.0,9.0,-16.5,0.5438307250263774,0.5883967071736573,0.0,0.44164020007633686,0.5169079448812568,0.5,0.5169079448812568,,,total,0
2014_17_NYJ_MIA,2014,17,2014-12-28,REG,MIA,NYJ,24.0,37.0,7.0,41.0,-13.0,-20.0,20.0,0.7790894815302503,0.7437774524158125,1.0,0.5563909166044056,0.5265141271761506,0.5,0.5265141271761506,,,total,1
2014_17_CHI_MIN,2014,17,2014-12-28,REG,MIN,CHI,13.0,9.0,7.0,47.0,4.0,-3.0,-25.0,0.6703591112869546,0.7319034852546917,0.0,0.2991845936923355,0.5040405141839112,0.5,0.5040405141839112,,,total,0
2014_17_BUF_NE,2014,17,2014-12-28,REG,NE,BUF,9.0,17.0,4.5,43.5,-8.0,-12.5,-17.5,0.8395740011396081,0.6691291228800332,0.0,0.6050396923585376,0.5306752823555435,0.5,0.5306752823555435,,,total,0
2014_17_PHI_NYG,2014,17,2014-12-28,REG,NYG,PHI,26.0,34.0,-1.0,51.5,-8.0,-7.0,8.5,0.5007075933783491,0.5,1.0,0.43398173666317524,0.5162590813606656,0.5,0.5162590813606656,,,total,1
2014_17_CIN_PIT,2014,17,2014-12-28,REG,PIT,CIN,27.0,17.0,3.0,48.0,10.0,7.0,-4.0,0.593940282714544,0.5860927152317882,0.0,0.4824691564429719,0.5203342848000998,0.5,0.5203342848000998,,,total,0
2014_17_STL_SEA,2014,17,2014-12-28,REG,SEA,STL,20.0,6.0,11.0,41.5,14.0,3.0,-15.5,0.888146896567274,0.8212157330154947,0.0,0.607807451293779,0.5309164524538201,0.5,0.5309164524538201,,,total,0
2014_17_ARI_SF,2014,17,2014-12-28,REG,SF,ARI,20.0,17.0,6.0,38.0,3.0,-3.0,-1.0,0.48806026553160614,0.6949182345700721,0.0,0.65609892863467,0.5352365844119426,0.5,0.5352365844119426,,,total,0
2014_17_NO_TB,2014,17,2014-12-28,REG,TB,NO,20.0,23.0,-6.0,47.0,-3.0,3.0,-4.0,0.3608165921588108,0.309021251987856,0.0,0.5238465266324847,0.5237848480475624,0.5,0.5237848480475624,,,total,0
2014_17_IND_TEN,2014,17,2014-12-28,REG,TEN,IND,10.0,27.0,-7.5,46.5,-17.0,-9.5,-9.5,0.18605793143991625,0.2562225475841874,0.0,0.5029033151918179,0.5220381646604872,0.5,0.5220381646604872,,,total,0
2014_17_DAL_WAS,2014,17,2014-12-28,REG,WAS,DAL,17.0,44.0,-6.0,47.5,-27.0,-21.0,13.5,0.18240560373418674,0.303030303030303,1.0,0.7003283546894069,0.539448786518104,0.5,0.539448786518104,,,total,1
2014_18_ARI_CAR,2014,18,2015-01-03,WC,CAR,ARI,27.0,16.0,5.5,37.5,11.0,5.5,5.5,0.5077407020958241,0.690978748012144,1.0,0.6361521892340624,0.5334236200637408,0.5,0.5334236200637408,,,total,1
2014_18_BAL_PIT,2014,18,2015-01-03,WC,PIT,BAL,17.0,30.0,3.0,47.5,-13.0,-16.0,-0.5,0.6334295922094331,0.6033428208078484,0.0,0.27819987274657465,0.5019065390670897,0.5,0.5019065390670897,,,total,0
2014_18_DET_DAL,2014,18,2015-01-04,WC,DAL,DET,24.0,20.0,6.0,47.5,4.0,-2.0,-3.5,0.6796452756135243,0.7050630837293135,0.0,0.5128834611910399,0.5228701053186626,0.5,0.5228701053186626,,,total,0
2014_18_CIN_IND,2014,18,2015-01-04,WC,IND,CIN,26.0,10.0,3.5,47.0,16.0,12.5,-11.0,0.5813042706127695,0.6527218785216531,0.0,0.5732892295846499,0.5279452379583521,0.5,0.5279452379583521,,,total,0
2014_19_BAL_NE,2014,19,2015-01-10,DIV,NE,BAL,35.0,31.0,7.0,47.5,4.0,-3.0,18.5,0.6693381368951725,0.7258155230596175,1.0,0.6092796175261209,0.531044969633811,0.5,0.531044969633811,,,total,1
2014_19_CAR_SEA,2014,19,2015-01-10,DIV,SEA,CAR,31.0,17.0,13.5,40.0,14.0,0.5,8.0,0.8247553855504709,0.8540944738281961,1.0,0.4857032039043436,0.520604163874287,0.5,0.520604163874287,,,total,1
2014_19_IND_DEN,2014,19,2015-01-11,DIV,DEN,IND,13.0,24.0,9.5,53.5,-11.0,-20.5,-16.5,0.6777589035009784,0.7953615279672579,0.0,0.4047291392717988,0.5137525681352136,0.5,0.5137525681352136,,,total,0
2014_19_DAL_GB,2014,19,2015-01-11,DIV,GB,DAL,26.0,21.0,5.5,52.5,5.0,-0.5,-5.5,0.5745010203607896,0.6800775569558896,0.0,0.6061544619248844,0.5307723485805089,0.5,0.5307723485805089,,,total,0
2014_20_GB_SEA,2014,20,2015-01-18,CON,SEA,GB,28.0,22.0,8.5,44.5,6.0,-2.5,5.5,0.7392932643096143,0.7653414965434753,1.0,0.33655956705485723,0.507641550890946,0.5,0.507641550890946,,,total,1
2014_21_NE_SEA,2014,21,2015-02-01,SB,SEA,NE,24.0,28.0,-1.0,47.0,-4.0,-3.0,5.0,0.5891376269732927,0.5,1.0,0.581871498461549,0.5286772403837311,0.5,0.5286772403837311,,,total,1
2015_01_PIT_NE,2015,1,2015-09-10,REG,NE,PIT,28.0,21.0,7.5,51.0,7.0,-0.5,-2.0,0.7454817564721042,0.7590361445783131,0.0,0.3532698692071429,0.4088433340797427,0.5,0.4088433340797427,,,total,0
2015_01_NO_ARI,2015,1,2015-09-13,REG,ARI,NO,31.0,19.0,2.0,48.5,12.0,10.0,1.5,0.6551242348927059,0.5520062329567589,1.0,0.3700583395926305,0.41679447051865165,0.5,0.41679447051865165,,,total,1
2015_01_IND_BUF,2015,1,2015-09-13,REG,BUF,IND,27.0,14.0,-1.0,44.5,13.0,14.0,-3.5,0.5000129687350542,0.49070156678599663,0.0,0.2740077017010116,0.3692387767690301,0.5,0.3692387767690301,,,total,0
2015_01_GB_CHI,2015,1,2015-09-13,REG,CHI,GB,23.0,31.0,-5.5,48.5,-8.0,-2.5,5.5,0.29447550655832894,0.303030303030303,1.0,0.29641689473991767,0.38086268298178344,0.5,0.38086268298178344,,,total,1
2015_01_NYG_DAL,2015,1,2015-09-13,REG,DAL,NYG,27.0,26.0,7.0,52.0,1.0,-6.0,1.0,0.7373081461222908,0.7333014887349733,1.0,0.5606346995075764,0.5034773522588953,0.5,0.5034773522588953,,,total,1
2015_01_BAL_DEN,2015,1,2015-09-13,REG,DEN,BAL,19.0,13.0,4.5,46.5,6.0,1.5,-14.5,0.6017589004488266,0.6712553934662009,0.0,0.35192682606119263,0.40820214903088914,0.5,0.40820214903088914,,,total,0
2015_01_KC_HOU,2015,1,2015-09-13,REG,HOU,KC,20.0,27.0,-1.0,41.0,-7.0,-6.0,6.0,0.5133142287021374,0.5,1.0,0.30358006736524673,0.3844971390563207,0.5,0.3844971390563207,,,total,1
2015_01_CAR_JAX,2015,1,2015-09-13,REG,JAX,CAR,9.0,20.0,-3.0,41.0,-11.0,-8.0,-12.0,0.28649152411368756,0.4224502112251056,0.0,0.2799387391114437,0.3723552911358719,0.5,0.3723552911358719,,,total,0
2015_01_CLE_NYJ,2015,1,2015-09-13,REG,NYJ,CLE,31.0,10.0,3.5,39.0,21.0,17.5,2.0,0.6063526090065655,0.6332518337408314,1.0,0.2627913201509392,0.3632584337296927,0.5,0.3632584337296927,,,total,1
2015_01_CIN_OAK,2015,1,2015-09-13,REG,OAK,CIN,13.0,33.0,-3.0,43.0,-20.0,-17.0,3.0,0.3366554190762968,0.413907284768212,1.0,0.5519190745863679,0.4994959694758555,0.5,0.4994959694758555,,,total,1
2015_01_DET_SD,2015,1,2015-09-13,REG,SD,DET,33.0,28.0,3.5,45.5,5.0,1.5,15.5,0.564137000803653,0.6274614156466205,1.0,0.4645566259545609,0.4600676831027317,0.5,0.4600676831027317,,,total,1
2015_01_SEA_STL,2015,1,2015-09-13,REG,STL,SEA,34.0,31.0,-3.5,41.5,3.0,6.5,23.5,0.2619000174636283,0.37665039500700276,1.0,0.39585072474717903,0.4288111408366009,0.5,0.4288111408366009,,,total,1
2015_01_TEN_TB,2015,1,2015-09-13,REG,TB,TEN,14.0,42.0,3.0,40.5,-28.0,-31.0,15.5,0.637242430321568,0.5933014354066986,1.0,0.5172577776170476,0.48378720495692873,0.5,0.48378720495692873,,,total,1
2015_01_MIA_WAS,2015,1,2015-09-13,REG,WAS,MIA,10.0,17.0,-4.0,45.5,-7.0,-3.0,-18.5,0.3949718064823366,0.34727812147834686,0.0,0.42815569783913227,0.443607030605511,0.5,0.443607030605511,,,total,0
2015_01_PHI_ATL,2015,1,2015-09-14,REG,ATL,PHI,26.0,24.0,-3.5,55.0,2.0,5.5,-5.0,0.44565438367970656,0.37665039500700276,0.0,0.34275521384652946,0.40380141746524373,0.5,0.40380141746524373,,,total,0
2015_01_MIN_SF,2015,1,2015-09-14,REG,SF,MIN,20.0,3.0,-2.5,42.5,17.0,19.5,-19.5,0.6654403643661659,0.4066985645933015,0.0,0.5254092771364157,0.48746739689301255,0.5,0.48746739689301255,,,total,0
2015_02_DEN_KC,2015,2,2015-09-17,REG,KC,DEN,24.0,31.0,3.0,42.0,-7.0,-10.0,13.0,0.4993453535634731,0.6033428208078484,1.0,0.5678588176607456,0.5067899511971063,0.5,0.5067899511971063,,,total,1
2015_02_NE_BUF,2015,2,2015-09-20,REG,BUF,NE,32.0,40.0,2.0,45.0,-8.0,-10.0,27.0,0.37699035134657394,0.5399277029247453,1.0,0.5474721096171219,0.4974703094179103,0.5,0.4974703094179103,,,total,1
2015_02_ARI_CHI,2015,2,2015-09-20,REG,CHI,ARI,23.0,48.0,-2.0,45.5,-25.0,-23.0,25.5,0.34830043225179036,0.46943325045014145,1.0,0.5370464154667801,0.49273462539906804,0.5,0.49273462539906804,,,total,1
2015_02_SD_CIN,2015,2,2015-09-20,REG,CIN,SD,24.0,19.0,3.5,47.5,5.0,1.5,-4.5,0.6004536906882083,0.6186511705872493,0.0,0.4276198017615057,0.44336335152479234,0.5,0.44336335152479234,,,total,0
2015_02_TEN_CLE,2015,2,2015-09-20,REG,CLE,TEN,28.0,14.0,1.0,41.0,14.0,13.0,1.0,0.6102235655958683,0.5172913928296243,1.0,0.5814895619536143,0.5130757706081148,0.5,0.5130757706081148,,,total,1
2015_02_SEA_GB,2015,2,2015-09-20,REG,GB,SEA,27.0,17.0,3.5,49.0,10.0,6.5,-5.0,0.49357722290688344,0.6332518337408314,0.0,0.4911258723733701,0.47202133048238165,0.5,0.47202133048238165,,,total,0
2015_02_MIA_JAX,2015,2,2015-09-20,REG,JAX,MIA,23.0,20.0,-5.0,42.5,3.0,8.0,0.5,0.327538118937713,0.3199224430441105,1.0,0.3923379031826558,0.4271867702851445,0.5,0.4271867702851445,,,total,1
2015_02_DET_MIN,2015,2,2015-09-20,REG,MIN,DET,26.0,16.0,2.5,44.0,10.0,7.5,-2.0,0.4835731239359983,0.5740354444580784,0.0,0.5555435529343916,0.5011497746326251,0.5,0.5011497746326251,,,total,0
2015_02_TB_NO,2015,2,2015-09-20,REG,NO,TB,19.0,26.0,9.5,47.0,-7.0,-16.5,-2.0,0.7733261931078284,0.7849371679176859,0.0,0.5201820506199066,0.4851066781324133,0.5,0.4851066781324133,,,total,0
2015_02_ATL_NYG,2015,2,2015-09-20,REG,NYG,ATL,20.0,24.0,2.0,49.5,-4.0,-6.0,-5.5,0.5830633507488774,0.537852568752202,0.0,0.27929816403187346,0.37202015096542645,0.5,0.37202015096542645,,,total,0
2015_02_BAL_OAK,2015,2,2015-09-20,REG,OAK,BAL,37.0,33.0,-6.0,42.0,4.0,10.0,28.0,0.27077750782255944,0.299482251023654,1.0,0.5810859728228815,0.5128889294034366,0.5,0.5128889294034366,,,total,1
2015_02_DAL_PHI,2015,2,2015-09-20,REG,PHI,DAL,10.0,20.0,7.0,53.0,-10.0,-17.0,-23.0,0.4839616271264296,0.722662440570523,0.0,0.7109468189250783,0.5768581393826403,0.5,0.5768581393826403,,,total,0
2015_02_SF_PIT,2015,2,2015-09-20,REG,PIT,SF,43.0,18.0,6.0,46.0,25.0,19.0,15.0,0.5760750930035147,0.6949182345700721,1.0,0.386719240784441,0.424581115858854,0.5,0.424581115858854,,,total,1
2015_02_STL_WAS,2015,2,2015-09-20,REG,WAS,STL,24.0,10.0,-3.0,41.0,14.0,17.0,-7.0,0.35117296015054716,0.37665039500700276,0.0,0.5567515662803526,0.5017015631106398,0.5,0.5017015631106398,,,total,0
2015_02_NYJ_IND,2015,2,2015-09-21,REG,IND,NYJ,7.0,20.0,6.0,45.5,-13.0,-19.0,-18.5,0.7304521783457285,0.6891002194586686,0.0,0.6445800825867626,0.543010813528812,0.5,0.543010813528812,,,total,0
2015_03_WAS_NYG,2015,3,2015-09-24,REG,NYG,WAS,32.0,21.0,3.0,45.0,11.0,8.0,8.0,0.6855454099805339,0.6108836002739845,1.0,0.3574919423513125,0.41085386815703057,0.5,0.41085386815703057,,,total,1
2015_03_SF_ARI,2015,3,2015-09-27,REG,ARI,SF,47.0,7.0,7.0,45.0,40.0,33.0,9.0,0.6482838095476477,0.7326042743306772,1.0,0.4165387574028699,0.4383127391608511,0.5,0.4383127391608511,,,total,1
2015_03_CIN_BAL,2015,3,2015-09-27,REG,BAL,CIN,24.0,28.0,2.5,45.5,-4.0,-6.5,6.5,0.5445331095204926,0.5660893345487694,1.0,0.323087718852849,0.39422168637595134,0.5,0.39422168637595134,,,total,1
2015_03_NO_CAR,2015,3,2015-09-27,REG,CAR,NO,27.0,22.0,10.0,43.0,5.0,-5.0,6.0,0.747684575490599,0.7810858143607706,1.0,0.5789220249762111,0.5118879215814716,0.5,0.5118879215814716,,,total,1
2015_03_OAK_CLE,2015,3,2015-09-27,REG,CLE,OAK,20.0,27.0,3.5,43.5,-7.0,-10.5,3.5,0.6190155094308472,0.6233496049929973,1.0,0.43814255600583785,0.4481396439599547,0.5,0.4481396439599547,,,total,1
2015_03_ATL_DAL,2015,3,2015-09-27,REG,DAL,ATL,28.0,39.0,1.0,43.5,-11.0,-12.0,23.5,0.7524093288960017,0.521797153024911,1.0,0.34871506766282007,0.4066655285846408,0.5,0.4066655285846408,,,total,1
2015_03_DEN_DET,2015,3,2015-09-27,REG,DET,DEN,12.0,24.0,-3.0,45.0,-12.0,-9.0,-9.0,0.3747219085753277,0.43391066545123064,0.0,0.60902194218715,0.5259445553177263,0.5,0.5259445553177263,,,total,0
2015_03_TB_HOU,2015,3,2015-09-27,REG,HOU,TB,19.0,9.0,6.0,41.0,10.0,4.0,-13.0,0.7292863522365182,0.6996383748138693,0.0,0.5950427161912745,0.5193788148396121,0.5,0.5193788148396121,,,total,0
2015_03_BUF_MIA,2015,3,2015-09-27,REG,MIA,BUF,14.0,41.0,1.0,43.5,-27.0,-28.0,11.5,0.4741433469695064,0.5046466242274987,1.0,0.6216401803303824,0.5319356035176751,0.5,0.5319356035176751,,,total,1
2015_03_SD_MIN,2015,3,2015-09-27,REG,MIN,SD,31.0,14.0,2.5,45.5,17.0,14.5,-0.5,0.509957715214567,0.537852568752202,0.0,0.2947544746566322,0.38001390987006106,0.5,0.38001390987006106,,,total,0
2015_03_JAX_NE,2015,3,2015-09-27,REG,NE,JAX,51.0,17.0,14.5,48.5,34.0,19.5,19.5,0.9274051866259237,0.9064921186214268,1.0,0.6353298503111631,0.5385140692616357,0.5,0.5385140692616357,,,total,1
2015_03_PHI_NYJ,2015,3,2015-09-27,REG,NYJ,PHI,17.0,24.0,3.0,47.0,-7.0,-10.0,-6.0,0.5466616497848097,0.6033428208078484,0.0,0.579212814588924,0.5120223594949629,0.5,0.5120223594949629,,,total,0
2015_03_CHI_SEA,2015,3,2015-09-27,REG,SEA,CHI,26.0,0.0,16.5,43.5,26.0,9.5,-17.5,0.8779352539544615,0.9064921186214268,0.0,0.45299192128591154,0.4548539247275644,0.5,0.4548539247275644,,,total,0
2015_03_PIT_STL,2015,3,2015-09-27,REG,STL,PIT,6.0,12.0,1.5,48.5,-6.0,-7.5,-30.5,0.4029002512761196,0.537852568752202,0.0,0.5274556775812977,0.48839240653926014,0.5,0.48839240653926014,,,total,0
2015_03_IND_TEN,2015,3,2015-09-27,REG,TEN,IND,33.0,35.0,-3.0,46.5,-2.0,1.0,21.5,0.31904668991863,0.3813488294127508,1.0,0.4453586954400349,0.4514057783435921,0.5,0.4514057783435921,,,total,1
2015_03_KC_GB,2015,3,2015-09-28,REG,GB,KC,38.0,28.0,4.5,47.0,10.0,5.5,19.0,0.7173372682382155,0.6757296083811425,1.0,0.5393892887967215,0.49379731965964235,0.5,0.49379731965964235,,,total,1
2015_04_BAL_PIT,2015,4,2015-10-01,REG,PIT,BAL,20.0,23.0,-3.0,44.0,-3.0,0.0,-1.0,0.6685219374957051,0.4224502112251056,0.0,0.49419181377835614,0.47340030373679903,0.5,0.47340030373679903,,,total,0
2015_04_STL_ARI,2015,4,2015-10-04,REG,ARI,STL,22.0,24.0,7.0,43.5,-2.0,-9.0,2.5,0.7776297763036685,0.722662440570523,1.0,0.6684286815541349,0.5548240746861078,0.5,0.5548240746861078,,,total,1
2015_04_HOU_ATL,2015,4,2015-10-04,REG,ATL,HOU,48.0,21.0,4.0,47.5,27.0,23.0,21.5,0.6488924686668129,0.6527218785216531,1.0,0.5261947568495171,0.4878223906613509,0.5,0.4878223906613509,,,total,1
2015_04_NYG_BUF,2015,4,2015-10-04,REG,BUF,NYG,10.0,24.0,6.0,46.5,-14.0,-20.0,-12.5,0.7249748858596609,0.690978748012144,0.0,0.5051594363652061,0.478335524372689,0.5,0.478335524372689,,,total,0
2015_04_OAK_CHI,2015,4,2015-10-04,REG,CHI,OAK,22.0,20.0,-3.0,44.5,2.0,5.0,-2.5,0.5333924844461276,0.37665039500700276,0.0,0.4794733657422345,0.4667808158175726,0.5,0.4667808158175726,,,total,0
2015_04_KC_CIN,2015,4,2015-10-04,REG,CIN,KC,36.0,21.0,3.5,45.0,15.0,11.5,12.0,0.6576401256961805,0.6233496049929973,1.0,0.3825138568039442,0.42262448843107314,0.5,0.42262448843107314,,,total,1
2015_04_MIN_DEN,2015,4,2015-10-04,REG,DEN,MIN,23.0,20.0,7.0,43.5,3.0,-4.0,-0.5,0.765797537377051,0.7234124879978217,0.0,0.44392722667620466,0.45075840577179405,0.5,0.45075840577179405,,,total,0
2015_04_JAX_IND,2015,4,2015-10-04,REG,IND,JAX,16.0,13.0,4.0,43.0,3.0,-1.0,-14.0,0.8132802157931407,0.6499689771835965,0.0,0.6802868967537938,0.5608317041584004,0.5,0.5608317041584004,,,total,0
2015_04_NYJ_MIA,2015,4,2015-10-04,REG,MIA,NYJ,14.0,27.0,-2.5,42.0,-13.0,-10.5,-1.0,0.4668603004469814,0.44139283962726833,0.0,0.4820259047071201,0.4679288504133497,0.5,0.4679288504133497,,,total,0
2015_04_DAL_NO,2015,4,2015-10-04,REG,NO,DAL,26.0,20.0,3.0,48.0,6.0,3.0,-2.0,0.355487158091882,0.5740354444580784,0.0,0.7725582720686077,0.6119435182221508,0.5,0.6119435182221508,,,total,0
2015_04_CLE_SD,2015,4,2015-10-04,REG,SD,CLE,30.0,27.0,4.5,44.5,3.0,-1.5,12.5,0.7390508485858546,0.6800775569558896,1.0,0.5409948589857367,0.4945260697466754,0.5,0.4945260697466754,,,total,1
2015_04_GB_SF,2015,4,2015-10-04,REG,SF,GB,3.0,17.0,-7.5,48.0,-14.0,-6.5,-28.0,0.35511600011705524,0.2562225475841874,0.0,0.24980145239267662,0.3561781562291745,0.5,0.3561781562291745,,,total,0
2015_04_CAR_TB,2015,4,2015-10-04,REG,TB,CAR,23.0,37.0,-3.0,40.0,-14.0,-11.0,20.0,0.2552289210047565,0.4224502112251056,1.0,0.4672365967722938,0.46127453387573086,0.5,0.46127453387573086,,,total,1
2015_04_PHI_WAS,2015,4,2015-10-04,REG,WAS,PHI,23.0,20.0,-3.0,46.0,3.0,6.0,-3.0,0.32845186342112187,0.4155887507302011,0.0,0.5132697276694641,0.4819889500207015,0.5,0.4819889500207015,,,total,0
2015_04_DET_SEA,2015,4,2015-10-05,REG,SEA,DET,13.0,10.0,10.0,43.0,3.0,-7.0,-20.0,0.8037957037659736,0.8047945205479452,0.0,0.6716254973660494,0.5564342478380103,0.5,0.5564342478380103,,,total,0
2015_05_IND_HOU,2015,5,2015-10-08,REG,HOU,IND,20.0,27.0,4.5,40.5,-7.0,-11.5,6.5,0.4611799420222605,0.6600024206947392,1.0,0.5933323513314862,0.5185801824321681,0.5,0.5185801824321681,,,total,1
2015_05_WAS_ATL,2015,5,2015-10-11,REG,ATL,WAS,25.0,19.0,7.5,48.5,6.0,-1.5,-4.5,0.7888739339918363,0.7464578672632363,0.0,0.47122829043175296,0.4630713627684222,0.5,0.4630713627684222,,,total,0
2015_05_CLE_BAL,2015,5,2015-10-11,REG,BAL,CLE,30.0,33.0,6.0,43.0,-3.0,-9.0,20.0,0.7965956047589656,0.7013921016108003,1.0,0.4981214851855554,0.4751680756833837,0.5,0.4751680756833837,,,total,1
2015_05_SEA_CIN,2015,5,2015-10-11,REG,CIN,SEA,27.0,24.0,3.0,44.5,3.0,0.0,6.5,0.48474979846479277,0.5775497887748944,1.0,0.4599518905365283,0.45799297750946333,0.5,0.45799297750946333,,,total,1
2015_05_NE_DAL,2015,5,2015-10-11,REG,DAL,NE,6.0,30.0,-8.0,51.0,-24.0,-16.0,-15.0,0.3414354654864052,0.24096385542168672,0.0,0.5574620696703553,0.5020262431627571,0.5,0.5020262431627571,,,total,0
2015_05_ARI_DET,2015,5,2015-10-11,REG,DET,ARI,17.0,42.0,-4.5,46.0,-25.0,-20.5,13.0,0.41700781893978,0.34727812147834686,1.0,0.7866281665831788,0.6206787254820209,0.5,0.6206787254820209,,,total,1
2015_05_STL_GB,2015,5,2015-10-11,REG,GB,STL,24.0,10.0,8.5,45.0,14.0,5.5,-11.0,0.8291954371356847,0.768632470217584,0.0,0.4487687306900575,0.45294697225809427,0.5,0.45294697225809427,,,total,0
2015_05_CHI_KC,2015,5,2015-10-11,REG,KC,CHI,17.0,18.0,10.0,44.0,-1.0,-11.0,-9.0,0.7504994040324239,0.7882908557935022,0.0,0.5215300813443211,0.4857152043239056,0.5,0.4857152043239056,,,total,0
2015_05_SF_NYG,2015,5,2015-10-11,REG,NYG,SF,30.0,27.0,7.5,43.5,3.0,-4.5,13.5,0.609056225233852,0.7590361445783131,1.0,0.41732331595910255,0.43867112578096285,0.5,0.43867112578096285,,,total,1
2015_05_DEN_OAK,2015,5,2015-10-11,REG,OAK,DEN,10.0,16.0,-5.0,44.5,-6.0,-1.0,-18.5,0.21798459461421438,0.3242703916188576,0.0,0.5682880131933049,0.5069871440945182,0.5,0.5069871440945182,,,total,0
2015_05_NO_PHI,2015,5,2015-10-11,REG,PHI,NO,39.0,17.0,6.5,49.5,22.0,15.5,6.5,0.6649126781233294,0.7171050163208644,1.0,0.5117856426147942,0.4813200832798283,0.5,0.4813200832798283,,,total,1
2015_05_JAX_TB,2015,5,2015-10-11,REG,TB,JAX,38.0,31.0,1.0,41.0,7.0,6.0,28.0,0.5731561411036852,0.521797153024911,1.0,0.4339073102867912,0.4462193463373554,0.5,0.4462193463373554,,,total,1
2015_05_BUF_TEN,2015,5,2015-10-11,REG,TEN,BUF,13.0,14.0,1.0,43.0,-1.0,-2.0,-16.0,0.2956014122884838,0.5116279069767442,0.0,0.6237102806921085,0.5329248788817055,0.5,0.5329248788817055,,,total,0
2015_05_PIT_SD,2015,5,2015-10-12,REG,SD,PIT,20.0,24.0,4.0,45.5,-4.0,-8.0,-1.5,0.4776331628635691,0.658869395711501,0.0,0.5650690566446077,0.5055092798606238,0.5,0.5055092798606238,,,total,0
2015_06_CIN_BUF,2015,6,2015-10-18,REG,BUF,CIN,21.0,34.0,-3.0,42.5,-13.0,-10.0,12.5,0.4618028512993956,0.4050889296790936,1.0,0.6110573963459691,0.5269066139622224,0.5,0.5269066139622224,,,total,1
2015_06_DEN_CLE,2015,6,2015-10-18,REG,CLE,DEN,23.0,26.0,-3.5,41.5,-3.0,0.5,7.5,0.21436183546527324,0.39360687022900764,1.0,0.49316460788641214,0.47293827651506787,0.5,0.47293827651506787,,,total,1
2015_06_CHI_DET,2015,6,2015-10-18,REG,DET,CHI,37.0,34.0,3.5,45.0,3.0,-0.5,26.0,0.6581416866422595,0.6527218785216531,1.0,0.4561126388242341,0.4562619382743435,0.5,0.4562619382743435,,,total,1
2015_06_SD_GB,2015,6,2015-10-18,REG,GB,SD,27.0,20.0,10.5,50.0,7.0,-3.5,-3.0,0.8112740916076635,0.8188617506135327,0.0,0.5868045728322815,0.5155408056931363,0.5,0.5155408056931363,,,total,0
2015_06_NE_IND,2015,6,2015-10-18,REG,IND,NE,27.0,34.0,-8.0,53.5,-7.0,1.0,7.5,0.31143343920868866,0.24835146013530876,1.0,0.5531421515008468,0.5000537548005434,0.5,0.5000537548005434,,,total,1
2015_06_HOU_JAX,2015,6,2015-10-18,REG,JAX,HOU,20.0,31.0,2.5,43.5,-11.0,-13.5,7.5,0.3988520903336672,0.5933014354066986,1.0,0.5763364797263669,0.5106935996881231,0.5,0.5106935996881231,,,total,1
2015_06_KC_MIN,2015,6,2015-10-18,REG,MIN,KC,16.0,10.0,3.5,43.0,6.0,2.5,-17.0,0.5795993594885235,0.6033428208078484,0.0,0.5426093096371416,0.4952592637150963,0.5,0.4952592637150963,,,total,0
2015_06_WAS_NYJ,2015,6,2015-10-18,REG,NYJ,WAS,34.0,20.0,7.5,39.5,14.0,6.5,14.5,0.7355445057033071,0.7590361445783131,1.0,0.4243647694129539,0.44188215368213185,0.5,0.44188215368213185,,,total,1
2015_06_ARI_PIT,2015,6,2015-10-18,REG,PIT,ARI,25.0,13.0,-5.5,45.0,12.0,17.5,-7.0,0.5493571352034488,0.3199224430441105,0.0,0.6776510180287176,0.5594879192225244,0.5,0.5594879192225244,,,total,0
2015_06_CAR_SEA,2015,6,2015-10-18,REG,SEA,CAR,23.0,27.0,7.0,41.0,-4.0,-11.0,9.0,0.6734703407052157,0.73621103117506,1.0,0.5843590806216137,0.5144055754215234,0.5,0.5144055754215234,,,total,1
2015_06_BAL_SF,2015,6,2015-10-18,REG,SF,BAL,25.0,20.0,-2.5,43.5,5.0,7.5,1.5,0.5083630680594785,0.4320786780923455,1.0,0.5597000919807648,0.5030496529706048,0.5,0.5030496529706048,,,total,1
2015_06_MIA_TEN,2015,6,2015-10-18,REG,TEN,MIA,10.0,38.0,2.5,44.0,-28.0,-30.5,4.0,0.4467464584295809,0.5520062329567589,1.0,0.4478440550979777,0.4525291883059498,0.5,0.4525291883059498,,,total,1
2015_06_NYG_PHI,2015,6,2015-10-19,REG,PHI,NYG,27.0,7.0,3.5,50.5,20.0,16.5,-16.5,0.6016282116145463,0.6527218785216531,0.0,0.5420018633049926,0.4949833458556367,0.5,0.4949833458556367,,,total,0
2015_07_SEA_SF,2015,7,2015-10-22,REG,SF,SEA,3.0,20.0,-6.5,41.5,-17.0,-10.5,-18.5,0.37655754342073466,0.28787053606161983,0.0,0.5554986656307704,0.5011292770592664,0.5,0.5011292770592664,,,total,0
2015_07_PHI_CAR,2015,7,2015-10-25,REG,CAR,PHI,27.0,16.0,3.0,46.0,11.0,8.0,-3.0,0.6497057496566113,0.5642421122306391,0.0,0.5249254455806917,0.48724876621653934,0.5,0.48724876621653934,,,total,0
2015_07_MIN_DET,2015,7,2015-10-25,REG,DET,MIN,19.0,28.0,1.0,44.5,-9.0,-10.0,2.5,0.4892624480594084,0.521797153024911,1.0,0.6098286432268529,0.5263256499439193,0.5,0.5263256499439193,,,total,1
2015_07_NO_IND,2015,7,2015-10-25,REG,IND,NO,21.0,27.0,5.5,52.5,-6.0,-11.5,-4.5,0.6861854190946796,0.6859695689558487,0.0,0.49275201642461675,0.47275270280235215,0.5,0.47275270280235215,,,total,0
2015_07_BUF_JAX,2015,7,2015-10-25,REG,JAX,BUF,34.0,31.0,-3.5,41.0,3.0,6.5,24.0,0.21258428871396184,0.3856591915440651,1.0,0.5225905346457875,0.4861940416151646,0.5,0.4861940416151646,,,total,1
2015_07_PIT_KC,2015,7,2015-10-25,REG,KC,PIT,23.0,13.0,4.0,41.5,10.0,6.0,-5.5,0.39433399344288445,0.658869395711501,0.0,0.5633496635247305,0.5047208831321801,0.5,0.5047208831321801,,,total,0
2015_07_HOU_MIA,2015,7,2015-10-25,REG,MIA,HOU,44.0,26.0,4.5,46.5,18.0,13.5,23.5,0.5716066426393954,0.6691291228800332,1.0,0.27607816423791687,0.3703301833950416,0.5,0.3703301833950416,,,total,1
2015_07_NYJ_NE,2015,7,2015-10-25,REG,NE,NYJ,30.0,23.0,7.0,47.0,7.0,0.0,6.0,0.8563536827450471,0.7319034852546917,1.0,0.443269129458455,0.4504607007273016,0.5,0.4504607007273016,,,total,1
2015_07_DAL_NYG,2015,7,2015-10-25,REG,NYG,DAL,27.0,20.0,3.0,44.5,7.0,4.0,2.5,0.5201979770814372,0.5933014354066986,1.0,0.4958810298019003,0.47416014923124666,0.5,0.47416014923124666,,,total,1
2015_07_OAK_SD,2015,7,2015-10-25,REG,SD,OAK,29.0,37.0,3.5,48.0,-8.0,-11.5,18.0,0.7139106578882476,0.6397067958752639,1.0,0.4591417505805202,0.457627801693224,0.5,0.457627801693224,,,total,1
2015_07_CLE_STL,2015,7,2015-10-25,REG,STL,CLE,24.0,6.0,6.5,43.5,18.0,11.5,-13.5,0.6687068618870734,0.7163206180589087,0.0,0.5906924067930361,0.5173493756377452,0.5,0.5173493756377452,,,total,0
2015_07_ATL_TEN,2015,7,2015-10-25,REG,TEN,ATL,7.0,10.0,-5.5,45.5,-3.0,2.5,-28.5,0.26750308777735216,0.3199224430441105,0.0,0.4342884938738381,0.4463922883914567,0.5,0.4463922883914567,,,total,0
2015_07_TB_WAS,2015,7,2015-10-25,REG,WAS,TB,31.0,30.0,3.0,42.0,1.0,-2.0,19.0,0.6007269824140262,0.5860927152317882,1.0,0.6175297134923242,0.5299767577710404,0.5,0.5299767577710404,,,total,1
2015_07_BAL_ARI,2015,7,2015-10-26,REG,ARI,BAL,26.0,18.0,10.0,49.5,8.0,-2.0,-5.5,0.6888254940699794,0.8003561215129767,0.0,0.5213870559098104,0.48565063137973596,0.5,0.48565063137973596,,,total,0
2015_08_MIA_NE,2015,8,2015-10-29,REG,NE,MIA,36.0,7.0,8.0,51.0,29.0,21.0,-8.0,0.8800558796026533,0.7901049475262368,0.0,0.625209824226375,0.5336426777883491,0.5,0.5336426777883491,,,total,0
2015_08_TB_ATL,2015,8,2015-11-01,REG,ATL,TB,20.0,23.0,8.0,47.5,-3.0,-11.0,-4.5,0.8132417000727541,0.7810858143607706,0.0,0.3939415134958697,0.42792873445397694,0.5,0.42792873445397694,,,total,0
2015_08_SD_BAL,2015,8,2015-11-01,REG,BAL,SD,29.0,26.0,4.5,50.0,3.0,-1.5,5.0,0.6385495890312263,0.658869395711501,1.0,0.4608431626931531,0.4583946661837941,0.5,0.4583946661837941,,,total,1
2015_08_MIN_CHI,2015,8,2015-11-01,REG,CHI,MIN,20.0,23.0,-1.0,43.5,-3.0,-2.0,-0.5,0.35105741378390776,0.47377843762281124,0.0,0.5633940874794873,0.504741244378504,0.5,0.504741244378504,,,total,0
2015_08_ARI_CLE,2015,8,2015-11-01,REG,CLE,ARI,20.0,34.0,-7.0,46.0,-14.0,-7.0,8.0,0.2620535090604778,0.26311037738282556,1.0,0.3985651155963852,0.4300639476054242,0.5,0.4300639476054242,,,total,1
2015_08_SEA_DAL,2015,8,2015-11-01,REG,DAL,SEA,12.0,13.0,-4.5,41.5,-1.0,3.5,-16.5,0.379391365163344,0.341130604288499,0.0,0.542834629360699,0.495361625102747,0.5,0.495361625102747,,,total,0
2015_08_GB_DEN,2015,8,2015-11-01,REG,DEN,GB,29.0,10.0,-2.5,46.0,19.0,21.5,-7.0,0.5522651300954885,0.4433028919330289,0.0,0.5715488454240514,0.5084868122937377,0.5,0.5084868122937377,,,total,0
2015_08_TEN_HOU,2015,8,2015-11-01,REG,HOU,TEN,20.0,6.0,3.5,43.0,14.0,10.5,-17.0,0.7527672297362373,0.6332518337408314,0.0,0.636797124653984,0.5392244414768546,0.5,0.5392244414768546,,,total,0
2015_08_DET_KC,2015,8,2015-11-01,REG,KC,DET,45.0,10.0,3.0,45.0,35.0,32.0,10.0,0.6162504516489147,0.6143408084559349,1.0,0.3287746110284467,0.3970131499020938,0.5,0.3970131499020938,,,total,1
2015_08_NYG_NO,2015,8,2015-11-01,REG,NO,NYG,52.0,49.0,3.0,51.5,3.0,0.0,49.5,0.5424584589749256,0.6108836002739845,1.0,0.419032658153269,0.43945151549417866,0.5,0.43945151549417866,,,total,1
2015_08_NYJ_OAK,2015,8,2015-11-01,REG,OAK,NYJ,34.0,20.0,-3.0,43.5,14.0,17.0,10.5,0.4576711866397481,0.3856591915440651,1.0,0.5639314252806117,0.5049875631965431,0.5,0.5049875631965431,,,total,1
2015_08_CIN_PIT,2015,8,2015-11-01,REG,PIT,CIN,10.0,16.0,1.0,49.0,-6.0,-7.0,-23.0,0.4916287440185448,0.5262215623771888,0.0,0.5829125138396648,0.5137349001244507,0.5,0.5137349001244507,,,total,0
2015_08_SF_STL,2015,8,2015-11-01,REG,STL,SF,27.0,6.0,8.0,41.0,21.0,13.0,-8.0,0.5785147056093364,0.7810858143607706,0.0,0.7014907839832003,0.5718324748713399,0.5,0.5718324748713399,,,total,0
2015_08_IND_CAR,2015,8,2015-11-02,REG,CAR,IND,29.0,26.0,5.0,44.5,3.0,-2.0,10.5,0.7258352321557121,0.6712553934662009,1.0,0.3886979884270717,0.4254998457473044,0.5,0.4254998457473044,,,total,1
2015_09_CLE_CIN,2015,9,2015-11-05,REG,CIN,CLE,31.0,10.0,13.0,45.5,21.0,8.0,-4.5,0.8909406896136587,0.8733924168721262,0.0,0.439333191142834,0.44867902098709295,0.5,0.44867902098709295,,,total,0
2015_09_MIA_BUF,2015,9,2015-11-08,REG,BUF,MIA,33.0,17.0,4.0,44.0,16.0,12.0,6.0,0.6141379452877306,0.6527218785216531,1.0,0.41425090732224956,0.43726690752902136,0.5,0.43726690752902136,,,total,1
2015_09_GB_CAR,2015,9,2015-11-08,REG,CAR,GB,37.0,29.0,-2.0,45.5,8.0,10.0,20.5,0.5277668298221486,0.4672897196261682,1.0,0.5447413778883384,0.49622818723743783,0.5,0.49622818723743783,,,total,1
2015_09_PHI_DAL,2015,9,2015-11-08,REG,DAL,PHI,27.0,33.0,-3.0,43.5,-6.0,-3.0,16.5,0.5345779134401717,0.3920988384996671,1.0,0.7894705404993236,0.6224840738502609,0.5,0.6224840738502609,,,total,1
2015_09_DEN_IND,2015,9,2015-11-08,REG,IND,DEN,27.0,24.0,-3.5,45.0,3.0,6.5,6.0,0.3048927240243684,0.3856591915440651,1.0,0.5701086646626046,0.5078241410120096,0.5,0.5078241410120096,,,total,1
2015_09_STL_MIN,2015,9,2015-11-08,REG,MIN,STL,21.0,18.0,2.0,40.0,3.0,1.0,-1.0,0.6498317259833181,0.537852568752202,0.0,0.44604438363371435,0.4517157889317716,0.5,0.4517157889317716,,,total,0
2015_09_WAS_NE,2015,9,2015-11-08,REG,NE,WAS,27.0,10.0,13.5,51.5,17.0,3.5,-14.5,0.9360815222168514,0.8948106591865358,0.0,0.6291747038996843,0.5355454898936067,0.5,0.5355454898936067,,,total,0
2015_09_TEN_NO,2015,9,2015-11-08,REG,NO,TEN,28.0,34.0,7.0,50.0,-6.0,-13.0,12.0,0.8328662332075408,0.7319034852546917,1.0,0.36472432788556286,0.4142805334718858,0.5,0.4142805334718858,,,total,1
2015_09_JAX_NYJ,2015,9,2015-11-08,REG,NYJ,JAX,28.0,23.0,7.5,42.0,5.0,-2.5,9.0,0.7710243888444334,0.7516485398646913,1.0,0.4510844738826011,0.45399285782598625,0.5,0.45399285782598625,,,total,1
2015_09_OAK_PIT,2015,9,2015-11-08,REG,PIT,OAK,38.0,35.0,6.0,47.5,3.0,-3.0,25.5,0.7347660734559293,0.7050630837293135,1.0,0.4170004865790743,0.4385236726997884,0.5,0.4385236726997884,,,total,1
2015_09_ATL_SF,2015,9,2015-11-08,REG,SF,ATL,17.0,16.0,-9.5,43.5,1.0,10.5,-10.5,0.49036288742034184,0.21170914420649786,0.0,0.502024523285576,0.4769243790310042,0.5,0.4769243790310042,,,total,0
2015_09_NYG_TB,2015,9,2015-11-08,REG,TB,NYG,18.0,32.0,-1.5,49.0,-14.0,-12.5,1.0,0.37543141111940054,0.478202846975089,1.0,0.3374711750027104,0.40124763554311943,0.5,0.40124763554311943,,,total,1
2015_09_CHI_SD,2015,9,2015-11-09,REG,SD,CHI,19.0,22.0,3.5,49.0,-3.0,-6.5,-8.0,0.6739249532504719,0.6261005910022917,0.0,0.47502227167994526,0.4647785437164772,0.5,0.4647785437164772,,,total,0
2015_10_BUF_NYJ,2015,10,2015-11-12,REG,NYJ,BUF,17.0,22.0,2.5,41.5,-5.0,-7.5,-2.5,0.5266532405370384,0.5440238883060285,0.0,0.37153560739965413,0.4174888103259963,0.5,0.4174888103259963,,,total,0
2015_10_JAX_BAL,2015,10,2015-11-15,REG,BAL,JAX,20.0,22.0,4.0,47.0,-2.0,-6.0,-5.0,0.8113012072563417,0.658869395711501,0.0,0.362527347977364,0.41324186527339374,0.5,0.41324186527339374,,,total,0
2015_10_DET_GB,2015,10,2015-11-15,REG,GB,DET,16.0,18.0,10.5,50.0,-2.0,-12.5,-16.0,0.8474224700447056,0.8348057171586584,0.0,0.39204147117793386,0.42704953466624734,0.5,0.42704953466624734,,,total,0
2015_10_NE_NYG,2015,10,2015-11-15,REG,NYG,NE,26.0,27.0,-7.0,52.5,-1.0,6.0,0.5,0.24285649265979872,0.2562225475841874,1.0,0.6194368295092012,0.5308846982291984,0.5,0.5308846982291984,,,total,1
2015_10_MIA_PHI,2015,10,2015-11-15,REG,PHI,MIA,19.0,20.0,5.5,49.0,-1.0,-6.5,-10.0,0.7303559637798231,0.6800775569558896,0.0,0.30561757299720943,0.3855243732530847,0.5,0.3855243732530847,,,total,0
2015_10_CLE_PIT,2015,10,2015-11-15,REG,PIT,CLE,30.0,9.0,7.0,43.5,21.0,14.0,-4.5,0.8324459787414539,0.7368896226171744,0.0,0.4119371170008402,0.4362080647318681,0.5,0.4362080647318681,,,total,0
2015_10_ARI_SEA,2015,10,2015-11-15,REG,SEA,ARI,32.0,39.0,3.0,43.5,-7.0,-10.0,27.5,0.6407388477124553,0.5860927152317882,1.0,0.6972229462404337,0.5695895157544432,0.5,0.5695895157544432,,,total,1
2015_10_CHI_STL,2015,10,2015-11-15,REG,STL,CHI,13.0,37.0,7.5,42.0,-24.0,-31.5,8.0,0.7079395888008446,0.7697759087280727,1.0,0.5847982716360226,0.5146093213035138,0.5,0.5146093213035138,,,total,1
2015_10_DAL_TB,2015,10,2015-11-15,REG,TB,DAL,10.0,6.0,-1.0,43.5,4.0,5.0,-27.5,0.3656712910493986,0.49070156678599663,0.0,0.5351652346706783,0.49188193452087253,0.5,0.49188193452087253,,,total,0
2015_10_CAR_TEN,2015,10,2015-11-15,REG,TEN,CAR,10.0,27.0,-3.5,42.5,-17.0,-13.5,-5.5,0.1623009612760604,0.35488721804511275,0.0,0.6925118986640805,0.5671310140471875,0.5,0.5671310140471875,,,total,0
2015_10_NO_WAS,2015,10,2015-11-15,REG,WAS,NO,47.0,14.0,-1.0,52.0,33.0,34.0,9.0,0.4246211162044385,0.4827086071703758,1.0,0.5529498202365309,0.49996602266565376,0.5,0.49996602266565376,,,total,1
2015_10_HOU_CIN,2015,10,2015-11-16,REG,CIN,HOU,6.0,10.0,10.0,46.5,-4.0,-14.0,-30.5,0.8374470596625474,0.8047945205479452,0.0,0.5382147884069084,0.4932644795507951,0.5,0.4932644795507951,,,total,0
2015_11_TEN_JAX,2015,11,2015-11-19,REG,JAX,TEN,19.0,13.0,3.0,41.5,6.0,3.0,-9.5,0.6048031853185464,0.5697382574399427,0.0,0.47118922579217776,0.4630537818136378,0.5,0.4630537818136378,,,total,0
2015_11_CIN_ARI,2015,11,2015-11-22,REG,ARI,CIN,34.0,31.0,4.0,48.0,3.0,-1.0,17.0,0.5845559326835484,0.6499689771835965,1.0,0.4451810971839066,0.4513254741892522,0.5,0.4513254741892522,,,total,1
2015_11_IND_ATL,2015,11,2015-11-22,REG,ATL,IND,21.0,24.0,3.5,47.5,-3.0,-6.5,-2.5,0.5422364224363647,0.6274614156466205,0.0,0.38086456974126376,0.42185557101283266,0.5,0.42185557101283266,,,total,0
2015_11_STL_BAL,2015,11,2015-11-22,REG,BAL,STL,16.0,13.0,3.0,41.0,3.0,0.0,-12.0,0.639243949899344,0.5844112492697988,0.0,0.3912861763804239,0.42669974873332867,0.5,0.42669974873332867,,,total,0
2015_11_WAS_CAR,2015,11,2015-11-22,REG,CAR,WAS,44.0,16.0,7.0,44.0,28.0,21.0,16.0,0.8630941969449706,0.741037721131946,1.0,0.6202607136815358,0.5312774115174592,0.5,0.5312774115174592,,,total,1
2015_11_DEN_CHI,2015,11,2015-11-22,REG,CHI,DEN,15.0,17.0,-2.5,41.5,-2.0,0.5,-9.5,0.30475650264574283,0.46214743124779806,0.0,0.3993055387537159,0.4304053375092867,0.5,0.4304053375092867,,,total,0
2015_11_OAK_DET,2015,11,2015-11-22,REG,DET,OAK,18.0,13.0,-2.0,50.0,5.0,7.0,-19.0,0.5972769284148046,0.453954604539546,0.0,0.3304374232625656,0.3978259349246982,0.5,0.3978259349246982,,,total,0
2015_11_NYJ_HOU,2015,11,2015-11-22,REG,HOU,NYJ,24.0,17.0,-4.0,40.0,7.0,11.0,1.0,0.5987883363237502,0.3500310228164034,1.0,0.534902111113856,0.4917627077377485,0.5,0.4917627077377485,,,total,1
2015_11_DAL_MIA,2015,11,2015-11-22,REG,MIA,DAL,14.0,24.0,-2.5,45.0,-10.0,-7.5,-7.0,0.56049474697806,0.44139283962726833,0.0,0.31331170577666223,0.3893785133935768,0.5,0.3893785133935768,,,total,0
2015_11_GB_MIN,2015,11,2015-11-22,REG,MIN,GB,13.0,30.0,-1.0,45.0,-17.0,-16.0,-2.0,0.5120345102136403,0.4827086071703758,0.0,0.37533720325470976,0.41927196781830467,0.5,0.41927196781830467,,,total,0
2015_11_TB_PHI,2015,11,2015-11-22,REG,PHI,TB,17.0,45.0,7.0,46.0,-28.0,-35.0,16.0,0.8050477280858332,0.73621103117506,1.0,0.3012566531343988,0.38332226546040066,0.5,0.38332226546040066,,,total,1
2015_11_KC_SD,2015,11,2015-11-22,REG,SD,KC,3.0,33.0,-3.0,45.5,-30.0,-27.0,-9.5,0.3426172012807118,0.38764174959500114,0.0,0.5811125799018343,0.5129012456872123,0.5,0.5129012456872123,,,total,0
2015_11_SF_SEA,2015,11,2015-11-22,REG,SEA,SF,29.0,13.0,14.0,40.0,16.0,2.0,2.0,0.7945147494858147,0.8923742788383813,1.0,0.46736835025213114,0.46133385470569527,0.5,0.46133385470569527,,,total,1
2015_11_BUF_NE,2015,11,2015-11-23,REG,NE,BUF,20.0,13.0,7.0,47.5,7.0,0.0,-14.5,0.8494572720929451,0.7566244633432689,0.0,0.44499171786966485,0.4512398388416849,0.5,0.4512398388416849,,,total,0
2015_12_CAR_DAL,2015,12,2015-11-26,REG,DAL,CAR,14.0,33.0,-1.0,44.5,-19.0,-18.0,2.5,0.3333391529136998,0.4827086071703758,1.0,0.5769268449831444,0.5109661414598796,0.5,0.5109661414598796,,,total,1
2015_12_PHI_DET,2015,12,2015-11-26,REG,DET,PHI,45.0,14.0,3.0,46.5,31.0,28.0,12.5,0.5091817980014296,0.5860927152317882,1.0,0.6590661729852115,0.5501460509278775,0.5,0.5501460509278775,,,total,1
2015_12_CHI_GB,2015,12,2015-11-26,REG,GB,CHI,13.0,17.0,7.5,45.0,-4.0,-11.5,-15.0,0.8341524253104312,0.7849371679176859,0.0,0.22350462357255926,0.34125683314569755,0.5,0.34125683314569755,,,total,0
2015_12_MIN_ATL,2015,12,2015-11-29,REG,ATL,MIN,10.0,20.0,2.0,45.0,-10.0,-12.0,-15.0,0.4846297061375835,0.5480494766888677,0.0,0.6189584351933787,0.5306567994164874,0.5,0.5306567994164874,,,total,0
2015_12_STL_CIN,2015,12,2015-11-29,REG,CIN,STL,31.0,7.0,10.5,42.0,24.0,13.5,-4.0,0.8116711241589474,0.7882908557935022,0.0,0.46779832558612594,0.46152744066550067,0.5,0.46152744066550067,,,total,0
2015_12_NE_DEN,2015,12,2015-11-29,REG,DEN,NE,30.0,24.0,-2.5,43.0,6.0,8.5,11.0,0.38020582850011364,0.4433028919330289,1.0,0.538315855621991,0.4933103228660352,0.5,0.4933103228660352,,,total,1
2015_12_NO_HOU,2015,12,2015-11-29,REG,HOU,NO,24.0,6.0,3.5,50.5,18.0,14.5,-20.5,0.665975418435021,0.6487671491207393,0.0,0.30860047030381393,0.38702318043503997,0.5,0.38702318043503997,,,total,0
2015_12_TB_IND,2015,12,2015-11-29,REG,IND,TB,25.0,12.0,3.0,46.5,13.0,10.0,-9.5,0.7329951669246388,0.556697108066971,0.0,0.46211833629479654,0.45896927426682455,0.5,0.45896927426682455,,,total,0
2015_12_SD_JAX,2015,12,2015-11-29,REG,JAX,SD,25.0,31.0,5.0,47.0,-6.0,-11.0,9.0,0.4955413325349383,0.690978748012144,1.0,0.4518147191788942,0.4543225508668005,0.5,0.4543225508668005,,,total,1
2015_12_BUF_KC,2015,12,2015-11-29,REG,KC,BUF,30.0,22.0,4.5,41.0,8.0,3.5,11.0,0.6914988333395163,0.6691291228800332,1.0,0.3713927096913814,0.41742168129066304,0.5,0.41742168129066304,,,total,1
2015_12_MIA_NYJ,2015,12,2015-11-29,REG,NYJ,MIA,38.0,20.0,4.5,44.0,18.0,13.5,14.0,0.5961610632134708,0.664461906242295,1.0,0.4380727443464256,0.44810801196586203,0.5,0.44810801196586203,,,total,1
2015_12_PIT_SEA,2015,12,2015-11-29,REG,SEA,PIT,39.0,30.0,3.0,46.5,9.0,6.0,22.5,0.6626845431271466,0.5679213219076544,1.0,0.525943238880235,0.4877087106811729,0.5,0.4877087106811729,,,total,1
2015_12_ARI_SF,2015,12,2015-11-29,REG,SF,ARI,13.0,19.0,-7.5,45.0,-6.0,1.5,-13.0,0.28827380754342735,0.23358617571708445,0.0,0.2195382831016099,0.33892869532544406,0.5,0.33892869532544406,,,total,0
2015_12_NYG_WAS,2015,12,2015-11-29,REG,WAS,NYG,20.0,14.0,-1.0,47.5,6.0,7.0,-13.5,0.39615502595141944,0.49070156678599663,0.0,0.2627693925982197,0.36324662592588824,0.5,0.36324662592588824,,,total,0
2015_12_BAL_CLE,2015,12,2015-11-30,REG,CLE,BAL,27.0,33.0,6.0,41.0,-6.0,-12.0,19.0,0.362338865629783,0.7050630837293135,1.0,0.23184900503921643,0.346084826744862,0.5,0.346084826744862,,,total,1
2015_13_GB_DET,2015,13,2015-12-03,REG,DET,GB,23.0,27.0,-2.5,46.0,-4.0,-1.5,4.0,0.36553556753118577,0.46516522837297414,1.0,0.38541242644942597,0.42397369872338175,0.5,0.42397369872338175,,,total,1
2015_13_HOU_BUF,2015,13,2015-12-06,REG,BUF,HOU,30.0,21.0,3.0,42.0,9.0,6.0,9.0,0.5881321098936788,0.5740354444580784,1.0,0.4138173228119336,0.43706857895062845,0.5,0.43706857895062845,,,total,1
2015_13_SF_CHI,2015,13,2015-12-06,REG,CHI,SF,20.0,26.0,6.0,43.0,-6.0,-12.0,3.0,0.6201910717343566,0.6969696969696969,1.0,0.35765027679194106,0.4109291175913982,0.5,0.4109291175913982,,,total,1
2015_13_CIN_CLE,2015,13,2015-12-06,REG,CLE,CIN,3.0,37.0,-7.5,44.0,-34.0,-26.5,-4.0,0.1848012718961767,0.2562225475841874,0.0,0.6657750748941559,0.553492572445923,0.5,0.553492572445923,,,total,0
2015_13_BAL_MIA,2015,13,2015-12-06,REG,MIA,BAL,15.0,13.0,3.5,43.0,2.0,-1.5,-15.0,0.43369967571797563,0.6186511705872493,0.0,0.265781421108958,0.3648642209122095,0.5,0.3648642209122095,,,total,0
2015_13_SEA_MIN,2015,13,2015-12-06,REG,MIN,SEA,7.0,38.0,-2.5,43.0,-31.0,-28.5,2.0,0.4582239940591264,0.4224502112251056,1.0,0.5819576564322186,0.5132925331996785,0.5,0.5132925331996785,,,total,1
2015_13_PHI_NE,2015,13,2015-12-06,REG,NE,PHI,28.0,35.0,9.5,49.5,-7.0,-16.5,13.5,0.8857765396982699,0.7882908557935022,1.0,0.6114084226156461,0.5270726907850809,0.5,0.5270726907850809,,,total,1
2015_13_CAR_NO,2015,13,2015-12-06,REG,NO,CAR,38.0,41.0,-5.5,50.5,-3.0,2.5,28.5,0.2093281220188381,0.3242703916188576,1.0,0.39310905089819614,0.42754366004615896,0.5,0.42754366004615896,,,total,1
2015_13_NYJ_NYG,2015,13,2015-12-06,REG,NYG,NYJ,20.0,23.0,-2.0,45.5,-3.0,-1.0,-2.5,0.6202174179955826,0.46214743124779806,0.0,0.37722611852527504,0.4201560648141729,0.5,0.4201560648141729,,,total,0
2015_13_KC_OAK,2015,13,2015-12-06,REG,OAK,KC,20.0,34.0,-3.0,45.5,-14.0,-11.0,8.5,0.28830016728463564,0.4050889296790936,1.0,0.47626146356786586,0.4653360339602145,0.5,0.4653360339602145,,,total,1
2015_13_IND_PIT,2015,13,2015-12-06,REG,PIT,IND,45.0,10.0,10.0,50.5,35.0,25.0,4.5,0.5952403705072771,0.7987191216834401,1.0,0.3510921114421803,0.40780324068332263,0.5,0.40780324068332263,,,total,1
2015_13_DEN_SD,2015,13,2015-12-06,REG,SD,DEN,3.0,17.0,-6.0,45.0,-14.0,-8.0,-25.0,0.2452292109892102,0.3199224430441105,0.0,0.5491736615750674,0.49824496031556437,0.5,0.49824496031556437,,,total,0
2015_13_ARI_STL,2015,13,2015-12-06,REG,STL,ARI,3.0,27.0,-3.5,43.0,-24.0,-20.5,-13.0,0.24888309872883518,0.37253858435337944,0.0,0.6164822775715065,0.5294787441334033,0.5,0.5294787441334033,,,total,0
2015_13_ATL_TB,2015,13,2015-12-06,REG,TB,ATL,23.0,19.0,1.0,46.5,4.0,3.0,-4.5,0.5010091078925367,0.521797153024911,0.0,0.3612982017774394,0.41265991542014163,0.5,0.41265991542014163,,,total,0
2015_13_JAX_TEN,2015,13,2015-12-06,REG,TEN,JAX,42.0,39.0,3.0,43.5,3.0,0.0,37.5,0.5203315948687883,0.5679213219076544,1.0,0.5983340686019021,0.5209184389155479,0.5,0.5209184389155479,,,total,1
2015_13_DAL_WAS,2015,13,2015-12-07,REG,WAS,DAL,16.0,19.0,2.0,43.0,-3.0,-5.0,-8.0,0.4894941438695238,0.5305667495498585,0.0,0.43573790654776096,0.44704968130689954,0.5,0.44704968130689954,,,total,0
2015_14_MIN_ARI,2015,14,2015-12-10,REG,ARI,MIN,23.0,20.0,10.0,46.5,3.0,-7.0,-3.5,0.751175400024836,0.7987191216834401,0.0,0.4397347615585724,0.4488608945302566,0.5,0.4488608945302566,,,total,0
2015_14_SEA_BAL,2015,14,2015-12-13,REG,BAL,SEA,6.0,35.0,-10.5,42.0,-29.0,-18.5,-1.0,0.3071764713209273,0.2081124592610044,0.0,0.5854070371302865,0.5148918301865272,0.5,0.5148918301865272,,,total,0
2015_14_ATL_CAR,2015,14,2015-12-13,REG,CAR,ATL,38.0,0.0,8.5,45.5,38.0,29.5,-7.5,0.8517699634421548,0.768632470217584,0.0,0.5156110367407641,0.4830445110397579,0.5,0.4830445110397579,,,total,0
2015_14_WAS_CHI,2015,14,2015-12-13,REG,CHI,WAS,21.0,24.0,4.0,42.5,-3.0,-7.0,2.5,0.628834961148644,0.658869395711501,1.0,0.2709283142119103,0.3676084826309039,0.5,0.3676084826309039,,,total,1
2015_14_PIT_CIN,2015,14,2015-12-13,REG,CIN,PIT,20.0,33.0,1.0,49.0,-13.0,-14.0,4.0,0.6542762047643098,0.5046466242274987,1.0,0.30902235266610234,0.3872346847082446,0.5,0.3872346847082446,,,total,1
2015_14_SF_CLE,2015,14,2015-12-13,REG,CLE,SF,24.0,10.0,2.5,43.0,14.0,11.5,-9.0,0.3758536046046909,0.5539593349939177,0.0,0.3267089472345984,0.3960013172900926,0.5,0.3960013172900926,,,total,0
2015_14_OAK_DEN,2015,14,2015-12-13,REG,DEN,OAK,12.0,15.0,6.0,43.0,-3.0,-9.0,-16.0,0.8747251228103788,0.7086409898223908,0.0,0.43902601645638556,0.4485398848010072,0.5,0.4485398848010072,,,total,0
2015_14_DAL_GB,2015,14,2015-12-13,REG,GB,DAL,28.0,7.0,6.0,43.0,21.0,15.0,-8.0,0.7625515729930361,0.7137404580152672,0.0,0.449181264438698,0.4531333315566545,0.5,0.4531333315566545,,,total,0
2015_14_NE_HOU,2015,14,2015-12-13,REG,HOU,NE,6.0,27.0,-4.0,46.0,-21.0,-17.0,-13.0,0.27242388224460384,0.34727812147834686,0.0,0.5000803353504018,0.476049451668236,0.5,0.476049451668236,,,total,0
2015_14_IND_JAX,2015,14,2015-12-13,REG,JAX,IND,51.0,16.0,1.0,45.5,35.0,34.0,21.5,0.28006142565342207,0.5172913928296243,1.0,0.29520107850934774,0.38024213065102863,0.5,0.38024213065102863,,,total,1
2015_14_SD_KC,2015,14,2015-12-13,REG,KC,SD,10.0,3.0,11.5,42.0,7.0,-4.5,-29.0,0.8401224849991769,0.832570049736544,0.0,0.5250176073606353,0.48729040966950604,0.5,0.48729040966950604,,,total,0
2015_14_TEN_NYJ,2015,14,2015-12-13,REG,NYJ,TEN,30.0,8.0,8.0,43.0,22.0,14.0,-5.0,0.8024731965537806,0.75416247625433,0.0,0.5427042315773237,0.4953023851626275,0.5,0.4953023851626275,,,total,0
2015_14_BUF_PHI,2015,14,2015-12-13,REG,PHI,BUF,23.0,20.0,1.0,48.0,3.0,2.0,-5.0,0.5343908416471113,0.5172913928296243,0.0,0.20450832265489674,0.3298949602567984,0.5,0.3298949602567984,,,total,0
2015_14_DET_STL,2015,14,2015-12-13,REG,STL,DET,21.0,14.0,-3.0,41.5,7.0,10.0,-6.5,0.4915733687806662,0.4066985645933015,0.0,0.7364502280215818,0.5908412820868943,0.5,0.5908412820868943,,,total,0
2015_14_NO_TB,2015,14,2015-12-13,REG,TB,NO,17.0,24.0,6.0,52.0,-7.0,-13.0,-11.0,0.6137278940755619,0.6949182345700721,0.0,0.19022171235822544,0.3209628968758817,0.5,0.3209628968758817,,,total,0
2015_14_NYG_MIA,2015,14,2015-12-14,REG,MIA,NYG,24.0,31.0,-2.5,47.5,-7.0,-4.5,7.5,0.4950925143406967,0.46214743124779806,1.0,0.4414669859891794,0.4496451786311464,0.5,0.4496451786311464,,,total,1
2015_15_TB_STL,2015,15,2015-12-17,REG,STL,TB,31.0,23.0,1.0,41.0,8.0,7.0,13.0,0.6160165810765236,0.5,1.0,0.6048635961838995,0.5239840475931581,0.5,0.5239840475931581,,,total,1
2015_15_NYJ_DAL,2015,15,2015-12-19,REG,DAL,NYJ,16.0,19.0,-3.0,41.0,-3.0,0.0,-6.0,0.5558122039823694,0.4116032928263426,0.0,0.6651490257729543,0.5531790976716261,0.5,0.5531790976716261,,,total,0
2015_15_KC_BAL,2015,15,2015-12-20,REG,BAL,KC,14.0,34.0,-6.5,41.0,-20.0,-13.5,7.0,0.3398496018305098,0.2949369162706865,1.0,0.5552924340080969,0.5010351076335191,0.5,0.5010351076335191,,,total,1
2015_15_HOU_IND,2015,15,2015-12-20,REG,IND,HOU,10.0,16.0,2.5,42.0,-6.0,-8.5,-16.0,0.576602407353123,0.556697108066971,0.0,0.3279711289338872,0.39661985990559123,0.5,0.39661985990559123,,,total,0
2015_15_ATL_JAX,2015,15,2015-12-20,REG,JAX,ATL,17.0,23.0,2.0,47.5,-6.0,-8.0,-7.5,0.47329292310256105,0.5419847328244275,0.0,0.3310599607850132,0.39812984319566425,0.5,0.39812984319566425,,,total,0
2015_15_CHI_MIN,2015,15,2015-12-20,REG,MIN,CHI,38.0,17.0,4.0,43.5,21.0,17.0,11.5,0.7296967264534545,0.6463391320971134,1.0,0.39850479254891025,0.4300361277373026,0.5,0.4300361277373026,,,total,1
2015_15_TEN_NE,2015,15,2015-12-20,REG,NE,TEN,33.0,16.0,14.5,48.0,17.0,2.5,1.0,0.9473688033826277,0.887410440122825,1.0,0.46763379925513715,0.4614533678629398,0.5,0.4614533678629398,,,total,1
2015_15_CAR_NYG,2015,15,2015-12-20,REG,NYG,CAR,35.0,38.0,-4.5,46.5,-3.0,1.5,26.5,0.29290373257365326,0.341130604288499,1.0,0.6517862026794325,0.5465453488638705,0.5,0.5465453488638705,,,total,1
2015_15_GB_OAK,2015,15,2015-12-20,REG,OAK,GB,20.0,30.0,-4.0,47.0,-10.0,-6.0,3.0,0.2727431723302811,0.34727812147834686,1.0,0.4350274327416727,0.4467274798061972,0.5,0.4467274798061972,,,total,1
2015_15_ARI_PHI,2015,15,2015-12-20,REG,PHI,ARI,17.0,40.0,-3.5,50.5,-23.0,-19.5,6.5,0.33632007116460216,0.3813488294127508,1.0,0.23801050023373346,0.3495922593158163,0.5,0.3495922593158163,,,total,1
2015_15_DEN_PIT,2015,15,2015-12-20,REG,PIT,DEN,34.0,27.0,7.5,45.5,7.0,-0.5,15.5,0.5502096371243748,0.7566244633432689,1.0,0.5306022597948884,0.4898156958957807,0.5,0.4898156958957807,,,total,1
2015_15_MIA_SD,2015,15,2015-12-20,REG,SD,MIA,30.0,14.0,1.0,46.5,16.0,15.0,-2.5,0.5815934685981794,0.5,0.0,0.4765083954415575,0.4654471186502326,0.5,0.4654471186502326,,,total,0
2015_15_CLE_SEA,2015,15,2015-12-20,REG,SEA,CLE,30.0,13.0,14.5,45.0,17.0,2.5,-2.0,0.9159587154148274,0.887410440122825,0.0,0.6030574636587104,0.5231345333194807,0.5,0.5231345333194807,,,total,0
2015_15_CIN_SF,2015,15,2015-12-20,REG,SF,CIN,14.0,24.0,-7.0,41.0,-10.0,-3.0,-3.0,0.3123500895619026,0.26967543847731873,0.0,0.3504052575455281,0.40747475939679967,0.5,0.40747475939679967,,,total,0
2015_15_BUF_WAS,2015,15,2015-12-20,REG,WAS,BUF,35.0,25.0,-2.5,46.0,10.0,12.5,14.0,0.43589532039865175,0.46214743124779806,1.0,0.3904925766444281,0.4263320424450136,0.5,0.4263320424450136,,,total,1
2015_15_DET_NO,2015,15,2015-12-21,REG,NO,DET,27.0,35.0,2.5,52.0,-8.0,-10.5,10.0,0.5530287954540595,0.5399277029247453,1.0,0.4272628881099881,0.44320103043609727,0.5,0.44320103043609727,,,total,1
2015_16_SD_OAK,2015,16,2015-12-24,REG,OAK,SD,23.0,20.0,4.0,45.0,3.0,-1.0,-2.0,0.5663411176524611,0.6527218785216531,0.0,0.18876326537240765,0.3200301774252243,0.5,0.3200301774252243,,,total,0
2015_16_WAS_PHI,2015,16,2015-12-26,REG,PHI,WAS,24.0,38.0,3.5,48.0,-14.0,-17.5,14.0,0.641871285627031,0.6397067958752639,1.0,0.27875452195611494,0.37173545203966357,0.5,0.37173545203966357,,,total,1
2015_16_GB_ARI,2015,16,2015-12-27,REG,ARI,GB,38.0,8.0,6.0,50.0,30.0,24.0,-4.0,0.637692809022838,0.6958254667505769,0.0,0.3564734768665835,0.4103695816288378,0.5,0.4103695816288378,,,total,0
2015_16_CAR_ATL,2015,16,2015-12-27,REG,ATL,CAR,20.0,13.0,-7.0,45.5,7.0,14.0,-12.5,0.2379821746574157,0.28787053606161983,0.0,0.5832394493555206,0.5138864241418394,0.5,0.5138864241418394,,,total,0
2015_16_PIT_BAL,2015,16,2015-12-27,REG,BAL,PIT,20.0,17.0,-11.0,47.5,3.0,14.0,-10.5,0.30830847509505876,0.17400615714094497,0.0,0.47632104309538315,0.4653628365480265,0.5,0.4653628365480265,,,total,0
2015_16_DAL_BUF,2015,16,2015-12-27,REG,BUF,DAL,16.0,6.0,6.5,42.0,10.0,3.5,-20.0,0.6201340794895431,0.7050630837293135,0.0,0.33806157850564356,0.40153367436859727,0.5,0.40153367436859727,,,total,0
2015_16_SF_DET,2015,16,2015-12-27,REG,DET,SF,32.0,17.0,8.5,42.5,15.0,6.5,6.5,0.6595842534607692,0.7810858143607706,1.0,0.4934081115206892,0.4730478001220025,0.5,0.4730478001220025,,,total,1
2015_16_CLE_KC,2015,16,2015-12-27,REG,KC,CLE,17.0,13.0,11.5,42.5,4.0,-7.5,-12.5,0.8956633475393238,0.825993842859055,0.0,0.3496681485319318,0.40712200609605126,0.5,0.40712200609605126,,,total,0
2015_16_IND_MIA,2015,16,2015-12-27,REG,MIA,IND,12.0,18.0,2.5,44.0,-6.0,-8.5,-14.0,0.47293484100744787,0.556697108066971,0.0,0.4516467508879093,0.45424672089741724,0.5,0.45424672089741724,,,total,0
2015_16_NYG_MIN,2015,16,2015-12-27,REG,MIN,NYG,49.0,17.0,7.0,44.5,32.0,25.0,21.5,0.6638294653749086,0.7353719494266393,1.0,0.37653407762114804,0.4198323030757553,0.5,0.4198323030757553,,,total,1
2015_16_JAX_NO,2015,16,2015-12-27,REG,NO,JAX,38.0,27.0,2.5,52.5,11.0,8.5,12.5,0.6539221752455878,0.5520062329567589,1.0,0.4964048530248385,0.47439579119267844,0.5,0.47439579119267844,,,total,1
2015_16_NE_NYJ,2015,16,2015-12-27,REG,NYJ,NE,26.0,20.0,-2.5,45.5,6.0,8.5,0.5,0.27537818950861853,0.44139283962726833,1.0,0.44376592819195076,0.45068544378809816,0.5,0.45068544378809816,,,total,1
2015_16_STL_SEA,2015,16,2015-12-27,REG,SEA,STL,17.0,23.0,11.0,42.0,-6.0,-17.0,-2.0,0.8681884924199648,0.8316708229426435,0.0,0.5679119727588032,0.5068143707544407,0.5,0.5068143707544407,,,total,0
2015_16_CHI_TB,2015,16,2015-12-27,REG,TB,CHI,21.0,26.0,3.0,44.0,-5.0,-8.0,3.0,0.5470057646612148,0.6261005910022917,1.0,0.37264172840745724,0.41800817986238176,0.5,0.41800817986238176,,,total,1
2015_16_HOU_TEN,2015,16,2015-12-27,REG,TEN,HOU,6.0,34.0,-3.5,39.0,-28.0,-24.5,1.0,0.2839540273990891,0.3856591915440651,1.0,0.26680575445467825,0.3654123565423775,0.5,0.3654123565423775,,,total,1
2015_16_CIN_DEN,2015,16,2015-12-28,REG,DEN,CIN,20.0,17.0,3.5,39.0,3.0,-0.5,-2.0,0.5846547458320039,0.6332518337408314,0.0,0.5300978514082689,0.4895874546925166,0.5,0.4895874546925166,,,total,0
2015_17_SEA_ARI,2015,17,2016-01-03,REG,ARI,SEA,6.0,36.0,6.0,46.5,-30.0,-36.0,-4.5,0.6552704315295858,0.6840292887820937,0.0,0.3612745374164855,0.41264870530492526,0.5,0.41264870530492526,,,total,0
2015_17_NO_ATL,2015,17,2016-01-03,REG,ATL,NO,17.0,20.0,6.0,53.5,-3.0,-9.0,-16.5,0.6764119932597982,0.6958254667505769,0.0,0.4833069325863412,0.46850497381953243,0.5,0.46850497381953243,,,total,0
2015_17_NYJ_BUF,2015,17,2016-01-03,REG,BUF,NYJ,22.0,17.0,-2.5,41.0,5.0,7.5,-2.0,0.5355087996898947,0.4224502112251056,0.0,0.2991301229175582,0.3822436244508716,0.5,0.3822436244508716,,,total,0
2015_17_TB_CAR,2015,17,2016-01-03,REG,CAR,TB,38.0,10.0,10.0,44.0,28.0,18.0,4.0,0.8942303002731739,0.7816384942625731,1.0,0.45659352717912305,0.4564788284177378,0.5,0.4564788284177378,,,total,1
2015_17_DET_CHI,2015,17,2016-01-03,REG,CHI,DET,20.0,24.0,-2.5,45.0,-4.0,-1.5,-1.0,0.48942217867822696,0.4600722970752547,0.0,0.30901213030794294,0.387229561270976,0.5,0.387229561270976,,,total,0
2015_17_BAL_CIN,2015,17,2016-01-03,REG,CIN,BAL,24.0,16.0,10.0,40.5,8.0,-2.0,-0.5,0.757050037682121,0.7729422894985808,0.0,0.4370258425780546,0.44763357232936635,0.5,0.44763357232936635,,,total,0
2015_17_PIT_CLE,2015,17,2016-01-03,REG,CLE,PIT,12.0,28.0,-13.0,47.0,-16.0,-3.0,-7.0,0.20865734732830163,0.16324626865671643,0.0,0.4640228842453798,0.45982727491851805,0.5,0.45982727491851805,,,total,0
2015_17_WAS_DAL,2015,17,2016-01-03,REG,DAL,WAS,23.0,34.0,3.0,41.0,-11.0,-14.0,16.0,0.5221989343831932,0.6108836002739845,1.0,0.725180758024437,0.5845802447081403,0.5,0.5845802447081403,,,total,1
2015_17_SD_DEN,2015,17,2016-01-03,REG,DEN,SD,27.0,20.0,10.0,42.0,7.0,-3.0,5.0,0.8402541887184869,0.8019661928000565,1.0,0.4398595306170891,0.44891739865210206,0.5,0.44891739865210206,,,total,1
2015_17_MIN_GB,2015,17,2016-01-03,REG,GB,MIN,13.0,20.0,3.0,44.0,-7.0,-10.0,-11.0,0.666240555541096,0.5810079557598683,0.0,0.5528048135966938,0.4998998824963892,0.5,0.4998998824963892,,,total,0
2015_17_JAX_HOU,2015,17,2016-01-03,REG,HOU,JAX,30.0,6.0,5.0,45.0,24.0,19.0,-9.0,0.7986116653529769,0.6712553934662009,0.0,0.5912497427236342,0.5176090318163598,0.5,0.5176090318163598,,,total,0
2015_17_TEN_IND,2015,17,2016-01-03,REG,IND,TEN,30.0,24.0,3.5,39.0,6.0,2.5,15.0,0.8165594771002939,0.6332518337408314,1.0,0.6577805265255711,0.5495078948972453,0.5,0.5495078948972453,,,total,1
2015_17_OAK_KC,2015,17,2016-01-03,REG,KC,OAK,23.0,17.0,6.5,43.5,6.0,-0.5,-3.5,0.8462388834374787,0.7258155230596175,0.0,0.5324923170616799,0.49067122585027495,0.5,0.49067122585027495,,,total,0
2015_17_NE_MIA,2015,17,2016-01-03,REG,MIA,NE,20.0,10.0,-10.0,46.5,10.0,20.0,-16.5,0.15829285873199586,0.2270577105014191,0.0,0.38255807015063825,0.4226450889514531,0.5,0.4226450889514531,,,total,0
2015_17_PHI_NYG,2015,17,2016-01-03,REG,NYG,PHI,30.0,35.0,4.0,51.0,-5.0,-9.0,14.0,0.5927034931421632,0.6527218785216531,1.0,0.2886475924098815,0.37687809245468806,0.5,0.37687809245468806,,,total,1
2015_17_STL_SF,2015,17,2016-01-03,REG,SF,STL,19.0,16.0,-3.0,39.0,3.0,6.0,-4.0,0.44889419508170053,0.3966571791921516,0.0,0.3540857772001189,0.4092324692502103,0.5,0.4092324692502103,,,total,0
2015_18_PIT_CIN,2015,18,2016-01-09,WC,CIN,PIT,16.0,18.0,-2.0,46.0,-2.0,0.0,-12.0,0.5603508778174318,0.46943325045014145,0.0,0.5217933836887484,0.48583408515783083,0.5,0.48583408515783083,,,total,0
2015_18_KC_HOU,2015,18,2016-01-09,WC,HOU,KC,0.0,30.0,-3.0,39.5,-30.0,-27.0,-9.5,0.37005720245380985,0.4259645555419216,0.0,0.4548717202369151,0.4557021648331906,0.5,0.4557021648331906,,,total,0
2015_18_SEA_MIN,2015,18,2016-01-10,WC,MIN,SEA,9.0,10.0,-4.0,40.0,-1.0,3.0,-21.0,0.41107446524997,0.33444103612815274,0.0,0.5169276344816264,0.4836382887633679,0.5,0.4836382887633679,,,total,0
2015_18_GB_WAS,2015,18,2016-01-10,WC,WAS,GB,18.0,35.0,2.0,47.0,-17.0,-19.0,6.0,0.4340417951762165,0.5440238883060285,1.0,0.24296508671172928,0.3523791923168888,0.5,0.3523791923168888,,,total,1
2015_19_GB_ARI,2015,19,2016-01-16,DIV,ARI,GB,26.0,20.0,7.0,49.0,6.0,-1.0,-3.0,0.6377568859084424,0.7161241483724451,0.0,0.3630178779761867,0.4134739406380593,0.5,0.4134739406380593,,,total,0
2015_19_KC_NE,2015,19,2016-01-16,DIV,NE,KC,27.0,20.0,6.0,44.0,7.0,1.0,3.0,0.5117339749297207,0.7050630837293135,1.0,0.5799947983437471,0.5123840040477858,0.5,0.5123840040477858,,,total,1
2015_19_SEA_CAR,2015,19,2016-01-17,DIV,CAR,SEA,31.0,24.0,2.5,41.5,7.0,4.5,13.5,0.5151951946067647,0.5775497887748944,1.0,0.4110330156665843,0.43579400369345134,0.5,0.43579400369345134,,,total,1
2015_19_PIT_DEN,2015,19,2016-01-17,DIV,DEN,PIT,23.0,16.0,7.0,41.5,7.0,0.0,-2.5,0.5714310797295518,0.7258155230596175,0.0,0.4958236310778824,0.4741343288657879,0.5,0.4741343288657879,,,total,0
2015_20_ARI_CAR,2015,20,2016-01-24,CON,CAR,ARI,49.0,15.0,3.5,47.0,34.0,30.5,17.0,0.5901520089850741,0.6172970557014359,1.0,0.33051702386183723,0.3978648058315283,0.5,0.3978648058315283,,,total,1
2015_20_NE_DEN,2015,20,2016-01-24,CON,DEN,NE,20.0,18.0,-2.5,45.0,2.0,4.5,-7.0,0.5672605890228656,0.4519505233111322,0.0,0.6368839396215057,0.5392665059587526,0.5,0.5392665059587526,,,total,0
2015_21_CAR_DEN,2015,21,2016-02-07,SB,DEN,CAR,24.0,10.0,-4.5,43.0,14.0,18.5,-9.0,0.41506120234199895,0.3399975793052606,0.0,0.336620952077054,0.40083540583977584,0.5,0.40083540583977584,,,total,0
2016_01_CAR_DEN,2016,1,2016-09-08,REG,DEN,CAR,21.0,20.0,-3.0,40.5,1.0,4.0,0.5,0.5978946929191121,0.413907284768212,1.0,0.3547417402564471,0.48965921318069655,0.5,0.48965921318069655,,,total,1
2016_01_NE_ARI,2016,1,2016-09-11,REG,ARI,NE,21.0,23.0,9.0,44.5,-2.0,-11.0,-0.5,0.5760120034435133,0.7729422894985808,0.0,0.412162649242617,0.48163622944140827,0.5,0.48163622944140827,,,total,0
2016_01_TB_ATL,2016,1,2016-09-11,REG,ATL,TB,24.0,31.0,2.5,46.5,-7.0,-9.5,8.5,0.692444320459173,0.556697108066971,1.0,0.5873967995260834,0.4583431931835726,0.5,0.4583431931835726,,,total,1
2016_01_BUF_BAL,2016,1,2016-09-11,REG,BAL,BUF,13.0,7.0,3.0,44.5,6.0,3.0,-24.5,0.5141478363868613,0.6108836002739845,0.0,0.3516316378298044,0.49010848038990174,0.5,0.49010848038990174,,,total,0
2016_01_NYG_DAL,2016,1,2016-09-11,REG,DAL,NYG,19.0,20.0,1.0,47.5,-1.0,-2.0,-8.5,0.5493522702543852,0.5172913928296243,0.0,0.4015212161236491,0.48309025296102065,0.5,0.48309025296102065,,,total,0
2016_01_CHI_HOU,2016,1,2016-09-11,REG,HOU,CHI,23.0,14.0,5.5,43.0,9.0,3.5,-6.0,0.6669304239883113,0.685002350728726,0.0,0.5625975042594717,0.4616727112799466,0.5,0.4616727112799466,,,total,0
2016_01_DET_IND,2016,1,2016-09-11,REG,IND,DET,35.0,39.0,2.5,51.5,-4.0,-6.5,22.5,0.5474653708019668,0.5775497887748944,1.0,0.29486024415031675,0.4986913020704295,0.5,0.4986913020704295,,,total,1
2016_01_GB_JAX,2016,1,2016-09-11,REG,JAX,GB,23.0,27.0,-3.5,47.0,-4.0,-0.5,3.0,0.267520079094134,0.3738994089977084,1.0,0.372952122481662,0.4870628833286419,0.5,0.4870628833286419,,,total,1
2016_01_SD_KC,2016,1,2016-09-11,REG,KC,SD,33.0,27.0,6.5,45.5,6.0,-0.5,14.5,0.8164241763425395,0.7161241483724451,1.0,0.4045576018445434,0.48267410760211116,0.5,0.48267410760211116,,,total,1
2016_01_OAK_NO,2016,1,2016-09-11,REG,NO,OAK,34.0,35.0,2.5,50.0,-1.0,-3.5,19.0,0.5958541230807777,0.5810079557598683,1.0,0.3826848172563206,0.485696987799236,0.5,0.485696987799236,,,total,1
2016_01_CIN_NYJ,2016,1,2016-09-11,REG,NYJ,CIN,22.0,23.0,1.0,42.0,-1.0,-2.0,3.0,0.4826783176126581,0.5262215623771888,1.0,0.2895388876237316,0.4995407341054875,0.5,0.4995407341054875,,,total,1
2016_01_CLE_PHI,2016,1,2016-09-11,REG,PHI,CLE,29.0,10.0,3.5,41.0,19.0,15.5,-2.0,0.72097041360314,0.6274614156466205,0.0,0.48212286246868374,0.47229731668240915,0.5,0.47229731668240915,,,total,0
2016_01_MIA_SEA,2016,1,2016-09-11,REG,SEA,MIA,12.0,10.0,10.5,43.5,2.0,-8.5,-21.5,0.8346373831183843,0.8133748055987559,0.0,0.586651414102494,0.45844399577826894,0.5,0.45844399577826894,,,total,0
2016_01_MIN_TEN,2016,1,2016-09-11,REG,TEN,MIN,16.0,25.0,-2.5,40.0,-9.0,-6.5,1.0,0.23874531814543723,0.453954604539546,1.0,0.5165667145539635,0.46776346620978926,0.5,0.46776346620978926,,,total,1
2016_01_LA_SF,2016,1,2016-09-12,REG,SF,LA,28.0,0.0,-2.5,44.0,28.0,30.5,-16.0,0.4747264466403453,0.4559761116939714,0.0,0.4468210461327999,0.47697259169345435,0.5,0.47697259169345435,,,total,0
2016_01_PIT_WAS,2016,1,2016-09-12,REG,WAS,PIT,16.0,38.0,-2.5,49.0,-22.0,-19.5,5.0,0.4134947330402609,0.44139283962726833,1.0,0.24084184481320406,0.5078081188874157,0.5,0.5078081188874157,,,total,1
2016_02_NYJ_BUF,2016,2,2016-09-15,REG,BUF,NYJ,31.0,37.0,1.5,40.5,-6.0,-7.5,27.5,0.5641282026120934,0.5419847328244275,1.0,0.519225906561004,0.4674133375160142,0.5,0.4674133375160142,,,total,1
2016_02_TB_ARI,2016,2,2016-09-18,REG,ARI,TB,40.0,7.0,7.5,49.5,33.0,25.5,-2.5,0.8025376613962018,0.7490809359864622,0.0,0.6699010745508588,0.446745177317271,0.5,0.446745177317271,,,total,0
2016_02_SF_CAR,2016,2,2016-09-18,REG,CAR,SF,46.0,27.0,12.0,44.5,19.0,7.0,28.5,0.7960144322251954,0.8223315566488998,1.0,0.3759790320588538,0.4866365722422807,0.5,0.4866365722422807,,,total,1
2016_02_BAL_CLE,2016,2,2016-09-18,REG,CLE,BAL,20.0,25.0,-4.0,42.0,-5.0,-1.0,3.0,0.38798319577233514,0.360293204124736,1.0,0.47748871860966813,0.47290843420836454,0.5,0.47290843420836454,,,total,1
2016_02_IND_DEN,2016,2,2016-09-18,REG,DEN,IND,34.0,20.0,5.0,47.0,14.0,9.0,7.0,0.8211359099598434,0.674698795180723,1.0,0.6435254086502783,0.4505682637349867,0.5,0.4505682637349867,,,total,1
2016_02_TEN_DET,2016,2,2016-09-18,REG,DET,TEN,15.0,16.0,6.0,48.0,-1.0,-7.0,-17.0,0.8236599196625759,0.7050630837293135,0.0,0.5171266209802114,0.46768975311252986,0.5,0.46768975311252986,,,total,0
2016_02_KC_HOU,2016,2,2016-09-18,REG,HOU,KC,19.0,12.0,-1.0,41.5,7.0,8.0,-10.5,0.3963189169290997,0.4953533757725013,0.0,0.6353371703325796,0.45172956766925326,0.5,0.45172956766925326,,,total,0
2016_02_SEA_LA,2016,2,2016-09-18,REG,LA,SEA,9.0,3.0,-5.5,38.0,6.0,11.5,-26.0,0.3150401186822809,0.3149976492712741,0.0,0.49675610203894593,0.4703703068107449,0.5,0.4703703068107449,,,total,0
2016_02_GB_MIN,2016,2,2016-09-18,REG,MIN,GB,17.0,14.0,-1.5,43.0,3.0,4.5,-12.0,0.5534569710910366,0.46943325045014145,0.0,0.36208887548986257,0.48860489281715813,0.5,0.48860489281715813,,,total,0
2016_02_MIA_NE,2016,2,2016-09-18,REG,NE,MIA,31.0,24.0,5.5,42.0,7.0,1.5,13.0,0.8257150283584132,0.6800775569558896,1.0,0.5220512011508517,0.4670412161077921,0.5,0.4670412161077921,,,total,1
2016_02_NO_NYG,2016,2,2016-09-18,REG,NYG,NO,16.0,13.0,3.5,54.0,3.0,-0.5,-25.0,0.609344590414748,0.6397067958752639,0.0,0.445737223300066,0.477117080327566,0.5,0.477117080327566,,,total,0
2016_02_ATL_OAK,2016,2,2016-09-18,REG,OAK,ATL,28.0,35.0,4.0,47.5,-7.0,-11.0,15.5,0.5811686669836308,0.6451127819548872,1.0,0.5162471995455377,0.4678055293336957,0.5,0.4678055293336957,,,total,1
2016_02_CIN_PIT,2016,2,2016-09-18,REG,PIT,CIN,24.0,16.0,3.0,48.0,8.0,5.0,-8.0,0.6268773492054918,0.6033428208078484,0.0,0.5544405251875871,0.4627586150759568,0.5,0.4627586150759568,,,total,0
2016_02_JAX_SD,2016,2,2016-09-18,REG,SD,JAX,38.0,14.0,3.0,47.5,24.0,21.0,4.5,0.6692408090095534,0.5775497887748944,1.0,0.35196350999318887,0.4900604533780481,0.5,0.4900604533780481,,,total,1
2016_02_DAL_WAS,2016,2,2016-09-18,REG,WAS,DAL,23.0,27.0,3.5,47.0,-4.0,-7.5,3.0,0.6189391950213748,0.6332518337408314,1.0,0.5572042659704399,0.4623911172296541,0.5,0.4623911172296541,,,total,1
2016_02_PHI_CHI,2016,2,2016-09-19,REG,CHI,PHI,14.0,29.0,3.0,42.5,-15.0,-18.0,0.5,0.4598167954111282,0.6002460024600246,1.0,0.4920331618218637,0.4709919245383625,0.5,0.4709919245383625,,,total,1
2016_03_HOU_NE,2016,3,2016-09-22,REG,NE,HOU,27.0,0.0,1.0,38.5,27.0,26.0,-11.5,0.718843471760196,0.5262215623771888,0.0,0.4863898542958432,0.47173505080474243,0.5,0.47173505080474243,,,total,0
2016_03_ARI_BUF,2016,3,2016-09-25,REG,BUF,ARI,33.0,18.0,-5.0,48.0,15.0,20.0,3.0,0.3721430062316335,0.33087087711996666,1.0,0.438770649600195,0.4780476170843986,0.5,0.4780476170843986,,,total,1
2016_03_MIN_CAR,2016,3,2016-09-25,REG,CAR,MIN,10.0,22.0,6.0,43.0,-12.0,-18.0,-11.0,0.6627625861609108,0.7050630837293135,0.0,0.45968071969090063,0.47526326579533934,0.5,0.47526326579533934,,,total,0
2016_03_DEN_CIN,2016,3,2016-09-25,REG,CIN,DEN,17.0,29.0,3.5,42.0,-12.0,-15.5,4.0,0.4285510633343496,0.6314864248974542,1.0,0.4905762434933762,0.4711837301631698,0.5,0.4711837301631698,,,total,1
2016_03_CHI_DAL,2016,3,2016-09-25,REG,DAL,CHI,31.0,17.0,6.5,45.0,14.0,7.5,3.0,0.6594351428535091,0.7050630837293135,1.0,0.5148338834116174,0.4679915728375626,0.5,0.4679915728375626,,,total,1
2016_03_DET_GB,2016,3,2016-09-25,REG,GB,DET,34.0,27.0,6.0,47.5,7.0,1.0,13.5,0.6879857426161656,0.7050630837293135,1.0,0.3847573263583765,0.48540789947181096,0.5,0.48540789947181096,,,total,1
2016_03_SD_IND,2016,3,2016-09-25,REG,IND,SD,26.0,22.0,1.5,51.5,4.0,2.5,-3.5,0.5930870038820121,0.5460453954604539,0.0,0.4882042187300334,0.4714960757496572,0.5,0.4714960757496572,,,total,0
2016_03_BAL_JAX,2016,3,2016-09-25,REG,JAX,BAL,17.0,19.0,-1.0,45.0,-2.0,-1.0,-9.0,0.33850052116056356,0.478202846975089,0.0,0.33569613181210534,0.4924404347619618,0.5,0.4924404347619618,,,total,0
2016_03_NYJ_KC,2016,3,2016-09-25,REG,KC,NYJ,24.0,3.0,3.0,44.5,21.0,18.0,-17.5,0.6857590632721097,0.6093979441997063,0.0,0.5726701237210627,0.4603259925985566,0.5,0.4603259925985566,,,total,0
2016_03_CLE_MIA,2016,3,2016-09-25,REG,MIA,CLE,30.0,24.0,10.0,42.0,6.0,-4.0,12.0,0.6751093119424203,0.7882908557935022,1.0,0.42224788462844176,0.48026882957107786,0.5,0.48026882957107786,,,total,1
2016_03_WAS_NYG,2016,3,2016-09-25,REG,NYG,WAS,27.0,29.0,3.5,47.0,-2.0,-5.5,9.0,0.6307122788311009,0.6200671122327297,1.0,0.4812379360627912,0.4724139734920581,0.5,0.4724139734920581,,,total,1
2016_03_PIT_PHI,2016,3,2016-09-25,REG,PHI,PIT,34.0,3.0,-3.5,46.5,31.0,34.5,-9.5,0.4117987779304294,0.360293204124736,0.0,0.5491460114075278,0.4634615158602621,0.5,0.4634615158602621,,,total,0
2016_03_SF_SEA,2016,3,2016-09-25,REG,SEA,SF,37.0,18.0,10.5,42.0,19.0,8.5,13.0,0.7887076704098039,0.801195676184097,1.0,0.5493985974029545,0.463428014011236,0.5,0.463428014011236,,,total,1
2016_03_LA_TB,2016,3,2016-09-25,REG,TB,LA,32.0,37.0,3.5,40.5,-5.0,-8.5,28.5,0.45727885826071313,0.6186511705872493,1.0,0.4929446895680788,0.4708719340732327,0.5,0.4708719340732327,,,total,1
2016_03_OAK_TEN,2016,3,2016-09-25,REG,TEN,OAK,10.0,17.0,-1.5,47.0,-7.0,-5.5,-20.0,0.4291915011642073,0.4672897196261682,0.0,0.5015830437030933,0.46973517360092654,0.5,0.46973517360092654,,,total,0
2016_03_ATL_NO,2016,3,2016-09-26,REG,NO,ATL,32.0,45.0,2.5,54.0,-13.0,-15.5,23.0,0.5244842759321819,0.5965083053348824,1.0,0.5663874513971519,0.46116679671239524,0.5,0.46116679671239524,,,total,1
2016_04_MIA_CIN,2016,4,2016-09-29,REG,CIN,MIA,22.0,7.0,7.5,46.0,15.0,7.5,-17.0,0.7374475645184826,0.75416247625433,0.0,0.5826251384735706,0.45898763467388576,0.5,0.45898763467388576,,,total,0
2016_04_LA_ARI,2016,4,2016-10-02,REG,ARI,LA,13.0,17.0,10.0,43.5,-4.0,-14.0,-13.5,0.6806052262511076,0.7863656389496172,0.0,0.6611425988765994,0.4480297846151553,0.5,0.4480297846151553,,,total,0
2016_04_CAR_ATL,2016,4,2016-10-02,REG,ATL,CAR,48.0,33.0,-2.5,48.5,15.0,17.5,32.5,0.4046775534957684,0.43391066545123064,1.0,0.6068756156358646,0.4556894223136739,0.5,0.4556894223136739,,,total,1
2016_04_OAK_BAL,2016,4,2016-10-02,REG,BAL,OAK,27.0,28.0,3.5,45.0,-1.0,-4.5,10.0,0.6746025586478954,0.6332518337408314,1.0,0.39413935375679215,0.48410645525519963,0.5,0.48410645525519963,,,total,1
2016_04_DET_CHI,2016,4,2016-10-02,REG,CHI,DET,17.0,14.0,-3.0,48.0,3.0,6.0,-17.0,0.407197767590613,0.37665039500700276,0.0,0.3052434349509608,0.4970590688910399,0.5,0.4970590688910399,,,total,0
2016_04_TEN_HOU,2016,4,2016-10-02,REG,HOU,TEN,27.0,20.0,4.0,40.0,7.0,3.0,7.0,0.8277468352520374,0.6463391320971134,1.0,0.7090862283370047,0.4407733257062706,0.5,0.4407733257062706,,,total,1
2016_04_IND_JAX,2016,4,2016-10-02,REG,JAX,IND,30.0,27.0,1.0,48.0,3.0,2.0,9.0,0.31122594236016154,0.5023229882921391,1.0,0.30379889819971545,0.49728423495751095,0.5,0.49728423495751095,,,total,1
2016_04_BUF_NE,2016,4,2016-10-02,REG,NE,BUF,0.0,16.0,3.5,41.0,-16.0,-19.5,-25.0,0.7635250891252758,0.6143408084559349,0.0,0.49346350626797086,0.4708036430881685,0.5,0.4708036430881685,,,total,0
2016_04_SEA_NYJ,2016,4,2016-10-02,REG,NYJ,SEA,17.0,27.0,-1.0,40.0,-10.0,-9.0,4.0,0.4008488196834821,0.4827086071703758,1.0,0.5664328894845658,0.4611607255631242,0.5,0.4611607255631242,,,total,1
2016_04_KC_PIT,2016,4,2016-10-02,REG,PIT,KC,43.0,14.0,3.0,48.0,29.0,26.0,9.0,0.5330639783193666,0.6233496049929973,1.0,0.4332355741487501,0.47878933906469334,0.5,0.47878933906469334,,,total,1
2016_04_NO_SD,2016,4,2016-10-02,REG,SD,NO,34.0,35.0,4.0,54.0,-1.0,-5.0,15.0,0.6115814303121001,0.6463391320971134,1.0,0.3711281643484587,0.48732045481559244,0.5,0.48732045481559244,,,total,1
2016_04_DAL_SF,2016,4,2016-10-02,REG,SF,DAL,17.0,24.0,-1.0,44.0,-7.0,-6.0,-3.0,0.541505180972896,0.46214743124779806,0.0,0.5942176939877918,0.45741834251388963,0.5,0.45741834251388963,,,total,0
2016_04_DEN_TB,2016,4,2016-10-02,REG,TB,DEN,7.0,27.0,-3.5,43.0,-20.0,-16.5,-9.0,0.18931616583626143,0.3813488294127508,0.0,0.5301126868702145,0.4659785323030559,0.5,0.4659785323030559,,,total,0
2016_04_CLE_WAS,2016,4,2016-10-02,REG,WAS,CLE,31.0,20.0,7.5,48.0,11.0,3.5,3.0,0.7328602644346451,0.75416247625433,1.0,0.44432029776326903,0.4773060859559788,0.5,0.4773060859559788,,,total,1
2016_04_NYG_MIN,2016,4,2016-10-03,REG,MIN,NYG,24.0,10.0,3.5,42.5,14.0,10.5,-8.5,0.7837655846772468,0.6451127819548872,0.0,0.6819431742452673,0.4449514434864928,0.5,0.4449514434864928,,,total,0
2016_05_ARI_SF,2016,5,2016-10-06,REG,SF,ARI,21.0,33.0,-3.5,42.5,-12.0,-8.5,11.5,0.3742793883966055,0.36284835962304085,1.0,0.5513936004810754,0.46316329744832563,0.5,0.46316329744832563,,,total,1
2016_05_WAS_BAL,2016,5,2016-10-09,REG,BAL,WAS,10.0,16.0,4.0,44.5,-6.0,-10.0,-18.5,0.6300676667639781,0.6451127819548872,0.0,0.34175162012358734,0.4915481432445883,0.5,0.4915481432445883,,,total,0
2016_05_NE_CLE,2016,5,2016-10-09,REG,CLE,NE,13.0,33.0,-10.0,47.5,-20.0,-10.0,-1.5,0.20148975550554074,0.20128087831655989,0.0,0.5561448066591441,0.46253204436290163,0.5,0.46253204436290163,,,total,0
2016_05_CIN_DAL,2016,5,2016-10-09,REG,DAL,CIN,28.0,14.0,-2.5,46.0,14.0,16.5,-4.0,0.47058384783899376,0.453954604539546,0.0,0.6788173623322445,0.4454202763283681,0.5,0.4454202763283681,,,total,0
2016_05_ATL_DEN,2016,5,2016-10-09,REG,DEN,ATL,16.0,23.0,3.5,44.5,-7.0,-10.5,-5.5,0.7927855451195243,0.6451127819548872,0.0,0.6451567874389451,0.45033555696154143,0.5,0.45033555696154143,,,total,0
2016_05_PHI_DET,2016,5,2016-10-09,REG,DET,PHI,24.0,23.0,-3.5,46.0,1.0,4.5,1.0,0.45048946774846016,0.36674816625916873,1.0,0.5830291969866899,0.45893314154080306,0.5,0.45893314154080306,,,total,1
2016_05_NYG_GB,2016,5,2016-10-09,REG,GB,NYG,23.0,16.0,7.0,49.0,7.0,0.0,-10.0,0.7639211242052112,0.7368896226171744,0.0,0.365391382449895,0.48813405189658626,0.5,0.48813405189658626,,,total,0
2016_05_CHI_IND,2016,5,2016-10-09,REG,IND,CHI,29.0,23.0,4.0,47.5,6.0,2.0,4.5,0.6525845849510057,0.6527218785216531,1.0,0.3536238865077482,0.4898204834452832,0.5,0.4898204834452832,,,total,1
2016_05_BUF_LA,2016,5,2016-10-09,REG,LA,BUF,19.0,30.0,-2.5,41.5,-11.0,-8.5,7.5,0.5393854513678837,0.4519505233111322,1.0,0.5585971191663756,0.4622057462874979,0.5,0.4622057462874979,,,total,1
2016_05_TEN_MIA,2016,5,2016-10-09,REG,MIA,TEN,17.0,30.0,2.5,44.5,-13.0,-15.5,2.5,0.732437803831425,0.5586071603727317,1.0,0.3510022515776766,0.49019961981523175,0.5,0.49019961981523175,,,total,1
2016_05_HOU_MIN,2016,5,2016-10-09,REG,MIN,HOU,31.0,13.0,6.0,39.0,18.0,12.0,5.0,0.7276212353594524,0.6969696969696969,1.0,0.6910304850779252,0.4435747778754739,0.5,0.4435747778754739,,,total,1
2016_05_SD_OAK,2016,5,2016-10-09,REG,OAK,SD,34.0,31.0,3.5,50.5,3.0,-0.5,14.5,0.6205714941384642,0.6332518337408314,1.0,0.3556191068763529,0.4895327992324183,0.5,0.4895327992324183,,,total,1
2016_05_NYJ_PIT,2016,5,2016-10-09,REG,PIT,NYJ,31.0,13.0,10.0,50.0,18.0,8.0,-6.0,0.749339419047528,0.7770903466472567,0.0,0.4071783483233502,0.4823157514872176,0.5,0.4823157514872176,,,total,0
2016_05_TB_CAR,2016,5,2016-10-10,REG,CAR,TB,14.0,17.0,6.0,46.5,-3.0,-9.0,-15.5,0.8163977102588919,0.6921645130114186,0.0,0.5573841492620615,0.46236718327455867,0.5,0.46236718327455867,,,total,0
2016_06_DEN_SD,2016,6,2016-10-13,REG,SD,DEN,21.0,13.0,-3.0,44.0,8.0,11.0,-10.0,0.23082754781548204,0.413907284768212,0.0,0.6558256382783672,0.4488020303109375,0.5,0.4488020303109375,,,total,0
2016_06_SF_BUF,2016,6,2016-10-16,REG,BUF,SF,45.0,16.0,7.5,44.0,29.0,21.5,17.0,0.8016471751423252,0.7353719494266393,1.0,0.4511978899339068,0.47638980762191363,0.5,0.47638980762191363,,,total,1
2016_06_JAX_CHI,2016,6,2016-10-16,REG,CHI,JAX,16.0,17.0,2.5,46.0,-1.0,-3.5,-13.0,0.619745740761588,0.5679213219076544,0.0,0.6076752797285637,0.45557960010896703,0.5,0.45557960010896703,,,total,0
2016_06_LA_DET,2016,6,2016-10-16,REG,DET,LA,31.0,28.0,2.5,44.0,3.0,0.5,15.0,0.5470692623619668,0.5775497887748944,1.0,0.5645136402771321,0.4614170448681638,0.5,0.4614170448681638,,,total,1
2016_06_DAL_GB,2016,6,2016-10-16,REG,GB,DAL,16.0,30.0,5.0,47.0,-14.0,-19.0,-1.0,0.6966189880577209,0.6862401891869245,0.0,0.5533782349305033,0.4628997595021559,0.5,0.4628997595021559,,,total,0
2016_06_IND_HOU,2016,6,2016-10-16,REG,HOU,IND,26.0,23.0,3.0,47.5,3.0,0.0,1.5,0.6507213906999453,0.6002460024600246,1.0,0.4127593265129802,0.4815550548356628,0.5,0.4815550548356628,,,total,1
2016_06_PIT_MIA,2016,6,2016-10-16,REG,MIA,PIT,30.0,15.0,-7.5,49.5,15.0,22.5,-4.5,0.22378042530451256,0.26462805057336075,0.0,0.5453189544291549,0.4639687585733262,0.5,0.4639687585733262,,,total,0
2016_06_CIN_NE,2016,6,2016-10-16,REG,NE,CIN,35.0,17.0,7.5,48.5,18.0,10.5,3.5,0.6950237498330158,0.7516485398646913,1.0,0.39965484906106397,0.48334656784021457,0.5,0.48334656784021457,,,total,1
2016_06_CAR_NO,2016,6,2016-10-16,REG,NO,CAR,41.0,38.0,-2.5,53.5,3.0,5.5,25.5,0.37017346958389347,0.4320786780923455,1.0,0.60376701760299,0.45611564285433276,0.5,0.45611564285433276,,,total,1
2016_06_BAL_NYG,2016,6,2016-10-16,REG,NYG,BAL,27.0,23.0,3.5,42.5,4.0,0.5,7.5,0.5290753527258466,0.6397067958752639,1.0,0.6117217874946859,0.4550227065085132,0.5,0.4550227065085132,,,total,1
2016_06_KC_OAK,2016,6,2016-10-16,REG,OAK,KC,10.0,26.0,-1.0,46.5,-16.0,-15.0,-10.5,0.38186515648715474,0.46214743124779806,0.0,0.43004739892674143,0.4792176121080586,0.5,0.4792176121080586,,,total,0
2016_06_ATL_SEA,2016,6,2016-10-16,REG,SEA,ATL,26.0,24.0,7.0,45.5,2.0,-5.0,4.5,0.6941251816080363,0.7333014887349733,1.0,0.5587283814447336,0.4621882712138658,0.5,0.4621882712138658,,,total,1
2016_06_CLE_TEN,2016,6,2016-10-16,REG,TEN,CLE,28.0,26.0,7.5,45.0,2.0,-5.5,9.0,0.6171206957940923,0.7464578672632363,1.0,0.2941318773591277,0.49880703519779984,0.5,0.49880703519779984,,,total,1
2016_06_PHI_WAS,2016,6,2016-10-16,REG,WAS,PHI,27.0,20.0,-3.0,45.0,7.0,10.0,2.0,0.4819199495714767,0.413907284768212,1.0,0.5930802261943169,0.45757288484474895,0.5,0.45757288484474895,,,total,1
2016_06_NYJ_ARI,2016,6,2016-10-17,REG,ARI,NYJ,28.0,3.0,7.5,46.0,25.0,17.5,-15.0,0.7095910275430625,0.7590361445783131,0.0,0.46111281558414763,0.4750734282352332,0.5,0.4750734282352332,,,total,0
2016_07_CHI_GB,2016,7,2016-10-20,REG,GB,CHI,26.0,10.0,7.5,46.5,16.0,8.5,-10.5,0.8131874173347577,0.7516485398646913,0.0,0.4358395117445787,0.47844012285905807,0.5,0.47844012285905807,,,total,0
2016_07_SEA_ARI,2016,7,2016-10-23,REG,ARI,SEA,6.0,6.0,2.5,43.0,0.0,-2.5,-31.0,0.4868925237458308,0.5586071603727317,0.0,0.5841470471734241,0.45878230978225004,0.5,0.45878230978225004,,,total,0
2016_07_SD_ATL,2016,7,2016-10-23,REG,ATL,SD,30.0,33.0,4.5,52.5,-3.0,-7.5,10.5,0.7280783751524709,0.658869395711501,1.0,0.6670146222242069,0.44717031289568726,0.5,0.44717031289568726,,,total,1
2016_07_CLE_CIN,2016,7,2016-10-23,REG,CIN,CLE,31.0,17.0,11.5,46.5,14.0,2.5,1.5,0.8292199549616555,0.8316708229426435,1.0,0.4320781453933836,0.47894472710538827,0.5,0.47894472710538827,,,total,1
2016_07_WAS_DET,2016,7,2016-10-23,REG,DET,WAS,20.0,17.0,-1.0,50.0,3.0,4.0,-13.0,0.5562234936509461,0.5,0.0,0.5712758933036863,0.46051282282478595,0.5,0.46051282282478595,,,total,0
2016_07_OAK_JAX,2016,7,2016-10-23,REG,JAX,OAK,16.0,33.0,1.5,47.5,-17.0,-18.5,1.5,0.45871137760210035,0.537852568752202,1.0,0.29805752731858565,0.49818522682551813,0.5,0.49818522682551813,,,total,1
2016_07_NO_KC,2016,7,2016-10-23,REG,KC,NO,27.0,21.0,6.0,51.0,6.0,0.0,-3.0,0.8021366171765834,0.6930878035761944,0.0,0.4246767203328551,0.47994091742226697,0.5,0.47994091742226697,,,total,0
2016_07_NYG_LA,2016,7,2016-10-23,REG,LA,NYG,10.0,17.0,-3.0,44.5,-7.0,-4.0,-17.5,0.552755460416596,0.4224502112251056,0.0,0.4285363411668519,0.4794208759464818,0.5,0.4794208759464818,,,total,0
2016_07_BUF_MIA,2016,7,2016-10-23,REG,MIA,BUF,28.0,25.0,-2.5,46.0,3.0,5.5,7.0,0.32784784781114734,0.44139283962726833,1.0,0.5328841004257172,0.4656128185513597,0.5,0.4656128185513597,,,total,1
2016_07_BAL_NYJ,2016,7,2016-10-23,REG,NYJ,BAL,24.0,16.0,2.0,40.5,8.0,6.0,-0.5,0.5812786385378989,0.537852568752202,0.0,0.4082781340817865,0.48216559044524465,0.5,0.48216559044524465,,,total,0
2016_07_MIN_PHI,2016,7,2016-10-23,REG,PHI,MIN,21.0,10.0,-2.5,39.0,11.0,13.5,-8.0,0.4082640202085939,0.4519505233111322,0.0,0.28545613329714203,0.5001987361769017,0.5,0.5001987361769017,,,total,0
2016_07_NE_PIT,2016,7,2016-10-23,REG,PIT,NE,16.0,27.0,-7.5,49.0,-11.0,-3.5,-6.0,0.5129406713720988,0.271105010295127,0.0,0.4993874566359587,0.47002405653594165,0.5,0.47002405653594165,,,total,0
2016_07_TB_SF,2016,7,2016-10-23,REG,SF,TB,17.0,34.0,1.0,45.0,-17.0,-18.0,6.0,0.5502352187201711,0.521797153024911,1.0,0.4947262778862661,0.4706374385685515,0.5,0.4706374385685515,,,total,1
2016_07_IND_TEN,2016,7,2016-10-23,REG,TEN,IND,26.0,34.0,4.0,48.5,-8.0,-12.0,11.5,0.4311763662719366,0.6451127819548872,1.0,0.3175073679660589,0.4951707841675082,0.5,0.4951707841675082,,,total,1
2016_07_HOU_DEN,2016,7,2016-10-24,REG,DEN,HOU,27.0,9.0,8.5,40.0,18.0,9.5,-4.0,0.7292384015289683,0.7750359478640011,0.0,0.6856450402717185,0.4443931436445382,0.5,0.4443931436445382,,,total,0
2016_08_JAX_TEN,2016,8,2016-10-27,REG,TEN,JAX,36.0,22.0,3.0,43.5,14.0,11.0,14.5,0.5735298847163799,0.5757997218358832,1.0,0.495966185152411,0.47047425839164525,0.5,0.47047425839164525,,,total,1
2016_08_GB_ATL,2016,8,2016-10-30,REG,ATL,GB,33.0,32.0,3.0,51.0,1.0,-2.0,14.0,0.5265374714102018,0.5916792592354435,1.0,0.6810691741638611,0.44508276811896247,0.5,0.44508276811896247,,,total,1
2016_08_NE_BUF,2016,8,2016-10-30,REG,BUF,NE,25.0,41.0,-5.5,48.0,-16.0,-10.5,18.0,0.4537288271903211,0.3149976492712741,1.0,0.46516245656474964,0.4745370998229872,0.5,0.4745370998229872,,,total,1
2016_08_ARI_CAR,2016,8,2016-10-30,REG,CAR,ARI,30.0,20.0,2.5,45.5,10.0,7.5,4.5,0.49765699769546295,0.5586071603727317,1.0,0.4781131679628801,0.47282605408187706,0.5,0.47282605408187706,,,total,1
2016_08_WAS_CIN,2016,8,2016-10-30,REG,CIN,WAS,27.0,27.0,3.0,49.0,0.0,-3.0,5.0,0.5408641486369028,0.5860927152317882,1.0,0.512939435637753,0.4682409161554089,0.5,0.4682409161554089,,,total,1
2016_08_NYJ_CLE,2016,8,2016-10-30,REG,CLE,NYJ,28.0,31.0,-2.5,45.5,-3.0,-0.5,13.5,0.31604666335391624,0.44139283962726833,1.0,0.32433008332086394,0.4941373282572909,0.5,0.4941373282572909,,,total,1
2016_08_PHI_DAL,2016,8,2016-10-30,REG,DAL,PHI,29.0,23.0,5.0,44.0,6.0,1.0,8.0,0.5690464145623518,0.6757296083811425,1.0,0.4544778228565696,0.475953784651576,0.5,0.475953784651576,,,total,1
2016_08_SD_DEN,2016,8,2016-10-30,REG,DEN,SD,27.0,19.0,3.5,43.0,8.0,4.5,3.0,0.796726857797589,0.6233496049929973,1.0,0.6168882399510054,0.4543087474246496,0.5,0.4543087474246496,,,total,1
2016_08_DET_HOU,2016,8,2016-10-30,REG,HOU,DET,20.0,13.0,1.0,46.5,7.0,6.0,-13.5,0.5733795385860713,0.5092984332140034,0.0,0.643721996801812,0.45054024571469337,0.5,0.45054024571469337,,,total,0
2016_08_KC_IND,2016,8,2016-10-30,REG,IND,KC,14.0,30.0,-3.0,50.5,-16.0,-13.0,-6.5,0.3526157363357981,0.4320786780923455,0.0,0.49232585200150425,0.4709533946938387,0.5,0.4709533946938387,,,total,0
2016_08_SEA_NO,2016,8,2016-10-30,REG,NO,SEA,25.0,20.0,-1.0,50.0,5.0,6.0,-5.0,0.2585450944945206,0.5,0.0,0.595857803138783,0.4571952807055898,0.5,0.4571952807055898,,,total,0
2016_08_OAK_TB,2016,8,2016-10-30,REG,TB,OAK,24.0,30.0,1.0,48.0,-6.0,-7.0,6.0,0.5424387562485944,0.5262215623771888,1.0,0.4794588567555249,0.4726485602242514,0.5,0.4726485602242514,,,total,1
2016_08_MIN_CHI,2016,8,2016-10-31,REG,CHI,MIN,20.0,10.0,-5.5,39.5,10.0,15.5,-9.5,0.22792098826689924,0.3199224430441105,0.0,0.42123607705167754,0.480405585597875,0.5,0.480405585597875,,,total,0
2016_09_ATL_TB,2016,9,2016-11-03,REG,TB,ATL,28.0,43.0,-4.5,49.0,-15.0,-10.5,22.0,0.39528674931000557,0.3437781785392245,1.0,0.4242764418891324,0.47999492278264966,0.5,0.47999492278264966,,,total,1
2016_09_PIT_BAL,2016,9,2016-11-06,REG,BAL,PIT,21.0,14.0,-3.5,46.0,7.0,10.5,-11.0,0.3982853061280538,0.4066985645933015,0.0,0.41923705228287783,0.48067604675416675,0.5,0.48067604675416675,,,total,0
2016_09_DAL_CLE,2016,9,2016-11-06,REG,CLE,DAL,10.0,35.0,-7.0,49.0,-25.0,-18.0,-4.0,0.20349654587614815,0.2749213753136153,0.0,0.5435331069659611,0.46420523604515634,0.5,0.46420523604515634,,,total,0
2016_09_IND_GB,2016,9,2016-11-06,REG,GB,IND,26.0,31.0,7.5,52.0,-5.0,-12.5,5.0,0.7370313256621035,0.75416247625433,1.0,0.2903261888426522,0.4994144836022344,0.5,0.4994144836022344,,,total,1
2016_09_JAX_KC,2016,9,2016-11-06,REG,KC,JAX,19.0,14.0,7.0,42.5,5.0,-2.0,-9.5,0.9061276449577368,0.7319034852546917,0.0,0.5731105945090916,0.46026693875285757,0.5,0.46026693875285757,,,total,0
2016_09_CAR_LA,2016,9,2016-11-06,REG,LA,CAR,10.0,13.0,-3.0,44.5,-3.0,0.0,-21.5,0.44042230784883063,0.43026174256005734,0.0,0.5320052924439035,0.4657288093548446,0.5,0.4657288093548446,,,total,0
2016_09_NYJ_MIA,2016,9,2016-11-06,REG,MIA,NYJ,27.0,23.0,3.5,45.0,4.0,0.5,5.0,0.5076446340506243,0.6397067958752639,1.0,0.40984317618543775,0.481952126109335,0.5,0.481952126109335,,,total,1
2016_09_DET_MIN,2016,9,2016-11-06,REG,MIN,DET,16.0,22.0,4.0,42.5,-6.0,-10.0,-4.5,0.7015172929524743,0.6438780948689375,0.0,0.6656051612310574,0.4473772633969757,0.5,0.4473772633969757,,,total,0
2016_09_PHI_NYG,2016,9,2016-11-06,REG,NYG,PHI,28.0,23.0,3.0,42.5,5.0,2.0,8.5,0.4786485277753264,0.5844112492697988,1.0,0.6240217278307977,0.45331721875777725,0.5,0.45331721875777725,,,total,1
2016_09_DEN_OAK,2016,9,2016-11-06,REG,OAK,DEN,30.0,20.0,1.0,44.5,10.0,9.0,5.5,0.3375205173296766,0.4930284439486894,1.0,0.6295477126534618,0.4525442517788393,0.5,0.4525442517788393,,,total,1
2016_09_TEN_SD,2016,9,2016-11-06,REG,SD,TEN,43.0,35.0,3.5,47.5,8.0,4.5,30.5,0.7236154276610229,0.6261005910022917,1.0,0.47248993068107153,0.4735683058120591,0.5,0.4735683058120591,,,total,1
2016_09_NO_SF,2016,9,2016-11-06,REG,SF,NO,23.0,41.0,-5.0,53.0,-18.0,-13.0,11.0,0.4382367879158406,0.3366422097539922,1.0,0.3040882383047942,0.49723908604833456,0.5,0.49723908604833456,,,total,1
2016_09_BUF_SEA,2016,9,2016-11-07,REG,SEA,BUF,31.0,25.0,5.5,43.5,6.0,0.5,12.5,0.6838715450922206,0.6712553934662009,1.0,0.5798382467920923,0.45936311080179243,0.5,0.45936311080179243,,,total,1
2016_10_CLE_BAL,2016,10,2016-11-10,REG,BAL,CLE,28.0,7.0,7.5,44.0,21.0,13.5,-9.0,0.8104062965450485,0.7566244633432689,0.0,0.43507779603466523,0.47854222502273386,0.5,0.47854222502273386,,,total,0
2016_10_SF_ARI,2016,10,2016-11-13,REG,ARI,SF,23.0,20.0,14.0,46.5,3.0,-11.0,-3.5,0.8488668981838836,0.8733924168721262,0.0,0.6131396141386156,0.4548271094767638,0.5,0.4548271094767638,,,total,0
2016_10_KC_CAR,2016,10,2016-11-13,REG,CAR,KC,17.0,20.0,3.0,44.0,-3.0,-6.0,-7.0,0.4783672126161935,0.6143408084559349,0.0,0.5232641625895734,0.466881411759956,0.5,0.466881411759956,,,total,0
2016_10_HOU_JAX,2016,10,2016-11-13,REG,JAX,HOU,21.0,24.0,3.0,42.0,-3.0,-6.0,3.0,0.28163696772501545,0.5949110703209063,1.0,0.6306580713306117,0.45238839803061404,0.5,0.45238839803061404,,,total,1
2016_10_SEA_NE,2016,10,2016-11-13,REG,NE,SEA,24.0,31.0,7.5,49.5,-7.0,-14.5,5.5,0.6430850384207518,0.7382366085679627,1.0,0.34198258660596037,0.49151426331577763,0.5,0.49151426331577763,,,total,1
2016_10_DEN_NO,2016,10,2016-11-13,REG,NO,DEN,23.0,25.0,3.0,50.0,-2.0,-5.0,-2.0,0.37114985246734405,0.5860927152317882,0.0,0.46606485989477164,0.4744176801978006,0.5,0.4744176801978006,,,total,0
2016_10_LA_NYJ,2016,10,2016-11-13,REG,NYJ,LA,6.0,9.0,-1.0,39.0,-3.0,-2.0,-24.0,0.6003229087300249,0.478202846975089,0.0,0.4478128332205474,0.4768404351429743,0.5,0.4768404351429743,,,total,0
2016_10_ATL_PHI,2016,10,2016-11-13,REG,PHI,ATL,24.0,15.0,2.0,48.5,9.0,7.0,-9.5,0.524719809006816,0.537852568752202,0.0,0.48003944999174547,0.47257199547567386,0.5,0.47257199547567386,,,total,0
2016_10_DAL_PIT,2016,10,2016-11-13,REG,PIT,DAL,30.0,35.0,3.0,50.5,-5.0,-8.0,14.5,0.5162594864975478,0.6186511705872493,1.0,0.5206931333360069,0.467220105283726,0.5,0.467220105283726,,,total,1
2016_10_MIA_SD,2016,10,2016-11-13,REG,SD,MIA,24.0,31.0,4.0,48.5,-7.0,-11.0,6.5,0.6013061534421678,0.6487671491207393,1.0,0.297466103028653,0.4982786015700374,0.5,0.4982786015700374,,,total,1
2016_10_CHI_TB,2016,10,2016-11-13,REG,TB,CHI,36.0,10.0,-2.5,45.0,26.0,28.5,1.0,0.5762651477806497,0.4224502112251056,1.0,0.49315360530428354,0.47084443447646407,0.5,0.47084443447646407,,,total,1
2016_10_GB_TEN,2016,10,2016-11-13,REG,TEN,GB,47.0,25.0,-3.0,48.5,22.0,25.0,23.5,0.29643913052345783,0.43026174256005734,1.0,0.544869766400382,0.464028251701495,0.5,0.464028251701495,,,total,1
2016_10_MIN_WAS,2016,10,2016-11-13,REG,WAS,MIN,26.0,20.0,2.5,42.0,6.0,3.5,4.0,0.5008257065567661,0.5775497887748944,1.0,0.5515181262342694,0.46314676765058743,0.5,0.46314676765058743,,,total,1
2016_10_CIN_NYG,2016,10,2016-11-14,REG,NYG,CIN,21.0,20.0,-1.0,49.5,1.0,2.0,-8.5,0.5380970144381396,0.4827086071703758,0.0,0.4696313392582888,0.4739460185065891,0.5,0.4739460185065891,,,total,0
2016_11_NO_CAR,2016,11,2016-11-17,REG,CAR,NO,23.0,20.0,3.5,52.5,3.0,-0.5,-9.5,0.7024991245865434,0.6328092676872155,0.0,0.4977974166145633,0.4702332788664537,0.5,0.4702332788664537,,,total,0
2016_11_BUF_CIN,2016,11,2016-11-20,REG,CIN,BUF,12.0,16.0,2.5,48.0,-4.0,-6.5,-20.0,0.5471251088109633,0.562379468921525,0.0,0.560146358606116,0.4619994302795403,0.5,0.4619994302795403,,,total,0
2016_11_PIT_CLE,2016,11,2016-11-20,REG,CLE,PIT,9.0,24.0,-8.0,45.5,-15.0,-7.0,-12.5,0.2307051155003345,0.2624351932652328,0.0,0.3251772525900436,0.4940098071437622,0.5,0.4940098071437622,,,total,0
2016_11_BAL_DAL,2016,11,2016-11-20,REG,DAL,BAL,27.0,17.0,7.0,44.5,10.0,3.0,-0.5,0.7400212569152643,0.7319034852546917,0.0,0.34169699072308996,0.4915561583232706,0.5,0.4915561583232706,,,total,0
2016_11_JAX_DET,2016,11,2016-11-20,REG,DET,JAX,26.0,19.0,5.5,47.0,7.0,1.5,-2.0,0.8321998413939553,0.6800775569558896,0.0,0.5712926315630444,0.4605105806971346,0.5,0.4605105806971346,,,total,0
2016_11_TEN_IND,2016,11,2016-11-20,REG,IND,TEN,24.0,17.0,3.0,53.5,7.0,4.0,-12.5,0.6988792467465984,0.5697382574399427,0.0,0.3851901414349314,0.4853476025551942,0.5,0.4853476025551942,,,total,0
2016_11_TB_KC,2016,11,2016-11-20,REG,KC,TB,17.0,19.0,7.0,45.0,-2.0,-9.0,-9.0,0.8430123618528139,0.7258155230596175,0.0,0.49458345601369463,0.4706562358064413,0.5,0.4706562358064413,,,total,0
2016_11_MIA_LA,2016,11,2016-11-20,REG,LA,MIA,10.0,14.0,1.0,39.0,-4.0,-5.0,-15.0,0.5696968007324706,0.5046466242274987,0.0,0.49311721182761836,0.4708492249173715,0.5,0.4708492249173715,,,total,0
2016_11_ARI_MIN,2016,11,2016-11-20,REG,MIN,ARI,30.0,24.0,2.0,39.5,6.0,4.0,14.5,0.5168824880474706,0.5419847328244275,1.0,0.509971232639622,0.46863152110768463,0.5,0.46863152110768463,,,total,1
2016_11_CHI_NYG,2016,11,2016-11-20,REG,NYG,CHI,22.0,16.0,7.0,41.5,6.0,-1.0,-3.5,0.7471762485538439,0.7211503458318166,0.0,0.42848871076101747,0.47942728607877827,0.5,0.47942728607877827,,,total,0
2016_11_PHI_SEA,2016,11,2016-11-20,REG,SEA,PHI,26.0,15.0,6.5,43.0,11.0,4.5,-2.0,0.7332380110386846,0.7086409898223908,0.0,0.4946870040916981,0.4706426074970168,0.5,0.4706426074970168,,,total,0
2016_11_NE_SF,2016,11,2016-11-20,REG,SF,NE,17.0,30.0,-10.5,51.5,-13.0,-2.5,-4.5,0.16393887986910363,0.18662519440124417,0.0,0.2571926995971248,0.5049212968926327,0.5,0.5049212968926327,,,total,0
2016_11_GB_WAS,2016,11,2016-11-20,REG,WAS,GB,42.0,24.0,2.5,48.5,18.0,15.5,17.5,0.6128975034685995,0.556697108066971,1.0,0.17471966091997115,0.5211490438024925,0.5,0.5211490438024925,,,total,1
2016_11_HOU_OAK,2016,11,2016-11-21,REG,OAK,HOU,27.0,20.0,6.5,45.5,7.0,0.5,1.5,0.4878449285048083,0.6996383748138693,1.0,0.3859574070646641,0.4852407753632977,0.5,0.4852407753632977,,,total,1
2016_12_WAS_DAL,2016,12,2016-11-24,REG,DAL,WAS,31.0,26.0,5.5,53.0,5.0,-0.5,4.0,0.6802680129395471,0.6810745187212147,1.0,0.3760635937612065,0.48662468256889513,0.5,0.48662468256889513,,,total,1
2016_12_MIN_DET,2016,12,2016-11-24,REG,DET,MIN,16.0,13.0,2.0,42.0,3.0,1.0,-13.0,0.5388092958934537,0.5305667495498585,0.0,0.5955974958278577,0.45723070177065983,0.5,0.45723070177065983,,,total,0
2016_12_PIT_IND,2016,12,2016-11-24,REG,IND,PIT,7.0,28.0,-8.0,50.0,-21.0,-13.0,-15.0,0.5076387614083515,0.21891418563922943,0.0,0.5037738803574546,0.4694469279129772,0.5,0.4694469279129772,,,total,0
2016_12_ARI_ATL,2016,12,2016-11-27,REG,ATL,ARI,38.0,19.0,3.5,49.0,19.0,15.5,8.0,0.5602907164749594,0.6358607389362566,1.0,0.48131256190493116,0.4724041351181668,0.5,0.4724041351181668,,,total,1
2016_12_CIN_BAL,2016,12,2016-11-27,REG,BAL,CIN,19.0,14.0,3.5,42.0,5.0,1.5,-9.0,0.5290407125215622,0.6332518337408314,0.0,0.29471035424050496,0.49871510505104477,0.5,0.49871510505104477,,,total,0
2016_12_JAX_BUF,2016,12,2016-11-27,REG,BUF,JAX,28.0,21.0,8.5,43.5,7.0,-1.5,5.5,0.8668015315208495,0.7590361445783131,1.0,0.4838858468404373,0.47206496086761757,0.5,0.47206496086761757,,,total,1
2016_12_TEN_CHI,2016,12,2016-11-27,REG,CHI,TEN,21.0,27.0,-6.5,41.5,-6.0,0.5,6.5,0.5643400433275829,0.303030303030303,1.0,0.5582214578803096,0.4622557529334983,0.5,0.4622557529334983,,,total,1
2016_12_NYG_CLE,2016,12,2016-11-27,REG,CLE,NYG,13.0,27.0,-6.5,47.0,-14.0,-7.5,-7.0,0.23044984599458113,0.28970863363304095,0.0,0.3453673489918609,0.49101901793172753,0.5,0.49101901793172753,,,total,0
2016_12_KC_DEN,2016,12,2016-11-27,REG,DEN,KC,27.0,30.0,3.5,40.0,-3.0,-6.5,17.0,0.5685906813427022,0.6261005910022917,1.0,0.3746688405452566,0.48682092810468397,0.5,0.48682092810468397,,,total,1
2016_12_SD_HOU,2016,12,2016-11-27,REG,HOU,SD,13.0,21.0,-2.5,45.5,-8.0,-5.5,-11.5,0.6615811402779955,0.4519505233111322,0.0,0.5293079270668533,0.4660846877877854,0.5,0.4660846877877854,,,total,0
2016_12_SF_MIA,2016,12,2016-11-27,REG,MIA,SF,31.0,24.0,7.0,44.5,7.0,0.0,10.5,0.7958551541986653,0.7382366085679627,1.0,0.438099584719475,0.47813742483226096,0.5,0.47813742483226096,,,total,1
2016_12_LA_NO,2016,12,2016-11-27,REG,NO,LA,49.0,21.0,7.5,46.0,28.0,20.5,24.0,0.5882361591279056,0.7490809359864622,1.0,0.5224622529686729,0.46698706432978343,0.5,0.46698706432978343,,,total,1
2016_12_NE_NYJ,2016,12,2016-11-27,REG,NYJ,NE,17.0,22.0,-9.0,48.0,-5.0,4.0,-9.0,0.2838961502524223,0.21170914420649786,0.0,0.2852444380748028,0.5002330073122591,0.5,0.5002330073122591,,,total,0
2016_12_CAR_OAK,2016,12,2016-11-27,REG,OAK,CAR,35.0,32.0,3.5,48.5,3.0,-0.5,18.5,0.5341832334392357,0.6063931297709924,1.0,0.3890694234936739,0.4848083017663455,0.5,0.4848083017663455,,,total,1
2016_12_SEA_TB,2016,12,2016-11-27,REG,TB,SEA,14.0,5.0,-5.0,46.0,9.0,14.0,-27.0,0.2569391155735321,0.32874460653379906,0.0,0.41547168014849734,0.4811865019955867,0.5,0.4811865019955867,,,total,0
2016_12_GB_PHI,2016,12,2016-11-28,REG,PHI,GB,13.0,27.0,4.0,47.0,-14.0,-18.0,-7.0,0.6692246017893233,0.6463391320971134,0.0,0.37256398280693465,0.4871176511366261,0.5,0.4871176511366261,,,total,0
2016_13_DAL_MIN,2016,13,2016-12-01,REG,MIN,DAL,15.0,17.0,-3.0,43.5,-2.0,1.0,-11.5,0.45362796305429104,0.40995560164630396,0.0,0.5190948021159947,0.46743060213616255,0.5,0.46743060213616255,,,total,0
2016_13_WAS_ARI,2016,13,2016-12-04,REG,ARI,WAS,31.0,23.0,2.5,48.5,8.0,5.5,5.5,0.5828549500498519,0.556697108066971,1.0,0.3804384346360774,0.4860110132347556,0.5,0.4860110132347556,,,total,1
2016_13_KC_ATL,2016,13,2016-12-04,REG,ATL,KC,28.0,29.0,5.0,50.0,-1.0,-6.0,7.0,0.45891565854742367,0.658869395711501,1.0,0.5617604102134963,0.4617843308238278,0.5,0.4617843308238278,,,total,1
2016_13_MIA_BAL,2016,13,2016-12-04,REG,BAL,MIA,38.0,6.0,3.5,41.5,32.0,28.5,2.5,0.5460436674229951,0.6332518337408314,1.0,0.4853274323308604,0.4718750129487807,0.5,0.4718750129487807,,,total,1
2016_13_SF_CHI,2016,13,2016-12-04,REG,CHI,SF,26.0,6.0,-0.0,44.0,20.0,20.0,-12.0,0.6188283786759243,0.4715960714749275,0.0,0.5511720074035535,0.46319271024330844,0.5,0.46319271024330844,,,total,0
2016_13_PHI_CIN,2016,13,2016-12-04,REG,CIN,PHI,32.0,14.0,1.0,42.0,18.0,17.0,4.0,0.5562638417125252,0.5284039285250725,1.0,0.4678312507516542,0.47418401751151695,0.5,0.47418401751151695,,,total,1
2016_13_HOU_GB,2016,13,2016-12-04,REG,GB,HOU,21.0,13.0,7.0,44.5,8.0,1.0,-10.5,0.6260225075841803,0.7390555330360762,0.0,0.4672027075722913,0.47426714898567257,0.5,0.47426714898567257,,,total,0
2016_13_DEN_JAX,2016,13,2016-12-04,REG,JAX,DEN,10.0,20.0,-3.5,39.0,-10.0,-6.5,-9.0,0.169131781795552,0.3752699784017279,0.0,0.5655792481202254,0.46127476081874663,0.5,0.46127476081874663,,,total,0
2016_13_LA_NE,2016,13,2016-12-04,REG,NE,LA,26.0,10.0,13.0,44.5,16.0,3.0,-8.5,0.8542626791010324,0.8613376835236541,0.0,0.4501341859053135,0.4765313397651914,0.5,0.4765313397651914,,,total,0
2016_13_DET_NO,2016,13,2016-12-04,REG,NO,DET,13.0,28.0,6.5,53.0,-15.0,-21.5,-12.0,0.509505572733482,0.7219084035804293,0.0,0.4742121027908858,0.4733408821716559,0.5,0.4733408821716559,,,total,0
2016_13_BUF_OAK,2016,13,2016-12-04,REG,OAK,BUF,38.0,24.0,3.0,48.5,14.0,11.0,13.5,0.5628660625273769,0.5860927152317882,1.0,0.301107153491316,0.497705429511537,0.5,0.497705429511537,,,total,1
2016_13_NYG_PIT,2016,13,2016-12-04,REG,PIT,NYG,24.0,14.0,7.0,49.5,10.0,3.0,-11.5,0.6376430568999987,0.741037721131946,0.0,0.48206569558931617,0.47230485225006263,0.5,0.47230485225006263,,,total,0
2016_13_CAR_SEA,2016,13,2016-12-04,REG,SEA,CAR,40.0,7.0,8.5,44.0,33.0,24.5,3.0,0.6948324358402798,0.7750359478640011,1.0,0.6012671345705632,0.45645761421023423,0.5,0.45645761421023423,,,total,1
2016_13_IND_NYJ,2016,13,2016-12-05,REG,NYJ,IND,10.0,41.0,1.0,48.5,-31.0,-32.0,2.5,0.565645038300144,0.537852568752202,1.0,0.4170802001489251,0.48096827697037253,0.5,0.48096827697037253,,,total,1
2016_14_OAK_KC,2016,14,2016-12-08,REG,KC,OAK,21.0,13.0,3.5,46.0,8.0,4.5,-12.0,0.6911411260321542,0.6499689771835965,0.0,0.6352040776142766,0.451748354293293,0.5,0.451748354293293,,,total,0
2016_14_PIT_BUF,2016,14,2016-12-11,REG,BUF,PIT,20.0,27.0,-1.0,45.5,-7.0,-6.0,1.5,0.517547436957151,0.478202846975089,1.0,0.5357174933834544,0.4652386871726377,0.5,0.4652386871726377,,,total,1
2016_14_SD_CAR,2016,14,2016-12-11,REG,CAR,SD,28.0,16.0,1.0,48.5,12.0,11.0,-4.5,0.6942915394646003,0.5162468054034319,0.0,0.5655795792831716,0.46127471658906755,0.5,0.46127471658906755,,,total,0
2016_14_CIN_CLE,2016,14,2016-12-11,REG,CLE,CIN,10.0,23.0,-4.0,42.0,-13.0,-9.0,-9.0,0.22116661660200576,0.36284835962304085,0.0,0.451467365092114,0.4763539624234765,0.5,0.4763539624234765,,,total,0
2016_14_CHI_DET,2016,14,2016-12-11,REG,DET,CHI,20.0,17.0,7.5,42.0,3.0,-4.5,-5.0,0.8165585941358531,0.7403802739176241,0.0,0.4226150562959203,0.48021922520693017,0.5,0.48021922520693017,,,total,0
2016_14_SEA_GB,2016,14,2016-12-11,REG,GB,SEA,38.0,10.0,-3.0,47.0,28.0,31.0,1.0,0.378292263518727,0.4224502112251056,1.0,0.692864609609432,0.44329434641692733,0.5,0.44329434641692733,,,total,1
2016_14_HOU_IND,2016,14,2016-12-11,REG,IND,HOU,17.0,22.0,6.5,47.5,-5.0,-11.5,-8.5,0.6267723804166765,0.7121294639383801,0.0,0.3710738441643542,0.48732813369827255,0.5,0.48732813369827255,,,total,0
2016_14_MIN_JAX,2016,14,2016-12-11,REG,JAX,MIN,16.0,25.0,-3.0,38.0,-9.0,-6.0,3.0,0.2422345411118023,0.3856591915440651,1.0,0.6891690336525398,0.44385848464638794,0.5,0.44385848464638794,,,total,1
2016_14_ATL_LA,2016,14,2016-12-11,REG,LA,ATL,14.0,42.0,-4.5,44.0,-28.0,-23.5,12.0,0.3740835363397922,0.341130604288499,1.0,0.6409232147727343,0.45093851701960025,0.5,0.45093851701960025,,,total,1
2016_14_ARI_MIA,2016,14,2016-12-11,REG,MIA,ARI,26.0,23.0,-2.0,44.0,3.0,5.0,5.0,0.4706683337773232,0.46214743124779806,1.0,0.32175190242841695,0.4945264883601132,0.5,0.4945264883601132,,,total,1
2016_14_DAL_NYG,2016,14,2016-12-11,REG,NYG,DAL,10.0,7.0,-3.5,47.0,3.0,6.5,-30.0,0.3941061540865552,0.36674816625916873,0.0,0.45655095261164136,0.47567848196071344,0.5,0.47567848196071344,,,total,0
2016_14_WAS_PHI,2016,14,2016-12-11,REG,PHI,WAS,22.0,27.0,-1.5,48.5,-5.0,-3.5,0.5,0.5261868122970765,0.4672897196261682,1.0,0.40561587267344307,0.4825293110520989,0.5,0.4825293110520989,,,total,1
2016_14_NYJ_SF,2016,14,2016-12-11,REG,SF,NYJ,17.0,23.0,3.0,42.5,-6.0,-9.0,-2.5,0.4101403832671185,0.5792858120125872,0.0,0.43157399496777793,0.47901244301504287,0.5,0.47901244301504287,,,total,0
2016_14_NO_TB,2016,14,2016-12-11,REG,TB,NO,16.0,11.0,2.0,52.0,5.0,3.0,-25.0,0.6409450402109567,0.5480494766888677,0.0,0.3362647515054102,0.49235631156885573,0.5,0.49235631156885573,,,total,0
2016_14_DEN_TEN,2016,14,2016-12-11,REG,TEN,DEN,13.0,10.0,2.0,44.0,3.0,1.0,-21.0,0.2683586783359843,0.5480494766888677,0.0,0.4795505150982296,0.47263647236901757,0.5,0.47263647236901757,,,total,0
2016_14_BAL_NE,2016,14,2016-12-12,REG,NE,BAL,30.0,23.0,6.0,45.5,7.0,1.0,7.5,0.7876223811634235,0.6958254667505769,1.0,0.43499871642767124,0.47855282748778993,0.5,0.47855282748778993,,,total,1
2016_15_LA_SEA,2016,15,2016-12-15,REG,SEA,LA,24.0,3.0,15.0,39.5,21.0,6.0,-12.5,0.8351654270730999,0.8948106591865358,0.0,0.5623964231931333,0.4616995277344055,0.5,0.4616995277344055,,,total,0
2016_15_MIA_NYJ,2016,15,2016-12-17,REG,NYJ,MIA,13.0,34.0,-2.5,40.0,-21.0,-18.5,7.0,0.47996800064803585,0.4224502112251056,1.0,0.5456386329501753,0.4639264131328403,0.5,0.4639264131328403,,,total,1
2016_15_NO_ARI,2016,15,2016-12-18,REG,ARI,NO,41.0,48.0,3.0,48.5,-7.0,-10.0,40.5,0.6942230517904653,0.5916792592354435,1.0,0.6059626871018384,0.4558147088858993,0.5,0.4558147088858993,,,total,1
2016_15_SF_ATL,2016,15,2016-12-18,REG,ATL,SF,41.0,13.0,13.5,51.5,28.0,14.5,2.5,0.895159010497912,0.8785818358426419,1.0,0.3849484977455403,0.4853812635668634,0.5,0.4853812635668634,,,total,1
2016_15_PHI_BAL,2016,15,2016-12-18,REG,BAL,PHI,27.0,26.0,5.0,41.0,1.0,-4.0,12.0,0.6478286533057327,0.6757296083811425,1.0,0.4441117893894916,0.4773339098432495,0.5,0.4773339098432495,,,total,1
2016_15_CLE_BUF,2016,15,2016-12-18,REG,BUF,CLE,33.0,13.0,10.5,43.5,20.0,9.5,2.5,0.8812828715358307,0.8035500078232298,1.0,0.33744467984859094,0.4921819744574804,0.5,0.4921819744574804,,,total,1
2016_15_GB_CHI,2016,15,2016-12-18,REG,CHI,GB,27.0,30.0,-4.5,40.0,-3.0,1.5,17.0,0.2875704430430466,0.3242703916188576,1.0,0.6783244208427134,0.44549399968109876,0.5,0.44549399968109876,,,total,1
2016_15_PIT_CIN,2016,15,2016-12-18,REG,CIN,PIT,20.0,24.0,-3.0,45.5,-4.0,-1.0,-1.5,0.457783465166277,0.4066985645933015,0.0,0.7734577641813722,0.4298349233860239,0.5,0.4298349233860239,,,total,0
2016_15_TB_DAL,2016,15,2016-12-18,REG,DAL,TB,26.0,20.0,7.0,47.5,6.0,-1.0,-1.5,0.7108097659523223,0.7288949897048731,0.0,0.33716900417240653,0.4922226791264328,0.5,0.4922226791264328,,,total,0
2016_15_NE_DEN,2016,15,2016-12-18,REG,DEN,NE,3.0,16.0,-3.0,43.5,-13.0,-10.0,-24.5,0.4434194837942606,0.413907284768212,0.0,0.6965130174263235,0.4427338343344695,0.5,0.4427338343344695,,,total,0
2016_15_JAX_HOU,2016,15,2016-12-18,REG,HOU,JAX,21.0,20.0,3.5,39.5,1.0,-2.5,1.5,0.8265283415210449,0.6332518337408314,1.0,0.5286406914257642,0.4661726895910746,0.5,0.4661726895910746,,,total,1
2016_15_TEN_KC,2016,15,2016-12-18,REG,KC,TEN,17.0,19.0,6.0,43.0,-2.0,-8.0,-7.0,0.8585790752314569,0.690978748012144,0.0,0.7996872491413302,0.424780786940298,0.5,0.424780786940298,,,total,0
2016_15_IND_MIN,2016,15,2016-12-18,REG,MIN,IND,6.0,34.0,5.0,44.5,-28.0,-33.0,-4.5,0.6714426617527514,0.6881525568730624,0.0,0.4374339896225388,0.47822653190632697,0.5,0.47822653190632697,,,total,0
2016_15_DET_NYG,2016,15,2016-12-18,REG,NYG,DET,17.0,6.0,4.0,42.5,11.0,7.0,-19.5,0.5138716670650284,0.6463391320971134,0.0,0.662746056535697,0.4477957939213592,0.5,0.4477957939213592,,,total,0
2016_15_OAK_SD,2016,15,2016-12-18,REG,SD,OAK,16.0,19.0,-2.5,49.5,-3.0,-0.5,-14.5,0.3975286039113866,0.4519505233111322,0.0,0.4941505069350437,0.4707132188345636,0.5,0.4707132188345636,,,total,0
2016_15_CAR_WAS,2016,15,2016-12-19,REG,WAS,CAR,15.0,26.0,7.0,50.5,-11.0,-18.0,-9.5,0.5463666193211887,0.7296116239689737,0.0,0.3006515090139049,0.49777693870008205,0.5,0.49777693870008205,,,total,0
2016_16_NYG_PHI,2016,16,2016-12-22,REG,PHI,NYG,24.0,19.0,2.0,42.5,5.0,3.0,0.5,0.43892149276965536,0.5440238883060285,1.0,0.5247187235103525,0.4666897384641977,0.5,0.4666897384641977,,,total,1
2016_16_MIA_BUF,2016,16,2016-12-24,REG,BUF,MIA,31.0,34.0,4.5,44.5,-3.0,-7.5,20.5,0.5872758254251834,0.6712553934662009,1.0,0.3427082624123545,0.49140788753843945,0.5,0.49140788753843945,,,total,1
2016_16_ATL_CAR,2016,16,2016-12-24,REG,CAR,ATL,16.0,33.0,-3.0,48.5,-17.0,-14.0,0.5,0.5580561478526842,0.413907284768212,1.0,0.4234070531367628,0.4801122681515716,0.5,0.4801122681515716,,,total,1
2016_16_WAS_CHI,2016,16,2016-12-24,REG,CHI,WAS,21.0,41.0,-3.0,49.0,-20.0,-17.0,13.0,0.3614084229195783,0.4066985645933015,1.0,0.30998023680796855,0.4963248780649992,0.5,0.4963248780649992,,,total,1
2016_16_SD_CLE,2016,16,2016-12-24,REG,CLE,SD,20.0,17.0,-4.5,45.0,3.0,7.5,-8.0,0.29564690807970606,0.3500310228164034,0.0,0.6025046185336398,0.4562884189854164,0.5,0.4562884189854164,,,total,0
2016_16_MIN_GB,2016,16,2016-12-24,REG,GB,MIN,38.0,25.0,6.0,44.5,13.0,7.0,18.5,0.6902890652659353,0.7086409898223908,1.0,0.3993161360760614,0.48339312813104623,0.5,0.48339312813104623,,,total,1
2016_16_CIN_HOU,2016,16,2016-12-24,REG,HOU,CIN,12.0,10.0,3.0,41.5,2.0,-1.0,-19.5,0.5482125395835878,0.5916792592354435,0.0,0.5055695553777165,0.4692106746258717,0.5,0.4692106746258717,,,total,0
2016_16_TEN_JAX,2016,16,2016-12-24,REG,JAX,TEN,38.0,17.0,-4.0,44.0,21.0,25.0,11.0,0.3362933226832524,0.35488721804511275,1.0,0.5022267055098089,0.46965048702916967,0.5,0.46965048702916967,,,total,1
2016_16_SF_LA,2016,16,2016-12-24,REG,LA,SF,21.0,22.0,6.0,39.5,-1.0,-7.0,3.5,0.7344380983880595,0.6996383748138693,1.0,0.4800897003793019,0.47256536918889785,0.5,0.47256536918889785,,,total,1
2016_16_NYJ_NE,2016,16,2016-12-24,REG,NE,NYJ,41.0,3.0,17.0,45.0,38.0,21.0,-1.0,0.9001265783623325,0.9151868539623641,0.0,0.5570542714765441,0.4624110730058517,0.5,0.4624110730058517,,,total,0
2016_16_TB_NO,2016,16,2016-12-24,REG,NO,TB,31.0,24.0,3.0,53.0,7.0,4.0,2.0,0.5375012382036687,0.6143408084559349,1.0,0.3617183594954861,0.48865783382908046,0.5,0.48865783382908046,,,total,1
2016_16_IND_OAK,2016,16,2016-12-24,REG,OAK,IND,33.0,25.0,3.5,52.0,8.0,4.5,6.0,0.6534084138550499,0.6200671122327297,1.0,0.3951769718345371,0.4839632160283186,0.5,0.4839632160283186,,,total,1
2016_16_ARI_SEA,2016,16,2016-12-24,REG,SEA,ARI,31.0,34.0,9.0,43.5,-3.0,-12.0,21.5,0.7410345666375913,0.7729422894985808,1.0,0.5657028735004405,0.46125824907738955,0.5,0.46125824907738955,,,total,1
2016_16_DEN_KC,2016,16,2016-12-25,REG,KC,DEN,33.0,10.0,3.5,38.5,23.0,19.5,4.5,0.6777212313661731,0.6397067958752639,1.0,0.4709453353844692,0.47377236205728246,0.5,0.47377236205728246,,,total,1
2016_16_BAL_PIT,2016,16,2016-12-25,REG,PIT,BAL,31.0,27.0,5.5,46.5,4.0,-1.5,11.5,0.7195071964867146,0.6969696969696969,1.0,0.26267313543814247,0.5039808167219783,0.5,0.5039808167219783,,,total,1
2016_16_DET_DAL,2016,16,2016-12-26,REG,DAL,DET,42.0,21.0,6.5,47.0,21.0,14.5,16.0,0.6901768376994646,0.7194329592439458,1.0,0.5170183998456322,0.46770400102441295,0.5,0.46770400102441295,,,total,1
2016_17_NO_ATL,2016,17,2017-01-01,REG,ATL,NO,38.0,32.0,7.5,58.5,6.0,-1.5,11.5,0.7437923867598583,0.7590361445783131,1.0,0.41253231607200547,0.4815859340993605,0.5,0.4815859340993605,,,total,1
2016_17_BAL_CIN,2016,17,2017-01-01,REG,CIN,BAL,27.0,10.0,-2.5,40.5,17.0,19.5,-3.5,0.5697483912199233,0.43391066545123064,0.0,0.6400885026993305,0.45105704460860313,0.5,0.45105704460860313,,,total,0
2016_17_OAK_DEN,2016,17,2017-01-01,REG,DEN,OAK,24.0,6.0,1.0,40.0,18.0,17.0,-10.0,0.5356217313194841,0.5284039285250725,0.0,0.48284763532647296,0.47220178566196064,0.5,0.47220178566196064,,,total,0
2016_17_GB_DET,2016,17,2017-01-01,REG,DET,GB,24.0,31.0,-3.5,50.0,-7.0,-3.5,5.0,0.4870704451191478,0.360293204124736,1.0,0.47458038831974136,0.4732922598866406,0.5,0.4732922598866406,,,total,1
2016_17_JAX_IND,2016,17,2017-01-01,REG,IND,JAX,24.0,20.0,5.5,48.5,4.0,-1.5,-4.5,0.8097665103848813,0.6969696969696969,0.0,0.34702962325979286,0.49077664880206406,0.5,0.49077664880206406,,,total,0
2016_17_ARI_LA,2016,17,2017-01-01,REG,LA,ARI,6.0,44.0,-7.0,39.0,-38.0,-31.0,11.0,0.36553254592989987,0.277337559429477,1.0,0.44839826824311674,0.47676245293471653,0.5,0.47676245293471653,,,total,1
2016_17_NE_MIA,2016,17,2017-01-01,REG,MIA,NE,14.0,35.0,-7.5,47.0,-21.0,-13.5,2.0,0.3167693093394269,0.23074365943800232,1.0,0.33288182850710496,0.4928578421691838,0.5,0.4928578421691838,,,total,1
2016_17_CHI_MIN,2016,17,2017-01-01,REG,MIN,CHI,38.0,10.0,6.0,44.0,28.0,22.0,4.0,0.7638575928151616,0.7013921016108003,1.0,0.5011409620786921,0.4697933388649077,0.5,0.4697933388649077,,,total,1
2016_17_BUF_NYJ,2016,17,2017-01-01,REG,NYJ,BUF,30.0,10.0,-3.5,43.0,20.0,23.5,-3.0,0.4024611867454954,0.360293204124736,0.0,0.2822031341475694,0.500727062327882,0.5,0.500727062327882,,,total,0
2016_17_DAL_PHI,2016,17,2017-01-01,REG,PHI,DAL,27.0,13.0,6.5,44.0,14.0,7.5,-4.0,0.3318745297487727,0.6930878035761944,0.0,0.3914682470753256,0.48447581360794634,0.5,0.48447581360794634,,,total,0
2016_17_CLE_PIT,2016,17,2017-01-01,REG,PIT,CLE,27.0,24.0,3.5,41.5,3.0,-0.5,9.5,0.9274071239552215,0.6397067958752639,1.0,0.3811712570815413,0.48590849165169825,0.5,0.48590849165169825,,,total,1
2016_17_KC_SD,2016,17,2017-01-01,REG,SD,KC,27.0,37.0,-5.5,45.0,-10.0,-4.5,19.0,0.2282153563248625,0.3149976492712741,1.0,0.3992299059292215,0.4834049836903352,0.5,0.4834049836903352,,,total,1
2016_17_SEA_SF,2016,17,2017-01-01,REG,SF,SEA,23.0,25.0,-11.5,44.5,-2.0,9.5,3.5,0.16778381642883994,0.18662519440124417,1.0,0.42647552000073374,0.47969839350346116,0.5,0.47969839350346116,,,total,1
2016_17_CAR_TB,2016,17,2017-01-01,REG,TB,CAR,17.0,16.0,3.5,44.5,1.0,-2.5,-11.5,0.49415198294613705,0.6397067958752639,0.0,0.4156229095906248,0.48116597432919656,0.5,0.48116597432919656,,,total,0
2016_17_HOU_TEN,2016,17,2017-01-01,REG,TEN,HOU,24.0,17.0,3.0,41.5,7.0,4.0,-0.5,0.43485483838564,0.6063931297709924,0.0,0.36754581655007384,0.4878278786423621,0.5,0.4878278786423621,,,total,0
2016_17_NYG_WAS,2016,17,2017-01-01,REG,WAS,NYG,10.0,19.0,10.0,47.5,-9.0,-19.0,-18.5,0.5726220246472044,0.7918875407389956,0.0,0.5091788503605773,0.4687357855307785,0.5,0.4687357855307785,,,total,0
2016_18_OAK_HOU,2016,18,2017-01-07,WC,HOU,OAK,27.0,14.0,4.0,37.5,13.0,9.0,3.5,0.44861693143311177,0.658869395711501,1.0,0.6581440653402871,0.4484659777568131,0.5,0.4484659777568131,,,total,1
2016_18_DET_SEA,2016,18,2017-01-07,WC,SEA,DET,26.0,6.0,8.0,45.5,20.0,12.0,-13.5,0.7157117049448306,0.7770903466472567,0.0,0.49709288513280403,0.47032598824633975,0.5,0.47032598824633975,,,total,0
2016_18_NYG_GB,2016,18,2017-01-08,WC,GB,NYG,38.0,13.0,5.0,46.5,25.0,20.0,4.5,0.6556990407784749,0.6611281154350678,1.0,0.5697958549076062,0.46071099789561437,0.5,0.46071099789561437,,,total,1
2016_18_MIA_PIT,2016,18,2017-01-08,WC,PIT,MIA,30.0,12.0,11.0,47.5,18.0,7.0,-5.5,0.7239124873902201,0.8373061791252026,0.0,0.4422014871354368,0.47758895554686276,0.5,0.47758895554686276,,,total,0
2016_19_SEA_ATL,2016,19,2017-01-14,DIV,ATL,SEA,36.0,20.0,6.5,51.0,16.0,9.5,5.0,0.5852014472028304,0.7137404580152672,1.0,0.47128741197012164,0.4737271634155053,0.5,0.4737271634155053,,,total,1
2016_19_HOU_NE,2016,19,2017-01-14,DIV,NE,HOU,34.0,16.0,16.0,44.0,18.0,2.0,6.0,0.8427787713769249,0.901095556908095,1.0,0.5262161121407504,0.46649237409223093,0.5,0.46649237409223093,,,total,1
2016_19_GB_DAL,2016,19,2017-01-15,DIV,DAL,GB,31.0,34.0,5.5,52.5,-3.0,-8.5,12.5,0.5388990209452454,0.6810745187212147,1.0,0.49589319310639907,0.47048386426325894,0.5,0.47048386426325894,,,total,1
2016_19_PIT_KC,2016,19,2017-01-15,DIV,KC,PIT,16.0,18.0,2.5,45.5,-2.0,-4.5,-11.5,0.6242220739837178,0.5679213219076544,0.0,0.44153832038502727,0.4776775511263403,0.5,0.4776775511263403,,,total,0
2016_20_GB_ATL,2016,20,2017-01-22,CON,ATL,GB,44.0,21.0,6.5,59.5,23.0,16.5,5.5,0.590924512851042,0.6958254667505769,1.0,0.5143247760565385,0.4680585841492192,0.5,0.4680585841492192,,,total,1
2016_20_PIT_NE,2016,20,2017-01-22,CON,NE,PIT,36.0,17.0,5.5,49.5,19.0,13.5,3.5,0.6943388467518403,0.6691291228800332,1.0,0.3203318723169818,0.49474153487638295,0.5,0.49474153487638295,,,total,1
2016_21_NE_ATL,2016,21,2017-02-05,SB,ATL,NE,28.0,34.0,-3.0,57.0,-6.0,-3.0,5.0,0.3891397048101294,0.4320786780923455,1.0,0.5576709025008646,0.46232902620063737,0.5,0.46232902620063737,,,total,1
2017_01_KC_NE,2017,1,2017-09-07,REG,NE,KC,27.0,42.0,8.0,47.5,-15.0,-23.0,21.5,0.7035489653393054,0.7957704474929974,1.0,0.48744150842968587,0.5310019804467476,0.5,0.5310019804467476,,,total,1
2017_01_NYJ_BUF,2017,1,2017-09-10,REG,BUF,NYJ,21.0,12.0,7.0,42.0,9.0,2.0,-9.0,0.6285932278198356,0.75416247625433,0.0,0.6438742599235382,0.49200793584429825,0.5,0.49200793584429825,,,total,0
2017_01_ATL_CHI,2017,1,2017-09-10,REG,CHI,ATL,17.0,23.0,-6.5,48.0,-6.0,0.5,-8.0,0.2217937563202571,0.28289498367913557,0.0,0.5782332921678198,0.5088176218585163,0.5,0.5088176218585163,,,total,0
2017_01_BAL_CIN,2017,1,2017-09-10,REG,CIN,BAL,0.0,20.0,2.5,41.5,-20.0,-22.5,-21.5,0.6224289758437219,0.5697382574399427,0.0,0.5462271011183603,0.5167160772994931,0.5,0.5167160772994931,,,total,0
2017_01_PIT_CLE,2017,1,2017-09-10,REG,CLE,PIT,18.0,21.0,-10.0,47.0,-3.0,7.0,-8.0,0.19243804407435897,0.20128087831655989,0.0,0.3665281555244877,0.5609276837279166,0.5,0.5609276837279166,,,total,0
2017_01_NYG_DAL,2017,1,2017-09-10,REG,DAL,NYG,19.0,3.0,6.0,46.5,16.0,10.0,-24.5,0.6421275304467343,0.6958254667505769,0.0,0.44976303209957846,0.5401528503846115,0.5,0.5401528503846115,,,total,0
2017_01_ARI_DET,2017,1,2017-09-10,REG,DET,ARI,35.0,23.0,-2.5,48.5,12.0,14.5,9.5,0.509728712772927,0.47377843762281124,1.0,0.5864483467454706,0.5067659093061081,0.5,0.5067659093061081,,,total,1
2017_01_SEA_GB,2017,1,2017-09-10,REG,GB,SEA,17.0,9.0,2.5,49.5,8.0,5.5,-23.5,0.599907405056441,0.5586071603727317,0.0,0.46315314737756763,0.5368930552103678,0.5,0.5368930552103678,,,total,0
2017_01_JAX_HOU,2017,1,2017-09-10,REG,HOU,JAX,7.0,29.0,5.5,38.0,-22.0,-27.5,-2.0,0.7603494505978833,0.6757296083811425,0.0,0.41566504198507753,0.5485295046275477,0.5,0.5485295046275477,,,total,0
2017_01_IND_LA,2017,1,2017-09-10,REG,LA,IND,46.0,9.0,3.5,41.5,37.0,33.5,13.5,0.4081573907642822,0.6332518337408314,1.0,0.6443560760135371,0.49188026379078703,0.5,0.49188026379078703,,,total,1
2017_01_CAR_SF,2017,1,2017-09-10,REG,SF,CAR,3.0,23.0,-4.5,45.5,-20.0,-15.5,-19.5,0.3019329825173311,0.3242703916188576,0.0,0.4537870686264011,0.539171911286107,0.5,0.539171911286107,,,total,0
2017_01_OAK_TEN,2017,1,2017-09-10,REG,TEN,OAK,16.0,26.0,2.5,49.5,-10.0,-12.5,-7.5,0.462808041487764,0.5586071603727317,0.0,0.42226834531237295,0.5468963966246072,0.5,0.5468963966246072,,,total,0
2017_01_PHI_WAS,2017,1,2017-09-10,REG,WAS,PHI,17.0,30.0,-2.0,49.5,-13.0,-11.0,-2.5,0.5649376982537164,0.45801526717557256,0.0,0.2553056423270779,0.5919718998867926,0.5,0.5919718998867926,,,total,0
2017_01_LAC_DEN,2017,1,2017-09-11,REG,DEN,LAC,24.0,21.0,3.0,41.5,3.0,0.0,3.5,0.665952641202439,0.5775497887748944,1.0,0.6588856015814302,0.48799273432910717,0.5,0.48799273432910717,,,total,1
2017_01_NO_MIN,2017,1,2017-09-11,REG,MIN,NO,29.0,19.0,3.0,47.5,10.0,7.0,0.5,0.5813736273297407,0.6172248803827751,1.0,0.3862070205215825,0.5559023818526564,0.5,0.5559023818526564,,,total,1
2017_02_HOU_CIN,2017,2,2017-09-14,REG,CIN,HOU,9.0,13.0,5.5,38.0,-4.0,-9.5,-16.0,0.6217940796904164,0.6859695689558487,0.0,0.6949087830635089,0.47798952099659836,0.5,0.47798952099659836,,,total,0
2017_02_GB_ATL,2017,2,2017-09-17,REG,ATL,GB,34.0,23.0,3.5,55.0,11.0,7.5,2.0,0.6196768171531276,0.6233496049929973,1.0,0.3645876472435195,0.5614284295418315,0.5,0.5614284295418315,,,total,1
2017_02_CLE_BAL,2017,2,2017-09-17,REG,BAL,CLE,24.0,10.0,7.5,39.5,14.0,6.5,-5.5,0.8327273837365381,0.7437774524158125,0.0,0.6460312205890477,0.49143578529397736,0.5,0.49143578529397736,,,total,0
2017_02_BUF_CAR,2017,2,2017-09-17,REG,CAR,BUF,9.0,3.0,6.5,43.0,6.0,-0.5,-31.0,0.6507118372294446,0.7194329592439458,0.0,0.45922928694862747,0.537847097143808,0.5,0.537847097143808,,,total,0
2017_02_DAL_DEN,2017,2,2017-09-17,REG,DEN,DAL,42.0,17.0,-2.5,44.0,25.0,27.5,15.0,0.5570060136192114,0.4519505233111322,1.0,0.6224188640017466,0.4976207714062942,0.5,0.4976207714062942,,,total,1
2017_02_ARI_IND,2017,2,2017-09-17,REG,IND,ARI,13.0,16.0,-7.0,44.0,-3.0,4.0,-15.0,0.5052848698056757,0.277337559429477,0.0,0.6965382479757601,0.4775227750466404,0.5,0.4775227750466404,,,total,0
2017_02_TEN_JAX,2017,2,2017-09-17,REG,JAX,TEN,16.0,37.0,-1.0,42.0,-21.0,-20.0,11.0,0.560846010561112,0.4827086071703758,1.0,0.5856314427790958,0.5069704613114188,0.5,0.5069704613114188,,,total,1
2017_02_PHI_KC,2017,2,2017-09-17,REG,KC,PHI,27.0,20.0,4.0,46.5,7.0,3.0,0.5,0.7404637846662505,0.6499689771835965,1.0,0.45997388144974355,0.5376659877233531,0.5,0.5376659877233531,,,total,1
2017_02_WAS_LA,2017,2,2017-09-17,REG,LA,WAS,20.0,27.0,3.0,45.5,-7.0,-10.0,1.5,0.528725894829044,0.5860927152317882,1.0,0.5634640976322771,0.5124791427839307,0.5,0.5124791427839307,,,total,1
2017_02_MIA_LAC,2017,2,2017-09-17,REG,LAC,MIA,17.0,19.0,3.5,46.5,-2.0,-5.5,-10.5,0.5657393975494109,0.6332518337408314,0.0,0.6306956269397654,0.4954716146989863,0.5,0.4954716146989863,,,total,0
2017_02_NE_NO,2017,2,2017-09-17,REG,NO,NE,20.0,36.0,-5.5,55.0,-16.0,-10.5,1.0,0.29739687944931104,0.32874460653379906,1.0,0.5515191170197774,0.5154188800338989,0.5,0.5154188800338989,,,total,1
2017_02_NYJ_OAK,2017,2,2017-09-17,REG,OAK,NYJ,45.0,20.0,14.0,44.0,25.0,11.0,21.0,0.7279234492118473,0.8733924168721262,1.0,0.6422770106225256,0.4924306337057158,0.5,0.4924306337057158,,,total,1
2017_02_MIN_PIT,2017,2,2017-09-17,REG,PIT,MIN,26.0,9.0,8.5,43.0,17.0,8.5,-8.0,0.7094182470859958,0.7729422894985808,0.0,0.5777070540006776,0.5089486597711486,0.5,0.5089486597711486,,,total,0
2017_02_SF_SEA,2017,2,2017-09-17,REG,SEA,SF,12.0,9.0,13.5,42.0,3.0,-10.5,-21.0,0.8519035228004695,0.8677248677248677,0.0,0.4839893874924585,0.5318383228344643,0.5,0.5318383228344643,,,total,0
2017_02_CHI_TB,2017,2,2017-09-17,REG,TB,CHI,29.0,7.0,7.0,44.0,22.0,15.0,-8.0,0.7593864466607715,0.73621103117506,0.0,0.5566564169274625,0.5141566718424768,0.5,0.5141566718424768,,,total,0
2017_02_DET_NYG,2017,2,2017-09-18,REG,NYG,DET,10.0,24.0,3.0,42.0,-14.0,-17.0,-8.0,0.5593281054983585,0.6108836002739845,0.0,0.6841186268936492,0.48104686855357154,0.5,0.48104686855357154,,,total,0
2017_03_LA_SF,2017,3,2017-09-21,REG,SF,LA,39.0,41.0,-3.0,40.5,-2.0,1.0,39.5,0.43431772682661135,0.43026174256005734,1.0,0.4793280006791316,0.5329679505525452,0.5,0.5329679505525452,,,total,1
2017_03_DEN_BUF,2017,3,2017-09-24,REG,BUF,DEN,26.0,16.0,-3.5,40.0,10.0,13.5,2.0,0.4083703953561699,0.37253858435337944,1.0,0.5386770597050293,0.5185620226810134,0.5,0.5185620226810134,,,total,1
2017_03_NO_CAR,2017,3,2017-09-24,REG,CAR,NO,13.0,34.0,5.5,46.5,-21.0,-26.5,0.5,0.7148215138373977,0.690978748012144,1.0,0.450451457033688,0.5399849449120323,0.5,0.5399849449120323,,,total,1
2017_03_PIT_CHI,2017,3,2017-09-24,REG,CHI,PIT,23.0,17.0,-7.0,43.5,6.0,13.0,-3.5,0.20491688895929527,0.2680965147453084,0.0,0.5248600392487152,0.521928265032277,0.5,0.521928265032277,,,total,0
2017_03_ATL_DET,2017,3,2017-09-24,REG,DET,ATL,26.0,30.0,-3.0,51.0,-4.0,-1.0,5.0,0.41876320563035746,0.38911639972601536,1.0,0.6090122786687687,0.5010636107697417,0.5,0.5010636107697417,,,total,1
2017_03_CIN_GB,2017,3,2017-09-24,REG,GB,CIN,27.0,24.0,7.0,47.5,3.0,-4.0,3.5,0.7518542852722999,0.7516485398646913,1.0,0.4065972628407903,0.5507827613220277,0.5,0.5507827613220277,,,total,1
2017_03_CLE_IND,2017,3,2017-09-24,REG,IND,CLE,31.0,28.0,1.0,42.0,3.0,2.0,17.0,0.772775193830856,0.5240193918025562,1.0,0.6559185466978718,0.4887927120069494,0.5,0.4887927120069494,,,total,1
2017_03_BAL_JAX,2017,3,2017-09-24,REG,JAX,BAL,44.0,7.0,-3.0,38.0,37.0,40.0,13.0,0.2818419805555643,0.3966571791921516,1.0,0.43544229414411434,0.543655167319867,0.5,0.543655167319867,,,total,1
2017_03_KC_LAC,2017,3,2017-09-24,REG,LAC,KC,10.0,24.0,-3.0,47.5,-14.0,-11.0,-13.5,0.306142854756459,0.4224502112251056,0.0,0.4481934205515781,0.5405358179244175,0.5,0.5405358179244175,,,total,0
2017_03_TB_MIN,2017,3,2017-09-24,REG,MIN,TB,34.0,17.0,-0.0,41.0,17.0,17.0,10.0,0.5598277099656082,0.5023229882921391,1.0,0.620630381251974,0.498082707193511,0.5,0.498082707193511,,,total,1
2017_03_HOU_NE,2017,3,2017-09-24,REG,NE,HOU,36.0,33.0,13.5,44.5,3.0,-10.5,24.5,0.8347835082440868,0.8866224945131528,1.0,0.6617412265754182,0.4872196839068852,0.5,0.4872196839068852,,,total,1
2017_03_MIA_NYJ,2017,3,2017-09-24,REG,NYJ,MIA,20.0,6.0,-5.5,43.0,14.0,19.5,-17.0,0.4311918704794552,0.3253012048192771,0.0,0.4192249150053839,0.5476483247826189,0.5,0.5476483247826189,,,total,0
2017_03_NYG_PHI,2017,3,2017-09-24,REG,PHI,NYG,27.0,24.0,5.0,42.0,3.0,-2.0,9.0,0.654451241307728,0.6800775569558896,1.0,0.5270229484253359,0.5214021827944798,0.5,0.5214021827944798,,,total,1
2017_03_SEA_TEN,2017,3,2017-09-24,REG,TEN,SEA,33.0,27.0,2.0,42.0,6.0,4.0,18.0,0.41694797588003707,0.5520062329567589,1.0,0.5970374894575413,0.5041029712371313,0.5,0.5041029712371313,,,total,1
2017_03_OAK_WAS,2017,3,2017-09-24,REG,WAS,OAK,27.0,10.0,-3.5,53.0,17.0,20.5,-16.0,0.48063841394885354,0.36674816625916873,0.0,0.3889814326356253,0.5552009883734914,0.5,0.5552009883734914,,,total,0
2017_03_DAL_ARI,2017,3,2017-09-25,REG,ARI,DAL,17.0,28.0,-3.0,46.5,-11.0,-8.0,-1.5,0.5341021272084249,0.4122390658104357,0.0,0.5521008757065715,0.5152760952021384,0.5,0.5152760952021384,,,total,0
2017_04_CHI_GB,2017,4,2017-09-28,REG,GB,CHI,35.0,14.0,7.5,44.0,21.0,13.5,5.0,0.8346711591188553,0.7479106630456372,1.0,0.727368497220889,0.4684090817599735,0.5,0.4684090817599735,,,total,1
2017_04_SF_ARI,2017,4,2017-10-01,REG,ARI,SF,18.0,15.0,6.5,43.0,3.0,-3.5,-10.0,0.8143137348782181,0.7086409898223908,0.0,0.6116650690033579,0.5003858985771044,0.5,0.5003858985771044,,,total,0
2017_04_BUF_ATL,2017,4,2017-10-01,REG,ATL,BUF,17.0,23.0,8.0,48.0,-6.0,-14.0,-8.0,0.7764083861875494,0.7729422894985808,0.0,0.4596460858950956,0.5377457140088319,0.5,0.5377457140088319,,,total,0
2017_04_PIT_BAL,2017,4,2017-10-01,REG,BAL,PIT,9.0,26.0,-3.5,42.0,-17.0,-13.5,-7.0,0.4084791306700001,0.36674816625916873,0.0,0.49567974478096877,0.5290064389207685,0.5,0.5290064389207685,,,total,0
2017_04_CIN_CLE,2017,4,2017-10-01,REG,CLE,CIN,7.0,31.0,-3.0,41.5,-24.0,-21.0,-3.5,0.3488992732214703,0.39360687022900764,0.0,0.5352949511805084,0.5193873123535838,0.5,0.5193873123535838,,,total,0
2017_04_LA_DAL,2017,4,2017-10-01,REG,DAL,LA,30.0,35.0,5.0,51.0,-5.0,-10.0,14.0,0.7822317039296725,0.6862401891869245,1.0,0.7336819962648946,0.466468705154665,0.5,0.466468705154665,,,total,1
2017_04_OAK_DEN,2017,4,2017-10-01,REG,DEN,OAK,16.0,10.0,3.5,44.0,6.0,2.5,-18.0,0.6390866052145969,0.6332518337408314,0.0,0.4876139714123321,0.5309602016568143,0.5,0.5309602016568143,,,total,0
2017_04_TEN_HOU,2017,4,2017-10-01,REG,HOU,TEN,57.0,14.0,-2.5,43.0,43.0,45.5,28.0,0.5590768365658544,0.4320786780923455,1.0,0.523486322826468,0.5222622485019043,0.5,0.5222622485019043,,,total,1
2017_04_PHI_LAC,2017,4,2017-10-01,REG,LAC,PHI,24.0,26.0,1.5,48.0,-2.0,-3.5,2.0,0.4715731775906482,0.5262215623771888,1.0,0.5885584723558343,0.5062369709231519,0.5,0.5062369709231519,,,total,1
2017_04_NO_MIA,2017,4,2017-10-01,REG,MIA,NO,0.0,20.0,-4.0,51.5,-20.0,-16.0,-31.5,0.4667554654031467,0.35366086790288664,0.0,0.5125478593726402,0.5249182568341304,0.5,0.5249182568341304,,,total,0
2017_04_DET_MIN,2017,4,2017-10-01,REG,MIN,DET,7.0,14.0,2.5,43.0,-7.0,-9.5,-22.0,0.5620818941130962,0.5933014354066986,0.0,0.4712428860780956,0.5349286504018961,0.5,0.5349286504018961,,,total,0
2017_04_CAR_NE,2017,4,2017-10-01,REG,NE,CAR,30.0,33.0,9.0,48.0,-3.0,-12.0,15.0,0.7973748215910201,0.7987191216834401,1.0,0.5387440483200966,0.5185456668044017,0.5,0.5185456668044017,,,total,1
2017_04_JAX_NYJ,2017,4,2017-10-01,REG,NYJ,JAX,23.0,20.0,-4.0,38.5,3.0,7.0,4.5,0.5998163461357661,0.35488721804511275,1.0,0.5690070538091051,0.5111087233986085,0.5,0.5111087233986085,,,total,1
2017_04_IND_SEA,2017,4,2017-10-01,REG,SEA,IND,46.0,18.0,12.5,41.5,28.0,15.5,22.5,0.693936774660231,0.8613376835236541,1.0,0.5197066264098483,0.5231806495050559,0.5,0.5231806495050559,,,total,1
2017_04_NYG_TB,2017,4,2017-10-01,REG,TB,NYG,25.0,23.0,2.5,46.0,2.0,-0.5,2.0,0.610346044485113,0.5679213219076544,1.0,0.5235874685356163,0.5222376612330558,0.5,0.5222376612330558,,,total,1
2017_04_WAS_KC,2017,4,2017-10-02,REG,KC,WAS,29.0,20.0,6.5,48.0,9.0,2.5,1.0,0.7857832512920288,0.7119235543480806,1.0,0.365797933965958,0.5611159990315308,0.5,0.5611159990315308,,,total,1
2017_05_NE_TB,2017,5,2017-10-05,REG,TB,NE,14.0,19.0,-3.5,54.5,-5.0,-1.5,-21.5,0.3308215213754125,0.37253858435337944,0.0,0.6164821610915412,0.49915090612505,0.5,0.49915090612505,,,total,0
2017_05_BUF_CIN,2017,5,2017-10-08,REG,CIN,BUF,20.0,16.0,3.0,39.0,4.0,1.0,-3.0,0.47255381156801524,0.5860927152317882,0.0,0.5978926239218484,0.5038869527285289,0.5,0.5038869527285289,,,total,0
2017_05_NYJ_CLE,2017,5,2017-10-08,REG,CLE,NYJ,14.0,17.0,-1.5,41.5,-3.0,-1.5,-10.5,0.3186190288553837,0.4630595302657377,0.0,0.33861307206488434,0.5682366565307938,0.5,0.5682366565307938,,,total,0
2017_05_GB_DAL,2017,5,2017-10-08,REG,DAL,GB,31.0,35.0,2.5,52.0,-4.0,-6.5,14.0,0.5029250257980714,0.5679213219076544,1.0,0.717250123717791,0.47146322057923307,0.5,0.47146322057923307,,,total,1
2017_05_CAR_DET,2017,5,2017-10-08,REG,DET,CAR,24.0,27.0,2.0,42.0,-3.0,-5.0,9.0,0.6062317417383771,0.5520062329567589,1.0,0.47707138229497953,0.5335149937544909,0.5,0.5335149937544909,,,total,1
2017_05_KC_HOU,2017,5,2017-10-08,REG,HOU,KC,34.0,42.0,-2.0,45.0,-8.0,-6.0,31.0,0.2965827626073596,0.4519505233111322,1.0,0.5867863622754441,0.5066812350789108,0.5,0.5066812350789108,,,total,1
2017_05_SF_IND,2017,5,2017-10-08,REG,IND,SF,26.0,23.0,-1.0,43.5,3.0,4.0,5.5,0.7547088750594906,0.5023229882921391,1.0,0.6672061942064537,0.48573144550249875,0.5,0.48573144550249875,,,total,1
2017_05_SEA_LA,2017,5,2017-10-08,REG,LA,SEA,10.0,16.0,2.0,46.5,-6.0,-8.0,-20.5,0.42041959848382937,0.556697108066971,0.0,0.5606399934730989,0.5131757647597688,0.5,0.5131757647597688,,,total,0
2017_05_TEN_MIA,2017,5,2017-10-08,REG,MIA,TEN,16.0,10.0,-0.0,41.5,6.0,6.0,-15.5,0.5923930245982338,0.5172913928296243,0.0,0.6198411803901039,0.49828627604809717,0.5,0.49828627604809717,,,total,0
2017_05_LAC_NYG,2017,5,2017-10-08,REG,NYG,LAC,22.0,27.0,3.0,45.5,-5.0,-8.0,3.5,0.5821228374395088,0.6002460024600246,1.0,0.4932325298948928,0.5295992173031085,0.5,0.5295992173031085,,,total,1
2017_05_BAL_OAK,2017,5,2017-10-08,REG,OAK,BAL,17.0,30.0,3.0,40.5,-13.0,-16.0,6.5,0.6626783519015946,0.5933014354066986,1.0,0.618186507951399,0.4987125603252732,0.5,0.4987125603252732,,,total,1
2017_05_ARI_PHI,2017,5,2017-10-08,REG,PHI,ARI,34.0,7.0,6.0,45.0,27.0,21.0,-4.0,0.6347174441596227,0.7005177489763459,0.0,0.3781414540547475,0.5579509621579474,0.5,0.5579509621579474,,,total,0
2017_05_JAX_PIT,2017,5,2017-10-08,REG,PIT,JAX,9.0,30.0,7.5,41.0,-21.0,-28.5,-2.0,0.8150677807292658,0.7490809359864622,0.0,0.5421267622411013,0.517719238379078,0.5,0.517719238379078,,,total,0
2017_05_MIN_CHI,2017,5,2017-10-09,REG,CHI,MIN,17.0,20.0,-3.5,41.0,-3.0,0.5,-4.0,0.3873680514237387,0.37665039500700276,0.0,0.4842941309819771,0.5317644862896996,0.5,0.5317644862896996,,,total,0
2017_06_PHI_CAR,2017,6,2017-10-12,REG,CAR,PHI,23.0,28.0,3.0,44.0,-5.0,-8.0,7.0,0.5570493678715878,0.582716381747207,1.0,0.7284174079422892,0.4680886194043744,0.5,0.4680886194043744,,,total,1
2017_06_TB_ARI,2017,6,2017-10-15,REG,ARI,TB,38.0,33.0,-2.5,46.5,5.0,7.5,24.5,0.5787127167291778,0.44139283962726833,1.0,0.6088628639205531,0.5011017325195058,0.5,0.5011017325195058,,,total,1
2017_06_MIA_ATL,2017,6,2017-10-15,REG,ATL,MIA,17.0,20.0,14.0,46.0,-3.0,-17.0,-9.0,0.7858143956679283,0.8677248677248677,0.0,0.5311150352815307,0.520406048153403,0.5,0.520406048153403,,,total,0
2017_06_CHI_BAL,2017,6,2017-10-15,REG,BAL,CHI,24.0,27.0,5.5,39.5,-3.0,-8.5,11.5,0.7494497793231705,0.6757296083811425,1.0,0.6527854196932584,0.489633976814508,0.5,0.489633976814508,,,total,1
2017_06_NYG_DEN,2017,6,2017-10-15,REG,DEN,NYG,10.0,23.0,14.0,37.5,-13.0,-27.0,-4.5,0.7673945252800388,0.8540944738281961,0.0,0.557651706705897,0.5139117769721245,0.5,0.5139117769721245,,,total,0
2017_06_CLE_HOU,2017,6,2017-10-15,REG,HOU,CLE,33.0,17.0,7.5,46.0,16.0,8.5,4.0,0.8346485205004552,0.741037721131946,1.0,0.5350479778090474,0.5194475418442325,0.5,0.5194475418442325,,,total,1
2017_06_LA_JAX,2017,6,2017-10-15,REG,JAX,LA,17.0,27.0,1.0,42.0,-10.0,-11.0,2.0,0.6293122131677332,0.521797153024911,1.0,0.5201559724960094,0.5230715050121867,0.5,0.5230715050121867,,,total,1
2017_06_PIT_KC,2017,6,2017-10-15,REG,KC,PIT,13.0,19.0,3.5,46.5,-6.0,-9.5,-14.5,0.7665038272141381,0.6143408084559349,0.0,0.4233510905150565,0.546629189993459,0.5,0.546629189993459,,,total,0
2017_06_GB_MIN,2017,6,2017-10-15,REG,MIN,GB,23.0,10.0,-3.0,46.0,13.0,16.0,-13.0,0.41366434172877975,0.413907284768212,0.0,0.6631373713904609,0.48684059517475475,0.5,0.48684059517475475,,,total,0
2017_06_DET_NO,2017,6,2017-10-15,REG,NO,DET,52.0,38.0,6.0,50.5,14.0,8.0,39.5,0.5664398574955202,0.6800775569558896,1.0,0.5888817922221202,0.5061558524777808,0.5,0.5061558524777808,,,total,1
2017_06_NE_NYJ,2017,6,2017-10-15,REG,NYJ,NE,17.0,24.0,-9.0,48.5,-7.0,2.0,-7.5,0.2755314548645284,0.21891418563922943,0.0,0.44961268726091785,0.5401895242014937,0.5,0.5401895242014937,,,total,0
2017_06_LAC_OAK,2017,6,2017-10-15,REG,OAK,LAC,16.0,17.0,3.0,48.5,-1.0,-4.0,-15.5,0.5841212174773599,0.5933014354066986,0.0,0.40236674805275074,0.5518386166905253,0.5,0.5518386166905253,,,total,0
2017_06_SF_WAS,2017,6,2017-10-15,REG,WAS,SF,26.0,24.0,12.0,46.0,2.0,-10.0,4.0,0.8310681601018274,0.8078452160084814,1.0,0.6984010029919497,0.47698751714964505,0.5,0.47698751714964505,,,total,1
2017_06_IND_TEN,2017,6,2017-10-16,REG,TEN,IND,36.0,22.0,7.0,46.0,14.0,7.0,12.0,0.5580490310213951,0.7211503458318166,1.0,0.4839050563740454,0.5318587557499987,0.5,0.5318587557499987,,,total,1
2017_07_KC_OAK,2017,7,2017-10-19,REG,OAK,KC,31.0,30.0,-3.0,46.5,1.0,4.0,14.5,0.29103800689854503,0.4066985645933015,1.0,0.6186518884102263,0.4985927385348902,0.5,0.4985927385348902,,,total,1
2017_07_TB_BUF,2017,7,2017-10-22,REG,BUF,TB,30.0,27.0,3.0,46.5,3.0,0.0,10.5,0.6589375837872292,0.6093979441997063,1.0,0.5282380825807076,0.5211064990332479,0.5,0.5211064990332479,,,total,1
2017_07_CAR_CHI,2017,7,2017-10-22,REG,CHI,CAR,17.0,3.0,-2.5,39.5,14.0,16.5,-19.5,0.3550557586818311,0.4320786780923455,0.0,0.6322557845345966,0.49506432115994126,0.5,0.49506432115994126,,,total,0
2017_07_TEN_CLE,2017,7,2017-10-22,REG,CLE,TEN,9.0,12.0,-5.5,42.5,-3.0,2.5,-21.5,0.2989196683046544,0.3199224430441105,0.0,0.47543694158766925,0.5339113005209742,0.5,0.5339113005209742,,,total,0
2017_07_NO_GB,2017,7,2017-10-22,REG,GB,NO,17.0,26.0,-3.5,45.5,-9.0,-5.5,-2.5,0.630425884433773,0.360293204124736,0.0,0.3212796650546019,0.5729060846153472,0.5,0.5729060846153472,,,total,0
2017_07_JAX_IND,2017,7,2017-10-22,REG,IND,JAX,0.0,27.0,-3.0,41.0,-27.0,-24.0,-14.0,0.5474932647485717,0.4050889296790936,0.0,0.5149781730735902,0.5243286017901618,0.5,0.5243286017901618,,,total,0
2017_07_ARI_LA,2017,7,2017-10-22,REG,LA,ARI,33.0,0.0,3.0,45.5,33.0,30.0,-12.5,0.45479796409931766,0.6063931297709924,0.0,0.4303501589802424,0.5449055360678966,0.5,0.5449055360678966,,,total,0
2017_07_DEN_LAC,2017,7,2017-10-22,REG,LAC,DEN,21.0,0.0,-1.0,41.0,21.0,22.0,-20.0,0.4941520505490581,0.5,0.0,0.6488865387592874,0.4906759919185984,0.5,0.4906759919185984,,,total,0
2017_07_NYJ_MIA,2017,7,2017-10-22,REG,MIA,NYJ,31.0,28.0,3.0,40.0,3.0,0.0,19.0,0.6377400302749145,0.6002460024600246,1.0,0.4405258682332379,0.5424096854430962,0.5,0.5424096854430962,,,total,1
2017_07_BAL_MIN,2017,7,2017-10-22,REG,MIN,BAL,24.0,16.0,5.0,37.5,8.0,3.0,2.5,0.6783051665686516,0.6712553934662009,1.0,0.5698712943185218,0.5108946598018674,0.5,0.5108946598018674,,,total,1
2017_07_ATL_NE,2017,7,2017-10-22,REG,NE,ATL,23.0,7.0,3.0,56.5,16.0,13.0,-26.5,0.6834798886210931,0.5860927152317882,0.0,0.44624407008431183,0.5410117223228211,0.5,0.5410117223228211,,,total,0
2017_07_SEA_NYG,2017,7,2017-10-22,REG,NYG,SEA,7.0,24.0,-4.0,39.0,-17.0,-13.0,-8.0,0.43624465825703934,0.341130604288499,0.0,0.641269385714332,0.4926968677752887,0.5,0.4926968677752887,,,total,0
2017_07_CIN_PIT,2017,7,2017-10-22,REG,PIT,CIN,29.0,14.0,4.0,40.0,15.0,11.0,3.0,0.7157701303998877,0.6499689771835965,1.0,0.675927260424304,0.4833313089135514,0.5,0.4833313089135514,,,total,1
2017_07_DAL_SF,2017,7,2017-10-22,REG,SF,DAL,10.0,40.0,-6.5,48.0,-30.0,-23.5,2.0,0.24182356106819802,0.29135901017760923,1.0,0.49845305352060043,0.52833463249706,0.5,0.52833463249706,,,total,1
2017_07_WAS_PHI,2017,7,2017-10-23,REG,PHI,WAS,34.0,24.0,5.0,48.5,10.0,5.0,9.5,0.6811235408919597,0.6757296083811425,1.0,0.3565078427617984,0.56352451499341,0.5,0.56352451499341,,,total,1
2017_08_MIA_BAL,2017,8,2017-10-26,REG,BAL,MIA,40.0,0.0,3.0,38.0,40.0,37.0,2.0,0.508573916392295,0.5949110703209063,1.0,0.5430751579605482,0.5174873518514094,0.5,0.5174873518514094,,,total,1
2017_08_OAK_BUF,2017,8,2017-10-29,REG,BUF,OAK,34.0,14.0,2.5,47.0,20.0,17.5,1.0,0.6556008220151761,0.5480494766888677,1.0,0.51106846961604,0.5252770877243059,0.5,0.5252770877243059,,,total,1
2017_08_IND_CIN,2017,8,2017-10-29,REG,CIN,IND,24.0,23.0,11.0,44.0,1.0,-10.0,3.0,0.699474794030856,0.8133748055987559,1.0,0.5233371833119451,0.5222985014196987,0.5,0.5222985014196987,,,total,1
2017_08_MIN_CLE,2017,8,2017-10-29,REG,CLE,MIN,16.0,33.0,-11.0,38.5,-17.0,-6.0,10.5,0.1407583001095316,0.1921547839915187,1.0,0.5744041601300697,0.509770090684027,0.5,0.509770090684027,,,total,1
2017_08_PIT_DET,2017,8,2017-10-29,REG,DET,PIT,15.0,20.0,-3.0,44.5,-5.0,-2.0,-9.5,0.4495051432558264,0.3856591915440651,0.0,0.7157083805839375,0.47192287388668813,0.5,0.47192287388668813,,,total,0
2017_08_LAC_NE,2017,8,2017-10-29,REG,NE,LAC,21.0,13.0,6.5,49.5,8.0,1.5,-15.5,0.81024927449296,0.7137404580152672,0.0,0.45390897940612235,0.5391422119573179,0.5,0.5391422119573179,,,total,0
2017_08_CHI_NO,2017,8,2017-10-29,REG,NO,CHI,20.0,12.0,7.5,46.0,8.0,0.5,-14.0,0.7872208619670399,0.7590361445783131,0.0,0.42486715932047264,0.5462553045477404,0.5,0.5462553045477404,,,total,0
2017_08_ATL_NYJ,2017,8,2017-10-29,REG,NYJ,ATL,20.0,25.0,-6.5,43.5,-5.0,1.5,1.5,0.35569010703138987,0.2805670407560544,1.0,0.5051802038250094,0.526704639803181,0.5,0.526704639803181,,,total,1
2017_08_SF_PHI,2017,8,2017-10-29,REG,PHI,SF,33.0,10.0,13.0,45.0,23.0,10.0,-2.0,0.9041539710054283,0.8613376835236541,0.0,0.4156582598739066,0.5485311851720853,0.5,0.5485311851720853,,,total,0
2017_08_HOU_SEA,2017,8,2017-10-29,REG,SEA,HOU,41.0,38.0,6.0,45.0,3.0,-3.0,34.0,0.7228837227205448,0.6969696969696969,1.0,0.6508281041371634,0.49015775250367655,0.5,0.49015775250367655,,,total,1
2017_08_CAR_TB,2017,8,2017-10-29,REG,TB,CAR,3.0,17.0,1.5,46.0,-14.0,-15.5,-26.0,0.5225352042894624,0.537852568752202,0.0,0.41975046644596825,0.5475183875303555,0.5,0.5475183875303555,,,total,0
2017_08_DAL_WAS,2017,8,2017-10-29,REG,WAS,DAL,19.0,33.0,-3.0,46.5,-14.0,-11.0,5.5,0.5002786460061363,0.38911639972601536,1.0,0.594077019370498,0.5048496726778456,0.5,0.5048496726778456,,,total,1
2017_08_DEN_KC,2017,8,2017-10-30,REG,KC,DEN,29.0,19.0,7.0,42.0,10.0,3.0,6.0,0.7738828003323364,0.7382366085679627,1.0,0.4055346472877937,0.5510476814192429,0.5,0.5510476814192429,,,total,1
2017_09_BUF_NYJ,2017,9,2017-11-02,REG,NYJ,BUF,34.0,21.0,-3.0,42.0,13.0,16.0,13.0,0.3948713189596576,0.3785271851342051,1.0,0.5141534882084642,0.5245287165718888,0.5,0.5245287165718888,,,total,1
2017_09_ATL_CAR,2017,9,2017-11-05,REG,CAR,ATL,20.0,17.0,-3.0,42.0,3.0,6.0,-5.0,0.45992605295393263,0.4172836182527931,0.0,0.6670365401842976,0.4857778244600654,0.5,0.4857778244600654,,,total,0
2017_09_KC_DAL,2017,9,2017-11-05,REG,DAL,KC,28.0,17.0,2.0,53.0,11.0,9.0,-8.0,0.4405696153175708,0.5480494766888677,0.0,0.47954312212493316,0.5329158082750254,0.5,0.5329158082750254,,,total,0
2017_09_IND_HOU,2017,9,2017-11-05,REG,HOU,IND,14.0,20.0,6.0,45.0,-6.0,-12.0,-11.0,0.7165431576973319,0.6996383748138693,0.0,0.6933452509389936,0.4784361041030103,0.5,0.4784361041030103,,,total,0
2017_09_CIN_JAX,2017,9,2017-11-05,REG,JAX,CIN,23.0,7.0,6.0,38.0,16.0,10.0,-8.0,0.5789536381287292,0.6800775569558896,0.0,0.37656982173546716,0.5583518715642561,0.5,0.5583518715642561,,,total,0
2017_09_OAK_MIA,2017,9,2017-11-05,REG,MIA,OAK,24.0,27.0,-3.0,44.5,-3.0,0.0,6.5,0.5866713493532708,0.4066985645933015,1.0,0.6086200795306512,0.5011636655155197,0.5,0.5011636655155197,,,total,1
2017_09_TB_NO,2017,9,2017-11-05,REG,NO,TB,30.0,10.0,7.0,54.0,20.0,13.0,-14.0,0.778350486294435,0.7319034852546917,0.0,0.3743332366616659,0.5589234187019632,0.5,0.5589234187019632,,,total,0
2017_09_LA_NYG,2017,9,2017-11-05,REG,NYG,LA,17.0,51.0,-5.5,42.5,-34.0,-28.5,25.5,0.5041997593267593,0.3050817654299279,1.0,0.6533590160135243,0.48948022618370945,0.5,0.48948022618370945,,,total,1
2017_09_DEN_PHI,2017,9,2017-11-05,REG,PHI,DEN,51.0,23.0,7.0,41.0,28.0,21.0,33.0,0.722211193083459,0.7319034852546917,1.0,0.46204921705673746,0.537161373571068,0.5,0.537161373571068,,,total,1
2017_09_WAS_SEA,2017,9,2017-11-05,REG,SEA,WAS,14.0,17.0,8.0,44.5,-3.0,-11.0,-13.5,0.7509039816403005,0.7770903466472567,0.0,0.6121892397554988,0.5002517889575676,0.5,0.5002517889575676,,,total,0
2017_09_ARI_SF,2017,9,2017-11-05,REG,SF,ARI,10.0,20.0,-2.5,39.0,-10.0,-7.5,-9.0,0.3107713659786686,0.4479937670432412,0.0,0.5982520504611706,0.5037961114646263,0.5,0.5037961114646263,,,total,0
2017_09_BAL_TEN,2017,9,2017-11-05,REG,TEN,BAL,23.0,20.0,3.0,41.0,3.0,0.0,2.0,0.5348444807950743,0.6172248803827751,1.0,0.3693318364475108,0.5602059446816328,0.5,0.5602059446816328,,,total,1
2017_09_DET_GB,2017,9,2017-11-06,REG,GB,DET,17.0,30.0,-2.5,42.5,-13.0,-10.5,4.5,0.6606791095815301,0.4479937670432412,1.0,0.45393047764539113,0.5391369747686597,0.5,0.5391369747686597,,,total,1
2017_10_SEA_ARI,2017,10,2017-11-09,REG,ARI,SEA,16.0,22.0,-6.0,40.0,-6.0,0.0,-2.0,0.4162676970934333,0.3069121964238057,0.0,0.5802497470965795,0.5083150833520046,0.5,0.5083150833520046,,,total,0
2017_10_DAL_ATL,2017,10,2017-11-12,REG,ATL,DAL,27.0,7.0,3.5,49.0,20.0,16.5,-15.0,0.5569829639596132,0.6332518337408314,0.0,0.5046495363402773,0.5268332508046903,0.5,0.5268332508046903,,,total,0
2017_10_NO_BUF,2017,10,2017-11-12,REG,BUF,NO,10.0,47.0,-2.0,48.5,-37.0,-35.0,8.5,0.46023024111448263,0.4519505233111322,1.0,0.6053256095067938,0.5020027225875063,0.5,0.5020027225875063,,,total,1
2017_10_GB_CHI,2017,10,2017-11-12,REG,CHI,GB,16.0,23.0,4.5,37.5,-7.0,-11.5,1.5,0.4060248871453505,0.6757296083811425,1.0,0.4877584615215976,0.530925199452102,0.5,0.530925199452102,,,total,1
2017_10_NE_DEN,2017,10,2017-11-12,REG,DEN,NE,16.0,41.0,-7.0,45.0,-25.0,-18.0,12.0,0.2613012495285862,0.28289498367913557,1.0,0.7279550118516241,0.4682299824084326,0.5,0.4682299824084326,,,total,1
2017_10_CLE_DET,2017,10,2017-11-12,REG,DET,CLE,38.0,24.0,10.5,42.5,14.0,3.5,19.5,0.8885968502645414,0.7987191216834401,1.0,0.749972202688579,0.4613264824785726,0.5,0.4613264824785726,,,total,1
2017_10_PIT_IND,2017,10,2017-11-12,REG,IND,PIT,17.0,20.0,-10.5,47.0,-3.0,7.5,-10.0,0.2832869263727898,0.1952054794520548,0.0,0.522157606483153,0.5225851902060645,0.5,0.5225851902060645,,,total,0
2017_10_LAC_JAX,2017,10,2017-11-12,REG,JAX,LAC,20.0,17.0,5.0,40.5,3.0,-2.0,-3.5,0.5713421784254569,0.6712553934662009,0.0,0.5534176160362143,0.5149527799274249,0.5,0.5149527799274249,,,total,0
2017_10_HOU_LA,2017,10,2017-11-12,REG,LA,HOU,33.0,7.0,12.0,45.0,26.0,14.0,-5.0,0.6946617016557987,0.8460275097515911,0.0,0.7262623751262071,0.46874621753383766,0.5,0.46874621753383766,,,total,0
2017_10_NYG_SF,2017,10,2017-11-12,REG,SF,NYG,31.0,21.0,-3.0,41.5,10.0,13.0,10.5,0.3455657848929067,0.3966571791921516,1.0,0.6504956765712983,0.49024657626809803,0.5,0.49024657626809803,,,total,1
2017_10_NYJ_TB,2017,10,2017-11-12,REG,TB,NYJ,15.0,10.0,1.0,44.5,5.0,4.0,-19.5,0.5186749666920839,0.5419847328244275,0.0,0.4575661177629981,0.5382517585810702,0.5,0.5382517585810702,,,total,0
2017_10_CIN_TEN,2017,10,2017-11-12,REG,TEN,CIN,24.0,20.0,4.5,40.5,4.0,-0.5,3.5,0.6031277051948019,0.6712553934662009,1.0,0.5631022959704562,0.5125684469212846,0.5,0.5125684469212846,,,total,1
2017_10_MIN_WAS,2017,10,2017-11-12,REG,WAS,MIN,30.0,38.0,-1.0,43.0,-8.0,-7.0,25.0,0.48427089519667693,0.5023229882921391,1.0,0.776875341945443,0.4523361997824374,0.5,0.4523361997824374,,,total,1
2017_10_MIA_CAR,2017,10,2017-11-13,REG,CAR,MIA,45.0,21.0,8.0,38.5,24.0,16.0,27.5,0.7013332046462536,0.7664138242829156,1.0,0.7528986171147054,0.46038037908052515,0.5,0.46038037908052515,,,total,1
2017_11_TEN_PIT,2017,11,2017-11-16,REG,PIT,TEN,40.0,17.0,7.0,44.5,23.0,16.0,12.5,0.7621461923455908,0.741037721131946,1.0,0.4606810502160452,0.5374940124945331,0.5,0.5374940124945331,,,total,1
2017_11_DET_CHI,2017,11,2017-11-19,REG,CHI,DET,24.0,27.0,-3.0,41.0,-3.0,0.0,10.0,0.35923543651895806,0.4066985645933015,1.0,0.47503101215596566,0.5340097400382241,0.5,0.5340097400382241,,,total,1
2017_11_JAX_CLE,2017,11,2017-11-19,REG,CLE,JAX,7.0,19.0,-7.5,37.0,-12.0,-4.5,-11.0,0.21066763155850374,0.2617633914320373,0.0,0.45100800679716774,0.5398492307493796,0.5,0.5398492307493796,,,total,0
2017_11_PHI_DAL,2017,11,2017-11-19,REG,DAL,PHI,9.0,37.0,-6.0,48.0,-28.0,-22.0,-2.0,0.5150730320669634,0.31694966877331915,0.0,0.4169621933874602,0.5482082068908998,0.5,0.5482082068908998,,,total,0
2017_11_CIN_DEN,2017,11,2017-11-19,REG,DEN,CIN,17.0,20.0,2.5,37.5,-3.0,-5.5,-0.5,0.6134011385255888,0.5933014354066986,0.0,0.4054094593123043,0.5510789045368311,0.5,0.5510789045368311,,,total,0
2017_11_BAL_GB,2017,11,2017-11-19,REG,GB,BAL,0.0,23.0,-2.5,38.5,-23.0,-20.5,-15.5,0.6668112311699215,0.44139283962726833,0.0,0.5454216627792245,0.5169132580261514,0.5,0.5169132580261514,,,total,0
2017_11_ARI_HOU,2017,11,2017-11-19,REG,HOU,ARI,31.0,21.0,2.5,38.0,10.0,7.5,14.0,0.5466130234628404,0.5520062329567589,1.0,0.6508427051879161,0.4901538502579312,0.5,0.4901538502579312,,,total,1
2017_11_BUF_LAC,2017,11,2017-11-19,REG,LAC,BUF,54.0,24.0,7.0,41.5,30.0,23.0,36.5,0.5835638035570844,0.7319034852546917,1.0,0.4935813223710898,0.5295147317194707,0.5,0.5295147317194707,,,total,1
2017_11_TB_MIA,2017,11,2017-11-19,REG,MIA,TB,20.0,30.0,-1.0,44.0,-10.0,-9.0,6.0,0.5719254000216883,0.46943325045014145,1.0,0.3631942577847661,0.5617886149459057,0.5,0.5617886149459057,,,total,1
2017_11_LA_MIN,2017,11,2017-11-19,REG,MIN,LA,24.0,7.0,1.0,46.0,17.0,16.0,-15.0,0.6096757585946272,0.5262215623771888,0.0,0.367737740625671,0.5606160550077347,0.5,0.5606160550077347,,,total,0
2017_11_WAS_NO,2017,11,2017-11-19,REG,NO,WAS,34.0,31.0,9.5,52.5,3.0,-6.5,12.5,0.7800775370675179,0.7641509433962264,1.0,0.38948945691475373,0.5550727302030629,0.5,0.5550727302030629,,,total,1
2017_11_KC_NYG,2017,11,2017-11-19,REG,NYG,KC,12.0,9.0,-10.0,44.5,3.0,13.0,-23.5,0.22934871342955354,0.22290965335274313,0.0,0.4365001981806235,0.5433957589131584,0.5,0.5433957589131584,,,total,0
2017_11_NE_OAK,2017,11,2017-11-19,REG,OAK,NE,8.0,33.0,-7.0,55.0,-25.0,-18.0,-14.0,0.18551309646024813,0.27418447694038245,0.0,0.7375200497292176,0.4652753030871259,0.5,0.4652753030871259,,,total,0
2017_11_ATL_SEA,2017,11,2017-11-20,REG,SEA,ATL,31.0,34.0,1.0,46.0,-3.0,-4.0,19.0,0.5517018164994498,0.5195545777019441,1.0,0.48066844983224544,0.5326430632036155,0.5,0.5326430632036155,,,total,1
2017_12_LAC_DAL,2017,12,2017-11-23,REG,DAL,LAC,6.0,28.0,-1.0,46.5,-22.0,-21.0,-12.5,0.6155403143862448,0.47377843762281124,0.0,0.5732010081080587,0.5100688880079123,0.5,0.5100688880079123,,,total,0
2017_12_MIN_DET,2017,12,2017-11-23,REG,DET,MIN,23.0,30.0,-2.5,46.0,-7.0,-4.5,7.0,0.5057035406826118,0.43949878436506445,1.0,0.4130940214630967,0.5491670736585116,0.5,0.5491670736585116,,,total,1
2017_12_NYG_WAS,2017,12,2017-11-23,REG,WAS,NYG,20.0,10.0,7.0,44.0,10.0,3.0,-14.0,0.6608004360983367,0.7382366085679627,0.0,0.4988510254650175,0.5282382221384374,0.5,0.5282382221384374,,,total,0
2017_12_JAX_ARI,2017,12,2017-11-26,REG,ARI,JAX,27.0,24.0,-6.5,37.5,3.0,9.5,13.5,0.45497249787864597,0.2949369162706865,1.0,0.5398333564868785,0.5182796484214859,0.5,0.5182796484214859,,,total,1
2017_12_TB_ATL,2017,12,2017-11-26,REG,ATL,TB,34.0,20.0,10.5,47.0,14.0,3.5,7.0,0.7881063609547718,0.8047945205479452,1.0,0.44465915437122455,0.5413988972547839,0.5,0.5413988972547839,,,total,1
2017_12_CLE_CIN,2017,12,2017-11-26,REG,CIN,CLE,30.0,16.0,7.5,39.0,14.0,6.5,7.0,0.8460770637360717,0.741037721131946,1.0,0.6531411300223788,0.48953864362177335,0.5,0.48953864362177335,,,total,1
2017_12_TEN_IND,2017,12,2017-11-26,REG,IND,TEN,16.0,20.0,-3.0,46.5,-4.0,-1.0,-10.5,0.4787899532693149,0.37993288776727036,0.0,0.30659806673132517,0.5769551781512953,0.5,0.5769551781512953,,,total,0
2017_12_BUF_KC,2017,12,2017-11-26,REG,KC,BUF,10.0,16.0,8.5,47.5,-6.0,-14.5,-21.5,0.7787797748362818,0.7590361445783131,0.0,0.3477699198869057,0.5658127578390753,0.5,0.5658127578390753,,,total,0
2017_12_NO_LA,2017,12,2017-11-26,REG,LA,NO,26.0,20.0,2.5,54.0,6.0,3.5,-8.0,0.426464179972645,0.5775497887748944,0.0,0.5751499021809653,0.5095847758730909,0.5,0.5095847758730909,,,total,0
2017_12_MIA_NE,2017,12,2017-11-26,REG,NE,MIA,35.0,17.0,17.0,49.0,18.0,1.0,3.0,0.907426021366483,0.9022482893450635,1.0,0.3979509284276573,0.5529440981782848,0.5,0.5529440981782848,,,total,1
2017_12_CAR_NYJ,2017,12,2017-11-26,REG,NYJ,CAR,27.0,35.0,-5.5,39.5,-8.0,-2.5,22.5,0.411812531828289,0.309021251987856,1.0,0.34444520847013543,0.56668965084009,0.5,0.56668965084009,,,total,1
2017_12_DEN_OAK,2017,12,2017-11-26,REG,OAK,DEN,21.0,14.0,3.5,41.0,7.0,3.5,-6.0,0.6019158494200413,0.658869395711501,0.0,0.5579633721336474,0.513835065785793,0.5,0.513835065785793,,,total,0
2017_12_CHI_PHI,2017,12,2017-11-26,REG,PHI,CHI,31.0,3.0,14.0,43.5,28.0,14.0,-9.5,0.8756802549038204,0.8613376835236541,0.0,0.6323984232942104,0.4950270483823774,0.5,0.4950270483823774,,,total,0
2017_12_GB_PIT,2017,12,2017-11-26,REG,PIT,GB,31.0,28.0,14.0,43.0,3.0,-11.0,16.0,0.7624489500818628,0.8785818358426419,1.0,0.4805261360651194,0.5326775541125154,0.5,0.5326775541125154,,,total,1
2017_12_SEA_SF,2017,12,2017-11-26,REG,SF,SEA,13.0,24.0,-7.0,45.0,-11.0,-4.0,-8.0,0.19407924915104044,0.277337559429477,0.0,0.4427842323400273,0.5418572083424645,0.5,0.5418572083424645,,,total,0
2017_12_HOU_BAL,2017,12,2017-11-27,REG,BAL,HOU,23.0,16.0,7.5,39.5,7.0,-0.5,-0.5,0.666823404257053,0.7625073404459873,0.0,0.5275410556476261,0.5212761211141272,0.5,0.5212761211141272,,,total,0
2017_13_WAS_DAL,2017,13,2017-11-30,REG,DAL,WAS,38.0,14.0,-1.5,47.0,24.0,25.5,5.0,0.6122590040079074,0.46943325045014145,1.0,0.44286126689433153,0.541838371434588,0.5,0.541838371434588,,,total,1
2017_13_LA_ARI,2017,13,2017-12-03,REG,ARI,LA,16.0,32.0,-7.5,43.0,-16.0,-8.5,5.0,0.4211689473260047,0.2617633914320373,1.0,0.5203697043832034,0.5230195867887593,0.5,0.5230195867887593,,,total,1
2017_13_MIN_ATL,2017,13,2017-12-03,REG,ATL,MIN,9.0,14.0,2.0,48.5,-5.0,-7.0,-25.5,0.6087204354700241,0.534834771627026,0.0,0.4994505761251903,0.5280929751495618,0.5,0.5280929751495618,,,total,0
2017_13_DET_BAL,2017,13,2017-12-03,REG,BAL,DET,44.0,20.0,2.5,43.0,24.0,21.5,21.0,0.5817804381741437,0.5500363507751557,1.0,0.5209370469613132,0.5228817607353333,0.5,0.5228817607353333,,,total,1
2017_13_NE_BUF,2017,13,2017-12-03,REG,BUF,NE,3.0,23.0,-7.5,48.5,-20.0,-12.5,-22.5,0.24261755603587484,0.25354213273676357,0.0,0.517855231119596,0.5236302433437089,0.5,0.5236302433437089,,,total,0
2017_13_SF_CHI,2017,13,2017-12-03,REG,CHI,SF,14.0,15.0,2.5,42.0,-1.0,-3.5,-13.0,0.7042624471050128,0.5660893345487694,0.0,0.6426306680122608,0.49233711291013676,0.5,0.49233711291013676,,,total,0
2017_13_TB_GB,2017,13,2017-12-03,REG,GB,TB,26.0,20.0,3.0,45.0,6.0,3.0,1.0,0.6308030738949169,0.6033428208078484,1.0,0.4051233532579825,0.5511502722253557,0.5,0.5511502722253557,,,total,1
2017_13_IND_JAX,2017,13,2017-12-03,REG,JAX,IND,30.0,10.0,10.0,41.0,20.0,10.0,-1.0,0.7345112048997052,0.7953615279672579,0.0,0.4507136753099662,0.5399210002112224,0.5,0.5399210002112224,,,total,0
2017_13_CLE_LAC,2017,13,2017-12-03,REG,LAC,CLE,19.0,10.0,13.5,45.0,9.0,-4.5,-16.0,0.9120860335267638,0.8619190981732576,0.0,0.3506329565468957,0.5650604365539761,0.5,0.5650604365539761,,,total,0
2017_13_DEN_MIA,2017,13,2017-12-03,REG,MIA,DEN,35.0,9.0,-1.0,41.0,26.0,27.0,3.0,0.5292676664062494,0.47377843762281124,1.0,0.4651427970247218,0.5364096223106314,0.5,0.5364096223106314,,,total,1
2017_13_CAR_NO,2017,13,2017-12-03,REG,NO,CAR,31.0,21.0,5.5,48.0,10.0,4.5,4.0,0.6388922545629899,0.6958254667505769,1.0,0.3846188441132082,0.5563046235430532,0.5,0.5563046235430532,,,total,1
2017_13_KC_NYJ,2017,13,2017-12-03,REG,NYJ,KC,38.0,31.0,-3.5,44.0,7.0,10.5,25.0,0.3443661284082445,0.360293204124736,1.0,0.5574351657891642,0.5139650678965765,0.5,0.5139650678965765,,,total,1
2017_13_NYG_OAK,2017,13,2017-12-03,REG,OAK,NYG,24.0,17.0,10.0,43.0,7.0,-3.0,-2.0,0.6964669480477401,0.7987191216834401,0.0,0.6511403344577136,0.49007429025474963,0.5,0.49007429025474963,,,total,0
2017_13_PHI_SEA,2017,13,2017-12-03,REG,SEA,PHI,24.0,10.0,-3.5,46.5,14.0,17.5,-12.5,0.4716865093329992,0.360293204124736,0.0,0.5758588592918138,0.5094085207494764,0.5,0.5094085207494764,,,total,0
2017_13_HOU_TEN,2017,13,2017-12-03,REG,TEN,HOU,24.0,13.0,7.0,42.5,11.0,4.0,-5.5,0.6366439688981758,0.722662440570523,0.0,0.41618906178993853,0.5483996778915239,0.5,0.5483996778915239,,,total,0
2017_13_PIT_CIN,2017,13,2017-12-04,REG,CIN,PIT,20.0,23.0,-4.5,42.5,-3.0,1.5,0.5,0.3216792840618019,0.33553809375770505,1.0,0.36741039221318067,0.5607003528921504,0.5,0.5607003528921504,,,total,1
2017_14_NO_ATL,2017,14,2017-12-07,REG,ATL,NO,20.0,17.0,2.5,51.5,3.0,0.5,-14.5,0.5588935339675242,0.5586071603727317,0.0,0.5052468770795543,0.5266884806254694,0.5,0.5266884806254694,,,total,0
2017_14_TEN_ARI,2017,14,2017-12-10,REG,ARI,TEN,12.0,7.0,-2.5,42.0,5.0,7.5,-23.0,0.4714349869079524,0.4259645555419216,0.0,0.38028187058827423,0.5574058873525237,0.5,0.5574058873525237,,,total,0
2017_14_IND_BUF,2017,14,2017-12-10,REG,BUF,IND,13.0,7.0,3.5,36.5,6.0,2.5,-16.5,0.7242569854592938,0.6274614156466205,0.0,0.3236015525768146,0.5722739725241074,0.5,0.5722739725241074,,,total,0
2017_14_MIN_CAR,2017,14,2017-12-10,REG,CAR,MIN,31.0,24.0,-2.5,40.5,7.0,9.5,14.5,0.45435523668601324,0.4519505233111322,1.0,0.528501075667606,0.5210424912545526,0.5,0.5210424912545526,,,total,1
2017_14_CHI_CIN,2017,14,2017-12-10,REG,CIN,CHI,7.0,33.0,6.0,40.5,-26.0,-32.0,-0.5,0.70563694366443,0.7050630837293135,0.0,0.5720484520442188,0.5103549115844163,0.5,0.5103549115844163,,,total,0
2017_14_GB_CLE,2017,14,2017-12-10,REG,CLE,GB,21.0,27.0,-2.5,38.5,-6.0,-3.5,9.5,0.19809258441205282,0.4433028919330289,1.0,0.4425870674875688,0.541905422686441,0.5,0.541905422686441,,,total,1
2017_14_NYJ_DEN,2017,14,2017-12-10,REG,DEN,NYJ,23.0,0.0,-1.0,40.5,23.0,24.0,-17.5,0.5038627655274216,0.5023229882921391,0.0,0.41974180959343205,0.5475205275363192,0.5,0.5475205275363192,,,total,0
2017_14_SF_HOU,2017,14,2017-12-10,REG,HOU,SF,16.0,26.0,1.0,45.5,-10.0,-11.0,-3.5,0.7536573757297133,0.537852568752202,0.0,0.49326928599273867,0.5295903141344045,0.5,0.5295903141344045,,,total,0
2017_14_SEA_JAX,2017,14,2017-12-10,REG,JAX,SEA,30.0,24.0,3.0,41.0,6.0,3.0,13.0,0.43177255990088315,0.5740354444580784,1.0,0.49116641583126297,0.5300996783352523,0.5,0.5300996783352523,,,total,1
2017_14_OAK_KC,2017,14,2017-12-10,REG,KC,OAK,26.0,15.0,4.5,48.5,11.0,6.5,-7.5,0.6728092290870544,0.6600024206947392,0.0,0.2863172854836476,0.5827140724245318,0.5,0.5827140724245318,,,total,0
2017_14_PHI_LA,2017,14,2017-12-10,REG,LA,PHI,35.0,43.0,-1.0,47.5,-8.0,-7.0,30.5,0.4973879772166253,0.478202846975089,1.0,0.4667662063008636,0.5360153258822383,0.5,0.5360153258822383,,,total,1
2017_14_WAS_LAC,2017,14,2017-12-10,REG,LAC,WAS,30.0,13.0,6.0,46.5,17.0,11.0,-3.5,0.7155879272867411,0.7086409898223908,0.0,0.3857671072996668,0.5560137453974864,0.5,0.5560137453974864,,,total,0
2017_14_DAL_NYG,2017,14,2017-12-10,REG,NYG,DAL,10.0,30.0,-4.0,42.0,-20.0,-16.0,-2.0,0.36385657662076587,0.35488721804511275,0.0,0.5611767993164153,0.5130434306494889,0.5,0.5130434306494889,,,total,0
2017_14_BAL_PIT,2017,14,2017-12-10,REG,PIT,BAL,39.0,38.0,6.0,43.0,1.0,-5.0,34.0,0.7075759479499886,0.6921645130114186,1.0,0.43050627470754554,0.5448671579655007,0.5,0.5448671579655007,,,total,1
2017_14_DET_TB,2017,14,2017-12-10,REG,TB,DET,21.0,24.0,-0.0,47.5,-3.0,-3.0,-2.5,0.48334136099817177,0.46214743124779806,0.0,0.3876157057896253,0.5555460523514462,0.5,0.5555460523514462,,,total,0
2017_14_NE_MIA,2017,14,2017-12-11,REG,MIA,NE,27.0,20.0,-10.0,48.0,7.0,17.0,-1.0,0.1674765021146676,0.19066553679681894,0.0,0.6156096835324576,0.4993750161794959,0.5,0.4993750161794959,,,total,0
2017_15_DEN_IND,2017,15,2017-12-14,REG,IND,DEN,13.0,25.0,-3.0,40.5,-12.0,-9.0,-2.5,0.4731680041787768,0.4224502112251056,0.0,0.6100151635166045,0.5008075985389224,0.5,0.5008075985389224,,,total,0
2017_15_CHI_DET,2017,15,2017-12-16,REG,DET,CHI,20.0,10.0,5.0,43.5,10.0,5.0,-13.5,0.7191892749476387,0.6859695689558487,0.0,0.4228878844595426,0.5467434837851026,0.5,0.5467434837851026,,,total,0
2017_15_LAC_KC,2017,15,2017-12-16,REG,KC,LAC,30.0,13.0,1.0,47.0,17.0,16.0,-4.0,0.5763544557891161,0.5172913928296243,0.0,0.39788799846778883,0.5529598782700138,0.5,0.5529598782700138,,,total,0
2017_15_MIA_BUF,2017,15,2017-12-17,REG,BUF,MIA,24.0,16.0,3.5,39.5,8.0,4.5,0.5,0.6118224878536968,0.6332518337408314,1.0,0.49057271121886825,0.5302434890615344,0.5,0.5302434890615344,,,total,1
2017_15_GB_CAR,2017,15,2017-12-17,REG,CAR,GB,31.0,24.0,3.0,46.5,7.0,4.0,8.5,0.6753557000130094,0.5860927152317882,1.0,0.21707604271451142,0.6043712659290045,0.5,0.6043712659290045,,,total,1
2017_15_BAL_CLE,2017,15,2017-12-17,REG,CLE,BAL,10.0,27.0,-6.5,42.0,-17.0,-10.5,-5.0,0.14963232167442192,0.2949369162706865,0.0,0.5550922689636502,0.5145412973934044,0.5,0.5145412973934044,,,total,0
2017_15_HOU_JAX,2017,15,2017-12-17,REG,JAX,HOU,45.0,7.0,10.5,39.0,38.0,27.5,13.0,0.7734890551337836,0.7987191216834401,1.0,0.7414730013219148,0.46403478626046024,0.5,0.46403478626046024,,,total,1
2017_15_CIN_MIN,2017,15,2017-12-17,REG,MIN,CIN,34.0,7.0,12.5,42.5,27.0,14.5,-1.5,0.827243178513061,0.8460275097515911,0.0,0.576688395121447,0.5092021867378649,0.5,0.5092021867378649,,,total,0
2017_15_NYJ_NO,2017,15,2017-12-17,REG,NO,NYJ,31.0,19.0,16.5,47.0,12.0,-4.5,3.0,0.8158541961486762,0.89070042808999,1.0,0.5174894098972082,0.5237190605846351,0.5,0.5237190605846351,,,total,1
2017_15_PHI_NYG,2017,15,2017-12-17,REG,NYG,PHI,29.0,34.0,-7.5,40.5,-5.0,2.5,22.5,0.1928272580029601,0.2680965147453084,1.0,0.5976154128483612,0.5039569965612425,0.5,0.5039569965612425,,,total,1
2017_15_DAL_OAK,2017,15,2017-12-17,REG,OAK,DAL,17.0,20.0,-3.0,46.0,-3.0,0.0,-9.0,0.4702697730562287,0.4259645555419216,0.0,0.4195603530922943,0.5475653866623343,0.5,0.5475653866623343,,,total,0
2017_15_NE_PIT,2017,15,2017-12-17,REG,PIT,NE,24.0,27.0,-2.5,53.0,-3.0,-0.5,-2.0,0.4931875758533406,0.4320786780923455,0.0,0.38747975966195053,0.5555804218439654,0.5,0.5555804218439654,,,total,0
2017_15_LA_SEA,2017,15,2017-12-17,REG,SEA,LA,7.0,42.0,-1.0,47.5,-35.0,-34.0,1.5,0.6322032655885644,0.5,1.0,0.3061841428558189,0.5770707102328814,0.5,0.5770707102328814,,,total,1
2017_15_TEN_SF,2017,15,2017-12-17,REG,SF,TEN,25.0,23.0,2.5,44.5,2.0,-0.5,3.5,0.3566184016726993,0.537852568752202,1.0,0.2783705007689564,0.5850299864275162,0.5,0.5850299864275162,,,total,1
2017_15_ARI_WAS,2017,15,2017-12-17,REG,WAS,ARI,20.0,15.0,4.0,40.0,5.0,1.0,-5.0,0.5757189163151081,0.6527218785216531,0.0,0.5677893598558494,0.5114101505719892,0.5,0.5114101505719892,,,total,0
2017_15_ATL_TB,2017,15,2017-12-18,REG,TB,ATL,21.0,24.0,-7.0,49.5,-3.0,4.0,-4.5,0.2900497286084533,0.2562225475841874,0.0,0.5426022243523543,0.5176029963857847,0.5,0.5176029963857847,,,total,0
2017_16_IND_BAL,2017,16,2017-12-23,REG,BAL,IND,23.0,16.0,13.5,41.0,7.0,-6.5,-2.0,0.8366796407470363,0.8677248677248677,0.0,0.46411907305691896,0.5366583344598201,0.5,0.5366583344598201,,,total,0
2017_16_MIN_GB,2017,16,2017-12-23,REG,GB,MIN,0.0,16.0,-8.5,41.0,-16.0,-7.5,-25.0,0.3854797241317586,0.21891418563922943,0.0,0.46500193416499885,0.5364438415205512,0.5,0.5364438415205512,,,total,0
2017_16_NYG_ARI,2017,16,2017-12-24,REG,ARI,NYG,23.0,0.0,3.0,39.0,23.0,20.0,-16.0,0.6834936263948859,0.6186511705872493,0.0,0.5813620845270995,0.508037575885189,0.5,0.508037575885189,,,total,0
2017_16_TB_CAR,2017,16,2017-12-24,REG,CAR,TB,22.0,19.0,10.0,46.5,3.0,-7.0,-5.5,0.7930962963308887,0.7987191216834401,0.0,0.46088841639828876,0.5374435890842294,0.5,0.5374435890842294,,,total,0
2017_16_CLE_CHI,2017,16,2017-12-24,REG,CHI,CLE,20.0,3.0,5.5,37.0,17.0,11.5,-14.0,0.8177912593963474,0.6800775569558896,0.0,0.553309824176575,0.5149792547020149,0.5,0.5149792547020149,,,total,0
2017_16_DET_CIN,2017,16,2017-12-24,REG,CIN,DET,26.0,17.0,-3.0,43.5,9.0,12.0,-0.5,0.38795634009523833,0.40832074076455643,0.0,0.6587605638011143,0.488026513053278,0.5,0.488026513053278,,,total,0
2017_16_SEA_DAL,2017,16,2017-12-24,REG,DAL,SEA,12.0,21.0,4.5,47.0,-9.0,-13.5,-14.0,0.5958196109630207,0.664461906242295,0.0,0.5131350206823567,0.5247758173255163,0.5,0.5247758173255163,,,total,0
2017_16_MIA_KC,2017,16,2017-12-24,REG,KC,MIA,29.0,13.0,11.0,43.5,16.0,5.0,-1.5,0.7659780599565377,0.8161598505168621,0.0,0.44031403860217977,0.5424615317906732,0.5,0.5424615317906732,,,total,0
2017_16_BUF_NE,2017,16,2017-12-24,REG,NE,BUF,37.0,16.0,11.0,47.5,21.0,10.0,5.5,0.8355930661673667,0.8161598505168621,1.0,0.21428075285574902,0.6053311089047646,0.5,0.6053311089047646,,,total,1
2017_16_ATL_NO,2017,16,2017-12-24,REG,NO,ATL,23.0,13.0,5.5,52.0,10.0,4.5,-16.0,0.5655554072055571,0.690978748012144,0.0,0.47381754178308727,0.5343040438840038,0.5,0.5343040438840038,,,total,0
2017_16_LAC_NYJ,2017,16,2017-12-24,REG,NYJ,LAC,7.0,14.0,-7.5,42.5,-7.0,0.5,-21.5,0.3768737838603183,0.2680965147453084,0.0,0.6260585246951794,0.4966780426624143,0.5,0.4966780426624143,,,total,0
2017_16_JAX_SF,2017,16,2017-12-24,REG,SF,JAX,44.0,33.0,-4.0,43.0,11.0,15.0,34.0,0.28053009269486373,0.341130604288499,1.0,0.5923428503698399,0.5052862576556791,0.5,0.5052862576556791,,,total,1
2017_16_LA_TEN,2017,16,2017-12-24,REG,TEN,LA,23.0,27.0,-5.5,46.0,-4.0,1.5,4.0,0.37820817786926536,0.3199224430441105,1.0,0.31081713994203136,0.5757820065933872,0.5,0.5757820065933872,,,total,1
2017_16_DEN_WAS,2017,16,2017-12-24,REG,WAS,DEN,27.0,11.0,3.0,39.5,16.0,13.0,-1.5,0.5812632574926002,0.6002460024600246,0.0,0.3241413762633887,0.572127316882767,0.5,0.572127316882767,,,total,0
2017_16_PIT_HOU,2017,16,2017-12-25,REG,HOU,PIT,6.0,34.0,-8.0,45.5,-28.0,-20.0,-5.5,0.21617755225167623,0.21891418563922943,0.0,0.6379942802435343,0.49355998377412147,0.5,0.49355998377412147,,,total,0
2017_16_OAK_PHI,2017,16,2017-12-25,REG,PHI,OAK,19.0,10.0,10.0,46.0,9.0,-1.0,-17.0,0.8162506303556454,0.7882908557935022,0.0,0.6135449561046284,0.49990461830054816,0.5,0.49990461830054816,,,total,0
2017_17_CAR_ATL,2017,17,2017-12-31,REG,ATL,CAR,22.0,10.0,5.0,44.5,12.0,7.0,-12.5,0.6083536094238499,0.6859695689558487,0.0,0.3891477991892706,0.5551589808210201,0.5,0.5551589808210201,,,total,0
2017_17_CIN_BAL,2017,17,2017-12-31,REG,BAL,CIN,27.0,31.0,8.0,40.0,-4.0,-12.0,18.0,0.7584305206466393,0.768632470217584,1.0,0.5967583871890694,0.5041734435924116,0.5,0.5041734435924116,,,total,1
2017_17_KC_DEN,2017,17,2017-12-31,REG,DEN,KC,24.0,27.0,3.0,37.5,-3.0,-6.0,13.5,0.3266048316035886,0.6172970557014359,1.0,0.5063918232659428,0.5264109709765548,0.5,0.5264109709765548,,,total,1
2017_17_GB_DET,2017,17,2017-12-31,REG,DET,GB,35.0,11.0,7.5,45.0,24.0,16.5,1.0,0.6124146353082479,0.741037721131946,1.0,0.45192923324800655,0.5396246430410822,0.5,0.5396246430410822,,,total,1
2017_17_HOU_IND,2017,17,2017-12-31,REG,IND,HOU,22.0,13.0,5.5,42.0,9.0,3.5,-7.0,0.5392384140111479,0.67719847402915,0.0,0.4375485549189005,0.5431388081445921,0.5,0.5431388081445921,,,total,0
2017_17_SF_LA,2017,17,2017-12-31,REG,LA,SF,13.0,34.0,-6.5,44.5,-21.0,-14.5,2.5,0.8470186753233303,0.28507217303428406,1.0,0.4503651988950833,0.5400059810495226,0.5,0.5400059810495226,,,total,1
2017_17_OAK_LAC,2017,17,2017-12-31,REG,LAC,OAK,30.0,10.0,7.0,43.0,20.0,13.0,-3.0,0.7258984263356746,0.7353719494266393,0.0,0.48315644052878254,0.5320401459815707,0.5,0.5320401459815707,,,total,0
2017_17_BUF_MIA,2017,17,2017-12-31,REG,MIA,BUF,16.0,22.0,-2.5,41.5,-6.0,-3.5,-3.5,0.49267637305202233,0.4479937670432412,0.0,0.29571782395100976,0.5800190045362956,0.5,0.5800190045362956,,,total,0
2017_17_CHI_MIN,2017,17,2017-12-31,REG,MIN,CHI,23.0,10.0,13.5,38.0,13.0,-0.5,-5.0,0.8515603270838602,0.8573227024758707,0.0,0.46027558600693524,0.5375926130208072,0.5,0.5375926130208072,,,total,0
2017_17_NYJ_NE,2017,17,2017-12-31,REG,NE,NYJ,26.0,6.0,17.0,43.5,20.0,3.0,-11.5,0.9096338040246432,0.8987444309437019,0.0,0.4060909996373238,0.5509089537775417,0.5,0.5509089537775417,,,total,0
2017_17_WAS_NYG,2017,17,2017-12-31,REG,NYG,WAS,18.0,10.0,-5.0,41.0,8.0,13.0,-13.0,0.3685334797638805,0.32280152597085005,0.0,0.3664229105786704,0.5609548164355285,0.5,0.5609548164355285,,,total,0
2017_17_DAL_PHI,2017,17,2017-12-31,REG,PHI,DAL,0.0,6.0,-3.5,41.0,-6.0,-2.5,-35.0,0.7527417156701889,0.35211267605633806,0.0,0.5535402767734933,0.514922651602741,0.5,0.514922651602741,,,total,0
2017_17_CLE_PIT,2017,17,2017-12-31,REG,PIT,CLE,28.0,24.0,5.0,38.5,4.0,-1.0,13.5,0.9559287917653781,0.6579876434245368,1.0,0.5766188074217607,0.5092194998224846,0.5,0.5092194998224846,,,total,1
2017_17_ARI_SEA,2017,17,2017-12-31,REG,SEA,ARI,24.0,26.0,8.0,38.0,-2.0,-10.0,12.0,0.7456033727262232,0.7702931911800339,1.0,0.4318284228590071,0.5445422468736727,0.5,0.5445422468736727,,,total,1
2017_17_NO_TB,2017,17,2017-12-31,REG,TB,NO,31.0,24.0,-6.0,49.0,7.0,13.0,6.0,0.25424578272217574,0.303030303030303,1.0,0.43076012146817066,0.5448047606448686,0.5,0.5448047606448686,,,total,1
2017_17_JAX_TEN,2017,17,2017-12-31,REG,TEN,JAX,15.0,10.0,2.5,40.0,5.0,2.5,-15.0,0.48727066872725705,0.5660893345487694,0.0,0.6792512495075518,0.4824079373075153,0.5,0.4824079373075153,,,total,0
2017_18_TEN_KC,2017,18,2018-01-06,WC,KC,TEN,21.0,22.0,8.5,44.0,-1.0,-9.5,-1.0,0.7633881886956694,0.7918875407389956,0.0,0.45497201230109285,0.5388832858083769,0.5,0.5388832858083769,,,total,0
2017_18_ATL_LA,2017,18,2018-01-06,WC,LA,ATL,13.0,26.0,6.5,48.0,-13.0,-19.5,-9.0,0.4611890023179725,0.6969696969696969,0.0,0.51071748868055,0.5253622083602267,0.5,0.5253622083602267,,,total,0
2017_18_BUF_JAX,2017,18,2018-01-07,WC,JAX,BUF,10.0,3.0,8.5,39.5,7.0,-1.5,-26.5,0.5545393020960933,0.7810858143607706,0.0,0.38479502485917827,0.5562599748597159,0.5,0.5562599748597159,,,total,0
2017_18_CAR_NO,2017,18,2018-01-07,WC,NO,CAR,31.0,26.0,6.5,47.5,5.0,-1.5,9.5,0.6316171595237099,0.7086409898223908,1.0,0.4550178918261863,0.538872112587227,0.5,0.538872112587227,,,total,1
2017_19_TEN_NE,2017,19,2018-01-13,DIV,NE,TEN,35.0,14.0,13.5,48.0,21.0,7.5,1.0,0.8603662545334051,0.8625546306734823,1.0,0.5418804350267417,0.5177794528395473,0.5,0.5177794528395473,,,total,1
2017_19_ATL_PHI,2017,19,2018-01-13,DIV,PHI,ATL,15.0,10.0,-2.5,40.0,5.0,7.5,-15.0,0.5398807696172194,0.4433028919330289,0.0,0.43565844068520587,0.5436021563595401,0.5,0.5436021563595401,,,total,0
2017_19_NO_MIN,2017,19,2018-01-14,DIV,MIN,NO,29.0,24.0,5.5,47.0,5.0,-0.5,6.0,0.6152686287853559,0.6800775569558896,1.0,0.3965200908457957,0.5533030736850008,0.5,0.5533030736850008,,,total,1
2017_19_JAX_PIT,2017,19,2018-01-14,DIV,PIT,JAX,42.0,45.0,7.0,40.5,-3.0,-10.0,46.5,0.7541737919843107,0.7194329592439458,1.0,0.5227555054963965,0.5224398841382268,0.5,0.5224398841382268,,,total,1
2017_20_JAX_NE,2017,20,2018-01-21,CON,NE,JAX,24.0,20.0,7.5,46.0,4.0,-3.5,-2.0,0.8193012082224981,0.7490809359864622,0.0,0.44857163189378246,0.5404435202414802,0.5,0.5404435202414802,,,total,0
2017_20_MIN_PHI,2017,20,2018-01-21,CON,PHI,MIN,38.0,7.0,-3.0,39.0,31.0,34.0,6.0,0.5574978663136635,0.41899204424013164,1.0,0.5480052341928244,0.5162805398603019,0.5,0.5162805398603019,,,total,1
2017_21_PHI_NE,2017,21,2018-02-04,SB,NE,PHI,33.0,41.0,4.5,48.5,-8.0,-12.5,25.5,0.5925041950403014,0.6527218785216531,1.0,0.4783887121087427,0.5331956338726009,0.5,0.5331956338726009,,,total,1
2018_01_ATL_PHI,2018,1,2018-09-06,REG,PHI,ATL,18.0,12.0,1.0,44.5,6.0,5.0,-14.5,0.6598953429668002,0.5023229882921391,0.0,0.44390722715683506,0.43635989589287205,0.5,0.43635989589287205,,,total,0
2018_01_WAS_ARI,2018,1,2018-09-09,REG,ARI,WAS,6.0,24.0,2.0,43.5,-18.0,-20.0,-13.5,0.5942078332796787,0.5500363507751557,0.0,0.3913107711081874,0.4126101821433892,0.5,0.4126101821433892,,,total,0
2018_01_BUF_BAL,2018,1,2018-09-09,REG,BAL,BUF,47.0,3.0,7.5,39.0,44.0,36.5,11.0,0.6265149218105303,0.7613990927921551,1.0,0.41798826238109665,0.4247185496503767,0.5,0.4247185496503767,,,total,1
2018_01_DAL_CAR,2018,1,2018-09-09,REG,CAR,DAL,16.0,8.0,2.5,42.5,8.0,5.5,-18.5,0.5753378370991054,0.5833751631362314,0.0,0.31565053665920095,0.37699595844461803,0.5,0.37699595844461803,,,total,0
2018_01_PIT_CLE,2018,1,2018-09-09,REG,CLE,PIT,21.0,21.0,-3.5,41.0,0.0,3.5,1.0,0.16183999627155185,0.3813488294127508,1.0,0.37746603718681876,0.406255569700336,0.5,0.406255569700336,,,total,1
2018_01_SEA_DEN,2018,1,2018-09-09,REG,DEN,SEA,27.0,24.0,3.0,42.5,3.0,0.0,8.5,0.42979316681632174,0.6205588133839255,1.0,0.4863725716244207,0.4553111183288953,0.5,0.4553111183288953,,,total,1
2018_01_CHI_GB,2018,1,2018-09-09,REG,GB,CHI,24.0,23.0,6.5,45.0,1.0,-5.5,2.0,0.6331950595056134,0.7129371711544413,1.0,0.3883892105970354,0.41127377529049886,0.5,0.41127377529049886,,,total,1
2018_01_CIN_IND,2018,1,2018-09-09,REG,IND,CIN,23.0,34.0,-1.0,47.5,-11.0,-10.0,9.5,0.46805635630084846,0.5,1.0,0.397951324708595,0.41563943903039274,0.5,0.41563943903039274,,,total,1
2018_01_KC_LAC,2018,1,2018-09-09,REG,LAC,KC,28.0,38.0,3.5,48.0,-10.0,-13.5,18.0,0.5547362111737185,0.6332518337408314,1.0,0.46780751643003493,0.44703383242370015,0.5,0.44703383242370015,,,total,1
2018_01_TEN_MIA,2018,1,2018-09-09,REG,MIA,TEN,27.0,20.0,-1.0,43.5,7.0,8.0,3.5,0.5150531906266913,0.478202846975089,1.0,0.3325189210512424,0.3851548794773279,0.5,0.3851548794773279,,,total,1
2018_01_SF_MIN,2018,1,2018-09-09,REG,MIN,SF,24.0,16.0,6.0,46.5,8.0,2.0,-6.5,0.767376515589014,0.711109715505872,0.0,0.5706155808335269,0.4932454547173803,0.5,0.4932454547173803,,,total,0
2018_01_HOU_NE,2018,1,2018-09-09,REG,NE,HOU,27.0,20.0,6.0,49.5,7.0,1.0,-2.5,0.8838469017740566,0.6891002194586686,0.0,0.6244691200093312,0.5184118766864296,0.5,0.5184118766864296,,,total,0
2018_01_TB_NO,2018,1,2018-09-09,REG,NO,TB,40.0,48.0,10.0,50.0,-8.0,-18.0,38.0,0.7436795113161625,0.7987191216834401,1.0,0.4691363762518165,0.4476264356411555,0.5,0.4476264356411555,,,total,1
2018_01_JAX_NYG,2018,1,2018-09-09,REG,NYG,JAX,15.0,20.0,-2.5,43.0,-5.0,-2.5,-8.0,0.384594874377466,0.4295364214803857,0.0,0.42356137464571486,0.4272299727098588,0.5,0.4272299727098588,,,total,0
2018_01_NYJ_DET,2018,1,2018-09-10,REG,DET,NYJ,17.0,48.0,7.0,44.0,-31.0,-38.0,21.0,0.7081728676743139,0.7540381997164995,1.0,0.5660540783680003,0.49115811024313805,0.5,0.49115811024313805,,,total,1
2018_01_LA_OAK,2018,1,2018-09-10,REG,OAK,LA,13.0,33.0,-6.0,47.5,-20.0,-14.0,-1.5,0.4819610882143218,0.3128007699711261,0.0,0.4131935376397123,0.42255346977960356,0.5,0.42255346977960356,,,total,0
2018_02_BAL_CIN,2018,2,2018-09-13,REG,CIN,BAL,34.0,23.0,1.0,43.0,11.0,10.0,14.0,0.4757758825522549,0.521797153024911,1.0,0.6714236068010088,0.5414642943364552,0.5,0.5414642943364552,,,total,1
2018_02_CAR_ATL,2018,2,2018-09-16,REG,ATL,CAR,31.0,24.0,5.5,44.0,7.0,1.5,11.0,0.6237763189788939,0.6891002194586686,1.0,0.5686999057402394,0.4923681612223725,0.5,0.4923681612223725,,,total,1
2018_02_LAC_BUF,2018,2,2018-09-16,REG,BUF,LAC,20.0,31.0,-7.5,41.5,-11.0,-3.5,9.5,0.48164019887281995,0.2703883760310264,1.0,0.6357234684697881,0.5238245385008664,0.5,0.5238245385008664,,,total,1
2018_02_NYG_DAL,2018,2,2018-09-16,REG,DAL,NYG,20.0,13.0,3.0,42.0,7.0,4.0,-9.0,0.7656038174015772,0.5894160583941606,0.0,0.67998984515404,0.5458207081730746,0.5,0.5458207081730746,,,total,0
2018_02_OAK_DEN,2018,2,2018-09-16,REG,DEN,OAK,20.0,19.0,5.5,44.5,1.0,-4.5,-5.5,0.6242341954701347,0.6817827855062153,0.0,0.4182827796998959,0.4248514027761414,0.5,0.4248514027761414,,,total,0
2018_02_MIN_GB,2018,2,2018-09-16,REG,GB,MIN,29.0,29.0,-2.0,45.0,0.0,2.0,13.0,0.3717427334725943,0.46516522837297414,1.0,0.5053164041433873,0.46376558533093415,0.5,0.46376558533093415,,,total,1
2018_02_NE_JAX,2018,2,2018-09-16,REG,JAX,NE,31.0,20.0,-2.0,44.5,11.0,13.0,6.5,0.3912728807935662,0.4433028919330289,1.0,0.2959407646550784,0.3672501234409645,0.5,0.3672501234409645,,,total,1
2018_02_ARI_LA,2018,2,2018-09-16,REG,LA,ARI,34.0,0.0,13.5,43.5,34.0,20.5,-9.5,0.7243819355370387,0.8646087191984837,0.0,0.4465304314649445,0.43753348524146246,0.5,0.43753348524146246,,,total,0
2018_02_CLE_NO,2018,2,2018-09-16,REG,NO,CLE,21.0,18.0,10.0,51.0,3.0,-7.0,-12.0,0.8771841264149564,0.7835710352305374,0.0,0.4952724265792384,0.459280832798094,0.5,0.459280832798094,,,total,0
2018_02_MIA_NYJ,2018,2,2018-09-16,REG,NYJ,MIA,12.0,20.0,3.0,43.0,-8.0,-11.0,-11.0,0.5967789187293727,0.6143408084559349,0.0,0.5673434673376175,0.49174757184677215,0.5,0.49174757184677215,,,total,0
2018_02_KC_PIT,2018,2,2018-09-16,REG,PIT,KC,37.0,42.0,4.5,52.0,-5.0,-9.5,27.0,0.5588097786159691,0.6499689771835965,1.0,0.41559041503068345,0.42363632617826646,0.5,0.42363632617826646,,,total,1
2018_02_DET_SF,2018,2,2018-09-16,REG,SF,DET,30.0,27.0,6.0,48.5,3.0,-3.0,8.5,0.5477936562787077,0.685002350728726,1.0,0.4252257378500036,0.4279789919550153,0.5,0.4279789919550153,,,total,1
2018_02_PHI_TB,2018,2,2018-09-16,REG,TB,PHI,27.0,21.0,-3.0,46.5,6.0,9.0,1.5,0.31383055995569875,0.42667230861454913,1.0,0.40371846973938724,0.41826150682304775,0.5,0.41826150682304775,,,total,1
2018_02_HOU_TEN,2018,2,2018-09-16,REG,TEN,HOU,20.0,17.0,-3.5,41.0,3.0,6.5,-4.0,0.6995935918043366,0.37713161346742463,0.0,0.6315813892879021,0.521825084579446,0.5,0.521825084579446,,,total,0
2018_02_IND_WAS,2018,2,2018-09-16,REG,WAS,IND,9.0,21.0,6.0,48.0,-12.0,-18.0,-18.0,0.7505307609408037,0.6881525568730624,0.0,0.5352000146844921,0.4771664578455873,0.5,0.4771664578455873,,,total,0
2018_02_SEA_CHI,2018,2,2018-09-17,REG,CHI,SEA,24.0,17.0,5.0,42.5,7.0,2.0,-1.5,0.4193282512646888,0.6810745187212147,0.0,0.4837459134350246,0.4541399555108799,0.5,0.4541399555108799,,,total,0
2018_03_NYJ_CLE,2018,3,2018-09-20,REG,CLE,NYJ,21.0,17.0,3.0,41.0,4.0,1.0,-3.0,0.32571303092785775,0.6143408084559349,0.0,0.4684592527863699,0.44732447958255084,0.5,0.44732447958255084,,,total,0
2018_03_CHI_ARI,2018,3,2018-09-23,REG,ARI,CHI,14.0,16.0,-6.0,39.0,-2.0,4.0,-9.0,0.5454250799351792,0.3012460632616733,0.0,0.5483399124420368,0.4831007451150737,0.5,0.4831007451150737,,,total,0
2018_03_NO_ATL,2018,3,2018-09-23,REG,ATL,NO,37.0,43.0,1.5,54.0,-6.0,-7.5,26.0,0.6584333949004454,0.5419847328244275,1.0,0.3432254583332179,0.3902580536468741,0.5,0.3902580536468741,,,total,1
2018_03_DEN_BAL,2018,3,2018-09-23,REG,BAL,DEN,27.0,14.0,5.5,46.0,13.0,7.5,-5.0,0.6703457082426205,0.6757296083811425,0.0,0.30482757449729286,0.37167510036975737,0.5,0.37167510036975737,,,total,0
2018_03_CIN_CAR,2018,3,2018-09-23,REG,CAR,CIN,31.0,21.0,2.5,44.0,10.0,7.5,8.0,0.632433413293017,0.5722567873303167,1.0,0.4166939186338655,0.4241345022832689,0.5,0.4241345022832689,,,total,1
2018_03_NE_DET,2018,3,2018-09-23,REG,DET,NE,26.0,10.0,-7.0,55.5,16.0,23.0,-19.5,0.31140434970322817,0.2644709928736141,0.0,0.5085969451636847,0.4652319307614322,0.5,0.4652319307614322,,,total,0
2018_03_NYG_HOU,2018,3,2018-09-23,REG,HOU,NYG,22.0,27.0,6.5,44.0,-5.0,-11.5,5.0,0.5647675963254859,0.7042102661283678,1.0,0.6557292447543812,0.5336137138645587,0.5,0.5336137138645587,,,total,1
2018_03_TEN_JAX,2018,3,2018-09-23,REG,JAX,TEN,6.0,9.0,10.0,39.0,-3.0,-13.0,-24.0,0.7161574242580672,0.7864444029773383,0.0,0.4329566656159685,0.43145272181596145,0.5,0.43145272181596145,,,total,0
2018_03_SF_KC,2018,3,2018-09-23,REG,KC,SF,38.0,27.0,6.0,53.0,11.0,5.0,12.0,0.7868631922843929,0.6969696969696969,1.0,0.5534562899516189,0.4854205931590352,0.5,0.4854205931590352,,,total,1
2018_03_LAC_LA,2018,3,2018-09-23,REG,LA,LAC,35.0,23.0,7.5,49.0,12.0,4.5,9.0,0.5915183537913976,0.7243378424462885,1.0,0.620249899399042,0.5163984811757785,0.5,0.5163984811757785,,,total,1
2018_03_OAK_MIA,2018,3,2018-09-23,REG,MIA,OAK,28.0,20.0,3.0,46.0,8.0,5.0,2.0,0.6665506955662682,0.5660893345487694,1.0,0.5606233967180494,0.48868007377332473,0.5,0.48868007377332473,,,total,1
2018_03_BUF_MIN,2018,3,2018-09-23,REG,MIN,BUF,6.0,27.0,16.5,41.0,-21.0,-37.5,-8.0,0.7822371985012609,0.8928806855636124,0.0,0.4970278784493866,0.46006422832275967,0.5,0.46006422832275967,,,total,0
2018_03_IND_PHI,2018,3,2018-09-23,REG,PHI,IND,20.0,16.0,6.5,45.5,4.0,-2.5,-9.5,0.8536526698329133,0.7153339117991809,0.0,0.49710946808148815,0.4601006427489516,0.5,0.4601006427489516,,,total,0
2018_03_DAL_SEA,2018,3,2018-09-23,REG,SEA,DAL,24.0,13.0,1.0,40.0,11.0,10.0,-3.0,0.5272920565822005,0.5262215623771888,0.0,0.7398954777929448,0.5780609419554414,0.5,0.5780609419554414,,,total,0
2018_03_GB_WAS,2018,3,2018-09-23,REG,WAS,GB,31.0,17.0,-2.5,46.5,14.0,16.5,1.5,0.5590522945569711,0.43949878436506445,1.0,0.5749645249189629,0.4952408657211245,0.5,0.4952408657211245,,,total,1
2018_03_PIT_TB,2018,3,2018-09-24,REG,TB,PIT,27.0,30.0,1.0,55.0,-3.0,-4.0,2.0,0.5065555950358203,0.5262215623771888,1.0,0.5906096052438633,0.502466588726925,0.5,0.502466588726925,,,total,1
2018_04_MIN_LA,2018,4,2018-09-27,REG,LA,MIN,38.0,31.0,7.5,48.5,7.0,-0.5,20.5,0.6222258187533096,0.7444178676800912,1.0,0.5494923358975939,0.48362279050423207,0.5,0.48362279050423207,,,total,1
2018_04_SEA_ARI,2018,4,2018-09-30,REG,ARI,SEA,17.0,20.0,-3.5,40.0,-3.0,0.5,-3.0,0.4064550159231784,0.35777298568908056,0.0,0.5225678831919879,0.4714883827424653,0.5,0.4714883827424653,,,total,0
2018_04_CIN_ATL,2018,4,2018-09-30,REG,ATL,CIN,36.0,37.0,3.5,52.0,-1.0,-4.5,21.0,0.6998593511481855,0.6261005910022917,1.0,0.5316865203248725,0.4755847805671801,0.5,0.4755847805671801,,,total,1
2018_04_TB_CHI,2018,4,2018-09-30,REG,CHI,TB,48.0,10.0,3.0,46.0,38.0,35.0,12.0,0.5032391997367953,0.5686556434219986,1.0,0.5214063162246643,0.4709673739940339,0.5,0.4709673739940339,,,total,1
2018_04_DET_DAL,2018,4,2018-09-30,REG,DAL,DET,26.0,24.0,2.5,44.0,2.0,-0.5,6.0,0.6115000321595758,0.5697382574399427,1.0,0.7235295462620622,0.5688998382367573,0.5,0.5688998382367573,,,total,1
2018_04_BUF_GB,2018,4,2018-09-30,REG,GB,BUF,22.0,0.0,8.5,44.0,22.0,13.5,-22.0,0.5055855285497332,0.7659847512644372,0.0,0.4509932968641483,0.4395286904718832,0.5,0.4395286904718832,,,total,0
2018_04_HOU_IND,2018,4,2018-09-30,REG,IND,HOU,34.0,37.0,-1.0,48.0,-3.0,-2.0,23.0,0.6575329050022021,0.478202846975089,1.0,0.42778674082417223,0.4291306890477983,0.5,0.4291306890477983,,,total,1
2018_04_NYJ_JAX,2018,4,2018-09-30,REG,JAX,NYJ,31.0,12.0,7.5,40.5,19.0,11.5,2.5,0.7474914809002466,0.7516485398646913,1.0,0.600845679203651,0.507238869914332,0.5,0.507238869914332,,,total,1
2018_04_SF_LAC,2018,4,2018-09-30,REG,LAC,SF,29.0,27.0,10.0,46.0,2.0,-8.0,10.0,0.701666506383128,0.7913901005120425,1.0,0.42467953747107207,0.4277332318630389,0.5,0.4277332318630389,,,total,1
2018_04_MIA_NE,2018,4,2018-09-30,REG,NE,MIA,38.0,7.0,6.5,50.5,31.0,24.5,-5.5,0.7146329707211325,0.7186611537119655,0.0,0.47358099926821273,0.4496082101933377,0.5,0.4496082101933377,,,total,0
2018_04_NO_NYG,2018,4,2018-09-30,REG,NYG,NO,18.0,33.0,-3.5,51.5,-15.0,-11.5,-0.5,0.3162286715978311,0.3856591915440651,0.0,0.5868158582640893,0.5007072164167355,0.5,0.5007072164167355,,,total,0
2018_04_CLE_OAK,2018,4,2018-09-30,REG,OAK,CLE,45.0,42.0,2.5,44.5,3.0,0.5,42.5,0.7327095875316647,0.5605012156349355,1.0,0.5231879231722132,0.47176656518110843,0.5,0.47176656518110843,,,total,1
2018_04_BAL_PIT,2018,4,2018-09-30,REG,PIT,BAL,14.0,26.0,3.0,51.0,-12.0,-15.0,-11.0,0.6317004195282824,0.6143408084559349,0.0,0.49763734751452615,0.4603362503394416,0.5,0.4603362503394416,,,total,0
2018_04_PHI_TEN,2018,4,2018-09-30,REG,TEN,PHI,26.0,23.0,-3.0,41.5,3.0,6.0,7.5,0.3423726322831672,0.4207141879874127,1.0,0.5576442197541503,0.48732374432216125,0.5,0.48732374432216125,,,total,1
2018_04_KC_DEN,2018,4,2018-10-01,REG,DEN,KC,23.0,27.0,-3.5,53.5,-4.0,-0.5,-3.5,0.31462114612642117,0.37713161346742463,0.0,0.457315020716023,0.4423523056249166,0.5,0.4423523056249166,,,total,0
2018_05_IND_NE,2018,5,2018-10-04,REG,NE,IND,38.0,24.0,10.5,49.5,14.0,3.5,12.5,0.8458258303497578,0.8231164821006097,1.0,0.45760461866225427,0.44248159189703845,0.5,0.44248159189703845,,,total,1
2018_05_TEN_BUF,2018,5,2018-10-07,REG,BUF,TEN,13.0,12.0,-6.0,38.0,1.0,7.0,-13.0,0.5160790925158261,0.2886826993788237,0.0,0.5315874836464103,0.47554022519281414,0.5,0.47554022519281414,,,total,0
2018_05_NYG_CAR,2018,5,2018-10-07,REG,CAR,NYG,33.0,31.0,7.0,43.5,2.0,-5.0,20.5,0.8051404969151418,0.7078088877472386,1.0,0.5935460628749407,0.5038317755329673,0.5,0.5038317755329673,,,total,1
2018_05_MIA_CIN,2018,5,2018-10-07,REG,CIN,MIA,27.0,17.0,6.0,47.5,10.0,4.0,-3.5,0.6129586900819042,0.7013921016108003,0.0,0.48211219907089015,0.4534115793955432,0.5,0.4534115793955432,,,total,0
2018_05_BAL_CLE,2018,5,2018-10-07,REG,CLE,BAL,12.0,9.0,-3.0,44.5,3.0,6.0,-23.5,0.19370079504236154,0.38421186945302976,0.0,0.534472304043216,0.47683870020793084,0.5,0.47683870020793084,,,total,0
2018_05_GB_DET,2018,5,2018-10-07,REG,DET,GB,31.0,23.0,1.0,50.0,8.0,7.0,4.0,0.5893809260997266,0.5431472081218274,1.0,0.5068070394411309,0.4644317645958172,0.5,0.4644317645958172,,,total,1
2018_05_DAL_HOU,2018,5,2018-10-07,REG,HOU,DAL,19.0,16.0,3.5,45.0,3.0,-0.5,-10.0,0.3473250976032285,0.6186511705872493,0.0,0.5786495752627085,0.49693594544247316,0.5,0.49693594544247316,,,total,0
2018_05_JAX_KC,2018,5,2018-10-07,REG,KC,JAX,30.0,14.0,3.0,48.0,16.0,13.0,-4.0,0.6822808413782747,0.5768590455049944,0.0,0.4426418624679522,0.43579354520903846,0.5,0.43579354520903846,,,total,0
2018_05_OAK_LAC,2018,5,2018-10-07,REG,LAC,OAK,26.0,10.0,5.5,52.0,16.0,10.5,-16.0,0.7464887276065533,0.6800775569558896,0.0,0.2696925991023468,0.35384304078403817,0.5,0.35384304078403817,,,total,0
2018_05_DEN_NYJ,2018,5,2018-10-07,REG,NYJ,DEN,34.0,16.0,-1.0,42.0,18.0,19.0,8.0,0.5361577654160233,0.497677011707861,1.0,0.5996824697265549,0.506694619527221,0.5,0.506694619527221,,,total,1
2018_05_MIN_PHI,2018,5,2018-10-07,REG,PHI,MIN,21.0,23.0,3.5,48.0,-2.0,-5.5,-4.0,0.7074172233355123,0.6274614156466205,0.0,0.5319401682142543,0.47569890051045266,0.5,0.47569890051045266,,,total,0
2018_05_ATL_PIT,2018,5,2018-10-07,REG,PIT,ATL,41.0,17.0,3.5,57.0,24.0,20.5,1.0,0.5443755195828648,0.6274614156466205,1.0,0.5217680713535038,0.4711296173574026,0.5,0.4711296173574026,,,total,1
2018_05_LA_SEA,2018,5,2018-10-07,REG,SEA,LA,31.0,33.0,-7.5,50.5,-2.0,5.5,13.5,0.48532879893090364,0.25896227886805406,1.0,0.4871907163393151,0.4556759390991871,0.5,0.4556759390991871,,,total,1
2018_05_ARI_SF,2018,5,2018-10-07,REG,SF,ARI,18.0,28.0,3.0,40.5,-10.0,-13.0,5.5,0.6373999232916533,0.6027760021915806,1.0,0.4467761886134618,0.4376434007162901,0.5,0.4376434007162901,,,total,1
2018_05_WAS_NO,2018,5,2018-10-08,REG,NO,WAS,43.0,19.0,5.5,51.5,24.0,18.5,10.5,0.730994195492442,0.6969696969696969,1.0,0.43176496684631727,0.43091780876759356,0.5,0.43091780876759356,,,total,1
2018_06_PHI_NYG,2018,6,2018-10-11,REG,NYG,PHI,13.0,34.0,-1.5,45.5,-21.0,-19.5,1.5,0.2441340058589702,0.4559761116939714,1.0,0.6618264761328472,0.5366444992346119,0.5,0.5366444992346119,,,total,1
2018_06_TB_ATL,2018,6,2018-10-14,REG,ATL,TB,34.0,29.0,3.0,57.5,5.0,2.0,5.5,0.6804006786185872,0.5996661308272535,1.0,0.47528962356336735,0.45036996900934795,0.5,0.45036996900934795,,,total,1
2018_06_PIT_CIN,2018,6,2018-10-14,REG,CIN,PIT,21.0,28.0,1.0,49.5,-7.0,-8.0,-0.5,0.4953795858015603,0.5185243789416578,0.0,0.5102005061891739,0.4659490279294522,0.5,0.4659490279294522,,,total,0
2018_06_LAC_CLE,2018,6,2018-10-14,REG,CLE,LAC,14.0,38.0,1.0,47.0,-24.0,-25.0,5.0,0.24071326590659617,0.5,1.0,0.49035476436279807,0.45708700066234575,0.5,0.45708700066234575,,,total,1
2018_06_JAX_DAL,2018,6,2018-10-14,REG,DAL,JAX,40.0,7.0,-3.0,39.5,33.0,36.0,7.5,0.5148465124597033,0.3813488294127508,1.0,0.7057563721139507,0.5592720592316618,0.5,0.5592720592316618,,,total,1
2018_06_LA_DEN,2018,6,2018-10-14,REG,DEN,LA,20.0,23.0,-7.0,50.0,-3.0,4.0,-7.0,0.29656438625024456,0.2680965147453084,0.0,0.6709752503213513,0.5412377260023369,0.5,0.5412377260023369,,,total,0
2018_06_BUF_HOU,2018,6,2018-10-14,REG,HOU,BUF,20.0,13.0,10.5,40.5,7.0,-3.5,-7.5,0.44501055047565313,0.7949510012782275,0.0,0.6027658776920106,0.5081384360999113,0.5,0.5081384360999113,,,total,0
2018_06_CHI_MIA,2018,6,2018-10-14,REG,MIA,CHI,31.0,28.0,-7.5,40.5,3.0,10.5,18.5,0.5375691767839067,0.2758414232562118,1.0,0.5929207979693453,0.5035408310625745,0.5,0.5035408310625745,,,total,1
2018_06_ARI_MIN,2018,6,2018-10-14,REG,MIN,ARI,27.0,17.0,10.0,43.5,10.0,0.0,0.5,0.744353511129718,0.783029001074114,1.0,0.6913207233888685,0.5516682710843679,0.5,0.5516682710843679,,,total,1
2018_06_KC_NE,2018,6,2018-10-14,REG,NE,KC,43.0,40.0,4.0,59.5,3.0,-1.0,23.5,0.5301862500088713,0.6397067958752639,1.0,0.5078912141007196,0.4649164058736455,0.5,0.4649164058736455,,,total,1
2018_06_IND_NYJ,2018,6,2018-10-14,REG,NYJ,IND,42.0,34.0,2.5,47.5,8.0,5.5,28.5,0.6600777370405322,0.5775497887748944,1.0,0.2570039301169007,0.3471542886198758,0.5,0.3471542886198758,,,total,1
2018_06_SEA_OAK,2018,6,2018-10-14,REG,OAK,SEA,3.0,27.0,-3.0,47.5,-24.0,-21.0,-17.5,0.3223803050185923,0.4116032928263426,0.0,0.4436762750282201,0.4362565386565502,0.5,0.4362565386565502,,,total,0
2018_06_BAL_TEN,2018,6,2018-10-14,REG,TEN,BAL,0.0,21.0,-2.5,43.5,-21.0,-18.5,-22.5,0.5040463310720577,0.4357578877693609,0.0,0.573326787005164,0.49448879920566596,0.5,0.49448879920566596,,,total,0
2018_06_CAR_WAS,2018,6,2018-10-14,REG,WAS,CAR,23.0,17.0,-1.0,44.5,6.0,7.0,-4.5,0.4243126515928699,0.478202846975089,0.0,0.41818684134967943,0.42480812786883176,0.5,0.42480812786883176,,,total,0
2018_06_SF_GB,2018,6,2018-10-15,REG,GB,SF,33.0,30.0,9.0,46.5,3.0,-6.0,16.5,0.6503191072427824,0.7882908557935022,1.0,0.4804105671689377,0.45265295348996876,0.5,0.45265295348996876,,,total,1
2018_07_DEN_ARI,2018,7,2018-10-18,REG,ARI,DEN,10.0,45.0,-1.0,42.5,-35.0,-34.0,12.5,0.5993332991772714,0.489612188365651,1.0,0.5691701554025117,0.49258342216160417,0.5,0.49258342216160417,,,total,1
2018_07_NO_BAL,2018,7,2018-10-21,REG,BAL,NO,23.0,24.0,2.5,49.0,-1.0,-3.5,-2.0,0.5400396976040859,0.5740354444580784,0.0,0.5371036929437989,0.47802428133872205,0.5,0.47802428133872205,,,total,0
2018_07_NE_CHI,2018,7,2018-10-21,REG,CHI,NE,31.0,38.0,-1.0,49.0,-7.0,-6.0,20.0,0.3489257773622578,0.4519505233111322,1.0,0.41140729984146973,0.42174576468771235,0.5,0.42174576468771235,,,total,1
2018_07_BUF_IND,2018,7,2018-10-21,REG,IND,BUF,37.0,5.0,7.0,43.5,32.0,25.0,-1.5,0.4489515815559885,0.7274505180520687,0.0,0.49695992121883975,0.46003389847161263,0.5,0.46003389847161263,,,total,0
2018_07_HOU_JAX,2018,7,2018-10-21,REG,JAX,HOU,7.0,20.0,4.0,43.0,-13.0,-17.0,-16.0,0.7252589411256691,0.6611281154350678,0.0,0.534052600840912,0.47664970693990794,0.5,0.47664970693990794,,,total,0
2018_07_CIN_KC,2018,7,2018-10-21,REG,KC,CIN,45.0,10.0,6.5,56.0,35.0,28.5,-1.0,0.762474819907657,0.7129371711544413,0.0,0.39245346794464553,0.4131322614051749,0.5,0.4131322614051749,,,total,0
2018_07_TEN_LAC,2018,7,2018-10-21,REG,LAC,TEN,20.0,19.0,6.5,46.0,1.0,-5.5,-7.0,0.639796340292544,0.7171050163208644,0.0,0.49906506334608103,0.4609735587118467,0.5,0.4609735587118467,,,total,0
2018_07_DET_MIA,2018,7,2018-10-21,REG,MIA,DET,21.0,32.0,-3.0,47.0,-11.0,-8.0,6.0,0.5389826130426453,0.37665039500700276,1.0,0.5794543623704814,0.4973066783619661,0.5,0.4973066783619661,,,total,1
2018_07_MIN_NYJ,2018,7,2018-10-21,REG,NYJ,MIN,17.0,37.0,-3.5,45.0,-20.0,-16.5,9.0,0.40454965242537955,0.3794411866160745,1.0,0.3424659945131633,0.38989783406109957,0.5,0.38989783406109957,,,total,1
2018_07_CAR_PHI,2018,7,2018-10-21,REG,PHI,CAR,17.0,21.0,5.0,45.0,-4.0,-9.0,-7.0,0.6961045217448606,0.6767540554475866,0.0,0.3205131715451997,0.37936389177029906,0.5,0.37936389177029906,,,total,0
2018_07_LA_SF,2018,7,2018-10-21,REG,SF,LA,10.0,39.0,-8.0,52.0,-29.0,-21.0,-3.0,0.2738417771224735,0.22290965335274313,0.0,0.579090172344835,0.497138886356587,0.5,0.497138886356587,,,total,0
2018_07_CLE_TB,2018,7,2018-10-21,REG,TB,CLE,26.0,23.0,3.5,52.5,3.0,-0.5,-3.5,0.7858770192335814,0.6288125965945868,0.0,0.46558821397782235,0.44604401565500357,0.5,0.44604401565500357,,,total,0
2018_07_DAL_WAS,2018,7,2018-10-21,REG,WAS,DAL,20.0,17.0,-1.5,40.5,3.0,4.5,-3.5,0.5014239940454751,0.4559761116939714,0.0,0.4596181063753851,0.4433803463352922,0.5,0.4433803463352922,,,total,0
2018_07_NYG_ATL,2018,7,2018-10-22,REG,ATL,NYG,23.0,20.0,4.5,52.0,3.0,-1.5,-9.0,0.812428844034801,0.6600024206947392,0.0,0.5669611240585248,0.4915727328526932,0.5,0.4915727328526932,,,total,0
2018_08_MIA_HOU,2018,8,2018-10-25,REG,HOU,MIA,42.0,23.0,7.5,45.0,19.0,11.5,20.0,0.5744597257410977,0.752849022990131,1.0,0.5058511900859751,0.4640045660911167,0.5,0.4640045660911167,,,total,1
2018_08_SF_ARI,2018,8,2018-10-28,REG,ARI,SF,18.0,15.0,-2.5,40.0,3.0,5.5,-7.0,0.567031364052585,0.43391066545123064,0.0,0.6854412876325916,0.5486214893856995,0.5,0.5486214893856995,,,total,0
2018_08_BAL_CAR,2018,8,2018-10-28,REG,CAR,BAL,36.0,21.0,-2.5,44.0,15.0,17.5,13.0,0.5685794022738836,0.4259645555419216,1.0,0.3992778136169194,0.4162432302909191,0.5,0.4162432302909191,,,total,1
2018_08_NYJ_CHI,2018,8,2018-10-28,REG,CHI,NYJ,24.0,10.0,8.5,42.5,14.0,5.5,-8.5,0.6341646610255375,0.7590361445783131,0.0,0.37026652669557897,0.4029277471392515,0.5,0.4029277471392515,,,total,0
2018_08_TB_CIN,2018,8,2018-10-28,REG,CIN,TB,37.0,34.0,3.5,55.0,3.0,-0.5,16.0,0.6077767764974453,0.6422270143109194,1.0,0.49773666555982254,0.4603805805110207,0.5,0.4603805805110207,,,total,1
2018_08_SEA_DET,2018,8,2018-10-28,REG,DET,SEA,14.0,28.0,3.0,47.5,-14.0,-17.0,-5.5,0.5532220539618896,0.6033428208078484,0.0,0.7364171979651158,0.5760881804015066,0.5,0.5760881804015066,,,total,0
2018_08_PHI_JAX,2018,8,2018-10-28,REG,JAX,PHI,18.0,24.0,-4.0,44.5,-6.0,-2.0,-2.5,0.31126455458400454,0.341130604288499,0.0,0.48583686562853207,0.4550722488908859,0.5,0.4550722488908859,,,total,0
2018_08_GB_LA,2018,8,2018-10-28,REG,LA,GB,29.0,27.0,7.5,57.0,2.0,-5.5,-1.0,0.7854556835501152,0.75416247625433,0.0,0.4824387212074775,0.45355715349211567,0.5,0.45355715349211567,,,total,0
2018_08_NO_MIN,2018,8,2018-10-28,REG,MIN,NO,20.0,30.0,-2.5,53.5,-10.0,-7.5,-3.5,0.5388880098184191,0.4479937670432412,0.0,0.5293298283246862,0.4745249376093757,0.5,0.4745249376093757,,,total,0
2018_08_WAS_NYG,2018,8,2018-10-28,REG,NYG,WAS,13.0,20.0,-1.0,43.0,-7.0,-6.0,-10.0,0.3713472097525544,0.4930284439486894,0.0,0.5533070595772525,0.4853528500279921,0.5,0.4853528500279921,,,total,0
2018_08_IND_OAK,2018,8,2018-10-28,REG,OAK,IND,28.0,42.0,-3.5,51.0,-14.0,-10.5,19.0,0.5517582619399694,0.36851357510254573,1.0,0.4378930202657339,0.4336665357793664,0.5,0.4336665357793664,,,total,1
2018_08_CLE_PIT,2018,8,2018-10-28,REG,PIT,CLE,33.0,18.0,8.5,47.5,15.0,6.5,3.5,0.895226128305087,0.7719291548973205,1.0,0.3283405985644147,0.38314806548706964,0.5,0.38314806548706964,,,total,1
2018_08_NE_BUF,2018,8,2018-10-29,REG,BUF,NE,6.0,25.0,-13.5,44.0,-19.0,-5.5,-13.0,0.250993852809378,0.1151399805559675,0.0,0.45019920084297893,0.43917379774898874,0.5,0.43917379774898874,,,total,0
2018_09_OAK_SF,2018,9,2018-11-01,REG,SF,OAK,34.0,3.0,-1.5,44.0,31.0,32.5,-7.0,0.6058685629681777,0.47377843762281124,0.0,0.6798660035989129,0.545757344750836,0.5,0.545757344750836,,,total,0
2018_09_PIT_BAL,2018,9,2018-11-04,REG,BAL,PIT,16.0,23.0,1.5,47.0,-7.0,-8.5,-8.0,0.5065014865670173,0.5500363507751557,0.0,0.5239273328263403,0.4720983680223612,0.5,0.4720983680223612,,,total,0
2018_09_CHI_BUF,2018,9,2018-11-04,REG,BUF,CHI,9.0,41.0,-10.5,38.0,-32.0,-21.5,12.0,0.4544466236596399,0.21891418563922943,1.0,0.583564890743287,0.4992033524965893,0.5,0.4992033524965893,,,total,1
2018_09_TB_CAR,2018,9,2018-11-04,REG,CAR,TB,42.0,28.0,6.0,55.5,14.0,8.0,14.5,0.7553129280711909,0.7234124879978217,1.0,0.4227749098994262,0.42687588258695447,0.5,0.42687588258695447,,,total,1
2018_09_KC_CLE,2018,9,2018-11-04,REG,CLE,KC,21.0,37.0,-7.5,51.0,-16.0,-8.5,7.0,0.1251513319669857,0.2270577105014191,1.0,0.4703272360773935,0.44815745831703785,0.5,0.44815745831703785,,,total,1
2018_09_HOU_DEN,2018,9,2018-11-04,REG,DEN,HOU,17.0,19.0,1.0,46.5,-2.0,-3.0,-10.5,0.5360173252422843,0.5305667495498585,0.0,0.615026874403917,0.513917297246027,0.5,0.513917297246027,,,total,0
2018_09_NYJ_MIA,2018,9,2018-11-04,REG,MIA,NYJ,13.0,6.0,3.0,43.5,7.0,4.0,-24.5,0.6033369503371352,0.5933014354066986,0.0,0.5525684036440163,0.48501760908721603,0.5,0.48501760908721603,,,total,0
2018_09_DET_MIN,2018,9,2018-11-04,REG,MIN,DET,24.0,9.0,4.5,47.0,15.0,10.5,-14.0,0.6704739561453396,0.6691291228800332,0.0,0.47651971474550175,0.45091836615563463,0.5,0.45091836615563463,,,total,0
2018_09_GB_NE,2018,9,2018-11-04,REG,NE,GB,31.0,17.0,5.0,56.0,14.0,9.0,-8.0,0.816719555259917,0.6723085403948631,0.0,0.5461067660275647,0.4820899035632642,0.5,0.4820899035632642,,,total,0
2018_09_LA_NO,2018,9,2018-11-04,REG,NO,LA,45.0,35.0,-2.5,57.5,10.0,12.5,22.5,0.5843888768651927,0.4433028919330289,1.0,0.5680305511136324,0.49206186080925157,0.5,0.49206186080925157,,,total,1
2018_09_LAC_SEA,2018,9,2018-11-04,REG,SEA,LAC,17.0,25.0,1.0,48.5,-8.0,-9.0,-6.5,0.5799852824112636,0.497677011707861,0.0,0.5216187870343559,0.47106266294086035,0.5,0.47106266294086035,,,total,0
2018_09_ATL_WAS,2018,9,2018-11-04,REG,WAS,ATL,14.0,38.0,1.5,46.5,-24.0,-25.5,5.5,0.5105183289771161,0.5480494766888677,1.0,0.5505686213618769,0.4841105950513594,0.5,0.4841105950513594,,,total,1
2018_09_TEN_DAL,2018,9,2018-11-05,REG,DAL,TEN,14.0,28.0,4.5,40.0,-14.0,-18.5,2.0,0.6582489451160014,0.6780652506772408,1.0,0.6323357260335153,0.5221885627891021,0.5,0.5221885627891021,,,total,1
2018_10_CAR_PIT,2018,10,2018-11-08,REG,PIT,CAR,52.0,21.0,3.5,51.0,31.0,27.5,22.0,0.6057921531832408,0.6384336294257477,1.0,0.4745683345592193,0.4500483994354722,0.5,0.4500483994354722,,,total,1
2018_10_DET_CHI,2018,10,2018-11-11,REG,CHI,DET,34.0,22.0,7.5,44.5,12.0,4.5,11.5,0.6237203521313851,0.7437774524158125,1.0,0.48116678267678115,0.4529900884526416,0.5,0.4529900884526416,,,total,1
2018_10_NO_CIN,2018,10,2018-11-11,REG,CIN,NO,14.0,51.0,-5.5,53.0,-37.0,-31.5,12.0,0.340047234259196,0.3003616251861306,1.0,0.4294136014563519,0.4298617887148415,0.5,0.4298617887148415,,,total,1
2018_10_ATL_CLE,2018,10,2018-11-11,REG,CLE,ATL,28.0,16.0,-5.5,49.5,12.0,17.5,-5.5,0.17622819466714035,0.3128007699711261,0.0,0.6737380241695162,0.5426360905310553,0.5,0.5426360905310553,,,total,0
2018_10_MIA_GB,2018,10,2018-11-11,REG,GB,MIA,31.0,12.0,13.0,48.5,19.0,6.0,-5.5,0.6023418508903362,0.8336954806443391,0.0,0.4319593257055402,0.43100506291060603,0.5,0.43100506291060603,,,total,0
2018_10_JAX_IND,2018,10,2018-11-11,REG,IND,JAX,29.0,26.0,3.0,48.0,3.0,0.0,7.0,0.5281300074853449,0.5949110703209063,1.0,0.5700942763843259,0.4930066214513929,0.5,0.4930066214513929,,,total,1
2018_10_ARI_KC,2018,10,2018-11-11,REG,KC,ARI,26.0,14.0,16.5,49.5,12.0,-4.5,-9.5,0.8816374554556493,0.896544808509511,0.0,0.5771069087774133,0.4962258471870117,0.5,0.4962258471870117,,,total,0
2018_10_SEA_LA,2018,10,2018-11-11,REG,LA,SEA,36.0,31.0,10.0,51.0,5.0,-5.0,16.0,0.6754928772636918,0.7882908557935022,1.0,0.6107134862925874,0.5118772149709842,0.5,0.5118772149709842,,,total,1
2018_10_BUF_NYJ,2018,10,2018-11-11,REG,NYJ,BUF,10.0,41.0,6.5,38.0,-31.0,-37.5,13.0,0.6111639666120019,0.7086409898223908,1.0,0.2858473724085709,0.3621575663536939,0.5,0.3621575663536939,,,total,1
2018_10_LAC_OAK,2018,10,2018-11-11,REG,OAK,LAC,6.0,20.0,-10.5,50.0,-14.0,-3.5,-24.0,0.21436238990860532,0.19880432381590293,0.0,0.3185751970833954,0.3784217821674829,0.5,0.3784217821674829,,,total,0
2018_10_DAL_PHI,2018,10,2018-11-11,REG,PHI,DAL,20.0,27.0,7.5,45.5,-7.0,-14.5,1.5,0.7500470882378957,0.7618424496205181,1.0,0.535254593124106,0.47719104323218237,0.5,0.47719104323218237,,,total,1
2018_10_WAS_TB,2018,10,2018-11-11,REG,TB,WAS,3.0,16.0,3.5,51.0,-13.0,-16.5,-32.0,0.5227628336673622,0.6314864248974542,0.0,0.42282890926721084,0.426900197950992,0.5,0.426900197950992,,,total,0
2018_10_NE_TEN,2018,10,2018-11-11,REG,TEN,NE,34.0,10.0,-6.0,47.0,24.0,30.0,-3.0,0.3365580182493748,0.30783548698858143,0.0,0.6269773718279469,0.5196127829283075,0.5,0.5196127829283075,,,total,0
2018_10_NYG_SF,2018,10,2018-11-12,REG,SF,NYG,23.0,27.0,3.0,45.0,-4.0,-7.0,5.0,0.6547774900850261,0.6261005910022917,1.0,0.5958309306682539,0.5048961409035649,0.5,0.5048961409035649,,,total,1
2018_11_GB_SEA,2018,11,2018-11-15,REG,SEA,GB,27.0,24.0,3.0,49.0,3.0,0.0,2.0,0.6623430235643789,0.6033428208078484,1.0,0.39217885090833665,0.41300682491608165,0.5,0.41300682491608165,,,total,1
2018_11_OAK_ARI,2018,11,2018-11-18,REG,ARI,OAK,21.0,23.0,4.5,41.0,-2.0,-6.5,3.0,0.6684074498566736,0.6622465491588744,1.0,0.5459407682778575,0.4820148038845668,0.5,0.4820148038845668,,,total,1
2018_11_DAL_ATL,2018,11,2018-11-18,REG,ATL,DAL,19.0,22.0,3.5,50.0,-3.0,-6.5,-9.0,0.6123707455463209,0.635427289414644,0.0,0.4694527310227633,0.44776750652573977,0.5,0.44776750652573977,,,total,0
2018_11_CIN_BAL,2018,11,2018-11-18,REG,BAL,CIN,24.0,21.0,6.5,44.0,3.0,-3.5,1.0,0.6614093483437364,0.7050630837293135,1.0,0.39517221810515013,0.41437304464086666,0.5,0.41437304464086666,,,total,1
2018_11_MIN_CHI,2018,11,2018-11-18,REG,CHI,MIN,25.0,20.0,2.5,44.0,5.0,2.5,1.0,0.5048240502419532,0.5642421122306391,1.0,0.6439461811864985,0.527820653449666,0.5,0.527820653449666,,,total,1
2018_11_CAR_DET,2018,11,2018-11-18,REG,DET,CAR,20.0,19.0,-4.0,48.0,1.0,5.0,-9.0,0.41006914868575267,0.35777298568908056,0.0,0.3796432186919575,0.40725864149388735,0.5,0.40725864149388735,,,total,0
2018_11_TEN_IND,2018,11,2018-11-18,REG,IND,TEN,38.0,10.0,2.0,50.0,28.0,26.0,-2.0,0.42319990023419746,0.5500363507751557,0.0,0.5755200639665928,0.4954961509958907,0.5,0.4954961509958907,,,total,0
2018_11_PIT_JAX,2018,11,2018-11-18,REG,JAX,PIT,16.0,20.0,-4.0,47.0,-4.0,0.0,-11.0,0.29907496961739,0.34727812147834686,0.0,0.5316614824923067,0.47557351621390753,0.5,0.47557351621390753,,,total,0
2018_11_DEN_LAC,2018,11,2018-11-18,REG,LAC,DEN,22.0,23.0,7.5,47.0,-1.0,-8.5,-2.0,0.8000561807521143,0.7484638116234346,0.0,0.43594660400446295,0.43279398619133325,0.5,0.43279398619133325,,,total,0
2018_11_PHI_NO,2018,11,2018-11-18,REG,NO,PHI,48.0,7.0,7.0,56.5,41.0,34.0,-1.5,0.7095215902747022,0.7496951042453104,0.0,0.5023035065454032,0.4624196062130688,0.5,0.4624196062130688,,,total,0
2018_11_TB_NYG,2018,11,2018-11-18,REG,NYG,TB,38.0,35.0,3.0,54.5,3.0,0.0,18.5,0.5014828945495952,0.6033428208078484,1.0,0.6025530323187162,0.5080386531888577,0.5,0.5080386531888577,,,total,1
2018_11_HOU_WAS,2018,11,2018-11-18,REG,WAS,HOU,21.0,23.0,-3.0,40.5,-2.0,1.0,3.5,0.6175441196101213,0.39975399753997537,1.0,0.4467454351516367,0.4376296464592288,0.5,0.4376296464592288,,,total,1
2018_11_KC_LA,2018,11,2018-11-19,REG,LA,KC,54.0,51.0,3.0,63.5,3.0,0.0,41.5,0.510328094073191,0.6143408084559349,1.0,0.5396426413298027,0.4791693305200096,0.5,0.4791693305200096,,,total,1
2018_12_WAS_DAL,2018,12,2018-11-22,REG,DAL,WAS,31.0,23.0,7.0,40.0,8.0,1.0,14.0,0.6400767189705153,0.7423428878604573,1.0,0.44237286258499836,0.4356731253511784,0.5,0.4356731253511784,,,total,1
2018_12_CHI_DET,2018,12,2018-11-22,REG,DET,CHI,16.0,23.0,-3.0,43.0,-7.0,-4.0,-4.0,0.4652102670806163,0.39722399780841927,0.0,0.4644553456664453,0.44553868506520655,0.5,0.44553868506520655,,,total,0
2018_12_ATL_NO,2018,12,2018-11-22,REG,NO,ATL,31.0,17.0,11.5,61.0,14.0,2.5,-13.0,0.7956858921709277,0.8185117967332123,0.0,0.520392816100799,0.47051291571130266,0.5,0.47051291571130266,,,total,0
2018_12_OAK_BAL,2018,12,2018-11-25,REG,BAL,OAK,34.0,17.0,13.0,42.0,17.0,4.0,9.0,0.8265902866043991,0.8449882810356586,1.0,0.3745198110782702,0.4048957942341162,0.5,0.4048957942341162,,,total,1
2018_12_JAX_BUF,2018,12,2018-11-25,REG,BUF,JAX,24.0,21.0,-3.0,36.5,3.0,6.0,8.5,0.5318942562490925,0.4066985645933015,1.0,0.3307965451464099,0.38432871457890405,0.5,0.38432871457890405,,,total,1
2018_12_SEA_CAR,2018,12,2018-11-25,REG,CAR,SEA,27.0,30.0,3.0,46.5,-3.0,-6.0,10.5,0.6108387284566668,0.6033428208078484,1.0,0.4924148860302965,0.4580059266193401,0.5,0.4580059266193401,,,total,1
2018_12_CLE_CIN,2018,12,2018-11-25,REG,CIN,CLE,20.0,35.0,-1.0,46.5,-15.0,-14.0,8.5,0.758498057498653,0.4827086071703758,1.0,0.2669361346936678,0.35240247047496503,0.5,0.35240247047496503,,,total,1
2018_12_PIT_DEN,2018,12,2018-11-25,REG,DEN,PIT,24.0,17.0,-3.0,47.5,7.0,10.0,-6.5,0.2756867634468759,0.39360687022900764,0.0,0.5907355188223855,0.5025250656575346,0.5,0.5025250656575346,,,total,0
2018_12_MIA_IND,2018,12,2018-11-25,REG,IND,MIA,27.0,24.0,9.0,52.5,3.0,-6.0,-1.5,0.6671653478679345,0.7786282119074719,0.0,0.3527639375920993,0.3947606416271846,0.5,0.3947606416271846,,,total,0
2018_12_ARI_LAC,2018,12,2018-11-25,REG,LAC,ARI,45.0,10.0,14.0,43.5,35.0,21.0,11.5,0.8437877320067554,0.864132798951343,1.0,0.4502523647387657,0.43919755902723473,0.5,0.43919755902723473,,,total,1
2018_12_GB_MIN,2018,12,2018-11-25,REG,MIN,GB,24.0,17.0,4.0,48.5,7.0,3.0,-7.5,0.7060535285042037,0.6562218214607755,0.0,0.5609761375972834,0.4888408072686032,0.5,0.4888408072686032,,,total,0
2018_12_NE_NYJ,2018,12,2018-11-25,REG,NYJ,NE,13.0,27.0,-13.0,46.5,-14.0,-1.0,-6.5,0.20723995280974397,0.16630451935566104,0.0,0.3863673142721939,0.4103475238558612,0.5,0.4103475238558612,,,total,0
2018_12_NYG_PHI,2018,12,2018-11-25,REG,PHI,NYG,25.0,22.0,4.5,49.0,3.0,-1.5,-2.0,0.8087591167025733,0.6658888417479847,0.0,0.28068888556476407,0.3595254741198052,0.5,0.3595254741198052,,,total,0
2018_12_SF_TB,2018,12,2018-11-25,REG,TB,SF,27.0,9.0,1.5,54.5,18.0,16.5,-18.5,0.6177054552291287,0.5460453954604539,0.0,0.4840201414753887,0.4542622212116675,0.5,0.4542622212116675,,,total,0
2018_12_TEN_HOU,2018,12,2018-11-26,REG,HOU,TEN,34.0,17.0,3.5,42.5,17.0,13.5,8.5,0.5574535422262333,0.6397067958752639,1.0,0.43942904726146803,0.4343547981251167,0.5,0.4343547981251167,,,total,1
2018_13_NO_DAL,2018,13,2018-11-29,REG,DAL,NO,13.0,10.0,-7.0,51.5,3.0,10.0,-28.5,0.3464549350597332,0.2602804474554908,0.0,0.5353228705681342,0.4772218001591546,0.5,0.4772218001591546,,,total,0
2018_13_BAL_ATL,2018,13,2018-12-02,REG,ATL,BAL,16.0,26.0,2.5,46.5,-10.0,-12.5,-4.5,0.5318488414784291,0.5810079557598683,0.0,0.5570608564845916,0.4870584019987611,0.5,0.4870584019987611,,,total,0
2018_13_DEN_CIN,2018,13,2018-12-02,REG,CIN,DEN,10.0,24.0,-3.5,45.0,-14.0,-10.5,-11.0,0.5008261105336438,0.3752699784017279,0.0,0.29531513826312883,0.3669365897590948,0.5,0.3669365897590948,,,total,0
2018_13_LA_DET,2018,13,2018-12-02,REG,DET,LA,16.0,30.0,-10.5,54.0,-14.0,-3.5,-8.0,0.3073616300556344,0.20128087831655989,0.0,0.5612376653853476,0.48895999728727296,0.5,0.48895999728727296,,,total,0
2018_13_ARI_GB,2018,13,2018-12-02,REG,GB,ARI,17.0,20.0,13.5,41.0,-3.0,-16.5,-4.0,0.7154961515745712,0.8507091764333,0.0,0.2541957259948868,0.3456533699004988,0.5,0.3456533699004988,,,total,0
2018_13_CLE_HOU,2018,13,2018-12-02,REG,HOU,CLE,29.0,13.0,5.0,47.5,16.0,11.0,-5.5,0.7687478595393358,0.6940056953853229,0.0,0.4652087253399667,0.44587474525423,0.5,0.44587474525423,,,total,0
2018_13_IND_JAX,2018,13,2018-12-02,REG,JAX,IND,6.0,0.0,-4.0,45.5,6.0,10.0,-39.5,0.4914546117154832,0.3500310228164034,0.0,0.5570426775164664,0.48705013457993573,0.5,0.48705013457993573,,,total,0
2018_13_BUF_MIA,2018,13,2018-12-02,REG,MIA,BUF,21.0,17.0,3.5,40.0,4.0,0.5,-2.0,0.5569570606684225,0.6274614156466205,0.0,0.49501866011594486,0.45916759858939127,0.5,0.45916759858939127,,,total,0
2018_13_MIN_NE,2018,13,2018-12-02,REG,NE,MIN,24.0,10.0,6.0,50.0,14.0,8.0,-16.0,0.6655232794431754,0.6921645130114186,0.0,0.36460790281373084,0.40029977966048835,0.5,0.40029977966048835,,,total,0
2018_13_CHI_NYG,2018,13,2018-12-02,REG,NYG,CHI,30.0,27.0,-3.5,44.0,3.0,6.5,13.0,0.3026346973880996,0.36674816625916873,1.0,0.6012455252322271,0.5074260713587538,0.5,0.5074260713587538,,,total,1
2018_13_KC_OAK,2018,13,2018-12-02,REG,OAK,KC,33.0,40.0,-14.0,53.5,-7.0,7.0,19.5,0.1540064843883202,0.14020267272436865,1.0,0.38063055548954794,0.4077130447038793,0.5,0.4077130447038793,,,total,1
2018_13_LAC_PIT,2018,13,2018-12-02,REG,PIT,LAC,30.0,33.0,3.5,53.5,-3.0,-6.5,9.5,0.6053781836831099,0.6332518337408314,1.0,0.46168563457528355,0.44430299619488234,0.5,0.44430299619488234,,,total,1
2018_13_SF_SEA,2018,13,2018-12-02,REG,SEA,SF,43.0,16.0,10.0,45.5,27.0,17.0,13.5,0.8265116784931389,0.809825673534073,1.0,0.3268392336079085,0.38242477214896176,0.5,0.38242477214896176,,,total,1
2018_13_CAR_TB,2018,13,2018-12-02,REG,TB,CAR,24.0,17.0,-3.5,52.0,7.0,10.5,-11.0,0.3900734605056698,0.36674816625916873,0.0,0.4452276749045977,0.43695073041545623,0.5,0.43695073041545623,,,total,0
2018_13_NYJ_TEN,2018,13,2018-12-02,REG,TEN,NYJ,26.0,22.0,10.5,40.5,4.0,-6.5,7.5,0.7656172069909639,0.7923104001251613,1.0,0.4430199064499216,0.4359627668483621,0.5,0.4359627668483621,,,total,1
2018_13_WAS_PHI,2018,13,2018-12-03,REG,PHI,WAS,28.0,13.0,5.5,45.0,15.0,9.5,-4.0,0.7028767113663926,0.6881525568730624,0.0,0.5208000596593606,0.4706955105732843,0.5,0.4706955105732843,,,total,0
2018_14_JAX_TEN,2018,14,2018-12-06,REG,TEN,JAX,30.0,9.0,5.5,36.5,21.0,15.5,2.5,0.6377741470636227,0.6958254667505769,1.0,0.5366322630667101,0.47781179187721495,0.5,0.47781179187721495,,,total,1
2018_14_DET_ARI,2018,14,2018-12-09,REG,ARI,DET,3.0,17.0,-2.5,40.0,-14.0,-11.5,-20.0,0.4895432958831853,0.4320786780923455,0.0,0.5226850032213732,0.47154092515949325,0.5,0.47154092515949325,,,total,0
2018_14_NYJ_BUF,2018,14,2018-12-09,REG,BUF,NYJ,23.0,27.0,4.5,37.0,-4.0,-8.5,13.0,0.6853030115014361,0.6622465491588744,1.0,0.49526709158099663,0.45927845221400426,0.5,0.45927845221400426,,,total,1
2018_14_LA_CHI,2018,14,2018-12-09,REG,CHI,LA,15.0,6.0,-3.0,50.5,9.0,12.0,-29.5,0.4145036827615484,0.4320786780923455,0.0,0.3855305536598799,0.4099638576021651,0.5,0.4099638576021651,,,total,0
2018_14_CAR_CLE,2018,14,2018-12-09,REG,CLE,CAR,26.0,20.0,-1.0,48.0,6.0,7.0,-2.0,0.33497065761847267,0.47377843762281124,0.0,0.673438149268251,0.5424840490449665,0.5,0.5424840490449665,,,total,0
2018_14_PHI_DAL,2018,14,2018-12-09,REG,DAL,PHI,29.0,23.0,3.5,46.0,6.0,2.5,6.0,0.5563721607202603,0.6332518337408314,1.0,0.48328261795230704,0.4539333959319595,0.5,0.4539333959319595,,,total,1
2018_14_ATL_GB,2018,14,2018-12-09,REG,GB,ATL,34.0,20.0,4.0,51.0,14.0,10.0,3.0,0.49713174712335134,0.6332518337408314,1.0,0.474515118508913,0.45002467411557195,0.5,0.45002467411557195,,,total,1
2018_14_IND_HOU,2018,14,2018-12-09,REG,HOU,IND,21.0,24.0,4.0,49.5,-3.0,-7.0,-4.5,0.662860253368614,0.6463391320971134,0.0,0.3638070887367953,0.3999269416058665,0.5,0.3999269416058665,,,total,0
2018_14_BAL_KC,2018,14,2018-12-09,REG,KC,BAL,27.0,24.0,6.5,49.0,3.0,-3.5,2.0,0.7053941847014834,0.7119235543480806,1.0,0.5052726406655669,0.4637460296497538,0.5,0.4637460296497538,,,total,1
2018_14_CIN_LAC,2018,14,2018-12-09,REG,LAC,CIN,26.0,21.0,17.0,48.5,5.0,-12.0,-1.5,0.8431547985615355,0.8978516559479396,0.0,0.5345691820059313,0.476882328622721,0.5,0.476882328622721,,,total,0
2018_14_NE_MIA,2018,14,2018-12-09,REG,MIA,NE,34.0,33.0,-8.5,49.5,1.0,9.5,17.5,0.25693093811002427,0.23294907543659243,1.0,0.4920471598308084,0.45784188899069816,0.5,0.45784188899069816,,,total,1
2018_14_PIT_OAK,2018,14,2018-12-09,REG,OAK,PIT,24.0,21.0,-10.5,51.0,3.0,13.5,-6.0,0.1960871414019428,0.2016780791724219,0.0,0.348784621331437,0.39288698855959403,0.5,0.39288698855959403,,,total,0
2018_14_DEN_SF,2018,14,2018-12-09,REG,SF,DEN,20.0,14.0,-3.0,45.5,6.0,9.0,-11.5,0.35449451378788316,0.39360687022900764,0.0,0.34348591759610947,0.3903815313449882,0.5,0.3903815313449882,,,total,0
2018_14_NO_TB,2018,14,2018-12-09,REG,TB,NO,14.0,28.0,-8.5,55.0,-14.0,-5.5,-13.0,0.2425758374415378,0.2270577105014191,0.0,0.5635053172791372,0.4899941774567791,0.5,0.4899941774567791,,,total,0
2018_14_NYG_WAS,2018,14,2018-12-09,REG,WAS,NYG,16.0,40.0,-3.0,40.5,-24.0,-21.0,15.5,0.6779532932699722,0.38911639972601536,1.0,0.49061726290206453,0.4572040806115781,0.5,0.4572040806115781,,,total,1
2018_14_MIN_SEA,2018,14,2018-12-10,REG,SEA,MIN,21.0,7.0,3.0,45.5,14.0,11.0,-17.5,0.6010485255114635,0.6129732508818783,0.0,0.40767118613693104,0.4200542787558677,0.5,0.4200542787558677,,,total,0
2018_15_LAC_KC,2018,15,2018-12-13,REG,KC,LAC,28.0,29.0,3.5,54.0,-1.0,-4.5,3.0,0.6458701794796745,0.6438780948689375,1.0,0.4558413036477546,0.4416943087281837,0.5,0.4416943087281837,,,total,1
2018_15_CLE_DEN,2018,15,2018-12-15,REG,DEN,CLE,16.0,17.0,1.0,47.0,-1.0,-2.0,-14.0,0.6987157076964025,0.5480494766888677,0.0,0.4681450955477009,0.4471843801383106,0.5,0.4471843801383106,,,total,0
2018_15_HOU_NYJ,2018,15,2018-12-15,REG,NYJ,HOU,22.0,29.0,-7.0,44.0,-7.0,0.0,7.0,0.35079263903903113,0.2765875120021783,1.0,0.5499101694214042,0.48381213623017466,0.5,0.48381213623017466,,,total,1
2018_15_ARI_ATL,2018,15,2018-12-16,REG,ATL,ARI,40.0,14.0,10.0,43.5,26.0,16.0,10.5,0.7308973593026267,0.7739466476569241,1.0,0.6667396822814665,0.5391042145935773,0.5,0.5391042145935773,,,total,1
2018_15_TB_BAL,2018,15,2018-12-16,REG,BAL,TB,20.0,12.0,8.5,44.5,8.0,-0.5,-12.5,0.7477035647919812,0.7719291548973205,0.0,0.29672404819842046,0.36764228422491924,0.5,0.36764228422491924,,,total,0
2018_15_DET_BUF,2018,15,2018-12-16,REG,BUF,DET,14.0,13.0,2.5,40.0,1.0,-1.5,-13.0,0.46574446938476805,0.5792858120125872,0.0,0.3972773848193279,0.41533251115741004,0.5,0.41533251115741004,,,total,0
2018_15_GB_CHI,2018,15,2018-12-16,REG,CHI,GB,24.0,17.0,6.0,46.5,7.0,1.0,-5.5,0.7242404764975829,0.6958254667505769,0.0,0.3241022197397228,0.381103124892081,0.5,0.381103124892081,,,total,0
2018_15_DAL_IND,2018,15,2018-12-16,REG,IND,DAL,23.0,0.0,3.0,47.0,23.0,20.0,-24.0,0.43256962111984076,0.6172248803827751,0.0,0.48607258831658295,0.45517735603123044,0.5,0.45517735603123044,,,total,0
2018_15_WAS_JAX,2018,15,2018-12-16,REG,JAX,WAS,13.0,16.0,7.5,36.0,-3.0,-10.5,-7.0,0.5908825255680631,0.7534450148608485,0.0,0.567889773661508,0.49199745551933016,0.5,0.49199745551933016,,,total,0
2018_15_PHI_LA,2018,15,2018-12-16,REG,LA,PHI,23.0,30.0,13.5,52.5,-7.0,-20.5,0.5,0.6637220760356426,0.8598130841121495,1.0,0.358762586502431,0.3975728578226678,0.5,0.3975728578226678,,,total,1
2018_15_MIA_MIN,2018,15,2018-12-16,REG,MIN,MIA,41.0,17.0,7.5,45.0,24.0,16.5,13.0,0.7192541301946612,0.7623960482711186,1.0,0.5315215041389367,0.4755105426676809,0.5,0.4755105426676809,,,total,1
2018_15_TEN_NYG,2018,15,2018-12-16,REG,NYG,TEN,0.0,17.0,-2.5,42.0,-17.0,-14.5,-25.0,0.4689856525610115,0.46097238299983456,0.0,0.5189117051160076,0.46984900090756426,0.5,0.46984900090756426,,,total,0
2018_15_NE_PIT,2018,15,2018-12-16,REG,PIT,NE,17.0,10.0,-2.5,55.0,7.0,9.5,-28.0,0.4912078434700499,0.4499636492248442,0.0,0.5664765426272867,0.49135119743871025,0.5,0.49135119743871025,,,total,0
2018_15_SEA_SF,2018,15,2018-12-16,REG,SF,SEA,26.0,23.0,-3.5,44.0,3.0,6.5,5.0,0.2659860472671179,0.3414829480990412,1.0,0.39906212970018373,0.4161450841657215,0.5,0.4161450841657215,,,total,1
2018_15_NO_CAR,2018,15,2018-12-17,REG,CAR,NO,9.0,12.0,-6.0,50.5,-3.0,3.0,-29.5,0.28809969851982536,0.30417453324942306,0.0,0.664105618388152,0.5377835302231923,0.5,0.5377835302231923,,,total,0
2018_16_BAL_LAC,2018,16,2018-12-22,REG,LAC,BAL,10.0,22.0,4.0,42.5,-12.0,-16.0,-10.5,0.6619716494288919,0.6487671491207393,0.0,0.5213767562767361,0.4709541173868272,0.5,0.4709541173868272,,,total,0
2018_16_WAS_TEN,2018,16,2018-12-22,REG,TEN,WAS,25.0,16.0,12.5,38.0,9.0,-3.5,3.0,0.7152321033181965,0.8327427085152865,1.0,0.3846145813035602,0.409543641504161,0.5,0.409543641504161,,,total,1
2018_16_LA_ARI,2018,16,2018-12-23,REG,ARI,LA,9.0,31.0,-14.5,43.0,-22.0,-7.5,-3.0,0.2192034683440233,0.15700453882184118,0.0,0.5251103334840224,0.47262937766686325,0.5,0.47262937766686325,,,total,0
2018_16_ATL_CAR,2018,16,2018-12-23,REG,CAR,ATL,10.0,24.0,-2.5,46.5,-14.0,-11.5,-12.5,0.5940235875292382,0.41899204424013164,0.0,0.36779185087366967,0.40177985239675185,0.5,0.40177985239675185,,,total,0
2018_16_TB_DAL,2018,16,2018-12-23,REG,DAL,TB,27.0,20.0,7.0,48.0,7.0,0.0,-1.0,0.741509031451252,0.741037721131946,0.0,0.4105691418220456,0.42136654598249196,0.5,0.42136654598249196,,,total,0
2018_16_MIN_DET,2018,16,2018-12-23,REG,DET,MIN,9.0,27.0,-6.5,41.5,-18.0,-11.5,-5.5,0.4336021228283096,0.2905315298152029,0.0,0.5292566349071446,0.47449203461672357,0.5,0.47449203461672357,,,total,0
2018_16_NYG_IND,2018,16,2018-12-23,REG,IND,NYG,28.0,27.0,10.0,48.5,1.0,-9.0,6.5,0.728239058326957,0.7810858143607706,1.0,0.4708742054741841,0.44840134920719504,0.5,0.44840134920719504,,,total,1
2018_16_JAX_MIA,2018,16,2018-12-23,REG,MIA,JAX,7.0,17.0,3.0,39.5,-10.0,-13.0,-15.5,0.5848443878331755,0.5910582378327702,0.0,0.3964907796766468,0.41497413145050727,0.5,0.41497413145050727,,,total,0
2018_16_BUF_NE,2018,16,2018-12-23,REG,NE,BUF,24.0,12.0,14.0,46.0,12.0,-2.0,-10.0,0.8421088419752913,0.8534482758620688,0.0,0.41876415749232354,0.4250685131818902,0.5,0.4250685131818902,,,total,0
2018_16_PIT_NO,2018,16,2018-12-23,REG,NO,PIT,31.0,28.0,6.5,53.0,3.0,-3.5,6.0,0.7237320056969985,0.7113173006211763,1.0,0.37074821866454677,0.4031509375644447,0.5,0.4031509375644447,,,total,1
2018_16_GB_NYJ,2018,16,2018-12-23,REG,NYJ,GB,38.0,44.0,-3.0,47.5,-6.0,-3.0,34.5,0.41272952691987985,0.42845967856634903,1.0,0.3768507227880661,0.40597181232301915,0.5,0.40597181232301915,,,total,1
2018_16_HOU_PHI,2018,16,2018-12-23,REG,PHI,HOU,32.0,30.0,1.0,47.0,2.0,1.0,15.0,0.6794713624088385,0.537852568752202,1.0,0.5048714160073493,0.4635667495253494,0.5,0.4635667495253494,,,total,1
2018_16_KC_SEA,2018,16,2018-12-23,REG,SEA,KC,38.0,31.0,-1.0,54.0,7.0,8.0,15.0,0.4398902466155015,0.47499179161650434,1.0,0.4533821331301637,0.44059600124842696,0.5,0.44059600124842696,,,total,1
2018_16_CHI_SF,2018,16,2018-12-23,REG,SF,CHI,9.0,14.0,-3.5,44.0,-5.0,-1.5,-21.0,0.30455827637793026,0.360293204124736,0.0,0.4768172926446682,0.45105103045771955,0.5,0.45105103045771955,,,total,0
2018_16_DEN_OAK,2018,16,2018-12-24,REG,OAK,DEN,27.0,14.0,-2.5,42.5,13.0,15.5,-1.5,0.3752001046127799,0.4479937670432412,0.0,0.41153646083866224,0.4218041901519432,0.5,0.4218041901519432,,,total,0
2018_17_CLE_BAL,2018,17,2018-12-30,REG,BAL,CLE,26.0,24.0,7.0,41.0,2.0,-5.0,9.0,0.8172407915619342,0.7464578672632363,1.0,0.32915820027596593,0.3835414567409758,0.5,0.3835414567409758,,,total,1
2018_17_MIA_BUF,2018,17,2018-12-30,REG,BUF,MIA,42.0,17.0,5.5,39.5,25.0,19.5,19.5,0.5763503014081979,0.6969696969696969,1.0,0.2536651275382858,0.34536889969103324,0.5,0.34536889969103324,,,total,1
2018_17_LAC_DEN,2018,17,2018-12-30,REG,DEN,LAC,9.0,23.0,-7.0,43.5,-14.0,-7.0,-11.5,0.32991627193748047,0.28787053606161983,0.0,0.49247663853817075,0.4580334740985186,0.5,0.4580334740985186,,,total,0
2018_17_DET_GB,2018,17,2018-12-30,REG,GB,DET,0.0,31.0,7.5,44.5,-31.0,-38.5,-13.5,0.6313310135597263,0.7458277383464417,0.0,0.3196196413528488,0.37892978194348176,0.5,0.37892978194348176,,,total,0
2018_17_JAX_HOU,2018,17,2018-12-30,REG,HOU,JAX,20.0,3.0,7.0,39.5,17.0,10.0,-16.5,0.6863282888016465,0.7389050529177836,0.0,0.4331476630558299,0.4315384364349811,0.5,0.4315384364349811,,,total,0
2018_17_OAK_KC,2018,17,2018-12-30,REG,KC,OAK,35.0,3.0,14.5,54.0,32.0,17.5,-16.0,0.8827361241037944,0.859009216444509,0.0,0.5110633022093144,0.46633495840745504,0.5,0.46633495840745504,,,total,0
2018_17_SF_LA,2018,17,2018-12-30,REG,LA,SF,48.0,32.0,10.5,50.5,16.0,5.5,29.5,0.845977431192879,0.7987191216834401,1.0,0.3979841466412348,0.4156543840637163,0.5,0.4156543840637163,,,total,1
2018_17_CHI_MIN,2018,17,2018-12-30,REG,MIN,CHI,10.0,24.0,6.0,39.5,-14.0,-20.0,-5.5,0.5563257476816095,0.6800775569558896,0.0,0.5236344689450857,0.4719669397106275,0.5,0.4719669397106275,,,total,0
2018_17_NYJ_NE,2018,17,2018-12-30,REG,NE,NYJ,38.0,3.0,14.0,47.0,35.0,21.0,-6.0,0.8927732301348374,0.865276609290798,0.0,0.38748286316214453,0.41085870980003136,0.5,0.41085870980003136,,,total,0
2018_17_CAR_NO,2018,17,2018-12-30,REG,NO,CAR,14.0,33.0,8.0,42.0,-19.0,-27.0,5.0,0.8647823585230107,0.7403802739176241,1.0,0.5484403532030909,0.48314623369281995,0.5,0.48314623369281995,,,total,1
2018_17_DAL_NYG,2018,17,2018-12-30,REG,NYG,DAL,35.0,36.0,7.5,38.5,-1.0,-8.5,32.5,0.35585434743524735,0.7529750155095595,1.0,0.49005657457239304,0.45695400452412904,0.5,0.45695400452412904,,,total,1
2018_17_CIN_PIT,2018,17,2018-12-30,REG,PIT,CIN,16.0,13.0,14.0,45.5,3.0,-11.0,-16.5,0.8265522875651169,0.841953552360051,0.0,0.2122124351043974,0.32215630314522264,0.5,0.32215630314522264,,,total,0
2018_17_ARI_SEA,2018,17,2018-12-30,REG,SEA,ARI,27.0,24.0,15.5,39.5,3.0,-12.5,11.5,0.8736055149568815,0.8624016141693505,1.0,0.36576280204722944,0.4008370598415589,0.5,0.4008370598415589,,,total,1
2018_17_ATL_TB,2018,17,2018-12-30,REG,TB,ATL,32.0,34.0,-2.5,52.0,-2.0,0.5,14.0,0.4363301719230147,0.42667230861454913,1.0,0.44253442525964565,0.4357454510213324,0.5,0.4357454510213324,,,total,1
2018_17_IND_TEN,2018,17,2018-12-30,REG,TEN,IND,17.0,33.0,-5.0,42.5,-16.0,-11.0,7.5,0.6100856763807767,0.3366422097539922,1.0,0.4695421542465363,0.4478073822208399,0.5,0.4478073822208399,,,total,1
2018_17_PHI_WAS,2018,17,2018-12-30,REG,WAS,PHI,0.0,24.0,-6.0,43.0,-24.0,-18.0,-19.0,0.31991653229687456,0.3069121964238057,0.0,0.42817140212824645,0.42930358806076685,0.5,0.42930358806076685,,,total,0
2018_18_SEA_DAL,2018,18,2019-01-05,WC,DAL,SEA,24.0,22.0,2.5,43.0,2.0,-0.5,3.0,0.5307459413710881,0.5844112492697988,1.0,0.5488472066384575,0.4833305145625704,0.5,0.4833305145625704,,,total,1
2018_18_IND_HOU,2018,18,2019-01-05,WC,HOU,IND,7.0,21.0,2.0,48.5,-14.0,-16.0,-20.5,0.5384460757559355,0.5399277029247453,0.0,0.43015440031814617,0.4301945719969332,0.5,0.4301945719969332,,,total,0
2018_18_LAC_BAL,2018,18,2019-01-06,WC,BAL,LAC,17.0,23.0,3.0,43.0,-6.0,-9.0,-3.0,0.5737705747508001,0.5933014354066986,0.0,0.3484553481896354,0.3927316508257722,0.5,0.3927316508257722,,,total,0
2018_18_PHI_CHI,2018,18,2019-01-06,WC,CHI,PHI,15.0,16.0,6.5,42.5,-1.0,-7.5,-11.5,0.5783289698233564,0.7086409898223908,0.0,0.4581430576008628,0.44272195593867125,0.5,0.44272195593867125,,,total,0
2018_19_IND_KC,2018,19,2019-01-12,DIV,KC,IND,31.0,13.0,4.0,54.5,18.0,14.0,-10.5,0.6537728951067362,0.6538962374066205,0.0,0.49504595417909664,0.4591797774407186,0.5,0.4591797774407186,,,total,0
2018_19_DAL_LA,2018,19,2019-01-12,DIV,LA,DAL,30.0,22.0,7.5,48.0,8.0,0.5,4.0,0.6411716281171581,0.7534450148608485,1.0,0.35353691557760275,0.39512383263467055,0.5,0.39512383263467055,,,total,1
2018_19_LAC_NE,2018,19,2019-01-13,DIV,NE,LAC,41.0,28.0,4.0,47.5,13.0,9.0,21.5,0.5647936078375282,0.6384336294257477,1.0,0.6048865345509282,0.5091335762656466,0.5,0.5091335762656466,,,total,1
2018_19_PHI_NO,2018,19,2019-01-13,DIV,NO,PHI,20.0,14.0,8.5,52.0,6.0,-2.5,-18.0,0.6188517067691544,0.7697759087280727,0.0,0.57994199218464,0.497531405736466,0.5,0.497531405736466,,,total,0
2018_20_NE_KC,2018,20,2019-01-20,CON,KC,NE,31.0,37.0,3.0,56.5,-6.0,-9.0,11.5,0.5944514365238739,0.6186511705872493,1.0,0.5751980635603078,0.49534817213348964,0.5,0.49534817213348964,,,total,1
2018_20_LA_NO,2018,20,2019-01-20,CON,NO,LA,23.0,26.0,3.0,55.0,-3.0,-6.0,-6.0,0.6323903564371438,0.5965083053348824,0.0,0.49148829404917654,0.4575925967119939,0.5,0.4575925967119939,,,total,0
2018_21_NE_LA,2018,21,2019-02-03,SB,LA,NE,3.0,13.0,-2.0,55.5,-10.0,-8.0,-39.5,0.4577210124743666,0.46214743124779806,0.0,0.5352064314306575,0.4771693483055825,0.5,0.4771693483055825,,,total,0
2019_01_GB_CHI,2019,1,2019-09-05,REG,CHI,GB,3.0,10.0,3.5,47.0,-7.0,-10.5,-34.0,0.7612035139614528,0.6247300215982722,0.0,0.37027340909737205,0.4749329615635728,0.5,0.4749329615635728,,,total,0
2019_01_DET_ARI,2019,1,2019-09-08,REG,ARI,DET,27.0,27.0,-2.5,45.5,0.0,2.5,8.5,0.40721800787209195,0.41899204424013164,1.0,0.33516332922414305,0.4766910086028496,0.5,0.4766910086028496,,,total,1
2019_01_LA_CAR,2019,1,2019-09-08,REG,CAR,LA,27.0,30.0,-1.5,49.5,-3.0,-1.5,7.5,0.4499865639392645,0.4630595302657377,1.0,0.34319859517645834,0.476281363294154,0.5,0.476281363294154,,,total,1
2019_01_TEN_CLE,2019,1,2019-09-08,REG,CLE,TEN,13.0,43.0,5.5,44.0,-30.0,-35.5,12.0,0.4617581464625388,0.6807893209518282,1.0,0.4847137661627073,0.4695686850922443,0.5,0.4695686850922443,,,total,1
2019_01_NYG_DAL,2019,1,2019-09-08,REG,DAL,NYG,35.0,17.0,7.0,44.0,18.0,11.0,8.0,0.7339176912174704,0.7368896226171744,1.0,0.5218234571482401,0.46787461962292365,0.5,0.46787461962292365,,,total,1
2019_01_KC_JAX,2019,1,2019-09-08,REG,JAX,KC,26.0,40.0,-3.5,49.0,-14.0,-10.5,17.0,0.33810002462706834,0.37118740340541323,1.0,0.44838151751036043,0.47123531557136233,0.5,0.47123531557136233,,,total,1
2019_01_IND_LAC,2019,1,2019-09-08,REG,LAC,IND,30.0,24.0,6.0,44.5,6.0,0.0,9.5,0.6263244016933331,0.7086409898223908,1.0,0.43335600008298514,0.4719311474607519,0.5,0.4719311474607519,,,total,1
2019_01_BAL_MIA,2019,1,2019-09-08,REG,MIA,BAL,10.0,59.0,-7.0,41.0,-49.0,-42.0,28.0,0.3336067017365238,0.2689661697325205,1.0,0.38287450020762964,0.47431983247929443,0.5,0.47431983247929443,,,total,1
2019_01_ATL_MIN,2019,1,2019-09-08,REG,MIN,ATL,28.0,12.0,3.5,47.0,16.0,12.5,-7.0,0.6053833339548913,0.6228683865325755,0.0,0.4063608381364719,0.4731968366187034,0.5,0.4731968366187034,,,total,0
2019_01_PIT_NE,2019,1,2019-09-08,REG,NE,PIT,33.0,3.0,5.5,49.0,30.0,24.5,-13.0,0.6944905667339021,0.6780652506772408,0.0,0.2427000700923308,0.4818697604042157,0.5,0.4818697604042157,,,total,0
2019_01_BUF_NYJ,2019,1,2019-09-08,REG,NYJ,BUF,16.0,17.0,2.5,41.0,-1.0,-3.5,-8.0,0.47491172921788555,0.5844112492697988,0.0,0.5726715352340689,0.4655327714900936,0.5,0.4655327714900936,,,total,0
2019_01_WAS_PHI,2019,1,2019-09-08,REG,PHI,WAS,32.0,27.0,10.5,44.0,5.0,-5.5,15.0,0.7783536753088711,0.8027917403716482,1.0,0.545072387976998,0.4668092457962031,0.5,0.4668092457962031,,,total,1
2019_01_CIN_SEA,2019,1,2019-09-08,REG,SEA,CIN,21.0,20.0,9.5,44.0,1.0,-8.5,-3.0,0.7722003990829562,0.7801440983259166,0.0,0.3512201247155174,0.4758769929992214,0.5,0.4758769929992214,,,total,0
2019_01_SF_TB,2019,1,2019-09-08,REG,TB,SF,17.0,31.0,1.0,51.0,-14.0,-15.0,-3.0,0.6160479288347842,0.5069715560513107,0.0,0.3348898962478209,0.4767050332238231,0.5,0.4767050332238231,,,total,0
2019_01_HOU_NO,2019,1,2019-09-09,REG,NO,HOU,30.0,28.0,6.5,52.0,2.0,-4.5,6.0,0.7332106564591739,0.7382366085679627,1.0,0.3569188837373178,0.4755923129499393,0.5,0.4755923129499393,,,total,1
2019_01_DEN_OAK,2019,1,2019-09-09,REG,OAK,DEN,24.0,16.0,-3.0,42.5,8.0,11.0,-2.5,0.5089723577212798,0.4155887507302011,0.0,0.3604037557236061,0.47541923489727383,0.5,0.47541923489727383,,,total,0
2019_02_TB_CAR,2019,2,2019-09-12,REG,CAR,TB,14.0,20.0,6.5,48.0,-6.0,-12.5,-14.0,0.7189385213695575,0.7141340612678193,0.0,0.47893874154211974,0.46983259953028955,0.5,0.46983259953028955,,,total,0
2019_02_PHI_ATL,2019,2,2019-09-15,REG,ATL,PHI,24.0,20.0,-1.0,53.0,4.0,5.0,-9.0,0.43472373784943796,0.5,0.0,0.4306549562255473,0.4720568091210376,0.5,0.4720568091210376,,,total,0
2019_02_ARI_BAL,2019,2,2019-09-15,REG,BAL,ARI,23.0,17.0,13.0,46.0,6.0,-7.0,-6.0,0.8379802607993666,0.8419894866207438,0.0,0.5402809227914906,0.46702937117770593,0.5,0.46702937117770593,,,total,0
2019_02_SF_CIN,2019,2,2019-09-15,REG,CIN,SF,17.0,41.0,1.0,46.0,-24.0,-25.0,12.0,0.5360026044834131,0.5046466242274987,1.0,0.6290808503656042,0.4628495610403516,0.5,0.4628495610403516,,,total,1
2019_02_CHI_DEN,2019,2,2019-09-15,REG,DEN,CHI,14.0,16.0,-3.0,41.0,-2.0,1.0,-11.0,0.37755909935003756,0.42003945309842866,0.0,0.511514545167142,0.46834545494139795,0.5,0.46834545494139795,,,total,0
2019_02_LAC_DET,2019,2,2019-09-15,REG,DET,LAC,13.0,10.0,-1.0,47.0,3.0,4.0,-24.0,0.3983948361746236,0.4953533757725013,0.0,0.5171486302403828,0.4680882053884649,0.5,0.4680882053884649,,,total,0
2019_02_MIN_GB,2019,2,2019-09-15,REG,GB,MIN,21.0,16.0,3.0,43.0,5.0,2.0,-6.0,0.4601032987530738,0.6069415603678434,0.0,0.5706353664233673,0.46562754597870204,0.5,0.46562754597870204,,,total,0
2019_02_JAX_HOU,2019,2,2019-09-15,REG,HOU,JAX,13.0,12.0,7.5,43.0,1.0,-6.5,-18.0,0.6747536075674208,0.7484073492752285,0.0,0.594250851620673,0.4645207599250189,0.5,0.4645207599250189,,,total,0
2019_02_NO_LA,2019,2,2019-09-15,REG,LA,NO,27.0,9.0,2.0,52.5,18.0,16.0,-16.5,0.5656753978121994,0.5284039285250725,0.0,0.5143883140982043,0.46821425876290557,0.5,0.46821425876290557,,,total,0
2019_02_NE_MIA,2019,2,2019-09-15,REG,MIA,NE,0.0,43.0,-18.0,48.5,-43.0,-25.0,-5.5,0.1809811401962717,0.099009900990099,0.0,0.5718683369570845,0.4655701699590687,0.5,0.4655701699590687,,,total,0
2019_02_BUF_NYG,2019,2,2019-09-15,REG,NYG,BUF,14.0,28.0,-1.0,44.5,-14.0,-13.0,-2.5,0.5382842968435884,0.4827086071703758,0.0,0.4221945084365824,0.47245172149849635,0.5,0.47245172149849635,,,total,0
2019_02_KC_OAK,2019,2,2019-09-15,REG,OAK,KC,10.0,28.0,-7.0,53.5,-18.0,-11.0,-15.5,0.27404515518306183,0.27591339268162546,0.0,0.43956509847940484,0.4716429777119779,0.5,0.4716429777119779,,,total,0
2019_02_SEA_PIT,2019,2,2019-09-15,REG,PIT,SEA,26.0,28.0,4.0,47.0,-2.0,-6.0,7.0,0.5629090068558102,0.6459016393442624,1.0,0.4689050402190175,0.47029182631526834,0.5,0.47029182631526834,,,total,1
2019_02_IND_TEN,2019,2,2019-09-15,REG,TEN,IND,17.0,19.0,3.0,43.5,-2.0,-5.0,-7.5,0.577839029339823,0.6247300215982722,0.0,0.3844824947905228,0.4742421670483274,0.5,0.4742421670483274,,,total,0
2019_02_DAL_WAS,2019,2,2019-09-15,REG,WAS,DAL,21.0,31.0,-6.0,46.5,-10.0,-4.0,5.5,0.3778794426691418,0.29196153724096346,1.0,0.4800628690459597,0.4697812084333044,0.5,0.4697812084333044,,,total,1
2019_02_CLE_NYJ,2019,2,2019-09-16,REG,NYJ,CLE,3.0,23.0,-6.5,45.5,-20.0,-13.5,-19.5,0.5145795353928077,0.28507217303428406,0.0,0.5284164980318895,0.4675731078447302,0.5,0.4675731078447302,,,total,0
2019_03_TEN_JAX,2019,3,2019-09-19,REG,JAX,TEN,20.0,7.0,-1.5,38.0,13.0,14.5,-11.0,0.42031758348908815,0.45801526717557256,0.0,0.5313402420251403,0.4674392683852637,0.5,0.4674392683852637,,,total,0
2019_03_CAR_ARI,2019,3,2019-09-22,REG,ARI,CAR,20.0,38.0,2.5,46.0,-18.0,-20.5,12.0,0.4138574019143598,0.5528282163459678,1.0,0.6251744254173235,0.4630398188759427,0.5,0.4630398188759427,,,total,1
2019_03_CIN_BUF,2019,3,2019-09-22,REG,BUF,CIN,21.0,17.0,5.5,43.5,4.0,-1.5,-5.5,0.7052510680760136,0.696132596685083,0.0,0.45859414238319257,0.4707649968121592,0.5,0.4707649968121592,,,total,0
2019_03_LA_CLE,2019,3,2019-09-22,REG,CLE,LA,13.0,20.0,-4.0,48.0,-7.0,-3.0,-15.0,0.2877765675235573,0.33564198188598826,0.0,0.5587253698365563,0.4661798354383012,0.5,0.4661798354383012,,,total,0
2019_03_MIA_DAL,2019,3,2019-09-22,REG,DAL,MIA,31.0,6.0,22.0,46.5,25.0,3.0,-9.5,0.8313806525970188,0.937309434930043,0.0,0.4536827035046196,0.47099095059529295,0.5,0.47099095059529295,,,total,0
2019_03_DEN_GB,2019,3,2019-09-22,REG,GB,DEN,27.0,16.0,7.0,42.0,11.0,4.0,1.0,0.7006475392775057,0.7432443808401381,1.0,0.516926879719782,0.4680983334228957,0.5,0.4680983334228957,,,total,1
2019_03_ATL_IND,2019,3,2019-09-22,REG,IND,ATL,27.0,24.0,1.0,48.0,3.0,2.0,3.0,0.6350135322298865,0.5240193918025562,1.0,0.5529559966188575,0.4664462370600396,0.5,0.4664462370600396,,,total,1
2019_03_BAL_KC,2019,3,2019-09-22,REG,KC,BAL,33.0,28.0,4.5,52.0,5.0,0.5,9.0,0.6411165596130755,0.6654526975522995,1.0,0.5404593734441088,0.4670211791080155,0.5,0.4670211791080155,,,total,1
2019_03_HOU_LAC,2019,3,2019-09-22,REG,LAC,HOU,20.0,27.0,3.0,49.0,-7.0,-10.0,-2.0,0.6966882184697211,0.6114139890963924,0.0,0.6580719694708059,0.4614099404998077,0.5,0.4614099404998077,,,total,0
2019_03_OAK_MIN,2019,3,2019-09-22,REG,MIN,OAK,34.0,14.0,8.5,43.0,20.0,11.5,5.0,0.7639815223717116,0.7780073411433721,1.0,0.4868051770238054,0.46947316302897113,0.5,0.46947316302897113,,,total,1
2019_03_NYJ_NE,2019,3,2019-09-22,REG,NE,NYJ,30.0,14.0,20.5,43.0,16.0,-4.5,1.0,0.9227732225696753,0.9253624914304412,1.0,0.5416330197391547,0.4669672894270994,0.5,0.4669672894270994,,,total,1
2019_03_DET_PHI,2019,3,2019-09-22,REG,PHI,DET,24.0,27.0,4.0,45.0,-3.0,-7.0,6.0,0.6874940101049878,0.6618106139438086,1.0,0.49108444702854376,0.4692777828602049,0.5,0.4692777828602049,,,total,1
2019_03_NO_SEA,2019,3,2019-09-22,REG,SEA,NO,27.0,33.0,5.0,44.0,-6.0,-11.0,16.0,0.5517137823220514,0.6742671009771987,1.0,0.49626699907078065,0.46904125098799043,0.5,0.46904125098799043,,,total,1
2019_03_PIT_SF,2019,3,2019-09-22,REG,SF,PIT,24.0,20.0,6.0,44.5,4.0,-2.0,-0.5,0.4722335796070276,0.71333597633497,0.0,0.4284082161744213,0.4721614837776379,0.5,0.4721614837776379,,,total,0
2019_03_NYG_TB,2019,3,2019-09-22,REG,TB,NYG,31.0,32.0,5.0,48.0,-1.0,-6.0,15.0,0.6383282635081048,0.6779230919383173,1.0,0.43353190299768574,0.47192297045925524,0.5,0.47192297045925524,,,total,1
2019_03_CHI_WAS,2019,3,2019-09-23,REG,WAS,CHI,15.0,31.0,-5.0,41.0,-16.0,-11.0,5.0,0.35468728957007184,0.320067869813358,1.0,0.5808592565330613,0.46515050175833,0.5,0.46515050175833,,,total,1
2019_04_PHI_GB,2019,4,2019-09-26,REG,GB,PHI,27.0,34.0,3.5,46.0,-7.0,-10.5,15.0,0.5095603311701109,0.6379977530895019,1.0,0.5643011710778233,0.4659216944844878,0.5,0.4659216944844878,,,total,1
2019_04_SEA_ARI,2019,4,2019-09-29,REG,ARI,SEA,10.0,27.0,-5.5,49.0,-17.0,-11.5,-12.0,0.2707615122376442,0.31488140709135287,0.0,0.5796243718954924,0.4652082814356066,0.5,0.4652082814356066,,,total,0
2019_04_TEN_ATL,2019,4,2019-09-29,REG,ATL,TEN,10.0,24.0,3.5,46.0,-14.0,-17.5,-12.0,0.5882925372820946,0.6191482263983098,0.0,0.6291825117616293,0.4628445990225324,0.5,0.4628445990225324,,,total,0
2019_04_CLE_BAL,2019,4,2019-09-29,REG,BAL,CLE,25.0,40.0,7.5,47.0,-15.0,-22.5,18.0,0.782838934706828,0.7437482371439031,1.0,0.40822537933570663,0.4731086424857471,0.5,0.4731086424857471,,,total,1
2019_04_NE_BUF,2019,4,2019-09-29,REG,BUF,NE,10.0,16.0,-7.0,41.5,-6.0,1.0,-15.5,0.2740704878063688,0.2596297346966464,0.0,0.4837958417988405,0.46961061814370564,0.5,0.46961061814370564,,,total,0
2019_04_MIN_CHI,2019,4,2019-09-29,REG,CHI,MIN,16.0,6.0,-1.0,38.0,10.0,11.0,-16.0,0.6165817886377969,0.4930284439486894,0.0,0.6112563004948116,0.46371154280944044,0.5,0.46371154280944044,,,total,0
2019_04_JAX_DEN,2019,4,2019-09-29,REG,DEN,JAX,24.0,26.0,2.5,37.0,-2.0,-4.5,13.0,0.4912533118029154,0.5642421122306391,1.0,0.5321859762576049,0.4674005363439539,0.5,0.4674005363439539,,,total,1
2019_04_KC_DET,2019,4,2019-09-29,REG,DET,KC,30.0,34.0,-7.5,54.5,-4.0,3.5,9.5,0.3799848766473724,0.23850155231613795,1.0,0.438978544403392,0.4716701604158586,0.5,0.4716701604158586,,,total,1
2019_04_CAR_HOU,2019,4,2019-09-29,REG,HOU,CAR,10.0,16.0,5.5,47.5,-6.0,-11.5,-21.5,0.6251161026661947,0.6999193060318741,0.0,0.5497761546690993,0.4665927889233879,0.5,0.4665927889233879,,,total,0
2019_04_OAK_IND,2019,4,2019-09-29,REG,IND,OAK,24.0,31.0,5.5,46.0,-7.0,-12.5,9.0,0.8026159817355503,0.688252023627215,1.0,0.6267150608319012,0.46296487912699413,0.5,0.46296487912699413,,,total,1
2019_04_TB_LA,2019,4,2019-09-29,REG,LA,TB,40.0,55.0,9.0,48.5,-15.0,-24.0,46.5,0.8436727744957442,0.8001430041331682,1.0,0.6865752803699202,0.4599367798233983,0.5,0.4599367798233983,,,total,1
2019_04_LAC_MIA,2019,4,2019-09-29,REG,MIA,LAC,10.0,30.0,-15.0,43.5,-20.0,-5.0,-3.5,0.2893528553027639,0.13802307087621798,0.0,0.40133351252531757,0.4734352859563801,0.5,0.4734352859563801,,,total,0
2019_04_DAL_NO,2019,4,2019-09-29,REG,NO,DAL,12.0,10.0,-2.5,47.0,2.0,4.5,-25.0,0.6266474318162252,0.43026174256005734,0.0,0.44053758271497945,0.47159792739421774,0.5,0.47159792739421774,,,total,0
2019_04_WAS_NYG,2019,4,2019-09-29,REG,NYG,WAS,24.0,3.0,3.0,48.0,21.0,18.0,-21.0,0.5892963714951076,0.6039037320401216,0.0,0.5595376277133837,0.4661422737317321,0.5,0.4661422737317321,,,total,0
2019_04_CIN_PIT,2019,4,2019-09-30,REG,PIT,CIN,27.0,3.0,3.5,45.5,24.0,20.5,-15.5,0.7809176767976828,0.6252015045674368,0.0,0.5828288960687272,0.4650582467266223,0.5,0.4650582467266223,,,total,0
2019_05_LA_SEA,2019,5,2019-10-03,REG,SEA,LA,30.0,29.0,1.5,49.0,1.0,-0.5,10.0,0.5438360296597808,0.5369404697342622,1.0,0.4858555798473715,0.469516531366231,0.5,0.469516531366231,,,total,1
2019_05_JAX_CAR,2019,5,2019-10-06,REG,CAR,JAX,34.0,27.0,3.0,41.0,7.0,4.0,20.0,0.6605852557525556,0.6375766544186806,1.0,0.45214551762288885,0.4710617553938229,0.5,0.4710617553938229,,,total,1
2019_05_ARI_CIN,2019,5,2019-10-06,REG,CIN,ARI,23.0,26.0,3.0,45.0,-3.0,-6.0,4.0,0.6218508199168488,0.5916792592354435,1.0,0.6529533625000059,0.46166798472781967,0.5,0.46166798472781967,,,total,1
2019_05_GB_DAL,2019,5,2019-10-06,REG,DAL,GB,24.0,34.0,3.5,46.5,-10.0,-13.5,11.5,0.6995066258522439,0.6279229893276131,1.0,0.5926673443223083,0.4645955434491459,0.5,0.4645955434491459,,,total,1
2019_05_ATL_HOU,2019,5,2019-10-06,REG,HOU,ATL,53.0,32.0,4.0,49.0,21.0,17.0,36.0,0.6230438192473022,0.6569372429822994,1.0,0.44391126395785313,0.4714418067563111,0.5,0.4714418067563111,,,total,1
2019_05_IND_KC,2019,5,2019-10-06,REG,KC,IND,13.0,19.0,10.5,55.5,-6.0,-16.5,-23.5,0.754762989830491,0.8088171988554355,0.0,0.5204015767447873,0.46793959870069035,0.5,0.46793959870069035,,,total,0
2019_05_DEN_LAC,2019,5,2019-10-06,REG,LAC,DEN,13.0,20.0,4.0,46.0,-7.0,-11.0,-13.0,0.8088962923735601,0.6745662547167928,0.0,0.5502992128060857,0.46656869514083094,0.5,0.46656869514083094,,,total,0
2019_05_TB_NO,2019,5,2019-10-06,REG,NO,TB,31.0,24.0,3.0,46.0,7.0,4.0,9.0,0.7765752965821631,0.5816746508332771,1.0,0.4098609527204935,0.47303138296792946,0.5,0.47303138296792946,,,total,1
2019_05_MIN_NYG,2019,5,2019-10-06,REG,NYG,MIN,10.0,28.0,-5.5,44.0,-18.0,-12.5,-6.0,0.4079598352436693,0.3108038311329388,0.0,0.43352524152302785,0.47192328010928364,0.5,0.47192328010928364,,,total,0
2019_05_CHI_OAK,2019,5,2019-10-06,REG,OAK,CHI,24.0,21.0,-6.5,39.5,3.0,9.5,5.5,0.25848892903152054,0.29300627641859867,1.0,0.37986674670112386,0.474465443294087,0.5,0.474465443294087,,,total,1
2019_05_NYJ_PHI,2019,5,2019-10-06,REG,PHI,NYJ,31.0,6.0,14.0,43.0,25.0,11.0,-6.0,0.8604295927007268,0.8589779257283742,0.0,0.5581867330595645,0.4662047361126175,0.5,0.4662047361126175,,,total,0
2019_05_BAL_PIT,2019,5,2019-10-06,REG,PIT,BAL,23.0,26.0,-3.5,44.0,-3.0,0.5,5.0,0.5835080861824987,0.3747984954325632,1.0,0.6255303882863322,0.4630225149628766,0.5,0.4630225149628766,,,total,1
2019_05_BUF_TEN,2019,5,2019-10-06,REG,TEN,BUF,7.0,14.0,3.5,39.5,-7.0,-10.5,-18.5,0.6642668362506028,0.6283801591903431,0.0,0.42514214682617446,0.4723138996029095,0.5,0.4723138996029095,,,total,0
2019_05_NE_WAS,2019,5,2019-10-06,REG,WAS,NE,7.0,33.0,-15.5,42.0,-26.0,-10.5,-2.0,0.1520856780114652,0.12191974859069715,0.0,0.6349344438892864,0.46256293636416146,0.5,0.46256293636416146,,,total,0
2019_05_CLE_SF,2019,5,2019-10-07,REG,SF,CLE,31.0,3.0,5.0,47.5,28.0,23.0,-13.5,0.6088643922863266,0.6745662547167928,0.0,0.5644061921327166,0.46591682551987845,0.5,0.46591682551987845,,,total,0
2019_06_NYG_NE,2019,6,2019-10-10,REG,NE,NYG,35.0,14.0,16.5,43.0,21.0,4.5,6.0,0.900969339462994,0.8867369007501867,1.0,0.5652500865222265,0.4658776915312982,0.5,0.4658776915312982,,,total,1
2019_06_ATL_ARI,2019,6,2019-10-13,REG,ARI,ATL,34.0,33.0,-3.0,52.5,1.0,4.0,14.5,0.4169641630824079,0.39819971012281646,1.0,0.6424479830598432,0.4621921796006943,0.5,0.4621921796006943,,,total,1
2019_06_CIN_BAL,2019,6,2019-10-13,REG,BAL,CIN,23.0,17.0,10.5,47.0,6.0,-4.5,-7.0,0.8315969928490146,0.8154296160877514,0.0,0.4228611459997792,0.47242052903363974,0.5,0.47242052903363974,,,total,0
2019_06_SEA_CLE,2019,6,2019-10-13,REG,CLE,SEA,28.0,32.0,1.0,45.5,-4.0,-5.0,14.5,0.38043433223280176,0.5172913928296243,1.0,0.37081688596786544,0.47490634515929986,0.5,0.47490634515929986,,,total,1
2019_06_TEN_DEN,2019,6,2019-10-13,REG,DEN,TEN,16.0,0.0,1.0,41.0,16.0,15.0,-25.0,0.456188286796206,0.533647048893203,0.0,0.5797299159491046,0.46520334487504106,0.5,0.46520334487504106,,,total,0
2019_06_NO_JAX,2019,6,2019-10-13,REG,JAX,NO,6.0,13.0,2.5,42.5,-7.0,-9.5,-23.5,0.31260119874060643,0.5679213219076544,0.0,0.651957238063367,0.46171799552419096,0.5,0.46171799552419096,,,total,0
2019_06_HOU_KC,2019,6,2019-10-13,REG,KC,HOU,24.0,31.0,3.5,54.5,-7.0,-10.5,0.5,0.7201411338190815,0.6336902505251294,1.0,0.5031916634351056,0.46872527901464106,0.5,0.46872527901464106,,,total,1
2019_06_SF_LA,2019,6,2019-10-13,REG,LA,SF,7.0,20.0,3.0,49.5,-13.0,-16.0,-22.5,0.6837274499906573,0.5816746508332771,0.0,0.38387811383955023,0.4742713438351484,0.5,0.4742713438351484,,,total,0
2019_06_PIT_LAC,2019,6,2019-10-13,REG,LAC,PIT,17.0,24.0,6.0,42.5,-7.0,-13.0,-1.5,0.5937759518826673,0.696132596685083,0.0,0.4162841580628166,0.472728875232837,0.5,0.472728875232837,,,total,0
2019_06_WAS_MIA,2019,6,2019-10-13,REG,MIA,WAS,16.0,17.0,-6.0,42.0,-1.0,5.0,-9.0,0.5513646350945461,0.3136531365313653,0.0,0.5141872026978856,0.4682234412719067,0.5,0.4682234412719067,,,total,0
2019_06_PHI_MIN,2019,6,2019-10-13,REG,MIN,PHI,38.0,20.0,3.5,44.0,18.0,14.5,14.0,0.5371370896065146,0.6210456942003515,1.0,0.5849298065347474,0.464959709168606,0.5,0.464959709168606,,,total,1
2019_06_DAL_NYJ,2019,6,2019-10-13,REG,NYJ,DAL,24.0,22.0,-7.0,43.5,2.0,9.0,2.5,0.263127367497596,0.26242745394902856,1.0,0.6530487281648033,0.4616631933798084,0.5,0.4616631933798084,,,total,1
2019_06_CAR_TB,2019,6,2019-10-13,REG,TB,CAR,26.0,37.0,-2.0,48.5,-11.0,-9.0,14.5,0.3951505200866286,0.45801526717557256,1.0,0.4250789498087918,0.4723168517973307,0.5,0.4723168517973307,,,total,1
2019_06_DET_GB,2019,6,2019-10-14,REG,GB,DET,23.0,22.0,3.5,47.0,1.0,-2.5,-2.0,0.6054897273273523,0.6471201212580523,0.0,0.4998288734926549,0.46887871926004826,0.5,0.46887871926004826,,,total,0
2019_07_KC_DEN,2019,7,2019-10-17,REG,DEN,KC,6.0,30.0,-3.0,49.5,-24.0,-21.0,-13.5,0.3580363763136487,0.4166248368637687,0.0,0.6001377783725458,0.46424192836572126,0.5,0.46424192836572126,,,total,0
2019_07_LA_ATL,2019,7,2019-10-20,REG,ATL,LA,10.0,37.0,-3.0,54.5,-27.0,-24.0,-7.5,0.41721401062754987,0.40832074076455643,0.0,0.518447886761568,0.4680288585108362,0.5,0.4680288585108362,,,total,0
2019_07_MIA_BUF,2019,7,2019-10-20,REG,BUF,MIA,31.0,21.0,17.0,42.5,10.0,-7.0,9.5,0.7893297241350913,0.8913998705928935,1.0,0.48805754260526074,0.46941597448941613,0.5,0.46941597448941613,,,total,1
2019_07_NO_CHI,2019,7,2019-10-20,REG,CHI,NO,25.0,36.0,4.0,37.0,-11.0,-15.0,24.0,0.4693546542794961,0.6621475756659903,1.0,0.524868158881167,0.4677354265368273,0.5,0.4677354265368273,,,total,1
2019_07_JAX_CIN,2019,7,2019-10-20,REG,CIN,JAX,17.0,27.0,-4.0,44.5,-10.0,-6.0,-0.5,0.4231932528939589,0.3367436672886772,0.0,0.4289052015569656,0.47213831754154584,0.5,0.47213831754154584,,,total,0
2019_07_PHI_DAL,2019,7,2019-10-20,REG,DAL,PHI,37.0,10.0,3.0,50.0,27.0,24.0,-3.0,0.5306632199514882,0.6069415603678434,0.0,0.4215075398228369,0.4724838793750224,0.5,0.4724838793750224,,,total,0
2019_07_MIN_DET,2019,7,2019-10-20,REG,DET,MIN,30.0,42.0,-2.5,43.5,-12.0,-9.5,28.5,0.4563917838564644,0.4357578877693609,1.0,0.710452732794232,0.45864646225826294,0.5,0.45864646225826294,,,total,1
2019_07_OAK_GB,2019,7,2019-10-20,REG,GB,OAK,42.0,24.0,5.5,48.0,18.0,12.5,18.0,0.7004594338073635,0.6873022714142923,1.0,0.5220502241514551,0.4678642551412308,0.5,0.4678642551412308,,,total,1
2019_07_HOU_IND,2019,7,2019-10-20,REG,IND,HOU,30.0,23.0,1.5,46.5,7.0,5.5,6.5,0.5799099432429636,0.5327102803738317,1.0,0.6078646940699728,0.4638738813676727,0.5,0.4638738813676727,,,total,1
2019_07_ARI_NYG,2019,7,2019-10-20,REG,NYG,ARI,21.0,27.0,3.5,49.5,-6.0,-9.5,-1.5,0.6353334927307661,0.6362901596282077,0.0,0.4270927914911691,0.47222283355547673,0.5,0.47222283355547673,,,total,0
2019_07_BAL_SEA,2019,7,2019-10-20,REG,SEA,BAL,16.0,30.0,3.0,49.0,-14.0,-17.0,-3.0,0.6232807569694871,0.5955112768937784,0.0,0.3388496727140868,0.47650248442492293,0.5,0.47650248442492293,,,total,0
2019_07_LAC_TEN,2019,7,2019-10-20,REG,TEN,LAC,23.0,20.0,3.0,42.5,3.0,0.0,0.5,0.5215947044182956,0.5955112768937784,1.0,0.7083564331788499,0.4587621180769845,0.5,0.4587621180769845,,,total,1
2019_07_SF_WAS,2019,7,2019-10-20,REG,WAS,SF,0.0,9.0,-10.0,39.0,-9.0,1.0,-30.0,0.3078087265952084,0.2154605263157895,0.0,0.5224634807869803,0.4678453660720517,0.5,0.4678453660720517,,,total,0
2019_07_NE_NYJ,2019,7,2019-10-21,REG,NYJ,NE,0.0,33.0,-9.5,43.0,-33.0,-23.5,-10.0,0.12220414995886793,0.23599440828535784,0.0,0.6650664108348828,0.46105433476237373,0.5,0.46105433476237373,,,total,0
2019_08_WAS_MIN,2019,8,2019-10-24,REG,MIN,WAS,19.0,9.0,16.5,42.0,10.0,-6.5,-14.0,0.8628802924254027,0.883065536404312,0.0,0.36643444746250625,0.475121439703675,0.5,0.475121439703675,,,total,0
2019_08_SEA_ATL,2019,8,2019-10-27,REG,ATL,SEA,20.0,27.0,-7.5,48.5,-7.0,0.5,-1.5,0.375691904187955,0.2588343276732446,0.0,0.23815492992624854,0.48215440940033044,0.5,0.48215440940033044,,,total,0
2019_08_PHI_BUF,2019,8,2019-10-27,REG,BUF,PHI,13.0,31.0,1.0,39.5,-18.0,-19.0,4.5,0.5451769221407751,0.5369404697342622,1.0,0.401067214536421,0.47344794398536094,0.5,0.47344794398536094,,,total,1
2019_08_LAC_CHI,2019,8,2019-10-27,REG,CHI,LAC,16.0,17.0,3.5,41.0,-1.0,-4.5,-8.0,0.6530190409120665,0.629269318749507,0.0,0.41872379785500946,0.47261433927524676,0.5,0.47261433927524676,,,total,0
2019_08_NYG_DET,2019,8,2019-10-27,REG,DET,NYG,31.0,26.0,6.5,49.0,5.0,-1.5,8.0,0.7278693126198982,0.7072057697217258,1.0,0.4767462244826452,0.4699328639618807,0.5,0.4699328639618807,,,total,1
2019_08_OAK_HOU,2019,8,2019-10-27,REG,HOU,OAK,27.0,24.0,5.0,52.0,3.0,-2.0,-1.0,0.7346444130934723,0.683174291856825,0.0,0.44510634837973834,0.47138656245592775,0.5,0.47138656245592775,,,total,0
2019_08_DEN_IND,2019,8,2019-10-27,REG,IND,DEN,15.0,13.0,6.0,41.0,2.0,-4.0,-13.0,0.7670771129521251,0.6851185929086472,0.0,0.4708279993071043,0.47020373391065806,0.5,0.47020373391065806,,,total,0
2019_08_NYJ_JAX,2019,8,2019-10-27,REG,JAX,NYJ,29.0,15.0,7.0,39.5,14.0,7.0,4.5,0.7485825716879736,0.7255610366150211,1.0,0.2983210294839485,0.47863827191013264,0.5,0.47863827191013264,,,total,1
2019_08_GB_KC,2019,8,2019-10-27,REG,KC,GB,24.0,31.0,-5.0,48.0,-7.0,-2.0,7.0,0.6848097408392902,0.3220769080616826,1.0,0.3679225288918232,0.4750482825091343,0.5,0.4750482825091343,,,total,1
2019_08_CIN_LA,2019,8,2019-10-27,REG,LA,CIN,24.0,10.0,12.0,48.5,14.0,2.0,-14.5,0.8297959308849893,0.8291473616315197,0.0,0.512352176474974,0.46830721807906667,0.5,0.46830721807906667,,,total,0
2019_08_CLE_NE,2019,8,2019-10-27,REG,NE,CLE,27.0,13.0,9.5,43.0,14.0,4.5,-3.0,0.8871987686615495,0.7627068693058542,0.0,0.45237982183151476,0.47105096027675036,0.5,0.47105096027675036,,,total,0
2019_08_ARI_NO,2019,8,2019-10-27,REG,NO,ARI,31.0,9.0,12.5,47.5,22.0,9.5,-7.5,0.8874958351348764,0.8301610541727672,0.0,0.37798254155194266,0.4745568903478411,0.5,0.4745568903478411,,,total,0
2019_08_CAR_SF,2019,8,2019-10-27,REG,SF,CAR,51.0,13.0,4.5,41.0,38.0,33.5,23.0,0.5952596993979429,0.6572903685241233,1.0,0.4356188716142282,0.4718260158447651,0.5,0.4718260158447651,,,total,1
2019_08_TB_TEN,2019,8,2019-10-27,REG,TEN,TB,27.0,23.0,2.0,45.5,4.0,2.0,4.5,0.6356385976618307,0.5357590966122961,1.0,0.6183107822581839,0.46337223004194555,0.5,0.46337223004194555,,,total,1
2019_08_MIA_PIT,2019,8,2019-10-28,REG,PIT,MIA,27.0,14.0,14.0,44.0,13.0,-1.0,-3.0,0.8433726925014707,0.8360766173399501,0.0,0.42708184800702237,0.47222334415002815,0.5,0.47222334415002815,,,total,0
2019_09_SF_ARI,2019,9,2019-10-31,REG,ARI,SF,25.0,28.0,-10.5,43.5,-3.0,7.5,9.5,0.26757414105616617,0.20847279334417138,1.0,0.647084809051425,0.4619616792868546,0.5,0.4619616792868546,,,total,1
2019_09_NE_BAL,2019,9,2019-11-03,REG,BAL,NE,37.0,20.0,-3.0,44.5,17.0,20.0,12.5,0.37661762662553905,0.41493775933609955,1.0,0.5744697651889575,0.46544897880540725,0.5,0.46544897880540725,,,total,1
2019_09_WAS_BUF,2019,9,2019-11-03,REG,BUF,WAS,24.0,9.0,10.5,37.0,15.0,4.5,-4.0,0.7494971799171768,0.7928552023906547,0.0,0.26555882056808766,0.48048996927955634,0.5,0.48048996927955634,,,total,0
2019_09_TEN_CAR,2019,9,2019-11-03,REG,CAR,TEN,30.0,20.0,3.5,43.0,10.0,6.5,7.0,0.6203047722692602,0.6252015045674368,1.0,0.5178953783778276,0.4680540969853177,0.5,0.4680540969853177,,,total,1
2019_09_CLE_DEN,2019,9,2019-11-03,REG,DEN,CLE,24.0,19.0,-4.0,39.0,5.0,9.0,4.0,0.5733958405985765,0.3569607343192249,1.0,0.5169159814222942,0.4680988311747578,0.5,0.4680988311747578,,,total,1
2019_09_HOU_JAX,2019,9,2019-11-03,REG,JAX,HOU,3.0,26.0,1.0,46.0,-23.0,-24.0,-17.0,0.3846060207742846,0.5185243789416578,0.0,0.6221732314128402,0.4631854558878481,0.5,0.4631854558878481,,,total,0
2019_09_MIN_KC,2019,9,2019-11-03,REG,KC,MIN,26.0,23.0,-5.5,46.0,3.0,8.5,3.0,0.5527267589816244,0.32646911099949777,1.0,0.34873207095918574,0.47600194829457637,0.5,0.47600194829457637,,,total,1
2019_09_GB_LAC,2019,9,2019-11-03,REG,LAC,GB,26.0,11.0,-4.0,50.0,15.0,19.0,-13.0,0.47893984458541444,0.3427096314758768,0.0,0.37086328556212383,0.47490407352101466,0.5,0.47490407352101466,,,total,0
2019_09_NYJ_MIA,2019,9,2019-11-03,REG,MIA,NYJ,26.0,18.0,-3.5,42.5,8.0,11.5,1.5,0.5753304319113469,0.3650052779508833,1.0,0.5020218380669623,0.4687786569212112,0.5,0.4687786569212112,,,total,1
2019_09_DET_OAK,2019,9,2019-11-03,REG,OAK,DET,31.0,24.0,2.5,51.5,7.0,4.5,3.5,0.47574543761702387,0.5740354444580784,1.0,0.547660517798019,0.4666901925873237,0.5,0.4666901925873237,,,total,1
2019_09_CHI_PHI,2019,9,2019-11-03,REG,PHI,CHI,22.0,14.0,5.0,41.0,8.0,3.0,-5.0,0.6052144080147911,0.6745662547167928,0.0,0.41499502435922736,0.4727894759289905,0.5,0.4727894759289905,,,total,0
2019_09_IND_PIT,2019,9,2019-11-03,REG,PIT,IND,26.0,24.0,1.0,39.5,2.0,1.0,10.5,0.5439018465859311,0.5274287332041203,1.0,0.47755866879315123,0.46989570579495243,0.5,0.46989570579495243,,,total,1
2019_09_TB_SEA,2019,9,2019-11-03,REG,SEA,TB,40.0,34.0,4.0,51.0,6.0,2.0,23.0,0.7566338508665288,0.6584314375725417,1.0,0.48849548211187693,0.46939597808062966,0.5,0.46939597808062966,,,total,1
2019_09_DAL_NYG,2019,9,2019-11-04,REG,NYG,DAL,18.0,37.0,-6.5,48.5,-19.0,-12.5,6.5,0.2954044367570914,0.2735384297378303,1.0,0.5150317034280922,0.46818488106697415,0.5,0.46818488106697415,,,total,1
2019_10_LAC_OAK,2019,10,2019-11-07,REG,OAK,LAC,26.0,24.0,-1.0,49.0,2.0,3.0,1.0,0.43523946272056324,0.47377843762281124,1.0,0.509881187093392,0.4684200085487167,0.5,0.4684200085487167,,,total,1
2019_10_DET_CHI,2019,10,2019-11-10,REG,CHI,DET,20.0,13.0,6.0,38.0,7.0,1.0,-5.0,0.662611905726799,0.7096900745390349,0.0,0.323287199453674,0.47730560266406835,0.5,0.47730560266406835,,,total,0
2019_10_BAL_CIN,2019,10,2019-11-10,REG,CIN,BAL,13.0,49.0,-10.5,44.0,-36.0,-25.5,18.0,0.1665336127643858,0.2116883630752186,1.0,0.363137011968056,0.4752840016969696,0.5,0.4752840016969696,,,total,1
2019_10_BUF_CLE,2019,10,2019-11-10,REG,CLE,BUF,19.0,16.0,3.0,42.0,3.0,0.0,-7.0,0.469073618974136,0.586736037934668,0.0,0.5259052626499625,0.4676879961553143,0.5,0.4676879961553143,,,total,0
2019_10_MIN_DAL,2019,10,2019-11-10,REG,DAL,MIN,24.0,28.0,3.5,48.5,-4.0,-7.5,3.5,0.5394946053583234,0.6252015045674368,1.0,0.7057215653451363,0.45890680260820926,0.5,0.45890680260820926,,,total,1
2019_10_CAR_GB,2019,10,2019-11-10,REG,GB,CAR,24.0,16.0,5.0,49.0,8.0,3.0,-9.0,0.5850625763965991,0.675595238095238,0.0,0.36266112665527783,0.47530751506482577,0.5,0.47530751506482577,,,total,0
2019_10_MIA_IND,2019,10,2019-11-10,REG,IND,MIA,12.0,16.0,11.0,44.5,-4.0,-15.0,-16.5,0.8514836262931386,0.8022396950202525,0.0,0.4980640922553467,0.46895924596154814,0.5,0.46895924596154814,,,total,0
2019_10_ATL_NO,2019,10,2019-11-10,REG,NO,ATL,9.0,26.0,14.0,51.5,-17.0,-31.0,-16.5,0.8738391787896395,0.8393555347273013,0.0,0.4223117898913578,0.4724462328386678,0.5,0.4724462328386678,,,total,0
2019_10_NYG_NYJ,2019,10,2019-11-10,REG,NYJ,NYG,34.0,27.0,-3.0,43.0,7.0,10.0,18.0,0.5140001160582047,0.41899204424013164,1.0,0.6713594816279894,0.46073126138523113,0.5,0.46073126138523113,,,total,1
2019_10_LA_PIT,2019,10,2019-11-10,REG,PIT,LA,17.0,12.0,-4.0,43.0,5.0,9.0,-14.0,0.5468282773866037,0.3367436672886772,0.0,0.35112966756271363,0.47588152873765377,0.5,0.47588152873765377,,,total,0
2019_10_ARI_TB,2019,10,2019-11-10,REG,TB,ARI,30.0,27.0,5.5,51.0,3.0,-2.5,6.0,0.6650226635731016,0.6829002792370676,1.0,0.5353349722768342,0.4672562491244047,0.5,0.4672562491244047,,,total,1
2019_10_KC_TEN,2019,10,2019-11-10,REG,TEN,KC,35.0,32.0,-5.0,49.0,3.0,8.0,18.0,0.3931347615371195,0.3190724859866813,1.0,0.33142082046277876,0.4768834669090922,0.5,0.4768834669090922,,,total,1
2019_10_SEA_SF,2019,10,2019-11-11,REG,SF,SEA,24.0,27.0,6.5,47.0,-3.0,-9.5,4.0,0.6064364957497298,0.7080384627590365,1.0,0.2565336230801914,0.48102500125328984,0.5,0.48102500125328984,,,total,1
2019_11_PIT_CLE,2019,11,2019-11-14,REG,CLE,PIT,21.0,7.0,3.0,41.5,14.0,11.0,-13.5,0.35422389044496705,0.6039037320401216,0.0,0.4986945537699308,0.46893047776350427,0.5,0.46893047776350427,,,total,0
2019_11_HOU_BAL,2019,11,2019-11-17,REG,BAL,HOU,41.0,7.0,4.0,51.0,34.0,30.0,-3.0,0.6738386651577283,0.666540435916856,0.0,0.5216901510534796,0.4678807122550979,0.5,0.4678807122550979,,,total,0
2019_11_ATL_CAR,2019,11,2019-11-17,REG,CAR,ATL,3.0,29.0,3.5,49.0,-26.0,-29.5,-17.0,0.6671376541273459,0.648330451760112,0.0,0.345040189673459,0.4761881352268937,0.5,0.4761881352268937,,,total,0
2019_11_DAL_DET,2019,11,2019-11-17,REG,DET,DAL,27.0,35.0,-7.5,46.5,-8.0,-0.5,15.5,0.4267461603619958,0.2366416065391796,1.0,0.3361596338492435,0.4766399554463221,0.5,0.4766399554463221,,,total,1
2019_11_JAX_IND,2019,11,2019-11-17,REG,IND,JAX,33.0,13.0,2.5,41.5,20.0,17.5,4.5,0.705182961362538,0.5586071603727317,1.0,0.4301683496069873,0.4720794682684922,0.5,0.4720794682684922,,,total,1
2019_11_CHI_LA,2019,11,2019-11-17,REG,LA,CHI,17.0,7.0,5.0,40.0,10.0,5.0,-16.0,0.6264721652474307,0.6802135750777858,0.0,0.4946820043040571,0.46911358250272944,0.5,0.46911358250272944,,,total,0
2019_11_BUF_MIA,2019,11,2019-11-17,REG,MIA,BUF,20.0,37.0,-7.0,41.5,-17.0,-10.0,15.5,0.413959391057515,0.26751500253054733,1.0,0.25502075926918116,0.4811158839439957,0.5,0.4811158839439957,,,total,1
2019_11_DEN_MIN,2019,11,2019-11-17,REG,MIN,DEN,27.0,23.0,10.0,40.5,4.0,-6.0,9.5,0.7978633900876615,0.780155608608282,1.0,0.38299304309086224,0.4743141026625589,0.5,0.4743141026625589,,,total,1
2019_11_CIN_OAK,2019,11,2019-11-17,REG,OAK,CIN,17.0,10.0,13.0,48.0,7.0,-6.0,-21.0,0.7757505669139064,0.8312468583191708,0.0,0.44629368969132427,0.47133170584052264,0.5,0.47133170584052264,,,total,0
2019_11_NE_PHI,2019,11,2019-11-17,REG,PHI,NE,10.0,17.0,-4.5,45.0,-7.0,-2.5,-18.0,0.404728402442665,0.34043487810235007,0.0,0.4309458126662307,0.47204326824106096,0.5,0.47204326824106096,,,total,0
2019_11_ARI_SF,2019,11,2019-11-17,REG,SF,ARI,36.0,26.0,10.0,44.0,10.0,0.0,18.0,0.8415496037516916,0.786035261712446,1.0,0.3777752107581838,0.47456696380995167,0.5,0.47456696380995167,,,total,1
2019_11_NO_TB,2019,11,2019-11-17,REG,TB,NO,17.0,34.0,-5.0,50.5,-17.0,-12.0,0.5,0.3146452386091439,0.3220769080616826,1.0,0.3013546304023733,0.4784730967792126,0.5,0.4784730967792126,,,total,1
2019_11_NYJ_WAS,2019,11,2019-11-17,REG,WAS,NYJ,17.0,34.0,1.0,37.5,-17.0,-18.0,13.5,0.5996277469564424,0.5369404697342622,1.0,0.42448403041876004,0.47234464866254955,0.5,0.47234464866254955,,,total,1
2019_11_KC_LAC,2019,11,2019-11-18,REG,LAC,KC,17.0,24.0,-5.5,52.5,-7.0,-1.5,-11.5,0.40459169945538626,0.3108038311329388,0.0,0.333911085140762,0.4767552843297348,0.5,0.4767552843297348,,,total,0
2019_12_IND_HOU,2019,12,2019-11-21,REG,HOU,IND,20.0,17.0,3.5,46.0,3.0,-0.5,-9.0,0.569441634079339,0.6306061713569676,0.0,0.48939175128152484,0.46935505703112135,0.5,0.46935505703112135,,,total,0
2019_12_TB_ATL,2019,12,2019-11-24,REG,ATL,TB,22.0,35.0,3.5,51.5,-13.0,-16.5,5.5,0.6997130609630448,0.6297217024951262,1.0,0.31169533628155943,0.47791703144821257,0.5,0.47791703144821257,,,total,1
2019_12_DEN_BUF,2019,12,2019-11-24,REG,BUF,DEN,20.0,3.0,3.5,37.0,17.0,13.5,-14.0,0.6655800570343715,0.6388542963885429,0.0,0.4491847376097071,0.4711982558520656,0.5,0.4711982558520656,,,total,0
2019_12_NYG_CHI,2019,12,2019-11-24,REG,CHI,NYG,19.0,14.0,6.0,41.0,5.0,-1.0,-8.0,0.8188653884682519,0.696132596685083,0.0,0.3137766593460091,0.47780635503550967,0.5,0.47780635503550967,,,total,0
2019_12_PIT_CIN,2019,12,2019-11-24,REG,CIN,PIT,10.0,16.0,-5.5,37.5,-6.0,-0.5,-11.5,0.22719161869082363,0.3257328990228013,0.0,0.39599723968028394,0.47368948300615815,0.5,0.47368948300615815,,,total,0
2019_12_MIA_CLE,2019,12,2019-11-24,REG,CLE,MIA,41.0,24.0,11.0,45.5,17.0,6.0,19.5,0.7421059743650256,0.791595099049582,1.0,0.29427036602761025,0.47886034635874125,0.5,0.47886034635874125,,,total,1
2019_12_DAL_NE,2019,12,2019-11-24,REG,NE,DAL,13.0,9.0,5.5,44.5,4.0,-1.5,-22.5,0.7567032153435206,0.6789306742455842,0.0,0.42554714376763814,0.4722949832729434,0.5,0.4722949832729434,,,total,0
2019_12_CAR_NO,2019,12,2019-11-24,REG,NO,CAR,34.0,31.0,10.0,46.0,3.0,-7.0,19.0,0.7749873186296387,0.7954597198863094,1.0,0.3846069940694424,0.4742361589477671,0.5,0.4742361589477671,,,total,1
2019_12_OAK_NYJ,2019,12,2019-11-24,REG,NYJ,OAK,34.0,3.0,-3.5,45.0,31.0,34.5,-8.0,0.4198484655650394,0.3775590873156503,0.0,0.41171787635159574,0.4729437830904716,0.5,0.4729437830904716,,,total,0
2019_12_SEA_PHI,2019,12,2019-11-24,REG,PHI,SEA,9.0,17.0,-1.0,45.5,-8.0,-7.0,-19.5,0.5264229637648139,0.5,0.0,0.43717406460276853,0.47175383646456387,0.5,0.47175383646456387,,,total,0
2019_12_GB_SF,2019,12,2019-11-24,REG,SF,GB,37.0,8.0,3.0,48.0,29.0,26.0,-3.0,0.6141982105816549,0.6196403872752421,0.0,0.3649873387884559,0.4751927038426413,0.5,0.4751927038426413,,,total,0
2019_12_JAX_TEN,2019,12,2019-11-24,REG,TEN,JAX,42.0,20.0,4.5,42.0,22.0,17.5,20.0,0.6694642687765707,0.6735308890005023,1.0,0.3292307212098171,0.47699660328810856,0.5,0.47699660328810856,,,total,1
2019_12_DET_WAS,2019,12,2019-11-24,REG,WAS,DET,19.0,16.0,-4.0,39.0,3.0,7.0,-4.0,0.3763563156055646,0.36200224691049804,0.0,0.4810818444538452,0.46973463305606,0.5,0.46973463305606,,,total,0
2019_12_BAL_LA,2019,12,2019-11-25,REG,LA,BAL,6.0,45.0,-3.5,47.0,-39.0,-35.5,4.0,0.47187524333984937,0.39763241766580665,1.0,0.48899685080930594,0.4693730865906809,0.5,0.4693730865906809,,,total,1
2019_13_NO_ATL,2019,13,2019-11-28,REG,ATL,NO,18.0,26.0,-7.0,48.0,-8.0,-1.0,-4.0,0.3302676693108265,0.2609486323551392,0.0,0.40556644628828553,0.47323445107194695,0.5,0.47323445107194695,,,total,0
2019_13_BUF_DAL,2019,13,2019-11-28,REG,DAL,BUF,15.0,26.0,6.5,46.5,-11.0,-17.5,-5.5,0.6531563970942112,0.7271879798201359,0.0,0.44839318930934097,0.4712347769562375,0.5,0.4712347769562375,,,total,0
2019_13_CHI_DET,2019,13,2019-11-28,REG,DET,CHI,20.0,24.0,-5.5,37.5,-4.0,1.5,6.5,0.4161514988733608,0.32135553607946243,1.0,0.4040996140089913,0.473303968083872,0.5,0.473303968083872,,,total,1
2019_13_LA_ARI,2019,13,2019-12-01,REG,ARI,LA,7.0,34.0,-2.5,47.0,-27.0,-24.5,-6.0,0.28559001008461943,0.43316719528772085,0.0,0.43703144853220105,0.4717604530814752,0.5,0.4717604530814752,,,total,0
2019_13_SF_BAL,2019,13,2019-12-01,REG,BAL,SF,20.0,17.0,5.5,45.0,3.0,-2.5,-8.0,0.6900593351379637,0.688252023627215,0.0,0.7177691012397344,0.45823888695958814,0.5,0.45823888695958814,,,total,0
2019_13_WAS_CAR,2019,13,2019-12-01,REG,CAR,WAS,21.0,29.0,10.5,38.5,-8.0,-18.5,11.5,0.7806404948189646,0.8026195304922302,1.0,0.34352058405194563,0.47626504581310797,0.5,0.47626504581310797,,,total,1
2019_13_NYJ_CIN,2019,13,2019-12-01,REG,CIN,NYJ,22.0,6.0,-2.5,43.0,16.0,18.5,-15.0,0.4134764750570167,0.46214743124779806,0.0,0.4069392609723565,0.4731694630924796,0.5,0.4731694630924796,,,total,0
2019_13_LAC_DEN,2019,13,2019-12-01,REG,DEN,LAC,23.0,20.0,-4.5,39.0,3.0,7.5,4.0,0.44207463691993903,0.34385815571062156,1.0,0.4407170670304483,0.4715896151576734,0.5,0.4715896151576734,,,total,1
2019_13_NE_HOU,2019,13,2019-12-01,REG,HOU,NE,28.0,22.0,-3.5,47.0,6.0,9.5,3.0,0.3511774329746977,0.3837038708949329,1.0,0.5910421450608793,0.46467220313027147,0.5,0.46467220313027147,,,total,1
2019_13_TEN_IND,2019,13,2019-12-01,REG,IND,TEN,17.0,31.0,-1.0,41.5,-14.0,-13.0,6.5,0.6215304590665063,0.49070156678599663,1.0,0.5785945152566783,0.46525643298010877,0.5,0.46525643298010877,,,total,1
2019_13_TB_JAX,2019,13,2019-12-01,REG,JAX,TB,11.0,28.0,-3.0,46.5,-17.0,-14.0,-7.5,0.5132929653994357,0.4066985645933015,0.0,0.45071451421277653,0.47112770811460847,0.5,0.47112770811460847,,,total,0
2019_13_OAK_KC,2019,13,2019-12-01,REG,KC,OAK,40.0,9.0,11.5,49.5,31.0,19.5,-0.5,0.8048472700299213,0.7933380591780781,0.0,0.28864261407985226,0.47917188174861547,0.5,0.47917188174861547,,,total,0
2019_13_PHI_MIA,2019,13,2019-12-01,REG,MIA,PHI,37.0,31.0,-10.5,45.0,6.0,16.5,23.0,0.27857101073238266,0.20108991440425786,1.0,0.3510628783603506,0.4758848780549688,0.5,0.4758848780549688,,,total,1
2019_13_GB_NYG,2019,13,2019-12-01,REG,NYG,GB,13.0,31.0,-6.5,43.5,-18.0,-11.5,0.5,0.2666375678846189,0.30096036791559583,1.0,0.6055221240451069,0.46398572083135153,0.5,0.46398572083135153,,,total,1
2019_13_CLE_PIT,2019,13,2019-12-01,REG,PIT,CLE,20.0,13.0,-1.0,40.0,7.0,8.0,-7.0,0.6852960471357481,0.48147562105834224,0.0,0.6236334168345995,0.46311465515204364,0.5,0.46311465515204364,,,total,0
2019_13_MIN_SEA,2019,13,2019-12-02,REG,SEA,MIN,37.0,30.0,2.5,48.0,7.0,4.5,19.0,0.5745088292056073,0.5906658931218978,1.0,0.4427540970270816,0.47149532752993534,0.5,0.47149532752993534,,,total,1
2019_14_DAL_CHI,2019,14,2019-12-05,REG,CHI,DAL,31.0,24.0,-3.0,43.0,7.0,10.0,12.0,0.5886935876284681,0.3900657414170928,1.0,0.4063483288228196,0.47319742875203014,0.5,0.47319742875203014,,,total,1
2019_14_PIT_ARI,2019,14,2019-12-08,REG,ARI,PIT,17.0,23.0,-2.5,43.5,-6.0,-3.5,-3.5,0.25347757383746594,0.4491310290958797,0.0,0.5434839876780604,0.46688225774638703,0.5,0.46688225774638703,,,total,0
2019_14_CAR_ATL,2019,14,2019-12-08,REG,ATL,CAR,40.0,20.0,3.5,48.0,20.0,16.5,12.0,0.6032176296181964,0.6265670845558816,1.0,0.3386148817796792,0.4765144616382562,0.5,0.4765144616382562,,,total,1
2019_14_BAL_BUF,2019,14,2019-12-08,REG,BUF,BAL,17.0,24.0,-6.5,44.0,-7.0,-0.5,-3.0,0.3514052405970419,0.29468911917098445,0.0,0.4519182766035744,0.47107222604737736,0.5,0.47107222604737736,,,total,0
2019_14_CIN_CLE,2019,14,2019-12-08,REG,CLE,CIN,27.0,19.0,6.5,43.0,8.0,1.5,3.0,0.7722273693700411,0.7088665520016411,1.0,0.35809495317485895,0.47553381915330917,0.5,0.47553381915330917,,,total,1
2019_14_WAS_GB,2019,14,2019-12-08,REG,GB,WAS,20.0,15.0,13.0,42.5,5.0,-8.0,-7.5,0.820515671663343,0.8549876092699,0.0,0.43140018939065716,0.47202211915867515,0.5,0.47202211915867515,,,total,0
2019_14_DEN_HOU,2019,14,2019-12-08,REG,HOU,DEN,24.0,38.0,8.0,42.5,-14.0,-22.0,19.5,0.7769708046464651,0.7717353250087524,1.0,0.45666512516984603,0.47085369441429964,0.5,0.47085369441429964,,,total,1
2019_14_LAC_JAX,2019,14,2019-12-08,REG,JAX,LAC,10.0,45.0,-3.5,42.0,-35.0,-31.5,13.0,0.4167348997201139,0.3747984954325632,1.0,0.390277718363028,0.4739632664587458,0.5,0.4739632664587458,,,total,1
2019_14_SEA_LA,2019,14,2019-12-08,REG,LA,SEA,28.0,12.0,1.0,47.5,16.0,15.0,-7.5,0.4854962431398686,0.5327102803738317,0.0,0.3823488401184825,0.47434524867298317,0.5,0.47434524867298317,,,total,0
2019_14_DET_MIN,2019,14,2019-12-08,REG,MIN,DET,20.0,7.0,12.0,43.5,13.0,1.0,-16.5,0.8187139860955913,0.8278976203777234,0.0,0.416698911465694,0.47270938980660476,0.5,0.47270938980660476,,,total,0
2019_14_KC_NE,2019,14,2019-12-08,REG,NE,KC,16.0,23.0,3.0,49.5,-7.0,-10.0,-10.5,0.6835261812135645,0.5850622406639003,0.0,0.3551053664413483,0.4756826811663877,0.5,0.4756826811663877,,,total,0
2019_14_SF_NO,2019,14,2019-12-08,REG,NO,SF,46.0,48.0,1.0,45.0,-2.0,-3.0,49.0,0.6460533542924365,0.5240193918025562,1.0,0.4449387183719931,0.4713943095400398,0.5,0.4713943095400398,,,total,1
2019_14_MIA_NYJ,2019,14,2019-12-08,REG,NYJ,MIA,22.0,21.0,5.0,47.0,1.0,-4.0,-4.0,0.5837104005676685,0.6629225583423975,0.0,0.25698854562250834,0.48099774154781577,0.5,0.48099774154781577,,,total,0
2019_14_TEN_OAK,2019,14,2019-12-08,REG,OAK,TEN,21.0,42.0,-3.0,47.0,-21.0,-18.0,16.0,0.3718640544240188,0.4116032928263426,1.0,0.44074708056506734,0.4715882252493598,0.5,0.4715882252493598,,,total,1
2019_14_IND_TB,2019,14,2019-12-08,REG,TB,IND,38.0,35.0,3.0,46.5,3.0,0.0,26.5,0.53956424398297,0.6084434892689964,1.0,0.3904392597767172,0.4739555140939676,0.5,0.4739555140939676,,,total,1
2019_14_NYG_PHI,2019,14,2019-12-09,REG,PHI,NYG,23.0,17.0,9.5,45.5,6.0,-3.5,-5.5,0.8247599204047528,0.7800741120115687,0.0,0.27980477312291446,0.4796685505483252,0.5,0.4796685505483252,,,total,0
2019_15_NYJ_BAL,2019,15,2019-12-12,REG,BAL,NYJ,42.0,21.0,17.0,44.0,21.0,4.0,19.0,0.9177082949244935,0.8891826646741006,1.0,0.5702745514844797,0.4656443288500907,0.5,0.4656443288500907,,,total,1
2019_15_CLE_ARI,2019,15,2019-12-15,REG,ARI,CLE,38.0,24.0,-3.0,49.0,14.0,17.0,13.0,0.35859818174989466,0.40609137055837563,1.0,0.5209898419695635,0.4679127170945818,0.5,0.4679127170945818,,,total,1
2019_15_SEA_CAR,2019,15,2019-12-15,REG,CAR,SEA,24.0,30.0,-6.0,48.5,-6.0,0.0,5.5,0.30384904629752285,0.3056768558951965,1.0,0.3393788816016596,0.47647550320938953,0.5,0.47647550320938953,,,total,1
2019_15_NE_CIN,2019,15,2019-12-15,REG,CIN,NE,13.0,34.0,-10.5,42.0,-21.0,-10.5,5.0,0.13945803451767452,0.20148417214126596,1.0,0.4213019057083196,0.47249350817472635,0.5,0.47249350817472635,,,total,1
2019_15_LA_DAL,2019,15,2019-12-15,REG,DAL,LA,44.0,21.0,-1.0,48.5,23.0,24.0,16.5,0.4542777992838507,0.478202846975089,1.0,0.665211770459892,0.4610469064265067,0.5,0.4610469064265067,,,total,1
2019_15_TB_DET,2019,15,2019-12-15,REG,DET,TB,17.0,38.0,-5.5,46.0,-21.0,-15.5,9.0,0.4308091883848564,0.3139179553662376,1.0,0.4727961237058731,0.4701136154121298,0.5,0.4701136154121298,,,total,1
2019_15_CHI_GB,2019,15,2019-12-15,REG,GB,CHI,21.0,13.0,4.0,40.0,8.0,4.0,-6.0,0.5822483975307953,0.6668622192423734,0.0,0.6214138072934398,0.4632222365007754,0.5,0.4632222365007754,,,total,0
2019_15_DEN_KC,2019,15,2019-12-15,REG,KC,DEN,23.0,3.0,10.0,43.0,20.0,10.0,-17.0,0.7900357028284481,0.7854392376974285,0.0,0.46956077564420073,0.4702617816840168,0.5,0.4702617816840168,,,total,0
2019_15_MIN_LAC,2019,15,2019-12-15,REG,LAC,MIN,10.0,39.0,-1.0,45.0,-29.0,-28.0,4.0,0.44114788487690837,0.4715960714749275,1.0,0.324163521805066,0.47725985858357245,0.5,0.47725985858357245,,,total,1
2019_15_MIA_NYG,2019,15,2019-12-15,REG,NYG,MIA,36.0,20.0,3.5,47.0,16.0,12.5,9.0,0.5000779158562118,0.6323766526926797,1.0,0.41640124730538125,0.47272337372102075,0.5,0.47272337372102075,,,total,1
2019_15_JAX_OAK,2019,15,2019-12-15,REG,OAK,JAX,16.0,20.0,7.0,47.0,-4.0,-11.0,-11.0,0.6235363760293271,0.7264615702621697,0.0,0.3877886198448035,0.47408286701605074,0.5,0.47408286701605074,,,total,0
2019_15_BUF_PIT,2019,15,2019-12-15,REG,PIT,BUF,10.0,17.0,1.0,37.0,-7.0,-8.0,-10.0,0.6380029053127093,0.5150073206442166,0.0,0.5456402961313898,0.46678313168406516,0.5,0.46678313168406516,,,total,0
2019_15_ATL_SF,2019,15,2019-12-15,REG,SF,ATL,22.0,29.0,10.5,50.0,-7.0,-17.5,1.0,0.7621455638283381,0.7963340122199594,1.0,0.440441672497513,0.4716023694677061,0.5,0.4716023694677061,,,total,1
2019_15_HOU_TEN,2019,15,2019-12-15,REG,TEN,HOU,21.0,24.0,3.0,50.0,-3.0,-6.0,-5.0,0.6187960067207265,0.6069415603678434,0.0,0.4371867666171637,0.4717532471834337,0.5,0.4717532471834337,,,total,0
2019_15_PHI_WAS,2019,15,2019-12-15,REG,WAS,PHI,27.0,37.0,-7.0,38.0,-10.0,-3.0,26.0,0.333756043685261,0.28003075985548675,1.0,0.40018883698673,0.4734897161665285,0.5,0.4734897161665285,,,total,1
2019_15_IND_NO,2019,15,2019-12-16,REG,NO,IND,34.0,7.0,8.0,48.5,27.0,19.0,-7.5,0.7595581078315428,0.7662541740326065,0.0,0.33276677589445136,0.47681412578573645,0.5,0.47681412578573645,,,total,0
2019_16_BUF_NE,2019,16,2019-12-21,REG,NE,BUF,24.0,17.0,7.0,39.5,7.0,0.0,1.5,0.7258829634138554,0.7222420564084255,1.0,0.4633946160932105,0.4705445173502128,0.5,0.4705445173502128,,,total,1
2019_16_LA_SF,2019,16,2019-12-21,REG,SF,LA,34.0,31.0,7.0,45.5,3.0,-4.0,19.5,0.6057507313600092,0.7402276100940128,1.0,0.35138050466229387,0.4758689524908245,0.5,0.4758689524908245,,,total,1
2019_16_HOU_TB,2019,16,2019-12-21,REG,TB,HOU,20.0,23.0,-3.0,50.0,-3.0,0.0,-7.0,0.5238164860215379,0.41493775933609955,0.0,0.3137634067861269,0.4778070584806505,0.5,0.4778070584806505,,,total,0
2019_16_JAX_ATL,2019,16,2019-12-22,REG,ATL,JAX,24.0,12.0,7.5,48.0,12.0,4.5,-12.0,0.7556249412878971,0.7360752537000588,0.0,0.4073753902319419,0.473148831711415,0.5,0.473148831711415,,,total,0
2019_16_KC_CHI,2019,16,2019-12-22,REG,CHI,KC,3.0,26.0,-6.5,45.5,-23.0,-16.5,-16.5,0.40592191225753915,0.2744389633849788,0.0,0.2816153876331426,0.4795660300002068,0.5,0.4795660300002068,,,total,0
2019_16_BAL_CLE,2019,16,2019-12-22,REG,CLE,BAL,15.0,31.0,-9.5,48.5,-16.0,-6.5,-2.5,0.20411058352935016,0.2360978550258703,0.0,0.5563089104773795,0.4662914983207453,0.5,0.4662914983207453,,,total,0
2019_16_DET_DEN,2019,16,2019-12-22,REG,DEN,DET,27.0,17.0,9.5,40.0,10.0,0.5,4.0,0.7046819028085793,0.7759856630824372,1.0,0.45358487454995955,0.4709954554640988,0.5,0.4709954554640988,,,total,1
2019_16_CAR_IND,2019,16,2019-12-22,REG,IND,CAR,38.0,6.0,7.5,46.0,32.0,24.5,-2.0,0.6889546778910962,0.7331798681594643,0.0,0.46490839475664764,0.47047506041597287,0.5,0.47047506041597287,,,total,0
2019_16_OAK_LAC,2019,16,2019-12-22,REG,LAC,OAK,17.0,24.0,7.5,45.0,-7.0,-14.5,-4.0,0.744054100283473,0.7403702653033536,0.0,0.3564926315734636,0.4756135346269048,0.5,0.4756135346269048,,,total,0
2019_16_CIN_MIA,2019,16,2019-12-22,REG,MIA,CIN,38.0,35.0,-1.5,46.0,3.0,4.5,27.0,0.6150134297877461,0.4715960714749275,1.0,0.44393371771255513,0.4714407685219082,0.5,0.4714407685219082,,,total,1
2019_16_PIT_NYJ,2019,16,2019-12-22,REG,NYJ,PIT,16.0,10.0,-3.0,36.5,6.0,9.0,-10.5,0.30933260028567333,0.38514560209200854,0.0,0.5486596144316233,0.46664420408329327,0.5,0.46664420408329327,,,total,0
2019_16_DAL_PHI,2019,16,2019-12-22,REG,PHI,DAL,17.0,9.0,-2.0,47.0,8.0,10.0,-21.0,0.5470471525004398,0.4672897196261682,0.0,0.3443230270770017,0.47622441217603706,0.5,0.47622441217603706,,,total,0
2019_16_ARI_SEA,2019,16,2019-12-22,REG,SEA,ARI,13.0,27.0,8.0,51.0,-14.0,-22.0,-11.0,0.8661221509709218,0.7701094942408874,0.0,0.3728007305456302,0.47480932421956196,0.5,0.47480932421956196,,,total,0
2019_16_NO_TEN,2019,16,2019-12-22,REG,TEN,NO,28.0,38.0,-3.5,49.0,-10.0,-6.5,17.0,0.4302738165059286,0.3761738518578658,1.0,0.5228923103886391,0.46782576380714197,0.5,0.46782576380714197,,,total,1
2019_16_NYG_WAS,2019,16,2019-12-22,REG,WAS,NYG,35.0,41.0,-1.0,42.0,-6.0,-5.0,34.0,0.5891886065504147,0.4837531945965681,1.0,0.36468162412978194,0.47520777448765994,0.5,0.47520777448765994,,,total,1
2019_16_GB_MIN,2019,16,2019-12-23,REG,MIN,GB,10.0,23.0,4.0,47.0,-13.0,-17.0,-14.0,0.6697192520604073,0.6511009958640449,0.0,0.34861471884367656,0.47600785220849806,0.5,0.47600785220849806,,,total,0
2019_17_PIT_BAL,2019,17,2019-12-29,REG,BAL,PIT,28.0,10.0,-2.0,35.0,18.0,20.0,3.0,0.8272542579193033,0.43949878436506445,1.0,0.5489034898665791,0.46663297583450936,0.5,0.46663297583450936,,,total,1
2019_17_NYJ_BUF,2019,17,2019-12-29,REG,BUF,NYJ,6.0,13.0,-1.5,37.0,-7.0,-5.5,-18.0,0.7824488139696261,0.4600722970752547,0.0,0.4267499727604826,0.4722388301992746,0.5,0.4722388301992746,,,total,0
2019_17_NO_CAR,2019,17,2019-12-29,REG,CAR,NO,10.0,42.0,-13.5,45.0,-32.0,-18.5,7.0,0.19800286356817337,0.15879648976180524,1.0,0.30134419434291965,0.47847366336868247,0.5,0.47847366336868247,,,total,1
2019_17_CLE_CIN,2019,17,2019-12-29,REG,CIN,CLE,33.0,23.0,-2.5,44.0,10.0,12.5,12.0,0.3715072651296382,0.4357578877693609,1.0,0.3668760552911578,0.4750997162280655,0.5,0.4750997162280655,,,total,1
2019_17_WAS_DAL,2019,17,2019-12-29,REG,DAL,WAS,47.0,16.0,13.0,47.5,31.0,18.0,15.5,0.8388941166183402,0.8343994395764669,1.0,0.2891957670637823,0.4791411021668201,0.5,0.4791411021668201,,,total,1
2019_17_OAK_DEN,2019,17,2019-12-29,REG,DEN,OAK,16.0,15.0,5.5,41.5,1.0,-4.5,-10.5,0.6867959964720832,0.6700755434503315,0.0,0.5079691744991622,0.468507270839424,0.5,0.468507270839424,,,total,0
2019_17_GB_DET,2019,17,2019-12-29,REG,DET,GB,20.0,23.0,-13.5,44.0,-3.0,10.5,-1.0,0.23254966274048983,0.15934306815499277,0.0,0.5189994683211422,0.46800366048105513,0.5,0.46800366048105513,,,total,0
2019_17_TEN_HOU,2019,17,2019-12-29,REG,HOU,TEN,14.0,35.0,-10.0,43.0,-21.0,-11.0,6.0,0.6352010640569997,0.23784247274509004,1.0,0.4229650496739686,0.47241566851021927,0.5,0.47241566851021927,,,total,1
2019_17_IND_JAX,2019,17,2019-12-29,REG,JAX,IND,38.0,20.0,-5.0,41.5,18.0,23.0,16.5,0.37239114787904465,0.320067869813358,1.0,0.299212842324354,0.47858961417663015,0.5,0.47858961417663015,,,total,1
2019_17_LAC_KC,2019,17,2019-12-29,REG,KC,LAC,31.0,21.0,10.0,46.0,10.0,0.0,6.0,0.8366297710493046,0.7717353250087524,1.0,0.30594787991530725,0.478224796403486,0.5,0.478224796403486,,,total,1
2019_17_ARI_LA,2019,17,2019-12-29,REG,LA,ARI,31.0,24.0,7.0,46.0,7.0,0.0,9.0,0.7659472076574607,0.7098956093365133,1.0,0.2942639774676074,0.47886069800979386,0.5,0.47886069800979386,,,total,1
2019_17_CHI_MIN,2019,17,2019-12-29,REG,MIN,CHI,19.0,21.0,-5.5,36.5,-2.0,3.5,3.5,0.7020223550608942,0.32135553607946243,1.0,0.5968364993349307,0.46439845230545823,0.5,0.46439845230545823,,,total,1
2019_17_MIA_NE,2019,17,2019-12-29,REG,NE,MIA,24.0,27.0,17.5,46.0,-3.0,-20.5,5.0,0.9160347825959626,0.889941642844805,1.0,0.3500358422337905,0.47593641865306596,0.5,0.47593641865306596,,,total,1
2019_17_PHI_NYG,2019,17,2019-12-29,REG,NYG,PHI,17.0,34.0,-4.0,44.0,-17.0,-13.0,7.0,0.2917238849997052,0.35287987874194765,1.0,0.5737688972220474,0.46548164792854846,0.5,0.46548164792854846,,,total,1
2019_17_ATL_TB,2019,17,2019-12-29,REG,TB,ATL,22.0,28.0,1.0,48.0,-6.0,-7.0,2.0,0.5572710420775089,0.5327102803738317,1.0,0.4873262723880778,0.4694493665395683,0.5,0.4694493665395683,,,total,1
2019_18_BUF_HOU,2019,18,2020-01-04,WC,HOU,BUF,22.0,19.0,2.5,43.0,3.0,0.5,-2.0,0.6060757496050037,0.5757997218358832,0.0,0.4663689502616971,0.47040807473671264,0.5,0.47040807473671264,,,total,0
2019_18_TEN_NE,2019,18,2020-01-04,WC,NE,TEN,13.0,20.0,4.5,45.0,-7.0,-11.5,-12.0,0.6845660764829496,0.6640273913973893,0.0,0.39255698745323253,0.47385399147020546,0.5,0.47385399147020546,,,total,0
2019_18_MIN_NO,2019,18,2020-01-05,WC,NO,MIN,20.0,26.0,7.5,50.0,-6.0,-13.5,-4.0,0.7073403172701962,0.7573333333333334,0.0,0.4508762554468674,0.4711202517991515,0.5,0.4711202517991515,,,total,0
2019_18_SEA_PHI,2019,18,2020-01-05,WC,PHI,SEA,9.0,17.0,1.0,44.0,-8.0,-9.0,-18.0,0.603805379887418,0.5305667495498585,0.0,0.500466962452313,0.46884960390883224,0.5,0.46884960390883224,,,total,0
2019_19_TEN_BAL,2019,19,2020-01-11,DIV,BAL,TEN,12.0,28.0,10.0,47.5,-16.0,-26.0,-7.5,0.7491889047329573,0.7896823383890214,0.0,0.4877458800573307,0.4694302056339457,0.5,0.4694302056339457,,,total,0
2019_19_MIN_SF,2019,19,2020-01-11,DIV,SF,MIN,27.0,10.0,7.0,44.5,17.0,10.0,-7.5,0.5653499600975299,0.7416762342135478,0.0,0.3552897288534573,0.4756734848273563,0.5,0.4756734848273563,,,total,0
2019_19_SEA_GB,2019,19,2020-01-12,DIV,GB,SEA,28.0,23.0,4.5,46.0,5.0,0.5,5.0,0.6352180945501108,0.6724890829694323,1.0,0.605285669380116,0.4639969969502469,0.5,0.4639969969502469,,,total,1
2019_19_HOU_KC,2019,19,2020-01-12,DIV,KC,HOU,51.0,31.0,10.0,50.5,20.0,10.0,31.5,0.7610353172026469,0.7963968410661403,1.0,0.44021439753490693,0.4716128965288182,0.5,0.4716128965288182,,,total,1
2019_20_TEN_KC,2019,20,2020-01-19,CON,KC,TEN,35.0,24.0,7.5,51.0,11.0,3.5,8.0,0.6360211649037928,0.748535521515462,1.0,0.4217972037357836,0.4724703180835054,0.5,0.4724703180835054,,,total,1
2019_20_GB_SF,2019,20,2020-01-19,CON,SF,GB,37.0,20.0,8.0,46.5,17.0,9.0,10.5,0.5941049514683798,0.7661538461538461,1.0,0.5263838433321024,0.467666105762175,0.5,0.467666105762175,,,total,1
2019_21_SF_KC,2019,21,2020-02-02,SB,KC,SF,31.0,20.0,1.5,52.5,11.0,9.5,-1.5,0.5779483525639588,0.5419847328244275,0.0,0.4647012682222017,0.4704845621859494,0.5,0.4704845621859494,,,total,0
2020_01_HOU_KC,2020,1,2020-09-10,REG,KC,HOU,34.0,20.0,9.5,53.5,14.0,4.5,0.5,0.7827653688847164,0.7840868276451428,1.0,0.5152614407865267,0.5110101589680504,0.5,0.5110101589680504,,,total,1
2020_01_SEA_ATL,2020,1,2020-09-13,REG,ATL,SEA,25.0,38.0,1.0,49.5,-13.0,-14.0,13.5,0.5565915301761533,0.5162468054034319,1.0,0.3190774333556092,0.44373722580586455,0.5,0.44373722580586455,,,total,1
2020_01_CLE_BAL,2020,1,2020-09-13,REG,BAL,CLE,38.0,6.0,7.0,47.0,32.0,25.0,-3.0,0.8318713286032925,0.7300564061240935,0.0,0.4011611411356095,0.47298237306442,0.5,0.47298237306442,,,total,0
2020_01_NYJ_BUF,2020,1,2020-09-13,REG,BUF,NYJ,27.0,17.0,6.5,39.5,10.0,3.5,4.5,0.6619171111942942,0.7157173074903613,1.0,0.296720524283087,0.4352136170742702,0.5,0.4352136170742702,,,total,1
2020_01_LV_CAR,2020,1,2020-09-13,REG,CAR,LV,30.0,34.0,-3.0,48.0,-4.0,-1.0,16.0,0.4407393127135314,0.43566205072351016,1.0,0.4964804591253935,0.5048179918665497,0.5,0.5048179918665497,,,total,1
2020_01_LAC_CIN,2020,1,2020-09-13,REG,CIN,LAC,13.0,16.0,-2.5,41.5,-3.0,-0.5,-12.5,0.42830271414432264,0.4499636492248442,0.0,0.5179895727548945,0.5119101668860253,0.5,0.5119101668860253,,,total,0
2020_01_CHI_DET,2020,1,2020-09-13,REG,DET,CHI,23.0,27.0,2.5,42.5,-4.0,-6.5,7.5,0.3828660760836833,0.5480494766888677,1.0,0.5572521378232261,0.524917483854807,0.5,0.524917483854807,,,total,1
2020_01_IND_JAX,2020,1,2020-09-13,REG,JAX,IND,27.0,20.0,-7.0,44.0,7.0,14.0,3.0,0.5051302246153326,0.26612876988645606,1.0,0.4449549908082473,0.48775845757118386,0.5,0.48775845757118386,,,total,1
2020_01_DAL_LA,2020,1,2020-09-13,REG,LA,DAL,20.0,17.0,1.0,52.0,3.0,2.0,-15.0,0.6040819740751093,0.5195545777019441,0.0,0.5108878220825541,0.5095677637074706,0.5,0.5095677637074706,,,total,0
2020_01_GB_MIN,2020,1,2020-09-13,REG,MIN,GB,34.0,43.0,1.0,45.0,-9.0,-10.0,32.0,0.5666284636713008,0.5195545777019441,1.0,0.355071214226021,0.45689185286476197,0.5,0.45689185286476197,,,total,1
2020_01_MIA_NE,2020,1,2020-09-13,REG,NE,MIA,21.0,11.0,7.5,41.5,10.0,2.5,-9.5,0.8090686617928144,0.7432443808401381,0.0,0.5569696463101963,0.5248233467793693,0.5,0.5248233467793693,,,total,0
2020_01_TB_NO,2020,1,2020-09-13,REG,NO,TB,34.0,23.0,4.0,48.5,11.0,7.0,8.5,0.7405126676839764,0.644674925573802,1.0,0.5752077756046937,0.530925144551883,0.5,0.530925144551883,,,total,1
2020_01_ARI_SF,2020,1,2020-09-13,REG,SF,ARI,20.0,24.0,7.0,48.5,-4.0,-11.0,-4.5,0.8030455456436632,0.7159090909090909,0.0,0.487925592286793,0.5019967785284954,0.5,0.5019967785284954,,,total,0
2020_01_PHI_WAS,2020,1,2020-09-13,REG,WAS,PHI,27.0,17.0,-5.5,41.5,10.0,15.5,2.5,0.3262030946471543,0.32440476190476186,1.0,0.4879392890738285,0.5020012970107497,0.5,0.5020012970107497,,,total,1
2020_01_TEN_DEN,2020,1,2020-09-14,REG,DEN,TEN,14.0,16.0,-3.0,41.0,-2.0,1.0,-11.0,0.4010424165678628,0.3794411866160745,0.0,0.3415584374760582,0.4520252942996394,0.5,0.4520252942996394,,,total,0
2020_01_PIT_NYG,2020,1,2020-09-14,REG,NYG,PIT,16.0,26.0,-6.0,44.0,-10.0,-4.0,-2.0,0.38048253605616583,0.3029704839803284,0.0,0.47578318951494125,0.4979878904872321,0.5,0.4979878904872321,,,total,0
2020_02_CIN_CLE,2020,2,2020-09-17,REG,CLE,CIN,35.0,30.0,6.0,44.5,5.0,-1.0,20.5,0.6645384080722267,0.6891961688670611,1.0,0.37858628455329635,0.46518819961244356,0.5,0.46518819961244356,,,total,1
2020_02_WAS_ARI,2020,2,2020-09-20,REG,ARI,WAS,30.0,15.0,7.5,46.5,15.0,7.5,-1.5,0.679038403210456,0.7360752537000588,0.0,0.3845096384263712,0.46724787738928947,0.5,0.46724787738928947,,,total,0
2020_02_NYG_CHI,2020,2,2020-09-20,REG,CHI,NYG,17.0,13.0,4.5,42.5,4.0,-0.5,-12.5,0.7985587087100982,0.6711332625214478,0.0,0.45645339108090227,0.4915852943230665,0.5,0.4915852943230665,,,total,0
2020_02_ATL_DAL,2020,2,2020-09-20,REG,DAL,ATL,40.0,39.0,3.0,53.0,1.0,-2.0,26.0,0.6033209217748698,0.5775497887748944,1.0,0.5579754927059469,0.5251585819477805,0.5,0.5251585819477805,,,total,1
2020_02_DET_GB,2020,2,2020-09-20,REG,GB,DET,42.0,21.0,7.0,51.0,21.0,14.0,12.0,0.8414569959783553,0.7184337879454465,1.0,0.393504377348965,0.470355168625253,0.5,0.470355168625253,,,total,1
2020_02_BAL_HOU,2020,2,2020-09-20,REG,HOU,BAL,16.0,33.0,-7.5,49.5,-17.0,-9.5,-0.5,0.37869716639443285,0.24770150852450237,0.0,0.6813492128923758,0.5681935173668387,0.5,0.5681935173668387,,,total,0
2020_02_MIN_IND,2020,2,2020-09-20,REG,IND,MIN,28.0,11.0,3.5,49.0,17.0,13.5,-10.0,0.44504571720033603,0.6219592373438527,0.0,0.4692462321004795,0.4958261342016892,0.5,0.4958261342016892,,,total,0
2020_02_KC_LAC,2020,2,2020-09-20,REG,LAC,KC,20.0,23.0,-8.5,47.0,-3.0,5.5,-4.0,0.27082946733205726,0.2360978550258703,0.0,0.40695634904614075,0.4749607798033453,0.5,0.4749607798033453,,,total,0
2020_02_BUF_MIA,2020,2,2020-09-20,REG,MIA,BUF,28.0,31.0,-5.5,42.5,-3.0,2.5,16.5,0.3908757873309872,0.3098652446494199,1.0,0.4169717702114457,0.4783612715032599,0.5,0.4783612715032599,,,total,1
2020_02_SF_NYJ,2020,2,2020-09-20,REG,NYJ,SF,13.0,31.0,-7.0,41.5,-18.0,-11.0,2.5,0.353574333001523,0.27065517450846727,1.0,0.4284463334972598,0.4822312802061453,0.5,0.4822312802061453,,,total,1
2020_02_LA_PHI,2020,2,2020-09-20,REG,PHI,LA,19.0,37.0,2.0,46.0,-18.0,-20.0,10.0,0.4772369500777027,0.537852568752202,1.0,0.46573303123211474,0.49466299136914066,0.5,0.49466299136914066,,,total,1
2020_02_DEN_PIT,2020,2,2020-09-20,REG,PIT,DEN,26.0,21.0,6.0,41.0,5.0,-1.0,6.0,0.64599887336437,0.7072057697217258,1.0,0.6033367050611956,0.5404586525701399,0.5,0.5404586525701399,,,total,1
2020_02_NE_SEA,2020,2,2020-09-20,REG,SEA,NE,35.0,30.0,4.0,45.0,5.0,1.0,20.0,0.5531319382331581,0.648330451760112,1.0,0.7189827368677193,0.5826466724979458,0.5,0.5826466724979458,,,total,1
2020_02_CAR_TB,2020,2,2020-09-20,REG,TB,CAR,31.0,17.0,7.5,47.0,14.0,6.5,1.0,0.6978566405656754,0.7510980966325037,1.0,0.4211601735418785,0.4797768955272487,0.5,0.4797768955272487,,,total,1
2020_02_JAX_TEN,2020,2,2020-09-20,REG,TEN,JAX,33.0,30.0,7.0,44.5,3.0,-4.0,18.5,0.7898383290992804,0.7255610366150211,1.0,0.48552330795491455,0.5012041772969258,0.5,0.5012041772969258,,,total,1
2020_02_NO_LV,2020,2,2020-09-21,REG,LV,NO,34.0,24.0,-4.0,47.5,10.0,14.0,10.5,0.4114527231376242,0.3484602917341977,1.0,0.368680240244137,0.4617177574687586,0.5,0.4617177574687586,,,total,1
2020_03_MIA_JAX,2020,3,2020-09-24,REG,JAX,MIA,13.0,31.0,3.0,49.0,-18.0,-21.0,-5.0,0.6647518130929063,0.5649948822927329,0.0,0.39598880110364226,0.47120935628639077,0.5,0.47120935628639077,,,total,0
2020_03_DET_ARI,2020,3,2020-09-27,REG,ARI,DET,23.0,26.0,4.5,55.5,-3.0,-7.5,-6.5,0.7148430240881722,0.6676212973221565,0.0,0.36704274712080903,0.4611407797312236,0.5,0.4611407797312236,,,total,0
2020_03_CHI_ATL,2020,3,2020-09-27,REG,ATL,CHI,26.0,30.0,2.5,46.0,-4.0,-6.5,10.0,0.517203183785937,0.5605012156349355,1.0,0.482001238538377,0.5000416989096396,0.5,0.5000416989096396,,,total,1
2020_03_LA_BUF,2020,3,2020-09-27,REG,BUF,LA,35.0,32.0,1.5,46.5,3.0,1.5,20.5,0.490133102926332,0.5440238883060285,1.0,0.4440026625614458,0.48744074407358884,0.5,0.48744074407358884,,,total,1
2020_03_WAS_CLE,2020,3,2020-09-27,REG,CLE,WAS,34.0,20.0,7.5,45.0,14.0,6.5,9.0,0.6600344620503164,0.745785705017046,1.0,0.2936496196081351,0.4340177676174253,0.5,0.4340177676174253,,,total,1
2020_03_TB_DEN,2020,3,2020-09-27,REG,DEN,TB,10.0,28.0,-6.0,42.5,-18.0,-12.0,-4.5,0.5386144819851344,0.29468911917098445,0.0,0.3738989191987869,0.4635502304544228,0.5,0.4635502304544228,,,total,0
2020_03_NYJ_IND,2020,3,2020-09-27,REG,IND,NYJ,36.0,7.0,12.5,44.0,29.0,16.5,-1.0,0.6875690529217623,0.8360766173399501,0.0,0.5284937822971633,0.5153785048754234,0.5,0.5153785048754234,,,total,0
2020_03_CAR_LAC,2020,3,2020-09-27,REG,LAC,CAR,16.0,21.0,6.0,43.5,-5.0,-11.0,-6.5,0.7046828691390252,0.7055264219443325,0.0,0.5923532471461058,0.5367153974367848,0.5,0.5367153974367848,,,total,0
2020_03_TEN_MIN,2020,3,2020-09-27,REG,MIN,TEN,30.0,31.0,-3.0,49.5,-1.0,2.0,11.5,0.4225728605463265,0.40770645135502437,1.0,0.3359686674059439,0.44998813471463994,0.5,0.44998813471463994,,,total,1
2020_03_LV_NE,2020,3,2020-09-27,REG,NE,LV,36.0,20.0,7.0,47.0,16.0,9.0,9.0,0.6348507593916367,0.7347120560783859,1.0,0.5167139896079098,0.5114893218130404,0.5,0.5114893218130404,,,total,1
2020_03_GB_NO,2020,3,2020-09-27,REG,NO,GB,30.0,37.0,3.5,52.0,-7.0,-10.5,15.0,0.5526775881367226,0.6162961291050671,1.0,0.6213044872672991,0.546651017629672,0.5,0.546651017629672,,,total,1
2020_03_SF_NYG,2020,3,2020-09-27,REG,NYG,SF,9.0,36.0,-3.0,44.0,-27.0,-24.0,1.0,0.23660944198808068,0.4166248368637687,1.0,0.6480700243588028,0.556068737496835,0.5,0.556068737496835,,,total,1
2020_03_CIN_PHI,2020,3,2020-09-27,REG,PHI,CIN,23.0,23.0,5.5,46.5,0.0,-5.5,-0.5,0.7410711828001932,0.6809275140133186,0.0,0.534377103303828,0.5173239107696455,0.5,0.5173239107696455,,,total,0
2020_03_HOU_PIT,2020,3,2020-09-27,REG,PIT,HOU,28.0,21.0,4.0,46.5,7.0,3.0,2.5,0.6423639482067459,0.644674925573802,1.0,0.49696288054879056,0.5049770410284353,0.5,0.5049770410284353,,,total,1
2020_03_DAL_SEA,2020,3,2020-09-27,REG,SEA,DAL,38.0,31.0,5.5,58.0,7.0,1.5,11.0,0.6698644242623056,0.6841493589262952,1.0,0.6071081731989736,0.5417509662276128,0.5,0.5417509662276128,,,total,1
2020_03_KC_BAL,2020,3,2020-09-28,REG,BAL,KC,20.0,34.0,3.5,55.0,-14.0,-17.5,-1.0,0.5302687833557685,0.6191482263983098,0.0,0.5282543000529674,0.5152993654288809,0.5,0.5152993654288809,,,total,0
2020_04_DEN_NYJ,2020,4,2020-10-01,REG,NYJ,DEN,28.0,37.0,1.0,41.0,-9.0,-10.0,24.0,0.5099999916884436,0.5207810820494446,1.0,0.46185668235252497,0.4933783745262837,0.5,0.4933783745262837,,,total,1
2020_04_ARI_CAR,2020,4,2020-10-04,REG,CAR,ARI,31.0,21.0,-3.0,52.5,10.0,13.0,-0.5,0.5073933067285296,0.4044887231062215,0.0,0.48598419146216976,0.5013562561500313,0.5,0.5013562561500313,,,total,0
2020_04_IND_CHI,2020,4,2020-10-04,REG,CHI,IND,11.0,19.0,-3.5,43.5,-8.0,-4.5,-13.5,0.6489615438466841,0.3808517736016902,0.0,0.3877836485425009,0.46838165907347207,0.5,0.46838165907347207,,,total,0
2020_04_JAX_CIN,2020,4,2020-10-04,REG,CIN,JAX,33.0,25.0,1.0,50.0,8.0,7.0,8.0,0.4969004801988857,0.5150073206442166,1.0,0.47100236427038983,0.4964071828294532,0.5,0.4964071828294532,,,total,1
2020_04_CLE_DAL,2020,4,2020-10-04,REG,DAL,CLE,38.0,49.0,3.5,56.5,-11.0,-14.5,30.5,0.6788450291183817,0.6205588133839255,1.0,0.3847242732545101,0.4673223044374703,0.5,0.4673223044374703,,,total,1
2020_04_NO_DET,2020,4,2020-10-04,REG,DET,NO,29.0,35.0,-3.0,51.5,-6.0,-3.0,12.5,0.31585001966359066,0.40770645135502437,1.0,0.6442107600758412,0.5546945174913912,0.5,0.5546945174913912,,,total,1
2020_04_MIN_HOU,2020,4,2020-10-04,REG,HOU,MIN,23.0,31.0,3.5,52.5,-8.0,-11.5,1.5,0.533859824907451,0.6162961291050671,1.0,0.6275889639097503,0.5488397801855854,0.5,0.5488397801855854,,,total,1
2020_04_NYG_LA,2020,4,2020-10-04,REG,LA,NYG,17.0,9.0,13.5,49.5,8.0,-5.5,-23.5,0.8481941352118179,0.8711407299422085,0.0,0.498167710196569,0.5053742484569568,0.5,0.5053742484569568,,,total,0
2020_04_SEA_MIA,2020,4,2020-10-04,REG,MIA,SEA,23.0,31.0,-4.5,55.0,-8.0,-3.5,-1.0,0.312237951978146,0.3285592220368638,0.0,0.5708722591355292,0.5294698456718834,0.5,0.5294698456718834,,,total,0
2020_04_PHI_SF,2020,4,2020-10-04,REG,SF,PHI,20.0,25.0,8.5,45.5,-5.0,-13.5,-0.5,0.7759001859982844,0.7397124442240952,0.0,0.5017799082651364,0.5065650491998602,0.5,0.5065650491998602,,,total,0
2020_04_LAC_TB,2020,4,2020-10-04,REG,TB,LAC,38.0,31.0,7.5,42.5,7.0,-0.5,26.5,0.6903311959748627,0.745785705017046,1.0,0.7746419315961319,0.6061140035737529,0.5,0.6061140035737529,,,total,1
2020_04_BAL_WAS,2020,4,2020-10-04,REG,WAS,BAL,17.0,31.0,-14.5,45.0,-14.0,0.5,3.0,0.19432006116876174,0.12237778415242397,1.0,0.42806708288830647,0.4821037726087183,0.5,0.4821037726087183,,,total,1
2020_04_ATL_GB,2020,4,2020-10-05,REG,GB,ATL,30.0,16.0,5.0,56.5,14.0,9.0,-10.5,0.7743855503512121,0.6700755434503315,0.0,0.6434162496398645,0.5544123357030684,0.5,0.5544123357030684,,,total,0
2020_04_NE_KC,2020,4,2020-10-05,REG,KC,NE,26.0,10.0,7.0,52.5,16.0,9.0,-16.5,0.750741962329091,0.7279106401260202,0.0,0.3691940883140964,0.4618986148551759,0.5,0.4618986148551759,,,total,0
2020_05_TB_CHI,2020,5,2020-10-08,REG,CHI,TB,20.0,19.0,-3.5,44.0,1.0,4.5,-5.0,0.5662579217850616,0.3689461650384535,0.0,0.46940004536159613,0.49587703558028096,0.5,0.49587703558028096,,,total,0
2020_05_CAR_ATL,2020,5,2020-10-11,REG,ATL,CAR,16.0,23.0,2.5,53.5,-7.0,-9.5,-14.5,0.6444174636602219,0.5668328047122791,0.0,0.28107816006016173,0.4290520516192001,0.5,0.4290520516192001,,,total,0
2020_05_CIN_BAL,2020,5,2020-10-11,REG,BAL,CIN,27.0,3.0,12.5,49.0,24.0,11.5,-19.0,0.8813677254319677,0.8502780289413667,0.0,0.4252541438780136,0.4811572122392447,0.5,0.4811572122392447,,,total,0
2020_05_IND_CLE,2020,5,2020-10-11,REG,CLE,IND,32.0,23.0,1.0,48.5,9.0,8.0,6.5,0.4903775552430284,0.5103878116343491,1.0,0.4578287194774198,0.4920419835642855,0.5,0.4920419835642855,,,total,1
2020_05_NYG_DAL,2020,5,2020-10-11,REG,DAL,NYG,37.0,34.0,7.5,52.0,3.0,-4.5,19.0,0.7679028173420058,0.7531355103799062,1.0,0.5884022917860185,0.5353757337065108,0.5,0.5353757337065108,,,total,1
2020_05_JAX_HOU,2020,5,2020-10-11,REG,HOU,JAX,30.0,14.0,6.5,55.0,16.0,9.5,-11.0,0.6837576125788748,0.7166928161923811,0.0,0.46718369828918804,0.4951433985305853,0.5,0.4951433985305853,,,total,0
2020_05_LV_KC,2020,5,2020-10-11,REG,KC,LV,32.0,40.0,11.0,54.5,-8.0,-19.0,17.5,0.8551395748760974,0.8009757715644134,1.0,0.4610829654852845,0.4931217977083283,0.5,0.4931217977083283,,,total,1
2020_05_ARI_NYJ,2020,5,2020-10-11,REG,NYJ,ARI,10.0,30.0,-7.0,48.5,-20.0,-13.0,-8.5,0.4868741081219858,0.2744389633849788,0.0,0.44036320343645313,0.48622536597265004,0.5,0.48622536597265004,,,total,0
2020_05_PHI_PIT,2020,5,2020-10-11,REG,PIT,PHI,38.0,29.0,7.5,44.0,9.0,1.5,23.0,0.6648612091013181,0.7645462526937505,1.0,0.6656833796747573,0.5624205921978894,0.5,0.5624205921978894,,,total,1
2020_05_MIN_SEA,2020,5,2020-10-11,REG,SEA,MIN,27.0,26.0,6.5,54.0,1.0,-5.5,-1.0,0.6952261487594795,0.7184337879454465,0.0,0.5367183902867947,0.5180987981742924,0.5,0.5180987981742924,,,total,0
2020_05_MIA_SF,2020,5,2020-10-11,REG,SF,MIA,17.0,43.0,8.5,50.5,-26.0,-34.5,9.5,0.799110267180136,0.7580179712692672,1.0,0.5783206516313444,0.5319721014987426,0.5,0.5319721014987426,,,total,1
2020_05_LA_WAS,2020,5,2020-10-11,REG,WAS,LA,10.0,30.0,-7.0,45.0,-20.0,-13.0,-5.0,0.24913853941704792,0.2683718772778477,0.0,0.5935680248157935,0.537127996187183,0.5,0.537127996187183,,,total,0
2020_05_LAC_NO,2020,5,2020-10-12,REG,NO,LAC,30.0,27.0,7.0,49.5,3.0,-4.0,7.5,0.7742133393190042,0.7497605909982216,1.0,0.39400840095245343,0.47052859833798366,0.5,0.47052859833798366,,,total,1
2020_05_BUF_TEN,2020,5,2020-10-13,REG,TEN,BUF,42.0,16.0,-3.0,52.0,26.0,29.0,6.0,0.6659033081071178,0.38953488372093026,1.0,0.4723427136836109,0.49685050813407877,0.5,0.49685050813407877,,,total,1
2020_06_CHI_CAR,2020,6,2020-10-18,REG,CAR,CHI,16.0,23.0,2.0,45.0,-7.0,-9.0,-6.0,0.4587325034967772,0.5399277029247453,0.0,0.5822597986217458,0.5332995683869176,0.5,0.5332995683869176,,,total,0
2020_06_CIN_IND,2020,6,2020-10-18,REG,IND,CIN,31.0,27.0,7.5,46.0,4.0,-3.5,12.0,0.7728402463516996,0.7498863119599818,1.0,0.4311983439398336,0.4831557636444765,0.5,0.4831557636444765,,,total,1
2020_06_DET_JAX,2020,6,2020-10-18,REG,JAX,DET,16.0,34.0,-3.0,52.5,-18.0,-15.0,-2.5,0.5540798142241168,0.40832074076455643,0.0,0.5015394239679485,0.506485772546721,0.5,0.506485772546721,,,total,0
2020_06_NYJ_MIA,2020,6,2020-10-18,REG,MIA,NYJ,24.0,0.0,9.5,46.0,24.0,14.5,-22.0,0.7442073133859436,0.7796024200518582,0.0,0.44220640086826285,0.48684113166978843,0.5,0.48684113166978843,,,total,0
2020_06_ATL_MIN,2020,6,2020-10-18,REG,MIN,ATL,23.0,40.0,3.5,53.0,-17.0,-20.5,10.0,0.6925804308915684,0.6354245784596689,1.0,0.5602381021858299,0.5259131799536825,0.5,0.5259131799536825,,,total,1
2020_06_DEN_NE,2020,6,2020-10-18,REG,NE,DEN,12.0,18.0,7.0,43.5,-6.0,-13.0,-13.5,0.7459056393384016,0.7443860487338748,0.0,0.47798775799402343,0.4987163013490288,0.5,0.4987163013490288,,,total,0
2020_06_WAS_NYG,2020,6,2020-10-18,REG,NYG,WAS,20.0,19.0,2.0,42.5,1.0,-1.0,-3.5,0.5772239007050195,0.5480494766888677,0.0,0.6381265385296305,0.5525397803667889,0.5,0.5525397803667889,,,total,0
2020_06_BAL_PHI,2020,6,2020-10-18,REG,PHI,BAL,28.0,30.0,-10.5,46.5,-2.0,8.5,11.5,0.3175667328925261,0.2163676758298239,1.0,0.5096084934641558,0.5091459307944758,0.5,0.5091459307944758,,,total,1
2020_06_CLE_PIT,2020,6,2020-10-18,REG,PIT,CLE,38.0,7.0,3.0,50.0,31.0,28.0,-5.0,0.6710712617789375,0.5986798270759409,0.0,0.27659491922430257,0.4272522622566636,0.5,0.4272522622566636,,,total,0
2020_06_LA_SF,2020,6,2020-10-18,REG,SF,LA,24.0,16.0,-2.0,51.0,8.0,10.0,-11.0,0.4837359247934239,0.4600722970752547,0.0,0.40396892180542426,0.4739419512417183,0.5,0.4739419512417183,,,total,0
2020_06_GB_TB,2020,6,2020-10-18,REG,TB,GB,38.0,10.0,-3.0,55.0,28.0,31.0,-7.0,0.4061079380020274,0.4224502112251056,0.0,0.5099829209235832,0.5092693875606711,0.5,0.5092693875606711,,,total,0
2020_06_HOU_TEN,2020,6,2020-10-18,REG,TEN,HOU,42.0,36.0,4.0,52.0,6.0,2.0,26.0,0.794409366586184,0.6379977530895019,1.0,0.48651385042168904,0.5015310189978626,0.5,0.5015310189978626,,,total,1
2020_06_KC_BUF,2020,6,2020-10-19,REG,BUF,KC,17.0,26.0,-5.5,55.0,-9.0,-3.5,-12.0,0.349167064883301,0.32135553607946243,0.0,0.46816910230511133,0.49546962769766156,0.5,0.49546962769766156,,,total,0
2020_06_ARI_DAL,2020,6,2020-10-19,REG,DAL,ARI,10.0,38.0,1.0,55.5,-28.0,-29.0,-7.5,0.6191639451149067,0.5195545777019441,0.0,0.4574252789370102,0.4919080387993721,0.5,0.4919080387993721,,,total,0
2020_07_NYG_PHI,2020,7,2020-10-22,REG,PHI,NYG,22.0,21.0,5.0,44.5,1.0,-4.0,-1.5,0.756840877412286,0.6721843886695558,0.0,0.5139279228497611,0.5105703189509431,0.5,0.5105703189509431,,,total,0
2020_07_SEA_ARI,2020,7,2020-10-25,REG,ARI,SEA,37.0,34.0,-3.5,55.5,3.0,6.5,15.5,0.3980502678556027,0.36630974947487066,1.0,0.4344278112360096,0.48423897104502545,0.5,0.48423897104502545,,,total,1
2020_07_DET_ATL,2020,7,2020-10-25,REG,ATL,DET,22.0,23.0,1.0,54.0,-1.0,-2.0,-9.0,0.6812637937495366,0.5172913928296243,0.0,0.5111022189892772,0.5096384599149192,0.5,0.5096384599149192,,,total,0
2020_07_CLE_CIN,2020,7,2020-10-25,REG,CIN,CLE,34.0,37.0,-4.5,50.0,-3.0,1.5,21.0,0.39621542930334624,0.34927302475080935,1.0,0.41672289317683053,0.4782770397245931,0.5,0.4782770397245931,,,total,1
2020_07_KC_DEN,2020,7,2020-10-25,REG,DEN,KC,16.0,43.0,-7.0,46.0,-27.0,-20.0,13.0,0.2624582046496854,0.26994359387590655,1.0,0.5662864336575153,0.52793394605372,0.5,0.52793394605372,,,total,1
2020_07_GB_HOU,2020,7,2020-10-25,REG,HOU,GB,20.0,35.0,-2.5,55.5,-15.0,-12.5,-0.5,0.3698948817223462,0.43026174256005734,0.0,0.5744657361172153,0.5306758323767561,0.5,0.5306758323767561,,,total,0
2020_07_JAX_LAC,2020,7,2020-10-25,REG,LAC,JAX,39.0,29.0,8.0,48.0,10.0,2.0,20.0,0.7071434142555222,0.7717353250087524,1.0,0.6964815957571767,0.5738968926047984,0.5,0.5738968926047984,,,total,1
2020_07_TB_LV,2020,7,2020-10-25,REG,LV,TB,20.0,45.0,-3.5,51.5,-25.0,-21.5,13.5,0.5339642947723079,0.35946425054165854,1.0,0.5849908002967539,0.5342216893275308,0.5,0.5342216893275308,,,total,1
2020_07_SF_NE,2020,7,2020-10-25,REG,NE,SF,6.0,33.0,3.0,44.0,-27.0,-30.0,-5.0,0.5856366099272318,0.6099342585829073,0.0,0.6109599570163694,0.5430747449614951,0.5,0.5430747449614951,,,total,0
2020_07_CAR_NO,2020,7,2020-10-25,REG,NO,CAR,27.0,24.0,7.0,49.5,3.0,-4.0,1.5,0.7768068663747167,0.7382412574463144,1.0,0.34886680961950545,0.45466718554515456,0.5,0.45466718554515456,,,total,1
2020_07_BUF_NYJ,2020,7,2020-10-25,REG,NYJ,BUF,10.0,18.0,-9.5,47.0,-8.0,1.5,-19.0,0.28795496872360016,0.22725484478632957,0.0,0.43517269574482365,0.48448856847940924,0.5,0.48448856847940924,,,total,0
2020_07_DAL_WAS,2020,7,2020-10-25,REG,WAS,DAL,25.0,3.0,-1.0,44.5,22.0,23.0,-16.5,0.3991315328110333,0.48837209302325585,0.0,0.6654231074225776,0.5623257122588382,0.5,0.5623257122588382,,,total,0
2020_07_CHI_LA,2020,7,2020-10-26,REG,LA,CHI,24.0,10.0,6.5,44.0,14.0,7.5,-10.0,0.604947815205326,0.7231682018677297,0.0,0.5635260948543354,0.5270110369656394,0.5,0.5270110369656394,,,total,0
2020_08_ATL_CAR,2020,8,2020-10-29,REG,CAR,ATL,17.0,25.0,1.5,52.0,-8.0,-9.5,-10.0,0.5082775262407107,0.521797153024911,0.0,0.4434040423773588,0.4872409688844483,0.5,0.4872409688844483,,,total,0
2020_08_PIT_BAL,2020,8,2020-11-01,REG,BAL,PIT,24.0,28.0,4.0,44.0,-4.0,-8.0,8.0,0.6595601987066786,0.6495327102803738,1.0,0.4538369764847688,0.4907159167089602,0.5,0.4907159167089602,,,total,1
2020_08_NE_BUF,2020,8,2020-11-01,REG,BUF,NE,24.0,21.0,4.0,41.0,3.0,-1.0,4.0,0.6117401461977146,0.6459016393442624,1.0,0.3758719112620504,0.46424057392367374,0.5,0.46424057392367374,,,total,1
2020_08_NO_CHI,2020,8,2020-11-01,REG,CHI,NO,23.0,26.0,-5.5,41.0,-3.0,2.5,8.0,0.48333971983958374,0.3223657136138275,1.0,0.5006211542398008,0.5061830599720026,0.5,0.5061830599720026,,,total,1
2020_08_TEN_CIN,2020,8,2020-11-01,REG,CIN,TEN,31.0,20.0,-7.5,49.5,11.0,18.5,1.5,0.19621638483524242,0.2596297346966464,1.0,0.39199046279443023,0.4698338174054255,0.5,0.4698338174054255,,,total,1
2020_08_LV_CLE,2020,8,2020-11-01,REG,CLE,LV,6.0,16.0,1.0,48.0,-10.0,-11.0,-26.0,0.5524825187676858,0.5508689709041202,0.0,0.3939749475253179,0.4705170895208573,0.5,0.4705170895208573,,,total,0
2020_08_LAC_DEN,2020,8,2020-11-01,REG,DEN,LAC,31.0,30.0,-3.0,44.5,1.0,4.0,16.5,0.6276823886432557,0.4207141879874127,1.0,0.4821729724925927,0.5000983935105323,0.5,0.5000983935105323,,,total,1
2020_08_IND_DET,2020,8,2020-11-01,REG,DET,IND,21.0,41.0,-3.5,49.0,-20.0,-16.5,13.0,0.4338229220599614,0.3676233473073202,1.0,0.48971706493678424,0.5025877225919436,0.5,0.5025877225919436,,,total,1
2020_08_MIN_GB,2020,8,2020-11-01,REG,GB,MIN,22.0,28.0,5.5,47.0,-6.0,-11.5,3.0,0.7594962390882022,0.6940796970600095,1.0,0.24529608557551555,0.4141999475161969,0.5,0.4141999475161969,,,total,1
2020_08_NYJ_KC,2020,8,2020-11-01,REG,KC,NYJ,35.0,9.0,20.0,49.0,26.0,6.0,-5.0,0.9435012962309102,0.9254205701985654,0.0,0.4446343704819958,0.4876515070377575,0.5,0.4876515070377575,,,total,0
2020_08_LA_MIA,2020,8,2020-11-01,REG,MIA,LA,28.0,17.0,-3.5,46.5,11.0,14.5,-1.5,0.41361700172701643,0.37895430579964856,0.0,0.4671058484400097,0.4951176220491285,0.5,0.4951176220491285,,,total,0
2020_08_DAL_PHI,2020,8,2020-11-01,REG,PHI,DAL,23.0,9.0,10.0,43.0,14.0,4.0,-11.0,0.6709179450248745,0.7770439484940493,0.0,0.46776410055634077,0.49533555689083064,0.5,0.49533555689083064,,,total,0
2020_08_SF_SEA,2020,8,2020-11-01,REG,SEA,SF,37.0,27.0,1.0,54.5,10.0,9.0,9.5,0.6008578405868615,0.5116279069767442,1.0,0.39885156185695425,0.4721915477805514,0.5,0.4721915477805514,,,total,1
2020_08_TB_NYG,2020,8,2020-11-02,REG,NYG,TB,23.0,25.0,-13.0,47.0,-2.0,11.0,1.0,0.20968854399881756,0.16997029172551503,1.0,0.6152597923220301,0.5445574294654346,0.5,0.5445574294654346,,,total,1
2020_09_GB_SF,2020,9,2020-11-05,REG,SF,GB,17.0,34.0,-6.0,48.5,-17.0,-11.0,2.5,0.5428775059789425,0.30868052457846373,1.0,0.5758708174739042,0.531147998186567,0.5,0.531147998186567,,,total,1
2020_09_MIA_ARI,2020,9,2020-11-08,REG,ARI,MIA,31.0,34.0,6.0,49.0,-3.0,-9.0,16.0,0.5898342750099478,0.6873022714142923,1.0,0.41092965922999225,0.4763125353345509,0.5,0.4763125353345509,,,total,1
2020_09_DEN_ATL,2020,9,2020-11-08,REG,ATL,DEN,34.0,27.0,4.5,50.0,7.0,2.5,11.0,0.6076783157981036,0.6676212973221565,1.0,0.5412080245558262,0.5195859986746663,0.5,0.5195859986746663,,,total,1
2020_09_SEA_BUF,2020,9,2020-11-08,REG,BUF,SEA,44.0,34.0,-3.0,55.0,10.0,13.0,23.0,0.4706999425884825,0.3945716506247385,1.0,0.5079008394747192,0.5085829097067747,0.5,0.5085829097067747,,,total,1
2020_09_PIT_DAL,2020,9,2020-11-08,REG,DAL,PIT,19.0,24.0,-14.0,44.0,-5.0,9.0,-1.0,0.24973751526908147,0.14019892792765798,0.0,0.4341306994994454,0.48413938879669344,0.5,0.48413938879669344,,,total,0
2020_09_BAL_IND,2020,9,2020-11-08,REG,IND,BAL,10.0,24.0,1.0,48.0,-14.0,-15.0,-14.0,0.43488399143327056,0.497677011707861,0.0,0.5742634727716494,0.53060789239656,0.5,0.53060789239656,,,total,0
2020_09_HOU_JAX,2020,9,2020-11-08,REG,JAX,HOU,25.0,27.0,-7.0,49.0,-2.0,5.0,3.0,0.3907599813323278,0.2783322958479118,1.0,0.35682274748386794,0.4575170061922692,0.5,0.4575170061922692,,,total,1
2020_09_CAR_KC,2020,9,2020-11-08,REG,KC,CAR,33.0,31.0,10.0,51.5,2.0,-8.0,12.5,0.9056800137846664,0.7915272066558287,1.0,0.47168429710954063,0.4966327507426679,0.5,0.4966327507426679,,,total,1
2020_09_LV_LAC,2020,9,2020-11-08,REG,LAC,LV,26.0,31.0,-1.0,52.5,-5.0,-4.0,4.5,0.43309128683032627,0.4837531945965681,1.0,0.4096065404113367,0.47586280719270985,0.5,0.47586280719270985,,,total,1
2020_09_DET_MIN,2020,9,2020-11-08,REG,MIN,DET,34.0,20.0,3.0,51.5,14.0,11.0,2.5,0.7390249915874321,0.617727368199958,1.0,0.5296807899935089,0.5157708173908371,0.5,0.5157708173908371,,,total,1
2020_09_NO_TB,2020,9,2020-11-08,REG,TB,NO,3.0,38.0,3.0,51.0,-35.0,-38.0,-10.0,0.5777119535755545,0.6252015045674368,0.0,0.45659405040840234,0.4916320107946862,0.5,0.4916320107946862,,,total,0
2020_09_CHI_TEN,2020,9,2020-11-08,REG,TEN,CHI,24.0,17.0,6.5,46.5,7.0,0.5,-5.5,0.6775302796495843,0.7165025365562518,0.0,0.4425470323895372,0.4869548737472141,0.5,0.4869548737472141,,,total,0
2020_09_NE_NYJ,2020,9,2020-11-09,REG,NYJ,NE,27.0,30.0,-9.5,41.5,-3.0,6.5,15.5,0.29713170556033314,0.2354537473062495,1.0,0.5940529941058476,0.5372928099529649,0.5,0.5372928099529649,,,total,1
2020_10_IND_TEN,2020,10,2020-11-12,REG,TEN,IND,17.0,34.0,-1.0,49.0,-17.0,-16.0,2.0,0.6890365035848852,0.47698280643372154,1.0,0.418979468779819,0.4790402968078284,0.5,0.4790402968078284,,,total,1
2020_10_BUF_ARI,2020,10,2020-11-15,REG,ARI,BUF,32.0,30.0,3.0,55.5,2.0,-1.0,6.5,0.46700455023533455,0.590044398353696,1.0,0.4976222266045552,0.5051944157491,0.5,0.5051944157491,,,total,1
2020_10_TB_CAR,2020,10,2020-11-15,REG,CAR,TB,23.0,46.0,-6.0,49.5,-23.0,-17.0,19.5,0.34367403397993174,0.2983362973058321,1.0,0.4017552679058973,0.4731855861964515,0.5,0.4731855861964515,,,total,1
2020_10_HOU_CLE,2020,10,2020-11-15,REG,CLE,HOU,10.0,7.0,4.5,46.0,3.0,-1.5,-29.0,0.5903626262725943,0.666540435916856,0.0,0.3314825499796034,0.44834229432571915,0.5,0.44834229432571915,,,total,0
2020_10_WAS_DET,2020,10,2020-11-15,REG,DET,WAS,30.0,27.0,2.5,46.0,3.0,0.5,11.0,0.6388364360285833,0.562379468921525,1.0,0.4119204832976159,0.47664905463033613,0.5,0.47664905463033613,,,total,1
2020_10_JAX_GB,2020,10,2020-11-15,REG,GB,JAX,24.0,20.0,13.5,47.0,4.0,-9.5,-3.0,0.8999762371464624,0.8713278884167888,0.0,0.2577536515508509,0.4195042427652224,0.5,0.4195042427652224,,,total,0
2020_10_SEA_LA,2020,10,2020-11-15,REG,LA,SEA,23.0,16.0,3.0,55.0,7.0,4.0,-16.0,0.5249111338846323,0.5792858120125872,0.0,0.6078432706507045,0.5420032911329912,0.5,0.5420032911329912,,,total,0
2020_10_DEN_LV,2020,10,2020-11-15,REG,LV,DEN,37.0,12.0,3.5,50.5,25.0,21.5,-1.5,0.693806616324317,0.6362901596282077,0.0,0.4670762784515667,0.49510783114326945,0.5,0.49510783114326945,,,total,0
2020_10_LAC_MIA,2020,10,2020-11-15,REG,MIA,LAC,29.0,21.0,1.0,48.5,8.0,7.0,1.5,0.7189280706168859,0.521797153024911,1.0,0.35155809636011304,0.4556341663309973,0.5,0.4556341663309973,,,total,1
2020_10_BAL_NE,2020,10,2020-11-15,REG,NE,BAL,23.0,17.0,-7.0,44.0,6.0,13.0,-4.0,0.3593578482306703,0.2610933439936038,0.0,0.6298730131877107,0.5496384886545401,0.5,0.5496384886545401,,,total,0
2020_10_SF_NO,2020,10,2020-11-15,REG,NO,SF,27.0,13.0,9.5,49.5,14.0,4.5,-9.5,0.7251939787257251,0.7707167103733034,0.0,0.4868411428721069,0.5016390050949299,0.5,0.5016390050949299,,,total,0
2020_10_PHI_NYG,2020,10,2020-11-15,REG,NYG,PHI,27.0,17.0,-4.5,45.0,10.0,14.5,-1.0,0.3648181122578568,0.3313046548823297,0.0,0.33774396707684357,0.4506367357680566,0.5,0.4506367357680566,,,total,0
2020_10_CIN_PIT,2020,10,2020-11-15,REG,PIT,CIN,36.0,10.0,6.5,45.5,26.0,19.5,0.5,0.8571314800220027,0.7264615702621697,1.0,0.41821672498447465,0.47878242754218897,0.5,0.47878242754218897,,,total,1
2020_10_MIN_CHI,2020,10,2020-11-16,REG,CHI,MIN,13.0,19.0,-3.5,44.0,-6.0,-2.5,-12.0,0.5429779431031199,0.38659793814432986,0.0,0.35818276564456275,0.4580015705407702,0.5,0.4580015705407702,,,total,0
2020_11_ARI_SEA,2020,11,2020-11-19,REG,SEA,ARI,28.0,21.0,3.0,56.5,7.0,4.0,-7.5,0.6733489145646753,0.6054283493752616,0.0,0.3704380055339417,0.4623360425183523,0.5,0.4623360425183523,,,total,0
2020_11_TEN_BAL,2020,11,2020-11-22,REG,BAL,TEN,24.0,30.0,6.0,50.5,-6.0,-12.0,3.5,0.6848380509261048,0.6970295160196717,1.0,0.48767139704378026,0.5019129199958138,0.5,0.5019129199958138,,,total,1
2020_11_DET_CAR,2020,11,2020-11-22,REG,CAR,DET,20.0,0.0,-3.0,47.0,20.0,23.0,-27.0,0.5672674704524777,0.3871172000921022,0.0,0.2612552023092432,0.4209680039558277,0.5,0.4209680039558277,,,total,0
2020_11_PHI_CLE,2020,11,2020-11-22,REG,CLE,PHI,22.0,17.0,2.5,45.5,5.0,2.5,-6.5,0.6008206083576916,0.5605012156349355,0.0,0.35747704512231615,0.4577502196668705,0.5,0.4577502196668705,,,total,0
2020_11_MIA_DEN,2020,11,2020-11-22,REG,DEN,MIA,20.0,13.0,-4.0,46.0,7.0,11.0,-13.0,0.44507901667246275,0.35532507442619804,0.0,0.4510834746858155,0.48980013242326,0.5,0.48980013242326,,,total,0
2020_11_NE_HOU,2020,11,2020-11-22,REG,HOU,NE,27.0,20.0,-2.5,49.5,7.0,9.5,-2.5,0.4372408295714637,0.42003945309842866,0.0,0.48680940641364323,0.5016285342139039,0.5,0.5016285342139039,,,total,0
2020_11_GB_IND,2020,11,2020-11-22,REG,IND,GB,34.0,31.0,1.5,52.0,3.0,1.5,13.0,0.48173320037215506,0.5327102803738317,1.0,0.500513973588929,0.5061477271211434,0.5,0.5061477271211434,,,total,1
2020_11_PIT_JAX,2020,11,2020-11-22,REG,JAX,PIT,3.0,27.0,-11.0,47.0,-24.0,-13.0,-17.0,0.15703942508900742,0.19941043870296515,0.0,0.6505774953768971,0.5569648298590941,0.5,0.5569648298590941,,,total,0
2020_11_NYJ_LAC,2020,11,2020-11-22,REG,LAC,NYJ,34.0,28.0,10.0,47.0,6.0,-4.0,15.0,0.7218009755261476,0.7849902733695097,1.0,0.38583502804496583,0.46770724653845613,0.5,0.46770724653845613,,,total,1
2020_11_KC_LV,2020,11,2020-11-22,REG,LV,KC,31.0,35.0,-7.5,56.5,-4.0,3.5,9.5,0.33179599171748597,0.24498087954110898,1.0,0.40545563538164436,0.47444925005930744,0.5,0.47444925005930744,,,total,1
2020_11_DAL_MIN,2020,11,2020-11-22,REG,MIN,DAL,28.0,31.0,7.0,50.0,-3.0,-10.0,9.0,0.791002501141256,0.730924978687127,1.0,0.467211665599311,0.49515265852643475,0.5,0.49515265852643475,,,total,1
2020_11_ATL_NO,2020,11,2020-11-22,REG,NO,ATL,24.0,9.0,3.5,49.5,15.0,11.5,-16.5,0.7702159725725732,0.6279229893276131,0.0,0.3792966653001913,0.4654358044125878,0.5,0.4654358044125878,,,total,0
2020_11_CIN_WAS,2020,11,2020-11-22,REG,WAS,CIN,20.0,9.0,2.0,48.0,11.0,9.0,-19.0,0.5088110756669967,0.534834771627026,0.0,0.35535308238702756,0.4569925405768467,0.5,0.4569925405768467,,,total,0
2020_11_LA_TB,2020,11,2020-11-23,REG,TB,LA,24.0,27.0,4.0,47.5,-3.0,-7.0,3.5,0.5891526308084368,0.6434398984710219,1.0,0.6215770572261291,0.5467456865123679,0.5,0.5467456865123679,,,total,1
2020_12_WAS_DAL,2020,12,2020-11-26,REG,DAL,WAS,16.0,41.0,2.5,46.0,-25.0,-27.5,11.0,0.6479498054631475,0.5605012156349355,1.0,0.5803671900950282,0.5326613988657352,0.5,0.5326613988657352,,,total,1
2020_12_HOU_DET,2020,12,2020-11-26,REG,DET,HOU,25.0,41.0,-3.0,52.5,-16.0,-13.0,13.5,0.4333535326663942,0.40770645135502437,1.0,0.5353054228362424,0.5176311016526106,0.5,0.5176311016526106,,,total,1
2020_12_LV_ATL,2020,12,2020-11-29,REG,ATL,LV,43.0,6.0,-3.5,53.0,37.0,40.5,-4.0,0.5002964698749285,0.3689461650384535,0.0,0.4494709533952921,0.4892633979747958,0.5,0.4892633979747958,,,total,0
2020_12_LAC_BUF,2020,12,2020-11-29,REG,BUF,LAC,27.0,17.0,4.5,51.0,10.0,5.5,-7.0,0.7651044147527588,0.6632563327113227,0.0,0.39145497347860964,0.4696492543198858,0.5,0.4696492543198858,,,total,0
2020_12_NYG_CIN,2020,12,2020-11-29,REG,CIN,NYG,17.0,19.0,-6.5,45.0,-2.0,4.5,-9.0,0.553708658611959,0.2974714923153198,0.0,0.4782563669471826,0.49880503286069855,0.5,0.49880503286069855,,,total,0
2020_12_NO_DEN,2020,12,2020-11-29,REG,DEN,NO,3.0,31.0,-17.0,36.5,-28.0,-11.0,-2.5,0.2852665267156181,0.09646730091144967,0.0,0.5605931036625028,0.5260316400390859,0.5,0.5260316400390859,,,total,0
2020_12_CHI_GB,2020,12,2020-11-29,REG,GB,CHI,41.0,25.0,7.5,44.0,16.0,8.5,22.0,0.7472070259776084,0.7530153174805347,1.0,0.4341167244275312,0.48413470444523204,0.5,0.48413470444523204,,,total,1
2020_12_TEN_IND,2020,12,2020-11-29,REG,IND,TEN,26.0,45.0,3.0,51.5,-19.0,-22.0,19.5,0.5613555844258283,0.5810079557598683,1.0,0.33016111098832535,0.4478555795830103,0.5,0.4478555795830103,,,total,1
2020_12_CLE_JAX,2020,12,2020-11-29,REG,JAX,CLE,25.0,27.0,-7.5,48.5,-2.0,5.5,3.5,0.31024697462428485,0.2528312438831151,1.0,0.30460691832976877,0.43825581315657314,0.5,0.43825581315657314,,,total,1
2020_12_SF_LA,2020,12,2020-11-29,REG,LA,SF,20.0,23.0,5.0,44.5,-3.0,-8.0,-1.5,0.67491749855271,0.6643580181140117,0.0,0.4612976769145863,0.4931930052558765,0.5,0.4931930052558765,,,total,0
2020_12_CAR_MIN,2020,12,2020-11-29,REG,MIN,CAR,28.0,27.0,3.0,50.0,1.0,-2.0,5.0,0.7341458211859103,0.5775497887748944,1.0,0.39346300581842214,0.470340929934451,0.5,0.470340929934451,,,total,1
2020_12_ARI_NE,2020,12,2020-11-29,REG,NE,ARI,20.0,17.0,-1.0,51.0,3.0,4.0,-14.0,0.6042980417093571,0.478202846975089,0.0,0.44454865891575646,0.4876229134968669,0.5,0.4876229134968669,,,total,0
2020_12_MIA_NYJ,2020,12,2020-11-29,REG,NYJ,MIA,3.0,20.0,-7.5,46.0,-17.0,-9.5,-23.0,0.2693567859811814,0.2450980392156863,0.0,0.317913401278761,0.44330082689624806,0.5,0.44330082689624806,,,total,0
2020_12_KC_TB,2020,12,2020-11-29,REG,TB,KC,24.0,27.0,-3.5,56.0,-3.0,0.5,-5.0,0.32720215749600023,0.3915565107310036,0.0,0.45332646536305876,0.490546194082156,0.5,0.490546194082156,,,total,0
2020_12_SEA_PHI,2020,12,2020-11-30,REG,PHI,SEA,17.0,23.0,-6.5,50.0,-6.0,0.5,-10.0,0.3637980665322782,0.28827328924447726,0.0,0.41080189766881886,0.4762691266966609,0.5,0.4762691266966609,,,total,0
2020_12_BAL_PIT,2020,12,2020-12-02,REG,PIT,BAL,19.0,14.0,10.5,41.5,5.0,-5.5,-8.5,0.6357651996369451,0.812208284714119,0.0,0.4496047073580713,0.4893079309022841,0.5,0.4893079309022841,,,total,0
2020_13_LA_ARI,2020,13,2020-12-06,REG,ARI,LA,28.0,38.0,-2.5,49.0,-10.0,-7.5,17.0,0.446074980261201,0.4242002781641169,1.0,0.41128907558518935,0.47643463172448597,0.5,0.47643463172448597,,,total,1
2020_13_NO_ATL,2020,13,2020-12-06,REG,ATL,NO,16.0,21.0,-2.5,46.0,-5.0,-2.5,-9.0,0.35340909016821787,0.4295364214803857,0.0,0.5198656115608873,0.5125292277723319,0.5,0.5125292277723319,,,total,0
2020_13_DET_CHI,2020,13,2020-12-06,REG,CHI,DET,30.0,34.0,3.0,44.0,-4.0,-7.0,20.0,0.7463991688177378,0.6018002898771837,1.0,0.47194249637435964,0.49671814839584943,0.5,0.49671814839584943,,,total,1
2020_13_PHI_GB,2020,13,2020-12-06,REG,GB,PHI,30.0,16.0,8.0,50.0,14.0,6.0,-4.0,0.8156263613419655,0.7733375018390467,0.0,0.3097911528446277,0.44023401768927667,0.5,0.44023401768927667,,,total,0
2020_13_IND_HOU,2020,13,2020-12-06,REG,HOU,IND,20.0,26.0,-3.5,50.0,-6.0,-2.5,-4.0,0.4982467628299951,0.37895430579964856,0.0,0.4434223714234679,0.487247086516639,0.5,0.487247086516639,,,total,0
2020_13_DEN_KC,2020,13,2020-12-06,REG,KC,DEN,22.0,16.0,13.0,51.0,6.0,-7.0,-13.0,0.8934048533002067,0.8412035102381947,0.0,0.5434394471055016,0.5203258439344165,0.5,0.5203258439344165,,,total,0
2020_13_NE_LAC,2020,13,2020-12-06,REG,LAC,NE,0.0,45.0,2.5,47.0,-45.0,-47.5,-2.0,0.40410617223349216,0.5500363507751557,0.0,0.42747682178186835,0.4819052693594874,0.5,0.4819052693594874,,,total,0
2020_13_CIN_MIA,2020,13,2020-12-06,REG,MIA,CIN,19.0,7.0,10.5,43.0,12.0,1.5,-17.0,0.8023849737445049,0.8050322142204421,0.0,0.43033785797306046,0.482866843886365,0.5,0.482866843886365,,,total,0
2020_13_LV_NYJ,2020,13,2020-12-06,REG,NYJ,LV,28.0,31.0,-7.5,48.0,-3.0,4.5,11.0,0.24441382904997044,0.24568411260977813,1.0,0.3052299919912499,0.4384944513963005,0.5,0.4384944513963005,,,total,1
2020_13_NYG_SEA,2020,13,2020-12-06,REG,SEA,NYG,12.0,17.0,11.0,48.5,-5.0,-16.0,-19.5,0.8352801120239199,0.8111245777988322,0.0,0.44981104756887047,0.4893766267513252,0.5,0.4893766267513252,,,total,0
2020_13_CLE_TEN,2020,13,2020-12-06,REG,TEN,CLE,35.0,41.0,4.0,54.0,-6.0,-10.0,22.0,0.7480675883011234,0.6495327102803738,1.0,0.3944440560752763,0.470678446308029,0.5,0.470678446308029,,,total,1
2020_13_WAS_PIT,2020,13,2020-12-07,REG,PIT,WAS,17.0,23.0,5.5,43.5,-6.0,-11.5,-3.5,0.8694243019545861,0.7061546512095963,0.0,0.4811412982005572,0.49975778508121105,0.5,0.49975778508121105,,,total,0
2020_13_BUF_SF,2020,13,2020-12-07,REG,SF,BUF,24.0,34.0,1.5,48.0,-10.0,-11.5,10.0,0.46031727543272666,0.5357590966122961,1.0,0.49905670163740007,0.5056673214802564,0.5,0.5056673214802564,,,total,1
2020_13_DAL_BAL,2020,13,2020-12-08,REG,BAL,DAL,34.0,17.0,8.5,46.0,17.0,8.5,5.0,0.8492555027170756,0.7722413312261782,1.0,0.4234222742078874,0.48053998416697974,0.5,0.48053998416697974,,,total,1
2020_14_NE_LA,2020,14,2020-12-10,REG,LA,NE,24.0,3.0,5.0,43.5,21.0,16.0,-16.5,0.6385277332019056,0.6766178964388532,0.0,0.4508674934179271,0.4897282608497831,0.5,0.4897282608497831,,,total,0
2020_14_PIT_BUF,2020,14,2020-12-13,REG,BUF,PIT,26.0,15.0,2.0,48.5,11.0,9.0,-7.5,0.5324043169292456,0.5399277029247453,0.0,0.5413449492557417,0.5196313835297557,0.5,0.5196313835297557,,,total,0
2020_14_DEN_CAR,2020,14,2020-12-13,REG,CAR,DEN,27.0,32.0,4.0,46.0,-5.0,-9.0,13.0,0.5205831481963094,0.648330451760112,1.0,0.5161846217686231,0.5113146874296605,0.5,0.5113146874296605,,,total,1
2020_14_HOU_CHI,2020,14,2020-12-13,REG,CHI,HOU,36.0,7.0,-1.0,46.0,29.0,30.0,-3.0,0.5444418231508725,0.4792189179505553,0.0,0.48392459599137083,0.5006765802438765,0.5,0.5006765802438765,,,total,0
2020_14_DAL_CIN,2020,14,2020-12-13,REG,CIN,DAL,7.0,30.0,-3.0,44.0,-23.0,-20.0,-7.0,0.5498241451544504,0.39360687022900764,0.0,0.4920494280478785,0.5033569481349209,0.5,0.5033569481349209,,,total,0
2020_14_GB_DET,2020,14,2020-12-13,REG,DET,GB,24.0,31.0,-9.5,55.5,-7.0,2.5,-0.5,0.22000774413847876,0.24757983754311783,0.0,0.34378408446058073,0.4528323725411136,0.5,0.4528323725411136,,,total,0
2020_14_TEN_JAX,2020,14,2020-12-13,REG,JAX,TEN,10.0,31.0,-7.5,53.0,-21.0,-13.5,-12.0,0.18509544338928743,0.23850155231613795,0.0,0.4621944749498631,0.49349037384505984,0.5,0.49349037384505984,,,total,0
2020_14_ATL_LAC,2020,14,2020-12-13,REG,LAC,ATL,20.0,17.0,1.0,49.0,3.0,2.0,-12.0,0.3639043477481866,0.5284039285250725,0.0,0.5181505025455944,0.5119632656277755,0.5,0.5119632656277755,,,total,0
2020_14_IND_LV,2020,14,2020-12-13,REG,LV,IND,27.0,44.0,-2.5,51.5,-17.0,-14.5,19.5,0.5244102378753143,0.4479937670432412,1.0,0.40220945120560614,0.47334087293586447,0.5,0.47334087293586447,,,total,1
2020_14_KC_MIA,2020,14,2020-12-13,REG,MIA,KC,27.0,33.0,-7.5,51.5,-6.0,1.5,8.5,0.2674242964238386,0.25484501866887926,1.0,0.41007318858604286,0.47602146691908964,0.5,0.47602146691908964,,,total,1
2020_14_ARI_NYG,2020,14,2020-12-13,REG,NYG,ARI,7.0,26.0,-3.0,47.0,-19.0,-16.0,-14.0,0.5055738591299777,0.40832074076455643,0.0,0.42305393937427466,0.48041579986483895,0.5,0.48041579986483895,,,total,0
2020_14_NO_PHI,2020,14,2020-12-13,REG,PHI,NO,24.0,21.0,-7.5,43.0,3.0,10.5,2.0,0.20444848389831646,0.252701289647961,1.0,0.44853150610196435,0.4889505481059145,0.5,0.4889505481059145,,,total,1
2020_14_NYJ_SEA,2020,14,2020-12-13,REG,SEA,NYJ,40.0,3.0,16.5,49.5,37.0,20.5,-6.5,0.8910133258782891,0.8837648682394691,0.0,0.30593458983961624,0.43876401894550676,0.5,0.43876401894550676,,,total,0
2020_14_WAS_SF,2020,14,2020-12-13,REG,SF,WAS,15.0,23.0,3.0,43.5,-8.0,-11.0,-5.5,0.6281420230946333,0.5833751631362314,0.0,0.5117390024847572,0.5098484415478796,0.5,0.5098484415478796,,,total,0
2020_14_MIN_TB,2020,14,2020-12-13,REG,TB,MIN,26.0,14.0,7.0,52.5,12.0,5.0,-12.5,0.6189087585465765,0.7382412574463144,0.0,0.4655226399394695,0.49459330262316065,0.5,0.49459330262316065,,,total,0
2020_14_BAL_CLE,2020,14,2020-12-14,REG,CLE,BAL,42.0,47.0,-3.0,45.5,-5.0,-2.0,43.5,0.45534564691310986,0.3808517736016902,1.0,0.3483115437817472,0.4544672917703744,0.5,0.4544672917703744,,,total,1
2020_15_LAC_LV,2020,15,2020-12-17,REG,LV,LAC,27.0,30.0,3.5,52.0,-3.0,-6.5,5.0,0.713391802330778,0.6191482263983098,1.0,0.4362842455343903,0.48486086124945893,0.5,0.48486086124945893,,,total,1
2020_15_BUF_DEN,2020,15,2020-12-19,REG,DEN,BUF,19.0,48.0,-5.5,49.0,-29.0,-23.5,18.0,0.3576982917126323,0.31174797637278495,1.0,0.3537505382677568,0.4564196537761483,0.5,0.4564196537761483,,,total,1
2020_15_CAR_GB,2020,15,2020-12-19,REG,GB,CAR,24.0,16.0,9.5,53.0,8.0,-1.5,-13.0,0.8624871188079315,0.782639650883262,0.0,0.5764318704772566,0.5313366345332039,0.5,0.5313366345332039,,,total,0
2020_15_PHI_ARI,2020,15,2020-12-20,REG,ARI,PHI,33.0,26.0,6.5,49.5,7.0,0.5,9.5,0.6495739618833198,0.7016637026941679,1.0,0.5328340525799039,0.5168134431706747,0.5,0.5168134431706747,,,total,1
2020_15_TB_ATL,2020,15,2020-12-20,REG,ATL,TB,27.0,31.0,-6.0,49.5,-4.0,2.0,8.5,0.47002292367088794,0.299206017551191,1.0,0.317339265197482,0.4430852999765994,0.5,0.4430852999765994,,,total,1
2020_15_JAX_BAL,2020,15,2020-12-20,REG,BAL,JAX,40.0,14.0,13.0,49.5,26.0,13.0,4.5,0.9135416311386112,0.8541238464403459,1.0,0.4271653897628732,0.48180050994314005,0.5,0.48180050994314005,,,total,1
2020_15_SF_DAL,2020,15,2020-12-20,REG,DAL,SF,41.0,33.0,-4.0,46.0,8.0,12.0,28.0,0.4187375898625561,0.3480866758875058,1.0,0.4532408150294494,0.490517716116203,0.5,0.490517716116203,,,total,1
2020_15_HOU_IND,2020,15,2020-12-20,REG,IND,HOU,27.0,20.0,7.5,52.5,7.0,-0.5,-5.5,0.771203526848717,0.7639021449741297,0.0,0.4137186449213576,0.4772592115273286,0.5,0.4772592115273286,,,total,0
2020_15_NYJ_LA,2020,15,2020-12-20,REG,LA,NYJ,20.0,23.0,17.5,44.5,-3.0,-20.5,-1.5,0.9184421737895535,0.9086641283062269,0.0,0.442457437238454,0.48692495817733566,0.5,0.48692495817733566,,,total,0
2020_15_NE_MIA,2020,15,2020-12-20,REG,MIA,NE,22.0,12.0,-1.5,40.0,10.0,11.5,-6.0,0.5654002023926156,0.4672897196261682,0.0,0.4404897183017137,0.48626764743860684,0.5,0.48626764743860684,,,total,0
2020_15_CHI_MIN,2020,15,2020-12-20,REG,MIN,CHI,27.0,33.0,2.5,47.5,-6.0,-8.5,12.5,0.6341278360633721,0.5883967071736573,1.0,0.3118607087173765,0.44101913107219753,0.5,0.44101913107219753,,,total,1
2020_15_KC_NO,2020,15,2020-12-20,REG,NO,KC,29.0,32.0,-2.5,53.5,-3.0,-0.5,7.5,0.4501492777884853,0.4357578877693609,1.0,0.4126006056514418,0.47687992031198667,0.5,0.47687992031198667,,,total,1
2020_15_CLE_NYG,2020,15,2020-12-20,REG,NYG,CLE,6.0,20.0,-6.0,44.5,-14.0,-8.0,-18.5,0.40294187182703584,0.2901043906634867,0.0,0.3729873234713502,0.4632308188302548,0.5,0.4632308188302548,,,total,0
2020_15_DET_TEN,2020,15,2020-12-20,REG,TEN,DET,46.0,25.0,9.5,54.5,21.0,11.5,16.5,0.8505629656917777,0.7717353250087524,1.0,0.47512372327225433,0.49776993864281727,0.5,0.49776993864281727,,,total,1
2020_15_SEA_WAS,2020,15,2020-12-20,REG,WAS,SEA,15.0,20.0,-6.0,44.5,-5.0,1.0,-9.5,0.41219047854382435,0.30476951262926655,0.0,0.40241933111334466,0.47341261390257494,0.5,0.47341261390257494,,,total,0
2020_15_PIT_CIN,2020,15,2020-12-21,REG,CIN,PIT,27.0,17.0,-14.5,40.5,10.0,24.5,3.5,0.18488035393244323,0.12392310583175953,1.0,0.5336559720872993,0.5170853261611512,0.5,0.5170853261611512,,,total,1
2020_16_MIN_NO,2020,16,2020-12-25,REG,NO,MIN,52.0,33.0,6.5,49.0,19.0,12.5,36.0,0.796839000716432,0.7300564061240935,1.0,0.4845502705935179,0.5008830740929352,0.5,0.5008830740929352,,,total,1
2020_16_SF_ARI,2020,16,2020-12-26,REG,ARI,SF,12.0,20.0,6.0,49.0,-8.0,-14.0,-17.0,0.6328690384690708,0.7159090909090909,0.0,0.55175173910433,0.5230863702638323,0.5,0.5230863702638323,,,total,0
2020_16_TB_DET,2020,16,2020-12-26,REG,DET,TB,7.0,47.0,-12.0,55.0,-40.0,-28.0,-1.0,0.24616263170182873,0.1740093929817051,0.0,0.3907418249721089,0.469403331712506,0.5,0.469403331712506,,,total,0
2020_16_MIA_LV,2020,16,2020-12-26,REG,LV,MIA,25.0,26.0,-2.0,50.0,-1.0,1.0,1.0,0.47598146389685453,0.45801526717557256,1.0,0.47988404146087277,0.49934262862149126,0.5,0.49934262862149126,,,total,1
2020_16_NYG_BAL,2020,16,2020-12-27,REG,BAL,NYG,27.0,13.0,10.0,43.5,14.0,4.0,-3.5,0.864932426039116,0.7834776815456361,0.0,0.5470563039341987,0.5215260913161194,0.5,0.5215260913161194,,,total,0
2020_16_PHI_DAL,2020,16,2020-12-27,REG,DAL,PHI,37.0,17.0,-3.0,50.0,20.0,23.0,4.0,0.5514548337315418,0.3915565107310036,1.0,0.41599651756852934,0.47803112456799235,0.5,0.47803112456799235,,,total,1
2020_16_TEN_GB,2020,16,2020-12-27,REG,GB,TEN,40.0,14.0,3.0,52.5,26.0,23.0,1.5,0.6354817925156049,0.6233496049929973,1.0,0.4719711327557878,0.4967276193897039,0.5,0.4967276193897039,,,total,1
2020_16_CIN_HOU,2020,16,2020-12-27,REG,HOU,CIN,31.0,37.0,7.5,46.0,-6.0,-13.5,22.0,0.7005600074521049,0.7418160561184722,1.0,0.474876280686226,0.4976881523810718,0.5,0.4976881523810718,,,total,1
2020_16_CHI_JAX,2020,16,2020-12-27,REG,JAX,CHI,17.0,41.0,-9.5,47.0,-24.0,-14.5,11.0,0.2614978018194504,0.20624719772829175,1.0,0.25949355225332515,0.42023300569748656,0.5,0.42023300569748656,,,total,1
2020_16_ATL_KC,2020,16,2020-12-27,REG,KC,ATL,17.0,14.0,11.0,54.0,3.0,-8.0,-23.0,0.8822710574905789,0.8096263917938955,0.0,0.37417394764871886,0.4636465411302052,0.5,0.4636465411302052,,,total,0
2020_16_DEN_LAC,2020,16,2020-12-27,REG,LAC,DEN,19.0,16.0,2.5,47.5,3.0,0.5,-12.5,0.5418312622134979,0.5419847328244275,0.0,0.5098304019476076,0.5092190984798843,0.5,0.5092190984798843,,,total,0
2020_16_CLE_NYJ,2020,16,2020-12-27,REG,NYJ,CLE,23.0,16.0,-6.5,45.0,7.0,13.5,-6.0,0.2551759469583901,0.26978176462712544,0.0,0.4517955508221379,0.49003704798736886,0.5,0.49003704798736886,,,total,0
2020_16_IND_PIT,2020,16,2020-12-27,REG,PIT,IND,28.0,24.0,-1.0,43.0,4.0,5.0,9.0,0.5187975822947789,0.497677011707861,1.0,0.5938384840340095,0.5372199033867062,0.5,0.5372199033867062,,,total,1
2020_16_LA_SEA,2020,16,2020-12-27,REG,SEA,LA,20.0,9.0,1.5,48.0,11.0,9.5,-19.0,0.583854511339112,0.5460453954604539,0.0,0.4942366831136862,0.5040781975825221,0.5,0.5040781975825221,,,total,0
2020_16_CAR_WAS,2020,16,2020-12-27,REG,WAS,CAR,13.0,20.0,-1.0,41.0,-7.0,-6.0,-8.0,0.6716546405678048,0.4837531945965681,0.0,0.44131658354886316,0.48654392855973483,0.5,0.48654392855973483,,,total,0
2020_17_MIA_BUF,2020,17,2021-01-03,REG,BUF,MIA,56.0,26.0,-3.5,42.5,30.0,33.5,39.5,0.7281074574770013,0.40995560164630396,1.0,0.3973844813099377,0.4716884771609383,0.5,0.4716884771609383,,,total,1
2020_17_NO_CAR,2020,17,2021-01-03,REG,CAR,NO,7.0,33.0,-6.0,47.0,-26.0,-20.0,-7.0,0.21972047778401219,0.3050108932461874,0.0,0.5162631214683778,0.5113405832868306,0.5,0.5113405832868306,,,total,0
2020_17_GB_CHI,2020,17,2021-01-03,REG,CHI,GB,16.0,35.0,-4.5,48.5,-19.0,-14.5,2.5,0.3539124403880951,0.3430627570177007,1.0,0.5871073807405249,0.53493740114311,0.5,0.53493740114311,,,total,1
2020_17_BAL_CIN,2020,17,2021-01-03,REG,CIN,BAL,3.0,38.0,-13.5,46.0,-35.0,-21.5,-5.0,0.22465180937703216,0.13899131574838086,0.0,0.4389132162437341,0.48574060590006474,0.5,0.48574060590006474,,,total,0
2020_17_PIT_CLE,2020,17,2021-01-03,REG,CLE,PIT,24.0,22.0,10.5,45.0,2.0,-8.5,1.0,0.460792727683478,0.7963340122199594,1.0,0.29573048071566904,0.4348287870387334,0.5,0.4348287870387334,,,total,1
2020_17_LV_DEN,2020,17,2021-01-03,REG,DEN,LV,31.0,32.0,-2.5,50.5,-1.0,1.5,12.5,0.5202643508324577,0.4242002781641169,1.0,0.36194611828649464,0.45933863198316227,0.5,0.45933863198316227,,,total,1
2020_17_MIN_DET,2020,17,2021-01-03,REG,DET,MIN,35.0,37.0,-3.0,54.0,-2.0,1.0,18.0,0.36987241624805517,0.39819971012281646,1.0,0.4330166298951098,0.48376585804690875,0.5,0.48376585804690875,,,total,1
2020_17_TEN_HOU,2020,17,2021-01-03,REG,HOU,TEN,38.0,41.0,-7.0,55.5,-3.0,4.0,23.5,0.3170344736044478,0.27065517450846727,1.0,0.42593697683883647,0.4813871221710918,0.5,0.4813871221710918,,,total,1
2020_17_JAX_IND,2020,17,2021-01-03,REG,IND,JAX,28.0,14.0,15.5,48.0,14.0,-1.5,-6.0,0.9054123519023414,0.9035326990885503,0.0,0.493670109704397,0.5038913790608613,0.5,0.5038913790608613,,,total,0
2020_17_LAC_KC,2020,17,2021-01-03,REG,KC,LAC,21.0,38.0,-7.0,43.0,-17.0,-10.0,16.0,0.9177256404535311,0.28252766108514293,1.0,0.3894343289261594,0.46895207346044054,0.5,0.46895207346044054,,,total,1
2020_17_ARI_LA,2020,17,2021-01-03,REG,LA,ARI,18.0,7.0,1.0,42.0,11.0,10.0,-17.0,0.696446835706679,0.5419847328244275,0.0,0.40933116666516234,0.47576915683686793,0.5,0.47576915683686793,,,total,0
2020_17_NYJ_NE,2020,17,2021-01-03,REG,NE,NYJ,28.0,14.0,3.0,41.0,14.0,11.0,1.0,0.7822837397377328,0.6018002898771837,1.0,0.5730650374141568,0.530205486860317,0.5,0.530205486860317,,,total,1
2020_17_DAL_NYG,2020,17,2021-01-03,REG,NYG,DAL,23.0,19.0,-1.5,44.5,4.0,5.5,-2.5,0.4626406183820575,0.46635295110679686,0.0,0.47955016434109876,0.4992323658725913,0.5,0.4992323658725913,,,total,0
2020_17_WAS_PHI,2020,17,2021-01-03,REG,PHI,WAS,14.0,20.0,-6.5,43.5,-6.0,0.5,-9.5,0.5558214466996405,0.2817523080884246,0.0,0.3312755121524987,0.4482660960845776,0.5,0.4482660960845776,,,total,0
2020_17_SEA_SF,2020,17,2021-01-03,REG,SF,SEA,23.0,26.0,-7.0,45.0,-3.0,4.0,4.0,0.340489790315204,0.26544089084552636,1.0,0.4728748933911469,0.4970264929339014,0.5,0.4970264929339014,,,total,1
2020_17_ATL_TB,2020,17,2021-01-03,REG,TB,ATL,44.0,27.0,7.5,51.0,17.0,9.5,20.0,0.7386033964453496,0.7416762342135478,1.0,0.4443411250906531,0.48755367559267154,0.5,0.48755367559267154,,,total,1
2020_18_IND_BUF,2020,18,2021-01-09,WC,BUF,IND,27.0,24.0,7.0,50.5,3.0,-4.0,0.5,0.7017307105850352,0.7424632631419482,1.0,0.489102174925663,0.5023849032381086,0.5,0.5023849032381086,,,total,1
2020_18_LA_SEA,2020,18,2021-01-09,WC,SEA,LA,20.0,30.0,3.0,42.0,-10.0,-13.0,8.0,0.6319686213230457,0.6162961291050671,1.0,0.4270115522240778,0.4817487555427319,0.5,0.4817487555427319,,,total,1
2020_18_TB_WAS,2020,18,2021-01-09,WC,WAS,TB,23.0,31.0,-10.0,45.0,-8.0,2.0,9.0,0.3173482562052949,0.20494824688154287,1.0,0.3626679131721732,0.45959444919250336,0.5,0.45959444919250336,,,total,1
2020_18_CHI_NO,2020,18,2021-01-10,WC,NO,CHI,21.0,9.0,11.0,48.0,12.0,1.0,-18.0,0.8129022898216879,0.8215806113982332,0.0,0.5696639467547561,0.5290648224182452,0.5,0.5290648224182452,,,total,0
2020_18_CLE_PIT,2020,18,2021-01-10,WC,PIT,CLE,37.0,48.0,5.0,47.5,-11.0,-16.0,37.5,0.6575169258428691,0.6860820446337623,1.0,0.41295562390803614,0.47700038918484416,0.5,0.47700038918484416,,,total,1
2020_18_BAL_TEN,2020,18,2021-01-10,WC,TEN,BAL,13.0,20.0,-3.5,53.0,-7.0,-3.5,-20.0,0.5013611348302388,0.37073068125049297,0.0,0.5564207228135857,0.5246404542991462,0.5,0.5246404542991462,,,total,0
2020_19_BAL_BUF,2020,19,2021-01-16,DIV,BUF,BAL,17.0,3.0,2.5,50.0,14.0,11.5,-30.0,0.6047173062283194,0.5642421122306391,0.0,0.5157885487419391,0.5111840320301027,0.5,0.5111840320301027,,,total,0
2020_19_LA_GB,2020,19,2021-01-16,DIV,GB,LA,32.0,18.0,7.0,45.0,14.0,7.0,5.0,0.6786651148140719,0.755019120458891,1.0,0.4164287929829706,0.4781774853573419,0.5,0.4781774853573419,,,total,1
2020_19_CLE_KC,2020,19,2021-01-17,DIV,KC,CLE,22.0,17.0,7.5,55.5,5.0,-2.5,-16.5,0.7913413363900202,0.7666849658850287,0.0,0.26467587032971057,0.42238708429936095,0.5,0.42238708429936095,,,total,0
2020_19_TB_NO,2020,19,2021-01-17,DIV,NO,TB,20.0,30.0,2.5,53.0,-10.0,-12.5,-3.0,0.6631341886784936,0.556697108066971,0.0,0.4684641515459866,0.49556729175040726,0.5,0.49556729175040726,,,total,0
2020_20_TB_GB,2020,20,2021-01-24,CON,GB,TB,26.0,31.0,3.0,53.0,-5.0,-8.0,4.0,0.6221004610856509,0.6210456942003515,1.0,0.4896754038023662,0.5025739811673313,0.5,0.5025739811673313,,,total,1
2020_20_BUF_KC,2020,20,2021-01-24,CON,KC,BUF,38.0,24.0,3.0,54.5,14.0,11.0,7.5,0.5958908581283671,0.5971016303329377,1.0,0.4754286223765916,0.49787071040572367,0.5,0.49787071040572367,,,total,1
2020_21_KC_TB,2020,21,2021-02-07,SB,TB,KC,31.0,9.0,-3.0,55.0,22.0,25.0,-15.0,0.4352708018411298,0.39819971012281646,0.0,0.4394566938168718,0.4859223387600904,0.5,0.4859223387600904,,,total,0
2021_01_DAL_TB,2021,1,2021-09-09,REG,TB,DAL,31.0,29.0,10.0,52.5,2.0,-8.0,7.5,0.8542998793756663,0.7849902733695097,1.0,0.5568920015448766,0.5120432925616858,0.5,0.5120432925616858,,,total,1
2021_01_PHI_ATL,2021,1,2021-09-12,REG,ATL,PHI,6.0,32.0,3.5,49.0,-26.0,-29.5,-11.0,0.6738856823217476,0.6265670845558816,0.0,0.46897670381671497,0.5076385366158855,0.5,0.5076385366158855,,,total,0
2021_01_PIT_BUF,2021,1,2021-09-12,REG,BUF,PIT,16.0,23.0,6.5,48.0,-7.0,-13.5,-9.0,0.7418054132111545,0.7072057697217258,0.0,0.2913127350425681,0.4980874806658483,0.5,0.4980874806658483,,,total,0
2021_01_NYJ_CAR,2021,1,2021-09-12,REG,CAR,NYJ,19.0,14.0,3.5,44.5,5.0,1.5,-11.5,0.6646177778311287,0.6310538349615464,0.0,0.38844797477090137,0.5035226242055685,0.5,0.5035226242055685,,,total,0
2021_01_MIN_CIN,2021,1,2021-09-12,REG,CIN,MIN,27.0,24.0,-3.0,47.0,3.0,6.0,4.0,0.4333976298537475,0.43949878436506445,1.0,0.40603829907914446,0.504440225378335,0.5,0.504440225378335,,,total,1
2021_01_SF_DET,2021,1,2021-09-12,REG,DET,SF,33.0,41.0,-9.5,46.0,-8.0,1.5,28.0,0.4012750914268422,0.2184424838819138,1.0,0.36275300392578896,0.5021538704942656,0.5,0.5021538704942656,,,total,1
2021_01_JAX_HOU,2021,1,2021-09-12,REG,HOU,JAX,37.0,21.0,-3.5,45.5,16.0,19.5,12.5,0.7206587262334887,0.3837038708949329,1.0,0.4692664401551514,0.5076530634924005,0.5,0.5076530634924005,,,total,1
2021_01_SEA_IND,2021,1,2021-09-12,REG,IND,SEA,16.0,28.0,-3.0,49.0,-12.0,-9.0,-5.0,0.5765183488814142,0.4207141879874127,0.0,0.4385452245189975,0.5061049013789376,0.5,0.5061049013789376,,,total,0
2021_01_CLE_KC,2021,1,2021-09-12,REG,KC,CLE,33.0,29.0,5.5,54.5,4.0,-1.5,7.5,0.7449229839886786,0.6873022714142923,1.0,0.42697794206496065,0.5055164226244924,0.5,0.5055164226244924,,,total,1
2021_01_CHI_LA,2021,1,2021-09-12,REG,LA,CHI,34.0,14.0,9.5,46.0,20.0,10.5,2.0,0.6934715156727,0.7711337105475873,1.0,0.5024701308152432,0.5093133368853446,0.5,0.5093133368853446,,,total,1
2021_01_MIA_NE,2021,1,2021-09-12,REG,NE,MIA,16.0,17.0,3.5,43.5,-1.0,-4.5,-10.5,0.5400510631173892,0.617727368199958,0.0,0.29442474745189445,0.4982751602011155,0.5,0.4982751602011155,,,total,0
2021_01_GB_NO,2021,1,2021-09-12,REG,NO,GB,38.0,3.0,-4.0,49.0,35.0,39.0,-8.0,0.47656670845261745,0.37207701067238685,0.0,0.4774170769911835,0.5080613279958083,0.5,0.5080613279958083,,,total,0
2021_01_DEN_NYG,2021,1,2021-09-12,REG,NYG,DEN,13.0,27.0,-3.0,41.5,-14.0,-11.0,-1.5,0.5298189451863032,0.43316719528772085,0.0,0.3542887327883663,0.5016941936315491,0.5,0.5016941936315491,,,total,0
2021_01_ARI_TEN,2021,1,2021-09-12,REG,TEN,ARI,13.0,38.0,2.5,54.0,-25.0,-27.5,-3.0,0.6843185430664044,0.5782326921098653,0.0,0.4143839740085734,0.5048710325142132,0.5,0.5048710325142132,,,total,0
2021_01_LAC_WAS,2021,1,2021-09-12,REG,WAS,LAC,16.0,20.0,2.5,45.5,-4.0,-6.5,-9.5,0.5073662664495456,0.5500363507751557,0.0,0.447471434322684,0.5065566537623158,0.5,0.5065566537623158,,,total,0
2021_01_BAL_LV,2021,1,2021-09-13,REG,LV,BAL,33.0,27.0,-3.0,50.5,6.0,9.0,9.5,0.39038346866805346,0.39101972672553925,1.0,0.49652027238682045,0.5090161856398723,0.5,0.5090161856398723,,,total,1
2021_02_NYG_WAS,2021,2,2021-09-16,REG,WAS,NYG,30.0,29.0,4.0,42.0,1.0,-3.0,17.0,0.6479477982476007,0.6471201212580523,1.0,0.6028755396393042,0.514400979323115,0.5,0.514400979323115,,,total,1
2021_02_MIN_ARI,2021,2,2021-09-19,REG,ARI,MIN,34.0,33.0,4.0,51.0,1.0,-3.0,16.0,0.6439184974585861,0.6392711044998141,1.0,0.6164726187508425,0.5151140409232494,0.5,0.5151140409232494,,,total,1
2021_02_KC_BAL,2021,2,2021-09-19,REG,BAL,KC,36.0,35.0,-3.5,53.5,1.0,4.5,17.5,0.46478691116263665,0.38514560209200854,1.0,0.4087065188844624,0.5045782527852599,0.5,0.5045782527852599,,,total,1
2021_02_NO_CAR,2021,2,2021-09-19,REG,CAR,NO,26.0,7.0,-3.0,45.0,19.0,22.0,-12.0,0.2674867593125403,0.4224502112251056,0.0,0.7357360976795444,0.5219653357544587,0.5,0.5219653357544587,,,total,0
2021_02_CIN_CHI,2021,2,2021-09-19,REG,CHI,CIN,20.0,17.0,2.0,44.5,3.0,1.0,-7.5,0.669212900765922,0.5440238883060285,0.0,0.3350200257985783,0.5006285006191651,0.5,0.5006285006191651,,,total,0
2021_02_HOU_CLE,2021,2,2021-09-19,REG,CLE,HOU,31.0,21.0,13.5,48.5,10.0,-3.5,3.5,0.6951754648623212,0.8439623496250064,1.0,0.3895236558043095,0.5035791475790052,0.5,0.5035791475790052,,,total,1
2021_02_LA_IND,2021,2,2021-09-19,REG,IND,LA,24.0,27.0,-4.0,48.0,-3.0,1.0,3.0,0.4895538423715705,0.3453742498018345,1.0,0.5035907714927212,0.5093693051972098,0.5,0.5093693051972098,,,total,1
2021_02_DEN_JAX,2021,2,2021-09-19,REG,JAX,DEN,13.0,23.0,-6.0,45.0,-10.0,-4.0,-9.0,0.3355562262569139,0.31269772858570755,0.0,0.35289980757091355,0.501618298238883,0.5,0.501618298238883,,,total,0
2021_02_DAL_LAC,2021,2,2021-09-19,REG,LAC,DAL,17.0,20.0,3.0,55.0,-3.0,-6.0,-18.0,0.6762174635978722,0.5850622406639003,0.0,0.548587594358144,0.5116239720109876,0.5,0.5116239720109876,,,total,0
2021_02_BUF_MIA,2021,2,2021-09-19,REG,MIA,BUF,0.0,35.0,-3.5,48.0,-35.0,-31.5,-13.0,0.4664589448285265,0.3747984954325632,0.0,0.5218481495318168,0.5102817600952141,0.5,0.5102817600952141,,,total,0
2021_02_NE_NYJ,2021,2,2021-09-19,REG,NYJ,NE,6.0,25.0,-5.5,43.0,-19.0,-13.5,-12.0,0.3729279846589108,0.31709972076293247,0.0,0.5856328945404302,0.5135084107507635,0.5,0.5135084107507635,,,total,0
2021_02_SF_PHI,2021,2,2021-09-19,REG,PHI,SF,11.0,17.0,-3.0,49.0,-6.0,-3.0,-21.0,0.5042921681642245,0.4242002781641169,0.0,0.3531117602212036,0.501629888770907,0.5,0.501629888770907,,,total,0
2021_02_LV_PIT,2021,2,2021-09-19,REG,PIT,LV,17.0,26.0,5.5,46.5,-9.0,-14.5,-3.5,0.6406873169453741,0.6766178964388532,0.0,0.4301200261118384,0.5056766500273882,0.5,0.5056766500273882,,,total,0
2021_02_TEN_SEA,2021,2,2021-09-19,REG,SEA,TEN,30.0,33.0,6.5,53.5,-3.0,-9.5,9.5,0.6940359188648833,0.7199692401445134,1.0,0.49533026823693854,0.5089567497846387,0.5,0.5089567497846387,,,total,1
2021_02_ATL_TB,2021,2,2021-09-19,REG,TB,ATL,48.0,25.0,13.5,52.0,23.0,9.5,21.0,0.8600800250992011,0.8579119575560857,1.0,0.39507745191024535,0.5038700953021366,0.5,0.5038700953021366,,,total,1
2021_02_DET_GB,2021,2,2021-09-20,REG,GB,DET,35.0,17.0,11.5,49.5,18.0,6.5,2.5,0.8546651557502041,0.8061357702349868,1.0,0.3060985052359036,0.49896916809202196,0.5,0.49896916809202196,,,total,1
2021_03_CAR_HOU,2021,3,2021-09-23,REG,HOU,CAR,9.0,24.0,-8.0,43.0,-15.0,-7.0,-10.0,0.49222132498860605,0.21652231845436373,0.0,0.41512783832162975,0.5049093038803032,0.5,0.5049093038803032,,,total,0
2021_03_WAS_BUF,2021,3,2021-09-26,REG,BUF,WAS,43.0,21.0,7.5,45.5,22.0,14.5,18.5,0.8241391615070457,0.7451549813311207,1.0,0.33486500010498416,0.5006198085161967,0.5,0.5006198085161967,,,total,1
2021_03_CHI_CLE,2021,3,2021-09-26,REG,CLE,CHI,26.0,6.0,7.5,45.0,20.0,12.5,-13.0,0.6531670989859618,0.7661538461538461,0.0,0.33166937380048883,0.5004401842871881,0.5,0.5004401842871881,,,total,0
2021_03_NYJ_DEN,2021,3,2021-09-26,REG,DEN,NYJ,26.0,0.0,10.5,42.0,26.0,15.5,-16.0,0.7740846988511899,0.8299958535574039,0.0,0.6108414412134852,0.5148176475939488,0.5,0.5148176475939488,,,total,0
2021_03_BAL_DET,2021,3,2021-09-26,REG,DET,BAL,17.0,19.0,-7.5,51.0,-2.0,5.5,-15.0,0.24225900758260968,0.24770150852450237,0.0,0.3362989915366653,0.5007001347788801,0.5,0.5007001347788801,,,total,0
2021_03_ARI_JAX,2021,3,2021-09-26,REG,JAX,ARI,19.0,31.0,-8.0,51.5,-12.0,-4.0,-1.5,0.24840029514175477,0.2402841621395737,0.0,0.42364381059840567,0.5053460714586692,0.5,0.5053460714586692,,,total,0
2021_03_LAC_KC,2021,3,2021-09-26,REG,KC,LAC,24.0,30.0,6.5,55.0,-6.0,-12.5,-1.0,0.7859480085737427,0.7115258195992297,0.0,0.3102514488195717,0.49921245414296883,0.5,0.49921245414296883,,,total,0
2021_03_TB_LA,2021,3,2021-09-26,REG,LA,TB,34.0,24.0,-1.0,55.0,10.0,11.0,3.0,0.4426934492395922,0.497677011707861,1.0,0.6010112797061059,0.5143038836410802,0.5,0.5143038836410802,,,total,1
2021_03_MIA_LV,2021,3,2021-09-26,REG,LV,MIA,31.0,28.0,4.0,45.0,3.0,-1.0,14.0,0.6278338551100633,0.6430392656807752,1.0,0.32265980428640506,0.49992897266936065,0.5,0.49992897266936065,,,total,1
2021_03_SEA_MIN,2021,3,2021-09-26,REG,MIN,SEA,30.0,17.0,-2.0,53.5,13.0,15.0,-6.5,0.4302895986966133,0.4672897196261682,0.0,0.49612602493213037,0.5089964948663572,0.5,0.5089964948663572,,,total,0
2021_03_NO_NE,2021,3,2021-09-26,REG,NE,NO,13.0,28.0,3.0,44.0,-15.0,-18.0,-3.0,0.43248559720109814,0.5757997218358832,0.0,0.5499273044175128,0.5116915214483878,0.5,0.5116915214483878,,,total,0
2021_03_ATL_NYG,2021,3,2021-09-26,REG,NYG,ATL,14.0,17.0,3.0,48.0,-3.0,-6.0,-17.0,0.5000678882655808,0.5740354444580784,0.0,0.4041739857823094,0.5043436138428161,0.5,0.5043436138428161,,,total,0
2021_03_CIN_PIT,2021,3,2021-09-26,REG,PIT,CIN,10.0,24.0,2.5,42.5,-14.0,-16.5,-8.5,0.7371435535271486,0.5686556434219986,0.0,0.39665281846454903,0.5039523622993966,0.5,0.5039523622993966,,,total,0
2021_03_GB_SF,2021,3,2021-09-26,REG,SF,GB,28.0,30.0,3.5,50.5,-2.0,-5.5,7.5,0.4613299731247957,0.6252015045674368,1.0,0.5999780180409309,0.5142501339669769,0.5,0.5142501339669769,,,total,1
2021_03_IND_TEN,2021,3,2021-09-26,REG,TEN,IND,25.0,16.0,4.5,47.0,9.0,4.5,-6.0,0.5908702891510104,0.6455089820359281,0.0,0.3671943594965383,0.5023932068333788,0.5,0.5023932068333788,,,total,0
2021_03_PHI_DAL,2021,3,2021-09-27,REG,DAL,PHI,41.0,21.0,3.5,51.5,20.0,16.5,10.5,0.604897992336179,0.6367156074014482,1.0,0.42879134011967635,0.5056089309715894,0.5,0.5056089309715894,,,total,1
2021_04_JAX_CIN,2021,4,2021-09-30,REG,CIN,JAX,24.0,21.0,7.5,46.0,3.0,-4.5,-1.0,0.7867129814559298,0.7650845050136826,0.0,0.4977243408192375,0.5090763216879028,0.5,0.5090763216879028,,,total,0
2021_04_WAS_ATL,2021,4,2021-10-03,REG,ATL,WAS,30.0,34.0,-1.0,47.5,-4.0,-3.0,16.5,0.6040344439023027,0.47377843762281124,1.0,0.5660319569837422,0.5125066530089112,0.5,0.5125066530089112,,,total,1
2021_04_HOU_BUF,2021,4,2021-10-03,REG,BUF,HOU,40.0,0.0,19.0,47.5,40.0,21.0,-7.5,0.8612358283689021,0.9107142857142858,0.0,0.4232523584830607,0.505326047869675,0.5,0.505326047869675,,,total,0
2021_04_DET_CHI,2021,4,2021-10-03,REG,CHI,DET,24.0,14.0,3.0,42.0,10.0,7.0,-4.0,0.735115553814551,0.582716381747207,0.0,0.6711872136888319,0.5180952328440215,0.5,0.5180952328440215,,,total,0
2021_04_CAR_DAL,2021,4,2021-10-03,REG,DAL,CAR,36.0,28.0,4.5,51.5,8.0,3.5,12.5,0.5392463453701555,0.6595651218976498,1.0,0.5425618780636361,0.5113205688914785,0.5,0.5113205688914785,,,total,1
2021_04_BAL_DEN,2021,4,2021-10-03,REG,DEN,BAL,7.0,23.0,1.0,44.0,-16.0,-17.0,-14.0,0.4299693484024887,0.5284039285250725,0.0,0.44115663789546705,0.506237260141821,0.5,0.506237260141821,,,total,0
2021_04_PIT_GB,2021,4,2021-10-03,REG,GB,PIT,27.0,17.0,6.5,45.0,10.0,3.5,-1.0,0.7590772279026388,0.71333597633497,0.0,0.4177420623655643,0.505043647108314,0.5,0.505043647108314,,,total,0
2021_04_ARI_LA,2021,4,2021-10-03,REG,LA,ARI,20.0,37.0,3.5,53.5,-17.0,-20.5,3.5,0.7048767809215142,0.6495327102803738,1.0,0.42202419177696887,0.5052631923587722,0.5,0.5052631923587722,,,total,1
2021_04_IND_MIA,2021,4,2021-10-03,REG,MIA,IND,17.0,27.0,2.5,41.5,-10.0,-12.5,2.5,0.5656126652942747,0.5757997218358832,1.0,0.3906299832659832,0.5036372223263087,0.5,0.5036372223263087,,,total,1
2021_04_CLE_MIN,2021,4,2021-10-03,REG,MIN,CLE,7.0,14.0,-1.0,52.0,-7.0,-6.0,-31.0,0.49902824538054535,0.5011531365313653,0.0,0.5445352566287284,0.5114198587127117,0.5,0.5114198587127117,,,total,0
2021_04_TB_NE,2021,4,2021-10-03,REG,NE,TB,17.0,19.0,-6.0,49.5,-2.0,4.0,-13.5,0.32012303355993055,0.3011920417426717,0.0,0.40816721873812145,0.5045503774775586,0.5,0.5045503774775586,,,total,0
2021_04_NYG_NO,2021,4,2021-10-03,REG,NO,NYG,21.0,27.0,7.5,43.0,-6.0,-13.5,5.0,0.8736654211129129,0.748535521515462,1.0,0.6168787963174314,0.5151354819963041,0.5,0.5151354819963041,,,total,1
2021_04_TEN_NYJ,2021,4,2021-10-03,REG,NYJ,TEN,27.0,24.0,-5.5,44.5,3.0,8.5,6.5,0.2627678842369099,0.31808312064302313,1.0,0.6638810834460355,0.517684579904033,0.5,0.517684579904033,,,total,1
2021_04_KC_PHI,2021,4,2021-10-03,REG,PHI,KC,30.0,42.0,-7.5,53.5,-12.0,-4.5,18.5,0.28798707046968486,0.24521583362460678,1.0,0.5398557042371258,0.5111845158834334,0.5,0.5111845158834334,,,total,1
2021_04_SEA_SF,2021,4,2021-10-03,REG,SF,SEA,21.0,28.0,2.5,52.0,-7.0,-9.5,-3.0,0.5454146292459163,0.556697108066971,0.0,0.6219306451983264,0.515402883226758,0.5,0.515402883226758,,,total,0
2021_04_LV_LAC,2021,4,2021-10-04,REG,LAC,LV,28.0,14.0,3.0,52.0,14.0,11.0,-10.0,0.5467261238687003,0.6008197724213874,0.0,0.4695397509837646,0.5076667658583035,0.5,0.5076667658583035,,,total,0
2021_05_LA_SEA,2021,5,2021-10-07,REG,SEA,LA,17.0,26.0,-2.5,53.5,-9.0,-6.5,-10.5,0.5423078139799496,0.43949878436506445,0.0,0.3593203904283552,0.5019680284229008,0.5,0.5019680284229008,,,total,0
2021_05_SF_ARI,2021,5,2021-10-10,REG,ARI,SF,17.0,10.0,6.0,48.5,7.0,1.0,-21.5,0.6926856065737774,0.7063684354090785,0.0,0.3976217326276902,0.504002904042131,0.5,0.504002904042131,,,total,0
2021_05_NYJ_ATL,2021,5,2021-10-10,REG,ATL,NYJ,27.0,20.0,3.0,45.5,7.0,4.0,1.5,0.622436974484417,0.590044398353696,1.0,0.5206366538800439,0.5102211513398106,0.5,0.5102211513398106,,,total,1
2021_05_PHI_CAR,2021,5,2021-10-10,REG,CAR,PHI,18.0,21.0,2.5,46.0,-3.0,-5.5,-7.0,0.6936890142533153,0.5679213219076544,0.0,0.42036627262250076,0.5051782641016113,0.5,0.5051782641016113,,,total,0
2021_05_GB_CIN,2021,5,2021-10-10,REG,CIN,GB,22.0,25.0,-2.0,50.0,-3.0,-1.0,-3.0,0.31892459624444786,0.46214743124779806,0.0,0.4849954667002706,0.508440374351194,0.5,0.508440374351194,,,total,0
2021_05_NYG_DAL,2021,5,2021-10-10,REG,DAL,NYG,44.0,20.0,7.5,53.0,24.0,16.5,11.0,0.711997805692143,0.7477895347151761,1.0,0.47294769047819807,0.5078375467859295,0.5,0.5078375467859295,,,total,1
2021_05_NE_HOU,2021,5,2021-10-10,REG,HOU,NE,22.0,25.0,-8.0,39.5,-3.0,5.0,7.5,0.4370656660238062,0.25023940900177843,1.0,0.46231278923697966,0.5073041063866351,0.5,0.5073041063866351,,,total,1
2021_05_TEN_JAX,2021,5,2021-10-10,REG,JAX,TEN,19.0,37.0,-4.0,49.0,-18.0,-14.0,7.0,0.23426863514539412,0.36072889550018594,1.0,0.4437854550175862,0.5063703335964257,0.5,0.5063703335964257,,,total,1
2021_05_BUF_KC,2021,5,2021-10-10,REG,KC,BUF,20.0,38.0,2.5,57.0,-18.0,-20.5,1.0,0.5452612543994617,0.5586071603727317,1.0,0.6020683305770471,0.5143589189159063,0.5,0.5143589189159063,,,total,1
2021_05_CLE_LAC,2021,5,2021-10-10,REG,LAC,CLE,47.0,42.0,2.5,46.5,5.0,2.5,42.5,0.5381444110691881,0.5500363507751557,1.0,0.5749585872190726,0.5129613789911914,0.5,0.5129613789911914,,,total,1
2021_05_CHI_LV,2021,5,2021-10-10,REG,LV,CHI,9.0,20.0,5.5,46.0,-11.0,-16.5,-17.0,0.646393163471646,0.6910678307588987,0.0,0.5285559491961023,0.5106175850725253,0.5,0.5106175850725253,,,total,0
2021_05_DET_MIN,2021,5,2021-10-10,REG,MIN,DET,19.0,17.0,10.0,49.5,2.0,-8.0,-13.5,0.7678890640412002,0.7825612438504289,0.0,0.412424803644959,0.5047701374563541,0.5,0.5047701374563541,,,total,0
2021_05_DEN_PIT,2021,5,2021-10-10,REG,PIT,DEN,27.0,19.0,-2.0,40.0,8.0,10.0,6.0,0.5681914787401465,0.45890354830779323,1.0,0.41696976679052344,0.505003984506896,0.5,0.505003984506896,,,total,1
2021_05_MIA_TB,2021,5,2021-10-10,REG,TB,MIA,45.0,17.0,11.0,48.0,28.0,17.0,14.0,0.8287247803017168,0.8231559210806665,1.0,0.46613930665984543,0.5074962168115609,0.5,0.5074962168115609,,,total,1
2021_05_NO_WAS,2021,5,2021-10-10,REG,WAS,NO,22.0,33.0,-2.5,43.5,-11.0,-8.5,11.5,0.3581267809750057,0.4491310290958797,1.0,0.473709761052832,0.5078757180772567,0.5,0.5078757180772567,,,total,1
2021_05_IND_BAL,2021,5,2021-10-11,REG,BAL,IND,31.0,25.0,7.5,46.5,6.0,-1.5,9.5,0.7063241479026581,0.7579052432627578,1.0,0.6048004539227387,0.5145013963067696,0.5,0.5145013963067696,,,total,1
2021_06_TB_PHI,2021,6,2021-10-14,REG,PHI,TB,22.0,28.0,-7.0,53.0,-6.0,1.0,-3.0,0.2239288397217895,0.28766575393040644,0.0,0.5524811649373538,0.5118203903223465,0.5,0.5118203903223465,,,total,0
2021_06_LAC_BAL,2021,6,2021-10-17,REG,BAL,LAC,34.0,6.0,3.0,50.5,28.0,25.0,-10.5,0.67405265171788,0.6084434892689964,0.0,0.4172047680409089,0.5050160556226361,0.5,0.5050160556226361,,,total,0
2021_06_MIN_CAR,2021,6,2021-10-17,REG,CAR,MIN,28.0,34.0,-2.5,45.5,-6.0,-3.5,16.5,0.5545478546405044,0.44139283962726833,1.0,0.420213745496645,0.50517044616694,0.5,0.50517044616694,,,total,1
2021_06_GB_CHI,2021,6,2021-10-17,REG,CHI,GB,14.0,24.0,-5.5,44.0,-10.0,-4.5,-6.0,0.38848353238372135,0.3233821035611469,0.0,0.5782861821270016,0.5131315040868932,0.5,0.5131315040868932,,,total,0
2021_06_ARI_CLE,2021,6,2021-10-17,REG,CLE,ARI,14.0,37.0,3.0,48.0,-23.0,-26.0,3.0,0.5301753755704397,0.5740354444580784,1.0,0.45290010604004416,0.5068305359470655,0.5,0.5068305359470655,,,total,1
2021_06_LV_DEN,2021,6,2021-10-17,REG,DEN,LV,24.0,34.0,5.0,45.5,-10.0,-15.0,12.5,0.5306687468802808,0.6546257501981656,1.0,0.45936202223848793,0.5071558104564573,0.5,0.5071558104564573,,,total,1
2021_06_CIN_DET,2021,6,2021-10-17,REG,DET,CIN,11.0,34.0,-3.5,46.5,-23.0,-19.5,-1.5,0.41513255035400154,0.35946425054165854,0.0,0.4344968762729004,0.5058993661534068,0.5,0.5058993661534068,,,total,0
2021_06_HOU_IND,2021,6,2021-10-17,REG,IND,HOU,31.0,3.0,10.5,43.5,28.0,17.5,-9.5,0.7596866773678393,0.7906090880291756,0.0,0.5587446495140721,0.5121370481637283,0.5,0.5121370481637283,,,total,0
2021_06_MIA_JAX,2021,6,2021-10-17,REG,JAX,MIA,23.0,20.0,-2.5,47.5,3.0,5.5,-4.5,0.237075195453929,0.46424090338770385,0.0,0.5450003751008483,0.5114432709790776,0.5,0.5114432709790776,,,total,0
2021_06_DAL_NE,2021,6,2021-10-17,REG,NE,DAL,29.0,35.0,-3.5,50.5,-6.0,-2.5,13.5,0.5464152256992534,0.36242334558131956,1.0,0.4054401932321482,0.50440924609681,0.5,0.50440924609681,,,total,1
2021_06_LA_NYG,2021,6,2021-10-17,REG,NYG,LA,11.0,38.0,-7.5,49.5,-27.0,-19.5,-0.5,0.26100520966118634,0.2556139512661252,0.0,0.40398811724870576,0.504333974025453,0.5,0.504333974025453,,,total,0
2021_06_KC_WAS,2021,6,2021-10-17,REG,WAS,KC,13.0,31.0,-6.0,54.0,-18.0,-12.0,-10.0,0.32387512633623494,0.3011920417426717,0.0,0.477237281251248,0.5080523294599133,0.5,0.5080523294599133,,,total,0
2021_06_BUF_TEN,2021,6,2021-10-18,REG,TEN,BUF,34.0,31.0,-6.0,53.5,3.0,9.0,11.5,0.3522168516986134,0.3139179553662376,1.0,0.6344052876155571,0.5160693174364209,0.5,0.5160693174364209,,,total,1
2021_07_DEN_CLE,2021,7,2021-10-21,REG,CLE,DEN,17.0,14.0,2.0,40.5,3.0,1.0,-9.5,0.7059082228130362,0.534834771627026,0.0,0.462450259497961,0.5073110118470193,0.5,0.5073110118470193,,,total,0
2021_07_HOU_ARI,2021,7,2021-10-24,REG,ARI,HOU,31.0,5.0,20.5,47.0,26.0,5.5,-11.0,0.8673253223103334,0.9202343894938516,0.0,0.4036766149144044,0.5043178151696176,0.5,0.5043178151696176,,,total,0
2021_07_CIN_BAL,2021,7,2021-10-24,REG,BAL,CIN,17.0,41.0,6.5,45.5,-24.0,-30.5,12.5,0.8077116330870846,0.7107129525942516,1.0,0.3608953421960272,0.5020533920161289,0.5,0.5020533920161289,,,total,1
2021_07_WAS_GB,2021,7,2021-10-24,REG,GB,WAS,24.0,10.0,8.5,48.0,14.0,5.5,-14.0,0.8533135102654743,0.7749165560874428,0.0,0.268662826422598,0.496683673842104,0.5,0.496683673842104,,,total,0
2021_07_DET_LA,2021,7,2021-10-24,REG,LA,DET,28.0,19.0,17.0,51.0,9.0,-8.0,-4.0,0.9047799442520584,0.8989085704061549,0.0,0.4904689611789645,0.5087139100601472,0.5,0.5087139100601472,,,total,0
2021_07_PHI_LV,2021,7,2021-10-24,REG,LV,PHI,33.0,22.0,1.0,48.0,11.0,10.0,7.0,0.7103622086676497,0.5069715560513107,1.0,0.5582587280642757,0.512112449675093,0.5,0.512112449675093,,,total,1
2021_07_ATL_MIA,2021,7,2021-10-24,REG,MIA,ATL,28.0,30.0,-1.5,48.5,-2.0,-0.5,9.5,0.5702389296556164,0.4499636492248442,1.0,0.5977286782822322,0.5141332826570328,0.5,0.5141332826570328,,,total,1
2021_07_NYJ_NE,2021,7,2021-10-24,REG,NE,NYJ,54.0,13.0,7.0,43.0,41.0,34.0,24.0,0.769901375535731,0.7307643486568282,1.0,0.5157308670461246,0.5099758380602989,0.5,0.5099758380602989,,,total,1
2021_07_CAR_NYG,2021,7,2021-10-24,REG,NYG,CAR,25.0,3.0,-3.0,42.5,22.0,25.0,-14.5,0.46299187170354905,0.40832074076455643,0.0,0.4761945389183651,0.5080001356049426,0.5,0.5080001356049426,,,total,0
2021_07_IND_SF,2021,7,2021-10-24,REG,SF,IND,18.0,30.0,3.5,41.5,-12.0,-15.5,6.5,0.5105307667363695,0.6128827999078977,1.0,0.38339720056594867,0.5032564470824522,0.5,0.5032564470824522,,,total,1
2021_07_CHI_TB,2021,7,2021-10-24,REG,TB,CHI,38.0,3.0,12.5,47.0,35.0,22.5,-6.0,0.8229846635557883,0.8387670009795338,0.0,0.60860758910611,0.5147005027615223,0.5,0.5147005027615223,,,total,0
2021_07_KC_TEN,2021,7,2021-10-24,REG,TEN,KC,27.0,3.0,-4.0,57.5,24.0,28.0,-27.5,0.4764329143158524,0.3415685624274581,0.0,0.42598029888309735,0.5054654863329031,0.5,0.5054654863329031,,,total,0
2021_07_NO_SEA,2021,7,2021-10-25,REG,SEA,NO,10.0,13.0,-6.0,42.0,-3.0,3.0,-19.0,0.45088948615547497,0.31585064107370475,0.0,0.4655989982139761,0.5074691033966359,0.5,0.5074691033966359,,,total,0
2021_08_GB_ARI,2021,8,2021-10-28,REG,ARI,GB,21.0,24.0,6.5,51.0,-3.0,-9.5,-6.0,0.537299122883473,0.7157173074903613,0.0,0.4411415077957718,0.5062364937617979,0.5,0.5062364937617979,,,total,0
2021_08_CAR_ATL,2021,8,2021-10-31,REG,ATL,CAR,13.0,19.0,2.5,47.0,-6.0,-8.5,-15.0,0.6294575828993926,0.5500363507751557,0.0,0.38795391798193896,0.5034966440684383,0.5,0.5034966440684383,,,total,0
2021_08_MIA_BUF,2021,8,2021-10-31,REG,BUF,MIA,26.0,11.0,15.0,48.5,15.0,0.0,-11.5,0.8604769337297165,0.880139051980694,0.0,0.44215049243117027,0.5062875894158995,0.5,0.5062875894158995,,,total,0
2021_08_SF_CHI,2021,8,2021-10-31,REG,CHI,SF,22.0,33.0,-4.5,40.0,-11.0,-6.5,15.0,0.6050172415298403,0.34043487810235007,1.0,0.35857369340960493,0.5019274995086783,0.5,0.5019274995086783,,,total,1
2021_08_PIT_CLE,2021,8,2021-10-31,REG,CLE,PIT,10.0,15.0,5.5,43.0,-5.0,-10.5,-18.0,0.6271309187412206,0.6711332625214478,0.0,0.4581130464787115,0.5070929980859722,0.5,0.5070929980859722,,,total,0
2021_08_WAS_DEN,2021,8,2021-10-31,REG,DEN,WAS,17.0,10.0,4.0,45.0,7.0,3.0,-18.0,0.6082119905948858,0.6392711044998141,0.0,0.4723664203515723,0.5078084272966871,0.5,0.5078084272966871,,,total,0
2021_08_PHI_DET,2021,8,2021-10-31,REG,DET,PHI,6.0,44.0,-3.0,48.5,-38.0,-35.0,1.5,0.42519744660135217,0.3885860109036074,1.0,0.5119465924663472,0.509786708599626,0.5,0.509786708599626,,,total,1
2021_08_LA_HOU,2021,8,2021-10-31,REG,HOU,LA,22.0,38.0,-17.0,47.0,-16.0,1.0,13.0,0.20864613769462706,0.11767948772316696,1.0,0.6080616399909744,0.5146719090212597,0.5,0.5146719090212597,,,total,1
2021_08_TEN_IND,2021,8,2021-10-31,REG,IND,TEN,31.0,34.0,3.0,51.0,-3.0,-6.0,14.0,0.5351507654556774,0.6002460024600246,1.0,0.5887066568665322,0.5136666692935368,0.5,0.5136666692935368,,,total,1
2021_08_NE_LAC,2021,8,2021-10-31,REG,LAC,NE,24.0,27.0,3.5,50.5,-3.0,-6.5,0.5,0.6531515030630936,0.6297217024951262,1.0,0.5165103043678003,0.5100148027013105,0.5,0.5100148027013105,,,total,1
2021_08_DAL_MIN,2021,8,2021-10-31,REG,MIN,DAL,16.0,20.0,4.5,49.5,-4.0,-8.5,-13.5,0.5318101086547528,0.6679400834834022,0.0,0.5675367776216751,0.5125831494007076,0.5,0.5125831494007076,,,total,0
2021_08_TB_NO,2021,8,2021-10-31,REG,NO,TB,36.0,27.0,-4.0,48.5,9.0,13.0,14.5,0.4588795826124837,0.36370984037179227,1.0,0.5622817948626677,0.5123162798185229,0.5,0.5123162798185229,,,total,1
2021_08_CIN_NYJ,2021,8,2021-10-31,REG,NYJ,CIN,34.0,31.0,-11.5,43.5,3.0,14.5,21.5,0.28097986997839974,0.1896707191940549,1.0,0.41954612942674385,0.5051362175760076,0.5,0.5051362175760076,,,total,1
2021_08_JAX_SEA,2021,8,2021-10-31,REG,SEA,JAX,31.0,7.0,4.0,44.0,24.0,20.0,-6.0,0.8459648291645148,0.6405357494583416,0.0,0.6233343267459499,0.5154774267057445,0.5,0.5154774267057445,,,total,0
2021_08_NYG_KC,2021,8,2021-11-01,REG,KC,NYG,20.0,17.0,10.5,53.0,3.0,-7.5,-16.0,0.8069947860388071,0.8153846153846155,0.0,0.56207884694743,0.5123059877748222,0.5,0.5123059877748222,,,total,0
2021_09_NYJ_IND,2021,9,2021-11-04,REG,IND,NYJ,45.0,30.0,10.5,46.0,15.0,4.5,29.0,0.8287251772157171,0.8099784704670973,1.0,0.31028373441705875,0.4992143384081277,0.5,0.4992143384081277,,,total,1
2021_09_MIN_BAL,2021,9,2021-11-07,REG,BAL,MIN,34.0,31.0,7.5,51.0,3.0,-4.5,14.0,0.7200183934749886,0.7316281227221523,1.0,0.34713674671365663,0.5013019129329459,0.5,0.5013019129329459,,,total,1
2021_09_NE_CAR,2021,9,2021-11-07,REG,CAR,NE,6.0,24.0,-3.5,41.5,-18.0,-14.5,-11.5,0.47672123805946803,0.37895430579964856,0.0,0.4128003879685616,0.5047894906209851,0.5,0.5047894906209851,,,total,0
2021_09_CLE_CIN,2021,9,2021-11-07,REG,CIN,CLE,16.0,41.0,2.5,47.5,-25.0,-27.5,9.5,0.5627927449051499,0.5500363507751557,1.0,0.4140620123563821,0.5048544615464139,0.5,0.5048544615464139,,,total,1
2021_09_DEN_DAL,2021,9,2021-11-07,REG,DAL,DEN,16.0,30.0,10.5,50.0,-14.0,-24.5,-4.0,0.7313458969399975,0.7971382780577254,0.0,0.5495625675002407,0.5116731275381681,0.5,0.5116731275381681,,,total,0
2021_09_BUF_JAX,2021,9,2021-11-07,REG,JAX,BUF,9.0,6.0,-14.5,48.0,3.0,17.5,-33.0,0.10890035486373355,0.11073451745198123,0.0,0.5142996136655323,0.509904298167294,0.5,0.509904298167294,,,total,0
2021_09_GB_KC,2021,9,2021-11-07,REG,KC,GB,13.0,7.0,7.0,48.0,6.0,-1.0,-28.0,0.4595367725828495,0.7410248542497699,0.0,0.4734946026228516,0.5078649416626418,0.5,0.5078649416626418,,,total,0
2021_09_TEN_LA,2021,9,2021-11-07,REG,LA,TEN,16.0,28.0,7.0,53.5,-12.0,-19.0,-9.5,0.6377202107564944,0.7549019607843137,0.0,0.4733720055055452,0.5078588010458942,0.5,0.5078588010458942,,,total,0
2021_09_HOU_MIA,2021,9,2021-11-07,REG,MIA,HOU,17.0,9.0,4.0,45.0,8.0,4.0,-19.0,0.6738890193883259,0.6332518337408314,0.0,0.44707388083957367,0.5065365725863781,0.5,0.5065365725863781,,,total,0
2021_09_ATL_NO,2021,9,2021-11-07,REG,NO,ATL,25.0,27.0,7.0,43.0,-2.0,-9.0,9.0,0.8379663544409585,0.7141340612678193,1.0,0.37344473979298265,0.5027279851418229,0.5,0.5027279851418229,,,total,1
2021_09_LV_NYG,2021,9,2021-11-07,REG,NYG,LV,23.0,16.0,-3.0,47.0,7.0,10.0,-8.0,0.38832000512277615,0.4116032928263426,0.0,0.6171739061638556,0.5151510654556939,0.5,0.5151510654556939,,,total,0
2021_09_LAC_PHI,2021,9,2021-11-07,REG,PHI,LAC,24.0,27.0,-1.0,49.5,-3.0,-2.0,1.5,0.44358016729826905,0.497677011707861,1.0,0.38649977908700306,0.503420107034921,0.5,0.503420107034921,,,total,1
2021_09_ARI_SF,2021,9,2021-11-07,REG,SF,ARI,17.0,31.0,5.5,44.5,-14.0,-19.5,3.5,0.3910671415896563,0.6829002792370676,1.0,0.3798113413356684,0.5030666673145706,0.5,0.5030666673145706,,,total,1
2021_09_CHI_PIT,2021,9,2021-11-08,REG,PIT,CHI,29.0,27.0,7.0,40.0,2.0,-5.0,16.0,0.6803592851918395,0.73232769419428,1.0,0.45307939783207035,0.5068395713332524,0.5,0.5068395713332524,,,total,1
2021_10_BAL_MIA,2021,10,2021-11-11,REG,MIA,BAL,22.0,10.0,-8.5,46.5,12.0,20.5,-14.5,0.3254402955695487,0.2277586687738217,0.0,0.3359775817743368,0.5006821454912521,0.5,0.5006821454912521,,,total,0
2021_10_CAR_ARI,2021,10,2021-11-14,REG,ARI,CAR,10.0,34.0,7.0,42.0,-24.0,-31.0,2.0,0.8395449651439917,0.7445212005717008,1.0,0.5646775748931677,0.5124378564829372,0.5,0.5124378564829372,,,total,1
2021_10_ATL_DAL,2021,10,2021-11-14,REG,DAL,ATL,43.0,3.0,8.0,55.0,40.0,32.0,-9.0,0.6718103061432273,0.7732468107071749,0.0,0.49615336441120406,0.5089978603508755,0.5,0.5089978603508755,,,total,0
2021_10_PHI_DEN,2021,10,2021-11-14,REG,DEN,PHI,13.0,30.0,1.0,44.5,-17.0,-18.0,-1.5,0.6623082786039005,0.513948077676165,0.0,0.4642300460755585,0.5074003890307527,0.5,0.5074003890307527,,,total,0
2021_10_SEA_GB,2021,10,2021-11-14,REG,GB,SEA,17.0,0.0,3.0,49.5,17.0,14.0,-32.5,0.7501815730025281,0.6114139890963924,0.0,0.4866767147412904,0.5085244106933418,0.5,0.5085244106933418,,,total,0
2021_10_JAX_IND,2021,10,2021-11-14,REG,IND,JAX,23.0,17.0,10.5,47.5,6.0,-4.5,-7.5,0.8580318525724315,0.7882397728534491,0.0,0.6313078721684139,0.5159029886220939,0.5,0.5159029886220939,,,total,0
2021_10_MIN_LAC,2021,10,2021-11-14,REG,LAC,MIN,20.0,27.0,3.0,53.5,-7.0,-10.0,-6.5,0.6535245601382821,0.6252015045674368,0.0,0.5438921037612344,0.5113874912336726,0.5,0.5113874912336726,,,total,0
2021_10_KC_LV,2021,10,2021-11-14,REG,LV,KC,14.0,41.0,-2.5,53.5,-27.0,-24.5,1.5,0.4118556226825063,0.41899204424013164,1.0,0.5049537221196566,0.5094373773946013,0.5,0.5094373773946013,,,total,1
2021_10_CLE_NE,2021,10,2021-11-14,REG,NE,CLE,45.0,7.0,2.5,45.5,38.0,35.5,6.5,0.5614225523986143,0.5547708605204575,1.0,0.36596357487464515,0.5023270059200599,0.5,0.5023270059200599,,,total,1
2021_10_BUF_NYJ,2021,10,2021-11-14,REG,NYJ,BUF,17.0,45.0,-13.0,47.0,-28.0,-15.0,15.0,0.16303884436675015,0.15452908001063,1.0,0.45254040320618766,0.5068124068970445,0.5,0.5068124068970445,,,total,1
2021_10_DET_PIT,2021,10,2021-11-14,REG,PIT,DET,16.0,16.0,9.0,43.0,0.0,-9.0,-11.0,0.864215421467594,0.7591524685560168,0.0,0.3921163594681248,0.5037151541492175,0.5,0.5037151541492175,,,total,0
2021_10_TB_WAS,2021,10,2021-11-14,REG,WAS,TB,29.0,19.0,-10.0,51.0,10.0,20.0,-3.0,0.1945163071329262,0.21132463018189718,0.0,0.5144241827471582,0.509910524172564,0.5,0.509910524172564,,,total,0
2021_10_LA_SF,2021,10,2021-11-15,REG,SF,LA,31.0,10.0,-3.5,50.0,21.0,24.5,-9.0,0.37449423069256266,0.3775590873156503,0.0,0.40382428232675655,0.504325475763706,0.5,0.504325475763706,,,total,0
2021_11_NE_ATL,2021,11,2021-11-18,REG,ATL,NE,0.0,25.0,-7.0,47.5,-25.0,-18.0,-22.5,0.37118602010066926,0.25547879942829915,0.0,0.5407767489195936,0.5112308079628025,0.5,0.5112308079628025,,,total,0
2021_11_IND_BUF,2021,11,2021-11-21,REG,BUF,IND,15.0,41.0,7.5,49.5,-26.0,-33.5,6.5,0.7190743407123996,0.7402276100940128,1.0,0.29215288279145,0.49813826369729025,0.5,0.49813826369729025,,,total,1
2021_11_WAS_CAR,2021,11,2021-11-21,REG,CAR,WAS,21.0,27.0,3.5,43.0,-6.0,-9.5,5.0,0.637574647015156,0.6162961291050671,1.0,0.44065749471860727,0.5062119742594766,0.5,0.5062119742594766,,,total,1
2021_11_BAL_CHI,2021,11,2021-11-21,REG,CHI,BAL,13.0,16.0,-5.0,43.0,-3.0,2.0,-14.0,0.3947509357312323,0.32543374528320723,0.0,0.4244178676677401,0.505385651632338,0.5,0.505385651632338,,,total,0
2021_11_DET_CLE,2021,11,2021-11-21,REG,CLE,DET,13.0,10.0,13.0,42.5,3.0,-10.0,-19.5,0.8504496158320494,0.8285075183298123,0.0,0.37972657425946277,0.5030621727332583,0.5,0.5030621727332583,,,total,0
2021_11_SF_JAX,2021,11,2021-11-21,REG,JAX,SF,10.0,30.0,-6.5,45.0,-20.0,-13.5,-5.0,0.27934066621283976,0.2833071838076188,0.0,0.4772992442128285,0.5080554306569348,0.5,0.5080554306569348,,,total,0
2021_11_DAL_KC,2021,11,2021-11-21,REG,KC,DAL,19.0,9.0,2.5,56.0,10.0,7.5,-28.0,0.719406242977599,0.5597200270941521,0.0,0.48160743981238563,0.5082709705372633,0.5,0.5082709705372633,,,total,0
2021_11_PIT_LAC,2021,11,2021-11-21,REG,LAC,PIT,41.0,37.0,5.5,47.5,4.0,-1.5,30.5,0.5599361990568732,0.6958932594004505,1.0,0.5348904554084655,0.5109351846767346,0.5,0.5109351846767346,,,total,1
2021_11_CIN_LV,2021,11,2021-11-21,REG,LV,CIN,13.0,32.0,-1.0,50.5,-19.0,-18.0,-5.5,0.5961818848020908,0.46097238299983456,0.0,0.5030398239438347,0.509341788986856,0.5,0.509341788986856,,,total,0
2021_11_GB_MIN,2021,11,2021-11-21,REG,MIN,GB,34.0,31.0,-1.0,48.0,3.0,4.0,17.0,0.3509222261546198,0.486051922323835,1.0,0.4084368977575704,0.5045643180553748,0.5,0.5045643180553748,,,total,1
2021_11_MIA_NYJ,2021,11,2021-11-21,REG,NYJ,MIA,17.0,24.0,-3.5,44.5,-7.0,-3.5,-3.5,0.36097363214517,0.37207701067238685,0.0,0.34607636434719846,0.5012434339644537,0.5,0.5012434339644537,,,total,0
2021_11_NO_PHI,2021,11,2021-11-21,REG,PHI,NO,40.0,29.0,2.5,42.5,11.0,8.5,26.5,0.3475948127931738,0.5757997218358832,1.0,0.44499742974878886,0.506431630608666,0.5,0.506431630608666,,,total,1
2021_11_ARI_SEA,2021,11,2021-11-21,REG,SEA,ARI,13.0,23.0,2.5,46.0,-10.0,-12.5,-10.0,0.47882806860197746,0.5850622406639003,0.0,0.6816342698510024,0.5186905944523635,0.5,0.5186905944523635,,,total,0
2021_11_HOU_TEN,2021,11,2021-11-21,REG,TEN,HOU,13.0,22.0,10.5,44.5,-9.0,-19.5,-9.5,0.8972091578523745,0.7967994099228416,0.0,0.41941298678205835,0.5051293895619694,0.5,0.5051293895619694,,,total,0
2021_11_NYG_TB,2021,11,2021-11-22,REG,TB,NYG,30.0,10.0,11.5,49.5,20.0,8.5,-9.5,0.8317371334598563,0.8146730471948239,0.0,0.6081137763425738,0.5146746390213113,0.5,0.5146746390213113,,,total,0
2021_12_LV_DAL,2021,12,2021-11-25,REG,DAL,LV,33.0,36.0,7.0,51.0,-3.0,-10.0,18.0,0.6925352868295808,0.7367517454503835,1.0,0.5690523485385532,0.5126602557400561,0.5,0.5126602557400561,,,total,1
2021_12_CHI_DET,2021,12,2021-11-25,REG,DET,CHI,14.0,16.0,-2.0,41.5,-2.0,0.0,-11.5,0.3496616041348798,0.45225634442579243,0.0,0.6061739200868951,0.514573148679613,0.5,0.514573148679613,,,total,0
2021_12_BUF_NO,2021,12,2021-11-25,REG,NO,BUF,6.0,31.0,-7.0,45.0,-25.0,-18.0,-8.0,0.54387334150439,0.290309925460965,0.0,0.47788647213676244,0.5080848191948112,0.5,0.5080848191948112,,,total,0
2021_12_CLE_BAL,2021,12,2021-11-28,REG,BAL,CLE,16.0,10.0,3.0,47.0,6.0,3.0,-21.0,0.6583880507568356,0.5939086294416244,0.0,0.3633789992405253,0.5021876796460795,0.5,0.5021876796460795,,,total,0
2021_12_PIT_CIN,2021,12,2021-11-28,REG,CIN,PIT,41.0,10.0,3.5,43.5,31.0,27.5,7.5,0.5662483437009359,0.6162961291050671,1.0,0.3640335996517757,0.5022230069730604,0.5,0.5022230069730604,,,total,1
2021_12_LAC_DEN,2021,12,2021-11-28,REG,DEN,LAC,28.0,13.0,-2.5,47.5,15.0,17.5,-6.5,0.46087013950172295,0.4295364214803857,0.0,0.40787705257521656,0.5045353746524166,0.5,0.5045353746524166,,,total,0
2021_12_LA_GB,2021,12,2021-11-28,REG,GB,LA,36.0,28.0,-2.0,47.0,8.0,10.0,17.0,0.6860887513915959,0.4684838160136286,1.0,0.6120673555069249,0.5148820381800753,0.5,0.5148820381800753,,,total,1
2021_12_NYJ_HOU,2021,12,2021-11-28,REG,HOU,NYJ,14.0,21.0,3.0,44.5,-7.0,-10.0,-9.5,0.6894062040572311,0.5660893345487694,0.0,0.5534698430645909,0.5118703161594963,0.5,0.5118703161594963,,,total,0
2021_12_TB_IND,2021,12,2021-11-28,REG,IND,TB,31.0,38.0,-3.0,53.0,-7.0,-4.0,16.0,0.5154220348930613,0.4155887507302011,1.0,0.5555481851463953,0.5119753367501497,0.5,0.5119753367501497,,,total,1
2021_12_ATL_JAX,2021,12,2021-11-28,REG,JAX,ATL,14.0,21.0,-1.5,46.0,-7.0,-5.5,-11.0,0.40171720037776065,0.47698280643372154,0.0,0.3419532512624685,0.5010152384705456,0.5,0.5010152384705456,,,total,0
2021_12_CAR_MIA,2021,12,2021-11-28,REG,MIA,CAR,33.0,10.0,-1.0,41.0,23.0,24.0,2.0,0.619295919682897,0.46943325045014145,1.0,0.4668967181493893,0.5075342179829277,0.5,0.5075342179829277,,,total,1
2021_12_TEN_NE,2021,12,2021-11-28,REG,NE,TEN,36.0,13.0,7.5,43.0,23.0,15.5,6.0,0.569615627666581,0.7316281227221523,1.0,0.5762924899156814,0.5130295332467523,0.5,0.5130295332467523,,,total,1
2021_12_PHI_NYG,2021,12,2021-11-28,REG,NYG,PHI,13.0,7.0,-4.0,45.5,6.0,10.0,-25.5,0.4614848634404053,0.35946425054165854,0.0,0.5441377171490431,0.511399851173025,0.5,0.511399851173025,,,total,0
2021_12_MIN_SF,2021,12,2021-11-28,REG,SF,MIN,34.0,26.0,3.5,49.0,8.0,4.5,11.0,0.5721529297369827,0.6306061713569676,1.0,0.3904469801728492,0.5036276199946211,0.5,0.5036276199946211,,,total,1
2021_12_SEA_WAS,2021,12,2021-11-29,REG,WAS,SEA,17.0,15.0,-1.0,47.0,2.0,3.0,-15.0,0.5319704798358388,0.4519505233111322,0.0,0.5646752837966572,0.5124377401469632,0.5,0.5124377401469632,,,total,0
2021_13_DAL_NO,2021,13,2021-12-02,REG,NO,DAL,17.0,27.0,-6.0,46.0,-10.0,-4.0,-2.0,0.6463581067043888,0.30207871113083246,0.0,0.38968526192039293,0.5035876345268075,0.5,0.5035876345268075,,,total,0
2021_13_TB_ATL,2021,13,2021-12-05,REG,ATL,TB,17.0,30.0,-11.0,51.0,-13.0,-2.0,-4.0,0.23539751841529832,0.19908248939669348,0.0,0.3890155517469561,0.5035524555305471,0.5,0.5035524555305471,,,total,0
2021_13_ARI_CHI,2021,13,2021-12-05,REG,CHI,ARI,22.0,33.0,-7.5,43.5,-11.0,-3.5,11.5,0.34537755762370576,0.23448111757765636,1.0,0.3999381963864351,0.5041235693182888,0.5,0.5041235693182888,,,total,1
2021_13_LAC_CIN,2021,13,2021-12-05,REG,CIN,LAC,22.0,41.0,2.5,49.5,-19.0,-21.5,13.5,0.6285448824739539,0.5704635785196144,1.0,0.3157112163010338,0.4995295905242217,0.5,0.4995295905242217,,,total,1
2021_13_MIN_DET,2021,13,2021-12-05,REG,DET,MIN,29.0,27.0,-7.0,47.5,2.0,9.0,8.5,0.2431178874213086,0.27370749239701414,1.0,0.38563357975065565,0.5033744649239723,0.5,0.5033744649239723,,,total,1
2021_13_IND_HOU,2021,13,2021-12-05,REG,HOU,IND,0.0,31.0,-10.0,45.5,-31.0,-21.0,-14.5,0.25477915010685426,0.2209541041789902,0.0,0.4465881341448799,0.5065120319331448,0.5,0.5065120319331448,,,total,0
2021_13_DEN_KC,2021,13,2021-12-05,REG,KC,DEN,22.0,9.0,8.5,46.5,13.0,4.5,-15.5,0.8013275284684652,0.7707167103733034,0.0,0.4539348418708826,0.5068826728569144,0.5,0.5068826728569144,,,total,0
2021_13_JAX_LA,2021,13,2021-12-05,REG,LA,JAX,37.0,7.0,14.0,48.0,30.0,16.0,-4.0,0.8865613839965599,0.8609585172219015,0.0,0.5453979355384124,0.5114632857267736,0.5,0.5114632857267736,,,total,0
2021_13_WAS_LV,2021,13,2021-12-05,REG,LV,WAS,15.0,17.0,1.0,47.5,-2.0,-3.0,-15.5,0.5703276228808064,0.5480494766888677,0.0,0.49331794907675436,0.5088562357064916,0.5,0.5088562357064916,,,total,0
2021_13_NYG_MIA,2021,13,2021-12-05,REG,MIA,NYG,20.0,9.0,6.5,40.0,11.0,4.5,-11.0,0.6669616720509203,0.7246530137533368,0.0,0.4632651145455775,0.5073519380581475,0.5,0.5073519380581475,,,total,0
2021_13_PHI_NYJ,2021,13,2021-12-05,REG,NYJ,PHI,18.0,33.0,-5.0,44.0,-15.0,-10.0,7.0,0.36740614857493287,0.35166954823988805,1.0,0.4961743733413223,0.5089989096519575,0.5,0.5089989096519575,,,total,1
2021_13_BAL_PIT,2021,13,2021-12-05,REG,PIT,BAL,20.0,19.0,-4.0,44.0,1.0,5.0,-5.0,0.4164356887342422,0.3557216929940914,0.0,0.5400091824439863,0.5111922288151287,0.5,0.5111922288151287,,,total,0
2021_13_SF_SEA,2021,13,2021-12-05,REG,SEA,SF,30.0,23.0,-3.0,44.5,7.0,10.0,8.5,0.48340831406183143,0.43391066545123064,1.0,0.580816646793046,0.5132611160679061,0.5,0.5132611160679061,,,total,1
2021_13_NE_BUF,2021,13,2021-12-06,REG,BUF,NE,10.0,14.0,3.0,40.0,-4.0,-7.0,-16.0,0.622741714925052,0.5792858120125872,0.0,0.4747403697427172,0.5079273302819841,0.5,0.5079273302819841,,,total,0
2021_14_PIT_MIN,2021,14,2021-12-09,REG,MIN,PIT,36.0,28.0,3.5,45.0,8.0,4.5,19.0,0.5870915181147572,0.6205588133839255,1.0,0.4135630447963674,0.5048287728081604,0.5,0.5048287728081604,,,total,1
2021_14_ATL_CAR,2021,14,2021-12-12,REG,CAR,ATL,21.0,29.0,2.5,41.0,-8.0,-10.5,9.0,0.6054839552350462,0.562379468921525,1.0,0.4876291849725749,0.5085720124191151,0.5,0.5085720124191151,,,total,1
2021_14_BAL_CLE,2021,14,2021-12-12,REG,CLE,BAL,24.0,22.0,3.0,44.0,2.0,-1.0,2.0,0.4698894500295289,0.5850622406639003,1.0,0.5210628502442269,0.5102424717225318,0.5,0.5102424717225318,,,total,1
2021_14_DET_DEN,2021,14,2021-12-12,REG,DEN,DET,38.0,10.0,13.0,42.0,28.0,15.0,6.0,0.7982868728098503,0.83714618069019,1.0,0.45967399029628847,0.5071714956013167,0.5,0.5071714956013167,,,total,1
2021_14_CHI_GB,2021,14,2021-12-12,REG,GB,CHI,45.0,30.0,11.5,43.0,15.0,3.5,32.0,0.8501654612809693,0.8379464148659493,1.0,0.32046383375256365,0.49980325269152714,0.5,0.49980325269152714,,,total,1
2021_14_SEA_HOU,2021,14,2021-12-12,REG,HOU,SEA,13.0,33.0,-10.0,40.5,-20.0,-10.0,5.5,0.34057998546926366,0.22352699724272085,1.0,0.370215442797443,0.5025553108904498,0.5,0.5025553108904498,,,total,1
2021_14_LV_KC,2021,14,2021-12-12,REG,KC,LV,48.0,9.0,10.0,48.0,39.0,29.0,9.0,0.8307813657323412,0.7914590201640727,1.0,0.488053794242031,0.5085932316530104,0.5,0.5085932316530104,,,total,1
2021_14_NYG_LAC,2021,14,2021-12-12,REG,LAC,NYG,37.0,21.0,9.5,44.0,16.0,6.5,14.0,0.7263482153066028,0.7739261492087415,1.0,0.51999050801012,0.5101888308145653,0.5,0.5101888308145653,,,total,1
2021_14_NO_NYJ,2021,14,2021-12-12,REG,NYJ,NO,9.0,30.0,-4.5,42.0,-21.0,-16.5,-3.0,0.28148232669585865,0.3569607343192249,0.0,0.4626068326612993,0.5073188765392709,0.5,0.5073188765392709,,,total,0
2021_14_BUF_TB,2021,14,2021-12-12,REG,TB,BUF,33.0,27.0,3.5,52.5,6.0,2.5,7.5,0.654838640244204,0.6270291076571854,1.0,0.5031747630875426,0.509348528279122,0.5,0.509348528279122,,,total,1
2021_14_JAX_TEN,2021,14,2021-12-12,REG,TEN,JAX,20.0,0.0,8.5,44.5,20.0,11.5,-24.5,0.8962918875543884,0.7695940284865566,0.0,0.4792811806937438,0.5081546067521774,0.5,0.5081546067521774,,,total,0
2021_14_DAL_WAS,2021,14,2021-12-12,REG,WAS,DAL,20.0,27.0,-6.5,48.0,-7.0,-0.5,-1.0,0.4943156232917461,0.2809810923139964,0.0,0.5018294221471167,0.5092813383719658,0.5,0.5092813383719658,,,total,0
2021_14_LA_ARI,2021,14,2021-12-13,REG,ARI,LA,23.0,30.0,3.0,51.0,-7.0,-10.0,2.0,0.6497051366297076,0.6162961291050671,1.0,0.4038518262821086,0.5043269045708465,0.5,0.5043269045708465,,,total,1
2021_15_KC_LAC,2021,15,2021-12-16,REG,LAC,KC,28.0,34.0,-3.0,54.0,-6.0,-3.0,8.0,0.3904004732596916,0.38227263180004206,1.0,0.4797733265791917,0.5081792284521167,0.5,0.5081792284521167,,,total,1
2021_15_NE_IND,2021,15,2021-12-18,REG,IND,NE,27.0,17.0,-1.0,46.0,10.0,11.0,-2.0,0.5274899099933523,0.5080764260660882,0.0,0.5651792303067084,0.5124633326058651,0.5,0.5124633326058651,,,total,0
2021_15_GB_BAL,2021,15,2021-12-19,REG,BAL,GB,30.0,31.0,-9.5,45.5,-1.0,8.5,15.5,0.4329696170659392,0.24324121599177054,1.0,0.3625318958671572,0.5021419227448921,0.5,0.5021419227448921,,,total,1
2021_15_CAR_BUF,2021,15,2021-12-19,REG,BUF,CAR,31.0,14.0,14.0,43.0,17.0,3.0,2.0,0.8308339852264597,0.853607808514128,1.0,0.5352875569795152,0.510955111998741,0.5,0.510955111998741,,,total,1
2021_15_CIN_DEN,2021,15,2021-12-19,REG,DEN,CIN,10.0,15.0,3.0,45.0,-5.0,-8.0,-20.0,0.5770016718973907,0.5933014354066986,0.0,0.3488444510464729,0.5013959155869265,0.5,0.5013959155869265,,,total,0
2021_15_ARI_DET,2021,15,2021-12-19,REG,DET,ARI,30.0,12.0,-13.0,48.0,18.0,31.0,-6.0,0.1741080852912613,0.16288307480638217,0.0,0.5028297000594316,0.509331294765168,0.5,0.509331294765168,,,total,0
2021_15_HOU_JAX,2021,15,2021-12-19,REG,JAX,HOU,16.0,30.0,6.0,40.0,-14.0,-20.0,6.0,0.4877104263143123,0.6999193060318741,1.0,0.5624185432301466,0.5123232152921966,0.5,0.5123232152921966,,,total,1
2021_15_NYJ_MIA,2021,15,2021-12-19,REG,MIA,NYJ,31.0,24.0,10.5,42.0,7.0,-3.5,13.0,0.8353160605330642,0.7918814679039217,1.0,0.4907235169863972,0.5087266279731076,0.5,0.5087266279731076,,,total,1
2021_15_DAL_NYG,2021,15,2021-12-19,REG,NYG,DAL,6.0,21.0,-11.5,43.0,-15.0,-3.5,-16.0,0.361007907704684,0.18358081030369017,0.0,0.4014875770329754,0.5042041463918997,0.5,0.5042041463918997,,,total,0
2021_15_TEN_PIT,2021,15,2021-12-19,REG,PIT,TEN,19.0,13.0,1.0,44.0,6.0,5.0,-12.0,0.4260080256338561,0.533647048893203,0.0,0.5099522436711337,0.5096870633531205,0.5,0.5096870633531205,,,total,0
2021_15_ATL_SF,2021,15,2021-12-19,REG,SF,ATL,31.0,13.0,9.5,48.0,18.0,8.5,-4.0,0.7169143783118155,0.7683621272077985,0.0,0.4234689597536934,0.5053371280841896,0.5,0.5053371280841896,,,total,0
2021_15_NO_TB,2021,15,2021-12-19,REG,TB,NO,0.0,9.0,11.5,45.5,-9.0,-20.5,-36.5,0.7759733058464328,0.8125034131660225,0.0,0.37308926459328107,0.5027090073514519,0.5,0.5027090073514519,,,total,0
2021_15_MIN_CHI,2021,15,2021-12-20,REG,CHI,MIN,9.0,17.0,-7.0,48.0,-8.0,-1.0,-22.0,0.4386129245868736,0.25977238990598717,0.0,0.4675789902854629,0.5075684425974669,0.5,0.5075684425974669,,,total,0
2021_15_LV_CLE,2021,15,2021-12-20,REG,CLE,LV,14.0,16.0,-3.0,41.0,-2.0,1.0,-11.0,0.6909745325920793,0.4210921117684164,0.0,0.44685814197781154,0.5065256737715831,0.5,0.5065256737715831,,,total,0
2021_15_SEA_LA,2021,15,2021-12-21,REG,LA,SEA,20.0,10.0,7.5,47.0,10.0,2.5,-17.0,0.6808822920091383,0.7560659701234782,0.0,0.5880335885636103,0.5136319852868243,0.5,0.5136319852868243,,,total,0
2021_15_WAS_PHI,2021,15,2021-12-21,REG,PHI,WAS,27.0,17.0,10.0,39.5,10.0,0.0,4.5,0.626438371650094,0.7979978548444763,1.0,0.4514913265264888,0.5067595189091615,0.5,0.5067595189091615,,,total,1
2021_16_SF_TEN,2021,16,2021-12-23,REG,TEN,SF,20.0,17.0,-3.5,45.5,3.0,6.5,-8.5,0.5795606723888,0.38421186945302976,0.0,0.36027791008953464,0.5020199461795105,0.5,0.5020199461795105,,,total,0
2021_16_IND_ARI,2021,16,2021-12-25,REG,ARI,IND,16.0,22.0,3.0,48.0,-6.0,-9.0,-10.0,0.44938704252548317,0.5998344142403753,0.0,0.619940686447381,0.5152973893879751,0.5,0.5152973893879751,,,total,0
2021_16_CLE_GB,2021,16,2021-12-25,REG,GB,CLE,24.0,22.0,7.5,46.5,2.0,-5.5,-0.5,0.7911577790714935,0.7823319232822703,0.0,0.4510812353477708,0.5067388387119212,0.5,0.5067388387119212,,,total,0
2021_16_DET_ATL,2021,16,2021-12-26,REG,ATL,DET,20.0,16.0,7.5,42.5,4.0,-3.5,-6.5,0.702701158571288,0.7633307815087788,0.0,0.3835465278930518,0.5032643354245189,0.5,0.5032643354245189,,,total,0
2021_16_TB_CAR,2021,16,2021-12-26,REG,CAR,TB,6.0,32.0,-11.5,44.5,-26.0,-14.5,-6.5,0.22248438401827478,0.19370568942199892,0.0,0.3334378818003465,0.50053969747136,0.5,0.50053969747136,,,total,0
2021_16_BAL_CIN,2021,16,2021-12-26,REG,CIN,BAL,41.0,21.0,7.5,43.0,20.0,12.5,19.0,0.4777392774644124,0.7615828054942709,1.0,0.3391508048768867,0.5008593819682982,0.5,0.5008593819682982,,,total,1
2021_16_WAS_DAL,2021,16,2021-12-26,REG,DAL,WAS,56.0,14.0,10.5,45.5,42.0,31.5,24.5,0.7505515577706053,0.7930283629175197,1.0,0.4423893020608893,0.5062996793205249,0.5,0.5062996793205249,,,total,1
2021_16_LAC_HOU,2021,16,2021-12-26,REG,HOU,LAC,41.0,29.0,-13.5,46.0,12.0,25.5,24.0,0.30756599285136726,0.1609900571186799,1.0,0.37916140963427525,0.5030321961902313,0.5,0.5030321961902313,,,total,1
2021_16_PIT_KC,2021,16,2021-12-26,REG,KC,PIT,36.0,10.0,10.5,44.0,26.0,15.5,2.0,0.8136729975660573,0.7739602169981917,1.0,0.3219559067873281,0.49988872344582774,0.5,0.49988872344582774,,,total,1
2021_16_DEN_LV,2021,16,2021-12-26,REG,LV,DEN,17.0,13.0,-1.0,42.0,4.0,5.0,-12.0,0.5768253355850134,0.4919235739339118,0.0,0.6157948575496316,0.5150782826042445,0.5,0.5150782826042445,,,total,0
2021_16_LA_MIN,2021,16,2021-12-26,REG,MIN,LA,23.0,30.0,-3.5,48.5,-7.0,-3.5,4.5,0.4643423824315819,0.3775590873156503,1.0,0.44582210995286514,0.5064733206858941,0.5,0.5064733206858941,,,total,1
2021_16_BUF_NE,2021,16,2021-12-26,REG,NE,BUF,21.0,33.0,1.0,43.5,-12.0,-13.0,10.5,0.5662518171046695,0.5183217790582515,1.0,0.4459866764356953,0.5064816381962629,0.5,0.5064816381962629,,,total,1
2021_16_JAX_NYJ,2021,16,2021-12-26,REG,NYJ,JAX,26.0,21.0,2.5,42.5,5.0,2.5,4.5,0.661925832051515,0.5431472081218274,1.0,0.4771947685746931,0.5080502017135766,0.5,0.5080502017135766,,,total,1
2021_16_NYG_PHI,2021,16,2021-12-26,REG,PHI,NYG,34.0,10.0,11.0,41.0,24.0,13.0,3.0,0.7385239037287782,0.812721815973132,1.0,0.371807302180033,0.5026405060218909,0.5,0.5026405060218909,,,total,1
2021_16_CHI_SEA,2021,16,2021-12-26,REG,SEA,CHI,24.0,25.0,7.0,41.0,-1.0,-8.0,8.0,0.7210500696798113,0.7360752537000588,1.0,0.5185945063066206,0.5101190131283712,0.5,0.5101190131283712,,,total,1
2021_16_MIA_NO,2021,16,2021-12-27,REG,NO,MIA,3.0,20.0,-3.0,37.5,-17.0,-14.0,-14.5,0.6553927298436288,0.40073982737361286,0.0,0.5580061436993683,0.5120996654699534,0.5,0.5120996654699534,,,total,0
2021_17_LA_BAL,2021,17,2022-01-02,REG,BAL,LA,19.0,20.0,-7.0,47.0,-1.0,6.0,-8.0,0.4437023598767543,0.26605339105339104,0.0,0.42274794136621124,0.5053002385887752,0.5,0.5053002385887752,,,total,0
2021_17_ATL_BUF,2021,17,2022-01-02,REG,BUF,ATL,29.0,15.0,14.0,46.5,14.0,0.0,-2.5,0.8381996998510036,0.8667261434992967,0.0,0.38891785854947764,0.5035473219965536,0.5,0.5035473219965536,,,total,0
2021_17_NYG_CHI,2021,17,2022-01-02,REG,CHI,NYG,29.0,3.0,7.0,36.5,26.0,19.0,-4.5,0.628993074738585,0.718984860037033,0.0,0.3745667255984024,0.5027878369248169,0.5,0.5027878369248169,,,total,0
2021_17_KC_CIN,2021,17,2022-01-02,REG,CIN,KC,34.0,31.0,-3.5,51.0,3.0,6.5,14.0,0.3320836541448118,0.3779947243901776,1.0,0.5413514071191571,0.5112596974932675,0.5,0.5112596974932675,,,total,1
2021_17_ARI_DAL,2021,17,2022-01-02,REG,DAL,ARI,22.0,25.0,6.5,53.0,-3.0,-9.5,-6.0,0.6794731287071251,0.7016893283889576,0.0,0.3707084641052826,0.5025817130830118,0.5,0.5025817130830118,,,total,0
2021_17_MIN_GB,2021,17,2022-01-02,REG,GB,MIN,37.0,10.0,13.0,42.0,27.0,14.0,5.0,0.788423811211651,0.8454571731380673,1.0,0.48009834257432993,0.5081954876639776,0.5,0.5081954876639776,,,total,1
2021_17_LV_IND,2021,17,2022-01-02,REG,IND,LV,20.0,23.0,8.5,46.5,-3.0,-11.5,-3.5,0.7927969593226982,0.7724619434588531,0.0,0.43257577445264744,0.5058016772456146,0.5,0.5058016772456146,,,total,0
2021_17_DEN_LAC,2021,17,2022-01-02,REG,LAC,DEN,34.0,13.0,8.0,45.5,21.0,13.0,1.5,0.6524958068944193,0.7484276729559749,1.0,0.4066047082703531,0.5044695495704236,0.5,0.5044695495704236,,,total,1
2021_17_JAX_NE,2021,17,2022-01-02,REG,NE,JAX,50.0,10.0,17.5,42.0,40.0,22.5,18.0,0.923949329988581,0.8831038555503422,1.0,0.38271433103248126,0.5032203590666606,0.5,0.5032203590666606,,,total,1
2021_17_CAR_NO,2021,17,2022-01-02,REG,NO,CAR,18.0,10.0,7.0,37.0,8.0,1.0,-9.0,0.7793612519701834,0.7133174989788355,0.0,0.6842286594382058,0.5188400272395383,0.5,0.5188400272395383,,,total,0
2021_17_TB_NYJ,2021,17,2022-01-02,REG,NYJ,TB,24.0,28.0,-14.5,48.0,-4.0,10.5,4.0,0.13390369612748118,0.1336344710670326,1.0,0.38231241025537066,0.5031991070707542,0.5,0.5031991070707542,,,total,1
2021_17_DET_SEA,2021,17,2022-01-02,REG,SEA,DET,51.0,29.0,8.5,41.5,22.0,13.5,38.5,0.7960388001203629,0.7734629300912957,1.0,0.41026192211477364,0.5046585848602937,0.5,0.5046585848602937,,,total,1
2021_17_HOU_SF,2021,17,2022-01-02,REG,SF,HOU,23.0,7.0,14.0,44.0,16.0,2.0,-14.0,0.7827200535870302,0.8284147182041719,0.0,0.49938116056393245,0.5091590675261245,0.5,0.5091590675261245,,,total,0
2021_17_MIA_TEN,2021,17,2022-01-02,REG,TEN,MIA,34.0,3.0,3.0,41.0,31.0,28.0,-4.0,0.5846577780718575,0.6124587340318646,0.0,0.40973275990286395,0.5046312656783002,0.5,0.5046312656783002,,,total,0
2021_17_PHI_WAS,2021,17,2022-01-02,REG,WAS,PHI,16.0,20.0,-6.5,44.5,-4.0,2.5,-8.5,0.43269736117877095,0.3169899088419552,0.0,0.4823949107168056,0.5083103517988851,0.5,0.5083103517988851,,,total,0
2021_17_CLE_PIT,2021,17,2022-01-03,REG,PIT,CLE,26.0,14.0,-1.0,43.5,12.0,13.0,-3.5,0.5527350530389638,0.47499179161650434,0.0,0.5442956592817938,0.5114077998173593,0.5,0.5114077998173593,,,total,0
2021_18_KC_DEN,2021,18,2022-01-08,REG,DEN,KC,24.0,28.0,-11.5,44.5,-4.0,7.5,7.5,0.22885035610098006,0.1790281329923274,1.0,0.5198058645629057,0.5101795954646935,0.5,0.5101795954646935,,,total,1
2021_18_DAL_PHI,2021,18,2022-01-08,REG,PHI,DAL,26.0,51.0,-6.5,46.0,-25.0,-18.5,31.0,0.5285066579963176,0.2846975088967971,1.0,0.4118475236526393,0.5047403810061349,0.5,0.5047403810061349,,,total,1
2021_18_SEA_ARI,2021,18,2022-01-09,REG,ARI,SEA,30.0,38.0,5.5,48.0,-8.0,-13.5,20.0,0.6242833874485317,0.6704377766847024,1.0,0.4585713989051761,0.5071160521946665,0.5,0.5071160521946665,,,total,1
2021_18_NO_ATL,2021,18,2022-01-09,REG,ATL,NO,20.0,30.0,-4.5,40.0,-10.0,-5.5,10.0,0.3941675367162395,0.33941312975774796,1.0,0.36217323364122117,0.5021225354541611,0.5,0.5021225354541611,,,total,1
2021_18_PIT_BAL,2021,18,2022-01-09,REG,BAL,PIT,13.0,16.0,3.0,41.0,-3.0,-6.0,-12.0,0.6124530231720049,0.5882115462252725,0.0,0.41984623614600347,0.505151605875537,0.5,0.505151605875537,,,total,0
2021_18_NYJ_BUF,2021,18,2022-01-09,REG,BUF,NYJ,27.0,10.0,16.0,43.0,17.0,1.0,-6.0,0.9218277937671736,0.8872651356993738,0.0,0.23843881270372166,0.4946874703129429,0.5,0.4946874703129429,,,total,0
2021_18_CIN_CLE,2021,18,2022-01-09,REG,CLE,CIN,21.0,16.0,6.5,38.0,5.0,-1.5,-1.0,0.47752070237373123,0.6957699520733487,0.0,0.3830870046250762,0.5032400569985334,0.5,0.5032400569985334,,,total,0
2021_18_GB_DET,2021,18,2022-01-09,REG,DET,GB,37.0,30.0,-4.0,45.0,7.0,11.0,22.0,0.12264309770572135,0.36341238065906994,1.0,0.45328176371751844,0.5068497687931222,0.5,0.5068497687931222,,,total,1
2021_18_TEN_HOU,2021,18,2022-01-09,REG,HOU,TEN,25.0,28.0,-10.5,43.0,-3.0,7.5,10.0,0.26710508876912564,0.18711018711018712,1.0,0.3843340304663695,0.503305916734793,0.5,0.503305916734793,,,total,1
2021_18_IND_JAX,2021,18,2022-01-09,REG,JAX,IND,26.0,11.0,-14.0,43.0,15.0,29.0,-6.0,0.11187988983146896,0.12790697674418605,0.0,0.3820256768425589,0.50318394052199,0.5,0.50318394052199,,,total,0
2021_18_SF_LA,2021,18,2022-01-09,REG,LA,SF,24.0,27.0,3.0,46.5,-3.0,-6.0,4.5,0.6879625607108867,0.6115107913669064,1.0,0.2933348387343757,0.4982095625811844,0.5,0.4982095625811844,,,total,1
2021_18_LAC_LV,2021,18,2022-01-09,REG,LV,LAC,35.0,32.0,-3.5,48.0,3.0,6.5,19.0,0.5431757342858494,0.37889039242219213,1.0,0.46439212765127685,0.5074085260997901,0.5,0.5074085260997901,,,total,1
2021_18_NE_MIA,2021,18,2022-01-09,REG,MIA,NE,33.0,24.0,-6.0,41.0,9.0,15.0,16.0,0.4939396046536195,0.3181818181818181,1.0,0.40429697387228253,0.5043499916660984,0.5,0.5043499916660984,,,total,1
2021_18_CHI_MIN,2021,18,2022-01-09,REG,MIN,CHI,31.0,17.0,3.5,45.5,14.0,10.5,2.5,0.6719161348886471,0.6301020408163266,1.0,0.33253881279681324,0.5004891404338699,0.5,0.5004891404338699,,,total,1
2021_18_WAS_NYG,2021,18,2022-01-09,REG,NYG,WAS,7.0,22.0,-6.0,36.0,-15.0,-9.0,-7.0,0.4866529359408798,0.3169899088419552,0.0,0.5891655466077024,0.5136903261498565,0.5,0.5136903261498565,,,total,0
2021_18_CAR_TB,2021,18,2022-01-09,REG,TB,CAR,41.0,17.0,11.0,43.0,24.0,13.0,15.0,0.8919193464405079,0.798845836768343,1.0,0.5428823753809656,0.5113366900039316,0.5,0.5113366900039316,,,total,1
2021_19_NE_BUF,2021,19,2022-01-15,WC,BUF,NE,47.0,17.0,4.5,43.0,30.0,25.5,21.0,0.7072211872038883,0.6545399304578752,1.0,0.526499373648877,0.5105145746924771,0.5,0.5105145746924771,,,total,1
2021_19_LV_CIN,2021,19,2022-01-15,WC,CIN,LV,26.0,19.0,6.0,48.5,7.0,1.0,-3.5,0.6159180097896922,0.691138880999716,0.0,0.41365288485238927,0.5048333987889442,0.5,0.5048333987889442,,,total,0
2021_19_SF_DAL,2021,19,2022-01-16,WC,DAL,SF,17.0,23.0,3.0,51.0,-6.0,-9.0,-11.0,0.627375480211004,0.6013875365141188,0.0,0.44563709083990544,0.5064639687385298,0.5,0.5064639687385298,,,total,0
2021_19_PIT_KC,2021,19,2022-01-16,WC,KC,PIT,42.0,21.0,13.0,46.0,21.0,8.0,17.0,0.7850363846797567,0.8447102101575499,1.0,0.5009908439609672,0.5092394581068144,0.5,0.5092394581068144,,,total,1
2021_19_PHI_TB,2021,19,2022-01-16,WC,TB,PHI,31.0,15.0,7.5,45.5,16.0,8.5,0.5,0.7928333031306825,0.7537267892947433,1.0,0.4082706867575522,0.5045557264113153,0.5,0.5045557264113153,,,total,1
2021_19_ARI_LA,2021,19,2022-01-17,WC,LA,ARI,34.0,11.0,4.0,49.5,23.0,19.0,-4.5,0.7151966286295184,0.6233902972381955,0.0,0.330801466340985,0.5003912498515364,0.5,0.5003912498515364,,,total,0
2021_20_SF_GB,2021,20,2022-01-22,DIV,GB,SF,10.0,13.0,5.5,47.0,-3.0,-8.5,-24.0,0.6472971091414678,0.7033884379005488,0.0,0.5953070865645489,0.5140077197302418,0.5,0.5140077197302418,,,total,0
2021_20_CIN_TEN,2021,20,2022-01-22,DIV,TEN,CIN,16.0,19.0,4.0,48.5,-3.0,-7.0,-13.5,0.6498158895027321,0.6392711044998141,0.0,0.5786436487978976,0.5131498009257714,0.5,0.5131498009257714,,,total,0
2021_20_BUF_KC,2021,20,2022-01-23,DIV,KC,BUF,42.0,36.0,2.5,54.0,6.0,3.5,24.0,0.6022337264088431,0.5649948822927329,1.0,0.6314916530321616,0.5159128412423863,0.5,0.5159128412423863,,,total,1
2021_20_LA_TB,2021,20,2022-01-23,DIV,TB,LA,27.0,30.0,2.5,48.0,-3.0,-5.5,9.0,0.6594568790129756,0.5775497887748944,1.0,0.5331797592969021,0.5108493633040442,0.5,0.5108493633040442,,,total,1
2021_21_CIN_KC,2021,21,2022-01-30,CON,KC,CIN,24.0,27.0,7.0,54.5,-3.0,-10.0,-3.5,0.7690906365367766,0.7272727272727274,0.0,0.49809183618469893,0.5090946755460081,0.5,0.5090946755460081,,,total,0
2021_21_SF_LA,2021,21,2022-01-30,CON,LA,SF,20.0,17.0,3.5,45.5,3.0,-0.5,-8.5,0.622482903885546,0.6211096075778079,0.0,0.3730363621882839,0.5027061824194347,0.5,0.5027061824194347,,,total,0
2021_22_LA_CIN,2021,22,2022-02-13,SB,CIN,LA,20.0,23.0,-4.5,48.5,-3.0,1.5,-5.5,0.398300443130182,0.3698979591836735,0.0,0.5103181267618466,0.5097053430416116,0.5,0.5097053430416116,,,total,0
2022_01_BUF_LA,2022,1,2022-09-08,REG,LA,BUF,10.0,31.0,-1.0,51.5,-21.0,-20.0,-10.5,0.5908576478580361,0.47377843762281124,0.0,0.4504456777665981,0.46306871162953994,0.5,0.46306871162953994,,,total,0
2022_01_KC_ARI,2022,1,2022-09-11,REG,ARI,KC,21.0,44.0,-6.0,54.0,-23.0,-17.0,11.0,0.36011803238124507,0.30320780070978187,1.0,0.5764175315408161,0.43599290437344324,0.5,0.43599290437344324,,,total,1
2022_01_NO_ATL,2022,1,2022-09-11,REG,ATL,NO,26.0,27.0,-6.0,43.5,-1.0,5.0,9.5,0.4010512871362747,0.3233821035611469,1.0,0.36304906528261055,0.4826156830623961,0.5,0.4826156830623961,,,total,1
2022_01_CLE_CAR,2022,1,2022-09-11,REG,CAR,CLE,24.0,26.0,2.5,42.5,-2.0,-4.5,7.5,0.4310181548537767,0.5431472081218274,1.0,0.4241968126014542,0.4688006791524708,0.5,0.4688006791524708,,,total,1
2022_01_SF_CHI,2022,1,2022-09-11,REG,CHI,SF,19.0,10.0,-6.5,38.0,9.0,15.5,-9.0,0.3643165149274396,0.30683501446004086,0.0,0.3440419630538202,0.4871008832969578,0.5,0.4871008832969578,,,total,0
2022_01_PIT_CIN,2022,1,2022-09-11,REG,CIN,PIT,20.0,23.0,7.5,44.5,-3.0,-10.5,-1.5,0.658115298676929,0.7331798681594643,0.0,0.40775345084615583,0.47244154630267987,0.5,0.47244154630267987,,,total,0
2022_01_TB_DAL,2022,1,2022-09-11,REG,DAL,TB,3.0,19.0,-2.5,49.5,-16.0,-13.5,-27.5,0.4781222099296384,0.4433028919330289,0.0,0.5252451888997772,0.44701271927217573,0.5,0.44701271927217573,,,total,0
2022_01_PHI_DET,2022,1,2022-09-11,REG,DET,PHI,35.0,38.0,-6.0,49.0,-3.0,3.0,24.0,0.42065752809150614,0.312960235640648,1.0,0.4362830738324533,0.46615070369468514,0.5,0.46615070369468514,,,total,1
2022_01_IND_HOU,2022,1,2022-09-11,REG,HOU,IND,20.0,20.0,-7.0,46.0,0.0,7.0,-6.0,0.362885927904901,0.2775800711743772,0.0,0.5156083266413103,0.4490742552516146,0.5,0.4490742552516146,,,total,0
2022_01_LV_LAC,2022,1,2022-09-11,REG,LAC,LV,24.0,19.0,3.5,52.5,5.0,1.5,-9.5,0.5977500238737379,0.6265670845558816,0.0,0.4375360164395728,0.46587709970425006,0.5,0.46587709970425006,,,total,0
2022_01_NE_MIA,2022,1,2022-09-11,REG,MIA,NE,20.0,7.0,3.0,47.0,13.0,10.0,-20.0,0.589035499084168,0.5933014354066986,0.0,0.4234225508038367,0.46897114523842476,0.5,0.46897114523842476,,,total,0
2022_01_GB_MIN,2022,1,2022-09-11,REG,MIN,GB,23.0,7.0,2.5,47.0,16.0,13.5,-17.0,0.45362249745457084,0.5419847328244275,0.0,0.4816846415224416,0.45633520651129467,0.5,0.45633520651129467,,,total,0
2022_01_BAL_NYJ,2022,1,2022-09-11,REG,NYJ,BAL,9.0,24.0,-6.5,44.0,-15.0,-8.5,-11.0,0.3413229818315607,0.29384534879040375,0.0,0.3767140900647139,0.47945552946830894,0.5,0.47945552946830894,,,total,0
2022_01_NYG_TEN,2022,1,2022-09-11,REG,TEN,NYG,20.0,21.0,5.5,43.5,-1.0,-6.5,-2.5,0.80766549933026,0.685385750480274,0.0,0.42782355918672543,0.4680033657940508,0.5,0.4680033657940508,,,total,0
2022_01_JAX_WAS,2022,1,2022-09-11,REG,WAS,JAX,28.0,22.0,3.0,43.5,6.0,3.0,6.5,0.7439780746820693,0.5986798270759409,1.0,0.4113062665008868,0.4716510432727789,0.5,0.4716510432727789,,,total,1
2022_01_DEN_SEA,2022,1,2022-09-12,REG,SEA,DEN,17.0,16.0,-6.0,44.0,1.0,7.0,-11.0,0.6985981504899221,0.3029704839803284,0.0,0.363721524756045,0.4824589848569111,0.5,0.4824589848569111,,,total,0
2022_02_LAC_KC,2022,2,2022-09-15,REG,KC,LAC,27.0,24.0,4.0,52.5,3.0,-1.0,-1.5,0.7685223786426544,0.6354245784596689,0.0,0.5246344740034412,0.44714341442805605,0.5,0.44714341442805605,,,total,0
2022_02_MIA_BAL,2022,2,2022-09-18,REG,BAL,MIA,38.0,42.0,3.0,44.0,-4.0,-7.0,36.0,0.5262261737985339,0.6063931297709924,1.0,0.5770740848465771,0.43585012545968554,0.5,0.43585012545968554,,,total,1
2022_02_NYJ_CLE,2022,2,2022-09-18,REG,CLE,NYJ,30.0,31.0,6.5,38.5,-1.0,-7.5,22.5,0.7994784441036231,0.6829002792370676,1.0,0.33176097587260583,0.4900623067526962,0.5,0.4900623067526962,,,total,1
2022_02_CIN_DAL,2022,2,2022-09-18,REG,DAL,CIN,20.0,17.0,-7.5,42.0,3.0,10.5,-5.0,0.5595375682770145,0.26978176462712544,0.0,0.41966719707160827,0.4697992403252828,0.5,0.4697992403252828,,,total,0
2022_02_HOU_DEN,2022,2,2022-09-18,REG,DEN,HOU,16.0,9.0,10.5,46.0,7.0,-3.5,-21.0,0.6276361878711925,0.8025629436811645,0.0,0.4273141609277242,0.46811523850600933,0.5,0.46811523850600933,,,total,0
2022_02_WAS_DET,2022,2,2022-09-18,REG,DET,WAS,36.0,27.0,-1.0,48.5,9.0,10.0,14.5,0.449878600302205,0.48044542229805576,1.0,0.43731390893311933,0.4659255868434041,0.5,0.4659255868434041,,,total,1
2022_02_CHI_GB,2022,2,2022-09-18,REG,GB,CHI,27.0,10.0,10.5,42.0,17.0,6.5,-5.0,0.7124925421116407,0.7834776815456361,0.0,0.4925414166858429,0.4540085484352416,0.5,0.4540085484352416,,,total,0
2022_02_IND_JAX,2022,2,2022-09-18,REG,JAX,IND,24.0,0.0,-3.0,43.5,24.0,27.0,-19.5,0.2682898846886313,0.4034916946651176,0.0,0.4613058750967308,0.46071933786256514,0.5,0.46071933786256514,,,total,0
2022_02_ATL_LA,2022,2,2022-09-18,REG,LA,ATL,31.0,27.0,10.5,46.5,4.0,-6.5,11.5,0.7957865827849353,0.8001430041331682,1.0,0.5882194219767156,0.4334185426278428,0.5,0.4334185426278428,,,total,1
2022_02_ARI_LV,2022,2,2022-09-18,REG,LV,ARI,23.0,29.0,5.5,51.5,-6.0,-11.5,0.5,0.5833032700173033,0.6721843886695558,1.0,0.35775319333953115,0.48385428762449645,0.5,0.48385428762449645,,,total,1
2022_02_TB_NO,2022,2,2022-09-18,REG,NO,TB,10.0,20.0,-2.5,44.0,-10.0,-7.5,-14.0,0.4330544245217036,0.43500511770726713,0.0,0.5871903322562254,0.4336437145024848,0.5,0.4336437145024848,,,total,0
2022_02_CAR_NYG,2022,2,2022-09-18,REG,NYG,CAR,19.0,16.0,-1.0,44.0,3.0,4.0,-9.0,0.5667534627884858,0.48044542229805576,0.0,0.6522905373754663,0.4190316513125192,0.5,0.4190316513125192,,,total,0
2022_02_NE_PIT,2022,2,2022-09-18,REG,PIT,NE,14.0,17.0,-3.0,40.0,-3.0,0.0,-9.0,0.5944227380147942,0.41493775933609955,0.0,0.5317972451359912,0.4456099233731905,0.5,0.4456099233731905,,,total,0
2022_02_SEA_SF,2022,2,2022-09-18,REG,SF,SEA,27.0,7.0,8.5,40.0,20.0,11.5,-6.0,0.6142181232049129,0.7678386211843623,0.0,0.5817382572421853,0.4348343914671216,0.5,0.4348343914671216,,,total,0
2022_02_TEN_BUF,2022,2,2022-09-19,REG,BUF,TEN,41.0,7.0,10.0,47.5,34.0,24.0,0.5,0.7333877424263996,0.7739261492087415,1.0,0.5523623256878994,0.4411951430491685,0.5,0.4411951430491685,,,total,1
2022_02_MIN_PHI,2022,2,2022-09-19,REG,PHI,MIN,24.0,7.0,2.5,49.5,17.0,14.5,-18.5,0.524491286975681,0.5704635785196144,0.0,0.4679998938571859,0.4592761850239933,0.5,0.4592761850239933,,,total,0
2022_03_PIT_CLE,2022,3,2022-09-22,REG,CLE,PIT,29.0,17.0,4.5,38.0,12.0,7.5,8.0,0.5589748624003509,0.6557852820085941,1.0,0.5565018089450772,0.44030344785595577,0.5,0.44030344785595577,,,total,1
2022_03_LA_ARI,2022,3,2022-09-25,REG,ARI,LA,12.0,20.0,-3.5,49.0,-8.0,-4.5,-17.0,0.41865464115360007,0.38514560209200854,0.0,0.44428661114949936,0.46440623496219124,0.5,0.46440623496219124,,,total,0
2022_03_NO_CAR,2022,3,2022-09-25,REG,CAR,NO,22.0,14.0,-2.0,41.0,8.0,10.0,-5.0,0.35246175272350994,0.46097238299983456,0.0,0.4777705148730455,0.45717529007527147,0.5,0.45717529007527147,,,total,0
2022_03_HOU_CHI,2022,3,2022-09-25,REG,CHI,HOU,23.0,20.0,3.0,40.0,3.0,0.0,3.0,0.6715677688325501,0.5949110703209063,1.0,0.39098446609766857,0.4762050928364808,0.5,0.4762050928364808,,,total,1
2022_03_SF_DEN,2022,3,2022-09-25,REG,DEN,SF,11.0,10.0,-1.0,44.0,1.0,2.0,-23.0,0.39035529036788147,0.489612188365651,0.0,0.5803611883397611,0.4351345469043918,0.5,0.4351345469043918,,,total,0
2022_03_KC_IND,2022,3,2022-09-25,REG,IND,KC,20.0,17.0,-4.5,51.0,3.0,7.5,-14.0,0.3224640165827913,0.35166954823988805,0.0,0.3775742492658105,0.47925823494351905,0.5,0.47925823494351905,,,total,0
2022_03_JAX_LAC,2022,3,2022-09-25,REG,LAC,JAX,10.0,38.0,6.5,46.0,-28.0,-34.5,2.0,0.7605582821526937,0.696132596685083,1.0,0.500506992269779,0.4523038404410093,0.5,0.4523038404410093,,,total,1
2022_03_BUF_MIA,2022,3,2022-09-25,REG,MIA,BUF,21.0,19.0,-4.0,54.0,2.0,6.0,-14.0,0.4306954482378853,0.35449101796407184,0.0,0.35863238314986046,0.48364809440808043,0.5,0.48364809440808043,,,total,0
2022_03_BAL_NE,2022,3,2022-09-25,REG,NE,BAL,26.0,37.0,-2.5,45.5,-11.0,-8.5,17.5,0.6078193430099896,0.4259645555419216,1.0,0.3722423742997787,0.4804842166396665,0.5,0.4804842166396665,,,total,1
2022_03_CIN_NYJ,2022,3,2022-09-25,REG,NYJ,CIN,12.0,27.0,-6.5,46.0,-15.0,-8.5,-7.0,0.30326733415919616,0.3050817654299279,0.0,0.5264001958849109,0.44676551920848273,0.5,0.44676551920848273,,,total,0
2022_03_ATL_SEA,2022,3,2022-09-25,REG,SEA,ATL,23.0,27.0,1.0,43.0,-4.0,-5.0,7.0,0.7023167176081545,0.5023229882921391,1.0,0.4847909915859455,0.45566901966469975,0.5,0.45566901966469975,,,total,1
2022_03_GB_TB,2022,3,2022-09-25,REG,TB,GB,12.0,14.0,1.0,41.5,-2.0,-3.0,-15.5,0.7012985500873185,0.5390276170001653,0.0,0.3673524754273883,0.48161507452442925,0.5,0.48161507452442925,,,total,0
2022_03_LV_TEN,2022,3,2022-09-25,REG,TEN,LV,24.0,22.0,-1.5,45.5,2.0,3.5,0.5,0.6817774148811334,0.4491310290958797,1.0,0.5390278342641941,0.44406011509917137,0.5,0.44406011509917137,,,total,1
2022_03_PHI_WAS,2022,3,2022-09-25,REG,WAS,PHI,8.0,24.0,-6.0,47.0,-16.0,-10.0,-15.0,0.4406608576567224,0.3136531365313653,0.0,0.4151351486290783,0.4708015718909273,0.5,0.4708015718909273,,,total,0
2022_03_DAL_NYG,2022,3,2022-09-26,REG,NYG,DAL,16.0,23.0,1.0,38.5,-7.0,-8.0,0.5,0.3591810498292036,0.5327102803738317,1.0,0.6425670928040006,0.4212721961890407,0.5,0.4212721961890407,,,total,1
2022_04_MIA_CIN,2022,4,2022-09-29,REG,CIN,MIA,27.0,15.0,4.0,48.5,12.0,8.0,-6.5,0.5156802800060334,0.6379977530895019,0.0,0.45724221394870507,0.4615971747663255,0.5,0.4615971747663255,,,total,0
2022_04_CLE_ATL,2022,4,2022-10-02,REG,ATL,CLE,23.0,20.0,-1.0,48.0,3.0,4.0,-5.0,0.4648754943383212,0.4953533757725013,0.0,0.5316927753437312,0.44563230075263155,0.5,0.44563230075263155,,,total,0
2022_04_BUF_BAL,2022,4,2022-10-02,REG,BAL,BUF,20.0,23.0,-3.0,50.0,-3.0,0.0,-7.0,0.39328793409501295,0.3837038708949329,0.0,0.4982541703256042,0.4527858218469847,0.5,0.4527858218469847,,,total,0
2022_04_ARI_CAR,2022,4,2022-10-02,REG,CAR,ARI,16.0,26.0,1.0,44.0,-10.0,-11.0,-2.0,0.4742503352304266,0.5172913928296243,0.0,0.5700267087053845,0.4373802671567458,0.5,0.4373802671567458,,,total,0
2022_04_WAS_DAL,2022,4,2022-10-02,REG,DAL,WAS,25.0,10.0,3.0,40.5,15.0,12.0,-5.5,0.7616214578523088,0.5933014354066986,0.0,0.5990983639729179,0.4310291027072494,0.5,0.4310291027072494,,,total,0
2022_04_SEA_DET,2022,4,2022-10-02,REG,DET,SEA,45.0,48.0,3.0,48.5,-3.0,-6.0,44.5,0.4452397832732187,0.6119390066215612,1.0,0.679229682991426,0.41268021034139746,0.5,0.41268021034139746,,,total,1
2022_04_NE_GB,2022,4,2022-10-02,REG,GB,NE,27.0,24.0,10.0,40.5,3.0,-7.0,10.5,0.7095624459063358,0.7883116369247813,1.0,0.5891279943764343,0.4332196233581019,0.5,0.4332196233581019,,,total,1
2022_04_LAC_HOU,2022,4,2022-10-02,REG,HOU,LAC,24.0,34.0,-5.5,45.0,-10.0,-4.5,13.0,0.4611359595759838,0.3187935477713086,1.0,0.6637037967621857,0.4163683016732331,0.5,0.4163683016732331,,,total,1
2022_04_TEN_IND,2022,4,2022-10-02,REG,IND,TEN,17.0,24.0,4.5,43.0,-7.0,-11.5,-2.0,0.545095967558463,0.6546257501981656,0.0,0.49465721256133327,0.4535555979543945,0.5,0.4535555979543945,,,total,0
2022_04_DEN_LV,2022,4,2022-10-02,REG,LV,DEN,32.0,23.0,2.5,45.5,9.0,6.5,9.5,0.5640965694088682,0.5642421122306391,1.0,0.6811144997946393,0.41222691210080276,0.5,0.41222691210080276,,,total,1
2022_04_MIN_NO,2022,4,2022-10-02,REG,NO,MIN,25.0,28.0,-4.0,42.0,-3.0,1.0,11.0,0.4714306867940536,0.35166954823988805,1.0,0.43283171254579855,0.46690540966064925,0.5,0.46690540966064925,,,total,1
2022_04_CHI_NYG,2022,4,2022-10-02,REG,NYG,CHI,20.0,12.0,3.0,39.0,8.0,5.0,-7.0,0.4584886499151043,0.5757997218358832,0.0,0.5544607751040195,0.44074326699722616,0.5,0.44074326699722616,,,total,0
2022_04_JAX_PHI,2022,4,2022-10-02,REG,PHI,JAX,29.0,21.0,6.5,44.0,8.0,1.5,6.0,0.7505553117014053,0.6990396320844041,1.0,0.4490318505702289,0.4633753900103864,0.5,0.4633753900103864,,,total,1
2022_04_NYJ_PIT,2022,4,2022-10-02,REG,PIT,NYJ,20.0,24.0,3.0,41.0,-4.0,-7.0,3.0,0.7828570357790637,0.6018002898771837,1.0,0.6369468617530599,0.42255629451480176,0.5,0.42255629451480176,,,total,1
2022_04_KC_TB,2022,4,2022-10-02,REG,TB,KC,31.0,41.0,1.0,46.5,-10.0,-11.0,25.5,0.5849919273075002,0.5419847328244275,1.0,0.5444465412703628,0.4428971062352783,0.5,0.4428971062352783,,,total,1
2022_04_LA_SF,2022,4,2022-10-03,REG,SF,LA,24.0,9.0,1.0,42.0,15.0,14.0,-9.0,0.5005342507106267,0.5399277029247453,0.0,0.579142107882804,0.43540007804472924,0.5,0.43540007804472924,,,total,0
2022_05_IND_DEN,2022,5,2022-10-06,REG,DEN,IND,9.0,12.0,3.5,42.0,-3.0,-6.5,-21.0,0.5022494330145785,0.6238261481421341,0.0,0.562712618218737,0.4389630763547922,0.5,0.4389630763547922,,,total,0
2022_05_PHI_ARI,2022,5,2022-10-09,REG,ARI,PHI,17.0,20.0,-5.5,48.5,-3.0,2.5,-11.5,0.48069271028104676,0.32886673747855216,0.0,0.5782432942318467,0.4355957399673261,0.5,0.4355957399673261,,,total,0
2022_05_CIN_BAL,2022,5,2022-10-09,REG,BAL,CIN,19.0,17.0,3.0,47.5,2.0,-1.0,-11.5,0.5164204796254377,0.6114139890963924,0.0,0.5254055914322918,0.4469783911105094,0.5,0.4469783911105094,,,total,0
2022_05_PIT_BUF,2022,5,2022-10-09,REG,BUF,PIT,38.0,3.0,14.0,44.0,35.0,21.0,-3.0,0.8327447077690814,0.8549293271728136,0.0,0.3131010691816919,0.4946720607049596,0.5,0.4946720607049596,,,total,0
2022_05_SF_CAR,2022,5,2022-10-09,REG,CAR,SF,15.0,37.0,-6.0,40.0,-22.0,-16.0,12.0,0.2830754785430553,0.31808312064302313,1.0,0.6281232744692605,0.4245573535026914,0.5,0.4245573535026914,,,total,1
2022_05_LAC_CLE,2022,5,2022-10-09,REG,CLE,LAC,28.0,30.0,-1.0,47.0,-2.0,-1.0,11.0,0.6146041694732668,0.48044542229805576,1.0,0.4146496143461929,0.47090915461446126,0.5,0.47090915461446126,,,total,1
2022_05_NYG_GB,2022,5,2022-10-09,REG,GB,NYG,22.0,27.0,8.5,42.0,-5.0,-13.5,7.0,0.7689671432834501,0.7749165560874428,1.0,0.6089704708693325,0.4288450306427285,0.5,0.4288450306427285,,,total,1
2022_05_HOU_JAX,2022,5,2022-10-09,REG,JAX,HOU,6.0,13.0,7.0,44.0,-7.0,-14.0,-25.0,0.6607120861174745,0.730924978687127,0.0,0.34079563132055146,0.48787854049241763,0.5,0.48787854049241763,,,total,0
2022_05_DAL_LA,2022,5,2022-10-09,REG,LA,DAL,10.0,22.0,5.5,42.0,-12.0,-17.5,-10.0,0.6143028615916837,0.6697626418988648,0.0,0.7062465329750363,0.4060516005245841,0.5,0.4060516005245841,,,total,0
2022_05_CHI_MIN,2022,5,2022-10-09,REG,MIN,CHI,29.0,22.0,10.0,44.0,7.0,-3.0,7.0,0.7127786525742238,0.7701094942408874,1.0,0.6077868575512568,0.4291077482090764,0.5,0.4291077482090764,,,total,1
2022_05_DET_NE,2022,5,2022-10-09,REG,NE,DET,29.0,0.0,3.0,46.5,29.0,26.0,-17.5,0.7263289633682688,0.5816746508332771,0.0,0.6527832104270695,0.41891745297840227,0.5,0.41891745297840227,,,total,0
2022_05_SEA_NO,2022,5,2022-10-09,REG,NO,SEA,39.0,32.0,5.5,45.5,7.0,1.5,25.5,0.5731734981919311,0.6769093283838592,1.0,0.6073495804952406,0.4292047460538859,0.5,0.4292047460538859,,,total,1
2022_05_MIA_NYJ,2022,5,2022-10-09,REG,NYJ,MIA,40.0,17.0,-3.0,46.0,23.0,26.0,11.0,0.2761558079948836,0.3966571791921516,1.0,0.4618520074270124,0.4606014674010516,0.5,0.4606014674010516,,,total,1
2022_05_ATL_TB,2022,5,2022-10-09,REG,TB,ATL,21.0,15.0,10.5,46.0,6.0,-4.5,-10.0,0.7935578182988458,0.7868489845163884,0.0,0.4038496280619786,0.4733127896146518,0.5,0.4733127896146518,,,total,0
2022_05_TEN_WAS,2022,5,2022-10-09,REG,WAS,TEN,17.0,21.0,-1.0,43.0,-4.0,-3.0,-5.0,0.35552580399429445,0.48837209302325585,0.0,0.47289362249847666,0.45822318358378616,0.5,0.45822318358378616,,,total,0
2022_05_LV_KC,2022,5,2022-10-10,REG,KC,LV,30.0,29.0,7.5,51.5,1.0,-6.5,7.5,0.829803244992044,0.7408832128019694,1.0,0.4799864034419364,0.4566996014462577,0.5,0.4566996014462577,,,total,1
2022_06_WAS_CHI,2022,6,2022-10-13,REG,CHI,WAS,7.0,12.0,-1.0,38.5,-5.0,-4.0,-19.5,0.6258120454953295,0.4672897196261682,0.0,0.6617567667562623,0.41682536458895947,0.5,0.41682536458895947,,,total,0
2022_06_SF_ATL,2022,6,2022-10-16,REG,ATL,SF,28.0,14.0,-3.5,46.0,14.0,17.5,-4.0,0.34197576725461587,0.36674816625916873,0.0,0.5568535637122108,0.4402276171266974,0.5,0.4402276171266974,,,total,0
2022_06_NE_CLE,2022,6,2022-10-16,REG,CLE,NE,15.0,38.0,2.5,43.0,-23.0,-25.5,10.0,0.5477830554200726,0.5697382574399427,1.0,0.36962448649274887,0.48108884692081477,0.5,0.48108884692081477,,,total,1
2022_06_NYJ_GB,2022,6,2022-10-16,REG,GB,NYJ,10.0,27.0,7.5,44.5,-17.0,-24.5,-7.5,0.7952262199509547,0.7603858721020694,0.0,0.365138496870463,0.48212921486164345,0.5,0.48212921486164345,,,total,0
2022_06_JAX_IND,2022,6,2022-10-16,REG,IND,JAX,34.0,27.0,1.0,41.0,7.0,6.0,20.0,0.7331760599057021,0.5357590966122961,1.0,0.580669878730043,0.4350672823679608,0.5,0.4350672823679608,,,total,1
2022_06_BUF_KC,2022,6,2022-10-16,REG,KC,BUF,20.0,24.0,-2.5,54.0,-4.0,-1.5,-10.0,0.5696815687848288,0.4207141879874127,0.0,0.5804631486362457,0.4351123307124006,0.5,0.4351123307124006,,,total,0
2022_06_CAR_LA,2022,6,2022-10-16,REG,LA,CAR,24.0,10.0,10.0,41.5,14.0,4.0,-7.5,0.8122963426665286,0.7810116153488234,0.0,0.7981521197254239,0.38042833457414743,0.5,0.38042833457414743,,,total,0
2022_06_MIN_MIA,2022,6,2022-10-16,REG,MIA,MIN,16.0,24.0,-3.0,45.0,-8.0,-5.0,-5.0,0.5371129290814268,0.3794411866160745,0.0,0.4740769745940759,0.45796878896356435,0.5,0.45796878896356435,,,total,0
2022_06_CIN_NO,2022,6,2022-10-16,REG,NO,CIN,26.0,30.0,-3.0,42.5,-4.0,-1.0,13.5,0.5000188717944772,0.39360687022900764,1.0,0.48276648302491676,0.4561031454465596,0.5,0.4561031454465596,,,total,1
2022_06_BAL_NYG,2022,6,2022-10-16,REG,NYG,BAL,24.0,20.0,-5.5,46.0,4.0,9.5,-2.0,0.41836058309485674,0.31808312064302313,0.0,0.43750864711146914,0.46588307422994996,0.5,0.46588307422994996,,,total,0
2022_06_DAL_PHI,2022,6,2022-10-16,REG,PHI,DAL,26.0,17.0,6.5,42.5,9.0,2.5,0.5,0.5461556961887709,0.723912553527158,1.0,0.37673947965481136,0.47944970322553676,0.5,0.47944970322553676,,,total,1
2022_06_TB_PIT,2022,6,2022-10-16,REG,PIT,TB,20.0,18.0,-10.0,47.0,2.0,12.0,-9.0,0.31370431167915125,0.22937728315351283,0.0,0.5131144858929345,0.4496075639564663,0.5,0.4496075639564663,,,total,0
2022_06_ARI_SEA,2022,6,2022-10-16,REG,SEA,ARI,19.0,9.0,-2.5,50.0,10.0,12.5,-22.0,0.5674286819860968,0.43762053107847504,0.0,0.4546282696158424,0.4621626111145073,0.5,0.4621626111145073,,,total,0
2022_06_DEN_LAC,2022,6,2022-10-17,REG,LAC,DEN,19.0,16.0,3.5,45.5,3.0,-0.5,-10.5,0.6708782953093184,0.6336902505251294,0.0,0.7066619499810645,0.405947304282491,0.5,0.405947304282491,,,total,0
2022_07_NO_ARI,2022,7,2022-10-20,REG,ARI,NO,42.0,34.0,2.5,44.0,8.0,5.5,32.0,0.5398292834041537,0.5686556434219986,1.0,0.47286147017962193,0.4582300968289938,0.5,0.4582300968289938,,,total,1
2022_07_CLE_BAL,2022,7,2022-10-23,REG,BAL,CLE,23.0,20.0,6.5,46.0,3.0,-3.5,-3.0,0.6719461344538846,0.7174723389148571,0.0,0.37969216611065554,0.4787732265345807,0.5,0.4787732265345807,,,total,0
2022_07_TB_CAR,2022,7,2022-10-23,REG,CAR,TB,21.0,3.0,-13.0,39.5,18.0,31.0,-15.5,0.2275861783696589,0.15527950310559005,0.0,0.5121474651279883,0.4498143538861207,0.5,0.4498143538861207,,,total,0
2022_07_ATL_CIN,2022,7,2022-10-23,REG,CIN,ATL,35.0,17.0,6.5,47.5,18.0,11.5,4.5,0.7058591905941315,0.7098956093365133,1.0,0.3249600142730201,0.49172618778058574,0.5,0.49172618778058574,,,total,1
2022_07_DET_DAL,2022,7,2022-10-23,REG,DAL,DET,24.0,6.0,7.0,49.5,18.0,11.0,-19.5,0.8315936442031846,0.7149278269657159,0.0,0.5569583850567943,0.44020501807490414,0.5,0.44020501807490414,,,total,0
2022_07_NYJ_DEN,2022,7,2022-10-23,REG,DEN,NYJ,9.0,16.0,-2.0,37.0,-7.0,-5.0,-12.0,0.5282193154056223,0.453954604539546,0.0,0.62327876471375,0.42564875578422606,0.5,0.42564875578422606,,,total,0
2022_07_NYG_JAX,2022,7,2022-10-23,REG,JAX,NYG,17.0,23.0,3.0,44.0,-6.0,-9.0,-4.0,0.4687866200454408,0.6069415603678434,0.0,0.3279494561079901,0.4909926124326912,0.5,0.4909926124326912,,,total,0
2022_07_SEA_LAC,2022,7,2022-10-23,REG,LAC,SEA,23.0,37.0,5.5,51.5,-14.0,-19.5,8.5,0.5789477227905573,0.6679400834834022,1.0,0.6177445183444031,0.426889664197745,0.5,0.426889664197745,,,total,1
2022_07_HOU_LV,2022,7,2022-10-23,REG,LV,HOU,38.0,20.0,7.0,46.0,18.0,11.0,12.0,0.6888042790757185,0.7429694587239188,1.0,0.5741574202215872,0.4364840405452822,0.5,0.4364840405452822,,,total,1
2022_07_PIT_MIA,2022,7,2022-10-23,REG,MIA,PIT,16.0,10.0,7.5,44.5,6.0,-1.5,-18.5,0.6220863269471083,0.7264615702621697,0.0,0.4965956085639278,0.453140729123707,0.5,0.453140729123707,,,total,0
2022_07_KC_SF,2022,7,2022-10-23,REG,SF,KC,23.0,44.0,-1.0,49.0,-21.0,-20.0,18.0,0.44775360501215816,0.497677011707861,1.0,0.6309822549338142,0.4239108994369487,0.5,0.4239108994369487,,,total,1
2022_07_IND_TEN,2022,7,2022-10-23,REG,TEN,IND,19.0,10.0,2.5,43.0,9.0,6.5,-14.0,0.6549027589852616,0.5740354444580784,0.0,0.5355376839261696,0.4448084606073033,0.5,0.4448084606073033,,,total,0
2022_07_GB_WAS,2022,7,2022-10-23,REG,WAS,GB,23.0,21.0,-4.0,41.5,2.0,6.0,2.5,0.4167557879288939,0.35656010152897805,1.0,0.49891717374034417,0.4526439652316313,0.5,0.4526439652316313,,,total,1
2022_07_CHI_NE,2022,7,2022-10-24,REG,NE,CHI,14.0,33.0,9.5,40.0,-19.0,-28.5,7.0,0.75990131131892,0.7728364052746279,1.0,0.496741709681104,0.4531094632326654,0.5,0.4531094632326654,,,total,1
2022_08_BAL_TB,2022,8,2022-10-27,REG,TB,BAL,22.0,27.0,2.0,46.0,-5.0,-7.0,3.0,0.6354458049097633,0.5480494766888677,1.0,0.6343866831907337,0.4231387322458159,0.5,0.4231387322458159,,,total,1
2022_08_CAR_ATL,2022,8,2022-10-30,REG,ATL,CAR,37.0,34.0,4.5,41.0,3.0,-1.5,30.0,0.6609393546845934,0.6499104422061458,1.0,0.4890198982516516,0.4547627399271652,0.5,0.4547627399271652,,,total,1
2022_08_GB_BUF,2022,8,2022-10-30,REG,BUF,GB,27.0,17.0,10.5,47.0,10.0,-0.5,-3.0,0.8119554379115961,0.7915272066558287,0.0,0.48188925582092434,0.4562913113825851,0.5,0.4562913113825851,,,total,0
2022_08_CHI_DAL,2022,8,2022-10-30,REG,DAL,CHI,49.0,29.0,10.5,43.0,20.0,9.5,35.0,0.7563750426156206,0.7868489845163884,1.0,0.5649772937967094,0.43847351775151794,0.5,0.43847351775151794,,,total,1
2022_08_MIA_DET,2022,8,2022-10-30,REG,DET,MIA,27.0,31.0,-3.5,52.0,-4.0,-0.5,6.0,0.3562208284949789,0.36200224691049804,1.0,0.4532865444079411,0.4624530930069353,0.5,0.4624530930069353,,,total,1
2022_08_TEN_HOU,2022,8,2022-10-30,REG,HOU,TEN,10.0,17.0,-1.0,39.0,-7.0,-6.0,-12.0,0.27626259587132407,0.478202846975089,0.0,0.6509700869304491,0.4193373940530736,0.5,0.4193373940530736,,,total,0
2022_08_WAS_IND,2022,8,2022-10-30,REG,IND,WAS,16.0,17.0,3.0,40.5,-1.0,-4.0,-7.5,0.6753352214354916,0.586736037934668,0.0,0.6250658971541199,0.42524671351308324,0.5,0.42524671351308324,,,total,0
2022_08_DEN_JAX,2022,8,2022-10-30,REG,JAX,DEN,17.0,21.0,1.0,41.0,-4.0,-5.0,-3.0,0.44720421188631365,0.5046466242274987,0.0,0.5190481084333557,0.4483385708247964,0.5,0.4483385708247964,,,total,0
2022_08_SF_LA,2022,8,2022-10-30,REG,LA,SF,14.0,31.0,-1.0,42.0,-17.0,-16.0,3.0,0.6116544815930507,0.5023229882921391,1.0,0.6163437710868973,0.42720279194120664,0.5,0.42720279194120664,,,total,1
2022_08_ARI_MIN,2022,8,2022-10-30,REG,MIN,ARI,34.0,26.0,4.0,48.5,8.0,4.0,11.5,0.6935077284633868,0.648330451760112,1.0,0.5842651352881132,0.4342830139525344,0.5,0.4342830139525344,,,total,1
2022_08_LV_NO,2022,8,2022-10-30,REG,NO,LV,24.0,0.0,-1.0,48.5,24.0,25.0,-24.5,0.569137806052778,0.46943325045014145,0.0,0.5906774648635075,0.4328801301610217,0.5,0.4328801301610217,,,total,0
2022_08_NE_NYJ,2022,8,2022-10-30,REG,NYJ,NE,17.0,22.0,-3.0,40.0,-5.0,-2.0,-1.0,0.5433322225376489,0.4066985645933015,0.0,0.5038492121762955,0.45158893821699947,0.5,0.45158893821699947,,,total,0
2022_08_PIT_PHI,2022,8,2022-10-30,REG,PHI,PIT,35.0,13.0,11.0,43.0,22.0,11.0,5.0,0.7666829044681527,0.8049780187088884,1.0,0.45076622505284203,0.4629992087497831,0.5,0.4629992087497831,,,total,1
2022_08_NYG_SEA,2022,8,2022-10-30,REG,SEA,NYG,27.0,13.0,3.0,44.5,14.0,11.0,-4.5,0.6648289062513466,0.6054283493752616,0.0,0.5504755563830841,0.441601176185672,0.5,0.441601176185672,,,total,0
2022_09_PHI_HOU,2022,9,2022-11-03,REG,HOU,PHI,17.0,29.0,-14.0,45.5,-12.0,2.0,0.5,0.23148922698059687,0.15167045527612721,1.0,0.5893710732374287,0.4331663857646331,0.5,0.4331663857646331,,,total,1
2022_09_SEA_ARI,2022,9,2022-11-06,REG,ARI,SEA,21.0,31.0,1.5,49.5,-10.0,-11.5,2.5,0.47149168999480756,0.5480494766888677,1.0,0.650681073213045,0.4194042500541773,0.5,0.4194042500541773,,,total,1
2022_09_LAC_ATL,2022,9,2022-11-06,REG,ATL,LAC,17.0,20.0,-2.5,49.5,-3.0,-0.5,-12.5,0.5913367994203681,0.4248994579471935,0.0,0.40175081528887036,0.473782380579542,0.5,0.473782380579542,,,total,0
2022_09_MIA_CHI,2022,9,2022-11-06,REG,CHI,MIA,32.0,35.0,-4.0,46.0,-3.0,1.0,21.0,0.45814870389385,0.3582082253410925,1.0,0.5476539067326739,0.44220796188584377,0.5,0.44220796188584377,,,total,1
2022_09_CAR_CIN,2022,9,2022-11-06,REG,CIN,CAR,42.0,21.0,7.0,43.0,21.0,14.0,20.0,0.7746217579315948,0.745785705017046,1.0,0.48251386928759354,0.4561573276258099,0.5,0.4561573276258099,,,total,1
2022_09_GB_DET,2022,9,2022-11-06,REG,DET,GB,15.0,9.0,-4.0,49.5,6.0,10.0,-25.5,0.3485524750597795,0.36072889550018594,0.0,0.5333116456616321,0.4452854962544422,0.5,0.4452854962544422,,,total,0
2022_09_LV_JAX,2022,9,2022-11-06,REG,JAX,LV,27.0,20.0,-2.5,47.5,7.0,9.5,-0.5,0.417494085236621,0.451107083760145,0.0,0.4426779303488603,0.46475626243784846,0.5,0.46475626243784846,,,total,0
2022_09_TEN_KC,2022,9,2022-11-06,REG,KC,TEN,20.0,17.0,14.0,45.0,3.0,-11.0,-8.0,0.7095544530050273,0.8461898356629043,0.0,0.3978899112681815,0.47464846606582806,0.5,0.47464846606582806,,,total,0
2022_09_IND_NE,2022,9,2022-11-06,REG,NE,IND,26.0,3.0,5.0,40.0,23.0,18.0,-11.0,0.615771358577512,0.6618106139438086,0.0,0.506418342265065,0.4510394892074673,0.5,0.4510394892074673,,,total,0
2022_09_BUF_NYJ,2022,9,2022-11-06,REG,NYJ,BUF,20.0,17.0,-11.0,46.0,3.0,14.0,-9.0,0.2255309808547478,0.19386422976501305,0.0,0.5900443182754922,0.43301889397122345,0.5,0.43301889397122345,,,total,0
2022_09_LA_TB,2022,9,2022-11-06,REG,TB,LA,16.0,13.0,3.0,43.0,3.0,0.0,-14.0,0.5953453831289753,0.5971016303329377,0.0,0.628794714759991,0.42440569256479393,0.5,0.42440569256479393,,,total,0
2022_09_MIN_WAS,2022,9,2022-11-06,REG,WAS,MIN,17.0,20.0,-3.0,43.5,-3.0,0.0,-6.5,0.36714434532253076,0.3880609933784388,0.0,0.550361112653162,0.4416257968439179,0.5,0.4416257968439179,,,total,0
2022_09_BAL_NO,2022,9,2022-11-07,REG,NO,BAL,13.0,27.0,-1.0,46.0,-14.0,-13.0,-6.0,0.5004775738152373,0.4600722970752547,0.0,0.560703122072821,0.43939709816411665,0.5,0.43939709816411665,,,total,0
2022_10_ATL_CAR,2022,10,2022-11-10,REG,CAR,ATL,25.0,15.0,-2.5,41.5,10.0,12.5,-1.5,0.47179275925236425,0.4452291394795425,0.0,0.5706987691239688,0.4372345719628388,0.5,0.4372345719628388,,,total,0
2022_10_MIN_BUF,2022,10,2022-11-13,REG,BUF,MIN,30.0,33.0,6.5,47.0,-3.0,-9.5,16.0,0.7107497608344228,0.7053108808290155,1.0,0.4642550742873916,0.4600831024494696,0.5,0.4600831024494696,,,total,1
2022_10_DET_CHI,2022,10,2022-11-13,REG,CHI,DET,30.0,31.0,3.0,48.5,-1.0,-4.0,12.5,0.6549880111744922,0.5986798270759409,1.0,0.49726720212385045,0.4529970109498261,0.5,0.4529970109498261,,,total,1
2022_10_DAL_GB,2022,10,2022-11-13,REG,GB,DAL,31.0,28.0,-3.5,44.5,3.0,6.5,14.5,0.3969720660297623,0.35166954823988805,1.0,0.5615094503886218,0.43922298431719037,0.5,0.43922298431719037,,,total,1
2022_10_JAX_KC,2022,10,2022-11-13,REG,KC,JAX,27.0,17.0,10.0,51.5,10.0,0.0,-7.5,0.9058429124356451,0.7758985390740433,0.0,0.6104574384829565,0.42851463277586677,0.5,0.42851463277586677,,,total,0
2022_10_ARI_LA,2022,10,2022-11-13,REG,LA,ARI,17.0,27.0,3.5,38.0,-10.0,-13.5,6.0,0.6789792795913286,0.6270426989984186,1.0,0.604327197202232,0.4298742922994054,0.5,0.4298742922994054,,,total,1
2022_10_IND_LV,2022,10,2022-11-13,REG,LV,IND,20.0,25.0,4.5,41.0,-5.0,-9.5,4.0,0.5261941500625338,0.648330451760112,1.0,0.6395967667518246,0.4219518084175884,0.5,0.4219518084175884,,,total,1
2022_10_CLE_MIA,2022,10,2022-11-13,REG,MIA,CLE,39.0,17.0,3.0,49.0,22.0,19.0,7.0,0.6455321917564535,0.6224409126843496,1.0,0.40648951996776084,0.47272331834891396,0.5,0.47272331834891396,,,total,1
2022_10_HOU_NYG,2022,10,2022-11-13,REG,NYG,HOU,24.0,16.0,5.5,41.5,8.0,2.5,-1.5,0.7197125486194348,0.6700755434503315,0.0,0.5112775750766106,0.45000037132428855,0.5,0.45000037132428855,,,total,0
2022_10_NO_PIT,2022,10,2022-11-13,REG,PIT,NO,20.0,10.0,1.0,39.5,10.0,9.0,-9.5,0.5265372454228273,0.5240193918025562,0.0,0.5187984641806321,0.4483919681546978,0.5,0.4483919681546978,,,total,0
2022_10_LAC_SF,2022,10,2022-11-13,REG,SF,LAC,22.0,16.0,8.5,45.5,6.0,-2.5,-7.5,0.7123729543243604,0.7584745314828713,0.0,0.5963991856659465,0.431623555948771,0.5,0.431623555948771,,,total,0
2022_10_SEA_TB,2022,10,2022-11-13,REG,TB,SEA,21.0,16.0,2.5,45.0,5.0,2.5,-8.0,0.48464588018714533,0.5649948822927329,0.0,0.4999562311333301,0.4524216648093684,0.5,0.4524216648093684,,,total,0
2022_10_DEN_TEN,2022,10,2022-11-13,REG,TEN,DEN,17.0,10.0,2.5,40.0,7.0,4.5,-13.0,0.7972072662153208,0.5605012156349355,0.0,0.6355508195515576,0.42287408245815666,0.5,0.42287408245815666,,,total,0
2022_10_WAS_PHI,2022,10,2022-11-14,REG,PHI,WAS,21.0,32.0,11.0,43.0,-11.0,-22.0,10.0,0.8126666693602341,0.808051612079015,1.0,0.5901665575129511,0.43299210765388346,0.5,0.43299210765388346,,,total,1
2022_11_TEN_GB,2022,11,2022-11-17,REG,GB,TEN,17.0,27.0,3.0,40.5,-10.0,-13.0,3.5,0.43566421462420457,0.6148543979079913,1.0,0.48869856808112844,0.45483157898526205,0.5,0.45483157898526205,,,total,1
2022_11_CHI_ATL,2022,11,2022-11-20,REG,ATL,CHI,27.0,24.0,3.0,48.5,3.0,0.0,2.5,0.6047899339558803,0.5660893345487694,1.0,0.49570880630586894,0.45333051712340827,0.5,0.45333051712340827,,,total,1
2022_11_CAR_BAL,2022,11,2022-11-20,REG,BAL,CAR,13.0,3.0,13.0,42.0,10.0,-3.0,-26.0,0.7870202621171343,0.8392998896396833,0.0,0.4174814669813342,0.47028223280280607,0.5,0.47028223280280607,,,total,0
2022_11_CLE_BUF,2022,11,2022-11-20,REG,BUF,CLE,31.0,23.0,7.5,50.5,8.0,0.5,3.5,0.7721566460655466,0.7561815774459886,1.0,0.5026456879753961,0.45184635481941027,0.5,0.45184635481941027,,,total,1
2022_11_LV_DEN,2022,11,2022-11-20,REG,DEN,LV,16.0,22.0,2.5,41.5,-6.0,-8.5,-3.5,0.5623644353630546,0.5775497887748944,0.0,0.4174476830601584,0.47028970422837363,0.5,0.47028970422837363,,,total,0
2022_11_WAS_HOU,2022,11,2022-11-20,REG,HOU,WAS,10.0,23.0,-3.0,41.0,-13.0,-10.0,-8.0,0.3768520051059028,0.41493775933609955,0.0,0.4629141537249227,0.46037229579995137,0.5,0.46037229579995137,,,total,0
2022_11_PHI_IND,2022,11,2022-11-20,REG,IND,PHI,16.0,17.0,-6.5,45.5,-1.0,5.5,-12.5,0.44034729073183276,0.290309925460965,0.0,0.49886319456330025,0.4526555143247763,0.5,0.4526555143247763,,,total,0
2022_11_KC_LAC,2022,11,2022-11-20,REG,LAC,KC,27.0,30.0,-5.5,52.5,-3.0,2.5,4.5,0.26348208218145786,0.32106932575441594,1.0,0.5743900067755016,0.43643352372337973,0.5,0.43643352372337973,,,total,1
2022_11_DAL_MIN,2022,11,2022-11-20,REG,MIN,DAL,3.0,40.0,-1.5,48.5,-37.0,-35.5,-5.5,0.6170228505263391,0.4471717836540324,0.0,0.44838597100816563,0.4635155584805282,0.5,0.4635155584805282,,,total,0
2022_11_NYJ_NE,2022,11,2022-11-20,REG,NE,NYJ,10.0,3.0,3.5,38.5,7.0,3.5,-25.5,0.6649236429100305,0.629269318749507,0.0,0.48277568197620785,0.45610117245319043,0.5,0.45610117245319043,,,total,0
2022_11_LA_NO,2022,11,2022-11-20,REG,NO,LA,27.0,20.0,2.5,39.5,7.0,4.5,7.5,0.5206838965977967,0.5399277029247453,1.0,0.6721189359190175,0.4143792114702744,0.5,0.4143792114702744,,,total,1
2022_11_DET_NYG,2022,11,2022-11-20,REG,NYG,DET,18.0,31.0,3.0,44.0,-13.0,-16.0,5.0,0.6896062852123377,0.5986798270759409,1.0,0.4698794997683127,0.45887155427207993,0.5,0.45887155427207993,,,total,1
2022_11_CIN_PIT,2022,11,2022-11-20,REG,PIT,CIN,30.0,37.0,-3.5,39.0,-7.0,-3.5,28.0,0.4212820291360161,0.37073068125049297,1.0,0.4192756839638906,0.4698856991719742,0.5,0.4698856991719742,,,total,1
2022_11_SF_ARI,2022,11,2022-11-21,REG,ARI,SF,10.0,38.0,-10.0,43.5,-28.0,-18.0,4.5,0.3451086617162571,0.21561338289962823,1.0,0.4264712174032585,0.46830044509098684,0.5,0.46830044509098684,,,total,1
2022_12_NYG_DAL,2022,12,2022-11-24,REG,DAL,NYG,28.0,20.0,10.5,45.5,8.0,-2.5,2.5,0.8237765163303193,0.7905398342128594,1.0,0.3594903162212674,0.48344710653230355,0.5,0.48344710653230355,,,total,1
2022_12_BUF_DET,2022,12,2022-11-24,REG,DET,BUF,25.0,28.0,-10.0,54.0,-3.0,7.0,-1.0,0.22688987713241834,0.21945616020299694,0.0,0.5415370371286239,0.4435217547025639,0.5,0.4435217547025639,,,total,0
2022_12_NE_MIN,2022,12,2022-11-24,REG,MIN,NE,33.0,26.0,2.5,42.5,7.0,4.5,16.5,0.6033374522282826,0.562379468921525,1.0,0.41800022878456555,0.4701675300558319,0.5,0.4701675300558319,,,total,1
2022_12_LAC_ARI,2022,12,2022-11-27,REG,ARI,LAC,24.0,25.0,-2.5,48.5,-1.0,1.5,0.5,0.5739869727564171,0.43762053107847504,1.0,0.3565112312857486,0.4841459530260361,0.5,0.4841459530260361,,,total,1
2022_12_DEN_CAR,2022,12,2022-11-27,REG,CAR,DEN,23.0,10.0,-1.0,36.5,13.0,14.0,-3.5,0.6141677140274532,0.4759806081974437,0.0,0.5995614313951404,0.43092700700830483,0.5,0.43092700700830483,,,total,0
2022_12_TB_CLE,2022,12,2022-11-27,REG,CLE,TB,23.0,17.0,-3.0,42.0,6.0,9.0,-2.0,0.401428923553496,0.3880609933784388,0.0,0.585638268551765,0.43398305391004516,0.5,0.43398305391004516,,,total,0
2022_12_BAL_JAX,2022,12,2022-11-27,REG,JAX,BAL,28.0,27.0,-3.5,43.0,1.0,4.5,12.0,0.2669493210896995,0.3945716506247385,1.0,0.5636430015080577,0.4387620090443621,0.5,0.4387620090443621,,,total,1
2022_12_LA_KC,2022,12,2022-11-27,REG,KC,LA,26.0,10.0,16.5,42.0,16.0,-0.5,-6.0,0.8468432644521123,0.8882601694532649,0.0,0.5544266068244219,0.4407506272483916,0.5,0.4407506272483916,,,total,0
2022_12_HOU_MIA,2022,12,2022-11-27,REG,MIA,HOU,30.0,15.0,14.0,47.0,15.0,1.0,-2.0,0.8486116538151144,0.8640691389767738,0.0,0.39625134979361665,0.475016933557727,0.5,0.475016933557727,,,total,0
2022_12_CHI_NYJ,2022,12,2022-11-27,REG,NYJ,CHI,31.0,10.0,8.5,36.5,21.0,12.5,4.5,0.6562217436250698,0.7661538461538461,1.0,0.53634969264194,0.4446343994769567,0.5,0.4446343994769567,,,total,1
2022_12_GB_PHI,2022,12,2022-11-27,REG,PHI,GB,40.0,33.0,6.5,46.0,7.0,0.5,27.0,0.7225658785529541,0.7149278269657159,1.0,0.40877677251597916,0.47221362627531555,0.5,0.47221362627531555,,,total,1
2022_12_LV_SEA,2022,12,2022-11-27,REG,SEA,LV,34.0,40.0,4.0,47.5,-6.0,-10.0,26.5,0.7333681677599964,0.644674925573802,1.0,0.4187106658734041,0.4700105163629946,0.5,0.4700105163629946,,,total,1
2022_12_NO_SF,2022,12,2022-11-27,REG,SF,NO,13.0,0.0,9.5,44.0,13.0,3.5,-31.0,0.7632098449842168,0.7728364052746279,0.0,0.473261243050195,0.458144144052455,0.5,0.458144144052455,,,total,0
2022_12_CIN_TEN,2022,12,2022-11-27,REG,TEN,CIN,16.0,20.0,-1.0,43.0,-4.0,-3.0,-7.0,0.6191613910555517,0.5,0.0,0.48764191793536554,0.4550579733516982,0.5,0.4550579733516982,,,total,0
2022_12_ATL_WAS,2022,12,2022-11-27,REG,WAS,ATL,19.0,13.0,3.5,40.5,6.0,2.5,-8.5,0.6422925887582045,0.6297217024951262,0.0,0.3448551497154698,0.4869066437612235,0.5,0.4869066437612235,,,total,0
2022_12_PIT_IND,2022,12,2022-11-28,REG,IND,PIT,17.0,24.0,2.5,40.0,-7.0,-9.5,1.0,0.6273962969195968,0.5480494766888677,1.0,0.5258900028734591,0.44687471719273,0.5,0.44687471719273,,,total,1
2022_13_BUF_NE,2022,13,2022-12-01,REG,NE,BUF,10.0,24.0,-3.5,43.5,-14.0,-10.5,-9.5,0.36114172098132213,0.3676233473073202,0.0,0.5309236091700332,0.44579704436623196,0.5,0.44579704436623196,,,total,0
2022_13_PIT_ATL,2022,13,2022-12-04,REG,ATL,PIT,16.0,19.0,-1.0,43.0,-3.0,-2.0,-8.0,0.5237736180214292,0.48147562105834224,0.0,0.42332914983116404,0.4689917150226593,0.5,0.4689917150226593,,,total,0
2022_13_DEN_BAL,2022,13,2022-12-04,REG,BAL,DEN,10.0,9.0,9.5,40.5,1.0,-8.5,-21.5,0.8336081419478747,0.7536076905268497,0.0,0.4908044882216409,0.45438048980270057,0.5,0.45438048980270057,,,total,0
2022_13_GB_CHI,2022,13,2022-12-04,REG,CHI,GB,19.0,28.0,-4.0,45.0,-9.0,-5.0,2.0,0.46348545864059176,0.37073068125049297,1.0,0.30024585670810827,0.49793538155381406,0.5,0.49793538155381406,,,total,1
2022_13_KC_CIN,2022,13,2022-12-04,REG,CIN,KC,27.0,24.0,-2.5,53.0,3.0,5.5,-2.0,0.41581497956011515,0.444104134762634,0.0,0.4592950955186999,0.4611535325331913,0.5,0.4611535325331913,,,total,0
2022_13_IND_DAL,2022,13,2022-12-04,REG,DAL,IND,54.0,19.0,11.0,44.5,35.0,24.0,28.5,0.8052956488406,0.7963340122199594,1.0,0.5106696428344151,0.45013037122395866,0.5,0.45013037122395866,,,total,1
2022_13_JAX_DET,2022,13,2022-12-04,REG,DET,JAX,40.0,14.0,1.0,51.5,26.0,25.0,2.5,0.6315247029625944,0.5284039285250725,1.0,0.48303851013974997,0.4560448026378413,0.5,0.4560448026378413,,,total,1
2022_13_CLE_HOU,2022,13,2022-12-04,REG,HOU,CLE,14.0,27.0,-7.5,47.0,-13.0,-5.5,-6.0,0.3336391230879383,0.25547879942829915,0.0,0.531288114046787,0.44571897548883993,0.5,0.44571897548883993,,,total,0
2022_13_SEA_LA,2022,13,2022-12-04,REG,LA,SEA,23.0,27.0,-7.0,41.0,-4.0,3.0,9.0,0.49711583299518025,0.276087446472842,1.0,0.5509392009324927,0.4415014219490524,0.5,0.4415014219490524,,,total,1
2022_13_LAC_LV,2022,13,2022-12-04,REG,LV,LAC,27.0,20.0,2.5,49.0,7.0,4.5,-2.0,0.5608649312028675,0.5668328047122791,0.0,0.5395227542463356,0.4439539518908713,0.5,0.4439539518908713,,,total,0
2022_13_NYJ_MIN,2022,13,2022-12-04,REG,MIN,NYJ,27.0,22.0,3.0,44.0,5.0,2.0,5.0,0.714189871455363,0.5792858120125872,1.0,0.6002618057710795,0.43077252717637793,0.5,0.43077252717637793,,,total,1
2022_13_TEN_PHI,2022,13,2022-12-04,REG,PHI,TEN,35.0,10.0,5.0,44.5,25.0,20.0,0.5,0.5810704825400279,0.6629225583423975,1.0,0.29047026617411964,0.5004706593124496,0.5,0.5004706593124496,,,total,1
2022_13_MIA_SF,2022,13,2022-12-04,REG,SF,MIA,33.0,17.0,4.5,46.0,16.0,11.5,4.0,0.6702481759521212,0.6711332625214478,1.0,0.5936441777889159,0.43222918370740504,0.5,0.43222918370740504,,,total,1
2022_13_NO_TB,2022,13,2022-12-05,REG,TB,NO,17.0,16.0,3.5,41.0,1.0,-2.5,-8.0,0.7036457691953728,0.6379977530895019,0.0,0.6019911840406904,0.43039075145512157,0.5,0.43039075145512157,,,total,0
2022_14_LV_LA,2022,14,2022-12-08,REG,LA,LV,17.0,16.0,-6.5,42.5,1.0,7.5,-9.5,0.5327887689116594,0.2817523080884246,0.0,0.49085331385159436,0.4543700331037562,0.5,0.4543700331037562,,,total,0
2022_14_NYJ_BUF,2022,14,2022-12-11,REG,BUF,NYJ,20.0,12.0,10.0,43.5,8.0,-2.0,-11.5,0.8427641483369083,0.7754085940036801,0.0,0.3916735792582299,0.4760493002791888,0.5,0.4760493002791888,,,total,0
2022_14_CLE_CIN,2022,14,2022-12-11,REG,CIN,CLE,23.0,10.0,4.5,47.0,13.0,8.5,-14.0,0.7426748924782014,0.6534585746204004,0.0,0.38896468485454894,0.47666231457354785,0.5,0.47666231457354785,,,total,0
2022_14_HOU_DAL,2022,14,2022-12-11,REG,DAL,HOU,27.0,23.0,17.0,44.5,4.0,-13.0,5.5,0.9196562752565436,0.90462674227086,1.0,0.4946305517683835,0.4535613047426576,0.5,0.4535613047426576,,,total,1
2022_14_KC_DEN,2022,14,2022-12-11,REG,DEN,KC,28.0,34.0,-8.5,44.5,-6.0,2.5,17.5,0.15377518635795004,0.22616355195810023,1.0,0.5424388678049185,0.44332818635672866,0.5,0.44332818635672866,,,total,1
2022_14_MIN_DET,2022,14,2022-12-11,REG,DET,MIN,34.0,23.0,2.5,51.5,11.0,8.5,5.5,0.35149713899114005,0.5547708605204575,1.0,0.3740769547736943,0.48006156640943365,0.5,0.48006156640943365,,,total,1
2022_14_MIA_LAC,2022,14,2022-12-11,REG,LAC,MIA,23.0,17.0,-3.0,54.5,6.0,9.0,-14.5,0.45319711747003216,0.3960962679598783,0.0,0.5228489038490816,0.4475254856078956,0.5,0.4475254856078956,,,total,0
2022_14_PHI_NYG,2022,14,2022-12-11,REG,NYG,PHI,22.0,48.0,-7.5,44.5,-26.0,-18.5,25.5,0.29387790153224497,0.26994359387590655,1.0,0.4182525718671354,0.470111750460201,0.5,0.470111750460201,,,total,1
2022_14_BAL_PIT,2022,14,2022-12-11,REG,PIT,BAL,14.0,16.0,1.5,37.0,-2.0,-3.5,-7.0,0.4378314340405828,0.5399277029247453,0.0,0.5944124080293687,0.432060416763692,0.5,0.432060416763692,,,total,0
2022_14_CAR_SEA,2022,14,2022-12-11,REG,SEA,CAR,24.0,30.0,3.5,44.5,-6.0,-9.5,9.5,0.7284579795364035,0.6495327102803738,1.0,0.4829419714509638,0.4560655073131598,0.5,0.4560655073131598,,,total,1
2022_14_TB_SF,2022,14,2022-12-11,REG,SF,TB,35.0,7.0,3.5,38.0,28.0,24.5,4.0,0.697132230157186,0.6455089820359281,1.0,0.5024891940444579,0.45187982798226217,0.5,0.45187982798226217,,,total,1
2022_14_JAX_TEN,2022,14,2022-12-11,REG,TEN,JAX,22.0,36.0,3.0,42.0,-14.0,-17.0,16.0,0.8295533716649793,0.6119390066215612,1.0,0.4173895416862385,0.47030256281739735,0.5,0.47030256281739735,,,total,1
2022_14_NE_ARI,2022,14,2022-12-12,REG,ARI,NE,13.0,27.0,-2.0,44.0,-14.0,-12.0,-4.0,0.48990539957699714,0.45801526717557256,0.0,0.548683621633337,0.4419865836999331,0.5,0.4419865836999331,,,total,0
2022_15_SF_SEA,2022,15,2022-12-15,REG,SEA,SF,13.0,21.0,-3.0,43.0,-8.0,-5.0,-9.0,0.3520492288544797,0.3871172000921022,0.0,0.4675650745516059,0.4593698255196307,0.5,0.4593698255196307,,,total,0
2022_15_MIA_BUF,2022,15,2022-12-17,REG,BUF,MIA,32.0,29.0,7.0,44.0,3.0,-4.0,17.0,0.8056588346978962,0.7397124442240952,1.0,0.5354457447388595,0.4448281668633711,0.5,0.4448281668633711,,,total,1
2022_15_BAL_CLE,2022,15,2022-12-17,REG,CLE,BAL,13.0,3.0,2.5,39.5,10.0,7.5,-23.5,0.42199361849642125,0.5922935486449755,0.0,0.4696936587758083,0.4589115502633966,0.5,0.4589115502633966,,,total,0
2022_15_IND_MIN,2022,15,2022-12-17,REG,MIN,IND,39.0,36.0,3.5,46.5,3.0,-0.5,28.5,0.7364223824751123,0.6362901596282077,1.0,0.5714902834454075,0.43706292186664114,0.5,0.43706292186664114,,,total,1
2022_15_PIT_CAR,2022,15,2022-12-18,REG,CAR,PIT,16.0,24.0,2.5,36.5,-8.0,-10.5,3.5,0.5454483607408754,0.5764909248055315,1.0,0.46146611260131576,0.46068475165604694,0.5,0.46068475165604694,,,total,1
2022_15_PHI_CHI,2022,15,2022-12-18,REG,CHI,PHI,20.0,25.0,-8.5,48.0,-5.0,3.5,-3.0,0.21595749942348416,0.22937728315351283,0.0,0.5655036316154741,0.43835967237521944,0.5,0.43835967237521944,,,total,0
2022_15_ARI_DEN,2022,15,2022-12-18,REG,DEN,ARI,24.0,15.0,1.5,37.5,9.0,7.5,1.5,0.4631983639379589,0.534834771627026,1.0,0.4882722774159009,0.454922909653958,0.5,0.454922909653958,,,total,1
2022_15_KC_HOU,2022,15,2022-12-18,REG,HOU,KC,24.0,30.0,-14.5,48.5,-6.0,8.5,5.5,0.10572862985235947,0.14421617245218096,1.0,0.6193729393156513,0.4265251646851426,0.5,0.4265251646851426,,,total,1
2022_15_DAL_JAX,2022,15,2022-12-18,REG,JAX,DAL,40.0,34.0,-4.0,48.5,6.0,10.0,25.5,0.23838746028533098,0.36370984037179227,1.0,0.5075216240133376,0.450803551003559,0.5,0.450803551003559,,,total,1
2022_15_TEN_LAC,2022,15,2022-12-18,REG,LAC,TEN,17.0,14.0,3.0,46.5,3.0,0.0,-15.5,0.5232136344023831,0.5971016303329377,0.0,0.5379151728119793,0.44429874613119913,0.5,0.44429874613119913,,,total,0
2022_15_NE_LV,2022,15,2022-12-18,REG,LV,NE,30.0,24.0,1.0,45.0,6.0,5.0,9.0,0.4785014720715877,0.5500363507751557,1.0,0.651335303983765,0.4192528778378975,0.5,0.4192528778378975,,,total,1
2022_15_ATL_NO,2022,15,2022-12-18,REG,NO,ATL,21.0,18.0,5.0,43.5,3.0,-2.0,-4.5,0.6320779567428256,0.6789306742455842,0.0,0.609281450061065,0.42877596454378814,0.5,0.42877596454378814,,,total,0
2022_15_DET_NYJ,2022,15,2022-12-18,REG,NYJ,DET,17.0,20.0,2.0,44.0,-3.0,-5.0,-7.0,0.5760114731905114,0.555895865237366,0.0,0.5611818408511298,0.43929373302012076,0.5,0.43929373302012076,,,total,0
2022_15_CIN_TB,2022,15,2022-12-18,REG,TB,CIN,23.0,34.0,-3.5,47.0,-11.0,-7.5,10.0,0.43934757245623746,0.3900657414170928,1.0,0.4368338788305544,0.4660304006999863,0.5,0.4660304006999863,,,total,1
2022_15_NYG_WAS,2022,15,2022-12-18,REG,WAS,NYG,12.0,20.0,4.5,40.5,-8.0,-12.5,-8.5,0.7152340443994573,0.6522836814321781,0.0,0.3216065794902056,0.4925533050363781,0.5,0.4925533050363781,,,total,0
2022_15_LA_GB,2022,15,2022-12-19,REG,GB,LA,24.0,12.0,8.0,39.5,12.0,4.0,-3.5,0.6213558863267211,0.7579052432627578,0.0,0.5798306726576249,0.4352501214186326,0.5,0.4352501214186326,,,total,0
2022_16_JAX_NYJ,2022,16,2022-12-22,REG,NYJ,JAX,3.0,19.0,2.5,36.5,-16.0,-18.5,-14.5,0.60207607165376,0.562379468921525,0.0,0.42890188974386934,0.46776666681064494,0.5,0.46776666681064494,,,total,0
2022_16_ATL_BAL,2022,16,2022-12-24,REG,BAL,ATL,17.0,9.0,6.5,35.0,8.0,1.5,-9.0,0.7720746055135256,0.7123342460695936,0.0,0.542908510845026,0.4432273657342005,0.5,0.4432273657342005,,,total,0
2022_16_DET_CAR,2022,16,2022-12-24,REG,CAR,DET,37.0,23.0,-2.5,43.5,14.0,16.5,16.5,0.496846978035198,0.4499636492248442,1.0,0.6184341048407788,0.4267353728674792,0.5,0.4267353728674792,,,total,1
2022_16_BUF_CHI,2022,16,2022-12-24,REG,CHI,BUF,13.0,35.0,-8.0,40.0,-22.0,-14.0,8.0,0.14450801656200768,0.2402841621395737,1.0,0.6359905928030906,0.42277402412536363,0.5,0.42277402412536363,,,total,1
2022_16_NO_CLE,2022,16,2022-12-24,REG,CLE,NO,10.0,17.0,3.0,32.0,-7.0,-10.0,-5.0,0.640828971835514,0.6279229893276131,0.0,0.5132782037722187,0.4495725538374087,0.5,0.4495725538374087,,,total,0
2022_16_PHI_DAL,2022,16,2022-12-24,REG,DAL,PHI,40.0,34.0,4.0,48.0,6.0,2.0,26.0,0.5436259173472996,0.6495327102803738,1.0,0.6216418879226148,0.4260164201484965,0.5,0.4260164201484965,,,total,1
2022_16_SEA_KC,2022,16,2022-12-24,REG,KC,SEA,24.0,10.0,10.5,50.5,14.0,3.5,-16.5,0.831274229725821,0.7923696806592547,0.0,0.5309355540529967,0.44579448610671557,0.5,0.44579448610671557,,,total,0
2022_16_NYG_MIN,2022,16,2022-12-24,REG,MIN,NYG,27.0,24.0,4.5,48.0,3.0,-1.5,3.0,0.7501895543916136,0.6651251793972254,1.0,0.44379480788100567,0.46451321377001514,0.5,0.46451321377001514,,,total,1
2022_16_CIN_NE,2022,16,2022-12-24,REG,NE,CIN,18.0,22.0,-3.0,42.0,-4.0,-1.0,-2.0,0.3874111371816522,0.4132639620653319,0.0,0.4821063096709579,0.45624474981006313,0.5,0.45624474981006313,,,total,0
2022_16_LV_PIT,2022,16,2022-12-24,REG,PIT,LV,13.0,10.0,2.5,38.5,3.0,0.5,-15.5,0.5851368680075028,0.5704635785196144,0.0,0.5325493117528199,0.44544881983522594,0.5,0.44544881983522594,,,total,0
2022_16_WAS_SF,2022,16,2022-12-24,REG,SF,WAS,37.0,20.0,6.5,37.5,17.0,10.5,19.5,0.8235062220171183,0.7151211298942416,1.0,0.5874278583172085,0.43359175461241384,0.5,0.43359175461241384,,,total,1
2022_16_HOU_TEN,2022,16,2022-12-24,REG,TEN,HOU,14.0,19.0,3.0,34.0,-5.0,-8.0,-1.0,0.832571115431735,0.6143408084559349,0.0,0.4429245732681764,0.46470257717061797,0.5,0.46470257717061797,,,total,0
2022_16_TB_ARI,2022,16,2022-12-25,REG,ARI,TB,16.0,19.0,-7.5,41.5,-3.0,4.5,-6.5,0.41605084085931293,0.26028755577590484,0.0,0.5944521495409567,0.43205168391223353,0.5,0.43205168391223353,,,total,0
2022_16_DEN_LA,2022,16,2022-12-25,REG,LA,DEN,51.0,14.0,-3.0,36.5,37.0,40.0,28.5,0.662954137310805,0.38227263180004206,1.0,0.622072782941683,0.42591968817497605,0.5,0.42591968817497605,,,total,1
2022_16_GB_MIA,2022,16,2022-12-25,REG,MIA,GB,20.0,26.0,3.5,49.0,-6.0,-9.5,-3.0,0.5978345738354083,0.629269318749507,0.0,0.30855323775588844,0.4958178255860804,0.5,0.4958178255860804,,,total,0
2022_16_LAC_IND,2022,16,2022-12-26,REG,IND,LAC,3.0,20.0,-3.5,44.5,-17.0,-13.5,-21.5,0.49229791572515746,0.3676233473073202,0.0,0.4766237414309635,0.4574215732266745,0.5,0.4574215732266745,,,total,0
2022_17_DAL_TEN,2022,17,2022-12-29,REG,TEN,DAL,13.0,27.0,-14.0,41.0,-14.0,0.0,-1.0,0.33804804614612216,0.14616351195638383,0.0,0.535354381579352,0.4448477493139482,0.5,0.4448477493139482,,,total,0
2022_17_ARI_ATL,2022,17,2023-01-01,REG,ATL,ARI,20.0,19.0,7.0,41.0,1.0,-6.0,-2.0,0.5852920036320308,0.7151211298942416,0.0,0.6111046765828114,0.4283706969101991,0.5,0.4283706969101991,,,total,0
2022_17_PIT_BAL,2022,17,2023-01-01,REG,BAL,PIT,13.0,16.0,1.0,35.5,-3.0,-4.0,-6.5,0.6629101996140895,0.534834771627026,0.0,0.4584014452094708,0.4613466115754126,0.5,0.4613466115754126,,,total,0
2022_17_CHI_DET,2022,17,2023-01-01,REG,DET,CHI,41.0,10.0,4.5,52.5,31.0,26.5,-1.5,0.7199482991068871,0.6686953451176703,0.0,0.40851755451012867,0.47227134295969253,0.5,0.47227134295969253,,,total,0
2022_17_MIN_GB,2022,17,2023-01-01,REG,GB,MIN,41.0,17.0,3.0,47.5,24.0,21.0,10.5,0.512330059083484,0.617727368199958,1.0,0.42398210469958564,0.4688479415483037,0.5,0.4688479415483037,,,total,1
2022_17_JAX_HOU,2022,17,2023-01-01,REG,HOU,JAX,3.0,31.0,-3.5,43.0,-28.0,-24.5,-9.0,0.36220739580467876,0.3650052779508833,0.0,0.5013386216853988,0.45212593944517904,0.5,0.45212593944517904,,,total,0
2022_17_DEN_KC,2022,17,2023-01-01,REG,KC,DEN,27.0,24.0,13.5,46.0,3.0,-10.5,5.0,0.9210161138194316,0.8495317115164828,1.0,0.35842658473175126,0.48369633903926723,0.5,0.48369633903926723,,,total,1
2022_17_LA_LAC,2022,17,2023-01-01,REG,LAC,LA,31.0,10.0,6.5,41.5,21.0,14.5,-0.5,0.6609524683032462,0.7176598944357621,0.0,0.4450603217392995,0.46423798926588444,0.5,0.46423798926588444,,,total,0
2022_17_SF_LV,2022,17,2023-01-01,REG,LV,SF,34.0,37.0,-10.0,41.5,-3.0,7.0,29.5,0.29295991293089696,0.20583407465858716,1.0,0.4773458574954742,0.4572664818261488,0.5,0.4572664818261488,,,total,1
2022_17_MIA_NE,2022,17,2023-01-01,REG,NE,MIA,23.0,21.0,3.0,41.5,2.0,-1.0,2.5,0.6025058804545816,0.6002460024600246,1.0,0.5155429756149029,0.44908823110754537,0.5,0.44908823110754537,,,total,1
2022_17_IND_NYG,2022,17,2023-01-01,REG,NYG,IND,38.0,10.0,5.5,38.5,28.0,22.5,9.5,0.610400775703495,0.6776342863861725,1.0,0.5482912463809952,0.4420709481225413,0.5,0.4420709481225413,,,total,1
2022_17_NO_PHI,2022,17,2023-01-01,REG,PHI,NO,10.0,20.0,5.5,41.5,-10.0,-15.5,-11.5,0.7526153328812345,0.6735308890005023,0.0,0.6439664526027046,0.42095125970442787,0.5,0.42095125970442787,,,total,0
2022_17_NYJ_SEA,2022,17,2023-01-01,REG,SEA,NYJ,23.0,6.0,-1.0,43.0,17.0,18.0,-14.0,0.6711885129328964,0.4827086071703758,0.0,0.44152784266994066,0.4650066875039512,0.5,0.4650066875039512,,,total,0
2022_17_CAR_TB,2022,17,2023-01-01,REG,TB,CAR,30.0,24.0,3.5,40.5,6.0,2.5,13.5,0.678395876837746,0.6310538349615464,1.0,0.4036884868217647,0.4733488137642551,0.5,0.4733488137642551,,,total,1
2022_17_CLE_WAS,2022,17,2023-01-01,REG,WAS,CLE,10.0,24.0,1.0,41.5,-14.0,-15.0,-7.5,0.5466749857870138,0.5262215623771888,0.0,0.30827547586618126,0.49588810597327243,0.5,0.49588810597327243,,,total,0
2022_18_TEN_JAX,2022,18,2023-01-07,REG,JAX,TEN,20.0,16.0,6.0,39.5,4.0,-2.0,-3.5,0.6316857839441864,0.7025285076846802,0.0,0.5356015190896267,0.44479477796862726,0.5,0.44479477796862726,,,total,0
2022_18_KC_LV,2022,18,2023-01-07,REG,LV,KC,13.0,31.0,-9.0,51.5,-18.0,-9.0,-7.5,0.247649400600833,0.22143025602054453,0.0,0.5810477032272504,0.4349849378297886,0.5,0.4349849378297886,,,total,0
2022_18_TB_ATL,2022,18,2023-01-08,REG,ATL,TB,30.0,17.0,6.0,40.5,13.0,7.0,6.5,0.38314023119430796,0.6829002792370676,1.0,0.3842499719378656,0.47773313900580167,0.5,0.47773313900580167,,,total,1
2022_18_NE_BUF,2022,18,2023-01-08,REG,BUF,NE,35.0,23.0,8.0,44.0,12.0,4.0,14.0,0.8196284747079601,0.7655188824223437,1.0,0.5155156852502867,0.4490940673671956,0.5,0.4490940673671956,,,total,1
2022_18_MIN_CHI,2022,18,2023-01-08,REG,CHI,MIN,13.0,29.0,-6.5,42.5,-16.0,-9.5,-0.5,0.2864822464448441,0.2974714923153198,0.0,0.5056618832315974,0.45120126379745645,0.5,0.45120126379745645,,,total,0
2022_18_BAL_CIN,2022,18,2023-01-08,REG,CIN,BAL,27.0,16.0,11.0,39.0,11.0,0.0,4.0,0.7287754845775516,0.8311808694065155,1.0,0.49425442132076164,0.4536418181190316,0.5,0.4536418181190316,,,total,1
2022_18_LAC_DEN,2022,18,2023-01-08,REG,DEN,LAC,31.0,28.0,6.0,38.5,3.0,-3.0,20.5,0.3127326041175397,0.6979212888691675,1.0,0.47017174989721583,0.45880866201502774,0.5,0.45880866201502774,,,total,1
2022_18_DET_GB,2022,18,2023-01-08,REG,GB,DET,16.0,20.0,5.5,49.0,-4.0,-9.5,-13.0,0.6906015490168295,0.7115258195992297,0.0,0.5826135454700071,0.43464348835893246,0.5,0.43464348835893246,,,total,0
2022_18_HOU_IND,2022,18,2023-01-08,REG,IND,HOU,31.0,32.0,3.0,38.0,-1.0,-4.0,25.0,0.6926241379591282,0.5722567873303167,1.0,0.5901481473559561,0.432996142007608,0.5,0.432996142007608,,,total,1
2022_18_NYJ_MIA,2022,18,2023-01-08,REG,MIA,NYJ,11.0,6.0,3.5,37.5,5.0,1.5,-20.5,0.6962989362981441,0.6495327102803738,0.0,0.5891037718833425,0.43322492797711337,0.5,0.43322492797711337,,,total,0
2022_18_CAR_NO,2022,18,2023-01-08,REG,NO,CAR,7.0,10.0,3.5,41.5,-3.0,-6.5,-24.5,0.6975658115072862,0.6252015045674368,0.0,0.5786380918920582,0.43550980832907804,0.5,0.43550980832907804,,,total,0
2022_18_NYG_PHI,2022,18,2023-01-08,REG,PHI,NYG,22.0,16.0,16.5,42.5,6.0,-10.5,-4.5,0.7550848101226549,0.8986974530501657,0.0,0.444596766634771,0.4643387827352979,0.5,0.4643387827352979,,,total,0
2022_18_CLE_PIT,2022,18,2023-01-08,REG,PIT,CLE,28.0,14.0,2.5,40.0,14.0,11.5,2.0,0.6018032148354961,0.5722567873303167,1.0,0.4592897124566316,0.46115469537383313,0.5,0.46115469537383313,,,total,1
2022_18_LA_SEA,2022,18,2023-01-08,REG,SEA,LA,19.0,16.0,5.5,41.5,3.0,-2.5,-6.5,0.662630072844015,0.6732289817653704,0.0,0.3894642847544855,0.47654913585420633,0.5,0.47654913585420633,,,total,0
2022_18_ARI_SF,2022,18,2023-01-08,REG,SF,ARI,38.0,13.0,14.0,40.0,25.0,11.0,11.0,0.8919545608972899,0.886302763694837,1.0,0.3680173538253552,0.4814609355946487,0.5,0.4814609355946487,,,total,1
2022_18_DAL_WAS,2022,18,2023-01-08,REG,WAS,DAL,26.0,6.0,-7.5,40.5,20.0,27.5,-8.5,0.268733464341709,0.25977238990598717,0.0,0.4489028553120003,0.4634033810408225,0.5,0.4634033810408225,,,total,0
2022_19_LAC_JAX,2022,19,2023-01-14,WC,JAX,LAC,31.0,30.0,-2.0,46.5,1.0,3.0,14.5,0.5547051681074701,0.4559761116939714,1.0,0.5798327447400939,0.43524967007358095,0.5,0.43524967007358095,,,total,1
2022_19_SEA_SF,2022,19,2023-01-14,WC,SF,SEA,41.0,23.0,10.0,42.0,18.0,8.0,22.0,0.8078372123513495,0.7923696806592547,1.0,0.5088990232127717,0.4505090012404617,0.5,0.4505090012404617,,,total,1
2022_19_MIA_BUF,2022,19,2023-01-15,WC,BUF,MIA,34.0,31.0,14.0,44.0,3.0,-11.0,21.0,0.8454405754275481,0.8705882042861398,1.0,0.5824094008307348,0.4346880213193716,0.5,0.4346880213193716,,,total,1
2022_19_BAL_CIN,2022,19,2023-01-15,WC,CIN,BAL,24.0,17.0,7.5,40.0,7.0,-0.5,1.0,0.7562760785225964,0.7639021449741297,1.0,0.5186877911009614,0.44841564016475377,0.5,0.44841564016475377,,,total,1
2022_19_NYG_MIN,2022,19,2023-01-15,WC,MIN,NYG,24.0,31.0,2.5,48.0,-7.0,-9.5,7.0,0.7280317656744866,0.5733276913854508,1.0,0.33725196688805503,0.48873158890313817,0.5,0.48873158890313817,,,total,1
2022_19_DAL_TB,2022,19,2023-01-16,WC,TB,DAL,14.0,31.0,-2.5,45.5,-17.0,-14.5,-0.5,0.43010789352631007,0.43949878436506445,0.0,0.3822124101254237,0.47819750020389223,0.5,0.47819750020389223,,,total,0
2022_20_JAX_KC,2022,20,2023-01-21,DIV,KC,JAX,27.0,20.0,10.0,52.5,7.0,-3.0,-5.5,0.8351397602883768,0.7967369210534896,0.0,0.44250753739495063,0.46479335490725004,0.5,0.46479335490725004,,,total,0
2022_20_NYG_PHI,2022,20,2023-01-21,DIV,PHI,NYG,38.0,7.0,8.0,48.0,31.0,23.0,-3.0,0.731040853812196,0.7597158378604262,0.0,0.4859738422362315,0.4554154564901711,0.5,0.4554154564901711,,,total,0
2022_20_CIN_BUF,2022,20,2023-01-22,DIV,BUF,CIN,10.0,27.0,6.0,48.5,-17.0,-23.0,-11.5,0.6425776696764626,0.7016637026941679,0.0,0.5063834609021451,0.4510469487607365,0.5,0.4510469487607365,,,total,0
2022_20_DAL_SF,2022,20,2023-01-22,DIV,SF,DAL,19.0,12.0,3.5,46.5,7.0,3.5,-15.5,0.6812038285250877,0.6306061713569676,0.0,0.5417412111794024,0.44347793457526197,0.5,0.44347793457526197,,,total,0
2022_21_CIN_KC,2022,21,2023-01-29,CON,KC,CIN,23.0,20.0,2.0,48.5,3.0,1.0,-5.5,0.5838499766646073,0.5539593349939177,0.0,0.4618147239573972,0.46060951343329426,0.5,0.46060951343329426,,,total,0
2022_21_SF_PHI,2022,21,2023-01-29,CON,PHI,SF,31.0,7.0,2.5,45.0,24.0,21.5,-7.0,0.42058636373312863,0.5810079557598683,0.0,0.4509843087860139,0.4629519284883392,0.5,0.4629519284883392,,,total,0
2022_22_KC_PHI,2022,22,2023-02-12,SB,PHI,KC,35.0,38.0,1.0,51.0,-3.0,-4.0,22.0,0.37267457289774764,0.521797153024911,1.0,0.6709480152436993,0.4146573479422209,0.5,0.4146573479422209,,,total,1
2023_01_DET_KC,2023,1,2023-09-07,REG,KC,DET,20.0,21.0,4.0,53.0,-1.0,-5.0,-12.0,0.8154735498598151,0.6369041816941223,0.0,0.281369706719498,0.45009088641402417,0.5,0.45009088641402417,,,total,0
2023_01_CAR_ATL,2023,1,2023-09-10,REG,ATL,CAR,24.0,10.0,3.5,40.5,14.0,10.5,-6.5,0.550586879383643,0.6309403437815976,0.0,0.3588696197672242,0.44808592832643357,0.5,0.44808592832643357,,,total,0
2023_01_HOU_BAL,2023,1,2023-09-10,REG,BAL,HOU,25.0,9.0,9.5,43.5,16.0,6.5,-9.5,0.7859447233499365,0.7999999999999999,0.0,0.4599588540790442,0.4457332935093543,0.5,0.4457332935093543,,,total,0
2023_01_GB_CHI,2023,1,2023-09-10,REG,CHI,GB,20.0,38.0,1.0,41.0,-18.0,-19.0,17.0,0.34576007473576786,0.5173641257162701,1.0,0.377800855728317,0.44762963364394504,0.5,0.44762963364394504,,,total,1
2023_01_CIN_CLE,2023,1,2023-09-10,REG,CLE,CIN,24.0,3.0,-1.0,46.5,21.0,22.0,-19.5,0.33235058184097566,0.4956702459300312,0.0,0.4013226475003722,0.44707502734903887,0.5,0.44707502734903887,,,total,0
2023_01_LV_DEN,2023,1,2023-09-10,REG,DEN,LV,16.0,17.0,3.0,43.0,-1.0,-4.0,-10.0,0.47813843073229434,0.593369754159424,0.0,0.3848863168337741,0.44746125837006395,0.5,0.44746125837006395,,,total,0
2023_01_JAX_IND,2023,1,2023-09-10,REG,IND,JAX,21.0,31.0,-4.0,45.5,-10.0,-6.0,6.5,0.43332546413388295,0.35527082119976705,1.0,0.4353637333919219,0.44629069253494574,0.5,0.44629069253494574,,,total,1
2023_01_MIA_LAC,2023,1,2023-09-10,REG,LAC,MIA,34.0,36.0,3.0,50.5,-2.0,-5.0,19.5,0.6004813025974387,0.593369754159424,1.0,0.44059783850091816,0.446171551375194,0.5,0.446171551375194,,,total,1
2023_01_TB_MIN,2023,1,2023-09-10,REG,MIN,TB,17.0,20.0,4.0,45.0,-3.0,-7.0,-8.0,0.621309985996373,0.644729178800233,0.0,0.43965908718519947,0.44619289631494163,0.5,0.44619289631494163,,,total,0
2023_01_PHI_NE,2023,1,2023-09-10,REG,NE,PHI,20.0,25.0,-3.5,44.5,-5.0,-1.5,0.5,0.4245064928062359,0.3775334481388264,1.0,0.39734909747960595,0.44716788113600187,0.5,0.44716788113600187,,,total,1
2023_01_TEN_NO,2023,1,2023-09-10,REG,NO,TEN,16.0,15.0,3.0,41.0,1.0,-2.0,-10.0,0.6505880197045285,0.5720596355604638,0.0,0.5388605902374594,0.44396234149196195,0.5,0.44396234149196195,,,total,0
2023_01_DAL_NYG,2023,1,2023-09-10,REG,NYG,DAL,0.0,40.0,-3.5,44.5,-40.0,-36.5,-4.5,0.4034763803020165,0.3962430290578221,0.0,0.33903992178044134,0.4485755197719248,0.5,0.4485755197719248,,,total,0
2023_01_SF_PIT,2023,1,2023-09-10,REG,PIT,SF,7.0,30.0,-1.5,41.5,-23.0,-21.5,-4.5,0.4332730381054477,0.4782608695652174,0.0,0.5566015199618827,0.4435614714770318,0.5,0.4435614714770318,,,total,0
2023_01_LA_SEA,2023,1,2023-09-10,REG,SEA,LA,13.0,30.0,4.5,45.0,-17.0,-21.5,-2.0,0.6478160364311066,0.6574752261956054,0.0,0.3081381407998548,0.44936793483010523,0.5,0.44936793483010523,,,total,0
2023_01_ARI_WAS,2023,1,2023-09-10,REG,WAS,ARI,20.0,16.0,7.0,38.0,4.0,-3.0,-2.0,0.6766135504149766,0.740871613663133,0.0,0.4282391134039316,0.44645340973888875,0.5,0.44645340973888875,,,total,0
2023_01_BUF_NYJ,2023,1,2023-09-11,REG,NYJ,BUF,22.0,16.0,-2.5,44.5,6.0,8.5,-6.5,0.26674021920230684,0.448558885283451,0.0,0.5464496196953553,0.4437911849396824,0.5,0.4437911849396824,,,total,0
2023_02_MIN_PHI,2023,2,2023-09-14,REG,PHI,MIN,34.0,28.0,6.0,49.0,6.0,0.0,13.0,0.7490025180906047,0.6750312469954812,1.0,0.26791608483984913,0.45046997663829624,0.5,0.45046997663829624,,,total,1
2023_02_NYG_ARI,2023,2,2023-09-17,REG,ARI,NYG,28.0,31.0,-5.0,40.0,-3.0,2.0,19.0,0.5203143668082085,0.33635187580853815,1.0,0.5161077690121577,0.44447345699956875,0.5,0.44447345699956875,,,total,1
2023_02_GB_ATL,2023,2,2023-09-17,REG,ATL,GB,25.0,24.0,3.0,40.5,1.0,-2.0,8.5,0.47903404506020003,0.5720596355604638,1.0,0.5396149708435297,0.44394534673273855,0.5,0.44394534673273855,,,total,1
2023_02_LV_BUF,2023,2,2023-09-17,REG,BUF,LV,38.0,10.0,7.5,47.0,28.0,20.5,1.0,0.7503873143015791,0.7477827050997783,1.0,0.3970403870951969,0.4471751083048173,0.5,0.4471751083048173,,,total,1
2023_02_BAL_CIN,2023,2,2023-09-17,REG,CIN,BAL,24.0,27.0,3.5,45.5,-3.0,-6.5,5.5,0.7013307712694344,0.6092362344582594,1.0,0.5591980303427827,0.4435025583239376,0.5,0.4435025583239376,,,total,1
2023_02_NYJ_DAL,2023,2,2023-09-17,REG,DAL,NYJ,30.0,10.0,8.5,38.5,20.0,11.5,1.5,0.7918851777463828,0.7600000000000001,1.0,0.4119711694214411,0.44682766441823135,0.5,0.44682766441823135,,,total,1
2023_02_WAS_DEN,2023,2,2023-09-17,REG,DEN,WAS,33.0,35.0,4.0,38.5,-2.0,-6.0,29.5,0.4369331797152657,0.6369041816941223,1.0,0.5448727564838761,0.44382678448734225,0.5,0.44382678448734225,,,total,1
2023_02_SEA_DET,2023,2,2023-09-17,REG,DET,SEA,31.0,37.0,4.5,47.5,-6.0,-10.5,20.5,0.6501348916338615,0.6574752261956054,1.0,0.5456547735807993,0.44380913204098305,0.5,0.44380913204098305,,,total,1
2023_02_IND_HOU,2023,2,2023-09-17,REG,HOU,IND,20.0,31.0,-1.0,40.0,-11.0,-10.0,11.0,0.5217777205487388,0.5,1.0,0.5155450037316438,0.44448607258690276,0.5,0.44448607258690276,,,total,1
2023_02_KC_JAX,2023,2,2023-09-17,REG,JAX,KC,9.0,17.0,-3.5,50.5,-8.0,-4.5,-24.5,0.3442172371069355,0.3962430290578221,0.0,0.5105918046519708,0.44459707770114876,0.5,0.44459707770114876,,,total,0
2023_02_SF_LA,2023,2,2023-09-17,REG,LA,SF,23.0,30.0,-7.5,45.0,-7.0,0.5,8.0,0.3281819472665769,0.2591283863368669,1.0,0.4692440152676371,0.44552419481792654,0.5,0.44552419481792654,,,total,1
2023_02_MIA_NE,2023,2,2023-09-17,REG,NE,MIA,17.0,24.0,-2.0,46.5,-7.0,-5.0,-5.5,0.5596917049575055,0.4572564612326044,0.0,0.3721618167481841,0.44776453092746327,0.5,0.44776453092746327,,,total,0
2023_02_CHI_TB,2023,2,2023-09-17,REG,TB,CHI,27.0,17.0,2.5,41.0,10.0,7.5,3.0,0.774761903672013,0.551441114716549,1.0,0.3791192195307709,0.44759821222765406,0.5,0.44759821222765406,,,total,1
2023_02_LAC_TEN,2023,2,2023-09-17,REG,TEN,LAC,27.0,24.0,-2.5,45.5,3.0,5.5,5.5,0.515478697268276,0.43650793650793646,1.0,0.5513608231236805,0.4436801742238495,0.5,0.4436801742238495,,,total,1
2023_02_NO_CAR,2023,2,2023-09-18,REG,CAR,NO,17.0,20.0,-3.0,39.5,-3.0,0.0,-2.5,0.485397973373994,0.39076376554174075,0.0,0.4220505670275294,0.44659530767745553,0.5,0.44659530767745553,,,total,0
2023_02_CLE_PIT,2023,2,2023-09-18,REG,PIT,CLE,26.0,22.0,-2.5,39.0,4.0,6.5,9.0,0.540547489759148,0.42794036443953615,1.0,0.4986445224260885,0.4448646989321618,0.5,0.4448646989321618,,,total,1
2023_03_NYG_SF,2023,3,2023-09-21,REG,SF,NYG,30.0,12.0,10.5,43.5,18.0,7.5,-1.5,0.8321491732670363,0.8081570996978852,0.0,0.5420780905131336,0.44388982935566185,0.5,0.44388982935566185,,,total,0
2023_03_DAL_ARI,2023,3,2023-09-24,REG,ARI,DAL,28.0,16.0,-11.5,43.5,12.0,23.5,0.5,0.24776999862360743,0.16835016835016833,1.0,0.49803414795140716,0.4448783706234013,0.5,0.4448783706234013,,,total,1
2023_03_IND_BAL,2023,3,2023-09-24,REG,BAL,IND,19.0,22.0,7.5,43.5,-3.0,-10.5,-2.5,0.7627050705245582,0.7600000000000001,0.0,0.46962837226665083,0.4455155509799482,0.5,0.4455155509799482,,,total,0
2023_03_TEN_CLE,2023,3,2023-09-24,REG,CLE,TEN,27.0,3.0,3.5,38.0,24.0,20.5,-8.0,0.657550633562989,0.6224665518611737,0.0,0.6775555057095852,0.44068028370109746,0.5,0.44068028370109746,,,total,0
2023_03_ATL_DET,2023,3,2023-09-24,REG,DET,ATL,20.0,6.0,3.0,47.5,14.0,11.0,-21.5,0.5804106906729409,0.5996387718242023,0.0,0.38822037225372613,0.44738243908992426,0.5,0.44738243908992426,,,total,0
2023_03_NO_GB,2023,3,2023-09-24,REG,GB,NO,18.0,17.0,-1.5,41.5,1.0,2.5,-6.5,0.5951686806367245,0.4675324675324675,0.0,0.40780373782674034,0.4469242282305884,0.5,0.4469242282305884,,,total,0
2023_03_HOU_JAX,2023,3,2023-09-24,REG,JAX,HOU,17.0,37.0,7.5,43.5,-20.0,-27.5,10.5,0.8073196575686572,0.7600000000000001,1.0,0.447319796094509,0.4460189885574729,0.5,0.4460189885574729,,,total,1
2023_03_CHI_KC,2023,3,2023-09-24,REG,KC,CHI,41.0,10.0,13.0,48.0,31.0,18.0,3.0,0.9211357745294343,0.8465011286681716,1.0,0.3058427282111166,0.4494284689304835,0.5,0.4494284689304835,,,total,1
2023_03_PIT_LV,2023,3,2023-09-24,REG,LV,PIT,18.0,23.0,3.0,43.5,-5.0,-8.0,-2.5,0.4887066026254827,0.5720596355604638,0.0,0.6033576723366872,0.4424867114711446,0.5,0.4424867114711446,,,total,0
2023_03_DEN_MIA,2023,3,2023-09-24,REG,MIA,DEN,70.0,20.0,6.0,47.5,50.0,44.0,42.5,0.7602362551668078,0.6853932584269663,1.0,0.334944967830854,0.4486783162421292,0.5,0.4486783162421292,,,total,1
2023_03_LAC_MIN,2023,3,2023-09-24,REG,MIN,LAC,24.0,28.0,1.0,54.0,-4.0,-5.0,-2.0,0.5857512136732528,0.5,0.0,0.535096410750915,0.4440470849130776,0.5,0.4440470849130776,,,total,0
2023_03_NE_NYJ,2023,3,2023-09-24,REG,NYJ,NE,10.0,15.0,-2.5,35.5,-5.0,-2.5,-10.5,0.5275923419324487,0.43650793650793646,0.0,0.537580581076741,0.44399116883102707,0.5,0.44399116883102707,,,total,0
2023_03_CAR_SEA,2023,3,2023-09-24,REG,SEA,CAR,37.0,27.0,5.0,42.5,10.0,5.0,21.5,0.6476974042701308,0.6636481241914618,1.0,0.5662570375836026,0.4433420204966898,0.5,0.4433420204966898,,,total,1
2023_03_BUF_WAS,2023,3,2023-09-24,REG,WAS,BUF,3.0,37.0,-5.5,44.0,-34.0,-28.5,-4.0,0.39843456027634216,0.3194444444444444,0.0,0.5095721669657025,0.4446199227742281,0.5,0.4446199227742281,,,total,0
2023_03_LA_CIN,2023,3,2023-09-25,REG,CIN,LA,19.0,16.0,3.0,45.5,3.0,0.0,-10.5,0.7453039432632587,0.593369754159424,0.0,0.47097300716694146,0.44548531793488705,0.5,0.44548531793488705,,,total,0
2023_03_PHI_TB,2023,3,2023-09-25,REG,TB,PHI,11.0,25.0,-6.0,44.0,-14.0,-8.0,-8.0,0.39476922168428435,0.30920711694593195,0.0,0.4594757744305684,0.44574418869659876,0.5,0.44574418869659876,,,total,0
2023_04_DET_GB,2023,4,2023-09-28,REG,GB,DET,20.0,34.0,-2.5,45.0,-14.0,-11.5,9.0,0.6293360775606334,0.43650793650793646,1.0,0.42003568900552823,0.44664162792724105,0.5,0.44664162792724105,,,total,1
2023_04_MIA_BUF,2023,4,2023-10-01,REG,BUF,MIA,48.0,20.0,2.5,53.0,28.0,25.5,15.0,0.720087633951718,0.5634920634920635,1.0,0.5691394269065124,0.44327629965597176,0.5,0.44327629965597176,,,total,1
2023_04_MIN_CAR,2023,4,2023-10-01,REG,CAR,MIN,13.0,21.0,-4.5,46.5,-8.0,-3.5,-12.5,0.5084714882922705,0.33635187580853815,0.0,0.5579392814940182,0.4435311272997308,0.5,0.4435311272997308,,,total,0
2023_04_DEN_CHI,2023,4,2023-10-01,REG,CHI,DEN,28.0,31.0,-3.0,47.0,-3.0,0.0,12.0,0.5203635736221293,0.4066302458405761,1.0,0.4490409633648422,0.4459799987575171,0.5,0.4459799987575171,,,total,1
2023_04_BAL_CLE,2023,4,2023-10-01,REG,CLE,BAL,3.0,28.0,-2.0,38.5,-25.0,-23.0,-7.5,0.5970191094572342,0.448558885283451,0.0,0.45492360692916645,0.4458469463071618,0.5,0.4458469463071618,,,total,0
2023_04_NE_DAL,2023,4,2023-10-01,REG,DAL,NE,38.0,3.0,6.5,43.0,35.0,28.5,-2.0,0.7127738241599557,0.7095435684647302,0.0,0.4318058989552098,0.4463718669224216,0.5,0.4463718669224216,,,total,0
2023_04_PIT_HOU,2023,4,2023-10-01,REG,HOU,PIT,30.0,6.0,-3.0,41.5,24.0,27.0,-5.5,0.3359232076970772,0.4066302458405761,0.0,0.5673270754157618,0.44331763469837715,0.5,0.44331763469837715,,,total,0
2023_04_LA_IND,2023,4,2023-10-01,REG,IND,LA,23.0,29.0,-1.0,44.5,-6.0,-5.0,7.5,0.5243150877030633,0.4891657638136511,1.0,0.45772021308767696,0.445783797991223,0.5,0.445783797991223,,,total,1
2023_04_ATL_JAX,2023,4,2023-10-01,REG,JAX,ATL,23.0,7.0,3.5,42.5,16.0,12.5,-12.5,0.4868459870573962,0.6224665518611737,0.0,0.4620369814583669,0.44568644392686085,0.5,0.44568644392686085,,,total,0
2023_04_LV_LAC,2023,4,2023-10-01,REG,LAC,LV,24.0,17.0,7.0,49.0,7.0,0.0,-8.0,0.655059145384196,0.725752508361204,0.0,0.37129279299941464,0.4477853935054331,0.5,0.4477853935054331,,,total,0
2023_04_TB_NO,2023,4,2023-10-01,REG,NO,TB,9.0,26.0,4.0,41.0,-17.0,-21.0,-6.0,0.6214632864583283,0.644729178800233,0.0,0.6095765902200652,0.4423409619507372,0.5,0.4423409619507372,,,total,0
2023_04_KC_NYJ,2023,4,2023-10-01,REG,NYJ,KC,20.0,23.0,-9.5,41.5,-3.0,6.5,1.5,0.20242615669964323,0.2042241228835748,1.0,0.6987005384737678,0.44012954335407783,0.5,0.44012954335407783,,,total,1
2023_04_WAS_PHI,2023,4,2023-10-01,REG,PHI,WAS,34.0,31.0,9.5,43.0,3.0,-6.5,22.0,0.7994448210961163,0.7867435158501441,1.0,0.45559674348828677,0.4458317407805659,0.5,0.4458317407805659,,,total,1
2023_04_ARI_SF,2023,4,2023-10-01,REG,SF,ARI,35.0,16.0,15.0,44.0,19.0,4.0,7.0,0.8594136612239123,0.8800000000000001,1.0,0.41762305940982475,0.4466971741635604,0.5,0.4466971741635604,,,total,1
2023_04_CIN_TEN,2023,4,2023-10-01,REG,TEN,CIN,27.0,3.0,-2.5,41.5,24.0,26.5,-11.5,0.34238908630163656,0.4066302458405761,0.0,0.6095345123628146,0.4423419508225631,0.5,0.4423419508225631,,,total,0
2023_04_SEA_NYG,2023,4,2023-10-02,REG,NYG,SEA,3.0,24.0,-2.5,46.5,-21.0,-18.5,-19.5,0.5008246260676084,0.43650793650793646,0.0,0.4529307350060702,0.44589198605820196,0.5,0.44589198605820196,,,total,0
2023_05_CHI_WAS,2023,5,2023-10-05,REG,WAS,CHI,20.0,40.0,6.0,45.5,-20.0,-26.0,14.5,0.7732131446308157,0.690792883054068,1.0,0.2894997098592097,0.44986718497540057,0.5,0.44986718497540057,,,total,1
2023_05_CIN_ARI,2023,5,2023-10-08,REG,ARI,CIN,20.0,34.0,-3.0,45.5,-14.0,-11.0,8.5,0.3716782995371463,0.3962430290578221,1.0,0.6027221423120384,0.44250156169941945,0.5,0.44250156169941945,,,total,1
2023_05_HOU_ATL,2023,5,2023-10-08,REG,ATL,HOU,21.0,19.0,2.5,42.0,2.0,-0.5,-2.0,0.6032422053685834,0.5634920634920635,0.0,0.4573625525154857,0.44579187055132713,0.5,0.44579187055132713,,,total,0
2023_05_JAX_BUF,2023,5,2023-10-08,REG,BUF,JAX,20.0,25.0,5.5,48.5,-5.0,-10.5,-3.5,0.7523020318895931,0.6853932584269663,0.0,0.24340453124889322,0.4511934907966521,0.5,0.4511934907966521,,,total,0
2023_05_NYJ_DEN,2023,5,2023-10-08,REG,DEN,NYJ,21.0,31.0,2.5,42.5,-10.0,-12.5,9.5,0.5394869225142902,0.551441114716549,1.0,0.5137832355727966,0.44452556128422005,0.5,0.44452556128422005,,,total,1
2023_05_CAR_DET,2023,5,2023-10-08,REG,DET,CAR,42.0,24.0,9.5,43.5,18.0,8.5,22.5,0.7612895016444642,0.7867435158501441,1.0,0.5626493510927553,0.44342413814680504,0.5,0.44342413814680504,,,total,1
2023_05_TEN_IND,2023,5,2023-10-08,REG,IND,TEN,23.0,16.0,-2.5,43.5,7.0,9.5,-4.5,0.46486540993743525,0.43650793650793646,0.0,0.5004029675991393,0.44482531259795177,0.5,0.44482531259795177,,,total,0
2023_05_PHI_LA,2023,5,2023-10-08,REG,LA,PHI,14.0,23.0,-3.5,50.5,-9.0,-5.5,-13.5,0.330211968629328,0.3690596562184025,0.0,0.38348075574572243,0.4474945637371541,0.5,0.4474945637371541,,,total,0
2023_05_NYG_MIA,2023,5,2023-10-08,REG,MIA,NYG,31.0,16.0,12.5,47.5,15.0,2.5,-0.5,0.7256881880414298,0.8465011286681716,0.0,0.5092331063092042,0.44462751910555603,0.5,0.44462751910555603,,,total,0
2023_05_KC_MIN,2023,5,2023-10-08,REG,MIN,KC,20.0,27.0,-3.5,52.5,-7.0,-3.5,-5.5,0.27547981828909496,0.3835616438356164,0.0,0.5156586915729648,0.44448352409729824,0.5,0.44448352409729824,,,total,0
2023_05_NO_NE,2023,5,2023-10-08,REG,NE,NO,0.0,34.0,2.5,38.5,-34.0,-36.5,-4.5,0.5583825305123019,0.551441114716549,0.0,0.486337001415713,0.44514046251197686,0.5,0.44514046251197686,,,total,0
2023_05_BAL_PIT,2023,5,2023-10-08,REG,PIT,BAL,17.0,10.0,-4.5,38.5,7.0,11.5,-11.5,0.47393953282368195,0.33099297893681046,0.0,0.3217021339023374,0.4490151893302134,0.5,0.4490151893302134,,,total,0
2023_05_DAL_SF,2023,5,2023-10-08,REG,SF,DAL,42.0,10.0,3.5,45.0,32.0,28.5,7.0,0.690425863303154,0.6164383561643836,1.0,0.4111299487249046,0.44684713204313325,0.5,0.44684713204313325,,,total,1
2023_05_GB_LV,2023,5,2023-10-09,REG,LV,GB,17.0,13.0,1.0,45.0,4.0,3.0,-15.0,0.46802383191271946,0.5173641257162701,0.0,0.49502645076727464,0.44494574352006466,0.5,0.44494574352006466,,,total,0
2023_06_DEN_KC,2023,6,2023-10-12,REG,KC,DEN,19.0,8.0,10.5,47.5,11.0,0.5,-20.5,0.919319279786899,0.8316498316498315,0.0,0.3324602868556049,0.4487409953981667,0.5,0.4487409953981667,,,total,0
2023_06_WAS_ATL,2023,6,2023-10-15,REG,ATL,WAS,16.0,24.0,1.5,42.0,-8.0,-9.5,-2.0,0.6094831892864658,0.5324675324675325,0.0,0.495735736195412,0.44492985468535057,0.5,0.44492985468535057,,,total,0
2023_06_NYG_BUF,2023,6,2023-10-15,REG,BUF,NYG,14.0,9.0,15.5,43.5,5.0,-10.5,-20.5,0.847394748283833,0.8869565217391304,0.0,0.4514854985035537,0.44592467082760484,0.5,0.44592467082760484,,,total,0
2023_06_MIN_CHI,2023,6,2023-10-15,REG,CHI,MIN,13.0,19.0,-3.0,44.5,-6.0,-3.0,-12.5,0.414557333998582,0.4003612281757977,0.0,0.36184888823049693,0.4480134515626317,0.5,0.4480134515626317,,,total,0
2023_06_SEA_CIN,2023,6,2023-10-15,REG,CIN,SEA,17.0,13.0,3.0,45.5,4.0,1.0,-15.5,0.6518164656214457,0.5829926410466066,0.0,0.4187147251585018,0.44667202938088674,0.5,0.44667202938088674,,,total,0
2023_06_NO_HOU,2023,6,2023-10-15,REG,HOU,NO,20.0,13.0,-2.0,42.5,7.0,9.0,-9.5,0.40991162313694274,0.4572564612326044,0.0,0.4845862087183753,0.44517971609798573,0.5,0.44517971609798573,,,total,0
2023_06_IND_JAX,2023,6,2023-10-15,REG,JAX,IND,37.0,20.0,4.0,44.0,17.0,13.0,13.0,0.6849206287099959,0.644729178800233,1.0,0.4282829187017044,0.4464524072410495,0.5,0.4464524072410495,,,total,1
2023_06_ARI_LA,2023,6,2023-10-15,REG,LA,ARI,26.0,9.0,7.0,48.0,17.0,10.0,-13.0,0.6747721101603048,0.740871613663133,0.0,0.36448158557334726,0.44794962257096294,0.5,0.44794962257096294,,,total,0
2023_06_NE_LV,2023,6,2023-10-15,REG,LV,NE,21.0,17.0,3.0,41.5,4.0,1.0,-3.5,0.6054694427054986,0.5720596355604638,0.0,0.5995874167193261,0.44257469402075494,0.5,0.44257469402075494,,,total,0
2023_06_CAR_MIA,2023,6,2023-10-15,REG,MIA,CAR,42.0,21.0,14.0,47.5,21.0,7.0,15.5,0.7761924365688645,0.8800000000000001,1.0,0.4217825217420408,0.4466014662716269,0.5,0.4466014662716269,,,total,1
2023_06_PHI_NYJ,2023,6,2023-10-15,REG,NYJ,PHI,20.0,14.0,-6.5,43.0,6.0,12.5,-9.0,0.25185439933893977,0.27792074112197634,0.0,0.45367971715277366,0.44587505471875527,0.5,0.44587505471875527,,,total,0
2023_06_DET_TB,2023,6,2023-10-15,REG,TB,DET,6.0,20.0,-3.0,43.5,-14.0,-11.0,-17.5,0.5386881487663027,0.4066302458405761,0.0,0.44574591069588565,0.4460546675646193,0.5,0.4460546675646193,,,total,0
2023_06_BAL_TEN,2023,6,2023-10-15,REG,TEN,BAL,16.0,24.0,-5.5,42.5,-8.0,-2.5,-2.5,0.38285291589452103,0.31460674157303364,0.0,0.5819838014544997,0.44298209405170763,0.5,0.44298209405170763,,,total,0
2023_06_DAL_LAC,2023,6,2023-10-16,REG,LAC,DAL,17.0,20.0,-1.5,49.5,-3.0,-1.5,-12.5,0.4704293707883067,0.4572564612326044,0.0,0.4952200070476074,0.44494140757688544,0.5,0.44494140757688544,,,total,0
2023_07_JAX_NO,2023,7,2023-10-19,REG,NO,JAX,24.0,31.0,2.5,41.0,-7.0,-9.5,14.0,0.5371035403909469,0.5720596355604638,1.0,0.49733778113419325,0.4448939687094336,0.5,0.4448939687094336,,,total,1
2023_07_DET_BAL,2023,7,2023-10-22,REG,BAL,DET,38.0,6.0,3.0,43.5,32.0,29.0,0.5,0.5497008539332899,0.593369754159424,1.0,0.44724209678075116,0.4460207493722372,0.5,0.4460207493722372,,,total,1
2023_07_LV_CHI,2023,7,2023-10-22,REG,CHI,LV,30.0,12.0,-2.5,38.5,18.0,20.5,3.5,0.4186868065513932,0.43650793650793646,1.0,0.43167702968769506,0.4463748101768408,0.5,0.4463748101768408,,,total,1
2023_07_GB_DEN,2023,7,2023-10-22,REG,DEN,GB,19.0,17.0,1.5,44.0,2.0,0.5,-8.0,0.3821213939873501,0.5173641257162701,0.0,0.27436555988051664,0.45028679759347373,0.5,0.45028679759347373,,,total,0
2023_07_CLE_IND,2023,7,2023-10-22,REG,IND,CLE,38.0,39.0,-3.5,40.0,-1.0,2.5,37.0,0.4265202935157751,0.3835616438356164,1.0,0.4857116811108916,0.44515448149219305,0.5,0.44515448149219305,,,total,1
2023_07_LAC_KC,2023,7,2023-10-22,REG,KC,LAC,31.0,17.0,5.5,48.5,14.0,8.5,-0.5,0.8337226704647264,0.6957699520733487,0.0,0.5609542078961505,0.44346267121399724,0.5,0.44346267121399724,,,total,0
2023_07_PIT_LA,2023,7,2023-10-22,REG,LA,PIT,17.0,24.0,3.5,44.0,-7.0,-10.5,-3.0,0.5383564095253942,0.6092362344582594,0.0,0.5906392065024578,0.44278244544490725,0.5,0.44278244544490725,,,total,0
2023_07_BUF_NE,2023,7,2023-10-22,REG,NE,BUF,29.0,25.0,-7.5,41.0,4.0,11.5,13.0,0.26425551463033287,0.23409789548356585,1.0,0.4794846205416266,0.44529415187533844,0.5,0.44529415187533844,,,total,1
2023_07_WAS_NYG,2023,7,2023-10-22,REG,NYG,WAS,14.0,7.0,-3.0,37.0,7.0,10.0,-16.0,0.5089215729928506,0.4066302458405761,0.0,0.38543995327482133,0.44744815237487623,0.5,0.44744815237487623,,,total,0
2023_07_MIA_PHI,2023,7,2023-10-22,REG,PHI,MIA,31.0,17.0,3.0,52.0,14.0,11.0,-4.0,0.6989187039054409,0.5829926410466066,0.0,0.5110757241258885,0.4445862348448913,0.5,0.4445862348448913,,,total,0
2023_07_ARI_SEA,2023,7,2023-10-22,REG,SEA,ARI,20.0,10.0,9.5,43.5,10.0,0.5,-13.5,0.75235216125024,0.7867435158501441,0.0,0.4237643689098936,0.44655595661062286,0.5,0.44655595661062286,,,total,0
2023_07_ATL_TB,2023,7,2023-10-22,REG,TB,ATL,13.0,16.0,3.0,37.5,-3.0,-6.0,-8.5,0.6912967275249847,0.5720596355604638,0.0,0.7216046205031815,0.43950767501747967,0.5,0.43950767501747967,,,total,0
2023_07_SF_MIN,2023,7,2023-10-23,REG,MIN,SF,22.0,17.0,-7.0,44.5,5.0,12.0,-5.5,0.29833866567298967,0.26645768025078376,0.0,0.5866493716299451,0.4428746271069738,0.5,0.4428746271069738,,,total,0
2023_08_TB_BUF,2023,8,2023-10-26,REG,BUF,TB,24.0,18.0,10.0,43.0,6.0,-4.0,-1.0,0.7613026017332473,0.7957758771164253,0.0,0.4430216218167242,0.44611648556740097,0.5,0.44611648556740097,,,total,0
2023_08_BAL_ARI,2023,8,2023-10-29,REG,ARI,BAL,24.0,31.0,-9.5,44.5,-7.0,2.5,10.5,0.2757228814981977,0.19999999999999998,1.0,0.5758901428447633,0.44312195873976634,0.5,0.44312195873976634,,,total,1
2023_08_HOU_CAR,2023,8,2023-10-29,REG,CAR,HOU,15.0,13.0,-3.0,43.0,2.0,5.0,-15.0,0.4920277753301402,0.4066302458405761,0.0,0.3109592385473369,0.4492938808698112,0.5,0.4492938808698112,,,total,0
2023_08_LA_DAL,2023,8,2023-10-29,REG,DAL,LA,43.0,20.0,6.5,44.5,23.0,16.5,18.5,0.7489695881671643,0.725752508361204,1.0,0.5207001948823943,0.44437047352975156,0.5,0.44437047352975156,,,total,1
2023_08_KC_DEN,2023,8,2023-10-29,REG,DEN,KC,24.0,9.0,-7.0,45.5,15.0,22.0,-12.5,0.14143770347835605,0.2591283863368669,0.0,0.45281206549099534,0.44589466912903436,0.5,0.44589466912903436,,,total,0
2023_08_MIN_GB,2023,8,2023-10-29,REG,GB,MIN,10.0,24.0,-1.0,41.5,-14.0,-13.0,-7.5,0.5142845046507748,0.4956702459300312,0.0,0.44798539821525046,0.44600390717815774,0.5,0.44600390717815774,,,total,0
2023_08_NO_IND,2023,8,2023-10-29,REG,IND,NO,27.0,38.0,-2.0,43.5,-11.0,-9.0,21.5,0.4809897538581636,0.4572564612326044,1.0,0.5716861929079516,0.44321814415145033,0.5,0.44321814415145033,,,total,1
2023_08_CHI_LAC,2023,8,2023-10-29,REG,LAC,CHI,30.0,13.0,9.5,46.0,17.0,7.5,-3.0,0.7211871185012636,0.7819063004846527,0.0,0.5893696906513503,0.4428118053764303,0.5,0.4428118053764303,,,total,0
2023_08_NE_MIA,2023,8,2023-10-29,REG,MIA,NE,31.0,17.0,7.5,46.5,14.0,6.5,1.5,0.7082315805208659,0.7600000000000001,1.0,0.5852410158107864,0.4429071035028838,0.5,0.4429071035028838,,,total,1
2023_08_NYJ_NYG,2023,8,2023-10-29,REG,NYG,NYJ,10.0,13.0,-3.0,35.0,-3.0,0.0,-12.0,0.5069415880374022,0.4066302458405761,0.0,0.6325646139539346,0.44179456647309123,0.5,0.44179456647309123,,,total,0
2023_08_JAX_PIT,2023,8,2023-10-29,REG,PIT,JAX,10.0,20.0,-2.5,41.0,-10.0,-7.5,-11.0,0.5663699758319956,0.448558885283451,0.0,0.5162880082959307,0.44446941637358817,0.5,0.44446941637358817,,,total,0
2023_08_CLE_SEA,2023,8,2023-10-29,REG,SEA,CLE,24.0,20.0,4.0,39.5,4.0,0.0,4.5,0.587803880305051,0.6369041816941223,1.0,0.489294336926293,0.4450741757977397,0.5,0.4450741757977397,,,total,1
2023_08_CIN_SF,2023,8,2023-10-29,REG,SF,CIN,17.0,31.0,4.0,44.0,-14.0,-18.0,4.0,0.678292316019465,0.644729178800233,1.0,0.45525058747922686,0.4458395596477782,0.5,0.4458395596477782,,,total,1
2023_08_ATL_TEN,2023,8,2023-10-29,REG,TEN,ATL,28.0,23.0,-2.5,35.0,5.0,7.5,16.0,0.600776534220877,0.4572564612326044,1.0,0.6570887821577347,0.44119570463634655,0.5,0.44119570463634655,,,total,1
2023_08_PHI_WAS,2023,8,2023-10-29,REG,WAS,PHI,31.0,38.0,-7.0,42.5,-7.0,0.0,26.5,0.2587621536326269,0.27792074112197634,1.0,0.44879341175477333,0.44598560480730026,0.5,0.44598560480730026,,,total,1
2023_08_LV_DET,2023,8,2023-10-30,REG,DET,LV,26.0,14.0,7.0,46.0,12.0,5.0,-6.0,0.7418844576332655,0.740871613663133,0.0,0.48914265506436444,0.44507757515031227,0.5,0.44507757515031227,,,total,0
2023_09_TEN_PIT,2023,9,2023-11-02,REG,PIT,TEN,20.0,16.0,3.5,37.0,4.0,0.5,-1.0,0.648257795980379,0.6092362344582594,0.0,0.5633197273113877,0.44340889058134686,0.5,0.44340889058134686,,,total,0
2023_09_MIN_ATL,2023,9,2023-11-05,REG,ATL,MIN,28.0,31.0,3.5,38.5,-3.0,-6.5,20.5,0.3928626611567964,0.6309403437815976,1.0,0.42110120646420285,0.4466171249847931,0.5,0.4466171249847931,,,total,1
2023_09_SEA_BAL,2023,9,2023-11-05,REG,BAL,SEA,37.0,3.0,6.0,44.5,34.0,28.0,-4.5,0.6605461015245916,0.7001620745542949,0.0,0.49847587270878246,0.44486847647412253,0.5,0.44486847647412253,,,total,0
2023_09_IND_CAR,2023,9,2023-11-05,REG,CAR,IND,13.0,27.0,-1.5,45.0,-14.0,-12.5,-5.0,0.5749486906729067,0.4572564612326044,0.0,0.45131029411722284,0.4459286344438263,0.5,0.4459286344438263,,,total,0
2023_09_BUF_CIN,2023,9,2023-11-05,REG,CIN,BUF,24.0,18.0,1.5,51.0,6.0,4.5,-9.0,0.5837743000017565,0.5324675324675325,0.0,0.6028089682191943,0.44249953333871306,0.5,0.44249953333871306,,,total,0
2023_09_ARI_CLE,2023,9,2023-11-05,REG,CLE,ARI,27.0,0.0,13.0,38.0,27.0,14.0,-11.0,0.7659622541588152,0.8465011286681716,0.0,0.4843044321637534,0.4451860344905026,0.5,0.4451860344905026,,,total,0
2023_09_LA_GB,2023,9,2023-11-05,REG,GB,LA,20.0,3.0,3.5,38.0,17.0,13.5,-15.0,0.5717807061536945,0.6333661417322834,0.0,0.541786255615437,0.44389640945001235,0.5,0.44389640945001235,,,total,0
2023_09_TB_HOU,2023,9,2023-11-05,REG,HOU,TB,39.0,37.0,2.5,39.5,2.0,-0.5,36.5,0.5087850521555197,0.5720596355604638,1.0,0.5239993814266133,0.4442964460001224,0.5,0.4442964460001224,,,total,1
2023_09_MIA_KC,2023,9,2023-11-05,REG,KC,MIA,21.0,14.0,1.0,51.0,7.0,6.0,-16.0,0.6701617998495476,0.5108342361863488,0.0,0.4825721455096669,0.4452248837304719,0.5,0.4452248837304719,,,total,0
2023_09_NYG_LV,2023,9,2023-11-05,REG,LV,NYG,30.0,6.0,1.0,38.5,24.0,23.0,-2.5,0.5923076363295919,0.5173641257162701,0.0,0.4799007336967963,0.44528481438406314,0.5,0.44528481438406314,,,total,0
2023_09_WAS_NE,2023,9,2023-11-05,REG,NE,WAS,17.0,20.0,2.5,40.5,-3.0,-5.5,-3.5,0.5953237467919085,0.5829926410466066,0.0,0.4546456650662035,0.44585322586633835,0.5,0.44585322586633835,,,total,0
2023_09_CHI_NO,2023,9,2023-11-05,REG,NO,CHI,24.0,17.0,9.0,42.0,7.0,-2.0,-1.0,0.7449641117583485,0.7819063004846527,0.0,0.49076756623106854,0.44504116162622065,0.5,0.44504116162622065,,,total,0
2023_09_DAL_PHI,2023,9,2023-11-05,REG,PHI,DAL,28.0,23.0,3.5,46.5,5.0,1.5,4.5,0.6536595062849837,0.6092362344582594,1.0,0.41552398140274466,0.4467455763594635,0.5,0.4467455763594635,,,total,1
2023_09_LAC_NYJ,2023,9,2023-11-06,REG,NYJ,LAC,6.0,27.0,-3.0,41.0,-21.0,-18.0,-8.0,0.540030443699477,0.3962430290578221,0.0,0.5476117500975363,0.44376493541369744,0.5,0.44376493541369744,,,total,0
2023_10_CAR_CHI,2023,10,2023-11-09,REG,CHI,CAR,16.0,13.0,3.0,38.0,3.0,0.0,-9.0,0.5913151715854417,0.6164383561643836,0.0,0.47304388951982146,0.4454387749510511,0.5,0.4454387749510511,,,total,0
2023_10_ATL_ARI,2023,10,2023-11-12,REG,ARI,ATL,25.0,23.0,-2.0,43.5,2.0,4.0,4.5,0.49146537855939915,0.4572564612326044,1.0,0.5578986767330456,0.4435320486015984,0.5,0.4435320486015984,,,total,1
2023_10_CLE_BAL,2023,10,2023-11-12,REG,BAL,CLE,31.0,33.0,6.0,38.5,-2.0,-8.0,25.5,0.7114664104566002,0.690792883054068,1.0,0.43868534978995544,0.4462150473392386,0.5,0.4462150473392386,,,total,1
2023_10_HOU_CIN,2023,10,2023-11-12,REG,CIN,HOU,27.0,30.0,5.5,46.0,-3.0,-8.5,11.0,0.8305906025674655,0.6853932584269663,1.0,0.4445227096362835,0.4460824141592999,0.5,0.4460824141592999,,,total,1
2023_10_NYG_DAL,2023,10,2023-11-12,REG,DAL,NYG,49.0,17.0,17.5,38.5,32.0,14.5,27.5,0.8362402262252128,0.9197080291970804,1.0,0.4263958590118255,0.4464956171250037,0.5,0.4464956171250037,,,total,1
2023_10_SF_JAX,2023,10,2023-11-12,REG,JAX,SF,3.0,34.0,-3.0,44.5,-31.0,-28.0,-7.5,0.5011355519430991,0.3962430290578221,0.0,0.41433541712610095,0.44677301489853616,0.5,0.44677301489853616,,,total,0
2023_10_DET_LAC,2023,10,2023-11-12,REG,LAC,DET,38.0,41.0,-2.5,48.5,-3.0,-0.5,30.5,0.5452763775871274,0.43650793650793646,1.0,0.5539122733343024,0.4436224165424182,0.5,0.4436224165424182,,,total,1
2023_10_NYJ_LV,2023,10,2023-11-12,REG,LV,NYJ,16.0,12.0,-1.0,35.5,4.0,5.0,-7.5,0.565596028585056,0.4891657638136511,0.0,0.5307709465769953,0.4441443581345539,0.5,0.4441443581345539,,,total,0
2023_10_NO_MIN,2023,10,2023-11-12,REG,MIN,NO,27.0,19.0,-3.0,41.0,8.0,11.0,5.0,0.6475940984421792,0.4170073589533933,1.0,0.43140763896674994,0.446380963505863,0.5,0.446380963505863,,,total,1
2023_10_IND_NE,2023,10,2023-11-12,REG,NE,IND,6.0,10.0,-1.0,42.0,-4.0,-3.0,-26.0,0.49206008867171847,0.4826358742837298,0.0,0.492456845291734,0.4450033108960894,0.5,0.4450033108960894,,,total,0
2023_10_GB_PIT,2023,10,2023-11-12,REG,PIT,GB,23.0,19.0,3.0,38.5,4.0,1.0,3.5,0.6492147698467859,0.5996387718242023,1.0,0.6148998573996275,0.4422155484894162,0.5,0.4422155484894162,,,total,1
2023_10_WAS_SEA,2023,10,2023-11-12,REG,SEA,WAS,29.0,26.0,6.0,44.0,3.0,-3.0,11.0,0.69734473538793,0.7001620745542949,1.0,0.6228849428608253,0.4420262082190486,0.5,0.4420262082190486,,,total,1
2023_10_TEN_TB,2023,10,2023-11-12,REG,TB,TEN,20.0,6.0,2.5,39.5,14.0,11.5,-13.5,0.5865865070594921,0.5634920634920635,0.0,0.562011085761706,0.44343865061911536,0.5,0.44343865061911536,,,total,0
2023_10_DEN_BUF,2023,10,2023-11-13,REG,BUF,DEN,22.0,24.0,7.5,47.5,-2.0,-9.5,-1.5,0.8077479942688313,0.7659021045164341,0.0,0.4102652324965182,0.44686715611080735,0.5,0.44686715611080735,,,total,0
2023_11_CIN_BAL,2023,11,2023-11-16,REG,BAL,CIN,34.0,20.0,4.0,46.5,14.0,10.0,7.5,0.5598815956129601,0.644729178800233,1.0,0.40655922687399243,0.4469531246054233,0.5,0.4469531246054233,,,total,1
2023_11_NYJ_BUF,2023,11,2023-11-19,REG,BUF,NYJ,32.0,6.0,8.0,39.5,26.0,18.0,-1.5,0.7774246085773268,0.7659021045164341,0.0,0.43094228917640265,0.4463915950886966,0.5,0.4463915950886966,,,total,0
2023_11_PIT_CLE,2023,11,2023-11-19,REG,CLE,PIT,13.0,10.0,2.5,34.0,3.0,0.5,-11.0,0.5901964999168041,0.5634920634920635,0.0,0.48688076805209407,0.44512827272554795,0.5,0.44512827272554795,,,total,0
2023_11_MIN_DEN,2023,11,2023-11-19,REG,DEN,MIN,21.0,20.0,2.5,43.5,1.0,-1.5,-2.5,0.389481019482388,0.5634920634920635,0.0,0.5176568877542931,0.44443872573237175,0.5,0.44443872573237175,,,total,0
2023_11_CHI_DET,2023,11,2023-11-19,REG,DET,CHI,31.0,26.0,8.0,48.0,5.0,-3.0,9.0,0.822564597957604,0.7819063004846527,1.0,0.3569260507825496,0.4481333533526904,0.5,0.4481333533526904,,,total,1
2023_11_LAC_GB,2023,11,2023-11-19,REG,GB,LAC,23.0,20.0,-3.0,44.0,3.0,6.0,-1.0,0.4856318808200884,0.4066302458405761,0.0,0.5334985074936446,0.4440830319124122,0.5,0.4440830319124122,,,total,0
2023_11_ARI_HOU,2023,11,2023-11-19,REG,HOU,ARI,21.0,16.0,5.5,48.0,5.0,-0.5,-11.0,0.7068787938658646,0.6853932584269663,0.0,0.43766379434993646,0.44623829793193404,0.5,0.44623829793193404,,,total,0
2023_11_TEN_JAX,2023,11,2023-11-19,REG,JAX,TEN,34.0,14.0,6.5,40.0,20.0,13.5,8.0,0.7247129964077301,0.7135512302607419,1.0,0.5778215458794895,0.44307768667968894,0.5,0.44307768667968894,,,total,1
2023_11_SEA_LA,2023,11,2023-11-19,REG,LA,SEA,17.0,16.0,2.5,45.0,1.0,-1.5,-12.0,0.4341641805632727,0.551441114716549,0.0,0.5633370526435478,0.44340849645222774,0.5,0.44340849645222774,,,total,0
2023_11_LV_MIA,2023,11,2023-11-19,REG,MIA,LV,20.0,13.0,14.0,44.5,7.0,-7.0,-11.5,0.6983160567908605,0.8800000000000001,0.0,0.4453629957516071,0.4460633517961987,0.5,0.4460633517961987,,,total,0
2023_11_TB_SF,2023,11,2023-11-19,REG,SF,TB,27.0,14.0,13.5,41.5,13.0,-0.5,-0.5,0.8015422170911172,0.8677165354330709,0.0,0.5329363747988637,0.44409567427393215,0.5,0.44409567427393215,,,total,0
2023_11_NYG_WAS,2023,11,2023-11-19,REG,WAS,NYG,19.0,31.0,7.5,39.0,-12.0,-19.5,11.0,0.6558341610833975,0.7659021045164341,1.0,0.4585875262183538,0.4457642265297065,0.5,0.4457642265297065,,,total,1
2023_11_PHI_KC,2023,11,2023-11-20,REG,KC,PHI,17.0,21.0,2.5,46.0,-4.0,-6.5,-8.0,0.5886782323062063,0.5720596355604638,0.0,0.37425963199323237,0.4477142509897117,0.5,0.4477142509897117,,,total,0
2023_12_WAS_DAL,2023,12,2023-11-23,REG,DAL,WAS,45.0,10.0,13.0,48.0,35.0,22.0,7.0,0.844939817402409,0.8524590163934427,1.0,0.3665627604403277,0.4478993054834764,0.5,0.4478993054834764,,,total,1
2023_12_GB_DET,2023,12,2023-11-23,REG,DET,GB,22.0,29.0,8.5,47.0,-7.0,-15.5,4.0,0.7216113053991577,0.7768331562167907,1.0,0.3463558022611519,0.4483933649752059,0.5,0.4483933649752059,,,total,1
2023_12_SF_SEA,2023,12,2023-11-23,REG,SEA,SF,13.0,31.0,-7.0,43.5,-18.0,-11.0,0.5,0.360916870612396,0.2522172949002217,1.0,0.507418104227608,0.4446681798763792,0.5,0.4446681798763792,,,total,1
2023_12_MIA_NYJ,2023,12,2023-11-24,REG,NYJ,MIA,13.0,34.0,-9.5,40.0,-21.0,-11.5,7.0,0.38801142586127657,0.19999999999999998,1.0,0.4240698349268247,0.44654894724248845,0.5,0.44654894724248845,,,total,1
2023_12_LA_ARI,2023,12,2023-11-26,REG,ARI,LA,14.0,37.0,-3.0,45.0,-23.0,-20.0,6.0,0.4522950402484899,0.42794036443953615,1.0,0.46916032531221064,0.44552607704141267,0.5,0.44552607704141267,,,total,1
2023_12_NO_ATL,2023,12,2023-11-26,REG,ATL,NO,24.0,15.0,-2.0,42.0,9.0,11.0,-3.0,0.4392781811840972,0.4572564612326044,0.0,0.4758785352233526,0.4453751014381844,0.5,0.4453751014381844,,,total,0
2023_12_PIT_CIN,2023,12,2023-11-26,REG,CIN,PIT,10.0,16.0,-2.0,36.0,-6.0,-4.0,-10.0,0.6817318974256715,0.448558885283451,0.0,0.4635896684761395,0.4456514600685757,0.5,0.4456514600685757,,,total,0
2023_12_CLE_DEN,2023,12,2023-11-26,REG,DEN,CLE,29.0,12.0,1.5,37.5,17.0,15.5,3.5,0.42953537295350763,0.5324675324675325,1.0,0.4586579741500077,0.4457626370858442,0.5,0.4457626370858442,,,total,1
2023_12_JAX_HOU,2023,12,2023-11-26,REG,HOU,JAX,21.0,24.0,-1.0,48.0,-3.0,-2.0,-3.0,0.4464287041384952,0.4891657638136511,0.0,0.4182249304462616,0.4466833087054743,0.5,0.4466833087054743,,,total,0
2023_12_TB_IND,2023,12,2023-11-26,REG,IND,TB,27.0,20.0,2.5,45.0,7.0,4.5,2.0,0.5238393265183605,0.5829926410466066,1.0,0.38333480833395034,0.44749802468459715,0.5,0.44749802468459715,,,total,1
2023_12_BAL_LAC,2023,12,2023-11-26,REG,LAC,BAL,10.0,20.0,-3.0,49.0,-10.0,-7.0,-19.0,0.40379417359678127,0.3962430290578221,0.0,0.42794281394861644,0.4464601913321256,0.5,0.4464601913321256,,,total,0
2023_12_KC_LV,2023,12,2023-11-26,REG,LV,KC,17.0,31.0,-9.0,42.5,-14.0,-5.0,5.5,0.2650205724974516,0.19999999999999998,1.0,0.5708302651551151,0.44323769863924556,0.5,0.44323769863924556,,,total,1
2023_12_NE_NYG,2023,12,2023-11-26,REG,NYG,NE,10.0,7.0,-4.5,36.5,3.0,7.5,-19.5,0.5901792939701326,0.34252477380439467,0.0,0.5482730613462287,0.44374999302296203,0.5,0.44374999302296203,,,total,0
2023_12_BUF_PHI,2023,12,2023-11-26,REG,PHI,BUF,37.0,34.0,2.5,49.0,3.0,0.5,22.0,0.7031079822267946,0.5720596355604638,1.0,0.3835755756572267,0.44749231547948426,0.5,0.44749231547948426,,,total,1
2023_12_CAR_TEN,2023,12,2023-11-26,REG,TEN,CAR,17.0,10.0,3.5,36.0,7.0,3.5,-9.0,0.6956600522048985,0.6092362344582594,0.0,0.34205601290623344,0.4485001958682847,0.5,0.4485001958682847,,,total,0
2023_12_CHI_MIN,2023,12,2023-11-27,REG,MIN,CHI,10.0,12.0,3.0,43.5,-2.0,-5.0,-21.5,0.8146037537349567,0.5996387718242023,0.0,0.35152110570632433,0.44826585594507556,0.5,0.44826585594507556,,,total,0
2023_13_SEA_DAL,2023,13,2023-11-30,REG,DAL,SEA,41.0,35.0,9.5,47.5,6.0,-3.5,28.5,0.750687670068939,0.7999999999999999,1.0,0.5912163575716409,0.4427690886599733,0.5,0.4427690886599733,,,total,1
2023_13_KC_GB,2023,13,2023-12-03,REG,GB,KC,27.0,19.0,-5.5,43.5,8.0,13.5,2.5,0.33123720437733933,0.30423004792665137,1.0,0.47997759744773283,0.4452830896508169,0.5,0.4452830896508169,,,total,1
2023_13_DEN_HOU,2023,13,2023-12-03,REG,HOU,DEN,22.0,17.0,3.5,47.5,5.0,1.5,-8.5,0.5358640362990513,0.6037569709421778,0.0,0.3776105515561817,0.44763417286673146,0.5,0.44763417286673146,,,total,0
2023_13_CLE_LA,2023,13,2023-12-03,REG,LA,CLE,36.0,19.0,3.5,39.5,17.0,13.5,15.5,0.4990170286871139,0.6309403437815976,1.0,0.4379567122754383,0.4462316298770132,0.5,0.4462316298770132,,,total,1
2023_13_LAC_NE,2023,13,2023-12-03,REG,NE,LAC,0.0,6.0,-4.5,38.5,-6.0,-1.5,-32.5,0.4209039263276036,0.33635187580853815,0.0,0.3833001795611618,0.4474988459334814,0.5,0.4474988459334814,,,total,0
2023_13_DET_NO,2023,13,2023-12-03,REG,NO,DET,28.0,33.0,-4.0,47.5,-5.0,-1.0,13.5,0.4554821405811636,0.3630958183058778,1.0,0.39097267261951696,0.44731756135358536,0.5,0.44731756135358536,,,total,1
2023_13_ATL_NYJ,2023,13,2023-12-03,REG,NYJ,ATL,8.0,13.0,-2.0,33.0,-5.0,-3.0,-12.0,0.541343075710023,0.4675324675324675,0.0,0.5455995436251171,0.443810378906141,0.5,0.443810378906141,,,total,0
2023_13_SF_PHI,2023,13,2023-12-03,REG,PHI,SF,19.0,42.0,-3.0,46.5,-23.0,-20.0,14.5,0.5997271132706252,0.42794036443953615,1.0,0.4543488118710051,0.44585993341491764,0.5,0.44585993341491764,,,total,1
2023_13_ARI_PIT,2023,13,2023-12-03,REG,PIT,ARI,10.0,24.0,6.0,41.0,-14.0,-20.0,-7.0,0.8392373290572948,0.7095435684647302,0.0,0.44429386417734396,0.44608760691718347,0.5,0.44608760691718347,,,total,0
2023_13_CAR_TB,2023,13,2023-12-03,REG,TB,CAR,21.0,18.0,4.0,37.0,3.0,-1.0,2.0,0.7505258314648248,0.6369041816941223,1.0,0.554189841973665,0.4436161294348333,0.5,0.4436161294348333,,,total,1
2023_13_IND_TEN,2023,13,2023-12-03,REG,TEN,IND,28.0,31.0,-1.5,42.0,-3.0,-1.5,17.0,0.5432874788517882,0.4739134147382802,1.0,0.39033430722415613,0.4473325941337389,0.5,0.4473325941337389,,,total,1
2023_13_MIA_WAS,2023,13,2023-12-03,REG,WAS,MIA,15.0,45.0,-8.5,50.0,-30.0,-21.5,10.0,0.3042642055478132,0.2132564841498559,1.0,0.4249040867238906,0.44652981097828426,0.5,0.44652981097828426,,,total,1
2023_13_CIN_JAX,2023,13,2023-12-04,REG,JAX,CIN,31.0,34.0,10.0,41.0,-3.0,-13.0,24.0,0.5749460206231455,0.8118668596237336,1.0,0.4114947672802876,0.4468386878813382,0.5,0.4468386878813382,,,total,1
2023_14_NE_PIT,2023,14,2023-12-07,REG,PIT,NE,18.0,21.0,6.0,30.0,-3.0,-9.0,9.0,0.7468225808348007,0.7001620745542949,1.0,0.5410604638435532,0.44391277140052027,0.5,0.44391277140052027,,,total,1
2023_14_TB_ATL,2023,14,2023-12-10,REG,ATL,TB,25.0,29.0,1.5,41.5,-4.0,-5.5,12.5,0.5594324099970469,0.5324675324675325,1.0,0.4120085977820684,0.44682679852806423,0.5,0.44682679852806423,,,total,1
2023_14_LA_BAL,2023,14,2023-12-10,REG,BAL,LA,37.0,31.0,7.5,42.0,6.0,-1.5,26.0,0.7748529096227181,0.7508125677139762,1.0,0.45155448591955344,0.445923110214734,0.5,0.445923110214734,,,total,1
2023_14_DET_CHI,2023,14,2023-12-10,REG,CHI,DET,28.0,13.0,-3.0,44.5,15.0,18.0,-3.5,0.31971504816382973,0.3962430290578221,0.0,0.43286095854727247,0.4463477783728241,0.5,0.4463477783728241,,,total,0
2023_14_IND_CIN,2023,14,2023-12-10,REG,CIN,IND,34.0,14.0,3.0,45.0,20.0,17.0,3.0,0.7362411495804614,0.5720596355604638,1.0,0.3392541465703814,0.4485701589556441,0.5,0.4485701589556441,,,total,1
2023_14_JAX_CLE,2023,14,2023-12-10,REG,CLE,JAX,31.0,27.0,2.5,37.5,4.0,1.5,20.5,0.4892267795732144,0.5634920634920635,1.0,0.38165313190007516,0.4475379399243016,0.5,0.4475379399243016,,,total,1
2023_14_PHI_DAL,2023,14,2023-12-10,REG,DAL,PHI,33.0,13.0,3.5,52.5,20.0,16.5,-6.5,0.5425188729501876,0.6092362344582594,0.0,0.40892087507067815,0.4468983130462095,0.5,0.4468983130462095,,,total,0
2023_14_BUF_KC,2023,14,2023-12-10,REG,KC,BUF,17.0,20.0,2.0,49.5,-3.0,-5.0,-12.5,0.6505029771066165,0.5324675324675325,0.0,0.37755734678211006,0.4476354420939456,0.5,0.4476354420939456,,,total,0
2023_14_DEN_LAC,2023,14,2023-12-10,REG,LAC,DEN,7.0,24.0,3.0,45.0,-17.0,-20.0,-14.0,0.6360359791309328,0.593369754159424,0.0,0.390018797735202,0.44734002732260714,0.5,0.44734002732260714,,,total,0
2023_14_MIN_LV,2023,14,2023-12-10,REG,LV,MIN,0.0,3.0,-3.0,40.5,-3.0,0.0,-37.5,0.4092062655968186,0.4170073589533933,0.0,0.577762069390257,0.44307905080683524,0.5,0.44307905080683524,,,total,0
2023_14_CAR_NO,2023,14,2023-12-10,REG,NO,CAR,28.0,6.0,5.5,39.0,22.0,16.5,-5.0,0.759272702336537,0.6805555555555556,0.0,0.4066063446212119,0.44695203006416634,0.5,0.44695203006416634,,,total,0
2023_14_HOU_NYJ,2023,14,2023-12-10,REG,NYJ,HOU,30.0,6.0,-3.5,33.5,24.0,27.5,2.5,0.4454952325372991,0.39076376554174075,1.0,0.6845878275606078,0.4404993482022349,0.5,0.4404993482022349,,,total,1
2023_14_SEA_SF,2023,14,2023-12-10,REG,SF,SEA,28.0,16.0,14.5,44.5,12.0,-2.5,-0.5,0.8477136231767723,0.8720930232558138,0.0,0.45768822125660497,0.4457845200199058,0.5,0.4457845200199058,,,total,0
2023_14_TEN_MIA,2023,14,2023-12-11,REG,MIA,TEN,27.0,28.0,14.0,45.0,-1.0,-15.0,10.0,0.8004459101416269,0.8677165354330709,1.0,0.49101437183492586,0.44503563127737045,0.5,0.44503563127737045,,,total,1
2023_14_GB_NYG,2023,14,2023-12-11,REG,NYG,GB,24.0,22.0,-6.0,37.5,2.0,8.0,8.5,0.3992201746328861,0.30423004792665137,1.0,0.3583028457081018,0.44809974632371397,0.5,0.44809974632371397,,,total,1
2023_15_LAC_LV,2023,15,2023-12-14,REG,LV,LAC,63.0,21.0,3.0,36.0,42.0,39.0,48.0,0.49949734050038636,0.593369754159424,1.0,0.48800605855913676,0.44510304912483334,0.5,0.44510304912483334,,,total,1
2023_15_MIN_CIN,2023,15,2023-12-16,REG,CIN,MIN,27.0,24.0,3.0,41.5,3.0,0.0,9.5,0.64380560403676,0.6092362344582594,1.0,0.42850510848053713,0.4464473227614803,0.5,0.4464473227614803,,,total,1
2023_15_DEN_DET,2023,15,2023-12-16,REG,DET,DEN,42.0,17.0,5.5,49.0,25.0,19.5,10.0,0.6117304750185715,0.690792883054068,1.0,0.3563516946453542,0.4481473903256252,0.5,0.4481473903256252,,,total,1
2023_15_PIT_IND,2023,15,2023-12-16,REG,IND,PIT,30.0,13.0,1.5,41.5,17.0,15.5,1.5,0.5415422144338928,0.5260865852617197,1.0,0.5010258204342674,0.44481136186253684,0.5,0.44481136186253684,,,total,1
2023_15_SF_ARI,2023,15,2023-12-17,REG,ARI,SF,29.0,45.0,-12.5,48.0,-16.0,-3.5,26.0,0.1401453787302612,0.15349887133182846,1.0,0.5697255146053802,0.4432629236956709,0.5,0.4432629236956709,,,total,1
2023_15_DAL_BUF,2023,15,2023-12-17,REG,BUF,DAL,31.0,10.0,2.0,49.5,21.0,19.0,-8.5,0.5015204164703316,0.551441114716549,0.0,0.569282519784769,0.4432730343269415,0.5,0.4432730343269415,,,total,0
2023_15_ATL_CAR,2023,15,2023-12-17,REG,CAR,ATL,9.0,7.0,-3.0,32.0,2.0,5.0,-16.0,0.3922786177509277,0.4170073589533933,0.0,0.37844634601492444,0.4476142438557219,0.5,0.4476142438557219,,,total,0
2023_15_CHI_CLE,2023,15,2023-12-17,REG,CLE,CHI,20.0,17.0,3.0,38.0,3.0,0.0,-1.0,0.6903847820956434,0.5720596355604638,0.0,0.3060483063659034,0.44942303710143666,0.5,0.44942303710143666,,,total,0
2023_15_TB_GB,2023,15,2023-12-17,REG,GB,TB,20.0,34.0,4.0,41.5,-14.0,-18.0,12.5,0.6481939069978633,0.6574752261956054,1.0,0.39688408827324884,0.44717876813118884,0.5,0.44717876813118884,,,total,1
2023_15_BAL_JAX,2023,15,2023-12-17,REG,JAX,BAL,7.0,23.0,-4.0,42.5,-16.0,-12.0,-12.5,0.4020546395425702,0.33635187580853815,0.0,0.32136856942939684,0.44902376678068967,0.5,0.44902376678068967,,,total,0
2023_15_WAS_LA,2023,15,2023-12-17,REG,LA,WAS,28.0,20.0,6.5,48.5,8.0,1.5,-0.5,0.7402330051413676,0.7179705215419501,0.0,0.36129350383021114,0.4480269424696616,0.5,0.4480269424696616,,,total,0
2023_15_NYJ_MIA,2023,15,2023-12-17,REG,MIA,NYJ,30.0,0.0,7.5,36.0,30.0,22.5,-6.0,0.7859488475638556,0.7440690150970525,0.0,0.5031187142095657,0.44476448483240844,0.5,0.44476448483240844,,,total,0
2023_15_KC_NE,2023,15,2023-12-17,REG,NE,KC,17.0,27.0,-10.0,39.5,-10.0,0.0,4.5,0.2502227660379148,0.2042241228835748,1.0,0.5939335030361631,0.442706129024318,0.5,0.442706129024318,,,total,1
2023_15_NYG_NO,2023,15,2023-12-17,REG,NO,NYG,24.0,6.0,6.0,39.5,18.0,12.0,-9.5,0.6314434187597449,0.6853932584269663,0.0,0.4963744594660144,0.4449155469538061,0.5,0.4449155469538061,,,total,0
2023_15_HOU_TEN,2023,15,2023-12-17,REG,TEN,HOU,16.0,19.0,3.0,38.0,-3.0,-6.0,-3.0,0.5632615465840536,0.6037569709421778,0.0,0.3984029539228468,0.44714322400922274,0.5,0.44714322400922274,,,total,0
2023_15_PHI_SEA,2023,15,2023-12-18,REG,SEA,PHI,20.0,17.0,-5.0,46.0,3.0,8.0,-9.0,0.3544965222019488,0.3249687530045188,0.0,0.4623793852388842,0.44567872771997796,0.5,0.44567872771997796,,,total,0
2023_16_NO_LA,2023,16,2023-12-21,REG,LA,NO,30.0,22.0,4.0,45.5,8.0,4.0,6.5,0.5926301772666503,0.6574752261956054,1.0,0.5126441015952192,0.44455109033339985,0.5,0.44455109033339985,,,total,1
2023_16_BUF_LAC,2023,16,2023-12-23,REG,LAC,BUF,22.0,24.0,-13.0,44.5,-2.0,11.0,1.5,0.28144203840007875,0.1475409836065574,1.0,0.37917906171472093,0.4475967869932831,0.5,0.4475967869932831,,,total,1
2023_16_CIN_PIT,2023,16,2023-12-23,REG,PIT,CIN,34.0,11.0,-3.0,39.5,23.0,26.0,5.5,0.349966279654682,0.4170073589533933,1.0,0.4854254820733353,0.4451608981147826,0.5,0.4451608981147826,,,total,1
2023_16_IND_ATL,2023,16,2023-12-24,REG,ATL,IND,29.0,10.0,3.0,44.0,19.0,16.0,-5.0,0.48304040498723944,0.5829926410466066,0.0,0.5050912571330192,0.4447203021312466,0.5,0.4447203021312466,,,total,0
2023_16_GB_CAR,2023,16,2023-12-24,REG,CAR,GB,30.0,33.0,-3.5,39.5,-3.0,0.5,23.5,0.32533889161847857,0.3630958183058778,1.0,0.5516856271588197,0.44367282495004523,0.5,0.44367282495004523,,,total,1
2023_16_ARI_CHI,2023,16,2023-12-24,REG,CHI,ARI,27.0,16.0,4.5,42.0,11.0,6.5,1.0,0.6471836460421398,0.6574752261956054,1.0,0.5198968493959164,0.44438849308235157,0.5,0.44438849308235157,,,total,1
2023_16_NE_DEN,2023,16,2023-12-24,REG,DEN,NE,23.0,26.0,7.0,37.5,-3.0,-10.0,11.5,0.7127331588323705,0.740871613663133,1.0,0.4539894988216197,0.44586805328346696,0.5,0.44586805328346696,,,total,1
2023_16_CLE_HOU,2023,16,2023-12-24,REG,HOU,CLE,22.0,36.0,-3.0,40.0,-14.0,-11.0,18.0,0.4835914812518927,0.4066302458405761,1.0,0.5018520902592676,0.4447928549849596,0.5,0.4447928549849596,,,total,1
2023_16_DAL_MIA,2023,16,2023-12-24,REG,MIA,DAL,22.0,20.0,1.5,48.5,2.0,0.5,-6.5,0.5135509022861725,0.5260865852617197,0.0,0.6176861758511006,0.44214965054114663,0.5,0.44214965054114663,,,total,0
2023_16_DET_MIN,2023,16,2023-12-24,REG,MIN,DET,24.0,30.0,-2.5,47.5,-6.0,-3.5,6.5,0.5682376270920618,0.42794036443953615,1.0,0.5507888630671619,0.44369311350026364,0.5,0.44369311350026364,,,total,1
2023_16_WAS_NYJ,2023,16,2023-12-24,REG,NYJ,WAS,30.0,28.0,3.0,36.5,2.0,-1.0,21.5,0.648909873235833,0.5996387718242023,1.0,0.4424833287102917,0.44612870948779043,0.5,0.44612870948779043,,,total,1
2023_16_JAX_TB,2023,16,2023-12-24,REG,TB,JAX,30.0,12.0,-2.0,43.0,18.0,20.0,-1.0,0.5727219933959911,0.4675324675324675,0.0,0.4096242425944603,0.44688200778624415,0.5,0.44688200778624415,,,total,0
2023_16_SEA_TEN,2023,16,2023-12-24,REG,TEN,SEA,17.0,20.0,-3.0,42.0,-3.0,0.0,-5.0,0.43968559348943625,0.4003612281757977,0.0,0.4233186767225139,0.4465661861133282,0.5,0.4465661861133282,,,total,0
2023_16_LV_KC,2023,16,2023-12-25,REG,KC,LV,14.0,20.0,11.0,40.5,-6.0,-17.0,-6.5,0.8066158824008363,0.8223350253807106,0.0,0.25256185049561813,0.45091778342869787,0.5,0.45091778342869787,,,total,0
2023_16_NYG_PHI,2023,16,2023-12-25,REG,PHI,NYG,33.0,25.0,14.0,41.0,8.0,-6.0,17.0,0.8293194660176374,0.863013698630137,1.0,0.5052212603798987,0.44471739012852457,0.5,0.44471739012852457,,,total,1
2023_16_BAL_SF,2023,16,2023-12-25,REG,SF,BAL,19.0,33.0,6.5,47.5,-14.0,-20.5,4.5,0.6670679185802291,0.7440690150970525,1.0,0.5379170446638877,0.44398359232812523,0.5,0.44398359232812523,,,total,1
2023_17_NYJ_CLE,2023,17,2023-12-28,REG,CLE,NYJ,37.0,20.0,6.5,33.5,17.0,10.5,23.5,0.7488102663204049,0.7415045018878884,1.0,0.4830161795316508,0.44521492465055446,0.5,0.44521492465055446,,,total,1
2023_17_DET_DAL,2023,17,2023-12-30,REG,DAL,DET,20.0,19.0,5.5,53.0,1.0,-4.5,-14.0,0.6544089642175703,0.6750312469954812,0.0,0.5397090363484917,0.4439432273400418,0.5,0.4439432273400418,,,total,0
2023_17_MIA_BAL,2023,17,2023-12-31,REG,BAL,MIA,56.0,19.0,3.0,47.0,37.0,34.0,28.0,0.7250873161003175,0.6164383561643836,1.0,0.5633102924878903,0.4434091052100502,0.5,0.4434091052100502,,,total,1
2023_17_NE_BUF,2023,17,2023-12-31,REG,BUF,NE,27.0,21.0,15.0,40.0,6.0,-9.0,8.0,0.8576394995832685,0.8869565217391304,1.0,0.4142723337407004,0.4467744718564244,0.5,0.4467744718564244,,,total,1
2023_17_ATL_CHI,2023,17,2023-12-31,REG,CHI,ATL,37.0,17.0,3.0,39.0,20.0,17.0,15.0,0.5655983425174412,0.5829926410466066,1.0,0.49309764060082306,0.4449889541776753,0.5,0.4449889541776753,,,total,1
2023_17_LAC_DEN,2023,17,2023-12-31,REG,DEN,LAC,16.0,9.0,3.5,39.5,7.0,3.5,-14.5,0.623539425893659,0.6369041816941223,0.0,0.47139731589819217,0.445475779761464,0.5,0.445475779761464,,,total,0
2023_17_TEN_HOU,2023,17,2023-12-31,REG,HOU,TEN,26.0,3.0,5.0,44.0,23.0,18.0,-15.0,0.6180185211616732,0.6690070210631895,0.0,0.3809872914820487,0.44755376264589347,0.5,0.44755376264589347,,,total,0
2023_17_LV_IND,2023,17,2023-12-31,REG,IND,LV,23.0,20.0,3.5,42.5,3.0,-0.5,0.5,0.5181516640702399,0.6164383561643836,1.0,0.48360856810989017,0.4452016391817789,0.5,0.4452016391817789,,,total,1
2023_17_CAR_JAX,2023,17,2023-12-31,REG,JAX,CAR,26.0,0.0,3.5,38.0,26.0,22.5,-12.0,0.8059480896102037,0.6309403437815976,0.0,0.39072364599784665,0.4473234245877539,0.5,0.4473234245877539,,,total,0
2023_17_CIN_KC,2023,17,2023-12-31,REG,KC,CIN,25.0,17.0,7.5,46.0,8.0,0.5,-4.0,0.634345163881049,0.7440690150970525,0.0,0.255385621951913,0.4508341171314025,0.5,0.4508341171314025,,,total,0
2023_17_GB_MIN,2023,17,2023-12-31,REG,MIN,GB,10.0,33.0,1.0,42.5,-23.0,-24.0,0.5,0.6158021079208329,0.5043297540699688,1.0,0.5055504522877762,0.4447100163524172,0.5,0.4447100163524172,,,total,1
2023_17_LA_NYG,2023,17,2023-12-31,REG,NYG,LA,25.0,26.0,-6.0,43.5,-1.0,5.0,7.5,0.41541988117288187,0.2820294784580499,1.0,0.388933048166067,0.4473656236429308,0.5,0.4473656236429308,,,total,1
2023_17_ARI_PHI,2023,17,2023-12-31,REG,PHI,ARI,31.0,35.0,12.0,48.0,-4.0,-16.0,18.0,0.8754905684142134,0.8465011286681716,1.0,0.3120655443885627,0.44926494178114723,0.5,0.44926494178114723,,,total,1
2023_17_PIT_SEA,2023,17,2023-12-31,REG,SEA,PIT,23.0,30.0,4.5,40.5,-7.0,-11.5,12.5,0.6086496761554016,0.6636481241914618,1.0,0.5507242506477956,0.44369457502030923,0.5,0.44369457502030923,,,total,1
2023_17_NO_TB,2023,17,2023-12-31,REG,TB,NO,13.0,23.0,2.5,42.5,-10.0,-12.5,-6.5,0.6687906125414811,0.5720596355604638,0.0,0.4734771749197028,0.44542903969346903,0.5,0.44542903969346903,,,total,0
2023_17_SF_WAS,2023,17,2023-12-31,REG,WAS,SF,10.0,27.0,-14.0,49.0,-17.0,-3.0,-12.0,0.14019213732388935,0.12382234185733514,0.0,0.42985700404065935,0.4464164010369638,0.5,0.4464164010369638,,,total,0
2023_18_PIT_BAL,2023,18,2024-01-06,REG,BAL,PIT,10.0,17.0,-3.0,34.0,-7.0,-4.0,-7.0,0.8294410020361923,0.4170073589533933,0.0,0.4863959751278827,0.4451391404421332,0.5,0.4451391404421332,,,total,0
2023_18_HOU_IND,2023,18,2024-01-06,REG,IND,HOU,19.0,23.0,-1.5,47.5,-4.0,-2.5,-5.5,0.5956540654693021,0.4675324675324675,0.0,0.4334296175163062,0.4463348009421765,0.5,0.4463348009421765,,,total,0
2023_18_SEA_ARI,2023,18,2024-01-07,REG,ARI,SEA,20.0,21.0,-2.5,48.0,-1.0,1.5,-7.0,0.42426778309519114,0.4170073589533933,0.0,0.46076495457974537,0.44571511692114263,0.5,0.44571511692114263,,,total,0
2023_18_TB_CAR,2023,18,2024-01-07,REG,CAR,TB,0.0,9.0,-5.0,36.5,-9.0,-4.0,-27.5,0.2847762348802298,0.3194444444444444,0.0,0.2697026786626152,0.4504189569512308,0.5,0.4504189569512308,,,total,0
2023_18_CLE_CIN,2023,18,2024-01-07,REG,CIN,CLE,31.0,14.0,7.5,37.0,17.0,9.5,8.0,0.5772771907408537,0.7508125677139762,1.0,0.43515600188845593,0.44629542773270436,0.5,0.44629542773270436,,,total,1
2023_18_MIN_DET,2023,18,2024-01-07,REG,DET,MIN,30.0,20.0,3.5,47.5,10.0,6.5,2.5,0.6956300260782197,0.644729178800233,1.0,0.45949292494157173,0.44574380186058193,0.5,0.44574380186058193,,,total,1
2023_18_CHI_GB,2023,18,2024-01-07,REG,GB,CHI,17.0,9.0,2.5,45.5,8.0,5.5,-19.5,0.684568592534804,0.5720596355604638,0.0,0.4254663086515028,0.44651692022909273,0.5,0.44651692022909273,,,total,0
2023_18_KC_LAC,2023,18,2024-01-07,REG,LAC,KC,12.0,13.0,3.5,35.0,-1.0,-4.5,-10.0,0.28604853332442587,0.6224665518611737,0.0,0.4634451627546944,0.4456547152473169,0.5,0.4456547152473169,,,total,0
2023_18_DEN_LV,2023,18,2024-01-07,REG,LV,DEN,27.0,14.0,3.5,37.5,13.0,9.5,3.5,0.5786431989713978,0.6092362344582594,1.0,0.45503386007852126,0.44584445553113794,0.5,0.44584445553113794,,,total,1
2023_18_BUF_MIA,2023,18,2024-01-07,REG,MIA,BUF,14.0,21.0,-2.5,47.5,-7.0,-4.5,-12.5,0.47586135379616173,0.4170073589533933,0.0,0.40699378172881373,0.44694303146438774,0.5,0.44694303146438774,,,total,0
2023_18_NYJ_NE,2023,18,2024-01-07,REG,NE,NYJ,3.0,17.0,2.5,28.5,-14.0,-16.5,-8.5,0.5796264492566696,0.5634920634920635,0.0,0.35037140281882784,0.4482941611081327,0.5,0.4482941611081327,,,total,0
2023_18_ATL_NO,2023,18,2024-01-07,REG,NO,ATL,48.0,17.0,3.5,41.5,31.0,27.5,23.5,0.6939052354318963,0.6092362344582594,1.0,0.5022224525934159,0.4447845595530293,0.5,0.4447845595530293,,,total,1
2023_18_PHI_NYG,2023,18,2024-01-07,REG,NYG,PHI,27.0,10.0,-4.5,43.0,17.0,21.5,-6.0,0.29631736065572445,0.32872981910134214,0.0,0.3094103157865073,0.4493344937820507,0.5,0.4493344937820507,,,total,0
2023_18_LA_SF,2023,18,2024-01-07,REG,SF,LA,20.0,21.0,5.5,40.0,-1.0,-6.5,1.0,0.8116903559772138,0.6805555555555556,1.0,0.504383668455327,0.44473615154298746,0.5,0.44473615154298746,,,total,1
2023_18_JAX_TEN,2023,18,2024-01-07,REG,TEN,JAX,28.0,20.0,-3.5,41.5,8.0,11.5,6.5,0.3927893709841907,0.3775334481388264,1.0,0.3175913361895909,0.44912122913628033,0.5,0.44912122913628033,,,total,1
2023_18_DAL_WAS,2023,18,2024-01-07,REG,WAS,DAL,10.0,38.0,-13.0,47.5,-28.0,-15.0,0.5,0.19323321885168715,0.14205607476635515,1.0,0.34311908466399316,0.4484737235561798,0.5,0.4484737235561798,,,total,1
2023_19_CLE_HOU,2023,19,2024-01-13,WC,HOU,CLE,45.0,14.0,-2.5,45.0,31.0,33.5,14.0,0.4858019763794308,0.42794036443953615,1.0,0.4329933354393729,0.44634475701909937,0.5,0.44634475701909937,,,total,1
2023_19_MIA_KC,2023,19,2024-01-13,WC,KC,MIA,26.0,7.0,4.5,43.5,19.0,14.5,-10.5,0.659402009852207,0.6690070210631895,0.0,0.34485476248178304,0.4484305867875617,0.5,0.4484305867875617,,,total,0
2023_19_GB_DAL,2023,19,2024-01-14,WC,DAL,GB,32.0,48.0,7.0,52.5,-16.0,-23.0,27.5,0.7068586443826425,0.7440690150970525,1.0,0.627893227915409,0.44190665926936457,0.5,0.44190665926936457,,,total,1
2023_19_LA_DET,2023,19,2024-01-14,WC,DET,LA,24.0,23.0,3.5,52.5,1.0,-2.5,-5.5,0.6516125527255398,0.593369754159424,0.0,0.364159677233373,0.44795741641826753,0.5,0.44795741641826753,,,total,0
2023_19_PIT_BUF,2023,19,2024-01-15,WC,BUF,PIT,31.0,17.0,10.0,39.5,14.0,4.0,8.5,0.7337902119366255,0.7957758771164253,1.0,0.527783840401294,0.4442114746282033,0.5,0.4442114746282033,,,total,1
2023_19_PHI_TB,2023,19,2024-01-15,WC,TB,PHI,32.0,9.0,-2.5,43.0,23.0,25.5,-2.0,0.5198675678732508,0.4066302458405761,0.0,0.34354771192143996,0.44846306117952606,0.5,0.44846306117952606,,,total,0
2023_20_GB_SF,2023,20,2024-01-20,DIV,SF,GB,24.0,21.0,10.5,50.5,3.0,-7.5,-5.5,0.7126859664036165,0.7913616398243045,0.0,0.4276832224108886,0.44646613375644734,0.5,0.44646613375644734,,,total,0
2023_20_KC_BUF,2023,20,2024-01-21,DIV,BUF,KC,24.0,27.0,2.5,45.5,-3.0,-5.5,5.5,0.6388035448652959,0.5634920634920635,1.0,0.521735527343446,0.44434724702169903,0.5,0.44434724702169903,,,total,1
2023_20_TB_DET,2023,20,2024-01-21,DIV,DET,TB,31.0,23.0,6.0,49.5,8.0,2.0,4.5,0.634446651972171,0.705033164260632,1.0,0.36199260142524287,0.44800996208272187,0.5,0.44800996208272187,,,total,1
2023_21_KC_BAL,2023,21,2024-01-28,CON,BAL,KC,10.0,17.0,4.5,44.0,-7.0,-11.5,-17.0,0.6322291998526424,0.6574752261956054,0.0,0.4592287978856193,0.4457497595902807,0.5,0.4457497595902807,,,total,0
2023_21_DET_SF,2023,21,2024-01-28,CON,SF,DET,34.0,31.0,7.5,52.5,3.0,-4.5,12.5,0.7146906087637729,0.7335423197492164,1.0,0.5043417270658248,0.44473709098660835,0.5,0.44473709098660835,,,total,1
2024_01_BAL_KC,2024,1,2024-09-05,REG,KC,BAL,27.0,20.0,3.0,46.0,7.0,4.0,1.0,0.624275628010466,0.5720596355604638,1.0,0.33487261558446746,0.3883508534477916,0.5,0.3883508534477916,,,total,1
2024_01_GB_PHI,2024,1,2024-09-06,REG,PHI,GB,34.0,29.0,2.0,49.5,5.0,3.0,13.5,0.42005037626578806,0.5427435387673957,1.0,0.31867186497458083,0.3763895000719915,0.5,0.3763895000719915,,,total,1
2024_01_PIT_ATL,2024,1,2024-09-08,REG,ATL,PIT,10.0,18.0,4.0,43.0,-8.0,-12.0,-15.0,0.41977749928935787,0.6309403437815976,0.0,0.3977691295080332,0.4335046087375327,0.5,0.4335046087375327,,,total,0
2024_01_ARI_BUF,2024,1,2024-09-08,REG,BUF,ARI,34.0,28.0,6.5,46.0,6.0,-0.5,16.0,0.8329616301950606,0.725752508361204,1.0,0.21737907588472102,0.29665465864570056,0.5,0.29665465864570056,,,total,1
2024_01_TEN_CHI,2024,1,2024-09-08,REG,CHI,TEN,24.0,17.0,4.0,43.0,7.0,3.0,-2.0,0.6259549642208512,0.6369041816941223,0.0,0.45978805575364556,0.47672092319646137,0.5,0.47672092319646137,,,total,0
2024_01_NE_CIN,2024,1,2024-09-08,REG,CIN,NE,10.0,16.0,8.0,40.5,-6.0,-14.0,-14.5,0.7770555735456055,0.7571884984025559,0.0,0.4607606419118931,0.477392604613776,0.5,0.477392604613776,,,total,0
2024_01_DAL_CLE,2024,1,2024-09-08,REG,CLE,DAL,17.0,33.0,2.5,42.0,-16.0,-18.5,8.0,0.4621241121761701,0.5427435387673957,1.0,0.49463925295773487,0.5007310373259715,0.5,0.5007310373259715,,,total,1
2024_01_LA_DET,2024,1,2024-09-08,REG,DET,LA,26.0,20.0,5.0,54.0,6.0,1.0,-8.0,0.6542965140372988,0.6636481241914618,0.0,0.3956638580668382,0.4320196250193025,0.5,0.4320196250193025,,,total,0
2024_01_HOU_IND,2024,1,2024-09-08,REG,IND,HOU,27.0,29.0,-3.0,49.0,-2.0,1.0,7.0,0.5179813483409066,0.4170073589533933,1.0,0.20875013676325546,0.2893227821908005,0.5,0.2893227821908005,,,total,1
2024_01_LV_LAC,2024,1,2024-09-08,REG,LAC,LV,22.0,10.0,3.0,41.0,12.0,9.0,-9.0,0.48388389645048363,0.5829926410466066,0.0,0.4968450729042526,0.5022480823427439,0.5,0.5022480823427439,,,total,0
2024_01_JAX_MIA,2024,1,2024-09-08,REG,MIA,JAX,20.0,17.0,3.5,49.5,3.0,-0.5,-12.5,0.6520246352687756,0.6164383561643836,0.0,0.34528283773468416,0.3959550647086001,0.5,0.3959550647086001,,,total,0
2024_01_CAR_NO,2024,1,2024-09-08,REG,NO,CAR,47.0,10.0,3.5,41.5,37.0,33.5,15.5,0.8001419099875359,0.6309403437815976,1.0,0.3971454072102275,0.433064812303109,0.5,0.433064812303109,,,total,1
2024_01_MIN_NYG,2024,1,2024-09-08,REG,NYG,MIN,6.0,28.0,-1.0,42.5,-22.0,-21.0,-8.5,0.5440736164267311,0.4891657638136511,0.0,0.41847619973402583,0.4480370895717735,0.5,0.4480370895717735,,,total,0
2024_01_DEN_SEA,2024,1,2024-09-08,REG,SEA,DEN,26.0,20.0,6.5,42.0,6.0,-0.5,4.0,0.6222480220471717,0.705033164260632,1.0,0.38872465161105313,0.42711411020470685,0.5,0.42711411020470685,,,total,1
2024_01_WAS_TB,2024,1,2024-09-08,REG,TB,WAS,37.0,20.0,4.0,42.0,17.0,13.0,15.0,0.7725576721622884,0.6369041816941223,1.0,0.5747635176408737,0.5559854704604383,0.5,0.5559854704604383,,,total,1
2024_01_NYJ_SF,2024,1,2024-09-09,REG,SF,NYJ,32.0,19.0,3.5,43.0,13.0,9.5,8.0,0.8210134569699034,0.6164383561643836,1.0,0.2870929413917371,0.3525555026249306,0.5,0.3525555026249306,,,total,1
2024_02_BUF_MIA,2024,2,2024-09-12,REG,MIA,BUF,10.0,31.0,2.5,48.5,-21.0,-23.5,-7.5,0.44602024580685457,0.551441114716549,0.0,0.41341117140908096,0.4444939337149586,0.5,0.4444939337149586,,,total,0
2024_02_LA_ARI,2024,2,2024-09-15,REG,ARI,LA,41.0,10.0,-1.0,47.5,31.0,32.0,3.5,0.4274151217822157,0.4956702459300312,1.0,0.493942893662054,0.5002520875074468,0.5,0.5002520875074468,,,total,1
2024_02_LV_BAL,2024,2,2024-09-15,REG,BAL,LV,23.0,26.0,9.0,41.0,-3.0,-12.0,8.0,0.765081755970479,0.7867435158501441,1.0,0.4110293432481858,0.4428253120028398,0.5,0.4428253120028398,,,total,1
2024_02_LAC_CAR,2024,2,2024-09-15,REG,CAR,LAC,3.0,26.0,-5.0,39.0,-23.0,-18.0,-10.0,0.3799606343860612,0.33635187580853815,0.0,0.49095630820908254,0.49819773945024404,0.5,0.49819773945024404,,,total,0
2024_02_NO_DAL,2024,2,2024-09-15,REG,DAL,NO,19.0,44.0,6.5,47.0,-25.0,-31.5,16.0,0.6707688315630956,0.7135512302607419,1.0,0.41201117518464603,0.4435133425947378,0.5,0.4435133425947378,,,total,1
2024_02_PIT_DEN,2024,2,2024-09-15,REG,DEN,PIT,6.0,13.0,-3.0,36.5,-7.0,-4.0,-17.5,0.43541978924435953,0.4170073589533933,0.0,0.4602745712236398,0.4770569332348488,0.5,0.4770569332348488,,,total,0
2024_02_TB_DET,2024,2,2024-09-15,REG,DET,TB,16.0,20.0,7.5,51.5,-4.0,-11.5,-15.5,0.6499146481198798,0.7571884984025559,0.0,0.5397261274711412,0.5317524381326285,0.5,0.5317524381326285,,,total,0
2024_02_IND_GB,2024,2,2024-09-15,REG,GB,IND,16.0,10.0,-3.0,41.5,6.0,9.0,-15.5,0.7161077320022159,0.43650793650793646,0.0,0.4373112061888689,0.4611569310209148,0.5,0.4611569310209148,,,total,0
2024_02_CHI_HOU,2024,2,2024-09-15,REG,HOU,CHI,19.0,13.0,6.0,45.5,6.0,0.0,-13.5,0.6263442912417251,0.690792883054068,0.0,0.42381750352020797,0.45176620818607804,0.5,0.45176620818607804,,,total,0
2024_02_CLE_JAX,2024,2,2024-09-15,REG,JAX,CLE,13.0,18.0,3.0,41.5,-5.0,-8.0,-10.5,0.5871395878590928,0.6037569709421778,0.0,0.2879953938883993,0.35324731169257023,0.5,0.35324731169257023,,,total,0
2024_02_CIN_KC,2024,2,2024-09-15,REG,KC,CIN,26.0,25.0,6.5,47.5,1.0,-5.5,3.5,0.7741993675768543,0.7135512302607419,1.0,0.5110532263181722,0.5120180276749029,0.5,0.5120180276749029,,,total,1
2024_02_SF_MIN,2024,2,2024-09-15,REG,MIN,SF,23.0,17.0,-4.5,46.5,6.0,10.5,-6.5,0.36558377012121057,0.34252477380439467,0.0,0.3905148115137789,0.4283812553058839,0.5,0.4283812553058839,,,total,0
2024_02_SEA_NE,2024,2,2024-09-15,REG,NE,SEA,20.0,23.0,-3.5,39.0,-3.0,0.5,4.0,0.4636202177680211,0.3962430290578221,1.0,0.4734329417000118,0.486133886223267,0.5,0.486133886223267,,,total,1
2024_02_NYJ_TEN,2024,2,2024-09-15,REG,TEN,NYJ,17.0,24.0,-3.5,41.5,-7.0,-3.5,-0.5,0.5405928722141847,0.3835616438356164,0.0,0.34742930746551426,0.39751558889983074,0.5,0.39751558889983074,,,total,0
2024_02_NYG_WAS,2024,2,2024-09-15,REG,WAS,NYG,21.0,18.0,1.5,42.5,3.0,1.5,-3.5,0.48731483426930483,0.5324675324675325,0.0,0.4626716105428879,0.4787119856336395,0.5,0.4787119856336395,,,total,0
2024_02_ATL_PHI,2024,2,2024-09-16,REG,PHI,ATL,21.0,22.0,5.5,46.5,-1.0,-6.5,-3.5,0.7455798481596642,0.6957699520733487,0.0,0.3940104319156588,0.4308523023024941,0.5,0.4308523023024941,,,total,0
2024_03_NE_NYJ,2024,3,2024-09-19,REG,NYJ,NE,24.0,3.0,6.5,39.0,21.0,14.5,-12.0,0.63502702483912,0.7095435684647302,0.0,0.4785527920637611,0.48966090310579785,0.5,0.48966090310579785,,,total,0
2024_03_DET_ARI,2024,3,2024-09-22,REG,ARI,DET,13.0,20.0,-3.0,51.5,-7.0,-4.0,-18.5,0.40112701307919296,0.42794036443953615,0.0,0.4852219696129321,0.49425218525105036,0.5,0.49425218525105036,,,total,0
2024_03_KC_ATL,2024,3,2024-09-22,REG,ATL,KC,17.0,22.0,-3.0,46.0,-5.0,-2.0,-7.0,0.22269067436927603,0.3962430290578221,0.0,0.3603953075075737,0.40689206863385646,0.5,0.40689206863385646,,,total,0
2024_03_NYG_CLE,2024,3,2024-09-22,REG,CLE,NYG,15.0,21.0,6.5,38.0,-6.0,-12.5,-2.0,0.6888874170043912,0.7001620745542949,0.0,0.537960422427012,0.5305355250845868,0.5,0.5305355250845868,,,total,0
2024_03_BAL_DAL,2024,3,2024-09-22,REG,DAL,BAL,25.0,28.0,-1.5,47.5,-3.0,-1.5,5.5,0.5140003884280051,0.4782608695652174,1.0,0.4426841604429718,0.4648854276943304,0.5,0.4648854276943304,,,total,1
2024_03_CHI_IND,2024,3,2024-09-22,REG,IND,CHI,21.0,16.0,1.5,43.0,5.0,3.5,-6.0,0.5402367847398202,0.5324675324675325,0.0,0.5041952541680541,0.5073024103538013,0.5,0.5073024103538013,,,total,0
2024_03_SF_LA,2024,3,2024-09-22,REG,LA,SF,27.0,24.0,-6.0,44.5,3.0,9.0,6.5,0.3397088745644115,0.30920711694593195,1.0,0.3698952736370721,0.41371115514197165,0.5,0.41371115514197165,,,total,1
2024_03_CAR_LV,2024,3,2024-09-22,REG,LV,CAR,22.0,36.0,5.5,40.0,-14.0,-19.5,18.0,0.8124716708253266,0.6805555555555556,1.0,0.45797476640177187,0.47546829846079053,0.5,0.47546829846079053,,,total,1
2024_03_HOU_MIN,2024,3,2024-09-22,REG,MIN,HOU,34.0,7.0,-2.0,46.0,27.0,29.0,-5.0,0.5996932443649422,0.448558885283451,0.0,0.4492138341992047,0.46940941611048537,0.5,0.46940941611048537,,,total,0
2024_03_PHI_NO,2024,3,2024-09-22,REG,NO,PHI,12.0,15.0,2.5,49.0,-3.0,-5.5,-22.0,0.6495535068928525,0.5634920634920635,0.0,0.39633034424974417,0.43248990213824595,0.5,0.43248990213824595,,,total,0
2024_03_LAC_PIT,2024,3,2024-09-22,REG,PIT,LAC,20.0,10.0,3.0,36.0,10.0,7.0,-6.0,0.6942308902191111,0.5720596355604638,0.0,0.6293450502047307,0.5942941977668648,0.5,0.5942941977668648,,,total,0
2024_03_MIA_SEA,2024,3,2024-09-22,REG,SEA,MIA,24.0,3.0,4.0,41.5,21.0,17.0,-14.5,0.5874023200906073,0.644729178800233,0.0,0.4627093672091077,0.47873804908609136,0.5,0.47873804908609136,,,total,0
2024_03_DEN_TB,2024,3,2024-09-22,REG,TB,DEN,7.0,26.0,6.0,40.5,-19.0,-25.0,-7.5,0.7380501792460985,0.6805555555555556,0.0,0.564310050145434,0.5487350469588024,0.5,0.5487350469588024,,,total,0
2024_03_GB_TEN,2024,3,2024-09-22,REG,TEN,GB,14.0,30.0,3.0,37.0,-16.0,-19.0,7.0,0.3370815163529855,0.593369754159424,1.0,0.37553199684972877,0.41773844553698225,0.5,0.41773844553698225,,,total,1
2024_03_JAX_BUF,2024,3,2024-09-23,REG,BUF,JAX,47.0,10.0,4.0,46.5,37.0,33.0,10.5,0.8245934273385852,0.6574752261956054,1.0,0.5534668966529537,0.5412343346587775,0.5,0.5412343346587775,,,total,1
2024_03_WAS_CIN,2024,3,2024-09-23,REG,CIN,WAS,33.0,38.0,7.5,46.0,-5.0,-12.5,25.0,0.7686071352226074,0.7477827050997783,1.0,0.44065797870467943,0.463480041323275,0.5,0.463480041323275,,,total,1
2024_04_DAL_NYG,2024,4,2024-09-26,REG,NYG,DAL,15.0,20.0,-5.5,45.0,-5.0,0.5,-10.0,0.4280578608475818,0.31460674157303364,0.0,0.5520425431025365,0.5402503531812649,0.5,0.5402503531812649,,,total,0
2024_04_WAS_ARI,2024,4,2024-09-29,REG,ARI,WAS,14.0,42.0,3.5,49.0,-28.0,-31.5,7.0,0.6150351972432162,0.6164383561643836,1.0,0.40052324433163855,0.435445043019172,0.5,0.435445043019172,,,total,1
2024_04_NO_ATL,2024,4,2024-09-29,REG,ATL,NO,26.0,24.0,2.5,41.5,2.0,-0.5,8.5,0.3669720613132705,0.5634920634920635,1.0,0.5430476025494294,0.5340424300529802,0.5,0.5340424300529802,,,total,1
2024_04_BUF_BAL,2024,4,2024-09-29,REG,BAL,BUF,35.0,10.0,2.5,46.5,25.0,22.5,-1.5,0.4879298409728921,0.551441114716549,0.0,0.466899979969875,0.4816297530909522,0.5,0.4816297530909522,,,total,0
2024_04_CIN_CAR,2024,4,2024-09-29,REG,CAR,CIN,24.0,34.0,-4.5,47.0,-10.0,-5.5,11.0,0.36984320997139813,0.35527082119976705,1.0,0.4771635482217516,0.48870408760306755,0.5,0.48870408760306755,,,total,1
2024_04_LA_CHI,2024,4,2024-09-29,REG,CHI,LA,24.0,18.0,3.0,40.0,6.0,3.0,2.0,0.5184689431640283,0.593369754159424,1.0,0.4045948593553975,0.43830926456962593,0.5,0.43830926456962593,,,total,1
2024_04_MIN_GB,2024,4,2024-09-29,REG,GB,MIN,29.0,31.0,2.5,44.0,-2.0,-4.5,16.0,0.597635165398527,0.551441114716549,1.0,0.3634617711936282,0.4090976717890697,0.5,0.4090976717890697,,,total,1
2024_04_JAX_HOU,2024,4,2024-09-29,REG,HOU,JAX,24.0,20.0,5.5,44.5,4.0,-1.5,-0.5,0.6569948148037147,0.6750312469954812,0.0,0.4651327131268481,0.4804105180842211,0.5,0.4804105180842211,,,total,0
2024_04_PIT_IND,2024,4,2024-09-29,REG,IND,PIT,27.0,24.0,-2.5,40.0,3.0,5.5,11.0,0.38916211843943016,0.4572564612326044,1.0,0.5000758273238698,0.5044698040469757,0.5,0.5044698040469757,,,total,1
2024_04_KC_LAC,2024,4,2024-09-29,REG,LAC,KC,10.0,17.0,-7.5,41.5,-7.0,0.5,-14.5,0.27091033837108086,0.2559309849029475,0.0,0.4895543652335222,0.49723327367494485,0.5,0.49723327367494485,,,total,0
2024_04_CLE_LV,2024,4,2024-09-29,REG,LV,CLE,20.0,16.0,-2.5,36.5,4.0,6.5,-0.5,0.5586573423015068,0.448558885283451,0.0,0.5316624743556834,0.5261972928073574,0.5,0.5261972928073574,,,total,0
2024_04_DEN_NYJ,2024,4,2024-09-29,REG,NYJ,DEN,9.0,10.0,7.5,39.5,-1.0,-8.5,-20.5,0.577618270161555,0.7768331562167907,0.0,0.6284052516506744,0.5936263511583739,0.5,0.5936263511583739,,,total,0
2024_04_NE_SF,2024,4,2024-09-29,REG,SF,NE,30.0,13.0,10.5,41.5,17.0,6.5,1.5,0.8307668618727178,0.8118668596237336,1.0,0.5069305240166869,0.5091831854314796,0.5,0.5091831854314796,,,total,1
2024_04_PHI_TB,2024,4,2024-09-29,REG,TB,PHI,33.0,16.0,-1.0,42.0,17.0,18.0,7.0,0.5311978988736419,0.4891657638136511,1.0,0.4838165011565978,0.49328486403991184,0.5,0.49328486403991184,,,total,1
2024_04_SEA_DET,2024,4,2024-09-30,REG,DET,SEA,42.0,29.0,3.5,46.5,13.0,9.5,24.5,0.6258146788508036,0.6224665518611737,1.0,0.5276209035677217,0.5234149502142077,0.5,0.5234149502142077,,,total,1
2024_04_TEN_MIA,2024,4,2024-09-30,REG,MIA,TEN,12.0,31.0,2.5,37.0,-19.0,-21.5,6.0,0.7367297154869582,0.551441114716549,1.0,0.680326740926854,0.6311316151552219,0.5,0.6311316151552219,,,total,1
2024_05_TB_ATL,2024,5,2024-10-03,REG,ATL,TB,36.0,30.0,2.5,44.0,6.0,3.5,22.0,0.41535391303039604,0.5634920634920635,1.0,0.42011510999252566,0.4491820965599342,0.5,0.4491820965599342,,,total,1
2024_05_CAR_CHI,2024,5,2024-10-06,REG,CHI,CAR,36.0,10.0,4.0,40.0,26.0,22.0,6.0,0.7488702131328822,0.6369041816941223,1.0,0.5580945882745045,0.5444332790216035,0.5,0.5444332790216035,,,total,1
2024_05_BAL_CIN,2024,5,2024-10-06,REG,CIN,BAL,38.0,41.0,-2.5,48.5,-3.0,-0.5,30.5,0.3848491255951221,0.42794036443953615,1.0,0.47608169361375563,0.4879588698230495,0.5,0.4879588698230495,,,total,1
2024_05_LV_DEN,2024,5,2024-10-06,REG,DEN,LV,34.0,18.0,3.0,36.0,16.0,13.0,16.0,0.6211550319091427,0.5829926410466066,1.0,0.4912710455658824,0.49841425092267067,0.5,0.49841425092267067,,,total,1
2024_05_BUF_HOU,2024,5,2024-10-06,REG,HOU,BUF,23.0,20.0,1.0,48.0,3.0,2.0,-5.0,0.3872473974033563,0.5173641257162701,0.0,0.47255826279497526,0.48553109218002166,0.5,0.48553109218002166,,,total,0
2024_05_IND_JAX,2024,5,2024-10-06,REG,JAX,IND,37.0,34.0,3.5,45.0,3.0,-0.5,26.0,0.5238305500479294,0.6224665518611737,1.0,0.304127190019728,0.3655038622321534,0.5,0.3655038622321534,,,total,1
2024_05_GB_LA,2024,5,2024-10-06,REG,LA,GB,19.0,24.0,-3.0,49.5,-5.0,-2.0,-6.5,0.44033306828117047,0.4170073589533933,0.0,0.268702120570942,0.3383024365398297,0.5,0.3383024365398297,,,total,0
2024_05_NYJ_MIN,2024,5,2024-10-06,REG,MIN,NYJ,23.0,17.0,2.5,42.0,6.0,3.5,-2.0,0.6463556726789781,0.5634920634920635,0.0,0.51289836905985,0.5132868524780766,0.5,0.5132868524780766,,,total,0
2024_05_MIA_NE,2024,5,2024-10-06,REG,NE,MIA,10.0,15.0,-2.0,37.0,-5.0,-3.0,-12.0,0.4973732968459894,0.4572564612326044,0.0,0.49867828348827214,0.5035087694732877,0.5,0.5035087694732877,,,total,0
2024_05_DAL_PIT,2024,5,2024-10-06,REG,PIT,DAL,17.0,20.0,2.5,43.5,-3.0,-5.5,-6.5,0.5949546809561642,0.551441114716549,0.0,0.5636520398706394,0.5482793287364233,0.5,0.5482793287364233,,,total,0
2024_05_NYG_SEA,2024,5,2024-10-06,REG,SEA,NYG,20.0,29.0,7.0,42.5,-9.0,-16.0,6.5,0.7228998243415038,0.725752508361204,1.0,0.4419526289315965,0.46437811742077434,0.5,0.46437811742077434,,,total,1
2024_05_ARI_SF,2024,5,2024-10-06,REG,SF,ARI,23.0,24.0,7.0,48.5,-1.0,-8.0,-1.5,0.8479445765025707,0.7335423197492164,0.0,0.5273823132725473,0.5232507316413606,0.5,0.5232507316413606,,,total,0
2024_05_CLE_WAS,2024,5,2024-10-06,REG,WAS,CLE,34.0,13.0,3.0,44.0,21.0,18.0,3.0,0.5751613963993535,0.5829926410466066,1.0,0.5192323457850859,0.5176431030805496,0.5,0.5176431030805496,,,total,1
2024_05_NO_KC,2024,5,2024-10-07,REG,KC,NO,26.0,13.0,5.5,43.0,13.0,7.5,-4.0,0.7771052329409665,0.6690070210631895,0.0,0.5020148621694674,0.5058031485064539,0.5,0.5058031485064539,,,total,0
2024_06_SF_SEA,2024,6,2024-10-10,REG,SEA,SF,24.0,36.0,-3.5,49.0,-12.0,-8.5,11.0,0.4084897641980435,0.3630958183058778,1.0,0.3149501951466731,0.37361801607750356,0.5,0.37361801607750356,,,total,1
2024_06_WAS_BAL,2024,6,2024-10-13,REG,BAL,WAS,30.0,23.0,6.5,51.5,7.0,0.5,1.5,0.8018243607414526,0.7095435684647302,1.0,0.47417273910672597,0.4866436689725116,0.5,0.4866436689725116,,,total,1
2024_06_ATL_CAR,2024,6,2024-10-13,REG,CAR,ATL,20.0,38.0,-6.0,45.5,-18.0,-12.0,12.5,0.38889219511343814,0.30920711694593195,1.0,0.30164164763029816,0.36362848920752633,0.5,0.36362848920752633,,,total,1
2024_06_JAX_CHI,2024,6,2024-10-13,REG,CHI,JAX,35.0,16.0,-1.5,44.5,19.0,20.5,6.5,0.5517333508599647,0.4782608695652174,1.0,0.5530453983242711,0.5409431230746524,0.5,0.5409431230746524,,,total,1
2024_06_DET_DAL,2024,6,2024-10-13,REG,DAL,DET,9.0,47.0,-3.5,52.5,-38.0,-34.5,3.5,0.5337194521068565,0.3835616438356164,1.0,0.4857537389721236,0.49461814720427655,0.5,0.49461814720427655,,,total,1
2024_06_LAC_DEN,2024,6,2024-10-13,REG,DEN,LAC,16.0,23.0,-3.0,37.0,-7.0,-4.0,2.0,0.6507093682367504,0.4170073589533933,1.0,0.4787527405744909,0.4897986011155073,0.5,0.4897986011155073,,,total,1
2024_06_PIT_LV,2024,6,2024-10-13,REG,LV,PIT,13.0,32.0,-3.5,36.5,-19.0,-15.5,8.5,0.42150130312303746,0.3835616438356164,1.0,0.4173720976798539,0.4472653232095813,0.5,0.4472653232095813,,,total,1
2024_06_HOU_NE,2024,6,2024-10-13,REG,NE,HOU,21.0,41.0,-6.5,38.5,-20.0,-13.5,23.5,0.35973145684703617,0.30423004792665137,1.0,0.42891904541123754,0.4553213807324987,0.5,0.4553213807324987,,,total,1
2024_06_TB_NO,2024,6,2024-10-13,REG,NO,TB,27.0,51.0,-3.5,42.5,-24.0,-20.5,35.5,0.6048200002074408,0.39076376554174075,1.0,0.46988102758397615,0.4836855794081057,0.5,0.4836855794081057,,,total,1
2024_06_CIN_NYG,2024,6,2024-10-13,REG,NYG,CIN,7.0,17.0,-4.5,46.0,-10.0,-5.5,-22.0,0.5144652765537452,0.33099297893681046,0.0,0.48324392620472056,0.49289075061215576,0.5,0.49289075061215576,,,total,0
2024_06_CLE_PHI,2024,6,2024-10-13,REG,PHI,CLE,20.0,16.0,8.0,42.0,4.0,-4.0,-6.0,0.7060957808443098,0.7768331562167907,0.0,0.384475952057412,0.4241020008225513,0.5,0.4241020008225513,,,total,0
2024_06_IND_TEN,2024,6,2024-10-13,REG,TEN,IND,17.0,20.0,2.5,42.0,-3.0,-5.5,-5.0,0.5259082349753693,0.551441114716549,0.0,0.41708540426562296,0.4470648717939545,0.5,0.4470648717939545,,,total,0
2024_06_BUF_NYJ,2024,6,2024-10-14,REG,NYJ,BUF,20.0,23.0,-1.0,42.0,-3.0,-2.0,1.0,0.3467606167523473,0.4739134147382802,1.0,0.40040808396446853,0.4353639554244506,0.5,0.4353639554244506,,,total,1
2024_07_DEN_NO,2024,7,2024-10-17,REG,NO,DEN,10.0,33.0,-2.5,37.0,-23.0,-20.5,6.0,0.592898389586746,0.42794036443953615,1.0,0.46406556401749477,0.47967411491268186,0.5,0.47967411491268186,,,total,1
2024_07_SEA_ATL,2024,7,2024-10-20,REG,ATL,SEA,14.0,34.0,3.0,51.5,-20.0,-23.0,-3.5,0.5712221920479812,0.593369754159424,0.0,0.49978703010659176,0.5042712127409356,0.5,0.5042712127409356,,,total,0
2024_07_TEN_BUF,2024,7,2024-10-20,REG,BUF,TEN,34.0,10.0,9.5,41.0,24.0,14.5,3.0,0.8387969598179893,0.8081570996978852,1.0,0.38955175058551095,0.4276997070894928,0.5,0.4276997070894928,,,total,1
2024_07_CIN_CLE,2024,7,2024-10-20,REG,CLE,CIN,14.0,21.0,-5.5,42.0,-7.0,-1.5,-7.0,0.41685365444800465,0.33099297893681046,0.0,0.408172150032124,0.44082151106760936,0.5,0.44082151106760936,,,total,0
2024_07_HOU_GB,2024,7,2024-10-20,REG,GB,HOU,24.0,22.0,3.0,48.0,2.0,-1.0,-2.0,0.6398039972376321,0.6037569709421778,0.0,0.36606839640653244,0.4109691243755057,0.5,0.4109691243755057,,,total,0
2024_07_MIA_IND,2024,7,2024-10-20,REG,IND,MIA,16.0,10.0,3.0,44.0,6.0,3.0,-18.0,0.5871756082137287,0.5829926410466066,0.0,0.37349936377356974,0.4162877311944824,0.5,0.4162877311944824,,,total,0
2024_07_NE_JAX,2024,7,2024-10-20,REG,JAX,NE,32.0,16.0,6.5,42.0,16.0,9.5,6.0,0.5941979860272164,0.7179705215419501,1.0,0.38015053916463204,0.42102845971916875,0.5,0.42102845971916875,,,total,1
2024_07_LV_LA,2024,7,2024-10-20,REG,LA,LV,20.0,15.0,7.0,43.0,5.0,-2.0,-8.0,0.6312403818197054,0.7477827050997783,0.0,0.43208945579619473,0.4575277472032516,0.5,0.4575277472032516,,,total,0
2024_07_DET_MIN,2024,7,2024-10-20,REG,MIN,DET,29.0,31.0,1.0,50.5,-2.0,-3.0,9.5,0.5059196597807226,0.5173641257162701,1.0,0.6343017678780357,0.5978223956230002,0.5,0.5978223956230002,,,total,1
2024_07_PHI_NYG,2024,7,2024-10-20,REG,NYG,PHI,3.0,28.0,-3.0,42.0,-25.0,-22.0,-11.0,0.4410426890796633,0.4003612281757977,0.0,0.5304484185336893,0.5253613784351417,0.5,0.5253613784351417,,,total,0
2024_07_NYJ_PIT,2024,7,2024-10-20,REG,PIT,NYJ,37.0,15.0,-3.0,40.0,22.0,25.0,12.0,0.7352327919935694,0.4003612281757977,1.0,0.47742946176521156,0.4888872427278706,0.5,0.4888872427278706,,,total,1
2024_07_KC_SF,2024,7,2024-10-20,REG,SF,KC,18.0,28.0,2.5,47.5,-10.0,-12.5,-1.5,0.460353927812213,0.5634920634920635,0.0,0.4645969267623089,0.48004080732388904,0.5,0.48004080732388904,,,total,0
2024_07_CAR_WAS,2024,7,2024-10-20,REG,WAS,CAR,40.0,7.0,10.0,51.0,33.0,23.0,-4.0,0.7855085542092977,0.8081570996978852,0.0,0.3435004698469498,0.3946573768845136,0.5,0.3946573768845136,,,total,0
2024_07_LAC_ARI,2024,7,2024-10-21,REG,ARI,LAC,17.0,15.0,-1.0,44.0,2.0,3.0,-12.0,0.43491071723557817,0.4739134147382802,0.0,0.5135285819852883,0.5137202378625576,0.5,0.5137202378625576,,,total,0
2024_07_BAL_TB,2024,7,2024-10-21,REG,TB,BAL,31.0,41.0,-4.5,51.0,-10.0,-5.5,21.0,0.422044833000899,0.33635187580853815,1.0,0.4434697896964007,0.4654301431670687,0.5,0.4654301431670687,,,total,1
2024_08_MIN_LA,2024,8,2024-10-24,REG,LA,MIN,30.0,20.0,-3.0,47.5,10.0,13.0,2.5,0.4147069819740686,0.4170073589533933,1.0,0.39899049388876345,0.4343654380763291,0.5,0.4343654380763291,,,total,1
2024_08_PHI_CIN,2024,8,2024-10-27,REG,CIN,PHI,17.0,37.0,2.5,47.5,-20.0,-22.5,6.5,0.5602008696666769,0.5720596355604638,1.0,0.4454521508573154,0.4668041103068828,0.5,0.4668041103068828,,,total,1
2024_08_BAL_CLE,2024,8,2024-10-27,REG,CLE,BAL,29.0,24.0,-7.5,44.5,5.0,12.5,8.5,0.2057489582496169,0.24000000000000005,1.0,0.5621460667166922,0.547236614798269,0.5,0.547236614798269,,,total,1
2024_08_CAR_DEN,2024,8,2024-10-27,REG,DEN,CAR,28.0,14.0,13.0,40.5,14.0,1.0,1.5,0.8483834870005621,0.8465011286681716,1.0,0.42041357417452474,0.44939054042997145,0.5,0.44939054042997145,,,total,1
2024_08_TEN_DET,2024,8,2024-10-27,REG,DET,TEN,52.0,14.0,12.5,45.0,38.0,25.5,21.0,0.8594686083193603,0.8524590163934427,1.0,0.32178575844713614,0.37870134874062616,0.5,0.37870134874062616,,,total,1
2024_08_IND_HOU,2024,8,2024-10-27,REG,HOU,IND,23.0,20.0,5.0,45.0,3.0,-2.0,-2.0,0.6522488184399885,0.6636481241914618,0.0,0.38956852271646353,0.42771157941210824,0.5,0.42771157941210824,,,total,0
2024_08_GB_JAX,2024,8,2024-10-27,REG,JAX,GB,27.0,30.0,-3.5,49.0,-3.0,0.5,8.0,0.3522016197809177,0.3690596562184025,1.0,0.3791539339809947,0.42031925582161106,0.5,0.42031925582161106,,,total,1
2024_08_NO_LAC,2024,8,2024-10-27,REG,LAC,NO,26.0,8.0,7.0,41.5,18.0,11.0,-7.5,0.6058612939649518,0.725752508361204,0.0,0.5162511467414193,0.5155926057138892,0.5,0.5155926057138892,,,total,0
2024_08_KC_LV,2024,8,2024-10-27,REG,LV,KC,20.0,27.0,-9.0,42.0,-7.0,2.0,5.0,0.1648697749861254,0.21809369951534735,1.0,0.5748924480972689,0.5560750286164652,0.5,0.5560750286164652,,,total,1
2024_08_ARI_MIA,2024,8,2024-10-27,REG,MIA,ARI,27.0,28.0,4.0,46.5,-1.0,-5.0,8.5,0.6450826483962065,0.6369041816941223,1.0,0.6111361743379363,0.5814125595982308,0.5,0.5814125595982308,,,total,1
2024_08_NYJ_NE,2024,8,2024-10-27,REG,NE,NYJ,25.0,22.0,-7.0,41.0,3.0,10.0,6.0,0.4238190548746766,0.27792074112197634,1.0,0.37263104426503874,0.41566747319839076,0.5,0.41566747319839076,,,total,1
2024_08_BUF_SEA,2024,8,2024-10-27,REG,SEA,BUF,10.0,31.0,-3.0,45.5,-21.0,-18.0,-4.5,0.3881590174660342,0.3962430290578221,0.0,0.5194045678186255,0.5177615689348121,0.5,0.5177615689348121,,,total,0
2024_08_DAL_SF,2024,8,2024-10-27,REG,SF,DAL,30.0,24.0,5.5,48.0,6.0,0.5,6.0,0.6858168582589214,0.6750312469954812,1.0,0.36416256835762334,0.409601120250098,0.5,0.409601120250098,,,total,1
2024_08_ATL_TB,2024,8,2024-10-27,REG,TB,ATL,26.0,31.0,-1.5,47.0,-5.0,-3.5,10.0,0.711293728904542,0.4739134147382802,1.0,0.5543293256193466,0.5418302615125123,0.5,0.5418302615125123,,,total,1
2024_08_CHI_WAS,2024,8,2024-10-27,REG,WAS,CHI,18.0,15.0,1.5,46.5,3.0,1.5,-13.5,0.5364880434977156,0.5260865852617197,0.0,0.4836957188118557,0.49320172918171856,0.5,0.49320172918171856,,,total,0
2024_08_NYG_PIT,2024,8,2024-10-28,REG,PIT,NYG,26.0,18.0,6.0,37.5,8.0,2.0,6.5,0.8011676813469407,0.7001620745542949,1.0,0.45275753340958685,0.4718615904388537,0.5,0.4718615904388537,,,total,1
2024_09_HOU_NYJ,2024,9,2024-10-31,REG,NYJ,HOU,21.0,13.0,2.5,43.5,8.0,5.5,-9.5,0.39507034552285863,0.5720596355604638,0.0,0.47133947833828205,0.48469103038864286,0.5,0.48469103038864286,,,total,0
2024_09_CHI_ARI,2024,9,2024-11-03,REG,ARI,CHI,29.0,9.0,1.5,44.5,20.0,18.5,-6.5,0.4581960992780534,0.5217391304347826,0.0,0.5962680918674537,0.5709757326078279,0.5,0.5709757326078279,,,total,0
2024_09_DAL_ATL,2024,9,2024-11-03,REG,ATL,DAL,27.0,21.0,3.0,52.0,6.0,3.0,-4.0,0.4936447167939748,0.5996387718242023,0.0,0.4326301694188108,0.4579038201831469,0.5,0.4579038201831469,,,total,0
2024_09_DEN_BAL,2024,9,2024-11-03,REG,BAL,DEN,41.0,10.0,9.0,46.5,31.0,22.0,4.5,0.7363215095967135,0.7779605263157894,1.0,0.5711648237957473,0.553487090304985,0.5,0.553487090304985,,,total,1
2024_09_MIA_BUF,2024,9,2024-11-03,REG,BUF,MIA,30.0,27.0,6.5,49.0,3.0,-3.5,8.0,0.836589729107748,0.7095435684647302,1.0,0.4869579680204886,0.49544683369010795,0.5,0.49544683369010795,,,total,1
2024_09_NO_CAR,2024,9,2024-11-03,REG,CAR,NO,23.0,22.0,-7.0,43.5,1.0,8.0,1.5,0.35129077596281827,0.2559309849029475,1.0,0.47944397973620784,0.49027461090650293,0.5,0.49027461090650293,,,total,1
2024_09_LV_CIN,2024,9,2024-11-03,REG,CIN,LV,41.0,24.0,8.0,45.0,17.0,9.0,20.0,0.7224013595964611,0.771505376344086,1.0,0.42384095724241105,0.4517825669684057,0.5,0.4517825669684057,,,total,1
2024_09_LAC_CLE,2024,9,2024-11-03,REG,CLE,LAC,10.0,27.0,-2.0,42.5,-17.0,-15.0,-5.5,0.4783204674731225,0.4572564612326044,0.0,0.49076974418753655,0.49806939789611815,0.5,0.49806939789611815,,,total,0
2024_09_DET_GB,2024,9,2024-11-03,REG,GB,DET,14.0,24.0,-2.5,47.5,-10.0,-7.5,-9.5,0.5016206505315854,0.4170073589533933,0.0,0.2571327647205696,0.32917270176492763,0.5,0.32917270176492763,,,total,0
2024_09_IND_MIN,2024,9,2024-11-03,REG,MIN,IND,21.0,13.0,6.5,47.0,8.0,1.5,-13.0,0.6795135774413777,0.7179705215419501,0.0,0.33371833512681076,0.38750391214877766,0.5,0.38750391214877766,,,total,0
2024_09_WAS_NYG,2024,9,2024-11-03,REG,NYG,WAS,22.0,27.0,-4.5,44.5,-5.0,-0.5,4.5,0.44402266668785045,0.34252477380439467,1.0,0.5727867309493403,0.5546127724295667,0.5,0.5546127724295667,,,total,1
2024_09_JAX_PHI,2024,9,2024-11-03,REG,PHI,JAX,28.0,23.0,7.5,46.0,5.0,-2.5,5.0,0.7753460787539653,0.740871613663133,1.0,0.49091184580218833,0.49816715290467023,0.5,0.49816715290467023,,,total,1
2024_09_LA_SEA,2024,9,2024-11-03,REG,SEA,LA,20.0,26.0,-1.5,48.5,-6.0,-4.5,-2.5,0.5675653167683612,0.4675324675324675,0.0,0.34146705045012604,0.3931747976001444,0.5,0.3931747976001444,,,total,0
2024_09_NE_TEN,2024,9,2024-11-03,REG,TEN,NE,20.0,17.0,3.0,38.5,3.0,0.0,-1.5,0.6347021648974138,0.593369754159424,0.0,0.46441166031960407,0.47991295918573723,0.5,0.47991295918573723,,,total,0
2024_09_TB_KC,2024,9,2024-11-04,REG,KC,TB,30.0,24.0,9.0,45.5,6.0,-3.0,8.5,0.8430877114857258,0.7768331562167907,1.0,0.6250743517560597,0.591262071873355,0.5,0.591262071873355,,,total,1
2024_10_CIN_BAL,2024,10,2024-11-07,REG,BAL,CIN,35.0,34.0,6.0,53.0,1.0,-5.0,16.0,0.7623153626535306,0.7001620745542949,1.0,0.5060257849010842,0.5085610857590255,0.5,0.5085610857590255,,,total,1
2024_10_NYJ_ARI,2024,10,2024-11-10,REG,ARI,NYJ,31.0,6.0,-2.0,45.5,25.0,27.0,-8.5,0.5709263882271395,0.4572564612326044,0.0,0.5913329998377983,0.5675255173607666,0.5,0.5675255173607666,,,total,0
2024_10_NYG_CAR,2024,10,2024-11-10,REG,CAR,NYG,20.0,17.0,-6.5,40.5,3.0,9.5,-3.5,0.36162579397789385,0.2820294784580499,0.0,0.32299702422904764,0.379598933627948,0.5,0.379598933627948,,,total,0
2024_10_NE_CHI,2024,10,2024-11-10,REG,CHI,NE,3.0,19.0,6.5,37.5,-16.0,-22.5,-15.5,0.7377639019302099,0.7335423197492164,0.0,0.5399194703917732,0.5318857073905927,0.5,0.5318857073905927,,,total,0
2024_10_PHI_DAL,2024,10,2024-11-10,REG,DAL,PHI,6.0,34.0,-7.5,44.5,-28.0,-20.5,-4.5,0.44104462704890973,0.2491874322860238,0.0,0.4138305120782706,0.4447875429602573,0.5,0.4447875429602573,,,total,0
2024_10_BUF_IND,2024,10,2024-11-10,REG,IND,BUF,20.0,30.0,-4.5,46.5,-10.0,-5.5,3.5,0.2926230242879116,0.33099297893681046,1.0,0.49965817375322785,0.5041826042521725,0.5,0.5041826042521725,,,total,1
2024_10_MIN_JAX,2024,10,2024-11-10,REG,JAX,MIN,7.0,12.0,-7.0,42.5,-5.0,2.0,-23.5,0.376037235999686,0.25341685649202733,0.0,0.3421080635392323,0.39364240902575337,0.5,0.39364240902575337,,,total,0
2024_10_DEN_KC,2024,10,2024-11-10,REG,KC,DEN,16.0,14.0,7.5,42.5,2.0,-5.5,-12.5,0.8438451793510332,0.7600000000000001,0.0,0.4151678156036581,0.4457235555270396,0.5,0.4457235555270396,,,total,0
2024_10_TEN_LAC,2024,10,2024-11-10,REG,LAC,TEN,27.0,17.0,8.0,40.0,10.0,2.0,4.0,0.7428467807139701,0.7600000000000001,1.0,0.6156336260020567,0.5845833119307988,0.5,0.5845833119307988,,,total,1
2024_10_ATL_NO,2024,10,2024-11-10,REG,NO,ATL,20.0,17.0,-3.5,46.5,3.0,6.5,-9.5,0.49541148553962205,0.3690596562184025,0.0,0.46208522981229194,0.4783071834590182,0.5,0.4783071834590182,,,total,0
2024_10_SF_TB,2024,10,2024-11-10,REG,TB,SF,20.0,23.0,-6.5,50.5,-3.0,3.5,-7.5,0.40517049587440374,0.2820294784580499,0.0,0.3997301430626037,0.43488651138329,0.5,0.43488651138329,,,total,0
2024_10_PIT_WAS,2024,10,2024-11-10,REG,WAS,PIT,27.0,28.0,1.5,45.0,-1.0,-2.5,10.0,0.44532795012445603,0.5260865852617197,1.0,0.4081395671118038,0.4407986462434069,0.5,0.4407986462434069,,,total,1
2024_10_MIA_LA,2024,10,2024-11-11,REG,LA,MIA,15.0,23.0,2.5,49.5,-8.0,-10.5,-11.5,0.6883564883769735,0.5634920634920635,0.0,0.5840164909644308,0.562421924888749,0.5,0.562421924888749,,,total,0
2024_11_WAS_PHI,2024,11,2024-11-14,REG,PHI,WAS,26.0,18.0,4.5,49.5,8.0,3.5,-5.5,0.7415356331146985,0.6690070210631895,0.0,0.4415718969936467,0.4641140434987916,0.5,0.4641140434987916,,,total,0
2024_11_KC_BUF,2024,11,2024-11-17,REG,BUF,KC,30.0,21.0,2.5,46.5,9.0,6.5,4.5,0.4798575218920895,0.5634920634920635,1.0,0.48429756550481284,0.49361597292759457,0.5,0.49361597292759457,,,total,1
2024_11_GB_CHI,2024,11,2024-11-17,REG,CHI,GB,19.0,20.0,-6.0,41.0,-1.0,5.0,-2.0,0.3387889205770014,0.30423004792665137,0.0,0.48612021732848953,0.4948703468340805,0.5,0.4948703468340805,,,total,0
2024_11_ATL_DEN,2024,11,2024-11-17,REG,DEN,ATL,38.0,6.0,2.0,44.5,32.0,30.0,-0.5,0.6365852483787702,0.551441114716549,0.0,0.4165736175494668,0.44670698405539233,0.5,0.44670698405539233,,,total,0
2024_11_JAX_DET,2024,11,2024-11-17,REG,DET,JAX,52.0,6.0,14.0,47.5,46.0,32.0,10.5,0.8773877420199714,0.8720930232558138,1.0,0.42102763858648845,0.4498193239605922,0.5,0.4498193239605922,,,total,1
2024_11_CIN_LAC,2024,11,2024-11-17,REG,LAC,CIN,34.0,27.0,1.0,48.0,7.0,6.0,13.0,0.6015414761392,0.5,1.0,0.5215178827333746,0.5192153487832413,0.5,0.5192153487832413,,,total,1
2024_11_LV_MIA,2024,11,2024-11-17,REG,MIA,LV,34.0,19.0,8.0,43.5,15.0,7.0,9.5,0.6921769344169747,0.7768331562167907,1.0,0.37598490337554635,0.41806145669596867,0.5,0.41806145669596867,,,total,1
2024_11_LA_NE,2024,11,2024-11-17,REG,NE,LA,22.0,28.0,-4.0,42.5,-6.0,-2.0,7.5,0.4286944528658069,0.3630958183058778,1.0,0.406012602091101,0.4393053763256333,0.5,0.4393053763256333,,,total,1
2024_11_CLE_NO,2024,11,2024-11-17,REG,NO,CLE,35.0,14.0,-1.0,44.0,21.0,22.0,5.0,0.6300728856974726,0.4891657638136511,1.0,0.4950084067772386,0.500984931678623,0.5,0.500984931678623,,,total,1
2024_11_IND_NYJ,2024,11,2024-11-17,REG,NYJ,IND,27.0,28.0,4.0,43.0,-1.0,-5.0,12.0,0.536197702559614,0.644729178800233,1.0,0.40704953147428147,0.44003353921969474,0.5,0.44003353921969474,,,total,1
2024_11_BAL_PIT,2024,11,2024-11-17,REG,PIT,BAL,18.0,16.0,-3.0,48.0,2.0,5.0,-14.0,0.4795768876466308,0.39076376554174075,0.0,0.4961772073153505,0.5017887748114076,0.5,0.5017887748114076,,,total,0
2024_11_SEA_SF,2024,11,2024-11-17,REG,SF,SEA,17.0,20.0,6.0,49.0,-3.0,-9.0,-12.0,0.7858011315488274,0.6957699520733487,0.0,0.3769344367991875,0.4187383867531618,0.5,0.4187383867531618,,,total,0
2024_11_MIN_TEN,2024,11,2024-11-17,REG,TEN,MIN,13.0,23.0,-6.0,40.0,-10.0,-4.0,-4.0,0.30937489510088695,0.28644876973925815,0.0,0.31632835013891714,0.37464539374829975,0.5,0.37464539374829975,,,total,0
2024_11_HOU_DAL,2024,11,2024-11-18,REG,DAL,HOU,10.0,34.0,-7.5,41.5,-24.0,-16.5,2.5,0.5207684138865383,0.2491874322860238,1.0,0.32634387267405546,0.38207420939697473,0.5,0.38207420939697473,,,total,1
2024_12_PIT_CLE,2024,12,2024-11-21,REG,CLE,PIT,24.0,19.0,-3.5,36.5,5.0,8.5,6.5,0.259042177313234,0.35527082119976705,1.0,0.33830771608573323,0.39086676406645265,0.5,0.39086676406645265,,,total,1
2024_12_KC_CAR,2024,12,2024-11-24,REG,CAR,KC,27.0,30.0,-11.0,43.0,-3.0,8.0,14.0,0.10314379094798246,0.15999999999999998,1.0,0.3780714043834096,0.4195484567629819,0.5,0.4195484567629819,,,total,1
2024_12_MIN_CHI,2024,12,2024-11-24,REG,CHI,MIN,27.0,30.0,-3.0,39.5,-3.0,0.0,17.5,0.3240149264569258,0.39076376554174075,1.0,0.43605241082908225,0.46028257534506856,0.5,0.46028257534506856,,,total,1
2024_12_SF_GB,2024,12,2024-11-24,REG,GB,SF,38.0,10.0,6.5,44.5,28.0,21.5,3.5,0.5480638705855385,0.7135512302607419,1.0,0.35234878266337066,0.40108306581153935,0.5,0.40108306581153935,,,total,1
2024_12_TEN_HOU,2024,12,2024-11-24,REG,HOU,TEN,27.0,32.0,8.0,40.5,-5.0,-13.0,18.5,0.7911583743900296,0.7571884984025559,1.0,0.431740239380409,0.45728482882516164,0.5,0.45728482882516164,,,total,1
2024_12_DET_IND,2024,12,2024-11-24,REG,IND,DET,6.0,24.0,-7.0,50.5,-18.0,-11.0,-20.5,0.24891962726527317,0.2428115015974441,0.0,0.4092885573986268,0.44160475195955196,0.5,0.44160475195955196,,,total,0
2024_12_PHI_LA,2024,12,2024-11-24,REG,LA,PHI,20.0,37.0,-3.0,49.0,-17.0,-14.0,8.0,0.38638495145599944,0.3962430290578221,1.0,0.4341343992528798,0.4589496972569523,0.5,0.4589496972569523,,,total,1
2024_12_DEN_LV,2024,12,2024-11-24,REG,LV,DEN,19.0,29.0,-6.5,41.5,-10.0,-3.5,6.5,0.34212756193526606,0.2949668357393679,1.0,0.3349638916606112,0.388417793155844,0.5,0.388417793155844,,,total,1
2024_12_NE_MIA,2024,12,2024-11-24,REG,MIA,NE,34.0,15.0,7.5,46.0,19.0,11.5,3.0,0.7315138898048869,0.7508125677139762,1.0,0.444112667252821,0.4658757972861618,0.5,0.4658757972861618,,,total,1
2024_12_TB_NYG,2024,12,2024-11-24,REG,NYG,TB,7.0,30.0,-6.5,40.5,-23.0,-16.5,-3.5,0.3918512848928964,0.2820294784580499,0.0,0.32453054746163534,0.380733979191699,0.5,0.380733979191699,,,total,0
2024_12_ARI_SEA,2024,12,2024-11-24,REG,SEA,ARI,16.0,6.0,-1.0,46.5,10.0,11.0,-24.5,0.6052812312631249,0.4891657638136511,0.0,0.43053931513558463,0.4564492480100385,0.5,0.4564492480100385,,,total,0
2024_12_DAL_WAS,2024,12,2024-11-24,REG,WAS,DAL,26.0,34.0,10.5,45.0,-8.0,-18.5,15.0,0.6461968990915375,0.827123695976155,1.0,0.3918042886531607,0.42929328538375194,0.5,0.42929328538375194,,,total,1
2024_12_BAL_LAC,2024,12,2024-11-25,REG,LAC,BAL,23.0,30.0,-3.0,51.0,-7.0,-4.0,2.0,0.4223786053173769,0.4003612281757977,1.0,0.44816626127592707,0.46868412075108234,0.5,0.46868412075108234,,,total,1
2024_13_NYG_DAL,2024,13,2024-11-28,REG,DAL,NYG,27.0,20.0,4.5,39.0,7.0,2.5,8.0,0.745332770472539,0.661450015969339,1.0,0.6130084080737522,0.5827316830582789,0.5,0.5827316830582789,,,total,1
2024_13_CHI_DET,2024,13,2024-11-28,REG,DET,CHI,23.0,20.0,9.5,47.5,3.0,-6.5,-4.5,0.8948189661712903,0.8042929292929294,0.0,0.4886743348471796,0.49662781060751265,0.5,0.49662781060751265,,,total,0
2024_13_MIA_GB,2024,13,2024-11-28,REG,GB,MIA,30.0,17.0,3.5,47.5,13.0,9.5,-0.5,0.7342363583369832,0.6092362344582594,0.0,0.34793414345516566,0.39788226059308834,0.5,0.39788226059308834,,,total,0
2024_13_LV_KC,2024,13,2024-11-29,REG,KC,LV,19.0,17.0,13.5,42.0,2.0,-11.5,-6.0,0.9253543210670254,0.8524590163934427,0.0,0.42556978108390026,0.45298803837624013,0.5,0.45298803837624013,,,total,0
2024_13_LAC_ATL,2024,13,2024-12-01,REG,ATL,LAC,13.0,17.0,-1.0,47.0,-4.0,-3.0,-17.0,0.4470330881214693,0.4826358742837298,0.0,0.4418300773875563,0.46429311922656147,0.5,0.46429311922656147,,,total,0
2024_13_PHI_BAL,2024,13,2024-12-01,REG,BAL,PHI,19.0,24.0,3.0,50.0,-5.0,-8.0,-7.0,0.6062672891204481,0.593369754159424,0.0,0.3113485804527246,0.37092698900531634,0.5,0.37092698900531634,,,total,0
2024_13_TB_CAR,2024,13,2024-12-01,REG,CAR,TB,23.0,26.0,-6.5,46.0,-3.0,3.5,3.0,0.27946243753728417,0.28644876973925815,1.0,0.39414251837517045,0.43094559017647116,0.5,0.43094559017647116,,,total,1
2024_13_PIT_CIN,2024,13,2024-12-01,REG,CIN,PIT,38.0,44.0,3.0,46.0,-6.0,-9.0,36.0,0.45994604245782916,0.5829926410466066,1.0,0.30001432798425315,0.3623981513485781,0.5,0.3623981513485781,,,total,1
2024_13_HOU_JAX,2024,13,2024-12-01,REG,JAX,HOU,20.0,23.0,-3.5,44.5,-3.0,0.5,-1.5,0.4168822390538606,0.3690596562184025,0.0,0.28515052704181565,0.35106415648375366,0.5,0.35106415648375366,,,total,0
2024_13_ARI_MIN,2024,13,2024-12-01,REG,MIN,ARI,23.0,22.0,3.5,45.5,1.0,-2.5,-0.5,0.7644168605606443,0.6224665518611737,0.0,0.4708355729691761,0.484343664335735,0.5,0.484343664335735,,,total,0
2024_13_IND_NE,2024,13,2024-12-01,REG,NE,IND,24.0,25.0,-2.5,41.5,-1.0,1.5,7.5,0.44266655038443625,0.448558885283451,1.0,0.49712559545664553,0.5024410010857872,0.5,0.5024410010857872,,,total,1
2024_13_LA_NO,2024,13,2024-12-01,REG,NO,LA,14.0,21.0,-2.5,48.5,-7.0,-4.5,-13.5,0.5486930567076762,0.43650793650793646,0.0,0.46947279392142166,0.483404105041325,0.5,0.483404105041325,,,total,0
2024_13_SEA_NYJ,2024,13,2024-12-01,REG,NYJ,SEA,21.0,26.0,1.0,41.5,-5.0,-6.0,5.5,0.4435358846811066,0.5108342361863488,1.0,0.35530942851488545,0.4032241246122082,0.5,0.4032241246122082,,,total,1
2024_13_TEN_WAS,2024,13,2024-12-01,REG,WAS,TEN,42.0,19.0,6.0,45.0,23.0,17.0,16.0,0.6551269918843458,0.6853932584269663,1.0,0.3254524704687014,0.3814156305871168,0.5,0.3814156305871168,,,total,1
2024_13_CLE_DEN,2024,13,2024-12-02,REG,DEN,CLE,41.0,32.0,6.5,41.5,9.0,2.5,31.5,0.7576273140280491,0.7135512302607419,1.0,0.5032340887984529,0.5066415067734253,0.5,0.5066415067734253,,,total,1
2024_14_GB_DET,2024,14,2024-12-05,REG,DET,GB,34.0,31.0,3.0,53.0,3.0,0.0,12.0,0.6947531348558931,0.6037569709421778,1.0,0.44622313504550143,0.4673382863920215,0.5,0.4673382863920215,,,total,1
2024_14_SEA_ARI,2024,14,2024-12-08,REG,ARI,SEA,18.0,30.0,3.0,45.5,-12.0,-15.0,2.5,0.47197545173359573,0.6092362344582594,1.0,0.5542495132565716,0.5417751078032024,0.5,0.5417751078032024,,,total,1
2024_14_LAC_KC,2024,14,2024-12-08,REG,KC,LAC,19.0,17.0,5.0,43.5,2.0,-3.0,-7.5,0.7987451069497699,0.6750312469954812,0.0,0.30970610529343723,0.36969678844600107,0.5,0.36969678844600107,,,total,0
2024_14_BUF_LA,2024,14,2024-12-08,REG,LA,BUF,44.0,42.0,-3.5,49.5,2.0,5.5,36.5,0.2775459142016035,0.3690596562184025,1.0,0.45770481107057276,0.4752817737133468,0.5,0.4752817737133468,,,total,1
2024_14_NYJ_MIA,2024,14,2024-12-08,REG,MIA,NYJ,32.0,26.0,6.5,45.0,6.0,-0.5,13.0,0.6947952928257906,0.7179705215419501,1.0,0.38001359635218285,0.4209310318914174,0.5,0.4209310318914174,,,total,1
2024_14_ATL_MIN,2024,14,2024-12-08,REG,MIN,ATL,42.0,21.0,6.0,46.5,21.0,15.0,16.5,0.7899215485798693,0.6853932584269663,1.0,0.5829764356818739,0.561697493342598,0.5,0.561697493342598,,,total,1
2024_14_NO_NYG,2024,14,2024-12-08,REG,NYG,NO,11.0,14.0,-5.5,41.0,-3.0,2.5,-16.0,0.4228081239736225,0.3194444444444444,0.0,0.2767777600292115,0.3445985140158409,0.5,0.3445985140158409,,,total,0
2024_14_CAR_PHI,2024,14,2024-12-08,REG,PHI,CAR,22.0,16.0,14.0,44.5,6.0,-8.0,-6.5,0.9290090708243622,0.8677165354330709,0.0,0.3239324029132834,0.38029143663970333,0.5,0.38029143663970333,,,total,0
2024_14_CLE_PIT,2024,14,2024-12-08,REG,PIT,CLE,27.0,14.0,6.0,43.0,13.0,7.0,-2.0,0.8192838761617108,0.690792883054068,0.0,0.32474353120826,0.3808915025783414,0.5,0.3808915025783414,,,total,0
2024_14_CHI_SF,2024,14,2024-12-08,REG,SF,CHI,38.0,13.0,3.0,43.5,25.0,22.0,7.5,0.7821080639562376,0.593369754159424,1.0,0.5290399688937175,0.5243917504591815,0.5,0.5243917504591815,,,total,1
2024_14_LV_TB,2024,14,2024-12-08,REG,TB,LV,28.0,13.0,7.0,47.0,15.0,8.0,-6.0,0.7896863497627723,0.7335423197492164,0.0,0.40347007773986904,0.4375185469100429,0.5,0.4375185469100429,,,total,0
2024_14_JAX_TEN,2024,14,2024-12-08,REG,TEN,JAX,6.0,10.0,3.0,40.0,-4.0,-7.0,-24.0,0.5653658675387861,0.6037569709421778,0.0,0.4390287756756674,0.46234943206095075,0.5,0.46234943206095075,,,total,0
2024_14_CIN_DAL,2024,14,2024-12-09,REG,DAL,CIN,20.0,27.0,-5.0,51.0,-7.0,-2.0,-4.0,0.5674927119749065,0.33099297893681046,0.0,0.44355161056339343,0.4654868670495384,0.5,0.4654868670495384,,,total,0
2024_15_LA_SF,2024,15,2024-12-12,REG,SF,LA,6.0,12.0,3.0,48.5,-6.0,-9.0,-30.5,0.6572525171869074,0.5829926410466066,0.0,0.32444955101881034,0.3806740664857823,0.5,0.3806740664857823,,,total,0
2024_15_NE_ARI,2024,15,2024-12-15,REG,ARI,NE,30.0,17.0,6.0,46.5,13.0,7.0,0.5,0.6865580082000152,0.690792883054068,1.0,0.4387782043685013,0.4621754982061842,0.5,0.4621754982061842,,,total,1
2024_15_DAL_CAR,2024,15,2024-12-15,REG,CAR,DAL,14.0,30.0,2.5,42.0,-16.0,-18.5,2.0,0.344521221838769,0.5634920634920635,1.0,0.4152252833985883,0.4457637676603012,0.5,0.4457637676603012,,,total,1
2024_15_KC_CLE,2024,15,2024-12-15,REG,CLE,KC,7.0,21.0,-4.5,41.5,-14.0,-9.5,-13.5,0.1549759949341713,0.33099297893681046,0.0,0.48798271836423046,0.4961519499109243,0.5,0.4961519499109243,,,total,0
2024_15_IND_DEN,2024,15,2024-12-15,REG,DEN,IND,31.0,13.0,4.5,43.5,18.0,13.5,0.5,0.7205640081897808,0.6750312469954812,1.0,0.46694218506712254,0.481658865933771,0.5,0.481658865933771,,,total,1
2024_15_BUF_DET,2024,15,2024-12-15,REG,DET,BUF,42.0,48.0,2.5,55.5,-6.0,-8.5,34.5,0.6079401703457152,0.5427435387673957,1.0,0.5033754800182535,0.5067387286621405,0.5,0.5067387286621405,,,total,1
2024_15_MIA_HOU,2024,15,2024-12-15,REG,HOU,MIA,20.0,12.0,2.5,46.5,8.0,5.5,-14.5,0.619396514536794,0.5829926410466066,0.0,0.46933770615979165,0.4833109590636381,0.5,0.4833109590636381,,,total,0
2024_15_NYJ_JAX,2024,15,2024-12-15,REG,JAX,NYJ,25.0,32.0,-3.5,41.5,-7.0,-3.5,15.5,0.6098255986487386,0.39076376554174075,1.0,0.4177799761998751,0.44755046755432537,0.5,0.44755046755432537,,,total,1
2024_15_TB_LAC,2024,15,2024-12-15,REG,LAC,TB,17.0,40.0,3.0,46.0,-23.0,-26.0,11.0,0.5941483362769463,0.593369754159424,1.0,0.3563719071245284,0.4039914213388891,0.5,0.4039914213388891,,,total,1
2024_15_WAS_NO,2024,15,2024-12-15,REG,NO,WAS,19.0,20.0,-7.5,44.5,-1.0,6.5,-5.5,0.5335143452487121,0.2428115015974441,0.0,0.42439229665311795,0.45216708293464447,0.5,0.45216708293464447,,,total,0
2024_15_BAL_NYG,2024,15,2024-12-15,REG,NYG,BAL,14.0,35.0,-16.5,43.5,-21.0,-4.5,5.5,0.16184718365474599,0.08755760368663595,1.0,0.4536545001229031,0.47248195935205806,0.5,0.47248195935205806,,,total,1
2024_15_PIT_PHI,2024,15,2024-12-15,REG,PHI,PIT,27.0,13.0,5.5,43.0,14.0,8.5,-3.0,0.6736307528664928,0.6957699520733487,0.0,0.5465276412114849,0.5364430372817125,0.5,0.5364430372817125,,,total,0
2024_15_GB_SEA,2024,15,2024-12-15,REG,SEA,GB,13.0,30.0,-3.0,48.0,-17.0,-14.0,-5.0,0.46718608833550745,0.4066302458405761,0.0,0.4817601934890082,0.4918693700881999,0.5,0.4918693700881999,,,total,0
2024_15_CIN_TEN,2024,15,2024-12-15,REG,TEN,CIN,27.0,37.0,-6.0,46.5,-10.0,-4.0,17.5,0.36980866140374474,0.31460674157303364,1.0,0.3020412555531353,0.3639303087831077,0.5,0.3639303087831077,,,total,1
2024_15_ATL_LV,2024,15,2024-12-16,REG,LV,ATL,9.0,15.0,-6.5,44.5,-6.0,0.5,-20.5,0.4653052936609017,0.2559309849029475,0.0,0.3758806057179401,0.41798707950581954,0.5,0.41798707950581954,,,total,0
2024_15_CHI_MIN,2024,15,2024-12-16,REG,MIN,CHI,30.0,12.0,7.0,43.5,18.0,11.0,-1.5,0.837511332963734,0.7335423197492164,0.0,0.6030161167646684,0.5757043602435182,0.5,0.5757043602435182,,,total,0
2024_16_DEN_LAC,2024,16,2024-12-19,REG,LAC,DEN,34.0,27.0,3.0,41.5,7.0,4.0,19.5,0.4798113975775031,0.5720596355604638,1.0,0.5176367667291291,0.5165456101247271,0.5,0.5165456101247271,,,total,1
2024_16_PIT_BAL,2024,16,2024-12-21,REG,BAL,PIT,34.0,17.0,7.0,44.5,17.0,10.0,6.5,0.6714492360991404,0.7440690150970525,1.0,0.22969750250785323,0.3069404193411848,0.5,0.3069404193411848,,,total,1
2024_16_HOU_KC,2024,16,2024-12-21,REG,KC,HOU,27.0,19.0,3.5,42.5,8.0,4.5,3.5,0.81521859249538,0.6164383561643836,1.0,0.4168069653536051,0.44687017074547924,0.5,0.44687017074547924,,,total,1
2024_16_NYG_ATL,2024,16,2024-12-22,REG,ATL,NYG,34.0,7.0,9.5,42.5,27.0,17.5,-1.5,0.74191063133508,0.8118668596237336,0.0,0.4295419430288786,0.45575504934270344,0.5,0.45575504934270344,,,total,0
2024_16_NE_BUF,2024,16,2024-12-22,REG,BUF,NE,24.0,21.0,14.0,48.0,3.0,-11.0,-3.0,0.9335957993054009,0.8800000000000001,0.0,0.5453067735881748,0.5356006975522246,0.5,0.5356006975522246,,,total,0
2024_16_ARI_CAR,2024,16,2024-12-22,REG,CAR,ARI,36.0,30.0,-5.5,47.0,6.0,11.5,19.0,0.33829482759427515,0.3194444444444444,1.0,0.45365912960535804,0.47248516091888043,0.5,0.47248516091888043,,,total,1
2024_16_DET_CHI,2024,16,2024-12-22,REG,CHI,DET,17.0,34.0,-7.0,47.5,-17.0,-10.0,3.5,0.17305663739054358,0.2591283863368669,1.0,0.4379884219196643,0.4616271896244367,0.5,0.4616271896244367,,,total,1
2024_16_CLE_CIN,2024,16,2024-12-22,REG,CIN,CLE,24.0,6.0,10.0,46.5,18.0,8.0,-16.5,0.7612062808724402,0.817258883248731,0.0,0.4621892852024816,0.4783790202634773,0.5,0.4783790202634773,,,total,0
2024_16_TB_DAL,2024,16,2024-12-22,REG,DAL,TB,26.0,24.0,-4.5,47.5,2.0,6.5,2.5,0.43499341719541645,0.34252477380439467,1.0,0.4822583482707107,0.49221230941311267,0.5,0.49221230941311267,,,total,1
2024_16_TEN_IND,2024,16,2024-12-22,REG,IND,TEN,38.0,30.0,4.0,42.5,8.0,4.0,25.5,0.6970659522535814,0.6369041816941223,1.0,0.4701697989735547,0.48388467479947295,0.5,0.48388467479947295,,,total,1
2024_16_JAX_LV,2024,16,2024-12-22,REG,LV,JAX,19.0,14.0,2.5,41.5,5.0,2.5,-8.5,0.48928743176009326,0.5427435387673957,0.0,0.4209231877243482,0.4497463957250124,0.5,0.4497463957250124,,,total,0
2024_16_SF_MIA,2024,16,2024-12-22,REG,MIA,SF,29.0,17.0,-2.0,44.0,12.0,14.0,2.0,0.4764669170867697,0.4675324675324675,1.0,0.4256892658192955,0.45307132579217363,0.5,0.45307132579217363,,,total,1
2024_16_LA_NYJ,2024,16,2024-12-22,REG,NYJ,LA,9.0,19.0,-3.0,47.0,-10.0,-7.0,-19.0,0.3868490061705681,0.4066302458405761,0.0,0.38127898190352955,0.42183100750568475,0.5,0.42183100750568475,,,total,0
2024_16_MIN_SEA,2024,16,2024-12-22,REG,SEA,MIN,24.0,27.0,-2.5,43.0,-3.0,-0.5,8.0,0.4300651156356892,0.42794036443953615,1.0,0.5283606015581757,0.5239240978408667,0.5,0.5239240978408667,,,total,1
2024_16_PHI_WAS,2024,16,2024-12-22,REG,WAS,PHI,36.0,33.0,-4.0,47.0,3.0,7.0,22.0,0.28639484185045916,0.34252477380439467,1.0,0.4438177074035208,0.4656713352800703,0.5,0.4656713352800703,,,total,1
2024_16_NO_GB,2024,16,2024-12-23,REG,GB,NO,34.0,0.0,14.0,44.0,34.0,20.0,-10.0,0.8227149546649645,0.8677165354330709,0.0,0.3561956125218436,0.40386414387003006,0.5,0.40386414387003006,,,total,0
2024_17_BAL_HOU,2024,17,2024-12-25,REG,HOU,BAL,2.0,31.0,-5.5,46.5,-29.0,-23.5,-13.5,0.3691212808969339,0.3194444444444444,0.0,0.551880224458936,0.5401382368157739,0.5,0.5401382368157739,,,total,0
2024_17_KC_PIT,2024,17,2024-12-25,REG,PIT,KC,10.0,29.0,-3.0,43.5,-19.0,-16.0,-4.5,0.3346388039974686,0.4066302458405761,0.0,0.546387739395864,0.5363465028462915,0.5,0.5363465028462915,,,total,0
2024_17_SEA_CHI,2024,17,2024-12-26,REG,CHI,SEA,3.0,6.0,-3.5,43.5,-3.0,0.5,-34.5,0.37987709538528786,0.3690596562184025,0.0,0.34711009684997585,0.3972836711856181,0.5,0.3972836711856181,,,total,0
2024_17_DEN_CIN,2024,17,2024-12-28,REG,CIN,DEN,30.0,24.0,3.5,50.5,6.0,2.5,3.5,0.5592203509239967,0.6092362344582594,1.0,0.5229882965540513,0.5202269866714422,0.5,0.5202269866714422,,,total,1
2024_17_ARI_LA,2024,17,2024-12-28,REG,LA,ARI,13.0,9.0,6.5,48.0,4.0,-2.5,-26.0,0.767561052121962,0.740871613663133,0.0,0.33854600791557765,0.39104104207331075,0.5,0.39104104207331075,,,total,0
2024_17_LAC_NE,2024,17,2024-12-28,REG,NE,LAC,7.0,40.0,-6.0,42.0,-33.0,-27.0,5.0,0.30050244177081026,0.27792074112197634,1.0,0.5719144816208327,0.554007324647192,0.5,0.554007324647192,,,total,1
2024_17_NYJ_BUF,2024,17,2024-12-29,REG,BUF,NYJ,40.0,14.0,10.0,44.5,26.0,16.0,9.5,0.9061109287230285,0.8042929292929294,1.0,0.5445120250631981,0.5350524525871162,0.5,0.5350524525871162,,,total,1
2024_17_MIA_CLE,2024,17,2024-12-29,REG,CLE,MIA,3.0,20.0,-3.0,32.5,-17.0,-14.0,-9.5,0.38042430604299665,0.3962430290578221,0.0,0.296599934484291,0.3598101291831966,0.5,0.3598101291831966,,,total,0
2024_17_TEN_JAX,2024,17,2024-12-29,REG,JAX,TEN,20.0,13.0,-1.0,38.0,7.0,8.0,-5.0,0.6217612243291271,0.5043297540699688,0.0,0.3394544012428511,0.39170511422549315,0.5,0.39170511422549315,,,total,0
2024_17_GB_MIN,2024,17,2024-12-29,REG,MIN,GB,27.0,25.0,-1.0,49.0,2.0,3.0,3.0,0.5402717052396953,0.4956702459300312,1.0,0.24193477146547196,0.3169650682325565,0.5,0.3169650682325565,,,total,1
2024_17_LV_NO,2024,17,2024-12-29,REG,NO,LV,10.0,25.0,-2.0,37.5,-15.0,-13.0,-2.5,0.6976680702722479,0.4675324675324675,0.0,0.6224823940172637,0.5894251970215223,0.5,0.5894251970215223,,,total,0
2024_17_IND_NYG,2024,17,2024-12-29,REG,NYG,IND,45.0,33.0,-7.5,40.5,12.0,19.5,37.5,0.3575160446964736,0.22849462365591394,1.0,0.5451703808338496,0.535506603961242,0.5,0.535506603961242,,,total,1
2024_17_DAL_PHI,2024,17,2024-12-29,REG,PHI,DAL,41.0,7.0,7.5,37.5,34.0,26.5,10.5,0.8071783141003682,0.7335423197492164,1.0,0.34863438865978064,0.39839064067335295,0.5,0.39839064067335295,,,total,1
2024_17_CAR_TB,2024,17,2024-12-29,REG,TB,CAR,48.0,14.0,9.5,47.5,34.0,24.5,14.5,0.8628209251422365,0.7999999999999999,1.0,0.34228706591287184,0.3937729487686021,0.5,0.3937729487686021,,,total,1
2024_17_ATL_WAS,2024,17,2024-12-29,REG,WAS,ATL,30.0,24.0,3.5,46.5,6.0,2.5,7.5,0.6557881054702208,0.6309403437815976,1.0,0.35064708317366505,0.3998504457392485,0.5,0.3998504457392485,,,total,1
2024_17_DET_SF,2024,17,2024-12-30,REG,SF,DET,34.0,40.0,-4.0,50.5,-6.0,-2.0,23.5,0.3169720719283816,0.33099297893681046,1.0,0.34639216297903347,0.39676187045403816,0.5,0.39676187045403816,,,total,1
2024_18_CLE_BAL,2024,18,2025-01-04,REG,BAL,CLE,35.0,10.0,19.5,42.5,25.0,5.5,2.5,0.9162407903507896,0.9258160237388724,1.0,0.4428433636370554,0.46499582036196624,0.5,0.46499582036196624,,,total,1
2024_18_CIN_PIT,2024,18,2025-01-04,REG,PIT,CIN,17.0,19.0,-2.5,48.5,-2.0,0.5,-12.5,0.5815702764298429,0.42794036443953615,0.0,0.33382491734475467,0.38758214841657457,0.5,0.38758214841657457,,,total,0
2024_18_SF_ARI,2024,18,2025-01-05,REG,ARI,SF,47.0,24.0,4.5,42.5,23.0,18.5,28.5,0.42580324066338965,0.6309403437815976,1.0,0.43297218017432065,0.45814165997861783,0.5,0.45814165997861783,,,total,1
2024_18_CAR_ATL,2024,18,2025-01-05,REG,ATL,CAR,38.0,44.0,7.5,48.5,-6.0,-13.5,33.5,0.765938639619795,0.7600000000000001,1.0,0.3456399291293659,0.396214846801936,0.5,0.396214846801936,,,total,1
2024_18_WAS_DAL,2024,18,2025-01-05,REG,DAL,WAS,19.0,23.0,-7.0,43.5,-4.0,3.0,-1.5,0.5103042636982607,0.27424749163879597,0.0,0.44977862518525313,0.46980037757375526,0.5,0.46980037757375526,,,total,0
2024_18_KC_DEN,2024,18,2025-01-05,REG,DEN,KC,38.0,0.0,10.5,40.5,38.0,27.5,-2.5,0.2622916181861399,0.7957758771164253,0.0,0.5311056001288206,0.5258138544652432,0.5,0.5258138544652432,,,total,0
2024_18_MIN_DET,2024,18,2025-01-05,REG,DET,MIN,31.0,9.0,3.0,56.5,22.0,19.0,-16.5,0.6835683469672358,0.5720596355604638,0.0,0.38317423895597164,0.4231777938435837,0.5,0.4231777938435837,,,total,0
2024_18_CHI_GB,2024,18,2025-01-05,REG,GB,CHI,22.0,24.0,10.0,41.5,-2.0,-12.0,4.5,0.8820397295739782,0.771505376344086,1.0,0.4754061900919833,0.4874935092821285,0.5,0.4874935092821285,,,total,1
2024_18_JAX_IND,2024,18,2025-01-05,REG,IND,JAX,26.0,23.0,3.5,45.5,3.0,-0.5,3.5,0.6249645742974785,0.6164383561643836,1.0,0.26149199857337496,0.3326284759293666,0.5,0.3326284759293666,,,total,1
2024_18_SEA_LA,2024,18,2025-01-05,REG,LA,SEA,25.0,30.0,-7.5,38.5,-5.0,2.5,16.5,0.651267205625663,0.2491874322860238,1.0,0.3617932697405753,0.4078981189897278,0.5,0.4078981189897278,,,total,1
2024_18_LAC_LV,2024,18,2025-01-05,REG,LV,LAC,20.0,34.0,-7.0,42.5,-14.0,-7.0,11.5,0.34288746072088905,0.2559309849029475,1.0,0.3463644326869138,0.39674171035593436,0.5,0.39674171035593436,,,total,1
2024_18_BUF_NE,2024,18,2025-01-05,REG,NE,BUF,23.0,16.0,-3.0,36.5,7.0,10.0,2.5,0.10227528511075894,0.4003612281757977,1.0,0.4193781710440311,0.44866732859421804,0.5,0.44866732859421804,,,total,1
2024_18_MIA_NYJ,2024,18,2025-01-05,REG,NYJ,MIA,32.0,20.0,1.5,39.5,12.0,10.5,12.5,0.3811407089832182,0.5260865852617197,1.0,0.4198609613313857,0.4490045840375079,0.5,0.4490045840375079,,,total,1
2024_18_NYG_PHI,2024,18,2025-01-05,REG,PHI,NYG,20.0,13.0,3.0,36.5,7.0,4.0,-3.5,0.9185447958314883,0.5829926410466066,0.0,0.4313589975836512,0.4570196025681741,0.5,0.4570196025681741,,,total,0
2024_18_NO_TB,2024,18,2025-01-05,REG,TB,NO,27.0,19.0,14.5,44.5,8.0,-6.5,1.5,0.7959276559310252,0.8761776581426649,1.0,0.420289525904459,0.4493039093607715,0.5,0.4493039093607715,,,total,1
2024_18_HOU_TEN,2024,18,2025-01-05,REG,TEN,HOU,14.0,23.0,2.5,36.5,-9.0,-11.5,0.5,0.31108665486138,0.5634920634920635,1.0,0.4346415511977797,0.4593022061447589,0.5,0.4593022061447589,,,total,1
2024_19_PIT_BAL,2024,19,2025-01-11,WC,BAL,PIT,28.0,14.0,9.5,44.5,14.0,4.5,-2.5,0.7810541159240325,0.8042929292929294,0.0,0.4932569708871046,0.499780299586406,0.5,0.499780299586406,,,total,0
2024_19_LAC_HOU,2024,19,2025-01-11,WC,HOU,LAC,32.0,12.0,-3.0,41.5,20.0,23.0,2.5,0.5197777949370338,0.4066302458405761,1.0,0.43265185489989477,0.4579189013712658,0.5,0.4579189013712658,,,total,1
2024_19_DEN_BUF,2024,19,2025-01-12,WC,BUF,DEN,31.0,7.0,7.5,48.5,24.0,16.5,-10.5,0.707129665822004,0.7768331562167907,0.0,0.5607088647946742,0.5462418700833958,0.5,0.5462418700833958,,,total,0
2024_19_GB_PHI,2024,19,2025-01-12,WC,PHI,GB,22.0,10.0,5.5,45.5,12.0,6.5,-13.5,0.6651202524901816,0.6853932584269663,0.0,0.49608426534232386,0.5017248553757421,0.5,0.5017248553757421,,,total,0
2024_19_WAS_TB,2024,19,2025-01-12,WC,TB,WAS,20.0,23.0,3.0,51.5,-3.0,-6.0,-8.5,0.6329943291650559,0.593369754159424,0.0,0.4586928282924925,0.4759643914465302,0.5,0.4759643914465302,,,total,0
2024_19_MIN_LA,2024,19,2025-01-13,WC,LA,MIN,27.0,9.0,-2.5,47.5,18.0,20.5,-11.5,0.3876603302301978,0.43650793650793646,0.0,0.3853598237472662,0.4247291760013862,0.5,0.4247291760013862,,,total,0
2024_20_WAS_DET,2024,20,2025-01-18,DIV,DET,WAS,31.0,45.0,8.5,55.5,-14.0,-22.5,20.5,0.7985138255537589,0.8042929292929294,1.0,0.42595968879659885,0.4532598128146395,0.5,0.4532598128146395,,,total,1
2024_20_HOU_KC,2024,20,2025-01-18,DIV,KC,HOU,23.0,14.0,9.5,41.5,9.0,-0.5,-4.5,0.7683391928015066,0.8118668596237336,0.0,0.5357546405093064,0.5290157238021267,0.5,0.5290157238021267,,,total,0
2024_20_BAL_BUF,2024,20,2025-01-19,DIV,BUF,BAL,27.0,25.0,-1.5,51.5,2.0,3.5,0.5,0.5646541787883751,0.4826358742837298,1.0,0.5406522633325245,0.5323908479822432,0.5,0.5323908479822432,,,total,1
2024_20_LA_PHI,2024,20,2025-01-19,DIV,PHI,LA,28.0,22.0,7.0,43.5,6.0,-1.0,6.5,0.733584247395158,0.7335423197492164,1.0,0.5587381779036327,0.5448784227905635,0.5,0.5448784227905635,,,total,1
2024_21_BUF_KC,2024,21,2025-01-26,CON,KC,BUF,32.0,29.0,1.5,49.5,3.0,1.5,11.5,0.5758096609216025,0.5173641257162701,1.0,0.43346538860742245,0.4584846004906269,0.5,0.4584846004906269,,,total,1
2024_21_WAS_PHI,2024,21,2025-01-26,CON,PHI,WAS,55.0,23.0,6.0,46.5,32.0,26.0,31.5,0.7184377266982063,0.6853932584269663,1.0,0.47605858745476315,0.4879429524354402,0.5,0.4879429524354402,,,total,1
2024_22_KC_PHI,2024,22,2025-02-09,SB,PHI,KC,40.0,22.0,-1.5,48.5,18.0,19.5,13.5,0.5132245408117183,0.4782608695652174,1.0,0.30431170086267284,0.365642895586074,0.5,0.365642895586074,,,total,1
2025_01_DAL_PHI,2025,1,2025-09-04,REG,PHI,DAL,24.0,20.0,8.5,47.5,4.0,-4.5,-3.5,0.8481053387453676,0.7768331562167907,0.0,0.45426575491811194,0.5402090585388206,0.5,0.5402090585388206,,,total,0
2025_01_KC_LAC,2025,1,2025-09-05,REG,LAC,KC,27.0,21.0,-3.0,47.5,6.0,9.0,0.5,0.32150378882776554,0.39076376554174075,1.0,0.30702138539242585,0.5186436241271053,0.5,0.5186436241271053,,,total,1
2025_01_TB_ATL,2025,1,2025-09-07,REG,ATL,TB,20.0,23.0,-1.5,47.5,-3.0,-1.5,-4.5,0.4185022029982872,0.4891657638136511,0.0,0.33595113029468837,0.5231897095865543,0.5,0.5231897095865543,,,total,0
2025_01_BAL_BUF,2025,1,2025-09-07,REG,BUF,BAL,41.0,40.0,-1.5,50.5,1.0,2.5,30.5,0.5773318210544637,0.4572564612326044,1.0,0.27816209623000343,0.5138604567295374,0.5,0.5138604567295374,,,total,1
2025_01_CIN_CLE,2025,1,2025-09-07,REG,CLE,CIN,16.0,17.0,-5.5,47.5,-1.0,4.5,-14.5,0.33911550987839595,0.3249687530045188,0.0,0.4283998044184722,0.5366289454687678,0.5,0.5366289454687678,,,total,0
2025_01_TEN_DEN,2025,1,2025-09-07,REG,DEN,TEN,20.0,12.0,8.5,42.5,8.0,-0.5,-10.5,0.8150152166928527,0.7867435158501441,0.0,0.5382113631411956,0.5516632027354733,0.5,0.5516632027354733,,,total,0
2025_01_DET_GB,2025,1,2025-09-07,REG,GB,DET,27.0,13.0,1.5,48.5,14.0,12.5,-8.5,0.4983461415449821,0.5217391304347826,0.0,0.35343044077321395,0.5258396098329159,0.5,0.5258396098329159,,,total,0
2025_01_MIA_IND,2025,1,2025-09-07,REG,IND,MIA,33.0,8.0,1.5,47.5,25.0,23.5,-6.5,0.5008350194664292,0.5043297540699688,0.0,0.4210110048995052,0.535596444134846,0.5,0.535596444134846,,,total,0
2025_01_CAR_JAX,2025,1,2025-09-07,REG,JAX,CAR,26.0,10.0,4.5,45.5,16.0,11.5,-9.5,0.6292341518731603,0.644729178800233,0.0,0.247060778494494,0.5083460406544575,0.5,0.5083460406544575,,,total,0
2025_01_HOU_LA,2025,1,2025-09-07,REG,LA,HOU,14.0,9.0,3.5,43.5,5.0,1.5,-20.5,0.6134552959044511,0.5996387718242023,0.0,0.372480159643386,0.5286593258381874,0.5,0.5286593258381874,,,total,0
2025_01_LV_NE,2025,1,2025-09-07,REG,NE,LV,13.0,20.0,2.5,44.5,-7.0,-9.5,-11.5,0.5671009633293853,0.5829926410466066,0.0,0.3882136039332577,0.5309425777898712,0.5,0.5309425777898712,,,total,0
2025_01_ARI_NO,2025,1,2025-09-07,REG,NO,ARI,13.0,20.0,-6.0,44.5,-7.0,-1.0,-11.5,0.5097849259995879,0.299837925445705,0.0,0.39331283084419383,0.5316748298343568,0.5,0.5316748298343568,,,total,0
2025_01_PIT_NYJ,2025,1,2025-09-07,REG,NYJ,PIT,32.0,34.0,-3.0,37.5,-2.0,1.0,28.5,0.46005334392919556,0.4170073589533933,1.0,0.44680855761879407,0.5391816892441716,0.5,0.5391816892441716,,,total,1
2025_01_SF_SEA,2025,1,2025-09-07,REG,SEA,SF,13.0,17.0,-2.5,43.5,-4.0,-1.5,-13.5,0.6476643368619794,0.448558885283451,0.0,0.3046062815721376,0.518253708792411,0.5,0.518253708792411,,,total,0
2025_01_NYG_WAS,2025,1,2025-09-07,REG,WAS,NYG,21.0,6.0,6.0,45.5,15.0,9.0,-18.5,0.8168052083049447,0.7179705215419501,0.0,0.4255957646039578,0.5362377002757974,0.5,0.5362377002757974,,,total,0
2025_01_MIN_CHI,2025,1,2025-09-08,REG,CHI,MIN,24.0,27.0,-1.5,43.5,-3.0,-1.5,7.5,0.36573594320895264,0.4956702459300312,1.0,0.4216328240623948,0.5356835321608107,0.5,0.5356835321608107,,,total,1
2025_02_WAS_GB,2025,2,2025-09-11,REG,GB,WAS,27.0,18.0,3.5,48.5,9.0,5.5,-3.5,0.6189456395884176,0.6224665518611737,0.0,0.5189389111679086,0.5490353402948871,0.5,0.5490353402948871,,,total,0
2025_02_CAR_ARI,2025,2,2025-09-14,REG,ARI,CAR,27.0,22.0,7.0,45.5,5.0,-2.0,3.5,0.7479282633826727,0.725752508361204,1.0,0.32073148664969625,0.5208254060614298,0.5,0.5208254060614298,,,total,1
2025_02_CLE_BAL,2025,2,2025-09-14,REG,BAL,CLE,41.0,17.0,12.5,46.5,24.0,11.5,11.5,0.8713668032520819,0.863013698630137,1.0,0.4657877401174344,0.5417903757636403,0.5,0.5417903757636403,,,total,1
2025_02_JAX_CIN,2025,2,2025-09-14,REG,CIN,JAX,31.0,27.0,3.5,49.5,4.0,0.5,8.5,0.7487157762419063,0.6309403437815976,1.0,0.5582621356073451,0.5544108134289286,0.5,0.5544108134289286,,,total,1
2025_02_NYG_DAL,2025,2,2025-09-14,REG,DAL,NYG,40.0,37.0,4.5,44.5,3.0,-1.5,32.5,0.7154721067846831,0.6750312469954812,1.0,0.568065870373475,0.5557619736647448,0.5,0.5557619736647448,,,total,1
2025_02_CHI_DET,2025,2,2025-09-14,REG,DET,CHI,52.0,21.0,6.0,46.5,31.0,25.0,26.5,0.8216209215351238,0.7001620745542949,1.0,0.43638288848930784,0.537739151558003,0.5,0.537739151558003,,,total,1
2025_02_DEN_IND,2025,2,2025-09-14,REG,IND,DEN,29.0,28.0,-2.5,43.5,1.0,3.5,13.5,0.4522696339342453,0.4572564612326044,1.0,0.4805991238618153,0.543814795606497,0.5,0.543814795606497,,,total,1
2025_02_PHI_KC,2025,2,2025-09-14,REG,KC,PHI,17.0,20.0,-1.5,46.5,-3.0,-1.5,-9.5,0.44888551936697313,0.4739134147382802,0.0,0.32973148529341806,0.5222303768266449,0.5,0.5222303768266449,,,total,0
2025_02_NE_MIA,2025,2,2025-09-14,REG,MIA,NE,27.0,33.0,1.5,43.5,-6.0,-7.5,16.5,0.708991959489445,0.5324675324675325,1.0,0.6521832503930682,0.5677487513243084,0.5,0.5677487513243084,,,total,1
2025_02_ATL_MIN,2025,2,2025-09-14,REG,MIN,ATL,6.0,22.0,3.5,44.5,-16.0,-19.5,-16.5,0.7688136382396223,0.6164383561643836,0.0,0.48275267148693823,0.544108551122598,0.5,0.544108551122598,,,total,0
2025_02_SF_NO,2025,2,2025-09-14,REG,NO,SF,21.0,26.0,-3.0,40.5,-5.0,-2.0,6.5,0.4137971189208077,0.4003612281757977,1.0,0.6069178238396532,0.5611920285512292,0.5,0.5611920285512292,,,total,1
2025_02_BUF_NYJ,2025,2,2025-09-14,REG,NYJ,BUF,10.0,30.0,-6.0,47.5,-20.0,-14.0,-7.5,0.264007515567655,0.28644876973925815,0.0,0.3523753062335637,0.5256814534763109,0.5,0.5256814534763109,,,total,0
2025_02_SEA_PIT,2025,2,2025-09-14,REG,PIT,SEA,17.0,31.0,3.5,40.5,-14.0,-17.5,7.5,0.6117716210402645,0.6309403437815976,1.0,0.6387796911087144,0.5657741442250479,0.5,0.5657741442250479,,,total,1
2025_02_LA_TEN,2025,2,2025-09-14,REG,TEN,LA,19.0,33.0,-5.5,41.5,-14.0,-8.5,10.5,0.2694013036087815,0.31460674157303364,1.0,0.4695461086132591,0.5423048417022235,0.5,0.5423048417022235,,,total,1
2025_02_TB_HOU,2025,2,2025-09-15,REG,HOU,TB,19.0,20.0,2.5,42.5,-1.0,-3.5,-3.5,0.5356359118466757,0.551441114716549,0.0,0.46260074939895385,0.5413536386976169,0.5,0.5413536386976169,,,total,0
2025_02_LAC_LV,2025,2,2025-09-15,REG,LV,LAC,9.0,20.0,-3.5,46.5,-11.0,-7.5,-17.5,0.3932990684524227,0.3630958183058778,0.0,0.42052539776751985,0.5355284071909842,0.5,0.5355284071909842,,,total,0
2025_03_MIA_BUF,2025,3,2025-09-18,REG,BUF,MIA,31.0,21.0,12.5,50.5,10.0,-2.5,1.5,0.8492441189607127,0.8524590163934427,1.0,0.4773397586091903,0.5433699519913234,0.5,0.5433699519913234,,,total,1
2025_03_ATL_CAR,2025,3,2025-09-21,REG,CAR,ATL,30.0,0.0,-5.5,44.5,30.0,35.5,-14.5,0.39483278518780573,0.33635187580853815,0.0,0.273128706214401,0.5129958632761753,0.5,0.5129958632761753,,,total,0
2025_03_DAL_CHI,2025,3,2025-09-21,REG,CHI,DAL,31.0,14.0,-1.5,49.5,17.0,18.5,-4.5,0.4640781943559938,0.4675324675324675,0.0,0.365163109674646,0.527583951347911,0.5,0.527583951347911,,,total,0
2025_03_GB_CLE,2025,3,2025-09-21,REG,CLE,GB,13.0,10.0,-8.5,41.5,3.0,11.5,-18.5,0.23814663081716503,0.20863836017569545,0.0,0.5044915519358918,0.5470690645131466,0.5,0.5470690645131466,,,total,0
2025_03_HOU_JAX,2025,3,2025-09-21,REG,JAX,HOU,17.0,10.0,1.5,43.5,7.0,5.5,-16.5,0.43557617462245246,0.5324675324675325,0.0,0.3924107221891131,0.5315455442983356,0.5,0.5315455442983356,,,total,0
2025_03_DEN_LAC,2025,3,2025-09-21,REG,LAC,DEN,23.0,20.0,2.5,45.5,3.0,0.5,-2.5,0.5988709333981556,0.5829926410466066,0.0,0.5010078819037875,0.5465949944017012,0.5,0.5465949944017012,,,total,0
2025_03_CIN_MIN,2025,3,2025-09-21,REG,MIN,CIN,48.0,10.0,3.0,41.5,38.0,35.0,16.5,0.5201676193587921,0.593369754159424,1.0,0.4158286703248652,0.5348691606890276,0.5,0.5348691606890276,,,total,1
2025_03_PIT_NE,2025,3,2025-09-21,REG,NE,PIT,14.0,21.0,-1.5,44.5,-7.0,-5.5,-9.5,0.4270189146214158,0.4782608695652174,0.0,0.446590483804925,0.5391515930570282,0.5,0.5391515930570282,,,total,0
2025_03_KC_NYG,2025,3,2025-09-21,REG,NYG,KC,9.0,22.0,-6.0,44.5,-13.0,-7.0,-13.5,0.23295138177955937,0.26645768025078376,0.0,0.5340687731624806,0.5510975414432344,0.5,0.5510975414432344,,,total,0
2025_03_LA_PHI,2025,3,2025-09-21,REG,PHI,LA,33.0,26.0,3.5,45.5,7.0,3.5,13.5,0.7542962169669508,0.6369041816941223,1.0,0.5118365165787337,0.5480685626106511,0.5,0.5480685626106511,,,total,1
2025_03_NO_SEA,2025,3,2025-09-21,REG,SEA,NO,44.0,13.0,7.5,41.5,31.0,23.5,15.5,0.7862490947853216,0.7571884984025559,1.0,0.49510357974777774,0.5457913296166031,0.5,0.5457913296166031,,,total,1
2025_03_ARI_SF,2025,3,2025-09-21,REG,SF,ARI,16.0,15.0,1.5,44.5,1.0,-0.5,-13.5,0.6211383745812039,0.5324675324675325,0.0,0.2737238590617561,0.5130986105844019,0.5,0.5130986105844019,,,total,0
2025_03_NYJ_TB,2025,3,2025-09-21,REG,TB,NYJ,29.0,27.0,6.5,43.5,2.0,-4.5,12.5,0.7576345519759474,0.7440690150970525,1.0,0.5964242728932294,0.5597112059977207,0.5,0.5597112059977207,,,total,1
2025_03_IND_TEN,2025,3,2025-09-21,REG,TEN,IND,20.0,41.0,-6.0,43.5,-21.0,-15.0,17.5,0.36641412228019205,0.3194444444444444,1.0,0.3264870040769525,0.5217262400605409,0.5,0.5217262400605409,,,total,1
2025_03_LV_WAS,2025,3,2025-09-21,REG,WAS,LV,41.0,24.0,2.5,43.5,17.0,14.5,21.5,0.7770129092922279,0.5829926410466066,1.0,0.49342769724129404,0.5455631488781112,0.5,0.5455631488781112,,,total,1
2025_03_DET_BAL,2025,3,2025-09-22,REG,BAL,DET,30.0,38.0,4.5,53.5,-8.0,-12.5,14.5,0.631807019608235,0.6805555555555556,1.0,0.5594409624388327,0.5545729710560713,0.5,0.5545729710560713,,,total,1
2025_04_SEA_ARI,2025,4,2025-09-25,REG,ARI,SEA,20.0,23.0,-1.5,43.5,-3.0,-1.5,-0.5,0.4694342187687732,0.4675324675324675,0.0,0.5881222429922583,0.5585477617925021,0.5,0.5585477617925021,,,total,0
2025_04_WAS_ATL,2025,4,2025-09-28,REG,ATL,WAS,34.0,27.0,2.5,43.5,7.0,4.5,17.5,0.3630363567025511,0.5634920634920635,1.0,0.43937766299753306,0.5381543255855319,0.5,0.5381543255855319,,,total,1
2025_04_NO_BUF,2025,4,2025-09-28,REG,BUF,NO,31.0,19.0,15.5,48.5,12.0,-3.5,1.5,0.899577151919617,0.8933823529411765,1.0,0.45256916681856574,0.5399756164974667,0.5,0.5399756164974667,,,total,1
2025_04_GB_DAL,2025,4,2025-09-28,REG,DAL,GB,40.0,40.0,-7.0,47.5,0.0,7.0,32.5,0.3473589417896335,0.2559309849029475,1.0,0.5077669446737954,0.5475147669506035,0.5,0.5475147669506035,,,total,1
2025_04_CLE_DET,2025,4,2025-09-28,REG,DET,CLE,34.0,10.0,10.0,44.5,24.0,14.0,-0.5,0.8588303499167508,0.8118668596237336,0.0,0.5093436734134884,0.547729324803594,0.5,0.547729324803594,,,total,0
2025_04_TEN_HOU,2025,4,2025-09-28,REG,HOU,TEN,26.0,0.0,7.5,39.5,26.0,18.5,-13.5,0.7946888039787463,0.7819063004846527,0.0,0.49653828735197153,0.5459866456758343,0.5,0.5459866456758343,,,total,0
2025_04_BAL_KC,2025,4,2025-09-28,REG,KC,BAL,37.0,20.0,-2.5,48.5,17.0,19.5,8.5,0.5660561516313034,0.42794036443953615,1.0,0.3664374509931235,0.5277719006614097,0.5,0.5277719006614097,,,total,1
2025_04_IND_LA,2025,4,2025-09-28,REG,LA,IND,27.0,20.0,3.5,49.5,7.0,3.5,-2.5,0.6777230414977985,0.6224665518611737,0.0,0.49849145686218826,0.546252508709525,0.5,0.546252508709525,,,total,0
2025_04_CHI_LV,2025,4,2025-09-28,REG,LV,CHI,24.0,25.0,1.5,47.5,-1.0,-2.5,1.5,0.5337496208787427,0.5324675324675325,1.0,0.5131581262996903,0.5482484267979368,0.5,0.5482484267979368,,,total,1
2025_04_CAR_NE,2025,4,2025-09-28,REG,NE,CAR,42.0,13.0,5.5,42.5,29.0,23.5,12.5,0.574513372638029,0.6957699520733487,1.0,0.43176351854042455,0.537097378796815,0.5,0.537097378796815,,,total,1
2025_04_LAC_NYG,2025,4,2025-09-28,REG,NYG,LAC,21.0,18.0,-6.0,43.5,3.0,9.0,-4.5,0.25465168598599,0.2904564315352697,0.0,0.4975336301657166,0.5461221350900467,0.5,0.5461221350900467,,,total,0
2025_04_MIN_PIT,2025,4,2025-09-28,REG,PIT,MIN,24.0,21.0,-2.5,41.5,3.0,5.5,3.5,0.44178979482540237,0.42794036443953615,1.0,0.4451402125406481,0.53895136231406,0.5,0.53895136231406,,,total,1
2025_04_JAX_SF,2025,4,2025-09-28,REG,SF,JAX,21.0,26.0,3.5,45.5,-5.0,-8.5,1.5,0.6905656101427624,0.6164383561643836,1.0,0.44367844303407195,0.5387494007526487,0.5,0.5387494007526487,,,total,1
2025_04_PHI_TB,2025,4,2025-09-28,REG,TB,PHI,25.0,31.0,-3.5,44.5,-6.0,-2.5,11.5,0.3375376203685385,0.3775334481388264,1.0,0.47731983976915676,0.543367232450206,0.5,0.543367232450206,,,total,1
2025_04_CIN_DEN,2025,4,2025-09-29,REG,DEN,CIN,28.0,3.0,7.5,44.5,25.0,17.5,-13.5,0.5997205214452819,0.7913616398243045,0.0,0.3273917601105883,0.5218670851589612,0.5,0.5218670851589612,,,total,0
2025_04_NYJ_MIA,2025,4,2025-09-29,REG,MIA,NYJ,27.0,21.0,2.5,44.5,6.0,3.5,3.5,0.6008704071954843,0.5720596355604638,1.0,0.30267868486285665,0.5179412370858464,0.5,0.5179412370858464,,,total,1
2025_05_SF_LA,2025,5,2025-10-02,REG,LA,SF,23.0,26.0,8.5,43.5,-3.0,-11.5,5.5,0.7025317247106835,0.7819063004846527,1.0,0.4188540117660803,0.5352940585896528,0.5,0.5352940585896528,,,total,1
2025_05_TEN_ARI,2025,5,2025-10-05,REG,ARI,TEN,21.0,22.0,7.5,41.5,-1.0,-8.5,1.5,0.7858253497532702,0.7768331562167907,1.0,0.3775321193974461,0.5293966220063483,0.5,0.5293966220063483,,,total,1
2025_05_HOU_BAL,2025,5,2025-10-05,REG,BAL,HOU,10.0,44.0,-2.5,41.5,-34.0,-31.5,12.5,0.7151919826173266,0.42794036443953615,1.0,0.5569806890403484,0.5542346288278385,0.5,0.5542346288278385,,,total,1
2025_05_NE_BUF,2025,5,2025-10-05,REG,BUF,NE,20.0,23.0,7.5,49.5,-3.0,-10.5,-6.5,0.876525457143974,0.7659021045164341,0.0,0.49996738134444213,0.5464533876526446,0.5,0.5464533876526446,,,total,0
2025_05_MIA_CAR,2025,5,2025-10-05,REG,CAR,MIA,27.0,24.0,-1.5,44.5,3.0,4.5,6.5,0.44721515714516674,0.4782608695652174,1.0,0.4535900838775993,0.5401161095068192,0.5,0.5401161095068192,,,total,1
2025_05_DET_CIN,2025,5,2025-10-05,REG,CIN,DET,24.0,37.0,-10.5,49.5,-13.0,-2.5,11.5,0.3591305932172504,0.18274111675126903,1.0,0.48407281466285573,0.5442885667232923,0.5,0.5442885667232923,,,total,1
2025_05_MIN_CLE,2025,5,2025-10-05,REG,CLE,MIN,17.0,21.0,-3.5,35.5,-4.0,-0.5,2.5,0.28784337676756444,0.3630958183058778,1.0,0.34458033252402204,0.5245060526101636,0.5,0.5245060526101636,,,total,1
2025_05_LV_IND,2025,5,2025-10-05,REG,IND,LV,40.0,6.0,7.0,46.5,34.0,27.0,-0.5,0.7197999345425894,0.7508125677139762,0.0,0.3956737369358395,0.5320126717780762,0.5,0.5320126717780762,,,total,0
2025_05_WAS_LAC,2025,5,2025-10-05,REG,LAC,WAS,10.0,27.0,2.5,47.5,-17.0,-19.5,-10.5,0.5930605793158634,0.5829926410466066,0.0,0.4167727115155509,0.5350018472535809,0.5,0.5350018472535809,,,total,0
2025_05_NYG_NO,2025,5,2025-10-05,REG,NO,NYG,26.0,14.0,1.5,41.5,12.0,10.5,-1.5,0.5702249406378277,0.5217391304347826,0.0,0.5359537619744187,0.5513548645840174,0.5,0.5513548645840174,,,total,0
2025_05_DAL_NYJ,2025,5,2025-10-05,REG,NYJ,DAL,22.0,37.0,1.5,48.5,-15.0,-16.5,10.5,0.5143688011346338,0.5108342361863488,1.0,0.6398777192881023,0.5659347405507963,0.5,0.5659347405507963,,,total,1
2025_05_DEN_PHI,2025,5,2025-10-05,REG,PHI,DEN,17.0,21.0,3.5,44.5,-4.0,-7.5,-6.5,0.7942030542425809,0.6574752261956054,0.0,0.5588046447264862,0.5544854302671296,0.5,0.5544854302671296,,,total,0
2025_05_TB_SEA,2025,5,2025-10-05,REG,SEA,TB,35.0,38.0,3.5,44.5,-3.0,-6.5,28.5,0.6048260348875192,0.6164383561643836,1.0,0.4333628461219867,0.5373197694671322,0.5,0.5373197694671322,,,total,1
2025_05_KC_JAX,2025,5,2025-10-06,REG,JAX,KC,31.0,28.0,-3.5,45.5,3.0,6.5,13.5,0.32350756283195725,0.3630958183058778,1.0,0.4196366442810363,0.5354038272801491,0.5,0.5354038272801491,,,total,1
2025_06_PHI_NYG,2025,6,2025-10-09,REG,NYG,PHI,34.0,17.0,-7.0,40.5,17.0,24.0,10.5,0.13302662450130073,0.23409789548356585,1.0,0.5452479702979448,0.5526254229600484,0.5,0.5526254229600484,,,total,1
2025_06_LA_BAL,2025,6,2025-10-12,REG,BAL,LA,3.0,17.0,-7.0,43.5,-14.0,-7.0,-23.5,0.554460718327739,0.2522172949002217,0.0,0.37480133915565866,0.5289985942482105,0.5,0.5289985942482105,,,total,0
2025_06_DAL_CAR,2025,6,2025-10-12,REG,CAR,DAL,30.0,27.0,-3.0,47.5,3.0,6.0,9.5,0.43032440917543086,0.39076376554174075,1.0,0.3279587438015061,0.5219552449715741,0.5,0.5219552449715741,,,total,1
2025_06_CIN_GB,2025,6,2025-10-12,REG,GB,CIN,27.0,18.0,14.0,44.5,9.0,-5.0,0.5,0.7263191111711809,0.8720930232558138,1.0,0.34026793187515425,0.5238502789444767,0.5,0.5238502789444767,,,total,1
2025_06_ARI_IND,2025,6,2025-10-12,REG,IND,ARI,31.0,27.0,8.5,46.5,4.0,-4.5,11.5,0.6505860631168344,0.7913616398243045,1.0,0.4533156291695509,0.5400783465090325,0.5,0.5400783465090325,,,total,1
2025_06_SEA_JAX,2025,6,2025-10-12,REG,JAX,SEA,12.0,20.0,-1.5,47.5,-8.0,-6.5,-15.5,0.4799665441311865,0.4891657638136511,0.0,0.4057812353988285,0.5334510735633465,0.5,0.5334510735633465,,,total,0
2025_06_DET_KC,2025,6,2025-10-12,REG,KC,DET,30.0,17.0,2.5,51.5,13.0,10.5,-4.5,0.5079785926913852,0.5634920634920635,0.0,0.5084544764437056,0.5476083241333353,0.5,0.5476083241333353,,,total,0
2025_06_TEN_LV,2025,6,2025-10-12,REG,LV,TEN,20.0,10.0,3.5,41.5,10.0,6.5,-11.5,0.6513188629602263,0.6224665518611737,0.0,0.44245598255003804,0.5385803895876398,0.5,0.5385803895876398,,,total,0
2025_06_LAC_MIA,2025,6,2025-10-12,REG,MIA,LAC,27.0,29.0,-3.5,45.5,-2.0,1.5,10.5,0.4423460176593342,0.35527082119976705,1.0,0.4451002082966671,0.5389458371636834,0.5,0.5389458371636834,,,total,1
2025_06_NE_NO,2025,6,2025-10-12,REG,NO,NE,19.0,25.0,-3.5,46.5,-6.0,-2.5,-2.5,0.4980185977015529,0.3690596562184025,0.0,0.4217056745175871,0.5356937327055261,0.5,0.5356937327055261,,,total,0
2025_06_DEN_NYJ,2025,6,2025-10-12,REG,NYJ,DEN,11.0,13.0,-7.5,43.5,-2.0,5.5,-19.5,0.21006635478506805,0.23409789548356585,0.0,0.5149603304191608,0.5484937178988978,0.5,0.5484937178988978,,,total,0
2025_06_CLE_PIT,2025,6,2025-10-12,REG,PIT,CLE,23.0,9.0,5.5,37.5,14.0,8.5,-5.5,0.7720454946775198,0.705033164260632,0.0,0.46693688196871164,0.5419477397804426,0.5,0.5419477397804426,,,total,0
2025_06_SF_TB,2025,6,2025-10-12,REG,TB,SF,30.0,19.0,3.5,46.5,11.0,7.5,2.5,0.6494321066711439,0.6309403437815976,1.0,0.41473748177046643,0.5347156778981245,0.5,0.5347156778981245,,,total,1
2025_06_BUF_ATL,2025,6,2025-10-13,REG,ATL,BUF,24.0,14.0,-3.5,49.5,10.0,13.5,-11.5,0.2891268707421273,0.35527082119976705,0.0,0.3085635061435803,0.518891691716907,0.5,0.518891691716907,,,total,0
2025_06_CHI_WAS,2025,6,2025-10-13,REG,WAS,CHI,24.0,25.0,5.5,49.5,-1.0,-6.5,-0.5,0.7690226366998895,0.690792883054068,0.0,0.27294437675892363,0.5129640120473742,0.5,0.5129640120473742,,,total,0
2025_07_PIT_CIN,2025,7,2025-10-16,REG,CIN,PIT,33.0,31.0,-5.5,45.5,2.0,7.5,18.5,0.47786242327515777,0.3194444444444444,1.0,0.20718168773132223,0.500533757464458,0.5,0.500533757464458,,,total,1
2025_07_GB_ARI,2025,7,2025-10-19,REG,ARI,GB,23.0,27.0,-7.0,44.5,-4.0,3.0,5.5,0.3457444639821204,0.23409789548356585,1.0,0.5086511014027387,0.5476350804120074,0.5,0.5476350804120074,,,total,1
2025_07_NO_CHI,2025,7,2025-10-19,REG,CHI,NO,26.0,14.0,4.5,43.5,12.0,7.5,-3.5,0.6885576936137973,0.6636481241914618,0.0,0.5028098852278066,0.5468402234103408,0.5,0.5468402234103408,,,total,0
2025_07_MIA_CLE,2025,7,2025-10-19,REG,CLE,MIA,31.0,6.0,2.5,34.5,25.0,22.5,2.5,0.5030700351592001,0.5720596355604638,1.0,0.30154258714198057,0.5177565369316766,0.5,0.5177565369316766,,,total,1
2025_07_WAS_DAL,2025,7,2025-10-19,REG,DAL,WAS,44.0,22.0,1.5,54.5,22.0,20.5,11.5,0.41204037101376295,0.5324675324675325,1.0,0.4087813756424308,0.5338756779298242,0.5,0.5338756779298242,,,total,1
2025_07_NYG_DEN,2025,7,2025-10-19,REG,DEN,NYG,33.0,32.0,7.5,39.5,1.0,-6.5,25.5,0.8158850262800388,0.7768331562167907,1.0,0.5914792850028345,0.5590174087843862,0.5,0.5590174087843862,,,total,1
2025_07_LA_JAX,2025,7,2025-10-19,REG,JAX,LA,7.0,35.0,-3.0,44.5,-28.0,-25.0,-2.5,0.312948956430119,0.4003612281757977,0.0,0.4627636985041358,0.5413759802280297,0.5,0.5413759802280297,,,total,0
2025_07_LV_KC,2025,7,2025-10-19,REG,KC,LV,31.0,0.0,13.5,44.5,31.0,17.5,-13.5,0.8693217083276873,0.8677165354330709,0.0,0.38647917598876375,0.5306926889359213,0.5,0.5306926889359213,,,total,0
2025_07_IND_LAC,2025,7,2025-10-19,REG,LAC,IND,24.0,38.0,2.5,48.5,-14.0,-16.5,13.5,0.5946353348264041,0.551441114716549,1.0,0.46580379849499204,0.5417925752014988,0.5,0.5417925752014988,,,total,1
2025_07_PHI_MIN,2025,7,2025-10-19,REG,MIN,PHI,22.0,28.0,-2.5,43.5,-6.0,-3.5,6.5,0.4202453218155757,0.42794036443953615,1.0,0.4021191613180073,0.5329313665182149,0.5,0.5329313665182149,,,total,1
2025_07_CAR_NYJ,2025,7,2025-10-19,REG,NYJ,CAR,6.0,13.0,1.5,39.5,-7.0,-8.5,-20.5,0.5517420561014754,0.5043297540699688,0.0,0.22580714368946897,0.504304075211921,0.5,0.504304075211921,,,total,0
2025_07_ATL_SF,2025,7,2025-10-19,REG,SF,ATL,20.0,10.0,1.5,46.5,10.0,8.5,-16.5,0.5977076374722673,0.5108342361863488,0.0,0.3877295338221559,0.5308728779629434,0.5,0.5308728779629434,,,total,0
2025_07_NE_TEN,2025,7,2025-10-19,REG,TEN,NE,13.0,31.0,-6.5,40.5,-18.0,-11.5,3.5,0.35521848554401947,0.28644876973925815,1.0,0.2966958805603484,0.5169640373571343,0.5,0.5169640373571343,,,total,1
2025_07_TB_DET,2025,7,2025-10-20,REG,DET,TB,24.0,9.0,6.0,54.5,15.0,9.0,-21.5,0.6668554799156631,0.705033164260632,0.0,0.3824156440618905,0.5301055324286917,0.5,0.5301055324286917,,,total,0
2025_07_HOU_SEA,2025,7,2025-10-20,REG,SEA,HOU,27.0,19.0,3.0,41.5,8.0,5.0,4.5,0.6022514657998825,0.5996387718242023,1.0,0.48267669853891293,0.544098190074759,0.5,0.544098190074759,,,total,1
2025_08_MIN_LAC,2025,8,2025-10-23,REG,LAC,MIN,37.0,10.0,3.0,45.5,27.0,24.0,1.5,0.5273354279385988,0.6037569709421778,1.0,0.4463673742162016,0.5391207986553823,0.5,0.5391207986553823,,,total,1
2025_08_MIA_ATL,2025,8,2025-10-26,REG,ATL,MIA,10.0,34.0,7.0,44.5,-24.0,-31.0,-0.5,0.688538038228094,0.7477827050997783,0.0,0.41972366213637374,0.5354160283082766,0.5,0.5354160283082766,,,total,0
2025_08_CHI_BAL,2025,8,2025-10-26,REG,BAL,CHI,30.0,16.0,2.5,45.5,14.0,11.5,0.5,0.6681857851438652,0.5720596355604638,1.0,0.2642089676208604,0.5114386459637583,0.5,0.5114386459637583,,,total,1
2025_08_BUF_CAR,2025,8,2025-10-26,REG,CAR,BUF,9.0,40.0,-7.0,47.5,-31.0,-24.0,1.5,0.2804684085502142,0.23409789548356585,1.0,0.3845816385952468,0.5304188062475699,0.5,0.5304188062475699,,,total,1
2025_08_NYJ_CIN,2025,8,2025-10-26,REG,CIN,NYJ,38.0,39.0,5.5,43.5,-1.0,-6.5,33.5,0.7596673944087061,0.690792883054068,1.0,0.28482980302543204,0.5149909977263796,0.5,0.5149909977263796,,,total,1
2025_08_DAL_DEN,2025,8,2025-10-26,REG,DEN,DAL,44.0,24.0,3.5,51.5,20.0,16.5,16.5,0.7239111350488713,0.6309403437815976,1.0,0.5810298211930689,0.5575589050904987,0.5,0.5575589050904987,,,total,1
2025_08_SF_HOU,2025,8,2025-10-26,REG,HOU,SF,26.0,15.0,2.5,41.5,11.0,8.5,-0.5,0.6079479095770236,0.5829926410466066,0.0,0.5174366328714102,0.5488308071566498,0.5,0.5488308071566498,,,total,0
2025_08_TEN_IND,2025,8,2025-10-26,REG,IND,TEN,38.0,14.0,15.5,47.5,24.0,8.5,4.5,0.8726743487382186,0.9082568807339451,1.0,0.36477796215795005,0.5275270906791477,0.5,0.5275270906791477,,,total,1
2025_08_CLE_NE,2025,8,2025-10-26,REG,NE,CLE,32.0,13.0,7.0,40.5,19.0,12.0,4.5,0.6796255686262835,0.7600000000000001,1.0,0.5353683120861471,0.5512749320589363,0.5,0.5512749320589363,,,total,1
2025_08_TB_NO,2025,8,2025-10-26,REG,NO,TB,3.0,23.0,-4.5,46.5,-20.0,-15.5,-20.5,0.2722944778584033,0.34252477380439467,0.0,0.3297176311646138,0.5222282296245244,0.5,0.5222282296245244,,,total,0
2025_08_NYG_PHI,2025,8,2025-10-26,REG,PHI,NYG,38.0,20.0,7.0,43.5,18.0,11.0,14.5,0.8738452060643265,0.7600000000000001,1.0,0.43761406881068343,0.537909916008304,0.5,0.537909916008304,,,total,1
2025_08_GB_PIT,2025,8,2025-10-26,REG,PIT,GB,25.0,35.0,-3.0,46.5,-10.0,-7.0,13.5,0.45021028738815594,0.4170073589533933,1.0,0.3819755049593816,0.5300417887834485,0.5,0.5300417887834485,,,total,1
2025_08_WAS_KC,2025,8,2025-10-27,REG,KC,WAS,28.0,7.0,10.5,48.5,21.0,10.5,-13.5,0.7422708117366447,0.84,0.0,0.4114136045406493,0.5342473799138283,0.5,0.5342473799138283,,,total,0
2025_09_BAL_MIA,2025,9,2025-10-30,REG,MIA,BAL,6.0,28.0,-7.5,51.5,-22.0,-14.5,-17.5,0.42630397587888946,0.2132564841498559,0.0,0.4645241595507701,0.5416172733521807,0.5,0.5416172733521807,,,total,0
2025_09_KC_BUF,2025,9,2025-11-02,REG,BUF,KC,28.0,21.0,-2.5,53.5,7.0,9.5,-4.5,0.5307162452592106,0.448558885283451,0.0,0.49577717153796935,0.545883032969148,0.5,0.545883032969148,,,total,0
2025_09_CHI_CIN,2025,9,2025-11-02,REG,CIN,CHI,42.0,47.0,-3.0,51.5,-5.0,-2.0,37.5,0.6270866446323585,0.4066302458405761,1.0,0.2724110817662018,0.5128717849281125,0.5,0.5128717849281125,,,total,1
2025_09_MIN_DET,2025,9,2025-11-02,REG,DET,MIN,24.0,27.0,9.5,47.5,-3.0,-12.5,3.5,0.7805995893785386,0.8118668596237336,1.0,0.3747781706979218,0.5289952122156639,0.5,0.5289952122156639,,,total,1
2025_09_CAR_GB,2025,9,2025-11-02,REG,GB,CAR,13.0,16.0,12.5,43.5,-3.0,-15.5,-14.5,0.8567462450416973,0.8720930232558138,0.0,0.26950299113128884,0.5123668465486133,0.5,0.5123668465486133,,,total,0
2025_09_DEN_HOU,2025,9,2025-11-02,REG,HOU,DEN,15.0,18.0,1.5,40.5,-3.0,-4.5,-7.5,0.49165347682398336,0.5324675324675325,0.0,0.5840183392025035,0.5579750394213023,0.5,0.5579750394213023,,,total,0
2025_09_NO_LA,2025,9,2025-11-02,REG,LA,NO,34.0,10.0,14.0,44.5,24.0,10.0,-0.5,0.8810454674489936,0.8869565217391304,0.0,0.4806010052369292,0.5438150522908741,0.5,0.5438150522908741,,,total,0
2025_09_JAX_LV,2025,9,2025-11-02,REG,LV,JAX,29.0,30.0,-2.5,43.5,-1.0,1.5,15.5,0.47549082188117825,0.4572564612326044,1.0,0.4099873359088991,0.5340460688427292,0.5,0.5340460688427292,,,total,1
2025_09_ATL_NE,2025,9,2025-11-02,REG,NE,ATL,24.0,23.0,5.5,45.5,1.0,-4.5,1.5,0.6726055559261653,0.6853932584269663,1.0,0.4345686019866225,0.5374872953208596,0.5,0.5374872953208596,,,total,1
2025_09_SF_NYG,2025,9,2025-11-02,REG,NYG,SF,24.0,34.0,-2.5,47.5,-10.0,-7.5,10.5,0.42069365084074195,0.42794036443953615,1.0,0.536381429864045,0.5514132617122142,0.5,0.5514132617122142,,,total,1
2025_09_IND_PIT,2025,9,2025-11-02,REG,PIT,IND,27.0,20.0,-3.5,51.5,7.0,10.5,-4.5,0.5081591417152967,0.3775334481388264,0.0,0.5009540369231069,0.5465876665442913,0.5,0.5465876665442913,,,total,0
2025_09_LAC_TEN,2025,9,2025-11-02,REG,TEN,LAC,20.0,27.0,-10.0,44.5,-7.0,3.0,2.5,0.2320910077767938,0.16835016835016833,1.0,0.46035471717224924,0.5410455603881753,0.5,0.5410455603881753,,,total,1
2025_09_SEA_WAS,2025,9,2025-11-02,REG,WAS,SEA,14.0,38.0,-2.5,47.5,-24.0,-21.5,4.5,0.4738685957476908,0.42794036443953615,1.0,0.3874585705012098,0.5308338483038048,0.5,0.5308338483038048,,,total,1
2025_09_ARI_DAL,2025,9,2025-11-03,REG,DAL,ARI,17.0,27.0,3.5,53.5,-10.0,-13.5,-9.5,0.6348126990192294,0.6092362344582594,0.0,0.36148402583749156,0.5270397120364158,0.5,0.5270397120364158,,,total,0
2025_10_LV_DEN,2025,10,2025-11-06,REG,DEN,LV,10.0,7.0,9.5,42.5,3.0,-6.5,-25.5,0.8655625823508989,0.7999999999999999,0.0,0.5059771803969068,0.547271223532421,0.5,0.547271223532421,,,total,0
2025_10_NO_CAR,2025,10,2025-11-09,REG,CAR,NO,7.0,17.0,5.5,38.5,-10.0,-15.5,-14.5,0.7033260937544861,0.6805555555555556,0.0,0.3483871436798511,0.5250816431694296,0.5,0.5250816431694296,,,total,0
2025_10_NYG_CHI,2025,10,2025-11-09,REG,CHI,NYG,24.0,20.0,4.5,45.5,4.0,-0.5,-1.5,0.6994413480078943,0.6574752261956054,0.0,0.36509066460150463,0.5275732580318884,0.5,0.5275732580318884,,,total,0
2025_10_JAX_HOU,2025,10,2025-11-09,REG,HOU,JAX,36.0,29.0,-1.5,37.5,7.0,8.5,27.5,0.7038570493964489,0.4891657638136511,1.0,0.41201021226180884,0.5343315224657997,0.5,0.5343315224657997,,,total,1
2025_10_ATL_IND,2025,10,2025-11-09,REG,IND,ATL,31.0,25.0,6.5,48.5,6.0,-0.5,7.5,0.6710066259698261,0.725752508361204,1.0,0.3505476106189825,0.5254069716051745,0.5,0.5254069716051745,,,total,1
2025_10_PIT_LAC,2025,10,2025-11-09,REG,LAC,PIT,25.0,10.0,3.0,45.5,15.0,12.0,-10.5,0.5882924113911767,0.593369754159424,0.0,0.4190668002051411,0.5353239093705764,0.5,0.5353239093705764,,,total,0
2025_10_BUF_MIA,2025,10,2025-11-09,REG,MIA,BUF,30.0,13.0,-8.5,50.5,17.0,25.5,-7.5,0.23956339502937302,0.2132564841498559,0.0,0.49125266355827674,0.5452669466498969,0.5,0.5452669466498969,,,total,0
2025_10_BAL_MIN,2025,10,2025-11-09,REG,MIN,BAL,19.0,27.0,-4.5,48.5,-8.0,-3.5,-2.5,0.5248533878341474,0.33099297893681046,0.0,0.4513454191777495,0.5398071301889957,0.5,0.5398071301889957,,,total,0
2025_10_CLE_NYJ,2025,10,2025-11-09,REG,NYJ,CLE,27.0,20.0,-1.5,37.5,7.0,8.5,9.5,0.5402519061627338,0.4572564612326044,1.0,0.25823644874350826,0.510376954489864,0.5,0.510376954489864,,,total,1
2025_10_ARI_SEA,2025,10,2025-11-09,REG,SEA,ARI,44.0,22.0,7.0,44.5,22.0,15.0,21.5,0.7695432662248837,0.740871613663133,1.0,0.4089296591767246,0.5338966377548403,0.5,0.5338966377548403,,,total,1
2025_10_LA_SF,2025,10,2025-11-09,REG,SF,LA,26.0,42.0,-5.5,49.5,-16.0,-10.5,18.5,0.42632440148792977,0.30920711694593195,1.0,0.4692366919682007,0.5422625091192166,0.5,0.5422625091192166,,,total,1
2025_10_NE_TB,2025,10,2025-11-09,REG,TB,NE,23.0,28.0,2.5,48.5,-5.0,-7.5,2.5,0.6956533231650613,0.5720596355604638,1.0,0.4421922779540428,0.538543917398704,0.5,0.538543917398704,,,total,1
2025_10_DET_WAS,2025,10,2025-11-09,REG,WAS,DET,22.0,44.0,-8.5,49.5,-22.0,-13.5,16.5,0.357353960578997,0.2132564841498559,1.0,0.35025000775845666,0.5253622142501166,0.5,0.5253622142501166,,,total,1
2025_10_PHI_GB,2025,10,2025-11-10,REG,GB,PHI,7.0,10.0,1.5,45.5,-3.0,-4.5,-28.5,0.48127391900217026,0.5,0.0,0.35906882641909577,0.526681097062542,0.5,0.526681097062542,,,total,0
2025_11_NYJ_NE,2025,11,2025-11-13,REG,NE,NYJ,27.0,14.0,12.5,43.5,13.0,0.5,-2.5,0.7659295811506581,0.8677165354330709,0.0,0.46845553223956443,0.5421556182089013,0.5,0.5421556182089013,,,total,0
2025_11_SF_ARI,2025,11,2025-11-16,REG,ARI,SF,22.0,41.0,-3.5,48.5,-19.0,-15.5,14.5,0.5179619636822609,0.3690596562184025,1.0,0.44404189633841223,0.5387996299651906,0.5,0.5387996299651906,,,total,1
2025_11_CAR_ATL,2025,11,2025-11-16,REG,ATL,CAR,27.0,30.0,4.5,42.5,-3.0,-7.5,14.5,0.6131384920529714,0.6574752261956054,1.0,0.4220211782448563,0.5357379037948744,0.5,0.5357379037948744,,,total,1
2025_11_TB_BUF,2025,11,2025-11-16,REG,BUF,TB,44.0,32.0,6.0,46.5,12.0,6.0,29.5,0.6553307553524831,0.7095435684647302,1.0,0.4024194224608548,0.5329740385963937,0.5,0.5329740385963937,,,total,1
2025_11_BAL_CLE,2025,11,2025-11-16,REG,CLE,BAL,16.0,23.0,-7.5,37.5,-7.0,0.5,1.5,0.2692920160506472,0.21809369951534735,1.0,0.3543598937574321,0.5259787459405298,0.5,0.5259787459405298,,,total,1
2025_11_KC_DEN,2025,11,2025-11-16,REG,DEN,KC,22.0,19.0,-3.5,44.5,3.0,6.5,-3.5,0.5500504297086232,0.34252477380439467,0.0,0.4221358601667373,0.5357539571214062,0.5,0.5357539571214062,,,total,0
2025_11_LAC_JAX,2025,11,2025-11-16,REG,JAX,LAC,35.0,6.0,-3.0,43.5,29.0,32.0,-2.5,0.40448702914951684,0.4170073589533933,0.0,0.35796725396579465,0.526517172282258,0.5,0.526517172282258,,,total,0
2025_11_SEA_LA,2025,11,2025-11-16,REG,LA,SEA,21.0,19.0,3.0,49.5,2.0,-1.0,-9.5,0.6000094202886463,0.6092362344582594,0.0,0.5819370324673683,0.5576851487419453,0.5,0.5576851487419453,,,total,0
2025_11_WAS_MIA,2025,11,2025-11-16,REG,MIA,WAS,16.0,13.0,2.5,47.5,3.0,0.5,-18.5,0.48310596688198654,0.5720596355604638,0.0,0.32994231117959716,0.5222630462264972,0.5,0.5222630462264972,,,total,0
2025_11_CHI_MIN,2025,11,2025-11-16,REG,MIN,CHI,17.0,19.0,3.0,47.5,-2.0,-5.0,-11.5,0.6244284154383658,0.5720596355604638,0.0,0.29582073643766993,0.5168201384175083,0.5,0.5168201384175083,,,total,0
2025_11_GB_NYG,2025,11,2025-11-16,REG,NYG,GB,20.0,27.0,-7.5,41.5,-7.0,0.5,5.5,0.2546512926467026,0.21809369951534735,1.0,0.4751111673991387,0.5430656009008912,0.5,0.5430656009008912,,,total,1
2025_11_DET_PHI,2025,11,2025-11-16,REG,PHI,DET,16.0,9.0,2.5,46.5,7.0,4.5,-21.5,0.6211561364068204,0.5829926410466066,0.0,0.363574268808653,0.5273492153908056,0.5,0.5273492153908056,,,total,0
2025_11_CIN_PIT,2025,11,2025-11-16,REG,PIT,CIN,34.0,12.0,5.5,48.5,22.0,16.5,-2.5,0.6587330247238442,0.6853932584269663,0.0,0.2742933091366795,0.513196789288033,0.5,0.513196789288033,,,total,0
2025_11_HOU_TEN,2025,11,2025-11-16,REG,TEN,HOU,13.0,16.0,-5.5,37.5,-3.0,2.5,-8.5,0.19712916797643554,0.30423004792665137,0.0,0.4440699775580902,0.5388035104092264,0.5,0.5388035104092264,,,total,0
2025_11_DAL_LV,2025,11,2025-11-17,REG,LV,DAL,16.0,33.0,-3.5,48.5,-17.0,-13.5,0.5,0.4603175579657432,0.3630958183058778,1.0,0.4892570846812482,0.5449951154889576,0.5,0.5449951154889576,,,total,1
2025_12_BUF_HOU,2025,12,2025-11-20,REG,HOU,BUF,23.0,19.0,-5.5,43.5,4.0,9.5,-1.5,0.48074918927909777,0.30920711694593195,0.0,0.4879834744429489,0.5448215906400075,0.5,0.5448215906400075,,,total,0
2025_12_JAX_ARI,2025,12,2025-11-23,REG,ARI,JAX,24.0,27.0,-2.5,47.5,-3.0,-0.5,3.5,0.49598381013990706,0.448558885283451,1.0,0.4497225740112929,0.539583556503532,0.5,0.539583556503532,,,total,1
2025_12_NYJ_BAL,2025,12,2025-11-23,REG,BAL,NYJ,23.0,10.0,14.0,44.5,13.0,-1.0,-11.5,0.8447632729008496,0.8761776581426649,0.0,0.4559327657311929,0.5404382714082705,0.5,0.5404382714082705,,,total,0
2025_12_PIT_CHI,2025,12,2025-11-23,REG,CHI,PIT,31.0,28.0,3.0,46.5,3.0,0.0,12.5,0.5148937758765049,0.5829926410466066,1.0,0.39142369886346623,0.5314039637004063,0.5,0.5314039637004063,,,total,1
2025_12_NE_CIN,2025,12,2025-11-23,REG,CIN,NE,20.0,26.0,-7.5,50.5,-6.0,1.5,-4.5,0.43116787430366266,0.23409789548356585,0.0,0.3644575696097113,0.5274797699917719,0.5,0.5274797699917719,,,total,0
2025_12_PHI_DAL,2025,12,2025-11-23,REG,DAL,PHI,24.0,21.0,-3.0,47.5,3.0,6.0,-2.5,0.25468695412385084,0.4066302458405761,0.0,0.5569788577895949,0.5542343771167149,0.5,0.5542343771167149,,,total,0
2025_12_NYG_DET,2025,12,2025-11-23,REG,DET,NYG,34.0,27.0,14.0,50.5,7.0,-7.0,10.5,0.8851867500124981,0.8761776581426649,1.0,0.3984024054760327,0.5324022385033311,0.5,0.5324022385033311,,,total,1
2025_12_MIN_GB,2025,12,2025-11-23,REG,GB,MIN,23.0,6.0,6.5,41.5,17.0,10.5,-12.5,0.7352480467455749,0.7135512302607419,0.0,0.35095844751143707,0.525468729164337,0.5,0.525468729164337,,,total,0
2025_12_IND_KC,2025,12,2025-11-23,REG,KC,IND,23.0,20.0,3.5,50.5,3.0,-0.5,-7.5,0.7001941575899344,0.6574752261956054,0.0,0.5511174971698243,0.5534296249301169,0.5,0.5534296249301169,,,total,0
2025_12_TB_LA,2025,12,2025-11-23,REG,LA,TB,34.0,7.0,7.0,49.5,27.0,20.0,-8.5,0.7308552829796334,0.7571884984025559,0.0,0.4923279102360498,0.5454133857335959,0.5,0.5454133857335959,,,total,0
2025_12_CLE_LV,2025,12,2025-11-23,REG,LV,CLE,10.0,24.0,3.0,35.5,-14.0,-17.0,-1.5,0.5586584383243206,0.593369754159424,0.0,0.4924169907315642,0.5454255169047295,0.5,0.5454255169047295,,,total,0
2025_12_ATL_NO,2025,12,2025-11-23,REG,NO,ATL,10.0,24.0,1.5,41.5,-14.0,-15.5,-7.5,0.5360356275726181,0.5260865852617197,0.0,0.5310387678998582,0.550684127979229,0.5,0.550684127979229,,,total,0
2025_12_SEA_TEN,2025,12,2025-11-23,REG,TEN,SEA,24.0,30.0,-12.5,41.5,-6.0,6.5,12.5,0.13819529918890514,0.13228346456692913,1.0,0.4971134467469243,0.5460649395274207,0.5,0.5460649395274207,,,total,1
2025_12_CAR_SF,2025,12,2025-11-24,REG,SF,CAR,20.0,9.0,7.5,48.5,11.0,3.5,-19.5,0.7444161789525381,0.7659021045164341,0.0,0.4942205126377606,0.5456710996943166,0.5,0.5456710996943166,,,total,0
2025_13_CIN_BAL,2025,13,2025-11-27,REG,BAL,CIN,14.0,32.0,7.0,52.5,-18.0,-25.0,-6.5,0.806121349640922,0.7571884984025559,0.0,0.4087151389829235,0.5338663146049771,0.5,0.5338663146049771,,,total,0
2025_13_KC_DAL,2025,13,2025-11-27,REG,DAL,KC,31.0,28.0,-3.5,53.5,3.0,6.5,5.5,0.3544707578609725,0.3775334481388264,1.0,0.635125211878878,0.5652410599260412,0.5,0.5652410599260412,,,total,1
2025_13_GB_DET,2025,13,2025-11-27,REG,DET,GB,24.0,31.0,2.5,48.5,-7.0,-9.5,6.5,0.6181434802772521,0.5829926410466066,1.0,0.5179443884380797,0.5488999342470053,0.5,0.5488999342470053,,,total,1
2025_13_CHI_PHI,2025,13,2025-11-28,REG,PHI,CHI,15.0,24.0,7.0,43.5,-9.0,-16.0,-4.5,0.8048602139959653,0.740871613663133,0.0,0.44575899372091093,0.5390368110448385,0.5,0.5390368110448385,,,total,0
2025_13_LA_CAR,2025,13,2025-11-30,REG,CAR,LA,31.0,28.0,-10.0,44.5,3.0,13.0,14.5,0.20529065519823997,0.18274111675126903,1.0,0.5864584029280155,0.5583153810806314,0.5,0.5583153810806314,,,total,1
2025_13_SF_CLE,2025,13,2025-11-30,REG,CLE,SF,8.0,26.0,-5.5,35.5,-18.0,-12.5,-1.5,0.35479603714516006,0.31460674157303364,0.0,0.39686890678709486,0.5321834213074472,0.5,0.5321834213074472,,,total,0
2025_13_HOU_IND,2025,13,2025-11-30,REG,IND,HOU,16.0,20.0,3.0,44.5,-4.0,-7.0,-8.5,0.5296954608117032,0.6037569709421778,0.0,0.4951945738734221,0.5458037179490037,0.5,0.5458037179490037,,,total,0
2025_13_LV_LAC,2025,13,2025-11-30,REG,LAC,LV,31.0,14.0,10.0,40.5,17.0,7.0,4.5,0.825001477163423,0.8223350253807106,1.0,0.5997145819879296,0.5601742329655945,0.5,0.5601742329655945,,,total,1
2025_13_NO_MIA,2025,13,2025-11-30,REG,MIA,NO,21.0,17.0,5.5,41.5,4.0,-1.5,-3.5,0.756333235594006,0.6853932584269663,0.0,0.5819881928323897,0.5576922700679048,0.5,0.5576922700679048,,,total,0
2025_13_ATL_NYJ,2025,13,2025-11-30,REG,NYJ,ATL,27.0,24.0,-3.0,38.5,3.0,6.0,12.5,0.48743853581588553,0.4003612281757977,1.0,0.4356938322402778,0.5376435283919017,0.5,0.5376435283919017,,,total,1
2025_13_BUF_PIT,2025,13,2025-11-30,REG,PIT,BUF,7.0,26.0,-3.0,44.5,-19.0,-16.0,-11.5,0.43957367754616034,0.4003612281757977,0.0,0.342966075840294,0.5242610500121151,0.5,0.5242610500121151,,,total,0
2025_13_MIN_SEA,2025,13,2025-11-30,REG,SEA,MIN,26.0,0.0,12.5,42.5,26.0,13.5,-16.5,0.7702902435815456,0.863013698630137,0.0,0.4710905527983413,0.5425160871793263,0.5,0.5425160871793263,,,total,0
2025_13_ARI_TB,2025,13,2025-11-30,REG,TB,ARI,20.0,17.0,4.5,44.5,3.0,-1.5,-7.5,0.7263601956888357,0.6369041816941223,0.0,0.5200922397138579,0.5491923846020862,0.5,0.5491923846020862,,,total,0
2025_13_JAX_TEN,2025,13,2025-11-30,REG,TEN,JAX,3.0,25.0,-6.0,42.5,-22.0,-16.0,-14.5,0.2502174786508986,0.299837925445705,0.0,0.411436597639822,0.5342506234598716,0.5,0.5342506234598716,,,total,0
2025_13_DEN_WAS,2025,13,2025-11-30,REG,WAS,DEN,26.0,27.0,-6.5,43.5,-1.0,5.5,9.5,0.3061925318963927,0.27424749163879597,1.0,0.3889075527943709,0.5310424399871584,0.5,0.5310424399871584,,,total,1
2025_13_NYG_NE,2025,13,2025-12-01,REG,NE,NYG,33.0,15.0,7.0,46.5,18.0,11.0,1.5,0.8147493547053709,0.7571884984025559,1.0,0.4874080674830871,0.5447431830862024,0.5,0.5447431830862024,,,total,1
2025_14_DAL_DET,2025,14,2025-12-04,REG,DET,DAL,44.0,30.0,3.5,55.5,14.0,10.5,18.5,0.7283484677984983,0.6309403437815976,1.0,0.4122164518871212,0.5343606005170505,0.5,0.5343606005170505,,,total,1
2025_14_LA_ARI,2025,14,2025-12-07,REG,ARI,LA,17.0,45.0,-9.5,49.5,-28.0,-18.5,12.5,0.24687996365952308,0.19999999999999998,1.0,0.33362809871161464,0.522832467887537,0.5,0.522832467887537,,,total,1
2025_14_SEA_ATL,2025,14,2025-12-07,REG,ATL,SEA,9.0,37.0,-7.0,44.5,-28.0,-21.0,1.5,0.253060805496193,0.2522172949002217,1.0,0.6116766317416502,0.5618677333106572,0.5,0.5618677333106572,,,total,1
2025_14_PIT_BAL,2025,14,2025-12-07,REG,BAL,PIT,22.0,27.0,5.5,43.5,-5.0,-10.5,5.5,0.6621981798118844,0.7001620745542949,1.0,0.5521377033137383,0.5535695707587525,0.5,0.5535695707587525,,,total,1
2025_14_CIN_BUF,2025,14,2025-12-07,REG,BUF,CIN,39.0,34.0,6.0,54.5,5.0,-1.0,18.5,0.7874592972152705,0.7095435684647302,1.0,0.34432884694137683,0.5244679203071122,0.5,0.5244679203071122,,,total,1
2025_14_TEN_CLE,2025,14,2025-12-07,REG,CLE,TEN,29.0,31.0,4.5,33.5,-2.0,-6.5,26.5,0.739631914110846,0.644729178800233,1.0,0.5442050655372905,0.5524826891539185,0.5,0.5524826891539185,,,total,1
2025_14_CHI_GB,2025,14,2025-12-07,REG,GB,CHI,28.0,21.0,6.5,44.5,7.0,0.5,4.5,0.7244589692455773,0.7220792588780237,1.0,0.4367393788345441,0.5377886086972311,0.5,0.5377886086972311,,,total,1
2025_14_IND_JAX,2025,14,2025-12-07,REG,JAX,IND,36.0,19.0,-2.5,44.5,17.0,19.5,10.5,0.5520883424933456,0.448558885283451,1.0,0.4453588860484153,0.5389815623075561,0.5,0.5389815623075561,,,total,1
2025_14_HOU_KC,2025,14,2025-12-07,REG,KC,HOU,10.0,20.0,4.5,41.5,-10.0,-14.5,-11.5,0.6301835830074806,0.6574752261956054,0.0,0.5674901145121968,0.555682452468075,0.5,0.555682452468075,,,total,0
2025_14_DEN_LV,2025,14,2025-12-07,REG,LV,DEN,17.0,24.0,-8.5,40.5,-7.0,1.5,0.5,0.14921579386095804,0.20863836017569545,1.0,0.5707718083712812,0.5561360131915225,0.5,0.5561360131915225,,,total,1
2025_14_WAS_MIN,2025,14,2025-12-07,REG,MIN,WAS,31.0,0.0,-1.5,43.5,31.0,32.5,-12.5,0.5978306614995357,0.4891657638136511,0.0,0.4662366055804848,0.5418518504272817,0.5,0.5418518504272817,,,total,0
2025_14_MIA_NYJ,2025,14,2025-12-07,REG,NYJ,MIA,10.0,34.0,-2.5,41.5,-24.0,-21.5,2.5,0.42181452690664856,0.42794036443953615,1.0,0.4611005010070198,0.5411478836197632,0.5,0.5411478836197632,,,total,1
2025_14_NO_TB,2025,14,2025-12-07,REG,TB,NO,20.0,24.0,7.5,41.5,-4.0,-11.5,2.5,0.8217140558105643,0.7768331562167907,1.0,0.6271671864935177,0.5640874318395778,0.5,0.5640874318395778,,,total,1
2025_14_PHI_LAC,2025,14,2025-12-08,REG,LAC,PHI,22.0,19.0,-1.5,41.5,3.0,4.5,-0.5,0.4077263713277596,0.4782608695652174,0.0,0.6115751705999616,0.5618532981345057,0.5,0.5618532981345057,,,total,0
2025_15_ATL_TB,2025,15,2025-12-11,REG,TB,ATL,28.0,29.0,6.0,43.5,-1.0,-7.0,13.5,0.7262364106546605,0.705033164260632,1.0,0.5037788446918818,0.5469720803900385,0.5,0.5469720803900385,,,total,1
2025_15_CLE_CHI,2025,15,2025-12-14,REG,CHI,CLE,31.0,3.0,7.5,38.5,28.0,20.5,-4.5,0.8009560914498879,0.7571884984025559,0.0,0.5408875373645781,0.5520289355329311,0.5,0.5520289355329311,,,total,0
2025_15_BAL_CIN,2025,15,2025-12-14,REG,CIN,BAL,0.0,24.0,-2.5,51.5,-24.0,-21.5,-27.5,0.48215096721562645,0.4066302458405761,0.0,0.4267893283070653,0.5364043227516748,0.5,0.5364043227516748,,,total,0
2025_15_MIN_DAL,2025,15,2025-12-14,REG,DAL,MIN,26.0,34.0,5.5,47.5,-8.0,-13.5,12.5,0.5918049822771378,0.6957699520733487,1.0,0.4839734562911438,0.5442750196379653,0.5,0.5442750196379653,,,total,1
2025_15_GB_DEN,2025,15,2025-12-14,REG,DEN,GB,34.0,26.0,-1.5,42.5,8.0,9.5,17.5,0.5710476429724403,0.4739134147382802,1.0,0.49326622718608304,0.5455411618377203,0.5,0.5455411618377203,,,total,1
2025_15_ARI_HOU,2025,15,2025-12-14,REG,HOU,ARI,40.0,20.0,10.5,42.5,20.0,9.5,17.5,0.8460541096502872,0.827123695976155,1.0,0.42567934156533127,0.5362493718708671,0.5,0.5362493718708671,,,total,1
2025_15_NYJ_JAX,2025,15,2025-12-14,REG,JAX,NYJ,48.0,20.0,13.5,40.5,28.0,14.5,27.5,0.8075026540094978,0.8761776581426649,1.0,0.4634063259642229,0.541464077011015,0.5,0.541464077011015,,,total,1
2025_15_LAC_KC,2025,15,2025-12-14,REG,KC,LAC,13.0,16.0,5.5,41.5,-3.0,-8.5,-12.5,0.6559476511088226,0.690792883054068,0.0,0.47607863911835646,0.5431977450869544,0.5,0.5431977450869544,,,total,0
2025_15_DET_LA,2025,15,2025-12-14,REG,LA,DET,41.0,34.0,5.5,54.5,7.0,1.5,20.5,0.6115483804643971,0.6805555555555556,1.0,0.4922259086555401,0.5453994947939279,0.5,0.5453994947939279,,,total,1
2025_15_BUF_NE,2025,15,2025-12-14,REG,NE,BUF,31.0,35.0,-2.5,49.5,-4.0,-1.5,16.5,0.4538449450464126,0.43650793650793646,1.0,0.47626407316774877,0.5432230694669814,0.5,0.5432230694669814,,,total,1
2025_15_CAR_NO,2025,15,2025-12-14,REG,NO,CAR,20.0,17.0,-2.5,41.5,3.0,5.5,-4.5,0.49331901802098643,0.42794036443953615,0.0,0.46326132807659604,0.5414442011722022,0.5,0.5414442011722022,,,total,0
2025_15_WAS_NYG,2025,15,2025-12-14,REG,NYG,WAS,21.0,29.0,2.5,46.5,-8.0,-10.5,3.5,0.4588620937674963,0.5720596355604638,1.0,0.3283728988259514,0.5220195914021811,0.5,0.5220195914021811,,,total,1
2025_15_LV_PHI,2025,15,2025-12-14,REG,PHI,LV,31.0,0.0,12.5,37.5,31.0,18.5,-6.5,0.9070683755480539,0.8720930232558138,0.0,0.3178324565648633,0.5203683881080118,0.5,0.5203683881080118,,,total,0
2025_15_IND_SEA,2025,15,2025-12-14,REG,SEA,IND,18.0,16.0,13.5,41.5,2.0,-11.5,-7.5,0.7737432655354464,0.8720930232558138,0.0,0.47435226488230753,0.5429619225285965,0.5,0.5429619225285965,,,total,0
2025_15_TEN_SF,2025,15,2025-12-14,REG,SF,TEN,37.0,24.0,12.5,44.5,13.0,0.5,16.5,0.8895770375343359,0.863013698630137,1.0,0.4735784015476484,0.5428561797595689,0.5,0.5428561797595689,,,total,1
2025_15_MIA_PIT,2025,15,2025-12-15,REG,PIT,MIA,28.0,15.0,3.0,42.5,13.0,10.0,0.5,0.5964205840198927,0.6092362344582594,1.0,0.5857974191508006,0.5582231342973315,0.5,0.5582231342973315,,,total,1
2025_16_LA_SEA,2025,16,2025-12-18,REG,SEA,LA,38.0,37.0,1.5,42.5,1.0,-0.5,32.5,0.5551029200617067,0.5260865852617197,1.0,0.5705121931132655,0.5561001045505881,0.5,0.5561001045505881,,,total,1
2025_16_GB_CHI,2025,16,2025-12-20,REG,CHI,GB,22.0,16.0,1.5,45.5,6.0,4.5,-7.5,0.43035100727648246,0.5173641257162701,0.0,0.5875346944233321,0.5584656727318391,0.5,0.5584656727318391,,,total,0
2025_16_PHI_WAS,2025,16,2025-12-20,REG,WAS,PHI,18.0,29.0,-7.0,43.5,-11.0,-4.0,3.5,0.3080402423484813,0.24000000000000005,1.0,0.5367145238692312,0.5514587490564117,0.5,0.5514587490564117,,,total,1
2025_16_ATL_ARI,2025,16,2025-12-21,REG,ARI,ATL,19.0,26.0,-2.5,48.5,-7.0,-4.5,-3.5,0.5522389449430067,0.42794036443953615,0.0,0.5351910995848848,0.5512507390291799,0.5,0.5512507390291799,,,total,0
2025_16_NE_BAL,2025,16,2025-12-21,REG,BAL,NE,24.0,28.0,3.5,48.5,-4.0,-7.5,3.5,0.5973433172347474,0.6224665518611737,1.0,0.5150887319978456,0.5485111951936077,0.5,0.5485111951936077,,,total,1
2025_16_TB_CAR,2025,16,2025-12-21,REG,CAR,TB,23.0,20.0,-3.0,44.5,3.0,6.0,-1.5,0.44437877185639124,0.4170073589533933,0.0,0.3463846825863722,0.5247792493903711,0.5,0.5247792493903711,,,total,0
2025_16_BUF_CLE,2025,16,2025-12-21,REG,CLE,BUF,20.0,23.0,-10.5,41.5,-3.0,7.5,1.5,0.17031551805417738,0.18274111675126903,1.0,0.39390975764662917,0.5317603185758328,0.5,0.5317603185758328,,,total,1
2025_16_LAC_DAL,2025,16,2025-12-21,REG,DAL,LAC,17.0,34.0,1.5,50.5,-17.0,-18.5,0.5,0.44621707769362995,0.5260865852617197,1.0,0.572992671586807,0.5564433898066994,0.5,0.5564433898066994,,,total,1
2025_16_JAX_DEN,2025,16,2025-12-21,REG,DEN,JAX,20.0,34.0,3.5,46.5,-14.0,-17.5,7.5,0.7449961171407733,0.6092362344582594,1.0,0.4818889410116868,0.5439907484093245,0.5,0.5439907484093245,,,total,1
2025_16_PIT_DET,2025,16,2025-12-21,REG,DET,PIT,24.0,29.0,7.5,52.5,-5.0,-12.5,0.5,0.6975731590055038,0.7768331562167907,1.0,0.47555466601443713,0.5431261809653444,0.5,0.5431261809653444,,,total,1
2025_16_LV_HOU,2025,16,2025-12-21,REG,HOU,LV,23.0,21.0,14.5,39.5,2.0,-12.5,4.5,0.9119500615711774,0.9039548022598869,1.0,0.4884502099555839,0.5448851853018939,0.5,0.5448851853018939,,,total,1
2025_16_CIN_MIA,2025,16,2025-12-21,REG,MIA,CIN,21.0,45.0,-3.5,48.5,-24.0,-20.5,17.5,0.6505441885676689,0.35527082119976705,1.0,0.4044382278898037,0.5332606636063205,0.5,0.5332606636063205,,,total,1
2025_16_NYJ_NO,2025,16,2025-12-21,REG,NO,NYJ,29.0,6.0,6.5,39.5,23.0,16.5,-4.5,0.6279248007256573,0.7179705215419501,0.0,0.47624881801073976,0.5432209861410915,0.5,0.5432209861410915,,,total,0
2025_16_MIN_NYG,2025,16,2025-12-21,REG,NYG,MIN,13.0,16.0,-2.5,41.5,-3.0,-0.5,-12.5,0.3047537448003362,0.42794036443953615,0.0,0.36581460173748215,0.5276800738303212,0.5,0.5276800738303212,,,total,0
2025_16_KC_TEN,2025,16,2025-12-21,REG,TEN,KC,26.0,9.0,-3.5,37.5,17.0,20.5,-2.5,0.165432358058635,0.3775334481388264,0.0,0.5532018236329275,0.5537155956025737,0.5,0.5537155956025737,,,total,0
2025_16_SF_IND,2025,16,2025-12-22,REG,IND,SF,27.0,48.0,-4.5,46.5,-21.0,-16.5,28.5,0.48278296646599717,0.33635187580853815,1.0,0.4216167018741027,0.535681274658134,0.5,0.535681274658134,,,total,1
2025_17_DEN_KC,2025,17,2025-12-25,REG,KC,DEN,13.0,20.0,-13.5,37.5,-7.0,6.5,-4.5,0.4281507660424955,0.12000000000000002,0.0,0.35466314263407706,0.5260241047755809,0.5,0.5260241047755809,,,total,0
2025_17_DET_MIN,2025,17,2025-12-25,REG,MIN,DET,23.0,10.0,-7.0,45.5,13.0,20.0,-12.5,0.4697158184770456,0.2491874322860238,0.0,0.5163202102396542,0.5486788250503113,0.5,0.5486788250503113,,,total,0
2025_17_DAL_WAS,2025,17,2025-12-25,REG,WAS,DAL,23.0,30.0,-8.5,50.5,-7.0,1.5,2.5,0.5505098897671225,0.19999999999999998,1.0,0.4318862133949185,0.5371144473068237,0.5,0.5371144473068237,,,total,1
2025_17_BAL_GB,2025,17,2025-12-27,REG,GB,BAL,24.0,41.0,2.5,38.5,-17.0,-19.5,26.5,0.6903589835223672,0.5634920634920635,1.0,0.4017713694663825,0.5328819258923475,0.5,0.5328819258923475,,,total,1
2025_17_HOU_LAC,2025,17,2025-12-27,REG,LAC,HOU,16.0,20.0,1.5,40.5,-4.0,-5.5,-4.5,0.5101072250722452,0.5173641257162701,0.0,0.5001535982097108,0.5464787313260372,0.5,0.5464787313260372,,,total,0
2025_17_PHI_BUF,2025,17,2025-12-28,REG,BUF,PHI,12.0,13.0,3.0,45.5,-1.0,-4.0,-20.5,0.5981023896090375,0.6037569709421778,0.0,0.5694171340352612,0.5559486939863068,0.5,0.5559486939863068,,,total,0
2025_17_SEA_CAR,2025,17,2025-12-28,REG,CAR,SEA,10.0,27.0,-6.5,42.5,-17.0,-10.5,-5.5,0.23547957866143346,0.27792074112197634,0.0,0.6273680592086877,0.5641164340474079,0.5,0.5641164340474079,,,total,0
2025_17_ARI_CIN,2025,17,2025-12-28,REG,CIN,ARI,37.0,14.0,7.0,52.5,23.0,16.0,-1.5,0.7304912421972747,0.7440690150970525,0.0,0.4017880335490017,0.5328842951231013,0.5,0.5328842951231013,,,total,0
2025_17_PIT_CLE,2025,17,2025-12-28,REG,CLE,PIT,13.0,6.0,-4.5,35.5,7.0,11.5,-16.5,0.2601445834008546,0.35527082119976705,0.0,0.40436317298643015,0.5332500161681482,0.5,0.5332500161681482,,,total,0
2025_17_JAX_IND,2025,17,2025-12-28,REG,IND,JAX,17.0,23.0,-3.5,48.5,-6.0,-2.5,-8.5,0.40446101304967147,0.33635187580853815,0.0,0.4953335943163622,0.5458226445982853,0.5,0.5458226445982853,,,total,0
2025_17_NYG_LV,2025,17,2025-12-28,REG,LV,NYG,10.0,34.0,-3.0,40.5,-24.0,-21.0,3.5,0.5411239692539995,0.4066302458405761,1.0,0.5858984438812109,0.5582372307514921,0.5,0.5582372307514921,,,total,1
2025_17_TB_MIA,2025,17,2025-12-28,REG,MIA,TB,20.0,17.0,-5.5,44.5,3.0,8.5,-7.5,0.5275787823701368,0.31460674157303364,0.0,0.5099023701464634,0.5478053526493268,0.5,0.5478053526493268,,,total,0
2025_17_NE_NYJ,2025,17,2025-12-28,REG,NYJ,NE,10.0,42.0,-12.5,42.5,-32.0,-19.5,9.5,0.2360986782353739,0.13228346456692913,1.0,0.41277563721468785,0.5344394179376567,0.5,0.5344394179376567,,,total,1
2025_17_CHI_SF,2025,17,2025-12-28,REG,SF,CHI,42.0,38.0,3.5,51.5,4.0,0.5,28.5,0.6193678815297136,0.644729178800233,1.0,0.7123307794749334,0.5770922033218954,0.5,0.5770922033218954,,,total,1
2025_17_NO_TEN,2025,17,2025-12-28,REG,TEN,NO,26.0,34.0,-1.5,39.5,-8.0,-6.5,20.5,0.45712331732445133,0.4782608695652174,1.0,0.40918590889013473,0.5339328527609187,0.5,0.5339328527609187,,,total,1
2025_17_LA_ATL,2025,17,2025-12-29,REG,ATL,LA,27.0,24.0,-7.5,48.5,3.0,10.5,2.5,0.24005560122334824,0.24000000000000005,1.0,0.40765130712720893,0.5337158618274782,0.5,0.5337158618274782,,,total,1
2025_18_SEA_SF,2025,18,2026-01-03,REG,SF,SEA,3.0,13.0,-2.5,47.5,-10.0,-7.5,-31.5,0.4673418223738055,0.42794036443953615,0.0,0.5905000448433929,0.5588803036260488,0.5,0.5588803036260488,,,total,0
2025_18_CAR_TB,2025,18,2026-01-03,REG,TB,CAR,16.0,14.0,3.0,43.5,2.0,-1.0,-13.5,0.6621796796862154,0.5829926410466066,0.0,0.4114991348532674,0.534259445047987,0.5,0.534259445047987,,,total,0
2025_18_NO_ATL,2025,18,2026-01-04,REG,ATL,NO,19.0,17.0,4.5,43.5,2.0,-2.5,-7.5,0.6288988940018959,0.644729178800233,0.0,0.4885612864680872,0.5449003193164328,0.5,0.5449003193164328,,,total,0
2025_18_NYJ_BUF,2025,18,2026-01-04,REG,BUF,NYJ,35.0,8.0,12.5,39.5,27.0,14.5,3.5,0.9185299563256469,0.8524590163934427,1.0,0.4480249624702694,0.5393495075481712,0.5,0.5393495075481712,,,total,1
2025_18_DET_CHI,2025,18,2026-01-04,REG,CHI,DET,16.0,19.0,3.5,51.5,-3.0,-6.5,-16.5,0.551788093418251,0.6164383561643836,0.0,0.3941544711143016,0.5317953515022256,0.5,0.5317953515022256,,,total,0
2025_18_CLE_CIN,2025,18,2026-01-04,REG,CIN,CLE,18.0,20.0,9.5,47.5,-2.0,-11.5,-9.5,0.742602960303557,0.7867435158501441,0.0,0.4336904627327637,0.5373652996088234,0.5,0.5373652996088234,,,total,0
2025_18_LAC_DEN,2025,18,2026-01-04,REG,DEN,LAC,19.0,3.0,14.5,37.5,16.0,1.5,-15.5,0.681636125068523,0.9039548022598869,0.0,0.3987633476732397,0.5324536985531794,0.5,0.5324536985531794,,,total,0
2025_18_IND_HOU,2025,18,2026-01-04,REG,HOU,IND,38.0,30.0,9.5,37.5,8.0,-1.5,30.5,0.8141745647372951,0.8081570996978852,1.0,0.519297174006886,0.5490841215926281,0.5,0.5490841215926281,,,total,1
2025_18_TEN_JAX,2025,18,2026-01-04,REG,JAX,TEN,41.0,7.0,12.5,46.5,34.0,21.5,1.5,0.8979620795187826,0.8465011286681716,1.0,0.3701052218571341,0.5283112818444694,0.5,0.5283112818444694,,,total,1
2025_18_ARI_LA,2025,18,2026-01-04,REG,LA,ARI,37.0,20.0,14.5,49.5,17.0,2.5,7.5,0.8927669422016743,0.8933823529411765,1.0,0.5632499025318226,0.555097483616716,0.5,0.555097483616716,,,total,1
2025_18_KC_LV,2025,18,2026-01-04,REG,LV,KC,14.0,12.0,-3.5,36.5,2.0,5.5,-10.5,0.23259325443201995,0.33635187580853815,0.0,0.6276517813158278,0.5641574082069176,0.5,0.5641574082069176,,,total,0
2025_18_GB_MIN,2025,18,2026-01-04,REG,MIN,GB,16.0,3.0,12.5,37.5,13.0,0.5,-18.5,0.538450218157121,0.8316498316498315,0.0,0.480227885211691,0.5437641439324192,0.5,0.5437641439324192,,,total,0
2025_18_MIA_NE,2025,18,2026-01-04,REG,NE,MIA,38.0,10.0,14.0,44.5,28.0,14.0,3.5,0.742184972730209,0.8720930232558138,1.0,0.515713245673739,0.5485962026549804,0.5,0.5485962026549804,,,total,1
2025_18_DAL_NYG,2025,18,2026-01-04,REG,NYG,DAL,34.0,17.0,-3.0,50.5,17.0,20.0,0.5,0.40093765581614826,0.4003612281757977,1.0,0.43200821308971304,0.5371314178716622,0.5,0.5371314178716622,,,total,1
2025_18_WAS_PHI,2025,18,2026-01-04,REG,PHI,WAS,17.0,24.0,3.0,38.5,-7.0,-10.0,2.5,0.8570974050914081,0.6164383561643836,1.0,0.5186853164460739,0.5490008117110363,0.5,0.5490008117110363,,,total,1
2025_18_BAL_PIT,2025,18,2026-01-04,REG,PIT,BAL,26.0,24.0,-4.5,41.5,2.0,6.5,8.5,0.5049776368419925,0.33635187580853815,1.0,0.4189343358982411,0.5353053272946381,0.5,0.5353053272946381,,,total,1
2025_19_LA_CAR,2025,19,2026-01-10,WC,CAR,LA,31.0,34.0,-10.0,44.5,-3.0,7.0,20.5,0.22925291699005304,0.18813314037626627,1.0,0.37194043732604914,0.5285803125412916,0.5,0.5285803125412916,,,total,1
2025_19_GB_CHI,2025,19,2026-01-10,WC,CHI,GB,31.0,27.0,-2.5,45.5,4.0,6.5,12.5,0.5515531679531142,0.448558885283451,1.0,0.43578940226511614,0.5376567932525722,0.5,0.5376567932525722,,,total,1
2025_19_BUF_JAX,2025,19,2026-01-11,WC,JAX,BUF,24.0,27.0,1.5,51.5,-3.0,-4.5,-0.5,0.5077003331936701,0.5260865852617197,0.0,0.5879622431364797,0.5585254043413007,0.5,0.5585254043413007,,,total,0
2025_19_LAC_NE,2025,19,2026-01-11,WC,NE,LAC,16.0,3.0,3.5,45.5,13.0,9.5,-26.5,0.6330345582771708,0.6369041816941223,0.0,0.611519767993785,0.5618454163787885,0.5,0.5618454163787885,,,total,0
2025_19_SF_PHI,2025,19,2026-01-11,WC,PHI,SF,19.0,23.0,6.0,44.5,-4.0,-10.0,-2.5,0.6258319469215734,0.6957699520733487,0.0,0.5037305299216298,0.5469655057401424,0.5,0.5469655057401424,,,total,0
2025_19_HOU_PIT,2025,19,2026-01-12,WC,PIT,HOU,6.0,30.0,-3.0,38.5,-24.0,-21.0,-2.5,0.4062615888444625,0.4170073589533933,0.0,0.4599151966268208,0.5409852441736428,0.5,0.5409852441736428,,,total,0
2025_20_BUF_DEN,2025,20,2026-01-17,DIV,DEN,BUF,33.0,30.0,1.5,45.5,3.0,1.5,17.5,0.5636319101418112,0.5217391304347826,1.0,0.525380825719508,0.5499127841887099,0.5,0.5499127841887099,,,total,1
2025_20_SF_SEA,2025,20,2026-01-17,DIV,SEA,SF,41.0,6.0,6.5,44.5,35.0,28.5,2.5,0.7056565755632025,0.7220792588780237,1.0,0.6227662931890986,0.5634534850251665,0.5,0.5634534850251665,,,total,1
2025_20_LA_CHI,2025,20,2026-01-18,DIV,CHI,LA,17.0,20.0,-3.5,49.5,-3.0,0.5,-12.5,0.42083071057644056,0.35527082119976705,0.0,0.4939682878736414,0.5456367573497833,0.5,0.5456367573497833,,,total,0
2025_20_HOU_NE,2025,20,2026-01-18,DIV,NE,HOU,28.0,16.0,3.0,40.5,12.0,9.0,3.5,0.4730885724741077,0.6164383561643836,1.0,0.6814172696545485,0.5721783462731118,0.5,0.5721783462731118,,,total,1
2025_21_NE_DEN,2025,21,2026-01-25,CON,DEN,NE,7.0,10.0,-3.5,43.5,-3.0,0.5,-26.5,0.6210226621606386,0.35527082119976705,0.0,0.377630373212627,0.5294109211284574,0.5,0.5294109211284574,,,total,0
2025_21_LA_SEA,2025,21,2026-01-25,CON,SEA,LA,31.0,27.0,2.5,45.5,4.0,1.5,12.5,0.6481638684692081,0.5634920634920635,1.0,0.4384531890144067,0.5380262355160271,0.5,0.5380262355160271,,,total,1
2025_22_SEA_NE,2025,22,2026-02-08,SB,NE,SEA,13.0,29.0,-4.5,45.5,-16.0,-11.5,-3.5,0.40055161562171365,0.3249687530045188,0.0,0.5274975770355689,0.5502012731966723,0.5,0.5502012731966723,,,total,0
