model,log_loss,accuracy
full,0.8834540921730542,0.5921366163621922
elo_only,0.8826791767586268,0.5925337569499602
