model,log_loss,accuracy
full,0.8764392184917287,0.5976965845909452
elo_only,0.8826791767586268,0.5925337569499602
