model,log_loss,accuracy
full,0.8802583884361876,0.5980937251787133
elo_only,0.8826791767586268,0.5925337569499602
