season,team,week,n_first_rounders,n_top2_rounders,pct_drafted,roster_size,allpro_score,n_probowlers,n_top100
2002,ARI,1,2,9,0.6153846153846154,39,1.0,1,
2002,ARI,2,2,9,0.6410256410256411,39,1.0,1,
2002,ARI,3,3,10,0.6666666666666666,39,1.0,1,
2002,ARI,4,3,10,0.6666666666666666,39,1.0,1,
2002,ARI,5,3,10,0.6410256410256411,39,1.0,1,
2002,ARI,6,3,10,0.6410256410256411,39,1.0,1,
2002,ARI,7,3,10,0.6410256410256411,39,1.0,1,
2002,ARI,8,3,10,0.6410256410256411,39,1.0,1,
2002,ARI,9,3,10,0.625,40,1.0,1,
2002,ARI,10,3,10,0.6097560975609756,41,1.0,1,
2002,ARI,11,3,10,0.5952380952380952,42,1.0,1,
2002,ARI,12,3,10,0.5909090909090909,44,1.0,1,
2002,ARI,13,3,10,0.5909090909090909,44,1.0,1,
2002,ARI,14,3,10,0.5869565217391305,46,1.0,1,
2002,ARI,15,3,11,0.5833333333333334,48,1.0,1,
2002,ARI,16,3,11,0.5714285714285714,49,1.0,1,
2002,ARI,17,3,11,0.5283018867924528,53,1.0,1,
2002,ATL,1,9,15,0.8723404255319149,47,0.0,2,
2002,ATL,2,9,15,0.8695652173913043,46,0.0,2,
2002,ATL,3,9,15,0.8478260869565217,46,0.0,2,
2002,ATL,4,9,15,0.8478260869565217,46,0.0,2,
2002,ATL,5,9,15,0.8478260869565217,46,0.0,2,
2002,ATL,6,9,15,0.8478260869565217,46,0.0,2,
2002,ATL,7,9,15,0.8541666666666666,48,0.0,2,
2002,ATL,8,9,15,0.8541666666666666,48,0.0,2,
2002,ATL,9,9,15,0.8571428571428571,49,0.0,2,
2002,ATL,10,9,15,0.8571428571428571,49,0.0,2,
2002,ATL,11,9,15,0.8571428571428571,49,0.0,2,
2002,ATL,12,9,15,0.86,50,0.0,2,
2002,ATL,13,9,15,0.8627450980392157,51,0.0,2,
2002,ATL,14,9,15,0.8627450980392157,51,0.0,2,
2002,ATL,15,9,15,0.8627450980392157,51,0.0,2,
2002,ATL,16,9,15,0.8627450980392157,51,0.0,2,
2002,ATL,17,9,15,0.8627450980392157,51,0.0,2,
2002,ATL,18,9,15,0.8461538461538461,52,0.0,2,
2002,ATL,19,9,15,0.8301886792452831,53,0.0,2,
2002,BAL,1,7,9,0.7209302325581395,43,2.0,2,
2002,BAL,2,7,9,0.7111111111111111,45,2.0,2,
2002,BAL,3,7,9,0.7111111111111111,45,2.0,2,
2002,BAL,4,7,9,0.6956521739130435,46,2.0,2,
2002,BAL,5,7,9,0.6956521739130435,46,2.0,2,
2002,BAL,6,7,9,0.6956521739130435,46,2.0,2,
2002,BAL,7,7,9,0.6666666666666666,48,2.0,2,
2002,BAL,8,7,9,0.6666666666666666,48,2.0,2,
2002,BAL,9,7,9,0.6666666666666666,48,2.0,2,
2002,BAL,10,7,9,0.6666666666666666,48,2.0,2,
2002,BAL,11,7,9,0.6530612244897959,49,2.0,2,
2002,BAL,12,7,9,0.6530612244897959,49,2.0,2,
2002,BAL,13,7,9,0.6666666666666666,51,2.0,2,
2002,BAL,14,8,10,0.660377358490566,53,2.0,2,
2002,BAL,15,8,10,0.660377358490566,53,2.0,2,
2002,BAL,16,8,10,0.660377358490566,53,2.0,2,
2002,BAL,17,8,10,0.660377358490566,53,2.0,2,
2002,BUF,1,7,13,0.7346938775510204,49,1.0,3,
2002,BUF,2,7,13,0.7346938775510204,49,1.0,3,
2002,BUF,3,7,13,0.7346938775510204,49,1.0,3,
2002,BUF,4,7,13,0.7346938775510204,49,1.0,3,
2002,BUF,5,7,13,0.74,50,1.0,3,
2002,BUF,6,7,13,0.74,50,1.0,3,
2002,BUF,7,7,13,0.7254901960784313,51,1.0,3,
2002,BUF,8,7,13,0.7254901960784313,51,1.0,3,
2002,BUF,9,7,13,0.7254901960784313,51,1.0,3,
2002,BUF,10,7,13,0.7254901960784313,51,1.0,3,
2002,BUF,11,7,13,0.7254901960784313,51,1.0,3,
2002,BUF,12,7,13,0.7307692307692307,52,1.0,3,
2002,BUF,13,7,13,0.7307692307692307,52,1.0,3,
2002,BUF,14,7,13,0.7307692307692307,52,1.0,3,
2002,BUF,15,7,13,0.7307692307692307,52,1.0,3,
2002,BUF,16,7,13,0.7169811320754716,53,1.0,3,
2002,BUF,17,7,13,0.7169811320754716,53,1.0,3,
2002,CAR,1,2,11,0.7857142857142857,42,3.0,4,
2002,CAR,2,2,11,0.7857142857142857,42,3.0,4,
2002,CAR,3,2,11,0.7857142857142857,42,3.0,4,
2002,CAR,4,2,11,0.7727272727272727,44,3.0,4,
2002,CAR,5,2,11,0.7727272727272727,44,3.0,4,
2002,CAR,6,2,11,0.7111111111111111,45,3.0,4,
2002,CAR,7,2,11,0.717391304347826,46,3.0,4,
2002,CAR,8,2,11,0.7021276595744681,47,3.0,4,
2002,CAR,9,2,11,0.723404255319149,47,3.0,4,
2002,CAR,10,2,10,0.717391304347826,46,3.0,4,
2002,CAR,11,2,10,0.717391304347826,46,3.0,4,
2002,CAR,12,2,9,0.7111111111111111,45,3.0,4,
2002,CAR,13,2,9,0.7083333333333334,48,3.0,4,
2002,CAR,14,2,11,0.72,50,3.0,4,
2002,CAR,15,2,11,0.7254901960784313,51,3.0,4,
2002,CAR,16,2,11,0.7169811320754716,53,3.0,4,
2002,CAR,17,2,11,0.7169811320754716,53,3.0,4,
2002,CHI,1,2,3,0.8048780487804879,41,4.0,3,
2002,CHI,2,2,3,0.8048780487804879,41,4.0,3,
2002,CHI,3,2,3,0.8048780487804879,41,4.0,3,
2002,CHI,4,2,3,0.8095238095238095,42,4.0,3,
2002,CHI,5,2,3,0.813953488372093,43,4.0,3,
2002,CHI,6,2,3,0.7954545454545454,44,4.0,3,
2002,CHI,7,2,3,0.7954545454545454,44,4.0,3,
2002,CHI,8,2,3,0.7954545454545454,44,4.0,3,
2002,CHI,9,2,3,0.8,45,4.0,3,
2002,CHI,10,2,3,0.8,45,4.0,3,
2002,CHI,11,2,3,0.7446808510638298,47,4.0,3,
2002,CHI,12,2,3,0.75,48,4.0,3,
2002,CHI,13,3,4,0.76,50,4.0,3,
2002,CHI,14,3,4,0.76,50,4.0,3,
2002,CHI,15,3,4,0.7450980392156863,51,4.0,3,
2002,CHI,16,3,4,0.7169811320754716,53,4.0,3,
2002,CHI,17,3,4,0.7169811320754716,53,4.0,3,
2002,CIN,1,9,13,0.8181818181818182,44,0.0,1,
2002,CIN,2,9,13,0.8181818181818182,44,0.0,1,
2002,CIN,3,9,13,0.8181818181818182,44,0.0,1,
2002,CIN,4,9,13,0.8181818181818182,44,0.0,1,
2002,CIN,5,9,13,0.8,45,0.0,1,
2002,CIN,6,9,13,0.8,45,0.0,1,
2002,CIN,7,9,13,0.8,45,0.0,1,
2002,CIN,8,9,13,0.8,45,0.0,1,
2002,CIN,9,9,13,0.782608695652174,46,0.0,1,
2002,CIN,10,9,13,0.7659574468085106,47,0.0,1,
2002,CIN,11,9,13,0.7551020408163265,49,0.0,1,
2002,CIN,12,9,13,0.7755102040816326,49,0.0,1,
2002,CIN,13,9,13,0.76,50,0.0,1,
2002,CIN,14,9,13,0.76,50,0.0,1,
2002,CIN,15,9,13,0.7647058823529411,51,0.0,1,
2002,CIN,16,9,13,0.7692307692307693,52,0.0,1,
2002,CIN,17,9,13,0.7547169811320755,53,0.0,1,
2002,CLE,1,7,12,0.7021276595744681,47,1.0,1,
2002,CLE,2,7,12,0.7021276595744681,47,1.0,1,
2002,CLE,3,7,12,0.7021276595744681,47,1.0,1,
2002,CLE,4,7,12,0.7021276595744681,47,1.0,1,
2002,CLE,5,7,12,0.723404255319149,47,1.0,1,
2002,CLE,6,7,12,0.7291666666666666,48,1.0,1,
2002,CLE,7,7,12,0.7291666666666666,48,1.0,1,
2002,CLE,8,7,12,0.7346938775510204,49,1.0,1,
2002,CLE,9,7,12,0.7346938775510204,49,1.0,1,
2002,CLE,10,7,12,0.7346938775510204,49,1.0,1,
2002,CLE,11,7,12,0.7346938775510204,49,1.0,1,
2002,CLE,12,7,12,0.72,50,1.0,1,
2002,CLE,13,7,12,0.7115384615384616,52,1.0,1,
2002,CLE,14,7,12,0.7115384615384616,52,1.0,1,
2002,CLE,15,7,12,0.7115384615384616,52,1.0,1,
2002,CLE,16,7,12,0.7115384615384616,52,1.0,1,
2002,CLE,17,7,12,0.7115384615384616,52,1.0,1,
2002,CLE,18,7,12,0.6981132075471698,53,1.0,1,
2002,DAL,1,8,16,0.74,50,1.0,2,
2002,DAL,2,7,16,0.7254901960784313,51,1.0,2,
2002,DAL,3,6,15,0.72,50,1.0,2,
2002,DAL,4,6,15,0.72,50,1.0,2,
2002,DAL,5,6,15,0.72,50,1.0,2,
2002,DAL,6,6,15,0.7,50,1.0,2,
2002,DAL,7,6,15,0.6938775510204082,49,1.0,2,
2002,DAL,8,6,15,0.68,50,1.0,2,
2002,DAL,9,6,15,0.68,50,1.0,2,
2002,DAL,10,6,15,0.68,50,1.0,2,
2002,DAL,11,6,15,0.68,50,1.0,2,
2002,DAL,12,6,15,0.6730769230769231,52,1.0,2,
2002,DAL,13,6,15,0.660377358490566,53,1.0,2,
2002,DAL,14,6,15,0.660377358490566,53,1.0,2,
2002,DAL,15,6,15,0.660377358490566,53,1.0,2,
2002,DAL,16,6,15,0.660377358490566,53,1.0,2,
2002,DAL,17,6,15,0.660377358490566,53,1.0,2,
2002,DEN,1,9,15,0.7647058823529411,51,5.0,9,
2002,DEN,2,9,15,0.7647058823529411,51,5.0,9,
2002,DEN,3,9,15,0.7647058823529411,51,5.0,9,
2002,DEN,4,9,15,0.7647058823529411,51,5.0,9,
2002,DEN,5,9,15,0.7647058823529411,51,5.0,9,
2002,DEN,6,9,15,0.7647058823529411,51,5.0,9,
2002,DEN,7,9,14,0.76,50,5.0,9,
2002,DEN,8,9,15,0.7647058823529411,51,5.0,9,
2002,DEN,9,9,15,0.76,50,5.0,9,
2002,DEN,10,9,15,0.75,52,5.0,9,
2002,DEN,11,9,15,0.75,52,5.0,9,
2002,DEN,12,9,15,0.75,52,5.0,9,
2002,DEN,13,9,15,0.75,52,5.0,9,
2002,DEN,14,9,15,0.75,52,5.0,9,
2002,DEN,15,9,15,0.7547169811320755,53,5.0,9,
2002,DEN,16,9,15,0.7547169811320755,53,5.0,9,
2002,DEN,17,9,15,0.7547169811320755,53,5.0,9,
2002,DET,1,7,14,0.5909090909090909,44,2.0,2,
2002,DET,2,7,14,0.5909090909090909,44,2.0,2,
2002,DET,3,7,14,0.5909090909090909,44,2.0,2,
2002,DET,4,7,14,0.5777777777777777,45,2.0,2,
2002,DET,5,7,14,0.5909090909090909,44,2.0,2,
2002,DET,6,7,14,0.5909090909090909,44,2.0,2,
2002,DET,7,7,15,0.6,45,2.0,2,
2002,DET,8,7,15,0.5869565217391305,46,2.0,2,
2002,DET,9,7,15,0.5869565217391305,46,2.0,2,
2002,DET,10,7,15,0.574468085106383,47,2.0,2,
2002,DET,11,7,16,0.5833333333333334,48,2.0,2,
2002,DET,12,7,16,0.5833333333333334,48,2.0,2,
2002,DET,13,7,16,0.5714285714285714,49,2.0,2,
2002,DET,14,7,16,0.56,50,2.0,2,
2002,DET,15,7,16,0.5686274509803921,51,2.0,2,
2002,DET,16,7,16,0.5471698113207547,53,2.0,2,
2002,DET,17,7,16,0.5471698113207547,53,2.0,2,
2002,GB,1,7,11,0.782608695652174,46,4.0,4,
2002,GB,2,7,11,0.7872340425531915,47,4.0,4,
2002,GB,3,7,11,0.7872340425531915,47,4.0,4,
2002,GB,4,7,11,0.7708333333333334,48,4.0,4,
2002,GB,5,7,12,0.7755102040816326,49,4.0,4,
2002,GB,6,8,12,0.7647058823529411,51,4.0,4,
2002,GB,7,8,13,0.7843137254901961,51,4.0,4,
2002,GB,8,8,13,0.78,50,4.0,4,
2002,GB,9,8,13,0.78,50,4.0,4,
2002,GB,10,8,13,0.78,50,4.0,4,
2002,GB,11,8,13,0.78,50,4.0,4,
2002,GB,12,8,13,0.78,50,4.0,4,
2002,GB,13,8,13,0.78,50,4.0,4,
2002,GB,14,8,13,0.78,50,4.0,4,
2002,GB,15,7,11,0.7755102040816326,49,3.0,4,
2002,GB,16,7,11,0.76,50,3.0,4,
2002,GB,17,8,12,0.7692307692307693,52,3.0,4,
2002,GB,18,8,13,0.7735849056603774,53,3.0,4,
2002,HOU,1,3,9,0.7209302325581395,43,2.0,3,
2002,HOU,2,3,9,0.7272727272727273,44,2.0,3,
2002,HOU,3,3,9,0.7333333333333333,45,2.0,3,
2002,HOU,4,3,9,0.7441860465116279,43,2.0,3,
2002,HOU,5,3,9,0.7441860465116279,43,2.0,3,
2002,HOU,6,3,9,0.7441860465116279,43,2.0,3,
2002,HOU,7,3,9,0.7727272727272727,44,2.0,3,
2002,HOU,8,3,9,0.7777777777777778,45,2.0,3,
2002,HOU,9,3,9,0.7608695652173914,46,2.0,3,
2002,HOU,10,3,9,0.7608695652173914,46,2.0,3,
2002,HOU,11,3,9,0.7608695652173914,46,2.0,3,
2002,HOU,12,3,9,0.7608695652173914,46,2.0,3,
2002,HOU,13,3,9,0.75,48,2.0,3,
2002,HOU,14,3,9,0.7551020408163265,49,2.0,3,
2002,HOU,15,3,9,0.7551020408163265,49,2.0,3,
2002,HOU,16,3,9,0.7450980392156863,51,2.0,3,
2002,HOU,17,3,9,0.7169811320754716,53,2.0,3,
2002,IND,1,8,13,0.673469387755102,49,3.0,3,
2002,IND,2,8,13,0.68,50,3.0,3,
2002,IND,3,8,13,0.68,50,3.0,3,
2002,IND,4,8,13,0.6862745098039216,51,3.0,3,
2002,IND,5,8,13,0.7058823529411765,51,3.0,3,
2002,IND,6,8,13,0.7058823529411765,51,3.0,3,
2002,IND,7,8,13,0.7058823529411765,51,3.0,3,
2002,IND,8,8,13,0.7058823529411765,51,3.0,3,
2002,IND,9,8,13,0.7058823529411765,51,3.0,3,
2002,IND,10,8,13,0.72,50,3.0,3,
2002,IND,11,8,13,0.7,50,3.0,3,
2002,IND,12,8,13,0.6862745098039216,51,3.0,3,
2002,IND,13,8,13,0.6862745098039216,51,3.0,3,
2002,IND,14,8,13,0.6730769230769231,52,3.0,3,
2002,IND,15,8,13,0.6730769230769231,52,3.0,3,
2002,IND,16,8,13,0.6730769230769231,52,3.0,3,
2002,IND,17,8,13,0.660377358490566,53,3.0,3,
2002,IND,18,8,13,0.660377358490566,53,3.0,3,
2002,JAX,1,9,15,0.717391304347826,46,0.0,2,
2002,JAX,2,9,15,0.7021276595744681,47,0.0,2,
2002,JAX,3,9,15,0.7021276595744681,47,0.0,2,
2002,JAX,4,9,15,0.7021276595744681,47,0.0,2,
2002,JAX,5,9,15,0.7021276595744681,47,0.0,2,
2002,JAX,6,9,15,0.7021276595744681,47,0.0,2,
2002,JAX,7,9,15,0.7,50,0.0,2,
2002,JAX,8,9,15,0.6938775510204082,49,0.0,2,
2002,JAX,9,9,16,0.7,50,0.0,2,
2002,JAX,10,9,16,0.7,50,0.0,2,
2002,JAX,11,9,16,0.7,50,0.0,2,
2002,JAX,12,9,16,0.7,50,0.0,2,
2002,JAX,13,9,16,0.7,50,0.0,2,
2002,JAX,14,9,16,0.6923076923076923,52,0.0,2,
2002,JAX,15,9,16,0.6923076923076923,52,0.0,2,
2002,JAX,16,9,16,0.6981132075471698,53,0.0,2,
2002,JAX,17,9,16,0.6851851851851852,54,0.0,2,
2002,KC,1,6,12,0.7777777777777778,45,4.0,4,
2002,KC,2,6,12,0.7777777777777778,45,4.0,4,
2002,KC,3,6,12,0.7777777777777778,45,4.0,4,
2002,KC,4,6,12,0.7777777777777778,45,4.0,4,
2002,KC,5,6,12,0.7777777777777778,45,4.0,4,
2002,KC,6,6,12,0.7608695652173914,46,4.0,4,
2002,KC,7,6,12,0.7446808510638298,47,4.0,4,
2002,KC,8,6,12,0.7446808510638298,47,4.0,4,
2002,KC,9,6,12,0.7608695652173914,46,4.0,4,
2002,KC,10,6,12,0.7608695652173914,46,4.0,4,
2002,KC,11,6,12,0.7608695652173914,46,4.0,4,
2002,KC,12,6,12,0.7446808510638298,47,4.0,4,
2002,KC,13,6,12,0.7446808510638298,47,4.0,4,
2002,KC,14,6,12,0.7346938775510204,49,4.0,4,
2002,KC,15,6,12,0.7254901960784313,51,4.0,4,
2002,KC,16,6,12,0.7115384615384616,52,4.0,4,
2002,KC,17,6,12,0.6981132075471698,53,4.0,4,
2002,MIA,1,4,10,0.7021276595744681,47,5.0,5,
2002,MIA,2,4,10,0.723404255319149,47,5.0,5,
2002,MIA,3,4,10,0.723404255319149,47,5.0,5,
2002,MIA,4,4,10,0.7291666666666666,48,5.0,5,
2002,MIA,5,4,10,0.7142857142857143,49,5.0,5,
2002,MIA,6,4,10,0.7142857142857143,49,5.0,5,
2002,MIA,7,4,10,0.6938775510204082,49,5.0,5,
2002,MIA,8,4,10,0.7,50,5.0,6,
2002,MIA,9,4,10,0.7,50,5.0,6,
2002,MIA,10,4,10,0.6862745098039216,51,5.0,6,
2002,MIA,11,4,10,0.6862745098039216,51,5.0,6,
2002,MIA,12,4,10,0.6923076923076923,52,5.0,6,
2002,MIA,13,4,10,0.6923076923076923,52,5.0,6,
2002,MIA,14,4,10,0.7115384615384616,52,5.0,6,
2002,MIA,15,4,10,0.7115384615384616,52,5.0,6,
2002,MIA,16,4,10,0.6981132075471698,53,5.0,6,
2002,MIA,17,4,10,0.6981132075471698,53,5.0,6,
2002,MIN,1,4,9,0.7391304347826086,46,3.0,4,
2002,MIN,2,4,9,0.7446808510638298,47,3.0,4,
2002,MIN,3,4,9,0.7446808510638298,47,3.0,4,
2002,MIN,4,4,9,0.7659574468085106,47,3.0,4,
2002,MIN,5,4,9,0.7708333333333334,48,3.0,4,
2002,MIN,6,4,9,0.7708333333333334,48,3.0,4,
2002,MIN,7,4,9,0.7708333333333334,48,3.0,4,
2002,MIN,8,4,9,0.7755102040816326,49,3.0,4,
2002,MIN,9,4,9,0.76,50,3.0,4,
2002,MIN,10,5,10,0.75,52,3.0,4,
2002,MIN,11,5,10,0.75,52,3.0,4,
2002,MIN,12,5,10,0.75,52,3.0,4,
2002,MIN,13,5,10,0.75,52,3.0,4,
2002,MIN,14,5,10,0.75,52,3.0,4,
2002,MIN,15,5,10,0.75,52,3.0,4,
2002,MIN,16,5,10,0.7358490566037735,53,3.0,4,
2002,MIN,17,5,10,0.7358490566037735,53,3.0,4,
2002,NE,1,7,17,0.717391304347826,46,3.0,5,
2002,NE,2,7,17,0.7021276595744681,47,3.0,5,
2002,NE,3,7,17,0.717391304347826,46,3.0,5,
2002,NE,4,7,17,0.717391304347826,46,3.0,5,
2002,NE,5,7,17,0.717391304347826,46,3.0,5,
2002,NE,6,7,17,0.717391304347826,46,3.0,5,
2002,NE,7,7,17,0.717391304347826,46,3.0,5,
2002,NE,8,7,17,0.717391304347826,46,3.0,5,
2002,NE,9,7,17,0.717391304347826,46,3.0,5,
2002,NE,10,7,17,0.723404255319149,47,3.0,5,
2002,NE,11,7,17,0.7291666666666666,48,3.0,5,
2002,NE,12,7,17,0.7291666666666666,48,3.0,5,
2002,NE,13,7,17,0.7291666666666666,48,3.0,5,
2002,NE,14,7,17,0.7346938775510204,49,3.0,5,
2002,NE,15,7,17,0.72,50,3.0,5,
2002,NE,16,7,17,0.72,50,3.0,5,
2002,NE,17,7,17,0.7169811320754716,53,3.0,5,
2002,NO,1,4,9,0.66,50,2.0,2,
2002,NO,2,5,10,0.6470588235294118,51,2.0,2,
2002,NO,3,5,10,0.6274509803921569,51,2.0,2,
2002,NO,4,5,10,0.6153846153846154,52,2.0,2,
2002,NO,5,5,10,0.6153846153846154,52,2.0,2,
2002,NO,6,5,10,0.6153846153846154,52,2.0,2,
2002,NO,7,5,10,0.6274509803921569,51,2.0,2,
2002,NO,8,5,10,0.6274509803921569,51,2.0,2,
2002,NO,9,5,10,0.6274509803921569,51,2.0,2,
2002,NO,10,6,11,0.6470588235294118,51,2.0,2,
2002,NO,11,6,11,0.6470588235294118,51,2.0,2,
2002,NO,12,6,11,0.6470588235294118,51,2.0,2,
2002,NO,13,6,11,0.6470588235294118,51,2.0,2,
2002,NO,14,6,11,0.6346153846153846,52,2.0,2,
2002,NO,15,6,11,0.6346153846153846,52,2.0,2,
2002,NO,16,6,11,0.6226415094339622,53,2.0,2,
2002,NO,17,6,11,0.6226415094339622,53,2.0,2,
2002,NYG,1,7,13,0.6136363636363636,44,1.0,1,
2002,NYG,2,7,13,0.6136363636363636,44,1.0,1,
2002,NYG,3,7,13,0.6136363636363636,44,1.0,1,
2002,NYG,4,7,13,0.6136363636363636,44,1.0,1,
2002,NYG,5,7,13,0.6136363636363636,44,1.0,1,
2002,NYG,6,7,13,0.5909090909090909,44,1.0,1,
2002,NYG,7,7,13,0.6,45,1.0,1,
2002,NYG,8,7,13,0.5869565217391305,46,1.0,1,
2002,NYG,9,7,13,0.5625,48,1.0,1,
2002,NYG,10,7,13,0.5625,48,1.0,1,
2002,NYG,11,7,13,0.5510204081632653,49,1.0,1,
2002,NYG,12,7,14,0.5714285714285714,49,1.0,1,
2002,NYG,13,7,14,0.5714285714285714,49,1.0,1,
2002,NYG,14,7,14,0.5686274509803921,51,1.0,1,
2002,NYG,15,7,14,0.5686274509803921,51,1.0,1,
2002,NYG,16,7,15,0.5769230769230769,52,1.0,1,
2002,NYG,17,7,15,0.5769230769230769,52,1.0,1,
2002,NYG,18,7,15,0.5849056603773585,53,1.0,1,
2002,NYJ,1,8,15,0.76,50,5.0,7,
2002,NYJ,2,8,15,0.7647058823529411,51,5.0,7,
2002,NYJ,3,8,15,0.7647058823529411,51,5.0,7,
2002,NYJ,4,8,15,0.7647058823529411,51,5.0,7,
2002,NYJ,5,8,15,0.7647058823529411,51,5.0,7,
2002,NYJ,6,8,15,0.7692307692307693,52,5.0,7,
2002,NYJ,7,8,15,0.7735849056603774,53,5.0,7,
2002,NYJ,8,8,15,0.7735849056603774,53,5.0,7,
2002,NYJ,9,8,15,0.7735849056603774,53,5.0,7,
2002,NYJ,10,8,15,0.7735849056603774,53,5.0,7,
2002,NYJ,11,8,15,0.7735849056603774,53,5.0,7,
2002,NYJ,12,8,15,0.7547169811320755,53,5.0,7,
2002,NYJ,13,8,15,0.7547169811320755,53,5.0,7,
2002,NYJ,14,8,15,0.7547169811320755,53,5.0,7,
2002,NYJ,15,8,15,0.7547169811320755,53,5.0,7,
2002,NYJ,16,8,15,0.7547169811320755,53,5.0,7,
2002,NYJ,17,8,15,0.7547169811320755,53,5.0,7,
2002,NYJ,18,8,15,0.7547169811320755,53,5.0,7,
2002,NYJ,19,8,15,0.7547169811320755,53,5.0,7,
2002,OAK,1,13,22,0.8666666666666667,45,6.0,8,
2002,OAK,2,13,22,0.8666666666666667,45,6.0,8,
2002,OAK,3,13,22,0.8666666666666667,45,6.0,8,
2002,OAK,4,13,22,0.8695652173913043,46,6.0,8,
2002,OAK,5,13,22,0.8695652173913043,46,6.0,8,
2002,OAK,6,13,22,0.851063829787234,47,6.0,8,
2002,OAK,7,13,22,0.851063829787234,47,6.0,8,
2002,OAK,8,13,22,0.8541666666666666,48,6.0,8,
2002,OAK,9,13,22,0.875,48,6.0,8,
2002,OAK,10,13,22,0.8723404255319149,47,6.0,8,
2002,OAK,11,13,22,0.8723404255319149,47,6.0,8,
2002,OAK,12,14,23,0.8541666666666666,48,6.0,8,
2002,OAK,13,14,23,0.8541666666666666,48,6.0,8,
2002,OAK,14,14,23,0.8571428571428571,49,6.0,8,
2002,OAK,15,15,24,0.8571428571428571,49,7.0,8,
2002,OAK,16,15,24,0.8571428571428571,49,7.0,8,
2002,OAK,17,15,24,0.8571428571428571,49,7.0,8,
2002,OAK,18,15,24,0.8571428571428571,49,7.0,8,
2002,OAK,19,15,24,0.8571428571428571,49,7.0,8,
2002,OAK,20,15,24,0.8627450980392157,51,7.0,8,
2002,OAK,21,15,24,0.8679245283018868,53,7.0,8,
2002,PHI,1,8,16,0.8,50,6.0,8,
2002,PHI,2,8,16,0.7959183673469388,49,6.0,8,
2002,PHI,3,8,16,0.7959183673469388,49,6.0,8,
2002,PHI,4,8,16,0.7708333333333334,48,6.0,8,
2002,PHI,5,8,16,0.7708333333333334,48,6.0,8,
2002,PHI,6,8,16,0.7755102040816326,49,6.0,8,
2002,PHI,7,8,16,0.7755102040816326,49,6.0,8,
2002,PHI,8,8,16,0.7843137254901961,51,6.0,8,
2002,PHI,9,8,16,0.7843137254901961,51,6.0,8,
2002,PHI,10,8,16,0.7692307692307693,52,6.0,8,
2002,PHI,11,8,16,0.7692307692307693,52,6.0,8,
2002,PHI,12,8,16,0.7692307692307693,52,6.0,8,
2002,PHI,13,8,16,0.7692307692307693,52,6.0,8,
2002,PHI,14,8,16,0.7692307692307693,52,6.0,8,
2002,PHI,15,8,16,0.7692307692307693,52,6.0,8,
2002,PHI,16,8,16,0.7735849056603774,53,6.0,8,
2002,PHI,17,8,16,0.7735849056603774,53,6.0,8,
2002,PHI,18,8,16,0.7735849056603774,53,6.0,8,
2002,PHI,19,8,16,0.7735849056603774,53,6.0,8,
2002,PHI,20,8,16,0.7735849056603774,53,6.0,8,
2002,PIT,1,11,17,0.8478260869565217,46,4.0,6,
2002,PIT,2,11,17,0.8297872340425532,47,4.0,6,
2002,PIT,3,11,17,0.8297872340425532,47,4.0,6,
2002,PIT,4,11,17,0.8478260869565217,46,4.0,6,
2002,PIT,5,11,17,0.8478260869565217,46,4.0,6,
2002,PIT,6,11,17,0.8478260869565217,46,4.0,6,
2002,PIT,7,11,17,0.8478260869565217,46,4.0,6,
2002,PIT,8,11,17,0.8478260869565217,46,4.0,6,
2002,PIT,9,11,17,0.8478260869565217,46,4.0,6,
2002,PIT,10,11,17,0.8478260869565217,46,4.0,6,
2002,PIT,11,11,17,0.8478260869565217,46,4.0,6,
2002,PIT,12,11,17,0.8125,48,4.0,6,
2002,PIT,13,11,17,0.8125,48,4.0,6,
2002,PIT,14,11,17,0.7959183673469388,49,4.0,6,
2002,PIT,15,11,18,0.8,50,4.0,6,
2002,PIT,16,11,18,0.7692307692307693,52,4.0,6,
2002,PIT,17,11,18,0.7692307692307693,52,4.0,6,
2002,PIT,18,11,18,0.7692307692307693,52,4.0,6,
2002,PIT,19,11,18,0.7547169811320755,53,4.0,6,
2002,SD,1,4,14,0.6888888888888889,45,4.0,6,
2002,SD,2,4,14,0.6888888888888889,45,4.0,6,
2002,SD,3,5,15,0.6956521739130435,46,4.0,6,
2002,SD,4,5,15,0.6808510638297872,47,4.0,6,
2002,SD,5,5,15,0.6666666666666666,48,4.0,6,
2002,SD,6,5,15,0.6875,48,4.0,6,
2002,SD,7,5,15,0.673469387755102,49,4.0,6,
2002,SD,8,5,15,0.673469387755102,49,4.0,6,
2002,SD,9,5,15,0.6666666666666666,48,3.0,5,
2002,SD,10,5,15,0.673469387755102,49,4.0,6,
2002,SD,11,5,15,0.66,50,4.0,6,
2002,SD,12,5,15,0.6666666666666666,51,4.0,6,
2002,SD,13,5,15,0.6666666666666666,51,4.0,6,
2002,SD,14,5,15,0.6538461538461539,52,4.0,6,
2002,SD,15,5,15,0.6538461538461539,52,4.0,6,
2002,SD,16,5,15,0.6415094339622641,53,4.0,6,
2002,SD,17,5,15,0.6415094339622641,53,4.0,6,
2002,SEA,1,5,11,0.782608695652174,46,1.0,1,
2002,SEA,2,5,11,0.782608695652174,46,1.0,1,
2002,SEA,3,6,12,0.8043478260869565,46,2.0,2,
2002,SEA,4,6,12,0.8260869565217391,46,2.0,2,
2002,SEA,5,6,12,0.8260869565217391,46,2.0,2,
2002,SEA,6,6,12,0.8260869565217391,46,2.0,2,
2002,SEA,7,6,12,0.8260869565217391,46,2.0,2,
2002,SEA,8,6,12,0.8260869565217391,46,2.0,2,
2002,SEA,9,7,13,0.8333333333333334,48,2.0,2,
2002,SEA,10,7,13,0.8333333333333334,48,2.0,2,
2002,SEA,11,7,13,0.82,50,2.0,2,
2002,SEA,12,7,14,0.82,50,2.0,2,
2002,SEA,13,7,14,0.82,50,2.0,2,
2002,SEA,14,7,14,0.803921568627451,51,2.0,2,
2002,SEA,15,7,14,0.7884615384615384,52,2.0,2,
2002,SEA,16,7,14,0.7735849056603774,53,2.0,2,
2002,SEA,17,7,14,0.7735849056603774,53,2.0,2,
2002,SF,1,8,13,0.7727272727272727,44,2.0,5,
2002,SF,2,8,13,0.7954545454545454,44,2.0,5,
2002,SF,3,8,13,0.7954545454545454,44,2.0,5,
2002,SF,4,8,13,0.7608695652173914,46,2.0,5,
2002,SF,5,8,13,0.7608695652173914,46,2.0,5,
2002,SF,6,8,13,0.7555555555555555,45,2.0,5,
2002,SF,7,8,13,0.7608695652173914,46,2.0,5,
2002,SF,8,8,13,0.7391304347826086,46,2.0,5,
2002,SF,9,8,13,0.7391304347826086,46,2.0,5,
2002,SF,10,8,13,0.7446808510638298,47,2.0,5,
2002,SF,11,8,13,0.75,48,2.0,5,
2002,SF,12,8,13,0.75,48,2.0,5,
2002,SF,13,8,13,0.75,48,2.0,5,
2002,SF,14,8,13,0.7346938775510204,49,2.0,5,
2002,SF,15,8,13,0.72,50,2.0,5,
2002,SF,16,8,13,0.72,50,2.0,5,
2002,SF,17,8,13,0.7058823529411765,51,2.0,5,
2002,SF,18,8,13,0.7115384615384616,52,2.0,5,
2002,SF,19,8,13,0.7169811320754716,53,2.0,5,
2002,STL,1,10,17,0.7777777777777778,45,4.0,5,
2002,STL,2,10,17,0.7608695652173914,46,4.0,5,
2002,STL,3,10,17,0.7608695652173914,46,4.0,5,
2002,STL,4,10,17,0.7446808510638298,47,4.0,5,
2002,STL,5,10,17,0.7659574468085106,47,4.0,5,
2002,STL,6,10,17,0.7659574468085106,47,4.0,5,
2002,STL,7,10,17,0.75,48,4.0,5,
2002,STL,8,10,17,0.7346938775510204,49,4.0,5,
2002,STL,9,10,17,0.7346938775510204,49,4.0,5,
2002,STL,10,10,17,0.74,50,4.0,5,
2002,STL,11,10,17,0.74,50,4.0,5,
2002,STL,12,10,17,0.74,50,4.0,5,
2002,STL,13,10,17,0.7254901960784313,51,4.0,5,
2002,STL,14,10,17,0.7115384615384616,52,4.0,5,
2002,STL,15,10,17,0.6981132075471698,53,4.0,5,
2002,STL,16,10,17,0.6981132075471698,53,4.0,5,
2002,STL,17,10,17,0.6981132075471698,53,4.0,5,
2002,TB,1,6,13,0.7872340425531915,47,5.0,9,
2002,TB,2,6,13,0.7872340425531915,47,5.0,9,
2002,TB,3,7,14,0.7872340425531915,47,5.0,9,
2002,TB,4,7,13,0.7659574468085106,47,5.0,9,
2002,TB,5,7,13,0.7659574468085106,47,5.0,9,
2002,TB,6,7,13,0.7659574468085106,47,5.0,9,
2002,TB,7,7,13,0.75,48,5.0,9,
2002,TB,8,7,13,0.75,48,5.0,9,
2002,TB,9,7,13,0.7346938775510204,49,5.0,9,
2002,TB,10,7,13,0.7142857142857143,49,5.0,9,
2002,TB,11,7,13,0.7,50,5.0,9,
2002,TB,12,7,13,0.7,50,5.0,9,
2002,TB,13,7,13,0.7058823529411765,51,5.0,9,
2002,TB,14,7,13,0.7058823529411765,51,5.0,9,
2002,TB,15,7,13,0.7058823529411765,51,5.0,9,
2002,TB,16,7,13,0.6923076923076923,52,5.0,9,
2002,TB,17,7,13,0.6923076923076923,52,5.0,9,
2002,TB,18,7,13,0.6923076923076923,52,5.0,9,
2002,TB,19,7,13,0.6792452830188679,53,5.0,9,
2002,TB,20,7,13,0.6792452830188679,53,5.0,9,
2002,TB,21,7,13,0.6792452830188679,53,5.0,9,
2002,TEN,1,8,14,0.88,50,6.0,7,
2002,TEN,2,8,14,0.88,50,6.0,7,
2002,TEN,3,8,14,0.88,50,6.0,7,
2002,TEN,4,8,14,0.88,50,6.0,7,
2002,TEN,5,8,14,0.88,50,6.0,7,
2002,TEN,6,8,14,0.88,50,6.0,7,
2002,TEN,7,8,14,0.88,50,6.0,7,
2002,TEN,8,8,14,0.88,50,6.0,7,
2002,TEN,9,8,14,0.8627450980392157,51,6.0,7,
2002,TEN,10,8,14,0.8627450980392157,51,6.0,7,
2002,TEN,11,8,14,0.8627450980392157,51,6.0,7,
2002,TEN,12,8,14,0.8627450980392157,51,6.0,7,
2002,TEN,13,8,14,0.8653846153846154,52,6.0,7,
2002,TEN,14,8,14,0.8653846153846154,52,6.0,7,
2002,TEN,15,8,14,0.8653846153846154,52,6.0,7,
2002,TEN,16,8,14,0.8490566037735849,53,6.0,7,
2002,TEN,17,8,14,0.8490566037735849,53,6.0,7,
2002,TEN,18,8,14,0.8490566037735849,53,6.0,7,
2002,TEN,19,8,14,0.8490566037735849,53,6.0,7,
2002,TEN,20,8,14,0.8490566037735849,53,6.0,7,
2002,WAS,1,9,15,0.6739130434782609,46,4.0,5,
2002,WAS,2,9,15,0.6739130434782609,46,4.0,5,
2002,WAS,3,9,15,0.6739130434782609,46,4.0,5,
2002,WAS,4,9,15,0.6739130434782609,46,4.0,5,
2002,WAS,5,9,15,0.6739130434782609,46,4.0,5,
2002,WAS,6,9,15,0.6739130434782609,46,4.0,5,
2002,WAS,7,9,15,0.6739130434782609,46,4.0,5,
2002,WAS,8,9,16,0.6956521739130435,46,4.0,5,
2002,WAS,9,9,15,0.6888888888888889,45,4.0,5,
2002,WAS,10,9,15,0.6888888888888889,45,4.0,5,
2002,WAS,11,9,14,0.6666666666666666,45,4.0,5,
2002,WAS,12,9,14,0.6304347826086957,46,4.0,5,
2002,WAS,13,9,14,0.6304347826086957,46,4.0,5,
2002,WAS,14,9,14,0.6326530612244898,49,4.0,5,
2002,WAS,15,9,14,0.6326530612244898,49,4.0,5,
2002,WAS,16,9,14,0.64,50,4.0,5,
2002,WAS,17,9,14,0.6037735849056604,53,4.0,5,
2003,ARI,1,7,13,0.6956521739130435,46,1.0,1,
2003,ARI,2,7,13,0.6956521739130435,46,1.0,1,
2003,ARI,3,7,13,0.717391304347826,46,1.0,1,
2003,ARI,4,7,13,0.717391304347826,46,1.0,1,
2003,ARI,5,7,13,0.723404255319149,47,1.0,1,
2003,ARI,6,7,13,0.723404255319149,47,1.0,1,
2003,ARI,7,7,13,0.723404255319149,47,1.0,1,
2003,ARI,8,7,13,0.723404255319149,47,1.0,1,
2003,ARI,9,7,13,0.723404255319149,47,1.0,1,
2003,ARI,10,7,13,0.7291666666666666,48,1.0,1,
2003,ARI,11,7,13,0.7346938775510204,49,1.0,1,
2003,ARI,12,7,13,0.72,50,1.0,1,
2003,ARI,13,7,13,0.7058823529411765,51,1.0,1,
2003,ARI,14,7,13,0.7058823529411765,51,1.0,1,
2003,ARI,15,7,13,0.7058823529411765,51,1.0,1,
2003,ARI,16,7,13,0.6792452830188679,53,1.0,1,
2003,ARI,17,7,13,0.6792452830188679,53,1.0,1,
2003,ATL,1,5,9,0.7272727272727273,44,1.0,2,
2003,ATL,2,5,9,0.7272727272727273,44,1.0,2,
2003,ATL,3,5,9,0.7272727272727273,44,1.0,2,
2003,ATL,4,5,9,0.7272727272727273,44,1.0,2,
2003,ATL,5,5,9,0.7333333333333333,45,1.0,2,
2003,ATL,6,5,9,0.7555555555555555,45,1.0,2,
2003,ATL,7,5,9,0.7555555555555555,45,1.0,2,
2003,ATL,8,5,9,0.7555555555555555,45,1.0,2,
2003,ATL,9,5,9,0.7608695652173914,46,1.0,2,
2003,ATL,10,5,9,0.7446808510638298,47,1.0,2,
2003,ATL,11,5,9,0.7446808510638298,47,1.0,2,
2003,ATL,12,5,9,0.7291666666666666,48,1.0,2,
2003,ATL,13,5,9,0.7291666666666666,48,1.0,2,
2003,ATL,14,5,9,0.7346938775510204,49,1.0,2,
2003,ATL,15,5,9,0.72,50,1.0,2,
2003,ATL,16,5,9,0.6923076923076923,52,1.0,2,
2003,ATL,17,5,9,0.6792452830188679,53,1.0,2,
2003,BAL,1,11,15,0.74,50,3.0,5,
2003,BAL,2,11,15,0.7450980392156863,51,3.0,5,
2003,BAL,3,11,15,0.7450980392156863,51,3.0,5,
2003,BAL,4,11,15,0.7450980392156863,51,3.0,5,
2003,BAL,5,11,15,0.7450980392156863,51,3.0,5,
2003,BAL,6,11,15,0.7307692307692307,52,3.0,5,
2003,BAL,7,11,15,0.7307692307692307,52,3.0,5,
2003,BAL,8,11,15,0.7307692307692307,52,3.0,5,
2003,BAL,9,11,15,0.7307692307692307,52,3.0,5,
2003,BAL,10,11,15,0.7307692307692307,52,3.0,5,
2003,BAL,11,11,15,0.7450980392156863,51,3.0,5,
2003,BAL,12,11,15,0.7254901960784313,51,3.0,5,
2003,BAL,13,11,15,0.7254901960784313,51,3.0,5,
2003,BAL,14,11,15,0.7254901960784313,51,3.0,5,
2003,BAL,15,11,15,0.7115384615384616,52,3.0,5,
2003,BAL,16,11,15,0.7169811320754716,53,3.0,5,
2003,BAL,17,11,15,0.7169811320754716,53,3.0,5,
2003,BAL,18,11,15,0.7169811320754716,53,3.0,5,
2003,BUF,1,8,14,0.7291666666666666,48,4.0,6,
2003,BUF,2,8,14,0.7291666666666666,48,4.0,6,
2003,BUF,3,8,14,0.7291666666666666,48,4.0,6,
2003,BUF,4,8,14,0.7142857142857143,49,4.0,6,
2003,BUF,5,8,14,0.7142857142857143,49,4.0,6,
2003,BUF,6,8,14,0.7142857142857143,49,4.0,6,
2003,BUF,7,8,14,0.7142857142857143,49,4.0,6,
2003,BUF,8,8,14,0.7142857142857143,49,4.0,6,
2003,BUF,9,8,14,0.7142857142857143,49,4.0,6,
2003,BUF,10,9,15,0.7346938775510204,49,4.0,6,
2003,BUF,11,9,15,0.74,50,4.0,6,
2003,BUF,12,9,15,0.74,50,4.0,6,
2003,BUF,13,9,15,0.7254901960784313,51,4.0,6,
2003,BUF,14,9,15,0.7115384615384616,52,4.0,6,
2003,BUF,15,9,15,0.7115384615384616,52,4.0,6,
2003,BUF,16,9,15,0.7169811320754716,53,4.0,6,
2003,BUF,17,9,15,0.7169811320754716,53,4.0,6,
2003,CAR,1,4,13,0.7551020408163265,49,3.0,4,
2003,CAR,2,4,13,0.7551020408163265,49,3.0,4,
2003,CAR,3,4,14,0.76,50,3.0,4,
2003,CAR,4,4,14,0.76,50,3.0,4,
2003,CAR,5,4,14,0.76,50,3.0,4,
2003,CAR,6,4,14,0.76,50,3.0,4,
2003,CAR,7,4,14,0.76,50,3.0,4,
2003,CAR,8,4,14,0.76,50,3.0,4,
2003,CAR,9,4,14,0.76,50,3.0,4,
2003,CAR,10,4,14,0.76,50,3.0,4,
2003,CAR,11,4,14,0.76,50,3.0,4,
2003,CAR,12,5,15,0.76,50,3.0,4,
2003,CAR,13,5,15,0.76,50,3.0,4,
2003,CAR,14,5,16,0.7647058823529411,51,3.0,4,
2003,CAR,15,5,16,0.7647058823529411,51,3.0,4,
2003,CAR,16,5,16,0.7547169811320755,53,3.0,4,
2003,CAR,17,5,16,0.7547169811320755,53,3.0,4,
2003,CAR,18,5,16,0.7547169811320755,53,3.0,4,
2003,CAR,19,5,16,0.7547169811320755,53,3.0,4,
2003,CAR,20,5,16,0.7547169811320755,53,3.0,4,
2003,CAR,21,5,16,0.7547169811320755,53,3.0,4,
2003,CHI,1,6,10,0.8478260869565217,46,3.0,4,
2003,CHI,2,6,10,0.8478260869565217,46,3.0,4,
2003,CHI,3,6,10,0.8478260869565217,46,3.0,4,
2003,CHI,4,6,10,0.8478260869565217,46,3.0,4,
2003,CHI,5,6,10,0.851063829787234,47,3.0,4,
2003,CHI,6,6,10,0.851063829787234,47,3.0,4,
2003,CHI,7,6,10,0.851063829787234,47,3.0,4,
2003,CHI,8,6,10,0.851063829787234,47,3.0,4,
2003,CHI,9,6,10,0.851063829787234,47,3.0,4,
2003,CHI,10,6,10,0.851063829787234,47,3.0,4,
2003,CHI,11,6,10,0.851063829787234,47,3.0,4,
2003,CHI,12,6,10,0.8333333333333334,48,3.0,4,
2003,CHI,13,6,10,0.8163265306122449,49,3.0,4,
2003,CHI,14,6,10,0.8163265306122449,49,3.0,4,
2003,CHI,15,6,10,0.8163265306122449,49,3.0,4,
2003,CHI,16,6,10,0.8,50,3.0,4,
2003,CHI,17,6,10,0.8113207547169812,53,3.0,4,
2003,CIN,1,9,18,0.8367346938775511,49,0.0,1,
2003,CIN,2,9,18,0.8367346938775511,49,0.0,1,
2003,CIN,3,9,18,0.8367346938775511,49,0.0,1,
2003,CIN,4,9,18,0.8367346938775511,49,0.0,1,
2003,CIN,5,9,18,0.82,50,0.0,1,
2003,CIN,6,9,18,0.8,50,0.0,1,
2003,CIN,7,9,18,0.82,50,0.0,1,
2003,CIN,8,9,18,0.8163265306122449,49,0.0,1,
2003,CIN,9,9,18,0.8163265306122449,49,0.0,1,
2003,CIN,10,9,18,0.8163265306122449,49,0.0,1,
2003,CIN,11,9,18,0.8163265306122449,49,0.0,1,
2003,CIN,12,9,18,0.8163265306122449,49,0.0,1,
2003,CIN,13,9,18,0.82,50,0.0,1,
2003,CIN,14,9,18,0.82,50,0.0,1,
2003,CIN,15,9,18,0.8269230769230769,52,0.0,1,
2003,CIN,16,9,18,0.8269230769230769,52,0.0,1,
2003,CIN,17,9,18,0.8113207547169812,53,0.0,1,
2003,CLE,1,3,9,0.675,40,1.0,1,
2003,CLE,2,3,9,0.675,40,1.0,1,
2003,CLE,3,3,9,0.6585365853658537,41,1.0,1,
2003,CLE,4,3,9,0.6666666666666666,42,1.0,1,
2003,CLE,5,3,9,0.6666666666666666,42,1.0,1,
2003,CLE,6,3,9,0.6511627906976745,43,1.0,1,
2003,CLE,7,3,9,0.6511627906976745,43,1.0,1,
2003,CLE,8,3,9,0.6511627906976745,43,1.0,1,
2003,CLE,9,3,9,0.6511627906976745,43,1.0,1,
2003,CLE,10,3,9,0.6666666666666666,42,1.0,1,
2003,CLE,11,3,8,0.6666666666666666,45,1.0,1,
2003,CLE,12,3,8,0.6666666666666666,45,1.0,1,
2003,CLE,13,3,8,0.6521739130434783,46,1.0,1,
2003,CLE,14,3,8,0.6382978723404256,47,1.0,1,
2003,CLE,15,3,8,0.6078431372549019,51,1.0,1,
2003,CLE,16,3,8,0.6078431372549019,51,1.0,1,
2003,CLE,17,3,8,0.6037735849056604,53,1.0,1,
2003,DAL,1,6,13,0.74,50,2.0,4,
2003,DAL,2,6,13,0.74,50,2.0,4,
2003,DAL,3,6,13,0.74,50,2.0,4,
2003,DAL,4,6,13,0.74,50,2.0,4,
2003,DAL,5,6,13,0.74,50,2.0,4,
2003,DAL,6,6,14,0.74,50,2.0,4,
2003,DAL,7,6,13,0.7346938775510204,49,2.0,4,
2003,DAL,8,6,13,0.7346938775510204,49,2.0,4,
2003,DAL,9,6,13,0.7346938775510204,49,2.0,4,
2003,DAL,10,6,13,0.75,48,2.0,4,
2003,DAL,11,6,13,0.75,48,2.0,4,
2003,DAL,12,6,13,0.7346938775510204,49,2.0,4,
2003,DAL,13,6,13,0.7346938775510204,49,2.0,4,
2003,DAL,14,6,13,0.7142857142857143,49,2.0,4,
2003,DAL,15,6,13,0.72,50,2.0,4,
2003,DAL,16,6,13,0.72,50,2.0,4,
2003,DAL,17,6,13,0.7115384615384616,52,3.0,5,
2003,DAL,18,6,13,0.7169811320754716,53,3.0,5,
2003,DEN,1,7,10,0.7777777777777778,45,5.0,8,
2003,DEN,2,7,10,0.7777777777777778,45,5.0,8,
2003,DEN,3,7,10,0.7777777777777778,45,5.0,8,
2003,DEN,4,7,10,0.7777777777777778,45,5.0,8,
2003,DEN,5,7,10,0.7777777777777778,45,5.0,8,
2003,DEN,6,7,10,0.7777777777777778,45,5.0,8,
2003,DEN,7,7,10,0.782608695652174,46,5.0,8,
2003,DEN,8,7,10,0.7708333333333334,48,5.0,8,
2003,DEN,9,7,10,0.7708333333333334,48,5.0,8,
2003,DEN,10,7,10,0.7708333333333334,48,5.0,8,
2003,DEN,11,7,12,0.7755102040816326,49,5.0,9,
2003,DEN,12,7,12,0.7755102040816326,49,5.0,9,
2003,DEN,13,7,12,0.7755102040816326,49,5.0,9,
2003,DEN,14,7,12,0.76,50,5.0,9,
2003,DEN,15,7,12,0.7647058823529411,51,5.0,9,
2003,DEN,16,7,12,0.7647058823529411,51,5.0,9,
2003,DEN,17,7,12,0.7358490566037735,53,5.0,9,
2003,DEN,18,7,12,0.7358490566037735,53,5.0,9,
2003,DET,1,6,13,0.6904761904761905,42,3.0,2,
2003,DET,2,6,13,0.6829268292682927,41,3.0,2,
2003,DET,3,6,13,0.6829268292682927,41,3.0,2,
2003,DET,4,6,13,0.6829268292682927,41,3.0,2,
2003,DET,5,6,13,0.6829268292682927,41,3.0,2,
2003,DET,6,6,13,0.6666666666666666,42,3.0,2,
2003,DET,7,6,13,0.6744186046511628,43,3.0,2,
2003,DET,8,6,13,0.6744186046511628,43,3.0,2,
2003,DET,9,6,13,0.6818181818181818,44,3.0,2,
2003,DET,10,6,13,0.6818181818181818,44,3.0,2,
2003,DET,11,7,14,0.6956521739130435,46,3.0,3,
2003,DET,12,7,14,0.7021276595744681,47,3.0,3,
2003,DET,13,7,14,0.7083333333333334,48,3.0,3,
2003,DET,14,7,14,0.7142857142857143,49,3.0,3,
2003,DET,15,7,14,0.6923076923076923,52,3.0,3,
2003,DET,16,7,14,0.6923076923076923,52,3.0,3,
2003,DET,17,7,14,0.6792452830188679,53,3.0,3,
2003,GB,1,4,10,0.7872340425531915,47,4.0,7,
2003,GB,2,4,10,0.7872340425531915,47,4.0,7,
2003,GB,3,4,10,0.7916666666666666,48,4.0,7,
2003,GB,4,4,10,0.7916666666666666,48,4.0,7,
2003,GB,5,4,10,0.7959183673469388,49,4.0,7,
2003,GB,6,4,11,0.8163265306122449,49,4.0,7,
2003,GB,7,4,11,0.82,50,4.0,7,
2003,GB,8,4,11,0.82,50,4.0,7,
2003,GB,9,4,11,0.82,50,4.0,7,
2003,GB,10,4,11,0.8235294117647058,51,4.0,7,
2003,GB,11,4,11,0.8235294117647058,51,4.0,7,
2003,GB,12,4,11,0.8235294117647058,51,4.0,7,
2003,GB,13,4,11,0.8235294117647058,51,4.0,7,
2003,GB,14,4,11,0.8076923076923077,52,4.0,7,
2003,GB,15,4,11,0.7884615384615384,52,4.0,7,
2003,GB,16,4,11,0.7884615384615384,52,4.0,7,
2003,GB,17,4,11,0.7884615384615384,52,4.0,7,
2003,GB,18,4,11,0.7884615384615384,52,4.0,7,
2003,GB,19,4,11,0.7924528301886793,53,4.0,7,
2003,HOU,1,2,10,0.7142857142857143,42,1.0,0,
2003,HOU,2,2,10,0.7142857142857143,42,1.0,0,
2003,HOU,3,2,9,0.7209302325581395,43,1.0,0,
2003,HOU,4,2,9,0.7209302325581395,43,1.0,0,
2003,HOU,5,2,9,0.7209302325581395,43,1.0,0,
2003,HOU,6,2,9,0.7209302325581395,43,1.0,0,
2003,HOU,7,2,9,0.7209302325581395,43,1.0,0,
2003,HOU,8,2,9,0.7209302325581395,43,1.0,0,
2003,HOU,9,2,9,0.7209302325581395,43,1.0,0,
2003,HOU,10,2,9,0.7441860465116279,43,1.0,0,
2003,HOU,11,2,9,0.7317073170731707,41,1.0,0,
2003,HOU,12,2,9,0.7441860465116279,43,1.0,0,
2003,HOU,13,2,9,0.7441860465116279,43,1.0,0,
2003,HOU,14,2,9,0.6875,48,1.0,0,
2003,HOU,15,2,9,0.68,50,1.0,0,
2003,HOU,16,2,9,0.68,50,1.0,0,
2003,HOU,17,2,9,0.6415094339622641,53,1.0,0,
2003,IND,1,9,14,0.717391304347826,46,3.0,3,
2003,IND,2,9,14,0.7021276595744681,47,3.0,3,
2003,IND,3,9,14,0.7021276595744681,47,3.0,3,
2003,IND,4,9,14,0.723404255319149,47,3.0,3,
2003,IND,5,9,14,0.723404255319149,47,3.0,3,
2003,IND,6,9,14,0.7391304347826086,46,3.0,3,
2003,IND,7,9,14,0.7391304347826086,46,3.0,3,
2003,IND,8,9,14,0.7391304347826086,46,3.0,3,
2003,IND,9,9,14,0.7391304347826086,46,3.0,3,
2003,IND,10,9,14,0.7391304347826086,46,3.0,3,
2003,IND,11,9,14,0.7083333333333334,48,3.0,3,
2003,IND,12,9,14,0.72,50,3.0,3,
2003,IND,13,9,14,0.72,50,3.0,3,
2003,IND,14,9,14,0.6923076923076923,52,3.0,3,
2003,IND,15,9,14,0.6923076923076923,52,3.0,3,
2003,IND,16,9,14,0.6923076923076923,52,3.0,3,
2003,IND,17,9,14,0.6981132075471698,53,3.0,3,
2003,IND,18,9,14,0.6981132075471698,53,3.0,3,
2003,IND,19,9,14,0.6981132075471698,53,3.0,3,
2003,IND,20,9,14,0.6981132075471698,53,3.0,3,
2003,JAX,1,11,18,0.7906976744186046,43,1.0,1,
2003,JAX,2,11,18,0.7777777777777778,45,1.0,1,
2003,JAX,3,11,18,0.7391304347826086,46,1.0,1,
2003,JAX,4,12,19,0.7446808510638298,47,1.0,1,
2003,JAX,5,12,20,0.7659574468085106,47,1.0,2,
2003,JAX,6,12,20,0.7551020408163265,49,1.0,2,
2003,JAX,7,12,20,0.7551020408163265,49,1.0,2,
2003,JAX,8,12,20,0.7551020408163265,49,1.0,2,
2003,JAX,9,12,20,0.74,50,1.0,2,
2003,JAX,10,12,20,0.74,50,1.0,2,
2003,JAX,11,11,20,0.7254901960784313,51,1.0,2,
2003,JAX,12,11,20,0.7254901960784313,51,1.0,2,
2003,JAX,13,11,20,0.7307692307692307,52,1.0,2,
2003,JAX,14,11,20,0.7307692307692307,52,1.0,2,
2003,JAX,15,11,20,0.7254901960784313,51,1.0,2,
2003,JAX,16,11,20,0.7222222222222222,54,1.0,2,
2003,JAX,17,11,20,0.7222222222222222,54,1.0,2,
2003,KC,1,9,16,0.74,50,5.0,5,
2003,KC,2,9,16,0.7551020408163265,49,5.0,5,
2003,KC,3,9,17,0.76,50,5.0,5,
2003,KC,4,9,17,0.76,50,5.0,5,
2003,KC,5,9,17,0.76,50,5.0,5,
2003,KC,6,9,17,0.76,50,5.0,5,
2003,KC,7,9,17,0.7647058823529411,51,5.0,5,
2003,KC,8,9,17,0.7647058823529411,51,5.0,5,
2003,KC,9,9,17,0.7647058823529411,51,5.0,5,
2003,KC,10,9,17,0.7647058823529411,51,5.0,5,
2003,KC,11,9,17,0.7647058823529411,51,5.0,5,
2003,KC,12,9,17,0.7647058823529411,51,5.0,5,
2003,KC,13,9,17,0.7647058823529411,51,5.0,5,
2003,KC,14,9,17,0.7647058823529411,51,5.0,5,
2003,KC,15,9,17,0.7358490566037735,53,5.0,5,
2003,KC,16,9,17,0.7358490566037735,53,5.0,5,
2003,KC,17,9,17,0.7358490566037735,53,5.0,5,
2003,KC,18,9,17,0.7358490566037735,53,5.0,5,
2003,KC,19,9,17,0.7358490566037735,53,5.0,5,
2003,MIA,1,4,10,0.6521739130434783,46,8.0,11,
2003,MIA,2,4,10,0.6521739130434783,46,8.0,11,
2003,MIA,3,4,10,0.6521739130434783,46,8.0,11,
2003,MIA,4,4,10,0.6521739130434783,46,8.0,11,
2003,MIA,5,4,10,0.6521739130434783,46,8.0,11,
2003,MIA,6,4,10,0.6521739130434783,46,8.0,11,
2003,MIA,7,4,10,0.6595744680851063,47,8.0,11,
2003,MIA,8,4,10,0.6595744680851063,47,8.0,11,
2003,MIA,9,4,10,0.6595744680851063,47,8.0,11,
2003,MIA,10,4,10,0.6595744680851063,47,8.0,11,
2003,MIA,11,4,10,0.6666666666666666,48,8.0,11,
2003,MIA,12,4,10,0.6530612244897959,49,8.0,11,
2003,MIA,13,4,10,0.6666666666666666,51,8.0,11,
2003,MIA,14,4,10,0.6538461538461539,52,8.0,11,
2003,MIA,15,4,10,0.6415094339622641,53,8.0,11,
2003,MIA,16,4,10,0.6346153846153846,52,8.0,11,
2003,MIA,17,4,10,0.6415094339622641,53,8.0,11,
2003,MIN,1,6,13,0.7872340425531915,47,4.0,3,
2003,MIN,2,6,13,0.7872340425531915,47,4.0,3,
2003,MIN,3,6,13,0.7872340425531915,47,4.0,3,
2003,MIN,4,6,13,0.7872340425531915,47,4.0,3,
2003,MIN,5,6,13,0.7708333333333334,48,4.0,3,
2003,MIN,6,6,13,0.7916666666666666,48,4.0,3,
2003,MIN,7,6,13,0.7916666666666666,48,4.0,3,
2003,MIN,8,6,13,0.7916666666666666,48,4.0,3,
2003,MIN,9,7,14,0.7959183673469388,49,4.0,4,
2003,MIN,10,7,14,0.7959183673469388,49,4.0,4,
2003,MIN,11,7,14,0.78,50,4.0,4,
2003,MIN,12,7,14,0.78,50,4.0,4,
2003,MIN,13,7,14,0.7843137254901961,51,4.0,4,
2003,MIN,14,7,14,0.7843137254901961,51,4.0,4,
2003,MIN,15,7,14,0.7884615384615384,52,4.0,4,
2003,MIN,16,7,14,0.7735849056603774,53,4.0,4,
2003,MIN,17,7,14,0.7735849056603774,53,4.0,4,
2003,NE,1,8,17,0.7727272727272727,44,6.0,9,
2003,NE,2,8,17,0.7777777777777778,45,6.0,9,
2003,NE,3,8,17,0.7777777777777778,45,6.0,9,
2003,NE,4,8,17,0.7659574468085106,47,6.0,9,
2003,NE,5,8,18,0.7708333333333334,48,6.0,9,
2003,NE,6,8,18,0.7708333333333334,48,6.0,9,
2003,NE,7,8,18,0.7551020408163265,49,6.0,8,
2003,NE,8,8,18,0.7551020408163265,49,6.0,8,
2003,NE,9,8,18,0.7551020408163265,49,6.0,8,
2003,NE,10,8,18,0.7708333333333334,48,6.0,8,
2003,NE,11,8,18,0.7708333333333334,48,6.0,8,
2003,NE,12,9,19,0.7647058823529411,51,6.0,8,
2003,NE,13,9,19,0.7647058823529411,51,6.0,8,
2003,NE,14,9,19,0.7647058823529411,51,6.0,8,
2003,NE,15,8,18,0.7647058823529411,51,6.0,9,
2003,NE,16,8,18,0.7692307692307693,52,6.0,9,
2003,NE,17,8,18,0.7692307692307693,52,6.0,9,
2003,NE,18,8,18,0.7692307692307693,52,6.0,9,
2003,NE,19,8,18,0.7692307692307693,52,6.0,9,
2003,NE,20,9,19,0.7735849056603774,53,6.0,9,
2003,NE,21,9,19,0.7735849056603774,53,6.0,9,
2003,NO,1,7,12,0.6382978723404256,47,3.0,4,
2003,NO,2,7,12,0.6521739130434783,46,3.0,4,
2003,NO,3,7,12,0.6382978723404256,47,3.0,4,
2003,NO,4,7,12,0.6521739130434783,46,3.0,4,
2003,NO,5,7,12,0.6595744680851063,47,3.0,4,
2003,NO,6,7,12,0.6521739130434783,46,3.0,4,
2003,NO,7,7,12,0.6521739130434783,46,3.0,4,
2003,NO,8,7,12,0.6521739130434783,46,3.0,4,
2003,NO,9,7,12,0.6444444444444445,45,3.0,4,
2003,NO,10,7,12,0.6444444444444445,45,3.0,4,
2003,NO,11,7,12,0.6521739130434783,46,3.0,4,
2003,NO,12,7,12,0.6382978723404256,47,3.0,4,
2003,NO,13,7,12,0.6458333333333334,48,3.0,4,
2003,NO,14,7,12,0.66,50,3.0,4,
2003,NO,15,7,12,0.6470588235294118,51,3.0,4,
2003,NO,16,7,12,0.6470588235294118,51,3.0,4,
2003,NO,17,7,13,0.6415094339622641,53,3.0,4,
2003,NYG,1,5,11,0.627906976744186,43,4.0,2,
2003,NYG,2,5,11,0.627906976744186,43,4.0,2,
2003,NYG,3,5,11,0.627906976744186,43,4.0,2,
2003,NYG,4,5,11,0.627906976744186,43,4.0,2,
2003,NYG,5,5,11,0.627906976744186,43,4.0,2,
2003,NYG,6,5,11,0.6511627906976745,43,4.0,2,
2003,NYG,7,5,11,0.6511627906976745,43,4.0,2,
2003,NYG,8,5,11,0.6363636363636364,44,4.0,2,
2003,NYG,9,5,11,0.6363636363636364,44,4.0,2,
2003,NYG,10,5,11,0.6363636363636364,44,4.0,2,
2003,NYG,11,5,12,0.6444444444444445,45,4.0,2,
2003,NYG,12,5,12,0.6170212765957447,47,4.0,2,
2003,NYG,13,5,12,0.6170212765957447,47,4.0,2,
2003,NYG,14,5,13,0.6122448979591837,49,4.0,2,
2003,NYG,15,5,13,0.6,50,4.0,2,
2003,NYG,16,5,13,0.5769230769230769,52,4.0,2,
2003,NYG,17,5,13,0.5660377358490566,53,4.0,2,
2003,NYJ,1,10,14,0.8888888888888888,45,5.0,5,
2003,NYJ,2,10,14,0.8913043478260869,46,6.0,6,
2003,NYJ,3,10,14,0.8913043478260869,46,6.0,6,
2003,NYJ,4,10,14,0.8913043478260869,46,6.0,6,
2003,NYJ,5,10,14,0.875,48,6.0,6,
2003,NYJ,6,10,14,0.875,48,6.0,6,
2003,NYJ,7,10,14,0.851063829787234,47,6.0,6,
2003,NYJ,8,10,14,0.8333333333333334,48,6.0,6,
2003,NYJ,9,10,14,0.8333333333333334,48,6.0,6,
2003,NYJ,10,10,14,0.8333333333333334,48,6.0,6,
2003,NYJ,11,10,15,0.8367346938775511,49,5.0,5,
2003,NYJ,12,10,15,0.82,50,5.0,5,
2003,NYJ,13,10,15,0.82,50,5.0,5,
2003,NYJ,14,10,15,0.82,50,5.0,5,
2003,NYJ,15,10,15,0.8235294117647058,51,5.0,5,
2003,NYJ,16,10,15,0.8113207547169812,53,5.0,5,
2003,NYJ,17,10,15,0.8113207547169812,53,5.0,5,
2003,OAK,1,13,20,0.875,40,5.0,7,
2003,OAK,2,13,20,0.875,40,5.0,7,
2003,OAK,3,13,20,0.875,40,5.0,7,
2003,OAK,4,13,20,0.875,40,5.0,7,
2003,OAK,5,13,20,0.85,40,5.0,7,
2003,OAK,6,13,20,0.85,40,5.0,7,
2003,OAK,7,13,20,0.85,40,5.0,7,
2003,OAK,8,13,20,0.85,40,5.0,7,
2003,OAK,9,14,21,0.8536585365853658,41,5.0,7,
2003,OAK,10,14,21,0.8604651162790697,43,5.0,7,
2003,OAK,11,14,21,0.8666666666666667,45,5.0,7,
2003,OAK,12,14,21,0.8541666666666666,48,5.0,7,
2003,OAK,13,14,21,0.8571428571428571,49,5.0,7,
2003,OAK,14,14,21,0.8571428571428571,49,5.0,7,
2003,OAK,15,14,21,0.84,50,5.0,7,
2003,OAK,16,14,21,0.8269230769230769,52,5.0,7,
2003,OAK,17,14,21,0.8113207547169812,53,5.0,7,
2003,PHI,1,8,15,0.673469387755102,49,6.0,9,
2003,PHI,2,8,15,0.673469387755102,49,6.0,9,
2003,PHI,3,8,15,0.66,50,6.0,9,
2003,PHI,4,8,15,0.66,50,6.0,9,
2003,PHI,5,8,15,0.673469387755102,49,6.0,9,
2003,PHI,6,8,15,0.66,50,6.0,9,
2003,PHI,7,8,15,0.66,50,6.0,9,
2003,PHI,8,8,15,0.66,50,6.0,9,
2003,PHI,9,8,15,0.6666666666666666,51,6.0,9,
2003,PHI,10,8,15,0.6666666666666666,51,6.0,9,
2003,PHI,11,8,15,0.6666666666666666,51,6.0,9,
2003,PHI,12,8,15,0.6666666666666666,51,6.0,9,
2003,PHI,13,8,15,0.6666666666666666,51,6.0,9,
2003,PHI,14,8,15,0.6666666666666666,51,6.0,9,
2003,PHI,15,8,15,0.6666666666666666,51,6.0,9,
2003,PHI,16,8,15,0.6538461538461539,52,6.0,9,
2003,PHI,17,8,15,0.660377358490566,53,6.0,9,
2003,PHI,18,8,15,0.660377358490566,53,6.0,9,
2003,PHI,19,8,15,0.6481481481481481,54,6.0,9,
2003,PHI,20,8,15,0.6481481481481481,54,6.0,9,
2003,PIT,1,12,17,0.7755102040816326,49,6.0,6,
2003,PIT,2,12,17,0.7755102040816326,49,6.0,6,
2003,PIT,3,11,16,0.7551020408163265,49,6.0,6,
2003,PIT,4,11,16,0.7551020408163265,49,6.0,6,
2003,PIT,5,11,16,0.7551020408163265,49,6.0,6,
2003,PIT,6,11,16,0.7551020408163265,49,6.0,6,
2003,PIT,7,11,16,0.7551020408163265,49,6.0,6,
2003,PIT,8,11,17,0.76,50,6.0,6,
2003,PIT,9,11,17,0.76,50,6.0,6,
2003,PIT,10,11,17,0.76,50,6.0,6,
2003,PIT,11,11,17,0.76,50,6.0,6,
2003,PIT,12,11,17,0.76,50,6.0,6,
2003,PIT,13,11,17,0.76,50,6.0,6,
2003,PIT,14,11,17,0.7450980392156863,51,6.0,6,
2003,PIT,15,11,17,0.75,52,6.0,6,
2003,PIT,16,11,17,0.75,52,6.0,6,
2003,PIT,17,11,17,0.7547169811320755,53,6.0,6,
2003,SD,1,4,12,0.6511627906976745,43,5.0,6,
2003,SD,2,4,12,0.6511627906976745,43,5.0,6,
2003,SD,3,4,12,0.6363636363636364,44,5.0,6,
2003,SD,4,3,11,0.6136363636363636,44,4.0,5,
2003,SD,5,4,12,0.6363636363636364,44,5.0,6,
2003,SD,6,4,12,0.6222222222222222,45,5.0,6,
2003,SD,7,4,12,0.6170212765957447,47,5.0,6,
2003,SD,8,4,12,0.6170212765957447,47,5.0,6,
2003,SD,9,4,12,0.6170212765957447,47,5.0,6,
2003,SD,10,4,12,0.6041666666666666,48,5.0,6,
2003,SD,11,4,12,0.6041666666666666,48,5.0,6,
2003,SD,12,4,12,0.5918367346938775,49,5.0,6,
2003,SD,13,4,12,0.5686274509803921,51,5.0,6,
2003,SD,14,4,12,0.5686274509803921,51,5.0,6,
2003,SD,15,4,12,0.5686274509803921,51,5.0,6,
2003,SD,16,4,12,0.5660377358490566,53,5.0,6,
2003,SD,17,4,12,0.5660377358490566,53,5.0,6,
2003,SEA,1,9,17,0.8163265306122449,49,3.0,2,
2003,SEA,2,9,17,0.82,50,3.0,2,
2003,SEA,3,9,17,0.82,50,3.0,2,
2003,SEA,4,9,17,0.82,50,3.0,2,
2003,SEA,5,9,17,0.82,50,3.0,2,
2003,SEA,6,9,18,0.82,50,3.0,2,
2003,SEA,7,9,18,0.82,50,3.0,2,
2003,SEA,8,9,18,0.82,50,3.0,2,
2003,SEA,9,10,19,0.8235294117647058,51,3.0,2,
2003,SEA,10,10,19,0.8235294117647058,51,3.0,2,
2003,SEA,11,10,19,0.8235294117647058,51,3.0,2,
2003,SEA,12,10,19,0.8235294117647058,51,3.0,2,
2003,SEA,13,10,19,0.8235294117647058,51,3.0,2,
2003,SEA,14,10,19,0.8269230769230769,52,3.0,2,
2003,SEA,15,10,19,0.8269230769230769,52,3.0,2,
2003,SEA,16,10,19,0.8269230769230769,52,3.0,2,
2003,SEA,17,10,19,0.8113207547169812,53,3.0,2,
2003,SEA,18,10,19,0.8113207547169812,53,3.0,2,
2003,SF,1,7,13,0.7555555555555555,45,4.0,5,
2003,SF,2,7,13,0.7555555555555555,45,4.0,5,
2003,SF,3,7,13,0.7391304347826086,46,4.0,5,
2003,SF,4,7,13,0.7391304347826086,46,4.0,5,
2003,SF,5,7,13,0.7391304347826086,46,4.0,5,
2003,SF,6,7,13,0.7391304347826086,46,4.0,5,
2003,SF,7,7,13,0.7391304347826086,46,4.0,5,
2003,SF,8,7,13,0.723404255319149,47,4.0,5,
2003,SF,9,7,13,0.75,48,4.0,5,
2003,SF,10,7,13,0.75,48,4.0,5,
2003,SF,11,7,13,0.7346938775510204,49,4.0,5,
2003,SF,12,7,13,0.7346938775510204,49,4.0,5,
2003,SF,13,7,13,0.72,50,4.0,5,
2003,SF,14,7,13,0.72,50,4.0,5,
2003,SF,15,7,13,0.7058823529411765,51,4.0,5,
2003,SF,16,7,13,0.7058823529411765,51,4.0,5,
2003,SF,17,7,13,0.6792452830188679,53,4.0,5,
2003,STL,1,10,15,0.7708333333333334,48,6.0,7,
2003,STL,2,10,15,0.7755102040816326,49,6.0,7,
2003,STL,3,10,15,0.76,50,6.0,7,
2003,STL,4,10,15,0.7551020408163265,49,6.0,7,
2003,STL,5,10,15,0.7551020408163265,49,6.0,7,
2003,STL,6,10,15,0.7551020408163265,49,6.0,7,
2003,STL,7,10,15,0.74,50,6.0,7,
2003,STL,8,10,15,0.74,50,6.0,7,
2003,STL,9,10,15,0.76,50,6.0,7,
2003,STL,10,10,15,0.7755102040816326,49,6.0,7,
2003,STL,11,10,15,0.76,50,6.0,7,
2003,STL,12,10,15,0.76,50,6.0,7,
2003,STL,13,10,15,0.74,50,6.0,7,
2003,STL,14,11,16,0.76,50,6.0,7,
2003,STL,15,11,16,0.7307692307692307,52,6.0,7,
2003,STL,16,11,16,0.7307692307692307,52,6.0,7,
2003,STL,17,11,16,0.7307692307692307,52,6.0,7,
2003,STL,18,11,16,0.7169811320754716,53,6.0,7,
2003,STL,19,11,16,0.7169811320754716,53,6.0,7,
2003,TB,1,8,12,0.6976744186046512,43,6.0,10,
2003,TB,2,8,12,0.6976744186046512,43,6.0,10,
2003,TB,3,8,12,0.7045454545454546,44,6.0,10,
2003,TB,4,8,12,0.6976744186046512,43,6.0,10,
2003,TB,5,8,12,0.6976744186046512,43,6.0,10,
2003,TB,6,8,12,0.6521739130434783,46,6.0,10,
2003,TB,7,8,12,0.6739130434782609,46,6.0,10,
2003,TB,8,8,12,0.6739130434782609,46,6.0,10,
2003,TB,9,8,12,0.6739130434782609,46,6.0,10,
2003,TB,10,8,12,0.6739130434782609,46,6.0,10,
2003,TB,11,9,13,0.6875,48,6.0,10,
2003,TB,12,9,13,0.6875,48,6.0,10,
2003,TB,13,9,13,0.6875,48,6.0,10,
2003,TB,14,9,13,0.6938775510204082,49,6.0,10,
2003,TB,15,9,13,0.68,50,6.0,10,
2003,TB,16,10,14,0.6923076923076923,52,6.0,10,
2003,TB,17,10,14,0.6666666666666666,54,6.0,10,
2003,TEN,1,7,13,0.8367346938775511,49,7.0,8,
2003,TEN,2,7,13,0.84,50,7.0,8,
2003,TEN,3,7,13,0.84,50,7.0,8,
2003,TEN,4,7,13,0.84,50,7.0,8,
2003,TEN,5,7,13,0.84,50,7.0,8,
2003,TEN,6,7,13,0.84,50,7.0,8,
2003,TEN,7,7,13,0.84,50,7.0,8,
2003,TEN,8,7,13,0.84,50,7.0,8,
2003,TEN,9,7,13,0.84,50,7.0,8,
2003,TEN,10,7,13,0.84,50,7.0,8,
2003,TEN,11,7,13,0.8235294117647058,51,7.0,8,
2003,TEN,12,7,13,0.84,50,7.0,8,
2003,TEN,13,7,13,0.84,50,7.0,8,
2003,TEN,14,7,13,0.8235294117647058,51,7.0,8,
2003,TEN,15,7,13,0.8235294117647058,51,7.0,8,
2003,TEN,16,7,13,0.8269230769230769,52,7.0,8,
2003,TEN,17,7,13,0.8113207547169812,53,7.0,8,
2003,TEN,18,7,13,0.8113207547169812,53,7.0,8,
2003,TEN,19,7,13,0.8113207547169812,53,7.0,8,
2003,WAS,1,8,16,0.7333333333333333,45,6.0,5,
2003,WAS,2,8,16,0.7333333333333333,45,6.0,5,
2003,WAS,3,8,16,0.7333333333333333,45,6.0,5,
2003,WAS,4,8,16,0.7555555555555555,45,6.0,5,
2003,WAS,5,8,16,0.7555555555555555,45,6.0,5,
2003,WAS,6,8,16,0.7777777777777778,45,6.0,6,
2003,WAS,7,8,16,0.7608695652173914,46,6.0,6,
2003,WAS,8,8,16,0.7391304347826086,46,6.0,6,
2003,WAS,9,9,17,0.723404255319149,47,6.0,6,
2003,WAS,10,9,17,0.6938775510204082,49,6.0,6,
2003,WAS,11,9,17,0.6938775510204082,49,6.0,6,
2003,WAS,12,9,17,0.6938775510204082,49,6.0,6,
2003,WAS,13,9,17,0.7142857142857143,49,6.0,6,
2003,WAS,14,9,17,0.7,50,6.0,6,
2003,WAS,15,9,17,0.6730769230769231,52,6.0,6,
2003,WAS,16,9,17,0.6730769230769231,52,6.0,6,
2003,WAS,17,9,17,0.6792452830188679,53,6.0,6,
2004,ARI,1,5,15,0.7333333333333333,45,0.75,2,
2004,ARI,2,5,15,0.723404255319149,47,0.75,2,
2004,ARI,3,5,15,0.723404255319149,47,0.75,2,
2004,ARI,4,5,15,0.723404255319149,47,0.75,2,
2004,ARI,5,6,16,0.7291666666666666,48,0.75,2,
2004,ARI,6,6,16,0.7291666666666666,48,0.75,2,
2004,ARI,7,6,16,0.7291666666666666,48,0.75,2,
2004,ARI,8,6,16,0.7291666666666666,48,0.75,2,
2004,ARI,9,6,16,0.7142857142857143,49,0.75,2,
2004,ARI,10,6,16,0.7142857142857143,49,0.75,2,
2004,ARI,11,6,16,0.7142857142857143,49,0.75,2,
2004,ARI,12,6,16,0.7,50,0.75,2,
2004,ARI,13,6,16,0.7142857142857143,49,0.75,2,
2004,ARI,14,6,16,0.7142857142857143,49,0.75,2,
2004,ARI,15,6,16,0.6923076923076923,52,0.75,2,
2004,ARI,16,6,16,0.6923076923076923,52,0.75,2,
2004,ARI,17,6,16,0.6792452830188679,53,0.75,2,
2004,ATL,1,7,12,0.7446808510638298,47,2.0,4,
2004,ATL,2,7,12,0.75,48,2.0,4,
2004,ATL,3,7,12,0.75,48,2.0,4,
2004,ATL,4,7,12,0.75,48,2.0,4,
2004,ATL,5,7,12,0.75,48,2.0,4,
2004,ATL,6,7,12,0.7659574468085106,47,2.0,4,
2004,ATL,7,7,12,0.75,48,2.0,4,
2004,ATL,8,7,12,0.75,48,2.0,4,
2004,ATL,9,7,12,0.7659574468085106,47,2.0,4,
2004,ATL,10,7,12,0.75,48,2.0,4,
2004,ATL,11,7,12,0.75,48,2.0,4,
2004,ATL,12,7,12,0.75,48,2.0,4,
2004,ATL,13,7,12,0.75,48,2.0,4,
2004,ATL,14,7,12,0.7551020408163265,49,2.0,4,
2004,ATL,15,7,12,0.76,50,2.0,4,
2004,ATL,16,7,12,0.7647058823529411,51,2.0,4,
2004,ATL,17,7,12,0.7647058823529411,51,2.0,4,
2004,ATL,18,7,12,0.7647058823529411,51,2.0,4,
2004,ATL,19,7,12,0.75,52,2.0,4,
2004,ATL,20,7,12,0.7358490566037735,53,2.0,4,
2004,BAL,1,10,16,0.74,50,7.75,9,
2004,BAL,2,10,16,0.72,50,7.75,9,
2004,BAL,3,10,16,0.72,50,7.75,9,
2004,BAL,4,10,16,0.72,50,7.75,9,
2004,BAL,5,10,16,0.72,50,7.75,9,
2004,BAL,6,9,15,0.7142857142857143,49,6.75,8,
2004,BAL,7,9,15,0.7142857142857143,49,6.75,8,
2004,BAL,8,9,15,0.7,50,6.75,8,
2004,BAL,9,10,16,0.7058823529411765,51,7.75,9,
2004,BAL,10,10,16,0.7058823529411765,51,7.75,9,
2004,BAL,11,10,16,0.6923076923076923,52,7.75,9,
2004,BAL,12,10,16,0.6792452830188679,53,7.75,9,
2004,BAL,13,10,16,0.6792452830188679,53,7.75,9,
2004,BAL,14,10,16,0.6923076923076923,52,7.75,9,
2004,BAL,15,10,16,0.6981132075471698,53,7.75,9,
2004,BAL,16,10,16,0.6981132075471698,53,7.75,9,
2004,BAL,17,10,16,0.6981132075471698,53,7.75,9,
2004,BUF,1,10,16,0.7142857142857143,49,5.0,7,
2004,BUF,2,10,16,0.7142857142857143,49,5.0,7,
2004,BUF,3,10,16,0.7142857142857143,49,5.0,7,
2004,BUF,4,10,16,0.7142857142857143,49,5.0,7,
2004,BUF,5,10,16,0.7142857142857143,49,5.0,7,
2004,BUF,6,10,16,0.7083333333333334,48,5.0,7,
2004,BUF,7,10,16,0.7083333333333334,48,5.0,7,
2004,BUF,8,10,16,0.7083333333333334,48,5.0,7,
2004,BUF,9,10,16,0.7142857142857143,49,5.0,7,
2004,BUF,10,10,16,0.7,50,5.0,7,
2004,BUF,11,10,16,0.7,50,5.0,7,
2004,BUF,12,10,16,0.7,50,5.0,7,
2004,BUF,13,10,16,0.7,50,5.0,7,
2004,BUF,14,10,16,0.6862745098039216,51,5.0,7,
2004,BUF,15,10,16,0.6730769230769231,52,5.0,7,
2004,BUF,16,10,16,0.660377358490566,53,5.0,7,
2004,BUF,17,10,16,0.660377358490566,53,5.0,7,
2004,CAR,1,5,12,0.7045454545454546,44,1.0,3,
2004,CAR,2,5,12,0.7045454545454546,44,1.0,3,
2004,CAR,3,5,12,0.7045454545454546,44,1.0,3,
2004,CAR,4,5,12,0.7045454545454546,44,1.0,3,
2004,CAR,5,5,12,0.7045454545454546,44,1.0,3,
2004,CAR,6,5,12,0.6888888888888889,45,1.0,3,
2004,CAR,7,5,12,0.6888888888888889,45,1.0,3,
2004,CAR,8,5,12,0.6382978723404256,47,1.0,3,
2004,CAR,9,5,12,0.6458333333333334,48,1.0,3,
2004,CAR,10,5,12,0.64,50,1.0,3,
2004,CAR,11,5,12,0.6730769230769231,52,1.0,3,
2004,CAR,12,5,12,0.6730769230769231,52,1.0,3,
2004,CAR,13,5,12,0.6538461538461539,52,1.0,3,
2004,CAR,14,5,12,0.6538461538461539,52,1.0,3,
2004,CAR,15,5,12,0.6538461538461539,52,1.0,3,
2004,CAR,16,5,12,0.6538461538461539,52,1.0,3,
2004,CAR,17,5,12,0.6415094339622641,53,1.0,3,
2004,CHI,1,8,11,0.8372093023255814,43,2.0,2,
2004,CHI,2,8,11,0.8372093023255814,43,2.0,2,
2004,CHI,3,8,11,0.8409090909090909,44,2.0,2,
2004,CHI,4,8,11,0.8222222222222222,45,2.0,2,
2004,CHI,5,8,11,0.8222222222222222,45,2.0,2,
2004,CHI,6,8,11,0.8222222222222222,45,2.0,2,
2004,CHI,7,8,11,0.8222222222222222,45,2.0,2,
2004,CHI,8,8,11,0.8444444444444444,45,2.0,2,
2004,CHI,9,8,11,0.8444444444444444,45,2.0,2,
2004,CHI,10,9,12,0.8478260869565217,46,2.0,2,
2004,CHI,11,9,12,0.8297872340425532,47,2.0,2,
2004,CHI,12,9,12,0.8297872340425532,47,2.0,2,
2004,CHI,13,10,13,0.8333333333333334,48,2.0,2,
2004,CHI,14,10,13,0.8163265306122449,49,2.0,2,
2004,CHI,15,10,13,0.82,50,2.0,2,
2004,CHI,16,10,13,0.7884615384615384,52,2.0,2,
2004,CHI,17,10,13,0.7592592592592593,54,2.0,2,
2004,CIN,1,8,18,0.75,44,3.0,3,
2004,CIN,2,8,18,0.7555555555555555,45,3.0,3,
2004,CIN,3,8,18,0.7777777777777778,45,3.0,3,
2004,CIN,4,8,18,0.782608695652174,46,3.0,3,
2004,CIN,5,8,18,0.7608695652173914,46,3.0,3,
2004,CIN,6,8,18,0.7608695652173914,46,3.0,3,
2004,CIN,7,8,18,0.7608695652173914,46,3.0,3,
2004,CIN,8,8,18,0.7659574468085106,47,3.0,3,
2004,CIN,9,8,18,0.7291666666666666,48,3.0,3,
2004,CIN,10,8,18,0.7291666666666666,48,3.0,3,
2004,CIN,11,8,18,0.7291666666666666,48,3.0,3,
2004,CIN,12,8,18,0.7291666666666666,48,3.0,3,
2004,CIN,13,8,18,0.72,50,3.0,3,
2004,CIN,14,8,18,0.72,50,3.0,3,
2004,CIN,15,8,18,0.7254901960784313,51,3.0,3,
2004,CIN,16,8,18,0.7254901960784313,51,3.0,3,
2004,CIN,17,8,18,0.6981132075471698,53,3.0,3,
2004,CLE,1,5,9,0.8048780487804879,41,0.0,1,
2004,CLE,2,5,9,0.8048780487804879,41,0.0,1,
2004,CLE,3,5,9,0.7857142857142857,42,0.0,1,
2004,CLE,4,5,9,0.7674418604651163,43,0.0,1,
2004,CLE,5,5,9,0.7674418604651163,43,0.0,1,
2004,CLE,6,5,9,0.7674418604651163,43,0.0,1,
2004,CLE,7,5,9,0.75,44,0.0,1,
2004,CLE,8,5,9,0.75,44,0.0,1,
2004,CLE,9,5,9,0.75,44,0.0,1,
2004,CLE,10,5,9,0.7333333333333333,45,0.0,1,
2004,CLE,11,5,9,0.7291666666666666,48,0.0,1,
2004,CLE,12,5,9,0.7346938775510204,49,0.0,1,
2004,CLE,13,5,9,0.7058823529411765,51,0.0,1,
2004,CLE,14,5,9,0.7058823529411765,51,0.0,1,
2004,CLE,15,5,9,0.6792452830188679,53,0.0,1,
2004,CLE,16,5,9,0.6792452830188679,53,0.0,1,
2004,CLE,17,5,9,0.6792452830188679,53,0.0,1,
2004,DAL,1,6,14,0.6888888888888889,45,5.75,8,
2004,DAL,2,6,14,0.6888888888888889,45,5.75,8,
2004,DAL,3,6,14,0.6888888888888889,45,5.75,8,
2004,DAL,4,6,14,0.6666666666666666,45,5.75,8,
2004,DAL,5,6,14,0.6666666666666666,45,5.75,8,
2004,DAL,6,6,14,0.6382978723404256,47,5.75,8,
2004,DAL,7,6,14,0.6382978723404256,47,5.75,8,
2004,DAL,8,6,14,0.6326530612244898,49,5.75,8,
2004,DAL,9,6,14,0.6122448979591837,49,5.75,8,
2004,DAL,10,6,14,0.6122448979591837,49,5.75,8,
2004,DAL,11,6,14,0.6122448979591837,49,5.75,8,
2004,DAL,12,6,14,0.62,50,5.75,8,
2004,DAL,13,6,14,0.62,50,5.75,8,
2004,DAL,14,6,14,0.62,50,5.75,8,
2004,DAL,15,6,14,0.62,50,5.75,8,
2004,DAL,16,6,14,0.62,50,5.75,8,
2004,DAL,17,6,14,0.5849056603773585,53,5.75,8,
2004,DEN,1,7,12,0.717391304347826,46,6.0,9,
2004,DEN,2,7,12,0.7333333333333333,45,6.0,9,
2004,DEN,3,7,13,0.7333333333333333,45,6.0,9,
2004,DEN,4,8,14,0.7555555555555555,45,6.0,9,
2004,DEN,5,8,14,0.7555555555555555,45,6.0,9,
2004,DEN,6,8,14,0.7555555555555555,45,6.0,9,
2004,DEN,7,8,14,0.7727272727272727,44,6.0,8,
2004,DEN,8,8,14,0.7391304347826086,46,6.0,9,
2004,DEN,9,8,14,0.7391304347826086,46,6.0,9,
2004,DEN,10,8,14,0.7391304347826086,46,6.0,9,
2004,DEN,11,8,14,0.7391304347826086,46,6.0,9,
2004,DEN,12,8,14,0.7391304347826086,46,6.0,9,
2004,DEN,13,8,14,0.723404255319149,47,6.0,9,
2004,DEN,14,8,14,0.6938775510204082,49,6.0,9,
2004,DEN,15,8,14,0.7,50,6.0,9,
2004,DEN,16,8,14,0.6730769230769231,52,6.0,9,
2004,DEN,17,8,14,0.660377358490566,53,6.0,9,
2004,DEN,18,8,14,0.6792452830188679,53,6.0,9,
2004,DET,1,10,17,0.9130434782608696,46,2.5,4,
2004,DET,2,10,17,0.9148936170212766,47,2.5,4,
2004,DET,3,10,17,0.875,48,2.5,4,
2004,DET,4,10,17,0.8571428571428571,49,2.5,4,
2004,DET,5,10,17,0.8571428571428571,49,2.5,4,
2004,DET,6,10,17,0.8571428571428571,49,2.5,4,
2004,DET,7,10,17,0.8571428571428571,49,2.5,4,
2004,DET,8,10,17,0.8571428571428571,49,2.5,4,
2004,DET,9,10,17,0.84,50,2.5,4,
2004,DET,10,10,17,0.8235294117647058,51,2.5,4,
2004,DET,11,10,17,0.8235294117647058,51,2.5,4,
2004,DET,12,10,17,0.8235294117647058,51,2.5,4,
2004,DET,13,10,17,0.8235294117647058,51,2.5,4,
2004,DET,14,10,17,0.8235294117647058,51,2.5,4,
2004,DET,15,10,17,0.8076923076923077,52,2.5,4,
2004,DET,16,10,17,0.8113207547169812,53,2.5,4,
2004,DET,17,10,17,0.8113207547169812,53,2.5,4,
2004,GB,1,4,10,0.7608695652173914,46,4.0,7,
2004,GB,2,4,10,0.7446808510638298,47,4.0,7,
2004,GB,3,4,10,0.7446808510638298,47,4.0,7,
2004,GB,4,4,10,0.75,48,4.0,7,
2004,GB,5,4,10,0.75,48,4.0,7,
2004,GB,6,4,10,0.7446808510638298,47,4.0,7,
2004,GB,7,4,10,0.75,48,4.0,7,
2004,GB,8,4,10,0.7551020408163265,49,4.0,7,
2004,GB,9,4,10,0.75,48,4.0,7,
2004,GB,10,4,10,0.7551020408163265,49,4.0,7,
2004,GB,11,4,10,0.7551020408163265,49,4.0,7,
2004,GB,12,4,10,0.74,50,4.0,7,
2004,GB,13,4,10,0.7254901960784313,51,4.0,7,
2004,GB,14,4,10,0.7307692307692307,52,4.0,7,
2004,GB,15,4,10,0.7307692307692307,52,4.0,7,
2004,GB,16,4,10,0.7169811320754716,53,4.0,7,
2004,GB,17,4,10,0.7169811320754716,53,4.0,7,
2004,GB,18,4,10,0.7169811320754716,53,4.0,7,
2004,HOU,1,6,15,0.8297872340425532,47,2.0,2,
2004,HOU,2,6,15,0.8297872340425532,47,2.0,2,
2004,HOU,3,6,15,0.851063829787234,47,2.0,2,
2004,HOU,4,6,15,0.851063829787234,47,2.0,2,
2004,HOU,5,6,15,0.851063829787234,47,2.0,2,
2004,HOU,6,6,15,0.851063829787234,47,2.0,2,
2004,HOU,7,6,15,0.851063829787234,47,2.0,2,
2004,HOU,8,6,15,0.851063829787234,47,2.0,2,
2004,HOU,9,6,15,0.851063829787234,47,2.0,2,
2004,HOU,10,6,15,0.851063829787234,47,2.0,2,
2004,HOU,11,6,15,0.8333333333333334,48,2.0,2,
2004,HOU,12,6,15,0.8333333333333334,48,2.0,2,
2004,HOU,13,6,15,0.8333333333333334,48,2.0,2,
2004,HOU,14,6,15,0.82,50,2.0,2,
2004,HOU,15,6,15,0.8235294117647058,51,2.0,2,
2004,HOU,16,6,15,0.8076923076923077,52,2.0,2,
2004,HOU,17,6,15,0.7924528301886793,53,2.0,2,
2004,IND,1,8,12,0.7021276595744681,47,4.75,5,
2004,IND,2,8,13,0.723404255319149,47,4.75,5,
2004,IND,3,8,13,0.7291666666666666,48,4.75,5,
2004,IND,4,8,13,0.7291666666666666,48,4.75,5,
2004,IND,5,8,13,0.75,48,4.75,5,
2004,IND,6,8,13,0.7346938775510204,49,4.75,5,
2004,IND,7,8,13,0.7346938775510204,49,4.75,5,
2004,IND,8,8,13,0.7551020408163265,49,4.75,5,
2004,IND,9,8,13,0.7551020408163265,49,4.75,5,
2004,IND,10,8,13,0.74,50,4.75,5,
2004,IND,11,8,13,0.7346938775510204,49,4.75,5,
2004,IND,12,8,13,0.7346938775510204,49,4.75,5,
2004,IND,13,8,13,0.74,50,4.75,5,
2004,IND,14,8,13,0.76,50,5.5,6,
2004,IND,15,8,13,0.76,50,5.5,6,
2004,IND,16,8,13,0.7647058823529411,51,5.5,6,
2004,IND,17,8,13,0.75,52,5.5,6,
2004,IND,18,8,13,0.75,52,5.5,6,
2004,IND,19,8,13,0.7358490566037735,53,5.5,6,
2004,JAX,1,11,20,0.7555555555555555,45,2.0,3,
2004,JAX,2,11,20,0.7555555555555555,45,2.0,3,
2004,JAX,3,11,20,0.7608695652173914,46,2.0,3,
2004,JAX,4,11,20,0.7608695652173914,46,2.0,3,
2004,JAX,5,12,21,0.7659574468085106,47,2.0,3,
2004,JAX,6,12,21,0.7755102040816326,49,2.0,3,
2004,JAX,7,12,21,0.7755102040816326,49,2.0,3,
2004,JAX,8,12,21,0.78,50,3.0,4,
2004,JAX,9,12,21,0.78,50,3.0,4,
2004,JAX,10,12,21,0.78,50,3.0,4,
2004,JAX,11,12,21,0.78,50,3.0,4,
2004,JAX,12,12,21,0.78,50,3.0,4,
2004,JAX,13,12,21,0.7692307692307693,52,3.0,4,
2004,JAX,14,12,21,0.7735849056603774,53,3.0,4,
2004,JAX,15,12,21,0.7735849056603774,53,3.0,4,
2004,JAX,16,12,21,0.7777777777777778,54,3.0,4,
2004,JAX,17,12,21,0.7777777777777778,54,3.0,4,
2004,KC,1,7,15,0.7708333333333334,48,4.0,8,
2004,KC,2,7,15,0.7708333333333334,48,4.0,8,
2004,KC,3,7,15,0.7551020408163265,49,4.0,8,
2004,KC,4,7,15,0.7551020408163265,49,4.0,8,
2004,KC,5,7,15,0.7708333333333334,48,4.0,8,
2004,KC,6,7,15,0.7708333333333334,48,4.0,8,
2004,KC,7,7,15,0.7708333333333334,48,4.0,8,
2004,KC,8,7,15,0.7708333333333334,48,4.0,8,
2004,KC,9,7,15,0.7708333333333334,48,4.0,8,
2004,KC,10,7,15,0.7551020408163265,49,4.0,8,
2004,KC,11,7,15,0.7551020408163265,49,4.0,8,
2004,KC,12,7,15,0.74,50,4.0,8,
2004,KC,13,7,15,0.74,50,4.0,8,
2004,KC,14,7,15,0.7254901960784313,51,4.0,8,
2004,KC,15,7,15,0.7254901960784313,51,4.0,8,
2004,KC,16,7,15,0.6981132075471698,53,4.0,8,
2004,KC,17,7,15,0.6981132075471698,53,4.0,8,
2004,MIA,1,2,5,0.7380952380952381,42,5.0,6,
2004,MIA,2,2,5,0.7073170731707317,41,5.0,6,
2004,MIA,3,2,5,0.6976744186046512,43,5.0,6,
2004,MIA,4,2,5,0.6888888888888889,45,5.0,6,
2004,MIA,5,2,5,0.6888888888888889,45,5.0,6,
2004,MIA,6,2,5,0.6976744186046512,43,5.0,6,
2004,MIA,7,2,5,0.6976744186046512,43,5.0,6,
2004,MIA,8,2,5,0.7045454545454546,44,5.0,6,
2004,MIA,9,2,5,0.7045454545454546,44,5.0,6,
2004,MIA,10,1,4,0.6976744186046512,43,5.0,6,
2004,MIA,11,1,4,0.6956521739130435,46,5.0,6,
2004,MIA,12,1,4,0.6808510638297872,47,5.0,6,
2004,MIA,13,1,4,0.6595744680851063,47,5.0,6,
2004,MIA,14,1,4,0.6666666666666666,48,5.0,6,
2004,MIA,15,1,4,0.6470588235294118,51,5.0,6,
2004,MIA,16,1,4,0.6346153846153846,52,5.0,6,
2004,MIA,17,1,4,0.6226415094339622,53,5.0,6,
2004,MIN,1,9,13,0.7391304347826086,46,4.5,6,
2004,MIN,2,9,14,0.7659574468085106,47,4.5,6,
2004,MIN,3,9,15,0.7551020408163265,49,4.5,6,
2004,MIN,4,9,15,0.7551020408163265,49,4.5,6,
2004,MIN,5,9,15,0.75,48,4.5,6,
2004,MIN,6,9,15,0.75,48,4.5,6,
2004,MIN,7,9,15,0.75,48,4.5,6,
2004,MIN,8,9,15,0.75,48,4.5,6,
2004,MIN,9,9,15,0.7551020408163265,49,4.5,6,
2004,MIN,10,9,15,0.74,50,4.5,6,
2004,MIN,11,9,15,0.74,50,4.5,6,
2004,MIN,12,9,15,0.7254901960784313,51,4.5,6,
2004,MIN,13,9,15,0.7254901960784313,51,4.5,6,
2004,MIN,14,9,15,0.7254901960784313,51,4.5,6,
2004,MIN,15,9,15,0.7115384615384616,52,4.5,6,
2004,MIN,16,9,15,0.6981132075471698,53,4.5,6,
2004,MIN,17,9,15,0.6981132075471698,53,4.5,6,
2004,MIN,18,9,15,0.6981132075471698,53,4.5,6,
2004,MIN,19,9,15,0.6981132075471698,53,4.5,6,
2004,NE,1,5,15,0.75,44,6.0,8,
2004,NE,2,5,15,0.7333333333333333,45,6.0,8,
2004,NE,3,5,15,0.7333333333333333,45,6.0,8,
2004,NE,4,5,15,0.7391304347826086,46,6.0,8,
2004,NE,5,5,16,0.75,48,6.0,8,
2004,NE,6,5,16,0.75,48,6.0,8,
2004,NE,7,5,16,0.7346938775510204,49,6.0,8,
2004,NE,8,5,16,0.74,50,6.0,8,
2004,NE,9,5,16,0.7254901960784313,51,6.0,8,
2004,NE,10,5,16,0.7254901960784313,51,6.0,8,
2004,NE,11,5,16,0.74,50,6.0,8,
2004,NE,12,5,16,0.7346938775510204,49,6.0,8,
2004,NE,13,5,16,0.7346938775510204,49,6.0,8,
2004,NE,14,5,16,0.7346938775510204,49,6.0,8,
2004,NE,15,5,16,0.7346938775510204,49,6.0,8,
2004,NE,16,5,15,0.72,50,6.0,8,
2004,NE,17,5,16,0.7254901960784313,51,6.0,8,
2004,NE,18,5,16,0.7254901960784313,51,6.0,8,
2004,NE,19,5,16,0.7307692307692307,52,6.0,8,
2004,NE,20,5,16,0.7307692307692307,52,6.0,8,
2004,NE,21,5,16,0.7169811320754716,53,6.0,8,
2004,NO,1,8,16,0.6875,48,3.0,4,
2004,NO,2,8,16,0.673469387755102,49,3.0,4,
2004,NO,3,8,16,0.6875,48,3.0,4,
2004,NO,4,8,16,0.6875,48,3.0,4,
2004,NO,5,8,16,0.6938775510204082,49,3.0,4,
2004,NO,6,8,16,0.7,50,4.0,5,
2004,NO,7,8,16,0.7,50,4.0,5,
2004,NO,8,8,16,0.7,50,4.0,5,
2004,NO,9,8,16,0.7,50,4.0,5,
2004,NO,10,8,16,0.68,50,4.0,5,
2004,NO,11,8,16,0.68,50,4.0,5,
2004,NO,12,8,16,0.68,50,4.0,5,
2004,NO,13,8,17,0.6862745098039216,51,4.0,5,
2004,NO,14,8,17,0.6730769230769231,52,4.0,5,
2004,NO,15,8,17,0.6730769230769231,52,4.0,5,
2004,NO,16,8,17,0.6792452830188679,53,4.0,5,
2004,NO,17,8,17,0.6792452830188679,53,4.0,5,
2004,NYG,1,7,13,0.6744186046511628,43,3.0,2,
2004,NYG,2,7,13,0.6590909090909091,44,3.0,2,
2004,NYG,3,7,13,0.6590909090909091,44,3.0,2,
2004,NYG,4,7,13,0.6590909090909091,44,3.0,2,
2004,NYG,5,7,13,0.6666666666666666,45,3.0,2,
2004,NYG,6,7,13,0.6595744680851063,47,3.0,2,
2004,NYG,7,7,13,0.6595744680851063,47,3.0,2,
2004,NYG,8,7,13,0.6595744680851063,47,3.0,2,
2004,NYG,9,7,13,0.6595744680851063,47,3.0,2,
2004,NYG,10,7,13,0.6595744680851063,47,3.0,2,
2004,NYG,11,7,13,0.6595744680851063,47,3.0,2,
2004,NYG,12,7,13,0.6595744680851063,47,3.0,2,
2004,NYG,13,7,13,0.6530612244897959,49,3.0,2,
2004,NYG,14,7,13,0.6530612244897959,49,3.0,2,
2004,NYG,15,7,13,0.6530612244897959,49,3.0,2,
2004,NYG,16,7,13,0.6346153846153846,52,3.0,2,
2004,NYG,17,7,13,0.6346153846153846,52,3.0,2,
2004,NYJ,1,10,17,0.84,50,4.75,6,
2004,NYJ,2,10,17,0.86,50,4.75,6,
2004,NYJ,3,10,17,0.8571428571428571,49,4.75,6,
2004,NYJ,4,10,17,0.86,50,4.75,6,
2004,NYJ,5,10,17,0.86,50,4.75,6,
2004,NYJ,6,10,17,0.8627450980392157,51,4.75,6,
2004,NYJ,7,10,17,0.8627450980392157,51,4.75,6,
2004,NYJ,8,10,17,0.8627450980392157,51,4.75,6,
2004,NYJ,9,10,17,0.8627450980392157,51,4.75,6,
2004,NYJ,10,10,17,0.8301886792452831,53,4.75,6,
2004,NYJ,11,10,17,0.8301886792452831,53,4.75,6,
2004,NYJ,12,10,17,0.8301886792452831,53,4.75,6,
2004,NYJ,13,10,17,0.8301886792452831,53,4.75,6,
2004,NYJ,14,10,17,0.8301886792452831,53,4.75,6,
2004,NYJ,15,10,17,0.8301886792452831,53,4.75,6,
2004,NYJ,16,10,17,0.8301886792452831,53,4.75,6,
2004,NYJ,17,10,17,0.8301886792452831,53,4.75,6,
2004,NYJ,18,10,17,0.8301886792452831,53,4.75,6,
2004,NYJ,19,10,17,0.8301886792452831,53,4.75,6,
2004,OAK,1,11,18,0.851063829787234,47,5.0,5,
2004,OAK,2,11,18,0.851063829787234,47,5.0,5,
2004,OAK,3,11,18,0.851063829787234,47,5.0,5,
2004,OAK,4,11,18,0.851063829787234,47,5.0,5,
2004,OAK,5,11,18,0.851063829787234,47,5.0,5,
2004,OAK,6,11,18,0.851063829787234,47,5.0,5,
2004,OAK,7,10,17,0.851063829787234,47,4.0,4,
2004,OAK,8,10,17,0.851063829787234,47,4.0,4,
2004,OAK,9,10,17,0.8333333333333334,48,4.0,4,
2004,OAK,10,10,17,0.8333333333333334,48,4.0,4,
2004,OAK,11,10,17,0.8163265306122449,49,4.0,4,
2004,OAK,12,10,17,0.8163265306122449,49,4.0,4,
2004,OAK,13,10,17,0.8,50,4.0,4,
2004,OAK,14,10,17,0.8,50,4.0,4,
2004,OAK,15,10,17,0.8,50,4.0,4,
2004,OAK,16,10,17,0.7924528301886793,53,4.0,4,
2004,OAK,17,10,17,0.7924528301886793,53,4.0,4,
2004,PHI,1,9,14,0.7291666666666666,48,8.0,11,
2004,PHI,2,9,14,0.7346938775510204,49,8.0,11,
2004,PHI,3,9,14,0.7346938775510204,49,8.0,11,
2004,PHI,4,9,14,0.72,50,8.0,11,
2004,PHI,5,9,14,0.72,50,8.0,11,
2004,PHI,6,9,14,0.72,50,8.0,11,
2004,PHI,7,9,14,0.72,50,8.0,11,
2004,PHI,8,9,14,0.72,50,8.0,11,
2004,PHI,9,9,14,0.72,50,8.0,11,
2004,PHI,10,9,14,0.72,50,8.0,11,
2004,PHI,11,9,14,0.72,50,8.0,11,
2004,PHI,12,9,14,0.72,50,8.0,11,
2004,PHI,13,9,14,0.72,50,8.0,11,
2004,PHI,14,9,14,0.72,50,8.0,11,
2004,PHI,15,9,14,0.7058823529411765,51,8.0,11,
2004,PHI,16,9,14,0.7058823529411765,51,8.0,11,
2004,PHI,17,9,14,0.6923076923076923,52,8.0,11,
2004,PHI,18,9,14,0.6923076923076923,52,8.0,11,
2004,PHI,19,9,14,0.6923076923076923,52,8.0,11,
2004,PHI,20,9,14,0.6923076923076923,52,8.0,11,
2004,PHI,21,9,14,0.6792452830188679,53,8.0,11,
2004,PIT,1,9,15,0.7708333333333334,48,5.75,5,
2004,PIT,2,9,15,0.76,50,5.75,5,
2004,PIT,3,9,15,0.76,50,5.75,5,
2004,PIT,4,9,15,0.76,50,5.75,5,
2004,PIT,5,9,15,0.76,50,5.75,5,
2004,PIT,6,9,15,0.76,50,5.75,5,
2004,PIT,7,9,15,0.7692307692307693,52,5.75,5,
2004,PIT,8,9,15,0.7692307692307693,52,5.75,5,
2004,PIT,9,9,15,0.7692307692307693,52,5.75,5,
2004,PIT,10,9,15,0.75,52,5.75,5,
2004,PIT,11,9,15,0.75,52,5.75,5,
2004,PIT,12,9,15,0.7647058823529411,51,5.75,5,
2004,PIT,13,9,15,0.7647058823529411,51,5.75,5,
2004,PIT,14,9,15,0.75,52,5.75,5,
2004,PIT,15,9,15,0.75,52,5.75,5,
2004,PIT,16,9,15,0.75,52,5.75,5,
2004,PIT,17,9,15,0.7547169811320755,53,5.75,5,
2004,PIT,18,9,15,0.7547169811320755,53,5.75,5,
2004,PIT,19,9,15,0.7547169811320755,53,5.75,5,
2004,PIT,20,9,15,0.7547169811320755,53,5.75,5,
2004,SD,1,5,12,0.7083333333333334,48,2.75,3,
2004,SD,2,5,12,0.7083333333333334,48,2.75,3,
2004,SD,3,5,12,0.7083333333333334,48,2.75,3,
2004,SD,4,5,12,0.7083333333333334,48,2.75,3,
2004,SD,5,5,12,0.7083333333333334,48,2.75,3,
2004,SD,6,5,12,0.7083333333333334,48,2.75,3,
2004,SD,7,5,12,0.72,50,2.75,4,
2004,SD,8,5,13,0.7254901960784313,51,2.75,4,
2004,SD,9,5,13,0.7254901960784313,51,2.75,4,
2004,SD,10,5,13,0.7058823529411765,51,2.75,4,
2004,SD,11,5,13,0.7058823529411765,51,2.75,4,
2004,SD,12,5,13,0.7058823529411765,51,2.75,4,
2004,SD,13,5,13,0.7058823529411765,51,2.75,4,
2004,SD,14,5,13,0.7058823529411765,51,2.75,4,
2004,SD,15,5,13,0.6923076923076923,52,2.75,4,
2004,SD,16,5,13,0.7115384615384616,52,2.75,4,
2004,SD,17,5,13,0.6981132075471698,53,2.75,4,
2004,SD,18,5,13,0.6981132075471698,53,2.75,4,
2004,SEA,1,9,17,0.8913043478260869,46,3.0,5,
2004,SEA,2,9,16,0.8913043478260869,46,3.0,5,
2004,SEA,3,9,16,0.8913043478260869,46,3.0,5,
2004,SEA,4,9,16,0.8913043478260869,46,3.0,5,
2004,SEA,5,9,16,0.8913043478260869,46,3.0,5,
2004,SEA,6,9,17,0.8913043478260869,46,3.0,5,
2004,SEA,7,10,17,0.8913043478260869,46,4.0,6,
2004,SEA,8,10,18,0.8936170212765957,47,4.0,6,
2004,SEA,9,10,18,0.8775510204081632,49,4.0,6,
2004,SEA,10,10,18,0.8775510204081632,49,4.0,6,
2004,SEA,11,10,18,0.8775510204081632,49,4.0,6,
2004,SEA,12,9,17,0.84,50,4.0,6,
2004,SEA,13,9,17,0.84,50,4.0,6,
2004,SEA,14,9,17,0.8235294117647058,51,4.0,6,
2004,SEA,15,9,17,0.8235294117647058,51,4.0,6,
2004,SEA,16,10,18,0.8269230769230769,52,4.0,6,
2004,SEA,17,10,18,0.8269230769230769,52,4.0,6,
2004,SEA,18,10,18,0.8113207547169812,53,4.0,6,
2004,SF,1,4,11,0.8292682926829268,41,3.0,2,
2004,SF,2,4,11,0.8292682926829268,41,3.0,2,
2004,SF,3,4,11,0.8292682926829268,41,3.0,2,
2004,SF,4,4,11,0.8333333333333334,42,3.0,2,
2004,SF,5,4,11,0.8333333333333334,42,3.0,2,
2004,SF,6,4,11,0.7954545454545454,44,3.0,2,
2004,SF,7,4,11,0.813953488372093,43,3.0,2,
2004,SF,8,4,11,0.7777777777777778,45,3.0,2,
2004,SF,9,4,11,0.7777777777777778,45,3.0,2,
2004,SF,10,4,11,0.7659574468085106,47,3.0,2,
2004,SF,11,4,11,0.7659574468085106,47,3.0,2,
2004,SF,12,4,11,0.7659574468085106,47,3.0,2,
2004,SF,13,4,11,0.75,48,3.0,2,
2004,SF,14,4,11,0.7346938775510204,49,3.0,2,
2004,SF,15,4,11,0.74,50,3.0,2,
2004,SF,16,4,11,0.7254901960784313,51,3.0,2,
2004,SF,17,4,11,0.6981132075471698,53,3.0,2,
2004,STL,1,10,14,0.6875,48,6.0,8,
2004,STL,2,10,14,0.6808510638297872,47,6.0,8,
2004,STL,3,10,14,0.6956521739130435,46,6.0,8,
2004,STL,4,10,14,0.6956521739130435,46,6.0,8,
2004,STL,5,10,14,0.6956521739130435,46,6.0,8,
2004,STL,6,10,14,0.6956521739130435,46,6.0,8,
2004,STL,7,10,14,0.7021276595744681,47,6.0,8,
2004,STL,8,10,14,0.6956521739130435,46,6.0,8,
2004,STL,9,10,14,0.6956521739130435,46,6.0,8,
2004,STL,10,11,15,0.7021276595744681,47,6.0,8,
2004,STL,11,11,15,0.6875,48,6.0,8,
2004,STL,12,11,15,0.673469387755102,49,6.0,8,
2004,STL,13,11,15,0.66,50,6.0,8,
2004,STL,14,11,15,0.6470588235294118,51,6.0,8,
2004,STL,15,11,15,0.6470588235294118,51,6.0,8,
2004,STL,16,11,15,0.6470588235294118,51,6.0,8,
2004,STL,17,11,15,0.6415094339622641,53,6.0,8,
2004,STL,18,11,15,0.6415094339622641,53,6.0,8,
2004,STL,19,11,15,0.6415094339622641,53,6.0,8,
2004,TB,1,8,14,0.7674418604651163,43,4.75,11,
2004,TB,2,8,14,0.7674418604651163,43,4.75,11,
2004,TB,3,8,14,0.7674418604651163,43,4.75,11,
2004,TB,4,8,14,0.7727272727272727,44,4.75,11,
2004,TB,5,8,14,0.7727272727272727,44,4.75,11,
2004,TB,6,8,14,0.7555555555555555,45,4.75,11,
2004,TB,7,8,15,0.7446808510638298,47,4.75,11,
2004,TB,8,8,15,0.7291666666666666,48,4.75,11,
2004,TB,9,8,15,0.7446808510638298,47,4.75,11,
2004,TB,10,8,15,0.75,48,4.75,11,
2004,TB,11,8,15,0.7708333333333334,48,4.75,11,
2004,TB,12,8,15,0.7551020408163265,49,4.75,11,
2004,TB,13,8,16,0.74,50,4.0,10,
2004,TB,14,8,16,0.74,50,4.0,10,
2004,TB,15,8,16,0.7307692307692307,52,4.0,10,
2004,TB,16,8,16,0.7169811320754716,53,4.0,10,
2004,TB,17,8,16,0.7169811320754716,53,4.0,10,
2004,TEN,1,6,13,0.8260869565217391,46,6.25,7,
2004,TEN,2,6,13,0.8297872340425532,47,6.25,7,
2004,TEN,3,6,13,0.8297872340425532,47,6.25,7,
2004,TEN,4,6,13,0.8297872340425532,47,6.25,7,
2004,TEN,5,6,13,0.8367346938775511,49,6.25,7,
2004,TEN,6,6,13,0.8367346938775511,49,6.25,7,
2004,TEN,7,6,13,0.8367346938775511,49,6.25,7,
2004,TEN,8,6,13,0.8367346938775511,49,6.25,7,
2004,TEN,9,6,13,0.8367346938775511,49,6.25,7,
2004,TEN,10,6,13,0.8367346938775511,49,6.25,7,
2004,TEN,11,6,13,0.8367346938775511,49,6.25,7,
2004,TEN,12,6,13,0.8367346938775511,49,6.25,7,
2004,TEN,13,6,13,0.8431372549019608,51,6.25,7,
2004,TEN,14,6,13,0.8269230769230769,52,6.25,7,
2004,TEN,15,6,13,0.8269230769230769,52,6.25,7,
2004,TEN,16,6,13,0.8269230769230769,52,6.25,7,
2004,TEN,17,6,13,0.8113207547169812,53,6.25,7,
2004,WAS,1,7,15,0.7317073170731707,41,2.0,3,
2004,WAS,2,7,15,0.7142857142857143,42,2.0,3,
2004,WAS,3,7,15,0.7317073170731707,41,2.0,3,
2004,WAS,4,7,15,0.7317073170731707,41,2.0,3,
2004,WAS,5,7,15,0.7142857142857143,42,2.0,3,
2004,WAS,6,7,15,0.7380952380952381,42,2.0,3,
2004,WAS,7,7,15,0.7560975609756098,41,2.0,3,
2004,WAS,8,7,16,0.7441860465116279,43,2.0,3,
2004,WAS,9,7,16,0.7272727272727273,44,2.0,3,
2004,WAS,10,7,16,0.7272727272727273,44,2.0,3,
2004,WAS,11,7,16,0.7111111111111111,45,2.0,3,
2004,WAS,12,7,16,0.6808510638297872,47,2.0,3,
2004,WAS,13,7,16,0.6808510638297872,47,2.0,3,
2004,WAS,14,7,16,0.6666666666666666,48,2.0,3,
2004,WAS,15,7,16,0.673469387755102,49,2.0,3,
2004,WAS,16,7,16,0.673469387755102,49,2.0,3,
2004,WAS,17,7,16,0.6226415094339622,53,2.0,3,
2005,ARI,1,4,8,0.6842105263157895,38,0.75,3,
2005,ARI,2,4,8,0.7105263157894737,38,0.75,3,
2005,ARI,3,4,8,0.7105263157894737,38,0.75,3,
2005,ARI,4,4,8,0.717948717948718,39,0.75,3,
2005,ARI,5,4,8,0.725,40,0.75,3,
2005,ARI,6,4,8,0.6904761904761905,42,0.75,3,
2005,ARI,7,4,8,0.6904761904761905,42,0.75,3,
2005,ARI,8,4,8,0.6904761904761905,42,0.75,3,
2005,ARI,9,4,8,0.6829268292682927,41,0.75,3,
2005,ARI,10,4,8,0.6666666666666666,42,0.75,3,
2005,ARI,11,4,9,0.6521739130434783,46,0.75,3,
2005,ARI,12,4,9,0.6382978723404256,47,0.75,3,
2005,ARI,13,4,8,0.6170212765957447,47,0.75,3,
2005,ARI,14,4,8,0.6041666666666666,48,0.75,3,
2005,ARI,15,4,9,0.6,50,0.75,3,
2005,ARI,16,4,9,0.5961538461538461,52,0.75,3,
2005,ARI,17,4,9,0.5849056603773585,53,0.75,3,
2005,ATL,1,8,13,0.7777777777777778,45,5.0,6,
2005,ATL,2,8,13,0.782608695652174,46,5.0,6,
2005,ATL,3,8,13,0.7777777777777778,45,5.0,6,
2005,ATL,4,8,14,0.8,45,5.0,6,
2005,ATL,5,8,14,0.782608695652174,46,5.0,6,
2005,ATL,6,8,14,0.7659574468085106,47,5.0,6,
2005,ATL,7,8,14,0.7708333333333334,48,5.0,6,
2005,ATL,8,8,14,0.7708333333333334,48,5.0,6,
2005,ATL,9,9,15,0.7959183673469388,49,5.0,6,
2005,ATL,10,9,15,0.7916666666666666,48,5.0,6,
2005,ATL,11,9,15,0.7755102040816326,49,5.0,6,
2005,ATL,12,9,15,0.7959183673469388,49,5.0,6,
2005,ATL,13,9,15,0.7755102040816326,49,5.0,6,
2005,ATL,14,9,15,0.76,50,5.0,6,
2005,ATL,15,9,15,0.76,50,5.0,6,
2005,ATL,16,9,15,0.76,50,5.0,6,
2005,ATL,17,9,15,0.7169811320754716,53,5.0,6,
2005,BAL,1,11,17,0.8043478260869565,46,8.25,11,
2005,BAL,2,11,16,0.8,45,8.25,11,
2005,BAL,3,11,17,0.8,45,8.25,11,
2005,BAL,4,11,17,0.782608695652174,46,8.25,11,
2005,BAL,5,11,17,0.782608695652174,46,8.25,11,
2005,BAL,6,11,17,0.782608695652174,46,8.25,11,
2005,BAL,7,11,17,0.782608695652174,46,8.25,11,
2005,BAL,8,11,17,0.782608695652174,46,8.25,11,
2005,BAL,9,11,17,0.782608695652174,46,8.25,11,
2005,BAL,10,11,17,0.7777777777777778,45,8.25,11,
2005,BAL,11,11,17,0.7777777777777778,45,8.25,11,
2005,BAL,12,11,17,0.7777777777777778,45,8.25,11,
2005,BAL,13,11,17,0.7446808510638298,47,8.25,11,
2005,BAL,14,11,17,0.72,50,8.25,11,
2005,BAL,15,11,17,0.7058823529411765,51,8.25,11,
2005,BAL,16,11,17,0.7058823529411765,51,8.25,11,
2005,BAL,17,11,17,0.6792452830188679,53,8.25,11,
2005,BUF,1,8,14,0.625,48,4.5,6,
2005,BUF,2,8,14,0.625,48,4.5,6,
2005,BUF,3,8,14,0.625,48,4.5,6,
2005,BUF,4,8,14,0.6122448979591837,49,4.5,6,
2005,BUF,5,8,14,0.6122448979591837,49,4.5,6,
2005,BUF,6,8,14,0.62,50,4.5,6,
2005,BUF,7,8,14,0.62,50,4.5,6,
2005,BUF,8,8,14,0.62,50,4.5,6,
2005,BUF,9,8,14,0.62,50,4.5,6,
2005,BUF,10,8,14,0.62,50,4.5,6,
2005,BUF,11,8,14,0.62,50,4.5,6,
2005,BUF,12,8,14,0.62,50,4.5,6,
2005,BUF,13,8,14,0.62,50,4.5,6,
2005,BUF,14,8,14,0.62,50,4.5,6,
2005,BUF,15,8,14,0.6274509803921569,51,4.5,6,
2005,BUF,16,8,14,0.6153846153846154,52,4.5,6,
2005,BUF,17,8,14,0.6037735849056604,53,4.5,6,
2005,CAR,1,6,12,0.7083333333333334,48,2.75,4,
2005,CAR,2,6,12,0.7142857142857143,49,2.75,4,
2005,CAR,3,6,12,0.6938775510204082,49,2.75,4,
2005,CAR,4,6,12,0.6938775510204082,49,2.75,4,
2005,CAR,5,6,12,0.7,50,2.75,4,
2005,CAR,6,6,12,0.7,50,2.75,4,
2005,CAR,7,6,12,0.7,50,2.75,4,
2005,CAR,8,6,12,0.7,50,2.75,4,
2005,CAR,9,6,12,0.72,50,2.75,4,
2005,CAR,10,6,12,0.72,50,2.75,4,
2005,CAR,11,6,12,0.72,50,2.75,4,
2005,CAR,12,6,12,0.72,50,2.75,4,
2005,CAR,13,6,12,0.72,50,2.75,4,
2005,CAR,14,6,12,0.72,50,2.75,4,
2005,CAR,15,5,11,0.72,50,2.75,4,
2005,CAR,16,5,11,0.7058823529411765,51,2.75,4,
2005,CAR,17,5,11,0.7058823529411765,51,2.75,4,
2005,CAR,18,5,11,0.6923076923076923,52,2.75,4,
2005,CAR,19,5,11,0.6923076923076923,52,2.75,4,
2005,CAR,20,5,11,0.6792452830188679,53,2.75,4,
2005,CHI,1,10,14,0.875,48,7.75,6,
2005,CHI,2,9,13,0.875,48,7.75,6,
2005,CHI,3,9,13,0.875,48,7.75,6,
2005,CHI,4,9,13,0.875,48,7.75,6,
2005,CHI,5,9,13,0.8571428571428571,49,7.75,6,
2005,CHI,6,9,13,0.84,50,7.75,6,
2005,CHI,7,9,13,0.84,50,7.75,6,
2005,CHI,8,9,13,0.84,50,7.75,6,
2005,CHI,9,9,13,0.8235294117647058,51,7.75,6,
2005,CHI,10,9,13,0.8076923076923077,52,7.75,6,
2005,CHI,11,9,13,0.8076923076923077,52,7.75,6,
2005,CHI,12,9,13,0.8076923076923077,52,7.75,6,
2005,CHI,13,9,14,0.8113207547169812,53,7.75,6,
2005,CHI,14,9,14,0.8113207547169812,53,7.75,6,
2005,CHI,15,9,14,0.7924528301886793,53,7.75,6,
2005,CHI,16,9,14,0.7924528301886793,53,7.75,6,
2005,CHI,17,9,14,0.7924528301886793,53,7.75,6,
2005,CHI,18,9,14,0.7924528301886793,53,7.75,6,
2005,CHI,19,9,14,0.7962962962962963,54,7.75,6,
2005,CIN,1,8,16,0.8125,48,2.75,5,
2005,CIN,2,8,16,0.8163265306122449,49,2.75,5,
2005,CIN,3,8,16,0.8163265306122449,49,2.75,5,
2005,CIN,4,8,16,0.8163265306122449,49,2.75,5,
2005,CIN,5,8,16,0.82,50,2.75,5,
2005,CIN,6,9,17,0.82,50,2.75,5,
2005,CIN,7,9,17,0.82,50,2.75,5,
2005,CIN,8,9,17,0.82,50,2.75,5,
2005,CIN,9,9,17,0.82,50,2.75,5,
2005,CIN,10,9,17,0.8235294117647058,51,2.75,5,
2005,CIN,11,9,17,0.8235294117647058,51,2.75,5,
2005,CIN,12,9,17,0.8076923076923077,52,2.75,5,
2005,CIN,13,9,17,0.8113207547169812,53,2.75,5,
2005,CIN,14,9,17,0.8113207547169812,53,2.75,5,
2005,CIN,15,9,17,0.8113207547169812,53,2.75,5,
2005,CIN,16,9,17,0.8113207547169812,53,2.75,5,
2005,CIN,17,9,17,0.8113207547169812,53,2.75,5,
2005,CIN,18,9,17,0.8113207547169812,53,2.75,5,
2005,CLE,1,4,10,0.7555555555555555,45,0.0,0,
2005,CLE,2,4,10,0.7555555555555555,45,0.0,0,
2005,CLE,3,4,10,0.7608695652173914,46,0.0,0,
2005,CLE,4,4,10,0.7608695652173914,46,0.0,0,
2005,CLE,5,4,10,0.7608695652173914,46,0.0,0,
2005,CLE,6,4,10,0.7608695652173914,46,0.0,0,
2005,CLE,7,4,10,0.7608695652173914,46,0.0,0,
2005,CLE,8,4,10,0.7446808510638298,47,0.0,0,
2005,CLE,9,4,10,0.7446808510638298,47,0.0,0,
2005,CLE,10,4,10,0.7446808510638298,47,0.0,0,
2005,CLE,11,4,10,0.7446808510638298,47,0.0,0,
2005,CLE,12,4,10,0.7446808510638298,47,0.0,0,
2005,CLE,13,4,10,0.7291666666666666,48,0.0,0,
2005,CLE,14,4,10,0.72,50,0.0,0,
2005,CLE,15,4,10,0.7058823529411765,51,0.0,0,
2005,CLE,16,4,10,0.6923076923076923,52,0.0,0,
2005,CLE,17,4,10,0.6981132075471698,53,0.0,0,
2005,DAL,1,9,13,0.7333333333333333,45,5.75,8,
2005,DAL,2,9,13,0.7333333333333333,45,5.75,8,
2005,DAL,3,9,13,0.7333333333333333,45,5.75,8,
2005,DAL,4,9,13,0.717391304347826,46,5.75,8,
2005,DAL,5,9,13,0.717391304347826,46,5.75,8,
2005,DAL,6,9,13,0.717391304347826,46,5.75,8,
2005,DAL,7,9,13,0.717391304347826,46,5.75,8,
2005,DAL,8,9,13,0.717391304347826,46,5.75,8,
2005,DAL,9,10,14,0.7083333333333334,48,5.75,8,
2005,DAL,10,10,14,0.7083333333333334,48,5.75,8,
2005,DAL,11,10,14,0.723404255319149,47,5.75,8,
2005,DAL,12,10,14,0.7291666666666666,48,5.75,8,
2005,DAL,13,10,14,0.7346938775510204,49,5.75,8,
2005,DAL,14,10,14,0.7346938775510204,49,5.75,8,
2005,DAL,15,10,14,0.72,50,5.75,8,
2005,DAL,16,10,14,0.72,50,5.75,8,
2005,DAL,17,10,15,0.6981132075471698,53,5.75,8,
2005,DEN,1,11,19,0.7551020408163265,49,7.0,11,
2005,DEN,2,12,20,0.76,50,7.0,11,
2005,DEN,3,12,20,0.76,50,7.0,11,
2005,DEN,4,12,20,0.7450980392156863,51,7.0,11,
2005,DEN,5,12,20,0.7647058823529411,51,7.0,11,
2005,DEN,6,12,20,0.7647058823529411,51,7.0,11,
2005,DEN,7,12,20,0.7647058823529411,51,7.0,11,
2005,DEN,8,12,20,0.7647058823529411,51,7.0,11,
2005,DEN,9,12,20,0.7735849056603774,53,7.0,11,
2005,DEN,10,12,20,0.7735849056603774,53,7.0,11,
2005,DEN,11,12,20,0.7547169811320755,53,7.0,11,
2005,DEN,12,12,20,0.7547169811320755,53,7.0,11,
2005,DEN,13,12,20,0.7547169811320755,53,7.0,11,
2005,DEN,14,12,20,0.7547169811320755,53,7.0,11,
2005,DEN,15,12,20,0.7547169811320755,53,7.0,11,
2005,DEN,16,12,20,0.7547169811320755,53,7.0,11,
2005,DEN,17,12,20,0.7547169811320755,53,7.0,11,
2005,DEN,18,12,20,0.7547169811320755,53,7.0,11,
2005,DEN,19,12,20,0.7547169811320755,53,7.0,11,
2005,DEN,20,12,20,0.7547169811320755,53,7.0,11,
2005,DET,1,9,17,0.8,45,3.0,5,
2005,DET,2,9,17,0.8,45,3.0,5,
2005,DET,3,9,17,0.8,45,3.0,5,
2005,DET,4,9,17,0.782608695652174,46,3.0,5,
2005,DET,5,8,16,0.7777777777777778,45,3.0,5,
2005,DET,6,8,16,0.7777777777777778,45,3.0,5,
2005,DET,7,8,16,0.7777777777777778,45,3.0,5,
2005,DET,8,9,17,0.7659574468085106,47,3.0,5,
2005,DET,9,9,17,0.7872340425531915,47,3.0,5,
2005,DET,10,10,18,0.7916666666666666,48,3.0,5,
2005,DET,11,10,18,0.7755102040816326,49,3.0,5,
2005,DET,12,10,18,0.7755102040816326,49,3.0,5,
2005,DET,13,10,18,0.78,50,3.0,5,
2005,DET,14,10,18,0.7843137254901961,51,3.0,5,
2005,DET,15,10,18,0.7692307692307693,52,3.0,5,
2005,DET,16,10,18,0.7735849056603774,53,3.0,5,
2005,DET,17,10,18,0.7735849056603774,53,3.0,5,
2005,GB,1,3,8,0.7142857142857143,42,2.0,5,
2005,GB,2,3,8,0.7142857142857143,42,2.0,5,
2005,GB,3,3,8,0.7142857142857143,42,2.0,5,
2005,GB,4,3,8,0.7142857142857143,42,2.0,5,
2005,GB,5,3,8,0.7142857142857143,42,2.0,5,
2005,GB,6,3,8,0.7142857142857143,42,2.0,5,
2005,GB,7,3,8,0.7142857142857143,42,2.0,5,
2005,GB,8,3,8,0.6818181818181818,44,2.0,5,
2005,GB,9,3,8,0.6744186046511628,43,2.0,5,
2005,GB,10,3,8,0.6590909090909091,44,2.0,5,
2005,GB,11,3,8,0.6590909090909091,44,2.0,5,
2005,GB,12,3,8,0.6444444444444445,45,2.0,5,
2005,GB,13,3,8,0.6595744680851063,47,2.0,5,
2005,GB,14,3,8,0.6595744680851063,47,2.0,5,
2005,GB,15,3,8,0.6458333333333334,48,2.0,5,
2005,GB,16,4,9,0.6274509803921569,51,2.0,5,
2005,GB,17,4,9,0.6037735849056604,53,2.0,5,
2005,HOU,1,6,11,0.8181818181818182,44,0.0,1,
2005,HOU,2,6,11,0.8181818181818182,44,0.0,1,
2005,HOU,3,6,11,0.8181818181818182,44,0.0,1,
2005,HOU,4,6,11,0.8181818181818182,44,0.0,1,
2005,HOU,5,6,11,0.8181818181818182,44,0.0,1,
2005,HOU,6,6,11,0.8181818181818182,44,0.0,1,
2005,HOU,7,6,11,0.8222222222222222,45,0.0,1,
2005,HOU,8,6,11,0.8222222222222222,45,0.0,1,
2005,HOU,9,6,11,0.8222222222222222,45,0.0,1,
2005,HOU,10,6,11,0.8043478260869565,46,0.0,1,
2005,HOU,11,6,11,0.8085106382978723,47,0.0,1,
2005,HOU,12,6,11,0.7916666666666666,48,0.0,1,
2005,HOU,13,6,11,0.7916666666666666,48,0.0,1,
2005,HOU,14,6,11,0.7959183673469388,49,0.0,1,
2005,HOU,15,6,11,0.7959183673469388,49,0.0,1,
2005,HOU,16,6,11,0.78,50,0.0,1,
2005,HOU,17,6,11,0.7547169811320755,53,0.0,1,
2005,IND,1,10,14,0.7021276595744681,47,5.0,7,
2005,IND,2,10,15,0.717391304347826,46,5.0,7,
2005,IND,3,10,15,0.7021276595744681,47,5.0,7,
2005,IND,4,10,15,0.7021276595744681,47,5.0,7,
2005,IND,5,10,15,0.7021276595744681,47,5.0,7,
2005,IND,6,10,15,0.7021276595744681,47,5.0,7,
2005,IND,7,10,15,0.7021276595744681,47,5.0,7,
2005,IND,8,10,15,0.7021276595744681,47,5.0,7,
2005,IND,9,10,15,0.7021276595744681,47,5.0,7,
2005,IND,10,10,15,0.6875,48,5.0,7,
2005,IND,11,10,15,0.68,50,5.0,7,
2005,IND,12,10,15,0.68,50,5.0,7,
2005,IND,13,10,15,0.6862745098039216,51,5.0,7,
2005,IND,14,10,15,0.6730769230769231,52,5.0,7,
2005,IND,15,10,15,0.6730769230769231,52,5.0,7,
2005,IND,16,10,15,0.660377358490566,53,5.0,7,
2005,IND,17,10,15,0.660377358490566,53,5.0,7,
2005,IND,18,10,15,0.660377358490566,53,5.0,7,
2005,IND,19,10,15,0.660377358490566,53,5.0,7,
2005,JAX,1,9,19,0.7708333333333334,48,2.75,5,
2005,JAX,2,9,19,0.7708333333333334,48,2.75,5,
2005,JAX,3,9,19,0.7755102040816326,49,2.75,5,
2005,JAX,4,9,19,0.7755102040816326,49,2.75,5,
2005,JAX,5,9,19,0.7755102040816326,49,2.75,5,
2005,JAX,6,9,19,0.7755102040816326,49,2.75,5,
2005,JAX,7,9,19,0.7755102040816326,49,2.75,5,
2005,JAX,8,9,19,0.7755102040816326,49,2.75,5,
2005,JAX,9,9,19,0.7755102040816326,49,2.75,5,
2005,JAX,10,9,19,0.7755102040816326,49,2.75,5,
2005,JAX,11,9,19,0.7755102040816326,49,2.75,5,
2005,JAX,12,9,19,0.78,50,2.75,5,
2005,JAX,13,9,19,0.7647058823529411,51,2.75,5,
2005,JAX,14,9,19,0.75,52,2.75,5,
2005,JAX,15,9,19,0.75,52,2.75,5,
2005,JAX,16,9,19,0.75,52,2.75,5,
2005,JAX,17,9,19,0.7358490566037735,53,2.75,5,
2005,JAX,18,9,19,0.7407407407407407,54,2.75,5,
2005,KC,1,8,16,0.6739130434782609,46,8.5,12,
2005,KC,2,8,16,0.6739130434782609,46,8.5,12,
2005,KC,3,8,16,0.6739130434782609,46,8.5,12,
2005,KC,4,8,16,0.6739130434782609,46,8.5,12,
2005,KC,5,8,16,0.6739130434782609,46,8.5,12,
2005,KC,6,8,16,0.6875,48,8.5,12,
2005,KC,7,8,16,0.6875,48,8.5,12,
2005,KC,8,8,16,0.6875,48,8.5,12,
2005,KC,9,8,16,0.6875,48,8.5,12,
2005,KC,10,8,16,0.6938775510204082,49,8.5,12,
2005,KC,11,8,16,0.6938775510204082,49,8.5,12,
2005,KC,12,8,16,0.6923076923076923,52,8.5,12,
2005,KC,13,8,16,0.6923076923076923,52,8.5,12,
2005,KC,14,8,16,0.6923076923076923,52,8.5,12,
2005,KC,15,8,16,0.6923076923076923,52,8.5,12,
2005,KC,16,8,16,0.6923076923076923,52,8.5,12,
2005,KC,17,8,16,0.6981132075471698,53,8.5,12,
2005,MIA,1,5,9,0.782608695652174,46,3.75,5,
2005,MIA,2,5,9,0.782608695652174,46,3.75,5,
2005,MIA,3,5,9,0.782608695652174,46,3.75,5,
2005,MIA,4,5,9,0.782608695652174,46,3.75,5,
2005,MIA,5,5,9,0.782608695652174,46,3.75,5,
2005,MIA,6,6,10,0.7916666666666666,48,4.75,6,
2005,MIA,7,6,10,0.7708333333333334,48,4.75,6,
2005,MIA,8,6,10,0.7551020408163265,49,4.75,6,
2005,MIA,9,6,10,0.7551020408163265,49,4.75,6,
2005,MIA,10,6,10,0.76,50,4.75,6,
2005,MIA,11,6,10,0.76,50,4.75,6,
2005,MIA,12,6,10,0.76,50,4.75,6,
2005,MIA,13,6,10,0.75,52,4.75,6,
2005,MIA,14,6,10,0.75,52,4.75,6,
2005,MIA,15,6,10,0.75,52,4.75,6,
2005,MIA,16,6,10,0.75,52,4.75,6,
2005,MIA,17,6,10,0.7358490566037735,53,4.75,6,
2005,MIN,1,8,18,0.7555555555555555,45,2.75,6,
2005,MIN,2,9,19,0.7608695652173914,46,2.75,6,
2005,MIN,3,9,19,0.7608695652173914,46,2.75,6,
2005,MIN,4,9,19,0.7446808510638298,47,2.75,6,
2005,MIN,5,9,19,0.7446808510638298,47,2.75,6,
2005,MIN,6,9,19,0.7446808510638298,47,2.75,6,
2005,MIN,7,9,19,0.7291666666666666,48,2.75,6,
2005,MIN,8,9,19,0.7291666666666666,48,2.75,6,
2005,MIN,9,9,19,0.7346938775510204,49,2.75,6,
2005,MIN,10,9,19,0.74,50,2.75,6,
2005,MIN,11,9,19,0.7450980392156863,51,2.75,6,
2005,MIN,12,9,19,0.7450980392156863,51,2.75,6,
2005,MIN,13,9,19,0.7450980392156863,51,2.75,6,
2005,MIN,14,9,19,0.7307692307692307,52,2.75,6,
2005,MIN,15,9,19,0.7307692307692307,52,2.75,6,
2005,MIN,16,9,19,0.7169811320754716,53,2.75,6,
2005,MIN,17,9,19,0.7169811320754716,53,2.75,6,
2005,NE,1,7,15,0.7954545454545454,44,3.75,7,
2005,NE,2,7,15,0.7954545454545454,44,3.75,7,
2005,NE,3,7,15,0.7954545454545454,44,3.75,7,
2005,NE,4,7,15,0.7727272727272727,44,3.75,7,
2005,NE,5,7,15,0.7906976744186046,43,3.75,7,
2005,NE,6,7,15,0.7954545454545454,44,3.75,7,
2005,NE,7,7,16,0.8,45,3.75,7,
2005,NE,8,7,16,0.8043478260869565,46,4.75,8,
2005,NE,9,7,17,0.8125,48,4.75,8,
2005,NE,10,7,17,0.7959183673469388,49,4.75,8,
2005,NE,11,7,18,0.7843137254901961,51,4.75,8,
2005,NE,12,7,18,0.7843137254901961,51,4.75,8,
2005,NE,13,7,18,0.7843137254901961,51,4.75,8,
2005,NE,14,7,18,0.7843137254901961,51,4.75,8,
2005,NE,15,7,17,0.7647058823529411,51,4.75,8,
2005,NE,16,7,17,0.7647058823529411,51,4.75,8,
2005,NE,17,7,17,0.75,52,4.75,8,
2005,NE,18,7,17,0.7358490566037735,53,4.75,8,
2005,NE,19,7,17,0.7358490566037735,53,4.75,8,
2005,NO,1,8,13,0.6956521739130435,46,3.75,4,
2005,NO,2,8,13,0.6956521739130435,46,3.75,4,
2005,NO,3,8,13,0.6956521739130435,46,3.75,4,
2005,NO,4,8,13,0.6808510638297872,47,3.75,4,
2005,NO,5,8,13,0.6808510638297872,47,3.75,4,
2005,NO,6,8,13,0.6956521739130435,46,3.75,4,
2005,NO,7,8,13,0.6808510638297872,47,3.75,4,
2005,NO,8,8,13,0.6808510638297872,47,3.75,4,
2005,NO,9,8,13,0.6875,48,3.75,4,
2005,NO,10,8,14,0.6938775510204082,49,3.75,4,
2005,NO,11,8,14,0.6938775510204082,49,3.75,4,
2005,NO,12,8,14,0.6938775510204082,49,3.75,4,
2005,NO,13,8,14,0.7,50,3.75,4,
2005,NO,14,8,14,0.7115384615384616,52,3.75,4,
2005,NO,15,8,14,0.7115384615384616,52,3.75,4,
2005,NO,16,8,14,0.7115384615384616,52,3.75,4,
2005,NO,17,8,14,0.6981132075471698,53,3.75,4,
2005,NYG,1,7,15,0.6666666666666666,45,4.0,3,
2005,NYG,2,7,15,0.6666666666666666,45,4.0,3,
2005,NYG,3,7,15,0.6666666666666666,45,4.0,3,
2005,NYG,4,7,15,0.6666666666666666,45,4.0,3,
2005,NYG,5,7,15,0.6666666666666666,45,4.0,3,
2005,NYG,6,7,15,0.6666666666666666,45,4.0,3,
2005,NYG,7,7,15,0.6666666666666666,45,4.0,3,
2005,NYG,8,7,16,0.6739130434782609,46,4.0,3,
2005,NYG,9,7,16,0.6739130434782609,46,4.0,3,
2005,NYG,10,7,16,0.6739130434782609,46,4.0,3,
2005,NYG,11,7,16,0.6739130434782609,46,4.0,3,
2005,NYG,12,7,16,0.6739130434782609,46,4.0,3,
2005,NYG,13,7,16,0.6739130434782609,46,4.0,3,
2005,NYG,14,8,17,0.6808510638297872,47,4.0,3,
2005,NYG,15,8,17,0.6875,48,4.0,3,
2005,NYG,16,8,17,0.6938775510204082,49,4.0,3,
2005,NYG,17,8,18,0.6923076923076923,52,4.0,3,
2005,NYG,18,8,18,0.6792452830188679,53,4.0,3,
2005,NYJ,1,7,13,0.7906976744186046,43,2.0,4,
2005,NYJ,2,7,13,0.7906976744186046,43,2.0,4,
2005,NYJ,3,7,13,0.7906976744186046,43,2.0,4,
2005,NYJ,4,8,14,0.7954545454545454,44,2.0,4,
2005,NYJ,5,8,14,0.813953488372093,43,2.0,4,
2005,NYJ,6,8,14,0.813953488372093,43,2.0,4,
2005,NYJ,7,8,14,0.813953488372093,43,2.0,4,
2005,NYJ,8,8,14,0.813953488372093,43,2.0,4,
2005,NYJ,9,8,14,0.8181818181818182,44,2.0,4,
2005,NYJ,10,8,14,0.8085106382978723,47,2.0,4,
2005,NYJ,11,8,14,0.7916666666666666,48,2.0,4,
2005,NYJ,12,8,14,0.7755102040816326,49,2.0,4,
2005,NYJ,13,8,14,0.7755102040816326,49,2.0,4,
2005,NYJ,14,8,14,0.7755102040816326,49,2.0,4,
2005,NYJ,15,8,14,0.75,52,2.0,4,
2005,NYJ,16,8,14,0.75,52,2.0,4,
2005,NYJ,17,8,14,0.75,52,2.0,4,
2005,OAK,1,8,13,0.75,48,2.75,3,
2005,OAK,2,8,13,0.75,48,2.75,3,
2005,OAK,3,8,13,0.75,48,2.75,3,
2005,OAK,4,8,13,0.75,48,2.75,3,
2005,OAK,5,8,13,0.75,48,2.75,3,
2005,OAK,6,8,13,0.75,48,2.75,3,
2005,OAK,7,8,13,0.7551020408163265,49,2.75,3,
2005,OAK,8,8,13,0.74,50,2.75,3,
2005,OAK,9,8,13,0.7346938775510204,49,2.75,3,
2005,OAK,10,8,13,0.7346938775510204,49,2.75,3,
2005,OAK,11,8,13,0.7346938775510204,49,2.75,3,
2005,OAK,12,8,13,0.72,50,2.75,3,
2005,OAK,13,8,13,0.7307692307692307,52,2.75,3,
2005,OAK,14,8,13,0.7307692307692307,52,2.75,3,
2005,OAK,15,8,13,0.7307692307692307,52,2.75,3,
2005,OAK,16,8,13,0.7307692307692307,52,2.75,3,
2005,OAK,17,8,13,0.7169811320754716,53,2.75,3,
2005,PHI,1,3,9,0.6428571428571429,42,4.75,7,
2005,PHI,2,3,9,0.6428571428571429,42,4.75,7,
2005,PHI,3,3,9,0.6428571428571429,42,4.75,7,
2005,PHI,4,3,9,0.6341463414634146,41,4.75,7,
2005,PHI,5,3,10,0.6511627906976745,43,4.75,7,
2005,PHI,6,3,9,0.6666666666666666,42,4.75,7,
2005,PHI,7,3,9,0.6666666666666666,42,4.75,7,
2005,PHI,8,3,9,0.6511627906976745,43,4.75,7,
2005,PHI,9,3,9,0.6511627906976745,43,4.75,7,
2005,PHI,10,3,9,0.6,45,4.5,7,
2005,PHI,11,3,9,0.574468085106383,47,4.5,7,
2005,PHI,12,3,9,0.62,50,4.5,7,
2005,PHI,13,3,9,0.6078431372549019,51,5.5,8,
2005,PHI,14,3,9,0.6078431372549019,51,5.5,8,
2005,PHI,15,3,9,0.6153846153846154,52,5.5,8,
2005,PHI,16,3,9,0.6226415094339622,53,5.5,8,
2005,PHI,17,3,9,0.6226415094339622,53,5.5,8,
2005,PIT,1,10,16,0.8235294117647058,51,6.75,10,
2005,PIT,2,10,17,0.8431372549019608,51,6.75,10,
2005,PIT,3,10,17,0.8235294117647058,51,6.75,10,
2005,PIT,4,10,17,0.8235294117647058,51,6.75,10,
2005,PIT,5,10,17,0.8235294117647058,51,6.75,10,
2005,PIT,6,10,17,0.8235294117647058,51,6.75,10,
2005,PIT,7,10,17,0.8235294117647058,51,6.75,10,
2005,PIT,8,10,17,0.82,50,6.75,10,
2005,PIT,9,10,17,0.82,50,6.75,10,
2005,PIT,10,10,17,0.82,50,6.75,10,
2005,PIT,11,10,17,0.82,50,6.75,10,
2005,PIT,12,10,17,0.803921568627451,51,6.75,10,
2005,PIT,13,10,17,0.803921568627451,51,6.75,10,
2005,PIT,14,10,17,0.803921568627451,51,6.75,10,
2005,PIT,15,10,17,0.803921568627451,51,6.75,10,
2005,PIT,16,10,17,0.803921568627451,51,6.75,10,
2005,PIT,17,10,17,0.803921568627451,51,6.75,10,
2005,PIT,18,10,17,0.803921568627451,51,6.75,10,
2005,PIT,19,10,17,0.8076923076923077,52,6.75,10,
2005,PIT,20,10,17,0.8076923076923077,52,6.75,10,
2005,PIT,21,10,17,0.7924528301886793,53,6.75,10,
2005,SD,1,7,15,0.7608695652173914,46,3.75,5,
2005,SD,2,7,15,0.7446808510638298,47,4.75,6,
2005,SD,3,7,15,0.7446808510638298,47,4.75,6,
2005,SD,4,7,15,0.7446808510638298,47,4.75,6,
2005,SD,5,7,15,0.7446808510638298,47,4.75,6,
2005,SD,6,7,15,0.7446808510638298,47,4.75,6,
2005,SD,7,7,15,0.7708333333333334,48,4.75,6,
2005,SD,8,7,15,0.7708333333333334,48,4.75,6,
2005,SD,9,7,15,0.75,48,4.75,6,
2005,SD,10,7,15,0.75,48,4.75,6,
2005,SD,11,7,15,0.75,48,4.75,6,
2005,SD,12,7,15,0.75,48,4.75,6,
2005,SD,13,7,15,0.7551020408163265,49,4.75,6,
2005,SD,14,7,15,0.74,50,4.75,6,
2005,SD,15,7,15,0.7450980392156863,51,4.75,6,
2005,SD,16,7,15,0.7307692307692307,52,4.75,6,
2005,SD,17,7,15,0.7169811320754716,53,4.75,6,
2005,SEA,1,9,15,0.8043478260869565,46,3.0,4,
2005,SEA,2,9,15,0.8085106382978723,47,3.0,4,
2005,SEA,3,9,15,0.8125,48,3.0,4,
2005,SEA,4,9,15,0.8125,48,3.0,4,
2005,SEA,5,9,15,0.7959183673469388,49,3.0,4,
2005,SEA,6,9,15,0.7959183673469388,49,3.0,4,
2005,SEA,7,9,15,0.7959183673469388,49,3.0,4,
2005,SEA,8,9,15,0.7959183673469388,49,3.0,4,
2005,SEA,9,9,15,0.8,50,3.0,4,
2005,SEA,10,9,15,0.803921568627451,51,3.0,4,
2005,SEA,11,9,15,0.803921568627451,51,3.0,4,
2005,SEA,12,9,15,0.803921568627451,51,3.0,4,
2005,SEA,13,9,15,0.803921568627451,51,3.0,4,
2005,SEA,14,9,15,0.7884615384615384,52,3.0,4,
2005,SEA,15,9,15,0.7843137254901961,51,3.0,4,
2005,SEA,16,9,15,0.7884615384615384,52,3.0,4,
2005,SEA,17,9,15,0.7884615384615384,52,3.0,4,
2005,SEA,18,9,15,0.7884615384615384,52,3.0,4,
2005,SEA,19,9,15,0.7884615384615384,52,3.0,4,
2005,SEA,20,9,15,0.7735849056603774,53,3.0,4,
2005,SEA,21,9,15,0.7735849056603774,53,3.0,4,
2005,SF,1,7,11,0.7380952380952381,42,2.75,4,
2005,SF,2,7,11,0.7380952380952381,42,2.75,4,
2005,SF,3,7,12,0.7619047619047619,42,2.75,4,
2005,SF,4,7,12,0.7727272727272727,44,2.75,4,
2005,SF,5,7,12,0.7777777777777778,45,2.75,4,
2005,SF,6,7,12,0.7727272727272727,44,2.75,4,
2005,SF,7,7,12,0.7391304347826086,46,2.75,4,
2005,SF,8,7,12,0.7555555555555555,45,2.75,4,
2005,SF,9,7,12,0.7555555555555555,45,2.75,4,
2005,SF,10,7,12,0.7391304347826086,46,2.75,4,
2005,SF,11,7,12,0.7659574468085106,47,2.75,4,
2005,SF,12,7,12,0.74,50,2.75,4,
2005,SF,13,7,12,0.74,50,2.75,4,
2005,SF,14,7,12,0.76,50,2.75,4,
2005,SF,15,7,12,0.76,50,2.75,4,
2005,SF,16,7,12,0.7450980392156863,51,2.75,4,
2005,SF,17,7,12,0.7358490566037735,53,2.75,4,
2005,STL,1,9,12,0.7,40,5.5,7,
2005,STL,2,9,12,0.7,40,5.5,7,
2005,STL,3,9,12,0.7,40,5.5,7,
2005,STL,4,9,12,0.7,40,5.5,7,
2005,STL,5,9,12,0.7,40,5.5,7,
2005,STL,6,9,12,0.6829268292682927,41,5.5,7,
2005,STL,7,9,12,0.6666666666666666,42,5.5,7,
2005,STL,8,9,12,0.6666666666666666,42,5.5,7,
2005,STL,9,9,12,0.6666666666666666,42,5.5,7,
2005,STL,10,9,12,0.6829268292682927,41,5.5,7,
2005,STL,11,9,12,0.6904761904761905,42,5.5,7,
2005,STL,12,9,12,0.6590909090909091,44,5.5,7,
2005,STL,13,9,12,0.6590909090909091,44,5.5,7,
2005,STL,14,9,12,0.6170212765957447,47,5.5,7,
2005,STL,15,9,12,0.6,50,5.5,7,
2005,STL,16,9,12,0.5961538461538461,52,5.5,7,
2005,STL,17,9,12,0.5849056603773585,53,5.5,7,
2005,TB,1,11,15,0.8333333333333334,48,4.0,5,
2005,TB,2,11,15,0.8163265306122449,49,4.0,5,
2005,TB,3,11,15,0.8163265306122449,49,4.0,5,
2005,TB,4,11,15,0.8163265306122449,49,4.0,5,
2005,TB,5,11,15,0.8,50,4.0,5,
2005,TB,6,11,15,0.8,50,4.0,5,
2005,TB,7,11,15,0.803921568627451,51,4.0,5,
2005,TB,8,11,15,0.803921568627451,51,4.0,5,
2005,TB,9,11,15,0.8076923076923077,52,4.0,5,
2005,TB,10,11,15,0.8076923076923077,52,4.0,5,
2005,TB,11,11,15,0.803921568627451,51,4.0,5,
2005,TB,12,11,15,0.8076923076923077,52,4.0,5,
2005,TB,13,11,15,0.7884615384615384,52,4.0,5,
2005,TB,14,11,15,0.7884615384615384,52,4.0,5,
2005,TB,15,11,15,0.7884615384615384,52,4.0,5,
2005,TB,16,11,15,0.7735849056603774,53,4.0,5,
2005,TB,17,11,15,0.7735849056603774,53,4.0,5,
2005,TB,18,11,15,0.7735849056603774,53,4.0,5,
2005,TEN,1,5,13,0.8478260869565217,46,3.0,4,
2005,TEN,2,6,14,0.851063829787234,47,3.75,5,
2005,TEN,3,6,14,0.851063829787234,47,3.75,5,
2005,TEN,4,6,13,0.8333333333333334,48,3.75,4,
2005,TEN,5,6,13,0.8333333333333334,48,3.75,4,
2005,TEN,6,6,13,0.8333333333333334,48,3.75,4,
2005,TEN,7,6,13,0.8333333333333334,48,3.75,4,
2005,TEN,8,6,14,0.8367346938775511,49,3.75,5,
2005,TEN,9,6,14,0.8367346938775511,49,3.75,5,
2005,TEN,10,6,14,0.8367346938775511,49,3.75,5,
2005,TEN,11,6,14,0.8367346938775511,49,3.75,5,
2005,TEN,12,6,14,0.8367346938775511,49,3.75,5,
2005,TEN,13,6,14,0.82,50,3.75,5,
2005,TEN,14,6,14,0.82,50,3.75,5,
2005,TEN,15,6,14,0.8076923076923077,52,3.75,5,
2005,TEN,16,6,14,0.8076923076923077,52,3.75,5,
2005,TEN,17,6,14,0.7924528301886793,53,3.75,5,
2005,WAS,1,9,17,0.6956521739130435,46,4.5,5,
2005,WAS,2,9,17,0.6956521739130435,46,4.5,5,
2005,WAS,3,9,17,0.6808510638297872,47,4.5,5,
2005,WAS,4,9,17,0.6530612244897959,49,4.5,5,
2005,WAS,5,9,17,0.6666666666666666,48,4.5,5,
2005,WAS,6,9,17,0.6530612244897959,49,4.5,5,
2005,WAS,7,9,17,0.6530612244897959,49,4.5,5,
2005,WAS,8,9,17,0.6530612244897959,49,4.5,5,
2005,WAS,9,9,17,0.6875,48,4.5,5,
2005,WAS,10,9,17,0.6875,48,4.5,5,
2005,WAS,11,9,17,0.6875,48,4.5,5,
2005,WAS,12,9,16,0.6530612244897959,49,4.5,5,
2005,WAS,13,9,16,0.6530612244897959,49,4.5,5,
2005,WAS,14,9,16,0.6530612244897959,49,4.5,5,
2005,WAS,15,9,16,0.64,50,4.5,5,
2005,WAS,16,9,16,0.6274509803921569,51,4.5,5,
2005,WAS,17,9,16,0.6346153846153846,52,4.5,5,
2005,WAS,18,9,16,0.6346153846153846,52,4.5,5,
2005,WAS,19,9,16,0.6226415094339622,53,4.5,5,
2006,ARI,1,7,11,0.8085106382978723,47,4.25,6,
2006,ARI,2,7,11,0.8085106382978723,47,4.25,6,
2006,ARI,3,7,11,0.8085106382978723,47,4.25,6,
2006,ARI,4,7,11,0.8085106382978723,47,4.25,6,
2006,ARI,5,7,11,0.8085106382978723,47,4.25,6,
2006,ARI,6,7,11,0.7916666666666666,48,4.25,6,
2006,ARI,7,7,11,0.7916666666666666,48,4.25,6,
2006,ARI,8,7,11,0.7916666666666666,48,4.25,6,
2006,ARI,9,7,11,0.7916666666666666,48,4.25,6,
2006,ARI,10,7,11,0.7959183673469388,49,4.25,6,
2006,ARI,11,7,11,0.7959183673469388,49,4.25,6,
2006,ARI,12,7,11,0.78,50,4.25,6,
2006,ARI,13,7,11,0.78,50,4.25,6,
2006,ARI,14,7,11,0.7959183673469388,49,4.25,6,
2006,ARI,15,7,11,0.7959183673469388,49,4.25,6,
2006,ARI,16,7,11,0.78,50,4.25,6,
2006,ARI,17,7,11,0.7547169811320755,53,4.25,6,
2006,ATL,1,9,14,0.7608695652173914,46,5.5,10,
2006,ATL,2,9,14,0.7659574468085106,47,5.5,10,
2006,ATL,3,9,14,0.7708333333333334,48,5.5,10,
2006,ATL,4,9,14,0.7708333333333334,48,5.5,10,
2006,ATL,5,9,14,0.7708333333333334,48,5.5,10,
2006,ATL,6,9,14,0.7708333333333334,48,5.5,10,
2006,ATL,7,9,14,0.75,48,5.5,10,
2006,ATL,8,9,14,0.75,48,5.5,10,
2006,ATL,9,9,14,0.75,48,5.5,10,
2006,ATL,10,9,14,0.7346938775510204,49,5.5,10,
2006,ATL,11,9,14,0.7551020408163265,49,6.25,10,
2006,ATL,12,9,14,0.76,50,6.25,10,
2006,ATL,13,9,14,0.7450980392156863,51,6.25,10,
2006,ATL,14,9,14,0.7450980392156863,51,6.25,10,
2006,ATL,15,9,14,0.7450980392156863,51,6.25,10,
2006,ATL,16,9,14,0.75,52,6.25,10,
2006,ATL,17,9,14,0.7547169811320755,53,6.25,10,
2006,BAL,1,12,16,0.8043478260869565,46,10.25,12,
2006,BAL,2,12,16,0.8043478260869565,46,10.25,12,
2006,BAL,3,12,16,0.8043478260869565,46,10.25,12,
2006,BAL,4,12,16,0.8043478260869565,46,10.25,12,
2006,BAL,5,12,16,0.7872340425531915,47,10.25,12,
2006,BAL,6,12,16,0.7659574468085106,47,10.25,12,
2006,BAL,7,12,16,0.7872340425531915,47,10.25,12,
2006,BAL,8,12,16,0.7872340425531915,47,10.25,12,
2006,BAL,9,12,16,0.7872340425531915,47,10.25,12,
2006,BAL,10,12,16,0.7872340425531915,47,10.25,12,
2006,BAL,11,12,16,0.7708333333333334,48,10.25,12,
2006,BAL,12,12,16,0.7708333333333334,48,10.25,12,
2006,BAL,13,12,16,0.7708333333333334,48,10.25,12,
2006,BAL,14,12,16,0.76,50,10.25,12,
2006,BAL,15,12,16,0.7450980392156863,51,10.25,12,
2006,BAL,16,12,16,0.75,52,11.25,13,
2006,BAL,17,12,16,0.7358490566037735,53,11.25,13,
2006,BAL,18,12,16,0.7358490566037735,53,11.25,13,
2006,BAL,19,12,16,0.7358490566037735,53,11.25,13,
2006,BUF,1,7,16,0.7872340425531915,47,3.75,6,
2006,BUF,2,6,15,0.7659574468085106,47,3.0,5,
2006,BUF,3,6,15,0.7659574468085106,47,3.0,5,
2006,BUF,4,6,15,0.7659574468085106,47,3.0,5,
2006,BUF,5,6,15,0.7659574468085106,47,3.0,5,
2006,BUF,6,6,15,0.7708333333333334,48,3.0,5,
2006,BUF,7,6,15,0.7755102040816326,49,3.0,5,
2006,BUF,8,6,15,0.7755102040816326,49,3.0,5,
2006,BUF,9,6,15,0.7755102040816326,49,3.0,5,
2006,BUF,10,6,15,0.7755102040816326,49,3.0,5,
2006,BUF,11,6,15,0.76,50,3.0,5,
2006,BUF,12,6,15,0.7647058823529411,51,3.0,5,
2006,BUF,13,6,15,0.7647058823529411,51,3.0,5,
2006,BUF,14,6,15,0.75,52,3.0,5,
2006,BUF,15,6,15,0.75,52,3.0,5,
2006,BUF,16,6,15,0.75,52,3.0,5,
2006,BUF,17,6,15,0.7358490566037735,53,3.0,5,
2006,CAR,1,8,15,0.7727272727272727,44,3.0,5,
2006,CAR,2,8,15,0.7777777777777778,45,3.0,5,
2006,CAR,3,8,15,0.8,45,3.0,5,
2006,CAR,4,8,15,0.8,45,3.0,5,
2006,CAR,5,8,15,0.8043478260869565,46,3.0,5,
2006,CAR,6,8,15,0.7872340425531915,47,3.0,5,
2006,CAR,7,8,15,0.7872340425531915,47,3.0,5,
2006,CAR,8,8,15,0.7659574468085106,47,3.0,5,
2006,CAR,9,8,15,0.7659574468085106,47,3.0,5,
2006,CAR,10,8,15,0.7659574468085106,47,3.0,5,
2006,CAR,11,8,15,0.7659574468085106,47,3.0,5,
2006,CAR,12,8,15,0.75,48,3.0,5,
2006,CAR,13,8,15,0.75,48,3.0,5,
2006,CAR,14,8,15,0.7346938775510204,49,3.0,5,
2006,CAR,15,8,15,0.74,50,3.0,5,
2006,CAR,16,8,15,0.7115384615384616,52,3.0,5,
2006,CAR,17,8,15,0.6981132075471698,53,3.0,5,
2006,CHI,1,7,13,0.82,50,7.75,7,
2006,CHI,2,7,13,0.82,50,7.75,7,
2006,CHI,3,7,13,0.82,50,7.75,7,
2006,CHI,4,7,13,0.8269230769230769,52,7.75,7,
2006,CHI,5,7,13,0.8269230769230769,52,7.75,7,
2006,CHI,6,7,13,0.8269230769230769,52,7.75,7,
2006,CHI,7,7,13,0.8269230769230769,52,7.75,7,
2006,CHI,8,7,13,0.8301886792452831,53,7.75,7,
2006,CHI,9,7,13,0.8269230769230769,52,7.75,7,
2006,CHI,10,7,13,0.8301886792452831,53,7.75,7,
2006,CHI,11,7,13,0.8301886792452831,53,7.75,7,
2006,CHI,12,7,13,0.8301886792452831,53,7.75,7,
2006,CHI,13,7,13,0.8301886792452831,53,7.75,7,
2006,CHI,14,7,13,0.8113207547169812,53,7.75,7,
2006,CHI,15,7,13,0.7962962962962963,54,7.75,7,
2006,CHI,16,7,12,0.7924528301886793,53,7.75,7,
2006,CHI,17,7,13,0.7962962962962963,54,7.75,7,
2006,CHI,18,7,13,0.7962962962962963,54,7.75,7,
2006,CHI,19,7,13,0.7962962962962963,54,7.75,7,
2006,CHI,20,7,13,0.7962962962962963,54,7.75,7,
2006,CHI,21,7,13,0.7962962962962963,54,7.75,7,
2006,CIN,1,8,17,0.7608695652173914,46,4.75,8,
2006,CIN,2,8,17,0.7608695652173914,46,4.75,8,
2006,CIN,3,8,17,0.7659574468085106,47,4.75,8,
2006,CIN,4,8,17,0.75,48,4.75,8,
2006,CIN,5,8,17,0.7446808510638298,47,4.75,8,
2006,CIN,6,8,17,0.7291666666666666,48,4.75,8,
2006,CIN,7,8,17,0.7083333333333334,48,4.75,8,
2006,CIN,8,8,17,0.7142857142857143,49,4.75,8,
2006,CIN,9,8,17,0.7142857142857143,49,4.75,8,
2006,CIN,10,8,17,0.7,50,4.75,8,
2006,CIN,11,8,17,0.7,50,4.75,8,
2006,CIN,12,8,17,0.7,50,4.75,8,
2006,CIN,13,8,17,0.7058823529411765,51,4.75,8,
2006,CIN,14,8,17,0.7058823529411765,51,4.75,8,
2006,CIN,15,8,17,0.7115384615384616,52,4.75,8,
2006,CIN,16,8,17,0.7115384615384616,52,4.75,8,
2006,CIN,17,8,17,0.7169811320754716,53,4.75,8,
2006,CLE,1,5,11,0.8048780487804879,41,0.75,2,
2006,CLE,2,5,11,0.8048780487804879,41,0.75,2,
2006,CLE,3,5,11,0.8095238095238095,42,0.75,2,
2006,CLE,4,5,11,0.8095238095238095,42,0.75,2,
2006,CLE,5,5,11,0.7857142857142857,42,0.75,2,
2006,CLE,6,5,11,0.7857142857142857,42,0.75,2,
2006,CLE,7,5,11,0.7857142857142857,42,0.75,2,
2006,CLE,8,5,11,0.7727272727272727,44,0.75,2,
2006,CLE,9,5,11,0.7727272727272727,44,0.75,2,
2006,CLE,10,5,11,0.7727272727272727,44,0.75,2,
2006,CLE,11,5,11,0.7727272727272727,44,0.75,2,
2006,CLE,12,5,11,0.7727272727272727,44,0.75,2,
2006,CLE,13,5,11,0.7555555555555555,45,0.75,2,
2006,CLE,14,5,11,0.7555555555555555,45,0.75,2,
2006,CLE,15,5,11,0.7659574468085106,47,0.75,2,
2006,CLE,16,5,11,0.74,50,0.75,2,
2006,CLE,17,5,11,0.6981132075471698,53,0.75,2,
2006,DAL,1,9,14,0.723404255319149,47,4.75,7,
2006,DAL,2,9,14,0.723404255319149,47,4.75,7,
2006,DAL,3,9,14,0.723404255319149,47,4.75,7,
2006,DAL,4,9,14,0.723404255319149,47,4.75,7,
2006,DAL,5,9,14,0.723404255319149,47,4.75,7,
2006,DAL,6,9,14,0.7446808510638298,47,4.75,7,
2006,DAL,7,9,14,0.7446808510638298,47,4.75,7,
2006,DAL,8,9,14,0.7446808510638298,47,4.75,7,
2006,DAL,9,9,14,0.7291666666666666,48,4.75,7,
2006,DAL,10,9,14,0.7291666666666666,48,4.75,7,
2006,DAL,11,9,14,0.72,50,4.75,7,
2006,DAL,12,9,14,0.72,50,4.75,7,
2006,DAL,13,9,14,0.7307692307692307,52,5.25,7,
2006,DAL,14,9,15,0.7307692307692307,52,6.25,7,
2006,DAL,15,9,15,0.7307692307692307,52,6.25,7,
2006,DAL,16,9,15,0.7169811320754716,53,6.25,7,
2006,DAL,17,9,15,0.7169811320754716,53,6.25,7,
2006,DAL,18,9,15,0.7169811320754716,53,6.25,7,
2006,DEN,1,9,17,0.8085106382978723,47,6.0,9,
2006,DEN,2,9,17,0.8085106382978723,47,6.0,9,
2006,DEN,3,9,18,0.8297872340425532,47,6.0,9,
2006,DEN,4,9,18,0.8297872340425532,47,6.0,9,
2006,DEN,5,9,18,0.8297872340425532,47,6.0,9,
2006,DEN,6,9,18,0.8333333333333334,48,6.0,9,
2006,DEN,7,9,18,0.8333333333333334,48,6.0,9,
2006,DEN,8,9,18,0.8163265306122449,49,6.0,9,
2006,DEN,9,9,18,0.8163265306122449,49,6.0,9,
2006,DEN,10,9,18,0.803921568627451,51,6.0,9,
2006,DEN,11,9,18,0.803921568627451,51,6.0,9,
2006,DEN,12,9,18,0.7884615384615384,52,6.0,9,
2006,DEN,13,9,18,0.7884615384615384,52,6.0,9,
2006,DEN,14,9,18,0.7735849056603774,53,6.0,9,
2006,DEN,15,9,18,0.7735849056603774,53,6.0,9,
2006,DEN,16,9,18,0.7735849056603774,53,6.0,9,
2006,DEN,17,9,18,0.7735849056603774,53,6.0,9,
2006,DET,1,5,13,0.7,40,2.0,2,
2006,DET,2,5,13,0.725,40,2.5,2,
2006,DET,3,5,13,0.725,40,2.5,2,
2006,DET,4,5,13,0.717948717948718,39,2.5,2,
2006,DET,5,5,13,0.717948717948718,39,2.5,2,
2006,DET,6,5,13,0.7,40,2.5,2,
2006,DET,7,5,13,0.6744186046511628,43,2.5,2,
2006,DET,8,5,13,0.6744186046511628,43,2.5,2,
2006,DET,9,5,14,0.6904761904761905,42,2.0,2,
2006,DET,10,5,14,0.6590909090909091,44,2.0,2,
2006,DET,11,5,14,0.6666666666666666,45,2.0,2,
2006,DET,12,5,14,0.6666666666666666,45,2.0,2,
2006,DET,13,5,14,0.6739130434782609,46,2.0,2,
2006,DET,14,5,14,0.6739130434782609,46,2.0,2,
2006,DET,15,5,14,0.6666666666666666,48,2.0,2,
2006,DET,16,5,14,0.6666666666666666,51,2.0,2,
2006,DET,17,5,14,0.6415094339622641,53,2.0,2,
2006,GB,1,6,11,0.782608695652174,46,3.75,7,
2006,GB,2,6,11,0.8222222222222222,45,3.75,7,
2006,GB,3,6,11,0.8222222222222222,45,3.75,7,
2006,GB,4,6,11,0.8444444444444444,45,3.75,7,
2006,GB,5,5,10,0.8043478260869565,46,3.75,7,
2006,GB,6,5,10,0.8043478260869565,46,3.75,7,
2006,GB,7,5,10,0.7872340425531915,47,3.75,7,
2006,GB,8,5,10,0.7872340425531915,47,3.75,7,
2006,GB,9,5,10,0.7708333333333334,48,3.75,7,
2006,GB,10,5,10,0.7708333333333334,48,3.75,7,
2006,GB,11,5,10,0.74,50,3.75,7,
2006,GB,12,5,10,0.7307692307692307,52,3.75,7,
2006,GB,13,5,10,0.7307692307692307,52,3.75,7,
2006,GB,14,5,10,0.7307692307692307,52,3.75,7,
2006,GB,15,5,10,0.7169811320754716,53,3.75,7,
2006,GB,16,5,10,0.7169811320754716,53,3.75,7,
2006,GB,17,5,10,0.7169811320754716,53,3.75,7,
2006,HOU,1,9,13,0.8205128205128205,39,0.75,2,
2006,HOU,2,9,13,0.7948717948717948,39,0.75,2,
2006,HOU,3,9,13,0.8,40,0.75,2,
2006,HOU,4,9,13,0.8,40,0.75,2,
2006,HOU,5,9,13,0.8,40,0.75,2,
2006,HOU,6,9,12,0.7804878048780488,41,0.75,2,
2006,HOU,7,8,12,0.8048780487804879,41,0.75,2,
2006,HOU,8,8,12,0.7857142857142857,42,0.75,2,
2006,HOU,9,8,12,0.7906976744186046,43,0.75,2,
2006,HOU,10,8,12,0.7906976744186046,43,0.75,2,
2006,HOU,11,8,12,0.7777777777777778,45,0.75,2,
2006,HOU,12,8,13,0.782608695652174,46,0.75,2,
2006,HOU,13,8,13,0.7708333333333334,48,0.75,2,
2006,HOU,14,8,13,0.7551020408163265,49,0.75,2,
2006,HOU,15,8,13,0.7551020408163265,49,0.75,2,
2006,HOU,16,8,13,0.7115384615384616,52,0.75,2,
2006,HOU,17,8,13,0.6981132075471698,53,0.75,2,
2006,IND,1,9,12,0.6666666666666666,48,7.0,8,
2006,IND,2,9,12,0.6875,48,7.0,8,
2006,IND,3,9,12,0.6875,48,7.5,8,
2006,IND,4,9,12,0.6938775510204082,49,7.5,8,
2006,IND,5,9,12,0.6938775510204082,49,7.5,8,
2006,IND,6,9,12,0.6875,48,7.0,8,
2006,IND,7,10,13,0.6938775510204082,49,7.0,8,
2006,IND,8,10,13,0.7,50,7.0,8,
2006,IND,9,10,13,0.7,50,7.0,8,
2006,IND,10,10,13,0.7,50,7.0,8,
2006,IND,11,10,13,0.7,50,7.0,8,
2006,IND,12,10,13,0.7,50,7.0,8,
2006,IND,13,10,13,0.7058823529411765,51,7.0,8,
2006,IND,14,10,13,0.7058823529411765,51,7.0,8,
2006,IND,15,10,13,0.6923076923076923,52,7.0,8,
2006,IND,16,10,13,0.6923076923076923,52,7.0,8,
2006,IND,17,10,13,0.6792452830188679,53,7.0,8,
2006,IND,18,10,13,0.6792452830188679,53,7.0,8,
2006,IND,19,10,13,0.6792452830188679,53,7.0,8,
2006,IND,20,10,13,0.6792452830188679,53,7.0,8,
2006,IND,21,10,13,0.6792452830188679,53,7.0,8,
2006,JAX,1,10,18,0.782608695652174,46,2.5,4,
2006,JAX,2,10,18,0.7872340425531915,47,2.5,4,
2006,JAX,3,10,18,0.7708333333333334,48,2.5,4,
2006,JAX,4,10,18,0.7708333333333334,48,2.5,4,
2006,JAX,5,10,18,0.7708333333333334,48,2.5,4,
2006,JAX,6,11,19,0.7755102040816326,49,2.5,4,
2006,JAX,7,11,19,0.7755102040816326,49,2.5,4,
2006,JAX,8,11,19,0.7755102040816326,49,2.5,4,
2006,JAX,9,11,19,0.76,50,2.5,4,
2006,JAX,10,11,19,0.78,50,2.5,4,
2006,JAX,11,11,19,0.7647058823529411,51,2.5,4,
2006,JAX,12,11,19,0.75,52,2.5,4,
2006,JAX,13,11,19,0.7358490566037735,53,2.5,4,
2006,JAX,14,11,19,0.7358490566037735,53,2.5,4,
2006,JAX,15,11,19,0.7407407407407407,54,2.5,4,
2006,JAX,16,11,19,0.7407407407407407,54,2.5,4,
2006,JAX,17,11,19,0.7407407407407407,54,2.5,4,
2006,KC,1,8,13,0.717391304347826,46,8.5,12,
2006,KC,2,9,14,0.7391304347826086,46,8.5,12,
2006,KC,3,9,14,0.7391304347826086,46,8.5,12,
2006,KC,4,9,14,0.717391304347826,46,8.5,12,
2006,KC,5,9,14,0.717391304347826,46,8.5,12,
2006,KC,6,9,14,0.7021276595744681,47,8.5,12,
2006,KC,7,9,14,0.7021276595744681,47,8.5,12,
2006,KC,8,9,15,0.6938775510204082,49,8.5,12,
2006,KC,9,9,15,0.7142857142857143,49,8.5,12,
2006,KC,10,9,15,0.7346938775510204,49,8.5,12,
2006,KC,11,9,15,0.75,48,8.5,12,
2006,KC,12,9,15,0.75,48,8.5,12,
2006,KC,13,9,15,0.7346938775510204,49,8.5,12,
2006,KC,14,9,15,0.7346938775510204,49,8.5,12,
2006,KC,15,9,15,0.7346938775510204,49,8.5,12,
2006,KC,16,9,15,0.7346938775510204,49,8.5,12,
2006,KC,17,9,15,0.6923076923076923,52,8.5,12,
2006,KC,18,9,15,0.6792452830188679,53,8.5,12,
2006,MIA,1,8,11,0.8372093023255814,43,2.0,5,
2006,MIA,2,8,11,0.8292682926829268,41,2.0,5,
2006,MIA,3,8,11,0.8292682926829268,41,2.0,5,
2006,MIA,4,8,11,0.8292682926829268,41,2.0,5,
2006,MIA,5,8,11,0.8333333333333334,42,2.0,5,
2006,MIA,6,8,11,0.8181818181818182,44,2.0,5,
2006,MIA,7,8,11,0.8,45,2.0,5,
2006,MIA,8,8,11,0.8,45,2.0,5,
2006,MIA,9,8,11,0.8,45,2.0,5,
2006,MIA,10,8,12,0.8043478260869565,46,2.0,5,
2006,MIA,11,8,12,0.8043478260869565,46,2.0,5,
2006,MIA,12,8,12,0.8043478260869565,46,2.0,5,
2006,MIA,13,8,12,0.782608695652174,46,2.0,5,
2006,MIA,14,8,12,0.782608695652174,46,2.0,5,
2006,MIA,15,8,12,0.7708333333333334,48,2.0,5,
2006,MIA,16,8,12,0.76,50,2.0,5,
2006,MIA,17,8,12,0.7358490566037735,53,2.0,5,
2006,MIN,1,8,15,0.7111111111111111,45,4.0,5,
2006,MIN,2,8,15,0.7111111111111111,45,4.0,5,
2006,MIN,3,8,15,0.6956521739130435,46,4.0,5,
2006,MIN,4,8,15,0.6956521739130435,46,4.0,5,
2006,MIN,5,8,15,0.6956521739130435,46,4.0,5,
2006,MIN,6,8,16,0.7021276595744681,47,4.0,5,
2006,MIN,7,8,16,0.7021276595744681,47,4.0,5,
2006,MIN,8,8,16,0.6808510638297872,47,4.0,5,
2006,MIN,9,8,16,0.717391304347826,46,4.0,5,
2006,MIN,10,8,16,0.7021276595744681,47,4.0,5,
2006,MIN,11,8,16,0.6875,48,4.0,5,
2006,MIN,12,8,16,0.673469387755102,49,4.0,5,
2006,MIN,13,8,16,0.673469387755102,49,4.0,5,
2006,MIN,14,8,16,0.673469387755102,49,4.0,5,
2006,MIN,15,8,16,0.673469387755102,49,4.0,5,
2006,MIN,16,8,16,0.66,50,4.0,5,
2006,MIN,17,8,16,0.6415094339622641,53,4.0,5,
2006,NE,1,8,15,0.8260869565217391,46,5.75,7,
2006,NE,2,8,15,0.8444444444444444,45,5.75,7,
2006,NE,3,8,15,0.8444444444444444,45,5.75,7,
2006,NE,4,8,15,0.8478260869565217,46,5.75,7,
2006,NE,5,8,15,0.8478260869565217,46,5.75,7,
2006,NE,6,8,16,0.8478260869565217,46,5.75,7,
2006,NE,7,8,16,0.8478260869565217,46,5.75,7,
2006,NE,8,8,16,0.8478260869565217,46,5.75,7,
2006,NE,9,8,16,0.8297872340425532,47,5.75,7,
2006,NE,10,8,16,0.8297872340425532,47,5.75,7,
2006,NE,11,9,17,0.8163265306122449,49,5.75,7,
2006,NE,12,9,17,0.8333333333333334,48,5.75,7,
2006,NE,13,9,17,0.8163265306122449,49,5.75,7,
2006,NE,14,9,17,0.803921568627451,51,5.75,7,
2006,NE,15,9,17,0.7843137254901961,51,5.75,7,
2006,NE,16,9,18,0.7735849056603774,53,6.75,8,
2006,NE,17,9,18,0.7735849056603774,53,6.75,8,
2006,NE,18,9,18,0.7735849056603774,53,6.75,8,
2006,NE,19,9,18,0.7735849056603774,53,6.75,8,
2006,NE,20,9,18,0.7735849056603774,53,6.75,8,
2006,NO,1,6,11,0.6739130434782609,46,1.0,3,
2006,NO,2,6,11,0.6458333333333334,48,1.0,3,
2006,NO,3,6,11,0.6595744680851063,47,1.0,3,
2006,NO,4,6,11,0.6666666666666666,48,1.0,3,
2006,NO,5,6,11,0.6666666666666666,48,1.0,3,
2006,NO,6,6,11,0.6530612244897959,49,1.0,3,
2006,NO,7,6,11,0.6530612244897959,49,1.0,3,
2006,NO,8,6,11,0.6470588235294118,51,1.75,4,
2006,NO,9,6,11,0.6470588235294118,51,1.75,4,
2006,NO,10,6,11,0.6470588235294118,51,1.75,4,
2006,NO,11,6,11,0.6470588235294118,51,1.75,4,
2006,NO,12,6,11,0.6470588235294118,51,1.75,4,
2006,NO,13,6,11,0.6346153846153846,52,1.75,4,
2006,NO,14,6,11,0.6470588235294118,51,1.75,4,
2006,NO,15,6,11,0.6470588235294118,51,1.75,4,
2006,NO,16,6,11,0.6346153846153846,52,1.75,4,
2006,NO,17,6,11,0.6470588235294118,51,1.75,4,
2006,NO,18,6,11,0.6470588235294118,51,1.75,4,
2006,NO,19,6,11,0.6226415094339622,53,1.75,4,
2006,NO,20,6,11,0.6226415094339622,53,1.75,4,
2006,NYG,1,7,14,0.6444444444444445,45,4.5,5,
2006,NYG,2,7,14,0.6444444444444445,45,4.5,5,
2006,NYG,3,7,14,0.6444444444444445,45,4.5,5,
2006,NYG,4,7,14,0.6444444444444445,45,4.5,5,
2006,NYG,5,7,14,0.6444444444444445,45,4.5,5,
2006,NYG,6,7,14,0.6444444444444445,45,4.5,5,
2006,NYG,7,7,14,0.6444444444444445,45,4.5,5,
2006,NYG,8,7,14,0.6304347826086957,46,4.5,5,
2006,NYG,9,7,14,0.6444444444444445,45,4.5,5,
2006,NYG,10,7,14,0.6304347826086957,46,4.5,5,
2006,NYG,11,7,14,0.6170212765957447,47,4.5,5,
2006,NYG,12,7,14,0.6170212765957447,47,4.5,5,
2006,NYG,13,7,14,0.6304347826086957,46,4.5,5,
2006,NYG,14,7,14,0.6382978723404256,47,4.5,5,
2006,NYG,15,7,14,0.625,48,4.5,5,
2006,NYG,16,7,14,0.6122448979591837,49,4.5,5,
2006,NYG,17,7,15,0.5961538461538461,52,4.5,5,
2006,NYG,18,7,15,0.5849056603773585,53,4.5,5,
2006,NYJ,1,9,15,0.8913043478260869,46,0.0,3,
2006,NYJ,2,9,15,0.8936170212765957,47,0.0,3,
2006,NYJ,3,9,15,0.8936170212765957,47,0.0,3,
2006,NYJ,4,9,15,0.8775510204081632,49,0.0,3,
2006,NYJ,5,9,15,0.8775510204081632,49,0.0,3,
2006,NYJ,6,9,15,0.8775510204081632,49,0.0,3,
2006,NYJ,7,9,15,0.8775510204081632,49,0.0,3,
2006,NYJ,8,9,15,0.8775510204081632,49,0.0,3,
2006,NYJ,9,9,15,0.86,50,0.0,3,
2006,NYJ,10,9,15,0.86,50,0.0,3,
2006,NYJ,11,9,15,0.86,50,0.0,3,
2006,NYJ,12,9,15,0.86,50,0.0,3,
2006,NYJ,13,9,15,0.8431372549019608,51,0.0,3,
2006,NYJ,14,9,15,0.8431372549019608,51,0.0,3,
2006,NYJ,15,9,15,0.8269230769230769,52,0.0,3,
2006,NYJ,16,9,15,0.8269230769230769,52,0.0,3,
2006,NYJ,17,9,15,0.8269230769230769,52,0.0,3,
2006,NYJ,18,9,15,0.8113207547169812,53,0.0,3,
2006,OAK,1,12,17,0.7608695652173914,46,3.75,4,
2006,OAK,2,12,17,0.7608695652173914,46,3.75,4,
2006,OAK,3,12,17,0.7608695652173914,46,3.75,4,
2006,OAK,4,12,17,0.7608695652173914,46,3.75,4,
2006,OAK,5,12,17,0.7446808510638298,47,3.75,4,
2006,OAK,6,12,17,0.7446808510638298,47,3.75,4,
2006,OAK,7,12,17,0.75,48,3.75,4,
2006,OAK,8,12,17,0.75,48,3.75,4,
2006,OAK,9,12,17,0.75,48,3.75,4,
2006,OAK,10,12,17,0.75,48,3.75,4,
2006,OAK,11,12,17,0.75,48,3.75,4,
2006,OAK,12,12,17,0.75,48,3.75,4,
2006,OAK,13,12,17,0.7551020408163265,49,3.75,4,
2006,OAK,14,12,17,0.7551020408163265,49,3.75,4,
2006,OAK,15,12,17,0.76,50,3.75,4,
2006,OAK,16,12,17,0.7450980392156863,51,3.75,4,
2006,OAK,17,12,17,0.7169811320754716,53,3.75,4,
2006,PHI,1,7,15,0.7142857142857143,49,7.75,9,
2006,PHI,2,7,15,0.72,50,7.75,9,
2006,PHI,3,7,15,0.72,50,7.75,9,
2006,PHI,4,7,15,0.72,50,7.75,9,
2006,PHI,5,7,15,0.7058823529411765,51,7.75,9,
2006,PHI,6,7,15,0.7058823529411765,51,7.75,9,
2006,PHI,7,7,15,0.7058823529411765,51,7.75,9,
2006,PHI,8,7,15,0.7058823529411765,51,7.75,9,
2006,PHI,9,7,15,0.7058823529411765,51,7.75,9,
2006,PHI,10,7,15,0.7058823529411765,51,7.75,9,
2006,PHI,11,7,15,0.7058823529411765,51,7.75,9,
2006,PHI,12,7,15,0.6923076923076923,52,7.75,9,
2006,PHI,13,7,15,0.6792452830188679,53,7.75,9,
2006,PHI,14,7,15,0.6792452830188679,53,7.75,9,
2006,PHI,15,7,15,0.6792452830188679,53,7.75,9,
2006,PHI,16,7,15,0.6792452830188679,53,7.75,9,
2006,PHI,17,7,15,0.6792452830188679,53,7.75,9,
2006,PHI,18,7,15,0.6851851851851852,54,7.75,9,
2006,PHI,19,7,15,0.6851851851851852,54,7.75,9,
2006,PIT,1,9,13,0.7659574468085106,47,6.5,9,
2006,PIT,2,9,13,0.7872340425531915,47,6.5,9,
2006,PIT,3,9,13,0.7872340425531915,47,6.5,9,
2006,PIT,4,9,13,0.7872340425531915,47,6.5,9,
2006,PIT,5,9,13,0.7708333333333334,48,6.5,9,
2006,PIT,6,9,13,0.75,48,6.5,9,
2006,PIT,7,9,13,0.7708333333333334,48,6.5,9,
2006,PIT,8,9,13,0.7708333333333334,48,6.5,9,
2006,PIT,9,9,13,0.76,50,6.5,9,
2006,PIT,10,9,13,0.7551020408163265,49,6.5,9,
2006,PIT,11,9,13,0.76,50,6.5,9,
2006,PIT,12,9,13,0.7551020408163265,49,6.5,9,
2006,PIT,13,9,13,0.7551020408163265,49,6.5,9,
2006,PIT,14,9,13,0.76,50,6.5,9,
2006,PIT,15,9,13,0.76,50,6.5,9,
2006,PIT,16,9,13,0.7547169811320755,53,6.5,9,
2006,PIT,17,9,13,0.7547169811320755,53,6.5,9,
2006,SD,1,6,13,0.7083333333333334,48,6.5,7,
2006,SD,2,6,13,0.7083333333333334,48,6.5,7,
2006,SD,3,6,13,0.6938775510204082,49,6.5,7,
2006,SD,4,6,13,0.6862745098039216,51,6.5,7,
2006,SD,5,6,13,0.6862745098039216,51,6.5,7,
2006,SD,6,6,13,0.6923076923076923,52,6.5,7,
2006,SD,7,6,13,0.6923076923076923,52,6.5,7,
2006,SD,8,6,13,0.6862745098039216,51,6.5,7,
2006,SD,9,5,12,0.68,50,5.5,6,
2006,SD,10,5,12,0.6666666666666666,51,5.5,6,
2006,SD,11,5,12,0.6666666666666666,51,5.5,6,
2006,SD,12,5,12,0.6666666666666666,51,5.5,6,
2006,SD,13,6,13,0.6730769230769231,52,6.5,7,
2006,SD,14,6,13,0.6730769230769231,52,6.5,7,
2006,SD,15,6,13,0.6792452830188679,53,7.0,7,
2006,SD,16,6,13,0.6792452830188679,53,7.0,7,
2006,SD,17,6,13,0.6792452830188679,53,7.0,7,
2006,SD,18,6,13,0.6792452830188679,53,7.0,7,
2006,SD,19,6,13,0.6792452830188679,53,7.0,7,
2006,SEA,1,8,15,0.8181818181818182,44,5.0,7,
2006,SEA,2,8,15,0.8,45,5.0,7,
2006,SEA,3,8,16,0.8,45,5.0,7,
2006,SEA,4,8,16,0.7777777777777778,45,5.0,7,
2006,SEA,5,8,16,0.7777777777777778,45,5.0,7,
2006,SEA,6,8,16,0.7777777777777778,45,5.0,7,
2006,SEA,7,8,16,0.7777777777777778,45,5.0,7,
2006,SEA,8,8,16,0.7674418604651163,43,5.0,7,
2006,SEA,9,8,16,0.7727272727272727,44,5.0,7,
2006,SEA,10,8,16,0.7555555555555555,45,5.0,7,
2006,SEA,11,8,16,0.7555555555555555,45,5.0,7,
2006,SEA,12,8,16,0.7727272727272727,44,5.0,7,
2006,SEA,13,8,17,0.7777777777777778,45,5.0,7,
2006,SEA,14,8,17,0.7446808510638298,47,5.0,7,
2006,SEA,15,8,17,0.7551020408163265,49,5.0,7,
2006,SEA,16,8,17,0.7551020408163265,49,5.0,7,
2006,SEA,17,8,17,0.76,50,5.0,7,
2006,SEA,18,8,17,0.7692307692307693,52,5.0,7,
2006,SEA,19,8,17,0.7547169811320755,53,5.0,7,
2006,SF,1,7,15,0.7872340425531915,47,2.5,3,
2006,SF,2,7,15,0.7872340425531915,47,2.5,3,
2006,SF,3,7,15,0.7659574468085106,47,2.5,3,
2006,SF,4,7,15,0.7659574468085106,47,2.5,3,
2006,SF,5,7,15,0.7659574468085106,47,2.5,3,
2006,SF,6,7,15,0.7659574468085106,47,2.5,3,
2006,SF,7,7,15,0.7659574468085106,47,2.5,3,
2006,SF,8,7,15,0.7659574468085106,47,2.5,3,
2006,SF,9,7,15,0.7608695652173914,46,2.5,3,
2006,SF,10,7,15,0.7659574468085106,47,2.5,3,
2006,SF,11,7,15,0.7659574468085106,47,2.5,3,
2006,SF,12,7,15,0.7708333333333334,48,2.5,3,
2006,SF,13,7,15,0.7708333333333334,48,2.5,3,
2006,SF,14,7,14,0.7659574468085106,47,1.5,3,
2006,SF,15,7,14,0.7551020408163265,49,1.5,3,
2006,SF,16,7,14,0.7115384615384616,52,1.5,3,
2006,SF,17,7,14,0.7115384615384616,52,1.5,3,
2006,STL,1,6,11,0.8541666666666666,48,4.75,10,
2006,STL,2,6,11,0.8367346938775511,49,4.75,10,
2006,STL,3,6,11,0.8367346938775511,49,4.75,10,
2006,STL,4,6,11,0.8367346938775511,49,4.75,10,
2006,STL,5,6,11,0.8571428571428571,49,4.75,10,
2006,STL,6,6,11,0.8571428571428571,49,4.75,10,
2006,STL,7,6,11,0.8541666666666666,48,4.75,10,
2006,STL,8,6,11,0.8541666666666666,48,4.75,10,
2006,STL,9,6,11,0.8541666666666666,48,4.75,10,
2006,STL,10,6,11,0.8367346938775511,49,4.75,10,
2006,STL,11,6,11,0.84,50,4.75,10,
2006,STL,12,6,11,0.84,50,4.75,10,
2006,STL,13,6,11,0.8076923076923077,52,4.75,10,
2006,STL,14,6,11,0.8076923076923077,52,4.75,10,
2006,STL,15,6,11,0.7924528301886793,53,4.75,10,
2006,STL,16,6,11,0.7924528301886793,53,4.75,10,
2006,STL,17,6,11,0.7924528301886793,53,4.75,10,
2006,TB,1,8,14,0.8,45,3.75,5,
2006,TB,2,8,14,0.8181818181818182,44,3.75,5,
2006,TB,3,8,14,0.8181818181818182,44,3.75,5,
2006,TB,4,8,14,0.8181818181818182,44,3.75,5,
2006,TB,5,8,14,0.8,45,3.75,5,
2006,TB,6,8,14,0.8043478260869565,46,3.75,5,
2006,TB,7,8,14,0.782608695652174,46,3.75,5,
2006,TB,8,8,14,0.7872340425531915,47,3.75,5,
2006,TB,9,8,14,0.7916666666666666,48,3.75,5,
2006,TB,10,8,14,0.7916666666666666,48,3.75,5,
2006,TB,11,8,14,0.7916666666666666,48,3.75,5,
2006,TB,12,8,14,0.7916666666666666,48,3.75,5,
2006,TB,13,8,14,0.78,50,3.75,5,
2006,TB,14,8,14,0.7843137254901961,51,3.75,5,
2006,TB,15,8,14,0.7843137254901961,51,3.75,5,
2006,TB,16,8,14,0.7843137254901961,51,3.75,5,
2006,TB,17,8,14,0.7735849056603774,53,3.75,5,
2006,TEN,1,6,13,0.8478260869565217,46,3.0,5,
2006,TEN,2,6,13,0.8666666666666667,45,3.0,5,
2006,TEN,3,6,13,0.8666666666666667,45,3.0,5,
2006,TEN,4,6,13,0.8695652173913043,46,3.0,5,
2006,TEN,5,5,12,0.8478260869565217,46,3.0,5,
2006,TEN,6,5,12,0.8297872340425532,47,3.0,5,
2006,TEN,7,5,12,0.8297872340425532,47,3.0,5,
2006,TEN,8,5,12,0.8478260869565217,46,3.0,5,
2006,TEN,9,5,12,0.8478260869565217,46,3.0,5,
2006,TEN,10,5,12,0.8541666666666666,48,3.0,5,
2006,TEN,11,6,13,0.84,50,3.0,5,
2006,TEN,12,6,13,0.8235294117647058,51,3.0,5,
2006,TEN,13,6,13,0.8235294117647058,51,3.0,5,
2006,TEN,14,6,13,0.8235294117647058,51,3.0,5,
2006,TEN,15,6,13,0.8076923076923077,52,3.0,5,
2006,TEN,16,6,13,0.8113207547169812,53,3.0,5,
2006,TEN,17,6,13,0.8113207547169812,53,3.0,5,
2006,WAS,1,9,17,0.7555555555555555,45,4.75,2,
2006,WAS,2,9,17,0.7333333333333333,45,4.75,2,
2006,WAS,3,9,17,0.7333333333333333,45,4.75,2,
2006,WAS,4,9,17,0.7333333333333333,45,4.75,2,
2006,WAS,5,9,17,0.7333333333333333,45,4.75,2,
2006,WAS,6,9,17,0.7333333333333333,45,4.75,2,
2006,WAS,7,10,18,0.7391304347826086,46,5.5,3,
2006,WAS,8,10,18,0.7391304347826086,46,5.5,3,
2006,WAS,9,10,18,0.7391304347826086,46,5.5,3,
2006,WAS,10,10,18,0.7391304347826086,46,5.5,3,
2006,WAS,11,10,18,0.7083333333333334,48,5.5,3,
2006,WAS,12,10,18,0.7083333333333334,48,5.5,3,
2006,WAS,13,10,18,0.7083333333333334,48,5.5,3,
2006,WAS,14,10,18,0.6938775510204082,49,5.5,3,
2006,WAS,15,10,18,0.6938775510204082,49,5.5,3,
2006,WAS,16,10,18,0.7,50,5.5,3,
2006,WAS,17,10,18,0.660377358490566,53,5.5,3,
2007,ARI,1,6,11,0.7555555555555555,45,2.5,4,
2007,ARI,2,6,11,0.75,44,2.5,4,
2007,ARI,3,6,11,0.75,44,2.5,4,
2007,ARI,4,6,11,0.75,44,2.5,4,
2007,ARI,5,6,11,0.75,44,2.5,4,
2007,ARI,6,6,11,0.7391304347826086,46,2.5,4,
2007,ARI,7,6,11,0.717391304347826,46,2.5,4,
2007,ARI,8,6,11,0.717391304347826,46,2.5,4,
2007,ARI,9,6,11,0.723404255319149,47,2.5,4,
2007,ARI,10,6,11,0.723404255319149,47,2.5,4,
2007,ARI,11,6,11,0.7083333333333334,48,2.5,4,
2007,ARI,12,6,11,0.7083333333333334,48,2.5,4,
2007,ARI,13,6,11,0.7058823529411765,51,3.5,5,
2007,ARI,14,6,11,0.7058823529411765,51,3.5,5,
2007,ARI,15,6,11,0.7115384615384616,52,3.5,5,
2007,ARI,16,6,11,0.7115384615384616,52,3.5,5,
2007,ARI,17,6,11,0.6981132075471698,53,3.5,5,
2007,ATL,1,8,14,0.75,44,4.25,7,
2007,ATL,2,8,14,0.75,44,4.25,7,
2007,ATL,3,9,15,0.7954545454545454,44,4.25,7,
2007,ATL,4,9,15,0.7954545454545454,44,4.25,7,
2007,ATL,5,9,15,0.7777777777777778,45,4.25,8,
2007,ATL,6,9,15,0.7391304347826086,46,4.25,8,
2007,ATL,7,9,15,0.7391304347826086,46,4.25,8,
2007,ATL,8,9,15,0.7333333333333333,45,4.25,8,
2007,ATL,9,9,15,0.7391304347826086,46,4.25,8,
2007,ATL,10,9,15,0.7391304347826086,46,4.25,8,
2007,ATL,11,9,15,0.7659574468085106,47,4.25,8,
2007,ATL,12,9,15,0.7659574468085106,47,4.25,8,
2007,ATL,13,9,15,0.7659574468085106,47,4.25,8,
2007,ATL,14,9,15,0.75,48,4.25,8,
2007,ATL,15,9,15,0.7346938775510204,49,4.25,8,
2007,ATL,16,9,15,0.72,50,4.25,8,
2007,ATL,17,9,15,0.6792452830188679,53,4.25,8,
2007,BAL,1,9,12,0.7954545454545454,44,5.5,7,
2007,BAL,2,9,12,0.7777777777777778,45,5.5,7,
2007,BAL,3,9,12,0.782608695652174,46,5.5,7,
2007,BAL,4,9,12,0.782608695652174,46,5.5,7,
2007,BAL,5,9,12,0.782608695652174,46,5.5,7,
2007,BAL,6,9,12,0.8,45,5.5,7,
2007,BAL,7,9,12,0.8,45,5.5,7,
2007,BAL,8,9,12,0.782608695652174,46,5.5,7,
2007,BAL,9,9,12,0.782608695652174,46,5.5,7,
2007,BAL,10,9,12,0.782608695652174,46,5.5,7,
2007,BAL,11,9,12,0.7659574468085106,47,5.5,7,
2007,BAL,12,9,12,0.7659574468085106,47,5.5,7,
2007,BAL,13,9,12,0.75,48,5.5,7,
2007,BAL,14,9,12,0.7551020408163265,49,5.5,7,
2007,BAL,15,9,12,0.74,50,5.5,7,
2007,BAL,16,9,12,0.7450980392156863,51,5.5,7,
2007,BAL,17,9,12,0.7169811320754716,53,5.5,7,
2007,BUF,1,5,11,0.75,40,3.0,3,
2007,BUF,2,5,12,0.7674418604651163,43,3.0,3,
2007,BUF,3,5,12,0.7674418604651163,43,3.0,3,
2007,BUF,4,5,12,0.7727272727272727,44,3.0,3,
2007,BUF,5,5,12,0.7777777777777778,45,3.0,3,
2007,BUF,6,5,12,0.7777777777777778,45,3.0,3,
2007,BUF,7,5,12,0.7555555555555555,45,3.0,3,
2007,BUF,8,5,12,0.7555555555555555,45,3.0,3,
2007,BUF,9,5,12,0.7555555555555555,45,3.0,3,
2007,BUF,10,5,12,0.7555555555555555,45,3.0,3,
2007,BUF,11,5,12,0.7446808510638298,47,3.0,3,
2007,BUF,12,5,12,0.7446808510638298,47,3.0,3,
2007,BUF,13,5,12,0.7446808510638298,47,3.0,3,
2007,BUF,14,5,12,0.7346938775510204,49,3.0,3,
2007,BUF,15,5,12,0.72,50,3.0,3,
2007,BUF,16,5,12,0.7254901960784313,51,3.0,3,
2007,BUF,17,5,12,0.6981132075471698,53,3.0,3,
2007,CAR,1,7,15,0.813953488372093,43,2.75,4,
2007,CAR,2,7,16,0.8181818181818182,44,2.75,4,
2007,CAR,3,7,16,0.8222222222222222,45,2.75,4,
2007,CAR,4,7,16,0.8222222222222222,45,2.75,4,
2007,CAR,5,7,16,0.8043478260869565,46,2.75,4,
2007,CAR,6,8,17,0.8085106382978723,47,2.75,4,
2007,CAR,7,8,17,0.8085106382978723,47,2.75,4,
2007,CAR,8,8,17,0.7916666666666666,48,2.75,4,
2007,CAR,9,8,17,0.7755102040816326,49,2.75,4,
2007,CAR,10,8,17,0.76,50,2.75,4,
2007,CAR,11,8,17,0.78,50,2.75,4,
2007,CAR,12,8,17,0.78,50,2.75,4,
2007,CAR,13,8,17,0.78,50,2.75,4,
2007,CAR,14,8,17,0.78,50,2.75,4,
2007,CAR,15,8,17,0.78,50,2.75,4,
2007,CAR,16,8,17,0.7647058823529411,51,2.75,4,
2007,CAR,17,9,18,0.7547169811320755,53,2.75,4,
2007,CHI,1,6,11,0.8222222222222222,45,9.75,9,
2007,CHI,2,6,11,0.8222222222222222,45,9.75,9,
2007,CHI,3,6,11,0.8222222222222222,45,9.75,9,
2007,CHI,4,6,11,0.8222222222222222,45,9.75,9,
2007,CHI,5,6,11,0.8260869565217391,46,9.75,9,
2007,CHI,6,6,11,0.8260869565217391,46,9.75,9,
2007,CHI,7,6,11,0.8260869565217391,46,9.75,9,
2007,CHI,8,6,11,0.8260869565217391,46,9.75,9,
2007,CHI,9,6,11,0.8260869565217391,46,9.75,9,
2007,CHI,10,6,11,0.8085106382978723,47,9.75,9,
2007,CHI,11,6,11,0.8085106382978723,47,9.75,9,
2007,CHI,12,6,11,0.7916666666666666,48,9.75,9,
2007,CHI,13,6,11,0.7916666666666666,48,9.75,9,
2007,CHI,14,6,11,0.7916666666666666,48,9.75,9,
2007,CHI,15,7,12,0.803921568627451,51,9.75,9,
2007,CHI,16,7,12,0.803921568627451,51,9.75,9,
2007,CHI,17,7,12,0.7735849056603774,53,9.75,9,
2007,CIN,1,7,13,0.7727272727272727,44,4.0,6,
2007,CIN,2,7,13,0.75,44,4.0,6,
2007,CIN,3,7,13,0.7727272727272727,44,4.0,6,
2007,CIN,4,7,12,0.7906976744186046,43,4.0,6,
2007,CIN,5,7,12,0.7727272727272727,44,4.0,6,
2007,CIN,6,6,11,0.75,44,4.0,6,
2007,CIN,7,7,12,0.7555555555555555,45,4.0,6,
2007,CIN,8,7,12,0.7608695652173914,46,4.0,6,
2007,CIN,9,7,12,0.7608695652173914,46,4.0,6,
2007,CIN,10,7,12,0.7708333333333334,48,4.0,6,
2007,CIN,11,7,12,0.7551020408163265,49,4.0,6,
2007,CIN,12,7,12,0.7551020408163265,49,4.0,6,
2007,CIN,13,7,12,0.74,50,4.0,6,
2007,CIN,14,7,12,0.74,50,4.0,6,
2007,CIN,15,7,12,0.74,50,4.0,6,
2007,CIN,16,7,12,0.74,50,4.0,6,
2007,CIN,17,7,12,0.7307692307692307,52,4.0,6,
2007,CLE,1,7,16,0.8,45,0.75,2,
2007,CLE,2,7,16,0.8,45,0.75,2,
2007,CLE,3,7,16,0.8,45,0.75,2,
2007,CLE,4,7,16,0.8,45,0.75,2,
2007,CLE,5,7,16,0.8043478260869565,46,0.75,2,
2007,CLE,6,7,16,0.7872340425531915,47,0.75,2,
2007,CLE,7,7,16,0.7872340425531915,47,0.75,2,
2007,CLE,8,7,16,0.7708333333333334,48,0.75,2,
2007,CLE,9,7,17,0.7755102040816326,49,0.75,2,
2007,CLE,10,7,17,0.7755102040816326,49,0.75,2,
2007,CLE,11,7,17,0.7755102040816326,49,0.75,2,
2007,CLE,12,7,17,0.7755102040816326,49,0.75,2,
2007,CLE,13,7,17,0.7755102040816326,49,0.75,2,
2007,CLE,14,7,17,0.7755102040816326,49,0.75,2,
2007,CLE,15,7,17,0.7647058823529411,51,0.75,2,
2007,CLE,16,7,17,0.7647058823529411,51,0.75,2,
2007,CLE,17,7,17,0.7358490566037735,53,0.75,2,
2007,DAL,1,10,16,0.7647058823529411,51,4.75,9,
2007,DAL,2,10,16,0.7647058823529411,51,4.75,9,
2007,DAL,3,10,16,0.7647058823529411,51,4.75,9,
2007,DAL,4,10,16,0.7647058823529411,51,4.75,9,
2007,DAL,5,10,16,0.7647058823529411,51,4.75,9,
2007,DAL,6,10,16,0.7647058823529411,51,4.75,9,
2007,DAL,7,10,16,0.7647058823529411,51,4.75,9,
2007,DAL,8,10,16,0.7647058823529411,51,4.75,9,
2007,DAL,9,10,16,0.7647058823529411,51,4.75,9,
2007,DAL,10,10,17,0.7692307692307693,52,4.75,9,
2007,DAL,11,10,17,0.7692307692307693,52,4.75,9,
2007,DAL,12,10,17,0.7692307692307693,52,4.75,9,
2007,DAL,13,10,17,0.7692307692307693,52,4.75,9,
2007,DAL,14,10,17,0.7692307692307693,52,4.75,9,
2007,DAL,15,10,17,0.7735849056603774,53,4.75,9,
2007,DAL,16,9,16,0.7692307692307693,52,4.0,8,
2007,DAL,17,10,17,0.7735849056603774,53,4.75,9,
2007,DAL,18,10,17,0.7735849056603774,53,4.75,9,
2007,DAL,19,10,17,0.7735849056603774,53,4.75,9,
2007,DEN,1,6,12,0.7317073170731707,41,3.5,5,
2007,DEN,2,6,13,0.7380952380952381,42,3.5,5,
2007,DEN,3,6,13,0.7560975609756098,41,3.5,5,
2007,DEN,4,6,13,0.7380952380952381,42,3.5,5,
2007,DEN,5,6,13,0.7142857142857143,42,3.5,5,
2007,DEN,6,6,13,0.6818181818181818,44,3.5,5,
2007,DEN,7,6,13,0.6739130434782609,46,3.5,5,
2007,DEN,8,6,13,0.6739130434782609,46,3.5,5,
2007,DEN,9,6,13,0.6739130434782609,46,3.5,5,
2007,DEN,10,6,14,0.6666666666666666,48,3.5,5,
2007,DEN,11,6,14,0.673469387755102,49,3.5,5,
2007,DEN,12,6,14,0.6875,48,3.5,5,
2007,DEN,13,6,14,0.673469387755102,49,3.5,5,
2007,DEN,14,6,14,0.66,50,3.5,5,
2007,DEN,15,6,14,0.66,50,3.5,5,
2007,DEN,16,6,14,0.6346153846153846,52,3.5,5,
2007,DEN,17,6,14,0.6226415094339622,53,3.5,5,
2007,DET,1,8,21,0.8043478260869565,46,1.0,2,
2007,DET,2,8,21,0.8043478260869565,46,1.0,2,
2007,DET,3,8,21,0.8043478260869565,46,1.0,2,
2007,DET,4,8,21,0.7916666666666666,48,1.0,2,
2007,DET,5,8,21,0.7916666666666666,48,1.0,2,
2007,DET,6,8,21,0.7916666666666666,48,1.0,2,
2007,DET,7,8,21,0.8085106382978723,47,1.0,2,
2007,DET,8,8,21,0.782608695652174,46,1.0,2,
2007,DET,9,8,21,0.7872340425531915,47,1.0,2,
2007,DET,10,8,21,0.782608695652174,46,1.0,2,
2007,DET,11,8,21,0.7872340425531915,47,1.0,2,
2007,DET,12,8,21,0.7916666666666666,48,1.0,2,
2007,DET,13,8,21,0.78,50,1.0,2,
2007,DET,14,8,21,0.7647058823529411,51,1.0,2,
2007,DET,15,8,21,0.75,52,1.0,2,
2007,DET,16,8,21,0.7547169811320755,53,1.0,2,
2007,DET,17,8,21,0.7547169811320755,53,1.0,2,
2007,GB,1,7,13,0.7446808510638298,47,4.25,5,
2007,GB,2,7,13,0.7446808510638298,47,4.25,5,
2007,GB,3,7,13,0.7291666666666666,48,4.25,5,
2007,GB,4,7,13,0.7142857142857143,49,4.25,5,
2007,GB,5,7,13,0.7142857142857143,49,4.25,5,
2007,GB,6,7,13,0.7142857142857143,49,4.25,5,
2007,GB,7,7,13,0.7291666666666666,48,4.25,5,
2007,GB,8,7,13,0.7346938775510204,49,4.25,5,
2007,GB,9,8,14,0.74,50,5.25,6,
2007,GB,10,8,14,0.74,50,5.25,6,
2007,GB,11,8,14,0.74,50,5.25,6,
2007,GB,12,8,14,0.74,50,5.25,6,
2007,GB,13,8,14,0.74,50,5.25,6,
2007,GB,14,8,14,0.7450980392156863,51,5.25,6,
2007,GB,15,8,14,0.7307692307692307,52,5.25,6,
2007,GB,16,8,14,0.7307692307692307,52,5.25,6,
2007,GB,17,8,14,0.7307692307692307,52,5.25,6,
2007,GB,18,8,14,0.7169811320754716,53,5.25,6,
2007,GB,19,8,14,0.7169811320754716,53,5.25,6,
2007,GB,20,8,14,0.7169811320754716,53,5.25,6,
2007,HOU,1,7,12,0.8444444444444444,45,1.0,2,
2007,HOU,2,7,12,0.8222222222222222,45,1.0,2,
2007,HOU,3,7,12,0.8222222222222222,45,1.0,2,
2007,HOU,4,7,12,0.8297872340425532,47,1.0,2,
2007,HOU,5,7,12,0.8297872340425532,47,1.0,2,
2007,HOU,6,7,12,0.8297872340425532,47,1.0,2,
2007,HOU,7,7,12,0.8297872340425532,47,1.0,2,
2007,HOU,8,7,12,0.8478260869565217,46,1.0,2,
2007,HOU,9,7,12,0.8541666666666666,48,1.0,2,
2007,HOU,10,7,12,0.8541666666666666,48,1.0,2,
2007,HOU,11,7,12,0.8367346938775511,49,1.0,2,
2007,HOU,12,7,12,0.8163265306122449,49,1.0,2,
2007,HOU,13,7,12,0.8333333333333334,48,1.0,2,
2007,HOU,14,7,12,0.803921568627451,51,1.0,2,
2007,HOU,15,7,12,0.803921568627451,51,1.0,2,
2007,HOU,16,7,12,0.7884615384615384,52,1.0,2,
2007,HOU,17,7,12,0.7735849056603774,53,1.0,2,
2007,IND,1,7,11,0.7021276595744681,47,5.0,6,
2007,IND,2,7,11,0.7021276595744681,47,5.0,6,
2007,IND,3,7,11,0.7021276595744681,47,5.0,6,
2007,IND,4,7,11,0.6808510638297872,47,5.0,6,
2007,IND,5,7,11,0.6875,48,5.0,6,
2007,IND,6,7,11,0.6875,48,5.0,6,
2007,IND,7,7,11,0.6875,48,5.0,6,
2007,IND,8,7,11,0.6875,48,5.0,6,
2007,IND,9,7,11,0.6875,48,5.0,6,
2007,IND,10,7,11,0.6875,48,5.0,6,
2007,IND,11,7,11,0.7142857142857143,49,5.0,6,
2007,IND,12,7,11,0.72,50,5.0,6,
2007,IND,13,7,12,0.7115384615384616,52,5.0,6,
2007,IND,14,7,12,0.6981132075471698,53,5.0,6,
2007,IND,15,7,12,0.6981132075471698,53,5.0,6,
2007,IND,16,7,12,0.6981132075471698,53,5.0,6,
2007,IND,17,7,12,0.6981132075471698,53,5.0,6,
2007,IND,18,7,12,0.6981132075471698,53,5.0,6,
2007,IND,19,7,12,0.6981132075471698,53,5.0,6,
2007,JAX,1,8,18,0.8260869565217391,46,4.25,3,
2007,JAX,2,8,18,0.8043478260869565,46,4.25,3,
2007,JAX,3,8,18,0.7872340425531915,47,4.25,3,
2007,JAX,4,8,18,0.7872340425531915,47,4.25,3,
2007,JAX,5,8,18,0.7872340425531915,47,4.25,3,
2007,JAX,6,8,18,0.7872340425531915,47,4.25,3,
2007,JAX,7,8,18,0.7872340425531915,47,4.25,3,
2007,JAX,8,8,18,0.7872340425531915,47,4.25,3,
2007,JAX,9,8,18,0.7916666666666666,48,4.25,3,
2007,JAX,10,8,17,0.8,50,4.25,3,
2007,JAX,11,8,18,0.8,50,4.25,3,
2007,JAX,12,8,19,0.8235294117647058,51,4.25,3,
2007,JAX,13,8,19,0.8113207547169812,53,4.25,3,
2007,JAX,14,8,19,0.8076923076923077,52,4.25,3,
2007,JAX,15,8,19,0.7924528301886793,53,4.25,3,
2007,JAX,16,8,19,0.7924528301886793,53,4.25,3,
2007,JAX,17,8,19,0.7924528301886793,53,4.25,3,
2007,JAX,18,8,19,0.7924528301886793,53,4.25,3,
2007,JAX,19,8,19,0.7777777777777778,54,4.25,3,
2007,KC,1,7,14,0.7906976744186046,43,6.0,7,
2007,KC,2,7,14,0.7954545454545454,44,6.0,7,
2007,KC,3,7,14,0.8,45,6.0,7,
2007,KC,4,7,14,0.8,45,6.0,7,
2007,KC,5,7,14,0.8,45,6.0,7,
2007,KC,6,7,14,0.8,45,6.0,7,
2007,KC,7,6,13,0.7954545454545454,44,6.0,6,
2007,KC,8,6,13,0.7954545454545454,44,6.0,6,
2007,KC,9,6,13,0.7954545454545454,44,6.0,6,
2007,KC,10,6,13,0.7954545454545454,44,6.0,6,
2007,KC,11,6,13,0.7954545454545454,44,6.0,6,
2007,KC,12,6,13,0.7777777777777778,45,6.0,6,
2007,KC,13,6,13,0.7555555555555555,45,6.0,6,
2007,KC,14,6,13,0.7446808510638298,47,6.0,6,
2007,KC,15,6,13,0.7291666666666666,48,6.0,6,
2007,KC,16,6,13,0.72,50,6.0,6,
2007,KC,17,6,13,0.6792452830188679,53,6.0,6,
2007,MIA,1,6,10,0.7073170731707317,41,2.0,4,
2007,MIA,2,6,11,0.7142857142857143,42,2.0,4,
2007,MIA,3,6,11,0.7142857142857143,42,2.0,4,
2007,MIA,4,6,11,0.7142857142857143,42,2.0,4,
2007,MIA,5,6,11,0.7142857142857143,42,2.0,4,
2007,MIA,6,6,10,0.7073170731707317,41,2.0,4,
2007,MIA,7,6,9,0.6904761904761905,42,2.0,3,
2007,MIA,8,6,9,0.6888888888888889,45,2.75,3,
2007,MIA,9,6,9,0.6739130434782609,46,2.75,3,
2007,MIA,10,6,9,0.6595744680851063,47,2.75,3,
2007,MIA,11,6,9,0.6458333333333334,48,2.75,3,
2007,MIA,12,6,9,0.6595744680851063,47,2.75,3,
2007,MIA,13,6,9,0.6458333333333334,48,2.75,3,
2007,MIA,14,6,9,0.6274509803921569,51,2.75,3,
2007,MIA,15,6,9,0.6274509803921569,51,2.75,3,
2007,MIA,16,6,9,0.6153846153846154,52,2.75,3,
2007,MIA,17,6,9,0.6037735849056604,53,2.75,3,
2007,MIN,1,8,20,0.68,50,4.75,6,
2007,MIN,2,8,20,0.68,50,4.75,6,
2007,MIN,3,8,20,0.68,50,4.75,6,
2007,MIN,4,8,20,0.68,50,4.75,6,
2007,MIN,5,8,20,0.68,50,4.75,6,
2007,MIN,6,8,20,0.68,50,4.75,6,
2007,MIN,7,8,20,0.68,50,4.75,6,
2007,MIN,8,8,20,0.6862745098039216,51,4.75,6,
2007,MIN,9,8,20,0.6862745098039216,51,4.75,6,
2007,MIN,10,8,20,0.6862745098039216,51,4.75,6,
2007,MIN,11,8,20,0.6862745098039216,51,4.75,6,
2007,MIN,12,8,20,0.6862745098039216,51,4.75,6,
2007,MIN,13,8,20,0.6666666666666666,51,4.75,6,
2007,MIN,14,8,20,0.6415094339622641,53,4.75,6,
2007,MIN,15,8,20,0.660377358490566,53,4.75,6,
2007,MIN,16,8,20,0.660377358490566,53,4.75,6,
2007,MIN,17,8,20,0.660377358490566,53,4.75,6,
2007,NE,1,10,14,0.7083333333333334,48,6.0,8,
2007,NE,2,10,14,0.723404255319149,47,6.0,8,
2007,NE,3,10,14,0.723404255319149,47,6.0,8,
2007,NE,4,10,14,0.723404255319149,47,6.0,8,
2007,NE,5,10,14,0.7291666666666666,48,7.0,8,
2007,NE,6,10,14,0.7291666666666666,48,7.0,8,
2007,NE,7,10,14,0.7291666666666666,48,7.0,8,
2007,NE,8,11,15,0.75,48,8.0,9,
2007,NE,9,11,15,0.7346938775510204,49,8.0,9,
2007,NE,10,11,16,0.7551020408163265,49,8.0,9,
2007,NE,11,11,16,0.7551020408163265,49,8.0,9,
2007,NE,12,11,16,0.7551020408163265,49,8.0,9,
2007,NE,13,11,16,0.7551020408163265,49,8.5,9,
2007,NE,14,11,16,0.7551020408163265,49,8.5,9,
2007,NE,15,11,16,0.74,50,8.5,9,
2007,NE,16,11,16,0.7450980392156863,51,8.5,9,
2007,NE,17,11,16,0.7307692307692307,52,8.5,9,
2007,NE,18,11,16,0.7307692307692307,52,8.5,9,
2007,NE,19,11,16,0.7307692307692307,52,8.5,9,
2007,NE,20,11,16,0.7307692307692307,52,8.5,9,
2007,NE,21,11,16,0.7169811320754716,53,8.5,9,
2007,NO,1,7,12,0.6382978723404256,47,3.0,3,
2007,NO,2,8,13,0.6458333333333334,48,3.0,3,
2007,NO,3,8,13,0.6458333333333334,48,3.0,3,
2007,NO,4,8,13,0.6326530612244898,49,3.0,3,
2007,NO,5,8,13,0.6530612244897959,49,3.0,3,
2007,NO,6,8,13,0.6530612244897959,49,3.0,3,
2007,NO,7,8,13,0.6530612244897959,49,3.0,3,
2007,NO,8,8,13,0.6530612244897959,49,3.0,3,
2007,NO,9,8,14,0.66,50,3.0,3,
2007,NO,10,8,14,0.6530612244897959,49,3.0,3,
2007,NO,11,8,14,0.6530612244897959,49,3.0,3,
2007,NO,12,8,14,0.6530612244897959,49,3.0,3,
2007,NO,13,8,14,0.6666666666666666,48,3.0,3,
2007,NO,14,8,14,0.6666666666666666,48,3.0,3,
2007,NO,15,8,14,0.66,50,3.5,3,
2007,NO,16,8,14,0.68,50,3.5,3,
2007,NO,17,8,14,0.6415094339622641,53,3.5,3,
2007,NYG,1,4,14,0.7391304347826086,46,3.5,5,
2007,NYG,2,4,15,0.75,48,3.5,5,
2007,NYG,3,4,15,0.75,48,3.5,5,
2007,NYG,4,4,15,0.75,48,3.5,5,
2007,NYG,5,4,15,0.7755102040816326,49,3.5,5,
2007,NYG,6,4,15,0.7755102040816326,49,3.5,5,
2007,NYG,7,4,15,0.7755102040816326,49,3.5,5,
2007,NYG,8,4,15,0.7755102040816326,49,3.5,5,
2007,NYG,9,4,15,0.7755102040816326,49,3.5,5,
2007,NYG,10,4,15,0.7755102040816326,49,3.5,5,
2007,NYG,11,4,15,0.7755102040816326,49,3.5,5,
2007,NYG,12,4,15,0.7755102040816326,49,3.5,5,
2007,NYG,13,4,15,0.76,50,3.5,5,
2007,NYG,14,4,15,0.7450980392156863,51,3.5,5,
2007,NYG,15,4,15,0.7450980392156863,51,3.5,5,
2007,NYG,16,4,15,0.75,52,3.5,5,
2007,NYG,17,4,15,0.75,52,3.5,5,
2007,NYG,18,4,15,0.7358490566037735,53,3.5,5,
2007,NYG,19,4,15,0.7358490566037735,53,3.5,5,
2007,NYG,20,4,15,0.7358490566037735,53,3.5,5,
2007,NYG,21,4,15,0.7358490566037735,53,3.5,5,
2007,NYJ,1,9,16,0.8666666666666667,45,1.0,1,
2007,NYJ,2,9,16,0.8478260869565217,46,1.0,1,
2007,NYJ,3,9,16,0.851063829787234,47,1.0,1,
2007,NYJ,4,9,16,0.851063829787234,47,1.0,1,
2007,NYJ,5,9,16,0.851063829787234,47,1.0,1,
2007,NYJ,6,9,16,0.851063829787234,47,1.0,1,
2007,NYJ,7,9,16,0.851063829787234,47,1.0,1,
2007,NYJ,8,9,16,0.8333333333333334,48,1.0,1,
2007,NYJ,9,9,16,0.8163265306122449,49,1.0,1,
2007,NYJ,10,9,16,0.8,50,1.0,1,
2007,NYJ,11,9,16,0.8,50,1.0,1,
2007,NYJ,12,9,16,0.8,50,1.0,1,
2007,NYJ,13,9,16,0.803921568627451,51,1.0,1,
2007,NYJ,14,9,16,0.803921568627451,51,1.0,1,
2007,NYJ,15,9,16,0.803921568627451,51,1.0,1,
2007,NYJ,16,9,16,0.7735849056603774,53,1.0,1,
2007,NYJ,17,9,16,0.7592592592592593,54,1.0,1,
2007,OAK,1,11,17,0.8222222222222222,45,4.5,4,
2007,OAK,2,11,17,0.8222222222222222,45,4.5,4,
2007,OAK,3,10,16,0.8222222222222222,45,4.5,4,
2007,OAK,4,11,17,0.8260869565217391,46,4.5,4,
2007,OAK,5,11,17,0.8260869565217391,46,4.5,4,
2007,OAK,6,11,17,0.8085106382978723,47,4.5,4,
2007,OAK,7,11,17,0.8085106382978723,47,4.5,4,
2007,OAK,8,11,17,0.8085106382978723,47,4.5,4,
2007,OAK,9,10,16,0.8125,48,4.5,4,
2007,OAK,10,10,16,0.8125,48,4.5,4,
2007,OAK,11,10,16,0.8125,48,4.5,4,
2007,OAK,12,10,16,0.8163265306122449,49,4.5,4,
2007,OAK,13,10,16,0.8163265306122449,49,4.5,4,
2007,OAK,14,10,16,0.8163265306122449,49,4.5,4,
2007,OAK,15,10,16,0.8,50,4.5,4,
2007,OAK,16,10,16,0.7843137254901961,51,4.5,4,
2007,OAK,17,10,16,0.7735849056603774,53,4.5,4,
2007,PHI,1,7,17,0.75,52,5.75,8,
2007,PHI,2,7,17,0.7307692307692307,52,6.75,8,
2007,PHI,3,7,17,0.75,52,6.75,8,
2007,PHI,4,7,17,0.75,52,6.75,8,
2007,PHI,5,7,17,0.75,52,6.75,8,
2007,PHI,6,7,17,0.75,52,6.75,8,
2007,PHI,7,7,17,0.75,52,6.75,8,
2007,PHI,8,7,17,0.75,52,6.75,8,
2007,PHI,9,7,16,0.7307692307692307,52,6.75,8,
2007,PHI,10,7,16,0.7169811320754716,53,6.75,8,
2007,PHI,11,7,16,0.7169811320754716,53,6.75,8,
2007,PHI,12,7,16,0.7169811320754716,53,6.75,8,
2007,PHI,13,7,16,0.7169811320754716,53,6.75,8,
2007,PHI,14,7,16,0.7169811320754716,53,6.75,8,
2007,PHI,15,7,16,0.7169811320754716,53,6.75,8,
2007,PHI,16,7,16,0.7169811320754716,53,6.75,8,
2007,PHI,17,7,16,0.7037037037037037,54,6.75,8,
2007,PIT,1,9,14,0.782608695652174,46,4.0,7,
2007,PIT,2,9,14,0.782608695652174,46,4.0,7,
2007,PIT,3,9,14,0.7608695652173914,46,4.0,7,
2007,PIT,4,9,14,0.7608695652173914,46,4.0,7,
2007,PIT,5,9,14,0.7608695652173914,46,4.0,7,
2007,PIT,6,9,14,0.7608695652173914,46,4.0,7,
2007,PIT,7,9,14,0.7608695652173914,46,4.0,7,
2007,PIT,8,9,14,0.7608695652173914,46,4.0,7,
2007,PIT,9,9,13,0.7391304347826086,46,4.0,7,
2007,PIT,10,9,13,0.7391304347826086,46,4.0,7,
2007,PIT,11,9,13,0.7083333333333334,48,4.0,7,
2007,PIT,12,9,13,0.7083333333333334,48,4.0,7,
2007,PIT,13,9,13,0.6938775510204082,49,4.0,7,
2007,PIT,14,9,13,0.6938775510204082,49,4.0,7,
2007,PIT,15,9,13,0.72,50,4.0,7,
2007,PIT,16,9,13,0.72,50,4.0,7,
2007,PIT,17,9,13,0.7254901960784313,51,4.0,7,
2007,PIT,18,9,13,0.6981132075471698,53,4.0,7,
2007,SD,1,7,13,0.72,50,7.0,11,
2007,SD,2,7,13,0.72,50,7.0,11,
2007,SD,3,7,13,0.72,50,7.0,11,
2007,SD,4,7,13,0.72,50,7.0,11,
2007,SD,5,7,13,0.72,50,7.0,11,
2007,SD,6,7,13,0.72,50,7.0,11,
2007,SD,7,7,14,0.7254901960784313,51,7.0,12,
2007,SD,8,7,14,0.7254901960784313,51,7.0,12,
2007,SD,9,7,14,0.7254901960784313,51,7.0,12,
2007,SD,10,7,14,0.7254901960784313,51,7.0,12,
2007,SD,11,7,14,0.7254901960784313,51,7.0,12,
2007,SD,12,7,14,0.7115384615384616,52,7.0,12,
2007,SD,13,7,14,0.7115384615384616,52,7.0,12,
2007,SD,14,7,14,0.7115384615384616,52,7.0,12,
2007,SD,15,7,14,0.7115384615384616,52,7.0,12,
2007,SD,16,7,14,0.7115384615384616,52,7.0,12,
2007,SD,17,7,14,0.7169811320754716,53,7.0,12,
2007,SD,18,7,14,0.7169811320754716,53,7.0,12,
2007,SD,19,7,14,0.7169811320754716,53,7.0,12,
2007,SD,20,7,14,0.7169811320754716,53,7.0,12,
2007,SEA,1,8,16,0.851063829787234,47,4.75,6,
2007,SEA,2,8,16,0.851063829787234,47,4.75,6,
2007,SEA,3,8,16,0.851063829787234,47,4.75,6,
2007,SEA,4,8,16,0.851063829787234,47,4.75,6,
2007,SEA,5,8,16,0.8333333333333334,48,4.75,6,
2007,SEA,6,8,16,0.8333333333333334,48,4.75,6,
2007,SEA,7,8,16,0.8367346938775511,49,4.75,6,
2007,SEA,8,8,16,0.8367346938775511,49,4.75,6,
2007,SEA,9,8,16,0.8367346938775511,49,4.75,6,
2007,SEA,10,8,16,0.8571428571428571,49,4.75,6,
2007,SEA,11,8,16,0.8571428571428571,49,4.75,6,
2007,SEA,12,8,16,0.8571428571428571,49,4.75,6,
2007,SEA,13,8,16,0.8571428571428571,49,4.75,6,
2007,SEA,14,8,16,0.8431372549019608,51,4.75,6,
2007,SEA,15,8,16,0.8461538461538461,52,4.75,6,
2007,SEA,16,8,16,0.8461538461538461,52,4.75,6,
2007,SEA,17,8,16,0.8461538461538461,52,4.75,6,
2007,SEA,18,8,16,0.8301886792452831,53,4.75,6,
2007,SEA,19,8,16,0.8301886792452831,53,4.75,6,
2007,SF,1,9,15,0.875,48,3.0,7,
2007,SF,2,9,15,0.875,48,3.0,7,
2007,SF,3,9,15,0.8571428571428571,49,3.0,7,
2007,SF,4,9,15,0.8367346938775511,49,3.75,8,
2007,SF,5,9,14,0.8367346938775511,49,3.75,8,
2007,SF,6,9,14,0.8333333333333334,48,3.75,8,
2007,SF,7,9,14,0.8163265306122449,49,3.75,8,
2007,SF,8,9,14,0.8163265306122449,49,3.75,8,
2007,SF,9,9,14,0.8163265306122449,49,3.75,8,
2007,SF,10,9,14,0.8235294117647058,51,3.75,8,
2007,SF,11,9,14,0.8235294117647058,51,3.75,8,
2007,SF,12,9,14,0.8235294117647058,51,3.75,8,
2007,SF,13,9,14,0.8235294117647058,51,3.75,8,
2007,SF,14,9,14,0.8235294117647058,51,3.75,8,
2007,SF,15,9,14,0.8269230769230769,52,3.75,8,
2007,SF,16,9,14,0.8076923076923077,52,3.75,8,
2007,SF,17,9,14,0.7924528301886793,53,3.75,8,
2007,STL,1,4,9,0.8205128205128205,39,3.5,6,
2007,STL,2,4,9,0.75,40,3.5,6,
2007,STL,3,4,9,0.75,40,3.5,6,
2007,STL,4,4,9,0.7317073170731707,41,3.5,6,
2007,STL,5,4,9,0.7380952380952381,42,3.5,6,
2007,STL,6,4,9,0.7727272727272727,44,3.5,6,
2007,STL,7,5,10,0.7777777777777778,45,3.5,6,
2007,STL,8,5,10,0.782608695652174,46,3.5,6,
2007,STL,9,5,10,0.782608695652174,46,3.5,6,
2007,STL,10,5,10,0.7872340425531915,47,4.5,7,
2007,STL,11,5,10,0.7755102040816326,49,4.5,7,
2007,STL,12,5,10,0.7755102040816326,49,4.5,7,
2007,STL,13,5,10,0.76,50,4.5,7,
2007,STL,14,5,10,0.7450980392156863,51,4.5,7,
2007,STL,15,5,10,0.75,52,4.5,7,
2007,STL,16,5,10,0.7358490566037735,53,4.5,7,
2007,STL,17,5,10,0.7358490566037735,53,4.5,7,
2007,TB,1,12,16,0.8043478260869565,46,5.25,7,
2007,TB,2,13,17,0.8260869565217391,46,5.25,7,
2007,TB,3,13,17,0.8260869565217391,46,5.25,7,
2007,TB,4,13,17,0.8297872340425532,47,5.25,7,
2007,TB,5,13,17,0.8297872340425532,47,5.25,7,
2007,TB,6,13,17,0.8260869565217391,46,5.25,7,
2007,TB,7,14,18,0.8297872340425532,47,5.25,8,
2007,TB,8,14,18,0.7959183673469388,49,5.25,8,
2007,TB,9,14,18,0.7959183673469388,49,5.25,8,
2007,TB,10,14,18,0.7959183673469388,49,5.25,8,
2007,TB,11,14,19,0.8,50,5.25,8,
2007,TB,12,14,19,0.8,50,5.25,8,
2007,TB,13,14,18,0.7959183673469388,49,5.25,8,
2007,TB,14,14,18,0.7959183673469388,49,5.25,8,
2007,TB,15,13,17,0.7959183673469388,49,5.25,8,
2007,TB,16,14,18,0.8,50,5.25,8,
2007,TB,17,14,18,0.7692307692307693,52,5.25,8,
2007,TB,18,14,18,0.7735849056603774,53,5.25,8,
2007,TEN,1,6,14,0.8372093023255814,43,3.25,6,
2007,TEN,2,6,14,0.8409090909090909,44,3.25,6,
2007,TEN,3,6,14,0.8604651162790697,43,3.25,6,
2007,TEN,4,6,14,0.8604651162790697,43,3.25,6,
2007,TEN,5,6,14,0.8604651162790697,43,3.25,6,
2007,TEN,6,6,14,0.8604651162790697,43,3.25,6,
2007,TEN,7,6,14,0.8604651162790697,43,3.25,6,
2007,TEN,8,6,14,0.8604651162790697,43,3.25,6,
2007,TEN,9,6,14,0.8222222222222222,45,3.25,6,
2007,TEN,10,6,14,0.8222222222222222,45,3.25,6,
2007,TEN,11,6,14,0.8222222222222222,45,3.25,6,
2007,TEN,12,7,14,0.8043478260869565,46,3.25,6,
2007,TEN,13,7,14,0.8085106382978723,47,3.25,6,
2007,TEN,14,7,14,0.7916666666666666,48,3.25,6,
2007,TEN,15,7,14,0.7755102040816326,49,3.25,6,
2007,TEN,16,7,15,0.8,50,3.25,6,
2007,TEN,17,7,15,0.7843137254901961,51,3.25,6,
2007,TEN,18,7,15,0.7735849056603774,53,3.25,6,
2007,WAS,1,7,16,0.6363636363636364,44,5.0,4,
2007,WAS,2,7,17,0.6521739130434783,46,5.0,4,
2007,WAS,3,7,17,0.6739130434782609,46,5.0,4,
2007,WAS,4,7,17,0.6739130434782609,46,5.0,4,
2007,WAS,5,7,17,0.6739130434782609,46,5.0,5,
2007,WAS,6,7,17,0.6739130434782609,46,5.0,5,
2007,WAS,7,7,17,0.6808510638297872,47,5.0,5,
2007,WAS,8,7,17,0.6808510638297872,47,5.0,5,
2007,WAS,9,7,17,0.6808510638297872,47,5.0,5,
2007,WAS,10,7,17,0.6808510638297872,47,5.0,5,
2007,WAS,11,7,17,0.6808510638297872,47,5.0,5,
2007,WAS,12,7,17,0.6458333333333334,48,5.0,5,
2007,WAS,13,7,17,0.625,48,5.0,5,
2007,WAS,14,7,17,0.625,48,5.0,5,
2007,WAS,15,7,17,0.62,50,5.0,5,
2007,WAS,16,7,17,0.6153846153846154,52,5.0,5,
2007,WAS,17,7,17,0.6226415094339622,53,5.0,5,
2007,WAS,18,7,17,0.6226415094339622,53,5.0,5,
2008,ARI,1,6,13,0.7959183673469388,49,5.25,7,
2008,ARI,2,6,13,0.78,50,5.25,7,
2008,ARI,3,6,13,0.78,50,5.25,7,
2008,ARI,4,6,13,0.78,50,5.25,7,
2008,ARI,5,6,13,0.78,50,5.25,7,
2008,ARI,6,6,13,0.78,50,5.25,7,
2008,ARI,7,6,13,0.78,50,5.25,7,
2008,ARI,8,6,13,0.78,50,5.25,7,
2008,ARI,9,6,13,0.7959183673469388,49,5.25,7,
2008,ARI,10,6,13,0.78,50,5.25,7,
2008,ARI,11,6,13,0.78,50,5.25,7,
2008,ARI,12,6,13,0.78,50,5.25,7,
2008,ARI,13,6,13,0.78,50,5.25,7,
2008,ARI,14,6,13,0.7647058823529411,51,5.25,7,
2008,ARI,15,6,13,0.7647058823529411,51,5.25,7,
2008,ARI,16,6,13,0.75,52,5.25,7,
2008,ARI,17,6,14,0.75,52,5.25,7,
2008,ARI,18,6,14,0.75,52,5.25,7,
2008,ARI,19,6,14,0.75,52,5.25,7,
2008,ARI,20,6,14,0.7547169811320755,53,5.25,7,
2008,ARI,21,6,14,0.7547169811320755,53,5.25,7,
2008,ATL,1,7,13,0.7916666666666666,48,3.25,3,
2008,ATL,2,7,13,0.7916666666666666,48,3.25,3,
2008,ATL,3,7,13,0.7755102040816326,49,3.25,3,
2008,ATL,4,7,13,0.7755102040816326,49,3.25,3,
2008,ATL,5,7,13,0.7755102040816326,49,3.25,3,
2008,ATL,6,7,13,0.7755102040816326,49,3.25,3,
2008,ATL,7,7,13,0.7755102040816326,49,3.25,3,
2008,ATL,8,7,13,0.7755102040816326,49,3.25,3,
2008,ATL,9,8,14,0.7959183673469388,49,3.25,3,
2008,ATL,10,8,14,0.7959183673469388,49,3.25,3,
2008,ATL,11,8,14,0.7755102040816326,49,3.25,3,
2008,ATL,12,8,14,0.7755102040816326,49,3.25,3,
2008,ATL,13,8,14,0.76,50,3.25,3,
2008,ATL,14,8,14,0.76,50,3.25,3,
2008,ATL,15,8,14,0.7450980392156863,51,3.25,3,
2008,ATL,16,8,14,0.7169811320754716,53,3.25,3,
2008,ATL,17,8,14,0.7169811320754716,53,3.25,3,
2008,ATL,18,8,14,0.7169811320754716,53,3.25,3,
2008,BAL,1,11,15,0.7555555555555555,45,9.0,10,
2008,BAL,2,12,16,0.7777777777777778,45,9.0,10,
2008,BAL,3,12,16,0.7777777777777778,45,9.0,10,
2008,BAL,4,12,16,0.7777777777777778,45,9.0,10,
2008,BAL,5,12,16,0.7777777777777778,45,9.0,10,
2008,BAL,6,12,16,0.7608695652173914,46,9.0,10,
2008,BAL,7,12,16,0.7446808510638298,47,9.0,10,
2008,BAL,8,12,16,0.7446808510638298,47,9.0,10,
2008,BAL,9,12,16,0.7291666666666666,48,9.0,10,
2008,BAL,10,12,16,0.72,50,9.0,10,
2008,BAL,11,12,16,0.7254901960784313,51,9.0,10,
2008,BAL,12,12,16,0.7058823529411765,51,9.0,10,
2008,BAL,13,12,16,0.7058823529411765,51,9.0,10,
2008,BAL,14,12,16,0.7058823529411765,51,9.0,10,
2008,BAL,15,12,16,0.7115384615384616,52,9.0,10,
2008,BAL,16,12,16,0.7115384615384616,52,9.0,10,
2008,BAL,17,12,16,0.7115384615384616,52,9.0,10,
2008,BAL,18,12,16,0.7169811320754716,53,9.0,10,
2008,BAL,19,12,16,0.7169811320754716,53,9.0,10,
2008,BAL,20,12,16,0.7169811320754716,53,9.0,10,
2008,BUF,1,6,14,0.7333333333333333,45,4.0,3,
2008,BUF,2,6,14,0.717391304347826,46,5.0,4,
2008,BUF,3,6,14,0.717391304347826,46,5.0,4,
2008,BUF,4,6,14,0.717391304347826,46,5.0,4,
2008,BUF,5,6,14,0.7021276595744681,47,5.0,4,
2008,BUF,6,6,14,0.7021276595744681,47,5.0,4,
2008,BUF,7,6,14,0.7021276595744681,47,5.0,4,
2008,BUF,8,6,14,0.7021276595744681,47,5.0,4,
2008,BUF,9,6,14,0.7021276595744681,47,5.0,4,
2008,BUF,10,6,15,0.7083333333333334,48,5.0,4,
2008,BUF,11,6,15,0.7083333333333334,48,5.0,4,
2008,BUF,12,6,15,0.7142857142857143,49,5.0,4,
2008,BUF,13,6,15,0.7,50,5.0,4,
2008,BUF,14,6,15,0.6862745098039216,51,5.0,4,
2008,BUF,15,6,15,0.6862745098039216,51,5.0,4,
2008,BUF,16,6,15,0.6923076923076923,52,5.0,4,
2008,BUF,17,6,15,0.6792452830188679,53,5.0,4,
2008,CAR,1,10,15,0.8163265306122449,49,1.75,3,
2008,CAR,2,10,15,0.8163265306122449,49,1.75,3,
2008,CAR,3,10,15,0.8367346938775511,49,2.75,4,
2008,CAR,4,10,15,0.82,50,2.75,4,
2008,CAR,5,10,15,0.82,50,2.75,4,
2008,CAR,6,10,15,0.8235294117647058,51,2.75,4,
2008,CAR,7,10,15,0.8235294117647058,51,2.75,4,
2008,CAR,8,10,15,0.8235294117647058,51,2.75,4,
2008,CAR,9,10,15,0.8235294117647058,51,2.75,4,
2008,CAR,10,10,15,0.8235294117647058,51,2.75,4,
2008,CAR,11,10,15,0.8235294117647058,51,2.75,4,
2008,CAR,12,10,15,0.8235294117647058,51,2.75,4,
2008,CAR,13,10,15,0.8235294117647058,51,2.75,4,
2008,CAR,14,10,15,0.8235294117647058,51,2.75,4,
2008,CAR,15,10,15,0.8235294117647058,51,2.75,4,
2008,CAR,16,10,15,0.8269230769230769,52,2.75,4,
2008,CAR,17,10,15,0.8113207547169812,53,2.75,4,
2008,CAR,18,10,15,0.8113207547169812,53,2.75,4,
2008,CAR,19,10,15,0.8113207547169812,53,2.75,4,
2008,CHI,1,7,13,0.8478260869565217,46,7.5,7,
2008,CHI,2,7,13,0.8478260869565217,46,7.5,7,
2008,CHI,3,7,13,0.851063829787234,47,7.5,7,
2008,CHI,4,7,12,0.851063829787234,47,7.5,7,
2008,CHI,5,6,11,0.8478260869565217,46,6.5,6,
2008,CHI,6,7,12,0.851063829787234,47,7.5,7,
2008,CHI,7,7,12,0.8478260869565217,46,7.5,7,
2008,CHI,8,7,12,0.851063829787234,47,7.5,7,
2008,CHI,9,7,12,0.851063829787234,47,7.5,7,
2008,CHI,10,7,12,0.851063829787234,47,7.5,7,
2008,CHI,11,7,12,0.851063829787234,47,7.5,7,
2008,CHI,12,7,12,0.8333333333333334,48,7.5,7,
2008,CHI,13,7,12,0.82,50,7.5,7,
2008,CHI,14,7,12,0.82,50,7.5,7,
2008,CHI,15,7,12,0.8235294117647058,51,7.5,7,
2008,CHI,16,7,12,0.8269230769230769,52,7.5,7,
2008,CHI,17,7,12,0.8113207547169812,53,7.5,7,
2008,CIN,1,4,10,0.6923076923076923,39,2.0,4,
2008,CIN,2,4,10,0.6923076923076923,39,2.0,4,
2008,CIN,3,4,10,0.675,40,2.0,4,
2008,CIN,4,5,11,0.7,40,2.0,4,
2008,CIN,5,6,12,0.75,40,2.0,4,
2008,CIN,6,6,12,0.725,40,2.0,4,
2008,CIN,7,6,12,0.7317073170731707,41,2.0,4,
2008,CIN,8,6,12,0.7142857142857143,42,2.0,4,
2008,CIN,9,6,12,0.7045454545454546,44,2.0,4,
2008,CIN,10,6,12,0.7045454545454546,44,2.0,4,
2008,CIN,11,6,12,0.7272727272727273,44,2.0,4,
2008,CIN,12,6,12,0.6956521739130435,46,2.0,4,
2008,CIN,13,6,12,0.673469387755102,49,2.0,4,
2008,CIN,14,6,13,0.6666666666666666,51,2.0,4,
2008,CIN,15,6,14,0.6792452830188679,53,2.0,4,
2008,CIN,16,6,13,0.660377358490566,53,2.0,4,
2008,CIN,17,6,13,0.660377358490566,53,2.0,4,
2008,CLE,1,7,13,0.7045454545454546,44,4.5,8,
2008,CLE,2,7,13,0.7045454545454546,44,4.5,8,
2008,CLE,3,7,13,0.6888888888888889,45,4.5,8,
2008,CLE,4,7,13,0.6888888888888889,45,4.5,8,
2008,CLE,5,7,13,0.6888888888888889,45,4.5,8,
2008,CLE,6,7,13,0.6956521739130435,46,4.5,8,
2008,CLE,7,7,13,0.6956521739130435,46,4.5,8,
2008,CLE,8,7,13,0.6956521739130435,46,4.5,8,
2008,CLE,9,7,13,0.6956521739130435,46,4.5,8,
2008,CLE,10,7,13,0.6956521739130435,46,4.5,8,
2008,CLE,11,7,13,0.6956521739130435,46,4.5,8,
2008,CLE,12,7,13,0.6956521739130435,46,4.5,8,
2008,CLE,13,7,13,0.6808510638297872,47,4.5,8,
2008,CLE,14,7,13,0.6875,48,4.5,8,
2008,CLE,15,7,13,0.6938775510204082,49,4.5,8,
2008,CLE,16,7,13,0.6862745098039216,51,4.5,8,
2008,CLE,17,7,13,0.660377358490566,53,4.5,8,
2008,DAL,1,10,16,0.8444444444444444,45,9.0,13,
2008,DAL,2,10,16,0.8478260869565217,46,9.0,13,
2008,DAL,3,10,16,0.8478260869565217,46,9.0,13,
2008,DAL,4,10,16,0.8478260869565217,46,9.0,13,
2008,DAL,5,10,16,0.8478260869565217,46,9.0,13,
2008,DAL,6,10,16,0.8478260869565217,46,9.0,13,
2008,DAL,7,10,16,0.8333333333333334,48,8.0,14,
2008,DAL,8,10,16,0.8367346938775511,49,8.0,14,
2008,DAL,9,10,16,0.8163265306122449,49,8.0,14,
2008,DAL,10,10,16,0.8163265306122449,49,8.0,14,
2008,DAL,11,10,16,0.8163265306122449,49,8.0,14,
2008,DAL,12,10,16,0.8163265306122449,49,8.0,14,
2008,DAL,13,10,16,0.8,50,8.0,14,
2008,DAL,14,11,17,0.7884615384615384,52,9.0,14,
2008,DAL,15,11,17,0.7884615384615384,52,9.0,14,
2008,DAL,16,11,17,0.7884615384615384,52,9.0,14,
2008,DAL,17,11,17,0.7735849056603774,53,9.0,14,
2008,DEN,1,8,15,0.8048780487804879,41,1.75,2,
2008,DEN,2,8,15,0.8095238095238095,42,1.75,2,
2008,DEN,3,8,14,0.8048780487804879,41,1.75,2,
2008,DEN,4,8,14,0.7804878048780488,41,1.75,2,
2008,DEN,5,8,14,0.7804878048780488,41,1.75,2,
2008,DEN,6,8,14,0.7619047619047619,42,1.75,2,
2008,DEN,7,8,14,0.7619047619047619,42,1.75,2,
2008,DEN,8,8,14,0.7619047619047619,42,1.75,2,
2008,DEN,9,8,15,0.7333333333333333,45,1.75,2,
2008,DEN,10,8,15,0.7555555555555555,45,1.75,2,
2008,DEN,11,8,16,0.7446808510638298,47,1.75,2,
2008,DEN,12,8,16,0.75,48,1.75,2,
2008,DEN,13,8,16,0.7551020408163265,49,1.75,2,
2008,DEN,14,8,16,0.74,50,1.75,2,
2008,DEN,15,8,16,0.7450980392156863,51,1.75,2,
2008,DEN,16,8,16,0.7254901960784313,51,1.75,2,
2008,DEN,17,8,16,0.7169811320754716,53,1.75,2,
2008,DET,1,6,14,0.7631578947368421,38,0.0,2,
2008,DET,2,6,14,0.7435897435897436,39,0.0,2,
2008,DET,3,6,14,0.7435897435897436,39,0.0,2,
2008,DET,4,6,14,0.7435897435897436,39,0.0,2,
2008,DET,5,6,14,0.7435897435897436,39,0.0,2,
2008,DET,6,6,14,0.75,40,0.0,2,
2008,DET,7,5,13,0.7142857142857143,42,0.0,1,
2008,DET,8,5,13,0.7142857142857143,42,0.0,1,
2008,DET,9,5,13,0.7073170731707317,41,0.0,1,
2008,DET,10,6,14,0.7317073170731707,41,0.75,2,
2008,DET,11,6,14,0.6976744186046512,43,0.75,2,
2008,DET,12,6,14,0.7209302325581395,43,0.75,2,
2008,DET,13,6,14,0.7272727272727273,44,0.75,2,
2008,DET,14,6,15,0.7333333333333333,45,0.75,2,
2008,DET,15,6,15,0.75,48,0.75,2,
2008,DET,16,7,16,0.7450980392156863,51,0.75,2,
2008,DET,17,7,16,0.7358490566037735,53,0.75,2,
2008,GB,1,4,11,0.7777777777777778,45,3.5,4,
2008,GB,2,4,11,0.7777777777777778,45,3.5,4,
2008,GB,3,4,11,0.7777777777777778,45,3.5,4,
2008,GB,4,4,11,0.7777777777777778,45,3.5,4,
2008,GB,5,4,11,0.7777777777777778,45,3.5,4,
2008,GB,6,4,11,0.782608695652174,46,3.5,4,
2008,GB,7,4,11,0.782608695652174,46,3.5,4,
2008,GB,8,4,11,0.782608695652174,46,3.5,4,
2008,GB,9,5,12,0.7872340425531915,47,3.5,4,
2008,GB,10,5,12,0.7872340425531915,47,3.5,4,
2008,GB,11,5,12,0.7872340425531915,47,3.5,4,
2008,GB,12,5,12,0.7872340425531915,47,3.5,4,
2008,GB,13,5,12,0.7872340425531915,47,3.5,4,
2008,GB,14,5,12,0.7254901960784313,51,3.5,4,
2008,GB,15,5,12,0.7115384615384616,52,3.5,4,
2008,GB,16,5,12,0.6981132075471698,53,3.5,4,
2008,GB,17,5,12,0.6981132075471698,53,3.5,4,
2008,HOU,1,6,12,0.7954545454545454,44,4.0,2,
2008,HOU,2,6,12,0.7954545454545454,44,4.0,2,
2008,HOU,3,6,12,0.7954545454545454,44,4.0,2,
2008,HOU,4,6,12,0.7954545454545454,44,4.0,2,
2008,HOU,5,6,12,0.7777777777777778,45,4.0,2,
2008,HOU,6,6,12,0.7777777777777778,45,4.0,2,
2008,HOU,7,7,13,0.782608695652174,46,4.0,2,
2008,HOU,8,7,13,0.7872340425531915,47,4.0,2,
2008,HOU,9,7,13,0.7872340425531915,47,4.0,2,
2008,HOU,10,7,13,0.7708333333333334,48,4.0,2,
2008,HOU,11,7,13,0.7708333333333334,48,4.0,2,
2008,HOU,12,7,13,0.7551020408163265,49,4.0,2,
2008,HOU,13,7,13,0.74,50,4.0,2,
2008,HOU,14,7,13,0.7450980392156863,51,4.0,2,
2008,HOU,15,7,13,0.7450980392156863,51,4.0,2,
2008,HOU,16,7,13,0.7358490566037735,53,4.0,2,
2008,HOU,17,7,13,0.7358490566037735,53,4.0,2,
2008,IND,1,7,13,0.7021276595744681,47,6.75,9,
2008,IND,2,7,13,0.7083333333333334,48,6.75,9,
2008,IND,3,7,12,0.6875,48,6.75,9,
2008,IND,4,7,12,0.6875,48,6.75,9,
2008,IND,5,7,12,0.6875,48,6.75,9,
2008,IND,6,7,13,0.6875,48,6.75,9,
2008,IND,7,7,13,0.68,50,6.75,9,
2008,IND,8,7,12,0.673469387755102,49,6.75,9,
2008,IND,9,7,13,0.68,50,6.75,9,
2008,IND,10,7,13,0.6862745098039216,51,6.75,9,
2008,IND,11,7,13,0.6862745098039216,51,6.75,9,
2008,IND,12,7,13,0.6862745098039216,51,6.75,9,
2008,IND,13,7,13,0.6862745098039216,51,6.75,9,
2008,IND,14,7,13,0.6862745098039216,51,6.75,9,
2008,IND,15,7,13,0.6862745098039216,51,6.75,9,
2008,IND,16,7,13,0.6862745098039216,51,6.75,9,
2008,IND,17,7,13,0.6730769230769231,52,6.75,9,
2008,IND,18,7,13,0.6792452830188679,53,6.75,9,
2008,JAX,1,7,15,0.8205128205128205,39,2.0,1,
2008,JAX,2,7,15,0.8205128205128205,39,2.0,1,
2008,JAX,3,7,15,0.8205128205128205,39,2.0,1,
2008,JAX,4,7,15,0.8205128205128205,39,2.0,1,
2008,JAX,5,7,15,0.8205128205128205,39,2.0,1,
2008,JAX,6,7,15,0.8205128205128205,39,2.0,1,
2008,JAX,7,7,15,0.8205128205128205,39,2.0,1,
2008,JAX,8,7,15,0.8205128205128205,39,2.0,1,
2008,JAX,9,7,15,0.8,40,2.0,1,
2008,JAX,10,7,15,0.8,40,2.0,1,
2008,JAX,11,7,15,0.8,40,2.0,1,
2008,JAX,12,7,15,0.8,40,2.0,1,
2008,JAX,13,6,14,0.7906976744186046,43,2.0,1,
2008,JAX,14,6,14,0.7727272727272727,44,2.0,1,
2008,JAX,15,6,14,0.7872340425531915,47,2.0,1,
2008,JAX,16,6,14,0.7755102040816326,49,2.0,1,
2008,JAX,17,6,14,0.7358490566037735,53,2.0,1,
2008,KC,1,8,12,0.868421052631579,38,3.75,4,
2008,KC,2,8,12,0.8918918918918919,37,3.75,4,
2008,KC,3,8,12,0.8918918918918919,37,3.75,4,
2008,KC,4,8,12,0.868421052631579,38,3.75,4,
2008,KC,5,8,13,0.8717948717948718,39,3.75,4,
2008,KC,6,8,13,0.8717948717948718,39,3.75,4,
2008,KC,7,7,12,0.8717948717948718,39,3.75,4,
2008,KC,8,7,12,0.8095238095238095,42,3.75,4,
2008,KC,9,7,12,0.7727272727272727,44,3.75,4,
2008,KC,10,6,12,0.7708333333333334,48,2.75,3,
2008,KC,11,8,14,0.7959183673469388,49,3.75,4,
2008,KC,12,8,14,0.7647058823529411,51,3.75,4,
2008,KC,13,8,14,0.7647058823529411,51,3.75,4,
2008,KC,14,8,14,0.7647058823529411,51,3.75,4,
2008,KC,15,8,14,0.7647058823529411,51,3.75,4,
2008,KC,16,8,14,0.75,52,3.75,4,
2008,KC,17,8,14,0.7358490566037735,53,3.75,4,
2008,MIA,1,9,15,0.8775510204081632,49,1.5,1,
2008,MIA,2,9,15,0.88,50,1.5,1,
2008,MIA,3,9,15,0.88,50,1.5,1,
2008,MIA,4,9,15,0.86,50,1.5,1,
2008,MIA,5,9,15,0.86,50,1.5,1,
2008,MIA,6,9,15,0.86,50,1.5,1,
2008,MIA,7,9,15,0.84,50,1.5,1,
2008,MIA,8,9,15,0.84,50,1.5,1,
2008,MIA,9,9,15,0.84,50,1.5,1,
2008,MIA,10,9,15,0.8367346938775511,49,1.5,1,
2008,MIA,11,9,15,0.8235294117647058,51,1.5,1,
2008,MIA,12,9,15,0.8235294117647058,51,1.5,1,
2008,MIA,13,9,15,0.8076923076923077,52,1.5,1,
2008,MIA,14,9,15,0.7924528301886793,53,1.5,1,
2008,MIA,15,9,15,0.7924528301886793,53,1.5,1,
2008,MIA,16,9,15,0.7735849056603774,53,1.5,1,
2008,MIA,17,9,15,0.7924528301886793,53,1.5,1,
2008,MIA,18,9,15,0.7924528301886793,53,1.5,1,
2008,MIN,1,5,14,0.6875,48,7.0,7,
2008,MIN,2,5,14,0.6875,48,7.0,7,
2008,MIN,3,5,14,0.6875,48,7.0,7,
2008,MIN,4,5,14,0.6875,48,7.0,7,
2008,MIN,5,6,15,0.6938775510204082,49,7.0,7,
2008,MIN,6,6,15,0.6938775510204082,49,7.0,7,
2008,MIN,7,7,17,0.72,50,7.0,7,
2008,MIN,8,7,17,0.7058823529411765,51,7.0,7,
2008,MIN,9,7,17,0.7058823529411765,51,7.0,7,
2008,MIN,10,7,17,0.7058823529411765,51,7.0,7,
2008,MIN,11,7,17,0.7058823529411765,51,7.0,7,
2008,MIN,12,7,17,0.6923076923076923,52,7.0,7,
2008,MIN,13,7,17,0.6923076923076923,52,7.0,7,
2008,MIN,14,8,18,0.6981132075471698,53,7.0,7,
2008,MIN,15,8,18,0.6981132075471698,53,7.0,7,
2008,MIN,16,8,18,0.6981132075471698,53,7.0,7,
2008,MIN,17,8,18,0.6981132075471698,53,7.0,7,
2008,MIN,18,8,18,0.6981132075471698,53,7.0,7,
2008,NE,1,9,12,0.7674418604651163,43,12.0,10,
2008,NE,2,9,13,0.7555555555555555,45,12.0,10,
2008,NE,3,9,13,0.7391304347826086,46,12.0,10,
2008,NE,4,9,13,0.7555555555555555,45,12.0,10,
2008,NE,5,9,13,0.7555555555555555,45,12.0,10,
2008,NE,6,9,13,0.7391304347826086,46,12.0,10,
2008,NE,7,9,13,0.7446808510638298,47,12.0,10,
2008,NE,8,9,13,0.7291666666666666,48,12.0,10,
2008,NE,9,9,13,0.7291666666666666,48,12.0,10,
2008,NE,10,9,13,0.7291666666666666,48,12.0,10,
2008,NE,11,9,13,0.7291666666666666,48,12.0,10,
2008,NE,12,9,13,0.7,50,12.0,10,
2008,NE,13,9,13,0.7,50,12.0,10,
2008,NE,14,10,14,0.7115384615384616,52,12.5,10,
2008,NE,15,10,14,0.6981132075471698,53,12.5,10,
2008,NE,16,10,14,0.6981132075471698,53,12.5,10,
2008,NE,17,10,14,0.6981132075471698,53,12.5,10,
2008,NO,1,7,11,0.6904761904761905,42,4.25,6,
2008,NO,2,7,11,0.6829268292682927,41,4.25,6,
2008,NO,3,8,12,0.6904761904761905,42,4.25,6,
2008,NO,4,7,11,0.7073170731707317,41,4.25,6,
2008,NO,5,7,11,0.6904761904761905,42,4.25,6,
2008,NO,6,8,12,0.7209302325581395,43,4.25,6,
2008,NO,7,8,12,0.6976744186046512,43,4.25,6,
2008,NO,8,8,12,0.6976744186046512,43,4.25,6,
2008,NO,9,8,12,0.6818181818181818,44,4.25,6,
2008,NO,10,8,12,0.6666666666666666,45,4.25,6,
2008,NO,11,8,12,0.6595744680851063,47,4.25,6,
2008,NO,12,8,12,0.6458333333333334,48,4.25,6,
2008,NO,13,8,12,0.6458333333333334,48,4.25,6,
2008,NO,14,8,12,0.6530612244897959,49,4.25,6,
2008,NO,15,8,12,0.6530612244897959,49,4.25,6,
2008,NO,16,8,12,0.6538461538461539,52,4.25,6,
2008,NO,17,8,12,0.6415094339622641,53,4.25,6,
2008,NYG,1,8,15,0.75,48,0.0,1,
2008,NYG,2,8,15,0.75,48,0.0,1,
2008,NYG,3,8,15,0.75,48,0.0,1,
2008,NYG,4,8,15,0.75,48,0.0,1,
2008,NYG,5,8,15,0.75,48,0.0,1,
2008,NYG,6,8,15,0.75,48,0.0,1,
2008,NYG,7,8,15,0.75,48,0.0,1,
2008,NYG,8,8,15,0.75,48,0.0,1,
2008,NYG,9,8,15,0.75,48,0.0,1,
2008,NYG,10,8,15,0.75,48,0.0,1,
2008,NYG,11,8,15,0.75,48,0.0,1,
2008,NYG,12,8,15,0.75,48,0.0,1,
2008,NYG,13,8,15,0.7346938775510204,49,0.0,1,
2008,NYG,14,8,15,0.72,50,0.0,1,
2008,NYG,15,8,15,0.72,50,0.0,1,
2008,NYG,16,8,15,0.7254901960784313,51,0.0,1,
2008,NYG,17,8,15,0.7254901960784313,51,0.0,1,
2008,NYG,18,8,15,0.7169811320754716,53,0.0,1,
2008,NYG,19,8,15,0.7169811320754716,53,0.0,1,
2008,NYJ,1,14,20,0.82,50,6.75,8,
2008,NYJ,2,14,20,0.803921568627451,51,6.75,8,
2008,NYJ,3,14,20,0.8076923076923077,52,6.75,8,
2008,NYJ,4,14,20,0.8076923076923077,52,6.75,8,
2008,NYJ,5,14,20,0.8269230769230769,52,6.75,8,
2008,NYJ,6,14,20,0.8235294117647058,51,6.75,8,
2008,NYJ,7,14,20,0.8235294117647058,51,6.75,8,
2008,NYJ,8,14,20,0.8235294117647058,51,6.75,8,
2008,NYJ,9,14,20,0.7924528301886793,53,6.75,8,
2008,NYJ,10,14,20,0.7924528301886793,53,6.75,8,
2008,NYJ,11,15,20,0.7924528301886793,53,6.5,8,
2008,NYJ,12,15,20,0.7924528301886793,53,6.5,8,
2008,NYJ,13,15,20,0.7924528301886793,53,6.5,8,
2008,NYJ,14,15,20,0.7924528301886793,53,6.5,8,
2008,NYJ,15,15,20,0.7962962962962963,54,6.5,8,
2008,NYJ,16,15,20,0.7962962962962963,54,6.5,8,
2008,NYJ,17,15,20,0.7962962962962963,54,6.5,8,
2008,OAK,1,9,15,0.8222222222222222,45,3.0,3,
2008,OAK,2,9,15,0.8260869565217391,46,3.0,3,
2008,OAK,3,9,15,0.8444444444444444,45,3.0,3,
2008,OAK,4,9,15,0.8444444444444444,45,3.0,3,
2008,OAK,5,9,15,0.8444444444444444,45,3.0,3,
2008,OAK,6,9,15,0.8260869565217391,46,3.0,3,
2008,OAK,7,9,15,0.8260869565217391,46,3.0,3,
2008,OAK,8,9,15,0.8260869565217391,46,3.0,3,
2008,OAK,9,9,15,0.8085106382978723,47,3.0,3,
2008,OAK,10,9,15,0.7959183673469388,49,3.0,2,
2008,OAK,11,9,16,0.8163265306122449,49,4.0,3,
2008,OAK,12,9,16,0.8367346938775511,49,4.0,3,
2008,OAK,13,9,16,0.8163265306122449,49,4.0,3,
2008,OAK,14,9,16,0.82,50,4.0,3,
2008,OAK,15,9,16,0.803921568627451,51,4.0,3,
2008,OAK,16,9,16,0.7884615384615384,52,4.0,3,
2008,OAK,17,9,16,0.7735849056603774,53,4.0,3,
2008,PHI,1,6,16,0.7450980392156863,51,6.5,9,
2008,PHI,2,6,16,0.7450980392156863,51,6.5,9,
2008,PHI,3,6,16,0.7450980392156863,51,6.5,9,
2008,PHI,4,6,16,0.7450980392156863,51,6.5,9,
2008,PHI,5,6,16,0.7450980392156863,51,6.5,9,
2008,PHI,6,6,16,0.7450980392156863,51,6.5,9,
2008,PHI,7,6,16,0.7307692307692307,52,6.5,9,
2008,PHI,8,6,16,0.7115384615384616,52,6.5,9,
2008,PHI,9,6,16,0.7115384615384616,52,6.5,9,
2008,PHI,10,6,16,0.7115384615384616,52,6.5,9,
2008,PHI,11,6,16,0.7115384615384616,52,6.5,9,
2008,PHI,12,6,16,0.7115384615384616,52,6.5,9,
2008,PHI,13,6,16,0.7115384615384616,52,6.5,9,
2008,PHI,14,6,16,0.6981132075471698,53,6.5,9,
2008,PHI,15,6,16,0.6981132075471698,53,6.5,9,
2008,PHI,16,6,16,0.6981132075471698,53,6.5,9,
2008,PHI,17,6,16,0.6981132075471698,53,6.5,9,
2008,PHI,18,6,16,0.6981132075471698,53,6.5,9,
2008,PHI,19,6,16,0.6851851851851852,54,6.5,9,
2008,PHI,20,6,16,0.6851851851851852,54,6.5,9,
2008,PIT,1,8,11,0.7446808510638298,47,5.25,9,
2008,PIT,2,8,11,0.7446808510638298,47,5.25,9,
2008,PIT,3,8,11,0.7446808510638298,47,5.25,9,
2008,PIT,4,8,11,0.7446808510638298,47,5.25,9,
2008,PIT,5,8,11,0.7291666666666666,48,5.25,9,
2008,PIT,6,8,11,0.7291666666666666,48,5.25,9,
2008,PIT,7,8,11,0.7291666666666666,48,5.25,9,
2008,PIT,8,8,11,0.7142857142857143,49,5.25,9,
2008,PIT,9,8,11,0.7,50,5.25,9,
2008,PIT,10,8,11,0.6938775510204082,49,4.5,8,
2008,PIT,11,9,12,0.7,50,4.5,8,
2008,PIT,12,9,12,0.7,50,4.5,8,
2008,PIT,13,9,12,0.7058823529411765,51,5.25,9,
2008,PIT,14,9,12,0.6923076923076923,52,5.25,9,
2008,PIT,15,9,12,0.6923076923076923,52,5.25,9,
2008,PIT,16,9,12,0.6923076923076923,52,5.25,9,
2008,PIT,17,9,12,0.6792452830188679,53,5.25,9,
2008,PIT,18,9,12,0.6792452830188679,53,5.25,9,
2008,PIT,19,9,12,0.6792452830188679,53,5.25,9,
2008,PIT,20,9,12,0.6792452830188679,53,5.25,9,
2008,PIT,21,9,12,0.6792452830188679,53,5.25,9,
2008,SD,1,7,15,0.72,50,6.5,12,
2008,SD,2,7,15,0.7058823529411765,51,6.5,12,
2008,SD,3,7,15,0.7058823529411765,51,6.5,12,
2008,SD,4,7,15,0.7115384615384616,52,6.5,12,
2008,SD,5,7,15,0.7115384615384616,52,6.5,12,
2008,SD,6,7,15,0.7115384615384616,52,6.5,12,
2008,SD,7,7,15,0.7115384615384616,52,6.5,12,
2008,SD,8,7,15,0.7115384615384616,52,6.5,12,
2008,SD,9,7,15,0.7115384615384616,52,6.5,12,
2008,SD,10,7,15,0.7115384615384616,52,6.5,12,
2008,SD,11,8,16,0.6923076923076923,52,6.5,12,
2008,SD,12,8,16,0.7115384615384616,52,6.5,12,
2008,SD,13,8,16,0.6981132075471698,53,6.5,12,
2008,SD,14,8,16,0.6981132075471698,53,6.5,12,
2008,SD,15,8,16,0.6981132075471698,53,6.5,12,
2008,SD,16,8,16,0.6981132075471698,53,6.5,12,
2008,SD,17,8,16,0.6981132075471698,53,6.5,12,
2008,SD,18,8,16,0.6981132075471698,53,6.5,12,
2008,SD,19,8,16,0.6981132075471698,53,6.5,12,
2008,SEA,1,6,15,0.8,45,4.0,4,
2008,SEA,2,6,15,0.7555555555555555,45,4.0,4,
2008,SEA,3,6,16,0.7608695652173914,46,5.0,5,
2008,SEA,4,6,16,0.7608695652173914,46,5.0,5,
2008,SEA,5,6,16,0.7608695652173914,46,5.0,5,
2008,SEA,6,6,16,0.7608695652173914,46,5.0,5,
2008,SEA,7,6,16,0.7708333333333334,48,5.0,5,
2008,SEA,8,6,16,0.7708333333333334,48,5.0,5,
2008,SEA,9,6,16,0.7708333333333334,48,5.0,5,
2008,SEA,10,6,16,0.7708333333333334,48,5.0,5,
2008,SEA,11,6,15,0.75,48,5.0,5,
2008,SEA,12,6,15,0.7551020408163265,49,5.0,5,
2008,SEA,13,6,15,0.7346938775510204,49,5.0,5,
2008,SEA,14,6,15,0.7254901960784313,51,5.0,5,
2008,SEA,15,6,15,0.7254901960784313,51,5.0,5,
2008,SEA,16,6,15,0.7169811320754716,53,5.0,5,
2008,SEA,17,6,15,0.7169811320754716,53,5.0,5,
2008,SF,1,10,16,0.9166666666666666,48,4.5,9,
2008,SF,2,10,16,0.8979591836734694,49,4.5,9,
2008,SF,3,10,16,0.8979591836734694,49,4.5,9,
2008,SF,4,10,16,0.8979591836734694,49,4.5,9,
2008,SF,5,10,16,0.8979591836734694,49,4.5,9,
2008,SF,6,10,16,0.8979591836734694,49,4.5,9,
2008,SF,7,10,16,0.8979591836734694,49,4.5,9,
2008,SF,8,10,16,0.8979591836734694,49,4.5,9,
2008,SF,9,10,16,0.8979591836734694,49,4.5,9,
2008,SF,10,10,16,0.8823529411764706,51,4.5,9,
2008,SF,11,10,16,0.8823529411764706,51,4.5,9,
2008,SF,12,10,16,0.8846153846153846,52,4.5,9,
2008,SF,13,10,16,0.8653846153846154,52,4.5,9,
2008,SF,14,10,16,0.8846153846153846,52,4.5,9,
2008,SF,15,10,16,0.8679245283018868,53,4.5,9,
2008,SF,16,10,16,0.8679245283018868,53,4.5,9,
2008,SF,17,10,16,0.8679245283018868,53,4.5,9,
2008,STL,1,7,12,0.8372093023255814,43,4.5,8,
2008,STL,2,7,12,0.8333333333333334,42,4.5,8,
2008,STL,3,7,12,0.8333333333333334,42,4.5,8,
2008,STL,4,7,12,0.8571428571428571,42,4.5,8,
2008,STL,5,7,12,0.8571428571428571,42,4.5,8,
2008,STL,6,7,12,0.8372093023255814,43,4.5,8,
2008,STL,7,7,12,0.8222222222222222,45,4.5,8,
2008,STL,8,7,12,0.8043478260869565,46,4.5,8,
2008,STL,9,7,12,0.8043478260869565,46,4.5,8,
2008,STL,10,7,12,0.8085106382978723,47,4.5,8,
2008,STL,11,7,12,0.8085106382978723,47,4.5,8,
2008,STL,12,7,12,0.7916666666666666,48,4.5,8,
2008,STL,13,7,12,0.78,50,4.5,8,
2008,STL,14,7,12,0.78,50,4.5,8,
2008,STL,15,7,12,0.7647058823529411,51,4.5,8,
2008,STL,16,7,12,0.7358490566037735,53,4.5,8,
2008,STL,17,7,12,0.7358490566037735,53,4.5,8,
2008,TB,1,14,21,0.8478260869565217,46,4.5,6,
2008,TB,2,14,21,0.8478260869565217,46,4.5,6,
2008,TB,3,15,22,0.8723404255319149,47,4.5,6,
2008,TB,4,15,22,0.851063829787234,47,4.5,6,
2008,TB,5,15,22,0.851063829787234,47,4.5,6,
2008,TB,6,15,22,0.851063829787234,47,4.5,6,
2008,TB,7,15,21,0.8333333333333334,48,4.5,6,
2008,TB,8,15,21,0.8333333333333334,48,4.5,6,
2008,TB,9,15,21,0.8333333333333334,48,4.5,6,
2008,TB,10,15,21,0.851063829787234,47,4.5,6,
2008,TB,11,15,21,0.8367346938775511,49,4.5,6,
2008,TB,12,15,22,0.84,50,4.5,6,
2008,TB,13,15,22,0.84,50,4.5,6,
2008,TB,14,15,22,0.84,50,4.5,6,
2008,TB,15,15,22,0.84,50,4.5,6,
2008,TB,16,15,22,0.8461538461538461,52,4.5,6,
2008,TB,17,15,22,0.8461538461538461,52,4.5,6,
2008,TEN,1,7,14,0.8367346938775511,49,6.75,8,
2008,TEN,2,7,14,0.84,50,6.75,8,
2008,TEN,3,7,14,0.84,50,6.75,8,
2008,TEN,4,7,14,0.84,50,6.75,8,
2008,TEN,5,7,14,0.8367346938775511,49,6.75,8,
2008,TEN,6,7,14,0.84,50,6.75,8,
2008,TEN,7,7,14,0.84,50,6.75,8,
2008,TEN,8,7,14,0.84,50,6.75,8,
2008,TEN,9,7,14,0.84,50,6.75,8,
2008,TEN,10,7,14,0.84,50,6.75,8,
2008,TEN,11,7,14,0.84,50,6.75,8,
2008,TEN,12,8,15,0.8269230769230769,52,6.75,8,
2008,TEN,13,8,15,0.8269230769230769,52,6.75,8,
2008,TEN,14,8,15,0.8235294117647058,51,6.75,8,
2008,TEN,15,8,15,0.8235294117647058,51,6.75,8,
2008,TEN,16,8,15,0.8235294117647058,51,6.75,8,
2008,TEN,17,8,15,0.8235294117647058,51,6.75,8,
2008,TEN,18,8,15,0.8269230769230769,52,6.75,8,
2008,TEN,19,8,15,0.8301886792452831,53,6.75,8,
2008,WAS,1,7,20,0.7608695652173914,46,5.75,6,
2008,WAS,2,7,20,0.7608695652173914,46,5.75,6,
2008,WAS,3,7,20,0.7608695652173914,46,5.75,6,
2008,WAS,4,7,20,0.7608695652173914,46,5.75,6,
2008,WAS,5,7,20,0.7608695652173914,46,5.75,6,
2008,WAS,6,7,20,0.7608695652173914,46,5.75,6,
2008,WAS,7,7,20,0.7708333333333334,48,5.75,6,
2008,WAS,8,7,20,0.7708333333333334,48,5.75,6,
2008,WAS,9,7,20,0.7708333333333334,48,5.75,6,
2008,WAS,10,8,21,0.7916666666666666,48,5.75,7,
2008,WAS,11,8,21,0.7916666666666666,48,5.75,7,
2008,WAS,12,8,21,0.7916666666666666,48,5.75,7,
2008,WAS,13,8,21,0.7755102040816326,49,5.75,7,
2008,WAS,14,8,21,0.7755102040816326,49,5.75,7,
2008,WAS,15,8,21,0.75,52,5.75,7,
2008,WAS,16,8,21,0.75,52,5.75,7,
2008,WAS,17,8,21,0.7358490566037735,53,5.75,7,
2009,ARI,1,7,13,0.7551020408163265,49,5.0,8,
2009,ARI,2,7,13,0.7708333333333334,48,5.0,8,
2009,ARI,3,7,13,0.7708333333333334,48,5.0,8,
2009,ARI,4,7,13,0.7708333333333334,48,5.0,8,
2009,ARI,5,7,13,0.7708333333333334,48,5.0,8,
2009,ARI,6,7,13,0.7755102040816326,49,5.0,8,
2009,ARI,7,7,13,0.7755102040816326,49,5.0,8,
2009,ARI,8,7,13,0.7755102040816326,49,5.0,8,
2009,ARI,9,7,13,0.7755102040816326,49,5.0,8,
2009,ARI,10,7,13,0.7755102040816326,49,5.0,8,
2009,ARI,11,7,13,0.7755102040816326,49,5.0,8,
2009,ARI,12,7,13,0.78,50,5.0,8,
2009,ARI,13,7,13,0.78,50,5.0,8,
2009,ARI,14,7,13,0.78,50,5.0,8,
2009,ARI,15,7,13,0.78,50,5.0,8,
2009,ARI,16,7,13,0.7843137254901961,51,5.0,8,
2009,ARI,17,7,13,0.7843137254901961,51,5.0,8,
2009,ARI,18,7,13,0.7735849056603774,53,5.0,8,
2009,ARI,19,7,13,0.7735849056603774,53,5.0,8,
2009,ATL,1,8,12,0.8333333333333334,42,5.75,4,
2009,ATL,2,8,12,0.8372093023255814,43,5.75,4,
2009,ATL,3,8,12,0.8409090909090909,44,5.75,4,
2009,ATL,4,8,12,0.8409090909090909,44,5.75,4,
2009,ATL,5,8,12,0.8409090909090909,44,5.75,4,
2009,ATL,6,8,12,0.8409090909090909,44,5.75,4,
2009,ATL,7,8,12,0.8409090909090909,44,5.75,4,
2009,ATL,8,8,12,0.8222222222222222,45,5.75,4,
2009,ATL,9,8,12,0.8085106382978723,47,5.75,4,
2009,ATL,10,8,12,0.8085106382978723,47,5.75,4,
2009,ATL,11,8,12,0.8085106382978723,47,5.75,4,
2009,ATL,12,8,12,0.7872340425531915,47,5.75,4,
2009,ATL,13,8,12,0.7708333333333334,48,5.75,4,
2009,ATL,14,8,12,0.7755102040816326,49,5.75,4,
2009,ATL,15,8,12,0.76,50,5.75,4,
2009,ATL,16,8,12,0.7450980392156863,51,5.75,4,
2009,ATL,17,8,12,0.7169811320754716,53,5.75,4,
2009,BAL,1,11,17,0.851063829787234,47,7.5,6,
2009,BAL,2,11,17,0.851063829787234,47,7.5,6,
2009,BAL,3,11,17,0.8478260869565217,46,7.5,6,
2009,BAL,4,11,17,0.8478260869565217,46,7.5,6,
2009,BAL,5,11,17,0.851063829787234,47,7.5,6,
2009,BAL,6,11,17,0.8541666666666666,48,8.25,7,
2009,BAL,7,11,17,0.8541666666666666,48,8.25,7,
2009,BAL,8,11,17,0.8541666666666666,48,8.25,7,
2009,BAL,9,11,17,0.8541666666666666,48,8.25,7,
2009,BAL,10,11,17,0.8541666666666666,48,8.25,7,
2009,BAL,11,11,17,0.8541666666666666,48,8.25,7,
2009,BAL,12,11,17,0.8571428571428571,49,8.25,7,
2009,BAL,13,11,17,0.8571428571428571,49,8.25,7,
2009,BAL,14,11,17,0.86,50,8.25,7,
2009,BAL,15,11,17,0.8431372549019608,51,8.25,7,
2009,BAL,16,11,17,0.8113207547169812,53,8.25,7,
2009,BAL,17,11,17,0.8113207547169812,53,8.25,7,
2009,BAL,18,11,17,0.8113207547169812,53,8.25,7,
2009,BAL,19,11,17,0.8113207547169812,53,8.25,7,
2009,BUF,1,5,14,0.7435897435897436,39,4.75,4,
2009,BUF,2,5,14,0.7435897435897436,39,4.75,4,
2009,BUF,3,5,14,0.7317073170731707,41,4.75,4,
2009,BUF,4,6,15,0.7380952380952381,42,4.75,5,
2009,BUF,5,6,15,0.7380952380952381,42,4.75,5,
2009,BUF,6,6,15,0.7441860465116279,43,4.75,5,
2009,BUF,7,6,15,0.7441860465116279,43,4.75,5,
2009,BUF,8,6,15,0.7441860465116279,43,4.75,5,
2009,BUF,9,6,15,0.7441860465116279,43,4.75,5,
2009,BUF,10,6,16,0.75,44,4.75,5,
2009,BUF,11,6,18,0.7608695652173914,46,4.75,5,
2009,BUF,12,6,17,0.7391304347826086,46,4.75,5,
2009,BUF,13,6,17,0.7391304347826086,46,4.75,5,
2009,BUF,14,6,18,0.7291666666666666,48,4.75,5,
2009,BUF,15,6,18,0.7346938775510204,49,4.75,5,
2009,BUF,16,6,18,0.7254901960784313,51,4.75,5,
2009,BUF,17,6,18,0.6981132075471698,53,4.75,5,
2009,CAR,1,7,13,0.8,45,3.75,3,
2009,CAR,2,7,13,0.8043478260869565,46,3.75,3,
2009,CAR,3,7,13,0.8043478260869565,46,3.75,3,
2009,CAR,4,7,13,0.782608695652174,46,3.75,3,
2009,CAR,5,7,13,0.782608695652174,46,3.75,3,
2009,CAR,6,7,13,0.782608695652174,46,3.75,3,
2009,CAR,7,7,13,0.7777777777777778,45,3.75,3,
2009,CAR,8,7,13,0.782608695652174,46,3.75,3,
2009,CAR,9,7,13,0.782608695652174,46,3.75,3,
2009,CAR,10,7,13,0.782608695652174,46,3.75,3,
2009,CAR,11,7,13,0.7659574468085106,47,3.75,3,
2009,CAR,12,7,13,0.75,48,3.75,3,
2009,CAR,13,7,13,0.74,50,3.75,3,
2009,CAR,14,7,13,0.74,50,3.75,3,
2009,CAR,15,7,13,0.7450980392156863,51,3.75,3,
2009,CAR,16,7,13,0.7307692307692307,52,3.75,3,
2009,CAR,17,7,13,0.7169811320754716,53,3.75,3,
2009,CHI,1,5,10,0.8913043478260869,46,8.25,8,
2009,CHI,2,5,10,0.8958333333333334,48,8.25,8,
2009,CHI,3,5,10,0.8958333333333334,48,8.25,8,
2009,CHI,4,5,10,0.8958333333333334,48,8.25,8,
2009,CHI,5,5,10,0.8958333333333334,48,8.25,8,
2009,CHI,6,5,10,0.8936170212765957,47,8.25,8,
2009,CHI,7,5,10,0.8936170212765957,47,8.25,8,
2009,CHI,8,5,10,0.8936170212765957,47,8.25,8,
2009,CHI,9,5,10,0.8936170212765957,47,8.25,8,
2009,CHI,10,5,10,0.8936170212765957,47,8.25,8,
2009,CHI,11,5,10,0.875,48,8.25,8,
2009,CHI,12,5,10,0.875,48,8.25,8,
2009,CHI,13,5,10,0.875,48,8.25,8,
2009,CHI,14,5,10,0.875,48,8.25,8,
2009,CHI,15,5,10,0.8775510204081632,49,8.25,8,
2009,CHI,16,5,10,0.86,50,8.25,8,
2009,CHI,17,5,10,0.8269230769230769,52,8.25,8,
2009,CIN,1,5,11,0.7272727272727273,44,1.75,3,
2009,CIN,2,6,12,0.7333333333333333,45,1.75,3,
2009,CIN,3,6,12,0.7333333333333333,45,1.75,3,
2009,CIN,4,6,12,0.7333333333333333,45,1.75,3,
2009,CIN,5,6,12,0.7333333333333333,45,1.75,3,
2009,CIN,6,6,12,0.7391304347826086,46,1.75,3,
2009,CIN,7,6,12,0.7446808510638298,47,1.75,3,
2009,CIN,8,6,12,0.7446808510638298,47,1.75,3,
2009,CIN,9,6,12,0.75,48,1.75,3,
2009,CIN,10,6,12,0.75,48,1.75,3,
2009,CIN,11,7,13,0.75,48,2.75,4,
2009,CIN,12,7,13,0.7551020408163265,49,2.75,4,
2009,CIN,13,7,13,0.7551020408163265,49,2.75,4,
2009,CIN,14,7,13,0.74,50,2.75,4,
2009,CIN,15,7,13,0.7254901960784313,51,2.75,4,
2009,CIN,16,7,13,0.7254901960784313,51,2.75,4,
2009,CIN,17,7,13,0.7115384615384616,52,2.75,4,
2009,CIN,18,7,14,0.7169811320754716,53,2.75,4,
2009,CLE,1,4,8,0.725,40,4.0,5,
2009,CLE,2,4,8,0.6829268292682927,41,4.0,5,
2009,CLE,3,4,8,0.6190476190476191,42,4.0,5,
2009,CLE,4,4,8,0.6046511627906976,43,4.0,5,
2009,CLE,5,3,7,0.6046511627906976,43,3.0,4,
2009,CLE,6,3,7,0.6046511627906976,43,3.0,4,
2009,CLE,7,3,7,0.6136363636363636,44,3.0,4,
2009,CLE,8,3,7,0.6136363636363636,44,3.0,4,
2009,CLE,9,3,7,0.6428571428571429,42,3.0,4,
2009,CLE,10,3,7,0.6222222222222222,45,3.0,4,
2009,CLE,11,3,7,0.6086956521739131,46,3.0,4,
2009,CLE,12,3,8,0.6304347826086957,46,3.0,4,
2009,CLE,13,3,8,0.6122448979591837,49,3.0,4,
2009,CLE,14,3,8,0.6,50,3.0,4,
2009,CLE,15,3,8,0.6,50,3.0,4,
2009,CLE,16,3,8,0.5882352941176471,51,3.0,4,
2009,CLE,17,3,8,0.6037735849056604,53,3.0,4,
2009,DAL,1,11,17,0.7884615384615384,52,7.75,13,
2009,DAL,2,11,17,0.7884615384615384,52,7.75,13,
2009,DAL,3,11,17,0.7884615384615384,52,7.75,13,
2009,DAL,4,11,17,0.7884615384615384,52,7.75,13,
2009,DAL,5,11,17,0.7692307692307693,52,7.75,13,
2009,DAL,6,11,17,0.7843137254901961,51,7.75,13,
2009,DAL,7,11,17,0.7843137254901961,51,7.75,13,
2009,DAL,8,11,17,0.7843137254901961,51,7.75,13,
2009,DAL,9,11,17,0.7843137254901961,51,7.75,13,
2009,DAL,10,11,17,0.7843137254901961,51,7.75,13,
2009,DAL,11,11,17,0.7843137254901961,51,7.75,13,
2009,DAL,12,11,17,0.7692307692307693,52,7.75,13,
2009,DAL,13,11,17,0.7692307692307693,52,7.75,13,
2009,DAL,14,11,17,0.7692307692307693,52,7.75,13,
2009,DAL,15,11,17,0.7692307692307693,52,7.75,13,
2009,DAL,16,11,17,0.7547169811320755,53,7.75,13,
2009,DAL,17,11,17,0.7547169811320755,53,7.75,13,
2009,DAL,18,11,17,0.7547169811320755,53,7.75,13,
2009,DAL,19,11,17,0.7547169811320755,53,7.75,13,
2009,DEN,1,8,15,0.8367346938775511,49,3.0,4,
2009,DEN,2,8,15,0.8367346938775511,49,3.0,4,
2009,DEN,3,8,15,0.8367346938775511,49,3.0,4,
2009,DEN,4,8,15,0.8367346938775511,49,3.0,4,
2009,DEN,5,8,15,0.8367346938775511,49,3.0,4,
2009,DEN,6,8,15,0.8367346938775511,49,3.0,4,
2009,DEN,7,8,15,0.8367346938775511,49,3.0,4,
2009,DEN,8,8,15,0.8571428571428571,49,3.75,5,
2009,DEN,9,9,16,0.86,50,4.25,6,
2009,DEN,10,9,16,0.86,50,4.25,6,
2009,DEN,11,9,16,0.86,50,4.25,6,
2009,DEN,12,9,16,0.86,50,4.25,6,
2009,DEN,13,9,16,0.86,50,4.25,6,
2009,DEN,14,9,16,0.86,50,4.25,6,
2009,DEN,15,9,16,0.8269230769230769,52,4.25,6,
2009,DEN,16,9,16,0.8269230769230769,52,4.25,6,
2009,DEN,17,9,16,0.7962962962962963,54,4.25,6,
2009,DET,1,8,17,0.8780487804878049,41,2.5,2,
2009,DET,2,8,18,0.8780487804878049,41,2.5,2,
2009,DET,3,8,18,0.8780487804878049,41,2.5,2,
2009,DET,4,8,18,0.875,40,2.5,2,
2009,DET,5,8,18,0.8809523809523809,42,2.5,2,
2009,DET,6,8,18,0.8809523809523809,42,2.5,2,
2009,DET,7,8,18,0.8604651162790697,43,2.5,2,
2009,DET,8,8,18,0.8604651162790697,43,2.5,2,
2009,DET,9,8,18,0.8636363636363636,44,2.5,2,
2009,DET,10,8,18,0.8636363636363636,44,2.5,2,
2009,DET,11,8,18,0.8478260869565217,46,2.5,2,
2009,DET,12,8,18,0.8478260869565217,46,2.5,2,
2009,DET,13,8,18,0.8478260869565217,46,2.5,2,
2009,DET,14,8,18,0.8478260869565217,46,2.5,2,
2009,DET,15,8,18,0.82,50,2.5,2,
2009,DET,16,9,19,0.7924528301886793,53,2.5,2,
2009,DET,17,9,19,0.7924528301886793,53,2.5,2,
2009,GB,1,7,13,0.782608695652174,46,4.0,4,
2009,GB,2,7,13,0.782608695652174,46,4.0,4,
2009,GB,3,7,13,0.782608695652174,46,4.0,4,
2009,GB,4,7,13,0.782608695652174,46,4.0,4,
2009,GB,5,7,13,0.782608695652174,46,4.0,4,
2009,GB,6,7,13,0.7872340425531915,47,4.0,4,
2009,GB,7,7,13,0.7916666666666666,48,4.5,5,
2009,GB,8,7,13,0.7755102040816326,49,4.5,5,
2009,GB,9,7,13,0.7755102040816326,49,4.5,5,
2009,GB,10,7,13,0.7755102040816326,49,4.5,5,
2009,GB,11,7,13,0.7916666666666666,48,4.5,5,
2009,GB,12,7,13,0.76,50,4.5,5,
2009,GB,13,7,13,0.7450980392156863,51,4.5,5,
2009,GB,14,7,13,0.7450980392156863,51,4.5,5,
2009,GB,15,7,13,0.7307692307692307,52,4.5,5,
2009,GB,16,7,13,0.7307692307692307,52,4.5,5,
2009,GB,17,7,13,0.7169811320754716,53,4.5,5,
2009,GB,18,7,13,0.7169811320754716,53,4.5,5,
2009,HOU,1,7,11,0.8181818181818182,44,4.0,3,
2009,HOU,2,7,11,0.8181818181818182,44,4.0,3,
2009,HOU,3,7,12,0.8222222222222222,45,4.0,3,
2009,HOU,4,7,12,0.8222222222222222,45,4.0,3,
2009,HOU,5,7,12,0.8043478260869565,46,4.0,3,
2009,HOU,6,7,12,0.8085106382978723,47,4.0,3,
2009,HOU,7,7,13,0.8297872340425532,47,4.0,3,
2009,HOU,8,7,12,0.8085106382978723,47,4.0,3,
2009,HOU,9,7,12,0.8085106382978723,47,4.0,3,
2009,HOU,10,7,12,0.8085106382978723,47,4.0,3,
2009,HOU,11,7,12,0.7916666666666666,48,4.0,3,
2009,HOU,12,7,12,0.76,50,4.0,3,
2009,HOU,13,7,12,0.76,50,4.0,3,
2009,HOU,14,7,13,0.7647058823529411,51,4.0,3,
2009,HOU,15,7,13,0.75,52,4.0,3,
2009,HOU,16,7,13,0.7692307692307693,52,4.0,3,
2009,HOU,17,7,13,0.7547169811320755,53,4.0,3,
2009,IND,1,6,11,0.6521739130434783,46,5.5,8,
2009,IND,2,6,11,0.6444444444444445,45,5.5,8,
2009,IND,3,6,11,0.6304347826086957,46,5.5,8,
2009,IND,4,6,11,0.6521739130434783,46,5.5,8,
2009,IND,5,6,11,0.6521739130434783,46,5.5,8,
2009,IND,6,6,11,0.6595744680851063,47,6.5,8,
2009,IND,7,6,11,0.6595744680851063,47,6.5,8,
2009,IND,8,6,11,0.6595744680851063,47,6.5,8,
2009,IND,9,6,11,0.6666666666666666,48,6.5,8,
2009,IND,10,6,11,0.6530612244897959,49,6.5,8,
2009,IND,11,6,11,0.64,50,6.5,8,
2009,IND,12,6,11,0.6326530612244898,49,6.5,8,
2009,IND,13,6,11,0.66,50,6.5,8,
2009,IND,14,6,11,0.6666666666666666,51,6.5,8,
2009,IND,15,6,11,0.6666666666666666,51,6.5,8,
2009,IND,16,6,11,0.6666666666666666,51,6.5,8,
2009,IND,17,6,11,0.6415094339622641,53,6.5,8,
2009,IND,18,6,11,0.6415094339622641,53,6.5,8,
2009,IND,19,6,11,0.6415094339622641,53,6.5,8,
2009,IND,20,6,11,0.6415094339622641,53,6.5,8,
2009,IND,21,6,11,0.6415094339622641,53,6.5,8,
2009,JAX,1,7,15,0.7727272727272727,44,3.75,4,
2009,JAX,2,7,15,0.7555555555555555,45,3.75,4,
2009,JAX,3,7,15,0.8043478260869565,46,3.75,4,
2009,JAX,4,7,15,0.8222222222222222,45,3.75,4,
2009,JAX,5,7,15,0.8222222222222222,45,3.75,4,
2009,JAX,6,7,15,0.8222222222222222,45,3.75,4,
2009,JAX,7,7,15,0.8222222222222222,45,3.75,4,
2009,JAX,8,7,15,0.8222222222222222,45,3.75,4,
2009,JAX,9,7,15,0.8260869565217391,46,3.75,4,
2009,JAX,10,7,15,0.8260869565217391,46,3.75,4,
2009,JAX,11,7,15,0.8297872340425532,47,3.75,4,
2009,JAX,12,7,15,0.8163265306122449,49,3.75,4,
2009,JAX,13,7,15,0.82,50,3.75,4,
2009,JAX,14,7,15,0.82,50,3.75,4,
2009,JAX,15,7,15,0.8235294117647058,51,3.75,4,
2009,JAX,16,7,15,0.7692307692307693,52,3.75,4,
2009,JAX,17,7,15,0.7735849056603774,53,3.75,4,
2009,KC,1,7,12,0.7441860465116279,43,3.5,4,
2009,KC,2,7,11,0.7441860465116279,43,3.5,4,
2009,KC,3,7,11,0.7441860465116279,43,3.5,4,
2009,KC,4,7,11,0.7272727272727273,44,3.5,4,
2009,KC,5,7,11,0.7272727272727273,44,3.5,4,
2009,KC,6,7,11,0.7333333333333333,45,3.5,4,
2009,KC,7,7,11,0.7111111111111111,45,3.5,4,
2009,KC,8,6,10,0.7045454545454546,44,2.5,3,
2009,KC,9,6,11,0.717391304347826,46,2.5,4,
2009,KC,10,6,11,0.717391304347826,46,2.5,4,
2009,KC,11,5,10,0.6956521739130435,46,2.5,4,
2009,KC,12,5,10,0.7021276595744681,47,2.5,4,
2009,KC,13,5,10,0.7083333333333334,48,2.5,4,
2009,KC,14,5,10,0.6938775510204082,49,2.5,4,
2009,KC,15,6,11,0.68,50,2.5,4,
2009,KC,16,6,10,0.6415094339622641,53,2.5,4,
2009,KC,17,6,10,0.6415094339622641,53,2.5,4,
2009,MIA,1,6,13,0.8260869565217391,46,2.5,3,
2009,MIA,2,6,13,0.8260869565217391,46,2.5,3,
2009,MIA,3,6,13,0.8260869565217391,46,2.5,3,
2009,MIA,4,6,13,0.8297872340425532,47,2.5,3,
2009,MIA,5,6,13,0.8297872340425532,47,2.5,3,
2009,MIA,6,6,13,0.8125,48,2.5,3,
2009,MIA,7,6,13,0.8085106382978723,47,2.5,3,
2009,MIA,8,6,14,0.8125,48,2.5,3,
2009,MIA,9,6,14,0.8163265306122449,49,2.5,3,
2009,MIA,10,6,14,0.7959183673469388,49,2.5,3,
2009,MIA,11,6,14,0.7959183673469388,49,2.5,3,
2009,MIA,12,6,14,0.7647058823529411,51,2.5,3,
2009,MIA,13,6,14,0.7647058823529411,51,2.5,3,
2009,MIA,14,6,14,0.75,52,2.5,3,
2009,MIA,15,6,14,0.75,52,2.5,3,
2009,MIA,16,6,14,0.75,52,2.5,3,
2009,MIA,17,6,14,0.7547169811320755,53,2.5,3,
2009,MIN,1,8,17,0.7,50,7.0,7,
2009,MIN,2,8,17,0.7,50,7.0,7,
2009,MIN,3,8,17,0.7,50,7.0,7,
2009,MIN,4,8,17,0.6862745098039216,51,7.0,7,
2009,MIN,5,8,17,0.6862745098039216,51,7.0,7,
2009,MIN,6,8,17,0.6862745098039216,51,7.0,7,
2009,MIN,7,8,17,0.6862745098039216,51,7.0,7,
2009,MIN,8,8,17,0.6862745098039216,51,7.0,7,
2009,MIN,9,8,17,0.6862745098039216,51,7.0,7,
2009,MIN,10,8,17,0.6862745098039216,51,7.0,7,
2009,MIN,11,8,17,0.6862745098039216,51,7.0,7,
2009,MIN,12,8,17,0.6862745098039216,51,7.0,7,
2009,MIN,13,8,17,0.6862745098039216,51,7.0,7,
2009,MIN,14,8,17,0.6923076923076923,52,7.0,7,
2009,MIN,15,8,17,0.6792452830188679,53,7.0,7,
2009,MIN,16,8,17,0.6792452830188679,53,7.0,7,
2009,MIN,17,8,17,0.6792452830188679,53,7.0,7,
2009,MIN,18,8,17,0.6792452830188679,53,7.0,7,
2009,MIN,19,8,17,0.6792452830188679,53,7.0,7,
2009,MIN,20,8,17,0.6792452830188679,53,7.0,7,
2009,NE,1,12,19,0.7254901960784313,51,13.0,11,
2009,NE,2,12,19,0.7254901960784313,51,13.0,11,
2009,NE,3,12,19,0.7450980392156863,51,13.0,11,
2009,NE,4,12,19,0.74,50,13.0,11,
2009,NE,5,12,19,0.74,50,13.0,11,
2009,NE,6,13,20,0.7450980392156863,51,13.5,11,
2009,NE,7,12,19,0.74,50,13.5,11,
2009,NE,8,12,19,0.74,50,13.5,11,
2009,NE,9,12,19,0.7254901960784313,51,13.5,11,
2009,NE,10,12,19,0.7307692307692307,52,13.5,11,
2009,NE,11,12,19,0.7307692307692307,52,13.5,11,
2009,NE,12,12,19,0.7307692307692307,52,13.5,11,
2009,NE,13,12,19,0.7307692307692307,52,13.5,11,
2009,NE,14,12,19,0.7358490566037735,53,13.5,11,
2009,NE,15,12,19,0.7358490566037735,53,13.5,11,
2009,NE,16,12,19,0.7358490566037735,53,13.5,11,
2009,NE,17,12,19,0.7169811320754716,53,13.5,11,
2009,NE,18,12,19,0.7222222222222222,54,13.5,11,
2009,NO,1,7,12,0.6818181818181818,44,3.5,5,
2009,NO,2,7,12,0.6888888888888889,45,3.5,5,
2009,NO,3,7,12,0.6666666666666666,45,3.5,5,
2009,NO,4,7,12,0.6739130434782609,46,3.5,5,
2009,NO,5,7,12,0.6739130434782609,46,3.5,5,
2009,NO,6,7,12,0.6595744680851063,47,3.5,5,
2009,NO,7,7,12,0.6595744680851063,47,3.5,5,
2009,NO,8,7,12,0.6458333333333334,48,3.5,5,
2009,NO,9,7,12,0.6530612244897959,49,3.5,5,
2009,NO,10,7,12,0.6530612244897959,49,3.5,5,
2009,NO,11,7,12,0.6666666666666666,48,3.5,5,
2009,NO,12,7,12,0.6666666666666666,48,3.5,5,
2009,NO,13,7,12,0.6666666666666666,48,3.5,5,
2009,NO,14,7,12,0.6938775510204082,49,3.5,5,
2009,NO,15,7,12,0.6938775510204082,49,3.5,5,
2009,NO,16,7,12,0.673469387755102,49,3.5,5,
2009,NO,17,7,12,0.6470588235294118,51,3.5,5,
2009,NO,18,7,12,0.6346153846153846,52,3.5,5,
2009,NO,19,7,12,0.6346153846153846,52,3.5,5,
2009,NO,20,7,12,0.6415094339622641,53,3.5,5,
2009,NO,21,7,12,0.6415094339622641,53,3.5,5,
2009,NYG,1,4,13,0.8085106382978723,47,5.75,7,
2009,NYG,2,4,13,0.8297872340425532,47,5.75,7,
2009,NYG,3,4,13,0.8333333333333334,48,5.75,7,
2009,NYG,4,4,13,0.8333333333333334,48,5.75,7,
2009,NYG,5,4,13,0.8333333333333334,48,5.75,7,
2009,NYG,6,4,13,0.8333333333333334,48,5.75,7,
2009,NYG,7,4,13,0.8333333333333334,48,5.75,7,
2009,NYG,8,4,13,0.8333333333333334,48,5.75,7,
2009,NYG,9,4,13,0.8333333333333334,48,5.75,7,
2009,NYG,10,4,13,0.8163265306122449,49,5.75,7,
2009,NYG,11,4,13,0.8163265306122449,49,5.75,7,
2009,NYG,12,4,13,0.8163265306122449,49,5.75,7,
2009,NYG,13,4,13,0.82,50,5.75,7,
2009,NYG,14,4,13,0.82,50,5.75,7,
2009,NYG,15,4,13,0.82,50,5.75,7,
2009,NYG,16,4,13,0.8235294117647058,51,5.75,7,
2009,NYG,17,4,13,0.8113207547169812,53,5.75,7,
2009,NYJ,1,12,14,0.64,50,7.0,8,
2009,NYJ,2,13,15,0.66,50,7.0,8,
2009,NYJ,3,13,15,0.66,50,7.0,8,
2009,NYJ,4,13,15,0.66,50,7.0,8,
2009,NYJ,5,15,17,0.68,50,8.0,9,
2009,NYJ,6,15,17,0.66,50,8.0,9,
2009,NYJ,7,15,17,0.6666666666666666,51,8.0,9,
2009,NYJ,8,15,17,0.6666666666666666,51,8.0,9,
2009,NYJ,9,15,17,0.6666666666666666,51,8.0,9,
2009,NYJ,10,15,17,0.6666666666666666,51,8.0,9,
2009,NYJ,11,15,17,0.6538461538461539,52,8.0,9,
2009,NYJ,12,15,17,0.6538461538461539,52,8.0,9,
2009,NYJ,13,15,17,0.6415094339622641,53,8.0,9,
2009,NYJ,14,15,17,0.6296296296296297,54,8.0,9,
2009,NYJ,15,15,17,0.6481481481481481,54,8.0,9,
2009,NYJ,16,15,17,0.6481481481481481,54,8.0,9,
2009,NYJ,17,15,17,0.6481481481481481,54,8.0,9,
2009,NYJ,18,15,17,0.6481481481481481,54,8.0,9,
2009,NYJ,19,15,17,0.6481481481481481,54,8.0,9,
2009,NYJ,20,15,17,0.6481481481481481,54,8.0,9,
2009,OAK,1,10,16,0.8260869565217391,46,4.0,5,
2009,OAK,2,10,16,0.8260869565217391,46,4.0,5,
2009,OAK,3,10,16,0.8478260869565217,46,4.0,5,
2009,OAK,4,10,16,0.8478260869565217,46,4.0,5,
2009,OAK,5,10,16,0.8297872340425532,47,4.0,5,
2009,OAK,6,10,17,0.8333333333333334,48,4.0,5,
2009,OAK,7,10,17,0.8333333333333334,48,4.0,5,
2009,OAK,8,10,17,0.8333333333333334,48,4.0,5,
2009,OAK,9,10,17,0.8333333333333334,48,4.0,5,
2009,OAK,10,11,18,0.8333333333333334,48,4.0,5,
2009,OAK,11,11,18,0.8163265306122449,49,4.0,5,
2009,OAK,12,11,18,0.8163265306122449,49,4.0,5,
2009,OAK,13,11,18,0.8163265306122449,49,4.0,5,
2009,OAK,14,11,18,0.82,50,4.0,5,
2009,OAK,15,12,19,0.82,50,4.0,5,
2009,OAK,16,12,19,0.803921568627451,51,4.0,5,
2009,OAK,17,12,19,0.7735849056603774,53,4.0,5,
2009,PHI,1,5,15,0.673469387755102,49,4.75,6,
2009,PHI,2,6,16,0.6938775510204082,49,4.75,7,
2009,PHI,3,6,16,0.6938775510204082,49,4.75,7,
2009,PHI,4,6,16,0.7,50,5.25,8,
2009,PHI,5,6,16,0.7,50,5.25,8,
2009,PHI,6,6,16,0.7,50,5.25,8,
2009,PHI,7,6,16,0.7,50,5.25,8,
2009,PHI,8,6,16,0.6862745098039216,51,5.25,8,
2009,PHI,9,6,16,0.6862745098039216,51,5.25,8,
2009,PHI,10,6,16,0.7058823529411765,51,5.25,8,
2009,PHI,11,6,16,0.7058823529411765,51,5.25,8,
2009,PHI,12,6,16,0.6923076923076923,52,5.25,8,
2009,PHI,13,6,16,0.6862745098039216,51,5.25,8,
2009,PHI,14,6,16,0.6730769230769231,52,5.25,8,
2009,PHI,15,6,16,0.6923076923076923,52,5.25,8,
2009,PHI,16,6,16,0.6923076923076923,52,5.25,8,
2009,PHI,17,6,16,0.6792452830188679,53,5.25,8,
2009,PHI,18,6,16,0.6792452830188679,53,5.25,8,
2009,PIT,1,9,12,0.7608695652173914,46,4.75,7,
2009,PIT,2,9,12,0.7608695652173914,46,4.75,7,
2009,PIT,3,9,12,0.7608695652173914,46,4.75,7,
2009,PIT,4,9,12,0.7391304347826086,46,4.75,7,
2009,PIT,5,9,12,0.7446808510638298,47,4.75,7,
2009,PIT,6,9,12,0.75,48,4.75,7,
2009,PIT,7,9,12,0.75,48,4.75,7,
2009,PIT,8,9,12,0.75,48,4.75,7,
2009,PIT,9,9,12,0.75,48,4.75,7,
2009,PIT,10,9,12,0.75,48,4.75,7,
2009,PIT,11,9,12,0.75,48,4.75,7,
2009,PIT,12,9,11,0.7346938775510204,49,4.75,7,
2009,PIT,13,9,11,0.7346938775510204,49,4.75,7,
2009,PIT,14,9,11,0.72,50,4.75,7,
2009,PIT,15,9,11,0.72,50,4.75,7,
2009,PIT,16,10,12,0.7115384615384616,52,4.75,7,
2009,PIT,17,10,12,0.7169811320754716,53,4.75,7,
2009,SD,1,11,17,0.717391304347826,46,7.0,12,
2009,SD,2,11,17,0.723404255319149,47,7.0,12,
2009,SD,3,11,17,0.7291666666666666,48,7.0,12,
2009,SD,4,11,17,0.7291666666666666,48,7.0,12,
2009,SD,5,11,17,0.7291666666666666,48,7.0,12,
2009,SD,6,11,17,0.75,48,7.0,12,
2009,SD,7,11,17,0.75,48,7.0,12,
2009,SD,8,11,17,0.7551020408163265,49,7.0,12,
2009,SD,9,11,16,0.75,48,7.0,11,
2009,SD,10,11,16,0.75,48,7.0,11,
2009,SD,11,11,16,0.75,48,7.0,11,
2009,SD,12,11,16,0.7551020408163265,49,7.0,11,
2009,SD,13,11,16,0.74,50,7.0,11,
2009,SD,14,11,16,0.7450980392156863,51,7.0,11,
2009,SD,15,11,16,0.7450980392156863,51,7.0,11,
2009,SD,16,11,16,0.75,52,7.0,11,
2009,SD,17,11,16,0.75,52,7.0,11,
2009,SD,18,11,17,0.7547169811320755,53,7.0,11,
2009,SD,19,11,17,0.7547169811320755,53,7.0,11,
2009,SEA,1,5,14,0.8260869565217391,46,2.25,3,
2009,SEA,2,5,14,0.8260869565217391,46,2.25,3,
2009,SEA,3,5,14,0.8260869565217391,46,2.25,3,
2009,SEA,4,5,14,0.8222222222222222,45,2.25,3,
2009,SEA,5,5,14,0.8444444444444444,45,2.25,3,
2009,SEA,6,5,14,0.8478260869565217,46,2.25,3,
2009,SEA,7,5,14,0.851063829787234,47,2.25,3,
2009,SEA,8,6,15,0.8367346938775511,49,3.25,4,
2009,SEA,9,6,15,0.803921568627451,51,3.25,4,
2009,SEA,10,6,15,0.7884615384615384,52,3.25,4,
2009,SEA,11,6,15,0.7884615384615384,52,3.25,4,
2009,SEA,12,6,15,0.7884615384615384,52,3.25,4,
2009,SEA,13,6,15,0.7884615384615384,52,3.25,4,
2009,SEA,14,6,15,0.7884615384615384,52,3.25,4,
2009,SEA,15,6,15,0.7884615384615384,52,3.25,4,
2009,SEA,16,6,15,0.8076923076923077,52,3.25,4,
2009,SEA,17,6,15,0.8113207547169812,53,3.25,4,
2009,SF,1,8,15,0.8541666666666666,48,5.0,8,
2009,SF,2,8,15,0.8541666666666666,48,5.0,8,
2009,SF,3,8,15,0.8541666666666666,48,5.0,8,
2009,SF,4,8,15,0.8541666666666666,48,5.0,8,
2009,SF,5,8,15,0.8541666666666666,48,5.0,8,
2009,SF,6,9,16,0.8571428571428571,49,5.0,8,
2009,SF,7,9,16,0.86,50,5.0,8,
2009,SF,8,9,16,0.8431372549019608,51,5.0,8,
2009,SF,9,9,16,0.86,50,5.0,8,
2009,SF,10,9,16,0.86,50,5.0,8,
2009,SF,11,9,16,0.86,50,5.0,8,
2009,SF,12,9,16,0.86,50,5.0,8,
2009,SF,13,9,16,0.8431372549019608,51,5.0,8,
2009,SF,14,9,16,0.8431372549019608,51,5.0,8,
2009,SF,15,9,16,0.8431372549019608,51,5.0,8,
2009,SF,16,9,16,0.8431372549019608,51,5.0,8,
2009,SF,17,9,16,0.8113207547169812,53,5.0,8,
2009,STL,1,5,8,0.7380952380952381,42,3.5,1,
2009,STL,2,5,8,0.7380952380952381,42,3.5,1,
2009,STL,3,5,8,0.7209302325581395,43,3.5,1,
2009,STL,4,5,8,0.7142857142857143,42,3.5,1,
2009,STL,5,5,8,0.7142857142857143,42,3.5,1,
2009,STL,6,5,8,0.7142857142857143,42,3.5,1,
2009,STL,7,5,8,0.6818181818181818,44,3.5,1,
2009,STL,8,5,8,0.6739130434782609,46,3.5,1,
2009,STL,9,5,8,0.6521739130434783,46,3.5,1,
2009,STL,10,5,8,0.6521739130434783,46,3.5,1,
2009,STL,11,5,8,0.6595744680851063,47,3.5,1,
2009,STL,12,5,8,0.6666666666666666,48,3.5,1,
2009,STL,13,5,8,0.6666666666666666,48,3.5,1,
2009,STL,14,5,8,0.64,50,3.5,1,
2009,STL,15,5,8,0.6078431372549019,51,3.5,1,
2009,STL,16,5,8,0.6037735849056604,53,3.5,1,
2009,STL,17,5,8,0.6037735849056604,53,3.5,1,
2009,TB,1,10,15,0.8055555555555556,36,1.5,3,
2009,TB,2,10,16,0.8333333333333334,36,1.5,3,
2009,TB,3,10,15,0.8378378378378378,37,1.5,3,
2009,TB,4,10,16,0.8378378378378378,37,1.5,3,
2009,TB,5,10,16,0.8205128205128205,39,1.5,3,
2009,TB,6,10,15,0.775,40,1.5,3,
2009,TB,7,10,15,0.8048780487804879,41,1.5,3,
2009,TB,8,10,15,0.7674418604651163,43,1.5,3,
2009,TB,9,10,15,0.7619047619047619,42,1.5,3,
2009,TB,10,10,16,0.75,44,1.5,3,
2009,TB,11,10,16,0.75,44,1.5,3,
2009,TB,12,10,16,0.717391304347826,46,1.5,3,
2009,TB,13,10,16,0.7021276595744681,47,1.5,3,
2009,TB,14,10,16,0.6875,48,1.5,3,
2009,TB,15,10,16,0.6875,48,1.5,3,
2009,TB,16,10,17,0.6862745098039216,51,1.5,3,
2009,TB,17,10,17,0.660377358490566,53,1.5,3,
2009,TEN,1,7,14,0.875,48,8.0,11,
2009,TEN,2,7,14,0.875,48,8.0,11,
2009,TEN,3,7,14,0.875,48,8.0,11,
2009,TEN,4,6,12,0.8541666666666666,48,8.0,11,
2009,TEN,5,6,12,0.8541666666666666,48,8.0,11,
2009,TEN,6,6,12,0.8333333333333334,48,8.0,11,
2009,TEN,7,6,12,0.8333333333333334,48,8.0,11,
2009,TEN,8,6,12,0.8163265306122449,49,8.0,11,
2009,TEN,9,6,12,0.7959183673469388,49,8.0,11,
2009,TEN,10,6,12,0.8163265306122449,49,8.0,11,
2009,TEN,11,6,12,0.8163265306122449,49,8.0,11,
2009,TEN,12,6,12,0.8163265306122449,49,8.0,11,
2009,TEN,13,6,12,0.8163265306122449,49,8.0,11,
2009,TEN,14,6,12,0.8,50,8.0,11,
2009,TEN,15,6,12,0.8,50,8.0,11,
2009,TEN,16,6,13,0.803921568627451,51,8.0,11,
2009,TEN,17,6,13,0.7735849056603774,53,8.0,11,
2009,WAS,1,9,17,0.7380952380952381,42,2.5,5,
2009,WAS,2,9,17,0.7380952380952381,42,2.5,5,
2009,WAS,3,9,17,0.7380952380952381,42,2.5,5,
2009,WAS,4,9,17,0.7380952380952381,42,2.5,5,
2009,WAS,5,8,16,0.7317073170731707,41,2.5,5,
2009,WAS,6,8,16,0.7317073170731707,41,2.5,5,
2009,WAS,7,10,18,0.7674418604651163,43,2.5,5,
2009,WAS,8,10,18,0.7674418604651163,43,2.5,5,
2009,WAS,9,10,18,0.7441860465116279,43,2.5,5,
2009,WAS,10,10,18,0.75,44,2.5,5,
2009,WAS,11,10,18,0.75,44,2.5,5,
2009,WAS,12,10,18,0.723404255319149,47,2.5,5,
2009,WAS,13,10,18,0.7346938775510204,49,2.5,5,
2009,WAS,14,10,18,0.72,50,2.5,5,
2009,WAS,15,10,18,0.7058823529411765,51,2.5,5,
2009,WAS,16,10,18,0.7058823529411765,51,2.5,5,
2009,WAS,17,10,18,0.6981132075471698,53,2.5,5,
2010,ARI,1,6,10,0.6956521739130435,46,7.75,7,
2010,ARI,2,6,10,0.7021276595744681,47,7.75,7,
2010,ARI,3,6,10,0.723404255319149,47,7.75,7,
2010,ARI,4,6,10,0.7391304347826086,46,7.75,7,
2010,ARI,5,6,10,0.7391304347826086,46,7.75,7,
2010,ARI,6,6,10,0.7391304347826086,46,7.75,7,
2010,ARI,7,6,10,0.7391304347826086,46,7.75,7,
2010,ARI,8,6,10,0.7291666666666666,48,7.75,7,
2010,ARI,9,6,10,0.7291666666666666,48,7.75,7,
2010,ARI,10,6,10,0.7142857142857143,49,7.75,7,
2010,ARI,11,6,10,0.7142857142857143,49,7.75,7,
2010,ARI,12,6,10,0.6862745098039216,51,7.75,7,
2010,ARI,13,6,10,0.6862745098039216,51,7.75,7,
2010,ARI,14,6,10,0.6730769230769231,52,7.75,7,
2010,ARI,15,6,10,0.6730769230769231,52,7.75,7,
2010,ARI,16,6,10,0.660377358490566,53,7.75,7,
2010,ARI,17,6,10,0.660377358490566,53,7.75,7,
2010,ATL,1,10,14,0.78,50,6.5,3,
2010,ATL,2,10,15,0.7843137254901961,51,7.5,3,
2010,ATL,3,10,15,0.7884615384615384,52,7.5,3,
2010,ATL,4,10,15,0.7884615384615384,52,7.5,3,
2010,ATL,5,10,15,0.7884615384615384,52,7.5,3,
2010,ATL,6,10,15,0.7884615384615384,52,7.5,3,
2010,ATL,7,10,15,0.7884615384615384,52,7.5,3,
2010,ATL,8,10,15,0.7884615384615384,52,7.5,3,
2010,ATL,9,10,15,0.7884615384615384,52,7.5,3,
2010,ATL,10,10,15,0.7884615384615384,52,7.5,3,
2010,ATL,11,10,15,0.7884615384615384,52,7.5,3,
2010,ATL,12,10,15,0.7884615384615384,52,7.5,3,
2010,ATL,13,10,15,0.7884615384615384,52,7.5,3,
2010,ATL,14,10,15,0.7884615384615384,52,7.5,3,
2010,ATL,15,10,15,0.7884615384615384,52,7.5,3,
2010,ATL,16,10,15,0.7884615384615384,52,7.5,3,
2010,ATL,17,10,15,0.7735849056603774,53,7.5,3,
2010,ATL,18,10,15,0.7735849056603774,53,7.5,3,
2010,ATL,19,10,15,0.7735849056603774,53,7.5,3,
2010,BAL,1,11,18,0.86,50,8.5,11,
2010,BAL,2,11,18,0.86,50,8.5,11,
2010,BAL,3,11,17,0.86,50,8.5,10,
2010,BAL,4,10,17,0.86,50,8.0,11,
2010,BAL,5,10,17,0.8775510204081632,49,8.0,11,
2010,BAL,6,10,17,0.8775510204081632,49,8.0,11,
2010,BAL,7,11,18,0.8627450980392157,51,10.0,13,
2010,BAL,8,11,18,0.8627450980392157,51,10.0,13,
2010,BAL,9,11,18,0.8627450980392157,51,10.0,13,
2010,BAL,10,11,18,0.8627450980392157,51,10.0,13,
2010,BAL,11,11,18,0.8461538461538461,52,10.0,13,
2010,BAL,12,11,18,0.8461538461538461,52,10.0,13,
2010,BAL,13,11,17,0.8431372549019608,51,10.0,12,
2010,BAL,14,11,17,0.8431372549019608,51,10.0,12,
2010,BAL,15,11,17,0.8431372549019608,51,10.0,12,
2010,BAL,16,11,17,0.8627450980392157,51,10.0,12,
2010,BAL,17,11,17,0.8653846153846154,52,10.0,12,
2010,BAL,18,11,17,0.8653846153846154,52,10.0,12,
2010,BAL,19,11,17,0.8490566037735849,53,10.0,12,
2010,BUF,1,8,16,0.7560975609756098,41,5.25,4,
2010,BUF,2,8,16,0.7560975609756098,41,5.25,4,
2010,BUF,3,8,16,0.7560975609756098,41,5.25,4,
2010,BUF,4,8,16,0.7560975609756098,41,5.25,4,
2010,BUF,5,7,15,0.75,40,5.25,3,
2010,BUF,6,7,15,0.75,40,5.25,3,
2010,BUF,7,7,15,0.7317073170731707,41,5.25,3,
2010,BUF,8,7,15,0.7317073170731707,41,5.25,3,
2010,BUF,9,7,15,0.7317073170731707,41,5.25,3,
2010,BUF,10,7,15,0.7272727272727273,44,5.25,3,
2010,BUF,11,7,15,0.7045454545454546,44,5.25,3,
2010,BUF,12,7,15,0.6956521739130435,46,5.25,3,
2010,BUF,13,7,15,0.6875,48,5.25,3,
2010,BUF,14,7,15,0.66,50,5.25,3,
2010,BUF,15,7,15,0.6538461538461539,52,5.25,3,
2010,BUF,16,7,15,0.6538461538461539,52,5.25,3,
2010,BUF,17,7,15,0.660377358490566,53,5.25,3,
2010,CAR,1,5,9,0.8,40,4.0,4,
2010,CAR,2,5,9,0.7857142857142857,42,4.0,4,
2010,CAR,3,5,9,0.7857142857142857,42,4.0,4,
2010,CAR,4,5,9,0.8095238095238095,42,4.0,4,
2010,CAR,5,5,9,0.813953488372093,43,4.0,4,
2010,CAR,6,5,10,0.8181818181818182,44,4.0,4,
2010,CAR,7,5,10,0.8181818181818182,44,4.0,4,
2010,CAR,8,5,10,0.8222222222222222,45,4.0,4,
2010,CAR,9,5,10,0.8181818181818182,44,4.0,4,
2010,CAR,10,5,10,0.8260869565217391,46,4.0,4,
2010,CAR,11,5,10,0.8085106382978723,47,4.0,4,
2010,CAR,12,5,10,0.8085106382978723,47,4.0,4,
2010,CAR,13,5,10,0.8163265306122449,49,4.0,4,
2010,CAR,14,5,10,0.8163265306122449,49,4.0,4,
2010,CAR,15,5,10,0.8235294117647058,51,4.0,4,
2010,CAR,16,5,10,0.8076923076923077,52,4.0,4,
2010,CAR,17,5,10,0.8113207547169812,53,4.0,4,
2010,CHI,1,6,15,0.8627450980392157,51,7.5,9,
2010,CHI,2,6,15,0.8653846153846154,52,7.5,9,
2010,CHI,3,6,15,0.8490566037735849,53,7.5,9,
2010,CHI,4,6,15,0.8490566037735849,53,7.5,9,
2010,CHI,5,6,15,0.8461538461538461,52,7.5,9,
2010,CHI,6,6,15,0.8461538461538461,52,7.5,9,
2010,CHI,7,6,15,0.8301886792452831,53,7.5,9,
2010,CHI,8,6,15,0.8301886792452831,53,7.5,9,
2010,CHI,9,6,15,0.8301886792452831,53,7.5,9,
2010,CHI,10,6,15,0.8301886792452831,53,7.5,9,
2010,CHI,11,6,15,0.8301886792452831,53,7.5,9,
2010,CHI,12,6,15,0.8301886792452831,53,7.5,9,
2010,CHI,13,6,15,0.8301886792452831,53,7.5,9,
2010,CHI,14,6,15,0.8490566037735849,53,7.5,9,
2010,CHI,15,6,15,0.8490566037735849,53,7.5,9,
2010,CHI,16,6,15,0.8490566037735849,53,7.5,9,
2010,CHI,17,6,15,0.8490566037735849,53,7.5,9,
2010,CHI,18,6,15,0.8490566037735849,53,7.5,9,
2010,CHI,19,6,15,0.8490566037735849,53,7.5,9,
2010,CHI,20,6,15,0.8490566037735849,53,7.5,9,
2010,CIN,1,8,15,0.85,40,2.25,3,
2010,CIN,2,8,15,0.85,40,2.25,3,
2010,CIN,3,8,15,0.85,40,2.25,3,
2010,CIN,4,8,15,0.85,40,2.25,3,
2010,CIN,5,8,15,0.85,40,2.25,3,
2010,CIN,6,8,15,0.85,40,2.25,3,
2010,CIN,7,8,15,0.85,40,2.25,3,
2010,CIN,8,8,15,0.8717948717948718,39,2.25,3,
2010,CIN,9,8,15,0.875,40,2.25,3,
2010,CIN,10,8,15,0.8780487804878049,41,2.25,3,
2010,CIN,11,8,15,0.8837209302325582,43,2.25,3,
2010,CIN,12,8,15,0.8666666666666667,45,2.25,3,
2010,CIN,13,8,15,0.851063829787234,47,2.25,3,
2010,CIN,14,8,15,0.8163265306122449,49,2.25,3,
2010,CIN,15,8,16,0.8235294117647058,51,2.25,3,
2010,CIN,16,8,16,0.8269230769230769,52,2.25,3,
2010,CIN,17,8,16,0.8113207547169812,53,2.25,3,
2010,CLE,1,4,11,0.7441860465116279,43,3.5,5,
2010,CLE,2,4,11,0.7441860465116279,43,3.5,5,
2010,CLE,3,4,11,0.7272727272727273,44,3.5,5,
2010,CLE,4,4,11,0.7272727272727273,44,3.5,5,
2010,CLE,5,4,11,0.7111111111111111,45,3.5,5,
2010,CLE,6,4,11,0.6888888888888889,45,3.5,5,
2010,CLE,7,4,11,0.6888888888888889,45,3.5,5,
2010,CLE,8,4,11,0.6739130434782609,46,3.5,5,
2010,CLE,9,4,11,0.6739130434782609,46,3.5,5,
2010,CLE,10,4,11,0.6595744680851063,47,3.5,5,
2010,CLE,11,4,11,0.6666666666666666,48,3.5,5,
2010,CLE,12,4,11,0.6530612244897959,49,3.5,5,
2010,CLE,13,4,12,0.66,50,3.5,5,
2010,CLE,14,4,12,0.66,50,3.5,5,
2010,CLE,15,4,12,0.66,50,3.5,5,
2010,CLE,16,4,12,0.6226415094339622,53,3.5,5,
2010,CLE,17,4,12,0.6226415094339622,53,3.5,5,
2010,DAL,1,10,14,0.7857142857142857,42,7.25,12,
2010,DAL,2,10,14,0.7857142857142857,42,7.25,12,
2010,DAL,3,10,14,0.7906976744186046,43,7.25,12,
2010,DAL,4,10,14,0.7906976744186046,43,7.25,12,
2010,DAL,5,10,14,0.7906976744186046,43,7.25,12,
2010,DAL,6,10,14,0.75,44,7.25,12,
2010,DAL,7,10,14,0.75,44,7.25,12,
2010,DAL,8,10,14,0.75,44,7.25,12,
2010,DAL,9,10,14,0.7333333333333333,45,7.25,12,
2010,DAL,10,10,14,0.717391304347826,46,7.25,12,
2010,DAL,11,10,14,0.717391304347826,46,7.25,12,
2010,DAL,12,10,14,0.717391304347826,46,7.25,12,
2010,DAL,13,10,14,0.6875,48,7.25,12,
2010,DAL,14,10,14,0.6938775510204082,49,7.25,12,
2010,DAL,15,10,14,0.7,50,7.25,12,
2010,DAL,16,10,14,0.6862745098039216,51,7.25,12,
2010,DAL,17,10,14,0.6981132075471698,53,8.25,12,
2010,DEN,1,10,17,0.8163265306122449,49,3.75,4,
2010,DEN,2,11,18,0.8163265306122449,49,3.75,4,
2010,DEN,3,11,18,0.8367346938775511,49,3.75,4,
2010,DEN,4,11,18,0.8367346938775511,49,3.75,4,
2010,DEN,5,11,18,0.8367346938775511,49,3.75,4,
2010,DEN,6,11,18,0.851063829787234,47,3.75,4,
2010,DEN,7,11,18,0.8333333333333334,48,3.75,4,
2010,DEN,8,11,18,0.851063829787234,47,3.75,4,
2010,DEN,9,11,18,0.851063829787234,47,3.75,4,
2010,DEN,10,11,18,0.8333333333333334,48,3.75,4,
2010,DEN,11,10,18,0.8333333333333334,48,3.75,4,
2010,DEN,12,10,18,0.8333333333333334,48,3.75,4,
2010,DEN,13,10,18,0.8333333333333334,48,3.75,4,
2010,DEN,14,10,18,0.8163265306122449,49,3.75,4,
2010,DEN,15,10,18,0.8,50,3.75,4,
2010,DEN,16,10,18,0.7735849056603774,53,3.75,4,
2010,DEN,17,10,18,0.7592592592592593,54,3.75,4,
2010,DET,1,8,15,0.85,40,2.0,1,
2010,DET,2,8,15,0.8536585365853658,41,2.75,2,
2010,DET,3,8,15,0.8536585365853658,41,2.75,2,
2010,DET,4,8,15,0.875,40,2.75,2,
2010,DET,5,8,15,0.8780487804878049,41,2.75,2,
2010,DET,6,8,15,0.8333333333333334,42,2.75,2,
2010,DET,7,9,16,0.8571428571428571,42,2.75,2,
2010,DET,8,9,16,0.8571428571428571,42,2.75,2,
2010,DET,9,9,16,0.8571428571428571,42,2.75,2,
2010,DET,10,9,16,0.8604651162790697,43,2.75,2,
2010,DET,11,9,16,0.8636363636363636,44,2.75,2,
2010,DET,12,9,16,0.8636363636363636,44,2.75,2,
2010,DET,13,10,17,0.8666666666666667,45,2.75,2,
2010,DET,14,10,18,0.8163265306122449,49,2.75,2,
2010,DET,15,10,18,0.8235294117647058,51,2.75,2,
2010,DET,16,10,18,0.8076923076923077,52,2.75,2,
2010,DET,17,10,18,0.7924528301886793,53,2.75,2,
2010,GB,1,7,14,0.7560975609756098,41,2.75,6,
2010,GB,2,7,14,0.7441860465116279,43,2.75,6,
2010,GB,3,7,14,0.7441860465116279,43,2.75,6,
2010,GB,4,7,14,0.7441860465116279,43,2.75,6,
2010,GB,5,7,14,0.7441860465116279,43,2.75,6,
2010,GB,6,7,14,0.7272727272727273,44,2.75,6,
2010,GB,7,7,14,0.7272727272727273,44,2.75,6,
2010,GB,8,7,14,0.7291666666666666,48,2.75,6,
2010,GB,9,7,14,0.7142857142857143,49,2.75,6,
2010,GB,10,7,14,0.7346938775510204,49,2.75,6,
2010,GB,11,7,14,0.7346938775510204,49,2.75,6,
2010,GB,12,7,14,0.7346938775510204,49,2.75,6,
2010,GB,13,7,14,0.7058823529411765,51,2.75,6,
2010,GB,14,7,14,0.7058823529411765,51,2.75,6,
2010,GB,15,7,14,0.6923076923076923,52,2.75,6,
2010,GB,16,7,14,0.6923076923076923,52,2.75,6,
2010,GB,17,7,14,0.6792452830188679,53,2.75,6,
2010,GB,18,7,14,0.6792452830188679,53,2.75,6,
2010,GB,19,7,14,0.6792452830188679,53,2.75,6,
2010,GB,20,7,14,0.6792452830188679,53,2.75,6,
2010,GB,21,7,14,0.6792452830188679,53,2.75,6,
2010,HOU,1,5,8,0.8636363636363636,44,1.75,4,
2010,HOU,2,5,8,0.8837209302325582,43,1.75,4,
2010,HOU,3,4,7,0.8809523809523809,42,1.75,4,
2010,HOU,4,4,7,0.8571428571428571,42,1.75,4,
2010,HOU,5,5,8,0.8837209302325582,43,2.75,5,
2010,HOU,6,5,8,0.8837209302325582,43,2.75,5,
2010,HOU,7,5,8,0.9047619047619048,42,2.75,5,
2010,HOU,8,7,10,0.8888888888888888,45,2.75,5,
2010,HOU,9,7,10,0.8695652173913043,46,2.75,5,
2010,HOU,10,8,11,0.8723404255319149,47,2.75,5,
2010,HOU,11,8,11,0.8723404255319149,47,2.75,5,
2010,HOU,12,8,11,0.8723404255319149,47,2.75,5,
2010,HOU,13,8,11,0.8958333333333334,48,2.75,5,
2010,HOU,14,8,11,0.8979591836734694,49,2.75,5,
2010,HOU,15,8,11,0.8846153846153846,52,2.75,5,
2010,HOU,16,8,11,0.8846153846153846,52,2.75,5,
2010,HOU,17,8,11,0.8679245283018868,53,2.75,5,
2010,IND,1,6,9,0.7073170731707317,41,5.5,7,
2010,IND,2,6,9,0.725,40,5.5,7,
2010,IND,3,6,9,0.725,40,5.5,7,
2010,IND,4,6,9,0.75,40,5.5,7,
2010,IND,5,6,9,0.6976744186046512,43,5.5,7,
2010,IND,6,6,9,0.6976744186046512,43,5.5,7,
2010,IND,7,6,9,0.6888888888888889,45,5.5,7,
2010,IND,8,6,9,0.6444444444444445,45,5.5,7,
2010,IND,9,6,9,0.6739130434782609,46,5.5,7,
2010,IND,10,6,9,0.6521739130434783,46,5.5,7,
2010,IND,11,6,9,0.6521739130434783,46,5.5,7,
2010,IND,12,6,9,0.6595744680851063,47,5.5,7,
2010,IND,13,6,9,0.6530612244897959,49,5.5,7,
2010,IND,14,6,9,0.64,50,5.5,7,
2010,IND,15,6,9,0.66,50,5.5,7,
2010,IND,16,6,10,0.6666666666666666,51,5.5,8,
2010,IND,17,6,10,0.6730769230769231,52,5.5,8,
2010,IND,18,6,10,0.660377358490566,53,5.5,8,
2010,JAX,1,4,11,0.7777777777777778,45,3.75,3,
2010,JAX,2,4,11,0.8,45,3.75,3,
2010,JAX,3,4,11,0.782608695652174,46,3.75,3,
2010,JAX,4,4,12,0.7659574468085106,47,3.75,3,
2010,JAX,5,4,12,0.7872340425531915,47,3.75,3,
2010,JAX,6,4,12,0.7916666666666666,48,3.75,3,
2010,JAX,7,5,12,0.7755102040816326,49,3.75,3,
2010,JAX,8,4,11,0.7551020408163265,49,3.75,3,
2010,JAX,9,4,11,0.7755102040816326,49,3.75,3,
2010,JAX,10,4,11,0.7708333333333334,48,3.75,3,
2010,JAX,11,4,11,0.7708333333333334,48,3.75,3,
2010,JAX,12,4,11,0.7708333333333334,48,3.75,3,
2010,JAX,13,4,11,0.7755102040816326,49,3.75,3,
2010,JAX,14,4,11,0.7647058823529411,51,3.75,3,
2010,JAX,15,4,11,0.75,52,3.75,3,
2010,JAX,16,4,11,0.75,52,3.75,3,
2010,JAX,17,4,11,0.7547169811320755,53,3.75,3,
2010,KC,1,9,14,0.673469387755102,49,3.75,6,
2010,KC,2,9,14,0.68,50,3.75,6,
2010,KC,3,9,14,0.68,50,3.75,6,
2010,KC,4,9,14,0.68,50,3.75,6,
2010,KC,5,9,14,0.68,50,3.75,6,
2010,KC,6,9,14,0.68,50,3.75,6,
2010,KC,7,9,14,0.66,50,3.75,6,
2010,KC,8,9,14,0.66,50,3.75,6,
2010,KC,9,9,14,0.66,50,3.75,6,
2010,KC,10,9,14,0.64,50,3.75,6,
2010,KC,11,9,14,0.6470588235294118,51,3.75,6,
2010,KC,12,9,14,0.6470588235294118,51,3.75,6,
2010,KC,13,9,14,0.6538461538461539,52,3.75,6,
2010,KC,14,9,14,0.6415094339622641,53,3.75,6,
2010,KC,15,9,14,0.6415094339622641,53,3.75,6,
2010,KC,16,9,14,0.6415094339622641,53,3.75,6,
2010,KC,17,9,14,0.6415094339622641,53,3.75,6,
2010,KC,18,9,14,0.6481481481481481,54,3.75,6,
2010,MIA,1,6,11,0.7441860465116279,43,3.5,5,
2010,MIA,2,6,11,0.7272727272727273,44,3.5,5,
2010,MIA,3,6,11,0.717391304347826,46,3.5,5,
2010,MIA,4,6,11,0.7333333333333333,45,3.5,5,
2010,MIA,5,6,11,0.717391304347826,46,3.5,5,
2010,MIA,6,6,11,0.717391304347826,46,3.5,5,
2010,MIA,7,5,10,0.717391304347826,46,3.5,5,
2010,MIA,8,5,10,0.7021276595744681,47,3.5,5,
2010,MIA,9,5,10,0.6875,48,3.5,5,
2010,MIA,10,4,9,0.6808510638297872,47,3.5,5,
2010,MIA,11,5,10,0.6875,48,3.5,5,
2010,MIA,12,5,10,0.6666666666666666,48,3.5,5,
2010,MIA,13,4,10,0.6666666666666666,48,3.5,5,
2010,MIA,14,4,10,0.66,50,3.5,5,
2010,MIA,15,4,10,0.6666666666666666,51,3.5,5,
2010,MIA,16,4,10,0.6666666666666666,51,3.5,5,
2010,MIA,17,4,10,0.6415094339622641,53,3.5,5,
2010,MIN,1,8,14,0.7111111111111111,45,8.75,10,
2010,MIN,2,8,14,0.7111111111111111,45,8.75,10,
2010,MIN,3,8,14,0.6888888888888889,45,8.75,10,
2010,MIN,4,8,14,0.6888888888888889,45,8.75,10,
2010,MIN,5,9,15,0.7111111111111111,45,9.75,11,
2010,MIN,6,9,15,0.717391304347826,46,9.75,11,
2010,MIN,7,9,15,0.717391304347826,46,9.75,11,
2010,MIN,8,9,15,0.717391304347826,46,9.75,11,
2010,MIN,9,8,14,0.7111111111111111,45,8.75,10,
2010,MIN,10,8,14,0.7111111111111111,45,8.75,10,
2010,MIN,11,8,15,0.717391304347826,46,9.75,11,
2010,MIN,12,8,15,0.7021276595744681,47,9.75,11,
2010,MIN,13,8,15,0.7021276595744681,47,9.75,11,
2010,MIN,14,8,15,0.7083333333333334,48,9.75,11,
2010,MIN,15,9,16,0.72,50,9.75,11,
2010,MIN,16,9,16,0.7254901960784313,51,9.75,11,
2010,MIN,17,9,16,0.7169811320754716,53,9.75,11,
2010,NE,1,9,17,0.7272727272727273,44,8.75,10,
2010,NE,2,8,16,0.7272727272727273,44,8.75,10,
2010,NE,3,8,16,0.7272727272727273,44,8.75,10,
2010,NE,4,8,16,0.7111111111111111,45,8.75,10,
2010,NE,5,7,15,0.7111111111111111,45,7.75,9,
2010,NE,6,7,16,0.717391304347826,46,7.75,9,
2010,NE,7,7,16,0.717391304347826,46,7.75,9,
2010,NE,8,7,16,0.717391304347826,46,7.75,9,
2010,NE,9,8,17,0.723404255319149,47,8.75,10,
2010,NE,10,8,17,0.6938775510204082,49,9.5,11,
2010,NE,11,8,17,0.68,50,9.5,11,
2010,NE,12,8,17,0.68,50,9.5,11,
2010,NE,13,8,17,0.6862745098039216,51,9.5,11,
2010,NE,14,8,16,0.6862745098039216,51,9.5,11,
2010,NE,15,8,16,0.6538461538461539,52,9.5,11,
2010,NE,16,8,16,0.6730769230769231,52,9.5,11,
2010,NE,17,8,16,0.6730769230769231,52,9.5,11,
2010,NE,18,8,16,0.660377358490566,53,9.5,11,
2010,NE,19,8,17,0.6666666666666666,54,9.5,11,
2010,NO,1,8,13,0.7777777777777778,45,4.5,7,
2010,NO,2,8,13,0.7608695652173914,46,4.5,7,
2010,NO,3,8,13,0.7555555555555555,45,4.5,7,
2010,NO,4,8,13,0.7727272727272727,44,4.5,7,
2010,NO,5,8,13,0.7555555555555555,45,4.5,7,
2010,NO,6,8,14,0.7608695652173914,46,4.5,7,
2010,NO,7,8,15,0.7659574468085106,47,5.5,8,
2010,NO,8,8,15,0.7659574468085106,47,5.5,8,
2010,NO,9,8,15,0.7659574468085106,47,5.5,8,
2010,NO,10,8,15,0.7659574468085106,47,5.5,8,
2010,NO,11,8,15,0.7659574468085106,47,5.5,8,
2010,NO,12,8,15,0.75,48,5.5,8,
2010,NO,13,8,15,0.7346938775510204,49,5.5,8,
2010,NO,14,8,16,0.74,50,5.5,8,
2010,NO,15,8,16,0.74,50,5.5,8,
2010,NO,16,8,16,0.74,50,5.5,8,
2010,NO,17,8,16,0.7450980392156863,51,5.5,8,
2010,NO,18,8,16,0.7358490566037735,53,5.5,8,
2010,NYG,1,8,15,0.8181818181818182,44,6.75,9,
2010,NYG,2,8,15,0.8181818181818182,44,6.75,9,
2010,NYG,3,8,15,0.8181818181818182,44,6.75,9,
2010,NYG,4,8,15,0.8,45,6.75,9,
2010,NYG,5,8,15,0.8,45,6.75,9,
2010,NYG,6,8,15,0.782608695652174,46,7.5,10,
2010,NYG,7,8,15,0.8043478260869565,46,6.75,9,
2010,NYG,8,8,15,0.8043478260869565,46,6.75,9,
2010,NYG,9,8,15,0.8085106382978723,47,6.75,9,
2010,NYG,10,8,15,0.8125,48,6.75,9,
2010,NYG,11,8,15,0.8163265306122449,49,6.75,9,
2010,NYG,12,9,17,0.84,50,6.75,9,
2010,NYG,13,9,17,0.84,50,6.75,9,
2010,NYG,14,9,17,0.84,50,6.75,9,
2010,NYG,15,9,17,0.8269230769230769,52,6.75,9,
2010,NYG,16,9,17,0.8269230769230769,52,6.75,9,
2010,NYG,17,9,17,0.8113207547169812,53,6.75,9,
2010,NYJ,1,13,17,0.6530612244897959,49,9.5,11,
2010,NYJ,2,13,17,0.68,50,9.5,11,
2010,NYJ,3,13,17,0.7,50,9.5,11,
2010,NYJ,4,14,18,0.7,50,10.0,11,
2010,NYJ,5,15,19,0.7,50,10.0,11,
2010,NYJ,6,15,19,0.7,50,10.0,11,
2010,NYJ,7,15,19,0.7142857142857143,49,10.0,11,
2010,NYJ,8,15,19,0.7,50,10.0,11,
2010,NYJ,9,15,19,0.7,50,10.0,11,
2010,NYJ,10,15,19,0.7,50,10.0,11,
2010,NYJ,11,15,19,0.7,50,10.0,11,
2010,NYJ,12,15,19,0.7,50,10.0,11,
2010,NYJ,13,15,19,0.7,50,10.0,11,
2010,NYJ,14,15,19,0.6862745098039216,51,10.0,11,
2010,NYJ,15,15,19,0.6862745098039216,51,10.0,11,
2010,NYJ,16,15,19,0.6862745098039216,51,10.0,11,
2010,NYJ,17,15,19,0.6862745098039216,51,10.0,11,
2010,NYJ,18,15,19,0.6862745098039216,51,10.0,11,
2010,NYJ,19,15,19,0.6923076923076923,52,10.0,11,
2010,NYJ,20,15,19,0.6792452830188679,53,10.0,11,
2010,OAK,1,13,22,0.8571428571428571,49,5.5,5,
2010,OAK,2,13,22,0.86,50,5.5,5,
2010,OAK,3,13,22,0.86,50,5.5,5,
2010,OAK,4,13,22,0.86,50,5.5,5,
2010,OAK,5,13,22,0.8627450980392157,51,5.5,5,
2010,OAK,6,13,22,0.8627450980392157,51,5.5,5,
2010,OAK,7,13,22,0.8627450980392157,51,5.5,5,
2010,OAK,8,13,22,0.8627450980392157,51,5.5,5,
2010,OAK,9,13,22,0.8627450980392157,51,5.5,5,
2010,OAK,10,13,22,0.8627450980392157,51,5.5,5,
2010,OAK,11,13,22,0.8627450980392157,51,5.5,5,
2010,OAK,12,14,23,0.8653846153846154,52,5.5,5,
2010,OAK,13,14,23,0.8679245283018868,53,5.5,5,
2010,OAK,14,14,23,0.8679245283018868,53,5.5,5,
2010,OAK,15,14,23,0.8679245283018868,53,5.5,5,
2010,OAK,16,14,23,0.8679245283018868,53,5.5,5,
2010,OAK,17,14,23,0.8679245283018868,53,5.5,5,
2010,PHI,1,5,11,0.6808510638297872,47,6.0,8,
2010,PHI,2,5,11,0.6938775510204082,49,6.0,8,
2010,PHI,3,5,11,0.6938775510204082,49,6.0,8,
2010,PHI,4,5,11,0.6938775510204082,49,6.0,8,
2010,PHI,5,5,11,0.673469387755102,49,6.0,8,
2010,PHI,6,5,11,0.6938775510204082,49,6.0,8,
2010,PHI,7,5,11,0.6938775510204082,49,6.0,8,
2010,PHI,8,5,11,0.6938775510204082,49,6.0,8,
2010,PHI,9,5,11,0.6938775510204082,49,6.0,8,
2010,PHI,10,5,11,0.6938775510204082,49,6.0,8,
2010,PHI,11,5,11,0.6938775510204082,49,6.0,8,
2010,PHI,12,5,11,0.7,50,6.0,8,
2010,PHI,13,5,11,0.7,50,6.0,8,
2010,PHI,14,5,11,0.7,50,6.0,8,
2010,PHI,15,5,11,0.7,50,6.0,8,
2010,PHI,16,5,11,0.68,50,6.0,8,
2010,PHI,17,5,11,0.660377358490566,53,6.0,8,
2010,PHI,18,5,11,0.660377358490566,53,6.0,8,
2010,PIT,1,8,14,0.8163265306122449,49,6.25,7,
2010,PIT,2,7,13,0.7959183673469388,49,6.25,7,
2010,PIT,3,8,14,0.8163265306122449,49,6.25,7,
2010,PIT,4,8,14,0.8,50,6.25,7,
2010,PIT,5,8,14,0.8163265306122449,49,6.25,7,
2010,PIT,6,9,15,0.82,50,6.25,8,
2010,PIT,7,9,15,0.82,50,6.25,8,
2010,PIT,8,9,15,0.8,50,6.25,8,
2010,PIT,9,9,15,0.8,50,6.25,8,
2010,PIT,10,9,15,0.803921568627451,51,6.25,8,
2010,PIT,11,9,15,0.803921568627451,51,6.25,8,
2010,PIT,12,9,15,0.803921568627451,51,6.25,8,
2010,PIT,13,9,15,0.803921568627451,51,6.25,8,
2010,PIT,14,9,15,0.7884615384615384,52,6.25,8,
2010,PIT,15,9,15,0.7884615384615384,52,6.25,8,
2010,PIT,16,9,15,0.7884615384615384,52,6.25,8,
2010,PIT,17,9,15,0.7884615384615384,52,6.25,8,
2010,PIT,18,9,15,0.7884615384615384,52,6.25,8,
2010,PIT,19,9,15,0.7884615384615384,52,6.25,8,
2010,PIT,20,9,15,0.7884615384615384,52,6.25,8,
2010,PIT,21,9,15,0.7735849056603774,53,6.25,8,
2010,SD,1,7,10,0.7674418604651163,43,4.0,4,
2010,SD,2,7,10,0.7674418604651163,43,4.0,4,
2010,SD,3,7,10,0.7441860465116279,43,4.0,4,
2010,SD,4,7,10,0.7441860465116279,43,4.0,4,
2010,SD,5,7,10,0.7555555555555555,45,4.0,4,
2010,SD,6,7,11,0.7608695652173914,46,4.0,5,
2010,SD,7,7,11,0.7446808510638298,47,5.0,5,
2010,SD,8,7,11,0.7608695652173914,46,5.0,5,
2010,SD,9,7,11,0.75,48,5.0,5,
2010,SD,10,7,11,0.75,48,5.0,5,
2010,SD,11,7,11,0.7346938775510204,49,5.0,5,
2010,SD,12,7,12,0.7346938775510204,49,5.0,6,
2010,SD,13,7,12,0.7346938775510204,49,5.0,6,
2010,SD,14,7,12,0.7346938775510204,49,5.0,6,
2010,SD,15,7,12,0.72,50,5.0,6,
2010,SD,16,7,12,0.72,50,5.0,6,
2010,SD,17,7,12,0.6792452830188679,53,5.0,6,
2010,SEA,1,8,15,0.7674418604651163,43,4.25,4,
2010,SEA,2,8,15,0.7674418604651163,43,4.25,4,
2010,SEA,3,8,15,0.7674418604651163,43,4.25,4,
2010,SEA,4,8,15,0.7777777777777778,45,4.25,4,
2010,SEA,5,9,15,0.7954545454545454,44,4.25,5,
2010,SEA,6,9,14,0.7954545454545454,44,4.25,5,
2010,SEA,7,9,14,0.7906976744186046,43,4.25,5,
2010,SEA,8,9,14,0.7954545454545454,44,4.25,5,
2010,SEA,9,9,14,0.8260869565217391,46,4.25,5,
2010,SEA,10,10,15,0.782608695652174,46,4.25,5,
2010,SEA,11,10,15,0.782608695652174,46,4.25,5,
2010,SEA,12,10,15,0.7708333333333334,48,4.25,5,
2010,SEA,13,10,15,0.7708333333333334,48,4.25,5,
2010,SEA,14,10,15,0.7708333333333334,48,4.25,5,
2010,SEA,15,10,15,0.7755102040816326,49,4.25,5,
2010,SEA,16,10,15,0.7450980392156863,51,4.25,5,
2010,SEA,17,10,15,0.7450980392156863,51,4.25,5,
2010,SEA,18,10,15,0.7169811320754716,53,4.25,5,
2010,SEA,19,10,15,0.7169811320754716,53,4.25,5,
2010,SF,1,13,18,0.8723404255319149,47,6.0,5,
2010,SF,2,13,18,0.8936170212765957,47,6.0,5,
2010,SF,3,13,18,0.8936170212765957,47,6.0,5,
2010,SF,4,13,18,0.8936170212765957,47,6.0,5,
2010,SF,5,13,17,0.8723404255319149,47,5.5,5,
2010,SF,6,13,17,0.8723404255319149,47,5.5,5,
2010,SF,7,13,17,0.8541666666666666,48,5.5,5,
2010,SF,8,13,17,0.8541666666666666,48,5.5,5,
2010,SF,9,13,17,0.8571428571428571,49,5.5,5,
2010,SF,10,13,17,0.8571428571428571,49,5.5,5,
2010,SF,11,13,17,0.8541666666666666,48,5.5,5,
2010,SF,12,13,17,0.8541666666666666,48,5.5,5,
2010,SF,13,13,17,0.8235294117647058,51,5.5,5,
2010,SF,14,13,17,0.8235294117647058,51,5.5,5,
2010,SF,15,13,17,0.8235294117647058,51,5.5,5,
2010,SF,16,13,17,0.7924528301886793,53,5.5,5,
2010,SF,17,13,17,0.7735849056603774,53,5.5,5,
2010,STL,1,4,8,0.717391304347826,46,2.75,1,
2010,STL,2,4,8,0.7391304347826086,46,2.75,1,
2010,STL,3,4,8,0.7391304347826086,46,2.75,1,
2010,STL,4,4,8,0.723404255319149,47,2.75,1,
2010,STL,5,4,8,0.723404255319149,47,2.75,1,
2010,STL,6,4,8,0.7083333333333334,48,2.75,1,
2010,STL,7,4,8,0.6938775510204082,49,2.75,1,
2010,STL,8,4,9,0.7,50,3.25,1,
2010,STL,9,4,9,0.7,50,3.25,1,
2010,STL,10,4,9,0.7,50,3.25,1,
2010,STL,11,4,9,0.7058823529411765,51,3.25,1,
2010,STL,12,4,9,0.7058823529411765,51,3.25,1,
2010,STL,13,4,9,0.7058823529411765,51,3.25,1,
2010,STL,14,4,9,0.6923076923076923,52,3.25,1,
2010,STL,15,4,9,0.6923076923076923,52,3.25,1,
2010,STL,16,4,9,0.6792452830188679,53,3.25,1,
2010,STL,17,4,9,0.6792452830188679,53,3.25,1,
2010,TB,1,3,8,0.6666666666666666,39,0.75,2,
2010,TB,2,3,8,0.6578947368421053,38,0.75,2,
2010,TB,3,3,8,0.6578947368421053,38,0.75,2,
2010,TB,4,3,8,0.6666666666666666,39,0.75,2,
2010,TB,5,3,8,0.6666666666666666,39,0.75,2,
2010,TB,6,3,8,0.65,40,0.75,2,
2010,TB,7,3,8,0.6585365853658537,41,0.75,2,
2010,TB,8,3,8,0.627906976744186,43,0.75,2,
2010,TB,9,3,8,0.6363636363636364,44,0.75,2,
2010,TB,10,3,8,0.6363636363636364,44,0.75,2,
2010,TB,11,3,8,0.6363636363636364,44,0.75,2,
2010,TB,12,3,8,0.6444444444444445,45,0.75,2,
2010,TB,13,3,7,0.6382978723404256,47,0.75,2,
2010,TB,14,3,7,0.625,48,0.75,2,
2010,TB,15,3,7,0.62,50,0.75,2,
2010,TB,16,3,7,0.5961538461538461,52,0.75,2,
2010,TB,17,3,7,0.6037735849056604,53,0.75,2,
2010,TEN,1,5,8,0.8409090909090909,44,6.0,7,
2010,TEN,2,5,8,0.8409090909090909,44,6.0,7,
2010,TEN,3,5,8,0.8409090909090909,44,6.0,7,
2010,TEN,4,5,8,0.8409090909090909,44,6.0,7,
2010,TEN,5,5,8,0.8478260869565217,46,6.0,7,
2010,TEN,6,5,8,0.8478260869565217,46,6.0,7,
2010,TEN,7,5,8,0.8478260869565217,46,6.0,7,
2010,TEN,8,5,8,0.8478260869565217,46,6.0,7,
2010,TEN,9,6,9,0.851063829787234,47,7.0,8,
2010,TEN,10,6,9,0.8297872340425532,47,7.0,8,
2010,TEN,11,6,9,0.8297872340425532,47,7.0,8,
2010,TEN,12,6,9,0.8367346938775511,49,7.0,8,
2010,TEN,13,6,9,0.8367346938775511,49,7.0,8,
2010,TEN,14,6,9,0.8367346938775511,49,7.0,8,
2010,TEN,15,6,9,0.7924528301886793,53,7.0,8,
2010,TEN,16,6,9,0.7924528301886793,53,7.0,8,
2010,TEN,17,6,9,0.7924528301886793,53,7.0,8,
2010,WAS,1,12,16,0.6666666666666666,42,3.25,8,
2010,WAS,2,12,16,0.6666666666666666,42,3.25,8,
2010,WAS,3,12,16,0.6904761904761905,42,3.25,8,
2010,WAS,4,12,16,0.6904761904761905,42,3.25,8,
2010,WAS,5,12,15,0.6666666666666666,42,3.25,8,
2010,WAS,6,12,15,0.6666666666666666,42,3.25,8,
2010,WAS,7,12,15,0.6666666666666666,42,3.25,8,
2010,WAS,8,12,15,0.6666666666666666,42,3.25,8,
2010,WAS,9,12,15,0.6666666666666666,42,3.25,8,
2010,WAS,10,12,15,0.6666666666666666,42,3.25,8,
2010,WAS,11,12,15,0.6666666666666666,42,3.25,8,
2010,WAS,12,12,15,0.6956521739130435,46,3.25,8,
2010,WAS,13,12,15,0.6956521739130435,46,3.25,8,
2010,WAS,14,12,15,0.7021276595744681,47,3.25,8,
2010,WAS,15,12,15,0.673469387755102,49,3.25,8,
2010,WAS,16,12,15,0.6730769230769231,52,3.25,8,
2010,WAS,17,12,15,0.660377358490566,53,3.25,8,
2011,ARI,1,6,12,0.7708333333333334,48,4.25,3,2.0
2011,ARI,2,6,12,0.7708333333333334,48,4.25,3,2.0
2011,ARI,3,6,12,0.7551020408163265,49,4.25,3,2.0
2011,ARI,4,6,12,0.7551020408163265,49,4.25,3,2.0
2011,ARI,5,6,12,0.74,50,5.25,3,2.0
2011,ARI,6,6,12,0.76,50,4.25,3,2.0
2011,ARI,7,6,12,0.76,50,4.25,3,2.0
2011,ARI,8,6,12,0.76,50,4.25,3,2.0
2011,ARI,9,6,12,0.7755102040816326,49,4.25,3,2.0
2011,ARI,10,6,12,0.7755102040816326,49,4.25,3,2.0
2011,ARI,11,6,12,0.7755102040816326,49,4.25,3,2.0
2011,ARI,12,6,12,0.76,50,4.25,3,2.0
2011,ARI,13,6,12,0.76,50,4.25,3,2.0
2011,ARI,14,6,12,0.76,50,4.25,3,2.0
2011,ARI,15,6,12,0.76,50,4.25,3,2.0
2011,ARI,16,6,12,0.7647058823529411,51,4.25,3,2.0
2011,ARI,17,6,12,0.7358490566037735,53,4.25,3,2.0
2011,ATL,1,9,14,0.8297872340425532,47,9.0,8,5.0
2011,ATL,2,9,14,0.8125,48,9.0,8,5.0
2011,ATL,3,9,14,0.8125,48,9.0,8,5.0
2011,ATL,4,9,14,0.8125,48,9.0,8,5.0
2011,ATL,5,9,14,0.8125,48,9.0,8,5.0
2011,ATL,6,9,14,0.8125,48,9.0,8,5.0
2011,ATL,7,9,14,0.8125,48,9.0,8,5.0
2011,ATL,8,9,14,0.8,50,9.0,8,5.0
2011,ATL,9,9,14,0.8,50,9.0,8,5.0
2011,ATL,10,9,14,0.8,50,9.0,8,5.0
2011,ATL,11,9,14,0.8,50,9.0,8,5.0
2011,ATL,12,9,14,0.8,50,9.0,8,5.0
2011,ATL,13,9,14,0.7843137254901961,51,9.0,8,5.0
2011,ATL,14,9,14,0.7843137254901961,51,9.0,8,5.0
2011,ATL,15,9,14,0.7843137254901961,51,9.0,8,5.0
2011,ATL,16,9,14,0.7843137254901961,51,9.0,8,5.0
2011,ATL,17,9,14,0.7547169811320755,53,9.0,8,5.0
2011,ATL,18,9,14,0.7547169811320755,53,9.0,8,5.0
2011,BAL,1,11,20,0.76,50,11.5,12,8.0
2011,BAL,2,11,20,0.7450980392156863,51,11.5,12,8.0
2011,BAL,3,11,20,0.7450980392156863,51,11.5,12,8.0
2011,BAL,4,11,20,0.7450980392156863,51,11.5,12,8.0
2011,BAL,5,11,20,0.7307692307692307,52,11.5,12,8.0
2011,BAL,6,11,20,0.7307692307692307,52,11.5,12,8.0
2011,BAL,7,11,20,0.7450980392156863,51,11.5,12,8.0
2011,BAL,8,11,20,0.7450980392156863,51,11.5,12,8.0
2011,BAL,9,11,20,0.7450980392156863,51,11.5,12,8.0
2011,BAL,10,11,20,0.7450980392156863,51,11.5,12,8.0
2011,BAL,11,11,20,0.7450980392156863,51,11.5,12,8.0
2011,BAL,12,11,20,0.7450980392156863,51,11.5,12,8.0
2011,BAL,13,11,20,0.7450980392156863,51,11.5,12,8.0
2011,BAL,14,11,20,0.7450980392156863,51,11.5,12,8.0
2011,BAL,15,11,20,0.7450980392156863,51,11.5,12,8.0
2011,BAL,16,11,20,0.7450980392156863,51,11.5,12,8.0
2011,BAL,17,11,20,0.7450980392156863,51,11.5,12,8.0
2011,BAL,18,11,20,0.7307692307692307,52,11.5,12,8.0
2011,BAL,19,11,20,0.7169811320754716,53,11.5,12,8.0
2011,BAL,20,11,20,0.7169811320754716,53,11.5,12,8.0
2011,BUF,1,4,11,0.7948717948717948,39,5.5,2,0.0
2011,BUF,2,4,11,0.7804878048780488,41,5.5,2,0.0
2011,BUF,3,4,11,0.7619047619047619,42,5.5,2,0.0
2011,BUF,4,4,11,0.7619047619047619,42,5.5,2,0.0
2011,BUF,5,4,11,0.7619047619047619,42,5.5,2,0.0
2011,BUF,6,4,11,0.7619047619047619,42,5.5,2,0.0
2011,BUF,7,4,11,0.7619047619047619,42,5.5,2,0.0
2011,BUF,8,4,11,0.7619047619047619,42,5.5,2,0.0
2011,BUF,9,4,11,0.7619047619047619,42,5.5,2,0.0
2011,BUF,10,4,11,0.7619047619047619,42,5.5,2,0.0
2011,BUF,11,4,11,0.75,44,5.5,2,0.0
2011,BUF,12,4,11,0.7446808510638298,47,5.5,2,0.0
2011,BUF,13,4,11,0.75,48,5.5,2,0.0
2011,BUF,14,4,11,0.7551020408163265,49,5.5,2,0.0
2011,BUF,15,4,11,0.76,50,5.5,2,0.0
2011,BUF,16,4,11,0.7450980392156863,51,5.5,2,0.0
2011,BUF,17,4,11,0.7547169811320755,53,5.5,2,0.0
2011,CAR,1,7,11,0.813953488372093,43,5.5,6,1.0
2011,CAR,2,7,11,0.813953488372093,43,5.5,6,1.0
2011,CAR,3,7,11,0.8181818181818182,44,5.5,6,1.0
2011,CAR,4,7,11,0.8181818181818182,44,5.5,6,1.0
2011,CAR,5,7,11,0.7954545454545454,44,5.5,6,1.0
2011,CAR,6,7,11,0.7954545454545454,44,5.5,6,1.0
2011,CAR,7,7,11,0.7954545454545454,44,5.5,6,1.0
2011,CAR,8,7,11,0.7954545454545454,44,5.5,6,1.0
2011,CAR,9,7,11,0.7954545454545454,44,5.5,6,1.0
2011,CAR,10,7,11,0.782608695652174,46,5.5,6,1.0
2011,CAR,11,7,11,0.7446808510638298,47,5.5,6,1.0
2011,CAR,12,7,11,0.723404255319149,47,5.5,6,1.0
2011,CAR,13,7,11,0.723404255319149,47,5.5,6,1.0
2011,CAR,14,7,11,0.7142857142857143,49,5.5,6,1.0
2011,CAR,15,7,11,0.6862745098039216,51,5.5,6,1.0
2011,CAR,16,7,11,0.6923076923076923,52,5.5,6,1.0
2011,CAR,17,7,11,0.6981132075471698,53,5.5,6,1.0
2011,CHI,1,6,11,0.7272727272727273,44,6.75,8,4.0
2011,CHI,2,6,11,0.7272727272727273,44,6.75,8,4.0
2011,CHI,3,6,11,0.7272727272727273,44,6.75,8,4.0
2011,CHI,4,6,11,0.7272727272727273,44,6.75,8,4.0
2011,CHI,5,6,11,0.7272727272727273,44,6.75,8,4.0
2011,CHI,6,6,11,0.7441860465116279,43,6.75,8,4.0
2011,CHI,7,6,11,0.7441860465116279,43,6.75,8,4.0
2011,CHI,8,6,11,0.7441860465116279,43,5.75,8,4.0
2011,CHI,9,6,11,0.7441860465116279,43,5.75,8,4.0
2011,CHI,10,6,11,0.7272727272727273,44,5.75,8,4.0
2011,CHI,11,6,11,0.6808510638297872,47,5.75,8,4.0
2011,CHI,12,6,11,0.7083333333333334,48,5.75,8,4.0
2011,CHI,13,6,11,0.7083333333333334,48,5.75,8,4.0
2011,CHI,14,6,11,0.7083333333333334,48,5.75,8,4.0
2011,CHI,15,6,11,0.7083333333333334,48,5.75,8,4.0
2011,CHI,16,6,11,0.6862745098039216,51,5.75,8,4.0
2011,CHI,17,6,11,0.6792452830188679,53,5.75,8,4.0
2011,CIN,1,8,17,0.8333333333333334,48,1.0,0,0.0
2011,CIN,2,8,17,0.8367346938775511,49,1.0,0,0.0
2011,CIN,3,8,17,0.82,50,1.0,0,0.0
2011,CIN,4,8,17,0.82,50,1.0,0,0.0
2011,CIN,5,8,17,0.8163265306122449,49,1.0,0,0.0
2011,CIN,6,8,17,0.8163265306122449,49,1.0,0,0.0
2011,CIN,7,7,16,0.8125,48,1.0,0,0.0
2011,CIN,8,8,17,0.8163265306122449,49,1.75,0,0.0
2011,CIN,9,9,18,0.8163265306122449,49,1.75,0,0.0
2011,CIN,10,9,18,0.8163265306122449,49,1.75,0,0.0
2011,CIN,11,9,18,0.82,50,1.75,0,0.0
2011,CIN,12,9,18,0.82,50,1.75,0,0.0
2011,CIN,13,9,18,0.82,50,1.75,0,0.0
2011,CIN,14,9,18,0.8235294117647058,51,1.75,0,0.0
2011,CIN,15,9,18,0.8269230769230769,52,1.75,0,0.0
2011,CIN,16,9,18,0.8269230769230769,52,1.75,0,0.0
2011,CIN,17,9,18,0.8113207547169812,53,1.75,0,0.0
2011,CIN,18,9,18,0.8113207547169812,53,1.75,0,0.0
2011,CLE,1,4,10,0.6666666666666666,42,2.75,3,1.0
2011,CLE,2,4,10,0.6744186046511628,43,3.25,3,1.0
2011,CLE,3,4,10,0.6744186046511628,43,3.25,3,1.0
2011,CLE,4,4,10,0.6744186046511628,43,3.25,3,1.0
2011,CLE,5,4,10,0.6744186046511628,43,3.25,3,1.0
2011,CLE,6,4,10,0.6590909090909091,44,3.25,3,1.0
2011,CLE,7,4,10,0.6666666666666666,45,3.25,3,1.0
2011,CLE,8,4,10,0.6666666666666666,45,3.25,3,1.0
2011,CLE,9,4,10,0.6666666666666666,45,3.25,3,1.0
2011,CLE,10,4,10,0.6666666666666666,45,3.25,3,1.0
2011,CLE,11,4,10,0.6666666666666666,45,3.25,3,1.0
2011,CLE,12,4,10,0.6521739130434783,46,3.25,3,1.0
2011,CLE,13,4,10,0.6122448979591837,49,3.25,3,1.0
2011,CLE,14,4,10,0.6122448979591837,49,3.25,3,1.0
2011,CLE,15,4,10,0.62,50,3.25,3,1.0
2011,CLE,16,4,10,0.6037735849056604,53,3.25,3,1.0
2011,CLE,17,4,10,0.6037735849056604,53,3.25,3,1.0
2011,DAL,1,9,11,0.7111111111111111,45,4.5,7,5.0
2011,DAL,2,9,11,0.717391304347826,46,4.5,7,5.0
2011,DAL,3,9,11,0.7391304347826086,46,4.5,7,5.0
2011,DAL,4,9,11,0.7391304347826086,46,4.5,7,5.0
2011,DAL,5,9,11,0.7391304347826086,46,4.5,7,5.0
2011,DAL,6,9,11,0.7391304347826086,46,4.5,7,5.0
2011,DAL,7,9,11,0.7333333333333333,45,4.5,7,5.0
2011,DAL,8,9,12,0.7333333333333333,45,4.5,7,5.0
2011,DAL,9,9,12,0.717391304347826,46,4.5,7,5.0
2011,DAL,10,9,12,0.723404255319149,47,4.5,7,5.0
2011,DAL,11,9,12,0.7391304347826086,46,4.5,7,5.0
2011,DAL,12,9,12,0.7391304347826086,46,4.5,7,5.0
2011,DAL,13,9,12,0.7391304347826086,46,4.5,7,5.0
2011,DAL,14,9,12,0.723404255319149,47,4.5,7,5.0
2011,DAL,15,9,12,0.72,50,4.5,7,5.0
2011,DAL,16,9,12,0.7254901960784313,51,4.5,7,5.0
2011,DAL,17,9,12,0.7169811320754716,53,4.5,7,5.0
2011,DEN,1,11,16,0.7659574468085106,47,5.0,6,2.0
2011,DEN,2,11,16,0.75,48,5.0,6,2.0
2011,DEN,3,11,16,0.75,48,5.0,6,2.0
2011,DEN,4,11,16,0.75,48,5.0,6,2.0
2011,DEN,5,11,16,0.75,48,5.0,6,2.0
2011,DEN,6,11,16,0.7551020408163265,49,5.0,6,2.0
2011,DEN,7,11,16,0.7346938775510204,49,4.0,5,1.0
2011,DEN,8,11,16,0.7346938775510204,49,4.0,5,1.0
2011,DEN,9,11,16,0.7346938775510204,49,4.0,5,1.0
2011,DEN,10,11,16,0.7346938775510204,49,4.0,5,1.0
2011,DEN,11,11,16,0.72,50,4.0,5,1.0
2011,DEN,12,11,16,0.7142857142857143,49,4.0,5,1.0
2011,DEN,13,11,16,0.72,50,4.0,5,1.0
2011,DEN,14,11,16,0.72,50,4.0,5,1.0
2011,DEN,15,11,16,0.7,50,4.0,5,1.0
2011,DEN,16,11,16,0.7,50,4.0,5,1.0
2011,DEN,17,11,16,0.7142857142857143,49,4.0,5,1.0
2011,DEN,18,11,16,0.7058823529411765,51,4.0,5,1.0
2011,DEN,19,11,16,0.6792452830188679,53,4.0,6,1.0
2011,DET,1,9,21,0.8260869565217391,46,3.75,3,2.0
2011,DET,2,9,21,0.8260869565217391,46,3.75,3,2.0
2011,DET,3,9,21,0.8260869565217391,46,3.75,3,2.0
2011,DET,4,9,21,0.8085106382978723,47,3.75,3,2.0
2011,DET,5,9,21,0.8085106382978723,47,3.75,3,2.0
2011,DET,6,9,21,0.8085106382978723,47,3.75,3,2.0
2011,DET,7,9,21,0.8085106382978723,47,3.75,3,2.0
2011,DET,8,9,21,0.8163265306122449,49,4.75,3,2.0
2011,DET,9,9,21,0.8163265306122449,49,4.75,3,2.0
2011,DET,10,10,22,0.84,50,5.5,4,2.0
2011,DET,11,10,22,0.8235294117647058,51,6.5,4,2.0
2011,DET,12,10,22,0.8235294117647058,51,6.5,4,2.0
2011,DET,13,9,21,0.803921568627451,51,5.5,3,1.0
2011,DET,14,9,21,0.803921568627451,51,5.5,3,1.0
2011,DET,15,10,22,0.803921568627451,51,6.5,4,2.0
2011,DET,16,10,22,0.8076923076923077,52,6.5,4,2.0
2011,DET,17,10,22,0.7924528301886793,53,6.5,4,2.0
2011,DET,18,10,22,0.7924528301886793,53,6.5,4,2.0
2011,GB,1,7,13,0.7142857142857143,49,7.75,7,5.0
2011,GB,2,7,13,0.7142857142857143,49,7.75,7,5.0
2011,GB,3,7,13,0.7142857142857143,49,7.75,7,5.0
2011,GB,4,7,13,0.7142857142857143,49,7.75,7,5.0
2011,GB,5,7,13,0.7142857142857143,49,7.75,7,5.0
2011,GB,6,7,13,0.7,50,7.75,7,5.0
2011,GB,7,7,13,0.7,50,7.75,7,5.0
2011,GB,8,7,13,0.7,50,7.75,7,5.0
2011,GB,9,7,13,0.6862745098039216,51,7.75,7,5.0
2011,GB,10,7,13,0.6862745098039216,51,7.75,7,5.0
2011,GB,11,7,13,0.6862745098039216,51,7.75,7,5.0
2011,GB,12,7,13,0.6862745098039216,51,7.75,7,5.0
2011,GB,13,7,13,0.6862745098039216,51,7.75,7,5.0
2011,GB,14,7,13,0.6730769230769231,52,7.75,7,5.0
2011,GB,15,7,13,0.6730769230769231,52,7.75,7,5.0
2011,GB,16,7,13,0.6792452830188679,53,7.75,7,5.0
2011,GB,17,7,13,0.6792452830188679,53,7.75,7,5.0
2011,GB,18,7,13,0.6792452830188679,53,7.75,7,5.0
2011,GB,19,7,13,0.6792452830188679,53,7.75,7,5.0
2011,HOU,1,8,15,0.8444444444444444,45,6.25,5,1.0
2011,HOU,2,8,15,0.8478260869565217,46,6.25,5,1.0
2011,HOU,3,8,15,0.851063829787234,47,6.25,5,1.0
2011,HOU,4,8,15,0.851063829787234,47,6.25,5,1.0
2011,HOU,5,8,15,0.851063829787234,47,6.25,5,1.0
2011,HOU,6,8,15,0.8260869565217391,46,6.25,5,1.0
2011,HOU,7,8,15,0.8297872340425532,47,6.25,5,1.0
2011,HOU,8,8,15,0.8333333333333334,48,6.25,5,1.0
2011,HOU,9,8,15,0.8163265306122449,49,6.25,5,1.0
2011,HOU,10,8,15,0.8163265306122449,49,6.25,5,1.0
2011,HOU,11,8,15,0.8163265306122449,49,6.25,5,1.0
2011,HOU,12,8,16,0.82,50,6.25,5,1.0
2011,HOU,13,8,16,0.803921568627451,51,6.25,5,1.0
2011,HOU,14,8,15,0.7692307692307693,52,6.25,6,1.0
2011,HOU,15,8,15,0.7547169811320755,53,6.25,6,1.0
2011,HOU,16,8,15,0.7547169811320755,53,6.25,6,1.0
2011,HOU,17,8,15,0.7547169811320755,53,6.25,6,1.0
2011,HOU,18,8,15,0.7547169811320755,53,6.25,6,1.0
2011,HOU,19,8,15,0.7547169811320755,53,6.25,6,1.0
2011,IND,1,12,15,0.75,40,6.5,8,6.0
2011,IND,2,12,15,0.7692307692307693,39,6.5,8,6.0
2011,IND,3,12,15,0.7692307692307693,39,6.5,8,6.0
2011,IND,4,12,15,0.7804878048780488,41,6.5,8,6.0
2011,IND,5,12,15,0.7857142857142857,42,6.5,8,6.0
2011,IND,6,12,15,0.7857142857142857,42,6.5,8,6.0
2011,IND,7,12,15,0.7857142857142857,42,6.5,8,6.0
2011,IND,8,12,15,0.7906976744186046,43,6.5,8,6.0
2011,IND,9,12,15,0.7906976744186046,43,6.5,8,6.0
2011,IND,10,12,15,0.782608695652174,46,6.5,8,6.0
2011,IND,11,12,15,0.7608695652173914,46,6.5,8,6.0
2011,IND,12,12,15,0.7608695652173914,46,6.5,8,6.0
2011,IND,13,12,15,0.7551020408163265,49,6.5,8,6.0
2011,IND,14,12,15,0.75,52,6.5,8,6.0
2011,IND,15,12,15,0.75,52,6.5,8,6.0
2011,IND,16,12,15,0.75,52,6.5,8,6.0
2011,IND,17,12,15,0.7358490566037735,53,6.5,8,6.0
2011,JAX,1,4,9,0.6756756756756757,37,6.0,4,1.0
2011,JAX,2,4,9,0.6756756756756757,37,6.0,4,1.0
2011,JAX,3,4,9,0.6578947368421053,38,6.0,4,1.0
2011,JAX,4,4,9,0.6578947368421053,38,6.0,4,1.0
2011,JAX,5,4,9,0.6578947368421053,38,6.0,4,1.0
2011,JAX,6,4,9,0.6842105263157895,38,6.0,4,1.0
2011,JAX,7,4,9,0.6842105263157895,38,6.0,4,1.0
2011,JAX,8,4,9,0.6842105263157895,38,6.0,4,1.0
2011,JAX,9,4,9,0.6842105263157895,38,6.0,4,1.0
2011,JAX,10,4,9,0.6842105263157895,38,6.0,4,1.0
2011,JAX,11,4,9,0.7,40,6.0,4,1.0
2011,JAX,12,4,9,0.7142857142857143,42,6.0,4,1.0
2011,JAX,13,4,9,0.6956521739130435,46,6.0,4,1.0
2011,JAX,14,4,9,0.6875,48,6.0,4,1.0
2011,JAX,15,4,9,0.6875,48,6.0,4,1.0
2011,JAX,16,4,9,0.6938775510204082,49,6.0,4,1.0
2011,JAX,17,4,9,0.6792452830188679,53,6.0,4,1.0
2011,KC,1,9,15,0.7755102040816326,49,7.0,5,2.0
2011,KC,2,10,16,0.76,50,7.0,5,2.0
2011,KC,3,10,16,0.7450980392156863,51,7.0,5,2.0
2011,KC,4,9,15,0.7450980392156863,51,7.0,5,2.0
2011,KC,5,9,15,0.7450980392156863,51,7.0,5,2.0
2011,KC,6,9,15,0.7450980392156863,51,7.0,5,2.0
2011,KC,7,9,15,0.7450980392156863,51,7.0,5,2.0
2011,KC,8,10,16,0.7647058823529411,51,7.0,5,2.0
2011,KC,9,10,16,0.7647058823529411,51,7.0,5,2.0
2011,KC,10,10,16,0.7647058823529411,51,7.0,5,2.0
2011,KC,11,10,16,0.75,52,7.0,5,2.0
2011,KC,12,10,16,0.7547169811320755,53,7.0,5,2.0
2011,KC,13,10,16,0.7358490566037735,53,7.0,5,2.0
2011,KC,14,10,16,0.7358490566037735,53,7.0,5,2.0
2011,KC,15,10,16,0.7358490566037735,53,7.0,5,2.0
2011,KC,16,10,16,0.7358490566037735,53,7.0,5,2.0
2011,KC,17,10,16,0.7222222222222222,54,7.0,5,2.0
2011,MIA,1,6,14,0.7659574468085106,47,3.75,7,2.0
2011,MIA,2,7,15,0.7872340425531915,47,3.75,7,2.0
2011,MIA,3,7,15,0.7872340425531915,47,3.75,7,2.0
2011,MIA,4,7,15,0.8085106382978723,47,3.75,7,2.0
2011,MIA,5,7,15,0.7916666666666666,48,3.75,7,2.0
2011,MIA,6,7,15,0.7916666666666666,48,3.75,7,2.0
2011,MIA,7,7,16,0.7959183673469388,49,3.75,7,2.0
2011,MIA,8,8,17,0.7959183673469388,49,3.75,7,2.0
2011,MIA,9,8,16,0.7755102040816326,49,3.75,7,2.0
2011,MIA,10,8,16,0.7755102040816326,49,3.75,7,2.0
2011,MIA,11,8,16,0.7755102040816326,49,3.75,7,2.0
2011,MIA,12,8,16,0.7755102040816326,49,3.75,7,2.0
2011,MIA,13,8,16,0.7450980392156863,51,3.75,7,2.0
2011,MIA,14,8,16,0.7450980392156863,51,3.75,7,2.0
2011,MIA,15,8,16,0.7450980392156863,51,3.75,7,2.0
2011,MIA,16,8,16,0.7307692307692307,52,3.75,7,2.0
2011,MIA,17,8,16,0.7169811320754716,53,3.75,7,2.0
2011,MIN,1,3,10,0.7560975609756098,41,2.0,2,1.0
2011,MIN,2,3,10,0.7619047619047619,42,2.0,2,1.0
2011,MIN,3,4,11,0.7674418604651163,43,3.0,3,1.0
2011,MIN,4,4,11,0.7674418604651163,43,3.0,3,1.0
2011,MIN,5,4,11,0.7727272727272727,44,3.0,3,1.0
2011,MIN,6,4,11,0.7727272727272727,44,3.0,3,1.0
2011,MIN,7,4,11,0.7727272727272727,44,3.0,3,1.0
2011,MIN,8,4,11,0.7727272727272727,44,3.0,3,1.0
2011,MIN,9,4,11,0.7727272727272727,44,3.0,3,1.0
2011,MIN,10,4,11,0.7727272727272727,44,3.0,3,1.0
2011,MIN,11,4,11,0.7555555555555555,45,3.0,3,1.0
2011,MIN,12,4,11,0.7555555555555555,45,3.0,3,1.0
2011,MIN,13,4,11,0.7346938775510204,49,3.0,3,1.0
2011,MIN,14,4,11,0.7346938775510204,49,3.0,3,1.0
2011,MIN,15,4,11,0.72,50,3.0,3,1.0
2011,MIN,16,4,11,0.72,50,3.0,3,1.0
2011,MIN,17,4,11,0.7169811320754716,53,3.0,3,1.0
2011,NE,1,7,15,0.6666666666666666,45,11.5,12,6.0
2011,NE,2,7,15,0.6666666666666666,45,11.5,12,6.0
2011,NE,3,7,15,0.6590909090909091,44,11.5,12,6.0
2011,NE,4,8,16,0.6739130434782609,46,11.5,12,6.0
2011,NE,5,8,16,0.6666666666666666,45,11.5,12,6.0
2011,NE,6,8,16,0.6521739130434783,46,11.5,12,6.0
2011,NE,7,8,16,0.6739130434782609,46,11.5,12,6.0
2011,NE,8,8,17,0.6875,48,11.5,12,6.0
2011,NE,9,8,18,0.6938775510204082,49,11.5,12,6.0
2011,NE,10,7,17,0.673469387755102,49,10.5,11,6.0
2011,NE,11,7,17,0.673469387755102,49,10.5,11,6.0
2011,NE,12,7,17,0.68,50,10.5,11,6.0
2011,NE,13,7,17,0.66,50,10.5,11,6.0
2011,NE,14,7,17,0.68,50,10.5,11,6.0
2011,NE,15,7,17,0.673469387755102,49,10.5,11,6.0
2011,NE,16,7,17,0.6470588235294118,51,10.5,11,6.0
2011,NE,17,7,17,0.6538461538461539,52,11.5,11,6.0
2011,NE,18,7,17,0.6538461538461539,52,11.5,11,6.0
2011,NE,19,7,17,0.6538461538461539,52,11.5,11,6.0
2011,NE,20,7,17,0.6538461538461539,52,11.5,11,6.0
2011,NE,21,7,17,0.6415094339622641,53,11.5,11,6.0
2011,NO,1,6,12,0.6521739130434783,46,4.5,6,5.0
2011,NO,2,6,12,0.6521739130434783,46,4.5,6,5.0
2011,NO,3,7,13,0.6739130434782609,46,4.5,7,5.0
2011,NO,4,7,13,0.6666666666666666,48,4.5,7,5.0
2011,NO,5,7,13,0.6666666666666666,48,4.5,7,5.0
2011,NO,6,7,13,0.6666666666666666,48,4.5,7,5.0
2011,NO,7,7,13,0.6666666666666666,48,4.5,7,5.0
2011,NO,8,7,13,0.6530612244897959,49,4.5,7,5.0
2011,NO,9,7,13,0.6530612244897959,49,4.5,7,5.0
2011,NO,10,7,13,0.6530612244897959,49,4.5,7,5.0
2011,NO,11,7,13,0.64,50,4.5,7,5.0
2011,NO,12,7,13,0.6274509803921569,51,4.5,7,5.0
2011,NO,13,7,13,0.6274509803921569,51,4.5,7,5.0
2011,NO,14,7,13,0.6274509803921569,51,4.5,7,5.0
2011,NO,15,7,13,0.6274509803921569,51,4.5,7,5.0
2011,NO,16,7,13,0.6274509803921569,51,4.5,7,5.0
2011,NO,17,7,13,0.6274509803921569,51,4.5,7,5.0
2011,NO,18,7,13,0.6415094339622641,53,4.5,7,5.0
2011,NO,19,7,13,0.6415094339622641,53,4.5,7,5.0
2011,NYG,1,10,17,0.8125,48,6.0,7,3.0
2011,NYG,2,10,17,0.8297872340425532,47,6.0,7,3.0
2011,NYG,3,10,17,0.8297872340425532,47,6.0,7,3.0
2011,NYG,4,10,17,0.8297872340425532,47,6.0,7,3.0
2011,NYG,5,10,17,0.8125,48,6.0,7,3.0
2011,NYG,6,9,16,0.8085106382978723,47,6.0,7,3.0
2011,NYG,7,9,16,0.8085106382978723,47,6.0,7,3.0
2011,NYG,8,9,16,0.8085106382978723,47,6.0,7,3.0
2011,NYG,9,9,16,0.8125,48,6.0,7,3.0
2011,NYG,10,9,16,0.8125,48,6.0,7,3.0
2011,NYG,11,9,16,0.8125,48,6.0,7,3.0
2011,NYG,12,10,17,0.803921568627451,51,6.0,7,3.0
2011,NYG,13,10,17,0.7884615384615384,52,6.0,7,3.0
2011,NYG,14,10,18,0.7924528301886793,53,6.0,7,3.0
2011,NYG,15,10,18,0.7924528301886793,53,6.0,7,3.0
2011,NYG,16,10,18,0.7924528301886793,53,6.0,7,3.0
2011,NYG,17,10,18,0.7924528301886793,53,6.0,7,3.0
2011,NYG,18,10,18,0.7924528301886793,53,6.0,7,3.0
2011,NYG,19,10,18,0.7924528301886793,53,6.0,7,3.0
2011,NYG,20,10,18,0.7924528301886793,53,6.0,7,3.0
2011,NYG,21,10,18,0.7924528301886793,53,6.0,7,3.0
2011,NYJ,1,12,15,0.6382978723404256,47,6.0,7,4.0
2011,NYJ,2,12,15,0.6595744680851063,47,6.0,7,4.0
2011,NYJ,3,12,15,0.6595744680851063,47,6.0,7,4.0
2011,NYJ,4,13,16,0.6530612244897959,49,6.0,7,4.0
2011,NYJ,5,13,16,0.6530612244897959,49,6.0,7,4.0
2011,NYJ,6,13,16,0.6470588235294118,51,6.0,7,4.0
2011,NYJ,7,13,16,0.6470588235294118,51,6.0,7,4.0
2011,NYJ,8,13,16,0.66,50,6.0,7,4.0
2011,NYJ,9,13,16,0.66,50,6.0,7,4.0
2011,NYJ,10,13,16,0.66,50,6.0,7,4.0
2011,NYJ,11,13,16,0.66,50,6.0,7,4.0
2011,NYJ,12,13,16,0.6470588235294118,51,6.0,7,4.0
2011,NYJ,13,13,16,0.6470588235294118,51,6.0,7,4.0
2011,NYJ,14,13,16,0.6470588235294118,51,6.0,7,4.0
2011,NYJ,15,13,17,0.6538461538461539,52,6.0,7,4.0
2011,NYJ,16,13,17,0.6538461538461539,52,6.0,7,4.0
2011,NYJ,17,13,17,0.660377358490566,53,6.0,7,4.0
2011,OAK,1,11,18,0.851063829787234,47,4.5,4,2.0
2011,OAK,2,11,18,0.851063829787234,47,4.5,4,2.0
2011,OAK,3,11,18,0.851063829787234,47,4.5,4,2.0
2011,OAK,4,11,18,0.8695652173913043,46,4.5,4,2.0
2011,OAK,5,11,18,0.851063829787234,47,4.5,4,2.0
2011,OAK,6,12,19,0.8541666666666666,48,4.5,4,2.0
2011,OAK,7,13,20,0.8775510204081632,49,4.5,5,2.0
2011,OAK,8,13,20,0.8775510204081632,49,4.5,5,2.0
2011,OAK,9,14,21,0.88,50,5.25,7,2.0
2011,OAK,10,14,21,0.8627450980392157,51,5.25,7,2.0
2011,OAK,11,14,21,0.8461538461538461,52,5.25,7,2.0
2011,OAK,12,14,21,0.8461538461538461,52,5.25,7,2.0
2011,OAK,13,14,21,0.8461538461538461,52,5.25,7,2.0
2011,OAK,14,14,21,0.8461538461538461,52,5.25,7,2.0
2011,OAK,15,14,21,0.8301886792452831,53,5.25,7,2.0
2011,OAK,16,14,21,0.8301886792452831,53,5.25,7,2.0
2011,OAK,17,14,21,0.8301886792452831,53,5.25,7,2.0
2011,PHI,1,9,16,0.8085106382978723,47,7.0,11,6.0
2011,PHI,2,9,16,0.8085106382978723,47,7.0,11,6.0
2011,PHI,3,9,16,0.8085106382978723,47,7.0,11,6.0
2011,PHI,4,9,16,0.8085106382978723,47,7.0,11,6.0
2011,PHI,5,9,16,0.8125,48,7.0,11,6.0
2011,PHI,6,9,16,0.8125,48,7.0,11,6.0
2011,PHI,7,9,16,0.8125,48,7.0,11,6.0
2011,PHI,8,9,16,0.8125,48,7.0,11,6.0
2011,PHI,9,10,17,0.8163265306122449,49,7.0,11,6.0
2011,PHI,10,10,17,0.8163265306122449,49,7.0,11,6.0
2011,PHI,11,10,17,0.7959183673469388,49,7.0,11,6.0
2011,PHI,12,10,17,0.7959183673469388,49,7.0,11,6.0
2011,PHI,13,10,17,0.8,50,7.0,11,6.0
2011,PHI,14,10,17,0.7843137254901961,51,7.0,11,6.0
2011,PHI,15,10,17,0.7692307692307693,52,7.0,11,6.0
2011,PHI,16,10,17,0.7692307692307693,52,7.0,11,6.0
2011,PHI,17,10,17,0.7735849056603774,53,7.0,11,6.0
2011,PIT,1,9,14,0.7954545454545454,44,6.5,9,4.0
2011,PIT,2,9,14,0.8,45,6.5,9,4.0
2011,PIT,3,9,14,0.8,45,6.5,9,4.0
2011,PIT,4,9,14,0.8,45,6.5,9,4.0
2011,PIT,5,9,14,0.8043478260869565,46,6.5,9,4.0
2011,PIT,6,9,14,0.8043478260869565,46,6.5,9,4.0
2011,PIT,7,9,14,0.8043478260869565,46,6.5,9,4.0
2011,PIT,8,9,14,0.7872340425531915,47,6.5,9,4.0
2011,PIT,9,9,14,0.7708333333333334,48,6.5,9,4.0
2011,PIT,10,9,14,0.7916666666666666,48,6.5,9,4.0
2011,PIT,11,9,14,0.7916666666666666,48,6.5,9,4.0
2011,PIT,12,9,14,0.7916666666666666,48,6.5,9,4.0
2011,PIT,13,9,14,0.7916666666666666,48,6.5,9,4.0
2011,PIT,14,9,14,0.76,50,6.5,9,4.0
2011,PIT,15,9,14,0.7755102040816326,49,5.5,8,3.0
2011,PIT,16,9,14,0.7450980392156863,51,6.5,9,4.0
2011,PIT,17,9,14,0.7450980392156863,51,6.5,9,4.0
2011,PIT,18,9,14,0.7169811320754716,53,6.5,9,4.0
2011,SD,1,6,10,0.7209302325581395,43,6.5,5,3.0
2011,SD,2,6,10,0.6888888888888889,45,6.5,5,3.0
2011,SD,3,6,10,0.6956521739130435,46,6.5,5,3.0
2011,SD,4,7,11,0.7021276595744681,47,7.25,6,3.0
2011,SD,5,7,11,0.7021276595744681,47,7.25,6,3.0
2011,SD,6,7,11,0.7021276595744681,47,7.25,6,3.0
2011,SD,7,7,11,0.6808510638297872,47,7.25,6,3.0
2011,SD,8,7,11,0.7021276595744681,47,7.25,6,3.0
2011,SD,9,7,12,0.7083333333333334,48,7.25,6,3.0
2011,SD,10,7,12,0.7083333333333334,48,7.25,6,3.0
2011,SD,11,7,12,0.7291666666666666,48,7.25,6,3.0
2011,SD,12,7,12,0.7142857142857143,49,7.25,6,3.0
2011,SD,13,7,12,0.72,50,7.25,6,3.0
2011,SD,14,7,12,0.7254901960784313,51,7.25,6,3.0
2011,SD,15,7,12,0.7254901960784313,51,7.25,6,3.0
2011,SD,16,7,12,0.7115384615384616,52,7.25,6,3.0
2011,SD,17,7,12,0.7115384615384616,52,7.25,6,3.0
2011,SEA,1,4,9,0.6904761904761905,42,1.0,3,0.0
2011,SEA,2,4,9,0.7045454545454546,44,1.0,3,0.0
2011,SEA,3,4,9,0.7045454545454546,44,1.0,3,0.0
2011,SEA,4,4,9,0.7045454545454546,44,1.0,3,0.0
2011,SEA,5,4,9,0.6976744186046512,43,1.0,3,0.0
2011,SEA,6,3,8,0.6904761904761905,42,1.0,3,0.0
2011,SEA,7,3,8,0.6666666666666666,45,2.0,4,0.0
2011,SEA,8,3,8,0.6666666666666666,45,2.0,4,0.0
2011,SEA,9,3,8,0.6666666666666666,45,2.0,4,0.0
2011,SEA,10,3,8,0.6739130434782609,46,2.0,4,0.0
2011,SEA,11,3,8,0.6808510638297872,47,2.0,4,0.0
2011,SEA,12,3,8,0.6875,48,2.0,4,0.0
2011,SEA,13,3,8,0.66,50,2.0,4,0.0
2011,SEA,14,3,8,0.6666666666666666,51,2.0,4,0.0
2011,SEA,15,3,8,0.6538461538461539,52,2.0,4,0.0
2011,SEA,16,3,8,0.660377358490566,53,2.0,4,0.0
2011,SEA,17,3,8,0.660377358490566,53,2.0,4,0.0
2011,SF,1,12,16,0.84,50,5.75,7,3.0
2011,SF,2,12,16,0.84,50,5.75,7,3.0
2011,SF,3,12,16,0.84,50,5.75,7,3.0
2011,SF,4,12,16,0.84,50,5.75,7,3.0
2011,SF,5,12,16,0.8431372549019608,51,5.75,7,3.0
2011,SF,6,12,16,0.8461538461538461,52,5.75,7,3.0
2011,SF,7,12,16,0.8461538461538461,52,5.75,7,3.0
2011,SF,8,12,16,0.8461538461538461,52,5.75,7,3.0
2011,SF,9,12,16,0.8461538461538461,52,5.75,7,3.0
2011,SF,10,12,16,0.8461538461538461,52,5.75,7,3.0
2011,SF,11,12,16,0.8461538461538461,52,5.75,7,3.0
2011,SF,12,12,16,0.8461538461538461,52,5.75,7,3.0
2011,SF,13,12,16,0.8461538461538461,52,5.75,7,3.0
2011,SF,14,12,16,0.8461538461538461,52,5.75,7,3.0
2011,SF,15,12,16,0.8461538461538461,52,5.75,7,3.0
2011,SF,16,12,16,0.8461538461538461,52,5.75,7,3.0
2011,SF,17,12,16,0.8301886792452831,53,5.75,7,3.0
2011,SF,18,12,16,0.8301886792452831,53,5.75,7,3.0
2011,SF,19,12,16,0.8301886792452831,53,5.75,7,3.0
2011,SF,20,12,16,0.8301886792452831,53,5.75,7,3.0
2011,STL,1,5,8,0.6578947368421053,38,4.0,2,1.0
2011,STL,2,5,8,0.6410256410256411,39,4.0,2,1.0
2011,STL,3,5,8,0.625,40,4.0,2,1.0
2011,STL,4,5,8,0.6,40,4.0,2,1.0
2011,STL,5,5,8,0.6,40,4.0,2,1.0
2011,STL,6,5,8,0.5853658536585366,41,4.0,2,1.0
2011,STL,7,5,8,0.6190476190476191,42,5.0,3,2.0
2011,STL,8,5,8,0.5952380952380952,42,5.0,3,2.0
2011,STL,9,5,8,0.5952380952380952,42,5.0,3,2.0
2011,STL,10,5,8,0.5714285714285714,42,5.0,3,2.0
2011,STL,11,5,8,0.5333333333333333,45,5.0,3,2.0
2011,STL,12,5,8,0.5208333333333334,48,5.0,3,2.0
2011,STL,13,5,8,0.5306122448979592,49,5.0,3,2.0
2011,STL,14,5,9,0.54,50,5.0,3,2.0
2011,STL,15,5,9,0.5294117647058824,51,5.0,3,2.0
2011,STL,16,5,9,0.5192307692307693,52,5.0,3,2.0
2011,STL,17,5,9,0.5094339622641509,53,5.0,3,2.0
2011,TB,1,5,10,0.6956521739130435,46,0.75,4,1.0
2011,TB,2,5,10,0.6956521739130435,46,0.75,4,1.0
2011,TB,3,5,10,0.6956521739130435,46,0.75,4,1.0
2011,TB,4,5,10,0.6956521739130435,46,0.75,4,1.0
2011,TB,5,5,10,0.6956521739130435,46,0.75,4,1.0
2011,TB,6,5,10,0.7021276595744681,47,0.75,4,1.0
2011,TB,7,5,10,0.7021276595744681,47,0.75,4,1.0
2011,TB,8,5,10,0.7021276595744681,47,0.75,4,1.0
2011,TB,9,5,10,0.6875,48,0.75,4,1.0
2011,TB,10,6,11,0.6938775510204082,49,1.75,5,1.0
2011,TB,11,6,11,0.6938775510204082,49,1.75,5,1.0
2011,TB,12,6,11,0.6938775510204082,49,1.75,5,1.0
2011,TB,13,6,11,0.673469387755102,49,1.75,5,1.0
2011,TB,14,6,11,0.68,50,1.75,5,1.0
2011,TB,15,6,11,0.6923076923076923,52,1.75,5,1.0
2011,TB,16,6,11,0.6981132075471698,53,1.75,5,1.0
2011,TB,17,6,11,0.6981132075471698,53,1.75,5,1.0
2011,TEN,1,5,9,0.7755102040816326,49,8.5,8,0.0
2011,TEN,2,5,9,0.7755102040816326,49,8.5,8,0.0
2011,TEN,3,5,9,0.7755102040816326,49,8.5,8,0.0
2011,TEN,4,5,10,0.78,50,8.5,8,0.0
2011,TEN,5,5,10,0.76,50,8.5,8,0.0
2011,TEN,6,5,10,0.76,50,8.5,8,0.0
2011,TEN,7,5,10,0.76,50,8.5,8,0.0
2011,TEN,8,5,10,0.76,50,8.5,8,0.0
2011,TEN,9,5,10,0.76,50,8.5,8,0.0
2011,TEN,10,5,10,0.76,50,8.5,8,0.0
2011,TEN,11,5,10,0.76,50,8.5,8,0.0
2011,TEN,12,5,10,0.76,50,8.5,8,0.0
2011,TEN,13,5,10,0.76,50,8.5,8,0.0
2011,TEN,14,5,10,0.76,50,8.5,8,0.0
2011,TEN,15,5,10,0.75,52,8.5,8,0.0
2011,TEN,16,5,10,0.7547169811320755,53,8.5,8,0.0
2011,TEN,17,5,10,0.7547169811320755,53,8.5,8,0.0
2011,WAS,1,8,13,0.7045454545454546,44,2.25,5,0.0
2011,WAS,2,8,13,0.7045454545454546,44,2.25,5,0.0
2011,WAS,3,8,13,0.7045454545454546,44,2.25,5,0.0
2011,WAS,4,8,13,0.7045454545454546,44,2.25,5,0.0
2011,WAS,5,8,13,0.6976744186046512,43,2.25,5,0.0
2011,WAS,6,8,13,0.6976744186046512,43,2.25,5,0.0
2011,WAS,7,8,13,0.7045454545454546,44,2.25,5,0.0
2011,WAS,8,8,13,0.7111111111111111,45,2.25,5,0.0
2011,WAS,9,8,13,0.717391304347826,46,2.25,5,0.0
2011,WAS,10,8,13,0.6956521739130435,46,2.25,5,0.0
2011,WAS,11,9,14,0.7083333333333334,48,2.25,5,0.0
2011,WAS,12,9,14,0.7083333333333334,48,2.25,5,0.0
2011,WAS,13,9,14,0.7142857142857143,49,2.25,5,0.0
2011,WAS,14,9,14,0.7142857142857143,49,2.25,5,0.0
2011,WAS,15,9,15,0.72,50,2.25,5,0.0
2011,WAS,16,9,15,0.7115384615384616,52,2.25,5,0.0
2011,WAS,17,9,15,0.7169811320754716,53,2.25,5,0.0
2012,ARI,1,6,10,0.8043478260869565,46,5.5,4,2.0
2012,ARI,2,6,10,0.8043478260869565,46,5.5,4,2.0
2012,ARI,3,6,10,0.8043478260869565,46,5.5,4,2.0
2012,ARI,4,5,9,0.7777777777777778,45,5.5,4,2.0
2012,ARI,5,5,9,0.7777777777777778,45,5.5,4,2.0
2012,ARI,6,5,9,0.782608695652174,46,5.5,4,2.0
2012,ARI,7,5,9,0.782608695652174,46,5.5,4,2.0
2012,ARI,8,5,9,0.782608695652174,46,5.5,4,2.0
2012,ARI,9,5,9,0.7659574468085106,47,5.5,4,2.0
2012,ARI,10,5,9,0.75,48,5.5,4,2.0
2012,ARI,11,5,9,0.75,48,5.5,4,2.0
2012,ARI,12,6,10,0.7708333333333334,48,5.5,4,2.0
2012,ARI,13,6,10,0.7551020408163265,49,5.5,4,2.0
2012,ARI,14,6,10,0.74,50,5.5,4,2.0
2012,ARI,15,6,10,0.7254901960784313,51,5.5,4,2.0
2012,ARI,16,6,10,0.7307692307692307,52,5.5,4,2.0
2012,ARI,17,6,10,0.7169811320754716,53,5.5,4,2.0
2012,ATL,1,9,14,0.8297872340425532,47,10.25,8,3.0
2012,ATL,2,9,14,0.8297872340425532,47,10.25,8,3.0
2012,ATL,3,9,14,0.8297872340425532,47,10.25,8,3.0
2012,ATL,4,9,14,0.8297872340425532,47,10.25,8,3.0
2012,ATL,5,9,14,0.8297872340425532,47,10.25,8,3.0
2012,ATL,6,9,14,0.8297872340425532,47,10.25,8,3.0
2012,ATL,7,9,14,0.8297872340425532,47,10.25,8,3.0
2012,ATL,8,9,14,0.8333333333333334,48,10.25,8,3.0
2012,ATL,9,9,14,0.8333333333333334,48,10.25,8,3.0
2012,ATL,10,9,14,0.8,50,10.25,8,3.0
2012,ATL,11,9,14,0.8076923076923077,52,10.25,8,3.0
2012,ATL,12,9,14,0.7884615384615384,52,10.25,8,3.0
2012,ATL,13,9,14,0.7884615384615384,52,10.25,8,3.0
2012,ATL,14,9,14,0.7884615384615384,52,10.25,8,3.0
2012,ATL,15,9,14,0.7884615384615384,52,10.25,8,3.0
2012,ATL,16,9,14,0.7884615384615384,52,10.25,8,3.0
2012,ATL,17,9,14,0.7924528301886793,53,10.25,8,3.0
2012,ATL,18,9,14,0.7924528301886793,53,10.25,8,3.0
2012,ATL,19,9,14,0.7924528301886793,53,10.25,8,3.0
2012,ATL,20,9,14,0.7924528301886793,53,10.25,8,3.0
2012,BAL,1,7,16,0.7872340425531915,47,8.75,11,6.0
2012,BAL,2,7,16,0.7872340425531915,47,8.75,11,6.0
2012,BAL,3,7,16,0.7872340425531915,47,8.75,11,6.0
2012,BAL,4,7,16,0.7872340425531915,47,8.75,11,6.0
2012,BAL,5,7,16,0.7872340425531915,47,8.75,11,6.0
2012,BAL,6,7,16,0.7872340425531915,47,8.75,11,6.0
2012,BAL,7,7,16,0.7708333333333334,48,8.75,11,6.0
2012,BAL,8,7,16,0.7708333333333334,48,8.75,11,6.0
2012,BAL,9,7,16,0.7708333333333334,48,8.75,11,6.0
2012,BAL,10,7,16,0.7708333333333334,48,8.75,11,6.0
2012,BAL,11,7,16,0.7755102040816326,49,8.75,11,6.0
2012,BAL,12,7,16,0.7755102040816326,49,8.75,11,6.0
2012,BAL,13,7,16,0.78,50,8.75,11,6.0
2012,BAL,14,7,16,0.78,50,8.75,11,6.0
2012,BAL,15,7,16,0.76,50,8.75,11,6.0
2012,BAL,16,7,16,0.7450980392156863,51,8.75,11,6.0
2012,BAL,17,8,17,0.75,52,9.75,12,7.0
2012,BAL,18,8,17,0.75,52,9.75,12,7.0
2012,BAL,19,8,17,0.7547169811320755,53,9.75,12,7.0
2012,BAL,20,8,17,0.7547169811320755,53,9.75,12,7.0
2012,BAL,21,8,17,0.7547169811320755,53,9.75,12,7.0
2012,BUF,1,6,12,0.8,40,6.25,3,0.0
2012,BUF,2,6,12,0.8,40,6.25,3,0.0
2012,BUF,3,6,12,0.8,40,6.25,3,0.0
2012,BUF,4,6,12,0.8,40,5.75,3,0.0
2012,BUF,5,6,12,0.8,40,5.75,3,0.0
2012,BUF,6,6,12,0.7804878048780488,41,5.75,3,0.0
2012,BUF,7,7,13,0.7857142857142857,42,6.5,4,0.0
2012,BUF,8,7,13,0.7857142857142857,42,6.5,4,0.0
2012,BUF,9,7,13,0.7906976744186046,43,6.5,4,0.0
2012,BUF,10,7,13,0.8043478260869565,46,6.5,4,0.0
2012,BUF,11,7,13,0.8043478260869565,46,6.5,4,0.0
2012,BUF,12,7,13,0.8043478260869565,46,6.5,4,0.0
2012,BUF,13,7,13,0.8043478260869565,46,6.5,4,0.0
2012,BUF,14,7,13,0.7916666666666666,48,6.5,4,0.0
2012,BUF,15,7,13,0.7755102040816326,49,6.5,4,0.0
2012,BUF,16,7,13,0.7692307692307693,52,6.5,4,0.0
2012,BUF,17,7,13,0.7547169811320755,53,6.5,4,0.0
2012,CAR,1,7,9,0.825,40,3.75,5,0.0
2012,CAR,2,7,9,0.825,40,3.75,5,0.0
2012,CAR,3,7,9,0.825,40,3.75,5,0.0
2012,CAR,4,7,9,0.825,40,3.75,5,0.0
2012,CAR,5,7,9,0.825,40,3.75,5,0.0
2012,CAR,6,7,9,0.7857142857142857,42,3.75,5,0.0
2012,CAR,7,7,9,0.7857142857142857,42,3.75,5,0.0
2012,CAR,8,7,9,0.75,44,3.75,5,0.0
2012,CAR,9,7,9,0.7674418604651163,43,3.75,5,0.0
2012,CAR,10,7,9,0.7777777777777778,45,3.75,5,0.0
2012,CAR,11,7,9,0.7777777777777778,45,3.75,5,0.0
2012,CAR,12,7,9,0.7608695652173914,46,3.75,5,0.0
2012,CAR,13,7,9,0.7659574468085106,47,3.75,5,0.0
2012,CAR,14,7,9,0.72,50,3.75,5,0.0
2012,CAR,15,7,9,0.7058823529411765,51,3.75,5,0.0
2012,CAR,16,7,9,0.6923076923076923,52,3.75,5,0.0
2012,CAR,17,7,9,0.6923076923076923,52,3.75,5,0.0
2012,CHI,1,9,16,0.7857142857142857,42,6.0,9,5.0
2012,CHI,2,9,16,0.7727272727272727,44,6.0,9,5.0
2012,CHI,3,9,16,0.7555555555555555,45,6.0,9,5.0
2012,CHI,4,9,16,0.7555555555555555,45,6.0,9,5.0
2012,CHI,5,9,16,0.7555555555555555,45,6.0,9,5.0
2012,CHI,6,9,16,0.7555555555555555,45,6.0,9,5.0
2012,CHI,7,8,15,0.7727272727272727,44,6.0,9,5.0
2012,CHI,8,8,15,0.7727272727272727,44,6.0,9,5.0
2012,CHI,9,8,15,0.7727272727272727,44,6.0,9,5.0
2012,CHI,10,8,15,0.7727272727272727,44,6.0,9,5.0
2012,CHI,11,8,15,0.7777777777777778,45,6.0,9,5.0
2012,CHI,12,8,15,0.7608695652173914,46,6.0,9,5.0
2012,CHI,13,7,14,0.7555555555555555,45,6.0,9,5.0
2012,CHI,14,7,14,0.7391304347826086,46,6.0,9,5.0
2012,CHI,15,8,15,0.7,50,6.0,9,5.0
2012,CHI,16,8,15,0.6730769230769231,52,6.0,9,5.0
2012,CHI,17,8,15,0.6981132075471698,53,6.0,9,5.0
2012,CIN,1,11,19,0.7954545454545454,44,3.5,4,1.0
2012,CIN,2,11,19,0.8,45,3.5,4,1.0
2012,CIN,3,11,19,0.782608695652174,46,3.5,4,1.0
2012,CIN,4,11,18,0.7659574468085106,47,3.5,4,1.0
2012,CIN,5,11,19,0.7872340425531915,47,3.5,4,1.0
2012,CIN,6,11,19,0.7872340425531915,47,3.5,4,1.0
2012,CIN,7,11,19,0.7872340425531915,47,3.5,4,1.0
2012,CIN,8,11,19,0.7872340425531915,47,3.5,4,1.0
2012,CIN,9,11,19,0.7708333333333334,48,3.5,4,1.0
2012,CIN,10,11,19,0.7708333333333334,48,3.5,4,1.0
2012,CIN,11,11,19,0.7708333333333334,48,3.5,4,1.0
2012,CIN,12,11,19,0.7708333333333334,48,3.5,4,1.0
2012,CIN,13,11,19,0.7708333333333334,48,3.5,4,1.0
2012,CIN,14,11,19,0.78,50,3.5,4,1.0
2012,CIN,15,11,19,0.78,50,3.5,4,1.0
2012,CIN,16,11,19,0.7843137254901961,51,3.5,4,1.0
2012,CIN,17,11,19,0.7547169811320755,53,3.5,4,1.0
2012,CIN,18,11,19,0.7547169811320755,53,3.5,4,1.0
2012,CLE,1,6,14,0.7391304347826086,46,2.75,3,1.0
2012,CLE,2,5,13,0.7333333333333333,45,2.75,3,1.0
2012,CLE,3,5,13,0.7333333333333333,45,2.75,3,1.0
2012,CLE,4,5,13,0.7333333333333333,45,2.75,3,1.0
2012,CLE,5,5,13,0.7333333333333333,45,2.75,3,1.0
2012,CLE,6,6,14,0.7391304347826086,46,2.75,3,1.0
2012,CLE,7,6,14,0.7391304347826086,46,2.75,3,1.0
2012,CLE,8,6,14,0.723404255319149,47,2.75,3,1.0
2012,CLE,9,7,15,0.7291666666666666,48,2.75,3,1.0
2012,CLE,10,7,15,0.7291666666666666,48,2.75,3,1.0
2012,CLE,11,7,15,0.7291666666666666,48,2.75,3,1.0
2012,CLE,12,7,15,0.7291666666666666,48,2.75,3,1.0
2012,CLE,13,7,15,0.7291666666666666,48,2.75,3,1.0
2012,CLE,14,7,15,0.7291666666666666,48,2.75,3,1.0
2012,CLE,15,7,15,0.7346938775510204,49,2.75,3,1.0
2012,CLE,16,7,15,0.7254901960784313,51,2.75,3,1.0
2012,CLE,17,7,15,0.7169811320754716,53,2.75,3,1.0
2012,DAL,1,8,9,0.7073170731707317,41,5.0,6,3.0
2012,DAL,2,8,9,0.7073170731707317,41,5.0,6,3.0
2012,DAL,3,8,9,0.7073170731707317,41,5.0,6,3.0
2012,DAL,4,8,9,0.7142857142857143,42,5.5,6,3.0
2012,DAL,5,8,9,0.7142857142857143,42,5.5,6,3.0
2012,DAL,6,8,9,0.6976744186046512,43,5.5,6,3.0
2012,DAL,7,8,9,0.6976744186046512,43,5.5,6,3.0
2012,DAL,8,9,10,0.7111111111111111,45,5.5,6,3.0
2012,DAL,9,9,10,0.7111111111111111,45,5.5,6,3.0
2012,DAL,10,9,10,0.7111111111111111,45,5.5,6,3.0
2012,DAL,11,9,10,0.6956521739130435,46,5.5,6,3.0
2012,DAL,12,9,10,0.6956521739130435,46,5.5,6,3.0
2012,DAL,13,9,10,0.6875,48,5.5,6,3.0
2012,DAL,14,9,10,0.66,50,5.5,6,3.0
2012,DAL,15,9,10,0.6538461538461539,52,5.5,6,3.0
2012,DAL,16,9,10,0.6415094339622641,53,5.5,6,3.0
2012,DAL,17,9,10,0.6415094339622641,53,5.5,6,3.0
2012,DEN,1,8,14,0.6595744680851063,47,5.5,5,4.0
2012,DEN,2,8,14,0.6666666666666666,48,6.25,6,4.0
2012,DEN,3,8,14,0.6530612244897959,49,6.25,6,4.0
2012,DEN,4,8,14,0.6530612244897959,49,6.25,6,4.0
2012,DEN,5,8,14,0.66,50,6.25,6,4.0
2012,DEN,6,8,14,0.6666666666666666,51,6.25,6,4.0
2012,DEN,7,8,14,0.6666666666666666,51,6.25,6,4.0
2012,DEN,8,8,14,0.6666666666666666,51,6.25,6,4.0
2012,DEN,9,8,14,0.6666666666666666,51,6.25,6,4.0
2012,DEN,10,8,14,0.6666666666666666,51,6.25,6,4.0
2012,DEN,11,9,15,0.6730769230769231,52,6.25,6,4.0
2012,DEN,12,9,15,0.6730769230769231,52,6.25,6,4.0
2012,DEN,13,9,15,0.6792452830188679,53,6.25,6,4.0
2012,DEN,14,9,15,0.6792452830188679,53,6.25,6,4.0
2012,DEN,15,9,15,0.6792452830188679,53,6.25,6,4.0
2012,DEN,16,9,15,0.6792452830188679,53,6.25,6,4.0
2012,DEN,17,9,15,0.6792452830188679,53,6.25,6,4.0
2012,DEN,18,9,15,0.6792452830188679,53,6.25,6,4.0
2012,DEN,19,9,15,0.6792452830188679,53,6.25,6,4.0
2012,DET,1,8,16,0.7804878048780488,41,5.75,4,3.0
2012,DET,2,8,16,0.7804878048780488,41,5.75,4,3.0
2012,DET,3,8,16,0.7857142857142857,42,5.75,4,3.0
2012,DET,4,8,16,0.7674418604651163,43,5.75,4,3.0
2012,DET,5,8,16,0.7674418604651163,43,5.75,4,3.0
2012,DET,6,8,16,0.7674418604651163,43,5.75,4,3.0
2012,DET,7,8,16,0.7804878048780488,41,5.75,4,3.0
2012,DET,8,8,17,0.7857142857142857,42,5.75,4,3.0
2012,DET,9,8,17,0.7954545454545454,44,5.75,4,3.0
2012,DET,10,8,17,0.7954545454545454,44,5.75,4,3.0
2012,DET,11,8,19,0.8043478260869565,46,5.75,4,3.0
2012,DET,12,8,19,0.8043478260869565,46,5.75,4,3.0
2012,DET,13,8,19,0.8043478260869565,46,5.75,4,3.0
2012,DET,14,8,20,0.8125,48,5.75,4,3.0
2012,DET,15,8,20,0.82,50,5.75,4,3.0
2012,DET,16,8,21,0.8076923076923077,52,5.75,4,3.0
2012,DET,17,8,21,0.7924528301886793,53,5.75,4,3.0
2012,GB,1,6,11,0.6304347826086957,46,9.5,9,5.0
2012,GB,2,6,11,0.6521739130434783,46,9.5,9,5.0
2012,GB,3,6,11,0.6521739130434783,46,9.5,9,5.0
2012,GB,4,6,11,0.6521739130434783,46,9.5,9,5.0
2012,GB,5,6,12,0.6595744680851063,47,9.5,9,5.0
2012,GB,6,6,12,0.6458333333333334,48,9.5,9,5.0
2012,GB,7,6,12,0.6458333333333334,48,9.5,9,5.0
2012,GB,8,6,12,0.6458333333333334,48,9.5,9,5.0
2012,GB,9,6,12,0.6326530612244898,49,9.5,9,5.0
2012,GB,10,6,12,0.6326530612244898,49,9.5,9,5.0
2012,GB,11,6,12,0.62,50,9.5,9,5.0
2012,GB,12,6,12,0.62,50,9.5,9,5.0
2012,GB,13,6,12,0.5961538461538461,52,9.5,9,5.0
2012,GB,14,6,12,0.5849056603773585,53,9.5,9,5.0
2012,GB,15,6,12,0.5849056603773585,53,9.5,9,5.0
2012,GB,16,6,12,0.5849056603773585,53,9.5,9,5.0
2012,GB,17,6,12,0.5849056603773585,53,9.5,9,5.0
2012,GB,18,6,12,0.5849056603773585,53,9.5,9,5.0
2012,GB,19,6,12,0.5849056603773585,53,9.5,9,5.0
2012,HOU,1,6,12,0.8333333333333334,48,8.25,7,2.0
2012,HOU,2,6,12,0.8333333333333334,48,8.25,7,2.0
2012,HOU,3,6,12,0.8333333333333334,48,8.25,7,2.0
2012,HOU,4,6,12,0.8333333333333334,48,8.25,7,2.0
2012,HOU,5,6,12,0.8367346938775511,49,8.25,7,2.0
2012,HOU,6,6,13,0.82,50,8.25,7,2.0
2012,HOU,7,6,13,0.82,50,8.25,7,2.0
2012,HOU,8,6,13,0.82,50,8.25,7,2.0
2012,HOU,9,6,13,0.8235294117647058,51,8.25,7,2.0
2012,HOU,10,6,13,0.8235294117647058,51,8.25,7,2.0
2012,HOU,11,6,13,0.82,50,8.25,7,2.0
2012,HOU,12,6,13,0.82,50,8.25,7,2.0
2012,HOU,13,6,13,0.82,50,8.25,7,2.0
2012,HOU,14,6,14,0.8235294117647058,51,8.25,7,2.0
2012,HOU,15,6,14,0.8235294117647058,51,8.25,7,2.0
2012,HOU,16,6,14,0.8235294117647058,51,8.25,7,2.0
2012,HOU,17,6,14,0.8235294117647058,51,8.25,7,2.0
2012,HOU,18,6,14,0.7924528301886793,53,8.25,7,2.0
2012,HOU,19,6,14,0.7924528301886793,53,8.25,7,2.0
2012,IND,1,6,12,0.7272727272727273,44,3.5,4,1.0
2012,IND,2,6,12,0.6976744186046512,43,3.5,4,1.0
2012,IND,3,6,12,0.6976744186046512,43,3.5,4,1.0
2012,IND,4,6,13,0.6888888888888889,45,3.5,4,1.0
2012,IND,5,6,13,0.717391304347826,46,3.5,4,1.0
2012,IND,6,6,13,0.6956521739130435,46,3.5,4,1.0
2012,IND,7,6,13,0.6875,48,3.5,4,1.0
2012,IND,8,6,13,0.6875,48,3.5,4,1.0
2012,IND,9,6,13,0.6956521739130435,46,3.5,4,1.0
2012,IND,10,6,13,0.6956521739130435,46,3.5,4,1.0
2012,IND,11,6,13,0.6666666666666666,48,3.5,4,1.0
2012,IND,12,6,13,0.6808510638297872,47,3.5,4,1.0
2012,IND,13,6,13,0.6530612244897959,49,3.5,4,1.0
2012,IND,14,6,13,0.6470588235294118,51,3.5,4,1.0
2012,IND,15,6,13,0.660377358490566,53,3.5,4,1.0
2012,IND,16,6,13,0.660377358490566,53,3.5,4,1.0
2012,IND,17,6,13,0.660377358490566,53,3.5,4,1.0
2012,IND,18,6,13,0.660377358490566,53,3.5,4,1.0
2012,JAX,1,5,13,0.7435897435897436,39,4.5,2,0.0
2012,JAX,2,5,12,0.717948717948718,39,4.5,2,0.0
2012,JAX,3,5,12,0.717948717948718,39,4.5,2,0.0
2012,JAX,4,5,12,0.717948717948718,39,4.5,2,0.0
2012,JAX,5,5,12,0.717948717948718,39,4.5,2,0.0
2012,JAX,6,5,12,0.717948717948718,39,4.5,2,0.0
2012,JAX,7,5,12,0.7368421052631579,38,4.5,2,0.0
2012,JAX,8,5,11,0.6666666666666666,39,3.5,2,0.0
2012,JAX,9,5,11,0.6578947368421053,38,3.5,2,0.0
2012,JAX,10,5,11,0.6842105263157895,38,3.5,2,0.0
2012,JAX,11,5,11,0.6842105263157895,38,3.5,2,0.0
2012,JAX,12,5,11,0.7,40,3.5,2,0.0
2012,JAX,13,6,12,0.7209302325581395,43,4.5,3,1.0
2012,JAX,14,6,12,0.7209302325581395,43,4.5,3,1.0
2012,JAX,15,6,12,0.7045454545454546,44,4.5,3,1.0
2012,JAX,16,6,13,0.6938775510204082,49,5.5,3,1.0
2012,JAX,17,6,13,0.6792452830188679,53,5.5,3,1.0
2012,KC,1,7,12,0.7441860465116279,43,3.0,4,1.0
2012,KC,2,8,13,0.75,44,4.0,5,2.0
2012,KC,3,8,13,0.75,44,4.0,5,2.0
2012,KC,4,8,13,0.7391304347826086,46,4.0,5,2.0
2012,KC,5,8,13,0.7446808510638298,47,4.0,5,2.0
2012,KC,6,8,13,0.7446808510638298,47,4.0,5,2.0
2012,KC,7,8,13,0.7446808510638298,47,4.0,5,2.0
2012,KC,8,8,13,0.7446808510638298,47,4.0,5,2.0
2012,KC,9,8,13,0.7446808510638298,47,4.0,5,2.0
2012,KC,10,8,12,0.7083333333333334,48,4.0,5,2.0
2012,KC,11,8,12,0.6938775510204082,49,4.0,5,2.0
2012,KC,12,8,12,0.6938775510204082,49,4.0,5,2.0
2012,KC,13,8,12,0.66,50,4.0,5,2.0
2012,KC,14,8,12,0.6666666666666666,51,4.0,5,2.0
2012,KC,15,8,12,0.6538461538461539,52,4.0,5,2.0
2012,KC,16,8,12,0.6538461538461539,52,4.0,5,2.0
2012,KC,17,8,12,0.660377358490566,53,4.0,5,2.0
2012,MIA,1,4,10,0.6444444444444445,45,1.75,4,0.0
2012,MIA,2,4,10,0.6590909090909091,44,1.75,4,0.0
2012,MIA,3,4,10,0.6666666666666666,45,1.75,4,0.0
2012,MIA,4,4,10,0.6304347826086957,46,1.75,4,0.0
2012,MIA,5,4,10,0.6363636363636364,44,1.75,4,0.0
2012,MIA,6,4,10,0.6444444444444445,45,1.75,4,0.0
2012,MIA,7,4,10,0.6444444444444445,45,1.75,4,0.0
2012,MIA,8,4,10,0.6444444444444445,45,1.75,4,0.0
2012,MIA,9,4,10,0.6304347826086957,46,1.75,4,0.0
2012,MIA,10,4,10,0.6170212765957447,47,1.75,4,0.0
2012,MIA,11,4,10,0.6170212765957447,47,1.75,4,0.0
2012,MIA,12,4,10,0.6041666666666666,48,1.75,4,0.0
2012,MIA,13,4,10,0.6122448979591837,49,1.75,4,0.0
2012,MIA,14,4,10,0.62,50,1.75,4,0.0
2012,MIA,15,4,10,0.6,50,1.75,4,0.0
2012,MIA,16,4,10,0.5849056603773585,53,2.75,5,0.0
2012,MIA,17,4,10,0.5849056603773585,53,2.75,5,0.0
2012,MIN,1,8,13,0.8076923076923077,52,5.0,5,1.0
2012,MIN,2,8,13,0.8076923076923077,52,5.0,5,1.0
2012,MIN,3,8,13,0.8076923076923077,52,5.0,5,1.0
2012,MIN,4,8,14,0.8269230769230769,52,5.0,5,1.0
2012,MIN,5,8,14,0.8269230769230769,52,5.0,5,1.0
2012,MIN,6,8,14,0.8269230769230769,52,5.0,5,1.0
2012,MIN,7,8,14,0.8269230769230769,52,5.0,5,1.0
2012,MIN,8,8,14,0.8269230769230769,52,5.0,5,1.0
2012,MIN,9,8,13,0.8076923076923077,52,5.0,5,1.0
2012,MIN,10,8,13,0.8076923076923077,52,5.0,5,1.0
2012,MIN,11,8,13,0.8076923076923077,52,5.0,5,1.0
2012,MIN,12,8,13,0.8076923076923077,52,5.0,5,1.0
2012,MIN,13,8,13,0.8076923076923077,52,5.0,5,1.0
2012,MIN,14,8,13,0.8113207547169812,53,5.0,5,1.0
2012,MIN,15,8,13,0.8113207547169812,53,5.0,5,1.0
2012,MIN,16,8,14,0.8113207547169812,53,5.0,5,1.0
2012,MIN,17,8,14,0.8113207547169812,53,5.0,5,1.0
2012,MIN,18,8,14,0.8113207547169812,53,5.0,5,1.0
2012,NE,1,7,13,0.6530612244897959,49,9.75,9,4.0
2012,NE,2,7,13,0.6530612244897959,49,9.75,9,4.0
2012,NE,3,7,14,0.6666666666666666,48,9.75,9,4.0
2012,NE,4,7,14,0.6938775510204082,49,9.75,9,4.0
2012,NE,5,7,14,0.6875,48,9.75,9,4.0
2012,NE,6,7,14,0.6875,48,9.75,9,4.0
2012,NE,7,7,14,0.6808510638297872,47,9.75,9,4.0
2012,NE,8,7,14,0.6875,48,9.75,9,4.0
2012,NE,9,7,14,0.6938775510204082,49,9.75,9,4.0
2012,NE,10,7,14,0.7083333333333334,48,9.75,9,4.0
2012,NE,11,8,14,0.7142857142857143,49,9.75,9,4.0
2012,NE,12,8,14,0.6938775510204082,49,9.75,9,4.0
2012,NE,13,8,13,0.6875,48,9.75,9,4.0
2012,NE,14,8,13,0.6666666666666666,48,9.75,9,4.0
2012,NE,15,8,14,0.673469387755102,49,9.75,9,4.0
2012,NE,16,8,14,0.66,50,9.75,9,4.0
2012,NE,17,8,15,0.6730769230769231,52,9.75,9,4.0
2012,NE,18,8,15,0.6730769230769231,52,9.75,9,4.0
2012,NE,19,8,15,0.6730769230769231,52,9.75,9,4.0
2012,NE,20,8,15,0.660377358490566,53,9.75,9,4.0
2012,NO,1,7,12,0.6222222222222222,45,6.0,6,4.0
2012,NO,2,7,13,0.6304347826086957,46,6.0,6,4.0
2012,NO,3,7,13,0.6086956521739131,46,6.0,6,4.0
2012,NO,4,7,13,0.5957446808510638,47,6.0,6,4.0
2012,NO,5,7,13,0.6086956521739131,46,6.0,6,4.0
2012,NO,6,7,12,0.5869565217391305,46,6.0,6,4.0
2012,NO,7,8,13,0.5957446808510638,47,6.0,7,5.0
2012,NO,8,8,13,0.5957446808510638,47,6.0,7,5.0
2012,NO,9,8,13,0.5957446808510638,47,6.0,7,5.0
2012,NO,10,8,13,0.5957446808510638,47,6.0,7,5.0
2012,NO,11,8,13,0.5957446808510638,47,6.0,7,5.0
2012,NO,12,8,13,0.5833333333333334,48,6.0,7,5.0
2012,NO,13,8,13,0.5714285714285714,49,6.0,7,5.0
2012,NO,14,8,13,0.5714285714285714,49,6.0,7,5.0
2012,NO,15,8,13,0.5490196078431373,51,6.0,7,5.0
2012,NO,16,8,13,0.5384615384615384,52,6.0,7,5.0
2012,NO,17,8,13,0.5283018867924528,53,6.0,7,5.0
2012,NYG,1,10,19,0.7959183673469388,49,6.75,8,5.0
2012,NYG,2,10,19,0.7959183673469388,49,6.75,8,5.0
2012,NYG,3,10,19,0.7959183673469388,49,6.75,8,5.0
2012,NYG,4,10,19,0.7959183673469388,49,6.75,8,5.0
2012,NYG,5,10,19,0.7959183673469388,49,6.75,8,5.0
2012,NYG,6,10,19,0.8163265306122449,49,6.75,8,5.0
2012,NYG,7,10,19,0.82,50,6.75,8,5.0
2012,NYG,8,10,19,0.82,50,6.75,8,5.0
2012,NYG,9,10,19,0.8163265306122449,49,6.75,8,5.0
2012,NYG,10,10,19,0.7959183673469388,49,6.75,8,5.0
2012,NYG,11,10,19,0.7959183673469388,49,6.75,8,5.0
2012,NYG,12,10,19,0.8,50,6.75,8,5.0
2012,NYG,13,10,19,0.7843137254901961,51,6.75,8,5.0
2012,NYG,14,10,19,0.7884615384615384,52,6.75,8,5.0
2012,NYG,15,10,19,0.7884615384615384,52,6.75,8,5.0
2012,NYG,16,10,19,0.7884615384615384,52,6.75,8,5.0
2012,NYG,17,10,19,0.7924528301886793,53,6.75,8,5.0
2012,NYJ,1,13,15,0.75,44,6.0,6,1.0
2012,NYJ,2,13,15,0.75,44,6.0,6,1.0
2012,NYJ,3,12,14,0.7272727272727273,44,6.0,6,1.0
2012,NYJ,4,13,15,0.7333333333333333,45,6.0,6,1.0
2012,NYJ,5,13,15,0.7391304347826086,46,6.0,6,1.0
2012,NYJ,6,13,15,0.7446808510638298,47,6.0,6,1.0
2012,NYJ,7,13,15,0.7391304347826086,46,6.0,6,1.0
2012,NYJ,8,13,15,0.723404255319149,47,6.0,6,1.0
2012,NYJ,9,13,15,0.7391304347826086,46,6.0,6,1.0
2012,NYJ,10,13,15,0.723404255319149,47,6.0,6,1.0
2012,NYJ,11,13,15,0.7083333333333334,48,6.0,6,1.0
2012,NYJ,12,13,15,0.6862745098039216,51,6.0,6,1.0
2012,NYJ,13,13,15,0.7,50,6.0,6,1.0
2012,NYJ,14,13,15,0.72,50,6.0,6,1.0
2012,NYJ,15,14,16,0.74,50,6.75,7,1.0
2012,NYJ,16,14,16,0.7254901960784313,51,6.75,7,1.0
2012,NYJ,17,14,16,0.7115384615384616,52,6.75,7,1.0
2012,OAK,1,7,13,0.782608695652174,46,3.0,3,1.0
2012,OAK,2,7,12,0.782608695652174,46,3.0,3,1.0
2012,OAK,3,7,12,0.7659574468085106,47,3.0,3,1.0
2012,OAK,4,8,13,0.75,48,4.0,4,1.0
2012,OAK,5,8,13,0.75,48,4.0,4,1.0
2012,OAK,6,8,13,0.75,48,4.0,4,1.0
2012,OAK,7,8,13,0.75,48,4.0,4,1.0
2012,OAK,8,8,13,0.75,48,4.0,4,1.0
2012,OAK,9,8,13,0.75,48,4.0,4,1.0
2012,OAK,10,8,13,0.75,48,4.0,4,1.0
2012,OAK,11,8,13,0.7551020408163265,49,4.0,4,1.0
2012,OAK,12,8,13,0.74,50,4.0,4,1.0
2012,OAK,13,7,12,0.7346938775510204,49,4.0,4,1.0
2012,OAK,14,7,12,0.72,50,4.0,4,1.0
2012,OAK,15,8,12,0.7254901960784313,51,4.0,4,1.0
2012,OAK,16,8,12,0.7254901960784313,51,4.0,4,1.0
2012,OAK,17,8,12,0.6981132075471698,53,4.0,4,1.0
2012,PHI,1,8,14,0.7727272727272727,44,7.75,8,5.0
2012,PHI,2,8,14,0.7727272727272727,44,7.75,8,5.0
2012,PHI,3,8,14,0.7777777777777778,45,7.75,8,5.0
2012,PHI,4,8,14,0.7608695652173914,46,8.75,9,5.0
2012,PHI,5,8,14,0.7446808510638298,47,8.75,9,5.0
2012,PHI,6,8,14,0.7659574468085106,47,8.75,9,5.0
2012,PHI,7,8,14,0.7659574468085106,47,8.75,9,5.0
2012,PHI,8,8,14,0.7659574468085106,47,8.75,9,5.0
2012,PHI,9,8,14,0.7608695652173914,46,8.75,9,5.0
2012,PHI,10,8,14,0.7608695652173914,46,8.75,9,5.0
2012,PHI,11,8,14,0.7659574468085106,47,8.75,9,5.0
2012,PHI,12,8,14,0.7708333333333334,48,8.75,9,5.0
2012,PHI,13,7,13,0.7708333333333334,48,7.75,8,4.0
2012,PHI,14,7,13,0.74,50,7.75,8,4.0
2012,PHI,15,7,13,0.7254901960784313,51,7.75,8,4.0
2012,PHI,16,7,13,0.7115384615384616,52,7.75,8,4.0
2012,PHI,17,7,13,0.6981132075471698,53,7.75,8,4.0
2012,PIT,1,9,12,0.7209302325581395,43,5.0,9,5.0
2012,PIT,2,9,12,0.7209302325581395,43,5.0,9,5.0
2012,PIT,3,9,12,0.7209302325581395,43,5.0,9,5.0
2012,PIT,4,9,12,0.7209302325581395,43,5.0,9,5.0
2012,PIT,5,9,12,0.7209302325581395,43,5.0,9,5.0
2012,PIT,6,9,12,0.7209302325581395,43,5.0,9,5.0
2012,PIT,7,9,12,0.6976744186046512,43,5.0,9,5.0
2012,PIT,8,9,12,0.6976744186046512,43,5.0,9,5.0
2012,PIT,9,9,12,0.7209302325581395,43,5.0,9,5.0
2012,PIT,10,9,12,0.6976744186046512,43,5.0,9,5.0
2012,PIT,11,9,12,0.6818181818181818,44,5.0,9,5.0
2012,PIT,12,10,13,0.6888888888888889,45,5.0,9,5.0
2012,PIT,13,11,14,0.6956521739130435,46,5.0,9,5.0
2012,PIT,14,11,14,0.6956521739130435,46,5.0,9,5.0
2012,PIT,15,10,13,0.6888888888888889,45,5.0,9,5.0
2012,PIT,16,11,14,0.7021276595744681,47,5.0,9,5.0
2012,PIT,17,11,14,0.6415094339622641,53,5.0,9,5.0
2012,SD,1,9,14,0.875,40,6.5,7,1.0
2012,SD,2,9,14,0.8536585365853658,41,6.5,7,1.0
2012,SD,3,9,14,0.8536585365853658,41,6.5,7,1.0
2012,SD,4,9,14,0.8536585365853658,41,6.5,7,1.0
2012,SD,5,9,14,0.8536585365853658,41,6.5,7,1.0
2012,SD,6,9,14,0.8536585365853658,41,6.5,7,1.0
2012,SD,7,9,14,0.8536585365853658,41,6.5,7,1.0
2012,SD,8,9,14,0.8292682926829268,41,5.5,6,1.0
2012,SD,9,9,14,0.8292682926829268,41,5.5,6,1.0
2012,SD,10,9,14,0.8292682926829268,41,5.5,6,1.0
2012,SD,11,9,14,0.8292682926829268,41,5.5,6,1.0
2012,SD,12,9,14,0.7906976744186046,43,5.5,6,1.0
2012,SD,13,9,14,0.7727272727272727,44,5.5,6,1.0
2012,SD,14,9,14,0.7608695652173914,46,5.5,6,1.0
2012,SD,15,9,14,0.7291666666666666,48,5.5,6,1.0
2012,SD,16,9,14,0.7058823529411765,51,5.5,6,1.0
2012,SD,17,9,14,0.6792452830188679,53,5.5,6,1.0
2012,SEA,1,6,12,0.7659574468085106,47,7.5,11,2.0
2012,SEA,2,6,12,0.7659574468085106,47,7.5,11,2.0
2012,SEA,3,6,12,0.7659574468085106,47,7.5,11,2.0
2012,SEA,4,6,12,0.7659574468085106,47,7.5,11,2.0
2012,SEA,5,6,12,0.7659574468085106,47,7.5,11,2.0
2012,SEA,6,6,12,0.7659574468085106,47,7.5,11,2.0
2012,SEA,7,6,12,0.7659574468085106,47,7.5,11,2.0
2012,SEA,8,6,12,0.7659574468085106,47,7.5,11,2.0
2012,SEA,9,6,12,0.7708333333333334,48,7.5,11,2.0
2012,SEA,10,6,12,0.7708333333333334,48,7.5,11,2.0
2012,SEA,11,6,12,0.7708333333333334,48,7.5,11,2.0
2012,SEA,12,6,12,0.7659574468085106,47,7.5,11,2.0
2012,SEA,13,6,12,0.7659574468085106,47,7.5,11,2.0
2012,SEA,14,5,11,0.7446808510638298,47,6.75,9,2.0
2012,SEA,15,5,11,0.75,48,6.75,9,2.0
2012,SEA,16,5,11,0.7346938775510204,49,6.75,9,2.0
2012,SEA,17,5,11,0.76,50,6.75,9,2.0
2012,SEA,18,5,11,0.7450980392156863,51,6.75,10,2.0
2012,SEA,19,5,11,0.7358490566037735,53,6.75,10,2.0
2012,SF,1,15,18,0.8333333333333334,48,12.0,13,7.0
2012,SF,2,15,18,0.8333333333333334,48,12.0,13,7.0
2012,SF,3,15,18,0.8297872340425532,47,12.0,13,7.0
2012,SF,4,15,18,0.8297872340425532,47,12.0,13,7.0
2012,SF,5,15,18,0.8297872340425532,47,12.0,13,7.0
2012,SF,6,15,18,0.8333333333333334,48,12.0,13,7.0
2012,SF,7,15,18,0.8333333333333334,48,12.0,13,7.0
2012,SF,8,15,18,0.8333333333333334,48,12.0,13,7.0
2012,SF,9,15,18,0.8333333333333334,48,12.0,13,7.0
2012,SF,10,15,18,0.8333333333333334,48,12.0,13,7.0
2012,SF,11,15,18,0.8333333333333334,48,12.0,13,7.0
2012,SF,12,15,18,0.8333333333333334,48,12.0,13,7.0
2012,SF,13,15,18,0.8,50,12.0,13,7.0
2012,SF,14,15,18,0.8,50,12.0,13,7.0
2012,SF,15,15,18,0.8,50,12.0,13,7.0
2012,SF,16,15,18,0.803921568627451,51,12.0,13,7.0
2012,SF,17,15,18,0.7884615384615384,52,12.0,13,7.0
2012,SF,18,15,18,0.7884615384615384,52,12.0,13,7.0
2012,SF,19,15,18,0.7884615384615384,52,12.0,13,7.0
2012,SF,20,15,18,0.7735849056603774,53,12.0,13,7.0
2012,SF,21,15,18,0.7735849056603774,53,12.0,13,7.0
2012,STL,1,5,13,0.6382978723404256,47,4.0,5,3.0
2012,STL,2,5,14,0.6382978723404256,47,3.0,4,3.0
2012,STL,3,5,14,0.6458333333333334,48,3.0,4,3.0
2012,STL,4,5,14,0.6530612244897959,49,3.0,4,3.0
2012,STL,5,5,14,0.6530612244897959,49,3.0,4,3.0
2012,STL,6,5,14,0.6530612244897959,49,3.0,4,3.0
2012,STL,7,5,14,0.6530612244897959,49,3.0,4,3.0
2012,STL,8,6,15,0.66,50,3.0,4,3.0
2012,STL,9,6,15,0.66,50,3.0,4,3.0
2012,STL,10,6,15,0.66,50,3.0,4,3.0
2012,STL,11,6,15,0.6470588235294118,51,3.0,4,3.0
2012,STL,12,6,15,0.6538461538461539,52,4.0,5,3.0
2012,STL,13,6,15,0.6538461538461539,52,4.0,5,3.0
2012,STL,14,6,15,0.6538461538461539,52,4.0,5,3.0
2012,STL,15,6,15,0.6538461538461539,52,4.0,5,3.0
2012,STL,16,6,15,0.6415094339622641,53,4.0,5,3.0
2012,STL,17,6,15,0.6415094339622641,53,4.0,5,3.0
2012,TB,1,6,9,0.7209302325581395,43,2.5,4,1.0
2012,TB,2,6,9,0.7209302325581395,43,2.5,4,1.0
2012,TB,3,6,9,0.7333333333333333,45,2.5,4,1.0
2012,TB,4,6,10,0.7333333333333333,45,3.25,4,1.0
2012,TB,5,6,10,0.7391304347826086,46,3.25,4,1.0
2012,TB,6,5,9,0.717391304347826,46,3.25,4,1.0
2012,TB,7,5,9,0.7111111111111111,45,3.25,4,1.0
2012,TB,8,5,10,0.717391304347826,46,3.25,4,1.0
2012,TB,9,5,10,0.7021276595744681,47,3.25,4,1.0
2012,TB,10,5,10,0.6956521739130435,46,3.25,4,1.0
2012,TB,11,5,10,0.6808510638297872,47,3.25,4,1.0
2012,TB,12,5,10,0.6666666666666666,48,3.25,4,1.0
2012,TB,13,5,9,0.6326530612244898,49,3.25,4,1.0
2012,TB,14,5,9,0.66,50,3.25,4,1.0
2012,TB,15,5,9,0.6666666666666666,51,3.25,4,1.0
2012,TB,16,5,9,0.6730769230769231,52,3.25,4,1.0
2012,TB,17,5,10,0.6792452830188679,53,3.25,4,1.0
2012,TEN,1,6,10,0.7674418604651163,43,5.5,5,0.0
2012,TEN,2,7,12,0.7727272727272727,44,5.5,5,0.0
2012,TEN,3,7,12,0.7727272727272727,44,5.5,5,0.0
2012,TEN,4,7,12,0.7727272727272727,44,5.5,5,0.0
2012,TEN,5,7,12,0.7727272727272727,44,5.5,5,0.0
2012,TEN,6,7,12,0.7727272727272727,44,5.5,5,0.0
2012,TEN,7,7,12,0.7727272727272727,44,5.5,5,0.0
2012,TEN,8,7,12,0.7608695652173914,46,5.5,5,0.0
2012,TEN,9,7,12,0.7608695652173914,46,5.5,5,0.0
2012,TEN,10,7,12,0.75,48,5.5,5,0.0
2012,TEN,11,7,12,0.75,48,5.5,5,0.0
2012,TEN,12,7,12,0.7659574468085106,47,5.5,5,0.0
2012,TEN,13,7,12,0.75,48,5.5,5,0.0
2012,TEN,14,7,12,0.7254901960784313,51,5.5,5,0.0
2012,TEN,15,7,12,0.7115384615384616,52,5.5,5,0.0
2012,TEN,16,7,12,0.7115384615384616,52,5.5,5,0.0
2012,TEN,17,7,12,0.6981132075471698,53,5.5,5,0.0
2012,WAS,1,6,11,0.75,44,2.5,2,1.0
2012,WAS,2,6,11,0.7727272727272727,44,2.5,2,1.0
2012,WAS,3,6,11,0.782608695652174,46,2.5,2,1.0
2012,WAS,4,6,11,0.7608695652173914,46,2.5,2,1.0
2012,WAS,5,6,11,0.7608695652173914,46,2.5,2,1.0
2012,WAS,6,6,11,0.723404255319149,47,2.5,2,1.0
2012,WAS,7,6,11,0.723404255319149,47,2.5,2,1.0
2012,WAS,8,6,11,0.7291666666666666,48,3.0,3,1.0
2012,WAS,9,6,11,0.7291666666666666,48,3.0,3,1.0
2012,WAS,10,6,11,0.7142857142857143,49,3.0,3,1.0
2012,WAS,11,6,11,0.7142857142857143,49,3.0,3,1.0
2012,WAS,12,6,11,0.72,50,3.0,3,1.0
2012,WAS,13,6,11,0.7450980392156863,51,3.0,3,1.0
2012,WAS,14,6,10,0.7450980392156863,51,3.0,3,1.0
2012,WAS,15,6,10,0.7450980392156863,51,3.0,3,1.0
2012,WAS,16,6,10,0.7307692307692307,52,3.0,3,1.0
2012,WAS,17,6,10,0.7307692307692307,52,3.0,3,1.0
2012,WAS,18,6,11,0.7358490566037735,53,3.0,3,1.0
2013,ARI,1,8,15,0.8085106382978723,47,4.75,5,2.0
2013,ARI,2,8,15,0.7872340425531915,47,4.75,5,2.0
2013,ARI,3,8,15,0.7872340425531915,47,4.75,5,2.0
2013,ARI,4,8,15,0.7916666666666666,48,4.75,5,2.0
2013,ARI,5,8,16,0.78,50,5.75,6,3.0
2013,ARI,6,8,16,0.78,50,5.75,6,3.0
2013,ARI,7,8,16,0.78,50,5.75,6,3.0
2013,ARI,8,8,16,0.78,50,5.75,6,3.0
2013,ARI,9,8,16,0.78,50,5.75,6,3.0
2013,ARI,10,8,16,0.7647058823529411,51,5.75,6,3.0
2013,ARI,11,8,16,0.7647058823529411,51,5.75,6,3.0
2013,ARI,12,8,16,0.75,52,5.75,6,3.0
2013,ARI,13,8,16,0.75,52,5.75,6,3.0
2013,ARI,14,8,16,0.75,52,5.75,6,3.0
2013,ARI,15,8,16,0.7547169811320755,53,5.75,6,3.0
2013,ARI,16,8,16,0.7547169811320755,53,5.75,6,3.0
2013,ARI,17,8,16,0.7547169811320755,53,5.75,6,3.0
2013,ATL,1,7,14,0.7608695652173914,46,8.5,7,3.0
2013,ATL,2,7,14,0.7608695652173914,46,8.5,7,3.0
2013,ATL,3,6,13,0.7446808510638298,47,7.5,7,3.0
2013,ATL,4,6,13,0.7446808510638298,47,7.5,7,3.0
2013,ATL,5,6,13,0.7446808510638298,47,7.5,7,3.0
2013,ATL,6,6,13,0.7446808510638298,47,7.5,7,3.0
2013,ATL,7,6,13,0.7291666666666666,48,7.5,7,3.0
2013,ATL,8,6,13,0.7291666666666666,48,7.5,7,3.0
2013,ATL,9,6,13,0.7291666666666666,48,7.5,7,3.0
2013,ATL,10,6,13,0.7291666666666666,48,7.5,7,3.0
2013,ATL,11,7,14,0.74,50,8.5,7,3.0
2013,ATL,12,7,14,0.74,50,8.5,7,3.0
2013,ATL,13,7,14,0.7254901960784313,51,8.5,7,3.0
2013,ATL,14,7,14,0.7254901960784313,51,8.5,7,3.0
2013,ATL,15,7,14,0.7254901960784313,51,8.5,7,3.0
2013,ATL,16,7,14,0.7254901960784313,51,8.5,7,3.0
2013,ATL,17,7,14,0.6981132075471698,53,8.5,7,3.0
2013,BAL,1,9,15,0.7708333333333334,48,11.75,10,5.0
2013,BAL,2,9,15,0.7916666666666666,48,11.75,10,5.0
2013,BAL,3,9,15,0.7916666666666666,48,11.75,10,5.0
2013,BAL,4,9,15,0.7916666666666666,48,11.75,10,5.0
2013,BAL,5,10,16,0.7959183673469388,49,11.75,10,5.0
2013,BAL,6,10,16,0.7959183673469388,49,11.75,10,5.0
2013,BAL,7,10,16,0.78,50,11.75,10,5.0
2013,BAL,8,9,15,0.7755102040816326,49,11.75,9,5.0
2013,BAL,9,8,14,0.7450980392156863,51,10.75,9,5.0
2013,BAL,10,8,14,0.75,52,10.75,9,5.0
2013,BAL,11,8,14,0.75,52,10.75,9,5.0
2013,BAL,12,8,14,0.75,52,10.75,9,5.0
2013,BAL,13,8,14,0.75,52,10.75,9,5.0
2013,BAL,14,8,14,0.75,52,10.75,9,6.0
2013,BAL,15,8,14,0.7547169811320755,53,10.75,9,6.0
2013,BAL,16,8,14,0.7547169811320755,53,10.75,9,6.0
2013,BAL,17,8,14,0.7547169811320755,53,10.75,9,6.0
2013,BUF,1,9,14,0.7333333333333333,45,4.75,4,1.0
2013,BUF,2,9,14,0.7333333333333333,45,4.75,4,1.0
2013,BUF,3,9,14,0.7333333333333333,45,4.75,4,1.0
2013,BUF,4,9,14,0.7333333333333333,45,4.75,4,1.0
2013,BUF,5,9,14,0.7333333333333333,45,4.75,4,1.0
2013,BUF,6,9,14,0.6875,48,5.25,4,1.0
2013,BUF,7,9,14,0.6938775510204082,49,5.25,4,1.0
2013,BUF,8,9,14,0.68,50,5.25,4,1.0
2013,BUF,9,9,14,0.6666666666666666,51,5.25,4,1.0
2013,BUF,10,9,14,0.6666666666666666,51,5.25,4,1.0
2013,BUF,11,9,14,0.6666666666666666,51,5.25,4,1.0
2013,BUF,12,9,14,0.6538461538461539,52,5.25,4,1.0
2013,BUF,13,9,14,0.6538461538461539,52,5.25,4,1.0
2013,BUF,14,9,14,0.6538461538461539,52,5.25,4,1.0
2013,BUF,15,9,14,0.6730769230769231,52,5.25,4,1.0
2013,BUF,16,9,14,0.6730769230769231,52,5.25,4,1.0
2013,BUF,17,9,14,0.660377358490566,53,5.25,4,1.0
2013,CAR,1,9,13,0.6666666666666666,45,6.5,7,1.0
2013,CAR,2,9,13,0.6739130434782609,46,6.5,7,1.0
2013,CAR,3,9,14,0.6808510638297872,47,6.5,7,1.0
2013,CAR,4,9,14,0.6808510638297872,47,6.5,7,1.0
2013,CAR,5,8,13,0.6739130434782609,46,5.75,6,1.0
2013,CAR,6,8,13,0.6666666666666666,48,5.75,6,1.0
2013,CAR,7,8,13,0.673469387755102,49,5.75,6,1.0
2013,CAR,8,8,13,0.68,50,5.75,6,1.0
2013,CAR,9,9,14,0.6862745098039216,51,5.75,6,1.0
2013,CAR,10,9,14,0.6923076923076923,52,5.75,6,1.0
2013,CAR,11,9,14,0.6981132075471698,53,5.75,6,1.0
2013,CAR,12,9,14,0.6981132075471698,53,5.75,6,1.0
2013,CAR,13,9,14,0.6981132075471698,53,5.75,6,1.0
2013,CAR,14,9,14,0.6981132075471698,53,5.75,6,1.0
2013,CAR,15,9,14,0.6981132075471698,53,5.75,6,1.0
2013,CAR,16,9,14,0.6981132075471698,53,5.75,6,1.0
2013,CAR,17,9,14,0.6981132075471698,53,5.75,6,1.0
2013,CAR,18,9,14,0.6981132075471698,53,5.75,6,1.0
2013,CAR,19,9,14,0.6981132075471698,53,5.75,6,1.0
2013,CHI,1,4,12,0.8222222222222222,45,6.25,9,4.0
2013,CHI,2,4,12,0.8444444444444444,45,6.25,9,4.0
2013,CHI,3,4,12,0.8444444444444444,45,6.25,9,4.0
2013,CHI,4,4,12,0.8478260869565217,46,6.25,9,4.0
2013,CHI,5,4,12,0.8478260869565217,46,6.25,9,4.0
2013,CHI,6,4,12,0.8478260869565217,46,6.25,9,4.0
2013,CHI,7,4,12,0.8297872340425532,47,6.25,9,4.0
2013,CHI,8,4,12,0.8333333333333334,48,6.25,9,4.0
2013,CHI,9,4,12,0.8333333333333334,48,6.25,9,4.0
2013,CHI,10,4,12,0.8367346938775511,49,7.25,10,4.0
2013,CHI,11,4,12,0.8431372549019608,51,7.25,10,4.0
2013,CHI,12,4,12,0.8431372549019608,51,7.25,10,4.0
2013,CHI,13,4,12,0.8431372549019608,51,7.25,10,4.0
2013,CHI,14,4,12,0.8431372549019608,51,7.25,10,4.0
2013,CHI,15,4,12,0.8431372549019608,51,7.25,10,4.0
2013,CHI,16,4,12,0.8269230769230769,52,7.25,10,4.0
2013,CHI,17,4,12,0.8113207547169812,53,7.25,10,4.0
2013,CIN,1,9,17,0.7555555555555555,45,3.5,5,1.0
2013,CIN,2,9,17,0.7555555555555555,45,3.5,5,1.0
2013,CIN,3,9,17,0.7608695652173914,46,3.5,5,1.0
2013,CIN,4,9,17,0.782608695652174,46,3.5,5,1.0
2013,CIN,5,9,17,0.782608695652174,46,3.5,5,1.0
2013,CIN,6,9,17,0.782608695652174,46,3.5,5,1.0
2013,CIN,7,9,17,0.782608695652174,46,3.5,5,1.0
2013,CIN,8,9,17,0.782608695652174,46,3.5,5,1.0
2013,CIN,9,9,17,0.75,48,3.5,5,1.0
2013,CIN,10,9,17,0.75,48,3.5,5,1.0
2013,CIN,11,9,17,0.7659574468085106,47,3.5,5,1.0
2013,CIN,12,9,17,0.7708333333333334,48,3.5,5,1.0
2013,CIN,13,9,17,0.7708333333333334,48,3.5,5,1.0
2013,CIN,14,9,17,0.7551020408163265,49,3.5,5,1.0
2013,CIN,15,9,17,0.74,50,3.5,5,1.0
2013,CIN,16,9,17,0.74,50,3.5,5,1.0
2013,CIN,17,9,17,0.74,50,3.5,5,1.0
2013,CIN,18,9,17,0.7169811320754716,53,3.5,5,1.0
2013,CLE,1,8,14,0.6590909090909091,44,3.0,3,1.0
2013,CLE,2,8,14,0.6590909090909091,44,3.0,3,1.0
2013,CLE,3,8,15,0.6666666666666666,45,3.0,4,0.0
2013,CLE,4,8,15,0.6666666666666666,45,3.0,4,0.0
2013,CLE,5,8,15,0.6666666666666666,45,3.0,4,0.0
2013,CLE,6,8,15,0.6666666666666666,45,3.0,4,0.0
2013,CLE,7,8,15,0.6666666666666666,45,3.0,4,0.0
2013,CLE,8,8,15,0.6595744680851063,47,3.0,4,0.0
2013,CLE,9,8,15,0.6666666666666666,48,3.0,4,0.0
2013,CLE,10,8,15,0.673469387755102,49,3.0,4,0.0
2013,CLE,11,8,15,0.673469387755102,49,3.0,4,0.0
2013,CLE,12,8,15,0.66,50,3.0,4,0.0
2013,CLE,13,8,15,0.66,50,3.0,4,0.0
2013,CLE,14,8,15,0.6274509803921569,51,3.0,4,0.0
2013,CLE,15,8,15,0.6346153846153846,52,3.0,4,0.0
2013,CLE,16,8,15,0.6346153846153846,52,3.0,4,0.0
2013,CLE,17,8,15,0.6226415094339622,53,3.0,4,0.0
2013,DAL,1,6,9,0.6521739130434783,46,4.0,4,3.0
2013,DAL,2,6,9,0.6521739130434783,46,4.0,4,3.0
2013,DAL,3,6,9,0.6444444444444445,45,4.0,4,3.0
2013,DAL,4,6,9,0.6595744680851063,47,4.0,4,3.0
2013,DAL,5,6,9,0.6595744680851063,47,4.0,4,3.0
2013,DAL,6,6,9,0.6382978723404256,47,4.0,4,3.0
2013,DAL,7,6,9,0.6521739130434783,46,4.0,4,3.0
2013,DAL,8,6,9,0.6304347826086957,46,4.0,4,3.0
2013,DAL,9,6,10,0.625,48,4.0,4,3.0
2013,DAL,10,6,10,0.625,48,4.0,4,3.0
2013,DAL,11,6,10,0.6326530612244898,49,4.0,4,3.0
2013,DAL,12,6,10,0.6326530612244898,49,4.0,4,3.0
2013,DAL,13,6,10,0.64,50,4.0,4,3.0
2013,DAL,14,6,10,0.6274509803921569,51,4.0,4,3.0
2013,DAL,15,6,10,0.6274509803921569,51,4.0,4,3.0
2013,DAL,16,6,10,0.6037735849056604,53,4.0,4,3.0
2013,DAL,17,6,10,0.6037735849056604,53,4.0,4,3.0
2013,DEN,1,8,12,0.7021276595744681,47,3.75,7,4.0
2013,DEN,2,8,12,0.7021276595744681,47,3.75,7,4.0
2013,DEN,3,8,13,0.7083333333333334,48,3.75,7,4.0
2013,DEN,4,8,13,0.7083333333333334,48,3.75,7,4.0
2013,DEN,5,8,13,0.7083333333333334,48,3.75,7,4.0
2013,DEN,6,8,13,0.7083333333333334,48,3.75,7,4.0
2013,DEN,7,8,13,0.723404255319149,47,3.75,7,4.0
2013,DEN,8,8,13,0.723404255319149,47,3.75,7,4.0
2013,DEN,9,8,13,0.723404255319149,47,3.75,7,4.0
2013,DEN,10,8,13,0.7291666666666666,48,3.75,7,4.0
2013,DEN,11,8,13,0.7291666666666666,48,3.75,7,4.0
2013,DEN,12,9,14,0.7346938775510204,49,4.75,7,4.0
2013,DEN,13,9,14,0.74,50,4.75,7,4.0
2013,DEN,14,9,14,0.74,50,4.75,7,4.0
2013,DEN,15,9,14,0.74,50,4.75,7,4.0
2013,DEN,16,9,14,0.74,50,4.75,7,4.0
2013,DEN,17,9,14,0.7450980392156863,51,4.75,7,4.0
2013,DEN,18,9,14,0.7450980392156863,51,4.75,7,4.0
2013,DEN,19,9,14,0.7450980392156863,51,4.75,7,4.0
2013,DEN,20,9,14,0.7358490566037735,53,4.75,7,4.0
2013,DEN,21,9,14,0.7358490566037735,53,4.75,7,4.0
2013,DET,1,7,14,0.8,45,6.25,4,4.0
2013,DET,2,7,14,0.8,45,6.25,4,4.0
2013,DET,3,7,14,0.8,45,6.25,4,4.0
2013,DET,4,7,14,0.8043478260869565,46,6.25,4,4.0
2013,DET,5,7,14,0.7872340425531915,47,6.25,4,4.0
2013,DET,6,7,14,0.7872340425531915,47,6.25,4,4.0
2013,DET,7,7,14,0.7708333333333334,48,6.25,4,4.0
2013,DET,8,7,14,0.7708333333333334,48,6.25,4,4.0
2013,DET,9,7,14,0.7708333333333334,48,6.25,4,4.0
2013,DET,10,7,14,0.7708333333333334,48,6.25,4,4.0
2013,DET,11,7,14,0.7708333333333334,48,6.25,4,4.0
2013,DET,12,7,14,0.7708333333333334,48,6.25,4,4.0
2013,DET,13,7,14,0.7551020408163265,49,6.25,4,4.0
2013,DET,14,7,14,0.76,50,6.25,4,4.0
2013,DET,15,7,14,0.76,50,6.25,4,4.0
2013,DET,16,7,14,0.76,50,6.25,4,4.0
2013,DET,17,7,14,0.7358490566037735,53,6.25,4,4.0
2013,GB,1,7,11,0.6511627906976745,43,7.0,6,1.0
2013,GB,2,7,11,0.6511627906976745,43,7.0,6,1.0
2013,GB,3,7,11,0.6511627906976745,43,7.0,6,1.0
2013,GB,4,7,11,0.6666666666666666,42,7.0,6,1.0
2013,GB,5,7,11,0.6511627906976745,43,7.0,6,1.0
2013,GB,6,7,11,0.6511627906976745,43,7.0,6,1.0
2013,GB,7,7,10,0.6511627906976745,43,7.0,6,1.0
2013,GB,8,7,10,0.6511627906976745,43,7.0,6,1.0
2013,GB,9,7,10,0.6511627906976745,43,7.0,6,1.0
2013,GB,10,8,11,0.6444444444444445,45,7.0,6,1.0
2013,GB,11,8,11,0.6521739130434783,46,7.0,6,1.0
2013,GB,12,8,12,0.6458333333333334,48,7.0,6,1.0
2013,GB,13,8,12,0.6326530612244898,49,7.0,6,1.0
2013,GB,14,8,12,0.62,50,7.0,6,1.0
2013,GB,15,8,12,0.6274509803921569,51,7.0,6,1.0
2013,GB,16,8,12,0.6274509803921569,51,7.0,6,1.0
2013,GB,17,8,13,0.6226415094339622,53,7.0,6,1.0
2013,GB,18,8,13,0.6226415094339622,53,7.0,6,1.0
2013,HOU,1,7,11,0.8,40,7.0,7,3.0
2013,HOU,2,7,11,0.8048780487804879,41,7.0,8,3.0
2013,HOU,3,7,11,0.8048780487804879,41,7.0,8,3.0
2013,HOU,4,7,11,0.8048780487804879,41,7.0,8,3.0
2013,HOU,5,7,11,0.8048780487804879,41,7.0,8,3.0
2013,HOU,6,7,11,0.7857142857142857,42,7.0,8,3.0
2013,HOU,7,7,11,0.7727272727272727,44,7.0,8,3.0
2013,HOU,8,7,11,0.7727272727272727,44,7.0,8,3.0
2013,HOU,9,7,11,0.723404255319149,47,7.0,8,3.0
2013,HOU,10,7,11,0.7083333333333334,48,7.0,8,3.0
2013,HOU,11,6,10,0.7083333333333334,48,6.0,7,2.0
2013,HOU,12,6,10,0.7083333333333334,48,6.0,7,2.0
2013,HOU,13,6,10,0.6938775510204082,49,6.0,7,2.0
2013,HOU,14,6,10,0.6938775510204082,49,6.0,7,2.0
2013,HOU,15,6,10,0.7083333333333334,48,6.0,7,2.0
2013,HOU,16,6,10,0.6938775510204082,49,6.0,7,2.0
2013,HOU,17,6,10,0.6415094339622641,53,6.0,7,2.0
2013,IND,1,8,11,0.7435897435897436,39,2.0,4,2.0
2013,IND,2,8,11,0.7435897435897436,39,2.0,4,2.0
2013,IND,3,9,12,0.7317073170731707,41,2.0,4,3.0
2013,IND,4,9,12,0.7380952380952381,42,2.0,4,3.0
2013,IND,5,9,12,0.7560975609756098,41,2.0,4,3.0
2013,IND,6,9,12,0.7619047619047619,42,2.0,4,3.0
2013,IND,7,9,12,0.7619047619047619,42,2.0,4,3.0
2013,IND,8,9,12,0.7674418604651163,43,2.0,4,3.0
2013,IND,9,9,12,0.75,44,2.0,4,3.0
2013,IND,10,9,12,0.75,44,2.0,4,3.0
2013,IND,11,9,12,0.7333333333333333,45,2.0,4,3.0
2013,IND,12,9,12,0.7441860465116279,43,2.0,4,3.0
2013,IND,13,9,12,0.7391304347826086,46,2.0,4,3.0
2013,IND,14,9,12,0.7083333333333334,48,2.0,4,3.0
2013,IND,15,9,12,0.6938775510204082,49,2.0,4,3.0
2013,IND,16,9,12,0.6938775510204082,49,2.0,4,3.0
2013,IND,17,9,12,0.6862745098039216,51,2.0,4,3.0
2013,IND,18,9,12,0.6862745098039216,51,2.0,4,3.0
2013,IND,19,9,13,0.6792452830188679,53,2.0,4,3.0
2013,JAX,1,5,12,0.7857142857142857,42,3.0,3,1.0
2013,JAX,2,5,12,0.7804878048780488,41,3.0,3,1.0
2013,JAX,3,5,12,0.7857142857142857,42,3.0,3,1.0
2013,JAX,4,5,12,0.7804878048780488,41,3.0,3,1.0
2013,JAX,5,4,11,0.7804878048780488,41,3.0,3,1.0
2013,JAX,6,4,11,0.8095238095238095,42,3.0,3,1.0
2013,JAX,7,4,11,0.8095238095238095,42,3.0,3,1.0
2013,JAX,8,4,11,0.8095238095238095,42,3.0,3,1.0
2013,JAX,9,4,11,0.8095238095238095,42,3.0,3,1.0
2013,JAX,10,4,11,0.7727272727272727,44,3.0,3,1.0
2013,JAX,11,4,11,0.7727272727272727,44,3.0,3,1.0
2013,JAX,12,4,11,0.7727272727272727,44,3.0,3,1.0
2013,JAX,13,4,11,0.7727272727272727,44,3.0,3,1.0
2013,JAX,14,4,11,0.7727272727272727,44,3.0,3,1.0
2013,JAX,15,4,11,0.7391304347826086,46,3.0,3,1.0
2013,JAX,16,4,11,0.6666666666666666,51,3.0,3,1.0
2013,JAX,17,4,11,0.660377358490566,53,3.0,3,1.0
2013,KC,1,11,18,0.7551020408163265,49,6.0,7,5.0
2013,KC,2,11,18,0.7551020408163265,49,6.0,7,5.0
2013,KC,3,11,18,0.7551020408163265,49,6.0,7,5.0
2013,KC,4,11,18,0.7551020408163265,49,6.0,7,5.0
2013,KC,5,11,18,0.7551020408163265,49,6.0,7,5.0
2013,KC,6,11,18,0.74,50,6.0,7,5.0
2013,KC,7,11,18,0.74,50,6.0,7,5.0
2013,KC,8,11,18,0.74,50,6.0,7,5.0
2013,KC,9,11,18,0.76,50,6.0,7,5.0
2013,KC,10,11,18,0.7755102040816326,49,6.0,7,5.0
2013,KC,11,11,18,0.7755102040816326,49,6.0,7,5.0
2013,KC,12,11,18,0.76,50,6.0,7,5.0
2013,KC,13,11,18,0.7450980392156863,51,6.0,7,5.0
2013,KC,14,11,18,0.7647058823529411,51,6.0,7,5.0
2013,KC,15,11,18,0.76,50,6.0,7,5.0
2013,KC,16,11,18,0.7692307692307693,52,6.0,7,5.0
2013,KC,17,11,18,0.7692307692307693,52,6.0,7,5.0
2013,KC,18,11,18,0.7547169811320755,53,6.0,7,5.0
2013,MIA,1,5,8,0.7111111111111111,45,3.0,7,1.0
2013,MIA,2,5,8,0.7111111111111111,45,3.0,7,1.0
2013,MIA,3,5,8,0.7111111111111111,45,3.0,7,1.0
2013,MIA,4,5,8,0.7111111111111111,45,3.0,7,1.0
2013,MIA,5,5,8,0.7333333333333333,45,3.0,7,1.0
2013,MIA,6,5,8,0.7333333333333333,45,3.0,7,1.0
2013,MIA,7,5,8,0.7333333333333333,45,3.0,7,1.0
2013,MIA,8,6,9,0.7391304347826086,46,3.0,8,1.0
2013,MIA,9,6,9,0.7391304347826086,46,3.0,8,1.0
2013,MIA,10,6,9,0.7446808510638298,47,3.0,8,1.0
2013,MIA,11,6,9,0.7291666666666666,48,3.0,8,1.0
2013,MIA,12,6,9,0.7291666666666666,48,3.0,8,1.0
2013,MIA,13,6,9,0.7,50,3.0,8,1.0
2013,MIA,14,6,9,0.7,50,3.0,8,1.0
2013,MIA,15,6,9,0.6862745098039216,51,3.0,8,1.0
2013,MIA,16,6,9,0.6981132075471698,53,3.0,8,1.0
2013,MIA,17,6,9,0.6981132075471698,53,3.0,8,1.0
2013,MIN,1,9,14,0.8409090909090909,44,7.0,8,2.0
2013,MIN,2,9,14,0.8409090909090909,44,7.0,8,2.0
2013,MIN,3,9,14,0.8409090909090909,44,7.0,8,2.0
2013,MIN,4,9,14,0.8444444444444444,45,8.0,9,2.0
2013,MIN,5,9,14,0.8444444444444444,45,8.0,9,2.0
2013,MIN,6,10,15,0.8297872340425532,47,8.0,9,2.0
2013,MIN,7,9,14,0.8085106382978723,47,8.0,9,2.0
2013,MIN,8,9,14,0.8125,48,8.0,9,2.0
2013,MIN,9,9,14,0.8125,48,8.0,9,2.0
2013,MIN,10,9,14,0.8125,48,8.0,9,2.0
2013,MIN,11,9,14,0.8125,48,8.0,9,2.0
2013,MIN,12,9,14,0.8125,48,8.0,9,2.0
2013,MIN,13,9,14,0.7959183673469388,49,8.0,9,2.0
2013,MIN,14,9,14,0.7959183673469388,49,8.0,9,2.0
2013,MIN,15,10,15,0.7843137254901961,51,8.0,9,2.0
2013,MIN,16,10,15,0.7692307692307693,52,8.0,9,2.0
2013,MIN,17,10,15,0.7547169811320755,53,8.0,9,2.0
2013,NE,1,6,10,0.6304347826086957,46,5.75,6,2.0
2013,NE,2,6,9,0.6304347826086957,46,5.75,6,2.0
2013,NE,3,6,9,0.6304347826086957,46,5.75,6,2.0
2013,NE,4,6,9,0.6304347826086957,46,5.75,6,2.0
2013,NE,5,6,9,0.6382978723404256,47,5.75,6,2.0
2013,NE,6,6,9,0.6521739130434783,46,5.75,6,2.0
2013,NE,7,6,9,0.6521739130434783,46,5.75,6,2.0
2013,NE,8,7,10,0.6595744680851063,47,6.75,7,2.0
2013,NE,9,7,10,0.6530612244897959,49,6.75,7,2.0
2013,NE,10,7,10,0.6458333333333334,48,6.75,7,2.0
2013,NE,11,7,11,0.6530612244897959,49,6.75,7,2.0
2013,NE,12,7,11,0.6326530612244898,49,5.75,6,2.0
2013,NE,13,7,11,0.64,50,5.75,6,2.0
2013,NE,14,7,11,0.64,50,5.75,6,2.0
2013,NE,15,7,11,0.6470588235294118,51,5.75,6,2.0
2013,NE,16,7,11,0.6470588235294118,51,5.75,6,2.0
2013,NE,17,7,11,0.6274509803921569,51,5.75,6,2.0
2013,NE,18,7,11,0.6346153846153846,52,5.75,6,2.0
2013,NE,19,7,11,0.6226415094339622,53,5.75,6,2.0
2013,NE,20,7,11,0.6226415094339622,53,5.75,6,2.0
2013,NO,1,7,11,0.5869565217391305,46,8.0,6,1.0
2013,NO,2,7,11,0.5869565217391305,46,8.0,6,1.0
2013,NO,3,7,11,0.5869565217391305,46,8.0,6,1.0
2013,NO,4,7,11,0.5869565217391305,46,8.0,6,1.0
2013,NO,5,7,11,0.5869565217391305,46,8.0,6,1.0
2013,NO,6,7,11,0.5957446808510638,47,8.0,6,1.0
2013,NO,7,7,11,0.5957446808510638,47,8.0,6,1.0
2013,NO,8,7,11,0.574468085106383,47,8.0,6,1.0
2013,NO,9,7,11,0.574468085106383,47,8.0,6,1.0
2013,NO,10,7,11,0.574468085106383,47,8.0,6,1.0
2013,NO,11,7,11,0.574468085106383,47,8.0,6,1.0
2013,NO,12,7,11,0.5833333333333334,48,8.0,6,1.0
2013,NO,13,7,11,0.5833333333333334,48,8.0,6,1.0
2013,NO,14,7,11,0.5833333333333334,48,8.0,6,1.0
2013,NO,15,7,11,0.5833333333333334,48,8.0,6,1.0
2013,NO,16,7,11,0.5714285714285714,49,8.5,6,1.0
2013,NO,17,7,11,0.58,50,8.5,6,1.0
2013,NO,18,7,11,0.5686274509803921,51,8.5,6,1.0
2013,NO,19,7,11,0.5849056603773585,53,8.5,6,1.0
2013,NYG,1,9,14,0.8333333333333334,42,4.75,7,3.0
2013,NYG,2,9,14,0.8333333333333334,42,4.75,7,3.0
2013,NYG,3,9,14,0.8333333333333334,42,4.75,7,3.0
2013,NYG,4,9,14,0.8372093023255814,43,4.75,7,3.0
2013,NYG,5,10,15,0.8043478260869565,46,5.5,8,3.0
2013,NYG,6,10,15,0.8222222222222222,45,5.5,8,3.0
2013,NYG,7,10,15,0.8260869565217391,46,5.5,8,3.0
2013,NYG,8,10,15,0.8085106382978723,47,5.5,8,3.0
2013,NYG,9,10,15,0.8085106382978723,47,5.5,8,3.0
2013,NYG,10,10,15,0.8163265306122449,49,5.5,8,3.0
2013,NYG,11,10,15,0.8163265306122449,49,5.5,8,3.0
2013,NYG,12,10,15,0.8163265306122449,49,5.5,8,3.0
2013,NYG,13,10,15,0.8,50,5.5,8,3.0
2013,NYG,14,10,15,0.8,50,5.5,8,3.0
2013,NYG,15,10,15,0.7843137254901961,51,5.5,8,3.0
2013,NYG,16,10,15,0.7692307692307693,52,5.5,8,3.0
2013,NYG,17,10,15,0.7735849056603774,53,5.5,8,3.0
2013,NYJ,1,11,16,0.7391304347826086,46,4.25,3,0.0
2013,NYJ,2,11,16,0.75,44,4.25,3,0.0
2013,NYJ,3,11,16,0.7391304347826086,46,4.25,3,0.0
2013,NYJ,4,11,16,0.7391304347826086,46,4.25,3,0.0
2013,NYJ,5,11,16,0.6956521739130435,46,4.25,3,0.0
2013,NYJ,6,10,15,0.6956521739130435,46,4.25,3,0.0
2013,NYJ,7,10,15,0.7021276595744681,47,4.25,3,0.0
2013,NYJ,8,10,15,0.7083333333333334,48,4.25,4,0.0
2013,NYJ,9,10,15,0.7083333333333334,48,4.25,4,0.0
2013,NYJ,10,10,15,0.7083333333333334,48,4.25,4,0.0
2013,NYJ,11,12,17,0.7142857142857143,49,5.25,5,1.0
2013,NYJ,12,12,18,0.72,50,5.25,5,1.0
2013,NYJ,13,12,18,0.7058823529411765,51,5.25,5,1.0
2013,NYJ,14,12,18,0.6923076923076923,52,5.25,5,1.0
2013,NYJ,15,12,18,0.6792452830188679,53,5.25,5,1.0
2013,NYJ,16,12,18,0.6792452830188679,53,5.25,5,1.0
2013,NYJ,17,12,18,0.6792452830188679,53,5.25,5,1.0
2013,OAK,1,4,11,0.6382978723404256,47,4.75,6,1.0
2013,OAK,2,4,11,0.6382978723404256,47,4.75,6,1.0
2013,OAK,3,4,11,0.625,48,4.75,6,1.0
2013,OAK,4,4,11,0.625,48,4.75,6,1.0
2013,OAK,5,4,11,0.6382978723404256,47,4.75,6,1.0
2013,OAK,6,4,11,0.6041666666666666,48,4.75,6,1.0
2013,OAK,7,4,11,0.6041666666666666,48,4.75,6,1.0
2013,OAK,8,4,11,0.6170212765957447,47,4.75,6,1.0
2013,OAK,9,4,11,0.6041666666666666,48,4.75,6,1.0
2013,OAK,10,4,11,0.6170212765957447,47,4.75,6,1.0
2013,OAK,11,4,11,0.625,48,4.75,6,1.0
2013,OAK,12,4,11,0.6,50,4.75,6,1.0
2013,OAK,13,4,11,0.6,50,4.75,6,1.0
2013,OAK,14,4,11,0.5769230769230769,52,4.75,6,1.0
2013,OAK,15,4,11,0.5660377358490566,53,4.75,6,1.0
2013,OAK,16,4,11,0.5660377358490566,53,4.75,6,1.0
2013,OAK,17,4,11,0.5660377358490566,53,4.75,6,1.0
2013,PHI,1,4,13,0.803921568627451,51,7.0,7,1.0
2013,PHI,2,4,13,0.803921568627451,51,7.0,7,1.0
2013,PHI,3,4,13,0.8076923076923077,52,7.0,7,1.0
2013,PHI,4,4,13,0.8076923076923077,52,7.0,7,1.0
2013,PHI,5,4,13,0.8076923076923077,52,7.0,7,1.0
2013,PHI,6,4,13,0.8076923076923077,52,7.0,7,1.0
2013,PHI,7,4,13,0.7884615384615384,52,7.0,7,1.0
2013,PHI,8,4,13,0.7843137254901961,51,7.0,7,1.0
2013,PHI,9,4,13,0.78,50,7.0,7,1.0
2013,PHI,10,4,13,0.7843137254901961,51,7.0,7,1.0
2013,PHI,11,4,13,0.7884615384615384,52,8.0,7,1.0
2013,PHI,12,4,13,0.7884615384615384,52,8.0,7,1.0
2013,PHI,13,4,13,0.7884615384615384,52,8.0,7,1.0
2013,PHI,14,4,13,0.7884615384615384,52,8.0,7,1.0
2013,PHI,15,4,13,0.7884615384615384,52,8.0,7,1.0
2013,PHI,16,4,13,0.7735849056603774,53,8.0,7,1.0
2013,PHI,17,4,13,0.7735849056603774,53,8.0,7,1.0
2013,PHI,18,4,13,0.7735849056603774,53,8.0,7,1.0
2013,PIT,1,9,13,0.7272727272727273,44,2.0,6,3.0
2013,PIT,2,9,13,0.717391304347826,46,2.5,6,3.0
2013,PIT,3,9,13,0.717391304347826,46,2.0,6,3.0
2013,PIT,4,9,13,0.717391304347826,46,2.0,6,3.0
2013,PIT,5,9,13,0.7333333333333333,45,2.0,6,3.0
2013,PIT,6,9,13,0.7446808510638298,47,2.0,6,3.0
2013,PIT,7,9,13,0.7346938775510204,49,2.0,6,3.0
2013,PIT,8,9,13,0.7346938775510204,49,2.0,6,3.0
2013,PIT,9,9,13,0.7142857142857143,49,3.0,7,3.0
2013,PIT,10,9,13,0.7291666666666666,48,3.0,7,3.0
2013,PIT,11,9,13,0.7291666666666666,48,3.0,7,3.0
2013,PIT,12,9,13,0.7291666666666666,48,3.0,7,3.0
2013,PIT,13,9,13,0.7142857142857143,49,3.0,7,3.0
2013,PIT,14,9,13,0.7058823529411765,51,3.0,7,3.0
2013,PIT,15,9,13,0.6923076923076923,52,3.0,7,3.0
2013,PIT,16,9,13,0.6792452830188679,53,3.0,7,3.0
2013,PIT,17,9,13,0.6792452830188679,53,3.0,7,3.0
2013,SD,1,5,11,0.782608695652174,46,3.5,6,1.0
2013,SD,2,5,11,0.782608695652174,46,3.5,6,1.0
2013,SD,3,5,11,0.782608695652174,46,3.5,6,1.0
2013,SD,4,5,11,0.8043478260869565,46,3.5,6,1.0
2013,SD,5,5,11,0.7916666666666666,48,3.5,6,1.0
2013,SD,6,5,11,0.7755102040816326,49,3.5,6,1.0
2013,SD,7,5,11,0.7755102040816326,49,3.5,6,1.0
2013,SD,8,5,11,0.7755102040816326,49,3.5,6,1.0
2013,SD,9,5,11,0.7755102040816326,49,3.5,6,1.0
2013,SD,10,5,11,0.7755102040816326,49,3.5,6,1.0
2013,SD,11,5,11,0.7450980392156863,51,3.5,6,1.0
2013,SD,12,5,11,0.7450980392156863,51,3.5,6,1.0
2013,SD,13,5,11,0.7450980392156863,51,3.5,6,1.0
2013,SD,14,6,12,0.7647058823529411,51,3.5,6,1.0
2013,SD,15,6,12,0.7647058823529411,51,3.5,6,1.0
2013,SD,16,6,12,0.75,52,3.5,6,1.0
2013,SD,17,6,12,0.7358490566037735,53,3.5,6,1.0
2013,SD,18,6,12,0.7358490566037735,53,3.5,6,1.0
2013,SD,19,6,12,0.7358490566037735,53,3.5,6,1.0
2013,SEA,1,4,10,0.6595744680851063,47,7.0,8,5.0
2013,SEA,2,4,10,0.6595744680851063,47,7.0,8,5.0
2013,SEA,3,3,9,0.6521739130434783,46,6.0,7,5.0
2013,SEA,4,3,9,0.6382978723404256,47,6.0,7,5.0
2013,SEA,5,4,10,0.6595744680851063,47,6.0,7,5.0
2013,SEA,6,4,10,0.6458333333333334,48,6.0,7,5.0
2013,SEA,7,4,10,0.6458333333333334,48,6.0,7,5.0
2013,SEA,8,4,10,0.6530612244897959,49,6.0,8,5.0
2013,SEA,9,4,10,0.64,50,6.0,8,5.0
2013,SEA,10,4,10,0.6530612244897959,49,6.0,8,5.0
2013,SEA,11,6,12,0.6666666666666666,51,7.75,10,6.0
2013,SEA,12,6,12,0.6666666666666666,51,7.75,10,6.0
2013,SEA,13,6,12,0.6470588235294118,51,7.75,10,6.0
2013,SEA,14,6,12,0.6470588235294118,51,7.75,10,6.0
2013,SEA,15,6,12,0.6538461538461539,52,7.75,10,6.0
2013,SEA,16,6,12,0.6415094339622641,53,7.75,10,6.0
2013,SEA,17,6,12,0.6415094339622641,53,7.75,10,6.0
2013,SEA,18,6,12,0.6415094339622641,53,7.75,10,6.0
2013,SEA,19,6,12,0.6415094339622641,53,7.75,10,6.0
2013,SEA,20,6,12,0.6415094339622641,53,7.75,10,6.0
2013,SEA,21,6,12,0.6415094339622641,53,7.75,10,6.0
2013,SF,1,12,16,0.7291666666666666,48,13.25,14,9.0
2013,SF,2,12,16,0.7083333333333334,48,14.0,15,9.0
2013,SF,3,12,16,0.7083333333333334,48,14.0,15,9.0
2013,SF,4,11,15,0.6875,48,13.0,14,8.0
2013,SF,5,11,16,0.6938775510204082,49,13.0,14,8.0
2013,SF,6,11,16,0.6938775510204082,49,13.0,14,8.0
2013,SF,7,11,16,0.6938775510204082,49,13.0,14,8.0
2013,SF,8,11,16,0.6938775510204082,49,13.0,14,8.0
2013,SF,9,11,15,0.6956521739130435,46,13.0,14,8.0
2013,SF,10,12,17,0.7083333333333334,48,14.0,15,9.0
2013,SF,11,12,17,0.6938775510204082,49,14.0,15,9.0
2013,SF,12,12,17,0.6938775510204082,49,14.0,15,9.0
2013,SF,13,13,18,0.7,50,14.0,15,9.0
2013,SF,14,13,18,0.7,50,14.0,15,9.0
2013,SF,15,13,18,0.7058823529411765,51,14.0,15,9.0
2013,SF,16,13,18,0.6923076923076923,52,14.0,15,9.0
2013,SF,17,13,18,0.6923076923076923,52,14.0,15,9.0
2013,SF,18,13,18,0.6981132075471698,53,14.0,15,9.0
2013,SF,19,13,18,0.6981132075471698,53,14.0,15,9.0
2013,SF,20,13,18,0.6981132075471698,53,14.0,15,9.0
2013,STL,1,6,12,0.6595744680851063,47,1.0,0,0.0
2013,STL,2,6,13,0.6666666666666666,48,1.0,0,0.0
2013,STL,3,6,13,0.6875,48,1.0,0,0.0
2013,STL,4,6,13,0.6875,48,1.0,0,0.0
2013,STL,5,6,13,0.6530612244897959,49,1.0,0,0.0
2013,STL,6,6,13,0.6530612244897959,49,1.0,0,0.0
2013,STL,7,6,13,0.6530612244897959,49,1.0,0,0.0
2013,STL,8,6,13,0.6326530612244898,49,1.0,0,0.0
2013,STL,9,6,13,0.6326530612244898,49,1.0,0,0.0
2013,STL,10,6,13,0.6326530612244898,49,1.0,0,0.0
2013,STL,11,6,13,0.6326530612244898,49,1.0,0,0.0
2013,STL,12,6,13,0.6274509803921569,51,1.0,0,0.0
2013,STL,13,6,13,0.6274509803921569,51,1.0,0,0.0
2013,STL,14,6,13,0.6274509803921569,51,1.0,0,0.0
2013,STL,15,6,13,0.6346153846153846,52,1.0,0,0.0
2013,STL,16,6,13,0.6346153846153846,52,1.0,0,0.0
2013,STL,17,6,13,0.6226415094339622,53,1.0,0,0.0
2013,TB,1,7,11,0.75,40,5.0,7,4.0
2013,TB,2,7,11,0.725,40,5.0,7,4.0
2013,TB,3,7,11,0.7,40,5.0,7,4.0
2013,TB,4,7,11,0.725,40,5.0,7,4.0
2013,TB,5,6,10,0.7073170731707317,41,5.0,7,4.0
2013,TB,6,6,10,0.6904761904761905,42,5.0,7,4.0
2013,TB,7,6,10,0.6744186046511628,43,5.0,7,4.0
2013,TB,8,6,10,0.6590909090909091,44,5.0,7,4.0
2013,TB,9,6,10,0.6444444444444445,45,5.0,7,4.0
2013,TB,10,6,10,0.6170212765957447,47,5.0,7,4.0
2013,TB,11,6,10,0.6041666666666666,48,5.0,7,4.0
2013,TB,12,6,10,0.5833333333333334,48,4.0,6,3.0
2013,TB,13,6,10,0.58,50,5.0,7,4.0
2013,TB,14,6,10,0.5686274509803921,51,5.0,7,4.0
2013,TB,15,6,10,0.5686274509803921,51,5.0,7,4.0
2013,TB,16,6,10,0.5576923076923077,52,5.0,7,4.0
2013,TB,17,6,10,0.5660377358490566,53,5.0,7,4.0
2013,TEN,1,8,14,0.7916666666666666,48,5.25,4,1.0
2013,TEN,2,8,14,0.7916666666666666,48,5.25,4,1.0
2013,TEN,3,8,14,0.7916666666666666,48,5.25,4,1.0
2013,TEN,4,8,14,0.7916666666666666,48,5.25,4,1.0
2013,TEN,5,8,14,0.7916666666666666,48,5.25,4,1.0
2013,TEN,6,8,14,0.7916666666666666,48,5.25,4,1.0
2013,TEN,7,8,14,0.8085106382978723,47,5.25,4,1.0
2013,TEN,8,8,14,0.8260869565217391,46,5.25,4,1.0
2013,TEN,9,8,14,0.8297872340425532,47,5.25,4,1.0
2013,TEN,10,8,14,0.8297872340425532,47,5.25,4,1.0
2013,TEN,11,8,14,0.8125,48,5.25,4,1.0
2013,TEN,12,8,14,0.7916666666666666,48,5.25,4,1.0
2013,TEN,13,7,13,0.7916666666666666,48,5.25,4,1.0
2013,TEN,14,8,14,0.8,50,6.25,5,1.0
2013,TEN,15,8,14,0.7843137254901961,51,6.25,5,1.0
2013,TEN,16,8,14,0.7924528301886793,53,6.25,5,1.0
2013,TEN,17,8,14,0.7924528301886793,53,6.25,5,1.0
2013,WAS,1,8,13,0.8095238095238095,42,3.25,7,3.0
2013,WAS,2,8,13,0.8095238095238095,42,3.25,7,3.0
2013,WAS,3,8,13,0.8095238095238095,42,3.25,7,3.0
2013,WAS,4,8,13,0.8095238095238095,42,3.25,7,3.0
2013,WAS,5,8,13,0.8095238095238095,42,3.25,7,3.0
2013,WAS,6,8,14,0.8181818181818182,44,3.25,7,3.0
2013,WAS,7,8,14,0.8043478260869565,46,3.25,7,3.0
2013,WAS,8,7,13,0.8043478260869565,46,3.25,6,3.0
2013,WAS,9,8,14,0.8043478260869565,46,3.25,7,3.0
2013,WAS,10,8,14,0.8043478260869565,46,3.25,7,3.0
2013,WAS,11,8,14,0.7872340425531915,47,3.25,7,3.0
2013,WAS,12,8,14,0.7872340425531915,47,3.25,7,3.0
2013,WAS,13,8,14,0.7551020408163265,49,3.25,7,3.0
2013,WAS,14,8,14,0.7551020408163265,49,3.25,7,3.0
2013,WAS,15,8,14,0.76,50,3.25,7,3.0
2013,WAS,16,8,14,0.7647058823529411,51,3.25,7,3.0
2013,WAS,17,8,14,0.7358490566037735,53,3.25,7,3.0
2014,ARI,1,8,12,0.7111111111111111,45,7.0,5,2.0
2014,ARI,2,8,12,0.6956521739130435,46,7.0,5,2.0
2014,ARI,3,8,12,0.7111111111111111,45,7.0,5,2.0
2014,ARI,4,8,12,0.717391304347826,46,7.0,5,2.0
2014,ARI,5,8,12,0.723404255319149,47,7.0,5,2.0
2014,ARI,6,8,12,0.6875,48,7.0,5,2.0
2014,ARI,7,8,12,0.6875,48,7.0,5,2.0
2014,ARI,8,8,12,0.6875,48,7.0,5,2.0
2014,ARI,9,8,12,0.7083333333333334,48,7.0,5,2.0
2014,ARI,10,8,12,0.7083333333333334,48,7.0,5,2.0
2014,ARI,11,8,12,0.7,50,7.0,5,2.0
2014,ARI,12,8,12,0.6862745098039216,51,7.0,5,2.0
2014,ARI,13,8,12,0.68,50,7.0,5,2.0
2014,ARI,14,8,12,0.6862745098039216,51,7.0,5,2.0
2014,ARI,15,8,12,0.6923076923076923,52,7.0,5,2.0
2014,ARI,16,8,12,0.6792452830188679,53,7.0,5,2.0
2014,ARI,17,8,12,0.6792452830188679,53,7.0,5,2.0
2014,ARI,18,8,12,0.6792452830188679,53,7.0,5,2.0
2014,ATL,1,8,15,0.8260869565217391,46,7.0,7,0.0
2014,ATL,2,8,15,0.8260869565217391,46,7.0,7,0.0
2014,ATL,3,8,15,0.8260869565217391,46,7.0,7,0.0
2014,ATL,4,8,15,0.8260869565217391,46,7.0,7,0.0
2014,ATL,5,8,15,0.7916666666666666,48,7.0,7,0.0
2014,ATL,6,8,15,0.7916666666666666,48,7.0,7,0.0
2014,ATL,7,8,15,0.7916666666666666,48,7.0,7,0.0
2014,ATL,8,8,15,0.7959183673469388,49,7.0,7,0.0
2014,ATL,9,8,15,0.8163265306122449,49,7.0,7,0.0
2014,ATL,10,8,15,0.8163265306122449,49,7.0,7,0.0
2014,ATL,11,8,15,0.8163265306122449,49,7.0,7,0.0
2014,ATL,12,8,15,0.803921568627451,51,7.0,7,0.0
2014,ATL,13,8,15,0.803921568627451,51,7.0,7,0.0
2014,ATL,14,8,15,0.803921568627451,51,7.0,7,0.0
2014,ATL,15,8,15,0.803921568627451,51,7.0,7,0.0
2014,ATL,16,8,15,0.8076923076923077,52,7.0,7,0.0
2014,ATL,17,8,15,0.7735849056603774,53,7.0,7,0.0
2014,BAL,1,6,11,0.7272727272727273,44,9.0,8,4.0
2014,BAL,2,6,11,0.7441860465116279,43,9.0,8,4.0
2014,BAL,3,6,11,0.7441860465116279,43,9.0,8,4.0
2014,BAL,4,6,11,0.75,44,9.0,8,4.0
2014,BAL,5,6,11,0.75,44,9.0,8,4.0
2014,BAL,6,6,11,0.7674418604651163,43,9.0,8,4.0
2014,BAL,7,6,11,0.75,44,9.0,8,4.0
2014,BAL,8,6,11,0.7333333333333333,45,9.0,8,4.0
2014,BAL,9,6,11,0.7333333333333333,45,9.0,8,4.0
2014,BAL,10,6,12,0.7333333333333333,45,9.0,8,4.0
2014,BAL,11,6,12,0.7333333333333333,45,9.0,8,4.0
2014,BAL,12,6,12,0.7333333333333333,45,9.0,8,4.0
2014,BAL,13,6,12,0.7333333333333333,45,9.0,8,4.0
2014,BAL,14,5,11,0.7111111111111111,45,8.0,7,3.0
2014,BAL,15,6,12,0.7021276595744681,47,8.0,7,3.0
2014,BAL,16,6,12,0.6862745098039216,51,8.0,7,3.0
2014,BAL,17,6,12,0.6923076923076923,52,8.0,7,3.0
2014,BAL,18,7,13,0.6981132075471698,53,9.0,8,4.0
2014,BAL,19,7,13,0.6981132075471698,53,9.0,8,4.0
2014,BUF,1,10,15,0.7708333333333334,48,4.0,5,3.0
2014,BUF,2,10,15,0.7916666666666666,48,4.0,5,3.0
2014,BUF,3,10,15,0.7755102040816326,49,4.0,5,3.0
2014,BUF,4,10,15,0.7755102040816326,49,4.0,5,3.0
2014,BUF,5,10,15,0.7755102040816326,49,4.0,5,3.0
2014,BUF,6,10,15,0.7755102040816326,49,4.0,5,3.0
2014,BUF,7,10,15,0.7755102040816326,49,4.0,5,3.0
2014,BUF,8,9,14,0.7551020408163265,49,4.0,5,3.0
2014,BUF,9,9,14,0.7551020408163265,49,4.0,5,3.0
2014,BUF,10,9,14,0.74,50,4.0,5,3.0
2014,BUF,11,9,14,0.7551020408163265,49,4.0,5,3.0
2014,BUF,12,9,14,0.76,50,4.0,5,3.0
2014,BUF,13,9,14,0.7450980392156863,51,4.0,5,3.0
2014,BUF,14,9,14,0.7450980392156863,51,4.0,5,3.0
2014,BUF,15,9,14,0.7307692307692307,52,4.0,5,3.0
2014,BUF,16,10,15,0.7358490566037735,53,4.0,5,3.0
2014,BUF,17,10,15,0.7358490566037735,53,4.0,5,3.0
2014,CAR,1,9,15,0.6458333333333334,48,5.25,7,2.0
2014,CAR,2,9,15,0.6458333333333334,48,5.25,7,2.0
2014,CAR,3,9,15,0.6458333333333334,48,5.25,7,2.0
2014,CAR,4,9,15,0.6595744680851063,47,4.25,6,2.0
2014,CAR,5,9,15,0.6666666666666666,48,4.25,6,2.0
2014,CAR,6,9,15,0.6530612244897959,49,4.25,6,2.0
2014,CAR,7,9,15,0.64,50,4.25,6,2.0
2014,CAR,8,9,15,0.64,50,4.25,6,2.0
2014,CAR,9,9,15,0.6153846153846154,52,4.25,6,2.0
2014,CAR,10,9,15,0.6153846153846154,52,4.25,6,2.0
2014,CAR,11,9,15,0.6153846153846154,52,4.25,6,2.0
2014,CAR,12,9,15,0.5961538461538461,52,5.25,7,2.0
2014,CAR,13,9,15,0.5882352941176471,51,5.25,7,2.0
2014,CAR,14,8,14,0.56,50,5.25,7,2.0
2014,CAR,15,8,14,0.5490196078431373,51,5.25,7,2.0
2014,CAR,16,8,14,0.5384615384615384,52,5.25,7,2.0
2014,CAR,17,8,14,0.5471698113207547,53,5.25,7,2.0
2014,CAR,18,8,14,0.5471698113207547,53,5.25,7,2.0
2014,CAR,19,8,14,0.5471698113207547,53,5.25,7,2.0
2014,CHI,1,4,12,0.7804878048780488,41,4.5,7,4.0
2014,CHI,2,4,13,0.7857142857142857,42,4.5,7,4.0
2014,CHI,3,4,13,0.8292682926829268,41,4.5,7,4.0
2014,CHI,4,4,13,0.8292682926829268,41,4.5,7,4.0
2014,CHI,5,4,13,0.8095238095238095,42,4.5,7,4.0
2014,CHI,6,4,13,0.7619047619047619,42,4.5,7,4.0
2014,CHI,7,4,13,0.7674418604651163,43,4.5,7,4.0
2014,CHI,8,4,13,0.7674418604651163,43,4.5,7,4.0
2014,CHI,9,4,13,0.7674418604651163,43,4.5,7,4.0
2014,CHI,10,4,13,0.7555555555555555,45,4.5,7,4.0
2014,CHI,11,4,13,0.7608695652173914,46,4.5,7,4.0
2014,CHI,12,4,13,0.7608695652173914,46,5.25,8,4.0
2014,CHI,13,4,13,0.7446808510638298,47,5.25,8,4.0
2014,CHI,14,4,13,0.7142857142857143,49,5.25,8,4.0
2014,CHI,15,4,13,0.6923076923076923,52,6.0,9,4.0
2014,CHI,16,4,13,0.6923076923076923,52,6.0,9,4.0
2014,CHI,17,4,13,0.6981132075471698,53,6.0,9,4.0
2014,CIN,1,10,20,0.9090909090909092,44,3.0,5,2.0
2014,CIN,2,10,21,0.9111111111111112,45,3.0,5,2.0
2014,CIN,3,10,21,0.8723404255319149,47,3.0,5,2.0
2014,CIN,4,10,21,0.8723404255319149,47,3.0,5,2.0
2014,CIN,5,10,21,0.8723404255319149,47,3.0,5,2.0
2014,CIN,6,10,21,0.8723404255319149,47,3.0,5,2.0
2014,CIN,7,10,22,0.8775510204081632,49,3.0,5,2.0
2014,CIN,8,10,22,0.8775510204081632,49,3.0,5,2.0
2014,CIN,9,10,22,0.8775510204081632,49,3.0,5,2.0
2014,CIN,10,10,22,0.8775510204081632,49,3.0,5,2.0
2014,CIN,11,10,22,0.8775510204081632,49,3.0,5,2.0
2014,CIN,12,10,22,0.8775510204081632,49,3.0,5,2.0
2014,CIN,13,10,22,0.88,50,3.0,5,2.0
2014,CIN,14,10,22,0.8823529411764706,51,3.0,5,2.0
2014,CIN,15,10,22,0.8846153846153846,52,3.0,5,2.0
2014,CIN,16,10,22,0.8846153846153846,52,3.0,5,2.0
2014,CIN,17,10,22,0.8846153846153846,52,3.0,5,2.0
2014,CIN,18,10,22,0.8867924528301887,53,3.0,5,2.0
2014,CLE,1,5,11,0.6829268292682927,41,6.0,4,1.0
2014,CLE,2,5,11,0.6428571428571429,42,6.0,4,1.0
2014,CLE,3,5,11,0.6428571428571429,42,6.0,4,1.0
2014,CLE,4,5,11,0.6428571428571429,42,6.0,4,1.0
2014,CLE,5,5,11,0.627906976744186,43,6.0,4,1.0
2014,CLE,6,5,11,0.627906976744186,43,6.0,4,1.0
2014,CLE,7,5,11,0.6590909090909091,44,6.0,4,1.0
2014,CLE,8,5,11,0.6444444444444445,45,6.0,4,1.0
2014,CLE,9,5,11,0.6363636363636364,44,6.0,4,1.0
2014,CLE,10,5,11,0.6363636363636364,44,6.0,4,1.0
2014,CLE,11,5,11,0.6363636363636364,44,6.0,4,1.0
2014,CLE,12,5,10,0.627906976744186,43,6.0,4,1.0
2014,CLE,13,5,10,0.627906976744186,43,6.0,4,1.0
2014,CLE,14,5,10,0.6136363636363636,44,6.0,4,1.0
2014,CLE,15,5,10,0.6,45,6.0,4,1.0
2014,CLE,16,5,10,0.5957446808510638,47,6.0,4,1.0
2014,CLE,17,5,10,0.5769230769230769,52,6.0,4,1.0
2014,DAL,1,7,9,0.6304347826086957,46,3.75,6,5.0
2014,DAL,2,7,9,0.6304347826086957,46,3.75,6,5.0
2014,DAL,3,7,9,0.625,48,3.75,6,5.0
2014,DAL,4,7,9,0.6382978723404256,47,3.75,6,5.0
2014,DAL,5,7,9,0.625,48,3.75,6,5.0
2014,DAL,6,7,9,0.6382978723404256,47,3.75,6,5.0
2014,DAL,7,7,9,0.6170212765957447,47,3.75,6,5.0
2014,DAL,8,7,9,0.6170212765957447,47,3.75,6,5.0
2014,DAL,9,7,10,0.625,48,3.75,6,5.0
2014,DAL,10,7,10,0.625,48,3.75,6,5.0
2014,DAL,11,7,10,0.6530612244897959,49,3.75,6,5.0
2014,DAL,12,7,10,0.6530612244897959,49,3.75,6,5.0
2014,DAL,13,7,10,0.64,50,3.75,6,5.0
2014,DAL,14,7,10,0.64,50,3.75,6,5.0
2014,DAL,15,7,10,0.6274509803921569,51,3.75,6,5.0
2014,DAL,16,7,10,0.6274509803921569,51,3.75,6,5.0
2014,DAL,17,7,10,0.6274509803921569,51,3.75,6,5.0
2014,DAL,18,7,10,0.6346153846153846,52,3.75,6,5.0
2014,DAL,19,7,10,0.6415094339622641,53,3.75,6,5.0
2014,DEN,1,8,15,0.717391304347826,46,8.0,8,7.0
2014,DEN,2,8,15,0.717391304347826,46,8.0,8,7.0
2014,DEN,3,8,15,0.7021276595744681,47,9.0,9,8.0
2014,DEN,4,8,15,0.7021276595744681,47,9.0,9,8.0
2014,DEN,5,8,15,0.7021276595744681,47,9.0,9,8.0
2014,DEN,6,8,15,0.7021276595744681,47,9.0,9,8.0
2014,DEN,7,8,15,0.6875,48,9.0,9,8.0
2014,DEN,8,8,15,0.7021276595744681,47,9.0,9,8.0
2014,DEN,9,8,15,0.7021276595744681,47,9.0,9,8.0
2014,DEN,10,8,15,0.7021276595744681,47,9.0,9,8.0
2014,DEN,11,8,15,0.6875,48,9.0,9,8.0
2014,DEN,12,8,15,0.673469387755102,49,9.0,9,8.0
2014,DEN,13,8,15,0.673469387755102,49,9.0,9,8.0
2014,DEN,14,8,15,0.66,50,9.0,9,8.0
2014,DEN,15,8,15,0.6470588235294118,51,9.0,9,8.0
2014,DEN,16,8,15,0.6538461538461539,52,9.0,9,8.0
2014,DEN,17,8,15,0.6538461538461539,52,9.0,9,8.0
2014,DEN,18,8,15,0.6538461538461539,52,9.0,9,8.0
2014,DEN,19,8,15,0.6415094339622641,53,9.0,9,8.0
2014,DET,1,9,16,0.6888888888888889,45,7.75,4,5.0
2014,DET,2,9,16,0.6956521739130435,46,7.75,4,5.0
2014,DET,3,9,16,0.6808510638297872,47,7.75,4,5.0
2014,DET,4,9,16,0.6666666666666666,48,7.75,4,5.0
2014,DET,5,9,16,0.6666666666666666,48,7.0,3,5.0
2014,DET,6,9,16,0.6530612244897959,49,8.0,4,5.0
2014,DET,7,9,16,0.6530612244897959,49,8.0,4,5.0
2014,DET,8,9,16,0.6458333333333334,48,8.0,4,5.0
2014,DET,9,9,16,0.6595744680851063,47,8.0,4,5.0
2014,DET,10,9,17,0.68,50,8.0,4,5.0
2014,DET,11,9,17,0.68,50,8.0,4,5.0
2014,DET,12,9,17,0.68,50,8.0,4,5.0
2014,DET,13,9,17,0.6666666666666666,51,8.0,4,5.0
2014,DET,14,9,17,0.6666666666666666,51,8.0,4,5.0
2014,DET,15,9,17,0.6666666666666666,51,8.0,4,5.0
2014,DET,16,9,17,0.6730769230769231,52,8.0,4,5.0
2014,DET,17,9,16,0.6666666666666666,51,8.0,4,5.0
2014,DET,18,9,17,0.6730769230769231,52,8.0,4,5.0
2014,GB,1,8,14,0.6938775510204082,49,9.75,7,3.0
2014,GB,2,8,14,0.6938775510204082,49,9.75,7,3.0
2014,GB,3,8,14,0.6938775510204082,49,9.75,7,3.0
2014,GB,4,8,14,0.6938775510204082,49,9.75,7,3.0
2014,GB,5,8,14,0.6938775510204082,49,9.75,7,3.0
2014,GB,6,8,14,0.6938775510204082,49,9.75,7,3.0
2014,GB,7,8,14,0.6938775510204082,49,9.75,7,3.0
2014,GB,8,8,14,0.6938775510204082,49,9.75,7,3.0
2014,GB,9,8,14,0.6938775510204082,49,9.75,7,3.0
2014,GB,10,8,14,0.7058823529411765,51,9.75,7,3.0
2014,GB,11,8,14,0.6862745098039216,51,9.75,7,3.0
2014,GB,12,8,14,0.6862745098039216,51,9.75,7,3.0
2014,GB,13,8,14,0.6862745098039216,51,9.75,7,3.0
2014,GB,14,8,14,0.6730769230769231,52,9.75,7,3.0
2014,GB,15,8,14,0.660377358490566,53,9.75,7,3.0
2014,GB,16,8,14,0.660377358490566,53,9.75,7,3.0
2014,GB,17,8,14,0.660377358490566,53,9.75,7,3.0
2014,GB,18,8,14,0.660377358490566,53,9.75,7,3.0
2014,GB,19,8,14,0.660377358490566,53,9.75,7,3.0
2014,GB,20,8,14,0.660377358490566,53,9.75,7,3.0
2014,HOU,1,9,13,0.7391304347826086,46,7.5,8,2.0
2014,HOU,2,9,13,0.7391304347826086,46,7.5,8,2.0
2014,HOU,3,9,13,0.7555555555555555,45,7.5,8,2.0
2014,HOU,4,10,14,0.7608695652173914,46,7.5,8,2.0
2014,HOU,5,9,13,0.723404255319149,47,7.5,8,2.0
2014,HOU,6,9,13,0.7291666666666666,48,7.5,8,2.0
2014,HOU,7,9,13,0.7291666666666666,48,7.5,8,2.0
2014,HOU,8,9,13,0.7291666666666666,48,7.5,8,2.0
2014,HOU,9,9,13,0.7291666666666666,48,7.5,8,2.0
2014,HOU,10,9,13,0.7291666666666666,48,7.5,8,2.0
2014,HOU,11,9,13,0.7291666666666666,48,7.5,8,2.0
2014,HOU,12,9,13,0.7291666666666666,48,7.5,8,2.0
2014,HOU,13,9,13,0.7142857142857143,49,7.5,8,2.0
2014,HOU,14,9,13,0.7,50,7.5,8,2.0
2014,HOU,15,9,13,0.6730769230769231,52,7.5,8,2.0
2014,HOU,16,9,13,0.660377358490566,53,7.5,8,2.0
2014,HOU,17,9,13,0.660377358490566,53,7.5,8,2.0
2014,IND,1,8,12,0.6888888888888889,45,2.0,4,1.0
2014,IND,2,8,12,0.7111111111111111,45,2.0,4,1.0
2014,IND,3,8,12,0.7111111111111111,45,2.0,4,1.0
2014,IND,4,8,12,0.717391304347826,46,2.0,4,1.0
2014,IND,5,7,11,0.7021276595744681,47,2.0,3,1.0
2014,IND,6,7,11,0.6956521739130435,46,2.0,3,1.0
2014,IND,7,7,11,0.6956521739130435,46,2.0,3,1.0
2014,IND,8,7,11,0.6956521739130435,46,2.0,3,1.0
2014,IND,9,7,11,0.6956521739130435,46,2.0,3,1.0
2014,IND,10,8,12,0.6739130434782609,46,2.0,4,1.0
2014,IND,11,8,12,0.6739130434782609,46,2.0,4,1.0
2014,IND,12,8,12,0.6595744680851063,47,3.0,5,1.0
2014,IND,13,8,12,0.673469387755102,49,3.0,6,1.0
2014,IND,14,8,12,0.66,50,3.0,6,1.0
2014,IND,15,8,12,0.66,50,3.0,6,1.0
2014,IND,16,8,12,0.66,50,3.0,6,1.0
2014,IND,17,8,12,0.66,50,3.0,6,1.0
2014,IND,18,8,12,0.6666666666666666,51,3.0,6,1.0
2014,IND,19,8,12,0.6538461538461539,52,3.0,6,1.0
2014,IND,20,8,12,0.6415094339622641,53,3.0,6,1.0
2014,JAX,1,5,12,0.7906976744186046,43,0.75,2,0.0
2014,JAX,2,5,12,0.7674418604651163,43,0.75,2,0.0
2014,JAX,3,4,11,0.7857142857142857,42,0.0,1,0.0
2014,JAX,4,4,12,0.7727272727272727,44,0.0,1,0.0
2014,JAX,5,4,12,0.7608695652173914,46,0.0,1,0.0
2014,JAX,6,4,12,0.7608695652173914,46,0.0,1,0.0
2014,JAX,7,4,12,0.7608695652173914,46,0.0,1,0.0
2014,JAX,8,4,12,0.7608695652173914,46,0.0,1,0.0
2014,JAX,9,4,12,0.7659574468085106,47,0.0,1,0.0
2014,JAX,10,4,12,0.7659574468085106,47,0.0,1,0.0
2014,JAX,11,4,12,0.75,48,0.0,1,0.0
2014,JAX,12,5,13,0.7551020408163265,49,0.75,2,0.0
2014,JAX,13,5,13,0.76,50,0.75,2,0.0
2014,JAX,14,5,13,0.7647058823529411,51,0.75,2,0.0
2014,JAX,15,5,13,0.7647058823529411,51,0.75,2,0.0
2014,JAX,16,5,13,0.7358490566037735,53,0.75,2,0.0
2014,JAX,17,5,13,0.7358490566037735,53,0.75,2,0.0
2014,KC,1,5,9,0.6888888888888889,45,6.0,6,3.0
2014,KC,2,6,10,0.7083333333333334,48,6.75,7,3.0
2014,KC,3,6,10,0.7083333333333334,48,6.75,7,3.0
2014,KC,4,6,10,0.7083333333333334,48,6.75,7,3.0
2014,KC,5,6,10,0.7142857142857143,49,6.75,7,3.0
2014,KC,6,6,10,0.7142857142857143,49,6.75,7,3.0
2014,KC,7,6,10,0.7142857142857143,49,6.75,7,3.0
2014,KC,8,6,10,0.7142857142857143,49,6.75,7,3.0
2014,KC,9,6,10,0.7142857142857143,49,6.75,7,3.0
2014,KC,10,6,10,0.7346938775510204,49,6.75,7,3.0
2014,KC,11,6,10,0.7058823529411765,51,6.75,7,3.0
2014,KC,12,6,10,0.7058823529411765,51,6.75,7,3.0
2014,KC,13,6,10,0.7169811320754716,53,6.75,7,3.0
2014,KC,14,6,10,0.7358490566037735,53,6.75,7,3.0
2014,KC,15,6,10,0.7358490566037735,53,6.75,7,3.0
2014,KC,16,6,10,0.7358490566037735,53,6.75,7,3.0
2014,KC,17,6,10,0.7358490566037735,53,6.75,7,3.0
2014,MIA,1,4,8,0.7380952380952381,42,5.0,7,3.0
2014,MIA,2,4,8,0.7441860465116279,43,5.0,7,3.0
2014,MIA,3,4,9,0.75,44,5.0,7,3.0
2014,MIA,4,4,9,0.75,44,5.0,7,3.0
2014,MIA,5,4,9,0.75,44,5.0,7,3.0
2014,MIA,6,4,9,0.7906976744186046,43,6.0,7,3.0
2014,MIA,7,4,9,0.7906976744186046,43,6.0,7,3.0
2014,MIA,8,5,10,0.7954545454545454,44,6.0,7,3.0
2014,MIA,9,5,10,0.7954545454545454,44,6.0,7,3.0
2014,MIA,10,5,10,0.7777777777777778,45,6.0,7,3.0
2014,MIA,11,5,11,0.782608695652174,46,6.0,7,3.0
2014,MIA,12,5,11,0.7872340425531915,47,6.0,7,3.0
2014,MIA,13,5,11,0.7916666666666666,48,6.0,7,3.0
2014,MIA,14,5,11,0.7916666666666666,48,6.0,7,3.0
2014,MIA,15,5,11,0.7755102040816326,49,6.0,7,3.0
2014,MIA,16,5,11,0.7647058823529411,51,6.0,7,3.0
2014,MIA,17,5,11,0.7358490566037735,53,6.0,7,3.0
2014,MIN,1,8,12,0.782608695652174,46,5.0,7,0.0
2014,MIN,2,8,12,0.782608695652174,46,5.0,7,0.0
2014,MIN,3,8,12,0.7872340425531915,47,5.0,7,0.0
2014,MIN,4,8,12,0.7551020408163265,49,5.0,7,0.0
2014,MIN,5,8,12,0.7708333333333334,48,5.0,7,0.0
2014,MIN,6,8,12,0.7551020408163265,49,5.0,7,0.0
2014,MIN,7,8,12,0.7551020408163265,49,5.0,7,0.0
2014,MIN,8,8,12,0.7551020408163265,49,5.0,7,0.0
2014,MIN,9,8,12,0.7551020408163265,49,5.0,7,0.0
2014,MIN,10,8,12,0.7551020408163265,49,5.0,7,0.0
2014,MIN,11,8,12,0.7551020408163265,49,5.0,7,0.0
2014,MIN,12,8,13,0.7755102040816326,49,5.0,7,0.0
2014,MIN,13,8,13,0.7755102040816326,49,5.0,7,0.0
2014,MIN,14,8,13,0.76,50,5.0,7,0.0
2014,MIN,15,8,13,0.7647058823529411,51,5.0,7,0.0
2014,MIN,16,8,13,0.7692307692307693,52,5.0,7,0.0
2014,MIN,17,8,12,0.7547169811320755,53,5.0,7,0.0
2014,NE,1,6,13,0.6808510638297872,47,7.5,7,3.0
2014,NE,2,6,13,0.6739130434782609,46,7.5,7,3.0
2014,NE,3,6,13,0.6739130434782609,46,7.5,7,3.0
2014,NE,4,6,13,0.6739130434782609,46,7.5,7,3.0
2014,NE,5,6,13,0.6739130434782609,46,7.5,7,3.0
2014,NE,6,6,13,0.6595744680851063,47,7.5,8,3.0
2014,NE,7,6,13,0.6458333333333334,48,7.5,8,3.0
2014,NE,8,6,14,0.6666666666666666,48,7.5,8,3.0
2014,NE,9,6,15,0.66,50,8.5,8,3.0
2014,NE,10,6,15,0.66,50,8.5,8,3.0
2014,NE,11,6,15,0.66,50,8.5,8,3.0
2014,NE,12,6,15,0.66,50,8.5,8,3.0
2014,NE,13,6,15,0.66,50,8.5,8,3.0
2014,NE,14,6,15,0.6470588235294118,51,8.5,8,3.0
2014,NE,15,6,15,0.6470588235294118,51,8.5,8,3.0
2014,NE,16,6,15,0.6470588235294118,51,8.5,8,3.0
2014,NE,17,6,15,0.6538461538461539,52,8.5,8,3.0
2014,NE,18,6,15,0.6538461538461539,52,8.5,8,3.0
2014,NE,19,6,15,0.6538461538461539,52,8.5,8,3.0
2014,NE,20,6,15,0.6415094339622641,53,8.5,8,3.0
2014,NE,21,6,15,0.6415094339622641,53,8.5,8,3.0
2014,NO,1,7,10,0.6428571428571429,42,5.5,7,3.0
2014,NO,2,7,10,0.6428571428571429,42,5.5,7,3.0
2014,NO,3,7,10,0.6428571428571429,42,5.5,7,3.0
2014,NO,4,7,10,0.6428571428571429,42,5.5,7,3.0
2014,NO,5,7,10,0.6428571428571429,42,5.5,7,3.0
2014,NO,6,7,10,0.6428571428571429,42,5.5,7,3.0
2014,NO,7,7,10,0.627906976744186,43,5.5,7,3.0
2014,NO,8,7,10,0.6511627906976745,43,5.5,7,3.0
2014,NO,9,7,10,0.6363636363636364,44,5.5,7,3.0
2014,NO,10,7,10,0.6222222222222222,45,5.5,7,3.0
2014,NO,11,7,10,0.6363636363636364,44,5.5,7,3.0
2014,NO,12,7,10,0.6458333333333334,48,5.5,7,3.0
2014,NO,13,7,10,0.6326530612244898,49,5.5,7,3.0
2014,NO,14,7,10,0.6326530612244898,49,5.5,7,3.0
2014,NO,15,7,10,0.62,50,5.5,7,3.0
2014,NO,16,7,10,0.62,50,5.5,7,3.0
2014,NO,17,7,10,0.5849056603773585,53,5.5,7,3.0
2014,NYG,1,7,11,0.7,40,3.75,5,1.0
2014,NYG,2,7,11,0.7,40,3.75,5,1.0
2014,NYG,3,7,11,0.7,40,3.75,5,1.0
2014,NYG,4,7,11,0.7,40,3.75,5,1.0
2014,NYG,5,7,11,0.6829268292682927,41,3.75,5,1.0
2014,NYG,6,7,11,0.7073170731707317,41,3.75,5,1.0
2014,NYG,7,7,11,0.6744186046511628,43,3.75,5,1.0
2014,NYG,8,7,11,0.6744186046511628,43,3.75,5,1.0
2014,NYG,9,7,11,0.6818181818181818,44,3.75,5,1.0
2014,NYG,10,7,11,0.6888888888888889,45,3.75,5,1.0
2014,NYG,11,7,11,0.6739130434782609,46,3.75,5,1.0
2014,NYG,12,7,11,0.6739130434782609,46,3.75,5,1.0
2014,NYG,13,7,11,0.6739130434782609,46,3.75,5,1.0
2014,NYG,14,7,11,0.66,50,3.75,5,1.0
2014,NYG,15,7,11,0.66,50,3.75,5,1.0
2014,NYG,16,7,11,0.6415094339622641,53,3.75,5,1.0
2014,NYG,17,7,11,0.6415094339622641,53,3.75,5,1.0
2014,NYJ,1,11,16,0.75,48,6.25,5,2.0
2014,NYJ,2,11,16,0.7446808510638298,47,6.25,5,2.0
2014,NYJ,3,11,16,0.7446808510638298,47,6.25,5,2.0
2014,NYJ,4,11,16,0.7446808510638298,47,6.25,5,2.0
2014,NYJ,5,11,16,0.7346938775510204,49,6.25,5,2.0
2014,NYJ,6,11,16,0.7346938775510204,49,6.25,5,2.0
2014,NYJ,7,11,16,0.74,50,6.25,5,2.0
2014,NYJ,8,12,17,0.7450980392156863,51,7.0,6,2.0
2014,NYJ,9,12,17,0.7254901960784313,51,7.0,6,2.0
2014,NYJ,10,12,17,0.7254901960784313,51,7.0,6,2.0
2014,NYJ,11,12,17,0.7254901960784313,51,7.0,6,2.0
2014,NYJ,12,12,17,0.7254901960784313,51,7.0,6,2.0
2014,NYJ,13,12,17,0.7115384615384616,52,7.0,6,2.0
2014,NYJ,14,12,17,0.6981132075471698,53,7.0,6,2.0
2014,NYJ,15,12,17,0.6981132075471698,53,7.0,6,2.0
2014,NYJ,16,12,17,0.6923076923076923,52,7.0,6,2.0
2014,NYJ,17,12,17,0.6981132075471698,53,7.0,6,2.0
2014,OAK,1,4,9,0.75,40,4.75,9,0.0
2014,OAK,2,4,9,0.7317073170731707,41,4.75,9,0.0
2014,OAK,3,4,9,0.7317073170731707,41,4.75,9,0.0
2014,OAK,4,4,9,0.7142857142857143,42,4.75,9,0.0
2014,OAK,5,4,9,0.7142857142857143,42,4.75,9,0.0
2014,OAK,6,4,9,0.6818181818181818,44,4.75,9,0.0
2014,OAK,7,4,9,0.6818181818181818,44,4.75,9,0.0
2014,OAK,8,5,10,0.6739130434782609,46,4.75,9,0.0
2014,OAK,9,5,10,0.6888888888888889,45,4.75,9,0.0
2014,OAK,10,5,10,0.6888888888888889,45,4.75,9,0.0
2014,OAK,11,5,10,0.6888888888888889,45,4.75,9,0.0
2014,OAK,12,5,10,0.6888888888888889,45,4.75,9,0.0
2014,OAK,13,5,10,0.6595744680851063,47,4.75,9,0.0
2014,OAK,14,5,10,0.6458333333333334,48,4.75,9,0.0
2014,OAK,15,5,11,0.64,50,4.75,9,0.0
2014,OAK,16,5,11,0.6153846153846154,52,4.75,9,0.0
2014,OAK,17,5,11,0.6226415094339622,53,4.75,9,0.0
2014,PHI,1,6,13,0.7708333333333334,48,8.25,6,4.0
2014,PHI,2,6,13,0.7708333333333334,48,7.25,5,3.0
2014,PHI,3,6,13,0.7708333333333334,48,7.25,5,3.0
2014,PHI,4,6,13,0.7708333333333334,48,7.25,5,3.0
2014,PHI,5,7,14,0.7755102040816326,49,7.25,5,3.0
2014,PHI,6,7,14,0.7755102040816326,49,7.25,5,3.0
2014,PHI,7,7,14,0.78,50,7.25,5,3.0
2014,PHI,8,7,14,0.78,50,7.25,5,3.0
2014,PHI,9,7,14,0.78,50,7.25,5,3.0
2014,PHI,10,7,14,0.7884615384615384,52,8.25,6,4.0
2014,PHI,11,7,14,0.7884615384615384,52,8.25,6,4.0
2014,PHI,12,7,14,0.7884615384615384,52,8.25,6,4.0
2014,PHI,13,7,14,0.7884615384615384,52,8.25,6,4.0
2014,PHI,14,7,14,0.7884615384615384,52,8.25,6,4.0
2014,PHI,15,7,14,0.7735849056603774,53,8.25,6,4.0
2014,PHI,16,7,14,0.7735849056603774,53,8.25,6,4.0
2014,PHI,17,7,14,0.7735849056603774,53,8.25,6,4.0
2014,PIT,1,10,16,0.74,50,3.75,5,2.0
2014,PIT,2,10,16,0.74,50,3.75,5,2.0
2014,PIT,3,10,16,0.74,50,3.75,5,2.0
2014,PIT,4,9,15,0.72,50,4.5,6,2.0
2014,PIT,5,9,15,0.72,50,4.5,6,2.0
2014,PIT,6,9,15,0.7,50,4.5,6,2.0
2014,PIT,7,9,15,0.7,50,4.5,6,2.0
2014,PIT,8,9,15,0.7,50,4.5,6,2.0
2014,PIT,9,9,15,0.7,50,4.5,6,2.0
2014,PIT,10,9,15,0.7,50,4.5,6,2.0
2014,PIT,11,9,15,0.7,50,4.5,6,2.0
2014,PIT,12,9,15,0.7,50,4.5,6,2.0
2014,PIT,13,9,15,0.7,50,4.5,6,2.0
2014,PIT,14,10,16,0.7115384615384616,52,4.5,6,2.0
2014,PIT,15,10,16,0.7115384615384616,52,4.5,6,2.0
2014,PIT,16,10,16,0.7115384615384616,52,4.5,6,2.0
2014,PIT,17,10,16,0.7115384615384616,52,4.5,6,2.0
2014,PIT,18,10,17,0.7169811320754716,53,4.5,6,2.0
2014,SD,1,7,15,0.7333333333333333,45,5.25,6,2.0
2014,SD,2,7,15,0.7333333333333333,45,5.25,6,2.0
2014,SD,3,6,14,0.7272727272727273,44,5.25,6,2.0
2014,SD,4,6,14,0.6739130434782609,46,5.25,6,2.0
2014,SD,5,6,14,0.6739130434782609,46,5.25,6,2.0
2014,SD,6,7,15,0.6808510638297872,47,5.25,6,2.0
2014,SD,7,7,15,0.6808510638297872,47,5.25,6,2.0
2014,SD,8,7,15,0.6808510638297872,47,5.25,6,2.0
2014,SD,9,7,15,0.6956521739130435,46,5.25,6,2.0
2014,SD,10,7,15,0.6808510638297872,47,5.25,6,2.0
2014,SD,11,8,16,0.7021276595744681,47,5.25,6,2.0
2014,SD,12,8,16,0.7021276595744681,47,5.25,6,2.0
2014,SD,13,8,16,0.673469387755102,49,5.25,6,2.0
2014,SD,14,8,16,0.68,50,5.25,6,2.0
2014,SD,15,8,16,0.66,50,6.0,7,2.0
2014,SD,16,8,16,0.6470588235294118,51,6.0,7,2.0
2014,SD,17,8,16,0.6415094339622641,53,6.0,7,2.0
2014,SEA,1,7,12,0.6046511627906976,43,10.5,9,5.0
2014,SEA,2,7,12,0.5909090909090909,44,9.5,9,5.0
2014,SEA,3,7,12,0.5909090909090909,44,9.5,9,5.0
2014,SEA,4,7,12,0.5909090909090909,44,9.5,9,5.0
2014,SEA,5,7,12,0.5909090909090909,44,9.5,9,5.0
2014,SEA,6,7,12,0.5555555555555556,45,9.5,9,5.0
2014,SEA,7,6,11,0.5454545454545454,44,8.75,8,5.0
2014,SEA,8,6,11,0.5454545454545454,44,8.75,8,5.0
2014,SEA,9,6,11,0.5454545454545454,44,8.75,8,5.0
2014,SEA,10,6,11,0.5416666666666666,48,9.75,8,5.0
2014,SEA,11,6,11,0.5416666666666666,48,9.75,8,5.0
2014,SEA,12,6,11,0.5625,48,9.75,8,5.0
2014,SEA,13,6,11,0.5625,48,9.75,8,5.0
2014,SEA,14,6,11,0.5510204081632653,49,9.75,8,5.0
2014,SEA,15,6,11,0.56,50,9.75,8,5.0
2014,SEA,16,6,11,0.5490196078431373,51,9.75,8,5.0
2014,SEA,17,6,11,0.54,50,9.75,8,5.0
2014,SEA,18,6,11,0.54,50,9.75,8,5.0
2014,SEA,19,6,11,0.5384615384615384,52,9.75,8,5.0
2014,SEA,20,6,11,0.5471698113207547,53,9.75,8,5.0
2014,SEA,21,6,11,0.5471698113207547,53,9.75,8,5.0
2014,SF,1,8,14,0.7674418604651163,43,9.25,11,5.0
2014,SF,2,8,13,0.7619047619047619,42,9.25,11,5.0
2014,SF,3,8,13,0.7380952380952381,42,9.25,11,5.0
2014,SF,4,8,13,0.7619047619047619,42,9.25,11,5.0
2014,SF,5,8,13,0.7619047619047619,42,9.25,11,5.0
2014,SF,6,8,13,0.7560975609756098,41,9.25,11,5.0
2014,SF,7,8,13,0.7560975609756098,41,9.25,11,5.0
2014,SF,8,8,13,0.7619047619047619,42,9.25,11,5.0
2014,SF,9,8,13,0.7674418604651163,43,9.25,11,5.0
2014,SF,10,8,13,0.7674418604651163,43,9.25,11,5.0
2014,SF,11,9,14,0.7555555555555555,45,10.25,12,6.0
2014,SF,12,9,14,0.7555555555555555,45,10.25,12,6.0
2014,SF,13,9,14,0.7555555555555555,45,10.25,12,6.0
2014,SF,14,9,14,0.7555555555555555,45,10.25,12,6.0
2014,SF,15,9,14,0.7446808510638298,47,10.25,12,6.0
2014,SF,16,9,14,0.7058823529411765,51,10.25,12,6.0
2014,SF,17,9,14,0.6981132075471698,53,10.25,12,6.0
2014,STL,1,9,14,0.6326530612244898,49,2.75,4,1.0
2014,STL,2,8,13,0.625,48,2.75,4,1.0
2014,STL,3,8,13,0.6326530612244898,49,2.75,4,1.0
2014,STL,4,8,13,0.6326530612244898,49,2.75,4,1.0
2014,STL,5,8,13,0.6326530612244898,49,2.75,4,1.0
2014,STL,6,8,13,0.6530612244897959,49,2.75,4,1.0
2014,STL,7,8,13,0.6530612244897959,49,2.75,4,1.0
2014,STL,8,8,13,0.66,50,2.75,4,1.0
2014,STL,9,9,14,0.6862745098039216,51,2.75,4,1.0
2014,STL,10,9,14,0.6862745098039216,51,2.75,4,1.0
2014,STL,11,9,14,0.6862745098039216,51,2.75,4,1.0
2014,STL,12,9,14,0.6862745098039216,51,2.75,4,1.0
2014,STL,13,10,15,0.6981132075471698,53,2.75,4,1.0
2014,STL,14,10,15,0.6981132075471698,53,2.75,4,1.0
2014,STL,15,10,15,0.6981132075471698,53,2.75,4,1.0
2014,STL,16,10,15,0.6981132075471698,53,2.75,4,1.0
2014,STL,17,10,15,0.6981132075471698,53,2.75,4,1.0
2014,TB,1,4,8,0.6304347826086957,46,5.0,5,2.0
2014,TB,2,5,9,0.6170212765957447,47,5.0,5,2.0
2014,TB,3,5,9,0.6304347826086957,46,5.0,5,2.0
2014,TB,4,5,9,0.6590909090909091,44,5.0,5,2.0
2014,TB,5,5,9,0.6590909090909091,44,5.0,5,2.0
2014,TB,6,5,9,0.6590909090909091,44,5.0,5,2.0
2014,TB,7,5,9,0.6666666666666666,45,5.0,5,2.0
2014,TB,8,5,8,0.6444444444444445,45,5.0,5,2.0
2014,TB,9,4,7,0.6363636363636364,44,5.0,5,2.0
2014,TB,10,4,8,0.6444444444444445,45,5.0,5,2.0
2014,TB,11,4,8,0.6304347826086957,46,5.0,5,2.0
2014,TB,12,4,8,0.6304347826086957,46,5.0,5,2.0
2014,TB,13,4,8,0.6304347826086957,46,5.0,5,2.0
2014,TB,14,4,8,0.6170212765957447,47,5.0,5,2.0
2014,TB,15,4,8,0.625,48,5.0,5,2.0
2014,TB,16,4,8,0.6226415094339622,53,5.0,5,2.0
2014,TB,17,4,8,0.6226415094339622,53,5.0,5,2.0
2014,TEN,1,7,12,0.8333333333333334,42,3.5,3,0.0
2014,TEN,2,7,12,0.8333333333333334,42,3.5,3,0.0
2014,TEN,3,7,12,0.8372093023255814,43,3.5,3,0.0
2014,TEN,4,7,12,0.8372093023255814,43,3.5,3,0.0
2014,TEN,5,7,12,0.8372093023255814,43,3.5,3,0.0
2014,TEN,6,7,12,0.8372093023255814,43,3.5,3,0.0
2014,TEN,7,7,12,0.8409090909090909,44,3.5,3,0.0
2014,TEN,8,7,11,0.8222222222222222,45,3.5,3,0.0
2014,TEN,9,7,11,0.8222222222222222,45,3.5,3,0.0
2014,TEN,10,7,11,0.8222222222222222,45,3.5,3,0.0
2014,TEN,11,7,11,0.8222222222222222,45,3.5,3,0.0
2014,TEN,12,7,11,0.8,45,3.5,3,0.0
2014,TEN,13,7,11,0.782608695652174,46,3.5,2,0.0
2014,TEN,14,7,11,0.7708333333333334,48,3.5,2,0.0
2014,TEN,15,7,11,0.78,50,3.5,2,0.0
2014,TEN,16,7,11,0.7547169811320755,53,3.5,2,0.0
2014,TEN,17,7,11,0.7547169811320755,53,3.5,2,0.0
2014,WAS,1,4,8,0.7619047619047619,42,3.25,6,3.0
2014,WAS,2,4,8,0.7380952380952381,42,3.25,6,3.0
2014,WAS,3,4,8,0.7317073170731707,41,3.25,6,3.0
2014,WAS,4,4,8,0.7317073170731707,41,3.25,6,3.0
2014,WAS,5,4,8,0.7317073170731707,41,3.25,6,3.0
2014,WAS,6,4,8,0.7142857142857143,42,3.25,6,3.0
2014,WAS,7,4,8,0.6976744186046512,43,3.25,6,3.0
2014,WAS,8,4,8,0.6744186046511628,43,3.25,6,3.0
2014,WAS,9,4,8,0.6744186046511628,43,3.25,6,3.0
2014,WAS,10,4,8,0.6818181818181818,44,3.25,6,3.0
2014,WAS,11,4,8,0.7045454545454546,44,3.25,6,3.0
2014,WAS,12,4,8,0.7045454545454546,44,3.25,6,3.0
2014,WAS,13,4,8,0.7111111111111111,45,3.25,6,3.0
2014,WAS,14,4,8,0.7021276595744681,47,3.25,6,3.0
2014,WAS,15,4,8,0.7142857142857143,49,3.25,6,3.0
2014,WAS,16,4,8,0.7058823529411765,51,3.25,6,3.0
2014,WAS,17,4,8,0.6981132075471698,53,3.25,6,3.0
2015,ARI,1,10,15,0.7333333333333333,45,5.5,6,3.0
2015,ARI,2,10,15,0.7391304347826086,46,5.5,6,3.0
2015,ARI,3,10,15,0.7391304347826086,46,5.5,6,3.0
2015,ARI,4,10,15,0.7391304347826086,46,5.5,6,3.0
2015,ARI,5,10,15,0.7391304347826086,46,5.5,6,3.0
2015,ARI,6,11,16,0.7391304347826086,46,6.25,7,3.0
2015,ARI,7,11,16,0.7391304347826086,46,6.25,7,3.0
2015,ARI,8,11,16,0.7391304347826086,46,6.25,7,3.0
2015,ARI,9,11,16,0.7391304347826086,46,6.25,7,3.0
2015,ARI,10,11,16,0.7391304347826086,46,6.25,7,3.0
2015,ARI,11,11,16,0.7391304347826086,46,6.25,7,3.0
2015,ARI,12,11,16,0.7446808510638298,47,6.25,7,3.0
2015,ARI,13,11,16,0.7551020408163265,49,6.25,7,3.0
2015,ARI,14,11,17,0.76,50,6.25,7,3.0
2015,ARI,15,11,17,0.76,50,6.25,7,3.0
2015,ARI,16,11,17,0.7647058823529411,51,6.25,7,3.0
2015,ARI,17,11,17,0.7647058823529411,51,6.25,7,3.0
2015,ARI,18,11,17,0.7647058823529411,51,6.25,7,3.0
2015,ARI,19,12,18,0.7547169811320755,53,7.0,8,3.0
2015,ARI,20,12,18,0.7547169811320755,53,7.0,8,3.0
2015,ATL,1,8,17,0.7659574468085106,47,6.25,5,2.0
2015,ATL,2,9,18,0.7659574468085106,47,7.0,6,2.0
2015,ATL,3,9,18,0.7659574468085106,47,7.0,6,2.0
2015,ATL,4,9,18,0.782608695652174,46,7.0,6,2.0
2015,ATL,5,9,17,0.7872340425531915,47,6.0,5,2.0
2015,ATL,6,9,17,0.7872340425531915,47,6.0,5,2.0
2015,ATL,7,9,17,0.7872340425531915,47,6.0,5,2.0
2015,ATL,8,9,17,0.7916666666666666,48,6.0,5,2.0
2015,ATL,9,9,17,0.7959183673469388,49,6.0,5,2.0
2015,ATL,10,9,17,0.7959183673469388,49,6.0,5,2.0
2015,ATL,11,9,17,0.7959183673469388,49,6.0,5,2.0
2015,ATL,12,9,17,0.7959183673469388,49,6.5,5,2.0
2015,ATL,13,9,18,0.7959183673469388,49,7.5,6,2.0
2015,ATL,14,9,18,0.78,50,7.5,6,2.0
2015,ATL,15,9,18,0.7692307692307693,52,7.5,6,2.0
2015,ATL,16,9,18,0.7692307692307693,52,7.5,6,2.0
2015,ATL,17,9,18,0.7547169811320755,53,7.5,6,2.0
2015,BAL,1,2,8,0.7027027027027027,37,6.5,4,2.0
2015,BAL,2,3,9,0.7105263157894737,38,7.25,5,2.0
2015,BAL,3,3,9,0.7297297297297297,37,7.25,5,2.0
2015,BAL,4,3,9,0.7297297297297297,37,7.25,5,2.0
2015,BAL,5,3,9,0.717948717948718,39,7.25,5,2.0
2015,BAL,6,2,8,0.6829268292682927,41,6.5,4,2.0
2015,BAL,7,2,8,0.6829268292682927,41,6.5,4,2.0
2015,BAL,8,2,8,0.6666666666666666,42,6.5,4,2.0
2015,BAL,9,2,8,0.6666666666666666,42,6.5,4,2.0
2015,BAL,10,2,8,0.6666666666666666,42,6.5,4,2.0
2015,BAL,11,2,8,0.6818181818181818,44,6.5,4,2.0
2015,BAL,12,2,9,0.6666666666666666,48,6.5,4,2.0
2015,BAL,13,2,9,0.6666666666666666,48,6.5,4,2.0
2015,BAL,14,2,9,0.6666666666666666,48,6.5,4,2.0
2015,BAL,15,2,9,0.66,50,6.5,4,2.0
2015,BAL,16,2,9,0.6538461538461539,52,6.5,4,2.0
2015,BAL,17,2,9,0.6415094339622641,53,6.5,4,2.0
2015,BUF,1,6,10,0.6944444444444444,36,3.75,6,3.0
2015,BUF,2,7,11,0.6944444444444444,36,4.75,7,4.0
2015,BUF,3,7,11,0.6944444444444444,36,4.75,6,4.0
2015,BUF,4,7,11,0.6944444444444444,36,4.75,6,4.0
2015,BUF,5,7,11,0.7222222222222222,36,4.75,6,4.0
2015,BUF,6,7,11,0.7435897435897436,39,4.75,6,4.0
2015,BUF,7,7,11,0.725,40,4.75,6,4.0
2015,BUF,8,7,11,0.725,40,4.75,6,4.0
2015,BUF,9,8,12,0.7317073170731707,41,5.75,6,4.0
2015,BUF,10,8,12,0.7317073170731707,41,5.75,6,4.0
2015,BUF,11,8,12,0.7317073170731707,41,5.75,6,4.0
2015,BUF,12,8,12,0.7073170731707317,41,5.75,6,4.0
2015,BUF,13,8,12,0.7209302325581395,43,5.75,6,4.0
2015,BUF,14,8,12,0.7111111111111111,45,5.75,6,4.0
2015,BUF,15,8,12,0.717391304347826,46,5.75,6,4.0
2015,BUF,16,8,13,0.74,50,5.75,6,4.0
2015,BUF,17,8,13,0.7169811320754716,53,5.75,6,4.0
2015,CAR,1,9,15,0.7111111111111111,45,5.75,6,2.0
2015,CAR,2,9,15,0.6956521739130435,46,5.75,6,2.0
2015,CAR,3,9,15,0.6808510638297872,47,5.75,6,2.0
2015,CAR,4,9,15,0.6666666666666666,48,6.0,7,2.0
2015,CAR,5,9,15,0.6666666666666666,48,6.0,7,2.0
2015,CAR,6,9,15,0.6666666666666666,48,6.0,7,2.0
2015,CAR,7,9,15,0.6530612244897959,49,6.0,7,2.0
2015,CAR,8,9,15,0.6530612244897959,49,6.0,7,2.0
2015,CAR,9,9,15,0.6530612244897959,49,6.0,7,2.0
2015,CAR,10,9,15,0.6530612244897959,49,6.0,7,2.0
2015,CAR,11,9,15,0.6530612244897959,49,6.0,7,2.0
2015,CAR,12,9,15,0.66,50,6.75,7,2.0
2015,CAR,13,9,15,0.6666666666666666,51,7.5,7,2.0
2015,CAR,14,9,15,0.6666666666666666,51,7.5,7,2.0
2015,CAR,15,9,15,0.6730769230769231,52,7.5,7,2.0
2015,CAR,16,9,15,0.6730769230769231,52,7.5,7,2.0
2015,CAR,17,9,15,0.6730769230769231,52,7.5,7,2.0
2015,CAR,18,9,15,0.660377358490566,53,7.5,7,2.0
2015,CAR,19,9,15,0.660377358490566,53,7.5,7,2.0
2015,CAR,20,9,15,0.660377358490566,53,7.5,7,2.0
2015,CAR,21,9,15,0.660377358490566,53,7.5,7,2.0
2015,CHI,1,4,12,0.7441860465116279,43,4.25,5,1.0
2015,CHI,2,4,12,0.75,44,4.25,5,1.0
2015,CHI,3,4,12,0.75,44,4.25,5,1.0
2015,CHI,4,4,11,0.7441860465116279,43,3.25,4,1.0
2015,CHI,5,4,12,0.7333333333333333,45,3.25,4,1.0
2015,CHI,6,4,12,0.6956521739130435,46,3.25,4,1.0
2015,CHI,7,4,12,0.6956521739130435,46,3.25,4,1.0
2015,CHI,8,4,12,0.6956521739130435,46,3.25,4,1.0
2015,CHI,9,4,12,0.6956521739130435,46,3.25,4,1.0
2015,CHI,10,4,12,0.6739130434782609,46,3.25,4,1.0
2015,CHI,11,4,12,0.6521739130434783,46,3.25,4,1.0
2015,CHI,12,4,11,0.6521739130434783,46,3.25,4,1.0
2015,CHI,13,4,11,0.6521739130434783,46,3.25,4,1.0
2015,CHI,14,4,11,0.6458333333333334,48,3.25,4,1.0
2015,CHI,15,4,11,0.64,50,3.25,4,1.0
2015,CHI,16,4,11,0.6470588235294118,51,3.25,4,1.0
2015,CHI,17,4,11,0.6415094339622641,53,3.25,4,1.0
2015,CIN,1,9,18,0.9183673469387756,49,5.5,4,1.0
2015,CIN,2,9,18,0.9183673469387756,49,5.5,4,1.0
2015,CIN,3,9,18,0.9183673469387756,49,5.5,4,1.0
2015,CIN,4,9,18,0.9183673469387756,49,5.5,4,1.0
2015,CIN,5,9,18,0.9183673469387756,49,5.5,4,1.0
2015,CIN,6,9,18,0.9183673469387756,49,5.5,4,1.0
2015,CIN,7,9,18,0.9183673469387756,49,5.5,4,1.0
2015,CIN,8,9,18,0.9,50,6.5,5,1.0
2015,CIN,9,9,18,0.9,50,6.5,5,1.0
2015,CIN,10,9,18,0.9,50,6.5,5,1.0
2015,CIN,11,9,18,0.9,50,6.5,5,1.0
2015,CIN,12,10,19,0.9019607843137256,51,6.5,5,1.0
2015,CIN,13,10,19,0.9019607843137256,51,6.5,5,1.0
2015,CIN,14,10,19,0.9019607843137256,51,6.5,5,1.0
2015,CIN,15,10,19,0.9019607843137256,51,6.5,5,1.0
2015,CIN,16,10,19,0.9019607843137256,51,6.5,5,1.0
2015,CIN,17,10,19,0.9019607843137256,51,6.5,5,1.0
2015,CIN,18,10,19,0.8679245283018868,53,6.5,5,1.0
2015,CLE,1,9,13,0.6590909090909091,44,8.5,8,1.0
2015,CLE,2,9,13,0.6590909090909091,44,8.5,8,1.0
2015,CLE,3,9,13,0.6590909090909091,44,8.5,8,1.0
2015,CLE,4,9,13,0.6590909090909091,44,8.5,8,1.0
2015,CLE,5,9,13,0.6590909090909091,44,8.5,8,1.0
2015,CLE,6,9,13,0.6666666666666666,45,8.5,8,1.0
2015,CLE,7,9,13,0.6666666666666666,45,8.5,8,1.0
2015,CLE,8,9,13,0.6666666666666666,45,8.5,8,1.0
2015,CLE,9,9,13,0.6590909090909091,44,8.5,8,1.0
2015,CLE,10,9,13,0.6304347826086957,46,8.5,8,1.0
2015,CLE,11,9,13,0.6304347826086957,46,8.5,8,1.0
2015,CLE,12,9,13,0.6304347826086957,46,8.5,8,1.0
2015,CLE,13,9,13,0.6382978723404256,47,8.5,8,1.0
2015,CLE,14,9,13,0.6122448979591837,49,8.5,8,1.0
2015,CLE,15,9,13,0.6,50,8.5,8,1.0
2015,CLE,16,9,13,0.5882352941176471,51,8.5,8,1.0
2015,CLE,17,9,13,0.5849056603773585,53,8.5,8,1.0
2015,DAL,1,7,11,0.7317073170731707,41,5.0,4,2.0
2015,DAL,2,7,12,0.7380952380952381,42,5.0,4,2.0
2015,DAL,3,7,12,0.7272727272727273,44,5.0,5,2.0
2015,DAL,4,7,12,0.7272727272727273,44,5.0,5,2.0
2015,DAL,5,8,13,0.7446808510638298,47,6.0,6,2.0
2015,DAL,6,8,13,0.723404255319149,47,6.0,6,2.0
2015,DAL,7,8,13,0.723404255319149,47,6.0,6,2.0
2015,DAL,8,8,13,0.723404255319149,47,6.0,6,2.0
2015,DAL,9,8,13,0.7083333333333334,48,6.0,6,2.0
2015,DAL,10,8,13,0.723404255319149,47,6.0,6,2.0
2015,DAL,11,7,11,0.7021276595744681,47,6.0,6,2.0
2015,DAL,12,7,11,0.7021276595744681,47,6.0,6,2.0
2015,DAL,13,7,11,0.7083333333333334,48,6.0,6,2.0
2015,DAL,14,7,11,0.7083333333333334,48,6.0,6,2.0
2015,DAL,15,7,11,0.7291666666666666,48,6.0,6,2.0
2015,DAL,16,7,11,0.7,50,6.0,6,2.0
2015,DAL,17,7,11,0.6981132075471698,53,6.0,6,2.0
2015,DEN,1,8,10,0.717391304347826,46,9.0,11,5.0
2015,DEN,2,8,11,0.723404255319149,47,9.0,11,5.0
2015,DEN,3,8,11,0.723404255319149,47,9.0,11,5.0
2015,DEN,4,8,11,0.7021276595744681,47,9.0,11,5.0
2015,DEN,5,8,12,0.7083333333333334,48,9.0,11,5.0
2015,DEN,6,8,12,0.7083333333333334,48,9.0,11,5.0
2015,DEN,7,8,12,0.7083333333333334,48,9.0,11,5.0
2015,DEN,8,8,12,0.7083333333333334,48,9.0,11,5.0
2015,DEN,9,9,13,0.7142857142857143,49,10.0,12,5.0
2015,DEN,10,8,12,0.7083333333333334,48,9.0,11,5.0
2015,DEN,11,9,13,0.6938775510204082,49,10.0,12,5.0
2015,DEN,12,9,13,0.6938775510204082,49,10.0,12,5.0
2015,DEN,13,9,13,0.7,50,10.0,12,5.0
2015,DEN,14,9,13,0.7058823529411765,51,10.0,12,5.0
2015,DEN,15,9,13,0.7058823529411765,51,10.0,12,5.0
2015,DEN,16,9,13,0.7058823529411765,51,10.0,12,5.0
2015,DEN,17,9,13,0.7115384615384616,52,10.0,12,5.0
2015,DEN,18,9,13,0.7115384615384616,52,10.0,12,5.0
2015,DEN,19,9,13,0.7115384615384616,52,10.0,12,5.0
2015,DEN,20,9,13,0.7169811320754716,53,10.0,12,5.0
2015,DEN,21,9,13,0.7169811320754716,53,10.0,12,5.0
2015,DET,1,7,13,0.7272727272727273,44,6.75,7,4.0
2015,DET,2,7,13,0.7272727272727273,44,6.75,7,4.0
2015,DET,3,7,13,0.7272727272727273,44,6.75,7,4.0
2015,DET,4,7,13,0.7272727272727273,44,6.75,7,4.0
2015,DET,5,7,13,0.7111111111111111,45,6.75,7,4.0
2015,DET,6,7,13,0.7111111111111111,45,6.75,7,4.0
2015,DET,7,7,13,0.7021276595744681,47,6.75,7,4.0
2015,DET,8,7,13,0.7021276595744681,47,6.75,7,4.0
2015,DET,9,7,13,0.7083333333333334,48,6.75,7,4.0
2015,DET,10,7,13,0.7,50,6.75,7,4.0
2015,DET,11,7,13,0.7,50,6.75,7,4.0
2015,DET,12,7,13,0.7,50,6.75,7,4.0
2015,DET,13,7,13,0.7,50,6.75,7,4.0
2015,DET,14,7,13,0.7,50,6.75,7,4.0
2015,DET,15,7,13,0.7058823529411765,51,6.75,7,4.0
2015,DET,16,7,13,0.7058823529411765,51,6.75,7,4.0
2015,DET,17,7,13,0.6792452830188679,53,6.75,7,4.0
2015,GB,1,8,14,0.717391304347826,46,10.5,9,4.0
2015,GB,2,9,15,0.723404255319149,47,10.5,9,4.0
2015,GB,3,9,15,0.7083333333333334,48,10.5,9,5.0
2015,GB,4,9,15,0.7346938775510204,49,10.5,9,5.0
2015,GB,5,9,15,0.7346938775510204,49,10.5,9,5.0
2015,GB,6,9,15,0.72,50,10.5,9,5.0
2015,GB,7,9,15,0.72,50,10.5,9,5.0
2015,GB,8,9,15,0.72,50,10.5,9,5.0
2015,GB,9,9,15,0.72,50,10.5,9,5.0
2015,GB,10,9,15,0.72,50,10.5,9,5.0
2015,GB,11,9,15,0.72,50,10.5,9,5.0
2015,GB,12,9,15,0.72,50,10.5,9,5.0
2015,GB,13,9,15,0.7058823529411765,51,10.5,9,5.0
2015,GB,14,9,15,0.7058823529411765,51,10.5,9,5.0
2015,GB,15,9,15,0.7058823529411765,51,10.5,9,5.0
2015,GB,16,9,15,0.6923076923076923,52,10.5,9,5.0
2015,GB,17,9,15,0.6923076923076923,52,10.5,9,5.0
2015,GB,18,9,15,0.6923076923076923,52,10.5,9,5.0
2015,GB,19,9,15,0.6792452830188679,53,10.5,9,5.0
2015,HOU,1,9,12,0.7391304347826086,46,4.25,3,1.0
2015,HOU,2,9,12,0.7333333333333333,45,4.25,3,1.0
2015,HOU,3,9,12,0.7333333333333333,45,4.25,3,1.0
2015,HOU,4,9,12,0.6666666666666666,48,4.25,3,1.0
2015,HOU,5,9,12,0.6666666666666666,48,4.25,3,1.0
2015,HOU,6,9,12,0.6530612244897959,49,4.25,3,1.0
2015,HOU,7,9,12,0.6530612244897959,49,4.25,3,1.0
2015,HOU,8,9,12,0.6326530612244898,49,4.25,3,1.0
2015,HOU,9,9,12,0.64,50,4.25,3,1.0
2015,HOU,10,9,12,0.64,50,4.25,3,1.0
2015,HOU,11,10,13,0.66,50,4.25,3,1.0
2015,HOU,12,10,13,0.66,50,4.25,3,1.0
2015,HOU,13,10,13,0.66,50,4.25,3,1.0
2015,HOU,14,10,13,0.66,50,4.25,3,1.0
2015,HOU,15,10,13,0.66,50,4.25,3,1.0
2015,HOU,16,10,13,0.6666666666666666,51,4.25,3,1.0
2015,HOU,17,10,13,0.6538461538461539,52,4.25,3,1.0
2015,HOU,18,10,13,0.6415094339622641,53,4.25,3,1.0
2015,IND,1,6,10,0.7142857142857143,42,6.75,10,4.0
2015,IND,2,6,10,0.7142857142857143,42,6.75,10,4.0
2015,IND,3,6,10,0.7380952380952381,42,6.75,10,4.0
2015,IND,4,6,10,0.7619047619047619,42,6.75,10,4.0
2015,IND,5,6,10,0.7560975609756098,41,6.75,10,4.0
2015,IND,6,6,10,0.7560975609756098,41,6.75,10,4.0
2015,IND,7,6,10,0.7317073170731707,41,6.75,10,4.0
2015,IND,8,6,10,0.7317073170731707,41,6.75,10,4.0
2015,IND,9,6,10,0.7317073170731707,41,6.75,10,4.0
2015,IND,10,6,10,0.7317073170731707,41,6.75,10,4.0
2015,IND,11,6,10,0.7317073170731707,41,6.75,10,4.0
2015,IND,12,6,10,0.7380952380952381,42,6.75,10,4.0
2015,IND,13,6,10,0.7380952380952381,42,6.75,10,4.0
2015,IND,14,6,10,0.7441860465116279,43,6.75,10,4.0
2015,IND,15,6,10,0.7111111111111111,45,6.75,10,4.0
2015,IND,16,6,10,0.6530612244897959,49,6.75,10,4.0
2015,IND,17,7,11,0.660377358490566,53,6.75,10,4.0
2015,JAX,1,5,14,0.6739130434782609,46,0.75,4,2.0
2015,JAX,2,5,14,0.6739130434782609,46,0.75,4,2.0
2015,JAX,3,5,14,0.6666666666666666,45,0.75,4,2.0
2015,JAX,4,5,14,0.6666666666666666,45,0.75,4,2.0
2015,JAX,5,5,14,0.6956521739130435,46,0.75,4,2.0
2015,JAX,6,5,14,0.6956521739130435,46,0.75,4,2.0
2015,JAX,7,5,14,0.6875,48,0.75,4,2.0
2015,JAX,8,5,14,0.6875,48,0.75,4,2.0
2015,JAX,9,5,14,0.6875,48,0.75,4,2.0
2015,JAX,10,5,14,0.6875,48,0.75,4,2.0
2015,JAX,11,5,14,0.68,50,0.75,4,2.0
2015,JAX,12,5,14,0.68,50,0.75,4,2.0
2015,JAX,13,5,14,0.68,50,0.75,4,2.0
2015,JAX,14,5,14,0.6666666666666666,51,0.75,4,2.0
2015,JAX,15,5,14,0.6538461538461539,52,0.75,4,2.0
2015,JAX,16,5,14,0.6538461538461539,52,0.75,4,2.0
2015,JAX,17,5,14,0.6415094339622641,53,0.75,4,2.0
2015,KC,1,9,11,0.6875,48,7.0,7,3.0
2015,KC,2,9,11,0.6875,48,7.0,7,3.0
2015,KC,3,9,11,0.6875,48,7.0,7,3.0
2015,KC,4,9,12,0.6938775510204082,49,8.0,7,3.0
2015,KC,5,9,12,0.6938775510204082,49,8.0,7,3.0
2015,KC,6,9,12,0.7,50,8.0,7,3.0
2015,KC,7,9,12,0.7,50,8.0,7,3.0
2015,KC,8,9,12,0.7,50,8.0,7,3.0
2015,KC,9,9,12,0.7,50,8.0,7,3.0
2015,KC,10,9,12,0.7142857142857143,49,8.0,7,3.0
2015,KC,11,9,12,0.72,50,8.0,7,3.0
2015,KC,12,9,12,0.7058823529411765,51,8.0,7,3.0
2015,KC,13,9,12,0.6923076923076923,52,8.0,7,3.0
2015,KC,14,9,12,0.6923076923076923,52,8.0,7,3.0
2015,KC,15,9,12,0.6923076923076923,52,8.0,7,3.0
2015,KC,16,9,12,0.6923076923076923,52,8.0,7,3.0
2015,KC,17,9,12,0.6923076923076923,52,8.0,7,3.0
2015,KC,18,9,12,0.6792452830188679,53,8.0,7,3.0
2015,KC,19,9,12,0.6792452830188679,53,8.0,7,3.0
2015,MIA,1,6,10,0.6590909090909091,44,6.0,7,2.0
2015,MIA,2,6,10,0.6666666666666666,45,6.0,7,2.0
2015,MIA,3,6,10,0.6304347826086957,46,6.0,7,2.0
2015,MIA,4,6,10,0.6304347826086957,46,6.0,7,2.0
2015,MIA,5,6,10,0.6304347826086957,46,6.0,7,2.0
2015,MIA,6,6,10,0.6444444444444445,45,6.0,7,2.0
2015,MIA,7,6,10,0.6444444444444445,45,6.0,7,2.0
2015,MIA,8,6,10,0.6444444444444445,45,6.0,7,2.0
2015,MIA,9,6,10,0.6739130434782609,46,6.0,7,2.0
2015,MIA,10,6,10,0.6739130434782609,46,6.0,7,2.0
2015,MIA,11,6,10,0.6956521739130435,46,6.0,7,2.0
2015,MIA,12,7,11,0.7021276595744681,47,6.0,7,2.0
2015,MIA,13,7,11,0.7021276595744681,47,6.0,7,2.0
2015,MIA,14,7,11,0.6875,48,6.0,7,2.0
2015,MIA,15,7,11,0.7083333333333334,48,6.0,7,2.0
2015,MIA,16,7,11,0.7115384615384616,52,6.0,7,2.0
2015,MIA,17,7,11,0.6981132075471698,53,6.0,7,2.0
2015,MIN,1,11,14,0.717391304347826,46,6.75,7,0.0
2015,MIN,2,11,14,0.717391304347826,46,6.75,7,0.0
2015,MIN,3,11,14,0.717391304347826,46,6.75,7,0.0
2015,MIN,4,11,14,0.717391304347826,46,6.75,7,0.0
2015,MIN,5,11,14,0.6956521739130435,46,6.75,7,0.0
2015,MIN,6,11,14,0.6956521739130435,46,6.75,7,0.0
2015,MIN,7,11,14,0.7021276595744681,47,6.75,7,0.0
2015,MIN,8,11,14,0.7083333333333334,48,6.75,7,0.0
2015,MIN,9,11,14,0.7083333333333334,48,6.75,7,0.0
2015,MIN,10,11,14,0.7,50,6.75,7,0.0
2015,MIN,11,11,14,0.7,50,6.75,7,0.0
2015,MIN,12,11,14,0.7,50,6.75,7,0.0
2015,MIN,13,11,14,0.7,50,6.75,7,0.0
2015,MIN,14,11,14,0.7,50,6.75,7,0.0
2015,MIN,15,11,14,0.6923076923076923,52,6.75,7,0.0
2015,MIN,16,11,14,0.6923076923076923,52,6.75,7,0.0
2015,MIN,17,11,14,0.6923076923076923,52,6.75,7,0.0
2015,MIN,18,11,14,0.6981132075471698,53,6.75,7,0.0
2015,NE,1,4,13,0.7380952380952381,42,8.75,5,3.0
2015,NE,2,4,13,0.7619047619047619,42,8.75,5,3.0
2015,NE,3,4,13,0.7619047619047619,42,8.75,5,3.0
2015,NE,4,4,14,0.7857142857142857,42,8.75,5,3.0
2015,NE,5,4,14,0.7674418604651163,43,8.75,5,3.0
2015,NE,6,4,14,0.7727272727272727,44,8.75,5,3.0
2015,NE,7,4,14,0.7727272727272727,44,8.75,5,3.0
2015,NE,8,4,14,0.7555555555555555,45,8.75,5,3.0
2015,NE,9,4,14,0.7608695652173914,46,8.75,5,3.0
2015,NE,10,4,14,0.7777777777777778,45,8.75,5,3.0
2015,NE,11,4,14,0.7608695652173914,46,8.75,5,3.0
2015,NE,12,4,14,0.75,48,8.75,5,3.0
2015,NE,13,4,14,0.7346938775510204,49,8.75,5,3.0
2015,NE,14,4,14,0.7346938775510204,49,8.75,5,3.0
2015,NE,15,4,14,0.7254901960784313,51,8.75,5,3.0
2015,NE,16,5,15,0.7254901960784313,51,9.25,6,3.0
2015,NE,17,5,15,0.7307692307692307,52,9.25,6,3.0
2015,NE,18,5,15,0.7307692307692307,52,9.25,6,3.0
2015,NE,19,5,15,0.7307692307692307,52,9.25,6,3.0
2015,NE,20,5,15,0.7169811320754716,53,9.25,6,3.0
2015,NO,1,8,12,0.5909090909090909,44,6.75,8,1.0
2015,NO,2,8,12,0.627906976744186,43,6.75,8,1.0
2015,NO,3,8,12,0.627906976744186,43,6.75,8,1.0
2015,NO,4,8,12,0.627906976744186,43,6.75,8,1.0
2015,NO,5,8,12,0.6363636363636364,44,6.75,8,1.0
2015,NO,6,8,12,0.627906976744186,43,6.75,8,1.0
2015,NO,7,8,12,0.5869565217391305,46,6.75,8,1.0
2015,NO,8,8,12,0.6,45,6.75,8,1.0
2015,NO,9,8,12,0.6363636363636364,44,6.75,8,1.0
2015,NO,10,8,12,0.6521739130434783,46,6.75,8,1.0
2015,NO,11,8,12,0.6521739130434783,46,6.75,8,1.0
2015,NO,12,8,12,0.6595744680851063,47,6.75,8,1.0
2015,NO,13,8,12,0.6595744680851063,47,6.75,8,1.0
2015,NO,14,8,12,0.6458333333333334,48,6.75,8,1.0
2015,NO,15,8,12,0.6326530612244898,49,6.75,8,1.0
2015,NO,16,8,12,0.6274509803921569,51,6.75,8,1.0
2015,NO,17,8,12,0.6037735849056604,53,6.75,8,1.0
2015,NYG,1,8,12,0.7435897435897436,39,2.5,3,1.0
2015,NYG,2,8,12,0.7435897435897436,39,2.5,3,1.0
2015,NYG,3,8,12,0.75,40,2.5,3,1.0
2015,NYG,4,8,12,0.725,40,2.5,3,1.0
2015,NYG,5,8,12,0.7073170731707317,41,2.5,3,1.0
2015,NYG,6,8,12,0.725,40,2.5,3,1.0
2015,NYG,7,8,12,0.717948717948718,39,2.5,3,1.0
2015,NYG,8,8,12,0.717948717948718,39,2.5,3,1.0
2015,NYG,9,9,13,0.6904761904761905,42,3.25,4,1.0
2015,NYG,10,9,13,0.6976744186046512,43,3.25,4,1.0
2015,NYG,11,10,14,0.7111111111111111,45,3.25,4,1.0
2015,NYG,12,10,14,0.7111111111111111,45,3.25,4,1.0
2015,NYG,13,10,14,0.717391304347826,46,3.25,4,1.0
2015,NYG,14,10,14,0.7021276595744681,47,3.25,4,1.0
2015,NYG,15,9,13,0.7021276595744681,47,3.25,3,1.0
2015,NYG,16,9,13,0.66,50,2.25,3,0.0
2015,NYG,17,10,14,0.660377358490566,53,3.25,4,1.0
2015,NYJ,1,10,14,0.6888888888888889,45,6.25,5,3.0
2015,NYJ,2,10,14,0.6888888888888889,45,6.25,5,3.0
2015,NYJ,3,10,14,0.6888888888888889,45,6.25,5,3.0
2015,NYJ,4,10,14,0.6888888888888889,45,6.25,5,3.0
2015,NYJ,5,10,14,0.6888888888888889,45,6.25,5,3.0
2015,NYJ,6,11,15,0.6956521739130435,46,7.25,6,4.0
2015,NYJ,7,11,15,0.6739130434782609,46,7.25,6,4.0
2015,NYJ,8,11,15,0.6875,48,7.25,6,4.0
2015,NYJ,9,11,15,0.673469387755102,49,7.25,6,4.0
2015,NYJ,10,12,16,0.6862745098039216,51,7.25,6,4.0
2015,NYJ,11,12,16,0.7058823529411765,51,7.25,6,4.0
2015,NYJ,12,11,15,0.6862745098039216,51,8.25,6,4.0
2015,NYJ,13,11,15,0.6862745098039216,51,8.25,6,4.0
2015,NYJ,14,11,15,0.6730769230769231,52,8.25,6,4.0
2015,NYJ,15,11,15,0.660377358490566,53,8.25,6,4.0
2015,NYJ,16,11,15,0.660377358490566,53,8.25,6,4.0
2015,NYJ,17,11,15,0.660377358490566,53,8.25,6,4.0
2015,OAK,1,7,11,0.7045454545454546,44,2.5,4,2.0
2015,OAK,2,7,12,0.7111111111111111,45,2.5,4,2.0
2015,OAK,3,7,13,0.7333333333333333,45,2.5,4,2.0
2015,OAK,4,7,13,0.7333333333333333,45,2.5,4,2.0
2015,OAK,5,7,12,0.7111111111111111,45,2.5,4,2.0
2015,OAK,6,7,12,0.717391304347826,46,2.5,4,2.0
2015,OAK,7,7,13,0.7446808510638298,47,2.5,4,2.0
2015,OAK,8,7,13,0.7446808510638298,47,2.5,4,2.0
2015,OAK,9,7,13,0.717391304347826,46,2.5,4,2.0
2015,OAK,10,7,13,0.717391304347826,46,2.5,4,2.0
2015,OAK,11,7,13,0.723404255319149,47,2.5,4,2.0
2015,OAK,12,7,13,0.723404255319149,47,2.5,4,2.0
2015,OAK,13,7,13,0.723404255319149,47,2.5,4,2.0
2015,OAK,14,7,13,0.7083333333333334,48,2.5,4,2.0
2015,OAK,15,7,13,0.68,50,2.5,4,2.0
2015,OAK,16,7,13,0.6666666666666666,51,2.5,4,2.0
2015,OAK,17,7,13,0.6415094339622641,53,2.5,4,2.0
2015,PHI,1,9,17,0.7272727272727273,44,12.75,7,4.0
2015,PHI,2,9,17,0.7272727272727273,44,12.75,7,4.0
2015,PHI,3,9,17,0.7333333333333333,45,12.75,7,4.0
2015,PHI,4,9,17,0.7391304347826086,46,12.75,7,4.0
2015,PHI,5,9,17,0.7391304347826086,46,12.75,7,4.0
2015,PHI,6,9,17,0.7446808510638298,47,12.75,7,4.0
2015,PHI,7,9,17,0.7446808510638298,47,12.75,7,4.0
2015,PHI,8,9,17,0.7446808510638298,47,12.75,7,4.0
2015,PHI,9,9,17,0.7446808510638298,47,12.75,7,4.0
2015,PHI,10,9,17,0.7446808510638298,47,12.75,7,4.0
2015,PHI,11,9,17,0.75,48,12.75,7,4.0
2015,PHI,12,9,17,0.7346938775510204,49,12.75,7,4.0
2015,PHI,13,9,17,0.7450980392156863,51,12.75,7,4.0
2015,PHI,14,9,17,0.75,52,12.75,7,4.0
2015,PHI,15,9,17,0.75,52,12.75,7,4.0
2015,PHI,16,9,17,0.75,52,12.75,7,4.0
2015,PHI,17,9,17,0.7547169811320755,53,12.75,7,4.0
2015,PIT,1,11,14,0.717391304347826,46,5.0,6,1.0
2015,PIT,2,11,14,0.717391304347826,46,5.0,6,1.0
2015,PIT,3,11,14,0.717391304347826,46,5.0,6,1.0
2015,PIT,4,11,14,0.723404255319149,47,5.0,6,1.0
2015,PIT,5,11,14,0.7083333333333334,48,5.0,6,1.0
2015,PIT,6,11,14,0.7291666666666666,48,5.0,6,1.0
2015,PIT,7,11,14,0.7346938775510204,49,5.0,6,1.0
2015,PIT,8,11,14,0.7346938775510204,49,5.0,6,1.0
2015,PIT,9,11,14,0.74,50,5.0,6,1.0
2015,PIT,10,11,14,0.74,50,5.0,6,1.0
2015,PIT,11,11,14,0.74,50,5.0,6,1.0
2015,PIT,12,11,14,0.7254901960784313,51,5.0,6,1.0
2015,PIT,13,11,14,0.7254901960784313,51,5.0,6,1.0
2015,PIT,14,11,14,0.7254901960784313,51,5.0,6,1.0
2015,PIT,15,11,14,0.7254901960784313,51,5.0,6,1.0
2015,PIT,16,11,14,0.7254901960784313,51,5.0,6,1.0
2015,PIT,17,11,14,0.6981132075471698,53,5.0,6,1.0
2015,PIT,18,11,14,0.6981132075471698,53,5.0,6,1.0
2015,PIT,19,11,14,0.6981132075471698,53,5.0,6,1.0
2015,SD,1,6,12,0.7105263157894737,38,1.0,1,1.0
2015,SD,2,6,12,0.6923076923076923,39,1.0,1,1.0
2015,SD,3,6,12,0.7105263157894737,38,1.0,1,1.0
2015,SD,4,5,11,0.675,40,1.0,1,1.0
2015,SD,5,6,12,0.7,40,1.75,2,2.0
2015,SD,6,6,12,0.675,40,1.75,2,2.0
2015,SD,7,6,12,0.675,40,1.75,2,2.0
2015,SD,8,6,12,0.675,40,1.75,2,2.0
2015,SD,9,6,12,0.6363636363636364,44,1.75,2,2.0
2015,SD,10,6,12,0.6222222222222222,45,1.75,2,2.0
2015,SD,11,6,12,0.6222222222222222,45,1.75,2,2.0
2015,SD,12,6,12,0.6222222222222222,45,1.75,2,2.0
2015,SD,13,6,12,0.6222222222222222,45,1.75,2,2.0
2015,SD,14,6,12,0.6444444444444445,45,1.75,2,2.0
2015,SD,15,6,12,0.6170212765957447,47,1.75,2,2.0
2015,SD,16,6,12,0.6041666666666666,48,1.75,2,2.0
2015,SD,17,6,12,0.5471698113207547,53,1.75,2,2.0
2015,SEA,1,4,8,0.5416666666666666,48,7.0,6,5.0
2015,SEA,2,4,8,0.5416666666666666,48,7.0,6,5.0
2015,SEA,3,4,8,0.5625,48,8.0,7,6.0
2015,SEA,4,4,8,0.5625,48,8.0,7,6.0
2015,SEA,5,4,8,0.5510204081632653,49,8.0,7,6.0
2015,SEA,6,4,8,0.5833333333333334,48,8.0,7,6.0
2015,SEA,7,4,8,0.5625,48,8.0,7,6.0
2015,SEA,8,4,8,0.5625,48,8.0,7,6.0
2015,SEA,9,4,8,0.5625,48,8.0,7,6.0
2015,SEA,10,4,8,0.5625,48,8.0,7,6.0
2015,SEA,11,4,8,0.5416666666666666,48,8.0,7,6.0
2015,SEA,12,4,8,0.5714285714285714,49,9.0,7,6.0
2015,SEA,13,4,8,0.5576923076923077,52,9.0,7,6.0
2015,SEA,14,4,8,0.5294117647058824,51,9.0,7,6.0
2015,SEA,15,4,9,0.5576923076923077,52,9.0,7,6.0
2015,SEA,16,4,9,0.5471698113207547,53,9.0,7,6.0
2015,SEA,17,4,9,0.5471698113207547,53,9.0,7,6.0
2015,SEA,18,4,9,0.5471698113207547,53,9.0,7,6.0
2015,SEA,19,4,9,0.5471698113207547,53,9.0,7,6.0
2015,SF,1,6,11,0.7045454545454546,44,8.0,6,0.0
2015,SF,2,6,11,0.7045454545454546,44,8.0,6,0.0
2015,SF,3,6,11,0.7045454545454546,44,8.0,6,0.0
2015,SF,4,6,11,0.7045454545454546,44,8.0,6,0.0
2015,SF,5,6,11,0.7272727272727273,44,8.0,6,0.0
2015,SF,6,6,11,0.7272727272727273,44,8.0,6,0.0
2015,SF,7,6,11,0.7272727272727273,44,8.0,6,0.0
2015,SF,8,6,12,0.7333333333333333,45,8.0,6,0.0
2015,SF,9,5,11,0.6739130434782609,46,7.0,5,0.0
2015,SF,10,5,11,0.6739130434782609,46,7.0,5,0.0
2015,SF,11,5,11,0.6595744680851063,47,7.0,5,0.0
2015,SF,12,5,11,0.6458333333333334,48,7.0,5,0.0
2015,SF,13,5,11,0.6666666666666666,48,7.0,5,0.0
2015,SF,14,5,11,0.64,50,7.0,5,0.0
2015,SF,15,5,11,0.64,50,7.0,5,0.0
2015,SF,16,5,11,0.6274509803921569,51,7.0,5,0.0
2015,SF,17,5,11,0.6226415094339622,53,7.0,5,0.0
2015,STL,1,8,15,0.6818181818181818,44,4.0,3,1.0
2015,STL,2,8,15,0.6818181818181818,44,4.0,3,1.0
2015,STL,3,8,15,0.6818181818181818,44,4.0,3,1.0
2015,STL,4,8,15,0.6818181818181818,44,4.0,3,1.0
2015,STL,5,8,15,0.6818181818181818,44,4.0,3,1.0
2015,STL,6,8,15,0.6818181818181818,44,4.0,3,1.0
2015,STL,7,8,15,0.6744186046511628,43,4.0,3,1.0
2015,STL,8,8,15,0.6818181818181818,44,4.0,3,1.0
2015,STL,9,8,15,0.6666666666666666,45,4.0,3,1.0
2015,STL,10,8,15,0.6521739130434783,46,4.75,4,1.0
2015,STL,11,8,15,0.6530612244897959,49,4.75,4,1.0
2015,STL,12,8,15,0.6530612244897959,49,4.75,4,1.0
2015,STL,13,8,15,0.6530612244897959,49,4.75,4,1.0
2015,STL,14,8,15,0.6530612244897959,49,4.75,4,1.0
2015,STL,15,8,15,0.64,50,4.75,4,1.0
2015,STL,16,8,15,0.64,50,4.75,4,1.0
2015,STL,17,8,15,0.6226415094339622,53,4.75,4,1.0
2015,TB,1,7,14,0.6428571428571429,42,4.0,5,2.0
2015,TB,2,7,14,0.6341463414634146,41,4.0,5,2.0
2015,TB,3,7,14,0.6190476190476191,42,5.0,5,2.0
2015,TB,4,7,14,0.5952380952380952,42,5.0,5,2.0
2015,TB,5,7,14,0.5813953488372093,43,4.0,5,2.0
2015,TB,6,7,14,0.5813953488372093,43,4.0,5,2.0
2015,TB,7,7,14,0.5813953488372093,43,4.0,5,2.0
2015,TB,8,7,14,0.5681818181818182,44,4.0,5,2.0
2015,TB,9,7,14,0.5681818181818182,44,4.0,5,2.0
2015,TB,10,7,14,0.5434782608695652,46,4.0,5,2.0
2015,TB,11,7,13,0.5217391304347826,46,4.0,5,2.0
2015,TB,12,7,13,0.5106382978723404,47,4.0,5,2.0
2015,TB,13,7,13,0.5106382978723404,47,4.0,5,2.0
2015,TB,14,7,13,0.5106382978723404,47,4.0,5,2.0
2015,TB,15,7,14,0.5208333333333334,48,4.0,5,2.0
2015,TB,16,7,14,0.54,50,4.0,5,2.0
2015,TB,17,7,14,0.5094339622641509,53,4.0,5,2.0
2015,TEN,1,6,10,0.7777777777777778,45,3.75,2,1.0
2015,TEN,2,6,10,0.7777777777777778,45,3.75,2,1.0
2015,TEN,3,6,10,0.7777777777777778,45,3.75,2,1.0
2015,TEN,4,6,10,0.7777777777777778,45,3.75,2,1.0
2015,TEN,5,6,10,0.7777777777777778,45,3.75,2,1.0
2015,TEN,6,6,10,0.7608695652173914,46,3.75,2,1.0
2015,TEN,7,6,10,0.7608695652173914,46,3.75,2,1.0
2015,TEN,8,6,10,0.7608695652173914,46,3.75,2,1.0
2015,TEN,9,6,10,0.7608695652173914,46,3.75,2,1.0
2015,TEN,10,6,10,0.7659574468085106,47,3.75,2,1.0
2015,TEN,11,6,10,0.7551020408163265,49,3.75,2,1.0
2015,TEN,12,6,10,0.7551020408163265,49,3.75,2,1.0
2015,TEN,13,6,10,0.7551020408163265,49,3.75,2,1.0
2015,TEN,14,6,10,0.74,50,3.75,2,1.0
2015,TEN,15,6,10,0.7115384615384616,52,3.75,2,1.0
2015,TEN,16,6,10,0.6981132075471698,53,3.75,2,1.0
2015,TEN,17,6,10,0.6981132075471698,53,3.75,2,1.0
2015,WAS,1,5,9,0.7560975609756098,41,3.5,8,3.0
2015,WAS,2,5,9,0.8095238095238095,42,3.5,8,3.0
2015,WAS,3,5,8,0.8095238095238095,42,3.5,8,3.0
2015,WAS,4,5,8,0.7727272727272727,44,3.5,8,3.0
2015,WAS,5,5,8,0.7777777777777778,45,3.5,8,3.0
2015,WAS,6,5,8,0.7777777777777778,45,3.5,8,3.0
2015,WAS,7,5,8,0.7777777777777778,45,3.5,8,3.0
2015,WAS,8,5,8,0.7777777777777778,45,3.5,8,3.0
2015,WAS,9,5,8,0.7608695652173914,46,3.5,8,3.0
2015,WAS,10,5,8,0.7555555555555555,45,3.5,8,3.0
2015,WAS,11,5,8,0.7555555555555555,45,3.5,8,3.0
2015,WAS,12,5,8,0.723404255319149,47,3.5,8,3.0
2015,WAS,13,5,8,0.7083333333333334,48,3.5,8,3.0
2015,WAS,14,5,8,0.6938775510204082,49,3.5,8,3.0
2015,WAS,15,5,8,0.7,50,3.5,8,3.0
2015,WAS,16,5,8,0.6862745098039216,51,3.5,8,3.0
2015,WAS,17,5,8,0.7058823529411765,51,3.5,8,3.0
2015,WAS,18,5,8,0.7169811320754716,53,3.5,8,3.0
2016,ARI,1,10,16,0.573170731707317,82,7.0,9,5.0
2016,ARI,2,11,17,0.7543859649122807,57,8.5,10,6.0
2016,ARI,3,11,17,0.7735849056603774,53,8.5,10,6.0
2016,ARI,4,11,16,0.7358490566037735,53,8.5,10,6.0
2016,ARI,5,10,15,0.7115384615384616,52,7.0,9,6.0
2016,ARI,6,10,15,0.7169811320754716,53,7.0,9,6.0
2016,ARI,7,10,15,0.7169811320754716,53,7.0,9,6.0
2016,ARI,8,10,15,0.7169811320754716,53,7.0,9,6.0
2016,ARI,10,10,15,0.7169811320754716,53,7.0,9,6.0
2016,ARI,11,10,15,0.7358490566037735,53,7.0,9,6.0
2016,ARI,12,10,15,0.7547169811320755,53,7.0,9,6.0
2016,ARI,13,10,15,0.7547169811320755,53,7.0,9,6.0
2016,ARI,14,10,15,0.7547169811320755,53,7.0,9,6.0
2016,ARI,15,8,13,0.7169811320754716,53,7.0,9,6.0
2016,ARI,16,8,13,0.6981132075471698,53,6.0,8,5.0
2016,ARI,17,8,13,0.7169811320754716,53,6.0,8,5.0
2016,ATL,1,11,20,0.5357142857142857,84,11.0,9,2.0
2016,ATL,2,11,19,0.7169811320754716,53,10.5,9,2.0
2016,ATL,3,11,19,0.7358490566037735,53,10.5,9,2.0
2016,ATL,4,11,19,0.7358490566037735,53,10.5,9,2.0
2016,ATL,5,11,20,0.7358490566037735,53,9.75,9,2.0
2016,ATL,6,11,20,0.7358490566037735,53,9.75,9,2.0
2016,ATL,7,11,20,0.7358490566037735,53,9.0,8,2.0
2016,ATL,8,10,19,0.7169811320754716,53,9.0,8,2.0
2016,ATL,9,10,19,0.7169811320754716,53,9.0,8,2.0
2016,ATL,10,10,19,0.7169811320754716,53,9.0,8,2.0
2016,ATL,12,10,19,0.6792452830188679,53,9.0,8,2.0
2016,ATL,13,9,18,0.6792452830188679,53,8.0,7,2.0
2016,ATL,14,9,18,0.660377358490566,53,8.0,7,2.0
2016,ATL,15,9,18,0.660377358490566,53,8.0,7,2.0
2016,ATL,16,9,18,0.660377358490566,53,8.75,8,2.0
2016,ATL,17,9,18,0.660377358490566,53,8.75,8,2.0
2016,ATL,19,9,18,0.660377358490566,53,8.75,8,2.0
2016,ATL,20,8,17,0.6415094339622641,53,8.75,8,2.0
2016,ATL,21,8,17,0.6415094339622641,53,8.75,8,2.0
2016,BAL,1,6,13,0.6666666666666666,75,11.0,11,1.0
2016,BAL,2,6,12,0.8214285714285714,56,11.0,11,1.0
2016,BAL,3,6,11,0.8301886792452831,53,11.0,11,1.0
2016,BAL,4,6,11,0.8301886792452831,53,11.0,11,1.0
2016,BAL,5,6,10,0.8113207547169812,53,10.0,10,1.0
2016,BAL,6,6,11,0.8301886792452831,53,10.0,10,1.0
2016,BAL,7,6,11,0.7962962962962963,54,10.0,10,1.0
2016,BAL,9,7,12,0.8113207547169812,53,10.0,10,1.0
2016,BAL,10,7,12,0.8113207547169812,53,10.0,10,1.0
2016,BAL,11,7,12,0.8113207547169812,53,10.0,10,1.0
2016,BAL,12,7,12,0.8113207547169812,53,10.0,10,1.0
2016,BAL,13,7,12,0.8113207547169812,53,10.0,10,1.0
2016,BAL,14,7,12,0.8113207547169812,53,10.0,10,1.0
2016,BAL,15,7,11,0.7924528301886793,53,9.0,9,1.0
2016,BAL,16,7,10,0.7735849056603774,53,9.0,9,1.0
2016,BAL,17,6,9,0.7924528301886793,53,9.0,9,1.0
2016,BUF,1,8,17,0.65,80,7.25,9,3.0
2016,BUF,2,6,15,0.7321428571428571,56,5.75,8,3.0
2016,BUF,3,6,15,0.7358490566037735,53,5.75,8,3.0
2016,BUF,4,5,15,0.7358490566037735,53,5.75,8,2.0
2016,BUF,5,6,16,0.7358490566037735,53,6.75,9,2.0
2016,BUF,6,6,16,0.7592592592592593,54,6.75,9,2.0
2016,BUF,7,7,17,0.7592592592592593,54,6.75,9,2.0
2016,BUF,8,7,17,0.7777777777777778,54,6.75,9,2.0
2016,BUF,9,8,17,0.7777777777777778,54,7.25,9,2.0
2016,BUF,11,7,16,0.7407407407407407,54,7.25,8,2.0
2016,BUF,12,8,17,0.7272727272727273,55,7.25,8,3.0
2016,BUF,13,8,17,0.7272727272727273,55,7.25,8,3.0
2016,BUF,14,7,16,0.7222222222222222,54,6.75,8,3.0
2016,BUF,15,7,16,0.7222222222222222,54,6.75,8,3.0
2016,BUF,16,7,16,0.7222222222222222,54,6.75,8,3.0
2016,BUF,17,7,16,0.7222222222222222,54,6.75,8,3.0
2016,CAR,1,11,18,0.6666666666666666,57,10.0,13,6.0
2016,CAR,2,11,18,0.6785714285714286,56,10.0,13,6.0
2016,CAR,3,11,16,0.660377358490566,53,9.25,12,6.0
2016,CAR,4,12,17,0.6981132075471698,53,9.75,12,6.0
2016,CAR,5,12,17,0.6981132075471698,53,9.75,12,6.0
2016,CAR,6,12,17,0.6981132075471698,53,9.75,12,6.0
2016,CAR,8,12,17,0.6792452830188679,53,9.75,12,6.0
2016,CAR,9,12,17,0.6792452830188679,53,9.75,12,6.0
2016,CAR,10,12,17,0.6792452830188679,53,9.75,12,6.0
2016,CAR,11,12,17,0.660377358490566,53,9.0,11,6.0
2016,CAR,12,11,16,0.6415094339622641,53,9.0,11,6.0
2016,CAR,13,11,15,0.6037735849056604,53,8.0,10,5.0
2016,CAR,14,11,15,0.5849056603773585,53,8.0,10,5.0
2016,CAR,15,11,15,0.5849056603773585,53,8.0,10,5.0
2016,CAR,16,11,15,0.5740740740740741,54,8.0,10,5.0
2016,CAR,17,11,14,0.5660377358490566,53,8.0,10,5.0
2016,CHI,1,5,13,0.5411764705882353,85,2.5,3,0.0
2016,CHI,2,5,13,0.7090909090909091,55,2.0,3,0.0
2016,CHI,3,5,11,0.6981132075471698,53,2.0,3,0.0
2016,CHI,4,4,10,0.660377358490566,53,2.0,3,0.0
2016,CHI,5,3,9,0.6415094339622641,53,2.0,3,0.0
2016,CHI,6,3,9,0.6363636363636364,55,2.0,3,0.0
2016,CHI,7,3,9,0.6363636363636364,55,2.0,3,0.0
2016,CHI,8,3,9,0.6481481481481481,54,2.0,3,0.0
2016,CHI,10,3,9,0.6481481481481481,54,2.0,3,0.0
2016,CHI,11,2,8,0.6428571428571429,56,1.0,2,0.0
2016,CHI,12,2,8,0.625,56,1.0,2,0.0
2016,CHI,13,2,8,0.625,56,1.0,2,0.0
2016,CHI,14,1,8,0.625,56,1.0,2,0.0
2016,CHI,15,1,7,0.6363636363636364,55,1.0,2,0.0
2016,CHI,16,1,5,0.6111111111111112,54,1.0,2,0.0
2016,CHI,17,1,5,0.6111111111111112,54,1.0,2,0.0
2016,CIN,1,8,19,0.625,80,6.0,8,6.0
2016,CIN,2,8,19,0.8888888888888888,54,5.0,7,6.0
2016,CIN,3,7,18,0.8867924528301887,53,5.0,7,6.0
2016,CIN,4,7,18,0.8867924528301887,53,6.0,8,6.0
2016,CIN,5,7,18,0.8867924528301887,53,6.0,8,6.0
2016,CIN,6,7,18,0.8867924528301887,53,6.0,8,6.0
2016,CIN,7,7,18,0.8867924528301887,53,6.0,8,6.0
2016,CIN,8,7,18,0.8867924528301887,53,6.0,8,6.0
2016,CIN,10,7,18,0.8867924528301887,53,6.0,8,6.0
2016,CIN,11,7,18,0.8867924528301887,53,6.0,8,6.0
2016,CIN,12,7,17,0.8867924528301887,53,6.0,9,6.0
2016,CIN,13,7,17,0.8679245283018868,53,6.0,9,6.0
2016,CIN,14,7,17,0.8679245283018868,53,6.0,9,6.0
2016,CIN,15,7,16,0.8679245283018868,53,6.0,9,6.0
2016,CIN,16,7,16,0.8867924528301887,53,6.0,9,6.0
2016,CIN,17,4,13,0.8113207547169812,53,6.0,8,4.0
2016,CLE,1,9,16,0.5604395604395604,91,7.0,7,1.0
2016,CLE,2,8,13,0.7241379310344828,58,6.0,4,1.0
2016,CLE,3,5,10,0.7358490566037735,53,4.5,4,1.0
2016,CLE,4,5,9,0.7358490566037735,53,4.5,4,1.0
2016,CLE,5,5,9,0.6981132075471698,53,4.5,4,1.0
2016,CLE,6,6,10,0.7090909090909091,55,4.5,5,1.0
2016,CLE,7,6,10,0.6964285714285714,56,3.5,5,1.0
2016,CLE,8,6,10,0.6727272727272727,55,3.5,5,1.0
2016,CLE,9,6,11,0.6909090909090909,55,4.5,6,1.0
2016,CLE,10,6,11,0.6909090909090909,55,4.5,6,1.0
2016,CLE,11,6,11,0.6909090909090909,55,4.5,6,1.0
2016,CLE,12,6,11,0.6909090909090909,55,4.5,6,1.0
2016,CLE,14,7,12,0.6842105263157895,57,4.5,7,1.0
2016,CLE,15,7,12,0.6896551724137931,58,4.5,7,1.0
2016,CLE,16,7,12,0.7068965517241379,58,4.5,7,1.0
2016,CLE,17,6,11,0.7017543859649122,57,4.5,7,1.0
2016,DAL,1,9,14,0.5357142857142857,84,9.5,10,2.0
2016,DAL,2,8,11,0.6666666666666666,57,9.5,10,2.0
2016,DAL,3,8,11,0.6792452830188679,53,8.5,9,2.0
2016,DAL,4,8,11,0.660377358490566,53,8.5,9,2.0
2016,DAL,5,8,12,0.6792452830188679,53,8.5,9,2.0
2016,DAL,6,10,16,0.7017543859649122,57,8.5,9,2.0
2016,DAL,8,10,16,0.7017543859649122,57,8.5,9,2.0
2016,DAL,9,10,16,0.7192982456140351,57,8.5,9,2.0
2016,DAL,10,10,16,0.7192982456140351,57,8.5,9,2.0
2016,DAL,11,10,16,0.7192982456140351,57,8.5,9,2.0
2016,DAL,12,9,15,0.7142857142857143,56,8.5,9,2.0
2016,DAL,13,9,15,0.7142857142857143,56,8.5,9,2.0
2016,DAL,14,10,16,0.7192982456140351,57,8.5,9,2.0
2016,DAL,15,10,16,0.7142857142857143,56,8.5,9,2.0
2016,DAL,16,10,15,0.7090909090909091,55,8.5,9,2.0
2016,DAL,17,10,16,0.7090909090909091,55,8.5,9,2.0
2016,DAL,19,10,14,0.6923076923076923,52,8.5,9,2.0
2016,DEN,1,9,14,0.7068965517241379,58,7.5,10,6.0
2016,DEN,2,9,14,0.7068965517241379,58,7.5,10,6.0
2016,DEN,3,9,14,0.7169811320754716,53,6.5,7,6.0
2016,DEN,4,9,14,0.7169811320754716,53,6.5,7,6.0
2016,DEN,5,9,14,0.7169811320754716,53,6.5,7,6.0
2016,DEN,6,9,14,0.7169811320754716,53,6.5,7,6.0
2016,DEN,7,9,14,0.7358490566037735,53,6.5,7,6.0
2016,DEN,8,9,14,0.7358490566037735,53,6.5,7,6.0
2016,DEN,9,9,14,0.7358490566037735,53,6.5,7,6.0
2016,DEN,10,9,14,0.7358490566037735,53,6.5,7,6.0
2016,DEN,12,9,14,0.6981132075471698,53,6.5,7,6.0
2016,DEN,13,9,14,0.6792452830188679,53,6.5,7,6.0
2016,DEN,14,9,14,0.6981132075471698,53,7.5,8,6.0
2016,DEN,15,9,14,0.6981132075471698,53,7.5,8,6.0
2016,DEN,16,9,14,0.6981132075471698,53,7.5,8,6.0
2016,DEN,17,8,13,0.6792452830188679,53,6.75,7,5.0
2016,DET,1,7,14,0.5897435897435898,78,8.5,7,1.0
2016,DET,2,7,14,0.7222222222222222,54,8.5,7,1.0
2016,DET,3,7,13,0.7222222222222222,54,8.5,7,1.0
2016,DET,4,7,14,0.7169811320754716,53,8.5,7,1.0
2016,DET,5,7,13,0.7222222222222222,54,8.5,7,1.0
2016,DET,6,7,13,0.7358490566037735,53,9.5,8,1.0
2016,DET,7,7,13,0.7407407407407407,54,9.5,8,1.0
2016,DET,8,7,12,0.7169811320754716,53,9.5,8,1.0
2016,DET,9,7,13,0.7222222222222222,54,9.5,8,1.0
2016,DET,11,7,13,0.7407407407407407,54,9.5,8,1.0
2016,DET,12,7,13,0.7407407407407407,54,9.5,8,1.0
2016,DET,13,7,13,0.7407407407407407,54,8.5,7,1.0
2016,DET,14,7,12,0.7169811320754716,53,8.5,7,1.0
2016,DET,15,7,12,0.7358490566037735,53,8.5,7,1.0
2016,DET,16,7,12,0.7358490566037735,53,8.5,7,1.0
2016,DET,17,7,12,0.7358490566037735,53,8.5,7,1.0
2016,DET,18,7,12,0.7169811320754716,53,8.5,7,1.0
2016,GB,1,9,15,0.640625,64,7.25,7,3.0
2016,GB,2,9,15,0.7169811320754716,53,7.25,7,3.0
2016,GB,3,9,15,0.7169811320754716,53,7.25,7,3.0
2016,GB,5,9,15,0.7169811320754716,53,7.25,7,3.0
2016,GB,6,9,15,0.7450980392156863,51,7.25,7,3.0
2016,GB,7,9,14,0.75,52,6.25,5,3.0
2016,GB,8,9,14,0.7169811320754716,53,6.25,5,3.0
2016,GB,9,9,14,0.7169811320754716,53,6.25,5,3.0
2016,GB,10,9,14,0.7169811320754716,53,6.25,5,3.0
2016,GB,11,9,15,0.7407407407407407,54,6.25,5,3.0
2016,GB,12,9,15,0.7547169811320755,53,6.25,5,3.0
2016,GB,13,9,15,0.7358490566037735,53,6.25,5,3.0
2016,GB,14,9,15,0.7358490566037735,53,6.25,5,3.0
2016,GB,15,9,15,0.7272727272727273,55,6.25,5,3.0
2016,GB,16,9,15,0.7222222222222222,54,6.25,5,3.0
2016,GB,17,9,15,0.7222222222222222,54,6.25,5,3.0
2016,GB,18,9,15,0.7358490566037735,53,6.25,5,3.0
2016,GB,19,9,15,0.7358490566037735,53,6.25,5,3.0
2016,GB,20,9,15,0.7169811320754716,53,6.25,5,3.0
2016,HOU,1,12,17,0.5394736842105263,76,6.0,6,2.0
2016,HOU,2,12,17,0.7037037037037037,54,6.0,6,2.0
2016,HOU,3,12,17,0.7169811320754716,53,6.0,6,2.0
2016,HOU,4,11,16,0.7169811320754716,53,6.0,7,1.0
2016,HOU,5,11,15,0.6981132075471698,53,6.0,7,1.0
2016,HOU,6,11,15,0.6851851851851852,54,6.0,7,1.0
2016,HOU,7,10,14,0.6981132075471698,53,6.0,7,1.0
2016,HOU,8,10,14,0.6792452830188679,53,6.0,7,1.0
2016,HOU,10,10,14,0.660377358490566,53,6.0,7,1.0
2016,HOU,11,10,14,0.660377358490566,53,6.0,7,1.0
2016,HOU,12,10,14,0.6481481481481481,54,6.0,7,1.0
2016,HOU,13,10,14,0.660377358490566,53,6.0,7,1.0
2016,HOU,14,10,14,0.6415094339622641,53,6.0,7,1.0
2016,HOU,15,10,14,0.6111111111111112,54,6.0,7,1.0
2016,HOU,16,10,14,0.6226415094339622,53,6.0,7,1.0
2016,HOU,17,10,14,0.6226415094339622,53,6.0,7,1.0
2016,HOU,18,10,14,0.6226415094339622,53,6.0,7,1.0
2016,HOU,19,10,14,0.6226415094339622,53,6.0,7,1.0
2016,IND,1,8,13,0.4787234042553192,94,6.0,10,1.0
2016,IND,2,8,13,0.6666666666666666,57,6.0,10,1.0
2016,IND,3,7,12,0.6415094339622641,53,6.0,10,1.0
2016,IND,4,7,12,0.6226415094339622,53,5.25,10,1.0
2016,IND,5,6,11,0.6226415094339622,53,4.5,9,1.0
2016,IND,6,6,11,0.6226415094339622,53,4.5,9,1.0
2016,IND,7,6,11,0.660377358490566,53,4.5,9,1.0
2016,IND,8,6,11,0.660377358490566,53,4.5,9,1.0
2016,IND,9,6,11,0.6415094339622641,53,4.5,9,1.0
2016,IND,11,6,11,0.6226415094339622,53,4.5,9,1.0
2016,IND,12,6,11,0.5925925925925926,54,4.5,9,1.0
2016,IND,13,6,11,0.6111111111111112,54,5.25,9,1.0
2016,IND,14,6,11,0.6,55,5.25,9,1.0
2016,IND,15,5,9,0.5818181818181818,55,5.25,9,1.0
2016,IND,16,5,9,0.5818181818181818,55,5.25,9,1.0
2016,IND,17,5,9,0.5818181818181818,55,5.25,9,1.0
2016,JAX,1,9,19,0.6025641025641025,78,1.5,5,5.0
2016,JAX,2,8,18,0.6981132075471698,53,1.5,5,5.0
2016,JAX,3,8,18,0.6981132075471698,53,1.5,5,5.0
2016,JAX,4,8,18,0.6981132075471698,53,1.5,5,5.0
2016,JAX,6,7,17,0.6792452830188679,53,1.5,5,5.0
2016,JAX,7,7,17,0.6792452830188679,53,1.5,5,5.0
2016,JAX,8,7,17,0.660377358490566,53,1.5,5,5.0
2016,JAX,9,7,17,0.660377358490566,53,1.5,5,5.0
2016,JAX,10,7,17,0.660377358490566,53,1.5,5,5.0
2016,JAX,11,7,17,0.6792452830188679,53,1.5,5,5.0
2016,JAX,12,6,16,0.6792452830188679,53,1.0,5,5.0
2016,JAX,13,6,16,0.660377358490566,53,1.0,5,5.0
2016,JAX,14,5,14,0.6415094339622641,53,1.0,4,5.0
2016,JAX,15,5,14,0.6415094339622641,53,1.0,4,5.0
2016,JAX,16,5,14,0.6037735849056604,53,1.0,4,5.0
2016,JAX,17,5,13,0.5849056603773585,53,1.0,4,5.0
2016,KC,1,9,12,0.5903614457831325,83,9.75,10,8.0
2016,KC,2,9,12,0.7192982456140351,57,9.75,10,8.0
2016,KC,3,9,12,0.7358490566037735,53,9.75,10,8.0
2016,KC,4,9,12,0.7358490566037735,53,9.75,10,8.0
2016,KC,6,9,12,0.7547169811320755,53,9.75,10,8.0
2016,KC,7,9,13,0.7735849056603774,53,9.75,10,8.0
2016,KC,8,9,13,0.7735849056603774,53,9.75,10,8.0
2016,KC,9,9,14,0.7735849056603774,53,8.75,9,7.0
2016,KC,10,9,14,0.7735849056603774,53,9.75,10,8.0
2016,KC,11,9,15,0.7735849056603774,53,9.75,10,8.0
2016,KC,12,9,14,0.7735849056603774,53,9.75,10,8.0
2016,KC,13,9,14,0.7547169811320755,53,9.75,10,8.0
2016,KC,14,9,14,0.7547169811320755,53,9.75,10,8.0
2016,KC,15,8,13,0.7547169811320755,53,8.75,9,7.0
2016,KC,16,8,13,0.7547169811320755,53,8.75,9,7.0
2016,KC,17,8,13,0.7358490566037735,53,8.75,9,7.0
2016,KC,19,8,13,0.7169811320754716,53,8.75,9,7.0
2016,LA,1,11,16,0.6785714285714286,56,7.75,5,2.0
2016,LA,2,11,16,0.6909090909090909,55,7.75,5,2.0
2016,LA,3,11,16,0.6851851851851852,54,7.0,4,2.0
2016,LA,4,11,16,0.6981132075471698,53,7.0,4,2.0
2016,LA,5,11,16,0.6792452830188679,53,7.0,4,2.0
2016,LA,6,11,16,0.6981132075471698,53,7.0,4,2.0
2016,LA,7,11,16,0.6981132075471698,53,7.0,4,2.0
2016,LA,9,11,16,0.6981132075471698,53,7.0,4,2.0
2016,LA,10,11,16,0.6981132075471698,53,7.0,4,2.0
2016,LA,11,11,16,0.7169811320754716,53,7.0,4,2.0
2016,LA,12,11,16,0.6981132075471698,53,7.0,4,2.0
2016,LA,13,11,16,0.6981132075471698,53,7.0,4,2.0
2016,LA,14,11,16,0.6981132075471698,53,7.0,4,2.0
2016,LA,15,8,12,0.6808510638297872,47,4.0,3,2.0
2016,LA,16,10,15,0.660377358490566,53,4.0,3,2.0
2016,LA,17,10,15,0.660377358490566,53,4.0,3,2.0
2016,MIA,1,9,20,0.6075949367088608,79,8.5,11,3.0
2016,MIA,2,8,17,0.7222222222222222,54,8.5,11,3.0
2016,MIA,3,8,17,0.7169811320754716,53,8.5,11,3.0
2016,MIA,4,9,17,0.7090909090909091,55,8.5,11,3.0
2016,MIA,5,8,16,0.6981132075471698,53,8.5,11,3.0
2016,MIA,6,9,15,0.6727272727272727,55,8.5,11,3.0
2016,MIA,7,9,15,0.6727272727272727,55,7.75,10,2.0
2016,MIA,9,9,15,0.7037037037037037,54,6.0,8,2.0
2016,MIA,10,9,15,0.6851851851851852,54,6.0,8,2.0
2016,MIA,11,9,15,0.6666666666666666,54,6.0,8,2.0
2016,MIA,12,9,15,0.6545454545454545,55,6.0,8,2.0
2016,MIA,13,9,15,0.6545454545454545,55,6.0,8,2.0
2016,MIA,14,9,15,0.6666666666666666,54,6.0,8,2.0
2016,MIA,15,8,14,0.6666666666666666,54,6.0,7,2.0
2016,MIA,16,8,14,0.6785714285714286,56,6.0,7,2.0
2016,MIA,17,8,14,0.6851851851851852,54,6.0,7,2.0
2016,MIA,18,7,12,0.6730769230769231,52,6.0,7,2.0
2016,MIN,1,14,18,0.5584415584415584,77,10.5,9,2.0
2016,MIN,2,13,17,0.7037037037037037,54,10.0,9,2.0
2016,MIN,3,11,15,0.7115384615384616,52,9.0,7,2.0
2016,MIN,4,11,15,0.7169811320754716,53,9.0,7,2.0
2016,MIN,5,11,15,0.7169811320754716,53,9.0,7,2.0
2016,MIN,7,11,15,0.6909090909090909,55,8.75,8,2.0
2016,MIN,8,11,15,0.6909090909090909,55,8.75,8,2.0
2016,MIN,9,11,15,0.6909090909090909,55,8.75,8,2.0
2016,MIN,10,11,15,0.6851851851851852,54,8.75,8,2.0
2016,MIN,11,10,14,0.6481481481481481,54,7.5,6,2.0
2016,MIN,12,10,14,0.6481481481481481,54,7.5,6,2.0
2016,MIN,13,10,14,0.6481481481481481,54,7.5,6,2.0
2016,MIN,14,10,14,0.6481481481481481,54,7.5,6,2.0
2016,MIN,15,10,14,0.6363636363636364,55,8.5,7,2.0
2016,MIN,16,10,13,0.6296296296296297,54,8.5,7,2.0
2016,MIN,17,10,13,0.6296296296296297,54,8.5,7,2.0
2016,NE,1,8,17,0.726027397260274,73,7.75,6,3.0
2016,NE,2,8,18,0.7272727272727273,55,6.75,6,2.0
2016,NE,3,8,18,0.7169811320754716,53,6.75,6,2.0
2016,NE,4,8,18,0.7358490566037735,53,6.75,6,2.0
2016,NE,5,8,18,0.7222222222222222,54,7.75,7,3.0
2016,NE,6,7,17,0.7254901960784313,51,7.75,7,3.0
2016,NE,7,7,17,0.7169811320754716,53,7.75,7,3.0
2016,NE,8,7,18,0.7358490566037735,53,7.75,7,3.0
2016,NE,10,7,17,0.7169811320754716,53,6.75,6,3.0
2016,NE,11,7,17,0.7169811320754716,53,6.75,6,3.0
2016,NE,12,7,17,0.7169811320754716,53,6.75,6,3.0
2016,NE,13,7,16,0.7169811320754716,53,5.75,5,2.0
2016,NE,14,7,16,0.6981132075471698,53,5.75,5,2.0
2016,NE,15,8,17,0.7169811320754716,53,5.75,5,2.0
2016,NE,16,8,17,0.7358490566037735,53,5.75,5,2.0
2016,NE,17,8,17,0.7358490566037735,53,5.75,5,2.0
2016,NE,19,8,17,0.7358490566037735,53,5.75,5,2.0
2016,NE,20,8,17,0.7358490566037735,53,5.75,5,2.0
2016,NE,21,8,17,0.7358490566037735,53,5.75,5,2.0
2016,NO,1,9,20,0.5617977528089888,89,9.0,8,2.0
2016,NO,2,9,19,0.6885245901639344,61,8.25,8,2.0
2016,NO,3,7,17,0.6415094339622641,53,7.75,8,2.0
2016,NO,4,7,17,0.6296296296296297,54,7.75,8,2.0
2016,NO,6,7,18,0.6181818181818182,55,7.75,8,2.0
2016,NO,7,7,17,0.6,55,7.75,8,2.0
2016,NO,8,7,18,0.6296296296296297,54,7.75,8,2.0
2016,NO,9,8,17,0.6111111111111112,54,7.75,8,2.0
2016,NO,10,8,17,0.6481481481481481,54,7.75,8,2.0
2016,NO,11,8,17,0.6363636363636364,55,7.75,8,2.0
2016,NO,12,8,17,0.6363636363636364,55,7.75,8,2.0
2016,NO,13,8,17,0.6363636363636364,55,7.75,8,2.0
2016,NO,14,8,17,0.6428571428571429,56,7.75,8,2.0
2016,NO,15,8,17,0.625,56,7.75,8,2.0
2016,NO,16,7,16,0.625,56,7.75,8,2.0
2016,NO,17,7,16,0.625,56,7.75,8,2.0
2016,NYG,1,9,16,0.6,90,9.25,6,2.0
2016,NYG,2,9,16,0.7258064516129032,62,9.25,6,2.0
2016,NYG,3,7,13,0.7391304347826086,46,6.5,4,1.0
2016,NYG,4,8,14,0.6981132075471698,53,9.25,6,2.0
2016,NYG,5,8,14,0.6981132075471698,53,9.25,6,2.0
2016,NYG,6,8,14,0.6981132075471698,53,9.25,6,2.0
2016,NYG,7,8,14,0.6851851851851852,54,9.75,6,2.0
2016,NYG,9,8,14,0.6792452830188679,53,9.75,5,2.0
2016,NYG,10,8,14,0.6792452830188679,53,9.75,5,2.0
2016,NYG,11,8,14,0.6666666666666666,54,9.75,5,2.0
2016,NYG,12,8,14,0.6792452830188679,53,9.75,5,2.0
2016,NYG,13,8,14,0.6981132075471698,53,9.75,5,2.0
2016,NYG,14,8,15,0.7037037037037037,54,9.75,5,2.0
2016,NYG,15,8,15,0.6981132075471698,53,9.75,5,2.0
2016,NYG,16,8,14,0.660377358490566,53,9.75,5,2.0
2016,NYG,17,8,14,0.660377358490566,53,9.75,5,2.0
2016,NYG,18,8,14,0.660377358490566,53,9.75,5,2.0
2016,NYJ,1,10,18,0.5476190476190477,84,10.0,7,4.0
2016,NYJ,2,10,18,0.6896551724137931,58,10.0,7,4.0
2016,NYJ,3,9,17,0.7358490566037735,53,10.0,7,4.0
2016,NYJ,4,9,18,0.7547169811320755,53,10.0,7,4.0
2016,NYJ,5,9,18,0.7547169811320755,53,10.0,7,4.0
2016,NYJ,6,9,18,0.7222222222222222,54,10.0,7,4.0
2016,NYJ,7,9,18,0.7090909090909091,55,10.0,7,4.0
2016,NYJ,8,9,17,0.6964285714285714,56,10.0,7,4.0
2016,NYJ,9,10,18,0.7142857142857143,56,10.0,7,4.0
2016,NYJ,10,9,17,0.7272727272727273,55,9.25,6,4.0
2016,NYJ,12,9,17,0.7222222222222222,54,9.25,6,4.0
2016,NYJ,13,9,17,0.7222222222222222,54,9.25,6,4.0
2016,NYJ,14,7,16,0.6851851851851852,54,8.25,5,4.0
2016,NYJ,15,7,15,0.6481481481481481,54,8.25,5,4.0
2016,NYJ,16,7,14,0.6111111111111112,54,8.25,5,4.0
2016,NYJ,17,7,13,0.5925925925925926,54,7.25,4,3.0
2016,OAK,1,9,18,0.4651162790697674,86,8.75,8,3.0
2016,OAK,2,9,18,0.7090909090909091,55,7.75,7,3.0
2016,OAK,3,9,17,0.7115384615384616,52,7.75,7,3.0
2016,OAK,4,9,17,0.6981132075471698,53,7.75,7,3.0
2016,OAK,5,9,17,0.6792452830188679,53,7.75,7,3.0
2016,OAK,6,9,17,0.6792452830188679,53,7.75,7,3.0
2016,OAK,7,9,17,0.6792452830188679,53,7.75,7,3.0
2016,OAK,8,9,17,0.6792452830188679,53,7.75,7,3.0
2016,OAK,9,9,17,0.6792452830188679,53,7.75,7,3.0
2016,OAK,11,9,17,0.6792452830188679,53,7.75,7,3.0
2016,OAK,12,9,17,0.660377358490566,53,7.75,7,3.0
2016,OAK,13,8,16,0.6415094339622641,53,7.75,7,3.0
2016,OAK,14,8,16,0.6415094339622641,53,7.75,7,3.0
2016,OAK,15,8,16,0.6415094339622641,53,7.75,7,3.0
2016,OAK,16,8,17,0.6415094339622641,53,7.75,7,3.0
2016,OAK,17,8,17,0.6415094339622641,53,7.75,7,3.0
2016,OAK,18,8,17,0.6415094339622641,53,7.75,7,3.0
2016,PHI,1,9,18,0.5647058823529412,85,13.5,8,1.0
2016,PHI,2,9,16,0.7735849056603774,53,13.0,8,1.0
2016,PHI,3,9,16,0.7735849056603774,53,13.0,8,1.0
2016,PHI,5,9,16,0.7735849056603774,53,13.0,8,1.0
2016,PHI,6,8,15,0.7547169811320755,53,12.0,8,1.0
2016,PHI,7,9,16,0.7592592592592593,54,13.0,8,1.0
2016,PHI,8,9,16,0.7592592592592593,54,13.0,8,1.0
2016,PHI,9,9,16,0.7547169811320755,53,13.0,8,1.0
2016,PHI,10,9,16,0.7407407407407407,54,13.0,8,1.0
2016,PHI,11,9,16,0.7407407407407407,54,13.0,8,1.0
2016,PHI,12,9,16,0.7407407407407407,54,13.0,8,1.0
2016,PHI,13,9,16,0.7407407407407407,54,13.0,8,1.0
2016,PHI,14,9,16,0.7407407407407407,54,13.0,8,1.0
2016,PHI,15,9,16,0.7407407407407407,54,12.0,7,1.0
2016,PHI,16,9,16,0.7358490566037735,53,12.0,7,1.0
2016,PHI,17,8,15,0.7169811320754716,53,11.0,6,1.0
2016,PIT,1,12,17,0.6964285714285714,56,7.5,6,2.0
2016,PIT,2,12,17,0.6964285714285714,56,7.5,6,2.0
2016,PIT,3,11,16,0.6981132075471698,53,7.0,6,2.0
2016,PIT,4,11,17,0.6981132075471698,53,8.0,7,3.0
2016,PIT,5,11,16,0.660377358490566,53,8.0,7,3.0
2016,PIT,6,11,16,0.6666666666666666,54,8.0,7,3.0
2016,PIT,7,11,16,0.7037037037037037,54,8.0,7,3.0
2016,PIT,9,11,16,0.6851851851851852,54,8.0,7,3.0
2016,PIT,10,11,16,0.7037037037037037,54,8.0,7,3.0
2016,PIT,11,11,16,0.7037037037037037,54,7.0,7,2.0
2016,PIT,12,11,16,0.7037037037037037,54,7.0,7,2.0
2016,PIT,13,11,16,0.7222222222222222,54,7.0,7,2.0
2016,PIT,14,11,16,0.7222222222222222,54,7.0,7,2.0
2016,PIT,15,11,16,0.7222222222222222,54,7.0,7,2.0
2016,PIT,16,11,16,0.6909090909090909,55,7.0,7,2.0
2016,PIT,17,11,16,0.6851851851851852,54,7.0,7,2.0
2016,PIT,18,11,16,0.6792452830188679,53,7.0,7,2.0
2016,PIT,19,11,16,0.6792452830188679,53,7.0,7,2.0
2016,PIT,20,11,16,0.6792452830188679,53,7.0,7,2.0
2016,SD,1,6,14,0.4942528735632184,87,3.75,5,1.0
2016,SD,2,7,15,0.6792452830188679,53,3.75,5,1.0
2016,SD,3,7,16,0.6792452830188679,53,4.75,6,1.0
2016,SD,4,7,15,0.6792452830188679,53,4.75,6,1.0
2016,SD,5,6,14,0.660377358490566,53,4.75,5,1.0
2016,SD,6,6,14,0.660377358490566,53,4.75,5,1.0
2016,SD,7,6,14,0.6481481481481481,54,4.75,5,1.0
2016,SD,8,6,14,0.6296296296296297,54,4.75,5,1.0
2016,SD,9,6,13,0.5925925925925926,54,3.75,4,1.0
2016,SD,10,6,13,0.6037735849056604,53,3.75,4,1.0
2016,SD,12,6,13,0.6111111111111112,54,3.75,4,1.0
2016,SD,13,6,12,0.6037735849056604,53,3.75,4,1.0
2016,SD,14,6,12,0.6037735849056604,53,3.75,4,1.0
2016,SD,15,6,11,0.5925925925925926,54,3.25,3,1.0
2016,SD,16,6,11,0.5925925925925926,54,3.25,3,1.0
2016,SD,17,6,11,0.5925925925925926,54,3.25,3,1.0
2016,SEA,1,2,9,0.4404761904761904,84,11.0,9,5.0
2016,SEA,2,2,9,0.5,60,11.0,8,5.0
2016,SEA,3,2,8,0.5283018867924528,53,11.0,8,5.0
2016,SEA,4,3,9,0.5471698113207547,53,11.0,8,5.0
2016,SEA,6,3,9,0.5660377358490566,53,11.0,8,5.0
2016,SEA,7,3,9,0.5660377358490566,53,11.0,8,5.0
2016,SEA,8,2,8,0.5471698113207547,53,11.0,8,5.0
2016,SEA,9,2,8,0.5471698113207547,53,11.0,8,5.0
2016,SEA,10,2,8,0.5471698113207547,53,11.0,8,5.0
2016,SEA,11,2,7,0.5471698113207547,53,11.0,8,5.0
2016,SEA,12,2,7,0.5283018867924528,53,11.0,8,5.0
2016,SEA,13,2,7,0.5094339622641509,53,11.0,8,5.0
2016,SEA,14,1,6,0.490566037735849,53,11.0,8,4.0
2016,SEA,15,1,5,0.5416666666666666,48,10.0,7,4.0
2016,SEA,16,1,6,0.490566037735849,53,11.0,8,4.0
2016,SEA,17,1,6,0.4716981132075472,53,10.0,7,4.0
2016,SEA,18,1,7,0.490566037735849,53,11.0,8,4.0
2016,SEA,19,1,7,0.490566037735849,53,11.0,8,4.0
2016,SF,1,10,17,0.7358490566037735,53,4.75,7,1.0
2016,SF,2,10,17,0.7222222222222222,54,4.75,7,1.0
2016,SF,3,10,17,0.7358490566037735,53,4.75,7,1.0
2016,SF,4,9,16,0.7358490566037735,53,4.75,7,1.0
2016,SF,5,9,16,0.7358490566037735,53,3.75,6,0.0
2016,SF,6,9,16,0.7407407407407407,54,3.75,6,0.0
2016,SF,7,10,17,0.7321428571428571,56,3.75,6,0.0
2016,SF,9,10,17,0.7407407407407407,54,3.75,6,0.0
2016,SF,10,9,16,0.7222222222222222,54,3.75,6,0.0
2016,SF,11,9,16,0.7222222222222222,54,3.75,6,0.0
2016,SF,12,8,15,0.7222222222222222,54,3.75,5,0.0
2016,SF,13,8,15,0.7222222222222222,54,3.75,5,0.0
2016,SF,14,8,15,0.7222222222222222,54,3.75,5,0.0
2016,SF,15,8,14,0.6851851851851852,54,3.75,5,0.0
2016,SF,16,7,12,0.7037037037037037,54,2.75,5,0.0
2016,SF,17,7,11,0.6851851851851852,54,2.75,5,0.0
2016,TB,1,7,16,0.5125,80,6.5,7,3.0
2016,TB,2,7,16,0.6792452830188679,53,6.5,7,3.0
2016,TB,3,7,15,0.6415094339622641,53,6.5,7,3.0
2016,TB,4,7,15,0.6415094339622641,53,6.5,7,3.0
2016,TB,5,7,15,0.6415094339622641,53,6.5,7,3.0
2016,TB,7,7,14,0.6111111111111112,54,5.75,6,3.0
2016,TB,8,7,14,0.6226415094339622,53,5.75,6,3.0
2016,TB,9,7,13,0.6226415094339622,53,5.75,6,3.0
2016,TB,10,7,13,0.6296296296296297,54,5.75,6,3.0
2016,TB,11,7,13,0.6415094339622641,53,5.75,6,3.0
2016,TB,12,7,13,0.6296296296296297,54,5.75,6,3.0
2016,TB,13,7,13,0.6296296296296297,54,5.75,6,3.0
2016,TB,14,7,13,0.625,56,5.75,6,3.0
2016,TB,15,7,13,0.6296296296296297,54,5.75,6,3.0
2016,TB,16,7,13,0.6296296296296297,54,5.75,6,3.0
2016,TB,17,7,13,0.6111111111111112,54,5.75,6,3.0
2016,TEN,1,8,13,0.6206896551724138,87,7.0,5,1.0
2016,TEN,2,8,13,0.8148148148148148,54,6.5,5,1.0
2016,TEN,3,7,12,0.8113207547169812,53,6.5,5,1.0
2016,TEN,4,7,12,0.8113207547169812,53,6.5,5,1.0
2016,TEN,5,7,12,0.8113207547169812,53,6.5,5,1.0
2016,TEN,6,7,12,0.8113207547169812,53,6.5,5,1.0
2016,TEN,7,7,12,0.8113207547169812,53,6.5,5,1.0
2016,TEN,8,7,12,0.8113207547169812,53,6.5,5,1.0
2016,TEN,9,6,11,0.8113207547169812,53,5.5,4,1.0
2016,TEN,10,6,11,0.8113207547169812,53,5.5,4,1.0
2016,TEN,11,6,11,0.8113207547169812,53,5.5,4,1.0
2016,TEN,12,6,11,0.8113207547169812,53,5.5,4,1.0
2016,TEN,14,6,10,0.7924528301886793,53,5.5,4,1.0
2016,TEN,15,6,10,0.7924528301886793,53,5.5,4,1.0
2016,TEN,16,6,10,0.7924528301886793,53,4.5,4,1.0
2016,TEN,17,5,9,0.7735849056603774,53,4.5,4,1.0
2016,WAS,1,7,12,0.7321428571428571,56,3.5,6,3.0
2016,WAS,2,7,12,0.7142857142857143,56,3.5,6,3.0
2016,WAS,3,6,11,0.7021276595744681,47,3.5,5,3.0
2016,WAS,4,6,11,0.7169811320754716,53,4.25,5,3.0
2016,WAS,5,7,11,0.7169811320754716,53,5.25,6,3.0
2016,WAS,6,7,11,0.7169811320754716,53,5.25,6,3.0
2016,WAS,7,6,10,0.6981132075471698,53,5.25,6,3.0
2016,WAS,8,6,10,0.6851851851851852,54,5.25,6,3.0
2016,WAS,10,6,10,0.6545454545454545,55,5.25,6,3.0
2016,WAS,11,6,10,0.6545454545454545,55,5.25,6,3.0
2016,WAS,12,6,10,0.6481481481481481,54,5.25,6,3.0
2016,WAS,13,6,10,0.6481481481481481,54,5.25,6,3.0
2016,WAS,14,6,10,0.6792452830188679,53,5.25,6,3.0
2016,WAS,15,6,10,0.6981132075471698,53,5.25,6,3.0
2016,WAS,16,6,10,0.6792452830188679,53,5.25,6,3.0
2016,WAS,17,5,9,0.6792452830188679,53,4.25,5,3.0
2017,ARI,1,11,16,0.7358490566037735,53,10.5,11,3.0
2017,ARI,2,12,17,0.7169811320754716,53,10.0,10,3.0
2017,ARI,3,12,17,0.6981132075471698,53,10.0,10,3.0
2017,ARI,4,11,16,0.6981132075471698,53,9.0,9,3.0
2017,ARI,5,11,15,0.6981132075471698,53,9.0,9,3.0
2017,ARI,6,11,15,0.6981132075471698,53,9.5,10,3.0
2017,ARI,7,11,15,0.6981132075471698,53,9.5,10,3.0
2017,ARI,9,10,14,0.6792452830188679,53,8.5,9,3.0
2017,ARI,10,10,14,0.6981132075471698,53,8.5,9,3.0
2017,ARI,11,9,13,0.7169811320754716,53,8.5,9,3.0
2017,ARI,12,9,13,0.6981132075471698,53,8.5,9,3.0
2017,ARI,13,9,13,0.660377358490566,53,8.5,9,3.0
2017,ARI,14,9,13,0.660377358490566,53,8.5,9,3.0
2017,ARI,15,8,13,0.6481481481481481,54,7.5,8,3.0
2017,ARI,16,8,13,0.6363636363636364,55,7.5,8,3.0
2017,ARI,17,8,13,0.6363636363636364,55,7.5,7,3.0
2017,ATL,1,10,16,0.7169811320754716,53,8.75,9,4.0
2017,ATL,2,10,16,0.7169811320754716,53,8.75,9,4.0
2017,ATL,3,10,16,0.7169811320754716,53,8.75,9,4.0
2017,ATL,4,10,16,0.7169811320754716,53,8.75,9,4.0
2017,ATL,6,10,16,0.6792452830188679,53,8.75,9,4.0
2017,ATL,7,10,16,0.6981132075471698,53,8.75,9,4.0
2017,ATL,8,11,17,0.7169811320754716,53,9.25,9,4.0
2017,ATL,9,11,17,0.6981132075471698,53,9.25,9,4.0
2017,ATL,10,11,17,0.6981132075471698,53,9.25,9,4.0
2017,ATL,11,11,17,0.6981132075471698,53,9.25,9,4.0
2017,ATL,12,11,17,0.6981132075471698,53,9.25,9,4.0
2017,ATL,13,11,17,0.6981132075471698,53,9.25,9,4.0
2017,ATL,14,11,17,0.7169811320754716,53,9.25,9,4.0
2017,ATL,15,11,17,0.6909090909090909,55,9.25,9,4.0
2017,ATL,16,11,17,0.6909090909090909,55,9.25,9,4.0
2017,ATL,17,11,17,0.7090909090909091,55,9.25,9,4.0
2017,ATL,18,11,16,0.6909090909090909,55,9.25,9,4.0
2017,ATL,19,11,16,0.6909090909090909,55,9.25,9,4.0
2017,BAL,1,9,13,0.7358490566037735,53,5.5,6,1.0
2017,BAL,2,9,13,0.7547169811320755,53,5.5,6,1.0
2017,BAL,3,9,13,0.7358490566037735,53,4.5,5,0.0
2017,BAL,4,9,13,0.7169811320754716,53,4.5,5,0.0
2017,BAL,5,9,13,0.7169811320754716,53,4.5,5,0.0
2017,BAL,6,9,13,0.7169811320754716,53,4.5,5,0.0
2017,BAL,7,9,13,0.7169811320754716,53,5.5,5,0.0
2017,BAL,8,9,14,0.7169811320754716,53,5.5,5,0.0
2017,BAL,9,9,14,0.7358490566037735,53,5.5,5,0.0
2017,BAL,11,9,13,0.7358490566037735,53,5.5,5,0.0
2017,BAL,12,9,13,0.7358490566037735,53,5.5,5,0.0
2017,BAL,13,9,13,0.7358490566037735,53,5.5,5,0.0
2017,BAL,14,8,13,0.7358490566037735,53,5.5,5,0.0
2017,BAL,15,8,13,0.7358490566037735,53,5.5,5,0.0
2017,BAL,16,8,13,0.7358490566037735,53,5.5,5,0.0
2017,BAL,17,8,13,0.7358490566037735,53,5.5,5,0.0
2017,BUF,1,5,12,0.6415094339622641,53,9.5,9,2.0
2017,BUF,2,5,12,0.660377358490566,53,9.5,9,2.0
2017,BUF,3,5,12,0.660377358490566,53,9.5,9,2.0
2017,BUF,4,5,12,0.660377358490566,53,9.5,9,2.0
2017,BUF,5,5,12,0.660377358490566,53,9.5,9,2.0
2017,BUF,7,5,12,0.6666666666666666,54,9.5,9,2.0
2017,BUF,8,4,11,0.6296296296296297,54,8.5,8,2.0
2017,BUF,9,5,12,0.660377358490566,53,8.5,8,2.0
2017,BUF,10,5,12,0.6415094339622641,53,7.5,8,2.0
2017,BUF,11,5,11,0.6226415094339622,53,7.5,8,2.0
2017,BUF,12,5,11,0.6226415094339622,53,7.5,8,2.0
2017,BUF,13,5,11,0.6226415094339622,53,7.5,8,2.0
2017,BUF,14,4,9,0.5849056603773585,53,7.5,8,2.0
2017,BUF,15,4,8,0.5454545454545454,55,7.5,8,2.0
2017,BUF,16,4,8,0.5454545454545454,55,7.5,8,2.0
2017,BUF,17,4,8,0.5818181818181818,55,7.5,8,2.0
2017,BUF,18,4,8,0.5818181818181818,55,7.5,8,2.0
2017,CAR,1,12,19,0.6415094339622641,53,8.25,12,3.0
2017,CAR,2,12,19,0.6415094339622641,53,8.25,12,3.0
2017,CAR,3,11,18,0.6415094339622641,53,7.25,11,2.0
2017,CAR,4,11,18,0.6415094339622641,53,7.25,11,2.0
2017,CAR,5,11,19,0.660377358490566,53,8.0,12,2.0
2017,CAR,6,11,19,0.660377358490566,53,8.0,12,2.0
2017,CAR,7,11,19,0.660377358490566,53,8.0,12,2.0
2017,CAR,8,11,19,0.6792452830188679,53,8.0,12,2.0
2017,CAR,9,10,18,0.660377358490566,53,8.0,12,2.0
2017,CAR,10,10,18,0.660377358490566,53,8.0,12,2.0
2017,CAR,12,11,18,0.660377358490566,53,9.0,13,3.0
2017,CAR,13,11,18,0.6415094339622641,53,8.5,13,3.0
2017,CAR,14,11,18,0.6415094339622641,53,8.5,13,3.0
2017,CAR,15,11,18,0.6415094339622641,53,8.5,13,3.0
2017,CAR,16,10,17,0.6226415094339622,53,7.5,12,2.0
2017,CAR,17,11,18,0.660377358490566,53,9.0,13,3.0
2017,CAR,18,11,18,0.660377358490566,53,9.0,13,3.0
2017,CHI,1,8,11,0.7358490566037735,53,3.75,3,0.0
2017,CHI,2,7,10,0.7169811320754716,53,3.75,3,0.0
2017,CHI,3,7,10,0.7169811320754716,53,3.75,3,0.0
2017,CHI,4,7,10,0.7169811320754716,53,3.75,3,0.0
2017,CHI,5,7,10,0.6981132075471698,53,3.0,3,0.0
2017,CHI,6,7,10,0.6981132075471698,53,3.0,3,0.0
2017,CHI,7,7,10,0.6981132075471698,53,3.0,3,0.0
2017,CHI,8,7,10,0.6981132075471698,53,3.0,3,0.0
2017,CHI,10,7,10,0.6792452830188679,53,3.0,3,0.0
2017,CHI,11,7,10,0.6792452830188679,53,3.0,3,0.0
2017,CHI,12,6,9,0.660377358490566,53,3.0,3,0.0
2017,CHI,13,6,10,0.7037037037037037,54,3.0,3,0.0
2017,CHI,14,5,10,0.6981132075471698,53,2.0,2,0.0
2017,CHI,15,5,10,0.6981132075471698,53,2.0,2,0.0
2017,CHI,16,5,10,0.660377358490566,53,2.0,2,0.0
2017,CHI,17,5,10,0.660377358490566,53,2.0,2,0.0
2017,CIN,1,8,16,0.8679245283018868,53,3.75,5,2.0
2017,CIN,2,9,17,0.8703703703703703,54,4.75,6,2.0
2017,CIN,3,9,17,0.8679245283018868,53,4.75,6,2.0
2017,CIN,4,9,17,0.8679245283018868,53,5.5,7,2.0
2017,CIN,5,9,17,0.8679245283018868,53,5.5,7,2.0
2017,CIN,7,8,16,0.8490566037735849,53,5.5,6,2.0
2017,CIN,8,8,16,0.8490566037735849,53,5.5,6,2.0
2017,CIN,9,8,16,0.8333333333333334,54,5.5,6,2.0
2017,CIN,10,8,14,0.8301886792452831,53,5.5,6,2.0
2017,CIN,11,8,14,0.8301886792452831,53,5.5,6,2.0
2017,CIN,12,8,14,0.8490566037735849,53,5.5,6,2.0
2017,CIN,13,8,14,0.8490566037735849,53,5.5,6,2.0
2017,CIN,14,6,12,0.8113207547169812,53,4.5,5,2.0
2017,CIN,15,6,11,0.7735849056603774,53,4.5,5,2.0
2017,CIN,16,5,10,0.7358490566037735,53,3.75,5,2.0
2017,CIN,17,5,10,0.7358490566037735,53,3.75,5,2.0
2017,CLE,1,8,14,0.7358490566037735,53,4.0,2,0.0
2017,CLE,2,8,14,0.7358490566037735,53,4.0,2,0.0
2017,CLE,3,7,13,0.7169811320754716,53,4.0,2,0.0
2017,CLE,4,7,13,0.7037037037037037,54,4.0,2,0.0
2017,CLE,5,7,13,0.7169811320754716,53,4.0,2,0.0
2017,CLE,6,7,13,0.7169811320754716,53,4.0,2,0.0
2017,CLE,7,7,13,0.7169811320754716,53,4.0,2,0.0
2017,CLE,8,6,12,0.6981132075471698,53,3.0,1,0.0
2017,CLE,10,6,12,0.6981132075471698,53,3.0,1,0.0
2017,CLE,11,7,12,0.6981132075471698,53,2.0,0,0.0
2017,CLE,12,7,11,0.6981132075471698,53,2.0,0,0.0
2017,CLE,13,7,12,0.7169811320754716,53,2.75,1,0.0
2017,CLE,14,6,11,0.6981132075471698,53,2.75,1,0.0
2017,CLE,15,6,11,0.7222222222222222,54,2.75,1,0.0
2017,CLE,16,6,11,0.6964285714285714,56,2.75,1,0.0
2017,CLE,17,6,11,0.6964285714285714,56,2.75,1,0.0
2017,DAL,1,9,15,0.7358490566037735,53,9.5,10,7.0
2017,DAL,2,9,15,0.7358490566037735,53,9.5,10,7.0
2017,DAL,3,9,15,0.7547169811320755,53,9.5,10,7.0
2017,DAL,4,9,15,0.7547169811320755,53,9.5,10,7.0
2017,DAL,5,9,15,0.7358490566037735,53,9.5,10,7.0
2017,DAL,7,9,14,0.6981132075471698,53,9.5,10,7.0
2017,DAL,8,9,15,0.6981132075471698,53,9.5,10,7.0
2017,DAL,9,9,15,0.6981132075471698,53,9.5,10,7.0
2017,DAL,10,8,14,0.6792452830188679,53,8.5,9,6.0
2017,DAL,11,8,14,0.6792452830188679,53,8.5,9,6.0
2017,DAL,12,8,14,0.6792452830188679,53,8.5,9,6.0
2017,DAL,13,8,13,0.660377358490566,53,8.5,9,6.0
2017,DAL,14,8,13,0.660377358490566,53,8.5,9,6.0
2017,DAL,15,8,13,0.6481481481481481,54,8.5,9,6.0
2017,DAL,16,9,14,0.6666666666666666,54,9.5,10,7.0
2017,DAL,17,8,12,0.6296296296296297,54,7.5,9,6.0
2017,DEN,1,6,12,0.7307692307692307,52,5.75,7,2.0
2017,DEN,2,6,12,0.7169811320754716,53,5.75,7,2.0
2017,DEN,3,6,12,0.7169811320754716,53,5.75,7,2.0
2017,DEN,4,6,12,0.7169811320754716,53,5.75,7,2.0
2017,DEN,6,6,12,0.7169811320754716,53,5.75,7,2.0
2017,DEN,7,6,12,0.660377358490566,53,5.75,7,2.0
2017,DEN,8,6,12,0.6730769230769231,52,5.75,7,2.0
2017,DEN,9,7,13,0.6792452830188679,53,5.75,7,2.0
2017,DEN,10,7,13,0.6792452830188679,53,5.75,7,2.0
2017,DEN,11,7,13,0.6792452830188679,53,5.75,7,2.0
2017,DEN,12,7,13,0.660377358490566,53,5.75,7,2.0
2017,DEN,13,6,12,0.6415094339622641,53,4.75,6,1.0
2017,DEN,14,7,12,0.6415094339622641,53,5.75,7,2.0
2017,DEN,15,7,12,0.6346153846153846,52,5.75,7,2.0
2017,DEN,16,6,11,0.5925925925925926,54,5.75,7,2.0
2017,DEN,17,6,11,0.5925925925925926,54,5.75,7,2.0
2017,DET,1,7,13,0.7547169811320755,53,4.25,7,1.0
2017,DET,2,7,13,0.7547169811320755,53,5.25,7,1.0
2017,DET,3,7,13,0.7547169811320755,53,5.25,7,1.0
2017,DET,4,7,13,0.7358490566037735,53,5.25,7,1.0
2017,DET,5,7,13,0.7358490566037735,53,5.25,7,1.0
2017,DET,6,7,13,0.7547169811320755,53,4.5,6,1.0
2017,DET,8,6,12,0.7358490566037735,53,4.5,6,1.0
2017,DET,9,6,12,0.7358490566037735,53,4.5,6,1.0
2017,DET,10,6,12,0.7547169811320755,53,4.5,6,1.0
2017,DET,11,6,12,0.7358490566037735,53,4.5,6,1.0
2017,DET,12,7,13,0.7547169811320755,53,5.0,6,1.0
2017,DET,13,7,12,0.7358490566037735,53,5.0,6,1.0
2017,DET,14,7,12,0.7547169811320755,53,5.0,6,1.0
2017,DET,15,7,12,0.7407407407407407,54,5.0,6,1.0
2017,DET,16,7,12,0.7222222222222222,54,5.0,6,1.0
2017,DET,17,7,12,0.7037037037037037,54,5.0,6,1.0
2017,GB,1,7,16,0.7735849056603774,53,8.75,9,5.0
2017,GB,2,7,16,0.7547169811320755,53,8.75,9,5.0
2017,GB,3,7,15,0.7547169811320755,53,8.75,9,5.0
2017,GB,4,7,15,0.7547169811320755,53,8.75,9,5.0
2017,GB,5,7,15,0.7547169811320755,53,8.75,9,5.0
2017,GB,6,7,15,0.7547169811320755,53,8.75,9,5.0
2017,GB,7,6,13,0.7169811320754716,53,7.75,8,4.0
2017,GB,9,6,13,0.6909090909090909,55,7.75,8,4.0
2017,GB,10,6,12,0.7115384615384616,52,7.75,7,4.0
2017,GB,11,5,12,0.6981132075471698,53,7.25,7,4.0
2017,GB,12,5,12,0.6981132075471698,53,7.25,7,4.0
2017,GB,13,5,12,0.6792452830188679,53,7.25,7,4.0
2017,GB,14,5,11,0.6792452830188679,53,7.25,7,4.0
2017,GB,15,6,12,0.6851851851851852,54,8.25,8,5.0
2017,GB,16,5,11,0.6481481481481481,54,7.25,7,4.0
2017,GB,17,4,9,0.6111111111111112,54,7.25,7,4.0
2017,HOU,1,10,16,0.6792452830188679,53,6.0,4,2.0
2017,HOU,2,9,15,0.6730769230769231,52,5.5,4,2.0
2017,HOU,3,9,16,0.6792452830188679,53,5.5,4,2.0
2017,HOU,4,9,16,0.6666666666666666,54,5.5,4,2.0
2017,HOU,5,9,16,0.6792452830188679,53,5.5,4,2.0
2017,HOU,6,7,14,0.660377358490566,53,4.5,4,1.0
2017,HOU,8,8,15,0.6981132075471698,53,5.25,5,1.0
2017,HOU,9,6,13,0.660377358490566,53,4.5,4,1.0
2017,HOU,10,6,13,0.660377358490566,53,4.5,4,1.0
2017,HOU,11,6,13,0.660377358490566,53,4.5,4,1.0
2017,HOU,12,6,13,0.660377358490566,53,4.5,4,1.0
2017,HOU,13,6,12,0.6226415094339622,53,4.5,4,1.0
2017,HOU,14,7,13,0.6226415094339622,53,5.0,4,1.0
2017,HOU,15,7,13,0.6111111111111112,54,5.0,4,1.0
2017,HOU,16,7,12,0.5818181818181818,55,5.0,4,1.0
2017,HOU,17,7,12,0.6,55,5.0,4,1.0
2017,IND,1,6,14,0.6851851851851852,54,3.5,4,2.0
2017,IND,2,6,14,0.660377358490566,53,3.5,4,2.0
2017,IND,3,6,14,0.6792452830188679,53,3.5,4,2.0
2017,IND,4,6,14,0.660377358490566,53,3.5,4,2.0
2017,IND,5,6,14,0.660377358490566,53,3.5,4,2.0
2017,IND,6,6,13,0.6415094339622641,53,3.5,4,2.0
2017,IND,7,6,13,0.6226415094339622,53,3.5,4,2.0
2017,IND,8,5,12,0.6226415094339622,53,3.5,4,2.0
2017,IND,9,4,11,0.6037735849056604,53,3.5,3,1.0
2017,IND,10,3,10,0.6226415094339622,53,2.5,2,1.0
2017,IND,12,3,10,0.6226415094339622,53,2.5,2,1.0
2017,IND,13,3,10,0.5849056603773585,53,2.5,2,1.0
2017,IND,14,3,10,0.5660377358490566,53,2.5,2,1.0
2017,IND,15,3,10,0.5454545454545454,55,2.5,2,1.0
2017,IND,16,2,8,0.5454545454545454,55,2.5,2,1.0
2017,IND,17,2,8,0.5740740740740741,54,2.5,2,1.0
2017,JAX,1,6,15,0.5660377358490566,53,3.5,6,2.0
2017,JAX,2,6,14,0.5471698113207547,53,3.5,5,2.0
2017,JAX,3,5,13,0.5471698113207547,53,3.5,5,1.0
2017,JAX,4,5,13,0.5471698113207547,53,3.5,5,1.0
2017,JAX,5,5,13,0.5283018867924528,53,3.5,5,1.0
2017,JAX,6,5,13,0.5283018867924528,53,3.5,5,1.0
2017,JAX,7,5,13,0.5283018867924528,53,3.5,5,1.0
2017,JAX,9,6,14,0.5471698113207547,53,4.5,6,1.0
2017,JAX,10,6,14,0.5471698113207547,53,4.5,6,1.0
2017,JAX,11,7,14,0.5471698113207547,53,4.5,5,1.0
2017,JAX,12,7,14,0.5471698113207547,53,4.5,5,1.0
2017,JAX,13,6,13,0.5283018867924528,53,4.5,5,1.0
2017,JAX,14,6,13,0.5283018867924528,53,4.5,5,1.0
2017,JAX,15,6,13,0.5185185185185185,54,4.5,5,1.0
2017,JAX,16,6,13,0.5272727272727272,55,4.5,5,1.0
2017,JAX,17,6,13,0.509090909090909,55,4.5,5,1.0
2017,JAX,18,6,13,0.509090909090909,55,4.5,5,1.0
2017,JAX,19,6,13,0.509090909090909,55,4.5,5,1.0
2017,JAX,20,6,13,0.509090909090909,55,4.5,5,1.0
2017,KC,1,9,15,0.7547169811320755,53,10.75,8,6.0
2017,KC,2,7,13,0.7169811320754716,53,9.75,7,5.0
2017,KC,3,7,13,0.7169811320754716,53,9.75,7,5.0
2017,KC,4,7,13,0.7358490566037735,53,9.75,7,5.0
2017,KC,5,7,13,0.7358490566037735,53,9.75,7,5.0
2017,KC,6,7,13,0.7169811320754716,53,9.75,7,5.0
2017,KC,7,8,14,0.7358490566037735,53,9.75,7,5.0
2017,KC,8,7,13,0.7307692307692307,52,9.75,7,5.0
2017,KC,9,8,14,0.7358490566037735,53,10.5,8,5.0
2017,KC,11,8,14,0.7358490566037735,53,10.5,8,5.0
2017,KC,12,9,15,0.7358490566037735,53,11.5,9,5.0
2017,KC,13,9,15,0.7547169811320755,53,11.5,9,5.0
2017,KC,14,8,14,0.7358490566037735,53,11.5,9,5.0
2017,KC,15,8,13,0.7547169811320755,53,11.5,9,5.0
2017,KC,16,8,13,0.7407407407407407,54,11.5,9,5.0
2017,KC,17,8,13,0.7407407407407407,54,11.5,9,5.0
2017,KC,18,9,14,0.7222222222222222,54,10.5,9,5.0
2017,LA,1,8,15,0.7169811320754716,53,7.75,6,0.0
2017,LA,2,9,16,0.6981132075471698,53,8.75,7,1.0
2017,LA,3,9,16,0.6981132075471698,53,8.75,7,1.0
2017,LA,4,9,16,0.6981132075471698,53,8.75,7,1.0
2017,LA,5,9,16,0.6981132075471698,53,8.75,7,1.0
2017,LA,6,9,16,0.6981132075471698,53,8.75,7,1.0
2017,LA,7,9,16,0.6981132075471698,53,8.75,7,1.0
2017,LA,9,9,16,0.6981132075471698,53,7.75,7,1.0
2017,LA,10,9,16,0.6792452830188679,53,7.75,7,1.0
2017,LA,11,9,16,0.6792452830188679,53,7.75,7,1.0
2017,LA,12,9,16,0.6792452830188679,53,7.75,7,1.0
2017,LA,13,9,16,0.660377358490566,53,7.75,7,1.0
2017,LA,14,9,16,0.660377358490566,53,7.75,7,1.0
2017,LA,15,9,16,0.6415094339622641,53,7.75,7,1.0
2017,LA,16,9,16,0.6037735849056604,53,7.75,7,1.0
2017,LA,17,9,16,0.5849056603773585,53,8.75,7,1.0
2017,LA,18,9,16,0.5849056603773585,53,8.75,7,1.0
2017,LAC,1,8,12,0.6296296296296297,54,3.0,5,3.0
2017,LAC,2,8,12,0.6037735849056604,53,3.0,5,3.0
2017,LAC,3,7,11,0.5660377358490566,53,3.0,4,3.0
2017,LAC,4,7,11,0.5660377358490566,53,3.0,4,3.0
2017,LAC,5,7,11,0.5849056603773585,53,3.0,4,3.0
2017,LAC,6,7,11,0.5849056603773585,53,3.0,4,3.0
2017,LAC,7,7,11,0.5849056603773585,53,3.0,4,3.0
2017,LAC,8,7,11,0.5849056603773585,53,3.0,4,3.0
2017,LAC,10,7,12,0.6037735849056604,53,3.0,4,3.0
2017,LAC,11,7,12,0.6037735849056604,53,3.0,4,3.0
2017,LAC,12,7,12,0.6037735849056604,53,3.0,4,3.0
2017,LAC,13,7,12,0.6037735849056604,53,3.0,4,3.0
2017,LAC,14,7,12,0.6037735849056604,53,3.0,4,3.0
2017,LAC,15,7,12,0.5925925925925926,54,3.0,4,3.0
2017,LAC,16,7,11,0.5925925925925926,54,3.0,4,3.0
2017,LAC,17,7,11,0.5925925925925926,54,3.0,4,3.0
2017,MIA,2,8,16,0.660377358490566,53,7.5,12,4.0
2017,MIA,3,8,16,0.660377358490566,53,6.5,11,4.0
2017,MIA,4,9,17,0.6792452830188679,53,7.5,12,4.0
2017,MIA,5,9,17,0.6981132075471698,53,7.5,12,4.0
2017,MIA,6,9,17,0.6981132075471698,53,7.5,12,4.0
2017,MIA,7,9,17,0.6981132075471698,53,7.5,12,4.0
2017,MIA,8,9,17,0.6981132075471698,53,7.5,12,4.0
2017,MIA,9,9,16,0.6923076923076923,52,6.5,11,3.0
2017,MIA,10,8,15,0.6792452830188679,53,6.5,11,3.0
2017,MIA,11,8,14,0.660377358490566,53,6.5,11,3.0
2017,MIA,12,8,14,0.660377358490566,53,6.5,11,3.0
2017,MIA,13,8,14,0.660377358490566,53,6.5,11,3.0
2017,MIA,14,8,14,0.660377358490566,53,6.5,11,3.0
2017,MIA,15,8,14,0.660377358490566,53,6.5,11,3.0
2017,MIA,16,8,14,0.6415094339622641,53,6.5,9,3.0
2017,MIA,17,8,14,0.6226415094339622,53,5.5,9,3.0
2017,MIN,1,8,13,0.6415094339622641,53,7.0,7,3.0
2017,MIN,2,8,13,0.6226415094339622,53,7.0,7,3.0
2017,MIN,3,8,13,0.6226415094339622,53,7.0,7,3.0
2017,MIN,4,8,13,0.6226415094339622,53,7.0,7,3.0
2017,MIN,5,9,13,0.6296296296296297,54,7.0,7,3.0
2017,MIN,6,9,13,0.6226415094339622,53,7.0,7,3.0
2017,MIN,7,9,13,0.6226415094339622,53,7.0,7,3.0
2017,MIN,8,9,13,0.6226415094339622,53,7.0,7,3.0
2017,MIN,10,9,13,0.6037735849056604,53,7.0,8,3.0
2017,MIN,11,9,13,0.6037735849056604,53,7.0,8,3.0
2017,MIN,12,9,13,0.6037735849056604,53,7.0,8,3.0
2017,MIN,13,9,13,0.6037735849056604,53,7.0,8,3.0
2017,MIN,14,9,13,0.6037735849056604,53,7.0,8,3.0
2017,MIN,15,9,13,0.5849056603773585,53,7.0,8,3.0
2017,MIN,16,9,13,0.5849056603773585,53,7.0,8,3.0
2017,MIN,17,9,13,0.5849056603773585,53,7.0,8,3.0
2017,MIN,19,10,14,0.6037735849056604,53,7.0,8,3.0
2017,MIN,20,10,14,0.6037735849056604,53,7.0,8,3.0
2017,NE,1,7,15,0.7222222222222222,54,11.75,8,4.0
2017,NE,2,7,15,0.7169811320754716,53,11.75,8,4.0
2017,NE,3,7,15,0.7169811320754716,53,11.75,8,4.0
2017,NE,4,7,15,0.7169811320754716,53,11.75,8,4.0
2017,NE,5,7,15,0.7169811320754716,53,11.75,8,4.0
2017,NE,6,7,15,0.7169811320754716,53,11.75,8,4.0
2017,NE,7,7,15,0.7169811320754716,53,11.75,8,4.0
2017,NE,8,7,15,0.7358490566037735,53,11.75,8,4.0
2017,NE,10,6,14,0.7169811320754716,53,10.75,8,3.0
2017,NE,11,6,14,0.7169811320754716,53,10.75,8,3.0
2017,NE,12,6,14,0.6981132075471698,53,10.75,8,3.0
2017,NE,13,6,13,0.660377358490566,53,9.75,7,3.0
2017,NE,14,6,12,0.6415094339622641,53,8.75,6,2.0
2017,NE,15,7,14,0.6909090909090909,55,8.75,7,3.0
2017,NE,16,7,14,0.6909090909090909,55,8.75,7,3.0
2017,NE,17,7,14,0.6727272727272727,55,9.25,7,3.0
2017,NE,19,7,14,0.6727272727272727,55,9.25,7,3.0
2017,NE,20,7,14,0.6727272727272727,55,9.25,7,3.0
2017,NE,21,7,14,0.6727272727272727,55,9.25,7,3.0
2017,NO,1,10,18,0.660377358490566,53,6.75,7,1.0
2017,NO,2,10,18,0.660377358490566,53,6.75,7,1.0
2017,NO,3,9,17,0.6666666666666666,54,5.75,6,1.0
2017,NO,4,9,17,0.6792452830188679,53,5.75,6,1.0
2017,NO,6,8,16,0.6226415094339622,53,4.0,5,1.0
2017,NO,7,8,16,0.660377358490566,53,4.0,5,1.0
2017,NO,8,8,16,0.660377358490566,53,4.0,5,1.0
2017,NO,9,8,16,0.660377358490566,53,4.0,5,1.0
2017,NO,10,8,16,0.6415094339622641,53,4.0,5,1.0
2017,NO,11,8,16,0.6415094339622641,53,4.0,5,1.0
2017,NO,12,8,16,0.6415094339622641,53,4.0,5,1.0
2017,NO,13,8,15,0.6037735849056604,53,4.0,5,1.0
2017,NO,14,8,15,0.6037735849056604,53,4.0,5,1.0
2017,NO,15,8,15,0.6037735849056604,53,4.0,5,1.0
2017,NO,16,7,14,0.5849056603773585,53,4.0,5,1.0
2017,NO,17,7,13,0.5283018867924528,53,4.0,5,1.0
2017,NO,18,7,13,0.5471698113207547,53,4.0,5,1.0
2017,NO,19,6,12,0.5283018867924528,53,4.0,5,1.0
2017,NYG,1,9,16,0.6981132075471698,53,10.5,8,4.0
2017,NYG,2,9,16,0.6851851851851852,54,10.5,8,4.0
2017,NYG,3,9,16,0.6792452830188679,53,10.5,8,4.0
2017,NYG,4,9,16,0.660377358490566,53,10.5,8,4.0
2017,NYG,5,9,16,0.6792452830188679,53,10.5,8,4.0
2017,NYG,6,7,14,0.6226415094339622,53,6.5,4,3.0
2017,NYG,7,8,15,0.6415094339622641,53,7.5,5,3.0
2017,NYG,9,8,14,0.6415094339622641,53,6.5,4,2.0
2017,NYG,10,8,14,0.660377358490566,53,7.5,5,3.0
2017,NYG,11,8,15,0.660377358490566,53,7.5,5,3.0
2017,NYG,12,8,15,0.660377358490566,53,7.5,5,3.0
2017,NYG,13,7,13,0.660377358490566,53,6.5,4,2.0
2017,NYG,14,7,13,0.660377358490566,53,6.5,4,2.0
2017,NYG,15,6,12,0.6415094339622641,53,6.5,4,2.0
2017,NYG,16,6,12,0.6415094339622641,53,6.5,4,2.0
2017,NYG,17,5,10,0.5660377358490566,53,5.5,3,1.0
2017,NYJ,1,6,12,0.6981132075471698,53,2.75,3,0.0
2017,NYJ,2,6,12,0.6792452830188679,53,2.75,3,0.0
2017,NYJ,3,6,13,0.7169811320754716,53,2.75,3,0.0
2017,NYJ,4,6,13,0.6981132075471698,53,2.75,3,0.0
2017,NYJ,5,6,13,0.7037037037037037,54,2.75,3,0.0
2017,NYJ,6,6,13,0.6981132075471698,53,2.75,3,0.0
2017,NYJ,7,6,13,0.6981132075471698,53,2.75,3,0.0
2017,NYJ,8,6,13,0.7169811320754716,53,2.75,3,0.0
2017,NYJ,9,6,13,0.7169811320754716,53,2.75,3,0.0
2017,NYJ,10,6,13,0.6981132075471698,53,2.75,3,0.0
2017,NYJ,12,6,13,0.6981132075471698,53,2.75,3,0.0
2017,NYJ,13,6,13,0.6981132075471698,53,2.75,3,0.0
2017,NYJ,14,6,13,0.7169811320754716,53,2.75,3,0.0
2017,NYJ,15,6,13,0.6981132075471698,53,2.75,3,0.0
2017,NYJ,16,6,13,0.6981132075471698,53,2.75,3,0.0
2017,NYJ,17,6,12,0.6792452830188679,53,2.0,2,0.0
2017,OAK,1,10,17,0.6981132075471698,53,9.0,9,4.0
2017,OAK,2,10,17,0.6981132075471698,53,9.0,9,4.0
2017,OAK,3,10,17,0.6981132075471698,53,9.0,9,4.0
2017,OAK,4,10,17,0.6981132075471698,53,9.0,9,4.0
2017,OAK,5,10,17,0.6981132075471698,53,9.0,9,4.0
2017,OAK,6,10,17,0.7358490566037735,53,9.0,9,4.0
2017,OAK,7,10,17,0.7547169811320755,53,10.0,10,4.0
2017,OAK,8,9,16,0.7547169811320755,53,9.0,9,4.0
2017,OAK,9,10,18,0.7547169811320755,53,10.0,10,4.0
2017,OAK,11,9,17,0.7358490566037735,53,10.0,10,4.0
2017,OAK,12,9,17,0.7358490566037735,53,10.0,10,4.0
2017,OAK,13,8,16,0.7169811320754716,53,10.0,10,4.0
2017,OAK,14,9,17,0.7358490566037735,53,10.0,10,4.0
2017,OAK,15,9,16,0.6981132075471698,53,10.0,10,4.0
2017,OAK,16,9,16,0.6792452830188679,53,9.0,9,4.0
2017,OAK,17,9,16,0.6792452830188679,53,9.0,9,4.0
2017,PHI,1,10,18,0.8301886792452831,53,8.75,7,4.0
2017,PHI,2,10,18,0.8269230769230769,52,8.75,7,4.0
2017,PHI,3,10,18,0.8113207547169812,53,8.75,7,4.0
2017,PHI,4,10,18,0.8113207547169812,53,7.75,6,4.0
2017,PHI,5,10,18,0.8113207547169812,53,7.75,6,4.0
2017,PHI,6,10,18,0.8113207547169812,53,7.75,6,4.0
2017,PHI,7,10,18,0.8301886792452831,53,7.75,6,4.0
2017,PHI,8,10,18,0.8490566037735849,53,6.75,5,4.0
2017,PHI,9,10,18,0.8679245283018868,53,7.75,6,5.0
2017,PHI,11,10,19,0.8490566037735849,53,7.75,6,5.0
2017,PHI,12,10,19,0.8490566037735849,53,7.75,6,5.0
2017,PHI,13,10,19,0.8490566037735849,53,7.75,6,5.0
2017,PHI,14,10,19,0.8490566037735849,53,7.75,6,5.0
2017,PHI,15,9,18,0.8181818181818182,55,8.75,6,5.0
2017,PHI,16,9,18,0.8181818181818182,55,8.75,6,5.0
2017,PHI,17,9,19,0.8181818181818182,55,8.75,6,5.0
2017,PHI,19,9,19,0.8181818181818182,55,8.75,6,5.0
2017,PHI,20,9,19,0.8181818181818182,55,8.75,6,5.0
2017,PHI,21,9,19,0.8181818181818182,55,8.75,6,5.0
2017,PIT,1,11,19,0.6981132075471698,53,6.25,7,3.0
2017,PIT,2,11,19,0.6981132075471698,53,7.25,7,3.0
2017,PIT,3,11,19,0.6981132075471698,53,6.25,7,3.0
2017,PIT,4,11,19,0.6981132075471698,53,6.25,7,3.0
2017,PIT,5,11,19,0.6981132075471698,53,6.25,7,3.0
2017,PIT,6,11,19,0.6981132075471698,53,6.25,7,3.0
2017,PIT,7,11,19,0.6981132075471698,53,6.25,7,3.0
2017,PIT,8,11,19,0.6981132075471698,53,6.25,7,3.0
2017,PIT,10,11,19,0.6981132075471698,53,6.25,7,3.0
2017,PIT,11,11,19,0.6981132075471698,53,6.25,7,3.0
2017,PIT,12,11,18,0.6981132075471698,53,6.25,7,3.0
2017,PIT,13,11,18,0.6981132075471698,53,6.25,7,3.0
2017,PIT,14,11,17,0.6981132075471698,53,6.25,7,3.0
2017,PIT,15,10,17,0.6851851851851852,54,6.25,6,3.0
2017,PIT,16,10,18,0.7037037037037037,54,5.75,6,3.0
2017,PIT,17,10,18,0.7037037037037037,54,5.75,6,3.0
2017,PIT,19,10,18,0.7037037037037037,54,5.75,6,3.0
2017,SEA,1,5,12,0.6792452830188679,53,12.0,13,7.0
2017,SEA,2,5,12,0.6792452830188679,53,12.0,13,7.0
2017,SEA,3,5,12,0.660377358490566,53,12.0,13,7.0
2017,SEA,4,5,12,0.660377358490566,53,12.0,13,7.0
2017,SEA,5,5,12,0.660377358490566,53,12.0,13,7.0
2017,SEA,7,5,12,0.6538461538461539,52,11.0,12,6.0
2017,SEA,8,6,13,0.660377358490566,53,11.5,12,6.0
2017,SEA,9,7,14,0.660377358490566,53,12.25,13,6.0
2017,SEA,10,7,14,0.6730769230769231,52,12.25,13,6.0
2017,SEA,11,8,15,0.6792452830188679,53,11.25,12,5.0
2017,SEA,12,7,14,0.6792452830188679,53,10.75,12,5.0
2017,SEA,13,7,14,0.6730769230769231,52,10.75,12,5.0
2017,SEA,14,7,14,0.6792452830188679,53,10.75,12,5.0
2017,SEA,15,7,14,0.660377358490566,53,9.75,11,4.0
2017,SEA,16,7,14,0.660377358490566,53,9.75,11,4.0
2017,SEA,17,7,14,0.6415094339622641,53,9.75,11,4.0
2017,SF,1,8,12,0.7169811320754716,53,4.25,6,0.0
2017,SF,2,8,12,0.7169811320754716,53,4.25,6,0.0
2017,SF,3,8,12,0.7169811320754716,53,4.25,6,0.0
2017,SF,4,8,11,0.7169811320754716,53,4.25,6,0.0
2017,SF,5,8,11,0.7169811320754716,53,4.25,6,0.0
2017,SF,6,9,12,0.6981132075471698,53,3.75,5,0.0
2017,SF,7,7,10,0.660377358490566,53,3.25,5,0.0
2017,SF,8,9,12,0.6792452830188679,53,3.75,5,0.0
2017,SF,9,8,12,0.6363636363636364,55,3.75,5,0.0
2017,SF,10,8,11,0.6792452830188679,53,3.75,5,0.0
2017,SF,12,7,11,0.7169811320754716,53,3.75,5,0.0
2017,SF,13,7,11,0.7358490566037735,53,3.75,5,0.0
2017,SF,14,7,11,0.7358490566037735,53,3.75,5,0.0
2017,SF,15,7,11,0.7169811320754716,53,3.75,5,0.0
2017,SF,16,7,11,0.7037037037037037,54,3.75,5,0.0
2017,SF,17,7,11,0.7037037037037037,54,3.75,5,0.0
2017,TB,2,6,13,0.6792452830188679,53,5.25,6,2.0
2017,TB,3,6,13,0.6792452830188679,53,5.25,6,2.0
2017,TB,4,6,13,0.6792452830188679,53,5.25,6,2.0
2017,TB,5,7,14,0.6981132075471698,53,6.25,7,2.0
2017,TB,6,7,14,0.6792452830188679,53,5.5,7,2.0
2017,TB,7,7,14,0.6792452830188679,53,5.5,7,2.0
2017,TB,8,7,14,0.6792452830188679,53,5.5,7,2.0
2017,TB,9,7,14,0.6792452830188679,53,5.5,7,2.0
2017,TB,10,6,13,0.660377358490566,53,4.5,6,2.0
2017,TB,11,7,14,0.6792452830188679,53,5.5,7,2.0
2017,TB,12,7,14,0.6792452830188679,53,5.5,7,2.0
2017,TB,13,7,12,0.6415094339622641,53,5.5,7,2.0
2017,TB,14,7,12,0.6415094339622641,53,5.5,7,2.0
2017,TB,15,7,12,0.6296296296296297,54,5.5,7,2.0
2017,TB,16,5,9,0.5740740740740741,54,5.5,7,2.0
2017,TB,17,5,9,0.5740740740740741,54,5.5,7,2.0
2017,TEN,1,8,12,0.7924528301886793,53,6.25,5,6.0
2017,TEN,2,8,12,0.7924528301886793,53,6.25,5,6.0
2017,TEN,3,8,12,0.7735849056603774,53,6.25,5,6.0
2017,TEN,4,8,12,0.7735849056603774,53,6.25,5,6.0
2017,TEN,5,9,13,0.7735849056603774,53,6.25,5,6.0
2017,TEN,6,9,13,0.7735849056603774,53,6.25,5,6.0
2017,TEN,7,9,13,0.7735849056603774,53,6.25,5,6.0
2017,TEN,9,9,13,0.7735849056603774,53,6.25,5,6.0
2017,TEN,10,9,13,0.7735849056603774,53,6.25,5,6.0
2017,TEN,11,9,13,0.7735849056603774,53,6.25,5,6.0
2017,TEN,12,9,13,0.7924528301886793,53,6.25,5,6.0
2017,TEN,13,9,13,0.7924528301886793,53,6.25,5,6.0
2017,TEN,14,9,13,0.7924528301886793,53,6.25,5,6.0
2017,TEN,15,9,13,0.7777777777777778,54,6.25,5,6.0
2017,TEN,16,9,13,0.7592592592592593,54,6.25,5,6.0
2017,TEN,17,9,13,0.7777777777777778,54,6.25,5,6.0
2017,TEN,18,9,13,0.7777777777777778,54,6.25,5,6.0
2017,TEN,19,9,13,0.7777777777777778,54,6.25,5,6.0
2017,WAS,1,7,12,0.7735849056603774,53,5.75,8,3.0
2017,WAS,2,7,12,0.7735849056603774,53,5.75,8,3.0
2017,WAS,3,7,12,0.7735849056603774,53,5.75,8,3.0
2017,WAS,4,7,12,0.7735849056603774,53,5.75,8,3.0
2017,WAS,6,7,12,0.7735849056603774,53,5.75,8,3.0
2017,WAS,7,6,11,0.7358490566037735,53,5.75,8,3.0
2017,WAS,8,6,12,0.7735849056603774,53,5.75,8,3.0
2017,WAS,9,7,12,0.7924528301886793,53,5.75,8,3.0
2017,WAS,10,7,12,0.7735849056603774,53,5.75,8,3.0
2017,WAS,11,7,12,0.7735849056603774,53,5.75,8,3.0
2017,WAS,12,7,12,0.7169811320754716,53,5.75,8,3.0
2017,WAS,13,7,12,0.7169811320754716,53,5.75,8,3.0
2017,WAS,14,7,12,0.7169811320754716,53,5.75,8,3.0
2017,WAS,15,7,12,0.6981132075471698,53,5.75,7,2.0
2017,WAS,16,6,11,0.6792452830188679,53,4.75,6,1.0
2017,WAS,17,6,11,0.660377358490566,53,4.75,6,1.0
2018,ARI,1,13,17,0.660377358490566,53,7.5,7,3.0
2018,ARI,2,13,17,0.660377358490566,53,7.5,7,3.0
2018,ARI,3,13,17,0.6792452830188679,53,7.5,7,3.0
2018,ARI,4,13,17,0.6981132075471698,53,7.5,7,3.0
2018,ARI,5,13,17,0.6981132075471698,53,7.5,7,3.0
2018,ARI,6,14,18,0.7169811320754716,53,7.5,7,3.0
2018,ARI,7,14,18,0.7169811320754716,53,7.5,7,3.0
2018,ARI,8,13,17,0.6981132075471698,53,7.5,7,3.0
2018,ARI,10,13,17,0.7358490566037735,53,7.5,7,3.0
2018,ARI,11,11,15,0.6981132075471698,53,7.5,7,3.0
2018,ARI,12,11,15,0.6981132075471698,53,7.5,7,3.0
2018,ARI,13,10,15,0.7358490566037735,53,6.5,7,3.0
2018,ARI,14,8,12,0.7169811320754716,53,5.5,6,3.0
2018,ARI,15,7,11,0.7169811320754716,53,5.5,6,3.0
2018,ARI,16,7,10,0.6981132075471698,53,6.5,7,3.0
2018,ARI,17,7,11,0.7169811320754716,53,6.5,7,3.0
2018,ATL,1,9,16,0.7407407407407407,54,9.75,10,3.0
2018,ATL,2,8,14,0.7924528301886793,53,8.75,8,3.0
2018,ATL,3,8,13,0.7547169811320755,53,8.75,8,3.0
2018,ATL,4,8,14,0.7547169811320755,53,8.75,8,3.0
2018,ATL,5,8,14,0.7735849056603774,53,8.75,8,3.0
2018,ATL,6,8,14,0.7735849056603774,53,8.75,8,3.0
2018,ATL,7,8,14,0.7547169811320755,53,7.75,7,2.0
2018,ATL,9,8,15,0.7547169811320755,53,7.75,7,2.0
2018,ATL,10,9,16,0.7735849056603774,53,7.75,7,3.0
2018,ATL,11,9,17,0.7735849056603774,53,8.75,8,3.0
2018,ATL,12,9,17,0.7735849056603774,53,8.75,8,3.0
2018,ATL,13,9,17,0.7735849056603774,53,8.75,8,3.0
2018,ATL,14,9,17,0.7547169811320755,53,8.75,8,3.0
2018,ATL,15,9,17,0.7547169811320755,53,8.75,8,3.0
2018,ATL,16,9,17,0.7547169811320755,53,8.75,8,3.0
2018,ATL,17,9,17,0.7547169811320755,53,8.75,8,3.0
2018,BAL,1,9,12,0.7547169811320755,53,4.5,6,0.0
2018,BAL,2,9,12,0.7358490566037735,53,4.5,6,0.0
2018,BAL,3,9,12,0.6981132075471698,53,5.25,6,0.0
2018,BAL,4,9,12,0.7169811320754716,53,5.25,6,0.0
2018,BAL,5,10,13,0.7358490566037735,53,5.25,6,0.0
2018,BAL,6,10,14,0.7547169811320755,53,5.25,6,0.0
2018,BAL,7,10,14,0.7547169811320755,53,5.25,6,0.0
2018,BAL,8,10,14,0.7547169811320755,53,5.25,6,0.0
2018,BAL,9,10,14,0.7735849056603774,53,4.5,6,0.0
2018,BAL,11,10,14,0.7735849056603774,53,4.5,6,0.0
2018,BAL,12,10,14,0.7735849056603774,53,4.5,6,0.0
2018,BAL,13,10,14,0.7735849056603774,53,4.5,6,0.0
2018,BAL,14,10,14,0.7735849056603774,53,4.5,6,0.0
2018,BAL,15,10,14,0.7735849056603774,53,4.5,6,0.0
2018,BAL,16,10,14,0.7735849056603774,53,4.5,6,0.0
2018,BAL,17,10,14,0.7735849056603774,53,4.5,6,0.0
2018,BAL,18,10,14,0.7735849056603774,53,4.5,6,0.0
2018,BUF,1,8,13,0.660377358490566,53,9.75,7,2.0
2018,BUF,2,8,14,0.6481481481481481,54,9.75,7,2.0
2018,BUF,3,7,13,0.6226415094339622,53,9.0,6,2.0
2018,BUF,4,7,13,0.6111111111111112,54,9.0,6,2.0
2018,BUF,5,7,13,0.6226415094339622,53,9.0,6,2.0
2018,BUF,6,7,13,0.6415094339622641,53,9.0,6,2.0
2018,BUF,7,7,13,0.6415094339622641,53,9.0,6,2.0
2018,BUF,8,7,13,0.6415094339622641,53,9.0,6,2.0
2018,BUF,9,7,13,0.6415094339622641,53,8.0,6,2.0
2018,BUF,10,7,13,0.6415094339622641,53,8.0,6,2.0
2018,BUF,12,7,13,0.6037735849056604,53,8.0,6,2.0
2018,BUF,13,7,13,0.6037735849056604,53,8.0,6,2.0
2018,BUF,14,6,12,0.5660377358490566,53,8.0,6,2.0
2018,BUF,15,6,12,0.5283018867924528,53,8.0,6,2.0
2018,BUF,16,6,12,0.5094339622641509,53,8.0,6,2.0
2018,BUF,17,6,12,0.5094339622641509,53,8.0,6,2.0
2018,CAR,1,9,18,0.660377358490566,53,7.25,10,1.0
2018,CAR,2,9,18,0.6415094339622641,53,6.25,10,1.0
2018,CAR,3,9,18,0.6226415094339622,53,6.25,10,1.0
2018,CAR,5,10,19,0.6226415094339622,53,6.25,11,1.0
2018,CAR,6,11,20,0.6415094339622641,53,7.25,12,2.0
2018,CAR,7,11,20,0.6415094339622641,53,7.25,12,2.0
2018,CAR,8,11,20,0.6415094339622641,53,7.25,12,2.0
2018,CAR,9,11,20,0.6415094339622641,53,7.25,12,2.0
2018,CAR,10,11,20,0.6415094339622641,53,7.25,12,2.0
2018,CAR,11,11,20,0.660377358490566,53,7.25,12,2.0
2018,CAR,12,11,20,0.660377358490566,53,7.25,12,2.0
2018,CAR,13,11,20,0.6792452830188679,53,7.25,12,2.0
2018,CAR,14,10,18,0.6415094339622641,53,6.25,11,2.0
2018,CAR,15,10,18,0.6415094339622641,53,6.25,11,2.0
2018,CAR,16,9,17,0.6226415094339622,53,6.25,10,2.0
2018,CAR,17,9,17,0.6415094339622641,53,6.25,10,2.0
2018,CHI,1,8,13,0.7169811320754716,53,4.5,5,1.0
2018,CHI,2,8,13,0.7169811320754716,53,4.5,5,1.0
2018,CHI,3,8,13,0.7169811320754716,53,4.5,5,1.0
2018,CHI,4,8,13,0.7169811320754716,53,4.5,5,1.0
2018,CHI,6,8,13,0.6981132075471698,53,4.5,5,1.0
2018,CHI,7,8,13,0.6981132075471698,53,4.5,5,1.0
2018,CHI,8,8,13,0.6981132075471698,53,4.5,5,1.0
2018,CHI,9,7,12,0.6792452830188679,53,3.75,4,1.0
2018,CHI,10,7,12,0.6792452830188679,53,3.75,4,1.0
2018,CHI,11,7,13,0.6792452830188679,53,3.75,4,1.0
2018,CHI,12,7,13,0.660377358490566,53,3.75,4,1.0
2018,CHI,13,7,13,0.660377358490566,53,3.75,4,1.0
2018,CHI,14,7,13,0.660377358490566,53,3.75,4,1.0
2018,CHI,15,7,13,0.660377358490566,53,3.75,4,1.0
2018,CHI,16,7,13,0.660377358490566,53,3.75,4,1.0
2018,CHI,17,8,14,0.6792452830188679,53,4.5,5,1.0
2018,CHI,18,8,14,0.6792452830188679,53,4.5,5,1.0
2018,CIN,1,8,16,0.8490566037735849,53,2.75,6,2.0
2018,CIN,2,8,16,0.8490566037735849,53,2.75,6,2.0
2018,CIN,3,8,16,0.8490566037735849,53,2.75,6,2.0
2018,CIN,4,8,16,0.8490566037735849,53,2.75,6,2.0
2018,CIN,5,7,15,0.8301886792452831,53,3.5,6,2.0
2018,CIN,6,7,15,0.8301886792452831,53,3.5,6,2.0
2018,CIN,7,7,15,0.8301886792452831,53,3.5,6,2.0
2018,CIN,8,7,15,0.8113207547169812,53,3.5,6,2.0
2018,CIN,10,7,15,0.8113207547169812,53,3.5,6,2.0
2018,CIN,11,7,15,0.7924528301886793,53,3.5,6,2.0
2018,CIN,12,7,15,0.7735849056603774,53,3.5,6,2.0
2018,CIN,13,8,14,0.7735849056603774,53,4.0,5,2.0
2018,CIN,14,7,13,0.7735849056603774,53,4.0,5,1.0
2018,CIN,15,7,13,0.7735849056603774,53,4.0,5,1.0
2018,CIN,16,7,13,0.7547169811320755,53,4.0,5,1.0
2018,CIN,17,6,11,0.6981132075471698,53,4.0,5,1.0
2018,CLE,1,8,17,0.7735849056603774,53,4.75,5,2.0
2018,CLE,2,8,17,0.7735849056603774,53,4.75,5,2.0
2018,CLE,3,8,16,0.7358490566037735,53,4.0,4,2.0
2018,CLE,4,8,16,0.7169811320754716,53,4.0,4,2.0
2018,CLE,5,8,16,0.6981132075471698,53,4.0,4,2.0
2018,CLE,6,9,17,0.7169811320754716,53,4.0,4,2.0
2018,CLE,7,9,16,0.7115384615384616,52,4.0,4,1.0
2018,CLE,8,9,16,0.6981132075471698,53,4.0,4,1.0
2018,CLE,9,9,16,0.6981132075471698,53,4.0,4,1.0
2018,CLE,10,9,16,0.6981132075471698,53,4.0,4,1.0
2018,CLE,12,9,16,0.6981132075471698,53,4.0,4,1.0
2018,CLE,13,9,16,0.6981132075471698,53,4.0,4,1.0
2018,CLE,14,9,16,0.7169811320754716,53,4.0,4,1.0
2018,CLE,15,9,16,0.6981132075471698,53,4.0,4,1.0
2018,CLE,16,9,16,0.6981132075471698,53,4.0,4,1.0
2018,CLE,17,9,16,0.6792452830188679,53,4.0,4,1.0
2018,DAL,1,9,15,0.660377358490566,53,6.0,7,4.0
2018,DAL,2,9,16,0.660377358490566,53,6.0,7,4.0
2018,DAL,3,9,16,0.6792452830188679,53,6.0,7,4.0
2018,DAL,4,8,15,0.6792452830188679,53,6.0,7,4.0
2018,DAL,5,7,14,0.6538461538461539,52,5.0,6,4.0
2018,DAL,6,7,14,0.6415094339622641,53,5.0,6,4.0
2018,DAL,7,7,14,0.6415094339622641,53,5.0,6,4.0
2018,DAL,9,8,15,0.660377358490566,53,5.0,7,4.0
2018,DAL,10,8,15,0.660377358490566,53,5.0,7,4.0
2018,DAL,11,8,15,0.660377358490566,53,5.0,7,4.0
2018,DAL,12,8,15,0.660377358490566,53,5.0,7,4.0
2018,DAL,13,8,15,0.660377358490566,53,5.0,7,4.0
2018,DAL,14,8,15,0.660377358490566,53,5.0,7,4.0
2018,DAL,15,8,15,0.660377358490566,53,5.0,7,4.0
2018,DAL,16,8,15,0.660377358490566,53,5.0,7,4.0
2018,DAL,17,8,15,0.660377358490566,53,5.0,7,4.0
2018,DAL,18,8,15,0.660377358490566,53,5.0,7,4.0
2018,DAL,19,8,15,0.660377358490566,53,5.0,7,4.0
2018,DEN,1,7,11,0.660377358490566,53,5.25,6,2.0
2018,DEN,2,7,11,0.660377358490566,53,5.25,6,2.0
2018,DEN,3,7,11,0.660377358490566,53,5.25,6,2.0
2018,DEN,4,7,11,0.6415094339622641,53,5.25,6,2.0
2018,DEN,5,7,11,0.6415094339622641,53,4.25,6,2.0
2018,DEN,6,7,11,0.6415094339622641,53,4.25,6,2.0
2018,DEN,7,7,11,0.6415094339622641,53,4.25,6,2.0
2018,DEN,8,7,11,0.6415094339622641,53,4.25,6,2.0
2018,DEN,9,6,11,0.6226415094339622,53,3.5,5,2.0
2018,DEN,11,6,11,0.6226415094339622,53,3.5,5,2.0
2018,DEN,12,5,11,0.6226415094339622,53,2.75,4,2.0
2018,DEN,13,5,11,0.6226415094339622,53,2.75,4,2.0
2018,DEN,14,5,11,0.6037735849056604,53,2.0,3,2.0
2018,DEN,15,5,11,0.5849056603773585,53,2.0,3,2.0
2018,DEN,16,5,11,0.5925925925925926,54,2.0,3,2.0
2018,DEN,17,5,11,0.6226415094339622,53,1.0,2,2.0
2018,DET,1,6,13,0.7547169811320755,53,7.25,6,2.0
2018,DET,2,6,13,0.7735849056603774,53,7.25,6,2.0
2018,DET,3,6,13,0.7547169811320755,53,7.25,6,2.0
2018,DET,4,6,13,0.7358490566037735,53,7.25,6,2.0
2018,DET,5,6,13,0.7547169811320755,53,7.25,6,2.0
2018,DET,7,6,13,0.7358490566037735,53,6.25,6,2.0
2018,DET,8,5,12,0.7169811320754716,53,7.25,6,2.0
2018,DET,9,5,11,0.7169811320754716,53,6.5,5,2.0
2018,DET,10,5,10,0.7169811320754716,53,6.5,5,2.0
2018,DET,11,5,10,0.6981132075471698,53,6.5,5,2.0
2018,DET,12,5,10,0.7169811320754716,53,6.5,5,2.0
2018,DET,13,5,10,0.6981132075471698,53,6.5,5,2.0
2018,DET,14,5,10,0.6792452830188679,53,6.5,5,2.0
2018,DET,15,4,9,0.6415094339622641,53,5.5,4,2.0
2018,DET,16,4,8,0.6037735849056604,53,6.5,4,2.0
2018,DET,17,4,7,0.5849056603773585,53,6.5,4,2.0
2018,GB,1,9,17,0.7358490566037735,53,7.25,9,6.0
2018,GB,2,9,17,0.7169811320754716,53,7.25,9,6.0
2018,GB,3,9,17,0.7358490566037735,53,7.25,9,6.0
2018,GB,4,8,16,0.7169811320754716,53,6.25,8,6.0
2018,GB,5,8,16,0.6981132075471698,53,6.25,8,6.0
2018,GB,6,8,16,0.6981132075471698,53,6.25,8,6.0
2018,GB,8,8,16,0.6981132075471698,53,6.25,8,6.0
2018,GB,9,7,15,0.6792452830188679,53,5.25,7,5.0
2018,GB,10,7,15,0.7115384615384616,52,5.25,7,5.0
2018,GB,11,7,15,0.7169811320754716,53,5.25,7,5.0
2018,GB,12,6,14,0.7169811320754716,53,5.25,7,5.0
2018,GB,13,6,14,0.6792452830188679,53,5.25,6,4.0
2018,GB,14,6,13,0.6792452830188679,53,5.25,6,4.0
2018,GB,15,6,13,0.6981132075471698,53,5.25,6,4.0
2018,GB,16,6,13,0.660377358490566,53,5.25,6,4.0
2018,GB,17,5,12,0.6415094339622641,53,5.25,6,4.0
2018,HOU,1,10,13,0.7358490566037735,53,6.5,4,4.0
2018,HOU,2,9,12,0.7358490566037735,53,6.5,4,4.0
2018,HOU,3,9,12,0.7358490566037735,53,6.5,4,4.0
2018,HOU,4,9,12,0.7547169811320755,53,6.5,4,4.0
2018,HOU,5,9,12,0.7358490566037735,53,6.5,4,4.0
2018,HOU,6,9,12,0.7358490566037735,53,6.5,4,4.0
2018,HOU,7,9,12,0.7358490566037735,53,6.5,4,4.0
2018,HOU,8,9,12,0.7358490566037735,53,6.5,4,4.0
2018,HOU,9,9,12,0.7169811320754716,53,7.25,5,4.0
2018,HOU,11,9,12,0.6981132075471698,53,7.25,5,4.0
2018,HOU,12,9,12,0.6981132075471698,53,7.25,5,4.0
2018,HOU,13,9,12,0.6981132075471698,53,7.25,5,4.0
2018,HOU,14,9,12,0.7169811320754716,53,7.25,5,4.0
2018,HOU,15,9,12,0.7169811320754716,53,7.25,5,4.0
2018,HOU,16,9,12,0.7169811320754716,53,7.25,5,4.0
2018,HOU,17,8,11,0.6792452830188679,53,6.5,4,4.0
2018,HOU,18,8,11,0.660377358490566,53,6.5,4,4.0
2018,IND,1,6,13,0.6981132075471698,53,0.75,3,0.0
2018,IND,2,6,14,0.6981132075471698,53,0.75,3,0.0
2018,IND,3,6,14,0.6981132075471698,53,0.75,3,0.0
2018,IND,4,6,13,0.6792452830188679,53,0.75,3,0.0
2018,IND,5,6,13,0.6363636363636364,55,0.75,3,0.0
2018,IND,6,6,14,0.6792452830188679,53,0.75,3,0.0
2018,IND,7,6,14,0.6792452830188679,53,0.75,3,0.0
2018,IND,8,6,13,0.660377358490566,53,0.75,3,0.0
2018,IND,10,6,14,0.660377358490566,53,0.75,3,0.0
2018,IND,11,6,14,0.660377358490566,53,0.75,3,0.0
2018,IND,12,6,14,0.6792452830188679,53,0.75,3,0.0
2018,IND,13,6,14,0.6981132075471698,53,0.75,2,0.0
2018,IND,14,6,14,0.6981132075471698,53,0.75,2,0.0
2018,IND,15,6,14,0.6981132075471698,53,0.75,2,0.0
2018,IND,16,6,14,0.6981132075471698,53,0.75,2,0.0
2018,IND,17,6,15,0.7169811320754716,53,0.75,2,0.0
2018,IND,18,6,14,0.7169811320754716,53,0.75,2,0.0
2018,IND,19,6,13,0.6981132075471698,53,0.75,2,0.0
2018,JAX,1,6,12,0.5849056603773585,53,6.75,7,6.0
2018,JAX,2,7,13,0.5740740740740741,54,6.75,7,6.0
2018,JAX,3,7,12,0.5660377358490566,53,6.75,7,6.0
2018,JAX,4,7,12,0.5660377358490566,53,6.75,7,6.0
2018,JAX,5,7,12,0.5471698113207547,53,6.75,7,6.0
2018,JAX,6,8,12,0.5849056603773585,53,7.5,9,6.0
2018,JAX,7,8,13,0.6037735849056604,53,7.5,9,7.0
2018,JAX,8,8,13,0.5849056603773585,53,6.75,8,7.0
2018,JAX,10,7,12,0.5849056603773585,53,6.75,8,7.0
2018,JAX,11,7,12,0.6037735849056604,53,6.75,8,7.0
2018,JAX,12,7,12,0.6037735849056604,53,6.75,8,7.0
2018,JAX,13,6,11,0.5849056603773585,53,5.75,8,6.0
2018,JAX,14,7,12,0.6037735849056604,53,5.75,8,7.0
2018,JAX,15,7,12,0.5849056603773585,53,5.75,8,7.0
2018,JAX,16,7,12,0.5849056603773585,53,5.75,8,7.0
2018,JAX,17,7,12,0.5849056603773585,53,5.75,8,7.0
2018,KC,1,6,14,0.7358490566037735,53,9.75,6,3.0
2018,KC,2,6,14,0.7358490566037735,53,9.75,6,3.0
2018,KC,3,6,14,0.7358490566037735,53,9.75,6,3.0
2018,KC,4,6,14,0.7358490566037735,53,9.75,6,3.0
2018,KC,5,6,14,0.7547169811320755,53,9.75,6,3.0
2018,KC,6,6,15,0.7358490566037735,53,9.0,6,3.0
2018,KC,7,6,16,0.7358490566037735,53,9.0,6,3.0
2018,KC,8,6,16,0.7358490566037735,53,9.0,6,3.0
2018,KC,9,6,16,0.7358490566037735,53,9.0,6,3.0
2018,KC,10,6,15,0.7169811320754716,53,9.0,6,3.0
2018,KC,11,6,15,0.6981132075471698,53,9.0,6,3.0
2018,KC,13,6,15,0.6923076923076923,52,8.0,5,2.0
2018,KC,14,7,15,0.6792452830188679,53,8.0,5,2.0
2018,KC,15,7,15,0.6792452830188679,53,8.0,5,2.0
2018,KC,16,7,15,0.6792452830188679,53,8.0,5,2.0
2018,KC,17,7,15,0.6792452830188679,53,8.0,5,2.0
2018,KC,19,7,15,0.6792452830188679,53,8.0,5,2.0
2018,KC,20,7,15,0.6981132075471698,53,8.0,5,2.0
2018,LA,1,10,16,0.7735849056603774,53,11.5,12,7.0
2018,LA,2,10,16,0.7547169811320755,53,10.5,11,7.0
2018,LA,3,10,16,0.7358490566037735,53,10.5,11,7.0
2018,LA,4,9,15,0.7169811320754716,53,9.5,10,6.0
2018,LA,5,8,14,0.7115384615384616,52,9.5,10,6.0
2018,LA,6,8,14,0.6981132075471698,53,9.5,10,6.0
2018,LA,7,8,14,0.6981132075471698,53,9.5,10,6.0
2018,LA,8,8,14,0.6981132075471698,53,9.5,10,6.0
2018,LA,9,9,15,0.6981132075471698,53,9.5,10,6.0
2018,LA,10,9,15,0.6981132075471698,53,9.5,10,6.0
2018,LA,11,9,15,0.7090909090909091,55,10.5,11,6.0
2018,LA,13,10,16,0.7169811320754716,53,11.5,12,7.0
2018,LA,14,10,16,0.7169811320754716,53,11.5,12,7.0
2018,LA,15,10,16,0.7547169811320755,53,11.5,12,7.0
2018,LA,16,10,16,0.7358490566037735,53,10.5,11,7.0
2018,LA,17,10,16,0.7358490566037735,53,10.5,11,7.0
2018,LA,19,10,16,0.7358490566037735,53,10.5,11,7.0
2018,LA,20,10,16,0.7358490566037735,53,10.5,11,7.0
2018,LA,21,10,16,0.7358490566037735,53,10.5,11,7.0
2018,LAC,1,8,13,0.6792452830188679,53,4.75,8,5.0
2018,LAC,2,8,13,0.6666666666666666,54,4.75,8,5.0
2018,LAC,3,8,13,0.660377358490566,53,4.75,8,5.0
2018,LAC,4,8,13,0.6792452830188679,53,4.75,8,5.0
2018,LAC,5,9,14,0.6981132075471698,53,5.25,8,5.0
2018,LAC,6,9,14,0.6981132075471698,53,5.25,8,5.0
2018,LAC,7,9,14,0.6981132075471698,53,5.25,8,5.0
2018,LAC,9,9,14,0.6981132075471698,53,5.25,8,5.0
2018,LAC,10,9,14,0.6792452830188679,53,5.25,8,5.0
2018,LAC,11,9,13,0.660377358490566,53,5.25,8,5.0
2018,LAC,12,8,12,0.6415094339622641,53,5.25,8,5.0
2018,LAC,13,8,12,0.6415094339622641,53,5.25,8,5.0
2018,LAC,14,8,12,0.6415094339622641,53,5.25,8,5.0
2018,LAC,15,8,12,0.6296296296296297,54,5.25,8,5.0
2018,LAC,16,8,12,0.6415094339622641,53,5.25,8,5.0
2018,LAC,17,8,12,0.6415094339622641,53,5.25,8,5.0
2018,LAC,18,8,12,0.6415094339622641,53,5.25,8,5.0
2018,LAC,19,8,13,0.6415094339622641,53,6.25,8,5.0
2018,MIA,1,8,16,0.7735849056603774,53,3.75,5,1.0
2018,MIA,2,8,15,0.7692307692307693,52,2.75,4,1.0
2018,MIA,3,8,15,0.7547169811320755,53,2.75,4,1.0
2018,MIA,4,8,15,0.7735849056603774,53,2.75,4,1.0
2018,MIA,5,8,14,0.7547169811320755,53,2.75,4,1.0
2018,MIA,6,8,14,0.7358490566037735,53,2.75,4,1.0
2018,MIA,7,8,14,0.7547169811320755,53,2.75,4,1.0
2018,MIA,8,8,14,0.7735849056603774,53,2.75,4,1.0
2018,MIA,9,10,16,0.7735849056603774,53,2.75,4,1.0
2018,MIA,10,10,16,0.7735849056603774,53,2.75,4,1.0
2018,MIA,12,10,16,0.7924528301886793,53,2.75,4,1.0
2018,MIA,13,10,16,0.7924528301886793,53,2.75,4,1.0
2018,MIA,14,10,16,0.7592592592592593,54,2.75,4,1.0
2018,MIA,15,10,16,0.7924528301886793,53,2.75,4,1.0
2018,MIA,16,10,16,0.7735849056603774,53,2.25,3,1.0
2018,MIA,17,10,16,0.7735849056603774,53,2.25,3,1.0
2018,MIN,1,8,14,0.660377358490566,53,8.75,10,7.0
2018,MIN,2,8,14,0.660377358490566,53,8.75,10,7.0
2018,MIN,3,8,14,0.6226415094339622,53,9.75,11,7.0
2018,MIN,4,8,14,0.6226415094339622,53,9.75,11,7.0
2018,MIN,5,8,14,0.6415094339622641,53,9.75,11,7.0
2018,MIN,6,8,14,0.6415094339622641,53,9.75,11,7.0
2018,MIN,7,7,13,0.6415094339622641,53,9.75,11,7.0
2018,MIN,8,7,13,0.6226415094339622,53,9.75,11,7.0
2018,MIN,9,7,13,0.6226415094339622,53,9.75,11,7.0
2018,MIN,11,7,14,0.6415094339622641,53,9.75,11,7.0
2018,MIN,12,7,14,0.6415094339622641,53,9.75,11,7.0
2018,MIN,13,7,14,0.6415094339622641,53,9.75,11,7.0
2018,MIN,14,7,14,0.6415094339622641,53,9.75,11,7.0
2018,MIN,15,7,14,0.6415094339622641,53,9.75,11,7.0
2018,MIN,16,7,14,0.6415094339622641,53,9.75,11,7.0
2018,MIN,17,7,14,0.6415094339622641,53,9.75,11,7.0
2018,NE,1,9,14,0.7358490566037735,53,10.0,9,2.0
2018,NE,2,10,14,0.7358490566037735,53,10.0,9,2.0
2018,NE,3,9,15,0.7358490566037735,53,10.75,10,2.0
2018,NE,4,9,15,0.7358490566037735,53,10.75,10,2.0
2018,NE,5,9,15,0.7407407407407407,54,10.75,10,2.0
2018,NE,6,9,14,0.7358490566037735,53,10.75,10,2.0
2018,NE,7,9,14,0.7358490566037735,53,10.75,10,2.0
2018,NE,8,9,14,0.7358490566037735,53,10.75,10,2.0
2018,NE,9,9,13,0.7169811320754716,53,10.75,10,2.0
2018,NE,10,9,14,0.6981132075471698,53,11.5,10,2.0
2018,NE,12,9,15,0.6981132075471698,53,11.5,10,2.0
2018,NE,13,9,15,0.7169811320754716,53,11.5,10,2.0
2018,NE,14,9,15,0.7169811320754716,53,11.5,10,2.0
2018,NE,15,9,15,0.7169811320754716,53,11.5,10,2.0
2018,NE,16,9,14,0.6981132075471698,53,10.75,9,2.0
2018,NE,17,9,14,0.6981132075471698,53,10.75,9,2.0
2018,NE,19,9,14,0.6981132075471698,53,10.75,9,2.0
2018,NE,20,9,14,0.6981132075471698,53,10.75,9,2.0
2018,NE,21,9,14,0.6981132075471698,53,10.75,9,2.0
2018,NO,1,10,16,0.6415094339622641,53,8.0,9,4.0
2018,NO,2,10,16,0.660377358490566,53,8.0,9,4.0
2018,NO,3,10,16,0.6981132075471698,53,8.0,9,4.0
2018,NO,4,9,15,0.6981132075471698,53,7.0,9,4.0
2018,NO,5,10,16,0.6981132075471698,53,7.0,10,4.0
2018,NO,7,9,15,0.6545454545454545,55,7.0,10,4.0
2018,NO,8,10,16,0.6792452830188679,53,7.0,10,4.0
2018,NO,9,10,16,0.6792452830188679,53,7.0,10,4.0
2018,NO,10,10,16,0.6792452830188679,53,7.0,10,4.0
2018,NO,11,10,16,0.6981132075471698,53,8.0,11,4.0
2018,NO,12,10,16,0.6792452830188679,53,8.0,11,4.0
2018,NO,13,10,16,0.6792452830188679,53,8.0,11,4.0
2018,NO,14,10,16,0.6792452830188679,53,8.0,11,4.0
2018,NO,15,10,16,0.6792452830188679,53,7.0,10,4.0
2018,NO,16,11,17,0.6792452830188679,53,7.0,10,4.0
2018,NO,17,11,17,0.6792452830188679,53,7.0,10,4.0
2018,NO,19,11,17,0.6981132075471698,53,7.0,10,4.0
2018,NO,20,10,16,0.6792452830188679,53,7.0,10,4.0
2018,NYG,1,9,17,0.6415094339622641,53,8.75,6,3.0
2018,NYG,2,9,17,0.6415094339622641,53,8.75,6,3.0
2018,NYG,3,9,17,0.6415094339622641,53,8.75,6,3.0
2018,NYG,4,8,16,0.6037735849056604,53,7.75,5,3.0
2018,NYG,5,8,16,0.5849056603773585,53,7.75,5,3.0
2018,NYG,6,7,15,0.5849056603773585,53,7.75,5,3.0
2018,NYG,7,7,14,0.5636363636363636,55,7.75,5,3.0
2018,NYG,8,7,14,0.6037735849056604,53,6.75,5,3.0
2018,NYG,10,7,14,0.6415094339622641,53,6.75,5,3.0
2018,NYG,11,7,14,0.6415094339622641,53,6.75,5,3.0
2018,NYG,12,7,14,0.6415094339622641,53,6.75,5,3.0
2018,NYG,13,7,14,0.6415094339622641,53,6.75,5,3.0
2018,NYG,14,7,13,0.6226415094339622,53,5.75,4,2.0
2018,NYG,15,7,13,0.6226415094339622,53,5.75,4,2.0
2018,NYG,16,7,14,0.6415094339622641,53,5.75,4,2.0
2018,NYG,17,7,14,0.6415094339622641,53,5.75,4,2.0
2018,NYJ,1,6,8,0.6981132075471698,53,0.75,1,0.0
2018,NYJ,2,6,8,0.7169811320754716,53,0.75,1,0.0
2018,NYJ,3,6,8,0.7169811320754716,53,0.75,1,0.0
2018,NYJ,4,6,8,0.7169811320754716,53,0.75,1,0.0
2018,NYJ,5,6,8,0.7358490566037735,53,0.0,1,0.0
2018,NYJ,6,6,8,0.7358490566037735,53,0.0,1,0.0
2018,NYJ,7,6,8,0.7169811320754716,53,0.0,1,0.0
2018,NYJ,8,6,8,0.7358490566037735,53,0.0,1,0.0
2018,NYJ,9,6,8,0.7169811320754716,53,0.0,1,0.0
2018,NYJ,10,6,8,0.7169811320754716,53,0.0,1,0.0
2018,NYJ,12,6,8,0.7169811320754716,53,0.0,1,0.0
2018,NYJ,13,5,6,0.6981132075471698,53,0.0,1,0.0
2018,NYJ,14,4,5,0.6981132075471698,53,0.0,1,0.0
2018,NYJ,15,4,5,0.7169811320754716,53,0.0,1,0.0
2018,NYJ,16,4,4,0.660377358490566,53,0.0,1,0.0
2018,NYJ,17,3,3,0.6226415094339622,53,0.0,1,0.0
2018,OAK,1,11,19,0.7358490566037735,53,10.0,12,2.0
2018,OAK,2,11,20,0.7547169811320755,53,10.75,12,2.0
2018,OAK,3,11,20,0.7735849056603774,53,10.75,12,2.0
2018,OAK,4,11,19,0.7547169811320755,53,10.75,12,2.0
2018,OAK,5,11,18,0.7735849056603774,53,9.75,11,2.0
2018,OAK,6,11,18,0.7735849056603774,53,9.75,11,2.0
2018,OAK,8,8,15,0.7547169811320755,53,8.0,8,2.0
2018,OAK,9,7,14,0.7358490566037735,53,7.0,7,2.0
2018,OAK,10,6,14,0.7358490566037735,53,7.0,7,1.0
2018,OAK,11,6,13,0.7169811320754716,53,7.0,7,1.0
2018,OAK,12,6,13,0.6981132075471698,53,7.0,7,1.0
2018,OAK,13,5,12,0.7358490566037735,53,6.5,7,1.0
2018,OAK,14,4,12,0.7358490566037735,53,5.5,6,1.0
2018,OAK,15,4,12,0.7169811320754716,53,5.5,6,1.0
2018,OAK,16,4,12,0.6964285714285714,56,5.5,6,1.0
2018,OAK,17,4,12,0.6792452830188679,53,5.5,6,1.0
2018,PHI,1,10,16,0.7735849056603774,53,13.25,14,5.0
2018,PHI,2,10,16,0.7735849056603774,53,13.25,14,5.0
2018,PHI,3,10,17,0.7735849056603774,53,12.75,14,5.0
2018,PHI,4,10,17,0.7735849056603774,53,12.75,14,5.0
2018,PHI,5,10,17,0.7924528301886793,53,12.75,14,5.0
2018,PHI,6,10,17,0.7735849056603774,53,11.75,13,5.0
2018,PHI,7,10,17,0.7924528301886793,53,11.75,13,5.0
2018,PHI,8,9,16,0.7735849056603774,53,11.75,13,5.0
2018,PHI,10,9,17,0.7735849056603774,53,12.5,14,5.0
2018,PHI,11,9,16,0.7735849056603774,53,12.5,14,5.0
2018,PHI,12,9,17,0.7924528301886793,53,12.5,14,5.0
2018,PHI,13,9,17,0.7924528301886793,53,12.5,14,5.0
2018,PHI,14,9,17,0.7735849056603774,53,12.5,14,5.0
2018,PHI,15,9,17,0.7735849056603774,53,12.5,14,5.0
2018,PHI,16,9,17,0.7735849056603774,53,12.5,14,5.0
2018,PHI,17,9,17,0.7924528301886793,53,13.0,14,5.0
2018,PHI,18,9,17,0.7924528301886793,53,13.0,14,5.0
2018,PHI,19,9,17,0.7924528301886793,53,13.0,14,5.0
2018,PIT,1,11,19,0.7547169811320755,53,8.0,9,3.0
2018,PIT,2,11,19,0.7547169811320755,53,8.0,9,3.0
2018,PIT,3,11,19,0.7547169811320755,53,8.0,9,3.0
2018,PIT,4,11,19,0.7547169811320755,53,8.0,9,3.0
2018,PIT,5,11,19,0.7547169811320755,53,7.25,9,3.0
2018,PIT,6,11,19,0.7547169811320755,53,7.25,9,3.0
2018,PIT,8,11,19,0.7547169811320755,53,7.25,9,3.0
2018,PIT,9,11,19,0.7547169811320755,53,7.25,9,3.0
2018,PIT,10,11,19,0.7547169811320755,53,7.25,9,3.0
2018,PIT,11,11,19,0.7547169811320755,53,7.25,9,3.0
2018,PIT,12,11,19,0.7547169811320755,53,7.25,9,3.0
2018,PIT,13,11,19,0.7547169811320755,53,7.25,9,3.0
2018,PIT,14,11,18,0.7358490566037735,53,7.25,9,3.0
2018,PIT,15,11,17,0.7169811320754716,53,7.25,9,3.0
2018,PIT,16,11,17,0.7169811320754716,53,7.25,9,3.0
2018,PIT,17,11,17,0.7169811320754716,53,7.25,8,3.0
2018,SEA,1,8,13,0.7358490566037735,53,6.0,7,4.0
2018,SEA,2,8,14,0.7547169811320755,53,6.0,7,4.0
2018,SEA,3,8,14,0.7735849056603774,53,6.0,7,4.0
2018,SEA,4,8,14,0.7735849056603774,53,6.0,7,4.0
2018,SEA,5,7,13,0.7547169811320755,53,5.0,6,3.0
2018,SEA,6,7,13,0.7358490566037735,53,5.0,6,3.0
2018,SEA,8,7,12,0.7358490566037735,53,5.0,6,3.0
2018,SEA,9,7,12,0.7169811320754716,53,4.0,5,3.0
2018,SEA,10,7,12,0.7358490566037735,53,4.0,5,3.0
2018,SEA,11,7,12,0.7358490566037735,53,4.0,5,3.0
2018,SEA,12,7,12,0.7547169811320755,53,4.0,5,3.0
2018,SEA,13,7,12,0.7169811320754716,53,4.0,5,3.0
2018,SEA,14,7,13,0.7358490566037735,53,4.0,5,3.0
2018,SEA,15,7,12,0.7169811320754716,53,4.0,5,3.0
2018,SEA,16,7,12,0.7358490566037735,53,4.0,5,3.0
2018,SEA,17,7,12,0.7358490566037735,53,4.0,5,3.0
2018,SEA,18,7,12,0.7169811320754716,53,4.0,5,3.0
2018,SF,1,8,12,0.75,52,4.5,4,2.0
2018,SF,2,8,12,0.7358490566037735,53,4.5,4,2.0
2018,SF,3,9,13,0.7547169811320755,53,4.5,4,2.0
2018,SF,4,9,12,0.7358490566037735,53,4.5,4,1.0
2018,SF,5,9,12,0.7358490566037735,53,4.5,4,1.0
2018,SF,6,9,12,0.7017543859649122,57,4.5,4,1.0
2018,SF,7,9,12,0.7358490566037735,53,4.5,4,1.0
2018,SF,8,9,12,0.7358490566037735,53,4.5,4,1.0
2018,SF,9,9,12,0.7592592592592593,54,4.5,4,1.0
2018,SF,10,9,12,0.7777777777777778,54,4.5,4,1.0
2018,SF,12,9,12,0.7735849056603774,53,4.5,4,1.0
2018,SF,13,7,10,0.7358490566037735,53,4.5,4,1.0
2018,SF,14,7,10,0.7547169811320755,53,4.5,4,1.0
2018,SF,15,7,10,0.7358490566037735,53,4.5,4,1.0
2018,SF,16,7,10,0.7169811320754716,53,4.5,4,1.0
2018,SF,17,7,8,0.6792452830188679,53,4.5,4,1.0
2018,TB,1,6,17,0.6415094339622641,53,5.75,6,0.0
2018,TB,2,5,16,0.6226415094339622,53,5.75,6,0.0
2018,TB,3,5,16,0.6226415094339622,53,5.75,6,0.0
2018,TB,4,6,17,0.6226415094339622,53,5.75,7,0.0
2018,TB,6,6,16,0.6037735849056604,53,5.75,7,0.0
2018,TB,7,6,16,0.6226415094339622,53,5.75,7,0.0
2018,TB,8,6,17,0.6037735849056604,53,5.75,6,0.0
2018,TB,9,6,16,0.5849056603773585,53,5.75,6,0.0
2018,TB,10,6,16,0.5849056603773585,53,5.75,6,0.0
2018,TB,11,6,17,0.6037735849056604,53,5.75,6,0.0
2018,TB,12,5,16,0.6037735849056604,53,5.75,6,0.0
2018,TB,13,5,16,0.6037735849056604,53,5.75,6,0.0
2018,TB,14,5,16,0.6037735849056604,53,5.75,6,0.0
2018,TB,15,5,15,0.5849056603773585,53,5.75,6,0.0
2018,TB,16,5,14,0.5849056603773585,53,5.75,6,0.0
2018,TB,17,5,14,0.5849056603773585,53,5.75,6,0.0
2018,TEN,1,10,14,0.6792452830188679,53,7.75,8,4.0
2018,TEN,2,10,14,0.6666666666666666,54,6.75,7,3.0
2018,TEN,3,10,14,0.660377358490566,53,6.75,7,3.0
2018,TEN,4,10,14,0.6415094339622641,53,6.75,7,3.0
2018,TEN,5,10,14,0.6415094339622641,53,6.75,7,3.0
2018,TEN,6,10,14,0.6415094339622641,53,6.75,7,3.0
2018,TEN,7,10,14,0.6415094339622641,53,6.75,7,3.0
2018,TEN,9,10,14,0.660377358490566,53,6.75,7,3.0
2018,TEN,10,10,14,0.660377358490566,53,6.75,7,3.0
2018,TEN,11,10,14,0.6415094339622641,53,6.75,7,3.0
2018,TEN,12,10,14,0.6415094339622641,53,6.75,7,3.0
2018,TEN,13,10,14,0.6415094339622641,53,6.75,7,3.0
2018,TEN,14,10,14,0.660377358490566,53,6.75,7,3.0
2018,TEN,15,9,13,0.6226415094339622,53,5.75,7,3.0
2018,TEN,16,9,13,0.6037735849056604,53,5.75,7,3.0
2018,TEN,17,9,13,0.5849056603773585,53,5.0,6,2.0
2018,WAS,1,10,15,0.7735849056603774,53,6.75,9,1.0
2018,WAS,2,10,16,0.7924528301886793,53,6.75,9,1.0
2018,WAS,3,11,17,0.7924528301886793,53,6.75,9,1.0
2018,WAS,5,11,17,0.7924528301886793,53,6.75,9,1.0
2018,WAS,6,11,17,0.7924528301886793,53,6.75,9,1.0
2018,WAS,7,10,16,0.7924528301886793,53,6.75,9,1.0
2018,WAS,8,10,16,0.7924528301886793,53,6.75,9,1.0
2018,WAS,9,11,17,0.7924528301886793,53,7.75,10,2.0
2018,WAS,10,11,16,0.7924528301886793,53,7.75,9,2.0
2018,WAS,11,11,15,0.7735849056603774,53,7.75,9,2.0
2018,WAS,12,11,15,0.7735849056603774,53,7.75,8,2.0
2018,WAS,13,11,15,0.7884615384615384,52,7.75,8,2.0
2018,WAS,14,11,15,0.7924528301886793,53,7.75,8,2.0
2018,WAS,15,10,14,0.7924528301886793,53,7.75,8,2.0
2018,WAS,16,10,14,0.7735849056603774,53,7.75,8,2.0
2018,WAS,17,11,14,0.7735849056603774,53,7.75,7,2.0
2019,ARI,1,8,16,0.7222222222222222,54,4.75,5,1.0
2019,ARI,2,8,15,0.7358490566037735,53,4.75,5,1.0
2019,ARI,3,8,15,0.7358490566037735,53,4.75,5,1.0
2019,ARI,4,7,14,0.7391304347826086,46,4.25,5,1.0
2019,ARI,5,7,12,0.7608695652173914,46,5.75,6,1.0
2019,ARI,6,7,12,0.7608695652173914,46,5.75,6,1.0
2019,ARI,7,8,13,0.7391304347826086,46,6.75,7,2.0
2019,ARI,8,8,14,0.717391304347826,46,5.75,6,2.0
2019,ARI,9,8,14,0.782608695652174,46,6.25,7,2.0
2019,ARI,10,8,13,0.7391304347826086,46,6.75,7,2.0
2019,ARI,11,8,13,0.717391304347826,46,6.75,7,2.0
2019,ARI,13,8,13,0.717391304347826,46,6.75,7,2.0
2019,ARI,14,8,13,0.717391304347826,46,6.75,7,2.0
2019,ARI,15,7,12,0.717391304347826,46,6.25,6,2.0
2019,ARI,16,7,12,0.6956521739130435,46,6.25,6,2.0
2019,ARI,17,7,12,0.6956521739130435,46,6.25,6,2.0
2019,ATL,1,13,16,0.8490566037735849,53,7.5,11,2.0
2019,ATL,2,12,15,0.8301886792452831,53,7.5,11,2.0
2019,ATL,3,12,15,0.8301886792452831,53,7.5,11,2.0
2019,ATL,4,11,14,0.8113207547169812,53,7.5,10,2.0
2019,ATL,5,11,15,0.8043478260869565,46,7.5,10,2.0
2019,ATL,6,10,13,0.8043478260869565,46,6.75,9,2.0
2019,ATL,7,10,13,0.8260869565217391,46,6.75,9,2.0
2019,ATL,8,8,11,0.7608695652173914,46,5.75,8,1.0
2019,ATL,10,10,13,0.782608695652174,46,5.75,8,2.0
2019,ATL,11,11,14,0.7608695652173914,46,5.75,7,2.0
2019,ATL,12,11,14,0.7391304347826086,46,5.75,7,2.0
2019,ATL,13,10,13,0.7391304347826086,46,5.5,7,1.0
2019,ATL,14,11,13,0.7608695652173914,46,6.5,9,2.0
2019,ATL,15,9,12,0.7391304347826086,46,5.75,8,2.0
2019,ATL,16,8,12,0.7391304347826086,46,5.75,8,2.0
2019,ATL,17,7,11,0.7391304347826086,46,5.75,8,2.0
2019,BAL,1,9,11,0.6981132075471698,53,4.5,9,0.0
2019,BAL,2,9,11,0.6981132075471698,53,4.5,9,0.0
2019,BAL,3,9,11,0.6981132075471698,53,4.5,9,0.0
2019,BAL,4,8,10,0.6956521739130435,46,4.5,7,0.0
2019,BAL,5,8,10,0.6521739130434783,46,4.5,8,0.0
2019,BAL,6,7,10,0.6956521739130435,46,4.5,8,0.0
2019,BAL,7,8,11,0.6956521739130435,46,5.5,9,0.0
2019,BAL,9,10,14,0.6739130434782609,46,4.75,8,0.0
2019,BAL,10,10,13,0.6739130434782609,46,5.5,8,0.0
2019,BAL,11,10,13,0.6956521739130435,46,5.5,8,0.0
2019,BAL,12,10,13,0.6956521739130435,46,5.5,8,0.0
2019,BAL,13,10,13,0.6956521739130435,46,5.5,8,0.0
2019,BAL,14,10,13,0.6739130434782609,46,5.5,9,0.0
2019,BAL,15,9,12,0.6956521739130435,46,5.5,9,0.0
2019,BAL,16,10,13,0.6739130434782609,46,5.5,9,0.0
2019,BAL,17,6,9,0.6739130434782609,46,3.5,5,0.0
2019,BAL,19,10,12,0.6739130434782609,46,5.5,9,0.0
2019,BUF,1,8,15,0.7169811320754716,53,6.5,5,0.0
2019,BUF,2,8,15,0.7169811320754716,53,6.5,5,0.0
2019,BUF,3,8,15,0.7169811320754716,53,6.5,5,0.0
2019,BUF,4,8,15,0.6956521739130435,46,6.5,5,0.0
2019,BUF,5,8,15,0.717391304347826,46,6.5,5,0.0
2019,BUF,7,8,13,0.6956521739130435,46,6.5,5,0.0
2019,BUF,8,8,13,0.6739130434782609,46,6.5,4,0.0
2019,BUF,9,8,13,0.6739130434782609,46,6.5,4,0.0
2019,BUF,10,9,14,0.717391304347826,46,6.5,5,0.0
2019,BUF,11,9,14,0.717391304347826,46,6.5,5,0.0
2019,BUF,12,9,14,0.6956521739130435,46,6.5,5,0.0
2019,BUF,13,9,14,0.717391304347826,46,6.5,5,0.0
2019,BUF,14,9,14,0.717391304347826,46,6.5,5,0.0
2019,BUF,15,8,13,0.717391304347826,46,6.5,5,0.0
2019,BUF,16,9,14,0.717391304347826,46,6.5,5,0.0
2019,BUF,17,7,13,0.6521739130434783,46,4.5,4,0.0
2019,BUF,18,9,14,0.717391304347826,46,6.5,5,0.0
2019,CAR,1,12,18,0.6981132075471698,53,7.25,7,3.0
2019,CAR,2,12,18,0.6981132075471698,53,7.25,7,3.0
2019,CAR,3,12,18,0.6981132075471698,53,7.25,7,3.0
2019,CAR,4,11,15,0.717391304347826,46,5.5,4,3.0
2019,CAR,5,11,14,0.6956521739130435,46,5.5,4,3.0
2019,CAR,6,11,14,0.6739130434782609,46,5.5,4,3.0
2019,CAR,8,11,15,0.6739130434782609,46,5.5,5,3.0
2019,CAR,9,11,15,0.6739130434782609,46,5.5,5,3.0
2019,CAR,10,11,14,0.6739130434782609,46,5.5,5,3.0
2019,CAR,11,11,16,0.6956521739130435,46,5.5,5,3.0
2019,CAR,12,11,16,0.6956521739130435,46,5.5,5,3.0
2019,CAR,13,10,14,0.6739130434782609,46,5.0,4,3.0
2019,CAR,14,9,13,0.6086956521739131,46,4.0,3,3.0
2019,CAR,15,9,13,0.6086956521739131,46,4.0,3,3.0
2019,CAR,16,9,13,0.6086956521739131,46,5.0,4,3.0
2019,CAR,17,8,13,0.6086956521739131,46,5.0,4,3.0
2019,CHI,1,9,15,0.7358490566037735,53,8.5,12,3.0
2019,CHI,2,9,15,0.7358490566037735,53,8.5,12,3.0
2019,CHI,3,9,15,0.7222222222222222,54,8.5,12,3.0
2019,CHI,4,9,15,0.7169811320754716,53,8.5,12,3.0
2019,CHI,5,8,14,0.6956521739130435,46,8.5,11,3.0
2019,CHI,7,8,14,0.717391304347826,46,6.75,10,2.0
2019,CHI,8,8,14,0.723404255319149,47,6.75,10,2.0
2019,CHI,9,8,14,0.7391304347826086,46,6.75,10,2.0
2019,CHI,10,8,13,0.717391304347826,46,6.75,10,2.0
2019,CHI,11,8,13,0.6956521739130435,46,6.0,10,2.0
2019,CHI,12,8,13,0.6956521739130435,46,6.0,10,2.0
2019,CHI,13,8,13,0.6956521739130435,46,6.0,10,2.0
2019,CHI,14,7,12,0.6739130434782609,46,6.0,10,2.0
2019,CHI,15,7,12,0.717391304347826,46,7.0,11,3.0
2019,CHI,16,7,12,0.717391304347826,46,6.0,10,2.0
2019,CHI,17,7,11,0.717391304347826,46,6.0,10,2.0
2019,CIN,1,7,15,0.8490566037735849,53,4.25,7,2.0
2019,CIN,2,7,15,0.8301886792452831,53,4.25,7,2.0
2019,CIN,3,7,15,0.8113207547169812,53,3.25,6,2.0
2019,CIN,4,6,13,0.8043478260869565,46,3.25,6,1.0
2019,CIN,5,5,12,0.8043478260869565,46,3.25,6,1.0
2019,CIN,6,4,10,0.782608695652174,46,2.75,5,1.0
2019,CIN,7,3,9,0.7391304347826086,46,2.75,5,1.0
2019,CIN,8,4,11,0.782608695652174,46,3.25,6,1.0
2019,CIN,10,5,12,0.8260869565217391,46,3.25,6,1.0
2019,CIN,11,5,11,0.7608695652173914,46,3.25,6,1.0
2019,CIN,12,4,11,0.7608695652173914,46,2.75,6,1.0
2019,CIN,13,4,11,0.782608695652174,46,2.75,6,1.0
2019,CIN,14,5,12,0.7608695652173914,46,2.75,6,1.0
2019,CIN,15,5,12,0.7391304347826086,46,2.75,6,1.0
2019,CIN,16,5,12,0.7391304347826086,46,2.75,6,1.0
2019,CIN,17,4,11,0.6956521739130435,46,2.75,6,1.0
2019,CLE,1,8,14,0.6981132075471698,53,7.25,8,4.0
2019,CLE,2,8,14,0.7037037037037037,54,7.25,8,4.0
2019,CLE,3,7,12,0.660377358490566,53,7.25,8,4.0
2019,CLE,4,6,10,0.6304347826086957,46,6.5,7,4.0
2019,CLE,5,6,10,0.6521739130434783,46,7.25,7,4.0
2019,CLE,6,6,9,0.6444444444444445,45,7.25,7,4.0
2019,CLE,8,6,10,0.6521739130434783,46,7.25,8,4.0
2019,CLE,9,6,10,0.6521739130434783,46,6.25,8,4.0
2019,CLE,10,7,11,0.6739130434782609,46,6.25,8,4.0
2019,CLE,11,7,11,0.6521739130434783,46,6.25,8,4.0
2019,CLE,12,6,10,0.5869565217391305,46,4.5,7,3.0
2019,CLE,13,4,8,0.5652173913043478,46,5.5,8,3.0
2019,CLE,14,7,11,0.6304347826086957,46,4.5,7,3.0
2019,CLE,15,6,10,0.5869565217391305,46,4.5,7,3.0
2019,CLE,16,6,10,0.6086956521739131,46,5.5,7,3.0
2019,CLE,17,7,11,0.6521739130434783,46,6.5,8,3.0
2019,DAL,1,9,18,0.6851851851851852,54,9.75,13,8.0
2019,DAL,2,9,18,0.6981132075471698,53,9.25,12,8.0
2019,DAL,3,9,18,0.6981132075471698,53,10.0,13,8.0
2019,DAL,4,9,18,0.7391304347826086,46,10.0,13,8.0
2019,DAL,5,8,16,0.6808510638297872,47,9.0,12,7.0
2019,DAL,6,9,18,0.6792452830188679,53,10.0,13,8.0
2019,DAL,7,9,17,0.6956521739130435,46,10.0,13,8.0
2019,DAL,9,8,15,0.6304347826086957,46,9.75,13,7.0
2019,DAL,10,9,16,0.6521739130434783,46,10.75,14,8.0
2019,DAL,11,9,16,0.6739130434782609,46,10.75,14,8.0
2019,DAL,12,8,16,0.6304347826086957,46,9.75,13,7.0
2019,DAL,13,8,17,0.6739130434782609,46,9.75,13,7.0
2019,DAL,14,8,16,0.6521739130434783,46,9.75,13,7.0
2019,DAL,15,8,15,0.6521739130434783,46,9.75,13,7.0
2019,DAL,16,8,15,0.6521739130434783,46,9.75,13,7.0
2019,DAL,17,6,12,0.6170212765957447,47,7.75,11,5.0
2019,DEN,1,7,13,0.6415094339622641,53,4.75,5,3.0
2019,DEN,2,7,13,0.6415094339622641,53,4.75,5,3.0
2019,DEN,3,7,13,0.6415094339622641,53,4.75,5,3.0
2019,DEN,4,5,11,0.6521739130434783,46,3.75,5,3.0
2019,DEN,5,5,11,0.6086956521739131,46,4.75,5,2.0
2019,DEN,6,5,10,0.6304347826086957,46,4.75,5,2.0
2019,DEN,7,5,11,0.6304347826086957,46,4.75,5,2.0
2019,DEN,8,6,12,0.6304347826086957,46,4.0,4,2.0
2019,DEN,9,4,10,0.5869565217391305,46,4.0,4,2.0
2019,DEN,11,4,10,0.5652173913043478,46,4.0,4,2.0
2019,DEN,12,4,10,0.5434782608695652,46,4.0,4,2.0
2019,DEN,13,3,10,0.5652173913043478,46,3.0,3,1.0
2019,DEN,14,5,12,0.6086956521739131,46,4.0,4,2.0
2019,DEN,15,4,9,0.5217391304347826,46,4.0,4,2.0
2019,DEN,16,3,8,0.5217391304347826,46,3.0,4,2.0
2019,DEN,17,3,9,0.5434782608695652,46,3.0,4,2.0
2019,DET,1,5,10,0.660377358490566,53,5.75,5,1.0
2019,DET,2,5,10,0.660377358490566,53,5.75,5,1.0
2019,DET,3,5,10,0.6792452830188679,53,5.75,5,1.0
2019,DET,4,5,9,0.6521739130434783,46,4.75,3,0.0
2019,DET,6,5,10,0.6521739130434783,46,5.75,4,1.0
2019,DET,7,5,10,0.6521739130434783,46,5.75,4,1.0
2019,DET,8,5,8,0.6304347826086957,46,4.75,3,0.0
2019,DET,9,5,9,0.6304347826086957,46,5.75,4,1.0
2019,DET,10,4,8,0.6304347826086957,46,5.75,4,1.0
2019,DET,11,4,8,0.6521739130434783,46,5.75,4,1.0
2019,DET,12,3,7,0.6304347826086957,46,3.75,4,1.0
2019,DET,13,4,8,0.6739130434782609,46,3.75,4,1.0
2019,DET,14,3,7,0.5869565217391305,46,4.75,4,1.0
2019,DET,15,2,5,0.5434782608695652,46,5.75,4,1.0
2019,DET,16,2,6,0.5652173913043478,46,5.75,3,1.0
2019,DET,17,2,5,0.5434782608695652,46,5.75,3,1.0
2019,GB,1,7,12,0.7115384615384616,52,4.75,4,3.0
2019,GB,2,7,12,0.7169811320754716,53,4.75,4,3.0
2019,GB,3,7,12,0.7169811320754716,53,5.75,4,3.0
2019,GB,4,7,12,0.7169811320754716,53,5.75,4,3.0
2019,GB,5,7,11,0.7391304347826086,46,5.75,3,2.0
2019,GB,6,6,10,0.7391304347826086,46,4.75,3,2.0
2019,GB,7,6,10,0.7391304347826086,46,4.75,3,2.0
2019,GB,8,7,11,0.7391304347826086,46,4.75,3,2.0
2019,GB,9,7,11,0.782608695652174,46,5.75,4,3.0
2019,GB,10,7,11,0.782608695652174,46,5.75,4,3.0
2019,GB,12,7,12,0.7608695652173914,46,5.75,4,3.0
2019,GB,13,7,12,0.782608695652174,46,5.75,4,3.0
2019,GB,14,7,11,0.782608695652174,46,4.75,4,3.0
2019,GB,15,7,12,0.782608695652174,46,4.75,4,3.0
2019,GB,16,7,12,0.8043478260869565,46,4.75,4,3.0
2019,GB,17,7,12,0.8043478260869565,46,4.75,4,3.0
2019,GB,19,7,11,0.782608695652174,46,4.75,4,3.0
2019,GB,20,7,12,0.8043478260869565,46,4.75,4,3.0
2019,HOU,1,10,16,0.7358490566037735,53,4.5,5,3.0
2019,HOU,2,10,16,0.7358490566037735,53,4.5,5,3.0
2019,HOU,3,10,16,0.7547169811320755,53,4.5,5,3.0
2019,HOU,4,10,16,0.7391304347826086,46,4.5,5,3.0
2019,HOU,5,10,16,0.7391304347826086,46,4.5,6,3.0
2019,HOU,6,9,15,0.7391304347826086,46,3.0,6,3.0
2019,HOU,7,8,14,0.717391304347826,46,4.5,5,3.0
2019,HOU,8,7,13,0.6956521739130435,46,3.75,5,3.0
2019,HOU,9,7,12,0.6739130434782609,46,4.5,5,2.0
2019,HOU,11,8,14,0.717391304347826,46,4.5,6,2.0
2019,HOU,12,10,15,0.717391304347826,46,4.5,5,2.0
2019,HOU,13,9,15,0.6956521739130435,46,4.5,6,2.0
2019,HOU,14,9,15,0.6956521739130435,46,3.75,5,2.0
2019,HOU,15,10,16,0.717391304347826,46,3.75,5,2.0
2019,HOU,16,10,15,0.6956521739130435,46,3.5,5,2.0
2019,HOU,17,7,12,0.6521739130434783,46,3.5,5,2.0
2019,HOU,18,9,15,0.717391304347826,46,3.75,5,3.0
2019,HOU,19,11,17,0.7391304347826086,46,4.5,5,3.0
2019,IND,1,5,17,0.7358490566037735,53,3.5,5,3.0
2019,IND,2,5,16,0.7169811320754716,53,3.5,5,3.0
2019,IND,3,5,16,0.7169811320754716,53,3.5,5,3.0
2019,IND,4,5,16,0.7169811320754716,53,3.5,5,3.0
2019,IND,5,4,11,0.6739130434782609,46,2.5,5,2.0
2019,IND,7,4,11,0.6956521739130435,46,3.5,5,3.0
2019,IND,8,5,12,0.6521739130434783,46,3.5,5,3.0
2019,IND,9,5,12,0.6521739130434783,46,3.5,5,2.0
2019,IND,10,5,11,0.6304347826086957,46,3.5,5,2.0
2019,IND,11,5,12,0.6304347826086957,46,3.5,5,2.0
2019,IND,12,5,12,0.6739130434782609,46,3.5,5,3.0
2019,IND,13,4,11,0.6304347826086957,46,3.5,4,1.0
2019,IND,14,4,13,0.6956521739130435,46,2.75,3,1.0
2019,IND,15,4,12,0.6739130434782609,46,2.75,3,2.0
2019,IND,16,4,11,0.6739130434782609,46,2.75,3,2.0
2019,IND,17,4,11,0.6521739130434783,46,2.75,3,2.0
2019,JAX,1,7,13,0.6981132075471698,53,4.75,4,2.0
2019,JAX,2,7,13,0.6981132075471698,53,4.75,4,2.0
2019,JAX,3,7,13,0.6981132075471698,53,4.75,4,2.0
2019,JAX,4,6,12,0.6956521739130435,46,3.75,3,1.0
2019,JAX,5,6,12,0.6956521739130435,46,3.75,3,1.0
2019,JAX,6,6,12,0.6956521739130435,46,3.75,3,1.0
2019,JAX,7,6,11,0.6956521739130435,46,3.75,3,1.0
2019,JAX,8,5,11,0.6521739130434783,46,3.0,2,1.0
2019,JAX,9,4,9,0.5652173913043478,46,3.0,2,1.0
2019,JAX,11,5,10,0.6086956521739131,46,3.0,2,1.0
2019,JAX,12,5,10,0.6086956521739131,46,3.0,2,1.0
2019,JAX,13,5,10,0.6086956521739131,46,3.0,2,1.0
2019,JAX,14,5,10,0.6086956521739131,46,3.0,2,1.0
2019,JAX,15,5,9,0.6086956521739131,46,3.0,2,1.0
2019,JAX,16,5,9,0.6086956521739131,46,3.0,2,1.0
2019,JAX,17,4,8,0.6086956521739131,46,3.0,2,1.0
2019,KC,1,5,15,0.7735849056603774,53,8.5,8,5.0
2019,KC,2,5,15,0.7735849056603774,53,8.25,8,5.0
2019,KC,3,5,15,0.7735849056603774,53,8.25,8,5.0
2019,KC,4,4,14,0.7608695652173914,46,7.25,6,4.0
2019,KC,5,5,14,0.7391304347826086,46,7.25,6,4.0
2019,KC,6,4,13,0.8043478260869565,46,7.25,7,5.0
2019,KC,7,5,14,0.8085106382978723,47,7.25,7,5.0
2019,KC,8,4,12,0.7608695652173914,46,5.5,6,3.0
2019,KC,9,4,14,0.7608695652173914,46,6.5,6,3.0
2019,KC,10,5,14,0.782608695652174,46,7.0,6,5.0
2019,KC,11,6,15,0.7391304347826086,46,7.5,8,5.0
2019,KC,13,6,15,0.782608695652174,46,7.5,8,5.0
2019,KC,14,5,14,0.782608695652174,46,7.5,8,5.0
2019,KC,15,5,14,0.782608695652174,46,7.5,8,5.0
2019,KC,16,6,14,0.782608695652174,46,7.5,8,5.0
2019,KC,17,6,15,0.8043478260869565,46,8.0,9,5.0
2019,KC,19,5,12,0.7391304347826086,46,7.0,9,5.0
2019,KC,20,5,13,0.7608695652173914,46,7.5,8,5.0
2019,KC,21,5,12,0.7391304347826086,46,7.5,8,5.0
2019,LA,1,10,16,0.7358490566037735,53,9.5,12,6.0
2019,LA,2,10,16,0.7358490566037735,53,9.5,12,6.0
2019,LA,3,10,16,0.7358490566037735,53,9.5,12,6.0
2019,LA,4,10,16,0.7358490566037735,53,9.5,12,6.0
2019,LA,5,10,15,0.7391304347826086,46,9.5,12,6.0
2019,LA,6,7,13,0.7391304347826086,46,7.0,9,5.0
2019,LA,7,8,14,0.717391304347826,46,8.0,10,7.0
2019,LA,8,8,14,0.7391304347826086,46,8.0,10,7.0
2019,LA,10,8,15,0.717391304347826,46,8.5,11,7.0
2019,LA,11,8,13,0.6739130434782609,46,8.5,11,6.0
2019,LA,12,9,15,0.7391304347826086,46,8.5,11,7.0
2019,LA,13,9,14,0.6956521739130435,46,8.5,11,7.0
2019,LA,14,9,14,0.6956521739130435,46,8.5,11,7.0
2019,LA,15,9,14,0.6956521739130435,46,8.5,11,7.0
2019,LA,16,9,15,0.7391304347826086,46,8.5,11,7.0
2019,LA,17,8,14,0.6956521739130435,46,7.5,10,6.0
2019,LAC,1,7,13,0.6981132075471698,53,7.25,9,4.0
2019,LAC,2,7,13,0.7169811320754716,53,7.25,9,4.0
2019,LAC,3,7,14,0.7358490566037735,53,6.25,8,4.0
2019,LAC,4,7,13,0.723404255319149,47,5.25,9,5.0
2019,LAC,5,7,12,0.717391304347826,46,5.25,8,4.0
2019,LAC,6,6,12,0.717391304347826,46,6.25,7,4.0
2019,LAC,7,6,12,0.6739130434782609,46,6.25,7,4.0
2019,LAC,8,9,14,0.6739130434782609,46,6.75,9,5.0
2019,LAC,9,9,14,0.717391304347826,46,6.75,9,5.0
2019,LAC,10,9,14,0.6956521739130435,46,6.75,9,5.0
2019,LAC,11,8,13,0.6956521739130435,46,6.25,8,5.0
2019,LAC,13,9,14,0.717391304347826,46,8.75,11,6.0
2019,LAC,14,9,13,0.6956521739130435,46,8.75,11,6.0
2019,LAC,15,9,14,0.6956521739130435,46,7.75,11,6.0
2019,LAC,16,8,13,0.6739130434782609,46,8.25,10,6.0
2019,LAC,17,8,13,0.6956521739130435,46,8.25,10,6.0
2019,MIA,1,5,9,0.660377358490566,53,2.0,2,1.0
2019,MIA,2,5,10,0.660377358490566,53,2.0,2,1.0
2019,MIA,3,5,10,0.660377358490566,53,2.0,2,1.0
2019,MIA,4,5,9,0.717391304347826,46,2.0,2,1.0
2019,MIA,6,5,8,0.6739130434782609,46,0.5,1,0.0
2019,MIA,7,5,8,0.6304347826086957,46,0.0,0,0.0
2019,MIA,8,6,10,0.6304347826086957,46,1.0,1,1.0
2019,MIA,9,6,9,0.6086956521739131,46,0.0,0,0.0
2019,MIA,10,5,8,0.5869565217391305,46,1.0,0,0.0
2019,MIA,11,4,6,0.6086956521739131,46,1.5,1,0.0
2019,MIA,12,5,8,0.6086956521739131,46,1.0,0,0.0
2019,MIA,13,5,8,0.6521739130434783,46,1.0,0,0.0
2019,MIA,14,4,7,0.6304347826086957,46,1.0,0,0.0
2019,MIA,15,4,7,0.5869565217391305,46,0.0,0,0.0
2019,MIA,16,3,5,0.5217391304347826,46,0.0,0,0.0
2019,MIA,17,4,6,0.5652173913043478,46,0.0,0,0.0
2019,MIN,1,8,16,0.7547169811320755,53,7.25,10,5.0
2019,MIN,2,7,15,0.7547169811320755,53,7.25,10,5.0
2019,MIN,3,7,15,0.7547169811320755,53,7.25,10,5.0
2019,MIN,4,8,16,0.7547169811320755,53,8.25,10,5.0
2019,MIN,5,8,15,0.782608695652174,46,8.25,10,5.0
2019,MIN,6,8,16,0.7608695652173914,46,8.25,10,5.0
2019,MIN,7,8,16,0.782608695652174,46,7.25,10,5.0
2019,MIN,8,8,16,0.8043478260869565,46,6.25,9,4.0
2019,MIN,9,8,16,0.7608695652173914,46,7.25,10,5.0
2019,MIN,10,7,14,0.7608695652173914,46,5.5,8,4.0
2019,MIN,11,9,16,0.8043478260869565,46,5.5,8,4.0
2019,MIN,13,8,16,0.7608695652173914,46,6.25,9,4.0
2019,MIN,14,8,16,0.7608695652173914,46,6.25,9,4.0
2019,MIN,15,8,16,0.7391304347826086,46,7.25,10,5.0
2019,MIN,16,8,15,0.7391304347826086,46,7.25,10,5.0
2019,MIN,17,6,11,0.6956521739130435,46,6.5,9,5.0
2019,MIN,18,6,13,0.717391304347826,46,8.25,10,5.0
2019,MIN,19,7,14,0.717391304347826,46,8.25,10,5.0
2019,NE,1,8,14,0.8148148148148148,54,12.5,10,4.0
2019,NE,2,7,12,0.8113207547169812,53,12.75,10,4.0
2019,NE,3,6,11,0.7924528301886793,53,11.75,9,4.0
2019,NE,4,5,9,0.782608695652174,46,9.75,7,4.0
2019,NE,5,6,12,0.782608695652174,46,9.0,7,4.0
2019,NE,6,5,11,0.782608695652174,46,10.0,7,4.0
2019,NE,7,7,12,0.8260869565217391,46,8.75,6,4.0
2019,NE,8,7,11,0.8260869565217391,46,8.5,7,4.0
2019,NE,9,7,10,0.851063829787234,47,10.0,7,4.0
2019,NE,11,8,11,0.8478260869565217,46,10.0,7,4.0
2019,NE,12,8,12,0.8478260869565217,46,10.0,7,4.0
2019,NE,13,9,13,0.8260869565217391,46,9.5,7,4.0
2019,NE,14,9,12,0.8478260869565217,46,10.0,7,4.0
2019,NE,15,9,13,0.8478260869565217,46,10.0,7,4.0
2019,NE,16,9,13,0.8695652173913043,46,10.0,7,4.0
2019,NE,17,9,13,0.8478260869565217,46,10.0,7,4.0
2019,NE,18,9,13,0.8478260869565217,46,10.0,7,4.0
2019,NO,1,11,18,0.6481481481481481,54,11.25,11,3.0
2019,NO,2,11,18,0.6792452830188679,53,11.25,11,3.0
2019,NO,3,11,18,0.660377358490566,53,11.25,11,3.0
2019,NO,4,12,17,0.6521739130434783,46,10.25,10,2.0
2019,NO,5,12,18,0.6956521739130435,46,10.25,10,2.0
2019,NO,6,12,18,0.6739130434782609,46,10.25,10,2.0
2019,NO,7,11,17,0.5957446808510638,47,9.25,8,1.0
2019,NO,8,11,18,0.6521739130434783,46,9.75,9,2.0
2019,NO,10,11,18,0.717391304347826,46,10.75,11,3.0
2019,NO,11,10,17,0.717391304347826,46,10.75,9,3.0
2019,NO,12,10,17,0.717391304347826,46,10.75,9,3.0
2019,NO,13,10,17,0.6739130434782609,46,9.75,9,3.0
2019,NO,14,10,17,0.6521739130434783,46,10.75,10,3.0
2019,NO,15,8,15,0.6458333333333334,48,10.75,10,3.0
2019,NO,16,9,16,0.6521739130434783,46,11.75,10,3.0
2019,NO,17,9,16,0.6739130434782609,46,12.25,12,3.0
2019,NO,18,9,17,0.6739130434782609,46,12.25,12,3.0
2019,NYG,1,10,16,0.660377358490566,53,6.0,6,2.0
2019,NYG,2,10,16,0.6415094339622641,53,6.0,6,2.0
2019,NYG,3,10,16,0.6415094339622641,53,6.0,6,2.0
2019,NYG,4,8,14,0.6956521739130435,46,4.0,5,1.0
2019,NYG,5,8,15,0.6739130434782609,46,4.5,6,1.0
2019,NYG,6,8,14,0.6521739130434783,46,5.5,6,1.0
2019,NYG,7,10,16,0.6956521739130435,46,6.5,7,2.0
2019,NYG,8,11,17,0.717391304347826,46,6.5,7,2.0
2019,NYG,9,12,18,0.7391304347826086,46,6.5,8,2.0
2019,NYG,10,11,17,0.7608695652173914,46,6.5,8,2.0
2019,NYG,12,11,18,0.782608695652174,46,6.5,8,2.0
2019,NYG,13,10,16,0.7391304347826086,46,6.0,7,2.0
2019,NYG,14,9,16,0.717391304347826,46,6.5,8,2.0
2019,NYG,15,8,14,0.6956521739130435,46,4.5,7,2.0
2019,NYG,16,10,16,0.7391304347826086,46,5.5,7,2.0
2019,NYG,17,10,16,0.7391304347826086,46,5.5,7,2.0
2019,NYJ,1,5,9,0.6981132075471698,53,5.75,5,1.0
2019,NYJ,2,6,10,0.6909090909090909,55,6.5,6,1.0
2019,NYJ,3,6,10,0.6981132075471698,53,6.5,6,1.0
2019,NYJ,5,4,7,0.6304347826086957,46,5.5,5,1.0
2019,NYJ,6,6,10,0.660377358490566,53,6.5,6,1.0
2019,NYJ,7,6,9,0.6956521739130435,46,4.5,5,1.0
2019,NYJ,8,5,8,0.6739130434782609,46,4.5,5,1.0
2019,NYJ,9,4,6,0.6521739130434783,46,3.75,3,1.0
2019,NYJ,10,4,6,0.6304347826086957,46,3.75,3,1.0
2019,NYJ,11,4,6,0.6086956521739131,46,3.75,3,1.0
2019,NYJ,12,4,6,0.6086956521739131,46,3.75,3,1.0
2019,NYJ,13,4,6,0.6086956521739131,46,3.75,3,1.0
2019,NYJ,14,3,4,0.6304347826086957,46,1.75,1,0.0
2019,NYJ,15,1,3,0.5652173913043478,46,2.0,1,0.0
2019,NYJ,16,3,5,0.5652173913043478,46,3.0,2,1.0
2019,NYJ,17,3,5,0.5434782608695652,46,3.0,2,1.0
2019,OAK,1,8,15,0.6851851851851852,54,5.25,4,0.0
2019,OAK,2,7,14,0.6792452830188679,53,4.25,3,0.0
2019,OAK,3,6,13,0.6792452830188679,53,5.0,4,0.0
2019,OAK,4,6,12,0.6538461538461539,52,5.0,4,0.0
2019,OAK,5,5,11,0.6521739130434783,46,3.5,3,0.0
2019,OAK,7,6,12,0.6956521739130435,46,3.5,3,0.0
2019,OAK,8,4,11,0.6739130434782609,46,4.5,4,0.0
2019,OAK,9,4,10,0.6739130434782609,46,2.5,2,0.0
2019,OAK,10,4,11,0.717391304347826,46,3.5,3,0.0
2019,OAK,11,4,11,0.6739130434782609,46,2.5,3,0.0
2019,OAK,12,4,11,0.6739130434782609,46,2.5,3,0.0
2019,OAK,13,4,12,0.6739130434782609,46,3.5,3,0.0
2019,OAK,14,3,12,0.6304347826086957,46,3.5,3,0.0
2019,OAK,15,4,12,0.5869565217391305,46,3.5,3,0.0
2019,OAK,16,3,11,0.5869565217391305,46,2.75,2,0.0
2019,OAK,17,3,10,0.5869565217391305,46,2.75,2,0.0
2019,PHI,1,8,20,0.8113207547169812,53,11.75,12,4.0
2019,PHI,2,8,20,0.8113207547169812,53,10.75,11,4.0
2019,PHI,3,8,20,0.7924528301886793,53,10.75,11,4.0
2019,PHI,4,8,20,0.7924528301886793,53,10.75,11,4.0
2019,PHI,5,8,16,0.8043478260869565,46,11.0,11,4.0
2019,PHI,6,8,16,0.8260869565217391,46,10.25,10,4.0
2019,PHI,7,8,16,0.8478260869565217,46,8.5,8,4.0
2019,PHI,8,8,16,0.782608695652174,46,7.75,8,4.0
2019,PHI,9,8,17,0.8043478260869565,46,9.0,9,4.0
2019,PHI,11,8,17,0.8043478260869565,46,9.5,9,4.0
2019,PHI,12,6,15,0.782608695652174,46,8.5,8,4.0
2019,PHI,13,8,16,0.7608695652173914,46,9.5,9,4.0
2019,PHI,14,6,15,0.7608695652173914,46,9.5,9,4.0
2019,PHI,15,5,13,0.7391304347826086,46,8.5,8,4.0
2019,PHI,16,6,14,0.7391304347826086,46,8.5,8,4.0
2019,PHI,17,6,12,0.6956521739130435,46,6.5,7,3.0
2019,PHI,18,6,13,0.6956521739130435,46,6.5,7,4.0
2019,PIT,1,12,17,0.7037037037037037,54,5.25,10,5.0
2019,PIT,2,12,17,0.6981132075471698,53,5.25,10,5.0
2019,PIT,3,12,16,0.6792452830188679,53,4.5,9,4.0
2019,PIT,4,12,16,0.7115384615384616,52,4.5,8,4.0
2019,PIT,5,12,16,0.6956521739130435,46,4.5,8,4.0
2019,PIT,6,12,15,0.6956521739130435,46,4.5,8,4.0
2019,PIT,8,12,15,0.6521739130434783,46,4.5,9,4.0
2019,PIT,9,12,15,0.6739130434782609,46,4.5,8,3.0
2019,PIT,10,12,15,0.6739130434782609,46,4.5,7,3.0
2019,PIT,11,12,15,0.6086956521739131,46,4.5,8,4.0
2019,PIT,12,10,12,0.6304347826086957,46,3.5,5,2.0
2019,PIT,13,10,12,0.6304347826086957,46,3.5,5,2.0
2019,PIT,14,11,13,0.6521739130434783,46,4.5,6,2.0
2019,PIT,15,11,12,0.6521739130434783,46,4.5,7,3.0
2019,PIT,16,11,14,0.6956521739130435,46,4.5,8,4.0
2019,PIT,17,11,14,0.6739130434782609,46,3.5,6,3.0
2019,SEA,1,8,15,0.7924528301886793,53,7.25,9,4.0
2019,SEA,2,8,16,0.7924528301886793,53,7.25,9,4.0
2019,SEA,3,8,16,0.7924528301886793,53,7.25,9,4.0
2019,SEA,4,7,13,0.8043478260869565,46,7.25,9,4.0
2019,SEA,5,7,13,0.782608695652174,46,7.25,9,4.0
2019,SEA,6,5,12,0.7608695652173914,46,6.25,8,4.0
2019,SEA,7,6,14,0.782608695652174,46,5.5,7,4.0
2019,SEA,8,8,16,0.7608695652173914,46,7.25,9,4.0
2019,SEA,9,8,15,0.7391304347826086,46,7.25,9,4.0
2019,SEA,10,7,15,0.7608695652173914,46,7.75,9,4.0
2019,SEA,12,7,14,0.7608695652173914,46,6.75,8,3.0
2019,SEA,13,7,14,0.7608695652173914,46,7.0,9,4.0
2019,SEA,14,7,13,0.7608695652173914,46,6.25,8,4.0
2019,SEA,15,5,12,0.7391304347826086,46,6.0,7,3.0
2019,SEA,16,5,12,0.717391304347826,46,5.25,7,3.0
2019,SEA,17,7,13,0.7391304347826086,46,7.0,9,4.0
2019,SEA,18,5,10,0.7608695652173914,46,6.25,8,4.0
2019,SEA,19,5,9,0.6956521739130435,46,6.5,8,4.0
2019,SF,1,10,15,0.7924528301886793,53,5.75,8,2.0
2019,SF,2,10,15,0.7735849056603774,53,5.75,8,2.0
2019,SF,3,10,15,0.7547169811320755,53,5.75,8,2.0
2019,SF,5,8,13,0.7391304347826086,46,4.75,6,2.0
2019,SF,6,7,12,0.717391304347826,46,3.75,5,2.0
2019,SF,7,7,12,0.717391304347826,46,3.75,5,2.0
2019,SF,8,7,12,0.717391304347826,46,4.5,6,2.0
2019,SF,9,7,12,0.717391304347826,46,4.5,6,2.0
2019,SF,10,9,14,0.717391304347826,46,4.5,6,1.0
2019,SF,11,8,13,0.7391304347826086,46,3.5,5,1.0
2019,SF,12,7,12,0.717391304347826,46,4.5,5,1.0
2019,SF,13,7,11,0.6956521739130435,46,5.5,5,1.0
2019,SF,14,9,12,0.6956521739130435,46,6.5,7,2.0
2019,SF,15,8,11,0.6956521739130435,46,5.75,5,1.0
2019,SF,16,8,11,0.717391304347826,46,6.5,6,1.0
2019,SF,17,8,11,0.717391304347826,46,6.5,6,1.0
2019,SF,19,9,13,0.7608695652173914,46,6.5,8,2.0
2019,SF,20,9,13,0.7608695652173914,46,6.5,8,2.0
2019,SF,21,9,12,0.7391304347826086,46,6.5,8,2.0
2019,TB,1,10,19,0.7547169811320755,53,4.0,5,0.0
2019,TB,2,10,18,0.7169811320754716,53,4.0,5,0.0
2019,TB,3,10,18,0.7169811320754716,53,4.0,5,0.0
2019,TB,4,9,17,0.7169811320754716,53,4.0,5,0.0
2019,TB,5,8,16,0.7391304347826086,46,4.0,5,0.0
2019,TB,6,7,15,0.7391304347826086,46,3.0,5,0.0
2019,TB,8,8,15,0.717391304347826,46,4.5,5,1.0
2019,TB,9,8,15,0.717391304347826,46,4.5,5,1.0
2019,TB,10,9,16,0.7391304347826086,46,4.5,4,1.0
2019,TB,11,8,15,0.717391304347826,46,4.5,5,1.0
2019,TB,12,8,15,0.7391304347826086,46,4.5,5,1.0
2019,TB,13,8,15,0.717391304347826,46,4.5,5,1.0
2019,TB,14,8,16,0.6956521739130435,46,4.5,5,1.0
2019,TB,15,7,13,0.6739130434782609,46,3.5,4,1.0
2019,TB,16,7,15,0.6521739130434783,46,3.5,4,1.0
2019,TB,17,7,15,0.6521739130434783,46,3.5,4,1.0
2019,TEN,1,7,13,0.6481481481481481,54,9.25,6,2.0
2019,TEN,2,7,13,0.6792452830188679,53,9.25,6,2.0
2019,TEN,3,7,13,0.6792452830188679,53,9.25,6,2.0
2019,TEN,4,7,13,0.6792452830188679,53,9.25,6,2.0
2019,TEN,5,8,14,0.6956521739130435,46,9.25,6,3.0
2019,TEN,6,8,14,0.7391304347826086,46,9.25,7,3.0
2019,TEN,7,9,15,0.717391304347826,46,10.25,8,3.0
2019,TEN,8,8,14,0.6956521739130435,46,9.5,7,3.0
2019,TEN,9,9,15,0.6956521739130435,46,9.0,5,2.0
2019,TEN,10,8,14,0.6521739130434783,46,8.0,4,2.0
2019,TEN,12,9,15,0.717391304347826,46,8.5,5,3.0
2019,TEN,13,9,15,0.6956521739130435,46,7.5,4,3.0
2019,TEN,14,8,14,0.6956521739130435,46,7.5,4,3.0
2019,TEN,15,8,14,0.7391304347826086,46,7.5,4,3.0
2019,TEN,16,7,12,0.6956521739130435,46,6.5,4,2.0
2019,TEN,17,8,14,0.717391304347826,46,7.5,4,3.0
2019,TEN,18,9,15,0.717391304347826,46,7.5,4,3.0
2019,TEN,19,9,15,0.6956521739130435,46,7.5,4,3.0
2019,TEN,20,9,15,0.717391304347826,46,7.5,4,3.0
2019,WAS,1,10,15,0.8333333333333334,54,6.0,8,0.0
2019,WAS,2,10,14,0.8301886792452831,53,6.0,8,0.0
2019,WAS,3,9,14,0.8301886792452831,53,5.0,7,0.0
2019,WAS,4,8,13,0.8260869565217391,46,5.0,5,0.0
2019,WAS,5,7,12,0.8043478260869565,46,4.5,5,0.0
2019,WAS,6,8,13,0.8043478260869565,46,4.5,6,0.0
2019,WAS,7,8,13,0.8043478260869565,46,3.75,5,0.0
2019,WAS,8,8,13,0.8043478260869565,46,4.5,6,0.0
2019,WAS,9,8,13,0.8260869565217391,46,4.5,6,0.0
2019,WAS,11,8,13,0.8043478260869565,46,4.5,6,0.0
2019,WAS,12,7,12,0.782608695652174,46,4.5,6,0.0
2019,WAS,13,7,12,0.782608695652174,46,3.5,5,0.0
2019,WAS,14,8,13,0.782608695652174,46,4.5,6,0.0
2019,WAS,15,6,10,0.717391304347826,46,3.5,4,0.0
2019,WAS,16,6,10,0.717391304347826,46,3.5,4,0.0
2019,WAS,17,5,8,0.6304347826086957,46,1.75,2,0.0
2020,ARI,1,10,16,0.75,48,5.75,5,5.0
2020,ARI,2,10,15,0.7291666666666666,48,5.75,5,5.0
2020,ARI,3,10,14,0.7291666666666666,48,5.75,5,5.0
2020,ARI,4,10,14,0.7291666666666666,48,4.25,4,4.0
2020,ARI,5,10,15,0.7291666666666666,48,5.25,5,5.0
2020,ARI,6,9,14,0.6875,48,4.75,4,4.0
2020,ARI,7,9,14,0.6875,48,4.75,4,4.0
2020,ARI,9,8,14,0.6666666666666666,48,4.25,4,4.0
2020,ARI,10,10,16,0.7083333333333334,48,5.5,4,4.0
2020,ARI,11,10,16,0.7346938775510204,49,5.5,4,4.0
2020,ARI,12,9,15,0.75,48,4.75,3,3.0
2020,ARI,13,9,15,0.75,48,4.75,3,3.0
2020,ARI,14,9,16,0.7708333333333334,48,4.75,4,4.0
2020,ARI,15,8,14,0.7083333333333334,48,4.75,4,4.0
2020,ARI,16,9,14,0.7291666666666666,48,4.75,4,4.0
2020,ARI,17,8,14,0.75,48,4.0,3,3.0
2020,ATL,1,15,17,0.75,48,6.0,8,3.0
2020,ATL,2,15,17,0.75,48,6.0,8,3.0
2020,ATL,3,12,15,0.6875,48,5.0,7,2.0
2020,ATL,4,12,15,0.7083333333333334,48,6.0,7,3.0
2020,ATL,5,14,17,0.7291666666666666,48,5.0,7,2.0
2020,ATL,6,14,16,0.723404255319149,47,6.0,8,3.0
2020,ATL,7,15,17,0.7083333333333334,48,6.0,8,3.0
2020,ATL,8,14,16,0.7291666666666666,48,6.0,8,3.0
2020,ATL,9,13,15,0.7291666666666666,48,6.0,8,3.0
2020,ATL,11,14,17,0.75,48,6.0,8,3.0
2020,ATL,12,13,16,0.7291666666666666,48,4.0,6,1.0
2020,ATL,13,15,18,0.75,48,6.0,8,3.0
2020,ATL,14,12,16,0.7083333333333334,48,5.0,7,2.0
2020,ATL,15,14,16,0.7291666666666666,48,5.0,7,2.0
2020,ATL,16,12,14,0.7083333333333334,48,4.0,6,2.0
2020,ATL,17,13,16,0.7291666666666666,48,4.0,6,2.0
2020,BAL,1,10,16,0.7708333333333334,48,7.75,14,5.0
2020,BAL,2,10,16,0.7708333333333334,48,7.75,14,5.0
2020,BAL,3,10,16,0.7291666666666666,48,7.75,14,5.0
2020,BAL,4,9,14,0.75,48,6.75,13,4.0
2020,BAL,5,10,17,0.75,48,7.75,14,5.0
2020,BAL,6,10,16,0.7708333333333334,48,7.75,13,5.0
2020,BAL,8,9,14,0.7291666666666666,48,7.75,14,5.0
2020,BAL,9,8,13,0.7291666666666666,48,6.25,13,3.0
2020,BAL,10,8,12,0.7291666666666666,48,6.25,13,3.0
2020,BAL,11,10,14,0.7291666666666666,48,6.75,13,3.0
2020,BAL,12,8,11,0.6326530612244898,49,4.75,7,2.0
2020,BAL,13,8,14,0.7708333333333334,48,6.25,13,4.0
2020,BAL,14,8,14,0.75,48,6.75,14,4.0
2020,BAL,15,6,10,0.7291666666666666,48,5.75,12,2.0
2020,BAL,16,6,12,0.7083333333333334,48,6.75,13,3.0
2020,BAL,17,8,14,0.7083333333333334,48,7.0,13,4.0
2020,BAL,18,8,14,0.6875,48,7.75,14,4.0
2020,BAL,19,8,14,0.6875,48,7.75,14,4.0
2020,BUF,1,5,9,0.7083333333333334,48,5.25,4,2.0
2020,BUF,2,5,10,0.7291666666666666,48,5.25,3,2.0
2020,BUF,3,6,12,0.7291666666666666,48,5.25,4,2.0
2020,BUF,4,6,12,0.7708333333333334,48,6.0,5,2.0
2020,BUF,5,5,11,0.75,48,5.0,4,1.0
2020,BUF,6,6,10,0.7083333333333334,48,6.0,5,2.0
2020,BUF,7,6,10,0.7083333333333334,48,5.25,4,2.0
2020,BUF,8,5,8,0.7291666666666666,48,4.25,3,2.0
2020,BUF,9,6,10,0.7291666666666666,48,4.5,4,2.0
2020,BUF,10,7,11,0.7708333333333334,48,4.5,4,2.0
2020,BUF,12,7,10,0.75,48,6.0,5,2.0
2020,BUF,13,6,9,0.75,48,6.0,5,2.0
2020,BUF,14,6,9,0.7291666666666666,48,6.0,5,2.0
2020,BUF,15,6,9,0.7291666666666666,48,6.0,5,2.0
2020,BUF,16,6,9,0.7708333333333334,48,6.0,5,2.0
2020,BUF,17,4,8,0.7659574468085106,47,4.25,4,1.0
2020,BUF,18,6,9,0.7708333333333334,48,6.0,5,2.0
2020,BUF,19,6,11,0.7708333333333334,48,6.0,5,2.0
2020,BUF,20,6,10,0.7708333333333334,48,6.0,5,2.0
2020,CAR,1,7,14,0.6875,48,3.5,5,1.0
2020,CAR,2,7,12,0.625,48,2.5,4,1.0
2020,CAR,3,5,11,0.625,48,1.0,2,0.0
2020,CAR,4,6,13,0.625,48,2.0,3,0.0
2020,CAR,5,6,13,0.6458333333333334,48,2.5,4,0.0
2020,CAR,6,6,10,0.6041666666666666,48,1.5,3,0.0
2020,CAR,7,7,12,0.5833333333333334,48,1.5,3,0.0
2020,CAR,8,5,10,0.6041666666666666,48,1.0,2,0.0
2020,CAR,9,6,11,0.6458333333333334,48,2.0,3,1.0
2020,CAR,10,5,11,0.6041666666666666,48,1.0,2,0.0
2020,CAR,11,4,9,0.625,48,1.0,1,0.0
2020,CAR,12,6,10,0.625,48,1.5,3,0.0
2020,CAR,14,5,10,0.5833333333333334,48,1.5,3,0.0
2020,CAR,15,5,10,0.6041666666666666,48,1.0,2,0.0
2020,CAR,16,5,10,0.6041666666666666,48,1.0,2,0.0
2020,CAR,17,4,9,0.5833333333333334,48,1.0,2,0.0
2020,CHI,1,8,15,0.7708333333333334,48,6.5,11,2.0
2020,CHI,2,8,16,0.7916666666666666,48,7.0,11,2.0
2020,CHI,3,9,17,0.7708333333333334,48,7.0,11,2.0
2020,CHI,4,9,17,0.7708333333333334,48,6.0,10,2.0
2020,CHI,5,9,17,0.75,48,6.0,10,2.0
2020,CHI,6,9,16,0.7291666666666666,48,6.0,10,2.0
2020,CHI,7,9,16,0.75,48,6.0,10,2.0
2020,CHI,8,8,14,0.75,48,6.75,10,2.0
2020,CHI,9,7,12,0.6875,48,6.75,9,2.0
2020,CHI,10,7,14,0.75,48,6.75,11,2.0
2020,CHI,12,8,15,0.7083333333333334,48,5.0,9,2.0
2020,CHI,13,8,15,0.7708333333333334,48,6.0,10,2.0
2020,CHI,14,8,15,0.7708333333333334,48,6.0,10,2.0
2020,CHI,15,8,14,0.7708333333333334,48,6.0,10,2.0
2020,CHI,16,8,14,0.75,48,6.0,10,2.0
2020,CHI,17,8,14,0.7291666666666666,48,6.0,10,2.0
2020,CHI,18,7,14,0.7291666666666666,48,6.0,10,2.0
2020,CIN,1,5,15,0.8,55,2.25,4,0.0
2020,CIN,2,5,14,0.7708333333333334,48,1.25,2,0.0
2020,CIN,3,4,13,0.8125,48,1.25,3,0.0
2020,CIN,4,4,12,0.7708333333333334,48,1.25,2,0.0
2020,CIN,5,4,12,0.7916666666666666,48,2.25,3,0.0
2020,CIN,6,5,14,0.7916666666666666,48,2.25,3,0.0
2020,CIN,7,3,12,0.7916666666666666,48,2.25,4,0.0
2020,CIN,8,4,12,0.7659574468085106,47,2.25,3,0.0
2020,CIN,10,4,11,0.7291666666666666,48,1.25,2,0.0
2020,CIN,11,4,12,0.7708333333333334,48,2.25,3,0.0
2020,CIN,12,3,11,0.7708333333333334,48,2.25,3,0.0
2020,CIN,13,3,12,0.8125,48,2.25,3,0.0
2020,CIN,14,3,12,0.7708333333333334,48,2.25,3,0.0
2020,CIN,15,3,12,0.7708333333333334,48,1.25,2,0.0
2020,CIN,16,3,11,0.7291666666666666,48,1.25,2,0.0
2020,CIN,17,2,10,0.7291666666666666,48,1.25,1,0.0
2020,CLE,1,10,14,0.7083333333333334,48,7.5,9,4.0
2020,CLE,2,9,13,0.6458333333333334,48,6.75,8,4.0
2020,CLE,3,10,14,0.6666666666666666,48,6.75,8,4.0
2020,CLE,4,9,13,0.7083333333333334,48,7.5,9,4.0
2020,CLE,5,10,13,0.7291666666666666,48,6.5,8,3.0
2020,CLE,6,10,13,0.6458333333333334,48,6.5,8,3.0
2020,CLE,7,11,14,0.6666666666666666,48,6.5,7,3.0
2020,CLE,8,10,13,0.6666666666666666,48,5.75,6,2.0
2020,CLE,10,10,14,0.7291666666666666,48,6.75,8,3.0
2020,CLE,11,9,13,0.7083333333333334,48,5.75,7,2.0
2020,CLE,12,8,12,0.6666666666666666,48,5.75,6,2.0
2020,CLE,13,9,13,0.7083333333333334,48,6.75,7,3.0
2020,CLE,14,9,13,0.6875,48,6.75,6,3.0
2020,CLE,15,10,14,0.7083333333333334,48,6.75,8,3.0
2020,CLE,16,9,12,0.6170212765957447,47,6.0,7,2.0
2020,CLE,17,8,12,0.625,48,6.75,7,3.0
2020,CLE,18,8,11,0.6458333333333334,48,5.0,5,3.0
2020,CLE,19,10,14,0.7083333333333334,48,6.0,7,3.0
2020,DAL,1,9,16,0.7708333333333334,48,8.0,11,6.0
2020,DAL,2,6,13,0.7291666666666666,48,6.0,9,5.0
2020,DAL,3,6,12,0.6875,48,6.0,9,5.0
2020,DAL,4,7,13,0.7083333333333334,48,7.0,10,6.0
2020,DAL,5,6,12,0.7083333333333334,48,6.0,9,5.0
2020,DAL,6,7,12,0.7083333333333334,48,7.0,9,4.0
2020,DAL,7,7,13,0.7142857142857143,49,6.0,8,3.0
2020,DAL,8,7,13,0.7142857142857143,49,6.25,8,4.0
2020,DAL,9,7,13,0.6875,48,6.25,8,4.0
2020,DAL,11,7,14,0.6875,48,6.25,9,4.0
2020,DAL,12,7,14,0.6666666666666666,48,6.25,9,4.0
2020,DAL,13,5,12,0.6666666666666666,48,5.25,8,3.0
2020,DAL,14,5,11,0.6458333333333334,48,5.25,8,3.0
2020,DAL,15,4,12,0.7083333333333334,48,4.25,7,2.0
2020,DAL,16,4,12,0.6875,48,4.25,7,3.0
2020,DAL,17,4,12,0.6666666666666666,48,4.25,7,3.0
2020,DEN,1,6,11,0.5833333333333334,48,4.5,3,1.0
2020,DEN,2,6,13,0.6041666666666666,48,3.5,3,1.0
2020,DEN,3,6,10,0.5306122448979592,49,3.5,2,1.0
2020,DEN,4,6,10,0.5625,48,3.0,1,0.0
2020,DEN,5,7,13,0.6226415094339622,53,4.0,2,0.0
2020,DEN,6,5,9,0.5416666666666666,48,4.0,1,0.0
2020,DEN,7,6,11,0.6041666666666666,48,4.0,2,0.0
2020,DEN,8,7,13,0.5833333333333334,48,4.0,2,0.0
2020,DEN,9,7,13,0.6041666666666666,48,4.0,2,0.0
2020,DEN,10,7,13,0.5625,48,4.0,2,0.0
2020,DEN,11,7,12,0.5416666666666666,48,4.0,2,0.0
2020,DEN,12,7,12,0.5416666666666666,48,4.0,2,0.0
2020,DEN,13,7,13,0.5625,48,4.0,2,0.0
2020,DEN,14,5,11,0.5531914893617021,47,4.0,2,0.0
2020,DEN,15,6,11,0.5833333333333334,48,3.0,2,0.0
2020,DEN,16,5,10,0.5833333333333334,48,2.0,1,0.0
2020,DEN,17,6,10,0.5833333333333334,48,2.0,1,0.0
2020,DET,1,8,13,0.7291666666666666,48,5.0,5,0.0
2020,DET,2,8,13,0.6875,48,4.5,4,0.0
2020,DET,3,8,13,0.7291666666666666,48,4.5,5,0.0
2020,DET,4,9,14,0.75,48,5.0,6,0.0
2020,DET,6,8,13,0.75,48,4.5,5,0.0
2020,DET,7,8,13,0.7291666666666666,48,4.5,5,0.0
2020,DET,8,8,13,0.7291666666666666,48,4.5,5,0.0
2020,DET,9,8,13,0.7083333333333334,48,4.0,6,0.0
2020,DET,10,8,13,0.6875,48,4.0,6,0.0
2020,DET,11,9,13,0.7291666666666666,48,5.0,6,0.0
2020,DET,12,8,12,0.7083333333333334,48,5.0,6,0.0
2020,DET,13,6,10,0.6666666666666666,48,4.5,5,0.0
2020,DET,14,6,11,0.6875,48,3.5,4,0.0
2020,DET,15,5,10,0.625,48,3.5,4,0.0
2020,DET,16,5,9,0.625,48,3.75,4,0.0
2020,DET,17,7,11,0.6458333333333334,48,3.75,4,0.0
2020,GB,1,7,13,0.75,56,5.0,5,5.0
2020,GB,2,5,11,0.75,48,5.0,4,5.0
2020,GB,3,5,10,0.75,48,5.0,3,4.0
2020,GB,4,3,8,0.7083333333333334,48,4.5,3,4.0
2020,GB,6,6,11,0.75,48,5.0,5,5.0
2020,GB,7,5,10,0.7291666666666666,48,4.0,4,4.0
2020,GB,8,6,11,0.7446808510638298,47,4.0,4,4.0
2020,GB,9,6,10,0.6666666666666666,48,4.0,4,4.0
2020,GB,10,5,9,0.75,48,5.0,5,5.0
2020,GB,11,6,11,0.75,48,5.0,5,5.0
2020,GB,12,7,11,0.7551020408163265,49,5.0,5,5.0
2020,GB,13,6,10,0.7291666666666666,48,5.0,5,5.0
2020,GB,14,7,13,0.7291666666666666,48,5.0,5,5.0
2020,GB,15,7,12,0.7083333333333334,48,5.0,5,5.0
2020,GB,16,7,13,0.7291666666666666,48,5.0,5,5.0
2020,GB,17,7,12,0.6875,48,4.75,4,4.0
2020,GB,19,7,12,0.6875,48,4.75,4,4.0
2020,GB,20,7,12,0.6666666666666666,48,5.25,4,4.0
2020,HOU,1,9,17,0.75,48,5.5,6,4.0
2020,HOU,2,9,17,0.75,48,5.5,6,4.0
2020,HOU,3,9,16,0.7291666666666666,48,5.5,6,4.0
2020,HOU,4,9,17,0.75,48,5.5,6,4.0
2020,HOU,5,9,16,0.7291666666666666,48,4.75,5,4.0
2020,HOU,6,9,16,0.75,48,4.75,5,4.0
2020,HOU,7,9,16,0.75,48,4.75,5,4.0
2020,HOU,9,8,14,0.7291666666666666,48,4.0,5,4.0
2020,HOU,10,10,17,0.7291666666666666,48,4.0,4,4.0
2020,HOU,11,8,15,0.75,48,2.0,2,2.0
2020,HOU,12,10,15,0.75,48,2.5,3,3.0
2020,HOU,13,8,13,0.75,48,3.25,4,3.0
2020,HOU,14,7,12,0.7291666666666666,48,2.5,3,3.0
2020,HOU,15,8,13,0.6875,48,3.25,4,3.0
2020,HOU,16,5,10,0.6458333333333334,48,1.75,4,3.0
2020,HOU,17,4,9,0.6458333333333334,48,0.75,3,2.0
2020,IND,1,7,16,0.7708333333333334,48,6.25,8,3.0
2020,IND,2,7,16,0.7407407407407407,54,6.25,8,3.0
2020,IND,3,6,13,0.75,48,7.25,8,3.0
2020,IND,4,6,13,0.7291666666666666,48,7.75,8,3.0
2020,IND,5,5,11,0.7083333333333334,48,5.75,7,2.0
2020,IND,6,6,12,0.6875,48,6.75,7,2.0
2020,IND,8,6,14,0.7291666666666666,48,6.75,8,3.0
2020,IND,9,6,12,0.7291666666666666,48,7.75,8,3.0
2020,IND,10,6,13,0.7291666666666666,48,6.75,7,3.0
2020,IND,11,6,13,0.75,48,7.75,8,3.0
2020,IND,12,4,11,0.7083333333333334,48,6.75,6,2.0
2020,IND,13,5,13,0.7083333333333334,48,6.75,8,3.0
2020,IND,14,6,14,0.7291666666666666,48,6.75,8,3.0
2020,IND,15,6,15,0.7291666666666666,48,6.75,8,3.0
2020,IND,16,5,13,0.7083333333333334,48,6.75,8,3.0
2020,IND,17,5,12,0.7291666666666666,48,6.75,8,3.0
2020,IND,18,5,12,0.7083333333333334,48,6.75,8,3.0
2020,JAX,1,6,14,0.7291666666666666,48,2.5,4,0.0
2020,JAX,2,6,15,0.75,48,2.5,4,0.0
2020,JAX,3,6,14,0.75,48,1.5,3,0.0
2020,JAX,4,6,14,0.7083333333333334,48,2.5,5,0.0
2020,JAX,5,3,10,0.7083333333333334,48,2.0,3,0.0
2020,JAX,6,4,14,0.7708333333333334,48,1.5,3,0.0
2020,JAX,7,4,12,0.723404255319149,47,2.5,3,0.0
2020,JAX,9,5,14,0.6666666666666666,48,2.0,4,0.0
2020,JAX,10,5,12,0.6666666666666666,48,1.0,4,0.0
2020,JAX,11,5,11,0.625,48,1.0,4,0.0
2020,JAX,12,3,9,0.5625,48,1.0,3,0.0
2020,JAX,13,3,10,0.5833333333333334,48,0.0,3,0.0
2020,JAX,14,3,11,0.5833333333333334,48,1.0,4,0.0
2020,JAX,15,3,10,0.5625,48,2.0,4,0.0
2020,JAX,16,3,10,0.5416666666666666,48,3.0,5,0.0
2020,JAX,17,3,9,0.5625,48,2.0,3,0.0
2020,KC,1,4,13,0.7083333333333334,48,8.5,10,5.0
2020,KC,2,5,14,0.660377358490566,53,8.5,10,5.0
2020,KC,3,5,14,0.6875,48,8.5,10,5.0
2020,KC,4,5,13,0.6875,48,7.5,9,5.0
2020,KC,5,5,14,0.7083333333333334,48,8.5,10,5.0
2020,KC,6,4,12,0.6458333333333334,48,7.0,8,5.0
2020,KC,7,3,11,0.6458333333333334,48,7.0,9,5.0
2020,KC,8,4,12,0.6666666666666666,48,7.0,9,5.0
2020,KC,9,4,12,0.6458333333333334,48,7.5,10,5.0
2020,KC,11,3,11,0.6458333333333334,48,7.5,10,5.0
2020,KC,12,4,12,0.6875,48,7.5,10,5.0
2020,KC,13,4,13,0.6666666666666666,48,7.5,10,5.0
2020,KC,14,4,13,0.6458333333333334,48,7.5,10,5.0
2020,KC,15,5,14,0.6666666666666666,48,7.5,10,5.0
2020,KC,16,3,12,0.6041666666666666,48,7.5,10,5.0
2020,KC,17,2,11,0.625,48,4.5,7,2.0
2020,KC,19,2,10,0.625,48,7.5,10,5.0
2020,KC,20,3,10,0.6458333333333334,48,6.5,9,5.0
2020,KC,21,3,11,0.6458333333333334,48,7.5,9,5.0
2020,LA,1,5,13,0.7291666666666666,48,4.0,6,3.0
2020,LA,2,5,13,0.7291666666666666,48,4.0,6,3.0
2020,LA,3,5,12,0.7291666666666666,48,4.0,6,3.0
2020,LA,4,5,12,0.7083333333333334,48,4.0,6,3.0
2020,LA,5,5,13,0.7291666666666666,48,4.0,6,3.0
2020,LA,6,5,13,0.7083333333333334,48,4.0,6,3.0
2020,LA,7,5,13,0.7291666666666666,48,4.0,6,3.0
2020,LA,8,5,13,0.6666666666666666,48,4.0,6,3.0
2020,LA,10,5,14,0.7083333333333334,48,4.0,6,3.0
2020,LA,11,5,12,0.7083333333333334,48,3.0,5,3.0
2020,LA,12,5,12,0.6875,48,3.0,5,3.0
2020,LA,13,5,12,0.6875,48,3.0,5,3.0
2020,LA,14,5,12,0.7083333333333334,48,3.0,5,3.0
2020,LA,15,5,12,0.6875,48,3.0,5,3.0
2020,LA,16,5,11,0.6875,48,3.0,5,3.0
2020,LA,17,4,11,0.6875,48,3.0,4,2.0
2020,LA,18,5,13,0.7083333333333334,48,4.0,6,3.0
2020,LA,19,6,14,0.7083333333333334,48,4.0,6,2.0
2020,LAC,1,8,15,0.6909090909090909,55,8.0,9,2.0
2020,LAC,2,7,14,0.6666666666666666,54,8.0,8,2.0
2020,LAC,3,6,13,0.6458333333333334,48,8.0,5,2.0
2020,LAC,4,4,11,0.6458333333333334,48,6.75,4,2.0
2020,LAC,5,5,12,0.6458333333333334,48,5.75,4,2.0
2020,LAC,7,6,13,0.6595744680851063,47,5.75,5,2.0
2020,LAC,8,7,14,0.6875,48,5.25,5,2.0
2020,LAC,9,6,13,0.7083333333333334,48,4.25,5,1.0
2020,LAC,10,6,13,0.7083333333333334,48,4.25,6,1.0
2020,LAC,11,7,14,0.6875,48,5.25,7,2.0
2020,LAC,12,6,11,0.6041666666666666,48,6.0,6,2.0
2020,LAC,13,6,12,0.6041666666666666,48,7.0,7,2.0
2020,LAC,14,6,12,0.6458333333333334,48,7.0,7,2.0
2020,LAC,15,5,10,0.6041666666666666,48,6.5,7,2.0
2020,LAC,16,5,10,0.5833333333333334,48,4.0,5,0.0
2020,LAC,17,4,8,0.5416666666666666,48,2.5,4,0.0
2020,LV,1,7,14,0.75,48,4.75,6,2.0
2020,LV,2,7,14,0.7142857142857143,49,4.75,5,2.0
2020,LV,3,6,13,0.7083333333333334,48,4.0,4,2.0
2020,LV,4,5,12,0.7291666666666666,48,4.0,4,2.0
2020,LV,5,7,14,0.7291666666666666,48,4.0,5,2.0
2020,LV,7,5,12,0.7083333333333334,48,4.0,4,2.0
2020,LV,8,6,13,0.7291666666666666,48,4.0,4,2.0
2020,LV,9,5,12,0.6875,48,4.0,4,2.0
2020,LV,10,6,13,0.6875,48,3.0,3,2.0
2020,LV,11,6,12,0.6875,48,2.0,3,2.0
2020,LV,12,6,12,0.7291666666666666,48,3.0,4,2.0
2020,LV,13,7,14,0.6875,48,4.75,5,1.0
2020,LV,14,8,15,0.7291666666666666,48,4.75,6,2.0
2020,LV,15,5,12,0.75,48,4.75,6,2.0
2020,LV,16,8,15,0.75,48,4.75,6,2.0
2020,LV,17,8,15,0.7291666666666666,48,4.75,5,2.0
2020,MIA,1,8,16,0.8125,48,2.0,3,0.0
2020,MIA,2,8,16,0.8125,48,2.0,3,0.0
2020,MIA,3,7,15,0.7916666666666666,48,1.0,2,0.0
2020,MIA,4,7,15,0.8125,48,1.0,2,0.0
2020,MIA,5,6,14,0.7708333333333334,48,2.0,2,0.0
2020,MIA,6,7,14,0.7708333333333334,48,2.0,2,0.0
2020,MIA,8,7,15,0.7708333333333334,48,2.0,2,0.0
2020,MIA,9,8,16,0.8125,48,2.0,3,0.0
2020,MIA,10,7,15,0.7916666666666666,48,2.0,2,0.0
2020,MIA,11,7,15,0.7708333333333334,48,2.0,2,0.0
2020,MIA,12,7,15,0.7916666666666666,48,2.0,2,0.0
2020,MIA,13,8,16,0.8333333333333334,48,2.0,2,0.0
2020,MIA,14,7,14,0.7916666666666666,48,2.0,2,0.0
2020,MIA,15,6,13,0.75,48,2.0,2,0.0
2020,MIA,16,6,14,0.7708333333333334,48,2.0,2,0.0
2020,MIA,17,8,16,0.75,48,2.0,2,0.0
2020,MIN,1,7,14,0.7222222222222222,54,6.5,9,4.0
2020,MIN,2,7,14,0.7222222222222222,54,6.5,9,4.0
2020,MIN,3,5,12,0.6666666666666666,48,5.75,8,4.0
2020,MIN,4,5,12,0.6875,48,5.75,8,4.0
2020,MIN,5,6,13,0.7291666666666666,48,5.75,8,4.0
2020,MIN,6,6,12,0.7291666666666666,48,4.75,7,3.0
2020,MIN,8,5,12,0.7083333333333334,48,5.75,7,4.0
2020,MIN,9,5,12,0.6666666666666666,48,5.75,7,4.0
2020,MIN,10,5,11,0.625,48,5.75,7,4.0
2020,MIN,11,5,11,0.6666666666666666,48,5.75,7,4.0
2020,MIN,12,5,10,0.6666666666666666,48,4.75,6,4.0
2020,MIN,13,5,11,0.6458333333333334,48,5.75,7,4.0
2020,MIN,14,5,10,0.6458333333333334,48,4.75,5,3.0
2020,MIN,15,5,10,0.6458333333333334,48,4.75,5,3.0
2020,MIN,16,5,10,0.6041666666666666,48,4.75,5,3.0
2020,MIN,17,4,8,0.5833333333333334,48,3.75,4,2.0
2020,NE,1,6,8,0.7291666666666666,48,8.5,6,1.0
2020,NE,2,6,8,0.7291666666666666,48,8.5,6,1.0
2020,NE,3,6,8,0.7083333333333334,48,8.5,6,1.0
2020,NE,4,4,6,0.75,48,6.0,5,1.0
2020,NE,5,3,5,0.74,50,6.0,4,0.0
2020,NE,6,5,7,0.75,48,6.75,6,1.0
2020,NE,7,5,6,0.75,48,7.75,6,1.0
2020,NE,8,3,5,0.6666666666666666,48,7.5,5,0.0
2020,NE,9,3,6,0.6666666666666666,48,7.5,5,0.0
2020,NE,10,4,7,0.7083333333333334,48,7.5,5,0.0
2020,NE,11,5,8,0.7291666666666666,48,8.5,6,1.0
2020,NE,12,5,8,0.7083333333333334,48,8.5,6,1.0
2020,NE,13,5,8,0.7083333333333334,48,8.5,6,1.0
2020,NE,14,5,8,0.7083333333333334,48,8.5,6,1.0
2020,NE,15,5,7,0.6875,48,8.5,6,1.0
2020,NE,16,4,7,0.6666666666666666,48,7.5,5,0.0
2020,NE,17,4,6,0.7083333333333334,48,6.5,5,0.0
2020,NO,1,9,16,0.673469387755102,49,15.75,15,6.0
2020,NO,2,10,15,0.6875,48,14.75,14,6.0
2020,NO,3,10,15,0.6666666666666666,48,14.75,14,6.0
2020,NO,4,8,13,0.6458333333333334,48,13.0,10,5.0
2020,NO,5,11,15,0.6666666666666666,48,13.0,12,6.0
2020,NO,7,11,15,0.6875,48,14.25,13,6.0
2020,NO,8,11,15,0.6875,48,14.25,13,6.0
2020,NO,9,10,16,0.7083333333333334,48,15.75,15,6.0
2020,NO,10,10,16,0.7291666666666666,48,15.75,16,6.0
2020,NO,11,9,14,0.7083333333333334,48,13.75,14,4.0
2020,NO,12,9,14,0.7083333333333334,48,12.75,12,5.0
2020,NO,13,10,14,0.7083333333333334,48,12.0,12,5.0
2020,NO,14,9,14,0.6875,48,12.75,14,5.0
2020,NO,15,9,14,0.6938775510204082,49,12.75,14,6.0
2020,NO,16,8,12,0.625,48,11.75,13,6.0
2020,NO,17,10,13,0.5416666666666666,48,10.0,11,5.0
2020,NO,18,11,16,0.6875,48,15.75,15,6.0
2020,NO,19,10,16,0.7083333333333334,48,14.0,14,6.0
2020,NYG,1,8,14,0.8125,48,3.5,4,2.0
2020,NYG,2,8,15,0.8333333333333334,48,4.0,4,2.0
2020,NYG,3,7,13,0.8333333333333334,48,3.75,4,1.0
2020,NYG,4,6,12,0.8125,48,3.75,4,1.0
2020,NYG,5,7,13,0.8333333333333334,48,3.75,4,1.0
2020,NYG,6,7,13,0.7916666666666666,48,3.75,4,1.0
2020,NYG,7,7,14,0.7916666666666666,48,3.75,4,1.0
2020,NYG,8,7,13,0.7916666666666666,48,3.5,3,1.0
2020,NYG,9,7,12,0.7708333333333334,48,3.0,3,1.0
2020,NYG,10,7,14,0.7916666666666666,48,3.5,3,1.0
2020,NYG,12,7,15,0.8125,48,3.5,3,1.0
2020,NYG,13,6,14,0.8125,48,3.5,3,1.0
2020,NYG,14,7,15,0.7916666666666666,48,3.5,3,1.0
2020,NYG,15,6,14,0.8125,48,3.5,3,1.0
2020,NYG,16,7,15,0.8541666666666666,48,3.0,3,1.0
2020,NYG,17,7,15,0.8541666666666666,48,3.0,3,1.0
2020,NYJ,1,4,7,0.6458333333333334,48,2.25,1,0.0
2020,NYJ,2,5,7,0.6458333333333334,48,1.25,0,0.0
2020,NYJ,3,4,5,0.6458333333333334,48,1.25,0,0.0
2020,NYJ,4,5,6,0.5833333333333334,48,2.0,0,0.0
2020,NYJ,5,2,5,0.5833333333333334,48,2.25,1,0.0
2020,NYJ,6,3,4,0.5833333333333334,48,1.25,0,0.0
2020,NYJ,7,5,7,0.6326530612244898,49,0.5,0,0.0
2020,NYJ,8,4,7,0.6666666666666666,48,0.5,0,0.0
2020,NYJ,9,3,5,0.6666666666666666,48,1.25,0,0.0
2020,NYJ,11,4,6,0.6458333333333334,48,1.25,0,0.0
2020,NYJ,12,5,7,0.6458333333333334,48,1.25,0,0.0
2020,NYJ,13,5,7,0.625,48,1.25,0,0.0
2020,NYJ,14,5,6,0.625,48,1.25,0,0.0
2020,NYJ,15,5,7,0.6041666666666666,48,1.25,0,0.0
2020,NYJ,16,4,6,0.6041666666666666,48,1.25,0,0.0
2020,NYJ,17,4,6,0.5833333333333334,48,0.75,0,0.0
2020,PHI,1,4,10,0.7083333333333334,48,7.75,8,4.0
2020,PHI,2,6,13,0.75,48,8.75,9,4.0
2020,PHI,3,5,12,0.6875,48,8.75,9,4.0
2020,PHI,4,5,9,0.6875,48,7.75,8,4.0
2020,PHI,5,5,10,0.7021276595744681,47,7.75,8,4.0
2020,PHI,6,4,10,0.6875,48,6.75,7,4.0
2020,PHI,7,5,10,0.717391304347826,46,6.25,6,3.0
2020,PHI,8,5,10,0.6666666666666666,48,6.25,7,3.0
2020,PHI,10,6,12,0.6875,48,7.25,8,3.0
2020,PHI,11,6,11,0.6875,48,7.25,8,3.0
2020,PHI,12,5,11,0.7083333333333334,48,6.25,7,3.0
2020,PHI,13,5,12,0.6875,48,7.25,9,4.0
2020,PHI,14,5,13,0.7083333333333334,48,6.75,7,4.0
2020,PHI,15,5,11,0.6875,48,5.75,6,3.0
2020,PHI,16,4,12,0.6458333333333334,48,7.25,8,4.0
2020,PHI,17,2,7,0.6,45,4.75,5,3.0
2020,PIT,1,11,18,0.7872340425531915,47,6.5,11,3.0
2020,PIT,2,11,17,0.7916666666666666,48,6.5,11,3.0
2020,PIT,3,12,18,0.7916666666666666,48,7.5,12,3.0
2020,PIT,4,12,18,0.8076923076923077,52,7.5,12,3.0
2020,PIT,5,12,18,0.7708333333333334,48,7.5,12,3.0
2020,PIT,6,11,17,0.7916666666666666,48,5.5,11,3.0
2020,PIT,7,11,17,0.7291666666666666,48,7.0,11,3.0
2020,PIT,8,11,17,0.75,48,7.0,11,3.0
2020,PIT,9,10,16,0.75,48,7.0,11,3.0
2020,PIT,10,11,16,0.75,48,7.0,11,3.0
2020,PIT,11,11,16,0.75,48,7.0,11,3.0
2020,PIT,12,10,15,0.7291666666666666,48,6.0,9,3.0
2020,PIT,13,9,15,0.7083333333333334,48,6.0,8,3.0
2020,PIT,14,9,15,0.7291666666666666,48,6.5,10,3.0
2020,PIT,15,10,16,0.75,48,7.0,10,3.0
2020,PIT,16,10,16,0.7708333333333334,48,7.0,10,3.0
2020,PIT,17,3,9,0.7083333333333334,48,4.0,5,1.0
2020,PIT,18,9,15,0.7291666666666666,48,6.5,10,3.0
2020,SEA,1,7,14,0.7291666666666666,48,9.0,10,6.0
2020,SEA,2,7,14,0.7291666666666666,48,9.0,10,6.0
2020,SEA,3,6,12,0.7291666666666666,48,8.0,10,6.0
2020,SEA,4,6,11,0.7083333333333334,48,7.0,9,5.0
2020,SEA,5,5,10,0.7083333333333334,48,7.25,8,5.0
2020,SEA,7,6,12,0.7291666666666666,48,7.25,8,5.0
2020,SEA,8,6,11,0.75,48,7.25,7,4.0
2020,SEA,9,7,13,0.75,48,8.25,9,5.0
2020,SEA,10,8,13,0.7708333333333334,48,8.75,10,5.0
2020,SEA,11,8,14,0.7708333333333334,48,8.75,10,5.0
2020,SEA,12,7,14,0.7916666666666666,48,8.0,10,6.0
2020,SEA,13,6,13,0.7291666666666666,48,8.0,10,6.0
2020,SEA,14,6,12,0.7291666666666666,48,8.0,9,6.0
2020,SEA,15,7,14,0.75,48,8.0,10,6.0
2020,SEA,16,7,14,0.7291666666666666,48,7.25,10,6.0
2020,SEA,17,6,12,0.7291666666666666,48,7.0,9,6.0
2020,SEA,18,8,15,0.7916666666666666,48,8.0,11,6.0
2020,SF,1,9,12,0.7291666666666666,48,5.75,8,5.0
2020,SF,2,9,12,0.7083333333333334,48,2.75,5,3.0
2020,SF,3,10,12,0.6875,48,3.5,6,1.0
2020,SF,4,10,14,0.7083333333333334,48,4.5,6,2.0
2020,SF,5,10,14,0.7083333333333334,48,3.75,5,3.0
2020,SF,6,10,14,0.6666666666666666,48,4.75,4,3.0
2020,SF,7,8,12,0.6875,48,4.75,4,3.0
2020,SF,8,9,13,0.7083333333333334,48,3.75,4,3.0
2020,SF,9,8,11,0.7083333333333334,48,2.75,3,1.0
2020,SF,10,9,11,0.6875,48,3.75,4,1.0
2020,SF,12,8,10,0.6666666666666666,48,4.75,5,2.0
2020,SF,13,9,10,0.7083333333333334,48,4.75,5,2.0
2020,SF,14,9,10,0.6458333333333334,48,4.75,5,2.0
2020,SF,15,8,8,0.6041666666666666,48,4.75,4,2.0
2020,SF,16,7,8,0.6666666666666666,48,4.75,5,2.0
2020,SF,17,7,8,0.6458333333333334,48,2.75,4,2.0
2020,TB,1,9,19,0.8333333333333334,48,9.0,8,4.0
2020,TB,2,9,19,0.8125,48,8.0,7,3.0
2020,TB,3,9,19,0.8333333333333334,48,9.0,8,4.0
2020,TB,4,8,18,0.8333333333333334,48,8.0,7,3.0
2020,TB,5,8,17,0.7916666666666666,48,7.5,6,3.0
2020,TB,6,6,16,0.8125,48,9.0,8,4.0
2020,TB,7,7,17,0.8125,48,9.0,8,4.0
2020,TB,8,7,17,0.7916666666666666,48,8.0,7,3.0
2020,TB,9,7,16,0.7708333333333334,48,10.0,9,4.0
2020,TB,10,7,16,0.7916666666666666,48,10.0,9,4.0
2020,TB,11,7,16,0.8125,48,10.0,9,4.0
2020,TB,12,7,17,0.7916666666666666,48,10.0,9,4.0
2020,TB,14,6,16,0.7916666666666666,48,10.0,9,4.0
2020,TB,15,7,15,0.8125,48,10.0,9,4.0
2020,TB,16,7,15,0.7916666666666666,48,10.0,9,4.0
2020,TB,17,6,14,0.7916666666666666,48,8.5,7,3.0
2020,TB,18,7,16,0.8125,48,9.5,8,4.0
2020,TB,19,8,17,0.7916666666666666,48,10.0,9,4.0
2020,TB,20,9,18,0.7708333333333334,48,9.0,8,4.0
2020,TB,21,9,19,0.7916666666666666,48,10.0,9,4.0
2020,TEN,1,8,15,0.6458333333333334,48,8.25,8,3.0
2020,TEN,2,8,14,0.6458333333333334,48,8.25,8,3.0
2020,TEN,3,9,15,0.6875,48,9.0,9,3.0
2020,TEN,4,9,14,0.673469387755102,49,9.0,9,3.0
2020,TEN,5,7,12,0.6666666666666666,48,9.0,9,3.0
2020,TEN,6,8,14,0.6458333333333334,48,9.0,9,3.0
2020,TEN,7,8,14,0.7083333333333334,48,8.0,8,3.0
2020,TEN,8,8,13,0.6666666666666666,48,8.0,8,3.0
2020,TEN,9,5,10,0.6458333333333334,48,5.5,5,2.0
2020,TEN,10,6,11,0.6458333333333334,48,6.5,6,3.0
2020,TEN,11,5,9,0.5625,48,4.5,5,2.0
2020,TEN,12,6,10,0.5833333333333334,48,6.5,6,2.0
2020,TEN,13,5,9,0.5833333333333334,48,6.5,6,2.0
2020,TEN,14,4,8,0.6041666666666666,48,6.5,6,2.0
2020,TEN,15,5,9,0.6041666666666666,48,6.5,6,2.0
2020,TEN,16,6,11,0.6666666666666666,48,6.5,6,2.0
2020,TEN,17,6,12,0.6875,48,5.75,5,2.0
2020,TEN,18,6,12,0.6875,48,6.5,6,2.0
2020,WAS,1,7,11,0.7291666666666666,48,2.75,4,0.0
2020,WAS,2,8,12,0.7291666666666666,48,3.5,5,0.0
2020,WAS,3,8,12,0.7291666666666666,48,3.5,4,0.0
2020,WAS,4,7,12,0.75,48,3.5,4,0.0
2020,WAS,5,8,13,0.7708333333333334,48,3.5,5,0.0
2020,WAS,6,7,11,0.75,48,2.75,5,0.0
2020,WAS,7,7,12,0.7083333333333334,48,2.75,5,0.0
2020,WAS,9,7,10,0.7083333333333334,48,2.0,4,0.0
2020,WAS,10,8,11,0.7291666666666666,48,2.0,4,0.0
2020,WAS,11,9,11,0.7291666666666666,48,2.75,5,0.0
2020,WAS,12,9,11,0.7291666666666666,48,2.75,5,0.0
2020,WAS,13,9,11,0.7291666666666666,48,2.75,5,0.0
2020,WAS,14,9,11,0.6666666666666666,48,2.75,5,0.0
2020,WAS,15,8,10,0.625,48,2.75,4,0.0
2020,WAS,16,7,10,0.6458333333333334,48,2.0,3,0.0
2020,WAS,17,7,10,0.6458333333333334,48,2.0,4,0.0
2020,WAS,18,6,9,0.6458333333333334,48,2.0,3,0.0
2021,ARI,1,9,18,0.8125,48,5.75,7,4.0
2021,ARI,2,9,18,0.7916666666666666,48,5.25,7,4.0
2021,ARI,3,9,17,0.75,48,5.75,7,4.0
2021,ARI,4,9,17,0.75,48,5.75,7,4.0
2021,ARI,5,9,17,0.7708333333333334,48,5.75,7,4.0
2021,ARI,6,8,15,0.7755102040816326,49,3.75,5,4.0
2021,ARI,7,8,16,0.7916666666666666,48,4.75,6,4.0
2021,ARI,8,8,16,0.7708333333333334,48,5.75,7,3.0
2021,ARI,9,5,15,0.7708333333333334,48,5.75,6,1.0
2021,ARI,10,5,14,0.7291666666666666,48,5.75,6,1.0
2021,ARI,11,5,15,0.75,48,5.75,6,1.0
2021,ARI,13,7,16,0.7708333333333334,48,6.75,8,3.0
2021,ARI,14,8,18,0.7916666666666666,48,6.75,8,3.0
2021,ARI,15,7,15,0.75,48,4.75,6,2.0
2021,ARI,16,7,13,0.6875,48,4.25,5,2.0
2021,ARI,17,6,12,0.6875,48,5.25,6,2.0
2021,ARI,18,7,14,0.7083333333333334,48,5.75,7,2.0
2021,ARI,19,8,15,0.7291666666666666,48,5.75,7,3.0
2021,ATL,1,11,17,0.7708333333333334,48,5.5,6,2.0
2021,ATL,2,11,17,0.7708333333333334,48,5.5,6,2.0
2021,ATL,3,10,16,0.75,48,5.5,6,2.0
2021,ATL,4,11,16,0.7916666666666666,48,5.5,6,2.0
2021,ATL,5,10,14,0.7916666666666666,48,5.0,7,1.0
2021,ATL,7,9,14,0.7708333333333334,48,6.0,7,2.0
2021,ATL,8,9,13,0.75,48,5.0,7,1.0
2021,ATL,9,9,13,0.75,48,5.0,7,1.0
2021,ATL,10,10,14,0.7291666666666666,48,5.0,7,1.0
2021,ATL,11,8,11,0.7291666666666666,48,4.0,6,1.0
2021,ATL,12,9,12,0.7291666666666666,48,4.75,5,1.0
2021,ATL,13,9,13,0.7708333333333334,48,5.5,6,1.0
2021,ATL,14,9,12,0.75,48,5.5,6,1.0
2021,ATL,15,9,12,0.7708333333333334,48,5.5,6,1.0
2021,ATL,16,9,12,0.75,48,5.5,6,1.0
2021,ATL,17,9,11,0.7083333333333334,48,5.5,6,1.0
2021,ATL,18,9,12,0.7291666666666666,48,5.5,6,1.0
2021,BAL,1,8,10,0.7291666666666666,48,8.0,9,2.0
2021,BAL,2,8,10,0.7291666666666666,48,8.0,9,2.0
2021,BAL,3,9,11,0.7291666666666666,48,7.5,8,2.0
2021,BAL,4,9,12,0.75,48,8.75,10,2.0
2021,BAL,5,9,12,0.7291666666666666,48,8.0,9,2.0
2021,BAL,6,9,12,0.75,48,8.75,10,2.0
2021,BAL,7,8,11,0.7291666666666666,48,7.75,10,2.0
2021,BAL,9,9,12,0.75,48,7.75,9,2.0
2021,BAL,10,11,14,0.7291666666666666,48,7.75,9,2.0
2021,BAL,11,6,8,0.6666666666666666,48,6.5,7,1.0
2021,BAL,12,8,9,0.7083333333333334,48,6.5,8,2.0
2021,BAL,13,9,11,0.7083333333333334,48,7.5,9,2.0
2021,BAL,14,7,9,0.7291666666666666,48,6.5,7,1.0
2021,BAL,15,5,6,0.6875,48,4.5,5,0.0
2021,BAL,16,6,9,0.6666666666666666,48,5.0,6,0.0
2021,BAL,17,6,8,0.6458333333333334,48,5.5,7,0.0
2021,BAL,18,6,8,0.6875,48,5.5,6,0.0
2021,BUF,1,8,12,0.7291666666666666,48,7.0,7,3.0
2021,BUF,2,9,13,0.75,48,7.0,7,3.0
2021,BUF,3,9,13,0.7708333333333334,48,7.0,7,3.0
2021,BUF,4,8,13,0.75,48,6.5,7,3.0
2021,BUF,5,8,13,0.75,48,7.0,7,3.0
2021,BUF,6,8,11,0.75,48,7.0,7,3.0
2021,BUF,8,9,13,0.7916666666666666,48,7.0,7,3.0
2021,BUF,9,8,12,0.7708333333333334,48,7.0,6,3.0
2021,BUF,10,6,11,0.7708333333333334,48,7.0,5,3.0
2021,BUF,11,7,12,0.7708333333333334,48,7.0,6,3.0
2021,BUF,12,7,11,0.7083333333333334,48,7.0,7,3.0
2021,BUF,13,7,12,0.7291666666666666,48,6.0,6,2.0
2021,BUF,14,6,9,0.6666666666666666,48,6.0,6,2.0
2021,BUF,15,8,11,0.7291666666666666,48,5.5,5,2.0
2021,BUF,16,7,10,0.75,48,5.0,6,1.0
2021,BUF,17,7,11,0.75,48,5.5,5,2.0
2021,BUF,18,8,13,0.7708333333333334,48,5.5,5,2.0
2021,BUF,19,8,13,0.7916666666666666,48,6.0,6,2.0
2021,BUF,20,7,12,0.7708333333333334,48,6.0,6,2.0
2021,CAR,1,9,14,0.625,48,1.75,1,1.0
2021,CAR,2,9,14,0.6875,48,1.75,1,1.0
2021,CAR,3,9,13,0.6458333333333334,48,1.75,1,1.0
2021,CAR,4,8,12,0.625,48,0.75,0,0.0
2021,CAR,5,6,11,0.6458333333333334,48,0.75,0,0.0
2021,CAR,6,6,11,0.6458333333333334,48,0.75,0,0.0
2021,CAR,7,6,11,0.6666666666666666,48,0.75,0,0.0
2021,CAR,8,8,13,0.6666666666666666,48,1.75,1,1.0
2021,CAR,9,9,15,0.6458333333333334,48,2.75,2,2.0
2021,CAR,10,9,15,0.6666666666666666,48,3.25,2,2.0
2021,CAR,11,9,15,0.6666666666666666,48,3.25,2,2.0
2021,CAR,12,9,14,0.6458333333333334,48,3.25,2,2.0
2021,CAR,14,9,14,0.6458333333333334,48,2.25,1,1.0
2021,CAR,15,8,13,0.6666666666666666,48,2.25,1,1.0
2021,CAR,16,9,14,0.6666666666666666,48,2.25,1,1.0
2021,CAR,17,7,12,0.6458333333333334,48,1.25,0,0.0
2021,CAR,18,8,10,0.6041666666666666,48,1.25,0,0.0
2021,CHI,1,7,14,0.6875,48,7.25,7,2.0
2021,CHI,2,7,15,0.7291666666666666,48,7.25,7,2.0
2021,CHI,3,6,14,0.75,48,7.25,6,2.0
2021,CHI,4,7,15,0.75,48,7.25,6,2.0
2021,CHI,5,7,16,0.7291666666666666,48,7.25,6,2.0
2021,CHI,6,5,13,0.7083333333333334,48,8.25,7,2.0
2021,CHI,7,5,15,0.7291666666666666,48,6.25,5,2.0
2021,CHI,8,4,13,0.7083333333333334,48,6.75,5,1.0
2021,CHI,9,3,12,0.7291666666666666,48,5.5,5,1.0
2021,CHI,11,4,12,0.7291666666666666,48,4.25,4,0.0
2021,CHI,12,4,11,0.7291666666666666,48,5.25,5,0.0
2021,CHI,13,5,13,0.75,48,5.25,5,0.0
2021,CHI,14,6,15,0.75,48,6.25,4,1.0
2021,CHI,15,6,13,0.6458333333333334,48,4.75,3,0.0
2021,CHI,16,6,14,0.6875,48,3.75,3,0.0
2021,CHI,17,6,16,0.75,48,7.25,6,1.0
2021,CHI,18,6,16,0.75,48,5.25,5,1.0
2021,CIN,1,4,13,0.7916666666666666,48,2.5,1,2.0
2021,CIN,2,4,14,0.7916666666666666,48,2.5,1,2.0
2021,CIN,3,4,12,0.7708333333333334,48,2.5,1,2.0
2021,CIN,4,5,10,0.7291666666666666,48,1.5,1,1.0
2021,CIN,5,5,13,0.7916666666666666,48,2.5,1,2.0
2021,CIN,6,4,12,0.7291666666666666,48,2.5,1,2.0
2021,CIN,7,4,12,0.75,48,2.5,1,2.0
2021,CIN,8,4,12,0.7708333333333334,48,2.5,1,2.0
2021,CIN,9,4,12,0.7916666666666666,48,2.5,1,2.0
2021,CIN,11,4,12,0.7916666666666666,48,3.25,2,3.0
2021,CIN,12,4,12,0.7708333333333334,48,3.25,2,3.0
2021,CIN,13,4,12,0.7083333333333334,48,3.25,2,3.0
2021,CIN,14,5,13,0.7291666666666666,48,3.25,2,3.0
2021,CIN,15,4,11,0.7083333333333334,48,3.25,2,3.0
2021,CIN,16,4,13,0.7708333333333334,48,3.25,3,3.0
2021,CIN,17,4,12,0.7291666666666666,48,3.25,2,3.0
2021,CIN,18,4,10,0.6875,48,2.25,3,2.0
2021,CIN,19,5,13,0.8541666666666666,48,3.25,3,3.0
2021,CIN,20,4,12,0.7916666666666666,48,3.25,2,3.0
2021,CIN,21,4,12,0.7708333333333334,48,3.25,2,3.0
2021,CIN,22,4,12,0.7708333333333334,48,3.25,2,3.0
2021,CLE,1,9,16,0.8125,48,8.75,9,4.0
2021,CLE,2,9,17,0.8125,48,8.75,9,4.0
2021,CLE,3,10,17,0.8125,48,9.0,9,3.0
2021,CLE,4,9,16,0.8333333333333334,48,9.0,9,3.0
2021,CLE,5,7,14,0.7916666666666666,48,8.25,8,3.0
2021,CLE,6,8,13,0.7708333333333334,48,7.0,8,2.0
2021,CLE,7,8,13,0.75,48,6.75,8,2.0
2021,CLE,8,8,14,0.7708333333333334,48,8.75,8,4.0
2021,CLE,9,8,14,0.8125,48,7.0,8,4.0
2021,CLE,10,7,13,0.75,48,6.0,7,3.0
2021,CLE,11,7,15,0.7708333333333334,48,7.0,8,4.0
2021,CLE,12,9,17,0.75,48,8.75,9,4.0
2021,CLE,14,6,14,0.75,48,8.25,10,4.0
2021,CLE,15,4,9,0.7291666666666666,48,6.25,6,2.0
2021,CLE,16,4,11,0.75,48,5.75,8,4.0
2021,CLE,17,7,15,0.7916666666666666,48,6.5,9,4.0
2021,CLE,18,5,13,0.7708333333333334,48,6.75,7,3.0
2021,DAL,1,7,12,0.8333333333333334,48,4.75,10,0.0
2021,DAL,2,9,12,0.8125,48,4.75,10,1.0
2021,DAL,3,8,12,0.7708333333333334,48,4.75,9,1.0
2021,DAL,4,8,12,0.7446808510638298,47,4.75,9,1.0
2021,DAL,5,9,12,0.7708333333333334,48,4.75,9,1.0
2021,DAL,6,9,12,0.7708333333333334,48,4.75,9,1.0
2021,DAL,8,9,13,0.7708333333333334,48,4.75,8,1.0
2021,DAL,9,8,12,0.7291666666666666,48,3.75,8,1.0
2021,DAL,10,8,12,0.7083333333333334,48,3.0,7,1.0
2021,DAL,11,7,10,0.6875,48,3.75,7,1.0
2021,DAL,12,7,11,0.7291666666666666,48,4.75,8,1.0
2021,DAL,13,9,13,0.75,48,5.75,10,1.0
2021,DAL,14,9,15,0.75,48,5.75,10,1.0
2021,DAL,15,8,13,0.7291666666666666,48,4.75,9,1.0
2021,DAL,16,7,12,0.7708333333333334,48,4.75,9,1.0
2021,DAL,17,8,14,0.7916666666666666,48,5.75,9,1.0
2021,DAL,18,7,12,0.7291666666666666,48,4.75,9,1.0
2021,DAL,19,8,14,0.75,48,5.75,9,1.0
2021,DEN,1,9,15,0.6875,48,6.0,5,2.0
2021,DEN,2,9,14,0.6458333333333334,48,7.0,6,3.0
2021,DEN,3,8,13,0.6458333333333334,48,6.0,5,2.0
2021,DEN,4,8,11,0.625,48,6.0,5,2.0
2021,DEN,5,8,12,0.6458333333333334,48,6.0,5,2.0
2021,DEN,6,8,13,0.6666666666666666,48,6.0,5,2.0
2021,DEN,7,8,13,0.6875,48,6.0,5,2.0
2021,DEN,8,8,13,0.7083333333333334,48,5.0,4,2.0
2021,DEN,9,6,10,0.6458333333333334,48,3.0,4,1.0
2021,DEN,10,7,11,0.6041666666666666,48,3.0,4,1.0
2021,DEN,12,7,12,0.625,48,3.0,5,2.0
2021,DEN,13,8,13,0.6875,48,5.0,4,3.0
2021,DEN,14,9,14,0.7083333333333334,48,6.0,5,3.0
2021,DEN,15,9,14,0.6875,48,6.0,5,3.0
2021,DEN,16,8,13,0.6458333333333334,48,6.0,5,3.0
2021,DEN,17,7,11,0.6458333333333334,48,4.75,5,2.0
2021,DEN,18,7,10,0.6595744680851063,47,5.75,6,3.0
2021,DET,1,7,9,0.6041666666666666,48,4.5,4,1.0
2021,DET,2,6,9,0.6041666666666666,48,4.5,4,1.0
2021,DET,3,6,8,0.5833333333333334,48,3.0,4,1.0
2021,DET,4,6,8,0.5833333333333334,48,3.0,4,1.0
2021,DET,5,5,7,0.5833333333333334,48,3.0,3,1.0
2021,DET,6,5,7,0.5625,48,3.0,3,1.0
2021,DET,7,5,7,0.5833333333333334,48,3.0,3,1.0
2021,DET,8,5,7,0.5416666666666666,48,3.0,3,1.0
2021,DET,10,6,8,0.5208333333333334,48,3.0,3,1.0
2021,DET,11,5,7,0.5208333333333334,48,3.0,3,1.0
2021,DET,12,6,8,0.5416666666666666,48,2.0,3,1.0
2021,DET,13,6,7,0.5,48,2.0,3,1.0
2021,DET,14,5,6,0.4375,48,1.0,2,0.0
2021,DET,15,5,6,0.4375,48,1.0,2,0.0
2021,DET,16,4,5,0.4375,48,1.0,1,0.0
2021,DET,17,3,5,0.4166666666666667,48,1.0,1,0.0
2021,DET,18,4,6,0.4583333333333333,48,1.0,2,0.0
2021,GB,1,8,15,0.75,48,6.0,7,4.0
2021,GB,2,8,15,0.75,48,5.0,6,3.0
2021,GB,3,8,13,0.75,48,5.0,5,3.0
2021,GB,4,8,13,0.7916666666666666,48,5.0,5,3.0
2021,GB,5,7,12,0.75,48,4.0,4,2.0
2021,GB,6,7,14,0.7916666666666666,48,4.0,6,2.0
2021,GB,7,8,13,0.7708333333333334,48,4.75,6,2.0
2021,GB,8,8,12,0.7708333333333334,48,3.75,4,1.0
2021,GB,9,8,14,0.7291666666666666,48,3.75,4,1.0
2021,GB,10,8,14,0.75,48,4.75,5,2.0
2021,GB,11,6,12,0.75,48,4.0,4,2.0
2021,GB,12,7,11,0.7083333333333334,48,4.0,4,2.0
2021,GB,14,6,10,0.6875,48,3.5,4,2.0
2021,GB,15,6,10,0.7083333333333334,48,3.5,3,2.0
2021,GB,16,7,10,0.6875,48,3.5,4,2.0
2021,GB,17,7,11,0.7083333333333334,48,3.5,4,2.0
2021,GB,18,7,12,0.6875,48,4.5,4,3.0
2021,GB,20,9,15,0.75,48,6.75,6,4.0
2021,HOU,1,6,11,0.7659574468085106,47,8.0,5,1.0
2021,HOU,2,6,11,0.7708333333333334,48,8.0,5,1.0
2021,HOU,3,6,13,0.7708333333333334,48,8.0,5,1.0
2021,HOU,4,6,11,0.75,48,8.0,5,1.0
2021,HOU,5,6,11,0.7446808510638298,47,7.25,5,1.0
2021,HOU,6,5,9,0.7659574468085106,47,6.25,4,0.0
2021,HOU,7,4,10,0.7659574468085106,47,4.5,3,0.0
2021,HOU,8,3,8,0.7291666666666666,48,3.5,2,0.0
2021,HOU,9,2,7,0.7446808510638298,47,4.5,2,0.0
2021,HOU,11,2,7,0.7446808510638298,47,4.5,2,0.0
2021,HOU,12,2,7,0.7291666666666666,48,3.5,1,0.0
2021,HOU,13,2,6,0.75,48,2.75,0,0.0
2021,HOU,14,3,7,0.7083333333333334,48,2.75,0,0.0
2021,HOU,15,3,8,0.7291666666666666,48,3.5,1,0.0
2021,HOU,16,1,4,0.6041666666666666,48,2.0,0,0.0
2021,HOU,17,1,5,0.6666666666666666,48,2.75,0,0.0
2021,HOU,18,2,7,0.7083333333333334,48,3.5,1,0.0
2021,IND,1,5,14,0.75,48,6.75,6,4.0
2021,IND,2,6,13,0.7291666666666666,48,6.75,7,4.0
2021,IND,3,7,15,0.7083333333333334,48,7.5,8,4.0
2021,IND,4,5,12,0.7083333333333334,48,6.5,7,3.0
2021,IND,5,5,12,0.6875,48,6.5,7,3.0
2021,IND,6,6,13,0.75,48,6.5,7,3.0
2021,IND,7,7,13,0.7083333333333334,48,7.5,8,4.0
2021,IND,8,7,16,0.6875,48,7.5,8,4.0
2021,IND,9,7,15,0.6666666666666666,48,7.5,8,4.0
2021,IND,10,6,14,0.6666666666666666,48,6.75,7,4.0
2021,IND,11,7,16,0.7083333333333334,48,7.5,8,4.0
2021,IND,12,7,15,0.6875,48,7.5,8,4.0
2021,IND,13,6,13,0.6875,48,6.5,7,3.0
2021,IND,15,6,13,0.6875,48,6.5,7,3.0
2021,IND,16,5,10,0.6666666666666666,48,4.5,5,1.0
2021,IND,17,6,13,0.7083333333333334,48,6.5,7,4.0
2021,IND,18,6,14,0.6875,48,6.75,7,4.0
2021,JAX,1,6,15,0.75,48,3.75,3,1.0
2021,JAX,2,7,16,0.7916666666666666,48,3.75,3,1.0
2021,JAX,3,6,15,0.7708333333333334,48,3.75,3,1.0
2021,JAX,4,6,14,0.7291666666666666,48,2.75,3,1.0
2021,JAX,5,6,14,0.75,48,2.75,2,1.0
2021,JAX,6,6,13,0.7083333333333334,48,1.75,2,1.0
2021,JAX,8,6,15,0.7083333333333334,48,2.75,2,1.0
2021,JAX,9,7,16,0.75,48,2.75,2,0.0
2021,JAX,10,7,16,0.75,48,2.75,2,1.0
2021,JAX,11,7,16,0.75,48,2.75,2,1.0
2021,JAX,12,7,16,0.7291666666666666,48,1.75,1,1.0
2021,JAX,13,7,16,0.75,48,1.75,1,1.0
2021,JAX,14,7,16,0.75,48,1.75,2,1.0
2021,JAX,15,7,15,0.6875,48,1.75,2,1.0
2021,JAX,16,6,12,0.6666666666666666,48,0.75,1,1.0
2021,JAX,17,7,14,0.5833333333333334,48,2.75,1,0.0
2021,JAX,18,4,11,0.5833333333333334,48,1.75,2,0.0
2021,KC,1,3,10,0.6875,48,6.0,6,3.0
2021,KC,2,3,11,0.7083333333333334,48,7.0,8,4.0
2021,KC,3,4,11,0.7291666666666666,48,7.0,7,4.0
2021,KC,4,4,11,0.7083333333333334,48,7.0,7,4.0
2021,KC,5,4,13,0.7291666666666666,48,6.5,7,4.0
2021,KC,6,3,12,0.7083333333333334,48,6.5,7,4.0
2021,KC,7,2,12,0.6875,48,7.5,8,4.0
2021,KC,8,2,12,0.7083333333333334,48,7.5,8,4.0
2021,KC,9,3,13,0.75,48,7.5,9,4.0
2021,KC,10,3,13,0.75,48,7.5,9,4.0
2021,KC,11,4,14,0.7916666666666666,48,7.5,9,4.0
2021,KC,13,5,15,0.75,48,7.5,9,4.0
2021,KC,14,5,16,0.7708333333333334,48,7.5,9,4.0
2021,KC,15,5,12,0.7291666666666666,48,6.0,8,4.0
2021,KC,16,5,15,0.7083333333333334,48,6.5,8,3.0
2021,KC,17,3,13,0.75,48,7.5,9,4.0
2021,KC,18,4,14,0.75,48,8.0,9,4.0
2021,KC,19,5,14,0.75,48,7.5,9,4.0
2021,KC,20,6,15,0.7708333333333334,48,7.5,9,4.0
2021,KC,21,5,14,0.7708333333333334,48,7.5,9,4.0
2021,LA,1,6,15,0.8125,48,5.25,4,2.0
2021,LA,2,6,15,0.8125,48,5.25,4,2.0
2021,LA,3,6,15,0.7916666666666666,48,5.25,4,2.0
2021,LA,4,6,15,0.8125,48,5.25,4,2.0
2021,LA,5,6,15,0.7916666666666666,48,5.25,4,2.0
2021,LA,6,6,15,0.7916666666666666,48,4.25,4,2.0
2021,LA,7,6,15,0.7708333333333334,48,4.25,4,2.0
2021,LA,8,6,13,0.7291666666666666,48,3.0,3,2.0
2021,LA,9,5,12,0.6875,48,4.75,4,2.0
2021,LA,10,7,13,0.6875,48,6.5,6,2.0
2021,LA,12,7,13,0.6875,48,6.5,6,2.0
2021,LA,13,7,13,0.6875,48,6.5,6,2.0
2021,LA,14,6,11,0.5833333333333334,48,5.5,5,1.0
2021,LA,15,8,13,0.625,48,6.5,6,2.0
2021,LA,16,7,12,0.6875,48,5.75,5,2.0
2021,LA,17,7,13,0.6875,48,6.5,6,2.0
2021,LA,18,7,14,0.6875,48,6.5,6,2.0
2021,LA,19,7,14,0.7083333333333334,48,7.25,7,2.0
2021,LA,20,7,13,0.6875,48,6.5,6,2.0
2021,LA,21,7,14,0.6666666666666666,48,7.25,7,2.0
2021,LA,22,7,15,0.6666666666666666,48,7.25,7,2.0
2021,LAC,1,8,12,0.6666666666666666,48,6.75,6,4.0
2021,LAC,2,7,11,0.625,48,5.5,5,4.0
2021,LAC,3,7,11,0.6458333333333334,48,5.5,5,4.0
2021,LAC,4,6,10,0.6041666666666666,48,5.5,5,4.0
2021,LAC,5,6,10,0.625,48,6.25,6,4.0
2021,LAC,6,6,9,0.5833333333333334,48,6.25,6,4.0
2021,LAC,8,6,10,0.6666666666666666,48,7.25,7,4.0
2021,LAC,9,6,9,0.6458333333333334,48,7.25,7,4.0
2021,LAC,10,7,10,0.625,48,7.25,7,4.0
2021,LAC,11,6,9,0.6041666666666666,48,6.75,6,4.0
2021,LAC,12,7,9,0.625,48,6.75,6,4.0
2021,LAC,13,7,9,0.6458333333333334,48,6.75,6,4.0
2021,LAC,14,6,9,0.6041666666666666,48,5.25,5,3.0
2021,LAC,15,6,9,0.625,48,7.25,7,4.0
2021,LAC,16,5,9,0.6458333333333334,48,3.25,5,2.0
2021,LAC,17,6,10,0.6041666666666666,48,7.25,6,4.0
2021,LAC,18,7,11,0.6875,48,7.25,7,4.0
2021,LV,1,9,17,0.7916666666666666,48,4.25,7,3.0
2021,LV,2,7,15,0.7708333333333334,48,3.5,5,2.0
2021,LV,3,8,16,0.7708333333333334,48,4.25,6,2.0
2021,LV,4,8,16,0.7708333333333334,48,3.5,6,3.0
2021,LV,5,7,14,0.7291666666666666,48,3.5,6,3.0
2021,LV,6,8,14,0.6875,48,3.0,6,3.0
2021,LV,7,9,16,0.7291666666666666,48,3.0,5,2.0
2021,LV,9,8,15,0.75,48,4.0,6,3.0
2021,LV,10,9,17,0.7083333333333334,48,5.25,7,3.0
2021,LV,11,8,16,0.7291666666666666,48,4.5,6,3.0
2021,LV,12,8,16,0.7291666666666666,48,4.5,6,3.0
2021,LV,13,8,16,0.7083333333333334,48,3.5,5,2.0
2021,LV,14,8,16,0.6875,48,3.5,5,2.0
2021,LV,15,8,15,0.6875,48,3.5,5,2.0
2021,LV,16,6,13,0.6875,48,3.0,5,2.0
2021,LV,17,7,14,0.7083333333333334,48,3.0,5,2.0
2021,LV,18,7,15,0.7083333333333334,48,4.5,6,3.0
2021,LV,19,7,15,0.7083333333333334,48,4.5,6,3.0
2021,MIA,1,7,15,0.7083333333333334,48,4.0,2,1.0
2021,MIA,2,7,15,0.6875,48,4.0,2,1.0
2021,MIA,3,8,16,0.7291666666666666,48,4.0,2,1.0
2021,MIA,4,7,15,0.6666666666666666,48,4.0,2,1.0
2021,MIA,5,5,15,0.6666666666666666,48,3.0,2,1.0
2021,MIA,6,6,13,0.6666666666666666,48,1.0,0,0.0
2021,MIA,7,6,15,0.6666666666666666,48,3.0,2,1.0
2021,MIA,8,8,17,0.6875,48,3.0,2,1.0
2021,MIA,9,7,16,0.6875,48,3.0,2,1.0
2021,MIA,10,7,16,0.6875,48,3.0,2,1.0
2021,MIA,11,6,15,0.6666666666666666,48,3.0,2,1.0
2021,MIA,12,7,15,0.6875,48,4.0,3,1.0
2021,MIA,13,8,16,0.75,48,3.0,2,1.0
2021,MIA,15,7,14,0.7083333333333334,48,3.0,2,1.0
2021,MIA,16,8,17,0.7708333333333334,48,4.0,3,1.0
2021,MIA,17,7,16,0.6875,48,4.0,3,1.0
2021,MIA,18,7,16,0.7083333333333334,48,4.0,3,1.0
2021,MIN,1,5,12,0.8125,48,8.0,9,4.0
2021,MIN,2,5,12,0.7916666666666666,48,7.25,8,4.0
2021,MIN,3,5,11,0.8125,48,7.0,8,3.0
2021,MIN,4,6,13,0.8125,48,8.0,9,4.0
2021,MIN,5,7,13,0.8333333333333334,48,7.5,9,3.0
2021,MIN,6,7,14,0.8333333333333334,48,8.5,10,4.0
2021,MIN,8,6,12,0.8333333333333334,48,7.5,9,4.0
2021,MIN,9,4,10,0.8125,48,5.5,7,4.0
2021,MIN,10,3,9,0.7916666666666666,48,5.0,6,4.0
2021,MIN,11,7,13,0.7916666666666666,48,7.5,9,4.0
2021,MIN,12,7,12,0.75,48,6.75,8,4.0
2021,MIN,13,4,8,0.75,48,3.25,4,2.0
2021,MIN,14,6,12,0.8333333333333334,48,6.0,7,3.0
2021,MIN,15,7,13,0.7916666666666666,48,6.0,7,3.0
2021,MIN,16,7,12,0.8125,48,5.75,7,3.0
2021,MIN,17,7,13,0.7916666666666666,48,6.0,6,3.0
2021,MIN,18,7,11,0.75,48,5.0,6,2.0
2021,NE,1,5,11,0.7083333333333334,48,10.25,7,1.0
2021,NE,2,5,10,0.6666666666666666,48,10.25,6,1.0
2021,NE,3,5,11,0.6875,48,10.25,6,1.0
2021,NE,4,6,12,0.6666666666666666,48,10.25,6,1.0
2021,NE,5,5,12,0.6458333333333334,48,9.75,6,1.0
2021,NE,6,6,13,0.6875,48,9.75,6,1.0
2021,NE,7,5,13,0.6666666666666666,48,10.0,5,1.0
2021,NE,8,6,14,0.7083333333333334,48,10.75,6,1.0
2021,NE,9,5,13,0.6875,48,10.75,6,1.0
2021,NE,10,6,13,0.6875,48,9.25,7,1.0
2021,NE,11,6,12,0.7291666666666666,48,10.25,7,1.0
2021,NE,12,6,12,0.7291666666666666,48,10.25,7,1.0
2021,NE,13,6,12,0.7083333333333334,48,10.75,7,1.0
2021,NE,15,6,12,0.6875,48,10.75,7,1.0
2021,NE,16,5,12,0.6666666666666666,48,10.75,7,1.0
2021,NE,17,4,11,0.6666666666666666,48,10.75,7,1.0
2021,NE,18,5,13,0.7083333333333334,48,10.0,6,1.0
2021,NE,19,5,13,0.6666666666666666,48,10.75,7,1.0
2021,NO,1,9,13,0.5918367346938775,49,10.0,9,5.0
2021,NO,2,9,10,0.5625,48,9.0,7,4.0
2021,NO,3,9,12,0.625,48,9.5,8,5.0
2021,NO,4,9,12,0.6041666666666666,48,8.5,7,4.0
2021,NO,5,9,12,0.6041666666666666,48,7.5,6,4.0
2021,NO,7,10,14,0.6666666666666666,48,7.5,7,5.0
2021,NO,8,10,14,0.7083333333333334,48,8.5,8,5.0
2021,NO,9,10,14,0.7083333333333334,48,8.5,8,5.0
2021,NO,10,9,13,0.6666666666666666,48,6.5,6,3.0
2021,NO,11,7,10,0.6458333333333334,48,5.5,6,3.0
2021,NO,12,6,9,0.5833333333333334,48,6.5,6,4.0
2021,NO,13,6,10,0.5625,48,5.5,6,3.0
2021,NO,14,7,9,0.5625,48,5.5,5,4.0
2021,NO,15,8,12,0.625,48,5.5,6,4.0
2021,NO,16,7,11,0.5625,48,4.0,4,3.0
2021,NO,17,6,8,0.5833333333333334,48,5.5,6,4.0
2021,NO,18,7,10,0.6041666666666666,48,7.5,6,4.0
2021,NYG,1,11,19,0.875,48,2.75,7,2.0
2021,NYG,2,11,19,0.8333333333333334,48,2.75,7,2.0
2021,NYG,3,12,20,0.8541666666666666,48,2.0,8,2.0
2021,NYG,4,13,20,0.8541666666666666,48,2.75,8,2.0
2021,NYG,5,12,19,0.8541666666666666,48,2.75,8,2.0
2021,NYG,6,12,21,0.875,48,1.75,6,2.0
2021,NYG,7,9,18,0.8541666666666666,48,2.5,7,2.0
2021,NYG,8,9,19,0.8541666666666666,48,1.75,7,2.0
2021,NYG,9,10,18,0.8541666666666666,48,2.5,9,2.0
2021,NYG,11,12,20,0.8125,48,3.5,10,2.0
2021,NYG,12,11,18,0.8125,48,3.5,9,2.0
2021,NYG,13,9,17,0.8125,48,3.5,10,2.0
2021,NYG,14,9,18,0.8125,48,3.5,10,2.0
2021,NYG,15,8,18,0.7916666666666666,48,3.5,11,2.0
2021,NYG,16,9,18,0.7708333333333334,48,3.5,11,2.0
2021,NYG,17,6,15,0.7021276595744681,47,3.5,11,2.0
2021,NYG,18,9,18,0.7708333333333334,48,2.75,10,2.0
2021,NYJ,1,8,12,0.75,48,0.75,0,1.0
2021,NYJ,2,7,9,0.6875,48,1.0,0,1.0
2021,NYJ,3,7,9,0.6666666666666666,48,1.0,0,1.0
2021,NYJ,4,7,8,0.7083333333333334,48,1.75,0,1.0
2021,NYJ,5,7,9,0.6875,48,1.75,0,1.0
2021,NYJ,7,6,9,0.6875,48,1.75,0,1.0
2021,NYJ,8,6,9,0.6875,48,1.75,0,0.0
2021,NYJ,9,6,9,0.7291666666666666,48,1.75,0,0.0
2021,NYJ,10,8,9,0.7083333333333334,48,0.75,0,1.0
2021,NYJ,11,8,9,0.7083333333333334,48,0.75,0,1.0
2021,NYJ,12,7,8,0.6875,48,0.75,0,0.0
2021,NYJ,13,8,10,0.6875,48,0.75,0,1.0
2021,NYJ,14,8,9,0.6595744680851063,47,0.75,0,0.0
2021,NYJ,15,7,8,0.7083333333333334,48,0.75,0,0.0
2021,NYJ,16,5,6,0.5833333333333334,48,0.0,0,0.0
2021,NYJ,17,5,6,0.625,48,0.0,0,0.0
2021,NYJ,18,6,7,0.6875,48,0.75,0,0.0
2021,PHI,1,9,15,0.7708333333333334,48,8.25,9,3.0
2021,PHI,2,9,16,0.7916666666666666,48,8.25,9,3.0
2021,PHI,3,8,15,0.7291666666666666,48,6.5,7,2.0
2021,PHI,4,7,14,0.7142857142857143,49,5.75,6,2.0
2021,PHI,5,7,14,0.75,48,5.75,6,2.0
2021,PHI,6,7,13,0.7291666666666666,48,5.75,6,2.0
2021,PHI,7,8,14,0.75,48,4.5,6,2.0
2021,PHI,8,7,12,0.7916666666666666,48,4.5,7,2.0
2021,PHI,9,7,11,0.75,48,5.5,7,2.0
2021,PHI,10,7,12,0.75,48,5.5,7,2.0
2021,PHI,11,7,13,0.75,48,5.5,7,2.0
2021,PHI,12,7,13,0.7291666666666666,48,5.5,6,2.0
2021,PHI,13,7,12,0.6875,48,5.5,6,2.0
2021,PHI,15,6,11,0.7291666666666666,48,5.5,7,2.0
2021,PHI,16,5,11,0.6875,48,4.5,6,2.0
2021,PHI,17,7,12,0.7291666666666666,48,5.5,7,2.0
2021,PHI,18,4,5,0.6,45,2.0,3,1.0
2021,PHI,19,7,12,0.7708333333333334,48,5.5,7,2.0
2021,PIT,1,11,15,0.8541666666666666,48,5.0,10,3.0
2021,PIT,2,9,13,0.8333333333333334,48,4.5,9,3.0
2021,PIT,3,9,13,0.7916666666666666,48,4.0,10,2.0
2021,PIT,4,10,13,0.8125,48,5.0,10,3.0
2021,PIT,5,11,14,0.8125,48,5.0,10,3.0
2021,PIT,6,10,13,0.8125,48,5.0,9,3.0
2021,PIT,8,9,12,0.8125,48,5.0,7,3.0
2021,PIT,9,9,12,0.7916666666666666,48,5.0,7,3.0
2021,PIT,10,10,12,0.8125,48,4.5,7,3.0
2021,PIT,11,8,11,0.7708333333333334,48,3.5,6,1.0
2021,PIT,12,8,12,0.7916666666666666,48,3.5,6,3.0
2021,PIT,13,8,11,0.8125,48,4.5,6,3.0
2021,PIT,14,8,11,0.8125,48,4.5,6,3.0
2021,PIT,15,9,12,0.8125,48,5.0,7,3.0
2021,PIT,16,8,10,0.7291666666666666,48,5.0,7,3.0
2021,PIT,17,8,11,0.7291666666666666,48,5.0,6,3.0
2021,PIT,18,9,11,0.7708333333333334,48,5.0,7,3.0
2021,PIT,19,9,13,0.8333333333333334,48,5.0,8,3.0
2021,SEA,1,4,14,0.75,48,7.75,11,6.0
2021,SEA,2,5,13,0.75,48,7.75,11,6.0
2021,SEA,3,4,11,0.7291666666666666,48,7.75,11,6.0
2021,SEA,4,5,12,0.7291666666666666,48,7.75,11,6.0
2021,SEA,5,6,13,0.75,48,7.75,11,6.0
2021,SEA,6,5,14,0.7708333333333334,48,6.75,10,5.0
2021,SEA,7,5,13,0.7291666666666666,48,6.75,10,5.0
2021,SEA,8,5,13,0.7708333333333334,48,6.75,10,5.0
2021,SEA,10,5,14,0.7708333333333334,48,7.75,11,6.0
2021,SEA,11,4,13,0.75,48,7.75,11,6.0
2021,SEA,12,4,13,0.7291666666666666,48,7.75,11,6.0
2021,SEA,13,6,15,0.75,48,8.25,11,6.0
2021,SEA,14,4,13,0.7291666666666666,48,6.75,10,5.0
2021,SEA,15,5,15,0.7291666666666666,48,6.0,10,4.0
2021,SEA,16,5,15,0.75,48,6.75,10,5.0
2021,SEA,17,4,13,0.7708333333333334,48,6.75,10,5.0
2021,SEA,18,5,14,0.6875,48,5.75,9,4.0
2021,SF,1,11,15,0.7291666666666666,48,5.25,7,4.0
2021,SF,2,12,16,0.7708333333333334,48,5.75,7,4.0
2021,SF,3,11,16,0.75,48,5.75,7,4.0
2021,SF,4,12,16,0.7916666666666666,48,5.25,7,4.0
2021,SF,5,12,15,0.7708333333333334,48,4.0,6,3.0
2021,SF,7,9,14,0.7083333333333334,48,3.0,5,2.0
2021,SF,8,10,14,0.7083333333333334,48,4.0,5,3.0
2021,SF,9,9,12,0.6875,48,5.75,6,4.0
2021,SF,10,8,11,0.7291666666666666,48,5.75,6,4.0
2021,SF,11,8,12,0.75,48,5.75,6,4.0
2021,SF,12,8,12,0.75,48,5.75,6,4.0
2021,SF,13,8,11,0.6666666666666666,48,4.75,5,3.0
2021,SF,14,8,12,0.6875,48,5.75,6,4.0
2021,SF,15,8,12,0.7083333333333334,48,5.75,6,4.0
2021,SF,16,8,12,0.6875,48,5.75,6,4.0
2021,SF,17,8,11,0.7083333333333334,48,5.75,6,4.0
2021,SF,18,8,12,0.7291666666666666,48,4.75,5,3.0
2021,SF,19,8,12,0.6875,48,5.75,6,4.0
2021,SF,20,9,13,0.7083333333333334,48,5.75,6,4.0
2021,SF,21,8,11,0.75,48,5.75,6,4.0
2021,TB,1,10,20,0.8125,48,12.5,8,7.0
2021,TB,2,10,19,0.8125,48,12.5,8,7.0
2021,TB,3,9,17,0.8125,48,11.25,6,6.0
2021,TB,4,9,16,0.7916666666666666,48,12.25,7,6.0
2021,TB,5,10,16,0.7708333333333334,48,12.75,8,7.0
2021,TB,6,10,15,0.7708333333333334,48,11.75,8,6.0
2021,TB,7,10,16,0.7916666666666666,48,10.0,6,6.0
2021,TB,8,10,18,0.8333333333333334,48,12.75,8,7.0
2021,TB,10,11,18,0.8333333333333334,48,12.0,7,7.0
2021,TB,11,10,19,0.8333333333333334,48,11.75,7,7.0
2021,TB,12,10,18,0.8125,48,10.75,7,7.0
2021,TB,13,11,21,0.8333333333333334,48,11.75,7,7.0
2021,TB,14,11,21,0.8333333333333334,48,12.75,8,7.0
2021,TB,15,10,18,0.8125,48,11.75,7,7.0
2021,TB,16,7,15,0.7708333333333334,48,9.75,7,4.0
2021,TB,17,9,18,0.8333333333333334,48,8.75,6,3.0
2021,TB,18,9,17,0.7916666666666666,48,9.0,5,3.0
2021,TB,19,10,19,0.8125,48,11.5,7,6.0
2021,TB,20,9,18,0.7916666666666666,48,9.75,6,5.0
2021,TEN,1,7,14,0.6041666666666666,48,8.5,9,5.0
2021,TEN,2,5,13,0.6458333333333334,48,7.5,8,5.0
2021,TEN,3,6,13,0.6458333333333334,48,8.5,9,5.0
2021,TEN,4,4,10,0.5833333333333334,48,5.5,6,3.0
2021,TEN,5,5,12,0.6458333333333334,48,6.5,7,4.0
2021,TEN,6,7,13,0.625,48,7.5,8,5.0
2021,TEN,7,5,11,0.625,48,7.5,8,5.0
2021,TEN,8,4,10,0.625,48,7.5,8,4.0
2021,TEN,9,6,11,0.6458333333333334,48,8.0,8,4.0
2021,TEN,10,5,10,0.6041666666666666,48,7.0,7,3.0
2021,TEN,11,4,9,0.5208333333333334,48,6.25,6,3.0
2021,TEN,12,3,8,0.5416666666666666,48,5.5,6,2.0
2021,TEN,14,5,8,0.5416666666666666,48,5.75,6,3.0
2021,TEN,15,6,10,0.5625,48,5.0,6,3.0
2021,TEN,16,5,11,0.5833333333333334,48,5.75,7,4.0
2021,TEN,17,5,12,0.6458333333333334,48,6.5,7,3.0
2021,TEN,18,6,13,0.6875,48,7.5,8,4.0
2021,TEN,20,5,12,0.625,48,8.5,9,5.0
2021,WAS,1,8,11,0.7291666666666666,48,3.75,5,2.0
2021,WAS,2,8,11,0.7083333333333334,48,3.75,5,2.0
2021,WAS,3,8,11,0.6875,48,3.75,5,2.0
2021,WAS,4,8,12,0.7083333333333334,48,3.75,5,2.0
2021,WAS,5,7,10,0.7083333333333334,48,2.75,4,1.0
2021,WAS,6,7,8,0.6875,48,2.75,4,1.0
2021,WAS,7,6,7,0.6666666666666666,48,2.75,4,1.0
2021,WAS,8,6,7,0.6666666666666666,48,2.75,4,1.0
2021,WAS,10,7,9,0.6458333333333334,48,3.75,5,2.0
2021,WAS,11,6,8,0.6458333333333334,48,2.75,4,1.0
2021,WAS,12,6,8,0.6666666666666666,48,2.75,4,1.0
2021,WAS,13,6,7,0.6458333333333334,48,2.0,3,1.0
2021,WAS,14,6,8,0.5833333333333334,48,2.75,4,1.0
2021,WAS,15,6,9,0.6458333333333334,48,1.75,3,0.0
2021,WAS,16,5,6,0.625,48,1.0,2,0.0
2021,WAS,17,5,6,0.625,48,1.0,2,1.0
2021,WAS,18,5,6,0.6875,48,2.0,3,1.0
2022,ARI,1,6,14,0.75,48,4.5,5,3.0
2022,ARI,2,8,16,0.7708333333333334,48,4.5,5,3.0
2022,ARI,3,8,18,0.7916666666666666,48,4.5,5,3.0
2022,ARI,4,7,18,0.7708333333333334,48,4.5,5,3.0
2022,ARI,5,9,16,0.7291666666666666,48,2.75,4,3.0
2022,ARI,6,9,16,0.7708333333333334,48,2.25,3,2.0
2022,ARI,7,8,16,0.7708333333333334,48,3.25,4,3.0
2022,ARI,8,7,16,0.7083333333333334,48,4.0,4,3.0
2022,ARI,9,8,17,0.7708333333333334,48,4.0,5,4.0
2022,ARI,10,6,14,0.7291666666666666,48,3.25,4,3.0
2022,ARI,11,6,14,0.7083333333333334,48,3.25,3,3.0
2022,ARI,12,8,15,0.7291666666666666,48,4.0,5,4.0
2022,ARI,14,8,15,0.75,48,4.0,5,4.0
2022,ARI,15,7,14,0.7083333333333334,48,3.25,3,3.0
2022,ARI,16,7,14,0.7083333333333334,48,4.0,4,3.0
2022,ARI,17,6,12,0.6666666666666666,48,2.0,2,1.0
2022,ARI,18,5,11,0.6521739130434783,46,2.0,1,0.0
2022,ATL,1,10,14,0.6041666666666666,48,6.0,6,2.0
2022,ATL,2,10,14,0.625,48,6.0,6,2.0
2022,ATL,3,10,14,0.6458333333333334,48,6.0,6,2.0
2022,ATL,4,10,14,0.6041666666666666,48,6.0,6,2.0
2022,ATL,5,8,12,0.6041666666666666,48,5.0,4,0.0
2022,ATL,6,9,14,0.6458333333333334,48,5.0,5,1.0
2022,ATL,7,9,13,0.6666666666666666,48,4.0,4,1.0
2022,ATL,8,8,12,0.625,48,3.0,4,1.0
2022,ATL,9,9,13,0.6666666666666666,48,4.0,5,2.0
2022,ATL,10,9,13,0.6875,48,4.0,5,2.0
2022,ATL,11,10,14,0.6875,48,5.0,5,2.0
2022,ATL,12,9,13,0.625,48,5.0,4,1.0
2022,ATL,13,9,12,0.625,48,5.0,4,1.0
2022,ATL,15,8,12,0.625,48,5.0,4,1.0
2022,ATL,16,8,12,0.6458333333333334,48,5.0,4,1.0
2022,ATL,17,8,12,0.6666666666666666,48,5.0,4,1.0
2022,ATL,18,8,12,0.6666666666666666,48,5.0,4,1.0
2022,BAL,1,10,12,0.7708333333333334,48,8.75,8,3.0
2022,BAL,2,9,11,0.75,48,9.0,8,3.0
2022,BAL,3,9,12,0.75,48,9.0,8,3.0
2022,BAL,4,10,13,0.8125,48,9.0,9,3.0
2022,BAL,5,10,13,0.7916666666666666,48,10.0,10,3.0
2022,BAL,6,10,13,0.7916666666666666,48,9.0,10,3.0
2022,BAL,7,11,12,0.7916666666666666,48,10.0,10,3.0
2022,BAL,8,11,11,0.7916666666666666,48,9.0,9,3.0
2022,BAL,9,11,14,0.8125,48,10.0,9,3.0
2022,BAL,11,11,13,0.8333333333333334,48,10.5,10,4.0
2022,BAL,12,9,12,0.7916666666666666,48,10.0,9,4.0
2022,BAL,13,10,13,0.7916666666666666,48,10.0,9,4.0
2022,BAL,14,9,14,0.7708333333333334,48,10.5,9,3.0
2022,BAL,15,10,16,0.7916666666666666,48,11.0,9,3.0
2022,BAL,16,10,15,0.7708333333333334,48,8.0,6,3.0
2022,BAL,17,10,15,0.7916666666666666,48,8.0,6,3.0
2022,BAL,18,9,13,0.8085106382978723,47,7.0,6,2.0
2022,BAL,19,11,17,0.7916666666666666,48,9.5,8,3.0
2022,BUF,1,6,13,0.8541666666666666,48,6.5,7,4.0
2022,BUF,2,6,13,0.7916666666666666,48,6.5,7,4.0
2022,BUF,3,6,11,0.7291666666666666,48,4.5,6,2.0
2022,BUF,4,6,12,0.7916666666666666,48,5.5,6,3.0
2022,BUF,5,6,13,0.7708333333333334,48,4.0,5,2.0
2022,BUF,6,7,14,0.8333333333333334,48,5.0,6,3.0
2022,BUF,8,7,14,0.7916666666666666,48,5.0,6,3.0
2022,BUF,9,7,14,0.7708333333333334,48,4.0,6,2.0
2022,BUF,10,6,13,0.7916666666666666,48,4.75,7,2.0
2022,BUF,11,5,12,0.7916666666666666,48,5.75,6,3.0
2022,BUF,12,6,11,0.7708333333333334,48,6.0,6,3.0
2022,BUF,13,7,13,0.8333333333333334,48,6.0,6,2.0
2022,BUF,14,7,13,0.8333333333333334,48,5.25,6,2.0
2022,BUF,15,7,13,0.7916666666666666,48,6.25,6,2.0
2022,BUF,16,7,12,0.7708333333333334,48,6.25,6,2.0
2022,BUF,17,7,14,0.8125,48,6.25,6,2.0
2022,BUF,18,7,14,0.8125,48,5.25,6,2.0
2022,BUF,19,7,13,0.7708333333333334,48,6.25,6,2.0
2022,BUF,20,7,14,0.75,48,6.25,6,2.0
2022,CAR,1,10,16,0.7708333333333334,48,3.5,5,1.0
2022,CAR,2,10,16,0.7291666666666666,48,2.5,4,1.0
2022,CAR,3,10,16,0.75,48,2.5,4,1.0
2022,CAR,4,10,17,0.75,48,2.5,4,1.0
2022,CAR,5,10,16,0.7291666666666666,48,2.5,4,1.0
2022,CAR,6,8,13,0.7083333333333334,48,2.5,4,1.0
2022,CAR,7,7,13,0.7083333333333334,48,1.5,3,1.0
2022,CAR,8,9,15,0.6875,48,1.5,3,1.0
2022,CAR,9,9,16,0.6875,48,1.5,3,1.0
2022,CAR,10,9,15,0.7083333333333334,48,1.5,3,1.0
2022,CAR,11,10,16,0.7708333333333334,48,1.5,3,1.0
2022,CAR,12,10,16,0.7708333333333334,48,0.75,2,1.0
2022,CAR,14,9,15,0.75,48,0.75,2,1.0
2022,CAR,15,9,15,0.7291666666666666,48,1.5,3,1.0
2022,CAR,16,9,15,0.7291666666666666,48,1.5,3,1.0
2022,CAR,17,8,14,0.7291666666666666,48,3.0,4,1.0
2022,CAR,18,7,13,0.7291666666666666,48,3.0,3,0.0
2022,CHI,1,4,12,0.6415094339622641,53,3.75,3,3.0
2022,CHI,2,4,11,0.7083333333333334,48,3.75,3,3.0
2022,CHI,3,4,10,0.6666666666666666,48,2.75,3,3.0
2022,CHI,4,4,10,0.6875,48,2.75,3,2.0
2022,CHI,5,4,9,0.7291666666666666,48,3.75,2,3.0
2022,CHI,6,4,10,0.75,48,2.75,2,3.0
2022,CHI,7,5,11,0.75,48,2.75,2,3.0
2022,CHI,8,5,11,0.7291666666666666,48,1.75,1,2.0
2022,CHI,9,3,11,0.7291666666666666,48,0.75,2,1.0
2022,CHI,10,3,10,0.6875,48,0.75,2,1.0
2022,CHI,11,3,11,0.7291666666666666,48,1.75,2,1.0
2022,CHI,12,2,8,0.7291666666666666,48,1.75,2,1.0
2022,CHI,13,5,11,0.7291666666666666,48,1.0,1,1.0
2022,CHI,15,4,11,0.6666666666666666,48,1.0,1,1.0
2022,CHI,16,5,9,0.6666666666666666,48,1.0,0,1.0
2022,CHI,17,3,10,0.7291666666666666,48,1.0,1,1.0
2022,CHI,18,3,8,0.7291666666666666,48,1.0,1,1.0
2022,CIN,1,5,13,0.8333333333333334,48,7.25,5,4.0
2022,CIN,2,5,13,0.8125,48,7.25,4,4.0
2022,CIN,3,5,12,0.7916666666666666,48,7.25,4,4.0
2022,CIN,4,5,12,0.8125,48,7.25,4,4.0
2022,CIN,5,5,12,0.8125,48,7.25,4,4.0
2022,CIN,6,5,12,0.8125,48,7.25,4,4.0
2022,CIN,7,5,13,0.8333333333333334,48,7.25,4,4.0
2022,CIN,8,3,11,0.7916666666666666,48,6.25,3,3.0
2022,CIN,9,4,11,0.7708333333333334,48,5.25,3,3.0
2022,CIN,11,3,10,0.7708333333333334,48,4.75,3,3.0
2022,CIN,12,4,10,0.75,48,3.75,2,2.0
2022,CIN,13,5,11,0.75,48,4.75,3,3.0
2022,CIN,14,4,11,0.75,48,5.75,4,4.0
2022,CIN,15,4,11,0.7708333333333334,48,4.75,3,3.0
2022,CIN,16,4,11,0.75,48,5.75,4,4.0
2022,CIN,17,5,12,0.7708333333333334,48,5.75,4,4.0
2022,CIN,18,5,13,0.7708333333333334,48,5.75,4,4.0
2022,CIN,19,5,13,0.7708333333333334,48,5.75,4,4.0
2022,CIN,20,5,13,0.7708333333333334,48,5.75,4,4.0
2022,CIN,21,5,13,0.7916666666666666,48,5.75,4,4.0
2022,CLE,1,8,13,0.8541666666666666,48,6.5,8,5.0
2022,CLE,2,8,13,0.8541666666666666,48,6.5,8,5.0
2022,CLE,3,8,13,0.8125,48,6.75,7,5.0
2022,CLE,4,6,11,0.8125,48,5.75,6,4.0
2022,CLE,5,9,14,0.8125,48,7.5,8,5.0
2022,CLE,6,7,13,0.7916666666666666,48,6.75,6,4.0
2022,CLE,7,8,15,0.8125,48,7.25,7,3.0
2022,CLE,8,7,13,0.7916666666666666,48,7.25,7,3.0
2022,CLE,10,8,14,0.7916666666666666,48,8.25,9,5.0
2022,CLE,11,8,15,0.8125,48,8.25,9,5.0
2022,CLE,12,8,14,0.7916666666666666,48,8.25,9,5.0
2022,CLE,13,9,15,0.7708333333333334,48,8.25,10,5.0
2022,CLE,14,10,15,0.7708333333333334,48,8.25,10,5.0
2022,CLE,15,10,16,0.7708333333333334,48,8.25,10,5.0
2022,CLE,16,9,16,0.8125,48,7.5,9,5.0
2022,CLE,17,10,17,0.8333333333333334,48,8.25,10,5.0
2022,CLE,18,8,15,0.7916666666666666,48,6.5,9,5.0
2022,DAL,1,9,14,0.7916666666666666,48,7.0,11,5.0
2022,DAL,2,9,14,0.75,48,7.0,10,4.0
2022,DAL,3,9,14,0.7708333333333334,48,7.5,10,4.0
2022,DAL,4,9,14,0.7708333333333334,48,7.5,10,4.0
2022,DAL,5,9,14,0.8125,48,7.0,9,4.0
2022,DAL,6,9,14,0.7708333333333334,48,7.5,9,4.0
2022,DAL,7,9,14,0.7708333333333334,48,7.5,10,5.0
2022,DAL,8,7,11,0.7291666666666666,48,7.25,9,5.0
2022,DAL,10,7,12,0.75,48,6.75,8,5.0
2022,DAL,11,8,13,0.75,48,7.5,9,5.0
2022,DAL,12,8,11,0.75,48,7.0,9,5.0
2022,DAL,13,9,14,0.75,48,8.0,10,5.0
2022,DAL,14,9,15,0.75,48,8.0,10,5.0
2022,DAL,15,10,15,0.75,48,8.25,11,6.0
2022,DAL,16,9,13,0.7708333333333334,48,7.5,10,6.0
2022,DAL,17,9,13,0.7708333333333334,48,7.5,10,6.0
2022,DAL,18,9,14,0.7291666666666666,48,7.5,10,6.0
2022,DAL,19,11,16,0.75,48,9.5,12,6.0
2022,DAL,20,11,16,0.7708333333333334,48,9.0,12,6.0
2022,DEN,1,6,13,0.6875,48,4.75,5,2.0
2022,DEN,2,6,11,0.6458333333333334,48,3.75,4,1.0
2022,DEN,3,6,13,0.625,48,3.75,4,1.0
2022,DEN,4,6,13,0.6458333333333334,48,3.75,4,1.0
2022,DEN,5,6,11,0.6458333333333334,48,4.75,4,1.0
2022,DEN,6,5,9,0.625,48,5.25,5,2.0
2022,DEN,7,5,9,0.6875,48,3.25,4,1.0
2022,DEN,8,5,9,0.625,48,4.25,5,2.0
2022,DEN,10,4,7,0.6170212765957447,47,3.25,3,1.0
2022,DEN,11,3,6,0.6458333333333334,48,3.25,4,2.0
2022,DEN,12,2,5,0.6458333333333334,48,3.25,3,2.0
2022,DEN,13,3,6,0.6458333333333334,48,3.25,3,2.0
2022,DEN,14,3,4,0.6041666666666666,48,3.25,2,2.0
2022,DEN,15,3,6,0.625,48,2.25,1,1.0
2022,DEN,16,3,7,0.625,48,3.25,3,2.0
2022,DEN,17,3,6,0.5208333333333334,48,3.25,3,2.0
2022,DEN,18,3,5,0.5416666666666666,48,3.25,3,2.0
2022,DET,1,10,12,0.7083333333333334,48,3.0,6,0.0
2022,DET,2,9,11,0.6666666666666666,48,2.0,4,0.0
2022,DET,3,10,12,0.6666666666666666,48,3.0,5,0.0
2022,DET,4,10,10,0.625,48,3.0,4,0.0
2022,DET,5,9,9,0.6041666666666666,48,3.0,5,0.0
2022,DET,7,8,9,0.6041666666666666,48,3.0,5,0.0
2022,DET,8,7,9,0.5833333333333334,48,3.0,5,0.0
2022,DET,9,8,10,0.5833333333333334,48,2.0,4,0.0
2022,DET,10,9,11,0.5833333333333334,48,2.0,4,0.0
2022,DET,11,8,10,0.625,48,2.0,5,0.0
2022,DET,12,6,8,0.6458333333333334,48,2.0,4,0.0
2022,DET,13,8,11,0.6666666666666666,48,2.0,5,0.0
2022,DET,14,9,12,0.6458333333333334,48,2.0,5,0.0
2022,DET,15,9,12,0.6458333333333334,48,2.0,5,0.0
2022,DET,16,8,11,0.6458333333333334,48,2.0,5,0.0
2022,DET,17,8,11,0.625,48,2.0,5,0.0
2022,DET,18,7,10,0.625,48,2.0,5,0.0
2022,GB,1,11,17,0.8333333333333334,48,5.0,4,2.0
2022,GB,2,11,18,0.8333333333333334,48,5.0,5,2.0
2022,GB,3,10,16,0.8333333333333334,48,6.0,6,2.0
2022,GB,4,9,16,0.8125,48,5.0,5,2.0
2022,GB,5,9,16,0.8125,48,6.0,6,2.0
2022,GB,6,10,16,0.8333333333333334,48,6.0,6,2.0
2022,GB,7,11,16,0.8125,48,4.5,5,2.0
2022,GB,8,11,16,0.8125,48,5.5,5,2.0
2022,GB,9,11,17,0.8333333333333334,48,4.5,6,1.0
2022,GB,10,10,16,0.8125,48,4.5,6,1.0
2022,GB,11,10,17,0.7916666666666666,48,5.0,6,1.0
2022,GB,12,9,16,0.7916666666666666,48,5.0,6,1.0
2022,GB,13,8,15,0.7916666666666666,48,5.0,5,2.0
2022,GB,15,8,15,0.8125,48,5.0,5,2.0
2022,GB,16,8,15,0.7916666666666666,48,5.0,5,2.0
2022,GB,17,8,15,0.7916666666666666,48,6.0,6,2.0
2022,GB,18,8,15,0.7916666666666666,48,6.0,6,2.0
2022,HOU,1,8,11,0.75,48,3.0,1,0.0
2022,HOU,2,7,9,0.7708333333333334,48,3.0,1,0.0
2022,HOU,3,8,10,0.7291666666666666,48,3.0,1,0.0
2022,HOU,4,8,10,0.7708333333333334,48,3.0,1,0.0
2022,HOU,5,8,10,0.7083333333333334,48,3.0,1,0.0
2022,HOU,7,8,10,0.75,48,3.0,1,0.0
2022,HOU,8,8,10,0.6875,48,3.0,1,0.0
2022,HOU,9,7,9,0.7291666666666666,48,3.0,1,0.0
2022,HOU,10,8,10,0.75,48,3.0,1,0.0
2022,HOU,11,7,9,0.7083333333333334,48,3.0,1,0.0
2022,HOU,12,7,9,0.6875,48,3.0,1,0.0
2022,HOU,13,5,7,0.6875,48,3.0,1,0.0
2022,HOU,14,6,8,0.7916666666666666,48,3.0,1,0.0
2022,HOU,15,4,6,0.7291666666666666,48,3.0,1,0.0
2022,HOU,16,5,7,0.75,48,3.0,1,0.0
2022,HOU,17,7,9,0.7291666666666666,48,3.0,1,0.0
2022,HOU,18,5,7,0.6875,48,3.0,1,0.0
2022,IND,1,6,14,0.7708333333333334,48,7.75,8,3.0
2022,IND,2,6,12,0.7708333333333334,48,7.75,8,3.0
2022,IND,3,6,14,0.75,48,7.75,8,3.0
2022,IND,4,6,15,0.7708333333333334,48,8.75,9,4.0
2022,IND,5,6,12,0.7083333333333334,48,7.5,8,2.0
2022,IND,6,5,12,0.7083333333333334,48,6.5,8,2.0
2022,IND,7,5,13,0.75,48,6.75,8,3.0
2022,IND,8,4,13,0.7708333333333334,48,7.0,9,4.0
2022,IND,9,5,12,0.75,48,6.75,9,3.0
2022,IND,10,6,13,0.75,48,7.75,8,3.0
2022,IND,11,5,12,0.6875,48,7.75,8,3.0
2022,IND,12,5,12,0.6875,48,7.75,8,3.0
2022,IND,13,6,12,0.7291666666666666,48,7.75,7,3.0
2022,IND,15,6,12,0.7291666666666666,48,7.75,7,3.0
2022,IND,16,5,11,0.7291666666666666,48,6.0,6,2.0
2022,IND,17,5,11,0.6875,48,5.0,5,2.0
2022,IND,18,5,11,0.6875,48,5.75,4,2.0
2022,JAX,1,8,15,0.7291666666666666,48,3.0,4,0.0
2022,JAX,2,8,15,0.7291666666666666,48,3.0,4,0.0
2022,JAX,3,8,15,0.7291666666666666,48,3.0,3,0.0
2022,JAX,4,7,13,0.6875,48,3.0,4,0.0
2022,JAX,5,8,15,0.7291666666666666,48,3.0,4,0.0
2022,JAX,6,7,14,0.7083333333333334,48,3.0,4,0.0
2022,JAX,7,7,13,0.6875,48,2.0,3,0.0
2022,JAX,8,7,13,0.7083333333333334,48,2.0,3,0.0
2022,JAX,9,7,14,0.7291666666666666,48,3.0,3,0.0
2022,JAX,10,7,14,0.7291666666666666,48,3.0,3,0.0
2022,JAX,12,7,14,0.7291666666666666,48,3.0,3,0.0
2022,JAX,13,7,14,0.7291666666666666,48,3.0,3,0.0
2022,JAX,14,8,15,0.7291666666666666,48,3.0,3,0.0
2022,JAX,15,7,14,0.7083333333333334,48,3.0,3,0.0
2022,JAX,16,7,13,0.6875,48,3.0,3,0.0
2022,JAX,17,8,14,0.7083333333333334,48,3.0,3,0.0
2022,JAX,18,8,14,0.6875,48,3.0,3,0.0
2022,JAX,19,8,14,0.6875,48,3.0,3,0.0
2022,JAX,20,8,14,0.6875,48,3.0,3,0.0
2022,KC,1,4,16,0.8541666666666666,48,6.0,7,2.0
2022,KC,2,3,15,0.8125,48,6.0,7,2.0
2022,KC,3,3,14,0.7708333333333334,48,6.0,7,2.0
2022,KC,4,3,14,0.7916666666666666,48,6.0,7,2.0
2022,KC,5,3,14,0.7916666666666666,48,6.0,7,2.0
2022,KC,6,3,13,0.7708333333333334,48,6.0,7,2.0
2022,KC,7,3,15,0.7708333333333334,48,6.0,7,2.0
2022,KC,9,5,16,0.8125,48,6.0,6,2.0
2022,KC,10,5,15,0.8125,48,5.0,5,2.0
2022,KC,11,5,15,0.8333333333333334,48,5.0,5,2.0
2022,KC,12,3,14,0.8125,48,4.0,6,2.0
2022,KC,13,3,15,0.8125,48,4.0,6,2.0
2022,KC,14,3,15,0.8541666666666666,48,5.0,7,2.0
2022,KC,15,4,16,0.8541666666666666,48,5.0,7,2.0
2022,KC,16,5,17,0.875,48,5.0,7,2.0
2022,KC,17,4,16,0.875,48,5.0,7,2.0
2022,KC,18,4,15,0.875,48,5.0,7,2.0
2022,KC,20,4,16,0.875,48,5.0,7,2.0
2022,KC,21,4,17,0.8541666666666666,48,6.0,8,2.0
2022,KC,22,4,16,0.8541666666666666,48,5.0,7,2.0
2022,LA,1,5,12,0.75,48,6.0,5,5.0
2022,LA,2,5,12,0.7291666666666666,48,6.0,5,5.0
2022,LA,3,6,13,0.7083333333333334,48,6.0,5,5.0
2022,LA,4,6,12,0.6666666666666666,48,6.0,5,5.0
2022,LA,5,6,12,0.6875,48,6.0,5,5.0
2022,LA,6,6,12,0.6666666666666666,48,6.0,5,5.0
2022,LA,8,5,12,0.6875,48,6.0,5,5.0
2022,LA,9,5,12,0.6875,48,6.0,5,5.0
2022,LA,10,4,11,0.6875,48,6.0,5,4.0
2022,LA,11,4,12,0.7291666666666666,48,5.0,4,4.0
2022,LA,12,4,10,0.6666666666666666,48,4.0,4,3.0
2022,LA,13,3,9,0.6458333333333334,48,3.0,3,2.0
2022,LA,14,4,10,0.6666666666666666,48,3.0,3,2.0
2022,LA,15,4,10,0.6458333333333334,48,3.0,3,2.0
2022,LA,16,4,10,0.6666666666666666,48,3.0,3,2.0
2022,LA,17,4,10,0.6458333333333334,48,3.0,3,2.0
2022,LA,18,4,10,0.625,48,3.0,3,2.0
2022,LAC,1,10,15,0.75,48,10.0,8,7.0
2022,LAC,2,10,15,0.7083333333333334,48,9.0,7,7.0
2022,LAC,3,10,15,0.75,48,8.0,6,5.0
2022,LAC,4,8,13,0.7083333333333334,48,7.0,5,5.0
2022,LAC,5,8,13,0.6666666666666666,48,7.0,5,5.0
2022,LAC,6,8,13,0.6666666666666666,48,6.0,4,4.0
2022,LAC,7,8,13,0.6875,48,8.0,6,6.0
2022,LAC,9,6,12,0.6875,48,7.0,5,4.0
2022,LAC,10,6,11,0.6666666666666666,48,7.0,5,4.0
2022,LAC,11,7,10,0.6458333333333334,48,8.0,6,5.0
2022,LAC,12,5,8,0.6458333333333334,48,8.0,6,5.0
2022,LAC,13,5,9,0.625,48,7.0,5,4.0
2022,LAC,14,5,9,0.6041666666666666,48,6.0,5,4.0
2022,LAC,15,5,9,0.625,48,7.0,5,4.0
2022,LAC,16,6,10,0.6458333333333334,48,8.0,6,5.0
2022,LAC,17,6,10,0.625,48,8.0,6,5.0
2022,LAC,18,7,11,0.6458333333333334,48,8.0,7,6.0
2022,LAC,19,6,10,0.625,48,9.0,7,6.0
2022,LV,1,5,12,0.7083333333333334,48,7.5,9,5.0
2022,LV,2,5,10,0.6458333333333334,48,7.5,8,5.0
2022,LV,3,5,10,0.6458333333333334,48,7.5,7,5.0
2022,LV,4,5,11,0.625,48,7.5,8,5.0
2022,LV,5,5,11,0.6458333333333334,48,7.0,9,5.0
2022,LV,7,5,12,0.6666666666666666,48,6.5,8,4.0
2022,LV,8,5,11,0.6458333333333334,48,6.0,8,4.0
2022,LV,9,5,11,0.6666666666666666,48,6.0,8,4.0
2022,LV,10,3,9,0.5625,48,6.0,6,4.0
2022,LV,11,4,10,0.6041666666666666,48,5.0,7,4.0
2022,LV,12,5,11,0.5833333333333334,48,6.0,7,4.0
2022,LV,13,5,12,0.625,48,6.0,7,4.0
2022,LV,14,5,11,0.625,48,6.0,7,4.0
2022,LV,15,5,11,0.625,48,7.0,9,5.0
2022,LV,16,5,11,0.625,48,7.0,9,5.0
2022,LV,17,4,8,0.6041666666666666,48,6.0,6,3.0
2022,LV,18,4,8,0.6041666666666666,48,6.0,6,3.0
2022,MIA,1,7,16,0.7708333333333334,48,7.0,4,3.0
2022,MIA,2,7,17,0.7708333333333334,48,7.75,4,3.0
2022,MIA,3,7,16,0.7708333333333334,48,7.75,4,3.0
2022,MIA,4,6,16,0.7708333333333334,48,7.75,4,3.0
2022,MIA,5,6,15,0.7916666666666666,48,6.0,3,2.0
2022,MIA,6,6,16,0.7708333333333334,48,7.0,3,3.0
2022,MIA,7,7,16,0.7708333333333334,48,7.0,4,3.0
2022,MIA,8,7,16,0.7708333333333334,48,7.0,4,3.0
2022,MIA,9,8,17,0.7708333333333334,48,8.0,5,3.0
2022,MIA,10,7,16,0.75,48,8.0,5,3.0
2022,MIA,12,7,15,0.75,48,8.0,5,3.0
2022,MIA,13,6,14,0.6875,48,7.25,4,3.0
2022,MIA,14,7,15,0.75,48,8.0,6,3.0
2022,MIA,15,8,15,0.7708333333333334,48,8.0,6,3.0
2022,MIA,16,7,15,0.7291666666666666,48,8.0,5,3.0
2022,MIA,17,6,14,0.7083333333333334,48,5.25,2,2.0
2022,MIA,18,6,15,0.7708333333333334,48,7.25,4,3.0
2022,MIA,19,6,14,0.7708333333333334,48,8.0,5,3.0
2022,MIN,1,6,15,0.7708333333333334,48,8.5,10,3.0
2022,MIN,2,7,15,0.7916666666666666,48,8.5,10,3.0
2022,MIN,3,6,14,0.7708333333333334,48,7.5,9,3.0
2022,MIN,4,7,15,0.7916666666666666,48,8.5,10,3.0
2022,MIN,5,6,14,0.7708333333333334,48,8.5,10,3.0
2022,MIN,6,6,15,0.75,48,8.5,10,3.0
2022,MIN,8,6,15,0.7916666666666666,48,8.5,10,3.0
2022,MIN,9,7,14,0.7916666666666666,48,9.5,11,3.0
2022,MIN,10,7,14,0.8125,48,9.5,11,3.0
2022,MIN,11,7,14,0.8125,48,9.5,11,3.0
2022,MIN,12,6,12,0.7708333333333334,48,9.5,11,3.0
2022,MIN,13,6,12,0.7708333333333334,48,9.5,11,3.0
2022,MIN,14,4,10,0.7708333333333334,48,8.5,10,3.0
2022,MIN,15,6,12,0.75,48,9.5,11,3.0
2022,MIN,16,6,12,0.7708333333333334,48,9.5,11,3.0
2022,MIN,17,6,12,0.75,48,9.5,11,3.0
2022,MIN,18,5,11,0.75,48,7.5,8,3.0
2022,MIN,19,7,13,0.7916666666666666,48,9.5,10,3.0
2022,NE,1,7,13,0.7291666666666666,48,6.5,6,2.0
2022,NE,2,7,13,0.75,48,6.5,6,2.0
2022,NE,3,7,11,0.7291666666666666,48,6.5,6,2.0
2022,NE,4,6,12,0.75,48,7.0,5,1.0
2022,NE,5,6,13,0.75,48,7.0,5,1.0
2022,NE,6,5,11,0.7708333333333334,48,7.0,5,1.0
2022,NE,7,6,12,0.7708333333333334,48,6.5,6,2.0
2022,NE,8,7,12,0.7708333333333334,48,6.0,6,2.0
2022,NE,9,6,12,0.7446808510638298,47,5.5,6,2.0
2022,NE,11,7,13,0.7291666666666666,48,4.5,5,2.0
2022,NE,12,6,12,0.7291666666666666,48,4.5,5,2.0
2022,NE,13,6,12,0.6875,48,4.5,5,2.0
2022,NE,14,6,13,0.75,48,5.0,5,2.0
2022,NE,15,5,13,0.7291666666666666,48,5.0,5,2.0
2022,NE,16,5,12,0.6875,48,4.5,5,2.0
2022,NE,17,5,12,0.6458333333333334,48,4.5,5,2.0
2022,NE,18,6,13,0.6666666666666666,48,4.5,5,2.0
2022,NO,1,11,19,0.625,48,9.5,10,5.0
2022,NO,2,10,19,0.625,48,8.5,9,4.0
2022,NO,3,11,18,0.6666666666666666,48,8.5,9,5.0
2022,NO,4,9,15,0.625,48,8.0,7,4.0
2022,NO,5,9,14,0.5833333333333334,48,8.5,9,5.0
2022,NO,6,9,15,0.5833333333333334,48,6.5,7,4.0
2022,NO,7,9,16,0.5833333333333334,48,6.5,6,4.0
2022,NO,8,10,17,0.6041666666666666,48,6.5,7,4.0
2022,NO,9,9,16,0.625,48,6.5,6,4.0
2022,NO,10,7,12,0.574468085106383,47,7.0,6,4.0
2022,NO,11,7,13,0.5833333333333334,48,6.5,6,3.0
2022,NO,12,11,17,0.6458333333333334,48,7.0,8,4.0
2022,NO,13,10,16,0.6041666666666666,48,7.0,8,4.0
2022,NO,15,9,17,0.6041666666666666,48,7.5,7,4.0
2022,NO,16,7,12,0.5625,48,7.0,6,4.0
2022,NO,17,9,13,0.5833333333333334,48,8.0,6,5.0
2022,NO,18,7,12,0.5531914893617021,47,7.0,6,5.0
2022,NYG,1,8,12,0.75,48,1.5,4,1.0
2022,NYG,2,8,11,0.75,48,1.5,4,1.0
2022,NYG,3,7,11,0.7708333333333334,48,1.5,4,0.0
2022,NYG,4,7,11,0.7708333333333334,48,1.5,5,0.0
2022,NYG,5,7,10,0.7291666666666666,48,1.5,4,0.0
2022,NYG,6,8,12,0.7291666666666666,48,1.5,4,1.0
2022,NYG,7,8,13,0.75,48,2.0,5,1.0
2022,NYG,8,7,12,0.7291666666666666,48,2.0,5,1.0
2022,NYG,10,7,10,0.75,48,1.5,5,1.0
2022,NYG,11,7,10,0.75,48,1.5,5,1.0
2022,NYG,12,6,8,0.6875,48,1.5,5,1.0
2022,NYG,13,8,11,0.7291666666666666,48,1.5,4,1.0
2022,NYG,14,6,9,0.7291666666666666,48,1.5,5,0.0
2022,NYG,15,7,11,0.7291666666666666,48,2.0,6,1.0
2022,NYG,16,7,11,0.7291666666666666,48,2.0,6,1.0
2022,NYG,17,7,12,0.7291666666666666,48,2.0,6,1.0
2022,NYG,18,4,8,0.7291666666666666,48,1.25,5,0.0
2022,NYG,19,9,14,0.7708333333333334,48,2.0,6,1.0
2022,NYG,20,9,14,0.7708333333333334,48,2.0,6,1.0
2022,NYJ,1,11,14,0.8333333333333334,48,2.5,3,0.0
2022,NYJ,2,11,14,0.8333333333333334,48,2.5,3,0.0
2022,NYJ,3,11,14,0.875,48,2.5,3,0.0
2022,NYJ,4,12,15,0.8541666666666666,48,2.5,3,0.0
2022,NYJ,5,14,17,0.8958333333333334,48,3.25,4,0.0
2022,NYJ,6,13,17,0.875,48,3.25,4,0.0
2022,NYJ,7,13,17,0.8333333333333334,48,3.25,4,0.0
2022,NYJ,8,10,14,0.8541666666666666,48,3.25,4,0.0
2022,NYJ,9,11,15,0.8333333333333334,48,3.25,4,0.0
2022,NYJ,11,10,14,0.8541666666666666,48,3.25,4,0.0
2022,NYJ,12,11,15,0.875,48,3.25,4,0.0
2022,NYJ,13,11,15,0.7916666666666666,48,3.25,4,0.0
2022,NYJ,14,11,15,0.8125,48,3.25,4,0.0
2022,NYJ,15,10,13,0.7916666666666666,48,2.5,4,0.0
2022,NYJ,16,12,14,0.7916666666666666,48,2.5,4,0.0
2022,NYJ,17,12,15,0.8125,48,3.25,4,0.0
2022,NYJ,18,12,15,0.8125,48,1.75,3,0.0
2022,PHI,1,7,15,0.8125,48,8.5,11,2.0
2022,PHI,2,6,14,0.8125,48,8.5,11,2.0
2022,PHI,3,6,14,0.8333333333333334,48,8.5,11,2.0
2022,PHI,4,6,14,0.8125,48,8.5,11,2.0
2022,PHI,5,6,14,0.75,48,6.5,10,2.0
2022,PHI,6,7,15,0.8333333333333334,48,8.5,11,2.0
2022,PHI,8,8,16,0.8541666666666666,48,9.5,12,3.0
2022,PHI,9,7,15,0.8125,48,9.5,12,3.0
2022,PHI,10,7,15,0.8125,48,9.5,12,3.0
2022,PHI,11,8,16,0.8125,48,10.75,13,3.0
2022,PHI,12,8,16,0.8125,48,10.75,13,3.0
2022,PHI,13,8,16,0.7916666666666666,48,9.75,12,2.0
2022,PHI,14,8,16,0.7916666666666666,48,9.75,12,2.0
2022,PHI,15,8,16,0.8125,48,10.75,13,2.0
2022,PHI,16,8,16,0.8125,48,10.75,13,2.0
2022,PHI,17,7,15,0.7916666666666666,48,9.75,12,2.0
2022,PHI,18,8,17,0.7916666666666666,48,10.75,12,3.0
2022,PHI,20,9,18,0.8125,48,11.75,14,3.0
2022,PHI,21,9,18,0.8125,48,11.75,14,3.0
2022,PHI,22,9,18,0.8125,48,10.75,13,3.0
2022,PIT,1,9,14,0.7291666666666666,48,5.0,6,2.0
2022,PIT,2,8,13,0.7083333333333334,48,5.0,6,1.0
2022,PIT,3,8,13,0.7083333333333334,48,5.0,6,1.0
2022,PIT,4,8,15,0.7291666666666666,48,5.0,6,1.0
2022,PIT,5,7,14,0.7083333333333334,48,4.0,6,1.0
2022,PIT,6,7,14,0.7083333333333334,48,4.0,5,1.0
2022,PIT,7,8,15,0.7291666666666666,48,5.0,6,1.0
2022,PIT,8,8,14,0.7291666666666666,48,5.0,5,1.0
2022,PIT,10,8,13,0.7083333333333334,48,4.0,4,2.0
2022,PIT,11,9,13,0.7083333333333334,48,5.0,5,2.0
2022,PIT,12,9,13,0.7291666666666666,48,5.0,5,2.0
2022,PIT,13,9,13,0.7083333333333334,48,5.0,5,2.0
2022,PIT,14,9,13,0.7291666666666666,48,5.0,6,2.0
2022,PIT,15,8,11,0.7083333333333334,48,4.0,6,2.0
2022,PIT,16,8,12,0.6875,48,5.0,6,2.0
2022,PIT,17,9,13,0.7083333333333334,48,5.0,6,2.0
2022,PIT,18,9,13,0.7083333333333334,48,5.0,6,2.0
2022,SEA,1,5,14,0.7916666666666666,48,5.5,6,1.0
2022,SEA,2,4,15,0.8333333333333334,48,4.5,5,1.0
2022,SEA,3,4,14,0.7916666666666666,48,4.5,5,1.0
2022,SEA,4,4,15,0.8125,48,4.5,5,1.0
2022,SEA,5,5,14,0.7708333333333334,48,4.5,5,1.0
2022,SEA,6,3,13,0.7291666666666666,48,4.5,5,1.0
2022,SEA,7,4,13,0.7708333333333334,48,4.5,5,1.0
2022,SEA,8,6,15,0.8333333333333334,48,3.5,4,1.0
2022,SEA,9,6,15,0.8125,48,4.5,5,1.0
2022,SEA,10,5,14,0.7916666666666666,48,4.5,5,1.0
2022,SEA,12,6,14,0.8125,48,4.5,5,1.0
2022,SEA,13,5,14,0.7916666666666666,48,4.5,5,1.0
2022,SEA,14,7,14,0.7708333333333334,48,4.5,5,1.0
2022,SEA,15,6,14,0.75,48,4.5,5,1.0
2022,SEA,16,7,15,0.7916666666666666,48,3.75,5,1.0
2022,SEA,17,7,15,0.7708333333333334,48,4.5,5,1.0
2022,SEA,18,6,14,0.75,48,4.5,5,1.0
2022,SEA,19,6,14,0.7291666666666666,48,4.5,5,1.0
2022,SF,1,8,12,0.6470588235294118,51,7.25,6,5.0
2022,SF,2,7,11,0.6875,48,7.25,5,5.0
2022,SF,3,5,9,0.6875,48,8.25,6,6.0
2022,SF,4,4,9,0.6458333333333334,48,7.25,5,5.0
2022,SF,5,4,9,0.6666666666666666,48,7.25,5,6.0
2022,SF,6,2,7,0.6666666666666666,48,6.25,4,4.0
2022,SF,7,6,10,0.7083333333333334,48,9.25,7,7.0
2022,SF,8,6,9,0.6458333333333334,48,7.75,5,5.0
2022,SF,10,6,10,0.7083333333333334,48,9.25,7,7.0
2022,SF,11,6,10,0.7083333333333334,48,9.25,7,7.0
2022,SF,12,6,10,0.7083333333333334,48,9.25,7,7.0
2022,SF,13,7,11,0.75,48,9.25,7,7.0
2022,SF,14,7,10,0.7291666666666666,48,9.25,7,7.0
2022,SF,15,7,10,0.7083333333333334,48,8.75,6,6.0
2022,SF,16,8,9,0.7291666666666666,48,8.25,6,6.0
2022,SF,17,8,10,0.7291666666666666,48,8.25,6,6.0
2022,SF,18,8,10,0.7291666666666666,48,9.75,7,7.0
2022,SF,19,8,11,0.7291666666666666,48,9.75,7,7.0
2022,SF,20,8,11,0.7083333333333334,48,9.75,7,7.0
2022,SF,21,8,11,0.7291666666666666,48,9.75,7,7.0
2022,TB,1,10,18,0.8333333333333334,48,10.75,11,4.0
2022,TB,2,9,16,0.7916666666666666,48,8.75,9,4.0
2022,TB,3,8,15,0.7708333333333334,48,8.0,8,4.0
2022,TB,4,9,16,0.8125,48,11.0,10,4.0
2022,TB,5,8,16,0.8333333333333334,48,9.0,10,4.0
2022,TB,6,9,15,0.7916666666666666,48,9.0,9,4.0
2022,TB,7,9,15,0.8125,48,9.0,10,4.0
2022,TB,8,10,15,0.7708333333333334,48,9.0,10,4.0
2022,TB,9,10,16,0.8125,48,8.75,10,3.0
2022,TB,10,10,16,0.8333333333333334,48,9.75,10,3.0
2022,TB,12,9,16,0.8333333333333334,48,9.75,10,3.0
2022,TB,13,8,15,0.8333333333333334,48,7.75,9,2.0
2022,TB,14,8,14,0.7916666666666666,48,7.75,8,2.0
2022,TB,15,7,16,0.7916666666666666,48,7.75,8,2.0
2022,TB,16,8,16,0.8125,48,9.75,10,3.0
2022,TB,17,9,17,0.8333333333333334,48,9.75,11,3.0
2022,TB,18,8,16,0.8125,48,8.75,9,3.0
2022,TB,19,8,16,0.875,48,10.75,10,3.0
2022,TEN,1,6,13,0.6666666666666666,48,4.75,7,3.0
2022,TEN,2,6,14,0.6875,48,5.25,7,3.0
2022,TEN,3,4,13,0.625,48,4.5,6,3.0
2022,TEN,4,5,13,0.625,48,4.0,7,3.0
2022,TEN,5,3,11,0.625,48,4.0,7,3.0
2022,TEN,7,4,12,0.625,48,4.0,7,3.0
2022,TEN,8,3,12,0.6666666666666666,48,4.0,5,3.0
2022,TEN,9,3,12,0.6666666666666666,48,4.0,5,3.0
2022,TEN,10,3,10,0.6041666666666666,48,3.0,5,2.0
2022,TEN,11,3,10,0.5833333333333334,48,5.0,7,3.0
2022,TEN,12,4,11,0.5833333333333334,48,4.0,6,3.0
2022,TEN,13,4,11,0.6458333333333334,48,4.0,7,3.0
2022,TEN,14,3,9,0.6458333333333334,48,4.0,7,3.0
2022,TEN,15,3,10,0.6666666666666666,48,4.0,6,3.0
2022,TEN,16,3,9,0.5833333333333334,48,4.0,5,3.0
2022,TEN,17,1,6,0.5319148936170213,47,2.0,3,1.0
2022,TEN,18,2,9,0.5833333333333334,48,4.0,5,3.0
2022,WAS,1,7,11,0.75,48,4.5,5,1.0
2022,WAS,2,7,10,0.7291666666666666,48,4.5,5,1.0
2022,WAS,3,6,10,0.75,48,4.5,5,1.0
2022,WAS,4,7,11,0.7708333333333334,48,4.5,5,1.0
2022,WAS,5,6,9,0.7291666666666666,48,4.5,5,1.0
2022,WAS,6,5,8,0.7291666666666666,48,4.5,5,1.0
2022,WAS,7,4,8,0.7291666666666666,48,3.75,4,1.0
2022,WAS,8,4,8,0.7083333333333334,48,3.75,4,1.0
2022,WAS,9,4,8,0.7291666666666666,48,3.75,4,1.0
2022,WAS,10,5,9,0.7083333333333334,48,3.75,4,1.0
2022,WAS,11,5,9,0.75,48,3.75,4,1.0
2022,WAS,12,5,9,0.7291666666666666,48,4.25,4,1.0
2022,WAS,13,5,9,0.7291666666666666,48,4.25,3,1.0
2022,WAS,15,6,10,0.7708333333333334,48,4.5,5,1.0
2022,WAS,16,7,11,0.7916666666666666,48,5.5,6,1.0
2022,WAS,17,7,10,0.7291666666666666,48,4.5,6,1.0
2022,WAS,18,4,7,0.7083333333333334,48,2.0,4,0.0
2023,ARI,1,5,11,0.6666666666666666,48,2.25,3,1.0
2023,ARI,2,4,9,0.6458333333333334,48,1.25,2,0.0
2023,ARI,3,4,9,0.6458333333333334,48,1.25,2,0.0
2023,ARI,4,4,9,0.6458333333333334,48,1.25,2,0.0
2023,ARI,5,4,9,0.6041666666666666,48,1.25,2,0.0
2023,ARI,6,4,9,0.5625,48,1.25,1,0.0
2023,ARI,7,4,10,0.6458333333333334,48,2.25,2,1.0
2023,ARI,8,4,9,0.625,48,1.5,1,1.0
2023,ARI,9,4,9,0.5833333333333334,48,1.5,1,1.0
2023,ARI,10,4,9,0.6666666666666666,48,1.5,3,1.0
2023,ARI,11,5,10,0.6458333333333334,48,1.5,3,1.0
2023,ARI,12,5,10,0.6041666666666666,48,1.5,3,1.0
2023,ARI,13,5,10,0.6041666666666666,48,1.5,3,1.0
2023,ARI,15,5,10,0.6041666666666666,48,1.5,3,1.0
2023,ARI,16,4,9,0.5208333333333334,48,1.5,3,1.0
2023,ARI,17,4,9,0.5625,48,1.5,3,1.0
2023,ARI,18,3,8,0.5416666666666666,48,1.5,3,1.0
2023,ATL,1,8,14,0.7291666666666666,48,6.5,6,2.0
2023,ATL,2,9,14,0.7708333333333334,48,6.5,6,2.0
2023,ATL,3,10,16,0.75,48,6.5,6,2.0
2023,ATL,4,11,16,0.7708333333333334,48,7.5,7,2.0
2023,ATL,5,11,16,0.75,48,7.5,7,2.0
2023,ATL,6,11,17,0.7291666666666666,48,7.5,7,2.0
2023,ATL,7,11,17,0.7291666666666666,48,7.5,7,2.0
2023,ATL,8,11,17,0.7708333333333334,48,7.5,7,2.0
2023,ATL,9,10,16,0.7291666666666666,48,6.75,6,1.0
2023,ATL,10,11,17,0.7708333333333334,48,6.75,6,1.0
2023,ATL,12,11,17,0.7291666666666666,48,6.75,6,1.0
2023,ATL,13,10,16,0.7291666666666666,48,6.75,6,1.0
2023,ATL,14,9,15,0.75,48,6.75,6,1.0
2023,ATL,15,8,14,0.6875,48,5.75,5,0.0
2023,ATL,16,10,16,0.7291666666666666,48,6.75,6,1.0
2023,ATL,17,11,17,0.75,48,6.75,6,1.0
2023,ATL,18,11,17,0.75,48,6.75,6,1.0
2023,BAL,1,13,18,0.8125,48,7.0,8,2.0
2023,BAL,2,12,15,0.8125,48,6.25,9,3.0
2023,BAL,3,10,13,0.7708333333333334,48,5.75,10,3.0
2023,BAL,4,11,14,0.7708333333333334,48,5.75,10,3.0
2023,BAL,5,14,18,0.7708333333333334,48,8.75,11,4.0
2023,BAL,6,13,17,0.75,48,8.75,11,4.0
2023,BAL,7,14,17,0.7916666666666666,48,7.75,11,4.0
2023,BAL,8,14,17,0.7916666666666666,48,7.75,11,4.0
2023,BAL,9,14,16,0.7708333333333334,48,7.75,11,4.0
2023,BAL,10,14,18,0.7708333333333334,48,8.75,11,4.0
2023,BAL,11,12,16,0.75,48,7.25,9,3.0
2023,BAL,12,13,17,0.75,48,7.0,9,2.0
2023,BAL,14,14,17,0.7708333333333334,48,7.75,10,3.0
2023,BAL,15,14,17,0.7708333333333334,48,6.75,9,3.0
2023,BAL,16,16,20,0.8125,48,6.75,10,3.0
2023,BAL,17,14,18,0.75,48,6.25,10,3.0
2023,BAL,18,10,14,0.7291666666666666,48,4.25,8,1.0
2023,BAL,20,13,18,0.75,48,8.0,10,3.0
2023,BAL,21,14,18,0.7708333333333334,48,9.75,12,5.0
2023,BUF,1,7,14,0.7708333333333334,48,7.25,9,3.0
2023,BUF,2,7,14,0.7708333333333334,48,7.25,9,3.0
2023,BUF,3,7,14,0.7708333333333334,48,7.25,9,3.0
2023,BUF,4,7,14,0.7708333333333334,48,6.25,8,2.0
2023,BUF,5,6,13,0.7291666666666666,48,7.0,9,3.0
2023,BUF,6,7,14,0.7291666666666666,48,6.0,8,2.0
2023,BUF,7,7,14,0.75,48,6.0,8,2.0
2023,BUF,8,7,15,0.7708333333333334,48,6.5,7,2.0
2023,BUF,9,7,15,0.7708333333333334,48,7.0,7,2.0
2023,BUF,10,7,15,0.7708333333333334,48,6.0,7,2.0
2023,BUF,11,7,15,0.7708333333333334,48,6.5,7,2.0
2023,BUF,12,7,15,0.7708333333333334,48,5.75,6,2.0
2023,BUF,14,7,15,0.7916666666666666,48,6.5,8,2.0
2023,BUF,15,7,14,0.7708333333333334,48,5.5,8,2.0
2023,BUF,16,8,14,0.75,48,5.5,8,2.0
2023,BUF,17,6,12,0.75,48,5.25,7,2.0
2023,BUF,18,8,14,0.7708333333333334,48,5.5,8,2.0
2023,BUF,19,8,15,0.8125,48,6.5,8,2.0
2023,BUF,20,8,15,0.7708333333333334,48,6.5,8,2.0
2023,CAR,1,8,18,0.6666666666666666,48,3.0,3,1.0
2023,CAR,2,7,18,0.625,48,3.0,4,1.0
2023,CAR,3,5,17,0.6041666666666666,48,3.5,4,1.0
2023,CAR,4,6,16,0.5833333333333334,48,3.0,4,1.0
2023,CAR,5,6,16,0.5833333333333334,48,3.0,4,1.0
2023,CAR,6,6,16,0.5625,48,3.5,3,1.0
2023,CAR,8,6,15,0.6041666666666666,48,3.5,4,1.0
2023,CAR,9,6,15,0.5833333333333334,48,3.0,4,1.0
2023,CAR,10,4,14,0.5833333333333334,48,2.0,2,0.0
2023,CAR,11,4,14,0.625,48,3.0,4,1.0
2023,CAR,12,4,13,0.625,48,3.0,4,1.0
2023,CAR,13,6,15,0.6041666666666666,48,3.0,4,1.0
2023,CAR,14,6,16,0.6666666666666666,48,3.0,4,1.0
2023,CAR,15,6,16,0.6458333333333334,48,3.0,5,1.0
2023,CAR,16,5,15,0.6458333333333334,48,3.0,5,1.0
2023,CAR,17,5,15,0.625,48,3.0,5,1.0
2023,CAR,18,6,16,0.625,48,3.0,4,1.0
2023,CHI,1,5,14,0.7916666666666666,48,2.25,3,1.0
2023,CHI,2,5,13,0.7708333333333334,48,2.25,3,1.0
2023,CHI,3,5,13,0.75,48,1.5,2,1.0
2023,CHI,4,5,12,0.7291666666666666,48,1.5,2,1.0
2023,CHI,5,5,13,0.75,48,1.5,2,1.0
2023,CHI,6,5,15,0.7708333333333334,48,2.25,3,1.0
2023,CHI,7,4,14,0.75,48,1.5,2,0.0
2023,CHI,8,4,12,0.7708333333333334,48,2.25,3,0.0
2023,CHI,9,4,12,0.75,48,2.25,2,0.0
2023,CHI,10,4,13,0.7291666666666666,48,2.25,2,0.0
2023,CHI,11,6,15,0.75,48,2.25,3,1.0
2023,CHI,12,6,14,0.75,48,2.25,3,1.0
2023,CHI,14,6,15,0.7708333333333334,48,2.25,3,1.0
2023,CHI,15,6,15,0.75,48,2.25,3,1.0
2023,CHI,16,6,14,0.75,48,2.25,3,1.0
2023,CHI,17,6,15,0.7708333333333334,48,2.25,3,1.0
2023,CHI,18,6,14,0.8125,48,2.25,3,1.0
2023,CIN,1,4,14,0.8125,48,5.0,5,3.0
2023,CIN,2,4,14,0.8125,48,5.0,5,3.0
2023,CIN,3,4,13,0.7916666666666666,48,5.0,5,3.0
2023,CIN,4,4,13,0.7916666666666666,48,5.0,5,3.0
2023,CIN,5,4,13,0.8125,48,4.0,5,3.0
2023,CIN,6,4,15,0.8125,48,5.0,5,3.0
2023,CIN,8,4,14,0.8125,48,5.0,5,3.0
2023,CIN,9,4,15,0.7916666666666666,48,5.0,5,3.0
2023,CIN,10,4,13,0.7708333333333334,48,5.0,5,3.0
2023,CIN,11,4,13,0.7708333333333334,48,5.0,5,3.0
2023,CIN,12,3,12,0.7916666666666666,48,4.0,4,2.0
2023,CIN,13,3,13,0.7916666666666666,48,4.0,4,2.0
2023,CIN,14,3,13,0.7916666666666666,48,4.0,4,2.0
2023,CIN,15,3,12,0.8125,48,4.0,4,2.0
2023,CIN,16,2,12,0.75,48,3.0,3,1.0
2023,CIN,17,3,14,0.8125,48,4.0,4,2.0
2023,CIN,18,3,12,0.7708333333333334,48,3.0,4,2.0
2023,CLE,1,8,15,0.8541666666666666,48,7.0,8,3.0
2023,CLE,2,7,15,0.8541666666666666,48,6.0,8,3.0
2023,CLE,3,6,13,0.8125,48,5.5,7,2.0
2023,CLE,4,6,13,0.8333333333333334,48,5.5,6,2.0
2023,CLE,6,6,12,0.8333333333333334,48,4.5,5,2.0
2023,CLE,7,7,14,0.8125,48,5.5,7,2.0
2023,CLE,8,6,13,0.8333333333333334,48,5.5,6,2.0
2023,CLE,9,6,13,0.8125,48,5.5,7,2.0
2023,CLE,10,6,13,0.7708333333333334,48,5.5,7,2.0
2023,CLE,11,5,11,0.7708333333333334,48,5.5,6,2.0
2023,CLE,12,4,11,0.75,48,5.5,5,2.0
2023,CLE,13,5,12,0.7708333333333334,48,5.5,5,2.0
2023,CLE,14,5,12,0.8125,48,5.5,5,2.0
2023,CLE,15,6,10,0.7916666666666666,48,5.5,6,2.0
2023,CLE,16,6,11,0.7708333333333334,48,5.5,6,2.0
2023,CLE,17,5,11,0.75,48,5.5,5,2.0
2023,CLE,18,3,8,0.7291666666666666,48,4.5,4,1.0
2023,CLE,19,6,12,0.75,48,5.5,6,2.0
2023,DAL,1,11,16,0.7291666666666666,48,9.75,13,7.0
2023,DAL,2,9,14,0.7291666666666666,48,9.75,13,7.0
2023,DAL,3,11,15,0.7291666666666666,48,7.75,10,5.0
2023,DAL,4,11,15,0.7291666666666666,48,8.0,11,6.0
2023,DAL,5,12,16,0.7291666666666666,48,8.75,12,6.0
2023,DAL,6,10,14,0.7291666666666666,48,8.0,11,6.0
2023,DAL,8,10,14,0.7291666666666666,48,7.25,10,6.0
2023,DAL,9,11,15,0.7291666666666666,48,8.0,11,6.0
2023,DAL,10,11,15,0.75,48,7.0,10,6.0
2023,DAL,11,11,15,0.7291666666666666,48,8.0,11,6.0
2023,DAL,12,11,15,0.7291666666666666,48,8.0,11,6.0
2023,DAL,13,11,15,0.7083333333333334,48,8.0,11,6.0
2023,DAL,14,11,15,0.7083333333333334,48,8.0,11,6.0
2023,DAL,15,11,14,0.7083333333333334,48,7.5,11,6.0
2023,DAL,16,10,13,0.7083333333333334,48,6.75,10,6.0
2023,DAL,17,10,13,0.75,48,7.5,11,6.0
2023,DAL,18,8,12,0.7291666666666666,48,7.0,10,5.0
2023,DAL,19,11,15,0.75,48,8.0,11,6.0
2023,DEN,1,5,11,0.75,48,6.0,6,1.0
2023,DEN,2,5,10,0.7083333333333334,48,6.0,5,1.0
2023,DEN,3,5,10,0.7083333333333334,48,5.0,4,0.0
2023,DEN,4,5,10,0.6875,48,5.0,4,0.0
2023,DEN,5,5,9,0.7083333333333334,48,6.0,6,1.0
2023,DEN,6,5,9,0.7291666666666666,48,6.0,5,1.0
2023,DEN,7,5,9,0.7291666666666666,48,6.0,5,1.0
2023,DEN,8,4,8,0.75,48,5.25,5,1.0
2023,DEN,10,4,8,0.7291666666666666,48,5.25,5,1.0
2023,DEN,11,5,9,0.75,48,6.0,5,1.0
2023,DEN,12,4,8,0.6875,48,5.25,5,1.0
2023,DEN,13,4,8,0.7083333333333334,48,5.25,5,1.0
2023,DEN,14,4,8,0.7083333333333334,48,5.25,5,1.0
2023,DEN,15,4,7,0.6875,48,5.25,5,1.0
2023,DEN,16,4,7,0.7083333333333334,48,5.25,5,1.0
2023,DEN,17,5,7,0.6666666666666666,48,5.25,4,1.0
2023,DEN,18,3,7,0.6666666666666666,48,5.25,5,1.0
2023,DET,1,9,13,0.75,48,5.0,6,3.0
2023,DET,2,8,11,0.7291666666666666,48,5.0,6,3.0
2023,DET,3,8,11,0.6458333333333334,48,4.0,6,3.0
2023,DET,4,9,12,0.6875,48,4.0,6,3.0
2023,DET,5,9,10,0.6666666666666666,48,3.0,5,2.0
2023,DET,6,9,11,0.6875,48,4.0,5,3.0
2023,DET,7,9,12,0.6875,48,4.0,5,3.0
2023,DET,8,9,12,0.6875,48,3.0,4,3.0
2023,DET,10,10,13,0.7291666666666666,48,4.0,6,3.0
2023,DET,11,10,13,0.7083333333333334,48,4.0,5,3.0
2023,DET,12,10,14,0.7291666666666666,48,4.0,5,3.0
2023,DET,13,11,14,0.7083333333333334,48,4.0,6,3.0
2023,DET,14,8,12,0.7083333333333334,48,3.0,5,3.0
2023,DET,15,10,14,0.7291666666666666,48,4.0,6,3.0
2023,DET,16,10,14,0.7291666666666666,48,4.0,6,3.0
2023,DET,17,12,15,0.7291666666666666,48,4.0,6,3.0
2023,DET,18,9,13,0.7291666666666666,48,5.0,6,3.0
2023,DET,19,10,14,0.7291666666666666,48,4.0,6,3.0
2023,DET,20,10,14,0.7291666666666666,48,4.0,6,3.0
2023,DET,21,10,14,0.75,48,4.0,5,3.0
2023,GB,1,8,14,0.7708333333333334,48,4.0,5,1.0
2023,GB,2,8,14,0.75,48,3.0,3,1.0
2023,GB,3,7,12,0.7291666666666666,48,2.0,1,0.0
2023,GB,4,7,13,0.75,48,1.0,2,0.0
2023,GB,5,8,15,0.75,48,2.0,3,1.0
2023,GB,7,8,15,0.7708333333333334,48,1.0,3,0.0
2023,GB,8,7,14,0.7916666666666666,48,3.0,4,1.0
2023,GB,9,6,13,0.7291666666666666,48,3.0,4,1.0
2023,GB,10,5,12,0.7291666666666666,48,2.0,3,0.0
2023,GB,11,6,13,0.7291666666666666,48,2.0,3,0.0
2023,GB,12,6,12,0.6875,48,1.0,2,0.0
2023,GB,13,7,13,0.7291666666666666,48,2.0,2,0.0
2023,GB,14,6,11,0.75,48,2.0,2,0.0
2023,GB,15,7,11,0.7708333333333334,48,2.0,3,0.0
2023,GB,16,8,12,0.75,48,2.0,4,1.0
2023,GB,17,7,12,0.75,48,1.0,3,0.0
2023,GB,18,8,13,0.7291666666666666,48,3.0,4,1.0
2023,GB,19,8,14,0.7708333333333334,48,3.0,4,1.0
2023,GB,20,8,14,0.75,48,3.0,4,1.0
2023,HOU,1,6,10,0.75,48,3.25,4,1.0
2023,HOU,2,5,9,0.7708333333333334,48,2.25,3,0.0
2023,HOU,3,5,8,0.7708333333333334,48,2.25,2,0.0
2023,HOU,4,5,9,0.7708333333333334,48,2.25,2,0.0
2023,HOU,5,7,12,0.75,48,3.25,3,1.0
2023,HOU,6,7,11,0.75,48,3.25,3,1.0
2023,HOU,8,6,10,0.7291666666666666,48,2.0,3,1.0
2023,HOU,9,6,10,0.7291666666666666,48,2.0,3,1.0
2023,HOU,10,7,11,0.7083333333333334,48,2.75,4,1.0
2023,HOU,11,7,10,0.7083333333333334,48,2.75,3,1.0
2023,HOU,12,7,11,0.7083333333333334,48,3.5,3,1.0
2023,HOU,13,8,13,0.7291666666666666,48,2.75,2,1.0
2023,HOU,14,8,13,0.75,48,3.75,2,1.0
2023,HOU,15,6,11,0.75,48,3.75,2,1.0
2023,HOU,16,6,11,0.75,48,3.75,2,1.0
2023,HOU,17,8,13,0.7708333333333334,48,4.5,2,1.0
2023,HOU,18,8,12,0.7291666666666666,48,4.5,2,1.0
2023,HOU,19,7,12,0.7708333333333334,48,4.5,2,1.0
2023,HOU,20,7,12,0.75,48,4.5,2,1.0
2023,IND,1,6,12,0.75,48,6.0,7,1.0
2023,IND,2,6,12,0.75,48,6.0,7,1.0
2023,IND,3,4,11,0.7708333333333334,48,5.0,6,1.0
2023,IND,4,5,12,0.7708333333333334,48,5.0,6,1.0
2023,IND,5,5,12,0.7708333333333334,48,6.0,7,1.0
2023,IND,6,5,12,0.8125,48,7.0,8,1.0
2023,IND,7,5,12,0.7916666666666666,48,7.0,8,1.0
2023,IND,8,5,11,0.7708333333333334,48,7.0,8,1.0
2023,IND,9,5,11,0.75,48,7.0,8,1.0
2023,IND,10,5,12,0.7708333333333334,48,7.0,8,1.0
2023,IND,12,4,10,0.75,48,5.0,6,1.0
2023,IND,13,5,10,0.75,48,5.0,6,1.0
2023,IND,14,5,9,0.75,48,5.0,6,1.0
2023,IND,15,5,10,0.7708333333333334,48,5.0,6,1.0
2023,IND,16,5,10,0.75,48,6.0,7,1.0
2023,IND,17,5,12,0.7083333333333334,48,6.0,6,1.0
2023,IND,18,5,12,0.75,48,6.0,7,1.0
2023,JAX,1,10,17,0.7708333333333334,48,4.0,5,1.0
2023,JAX,2,10,16,0.7708333333333334,48,4.0,5,1.0
2023,JAX,3,10,15,0.7708333333333334,48,4.0,5,1.0
2023,JAX,4,9,14,0.75,48,3.0,4,1.0
2023,JAX,5,9,16,0.75,48,4.0,5,1.0
2023,JAX,6,10,15,0.75,48,4.0,5,1.0
2023,JAX,7,10,14,0.7291666666666666,48,4.0,5,1.0
2023,JAX,8,10,15,0.7083333333333334,48,4.0,5,1.0
2023,JAX,10,10,17,0.75,48,4.0,5,1.0
2023,JAX,11,10,17,0.7708333333333334,48,3.0,4,1.0
2023,JAX,12,10,17,0.7708333333333334,48,3.0,4,1.0
2023,JAX,13,10,16,0.75,48,3.0,4,1.0
2023,JAX,14,10,13,0.7083333333333334,48,3.0,4,1.0
2023,JAX,15,10,14,0.7291666666666666,48,4.0,5,1.0
2023,JAX,16,10,15,0.75,48,4.0,5,1.0
2023,JAX,17,9,15,0.75,48,4.0,4,0.0
2023,JAX,18,10,17,0.75,48,3.0,4,1.0
2023,KC,1,7,15,0.7916666666666666,48,4.75,4,1.0
2023,KC,2,7,16,0.8125,48,6.75,6,2.0
2023,KC,3,7,15,0.8125,48,6.0,6,2.0
2023,KC,4,7,15,0.8125,48,6.0,6,2.0
2023,KC,5,7,15,0.8541666666666666,48,6.0,6,2.0
2023,KC,6,7,16,0.8333333333333334,48,6.0,6,2.0
2023,KC,7,7,17,0.8541666666666666,48,6.75,7,2.0
2023,KC,8,7,16,0.875,48,6.75,7,2.0
2023,KC,9,6,15,0.8541666666666666,48,6.75,7,2.0
2023,KC,11,7,16,0.8541666666666666,48,6.75,7,2.0
2023,KC,12,6,14,0.8541666666666666,48,6.75,6,2.0
2023,KC,13,7,15,0.8125,48,6.75,6,2.0
2023,KC,14,7,14,0.7916666666666666,48,6.75,6,2.0
2023,KC,15,7,14,0.8125,48,6.75,6,2.0
2023,KC,16,6,12,0.8125,48,6.75,6,2.0
2023,KC,17,5,12,0.8125,48,7.5,7,2.0
2023,KC,18,5,11,0.7916666666666666,48,5.5,5,0.0
2023,KC,19,5,13,0.8125,48,7.5,7,2.0
2023,KC,20,5,13,0.7916666666666666,48,7.5,7,2.0
2023,KC,21,5,12,0.7916666666666666,48,6.5,6,2.0
2023,KC,22,6,15,0.8333333333333334,48,6.5,6,2.0
2023,LA,1,3,8,0.7708333333333334,48,2.0,1,1.0
2023,LA,2,3,7,0.75,48,2.0,1,1.0
2023,LA,3,3,7,0.75,48,2.0,1,1.0
2023,LA,4,3,7,0.7708333333333334,48,2.0,1,1.0
2023,LA,5,3,7,0.75,48,3.0,2,2.0
2023,LA,6,3,6,0.7083333333333334,48,3.0,2,2.0
2023,LA,7,3,6,0.75,48,3.0,2,2.0
2023,LA,8,3,5,0.75,48,3.0,2,2.0
2023,LA,9,2,4,0.7291666666666666,48,3.0,2,2.0
2023,LA,11,4,7,0.7916666666666666,48,3.5,2,2.0
2023,LA,12,4,7,0.7916666666666666,48,3.5,2,2.0
2023,LA,13,4,7,0.7708333333333334,48,3.5,2,2.0
2023,LA,14,4,7,0.7708333333333334,48,3.5,2,2.0
2023,LA,15,4,5,0.7916666666666666,48,3.5,2,2.0
2023,LA,16,4,7,0.75,48,3.5,2,2.0
2023,LA,17,4,7,0.7708333333333334,48,3.5,2,2.0
2023,LA,18,2,5,0.7291666666666666,48,1.5,0,0.0
2023,LA,19,4,7,0.7708333333333334,48,3.5,2,2.0
2023,LAC,1,9,14,0.7291666666666666,48,9.25,9,6.0
2023,LAC,2,9,13,0.7291666666666666,48,7.5,8,4.0
2023,LAC,3,9,13,0.7708333333333334,48,7.5,8,4.0
2023,LAC,4,6,11,0.6875,48,5.5,6,3.0
2023,LAC,6,8,13,0.7083333333333334,48,8.25,8,6.0
2023,LAC,7,8,13,0.7291666666666666,48,8.25,8,6.0
2023,LAC,8,8,12,0.75,48,8.25,8,6.0
2023,LAC,9,8,13,0.7291666666666666,48,8.25,8,6.0
2023,LAC,10,8,13,0.75,48,8.25,8,6.0
2023,LAC,11,8,12,0.7291666666666666,48,8.75,8,6.0
2023,LAC,12,7,12,0.6666666666666666,48,7.75,7,5.0
2023,LAC,13,7,12,0.6458333333333334,48,7.75,7,5.0
2023,LAC,14,7,12,0.6875,48,7.75,7,5.0
2023,LAC,15,6,11,0.6666666666666666,48,7.0,5,4.0
2023,LAC,16,6,11,0.6666666666666666,48,7.0,5,4.0
2023,LAC,17,4,9,0.6041666666666666,48,7.0,5,4.0
2023,LAC,18,4,9,0.5833333333333334,48,7.0,5,4.0
2023,LV,1,5,10,0.625,48,6.75,7,3.0
2023,LV,2,5,10,0.6458333333333334,48,6.75,7,3.0
2023,LV,3,5,10,0.6458333333333334,48,6.75,7,3.0
2023,LV,4,5,9,0.6458333333333334,48,6.75,7,3.0
2023,LV,5,5,10,0.625,48,6.75,7,3.0
2023,LV,6,5,10,0.625,48,6.75,7,3.0
2023,LV,7,5,9,0.6458333333333334,48,6.75,7,3.0
2023,LV,8,5,10,0.6666666666666666,48,6.75,7,3.0
2023,LV,9,5,11,0.6666666666666666,48,6.75,8,3.0
2023,LV,10,4,9,0.6458333333333334,48,5.75,7,3.0
2023,LV,11,4,9,0.6458333333333334,48,5.75,7,3.0
2023,LV,12,5,10,0.6458333333333334,48,6.75,7,3.0
2023,LV,14,3,8,0.6458333333333334,48,5.0,6,3.0
2023,LV,15,2,7,0.6666666666666666,48,4.0,5,2.0
2023,LV,16,3,7,0.625,48,5.0,5,2.0
2023,LV,17,3,7,0.6458333333333334,48,5.0,5,2.0
2023,LV,18,3,7,0.6666666666666666,48,5.0,5,2.0
2023,MIA,1,8,17,0.7708333333333334,48,8.5,4,4.0
2023,MIA,2,7,15,0.7916666666666666,48,8.5,4,4.0
2023,MIA,3,7,15,0.7708333333333334,48,9.5,5,4.0
2023,MIA,4,6,14,0.75,48,9.5,5,5.0
2023,MIA,5,7,15,0.7916666666666666,48,8.5,4,4.0
2023,MIA,6,8,15,0.7291666666666666,48,8.5,4,4.0
2023,MIA,7,8,15,0.7291666666666666,48,7.5,3,4.0
2023,MIA,8,8,16,0.75,48,7.5,4,5.0
2023,MIA,9,8,16,0.75,48,10.5,6,6.0
2023,MIA,11,8,15,0.75,48,9.5,6,6.0
2023,MIA,12,7,15,0.7708333333333334,48,10.5,6,6.0
2023,MIA,13,7,15,0.75,48,10.0,7,6.0
2023,MIA,14,7,14,0.7291666666666666,48,9.0,6,5.0
2023,MIA,15,7,12,0.6666666666666666,48,7.5,4,5.0
2023,MIA,16,8,12,0.6666666666666666,48,9.5,7,6.0
2023,MIA,17,7,13,0.6875,48,10.5,7,5.0
2023,MIA,18,6,13,0.7083333333333334,48,8.5,5,5.0
2023,MIA,19,8,13,0.6666666666666666,48,8.0,5,6.0
2023,MIN,1,7,12,0.7708333333333334,48,4.5,7,3.0
2023,MIN,2,7,12,0.7916666666666666,48,4.5,7,3.0
2023,MIN,3,6,12,0.75,48,4.5,7,3.0
2023,MIN,4,7,14,0.7708333333333334,48,4.5,7,3.0
2023,MIN,5,8,15,0.8125,48,4.5,7,3.0
2023,MIN,6,7,14,0.7916666666666666,48,3.5,6,2.0
2023,MIN,7,6,12,0.7916666666666666,48,4.5,6,2.0
2023,MIN,8,7,13,0.7916666666666666,48,3.5,6,2.0
2023,MIN,9,5,11,0.75,48,3.5,5,1.0
2023,MIN,10,6,11,0.75,48,4.5,5,1.0
2023,MIN,11,7,13,0.7708333333333334,48,5.0,6,1.0
2023,MIN,12,8,13,0.7708333333333334,48,5.0,6,1.0
2023,MIN,14,6,10,0.75,48,5.5,6,2.0
2023,MIN,15,6,10,0.75,48,5.5,5,2.0
2023,MIN,16,6,9,0.7291666666666666,48,5.5,5,2.0
2023,MIN,17,7,11,0.7083333333333334,48,5.0,6,2.0
2023,MIN,18,7,10,0.6875,48,5.0,5,2.0
2023,NE,1,4,12,0.75,48,5.0,7,1.0
2023,NE,2,7,15,0.7708333333333334,48,6.0,6,1.0
2023,NE,3,6,14,0.8125,48,5.0,7,1.0
2023,NE,4,5,13,0.8125,48,5.0,7,1.0
2023,NE,5,5,13,0.7916666666666666,48,4.0,6,0.0
2023,NE,6,5,13,0.75,48,4.0,5,0.0
2023,NE,7,6,13,0.7916666666666666,48,5.0,5,0.0
2023,NE,8,6,13,0.7916666666666666,48,5.0,6,0.0
2023,NE,9,5,14,0.7916666666666666,48,5.0,5,0.0
2023,NE,10,5,14,0.7916666666666666,48,5.0,5,0.0
2023,NE,12,5,14,0.7916666666666666,48,5.0,6,0.0
2023,NE,13,6,15,0.7708333333333334,48,5.0,6,0.0
2023,NE,14,5,14,0.7708333333333334,48,5.0,6,0.0
2023,NE,15,6,14,0.75,48,5.0,4,0.0
2023,NE,16,4,11,0.7083333333333334,48,3.5,4,0.0
2023,NE,17,4,11,0.75,48,4.5,4,0.0
2023,NE,18,4,10,0.7291666666666666,48,4.5,3,0.0
2023,NO,1,10,18,0.7083333333333334,48,7.0,7,4.0
2023,NO,2,9,18,0.7083333333333334,48,7.0,7,4.0
2023,NO,3,10,18,0.7083333333333334,48,7.0,7,3.0
2023,NO,4,9,17,0.7083333333333334,48,8.0,8,3.0
2023,NO,5,9,16,0.7083333333333334,48,8.0,7,3.0
2023,NO,6,9,17,0.7291666666666666,48,8.0,8,3.0
2023,NO,7,9,19,0.7916666666666666,48,7.0,9,4.0
2023,NO,8,9,18,0.7916666666666666,48,7.5,8,4.0
2023,NO,9,9,18,0.75,48,8.25,9,4.0
2023,NO,10,9,17,0.7291666666666666,48,7.5,8,4.0
2023,NO,12,9,16,0.7291666666666666,48,6.5,7,3.0
2023,NO,13,9,15,0.7083333333333334,48,6.5,6,3.0
2023,NO,14,9,15,0.7291666666666666,48,6.5,6,3.0
2023,NO,15,8,14,0.6875,48,5.5,6,3.0
2023,NO,16,9,14,0.7083333333333334,48,5.5,6,3.0
2023,NO,17,9,14,0.7083333333333334,48,5.5,6,3.0
2023,NO,18,10,16,0.7291666666666666,48,4.5,5,3.0
2023,NYG,1,10,18,0.875,48,4.5,4,2.0
2023,NYG,2,9,16,0.8958333333333334,48,3.5,4,2.0
2023,NYG,3,8,16,0.8541666666666666,48,2.0,3,1.0
2023,NYG,4,8,17,0.875,48,2.0,3,1.0
2023,NYG,5,8,16,0.8541666666666666,48,2.0,3,1.0
2023,NYG,6,9,16,0.8541666666666666,48,3.0,4,2.0
2023,NYG,7,7,14,0.875,48,3.0,4,2.0
2023,NYG,8,8,16,0.8333333333333334,48,4.0,4,2.0
2023,NYG,9,10,18,0.8333333333333334,48,4.0,3,2.0
2023,NYG,10,7,16,0.8125,48,4.0,3,2.0
2023,NYG,11,7,16,0.8125,48,4.0,3,2.0
2023,NYG,12,7,15,0.8333333333333334,48,3.0,2,1.0
2023,NYG,14,8,15,0.8333333333333334,48,4.0,3,2.0
2023,NYG,15,8,15,0.8333333333333334,48,5.0,4,2.0
2023,NYG,16,8,15,0.8125,48,5.0,4,2.0
2023,NYG,17,7,15,0.8541666666666666,48,5.0,4,2.0
2023,NYG,18,7,14,0.8541666666666666,48,5.0,4,2.0
2023,NYJ,1,13,18,0.8541666666666666,48,9.25,8,5.0
2023,NYJ,2,11,16,0.8333333333333334,48,7.75,7,4.0
2023,NYJ,3,11,16,0.8333333333333334,48,7.5,6,4.0
2023,NYJ,4,11,16,0.8333333333333334,48,7.5,6,4.0
2023,NYJ,5,11,15,0.7916666666666666,48,6.75,5,4.0
2023,NYJ,6,9,14,0.7916666666666666,48,5.5,4,3.0
2023,NYJ,8,10,12,0.7916666666666666,48,5.25,4,4.0
2023,NYJ,9,10,13,0.7708333333333334,48,5.25,4,4.0
2023,NYJ,10,9,12,0.7708333333333334,48,5.25,4,4.0
2023,NYJ,11,10,13,0.7916666666666666,48,5.25,4,4.0
2023,NYJ,12,9,13,0.8333333333333334,48,6.5,5,4.0
2023,NYJ,13,10,13,0.7916666666666666,48,6.0,6,4.0
2023,NYJ,14,11,15,0.7916666666666666,48,6.5,6,4.0
2023,NYJ,15,11,15,0.7916666666666666,48,6.5,6,4.0
2023,NYJ,16,9,12,0.7291666666666666,48,5.25,5,4.0
2023,NYJ,17,9,13,0.75,48,5.75,5,4.0
2023,NYJ,18,9,12,0.7083333333333334,48,4.75,4,3.0
2023,PHI,1,11,21,0.7916666666666666,48,10.5,13,7.0
2023,PHI,2,12,21,0.75,48,9.5,12,7.0
2023,PHI,3,12,22,0.75,48,10.5,13,7.0
2023,PHI,4,11,20,0.7291666666666666,48,10.5,13,7.0
2023,PHI,5,11,20,0.75,48,9.5,12,7.0
2023,PHI,6,11,18,0.7083333333333334,48,9.5,12,6.0
2023,PHI,7,12,20,0.7708333333333334,48,11.25,14,7.0
2023,PHI,8,11,19,0.7708333333333334,48,12.25,15,7.0
2023,PHI,9,11,19,0.75,48,12.25,15,7.0
2023,PHI,11,11,19,0.7708333333333334,48,12.25,15,7.0
2023,PHI,12,10,18,0.7291666666666666,48,11.25,14,6.0
2023,PHI,13,11,18,0.7708333333333334,48,12.25,15,7.0
2023,PHI,14,11,21,0.7916666666666666,48,13.25,16,7.0
2023,PHI,15,11,18,0.75,48,12.25,15,6.0
2023,PHI,16,11,18,0.7708333333333334,48,12.25,14,6.0
2023,PHI,17,11,19,0.7708333333333334,48,12.25,15,6.0
2023,PHI,18,10,18,0.75,48,11.25,14,5.0
2023,PHI,19,11,20,0.75,48,12.25,15,6.0
2023,PIT,1,9,16,0.8333333333333334,48,5.75,6,3.0
2023,PIT,2,8,15,0.8125,48,5.0,4,2.0
2023,PIT,3,8,15,0.8333333333333334,48,4.75,4,2.0
2023,PIT,4,8,14,0.7916666666666666,48,4.75,4,2.0
2023,PIT,5,8,13,0.7083333333333334,48,5.75,4,2.0
2023,PIT,7,8,14,0.7916666666666666,48,4.75,5,2.0
2023,PIT,8,8,14,0.8125,48,4.75,5,2.0
2023,PIT,9,8,14,0.7916666666666666,48,4.75,5,2.0
2023,PIT,10,8,14,0.7916666666666666,48,4.75,5,2.0
2023,PIT,11,7,14,0.7916666666666666,48,4.75,5,2.0
2023,PIT,12,7,14,0.7916666666666666,48,4.75,5,2.0
2023,PIT,13,8,15,0.7916666666666666,48,5.75,6,3.0
2023,PIT,14,7,13,0.8125,48,5.75,6,3.0
2023,PIT,15,7,14,0.7916666666666666,48,5.75,6,3.0
2023,PIT,16,6,15,0.7916666666666666,48,5.75,5,2.0
2023,PIT,17,6,15,0.7916666666666666,48,5.75,5,2.0
2023,PIT,18,6,15,0.7916666666666666,48,5.75,4,2.0
2023,PIT,19,6,15,0.8125,48,6.75,5,2.0
2023,SEA,1,6,18,0.7916666666666666,48,6.25,8,3.0
2023,SEA,2,5,16,0.7708333333333334,48,6.25,8,3.0
2023,SEA,3,6,19,0.7291666666666666,48,6.25,7,2.0
2023,SEA,4,6,18,0.75,48,6.25,8,3.0
2023,SEA,6,6,18,0.75,48,7.25,9,3.0
2023,SEA,7,6,16,0.7291666666666666,48,6.25,8,3.0
2023,SEA,8,8,21,0.7916666666666666,48,7.75,10,3.0
2023,SEA,9,8,21,0.7916666666666666,48,7.75,10,3.0
2023,SEA,10,9,21,0.8125,48,7.75,10,3.0
2023,SEA,11,8,21,0.8125,48,6.75,9,3.0
2023,SEA,12,9,20,0.7916666666666666,48,7.75,9,3.0
2023,SEA,13,9,20,0.8125,48,7.75,10,3.0
2023,SEA,14,9,19,0.8125,48,7.75,8,2.0
2023,SEA,15,7,19,0.8125,48,6.75,9,3.0
2023,SEA,16,7,19,0.8125,48,6.75,8,3.0
2023,SEA,17,7,17,0.75,48,6.25,8,3.0
2023,SEA,18,8,17,0.7291666666666666,48,6.25,8,3.0
2023,SF,1,8,12,0.7708333333333334,48,11.0,9,8.0
2023,SF,2,8,12,0.7708333333333334,48,11.0,9,8.0
2023,SF,3,7,11,0.7708333333333334,48,11.0,9,8.0
2023,SF,4,8,12,0.7708333333333334,48,11.0,9,8.0
2023,SF,5,8,12,0.8125,48,11.0,9,8.0
2023,SF,6,8,13,0.7916666666666666,48,11.0,9,7.0
2023,SF,7,7,11,0.8125,48,9.0,7,6.0
2023,SF,8,7,11,0.7916666666666666,48,9.0,7,6.0
2023,SF,10,9,12,0.7916666666666666,48,12.0,10,8.0
2023,SF,11,9,12,0.7916666666666666,48,12.0,10,8.0
2023,SF,12,9,13,0.7708333333333334,48,11.0,9,7.0
2023,SF,13,9,13,0.8125,48,9.0,9,7.0
2023,SF,14,8,12,0.8333333333333334,48,9.0,9,7.0
2023,SF,15,8,12,0.8333333333333334,48,8.0,8,7.0
2023,SF,16,9,13,0.8125,48,9.0,9,7.0
2023,SF,17,8,12,0.8125,48,9.0,9,7.0
2023,SF,18,7,11,0.8541666666666666,48,9.0,8,6.0
2023,SF,20,8,12,0.8333333333333334,48,11.0,9,7.0
2023,SF,21,8,12,0.8333333333333334,48,11.0,9,7.0
2023,SF,22,8,12,0.8333333333333334,48,11.0,9,7.0
2023,TB,1,7,14,0.6666666666666666,48,7.25,7,1.0
2023,TB,2,6,12,0.625,48,7.25,7,1.0
2023,TB,3,6,12,0.625,48,7.25,7,1.0
2023,TB,4,6,13,0.625,48,7.25,7,1.0
2023,TB,6,7,14,0.6666666666666666,48,7.25,7,1.0
2023,TB,7,7,14,0.6875,48,7.25,7,1.0
2023,TB,8,6,13,0.7291666666666666,48,7.25,6,1.0
2023,TB,9,7,13,0.7083333333333334,48,7.25,7,1.0
2023,TB,10,7,13,0.6458333333333334,48,7.25,7,1.0
2023,TB,11,7,14,0.7083333333333334,48,6.25,7,1.0
2023,TB,12,7,13,0.6875,48,6.25,7,1.0
2023,TB,13,6,12,0.6458333333333334,48,5.25,6,1.0
2023,TB,14,5,12,0.6875,48,6.25,5,1.0
2023,TB,15,6,12,0.6875,48,5.25,6,1.0
2023,TB,16,7,14,0.7291666666666666,48,7.25,7,1.0
2023,TB,17,7,13,0.6875,48,6.5,6,1.0
2023,TB,18,7,14,0.7083333333333334,48,7.25,7,1.0
2023,TB,19,7,14,0.7291666666666666,48,7.25,7,1.0
2023,TB,20,7,14,0.7291666666666666,48,7.25,7,1.0
2023,TEN,1,6,11,0.5625,48,6.5,7,3.0
2023,TEN,2,5,10,0.5208333333333334,48,6.5,7,3.0
2023,TEN,3,5,11,0.5625,48,6.5,7,3.0
2023,TEN,4,4,10,0.5625,48,6.5,7,3.0
2023,TEN,5,5,11,0.6666666666666666,48,6.5,7,3.0
2023,TEN,6,5,11,0.6458333333333334,48,6.5,7,3.0
2023,TEN,8,6,12,0.5833333333333334,48,5.5,5,3.0
2023,TEN,9,6,12,0.625,48,5.5,5,3.0
2023,TEN,10,5,11,0.6041666666666666,48,5.5,5,3.0
2023,TEN,11,5,11,0.5833333333333334,48,5.5,6,3.0
2023,TEN,12,5,13,0.6041666666666666,48,5.5,6,3.0
2023,TEN,13,6,13,0.6041666666666666,48,5.5,6,3.0
2023,TEN,14,6,13,0.5833333333333334,48,3.5,5,2.0
2023,TEN,15,6,13,0.6041666666666666,48,3.5,5,2.0
2023,TEN,16,6,11,0.6041666666666666,48,3.5,5,2.0
2023,TEN,17,6,14,0.625,48,3.5,5,2.0
2023,TEN,18,6,13,0.6458333333333334,48,3.5,5,2.0
2023,WAS,1,6,9,0.7916666666666666,48,6.25,6,2.0
2023,WAS,2,7,9,0.7708333333333334,48,7.25,7,2.0
2023,WAS,3,7,10,0.7916666666666666,48,7.25,7,2.0
2023,WAS,4,7,10,0.7708333333333334,48,7.25,7,2.0
2023,WAS,5,7,10,0.7708333333333334,48,7.25,7,2.0
2023,WAS,6,7,10,0.7708333333333334,48,6.25,5,2.0
2023,WAS,7,7,10,0.7916666666666666,48,6.25,6,2.0
2023,WAS,8,7,11,0.7916666666666666,48,6.25,6,2.0
2023,WAS,9,5,8,0.7708333333333334,48,5.25,5,2.0
2023,WAS,10,5,9,0.7708333333333334,48,5.25,5,2.0
2023,WAS,11,5,9,0.7291666666666666,48,4.25,5,2.0
2023,WAS,12,4,8,0.7708333333333334,48,5.25,5,2.0
2023,WAS,13,4,8,0.7708333333333334,48,5.25,5,2.0
2023,WAS,15,4,8,0.7916666666666666,48,5.25,5,2.0
2023,WAS,16,4,8,0.75,48,5.25,4,2.0
2023,WAS,17,4,8,0.7083333333333334,48,5.25,4,2.0
2023,WAS,18,3,7,0.6041666666666666,48,3.25,3,1.0
2024,ARI,1,5,10,0.7291666666666666,48,1.5,3,1.0
2024,ARI,2,5,10,0.75,48,1.5,3,1.0
2024,ARI,3,5,10,0.75,48,1.5,3,1.0
2024,ARI,4,5,9,0.7291666666666666,48,1.5,3,1.0
2024,ARI,5,5,10,0.75,48,1.0,3,1.0
2024,ARI,6,5,9,0.7291666666666666,48,1.0,3,1.0
2024,ARI,7,5,10,0.7291666666666666,48,1.0,3,1.0
2024,ARI,8,5,9,0.7291666666666666,48,1.0,3,1.0
2024,ARI,9,5,9,0.7708333333333334,48,1.0,3,1.0
2024,ARI,10,5,10,0.75,48,1.0,3,1.0
2024,ARI,12,5,10,0.7291666666666666,48,1.0,3,1.0
2024,ARI,13,6,11,0.75,48,1.0,3,1.0
2024,ARI,14,6,11,0.75,48,1.0,3,1.0
2024,ARI,15,6,11,0.7708333333333334,48,1.0,3,1.0
2024,ARI,16,5,10,0.75,48,1.0,3,1.0
2024,ARI,17,5,10,0.7916666666666666,48,1.0,3,1.0
2024,ARI,18,5,10,0.7083333333333334,48,1.0,2,1.0
2024,ATL,1,9,16,0.7916666666666666,48,8.25,8,4.0
2024,ATL,2,9,16,0.8333333333333334,48,8.25,8,4.0
2024,ATL,3,9,16,0.8125,48,8.25,8,4.0
2024,ATL,4,8,15,0.7916666666666666,48,8.25,8,4.0
2024,ATL,5,9,16,0.7916666666666666,48,8.25,8,4.0
2024,ATL,6,9,16,0.7916666666666666,48,8.25,8,4.0
2024,ATL,7,9,16,0.7916666666666666,48,8.25,8,4.0
2024,ATL,8,9,16,0.7708333333333334,48,7.25,7,3.0
2024,ATL,9,10,16,0.7708333333333334,48,8.25,8,4.0
2024,ATL,10,9,16,0.7916666666666666,48,8.25,8,4.0
2024,ATL,11,9,15,0.8125,48,8.25,8,4.0
2024,ATL,13,8,15,0.75,48,8.25,8,4.0
2024,ATL,14,9,16,0.7708333333333334,48,8.25,8,4.0
2024,ATL,15,9,16,0.75,48,8.25,8,4.0
2024,ATL,16,9,16,0.75,48,7.5,7,4.0
2024,ATL,17,9,15,0.7291666666666666,48,7.5,7,4.0
2024,ATL,18,9,15,0.7083333333333334,48,7.5,7,4.0
2024,BAL,1,11,16,0.8125,48,12.75,13,5.0
2024,BAL,2,10,15,0.8125,48,12.75,13,5.0
2024,BAL,3,11,16,0.7916666666666666,48,12.75,13,5.0
2024,BAL,4,11,16,0.8125,48,12.75,13,5.0
2024,BAL,5,11,16,0.8125,48,12.0,12,5.0
2024,BAL,6,11,16,0.7916666666666666,48,12.75,13,5.0
2024,BAL,7,11,16,0.7916666666666666,48,12.0,12,5.0
2024,BAL,8,9,13,0.7708333333333334,48,11.25,11,5.0
2024,BAL,9,11,15,0.7916666666666666,48,12.25,12,5.0
2024,BAL,10,11,16,0.7708333333333334,48,12.75,13,5.0
2024,BAL,11,12,16,0.8125,48,13.0,13,5.0
2024,BAL,12,11,15,0.7916666666666666,48,12.0,12,4.0
2024,BAL,13,12,15,0.8125,48,12.0,13,5.0
2024,BAL,15,12,16,0.7916666666666666,48,11.75,12,5.0
2024,BAL,16,11,16,0.8125,48,11.75,12,5.0
2024,BAL,17,11,16,0.7708333333333334,48,11.25,12,5.0
2024,BAL,18,11,15,0.7708333333333334,48,11.25,12,5.0
2024,BAL,19,11,16,0.7916666666666666,48,11.25,12,5.0
2024,BAL,20,11,16,0.7916666666666666,48,11.25,12,5.0
2024,BUF,1,7,15,0.8125,48,3.5,5,1.0
2024,BUF,2,7,16,0.8125,48,2.5,5,1.0
2024,BUF,3,7,16,0.8125,48,2.5,5,1.0
2024,BUF,4,7,16,0.7916666666666666,48,2.5,5,1.0
2024,BUF,5,5,12,0.75,48,2.0,4,1.0
2024,BUF,6,5,13,0.7916666666666666,48,3.0,3,1.0
2024,BUF,7,7,16,0.8125,48,3.0,5,2.0
2024,BUF,8,7,15,0.75,48,3.0,5,2.0
2024,BUF,9,7,16,0.7916666666666666,48,3.5,5,1.0
2024,BUF,10,7,16,0.7708333333333334,48,3.5,5,1.0
2024,BUF,11,6,15,0.75,48,3.5,6,2.0
2024,BUF,13,6,15,0.7708333333333334,48,4.5,7,2.0
2024,BUF,14,7,15,0.8125,48,4.5,7,2.0
2024,BUF,15,9,18,0.8125,48,5.0,7,2.0
2024,BUF,16,9,17,0.7916666666666666,48,4.0,6,2.0
2024,BUF,17,7,15,0.7916666666666666,48,4.5,7,2.0
2024,BUF,18,5,14,0.8085106382978723,47,2.5,5,0.0
2024,BUF,19,7,17,0.8541666666666666,48,4.5,7,2.0
2024,BUF,20,7,17,0.8541666666666666,48,4.5,7,2.0
2024,BUF,21,9,18,0.8541666666666666,48,5.0,7,2.0
2024,CAR,1,7,16,0.6666666666666666,48,3.75,3,0.0
2024,CAR,2,7,16,0.6875,48,2.75,2,0.0
2024,CAR,3,7,15,0.6875,48,2.75,2,0.0
2024,CAR,4,7,14,0.625,48,2.25,2,0.0
2024,CAR,5,6,14,0.625,48,2.25,2,0.0
2024,CAR,6,5,11,0.6041666666666666,48,1.75,2,0.0
2024,CAR,7,6,11,0.6458333333333334,48,1.75,2,0.0
2024,CAR,8,7,13,0.625,48,1.5,1,0.0
2024,CAR,9,6,14,0.6041666666666666,48,1.5,1,0.0
2024,CAR,10,5,12,0.625,48,1.5,1,0.0
2024,CAR,12,7,13,0.6041666666666666,48,2.0,0,0.0
2024,CAR,13,6,12,0.625,48,2.0,0,0.0
2024,CAR,14,4,10,0.6041666666666666,48,1.5,0,0.0
2024,CAR,15,6,11,0.625,48,2.0,0,0.0
2024,CAR,16,5,10,0.6041666666666666,48,2.0,0,0.0
2024,CAR,17,5,9,0.5833333333333334,48,2.0,0,0.0
2024,CAR,18,5,9,0.5416666666666666,48,2.0,1,0.0
2024,CHI,1,7,18,0.7083333333333334,48,4.25,6,2.0
2024,CHI,2,7,18,0.7291666666666666,48,3.5,5,1.0
2024,CHI,3,7,18,0.7291666666666666,48,3.5,5,1.0
2024,CHI,4,7,18,0.75,48,4.25,6,2.0
2024,CHI,5,7,18,0.7291666666666666,48,4.25,6,2.0
2024,CHI,6,7,16,0.7083333333333334,48,4.25,6,2.0
2024,CHI,8,7,16,0.7142857142857143,49,4.25,6,2.0
2024,CHI,9,6,15,0.7083333333333334,48,4.25,5,1.0
2024,CHI,10,6,15,0.7021276595744681,47,4.25,6,2.0
2024,CHI,11,7,16,0.7291666666666666,48,4.25,6,2.0
2024,CHI,12,7,17,0.75,48,4.25,6,2.0
2024,CHI,13,7,17,0.75,48,4.25,6,2.0
2024,CHI,14,7,17,0.75,48,4.25,6,2.0
2024,CHI,15,7,16,0.7708333333333334,48,4.25,6,2.0
2024,CHI,16,7,16,0.75,48,4.25,6,2.0
2024,CHI,17,7,16,0.75,48,4.25,6,2.0
2024,CHI,18,7,16,0.75,48,4.25,6,2.0
2024,CIN,1,4,10,0.8125,48,3.0,5,3.0
2024,CIN,2,4,10,0.8125,48,3.0,5,3.0
2024,CIN,3,4,12,0.8541666666666666,48,3.0,5,3.0
2024,CIN,4,4,12,0.8333333333333334,48,3.0,4,3.0
2024,CIN,5,5,13,0.8541666666666666,48,3.0,4,3.0
2024,CIN,6,5,13,0.8125,48,3.0,4,3.0
2024,CIN,7,5,13,0.8541666666666666,48,3.0,4,3.0
2024,CIN,8,5,12,0.8333333333333334,48,3.0,4,3.0
2024,CIN,9,5,12,0.7708333333333334,48,3.0,3,3.0
2024,CIN,10,5,12,0.7916666666666666,48,3.0,3,3.0
2024,CIN,11,4,12,0.7916666666666666,48,3.0,3,3.0
2024,CIN,13,4,11,0.7916666666666666,48,3.0,4,3.0
2024,CIN,14,4,11,0.7708333333333334,48,3.0,3,3.0
2024,CIN,15,4,10,0.7708333333333334,48,3.0,3,3.0
2024,CIN,16,4,11,0.8125,48,3.0,3,3.0
2024,CIN,17,4,11,0.8125,48,3.0,4,3.0
2024,CIN,18,4,11,0.7291666666666666,48,3.0,4,3.0
2024,CLE,1,10,17,0.8541666666666666,48,3.75,9,2.0
2024,CLE,2,9,15,0.8125,48,3.75,8,2.0
2024,CLE,3,9,15,0.7916666666666666,48,3.75,8,2.0
2024,CLE,4,9,15,0.7708333333333334,48,2.75,7,2.0
2024,CLE,5,11,17,0.7708333333333334,48,2.75,8,2.0
2024,CLE,6,12,17,0.7708333333333334,48,3.5,8,2.0
2024,CLE,7,11,20,0.8163265306122449,49,4.5,8,1.0
2024,CLE,8,9,18,0.8125,48,5.5,8,1.0
2024,CLE,9,9,17,0.7916666666666666,48,5.5,7,1.0
2024,CLE,11,10,17,0.7916666666666666,48,4.75,6,1.0
2024,CLE,12,9,16,0.7708333333333334,48,4.75,6,1.0
2024,CLE,13,10,16,0.7916666666666666,48,4.75,6,1.0
2024,CLE,14,10,17,0.7708333333333334,48,4.75,6,1.0
2024,CLE,15,7,15,0.75,48,4.75,5,1.0
2024,CLE,16,7,14,0.7708333333333334,48,3.75,5,1.0
2024,CLE,17,6,13,0.75,48,3.75,4,1.0
2024,CLE,18,4,10,0.6458333333333334,48,3.75,3,1.0
2024,DAL,1,9,16,0.7083333333333334,48,12.5,13,4.0
2024,DAL,2,9,16,0.6875,48,12.5,12,4.0
2024,DAL,3,9,15,0.7291666666666666,48,12.5,13,4.0
2024,DAL,4,9,16,0.75,48,12.5,13,4.0
2024,DAL,5,7,13,0.7083333333333334,48,10.75,11,3.0
2024,DAL,6,7,11,0.6875,48,10.0,10,3.0
2024,DAL,8,7,12,0.7291666666666666,48,11.75,12,3.0
2024,DAL,9,6,11,0.6875,48,11.25,11,3.0
2024,DAL,10,8,12,0.6875,48,10.75,11,3.0
2024,DAL,11,9,14,0.6666666666666666,48,9.75,11,3.0
2024,DAL,12,7,12,0.6875,48,8.75,8,3.0
2024,DAL,13,9,13,0.6666666666666666,48,9.75,9,3.0
2024,DAL,14,9,15,0.7291666666666666,48,10.75,11,3.0
2024,DAL,15,9,15,0.7083333333333334,48,9.75,10,3.0
2024,DAL,16,9,14,0.7083333333333334,48,9.0,9,3.0
2024,DAL,17,8,14,0.7291666666666666,48,8.75,9,2.0
2024,DAL,18,7,13,0.7083333333333334,48,8.25,8,2.0
2024,DEN,1,4,8,0.6938775510204082,49,6.0,4,0.0
2024,DEN,2,4,8,0.7083333333333334,48,6.0,4,0.0
2024,DEN,3,3,7,0.6458333333333334,48,6.0,4,0.0
2024,DEN,4,3,7,0.6458333333333334,48,6.0,4,0.0
2024,DEN,5,3,7,0.625,48,6.0,4,0.0
2024,DEN,6,3,7,0.6458333333333334,48,6.0,4,0.0
2024,DEN,7,3,7,0.6875,48,5.0,3,0.0
2024,DEN,8,4,8,0.7083333333333334,48,6.0,4,0.0
2024,DEN,9,4,8,0.7083333333333334,48,6.0,4,0.0
2024,DEN,10,4,9,0.7083333333333334,48,6.0,4,0.0
2024,DEN,11,4,9,0.6875,48,6.0,4,0.0
2024,DEN,12,4,9,0.7083333333333334,48,6.0,4,0.0
2024,DEN,13,4,9,0.7083333333333334,48,6.0,4,0.0
2024,DEN,15,4,9,0.7291666666666666,48,6.0,4,0.0
2024,DEN,16,4,9,0.75,48,6.0,4,0.0
2024,DEN,17,4,9,0.75,48,6.0,4,0.0
2024,DEN,18,4,9,0.75,48,6.0,4,0.0
2024,DEN,19,4,9,0.75,48,6.0,4,0.0
2024,DET,1,11,17,0.6458333333333334,48,8.25,10,5.0
2024,DET,2,10,15,0.6458333333333334,48,8.25,10,5.0
2024,DET,3,11,17,0.6458333333333334,48,9.0,10,5.0
2024,DET,4,9,15,0.6458333333333334,48,8.0,9,5.0
2024,DET,6,10,17,0.6458333333333334,48,9.0,10,5.0
2024,DET,7,8,15,0.6666666666666666,48,7.5,8,4.0
2024,DET,8,8,14,0.6666666666666666,48,8.0,9,4.0
2024,DET,9,8,14,0.6041666666666666,48,8.0,9,4.0
2024,DET,10,8,15,0.6458333333333334,48,7.0,8,4.0
2024,DET,11,9,15,0.6666666666666666,48,6.75,8,3.0
2024,DET,12,8,14,0.6458333333333334,48,7.75,9,4.0
2024,DET,13,8,13,0.6666666666666666,48,6.75,9,4.0
2024,DET,14,10,14,0.6458333333333334,48,7.5,10,4.0
2024,DET,15,11,17,0.6875,48,7.5,10,4.0
2024,DET,16,9,14,0.5833333333333334,48,6.75,9,4.0
2024,DET,17,9,14,0.6041666666666666,48,7.75,10,4.0
2024,DET,18,9,14,0.625,48,8.75,10,4.0
2024,DET,20,10,15,0.625,48,8.25,9,4.0
2024,GB,1,11,20,0.8125,48,3.0,4,2.0
2024,GB,2,9,18,0.7708333333333334,48,3.0,4,1.0
2024,GB,3,9,18,0.75,48,3.0,4,1.0
2024,GB,4,9,18,0.75,48,2.0,3,2.0
2024,GB,5,8,16,0.7291666666666666,48,2.0,3,2.0
2024,GB,6,9,17,0.7291666666666666,48,3.0,4,2.0
2024,GB,7,10,18,0.7291666666666666,48,3.0,4,2.0
2024,GB,8,9,17,0.75,48,3.0,4,2.0
2024,GB,9,10,17,0.7708333333333334,48,2.0,3,2.0
2024,GB,11,10,17,0.7291666666666666,48,3.0,4,2.0
2024,GB,12,9,15,0.7291666666666666,48,2.0,3,2.0
2024,GB,13,9,15,0.7291666666666666,48,2.0,3,2.0
2024,GB,14,9,15,0.7291666666666666,48,2.0,3,2.0
2024,GB,15,9,15,0.75,48,2.0,3,2.0
2024,GB,16,8,15,0.7291666666666666,48,2.0,3,2.0
2024,GB,17,7,14,0.7291666666666666,48,2.0,3,2.0
2024,GB,18,7,15,0.75,48,2.0,3,2.0
2024,GB,19,8,15,0.7708333333333334,48,2.0,3,2.0
2024,HOU,1,10,17,0.7708333333333334,48,7.5,7,4.0
2024,HOU,2,9,16,0.75,48,7.5,7,4.0
2024,HOU,3,9,17,0.7291666666666666,48,6.5,6,4.0
2024,HOU,4,8,17,0.7291666666666666,48,6.5,6,4.0
2024,HOU,5,6,15,0.7708333333333334,48,6.5,6,4.0
2024,HOU,6,7,15,0.7708333333333334,48,6.5,7,4.0
2024,HOU,7,7,13,0.75,48,7.0,7,4.0
2024,HOU,8,8,16,0.7708333333333334,48,7.25,8,4.0
2024,HOU,9,8,16,0.75,48,6.25,7,3.0
2024,HOU,10,8,16,0.75,48,6.25,6,3.0
2024,HOU,11,9,16,0.7916666666666666,48,7.25,6,3.0
2024,HOU,12,8,16,0.7916666666666666,48,7.25,7,3.0
2024,HOU,13,9,18,0.75,48,7.25,7,3.0
2024,HOU,15,9,17,0.8125,48,7.25,7,3.0
2024,HOU,16,9,16,0.75,48,6.5,6,3.0
2024,HOU,17,8,16,0.75,48,5.5,6,3.0
2024,HOU,18,8,17,0.7708333333333334,48,7.0,7,3.0
2024,HOU,19,8,17,0.7708333333333334,48,6.25,7,3.0
2024,HOU,20,8,17,0.7291666666666666,48,6.5,6,3.0
2024,IND,1,8,17,0.75,48,5.5,6,1.0
2024,IND,2,8,16,0.75,48,6.5,7,1.0
2024,IND,3,7,15,0.75,48,5.75,6,1.0
2024,IND,4,5,14,0.7755102040816326,49,5.0,4,1.0
2024,IND,5,4,11,0.7708333333333334,48,4.0,3,1.0
2024,IND,6,6,13,0.7708333333333334,48,4.75,5,1.0
2024,IND,7,7,15,0.7708333333333334,48,4.75,5,1.0
2024,IND,8,8,17,0.7916666666666666,48,6.5,7,1.0
2024,IND,9,8,15,0.7916666666666666,48,6.5,7,1.0
2024,IND,10,8,14,0.7916666666666666,48,5.75,6,1.0
2024,IND,11,7,14,0.7708333333333334,48,5.75,6,1.0
2024,IND,12,7,15,0.7916666666666666,48,5.75,6,1.0
2024,IND,13,8,15,0.8333333333333334,48,4.75,6,1.0
2024,IND,15,7,14,0.8333333333333334,48,4.75,6,1.0
2024,IND,16,8,14,0.8541666666666666,48,6.5,7,1.0
2024,IND,17,7,14,0.8333333333333334,48,6.5,7,1.0
2024,IND,18,7,15,0.8541666666666666,48,6.5,7,1.0
2024,JAX,1,13,23,0.88,50,3.75,8,2.0
2024,JAX,2,10,17,0.8936170212765957,47,3.75,7,2.0
2024,JAX,3,10,18,0.8958333333333334,48,3.75,7,2.0
2024,JAX,4,9,17,0.8958333333333334,48,3.75,7,2.0
2024,JAX,5,11,19,0.875,48,3.75,7,2.0
2024,JAX,6,12,20,0.8958333333333334,48,2.75,7,2.0
2024,JAX,7,11,19,0.8958333333333334,48,2.75,7,2.0
2024,JAX,8,11,19,0.8958333333333334,48,2.75,7,2.0
2024,JAX,9,12,17,0.8541666666666666,48,2.75,7,2.0
2024,JAX,10,11,16,0.875,48,3.75,7,1.0
2024,JAX,11,11,17,0.8541666666666666,48,3.75,7,1.0
2024,JAX,13,12,19,0.875,48,3.75,8,2.0
2024,JAX,14,10,17,0.875,48,3.75,7,1.0
2024,JAX,15,10,17,0.875,48,3.75,6,1.0
2024,JAX,16,10,16,0.875,48,3.75,6,1.0
2024,JAX,17,9,15,0.8541666666666666,48,3.75,6,1.0
2024,JAX,18,9,14,0.8333333333333334,48,2.75,5,0.0
2024,KC,1,6,16,0.8125,48,7.25,6,2.0
2024,KC,2,6,16,0.7916666666666666,48,7.25,6,2.0
2024,KC,3,6,16,0.7916666666666666,48,7.25,6,2.0
2024,KC,4,6,16,0.7916666666666666,48,7.75,6,2.0
2024,KC,5,6,15,0.7708333333333334,48,7.75,6,2.0
2024,KC,7,6,15,0.7708333333333334,48,7.75,6,2.0
2024,KC,8,7,14,0.7708333333333334,48,8.5,7,2.0
2024,KC,9,7,15,0.75,48,8.5,7,2.0
2024,KC,10,7,15,0.75,48,8.5,7,2.0
2024,KC,11,7,15,0.7291666666666666,48,8.5,7,2.0
2024,KC,12,7,16,0.75,48,8.5,7,2.0
2024,KC,13,7,16,0.7916666666666666,48,8.5,7,2.0
2024,KC,14,8,14,0.75,48,7.75,6,2.0
2024,KC,15,7,14,0.7708333333333334,48,7.75,6,2.0
2024,KC,16,8,15,0.7916666666666666,48,7.75,6,2.0
2024,KC,17,8,14,0.7916666666666666,48,6.75,5,2.0
2024,KC,18,6,12,0.75,48,3.75,3,0.0
2024,KC,20,9,16,0.7916666666666666,48,7.75,6,2.0
2024,KC,21,9,16,0.7916666666666666,48,7.75,6,2.0
2024,KC,22,9,16,0.7916666666666666,48,7.75,6,2.0
2024,LA,1,3,6,0.7916666666666666,48,6.5,6,4.0
2024,LA,2,3,6,0.7083333333333334,48,5.5,5,3.0
2024,LA,3,3,7,0.6666666666666666,48,3.75,3,2.0
2024,LA,4,3,7,0.6875,48,3.75,3,2.0
2024,LA,5,3,7,0.6875,48,3.75,2,2.0
2024,LA,7,2,6,0.6875,48,3.75,2,2.0
2024,LA,8,3,7,0.7291666666666666,48,5.75,4,4.0
2024,LA,9,3,7,0.6875,48,5.75,4,4.0
2024,LA,10,3,7,0.7291666666666666,48,5.75,5,4.0
2024,LA,11,3,7,0.75,48,5.75,5,4.0
2024,LA,12,3,7,0.7291666666666666,48,5.75,5,4.0
2024,LA,13,2,7,0.7291666666666666,48,5.75,5,4.0
2024,LA,14,2,7,0.7291666666666666,48,5.75,5,4.0
2024,LA,15,3,8,0.7291666666666666,48,5.75,5,4.0
2024,LA,16,2,7,0.7291666666666666,48,5.75,5,4.0
2024,LA,17,3,7,0.75,48,5.75,5,4.0
2024,LA,18,2,6,0.7291666666666666,48,1.75,1,0.0
2024,LA,19,2,7,0.7291666666666666,48,6.5,5,4.0
2024,LA,20,3,8,0.7291666666666666,48,5.75,5,4.0
2024,LAC,1,10,16,0.7916666666666666,48,6.25,7,3.0
2024,LAC,2,10,16,0.7708333333333334,48,6.25,7,3.0
2024,LAC,3,10,16,0.7708333333333334,48,6.25,7,3.0
2024,LAC,4,6,12,0.7083333333333334,48,3.5,4,2.0
2024,LAC,6,9,14,0.7708333333333334,48,5.5,6,3.0
2024,LAC,7,8,13,0.75,48,4.5,6,3.0
2024,LAC,8,9,14,0.75,48,5.25,7,3.0
2024,LAC,9,12,16,0.7708333333333334,48,6.25,7,3.0
2024,LAC,10,12,17,0.7291666666666666,48,6.25,8,3.0
2024,LAC,11,10,15,0.7291666666666666,48,5.5,6,2.0
2024,LAC,12,11,15,0.7291666666666666,48,6.25,6,3.0
2024,LAC,13,10,15,0.7291666666666666,48,6.25,7,3.0
2024,LAC,14,10,14,0.75,48,6.25,7,3.0
2024,LAC,15,9,15,0.7291666666666666,48,6.25,7,3.0
2024,LAC,16,10,16,0.7291666666666666,48,6.25,8,3.0
2024,LAC,17,9,14,0.7708333333333334,48,6.75,8,3.0
2024,LAC,18,9,14,0.7708333333333334,48,5.75,7,3.0
2024,LAC,19,10,16,0.75,48,6.75,9,3.0
2024,LV,1,5,10,0.6875,48,6.0,5,3.0
2024,LV,2,5,10,0.7083333333333334,48,6.0,5,3.0
2024,LV,3,5,11,0.7083333333333334,48,6.0,5,3.0
2024,LV,4,6,10,0.6458333333333334,48,4.0,3,1.0
2024,LV,5,6,10,0.6458333333333334,48,5.0,4,2.0
2024,LV,6,5,9,0.6666666666666666,48,4.0,4,1.0
2024,LV,7,5,9,0.6875,48,4.0,4,1.0
2024,LV,8,5,9,0.6875,48,4.0,4,1.0
2024,LV,9,5,9,0.7083333333333334,48,4.0,4,1.0
2024,LV,11,5,10,0.6875,48,4.0,4,1.0
2024,LV,12,5,9,0.6666666666666666,48,4.0,4,1.0
2024,LV,13,5,10,0.6875,48,4.0,3,1.0
2024,LV,14,5,10,0.6666666666666666,48,4.0,3,1.0
2024,LV,15,4,10,0.7083333333333334,48,3.0,1,0.0
2024,LV,16,5,11,0.7083333333333334,48,3.0,2,0.0
2024,LV,17,5,11,0.6875,48,3.0,2,0.0
2024,LV,18,4,9,0.6458333333333334,48,3.0,1,0.0
2024,MIA,1,7,13,0.6538461538461539,52,10.25,9,7.0
2024,MIA,2,7,13,0.7083333333333334,48,9.25,8,6.0
2024,MIA,3,6,13,0.7083333333333334,48,9.25,7,5.0
2024,MIA,4,6,13,0.6458333333333334,48,7.25,7,4.0
2024,MIA,5,6,13,0.6666666666666666,48,9.75,8,5.0
2024,MIA,7,6,11,0.6458333333333334,48,9.75,9,6.0
2024,MIA,8,7,16,0.7346938775510204,49,9.75,9,7.0
2024,MIA,9,7,15,0.75,48,8.75,9,7.0
2024,MIA,10,6,15,0.75,48,9.75,8,7.0
2024,MIA,11,6,15,0.7083333333333334,48,8.75,8,7.0
2024,MIA,12,6,15,0.7083333333333334,48,8.75,9,7.0
2024,MIA,13,7,13,0.6875,48,8.75,9,7.0
2024,MIA,14,7,14,0.7291666666666666,48,8.75,9,6.0
2024,MIA,15,6,12,0.6875,48,8.25,9,6.0
2024,MIA,16,5,11,0.6458333333333334,48,9.25,10,6.0
2024,MIA,17,4,11,0.625,48,8.25,9,5.0
2024,MIA,18,5,11,0.6458333333333334,48,8.25,9,6.0
2024,MIN,1,9,13,0.8125,48,3.5,7,2.0
2024,MIN,2,9,13,0.7916666666666666,48,3.5,7,2.0
2024,MIN,3,7,11,0.75,48,3.5,7,2.0
2024,MIN,4,9,13,0.7708333333333334,48,3.5,7,2.0
2024,MIN,5,9,13,0.7916666666666666,48,3.5,7,2.0
2024,MIN,7,9,14,0.75,48,3.5,7,2.0
2024,MIN,8,9,14,0.75,48,3.5,7,2.0
2024,MIN,9,9,16,0.7916666666666666,48,4.5,8,2.0
2024,MIN,10,9,16,0.7708333333333334,48,3.5,7,2.0
2024,MIN,11,9,16,0.7708333333333334,48,3.5,7,2.0
2024,MIN,12,9,16,0.7708333333333334,48,3.5,7,2.0
2024,MIN,13,10,16,0.7916666666666666,48,3.5,7,2.0
2024,MIN,14,9,16,0.7708333333333334,48,3.75,7,2.0
2024,MIN,15,9,16,0.7916666666666666,48,3.75,7,2.0
2024,MIN,16,9,16,0.8125,48,3.75,7,1.0
2024,MIN,17,9,16,0.7708333333333334,48,4.5,8,2.0
2024,MIN,18,9,16,0.75,48,4.5,8,2.0
2024,MIN,19,9,16,0.7708333333333334,48,4.5,8,2.0
2024,NE,1,3,12,0.7916666666666666,48,4.5,1,0.0
2024,NE,2,3,11,0.7916666666666666,48,4.5,1,0.0
2024,NE,3,3,11,0.7291666666666666,48,4.5,1,0.0
2024,NE,4,3,12,0.7291666666666666,48,4.5,1,0.0
2024,NE,5,2,9,0.7291666666666666,48,4.5,1,0.0
2024,NE,6,2,9,0.6875,48,4.5,1,0.0
2024,NE,7,2,9,0.7708333333333334,48,4.5,1,0.0
2024,NE,8,2,7,0.7708333333333334,48,4.5,1,0.0
2024,NE,9,2,7,0.75,48,4.5,1,0.0
2024,NE,10,2,6,0.7291666666666666,48,4.5,1,0.0
2024,NE,11,2,8,0.7083333333333334,48,4.5,1,0.0
2024,NE,12,2,8,0.7291666666666666,48,4.5,1,0.0
2024,NE,13,3,9,0.75,48,4.5,1,0.0
2024,NE,15,3,9,0.7291666666666666,48,4.5,1,0.0
2024,NE,16,3,8,0.7291666666666666,48,4.0,1,0.0
2024,NE,17,3,8,0.75,48,4.0,1,0.0
2024,NE,18,2,5,0.6875,48,3.5,1,0.0
2024,NO,1,9,16,0.6875,48,7.25,9,1.0
2024,NO,2,8,15,0.6875,48,6.5,8,1.0
2024,NO,3,9,16,0.6875,48,7.25,9,1.0
2024,NO,4,8,14,0.6875,48,6.25,7,0.0
2024,NO,5,8,12,0.6666666666666666,48,7.25,8,1.0
2024,NO,6,9,13,0.6875,48,7.25,7,1.0
2024,NO,7,8,12,0.7083333333333334,48,6.25,6,1.0
2024,NO,8,9,14,0.6875,48,6.25,6,1.0
2024,NO,9,8,13,0.6458333333333334,48,5.5,6,1.0
2024,NO,10,7,13,0.6666666666666666,48,5.5,6,1.0
2024,NO,11,7,15,0.7083333333333334,48,5.5,7,1.0
2024,NO,13,7,14,0.7083333333333334,48,5.5,6,1.0
2024,NO,14,7,15,0.7291666666666666,48,5.5,7,1.0
2024,NO,15,7,14,0.7291666666666666,48,5.5,6,1.0
2024,NO,16,7,15,0.6875,48,4.75,5,1.0
2024,NO,17,8,15,0.7291666666666666,48,4.75,4,1.0
2024,NO,18,8,13,0.6666666666666666,48,4.75,4,1.0
2024,NYG,1,10,15,0.7708333333333334,48,3.75,2,2.0
2024,NYG,2,10,15,0.7708333333333334,48,4.0,2,2.0
2024,NYG,3,10,15,0.7916666666666666,48,4.0,2,2.0
2024,NYG,4,9,14,0.7916666666666666,48,4.0,2,2.0
2024,NYG,5,9,14,0.7916666666666666,48,5.0,2,2.0
2024,NYG,6,8,14,0.8125,48,5.0,2,2.0
2024,NYG,7,7,12,0.7708333333333334,48,4.0,2,2.0
2024,NYG,8,7,12,0.7708333333333334,48,4.0,2,2.0
2024,NYG,9,8,13,0.7916666666666666,48,4.0,2,2.0
2024,NYG,10,8,13,0.7708333333333334,48,4.0,2,2.0
2024,NYG,12,8,13,0.7708333333333334,48,4.0,2,2.0
2024,NYG,13,7,11,0.75,48,4.0,2,2.0
2024,NYG,14,6,10,0.6875,48,3.0,1,1.0
2024,NYG,15,6,8,0.5833333333333334,48,3.0,1,1.0
2024,NYG,16,7,11,0.6875,48,3.0,1,1.0
2024,NYG,17,7,10,0.6458333333333334,48,3.0,1,1.0
2024,NYG,18,6,9,0.625,48,3.0,1,1.0
2024,NYJ,1,14,17,0.8125,48,6.0,5,5.0
2024,NYJ,2,14,17,0.8125,48,6.0,5,5.0
2024,NYJ,3,12,15,0.7708333333333334,48,6.0,4,5.0
2024,NYJ,4,12,15,0.7708333333333334,48,6.0,4,5.0
2024,NYJ,5,12,15,0.75,48,6.0,4,5.0
2024,NYJ,6,13,16,0.7708333333333334,48,6.0,4,5.0
2024,NYJ,7,13,17,0.7916666666666666,48,7.0,5,6.0
2024,NYJ,8,13,17,0.7959183673469388,49,8.0,6,7.0
2024,NYJ,9,11,15,0.75,48,7.5,6,7.0
2024,NYJ,10,10,14,0.7291666666666666,48,7.5,6,7.0
2024,NYJ,11,10,14,0.7916666666666666,48,6.5,5,7.0
2024,NYJ,13,10,14,0.7916666666666666,48,7.5,5,7.0
2024,NYJ,14,9,12,0.7916666666666666,48,6.5,4,6.0
2024,NYJ,15,10,14,0.7916666666666666,48,6.5,5,7.0
2024,NYJ,16,9,13,0.75,48,5.5,4,6.0
2024,NYJ,17,9,13,0.75,48,7.0,5,7.0
2024,NYJ,18,8,12,0.6875,48,5.5,4,6.0
2024,PHI,1,11,18,0.7916666666666666,48,8.5,10,5.0
2024,PHI,2,11,18,0.8125,48,7.5,9,4.0
2024,PHI,3,11,18,0.8125,48,7.5,9,4.0
2024,PHI,4,10,17,0.8125,48,6.5,8,2.0
2024,PHI,6,11,19,0.8541666666666666,48,8.5,10,5.0
2024,PHI,7,11,18,0.8333333333333334,48,7.5,10,5.0
2024,PHI,8,10,16,0.8333333333333334,48,7.5,10,5.0
2024,PHI,9,11,16,0.8125,48,6.5,9,5.0
2024,PHI,10,11,18,0.8541666666666666,48,7.5,10,5.0
2024,PHI,11,11,18,0.8958333333333334,48,8.5,10,5.0
2024,PHI,12,10,17,0.875,48,8.5,10,4.0
2024,PHI,13,10,17,0.875,48,7.0,8,4.0
2024,PHI,14,11,17,0.8541666666666666,48,8.0,9,5.0
2024,PHI,15,11,17,0.875,48,8.0,9,5.0
2024,PHI,16,11,17,0.875,48,8.0,9,5.0
2024,PHI,17,10,15,0.8333333333333334,48,7.0,8,4.0
2024,PHI,18,7,10,0.7954545454545454,44,2.0,3,0.0
2024,PHI,19,10,18,0.8333333333333334,48,8.0,9,5.0
2024,PHI,20,10,18,0.8125,48,8.0,9,5.0
2024,PHI,21,10,18,0.8125,48,8.0,9,5.0
2024,PHI,22,11,19,0.8333333333333334,48,8.5,10,5.0
2024,PIT,1,9,17,0.8541666666666666,48,6.0,6,4.0
2024,PIT,2,9,17,0.8541666666666666,48,6.0,6,4.0
2024,PIT,3,8,16,0.7708333333333334,48,6.0,6,4.0
2024,PIT,4,9,17,0.7755102040816326,49,5.0,6,4.0
2024,PIT,5,8,15,0.7291666666666666,48,4.0,5,4.0
2024,PIT,6,8,15,0.7291666666666666,48,4.75,6,4.0
2024,PIT,7,8,15,0.75,48,5.75,6,4.0
2024,PIT,8,7,14,0.7291666666666666,48,5.75,6,4.0
2024,PIT,10,9,17,0.8125,48,6.75,7,4.0
2024,PIT,11,9,17,0.8125,48,5.75,7,4.0
2024,PIT,12,9,17,0.8125,48,5.75,7,4.0
2024,PIT,13,9,17,0.8125,48,5.75,7,4.0
2024,PIT,14,9,16,0.8125,48,6.75,7,4.0
2024,PIT,15,9,17,0.8333333333333334,48,6.75,7,4.0
2024,PIT,16,8,15,0.8125,48,6.75,7,4.0
2024,PIT,17,8,15,0.8125,48,6.75,7,4.0
2024,PIT,18,9,17,0.8333333333333334,48,6.75,7,4.0
2024,PIT,19,9,17,0.8125,48,6.75,7,4.0
2024,SEA,1,7,18,0.7692307692307693,52,4.25,7,3.0
2024,SEA,2,7,16,0.7708333333333334,48,4.25,7,3.0
2024,SEA,3,7,17,0.7708333333333334,48,4.25,7,3.0
2024,SEA,4,5,15,0.7708333333333334,48,4.25,7,3.0
2024,SEA,5,6,16,0.7708333333333334,48,4.25,7,3.0
2024,SEA,6,7,17,0.7708333333333334,48,4.25,6,2.0
2024,SEA,7,7,17,0.75,48,4.25,6,2.0
2024,SEA,8,7,16,0.75,48,3.5,6,2.0
2024,SEA,9,6,15,0.7083333333333334,48,3.5,6,2.0
2024,SEA,11,6,15,0.7083333333333334,48,4.25,7,3.0
2024,SEA,12,6,14,0.7291666666666666,48,4.25,7,3.0
2024,SEA,13,7,16,0.7083333333333334,48,4.25,7,3.0
2024,SEA,14,7,15,0.7708333333333334,48,4.25,7,3.0
2024,SEA,15,7,15,0.75,48,4.25,7,3.0
2024,SEA,16,8,17,0.7916666666666666,48,4.25,7,3.0
2024,SEA,17,8,16,0.7708333333333334,48,4.25,7,3.0
2024,SEA,18,8,16,0.7916666666666666,48,4.25,7,3.0
2024,SF,1,4,8,0.7708333333333334,48,11.0,9,7.0
2024,SF,2,4,9,0.7916666666666666,48,11.0,9,7.0
2024,SF,3,4,8,0.7708333333333334,48,10.0,8,5.0
2024,SF,4,4,9,0.75,48,10.0,8,7.0
2024,SF,5,4,8,0.7916666666666666,48,11.0,9,7.0
2024,SF,6,4,8,0.7708333333333334,48,9.0,7,7.0
2024,SF,7,5,9,0.7708333333333334,48,10.0,8,7.0
2024,SF,8,4,7,0.7916666666666666,48,9.75,8,6.0
2024,SF,10,5,9,0.8125,48,9.0,8,7.0
2024,SF,11,5,10,0.7916666666666666,48,8.0,7,6.0
2024,SF,12,3,8,0.7916666666666666,48,7.0,5,4.0
2024,SF,13,3,7,0.75,48,8.0,7,5.0
2024,SF,14,2,5,0.7916666666666666,48,7.0,7,4.0
2024,SF,15,3,7,0.7708333333333334,48,8.0,8,6.0
2024,SF,16,3,7,0.7708333333333334,48,7.0,8,6.0
2024,SF,17,3,7,0.75,48,6.0,7,5.0
2024,SF,18,3,6,0.7291666666666666,48,6.0,6,3.0
2024,TB,1,6,12,0.7708333333333334,48,5.75,6,2.0
2024,TB,2,6,11,0.7291666666666666,48,4.75,5,2.0
2024,TB,3,5,11,0.75,48,4.75,4,2.0
2024,TB,4,6,12,0.75,48,4.75,5,2.0
2024,TB,5,6,12,0.7291666666666666,48,4.75,5,2.0
2024,TB,6,6,14,0.7708333333333334,48,5.75,6,2.0
2024,TB,7,7,15,0.7916666666666666,48,5.75,6,2.0
2024,TB,8,6,14,0.7291666666666666,48,4.0,4,2.0
2024,TB,9,6,14,0.7083333333333334,48,4.0,4,2.0
2024,TB,10,6,14,0.7083333333333334,48,4.0,4,2.0
2024,TB,12,6,14,0.7708333333333334,48,4.0,4,1.0
2024,TB,13,6,14,0.7708333333333334,48,5.0,5,2.0
2024,TB,14,6,14,0.7083333333333334,48,5.0,5,2.0
2024,TB,15,7,14,0.6875,48,5.0,4,2.0
2024,TB,16,7,14,0.7083333333333334,48,4.0,4,2.0
2024,TB,17,7,14,0.75,48,4.5,4,2.0
2024,TB,18,7,15,0.7291666666666666,48,6.25,5,2.0
2024,TB,19,7,16,0.7708333333333334,48,6.25,6,2.0
2024,TEN,1,7,14,0.75,48,7.0,6,1.0
2024,TEN,2,8,15,0.75,48,7.75,7,1.0
2024,TEN,3,8,15,0.75,48,7.75,7,1.0
2024,TEN,4,7,13,0.6875,48,5.75,6,0.0
2024,TEN,6,7,13,0.6666666666666666,48,6.0,6,1.0
2024,TEN,7,6,11,0.6458333333333334,48,6.0,6,1.0
2024,TEN,8,5,10,0.6041666666666666,48,5.25,5,1.0
2024,TEN,9,5,9,0.6458333333333334,48,6.25,6,1.0
2024,TEN,10,5,11,0.6458333333333334,48,5.25,5,1.0
2024,TEN,11,5,11,0.6875,48,4.25,4,1.0
2024,TEN,12,5,11,0.6808510638297872,47,5.25,5,1.0
2024,TEN,13,5,11,0.6875,48,5.25,5,1.0
2024,TEN,14,4,10,0.625,48,6.25,5,1.0
2024,TEN,15,5,11,0.6458333333333334,48,6.25,5,1.0
2024,TEN,16,5,12,0.6458333333333334,48,5.75,5,1.0
2024,TEN,17,4,11,0.6458333333333334,48,5.75,4,1.0
2024,TEN,18,4,11,0.625,48,5.75,5,1.0
2024,WAS,1,8,16,0.7291666666666666,48,7.25,10,3.0
2024,WAS,2,6,15,0.7083333333333334,48,6.75,10,3.0
2024,WAS,3,6,15,0.7291666666666666,48,7.25,10,3.0
2024,WAS,4,7,16,0.75,48,6.0,10,3.0
2024,WAS,5,8,17,0.7291666666666666,48,6.75,10,3.0
2024,WAS,6,7,16,0.7291666666666666,48,6.75,10,3.0
2024,WAS,7,8,17,0.7291666666666666,48,5.75,9,2.0
2024,WAS,8,7,16,0.7291666666666666,48,5.75,9,2.0
2024,WAS,9,7,16,0.75,48,5.75,9,2.0
2024,WAS,10,7,16,0.75,48,5.75,9,2.0
2024,WAS,11,7,16,0.75,48,5.0,8,2.0
2024,WAS,12,6,15,0.75,48,5.75,9,2.0
2024,WAS,13,6,14,0.7916666666666666,48,5.0,9,2.0
2024,WAS,15,7,15,0.7708333333333334,48,6.25,9,2.0
2024,WAS,16,7,15,0.7916666666666666,48,6.25,10,2.0
2024,WAS,17,7,15,0.7916666666666666,48,6.5,10,3.0
2024,WAS,18,7,14,0.7708333333333334,48,7.25,9,3.0
2024,WAS,19,8,16,0.7916666666666666,48,8.0,11,3.0
2024,WAS,20,8,16,0.7708333333333334,48,8.0,11,3.0
2024,WAS,21,7,14,0.7708333333333334,48,7.0,10,3.0
2025,ARI,1,7,14,0.7708333333333334,48,2.5,6,3.0
2025,ARI,2,7,14,0.7916666666666666,48,2.5,6,3.0
2025,ARI,3,5,11,0.7708333333333334,48,1.5,6,3.0
2025,ARI,4,6,11,0.7708333333333334,48,1.5,5,3.0
2025,ARI,5,5,12,0.8125,48,1.5,5,3.0
2025,ARI,6,4,12,0.7916666666666666,48,1.5,4,3.0
2025,ARI,7,5,13,0.8125,48,1.5,4,3.0
2025,ARI,9,6,14,0.8125,48,2.5,4,3.0
2025,ARI,10,6,12,0.8125,48,2.5,4,3.0
2025,ARI,11,4,11,0.7291666666666666,48,2.5,4,3.0
2025,ARI,12,4,11,0.7291666666666666,48,2.5,4,3.0
2025,ARI,13,4,10,0.7291666666666666,48,2.5,4,3.0
2025,ARI,14,3,9,0.75,48,2.5,4,3.0
2025,ARI,15,3,9,0.75,48,2.5,4,3.0
2025,ARI,16,4,10,0.7708333333333334,48,2.5,4,3.0
2025,ARI,17,4,10,0.7916666666666666,48,0.5,3,2.0
2025,ARI,18,3,9,0.7708333333333334,48,1.5,4,3.0
2025,ATL,1,11,15,0.75,48,7.0,8,3.0
2025,ATL,2,11,15,0.7291666666666666,48,5.5,6,3.0
2025,ATL,3,10,14,0.7291666666666666,48,4.75,6,3.0
2025,ATL,4,10,14,0.7708333333333334,48,5.5,6,3.0
2025,ATL,6,11,15,0.75,48,5.5,7,3.0
2025,ATL,7,10,14,0.75,48,5.5,7,3.0
2025,ATL,8,8,12,0.7291666666666666,48,4.5,7,2.0
2025,ATL,9,11,15,0.7291666666666666,48,5.5,7,3.0
2025,ATL,10,9,12,0.7708333333333334,48,5.5,7,3.0
2025,ATL,11,9,12,0.7708333333333334,48,5.5,7,3.0
2025,ATL,12,9,13,0.75,48,4.5,7,2.0
2025,ATL,13,9,13,0.7291666666666666,48,4.5,6,2.0
2025,ATL,14,10,14,0.7083333333333334,48,4.5,7,2.0
2025,ATL,15,9,13,0.6666666666666666,48,3.75,6,2.0
2025,ATL,16,10,14,0.7083333333333334,48,4.75,5,3.0
2025,ATL,17,10,14,0.7083333333333334,48,4.75,5,3.0
2025,ATL,18,10,14,0.6875,48,4.75,5,3.0
2025,BAL,1,13,18,0.8541666666666666,48,10.75,13,4.0
2025,BAL,2,12,17,0.8333333333333334,48,9.75,12,4.0
2025,BAL,3,12,17,0.8333333333333334,48,8.75,10,4.0
2025,BAL,4,12,17,0.8125,48,8.75,10,4.0
2025,BAL,5,8,13,0.7708333333333334,48,4.5,8,1.0
2025,BAL,6,10,15,0.7708333333333334,48,7.0,11,2.0
2025,BAL,8,11,17,0.7708333333333334,48,8.75,12,3.0
2025,BAL,9,12,18,0.7916666666666666,48,9.75,13,4.0
2025,BAL,10,12,18,0.7916666666666666,48,9.75,13,4.0
2025,BAL,11,10,16,0.7916666666666666,48,8.75,12,4.0
2025,BAL,12,11,17,0.8125,48,9.75,13,4.0
2025,BAL,13,11,16,0.7916666666666666,48,9.75,13,4.0
2025,BAL,14,11,17,0.7916666666666666,48,9.75,13,4.0
2025,BAL,15,10,16,0.7916666666666666,48,9.75,13,4.0
2025,BAL,16,11,16,0.75,48,9.0,13,4.0
2025,BAL,17,10,16,0.75,48,8.75,12,3.0
2025,BAL,18,10,16,0.7708333333333334,48,9.75,13,4.0
2025,BUF,1,7,16,0.7708333333333334,48,6.25,7,2.0
2025,BUF,2,6,15,0.7291666666666666,48,6.0,8,2.0
2025,BUF,3,7,16,0.75,48,6.0,7,2.0
2025,BUF,4,7,18,0.7916666666666666,48,6.0,7,2.0
2025,BUF,5,7,16,0.7708333333333334,48,7.0,8,2.0
2025,BUF,6,7,16,0.7708333333333334,48,6.75,8,2.0
2025,BUF,8,9,18,0.7708333333333334,48,6.75,8,2.0
2025,BUF,9,7,17,0.7708333333333334,48,6.75,9,2.0
2025,BUF,10,7,16,0.7916666666666666,48,5.75,9,2.0
2025,BUF,11,6,15,0.7916666666666666,48,8.25,9,2.0
2025,BUF,12,7,15,0.7916666666666666,48,7.75,9,2.0
2025,BUF,13,8,15,0.7916666666666666,48,6.75,8,1.0
2025,BUF,14,8,16,0.7916666666666666,48,7.0,8,2.0
2025,BUF,15,9,17,0.8125,48,6.75,9,2.0
2025,BUF,16,9,17,0.8125,48,7.75,9,2.0
2025,BUF,17,9,16,0.7916666666666666,48,6.5,8,2.0
2025,BUF,18,7,15,0.7708333333333334,48,6.25,7,1.0
2025,BUF,19,8,16,0.7916666666666666,48,7.75,9,2.0
2025,BUF,20,10,19,0.8125,48,7.5,8,2.0
2025,CAR,1,5,12,0.75,48,1.0,4,0.0
2025,CAR,2,6,13,0.7916666666666666,48,1.0,4,0.0
2025,CAR,3,5,10,0.7083333333333334,48,1.0,3,0.0
2025,CAR,4,5,11,0.6875,48,1.0,3,0.0
2025,CAR,5,6,11,0.6875,48,1.0,3,0.0
2025,CAR,6,6,10,0.6875,48,1.0,3,0.0
2025,CAR,7,6,13,0.6666666666666666,48,1.0,2,0.0
2025,CAR,8,5,12,0.6666666666666666,48,1.0,2,0.0
2025,CAR,9,6,12,0.6458333333333334,48,1.0,2,0.0
2025,CAR,10,6,12,0.6666666666666666,48,1.0,2,0.0
2025,CAR,11,6,12,0.6458333333333334,48,1.0,2,0.0
2025,CAR,12,6,12,0.6666666666666666,48,1.0,2,0.0
2025,CAR,13,6,11,0.7083333333333334,48,1.0,1,0.0
2025,CAR,15,7,13,0.7291666666666666,48,1.0,2,0.0
2025,CAR,16,6,12,0.7083333333333334,48,1.0,2,0.0
2025,CAR,17,7,13,0.7083333333333334,48,1.0,2,0.0
2025,CAR,18,7,13,0.7083333333333334,48,1.0,2,0.0
2025,CAR,19,7,14,0.7083333333333334,48,1.0,3,0.0
2025,CHI,1,7,16,0.7291666666666666,48,4.0,8,0.0
2025,CHI,2,7,16,0.75,48,6.0,9,0.0
2025,CHI,3,7,16,0.7291666666666666,48,4.0,8,0.0
2025,CHI,4,5,15,0.7291666666666666,48,3.5,7,0.0
2025,CHI,6,7,17,0.75,48,4.5,7,0.0
2025,CHI,7,7,17,0.75,48,4.5,7,0.0
2025,CHI,8,7,14,0.6875,48,5.0,8,0.0
2025,CHI,9,7,13,0.7083333333333334,48,6.0,7,0.0
2025,CHI,10,8,15,0.7708333333333334,48,5.0,8,0.0
2025,CHI,11,8,15,0.7916666666666666,48,5.0,8,0.0
2025,CHI,12,7,14,0.7291666666666666,48,5.0,7,0.0
2025,CHI,13,7,15,0.7291666666666666,48,7.0,9,0.0
2025,CHI,14,6,14,0.7083333333333334,48,8.0,9,0.0
2025,CHI,15,7,15,0.7291666666666666,48,8.0,9,0.0
2025,CHI,16,7,14,0.7083333333333334,48,7.0,9,0.0
2025,CHI,17,7,15,0.7291666666666666,48,7.0,9,0.0
2025,CHI,18,6,13,0.7083333333333334,48,7.0,9,0.0
2025,CHI,19,7,16,0.7291666666666666,48,7.0,10,0.0
2025,CHI,20,7,15,0.75,48,7.0,10,0.0
2025,CIN,1,7,16,0.8125,48,3.0,4,4.0
2025,CIN,2,7,16,0.8333333333333334,48,3.0,4,4.0
2025,CIN,3,5,13,0.7916666666666666,48,2.0,3,3.0
2025,CIN,4,4,13,0.7916666666666666,48,2.0,3,3.0
2025,CIN,5,5,14,0.8125,48,2.0,3,3.0
2025,CIN,6,6,15,0.8125,48,2.0,3,3.0
2025,CIN,7,7,15,0.8125,48,1.0,2,2.0
2025,CIN,8,7,15,0.7916666666666666,48,2.0,3,3.0
2025,CIN,9,7,14,0.8125,48,1.0,2,2.0
2025,CIN,11,6,15,0.8125,48,1.0,2,2.0
2025,CIN,12,5,14,0.8125,48,0.0,1,1.0
2025,CIN,13,7,15,0.8333333333333334,48,2.0,3,2.0
2025,CIN,14,7,16,0.8333333333333334,48,2.0,3,3.0
2025,CIN,15,7,15,0.8125,48,2.0,3,2.0
2025,CIN,16,7,15,0.7708333333333334,48,2.0,3,3.0
2025,CIN,17,8,16,0.7708333333333334,48,2.0,3,3.0
2025,CIN,18,8,16,0.75,48,2.0,3,3.0
2025,CLE,1,10,15,0.7291666666666666,48,3.5,6,2.0
2025,CLE,2,9,15,0.75,48,2.75,6,2.0
2025,CLE,3,9,15,0.7083333333333334,48,2.75,6,2.0
2025,CLE,4,9,15,0.7083333333333334,48,2.75,6,2.0
2025,CLE,5,10,17,0.7291666666666666,48,3.5,6,2.0
2025,CLE,6,8,16,0.7291666666666666,48,3.5,6,2.0
2025,CLE,7,6,14,0.7083333333333334,48,2.75,5,2.0
2025,CLE,8,8,17,0.7291666666666666,48,3.5,6,2.0
2025,CLE,10,7,16,0.7291666666666666,48,3.5,6,2.0
2025,CLE,11,7,16,0.7083333333333334,48,3.5,6,2.0
2025,CLE,12,7,16,0.6875,48,3.5,6,2.0
2025,CLE,13,7,16,0.6875,48,3.5,6,2.0
2025,CLE,14,6,15,0.6875,48,2.0,5,2.0
2025,CLE,15,4,12,0.6041666666666666,48,2.0,3,2.0
2025,CLE,16,4,11,0.5833333333333334,48,2.0,3,2.0
2025,CLE,17,5,12,0.6041666666666666,48,2.75,5,2.0
2025,CLE,18,5,11,0.6041666666666666,48,2.0,4,2.0
2025,DAL,1,10,18,0.7291666666666666,48,8.75,11,2.0
2025,DAL,2,10,18,0.7083333333333334,48,7.75,10,2.0
2025,DAL,3,11,19,0.7083333333333334,48,7.75,10,2.0
2025,DAL,4,10,18,0.7083333333333334,48,8.25,10,1.0
2025,DAL,5,8,14,0.7083333333333334,48,7.25,8,1.0
2025,DAL,6,8,16,0.7291666666666666,48,7.25,8,1.0
2025,DAL,7,11,16,0.7083333333333334,48,8.5,9,2.0
2025,DAL,8,11,17,0.7291666666666666,48,8.5,9,2.0
2025,DAL,9,10,16,0.673469387755102,49,8.5,9,2.0
2025,DAL,11,11,16,0.7291666666666666,48,9.5,10,3.0
2025,DAL,12,11,17,0.7291666666666666,48,9.5,10,3.0
2025,DAL,13,10,15,0.7291666666666666,48,9.5,10,3.0
2025,DAL,14,9,15,0.7083333333333334,48,9.0,10,3.0
2025,DAL,15,10,16,0.7291666666666666,48,9.5,10,3.0
2025,DAL,16,9,16,0.7291666666666666,48,8.25,9,2.0
2025,DAL,17,10,17,0.7083333333333334,48,9.25,10,3.0
2025,DAL,18,10,15,0.7291666666666666,48,8.5,9,3.0
2025,DEN,1,6,11,0.7291666666666666,48,9.25,5,2.0
2025,DEN,2,6,11,0.75,48,9.25,5,2.0
2025,DEN,3,5,10,0.7291666666666666,48,9.25,4,2.0
2025,DEN,4,6,11,0.75,48,9.25,5,2.0
2025,DEN,5,6,11,0.7551020408163265,49,9.25,5,2.0
2025,DEN,6,6,11,0.6875,48,9.25,5,2.0
2025,DEN,7,6,11,0.6875,48,9.25,5,2.0
2025,DEN,8,6,11,0.6666666666666666,48,9.25,5,2.0
2025,DEN,9,6,10,0.6875,48,7.75,3,2.0
2025,DEN,10,6,10,0.6666666666666666,48,7.75,3,2.0
2025,DEN,11,6,10,0.6875,48,8.75,4,2.0
2025,DEN,13,6,10,0.6875,48,9.25,5,2.0
2025,DEN,14,7,11,0.6875,48,9.75,5,2.0
2025,DEN,15,6,10,0.6458333333333334,48,9.25,5,2.0
2025,DEN,16,6,10,0.6875,48,8.25,5,2.0
2025,DEN,17,7,11,0.625,48,8.75,5,2.0
2025,DEN,18,6,10,0.6458333333333334,48,8.25,5,2.0
2025,DEN,20,6,10,0.6666666666666666,48,8.25,5,2.0
2025,DEN,21,5,10,0.6458333333333334,48,8.25,5,1.0
2025,DET,1,10,15,0.7291666666666666,48,11.0,9,7.0
2025,DET,2,10,15,0.75,48,11.0,9,7.0
2025,DET,3,9,14,0.7291666666666666,48,11.0,9,7.0
2025,DET,4,9,13,0.6666666666666666,48,11.0,9,7.0
2025,DET,5,8,12,0.6666666666666666,48,11.0,8,7.0
2025,DET,6,7,11,0.625,48,11.0,8,7.0
2025,DET,7,8,12,0.625,48,9.0,8,6.0
2025,DET,9,9,13,0.6666666666666666,48,10.0,9,6.0
2025,DET,10,9,13,0.6458333333333334,48,10.0,9,6.0
2025,DET,11,8,11,0.625,48,9.0,8,5.0
2025,DET,12,8,11,0.625,48,9.0,8,5.0
2025,DET,13,10,13,0.625,48,8.0,8,5.0
2025,DET,14,9,12,0.6458333333333334,48,8.0,8,5.0
2025,DET,15,9,11,0.6458333333333334,48,8.0,7,5.0
2025,DET,16,9,11,0.6041666666666666,48,8.0,7,5.0
2025,DET,17,8,10,0.6041666666666666,48,8.0,6,5.0
2025,DET,18,8,10,0.625,48,7.0,6,4.0
2025,GB,1,9,17,0.8125,48,5.0,5,5.0
2025,GB,2,9,16,0.7916666666666666,48,4.0,5,5.0
2025,GB,3,9,16,0.7916666666666666,48,5.0,5,5.0
2025,GB,4,9,14,0.75,48,4.0,5,5.0
2025,GB,6,8,14,0.7708333333333334,48,5.0,5,5.0
2025,GB,7,7,13,0.7916666666666666,48,5.0,5,5.0
2025,GB,8,8,16,0.7916666666666666,48,5.0,5,5.0
2025,GB,9,8,16,0.7708333333333334,48,5.0,5,5.0
2025,GB,10,7,15,0.7708333333333334,48,5.0,5,5.0
2025,GB,11,8,15,0.7916666666666666,48,5.0,4,5.0
2025,GB,12,6,13,0.7708333333333334,48,4.0,3,4.0
2025,GB,13,6,13,0.7291666666666666,48,5.0,4,5.0
2025,GB,14,7,15,0.8125,48,5.0,4,5.0
2025,GB,15,8,16,0.8125,48,5.0,4,5.0
2025,GB,16,7,15,0.7708333333333334,48,3.0,3,4.0
2025,GB,17,6,14,0.7708333333333334,48,3.0,3,3.0
2025,GB,18,5,12,0.7083333333333334,48,1.75,2,2.0
2025,GB,19,7,16,0.75,48,3.75,4,4.0
2025,HOU,1,7,18,0.8541666666666666,48,6.5,8,5.0
2025,HOU,2,7,19,0.8367346938775511,49,6.5,8,5.0
2025,HOU,3,7,18,0.8125,48,6.5,8,5.0
2025,HOU,4,7,18,0.7916666666666666,48,5.5,8,5.0
2025,HOU,5,8,20,0.8333333333333334,48,5.5,8,5.0
2025,HOU,7,7,17,0.7916666666666666,48,6.25,8,5.0
2025,HOU,8,7,17,0.8125,48,5.25,7,4.0
2025,HOU,9,7,19,0.8333333333333334,48,6.25,8,5.0
2025,HOU,10,6,15,0.8125,48,6.25,7,4.0
2025,HOU,11,6,14,0.7708333333333334,48,5.5,7,4.0
2025,HOU,12,5,14,0.75,48,5.5,6,4.0
2025,HOU,13,6,16,0.7916666666666666,48,5.5,7,5.0
2025,HOU,14,6,16,0.7708333333333334,48,5.5,7,5.0
2025,HOU,15,6,15,0.7708333333333334,48,4.5,6,5.0
2025,HOU,16,6,16,0.7708333333333334,48,5.5,7,5.0
2025,HOU,17,6,14,0.7916666666666666,48,5.5,7,5.0
2025,HOU,18,6,13,0.75,48,3.5,5,4.0
2025,HOU,19,6,14,0.7916666666666666,48,5.5,7,5.0
2025,HOU,20,6,15,0.7916666666666666,48,5.25,6,4.0
2025,IND,1,7,14,0.75,48,6.75,8,0.0
2025,IND,2,6,14,0.75,48,5.75,7,0.0
2025,IND,3,7,14,0.7291666666666666,48,6.75,8,0.0
2025,IND,4,7,14,0.7083333333333334,48,6.75,7,0.0
2025,IND,5,7,14,0.7083333333333334,48,6.0,6,0.0
2025,IND,6,6,12,0.75,48,6.0,6,0.0
2025,IND,7,7,15,0.7708333333333334,48,4.25,6,0.0
2025,IND,8,6,13,0.7083333333333334,48,5.0,6,0.0
2025,IND,9,7,14,0.7291666666666666,48,5.0,6,0.0
2025,IND,10,7,13,0.7291666666666666,48,5.25,6,0.0
2025,IND,12,7,14,0.75,48,6.25,7,0.0
2025,IND,13,7,14,0.75,48,6.5,7,0.0
2025,IND,14,6,12,0.75,48,4.5,6,0.0
2025,IND,15,6,12,0.75,48,5.0,5,0.0
2025,IND,16,7,13,0.7291666666666666,48,5.75,6,0.0
2025,IND,17,7,12,0.7916666666666666,48,5.75,6,0.0
2025,IND,18,5,11,0.7291666666666666,48,4.25,5,0.0
2025,JAX,1,10,16,0.8333333333333334,48,4.5,5,2.0
2025,JAX,2,10,17,0.8333333333333334,48,4.5,5,2.0
2025,JAX,3,9,16,0.8333333333333334,48,4.5,5,2.0
2025,JAX,4,9,16,0.7916666666666666,48,4.5,5,2.0
2025,JAX,5,8,15,0.7916666666666666,48,4.5,5,2.0
2025,JAX,6,10,15,0.7916666666666666,48,4.5,5,2.0
2025,JAX,7,9,14,0.7916666666666666,48,4.5,5,2.0
2025,JAX,9,8,13,0.75,48,4.0,5,2.0
2025,JAX,10,8,11,0.7083333333333334,48,3.0,4,1.0
2025,JAX,11,7,11,0.6875,48,3.0,4,1.0
2025,JAX,12,6,12,0.6875,48,3.0,4,1.0
2025,JAX,13,7,13,0.7021276595744681,47,4.0,5,2.0
2025,JAX,14,9,12,0.7291666666666666,48,4.5,5,2.0
2025,JAX,15,9,12,0.7291666666666666,48,4.5,5,2.0
2025,JAX,16,9,14,0.75,48,4.5,5,2.0
2025,JAX,17,9,15,0.75,48,4.5,5,2.0
2025,JAX,18,9,13,0.75,48,4.5,5,2.0
2025,JAX,19,9,13,0.7083333333333334,48,4.5,5,2.0
2025,KC,1,7,16,0.8333333333333334,48,5.5,6,4.0
2025,KC,2,6,16,0.8125,48,5.5,6,4.0
2025,KC,3,6,15,0.7916666666666666,48,5.5,6,4.0
2025,KC,4,7,16,0.8125,48,5.5,6,4.0
2025,KC,5,7,15,0.8333333333333334,48,5.5,6,4.0
2025,KC,6,6,15,0.8333333333333334,48,5.5,6,4.0
2025,KC,7,6,16,0.8541666666666666,48,5.5,6,4.0
2025,KC,8,6,15,0.8333333333333334,48,5.5,5,4.0
2025,KC,9,7,16,0.8125,48,5.5,6,4.0
2025,KC,11,7,17,0.8125,48,5.5,6,4.0
2025,KC,12,8,18,0.8125,48,5.5,6,4.0
2025,KC,13,7,16,0.8333333333333334,48,5.5,5,4.0
2025,KC,14,6,14,0.8333333333333334,48,5.5,5,4.0
2025,KC,15,4,13,0.7916666666666666,48,4.5,5,3.0
2025,KC,16,4,11,0.7708333333333334,48,3.5,5,2.0
2025,KC,17,4,11,0.75,48,3.5,4,2.0
2025,KC,18,2,9,0.7291666666666666,48,3.5,3,2.0
2025,LA,1,4,11,0.7291666666666666,48,5.75,5,4.0
2025,LA,2,3,9,0.7291666666666666,48,5.75,5,4.0
2025,LA,3,3,8,0.7291666666666666,48,5.75,5,4.0
2025,LA,4,3,9,0.7291666666666666,48,5.75,5,4.0
2025,LA,5,4,10,0.7291666666666666,48,5.75,5,4.0
2025,LA,6,4,9,0.7083333333333334,48,5.75,5,4.0
2025,LA,7,4,10,0.7083333333333334,48,4.75,4,3.0
2025,LA,9,4,11,0.7083333333333334,48,5.0,5,4.0
2025,LA,10,3,10,0.6875,48,5.75,5,4.0
2025,LA,11,3,10,0.6875,48,5.75,5,4.0
2025,LA,12,4,10,0.6458333333333334,48,5.75,5,4.0
2025,LA,13,4,9,0.6875,48,5.75,5,4.0
2025,LA,14,4,9,0.7083333333333334,48,5.0,5,4.0
2025,LA,15,4,10,0.6875,48,5.75,5,4.0
2025,LA,16,4,9,0.6875,48,4.75,4,4.0
2025,LA,17,4,10,0.7291666666666666,48,3.0,4,4.0
2025,LA,18,4,9,0.6875,48,3.0,4,4.0
2025,LA,19,4,10,0.7291666666666666,48,4.0,5,4.0
2025,LA,20,3,9,0.6875,48,5.75,5,4.0
2025,LA,21,4,10,0.6875,48,5.75,5,4.0
2025,LAC,1,11,16,0.8541666666666666,48,3.75,6,4.0
2025,LAC,2,11,15,0.8125,48,3.75,5,4.0
2025,LAC,3,10,14,0.7708333333333334,48,3.0,4,3.0
2025,LAC,4,8,12,0.7708333333333334,48,2.0,3,3.0
2025,LAC,5,9,13,0.7916666666666666,48,2.0,3,3.0
2025,LAC,6,7,11,0.7708333333333334,48,3.0,3,3.0
2025,LAC,7,9,14,0.7916666666666666,48,4.75,5,4.0
2025,LAC,8,10,15,0.7708333333333334,48,4.75,5,4.0
2025,LAC,9,9,14,0.75,48,3.75,5,4.0
2025,LAC,10,10,15,0.7916666666666666,48,4.5,6,4.0
2025,LAC,11,10,15,0.8125,48,4.5,6,4.0
2025,LAC,13,10,15,0.8125,48,4.5,6,4.0
2025,LAC,14,11,16,0.8541666666666666,48,4.5,6,4.0
2025,LAC,15,10,16,0.8541666666666666,48,4.25,6,4.0
2025,LAC,16,10,16,0.8541666666666666,48,4.25,6,4.0
2025,LAC,17,11,16,0.7916666666666666,48,4.25,5,4.0
2025,LAC,18,8,12,0.8125,48,3.5,3,2.0
2025,LAC,19,10,15,0.8125,48,4.5,6,4.0
2025,LV,1,9,14,0.8125,48,6.25,6,2.0
2025,LV,2,8,12,0.8125,48,6.25,6,2.0
2025,LV,3,8,13,0.7916666666666666,48,6.25,6,2.0
2025,LV,4,8,12,0.7708333333333334,48,7.25,7,2.0
2025,LV,5,5,9,0.75,48,5.5,6,1.0
2025,LV,6,6,11,0.7291666666666666,48,5.5,6,1.0
2025,LV,7,6,11,0.7291666666666666,48,5.5,6,1.0
2025,LV,9,7,12,0.7083333333333334,48,7.0,7,2.0
2025,LV,10,7,13,0.7708333333333334,48,7.0,7,2.0
2025,LV,11,8,13,0.7708333333333334,48,7.0,7,2.0
2025,LV,12,7,12,0.75,48,7.0,7,2.0
2025,LV,13,7,11,0.75,48,7.0,7,2.0
2025,LV,14,7,11,0.7083333333333334,48,7.0,7,2.0
2025,LV,15,7,11,0.75,48,7.0,6,2.0
2025,LV,16,7,12,0.7083333333333334,48,7.0,7,2.0
2025,LV,17,6,9,0.7083333333333334,48,4.0,4,0.0
2025,LV,18,7,10,0.7291666666666666,48,4.0,3,0.0
2025,MIA,1,10,16,0.7291666666666666,48,4.5,7,2.0
2025,MIA,2,10,15,0.75,48,4.5,7,2.0
2025,MIA,3,10,14,0.7083333333333334,48,4.5,7,2.0
2025,MIA,4,10,15,0.75,48,5.25,8,2.0
2025,MIA,5,10,15,0.7291666666666666,48,4.25,7,1.0
2025,MIA,6,10,15,0.7291666666666666,48,4.25,7,1.0
2025,MIA,7,9,14,0.7291666666666666,48,3.25,6,1.0
2025,MIA,8,10,14,0.7291666666666666,48,3.5,6,1.0
2025,MIA,9,10,14,0.7083333333333334,48,3.5,6,1.0
2025,MIA,10,8,12,0.7083333333333334,48,3.5,6,1.0
2025,MIA,11,9,13,0.7083333333333334,48,3.5,6,1.0
2025,MIA,13,10,14,0.75,48,4.25,7,1.0
2025,MIA,14,10,14,0.75,48,4.25,7,1.0
2025,MIA,15,10,14,0.75,48,4.25,7,1.0
2025,MIA,16,8,12,0.7291666666666666,48,2.25,4,0.0
2025,MIA,17,8,11,0.75,48,2.25,4,0.0
2025,MIA,18,5,8,0.6458333333333334,48,1.5,3,0.0
2025,MIN,1,9,11,0.6875,48,9.5,11,3.0
2025,MIN,2,8,10,0.6458333333333334,48,8.5,10,2.0
2025,MIN,3,9,12,0.625,48,9.25,10,3.0
2025,MIN,4,10,13,0.6458333333333334,48,9.0,10,2.0
2025,MIN,5,9,11,0.6041666666666666,48,8.25,8,2.0
2025,MIN,7,10,12,0.6041666666666666,48,8.25,9,2.0
2025,MIN,8,10,11,0.625,48,8.25,9,2.0
2025,MIN,9,9,11,0.625,48,8.75,11,3.0
2025,MIN,10,9,11,0.5833333333333334,48,8.75,11,3.0
2025,MIN,11,9,11,0.625,48,7.75,10,2.0
2025,MIN,12,10,12,0.6458333333333334,48,8.5,11,2.0
2025,MIN,13,7,9,0.6041666666666666,48,9.0,12,3.0
2025,MIN,14,10,12,0.625,48,9.0,12,3.0
2025,MIN,15,9,11,0.6458333333333334,48,9.0,12,3.0
2025,MIN,16,9,11,0.6041666666666666,48,7.0,10,2.0
2025,MIN,17,6,7,0.5833333333333334,48,6.25,8,2.0
2025,MIN,18,7,9,0.5833333333333334,48,6.25,8,2.0
2025,NE,1,4,11,0.8125,48,5.25,4,0.0
2025,NE,2,4,10,0.7916666666666666,48,5.25,4,0.0
2025,NE,3,4,11,0.8125,48,5.25,4,0.0
2025,NE,4,5,12,0.7916666666666666,48,6.25,4,1.0
2025,NE,5,4,12,0.7916666666666666,48,6.25,4,1.0
2025,NE,6,5,12,0.7291666666666666,48,5.5,4,1.0
2025,NE,7,5,13,0.75,48,5.5,4,1.0
2025,NE,8,5,12,0.7708333333333334,48,5.5,4,1.0
2025,NE,9,5,11,0.7142857142857143,49,5.5,4,1.0
2025,NE,10,5,11,0.7083333333333334,48,5.5,4,1.0
2025,NE,11,5,11,0.6595744680851063,47,5.5,4,1.0
2025,NE,12,5,10,0.7083333333333334,48,5.5,4,1.0
2025,NE,13,4,10,0.6875,48,4.5,3,1.0
2025,NE,15,4,10,0.7083333333333334,48,5.5,4,1.0
2025,NE,16,4,10,0.75,48,5.5,4,1.0
2025,NE,17,4,9,0.6666666666666666,48,5.5,3,1.0
2025,NE,18,5,10,0.7083333333333334,48,5.5,3,1.0
2025,NE,19,5,11,0.7083333333333334,48,5.5,4,1.0
2025,NE,20,5,11,0.7291666666666666,48,5.5,4,1.0
2025,NE,21,5,10,0.75,48,5.5,3,1.0
2025,NE,22,5,11,0.75,48,5.5,4,1.0
2025,NO,1,7,13,0.75,48,4.5,5,0.0
2025,NO,2,7,13,0.7708333333333334,48,4.5,5,0.0
2025,NO,3,7,12,0.6875,48,4.5,5,0.0
2025,NO,4,8,13,0.75,48,4.5,5,0.0
2025,NO,5,7,13,0.7083333333333334,48,4.5,5,0.0
2025,NO,6,9,15,0.7291666666666666,48,5.25,6,0.0
2025,NO,7,9,15,0.75,48,5.25,6,0.0
2025,NO,8,9,14,0.7291666666666666,48,5.25,5,0.0
2025,NO,9,9,14,0.7083333333333334,48,5.25,5,0.0
2025,NO,10,7,13,0.7291666666666666,48,4.25,4,0.0
2025,NO,12,6,12,0.6875,48,4.25,4,0.0
2025,NO,13,7,13,0.7083333333333334,48,3.5,3,0.0
2025,NO,14,6,12,0.7083333333333334,48,3.5,3,0.0
2025,NO,15,7,13,0.7083333333333334,48,3.5,3,0.0
2025,NO,16,6,12,0.6875,48,3.5,3,0.0
2025,NO,17,5,11,0.7083333333333334,48,3.5,3,0.0
2025,NO,18,5,11,0.75,48,4.5,3,0.0
2025,NYG,1,10,14,0.7222222222222222,54,5.25,4,2.0
2025,NYG,2,7,11,0.6875,48,4.25,4,2.0
2025,NYG,3,8,12,0.6666666666666666,48,5.25,4,2.0
2025,NYG,4,8,12,0.6666666666666666,48,5.25,4,2.0
2025,NYG,5,7,11,0.7083333333333334,48,5.25,3,1.0
2025,NYG,6,7,11,0.7083333333333334,48,5.25,3,1.0
2025,NYG,7,7,10,0.7083333333333334,48,5.25,3,1.0
2025,NYG,8,7,10,0.6666666666666666,48,4.25,3,1.0
2025,NYG,9,8,11,0.7083333333333334,48,5.0,3,1.0
2025,NYG,10,7,10,0.7083333333333334,48,6.75,4,1.0
2025,NYG,11,6,9,0.6666666666666666,48,6.0,4,1.0
2025,NYG,12,5,8,0.6875,48,6.0,4,1.0
2025,NYG,13,7,11,0.6875,48,5.5,3,1.0
2025,NYG,15,7,11,0.6875,48,4.75,3,1.0
2025,NYG,16,7,11,0.6666666666666666,48,4.75,2,1.0
2025,NYG,17,6,8,0.5833333333333334,48,3.75,2,1.0
2025,NYG,18,6,6,0.5416666666666666,48,2.75,2,1.0
2025,NYJ,1,8,13,0.8125,48,4.5,3,1.0
2025,NYJ,2,8,13,0.75,48,3.5,3,1.0
2025,NYJ,3,6,11,0.7291666666666666,48,3.5,2,1.0
2025,NYJ,4,7,12,0.7708333333333334,48,2.5,2,1.0
2025,NYJ,5,7,12,0.8125,48,2.5,2,1.0
2025,NYJ,6,8,13,0.7916666666666666,48,3.5,3,1.0
2025,NYJ,7,7,12,0.7708333333333334,48,3.5,3,1.0
2025,NYJ,8,6,11,0.75,48,2.5,2,1.0
2025,NYJ,10,7,13,0.7708333333333334,48,2.5,1,0.0
2025,NYJ,11,6,13,0.7916666666666666,48,2.5,1,0.0
2025,NYJ,12,5,12,0.7708333333333334,48,2.5,1,0.0
2025,NYJ,13,5,12,0.75,48,2.5,1,0.0
2025,NYJ,14,4,11,0.7708333333333334,48,2.5,1,0.0
2025,NYJ,15,4,10,0.7083333333333334,48,2.5,1,0.0
2025,NYJ,16,4,9,0.7291666666666666,48,2.5,1,0.0
2025,NYJ,17,3,8,0.6875,48,2.5,1,0.0
2025,NYJ,18,4,8,0.625,48,2.5,1,0.0
2025,PHI,1,10,20,0.8541666666666666,48,10.0,9,9.0
2025,PHI,2,10,19,0.8958333333333334,48,10.75,10,9.0
2025,PHI,3,10,20,0.8958333333333334,48,10.75,10,9.0
2025,PHI,4,8,18,0.9166666666666666,48,10.75,10,9.0
2025,PHI,5,9,20,0.9183673469387755,49,10.75,10,9.0
2025,PHI,6,8,18,0.8958333333333334,48,8.75,8,8.0
2025,PHI,7,9,19,0.875,48,10.0,9,9.0
2025,PHI,8,8,16,0.875,48,9.0,7,8.0
2025,PHI,10,12,19,0.875,48,10.5,9,9.0
2025,PHI,11,12,20,0.875,48,10.5,10,9.0
2025,PHI,12,11,19,0.875,48,9.5,9,8.0
2025,PHI,13,11,17,0.8541666666666666,48,9.5,9,8.0
2025,PHI,14,10,16,0.8541666666666666,48,8.5,8,7.0
2025,PHI,15,10,16,0.8541666666666666,48,8.5,8,7.0
2025,PHI,16,10,16,0.8333333333333334,48,8.5,8,7.0
2025,PHI,17,11,17,0.8541666666666666,48,9.5,9,8.0
2025,PHI,18,9,15,0.8541666666666666,48,7.5,7,7.0
2025,PHI,19,11,17,0.875,48,9.5,9,8.0
2025,PIT,1,7,14,0.8333333333333334,48,8.5,10,4.0
2025,PIT,2,8,14,0.8125,48,8.5,10,4.0
2025,PIT,3,9,15,0.8333333333333334,48,7.5,10,4.0
2025,PIT,4,9,15,0.8541666666666666,48,7.5,10,4.0
2025,PIT,6,9,16,0.8125,48,8.5,10,4.0
2025,PIT,7,9,16,0.8125,48,7.5,9,4.0
2025,PIT,8,9,16,0.8125,48,7.5,9,4.0
2025,PIT,9,8,16,0.8333333333333334,48,7.5,9,4.0
2025,PIT,10,9,17,0.8333333333333334,48,7.5,9,4.0
2025,PIT,11,9,15,0.7916666666666666,48,5.5,8,4.0
2025,PIT,12,8,15,0.8125,48,5.75,8,4.0
2025,PIT,13,8,15,0.8125,48,6.5,9,4.0
2025,PIT,14,8,14,0.8125,48,7.0,9,4.0
2025,PIT,15,6,13,0.8333333333333334,48,7.0,8,3.0
2025,PIT,16,8,15,0.7916666666666666,48,7.0,8,3.0
2025,PIT,17,8,14,0.7916666666666666,48,6.25,7,3.0
2025,PIT,18,9,15,0.7916666666666666,48,6.25,8,4.0
2025,PIT,19,9,16,0.7916666666666666,48,7.0,9,4.0
2025,SEA,1,7,16,0.8125,48,5.5,9,2.0
2025,SEA,2,6,15,0.7708333333333334,48,4.5,8,2.0
2025,SEA,3,6,14,0.75,48,4.5,7,2.0
2025,SEA,4,7,16,0.75,48,5.5,9,2.0
2025,SEA,5,6,15,0.75,48,3.75,6,2.0
2025,SEA,6,6,15,0.7291666666666666,48,4.5,6,2.0
2025,SEA,7,6,15,0.75,48,4.5,7,2.0
2025,SEA,9,7,17,0.7291666666666666,48,4.75,7,2.0
2025,SEA,10,7,16,0.7083333333333334,48,6.5,9,2.0
2025,SEA,11,7,16,0.7291666666666666,48,6.5,9,2.0
2025,SEA,12,7,16,0.6875,48,6.5,9,2.0
2025,SEA,13,7,16,0.7346938775510204,49,7.25,10,2.0
2025,SEA,14,7,17,0.7291666666666666,48,6.5,10,2.0
2025,SEA,15,7,16,0.7083333333333334,48,6.5,10,2.0
2025,SEA,16,6,16,0.7291666666666666,48,6.5,10,2.0
2025,SEA,17,6,15,0.6875,48,6.5,10,2.0
2025,SEA,18,6,16,0.7083333333333334,48,6.5,10,2.0
2025,SEA,20,7,16,0.7083333333333334,48,6.5,10,2.0
2025,SEA,21,7,16,0.7083333333333334,48,6.5,10,2.0
2025,SEA,22,7,17,0.75,48,6.5,10,2.0
2025,SF,1,6,10,0.8541666666666666,48,6.5,8,5.0
2025,SF,2,6,10,0.7916666666666666,48,5.5,6,4.0
2025,SF,3,6,10,0.7291666666666666,48,5.5,6,4.0
2025,SF,4,6,9,0.7708333333333334,48,4.5,6,3.0
2025,SF,5,4,8,0.7291666666666666,48,4.5,5,3.0
2025,SF,6,4,7,0.75,48,4.5,5,3.0
2025,SF,7,4,7,0.7291666666666666,48,4.5,5,3.0
2025,SF,8,4,7,0.7708333333333334,48,4.5,5,3.0
2025,SF,9,5,9,0.7916666666666666,48,4.5,5,3.0
2025,SF,10,4,7,0.75,48,4.5,5,3.0
2025,SF,11,4,8,0.7916666666666666,48,4.5,6,3.0
2025,SF,12,5,9,0.8125,48,5.25,7,3.0
2025,SF,13,5,9,0.8333333333333334,48,5.25,7,3.0
2025,SF,15,5,9,0.7916666666666666,48,4.5,6,3.0
2025,SF,16,5,10,0.8125,48,5.25,6,3.0
2025,SF,17,5,10,0.8125,48,4.25,5,2.0
2025,SF,18,3,9,0.8125,48,4.25,5,2.0
2025,SF,19,4,10,0.7916666666666666,48,5.25,6,3.0
2025,SF,20,5,11,0.7916666666666666,48,4.25,5,2.0
2025,TB,1,8,17,0.7916666666666666,48,5.5,5,3.0
2025,TB,2,8,17,0.7916666666666666,48,5.5,5,3.0
2025,TB,3,7,14,0.7291666666666666,48,5.5,5,3.0
2025,TB,4,7,14,0.75,48,6.0,5,4.0
2025,TB,5,7,13,0.7083333333333334,48,6.0,5,4.0
2025,TB,6,7,13,0.6875,48,5.5,5,4.0
2025,TB,7,8,15,0.75,48,6.5,6,4.0
2025,TB,8,6,13,0.7291666666666666,48,4.5,4,4.0
2025,TB,10,6,14,0.75,48,4.5,4,4.0
2025,TB,11,6,14,0.7291666666666666,48,4.5,4,4.0
2025,TB,12,6,13,0.7083333333333334,48,5.0,4,4.0
2025,TB,13,7,14,0.7708333333333334,48,6.0,5,4.0
2025,TB,14,6,13,0.75,48,5.0,4,3.0
2025,TB,15,8,16,0.75,48,7.0,6,4.0
2025,TB,16,9,17,0.7916666666666666,48,7.5,7,4.0
2025,TB,17,8,15,0.7916666666666666,48,6.5,6,3.0
2025,TB,18,10,17,0.7916666666666666,48,7.5,7,4.0
2025,TEN,1,6,11,0.7916666666666666,48,5.5,5,0.0
2025,TEN,2,5,9,0.7083333333333334,48,5.5,5,0.0
2025,TEN,3,4,8,0.75,48,5.0,4,0.0
2025,TEN,4,5,9,0.7083333333333334,48,5.5,5,0.0
2025,TEN,5,5,9,0.7708333333333334,48,5.5,5,0.0
2025,TEN,6,6,10,0.7708333333333334,48,5.5,5,0.0
2025,TEN,7,5,9,0.75,48,4.75,5,0.0
2025,TEN,8,4,8,0.7291666666666666,48,3.25,4,0.0
2025,TEN,9,4,7,0.7291666666666666,48,3.25,4,0.0
2025,TEN,11,6,9,0.7083333333333334,48,4.25,4,0.0
2025,TEN,12,5,8,0.7291666666666666,48,3.5,4,0.0
2025,TEN,13,6,9,0.7083333333333334,48,3.5,4,0.0
2025,TEN,14,6,9,0.7083333333333334,48,3.5,4,0.0
2025,TEN,15,6,9,0.7083333333333334,48,3.5,4,0.0
2025,TEN,16,6,9,0.7291666666666666,48,3.5,4,0.0
2025,TEN,17,6,9,0.7291666666666666,48,3.5,4,0.0
2025,TEN,18,6,8,0.6666666666666666,48,3.5,4,0.0
2025,WAS,1,9,18,0.7636363636363637,55,11.25,13,5.0
2025,WAS,2,9,18,0.7916666666666666,48,11.25,13,5.0
2025,WAS,3,8,17,0.75,48,10.25,12,4.0
2025,WAS,4,9,18,0.7291666666666666,48,9.25,11,3.0
2025,WAS,5,10,20,0.75,48,9.25,12,4.0
2025,WAS,6,10,19,0.7291666666666666,48,9.25,12,4.0
2025,WAS,7,10,20,0.75,48,8.5,11,4.0
2025,WAS,8,8,19,0.7916666666666666,48,9.5,11,4.0
2025,WAS,9,10,21,0.7916666666666666,48,9.25,12,4.0
2025,WAS,10,9,20,0.75,48,8.75,10,3.0
2025,WAS,11,7,16,0.75,48,7.75,9,3.0
2025,WAS,13,8,18,0.7708333333333334,48,9.0,9,4.0
2025,WAS,14,9,20,0.7916666666666666,48,9.0,11,5.0
2025,WAS,15,8,17,0.7916666666666666,48,8.5,10,4.0
2025,WAS,16,7,16,0.75,48,7.5,9,3.0
2025,WAS,17,5,13,0.6875,48,5.75,7,3.0
2025,WAS,18,6,14,0.6458333333333334,48,7.5,8,3.0
2026,ARI,1,7,15,0.6704545454545454,88,4.75,7,
2026,ATL,1,13,21,0.6444444444444445,90,7.75,5,
2026,BAL,1,10,16,0.6222222222222222,90,10.25,11,
2026,BUF,1,7,18,0.6292134831460674,89,6.75,7,
2026,CAR,1,11,19,0.6222222222222222,90,4.0,4,
2026,CHI,1,9,20,0.5617977528089888,89,6.25,5,
2026,CIN,1,9,22,0.6333333333333333,90,3.75,7,
2026,CLE,1,9,18,0.550561797752809,89,3.0,5,
2026,DAL,1,10,16,0.5842696629213483,89,10.0,12,
2026,DEN,1,7,12,0.5617977528089888,89,11.5,9,
2026,DET,1,11,20,0.5909090909090909,88,11.0,9,
2026,GB,1,7,17,0.6333333333333333,90,7.5,6,
2026,HOU,1,5,16,0.6179775280898876,89,6.25,9,
2026,IND,1,9,14,0.5730337078651685,89,6.0,7,
2026,JAX,1,7,13,0.5666666666666667,90,6.5,5,
2026,KC,1,9,19,0.5333333333333333,90,3.75,5,
2026,LA,1,4,9,0.5119047619047619,84,9.5,6,
2026,LAC,1,13,20,0.5393258426966292,89,6.75,12,
2026,LV,1,8,13,0.5632183908045977,87,5.5,6,
2026,MIA,1,7,17,0.5888888888888889,90,4.0,1,
2026,MIN,1,10,13,0.4444444444444444,90,7.25,7,
2026,NE,1,5,11,0.5168539325842697,89,8.25,6,
2026,NO,1,11,18,0.6444444444444445,90,2.75,2,
2026,NYG,1,14,19,0.6666666666666666,90,6.0,4,
2026,NYJ,1,9,17,0.6067415730337079,89,5.25,4,
2026,PHI,1,11,21,0.7272727272727273,88,10.75,12,
2026,PIT,1,11,20,0.6404494382022472,89,6.75,7,
2026,SEA,1,10,19,0.6,90,8.0,9,
2026,SF,1,8,13,0.6704545454545454,88,7.0,11,
2026,TB,1,7,14,0.5444444444444444,90,5.5,5,
2026,TEN,1,10,15,0.6111111111111112,90,5.0,6,
2026,WAS,1,10,18,0.6111111111111112,90,6.0,7,
